station,valid,lon,lat,metar
CYAW,2023-01-05 10:00,-63.4994,44.6397,CYAW 051000Z 04008KT 7SM -SN FEW009 OVC050 M02/M02 A3016 RMK SF1SC7 DENSITY ALT -2123FT FST OBS SLP215
CYAW,2023-01-05 11:00,-63.4994,44.6397,CYAW 051100Z 04009G15KT 3SM -SN FEW009 OVC021 M02/M03 A3020 RMK SF1SC7 DENSITY ALT -2223FT SLP228
CYAW,2023-01-05 12:00,-63.4994,44.6397,CYAW 051200Z 05009G15KT 9SM -PL FEW045 OVC066 M02/M04 A3019 RMK SC2AC6 DENSITY ALT -2201FT SLP226
CYAW,2023-01-05 12:24,-63.4994,44.6397,CYAW 051224Z 05008KT 15SM FEW021 FEW045 OVC078 M02/M04 A3018 RMK SC1SC2AC6 DENSITY ALT -2178FT SLP222
CYAW,2023-01-05 12:36,-63.4994,44.6397,CYAW 051236Z 05013G18KT 15SM -PL FEW039 OVC077 M02/M04 A3018 RMK SC2AC6 DENSITY ALT -2168FT SLP223
CYAW,2023-01-05 13:00,-63.4994,44.6397,CYAW 051300Z 04012KT 15SM -PL FEW040 BKN053 OVC075 M02/M04 A3019 RMK SC2SC4AC2 DENSITY ALT -2179FT SLP227
CYAW,2023-01-05 13:26,-63.4994,44.6397,CYAW 051326Z 04008KT 9SM -SNPL SCT040 OVC049 M02/M04 A3020 RMK SC3SC5 DENSITY ALT -2163FT SLP229
CYAW,2023-01-05 14:00,-63.4994,44.6397,CYAW 051400Z 05011KT 6SM -SNPL SCT040 OVC055 M02/M05 A3022 RMK SC3SC5 DENSITY ALT -2202FT SLP236
CYAW,2023-01-05 15:00,-63.4994,44.6397,CYAW 051500Z 05009KT 15SM FEW043 OVC054 M02/M03 A3020 RMK SC2SC6 DENSITY ALT -2131FT SLP228
CYAW,2023-01-05 16:00,-63.4994,44.6397,CYAW 051600Z 08005KT 15SM SCT020 BKN042 OVC055 M02/M03 A3018 RMK SC3SC2SC3 DENSITY ALT -2109FT SLP221
CYAW,2023-01-05 16:31,-63.4994,44.6397,CYAW 051631Z 07009KT 15SM -SN FEW020 BKN052 OVC060 M01/M04 A3018 RMK SC1SC5SC2 DENSITY ALT -2091FT PCPN VRY LGT SLP221
CYAW,2023-01-05 17:00,-63.4994,44.6397,CYAW 051700Z 05010KT 8SM -SNPL BKN045 OVC052 M01/M04 A3016 RMK SC6SC2 DENSITY ALT -2080FT LAST OBS /NEXT 061000 UTC SLP215
CYAW,2023-01-06 10:00,-63.4994,44.6397,CYAW 061000Z 02011KT 2 1/2SM -FZDZ BR BKN004 OVC011 M01/M01 A2998 RMK SF7SC1 DENSITY ALT -1737FT FST OBS SLP154
CYAW,2023-01-06 10:28,-63.4994,44.6397,CYAW 061028Z 02010G15KT 3SM BR BKN005 OVC011 M01/M01 A2996 RMK SF6SC2 DENSITY ALT -1741FT SLP148
CYAW,2023-01-06 11:00,-63.4994,44.6397,CYAW 061100Z 02009KT 15SM BKN006 OVC015 M01/M01 A2998 RMK SF6SC2 DENSITY ALT -1804FT SLP153
CYAW,2023-01-06 12:00,-63.4994,44.6397,CYAW 061200Z 02009G16KT 15SM BKN008 OVC016 M01/M01 A2999 RMK SF5SC3 DENSITY ALT -1816FT SLP157
CYAW,2023-01-06 13:00,-63.4994,44.6397,CYAW 061300Z 03011KT 12SM SCT008 OVC031 M01/M01 A2999 RMK SF3SC5 DENSITY ALT -1816FT SLP157
CYAW,2023-01-06 13:32,-63.4994,44.6397,CYAW 061332Z 03009G16KT 12SM -FZDZ BKN008 OVC052 M01/M01 A2999 RMK SF5SC3 DENSITY ALT -1789FT SLP157
CYAW,2023-01-06 14:00,-63.4994,44.6397,CYAW 061400Z 02009G16KT 12SM -FZDZ BKN007 BKN031 OVC046 M01/M01 A2999 RMK SF6SC1SC1 DENSITY ALT -1749FT PCPN VRY LGT SLP157
CYAW,2023-01-06 15:00,-63.4994,44.6397,CYAW 061500Z 02008KT 9SM BKN009 OVC011 M00/M00 A3000 RMK SF7SC1 DENSITY ALT -1721FT SLP160
CYAW,2023-01-06 16:00,-63.4994,44.6397,CYAW 061600Z 03012KT 9SM BKN009 OVC015 M00/M00 A2997 RMK SF5SC3 DENSITY ALT -1660FT LAST OBS /NEXT 091000 UTC SLP151
CYAW,2023-01-09 10:00,-63.4994,44.6397,CYAW 091000Z 23011G17KT 15SM BKN230 M00/M02 A2996 RMK CC6 DENSITY ALT -1685FT FST OBS SLP148
CYAW,2023-01-09 11:00,-63.4994,44.6397,CYAW 091100Z 23011G18KT 15SM FEW030 BKN230 01/M02 A2996 RMK SC1CI5 DENSITY ALT -1554FT SLP147
CYAW,2023-01-09 12:00,-63.4994,44.6397,CYAW 091200Z 24013KT 15SM FEW030 FEW160 BKN230 01/M01 A2995 RMK SC1AC1CI5 DENSITY ALT -1541FT SLP144
CYAW,2023-01-09 13:00,-63.4994,44.6397,CYAW 091300Z 24011KT 15SM SCT034 BKN230 02/M01 A2995 RMK SC4CI1 DENSITY ALT -1411FT SLP145
CYAW,2023-01-09 14:00,-63.4994,44.6397,CYAW 091400Z 23010G16KT 15SM FEW034 FEW190 BKN230 03/M01 A2995 RMK SC1AC2CI5 DENSITY ALT -1222FT SLP144
CYAW,2023-01-09 15:00,-63.4994,44.6397,CYAW 091500Z 22009G15KT 15SM BKN037 BKN170 BKN230 03/M00 A2994 RMK SC5AC1CI1 DENSITY ALT -1209FT SLP142
CYAW,2023-01-09 16:00,-63.4994,44.6397,CYAW 091600Z 23010G16KT 15SM BKN035 BKN170 BKN230 04/M01 A2990 RMK SC5AC1CI1 DENSITY ALT -1064FT SLP128
CYAW,2023-01-09 17:00,-63.4994,44.6397,CYAW 091700Z 23010G15KT 15SM SCT035 BKN160 OVC230 04/M01 A2987 RMK SC3AS4CI1 DENSITY ALT -1044FT SLP118
CYAW,2023-01-09 18:00,-63.4994,44.6397,CYAW 091800Z 23007KT 15SM SCT035 BKN130 OVC230 04/M00 A2986 RMK SC3AS4CI1 DENSITY ALT -990FT SLP113
CYAW,2023-01-09 19:00,-63.4994,44.6397,CYAW 091900Z 23006KT 15SM SCT035 OVC120 04/00 A2984 RMK SC3AS5 DENSITY ALT -989FT SLP109
CYAW,2023-01-09 20:00,-63.4994,44.6397,CYAW 092000Z CCA 20002KT 15SM FEW035 SCT060 OVC090 04/01 A2983 RMK SC1SC3AS4 DENSITY ALT -975FT LAST OBS /NEXT 101000 UTC SLP103
CYAW,2023-01-10 10:00,-63.4994,44.6397,CYAW 101000Z 28005KT 9SM -DZ BKN004 OVC011 02/02 A2956 RMK SF7SC1 DENSITY ALT -943FT VIS LWR N FST OBS SLP011
CYAW,2023-01-10 10:25,-63.4994,44.6397,CYAW 101025Z 28010KT 12SM BKN005 OVC012 02/02 A2955 RMK SF7SC1 DENSITY ALT -931FT SLP010
CYAW,2023-01-10 11:00,-63.4994,44.6397,CYAW 101100Z 29008KT 12SM BKN006 OVC012 02/02 A2955 RMK SF7SC1 DENSITY ALT -931FT SLP009
CYAW,2023-01-10 11:28,-63.4994,44.6397,CYAW 101128Z 29013G19KT 15SM -SHRA BKN008 OVC020 01/00 A2957 RMK SF5SC3 DENSITY ALT -1076FT SLP014
CYAW,2023-01-10 11:47,-63.4994,44.6397,CYAW 101147Z 31014G20KT 15SM BKN013 BKN023 OVC030 00/M01 A2957 RMK SC5SC2SC1 DENSITY ALT -1145FT SLP015
CYAW,2023-01-10 12:00,-63.4994,44.6397,CYAW 101200Z 30014G19KT 12SM -SHSN BKN010 BKN025 OVC035 00/M01 A2958 RMK SC5SC2SC1 DENSITY ALT -1170FT SLP017
CYAW,2023-01-10 12:27,-63.4994,44.6397,CYAW 101227Z 30019G25KT 15SM BKN013 BKN022 BKN043 BKN220 M00/M02 A2959 RMK SC5SC1SC1CC1 DENSITY ALT -1228FT CC TR SLP023
CYAW,2023-01-10 13:00,-63.4994,44.6397,CYAW 101300Z 29017G24KT 15SM FEW019 BKN029 BKN050 BKN240 M00/M02 A2961 RMK SC2SC4SC1CI1 DENSITY ALT -1253FT VIS LWR SW CI TR SLP028
CYAW,2023-01-10 14:00,-63.4994,44.6397,CYAW 101400Z 29018G26KT 12SM -SHSN BKN025 M00/M03 A2963 RMK SC7 DENSITY ALT -1280FT PCPN VRY LGT SLP037
CYAW,2023-01-10 15:00,-63.4994,44.6397,CYAW 101500Z 31023G29KT 15SM -SHSN BKN019 OVC024 M01/M04 A2966 RMK SC7SC1 DENSITY ALT -1459FT PCPN VRY LGT SLP046
CYAW,2023-01-10 16:00,-63.4994,44.6397,CYAW 101600Z 29017G25KT 15SM BKN016 OVC030 M01/M04 A2967 RMK SC7SC1 DENSITY ALT -1471FT SLP050
CYAW,2023-01-10 17:00,-63.4994,44.6397,CYAW 101700Z 28020G26KT 15SM BKN023 M01/M06 A2969 RMK SC7 DENSITY ALT -1503FT SLP057
CYAW,2023-01-10 18:00,-63.4994,44.6397,CYAW 101800Z 31021G27KT 15SM BKN024 M01/M05 A2971 RMK SC5 DENSITY ALT -1448FT SLP063
CYAW,2023-01-10 18:53,-63.4994,44.6397,CYAW 101853Z 28019KT 15SM -SHSN SCT025 BKN045 M01/M05 A2974 RMK SC4SC2 DENSITY ALT -1509FT SLP072
CYAW,2023-01-10 19:00,-63.4994,44.6397,CYAW 101900Z 30016G22KT 15SM -SHSN SCT025 BKN045 M01/M05 A2974 RMK SC4SC2 DENSITY ALT -1494FT SLP073
CYAW,2023-01-10 20:00,-63.4994,44.6397,CYAW 102000Z 31012G17KT 15SM -SHSN BKN018 BKN035 M01/M04 A2978 RMK SC5SC2 DENSITY ALT -1561FT LAST OBS /NEXT 111100 UTC SLP086
CYAW,2023-01-11 11:00,-63.4994,44.6397,CYAW 111100Z 32004KT 15SM FEW040 M08/M10 A3018 RMK SC1 DENSITY ALT -3023FT FST OBS SLP222
CYAW,2023-01-11 12:00,-63.4994,44.6397,CYAW 111200Z 33009KT 15SM FEW040 FEW240 M08/M09 A3020 RMK SC1CI2 DENSITY ALT -2952FT CF ASOCTD SLP230
CYAW,2023-01-11 13:00,-63.4994,44.6397,CYAW 111300Z 32008KT 15SM FEW040 SCT240 M07/M09 A3022 RMK SC1CI2 DENSITY ALT -2869FT CF ASOCTD SLP236
CYAW,2023-01-11 14:00,-63.4994,44.6397,CYAW 111400Z 33007KT 15SM SCT040 BKN240 M06/M09 A3023 RMK SC3CI2 DENSITY ALT -2776FT CF ASOCTD SLP241
CYAW,2023-01-11 15:00,-63.4994,44.6397,CYAW 111500Z 34008KT 15SM FEW025 BKN250 M05/M09 A3024 RMK SC1CI5 DENSITY ALT -2682FT SLP242
CYAW,2023-01-11 16:00,-63.4994,44.6397,CYAW 111600Z 32008KT 15SM FEW025 SCT250 M05/M09 A3022 RMK CF1CI4 DENSITY ALT -2568FT SLP236
CYAW,2023-01-11 17:00,-63.4994,44.6397,CYAW 111700Z 33008KT 15SM FEW025 BKN250 M04/M10 A3022 RMK SC1CI6 DENSITY ALT -2467FT CONTRAILS SLP235
CYAW,2023-01-11 18:00,-63.4994,44.6397,CYAW 111800Z 32010KT 15SM FEW025 SCT240 M03/M11 A3023 RMK SC1CI3 DENSITY ALT -2417FT SLP239
CYAW,2023-01-11 19:00,-63.4994,44.6397,CYAW 111900Z 34010KT 15SM FEW025 FEW240 M03/M14 A3023 RMK SC1CI1 DENSITY ALT -2372FT SC TR SLP241
CYAW,2023-01-11 20:00,-63.4994,44.6397,CYAW 112000Z 32007KT 15SM FEW025 FEW240 M04/M15 A3027 RMK SC1CI1 DENSITY ALT -2511FT SLP253
CYAW,2023-01-11 21:00,-63.4994,44.6397,CYAW 112100Z 32007KT 15SM FEW025 FEW240 M05/M13 A3029 RMK SC1CI1 DENSITY ALT -2713FT SLP259
CYAW,2023-01-11 22:00,-63.4994,44.6397,CYAW 112200Z 34003KT 15SM FEW025 FEW240 M07/M12 A3030 RMK SC1CI1 DENSITY ALT -2932FT LAST OBS /NEXT 121100 UTC SLP264
CYAW,2023-01-12 11:00,-63.4994,44.6397,CYAW 121100Z 00000KT 15SM BKN110 BKN170 M10/M11 A3040 RMK AC5AS2 DENSITY ALT -3469FT FST OBS SLP299
CYAW,2023-01-12 12:00,-63.4994,44.6397,CYAW 121200Z 00000KT 15SM BKN130 BKN220 M10/M12 A3041 RMK AC5CI2 DENSITY ALT -3536FT SLP302
CYAW,2023-01-12 13:00,-63.4994,44.6397,CYAW 121300Z 00000KT 15SM FEW130 SCT220 M08/M11 A3042 RMK AS1CI2 DENSITY ALT -3278FT SLP306
CYAW,2023-01-12 14:00,-63.4994,44.6397,CYAW 121400Z 00000KT 15SM FEW130 SCT220 M06/M11 A3044 RMK AS1CI2 DENSITY ALT -3024FT SLP310
CYAW,2023-01-12 15:00,-63.4994,44.6397,CYAW 121500Z 00000KT 15SM FEW130 FEW180 BKN230 M05/M11 A3044 RMK AC1AS2CI4 DENSITY ALT -2827FT SLP310
CYAW,2023-01-12 16:00,-63.4994,44.6397,CYAW 121600Z 00000KT 15SM BKN100 BKN230 M04/M11 A3041 RMK AS6CI1 DENSITY ALT -2664FT SLP302
CYAW,2023-01-12 17:00,-63.4994,44.6397,CYAW 121700Z 17002KT 15SM BKN110 BKN230 M03/M11 A3039 RMK AS6CI1 DENSITY ALT -2549FT SLP295
CYAW,2023-01-12 18:00,-63.4994,44.6397,CYAW 121800Z 00000KT 15SM FEW110 SCT230 M02/M15 A3039 RMK AS2CI2 DENSITY ALT -2469FT SLP294
CYAW,2023-01-12 19:00,-63.4994,44.6397,CYAW 121900Z 17006KT 15SM FEW090 SCT250 M02/M11 A3038 RMK AC1CI4 DENSITY ALT -2460FT SLP292
CYAW,2023-01-12 20:00,-63.4994,44.6397,CYAW 122000Z 14005KT 15SM FEW090 BKN250 M03/M10 A3040 RMK AC1CI6 DENSITY ALT -2544FT SLP298
CYAW,2023-01-12 21:00,-63.4994,44.6397,CYAW 122100Z 12004KT 15SM FEW090 OVC250 M04/M10 A3040 RMK AC1CI8 DENSITY ALT -2648FT SLP298
CYAW,2023-01-12 22:00,-63.4994,44.6397,CYAW 122200Z 00000KT 15SM SCT250 M04/M09 A3038 RMK CI4 DENSITY ALT -2727FT SLP292
CYAW,2023-01-12 23:00,-63.4994,44.6397,CYAW 122300Z 00000KT 15SM SCT250 M05/M09 A3039 RMK CI4 DENSITY ALT -2844FT SLP295
CYAW,2023-01-13 00:00,-63.4994,44.6397,CYAW 130000Z 00000KT 15SM FEW180 BKN250 M05/M09 A3039 RMK AC1CI6 DENSITY ALT -2857FT SLP294
CYAW,2023-01-13 01:00,-63.4994,44.6397,CYAW 130100Z 00000KT 15SM FEW180 BKN250 M06/M09 A3040 RMK AC1CI5 DENSITY ALT -2973FT SLP298
CYAW,2023-01-13 01:16,-63.4994,44.6397,CYAW 130116Z 00000KT 15SM FEW160 BKN250 M05/M09 A3040 RMK AC2CI4 DENSITY ALT -2881FT LAST OBS/NXT 131200 UTC SLP299
CYAW,2023-01-13 12:00,-63.4994,44.6397,CYAW 131200Z 12012G21KT 4SM -RA BR OVC030 04/02 A3009 RMK SC8 DENSITY ALT -1289FT FST OBS SLP190
CYAW,2023-01-13 13:00,-63.4994,44.6397,CYAW 131300Z 11014G24KT 4SM -RA BR BKN010 OVC018 04/04 A3002 RMK SF5SC3 DENSITY ALT -1186FT PRESFR SLP168
CYAW,2023-01-13 13:29,-63.4994,44.6397,CYAW 131329Z 11016KT 3/4SM RA BR OVC007 04/04 A3000 RMK ST8 DENSITY ALT -1110FT SLP162
CYAW,2023-01-13 14:00,-63.4994,44.6397,CYAW 131400Z 12018KT 3/4SM RA BR OVC007 05/05 A2998 RMK ST8 DENSITY ALT -1020FT SLP155
CYAW,2023-01-13 14:19,-63.4994,44.6397,CYAW 131419Z 13006G21KT 1SM -RA BR OVC006 05/05 A2996 RMK ST8 DENSITY ALT -958FT CIG VRB 4-8 SLP149
CYAW,2023-01-13 14:33,-63.4994,44.6397,CYAW 131433Z 13017G22KT 3/4SM RA BR OVC006 06/06 A2995 RMK ST8 DENSITY ALT -840FT PRESFR CIG VRB 4-8 SLP143
CYAW,2023-01-13 14:41,-63.4994,44.6397,CYAW 131441Z 14024G30KT 1SM -RA BR OVC006 06/06 A2994 RMK ST8 DENSITY ALT -776FT PRESFR CIG VRB 4-8 SLP140
CYAW,2023-01-13 15:00,-63.4994,44.6397,CYAW 131500Z 15021G31KT 1 1/4SM -RA BR OVC009 07/07 A2991 RMK ST8 DENSITY ALT -662FT PRESFR CIG VRB 6-12 /R10/ SLP130
CYAW,2023-01-13 15:15,-63.4994,44.6397,CYAW 131515Z 16025G32KT 3SM -RA BR BKN008 OVC012 07/07 A2990 RMK SF6SC2 DENSITY ALT -599FT SLP127
CYAW,2023-01-13 16:00,-63.4994,44.6397,CYAW 131600Z 17024G32KT 3SM -RA BR OVC008 08/08 A2985 RMK SF8 DENSITY ALT -475FT PRESFR SLP110
CYAW,2023-01-13 17:00,-63.4994,44.6397,CYAW 131700Z 17026G33KT 3SM -RA BR OVC006 08/08 A2981 RMK SF8 DENSITY ALT -375FT SLP097
CYAW,2023-01-13 18:00,-63.4994,44.6397,CYAW 131800Z 18022G33KT 3SM BR OVC005 09/09 A2979 RMK SF8 DENSITY ALT -299FT SLP089
CYAW,2023-01-13 19:00,-63.4994,44.6397,CYAW 131900Z 18018G26KT 3SM BR OVC004 09/09 A2978 RMK SF8 DENSITY ALT -274FT SLP086
CYAW,2023-01-13 20:00,-63.4994,44.6397,CYAW 132000Z 18019G25KT 4SM BR SCT007 OVC042 09/09 A2978 RMK SF4SC4 DENSITY ALT -222FT LAST OBS/NXT 161100 UTC SLP085
CYAW,2023-01-16 11:00,-63.4994,44.6397,CYAW 161100Z 01009G16KT 3SM BR OVC004 03/03 A2971 RMK ST8 DENSITY ALT -919FT FST OBS SLP061
CYAW,2023-01-16 11:32,-63.4994,44.6397,CYAW 161132Z 03009G19KT 1 1/2SM BR OVC004 03/03 A2970 RMK ST8 DENSITY ALT -894FT SLP060
CYAW,2023-01-16 12:00,-63.4994,44.6397,CYAW 161200Z 02009G17KT 3/4SM BR OVC003 03/03 A2970 RMK ST8 DENSITY ALT -894FT SLP059
CYAW,2023-01-16 12:28,-63.4994,44.6397,CYAW 161228Z 02011G17KT 3/4SM -RA BR OVC003 03/03 A2967 RMK ST8 DENSITY ALT -846FT SLP050
CYAW,2023-01-16 13:00,-63.4994,44.6397,CYAW 161300Z 02015G21KT 3SM -RA BR OVC004 04/04 A2965 RMK ST8 DENSITY ALT -796FT PCPN VRY LGT SLP041
CYAW,2023-01-16 13:23,-63.4994,44.6397,CYAW 161323Z 02016KT 3/4SM -RA BR OVC005 04/04 A2964 RMK ST8 DENSITY ALT -758FT SLP039
CYAW,2023-01-16 13:50,-63.4994,44.6397,CYAW 161350Z 03013G20KT 2SM -RA BR OVC006 04/04 A2962 RMK ST8 DENSITY ALT -682FT SLP031
CYAW,2023-01-16 14:00,-63.4994,44.6397,CYAW 161400Z 02016KT 2 1/2SM -RA BR OVC006 04/04 A2960 RMK ST8 DENSITY ALT -646FT SLP027
CYAW,2023-01-16 14:47,-63.4994,44.6397,CYAW 161447Z 02011G18KT 3SM -RA BR OVC005 05/05 A2958 RMK ST8 DENSITY ALT -530FT SLP017
CYAW,2023-01-16 15:00,-63.4994,44.6397,CYAW 161500Z 02011G17KT 3SM -RA BR OVC005 05/05 A2957 RMK ST8 DENSITY ALT -505FT SLP014
CYAW,2023-01-16 16:00,-63.4994,44.6397,CYAW 161600Z 03007KT 2SM -RA BR OVC005 06/06 A2952 RMK ST8 DENSITY ALT -328FT SLP999
CYAW,2023-01-16 17:00,-63.4994,44.6397,CYAW 161700Z 04008KT 3/4SM -RA BR OVC005 07/07 A2947 RMK ST8 DENSITY ALT -178FT SLP981
CYAW,2023-01-16 17:22,-63.4994,44.6397,CYAW 161722Z 04011KT 1 1/2SM -RA BR OVC006 07/07 A2945 RMK ST8 DENSITY ALT -88FT CIG VRB 4-8 SLP974
CYAW,2023-01-16 18:00,-63.4994,44.6397,CYAW 161800Z 04011KT 1 1/2SM -RA BR OVC006 08/08 A2941 RMK ST8 DENSITY ALT 24FT CIG VRB 4-8 SLP962
CYAW,2023-01-16 18:21,-63.4994,44.6397,CYAW 161821Z 04010G15KT 1 1/2SM RA BR OVC004 08/08 A2940 RMK ST8 DENSITY ALT 49FT CIG VRB 2-6 SLP956
CYAW,2023-01-16 19:00,-63.4994,44.6397,CYAW 161900Z 03007KT 2 1/2SM RA BR OVC003 08/08 A2939 RMK ST8 DENSITY ALT 74FT CIG VRB 2-5 SLP954
CYAW,2023-01-16 19:15,-63.4994,44.6397,CYAW 161915Z 03009KT 3SM +RA BR OVC006 08/08 A2939 RMK SF8 DENSITY ALT 74FT SLP952
CYAW,2023-01-16 19:25,-63.4994,44.6397,CYAW 161925Z 02005KT 3SM RA BR OVC006 08/08 A2939 RMK SF8 DENSITY ALT 74FT CIG VRB 3-7 SLP954
CYAW,2023-01-16 20:00,-63.4994,44.6397,CYAW 162000Z 32002KT 3SM -RA BR OVC004 07/07 A2939 RMK SF8 DENSITY ALT -5FT CIG VRB 3-6 SLP953
CYAW,2023-01-16 20:29,-63.4994,44.6397,CYAW 162029Z 03006KT 1 1/2SM -DZ BR OVC004 07/07 A2938 RMK SF8 DENSITY ALT 20FT CIG VRB 3-6 SLP950
CYAW,2023-01-16 20:40,-63.4994,44.6397,CYAW 162040Z 02006KT 3/4SM -DZ BR OVC004 08/08 A2938 RMK ST8 DENSITY ALT 59FT SLP950
CYAW,2023-01-16 21:00,-63.4994,44.6397,CYAW 162100Z 03004KT 3/4SM -RA BR OVC003 07/07 A2938 RMK ST8 DENSITY ALT 20FT CIG VRB 2-4 SLP951
CYAW,2023-01-16 22:00,-63.4994,44.6397,CYAW 162200Z 08002KT 3/4SM -RA BR OVC002 08/08 A2937 RMK ST8 DENSITY ALT 136FT SLP947
CYAW,2023-01-16 22:17,-63.4994,44.6397,CYAW 162217Z 00000KT 1/2SM -DZ FG OVC002 08/08 A2936 RMK ST8 DENSITY ALT 135FT SLP942
CYAW,2023-01-16 22:34,-63.4994,44.6397,CYAW 162234Z 07005KT 3/8SM -DZ FG OVC001 08/08 A2937 RMK ST8 DENSITY ALT 110FT SLP946
CYAW,2023-01-16 23:00,-63.4994,44.6397,CYAW 162300Z 07004KT 1/2SM -DZ FG VV002 08/08 A2936 RMK FG8 DENSITY ALT 109FT SLP944
CYAW,2023-01-16 23:45,-63.4994,44.6397,CYAW 162345Z 05004KT 3/8SM -DZ FG VV001 08/08 A2936 RMK FG8 DENSITY ALT 83FT SLP942
CYAW,2023-01-17 00:00,-63.4994,44.6397,CYAW 170000Z 00000KT 1/4SM -DZ FG VV001 08/08 A2936 RMK FG8 DENSITY ALT 83FT SLP942
CYAW,2023-01-17 00:35,-63.4994,44.6397,CYAW 170035Z 09004KT 1/2SM -DZ FG VV001 08/08 A2935 RMK FG8 DENSITY ALT 108FT VIS VRB 3/8-5/8 SLP940
CYAW,2023-01-17 01:00,-63.4994,44.6397,CYAW 170100Z 07005KT 1/2SM -DZ FG VV001 08/08 A2935 RMK FG8 DENSITY ALT 94FT VIS VRB 3/8-5/8 SLP940
CYAW,2023-01-17 01:16,-63.4994,44.6397,CYAW 170116Z 06005KT 3/8SM -DZ FG VV001 08/08 A2935 RMK FG8 DENSITY ALT 94FT VIS VRB 1/4-1/2 SLP940
CYAW,2023-01-17 01:30,-63.4994,44.6397,CYAW 170130Z 06006KT 1/4SM -DZ FG VV002 08/08 A2935 RMK FG8 DENSITY ALT 94FT LAST OBS /NEXT 171100 UTC SLP939
CYAW,2023-01-17 11:00,-63.4994,44.6397,CYAW 171100Z 00000KT 1/8SM FG VV002 06/06 A2931 RMK FG8 DENSITY ALT -56FT FST OBS SLP927
CYAW,2023-01-17 12:00,-63.4994,44.6397,CYAW 171200Z 00000KT 1/8SM -DZ FG VV002 06/06 A2933 RMK FG8 DENSITY ALT -119FT SLP932
CYAW,2023-01-17 13:00,-63.4994,44.6397,CYAW 171300Z 19005KT 1/8SM -DZ FG VV002 06/06 A2936 RMK FG8 DENSITY ALT -194FT SLP942
CYAW,2023-01-17 13:07,-63.4994,44.6397,CYAW 171307Z 19006KT 1/2SM -DZ FG VV002 06/06 A2936 RMK FG8 DENSITY ALT -194FT SLP942
CYAW,2023-01-17 13:11,-63.4994,44.6397,CYAW 171311Z 19008KT 1/4SM -DZ FG VV002 06/06 A2936 RMK FG8 DENSITY ALT -194FT VIS VRB 1/8-3/8 SLP943
CYAW,2023-01-17 14:00,-63.4994,44.6397,CYAW 171400Z 20007KT 1/4SM FG VV003 05/05 A2938 RMK FG8 DENSITY ALT -244FT VIS VRB 1/8-3/8 SLP949
CYAW,2023-01-17 14:20,-63.4994,44.6397,CYAW 171420Z 20006KT 3/4SM BR OVC004 05/05 A2937 RMK ST8 DENSITY ALT -232FT VIS VRB 1/2-1 SLP948
CYAW,2023-01-17 14:41,-63.4994,44.6397,CYAW 171441Z 19008KT 2SM BR OVC004 05/05 A2938 RMK SF8 DENSITY ALT -309FT VIS LWR NE SLP951
CYAW,2023-01-17 15:00,-63.4994,44.6397,CYAW 171500Z 20006KT 2SM BR OVC004 05/05 A2938 RMK SF8 DENSITY ALT -323FT SLP949
CYAW,2023-01-17 16:00,-63.4994,44.6397,CYAW 171600Z 20009KT 2SM -DZ BR OVC003 04/04 A2937 RMK SF8 DENSITY ALT -364FT CIG VRB 2-4 SLP948
CYAW,2023-01-17 16:34,-63.4994,44.6397,CYAW 171634Z 20008KT 2SM BR OVC004 04/04 A2937 RMK SF8 DENSITY ALT -390FT CIG VRB 3-5 SLP947
CYAW,2023-01-17 17:00,-63.4994,44.6397,CYAW 171700Z 20010KT 1/4SM FG OVC004 04/04 A2936 RMK FG6SF2 DENSITY ALT -378FT VIS HYR N CIG VRB 3-5 SLP945
CYAW,2023-01-17 17:22,-63.4994,44.6397,CYAW 171722Z 22010KT 2SM -DZ BR OVC004 04/04 A2936 RMK SF8 DENSITY ALT -405FT PCPN VRY LGT CIG VRB 3-5 SLP944
CYAW,2023-01-17 17:34,-63.4994,44.6397,CYAW 171734Z 22009KT 5SM -DZ BR OVC005 04/04 A2936 RMK SF8 DENSITY ALT -405FT CIG VRB 3-7 SLP943
CYAW,2023-01-17 18:00,-63.4994,44.6397,CYAW 171800Z 23011G17KT 5SM BR OVC007 04/04 A2936 RMK SF8 DENSITY ALT -378FT CIG VRB 5-9 SLP944
CYAW,2023-01-17 19:00,-63.4994,44.6397,CYAW 171900Z 24009KT 4SM BR OVC007 04/04 A2937 RMK SF8 DENSITY ALT -390FT SLP948
CYAW,2023-01-17 20:00,-63.4994,44.6397,CYAW 172000Z 25008KT 3SM -DZ BR OVC006 04/04 A2938 RMK SF8 DENSITY ALT -375FT VIS HYR W CIG VRB 4-8 SLP951
CYAW,2023-01-17 20:27,-63.4994,44.6397,CYAW 172027Z 23006KT 1 1/2SM -DZ BR OVC005 04/04 A2939 RMK SF8 DENSITY ALT -387FT CIG VRB 3-7 SLP953
CYAW,2023-01-17 21:00,-63.4994,44.6397,CYAW 172100Z 24006KT 1SM -DZ BR OVC003 04/04 A2941 RMK SF8 DENSITY ALT -424FT VIS VRB 3/4-1 1/2 SLP959
CYAW,2023-01-17 21:36,-63.4994,44.6397,CYAW 172136Z 27005KT 1SM -RA BR OVC003 04/04 A2942 RMK SF8 DENSITY ALT -449FT VIS VRB 3/4-1 1/2 CIG VRB 2-5 SLP964
CYAW,2023-01-17 22:00,-63.4994,44.6397,CYAW 172200Z 28006KT 1SM -RA BR OVC003 04/04 A2943 RMK SF8 DENSITY ALT -500FT VIS VRB 3/4-1 1/2 CIG VRB 2-5 SLP967
CYAW,2023-01-17 22:40,-63.4994,44.6397,CYAW 172240Z 25013KT 4SM -DZ BR OVC006 04/04 A2944 RMK SF8 DENSITY ALT -551FT CIG VRB 4-8 SLP970
CYAW,2023-01-17 23:00,-63.4994,44.6397,CYAW 172300Z CCA 26015KT 4SM -DZ BR OVC006 03/03 A2945 RMK SF8 DENSITY ALT -602FT CIG VRB 4-8 LAST OBS /NEXT 181100 UTC SLP974
CYAW,2023-01-18 11:00,-63.4994,44.6397,CYAW 181100Z 23005KT 15SM SCT017 BKN100 01/01 A2954 RMK SC3AC2 DENSITY ALT -975FT FST OBS SLP005
CYAW,2023-01-18 12:00,-63.4994,44.6397,CYAW 181200Z 22003KT 15SM FEW008 FEW017 BKN090 01/01 A2955 RMK SF1SC2AC4 DENSITY ALT -985FT SLP008
CYAW,2023-01-18 13:00,-63.4994,44.6397,CYAW 181300Z 00000KT 15SM BKN017 BKN090 BKN230 02/02 A2956 RMK SC5AC1CI1 DENSITY ALT -879FT SLP012
CYAW,2023-01-18 14:00,-63.4994,44.6397,CYAW 181400Z 00000KT 15SM FEW008 SCT020 BKN050 BKN230 03/03 A2955 RMK SF1SC3SC4CI1 DENSITY ALT -711FT SLP008
CYAW,2023-01-18 15:00,-63.4994,44.6397,CYAW 181500Z 00000KT 15SM BKN015 BKN050 BKN090 05/04 A2954 RMK SC5SC1AC1 DENSITY ALT -540FT SLP006
CYAW,2023-01-18 16:00,-63.4994,44.6397,CYAW 181600Z 22007KT 15SM BKN015 BKN040 OVC090 06/05 A2952 RMK SF5SC2AC1 DENSITY ALT -350FT SLP998
CYAW,2023-01-18 16:24,-63.4994,44.6397,CYAW 181624Z 22007KT 15SM BKN013 BKN040 OVC090 06/05 A2951 RMK SF6SC1AC1 DENSITY ALT -325FT SLP994
CYAW,2023-01-18 17:00,-63.4994,44.6397,CYAW 181700Z 21004KT 15SM BKN010 OVC040 06/06 A2948 RMK SF7SC1 DENSITY ALT -236FT SLP985
CYAW,2023-01-18 18:00,-63.4994,44.6397,CYAW 181800Z 24005KT 15SM BKN012 BKN040 BKN090 BKN230 07/06 A2946 RMK SF5SC1AC1CI1 DENSITY ALT -103FT CI TR SLP976
CYAW,2023-01-18 19:00,-63.4994,44.6397,CYAW 181900Z 23004KT 15SM BKN016 BKN110 07/04 A2945 RMK SC5AC1 DENSITY ALT -100FT SLP974
CYAW,2023-01-18 20:00,-63.4994,44.6397,CYAW 182000Z 24004KT 15SM BKN025 BKN110 07/05 A2946 RMK SC6AC1 DENSITY ALT -122FT SLP976
CYAW,2023-01-18 21:00,-63.4994,44.6397,CYAW 182100Z 00000KT 15SM FEW020 SCT110 06/04 A2946 RMK CF1AC3 DENSITY ALT -273FT SLP978
CYAW,2023-01-18 22:00,-63.4994,44.6397,CYAW 182200Z 00000KT 15SM FEW021 SCT110 SCT250 05/05 A2947 RMK CF1AC3CI1 DENSITY ALT -430FT SLP982
CYAW,2023-01-18 23:00,-63.4994,44.6397,CYAW 182300Z 24004KT 15SM SCT160 04/04 A2949 RMK AC3 DENSITY ALT -583FT SLP987
CYAW,2023-01-19 00:00,-63.4994,44.6397,CYAW 190000Z 26009G18KT 15SM FEW120 FEW140 03/M01 A2949 RMK AC1AC1 DENSITY ALT -666FT SLP988
CYAW,2023-01-19 00:32,-63.4994,44.6397,CYAW 190032Z 26010KT 15SM FEW120 SCT230 03/M02 A2949 RMK AC1CI3 DENSITY ALT -708FT LAST OBS /NEXT 191100 UTC SLP989
CYAW,2023-01-19 11:00,-63.4994,44.6397,CYAW 191100Z 30010KT 15SM BKN017 01/M01 A2965 RMK SC7 DENSITY ALT -1163FT FST OBS SLP042
CYAW,2023-01-19 12:00,-63.4994,44.6397,CYAW 191200Z 30011KT 15SM OVC017 01/M01 A2968 RMK SC8 DENSITY ALT -1185FT SLP053
CYAW,2023-01-19 12:35,-63.4994,44.6397,CYAW 191235Z 29007KT 15SM -SN OVC015 01/M00 A2969 RMK SC8 DENSITY ALT -1181FT PCPN VRY LGT SLP057
CYAW,2023-01-19 12:43,-63.4994,44.6397,CYAW 191243Z 29008KT 15SM BKN011 OVC015 01/00 A2971 RMK SF5SC3 DENSITY ALT -1203FT SLP061
CYAW,2023-01-19 13:00,-63.4994,44.6397,CYAW 191300Z 29012KT 15SM BKN011 OVC020 01/00 A2972 RMK SF5SC3 DENSITY ALT -1213FT SLP067
CYAW,2023-01-19 14:00,-63.4994,44.6397,CYAW 191400Z 30012G17KT 15SM BKN013 OVC022 02/01 A2973 RMK SF5SC3 DENSITY ALT -1174FT SLP070
CYAW,2023-01-19 14:52,-63.4994,44.6397,CYAW 191452Z 30018KT 15SM -SN BKN013 OVC025 02/M00 A2976 RMK SF5SC3 DENSITY ALT -1189FT SLP080
CYAW,2023-01-19 15:00,-63.4994,44.6397,CYAW 191500Z 32015G28KT 15SM -SN SCT013 BKN025 OVC040 02/M00 A2976 RMK SF4SC2SC2 DENSITY ALT -1177FT SLP080
CYAW,2023-01-19 16:00,-63.4994,44.6397,CYAW 191600Z 31012G19KT 10SM -SN SCT013 BKN025 BKN040 02/00 A2975 RMK SF4SC2SC1 DENSITY ALT -1147FT SLP077
CYAW,2023-01-19 16:32,-63.4994,44.6397,CYAW 191632Z CCA 32012G20KT 4SM -SHSN SCT015 OVC027 02/M00 A2976 RMK SC4SC4 DENSITY ALT -1212FT VIS 1 1/2 S-NW SLP079
CYAW,2023-01-19 17:00,-63.4994,44.6397,CYAW 191700Z 31015G20KT 4SM -SHSN SCT016 BKN022 02/M00 A2974 RMK SC4SC3 DENSITY ALT -1101FT SLP074
CYAW,2023-01-19 18:00,-63.4994,44.6397,CYAW 191800Z 31013G20KT 3SM -SHSN BKN018 OVC032 01/M00 A2977 RMK CU5SC3 DENSITY ALT -1236FT SLP084
CYAW,2023-01-19 19:00,-63.4994,44.6397,CYAW 191900Z 30013KT 9SM -SHSN FEW017 BKN030 01/M00 A2980 RMK CU1SC7 DENSITY ALT -1272FT SLP093
CYAW,2023-01-19 20:00,-63.4994,44.6397,CYAW 192000Z 31009KT 15SM FEW020 BKN030 01/M01 A2983 RMK CF1SC7 DENSITY ALT -1335FT SLP102
CYAW,2023-01-19 20:20,-63.4994,44.6397,CYAW 192020Z 33013KT 12SM -SHSN FEW013 BKN022 BKN030 01/M00 A2984 RMK CF1SC5SC2 DENSITY ALT -1420FT VIS LWR NW-E SLP105
CYAW,2023-01-19 21:00,-63.4994,44.6397,CYAW 192100Z 33010KT 12SM -SHSN FEW016 OVC029 00/M01 A2984 RMK CF1SC7 DENSITY ALT -1448FT VIS LWR SE SLP109
CYAW,2023-01-19 21:31,-63.4994,44.6397,CYAW 192131Z 31010KT 12SM FEW021 OVC030 01/M01 A2986 RMK CF1SC7 DENSITY ALT -1462FT LAST OBS /NEXT 201200 UTC SLP115
CYAW,2023-01-20 12:00,-63.4994,44.6397,CYAW 201200Z 05012KT 2 1/2SM -SN OVC017 M01/M02 A2972 RMK SC8 DENSITY ALT -1483FT FST OBS SLP068
CYAW,2023-01-20 12:47,-63.4994,44.6397,CYAW 201247Z 05012G20KT 3/4SM -SN DRSN BKN003 OVC009 M01/M02 A2968 RMK SF5SF3 DENSITY ALT -1484FT VIS VRB 1/2-1 PRESFR LAST OBS /NXT 221000 UTC SLP054
CYAW,2023-01-22 09:00,-63.4994,44.6397,CYAW 220900Z CCA 29003KT 15SM SKC M08/M08 A3011 RMK DENSITY ALT -2898FT FROIN FST OBS SLP198
CYAW,2023-01-22 10:00,-63.4994,44.6397,CYAW 221000Z 00000KT 15SM SKC M08/M08 A3012 RMK DENSITY ALT -2911FT FROIN SLP204
CYAW,2023-01-22 11:00,-63.4994,44.6397,CYAW 221100Z CCA 28007KT 15SM FEW020 FEW230 M07/M07 A3014 RMK SC1CI1 DENSITY ALT -2756FT FROIN CI TR SLP209
CYAW,2023-01-22 12:00,-63.4994,44.6397,CYAW 221200Z 00000KT 15SM FEW020 FEW230 M08/M08 A3015 RMK SC1CI1 DENSITY ALT -2972FT FROIN CI TR SLP213
CYAW,2023-01-22 13:00,-63.4994,44.6397,CYAW 221300Z 26007KT 15SM FEW020 FEW230 M06/M07 A3018 RMK SC1CI1 DENSITY ALT -2671FT FROIN CI TR SLP223
CYAW,2023-01-22 14:00,-63.4994,44.6397,CYAW 221400Z 27007KT 15SM FEW010 FEW025 M05/M06 A3019 RMK CF1SC1 DENSITY ALT -2524FT CF TR SLP225
CYAW,2023-01-22 15:00,-63.4994,44.6397,CYAW 221500Z 27004KT 15SM FEW018 FEW200 M03/M06 A3018 RMK SC1CI1 DENSITY ALT -2343FT CF ASOCTD CI TR SLP223
CYAW,2023-01-22 16:00,-63.4994,44.6397,CYAW 221600Z 29004KT 15SM FEW015 M02/M05 A3016 RMK SC1 DENSITY ALT -2175FT SLP215
CYAW,2023-01-22 17:00,-63.4994,44.6397,CYAW 221700Z 00000KT 15SM FEW020 FEW250 M01/M05 A3014 RMK SC1CI1 DENSITY ALT -2036FT SLP210
CYAW,2023-01-22 18:00,-63.4994,44.6397,CYAW 221800Z 00000KT 15SM FEW020 FEW250 M00/M04 A3013 RMK SC1CI1 DENSITY ALT -1866FT SLP207
CYAW,2023-01-22 19:00,-63.4994,44.6397,CYAW 221900Z 00000KT 15SM FEW020 SCT250 M00/M03 A3014 RMK SC1CI3 DENSITY ALT -1873FT SLP209
CYAW,2023-01-22 20:00,-63.4994,44.6397,CYAW 222000Z 22008KT 15SM SCT016 BKN250 M00/M03 A3018 RMK SC3CI4 DENSITY ALT -1932FT SLP223
CYAW,2023-01-22 20:31,-63.4994,44.6397,CYAW 222031Z 23011KT 15SM BKN018 BKN250 M01/M03 A3019 RMK SC5CI2 DENSITY ALT -2033FT SLP228
CYAW,2023-01-22 21:00,-63.4994,44.6397,CYAW 222100Z 24007KT 15SM BKN020 OVC250 M01/M03 A3020 RMK SC7CI1 DENSITY ALT -2018FT SLP229
CYAW,2023-01-22 22:00,-63.4994,44.6397,CYAW 222200Z 24006KT 15SM OVC022 M01/M04 A3018 RMK SC8 DENSITY ALT -1997FT LAST OBS/NXT 231100 UTC SLP224
CYAW,2023-01-23 11:00,-63.4994,44.6397,CYAW 231100Z 12010KT 4SM -RA BR OVC003 04/04 A2987 RMK SF8 DENSITY ALT -1012FT FST OBS SLP118
CYAW,2023-01-23 11:25,-63.4994,44.6397,CYAW 231125Z 12013G19KT 2SM -RA BR OVC003 04/04 A2986 RMK SF8 DENSITY ALT -948FT SLP113
CYAW,2023-01-23 12:00,-63.4994,44.6397,CYAW 231200Z 12008KT 2SM -RA BR OVC003 04/04 A2983 RMK SF8 DENSITY ALT -926FT SLP102
CYAW,2023-01-23 12:47,-63.4994,44.6397,CYAW 231247Z 11009KT 1 1/2SM RA BR OVC003 05/05 A2976 RMK SF8 DENSITY ALT -779FT PRESFR SLP078
CYAW,2023-01-23 13:00,-63.4994,44.6397,CYAW 231300Z 11010G17KT 1SM -RA BR OVC003 05/05 A2974 RMK SF8 DENSITY ALT -729FT PRESFR SLP071
CYAW,2023-01-23 13:43,-63.4994,44.6397,CYAW 231343Z 12011G17KT 1SM RA BR OVC003 06/06 A2968 RMK SF8 DENSITY ALT -554FT PRESFR SLP053
CYAW,2023-01-23 14:00,-63.4994,44.6397,CYAW 231400Z 12009KT 1SM RA BR OVC003 06/06 A2966 RMK NS8 DENSITY ALT -518FT PRESFR SLP044
CYAW,2023-01-23 15:00,-63.4994,44.6397,CYAW 231500Z 14014G22KT 1SM +RA BR OVC003 07/07 A2956 RMK NS8 DENSITY ALT -309FT PRESFR /R15/ SLP012
CYAW,2023-01-23 15:08,-63.4994,44.6397,CYAW 231508Z CCA 14019G27KT 3SM +RA BR OVC003 07/07 A2953 RMK NS8 DENSITY ALT -234FT PRESFR SLP001
CYAW,2023-01-23 15:23,-63.4994,44.6397,CYAW 231523Z 14017G26KT 3SM RA BR OVC003 07/07 A2950 RMK NS8 DENSITY ALT -213FT PRESFR SLP993
CYAW,2023-01-23 15:43,-63.4994,44.6397,CYAW 231543Z 15022G30KT 2SM RA BR OVC003 07/07 A2948 RMK NS8 DENSITY ALT -163FT PRESFR SLP984
CYAW,2023-01-23 16:00,-63.4994,44.6397,CYAW 231600Z CCA 15022G28KT 1 3/4SM -RA BR OVC003 07/07 A2946 RMK NS8 DENSITY ALT -113FT PRESFR SLP977
CYAW,2023-01-23 16:07,-63.4994,44.6397,CYAW 231607Z CCA 15020G27KT 2SM RA BR OVC003 07/07 A2944 RMK NS8 DENSITY ALT -77FT PRESFR SLP972
CYAW,2023-01-23 16:48,-63.4994,44.6397,CYAW 231648Z 14015KT 1 1/2SM +RA BR OVC003 07/07 A2936 RMK NS8 DENSITY ALT 43FT PRESFR SLP946
CYAW,2023-01-23 17:00,-63.4994,44.6397,CYAW 231700Z 14012G17KT 1 1/2SM RA BR OVC003 08/08 A2935 RMK NS8 DENSITY ALT 94FT PRESFR /R29/ SLP941
CYAW,2023-01-23 17:42,-63.4994,44.6397,CYAW 231742Z 18010G17KT 1/2SM -RA FG OVC003 08/08 A2928 RMK NS8 DENSITY ALT 163FT VIS HYR W PRESFR SLP916
CYAW,2023-01-23 18:00,-63.4994,44.6397,CYAW 231800Z 18011G17KT 1/2SM -RA FG OVC005 08/08 A2926 RMK FG5ST3 DENSITY ALT 239FT PRESFR SLP911
CYAW,2023-01-23 18:35,-63.4994,44.6397,CYAW 231835Z 25009G15KT 1 1/2SM -RA BR BKN003 OVC014 09/09 A2925 RMK SF7SC1 DENSITY ALT 355FT SLP906
CYAW,2023-01-23 18:45,-63.4994,44.6397,CYAW 231845Z 23005KT 1 1/2SM RA BR BKN006 OVC016 09/09 A2924 RMK SF7SC1 DENSITY ALT 380FT SLP904
CYAW,2023-01-23 19:00,-63.4994,44.6397,CYAW 231900Z 00000KT 2SM -RA BR BKN006 OVC014 09/09 A2923 RMK SF7SC1 DENSITY ALT 380FT CIG VRB 4-8 SLP899
CYAW,2023-01-23 19:37,-63.4994,44.6397,CYAW 231937Z 00000KT 3/4SM -RA BR OVC004 09/09 A2919 RMK ST8 DENSITY ALT 493FT CIG VRB 3-5 SLP887
CYAW,2023-01-23 20:00,-63.4994,44.6397,CYAW 232000Z 00000KT 1/4SM -DZ FG OVC003 09/09 A2919 RMK FG4ST4 DENSITY ALT 453FT CIG VRB 2-5 SLP885
CYAW,2023-01-23 20:11,-63.4994,44.6397,CYAW 232011Z 00000KT 1/2SM -DZ FG OVC002 09/09 A2918 RMK FG4ST4 DENSITY ALT 465FT VIS VRB 1/4-3/4 SLP884
CYAW,2023-01-23 20:44,-63.4994,44.6397,CYAW 232044Z 20005KT 1/4SM -DZ FG VV001 09/09 A2919 RMK FG8 DENSITY ALT 400FT VIS VRB 1/8-3/8 SLP886
CYAW,2023-01-23 21:00,-63.4994,44.6397,CYAW 232100Z 22004KT 1/2SM -DZ FG VV001 08/08 A2920 RMK FG8 DENSITY ALT 362FT VIS VRB 1/4-3/4 SLP888
CYAW,2023-01-23 22:00,-63.4994,44.6397,CYAW 232200Z 30007KT 1SM -DZ BR OVC002 06/06 A2918 RMK ST8 DENSITY ALT 110FT VIS VRB 3/4-1 1/2 SLP884
CYAW,2023-01-23 22:16,-63.4994,44.6397,CYAW 232216Z 32011KT 1SM -DZ BR OVC004 06/06 A2918 RMK SF8 DENSITY ALT 57FT VIS VRB 3/4-1 1/2 CIG VRB 3-6 SLP882
CYAW,2023-01-23 23:00,-63.4994,44.6397,CYAW 232300Z 32006KT 1SM -DZ BR OVC004 05/05 A2917 RMK SF8 DENSITY ALT -115FT VIS VRB 3/4-1 1/2 CIG VRB 3-6 SLP880
CYAW,2023-01-24 00:00,-63.4994,44.6397,CYAW 240000Z 33008KT 1SM -DZ BR OVC004 03/03 A2916 RMK SF8 DENSITY ALT -275FT VIS VRB 3/4-1 1/2 CIG VRB 3-6 SLP876
CYAW,2023-01-24 00:28,-63.4994,44.6397,CYAW 240028Z 34007KT 1SM -DZ BR OVC003 03/03 A2915 RMK SF8 DENSITY ALT -302FT VIS VRB 3/4-1 1/2 CIG VRB 2-5 SLP872
CYAW,2023-01-24 01:00,-63.4994,44.6397,CYAW 240100Z 32006KT 1 1/2SM -DZ BR OVC003 02/02 A2914 RMK SF8 DENSITY ALT -357FT CIG VRB 2-5 SLP869
CYAW,2023-01-24 01:16,-63.4994,44.6397,CYAW 240116Z 35003KT 1SM -RA BR OVC003 02/02 A2913 RMK SF8 DENSITY ALT -358FT VIS VRB 3/4-1 1/2 CIG VRB 2-5 SLP865
CYAW,2023-01-24 01:34,-63.4994,44.6397,CYAW 240134Z 33006KT 1 1/2SM -DZ BR OVC003 02/02 A2911 RMK SF8 DENSITY ALT -347FT CIG VRB 2-4 SLP859
CYAW,2023-01-24 01:42,-63.4994,44.6397,CYAW 240142Z 33006KT 1 1/2SM -RA BR OVC003 02/02 A2912 RMK SF8 DENSITY ALT -372FT CIG VRB 2-4 SLP862
CYAW,2023-01-24 01:51,-63.4994,44.6397,CYAW 240151Z 35005KT 1 1/2SM -DZ BR OVC003 02/02 A2912 RMK SF8 DENSITY ALT -386FT LAST OBS /NEXT 241100 UTC SLP861
CYAW,2023-01-24 11:00,-63.4994,44.6397,CYAW 241100Z 30025G30KT 15SM BKN016 M02/M04 A2950 RMK SC7 DENSITY ALT -1363FT FST OBS SLP991
CYAW,2023-01-24 12:00,-63.4994,44.6397,CYAW 241200Z 29021G28KT 15SM BKN016 OVC030 M02/M05 A2955 RMK SC6SC2 DENSITY ALT -1437FT SLP008
CYAW,2023-01-24 13:00,-63.4994,44.6397,CYAW 241300Z 29016G27KT 15SM BKN020 M03/M05 A2960 RMK SC6 DENSITY ALT -1573FT SLP026
CYAW,2023-01-24 14:00,-63.4994,44.6397,CYAW 241400Z 28017G24KT 15SM BKN019 M02/M05 A2964 RMK SC6 DENSITY ALT -1556FT SLP039
CYAW,2023-01-24 15:00,-63.4994,44.6397,CYAW 241500Z 27016G25KT 15SM BKN020 M02/M05 A2968 RMK SC7 DENSITY ALT -1565FT SLP051
CYAW,2023-01-24 16:00,-63.4994,44.6397,CYAW 241600Z 28024KT 15SM BKN020 M01/M05 A2968 RMK SC7 DENSITY ALT -1512FT SLP053
CYAW,2023-01-24 17:00,-63.4994,44.6397,CYAW 241700Z 27017G25KT 15SM BKN020 M01/M04 A2968 RMK SC7 DENSITY ALT -1485FT SLP054
CYAW,2023-01-24 18:00,-63.4994,44.6397,CYAW 241800Z 27016G21KT 15SM BKN020 M01/M04 A2969 RMK SC7 DENSITY ALT -1445FT SLP055
CYAW,2023-01-24 19:00,-63.4994,44.6397,CYAW 241900Z 27019G25KT 15SM OVC020 M01/M05 A2973 RMK SC8 DENSITY ALT -1494FT SLP070
CYAW,2023-01-24 20:00,-63.4994,44.6397,CYAW 242000Z 27016G22KT 15SM OVC023 M01/M04 A2976 RMK SC8 DENSITY ALT -1502FT SLP079
CYAW,2023-01-24 21:00,-63.4994,44.6397,CYAW 242100Z 28017G22KT 15SM OVC030 M00/M04 A2979 RMK SC8 DENSITY ALT -1487FT SLP090
CYAW,2023-01-24 22:00,-63.4994,44.6397,CYAW 242200Z 27011G20KT 15SM BKN040 M00/M04 A2981 RMK SC7 DENSITY ALT -1495FT SLP096
CYAW,2023-01-24 23:00,-63.4994,44.6397,CYAW 242300Z 26009KT 15SM FEW040 M00/M03 A2984 RMK SC1 DENSITY ALT -1536FT SLP108
CYAW,2023-01-25 00:00,-63.4994,44.6397,CYAW 250000Z 27011G17KT 15SM BKN050 00/M02 A2987 RMK SC6 DENSITY ALT -1505FT LAST OBS /NEXT 251100 UTC SLP117
CYAW,2023-01-25 11:00,-63.4994,44.6397,CYAW 251100Z 30013KT 15SM FEW020 M02/M06 A3019 RMK SC1 DENSITY ALT -2251FT FST OBS SLP227
CYAW,2023-01-25 12:00,-63.4994,44.6397,CYAW 251200Z 32008KT 15SM FEW020 FEW250 M04/M09 A3023 RMK SC1CI2 DENSITY ALT -2516FT SLP240
CYAW,2023-01-25 13:00,-63.4994,44.6397,CYAW 251300Z 31013KT 15SM FEW020 SCT250 M04/M10 A3025 RMK SC1CI3 DENSITY ALT -2475FT SLP248
CYAW,2023-01-25 14:00,-63.4994,44.6397,CYAW 251400Z 31009KT 15SM FEW020 SCT250 M03/M09 A3030 RMK SC1CI3 DENSITY ALT -2454FT SLP262
CYAW,2023-01-25 15:00,-63.4994,44.6397,CYAW 251500Z 30011KT 15SM FEW020 FEW250 M03/M11 A3030 RMK SC1CI2 DENSITY ALT -2447FT SLP264
CYAW,2023-01-25 16:00,-63.4994,44.6397,CYAW 251600Z 32009KT 15SM FEW020 SCT250 M02/M10 A3028 RMK SC1CI3 DENSITY ALT -2329FT SLP258
CYAW,2023-01-25 17:00,-63.4994,44.6397,CYAW 251700Z 29009KT 15SM FEW020 BKN250 M02/M09 A3029 RMK SC1CI6 DENSITY ALT -2300FT CS ASOCTD HALO SLP261
CYAW,2023-01-25 18:00,-63.4994,44.6397,CYAW 251800Z 29010KT 15SM FEW020 SCT250 M02/M11 A3030 RMK SC1CI4 DENSITY ALT -2278FT SLP263
CYAW,2023-01-25 19:00,-63.4994,44.6397,CYAW 251900Z 33007KT 15SM BKN220 M02/M09 A3032 RMK CI7 DENSITY ALT -2362FT CS ASOCTD HALO SLP270
CYAW,2023-01-25 20:00,-63.4994,44.6397,CYAW 252000Z 00000KT 15SM BKN220 M03/M10 A3034 RMK CI7 DENSITY ALT -2452FT SLP277
CYAW,2023-01-25 21:00,-63.4994,44.6397,CYAW 252100Z 00000KT 15SM BKN150 OVC220 M03/M10 A3036 RMK AS5CI3 DENSITY ALT -2488FT SLP284
CYAW,2023-01-25 22:00,-63.4994,44.6397,CYAW 252200Z 00000KT 15SM BKN130 OVC220 M04/M10 A3038 RMK AS5CI3 DENSITY ALT -2626FT SLP289
CYAW,2023-01-25 23:00,-63.4994,44.6397,CYAW 252300Z 00000KT 15SM SCT120 BKN230 M04/M09 A3041 RMK AS4CI3 DENSITY ALT -2684FT SLP299
CYAW,2023-01-26 00:00,-63.4994,44.6397,CYAW 260000Z 00000KT 15SM SCT100 BKN140 M05/M09 A3041 RMK AC4AC2 DENSITY ALT -2801FT SLP299
CYAW,2023-01-26 01:00,-63.4994,44.6397,CYAW 260100Z 06004KT 15SM FEW100 BKN150 M04/M08 A3039 RMK AC2AS3 DENSITY ALT -2737FT SLP294
CYAW,2023-01-26 02:00,-63.4994,44.6397,CYAW 260200Z 05005KT 15SM FEW095 SCT120 BKN230 M04/M09 A3035 RMK AC2AS2CI1 DENSITY ALT -2704FT LAST OBS /NEXT 261100 UTC SLP281
CYAW,2023-01-26 11:00,-63.4994,44.6397,CYAW 261100Z 12015G24KT 9SM -RA OVC025 05/04 A2999 RMK SC8 DENSITY ALT -1039FT FST OBS SLP159
CYAW,2023-01-26 12:00,-63.4994,44.6397,CYAW 261200Z 13019G30KT 5SM -RA BR OVC015 06/05 A2994 RMK SC8 DENSITY ALT -886FT SLP140
CYAW,2023-01-26 12:25,-63.4994,44.6397,CYAW 261225Z 13017G27KT 4SM -RA BR OVC012 06/05 A2992 RMK SC8 DENSITY ALT -835FT SLP133
CYAW,2023-01-26 12:33,-63.4994,44.6397,CYAW 261233Z 13020G30KT 3SM RA BR OVC009 06/06 A2991 RMK SC8 DENSITY ALT -809FT SLP130
CYAW,2023-01-26 13:00,-63.4994,44.6397,CYAW 261300Z 13023G33KT 2 1/2SM RA BR OVC006 06/06 A2987 RMK SF8 DENSITY ALT -722FT PRESFR SLP117
CYAW,2023-01-26 14:00,-63.4994,44.6397,CYAW 261400Z 13024G30KT 2SM RA BR OVC004 07/07 A2979 RMK SF8 DENSITY ALT -537FT PRESFR CIG VRB 3-5 SLP089
CYAW,2023-01-26 15:00,-63.4994,44.6397,CYAW 261500Z 13025G40KT 2SM RA BR OVC004 08/08 A2966 RMK SF8 DENSITY ALT -280FT PRESFR CIG VRB 3-5 /R11/ SLP046
CYAW,2023-01-26 16:00,-63.4994,44.6397,CYAW 261600Z 14027G35KT 1 1/2SM RA BR OVC004 08/08 A2956 RMK SF8 DENSITY ALT -138FT PRESFR CIG VRB 3-5 SLP013
CYAW,2023-01-26 16:25,-63.4994,44.6397,CYAW 261625Z 15028G37KT 1 1/2SM +RA BR OVC004 08/08 A2952 RMK SF8 DENSITY ALT -25FT PRESFR CIG VRB 3-5 SLP000
CYAW,2023-01-26 17:00,-63.4994,44.6397,CYAW 261700Z 15028G39KT 1SM +RA BR OVC004 09/09 A2946 RMK SF8 DENSITY ALT 111FT PRESFR CIG VRB 3-5 /R24/ SLP978
CYAW,2023-01-26 17:45,-63.4994,44.6397,CYAW 261745Z 17036G50KT 2 1/2SM -RA BR OVC006 09/09 A2936 RMK SF8 DENSITY ALT 306FT PRESFR SLP945
CYAW,2023-01-26 18:00,-63.4994,44.6397,CYAW 261800Z 17037G48KT 3SM -RA BR OVC006 10/10 A2934 RMK SF8 DENSITY ALT 383FT PRESFR SLP937
CYAW,2023-01-26 18:49,-63.4994,44.6397,CYAW 261849Z 18033G56KT 3SM BR BKN006 OVC010 10/10 A2932 RMK SF7SC1 DENSITY ALT 473FT SLP929
CYAW,2023-01-26 19:00,-63.4994,44.6397,CYAW 261900Z 18034G48KT 3SM BR BKN006 OVC012 10/10 A2933 RMK SF6SC2 DENSITY ALT 421FT LAST OBS /NEXT 271200 UTC SLP932
CYAW,2023-01-27 12:00,-63.4994,44.6397,CYAW 271200Z 28018KT 15SM BKN030 M01/M05 A2981 RMK SC7 DENSITY ALT -1564FT FST OBS SLP095
CYAW,2023-01-27 13:00,-63.4994,44.6397,CYAW 271300Z 28018G24KT 15SM BKN029 M01/M05 A2984 RMK SC7 DENSITY ALT -1600FT SLP108
CYAW,2023-01-27 14:00,-63.4994,44.6397,CYAW 271400Z 28016G21KT 15SM BKN029 M00/M06 A2988 RMK SC7 DENSITY ALT -1636FT SLP121
CYAW,2023-01-27 15:00,-63.4994,44.6397,CYAW 271500Z 29016G21KT 15SM BKN030 00/M06 A2992 RMK SC5 DENSITY ALT -1617FT SLP133
CYAW,2023-01-27 16:00,-63.4994,44.6397,CYAW 271600Z 27015G21KT 15SM SCT029 00/M06 A2993 RMK SC3 DENSITY ALT -1632FT SLP136
CYAW,2023-01-27 17:00,-63.4994,44.6397,CYAW 271700Z 28018KT 15SM FEW030 00/M08 A2993 RMK SC2 DENSITY ALT -1586FT CF ASOCTD SLP137
CYAW,2023-01-27 18:00,-63.4994,44.6397,CYAW 271800Z 28011G20KT 15SM FEW030 01/M07 A2995 RMK CF1 DENSITY ALT -1517FT SLP146
CYAW,2023-01-27 19:00,-63.4994,44.6397,CYAW 271900Z 29011G18KT 15SM FEW030 01/M09 A2999 RMK SC1 DENSITY ALT -1545FT SLP157
CYAW,2023-01-27 20:00,-63.4994,44.6397,CYAW 272000Z 29009G15KT 15SM FEW030 01/M10 A3002 RMK SC1 DENSITY ALT -1582FT SLP169
CYAW,2023-01-27 21:00,-63.4994,44.6397,CYAW 272100Z 29008KT 15SM FEW030 01/M10 A3006 RMK SC1 DENSITY ALT -1732FT SLP181
CYAW,2023-01-27 21:41,-63.4994,44.6397,CYAW 272141Z 29008G15KT 15SM FEW030 M00/M10 A3009 RMK SC1 DENSITY ALT -1843FT LAST OBS /NEXT 311100 UTC SLP190
CYAW,2023-01-31 11:00,-63.4994,44.6397,CYAW 311100Z CCA 00000KT 8SM -SN OVC006 M01/M01 A3003 RMK ST8 DENSITY ALT -1822FT CIG VRB 4-8 FST OBS SLP171
CYAW,2023-01-31 12:00,-63.4994,44.6397,CYAW 311200Z 03005KT 2SM -SN OVC006 M01/M01 A3000 RMK ST8 DENSITY ALT -1787FT CIG VRB 4-8 SLP161
CYAW,2023-01-31 12:19,-63.4994,44.6397,CYAW 311219Z 02005KT 1SM -SN OVC004 M01/M01 A3001 RMK SN6SF2 DENSITY ALT -1798FT VIS VRB 3/4-1 1/2 SLP163
CYAW,2023-01-31 13:00,-63.4994,44.6397,CYAW 311300Z 01004KT 1SM -SN OVC004 M01/M01 A3000 RMK SN5SF3 DENSITY ALT -1773FT VIS VRB 3/4-1 1/2 SLP161
CYAW,2023-01-31 13:28,-63.4994,44.6397,CYAW 311328Z 01005KT 2 1/4SM -SN OVC008 M01/M01 A3000 RMK SN3SF5 DENSITY ALT -1773FT VIS VRB 1 1/2-3 SLP160
CYAW,2023-01-31 14:00,-63.4994,44.6397,CYAW 311400Z 00000KT 1SM -SN OVC005 M01/M01 A2999 RMK SN4SF4 DENSITY ALT -1816FT VIS VRB 3/4-1 1/2 /S01/ SLP159
CYAW,2023-01-31 15:00,-63.4994,44.6397,CYAW 311500Z 01009KT 1/2SM SN OVC005 M01/M02 A2998 RMK SN4SF4 DENSITY ALT -1845FT VIS VRB 3/8-3/4 /S02/ SLP153
CYAW,2023-01-31 15:34,-63.4994,44.6397,CYAW 311534Z 36010KT 3/8SM SN VV004 M02/M02 A2997 RMK SN8 DENSITY ALT -1927FT SLP152
CYAW,2023-01-31 16:00,-63.4994,44.6397,CYAW 311600Z 35008KT 3/8SM SN VV004 M02/M03 A2996 RMK SN8 DENSITY ALT -1943FT /S04/ SLP148
CYAW,2023-01-31 17:00,-63.4994,44.6397,CYAW 311700Z 34012KT 3/8SM SN VV004 M03/M03 A2994 RMK SN8 DENSITY ALT -1960FT /S07/ SLP142
CYAW,2023-01-31 17:44,-63.4994,44.6397,CYAW 311744Z 34009G15KT 1SM -SN OVC007 M03/M03 A2994 RMK SN4SF4 DENSITY ALT -1976FT VIS VRB 3/4-1 1/4 SLP140
CYAW,2023-01-31 18:00,-63.4994,44.6397,CYAW 311800Z 33009KT 1SM -SN OVC007 M03/M04 A2993 RMK SN4SF4 DENSITY ALT -1978FT VIS VRB 3/4-1 1/4 /S09/ SLP139
CYAW,2023-01-31 18:11,-63.4994,44.6397,CYAW 311811Z 33011KT 1 1/2SM -SN OVC007 M03/M04 A2994 RMK SN3SF5 DENSITY ALT -1977FT VIS VRB 1-2 SLP142
CYAW,2023-01-31 18:42,-63.4994,44.6397,CYAW 311842Z 33007KT 5SM -SN FEW007 SCT043 OVC075 M03/M03 A2995 RMK SF1SC3AC4 DENSITY ALT -1975FT SLP146
CYAW,2023-01-31 19:00,-63.4994,44.6397,CYAW 311900Z 31009KT 9SM -SN FEW007 FEW043 BKN080 M03/M04 A2996 RMK SF1SC1AC5 DENSITY ALT -2000FT /S01/ SLP147
CYAW,2023-01-31 19:12,-63.4994,44.6397,CYAW 311912Z 31011KT 15SM -SHSN FEW011 BKN090 M03/M04 A2996 RMK SC2AC5 DENSITY ALT -2015FT SLP149
CYAW,2023-01-31 20:00,-63.4994,44.6397,CYAW 312000Z 31013KT 15SM SCT017 BKN095 M03/M05 A2999 RMK SC4AC3 DENSITY ALT -2027FT SLP157
CYAW,2023-01-31 21:00,-63.4994,44.6397,CYAW 312100Z CCA 32012KT 15SM -SHSN FEW020 BKN035 BKN100 M03/M05 A3001 RMK SC1SC4AC1 DENSITY ALT -2092FT SLP166
CYAW,2023-01-31 22:00,-63.4994,44.6397,CYAW 312200Z 31013G19KT 12SM -SHSN BKN038 M03/M06 A3005 RMK SC7 DENSITY ALT -2180FT VIS LWR NW /S02/ SLP177
CYAW,2023-01-31 23:00,-63.4994,44.6397,CYAW 312300Z 31012G17KT 15SM SCT040 M04/M08 A3006 RMK SC3 DENSITY ALT -2327FT SLP183
CYAW,2023-02-01 00:00,-63.4994,44.6397,CYAW 010000Z 32009G15KT 15SM FEW020 M05/M07 A3008 RMK SC2 DENSITY ALT -2466FT SLP189
CYAW,2023-02-01 01:00,-63.4994,44.6397,CYAW 010100Z 33010KT 15SM SCT030 M06/M08 A3010 RMK SC3 DENSITY ALT -2556FT SLP196
CYAW,2023-02-01 02:00,-63.4994,44.6397,CYAW 010200Z CCA 30005KT 15SM FEW020 FEW050 BKN180 M06/M09 A3011 RMK SC1SC1AC3 DENSITY ALT -2663FT LAST OBS /NEXT 011100 UTC SLP199
CYAW,2023-02-01 11:00,-63.4994,44.6397,CYAW 011100Z 33008KT 15SM SCT140 BKN180 M12/M15 A3021 RMK AC3AC2 DENSITY ALT -3554FT FST OBS SLP232
CYAW,2023-02-01 12:00,-63.4994,44.6397,CYAW 011200Z 33008KT 15SM FEW030 SCT140 BKN180 M12/M15 A3022 RMK SC1AC4AC2 DENSITY ALT -3605FT SLP238
CYAW,2023-02-01 13:00,-63.4994,44.6397,CYAW 011300Z 33010G15KT 15SM FEW030 SCT140 BKN180 M12/M15 A3024 RMK SC1AC3AC3 DENSITY ALT -3575FT SLP244
CYAW,2023-02-01 14:00,-63.4994,44.6397,CYAW 011400Z 33011KT 15SM FEW030 FEW180 M11/M15 A3025 RMK SC1AC2 DENSITY ALT -3465FT SLP246
CYAW,2023-02-01 15:00,-63.4994,44.6397,CYAW 011500Z 35007KT 15SM FEW030 FEW180 SCT240 M09/M15 A3023 RMK SC1AC1CI2 DENSITY ALT -3228FT SC TR SLP241
CYAW,2023-02-01 16:00,-63.4994,44.6397,CYAW 011600Z 34007KT 15SM FEW030 FEW180 FEW240 M08/M14 A3021 RMK SC1AC1CI1 DENSITY ALT -3057FT SLP234
CYAW,2023-02-01 17:00,-63.4994,44.6397,CYAW 011700Z 33008KT 15SM FEW030 FEW180 FEW240 M08/M15 A3017 RMK SC1AC1CI1 DENSITY ALT -2946FT SLP221
CYAW,2023-02-01 18:00,-63.4994,44.6397,CYAW 011800Z 34006KT 15SM FEW030 FEW180 M07/M15 A3015 RMK SC1AC1 DENSITY ALT -2831FT SLP213
CYAW,2023-02-01 19:00,-63.4994,44.6397,CYAW 011900Z 01008KT 15SM FEW030 M06/M15 A3014 RMK SC1 DENSITY ALT -2741FT SLP209
CYAW,2023-02-01 20:00,-63.4994,44.6397,CYAW 012000Z 35009KT 15SM FEW030 FEW240 M07/M15 A3013 RMK SC1CI1 DENSITY ALT -2808FT SLP206
CYAW,2023-02-01 21:00,-63.4994,44.6397,CYAW 012100Z 34009KT 15SM FEW030 FEW180 M08/M15 A3013 RMK SC1AC1 DENSITY ALT -2873FT SC TR SLP206
CYAW,2023-02-01 22:00,-63.4994,44.6397,CYAW 012200Z 35007KT 15SM FEW030 FEW140 M09/M15 A3014 RMK SC1AC2 DENSITY ALT -3071FT SLP211
CYAW,2023-02-01 23:00,-63.4994,44.6397,CYAW 012300Z 35005KT 15SM SCT140 M10/M15 A3016 RMK AC3 DENSITY ALT -3253FT SLP217
CYAW,2023-02-02 00:00,-63.4994,44.6397,CYAW 020000Z 33004KT 15SM FEW140 M11/M15 A3017 RMK AC2 DENSITY ALT -3426FT SLP219
CYAW,2023-02-02 01:00,-63.4994,44.6397,CYAW 020100Z 35005KT 15SM FEW140 M11/M14 A3017 RMK AC1 DENSITY ALT -3317FT SLP220
CYAW,2023-02-02 02:00,-63.4994,44.6397,CYAW 020200Z 00000KT 15SM SCT140 M12/M15 A3017 RMK AC4 DENSITY ALT -3547FT LAST OBS /NEXT 021200 UTC SLP222
CYAW,2023-02-02 12:00,-63.4994,44.6397,CYAW 021200Z 00000KT 15SM FEW001 FEW025 M15/M16 A3018 RMK ST1CU1 DENSITY ALT -3928FT FST OBS SLP224
CYAW,2023-02-02 13:00,-63.4994,44.6397,CYAW 021300Z 00000KT 15SM FEW025 FEW100 M09/M11 A3018 RMK CU1AC1 DENSITY ALT -3146FT SLP224
CYAW,2023-02-02 14:00,-63.4994,44.6397,CYAW 021400Z 26005KT 15SM FEW030 FEW100 M07/M11 A3017 RMK CU1AC1 DENSITY ALT -2790FT SLP221
CYAW,2023-02-02 15:00,-63.4994,44.6397,CYAW 021500Z 24007KT 15SM FEW035 FEW140 M05/M13 A3016 RMK CU1AC1 DENSITY ALT -2510FT SLP216
CYAW,2023-02-02 16:00,-63.4994,44.6397,CYAW 021600Z 25005KT 15SM FEW040 SCT140 M04/M11 A3014 RMK CU1AC3 DENSITY ALT -2353FT SLP209
CYAW,2023-02-02 17:00,-63.4994,44.6397,CYAW 021700Z 20007KT 15SM FEW040 FEW140 M03/M11 A3010 RMK CU2AC1 DENSITY ALT -2242FT SLP195
CYAW,2023-02-02 18:00,-63.4994,44.6397,CYAW 021800Z 24011KT 15SM SCT040 SCT140 M03/M11 A3007 RMK CU3AC1 DENSITY ALT -2155FT SLP185
CYAW,2023-02-02 19:00,-63.4994,44.6397,CYAW 021900Z 22011KT 15SM SCT038 SCT240 M03/M11 A3005 RMK SC3CI1 DENSITY ALT -2131FT SLP180
CYAW,2023-02-02 20:00,-63.4994,44.6397,CYAW 022000Z 23010G16KT 15SM SCT040 BKN240 M03/M10 A3004 RMK SC3CI2 DENSITY ALT -2130FT SLP176
CYAW,2023-02-02 21:00,-63.4994,44.6397,CYAW 022100Z 22008KT 15SM FEW040 SCT240 M03/M09 A3002 RMK SC2CI1 DENSITY ALT -2182FT SLP170
CYAW,2023-02-02 22:00,-63.4994,44.6397,CYAW 022200Z 19007KT 15SM FEW030 SCT230 M04/M10 A2999 RMK SC2CI1 DENSITY ALT -2292FT SLP159
CYAW,2023-02-02 23:00,-63.4994,44.6397,CYAW 022300Z 20008KT 15SM SCT020 BKN110 M04/M08 A2997 RMK SC4AC1 DENSITY ALT -2238FT SLP152
CYAW,2023-02-03 00:00,-63.4994,44.6397,CYAW 030000Z 20010KT 15SM BKN020 BKN070 M02/M05 A2994 RMK SC5AC1 DENSITY ALT -1956FT SLP143
CYAW,2023-02-03 01:00,-63.4994,44.6397,CYAW 030100Z CCA 19006KT 15SM FEW020 BKN110 M02/M03 A2989 RMK SC1AC5 DENSITY ALT -1827FT SLP125
CYAW,2023-02-03 01:49,-63.4994,44.6397,CYAW 030149Z 20007KT 15SM FEW020 BKN110 M01/M04 A2986 RMK SC1AS4 DENSITY ALT -1718FT LAST OBS /NEXT 031200 UTC SLP115
CYAW,2023-02-03 12:00,-63.4994,44.6397,CYAW 031200Z 22009G16KT 15SM BKN040 BKN140 02/M01 A2938 RMK SC7AC1 DENSITY ALT -722FT FST OBS SLP952
CYAW,2023-02-03 13:00,-63.4994,44.6397,CYAW 031300Z 23012G17KT 15SM FEW028 BKN050 BKN140 02/M01 A2934 RMK SC1SC4AC2 DENSITY ALT -637FT SLP939
CYAW,2023-02-03 14:00,-63.4994,44.6397,CYAW 031400Z 24020G25KT 15SM FEW039 BKN050 BKN110 02/M02 A2932 RMK SC1SC5AC1 DENSITY ALT -619FT SLP932
CYAW,2023-02-03 14:17,-63.4994,44.6397,CYAW 031417Z 25014G21KT 15SM -SHSN FEW040 BKN050 OVC080 02/M02 A2931 RMK SC1SC6AC1 DENSITY ALT -645FT SLP929
CYAW,2023-02-03 14:40,-63.4994,44.6397,CYAW 031440Z 25018KT 15SM FEW023 BKN075 02/M02 A2930 RMK SC2AC5 DENSITY ALT -622FT SLP925
CYAW,2023-02-03 15:00,-63.4994,44.6397,CYAW 031500Z 26015G21KT 5/8SM -SHSN VV006 02/M02 A2930 RMK SN8 DENSITY ALT -646FT SLP923
CYAW,2023-02-03 15:20,-63.4994,44.6397,CYAW 031520Z 29019G32KT 9SM -SHSN FEW008 OVC026 M01/M03 A2931 RMK SF1SC7 DENSITY ALT -979FT SLP929
CYAW,2023-02-03 16:00,-63.4994,44.6397,CYAW 031600Z 31019G26KT 5SM -SHSN BKN017 OVC025 M01/M04 A2932 RMK SC5SC3 DENSITY ALT -1099FT SLP930
CYAW,2023-02-03 16:49,-63.4994,44.6397,CYAW 031649Z 30018G27KT 15SM FEW032 BKN075 BKN230 M02/M08 A2932 RMK SC2AC4CI1 DENSITY ALT -1230FT SLP931
CYAW,2023-02-03 17:00,-63.4994,44.6397,CYAW 031700Z CCA 29020G28KT 15SM FEW035 BKN075 BKN230 M03/M10 A2932 RMK SC2AC3CI2 DENSITY ALT -1275FT SLP931
CYAW,2023-02-03 18:00,-63.4994,44.6397,CYAW 031800Z 31018G27KT 15SM -SHSN FEW030 SCT075 BKN230 M05/M10 A2932 RMK SC2AC2CI2 DENSITY ALT -1559FT PCPN VRY LGT SLP932
CYAW,2023-02-03 19:00,-63.4994,44.6397,CYAW 031900Z 31019G29KT 15SM FEW038 M07/M15 A2936 RMK SC2 DENSITY ALT -1919FT SLP943
CYAW,2023-02-03 20:00,-63.4994,44.6397,CYAW 032000Z 28024G34KT 15SM BKN038 M10/M18 A2940 RMK SC5 DENSITY ALT -2314FT SLP958
CYAW,2023-02-03 20:13,-63.4994,44.6397,CYAW 032013Z 28026G32KT 15SM BKN038 M11/M19 A2941 RMK SC5 DENSITY ALT -2500FT LAST OBS /NEXT 061000 UTC SLP962
CYAW,2023-02-06 10:00,-63.4994,44.6397,CYAW 061000Z 00000KT 5SM BR BKN006 OVC014 04/04 A2998 RMK SF5SC3 DENSITY ALT -1126FT FST OBS SLP153
CYAW,2023-02-06 10:28,-63.4994,44.6397,CYAW 061028Z 00000KT 5SM BR FEW006 OVC015 04/04 A2998 RMK SF2SC6 DENSITY ALT -1126FT SLP152
CYAW,2023-02-06 11:00,-63.4994,44.6397,CYAW 061100Z 00000KT 5SM BR BKN014 OVC044 04/04 A2999 RMK SC7SC1 DENSITY ALT -1151FT SLP157
CYAW,2023-02-06 12:00,-63.4994,44.6397,CYAW 061200Z 00000KT 6SM BR OVC140 04/04 A3001 RMK AC8 DENSITY ALT -1148FT SLP162
CYAW,2023-02-06 13:00,-63.4994,44.6397,CYAW 061300Z 00000KT 6SM BR FEW022 OVC140 04/04 A3000 RMK SC2AC6 DENSITY ALT -1136FT SLP160
CYAW,2023-02-06 14:00,-63.4994,44.6397,CYAW 061400Z 00000KT 6SM BR OVC140 04/04 A3000 RMK AC8 DENSITY ALT -1096FT SUN DIMLY VISBL SLP161
CYAW,2023-02-06 15:00,-63.4994,44.6397,CYAW 061500Z 00000KT 6SM BR FEW040 OVC140 05/05 A3000 RMK SC1AS8 DENSITY ALT -1043FT SLP161
CYAW,2023-02-06 16:00,-63.4994,44.6397,CYAW 061600Z 00000KT 9SM FEW040 OVC140 06/05 A2999 RMK SC1AS7 DENSITY ALT -895FT SLP157
CYAW,2023-02-06 17:00,-63.4994,44.6397,CYAW 061700Z 00000KT 9SM FEW040 OVC140 06/05 A2998 RMK SC1AS7 DENSITY ALT -933FT SLP154
CYAW,2023-02-06 18:00,-63.4994,44.6397,CYAW 061800Z 34009KT 10SM SCT013 OVC140 05/04 A2998 RMK SC4AS4 DENSITY ALT -954FT SLP155
CYAW,2023-02-06 19:00,-63.4994,44.6397,CYAW 061900Z 34008KT 15SM FEW013 SCT035 OVC140 05/02 A3001 RMK SC2SC2AS4 DENSITY ALT -998FT SUN DIMLY VISBL SLP164
CYAW,2023-02-06 20:00,-63.4994,44.6397,CYAW 062000Z 36007KT 15SM FEW013 BKN035 OVC140 05/01 A3003 RMK SC1SC4AS3 DENSITY ALT -1114FT SLP171
CYAW,2023-02-06 20:14,-63.4994,44.6397,CYAW 062014Z 35002KT 15SM FEW013 BKN035 OVC140 04/02 A3002 RMK SC1SC4AS3 DENSITY ALT -1139FT LAST OBS /NEXT 071000 UTC SLP168
CYAW,2023-02-07 10:00,-63.4994,44.6397,CYAW 071000Z 01020G29KT 15SM FEW023 OVC180 M05/M09 A3012 RMK SC1AC7 DENSITY ALT -2480FT FST OBS SLP203
CYAW,2023-02-07 11:00,-63.4994,44.6397,CYAW 071100Z 02020G32KT 15SM FEW023 OVC160 M05/M10 A3016 RMK SC1AC8 DENSITY ALT -2527FT SLP214
CYAW,2023-02-07 12:00,-63.4994,44.6397,CYAW 071200Z 02021G31KT 15SM FEW023 OVC170 M05/M09 A3017 RMK SC1AC7 DENSITY ALT -2538FT SLP219
CYAW,2023-02-07 13:00,-63.4994,44.6397,CYAW 071300Z 02021G29KT 15SM FEW023 SCT170 OVC240 M04/M09 A3020 RMK SC1AC3CI4 DENSITY ALT -2495FT SLP229
CYAW,2023-02-07 14:00,-63.4994,44.6397,CYAW 071400Z 02014G20KT 15SM FEW030 FEW180 BKN250 M03/M09 A3021 RMK CF1AC2CI5 DENSITY ALT -2297FT SLP233
CYAW,2023-02-07 15:00,-63.4994,44.6397,CYAW 071500Z 01017G26KT 15SM FEW030 BKN250 M02/M09 A3022 RMK CF1CI6 DENSITY ALT -2207FT SLP237
CYAW,2023-02-07 16:00,-63.4994,44.6397,CYAW 071600Z 01017G24KT 15SM BKN250 M01/M09 A3021 RMK CI6 DENSITY ALT -2042FT SLP234
CYAW,2023-02-07 17:00,-63.4994,44.6397,CYAW 071700Z 36020G29KT 15SM BKN250 M00/M10 A3020 RMK CI6 DENSITY ALT -1994FT SLP229
CYAW,2023-02-07 18:00,-63.4994,44.6397,CYAW 071800Z 02017G22KT 15SM SCT250 00/M10 A3020 RMK CI4 DENSITY ALT -1943FT SLP229
CYAW,2023-02-07 19:00,-63.4994,44.6397,CYAW 071900Z 04014G21KT 15SM SCT250 00/M10 A3019 RMK CI4 DENSITY ALT -1918FT SLP225
CYAW,2023-02-07 20:00,-63.4994,44.6397,CYAW 072000Z CCA 01013KT 15SM SCT250 M00/M09 A3020 RMK CI3 DENSITY ALT -2016FT SLP229
CYAW,2023-02-07 21:00,-63.4994,44.6397,CYAW 072100Z 05014KT 15SM FEW250 M02/M09 A3018 RMK CI2 DENSITY ALT -2174FT SLP224
CYAW,2023-02-07 22:00,-63.4994,44.6397,CYAW 072200Z 01007KT 15SM FEW230 M03/M09 A3019 RMK CI2 DENSITY ALT -2352FT SLP227
CYAW,2023-02-07 22:30,-63.4994,44.6397,CYAW 072230Z 34006KT 15SM FEW230 M04/M09 A3022 RMK CI2 DENSITY ALT -2439FT PRESRR LAST OBS /NEXT 081000 UTC SLP238
CYAW,2023-02-08 10:00,-63.4994,44.6397,CYAW 081000Z 20004KT 15SM OVC025 M02/M04 A2996 RMK SC8 DENSITY ALT -1926FT FST OBS SLP149
CYAW,2023-02-08 11:00,-63.4994,44.6397,CYAW 081100Z 20005KT 15SM OVC026 M02/M04 A2996 RMK SC8 DENSITY ALT -1858FT SLP147
CYAW,2023-02-08 11:14,-63.4994,44.6397,CYAW 081114Z 21005KT 5SM -SHSN OVC030 M01/M03 A2995 RMK SC8 DENSITY ALT -1820FT SLP146
CYAW,2023-02-08 11:35,-63.4994,44.6397,CYAW 081135Z 20003KT 12SM FEW025 OVC030 M01/M03 A2994 RMK SC1SC7 DENSITY ALT -1807FT SLP142
CYAW,2023-02-08 12:00,-63.4994,44.6397,CYAW 081200Z 20005KT 9SM FEW020 OVC025 M01/M02 A2994 RMK SC1SC7 DENSITY ALT -1778FT SLP141
CYAW,2023-02-08 13:00,-63.4994,44.6397,CYAW 081300Z 20005KT 6SM -SN OVC020 M00/M02 A2992 RMK SC8 DENSITY ALT -1635FT SLP133
CYAW,2023-02-08 14:00,-63.4994,44.6397,CYAW 081400Z 21008KT 6SM -DZ BR BKN006 OVC012 00/M00 A2990 RMK SF6SC2 DENSITY ALT -1552FT SLP128
CYAW,2023-02-08 14:16,-63.4994,44.6397,CYAW 081416Z 20007KT 6SM -DZSN BR SCT008 OVC012 00/00 A2990 RMK SF4SC4 DENSITY ALT -1513FT SLP126
CYAW,2023-02-08 14:37,-63.4994,44.6397,CYAW 081437Z 19007KT 3SM -RASN BR OVC006 01/00 A2989 RMK SF8 DENSITY ALT -1474FT CIG VRB 4-8 SLP123
CYAW,2023-02-08 15:00,-63.4994,44.6397,CYAW 081500Z 00000KT 3SM -RASN BR OVC005 01/01 A2989 RMK SF8 DENSITY ALT -1433FT CIG VRB 3-7 SLP123
CYAW,2023-02-08 15:33,-63.4994,44.6397,CYAW 081533Z 00000KT 7SM OVC006 02/02 A2987 RMK SF8 DENSITY ALT -1330FT CIG VRB 4-8 SLP118
CYAW,2023-02-08 16:00,-63.4994,44.6397,CYAW 081600Z 25007KT 12SM OVC010 02/02 A2985 RMK SC8 DENSITY ALT -1243FT CIG VRB 7-13 SLP112
CYAW,2023-02-08 17:00,-63.4994,44.6397,CYAW 081700Z 28009KT 12SM BKN014 OVC036 02/00 A2984 RMK SC6SC2 DENSITY ALT -1254FT SLP106
CYAW,2023-02-08 17:37,-63.4994,44.6397,CYAW 081737Z 27011KT 15SM FEW014 BKN060 BKN230 02/M00 A2982 RMK SC2SC5CI1 DENSITY ALT -1168FT SLP100
CYAW,2023-02-08 18:00,-63.4994,44.6397,CYAW 081800Z 29011KT 15SM FEW014 BKN065 BKN230 03/M00 A2981 RMK SC1SC6CI1 DENSITY ALT -1107FT SLP097
CYAW,2023-02-08 19:00,-63.4994,44.6397,CYAW 081900Z CCA 29012G20KT 15SM FEW014 SCT040 OVC070 04/M02 A2981 RMK SC1SC3AC4 DENSITY ALT -993FT SLP097
CYAW,2023-02-08 20:00,-63.4994,44.6397,CYAW 082000Z 31014KT 15SM FEW014 SCT040 BKN230 04/M02 A2982 RMK SF2SC2CC2 DENSITY ALT -981FT SLP099
CYAW,2023-02-08 21:00,-63.4994,44.6397,CYAW 082100Z 28012KT 15SM FEW014 OVC040 03/M03 A2984 RMK SF1SC8 DENSITY ALT -1134FT SLP106
CYAW,2023-02-08 22:00,-63.4994,44.6397,CYAW 082200Z 28010KT 15SM FEW014 OVC060 03/M03 A2986 RMK SF1SC8 DENSITY ALT -1204FT SLP114
CYAW,2023-02-08 22:35,-63.4994,44.6397,CYAW 082235Z 27011G17KT 15SM FEW014 OVC055 02/M02 A2987 RMK SF1SC8 DENSITY ALT -1240FT LAST OBS /NEXT 091000 UTC SLP116
CYAW,2023-02-09 10:00,-63.4994,44.6397,CYAW 091000Z 32012KT 15SM SKC M05/M12 A3012 RMK DENSITY ALT -2488FT FST OBS SLP202
CYAW,2023-02-09 11:00,-63.4994,44.6397,CYAW 091100Z 31008KT 15SM FEW040 M06/M12 A3015 RMK SC1 DENSITY ALT -2641FT SLP211
CYAW,2023-02-09 12:00,-63.4994,44.6397,CYAW 091200Z 29013G21KT 15SM FEW040 M05/M14 A3021 RMK SC1 DENSITY ALT -2675FT PRESRR SLP233
CYAW,2023-02-09 13:00,-63.4994,44.6397,CYAW 091300Z 30012G22KT 15SM FEW040 M05/M15 A3023 RMK SC1 DENSITY ALT -2634FT SLP241
CYAW,2023-02-09 14:00,-63.4994,44.6397,CYAW 091400Z 31019G24KT 15SM FEW230 M04/M16 A3024 RMK CI1 DENSITY ALT -2543FT SLP243
CYAW,2023-02-09 15:00,-63.4994,44.6397,CYAW 091500Z 31018G24KT 15SM FEW230 M03/M16 A3025 RMK CI1 DENSITY ALT -2425FT SLP247
CYAW,2023-02-09 16:00,-63.4994,44.6397,CYAW 091600Z 30015G20KT 15SM FEW200 M02/M15 A3024 RMK CI2 DENSITY ALT -2284FT SLP242
CYAW,2023-02-09 17:00,-63.4994,44.6397,CYAW 091700Z 31013G19KT 15SM FEW140 BKN230 M01/M16 A3022 RMK AC1CI5 DENSITY ALT -2120FT SLP236
CYAW,2023-02-09 18:00,-63.4994,44.6397,CYAW 091800Z 31018KT 15SM FEW160 BKN230 M01/M17 A3021 RMK AC1CI5 DENSITY ALT -2073FT SLP231
CYAW,2023-02-09 19:00,-63.4994,44.6397,CYAW 091900Z 31015KT 15SM FEW160 BKN230 M01/M16 A3022 RMK AC1CS7 DENSITY ALT -2095FT HALO SLP236
CYAW,2023-02-09 20:00,-63.4994,44.6397,CYAW 092000Z 29008KT 15SM BKN230 M01/M15 A3024 RMK CS7 DENSITY ALT -2129FT HALO SLP242
CYAW,2023-02-09 21:00,-63.4994,44.6397,CYAW 092100Z 32007KT 15SM FEW160 BKN260 M01/M14 A3025 RMK AC1CS6 DENSITY ALT -2189FT SLP246
CYAW,2023-02-09 21:48,-63.4994,44.6397,CYAW 092148Z 31005KT 15SM OVC180 M02/M12 A3027 RMK AS8 DENSITY ALT -2325FT LAST OBS /NEXT 101000 UTC SLP254
CYAW,2023-02-10 10:00,-63.4994,44.6397,CYAW 101000Z 11012G18KT 4SM -RA BR BKN005 OVC030 00/00 A2997 RMK SF5SC3 DENSITY ALT -1632FT FST OBS SLP151
CYAW,2023-02-10 11:00,-63.4994,44.6397,CYAW 101100Z 12010G17KT 2 1/2SM -RA BR OVC005 01/01 A2992 RMK NS8 DENSITY ALT -1481FT SLP135
CYAW,2023-02-10 11:20,-63.4994,44.6397,CYAW 101120Z 12014G19KT 4SM -RA BR OVC004 01/01 A2990 RMK NS8 DENSITY ALT -1418FT PRESFR SLP128
CYAW,2023-02-10 12:00,-63.4994,44.6397,CYAW 101200Z 11013G21KT 4SM -RA BR OVC004 01/01 A2987 RMK NS8 DENSITY ALT -1357FT SLP119
CYAW,2023-02-10 13:00,-63.4994,44.6397,CYAW 101300Z 11012G18KT 3SM -RA BR OVC004 02/02 A2982 RMK NS8 DENSITY ALT -1219FT SLP102
CYAW,2023-02-10 13:51,-63.4994,44.6397,CYAW 101351Z 09010KT 1 1/2SM -RA BR OVC004 02/02 A2975 RMK NS8 DENSITY ALT -1098FT VIS VRB 1-2 PRESFR SLP078
CYAW,2023-02-10 14:00,-63.4994,44.6397,CYAW 101400Z 09011G17KT 1 1/2SM -RA BR OVC004 02/02 A2974 RMK NS8 DENSITY ALT -1073FT VIS VRB 1-2 PRESFR SLP075
CYAW,2023-02-10 14:47,-63.4994,44.6397,CYAW 101447Z 08008G15KT 3/4SM -DZ BR OVC002 03/03 A2969 RMK NS8 DENSITY ALT -949FT VIS VRB 1/2-1 PRESFR SLP056
CYAW,2023-02-10 15:00,-63.4994,44.6397,CYAW 101500Z 08012G17KT 3/4SM -DZ BR OVC002 03/03 A2968 RMK NS8 DENSITY ALT -897FT VIS VRB 1/2-1 PRESFR SLP054
CYAW,2023-02-10 16:00,-63.4994,44.6397,CYAW 101600Z 11003KT 3/4SM -DZ BR OVC002 04/04 A2962 RMK NS8 DENSITY ALT -656FT VIS VRB 1/2-1 PRESFR SLP031
CYAW,2023-02-10 16:45,-63.4994,44.6397,CYAW 101645Z 00000KT 1/4SM -DZ FG VV001 06/06 A2957 RMK FG8 DENSITY ALT -439FT VIS VRB 1/8-3/8 PRESFR SLP016
CYAW,2023-02-10 17:00,-63.4994,44.6397,CYAW 101700Z 18005KT 1/8SM -DZ FG VV001 06/06 A2955 RMK FG8 DENSITY ALT -311FT PRESFR SLP010
CYAW,2023-02-10 18:00,-63.4994,44.6397,CYAW 101800Z 00000KT 1/2SM -DZ FG VV002 07/07 A2954 RMK FG8 DENSITY ALT -193FT VIS VRB 1/4-3/4 SLP005
CYAW,2023-02-10 18:39,-63.4994,44.6397,CYAW 101839Z 00000KT 3/8SM FG VV001 07/07 A2953 RMK FG8 DENSITY ALT -182FT SLP003
CYAW,2023-02-10 19:00,-63.4994,44.6397,CYAW 101900Z 00000KT 1/4SM -DZ FG VV001 07/07 A2953 RMK FG8 DENSITY ALT -182FT VIS VRB 1/8-3/8 SLP003
CYAW,2023-02-10 19:28,-63.4994,44.6397,CYAW 101928Z 00000KT 2 1/4SM -DZ BR OVC003 07/07 A2952 RMK SF8 DENSITY ALT -157FT VIS VRB 1 1/2-3 CIG VRB 2-4 SLP998
CYAW,2023-02-10 20:00,-63.4994,44.6397,CYAW 102000Z 25006KT 5SM BR OVC003 07/07 A2952 RMK SF8 DENSITY ALT -144FT LAST OBS /NEXT 131000 UTC SLP999
CYAW,2023-02-13 10:00,-63.4994,44.6397,CYAW 131000Z 00000KT 15SM OVC240 M04/M05 A2989 RMK CI8 DENSITY ALT -2040FT FST OBS SLP125
CYAW,2023-02-13 11:00,-63.4994,44.6397,CYAW 131100Z 00000KT 15SM OVC230 M03/M04 A2987 RMK CS8 DENSITY ALT -1886FT SLP117
CYAW,2023-02-13 12:00,-63.4994,44.6397,CYAW 131200Z 04006KT 15SM OVC210 M02/M04 A2986 RMK CS8 DENSITY ALT -1847FT SLP115
CYAW,2023-02-13 13:00,-63.4994,44.6397,CYAW 131300Z 03007KT 15SM FEW160 OVC230 M02/M04 A2985 RMK AC2CI6 DENSITY ALT -1744FT SLP112
CYAW,2023-02-13 14:00,-63.4994,44.6397,CYAW 131400Z 04007KT 15SM FEW030 FEW160 OVC200 M01/M03 A2980 RMK SC1AC2CI6 DENSITY ALT -1595FT SLP095
CYAW,2023-02-13 15:00,-63.4994,44.6397,CYAW 131500Z 05007KT 15SM FEW030 BKN150 OVC200 00/M03 A2976 RMK SC1AC6CI2 DENSITY ALT -1418FT SLP082
CYAW,2023-02-13 16:00,-63.4994,44.6397,CYAW 131600Z 05010G15KT 15SM FEW030 OVC140 01/M03 A2972 RMK SC1AC8 DENSITY ALT -1272FT SLP066
CYAW,2023-02-13 17:00,-63.4994,44.6397,CYAW 131700Z 05011G17KT 15SM BKN016 OVC140 01/M04 A2967 RMK SC5AC3 DENSITY ALT -1178FT SLP050
CYAW,2023-02-13 18:00,-63.4994,44.6397,CYAW 131800Z 04012KT 15SM BKN014 OVC030 01/M03 A2964 RMK SC7SC1 DENSITY ALT -1115FT SLP038
CYAW,2023-02-13 18:41,-63.4994,44.6397,CYAW 131841Z 05011G19KT 10SM -SN OVC015 01/M02 A2958 RMK SC8 DENSITY ALT -1029FT PRESFR VIS E-S 1 1/2 SLP017
CYAW,2023-02-13 18:54,-63.4994,44.6397,CYAW 131854Z CCA 05015G22KT 3/4SM -SN DRSN OVC015 01/M02 A2957 RMK SC8 DENSITY ALT -1050FT PRESFR SLP014
CYAW,2023-02-13 19:00,-63.4994,44.6397,CYAW 131900Z 06012G26KT 3/4SM -SN DRSN VV006 00/M01 A2956 RMK SN8 DENSITY ALT -1121FT VIS VRB 1/2-1 PRESFR SLP013
CYAW,2023-02-13 20:00,-63.4994,44.6397,CYAW 132000Z 04011G18KT 3/4SM -SN VV007 00/M00 A2956 RMK SN8 DENSITY ALT -1144FT LAST OBS/NXT 141000 UTC /S01/ SLP011
CYAW,2023-02-14 14:00,-63.4994,44.6397,CYAW 141400Z 34014G20KT 15SM SCT010 OVC055 M03/M05 A2963 RMK SF3SC5 DENSITY ALT -1649FT FST OBS SLP038
CYAW,2023-02-14 14:25,-63.4994,44.6397,CYAW 141425Z 34015G21KT 12SM -SHSN SCT018 OVC058 M03/M05 A2965 RMK SC3SC5 DENSITY ALT -1646FT SLP043
CYAW,2023-02-14 15:00,-63.4994,44.6397,CYAW 141500Z 34013G19KT 5SM -SHSN DRSN SCT019 OVC055 M03/M05 A2967 RMK SC3SC5 DENSITY ALT -1656FT SLP049
CYAW,2023-02-14 16:00,-63.4994,44.6397,CYAW 141600Z 33016G21KT 12SM -SHSN SCT021 OVC040 M02/M05 A2969 RMK SC4SC4 DENSITY ALT -1616FT SLP056
CYAW,2023-02-14 17:00,-63.4994,44.6397,CYAW 141700Z 34012G21KT 15SM -SHSN BKN021 OVC050 M01/M05 A2970 RMK SC5SC3 DENSITY ALT -1525FT PCPN VRY LGT SLP061
CYAW,2023-02-14 17:32,-63.4994,44.6397,CYAW 141732Z 34014G21KT 15SM DRSN BKN025 OVC055 M01/M06 A2972 RMK SC6SC2 DENSITY ALT -1525FT SLP066
CYAW,2023-02-14 18:00,-63.4994,44.6397,CYAW 141800Z 34015G21KT 15SM BKN025 OVC060 M01/M05 A2972 RMK SC6SC2 DENSITY ALT -1511FT SLP068
CYAW,2023-02-14 19:00,-63.4994,44.6397,CYAW 141900Z 34012G22KT 15SM DRSN OVC025 M01/M06 A2975 RMK SC8 DENSITY ALT -1585FT SLP078
CYAW,2023-02-14 20:00,-63.4994,44.6397,CYAW 142000Z 33017G22KT 15SM DRSN OVC022 M02/M06 A2978 RMK SC8 DENSITY ALT -1723FT SLP088
CYAW,2023-02-14 21:00,-63.4994,44.6397,CYAW 142100Z 33018KT 15SM DRSN OVC020 M03/M06 A2984 RMK SC8 DENSITY ALT -1884FT SLP106
CYAW,2023-02-14 21:44,-63.4994,44.6397,CYAW 142144Z 34016G22KT 15SM DRSN OVC022 M03/M07 A2987 RMK SC8 DENSITY ALT -1987FT LAST OBS /NEXT 151000 UTC SLP118
CYAW,2023-02-15 10:00,-63.4994,44.6397,CYAW 151000Z 00000KT 15SM SKC M09/M11 A3017 RMK DENSITY ALT -3162FT FST OBS SLP219
CYAW,2023-02-15 11:00,-63.4994,44.6397,CYAW 151100Z 00000KT 15SM SKC M10/M11 A3020 RMK DENSITY ALT -3304FT SLP230
CYAW,2023-02-15 12:00,-63.4994,44.6397,CYAW 151200Z 00000KT 15SM FEW240 M11/M12 A3023 RMK CI1 DENSITY ALT -3447FT SLP240
CYAW,2023-02-15 13:00,-63.4994,44.6397,CYAW 151300Z 00000KT 15SM FEW240 M07/M09 A3023 RMK CI2 DENSITY ALT -2868FT SLP240
CYAW,2023-02-15 14:00,-63.4994,44.6397,CYAW 151400Z 00000KT 15SM SCT250 M03/M07 A3023 RMK CI4 DENSITY ALT -2315FT SLP241
CYAW,2023-02-15 15:00,-63.4994,44.6397,CYAW 151500Z 25008KT 15SM BKN250 M00/M06 A3022 RMK CI6 DENSITY ALT -1979FT SLP236
CYAW,2023-02-15 16:00,-63.4994,44.6397,CYAW 151600Z 25006KT 15SM FEW160 BKN250 01/M05 A3020 RMK AC2CI4 DENSITY ALT -1785FT SLP230
CYAW,2023-02-15 17:00,-63.4994,44.6397,CYAW 151700Z 23009KT 15SM BKN220 02/M04 A3019 RMK CS7 DENSITY ALT -1718FT HALO SLP225
CYAW,2023-02-15 18:00,-63.4994,44.6397,CYAW 151800Z 24007KT 15SM FEW190 BKN220 BKN250 02/M04 A3016 RMK AS2CS3CI2 DENSITY ALT -1619FT SLP217
CYAW,2023-02-15 19:00,-63.4994,44.6397,CYAW 151900Z 22008KT 15SM BKN190 BKN250 02/M03 A3015 RMK AS5CI2 DENSITY ALT -1603FT SLP213
CYAW,2023-02-15 20:00,-63.4994,44.6397,CYAW 152000Z 21010KT 15SM BKN180 BKN250 02/M02 A3014 RMK AS5CI2 DENSITY ALT -1636FT LAST OBS /NEXT 161300 UTC SLP208
CYAW,2023-02-16 13:00,-63.4994,44.6397,CYAW 161300Z 26006KT 12SM FEW007 06/06 A2972 RMK SF1 DENSITY ALT -588FT FST OBS SLP065
CYAW,2023-02-16 14:00,-63.4994,44.6397,CYAW 161400Z 26013G18KT 12SM FEW070 08/07 A2972 RMK AC1 DENSITY ALT -273FT SLP067
CYAW,2023-02-16 15:00,-63.4994,44.6397,CYAW 161500Z 27014G20KT 15SM FEW020 FEW050 11/06 A2974 RMK CF1SC1 DENSITY ALT -13FT SLP071
CYAW,2023-02-16 16:00,-63.4994,44.6397,CYAW 161600Z 27019G26KT 15SM FEW020 FEW250 12/04 A2973 RMK CF1CI1 DENSITY ALT 97FT SLP070
CYAW,2023-02-16 17:00,-63.4994,44.6397,CYAW 161700Z 29016G25KT 15SM FEW250 12/03 A2976 RMK CI1 DENSITY ALT 148FT SLP078
CYAW,2023-02-16 18:00,-63.4994,44.6397,CYAW 161800Z 30013G18KT 15SM FEW250 13/02 A2975 RMK CI1 DENSITY ALT 241FT SLP075
CYAW,2023-02-16 19:00,-63.4994,44.6397,CYAW 161900Z 29013G20KT 15SM FEW250 13/03 A2976 RMK CI2 DENSITY ALT 266FT SLP080
CYAW,2023-02-16 20:00,-63.4994,44.6397,CYAW 162000Z 28012KT 15SM SCT250 13/02 A2980 RMK CI3 DENSITY ALT 202FT LAST OBS /NEXT 171000 UTC SLP092
CYAW,2023-02-17 10:00,-63.4994,44.6397,CYAW 171000Z 00000KT 15SM FEW050 OVC070 03/01 A2983 RMK SC1AC7 DENSITY ALT -1096FT FST OBS SLP102
CYAW,2023-02-17 11:00,-63.4994,44.6397,CYAW 171100Z 07006KT 15SM BKN058 OVC075 03/01 A2979 RMK SC7AC1 DENSITY ALT -1025FT SLP088
CYAW,2023-02-17 12:00,-63.4994,44.6397,CYAW 171200Z 08009KT 15SM OVC050 03/00 A2977 RMK SC8 DENSITY ALT -1007FT SLP084
CYAW,2023-02-17 13:00,-63.4994,44.6397,CYAW 171300Z 09012G19KT 15SM OVC044 03/M00 A2975 RMK SC8 DENSITY ALT -1014FT SLP075
CYAW,2023-02-17 14:00,-63.4994,44.6397,CYAW 171400Z 09010G16KT 15SM OVC024 03/M01 A2972 RMK SC8 DENSITY ALT -1009FT SLP065
CYAW,2023-02-17 15:00,-63.4994,44.6397,CYAW 171500Z 09011G18KT 4SM -DZ BR BKN008 OVC015 02/M00 A2968 RMK SF5SC3 DENSITY ALT -1031FT SLP052
CYAW,2023-02-17 15:23,-63.4994,44.6397,CYAW 171523Z 09008KT 2 1/4SM -DZ BR OVC006 02/02 A2966 RMK SF8 DENSITY ALT -1061FT VIS VRB 1 1/2-3 SLP046
CYAW,2023-02-17 16:00,-63.4994,44.6397,CYAW 171600Z 09009G15KT 2 1/4SM -DZ BR OVC003 02/02 A2962 RMK SF8 DENSITY ALT -1026FT VIS VRB 1 1/2-3 CIG VRB 2-4 SLP033
CYAW,2023-02-17 17:00,-63.4994,44.6397,CYAW 171700Z 09007KT 1SM -RA BR OVC002 02/02 A2956 RMK SF8 DENSITY ALT -956FT VIS VRB 3/4-1 1/4 PRESFR SLP012
CYAW,2023-02-17 17:36,-63.4994,44.6397,CYAW 171736Z 10006KT 3/4SM -RA BR OVC001 02/02 A2954 RMK SF8 DENSITY ALT -919FT VIS VRB 1/2-1 SLP006
CYAW,2023-02-17 18:00,-63.4994,44.6397,CYAW 171800Z 10006KT 3/4SM -RA BR OVC002 02/02 A2951 RMK SF8 DENSITY ALT -858FT VIS VRB 1/2-1 CIG VRB 1-3 SLP996
CYAW,2023-02-17 18:31,-63.4994,44.6397,CYAW 171831Z 00000KT 1/4SM -DZ FG VV001 02/02 A2949 RMK FG8 DENSITY ALT -781FT VIS VRB 0-1/2 CIG VRB 0-2 SLP989
CYAW,2023-02-17 19:00,-63.4994,44.6397,CYAW 171900Z 00000KT 1/8SM -RA FG VV000 03/03 A2947 RMK FG8 DENSITY ALT -679FT VIS VRB 0-1/4 SLP983
CYAW,2023-02-17 19:42,-63.4994,44.6397,CYAW 171942Z 10002KT 1/8SM FG VV000 04/04 A2942 RMK FG8 DENSITY ALT -488FT VIS VRB 0-1/4 PRESFR SLP966
CYAW,2023-02-17 20:00,-63.4994,44.6397,CYAW 172000Z 00000KT 1/8SM FG VV000 04/04 A2944 RMK FG8 DENSITY ALT -485FT VIS VRB 0-1/4 SLP972
CYAW,2023-02-17 20:08,-63.4994,44.6397,CYAW 172008Z 00000KT 1/8SM FG VV000 04/04 A2943 RMK FG8 DENSITY ALT -474FT VIS VRB 0-1/4 LAST OBS /NEXT 211100 UTC SLP968
CYAW,2023-02-21 11:00,-63.4994,44.6397,CYAW 211100Z 30008KT 15SM FEW160 01/00 A2960 RMK AC2 DENSITY ALT -1087FT FST OBS SLP025
CYAW,2023-02-21 12:00,-63.4994,44.6397,CYAW 211200Z 29009KT 15SM FEW160 01/M00 A2963 RMK AC1 DENSITY ALT -1136FT SLP036
CYAW,2023-02-21 13:00,-63.4994,44.6397,CYAW 211300Z 30008KT 15SM FEW010 FEW160 01/M01 A2965 RMK SF1AC1 DENSITY ALT -1113FT SLP041
CYAW,2023-02-21 14:00,-63.4994,44.6397,CYAW 211400Z 35007KT 15SM FEW016 SCT250 02/M01 A2966 RMK CU2CI1 DENSITY ALT -1049FT SLP045
CYAW,2023-02-21 15:00,-63.4994,44.6397,CYAW 211500Z 32007KT 15SM SCT020 SCT140 SCT250 03/M01 A2968 RMK CU3AC1CI1 DENSITY ALT -986FT AC TR SLP051
CYAW,2023-02-21 16:00,-63.4994,44.6397,CYAW 211600Z 31007KT 15SM FEW025 FEW120 SCT250 03/M03 A2968 RMK CU1AC1CI2 DENSITY ALT -948FT SLP051
CYAW,2023-02-21 17:00,-63.4994,44.6397,CYAW 211700Z 31004KT 15SM FEW030 SCT100 BKN250 04/M03 A2966 RMK CU1AC3CI2 DENSITY ALT -811FT SLP044
CYAW,2023-02-21 18:00,-63.4994,44.6397,CYAW 211800Z 31006KT 15SM FEW030 BKN100 OVC250 04/M04 A2965 RMK SC1AC6CI2 DENSITY ALT -794FT SLP043
CYAW,2023-02-21 19:00,-63.4994,44.6397,CYAW 211900Z 30006KT 15SM FEW030 OVC090 03/M04 A2968 RMK SC1AS8 DENSITY ALT -917FT SLP051
CYAW,2023-02-21 20:00,-63.4994,44.6397,CYAW 212000Z 36005KT 15SM FEW030 OVC090 02/M03 A2967 RMK SC1AS8 DENSITY ALT -1037FT SLP048
CYAW,2023-02-21 21:00,-63.4994,44.6397,CYAW 212100Z 34005KT 15SM FEW030 BKN090 02/M03 A2965 RMK SC2AS5 DENSITY ALT -1090FT SLP041
CYAW,2023-02-21 22:00,-63.4994,44.6397,CYAW 212200Z 36007KT 15SM FEW030 SCT100 BKN160 00/M05 A2965 RMK SC1AC3AS3 DENSITY ALT -1248FT SLP043
CYAW,2023-02-21 23:00,-63.4994,44.6397,CYAW 212300Z 03009KT 15SM FEW040 BKN120 OVC170 M00/M06 A2966 RMK SC2AC3AS3 DENSITY ALT -1340FT SLP044
CYAW,2023-02-22 00:00,-63.4994,44.6397,CYAW 220000Z 03012KT 15SM FEW040 OVC180 M01/M04 A2963 RMK SC1AS7 DENSITY ALT -1361FT SLP035
CYAW,2023-02-22 01:00,-63.4994,44.6397,CYAW 220100Z 04008KT 15SM FEW040 OVC180 M02/M05 A2964 RMK SC1AS8 DENSITY ALT -1492FT SLP040
CYAW,2023-02-22 01:38,-63.4994,44.6397,CYAW 220138Z 03007KT 15SM SCT020 OVC180 M02/M05 A2967 RMK SC4AS4 DENSITY ALT -1529FT LAST OBS /NEXT 221100 UTC SLP050
CYAW,2023-02-22 11:00,-63.4994,44.6397,CYAW 221100Z 36005KT 15SM BKN010 BKN160 M05/M07 A2984 RMK SC6AC1 DENSITY ALT -2213FT FST OBS SLP109
CYAW,2023-02-22 12:00,-63.4994,44.6397,CYAW 221200Z 33005KT 15SM SCT009 BKN160 M05/M06 A2990 RMK SF4AC1 DENSITY ALT -2188FT SLP126
CYAW,2023-02-22 13:00,-63.4994,44.6397,CYAW 221300Z 28007KT 15SM FEW010 FEW080 M03/M07 A2992 RMK CF1AC1 DENSITY ALT -2008FT CF TR SLP134
CYAW,2023-02-22 14:00,-63.4994,44.6397,CYAW 221400Z 32008KT 15SM FEW120 FEW250 M01/M06 A2990 RMK AC1CI1 DENSITY ALT -1736FT SLP129
CYAW,2023-02-22 15:00,-63.4994,44.6397,CYAW 221500Z 30009KT 15SM FEW060 FEW120 FEW250 01/M05 A2990 RMK CF1AC1CI1 DENSITY ALT -1452FT SLP128
CYAW,2023-02-22 16:00,-63.4994,44.6397,CYAW 221600Z 27011G16KT 15SM FEW015 FEW250 03/M04 A2990 RMK CF1CI1 DENSITY ALT -1156FT CF TR SLP128
CYAW,2023-02-22 17:00,-63.4994,44.6397,CYAW 221700Z 30015G20KT 15SM FEW035 SCT250 06/M05 A2988 RMK CU2CI2 DENSITY ALT -867FT SLP120
CYAW,2023-02-22 18:00,-63.4994,44.6397,CYAW 221800Z 30016G22KT 15SM SCT040 BKN250 06/M05 A2989 RMK SC4CI1 DENSITY ALT -875FT SLP124
CYAW,2023-02-22 19:00,-63.4994,44.6397,CYAW 221900Z 28016G26KT 15SM SCT045 SCT250 06/M07 A2989 RMK SC3CI1 DENSITY ALT -859FT SLP123
CYAW,2023-02-22 20:00,-63.4994,44.6397,CYAW 222000Z 30018G26KT 15SM FEW045 FEW250 05/M08 A2990 RMK CF1CI1 DENSITY ALT -1023FT LAST OBS /NEXT 231100 UTC CF TR SLP127
CYAW,2023-02-23 11:00,-63.4994,44.6397,CYAW 231100Z 34008KT 15SM FEW030 OVC090 M09/M16 A3014 RMK SC1AC8 DENSITY ALT -3058FT FST OBS SLP210
CYAW,2023-02-23 12:00,-63.4994,44.6397,CYAW 231200Z 34008KT 15SM FEW030 OVC090 M09/M15 A3013 RMK SC1AC8 DENSITY ALT -3006FT SLP207
CYAW,2023-02-23 13:00,-63.4994,44.6397,CYAW 231300Z 36010KT 15SM FEW030 OVC080 M09/M15 A3011 RMK SC1AC8 DENSITY ALT -2982FT SLP198
CYAW,2023-02-23 14:00,-63.4994,44.6397,CYAW 231400Z 36009KT 15SM FEW030 OVC065 M09/M15 A3011 RMK SC1SC8 DENSITY ALT -2982FT SLP198
CYAW,2023-02-23 15:00,-63.4994,44.6397,CYAW 231500Z 01010KT 15SM FEW030 OVC050 M08/M15 A3010 RMK SC1SC8 DENSITY ALT -2944FT SLP197
CYAW,2023-02-23 16:00,-63.4994,44.6397,CYAW 231600Z 07009KT 15SM SCT030 OVC050 M08/M15 A3007 RMK SC3SC5 DENSITY ALT -2869FT SLP187
CYAW,2023-02-23 17:00,-63.4994,44.6397,CYAW 231700Z 04007KT 15SM -SHSN FEW030 OVC040 M07/M14 A3004 RMK SC1SC8 DENSITY ALT -2754FT SLP175
CYAW,2023-02-23 17:40,-63.4994,44.6397,CYAW 231740Z 36008KT 15SM FEW040 OVC100 M07/M14 A3004 RMK SC1AS7 DENSITY ALT -2714FT SLP175
CYAW,2023-02-23 18:00,-63.4994,44.6397,CYAW 231800Z 02004KT 15SM -SN FEW040 OVC100 M07/M14 A3002 RMK SC1AS7 DENSITY ALT -2624FT SLP170
CYAW,2023-02-23 19:00,-63.4994,44.6397,CYAW 231900Z 02006KT 15SM -SN FEW040 OVC100 M07/M14 A3001 RMK SC1AS7 DENSITY ALT -2600FT PCPN VRY LGT SLP164
CYAW,2023-02-23 19:31,-63.4994,44.6397,CYAW 231931Z 02008KT 15SM FEW040 OVC090 M07/M14 A3001 RMK SC1AS7 DENSITY ALT -2600FT SLP166
CYAW,2023-02-23 20:00,-63.4994,44.6397,CYAW 232000Z 35008KT 15SM -SN FEW040 OVC085 M07/M14 A3002 RMK SC1AS8 DENSITY ALT -2612FT PCPN VRY LGT SLP168
CYAW,2023-02-23 21:00,-63.4994,44.6397,CYAW 232100Z 36007KT 12SM -SN FEW030 OVC080 M07/M14 A3003 RMK SC1AS8 DENSITY ALT -2623FT SLP173
CYAW,2023-02-23 22:00,-63.4994,44.6397,CYAW 232200Z 36007KT 15SM -SN FEW090 OVC110 M07/M14 A3005 RMK AC2AS6 DENSITY ALT -2686FT SLP178
CYAW,2023-02-23 22:44,-63.4994,44.6397,CYAW 232244Z 36008KT 15SM OVC100 M07/M14 A3005 RMK AS8 DENSITY ALT -2713FT SLP178
CYAW,2023-02-23 23:00,-63.4994,44.6397,CYAW 232300Z 02009KT 15SM OVC100 M07/M14 A3004 RMK AS8 DENSITY ALT -2727FT LAST OBS /NEXT 241400 UTC SLP175
CYAW,2023-02-27 11:00,-63.4994,44.6397,CYAW 271100Z 02011KT 15SM FEW020 SCT150 M14/M17 A2986 RMK SC1AC2 DENSITY ALT -3378FT FST OBS SLP114
CYAW,2023-02-27 12:00,-63.4994,44.6397,CYAW 271200Z 01007KT 15SM FEW020 FEW250 M13/M17 A2989 RMK SC1CI1 DENSITY ALT -3292FT SLP126
CYAW,2023-02-27 13:00,-63.4994,44.6397,CYAW 271300Z 01009KT 15SM FEW020 FEW250 M11/M16 A2992 RMK SC1CI1 DENSITY ALT -3030FT SLP135
CYAW,2023-02-27 14:00,-63.4994,44.6397,CYAW 271400Z 02009G15KT 15SM FEW030 FEW250 M09/M16 A2993 RMK SC1CI1 DENSITY ALT -2801FT SLP139
CYAW,2023-02-27 15:00,-63.4994,44.6397,CYAW 271500Z 01009G15KT 15SM FEW030 M07/M16 A2993 RMK SC1 DENSITY ALT -2617FT SLP140
CYAW,2023-02-27 16:00,-63.4994,44.6397,CYAW 271600Z 02010G15KT 15SM FEW030 M06/M16 A2994 RMK SC1 DENSITY ALT -2510FT SLP141
CYAW,2023-02-27 17:00,-63.4994,44.6397,CYAW 271700Z 36011KT 15SM FEW035 M06/M16 A2993 RMK SC1 DENSITY ALT -2379FT SLP140
CYAW,2023-02-27 18:00,-63.4994,44.6397,CYAW 271800Z 36011G17KT 15SM FEW040 M05/M16 A2993 RMK CU1 DENSITY ALT -2315FT SLP140
CYAW,2023-02-27 19:00,-63.4994,44.6397,CYAW 271900Z 02012KT 15SM FEW040 M05/M17 A2995 RMK SC1 DENSITY ALT -2327FT SLP144
CYAW,2023-02-27 20:00,-63.4994,44.6397,CYAW 272000Z 36010G16KT 15SM FEW040 M05/M18 A2997 RMK SC1 DENSITY ALT -2390FT SLP151
CYAW,2023-02-27 21:00,-63.4994,44.6397,CYAW 272100Z 01010KT 15SM FEW040 M06/M17 A2998 RMK SC1 DENSITY ALT -2480FT SLP157
CYAW,2023-02-27 22:00,-63.4994,44.6397,CYAW 272200Z 36007KT 15SM FEW030 FEW250 M08/M17 A3001 RMK SC1CI1 DENSITY ALT -2737FT SLP166
CYAW,2023-02-27 23:00,-63.4994,44.6397,CYAW 272300Z 01006KT 15SM FEW030 FEW250 M09/M17 A3005 RMK SC1CI1 DENSITY ALT -2983FT SLP178
CYAW,2023-02-28 00:00,-63.4994,44.6397,CYAW 280000Z 02007KT 15SM SKC M10/M17 A3005 RMK DENSITY ALT -3089FT SLP178
CYAW,2023-02-28 01:00,-63.4994,44.6397,CYAW 280100Z 04003KT 15SM SKC M11/M17 A3008 RMK DENSITY ALT -3312FT SLP189
CYAW,2023-02-28 01:45,-63.4994,44.6397,CYAW 280145Z 00000KT 15SM SKC M12/M17 A3008 RMK DENSITY ALT -3446FT LAST OBS/NXT 281100 UTC SLP189
CYAW,2023-02-28 11:00,-63.4994,44.6397,CYAW 281100Z 04005KT 15SM FEW020 BKN220 M14/M17 A3013 RMK CU1CI6 DENSITY ALT -3721FT FST OBS SLP206
CYAW,2023-02-28 12:00,-63.4994,44.6397,CYAW 281200Z 05007KT 15SM FEW020 BKN240 M12/M15 A3012 RMK CU1CI7 DENSITY ALT -3409FT SLP204
CYAW,2023-02-28 13:00,-63.4994,44.6397,CYAW 281300Z 05008KT 15SM FEW030 BKN220 M09/M14 A3011 RMK CU1CS6 DENSITY ALT -3087FT HALO SLP201
CYAW,2023-02-28 14:00,-63.4994,44.6397,CYAW 281400Z 07011G16KT 15SM FEW030 BKN240 M07/M12 A3012 RMK CU1CI6 DENSITY ALT -2829FT SLP204
CYAW,2023-02-28 15:00,-63.4994,44.6397,CYAW 281500Z 07010G17KT 15SM FEW030 BKN240 M06/M13 A3013 RMK CU2CI4 DENSITY ALT -2632FT SLP206
CYAW,2023-02-28 16:00,-63.4994,44.6397,CYAW 281600Z 07008G17KT 15SM SCT025 BKN240 M05/M12 A3012 RMK CU3CI4 DENSITY ALT -2513FT SLP204
CYAW,2023-02-28 17:00,-63.4994,44.6397,CYAW 281700Z 07011G17KT 15SM -SHSN SCT030 BKN220 M05/M11 A3011 RMK CU3CS4 DENSITY ALT -2526FT HALO SLP198
CYAW,2023-02-28 17:38,-63.4994,44.6397,CYAW 281738Z 08011G18KT 15SM SCT030 BKN220 M05/M12 A3010 RMK CU3CS4 DENSITY ALT -2555FT HALO SLP196
CYAW,2023-02-28 18:00,-63.4994,44.6397,CYAW 281800Z 07013KT 15SM SCT030 BKN220 M05/M11 A3009 RMK CU4CS3 DENSITY ALT -2517FT SLP194
CYAW,2023-02-28 19:00,-63.4994,44.6397,CYAW 281900Z 09010G17KT 15SM FEW030 BKN220 M05/M12 A3009 RMK CU2CS5 DENSITY ALT -2439FT HALO SLP191
CYAW,2023-02-28 20:00,-63.4994,44.6397,CYAW 282000Z 08012KT 15SM FEW030 BKN220 M05/M12 A3010 RMK SC2CS5 DENSITY ALT -2503FT HALO SLP195
CYAW,2023-02-28 21:00,-63.4994,44.6397,CYAW 282100Z 09010G18KT 15SM SCT030 OVC220 M05/M11 A3009 RMK SC3CS5 DENSITY ALT -2502FT SLP193
CYAW,2023-02-28 22:00,-63.4994,44.6397,CYAW 282200Z 07011G18KT 15SM SCT030 SCT140 OVC220 M06/M12 A3009 RMK SC3AC1CS4 DENSITY ALT -2558FT SLP192
CYAW,2023-02-28 23:00,-63.4994,44.6397,CYAW 282300Z 07007KT 15SM FEW030 OVC220 M06/M11 A3008 RMK SC1CS7 DENSITY ALT -2544FT HALO SLP189
CYAW,2023-03-01 00:00,-63.4994,44.6397,CYAW 010000Z 08011G18KT 15SM FEW030 SCT120 OVC220 M05/M10 A3008 RMK SC2AC2CS4 DENSITY ALT -2450FT SLP188
CYAW,2023-03-01 01:00,-63.4994,44.6397,CYAW 010100Z 07006KT 15SM BKN028 M05/M10 A3009 RMK SC7 DENSITY ALT -2498FT SLP191
CYAW,2023-03-01 02:00,-63.4994,44.6397,CYAW 010200Z 08009G17KT 15SM BKN029 M04/M09 A3008 RMK SC7 DENSITY ALT -2315FT LAST OBS/NXT 011200 UTC SLP189
CYAW,2023-03-01 12:00,-63.4994,44.6397,CYAW 011200Z CCA 05008KT 3/4SM -SN VV010 M06/M07 A3008 RMK SN8 DENSITY ALT -2596FT FST OBS SLP189
CYAW,2023-03-01 13:00,-63.4994,44.6397,CYAW 011300Z 06007KT 1 1/2SM -SN OVC015 M06/M07 A3011 RMK SC8 DENSITY ALT -2564FT SLP198
CYAW,2023-03-01 14:00,-63.4994,44.6397,CYAW 011400Z 06008KT 3/4SM -SN VV010 M05/M06 A3012 RMK SN8 DENSITY ALT -2495FT /S01/ SLP203
CYAW,2023-03-01 15:00,-63.4994,44.6397,CYAW 011500Z 06007G18KT 2SM -SN OVC011 M04/M06 A3012 RMK SN4SC4 DENSITY ALT -2324FT /S02/ SLP202
CYAW,2023-03-01 16:00,-63.4994,44.6397,CYAW 011600Z 07007G15KT 3SM -SN OVC012 M03/M05 A3012 RMK SC8 DENSITY ALT -2179FT SLP203
CYAW,2023-03-01 17:00,-63.4994,44.6397,CYAW 011700Z 09010G15KT 5SM -SN OVC012 M02/M05 A3010 RMK SC8 DENSITY ALT -2091FT SLP196
CYAW,2023-03-01 18:00,-63.4994,44.6397,CYAW 011800Z 08007KT 15SM BKN013 BKN120 M01/M05 A3009 RMK SC7AC1 DENSITY ALT -1988FT SLP193
CYAW,2023-03-01 19:00,-63.4994,44.6397,CYAW 011900Z 09007KT 15SM BKN015 OVC021 M02/M05 A3010 RMK SC6SC2 DENSITY ALT -2079FT SLP194
CYAW,2023-03-01 19:18,-63.4994,44.6397,CYAW 011918Z 08007KT 10SM -SHSN BKN017 BKN025 M02/M05 A3010 RMK SC5SC2 DENSITY ALT -2053FT SLP195
CYAW,2023-03-01 20:00,-63.4994,44.6397,CYAW 012000Z 08004KT 6SM -SHSN OVC024 M02/M05 A3010 RMK SC8 DENSITY ALT -2078FT SLP195
CYAW,2023-03-01 21:00,-63.4994,44.6397,CYAW 012100Z 10004KT 10SM -SHSN BKN016 OVC075 M02/M05 A3011 RMK SC5AC3 DENSITY ALT -2142FT SLP198
CYAW,2023-03-01 21:41,-63.4994,44.6397,CYAW 012141Z 00000KT 15SM FEW020 OVC070 M03/M05 A3011 RMK SC2AC6 DENSITY ALT -2168FT SLP198
CYAW,2023-03-01 22:00,-63.4994,44.6397,CYAW 012200Z 00000KT 15SM OVC073 M03/M05 A3010 RMK AC8 DENSITY ALT -2157FT SLP197
CYAW,2023-03-01 23:00,-63.4994,44.6397,CYAW 012300Z 00000KT 15SM OVC067 M03/M05 A3011 RMK AC8 DENSITY ALT -2193FT SLP199
CYAW,2023-03-01 23:19,-63.4994,44.6397,CYAW 012319Z 00000KT 10SM -SHSN OVC061 M03/M05 A3011 RMK SC8 DENSITY ALT -2168FT SLP199
CYAW,2023-03-02 00:00,-63.4994,44.6397,CYAW 020000Z 00000KT 8SM -SHSN FEW030 OVC060 M02/M05 A3011 RMK SC2SC6 DENSITY ALT -2129FT SLP198
CYAW,2023-03-02 01:00,-63.4994,44.6397,CYAW 020100Z 00000KT 3SM -SN FEW010 OVC022 M02/M05 A3012 RMK SF1SC7 DENSITY ALT -2165FT SLP202
CYAW,2023-03-02 01:14,-63.4994,44.6397,CYAW 020114Z 00000KT 1SM -SN OVC006 M03/M04 A3012 RMK SN4SF4 DENSITY ALT -2251FT VIS VRB 3/4-1 1/4 SLP202
CYAW,2023-03-02 01:29,-63.4994,44.6397,CYAW 020129Z 00000KT 3SM -SN SCT008 OVC030 M03/M04 A3012 RMK SF3SC5 DENSITY ALT -2263FT SLP202
CYAW,2023-03-02 02:00,-63.4994,44.6397,CYAW 020200Z 00000KT 8SM -SN OVC029 M03/M03 A3012 RMK SC8 DENSITY ALT -2262FT LAST OBS/NXT 021200 UTC /S01/ SLP203
CYAW,2023-03-02 12:00,-63.4994,44.6397,CYAW 021200Z 00000KT 15SM FEW020 FEW120 SCT250 M05/M05 A2999 RMK SC1AC1CI3 DENSITY ALT -2313FT FST OBS SLP157
CYAW,2023-03-02 13:00,-63.4994,44.6397,CYAW 021300Z 00000KT 15SM FEW015 FEW120 BKN220 M03/M04 A2998 RMK SC1AC2CS5 DENSITY ALT -2113FT HALO SLP153
CYAW,2023-03-02 14:00,-63.4994,44.6397,CYAW 021400Z 00000KT 15SM FEW015 BKN110 BKN220 M02/M05 A2998 RMK SC1AC5CS2 DENSITY ALT -1927FT SLP154
CYAW,2023-03-02 15:00,-63.4994,44.6397,CYAW 021500Z 00000KT 15SM FEW015 SCT090 OVC220 M01/M05 A2995 RMK SC1AC3CS5 DENSITY ALT -1739FT HALO SLP144
CYAW,2023-03-02 16:00,-63.4994,44.6397,CYAW 021600Z 00000KT 15SM FEW015 BKN110 OVC220 00/M05 A2990 RMK SC1AC6CS2 DENSITY ALT -1552FT SLP127
CYAW,2023-03-02 17:00,-63.4994,44.6397,CYAW 021700Z 00000KT 15SM FEW015 FEW060 BKN095 OVC220 M01/M05 A2985 RMK SC1SC1AC5CS2 DENSITY ALT -1624FT SLP110
CYAW,2023-03-02 18:00,-63.4994,44.6397,CYAW 021800Z 10003KT 15SM FEW025 BKN075 OVC220 M00/M04 A2980 RMK SC2AC4CS2 DENSITY ALT -1484FT SLP093
CYAW,2023-03-02 18:35,-63.4994,44.6397,CYAW 021835Z 11008KT 4SM -SN OVC020 M00/M03 A2977 RMK SC8 DENSITY ALT -1470FT VIS HYR N SLP085
CYAW,2023-03-02 19:00,-63.4994,44.6397,CYAW 021900Z 09007KT 12SM -SN OVC015 M01/M02 A2975 RMK SC8 DENSITY ALT -1505FT SLP078
CYAW,2023-03-02 20:00,-63.4994,44.6397,CYAW 022000Z 07009KT 1 1/2SM -SN OVC010 M01/M02 A2970 RMK SC8 DENSITY ALT -1419FT SLP059
CYAW,2023-03-02 20:14,-63.4994,44.6397,CYAW 022014Z 08007KT 3/4SM -SN OVC010 M01/M01 A2969 RMK SC8 DENSITY ALT -1417FT SLP056
CYAW,2023-03-02 20:33,-63.4994,44.6397,CYAW 022033Z 07008KT 3/4SM -SN OVC009 M01/M01 A2966 RMK SN4SF4 DENSITY ALT -1391FT PRESFR SLP048
CYAW,2023-03-02 21:00,-63.4994,44.6397,CYAW 022100Z 07010KT 3/4SM -SN OVC008 M01/M01 A2964 RMK SN4SF4 DENSITY ALT -1381FT SLP040
CYAW,2023-03-02 21:22,-63.4994,44.6397,CYAW 022122Z 07009G15KT 1SM -SN OVC004 M01/M01 A2962 RMK SN3SF5 DENSITY ALT -1371FT VIS VRB 3/4-1 1/2 SLP034
CYAW,2023-03-02 22:00,-63.4994,44.6397,CYAW 022200Z 08011KT 3/4SM -SN OVC004 M01/M01 A2960 RMK SN4SF4 DENSITY ALT -1308FT LAST OBS /NEXT 061100 UTC /S01/ SLP026
CYAW,2023-03-06 11:00,-63.4994,44.6397,CYAW 061100Z 30014G21KT 15SM DRSN SCT040 BKN080 OVC240 M01/M04 A2935 RMK SC4AC2CI2 DENSITY ALT -1034FT FST OBS SLP942
CYAW,2023-03-06 11:25,-63.4994,44.6397,CYAW 061125Z 29011G17KT 6SM -SN DRSN BKN035 OVC080 M01/M03 A2935 RMK SC5AC3 DENSITY ALT -1055FT VIS HYR W QUAD SLP942
CYAW,2023-03-06 11:50,-63.4994,44.6397,CYAW 061150Z 28013G18KT 2SM -SN DRSN OVC015 M01/M03 A2936 RMK SN5SC3 DENSITY ALT -1077FT SLP943
CYAW,2023-03-06 12:00,-63.4994,44.6397,CYAW 061200Z 28010G15KT 1 1/2SM -SN DRSN VV008 M01/M02 A2936 RMK SN8 DENSITY ALT -1087FT SLP943
CYAW,2023-03-06 13:00,-63.4994,44.6397,CYAW 061300Z 28012G17KT 8SM -SN DRSN OVC010 M01/M02 A2935 RMK SC8 DENSITY ALT -1062FT SLP942
CYAW,2023-03-06 14:00,-63.4994,44.6397,CYAW 061400Z 30013KT 12SM -SN BKN014 OVC040 M00/M04 A2935 RMK SC5SC3 DENSITY ALT -980FT PCPN VRY LGT SLP942
CYAW,2023-03-06 14:19,-63.4994,44.6397,CYAW 061419Z 31014G20KT 12SM BKN035 OVC240 M00/M04 A2935 RMK SC7CI1 DENSITY ALT -956FT SLP942
CYAW,2023-03-06 15:00,-63.4994,44.6397,CYAW 061500Z 31018KT 15SM OVC035 00/M04 A2935 RMK SC8 DENSITY ALT -919FT SLP941
CYAW,2023-03-06 15:48,-63.4994,44.6397,CYAW 061548Z 31014KT 12SM -SHSN DRSN BKN020 OVC040 M00/M03 A2934 RMK SC5SC3 DENSITY ALT -980FT SLP937
CYAW,2023-03-06 16:00,-63.4994,44.6397,CYAW 061600Z 32019G24KT 12SM -SHSN DRSN BKN020 OVC040 00/M03 A2934 RMK SC5SC3 DENSITY ALT -927FT VIS NE QUAD 1-2 SLP937
CYAW,2023-03-06 16:43,-63.4994,44.6397,CYAW 061643Z 30017G22KT 12SM -SHGS DRSN BKN020 OVC035 00/M04 A2933 RMK SC6SC2 DENSITY ALT -868FT SLP936
CYAW,2023-03-06 17:00,-63.4994,44.6397,CYAW 061700Z 28014KT 15SM DRSN BKN020 OVC035 01/M04 A2933 RMK SC6SC2 DENSITY ALT -805FT SLP935
CYAW,2023-03-06 18:00,-63.4994,44.6397,CYAW 061800Z 32014G19KT 12SM -SHSNGS DRSN OVC026 00/M03 A2934 RMK SC8 DENSITY ALT -916FT SLP938
CYAW,2023-03-06 19:00,-63.4994,44.6397,CYAW 061900Z 31016G21KT 12SM -SHSN BKN029 OVC045 01/M03 A2934 RMK SC5SC3 DENSITY ALT -866FT VIS LWR SE-W SLP939
CYAW,2023-03-06 19:21,-63.4994,44.6397,CYAW 061921Z CCA 32015KT 1SM -SHSN OVC030 01/M03 A2934 RMK SC8 DENSITY ALT -864FT VIS VRB 3/4-1 1/2 VIS HIER W-NW 5 SLP939
CYAW,2023-03-06 19:42,-63.4994,44.6397,CYAW 061942Z 31010G15KT 8SM -SHSN SCT030 OVC050 M00/M01 A2935 RMK SC4SC4 DENSITY ALT -968FT VIS LWR SE-W SLP940
CYAW,2023-03-06 20:00,-63.4994,44.6397,CYAW 062000Z 32012KT 12SM -SHSN SCT025 OVC055 00/M03 A2935 RMK CU4SC4 DENSITY ALT -912FT VIS LWR N SLP940
CYAW,2023-03-06 20:44,-63.4994,44.6397,CYAW 062044Z 32018KT 1SM -SHSN DRSN OVC025 M00/M03 A2936 RMK SN3CU5 DENSITY ALT -961FT VIS VRB 3/4-1 1/2 VIS SE-SW 3 SLP944
CYAW,2023-03-06 20:50,-63.4994,44.6397,CYAW 062050Z 34011G18KT 3/4SM -SHSN DRSN VV003 M01/M02 A2937 RMK SN8 DENSITY ALT -1083FT VIS VRB 1/2-1 SLP947
CYAW,2023-03-06 21:00,-63.4994,44.6397,CYAW 062100Z 32014KT 8SM -SHSN DRSN BKN030 BKN060 M01/M02 A2936 RMK CU5SC2 DENSITY ALT -1073FT VIS LWR SE-W SLP946
CYAW,2023-03-06 21:45,-63.4994,44.6397,CYAW 062145Z 30010KT 15SM FEW030 BKN070 M01/M03 A2937 RMK CU2AC5 DENSITY ALT -1103FT SLP947
CYAW,2023-03-06 22:00,-63.4994,44.6397,CYAW 062200Z 31012G20KT 15SM FEW030 SCT070 BKN100 M01/M04 A2936 RMK SC1AC3AC3 DENSITY ALT -1081FT SLP946
CYAW,2023-03-06 23:00,-63.4994,44.6397,CYAW 062300Z 32016G21KT 15SM FEW020 BKN040 OVC085 M02/M05 A2938 RMK SC1SC5AC3 DENSITY ALT -1224FT SLP951
CYAW,2023-03-06 23:22,-63.4994,44.6397,CYAW 062322Z 32016G21KT 5SM -SHSN FEW020 OVC060 M02/M04 A2938 RMK SC2SC6 DENSITY ALT -1249FT SLP952
CYAW,2023-03-07 00:00,-63.4994,44.6397,CYAW 070000Z 30013KT 8SM -SHSN FEW008 SCT035 OVC090 M03/M04 A2938 RMK SF1SC3AC4 DENSITY ALT -1311FT SLP952
CYAW,2023-03-07 01:00,-63.4994,44.6397,CYAW 070100Z 32014G20KT 10SM -SHSN SCT023 OVC055 M02/M05 A2939 RMK SC4SC4 DENSITY ALT -1300FT SLP953
CYAW,2023-03-07 01:48,-63.4994,44.6397,CYAW 070148Z 32014KT 10SM -SHSN SCT019 OVC037 M03/M05 A2939 RMK SC4SC4 DENSITY ALT -1326FT LAST OBS/NXT 071200 UTC SLP953
CYAW,2023-03-07 12:00,-63.4994,44.6397,CYAW 071200Z 35008KT 15SM -SHSN BKN015 OVC040 M02/M04 A2950 RMK SC5SC3 DENSITY ALT -1399FT PCPN VRY LGT FST OBS SLP993
CYAW,2023-03-07 13:00,-63.4994,44.6397,CYAW 071300Z 34008KT 15SM -SHSN SCT015 OVC040 M01/M04 A2951 RMK SC4SC4 DENSITY ALT -1321FT PCPN VRY LGT SLP994
CYAW,2023-03-07 14:00,-63.4994,44.6397,CYAW 071400Z 36010KT 15SM -SHSN SCT017 OVC040 M00/M04 A2952 RMK SC3SC5 DENSITY ALT -1195FT PCPN VRY LGT SLP998
CYAW,2023-03-07 15:00,-63.4994,44.6397,CYAW 071500Z 04009KT 15SM -SHSN OVC029 M00/M05 A2952 RMK SC8 DENSITY ALT -1160FT PCPN VRY LGT SLP999
CYAW,2023-03-07 16:00,-63.4994,44.6397,CYAW 071600Z 04009KT 15SM -SHSN OVC030 01/M05 A2952 RMK SC8 DENSITY ALT -1074FT PCPN VRY LGT SLP000
CYAW,2023-03-07 17:00,-63.4994,44.6397,CYAW 071700Z 00000KT 15SM -SHSN OVC028 01/M04 A2953 RMK SC8 DENSITY ALT -979FT PCPN VRY LGT SLP002
CYAW,2023-03-07 18:00,-63.4994,44.6397,CYAW 071800Z 05005KT 15SM OVC030 01/M04 A2954 RMK SC8 DENSITY ALT -992FT SLP005
CYAW,2023-03-07 19:00,-63.4994,44.6397,CYAW 071900Z 01006KT 15SM OVC035 02/M04 A2955 RMK SC8 DENSITY ALT -977FT SLP008
CYAW,2023-03-07 20:00,-63.4994,44.6397,CYAW 072000Z 00000KT 15SM BKN040 BKN140 BKN240 02/M04 A2956 RMK SC7AC1CI1 DENSITY ALT -975FT SLP011
CYAW,2023-03-07 20:21,-63.4994,44.6397,CYAW 072021Z 01010G16KT 15SM -SHSN BKN030 BKN140 BKN240 01/M02 A2956 RMK SC7AC1CI1 DENSITY ALT -1080FT SLP013
CYAW,2023-03-07 21:00,-63.4994,44.6397,CYAW 072100Z 01010KT 15SM BKN036 OVC042 01/M03 A2957 RMK SC6SC2 DENSITY ALT -1044FT VIRGA S SLP016
CYAW,2023-03-07 21:39,-63.4994,44.6397,CYAW 072139Z CCA 02009KT 12SM -SHGS OVC035 01/M03 A2958 RMK SC8 DENSITY ALT -1105FT SLP020
CYAW,2023-03-07 22:00,-63.4994,44.6397,CYAW 072200Z 01008KT 12SM -SHGS OVC036 01/M02 A2959 RMK SC8 DENSITY ALT -1142FT SLP023
CYAW,2023-03-07 22:32,-63.4994,44.6397,CYAW 072232Z 36006KT 15SM OVC038 01/M03 A2960 RMK SC8 DENSITY ALT -1144FT SLP026
CYAW,2023-03-07 23:00,-63.4994,44.6397,CYAW 072300Z 36010G15KT 15SM OVC040 01/M03 A2961 RMK SC8 DENSITY ALT -1156FT SLP029
CYAW,2023-03-08 00:00,-63.4994,44.6397,CYAW 080000Z 02014G20KT 15SM -SHSN FEW020 OVC039 00/M03 A2962 RMK SC1SC8 DENSITY ALT -1230FT PCPN VRY LGT SLP032
CYAW,2023-03-08 01:00,-63.4994,44.6397,CYAW 080100Z 36009KT 15SM -SHSN FEW020 BKN042 BKN055 M00/M03 A2963 RMK SC1SC6SC1 DENSITY ALT -1319FT PCPN VRY LGT SLP037
CYAW,2023-03-08 01:32,-63.4994,44.6397,CYAW 080132Z 36008KT 15SM -SHSN OVC038 M00/M03 A2964 RMK SC8 DENSITY ALT -1343FT LAST OBS /NEXT 081200 UTC SLP039
CYAW,2023-03-08 12:00,-63.4994,44.6397,CYAW 081200Z 01014G19KT 15SM OVC010 01/00 A2966 RMK SC8 DENSITY ALT -1131FT FST OBS SLP045
CYAW,2023-03-08 13:00,-63.4994,44.6397,CYAW 081300Z 36017G24KT 15SM BKN013 BKN040 02/00 A2967 RMK SC5SC2 DENSITY ALT -1031FT SLP048
CYAW,2023-03-08 14:00,-63.4994,44.6397,CYAW 081400Z 36014G26KT 15SM BKN016 BKN049 03/00 A2969 RMK SC6SC1 DENSITY ALT -941FT SLP055
CYAW,2023-03-08 15:00,-63.4994,44.6397,CYAW 081500Z 36014G26KT 15SM FEW018 OVC056 04/M00 A2970 RMK SC2SC6 DENSITY ALT -880FT SLP060
CYAW,2023-03-08 16:00,-63.4994,44.6397,CYAW 081600Z 36016G27KT 15SM SCT025 OVC049 04/M01 A2971 RMK SC3SC5 DENSITY ALT -845FT SLP063
CYAW,2023-03-08 17:00,-63.4994,44.6397,CYAW 081700Z 35012G26KT 15SM BKN027 OVC048 04/M01 A2971 RMK SC5SC3 DENSITY ALT -882FT SLP064
CYAW,2023-03-08 17:20,-63.4994,44.6397,CYAW 081720Z 35015G20KT 12SM -SHRA BKN026 OVC048 03/M01 A2972 RMK SC5SC3 DENSITY ALT -955FT PCPN VRY LGT SLP065
CYAW,2023-03-08 18:00,-63.4994,44.6397,CYAW 081800Z 36019G27KT 12SM -SHRA OVC031 03/M01 A2972 RMK SC8 DENSITY ALT -958FT PCPN VRY LGT SLP066
CYAW,2023-03-08 19:00,-63.4994,44.6397,CYAW 081900Z CCA 01019G28KT 15SM -SHRA OVC035 03/M01 A2972 RMK SC8 DENSITY ALT -998FT PCPN VRY LGT SLP066
CYAW,2023-03-08 19:52,-63.4994,44.6397,CYAW 081952Z 01019G29KT 12SM -SHRASN OVC035 02/M01 A2973 RMK SC8 DENSITY ALT -1096FT SLP070
CYAW,2023-03-08 20:00,-63.4994,44.6397,CYAW 082000Z 36017G30KT 12SM -SHGS OVC035 02/M01 A2973 RMK SC8 DENSITY ALT -1108FT SLP070
CYAW,2023-03-08 20:08,-63.4994,44.6397,CYAW 082008Z 36020G30KT 12SM OVC030 02/M02 A2974 RMK SC8 DENSITY ALT -1136FT SLP072
CYAW,2023-03-08 21:00,-63.4994,44.6397,CYAW 082100Z 36019G29KT 15SM OVC028 02/M03 A2976 RMK SC8 DENSITY ALT -1189FT SLP079
CYAW,2023-03-08 22:00,-63.4994,44.6397,CYAW 082200Z 36016G30KT 15SM OVC026 01/M03 A2978 RMK SC8 DENSITY ALT -1275FT SLP086
CYAW,2023-03-08 23:00,-63.4994,44.6397,CYAW 082300Z 36015G24KT 15SM OVC025 01/M03 A2979 RMK SC8 DENSITY ALT -1327FT SLP091
CYAW,2023-03-09 00:00,-63.4994,44.6397,CYAW 090000Z 35023G32KT 15SM BKN028 01/M03 A2981 RMK SC6 DENSITY ALT -1378FT SLP096
CYAW,2023-03-09 01:00,-63.4994,44.6397,CYAW 090100Z 36011G28KT 15SM SCT026 00/M03 A2982 RMK SC4 DENSITY ALT -1452FT SLP098
CYAW,2023-03-09 01:52,-63.4994,44.6397,CYAW 090152Z 35016KT 15SM SCT035 00/M04 A2981 RMK SC3 DENSITY ALT -1455FT LAST OBS /NEXT 091200 UTC SLP096
CYAW,2023-03-09 12:00,-63.4994,44.6397,CYAW 091200Z 34016G21KT 12SM -SHSN BKN018 00/M02 A2985 RMK SC6 DENSITY ALT -1480FT VIS LWR N FST OBS SLP111
CYAW,2023-03-09 13:00,-63.4994,44.6397,CYAW 091300Z 36013G21KT 12SM -SHSN BKN015 BKN022 01/M02 A2986 RMK SC6SC1 DENSITY ALT -1465FT PCPN VRY LGT SLP113
CYAW,2023-03-09 14:00,-63.4994,44.6397,CYAW 091400Z 36010G20KT 12SM -SHSN OVC015 01/M02 A2988 RMK SC8 DENSITY ALT -1490FT PCPN VRY LGT SLP120
CYAW,2023-03-09 15:00,-63.4994,44.6397,CYAW 091500Z 36013G22KT 9SM -SHSN OVC023 01/M03 A2988 RMK SC8 DENSITY ALT -1394FT SLP121
CYAW,2023-03-09 16:00,-63.4994,44.6397,CYAW 091600Z 34015G22KT 9SM -SHSN BKN026 02/M04 A2987 RMK SC7 DENSITY ALT -1347FT SLP119
CYAW,2023-03-09 17:00,-63.4994,44.6397,CYAW 091700Z 36019G26KT 5SM -SHSN OVC025 02/M04 A2986 RMK SC8 DENSITY ALT -1235FT VIS VRB 3-7 SLP115
CYAW,2023-03-09 17:09,-63.4994,44.6397,CYAW 091709Z 02020G28KT 2 1/4SM -SHSN SCT008 OVC023 02/M04 A2987 RMK ST3SC5 DENSITY ALT -1275FT VIS VRB 1 1/2-3 SLP118
CYAW,2023-03-09 17:26,-63.4994,44.6397,CYAW 091726Z 36011G24KT 5SM -SHSN FEW008 OVC023 01/M02 A2988 RMK SF2SC6 DENSITY ALT -1440FT VIS VRB 3-7 SLP120
CYAW,2023-03-09 18:00,-63.4994,44.6397,CYAW 091800Z 35016KT 12SM -SHSN SCT008 OVC025 01/M02 A2988 RMK SF3SC5 DENSITY ALT -1415FT SLP120
CYAW,2023-03-09 18:11,-63.4994,44.6397,CYAW 091811Z 01018G26KT 2 1/4SM -SHSN OVC020 01/M02 A2988 RMK SN5SC3 DENSITY ALT -1467FT VIS VRB 1 1/2-3 SLP120
CYAW,2023-03-09 18:29,-63.4994,44.6397,CYAW 091829Z 01015G22KT 10SM -SHSN FEW008 OVC030 01/M03 A2988 RMK SF2SC6 DENSITY ALT -1404FT SLP122
CYAW,2023-03-09 19:00,-63.4994,44.6397,CYAW 091900Z 01013G20KT 2 1/4SM -SHSN SCT015 BKN030 01/M02 A2989 RMK SF4SC3 DENSITY ALT -1389FT VIS VRB 1 1/2-3 SLP123
CYAW,2023-03-09 19:16,-63.4994,44.6397,CYAW 091916Z 36013G20KT 12SM -SHSN FEW015 OVC035 01/M03 A2989 RMK SF1SC7 DENSITY ALT -1441FT SLP124
CYAW,2023-03-09 19:52,-63.4994,44.6397,CYAW 091952Z 02015KT 1 1/2SM -SHSN OVC020 00/M02 A2990 RMK SN6SC2 DENSITY ALT -1537FT VIS VRB 1-2 SLP127
CYAW,2023-03-09 20:00,-63.4994,44.6397,CYAW 092000Z 01010G19KT 10SM -SHSN FEW008 BKN020 00/M02 A2990 RMK SF2SC4 DENSITY ALT -1563FT VIS LWR W QUAD SLP127
CYAW,2023-03-09 21:00,-63.4994,44.6397,CYAW 092100Z 01012KT 15SM -SHSN BKN035 01/M04 A2990 RMK SC6 DENSITY ALT -1436FT SLP127
CYAW,2023-03-09 22:00,-63.4994,44.6397,CYAW 092200Z 35016G22KT 15SM SCT020 BKN060 01/M05 A2991 RMK CF3SC3 DENSITY ALT -1525FT LAST OBS /NEXT 101000 UTC SLP132
CYAW,2023-03-10 10:00,-63.4994,44.6397,CYAW 101000Z 31011KT 15SM FEW140 M02/M07 A2980 RMK AC1 DENSITY ALT -1763FT FST OBS SLP094
CYAW,2023-03-10 11:00,-63.4994,44.6397,CYAW 101100Z 31010G15KT 15SM FEW140 M02/M06 A2980 RMK AC1 DENSITY ALT -1762FT SLP095
CYAW,2023-03-10 12:00,-63.4994,44.6397,CYAW 101200Z 32014KT 15SM FEW140 M01/M06 A2980 RMK AC1 DENSITY ALT -1567FT SLP094
CYAW,2023-03-10 13:00,-63.4994,44.6397,CYAW 101300Z 34008G16KT 15SM FEW030 FEW140 00/M05 A2980 RMK SC1AC1 DENSITY ALT -1461FT SLP093
CYAW,2023-03-10 14:00,-63.4994,44.6397,CYAW 101400Z 34009G19KT 15SM FEW033 02/M04 A2979 RMK CU1 DENSITY ALT -1257FT SLP091
CYAW,2023-03-10 15:00,-63.4994,44.6397,CYAW 101500Z 34017G27KT 15SM BKN038 03/M06 A2980 RMK SC6 DENSITY ALT -1162FT SLP092
CYAW,2023-03-10 16:00,-63.4994,44.6397,CYAW 101600Z 33016KT 15SM BKN040 02/M05 A2980 RMK SC7 DENSITY ALT -1186FT SLP092
CYAW,2023-03-10 17:00,-63.4994,44.6397,CYAW 101700Z 35013G22KT 15SM BKN039 02/M06 A2979 RMK SC7 DENSITY ALT -1188FT SLP091
CYAW,2023-03-10 18:00,-63.4994,44.6397,CYAW 101800Z 35011G20KT 15SM BKN035 02/M06 A2979 RMK SC7 DENSITY ALT -1251FT VIRGA DIST E SLP092
CYAW,2023-03-10 19:00,-63.4994,44.6397,CYAW 101900Z 33017KT 15SM BKN035 01/M06 A2980 RMK SC7 DENSITY ALT -1326FT SLP093
CYAW,2023-03-10 19:19,-63.4994,44.6397,CYAW 101919Z 35014G21KT 15SM BKN035 01/M06 A2980 RMK SC7 DENSITY ALT -1364FT LAST OBS /NEXT 131100 UTC SLP094
CYAW,2023-03-13 10:00,-63.4994,44.6397,CYAW 131000Z 01009KT 15SM FEW030 M04/M05 A3008 RMK SC1 DENSITY ALT -2299FT FST OBS SLP190
CYAW,2023-03-13 11:00,-63.4994,44.6397,CYAW 131100Z 36008KT 15SM FEW030 M04/M05 A3011 RMK SC1 DENSITY ALT -2308FT SLP199
CYAW,2023-03-13 12:00,-63.4994,44.6397,CYAW 131200Z 02005KT 15SM FEW020 M02/M04 A3012 RMK SC1 DENSITY ALT -2124FT SLP201
CYAW,2023-03-13 13:00,-63.4994,44.6397,CYAW 131300Z 03008KT 15SM FEW020 FEW250 00/M04 A3012 RMK SC1CI1 DENSITY ALT -1791FT SC TR SLP203
CYAW,2023-03-13 14:00,-63.4994,44.6397,CYAW 131400Z 04008KT 15SM FEW020 FEW250 02/M05 A3014 RMK SC1CI2 DENSITY ALT -1665FT SLP207
CYAW,2023-03-13 15:00,-63.4994,44.6397,CYAW 131500Z 00000KT 15SM FEW020 FEW250 03/M05 A3013 RMK SC1CI2 DENSITY ALT -1513FT SLP206
CYAW,2023-03-13 16:00,-63.4994,44.6397,CYAW 131600Z 00000KT 15SM FEW020 FEW250 04/M05 A3012 RMK SC1CI2 DENSITY ALT -1379FT SLP203
CYAW,2023-03-13 17:00,-63.4994,44.6397,CYAW 131700Z 18010KT 15SM FEW020 BKN250 03/M03 A3012 RMK SC1CI5 DENSITY ALT -1455FT SLP202
CYAW,2023-03-13 18:00,-63.4994,44.6397,CYAW 131800Z 16008KT 15SM BKN250 03/M03 A3011 RMK CI5 DENSITY ALT -1482FT SLP199
CYAW,2023-03-13 19:00,-63.4994,44.6397,CYAW 131900Z 15009KT 15SM BKN250 02/M02 A3011 RMK CI5 DENSITY ALT -1530FT SLP198
CYAW,2023-03-13 20:00,-63.4994,44.6397,CYAW 132000Z 17008G15KT 15SM BKN250 01/M02 A3011 RMK CI6 DENSITY ALT -1642FT SLP198
CYAW,2023-03-13 21:00,-63.4994,44.6397,CYAW 132100Z 16008G15KT 15SM BKN250 01/M02 A3010 RMK CI6 DENSITY ALT -1643FT SLP195
CYAW,2023-03-13 22:00,-63.4994,44.6397,CYAW 132200Z 00000KT 15SM BKN250 01/M02 A3011 RMK CI7 DENSITY ALT -1731FT SLP199
CYAW,2023-03-13 23:00,-63.4994,44.6397,CYAW 132300Z 00000KT 15SM BKN250 M01/M02 A3012 RMK CI5 DENSITY ALT -1909FT SLP201
CYAW,2023-03-14 00:00,-63.4994,44.6397,CYAW 140000Z 00000KT 15SM FEW240 M01/M02 A3011 RMK CI1 DENSITY ALT -1959FT SLP199
CYAW,2023-03-14 01:00,-63.4994,44.6397,CYAW 140100Z 00000KT 15SM FEW240 M02/M03 A3011 RMK CI1 DENSITY ALT -2117FT SLP197
CYAW,2023-03-14 01:29,-63.4994,44.6397,CYAW 140129Z 00000KT 15SM FEW200 M03/M03 A3011 RMK CC1 DENSITY ALT -2169FT LAST OBS /NEXT 141100 UTC SLP200
CYAW,2023-03-14 11:00,-63.4994,44.6397,CYAW 141100Z 11010G16KT 15SM OVC020 M00/M03 A3002 RMK SC8 DENSITY ALT -1736FT FST OBS SLP168
CYAW,2023-03-14 12:00,-63.4994,44.6397,CYAW 141200Z 09009G18KT 15SM BKN018 00/M03 A3000 RMK SC7 DENSITY ALT -1698FT SLP161
CYAW,2023-03-14 13:00,-63.4994,44.6397,CYAW 141300Z 08014G25KT 15SM BKN016 OVC250 01/M03 A2997 RMK SC7CI1 DENSITY ALT -1561FT SLP152
CYAW,2023-03-14 14:00,-63.4994,44.6397,CYAW 141400Z 08018G28KT 15SM BKN015 OVC038 01/M02 A2995 RMK SC7SC1 DENSITY ALT -1521FT SLP146
CYAW,2023-03-14 15:00,-63.4994,44.6397,CYAW 141500Z 08020G26KT 12SM BKN015 OVC035 01/M02 A2992 RMK SC7SC1 DENSITY ALT -1421FT SLP135
CYAW,2023-03-14 16:00,-63.4994,44.6397,CYAW 141600Z 08022G29KT 12SM BKN015 OVC025 02/M01 A2989 RMK SC6SC2 DENSITY ALT -1320FT SLP123
CYAW,2023-03-14 17:00,-63.4994,44.6397,CYAW 141700Z 08020G32KT 12SM BKN015 OVC027 02/M01 A2985 RMK SC6SC2 DENSITY ALT -1284FT SLP110
CYAW,2023-03-14 18:00,-63.4994,44.6397,CYAW 141800Z 07019G30KT 10SM OVC014 02/M01 A2979 RMK SC8 DENSITY ALT -1213FT SLP091
CYAW,2023-03-14 19:00,-63.4994,44.6397,CYAW 141900Z 08021G35KT 6SM -SN BKN014 OVC020 02/M01 A2973 RMK SC7SC1 DENSITY ALT -1169FT PRESFR SLP071
CYAW,2023-03-14 19:49,-63.4994,44.6397,CYAW 141949Z 08019G36KT 3/4SM -SN OVC013 01/M01 A2967 RMK SC8 DENSITY ALT -1148FT PRESFR SLP050
CYAW,2023-03-14 20:00,-63.4994,44.6397,CYAW 142000Z 08017G30KT 3/4SM -SN VV007 01/00 A2968 RMK SN8 DENSITY ALT -1232FT SLP052
CYAW,2023-03-14 20:10,-63.4994,44.6397,CYAW 142010Z 08020G32KT 1/2SM SN VV006 00/00 A2967 RMK SN8 DENSITY ALT -1258FT SLP049
CYAW,2023-03-14 20:32,-63.4994,44.6397,CYAW 142032Z 08018G35KT 3/8SM SN VV003 00/00 A2967 RMK SN8 DENSITY ALT -1270FT SLP049
CYAW,2023-03-14 21:00,-63.4994,44.6397,CYAW 142100Z 07021G34KT 1/2SM SN VV004 00/00 A2963 RMK SN8 DENSITY ALT -1223FT VIS VRB 3/8-3/4 CIG VRB 3-6 SLP036
CYAW,2023-03-14 21:15,-63.4994,44.6397,CYAW 142115Z 07019G30KT 2SM -SN OVC007 00/00 A2961 RMK SF8 DENSITY ALT -1200FT PRESFR CIG VRB 5-9 SLP028
CYAW,2023-03-14 22:00,-63.4994,44.6397,CYAW 142200Z 07026G35KT 2SM -RASN BR OVC006 01/01 A2957 RMK SF8 DENSITY ALT -1100FT PRESFR LAST OBS /NEXT 151100 UTC SLP016
CYAW,2023-03-15 11:00,-63.4994,44.6397,CYAW 151100Z 05010G17KT 4SM BR OVC003 03/03 A2935 RMK ST8 DENSITY ALT -578FT CIG VRB 2-4 FST OBS SLP942
CYAW,2023-03-15 11:30,-63.4994,44.6397,CYAW 151130Z 07008G15KT 3/4SM BR OVC002 03/03 A2936 RMK ST8 DENSITY ALT -563FT SLP945
CYAW,2023-03-15 11:45,-63.4994,44.6397,CYAW 151145Z 07008G15KT 3/8SM FG VV002 03/03 A2936 RMK FG8 DENSITY ALT -550FT SLP944
CYAW,2023-03-15 12:00,-63.4994,44.6397,CYAW 151200Z 07014G20KT 3/8SM FG VV002 03/03 A2935 RMK FG8 DENSITY ALT -538FT SLP940
CYAW,2023-03-15 13:00,-63.4994,44.6397,CYAW 151300Z 06008KT 3/8SM FG VV002 03/03 A2934 RMK FG8 DENSITY ALT -460FT SLP939
CYAW,2023-03-15 13:36,-63.4994,44.6397,CYAW 151336Z 10008KT 2SM -SHRA BR OVC002 04/04 A2936 RMK ST8 DENSITY ALT -418FT SLP943
CYAW,2023-03-15 14:00,-63.4994,44.6397,CYAW 151400Z 09008G17KT 1SM SHRA BR OVC002 04/04 A2936 RMK ST8 DENSITY ALT -471FT CVCTV CLD EMBD SLP945
CYAW,2023-03-15 14:29,-63.4994,44.6397,CYAW 151429Z 08011G16KT 6SM -SHRA BR BKN005 OVC015 03/03 A2935 RMK SF5SC3 DENSITY ALT -565FT SLP941
CYAW,2023-03-15 15:00,-63.4994,44.6397,CYAW 151500Z 07015G25KT 4SM -SHRA BR BKN005 OVC015 03/03 A2933 RMK ST5SC3 DENSITY ALT -475FT SLP935
CYAW,2023-03-15 15:29,-63.4994,44.6397,CYAW 151529Z 07010G19KT 6SM BR OVC005 04/04 A2933 RMK SF8 DENSITY ALT -356FT CIG VRB 3-7 SLP933
CYAW,2023-03-15 16:00,-63.4994,44.6397,CYAW 151600Z 07011G16KT 5SM -SHRA BR OVC004 04/04 A2931 RMK SF8 DENSITY ALT -293FT CIG VRB 3-6 SLP928
CYAW,2023-03-15 16:32,-63.4994,44.6397,CYAW 151632Z 05008KT 6SM BR SCT006 BKN043 06/06 A2931 RMK SF3SC4 DENSITY ALT -97FT SLP925
CYAW,2023-03-15 17:00,-63.4994,44.6397,CYAW 151700Z 08014G21KT 6SM BR SCT007 BKN055 BKN075 07/06 A2929 RMK SF3SC3AC1 DENSITY ALT 14FT SLP919
CYAW,2023-03-15 18:00,-63.4994,44.6397,CYAW 151800Z 05010G20KT 9SM FEW006 SCT050 BKN080 07/06 A2928 RMK SF2SC2AC3 DENSITY ALT 186FT SLP915
CYAW,2023-03-15 18:32,-63.4994,44.6397,CYAW 151832Z 07011G18KT 5SM BR BKN007 BKN080 06/05 A2927 RMK SF6AC1 DENSITY ALT -5FT LAST OBS /NEXT 160900 UTC SLP914
CYAW,2023-03-16 09:00,-63.4994,44.6397,CYAW 160900Z 35014G22KT 2SM -SHSN OVC013 M01/M01 A2938 RMK SC8 DENSITY ALT -1067FT FST OBS SLP952
CYAW,2023-03-16 09:31,-63.4994,44.6397,CYAW 160931Z 34015G22KT 3SM -SHSN BKN011 OVC017 M01/M01 A2939 RMK SC6SC2 DENSITY ALT -1091FT SLP955
CYAW,2023-03-16 10:00,-63.4994,44.6397,CYAW 161000Z 35015G25KT 7SM -SHSN FEW011 BKN016 OVC040 M01/M02 A2939 RMK SC1SC6SC1 DENSITY ALT -1093FT SLP956
CYAW,2023-03-16 11:00,-63.4994,44.6397,CYAW 161100Z 35013G20KT 3SM -SHSN OVC012 M01/M02 A2943 RMK SC8 DENSITY ALT -1140FT SLP969
CYAW,2023-03-16 12:00,-63.4994,44.6397,CYAW 161200Z 35014G21KT 15SM OVC015 M00/M02 A2945 RMK SC8 DENSITY ALT -1113FT SLP976
CYAW,2023-03-16 13:00,-63.4994,44.6397,CYAW 161300Z 35018KT 12SM -SHSN BKN017 BKN022 00/M02 A2947 RMK SC6SC1 DENSITY ALT -1061FT PCPN VRY LGT SLP982
CYAW,2023-03-16 14:00,-63.4994,44.6397,CYAW 161400Z 34020G28KT 12SM -SHSN BKN016 OVC048 00/M01 A2948 RMK SC7SC1 DENSITY ALT -1045FT SLP986
CYAW,2023-03-16 15:00,-63.4994,44.6397,CYAW 161500Z 34025G30KT 15SM BKN020 OVC052 01/M02 A2948 RMK SC6SC2 DENSITY ALT -983FT SLP986
CYAW,2023-03-16 16:00,-63.4994,44.6397,CYAW 161600Z 33019G32KT 15SM SCT020 BKN060 02/M01 A2948 RMK SC4SC2 DENSITY ALT -803FT SLP986
CYAW,2023-03-16 17:00,-63.4994,44.6397,CYAW 161700Z 34023G30KT 15SM BKN025 BKN060 02/M01 A2949 RMK SC5SC2 DENSITY ALT -792FT SLP988
CYAW,2023-03-16 17:09,-63.4994,44.6397,CYAW 161709Z 32023G30KT 5SM -SHSN OVC021 02/M01 A2949 RMK SC8 DENSITY ALT -862FT SLP987
CYAW,2023-03-16 17:49,-63.4994,44.6397,CYAW 161749Z 33019G34KT 12SM BKN020 BKN060 02/M01 A2949 RMK SC5SC2 DENSITY ALT -791FT SLP987
CYAW,2023-03-16 18:00,-63.4994,44.6397,CYAW 161800Z 33021G29KT 12SM BKN023 BKN055 02/M02 A2949 RMK SC6SC1 DENSITY ALT -793FT SLP988
CYAW,2023-03-16 19:00,-63.4994,44.6397,CYAW 161900Z 33020G27KT 12SM -SHSN OVC020 01/M01 A2951 RMK SC8 DENSITY ALT -939FT VIS S 4 BR SLP994
CYAW,2023-03-16 19:13,-63.4994,44.6397,CYAW 161913Z 34018G25KT 6SM -SHSN OVC025 01/M01 A2951 RMK SC8 DENSITY ALT -952FT LAST OBS /NEXT 170900 UTC SLP995
CYAW,2023-03-17 09:00,-63.4994,44.6397,CYAW 170900Z 31017KT 15SM SCT027 M00/M02 A2968 RMK SC3 DENSITY ALT -1371FT FST OBS SLP051
CYAW,2023-03-17 10:00,-63.4994,44.6397,CYAW 171000Z 32015KT 15SM SCT030 M00/M02 A2969 RMK SC3 DENSITY ALT -1395FT SLP057
CYAW,2023-03-17 11:00,-63.4994,44.6397,CYAW 171100Z 32013G18KT 12SM -SHSN BKN017 M00/M01 A2971 RMK SC5 DENSITY ALT -1390FT SLP064
CYAW,2023-03-17 12:00,-63.4994,44.6397,CYAW 171200Z 31014G20KT 15SM -SHSN SCT013 BKN020 00/M01 A2974 RMK SC3SC4 DENSITY ALT -1333FT PCPN VRY LGT SLP072
CYAW,2023-03-17 13:00,-63.4994,44.6397,CYAW 171300Z 30015G20KT 12SM -SHSN BKN019 01/M01 A2976 RMK SC7 DENSITY ALT -1240FT SLP078
CYAW,2023-03-17 14:00,-63.4994,44.6397,CYAW 171400Z 31016G22KT 15SM FEW017 BKN021 02/M01 A2977 RMK CF2SC5 DENSITY ALT -1166FT SLP082
CYAW,2023-03-17 15:00,-63.4994,44.6397,CYAW 171500Z 32017KT 15SM BKN022 03/M01 A2977 RMK SC7 DENSITY ALT -1051FT SLP084
CYAW,2023-03-17 16:00,-63.4994,44.6397,CYAW 171600Z 32016G24KT 15SM BKN024 04/M01 A2976 RMK SC7 DENSITY ALT -940FT SLP081
CYAW,2023-03-17 17:00,-63.4994,44.6397,CYAW 171700Z 35015G22KT 15SM BKN025 04/M00 A2976 RMK SC7 DENSITY ALT -874FT SLP080
CYAW,2023-03-17 18:00,-63.4994,44.6397,CYAW 171800Z 32015G22KT 15SM BKN025 05/00 A2976 RMK SC7 DENSITY ALT -809FT SLP078
CYAW,2023-03-17 18:39,-63.4994,44.6397,CYAW 171839Z 34014G21KT 15SM BKN025 04/M01 A2977 RMK SC7 DENSITY ALT -889FT LAST OBS /NEXT 200900 UTC SLP083
CYAW,2023-03-20 09:00,-63.4994,44.6397,CYAW 200900Z 28015G24KT 15SM SKC M04/M12 A2990 RMK DENSITY ALT -2128FT FST OBS SLP126
CYAW,2023-03-20 10:00,-63.4994,44.6397,CYAW 201000Z 28016G21KT 15SM FEW030 M04/M11 A2992 RMK SC1 DENSITY ALT -2202FT SLP136
CYAW,2023-03-20 11:00,-63.4994,44.6397,CYAW 201100Z 27018G25KT 15SM FEW030 M04/M11 A2997 RMK SC1 DENSITY ALT -2221FT SLP150
CYAW,2023-03-20 12:00,-63.4994,44.6397,CYAW 201200Z 27016G21KT 15SM FEW030 M03/M10 A2999 RMK SC1 DENSITY ALT -2125FT SLP159
CYAW,2023-03-20 13:00,-63.4994,44.6397,CYAW 201300Z 26016G21KT 15SM FEW030 M02/M10 A3001 RMK SC1 DENSITY ALT -1980FT SLP165
CYAW,2023-03-20 14:00,-63.4994,44.6397,CYAW 201400Z 26017KT 15SM FEW030 M01/M11 A3001 RMK CF1 DENSITY ALT -1841FT SLP166
CYAW,2023-03-20 15:00,-63.4994,44.6397,CYAW 201500Z 28020G28KT 15SM FEW030 01/M13 A3003 RMK SC1 DENSITY ALT -1642FT SLP171
CYAW,2023-03-20 16:00,-63.4994,44.6397,CYAW 201600Z 28016G26KT 15SM FEW030 02/M11 A3003 RMK SC1 DENSITY ALT -1459FT SLP171
CYAW,2023-03-20 17:00,-63.4994,44.6397,CYAW 201700Z 27022G28KT 15SM FEW030 04/M10 A3002 RMK CF1 DENSITY ALT -1281FT SLP169
CYAW,2023-03-20 18:00,-63.4994,44.6397,CYAW 201800Z 25020G26KT 15SM FEW030 05/M08 A3001 RMK CF1 DENSITY ALT -1152FT SLP166
CYAW,2023-03-20 18:33,-63.4994,44.6397,CYAW 201833Z 27021G27KT 15SM FEW030 05/M08 A3002 RMK CF1 DENSITY ALT -1111FT LAST OBS/NXT 210900 UTC SLP167
CYAW,2023-03-21 09:00,-63.4994,44.6397,CYAW 210900Z 27004KT 15SM SKC M01/M02 A3022 RMK DENSITY ALT -2076FT FST OBS SLP236
CYAW,2023-03-21 10:00,-63.4994,44.6397,CYAW 211000Z 00000KT 15SM FEW030 FEW070 M02/M02 A3023 RMK SC1AC1 DENSITY ALT -2164FT SLP239
CYAW,2023-03-21 11:00,-63.4994,44.6397,CYAW 211100Z 00000KT 15SM FEW070 M02/M02 A3025 RMK AC1 DENSITY ALT -2187FT SLP244
CYAW,2023-03-21 12:00,-63.4994,44.6397,CYAW 211200Z 00000KT 15SM SKC 01/M01 A3026 RMK DENSITY ALT -1884FT SLP248
CYAW,2023-03-21 13:00,-63.4994,44.6397,CYAW 211300Z 00000KT 15SM SKC 03/M02 A3026 RMK DENSITY ALT -1564FT SLP250
CYAW,2023-03-21 14:00,-63.4994,44.6397,CYAW 211400Z 00000KT 15SM SKC 05/M05 A3026 RMK DENSITY ALT -1377FT SLP249
CYAW,2023-03-21 15:00,-63.4994,44.6397,CYAW 211500Z 19006KT 15SM FEW030 06/M03 A3026 RMK CU1 DENSITY ALT -1194FT SLP248
CYAW,2023-03-21 16:00,-63.4994,44.6397,CYAW 211600Z 16011KT 15SM FEW035 06/M07 A3025 RMK CU1 DENSITY ALT -1248FT SLP245
CYAW,2023-03-21 17:00,-63.4994,44.6397,CYAW 211700Z 16009KT 15SM FEW060 06/M01 A3023 RMK CU1 DENSITY ALT -1162FT SLP240
CYAW,2023-03-21 18:00,-63.4994,44.6397,CYAW 211800Z 16007KT 15SM SCT060 SCT250 09/M03 A3021 RMK CU3CI1 DENSITY ALT -863FT SLP232
CYAW,2023-03-21 18:43,-63.4994,44.6397,CYAW 211843Z 19011KT 15SM FEW060 SCT250 09/M02 A3020 RMK CU2CI1 DENSITY ALT -837FT LAST OBS/NXT 221100 UTC SLP230
CYAW,2023-03-22 11:00,-63.4994,44.6397,CYAW 221100Z 29007KT 15SM FEW030 SCT250 M01/M03 A3033 RMK SC1CI3 DENSITY ALT -2154FT FST OBS SLP274
CYAW,2023-03-22 12:00,-63.4994,44.6397,CYAW 221200Z 31014KT 15SM FEW030 SCT250 00/M03 A3035 RMK CU1CI2 DENSITY ALT -2051FT SLP281
CYAW,2023-03-22 13:00,-63.4994,44.6397,CYAW 221300Z 29006KT 15SM FEW024 FEW250 02/M04 A3036 RMK CU1CI1 DENSITY ALT -1915FT SLP283
CYAW,2023-03-22 14:00,-63.4994,44.6397,CYAW 221400Z 29009G15KT 15SM FEW036 02/M06 A3037 RMK CU2 DENSITY ALT -1859FT SLP285
CYAW,2023-03-22 15:00,-63.4994,44.6397,CYAW 221500Z 28012KT 15SM FEW044 FEW250 04/M07 A3035 RMK CF1CI1 DENSITY ALT -1663FT SLP281
CYAW,2023-03-22 16:00,-63.4994,44.6397,CYAW 221600Z 28013KT 15SM FEW250 04/M10 A3034 RMK CI1 DENSITY ALT -1597FT SLP277
CYAW,2023-03-22 17:00,-63.4994,44.6397,CYAW 221700Z 29008G16KT 15SM SKC 05/M10 A3032 RMK DENSITY ALT -1462FT SLP270
CYAW,2023-03-22 18:00,-63.4994,44.6397,CYAW 221800Z 29013G19KT 15SM FEW250 06/M10 A3030 RMK CI1 DENSITY ALT -1327FT SLP262
CYAW,2023-03-22 19:00,-63.4994,44.6397,CYAW 221900Z 30014KT 15SM FEW250 06/M09 A3028 RMK CI1 DENSITY ALT -1241FT SLP255
CYAW,2023-03-22 20:00,-63.4994,44.6397,CYAW 222000Z 31015KT 15SM FEW020 06/M09 A3028 RMK SC1 DENSITY ALT -1252FT SLP255
CYAW,2023-03-22 21:00,-63.4994,44.6397,CYAW 222100Z 22010KT 15SM SKC 05/M04 A3028 RMK DENSITY ALT -1357FT SLP256
CYAW,2023-03-22 22:00,-63.4994,44.6397,CYAW 222200Z 00000KT 15SM FEW250 04/M04 A3029 RMK CI1 DENSITY ALT -1521FT SLP259
CYAW,2023-03-22 23:00,-63.4994,44.6397,CYAW 222300Z 32009KT 15SM FEW250 02/M09 A3031 RMK CI2 DENSITY ALT -1801FT SLP265
CYAW,2023-03-23 00:00,-63.4994,44.6397,CYAW 230000Z 31008KT 15SM SCT250 01/M09 A3033 RMK CI4 DENSITY ALT -1974FT SLP272
CYAW,2023-03-23 01:00,-63.4994,44.6397,CYAW 230100Z 31007KT 15SM BKN250 01/M09 A3034 RMK CI5 DENSITY ALT -1973FT SLP276
CYAW,2023-03-23 01:14,-63.4994,44.6397,CYAW 230114Z 31006KT 15SM BKN250 M00/M09 A3034 RMK CI6 DENSITY ALT -2125FT LAST OBS/NXT 231100 UTC SLP275
CYAW,2023-03-23 11:00,-63.4994,44.6397,CYAW 231100Z 00000KT 15SM FEW085 OVC110 M03/M04 A3029 RMK AC2AS6 DENSITY ALT -2384FT SUN DIMLY VISBL FST OBS SLP260
CYAW,2023-03-23 12:00,-63.4994,44.6397,CYAW 231200Z 07002KT 15SM FEW070 OVC090 M01/M04 A3029 RMK AC2AS6 DENSITY ALT -2150FT SUN DIMLY VISBL SLP258
CYAW,2023-03-23 13:00,-63.4994,44.6397,CYAW 231300Z 10009KT 15SM SCT095 OVC220 01/M04 A3028 RMK AS4CS4 DENSITY ALT -1910FT HALO SLP257
CYAW,2023-03-23 14:00,-63.4994,44.6397,CYAW 231400Z 11008KT 15SM BKN090 OVC220 02/M04 A3026 RMK AC5CS3 DENSITY ALT -1797FT SLP250
CYAW,2023-03-23 15:00,-63.4994,44.6397,CYAW 231500Z 13010G15KT 15SM BKN080 01/M03 A3024 RMK AC7 DENSITY ALT -1797FT SLP242
CYAW,2023-03-23 16:00,-63.4994,44.6397,CYAW 231600Z 12009KT 15SM FEW045 OVC070 02/M02 A3021 RMK CF1AS8 DENSITY ALT -1667FT SLP232
CYAW,2023-03-23 17:00,-63.4994,44.6397,CYAW 231700Z 10006KT 15SM FEW030 OVC047 02/M01 A3016 RMK CF1SC8 DENSITY ALT -1644FT SLP216
CYAW,2023-03-23 18:00,-63.4994,44.6397,CYAW 231800Z 11005KT 15SM FEW025 OVC040 02/M02 A3012 RMK CF1SC8 DENSITY ALT -1576FT SLP202
CYAW,2023-03-23 19:00,-63.4994,44.6397,CYAW 231900Z 11007KT 15SM FEW025 OVC040 01/M01 A3009 RMK CF1SC8 DENSITY ALT -1613FT LAST OBS /NEXT 240900 UTC SLP192
CYAW,2023-03-24 09:00,-63.4994,44.6397,CYAW 240900Z 00000KT 1 1/2SM -DZ BR OVC003 01/01 A2942 RMK SF8 DENSITY ALT -831FT VIS VRB 1-2 FST OBS SLP966
CYAW,2023-03-24 09:47,-63.4994,44.6397,CYAW 240947Z 29009KT 8SM OVC005 02/02 A2943 RMK SF8 DENSITY ALT -804FT SLP969
CYAW,2023-03-24 10:00,-63.4994,44.6397,CYAW 241000Z 29013G18KT 10SM OVC006 02/02 A2944 RMK SF8 DENSITY ALT -790FT SLP970
CYAW,2023-03-24 10:46,-63.4994,44.6397,CYAW 241046Z 30019G26KT 12SM BKN015 02/02 A2945 RMK SC7 DENSITY ALT -748FT SLP974
CYAW,2023-03-24 11:00,-63.4994,44.6397,CYAW 241100Z 29016G22KT 15SM BKN017 02/02 A2945 RMK SC7 DENSITY ALT -750FT SLP974
CYAW,2023-03-24 11:51,-63.4994,44.6397,CYAW 241151Z 30015G26KT 8SM -DZ BKN013 02/02 A2946 RMK SF7 DENSITY ALT -737FT SLP979
CYAW,2023-03-24 12:00,-63.4994,44.6397,CYAW 241200Z 29016G21KT 10SM -DZ BKN013 OVC018 02/02 A2947 RMK SF5SC3 DENSITY ALT -748FT SLP981
CYAW,2023-03-24 13:00,-63.4994,44.6397,CYAW 241300Z 30019G28KT 15SM OVC015 02/00 A2949 RMK SC8 DENSITY ALT -807FT SLP987
CYAW,2023-03-24 14:00,-63.4994,44.6397,CYAW 241400Z 32024G32KT 15SM -SHSN OVC017 02/M00 A2952 RMK SC8 DENSITY ALT -909FT PCPN VRY LGT SLP997
CYAW,2023-03-24 15:00,-63.4994,44.6397,CYAW 241500Z 31017G26KT 15SM -SHSN OVC014 01/M01 A2955 RMK SC8 DENSITY ALT -996FT SLP008
CYAW,2023-03-24 15:29,-63.4994,44.6397,CYAW 241529Z 32025G31KT 15SM -SHSN OVC020 01/M02 A2955 RMK SC8 DENSITY ALT -1030FT PCPN VRY LGT SLP008
CYAW,2023-03-24 16:00,-63.4994,44.6397,CYAW 241600Z 32027G34KT 15SM OVC018 01/M02 A2956 RMK SC8 DENSITY ALT -1081FT SLP012
CYAW,2023-03-24 17:00,-63.4994,44.6397,CYAW 241700Z 31026G40KT 15SM OVC021 01/M03 A2960 RMK SC8 DENSITY ALT -1104FT SLP026
CYAW,2023-03-24 18:00,-63.4994,44.6397,CYAW 241800Z 32024G38KT 15SM OVC024 01/M03 A2958 RMK SC8 DENSITY ALT -1056FT SLP019
CYAW,2023-03-24 18:29,-63.4994,44.6397,CYAW 241829Z 32026G35KT 15SM BKN024 01/M03 A2960 RMK SC7 DENSITY ALT -1079FT LAST OBS /NEXT 261000 UTC SLP025
CYAW,2023-03-26 10:00,-63.4994,44.6397,CYAW 261000Z 10007G15KT 2 1/2SM -SN FEW011 OVC034 M00/M01 A2998 RMK SC2SC6 DENSITY ALT -1729FT FST OBS SLP155
CYAW,2023-03-26 10:14,-63.4994,44.6397,CYAW 261014Z 11010KT 3SM -SN BKN009 OVC034 M00/M01 A2998 RMK SF6SC2 DENSITY ALT -1714FT SLP155
CYAW,2023-03-26 10:48,-63.4994,44.6397,CYAW 261048Z 11010G15KT 2 1/2SM -SN BKN006 OVC010 M00/M01 A2998 RMK SF7SC1 DENSITY ALT -1711FT SLP154
CYAW,2023-03-26 11:00,-63.4994,44.6397,CYAW 261100Z 12008KT 5SM -SN OVC006 M00/M00 A2998 RMK SF8 DENSITY ALT -1711FT SLP154
CYAW,2023-03-26 12:00,-63.4994,44.6397,CYAW 261200Z 10008KT 6SM -SN BKN006 OVC010 M00/M00 A2994 RMK SF7SC1 DENSITY ALT -1625FT PCPN VRY LGT SLP141
CYAW,2023-03-26 13:00,-63.4994,44.6397,CYAW 261300Z 12012G22KT 2 1/2SM -SN OVC007 00/00 A2990 RMK SF8 DENSITY ALT -1525FT SLP129
CYAW,2023-03-26 13:20,-63.4994,44.6397,CYAW 261320Z 12014G21KT 2 1/2SM -PL OVC004 00/00 A2988 RMK SF8 DENSITY ALT -1514FT PRESFR SLP122
CYAW,2023-03-26 13:32,-63.4994,44.6397,CYAW 261332Z 11010G17KT 3SM -PL OVC004 00/00 A2989 RMK SF8 DENSITY ALT -1526FT SLP124
CYAW,2023-03-26 14:00,-63.4994,44.6397,CYAW 261400Z 11015KT 5SM -SN OVC004 00/00 A2985 RMK SF8 DENSITY ALT -1466FT PCPN VRY LGT CIG VRB 3-5 SLP111
CYAW,2023-03-26 14:32,-63.4994,44.6397,CYAW 261432Z 09023G32KT 6SM -RA BR OVC005 00/00 A2971 RMK SF8 DENSITY ALT -1316FT PRESFR LAST OBS /NEXT 271500 UTC SLP064
CYAW,2023-03-27 15:00,-63.4994,44.6397,CYAW 271500Z 32016KT 15SM BKN022 03/M01 A2992 RMK CU5 DENSITY ALT -1189FT FST OBS SLP135
CYAW,2023-03-27 16:00,-63.4994,44.6397,CYAW 271600Z 32015KT 15SM BKN026 04/M01 A2992 RMK SC6 DENSITY ALT -1099FT SLP135
CYAW,2023-03-27 17:00,-63.4994,44.6397,CYAW 271700Z 34013KT 15SM BKN032 05/M01 A2993 RMK SC7 DENSITY ALT -1041FT SLP139
CYAW,2023-03-27 18:00,-63.4994,44.6397,CYAW 271800Z 32011G19KT 15SM BKN034 05/M02 A2991 RMK SC5 DENSITY ALT -1009FT SLP130
CYAW,2023-03-27 19:00,-63.4994,44.6397,CYAW 271900Z 32012KT 15SM BKN036 05/M01 A2994 RMK SC5 DENSITY ALT -1027FT SLP139
CYAW,2023-03-27 20:00,-63.4994,44.6397,CYAW 272000Z 33015KT 15SM BKN034 BKN140 05/M02 A2995 RMK SC5AC1 DENSITY ALT -1018FT SLP145
CYAW,2023-03-27 21:00,-63.4994,44.6397,CYAW 272100Z 34011G17KT 15SM BKN036 05/M02 A2998 RMK SC7 DENSITY ALT -1077FT SLP155
CYAW,2023-03-27 22:00,-63.4994,44.6397,CYAW 272200Z 32011KT 15SM BKN039 04/M03 A3001 RMK SC7 DENSITY ALT -1228FT SLP163
CYAW,2023-03-27 23:00,-63.4994,44.6397,CYAW 272300Z 32010KT 15SM BKN038 03/M03 A3001 RMK SC7 DENSITY ALT -1279FT SLP166
CYAW,2023-03-28 00:00,-63.4994,44.6397,CYAW 280000Z 33006KT 15SM BKN040 03/M03 A3002 RMK SC7 DENSITY ALT -1314FT SLP169
CYAW,2023-03-28 01:00,-63.4994,44.6397,CYAW 280100Z 32005KT 15SM FEW040 02/M03 A3003 RMK SC2 DENSITY ALT -1476FT SLP172
CYAW,2023-03-28 02:00,-63.4994,44.6397,CYAW 280200Z 00000KT 15SM FEW040 01/M03 A3002 RMK SC2 DENSITY ALT -1579FT SLP168
CYAW,2023-03-28 03:00,-63.4994,44.6397,CYAW 280300Z CCA 00000KT 15SM FEW050 M00/M03 A3002 RMK SC1 DENSITY ALT -1757FT LAST OBS /NEXT 281600 UTC SLP168
CYAW,2023-03-28 16:00,-63.4994,44.6397,CYAW 281600Z 03007KT 15SM SCT026 BKN250 04/M03 A2996 RMK SC3CI3 DENSITY ALT -1120FT FST OBS SLP148
CYAW,2023-03-28 17:00,-63.4994,44.6397,CYAW 281700Z 35008KT 15SM BKN035 BKN250 06/M03 A2995 RMK SC5CI1 DENSITY ALT -949FT SLP144
CYAW,2023-03-28 18:00,-63.4994,44.6397,CYAW 281800Z 35008KT 15SM BKN042 BKN250 06/M03 A2994 RMK SC6CI1 DENSITY ALT -913FT SLP141
CYAW,2023-03-28 19:00,-63.4994,44.6397,CYAW 281900Z 34011G16KT 15SM BKN045 BKN250 06/M04 A2993 RMK SC6CI1 DENSITY ALT -880FT SLP137
CYAW,2023-03-28 20:00,-63.4994,44.6397,CYAW 282000Z 35010G15KT 15SM BKN050 BKN250 05/M05 A2992 RMK SC7CI1 DENSITY ALT -946FT SLP135
CYAW,2023-03-28 21:00,-63.4994,44.6397,CYAW 282100Z 36011G17KT 15SM BKN055 05/M04 A2993 RMK SC7 DENSITY ALT -1031FT SLP139
CYAW,2023-03-28 22:00,-63.4994,44.6397,CYAW 282200Z 02007KT 15SM BKN055 04/M04 A2994 RMK SC7 DENSITY ALT -1154FT SLP141
CYAW,2023-03-28 23:00,-63.4994,44.6397,CYAW 282300Z 02008KT 15SM BKN052 03/M04 A2995 RMK SC6 DENSITY ALT -1302FT SLP145
CYAW,2023-03-29 00:00,-63.4994,44.6397,CYAW 290000Z 04006KT 15SM BKN055 02/M04 A2997 RMK SC7 DENSITY ALT -1403FT SLP152
CYAW,2023-03-29 01:00,-63.4994,44.6397,CYAW 290100Z 04005KT 15SM BKN062 01/M04 A2998 RMK SC7 DENSITY ALT -1516FT SLP155
CYAW,2023-03-29 01:32,-63.4994,44.6397,CYAW 290132Z 00000KT 15SM BKN063 01/M04 A2999 RMK SC7 DENSITY ALT -1577FT LAST OBS /NEXT 291000 UTC SLP157
CYAW,2023-03-29 10:00,-63.4994,44.6397,CYAW 291000Z 00000KT 15SM FEW020 SCT070 M02/M04 A3000 RMK CF1AC4 DENSITY ALT -1930FT FST OBS SLP161
CYAW,2023-03-29 11:00,-63.4994,44.6397,CYAW 291100Z 00000KT 15SM FEW010 FEW070 M01/M03 A3001 RMK SF1AC1 DENSITY ALT -1874FT SF TR SLP164
CYAW,2023-03-29 12:00,-63.4994,44.6397,CYAW 291200Z 33005KT 15SM FEW011 FEW070 M00/M03 A3004 RMK CF1AC1 DENSITY ALT -1755FT SLP174
CYAW,2023-03-29 13:00,-63.4994,44.6397,CYAW 291300Z 32006KT 15SM SCT016 SCT070 00/M03 A3005 RMK CF3AC1 DENSITY ALT -1702FT SLP178
CYAW,2023-03-29 14:00,-63.4994,44.6397,CYAW 291400Z 36004KT 15SM -SHSN BKN021 BKN070 02/M03 A3005 RMK SC6AC1 DENSITY ALT -1538FT PCPN VRY LGT SLP178
CYAW,2023-03-29 15:00,-63.4994,44.6397,CYAW 291500Z 33002KT 15SM BKN024 03/M02 A3005 RMK SC7 DENSITY ALT -1359FT SLP179
CYAW,2023-03-29 16:00,-63.4994,44.6397,CYAW 291600Z 00000KT 15SM BKN030 04/M03 A3005 RMK SC6 DENSITY ALT -1299FT SLP177
CYAW,2023-03-29 17:00,-63.4994,44.6397,CYAW 291700Z 33004KT 15SM BKN035 BKN250 05/M03 A3004 RMK SC5CI1 DENSITY ALT -1112FT SLP176
CYAW,2023-03-29 18:00,-63.4994,44.6397,CYAW 291800Z 17009KT 15SM BKN045 03/M01 A3004 RMK SC6 DENSITY ALT -1367FT VIRGA W SLP175
CYAW,2023-03-29 19:00,-63.4994,44.6397,CYAW 291900Z 16010KT 15SM -SHSN BKN055 03/M00 A3003 RMK SC7 DENSITY ALT -1288FT SLP172
CYAW,2023-03-29 19:46,-63.4994,44.6397,CYAW 291946Z 18010KT 15SM BKN060 04/M00 A3002 RMK SC6 DENSITY ALT -1239FT SLP167
CYAW,2023-03-29 20:00,-63.4994,44.6397,CYAW 292000Z 19011KT 15SM BKN060 04/M00 A3002 RMK SC6 DENSITY ALT -1177FT SLP167
CYAW,2023-03-29 21:00,-63.4994,44.6397,CYAW 292100Z 21007KT 15SM BKN060 04/M01 A3002 RMK SC6 DENSITY ALT -1192FT SLP168
CYAW,2023-03-29 22:00,-63.4994,44.6397,CYAW 292200Z 00000KT 15SM SCT075 03/M01 A3003 RMK AC4 DENSITY ALT -1394FT SLP171
CYAW,2023-03-29 23:00,-63.4994,44.6397,CYAW 292300Z 00000KT 15SM BKN080 02/M01 A3004 RMK AC5 DENSITY ALT -1506FT SLP175
CYAW,2023-03-30 00:00,-63.4994,44.6397,CYAW 300000Z 00000KT 15SM BKN075 01/M02 A3005 RMK AC5 DENSITY ALT -1634FT SLP179
CYAW,2023-03-30 01:00,-63.4994,44.6397,CYAW 300100Z 00000KT 15SM FEW040 SCT065 01/M00 A3006 RMK SC2SC2 DENSITY ALT -1687FT SLP182
CYAW,2023-03-30 01:38,-63.4994,44.6397,CYAW 300138Z 00000KT 15SM SCT045 BKN070 M00/M00 A3006 RMK SC3AC2 DENSITY ALT -1764FT LAST OBS /NEXT 301000 UTC SLP182
CYAW,2023-03-30 10:00,-63.4994,44.6397,CYAW 301000Z 22008KT 15SM BKN009 01/00 A3001 RMK SF7 DENSITY ALT -1537FT FST OBS SLP164
CYAW,2023-03-30 11:00,-63.4994,44.6397,CYAW 301100Z 00000KT 15SM BKN012 BKN020 BKN250 02/01 A3001 RMK SC5SC1CI1 DENSITY ALT -1498FT SLP164
CYAW,2023-03-30 11:18,-63.4994,44.6397,CYAW 301118Z 00000KT 15SM FEW015 FEW021 BKN250 02/00 A3000 RMK SC2SC1CI3 DENSITY ALT -1449FT SLP162
CYAW,2023-03-30 12:00,-63.4994,44.6397,CYAW 301200Z 17010KT 15SM FEW020 BKN250 03/M00 A2998 RMK SC1CI4 DENSITY ALT -1254FT SLP156
CYAW,2023-03-30 13:00,-63.4994,44.6397,CYAW 301300Z 17011KT 15SM FEW020 SCT250 04/01 A2998 RMK SC2CI2 DENSITY ALT -1161FT SLP155
CYAW,2023-03-30 14:00,-63.4994,44.6397,CYAW 301400Z 17016KT 15SM SCT024 BKN250 04/02 A2998 RMK CU3CI3 DENSITY ALT -1104FT SLP154
CYAW,2023-03-30 15:00,-63.4994,44.6397,CYAW 301500Z 16016G22KT 15SM FEW030 FEW160 BKN250 04/02 A2994 RMK CU2AC1CI5 DENSITY ALT -1070FT SLP142
CYAW,2023-03-30 16:00,-63.4994,44.6397,CYAW 301600Z 16020G25KT 15SM FEW009 SCT021 BKN250 04/01 A2992 RMK SF2SC2CI3 DENSITY ALT -1063FT SLP133
CYAW,2023-03-30 17:00,-63.4994,44.6397,CYAW 301700Z 15017G22KT 15SM FEW009 FEW030 SCT150 BKN250 04/01 A2990 RMK SF1CU1AC1CS4 DENSITY ALT -1101FT HALO SLP127
CYAW,2023-03-30 18:00,-63.4994,44.6397,CYAW 301800Z 16014G24KT 15SM FEW009 BKN041 BKN050 03/01 A2987 RMK SF1SC6SC1 DENSITY ALT -1132FT SF TR SLP116
CYAW,2023-03-30 19:00,-63.4994,44.6397,CYAW 301900Z 16016G25KT 12SM -SHRA SCT014 BKN025 03/01 A2984 RMK ST3SC4 DENSITY ALT -1111FT SLP106
CYAW,2023-03-30 19:13,-63.4994,44.6397,CYAW 301913Z 19018G26KT 1/2SM SHSN VV004 01/00 A2985 RMK SN8 DENSITY ALT -1326FT SLP110
CYAW,2023-03-30 19:26,-63.4994,44.6397,CYAW 301926Z 21006G20KT 3/8SM SN VV002 00/00 A2985 RMK SN8 DENSITY ALT -1466FT SLP109
CYAW,2023-03-30 20:00,-63.4994,44.6397,CYAW 302000Z 27013KT 1/2SM SN VV004 00/00 A2984 RMK SN8 DENSITY ALT -1494FT SLP105
CYAW,2023-03-30 20:34,-63.4994,44.6397,CYAW 302034Z 25006KT 10SM BKN010 OVC020 00/00 A2984 RMK SF5SC3 DENSITY ALT -1481FT SLP106
CYAW,2023-03-30 21:00,-63.4994,44.6397,CYAW 302100Z 28010G18KT 15SM FEW010 BKN035 00/M02 A2984 RMK SF2SC5 DENSITY ALT -1454FT SLP108
CYAW,2023-03-30 22:00,-63.4994,44.6397,CYAW 302200Z 30014G19KT 10SM -SHSN FEW008 BKN020 BKN040 00/M02 A2986 RMK SF2SC3SC2 DENSITY ALT -1479FT VIS LWR S SLP114
CYAW,2023-03-30 23:00,-63.4994,44.6397,CYAW 302300Z 28015G22KT 15SM FEW020 SCT045 M01/M04 A2989 RMK SC2SC2 DENSITY ALT -1653FT SLP123
CYAW,2023-03-31 00:00,-63.4994,44.6397,CYAW 310000Z 29011G19KT 15SM BKN018 M02/M04 A2992 RMK SC5 DENSITY ALT -1812FT SLP135
CYAW,2023-03-31 01:00,-63.4994,44.6397,CYAW 310100Z 29017G25KT 15SM SCT030 M03/M07 A2996 RMK SC4 DENSITY ALT -2041FT SLP147
CYAW,2023-03-31 01:42,-63.4994,44.6397,CYAW 310142Z 29014G21KT 15SM FEW030 M03/M08 A2997 RMK SC2 DENSITY ALT -2093FT LAST OBS /NEXT 311000 UTC SLP150
CYAW,2023-03-31 10:00,-63.4994,44.6397,CYAW 311000Z 27010KT 15SM FEW009 FEW016 FEW080 M06/M08 A3000 RMK SF1CU1AC1 DENSITY ALT -2468FT CU TR FST OBS SLP162
CYAW,2023-03-31 10:29,-63.4994,44.6397,CYAW 311029Z 27013KT 9SM -SHSN FEW013 SCT021 M06/M08 A3001 RMK CF1CU2 DENSITY ALT -2479FT SLP164
CYAW,2023-03-31 11:00,-63.4994,44.6397,CYAW 311100Z 28015KT 9SM -SHSN FEW015 BKN023 M05/M08 A3002 RMK CF2SC3 DENSITY ALT -2437FT SLP167
CYAW,2023-03-31 12:00,-63.4994,44.6397,CYAW 311200Z 30019G24KT 12SM -SHSN SCT021 BKN042 BKN130 M04/M08 A3003 RMK SC4SC2AC1 DENSITY ALT -2320FT VIS LWR N SLP170
CYAW,2023-03-31 13:00,-63.4994,44.6397,CYAW 311300Z 31016G21KT 9SM -SHSN BKN020 M04/M08 A3004 RMK SC7 DENSITY ALT -2265FT SLP175
CYAW,2023-03-31 14:00,-63.4994,44.6397,CYAW 311400Z 30019G25KT 15SM -SHSN BKN027 M03/M07 A3006 RMK SC7 DENSITY ALT -2118FT SLP183
CYAW,2023-03-31 15:00,-63.4994,44.6397,CYAW 311500Z 32021G28KT 15SM BKN026 M02/M06 A3007 RMK SC5 DENSITY ALT -2011FT SLP186
CYAW,2023-03-31 16:00,-63.4994,44.6397,CYAW 311600Z 31023G29KT 15SM FEW025 SCT060 M00/M05 A3006 RMK SC1SC3 DENSITY ALT -1790FT SLP183
CYAW,2023-03-31 17:00,-63.4994,44.6397,CYAW 311700Z 34019G25KT 15SM FEW025 02/M04 A3009 RMK SC2 DENSITY ALT -1526FT CF ASOCTD SLP192
CYAW,2023-03-31 18:00,-63.4994,44.6397,CYAW 311800Z 32019KT 15SM BKN030 03/M03 A3014 RMK SC6 DENSITY ALT -1469FT SLP207
CYAW,2023-03-31 18:27,-63.4994,44.6397,CYAW 311827Z 35017G25KT 15SM BKN030 03/M04 A3013 RMK SC6 DENSITY ALT -1421FT LAST OBS /NEXT 030900 UTC SLP205
CYAW,2023-04-03 09:00,-63.4994,44.6397,CYAW 030900Z 30017G28KT 15SM SCT240 M03/M14 A3000 RMK CI4 DENSITY ALT -2134FT FST OBS SLP161
CYAW,2023-04-03 10:00,-63.4994,44.6397,CYAW 031000Z CCA 30014G26KT 15SM SCT180 BKN240 M03/M14 A3003 RMK AC3CI2 DENSITY ALT -2181FT SLP172
CYAW,2023-04-03 11:00,-63.4994,44.6397,CYAW 031100Z 29014G19KT 15SM FEW240 M03/M13 A3006 RMK CI1 DENSITY ALT -2137FT SLP182
CYAW,2023-04-03 12:00,-63.4994,44.6397,CYAW 031200Z 29014G20KT 15SM FEW240 M01/M13 A3007 RMK CI2 DENSITY ALT -1981FT SLP185
CYAW,2023-04-03 13:00,-63.4994,44.6397,CYAW 031300Z 29018KT 15SM FEW240 M00/M14 A3009 RMK CI1 DENSITY ALT -1853FT SLP192
CYAW,2023-04-03 14:00,-63.4994,44.6397,CYAW 031400Z 32011G21KT 15SM SKC 02/M12 A3012 RMK DENSITY ALT -1654FT SLP203
CYAW,2023-04-03 15:00,-63.4994,44.6397,CYAW 031500Z 28015KT 15SM FEW250 04/M10 A3013 RMK CI1 DENSITY ALT -1420FT SLP205
CYAW,2023-04-03 16:00,-63.4994,44.6397,CYAW 031600Z 30012G17KT 15SM BKN250 04/M09 A3013 RMK CS5 DENSITY ALT -1331FT HALO SLP205
CYAW,2023-04-03 17:00,-63.4994,44.6397,CYAW 031700Z 28008G17KT 15SM SCT250 06/M08 A3013 RMK CI3 DENSITY ALT -1078FT SLP204
CYAW,2023-04-03 18:00,-63.4994,44.6397,CYAW 031800Z 22011G16KT 15SM SCT250 06/M07 A3012 RMK CI3 DENSITY ALT -1101FT SLP202
CYAW,2023-04-03 19:00,-63.4994,44.6397,CYAW 031900Z 20014KT 15SM FEW140 FEW250 07/M08 A3010 RMK AC1CI1 DENSITY ALT -1008FT SLP195
CYAW,2023-04-03 19:29,-63.4994,44.6397,CYAW 031929Z CCA 20013G18KT 15SM FEW020 FEW140 FEW250 06/M08 A3010 RMK CF1AC1CI1 DENSITY ALT -1143FT CF TR LAST OBS /NEXT 040900 UTC SLP195
CYAW,2023-04-04 09:00,-63.4994,44.6397,CYAW 040900Z 00000KT 15SM BKN080 03/02 A3006 RMK AC7 DENSITY ALT -1346FT FST OBS SLP182
CYAW,2023-04-04 10:00,-63.4994,44.6397,CYAW 041000Z 21007KT 15SM FEW022 SCT080 BKN240 03/02 A3006 RMK SC1AC3CI3 DENSITY ALT -1334FT SLP181
CYAW,2023-04-04 11:00,-63.4994,44.6397,CYAW 041100Z 22007KT 15SM FEW022 BKN078 OVC240 04/02 A3007 RMK SC2AC3CI3 DENSITY ALT -1308FT SLP186
CYAW,2023-04-04 12:00,-63.4994,44.6397,CYAW 041200Z CCA 00000KT 15SM FEW015 BKN070 OVC240 04/01 A3009 RMK SC1AC4CI3 DENSITY ALT -1298FT SF ASOCTD SLP190
CYAW,2023-04-04 13:00,-63.4994,44.6397,CYAW 041300Z 24005KT 10SM FEW010 BKN080 OVC240 06/04 A3009 RMK SF2AC3CI3 DENSITY ALT -1056FT SLP193
CYAW,2023-04-04 14:00,-63.4994,44.6397,CYAW 041400Z 23002KT 15SM FEW010 FEW060 BKN120 BKN240 07/03 A3009 RMK SF1SC2AC3CI2 DENSITY ALT -923FT SLP193
CYAW,2023-04-04 15:00,-63.4994,44.6397,CYAW 041500Z 00000KT 15SM FEW010 SCT120 BKN240 08/03 A3010 RMK SF1AC4CS3 DENSITY ALT -798FT HALO SLP194
CYAW,2023-04-04 16:00,-63.4994,44.6397,CYAW 041600Z 19002KT 15SM FEW020 BKN140 BKN250 09/03 A3008 RMK SC1AC7CI1 DENSITY ALT -615FT SLP189
CYAW,2023-04-04 17:00,-63.4994,44.6397,CYAW 041700Z 00000KT 15SM FEW020 BKN120 09/04 A3007 RMK SC1AC7 DENSITY ALT -577FT SLP185
CYAW,2023-04-04 18:00,-63.4994,44.6397,CYAW 041800Z 00000KT 15SM FEW020 BKN120 BKN250 10/03 A3007 RMK SC1AC7CI1 DENSITY ALT -561FT SLP185
CYAW,2023-04-04 19:00,-63.4994,44.6397,CYAW 041900Z 21006KT 15SM FEW030 BKN110 08/04 A3008 RMK SC1AC7 DENSITY ALT -734FT LAST OBS /NEXT 050900 UTC SLP187
CYAW,2023-04-05 09:00,-63.4994,44.6397,CYAW 050900Z 34010G16KT 15SM FEW120 SCT250 01/M05 A3032 RMK AC2CI2 DENSITY ALT -1998FT FST OBS SLP270
CYAW,2023-04-05 10:00,-63.4994,44.6397,CYAW 051000Z 35015G20KT 15SM FEW015 FEW120 BKN250 M01/M08 A3035 RMK CF1AC1CI5 DENSITY ALT -2210FT SLP281
CYAW,2023-04-05 11:00,-63.4994,44.6397,CYAW 051100Z 35011G19KT 15SM FEW090 FEW120 BKN250 M00/M08 A3041 RMK AC1AC1CI4 DENSITY ALT -2242FT SLP298
CYAW,2023-04-05 12:00,-63.4994,44.6397,CYAW 051200Z 34013G20KT 15SM FEW090 SCT120 BKN200 M00/M10 A3042 RMK AC1AC4CI3 DENSITY ALT -2220FT SLP304
CYAW,2023-04-05 13:00,-63.4994,44.6397,CYAW 051300Z 34013G18KT 15SM FEW090 SCT120 BKN200 01/M11 A3042 RMK AC1AC4CI3 DENSITY ALT -2109FT SLP302
CYAW,2023-04-05 14:00,-63.4994,44.6397,CYAW 051400Z 36010G16KT 15SM SCT120 BKN250 02/M12 A3043 RMK AC4CI2 DENSITY ALT -2008FT SLP305
CYAW,2023-04-05 15:00,-63.4994,44.6397,CYAW 051500Z 36014KT 15SM BKN100 BKN250 03/M12 A3043 RMK AC5CI1 DENSITY ALT -1807FT SLP305
CYAW,2023-04-05 16:00,-63.4994,44.6397,CYAW 051600Z 02007KT 15SM BKN085 BKN250 03/M12 A3044 RMK AC7CI1 DENSITY ALT -1894FT SLP309
CYAW,2023-04-05 17:00,-63.4994,44.6397,CYAW 051700Z 34006KT 15SM BKN082 OVC250 03/M12 A3044 RMK AC7CI1 DENSITY ALT -1805FT SLP311
CYAW,2023-04-05 18:00,-63.4994,44.6397,CYAW 051800Z 30007KT 15SM BKN080 OVC250 04/M11 A3044 RMK AC7CI1 DENSITY ALT -1727FT SLP309
CYAW,2023-04-05 18:25,-63.4994,44.6397,CYAW 051825Z 00000KT 15SM BKN077 OVC250 04/M12 A3042 RMK AC7CI1 DENSITY ALT -1669FT LAST OBS /NEXT 061200 UTC SLP303
CYAW,2023-04-06 13:00,-63.4994,44.6397,CYAW 061300Z 10011KT 15SM OVC007 00/00 A3022 RMK SF8 DENSITY ALT -1934FT CIG VRB 5-9 FST OBS SLP237
CYAW,2023-04-06 14:00,-63.4994,44.6397,CYAW 061400Z 10005G15KT 4SM BR OVC005 00/00 A3023 RMK SF8 DENSITY ALT -1932FT CIG VRB 3-7 SLP238
CYAW,2023-04-06 14:40,-63.4994,44.6397,CYAW 061440Z 09007KT 1SM -DZRA BR OVC006 00/00 A3021 RMK SF8 DENSITY ALT -1896FT VIS VRB 3/4-1 1/4 CIG VRB 4-8 SLP233
CYAW,2023-04-06 15:00,-63.4994,44.6397,CYAW 061500Z 09009KT 1SM -DZRA BR OVC004 00/00 A3019 RMK SF8 DENSITY ALT -1859FT CIG VRB 3-6 SLP225
CYAW,2023-04-06 16:00,-63.4994,44.6397,CYAW 061600Z 09008G16KT 1SM BR OVC004 01/01 A3015 RMK SF8 DENSITY ALT -1733FT CIG VRB 3-5 SLP211
CYAW,2023-04-06 16:45,-63.4994,44.6397,CYAW 061645Z 08009KT 1SM BR OVC004 01/01 A3018 RMK SF8 DENSITY ALT -1728FT CIG VRB 3-5 LAST OBS /NEXT 111000 UTC SLP221
CYAW,2023-04-11 10:00,-63.4994,44.6397,CYAW 111000Z 00000KT 10SM FEW015 02/M01 A3005 RMK SC1 DENSITY ALT -1502FT FST OBS SLP178
CYAW,2023-04-11 11:00,-63.4994,44.6397,CYAW 111100Z 00000KT 10SM FEW015 03/01 A3004 RMK SC1 DENSITY ALT -1392FT SLP174
CYAW,2023-04-11 12:00,-63.4994,44.6397,CYAW 111200Z 23005KT 15SM FEW015 05/02 A3002 RMK SC1 DENSITY ALT -1052FT SLP168
CYAW,2023-04-11 13:00,-63.4994,44.6397,CYAW 111300Z 23007KT 15SM FEW015 FEW200 06/02 A3000 RMK SC1CI1 DENSITY ALT -879FT SLP161
CYAW,2023-04-11 14:00,-63.4994,44.6397,CYAW 111400Z 00000KT 15SM FEW015 SCT200 08/02 A2998 RMK SC1CI4 DENSITY ALT -594FT SLP154
CYAW,2023-04-11 15:00,-63.4994,44.6397,CYAW 111500Z 16009KT 15SM FEW015 SCT250 09/03 A2994 RMK SC1CI4 DENSITY ALT -516FT HALO CS ASOCTD SLP139
CYAW,2023-04-11 16:00,-63.4994,44.6397,CYAW 111600Z 17012KT 15SM FEW015 FEW250 09/04 A2990 RMK SC1CI1 DENSITY ALT -443FT SLP128
CYAW,2023-04-11 17:00,-63.4994,44.6397,CYAW 111700Z 19010KT 15SM FEW030 FEW250 11/04 A2987 RMK SC1CI1 DENSITY ALT -116FT SC TR SLP115
CYAW,2023-04-11 18:00,-63.4994,44.6397,CYAW 111800Z 18013KT 15SM FEW070 SCT250 11/04 A2982 RMK AC1CI3 DENSITY ALT -81FT SLP100
CYAW,2023-04-11 19:00,-63.4994,44.6397,CYAW 111900Z 20009KT 15SM FEW085 SCT250 13/04 A2979 RMK AC1CI2 DENSITY ALT 221FT SLP088
CYAW,2023-04-11 20:00,-63.4994,44.6397,CYAW 112000Z 23006KT 15SM FEW030 SCT090 BKN250 13/04 A2975 RMK SC1AC3CI3 DENSITY ALT 201FT SLP075
CYAW,2023-04-11 21:00,-63.4994,44.6397,CYAW 112100Z 16007KT 15SM FEW030 FEW090 FEW250 12/04 A2971 RMK SC1AC2CI1 DENSITY ALT 204FT LAST OBS /NEXT 120900 UTC SLP063
CYAW,2023-04-12 09:00,-63.4994,44.6397,CYAW 120900Z 23005KT 10SM FEW070 FEW130 BKN250 07/05 A2935 RMK ACC1AC2CI5 DENSITY ALT -1FT FST OBS SLP940
CYAW,2023-04-12 10:00,-63.4994,44.6397,CYAW 121000Z 00000KT 10SM FEW070 FEW130 SCT250 06/05 A2935 RMK ACC1AC1CI2 DENSITY ALT -87FT ACC TR SLP941
CYAW,2023-04-12 11:00,-63.4994,44.6397,CYAW 121100Z 28011G18KT 12SM FEW130 FEW250 08/04 A2936 RMK AC1CI1 DENSITY ALT 136FT SLP944
CYAW,2023-04-12 12:00,-63.4994,44.6397,CYAW 121200Z CCA 28011G16KT 12SM FEW090 FEW130 SCT200 11/03 A2936 RMK AC1AC1CI3 DENSITY ALT 395FT ACC ASOCTD SH DIST NW SLP945
CYAW,2023-04-12 13:00,-63.4994,44.6397,CYAW 121300Z 32016G22KT 12SM FEW050 SCT080 BKN110 BKN200 09/02 A2938 RMK SC1AC2AC4CI1 DENSITY ALT 221FT SH DIST NW-NE SLP949
CYAW,2023-04-12 14:00,-63.4994,44.6397,CYAW 121400Z 28019G27KT 15SM BKN050 BKN110 10/01 A2937 RMK SC5AC1 DENSITY ALT 240FT SLP948
CYAW,2023-04-12 15:00,-63.4994,44.6397,CYAW 121500Z 29025G30KT 15SM BKN050 BKN110 11/00 A2939 RMK SC6AC1 DENSITY ALT 369FT SLP952
CYAW,2023-04-12 16:00,-63.4994,44.6397,CYAW 121600Z 31027G33KT 15SM BKN035 08/01 A2940 RMK SC6 DENSITY ALT 72FT SLP956
CYAW,2023-04-12 17:00,-63.4994,44.6397,CYAW 121700Z 30018G27KT 15SM BKN040 11/01 A2939 RMK SC6 DENSITY ALT 444FT SLP953
CYAW,2023-04-12 18:00,-63.4994,44.6397,CYAW 121800Z 29021G28KT 15SM BKN045 11/M00 A2940 RMK SC7 DENSITY ALT 353FT SLP958
CYAW,2023-04-12 18:48,-63.4994,44.6397,CYAW 121848Z 31018G30KT 15SM BKN045 10/M00 A2942 RMK SC7 DENSITY ALT 270FT LAST OBS /NEXT 130900 UTC SLP963
CYAW,2023-04-13 09:00,-63.4994,44.6397,CYAW 130900Z CCA 30008KT 15SM FEW250 04/01 A2973 RMK CI1 DENSITY ALT -907FT FST OBS SLP070
CYAW,2023-04-13 10:00,-63.4994,44.6397,CYAW 131000Z 28008KT 15SM FEW250 04/01 A2976 RMK CI1 DENSITY ALT -892FT SLP078
CYAW,2023-04-13 11:00,-63.4994,44.6397,CYAW 131100Z 28007KT 15SM FEW250 06/01 A2977 RMK CI1 DENSITY ALT -690FT SLP084
CYAW,2023-04-13 12:00,-63.4994,44.6397,CYAW 131200Z 29009KT 15SM FEW250 08/01 A2978 RMK CI2 DENSITY ALT -430FT SLP087
CYAW,2023-04-13 13:00,-63.4994,44.6397,CYAW 131300Z 30008KT 15SM SCT250 10/01 A2979 RMK CI3 DENSITY ALT -138FT SLP088
CYAW,2023-04-13 14:00,-63.4994,44.6397,CYAW 131400Z 28010G18KT 15SM SCT250 13/M04 A2978 RMK CI3 DENSITY ALT 111FT SLP087
CYAW,2023-04-13 15:00,-63.4994,44.6397,CYAW 131500Z 28016KT 15SM FEW030 FEW250 14/M04 A2979 RMK CF1CI2 DENSITY ALT 265FT SLP088
CYAW,2023-04-13 16:00,-63.4994,44.6397,CYAW 131600Z 28012G17KT 15SM FEW250 15/M03 A2978 RMK CI1 DENSITY ALT 436FT SLP084
CYAW,2023-04-13 17:00,-63.4994,44.6397,CYAW 131700Z 30015G22KT 15SM FEW180 FEW250 16/M03 A2976 RMK AC1CI1 DENSITY ALT 577FT SLP080
CYAW,2023-04-13 18:00,-63.4994,44.6397,CYAW 131800Z 21011G20KT 15SM FEW180 FEW250 16/M00 A2975 RMK AC1CI1 DENSITY ALT 582FT AC TR SLP076
CYAW,2023-04-13 19:00,-63.4994,44.6397,CYAW 131900Z CCA 21009G17KT 15SM FEW160 FEW180 15/01 A2974 RMK AC1AC1 DENSITY ALT 484FT LAST OBS /NEXT 171000 UTC SLP073
CYAW,2023-04-17 10:00,-63.4994,44.6397,CYAW 171000Z 00000KT 1/4SM -DZ FG VV001 06/06 A2987 RMK FG8 DENSITY ALT -788FT FST OBS SLP115
CYAW,2023-04-17 10:50,-63.4994,44.6397,CYAW 171050Z 00000KT 5/8SM -DZ BR OVC002 06/06 A2987 RMK FG6ST2 DENSITY ALT -761FT SLP117
CYAW,2023-04-17 11:00,-63.4994,44.6397,CYAW 171100Z 00000KT 3/4SM -DZ BR OVC002 06/06 A2987 RMK FG6ST2 DENSITY ALT -735FT SLP116
CYAW,2023-04-17 11:36,-63.4994,44.6397,CYAW 171136Z 06006KT 3/8SM -DZ FG VV001 06/06 A2987 RMK FG8 DENSITY ALT -722FT SLP116
CYAW,2023-04-17 12:00,-63.4994,44.6397,CYAW 171200Z 00000KT 3/8SM -DZ FG VV002 06/06 A2987 RMK FG8 DENSITY ALT -695FT SLP117
CYAW,2023-04-17 12:38,-63.4994,44.6397,CYAW 171238Z 06006KT 1/2SM -DZ FG VV003 07/07 A2988 RMK FG8 DENSITY ALT -654FT VIS VRB 3/8-5/8 SLP121
CYAW,2023-04-17 13:00,-63.4994,44.6397,CYAW 171300Z 04004KT 1/2SM -DZ FG VV003 07/07 A2988 RMK FG8 DENSITY ALT -614FT VIS VRB 3/8-5/8 SLP120
CYAW,2023-04-17 13:20,-63.4994,44.6397,CYAW 171320Z 05007KT 2SM -DZ BR OVC004 07/07 A2987 RMK FG5SF3 DENSITY ALT -550FT SLP117
CYAW,2023-04-17 13:52,-63.4994,44.6397,CYAW 171352Z 06006KT 4SM BR OVC005 08/08 A2987 RMK SF8 DENSITY ALT -419FT SLP116
CYAW,2023-04-17 14:00,-63.4994,44.6397,CYAW 171400Z 05004KT 4SM BR OVC006 09/08 A2987 RMK SF8 DENSITY ALT -345FT SLP117
CYAW,2023-04-17 15:00,-63.4994,44.6397,CYAW 171500Z CCA 11005KT 8SM FEW001 OVC011 12/09 A2985 RMK ST1SC8 DENSITY ALT 44FT ST OVR APCH SLP111
CYAW,2023-04-17 16:00,-63.4994,44.6397,CYAW 171600Z 12003KT 8SM FEW001 OVC012 11/08 A2986 RMK ST1SC8 DENSITY ALT -119FT ST OVR APCH SLP114
CYAW,2023-04-17 16:41,-63.4994,44.6397,CYAW 171641Z 13008KT 8SM FEW004 OVC008 09/07 A2988 RMK SF2SC6 DENSITY ALT -408FT VIS LWR SE-SW SLP119
CYAW,2023-04-17 17:00,-63.4994,44.6397,CYAW 171700Z 11008KT 8SM SCT005 OVC008 08/06 A2987 RMK SF3SC5 DENSITY ALT -437FT VIS LWR SE-SW SLP118
CYAW,2023-04-17 17:37,-63.4994,44.6397,CYAW 171737Z 10010G15KT 4SM BR BKN004 OVC012 07/06 A2989 RMK SF7SC1 DENSITY ALT -607FT SLP122
CYAW,2023-04-17 18:00,-63.4994,44.6397,CYAW 171800Z 11008KT 4SM BR OVC004 08/06 A2989 RMK SF8 DENSITY ALT -558FT SLP123
CYAW,2023-04-17 18:40,-63.4994,44.6397,CYAW 171840Z 09011G17KT 4SM -DZ BR OVC004 07/06 A2988 RMK SF8 DENSITY ALT -647FT CIG VRB 3-5 SLP120
CYAW,2023-04-17 19:00,-63.4994,44.6397,CYAW 171900Z 09009G17KT 5SM -DZ BR OVC004 06/06 A2988 RMK SF8 DENSITY ALT -711FT CIG VRB 3-5 SLP120
CYAW,2023-04-17 20:00,-63.4994,44.6397,CYAW 172000Z 09008G16KT 6SM -DZ BR OVC004 06/06 A2987 RMK SF8 DENSITY ALT -700FT VIS LWR W QUAD CIG VRB 3-5 SLP118
CYAW,2023-04-17 21:00,-63.4994,44.6397,CYAW 172100Z 09011G18KT 2SM -DZ BR OVC004 05/05 A2987 RMK SF8 DENSITY ALT -867FT CIG VRB 3-5 SLP116
CYAW,2023-04-17 21:08,-63.4994,44.6397,CYAW 172108Z 09010G18KT 1SM -DZ BR OVC003 05/05 A2987 RMK SF8 DENSITY ALT -867FT SLP117
CYAW,2023-04-17 22:00,-63.4994,44.6397,CYAW 172200Z 09010G15KT 1SM -DZ BR OVC003 04/04 A2988 RMK SF8 DENSITY ALT -997FT SLP121
CYAW,2023-04-17 23:00,-63.4994,44.6397,CYAW 172300Z 08010G15KT 1SM -DZ BR OVC003 04/04 A2987 RMK SF8 DENSITY ALT -999FT SLP116
CYAW,2023-04-17 23:12,-63.4994,44.6397,CYAW 172312Z 08009G17KT 1SM -DZ BR OVC003 04/04 A2988 RMK SF8 DENSITY ALT -1011FT LAST OBS /NEXT 181000 UTC SLP120
CYAW,2023-04-18 10:00,-63.4994,44.6397,CYAW 181000Z 09012G19KT 1/4SM -DZ FG VV001 04/04 A2975 RMK FG8 DENSITY ALT -833FT FST OBS SLP076
CYAW,2023-04-18 10:18,-63.4994,44.6397,CYAW 181018Z 09013G20KT 1/4SM -SHRA FG VV001 04/04 A2974 RMK FG8 DENSITY ALT -822FT SLP072
CYAW,2023-04-18 10:26,-63.4994,44.6397,CYAW 181026Z 10010G20KT 3/4SM -SHRA BR OVC003 04/04 A2975 RMK FG5SF3 DENSITY ALT -820FT SLP075
CYAW,2023-04-18 11:00,-63.4994,44.6397,CYAW 181100Z 09016G22KT 3/4SM -SHRA BR OVC002 04/04 A2973 RMK FG5SF3 DENSITY ALT -784FT SLP068
CYAW,2023-04-18 11:27,-63.4994,44.6397,CYAW 181127Z 08014G22KT 1 1/2SM -RA BR OVC002 05/05 A2973 RMK FG2SF6 DENSITY ALT -757FT SLP070
CYAW,2023-04-18 12:00,-63.4994,44.6397,CYAW 181200Z 08009G15KT 1 1/2SM RA BR OVC002 05/05 A2976 RMK FG2SF6 DENSITY ALT -753FT SLP079
CYAW,2023-04-18 12:35,-63.4994,44.6397,CYAW 181235Z 08009G19KT 1 1/2SM RA BR OVC003 05/05 A2973 RMK FG2SF6 DENSITY ALT -705FT SLP070
CYAW,2023-04-18 12:47,-63.4994,44.6397,CYAW 181247Z 09007G16KT 1 1/2SM -RA BR BKN004 OVC011 05/05 A2974 RMK FG1SF4NS3 DENSITY ALT -703FT SLP072
CYAW,2023-04-18 13:00,-63.4994,44.6397,CYAW 181300Z 10007KT 1 1/2SM -RA BR BKN003 OVC011 05/05 A2975 RMK FG1SF4NS3 DENSITY ALT -715FT SLP075
CYAW,2023-04-18 13:34,-63.4994,44.6397,CYAW 181334Z 09009G15KT 1 1/2SM -DZ BR OVC002 05/05 A2974 RMK FG1SF7 DENSITY ALT -677FT SLP071
CYAW,2023-04-18 14:00,-63.4994,44.6397,CYAW 181400Z 08010KT 1 1/2SM -DZ BR OVC002 06/06 A2973 RMK FG3SF5 DENSITY ALT -625FT SLP069
CYAW,2023-04-18 14:17,-63.4994,44.6397,CYAW 181417Z 11003KT 1SM -DZ BR OVC002 06/06 A2974 RMK FG5SF3 DENSITY ALT -624FT SLP071
CYAW,2023-04-18 14:34,-63.4994,44.6397,CYAW 181434Z 10004KT 3/8SM -DZ FG VV003 06/06 A2972 RMK FG8 DENSITY ALT -548FT SLP066
CYAW,2023-04-18 14:53,-63.4994,44.6397,CYAW 181453Z CCA 09002KT 1/8SM -DZ FG VV001 07/07 A2972 RMK FG8 DENSITY ALT -469FT SLP065
CYAW,2023-04-18 15:00,-63.4994,44.6397,CYAW 181500Z 12005KT 1/8SM -DZ FG VV001 06/06 A2972 RMK FG8 DENSITY ALT -508FT SLP067
CYAW,2023-04-18 15:41,-63.4994,44.6397,CYAW 181541Z 12006KT 1/4SM FG VV001 07/07 A2973 RMK FG8 DENSITY ALT -467FT SLP069
CYAW,2023-04-18 16:00,-63.4994,44.6397,CYAW 181600Z 00000KT 1/4SM FG VV001 07/07 A2974 RMK FG8 DENSITY ALT -466FT SLP071
CYAW,2023-04-18 16:16,-63.4994,44.6397,CYAW 181616Z 00000KT 3/4SM BR OVC003 07/07 A2974 RMK FG4SF4 DENSITY ALT -439FT SLP072
CYAW,2023-04-18 16:26,-63.4994,44.6397,CYAW 181626Z 00000KT 2SM BR OVC003 08/08 A2974 RMK FG1SF7 DENSITY ALT -360FT SLP071
CYAW,2023-04-18 16:54,-63.4994,44.6397,CYAW 181654Z 00000KT 2SM BR OVC004 09/09 A2973 RMK SF8 DENSITY ALT -179FT SLP068
CYAW,2023-04-18 17:00,-63.4994,44.6397,CYAW 181700Z 00000KT 2 1/2SM BR FEW003 BKN005 OVC070 10/10 A2973 RMK SF1SF6AS1 OBS TAKEN +3 DENSITY ALT -98FT SLP070
CYAW,2023-04-18 17:44,-63.4994,44.6397,CYAW 181744Z 14002KT 2 1/2SM BR SCT005 SCT120 BKN200 12/10 A2974 RMK SF3AS1CI3 DENSITY ALT 139FT VIS SW-N 12 FG OVR APCH SLP073
CYAW,2023-04-18 18:00,-63.4994,44.6397,CYAW 181800Z 00000KT 2 1/2SM BR FEW005 FEW070 BKN200 11/10 A2974 RMK SF1AS1CI5 DENSITY ALT 13FT VIS SW-N 12 FG OVR APCH SLP071
CYAW,2023-04-18 19:00,-63.4994,44.6397,CYAW 181900Z 15003KT 7SM FEW005 BKN070 BKN200 09/08 A2974 RMK SF2AS3CI2 DENSITY ALT -151FT SLP072
CYAW,2023-04-18 20:00,-63.4994,44.6397,CYAW 182000Z 15009KT 8SM FEW005 BKN100 BKN220 09/08 A2974 RMK SF1AS4CI1 DENSITY ALT -225FT SLP071
CYAW,2023-04-18 21:00,-63.4994,44.6397,CYAW 182100Z 16008KT 12SM FEW005 FEW025 SCT140 BKN230 08/06 A2974 RMK SF1CU1AS2CI2 DENSITY ALT -360FT CU TR SLP073
CYAW,2023-04-18 22:00,-63.4994,44.6397,CYAW 182200Z 00000KT 15SM FEW005 FEW025 SCT180 07/05 A2976 RMK SF1CU1AS2 DENSITY ALT -464FT CU TR SLP078
CYAW,2023-04-18 22:51,-63.4994,44.6397,CYAW 182251Z 00000KT 3/4SM BR FEW005 FEW025 SCT180 04/04 A2977 RMK SF2CU1AS2 DENSITY ALT -910FT VIS S-NE 12 SLP084
CYAW,2023-04-18 23:00,-63.4994,44.6397,CYAW 182300Z 00000KT 3/8SM FG SCT180 04/04 A2978 RMK FG2AC2 DENSITY ALT -948FT VIS HYR W QUAD SLP085
CYAW,2023-04-18 23:14,-63.4994,44.6397,CYAW 182314Z 00000KT 1/8SM FG VV002 03/03 A2978 RMK FG8 DENSITY ALT -974FT VIS VRB 0-1/4 SLP085
CYAW,2023-04-18 23:27,-63.4994,44.6397,CYAW 182327Z 00000KT 3/4SM BR BKN180 03/03 A2979 RMK FG3AC3 DENSITY ALT -999FT VIS W QUAD 8 SLP088
CYAW,2023-04-18 23:48,-63.4994,44.6397,CYAW 182348Z 00000KT 6SM BR BKN082 03/03 A2979 RMK AC6 DENSITY ALT -1052FT SLP090
CYAW,2023-04-19 00:00,-63.4994,44.6397,CYAW 190000Z 00000KT 10SM FEW005 BKN082 03/03 A2979 RMK SF1AC6 DENSITY ALT -1052FT SLP091
CYAW,2023-04-19 01:00,-63.4994,44.6397,CYAW 190100Z 00000KT 15SM SCT084 03/03 A2982 RMK AC4 DENSITY ALT -1100FT SLP100
CYAW,2023-04-19 02:00,-63.4994,44.6397,CYAW 190200Z CCA 00000KT 15SM FEW080 05/03 A2984 RMK AC1 DENSITY ALT -832FT SLP106
CYAW,2023-04-19 02:21,-63.4994,44.6397,CYAW 190221Z 00000KT 15SM FEW080 05/03 A2984 RMK AC1 DENSITY ALT -796FT LAST OBS /NEXT 191000 UTC SLP107
CYAW,2023-04-19 10:00,-63.4994,44.6397,CYAW 191000Z 00000KT 12SM BKN095 05/05 A2988 RMK AC6 DENSITY ALT -845FT FST OBS SLP120
CYAW,2023-04-19 11:00,-63.4994,44.6397,CYAW 191100Z 00000KT 12SM FEW006 FEW045 BKN095 05/05 A2990 RMK SF1SC1AC6 DENSITY ALT -943FT SLP127
CYAW,2023-04-19 12:00,-63.4994,44.6397,CYAW 191200Z CCA 00000KT 12SM BKN095 06/05 A2990 RMK AC6 DENSITY ALT -829FT SLP128
CYAW,2023-04-19 13:00,-63.4994,44.6397,CYAW 191300Z 00000KT 12SM BKN095 08/05 A2989 RMK AC5 DENSITY ALT -471FT SLP123
CYAW,2023-04-19 14:00,-63.4994,44.6397,CYAW 191400Z 15008KT 15SM BKN060 BKN095 07/04 A2989 RMK SC5AC2 DENSITY ALT -628FT SLP122
CYAW,2023-04-19 15:00,-63.4994,44.6397,CYAW 191500Z 16013KT 12SM BKN055 08/04 A2988 RMK SC7 DENSITY ALT -493FT SLP119
CYAW,2023-04-19 16:00,-63.4994,44.6397,CYAW 191600Z 15015KT 12SM BKN056 09/04 A2986 RMK SC7 DENSITY ALT -343FT SLP114
CYAW,2023-04-19 17:00,-63.4994,44.6397,CYAW 191700Z 16013KT 15SM BKN055 BKN070 10/05 A2985 RMK SC5AC1 DENSITY ALT -268FT SLP110
CYAW,2023-04-19 18:00,-63.4994,44.6397,CYAW 191800Z 17013KT 15SM SCT051 BKN085 09/04 A2984 RMK SC4AC2 DENSITY ALT -335FT SLP105
CYAW,2023-04-19 19:00,-63.4994,44.6397,CYAW 191900Z 16010G15KT 15SM FEW055 SCT085 10/05 A2982 RMK SC2AC2 DENSITY ALT -204FT SLP101
CYAW,2023-04-19 20:00,-63.4994,44.6397,CYAW 192000Z 16009KT 15SM SCT035 SCT080 10/05 A2981 RMK SC3AC1 DENSITY ALT -195FT SLP097
CYAW,2023-04-19 21:00,-63.4994,44.6397,CYAW 192100Z 19008KT 15SM FEW030 BKN065 BKN080 08/05 A2981 RMK CF1SC5AC1 DENSITY ALT -425FT SLP095
CYAW,2023-04-19 22:00,-63.4994,44.6397,CYAW 192200Z 00000KT 15SM FEW040 SCT060 BKN080 07/05 A2980 RMK SC1SC2AC3 DENSITY ALT -585FT SLP094
CYAW,2023-04-19 23:00,-63.4994,44.6397,CYAW 192300Z 00000KT 12SM -SHRA SCT040 BKN080 07/06 A2982 RMK SC3AC4 DENSITY ALT -517FT LAST OBS /NEXT 201000 UTC SLP099
CYAW,2023-04-20 10:00,-63.4994,44.6397,CYAW 201000Z 29011KT 15SM FEW020 FEW090 04/03 A2992 RMK SC1AC2 DENSITY ALT -1013FT FST OBS SLP134
CYAW,2023-04-20 11:00,-63.4994,44.6397,CYAW 201100Z 30009G15KT 15SM BKN097 BKN200 06/03 A2994 RMK AC6CC1 DENSITY ALT -874FT SLP141
CYAW,2023-04-20 12:00,-63.4994,44.6397,CYAW 201200Z 29009G15KT 15SM FEW030 BKN087 06/03 A2995 RMK SC1AC6 DENSITY ALT -799FT VIRGA NW SLP143
CYAW,2023-04-20 13:00,-63.4994,44.6397,CYAW 201300Z 31011KT 15SM FEW040 BKN080 07/03 A2994 RMK SC1AC6 DENSITY ALT -665FT SLP141
CYAW,2023-04-20 14:00,-63.4994,44.6397,CYAW 201400Z 33013G18KT 15SM FEW040 SCT090 10/03 A2993 RMK SC1AC3 DENSITY ALT -335FT SLP138
CYAW,2023-04-20 15:00,-63.4994,44.6397,CYAW 201500Z 30009G16KT 15SM BKN035 BKN090 11/03 A2993 RMK SC5AC1 DENSITY ALT -241FT VIRGA SW SLP138
CYAW,2023-04-20 16:00,-63.4994,44.6397,CYAW 201600Z 30010G16KT 15SM SCT041 BKN051 BKN090 11/01 A2992 RMK SC3SC2AC1 DENSITY ALT -250FT VIRGA SW SLP135
CYAW,2023-04-20 17:00,-63.4994,44.6397,CYAW 201700Z 30014G20KT 15SM -SHRA BKN050 BKN080 11/01 A2992 RMK SC5AC1 DENSITY ALT -219FT PCPN VRY LGT SLP133
CYAW,2023-04-20 17:16,-63.4994,44.6397,CYAW 201716Z 31015KT 15SM FEW050 BKN070 BKN080 11/00 A2992 RMK SC2AC3AC1 DENSITY ALT -196FT SLP133
CYAW,2023-04-20 18:00,-63.4994,44.6397,CYAW 201800Z 31015KT 15SM FEW060 BKN080 11/00 A2992 RMK SC2AC4 DENSITY ALT -197FT VIRGA SW SLP135
CYAW,2023-04-20 19:00,-63.4994,44.6397,CYAW 201900Z 31014G21KT 15SM FEW050 SCT060 BKN080 11/M01 A2992 RMK CU1SC3AC2 DENSITY ALT -241FT VIRGA SLP132
CYAW,2023-04-20 20:00,-63.4994,44.6397,CYAW 202000Z 30013KT 15SM FEW050 BKN060 BKN080 12/M02 A2991 RMK CU1SC4AC2 DENSITY ALT -88FT SLP130
CYAW,2023-04-20 21:00,-63.4994,44.6397,CYAW 202100Z 31014G21KT 15SM FEW040 SCT050 BKN080 11/M00 A2993 RMK CU1SC3AC3 DENSITY ALT -223FT VIRGA SLP138
CYAW,2023-04-20 22:00,-63.4994,44.6397,CYAW 202200Z 32013G21KT 15SM FEW050 SCT065 BKN080 10/M01 A2994 RMK CU2SC2AC3 DENSITY ALT -347FT VIRGA SLP141
CYAW,2023-04-20 23:00,-63.4994,44.6397,CYAW 202300Z 31016G21KT 15SM FEW060 BKN078 09/M01 A2996 RMK SC2AC5 DENSITY ALT -495FT SLP148
CYAW,2023-04-21 00:00,-63.4994,44.6397,CYAW 210000Z 30013G20KT 15SM BKN075 09/M01 A2998 RMK AC7 DENSITY ALT -575FT SLP153
CYAW,2023-04-21 00:45,-63.4994,44.6397,CYAW 210045Z 30012KT 15SM BKN076 08/M00 A2999 RMK AC7 DENSITY ALT -646FT LAST OBS /NEXT 211000 UTC SLP158
CYAW,2023-04-21 10:00,-63.4994,44.6397,CYAW 211000Z 31010KT 15SM FEW030 FEW080 02/M02 A3007 RMK SC1AC1 DENSITY ALT -1496FT FST OBS SLP183
CYAW,2023-04-21 11:00,-63.4994,44.6397,CYAW 211100Z 32011G18KT 15SM FEW030 FEW250 04/M02 A3006 RMK SC1CI1 DENSITY ALT -1307FT SLP182
CYAW,2023-04-21 12:00,-63.4994,44.6397,CYAW 211200Z 34013G22KT 15SM FEW030 FEW080 06/M01 A3006 RMK SC1AC1 DENSITY ALT -1024FT SLP182
CYAW,2023-04-21 13:00,-63.4994,44.6397,CYAW 211300Z 34015G22KT 15SM FEW030 07/00 A3007 RMK SC1 DENSITY ALT -832FT SLP183
CYAW,2023-04-21 14:00,-63.4994,44.6397,CYAW 211400Z 33017G22KT 15SM FEW030 FEW250 09/01 A3008 RMK SC1CI1 DENSITY ALT -665FT CI TR SLP188
CYAW,2023-04-21 15:00,-63.4994,44.6397,CYAW 211500Z 36012G22KT 15SM FEW030 FEW250 10/02 A3010 RMK SC2CI1 DENSITY ALT -574FT SLP193
CYAW,2023-04-21 16:00,-63.4994,44.6397,CYAW 211600Z 35017KT 15SM SCT030 SCT250 09/02 A3011 RMK SC4CI1 DENSITY ALT -646FT SLP197
CYAW,2023-04-21 17:00,-63.4994,44.6397,CYAW 211700Z 35017G24KT 15SM BKN025 08/02 A3011 RMK SC6 DENSITY ALT -744FT SLP199
CYAW,2023-04-21 18:00,-63.4994,44.6397,CYAW 211800Z 35015KT 15SM BKN025 10/02 A3010 RMK SC5 DENSITY ALT -537FT SLP195
CYAW,2023-04-21 19:00,-63.4994,44.6397,CYAW 211900Z 35013KT 15SM BKN035 11/02 A3011 RMK SC6 DENSITY ALT -439FT LAST OBS /NEXT 241000 UTC SLP196
CYAW,2023-04-24 10:00,-63.4994,44.6397,CYAW 241000Z 00000KT 15SM SCT025 BKN210 01/01 A3019 RMK SC3CI4 DENSITY ALT -1713FT FST OBS SLP225
CYAW,2023-04-24 11:00,-63.4994,44.6397,CYAW 241100Z 00000KT 15SM BKN022 BKN210 03/03 A3019 RMK SC6CI1 DENSITY ALT -1450FT SLP227
CYAW,2023-04-24 12:00,-63.4994,44.6397,CYAW 241200Z 00000KT 15SM FEW010 FEW021 OVC210 05/03 A3019 RMK CU1SC1CI7 DENSITY ALT -1273FT SLP227
CYAW,2023-04-24 13:00,-63.4994,44.6397,CYAW 241300Z 09002KT 15SM FEW018 BKN210 08/03 A3019 RMK SC2CI5 DENSITY ALT -865FT CF ASOCTD SLP226
CYAW,2023-04-24 14:00,-63.4994,44.6397,CYAW 241400Z 11008KT 15SM SCT023 OVC210 08/03 A3020 RMK SC4CI4 DENSITY ALT -855FT SLP229
CYAW,2023-04-24 15:00,-63.4994,44.6397,CYAW 241500Z 13010KT 15SM FEW025 SCT160 BKN250 08/03 A3021 RMK SC2AC2CI3 DENSITY ALT -936FT SLP231
CYAW,2023-04-24 16:00,-63.4994,44.6397,CYAW 241600Z 10011G17KT 15SM FEW025 SCT160 BKN250 07/03 A3021 RMK SC1AC3CI3 DENSITY ALT -1011FT CF ASOCTD SLP232
CYAW,2023-04-24 17:00,-63.4994,44.6397,CYAW 241700Z 11010G15KT 15SM FEW025 SCT160 BKN250 08/03 A3020 RMK SC1AC2CI4 DENSITY ALT -938FT CF ASOCTD SLP229
CYAW,2023-04-24 18:00,-63.4994,44.6397,CYAW 241800Z 12009G17KT 15SM FEW015 BKN160 BKN250 08/04 A3019 RMK SC2AC3CI2 DENSITY ALT -899FT SF ASOCTD SLP226
CYAW,2023-04-24 19:00,-63.4994,44.6397,CYAW 241900Z 12013KT 15SM SCT013 OVC250 06/03 A3018 RMK SC4CI4 DENSITY ALT -1105FT SLP223
CYAW,2023-04-24 19:27,-63.4994,44.6397,CYAW 241927Z 13013KT 15SM BKN013 OVC250 06/02 A3018 RMK SC6CI2 DENSITY ALT -1168FT SLP221
CYAW,2023-04-24 20:00,-63.4994,44.6397,CYAW 242000Z 12012KT 15SM BKN011 OVC250 05/02 A3018 RMK SC7CI1 DENSITY ALT -1245FT SLP222
CYAW,2023-04-24 21:00,-63.4994,44.6397,CYAW 242100Z 09005KT 15SM OVC008 04/03 A3020 RMK SF8 DENSITY ALT -1352FT SLP228
CYAW,2023-04-24 22:00,-63.4994,44.6397,CYAW 242200Z 11007KT 15SM OVC008 04/03 A3020 RMK SF8 DENSITY ALT -1401FT SLP228
CYAW,2023-04-24 23:00,-63.4994,44.6397,CYAW 242300Z CCA 11006G15KT 15SM OVC008 04/03 A3021 RMK SF8 DENSITY ALT -1450FT SLP232
CYAW,2023-04-25 00:00,-63.4994,44.6397,CYAW 250000Z 00000KT 15SM OVC008 04/03 A3022 RMK SF8 DENSITY ALT -1461FT SLP236
CYAW,2023-04-25 00:34,-63.4994,44.6397,CYAW 250034Z 00000KT 15SM OVC008 03/03 A3022 RMK SF8 DENSITY ALT -1487FT LAST OBS/NXT 251000 UTC SLP236
CYAW,2023-04-25 10:00,-63.4994,44.6397,CYAW 251000Z 00000KT 15SM OVC023 04/M00 A3024 RMK SC8 DENSITY ALT -1491FT FST OBS SLP243
CYAW,2023-04-25 11:00,-63.4994,44.6397,CYAW 251100Z 00000KT 15SM OVC025 04/M01 A3025 RMK SC8 DENSITY ALT -1468FT SLP247
CYAW,2023-04-25 12:00,-63.4994,44.6397,CYAW 251200Z 00000KT 15SM OVC024 04/M01 A3025 RMK SC8 DENSITY ALT -1430FT SLP247
CYAW,2023-04-25 13:00,-63.4994,44.6397,CYAW 251300Z 00000KT 15SM OVC025 05/M01 A3026 RMK SC8 DENSITY ALT -1417FT SLP248
CYAW,2023-04-25 14:00,-63.4994,44.6397,CYAW 251400Z 00000KT 15SM OVC024 05/M00 A3027 RMK SC8 DENSITY ALT -1401FT SLP253
CYAW,2023-04-25 15:00,-63.4994,44.6397,CYAW 251500Z 00000KT 15SM OVC026 06/M00 A3027 RMK SC8 DENSITY ALT -1287FT SLP252
CYAW,2023-04-25 16:00,-63.4994,44.6397,CYAW 251600Z 36005KT 15SM BKN030 07/00 A3025 RMK SC7 DENSITY ALT -1040FT SLP247
CYAW,2023-04-25 17:00,-63.4994,44.6397,CYAW 251700Z 11008KT 15SM SCT030 BKN140 08/01 A3025 RMK SC4AC2 DENSITY ALT -975FT SLP245
CYAW,2023-04-25 18:00,-63.4994,44.6397,CYAW 251800Z 12010KT 15SM FEW030 SCT140 BKN240 08/00 A3025 RMK SC2AC2CI1 DENSITY ALT -979FT SLP245
CYAW,2023-04-25 19:00,-63.4994,44.6397,CYAW 251900Z 14011G17KT 15SM FEW030 FEW140 SCT240 07/M00 A3025 RMK SC1AC1CI3 DENSITY ALT -1041FT SLP245
CYAW,2023-04-25 20:00,-63.4994,44.6397,CYAW 252000Z 14012KT 15SM FEW030 FEW140 BKN240 07/M01 A3025 RMK SC1AC1CI5 DENSITY ALT -1118FT SLP245
CYAW,2023-04-25 21:00,-63.4994,44.6397,CYAW 252100Z 20009KT 15SM FEW030 BKN240 06/M00 A3025 RMK SC1CI4 DENSITY ALT -1166FT SLP247
CYAW,2023-04-25 22:00,-63.4994,44.6397,CYAW 252200Z 18007KT 15SM FEW030 SCT240 06/M01 A3025 RMK SC1CI3 DENSITY ALT -1168FT SLP246
CYAW,2023-04-25 22:40,-63.4994,44.6397,CYAW 252240Z 21005KT 15SM FEW030 FEW240 06/M00 A3025 RMK SC1CI1 DENSITY ALT -1241FT LAST OBS /NEXT 261000 UTC SLP246
CYAW,2023-04-26 10:00,-63.4994,44.6397,CYAW 261000Z 00000KT 15SM SCT240 02/01 A3027 RMK CI4 DENSITY ALT -1796FT FST OBS SLP253
CYAW,2023-04-26 11:00,-63.4994,44.6397,CYAW 261100Z 00000KT 15SM FEW160 BKN250 05/02 A3027 RMK AC1CI5 DENSITY ALT -1300FT SLP253
CYAW,2023-04-26 12:00,-63.4994,44.6397,CYAW 261200Z 00000KT 15SM FEW020 OVC250 07/02 A3027 RMK SC1CI8 DENSITY ALT -1050FT SLP253
CYAW,2023-04-26 13:00,-63.4994,44.6397,CYAW 261300Z 00000KT 15SM FEW020 FEW120 OVC230 09/02 A3026 RMK SC1AC1CS7 DENSITY ALT -846FT HALO SLP249
CYAW,2023-04-26 14:00,-63.4994,44.6397,CYAW 261400Z 21002KT 15SM FEW037 FEW120 OVC230 09/03 A3026 RMK SC1AC1CS6 DENSITY ALT -790FT SLP248
CYAW,2023-04-26 15:00,-63.4994,44.6397,CYAW 261500Z 16009KT 15SM SCT037 SCT120 BKN230 10/02 A3025 RMK SC3AC1CI1 DENSITY ALT -732FT SLP246
CYAW,2023-04-26 16:00,-63.4994,44.6397,CYAW 261600Z 18011KT 15SM SCT037 BKN140 BKN230 09/01 A3024 RMK SC3AC2CI1 DENSITY ALT -815FT SLP242
CYAW,2023-04-26 17:00,-63.4994,44.6397,CYAW 261700Z 17010KT 15SM FEW037 BKN140 BKN230 09/01 A3023 RMK SC2AC3CI1 DENSITY ALT -851FT SLP240
CYAW,2023-04-26 18:00,-63.4994,44.6397,CYAW 261800Z 16010KT 15SM FEW037 SCT150 BKN230 09/01 A3023 RMK SC1AC3CS3 DENSITY ALT -865FT HALO SLP238
CYAW,2023-04-26 19:00,-63.4994,44.6397,CYAW 261900Z 16009KT 15SM FEW120 BKN220 08/01 A3022 RMK AC1CS6 DENSITY ALT -952FT HALO SLP237
CYAW,2023-04-26 20:00,-63.4994,44.6397,CYAW 262000Z 16008KT 15SM BKN120 OVC240 08/01 A3022 RMK AS7CI1 DENSITY ALT -978FT SLP234
CYAW,2023-04-26 21:00,-63.4994,44.6397,CYAW 262100Z 15007KT 15SM FEW030 BKN140 OVC240 07/01 A3022 RMK SC1AS7CI1 DENSITY ALT -1072FT SUN DIMLY VISBL SLP236
CYAW,2023-04-26 22:00,-63.4994,44.6397,CYAW 262200Z 12004KT 15SM FEW030 OVC110 06/02 A3022 RMK SC1AS8 DENSITY ALT -1219FT SLP235
CYAW,2023-04-26 23:00,-63.4994,44.6397,CYAW 262300Z 00000KT 12SM FEW030 OVC085 05/03 A3022 RMK SC1AS8 DENSITY ALT -1334FT SLP234
CYAW,2023-04-27 00:00,-63.4994,44.6397,CYAW 270000Z 00000KT 12SM FEW008 BKN075 BKN110 04/04 A3022 RMK SF1AS5AC2 DENSITY ALT -1380FT SLP237
CYAW,2023-04-27 01:00,-63.4994,44.6397,CYAW 270100Z 00000KT 12SM OVC080 04/03 A3024 RMK AS8 DENSITY ALT -1405FT SLP241
CYAW,2023-04-27 02:00,-63.4994,44.6397,CYAW 270200Z CCA 00000KT 12SM FEW020 OVC075 04/03 A3023 RMK SC1AS8 DENSITY ALT -1422FT LAST OBS /NEXT 271000 UTC SLP239
CYAW,2023-04-27 10:00,-63.4994,44.6397,CYAW 271000Z 00000KT 15SM FEW015 BKN060 OVC110 04/04 A3018 RMK SF1SC6AC1 DENSITY ALT -1343FT FG BANK S FST OBS SLP223
CYAW,2023-04-27 11:00,-63.4994,44.6397,CYAW 271100Z 00000KT 10SM -SHRA FEW015 SCT035 BKN060 OVC110 05/05 A3019 RMK SF1SC4SC3AC1 DENSITY ALT -1264FT PCPN VRY LGT SF TR SLP227
CYAW,2023-04-27 12:00,-63.4994,44.6397,CYAW 271200Z 00000KT 12SM -SHRA FEW003 BKN035 OVC060 05/05 A3020 RMK SF2SC4SC2 DENSITY ALT -1274FT PCPN VRY LGT SLP228
CYAW,2023-04-27 13:00,-63.4994,44.6397,CYAW 271300Z 00000KT 10SM -SHRA BKN003 OVC032 05/05 A3019 RMK SF5SC3 DENSITY ALT -1289FT PCPN VRY LGT SLP227
CYAW,2023-04-27 14:00,-63.4994,44.6397,CYAW 271400Z 00000KT 10SM -SHRA BKN004 OVC032 05/05 A3019 RMK SF6SC2 DENSITY ALT -1236FT PCPN VRY LGT SLP227
CYAW,2023-04-27 14:44,-63.4994,44.6397,CYAW 271444Z 00000KT 10SM -SHRA BKN005 OVC036 05/05 A3019 RMK SF5SC3 DENSITY ALT -1183FT PCPN VRY LGT SLP224
CYAW,2023-04-27 15:00,-63.4994,44.6397,CYAW 271500Z 00000KT 10SM -SHRA SCT005 OVC036 06/06 A3018 RMK SF4SC4 DENSITY ALT -1083FT SLP223
CYAW,2023-04-27 16:00,-63.4994,44.6397,CYAW 271600Z 00000KT 10SM -SHRA SCT008 OVC035 07/06 A3017 RMK SF4SC4 DENSITY ALT -934FT PCPN VRY LGT SLP220
CYAW,2023-04-27 17:00,-63.4994,44.6397,CYAW 271700Z 00000KT 15SM -SHRA SCT009 OVC030 08/06 A3017 RMK SF4SC4 DENSITY ALT -867FT PCPN VRY LGT SLP217
CYAW,2023-04-27 18:00,-63.4994,44.6397,CYAW 271800Z 18007KT 15SM -SHRA SCT009 OVC025 07/06 A3015 RMK SF4SC4 DENSITY ALT -894FT PCPN VRY LGT SLP213
CYAW,2023-04-27 19:00,-63.4994,44.6397,CYAW 271900Z 17007KT 12SM -SHRA FEW017 BKN026 BKN034 08/06 A3013 RMK SC1SC4SC2 DENSITY ALT -847FT PCPN VRY LGT SLP206
CYAW,2023-04-27 20:00,-63.4994,44.6397,CYAW 272000Z 17007KT 12SM -SHRA FEW023 BKN028 OVC070 07/06 A3013 RMK SC1SC4AC3 DENSITY ALT -952FT SLP204
CYAW,2023-04-27 21:00,-63.4994,44.6397,CYAW 272100Z 18007KT 12SM -SHRA BKN035 BKN044 07/05 A3012 RMK SC5SC2 DENSITY ALT -957FT PCPN VRY LGT SLP203
CYAW,2023-04-27 22:00,-63.4994,44.6397,CYAW 272200Z 00000KT 9SM -SHRA OVC028 06/05 A3013 RMK SC8 DENSITY ALT -1070FT SLP204
CYAW,2023-04-27 23:00,-63.4994,44.6397,CYAW 272300Z 00000KT 12SM BKN024 BKN044 06/06 A3013 RMK SC5SC2 DENSITY ALT -1062FT SLP206
CYAW,2023-04-28 00:00,-63.4994,44.6397,CYAW 280000Z 00000KT 12SM FEW015 BKN020 06/05 A3014 RMK SC1SC7 DENSITY ALT -1100FT SLP208
CYAW,2023-04-28 01:00,-63.4994,44.6397,CYAW 280100Z 00000KT 8SM BKN010 BKN030 06/06 A3015 RMK SC5SC2 DENSITY ALT -1071FT SLP211
CYAW,2023-04-28 01:11,-63.4994,44.6397,CYAW 280111Z 00000KT 8SM BKN007 BKN030 06/06 A3015 RMK SF5SC2 DENSITY ALT -1045FT SLP211
CYAW,2023-04-28 01:24,-63.4994,44.6397,CYAW 280124Z 32009KT 9SM FEW008 BKN020 06/06 A3014 RMK SF1SC5 DENSITY ALT -1019FT SLP210
CYAW,2023-04-28 02:00,-63.4994,44.6397,CYAW 280200Z 34010KT 12SM FEW011 BKN015 06/05 A3014 RMK SC1SC5 DENSITY ALT -1079FT SLP210
CYAW,2023-04-28 02:32,-63.4994,44.6397,CYAW 280232Z 34006KT 12SM FEW015 FEW120 04/04 A3014 RMK SC1AC1 DENSITY ALT -1258FT LAST OBS /NEXT 281000 UTC SLP209
CYAW,2023-04-28 10:00,-63.4994,44.6397,CYAW 281000Z 33006KT 12SM SCT055 SCT210 02/02 A3017 RMK SC4CI1 DENSITY ALT -1570FT FST OBS SLP218
CYAW,2023-04-28 11:00,-63.4994,44.6397,CYAW 281100Z 36007KT 15SM FEW055 SCT100 SCT210 04/03 A3018 RMK SC2AC1CI1 DENSITY ALT -1311FT SLP222
CYAW,2023-04-28 12:00,-63.4994,44.6397,CYAW 281200Z 34009KT 15SM FEW030 SCT180 06/03 A3019 RMK SC1AC2 DENSITY ALT -1123FT CF ASOCTD SLP224
CYAW,2023-04-28 13:00,-63.4994,44.6397,CYAW 281300Z 34012KT 15SM FEW030 08/04 A3017 RMK CU2 DENSITY ALT -837FT CF ASOCTD SLP219
CYAW,2023-04-28 14:00,-63.4994,44.6397,CYAW 281400Z 36012G17KT 15SM FEW025 10/03 A3017 RMK CU1 DENSITY ALT -645FT CF ASOCTD SLP217
CYAW,2023-04-28 15:00,-63.4994,44.6397,CYAW 281500Z 32012G17KT 15SM FEW025 11/02 A3016 RMK CF1 DENSITY ALT -470FT SLP215
CYAW,2023-04-28 16:00,-63.4994,44.6397,CYAW 281600Z 01010G15KT 15SM FEW030 13/02 A3016 RMK CF1 DENSITY ALT -269FT SLP213
CYAW,2023-04-28 17:00,-63.4994,44.6397,CYAW 281700Z 36006KT 15SM FEW030 14/03 A3015 RMK CF1 DENSITY ALT -120FT SLP210
CYAW,2023-04-28 18:00,-63.4994,44.6397,CYAW 281800Z 00000KT 15SM FEW030 14/02 A3014 RMK CF1 DENSITY ALT -53FT SLP209
CYAW,2023-04-28 19:00,-63.4994,44.6397,CYAW 281900Z 18009KT 15SM FEW050 14/03 A3014 RMK CU1 DENSITY ALT -69FT SLP206
CYAW,2023-04-28 20:00,-63.4994,44.6397,CYAW 282000Z 17008KT 15SM FEW055 14/04 A3013 RMK CU1 DENSITY ALT -76FT SLP203
CYAW,2023-04-28 20:54,-63.4994,44.6397,CYAW 282054Z 18010KT 15SM FEW060 13/04 A3012 RMK CU1 DENSITY ALT -149FT LAST OBS /NEXT 010900 UTC SLP202
CYAW,2023-05-01 09:00,-63.4994,44.6397,CYAW 010900Z 09014G25KT 12SM OVC011 05/03 A2989 RMK SC8 DENSITY ALT -853FT FST OBS SLP124
CYAW,2023-05-01 10:00,-63.4994,44.6397,CYAW 011000Z 09019G27KT 7SM OVC015 06/04 A2987 RMK SC8 DENSITY ALT -776FT SLP115
CYAW,2023-05-01 10:18,-63.4994,44.6397,CYAW 011018Z 09017G28KT 5SM -RA BR OVC015 06/04 A2986 RMK SC8 DENSITY ALT -764FT SLP113
CYAW,2023-05-01 11:00,-63.4994,44.6397,CYAW 011100Z 08016G29KT 6SM -RA BR OVC013 05/05 A2984 RMK SC8 DENSITY ALT -782FT SLP106
CYAW,2023-05-01 11:44,-63.4994,44.6397,CYAW 011144Z 09018G28KT 3SM -RA BR FEW008 OVC010 06/06 A2982 RMK SF2SC6 DENSITY ALT -704FT SLP100
CYAW,2023-05-01 11:54,-63.4994,44.6397,CYAW 011154Z 09015G26KT 3SM -RA BR BKN007 OVC010 06/06 A2981 RMK SF5SC3 DENSITY ALT -692FT SLP095
CYAW,2023-05-01 12:00,-63.4994,44.6397,CYAW 011200Z 09015G26KT 3SM -RA BR BKN007 OVC010 06/06 A2981 RMK SF5SC3 DENSITY ALT -692FT SLP096
CYAW,2023-05-01 12:23,-63.4994,44.6397,CYAW 011223Z 08017G32KT 1 1/2SM -RA BR BKN005 OVC010 06/06 A2980 RMK SF7SC1 DENSITY ALT -654FT SLP093
CYAW,2023-05-01 12:36,-63.4994,44.6397,CYAW 011236Z 09014G26KT 2SM -RA BR OVC004 06/06 A2980 RMK SF8 DENSITY ALT -641FT SLP093
CYAW,2023-05-01 13:00,-63.4994,44.6397,CYAW 011300Z 09020G28KT 2 1/2SM -RA BR OVC004 06/06 A2980 RMK SF8 DENSITY ALT -667FT SLP092
CYAW,2023-05-01 14:00,-63.4994,44.6397,CYAW 011400Z 09019G29KT 2SM RA BR OVC004 06/06 A2976 RMK SF8 DENSITY ALT -568FT SLP081
CYAW,2023-05-01 14:23,-63.4994,44.6397,CYAW 011423Z 09018G30KT 2 1/2SM -RA BR OVC004 06/06 A2975 RMK SF8 DENSITY ALT -543FT SLP076
CYAW,2023-05-01 15:00,-63.4994,44.6397,CYAW 011500Z 09017G30KT 2SM RA BR OVC004 06/06 A2973 RMK SF8 DENSITY ALT -520FT SLP068
CYAW,2023-05-01 16:00,-63.4994,44.6397,CYAW 011600Z 10016G30KT 2SM RA BR OVC004 06/06 A2971 RMK SF8 DENSITY ALT -510FT /R14/ SLP063
CYAW,2023-05-01 17:00,-63.4994,44.6397,CYAW 011700Z 09016G30KT 1 3/4SM RA BR OVC004 06/06 A2970 RMK SF8 DENSITY ALT -498FT SLP059
CYAW,2023-05-01 17:48,-63.4994,44.6397,CYAW 011748Z 08017G31KT 4SM -RA BR OVC004 06/06 A2968 RMK SF8 DENSITY ALT -515FT PCPN VRY LGT SLP052
CYAW,2023-05-01 18:00,-63.4994,44.6397,CYAW 011800Z 09019G29KT 3SM RA BR OVC003 06/06 A2968 RMK SF8 DENSITY ALT -515FT SLP052
CYAW,2023-05-01 18:24,-63.4994,44.6397,CYAW 011824Z 09019G27KT 2 1/2SM RA BR OVC004 06/06 A2967 RMK SF8 DENSITY ALT -477FT LAST OBS /NEXT 020900 UTC SLP048
CYAW,2023-05-02 09:00,-63.4994,44.6397,CYAW 020900Z 07010G15KT 3/4SM -DZ BR OVC003 05/05 A2968 RMK SF8 DENSITY ALT -660FT FST OBS SLP051
CYAW,2023-05-02 10:00,-63.4994,44.6397,CYAW 021000Z 08008G15KT 1 1/2SM -DZ BR OVC003 05/05 A2968 RMK SF8 DENSITY ALT -646FT SLP051
CYAW,2023-05-02 11:00,-63.4994,44.6397,CYAW 021100Z 08009G18KT 1 1/2SM -DZ BR OVC003 05/05 A2968 RMK SF8 DENSITY ALT -646FT SLP051
CYAW,2023-05-02 11:27,-63.4994,44.6397,CYAW 021127Z 08009KT 1 1/2SM -SHRA BR OVC004 05/05 A2968 RMK SF8 DENSITY ALT -646FT CIG VRB 3-5 SLP052
CYAW,2023-05-02 12:00,-63.4994,44.6397,CYAW 021200Z 08013KT 4SM -SHRA BR OVC004 05/05 A2968 RMK SF8 DENSITY ALT -646FT CIG VRB 3-5 SLP054
CYAW,2023-05-02 12:27,-63.4994,44.6397,CYAW 021227Z 08017G22KT 5SM -DZ BR OVC005 05/05 A2968 RMK SF8 DENSITY ALT -646FT SLP054
CYAW,2023-05-02 13:00,-63.4994,44.6397,CYAW 021300Z 07013G27KT 5SM -DZ BR OVC005 05/05 A2968 RMK SF8 DENSITY ALT -607FT SLP051
CYAW,2023-05-02 14:00,-63.4994,44.6397,CYAW 021400Z 07011G25KT 2 1/2SM -DZ BR OVC004 05/05 A2968 RMK SF8 DENSITY ALT -594FT SLP051
CYAW,2023-05-02 14:12,-63.4994,44.6397,CYAW 021412Z 07016G22KT 6SM BR OVC006 05/05 A2968 RMK SF8 DENSITY ALT -607FT SLP051
CYAW,2023-05-02 15:00,-63.4994,44.6397,CYAW 021500Z CCA 06011G20KT 10SM OVC008 06/06 A2967 RMK SC8 DENSITY ALT -544FT SLP050
CYAW,2023-05-02 16:00,-63.4994,44.6397,CYAW 021600Z 07013G20KT 12SM OVC009 06/05 A2965 RMK SC8 DENSITY ALT -435FT SLP043
CYAW,2023-05-02 16:50,-63.4994,44.6397,CYAW 021650Z 07013G20KT 6SM -DZ BR OVC007 05/05 A2966 RMK SF8 DENSITY ALT -588FT SLP046
CYAW,2023-05-02 17:00,-63.4994,44.6397,CYAW 021700Z 08011G20KT 4SM -DZ BR OVC007 05/05 A2966 RMK SF8 DENSITY ALT -600FT SLP047
CYAW,2023-05-02 17:14,-63.4994,44.6397,CYAW 021714Z 07009KT 3SM -DZ BR OVC007 05/05 A2967 RMK SF8 DENSITY ALT -610FT VIS LWR W QUAD SLP048
CYAW,2023-05-02 17:30,-63.4994,44.6397,CYAW 021730Z 06014KT 2 1/4SM -SHRA BR OVC006 05/05 A2965 RMK SF8 DENSITY ALT -612FT VIS VRB 1 1/2-3 SLP043
CYAW,2023-05-02 18:00,-63.4994,44.6397,CYAW 021800Z 07014G20KT 5SM -DZ BR OVC007 05/05 A2963 RMK SF8 DENSITY ALT -588FT SLP037
CYAW,2023-05-02 18:23,-63.4994,44.6397,CYAW 021823Z 08012G18KT 6SM -DZ OVC007 05/05 A2964 RMK SF8 DENSITY ALT -574FT LAST OBS /NEXT 030900 UTC SLP039
CYAW,2023-05-03 09:00,-63.4994,44.6397,CYAW 030900Z 06008G16KT 2 1/2SM -DZ BR OVC006 03/03 A2964 RMK SF8 DENSITY ALT -877FT CIG VRB 4-8 FST OBS SLP038
CYAW,2023-05-03 09:27,-63.4994,44.6397,CYAW 030927Z 05012KT 5SM -DZ BR OVC006 03/03 A2965 RMK SF8 DENSITY ALT -889FT SLP041
CYAW,2023-05-03 10:00,-63.4994,44.6397,CYAW 031000Z 06008G15KT 6SM -DZ BR OVC007 03/03 A2966 RMK SF8 DENSITY ALT -901FT SLP045
CYAW,2023-05-03 11:00,-63.4994,44.6397,CYAW 031100Z 07008KT 2 1/2SM -DZ BR OVC007 03/03 A2968 RMK SF8 DENSITY ALT -924FT CIG VRB 5-9 SLP052
CYAW,2023-05-03 12:00,-63.4994,44.6397,CYAW 031200Z 06008G17KT 2 1/2SM -DZ BR BKN006 OVC012 03/03 A2968 RMK SF7SC1 DENSITY ALT -884FT SLP051
CYAW,2023-05-03 12:25,-63.4994,44.6397,CYAW 031225Z 07011KT 6SM -DZ BR BKN007 OVC013 03/03 A2968 RMK SF7SC1 DENSITY ALT -871FT SLP052
CYAW,2023-05-03 13:00,-63.4994,44.6397,CYAW 031300Z 07015G22KT 9SM -DZ BKN009 OVC014 04/03 A2968 RMK SF7SC1 DENSITY ALT -845FT SLP053
CYAW,2023-05-03 14:00,-63.4994,44.6397,CYAW 031400Z 07013G20KT 9SM BKN010 OVC015 04/03 A2970 RMK SF7SC1 DENSITY ALT -808FT SLP060
CYAW,2023-05-03 15:00,-63.4994,44.6397,CYAW 031500Z 09007G19KT 10SM BKN010 OVC015 04/03 A2972 RMK SF6SC2 DENSITY ALT -793FT SLP067
CYAW,2023-05-03 15:40,-63.4994,44.6397,CYAW 031540Z 08009G16KT 6SM -DZ BR OVC011 04/03 A2973 RMK SF8 DENSITY ALT -818FT SLP070
CYAW,2023-05-03 16:00,-63.4994,44.6397,CYAW 031600Z 09010G18KT 6SM -DZ BR OVC011 04/03 A2974 RMK SF8 DENSITY ALT -815FT SLP071
CYAW,2023-05-03 17:00,-63.4994,44.6397,CYAW 031700Z 08007KT 3SM -DZ BR OVC010 04/04 A2974 RMK SF8 DENSITY ALT -811FT SLP073
CYAW,2023-05-03 18:00,-63.4994,44.6397,CYAW 031800Z 09005KT 3SM -DZ BR BKN008 OVC013 04/04 A2974 RMK SF7SC1 DENSITY ALT -848FT SLP074
CYAW,2023-05-03 18:17,-63.4994,44.6397,CYAW 031817Z 09011G16KT 2 1/2SM -DZ BR OVC007 04/04 A2974 RMK SF8 DENSITY ALT -875FT LAST OBS /NEXT 040900 UTC SLP073
CYAW,2023-05-04 09:00,-63.4994,44.6397,CYAW 040900Z 03008KT 12SM BKN013 OVC040 03/03 A2978 RMK SC6SC2 DENSITY ALT -1028FT FST OBS SLP085
CYAW,2023-05-04 10:00,-63.4994,44.6397,CYAW 041000Z 02008KT 12SM OVC011 03/03 A2978 RMK SC8 DENSITY ALT -1002FT SLP087
CYAW,2023-05-04 11:00,-63.4994,44.6397,CYAW 041100Z 03008G16KT 15SM SCT012 OVC050 04/04 A2979 RMK SC4SC4 DENSITY ALT -896FT SLP088
CYAW,2023-05-04 11:23,-63.4994,44.6397,CYAW 041123Z 03010KT 15SM BKN009 OVC015 04/03 A2979 RMK SF7SC1 DENSITY ALT -886FT SLP090
CYAW,2023-05-04 12:00,-63.4994,44.6397,CYAW 041200Z 03008KT 15SM OVC009 05/04 A2979 RMK SF8 DENSITY ALT -832FT SLP090
CYAW,2023-05-04 13:00,-63.4994,44.6397,CYAW 041300Z 03009KT 15SM OVC009 05/04 A2978 RMK SF8 DENSITY ALT -769FT SLP087
CYAW,2023-05-04 14:00,-63.4994,44.6397,CYAW 041400Z 03009KT 15SM OVC009 06/05 A2979 RMK SF8 DENSITY ALT -652FT SLP088
CYAW,2023-05-04 15:00,-63.4994,44.6397,CYAW 041500Z 02012KT 15SM OVC013 07/05 A2977 RMK SC8 DENSITY ALT -516FT SLP083
CYAW,2023-05-04 16:00,-63.4994,44.6397,CYAW 041600Z 02011G17KT 15SM OVC014 08/06 A2976 RMK SC8 DENSITY ALT -414FT SLP079
CYAW,2023-05-04 16:43,-63.4994,44.6397,CYAW 041643Z 01015G21KT 10SM -DZ OVC014 08/06 A2976 RMK SF8 DENSITY ALT -400FT SLP078
CYAW,2023-05-04 17:00,-63.4994,44.6397,CYAW 041700Z 02012G18KT 7SM -DZ BKN014 OVC019 08/06 A2976 RMK SF7SC1 DENSITY ALT -396FT SLP078
CYAW,2023-05-04 17:28,-63.4994,44.6397,CYAW 041728Z 03011G19KT 3SM -DZ BR BKN014 OVC019 08/07 A2976 RMK SF7SC1 DENSITY ALT -367FT SLP079
CYAW,2023-05-04 18:00,-63.4994,44.6397,CYAW 041800Z 03010KT 2 1/2SM -SHRA BR BKN007 OVC013 08/07 A2976 RMK SF7SC1 DENSITY ALT -398FT SLP081
CYAW,2023-05-04 18:36,-63.4994,44.6397,CYAW 041836Z 03007KT 2SM -SHRA BR BKN007 OVC014 08/08 A2976 RMK SF7SC1 DENSITY ALT -344FT LAST OBS /NEXT 050900 UTC SLP078
CYAW,2023-05-05 09:00,-63.4994,44.6397,CYAW 050900Z 36012G17KT 15SM BKN016 BKN150 04/03 A2995 RMK SC6AC1 OBS TAKEN +6 DENSITY ALT -1077FT OBS SENT VIA CYCX FST OBS SLP142
CYAW,2023-05-05 10:00,-63.4994,44.6397,CYAW 051000Z 34016G21KT 15SM SCT012 BKN020 BKN250 04/02 A2995 RMK SC3SC2CI1 DENSITY ALT -1103FT SLP145
CYAW,2023-05-05 11:00,-63.4994,44.6397,CYAW 051100Z 36015G24KT 15SM BKN012 BKN042 04/03 A2998 RMK SC6SC1 DENSITY ALT -1086FT SLP152
CYAW,2023-05-05 12:00,-63.4994,44.6397,CYAW 051200Z 35018G28KT 15SM SCT012 BKN045 05/03 A2998 RMK SC3SC3 DENSITY ALT -999FT SLP154
CYAW,2023-05-05 13:00,-63.4994,44.6397,CYAW 051300Z 35017G24KT 15SM OVC013 05/02 A3001 RMK SC8 DENSITY ALT -1085FT SLP163
CYAW,2023-05-05 14:00,-63.4994,44.6397,CYAW 051400Z 34016G24KT 15SM OVC013 05/02 A3002 RMK SC8 DENSITY ALT -1060FT SLP166
CYAW,2023-05-05 15:00,-63.4994,44.6397,CYAW 051500Z 33015G26KT 15SM BKN014 OVC019 06/03 A3003 RMK SC6SC2 DENSITY ALT -919FT SLP171
CYAW,2023-05-05 15:46,-63.4994,44.6397,CYAW 051546Z 01020G28KT 15SM BKN018 BKN022 07/02 A3003 RMK SC5SC2 DENSITY ALT -849FT SLP170
CYAW,2023-05-05 16:00,-63.4994,44.6397,CYAW 051600Z 34015G22KT 15SM BKN018 BKN022 07/02 A3003 RMK SC5SC2 DENSITY ALT -872FT SLP170
CYAW,2023-05-05 17:00,-63.4994,44.6397,CYAW 051700Z 34020G26KT 15SM BKN018 BKN023 06/02 A3003 RMK SC5SC2 DENSITY ALT -899FT SLP170
CYAW,2023-05-05 18:00,-63.4994,44.6397,CYAW 051800Z 35014G20KT 15SM BKN025 09/02 A3001 RMK CU5 DENSITY ALT -605FT SLP165
CYAW,2023-05-05 18:34,-63.4994,44.6397,CYAW 051834Z 34011G21KT 15SM SCT030 10/02 A3000 RMK CU3 DENSITY ALT -434FT LAST OBS /NEXT 081000 UTC SLP161
CYAW,2023-05-08 10:00,-63.4994,44.6397,CYAW 081000Z 00000KT 15SM SCT100 BKN150 OVC230 06/05 A2952 RMK AC3AC2CI3 DENSITY ALT -284FT FST OBS SLP997
CYAW,2023-05-08 11:00,-63.4994,44.6397,CYAW 081100Z 00000KT 12SM SCT030 BKN110 OVC230 07/06 A2952 RMK SC4AC3CI1 DENSITY ALT -181FT VIRGA SLP997
CYAW,2023-05-08 12:00,-63.4994,44.6397,CYAW 081200Z 00000KT 12SM FEW030 BKN080 OVC110 09/06 A2952 RMK SC1AC6AS2 DENSITY ALT 67FT VIRGA SUN DIMLY VISBL SLP997
CYAW,2023-05-08 12:26,-63.4994,44.6397,CYAW 081226Z 00000KT 12SM -SHRA FEW030 BKN080 OVC110 11/06 A2950 RMK SC1AC6AS2 DENSITY ALT 283FT PCPN VRY LGT SLP990
CYAW,2023-05-08 13:00,-63.4994,44.6397,CYAW 081300Z 17002KT 12SM FEW030 BKN070 OVC100 12/07 A2950 RMK SC1AC6AS2 DENSITY ALT 431FT SLP991
CYAW,2023-05-08 14:00,-63.4994,44.6397,CYAW 081400Z 00000KT 15SM FEW030 BKN085 BKN100 12/07 A2949 RMK SC1AC5AS2 DENSITY ALT 407FT SLP987
CYAW,2023-05-08 15:00,-63.4994,44.6397,CYAW 081500Z 18009KT 15SM FEW030 BKN100 BKN250 14/07 A2948 RMK CU1AC5CI2 DENSITY ALT 744FT SLP985
CYAW,2023-05-08 16:00,-63.4994,44.6397,CYAW 081600Z 21013KT 15SM SCT030TCU BKN080 BKN110 16/05 A2947 RMK TCU4AC2AC1 DENSITY ALT 977FT CB DIST N MOVG E SLP979
CYAW,2023-05-08 17:00,-63.4994,44.6397,CYAW 081700Z 21010KT 15SM BKN030 BKN120 18/06 A2944 RMK CU5AC1 DENSITY ALT 1241FT SLP972
CYAW,2023-05-08 18:00,-63.4994,44.6397,CYAW 081800Z 29014G20KT 15SM SCT065 BKN120 18/03 A2943 RMK CU4AC2 DENSITY ALT 1240FT SLP966
CYAW,2023-05-08 19:00,-63.4994,44.6397,CYAW 081900Z 31020G27KT 15SM SCT065 BKN095 19/M00 A2944 RMK CU3AC3 DENSITY ALT 1231FT SLP969
CYAW,2023-05-08 20:00,-63.4994,44.6397,CYAW 082000Z 33020G26KT 15SM FEW030 FEW250 17/02 A2947 RMK CU2CI1 DENSITY ALT 1013FT SLP978
CYAW,2023-05-08 21:00,-63.4994,44.6397,CYAW 082100Z 32019G25KT 15SM FEW030 FEW100 15/03 A2950 RMK CU2AC1 DENSITY ALT 762FT SLP990
CYAW,2023-05-08 22:00,-63.4994,44.6397,CYAW 082200Z 34024G30KT 15SM FEW045 BKN080 11/02 A2955 RMK SC2AC3 DENSITY ALT 219FT SLP006
CYAW,2023-05-08 23:00,-63.4994,44.6397,CYAW 082300Z 33018G24KT 15SM FEW045 SCT080 09/02 A2958 RMK SC2AC1 DENSITY ALT -13FT SLP018
CYAW,2023-05-09 00:00,-63.4994,44.6397,CYAW 090000Z 34016G22KT 15SM BKN020 06/02 A2964 RMK SC6 DENSITY ALT -496FT SLP037
CYAW,2023-05-09 01:00,-63.4994,44.6397,CYAW 090100Z 33019G25KT 15SM BKN020 05/01 A2967 RMK SC5 DENSITY ALT -686FT SLP049
CYAW,2023-05-09 02:00,-63.4994,44.6397,CYAW 090200Z 34014G22KT 15SM BKN021 04/01 A2969 RMK SC7 DENSITY ALT -763FT SLP056
CYAW,2023-05-09 03:00,-63.4994,44.6397,CYAW 090300Z 33011G19KT 15SM FEW024 04/00 A2971 RMK SC1 DENSITY ALT -889FT SLP061
CYAW,2023-05-09 04:00,-63.4994,44.6397,CYAW 090400Z 32011G16KT 15SM FEW025 03/M00 A2972 RMK SC1 DENSITY ALT -965FT SLP064
CYAW,2023-05-09 05:00,-63.4994,44.6397,CYAW 090500Z 30011KT 15SM SKC 03/00 A2973 RMK DENSITY ALT -1024FT SLP067
CYAW,2023-05-09 05:40,-63.4994,44.6397,CYAW 090540Z 29012KT 15SM FEW030 03/01 A2973 RMK SC1 DENSITY ALT -1022FT LAST OBS /NEXT 091300 UTC SLP067
CYAW,2023-05-09 13:00,-63.4994,44.6397,CYAW 091300Z 30016G28KT 15SM FEW025 SCT250 08/M02 A2980 RMK CU2CI1 DENSITY ALT -511FT FST OBS SLP093
CYAW,2023-05-09 14:00,-63.4994,44.6397,CYAW 091400Z 29015G22KT 15SM SCT040 SCT250 09/M02 A2981 RMK CU4CI1 DENSITY ALT -400FT SLP097
CYAW,2023-05-09 15:00,-63.4994,44.6397,CYAW 091500Z 32012G20KT 15SM BKN055 10/M04 A2982 RMK CU5 DENSITY ALT -273FT SLP101
CYAW,2023-05-09 16:00,-63.4994,44.6397,CYAW 091600Z 28019G28KT 15SM BKN065 10/M06 A2983 RMK CU6 DENSITY ALT -249FT SLP104
CYAW,2023-05-09 17:00,-63.4994,44.6397,CYAW 091700Z 28017KT 15SM BKN070 11/M06 A2984 RMK AC6 DENSITY ALT -186FT VIRGA N QUAD SLP108
CYAW,2023-05-09 18:00,-63.4994,44.6397,CYAW 091800Z 29013G21KT 15SM BKN075 11/M06 A2986 RMK AC6 DENSITY ALT -247FT VIRGA N QUAD SLP112
CYAW,2023-05-09 19:00,-63.4994,44.6397,CYAW 091900Z 34014KT 15SM FEW034 BKN080 10/M03 A2987 RMK CU2AC5 DENSITY ALT -340FT VIRGA N QUAD SLP116
CYAW,2023-05-09 20:00,-63.4994,44.6397,CYAW 092000Z 36014KT 15SM BKN060 BKN070 10/M01 A2988 RMK CU5AC2 DENSITY ALT -257FT VIRGA N QUAD SLP120
CYAW,2023-05-09 20:12,-63.4994,44.6397,CYAW 092012Z 35008KT 15SM -SHRA BKN060 BKN070 09/M01 A2988 RMK CU5AC2 DENSITY ALT -402FT PCPN VRY LGT SLP121
CYAW,2023-05-09 20:38,-63.4994,44.6397,CYAW 092038Z 33017G22KT 15SM BKN060 BKN090 09/M03 A2989 RMK CU5AC2 DENSITY ALT -422FT SLP123
CYAW,2023-05-09 21:00,-63.4994,44.6397,CYAW 092100Z 34011G19KT 15SM FEW060 BKN100 09/M01 A2990 RMK CU2AC4 DENSITY ALT -450FT SLP125
CYAW,2023-05-09 22:00,-63.4994,44.6397,CYAW 092200Z 31014KT 15SM FEW060 BKN110 10/M04 A2990 RMK CU2AC3 DENSITY ALT -391FT SLP127
CYAW,2023-05-09 23:00,-63.4994,44.6397,CYAW 092300Z 01007G16KT 15SM FEW055 BKN070 06/01 A2993 RMK SC2AC3 DENSITY ALT -841FT SLP136
CYAW,2023-05-10 00:00,-63.4994,44.6397,CYAW 100000Z 36002KT 15SM FEW065 FEW090 05/01 A2995 RMK SC1AC2 DENSITY ALT -965FT SLP145
CYAW,2023-05-10 01:00,-63.4994,44.6397,CYAW 100100Z 00000KT 15SM SCT098 04/00 A2998 RMK AC3 DENSITY ALT -1100FT SLP153
CYAW,2023-05-10 01:44,-63.4994,44.6397,CYAW 100144Z 00000KT 15SM BKN095 04/00 A2998 RMK AC6 DENSITY ALT -1200FT LAST OBS /NEXT 101300 UTC SLP154
CYAW,2023-05-10 13:00,-63.4994,44.6397,CYAW 101300Z 25016KT 15SM FEW090 FEW250 12/M04 A2992 RMK AC1CI1 DENSITY ALT -98FT FST OBS SLP134
CYAW,2023-05-10 14:00,-63.4994,44.6397,CYAW 101400Z 25018G25KT 15SM FEW090 FEW250 14/M05 A2991 RMK AC1CI1 DENSITY ALT 89FT SLP129
CYAW,2023-05-10 15:00,-63.4994,44.6397,CYAW 101500Z 29017G28KT 15SM SCT090 BKN250 15/M06 A2988 RMK AC4CI2 DENSITY ALT 260FT SLP121
CYAW,2023-05-10 16:00,-63.4994,44.6397,CYAW 101600Z 30020G27KT 15SM FEW090 BKN110 15/M06 A2987 RMK AC2AC4 DENSITY ALT 333FT SLP116
CYAW,2023-05-10 17:00,-63.4994,44.6397,CYAW 101700Z 29018G24KT 15SM FEW090 FEW110 16/M06 A2985 RMK AC1AC1 DENSITY ALT 401FT SLP111
CYAW,2023-05-10 18:00,-63.4994,44.6397,CYAW 101800Z 30019G27KT 15SM SCT090 SCT250 15/M04 A2985 RMK AC3CI1 DENSITY ALT 337FT SLP109
CYAW,2023-05-10 19:00,-63.4994,44.6397,CYAW 101900Z 30015G20KT 15SM FEW090 SCT130 16/M05 A2984 RMK AC2AC1 DENSITY ALT 406FT SLP107
CYAW,2023-05-10 20:00,-63.4994,44.6397,CYAW 102000Z 30017G25KT 15SM SCT090 16/M04 A2984 RMK AC3 DENSITY ALT 421FT SLP107
CYAW,2023-05-10 21:00,-63.4994,44.6397,CYAW 102100Z 29015KT 15SM SCT090 16/M04 A2985 RMK AC4 DENSITY ALT 375FT SLP111
CYAW,2023-05-10 22:00,-63.4994,44.6397,CYAW 102200Z 29009G15KT 15SM BKN090 14/M05 A2987 RMK AC6 DENSITY ALT 181FT SLP115
CYAW,2023-05-10 23:00,-63.4994,44.6397,CYAW 102300Z 29007KT 15SM BKN085 13/M05 A2989 RMK AC7 DENSITY ALT 52FT SLP124
CYAW,2023-05-11 00:00,-63.4994,44.6397,CYAW 110000Z 30011KT 15SM BKN085 13/M05 A2991 RMK AC7 DENSITY ALT -19FT SLP130
CYAW,2023-05-11 01:00,-63.4994,44.6397,CYAW 110100Z 27005KT 15SM BKN075 13/M04 A2993 RMK AC7 DENSITY ALT -75FT SLP135
CYAW,2023-05-11 01:20,-63.4994,44.6397,CYAW 110120Z CCA 24003KT 15SM BKN075 12/M03 A2992 RMK AC7 DENSITY ALT -120FT LAST OBS /NEXT 111100 UTC SLP134
CYAW,2023-05-11 11:00,-63.4994,44.6397,CYAW 111100Z 00000KT 15SM SCT090 BKN110 11/02 A2993 RMK AC3AC3 DENSITY ALT -256FT FST OBS SLP137
CYAW,2023-05-11 12:00,-63.4994,44.6397,CYAW 111200Z 00000KT 15SM SCT100 BKN250 12/02 A2995 RMK AC3CI3 DENSITY ALT -73FT SLP142
CYAW,2023-05-11 13:00,-63.4994,44.6397,CYAW 111300Z 18005KT 15SM FEW100 BKN250 15/04 A2995 RMK AC2CI4 DENSITY ALT 259FT SLP142
CYAW,2023-05-11 14:00,-63.4994,44.6397,CYAW 111400Z 00000KT 15SM FEW100 BKN250 15/03 A2996 RMK AC1CS6 DENSITY ALT 185FT SLP146
CYAW,2023-05-11 15:00,-63.4994,44.6397,CYAW 111500Z 13006KT 15SM FEW110 BKN250 14/04 A2996 RMK AC1CS6 DENSITY ALT 84FT SLP146
CYAW,2023-05-11 16:00,-63.4994,44.6397,CYAW 111600Z 13010KT 15SM FEW110 SCT250 13/04 A2996 RMK AC1CI3 DENSITY ALT -38FT SLP146
CYAW,2023-05-11 17:00,-63.4994,44.6397,CYAW 111700Z 16010KT 15SM FEW110 SCT250 13/05 A2996 RMK AC2CI1 DENSITY ALT 28FT SLP147
CYAW,2023-05-11 18:00,-63.4994,44.6397,CYAW 111800Z 16010KT 15SM FEW110 SCT250 12/05 A2997 RMK AC2CI1 DENSITY ALT -103FT SLP149
CYAW,2023-05-11 19:00,-63.4994,44.6397,CYAW 111900Z 13008KT 15SM FEW110 SCT250 12/04 A2996 RMK AC2CI1 DENSITY ALT -109FT SLP146
CYAW,2023-05-11 20:00,-63.4994,44.6397,CYAW 112000Z 17008KT 15SM FEW110 SCT250 10/06 A2998 RMK AC1CI2 DENSITY ALT -435FT SLP152
CYAW,2023-05-11 21:00,-63.4994,44.6397,CYAW 112100Z 13006KT 15SM FEW090 11/04 A2998 RMK AC1 DENSITY ALT -299FT SLP152
CYAW,2023-05-11 22:00,-63.4994,44.6397,CYAW 112200Z 00000KT 15SM FEW250 09/05 A2999 RMK CI1 DENSITY ALT -537FT SLP157
CYAW,2023-05-11 22:56,-63.4994,44.6397,CYAW 112256Z CCA 00000KT 15SM SCT250 07/06 A3001 RMK CI3 DENSITY ALT -786FT LAST OBS /NEXT 121000 UTC SLP165
CYAW,2023-05-12 11:00,-63.4994,44.6397,CYAW 121100Z 09003KT 1/8SM FG VV001 06/06 A3006 RMK FG8 DENSITY ALT -941FT FST OBS SLP180
CYAW,2023-05-12 11:15,-63.4994,44.6397,CYAW 121115Z 09008KT 1/4SM FG VV002 06/06 A3006 RMK FG8 DENSITY ALT -941FT SLP179
CYAW,2023-05-12 12:00,-63.4994,44.6397,CYAW 121200Z 00000KT 1/4SM FG VV002 07/07 A3006 RMK FG8 DENSITY ALT -875FT SLP181
CYAW,2023-05-12 12:18,-63.4994,44.6397,CYAW 121218Z 00000KT 1/2SM FG VV003 07/07 A3006 RMK FG8 DENSITY ALT -848FT SLP182
CYAW,2023-05-12 12:32,-63.4994,44.6397,CYAW 121232Z 00000KT 3/4SM BR OVC003 07/07 A3006 RMK SF8 DENSITY ALT -875FT SLP182
CYAW,2023-05-12 13:00,-63.4994,44.6397,CYAW 121300Z 10006KT 3/4SM BR OVC003 07/07 A3007 RMK SF8 DENSITY ALT -834FT VIS VRB 1/2-1 SLP183
CYAW,2023-05-12 13:08,-63.4994,44.6397,CYAW 121308Z 09006KT 12SM BKN003 07/07 A3007 RMK SF7 DENSITY ALT -847FT VIS LWR S QUAD SLP183
CYAW,2023-05-12 14:00,-63.4994,44.6397,CYAW 121400Z 10002KT 15SM BKN005 09/08 A3007 RMK SF5 DENSITY ALT -620FT VIS LWR S QUAD SLP185
CYAW,2023-05-12 14:36,-63.4994,44.6397,CYAW 121436Z 11007KT 15SM FEW005 SCT090 09/07 A3007 RMK SF2AC1 DENSITY ALT -609FT VIS LWR S QUAD SLP185
CYAW,2023-05-12 15:00,-63.4994,44.6397,CYAW 121500Z 12007KT 15SM SCT007 SCT090 09/07 A3007 RMK SF3AC1 DENSITY ALT -549FT SLP183
CYAW,2023-05-12 16:00,-63.4994,44.6397,CYAW 121600Z 12008KT 15SM FEW007 FEW250 10/07 A3006 RMK SF1CI1 DENSITY ALT -516FT VIS LWR S SLP180
CYAW,2023-05-12 17:00,-63.4994,44.6397,CYAW 121700Z 12008KT 15SM FEW007 SCT250 09/07 A3005 RMK SF1CI2 DENSITY ALT -538FT VIS LWR S SLP176
CYAW,2023-05-12 18:00,-63.4994,44.6397,CYAW 121800Z 12009KT 15SM FEW007 SCT250 09/07 A3004 RMK SF1CI2 DENSITY ALT -504FT VIS LWR S SLP173
CYAW,2023-05-12 19:00,-63.4994,44.6397,CYAW 121900Z 12010KT 15SM FEW007 SCT250 09/07 A3003 RMK SF1CI3 DENSITY ALT -504FT VIS LWR S SLP169
CYAW,2023-05-12 20:00,-63.4994,44.6397,CYAW 122000Z 12009KT 15SM FEW020 SCT250 10/07 A3001 RMK SC1CI3 DENSITY ALT -456FT LAST OBS /NEXT 131100 UTC SLP165
CYAW,2023-05-13 10:00,-63.4994,44.6397,CYAW 131000Z 00000KT 1/8SM FG VV001 06/06 A2986 RMK FG8 DENSITY ALT -750FT FST OBS SLP113
CYAW,2023-05-13 11:00,-63.4994,44.6397,CYAW 131100Z 00000KT 1/8SM FG VV001 06/06 A2985 RMK FG8 DENSITY ALT -698FT SLP111
CYAW,2023-05-13 12:00,-63.4994,44.6397,CYAW 131200Z 00000KT 3/4SM BR OVC002 07/07 A2986 RMK FG5SF3 DENSITY ALT -631FT SLP113
CYAW,2023-05-13 12:08,-63.4994,44.6397,CYAW 131208Z 00000KT 1 1/4SM BR OVC002 07/07 A2985 RMK FG2SF6 DENSITY ALT -553FT VIS VRB 3/4-2 SLP111
CYAW,2023-05-13 12:23,-63.4994,44.6397,CYAW 131223Z 00000KT 5SM BR OVC003 08/08 A2985 RMK SF8 DENSITY ALT -501FT VIS LWR S QUAD SLP111
CYAW,2023-05-13 12:42,-63.4994,44.6397,CYAW 131242Z CCA 00000KT 6SM BR SCT004 BKN100 08/08 A2985 RMK SF3AC4 DENSITY ALT -434FT VIS LWR S SLP109
CYAW,2023-05-13 13:00,-63.4994,44.6397,CYAW 131300Z 00000KT 6SM BR FEW005 BKN100 09/09 A2984 RMK SF1AC5 DENSITY ALT -345FT VIS LWR S SLP108
CYAW,2023-05-13 14:00,-63.4994,44.6397,CYAW 131400Z 00000KT 15SM FEW005 FEW050 BKN090 12/09 A2982 RMK SF1SC1AC5 DENSITY ALT 111FT VIS LWR S SF TR SLP101
CYAW,2023-05-13 15:00,-63.4994,44.6397,CYAW 131500Z 00000KT 15SM FEW005 SCT100 SCT250 12/09 A2981 RMK SF1AC4CI1 DENSITY ALT 74FT SLP095
CYAW,2023-05-13 15:27,-63.4994,44.6397,CYAW 131527Z CCA 00000KT 15SM TS FEW030 BKN068 BKN250 14/10 A2979 RMK SC1AC6CI1 DENSITY ALT 415FT CB 10NM W MOVG E OCNL LTGCC SLP089
CYAW,2023-05-13 15:44,-63.4994,44.6397,CYAW 131544Z 18011KT 15SM -TSRA FEW040 BKN063 10/08 A2983 RMK SC1SC7 DENSITY ALT -207FT VIS LWR SW QUAD CB 10NM W MOV E OCNL LTGCC SLP102
CYAW,2023-05-13 16:00,-63.4994,44.6397,CYAW 131600Z 00000KT 9SM -SHRA PRFG BKN060 BKN080 10/10 A2980 RMK SC5AC2 DENSITY ALT -192FT VIS LWR NE SLP093
CYAW,2023-05-13 16:18,-63.4994,44.6397,CYAW 131618Z 16007KT 15SM FEW004 FEW060 SCT090 11/11 A2979 RMK SF1SC1AC3 DENSITY ALT 56FT SF TR SLP090
CYAW,2023-05-13 17:00,-63.4994,44.6397,CYAW 131700Z 00000KT 15SM FEW060 SCT090 15/11 A2979 RMK SC1AC3 DENSITY ALT 438FT SLP087
CYAW,2023-05-13 18:00,-63.4994,44.6397,CYAW 131800Z 15010G15KT 15SM SCT065 SCT090 14/10 A2978 RMK CU3AC1 DENSITY ALT 368FT SLP084
CYAW,2023-05-13 19:00,-63.4994,44.6397,CYAW 131900Z 17010KT 15SM FEW060 FEW090 16/10 A2975 RMK CU1AC1 DENSITY ALT 608FT SLP075
CYAW,2023-05-13 19:26,-63.4994,44.6397,CYAW 131926Z 18009KT 15SM FEW060 18/11 A2974 RMK CU1 DENSITY ALT 864FT LAST OBS /NEXT 140900 UTC SLP073
CYAW,2023-05-14 09:00,-63.4994,44.6397,CYAW 140900Z 30008KT 15SM FEW020 FEW250 05/03 A2990 RMK SC1CI2 DENSITY ALT -966FT FST OBS SLP126
CYAW,2023-05-14 10:00,-63.4994,44.6397,CYAW 141000Z 29010G17KT 15SM FEW250 05/03 A2991 RMK CI1 DENSITY ALT -879FT SLP129
CYAW,2023-05-14 11:00,-63.4994,44.6397,CYAW 141100Z 29014KT 15SM FEW250 06/02 A2992 RMK CI2 DENSITY ALT -771FT SLP131
CYAW,2023-05-14 12:00,-63.4994,44.6397,CYAW 141200Z 28014G19KT 15SM FEW030 SCT250 08/02 A2991 RMK SC1CI3 DENSITY ALT -564FT SLP131
CYAW,2023-05-14 13:00,-63.4994,44.6397,CYAW 141300Z 30016G24KT 15SM SCT040 BKN250 10/02 A2990 RMK CU3CI2 DENSITY ALT -320FT SLP128
CYAW,2023-05-14 14:00,-63.4994,44.6397,CYAW 141400Z 30016KT 15SM SCT045 SCT250 11/02 A2990 RMK CU3CI1 DENSITY ALT -151FT SLP125
CYAW,2023-05-14 15:00,-63.4994,44.6397,CYAW 141500Z 29015G20KT 15SM BKN050 BKN250 12/01 A2990 RMK SC6CI1 DENSITY ALT -120FT SLP126
CYAW,2023-05-14 16:00,-63.4994,44.6397,CYAW 141600Z 30017G28KT 15SM BKN055 BKN250 13/02 A2990 RMK SC6CI1 DENSITY ALT 55FT SLP126
CYAW,2023-05-14 17:00,-63.4994,44.6397,CYAW 141700Z 29016G24KT 15SM BKN055 BKN250 13/02 A2989 RMK SC5CI1 DENSITY ALT 65FT LAST OBS /NEXT 151000 UTC SLP124
CYAW,2023-05-15 10:00,-63.4994,44.6397,CYAW 151000Z 24008KT 15SM FEW250 07/03 A2995 RMK CI1 DENSITY ALT -692FT FST OBS SLP144
CYAW,2023-05-15 11:00,-63.4994,44.6397,CYAW 151100Z 25007KT 15SM FEW250 09/01 A2994 RMK CI1 DENSITY ALT -435FT SLP139
CYAW,2023-05-15 12:00,-63.4994,44.6397,CYAW 151200Z 28010G15KT 15SM SCT250 12/M01 A2992 RMK CI3 DENSITY ALT -153FT SLP134
CYAW,2023-05-15 13:00,-63.4994,44.6397,CYAW 151300Z 28008KT 15SM FEW250 14/M01 A2991 RMK CI2 DENSITY ALT 146FT SLP130
CYAW,2023-05-15 14:00,-63.4994,44.6397,CYAW 151400Z 29011G17KT 15SM FEW120 SCT250 17/00 A2989 RMK AC1CI3 DENSITY ALT 471FT SLP123
CYAW,2023-05-15 15:00,-63.4994,44.6397,CYAW 151500Z 27012KT 15SM SCT130 BKN250 18/02 A2987 RMK AC4CI1 DENSITY ALT 644FT SLP114
CYAW,2023-05-15 16:00,-63.4994,44.6397,CYAW 151600Z 27019G24KT 15SM BKN100 19/02 A2983 RMK AC6 DENSITY ALT 832FT SLP102
CYAW,2023-05-15 17:00,-63.4994,44.6397,CYAW 151700Z 26019KT 15SM FEW100 BKN250 20/02 A2980 RMK AC2CI4 DENSITY ALT 984FT SLP091
CYAW,2023-05-15 18:00,-63.4994,44.6397,CYAW 151800Z 23014KT 15SM FEW170 BKN250 19/03 A2976 RMK AC2CI4 DENSITY ALT 979FT SLP080
CYAW,2023-05-15 19:00,-63.4994,44.6397,CYAW 151900Z 22011G18KT 15SM FEW170 BKN250 20/03 A2972 RMK AC2CI5 DENSITY ALT 1106FT SLP064
CYAW,2023-05-15 20:00,-63.4994,44.6397,CYAW 152000Z 22012G17KT 15SM SCT150 BKN240 19/04 A2971 RMK AC3CI4 DENSITY ALT 971FT SLP060
CYAW,2023-05-15 21:00,-63.4994,44.6397,CYAW 152100Z 23011KT 15SM SCT140 BKN230 19/03 A2969 RMK AC3CI3 DENSITY ALT 1000FT SLP054
CYAW,2023-05-15 22:00,-63.4994,44.6397,CYAW 152200Z 22009KT 15SM BKN150 OVC230 17/03 A2968 RMK AC5CI3 DENSITY ALT 801FT SLP050
CYAW,2023-05-15 23:00,-63.4994,44.6397,CYAW 152300Z 24013KT 15SM BKN130 OVC170 17/02 A2968 RMK AC6AC2 DENSITY ALT 734FT SLP050
CYAW,2023-05-16 00:00,-63.4994,44.6397,CYAW 160000Z 25014G19KT 15SM BKN060 OVC095 16/02 A2967 RMK SC5AC3 DENSITY ALT 688FT SLP048
CYAW,2023-05-16 01:00,-63.4994,44.6397,CYAW 160100Z 24016KT 15SM -SHRA BKN060 OVC085 15/02 A2968 RMK SC6AC2 DENSITY ALT 572FT PCPN VRY LGT SLP051
CYAW,2023-05-16 01:52,-63.4994,44.6397,CYAW 160152Z 26010KT 15SM FEW040 BKN060 OVC090 15/02 A2965 RMK SC2SC4AC2 DENSITY ALT 557FT SLP042
CYAW,2023-05-16 02:00,-63.4994,44.6397,CYAW 160200Z 25011KT 15SM FEW040 BKN060 OVC090 15/02 A2965 RMK SC2SC4AC2 DENSITY ALT 566FT SLP042
CYAW,2023-05-16 02:38,-63.4994,44.6397,CYAW 160238Z 22009KT 15SM FEW040 BKN060 OVC090 14/02 A2965 RMK SC2SC4AC2 DENSITY ALT 459FT LAST OBS /NEXT 161200 UTC SLP040
CYAW,2023-05-16 12:00,-63.4994,44.6397,CYAW 161200Z 28010KT 15SM BKN170 BKN250 15/05 A2957 RMK AC5CI2 DENSITY ALT 658FT FST OBS SLP013
CYAW,2023-05-16 13:00,-63.4994,44.6397,CYAW 161300Z 28012KT 15SM FEW050 BKN250 16/06 A2957 RMK CU1CI4 DENSITY ALT 854FT SLP013
CYAW,2023-05-16 14:00,-63.4994,44.6397,CYAW 161400Z 25010KT 15SM SCT050 BKN250 18/06 A2956 RMK CU4CI2 DENSITY ALT 1006FT SLP011
CYAW,2023-05-16 15:00,-63.4994,44.6397,CYAW 161500Z 25009G16KT 15SM FEW050 BKN250 18/05 A2955 RMK CU2CI4 DENSITY ALT 1086FT SLP007
CYAW,2023-05-16 16:00,-63.4994,44.6397,CYAW 161600Z 22015G21KT 15SM BKN060 BKN250 19/05 A2953 RMK CU5CI2 DENSITY ALT 1174FT SLP001
CYAW,2023-05-16 17:00,-63.4994,44.6397,CYAW 161700Z 19007KT 15SM BKN065 OVC250 16/06 A2953 RMK SC6CI2 DENSITY ALT 811FT SLP000
CYAW,2023-05-16 18:00,-63.4994,44.6397,CYAW 161800Z 18006KT 15SM BKN070 OVC250 15/07 A2952 RMK AC7CI1 DENSITY ALT 744FT SLP999
CYAW,2023-05-16 18:10,-63.4994,44.6397,CYAW 161810Z 22009KT 12SM -SHRA OVC063 15/07 A2952 RMK SC8 DENSITY ALT 771FT SLP999
CYAW,2023-05-16 18:40,-63.4994,44.6397,CYAW 161840Z 00000KT 15SM -SHRA OVC064 14/08 A2951 RMK SC8 DENSITY ALT 648FT SLP995
CYAW,2023-05-16 19:00,-63.4994,44.6397,CYAW 161900Z 00000KT 15SM BKN065 OVC072 13/08 A2950 RMK SC5AC3 DENSITY ALT 615FT SLP992
CYAW,2023-05-16 20:00,-63.4994,44.6397,CYAW 162000Z 00000KT 15SM OVC100 12/07 A2947 RMK AC8 DENSITY ALT 433FT SLP981
CYAW,2023-05-16 21:00,-63.4994,44.6397,CYAW 162100Z 14006KT 15SM FEW080 OVC100 10/07 A2945 RMK AC2AC6 DENSITY ALT 224FT SLP975
CYAW,2023-05-16 22:00,-63.4994,44.6397,CYAW 162200Z 19010KT 15SM FEW080 OVC100 11/06 A2944 RMK AC2AC6 DENSITY ALT 323FT SLP969
CYAW,2023-05-16 23:00,-63.4994,44.6397,CYAW 162300Z 20006KT 15SM FEW080 OVC100 09/06 A2942 RMK AC2AC6 DENSITY ALT 133FT SLP965
CYAW,2023-05-17 00:00,-63.4994,44.6397,CYAW 170000Z 23010KT 10SM BKN100 OVC250 09/07 A2946 RMK AC5CS3 DENSITY ALT 142FT SLP977
CYAW,2023-05-17 01:00,-63.4994,44.6397,CYAW 170100Z 24007KT 12SM SCT100 OVC190 09/07 A2945 RMK AC3AS5 DENSITY ALT 176FT SLP972
CYAW,2023-05-17 02:00,-63.4994,44.6397,CYAW 170200Z 22005KT 12SM FEW100 BKN200 09/07 A2944 RMK AC1CS6 DENSITY ALT 127FT SLP970
CYAW,2023-05-17 02:23,-63.4994,44.6397,CYAW 170223Z 20008KT 12SM FEW100 BKN200 09/07 A2944 RMK AC1CI5 DENSITY ALT 104FT LAST OBS /NEXT 171200 UTC SLP971
CYAW,2023-05-17 12:00,-63.4994,44.6397,CYAW 171200Z 35007KT 15SM -SHRA OVC005 08/08 A2947 RMK SF8 DENSITY ALT -72FT CIG VRB 3-7 FST OBS SLP981
CYAW,2023-05-17 13:00,-63.4994,44.6397,CYAW 171300Z 35011KT 15SM -SHRA BKN007 OVC012 07/07 A2948 RMK SF7SC1 DENSITY ALT -190FT PCPN VRY LGT SLP985
CYAW,2023-05-17 14:00,-63.4994,44.6397,CYAW 171400Z 36010KT 15SM -SHRA BKN008 OVC012 07/06 A2948 RMK SF6SC2 DENSITY ALT -204FT SLP985
CYAW,2023-05-17 14:15,-63.4994,44.6397,CYAW 171415Z 35007G16KT 15SM SCT008 OVC011 07/07 A2949 RMK SF4SC4 DENSITY ALT -176FT SLP987
CYAW,2023-05-17 14:32,-63.4994,44.6397,CYAW 171432Z CCA 36009KT 15SM -SHRA FEW009 BKN012 OVC030 07/07 A2948 RMK SF2SC4SC2 DENSITY ALT -165FT SLP985
CYAW,2023-05-17 15:00,-63.4994,44.6397,CYAW 171500Z 01008KT 15SM -SHRA SCT009 OVC012 07/07 A2949 RMK SF3SC5 DENSITY ALT -190FT PCPN VRY LGT SLP987
CYAW,2023-05-17 15:31,-63.4994,44.6397,CYAW 171531Z 01006KT 15SM OVC012 07/06 A2948 RMK SC8 DENSITY ALT -167FT SLP985
CYAW,2023-05-17 16:00,-63.4994,44.6397,CYAW 171600Z 35007KT 15SM BKN012 OVC030 08/07 A2948 RMK SC5SC3 DENSITY ALT -31FT SLP985
CYAW,2023-05-17 17:00,-63.4994,44.6397,CYAW 171700Z 35012KT 15SM BKN014 OVC022 08/06 A2949 RMK SC5SC3 DENSITY ALT -24FT SLP986
CYAW,2023-05-17 17:31,-63.4994,44.6397,CYAW 171731Z 33014KT 15SM SCT020 OVC027 09/05 A2949 RMK SC4SC4 DENSITY ALT 20FT SLP986
CYAW,2023-05-17 18:00,-63.4994,44.6397,CYAW 171800Z 36014KT 15SM SCT022 OVC027 08/05 A2949 RMK SC3SC5 DENSITY ALT -44FT SLP987
CYAW,2023-05-17 19:00,-63.4994,44.6397,CYAW 171900Z 33012G19KT 15SM SCT029 BKN044 09/05 A2950 RMK SC3SC4 DENSITY ALT 51FT SLP991
CYAW,2023-05-17 19:25,-63.4994,44.6397,CYAW 171925Z 02011KT 15SM -SHRA FEW028 BKN048 09/04 A2950 RMK SC2SC5 DENSITY ALT 13FT PCPN VRY LGT SLP992
CYAW,2023-05-17 20:00,-63.4994,44.6397,CYAW 172000Z 01006G15KT 15SM -SHRA FEW021 BKN031 07/05 A2951 RMK SC2SC4 DENSITY ALT -224FT SLP994
CYAW,2023-05-17 20:11,-63.4994,44.6397,CYAW 172011Z 36009KT 15SM FEW030 BKN070 08/05 A2951 RMK SC2AC3 DENSITY ALT -113FT SLP994
CYAW,2023-05-17 21:00,-63.4994,44.6397,CYAW 172100Z 01007KT 15SM SCT025 BKN070 08/04 A2952 RMK SC3AC3 DENSITY ALT -53FT SLP998
CYAW,2023-05-17 21:47,-63.4994,44.6397,CYAW 172147Z 31017G34KT 3SM -SHRA BR SCT014 BKN020 OVC070 05/05 A2956 RMK SC3SC4AC1 DENSITY ALT -522FT SLP012
CYAW,2023-05-17 22:00,-63.4994,44.6397,CYAW 172200Z 32021KT 8SM -SHRA FEW014 BKN020 BKN070 OVC230 05/04 A2958 RMK SF1SC5AC1CI1 DENSITY ALT -560FT SLP016
CYAW,2023-05-17 22:40,-63.4994,44.6397,CYAW 172240Z 34009G18KT 12SM FEW015 SCT030 BKN070 05/04 A2959 RMK SF1SC3AC2 DENSITY ALT -587FT SLP021
CYAW,2023-05-17 23:00,-63.4994,44.6397,CYAW 172300Z 33014KT 15SM FEW015 SCT030 BKN070 BKN230 04/03 A2960 RMK SF1SC3AC1CI1 DENSITY ALT -677FT SLP026
CYAW,2023-05-18 00:00,-63.4994,44.6397,CYAW 180000Z 33010G18KT 12SM -SHRA FEW015 BKN050 OVC110 04/03 A2964 RMK SF1SC6AC1 DENSITY ALT -763FT SLP038
CYAW,2023-05-18 01:00,-63.4994,44.6397,CYAW 180100Z 31008KT 15SM FEW015 SCT050 BKN110 04/02 A2967 RMK SF1SC4AC2 DENSITY ALT -844FT SLP048
CYAW,2023-05-18 02:00,-63.4994,44.6397,CYAW 180200Z 31014KT 15SM FEW015 BKN055 04/02 A2971 RMK SF1SC6 DENSITY ALT -875FT SLP062
CYAW,2023-05-18 02:30,-63.4994,44.6397,CYAW 180230Z 31015KT 15SM FEW015 BKN055 04/02 A2971 RMK SF1SC6 DENSITY ALT -875FT LAST OBS /NEXT 181100 UTC SLP064
CYAW,2023-05-18 11:00,-63.4994,44.6397,CYAW 181100Z 29017KT 15SM FEW100 04/M01 A2998 RMK AC1 DENSITY ALT -1144FT FST OBS SLP153
CYAW,2023-05-18 12:00,-63.4994,44.6397,CYAW 181200Z 29016KT 15SM FEW015 05/M01 A3001 RMK CU1 DENSITY ALT -1029FT SLP163
CYAW,2023-05-18 13:00,-63.4994,44.6397,CYAW 181300Z 27012G18KT 15SM FEW020 07/00 A3003 RMK CU2 DENSITY ALT -849FT SLP169
CYAW,2023-05-18 14:00,-63.4994,44.6397,CYAW 181400Z 29016G21KT 15SM SCT060 09/M01 A3004 RMK CU4 DENSITY ALT -611FT SLP175
CYAW,2023-05-18 15:00,-63.4994,44.6397,CYAW 181500Z 27016G22KT 15SM SCT060 09/M03 A3007 RMK CU4 DENSITY ALT -632FT SLP184
CYAW,2023-05-18 16:00,-63.4994,44.6397,CYAW 181600Z 31017G24KT 15SM SCT060 BKN075 10/M05 A3009 RMK CU3AC2 DENSITY ALT -541FT SLP190
CYAW,2023-05-18 17:00,-63.4994,44.6397,CYAW 181700Z 28016G21KT 15SM SCT060 10/M06 A3011 RMK SC4 DENSITY ALT -545FT SLP198
CYAW,2023-05-18 18:00,-63.4994,44.6397,CYAW 181800Z 32014G19KT 15SM SCT070 10/M05 A3013 RMK AC4 DENSITY ALT -564FT SLP204
CYAW,2023-05-18 19:00,-63.4994,44.6397,CYAW 181900Z 29017KT 15SM SCT075 12/M06 A3014 RMK AC3 DENSITY ALT -419FT SLP209
CYAW,2023-05-18 19:19,-63.4994,44.6397,CYAW 181919Z 32011G20KT 15SM SCT075 12/M04 A3015 RMK AC3 DENSITY ALT -388FT LAST OBS /NEXT 191100 UTC SLP212
CYAW,2023-05-19 11:00,-63.4994,44.6397,CYAW 191100Z 00000KT 15SM FEW250 06/03 A3045 RMK CI1 DENSITY ALT -1373FT FST OBS SLP314
CYAW,2023-05-19 12:00,-63.4994,44.6397,CYAW 191200Z 20008KT 15SM BKN250 09/04 A3046 RMK CI5 DENSITY ALT -1011FT SLP315
CYAW,2023-05-19 13:00,-63.4994,44.6397,CYAW 191300Z 18011KT 15SM BKN250 10/05 A3046 RMK CI5 DENSITY ALT -941FT SLP316
CYAW,2023-05-19 14:00,-63.4994,44.6397,CYAW 191400Z 20011G16KT 15SM BKN250 11/04 A3046 RMK CI5 DENSITY ALT -786FT SLP316
CYAW,2023-05-19 15:00,-63.4994,44.6397,CYAW 191500Z 20014G20KT 15SM BKN250 11/04 A3046 RMK CI5 DENSITY ALT -773FT LAST OBS /NEXT 231000 UTC SLP318
CYAW,2023-05-23 10:00,-63.4994,44.6397,CYAW 231000Z 36010KT 15SM FEW250 04/M01 A3038 RMK CI1 DENSITY ALT -1593FT FST OBS SLP289
CYAW,2023-05-23 11:00,-63.4994,44.6397,CYAW 231100Z 36010KT 15SM FEW250 06/M02 A3039 RMK CI1 DENSITY ALT -1338FT SLP294
CYAW,2023-05-23 12:00,-63.4994,44.6397,CYAW 231200Z 01009KT 15SM FEW250 09/M03 A3041 RMK CI1 DENSITY ALT -1081FT SLP298
CYAW,2023-05-23 13:00,-63.4994,44.6397,CYAW 231300Z 03006KT 15SM FEW250 11/M04 A3041 RMK CI1 DENSITY ALT -780FT SLP299
CYAW,2023-05-23 14:00,-63.4994,44.6397,CYAW 231400Z 02006KT 15SM SCT250 13/M03 A3041 RMK CI3 DENSITY ALT -570FT SLP298
CYAW,2023-05-23 15:00,-63.4994,44.6397,CYAW 231500Z CCA 05007KT 15SM SCT250 14/M02 A3041 RMK CI3 DENSITY ALT -417FT SLP298
CYAW,2023-05-23 16:00,-63.4994,44.6397,CYAW 231600Z 15011KT 15SM SCT250 13/M00 A3040 RMK CI3 DENSITY ALT -577FT SLP296
CYAW,2023-05-23 17:00,-63.4994,44.6397,CYAW 231700Z 16009KT 15SM SCT250 13/M02 A3039 RMK CI4 DENSITY ALT -587FT SLP292
CYAW,2023-05-23 18:00,-63.4994,44.6397,CYAW 231800Z 15012KT 15SM SCT250 12/M02 A3037 RMK CI3 DENSITY ALT -578FT SLP287
CYAW,2023-05-23 19:00,-63.4994,44.6397,CYAW 231900Z 13011G16KT 15SM SCT250 10/03 A3037 RMK CI4 DENSITY ALT -866FT SLP287
CYAW,2023-05-23 19:51,-63.4994,44.6397,CYAW 231951Z 15009KT 15SM SCT250 09/04 A3037 RMK CI3 DENSITY ALT -919FT LAST OBS /NEXT 240900 UTC SLP286
CYAW,2023-05-24 09:00,-63.4994,44.6397,CYAW 240900Z 00000KT 3/4SM BR OVC002 04/04 A3026 RMK SF8 DENSITY ALT -1396FT FST OBS SLP249
CYAW,2023-05-24 10:00,-63.4994,44.6397,CYAW 241000Z 00000KT 3/4SM BR OVC004 05/05 A3025 RMK SF8 DENSITY ALT -1331FT VIS VRB 1/2-1 SLP245
CYAW,2023-05-24 11:00,-63.4994,44.6397,CYAW 241100Z 00000KT 3/4SM BR OVC004 06/05 A3024 RMK SF8 DENSITY ALT -1228FT VIS VRB 1/2-1 SLP241
CYAW,2023-05-24 11:16,-63.4994,44.6397,CYAW 241116Z 00000KT 3SM BR OVC004 06/06 A3024 RMK SF8 DENSITY ALT -1214FT SLP241
CYAW,2023-05-24 11:26,-63.4994,44.6397,CYAW 241126Z 00000KT 8SM SCT004 OVC011 06/06 A3023 RMK SF4SC4 DENSITY ALT -1176FT VIS LWR S SLP240
CYAW,2023-05-24 12:00,-63.4994,44.6397,CYAW 241200Z 00000KT 12SM SCT007 OVC011 06/06 A3023 RMK SF4SC4 DENSITY ALT -1109FT VIS LWR SW QUAD SLP239
CYAW,2023-05-24 13:00,-63.4994,44.6397,CYAW 241300Z 00000KT 12SM SCT006 OVC013 07/07 A3022 RMK SF4SC4 DENSITY ALT -996FT VIS LWR SW QUAD SLP235
CYAW,2023-05-24 14:00,-63.4994,44.6397,CYAW 241400Z 14006KT 12SM SCT006 BKN013 07/07 A3021 RMK SF3SC4 DENSITY ALT -948FT VIS LWR SW QUAD SLP232
CYAW,2023-05-24 15:00,-63.4994,44.6397,CYAW 241500Z 10006KT 12SM SCT005 BKN013 08/06 A3019 RMK SF4SC3 DENSITY ALT -904FT VIS LWR W SLP225
CYAW,2023-05-24 16:00,-63.4994,44.6397,CYAW 241600Z 12005KT 15SM FEW007 BKN011 09/06 A3017 RMK SF1SC7 DENSITY ALT -758FT VIS LWR S SLP218
CYAW,2023-05-24 17:00,-63.4994,44.6397,CYAW 241700Z 11008KT 12SM BKN007 BKN012 08/06 A3015 RMK SF6SC1 DENSITY ALT -821FT VIS LWR SE-W SLP213
CYAW,2023-05-24 18:00,-63.4994,44.6397,CYAW 241800Z 11007KT 12SM BKN006 BKN012 08/06 A3014 RMK SF6SC1 DENSITY ALT -771FT VIS LWR SW QUAD SLP207
CYAW,2023-05-24 19:00,-63.4994,44.6397,CYAW 241900Z 12006KT 12SM BKN005 BKN024 08/07 A3012 RMK SF6SC1 DENSITY ALT -769FT VIS LWR SE-W SLP201
CYAW,2023-05-24 19:31,-63.4994,44.6397,CYAW 241931Z 13010G15KT 1SM BR BKN003 07/07 A3011 RMK SF7 DENSITY ALT -869FT VIS HYR NW SLP198
CYAW,2023-05-24 20:00,-63.4994,44.6397,CYAW 242000Z CCA 11004KT 1SM BR OVC002 07/07 A3011 RMK SF8 DENSITY ALT -854FT LAST OBS /NEXT 250900 UTC SLP198
CYAW,2023-05-25 09:00,-63.4994,44.6397,CYAW 250900Z 00000KT 10SM OVC005 06/06 A2993 RMK SF8 DENSITY ALT -779FT FST OBS SLP138
CYAW,2023-05-25 10:00,-63.4994,44.6397,CYAW 251000Z 00000KT 15SM BKN007 BKN020 06/06 A2992 RMK SF5SC2 DENSITY ALT -754FT SLP135
CYAW,2023-05-25 10:19,-63.4994,44.6397,CYAW 251019Z 04008KT 15SM FEW007 SCT011 OVC025 06/06 A2992 RMK SF2SC2SC4 DENSITY ALT -740FT VIS LWR S QUAD SLP132
CYAW,2023-05-25 10:34,-63.4994,44.6397,CYAW 251034Z 04010KT 12SM -DZ SCT007 OVC025 07/07 A2992 RMK SF4SC4 DENSITY ALT -726FT PCPN VRY LGT SLP132
CYAW,2023-05-25 10:47,-63.4994,44.6397,CYAW 251047Z 04005KT 15SM SCT007 OVC025 07/07 A2991 RMK SF4SC4 DENSITY ALT -703FT SLP129
CYAW,2023-05-25 11:00,-63.4994,44.6397,CYAW 251100Z 05007KT 15SM SCT007 OVC025 07/07 A2991 RMK SF4SC4 DENSITY ALT -689FT SLP129
CYAW,2023-05-25 11:33,-63.4994,44.6397,CYAW 251133Z CCA 04006KT 3SM -DZ BR BKN008 OVC024 07/07 A2991 RMK SF6SC2 DENSITY ALT -664FT SLP130
CYAW,2023-05-25 11:45,-63.4994,44.6397,CYAW 251145Z 04004KT 1SM -DZ BR BKN009 OVC025 07/07 A2991 RMK SF6SC2 DENSITY ALT -662FT SLP130
CYAW,2023-05-25 12:00,-63.4994,44.6397,CYAW 251200Z 04007KT 1SM -DZ BR BKN008 OVC025 07/07 A2991 RMK SF6SC2 DENSITY ALT -662FT SLP129
CYAW,2023-05-25 12:26,-63.4994,44.6397,CYAW 251226Z 04006KT 8SM BKN007 OVC022 08/07 A2990 RMK SF6SC2 DENSITY ALT -560FT SLP127
CYAW,2023-05-25 12:43,-63.4994,44.6397,CYAW 251243Z 04006KT 15SM SCT007 BKN013 OVC021 08/08 A2990 RMK SF3SC2SC3 DENSITY ALT -559FT SLP125
CYAW,2023-05-25 13:00,-63.4994,44.6397,CYAW 251300Z 05007KT 15SM SCT009 OVC013 08/08 A2990 RMK SF4SC4 DENSITY ALT -522FT SLP126
CYAW,2023-05-25 14:00,-63.4994,44.6397,CYAW 251400Z 01005KT 15SM OVC011 09/07 A2989 RMK SC8 DENSITY ALT -353FT SLP122
CYAW,2023-05-25 15:00,-63.4994,44.6397,CYAW 251500Z 02004KT 8SM OVC012 10/08 A2988 RMK SC8 DENSITY ALT -189FT SLP120
CYAW,2023-05-25 16:00,-63.4994,44.6397,CYAW 251600Z 03007KT 15SM BKN016 OVC026 12/08 A2987 RMK SC7SC1 DENSITY ALT -24FT SLP115
CYAW,2023-05-25 17:00,-63.4994,44.6397,CYAW 251700Z 35011KT 15SM OVC018 12/09 A2985 RMK SC8 DENSITY ALT 71FT SLP110
CYAW,2023-05-25 18:00,-63.4994,44.6397,CYAW 251800Z 02009KT 15SM OVC020 13/09 A2985 RMK SC8 DENSITY ALT 202FT SLP111
CYAW,2023-05-25 19:00,-63.4994,44.6397,CYAW 251900Z 34010KT 15SM BKN020 OVC026 13/09 A2986 RMK SC7SC1 DENSITY ALT 203FT SLP112
CYAW,2023-05-25 20:00,-63.4994,44.6397,CYAW 252000Z 34010G15KT 12SM -DZ OVC016 12/10 A2987 RMK SC8 DENSITY ALT 55FT SLP117
CYAW,2023-05-25 20:34,-63.4994,44.6397,CYAW 252034Z 36011G17KT 4SM -SHRA BR BKN010 OVC020 12/10 A2987 RMK SC5SC3 DENSITY ALT -9FT SLP118
CYAW,2023-05-25 21:00,-63.4994,44.6397,CYAW 252100Z CCA 34009G17KT 12SM SCT010 BKN016 OVC025 11/10 A2988 RMK SF3SC4SC1 DENSITY ALT -72FT LAST OBS /NEXT 260900 UTC SLP119
CYAW,2023-05-26 09:00,-63.4994,44.6397,CYAW 260900Z 29009G16KT 15SM BKN014 06/05 A2999 RMK SC7 DENSITY ALT -845FT FST OBS SLP158
CYAW,2023-05-26 10:00,-63.4994,44.6397,CYAW 261000Z 29011KT 15SM BKN011 BKN017 07/05 A3001 RMK SC5SC2 DENSITY ALT -842FT SLP163
CYAW,2023-05-26 10:32,-63.4994,44.6397,CYAW 261032Z 29013KT 15SM BKN018 07/04 A3002 RMK SC7 DENSITY ALT -785FT SLP166
CYAW,2023-05-26 11:00,-63.4994,44.6397,CYAW 261100Z 29013KT 15SM BKN018 07/04 A3001 RMK SC7 DENSITY ALT -738FT SLP165
CYAW,2023-05-26 12:00,-63.4994,44.6397,CYAW 261200Z 29014G20KT 15SM BKN018 08/05 A3004 RMK SC7 DENSITY ALT -733FT SLP173
CYAW,2023-05-26 13:00,-63.4994,44.6397,CYAW 261300Z 28013KT 15SM BKN019 08/04 A3005 RMK SC7 DENSITY ALT -674FT SLP178
CYAW,2023-05-26 14:00,-63.4994,44.6397,CYAW 261400Z 32012G18KT 15SM OVC024 09/04 A3006 RMK SC8 DENSITY ALT -574FT SLP180
CYAW,2023-05-26 15:00,-63.4994,44.6397,CYAW 261500Z 29012G19KT 15SM OVC026 10/04 A3005 RMK SC8 DENSITY ALT -430FT SLP176
CYAW,2023-05-26 16:00,-63.4994,44.6397,CYAW 261600Z 32013KT 15SM OVC029 11/04 A3004 RMK SC8 DENSITY ALT -394FT SLP175
CYAW,2023-05-26 17:00,-63.4994,44.6397,CYAW 261700Z 30011KT 15SM OVC033 11/04 A3005 RMK SC8 DENSITY ALT -368FT SLP177
CYAW,2023-05-26 18:00,-63.4994,44.6397,CYAW 261800Z 30012G17KT 15SM SCT028 BKN034 OVC040 10/04 A3005 RMK SC3SC4SC1 DENSITY ALT -415FT SLP178
CYAW,2023-05-26 19:00,-63.4994,44.6397,CYAW 261900Z 31007KT 15SM BKN024 OVC035 10/06 A3006 RMK SC5SC3 DENSITY ALT -462FT SLP179
CYAW,2023-05-26 19:16,-63.4994,44.6397,CYAW 261916Z CCA 31014KT 5SM -SHRA BR BKN023 OVC032 09/07 A3006 RMK SC5SC3 DENSITY ALT -552FT LAST OBS /NEXT 291000 UTC SLP180
CYAW,2023-05-29 10:00,-63.4994,44.6397,CYAW 291000Z 36019G25KT 15SM FEW240 08/01 A3000 RMK CI2 DENSITY ALT -625FT FST OBS SLP160
CYAW,2023-05-29 11:00,-63.4994,44.6397,CYAW 291100Z 36013G20KT 15SM FEW030 FEW240 09/01 A3002 RMK CU1CI2 DENSITY ALT -560FT SLP167
CYAW,2023-05-29 12:00,-63.4994,44.6397,CYAW 291200Z 36020G28KT 15SM FEW030 SCT240 09/01 A3004 RMK SC2CI2 DENSITY ALT -549FT SLP172
CYAW,2023-05-29 13:00,-63.4994,44.6397,CYAW 291300Z 35017G25KT 15SM SCT037 SCT250 10/01 A3007 RMK SC3CI1 DENSITY ALT -534FT SLP182
CYAW,2023-05-29 14:00,-63.4994,44.6397,CYAW 291400Z 35015G22KT 15SM SCT040 SCT250 11/02 A3009 RMK SC3CI1 DENSITY ALT -382FT SLP188
CYAW,2023-05-29 15:00,-63.4994,44.6397,CYAW 291500Z 36017G27KT 15SM BKN036 11/02 A3010 RMK SC7 DENSITY ALT -427FT SLP193
CYAW,2023-05-29 16:00,-63.4994,44.6397,CYAW 291600Z 36019G27KT 15SM BKN038 BKN250 11/03 A3010 RMK SC7CI1 DENSITY ALT -373FT SLP194
CYAW,2023-05-29 17:00,-63.4994,44.6397,CYAW 291700Z 35016G24KT 15SM BKN040 12/03 A3010 RMK SC7 DENSITY ALT -253FT SLP194
CYAW,2023-05-29 18:00,-63.4994,44.6397,CYAW 291800Z 01017G24KT 15SM BKN040 13/03 A3011 RMK SC6 DENSITY ALT -218FT SLP197
CYAW,2023-05-29 19:00,-63.4994,44.6397,CYAW 291900Z 02013G21KT 15SM SCT040 13/02 A3011 RMK SC3 DENSITY ALT -244FT SLP196
CYAW,2023-05-29 20:00,-63.4994,44.6397,CYAW 292000Z 35016KT 15SM FEW040 13/02 A3012 RMK SC1 DENSITY ALT -160FT SLP200
CYAW,2023-05-29 21:00,-63.4994,44.6397,CYAW 292100Z 36014G22KT 15SM FEW040 13/02 A3013 RMK SC1 DENSITY ALT -233FT SLP205
CYAW,2023-05-29 22:00,-63.4994,44.6397,CYAW 292200Z 36008G15KT 15SM SKC 12/02 A3014 RMK DENSITY ALT -331FT SLP209
CYAW,2023-05-29 23:00,-63.4994,44.6397,CYAW 292300Z 03006KT 15SM SKC 11/02 A3016 RMK DENSITY ALT -473FT SLP215
CYAW,2023-05-30 00:00,-63.4994,44.6397,CYAW 300000Z 36005KT 15SM SKC 09/02 A3019 RMK DENSITY ALT -724FT SLP224
CYAW,2023-05-30 01:00,-63.4994,44.6397,CYAW 300100Z 00000KT 15SM SKC 08/03 A3020 RMK DENSITY ALT -955FT SLP229
CYAW,2023-05-30 02:00,-63.4994,44.6397,CYAW 300200Z 00000KT 15SM SKC 06/02 A3021 RMK DENSITY ALT -1144FT SLP232
CYAW,2023-05-30 03:00,-63.4994,44.6397,CYAW 300300Z 00000KT 15SM SKC 04/01 A3021 RMK DENSITY ALT -1362FT SLP232
CYAW,2023-05-30 03:18,-63.4994,44.6397,CYAW 300318Z 00000KT 15SM SKC 05/01 A3022 RMK DENSITY ALT -1346FT LAST OBS /NEXT 301000 UTC SLP233
CYAW,2023-05-30 12:00,-63.4994,44.6397,CYAW 301200Z 00000KT 15SM FEW180 BKN250 09/01 A3026 RMK AC2CI4 DENSITY ALT -861FT FST OBS SLP248
CYAW,2023-05-30 13:00,-63.4994,44.6397,CYAW 301300Z 00000KT 15SM FEW180 BKN250 11/03 A3025 RMK AC2CI4 DENSITY ALT -620FT SLP244
CYAW,2023-05-30 14:00,-63.4994,44.6397,CYAW 301400Z 16004KT 15SM FEW180 BKN250 11/03 A3023 RMK AC2CI4 DENSITY ALT -509FT SLP239
CYAW,2023-05-30 15:00,-63.4994,44.6397,CYAW 301500Z 17012KT 15SM FEW180 BKN250 12/03 A3022 RMK AC2CI4 DENSITY ALT -471FT SLP235
CYAW,2023-05-30 16:00,-63.4994,44.6397,CYAW 301600Z 15011KT 15SM FEW180 BKN250 12/06 A3019 RMK AC1CI6 DENSITY ALT -349FT SLP226
CYAW,2023-05-30 17:00,-63.4994,44.6397,CYAW 301700Z 17013KT 10SM FEW180 BKN250 14/06 A3017 RMK AC1CI5 DENSITY ALT -119FT VIS LWR S QUAD FU ALQDS SLP218
CYAW,2023-05-30 18:00,-63.4994,44.6397,CYAW 301800Z 18013G19KT 10SM FEW180 BKN250 16/05 A3015 RMK AC1CI6 DENSITY ALT 198FT FU ALQDS SLP211
CYAW,2023-05-30 19:00,-63.4994,44.6397,CYAW 301900Z 20013KT 10SM FEW180 BKN250 17/05 A3014 RMK AC1CI6 DENSITY ALT 231FT FU ALQDS SLP209
CYAW,2023-05-30 20:00,-63.4994,44.6397,CYAW 302000Z 21014KT 10SM BKN250 17/05 A3015 RMK CI5 DENSITY ALT 205FT FU ALQDS SLP212
CYAW,2023-05-30 21:00,-63.4994,44.6397,CYAW 302100Z 22015G20KT 10SM SCT250 16/03 A3016 RMK CI4 DENSITY ALT 101FT FU ALQDS SLP213
CYAW,2023-05-30 22:00,-63.4994,44.6397,CYAW 302200Z 22008G15KT 10SM BKN250 15/04 A3015 RMK CI5 DENSITY ALT -12FT FU ALQDS SLP211
CYAW,2023-05-30 23:00,-63.4994,44.6397,CYAW 302300Z 22009G15KT 12SM FEW013 BKN250 14/00 A3015 RMK FU2CI4 DENSITY ALT -135FT SLP210
CYAW,2023-05-31 00:00,-63.4994,44.6397,CYAW 310000Z 23006KT 12SM SCT250 11/05 A3015 RMK CI4 DENSITY ALT -431FT SLP210
CYAW,2023-05-31 01:00,-63.4994,44.6397,CYAW 310100Z 00000KT 12SM SCT250 10/06 A3015 RMK CI4 DENSITY ALT -533FT SLP212
CYAW,2023-05-31 02:00,-63.4994,44.6397,CYAW 310200Z 00000KT 12SM SCT250 10/06 A3017 RMK CI3 DENSITY ALT -568FT SLP216
CYAW,2023-05-31 03:00,-63.4994,44.6397,CYAW 310300Z 28010KT 12SM SCT250 12/04 A3017 RMK CI3 DENSITY ALT -340FT SLP217
CYAW,2023-05-31 03:16,-63.4994,44.6397,CYAW 310316Z 28010KT 12SM FEW250 13/03 A3017 RMK CI2 DENSITY ALT -311FT LAST OBS /NEXT 311200 UTC SLP219
CYAW,2023-05-31 12:00,-63.4994,44.6397,CYAW 311200Z 24012KT 15SM FEW020 BKN250 14/03 A3015 RMK FU1CI6 DENSITY ALT -56FT FST OBS SLP211
CYAW,2023-05-31 13:00,-63.4994,44.6397,CYAW 311300Z 26012KT 15SM FEW020 BKN250 16/04 A3015 RMK FU1CI5 DENSITY ALT 186FT SLP210
CYAW,2023-05-31 14:00,-63.4994,44.6397,CYAW 311400Z 23005KT 15SM FEW025 BKN250 18/06 A3014 RMK FU1CI5 DENSITY ALT 429FT SLP209
CYAW,2023-05-31 15:00,-63.4994,44.6397,CYAW 311500Z 22008KT 15SM FEW160 BKN250 20/07 A3013 RMK AC1CI5 DENSITY ALT 677FT CONTRAILS SLP204
CYAW,2023-05-31 16:00,-63.4994,44.6397,CYAW 311600Z 24010G15KT 12SM FEW160 BKN250 21/07 A3012 RMK AC1CI6 DENSITY ALT 828FT CONTRAILS SLP200
CYAW,2023-05-31 17:00,-63.4994,44.6397,CYAW 311700Z 22010G16KT 12SM BKN250 22/07 A3010 RMK CI6 DENSITY ALT 970FT CONTRAILS FU E QUAD SLP193
CYAW,2023-05-31 18:00,-63.4994,44.6397,CYAW 311800Z 19014KT 10SM BKN250 22/07 A3008 RMK CI7 DENSITY ALT 915FT FU ALQDS SLP187
CYAW,2023-05-31 19:00,-63.4994,44.6397,CYAW 311900Z 21011KT 8SM BKN250 22/07 A3006 RMK CI7 DENSITY ALT 992FT FU ALQDS SLP181
CYAW,2023-05-31 20:00,-63.4994,44.6397,CYAW 312000Z 23012KT 10SM SCT250 22/07 A3005 RMK CI3 DENSITY ALT 969FT FU ALQDS SLP176
CYAW,2023-05-31 21:00,-63.4994,44.6397,CYAW 312100Z 23008KT 10SM FEW250 21/07 A3004 RMK CI2 DENSITY ALT 876FT FU ALQDS SLP173
CYAW,2023-05-31 22:00,-63.4994,44.6397,CYAW 312200Z 22006KT 10SM FEW250 21/08 A3003 RMK CI2 DENSITY ALT 870FT FU ALQDS SLP170
CYAW,2023-05-31 23:00,-63.4994,44.6397,CYAW 312300Z 00000KT 10SM FEW250 19/08 A3004 RMK CI2 DENSITY ALT 689FT FU ALQDS SLP172
CYAW,2023-06-01 00:00,-63.4994,44.6397,CYAW 010000Z 23005KT 10SM FEW250 18/08 A3004 RMK CI2 DENSITY ALT 559FT FU ALQDS SLP174
CYAW,2023-06-01 01:00,-63.4994,44.6397,CYAW 010100Z 26007G17KT 12SM FEW250 18/08 A3006 RMK CI2 DENSITY ALT 522FT SLP179
CYAW,2023-06-01 02:00,-63.4994,44.6397,CYAW 010200Z 27011KT 12SM FEW250 18/07 A3005 RMK CI2 DENSITY ALT 513FT SLP177
CYAW,2023-06-01 03:00,-63.4994,44.6397,CYAW 010300Z 26008KT 12SM FEW250 18/05 A3006 RMK CI2 DENSITY ALT 427FT LAST OBS /NEXT 011200 UTC SLP178
CYAW,2023-06-01 12:00,-63.4994,44.6397,CYAW 011200Z 31002KT 12SM FEW250 20/07 A3001 RMK CI1 DENSITY ALT 796FT FU NE QUAD FST OBS SLP161
CYAW,2023-06-01 13:00,-63.4994,44.6397,CYAW 011300Z CCA 00000KT 12SM FEW250 22/08 A3000 RMK CI1 DENSITY ALT 1072FT FU NE QUAD SLP158
CYAW,2023-06-01 14:00,-63.4994,44.6397,CYAW 011400Z 00000KT 12SM FEW250 26/11 A2999 RMK CI2 DENSITY ALT 1543FT SLP154
CYAW,2023-06-01 15:00,-63.4994,44.6397,CYAW 011500Z 00000KT 12SM SCT250 28/12 A2997 RMK CI4 DENSITY ALT 1829FT SLP148
CYAW,2023-06-01 16:00,-63.4994,44.6397,CYAW 011600Z 00000KT 12SM SCT210 OVC250 30/12 A2996 RMK CI3CI5 DENSITY ALT 2063FT SLP145
CYAW,2023-06-01 17:00,-63.4994,44.6397,CYAW 011700Z 00000KT 12SM FEW030 OVC220 32/12 A2994 RMK CU1CI8 DENSITY ALT 2267FT SLP138
CYAW,2023-06-01 18:00,-63.4994,44.6397,CYAW 011800Z 22008KT 12SM FEW040 BKN250 32/12 A2992 RMK CF1CI7 DENSITY ALT 2357FT SLP132
CYAW,2023-06-01 19:00,-63.4994,44.6397,CYAW 011900Z 22008KT 12SM FEW080 BKN250 31/12 A2992 RMK AC1CI6 DENSITY ALT 2226FT SLP130
CYAW,2023-06-01 20:00,-63.4994,44.6397,CYAW 012000Z 22010KT 12SM FEW080 BKN250 31/12 A2991 RMK AC1CI5 DENSITY ALT 2196FT SLP127
CYAW,2023-06-01 21:00,-63.4994,44.6397,CYAW 012100Z 23008KT 12SM FEW080 SCT250 30/11 A2990 RMK AC1CI3 DENSITY ALT 2099FT SLP124
CYAW,2023-06-01 22:00,-63.4994,44.6397,CYAW 012200Z 22007KT 12SM SCT250 28/11 A2990 RMK CI3 DENSITY ALT 1868FT SLP124
CYAW,2023-06-01 23:00,-63.4994,44.6397,CYAW 012300Z 00000KT 15SM FEW250 26/11 A2989 RMK CI2 DENSITY ALT 1699FT SLP121
CYAW,2023-06-02 00:00,-63.4994,44.6397,CYAW 020000Z 27007KT 15SM FEW250 25/11 A2989 RMK CI2 DENSITY ALT 1571FT SLP121
CYAW,2023-06-02 01:00,-63.4994,44.6397,CYAW 020100Z 00000KT 15SM FEW250 24/12 A2991 RMK CI2 DENSITY ALT 1382FT SLP127
CYAW,2023-06-02 02:00,-63.4994,44.6397,CYAW 020200Z 00000KT 15SM FEW250 20/12 A2992 RMK CI2 DENSITY ALT 927FT SLP130
CYAW,2023-06-02 02:24,-63.4994,44.6397,CYAW 020224Z 00000KT 15SM FEW250 20/12 A2991 RMK CI2 DENSITY ALT 987FT LAST OBS /NEXT 021000 UTC SLP129
CYAW,2023-06-02 10:00,-63.4994,44.6397,CYAW 021000Z 00000KT 12SM FEW100 BKN160 BKN220 17/13 A2990 RMK AC1AC6CI1 DENSITY ALT 625FT FST OBS SLP123
CYAW,2023-06-02 11:00,-63.4994,44.6397,CYAW 021100Z 07003KT 10SM FEW080 BKN140 OVC220 13/10 A2992 RMK AC1AC6CI1 DENSITY ALT 71FT SLP133
CYAW,2023-06-02 12:00,-63.4994,44.6397,CYAW 021200Z 07008KT 12SM FEW080 BKN120 BKN220 13/09 A2993 RMK AC1AC6CI1 DENSITY ALT 103FT AC TR SLP137
CYAW,2023-06-02 13:00,-63.4994,44.6397,CYAW 021300Z 08007KT 12SM FEW080 BKN110 BKN220 16/10 A2993 RMK AC1AC6CI1 DENSITY ALT 418FT AC TR SLP137
CYAW,2023-06-02 14:00,-63.4994,44.6397,CYAW 021400Z 00000KT 12SM FEW080 BKN110 BKN220 18/11 A2994 RMK AC1AC6CI1 DENSITY ALT 664FT AC TR SLP138
CYAW,2023-06-02 15:00,-63.4994,44.6397,CYAW 021500Z 12007KT 12SM SCT100 BKN250 17/10 A2993 RMK AC4CI1 DENSITY ALT 528FT SLP137
CYAW,2023-06-02 16:00,-63.4994,44.6397,CYAW 021600Z 10007KT 12SM FEW100 BKN150 BKN250 16/10 A2993 RMK AC2AC3CI1 DENSITY ALT 470FT SLP136
CYAW,2023-06-02 17:00,-63.4994,44.6397,CYAW 021700Z 11007KT 12SM BKN150 BKN250 15/10 A2993 RMK AC6CI1 DENSITY ALT 370FT SLP135
CYAW,2023-06-02 18:00,-63.4994,44.6397,CYAW 021800Z 09006KT 12SM BKN130 14/09 A2994 RMK AC7 DENSITY ALT 212FT SLP139
CYAW,2023-06-02 19:00,-63.4994,44.6397,CYAW 021900Z 08007KT 12SM BKN140 13/09 A2995 RMK AC7 DENSITY ALT 2FT LAST OBS /NEXT 051000 UTC SLP142
CYAW,2023-06-05 10:00,-63.4994,44.6397,CYAW 051000Z 06009KT 4SM -RA BR OVC006 08/08 A2983 RMK SF8 DENSITY ALT -424FT FST OBS SLP102
CYAW,2023-06-05 11:00,-63.4994,44.6397,CYAW 051100Z 06007KT 8SM -RA OVC003 08/08 A2982 RMK SF8 DENSITY ALT -360FT SLP100
CYAW,2023-06-05 12:00,-63.4994,44.6397,CYAW 051200Z 08016G22KT 8SM -RA OVC004 09/09 A2982 RMK SF8 DENSITY ALT -268FT PCPN VRY LGT SLP099
CYAW,2023-06-05 13:00,-63.4994,44.6397,CYAW 051300Z 06013G21KT 10SM -RA OVC005 09/09 A2980 RMK SF8 DENSITY ALT -245FT SLP094
CYAW,2023-06-05 13:29,-63.4994,44.6397,CYAW 051329Z 07010G21KT 4SM -RA BR OVC004 09/09 A2980 RMK SF8 DENSITY ALT -218FT SLP093
CYAW,2023-06-05 13:39,-63.4994,44.6397,CYAW 051339Z 07012G20KT 1 1/2SM -RA BR OVC004 09/09 A2980 RMK SF8 DENSITY ALT -218FT VIS VRB 1-2 SLP093
CYAW,2023-06-05 14:00,-63.4994,44.6397,CYAW 051400Z 07015G20KT 1 1/2SM -RA BR OVC004 09/09 A2979 RMK SF8 DENSITY ALT -193FT VIS VRB 1-2 SLP090
CYAW,2023-06-05 14:20,-63.4994,44.6397,CYAW 051420Z 06012G18KT 7SM -RA BKN005 OVC010 10/10 A2978 RMK SF7SC1 DENSITY ALT -169FT SLP087
CYAW,2023-06-05 15:00,-63.4994,44.6397,CYAW 051500Z 07012G19KT 10SM -RA BKN005 OVC010 10/10 A2977 RMK SF7SC1 DENSITY ALT -144FT PCPN VRY LGT SLP082
CYAW,2023-06-05 15:24,-63.4994,44.6397,CYAW 051524Z 07017G26KT 1 1/2SM -RA BR OVC006 09/09 A2975 RMK SF8 DENSITY ALT -174FT VIS VRB 1-2 SLP076
CYAW,2023-06-05 16:00,-63.4994,44.6397,CYAW 051600Z 05010G19KT 6SM -RA BKN005 OVC010 09/09 A2974 RMK SF7SC1 DENSITY ALT -136FT PCPN VRY LGT SLP071
CYAW,2023-06-05 17:00,-63.4994,44.6397,CYAW 051700Z 07013G18KT 4SM -RA BR BKN006 OVC010 10/10 A2972 RMK SF7SC1 DENSITY ALT -33FT SLP067
CYAW,2023-06-05 18:00,-63.4994,44.6397,CYAW 051800Z CCA 06014G24KT 6SM -RA BR BKN006 OVC010 11/11 A2968 RMK SF7SC1 DENSITY ALT 119FT SLP051
CYAW,2023-06-05 19:00,-63.4994,44.6397,CYAW 051900Z 04013G19KT 6SM -RA BR BKN006 OVC010 11/11 A2965 RMK SF7SC1 DENSITY ALT 233FT SLP041
CYAW,2023-06-05 19:35,-63.4994,44.6397,CYAW 051935Z 05011G21KT 4SM RA BR BKN006 OVC012 11/11 A2964 RMK SF7SC1 DENSITY ALT 191FT SLP037
CYAW,2023-06-05 19:46,-63.4994,44.6397,CYAW 051946Z 04012G17KT 3SM RA BR BKN006 OVC010 11/11 A2963 RMK SF7SC1 DENSITY ALT 216FT LAST OBS /NEXT 060900 UTC SLP033
CYAW,2023-06-06 09:00,-63.4994,44.6397,CYAW 060900Z 00000KT 1 1/2SM -DZ BR OVC003 09/09 A2925 RMK SF8 DENSITY ALT 317FT FST OBS SLP905
CYAW,2023-06-06 10:00,-63.4994,44.6397,CYAW 061000Z 08004KT 1 1/2SM -DZ BR OVC003 08/08 A2924 RMK SF8 DENSITY ALT 263FT SLP903
CYAW,2023-06-06 11:00,-63.4994,44.6397,CYAW 061100Z 00000KT 4SM -DZ BR BKN004 OVC026 09/09 A2924 RMK SF7SC1 DENSITY ALT 368FT SLP902
CYAW,2023-06-06 11:21,-63.4994,44.6397,CYAW 061121Z 00000KT 6SM BR BKN005 BKN026 09/09 A2923 RMK SF5SC2 DENSITY ALT 392FT SLP897
CYAW,2023-06-06 12:00,-63.4994,44.6397,CYAW 061200Z 03008KT 12SM BKN006 BKN050 09/09 A2922 RMK SF5SC2 DENSITY ALT 470FT SLP895
CYAW,2023-06-06 13:00,-63.4994,44.6397,CYAW 061300Z 00000KT 6SM BR BKN006 OVC020 10/09 A2923 RMK SF7SC1 DENSITY ALT 495FT VIS LWR NE-SE SLP899
CYAW,2023-06-06 13:21,-63.4994,44.6397,CYAW 061321Z 00000KT 4SM -DZ BR BKN005 OVC020 09/09 A2923 RMK SF7SC1 DENSITY ALT 458FT SLP899
CYAW,2023-06-06 14:00,-63.4994,44.6397,CYAW 061400Z 00000KT 5SM BR BKN006 OVC020 10/09 A2923 RMK SF6SC2 DENSITY ALT 517FT SLP899
CYAW,2023-06-06 14:50,-63.4994,44.6397,CYAW 061450Z 00000KT 10SM BKN010 OVC030 10/09 A2923 RMK SF6SC2 DENSITY ALT 567FT SLP898
CYAW,2023-06-06 15:00,-63.4994,44.6397,CYAW 061500Z 00000KT 10SM BKN010 OVC030 10/09 A2923 RMK SF6SC2 DENSITY ALT 579FT VIS LWR W QUAD SLP898
CYAW,2023-06-06 16:00,-63.4994,44.6397,CYAW 061600Z CCA 18005KT 12SM BKN012 BKN030 10/09 A2923 RMK SF5SC2 DENSITY ALT 529FT SLP898
CYAW,2023-06-06 17:00,-63.4994,44.6397,CYAW 061700Z 18009KT 12SM SCT014 BKN025 BKN040 12/10 A2923 RMK SF4SC2SC1 DENSITY ALT 780FT SLP897
CYAW,2023-06-06 17:40,-63.4994,44.6397,CYAW 061740Z 16012KT 12SM BKN015 BKN025 OVC040 11/10 A2923 RMK SF5SC2SC1 DENSITY ALT 608FT SLP897
CYAW,2023-06-06 18:00,-63.4994,44.6397,CYAW 061800Z 00000KT 12SM FEW005 BKN015 OVC025 12/11 A2923 RMK SF2SC4SC2 DENSITY ALT 725FT VIS LWR S QUAD SLP897
CYAW,2023-06-06 18:27,-63.4994,44.6397,CYAW 061827Z 00000KT 1 1/2SM BR OVC003 11/11 A2922 RMK SF8 DENSITY ALT 666FT VIS VRB 1-2 SLP896
CYAW,2023-06-06 18:51,-63.4994,44.6397,CYAW 061851Z 00000KT 6SM BR OVC004 11/11 A2922 RMK SF8 DENSITY ALT 666FT SLP896
CYAW,2023-06-06 19:00,-63.4994,44.6397,CYAW 061900Z 00000KT 8SM BKN004 OVC010 11/11 A2922 RMK SF7SC1 DENSITY ALT 680FT SLP895
CYAW,2023-06-06 19:38,-63.4994,44.6397,CYAW 061938Z CCA 14005KT 1/2SM -SHRA FG VV002 09/09 A2923 RMK FG8 DENSITY ALT 459FT VIS VRB 3/8-5/8 SLP897
CYAW,2023-06-06 20:00,-63.4994,44.6397,CYAW 062000Z 16007KT 1/2SM -SHRA FG VV002 09/09 A2923 RMK FG8 DENSITY ALT 393FT VIS VRB 3/8-5/8 LAST OBS /NEXT 070900 UTC SLP897
CYAW,2023-06-07 09:00,-63.4994,44.6397,CYAW 070900Z 00000KT 1/2SM FG VV001 09/09 A2937 RMK FG8 DENSITY ALT 216FT FST OBS SLP948
CYAW,2023-06-07 09:10,-63.4994,44.6397,CYAW 070910Z 00000KT 1/8SM FG VV001 09/09 A2937 RMK FG8 DENSITY ALT 189FT SLP948
CYAW,2023-06-07 10:00,-63.4994,44.6397,CYAW 071000Z 00000KT 1/8SM FG VV001 08/08 A2939 RMK FG8 DENSITY ALT 140FT SLP953
CYAW,2023-06-07 11:00,-63.4994,44.6397,CYAW 071100Z 00000KT 1/8SM FG VV001 08/08 A2941 RMK FG8 DENSITY ALT 116FT SLP961
CYAW,2023-06-07 11:18,-63.4994,44.6397,CYAW 071118Z 18003KT 1 1/2SM BR OVC003 09/09 A2942 RMK SF8 DENSITY ALT 131FT SLP963
CYAW,2023-06-07 11:41,-63.4994,44.6397,CYAW 071141Z 17010KT 1/8SM -DZ FG VV001 08/08 A2943 RMK FG8 DENSITY ALT 93FT SLP966
CYAW,2023-06-07 12:00,-63.4994,44.6397,CYAW 071200Z 18008KT 1SM -DZ BR OVC002 08/08 A2943 RMK ST8 DENSITY ALT 93FT SLP968
CYAW,2023-06-07 12:30,-63.4994,44.6397,CYAW 071230Z 19003KT 3SM -DZ BR OVC003 09/09 A2944 RMK SF8 DENSITY ALT 94FT CIG VRB 2-4 SLP971
CYAW,2023-06-07 13:00,-63.4994,44.6397,CYAW 071300Z 18010KT 5/8SM -DZ BR VV001 09/09 A2945 RMK FG8 DENSITY ALT 96FT SLP974
CYAW,2023-06-07 13:20,-63.4994,44.6397,CYAW 071320Z 18008G15KT 1 1/2SM -DZ BR OVC002 09/09 A2945 RMK ST8 DENSITY ALT 83FT SLP975
CYAW,2023-06-07 14:00,-63.4994,44.6397,CYAW 071400Z 00000KT 1 1/2SM -DZ BR OVC002 09/09 A2947 RMK SF8 DENSITY ALT 139FT SLP979
CYAW,2023-06-07 15:00,-63.4994,44.6397,CYAW 071500Z 18010KT 1 1/2SM BR OVC002 09/09 A2948 RMK SF8 DENSITY ALT 153FT VIS VRB 1-2 SLP984
CYAW,2023-06-07 15:43,-63.4994,44.6397,CYAW 071543Z 18007KT 8SM OVC003 10/10 A2949 RMK SF8 DENSITY ALT 207FT SLP989
CYAW,2023-06-07 16:00,-63.4994,44.6397,CYAW 071600Z 00000KT 8SM OVC003 10/10 A2950 RMK SF8 DENSITY ALT 209FT SLP991
CYAW,2023-06-07 16:35,-63.4994,44.6397,CYAW 071635Z 18002KT 8SM OVC005 11/10 A2950 RMK SF8 DENSITY ALT 297FT SLP992
CYAW,2023-06-07 17:00,-63.4994,44.6397,CYAW 071700Z 18009KT 10SM BKN007 OVC012 11/11 A2951 RMK SF6SC2 DENSITY ALT 350FT SLP993
CYAW,2023-06-07 18:00,-63.4994,44.6397,CYAW 071800Z CCA 16005KT 10SM BKN007 OVC014 11/10 A2952 RMK SF5SC3 DENSITY ALT 273FT LAST OBS /NEXT 080900 UTC SLP998
CYAW,2023-06-08 09:00,-63.4994,44.6397,CYAW 080900Z 00000KT 1/2SM FG VV001 09/09 A2969 RMK FG8 DENSITY ALT -196FT VIS VRB 1/4-3/4 FST OBS SLP054
CYAW,2023-06-08 10:00,-63.4994,44.6397,CYAW 081000Z 00000KT 3/4SM BR OVC001 09/09 A2970 RMK SF8 DENSITY ALT -182FT VIS VRB 1/2-1 SLP059
CYAW,2023-06-08 11:00,-63.4994,44.6397,CYAW 081100Z 00000KT 1/8SM FG VV001 08/08 A2973 RMK FG8 DENSITY ALT -282FT SLP068
CYAW,2023-06-08 11:39,-63.4994,44.6397,CYAW 081139Z 00000KT 5/8SM BR VV001 08/08 A2975 RMK FG8 DENSITY ALT -319FT SLP075
CYAW,2023-06-08 12:00,-63.4994,44.6397,CYAW 081200Z 00000KT 5/8SM BR VV001 08/08 A2976 RMK FG8 DENSITY ALT -330FT SLP080
CYAW,2023-06-08 12:32,-63.4994,44.6397,CYAW 081232Z 00000KT 3/4SM BR OVC001 08/08 A2977 RMK SF8 DENSITY ALT -381FT VIS VRB 1/2-1 SLP084
CYAW,2023-06-08 13:00,-63.4994,44.6397,CYAW 081300Z 00000KT 3/4SM BR OVC002 08/08 A2978 RMK SF8 DENSITY ALT -353FT VIS VRB 1/2-1 SLP087
CYAW,2023-06-08 13:42,-63.4994,44.6397,CYAW 081342Z 00000KT 1 1/2SM BR OVC003 09/09 A2980 RMK SF8 DENSITY ALT -233FT VIS VRB 1-2 SLP093
CYAW,2023-06-08 14:00,-63.4994,44.6397,CYAW 081400Z 00000KT 2SM BR OVC004 09/09 A2980 RMK SF8 DENSITY ALT -233FT SLP092
CYAW,2023-06-08 14:39,-63.4994,44.6397,CYAW 081439Z 00000KT 3SM BR OVC005 10/09 A2979 RMK SF8 DENSITY ALT -158FT SLP091
CYAW,2023-06-08 15:00,-63.4994,44.6397,CYAW 081500Z 00000KT 8SM SCT005 OVC071 11/10 A2979 RMK SF3AC5 DENSITY ALT 7FT VIS LWR SE-SW SLP088
CYAW,2023-06-08 16:00,-63.4994,44.6397,CYAW 081600Z 00000KT 12SM FEW005 FEW020 BKN072 13/10 A2979 RMK SF1CU1AC7 DENSITY ALT 284FT SLP088
CYAW,2023-06-08 17:00,-63.4994,44.6397,CYAW 081700Z 00000KT 12SM FEW003 FEW025 BKN070 OVC250 13/10 A2979 RMK SF1CU1AC6CI2 DENSITY ALT 259FT VIS LWR S SLP088
CYAW,2023-06-08 18:00,-63.4994,44.6397,CYAW 081800Z 00000KT 12SM FEW002 FEW025 BKN070 13/10 A2979 RMK SF1CU1AC7 DENSITY ALT 200FT VIS LWR SE-SW SLP090
CYAW,2023-06-08 19:00,-63.4994,44.6397,CYAW 081900Z 16009KT 12SM FEW002 FEW025 SCT070 OVC250 13/10 A2980 RMK SF1CU1AC4CI4 DENSITY ALT 203FT VIS LWR SE-SW LAST OBS/NXT 090900 UTC SLP092
CYAW,2023-06-09 09:00,-63.4994,44.6397,CYAW 090900Z 00000KT 0SM FG VV001 09/09 A2979 RMK FG8 DENSITY ALT -259FT FST OBS SLP087
CYAW,2023-06-09 10:00,-63.4994,44.6397,CYAW 091000Z 00000KT 0SM FG VV001 09/09 A2979 RMK FG8 DENSITY ALT -286FT SLP088
CYAW,2023-06-09 10:34,-63.4994,44.6397,CYAW 091034Z 00000KT 1/2SM FG OVC003 10/10 A2979 RMK FG4ST4 DENSITY ALT -180FT VIS VRB 1/4-3/4 CIG PDMTLY TRANSPARENT SLP087
CYAW,2023-06-09 11:00,-63.4994,44.6397,CYAW 091100Z 00000KT 6SM BR OVC003 10/10 A2979 RMK FG2ST6 DENSITY ALT -102FT CIG PDMTLY TRANSPARENT VIS LWR SE-W SLP087
CYAW,2023-06-09 11:37,-63.4994,44.6397,CYAW 091137Z 00000KT 12SM FEW003 FEW080 OVC250 11/11 A2978 RMK SF1AC2CS6 DENSITY ALT 3FT VIS LWR VIS LWR S-W SLP084
CYAW,2023-06-09 12:00,-63.4994,44.6397,CYAW 091200Z 00000KT 15SM FEW003 FEW080 BKN250 12/12 A2978 RMK SF1AC1CS6 DENSITY ALT 109FT VIS LWR S SF TR SLP084
CYAW,2023-06-09 13:00,-63.4994,44.6397,CYAW 091300Z 00000KT 15SM FEW020 FEW080 FEW250 15/11 A2978 RMK CF1AC1CI1 DENSITY ALT 496FT VIS LWR SE-S CF TR SLP085
CYAW,2023-06-09 14:00,-63.4994,44.6397,CYAW 091400Z 00000KT 15SM FEW030 BKN250 16/10 A2977 RMK CF1CI5 DENSITY ALT 570FT SLP081
CYAW,2023-06-09 15:00,-63.4994,44.6397,CYAW 091500Z 15008KT 15SM FEW003 FEW030 BKN250 14/10 A2977 RMK SF1CU2CI4 DENSITY ALT 415FT FG BANK SE-S VIS LWR SE-S SLP081
CYAW,2023-06-09 16:00,-63.4994,44.6397,CYAW 091600Z 16010KT 15SM FEW004 FEW030 BKN250 14/09 A2976 RMK SF1CU1CI6 DENSITY ALT 443FT FG BANK SE-S VIS LWR SE-S SLP078
CYAW,2023-06-09 17:00,-63.4994,44.6397,CYAW 091700Z 17007KT 15SM FEW030 BKN250 15/11 A2974 RMK CU1CI5 DENSITY ALT 598FT SLP072
CYAW,2023-06-09 18:00,-63.4994,44.6397,CYAW 091800Z 16010KT 15SM FEW040 SCT250 16/10 A2972 RMK CU1CI4 DENSITY ALT 728FT SLP066
CYAW,2023-06-09 18:30,-63.4994,44.6397,CYAW 091830Z 17010KT 15SM FEW040 SCT250 17/09 A2972 RMK CU1CI4 DENSITY ALT 773FT LAST OBS/ NXT 100900 UTC SLP064
CYAW,2023-06-10 09:00,-63.4994,44.6397,CYAW 100900Z 00000KT 12SM BKN012 BKN100 11/11 A2969 RMK SC5AC2 DENSITY ALT 67FT FST OBS SLP055
CYAW,2023-06-10 09:34,-63.4994,44.6397,CYAW 100934Z 00000KT 12SM SCT013 BKN100 10/10 A2969 RMK SC4AC3 DENSITY ALT 54FT SLP056
CYAW,2023-06-10 10:00,-63.4994,44.6397,CYAW 101000Z 00000KT 12SM SCT013 BKN100 11/11 A2969 RMK SC3AC4 DENSITY ALT 106FT SLP055
CYAW,2023-06-10 10:16,-63.4994,44.6397,CYAW 101016Z 00000KT 12SM BKN005 BKN013 OVC100 11/11 A2969 RMK SF6SC1AC1 DENSITY ALT 106FT SLP055
CYAW,2023-06-10 11:00,-63.4994,44.6397,CYAW 101100Z 00000KT 6SM BR OVC003 11/11 A2970 RMK SF8 DENSITY ALT 134FT SLP057
CYAW,2023-06-10 12:00,-63.4994,44.6397,CYAW 101200Z 00000KT 8SM OVC004 12/11 A2969 RMK SF8 DENSITY ALT 207FT SLP055
CYAW,2023-06-10 12:23,-63.4994,44.6397,CYAW 101223Z 00000KT 8SM OVC006 12/11 A2970 RMK SF8 DENSITY ALT 232FT SLP057
CYAW,2023-06-10 13:00,-63.4994,44.6397,CYAW 101300Z 00000KT 8SM OVC009 12/11 A2970 RMK SF8 DENSITY ALT 291FT SLP057
CYAW,2023-06-10 13:16,-63.4994,44.6397,CYAW 101316Z 00000KT 8SM FEW009 OVC011 13/11 A2970 RMK SF1SC7 DENSITY ALT 303FT VIS LWR SW SLP058
CYAW,2023-06-10 14:00,-63.4994,44.6397,CYAW 101400Z 00000KT 8SM SCT003 OVC013 11/11 A2969 RMK SF3SC5 DENSITY ALT 184FT VIS LWR S QUAD SLP056
CYAW,2023-06-10 14:41,-63.4994,44.6397,CYAW 101441Z 18004KT 3/4SM BR OVC001 11/11 A2969 RMK ST8 DENSITY ALT 106FT SLP055
CYAW,2023-06-10 15:00,-63.4994,44.6397,CYAW 101500Z 18004KT 1SM BR OVC001 11/11 A2969 RMK ST8 DENSITY ALT 81FT VIS VRB 3/4-1 1/2 SLP055
CYAW,2023-06-10 16:00,-63.4994,44.6397,CYAW 101600Z 18005KT 5/8SM BR OVC001 10/10 A2969 RMK ST8 DENSITY ALT 15FT SLP055
CYAW,2023-06-10 16:20,-63.4994,44.6397,CYAW 101620Z 18004KT 1SM BR OVC002 10/10 A2968 RMK ST8 DENSITY ALT 66FT VIS VRB 3/4-1 1/2 SLP053
CYAW,2023-06-10 16:35,-63.4994,44.6397,CYAW 101635Z 00000KT 6SM BR BKN002 OVC019 11/11 A2968 RMK SF6SC2 DENSITY ALT 118FT VIS LWR S QUAD SLP052
CYAW,2023-06-10 17:00,-63.4994,44.6397,CYAW 101700Z 00000KT 12SM SCT019 BKN075 12/11 A2968 RMK SC3AC4 DENSITY ALT 231FT VIS LWR S SLP050
CYAW,2023-06-10 18:00,-63.4994,44.6397,CYAW 101800Z 26003KT 12SM -SHRA FEW020 BKN070 14/12 A2966 RMK SC1AC6 DENSITY ALT 487FT LAST OBS /NEXT 121000 UTC SLP044
CYAW,2023-06-12 10:00,-63.4994,44.6397,CYAW 121000Z 29010KT 15SM FEW240 17/11 A2984 RMK CI1 DENSITY ALT 667FT FST OBS SLP106
CYAW,2023-06-12 11:00,-63.4994,44.6397,CYAW 121100Z 30009KT 15SM FEW250 19/12 A2984 RMK CI1 DENSITY ALT 872FT SLP106
CYAW,2023-06-12 12:00,-63.4994,44.6397,CYAW 121200Z 30009KT 15SM SCT240 21/12 A2985 RMK CI3 DENSITY ALT 1136FT SLP108
CYAW,2023-06-12 13:00,-63.4994,44.6397,CYAW 121300Z 29009KT 15SM SCT240 23/12 A2985 RMK CI3 DENSITY ALT 1401FT SLP109
CYAW,2023-06-12 14:00,-63.4994,44.6397,CYAW 121400Z 29012KT 12SM SCT240 25/10 A2985 RMK CI4 DENSITY ALT 1596FT SLP107
CYAW,2023-06-12 15:00,-63.4994,44.6397,CYAW 121500Z 30012KT 15SM FEW025 BKN240 26/09 A2984 RMK CU1CI5 DENSITY ALT 1677FT SLP106
CYAW,2023-06-12 16:00,-63.4994,44.6397,CYAW 121600Z 30009G16KT 15SM FEW025 BKN240 27/10 A2984 RMK CU1CI6 DENSITY ALT 1795FT SLP105
CYAW,2023-06-12 17:00,-63.4994,44.6397,CYAW 121700Z 29012KT 15SM FEW025 BKN240 27/10 A2983 RMK CU1CI6 DENSITY ALT 1871FT SLP101
CYAW,2023-06-12 18:00,-63.4994,44.6397,CYAW 121800Z 30012KT 15SM FEW025 BKN240 28/09 A2982 RMK CU1CI7 DENSITY ALT 1911FT SLP099
CYAW,2023-06-12 19:00,-63.4994,44.6397,CYAW 121900Z 31011KT 15SM FEW030 BKN250 28/09 A2981 RMK CU1CI7 DENSITY ALT 1954FT SLP094
CYAW,2023-06-12 20:00,-63.4994,44.6397,CYAW 122000Z 21009KT 15SM FEW050 BKN250 26/11 A2980 RMK CU1CI6 DENSITY ALT 1790FT SLP092
CYAW,2023-06-12 21:00,-63.4994,44.6397,CYAW 122100Z 21007KT 15SM FEW050 BKN250 26/12 A2979 RMK CU1CI6 DENSITY ALT 1825FT SLP089
CYAW,2023-06-12 22:00,-63.4994,44.6397,CYAW 122200Z 22004KT 15SM FEW050 SCT250 25/11 A2980 RMK CU1CI4 DENSITY ALT 1688FT SLP092
CYAW,2023-06-12 23:00,-63.4994,44.6397,CYAW 122300Z 24006KT 15SM FEW250 24/11 A2982 RMK CI2 DENSITY ALT 1514FT SLP097
CYAW,2023-06-13 00:00,-63.4994,44.6397,CYAW 130000Z 26006KT 15SM FEW040 SCT240 22/11 A2983 RMK SC1CC3 DENSITY ALT 1237FT SLP102
CYAW,2023-06-13 01:00,-63.4994,44.6397,CYAW 130100Z 29007KT 15SM FEW040 FEW240 21/10 A2985 RMK SC1CI2 DENSITY ALT 1114FT SLP107
CYAW,2023-06-13 02:00,-63.4994,44.6397,CYAW 130200Z 32005KT 15SM FEW240 17/10 A2986 RMK CI2 DENSITY ALT 612FT SLP112
CYAW,2023-06-13 02:28,-63.4994,44.6397,CYAW 130228Z 31005KT 15SM FEW240 17/10 A2986 RMK CI1 DENSITY ALT 679FT LAST OBS /NEXT 131100 UTC SLP111
CYAW,2023-06-13 10:00,-63.4994,44.6397,CYAW 131000Z 00000KT 12SM FEW240 14/13 A2984 RMK CI1 DENSITY ALT 316FT FST OBS SLP106
CYAW,2023-06-13 11:00,-63.4994,44.6397,CYAW 131100Z 06002KT 12SM FEW240 18/13 A2984 RMK CI1 DENSITY ALT 785FT SLP105
CYAW,2023-06-13 12:00,-63.4994,44.6397,CYAW 131200Z 19002KT 12SM FEW240 17/13 A2985 RMK CI1 DENSITY ALT 698FT SLP107
CYAW,2023-06-13 13:00,-63.4994,44.6397,CYAW 131300Z 20006KT 12SM FEW240 21/14 A2984 RMK CI1 DENSITY ALT 1173FT SLP104
CYAW,2023-06-13 14:00,-63.4994,44.6397,CYAW 131400Z 18003KT 12SM FEW240 22/15 A2984 RMK CI2 DENSITY ALT 1340FT SLP104
CYAW,2023-06-13 15:00,-63.4994,44.6397,CYAW 131500Z 13006KT 12SM SCT240 23/14 A2984 RMK CI3 DENSITY ALT 1415FT SLP103
CYAW,2023-06-13 16:00,-63.4994,44.6397,CYAW 131600Z 16009KT 12SM BKN240 22/13 A2984 RMK CI5 DENSITY ALT 1239FT SLP106
CYAW,2023-06-13 17:00,-63.4994,44.6397,CYAW 131700Z 17008KT 12SM BKN240 22/13 A2984 RMK CI6 DENSITY ALT 1306FT SLP104
CYAW,2023-06-13 18:00,-63.4994,44.6397,CYAW 131800Z 16012KT 12SM BKN240 20/13 A2984 RMK CI7 DENSITY ALT 1086FT SLP104
CYAW,2023-06-13 19:00,-63.4994,44.6397,CYAW 131900Z 16010KT 12SM BKN240 19/15 A2982 RMK CI7 DENSITY ALT 1001FT SLP100
CYAW,2023-06-13 20:00,-63.4994,44.6397,CYAW 132000Z 19004KT 12SM BKN240 20/15 A2981 RMK CI7 DENSITY ALT 1125FT SLP096
CYAW,2023-06-13 21:00,-63.4994,44.6397,CYAW 132100Z 17004KT 12SM BKN240 20/16 A2981 RMK CI7 DENSITY ALT 1137FT SLP094
CYAW,2023-06-13 22:00,-63.4994,44.6397,CYAW 132200Z 16006KT 12SM FEW020 OVC240 19/16 A2980 RMK SC1CI8 DENSITY ALT 1066FT SLP093
CYAW,2023-06-13 23:00,-63.4994,44.6397,CYAW 132300Z 16006KT 12SM BKN240 15/14 A2981 RMK CI7 DENSITY ALT 547FT FG BANK S SLP094
CYAW,2023-06-14 00:00,-63.4994,44.6397,CYAW 140000Z 17005KT 12SM BKN200 14/13 A2981 RMK CC6 DENSITY ALT 427FT SLP095
CYAW,2023-06-14 01:00,-63.4994,44.6397,CYAW 140100Z 14003KT 12SM FEW180 13/12 A2983 RMK AC1 DENSITY ALT 189FT SLP102
CYAW,2023-06-14 02:00,-63.4994,44.6397,CYAW 140200Z 13003KT 12SM SCT180 11/11 A2983 RMK AC3 DENSITY ALT -28FT LAST OBS /NEXT 141100 UTC SLP103
CYAW,2023-06-14 11:00,-63.4994,44.6397,CYAW 141100Z 10013G22KT 3/4SM -SHRA BR OVC001 12/12 A2972 RMK ST8 DENSITY ALT 271FT VIS VRB 1/2-1 FST OBS SLP064
CYAW,2023-06-14 12:00,-63.4994,44.6397,CYAW 141200Z 10009G17KT 3/4SM -DZ BR OVC001 12/12 A2971 RMK ST8 DENSITY ALT 229FT VIS VRB 1/2-1 SLP063
CYAW,2023-06-14 13:00,-63.4994,44.6397,CYAW 141300Z 10007KT 5/8SM -DZ BR OVC001 12/12 A2970 RMK ST8 DENSITY ALT 307FT VIS VRB 3/8-1 SLP058
CYAW,2023-06-14 14:00,-63.4994,44.6397,CYAW 141400Z 10008G16KT 5/8SM -SHRA BR OVC002 13/13 A2969 RMK ST8 DENSITY ALT 345FT VIS VRB 3/8-1 SLP056
CYAW,2023-06-14 15:00,-63.4994,44.6397,CYAW 141500Z 09009G18KT 3/4SM -DZ BR OVC001 13/13 A2966 RMK ST8 DENSITY ALT 367FT SLP046
CYAW,2023-06-14 15:30,-63.4994,44.6397,CYAW 141530Z 10009KT 1SM BR OVC001 13/13 A2966 RMK ST8 DENSITY ALT 393FT VIS VRB 3/4-1 1/2 SLP046
CYAW,2023-06-14 16:00,-63.4994,44.6397,CYAW 141600Z 09010G20KT 3/4SM BR OVC001 12/12 A2966 RMK ST8 DENSITY ALT 327FT SLP044
CYAW,2023-06-14 16:23,-63.4994,44.6397,CYAW 141623Z 10007G17KT 5/8SM BR OVC001 12/12 A2966 RMK ST8 DENSITY ALT 314FT SLP045
CYAW,2023-06-14 16:33,-63.4994,44.6397,CYAW 141633Z 10010G17KT 3/8SM FG VV001 12/12 A2966 RMK FG8 DENSITY ALT 274FT SLP044
CYAW,2023-06-14 17:00,-63.4994,44.6397,CYAW 141700Z 11007KT 1/4SM -DZ FG VV001 12/12 A2965 RMK FG8 DENSITY ALT 312FT SLP042
CYAW,2023-06-14 17:24,-63.4994,44.6397,CYAW 141724Z 11006KT 3/4SM -SHRA BR OVC001 12/12 A2965 RMK SF8 DENSITY ALT 272FT VIS VRB 1/2-1 SLP041
CYAW,2023-06-14 18:00,-63.4994,44.6397,CYAW 141800Z 09005KT 3/4SM -SHRA BR OVC001 12/12 A2963 RMK SF8 DENSITY ALT 335FT VIS VRB 1/2-1 SLP036
CYAW,2023-06-14 19:00,-63.4994,44.6397,CYAW 141900Z 09004KT 3/4SM -SHRA BR OVC001 12/12 A2963 RMK SF8 DENSITY ALT 362FT LAST OBS /NEXT 150900 UTC SLP034
CYAW,2023-06-15 09:00,-63.4994,44.6397,CYAW 150900Z 18002KT 1/8SM FG VV001 10/10 A2964 RMK FG8 DENSITY ALT 20FT FST OBS SLP037
CYAW,2023-06-15 10:00,-63.4994,44.6397,CYAW 151000Z 16004KT 1/8SM FG VV001 10/10 A2964 RMK FG8 DENSITY ALT 46FT SLP039
CYAW,2023-06-15 11:00,-63.4994,44.6397,CYAW 151100Z 13003KT 1/2SM FG VV001 11/11 A2965 RMK FG8 DENSITY ALT 127FT VIS VRB 3/8-5/8 SLP040
CYAW,2023-06-15 12:00,-63.4994,44.6397,CYAW 151200Z 09003KT 1/4SM FG VV001 11/11 A2963 RMK FG8 DENSITY ALT 216FT VIS VRB 1/8-3/8 SLP036
CYAW,2023-06-15 12:26,-63.4994,44.6397,CYAW 151226Z 09004KT 2SM BR OVC003 12/12 A2963 RMK SF8 DENSITY ALT 322FT VIS LWR NE QUAD SLP035
CYAW,2023-06-15 13:00,-63.4994,44.6397,CYAW 151300Z 11002KT 2SM BR OVC002 12/12 A2963 RMK SF8 DENSITY ALT 362FT VIS LWR NE QUAD SLP033
CYAW,2023-06-15 14:00,-63.4994,44.6397,CYAW 151400Z 13005KT 4SM BR BKN005 OVC100 14/14 A2963 RMK SF6AC2 DENSITY ALT 624FT SLP034
CYAW,2023-06-15 14:28,-63.4994,44.6397,CYAW 151428Z 10004KT 4SM BR OVC003 13/13 A2963 RMK SF8 DENSITY ALT 494FT VIS LWR NE SLP036
CYAW,2023-06-15 15:00,-63.4994,44.6397,CYAW 151500Z 09005KT 8SM OVC005 15/14 A2962 RMK SF8 DENSITY ALT 678FT VIS LWR SW SLP032
CYAW,2023-06-15 16:00,-63.4994,44.6397,CYAW 151600Z 10006KT 12SM BKN006 BKN100 17/15 A2961 RMK SF5AC1 DENSITY ALT 963FT VIS LWR SW SLP027
CYAW,2023-06-15 16:30,-63.4994,44.6397,CYAW 151630Z 12008KT 12SM FEW007 FEW045 BKN120 17/14 A2960 RMK ST1CU1AC4 DENSITY ALT 970FT CU TR VIS LWR SW SLP025
CYAW,2023-06-15 17:00,-63.4994,44.6397,CYAW 151700Z 11008KT 12SM FEW008 FEW029 SCT046 BKN075 16/14 A2960 RMK SF1CU1SC3AC3 DENSITY ALT 859FT VIS LWR SW SLP023
CYAW,2023-06-15 18:00,-63.4994,44.6397,CYAW 151800Z 10009G16KT 12SM FEW009 BKN030 BKN075 15/13 A2958 RMK SF1SC7AC1 DENSITY ALT 816FT VIS LWR SW SLP017
CYAW,2023-06-15 18:41,-63.4994,44.6397,CYAW 151841Z CCA 10009G17KT 12SM BKN006 OVC013 15/13 A2958 RMK SF7SC1 DENSITY ALT 721FT LAST OBS /NEXT 160900 UTC SLP017
CYAW,2023-06-16 09:00,-63.4994,44.6397,CYAW 160900Z 30003KT 15SM SCT007 BKN013 14/14 A2965 RMK SF3SC4 DENSITY ALT 524FT FST OBS SLP041
CYAW,2023-06-16 10:00,-63.4994,44.6397,CYAW 161000Z 21004KT 15SM OVC010 14/14 A2967 RMK SF8 DENSITY ALT 501FT SLP049
CYAW,2023-06-16 11:00,-63.4994,44.6397,CYAW 161100Z 20005KT 15SM OVC010 14/14 A2969 RMK SF8 DENSITY ALT 504FT SLP056
CYAW,2023-06-16 12:00,-63.4994,44.6397,CYAW 161200Z 24007KT 15SM BKN010 15/14 A2970 RMK SF7 DENSITY ALT 685FT SLP059
CYAW,2023-06-16 13:00,-63.4994,44.6397,CYAW 161300Z 34004KT 15SM BKN015 17/15 A2970 RMK SC5 DENSITY ALT 922FT SLP058
CYAW,2023-06-16 14:00,-63.4994,44.6397,CYAW 161400Z 18007KT 15SM BKN015 17/14 A2973 RMK SC5 DENSITY ALT 867FT SLP067
CYAW,2023-06-16 15:00,-63.4994,44.6397,CYAW 161500Z 17005KT 15SM FEW017 SCT250 18/15 A2973 RMK SC1CI2 DENSITY ALT 954FT SLP068
CYAW,2023-06-16 16:00,-63.4994,44.6397,CYAW 161600Z 17006KT 15SM FEW020 SCT250 17/14 A2973 RMK SC1CI4 DENSITY ALT 888FT FG BANK S SLP068
CYAW,2023-06-16 17:00,-63.4994,44.6397,CYAW 161700Z CCA 17009KT 15SM FEW030 SCT250 18/14 A2974 RMK SC1CI2 DENSITY ALT 935FT FG BANK S SLP071
CYAW,2023-06-16 18:00,-63.4994,44.6397,CYAW 161800Z 20009KT 15SM FEW030 SCT250 19/14 A2974 RMK SC1CI2 DENSITY ALT 1012FT LAST OBS /NEXT 190900 UTC SLP073
CYAW,2023-06-19 09:00,-63.4994,44.6397,CYAW 190900Z 34009KT 15SM SCT010 BKN022 BKN180 12/12 A2985 RMK SF4SC2AC1 DENSITY ALT 54FT FST OBS SLP109
CYAW,2023-06-19 10:00,-63.4994,44.6397,CYAW 191000Z 32010KT 15SM BKN006 BKN022 12/12 A2989 RMK SF6SC1 DENSITY ALT 61FT SLP122
CYAW,2023-06-19 11:00,-63.4994,44.6397,CYAW 191100Z 33011KT 15SM BKN010 OVC022 12/12 A2991 RMK SF7SC1 DENSITY ALT 60FT CIG VRB 7-13 SLP129
CYAW,2023-06-19 11:47,-63.4994,44.6397,CYAW 191147Z 34011G17KT 15SM BKN008 BKN012 12/12 A2991 RMK SF5SC2 DENSITY ALT 33FT SLP130
CYAW,2023-06-19 12:00,-63.4994,44.6397,CYAW 191200Z 33008KT 15SM BKN009 OVC012 13/12 A2993 RMK SF5SC3 DENSITY ALT 85FT SLP135
CYAW,2023-06-19 13:00,-63.4994,44.6397,CYAW 191300Z 33009G17KT 15SM BKN009 OVC015 13/12 A2994 RMK SF7SC1 DENSITY ALT 141FT SLP139
CYAW,2023-06-19 14:00,-63.4994,44.6397,CYAW 191400Z 33008KT 15SM OVC013 14/12 A2996 RMK SC8 DENSITY ALT 179FT CIG VRB 9-17 SLP145
CYAW,2023-06-19 15:00,-63.4994,44.6397,CYAW 191500Z 32010KT 15SM OVC015 15/12 A2997 RMK SC8 DENSITY ALT 250FT SLP149
CYAW,2023-06-19 16:00,-63.4994,44.6397,CYAW 191600Z 32011G16KT 15SM BKN017 16/12 A2998 RMK SC7 DENSITY ALT 365FT SLP152
CYAW,2023-06-19 17:00,-63.4994,44.6397,CYAW 191700Z 32011KT 15SM OVC019 15/11 A2999 RMK SC8 DENSITY ALT 272FT SLP157
CYAW,2023-06-19 18:00,-63.4994,44.6397,CYAW 191800Z 34011G16KT 15SM OVC016 15/11 A3001 RMK SC8 DENSITY ALT 190FT SLP164
CYAW,2023-06-19 19:00,-63.4994,44.6397,CYAW 191900Z 01010KT 15SM BKN017 OVC025 16/11 A3001 RMK SC5SC3 DENSITY ALT 331FT SLP162
CYAW,2023-06-19 20:00,-63.4994,44.6397,CYAW 192000Z CCA 36010G21KT 15SM OVC025 15/10 A3001 RMK SC8 DENSITY ALT 202FT LAST OBS/ NXT 200900 UTC SLP163
CYAW,2023-06-20 09:00,-63.4994,44.6397,CYAW 200900Z 33007KT 15SM BKN014 OVC045 09/08 A3017 RMK SC6SC2 DENSITY ALT -708FT FST OBS SLP217
CYAW,2023-06-20 10:00,-63.4994,44.6397,CYAW 201000Z 35010KT 15SM BKN014 BKN042 10/08 A3018 RMK SC5SC2 DENSITY ALT -631FT SLP220
CYAW,2023-06-20 11:00,-63.4994,44.6397,CYAW 201100Z 36008KT 15SM BKN014 OVC042 10/08 A3019 RMK SC7SC1 DENSITY ALT -554FT SLP223
CYAW,2023-06-20 12:00,-63.4994,44.6397,CYAW 201200Z 33012G19KT 15SM BKN014 OVC040 11/09 A3019 RMK SC7SC1 DENSITY ALT -441FT SLP225
CYAW,2023-06-20 13:00,-63.4994,44.6397,CYAW 201300Z 35012KT 15SM BKN015 OVC040 12/09 A3019 RMK SC7SC1 DENSITY ALT -319FT SLP226
CYAW,2023-06-20 14:00,-63.4994,44.6397,CYAW 201400Z 33016KT 15SM OVC018 13/09 A3020 RMK SC8 DENSITY ALT -242FT SLP227
CYAW,2023-06-20 15:00,-63.4994,44.6397,CYAW 201500Z 34009G16KT 15SM BKN020 13/09 A3021 RMK SC7 DENSITY ALT -192FT SLP231
CYAW,2023-06-20 16:00,-63.4994,44.6397,CYAW 201600Z 34011G18KT 15SM BKN022 14/10 A3022 RMK SC7 DENSITY ALT -83FT SLP233
CYAW,2023-06-20 17:00,-63.4994,44.6397,CYAW 201700Z 36011KT 15SM BKN030 16/10 A3021 RMK SC7 DENSITY ALT 145FT SLP230
CYAW,2023-06-20 18:00,-63.4994,44.6397,CYAW 201800Z 36009G18KT 15SM BKN033 18/10 A3021 RMK SC6 DENSITY ALT 316FT SLP232
CYAW,2023-06-20 19:00,-63.4994,44.6397,CYAW 201900Z 02014G20KT 15SM BKN031 17/10 A3021 RMK SC5 DENSITY ALT 255FT SLP231
CYAW,2023-06-20 19:34,-63.4994,44.6397,CYAW 201934Z 01012G18KT 15SM SCT031 17/10 A3021 RMK SC4 DENSITY ALT 293FT LAST OBS /NEXT 210900 UTC SLP231
CYAW,2023-06-21 09:00,-63.4994,44.6397,CYAW 210900Z 35004KT 15SM FEW240 09/09 A3030 RMK CI1 DENSITY ALT -792FT FST OBS SLP261
CYAW,2023-06-21 10:00,-63.4994,44.6397,CYAW 211000Z 34004KT 15SM SKC 11/10 A3030 RMK DENSITY ALT -576FT SLP261
CYAW,2023-06-21 11:00,-63.4994,44.6397,CYAW 211100Z 32006KT 15SM SKC 13/11 A3031 RMK DENSITY ALT -328FT SLP265
CYAW,2023-06-21 12:00,-63.4994,44.6397,CYAW 211200Z 30003KT 15SM SKC 16/10 A3033 RMK DENSITY ALT -32FT SLP270
CYAW,2023-06-21 13:00,-63.4994,44.6397,CYAW 211300Z 31004KT 15SM FEW250 18/10 A3032 RMK CI1 DENSITY ALT 279FT SLP269
CYAW,2023-06-21 14:00,-63.4994,44.6397,CYAW 211400Z 34005KT 15SM FEW020 FEW250 20/08 A3032 RMK CF1CI1 DENSITY ALT 412FT SLP268
CYAW,2023-06-21 15:00,-63.4994,44.6397,CYAW 211500Z 19006KT 15SM FEW020 FEW250 20/10 A3031 RMK CU1CI1 DENSITY ALT 437FT SLP264
CYAW,2023-06-21 16:00,-63.4994,44.6397,CYAW 211600Z 18008KT 15SM FEW020 FEW250 19/09 A3030 RMK CU1CI1 DENSITY ALT 393FT SLP261
CYAW,2023-06-21 17:00,-63.4994,44.6397,CYAW 211700Z 18008KT 15SM FEW030 FEW250 20/07 A3028 RMK CU1CI1 DENSITY ALT 443FT SLP256
CYAW,2023-06-21 18:00,-63.4994,44.6397,CYAW 211800Z 17010KT 15SM FEW040 20/08 A3027 RMK CU1 DENSITY ALT 460FT SLP252
CYAW,2023-06-21 19:00,-63.4994,44.6397,CYAW 211900Z 20006G17KT 15SM FEW040 FEW250 21/09 A3027 RMK CU1CI1 DENSITY ALT 585FT SLP250
CYAW,2023-06-21 19:38,-63.4994,44.6397,CYAW 211938Z 19009KT 15SM FEW040 FEW250 20/08 A3027 RMK CU1CI1 DENSITY ALT 545FT LAST OBS /NEXT 220900 UTC SLP250
CYAW,2023-06-22 09:00,-63.4994,44.6397,CYAW 220900Z 30004KT 15SM SCT240 13/09 A3023 RMK CI3 DENSITY ALT -315FT FST OBS SLP238
CYAW,2023-06-22 10:00,-63.4994,44.6397,CYAW 221000Z 30004KT 15SM FEW240 15/10 A3024 RMK CI2 DENSITY ALT -39FT SLP239
CYAW,2023-06-22 11:00,-63.4994,44.6397,CYAW 221100Z 29005KT 15SM FEW240 17/11 A3024 RMK CI2 DENSITY ALT 244FT SLP241
CYAW,2023-06-22 12:00,-63.4994,44.6397,CYAW 221200Z 28005KT 15SM FEW240 20/12 A3024 RMK CI2 DENSITY ALT 537FT SLP240
CYAW,2023-06-22 13:00,-63.4994,44.6397,CYAW 221300Z 24005KT 15SM FEW250 22/13 A3023 RMK CI1 DENSITY ALT 862FT SLP238
CYAW,2023-06-22 14:00,-63.4994,44.6397,CYAW 221400Z 24004KT 15SM FEW240 24/13 A3023 RMK CI2 DENSITY ALT 1017FT SLP236
CYAW,2023-06-22 15:00,-63.4994,44.6397,CYAW 221500Z 24004KT 15SM FEW030 FEW250 25/14 A3022 RMK CU1CI1 DENSITY ALT 1253FT SLP232
CYAW,2023-06-22 16:00,-63.4994,44.6397,CYAW 221600Z 19009KT 15SM FEW030 FEW250 26/14 A3020 RMK CF1CI1 DENSITY ALT 1309FT SLP228
CYAW,2023-06-22 17:00,-63.4994,44.6397,CYAW 221700Z 23010G16KT 15SM FEW040 FEW250 26/12 A3019 RMK CU1CI1 DENSITY ALT 1313FT SLP223
CYAW,2023-06-22 18:00,-63.4994,44.6397,CYAW 221800Z 22009KT 15SM FEW050 FEW250 25/13 A3018 RMK CU1CI1 DENSITY ALT 1274FT SLP221
CYAW,2023-06-22 19:00,-63.4994,44.6397,CYAW 221900Z CCA 23011G19KT 15SM FEW060 FEW250 25/12 A3017 RMK SC1CI1 DENSITY ALT 1223FT LAST OBS /NEXT 231100 UTC SLP215
CYAW,2023-06-23 11:00,-63.4994,44.6397,CYAW 231100Z 20005KT 15SM FEW140 SCT250 15/09 A3012 RMK AC1CI2 DENSITY ALT 33FT FST OBS SLP199
CYAW,2023-06-23 12:00,-63.4994,44.6397,CYAW 231200Z 22006KT 15SM FEW030 FEW140 FEW250 18/09 A3012 RMK SC1AC1CI1 DENSITY ALT 405FT SLP201
CYAW,2023-06-23 13:00,-63.4994,44.6397,CYAW 231300Z 23005KT 15SM FEW030 FEW140 FEW250 19/08 A3011 RMK SC1AC1CI1 DENSITY ALT 621FT SLP196
CYAW,2023-06-23 14:00,-63.4994,44.6397,CYAW 231400Z 18007KT 15SM FEW030 FEW120 FEW250 20/11 A3010 RMK SC1AC1CI1 DENSITY ALT 769FT SLP193
CYAW,2023-06-23 15:00,-63.4994,44.6397,CYAW 231500Z 24009KT 15SM FEW120 SCT250 22/14 A3008 RMK AC1CI2 DENSITY ALT 999FT SLP186
CYAW,2023-06-23 16:00,-63.4994,44.6397,CYAW 231600Z 19005KT 15SM FEW030 FEW120 SCT250 21/15 A3006 RMK SC1AC1CI2 DENSITY ALT 935FT SC TR SLP180
CYAW,2023-06-23 17:00,-63.4994,44.6397,CYAW 231700Z 18008KT 15SM FEW140 SCT250 20/15 A3003 RMK AC1CI2 DENSITY ALT 883FT SLP171
CYAW,2023-06-23 18:00,-63.4994,44.6397,CYAW 231800Z 16012KT 15SM FEW030 FEW140 SCT250 19/14 A3002 RMK SC1AC1CI2 DENSITY ALT 746FT SC TR SLP166
CYAW,2023-06-23 19:00,-63.4994,44.6397,CYAW 231900Z 16010G16KT 15SM FEW030 FEW140 SCT250 19/15 A3000 RMK SC1AC1CI2 DENSITY ALT 748FT SC TR SLP160
CYAW,2023-06-23 19:49,-63.4994,44.6397,CYAW 231949Z 17008KT 15SM FEW030 FEW140 SCT250 20/15 A2999 RMK SC1AC1CI2 DENSITY ALT 896FT LAST OBS /NEXT 260900 UTC SLP155
CYAW,2023-06-26 09:00,-63.4994,44.6397,CYAW 260900Z 00000KT 3SM BR BCFG OVC005 17/16 A2997 RMK SC8 DENSITY ALT 595FT WIND EST BCFG ALQDS FST OBS SLP150
CYAW,2023-06-26 09:32,-63.4994,44.6397,CYAW 260932Z 00000KT 1 1/2SM PRFG BR OVC004 16/16 A2998 RMK SC8 DENSITY ALT 462FT WIND EST SLP151
CYAW,2023-06-26 10:00,-63.4994,44.6397,CYAW 261000Z 05005KT 1/2SM FG VV002 17/17 A2998 RMK FG8 DENSITY ALT 543FT VIS VRB 3/8-5/8 WIND EST SLP151
CYAW,2023-06-26 10:44,-63.4994,44.6397,CYAW 261044Z 05005KT 3SM BR OVC003 17/17 A2999 RMK SC8 DENSITY ALT 584FT WIND EST SLP157
CYAW,2023-06-26 11:00,-63.4994,44.6397,CYAW 261100Z 05005KT 8SM OVC004 17/17 A3000 RMK SC8 DENSITY ALT 613FT WIND EST SLP158
CYAW,2023-06-26 12:00,-63.4994,44.6397,CYAW 261200Z CCA 09007KT 6SM BR OVC006 18/17 A3001 RMK SF8 DENSITY ALT 639FT WIND EST VIS LWR E-SW SLP164
CYAW,2023-06-26 12:19,-63.4994,44.6397,CYAW 261219Z 09008KT 5/8SM -DZ BR OVC003 16/16 A3002 RMK SF8 DENSITY ALT 430FT VIS VRB 3/8-1 SLP167
CYAW,2023-06-26 13:00,-63.4994,44.6397,CYAW 261300Z 08011G20KT 1SM -DZ BR OVC003 14/14 A3003 RMK SF8 DENSITY ALT 192FT VIS VRB 3/4-1 1/4 SLP171
CYAW,2023-06-26 13:15,-63.4994,44.6397,CYAW 261315Z 08013G28KT 1SM -DZ BR OVC004 15/15 A3004 RMK SF8 DENSITY ALT 247FT VIS VRB 3/4-1 1/4 SLP174
CYAW,2023-06-26 14:00,-63.4994,44.6397,CYAW 261400Z 09017KT 1SM -DZ BR OVC004 13/13 A3006 RMK SF8 DENSITY ALT 12FT VIS VRB 3/4-1 1/4 WIND EST SLP178
CYAW,2023-06-26 14:44,-63.4994,44.6397,CYAW 261444Z 08013G23KT 4SM -DZ BR OVC003 13/13 A3005 RMK SF8 DENSITY ALT -3FT SLP176
CYAW,2023-06-26 15:00,-63.4994,44.6397,CYAW 261500Z 08010G22KT 4SM -DZ BR OVC004 13/13 A3005 RMK SF8 DENSITY ALT 23FT CIG VRB 3-5 SLP177
CYAW,2023-06-26 15:41,-63.4994,44.6397,CYAW 261541Z 08012G21KT 6SM BR OVC007 13/13 A3005 RMK SF8 DENSITY ALT 9FT SLP177
CYAW,2023-06-26 16:00,-63.4994,44.6397,CYAW 261600Z 09017KT 6SM -SHRA BR OVC008 13/13 A3006 RMK SF8 DENSITY ALT 19FT WIND EST SLP179
CYAW,2023-06-26 17:00,-63.4994,44.6397,CYAW 261700Z 09014KT 6SM -DZ BR OVC008 12/12 A3006 RMK SF8 DENSITY ALT -112FT WIND EST SLP180
CYAW,2023-06-26 17:30,-63.4994,44.6397,CYAW 261730Z 09014KT 6SM BR BKN008 OVC011 12/11 A3006 RMK SF7SC1 DENSITY ALT -159FT WIND EST SLP180
CYAW,2023-06-26 18:00,-63.4994,44.6397,CYAW 261800Z 09016KT 6SM BR OVC007 12/11 A3006 RMK SF8 DENSITY ALT -155FT WIND EST SLP179
CYAW,2023-06-26 19:00,-63.4994,44.6397,CYAW 261900Z CCA 08011G20KT 6SM -SHRA BR OVC007 12/11 A3007 RMK SF8 DENSITY ALT -205FT PCPN VRY LGT LAST OBS /NEXT 270900 UTC SLP183
CYAW,2023-06-27 09:00,-63.4994,44.6397,CYAW 270900Z 08006KT 1/4SM -DZ FG VV002 12/12 A3005 RMK FG8 DENSITY ALT -162FT VIS VRB 1/8-3/8 FST OBS SLP177
CYAW,2023-06-27 10:00,-63.4994,44.6397,CYAW 271000Z 10007KT 1/2SM -DZ FG VV003 12/12 A3006 RMK FG8 DENSITY ALT -161FT VIS VRB 3/8-5/8 SLP179
CYAW,2023-06-27 11:00,-63.4994,44.6397,CYAW 271100Z 09006KT 1/2SM -DZ FG VV003 12/12 A3007 RMK FG8 DENSITY ALT -145FT VIS VRB 3/8-5/8 SLP183
CYAW,2023-06-27 12:00,-63.4994,44.6397,CYAW 271200Z 09008KT 1/2SM FG VV003 13/13 A3007 RMK FG8 DENSITY ALT -26FT VIS VRB 3/8-5/8 SLP183
CYAW,2023-06-27 12:22,-63.4994,44.6397,CYAW 271222Z 10007KT 1/4SM FG VV002 13/13 A3007 RMK FG8 DENSITY ALT -53FT VIS VRB 1/8-3/8 SLP183
CYAW,2023-06-27 13:00,-63.4994,44.6397,CYAW 271300Z 10006KT 1/8SM FG VV001 14/14 A3007 RMK FG8 DENSITY ALT 40FT VIS VRB 0-1/4 SLP185
CYAW,2023-06-27 13:20,-63.4994,44.6397,CYAW 271320Z 10007KT 1/8SM -DZ FG VV001 14/14 A3007 RMK FG8 DENSITY ALT 27FT VIS VRB 0-1/4 SLP185
CYAW,2023-06-27 14:00,-63.4994,44.6397,CYAW 271400Z 08006KT 1/4SM -DZ FG VV002 14/14 A3008 RMK FG8 DENSITY ALT 42FT VIS VRB 1/8-3/8 SLP187
CYAW,2023-06-27 14:38,-63.4994,44.6397,CYAW 271438Z 09006KT 5/8SM -DZ BR VV001 14/14 A3008 RMK FG8 DENSITY ALT 107FT SLP186
CYAW,2023-06-27 15:00,-63.4994,44.6397,CYAW 271500Z 10004KT 1/2SM -DZ FG VV001 15/15 A3008 RMK FG8 DENSITY ALT 162FT VIS VRB 1/4-3/4 SLP188
CYAW,2023-06-27 16:00,-63.4994,44.6397,CYAW 271600Z 12005KT 3/4SM -SHRA BR VV001 14/14 A3008 RMK FG8 DENSITY ALT 135FT VIS VRB 1/2-1 CVCTV CLD EMBD SLP186
CYAW,2023-06-27 16:17,-63.4994,44.6397,CYAW 271617Z 12005KT 1/8SM -SHRA FG VV001 14/14 A3008 RMK FG8 DENSITY ALT 95FT SLP188
CYAW,2023-06-27 16:37,-63.4994,44.6397,CYAW 271637Z 12004KT 1/8SM -DZ FG VV001 14/14 A3008 RMK FG8 DENSITY ALT 108FT SLP187
CYAW,2023-06-27 17:00,-63.4994,44.6397,CYAW 271700Z 12005KT 1/4SM -SHRA FG VV001 15/15 A3008 RMK FG8 DENSITY ALT 175FT VIS VRB 1/8-3/8 SLP188
CYAW,2023-06-27 17:31,-63.4994,44.6397,CYAW 271731Z 13005KT 1/8SM FG VV001 16/16 A3008 RMK FG8 DENSITY ALT 308FT SLP187
CYAW,2023-06-27 18:00,-63.4994,44.6397,CYAW 271800Z 15006KT 1/4SM -SHRA FG VV001 16/16 A3008 RMK FG8 DENSITY ALT 360FT VIS VRB 1/8-3/8 SLP187
CYAW,2023-06-27 18:37,-63.4994,44.6397,CYAW 271837Z 17007KT 1/2SM FG VV001 16/16 A3008 RMK FG8 DENSITY ALT 400FT VIS VRB 1/4-3/4 SLP186
CYAW,2023-06-27 19:00,-63.4994,44.6397,CYAW 271900Z 18006KT 5/8SM BR VV002 17/17 A3008 RMK FG8 DENSITY ALT 455FT LAST OBS /NEXT 280900 UTC SLP186
CYAW,2023-06-28 09:00,-63.4994,44.6397,CYAW 280900Z 16008KT 1/8SM FG VV001 15/15 A3008 RMK FG8 DENSITY ALT 241FT FST OBS SLP187
CYAW,2023-06-28 10:00,-63.4994,44.6397,CYAW 281000Z 17007KT 1/8SM FG VV001 15/15 A3008 RMK FG8 DENSITY ALT 215FT SLP187
CYAW,2023-06-28 10:49,-63.4994,44.6397,CYAW 281049Z 18007G16KT 1/8SM -SHRA FG VV001 16/16 A3008 RMK FG8 DENSITY ALT 335FT SLP187
CYAW,2023-06-28 11:00,-63.4994,44.6397,CYAW 281100Z 18007KT 1/8SM FG VV001 16/16 A3008 RMK FG8 DENSITY ALT 335FT SLP187
CYAW,2023-06-28 12:00,-63.4994,44.6397,CYAW 281200Z 19007KT 0SM FG VV000 17/17 A3010 RMK FG8 DENSITY ALT 432FT SLP193
CYAW,2023-06-28 13:00,-63.4994,44.6397,CYAW 281300Z 18006KT 1/8SM FG VV001 17/17 A3010 RMK FG8 DENSITY ALT 459FT SLP194
CYAW,2023-06-28 13:46,-63.4994,44.6397,CYAW 281346Z 20010G17KT 1/4SM FG VV001 17/17 A3011 RMK FG8 DENSITY ALT 476FT CB EMBD 25SM SW-E MOV NE SLP195
CYAW,2023-06-28 14:00,-63.4994,44.6397,CYAW 281400Z 20008KT 1/4SM -SHRA FG VV002 17/17 A3010 RMK FG8 DENSITY ALT 472FT CB EMBD SW-E MOV NE SLP194
CYAW,2023-06-28 14:22,-63.4994,44.6397,CYAW 281422Z 17005KT 1/4SM TS FG VV002 17/17 A3011 RMK FG8 DENSITY ALT 421FT CB OHD MOV NE OCNL LTGCCCG VIS VRB 1/8-3/8 SLP195
CYAW,2023-06-28 14:35,-63.4994,44.6397,CYAW 281435Z 19006KT 1/2SM +TSRA FG OVC002CB 16/16 A3010 RMK CB8 DENSITY ALT 352FT CB OHD MOV NE FRQ LTGCCCG SLP193
CYAW,2023-06-28 15:00,-63.4994,44.6397,CYAW 281500Z 19009KT 1/4SM -SHRA FG VV002 17/17 A3010 RMK FG8 DENSITY ALT 511FT CB W MOV NE SLP193
CYAW,2023-06-28 15:43,-63.4994,44.6397,CYAW 281543Z 18007G16KT 1/8SM FG VV001 17/17 A3010 RMK FG8 DENSITY ALT 407FT CB SW MOV NE SLP193
CYAW,2023-06-28 16:00,-63.4994,44.6397,CYAW 281600Z 17009G16KT 1/8SM FG VV001 17/17 A3010 RMK FG8 DENSITY ALT 405FT CB N QUAD MOV NE SLP192
CYAW,2023-06-28 17:00,-63.4994,44.6397,CYAW 281700Z 18008KT 1/8SM FG VV001 17/17 A3010 RMK FG8 DENSITY ALT 445FT CB EMBD DIST W MOV NE SLP192
CYAW,2023-06-28 17:21,-63.4994,44.6397,CYAW 281721Z CCA 18009KT 5/8SM BR OVC002 17/17 A3009 RMK ST8 DENSITY ALT 524FT VIS VRB 3/8-1 SLP190
CYAW,2023-06-28 18:00,-63.4994,44.6397,CYAW 281800Z 18010G17KT 1/2SM FG OVC002 17/17 A3008 RMK ST8 DENSITY ALT 468FT VIS VRB 3/8-3/4 SLP187
CYAW,2023-06-28 18:24,-63.4994,44.6397,CYAW 281824Z 18009G16KT 1/2SM -SHRA FG OVC001 17/17 A3008 RMK ST8 DENSITY ALT 441FT VIS VRB 3/8-3/4 SLP187
CYAW,2023-06-28 19:00,-63.4994,44.6397,CYAW 281900Z 18009KT 1/2SM FG OVC001 17/17 A3009 RMK ST8 DENSITY ALT 510FT VIS VRB 3/8-3/4 LAST OBS/NXT 301100 UTC SLP189
CYAW,2023-07-04 10:00,-63.4994,44.6397,CYAW 041000Z 20003KT 1/8SM FG VV002 16/16 A2986 RMK FG8 DENSITY ALT 574FT VIS VRB 0-1/4 FST OBS SLP111
CYAW,2023-07-04 10:23,-63.4994,44.6397,CYAW 041023Z 22005KT 3/4SM BR VV002 16/16 A2986 RMK FG8 DENSITY ALT 587FT SLP113
CYAW,2023-07-04 11:00,-63.4994,44.6397,CYAW 041100Z 22003KT 3/4SM BR VV001 16/16 A2986 RMK FG8 DENSITY ALT 600FT SLP112
CYAW,2023-07-04 11:20,-63.4994,44.6397,CYAW 041120Z 21003KT 1/2SM FG VV001 16/16 A2986 RMK FG8 DENSITY ALT 587FT VIS VRB 1/4-3/4 SLP113
CYAW,2023-07-04 12:00,-63.4994,44.6397,CYAW 041200Z 23004KT 1SM BR OVC003 16/16 A2987 RMK ST8 DENSITY ALT 589FT VIS VRB 3/4-1 1/2 SLP116
CYAW,2023-07-04 13:00,-63.4994,44.6397,CYAW 041300Z 24004KT 6SM BR OVC003 16/16 A2987 RMK ST8 DENSITY ALT 642FT SLP117
CYAW,2023-07-04 13:19,-63.4994,44.6397,CYAW 041319Z 26005KT 10SM OVC004 17/17 A2988 RMK SF8 DENSITY ALT 671FT SLP118
CYAW,2023-07-04 14:00,-63.4994,44.6397,CYAW 041400Z 26005KT 12SM -DZ OVC006 17/17 A2988 RMK SF8 DENSITY ALT 764FT SLP119
CYAW,2023-07-04 14:19,-63.4994,44.6397,CYAW 041419Z 26006KT 12SM OVC007 18/18 A2989 RMK SF8 DENSITY ALT 833FT SLP122
CYAW,2023-07-04 14:42,-63.4994,44.6397,CYAW 041442Z 28005KT 10SM -DZ OVC008 19/19 A2989 RMK SF8 DENSITY ALT 1014FT SLP122
CYAW,2023-07-04 15:00,-63.4994,44.6397,CYAW 041500Z 29005KT 12SM BKN008 OVC018 20/20 A2989 RMK SF7SC1 DENSITY ALT 1131FT SLP121
CYAW,2023-07-04 16:00,-63.4994,44.6397,CYAW 041600Z 29007KT 15SM SCT010 BKN025 22/20 A2989 RMK SF3SC4 DENSITY ALT 1335FT SLP121
CYAW,2023-07-04 17:00,-63.4994,44.6397,CYAW 041700Z 26005KT 15SM OVC018 23/20 A2989 RMK SC8 DENSITY ALT 1445FT SLP123
CYAW,2023-07-04 18:00,-63.4994,44.6397,CYAW 041800Z 22008KT 12SM -SHRA FEW008 OVC013 21/21 A2989 RMK SF1SC7 DENSITY ALT 1272FT VIS LWR E-SE SLP123
CYAW,2023-07-04 18:50,-63.4994,44.6397,CYAW 041850Z 25007KT 15SM SCT013 BKN020 23/21 A2989 RMK SC3SC4 DENSITY ALT 1485FT SLP122
CYAW,2023-07-04 19:00,-63.4994,44.6397,CYAW 041900Z 24005KT 15SM SCT014 BKN024 23/21 A2989 RMK SC3SC4 DENSITY ALT 1483FT SLP123
CYAW,2023-07-04 20:00,-63.4994,44.6397,CYAW 042000Z 26006KT 15SM -DZ BKN018 BKN030 23/21 A2990 RMK SC5SC1 DENSITY ALT 1462FT VIRGA SLP126
CYAW,2023-07-04 21:00,-63.4994,44.6397,CYAW 042100Z 23005KT 15SM BKN019 BKN026 23/21 A2990 RMK SC5SC1 DENSITY ALT 1454FT SLP127
CYAW,2023-07-04 22:00,-63.4994,44.6397,CYAW 042200Z 33005KT 15SM FEW024 BKN040 BKN210 24/20 A2990 RMK SC2SC3CI2 DENSITY ALT 1494FT SLP127
CYAW,2023-07-04 23:00,-63.4994,44.6397,CYAW 042300Z 00000KT 15SM BKN022 BKN040 BKN210 21/20 A2991 RMK SC5SC2CI1 DENSITY ALT 1249FT SLP129
CYAW,2023-07-05 00:00,-63.4994,44.6397,CYAW 050000Z 00000KT 15SM FEW020 BKN070 BKN190 20/20 A2992 RMK SC1AC4AC2 DENSITY ALT 1092FT LAST OBS /NEXT 051200 UTC SLP132
CYAW,2023-07-05 12:00,-63.4994,44.6397,CYAW 051200Z 07003KT 5SM -SHRA BR BKN004 OVC012 17/17 A2990 RMK SF6SC2 DENSITY ALT 634FT VIS LWR N FST OBS SLP124
CYAW,2023-07-05 12:22,-63.4994,44.6397,CYAW 051222Z 36004KT 8SM -SHRA BKN003 OVC012 17/17 A2990 RMK SF7SC1 DENSITY ALT 674FT VIS LWR N SLP125
CYAW,2023-07-05 12:41,-63.4994,44.6397,CYAW 051241Z 02003KT 10SM SCT004 BKN035 18/18 A2989 RMK SF4SC3 DENSITY ALT 846FT SLP123
CYAW,2023-07-05 13:00,-63.4994,44.6397,CYAW 051300Z 00000KT 12SM BKN005 OVC035 18/18 A2990 RMK SF6SC2 DENSITY ALT 862FT SLP126
CYAW,2023-07-05 13:38,-63.4994,44.6397,CYAW 051338Z 05006KT 15SM SCT005 BKN130 20/20 A2989 RMK SF3AC4 DENSITY ALT 1115FT SLP122
CYAW,2023-07-05 14:00,-63.4994,44.6397,CYAW 051400Z 24006KT 15SM FEW005 SCT060 BKN140 21/21 A2989 RMK SF1SC3AC3 DENSITY ALT 1273FT SLP122
CYAW,2023-07-05 15:00,-63.4994,44.6397,CYAW 051500Z 02005KT 15SM BKN020 BKN140 23/20 A2990 RMK SC6AC1 DENSITY ALT 1445FT SLP124
CYAW,2023-07-05 16:00,-63.4994,44.6397,CYAW 051600Z 35005KT 15SM BKN020 BKN140 24/20 A2990 RMK SC6AC1 DENSITY ALT 1508FT SLP123
CYAW,2023-07-05 17:00,-63.4994,44.6397,CYAW 051700Z 31007KT 15SM FEW030 BKN120 25/20 A2988 RMK SC2AC5 DENSITY ALT 1660FT SLP119
CYAW,2023-07-05 18:00,-63.4994,44.6397,CYAW 051800Z 30010KT 15SM BKN020 OVC090 25/20 A2989 RMK CU6AC2 DENSITY ALT 1632FT TCU EMBD MOV SE DIST SHRA N QUAD SLP120
CYAW,2023-07-05 18:12,-63.4994,44.6397,CYAW 051812Z 31011KT 10SM -SHRA BKN022 OVC090 24/21 A2989 RMK CU6AC2 DENSITY ALT 1529FT TCU EMBD VIS LWR N SLP122
CYAW,2023-07-05 18:27,-63.4994,44.6397,CYAW 051827Z 34009G15KT 8SM -SHRA FEW020 BKN040TCU OVC090 21/21 A2990 RMK CU2TCU4AC2 DENSITY ALT 1216FT VIS LWR N QUAD SLP124
CYAW,2023-07-05 18:47,-63.4994,44.6397,CYAW 051847Z 05002KT 10SM TSRA BKN020CB OVC090 21/21 A2990 RMK CB6AC2 DENSITY ALT 1169FT CB OHD MOV E SLP125
CYAW,2023-07-05 19:00,-63.4994,44.6397,CYAW 051900Z 16002KT 10SM SCT020 OVC080TCU 21/21 A2990 RMK CU4TCU4 DENSITY ALT 1185FT CB W MOV E ACC EMBD SLP125
CYAW,2023-07-05 19:22,-63.4994,44.6397,CYAW 051922Z 22002KT 10SM -SHRA FEW020 BKN040TCU OVC090 21/21 A2990 RMK CU2TCU4AC2 DENSITY ALT 1212FT ACC EMBD SLP126
CYAW,2023-07-05 20:00,-63.4994,44.6397,CYAW 052000Z 00000KT 10SM -SHRA FEW020 BKN035TCU OVC090 21/21 A2990 RMK CU2TCU3AC3 DENSITY ALT 1251FT SLP123
CYAW,2023-07-05 20:17,-63.4994,44.6397,CYAW 052017Z 31002KT 10SM -SHRA FEW020 BKN035TCU OVC090 22/21 A2989 RMK SC2TCU3AC3 DENSITY ALT 1326FT LAST OBS /NEXT 061200 UTC SLP122
CYAW,2023-07-06 12:00,-63.4994,44.6397,CYAW 061200Z 36005KT 15SM BKN008 20/19 A2996 RMK SF7 DENSITY ALT 1057FT FST OBS SLP147
CYAW,2023-07-06 13:00,-63.4994,44.6397,CYAW 061300Z 35006KT 15SM BKN010 22/19 A2995 RMK SC5 DENSITY ALT 1187FT SLP142
CYAW,2023-07-06 14:00,-63.4994,44.6397,CYAW 061400Z 31004KT 15SM FEW015 SCT250 23/19 A2994 RMK CF1CI3 DENSITY ALT 1377FT SLP138
CYAW,2023-07-06 15:00,-63.4994,44.6397,CYAW 061500Z 27005KT 15SM FEW015 SCT250 25/19 A2993 RMK CF1CI3 DENSITY ALT 1627FT SLP135
CYAW,2023-07-06 16:00,-63.4994,44.6397,CYAW 061600Z 18006KT 15SM FEW035 FEW140 FEW250 24/20 A2992 RMK CF1AC1CI2 DENSITY ALT 1548FT SLP131
CYAW,2023-07-06 17:00,-63.4994,44.6397,CYAW 061700Z 19007KT 15SM FEW050 FEW140 FEW250 25/20 A2991 RMK CU1AC1CI1 DENSITY ALT 1649FT AC TR SLP129
CYAW,2023-07-06 18:00,-63.4994,44.6397,CYAW 061800Z 19008KT 15SM SCT055 26/20 A2991 RMK CU3 DENSITY ALT 1738FT SLP127
CYAW,2023-07-06 19:00,-63.4994,44.6397,CYAW 061900Z 22006KT 15SM FEW055 26/20 A2991 RMK CU2 DENSITY ALT 1809FT SLP128
CYAW,2023-07-06 20:00,-63.4994,44.6397,CYAW 062000Z 23011KT 15SM FEW050TCU SCT250 25/19 A2990 RMK TCU2CI2 DENSITY ALT 1655FT LAST OBS /NEXT 071000 UTC SLP126
CYAW,2023-07-07 10:00,-63.4994,44.6397,CYAW 071000Z 27004KT 12SM BKN250 20/19 A2989 RMK CI7 DENSITY ALT 1115FT FST OBS SLP121
CYAW,2023-07-07 11:00,-63.4994,44.6397,CYAW 071100Z 27005KT 12SM BKN250 21/19 A2990 RMK CI7 DENSITY ALT 1181FT SLP123
CYAW,2023-07-07 12:00,-63.4994,44.6397,CYAW 071200Z 28006KT 15SM BKN250 24/19 A2991 RMK CI7 DENSITY ALT 1461FT SLP127
CYAW,2023-07-07 13:00,-63.4994,44.6397,CYAW 071300Z 29007KT 15SM BKN250 25/19 A2991 RMK CI7 DENSITY ALT 1661FT SLP128
CYAW,2023-07-07 14:00,-63.4994,44.6397,CYAW 071400Z 30009KT 15SM BKN250 27/20 A2990 RMK CI7 DENSITY ALT 1902FT SLP125
CYAW,2023-07-07 15:00,-63.4994,44.6397,CYAW 071500Z 30006KT 15SM OVC250 29/21 A2990 RMK CS8 DENSITY ALT 2153FT HALO LAST OBS /NEXT 101000 UTC SLP124
CYAW,2023-07-10 10:00,-63.4994,44.6397,CYAW 101000Z CCA 08004KT 3/8SM -DZ FG VV003 19/19 A2994 RMK FG8 DENSITY ALT 910FT VIS VRB 1/4-1/2 FST OBS SLP138
CYAW,2023-07-10 11:00,-63.4994,44.6397,CYAW 101100Z 08008KT 3/8SM -DZ FG VV003 19/19 A2995 RMK FG8 DENSITY ALT 858FT VIS VRB 1/4-1/2 SLP143
CYAW,2023-07-10 12:00,-63.4994,44.6397,CYAW 101200Z 08006KT 3/4SM -DZ BR OVC003 19/19 A2996 RMK SF8 DENSITY ALT 900FT VIS VRB 1/2-1 SLP145
CYAW,2023-07-10 12:48,-63.4994,44.6397,CYAW 101248Z CCA 09008G18KT 2 1/2SM -DZ BR BKN003 OVC006 19/19 A2996 RMK ST7ST1 DENSITY ALT 941FT VIS VRB 1 1/2-4 SLP145
CYAW,2023-07-10 13:00,-63.4994,44.6397,CYAW 101300Z 09008G19KT 2 1/2SM -DZ BR BKN003 OVC006 19/19 A2996 RMK ST7ST1 DENSITY ALT 900FT VIS VRB 1 1/2-4 VIS LWR S SLP146
CYAW,2023-07-10 13:16,-63.4994,44.6397,CYAW 101316Z 09007G18KT 10SM BKN004 OVC006 20/20 A2996 RMK ST7ST1 DENSITY ALT 968FT SLP145
CYAW,2023-07-10 14:00,-63.4994,44.6397,CYAW 101400Z 09009G19KT 12SM BKN005 OVC007 20/20 A2996 RMK ST7ST1 DENSITY ALT 1035FT SLP147
CYAW,2023-07-10 15:00,-63.4994,44.6397,CYAW 101500Z 10009G20KT 9SM OVC004 20/20 A2997 RMK SF8 DENSITY ALT 995FT VIS LWR SW SLP149
CYAW,2023-07-10 16:00,-63.4994,44.6397,CYAW 101600Z 09008G17KT 9SM OVC005 20/20 A2997 RMK SF8 DENSITY ALT 1028FT VIS LWR SW SLP149
CYAW,2023-07-10 16:31,-63.4994,44.6397,CYAW 101631Z 09010G20KT 10SM OVC004 19/19 A2997 RMK SF8 DENSITY ALT 922FT VIS LWR SW SLP149
CYAW,2023-07-10 17:00,-63.4994,44.6397,CYAW 101700Z 10007G16KT 10SM OVC005 20/19 A2997 RMK SF8 DENSITY ALT 974FT VIS LWR SW CIG VRB 3-7 SLP148
CYAW,2023-07-10 18:00,-63.4994,44.6397,CYAW 101800Z 07009G15KT 10SM BKN006 OVC014 21/20 A2996 RMK SF7SC1 DENSITY ALT 1122FT VIS LWR SW SLP145
CYAW,2023-07-10 19:00,-63.4994,44.6397,CYAW 101900Z 09011G17KT 12SM OVC007 20/19 A2995 RMK SF8 DENSITY ALT 1013FT VIS LWR SW SLP143
CYAW,2023-07-10 20:00,-63.4994,44.6397,CYAW 102000Z 07009G19KT 12SM OVC007 20/19 A2994 RMK SF8 DENSITY ALT 986FT LAST OBS /NEXT 110900 UTC SLP139
CYAW,2023-07-11 09:00,-63.4994,44.6397,CYAW 110900Z 08013KT 2SM -DZ BR OVC003 16/16 A2989 RMK ST8 DENSITY ALT 512FT FST OBS SLP122
CYAW,2023-07-11 10:00,-63.4994,44.6397,CYAW 111000Z 08012G21KT 3SM -DZ BR OVC003 16/16 A2989 RMK ST8 DENSITY ALT 592FT SLP123
CYAW,2023-07-11 10:40,-63.4994,44.6397,CYAW 111040Z CCA 06010G19KT 2SM -RA BR OVC003 16/16 A2990 RMK ST8 DENSITY ALT 594FT SLP126
CYAW,2023-07-11 11:00,-63.4994,44.6397,CYAW 111100Z 08007KT 2SM -DZ BR OVC003 16/16 A2990 RMK ST8 DENSITY ALT 608FT SLP127
CYAW,2023-07-11 12:00,-63.4994,44.6397,CYAW 111200Z 09012KT 3SM -DZ BR OVC003 17/17 A2990 RMK ST8 DENSITY ALT 634FT SLP126
CYAW,2023-07-11 13:00,-63.4994,44.6397,CYAW 111300Z 09007KT 1 1/2SM -DZ BR OVC002 17/17 A2989 RMK ST8 DENSITY ALT 686FT SLP123
CYAW,2023-07-11 13:41,-63.4994,44.6397,CYAW 111341Z CCA 10006KT 1/4SM -DZ FG VV002 17/17 A2989 RMK FG8 DENSITY ALT 726FT SLP122
CYAW,2023-07-11 14:00,-63.4994,44.6397,CYAW 111400Z 11005KT 1/8SM -DZ FG VV002 17/17 A2990 RMK FG8 DENSITY ALT 728FT VIS VRB 0-1/4 SLP125
CYAW,2023-07-11 15:00,-63.4994,44.6397,CYAW 111500Z 12006KT 1/8SM -DZ FG VV002 18/18 A2990 RMK FG8 DENSITY ALT 795FT LAST OBS /NEXT 121000 UTC SLP126
CYAW,2023-07-12 10:00,-63.4994,44.6397,CYAW 121000Z 00000KT 1/8SM FG VV002 17/17 A2986 RMK FG8 DENSITY ALT 694FT FST OBS SLP111
CYAW,2023-07-12 11:00,-63.4994,44.6397,CYAW 121100Z 00000KT 1/4SM FG VV002 18/18 A2986 RMK FG8 DENSITY ALT 800FT SLP113
CYAW,2023-07-12 11:39,-63.4994,44.6397,CYAW 121139Z 33002KT 3/4SM BR OVC002 19/19 A2987 RMK ST8 DENSITY ALT 950FT VIS VRB 1/2-1 SLP117
CYAW,2023-07-12 12:00,-63.4994,44.6397,CYAW 121200Z CCA 36005KT 6SM BR BKN003 OVC015 20/20 A2987 RMK ST5SC3 DENSITY ALT 1098FT FG OVR APPROACHES SLP116
CYAW,2023-07-12 12:26,-63.4994,44.6397,CYAW 121226Z 05003KT 6SM BR BKN006 OVC014 20/20 A2988 RMK ST5SC3 DENSITY ALT 1086FT SLP119
CYAW,2023-07-12 13:00,-63.4994,44.6397,CYAW 121300Z 00000KT 8SM SCT006 BKN014 20/20 A2988 RMK ST4SC3 DENSITY ALT 1140FT SLP119
CYAW,2023-07-12 14:00,-63.4994,44.6397,CYAW 121400Z 28006KT 10SM SCT006 BKN018 21/21 A2989 RMK ST3SC4 DENSITY ALT 1268FT SLP123
CYAW,2023-07-12 15:00,-63.4994,44.6397,CYAW 121500Z 32004KT 15SM FEW020 BKN220 23/19 A2988 RMK SC2CI4 DENSITY ALT 1575FT SLP120
CYAW,2023-07-12 16:00,-63.4994,44.6397,CYAW 121600Z 19005KT 15SM FEW022 BKN230 23/20 A2989 RMK SC2CC3 DENSITY ALT 1389FT SLP122
CYAW,2023-07-12 17:00,-63.4994,44.6397,CYAW 121700Z 26008KT 15SM FEW024 SCT230 25/20 A2988 RMK SC2CC1 DENSITY ALT 1687FT SLP119
CYAW,2023-07-12 18:00,-63.4994,44.6397,CYAW 121800Z 19005KT 15SM FEW026 FEW230 24/20 A2987 RMK SC1CC1 DENSITY ALT 1544FT SLP116
CYAW,2023-07-12 19:00,-63.4994,44.6397,CYAW 121900Z 24006KT 15SM FEW032 FEW240 26/20 A2987 RMK CF1CI1 DENSITY ALT 1836FT SLP114
CYAW,2023-07-12 20:00,-63.4994,44.6397,CYAW 122000Z 16007KT 15SM FEW035 FEW240 25/20 A2987 RMK CU1CI1 DENSITY ALT 1742FT LAST OBS /NEXT 131000 UTC SLP116
CYAW,2023-07-13 10:00,-63.4994,44.6397,CYAW 131000Z 07002KT 1/8SM FG SKC 16/16 A2998 RMK FG7 DENSITY ALT 449FT VIS VRB 0-1/4 FST OBS SLP151
CYAW,2023-07-13 10:44,-63.4994,44.6397,CYAW 131044Z 28002KT 5SM PRFG BR FEW005 17/17 A2999 RMK SF1 DENSITY ALT 584FT PRFG N-SE SLP156
CYAW,2023-07-13 11:00,-63.4994,44.6397,CYAW 131100Z 00000KT 4SM BR BCFG FEW005 18/18 A2999 RMK SF1 DENSITY ALT 690FT BCFG SE VIS LWR W SLP156
CYAW,2023-07-13 11:17,-63.4994,44.6397,CYAW 131117Z 00000KT 4SM BR FEW005 18/18 A2999 RMK SF1 DENSITY ALT 745FT VIS LWR SE-W SLP157
CYAW,2023-07-13 12:00,-63.4994,44.6397,CYAW 131200Z 14003KT 5SM BR FEW005 19/19 A2999 RMK SF1 DENSITY ALT 866FT VIS LWR S-W SLP157
CYAW,2023-07-13 12:14,-63.4994,44.6397,CYAW 131214Z 16002KT 7SM FEW005 20/20 A2999 RMK SF1 DENSITY ALT 960FT VIS LWR S SLP156
CYAW,2023-07-13 13:00,-63.4994,44.6397,CYAW 131300Z 17005KT 12SM FEW006 FEW250 21/19 A3000 RMK SF1CI1 DENSITY ALT 1058FT SLP160
CYAW,2023-07-13 14:00,-63.4994,44.6397,CYAW 131400Z 20005KT 15SM FEW040 FEW250 21/18 A3001 RMK CU1CI1 DENSITY ALT 1098FT SLP161
CYAW,2023-07-13 15:00,-63.4994,44.6397,CYAW 131500Z 19005KT 15SM FEW040 FEW250 22/19 A3001 RMK CU1CI1 DENSITY ALT 1170FT SLP161
CYAW,2023-07-13 16:00,-63.4994,44.6397,CYAW 131600Z 15006KT 15SM FEW040 FEW250 22/19 A3000 RMK CU1CI1 DENSITY ALT 1226FT SLP160
CYAW,2023-07-13 17:00,-63.4994,44.6397,CYAW 131700Z 19006KT 15SM FEW040 FEW250 24/19 A2999 RMK CU1CI1 DENSITY ALT 1444FT SLP157
CYAW,2023-07-13 18:00,-63.4994,44.6397,CYAW 131800Z 18005KT 15SM FEW050 FEW250 25/20 A2998 RMK CU1CI1 DENSITY ALT 1601FT SLP153
CYAW,2023-07-13 19:00,-63.4994,44.6397,CYAW 131900Z 16009KT 15SM FEW050 FEW250 25/20 A2998 RMK CU1CI1 DENSITY ALT 1601FT SLP151
CYAW,2023-07-13 20:00,-63.4994,44.6397,CYAW 132000Z 17007KT 15SM FEW050 FEW250 25/20 A2997 RMK CU1CI1 DENSITY ALT 1601FT LAST OBS /NEXT 141000 UTC SLP150
CYAW,2023-07-14 10:00,-63.4994,44.6397,CYAW 141000Z 14002KT 1/8SM -DZ FG VV002 18/18 A3006 RMK FG8 DENSITY ALT 583FT VIS VRB 0-1/4 FST OBS SLP180
CYAW,2023-07-14 10:32,-63.4994,44.6397,CYAW 141032Z 21003KT 1/8SM FG VV002 18/18 A3007 RMK FG8 DENSITY ALT 573FT VIS VRB 0-1/4 SLP182
CYAW,2023-07-14 11:00,-63.4994,44.6397,CYAW 141100Z 00000KT 1/8SM FG VV002 18/18 A3007 RMK FG8 DENSITY ALT 587FT VIS VRB 0-1/4 SLP183
CYAW,2023-07-14 11:24,-63.4994,44.6397,CYAW 141124Z CCA 00000KT 1/2SM FG VV003 18/18 A3007 RMK FG8 DENSITY ALT 600FT VIS VRB 3/8-5/8 SLP183
CYAW,2023-07-14 11:43,-63.4994,44.6397,CYAW 141143Z 14003KT 1SM BR BKN004 18/18 A3007 RMK SF6 DENSITY ALT 680FT VIS VRB 3/4-1 1/4 SLP182
CYAW,2023-07-14 12:00,-63.4994,44.6397,CYAW 141200Z CCA 00000KT 4SM BR BKN004 19/19 A3007 RMK SF5 DENSITY ALT 786FT VIS VRB 3-5 VIS LWR S-W SLP183
CYAW,2023-07-14 12:25,-63.4994,44.6397,CYAW 141225Z 15002KT 7SM FEW005 SCT250 20/20 A3007 RMK SF2CI2 DENSITY ALT 842FT VIS LWR S-W SLP183
CYAW,2023-07-14 13:00,-63.4994,44.6397,CYAW 141300Z 20003KT 12SM SCT250 21/21 A3007 RMK CI3 DENSITY ALT 1002FT VIS LWR S-W SLP184
CYAW,2023-07-14 14:00,-63.4994,44.6397,CYAW 141400Z 19003KT 12SM SCT250 23/20 A3007 RMK CI3 DENSITY ALT 1251FT VIS LWR S SLP183
CYAW,2023-07-14 15:00,-63.4994,44.6397,CYAW 141500Z 15009KT 15SM FEW030 FEW250 24/20 A3007 RMK CF1CI1 DENSITY ALT 1386FT SLP184
CYAW,2023-07-14 16:00,-63.4994,44.6397,CYAW 141600Z 17007KT 15SM FEW040 FEW250 25/18 A3008 RMK CU1CI1 DENSITY ALT 1410FT SLP185
CYAW,2023-07-14 17:00,-63.4994,44.6397,CYAW 141700Z 17009KT 15SM FEW050 FEW250 25/19 A3007 RMK CU1CI1 DENSITY ALT 1472FT SLP184
CYAW,2023-07-14 18:00,-63.4994,44.6397,CYAW 141800Z 17007KT 15SM FEW050 FEW250 25/20 A3008 RMK CU1CI1 DENSITY ALT 1408FT SLP187
CYAW,2023-07-14 18:36,-63.4994,44.6397,CYAW 141836Z 18007KT 15SM FEW050 FEW250 25/18 A3008 RMK CU1CI1 DENSITY ALT 1421FT LAST OBS /NEXT 171000 UTC SLP186
CYAW,2023-07-17 10:00,-63.4994,44.6397,CYAW 171000Z 18006KT 1/8SM -DZ FG VV001 19/19 A3004 RMK FG8 DENSITY ALT 863FT FST OBS SLP173
CYAW,2023-07-17 11:00,-63.4994,44.6397,CYAW 171100Z 18007KT 1/8SM -DZ FG VV001 20/20 A3004 RMK FG8 DENSITY ALT 890FT SLP174
CYAW,2023-07-17 12:00,-63.4994,44.6397,CYAW 171200Z 18006KT 1/8SM -DZ FG VV001 20/20 A3005 RMK FG8 DENSITY ALT 959FT SLP176
CYAW,2023-07-17 12:31,-63.4994,44.6397,CYAW 171231Z 19006KT 1/2SM FG OVC001 21/21 A3005 RMK FG6SF2 DENSITY ALT 1040FT VIS VRB 1/4-3/4 SLP176
CYAW,2023-07-17 13:00,-63.4994,44.6397,CYAW 171300Z 18007KT 12SM FEW002 BKN060 BKN250 21/21 A3004 RMK SF2SC3CI2 DENSITY ALT 1077FT VIS LWR E-S SLP174
CYAW,2023-07-17 14:00,-63.4994,44.6397,CYAW 171400Z 18009KT 12SM FEW024 SCT060 BKN250 23/22 A3003 RMK SC2SC1CI2 DENSITY ALT 1344FT FG BANK S SLP171
CYAW,2023-07-17 15:00,-63.4994,44.6397,CYAW 171500Z 17008KT 12SM BKN014 BKN027 22/21 A3003 RMK SC5SC2 DENSITY ALT 1240FT SLP170
CYAW,2023-07-17 16:00,-63.4994,44.6397,CYAW 171600Z 18009G17KT 12SM FEW014 BKN047 BKN250 24/22 A3003 RMK SC2SC4CI1 DENSITY ALT 1457FT SLP170
CYAW,2023-07-17 17:00,-63.4994,44.6397,CYAW 171700Z 19012G18KT 12SM SCT016 SCT050 BKN250 26/22 A3003 RMK SC3SC1CI1 DENSITY ALT 1627FT SLP169
CYAW,2023-07-17 18:00,-63.4994,44.6397,CYAW 171800Z 20013KT 12SM BKN015 BKN250 25/22 A3003 RMK SC6CI1 DENSITY ALT 1497FT SLP168
CYAW,2023-07-17 18:44,-63.4994,44.6397,CYAW 171844Z 20011G17KT 10SM -RA SCT013 BKN056 BKN250 23/22 A3003 RMK SC4SC2CI1 DENSITY ALT 1347FT SLP168
CYAW,2023-07-17 19:00,-63.4994,44.6397,CYAW 171900Z 20012KT 10SM -RA BKN012 BKN056 23/22 A3002 RMK SC6SC1 DENSITY ALT 1311FT PCPN VRY LGT SLP167
CYAW,2023-07-17 19:14,-63.4994,44.6397,CYAW 171914Z 21015G23KT 12SM BKN010 OVC056 23/22 A3002 RMK SC7SC1 DENSITY ALT 1345FT SLP167
CYAW,2023-07-17 20:00,-63.4994,44.6397,CYAW 172000Z 22010G19KT 15SM OVC008 23/22 A3003 RMK SC8 DENSITY ALT 1330FT SLP169
CYAW,2023-07-17 20:53,-63.4994,44.6397,CYAW 172053Z 20010KT 9SM -SHRA OVC007 22/21 A3003 RMK SC8 DENSITY ALT 1212FT SLP169
CYAW,2023-07-17 21:00,-63.4994,44.6397,CYAW 172100Z 20010G15KT 7SM -SHRA OVC007 22/22 A3003 RMK SC8 DENSITY ALT 1179FT SLP169
CYAW,2023-07-17 21:25,-63.4994,44.6397,CYAW 172125Z 20010KT 7SM BKN005 OVC007 21/21 A3003 RMK SF6SC2 DENSITY ALT 1117FT SLP168
CYAW,2023-07-17 21:51,-63.4994,44.6397,CYAW 172151Z 19007KT 4SM -SHRA BR OVC003 21/21 A3003 RMK SF8 DENSITY ALT 1063FT SLP168
CYAW,2023-07-17 22:00,-63.4994,44.6397,CYAW 172200Z 19007KT 4SM -SHRA BR OVC003 21/21 A3003 RMK SF8 DENSITY ALT 1050FT SLP168
CYAW,2023-07-17 23:00,-63.4994,44.6397,CYAW 172300Z 19006KT 3SM -SHRA BR OVC003 21/21 A3003 RMK SF8 DENSITY ALT 1022FT VIS LWR NE SLP170
CYAW,2023-07-17 23:24,-63.4994,44.6397,CYAW 172324Z 19004KT 3SM -SHRA BR OVC003 21/21 A3003 RMK SF8 DENSITY ALT 1063FT LAST OBS /NEXT 181200 UTC SLP171
CYAW,2023-07-18 12:00,-63.4994,44.6397,CYAW 181200Z 22005KT 1/4SM FG VV001 20/20 A3008 RMK FG8 DENSITY ALT 844FT FST OBS SLP187
CYAW,2023-07-18 12:25,-63.4994,44.6397,CYAW 181225Z 19003KT 3/4SM BR OVC001 20/20 A3008 RMK FG6SF2 DENSITY ALT 857FT VIS HYR N SLP187
CYAW,2023-07-18 13:00,-63.4994,44.6397,CYAW 181300Z 19003KT 5SM BR OVC003 20/20 A3009 RMK SF8 DENSITY ALT 885FT VIS LWR N SLP188
CYAW,2023-07-18 13:34,-63.4994,44.6397,CYAW 181334Z 21004KT 6SM BR OVC005 22/22 A3009 RMK SF8 DENSITY ALT 1178FT SLP188
CYAW,2023-07-18 14:00,-63.4994,44.6397,CYAW 181400Z 22004KT 8SM OVC007 22/22 A3009 RMK SF8 DENSITY ALT 1186FT SLP188
CYAW,2023-07-18 15:00,-63.4994,44.6397,CYAW 181500Z 19007KT 8SM BKN010 23/22 A3009 RMK SC7 DENSITY ALT 1267FT SLP190
CYAW,2023-07-18 15:35,-63.4994,44.6397,CYAW 181535Z 19005KT 15SM FEW010 24/22 A3009 RMK CF2 DENSITY ALT 1335FT SLP190
CYAW,2023-07-18 16:00,-63.4994,44.6397,CYAW 181600Z 18006KT 15SM FEW011 24/21 A3009 RMK CF1 DENSITY ALT 1327FT SLP191
CYAW,2023-07-18 17:00,-63.4994,44.6397,CYAW 181700Z 17008KT 15SM FEW008 25/22 A3009 RMK SF1 DENSITY ALT 1480FT SLP189
CYAW,2023-07-18 18:00,-63.4994,44.6397,CYAW 181800Z 22008KT 15SM FEW008 FEW220 26/21 A3009 RMK SF1CC1 DENSITY ALT 1599FT SLP188
CYAW,2023-07-18 19:00,-63.4994,44.6397,CYAW 181900Z 16009KT 15SM FEW008 FEW180 24/21 A3008 RMK SF1AC1 DENSITY ALT 1358FT SLP186
CYAW,2023-07-18 20:00,-63.4994,44.6397,CYAW 182000Z 17007KT 15SM FEW008 23/21 A3008 RMK SF1 DENSITY ALT 1199FT SLP185
CYAW,2023-07-18 21:00,-63.4994,44.6397,CYAW 182100Z 18007KT 15SM FEW008 FEW250 23/21 A3008 RMK SF1CI1 DENSITY ALT 1256FT SLP185
CYAW,2023-07-18 22:00,-63.4994,44.6397,CYAW 182200Z 18006KT 15SM SCT006 SCT250 22/21 A3007 RMK SF3CI1 DENSITY ALT 1118FT VIS LWR S SLP184
CYAW,2023-07-18 22:18,-63.4994,44.6397,CYAW 182218Z 17006KT 10SM BKN006 21/20 A3008 RMK SF7 DENSITY ALT 958FT FG BNK S SLP185
CYAW,2023-07-18 22:39,-63.4994,44.6397,CYAW 182239Z 17006KT 5SM BR OVC004 20/20 A3007 RMK SF8 DENSITY ALT 909FT FG BNK S SLP184
CYAW,2023-07-18 22:49,-63.4994,44.6397,CYAW 182249Z 17005KT 1 1/2SM BR OVC003 20/20 A3007 RMK SF8 DENSITY ALT 909FT VIS LWR S-W SLP183
CYAW,2023-07-18 23:00,-63.4994,44.6397,CYAW 182300Z 18006KT 1/2SM FG VV003 20/20 A3007 RMK FG8 DENSITY ALT 896FT VIS VRB 3/8-5/8 SLP184
CYAW,2023-07-19 00:00,-63.4994,44.6397,CYAW 190000Z 17005KT 1/8SM -DZ FG VV002 20/20 A3007 RMK FG8 DENSITY ALT 855FT VIS VRB 0-1/4 SLP183
CYAW,2023-07-19 01:00,-63.4994,44.6397,CYAW 190100Z 16004KT 1/8SM -DZ FG VV002 20/20 A3007 RMK FG8 DENSITY ALT 896FT VIS VRB 0-1/4 SLP184
CYAW,2023-07-19 02:00,-63.4994,44.6397,CYAW 190200Z 17007KT 1/8SM -DZ FG VV002 20/20 A3007 RMK FG8 DENSITY ALT 896FT VIS VRB 0-1/4 SLP182
CYAW,2023-07-19 03:00,-63.4994,44.6397,CYAW 190300Z CCA 16008KT 1/8SM -DZ FG VV002 20/20 A3006 RMK FG8 DENSITY ALT 894FT VIS VRB 0-1/4 LAST OBS /NEXT 191200 UTC SLP178
CYAW,2023-07-19 12:00,-63.4994,44.6397,CYAW 191200Z 20007KT 1/8SM -DZ FG VV001 20/20 A3001 RMK FG8 DENSITY ALT 1005FT FST OBS SLP161
CYAW,2023-07-19 12:18,-63.4994,44.6397,CYAW 191218Z 20012G17KT 1/2SM -SHRA FG VV001 20/20 A3001 RMK FG8 DENSITY ALT 978FT VIS VRB 1/4-3/4 SLP164
CYAW,2023-07-19 12:34,-63.4994,44.6397,CYAW 191234Z 21010G18KT 1 1/2SM -DZ BR OVC004 21/21 A3001 RMK SF8 DENSITY ALT 1072FT CIG VRB 3-5 SLP164
CYAW,2023-07-19 13:00,-63.4994,44.6397,CYAW 191300Z 21009KT 2SM -SHRA BR OVC003 21/21 A3001 RMK SF8 DENSITY ALT 1045FT CIG VRB 2-4 SLP163
CYAW,2023-07-19 13:26,-63.4994,44.6397,CYAW 191326Z 20008KT 4SM -SHRA BR OVC003 21/21 A3001 RMK SF8 DENSITY ALT 1032FT CIG VRB 2-4 SLP162
CYAW,2023-07-19 13:54,-63.4994,44.6397,CYAW 191354Z 16010KT 1SM -SHRA BR OVC002 20/20 A3000 RMK SF8 DENSITY ALT 1003FT VIS VRB 3/4-1 1/2 SLP159
CYAW,2023-07-19 14:00,-63.4994,44.6397,CYAW 191400Z 19009KT 1SM BR OVC002 20/20 A3000 RMK SF8 DENSITY ALT 976FT VIS VRB 3/4-1 1/2 SLP160
CYAW,2023-07-19 15:00,-63.4994,44.6397,CYAW 191500Z 21009KT 4SM -SHRA BR OVC004 20/20 A3002 RMK SF8 DENSITY ALT 992FT CIG VRB 3-5 SLP166
CYAW,2023-07-19 16:00,-63.4994,44.6397,CYAW 191600Z 24004KT 8SM -SHRA BKN004 OVC007 21/21 A2997 RMK SF7SF1 DENSITY ALT 1118FT CIG VRB 3-5 SLP148
CYAW,2023-07-19 16:40,-63.4994,44.6397,CYAW 191640Z 24003KT 8SM -SHRA FEW004 OVC040 22/22 A2995 RMK SF2SC6 DENSITY ALT 1247FT SLP143
CYAW,2023-07-19 17:00,-63.4994,44.6397,CYAW 191700Z 24006KT 8SM -SHRA OVC004 22/22 A2999 RMK SF8 DENSITY ALT 1204FT CIG VRB 3-5 SLP155
CYAW,2023-07-19 17:36,-63.4994,44.6397,CYAW 191736Z 15005KT 1 1/4SM -SHRA BR OVC002 20/20 A2999 RMK SF8 DENSITY ALT 1028FT SLP156
CYAW,2023-07-19 18:00,-63.4994,44.6397,CYAW 191800Z 17005KT 7SM OVC003 20/20 A2998 RMK SF8 DENSITY ALT 1053FT VIS LWR N SLP151
CYAW,2023-07-19 18:23,-63.4994,44.6397,CYAW 191823Z 16007KT 7SM -SHRA OVC003 21/21 A2998 RMK SF8 DENSITY ALT 1066FT VIS LWR N SLP151
CYAW,2023-07-19 18:50,-63.4994,44.6397,CYAW 191850Z 20006KT 10SM OVC004 21/21 A2997 RMK SF8 DENSITY ALT 1091FT SLP149
CYAW,2023-07-19 19:00,-63.4994,44.6397,CYAW 191900Z 20007KT 10SM OVC004 21/21 A2997 RMK SF8 DENSITY ALT 1132FT SLP150
CYAW,2023-07-19 20:00,-63.4994,44.6397,CYAW 192000Z 17004KT 15SM OVC004 21/21 A2997 RMK SF8 DENSITY ALT 1199FT SLP148
CYAW,2023-07-19 20:41,-63.4994,44.6397,CYAW 192041Z 18004KT 15SM SCT005 BKN250 22/22 A2995 RMK SF4CI3 DENSITY ALT 1261FT SLP144
CYAW,2023-07-19 21:00,-63.4994,44.6397,CYAW 192100Z 16005KT 15SM FEW005 SCT040 BKN250 22/22 A2994 RMK SF1SC2CI4 DENSITY ALT 1348FT SLP139
CYAW,2023-07-19 22:00,-63.4994,44.6397,CYAW 192200Z 20003KT 15SM FEW040 BKN250 23/22 A2995 RMK SC1CI6 DENSITY ALT 1403FT SLP141
CYAW,2023-07-19 23:00,-63.4994,44.6397,CYAW 192300Z 19005KT 15SM SCT050 BKN250 21/21 A2997 RMK SC3CI4 DENSITY ALT 1163FT SLP147
CYAW,2023-07-20 00:00,-63.4994,44.6397,CYAW 200000Z 18003KT 8SM SCT040 BKN250 21/21 A2998 RMK SC3CI3 DENSITY ALT 1066FT SLP151
CYAW,2023-07-20 01:00,-63.4994,44.6397,CYAW 200100Z 20003KT 8SM FEW040 BKN250 20/20 A2999 RMK SC2CI5 DENSITY ALT 933FT SLP155
CYAW,2023-07-20 02:00,-63.4994,44.6397,CYAW 200200Z 19003KT 8SM FEW005 FEW070 BKN250 19/19 A2999 RMK SF1AC1CI4 DENSITY ALT 851FT SLP155
CYAW,2023-07-20 03:00,-63.4994,44.6397,CYAW 200300Z 26005KT 7SM FEW005 SCT070 BKN250 20/20 A2999 RMK SF2AC1CI3 DENSITY ALT 987FT SLP155
CYAW,2023-07-20 03:18,-63.4994,44.6397,CYAW 200318Z 23003KT 7SM FEW005 SCT060 BKN250 20/20 A2999 RMK SF2SC1CI2 DENSITY ALT 947FT LAST OBS /NEXT 201200 UTC SLP155
CYAW,2023-07-20 12:00,-63.4994,44.6397,CYAW 201200Z 00000KT 2 1/2SM BR OVC002 20/20 A2998 RMK SF8 DENSITY ALT 1051FT VIS LWR SW FST OBS SLP152
CYAW,2023-07-20 12:20,-63.4994,44.6397,CYAW 201220Z 00000KT 4SM BR OVC004 21/21 A2998 RMK SF8 DENSITY ALT 1080FT VIS LWR SW CIG VRB 3-5 SLP151
CYAW,2023-07-20 13:00,-63.4994,44.6397,CYAW 201300Z 00000KT 5SM BR OVC006 21/21 A2997 RMK SF8 DENSITY ALT 1197FT SLP149
CYAW,2023-07-20 13:46,-63.4994,44.6397,CYAW 201346Z 00000KT 12SM BKN011 23/22 A2997 RMK SC7 DENSITY ALT 1388FT VIS LWR SW SLP148
CYAW,2023-07-20 14:00,-63.4994,44.6397,CYAW 201400Z 00000KT 12SM BKN010 BKN030 23/21 A2997 RMK SC5SC2 DENSITY ALT 1384FT SLP148
CYAW,2023-07-20 15:00,-63.4994,44.6397,CYAW 201500Z 17006KT 12SM SCT015 BKN250 23/22 A2997 RMK SC4CI3 DENSITY ALT 1419FT VIS LWR S FG BANK S SLP148
CYAW,2023-07-20 16:00,-63.4994,44.6397,CYAW 201600Z 16009KT 12SM FEW008 FEW036 BKN250 23/22 A2996 RMK SF1CU2CI5 DENSITY ALT 1422FT SLP146
CYAW,2023-07-20 17:00,-63.4994,44.6397,CYAW 201700Z 17008KT 15SM FEW002 FEW037 BKN250 22/21 A2996 RMK SF1CU1CI5 DENSITY ALT 1315FT VIS LWR S FG BANK S SLP145
CYAW,2023-07-20 18:00,-63.4994,44.6397,CYAW 201800Z 17009KT 15SM FEW003 FEW040 OVC250 23/21 A2995 RMK SF1CU1CI7 DENSITY ALT 1426FT VIS LWR SE-S FG BANK SE-S SF TR SLP140
CYAW,2023-07-20 19:00,-63.4994,44.6397,CYAW 201900Z CCA 17009KT 15SM FEW003 FEW040TCU OVC230 22/21 A2995 RMK SF1TCU1CS8 DENSITY ALT 1274FT FG BANK SE VIS LWR SE HALO SLP142
CYAW,2023-07-20 20:00,-63.4994,44.6397,CYAW 202000Z 18004KT 15SM FEW003 BKN035 OVC230 23/21 A2996 RMK SF1CU5CS3 DENSITY ALT 1384FT DIST SH NW-N TCU EMBD DIST NW-N SLP146
CYAW,2023-07-20 21:00,-63.4994,44.6397,CYAW 202100Z 20006KT 15SM FEW040 SCT100 OVC230 24/21 A2995 RMK SC1AC3CS5 DENSITY ALT 1468FT SLP142
CYAW,2023-07-20 22:00,-63.4994,44.6397,CYAW 202200Z 23006KT 15SM SCT100 OVC230 23/21 A2995 RMK AC4CS4 DENSITY ALT 1427FT SLP140
CYAW,2023-07-20 23:00,-63.4994,44.6397,CYAW 202300Z 19004KT 15SM SCT110 OVC230 22/21 A2996 RMK AC3CS5 DENSITY ALT 1311FT SLP146
CYAW,2023-07-21 00:00,-63.4994,44.6397,CYAW 210000Z 22003KT 15SM FEW110 OVC230 21/20 A2997 RMK AC1CI7 DENSITY ALT 1167FT SLP149
CYAW,2023-07-21 01:00,-63.4994,44.6397,CYAW 210100Z 16004KT 8SM FEW003 FEW110 BKN230 20/20 A2998 RMK SF1AC2CI5 DENSITY ALT 997FT SLP152
CYAW,2023-07-21 02:00,-63.4994,44.6397,CYAW 210200Z 18002KT 5SM BR SCT003 SCT110 BKN230 19/19 A2998 RMK SF3AC1CI3 DENSITY ALT 877FT VIS LWR S-W SLP151
CYAW,2023-07-21 02:16,-63.4994,44.6397,CYAW 210216Z CCA 17005KT 1/2SM FG OVC230 19/19 A2998 RMK FG7CI1 DENSITY ALT 837FT VIS VRB 3/8-5/8 LAST OBS /NEXT 211100 UTC SLP154
CYAW,2023-07-21 11:00,-63.4994,44.6397,CYAW 211100Z 12003KT 4SM BR BKN005 BKN070 20/20 A2997 RMK SF5AC2 DENSITY ALT 1010FT FST OBS SLP150
CYAW,2023-07-21 11:20,-63.4994,44.6397,CYAW 211120Z 12004KT 3SM BR OVC002 20/20 A2997 RMK SF8 DENSITY ALT 983FT SLP149
CYAW,2023-07-21 12:00,-63.4994,44.6397,CYAW 211200Z 13005KT 2 1/2SM BR OVC002 20/20 A2998 RMK SF8 DENSITY ALT 945FT VIS LWR S-W LAST OBS /NEXT 240900 UTC SLP154
CYAW,2023-07-24 09:00,-63.4994,44.6397,CYAW 240900Z 31003KT 15SM FEW180 SCT250 19/19 A3002 RMK AC1CI2 DENSITY ALT 751FT FST OBS SLP166
CYAW,2023-07-24 10:00,-63.4994,44.6397,CYAW 241000Z 29004KT 15SM FEW180 SCT250 20/20 A3004 RMK AC1CI2 DENSITY ALT 863FT SLP172
CYAW,2023-07-24 11:00,-63.4994,44.6397,CYAW 241100Z 28004KT 15SM FEW180 FEW250 21/19 A3004 RMK AC1CI1 DENSITY ALT 1030FT SLP174
CYAW,2023-07-24 12:00,-63.4994,44.6397,CYAW 241200Z 27002KT 15SM FEW180 FEW250 23/20 A3006 RMK AC1CI1 DENSITY ALT 1213FT SLP179
CYAW,2023-07-24 13:00,-63.4994,44.6397,CYAW 241300Z 30005KT 15SM FEW180 FEW250 25/20 A3006 RMK AC1CI1 DENSITY ALT 1451FT SLP180
CYAW,2023-07-24 14:00,-63.4994,44.6397,CYAW 241400Z CCA 25003KT 15SM FEW040 SCT250 26/20 A3007 RMK CU1CI2 DENSITY ALT 1573FT SLP182
CYAW,2023-07-24 15:00,-63.4994,44.6397,CYAW 241500Z 21005KT 15SM FEW035 BKN250 27/20 A3007 RMK CU2CI4 DENSITY ALT 1744FT SLP182
CYAW,2023-07-24 16:00,-63.4994,44.6397,CYAW 241600Z 16007KT 15SM FEW040 BKN250 28/21 A3007 RMK CU2CI4 DENSITY ALT 1808FT SLP181
CYAW,2023-07-24 17:00,-63.4994,44.6397,CYAW 241700Z 17007KT 15SM FEW050 BKN250 27/21 A3006 RMK CU1CI5 DENSITY ALT 1720FT SLP180
CYAW,2023-07-24 18:00,-63.4994,44.6397,CYAW 241800Z 23011KT 15SM FEW042 BKN250 29/21 A3006 RMK CU1CI5 DENSITY ALT 1911FT SLP178
CYAW,2023-07-24 18:28,-63.4994,44.6397,CYAW 241828Z 23008G16KT 15SM FEW042 BKN250 29/20 A3006 RMK CU1CI5 DENSITY ALT 1904FT LAST OBS /NEXT 250900 UTC SLP179
CYAW,2023-07-25 09:00,-63.4994,44.6397,CYAW 250900Z 00000KT 8SM FEW070 17/16 A3012 RMK AC2 DENSITY ALT 415FT FST OBS SLP199
CYAW,2023-07-25 10:00,-63.4994,44.6397,CYAW 251000Z 21002KT 15SM FEW070 18/17 A3012 RMK AC1 DENSITY ALT 583FT SLP201
CYAW,2023-07-25 11:00,-63.4994,44.6397,CYAW 251100Z 25003KT 15SM FEW070 21/17 A3013 RMK AC1 DENSITY ALT 931FT SLP202
CYAW,2023-07-25 12:00,-63.4994,44.6397,CYAW 251200Z 25004KT 15SM FEW070 FEW220 23/18 A3013 RMK AC1CI1 DENSITY ALT 1122FT SLP203
CYAW,2023-07-25 13:00,-63.4994,44.6397,CYAW 251300Z 27006KT 15SM FEW220 25/17 A3012 RMK CI2 DENSITY ALT 1358FT SLP201
CYAW,2023-07-25 14:00,-63.4994,44.6397,CYAW 251400Z 19004KT 15SM SCT220 26/20 A3011 RMK CI3 DENSITY ALT 1486FT SLP198
CYAW,2023-07-25 15:00,-63.4994,44.6397,CYAW 251500Z 21010KT 15SM SCT250 27/17 A3012 RMK CI3 DENSITY ALT 1577FT SLP198
CYAW,2023-07-25 16:00,-63.4994,44.6397,CYAW 251600Z 20007KT 15SM FEW040 SCT250 27/17 A3012 RMK CU1CI4 DENSITY ALT 1621FT SLP198
CYAW,2023-07-25 17:00,-63.4994,44.6397,CYAW 251700Z 21011G17KT 15SM FEW050 BKN250 26/15 A3011 RMK CU1CS5 DENSITY ALT 1442FT HALO SLP197
CYAW,2023-07-25 18:00,-63.4994,44.6397,CYAW 251800Z 20012G17KT 15SM FEW050 SCT250 26/17 A3011 RMK CU1CI4 DENSITY ALT 1537FT SLP195
CYAW,2023-07-25 18:23,-63.4994,44.6397,CYAW 251823Z 21010G17KT 15SM FEW050 SCT250 27/17 A3010 RMK CU1CI4 DENSITY ALT 1574FT LAST OBS /NEXT 260900 UTC SLP193
CYAW,2023-07-26 09:00,-63.4994,44.6397,CYAW 260900Z 22004KT 15SM FEW120 SCT250 18/18 A3005 RMK AC2CI1 DENSITY ALT 609FT FST OBS SLP176
CYAW,2023-07-26 10:00,-63.4994,44.6397,CYAW 261000Z 25002KT 15SM FEW120 FEW250 18/18 A3006 RMK AC1CI1 DENSITY ALT 596FT SLP178
CYAW,2023-07-26 11:00,-63.4994,44.6397,CYAW 261100Z 22004KT 15SM FEW120 FEW180 SCT250 20/18 A3005 RMK AC1ACC1CI3 DENSITY ALT 909FT SLP176
CYAW,2023-07-26 12:00,-63.4994,44.6397,CYAW 261200Z 17004KT 15SM FEW120 FEW180 SCT250 21/18 A3005 RMK AC1ACC1CI4 DENSITY ALT 1003FT SLP176
CYAW,2023-07-26 13:00,-63.4994,44.6397,CYAW 261300Z 19003KT 15SM FEW120 FEW180 BKN250 22/17 A3004 RMK AC1ACC1CI5 DENSITY ALT 1140FT SLP174
CYAW,2023-07-26 14:00,-63.4994,44.6397,CYAW 261400Z 24007KT 15SM FEW060 FEW120 BKN250 24/15 A3003 RMK SC1AC1CI6 DENSITY ALT 1326FT SLP171
CYAW,2023-07-26 15:00,-63.4994,44.6397,CYAW 261500Z 24006KT 15SM FEW050 BKN250 25/15 A3003 RMK CU1CI5 DENSITY ALT 1441FT SLP169
CYAW,2023-07-26 16:00,-63.4994,44.6397,CYAW 261600Z 23011G16KT 15SM FEW050 FEW140 SCT250 26/15 A3003 RMK CU1AC1CI3 DENSITY ALT 1532FT SLP167
CYAW,2023-07-26 17:00,-63.4994,44.6397,CYAW 261700Z 22011G19KT 15SM FEW050 FEW140 FEW250 26/17 A3001 RMK CU1AC1CI2 DENSITY ALT 1598FT SLP163
CYAW,2023-07-26 18:00,-63.4994,44.6397,CYAW 261800Z 21012KT 15SM FEW050 FEW250 26/17 A3000 RMK CU1CI1 DENSITY ALT 1589FT SLP159
CYAW,2023-07-26 19:00,-63.4994,44.6397,CYAW 261900Z 20010KT 15SM FEW050 26/18 A3000 RMK CU1 DENSITY ALT 1590FT LAST OBS /NEXT 270900 UTC SLP157
CYAW,2023-07-27 09:00,-63.4994,44.6397,CYAW 270900Z 22007KT 4SM BR OVC003 18/18 A3001 RMK SF8 DENSITY ALT 722FT VIS LWR NE FST OBS SLP163
CYAW,2023-07-27 09:37,-63.4994,44.6397,CYAW 270937Z 22005KT 7SM BKN004 19/19 A3001 RMK SF7 DENSITY ALT 762FT SLP163
CYAW,2023-07-27 10:00,-63.4994,44.6397,CYAW 271000Z 22004KT 8SM BKN004 OVC230 19/19 A3001 RMK SF6CI2 DENSITY ALT 776FT SLP163
CYAW,2023-07-27 11:00,-63.4994,44.6397,CYAW 271100Z 22009KT 8SM BKN005 OVC230 19/19 A3002 RMK SF6CI2 DENSITY ALT 805FT VIS LWR S SLP165
CYAW,2023-07-27 12:00,-63.4994,44.6397,CYAW 271200Z CCA 21006KT 10SM BKN006 OVC230 20/19 A3002 RMK SF5CI3 DENSITY ALT 927FT SLP167
CYAW,2023-07-27 13:00,-63.4994,44.6397,CYAW 271300Z 22006KT 15SM SCT007 OVC230 21/20 A3002 RMK SF3CI5 DENSITY ALT 1073FT SLP167
CYAW,2023-07-27 14:00,-63.4994,44.6397,CYAW 271400Z 23008KT 15SM FEW008 OVC230 22/19 A3003 RMK SF1CI8 DENSITY ALT 1151FT SLP168
CYAW,2023-07-27 15:00,-63.4994,44.6397,CYAW 271500Z 21007KT 15SM FEW008 OVC250 24/21 A3002 RMK SF1CI8 DENSITY ALT 1392FT SLP164
CYAW,2023-07-27 16:00,-63.4994,44.6397,CYAW 271600Z 18006KT 15SM FEW008 FEW160 BKN250 24/21 A3000 RMK SF1AC2CI5 DENSITY ALT 1401FT SLP158
CYAW,2023-07-27 17:00,-63.4994,44.6397,CYAW 271700Z 18007KT 15SM FEW008 SCT160 BKN250 23/20 A2998 RMK SF1AC3CI4 DENSITY ALT 1399FT SLP150
CYAW,2023-07-27 18:00,-63.4994,44.6397,CYAW 271800Z 19010G15KT 15SM FEW008 FEW030 SCT160 BKN250 23/20 A2996 RMK SF1CU1AC4CI3 DENSITY ALT 1353FT SLP147
CYAW,2023-07-27 19:00,-63.4994,44.6397,CYAW 271900Z CCA 19006KT 15SM FEW008 BKN180 BKN250 24/21 A2996 RMK SF1AC5CI2 DENSITY ALT 1447FT LAST OBS /NEXT 281100 UTC SLP145
CYAW,2023-07-28 11:00,-63.4994,44.6397,CYAW 281100Z 32009KT 8SM BKN007 20/20 A2983 RMK SF7 DENSITY ALT 1223FT CIG VRB 5-9 FST OBS SLP100
CYAW,2023-07-28 11:30,-63.4994,44.6397,CYAW 281130Z 33011G18KT 15SM SCT009 BKN250 21/20 A2984 RMK SF4CI3 DENSITY ALT 1229FT SLP104
CYAW,2023-07-28 12:00,-63.4994,44.6397,CYAW 281200Z 32009KT 15SM SCT012 BKN250 21/20 A2985 RMK SF4CI3 DENSITY ALT 1316FT SLP107
CYAW,2023-07-28 13:00,-63.4994,44.6397,CYAW 281300Z 35010G16KT 15SM SCT015 BKN250 23/20 A2985 RMK SC4CI2 DENSITY ALT 1502FT SLP109
CYAW,2023-07-28 14:00,-63.4994,44.6397,CYAW 281400Z 35007KT 15SM SCT018 BKN250 24/20 A2986 RMK SC3CI2 DENSITY ALT 1637FT SLP111
CYAW,2023-07-28 15:00,-63.4994,44.6397,CYAW 281500Z 25005KT 15SM FEW025 FEW250 25/20 A2987 RMK CU1CI1 DENSITY ALT 1749FT SLP114
CYAW,2023-07-28 16:00,-63.4994,44.6397,CYAW 281600Z 30005KT 15SM FEW030 FEW250 26/20 A2987 RMK CU1CI1 DENSITY ALT 1863FT SLP114
CYAW,2023-07-28 17:00,-63.4994,44.6397,CYAW 281700Z 20008KT 15SM FEW030 FEW250 26/21 A2986 RMK CU1CI1 DENSITY ALT 1878FT SLP112
CYAW,2023-07-28 17:48,-63.4994,44.6397,CYAW 281748Z 18007KT 15SM FEW030 FEW250 26/21 A2985 RMK CU1CI1 DENSITY ALT 1867FT LAST OBS /NEXT 310900 UTC SLP109
CYAW,2023-07-31 09:00,-63.4994,44.6397,CYAW 310900Z 34002KT 15SM FEW080 14/14 A2985 RMK AC1 DENSITY ALT 345FT FST OBS SLP108
CYAW,2023-07-31 10:00,-63.4994,44.6397,CYAW 311000Z 00000KT 15SM FEW080 FEW240 15/15 A2986 RMK AC1CI1 DENSITY ALT 427FT SLP112
CYAW,2023-07-31 11:00,-63.4994,44.6397,CYAW 311100Z 36003KT 15SM FEW080 FEW240 18/16 A2987 RMK AC1CI1 DENSITY ALT 795FT SLP117
CYAW,2023-07-31 12:00,-63.4994,44.6397,CYAW 311200Z 33004KT 15SM FEW080 FEW240 20/15 A2988 RMK AC1CI2 DENSITY ALT 1061FT SLP119
CYAW,2023-07-31 13:00,-63.4994,44.6397,CYAW 311300Z 21004KT 15SM FEW080 FEW240 22/15 A2989 RMK AC1CI2 DENSITY ALT 1241FT SLP123
CYAW,2023-07-31 14:00,-63.4994,44.6397,CYAW 311400Z 20004KT 15SM FEW040 FEW080 FEW240 22/14 A2990 RMK CU1AC1CI1 DENSITY ALT 1266FT SLP126
CYAW,2023-07-31 15:00,-63.4994,44.6397,CYAW 311500Z 17009KT 15SM FEW040 SCT080 SCT240 21/15 A2990 RMK CU2AC1CI1 DENSITY ALT 1156FT SLP126
CYAW,2023-07-31 16:00,-63.4994,44.6397,CYAW 311600Z 17007KT 15SM FEW060 SCT240 22/14 A2990 RMK CU2CI1 DENSITY ALT 1191FT SLP126
CYAW,2023-07-31 17:00,-63.4994,44.6397,CYAW 311700Z 16009KT 15SM FEW060 SCT240 22/15 A2989 RMK CU2CC2 DENSITY ALT 1205FT SLP123
CYAW,2023-07-31 18:00,-63.4994,44.6397,CYAW 311800Z 18007KT 15SM FEW060 FEW240 23/13 A2987 RMK CU2CC1 DENSITY ALT 1392FT SLP117
CYAW,2023-07-31 18:37,-63.4994,44.6397,CYAW 311837Z 17008KT 15SM FEW060 FEW240 23/14 A2987 RMK CU2CC1 DENSITY ALT 1415FT LAST OBS /NEXT 010900 UTC SLP114
CYAW,2023-08-01 09:00,-63.4994,44.6397,CYAW 010900Z 31003KT 15SM FEW090 SCT250 13/13 A2994 RMK AC1CI3 DENSITY ALT 156FT FST OBS SLP140
CYAW,2023-08-01 10:00,-63.4994,44.6397,CYAW 011000Z 34002KT 15SM FEW250 14/14 A2997 RMK CI2 DENSITY ALT 229FT SLP148
CYAW,2023-08-01 11:00,-63.4994,44.6397,CYAW 011100Z 00000KT 15SM FEW090 FEW250 16/15 A2998 RMK AC1CI2 DENSITY ALT 481FT SLP154
CYAW,2023-08-01 12:00,-63.4994,44.6397,CYAW 011200Z 31005KT 15SM FEW040 FEW120 SCT250 18/15 A3000 RMK SC1AC1CI2 DENSITY ALT 708FT SLP160
CYAW,2023-08-01 13:00,-63.4994,44.6397,CYAW 011300Z 27003KT 15SM FEW030 FEW120 SCT250 20/16 A3000 RMK SC1AC1CI2 DENSITY ALT 903FT SLP159
CYAW,2023-08-01 14:00,-63.4994,44.6397,CYAW 011400Z 25003KT 15SM FEW030 FEW120 SCT250 21/15 A3000 RMK SC2AC1CI1 DENSITY ALT 1004FT SLP158
CYAW,2023-08-01 15:00,-63.4994,44.6397,CYAW 011500Z 19004KT 15SM FEW030 SCT120 SCT250 22/16 A3000 RMK SC2AC1CI1 DENSITY ALT 1095FT CI TR SLP159
CYAW,2023-08-01 16:00,-63.4994,44.6397,CYAW 011600Z 22005KT 15SM FEW030 SCT120 SCT250 24/13 A2999 RMK CU2AC1CI1 DENSITY ALT 1287FT CI TR SLP157
CYAW,2023-08-01 17:00,-63.4994,44.6397,CYAW 011700Z 32006KT 15SM SCT045 SCT120 23/12 A2999 RMK CU3AC1 DENSITY ALT 1265FT SLP156
CYAW,2023-08-01 18:00,-63.4994,44.6397,CYAW 011800Z 29007KT 15SM SCT055 SCT120 23/12 A2999 RMK CU4AC1 DENSITY ALT 1253FT SLP157
CYAW,2023-08-01 19:00,-63.4994,44.6397,CYAW 011900Z 18006KT 15SM SCT050 22/15 A2999 RMK SC4 DENSITY ALT 1147FT SLP157
CYAW,2023-08-01 19:35,-63.4994,44.6397,CYAW 011935Z 32005KT 15SM SCT055 23/13 A3000 RMK SC4 DENSITY ALT 1232FT LAST OBS /NEXT 020900 UTC SLP158
CYAW,2023-08-02 09:00,-63.4994,44.6397,CYAW 020900Z 31007KT 15SM FEW120 SCT240 11/10 A3009 RMK AC1CI2 DENSITY ALT -323FT FST OBS SLP188
CYAW,2023-08-02 10:00,-63.4994,44.6397,CYAW 021000Z 32004KT 15SM FEW100 FEW240 13/11 A3009 RMK AC1CI1 DENSITY ALT -71FT SLP191
CYAW,2023-08-02 11:00,-63.4994,44.6397,CYAW 021100Z 34008KT 15SM FEW100 FEW240 16/11 A3011 RMK AC1CI1 DENSITY ALT 230FT SLP196
CYAW,2023-08-02 12:00,-63.4994,44.6397,CYAW 021200Z 32008KT 15SM FEW100 FEW240 18/11 A3011 RMK AC1CI1 DENSITY ALT 466FT SLP198
CYAW,2023-08-02 13:00,-63.4994,44.6397,CYAW 021300Z 32010KT 15SM FEW100 FEW240 20/11 A3012 RMK AC1CI1 DENSITY ALT 658FT SLP199
CYAW,2023-08-02 14:00,-63.4994,44.6397,CYAW 021400Z 33009KT 15SM FEW050 FEW240 21/08 A3011 RMK CU1CI1 DENSITY ALT 819FT SLP195
CYAW,2023-08-02 15:00,-63.4994,44.6397,CYAW 021500Z 32007KT 15SM FEW050 FEW240 22/08 A3010 RMK CU1CI1 DENSITY ALT 897FT SLP194
CYAW,2023-08-02 16:00,-63.4994,44.6397,CYAW 021600Z 30006KT 15SM FEW050 FEW240 22/08 A3009 RMK CU1CI1 DENSITY ALT 977FT SLP191
CYAW,2023-08-02 17:00,-63.4994,44.6397,CYAW 021700Z 32008KT 15SM FEW050 FEW240 23/08 A3009 RMK CU1CI1 DENSITY ALT 1047FT SLP189
CYAW,2023-08-02 18:00,-63.4994,44.6397,CYAW 021800Z 28008KT 15SM FEW050 FEW240 24/08 A3009 RMK CU1CI1 DENSITY ALT 1155FT SLP189
CYAW,2023-08-02 19:00,-63.4994,44.6397,CYAW 021900Z 31007KT 15SM FEW050 FEW240 24/09 A3008 RMK CU1CI1 DENSITY ALT 1159FT SLP187
CYAW,2023-08-02 20:00,-63.4994,44.6397,CYAW 022000Z 30005KT 15SM FEW050 FEW240 24/08 A3009 RMK CU1CI2 DENSITY ALT 1167FT SLP190
CYAW,2023-08-02 21:00,-63.4994,44.6397,CYAW 022100Z 21006KT 15SM FEW050 SCT240 22/12 A3009 RMK CU1CI3 DENSITY ALT 1024FT SLP189
CYAW,2023-08-02 22:00,-63.4994,44.6397,CYAW 022200Z 23009KT 15SM FEW050 SCT240 21/12 A3010 RMK CU1CI4 DENSITY ALT 852FT SLP194
CYAW,2023-08-02 23:00,-63.4994,44.6397,CYAW 022300Z 25008KT 15SM FEW080 BKN240 19/12 A3012 RMK AC1CI5 DENSITY ALT 646FT SLP200
CYAW,2023-08-02 23:18,-63.4994,44.6397,CYAW 022318Z 24006KT 15SM FEW080 BKN240 19/12 A3012 RMK AC1CI5 DENSITY ALT 578FT LAST OBS /NEXT 030900 UTC SLP200
CYAW,2023-08-03 09:00,-63.4994,44.6397,CYAW 030900Z 28002KT 15SM FEW250 10/10 A3015 RMK CI1 DENSITY ALT -479FT FST OBS SLP210
CYAW,2023-08-03 10:00,-63.4994,44.6397,CYAW 031000Z 00000KT 15SM FEW250 12/12 A3017 RMK CI1 DENSITY ALT -313FT SLP217
CYAW,2023-08-03 11:00,-63.4994,44.6397,CYAW 031100Z 17002KT 15SM FEW250 16/13 A3018 RMK CI1 DENSITY ALT 209FT SLP220
CYAW,2023-08-03 12:00,-63.4994,44.6397,CYAW 031200Z 21003KT 15SM FEW250 18/13 A3019 RMK CI1 DENSITY ALT 428FT SLP223
CYAW,2023-08-03 13:00,-63.4994,44.6397,CYAW 031300Z 19003KT 15SM FEW060 FEW250 20/11 A3017 RMK CU1CI1 DENSITY ALT 660FT SLP218
CYAW,2023-08-03 14:00,-63.4994,44.6397,CYAW 031400Z 18004KT 15SM FEW060 FEW250 21/11 A3018 RMK CU1CI2 DENSITY ALT 773FT SLP220
CYAW,2023-08-03 15:00,-63.4994,44.6397,CYAW 031500Z 16008KT 15SM FEW060 FEW250 21/11 A3017 RMK CU1CI1 DENSITY ALT 779FT SLP218
CYAW,2023-08-03 16:00,-63.4994,44.6397,CYAW 031600Z 16010G15KT 15SM FEW060 FEW250 22/11 A3016 RMK CU1CI2 DENSITY ALT 907FT SLP214
CYAW,2023-08-03 17:00,-63.4994,44.6397,CYAW 031700Z 17011KT 15SM FEW060 FEW250 22/12 A3015 RMK CU1CI2 DENSITY ALT 917FT SLP210
CYAW,2023-08-03 18:00,-63.4994,44.6397,CYAW 031800Z 16012KT 15SM FEW060 FEW250 22/13 A3015 RMK CU1CI2 DENSITY ALT 930FT SLP209
CYAW,2023-08-03 19:00,-63.4994,44.6397,CYAW 031900Z 17011KT 15SM FEW060 FEW250 21/15 A3014 RMK CU1CI2 DENSITY ALT 869FT SLP207
CYAW,2023-08-03 20:00,-63.4994,44.6397,CYAW 032000Z 18008KT 15SM FEW060 FEW250 21/16 A3014 RMK CU1CI2 DENSITY ALT 892FT LAST OBS /NEXT 041000 UTC SLP208
CYAW,2023-08-04 10:00,-63.4994,44.6397,CYAW 041000Z 03002KT 15SM FEW015 BKN280 13/13 A3013 RMK SC1CI7 DENSITY ALT -148FT FST OBS SLP202
CYAW,2023-08-04 11:00,-63.4994,44.6397,CYAW 041100Z 07002KT 15SM FEW015 BKN280 16/15 A3013 RMK SC1CI6 DENSITY ALT 293FT SLP204
CYAW,2023-08-04 12:00,-63.4994,44.6397,CYAW 041200Z 20003KT 15SM FEW015 BKN280 18/14 A3014 RMK SC1CI5 DENSITY ALT 520FT SLP207
CYAW,2023-08-04 13:00,-63.4994,44.6397,CYAW 041300Z 19007KT 15SM FEW020 BKN280 20/14 A3015 RMK SC2CI3 DENSITY ALT 665FT SLP210
CYAW,2023-08-04 14:00,-63.4994,44.6397,CYAW 041400Z 17010KT 15SM FEW020 SCT280 21/14 A3014 RMK SC2CI2 DENSITY ALT 775FT SLP207
CYAW,2023-08-04 15:00,-63.4994,44.6397,CYAW 041500Z 17008KT 15SM FEW020 SCT280 21/14 A3013 RMK SC1CI2 DENSITY ALT 842FT SLP203
CYAW,2023-08-04 16:00,-63.4994,44.6397,CYAW 041600Z 18009KT 15SM FEW025 SCT280 21/14 A3013 RMK SC1CI3 DENSITY ALT 877FT SLP203
CYAW,2023-08-04 17:00,-63.4994,44.6397,CYAW 041700Z 18007KT 15SM FEW025 SCT280 21/15 A3012 RMK SC2CI2 DENSITY ALT 894FT SLP201
CYAW,2023-08-04 18:00,-63.4994,44.6397,CYAW 041800Z 17007KT 15SM FEW025 FEW160 SCT280 21/15 A3012 RMK CU1AC1CI2 DENSITY ALT 911FT CVCTV CLD ASOCTD SLP199
CYAW,2023-08-04 19:00,-63.4994,44.6397,CYAW 041900Z 17008KT 15SM FEW025 SCT160 SCT250 22/15 A3011 RMK SC2AC1CI1 DENSITY ALT 947FT ACC EMBD LAST OBS /NEXT 080900 UTC SLP197
CYAW,2023-08-08 09:00,-63.4994,44.6397,CYAW 080900Z 03005KT 15SM BKN130 15/14 A3001 RMK AC7 DENSITY ALT 299FT FST OBS SLP161
CYAW,2023-08-08 10:00,-63.4994,44.6397,CYAW 081000Z 06004KT 15SM BKN120 BKN250 15/15 A3000 RMK AC7CI1 DENSITY ALT 325FT SLP158
CYAW,2023-08-08 11:00,-63.4994,44.6397,CYAW 081100Z 07003KT 15SM SCT140 BKN250 16/15 A2999 RMK AC3CI3 DENSITY ALT 426FT SLP156
CYAW,2023-08-08 12:00,-63.4994,44.6397,CYAW 081200Z 13004KT 15SM FEW008 SCT027 SCT140 BKN250 18/15 A3000 RMK SF1SC3AC1CI4 DENSITY ALT 678FT SLP159
CYAW,2023-08-08 13:00,-63.4994,44.6397,CYAW 081300Z 11007KT 12SM FEW008 FEW030 SCT140 BKN250 19/16 A2999 RMK SF1SC2AC1CI4 DENSITY ALT 798FT SLP157
CYAW,2023-08-08 14:00,-63.4994,44.6397,CYAW 081400Z 11004KT 15SM FEW008 BKN023 BKN250 19/17 A2998 RMK SF1SC5CI2 DENSITY ALT 858FT SLP154
CYAW,2023-08-08 15:00,-63.4994,44.6397,CYAW 081500Z 13009KT 15SM SCT022 BKN250 20/16 A2997 RMK SC4CI3 DENSITY ALT 985FT SLP150
CYAW,2023-08-08 16:00,-63.4994,44.6397,CYAW 081600Z 12012G18KT 15SM SCT020 SCT100 BKN250 21/18 A2995 RMK SC3AC1CI3 DENSITY ALT 1096FT SLP141
CYAW,2023-08-08 17:00,-63.4994,44.6397,CYAW 081700Z 12010G18KT 15SM SCT020 BKN100 BKN250 21/18 A2992 RMK SC3AC2CI2 DENSITY ALT 1201FT SLP134
CYAW,2023-08-08 18:00,-63.4994,44.6397,CYAW 081800Z 15009KT 8SM SCT012 BKN020 OVC250 21/19 A2992 RMK SF3SC3CI2 DENSITY ALT 1158FT SLP133
CYAW,2023-08-08 19:00,-63.4994,44.6397,CYAW 081900Z CCA 15011KT 8SM FEW012 SCT020 BKN100 OVC250 21/18 A2992 RMK SF1SC3AC2CI2 DENSITY ALT 1152FT SLP132
CYAW,2023-08-08 20:00,-63.4994,44.6397,CYAW 082000Z 14009KT 8SM FEW012 BKN020 OVC120 21/18 A2991 RMK SF2SC3AC3 DENSITY ALT 1155FT SLP129
CYAW,2023-08-08 21:00,-63.4994,44.6397,CYAW 082100Z 14007KT 8SM SCT012 BKN020 OVC120 20/19 A2990 RMK SF3SC2AC3 DENSITY ALT 1069FT LAST OBS /NEXT 090900 UTC SLP125
CYAW,2023-08-09 09:00,-63.4994,44.6397,CYAW 090900Z 14017G31KT 1SM TSRA BR OVC003 19/19 A2952 RMK SF8 DENSITY ALT 1447FT CB EMBD OCNL LTGCCCG ALQDS FST OBS SLP995
CYAW,2023-08-09 09:26,-63.4994,44.6397,CYAW 090926Z 15015KT 1 1/2SM TSRA BR BKN003 OVC012 19/19 A2951 RMK SF7SC1 DENSITY ALT 1459FT CB EMBD OCNL LTGCCCG ALQDS SLP992
CYAW,2023-08-09 10:00,-63.4994,44.6397,CYAW 091000Z 15019G28KT 2 1/2SM TSRA BR BKN003 OVC008 19/19 A2949 RMK SF7SF1 DENSITY ALT 1482FT CB EMBD OCNL LTGCCCG SLP985
CYAW,2023-08-09 10:20,-63.4994,44.6397,CYAW 091020Z 15017G25KT 2SM -SHRA BR OVC003 19/19 A2949 RMK SF8 DENSITY ALT 1482FT OCNL DIST LTNG E SLP985
CYAW,2023-08-09 11:00,-63.4994,44.6397,CYAW 091100Z 16013G20KT 3/4SM -SHRA BR OVC001 19/19 A2949 RMK SF8 DENSITY ALT 1482FT SLP985
CYAW,2023-08-09 11:34,-63.4994,44.6397,CYAW 091134Z 16010KT 1/2SM -SHRA FG VV001 19/19 A2948 RMK FG8 DENSITY ALT 1494FT SLP983
CYAW,2023-08-09 12:00,-63.4994,44.6397,CYAW 091200Z 16012G18KT 1/8SM -DZ FG VV001 19/19 A2948 RMK FG8 DENSITY ALT 1494FT SLP983
CYAW,2023-08-09 12:47,-63.4994,44.6397,CYAW 091247Z 19007KT 1/4SM FG VV001 19/19 A2948 RMK FG8 DENSITY ALT 1492FT SLP983
CYAW,2023-08-09 13:00,-63.4994,44.6397,CYAW 091300Z 19007KT 1/4SM FG VV001 19/19 A2948 RMK FG8 DENSITY ALT 1494FT VIS VRB 1/8-3/8 SLP982
CYAW,2023-08-09 13:25,-63.4994,44.6397,CYAW 091325Z 19006KT 1 1/2SM BR OVC002 19/19 A2948 RMK SF8 DENSITY ALT 1454FT SLP982
CYAW,2023-08-09 14:00,-63.4994,44.6397,CYAW 091400Z 18007KT 3SM BR OVC003 19/19 A2947 RMK SF8 DENSITY ALT 1490FT SLP980
CYAW,2023-08-09 15:00,-63.4994,44.6397,CYAW 091500Z 19009G17KT 3SM BR OVC003 19/19 A2945 RMK SF8 DENSITY ALT 1435FT VIS LWR N SLP974
CYAW,2023-08-09 15:20,-63.4994,44.6397,CYAW 091520Z 20009KT 3SM -DZ BR OVC004 19/19 A2944 RMK SF8 DENSITY ALT 1460FT VIS LWR N SLP971
CYAW,2023-08-09 16:00,-63.4994,44.6397,CYAW 091600Z 19007KT 2 1/2SM -DZ BR OVC003 19/19 A2944 RMK SF8 DENSITY ALT 1419FT VIS VRB 1 1/2-4 SLP968
CYAW,2023-08-09 16:13,-63.4994,44.6397,CYAW 091613Z 19007KT 2 1/2SM -SHRA BR OVC003 18/18 A2943 RMK SF8 DENSITY ALT 1418FT VIS LWR N SLP967
CYAW,2023-08-09 16:38,-63.4994,44.6397,CYAW 091638Z 20010G16KT 2SM -DZ BR OVC003 18/18 A2942 RMK SF8 DENSITY ALT 1428FT VIS LWR N SLP964
CYAW,2023-08-09 17:00,-63.4994,44.6397,CYAW 091700Z 20008KT 1 1/2SM -DZ BR OVC003 18/18 A2942 RMK SF8 DENSITY ALT 1416FT VIS VRB 1-2 SLP962
CYAW,2023-08-09 17:29,-63.4994,44.6397,CYAW 091729Z 20008KT 1/2SM -DZ FG VV003 18/18 A2941 RMK FG8 DENSITY ALT 1414FT VIS VRB 3/8-5/8 SLP959
CYAW,2023-08-09 18:00,-63.4994,44.6397,CYAW 091800Z 20009G16KT 1/2SM -DZ FG VV003 18/18 A2941 RMK FG8 DENSITY ALT 1361FT VIS VRB 3/8-5/8 SLP959
CYAW,2023-08-09 18:35,-63.4994,44.6397,CYAW 091835Z 20009KT 2SM -DZ BR OVC003 18/18 A2940 RMK SF8 DENSITY ALT 1399FT VIS LWR N SLP957
CYAW,2023-08-09 19:00,-63.4994,44.6397,CYAW 091900Z 21008KT 4SM -DZ BR OVC003 18/18 A2940 RMK SF8 DENSITY ALT 1426FT VIS LWR N SLP957
CYAW,2023-08-09 19:41,-63.4994,44.6397,CYAW 091941Z 22005KT 7SM OVC003 18/18 A2941 RMK SF8 DENSITY ALT 1347FT VIS LWR N SLP958
CYAW,2023-08-09 20:00,-63.4994,44.6397,CYAW 092000Z 23006KT 7SM OVC004 18/18 A2941 RMK SF8 DENSITY ALT 1321FT VIS LWR N SLP959
CYAW,2023-08-09 20:48,-63.4994,44.6397,CYAW 092048Z 25007KT 7SM OVC004 18/18 A2940 RMK SF8 DENSITY ALT 1411FT VIS LWR N LAST OBS /NEXT 100900 UTC SLP957
CYAW,2023-08-10 09:00,-63.4994,44.6397,CYAW 100900Z 27010KT 15SM FEW020 BKN068 BKN240 18/17 A2951 RMK SC2AC4CI1 DENSITY ALT 1225FT FST OBS SLP993
CYAW,2023-08-10 10:00,-63.4994,44.6397,CYAW 101000Z 26012KT 15SM FEW018 SCT070 BKN240 18/16 A2953 RMK SC1AC2CI3 DENSITY ALT 1164FT SLP999
CYAW,2023-08-10 11:00,-63.4994,44.6397,CYAW 101100Z 27011KT 15SM BKN018 BKN250 18/16 A2954 RMK SC6CI1 DENSITY ALT 1255FT SLP003
CYAW,2023-08-10 12:00,-63.4994,44.6397,CYAW 101200Z 29013G19KT 15SM BKN019 OVC250 19/16 A2954 RMK SC7CI1 DENSITY ALT 1317FT SLP004
CYAW,2023-08-10 13:00,-63.4994,44.6397,CYAW 101300Z 29014G19KT 15SM BKN020 20/16 A2956 RMK SC7 DENSITY ALT 1399FT SLP010
CYAW,2023-08-10 14:00,-63.4994,44.6397,CYAW 101400Z 26017G23KT 15SM BKN025 BKN240 21/16 A2957 RMK SC5CI1 DENSITY ALT 1549FT SLP014
CYAW,2023-08-10 15:00,-63.4994,44.6397,CYAW 101500Z 28015G22KT 15SM FEW028 FEW250 22/16 A2958 RMK SC2CI1 DENSITY ALT 1617FT SLP015
CYAW,2023-08-10 16:00,-63.4994,44.6397,CYAW 101600Z 26015G20KT 15SM FEW030 FEW250 23/16 A2959 RMK SC1CI1 DENSITY ALT 1772FT CI TR SLP019
CYAW,2023-08-10 17:00,-63.4994,44.6397,CYAW 101700Z 26015G23KT 15SM FEW040 FEW250 25/16 A2958 RMK SC1CI1 DENSITY ALT 1939FT SLP018
CYAW,2023-08-10 18:00,-63.4994,44.6397,CYAW 101800Z 29011G20KT 15SM FEW045 SCT250 26/16 A2960 RMK SC1CI2 DENSITY ALT 2079FT SLP022
CYAW,2023-08-10 18:50,-63.4994,44.6397,CYAW 101850Z 32013G20KT 15SM FEW050 SCT250 26/17 A2960 RMK SC1CI3 DENSITY ALT 2020FT LAST OBS /NEXT 110900 UTC SLP023
CYAW,2023-08-11 09:00,-63.4994,44.6397,CYAW 110900Z 18003KT 3/4SM BR OVC001 16/16 A2968 RMK SF8 DENSITY ALT 848FT VIS VRB 1/2-1 FST OBS SLP051
CYAW,2023-08-11 09:26,-63.4994,44.6397,CYAW 110926Z 19004KT 1/2SM FG VV001 17/17 A2968 RMK FG8 DENSITY ALT 888FT VIS VRB 1/4-3/4 SLP050
CYAW,2023-08-11 09:52,-63.4994,44.6397,CYAW 110952Z 16004KT 4SM BR OVC002 17/17 A2967 RMK SF8 DENSITY ALT 926FT SLP048
CYAW,2023-08-11 10:00,-63.4994,44.6397,CYAW 111000Z 15005KT 4SM BR BKN002 OVC008 17/17 A2967 RMK SF6ST2 DENSITY ALT 939FT SLP046
CYAW,2023-08-11 10:40,-63.4994,44.6397,CYAW 111040Z 14005KT 5SM BR FEW005 BKN100 OVC150 17/17 A2967 RMK SF1AC5AC2 DENSITY ALT 1006FT SLP046
CYAW,2023-08-11 11:00,-63.4994,44.6397,CYAW 111100Z CCA 14004KT 5SM -DZ BR FEW005 BKN100 OVC150 18/18 A2966 RMK SF1AC5AS3 DENSITY ALT 1084FT SLP045
CYAW,2023-08-11 11:42,-63.4994,44.6397,CYAW 111142Z 16008KT 5SM -DZ BR FEW005 BKN010 OVC100 18/18 A2966 RMK SF2SC5AC1 DENSITY ALT 1150FT PCPN VRY LGT SLP045
CYAW,2023-08-11 12:00,-63.4994,44.6397,CYAW 111200Z 15008KT 5SM -SHRA BR OVC003 18/18 A2966 RMK SF8 DENSITY ALT 1151FT CIG VRB 2-4 CVCTV CLD EMBD SLP045
CYAW,2023-08-11 12:18,-63.4994,44.6397,CYAW 111218Z 15012KT 3/4SM SHRA BR OVC002 18/18 A2965 RMK ST8 DENSITY ALT 1163FT VIS VRB 1/2-1 CVCTV CLD EMBD SLP040
CYAW,2023-08-11 12:27,-63.4994,44.6397,CYAW 111227Z 17010G15KT 1/4SM FG VV001 19/19 A2965 RMK FG8 DENSITY ALT 1217FT VIS VRB 1/8-3/8 CVCTV CLD EMBD SLP041
CYAW,2023-08-11 12:37,-63.4994,44.6397,CYAW 111237Z 17008G15KT 1/4SM -SHRA FG VV001 19/19 A2965 RMK FG8 DENSITY ALT 1217FT VIS VRB 1/8-3/8 CVCTV CLD EMBD SLP041
CYAW,2023-08-11 13:00,-63.4994,44.6397,CYAW 111300Z 19009G21KT 3/4SM -SHRA BR OVC002 19/19 A2966 RMK ST8 DENSITY ALT 1232FT VIS VRB 1/2-1 SLP042
CYAW,2023-08-11 13:20,-63.4994,44.6397,CYAW 111320Z 20012G19KT 3SM -SHRA BR BKN005 OVC025 19/19 A2965 RMK SF7SC1 DENSITY ALT 1203FT SLP039
CYAW,2023-08-11 13:43,-63.4994,44.6397,CYAW 111343Z 20007KT 6SM -SHRA BKN006 BKN030 OVC070 19/18 A2964 RMK SF5SC2AS1 DENSITY ALT 1251FT SLP038
CYAW,2023-08-11 14:00,-63.4994,44.6397,CYAW 111400Z 19006G17KT 8SM FEW020 OVC090 19/18 A2963 RMK SC2AC6 DENSITY ALT 1244FT SLP035
CYAW,2023-08-11 14:44,-63.4994,44.6397,CYAW 111444Z 19005KT 3SM -SHRA BR BKN006 OVC030 19/19 A2962 RMK ST6SC2 DENSITY ALT 1306FT VIS LWR SE SLP031
CYAW,2023-08-11 15:00,-63.4994,44.6397,CYAW 111500Z 14006KT 5SM -SHRA BR FEW007 BKN018 OVC030 19/19 A2961 RMK SF1SC5SC2 DENSITY ALT 1330FT SLP026
CYAW,2023-08-11 16:00,-63.4994,44.6397,CYAW 111600Z 17013G18KT 6SM -SHRA BR FEW008 BKN013 OVC040 20/20 A2957 RMK SF1SC4SC3 DENSITY ALT 1470FT SLP013
CYAW,2023-08-11 16:26,-63.4994,44.6397,CYAW 111626Z 16008KT 1 1/2SM SHRA BR BKN007 OVC015 20/20 A2956 RMK SF6SC2 DENSITY ALT 1428FT SLP010
CYAW,2023-08-11 16:40,-63.4994,44.6397,CYAW 111640Z 16008KT 1SM SHRA BR BKN003 OVC010 20/20 A2955 RMK SF7SC1 DENSITY ALT 1440FT CIG VRB 2-5 SLP007
CYAW,2023-08-11 17:00,-63.4994,44.6397,CYAW 111700Z CCA 16010G15KT 1SM SHRA BR OVC003 20/20 A2954 RMK SF8 DENSITY ALT 1451FT VIS VRB 3/4-1 1/2 CIG VRB 2-4 LAST OBS /NEXT 141000 UTC SLP003
CYAW,2023-08-14 10:00,-63.4994,44.6397,CYAW 141000Z 13004KT 5SM BR OVC003 19/19 A2981 RMK SF8 DENSITY ALT 1019FT FST OBS SLP093
CYAW,2023-08-14 10:28,-63.4994,44.6397,CYAW 141028Z 13003KT 3SM BR OVC002 19/19 A2980 RMK SF8 DENSITY ALT 1030FT SLP092
CYAW,2023-08-14 11:00,-63.4994,44.6397,CYAW 141100Z 11003KT 1/2SM FG VV001 19/19 A2980 RMK FG8 DENSITY ALT 1057FT SLP092
CYAW,2023-08-14 11:15,-63.4994,44.6397,CYAW 141115Z 14002KT 1/4SM FG VV001 19/19 A2980 RMK FG8 DENSITY ALT 1069FT VIS VRB 1/8-3/8 SLP092
CYAW,2023-08-14 12:00,-63.4994,44.6397,CYAW 141200Z 20004KT 1/4SM FG VV001 19/19 A2980 RMK FG8 DENSITY ALT 1057FT VIS VRB 1/8-3/8 SLP090
CYAW,2023-08-14 12:40,-63.4994,44.6397,CYAW 141240Z 26004KT 3/4SM BR OVC002 19/19 A2980 RMK ST8 DENSITY ALT 1124FT VIS VRB 1/2-1 SLP091
CYAW,2023-08-14 13:00,-63.4994,44.6397,CYAW 141300Z 26003KT 6SM BR BKN004 OVC010 20/20 A2980 RMK SF7SC1 DENSITY ALT 1192FT SLP091
CYAW,2023-08-14 13:32,-63.4994,44.6397,CYAW 141332Z 28005KT 10SM BKN006 OVC018 21/20 A2980 RMK SF7SC1 DENSITY ALT 1271FT SLP091
CYAW,2023-08-14 14:00,-63.4994,44.6397,CYAW 141400Z 29007KT 15SM BKN012 BKN023 22/21 A2981 RMK SF6SC1 DENSITY ALT 1383FT CIG VRB 9-15 SLP093
CYAW,2023-08-14 15:00,-63.4994,44.6397,CYAW 141500Z 30008KT 15SM BKN015 OVC031 23/20 A2981 RMK SF6SC2 DENSITY ALT 1513FT CIG VRB 11-19 SLP093
CYAW,2023-08-14 16:00,-63.4994,44.6397,CYAW 141600Z 30008KT 15SM BKN018 BKN025 23/20 A2981 RMK SC5SC2 DENSITY ALT 1553FT SLP095
CYAW,2023-08-14 17:00,-63.4994,44.6397,CYAW 141700Z 30007KT 15SM SCT040 BKN240 25/21 A2980 RMK SC4CI2 DENSITY ALT 1744FT SLP091
CYAW,2023-08-14 18:00,-63.4994,44.6397,CYAW 141800Z 31007KT 15SM SCT030 BKN130 BKN240 26/20 A2980 RMK SC4AC1CI1 DENSITY ALT 1924FT SLP091
CYAW,2023-08-14 19:00,-63.4994,44.6397,CYAW 141900Z 27008KT 15SM SCT036 SCT130 BKN240 26/20 A2981 RMK CU4AC1CI2 DENSITY ALT 1928FT SLP093
CYAW,2023-08-14 20:00,-63.4994,44.6397,CYAW 142000Z 21007KT 15SM FEW040 SCT080 BKN250 24/20 A2981 RMK CU2AC1CI2 DENSITY ALT 1696FT SLP094
CYAW,2023-08-14 21:00,-63.4994,44.6397,CYAW 142100Z 21006KT 15SM FEW042 FEW090 SCT250 25/20 A2982 RMK CU1AC1CI2 DENSITY ALT 1742FT SLP096
CYAW,2023-08-14 22:00,-63.4994,44.6397,CYAW 142200Z 31012KT 15SM FEW040 FEW090 FEW250 25/17 A2982 RMK CU1AC1CI2 DENSITY ALT 1662FT SLP099
CYAW,2023-08-14 23:00,-63.4994,44.6397,CYAW 142300Z 30006KT 15SM FEW040 FEW090 FEW250 23/17 A2983 RMK CU1AC1CI1 DENSITY ALT 1517FT SLP102
CYAW,2023-08-15 00:00,-63.4994,44.6397,CYAW 150000Z 30004KT 15SM FEW040 FEW090 FEW250 22/17 A2984 RMK CU1AC1CI1 DENSITY ALT 1380FT SLP106
CYAW,2023-08-15 01:00,-63.4994,44.6397,CYAW 150100Z CCA 27005KT 15SM FEW250 21/17 A2986 RMK CI1 DENSITY ALT 1229FT LAST OBS /NEXT 151200 UTC SLP112
CYAW,2023-08-15 12:00,-63.4994,44.6397,CYAW 151200Z 21003KT 15SM SCT100 BKN240 19/17 A2990 RMK AC4CI3 DENSITY ALT 944FT FST OBS SLP125
CYAW,2023-08-15 13:00,-63.4994,44.6397,CYAW 151300Z 29002KT 15SM FEW020 BKN100 OVC240 21/17 A2990 RMK CF1AC5CC3 DENSITY ALT 1102FT SLP125
CYAW,2023-08-15 14:00,-63.4994,44.6397,CYAW 151400Z 23002KT 15SM FEW020 BKN100 OVC170 20/17 A2991 RMK SC1AS6AC2 DENSITY ALT 1079FT SLP129
CYAW,2023-08-15 15:00,-63.4994,44.6397,CYAW 151500Z 17005KT 15SM FEW020 FEW100 OVC220 20/18 A2992 RMK CU1AC1CS7 DENSITY ALT 1074FT SLP134
CYAW,2023-08-15 16:00,-63.4994,44.6397,CYAW 151600Z 18005KT 15SM FEW020 BKN170 OVC240 20/18 A2993 RMK SC1AS5CS2 DENSITY ALT 963FT CU ASOCTD SLP135
CYAW,2023-08-15 17:00,-63.4994,44.6397,CYAW 151700Z 19002KT 15SM FEW040 SCT120 OVC160 20/18 A2992 RMK CU1AC3AS5 DENSITY ALT 1027FT SLP134
CYAW,2023-08-15 18:00,-63.4994,44.6397,CYAW 151800Z 19004KT 15SM FEW015 FEW040 OVC140 21/18 A2991 RMK CF1CU1AS8 DENSITY ALT 1166FT SLP128
CYAW,2023-08-15 19:00,-63.4994,44.6397,CYAW 151900Z 22007KT 15SM -SHRA FEW020 FEW040 SCT100 OVC140 20/17 A2992 RMK CF1SC1AC3AS5 DENSITY ALT 1044FT SLP133
CYAW,2023-08-15 20:00,-63.4994,44.6397,CYAW 152000Z 23004KT 15SM -SHRA FEW040 OVC140 19/18 A2990 RMK CU1AS8 DENSITY ALT 979FT SLP126
CYAW,2023-08-15 21:00,-63.4994,44.6397,CYAW 152100Z 25004KT 15SM -SHRA FEW010 FEW040 BKN140 BKN160 19/18 A2989 RMK SF1CU1AS5AC2 DENSITY ALT 1000FT SLP122
CYAW,2023-08-15 22:00,-63.4994,44.6397,CYAW 152200Z 15004KT 15SM -SHRA FEW010 FEW040 BKN130 BKN160 18/18 A2988 RMK SF1CU1AS7AC1 DENSITY ALT 881FT SLP120
CYAW,2023-08-15 23:00,-63.4994,44.6397,CYAW 152300Z 00000KT 15SM -SHRA FEW010 FEW040 SCT085 BKN140 18/18 A2987 RMK SF1CU1AC4AS3 DENSITY ALT 816FT SLP117
CYAW,2023-08-16 00:00,-63.4994,44.6397,CYAW 160000Z 00000KT 15SM -SHRA FEW010 FEW080 BKN160 17/17 A2987 RMK SF1AC2AC5 DENSITY ALT 762FT SLP116
CYAW,2023-08-16 01:00,-63.4994,44.6397,CYAW 160100Z CCA 14003KT 15SM -SHRA FEW003 BKN150 17/17 A2988 RMK SF2AC4 DENSITY ALT 737FT PCPN VRY LGT LAST OBS /NEXT 161200 UTC SLP119
CYAW,2023-08-16 12:00,-63.4994,44.6397,CYAW 161200Z 04004KT 10SM BKN007 OVC020 18/17 A2998 RMK SF6SC2 DENSITY ALT 732FT FST OBS SLP151
CYAW,2023-08-16 13:00,-63.4994,44.6397,CYAW 161300Z 05004KT 12SM BKN010 OVC028 19/17 A2999 RMK SC6SC2 DENSITY ALT 779FT SLP156
CYAW,2023-08-16 14:00,-63.4994,44.6397,CYAW 161400Z 09005KT 12SM BKN010 OVC028 19/18 A3000 RMK SC6SC2 DENSITY ALT 817FT SLP160
CYAW,2023-08-16 15:00,-63.4994,44.6397,CYAW 161500Z 07004KT 12SM BKN012 OVC085 20/18 A3003 RMK SC5AC3 DENSITY ALT 893FT SF ASOCTD SLP169
CYAW,2023-08-16 16:00,-63.4994,44.6397,CYAW 161600Z 14007KT 12SM BKN014 BKN120 21/18 A3002 RMK SC5AC2 DENSITY ALT 1034FT SF ASOCTD SLP166
CYAW,2023-08-16 16:24,-63.4994,44.6397,CYAW 161624Z 14006KT 15SM SCT018 OVC120 21/18 A3002 RMK SC4AC4 DENSITY ALT 1042FT SF ASOCTD SLP165
CYAW,2023-08-16 17:00,-63.4994,44.6397,CYAW 161700Z 13008KT 15SM SCT018 BKN040 OVC120 21/18 A3002 RMK SC4SC2AC2 DENSITY ALT 1061FT SLP165
CYAW,2023-08-16 18:00,-63.4994,44.6397,CYAW 161800Z 13007KT 15SM FEW018 BKN035 OVC120 20/18 A3003 RMK CF1SC6AC2 DENSITY ALT 903FT SLP169
CYAW,2023-08-16 19:00,-63.4994,44.6397,CYAW 161900Z CCA 13006KT 15SM FEW020 BKN040 OVC120 20/18 A3003 RMK CF1SC6AC2 DENSITY ALT 895FT SLP171
CYAW,2023-08-16 20:00,-63.4994,44.6397,CYAW 162000Z 12006KT 15SM FEW020 BKN048 20/18 A3004 RMK CF1SC7 DENSITY ALT 850FT SLP172
CYAW,2023-08-16 21:00,-63.4994,44.6397,CYAW 162100Z 12005KT 15SM FEW020 BKN050 BKN120 19/18 A3004 RMK CF1SC7AC1 DENSITY ALT 823FT SLP172
CYAW,2023-08-16 22:00,-63.4994,44.6397,CYAW 162200Z 12006KT 15SM FEW020 BKN048 BKN120 19/18 A3004 RMK CF1SC7AC1 DENSITY ALT 765FT SLP173
CYAW,2023-08-16 23:00,-63.4994,44.6397,CYAW 162300Z 13004KT 15SM FEW007 FEW050 SCT120 SCT250 18/18 A3005 RMK SF1SC1AC1CI1 DENSITY ALT 683FT SLP176
CYAW,2023-08-17 00:00,-63.4994,44.6397,CYAW 170000Z 00000KT 12SM FEW006 FEW050 FEW120 FEW250 17/17 A3006 RMK SF1SC1AC1CI1 DENSITY ALT 518FT SF TR SC TR SLP180
CYAW,2023-08-17 00:45,-63.4994,44.6397,CYAW 170045Z 00000KT 12SM BKN007 17/17 A3007 RMK SF6 DENSITY ALT 480FT SLP183
CYAW,2023-08-17 01:00,-63.4994,44.6397,CYAW 170100Z CCA 00000KT 12SM BKN007 17/17 A3007 RMK SF5 DENSITY ALT 506FT LAST OBS /NEXT 171200 UTC SLP183
CYAW,2023-08-17 12:00,-63.4994,44.6397,CYAW 171200Z 07004KT 12SM BKN006 BKN075 18/18 A3012 RMK SF6AC1 DENSITY ALT 570FT FST OBS SLP201
CYAW,2023-08-17 12:31,-63.4994,44.6397,CYAW 171231Z 04005KT 15SM SCT008 BKN060 BKN190 19/18 A3012 RMK SF4SC1AC1 DENSITY ALT 735FT SLP201
CYAW,2023-08-17 13:00,-63.4994,44.6397,CYAW 171300Z 12006KT 15SM SCT012 BKN060 BKN190 20/17 A3013 RMK CU4SC1AC1 DENSITY ALT 829FT CF ASOCTD SLP202
CYAW,2023-08-17 14:00,-63.4994,44.6397,CYAW 171400Z 11006KT 15SM FEW015 SCT190 21/17 A3012 RMK CU2AC2 DENSITY ALT 907FT CF ASOCTD SLP201
CYAW,2023-08-17 15:00,-63.4994,44.6397,CYAW 171500Z 12009KT 15SM FEW016 SCT190 SCT240 21/17 A3013 RMK CU2AC2CI1 DENSITY ALT 858FT SLP202
CYAW,2023-08-17 16:00,-63.4994,44.6397,CYAW 171600Z 12009G16KT 15SM FEW018 SCT190 21/16 A3011 RMK CU1AC2 DENSITY ALT 947FT SLP198
CYAW,2023-08-17 17:00,-63.4994,44.6397,CYAW 171700Z 12006KT 15SM FEW015 SCT120 21/18 A3012 RMK CU1AC2 DENSITY ALT 962FT SLP200
CYAW,2023-08-17 18:00,-63.4994,44.6397,CYAW 171800Z 10008G15KT 15SM FEW015 BKN042 21/18 A3012 RMK CU1SC5 DENSITY ALT 902FT SLP199
CYAW,2023-08-17 19:00,-63.4994,44.6397,CYAW 171900Z 11008KT 15SM FEW015 BKN042 21/17 A3011 RMK CU1SC7 DENSITY ALT 898FT SLP197
CYAW,2023-08-17 20:00,-63.4994,44.6397,CYAW 172000Z 10008KT 15SM FEW014 FEW030 BKN041 20/18 A3011 RMK CF1SC2SC5 DENSITY ALT 787FT SLP196
CYAW,2023-08-17 21:00,-63.4994,44.6397,CYAW 172100Z 10005KT 15SM FEW020 BKN039 20/18 A3011 RMK CF1SC7 DENSITY ALT 774FT SLP196
CYAW,2023-08-17 22:00,-63.4994,44.6397,CYAW 172200Z 08004KT 15SM SCT015 OVC039 19/17 A3010 RMK SC3SC5 DENSITY ALT 723FT SLP194
CYAW,2023-08-17 23:00,-63.4994,44.6397,CYAW 172300Z 10008KT 15SM FEW010 BKN014 BKN031 19/18 A3010 RMK SF1SC7SC1 DENSITY ALT 693FT SLP193
CYAW,2023-08-18 00:00,-63.4994,44.6397,CYAW 180000Z 08008KT 15SM BKN015 19/18 A3010 RMK SC7 DENSITY ALT 650FT SLP193
CYAW,2023-08-18 00:20,-63.4994,44.6397,CYAW 180020Z 09005KT 5SM -DZ BR OVC012 18/18 A3010 RMK SC8 DENSITY ALT 638FT SLP192
CYAW,2023-08-18 00:41,-63.4994,44.6397,CYAW 180041Z 09004KT 7SM -DZ OVC008 18/18 A3010 RMK SF8 DENSITY ALT 628FT SLP192
CYAW,2023-08-18 01:00,-63.4994,44.6397,CYAW 180100Z CCA 09006KT 7SM -DZ OVC008 18/18 A3010 RMK SF8 DENSITY ALT 641FT LAST OBS /NEXT 181000 UTC SLP194
CYAW,2023-08-18 10:00,-63.4994,44.6397,CYAW 181000Z CCA 10006KT 2SM SHRA BR OVC002 19/19 A2999 RMK NS8 DENSITY ALT 853FT FST OBS SLP155
CYAW,2023-08-18 10:32,-63.4994,44.6397,CYAW 181032Z 10005KT 2SM -SHRA BR OVC002 19/19 A2998 RMK NS8 DENSITY ALT 864FT SLP154
CYAW,2023-08-18 11:00,-63.4994,44.6397,CYAW 181100Z 11008KT 2SM -SHRA BR OVC002 19/19 A2998 RMK NS8 DENSITY ALT 877FT SLP152
CYAW,2023-08-18 11:35,-63.4994,44.6397,CYAW 181135Z 11006KT 3SM -RA BR OVC002 19/19 A2996 RMK NS8 DENSITY ALT 914FT SLP147
CYAW,2023-08-18 11:49,-63.4994,44.6397,CYAW 181149Z 10007G15KT 1SM RA BR OVC003 19/19 A2996 RMK NS8 DENSITY ALT 914FT SLP146
CYAW,2023-08-18 12:00,-63.4994,44.6397,CYAW 181200Z 11009G15KT 2SM -RA BR OVC002 19/19 A2996 RMK NS8 DENSITY ALT 927FT SLP145
CYAW,2023-08-18 12:09,-63.4994,44.6397,CYAW 181209Z CCA 10009G15KT 2SM +RA BR OVC003 19/19 A2995 RMK NS8 DENSITY ALT 939FT SLP143
CYAW,2023-08-18 12:21,-63.4994,44.6397,CYAW 181221Z 09007G18KT 3SM -RA BR OVC003 19/19 A2995 RMK NS8 DENSITY ALT 939FT SLP142
CYAW,2023-08-18 13:00,-63.4994,44.6397,CYAW 181300Z 10008G16KT 1SM -RA BR OVC003 19/19 A2994 RMK NS8 DENSITY ALT 964FT SLP138
CYAW,2023-08-18 13:35,-63.4994,44.6397,CYAW 181335Z 11007KT 1/2SM -DZ FG VV002 20/20 A2993 RMK FG8 DENSITY ALT 1002FT VIS VRB 1/4-3/4 SLP136
CYAW,2023-08-18 14:00,-63.4994,44.6397,CYAW 181400Z 12005KT 1/2SM -DZ FG VV002 20/20 A2993 RMK FG8 DENSITY ALT 1029FT VIS VRB 1/4-3/4 SLP135
CYAW,2023-08-18 15:00,-63.4994,44.6397,CYAW 181500Z 16007KT 1/8SM -DZ FG VV001 21/21 A2992 RMK FG8 DENSITY ALT 1189FT SLP134
CYAW,2023-08-18 16:00,-63.4994,44.6397,CYAW 181600Z 18005KT 1/2SM -DZ FG VV001 21/21 A2991 RMK FG8 DENSITY ALT 1241FT VIS VRB 1/4-3/4 SLP129
CYAW,2023-08-18 16:22,-63.4994,44.6397,CYAW 181622Z 18008KT 1SM BR VV002 21/21 A2990 RMK FG8 DENSITY ALT 1280FT VIS VRB 3/4-1 1/2 SLP127
CYAW,2023-08-18 17:00,-63.4994,44.6397,CYAW 181700Z 19007KT 1SM -SHRA BR VV002 21/21 A2990 RMK FG8 DENSITY ALT 1251FT VIS VRB 3/4-1 1/2 SLP126
CYAW,2023-08-18 17:22,-63.4994,44.6397,CYAW 181722Z 17006KT 1/2SM -SHRA FG VV001 21/21 A2990 RMK FG8 DENSITY ALT 1196FT VIS VRB 3/8-5/8 SLP125
CYAW,2023-08-18 17:40,-63.4994,44.6397,CYAW 181740Z CCA 19006KT 1SM -SHRA BR OVC002 21/21 A2990 RMK SF8 DENSITY ALT 1171FT VIS HYR SW QUAD LAST OBS /NEXT 210900 UTC SLP126
CYAW,2023-08-21 09:00,-63.4994,44.6397,CYAW 210900Z 22006KT 15SM FEW250 17/15 A2999 RMK CI2 DENSITY ALT 547FT FST OBS SLP157
CYAW,2023-08-21 10:00,-63.4994,44.6397,CYAW 211000Z 25007KT 15SM FEW160 BKN250 18/15 A3000 RMK AC2CI5 DENSITY ALT 635FT SLP159
CYAW,2023-08-21 11:00,-63.4994,44.6397,CYAW 211100Z 24007KT 15SM BKN180 OVC250 18/16 A2999 RMK AC5CI3 DENSITY ALT 671FT SLP157
CYAW,2023-08-21 12:00,-63.4994,44.6397,CYAW 211200Z 23008KT 15SM BKN170 OVC250 19/17 A2999 RMK AC5CI3 DENSITY ALT 756FT SLP155
CYAW,2023-08-21 13:00,-63.4994,44.6397,CYAW 211300Z 23007KT 15SM FEW020 BKN120 OVC250 19/17 A2999 RMK CF1AC6CI2 DENSITY ALT 853FT SLP156
CYAW,2023-08-21 14:00,-63.4994,44.6397,CYAW 211400Z 22006KT 15SM FEW010 BKN110 OVC250 19/17 A3000 RMK SF1AC6CI2 DENSITY ALT 792FT SLP159
CYAW,2023-08-21 14:20,-63.4994,44.6397,CYAW 211420Z 21007KT 6SM -TSRA BR FEW010 OVC110CB 19/18 A3000 RMK SF1CB8 DENSITY ALT 796FT CB W MOV E OCNL LTGCC SLP158
CYAW,2023-08-21 14:39,-63.4994,44.6397,CYAW 211439Z 24008G16KT 6SM -SHRA BR FEW010 OVC075 18/17 A3000 RMK SF1AC8 DENSITY ALT 669FT SLP160
CYAW,2023-08-21 15:00,-63.4994,44.6397,CYAW 211500Z 22006KT 12SM -TSRA FEW010 BKN070CB OVC250 18/17 A2999 RMK SF1CB7CI1 DENSITY ALT 680FT CB E MOV E OCNL LTGCC SLP156
CYAW,2023-08-21 15:39,-63.4994,44.6397,CYAW 211539Z 20004KT 15SM -SHRA FEW010 BKN050 OVC250 18/18 A2998 RMK SF1SC7CI1 DENSITY ALT 752FT SLP152
CYAW,2023-08-21 16:00,-63.4994,44.6397,CYAW 211600Z 19005KT 12SM FEW010 BKN070 OVC240 18/18 A2997 RMK SF1AC6CI2 DENSITY ALT 748FT SLP148
CYAW,2023-08-21 17:00,-63.4994,44.6397,CYAW 211700Z 17003KT 15SM FEW070 BKN120 OVC240 19/18 A2995 RMK AC1AC5CI2 DENSITY ALT 910FT SLP142
CYAW,2023-08-21 18:00,-63.4994,44.6397,CYAW 211800Z 19004KT 15SM FEW010 FEW075 BKN120 OVC240 19/18 A2994 RMK SF1AC2AC5CI1 DENSITY ALT 941FT SLP139
CYAW,2023-08-21 19:00,-63.4994,44.6397,CYAW 211900Z 20003KT 12SM FEW010 SCT075 BKN120 OVC240 19/18 A2992 RMK SF1AC4AC3CI1 DENSITY ALT 957FT LAST OBS /NEXT 220900 UTC SLP134
CYAW,2023-08-22 09:00,-63.4994,44.6397,CYAW 220900Z 36006KT 15SM BKN044 OVC180 17/14 A2994 RMK SC5AC3 DENSITY ALT 570FT FST OBS SLP138
CYAW,2023-08-22 10:00,-63.4994,44.6397,CYAW 221000Z CCA 34006KT 15SM FEW050 BKN120 OVC220 16/14 A2994 RMK SC1AS6CI1 DENSITY ALT 451FT SLP140
CYAW,2023-08-22 11:00,-63.4994,44.6397,CYAW 221100Z 34007KT 15SM FEW048 BKN120 BKN220 16/14 A2995 RMK SC2AS5CI1 DENSITY ALT 517FT SLP143
CYAW,2023-08-22 12:00,-63.4994,44.6397,CYAW 221200Z 35008KT 15SM SCT057 BKN120 BKN220 17/15 A2996 RMK SC4AS2CI1 DENSITY ALT 572FT SLP145
CYAW,2023-08-22 13:00,-63.4994,44.6397,CYAW 221300Z 35008KT 15SM FEW020 FEW060 BKN250 19/15 A2995 RMK CF1SC1CI4 DENSITY ALT 783FT CF TR SLP143
CYAW,2023-08-22 14:00,-63.4994,44.6397,CYAW 221400Z 34007KT 15SM SCT025 BKN250 21/15 A2995 RMK CU3CI2 DENSITY ALT 1020FT SLP141
CYAW,2023-08-22 15:00,-63.4994,44.6397,CYAW 221500Z 02009KT 15SM BKN035 BKN250 21/13 A2994 RMK CU5CI1 DENSITY ALT 1092FT SLP138
CYAW,2023-08-22 16:00,-63.4994,44.6397,CYAW 221600Z 01006KT 15SM SCT038 BKN250 21/13 A2993 RMK CU3CI2 DENSITY ALT 1027FT SLP137
CYAW,2023-08-22 17:00,-63.4994,44.6397,CYAW 221700Z 33007KT 15SM SCT040 BKN250 22/13 A2992 RMK CU3CI2 DENSITY ALT 1239FT SLP134
CYAW,2023-08-22 18:00,-63.4994,44.6397,CYAW 221800Z 36009KT 15SM FEW040 SCT250 23/12 A2992 RMK CU2CI2 DENSITY ALT 1321FT SLP131
CYAW,2023-08-22 19:00,-63.4994,44.6397,CYAW 221900Z CCA 01007KT 15SM SCT040 BKN250 22/11 A2991 RMK CU3CI2 DENSITY ALT 1147FT LAST OBS /NEXT 230900 UTC SLP129
CYAW,2023-08-23 09:00,-63.4994,44.6397,CYAW 230900Z 34007KT 15SM FEW085 FEW250 12/11 A3000 RMK AC1CI1 DENSITY ALT -102FT FST OBS SLP158
CYAW,2023-08-23 10:00,-63.4994,44.6397,CYAW 231000Z 34003KT 15SM FEW090 FEW250 12/12 A3001 RMK AC1CI1 DENSITY ALT -97FT SLP161
CYAW,2023-08-23 11:00,-63.4994,44.6397,CYAW 231100Z 33007KT 15SM FEW090 FEW250 14/12 A3001 RMK AC1CI1 DENSITY ALT 147FT SLP164
CYAW,2023-08-23 12:00,-63.4994,44.6397,CYAW 231200Z 34007KT 15SM FEW250 16/12 A3002 RMK CI1 DENSITY ALT 412FT SLP167
CYAW,2023-08-23 13:00,-63.4994,44.6397,CYAW 231300Z 33008KT 15SM FEW020 FEW250 18/11 A3002 RMK CF1CI1 DENSITY ALT 546FT SLP166
CYAW,2023-08-23 14:00,-63.4994,44.6397,CYAW 231400Z 35009KT 15SM FEW040 FEW250 19/10 A3002 RMK CF1CI1 DENSITY ALT 669FT SLP165
CYAW,2023-08-23 15:00,-63.4994,44.6397,CYAW 231500Z CCA 33010KT 15SM FEW050 FEW250 20/10 A3001 RMK CU1CI1 DENSITY ALT 778FT SLP164
CYAW,2023-08-23 16:00,-63.4994,44.6397,CYAW 231600Z 33009G17KT 15SM FEW050 FEW250 20/09 A3000 RMK CU1CI1 DENSITY ALT 800FT SLP159
CYAW,2023-08-23 17:00,-63.4994,44.6397,CYAW 231700Z 35008G16KT 15SM FEW050 FEW250 21/08 A2998 RMK CU1CI1 DENSITY ALT 918FT SLP154
CYAW,2023-08-23 18:00,-63.4994,44.6397,CYAW 231800Z 33010G15KT 15SM FEW050 FEW250 21/08 A2997 RMK CU1CI1 DENSITY ALT 977FT SLP150
CYAW,2023-08-23 19:00,-63.4994,44.6397,CYAW 231900Z CCA 32006KT 15SM FEW050 FEW250 21/08 A2996 RMK CF1CI1 DENSITY ALT 1002FT LAST OBS /NEXT 240900 UTC SLP147
CYAW,2023-08-24 09:00,-63.4994,44.6397,CYAW 240900Z 00000KT 15SM FEW030 FEW250 12/11 A3002 RMK SC1CI1 DENSITY ALT -77FT FST OBS SLP165
CYAW,2023-08-24 10:00,-63.4994,44.6397,CYAW 241000Z 32003KT 15SM FEW030 FEW250 13/11 A3003 RMK SC1CI1 DENSITY ALT -26FT SLP171
CYAW,2023-08-24 11:00,-63.4994,44.6397,CYAW 241100Z 34006KT 15SM SKC 15/13 A3005 RMK DENSITY ALT 240FT SLP176
CYAW,2023-08-24 12:00,-63.4994,44.6397,CYAW 241200Z 32003KT 15SM SKC 18/16 A3006 RMK DENSITY ALT 625FT SLP179
CYAW,2023-08-24 13:00,-63.4994,44.6397,CYAW 241300Z 01003KT 15SM SKC 21/13 A3007 RMK DENSITY ALT 909FT SLP182
CYAW,2023-08-24 14:00,-63.4994,44.6397,CYAW 241400Z 18005KT 15SM FEW040 21/14 A3007 RMK CF1 DENSITY ALT 940FT SLP184
CYAW,2023-08-24 15:00,-63.4994,44.6397,CYAW 241500Z 16009KT 15SM FEW040 21/13 A3007 RMK CF1 DENSITY ALT 929FT SLP184
CYAW,2023-08-24 16:00,-63.4994,44.6397,CYAW 241600Z 16010KT 15SM FEW040 22/12 A3007 RMK CU2 DENSITY ALT 1009FT SLP182
CYAW,2023-08-24 17:00,-63.4994,44.6397,CYAW 241700Z 18007KT 15SM FEW040 21/12 A3007 RMK CU1 DENSITY ALT 928FT SLP183
CYAW,2023-08-24 18:00,-63.4994,44.6397,CYAW 241800Z 16009KT 15SM FEW040 22/13 A3006 RMK CU2 DENSITY ALT 1081FT SLP181
CYAW,2023-08-24 19:00,-63.4994,44.6397,CYAW 241900Z CCA 20008KT 15SM FEW040 22/15 A3006 RMK CU2 DENSITY ALT 1044FT LAST OBS /NEXT 251000 UTC SLP180
CYAW,2023-08-25 10:00,-63.4994,44.6397,CYAW 251000Z 07003KT 15SM FEW010 SCT140 BKN240 15/15 A3014 RMK SF1AC3CI4 DENSITY ALT 106FT FST OBS SLP205
CYAW,2023-08-25 11:00,-63.4994,44.6397,CYAW 251100Z 04003KT 15SM FEW010 FEW140 BKN240 16/16 A3015 RMK SF1AC1CI7 DENSITY ALT 255FT SLP210
CYAW,2023-08-25 12:00,-63.4994,44.6397,CYAW 251200Z 00000KT 15SM FEW009 FEW140 BKN230 17/17 A3016 RMK SF1AC1CS5 DENSITY ALT 414FT SLP212
CYAW,2023-08-25 13:00,-63.4994,44.6397,CYAW 251300Z 00000KT 15SM FEW008 BKN220 19/18 A3016 RMK SF1CS6 DENSITY ALT 635FT HALO SLP213
CYAW,2023-08-25 14:00,-63.4994,44.6397,CYAW 251400Z 18005KT 15SM FEW011 FEW180 BKN220 21/18 A3016 RMK CF1AC1CS7 DENSITY ALT 876FT HALO SLP213
CYAW,2023-08-25 15:00,-63.4994,44.6397,CYAW 251500Z 19003KT 15SM FEW012 FEW160 BKN220 21/18 A3016 RMK CF1AC1CS6 DENSITY ALT 871FT SLP214
CYAW,2023-08-25 16:00,-63.4994,44.6397,CYAW 251600Z 17005KT 15SM FEW010 SCT140 OVC220 20/18 A3016 RMK SC1AC3CS5 DENSITY ALT 753FT SLP212
CYAW,2023-08-25 17:00,-63.4994,44.6397,CYAW 251700Z 20006KT 15SM FEW010 BKN140 OVC220 22/17 A3015 RMK CU2AC4CS2 DENSITY ALT 943FT SLP210
CYAW,2023-08-25 18:00,-63.4994,44.6397,CYAW 251800Z 19005KT 15SM FEW010 BKN140 OVC220 22/15 A3014 RMK CU1AC6CS1 DENSITY ALT 955FT SLP207
CYAW,2023-08-25 18:50,-63.4994,44.6397,CYAW 251850Z 18006KT 15SM FEW010 BKN140 OVC220 21/16 A3014 RMK CU1AC6CS1 DENSITY ALT 895FT LAST OBS /NEXT 281000 UTC SLP206
CYAW,2023-08-28 10:00,-63.4994,44.6397,CYAW 281000Z 00000KT 15SM FEW045 FEW240 14/14 A3003 RMK SC1CI1 DENSITY ALT 86FT FST OBS SLP171
CYAW,2023-08-28 11:00,-63.4994,44.6397,CYAW 281100Z 32002KT 15SM FEW045 16/16 A3006 RMK SC1 DENSITY ALT 344FT SLP179
CYAW,2023-08-28 12:00,-63.4994,44.6397,CYAW 281200Z 31005KT 15SM FEW045 18/16 A3007 RMK SC1 DENSITY ALT 600FT SLP184
CYAW,2023-08-28 13:00,-63.4994,44.6397,CYAW 281300Z 29005KT 15SM FEW012 FEW045 20/16 A3008 RMK CF1SC1 DENSITY ALT 795FT SLP185
CYAW,2023-08-28 14:00,-63.4994,44.6397,CYAW 281400Z 30008KT 15SM FEW025 SCT240 21/15 A3009 RMK CU2CI1 DENSITY ALT 883FT SLP188
CYAW,2023-08-28 15:00,-63.4994,44.6397,CYAW 281500Z 30006KT 15SM FEW035 FEW240 22/13 A3008 RMK CU1CI1 DENSITY ALT 1043FT SLP186
CYAW,2023-08-28 16:00,-63.4994,44.6397,CYAW 281600Z 27006KT 15SM FEW035 FEW240 23/12 A3008 RMK CU1CI1 DENSITY ALT 1064FT SLP187
CYAW,2023-08-28 17:00,-63.4994,44.6397,CYAW 281700Z 31008KT 15SM FEW035 FEW240 23/13 A3008 RMK CF1CI1 DENSITY ALT 1172FT SLP187
CYAW,2023-08-28 18:00,-63.4994,44.6397,CYAW 281800Z 18008KT 15SM FEW040 FEW240 23/14 A3008 RMK CU1CI1 DENSITY ALT 1120FT SLP186
CYAW,2023-08-28 19:00,-63.4994,44.6397,CYAW 281900Z 17009KT 15SM FEW040 FEW250 22/15 A3008 RMK CF1CI1 DENSITY ALT 1081FT CF TR SLP185
CYAW,2023-08-28 20:00,-63.4994,44.6397,CYAW 282000Z 16012KT 15SM FEW040 FEW250 22/15 A3008 RMK CF1CI1 DENSITY ALT 984FT CF TR SLP186
CYAW,2023-08-28 21:00,-63.4994,44.6397,CYAW 282100Z 19008KT 15SM FEW040 FEW250 21/14 A3010 RMK CF1CI2 DENSITY ALT 933FT SLP192
CYAW,2023-08-28 22:00,-63.4994,44.6397,CYAW 282200Z 21006KT 15SM BKN250 20/15 A3011 RMK CI5 DENSITY ALT 796FT SLP195
CYAW,2023-08-28 23:00,-63.4994,44.6397,CYAW 282300Z 23005KT 15SM BKN250 19/14 A3013 RMK CI5 DENSITY ALT 597FT SLP202
CYAW,2023-08-29 00:00,-63.4994,44.6397,CYAW 290000Z 20003KT 15SM BKN310 18/15 A3014 RMK CI7 DENSITY ALT 488FT SLP206
CYAW,2023-08-29 01:00,-63.4994,44.6397,CYAW 290100Z 23004KT 15SM BKN300 17/16 A3014 RMK CI6 DENSITY ALT 421FT SLP205
CYAW,2023-08-29 02:00,-63.4994,44.6397,CYAW 290200Z CCA 00000KT 15SM BKN290 17/16 A3014 RMK CI7 DENSITY ALT 421FT LAST OBS /NEXT 291200 UTC SLP205
CYAW,2023-08-29 12:00,-63.4994,44.6397,CYAW 291200Z 07002KT 15SM FEW035 OVC250 16/16 A3015 RMK SC1CS8 DENSITY ALT 315FT FST OBS SLP211
CYAW,2023-08-29 13:00,-63.4994,44.6397,CYAW 291300Z 13002KT 15SM FEW035 FEW170 OVC250 18/17 A3015 RMK SC1AC1CS8 DENSITY ALT 490FT SLP209
CYAW,2023-08-29 14:00,-63.4994,44.6397,CYAW 291400Z 14005KT 15SM FEW035 BKN170 BKN250 20/19 A3013 RMK SC2AC3CI2 DENSITY ALT 758FT SLP204
CYAW,2023-08-29 15:00,-63.4994,44.6397,CYAW 291500Z 13007KT 15SM FEW015 SCT160 BKN250 20/18 A3013 RMK CU2AC2CI3 DENSITY ALT 844FT SLP204
CYAW,2023-08-29 16:00,-63.4994,44.6397,CYAW 291600Z 16008KT 15SM SCT013 BKN160 OVC250 20/18 A3013 RMK SC4AC2CI2 DENSITY ALT 842FT SLP204
CYAW,2023-08-29 16:20,-63.4994,44.6397,CYAW 291620Z 16009KT 15SM BKN013 BKN160 OVC250 20/18 A3013 RMK SC5AC2CI1 DENSITY ALT 821FT SLP202
CYAW,2023-08-29 17:00,-63.4994,44.6397,CYAW 291700Z 16008KT 15SM BKN010 OVC019 20/19 A3012 RMK SC7SC1 DENSITY ALT 860FT SLP199
CYAW,2023-08-29 18:00,-63.4994,44.6397,CYAW 291800Z 15007KT 15SM BKN011 OVC020 21/19 A3011 RMK SC7SC1 DENSITY ALT 915FT SLP197
CYAW,2023-08-29 19:00,-63.4994,44.6397,CYAW 291900Z 13005KT 15SM BKN008 OVC016 20/19 A3008 RMK SF6SC2 DENSITY ALT 918FT SLP187
CYAW,2023-08-29 20:00,-63.4994,44.6397,CYAW 292000Z 17006KT 15SM SCT009 SCT160 BKN240 21/19 A3008 RMK SF3AC1CS4 DENSITY ALT 930FT SLP187
CYAW,2023-08-29 21:00,-63.4994,44.6397,CYAW 292100Z 17004KT 15SM FEW009 FEW160 BKN240 20/18 A3006 RMK SF1AC1CS5 DENSITY ALT 925FT SLP181
CYAW,2023-08-29 22:00,-63.4994,44.6397,CYAW 292200Z 12003KT 15SM FEW007 FEW160 BKN250 20/19 A3005 RMK SF1AC1CI7 DENSITY ALT 883FT SLP176
CYAW,2023-08-29 22:45,-63.4994,44.6397,CYAW 292245Z 00000KT 15SM BKN004 BKN250 19/19 A3004 RMK SF5CI2 DENSITY ALT 834FT VIS LWR E CIG VRB 3-6 LAST OBS /NEXT 301200 UTC SLP174
CYAW,2023-08-30 12:00,-63.4994,44.6397,CYAW 301200Z 17006KT 1SM RA BR OVC002 20/20 A2980 RMK SF8 DENSITY ALT 1259FT VIS VRB 3/4-1 1/4 FST OBS SLP090
CYAW,2023-08-30 12:21,-63.4994,44.6397,CYAW 301221Z 16007KT 1/2SM -RA FG VV002 20/20 A2978 RMK FG8 DENSITY ALT 1282FT VIS VRB 1/4-3/4 SLP084
CYAW,2023-08-30 13:00,-63.4994,44.6397,CYAW 301300Z 16009KT 1 1/4SM -DZ BR OVC002 21/21 A2976 RMK SF8 DENSITY ALT 1400FT VIS VRB 3/4-1 3/4 SLP078
CYAW,2023-08-30 13:16,-63.4994,44.6397,CYAW 301316Z 17009KT 1 1/4SM -SHRA BR OVC002 21/21 A2976 RMK SF8 DENSITY ALT 1373FT VIS VRB 3/4-1 3/4 SLP076
CYAW,2023-08-30 13:47,-63.4994,44.6397,CYAW 301347Z 19007KT 1 1/4SM -DZ BR OVC002 21/21 A2974 RMK SF8 DENSITY ALT 1396FT VIS VRB 3/4-1 3/4 SLP072
CYAW,2023-08-30 14:00,-63.4994,44.6397,CYAW 301400Z 20010G15KT 1 1/2SM -SHRA BR OVC002 21/21 A2973 RMK SF8 DENSITY ALT 1448FT VIS VRB 1-2 SLP067
CYAW,2023-08-30 14:15,-63.4994,44.6397,CYAW 301415Z CCA 20011G23KT 1/2SM -TSRA FG OVC002CB 21/21 A2974 RMK CB8 DENSITY ALT 1409FT CB W MOV NE VIS VRB 3/8-5/8 SLP069
CYAW,2023-08-30 14:37,-63.4994,44.6397,CYAW 301437Z 23010G19KT 2SM +TSRA BR OVC002CB 21/21 A2974 RMK CB8 DENSITY ALT 1396FT CB N QUAD MOV NE OCNL LTGCCCG SLP071
CYAW,2023-08-30 14:47,-63.4994,44.6397,CYAW 301447Z 21008G15KT 5SM -SHRA BR BKN003 OVC010 21/21 A2974 RMK SF6SC2 DENSITY ALT 1369FT SLP069
CYAW,2023-08-30 15:00,-63.4994,44.6397,CYAW 301500Z 21007KT 5SM -SHRA BR BKN008 OVC025 21/21 A2973 RMK SF7SC1 DENSITY ALT 1367FT SLP066
CYAW,2023-08-30 15:23,-63.4994,44.6397,CYAW 301523Z 20010KT 1 1/2SM SHRA BR OVC005 20/20 A2971 RMK SF8 DENSITY ALT 1363FT VIS VRB 1-2 SLP062
CYAW,2023-08-30 15:42,-63.4994,44.6397,CYAW 301542Z 21009G16KT 5SM -DZ BR BKN004 OVC025 20/20 A2971 RMK SF7SC1 DENSITY ALT 1349FT SLP060
CYAW,2023-08-30 16:00,-63.4994,44.6397,CYAW 301600Z 22010KT 8SM BKN004 OVC025 20/20 A2971 RMK SF7SC1 DENSITY ALT 1363FT /R15/ SLP061
CYAW,2023-08-30 17:00,-63.4994,44.6397,CYAW 301700Z 22009G15KT 10SM BKN004 BKN020 21/21 A2968 RMK SF6SC1 DENSITY ALT 1492FT SLP052
CYAW,2023-08-30 17:28,-63.4994,44.6397,CYAW 301728Z 20010KT 10SM BKN006 OVC020 21/21 A2969 RMK SF7SC1 DENSITY ALT 1480FT SLP053
CYAW,2023-08-30 18:00,-63.4994,44.6397,CYAW 301800Z 21011KT 10SM BKN007 OVC050 21/21 A2969 RMK SF7SC1 DENSITY ALT 1426FT SLP053
CYAW,2023-08-30 18:40,-63.4994,44.6397,CYAW 301840Z 21008KT 3SM -SHRA BR OVC005 21/21 A2967 RMK SF8 DENSITY ALT 1463FT SLP047
CYAW,2023-08-30 19:00,-63.4994,44.6397,CYAW 301900Z 21007KT 6SM -DZ BR OVC004 21/21 A2966 RMK SF8 DENSITY ALT 1486FT SLP043
CYAW,2023-08-30 19:32,-63.4994,44.6397,CYAW 301932Z 20008KT 4SM -SHRA BR OVC004 21/21 A2964 RMK SF8 DENSITY ALT 1470FT CIG VRB 3-5 SLP038
CYAW,2023-08-30 20:00,-63.4994,44.6397,CYAW 302000Z 19009KT 3SM -SHRA BR OVC004 20/20 A2963 RMK SF8 DENSITY ALT 1455FT VIS LWR SW QUAD CIG VRB 3-5 SLP035
CYAW,2023-08-30 20:13,-63.4994,44.6397,CYAW 302013Z 20012G19KT 1/2SM SHRA FG VV001 20/20 A2963 RMK FG8 DENSITY ALT 1441FT SLP032
CYAW,2023-08-30 20:18,-63.4994,44.6397,CYAW 302018Z 20013G19KT 3/4SM +SHRA BR VV001 20/20 A2963 RMK FG8 DENSITY ALT 1428FT SLP033
CYAW,2023-08-30 20:33,-63.4994,44.6397,CYAW 302033Z 20010G16KT 1SM SHRA BR VV002 20/20 A2962 RMK FG8 DENSITY ALT 1453FT VIS VRB 3/4-1 1/2 SLP029
CYAW,2023-08-30 20:41,-63.4994,44.6397,CYAW 302041Z 20012G19KT 5SM -SHRA BR OVC004 21/21 A2960 RMK SF8 DENSITY ALT 1528FT SLP025
CYAW,2023-08-30 21:00,-63.4994,44.6397,CYAW 302100Z 20011G21KT 5SM -SHRA BR OVC002 21/21 A2960 RMK SF8 DENSITY ALT 1557FT SLP024
CYAW,2023-08-30 21:43,-63.4994,44.6397,CYAW 302143Z 21014G21KT 2SM -SHRA BR OVC004 21/21 A2958 RMK SF8 DENSITY ALT 1646FT SLP016
CYAW,2023-08-30 22:00,-63.4994,44.6397,CYAW 302200Z 21013G22KT 3/4SM -SHRA BR VV002 21/21 A2958 RMK FG8 DENSITY ALT 1634FT VIS VRB 1/2-1 SLP018
CYAW,2023-08-30 22:33,-63.4994,44.6397,CYAW 302233Z CCA 23013G19KT 2 1/2SM SHRA BR OVC003 21/21 A2958 RMK SF8 DENSITY ALT 1621FT LAST OBS /NEXT 311200 UTC SLP015
CYAW,2023-08-31 12:00,-63.4994,44.6397,CYAW 311200Z 33013KT 15SM SCT018 SCT160 BKN240 18/16 A2963 RMK SC4AC1CI2 DENSITY ALT 1089FT FST OBS SLP032
CYAW,2023-08-31 13:00,-63.4994,44.6397,CYAW 311300Z 33009KT 15SM BKN018 17/15 A2965 RMK SC7 DENSITY ALT 994FT SLP041
CYAW,2023-08-31 14:00,-63.4994,44.6397,CYAW 311400Z 31010G16KT 15SM BKN018 18/15 A2968 RMK SC7 DENSITY ALT 1002FT SLP049
CYAW,2023-08-31 15:00,-63.4994,44.6397,CYAW 311500Z 29011G17KT 15SM BKN018 19/14 A2969 RMK SC7 DENSITY ALT 1058FT SLP053
CYAW,2023-08-31 16:00,-63.4994,44.6397,CYAW 311600Z 31015G21KT 15SM BKN032 BKN120 BKN240 19/14 A2970 RMK SC6AC1CI1 DENSITY ALT 1141FT SLP058
CYAW,2023-08-31 17:00,-63.4994,44.6397,CYAW 311700Z 32018KT 15SM SCT032 BKN120 BKN240 19/13 A2973 RMK SC4AC2CI1 DENSITY ALT 1068FT SLP066
CYAW,2023-08-31 18:00,-63.4994,44.6397,CYAW 311800Z 32015G21KT 15SM BKN035 BKN120 BKN240 19/13 A2974 RMK SC5AC1CI1 DENSITY ALT 1056FT SLP072
CYAW,2023-08-31 19:00,-63.4994,44.6397,CYAW 311900Z 34012G17KT 15SM BKN040 BKN240 18/11 A2978 RMK SC5CI1 DENSITY ALT 914FT SLP083
CYAW,2023-08-31 20:00,-63.4994,44.6397,CYAW 312000Z 35010G20KT 15SM FEW050 SCT120 SCT240 18/11 A2980 RMK SC2AC1CI1 DENSITY ALT 849FT SLP090
CYAW,2023-08-31 21:00,-63.4994,44.6397,CYAW 312100Z 34012G19KT 15SM FEW030 FEW120 SCT240 18/11 A2983 RMK SC1AC1CI2 DENSITY ALT 771FT AC TR SLP101
CYAW,2023-08-31 21:43,-63.4994,44.6397,CYAW 312143Z 35011G19KT 15SM FEW035 FEW050 SCT240 17/11 A2985 RMK SC1SC1CI1 DENSITY ALT 666FT LAST OBS /NEXT 011000 UTC SLP108
CYAW,2023-09-01 10:00,-63.4994,44.6397,CYAW 011000Z 32006KT 15SM FEW035 FEW240 10/10 A3011 RMK SC1CI1 DENSITY ALT -524FT FST OBS SLP199
CYAW,2023-09-01 12:00,-63.4994,44.6397,CYAW 011200Z 34007KT 15SM FEW030 FEW240 14/10 A3014 RMK SC1CI1 DENSITY ALT -43FT SLP209
CYAW,2023-09-01 13:00,-63.4994,44.6397,CYAW 011300Z 35006KT 15SM FEW030 FEW240 16/10 A3016 RMK SC1CI1 DENSITY ALT 189FT SLP213
CYAW,2023-09-01 14:00,-63.4994,44.6397,CYAW 011400Z 34005KT 15SM FEW030 17/09 A3015 RMK SC1 DENSITY ALT 346FT SLP212
CYAW,2023-09-01 15:00,-63.4994,44.6397,CYAW 011500Z 03008KT 15SM FEW030 19/06 A3015 RMK CU1 DENSITY ALT 489FT SLP210
CYAW,2023-09-01 16:00,-63.4994,44.6397,CYAW 011600Z 36007KT 15SM FEW030 19/08 A3015 RMK CU1 DENSITY ALT 558FT SLP209
CYAW,2023-09-01 17:00,-63.4994,44.6397,CYAW 011700Z 01008KT 15SM FEW050 20/08 A3015 RMK SC1 DENSITY ALT 605FT SLP210
CYAW,2023-09-01 18:00,-63.4994,44.6397,CYAW 011800Z 35006KT 15SM FEW055 20/08 A3015 RMK SC1 DENSITY ALT 645FT SLP211
CYAW,2023-09-01 19:00,-63.4994,44.6397,CYAW 011900Z CCA 36003KT 15SM FEW060 20/08 A3015 RMK SC1 DENSITY ALT 691FT LAST OBS /NEXT 051000 UTC SLP211
CYAW,2023-09-05 10:00,-63.4994,44.6397,CYAW 051000Z 01013G20KT 15SM SCT140 BKN250 17/13 A2975 RMK AC3CI3 DENSITY ALT 768FT FST OBS SLP075
CYAW,2023-09-05 11:00,-63.4994,44.6397,CYAW 051100Z 01013G22KT 15SM FEW140 BKN250 18/12 A2975 RMK AC2CI4 DENSITY ALT 863FT SLP073
CYAW,2023-09-05 12:00,-63.4994,44.6397,CYAW 051200Z CCA 36012KT 15SM FEW140 BKN250 19/12 A2975 RMK AC2CI4 DENSITY ALT 1034FT SLP073
CYAW,2023-09-05 13:00,-63.4994,44.6397,CYAW 051300Z 35014G21KT 15SM FEW080 FEW140 BKN250 21/13 A2974 RMK AC1AC1CI4 DENSITY ALT 1302FT SLP072
CYAW,2023-09-05 14:00,-63.4994,44.6397,CYAW 051400Z 36016G24KT 15SM FEW120 SCT250 23/13 A2974 RMK AC1CI2 DENSITY ALT 1504FT SLP071
CYAW,2023-09-05 15:00,-63.4994,44.6397,CYAW 051500Z 35018G27KT 15SM FEW100 SCT250 24/14 A2973 RMK AC2CI2 DENSITY ALT 1683FT SLP067
CYAW,2023-09-05 16:00,-63.4994,44.6397,CYAW 051600Z 01018G24KT 15SM FEW035 FEW100 BKN250 25/14 A2972 RMK SC1AC2CI3 DENSITY ALT 1804FT SLP064
CYAW,2023-09-05 17:00,-63.4994,44.6397,CYAW 051700Z 36018G31KT 15SM FEW035 FEW100 SCT250 26/15 A2971 RMK SC1AC1CC1 DENSITY ALT 1865FT SLP061
CYAW,2023-09-05 18:00,-63.4994,44.6397,CYAW 051800Z 01020G29KT 15SM FEW040 SCT110 SCT250 26/15 A2971 RMK SC1AC3CI1 DENSITY ALT 1903FT CI TR SLP060
CYAW,2023-09-05 19:00,-63.4994,44.6397,CYAW 051900Z 36018G29KT 15SM FEW035 SCT110 SCT250 25/16 A2971 RMK SC2AC1CI1 DENSITY ALT 1849FT CI TR SLP059
CYAW,2023-09-05 20:00,-63.4994,44.6397,CYAW 052000Z 36020G26KT 15SM FEW035 SCT070 SCT250 24/15 A2971 RMK SC1AC3CI1 DENSITY ALT 1727FT SLP059
CYAW,2023-09-05 21:00,-63.4994,44.6397,CYAW 052100Z 36018G26KT 15SM SCT055 BKN250 23/16 A2970 RMK SC4CI1 DENSITY ALT 1606FT SLP058
CYAW,2023-09-05 22:00,-63.4994,44.6397,CYAW 052200Z 01017G28KT 15SM -SHRA FEW025 BKN035 21/17 A2971 RMK SC1SC6 DENSITY ALT 1368FT PCPN VRY LGT SLP062
CYAW,2023-09-05 22:23,-63.4994,44.6397,CYAW 052223Z 02015G25KT 15SM SCT023 BKN035 21/17 A2972 RMK SC4SC3 DENSITY ALT 1337FT VIRGA E SLP064
CYAW,2023-09-05 23:00,-63.4994,44.6397,CYAW 052300Z 01012G23KT 15SM FEW022 BKN039 BKN050 20/17 A2972 RMK SC1SC5SC2 DENSITY ALT 1280FT SLP064
CYAW,2023-09-06 00:00,-63.4994,44.6397,CYAW 060000Z 36010G18KT 15SM SCT022 20/17 A2973 RMK SC4 DENSITY ALT 1191FT SLP066
CYAW,2023-09-06 01:00,-63.4994,44.6397,CYAW 060100Z 36014G22KT 15SM FEW020 SCT035 19/17 A2972 RMK SC1SC2 DENSITY ALT 1182FT SLP065
CYAW,2023-09-06 02:00,-63.4994,44.6397,CYAW 060200Z 01013G20KT 15SM FEW020 FEW180 FEW250 19/18 A2971 RMK SC1AC1CI1 DENSITY ALT 1187FT SLP060
CYAW,2023-09-06 03:00,-63.4994,44.6397,CYAW 060300Z 01016G22KT 15SM SCT020 BKN180 OVC250 20/18 A2970 RMK SC3AC4CI1 DENSITY ALT 1235FT SLP056
CYAW,2023-09-06 04:00,-63.4994,44.6397,CYAW 060400Z CCA 01015G20KT 15SM SCT020 BKN180 BKN250 20/18 A2968 RMK SC3AC3CI1 DENSITY ALT 1258FT LAST OBS /NEXT 061300 UTC SLP052
CYAW,2023-09-06 13:00,-63.4994,44.6397,CYAW 061300Z 03015G21KT 15SM OVC017 21/19 A2965 RMK SC8 DENSITY ALT 1480FT FST OBS SLP039
CYAW,2023-09-06 13:27,-63.4994,44.6397,CYAW 061327Z 04012G18KT 15SM -SHRA OVC017 21/19 A2965 RMK SC8 DENSITY ALT 1495FT SLP040
CYAW,2023-09-06 14:00,-63.4994,44.6397,CYAW 061400Z 04011G19KT 15SM OVC018 21/19 A2965 RMK SC8 DENSITY ALT 1502FT SLP039
CYAW,2023-09-06 14:13,-63.4994,44.6397,CYAW 061413Z 04012G20KT 12SM -SHRA BKN019 22/19 A2964 RMK SC7 DENSITY ALT 1573FT SLP038
CYAW,2023-09-06 15:00,-63.4994,44.6397,CYAW 061500Z 05014G22KT 10SM -SHRA OVC018 21/19 A2964 RMK SC8 DENSITY ALT 1537FT VIS E-S 3 SLP037
CYAW,2023-09-06 15:47,-63.4994,44.6397,CYAW 061547Z 07011G19KT 15SM BKN013 22/20 A2963 RMK SC7 DENSITY ALT 1680FT VIS LWR E-S SLP035
CYAW,2023-09-06 16:00,-63.4994,44.6397,CYAW 061600Z 05013G20KT 15SM BKN013 BKN020 22/20 A2963 RMK SC5SC2 DENSITY ALT 1668FT SLP035
CYAW,2023-09-06 17:00,-63.4994,44.6397,CYAW 061700Z 06012G22KT 15SM SCT015 BKN040 BKN100 23/20 A2962 RMK SC3SC2AC1 DENSITY ALT 1705FT SLP031
CYAW,2023-09-06 17:48,-63.4994,44.6397,CYAW 061748Z 06012G21KT 15SM -SHRA BKN013 BKN100 22/20 A2962 RMK SC6AC1 DENSITY ALT 1684FT SLP031
CYAW,2023-09-06 18:00,-63.4994,44.6397,CYAW 061800Z 06013G25KT 15SM -SHRA BKN012 BKN100 22/20 A2962 RMK SC6AC1 DENSITY ALT 1615FT SLP031
CYAW,2023-09-06 19:00,-63.4994,44.6397,CYAW 061900Z 07011G21KT 12SM BKN010 22/20 A2962 RMK SC6 DENSITY ALT 1615FT SLP031
CYAW,2023-09-06 19:18,-63.4994,44.6397,CYAW 061918Z 07011G22KT 2SM -SHRA BR OVC009 21/20 A2963 RMK SF8 DENSITY ALT 1532FT SLP032
CYAW,2023-09-06 19:36,-63.4994,44.6397,CYAW 061936Z 06010G22KT 4SM -SHRA BR BKN007 OVC014 20/20 A2963 RMK SF7SC1 DENSITY ALT 1436FT SLP032
CYAW,2023-09-06 20:00,-63.4994,44.6397,CYAW 062000Z 07007G17KT 12SM BKN008 BKN015 20/20 A2963 RMK SF7SC1 DENSITY ALT 1444FT VIS LWR SW QUAD SLP032
CYAW,2023-09-06 20:10,-63.4994,44.6397,CYAW 062010Z 08007G20KT 3SM -SHRA BR BKN005 OVC012 20/20 A2963 RMK SF7SC1 DENSITY ALT 1409FT VIS HYR E SLP033
CYAW,2023-09-06 21:00,-63.4994,44.6397,CYAW 062100Z 06008G19KT 5SM -SHRA BR BKN006 OVC012 20/20 A2962 RMK SF7SC1 DENSITY ALT 1395FT SLP031
CYAW,2023-09-06 21:15,-63.4994,44.6397,CYAW 062115Z 06009KT 1 1/2SM -SHRA BR OVC004 20/20 A2963 RMK SF8 DENSITY ALT 1334FT CIG VRB 3-6 SLP033
CYAW,2023-09-06 21:41,-63.4994,44.6397,CYAW 062141Z 06008KT 12SM -SHRA BKN006 OVC010 19/19 A2963 RMK SF7SC1 DENSITY ALT 1320FT CIG VRB 4-8 SLP033
CYAW,2023-09-06 22:00,-63.4994,44.6397,CYAW 062200Z 06005KT 5SM -SHRA BR OVC004 19/19 A2963 RMK SF8 DENSITY ALT 1320FT CIG VRB 3-6 SLP033
CYAW,2023-09-06 22:15,-63.4994,44.6397,CYAW 062215Z 06005KT 1 1/2SM -SHRA BR OVC004 19/19 A2963 RMK SF8 DENSITY ALT 1307FT CIG VRB 3-6 SLP033
CYAW,2023-09-06 22:34,-63.4994,44.6397,CYAW 062234Z 08007KT 5SM -SHRA BR OVC004 19/19 A2963 RMK SF8 DENSITY ALT 1307FT CIG VRB 3-6 SLP033
CYAW,2023-09-06 23:00,-63.4994,44.6397,CYAW 062300Z 06010KT 4SM -SHRA BR OVC003 19/19 A2963 RMK SF8 DENSITY ALT 1293FT VIS LWR SE QUAD SLP035
CYAW,2023-09-07 00:00,-63.4994,44.6397,CYAW 070000Z 07007KT 4SM -SHRA BR OVC006 19/19 A2964 RMK SF8 DENSITY ALT 1282FT CIG VRB 4-8 SLP037
CYAW,2023-09-07 01:00,-63.4994,44.6397,CYAW 070100Z 04007KT 8SM -DZ OVC006 19/19 A2964 RMK SF8 DENSITY ALT 1282FT CIG VRB 4-8 SLP038
CYAW,2023-09-07 02:00,-63.4994,44.6397,CYAW 070200Z 05007KT 10SM -DZ OVC006 19/19 A2964 RMK SF8 DENSITY ALT 1282FT CIG VRB 4-8 SLP037
CYAW,2023-09-07 02:40,-63.4994,44.6397,CYAW 070240Z 06006KT 4SM -SHRA BR OVC005 19/19 A2964 RMK SF8 DENSITY ALT 1268FT VIS LWR S CIG VRB 3-7 SLP036
CYAW,2023-09-07 03:00,-63.4994,44.6397,CYAW 070300Z 05004KT 3SM -SHRA BR OVC005 19/19 A2964 RMK SF8 DENSITY ALT 1268FT VIS LWR S QUAD CIG VRB 3-7 SLP036
CYAW,2023-09-07 04:00,-63.4994,44.6397,CYAW 070400Z CCA 03005KT 8SM BKN005 OVC025 19/19 A2962 RMK SF7SC1 DENSITY ALT 1305FT CIG VRB 3-7 LAST OBS /NEXT 071300 UTC SLP031
CYAW,2023-09-07 14:00,-63.4994,44.6397,CYAW 071400Z 33011KT 9SM -DZ BKN005 BKN011 20/20 A2971 RMK SF7SC1 DENSITY ALT 1290FT FST OBS SLP061
CYAW,2023-09-07 14:10,-63.4994,44.6397,CYAW 071410Z 32012KT 15SM BKN007 OVC013 20/19 A2971 RMK SF7SC1 DENSITY ALT 1307FT SLP062
CYAW,2023-09-07 15:00,-63.4994,44.6397,CYAW 071500Z 33012KT 15SM OVC009 21/20 A2972 RMK SF8 DENSITY ALT 1383FT SLP064
CYAW,2023-09-07 16:00,-63.4994,44.6397,CYAW 071600Z 32013G20KT 15SM BKN012 22/19 A2973 RMK SC7 DENSITY ALT 1506FT SLP067
CYAW,2023-09-07 16:42,-63.4994,44.6397,CYAW 071642Z 32015KT 15SM OVC016 22/19 A2974 RMK SC8 DENSITY ALT 1502FT SLP069
CYAW,2023-09-07 17:00,-63.4994,44.6397,CYAW 071700Z 32012G20KT 15SM OVC017 22/20 A2974 RMK SC8 DENSITY ALT 1542FT SLP069
CYAW,2023-09-07 18:00,-63.4994,44.6397,CYAW 071800Z 33014KT 15SM BKN016 23/20 A2975 RMK SC7 DENSITY ALT 1580FT SLP073
CYAW,2023-09-07 19:00,-63.4994,44.6397,CYAW 071900Z 33012KT 15SM BKN022 23/19 A2976 RMK SC6 DENSITY ALT 1606FT SLP078
CYAW,2023-09-07 20:00,-63.4994,44.6397,CYAW 072000Z 31008G15KT 15SM BKN026 24/20 A2977 RMK SC6 DENSITY ALT 1672FT SLP081
CYAW,2023-09-07 21:00,-63.4994,44.6397,CYAW 072100Z 32008KT 15SM FEW025 SCT031 24/19 A2979 RMK SC1SC2 DENSITY ALT 1638FT SLP087
CYAW,2023-09-07 22:00,-63.4994,44.6397,CYAW 072200Z 33008KT 15SM FEW028 SCT250 23/19 A2980 RMK SC1CI2 DENSITY ALT 1574FT SLP092
CYAW,2023-09-07 23:00,-63.4994,44.6397,CYAW 072300Z 31005KT 15SM FEW028 BKN250 22/19 A2982 RMK SC1CI7 DENSITY ALT 1341FT SLP098
CYAW,2023-09-08 00:00,-63.4994,44.6397,CYAW 080000Z 31002KT 15SM SKC 19/18 A2985 RMK DENSITY ALT 1008FT SLP107
CYAW,2023-09-08 01:00,-63.4994,44.6397,CYAW 080100Z 25004KT 15SM SKC 20/18 A2987 RMK DENSITY ALT 1050FT SLP116
CYAW,2023-09-08 02:00,-63.4994,44.6397,CYAW 080200Z 00000KT 15SM SKC 19/18 A2989 RMK DENSITY ALT 957FT SLP121
CYAW,2023-09-08 03:00,-63.4994,44.6397,CYAW 080300Z 00000KT 15SM SKC 18/18 A2990 RMK DENSITY ALT 808FT SLP126
CYAW,2023-09-08 04:00,-63.4994,44.6397,CYAW 080400Z 36003KT 15SM SKC 17/17 A2991 RMK DENSITY ALT 730FT SLP128
CYAW,2023-09-08 05:00,-63.4994,44.6397,CYAW 080500Z 00000KT 15SM SKC 18/18 A2992 RMK DENSITY ALT 799FT LAST OBS /NEXT 081000 UTC SLP134
CYAW,2023-09-08 10:00,-63.4994,44.6397,CYAW 081000Z 00000KT 15SM MIFG FEW027 FEW055 16/16 A2998 RMK SC1SC1 DENSITY ALT 516FT FST OBS SLP152
CYAW,2023-09-08 11:00,-63.4994,44.6397,CYAW 081100Z 00000KT 15SM SCT029 SCT250 18/18 A3001 RMK SC3CC1 DENSITY ALT 721FT SLP163
CYAW,2023-09-08 12:00,-63.4994,44.6397,CYAW 081200Z 00000KT 15SM FEW050 FEW250 20/20 A3003 RMK SC1CC1 DENSITY ALT 982FT SLP169
CYAW,2023-09-08 13:00,-63.4994,44.6397,CYAW 081300Z 17003KT 15SM FEW250 22/20 A3004 RMK CI1 DENSITY ALT 1212FT SLP173
CYAW,2023-09-08 14:00,-63.4994,44.6397,CYAW 081400Z 16009KT 15SM FEW030 22/20 A3004 RMK SC1 DENSITY ALT 1177FT SLP174
CYAW,2023-09-08 15:00,-63.4994,44.6397,CYAW 081500Z 18007KT 10SM FEW030 23/20 A3004 RMK SC1 DENSITY ALT 1239FT SLP174
CYAW,2023-09-08 16:00,-63.4994,44.6397,CYAW 081600Z 16007KT 10SM FEW030 23/21 A3005 RMK SC1 DENSITY ALT 1285FT SLP176
CYAW,2023-09-08 17:00,-63.4994,44.6397,CYAW 081700Z 16008KT 10SM FEW030 23/21 A3005 RMK SC1 DENSITY ALT 1254FT SLP176
CYAW,2023-09-08 18:00,-63.4994,44.6397,CYAW 081800Z CCA 20009KT 10SM FEW025 23/21 A3005 RMK SC1 DENSITY ALT 1275FT LAST OBS /NEXT 101200 UTC SLP175
CYAW,2023-09-10 12:00,-63.4994,44.6397,CYAW 101200Z 24004KT 5SM BR OVC002 20/20 A3018 RMK SF8 DENSITY ALT 770FT FST OBS SLP220
CYAW,2023-09-10 12:28,-63.4994,44.6397,CYAW 101228Z 26004KT 9SM SCT004 BKN015 21/21 A3018 RMK SF4SC3 DENSITY ALT 902FT SLP221
CYAW,2023-09-10 13:00,-63.4994,44.6397,CYAW 101300Z 25005KT 9SM FEW005 BKN014 22/21 A3018 RMK SF2SC5 DENSITY ALT 1006FT SLP221
CYAW,2023-09-10 14:00,-63.4994,44.6397,CYAW 101400Z 25005KT 12SM FEW001 SCT012 BKN250 24/20 A3019 RMK SF1SC4CI2 DENSITY ALT 1170FT SLP223
CYAW,2023-09-10 15:00,-63.4994,44.6397,CYAW 101500Z 16003KT 15SM FEW018 SCT100 BKN250 24/21 A3019 RMK SC2AC1CI2 DENSITY ALT 1229FT SLP223
CYAW,2023-09-10 16:00,-63.4994,44.6397,CYAW 101600Z 17006G16KT 15SM FEW018 FEW050 FEW250 25/21 A3018 RMK CU1SC1CI1 DENSITY ALT 1347FT CU TR SLP220
CYAW,2023-09-10 17:00,-63.4994,44.6397,CYAW 101700Z 16011KT 15SM FEW030 FEW055 BKN250 24/21 A3018 RMK CU1SC1CI5 DENSITY ALT 1231FT CU TR SLP219
CYAW,2023-09-10 18:00,-63.4994,44.6397,CYAW 101800Z 19008KT 15SM FEW035 FEW060 BKN250 24/21 A3017 RMK CU1SC1CI7 DENSITY ALT 1251FT SLP215
CYAW,2023-09-10 18:53,-63.4994,44.6397,CYAW 101853Z 18006KT 15SM FEW040 BKN250 24/21 A3017 RMK CU1CI7 DENSITY ALT 1267FT LAST OBS /NEXT 111000 UTC SLP215
CYAW,2023-09-11 10:00,-63.4994,44.6397,CYAW 111000Z 17004KT 1/8SM FG VV001 19/19 A3011 RMK FG8 DENSITY ALT 742FT FST OBS SLP196
CYAW,2023-09-11 11:00,-63.4994,44.6397,CYAW 111100Z 00000KT 5/8SM BR BKN003 OVC007 19/19 A3010 RMK SF5SC3 DENSITY ALT 767FT VIS HYR S QUAD SLP194
CYAW,2023-09-11 11:50,-63.4994,44.6397,CYAW 111150Z 15005KT 3/8SM FG OVC004 20/20 A3010 RMK FG5SF3 DENSITY ALT 808FT VIS VRB 1/4-1/2 SLP193
CYAW,2023-09-11 12:00,-63.4994,44.6397,CYAW 111200Z 15004KT 3/8SM FG OVC004 19/19 A3010 RMK FG5SF3 DENSITY ALT 781FT SLP193
CYAW,2023-09-11 12:14,-63.4994,44.6397,CYAW 111214Z 14003KT 0SM FG VV000 20/20 A3010 RMK FG8 DENSITY ALT 794FT SLP192
CYAW,2023-09-11 12:36,-63.4994,44.6397,CYAW 111236Z CCA 00000KT 3/4SM -DZ BR OVC003 20/20 A3009 RMK SF8 DENSITY ALT 846FT FG BANK E QUAD SLP191
CYAW,2023-09-11 12:46,-63.4994,44.6397,CYAW 111246Z 13002KT 1/2SM -SHRA FG OVC003 20/20 A3010 RMK SF8 DENSITY ALT 821FT SLP192
CYAW,2023-09-11 13:00,-63.4994,44.6397,CYAW 111300Z 00000KT 1/2SM FG OVC003 20/20 A3010 RMK SF8 DENSITY ALT 862FT SLP193
CYAW,2023-09-11 13:10,-63.4994,44.6397,CYAW 111310Z 15002KT 0SM FG VV000 20/20 A3010 RMK FG8 DENSITY ALT 848FT SLP193
CYAW,2023-09-11 13:40,-63.4994,44.6397,CYAW 111340Z 10002KT 1/4SM FG VV002 20/20 A3010 RMK FG8 DENSITY ALT 916FT VIS VRB 1/8-3/8 SLP192
CYAW,2023-09-11 14:00,-63.4994,44.6397,CYAW 111400Z 13002KT 1/2SM -SHRA FG OVC008 20/20 A3009 RMK FG6SF2 DENSITY ALT 927FT VIS HYR SE QUAD SLP191
CYAW,2023-09-11 14:14,-63.4994,44.6397,CYAW 111414Z 15002KT 2SM BR BKN003 OVC010 21/21 A3009 RMK SF7SC1 DENSITY ALT 954FT FG BANK N QUAD SLP191
CYAW,2023-09-11 14:34,-63.4994,44.6397,CYAW 111434Z 14005KT 5SM BR BKN004 OVC010 21/21 A3009 RMK SF5SC3 DENSITY ALT 1020FT SLP188
CYAW,2023-09-11 15:00,-63.4994,44.6397,CYAW 111500Z 13006KT 3/4SM BR BKN003 OVC008 20/20 A3009 RMK SF7SC1 DENSITY ALT 927FT VIS VRB 1/2-1 SLP188
CYAW,2023-09-11 15:12,-63.4994,44.6397,CYAW 111512Z 13004KT 1/8SM FG VV001 21/20 A3008 RMK FG8 DENSITY ALT 952FT VIS VRB 0-1/4 SLP187
CYAW,2023-09-11 15:42,-63.4994,44.6397,CYAW 111542Z 16003KT 3SM -DZ BR BKN003 OVC008 21/21 A3008 RMK SF7SC1 DENSITY ALT 979FT SLP185
CYAW,2023-09-11 16:00,-63.4994,44.6397,CYAW 111600Z 13004KT 6SM BR BKN004 OVC008 21/21 A3007 RMK SF6SC2 DENSITY ALT 1015FT FG BANK SW SLP184
CYAW,2023-09-11 16:31,-63.4994,44.6397,CYAW 111631Z 13005KT 3SM BR BKN003 OVC008 21/21 A3007 RMK SF7SC1 DENSITY ALT 1017FT SLP183
CYAW,2023-09-11 17:00,-63.4994,44.6397,CYAW 111700Z 09003KT 5SM BR BKN003 OVC008 21/21 A3006 RMK SF7SC1 DENSITY ALT 1083FT SLP181
CYAW,2023-09-11 18:00,-63.4994,44.6397,CYAW 111800Z 18004KT 5SM BR BKN003 OVC010 22/21 A3005 RMK SF6SC2 DENSITY ALT 1166FT SLP176
CYAW,2023-09-11 18:46,-63.4994,44.6397,CYAW 111846Z 18003KT 12SM SCT006 BKN010 OVC250 22/21 A3005 RMK SF4SC3CI1 DENSITY ALT 1187FT VIS LWR SW QUAD SLP175
CYAW,2023-09-11 19:00,-63.4994,44.6397,CYAW 111900Z 16005KT 12SM SCT006 BKN010 BKN140 OVC250 22/21 A3005 RMK SF3SC2AC2CI1 DENSITY ALT 1177FT TCU EMBD VIS LWR SW QUAD SLP175
CYAW,2023-09-11 20:00,-63.4994,44.6397,CYAW 112000Z 15006KT 12SM FEW005 SCT018 SCT140 BKN250 22/21 A3004 RMK SF1SC3AC1CI4 DENSITY ALT 1223FT VIS LWR SW QUAD SLP173
CYAW,2023-09-11 21:00,-63.4994,44.6397,CYAW 112100Z 15005KT 1SM BR SCT002 SCT020 BKN140 BKN250 21/21 A3004 RMK SF3SC1AC2CI1 DENSITY ALT 1052FT VIS HYR N QUAD SLP172
CYAW,2023-09-11 21:21,-63.4994,44.6397,CYAW 112121Z 11003KT 2SM BR FEW002 FEW017 SCT140 BKN250 21/21 A3003 RMK SF1SC1AC2CI2 DENSITY ALT 1077FT VIS VRB 1-3 VIS HYR NW QUAD SLP170
CYAW,2023-09-11 21:45,-63.4994,44.6397,CYAW 112145Z 00000KT 2SM BR BKN002 BKN012 BKN140 BKN250 21/21 A3004 RMK SF5SC1AC1CI1 DENSITY ALT 1038FT VIS VRB 1-3 VIS HYR NW SLP173
CYAW,2023-09-11 22:00,-63.4994,44.6397,CYAW 112200Z 14004KT 1SM BR BKN002 BKN020 BKN140 BKN250 21/21 A3004 RMK SF5SC2AC1CI1 DENSITY ALT 1011FT VIS VRB 3/4-1 1/2 VIS HYR W QUAD SLP172
CYAW,2023-09-11 22:48,-63.4994,44.6397,CYAW 112248Z 15003KT 5/8SM BR VV001 20/20 A3004 RMK FG8 DENSITY ALT 890FT SLP173
CYAW,2023-09-11 23:00,-63.4994,44.6397,CYAW 112300Z 13003KT 1/4SM FG VV001 20/20 A3004 RMK FG8 DENSITY ALT 876FT VIS VRB 1/8-3/8 SLP173
CYAW,2023-09-12 00:00,-63.4994,44.6397,CYAW 120000Z 00000KT 1/4SM FG VV001 19/19 A3006 RMK FG8 DENSITY ALT 813FT VIS VRB 1/8-1/2 SLP178
CYAW,2023-09-12 00:40,-63.4994,44.6397,CYAW 120040Z 00000KT 3/4SM BR OVC004 19/19 A3006 RMK SF8 DENSITY ALT 813FT LAST OBS /NEXT 120800 UTC SLP178
CYAW,2023-09-12 08:00,-63.4994,44.6397,CYAW 120800Z 14002KT 1SM -DZ BR OVC003 20/20 A3002 RMK SF8 DENSITY ALT 912FT FST OBS SLP166
CYAW,2023-09-12 09:00,-63.4994,44.6397,CYAW 120900Z 06003KT 3SM -DZ BR OVC003 20/20 A3002 RMK SF8 DENSITY ALT 953FT VIS LWR S QUAD SLP165
CYAW,2023-09-12 10:00,-63.4994,44.6397,CYAW 121000Z 06003KT 3SM BR OVC003 20/20 A3003 RMK SF8 DENSITY ALT 914FT SLP169
CYAW,2023-09-12 11:00,-63.4994,44.6397,CYAW 121100Z 05005KT 3SM BR OVC003 20/20 A3005 RMK SF8 DENSITY ALT 892FT VIS LWR SE QUAD SLP175
CYAW,2023-09-12 11:13,-63.4994,44.6397,CYAW 121113Z 06004KT 1 1/2SM -DZ BR OVC003 20/20 A3005 RMK SF8 DENSITY ALT 905FT VIS VRB 1-2 SLP176
CYAW,2023-09-12 11:34,-63.4994,44.6397,CYAW 121134Z 06002KT 3/4SM -DZ BR OVC002 20/20 A3005 RMK SF8 DENSITY ALT 919FT VIS VRB 1/2-1 SLP177
CYAW,2023-09-12 12:00,-63.4994,44.6397,CYAW 121200Z 06005KT 3/4SM -DZ BR OVC002 20/20 A3005 RMK SF8 DENSITY ALT 919FT VIS VRB 1/2-1 SLP177
CYAW,2023-09-12 13:00,-63.4994,44.6397,CYAW 121300Z 10004KT 3/4SM -DZ BR OVC003 20/20 A3006 RMK SF8 DENSITY ALT 961FT VIS VRB 1/2-1 SLP180
CYAW,2023-09-12 13:34,-63.4994,44.6397,CYAW 121334Z 10002KT 2 1/4SM -DZ BR BKN003 OVC009 20/20 A3006 RMK SF7SC1 DENSITY ALT 961FT VIS VRB 1 1/2-3 SLP180
CYAW,2023-09-12 14:00,-63.4994,44.6397,CYAW 121400Z 10004KT 3SM -DZ BR BKN005 OVC010 21/21 A3006 RMK SF7SC1 DENSITY ALT 975FT VIS LWR N PCPN VRY LGT SLP179
CYAW,2023-09-12 14:45,-63.4994,44.6397,CYAW 121445Z 12004KT 12SM BKN006 OVC011 21/21 A3006 RMK SF7SC1 DENSITY ALT 1002FT VIS LWR SE SLP178
CYAW,2023-09-12 15:00,-63.4994,44.6397,CYAW 121500Z 12005KT 12SM BKN007 BKN012 BKN100 21/21 A3005 RMK SF6SC1AC1 DENSITY ALT 1067FT VIS LWR N SLP177
CYAW,2023-09-12 16:00,-63.4994,44.6397,CYAW 121600Z 07004KT 12SM BKN009 BKN013 BKN120 22/21 A3005 RMK SF5SC2AC1 DENSITY ALT 1222FT SLP176
CYAW,2023-09-12 16:32,-63.4994,44.6397,CYAW 121632Z 09003KT 12SM SCT009 BKN017 BKN120 23/21 A3004 RMK SF3SC3AC1 DENSITY ALT 1302FT SLP174
CYAW,2023-09-12 17:00,-63.4994,44.6397,CYAW 121700Z 14007KT 15SM FEW009 BKN020 BKN120 22/21 A3003 RMK SF2SC3AC2 DENSITY ALT 1236FT SLP171
CYAW,2023-09-12 18:00,-63.4994,44.6397,CYAW 121800Z 15007KT 15SM FEW012 FEW020 BKN140 23/21 A3003 RMK SC1SC2AC3 DENSITY ALT 1355FT SLP169
CYAW,2023-09-12 19:00,-63.4994,44.6397,CYAW 121900Z 12005KT 15SM SCT006 BKN020 BKN140 22/20 A3003 RMK SF3SC2AC1 DENSITY ALT 1121FT VIS LWR SW QUAD SLP171
CYAW,2023-09-12 19:30,-63.4994,44.6397,CYAW 121930Z 13004KT 15SM BKN006 BKN020 21/20 A3003 RMK SF6SC1 DENSITY ALT 1054FT VIS LWR E-SW SLP171
CYAW,2023-09-12 20:00,-63.4994,44.6397,CYAW 122000Z 16006KT 1SM BR BKN003 OVC020 20/20 A3003 RMK SF7SC1 DENSITY ALT 982FT VIS VRB 3/4-1 1/2 VIS HYR NW-N SLP170
CYAW,2023-09-12 20:10,-63.4994,44.6397,CYAW 122010Z 14006KT 3/4SM BR OVC003 20/20 A3003 RMK SF8 DENSITY ALT 941FT VIS HYR NW CIG VRB 2-4 SLP171
CYAW,2023-09-12 21:00,-63.4994,44.6397,CYAW 122100Z 13004KT 3/4SM BR VV002 20/20 A3003 RMK FG8 DENSITY ALT 888FT SLP171
CYAW,2023-09-12 21:28,-63.4994,44.6397,CYAW 122128Z 14004KT 12SM OVC004 20/20 A3003 RMK SF8 DENSITY ALT 888FT VIS LWR NW QUAD CIG VRB 3-5 SLP170
CYAW,2023-09-12 21:46,-63.4994,44.6397,CYAW 122146Z 14005KT 2 1/4SM BR OVC004 20/20 A3003 RMK SF8 DENSITY ALT 874FT VIS VRB 1 1/2-3 CIG VRB 3-5 SLP170
CYAW,2023-09-12 22:00,-63.4994,44.6397,CYAW 122200Z 15004KT 1SM BR OVC003 19/19 A3003 RMK SF8 DENSITY ALT 847FT VIS VRB 3/4-1 1/2 SLP169
CYAW,2023-09-12 22:21,-63.4994,44.6397,CYAW 122221Z 00000KT 3/4SM BR OVC002 19/19 A3004 RMK SF8 DENSITY ALT 809FT CIG VRB 1-3 SLP172
CYAW,2023-09-12 23:00,-63.4994,44.6397,CYAW 122300Z 15003KT 3/4SM BR VV002 19/19 A3005 RMK FG8 DENSITY ALT 784FT SLP175
CYAW,2023-09-12 23:46,-63.4994,44.6397,CYAW 122346Z 00000KT 1SM -DZ BR OVC003 19/19 A3006 RMK SF8 DENSITY ALT 759FT VIS VRB 3/4-1 1/2 CIG VRB 2-4 SLP178
CYAW,2023-09-13 00:00,-63.4994,44.6397,CYAW 130000Z 00000KT 1SM -DZ BR OVC003 19/19 A3006 RMK SF8 DENSITY ALT 772FT VIS VRB 3/4-1 1/2 CIG VRB 2-4 SLP180
CYAW,2023-09-13 00:28,-63.4994,44.6397,CYAW 130028Z 00000KT 3/4SM -DZ BR VV001 19/19 A3006 RMK FG8 DENSITY ALT 772FT SLP179
CYAW,2023-09-13 00:42,-63.4994,44.6397,CYAW 130042Z 15003KT 1SM -DZ BR OVC003 19/19 A3006 RMK SF8 DENSITY ALT 759FT VIS VRB 3/4-1 1/2 CIG VRB 2-4 SLP180
CYAW,2023-09-13 01:00,-63.4994,44.6397,CYAW 130100Z CCA 00000KT 1 1/2SM -DZ BR OVC005 19/19 A3006 RMK SF8 DENSITY ALT 746FT LAST OBS /NEXT 131200 UTC SLP180
CYAW,2023-09-13 12:00,-63.4994,44.6397,CYAW 131200Z 14005KT 1/2SM FG OVC002 19/19 A3008 RMK SF8 DENSITY ALT 803FT VIS VRB 1/4-3/4 VIS HYR W QUAD FST OBS SLP186
CYAW,2023-09-13 12:14,-63.4994,44.6397,CYAW 131214Z 14005KT 8SM BKN004 OVC010 20/20 A3008 RMK SF7SC1 DENSITY ALT 830FT VIS LWR N SLP186
CYAW,2023-09-13 13:00,-63.4994,44.6397,CYAW 131300Z 12005KT 10SM -DZ BKN004 OVC010 20/20 A3009 RMK SF7SC1 DENSITY ALT 886FT SLP188
CYAW,2023-09-13 13:39,-63.4994,44.6397,CYAW 131339Z 13006KT 10SM BKN004 OVC010 20/20 A3009 RMK SF7SC1 DENSITY ALT 875FT SLP190
CYAW,2023-09-13 14:00,-63.4994,44.6397,CYAW 131400Z 13005KT 6SM BR BKN003 OVC010 20/20 A3009 RMK SF7SC1 DENSITY ALT 900FT VIS HYR S QUAD SLP189
CYAW,2023-09-13 15:00,-63.4994,44.6397,CYAW 131500Z 14004KT 6SM -DZ BR BKN003 OVC010 21/21 A3009 RMK SF7SC1 DENSITY ALT 940FT SLP188
CYAW,2023-09-13 16:00,-63.4994,44.6397,CYAW 131600Z 13006KT 10SM -DZ BKN005 OVC013 21/21 A3008 RMK SF7SC1 DENSITY ALT 1006FT SLP186
CYAW,2023-09-13 17:00,-63.4994,44.6397,CYAW 131700Z 14007KT 4SM -DZ BR BKN005 OVC013 20/20 A3008 RMK SF7SC1 DENSITY ALT 938FT SLP186
CYAW,2023-09-13 18:00,-63.4994,44.6397,CYAW 131800Z 12006KT 2SM -DZ BR BKN004 OVC012 20/20 A3006 RMK SF7SC1 DENSITY ALT 934FT SLP181
CYAW,2023-09-13 18:15,-63.4994,44.6397,CYAW 131815Z 12005KT 1 3/4SM -RA BR OVC003 20/20 A3006 RMK SF8 DENSITY ALT 880FT SLP180
CYAW,2023-09-13 18:27,-63.4994,44.6397,CYAW 131827Z 12005KT 3/4SM -DZ BR OVC002 20/20 A3006 RMK SF8 DENSITY ALT 867FT SLP179
CYAW,2023-09-13 18:43,-63.4994,44.6397,CYAW 131843Z 10005KT 3/8SM -DZ FG VV002 20/20 A3005 RMK FG8 DENSITY ALT 865FT SLP176
CYAW,2023-09-13 19:00,-63.4994,44.6397,CYAW 131900Z 12007KT 3/4SM -DZ BR OVC003 20/20 A3005 RMK SF8 DENSITY ALT 865FT SLP177
CYAW,2023-09-13 20:00,-63.4994,44.6397,CYAW 132000Z 13006KT 1/2SM -SHRA FG VV001 20/20 A3005 RMK FG8 DENSITY ALT 865FT VIS VRB 1/4-3/4 SLP176
CYAW,2023-09-13 21:00,-63.4994,44.6397,CYAW 132100Z 13006KT 1/4SM -SHRA FG VV001 20/20 A3005 RMK FG8 DENSITY ALT 851FT VIS VRB 1/8-3/8 SLP177
CYAW,2023-09-13 21:23,-63.4994,44.6397,CYAW 132123Z 13005KT 3/4SM -SHRA BR VV002 20/20 A3005 RMK FG8 DENSITY ALT 865FT SLP176
CYAW,2023-09-13 21:46,-63.4994,44.6397,CYAW 132146Z 14005KT 1SM -SHRA BR VV002 20/20 A3006 RMK FG8 DENSITY ALT 853FT VIS VRB 3/4-1 1/2 SLP178
CYAW,2023-09-13 22:00,-63.4994,44.6397,CYAW 132200Z 13006KT 5/8SM -SHRA BR VV002 20/20 A3005 RMK FG8 DENSITY ALT 851FT LAST OBS /NEXT 141200 UTC SLP177
CYAW,2023-09-14 12:00,-63.4994,44.6397,CYAW 141200Z 16007KT 0SM FG VV000 20/20 A3005 RMK FG8 DENSITY ALT 851FT FST OBS SLP177
CYAW,2023-09-14 12:54,-63.4994,44.6397,CYAW 141254Z 16008KT 1/4SM FG VV001 20/20 A3006 RMK FG8 DENSITY ALT 867FT SLP178
CYAW,2023-09-14 13:00,-63.4994,44.6397,CYAW 141300Z 15006KT 1/8SM FG VV001 20/20 A3006 RMK FG8 DENSITY ALT 867FT VIS VRB 0-1/4 SLP178
CYAW,2023-09-14 13:49,-63.4994,44.6397,CYAW 141349Z 15009KT 1SM -SHRA BR BKN002 OVC010 20/20 A3005 RMK SF7SC1 DENSITY ALT 892FT VIS VRB 3/4-1 1/4 VIS HYR S SLP176
CYAW,2023-09-14 14:00,-63.4994,44.6397,CYAW 141400Z 15009KT 3SM -SHRA BR BKN003 OVC010 20/20 A3005 RMK SF7SC1 DENSITY ALT 905FT CVCTV CLD EMBD SLP176
CYAW,2023-09-14 14:24,-63.4994,44.6397,CYAW 141424Z 14007KT 3SM +SHRA BR BKN003 OVC010 20/20 A3004 RMK SF7SC1 DENSITY ALT 903FT CVCTV CLD EMBD SLP174
CYAW,2023-09-14 14:40,-63.4994,44.6397,CYAW 141440Z 14007KT 2SM -SHRA BR BKN002 OVC010 20/20 A3004 RMK SF7SC1 DENSITY ALT 903FT VIS VRB 1 1/2-2 1/2 CVCTV CLD EMBD SLP174
CYAW,2023-09-14 15:00,-63.4994,44.6397,CYAW 141500Z 15007KT 2SM -SHRA BR BKN002 OVC010 20/20 A3003 RMK SF7SC1 DENSITY ALT 914FT VIS VRB 1 1/2-2 1/2 CVCTV CLD EMBD SLP170
CYAW,2023-09-14 15:17,-63.4994,44.6397,CYAW 141517Z 16010G16KT 1SM TSRA BR OVC002CB 20/20 A3002 RMK CB8 DENSITY ALT 912FT CB OHD MOV NE OCNL LTGCC SLP167
CYAW,2023-09-14 15:49,-63.4994,44.6397,CYAW 141549Z 18006KT 2SM SHRA BR OVC002 20/20 A3003 RMK SF8 DENSITY ALT 888FT CVCTV CLD EMBD SLP169
CYAW,2023-09-14 16:00,-63.4994,44.6397,CYAW 141600Z CCA 19007KT 2SM +SHRA BR OVC002 19/19 A3003 RMK SF8 DENSITY ALT 847FT /R11/ CVCTV CLD EMBD SLP171
CYAW,2023-09-14 16:38,-63.4994,44.6397,CYAW 141638Z 16007KT 10SM -SHRA FEW004 OVC015 19/19 A3001 RMK SF1SC7 DENSITY ALT 883FT SLP164
CYAW,2023-09-14 17:00,-63.4994,44.6397,CYAW 141700Z 14006KT 10SM -SHRA SCT004 OVC015 20/20 A3001 RMK SF3SC5 DENSITY ALT 951FT SLP162
CYAW,2023-09-14 18:00,-63.4994,44.6397,CYAW 141800Z 15009KT 8SM SHRA BKN006 OVC013 19/19 A2998 RMK SF6SC2 DENSITY ALT 918FT /R21/ SLP154
CYAW,2023-09-14 18:23,-63.4994,44.6397,CYAW 141823Z 15015G20KT 1 1/2SM +SHRA BR BKN004 OVC013 19/19 A2998 RMK SF7SC1 DENSITY ALT 918FT SLP154
CYAW,2023-09-14 18:36,-63.4994,44.6397,CYAW 141836Z CCA 15014G20KT 1SM SHRA BR BKN004 OVC011 19/19 A2998 RMK SF7SC1 DENSITY ALT 918FT SLP153
CYAW,2023-09-14 19:00,-63.4994,44.6397,CYAW 141900Z 15014G20KT 1 1/4SM SHRA BR BKN004 OVC013 19/19 A2998 RMK SF7SC1 DENSITY ALT 904FT /R12/ SLP154
CYAW,2023-09-14 19:41,-63.4994,44.6397,CYAW 141941Z 16011KT 4SM -SHRA BR BKN004 OVC010 20/20 A2998 RMK SF7SC1 DENSITY ALT 985FT SLP152
CYAW,2023-09-14 20:00,-63.4994,44.6397,CYAW 142000Z 18006KT 3SM SHRA BR BKN004 OVC010 20/20 A2997 RMK SF7SC1 DENSITY ALT 1037FT SLP150
CYAW,2023-09-14 20:16,-63.4994,44.6397,CYAW 142016Z 18008KT 4SM -SHRA BR OVC003 20/20 A2997 RMK SF8 DENSITY ALT 1037FT SLP149
CYAW,2023-09-14 21:00,-63.4994,44.6397,CYAW 142100Z 17007KT 5SM BR OVC004 20/20 A2997 RMK SF8 DENSITY ALT 1024FT CIG VRB 3-5 SLP149
CYAW,2023-09-14 21:31,-63.4994,44.6397,CYAW 142131Z 18005KT 2SM BR OVC003 20/20 A2998 RMK SF8 DENSITY ALT 999FT SLP151
CYAW,2023-09-14 22:00,-63.4994,44.6397,CYAW 142200Z 20005KT 3/4SM BR VV002 20/20 A2998 RMK FG8 DENSITY ALT 999FT SLP151
CYAW,2023-09-14 22:38,-63.4994,44.6397,CYAW 142238Z 20007KT 3/4SM -DZ BR VV001 20/20 A2998 RMK FG8 DENSITY ALT 1039FT SLP151
CYAW,2023-09-14 23:00,-63.4994,44.6397,CYAW 142300Z 21006KT 5SM -DZ BR OVC002 20/20 A2998 RMK SF8 DENSITY ALT 1039FT SLP153
CYAW,2023-09-14 23:18,-63.4994,44.6397,CYAW 142318Z 22006KT 5SM -SHRA BR OVC003 20/20 A2998 RMK SF8 DENSITY ALT 1053FT PCPN VRY LGT SLP154
CYAW,2023-09-15 00:00,-63.4994,44.6397,CYAW 150000Z 24006KT 5SM -SHRA BR OVC003 20/20 A3000 RMK SF8 DENSITY ALT 1003FT CIG VRB 2-4 SLP160
CYAW,2023-09-15 00:39,-63.4994,44.6397,CYAW 150039Z 24005KT 5SM BR OVC003 20/20 A2999 RMK SF8 DENSITY ALT 1014FT CIG VRB 2-4 SLP157
CYAW,2023-09-15 01:00,-63.4994,44.6397,CYAW 150100Z 22004KT 3SM -SHRA BR OVC002 20/20 A3000 RMK SF8 DENSITY ALT 989FT CIG VRB 1-3 SLP159
CYAW,2023-09-15 01:42,-63.4994,44.6397,CYAW 150142Z 24004KT 4SM SHRA BR OVC003 20/20 A3001 RMK SF8 DENSITY ALT 978FT LAST OBS /NEXT 181000 UTC SLP161
CYAW,2023-09-18 10:00,-63.4994,44.6397,CYAW 181000Z 00000KT 15SM FEW160 FEW250 11/11 A2994 RMK AC1CI2 DENSITY ALT -131FT FST OBS SLP138
CYAW,2023-09-18 11:00,-63.4994,44.6397,CYAW 181100Z 00000KT 15SM FEW160 FEW250 13/12 A2995 RMK AC1CI2 DENSITY ALT 109FT SLP144
CYAW,2023-09-18 12:00,-63.4994,44.6397,CYAW 181200Z 22005KT 15SM FEW012 FEW160 SCT250 16/13 A2996 RMK CF1AC1CI3 DENSITY ALT 422FT SLP147
CYAW,2023-09-18 13:00,-63.4994,44.6397,CYAW 181300Z 24005KT 15SM FEW012 FEW160 FEW250 18/13 A2998 RMK CF1AC1CI2 DENSITY ALT 623FT SLP151
CYAW,2023-09-18 14:00,-63.4994,44.6397,CYAW 181400Z 24006KT 15SM FEW020 FEW170 SCT250 20/14 A3000 RMK SC1AC1CI2 DENSITY ALT 823FT SC TR SLP158
CYAW,2023-09-18 15:00,-63.4994,44.6397,CYAW 181500Z 25008KT 15SM FEW030 FEW170 SCT250 21/14 A2999 RMK SC1AC2CI1 DENSITY ALT 974FT SLP157
CYAW,2023-09-18 16:00,-63.4994,44.6397,CYAW 181600Z 23008KT 15SM FEW030 SCT170 BKN230 22/14 A2999 RMK CF1AC3CI2 DENSITY ALT 1072FT SLP156
CYAW,2023-09-18 17:00,-63.4994,44.6397,CYAW 181700Z 18008KT 15SM FEW030 SCT170 BKN230 21/17 A2998 RMK CF1AC3CI2 DENSITY ALT 1091FT SLP151
CYAW,2023-09-18 18:00,-63.4994,44.6397,CYAW 181800Z 17010KT 15SM FEW030 BKN170 BKN230 18/16 A2998 RMK CF1AC6CI1 DENSITY ALT 748FT SLP153
CYAW,2023-09-18 19:00,-63.4994,44.6397,CYAW 181900Z 17009KT 15SM FEW020 BKN170 BKN230 19/16 A2998 RMK CF1AC6CI1 DENSITY ALT 772FT SLP152
CYAW,2023-09-18 20:00,-63.4994,44.6397,CYAW 182000Z 20010KT 15SM FEW025 BKN150 OVC230 17/16 A2999 RMK CF1AC5CI2 DENSITY ALT 575FT SLP155
CYAW,2023-09-18 21:00,-63.4994,44.6397,CYAW 182100Z 22006KT 15SM FEW025 BKN140 OVC220 17/15 A3001 RMK SC1AC5CI2 DENSITY ALT 483FT SLP161
CYAW,2023-09-18 22:00,-63.4994,44.6397,CYAW 182200Z 20002KT 15SM FEW015 BKN140 OVC220 16/15 A3001 RMK SC1AC6CI2 DENSITY ALT 452FT SLP161
CYAW,2023-09-18 23:00,-63.4994,44.6397,CYAW 182300Z 15003KT 15SM FEW015 BKN140 OVC220 15/15 A3000 RMK SC1AC5CI3 DENSITY ALT 330FT SLP160
CYAW,2023-09-19 00:00,-63.4994,44.6397,CYAW 190000Z 17006KT 15SM BKN008 OVC140 16/16 A3000 RMK SC5AC3 DENSITY ALT 398FT CIG VRB 6-10 SLP160
CYAW,2023-09-19 01:00,-63.4994,44.6397,CYAW 190100Z 16005KT 15SM BKN006 OVC140 16/16 A3000 RMK SF6AC2 DENSITY ALT 488FT SLP159
CYAW,2023-09-19 02:00,-63.4994,44.6397,CYAW 190200Z CCA 16007KT 15SM BKN006 OVC140 16/16 A3000 RMK SF6AC2 DENSITY ALT 491FT LAST OBS /NEXT 191200 UTC SLP160
CYAW,2023-09-19 12:00,-63.4994,44.6397,CYAW 191200Z 15016KT 4SM -RA BR OVC001 18/18 A2975 RMK SF8 DENSITY ALT 1007FT FST OBS SLP074
CYAW,2023-09-19 12:35,-63.4994,44.6397,CYAW 191235Z 14018G27KT 5SM -RA BR OVC006 18/18 A2973 RMK SF8 DENSITY ALT 1030FT CIG VRB 4-8 SLP067
CYAW,2023-09-19 12:49,-63.4994,44.6397,CYAW 191249Z 15019G29KT 1 1/2SM -RA BR OVC003 18/18 A2972 RMK SF8 DENSITY ALT 1029FT VIS VRB 1-2 CIG VRB 2-4 SLP066
CYAW,2023-09-19 13:00,-63.4994,44.6397,CYAW 191300Z 16019G26KT 1 1/2SM -RA BR OVC003 18/18 A2972 RMK SF8 DENSITY ALT 1042FT VIS VRB 1-2 CIG VRB 2-4 SLP066
CYAW,2023-09-19 13:40,-63.4994,44.6397,CYAW 191340Z 19015G27KT 1SM -DZ BR OVC003 18/18 A2973 RMK SF8 DENSITY ALT 1071FT VIS VRB 3/4-1 1/2 CIG VRB 2-4 SLP066
CYAW,2023-09-19 14:00,-63.4994,44.6397,CYAW 191400Z 20018G30KT 2 1/4SM -DZ BR OVC004 18/18 A2972 RMK SF8 DENSITY ALT 1042FT VIS VRB 1 1/2-3 CIG VRB 3-5 SLP066
CYAW,2023-09-19 14:31,-63.4994,44.6397,CYAW 191431Z 20016G28KT 4SM -DZ BR OVC005 18/18 A2973 RMK SF8 DENSITY ALT 1004FT SLP067
CYAW,2023-09-19 15:00,-63.4994,44.6397,CYAW 191500Z CCA 21016G24KT 5SM -DZ BR OVC005 17/17 A2973 RMK SF8 DENSITY ALT 923FT SLP068
CYAW,2023-09-19 16:00,-63.4994,44.6397,CYAW 191600Z 20014G22KT 8SM -DZ OVC005 17/17 A2972 RMK SF8 DENSITY ALT 935FT SLP066
CYAW,2023-09-19 16:20,-63.4994,44.6397,CYAW 191620Z 22014G19KT 10SM OVC008 18/17 A2973 RMK SF8 DENSITY ALT 979FT SLP068
CYAW,2023-09-19 17:00,-63.4994,44.6397,CYAW 191700Z 22014G22KT 12SM OVC009 18/17 A2973 RMK SC8 DENSITY ALT 986FT SLP068
CYAW,2023-09-19 18:00,-63.4994,44.6397,CYAW 191800Z 21014KT 12SM BKN010 BKN160 19/17 A2972 RMK SC6AC1 DENSITY ALT 1075FT SLP063
CYAW,2023-09-19 19:00,-63.4994,44.6397,CYAW 191900Z 22016G21KT 12SM BKN010 BKN160 18/16 A2972 RMK SC7AC1 DENSITY ALT 1000FT SLP064
CYAW,2023-09-19 20:00,-63.4994,44.6397,CYAW 192000Z 20011G18KT 12SM BKN010 BKN160 18/17 A2972 RMK SC5AC1 DENSITY ALT 1004FT SLP065
CYAW,2023-09-19 21:00,-63.4994,44.6397,CYAW 192100Z 22012G19KT 15SM BKN014 BKN160 18/16 A2974 RMK SC5AC1 DENSITY ALT 937FT SLP069
CYAW,2023-09-19 21:37,-63.4994,44.6397,CYAW 192137Z 23010G15KT 15SM FEW020 FEW160 17/16 A2974 RMK SC2AC1 DENSITY ALT 900FT SLP072
CYAW,2023-09-19 22:00,-63.4994,44.6397,CYAW 192200Z 22007KT 15SM SCT020 SCT160 17/16 A2975 RMK SC4AC1 DENSITY ALT 830FT SLP075
CYAW,2023-09-19 23:00,-63.4994,44.6397,CYAW 192300Z 21008KT 15SM BKN025 BKN160 17/16 A2977 RMK SC6AC1 DENSITY ALT 773FT SLP080
CYAW,2023-09-20 00:00,-63.4994,44.6397,CYAW 200000Z 21009KT 15SM FEW008 16/16 A2978 RMK SF2 DENSITY ALT 703FT SLP086
CYAW,2023-09-20 01:00,-63.4994,44.6397,CYAW 200100Z 21010KT 15SM SCT010 BKN018 16/16 A2979 RMK SF4SC1 DENSITY ALT 715FT SLP088
CYAW,2023-09-20 01:49,-63.4994,44.6397,CYAW 200149Z 21008KT 15SM SCT010 16/16 A2979 RMK SF3 DENSITY ALT 701FT LAST OBS /NEXT 201000 UTC SLP087
CYAW,2023-09-20 10:00,-63.4994,44.6397,CYAW 201000Z 25012G17KT 15SM BKN019 15/13 A2979 RMK SC7 DENSITY ALT 460FT FST OBS SLP089
CYAW,2023-09-20 11:00,-63.4994,44.6397,CYAW 201100Z 26010KT 15SM BKN019 15/13 A2982 RMK SC7 DENSITY ALT 471FT SLP098
CYAW,2023-09-20 12:00,-63.4994,44.6397,CYAW 201200Z 26012G20KT 15SM BKN019 15/13 A2982 RMK SC7 DENSITY ALT 518FT SLP100
CYAW,2023-09-20 13:00,-63.4994,44.6397,CYAW 201300Z 26015KT 15SM BKN019 16/12 A2984 RMK SC7 DENSITY ALT 538FT SLP105
CYAW,2023-09-20 14:00,-63.4994,44.6397,CYAW 201400Z 26016KT 15SM BKN020 16/12 A2985 RMK SC7 DENSITY ALT 596FT SLP108
CYAW,2023-09-20 15:00,-63.4994,44.6397,CYAW 201500Z 29012KT 15SM BKN020 17/12 A2985 RMK SC7 DENSITY ALT 645FT SLP109
CYAW,2023-09-20 16:00,-63.4994,44.6397,CYAW 201600Z 31010G17KT 15SM OVC028 17/13 A2986 RMK SC8 DENSITY ALT 709FT SLP111
CYAW,2023-09-20 17:00,-63.4994,44.6397,CYAW 201700Z 32013G18KT 15SM OVC028 17/13 A2987 RMK SC8 DENSITY ALT 663FT SLP115
CYAW,2023-09-20 18:00,-63.4994,44.6397,CYAW 201800Z 30012KT 15SM BKN028 17/12 A2987 RMK SC7 DENSITY ALT 682FT SLP117
CYAW,2023-09-20 19:00,-63.4994,44.6397,CYAW 201900Z 31013KT 15SM BKN028 17/12 A2990 RMK SC7 DENSITY ALT 624FT LAST OBS /NEXT 211200 UTC SLP124
CYAW,2023-09-21 12:00,-63.4994,44.6397,CYAW 211200Z 31007KT 15SM FEW020 SCT230 15/13 A3009 RMK SC1CI4 DENSITY ALT 149FT FST OBS SLP188
CYAW,2023-09-21 13:00,-63.4994,44.6397,CYAW 211300Z 32009KT 15SM FEW012 SCT230 16/13 A3010 RMK CF1CI4 DENSITY ALT 307FT SLP192
CYAW,2023-09-21 14:00,-63.4994,44.6397,CYAW 211400Z 33013G18KT 15SM FEW020 FEW100 SCT230 17/12 A3011 RMK CF1AC1CI2 DENSITY ALT 352FT SLP196
CYAW,2023-09-21 15:00,-63.4994,44.6397,CYAW 211500Z CCA 33012G17KT 15SM FEW034 FEW100 SCT230 17/11 A3010 RMK CU1AC1CI2 DENSITY ALT 388FT SLP194
CYAW,2023-09-21 16:00,-63.4994,44.6397,CYAW 211600Z 30017G23KT 15SM FEW040 SCT230 18/09 A3011 RMK CU1CI2 DENSITY ALT 454FT SLP195
CYAW,2023-09-21 17:00,-63.4994,44.6397,CYAW 211700Z 34013G20KT 15SM FEW040 SCT230 17/09 A3011 RMK SC1CI3 DENSITY ALT 396FT CF ASOCTD SLP196
CYAW,2023-09-21 18:00,-63.4994,44.6397,CYAW 211800Z 35009G19KT 15SM FEW040 SCT230 18/09 A3011 RMK SC1CI3 DENSITY ALT 421FT CF ASOCTD SLP196
CYAW,2023-09-21 19:00,-63.4994,44.6397,CYAW 211900Z 33017G23KT 15SM SCT040 SCT230 17/08 A3013 RMK SC3CI1 DENSITY ALT 365FT SLP204
CYAW,2023-09-21 20:00,-63.4994,44.6397,CYAW 212000Z 34013G20KT 15SM SCT040 SCT230 17/08 A3015 RMK SC3CI1 DENSITY ALT 245FT SLP211
CYAW,2023-09-21 21:00,-63.4994,44.6397,CYAW 212100Z 36011G19KT 15SM SCT050 BKN230 15/09 A3018 RMK SC4CI1 DENSITY ALT -8FT CF ASOCTD SLP222
CYAW,2023-09-21 22:00,-63.4994,44.6397,CYAW 212200Z 35008G19KT 15SM FEW045 FEW070 BKN230 13/08 A3021 RMK SC1AC1CI4 DENSITY ALT -301FT SLP232
CYAW,2023-09-21 23:00,-63.4994,44.6397,CYAW 212300Z 36007KT 15SM FEW070 SCT230 11/08 A3023 RMK AC1CI2 DENSITY ALT -482FT SLP237
CYAW,2023-09-22 00:00,-63.4994,44.6397,CYAW 220000Z 35011G18KT 15SM FEW230 11/08 A3026 RMK CI1 DENSITY ALT -552FT SLP247
CYAW,2023-09-22 00:53,-63.4994,44.6397,CYAW 220053Z 35007KT 15SM FEW230 10/08 A3027 RMK CI1 DENSITY ALT -634FT LAST OBS /NEXT 221000 UTC SLP253
CYAW,2023-09-22 10:00,-63.4994,44.6397,CYAW 221000Z 00000KT 15SM FEW015 FEW035 SCT250 07/07 A3039 RMK CF1SC1CI2 DENSITY ALT -1213FT FST OBS SLP292
CYAW,2023-09-22 11:00,-63.4994,44.6397,CYAW 221100Z 33007KT 15SM FEW020 SCT042 BKN250 09/09 A3041 RMK CU1SC4CI1 DENSITY ALT -906FT SLP300
CYAW,2023-09-22 12:00,-63.4994,44.6397,CYAW 221200Z 35006KT 15SM FEW020 SCT042 SCT250 11/10 A3042 RMK CU1SC3CI1 DENSITY ALT -719FT CU TR SLP302
CYAW,2023-09-22 13:00,-63.4994,44.6397,CYAW 221300Z 33006KT 15SM FEW020 FEW042 FEW250 13/10 A3043 RMK CF1SC1CI1 DENSITY ALT -536FT SLP305
CYAW,2023-09-22 14:00,-63.4994,44.6397,CYAW 221400Z 31007KT 15SM FEW024 13/08 A3044 RMK CU2 DENSITY ALT -523FT SLP308
CYAW,2023-09-22 15:00,-63.4994,44.6397,CYAW 221500Z 33007KT 15SM BKN038 14/07 A3043 RMK SC6 DENSITY ALT -366FT SLP306
CYAW,2023-09-22 16:00,-63.4994,44.6397,CYAW 221600Z 32011KT 15SM SCT040 BKN230 16/08 A3043 RMK SC4CI1 DENSITY ALT -191FT SLP304
CYAW,2023-09-22 17:00,-63.4994,44.6397,CYAW 221700Z 33006KT 15SM SCT040 SCT230 16/07 A3041 RMK SC3CI1 DENSITY ALT -120FT SLP299
CYAW,2023-09-22 18:00,-63.4994,44.6397,CYAW 221800Z 36009KT 15SM FEW040 SCT230 17/07 A3041 RMK SC1CI3 DENSITY ALT 0FT SLP299
CYAW,2023-09-22 19:00,-63.4994,44.6397,CYAW 221900Z CCA 03003KT 15SM FEW040 FEW230 17/07 A3041 RMK CF1CI2 DENSITY ALT 3FT LAST OBS /NEXT 251000 UTC SLP297
CYAW,2023-09-25 10:00,-63.4994,44.6397,CYAW 251000Z 34004KT 10SM BCFG FEW015 FEW140 OVC230 08/08 A3013 RMK SC1AC1CI7 DENSITY ALT -717FT SF ASOCTD FST OBS SLP205
CYAW,2023-09-25 11:00,-63.4994,44.6397,CYAW 251100Z 33006KT 6SM BR BCFG FEW015 FEW140 BKN230 10/10 A3015 RMK SF1AC1CI4 DENSITY ALT -581FT SLP212
CYAW,2023-09-25 12:00,-63.4994,44.6397,CYAW 251200Z 02008KT 15SM FEW020 FEW120 OVC250 12/12 A3017 RMK SC1AC1CI8 DENSITY ALT -247FT SLP217
CYAW,2023-09-25 13:00,-63.4994,44.6397,CYAW 251300Z 03012KT 15SM FEW120 BKN250 15/13 A3018 RMK AC1CI7 DENSITY ALT 25FT SLP222
CYAW,2023-09-25 14:00,-63.4994,44.6397,CYAW 251400Z 03009G16KT 15SM FEW020 SCT250 17/13 A3019 RMK SC1CI4 DENSITY ALT 286FT SLP226
CYAW,2023-09-25 15:00,-63.4994,44.6397,CYAW 251500Z 04009G15KT 15SM FEW020 FEW120 BKN250 19/13 A3020 RMK CU2AC1CI4 DENSITY ALT 467FT SLP227
CYAW,2023-09-25 16:00,-63.4994,44.6397,CYAW 251600Z 03009G16KT 15SM SCT032 BKN250 20/13 A3021 RMK CU3CI4 DENSITY ALT 627FT SLP230
CYAW,2023-09-25 17:00,-63.4994,44.6397,CYAW 251700Z 01013KT 12SM SCT032 BKN250 20/12 A3021 RMK CU3CI4 DENSITY ALT 605FT SLP229
CYAW,2023-09-25 18:00,-63.4994,44.6397,CYAW 251800Z 03014G19KT 15SM FEW044 BKN250 19/10 A3022 RMK CU2CI5 DENSITY ALT 471FT SLP233
CYAW,2023-09-25 19:00,-63.4994,44.6397,CYAW 251900Z 05012G21KT 15SM FEW042 BKN250 19/10 A3022 RMK CU1CI5 DENSITY ALT 435FT SLP236
CYAW,2023-09-25 20:00,-63.4994,44.6397,CYAW 252000Z 04010G21KT 15SM FEW041 SCT250 18/10 A3025 RMK SC1CI2 DENSITY ALT 267FT SLP244
CYAW,2023-09-25 21:00,-63.4994,44.6397,CYAW 252100Z 03013G22KT 15SM FEW040 SCT250 16/09 A3027 RMK SC1CI4 DENSITY ALT 23FT SLP252
CYAW,2023-09-25 22:00,-63.4994,44.6397,CYAW 252200Z 03011KT 15SM FEW040 BKN250 14/10 A3030 RMK SC1CI6 DENSITY ALT -233FT SLP261
CYAW,2023-09-25 23:00,-63.4994,44.6397,CYAW 252300Z 04012G18KT 15SM FEW040 BKN250 12/09 A3031 RMK SC1CI5 DENSITY ALT -458FT SLP265
CYAW,2023-09-26 00:00,-63.4994,44.6397,CYAW 260000Z 02009G15KT 15SM FEW250 11/08 A3034 RMK CI2 DENSITY ALT -603FT SLP275
CYAW,2023-09-26 01:00,-63.4994,44.6397,CYAW 260100Z 03009G16KT 15SM FEW250 11/08 A3035 RMK CI2 DENSITY ALT -664FT SLP280
CYAW,2023-09-26 01:37,-63.4994,44.6397,CYAW 260137Z 03011G19KT 15SM FEW035 FEW250 11/08 A3036 RMK SC1CI2 DENSITY ALT -714FT LAST OBS /NEXT 261200 UTC SLP281
CYAW,2023-09-26 12:00,-63.4994,44.6397,CYAW 261200Z 04006KT 15SM FEW020 SCT230 09/06 A3041 RMK SC1CI4 DENSITY ALT -983FT FST OBS SLP298
CYAW,2023-09-26 13:00,-63.4994,44.6397,CYAW 261300Z 03005KT 15SM FEW020 FEW250 11/07 A3041 RMK SC1CI2 DENSITY ALT -769FT SLP299
CYAW,2023-09-26 14:00,-63.4994,44.6397,CYAW 261400Z 04009KT 15SM FEW020 SCT250 13/06 A3040 RMK SC1CI3 DENSITY ALT -478FT SLP296
CYAW,2023-09-26 15:00,-63.4994,44.6397,CYAW 261500Z 06008KT 15SM FEW020 BKN250 15/05 A3039 RMK SC1CI5 DENSITY ALT -208FT SLP291
CYAW,2023-09-26 16:00,-63.4994,44.6397,CYAW 261600Z 05008KT 15SM FEW020 OVC250 16/05 A3038 RMK SC1CI8 DENSITY ALT -92FT SLP288
CYAW,2023-09-26 17:00,-63.4994,44.6397,CYAW 261700Z 04006KT 15SM FEW020 OVC250 17/07 A3036 RMK CU1CI8 DENSITY ALT 32FT SLP283
CYAW,2023-09-26 18:00,-63.4994,44.6397,CYAW 261800Z 02005KT 15SM FEW040 OVC250 17/08 A3035 RMK CU1CI8 DENSITY ALT 113FT SLP279
CYAW,2023-09-26 19:00,-63.4994,44.6397,CYAW 261900Z 17005KT 15SM FEW040 OVC250 15/09 A3034 RMK SC1CI8 DENSITY ALT -156FT SLP276
CYAW,2023-09-26 20:00,-63.4994,44.6397,CYAW 262000Z 19005KT 15SM FEW040 BKN250 15/09 A3033 RMK SC1CI7 DENSITY ALT -157FT SLP273
CYAW,2023-09-26 21:00,-63.4994,44.6397,CYAW 262100Z 18003KT 15SM FEW040 BKN250 14/10 A3034 RMK SC1CI6 DENSITY ALT -219FT SLP275
CYAW,2023-09-26 22:00,-63.4994,44.6397,CYAW 262200Z 23002KT 15SM FEW040 BKN250 14/09 A3035 RMK SC1CI6 DENSITY ALT -328FT SLP278
CYAW,2023-09-26 23:00,-63.4994,44.6397,CYAW 262300Z 31004KT 15SM FEW070 BKN250 12/09 A3035 RMK AC1CI5 DENSITY ALT -479FT SLP278
CYAW,2023-09-27 00:00,-63.4994,44.6397,CYAW 270000Z 31004KT 15SM BKN250 12/08 A3036 RMK CI5 DENSITY ALT -565FT SLP281
CYAW,2023-09-27 01:00,-63.4994,44.6397,CYAW 270100Z 31004KT 15SM SCT250 10/08 A3036 RMK CI3 DENSITY ALT -805FT SLP282
CYAW,2023-09-27 01:37,-63.4994,44.6397,CYAW 270137Z 34005KT 15SM FEW250 10/08 A3036 RMK CI2 DENSITY ALT -788FT LAST OBS /NEXT 271200 UTC SLP283
CYAW,2023-09-27 12:00,-63.4994,44.6397,CYAW 271200Z 03003KT 15SM BKN019 OVC230 11/11 A3038 RMK SC5CS3 DENSITY ALT -639FT FST OBS SLP288
CYAW,2023-09-27 13:00,-63.4994,44.6397,CYAW 271300Z 04003KT 15SM FEW020 OVC230 13/10 A3038 RMK SC1CS7 DENSITY ALT -459FT SLP289
CYAW,2023-09-27 14:00,-63.4994,44.6397,CYAW 271400Z 02004KT 15SM SCT020 OVC230 14/10 A3038 RMK SC3CS5 DENSITY ALT -327FT SLP288
CYAW,2023-09-27 15:00,-63.4994,44.6397,CYAW 271500Z 01007KT 15SM FEW020 OVC230 15/11 A3037 RMK SC2CS6 DENSITY ALT -170FT SLP285
CYAW,2023-09-27 16:00,-63.4994,44.6397,CYAW 271600Z 01006KT 15SM FEW020 OVC230 16/11 A3035 RMK SC1CS8 DENSITY ALT -39FT HALO SLP280
CYAW,2023-09-27 17:00,-63.4994,44.6397,CYAW 271700Z 01005KT 15SM FEW020 OVC230 16/11 A3033 RMK SC1CS8 DENSITY ALT 42FT HALO SLP273
CYAW,2023-09-27 18:00,-63.4994,44.6397,CYAW 271800Z 34006KT 15SM FEW029 OVC230 17/11 A3033 RMK SC1CS8 DENSITY ALT 73FT SLP273
CYAW,2023-09-27 19:00,-63.4994,44.6397,CYAW 271900Z 03003KT 15SM FEW030 OVC230 17/11 A3033 RMK SC1CS7 DENSITY ALT 72FT SLP272
CYAW,2023-09-27 20:00,-63.4994,44.6397,CYAW 272000Z 01005KT 15SM SCT026 OVC230 16/11 A3032 RMK SC3CS5 DENSITY ALT 39FT SLP269
CYAW,2023-09-27 21:00,-63.4994,44.6397,CYAW 272100Z 35005KT 15SM FEW027 OVC230 15/11 A3033 RMK SC1CS7 DENSITY ALT -72FT SLP271
CYAW,2023-09-27 22:00,-63.4994,44.6397,CYAW 272200Z CCA 34004KT 15SM FEW025 OVC230 14/11 A3033 RMK SC1CS8 DENSITY ALT -272FT LAST OBS /NEXT 281300 UTC SLP270
CYAW,2023-09-28 13:00,-63.4994,44.6397,CYAW 281300Z CCA 26004KT 8SM OVC120 13/09 A3035 RMK FU8 DENSITY ALT -452FT FST OBS SLP267
CYAW,2023-09-28 14:00,-63.4994,44.6397,CYAW 281400Z 30006KT 8SM BKN080 15/10 A3032 RMK FU7 DENSITY ALT -165FT SLP268
CYAW,2023-09-28 15:00,-63.4994,44.6397,CYAW 281500Z CCA 27004KT 10SM SCT060 17/11 A3030 RMK FU4 DENSITY ALT 114FT SLP263
CYAW,2023-09-28 16:00,-63.4994,44.6397,CYAW 281600Z 29006KT 10SM SCT060 19/11 A3030 RMK FU4 DENSITY ALT 412FT SLP260
CYAW,2023-09-28 17:00,-63.4994,44.6397,CYAW 281700Z 24004KT 10SM SCT060 21/11 A3028 RMK FU4 DENSITY ALT 600FT SLP254
CYAW,2023-09-28 18:00,-63.4994,44.6397,CYAW 281800Z 30005KT 12SM BKN230 22/12 A3027 RMK CI6 DENSITY ALT 769FT SLP250
CYAW,2023-09-28 19:00,-63.4994,44.6397,CYAW 281900Z 27007KT 12SM BKN230 23/12 A3026 RMK CI6 DENSITY ALT 857FT SLP248
CYAW,2023-09-28 20:00,-63.4994,44.6397,CYAW 282000Z 33007KT 12SM BKN230 22/10 A3027 RMK CI6 DENSITY ALT 748FT SLP250
CYAW,2023-09-28 21:00,-63.4994,44.6397,CYAW 282100Z 32005KT 15SM FEW070 BKN230 20/11 A3027 RMK AC1CI5 DENSITY ALT 585FT SLP251
CYAW,2023-09-28 22:00,-63.4994,44.6397,CYAW 282200Z 32004KT 15SM FEW070 BKN230 17/11 A3028 RMK AC1CI7 DENSITY ALT 128FT SLP254
CYAW,2023-09-28 23:00,-63.4994,44.6397,CYAW 282300Z 02005KT 15SM BKN230 17/13 A3028 RMK CI6 DENSITY ALT 132FT SLP256
CYAW,2023-09-29 00:00,-63.4994,44.6397,CYAW 290000Z 04005KT 15SM BKN230 15/13 A3030 RMK CI6 DENSITY ALT -32FT SLP260
CYAW,2023-09-29 01:00,-63.4994,44.6397,CYAW 290100Z CCA 35002KT 15SM BKN230 14/12 A3031 RMK CI5 DENSITY ALT -184FT LAST OBS /NEXT 030900 UTC SLP266
CYAW,2023-10-03 09:00,-63.4994,44.6397,CYAW 030900Z 00000KT 15SM FEW090 FEW230 08/08 A3004 RMK AC1CI1 DENSITY ALT -653FT FST OBS SLP173
CYAW,2023-10-03 10:00,-63.4994,44.6397,CYAW 031000Z 00000KT 15SM FEW090 FEW230 09/08 A3002 RMK AC1CI1 DENSITY ALT -505FT SLP165
CYAW,2023-10-03 11:00,-63.4994,44.6397,CYAW 031100Z 24004KT 15SM FEW090 BKN230 11/09 A3001 RMK AC1CI5 DENSITY ALT -279FT SLP164
CYAW,2023-10-03 12:00,-63.4994,44.6397,CYAW 031200Z 24006KT 15SM FEW090 BKN240 16/11 A3000 RMK AC1CI5 DENSITY ALT 310FT SLP160
CYAW,2023-10-03 13:00,-63.4994,44.6397,CYAW 031300Z 25010KT 15SM FEW090 FEW140 BKN250 18/10 A3000 RMK AC1AC1CI5 DENSITY ALT 651FT SLP159
CYAW,2023-10-03 14:00,-63.4994,44.6397,CYAW 031400Z 25011G17KT 15SM FEW090 BKN250 20/09 A2999 RMK AC1CI4 DENSITY ALT 872FT SLP155
CYAW,2023-10-03 15:00,-63.4994,44.6397,CYAW 031500Z 26013KT 15SM FEW120 SCT250 21/09 A2998 RMK AC1CI3 DENSITY ALT 994FT SLP151
CYAW,2023-10-03 16:00,-63.4994,44.6397,CYAW 031600Z 26010G16KT 15SM FEW120 BKN250 23/10 A2996 RMK AC1CI6 DENSITY ALT 1225FT SLP147
CYAW,2023-10-03 17:00,-63.4994,44.6397,CYAW 031700Z 25009KT 15SM FEW120 SCT250 24/11 A2995 RMK AC1CI4 DENSITY ALT 1324FT SLP141
CYAW,2023-10-03 18:00,-63.4994,44.6397,CYAW 031800Z 25008KT 15SM FEW120 BKN250 25/12 A2993 RMK AC1CI6 DENSITY ALT 1525FT SLP136
CYAW,2023-10-03 19:00,-63.4994,44.6397,CYAW 031900Z 26008KT 15SM FEW100 BKN250 26/14 A2992 RMK AC1CI6 DENSITY ALT 1622FT SLP132
CYAW,2023-10-03 20:00,-63.4994,44.6397,CYAW 032000Z CCA 32009G16KT 15SM FEW050 BKN250 25/16 A2993 RMK SC1CI5 DENSITY ALT 1552FT LAST OBS/NXT 040900 UTC SLP136
CYAW,2023-10-04 09:00,-63.4994,44.6397,CYAW 040900Z CCA 01008KT 15SM FEW150 FEW250 11/10 A3018 RMK AC1CI2 DENSITY ALT -428FT FST OBS SLP219
CYAW,2023-10-04 10:00,-63.4994,44.6397,CYAW 041000Z 36006KT 15SM FEW025 BKN250 11/09 A3020 RMK SC1CI4 DENSITY ALT -519FT SLP228
CYAW,2023-10-04 11:00,-63.4994,44.6397,CYAW 041100Z 02008KT 15SM BKN019 11/09 A3024 RMK SC6 DENSITY ALT -480FT SLP239
CYAW,2023-10-04 12:00,-63.4994,44.6397,CYAW 041200Z 03006KT 15SM BKN017 12/10 A3025 RMK SC7 DENSITY ALT -415FT SLP244
CYAW,2023-10-04 13:00,-63.4994,44.6397,CYAW 041300Z 36006KT 15SM BKN019 BKN250 13/09 A3027 RMK SC6CI1 DENSITY ALT -320FT SLP251
CYAW,2023-10-04 14:00,-63.4994,44.6397,CYAW 041400Z 03005KT 15SM FEW020 FEW250 14/09 A3026 RMK SC1CI2 DENSITY ALT -130FT SLP249
CYAW,2023-10-04 15:00,-63.4994,44.6397,CYAW 041500Z 25002KT 15SM FEW020 FEW160 FEW250 16/09 A3027 RMK SC1AC1CI2 DENSITY ALT 1FT SLP253
CYAW,2023-10-04 16:00,-63.4994,44.6397,CYAW 041600Z 18005KT 15SM FEW030 BKN250 16/10 A3027 RMK SC1CI5 DENSITY ALT 59FT SLP251
CYAW,2023-10-04 17:00,-63.4994,44.6397,CYAW 041700Z 18004KT 15SM SCT250 17/10 A3026 RMK CI3 DENSITY ALT 143FT SLP248
CYAW,2023-10-04 18:00,-63.4994,44.6397,CYAW 041800Z 19007KT 15SM BKN250 16/11 A3026 RMK CI5 DENSITY ALT 74FT SLP249
CYAW,2023-10-04 19:00,-63.4994,44.6397,CYAW 041900Z CCA 18007KT 15SM SCT250 16/11 A3027 RMK CI4 DENSITY ALT 27FT LAST OBS /NEXT 050900 UTC SLP250
CYAW,2023-10-05 09:00,-63.4994,44.6397,CYAW 050900Z 00000KT 15SM OVC036 15/13 A3038 RMK SC8 DENSITY ALT -187FT FST OBS SLP287
CYAW,2023-10-05 10:00,-63.4994,44.6397,CYAW 051000Z 00000KT 15SM BKN036 15/13 A3038 RMK SC7 DENSITY ALT -160FT SLP288
CYAW,2023-10-05 11:00,-63.4994,44.6397,CYAW 051100Z 20004KT 15SM FEW010 BKN034 15/14 A3038 RMK SF1SC7 DENSITY ALT -127FT SLP290
CYAW,2023-10-05 12:00,-63.4994,44.6397,CYAW 051200Z 20004KT 15SM FEW010 BKN035 15/14 A3038 RMK SF1SC7 DENSITY ALT -89FT SLP290
CYAW,2023-10-05 13:00,-63.4994,44.6397,CYAW 051300Z 19004KT 15SM FEW010 BKN035 16/14 A3039 RMK SF1SC7 DENSITY ALT -63FT SLP293
CYAW,2023-10-05 14:00,-63.4994,44.6397,CYAW 051400Z 17007KT 15SM FEW012 BKN036 16/15 A3040 RMK CF1SC7 DENSITY ALT -11FT SLP294
CYAW,2023-10-05 15:00,-63.4994,44.6397,CYAW 051500Z 20007KT 15SM FEW015 OVC037 17/15 A3040 RMK CF1SC7 DENSITY ALT 97FT SLP294
CYAW,2023-10-05 16:00,-63.4994,44.6397,CYAW 051600Z 20008KT 15SM FEW015 BKN037 18/15 A3039 RMK CF1SC7 DENSITY ALT 192FT SLP292
CYAW,2023-10-05 17:00,-63.4994,44.6397,CYAW 051700Z 19006KT 15SM FEW015 BKN037 18/15 A3038 RMK CF1SC7 DENSITY ALT 265FT SLP287
CYAW,2023-10-05 18:00,-63.4994,44.6397,CYAW 051800Z CCA 19006KT 15SM FEW015 OVC037 18/15 A3036 RMK CF1SC8 DENSITY ALT 242FT SLP283
CYAW,2023-10-05 19:00,-63.4994,44.6397,CYAW 051900Z 20007KT 15SM FEW015 OVC037 18/15 A3035 RMK CF1SC8 DENSITY ALT 238FT SLP277
CYAW,2023-10-05 20:00,-63.4994,44.6397,CYAW 052000Z 19007KT 15SM SCT039 18/15 A3033 RMK SC3 DENSITY ALT 282FT SLP271
CYAW,2023-10-05 21:00,-63.4994,44.6397,CYAW 052100Z 20007KT 15SM FEW039 FEW240 17/15 A3033 RMK SC2CI1 DENSITY ALT 142FT SLP272
CYAW,2023-10-05 22:00,-63.4994,44.6397,CYAW 052200Z 21009KT 10SM BKN010 BKN022 16/15 A3033 RMK SF5SC1 DENSITY ALT -2FT SLP272
CYAW,2023-10-05 22:40,-63.4994,44.6397,CYAW 052240Z CCA 22005KT 10SM SCT008 BKN022 15/15 A3033 RMK SF4SC1 DENSITY ALT -24FT SLP272
CYAW,2023-10-05 23:00,-63.4994,44.6397,CYAW 052300Z 21006KT 10SM BKN005 BKN020 15/15 A3033 RMK SF5SC1 DENSITY ALT -48FT SLP272
CYAW,2023-10-06 00:00,-63.4994,44.6397,CYAW 060000Z 22004KT 10SM SCT005 15/15 A3034 RMK SF3 DENSITY ALT -96FT SLP274
CYAW,2023-10-06 01:00,-63.4994,44.6397,CYAW 060100Z 21006KT 15SM FEW005 15/15 A3033 RMK SF1 DENSITY ALT -124FT SLP271
CYAW,2023-10-06 02:00,-63.4994,44.6397,CYAW 060200Z 23005KT 15SM FEW005 14/14 A3032 RMK SF1 DENSITY ALT -152FT SLP268
CYAW,2023-10-06 03:00,-63.4994,44.6397,CYAW 060300Z 22004KT 15SM SCT005 14/14 A3032 RMK SF3 DENSITY ALT -192FT SLP267
CYAW,2023-10-06 04:00,-63.4994,44.6397,CYAW 060400Z CCA 21006KT 15SM SCT005 14/14 A3032 RMK SF3 DENSITY ALT -165FT LAST OBS /NEXT 061000 UTC SLP267
CYAW,2023-10-06 10:00,-63.4994,44.6397,CYAW 061000Z 21003KT 1/8SM FG VV001 14/14 A3030 RMK FG8 DENSITY ALT -129FT FST OBS SLP263
CYAW,2023-10-06 11:00,-63.4994,44.6397,CYAW 061100Z 00000KT 1/8SM FG VV001 14/14 A3030 RMK FG8 DENSITY ALT -196FT SLP262
CYAW,2023-10-06 11:27,-63.4994,44.6397,CYAW 061127Z 00000KT 1/2SM FG VV001 14/14 A3031 RMK FG8 DENSITY ALT -154FT VIS VRB 1/4-3/4 SLP264
CYAW,2023-10-06 12:00,-63.4994,44.6397,CYAW 061200Z 00000KT 1SM BR FEW250 15/15 A3031 RMK FG2CI1 DENSITY ALT -74FT VIS VRB 3/4-1 1/2 VIS HYR S SLP264
CYAW,2023-10-06 12:14,-63.4994,44.6397,CYAW 061214Z 16003KT 6SM BR FEW003 FEW250 15/15 A3031 RMK SF1CI1 DENSITY ALT 6FT SLP265
CYAW,2023-10-06 13:00,-63.4994,44.6397,CYAW 061300Z 17004KT 15SM FEW015 FEW250 16/16 A3031 RMK CF1CI1 DENSITY ALT 139FT SLP264
CYAW,2023-10-06 14:00,-63.4994,44.6397,CYAW 061400Z 17006KT 15SM FEW015 FEW250 18/16 A3030 RMK CF1CI1 DENSITY ALT 387FT SLP263
CYAW,2023-10-06 15:00,-63.4994,44.6397,CYAW 061500Z 17006KT 15SM FEW015 FEW250 19/17 A3030 RMK CF1CI1 DENSITY ALT 459FT SLP260
CYAW,2023-10-06 16:00,-63.4994,44.6397,CYAW 061600Z 17007KT 15SM FEW015 FEW250 19/17 A3028 RMK CF1CI1 DENSITY ALT 533FT SLP255
CYAW,2023-10-06 17:00,-63.4994,44.6397,CYAW 061700Z 17008KT 15SM FEW015 FEW250 20/17 A3027 RMK CF1CI1 DENSITY ALT 585FT SLP250
CYAW,2023-10-06 18:00,-63.4994,44.6397,CYAW 061800Z CCA 17008KT 15SM FEW015 FEW250 20/17 A3026 RMK CF1CI1 DENSITY ALT 604FT LAST OBS /NEXT 100900 UTC SLP247
CYAW,2023-10-10 09:00,-63.4994,44.6397,CYAW 100900Z 26007KT 15SM FEW002 FEW030 12/12 A2981 RMK SF1SC1 DENSITY ALT 179FT FST OBS SLP095
CYAW,2023-10-10 10:00,-63.4994,44.6397,CYAW 101000Z 27011KT 15SM FEW006 SCT030 12/11 A2982 RMK SF1SC2 DENSITY ALT 72FT SLP097
CYAW,2023-10-10 10:30,-63.4994,44.6397,CYAW 101030Z 26010KT 15SM BKN006 12/11 A2982 RMK SF5 DENSITY ALT 47FT SLP098
CYAW,2023-10-10 11:00,-63.4994,44.6397,CYAW 101100Z 27009KT 15SM BKN006 11/11 A2984 RMK SF6 DENSITY ALT 11FT SLP104
CYAW,2023-10-10 11:31,-63.4994,44.6397,CYAW 101131Z 29009KT 15SM FEW006 SCT013 12/11 A2984 RMK SF1SC3 DENSITY ALT 57FT SLP104
CYAW,2023-10-10 12:00,-63.4994,44.6397,CYAW 101200Z 30010KT 15SM FEW006 SCT015 12/11 A2985 RMK SF1SC4 DENSITY ALT 41FT SLP108
CYAW,2023-10-10 13:00,-63.4994,44.6397,CYAW 101300Z 28009KT 15SM FEW007 13/10 A2985 RMK SF1 DENSITY ALT 207FT SLP109
CYAW,2023-10-10 14:00,-63.4994,44.6397,CYAW 101400Z 28009KT 15SM FEW016 14/10 A2986 RMK CF1 DENSITY ALT 297FT SLP113
CYAW,2023-10-10 15:00,-63.4994,44.6397,CYAW 101500Z 26011KT 15SM FEW028 15/08 A2987 RMK CU1 DENSITY ALT 385FT SLP114
CYAW,2023-10-10 16:00,-63.4994,44.6397,CYAW 101600Z 27011G17KT 15SM FEW030 16/08 A2986 RMK CU1 DENSITY ALT 513FT SLP111
CYAW,2023-10-10 17:00,-63.4994,44.6397,CYAW 101700Z 26012G17KT 15SM SCT040 17/07 A2985 RMK CU3 DENSITY ALT 615FT SLP110
CYAW,2023-10-10 18:00,-63.4994,44.6397,CYAW 101800Z 26015KT 15SM FEW045 17/06 A2985 RMK SC1 DENSITY ALT 628FT SLP108
CYAW,2023-10-10 19:00,-63.4994,44.6397,CYAW 101900Z 28013KT 15SM FEW050 FEW060 18/06 A2985 RMK SC1SC1 DENSITY ALT 691FT SLP109
CYAW,2023-10-10 20:00,-63.4994,44.6397,CYAW 102000Z CCA 26010KT 15SM FEW055 SCT070 16/06 A2987 RMK SC1AC3 DENSITY ALT 476FT LAST OBS /NEXT 110900 UTC SLP115
CYAW,2023-10-11 09:00,-63.4994,44.6397,CYAW 110900Z CCA 07003KT 15SM SCT043 BKN080 09/08 A2995 RMK SC3AC4 DENSITY ALT -473FT FST OBS SLP144
CYAW,2023-10-11 10:00,-63.4994,44.6397,CYAW 111000Z 00000KT 15SM FEW043 SCT080 09/08 A2995 RMK SC1AC3 DENSITY ALT -473FT SLP143
CYAW,2023-10-11 11:00,-63.4994,44.6397,CYAW 111100Z 12004KT 15SM FEW040 SCT095 SCT120 10/10 A2996 RMK SC1AC3AC1 DENSITY ALT -278FT SLP146
CYAW,2023-10-11 12:00,-63.4994,44.6397,CYAW 111200Z 17007KT 15SM FEW020 BKN088 BKN120 14/12 A2997 RMK SC1AC4AC1 DENSITY ALT 210FT SLP150
CYAW,2023-10-11 13:00,-63.4994,44.6397,CYAW 111300Z 16007KT 15SM SCT013 BKN090 BKN250 14/13 A2998 RMK SC3AC4CI1 DENSITY ALT 233FT SLP151
CYAW,2023-10-11 14:00,-63.4994,44.6397,CYAW 111400Z 16008KT 15SM FEW013 BKN034 BKN090 15/13 A2998 RMK SC2SC3AC1 DENSITY ALT 303FT SLP153
CYAW,2023-10-11 15:00,-63.4994,44.6397,CYAW 111500Z 15013KT 15SM FEW014 BKN033 BKN070 15/13 A2998 RMK SC1SC4AC1 DENSITY ALT 349FT SLP155
CYAW,2023-10-11 16:00,-63.4994,44.6397,CYAW 111600Z 13008KT 15SM -SHRA FEW028 BKN038 OVC085 15/13 A2996 RMK CF1SC7AC1 DENSITY ALT 363FT PCPN VRY LGT SLP148
CYAW,2023-10-11 17:00,-63.4994,44.6397,CYAW 111700Z 03006KT 12SM -SHRA BKN013 OVC022 14/14 A2993 RMK SC7SC1 DENSITY ALT 223FT VIS LWR W SLP136
CYAW,2023-10-11 17:17,-63.4994,44.6397,CYAW 111717Z 12006KT 8SM SHRA BKN009 OVC022 14/14 A2992 RMK SF7SC1 DENSITY ALT 276FT VIS LWR NW QUAD SLP134
CYAW,2023-10-11 17:35,-63.4994,44.6397,CYAW 111735Z 34005KT 12SM -SHRA BKN006 BKN022 OVC095 14/14 A2992 RMK SF6SC1AC1 DENSITY ALT 261FT SLP134
CYAW,2023-10-11 18:00,-63.4994,44.6397,CYAW 111800Z 00000KT 12SM -SHRA BKN008 BKN013 BKN100 14/14 A2991 RMK SF5SC1AC1 DENSITY ALT 302FT SLP130
CYAW,2023-10-11 18:25,-63.4994,44.6397,CYAW 111825Z 15008KT 12SM FEW008 OVC013 15/15 A2990 RMK SF1SC7 DENSITY ALT 454FT SLP128
CYAW,2023-10-11 18:44,-63.4994,44.6397,CYAW 111844Z 15009KT 12SM BKN009 OVC013 15/15 A2990 RMK SF5SC3 DENSITY ALT 442FT LAST OBS /NEXT 121100 UTC SLP126
CYAW,2023-10-12 11:00,-63.4994,44.6397,CYAW 121100Z 32005KT 1/8SM FG VV001 10/10 A2992 RMK FG8 DENSITY ALT -211FT FST OBS SLP134
CYAW,2023-10-12 11:48,-63.4994,44.6397,CYAW 121148Z 34005KT 1 1/2SM BR VV002 10/10 A2994 RMK FG8 DENSITY ALT -261FT SLP138
CYAW,2023-10-12 12:00,-63.4994,44.6397,CYAW 121200Z 32004KT 2 1/4SM BR BKN002 10/10 A2994 RMK SF7 DENSITY ALT -274FT VIS VRB 1 1/2-3 SLP139
CYAW,2023-10-12 13:00,-63.4994,44.6397,CYAW 121300Z 33003KT 5SM BR BKN003 BKN130 11/11 A2993 RMK SF5AC1 DENSITY ALT -104FT SLP137
CYAW,2023-10-12 13:25,-63.4994,44.6397,CYAW 121325Z 01003KT 8SM FEW005 FEW130 13/12 A2993 RMK SF1AC1 DENSITY ALT 73FT SLP137
CYAW,2023-10-12 14:00,-63.4994,44.6397,CYAW 121400Z 31004KT 12SM FEW060 FEW130 14/09 A2992 RMK SC1AC1 DENSITY ALT 233FT SLP133
CYAW,2023-10-12 15:00,-63.4994,44.6397,CYAW 121500Z 00000KT 15SM FEW040 FEW130 17/09 A2992 RMK CF1AC1 DENSITY ALT 506FT SLP131
CYAW,2023-10-12 16:00,-63.4994,44.6397,CYAW 121600Z 20005KT 15SM FEW040 FEW120 17/07 A2990 RMK CU1AC1 DENSITY ALT 560FT SLP126
CYAW,2023-10-12 17:00,-63.4994,44.6397,CYAW 121700Z 18006KT 15SM FEW040 FEW120 17/11 A2988 RMK CF1AC1 DENSITY ALT 635FT SLP120
CYAW,2023-10-12 18:00,-63.4994,44.6397,CYAW 121800Z 16008KT 15SM FEW040 FEW120 16/12 A2988 RMK CF1AC1 DENSITY ALT 512FT SLP119
CYAW,2023-10-12 19:00,-63.4994,44.6397,CYAW 121900Z 20009KT 15SM FEW040 FEW120 FEW250 17/07 A2987 RMK CF1AC1CI1 DENSITY ALT 650FT SLP115
CYAW,2023-10-12 20:00,-63.4994,44.6397,CYAW 122000Z CCB 21006KT 15SM FEW040 FEW120 FEW250 17/06 A2986 RMK CU1AC1CI1 DENSITY ALT 609FT LAST OBS/NXT 131100 UTC SLP113
CYAW,2023-10-13 11:00,-63.4994,44.6397,CYAW 131100Z 20003KT 12SM FEW020TCU SCT060 BKN110 11/11 A2972 RMK TCU1SC4AC2 DENSITY ALT 125FT FST OBS SLP066
CYAW,2023-10-13 12:00,-63.4994,44.6397,CYAW 131200Z 24007KT 12SM FEW009 BKN020 OVC110 12/12 A2971 RMK SF2SC4AC2 DENSITY ALT 273FT SLP063
CYAW,2023-10-13 12:37,-63.4994,44.6397,CYAW 131237Z 26010KT 6SM -SHRA BR FEW010 BKN044 OVC060 12/10 A2973 RMK SF1SC7SC1 DENSITY ALT 177FT VIS HYR E SLP068
CYAW,2023-10-13 13:00,-63.4994,44.6397,CYAW 131300Z 26009KT 6SM -SHRA BR FEW010 BKN046 OVC060 11/10 A2972 RMK SF1SC7SC1 DENSITY ALT 114FT VIS HYR E QUAD SLP065
CYAW,2023-10-13 14:00,-63.4994,44.6397,CYAW 131400Z 34003KT 12SM -SHRA FEW010 BKN042 BKN055 11/10 A2970 RMK SF1SC7SC1 DENSITY ALT 49FT SLP058
CYAW,2023-10-13 14:38,-63.4994,44.6397,CYAW 131438Z 00000KT 15SM FEW030TCU BKN095 BKN120 11/10 A2969 RMK TCU1AC5AC1 DENSITY ALT 87FT SLP054
CYAW,2023-10-13 15:00,-63.4994,44.6397,CYAW 131500Z 00000KT 15SM FEW030 FEW095 BKN120 11/09 A2968 RMK CU1AC1AC3 DENSITY ALT 175FT CVCTV CLD EMBD SLP052
CYAW,2023-10-13 16:00,-63.4994,44.6397,CYAW 131600Z 30004KT 15SM SCT030 BKN070 13/09 A2965 RMK CU3AC3 DENSITY ALT 450FT CB ANVIL DIST NE SLP042
CYAW,2023-10-13 17:00,-63.4994,44.6397,CYAW 131700Z CCA 20002KT 15SM BKN030TCU 13/09 A2962 RMK TCU6 DENSITY ALT 422FT LAST OBS/NXT 140900 UTC SLP032
CYAW,2023-10-14 09:00,-63.4994,44.6397,CYAW 140900Z 30013KT 15SM BKN007 BKN023 11/10 A2950 RMK SF6SC1 DENSITY ALT 298FT FST OBS SLP990
CYAW,2023-10-14 09:38,-63.4994,44.6397,CYAW 140938Z 30010KT 15SM FEW007 BKN033 11/10 A2950 RMK SF2SC4 DENSITY ALT 310FT SLP990
CYAW,2023-10-14 10:00,-63.4994,44.6397,CYAW 141000Z 30010G16KT 15SM FEW007 BKN033 11/10 A2950 RMK SF1SC6 DENSITY ALT 334FT SLP991
CYAW,2023-10-14 10:19,-63.4994,44.6397,CYAW 141019Z 30014KT 12SM -DZ FEW007 BKN033 11/10 A2950 RMK SF2SC5 DENSITY ALT 323FT SLP992
CYAW,2023-10-14 10:49,-63.4994,44.6397,CYAW 141049Z 31013G19KT 15SM FEW007 FEW013 BKN035 11/10 A2951 RMK SF1SC2SC5 DENSITY ALT 322FT SLP995
CYAW,2023-10-14 11:00,-63.4994,44.6397,CYAW 141100Z 30012G17KT 15SM SCT014 BKN035 11/10 A2952 RMK SC4SC3 DENSITY ALT 310FT SLP996
CYAW,2023-10-14 11:18,-63.4994,44.6397,CYAW 141118Z 30012G19KT 12SM -SHRA BKN014 BKN035 11/10 A2952 RMK SC5SC2 DENSITY ALT 298FT SLP998
CYAW,2023-10-14 12:00,-63.4994,44.6397,CYAW 141200Z 31014G21KT 15SM BKN025 BKN040 11/10 A2953 RMK SC5SC2 DENSITY ALT 319FT SLP000
CYAW,2023-10-14 13:00,-63.4994,44.6397,CYAW 141300Z 31013G18KT 15SM FEW016 SCT035 SCT090 12/10 A2952 RMK CF1SC2AC1 DENSITY ALT 462FT SLP999
CYAW,2023-10-14 14:00,-63.4994,44.6397,CYAW 141400Z 31016G22KT 15SM FEW016 SCT025 BKN034 12/09 A2952 RMK CF1SC4SC2 DENSITY ALT 453FT SLP998
CYAW,2023-10-14 15:00,-63.4994,44.6397,CYAW 141500Z 31019G26KT 15SM BKN025 BKN040 13/08 A2951 RMK SC5SC1 DENSITY ALT 591FT SLP994
CYAW,2023-10-14 16:00,-63.4994,44.6397,CYAW 141600Z 30016KT 15SM BKN028 14/08 A2949 RMK SC6 DENSITY ALT 655FT SLP988
CYAW,2023-10-14 17:00,-63.4994,44.6397,CYAW 141700Z 29014G23KT 15SM FEW024 BKN035 15/08 A2948 RMK CF1SC6 DENSITY ALT 773FT SLP983
CYAW,2023-10-14 18:00,-63.4994,44.6397,CYAW 141800Z 29015G21KT 15SM FEW028 BKN042 14/07 A2947 RMK CU1SC6 DENSITY ALT 736FT SLP981
CYAW,2023-10-14 19:00,-63.4994,44.6397,CYAW 141900Z 29013G20KT 15SM FEW028 BKN050 14/08 A2947 RMK CU1SC7 DENSITY ALT 702FT SLP979
CYAW,2023-10-14 19:39,-63.4994,44.6397,CYAW 141939Z 28015G21KT 15SM FEW028 BKN050 14/07 A2946 RMK CU1SC7 DENSITY ALT 688FT LAST OBS /NEXT 160900 UTC SLP978
CYAW,2023-10-16 09:00,-63.4994,44.6397,CYAW 160900Z CCA 27012KT 10SM -RA OVC060 11/11 A2928 RMK SC8 DENSITY ALT 611FT FST OBS SLP904
CYAW,2023-10-16 10:00,-63.4994,44.6397,CYAW 161000Z 27007KT 10SM -RA FEW008 OVC060 11/11 A2931 RMK SF1SC7 DENSITY ALT 589FT SLP924
CYAW,2023-10-16 11:00,-63.4994,44.6397,CYAW 161100Z 29007KT 10SM -RA FEW020 OVC060 11/11 A2934 RMK CF1SC7 DENSITY ALT 541FT SLP936
CYAW,2023-10-16 12:00,-63.4994,44.6397,CYAW 161200Z 05004KT 15SM -RA FEW008 BKN050 BKN065 11/10 A2937 RMK SF2SC3SC2 DENSITY ALT 496FT SLP947
CYAW,2023-10-16 12:44,-63.4994,44.6397,CYAW 161244Z 34009KT 15SM FEW010 BKN070 OVC085 11/10 A2954 RMK SF1AC5AC3 DENSITY ALT 313FT PRESRR SLP003
CYAW,2023-10-16 13:00,-63.4994,44.6397,CYAW 161300Z 34010KT 15SM FEW010 BKN050 BKN090 11/10 A2954 RMK SF1SC5AC2 DENSITY ALT 349FT PRESRR SLP004
CYAW,2023-10-16 14:00,-63.4994,44.6397,CYAW 161400Z 35010KT 15SM FEW015 BKN055 BKN080 12/11 A2940 RMK SF2SC3AC2 DENSITY ALT 622FT SLP957
CYAW,2023-10-16 15:00,-63.4994,44.6397,CYAW 161500Z 34010G16KT 15SM BKN018 BKN080 13/10 A2941 RMK CU5AC2 DENSITY ALT 710FT SLP961
CYAW,2023-10-16 16:00,-63.4994,44.6397,CYAW 161600Z 34010G16KT 15SM BKN025 BKN080 13/09 A2943 RMK CU5AC2 DENSITY ALT 668FT SLP966
CYAW,2023-10-16 17:00,-63.4994,44.6397,CYAW 161700Z 30011KT 15SM -SHRA BKN023 OVC060 13/10 A2943 RMK CU6SC2 DENSITY ALT 652FT PCPN VRY LGT SLP968
CYAW,2023-10-16 18:00,-63.4994,44.6397,CYAW 161800Z 33010KT 15SM -SHRA SCT025 OVC070 13/09 A2944 RMK CU4AC4 DENSITY ALT 635FT PCPN VRY LGT SLP971
CYAW,2023-10-16 18:53,-63.4994,44.6397,CYAW 161853Z 31009KT 15SM SCT025 OVC090 12/10 A2945 RMK SC3AC5 DENSITY ALT 521FT SLP975
CYAW,2023-10-16 19:00,-63.4994,44.6397,CYAW 161900Z CCA 32012KT 15SM SCT025 OVC090 12/10 A2945 RMK SC3AC5 DENSITY ALT 521FT LAST OBS/NXT 170900 UTC SLP975
CYAW,2023-10-17 09:00,-63.4994,44.6397,CYAW 170900Z 35009KT 10SM -RA FEW010 OVC043 08/08 A2967 RMK SF1SC8 DENSITY ALT -229FT FST OBS SLP049
CYAW,2023-10-17 10:00,-63.4994,44.6397,CYAW 171000Z 35007KT 10SM -RA FEW010 BKN045 OVC080 08/08 A2969 RMK SF1SC5AC2 DENSITY ALT -252FT SLP054
CYAW,2023-10-17 11:00,-63.4994,44.6397,CYAW 171100Z 36008KT 10SM -RA FEW010 BKN045 OVC062 08/08 A2971 RMK SF2SC5SC1 DENSITY ALT -262FT SLP060
CYAW,2023-10-17 12:00,-63.4994,44.6397,CYAW 171200Z 35009KT 10SM -RA FEW010 BKN050 OVC062 09/08 A2974 RMK SF2SC5SC1 DENSITY ALT -231FT SLP070
CYAW,2023-10-17 13:00,-63.4994,44.6397,CYAW 171300Z 01007KT 8SM -RA FEW010 OVC044 09/08 A2976 RMK SF1SC7 DENSITY ALT -242FT SLP077
CYAW,2023-10-17 14:00,-63.4994,44.6397,CYAW 171400Z 02006KT 8SM -RA SCT011 BKN040 OVC055 09/09 A2977 RMK SF3SC4SC1 DENSITY ALT -203FT SLP083
CYAW,2023-10-17 14:35,-63.4994,44.6397,CYAW 171435Z 36007KT 10SM SCT012 BKN040 OVC058 10/09 A2978 RMK SF3SC4SC1 DENSITY ALT -127FT SLP085
CYAW,2023-10-17 15:00,-63.4994,44.6397,CYAW 171500Z 36010G15KT 15SM -SHRA BKN018 OVC040 10/08 A2978 RMK SC5SC3 DENSITY ALT -111FT PCPN VRY LGT SLP086
CYAW,2023-10-17 15:49,-63.4994,44.6397,CYAW 171549Z 02009KT 15SM SCT020 OVC089 11/08 A2979 RMK SC4AC4 DENSITY ALT -52FT SLP087
CYAW,2023-10-17 16:00,-63.4994,44.6397,CYAW 171600Z 01011KT 15SM SCT020 OVC085 11/07 A2979 RMK SC3AC5 DENSITY ALT -33FT SLP087
CYAW,2023-10-17 16:53,-63.4994,44.6397,CYAW 171653Z 35009KT 320V020 15SM -SHRA FEW020 BKN035 OVC040 10/07 A2979 RMK SC2SC4SC2 DENSITY ALT -145FT SLP089
CYAW,2023-10-17 17:00,-63.4994,44.6397,CYAW 171700Z 35010G16KT 15SM -SHRA FEW020 BKN030 OVC040 10/07 A2979 RMK SC2SC4SC2 DENSITY ALT -179FT SLP089
CYAW,2023-10-17 18:00,-63.4994,44.6397,CYAW 171800Z 35007KT 15SM FEW020 SCT050 BKN100 10/07 A2980 RMK SC1SC2AC4 DENSITY ALT -116FT SLP092
CYAW,2023-10-17 19:00,-63.4994,44.6397,CYAW 171900Z 36005KT 15SM SCT025 BKN045 BKN100 10/05 A2981 RMK SC3SC2AC2 DENSITY ALT -168FT LAST OBS /NEXT 180900 UTC SLP095
CYAW,2023-10-18 09:00,-63.4994,44.6397,CYAW 180900Z 00000KT 15SM SCT040 03/03 A3011 RMK SC4 DENSITY ALT -1382FT FST OBS SLP196
CYAW,2023-10-18 10:00,-63.4994,44.6397,CYAW 181000Z 00000KT 15SM BCFG FEW040 02/02 A3012 RMK SC1 DENSITY ALT -1525FT SLP201
CYAW,2023-10-18 11:00,-63.4994,44.6397,CYAW 181100Z 33005KT 15SM BCFG FEW005 FEW040 FEW060 FEW240 03/03 A3014 RMK SF1SC1SC1CI1 DENSITY ALT -1497FT SLP207
CYAW,2023-10-18 12:00,-63.4994,44.6397,CYAW 181200Z 00000KT 15SM FEW040 FEW060 06/06 A3015 RMK SC1SC2 DENSITY ALT -1004FT SLP212
CYAW,2023-10-18 13:00,-63.4994,44.6397,CYAW 181300Z 26004KT 15SM BKN050 09/06 A3017 RMK SC5 DENSITY ALT -708FT SLP217
CYAW,2023-10-18 14:00,-63.4994,44.6397,CYAW 181400Z 25005KT 15SM BKN060 10/06 A3017 RMK SC6 DENSITY ALT -554FT SLP218
CYAW,2023-10-18 15:00,-63.4994,44.6397,CYAW 181500Z 23007KT 15SM FEW033 BKN060 12/06 A3017 RMK CU2SC4 DENSITY ALT -359FT SLP219
CYAW,2023-10-18 16:00,-63.4994,44.6397,CYAW 181600Z 22004G17KT 15SM BKN035 BKN060 12/06 A3017 RMK CU5SC1 DENSITY ALT -369FT SLP218
CYAW,2023-10-18 17:00,-63.4994,44.6397,CYAW 181700Z 24007KT 15SM BKN045 BKN060 12/06 A3016 RMK SC5SC2 DENSITY ALT -360FT SLP213
CYAW,2023-10-18 18:00,-63.4994,44.6397,CYAW 181800Z 24008KT 15SM SCT035 BKN050 12/07 A3015 RMK SC3SC5 DENSITY ALT -366FT SLP211
CYAW,2023-10-18 18:37,-63.4994,44.6397,CYAW 181837Z 24007KT 15SM -SHRA BKN025 OVC045 11/07 A3015 RMK SC5SC3 DENSITY ALT -386FT PCPN VRY LGT SLP210
CYAW,2023-10-18 19:00,-63.4994,44.6397,CYAW 181900Z 24007KT 15SM SCT025 BKN055 12/07 A3014 RMK SC3SC4 DENSITY ALT -351FT SLP208
CYAW,2023-10-18 19:50,-63.4994,44.6397,CYAW 181950Z 24005KT 15SM FEW030 BKN055 12/08 A3014 RMK SC1SC6 DENSITY ALT -335FT LAST OBS/NXT 190900 UTC SLP209
CYAW,2023-10-19 09:00,-63.4994,44.6397,CYAW 190900Z 27006KT 15SM FEW005 OVC072 09/09 A3014 RMK SF1AC7 DENSITY ALT -649FT FST OBS SLP209
CYAW,2023-10-19 10:00,-63.4994,44.6397,CYAW 191000Z 00000KT 15SM FEW005 BKN071 09/09 A3014 RMK SF1AC7 DENSITY ALT -662FT SLP207
CYAW,2023-10-19 11:00,-63.4994,44.6397,CYAW 191100Z 28003KT 15SM FEW030 BKN070 09/09 A3015 RMK CU1AC7 DENSITY ALT -621FT SLP210
CYAW,2023-10-19 12:00,-63.4994,44.6397,CYAW 191200Z 22004KT 15SM FEW030 BKN070 10/10 A3014 RMK CU1AC6 DENSITY ALT -494FT SLP208
CYAW,2023-10-19 13:00,-63.4994,44.6397,CYAW 191300Z 25007KT 15SM FEW010 SCT030 BKN070 11/10 A3015 RMK SF2CU1AC4 DENSITY ALT -379FT SLP211
CYAW,2023-10-19 13:29,-63.4994,44.6397,CYAW 191329Z 26009KT 15SM BKN008 BKN030 OVC070 11/10 A3015 RMK SF5SC1AC2 DENSITY ALT -366FT SLP211
CYAW,2023-10-19 14:00,-63.4994,44.6397,CYAW 191400Z 27004KT 15SM SCT008 SCT030 OVC070 12/11 A3015 RMK SF3CU1AC4 DENSITY ALT -327FT SLP210
CYAW,2023-10-19 15:00,-63.4994,44.6397,CYAW 191500Z 26008KT 15SM FEW012 FEW060 OVC070 13/12 A3014 RMK SF1CU1AC6 DENSITY ALT -136FT SLP208
CYAW,2023-10-19 16:00,-63.4994,44.6397,CYAW 191600Z 27007KT 15SM FEW012 FEW060 OVC070 14/12 A3013 RMK SF1CU1AC6 DENSITY ALT -23FT SLP204
CYAW,2023-10-19 17:00,-63.4994,44.6397,CYAW 191700Z 28012KT 15SM FEW058 BKN072 15/07 A3011 RMK SC2AC4 DENSITY ALT 129FT SLP196
CYAW,2023-10-19 18:00,-63.4994,44.6397,CYAW 191800Z 25007KT 15SM SCT045 BKN070 15/08 A3009 RMK SC3AC4 DENSITY ALT 86FT SLP192
CYAW,2023-10-19 19:00,-63.4994,44.6397,CYAW 191900Z 23008KT 15SM FEW030 SCT060 BKN070 15/10 A3010 RMK SC1SC2AC4 DENSITY ALT 73FT SLP194
CYAW,2023-10-19 19:43,-63.4994,44.6397,CYAW 191943Z 26008KT 15SM FEW040 BKN060 14/08 A3009 RMK SC2SC5 DENSITY ALT 52FT LAST OBS /NEXT 200900 UTC SLP191
CYAW,2023-10-20 09:00,-63.4994,44.6397,CYAW 200900Z 25003KT 15SM FEW009 10/10 A3013 RMK SF2 DENSITY ALT -532FT FST OBS SLP203
CYAW,2023-10-20 10:00,-63.4994,44.6397,CYAW 201000Z 25003KT 15SM BKN004 08/08 A3012 RMK SF7 DENSITY ALT -719FT SLP200
CYAW,2023-10-20 10:29,-63.4994,44.6397,CYAW 201029Z 00000KT 5SM BR OVC003 10/10 A3012 RMK ST8 DENSITY ALT -534FT VIS LWR E TO SE SLP200
CYAW,2023-10-20 10:40,-63.4994,44.6397,CYAW 201040Z 00000KT 1/2SM FG VV001 10/10 A3012 RMK FG8 DENSITY ALT -441FT VIS VRB 3/8-5/8 SLP200
CYAW,2023-10-20 11:00,-63.4994,44.6397,CYAW 201100Z 23004KT 0SM FG VV001 11/11 A3012 RMK FG8 DENSITY ALT -415FT SLP200
CYAW,2023-10-20 12:00,-63.4994,44.6397,CYAW 201200Z 18003KT 0SM FG BKN001 BKN220 11/11 A3012 RMK FG4SF2CI1 DENSITY ALT -350FT SLP202
CYAW,2023-10-20 12:14,-63.4994,44.6397,CYAW 201214Z 19003KT 9SM FEW002 SCT015 BKN220 12/12 A3012 RMK SF2SC2CI1 DENSITY ALT -295FT VIS LWR N SLP201
CYAW,2023-10-20 13:00,-63.4994,44.6397,CYAW 201300Z 19007KT 15SM SCT015 BKN220 14/13 A3011 RMK SC3CI2 DENSITY ALT 31FT SLP198
CYAW,2023-10-20 14:00,-63.4994,44.6397,CYAW 201400Z 18008KT 15SM SCT020 BKN220 15/12 A3011 RMK CU3CI2 DENSITY ALT 159FT SLP197
CYAW,2023-10-20 15:00,-63.4994,44.6397,CYAW 201500Z 17009G18KT 15SM BKN045 BKN220 16/13 A3010 RMK CU5CI1 DENSITY ALT 237FT SLP194
CYAW,2023-10-20 16:00,-63.4994,44.6397,CYAW 201600Z 18010G18KT 15SM SCT045 SCT100 BKN220 16/13 A3008 RMK CU4AC1CI1 DENSITY ALT 328FT SLP186
CYAW,2023-10-20 17:00,-63.4994,44.6397,CYAW 201700Z 17010G16KT 15SM SCT035 SCT100 SCT220 16/13 A3005 RMK CU3AC1CI1 DENSITY ALT 311FT SLP177
CYAW,2023-10-20 18:00,-63.4994,44.6397,CYAW 201800Z 18009G15KT 15SM SCT035 BKN100 BKN220 16/14 A3003 RMK CU3AC2CI1 DENSITY ALT 360FT SLP171
CYAW,2023-10-20 19:00,-63.4994,44.6397,CYAW 201900Z 17008KT 15SM BKN018 BKN100 BKN220 16/14 A3002 RMK SC5AC1CI1 DENSITY ALT 377FT SLP165
CYAW,2023-10-20 20:00,-63.4994,44.6397,CYAW 202000Z 16010KT 15SM BKN007 BKN100 BKN220 15/14 A3001 RMK SF5AC1CI1 DENSITY ALT 273FT LAST OBS /NEXT 230900 UTC SLP161
CYAW,2023-10-23 09:00,-63.4994,44.6397,CYAW 230900Z 34009KT 9SM -SHRA FEW010 OVC045 07/07 A2967 RMK SF1SC8 DENSITY ALT -320FT FST OBS SLP048
CYAW,2023-10-23 10:00,-63.4994,44.6397,CYAW 231000Z 34009KT 12SM -SHRA FEW010 BKN048 OVC080 07/07 A2969 RMK SF1SC6AC1 DENSITY ALT -343FT PCPN VRY LGT SLP055
CYAW,2023-10-23 10:47,-63.4994,44.6397,CYAW 231047Z 34011KT 15SM SCT015 BKN060 BKN130 08/07 A2971 RMK SF3SC3AC1 DENSITY ALT -357FT SLP061
CYAW,2023-10-23 11:00,-63.4994,44.6397,CYAW 231100Z 36009KT 15SM FEW015 BKN060 BKN130 08/07 A2971 RMK SF2SC3AC1 DENSITY ALT -357FT SLP063
CYAW,2023-10-23 11:39,-63.4994,44.6397,CYAW 231139Z 25009KT 15SM BKN014 OVC060 08/07 A2974 RMK SF6SC2 DENSITY ALT -341FT SLP072
CYAW,2023-10-23 12:00,-63.4994,44.6397,CYAW 231200Z 35010G17KT 15SM BKN013 BKN060 08/07 A2975 RMK SF5SC2 DENSITY ALT -341FT SLP076
CYAW,2023-10-23 12:35,-63.4994,44.6397,CYAW 231235Z 36009KT 6SM -SHRA BR BKN011 OVC060 08/08 A2977 RMK SF6SC2 DENSITY ALT -360FT SLP081
CYAW,2023-10-23 13:00,-63.4994,44.6397,CYAW 231300Z 35010KT 10SM FEW009 BKN014 OVC060 08/08 A2978 RMK SF2SC5SC1 DENSITY ALT -345FT SLP085
CYAW,2023-10-23 13:38,-63.4994,44.6397,CYAW 231338Z 36012G18KT 10SM BKN016 OVC023 09/08 A2979 RMK SC6SC2 DENSITY ALT -235FT SLP089
CYAW,2023-10-23 14:00,-63.4994,44.6397,CYAW 231400Z 01009G20KT 10SM BKN018 OVC025 09/07 A2979 RMK SC6SC2 DENSITY ALT -250FT SLP089
CYAW,2023-10-23 15:00,-63.4994,44.6397,CYAW 231500Z 01014G21KT 10SM FEW020 BKN030 OVC170 10/06 A2982 RMK SC2SC4AC2 DENSITY ALT -173FT SLP100
CYAW,2023-10-23 16:00,-63.4994,44.6397,CYAW 231600Z 34013G22KT 12SM BKN025 BKN220 10/06 A2983 RMK SC6CI1 DENSITY ALT -210FT SLP103
CYAW,2023-10-23 17:00,-63.4994,44.6397,CYAW 231700Z 34018G24KT 15SM BKN030 BKN170 BKN220 12/05 A2985 RMK SC5AC1CI1 DENSITY ALT -44FT SLP109
CYAW,2023-10-23 18:00,-63.4994,44.6397,CYAW 231800Z 35014G21KT 15SM BKN030 BKN220 11/05 A2987 RMK SC5CI2 DENSITY ALT -191FT SLP116
CYAW,2023-10-23 19:00,-63.4994,44.6397,CYAW 231900Z 35017G25KT 15SM BKN030 BKN220 09/04 A2990 RMK SC5CI2 DENSITY ALT -383FT SLP127
CYAW,2023-10-23 20:00,-63.4994,44.6397,CYAW 232000Z 36015G22KT 15SM SCT035 BKN220 09/04 A2993 RMK SC4CI2 DENSITY ALT -416FT LAST OBS /NEXT 240900 UTC SLP136
CYAW,2023-10-24 09:00,-63.4994,44.6397,CYAW 240900Z 31004KT 15SM SKC 02/02 A3028 RMK DENSITY ALT -1790FT FST OBS SLP257
CYAW,2023-10-24 10:00,-63.4994,44.6397,CYAW 241000Z 33004KT 15SM FEW020 01/01 A3030 RMK SC1 DENSITY ALT -1880FT SLP263
CYAW,2023-10-24 11:00,-63.4994,44.6397,CYAW 241100Z 32004KT 15SM FEW020 01/01 A3033 RMK SC1 DENSITY ALT -1915FT SLP272
CYAW,2023-10-24 12:00,-63.4994,44.6397,CYAW 241200Z 00000KT 15SM FEW020 04/04 A3036 RMK CF1 DENSITY ALT -1539FT SLP283
CYAW,2023-10-24 13:00,-63.4994,44.6397,CYAW 241300Z 36004KT 15SM SKC 07/05 A3037 RMK DENSITY ALT -1145FT SLP285
CYAW,2023-10-24 14:00,-63.4994,44.6397,CYAW 241400Z 00000KT 15SM FEW020 09/04 A3037 RMK CF1 DENSITY ALT -993FT SLP286
CYAW,2023-10-24 15:00,-63.4994,44.6397,CYAW 241500Z 28006KT 15SM FEW030 10/04 A3036 RMK CU2 DENSITY ALT -806FT SLP284
CYAW,2023-10-24 16:00,-63.4994,44.6397,CYAW 241600Z 21006KT 15SM FEW030 11/06 A3035 RMK CU2 DENSITY ALT -661FT SLP279
CYAW,2023-10-24 17:00,-63.4994,44.6397,CYAW 241700Z 17007KT 15SM FEW035 10/06 A3034 RMK CU2 DENSITY ALT -748FT SLP275
CYAW,2023-10-24 18:00,-63.4994,44.6397,CYAW 241800Z 24006KT 15SM SCT040 11/05 A3033 RMK SC3 DENSITY ALT -611FT SLP271
CYAW,2023-10-24 19:00,-63.4994,44.6397,CYAW 241900Z CCA 23006KT 15SM FEW040 12/06 A3031 RMK CU1 DENSITY ALT -556FT LAST OBS /NEXT 250900 UTC SLP265
CYAW,2023-10-25 09:00,-63.4994,44.6397,CYAW 250900Z 23008KT 15SM BKN025 11/10 A3028 RMK SC5 DENSITY ALT -508FT FST OBS SLP256
CYAW,2023-10-25 10:00,-63.4994,44.6397,CYAW 251000Z 24009KT 15SM BKN024 12/10 A3029 RMK SC7 DENSITY ALT -492FT SLP258
CYAW,2023-10-25 11:00,-63.4994,44.6397,CYAW 251100Z 23008KT 15SM SCT017 BKN025 BKN075 11/10 A3028 RMK SC3SC2AC1 DENSITY ALT -528FT SLP255
CYAW,2023-10-25 12:00,-63.4994,44.6397,CYAW 251200Z 24007KT 15SM SCT015 SCT030 SCT080 12/11 A3028 RMK SF3SC1AC1 DENSITY ALT -400FT SLP255
CYAW,2023-10-25 13:00,-63.4994,44.6397,CYAW 251300Z 23013G18KT 15SM FEW018 BKN025 13/10 A3027 RMK SC2SC4 DENSITY ALT -275FT SLP253
CYAW,2023-10-25 14:00,-63.4994,44.6397,CYAW 251400Z 23014G19KT 15SM BKN025 BKN080 14/10 A3027 RMK CU6AC1 DENSITY ALT -178FT SLP251
CYAW,2023-10-25 15:00,-63.4994,44.6397,CYAW 251500Z 23012G19KT 15SM BKN025 OVC100 14/11 A3027 RMK SC7AC1 DENSITY ALT -137FT SLP250
CYAW,2023-10-25 16:00,-63.4994,44.6397,CYAW 251600Z 22015KT 15SM BKN027 BKN090 14/11 A3023 RMK SC6AC1 DENSITY ALT -75FT SLP238
CYAW,2023-10-25 17:00,-63.4994,44.6397,CYAW 251700Z 22014G23KT 15SM BKN024 BKN070 14/12 A3021 RMK SC6AC1 DENSITY ALT -48FT SLP230
CYAW,2023-10-25 18:00,-63.4994,44.6397,CYAW 251800Z 22013G21KT 15SM BKN025 BKN070 BKN220 15/12 A3018 RMK SC5AC1CI1 DENSITY ALT 49FT SLP220
CYAW,2023-10-25 19:00,-63.4994,44.6397,CYAW 251900Z CCA 23014G20KT 15SM BKN020 BKN070 BKN220 15/12 A3017 RMK SC5AC1CI1 DENSITY ALT 48FT LAST OBS /NEXT 260900 UTC SLP219
CYAW,2023-10-26 09:00,-63.4994,44.6397,CYAW 260900Z 25003KT 15SM SKC 12/11 A3013 RMK DENSITY ALT -263FT FST OBS SLP205
CYAW,2023-10-26 10:00,-63.4994,44.6397,CYAW 261000Z 00000KT 15SM FEW020 FEW120 12/11 A3013 RMK SC1AC1 DENSITY ALT -309FT SLP205
CYAW,2023-10-26 11:00,-63.4994,44.6397,CYAW 261100Z 25003KT 15SM FEW110 11/11 A3014 RMK AC1 DENSITY ALT -360FT SLP207
CYAW,2023-10-26 12:00,-63.4994,44.6397,CYAW 261200Z 00000KT 15SM FEW140 13/12 A3016 RMK AC1 DENSITY ALT -153FT SLP215
CYAW,2023-10-26 13:00,-63.4994,44.6397,CYAW 261300Z 26004KT 15SM FEW180 15/13 A3017 RMK AC1 DENSITY ALT 132FT SLP218
CYAW,2023-10-26 14:00,-63.4994,44.6397,CYAW 261400Z 25003KT 15SM FEW180 18/13 A3018 RMK AC1 DENSITY ALT 375FT SLP220
CYAW,2023-10-26 15:00,-63.4994,44.6397,CYAW 261500Z 25004KT 15SM FEW180 19/13 A3017 RMK AC1 DENSITY ALT 586FT SLP217
CYAW,2023-10-26 16:00,-63.4994,44.6397,CYAW 261600Z 18002KT 15SM FEW040 FEW220 20/14 A3015 RMK CU1CI1 DENSITY ALT 652FT SLP210
CYAW,2023-10-26 17:00,-63.4994,44.6397,CYAW 261700Z 11007KT 15SM FEW040 FEW120 FEW220 20/13 A3013 RMK CU1AC1CI1 DENSITY ALT 714FT SLP204
CYAW,2023-10-26 18:00,-63.4994,44.6397,CYAW 261800Z 13005KT 15SM FEW040 FEW120 FEW220 20/14 A3014 RMK SC1AC1CI1 DENSITY ALT 693FT SLP205
CYAW,2023-10-26 19:00,-63.4994,44.6397,CYAW 261900Z 14006KT 15SM FEW040 FEW120 FEW220 19/13 A3013 RMK SC1AC1CI1 DENSITY ALT 632FT SLP203
CYAW,2023-10-26 20:00,-63.4994,44.6397,CYAW 262000Z CCA 17003KT 15SM FEW040 FEW120 FEW220 18/14 A3014 RMK SC1AC1CI1 DENSITY ALT 433FT LAST OBS /NEXT 270900 UTC SLP206
CYAW,2023-10-27 09:00,-63.4994,44.6397,CYAW 270900Z 10004KT 1/8SM FG VV001 13/13 A3017 RMK FG8 DENSITY ALT -194FT FST OBS SLP216
CYAW,2023-10-27 10:00,-63.4994,44.6397,CYAW 271000Z 13006KT 1/8SM FG VV001 13/13 A3016 RMK FG8 DENSITY ALT -195FT SLP213
CYAW,2023-10-27 11:00,-63.4994,44.6397,CYAW 271100Z 13006KT 1/2SM FG VV002 12/12 A3017 RMK FG8 DENSITY ALT -233FT SLP219
CYAW,2023-10-27 12:00,-63.4994,44.6397,CYAW 271200Z 10003KT 1/2SM FG VV002 13/13 A3018 RMK FG8 DENSITY ALT -205FT SLP220
CYAW,2023-10-27 12:16,-63.4994,44.6397,CYAW 271216Z 11004KT 0SM FG VV001 13/13 A3018 RMK FG8 DENSITY ALT -205FT SLP220
CYAW,2023-10-27 13:00,-63.4994,44.6397,CYAW 271300Z CCA 12005KT 0SM FG VV002 13/13 A3018 RMK FG8 DENSITY ALT -205FT SLP220
CYAW,2023-10-27 14:00,-63.4994,44.6397,CYAW 271400Z 12007KT 1/8SM FG VV001 13/13 A3016 RMK FG8 DENSITY ALT -129FT SLP213
CYAW,2023-10-27 14:08,-63.4994,44.6397,CYAW 271408Z 13006KT 1/2SM FG VV001 13/13 A3016 RMK FG8 DENSITY ALT -129FT SLP213
CYAW,2023-10-27 14:44,-63.4994,44.6397,CYAW 271444Z 13007KT 1 1/4SM BR OVC003 13/13 A3014 RMK FG6ST2 DENSITY ALT -80FT VIS VRB 3/4-1 3/4 SLP209
CYAW,2023-10-27 15:00,-63.4994,44.6397,CYAW 271500Z 13007KT 2 1/4SM BR OVC002 13/13 A3014 RMK FG4ST4 DENSITY ALT -93FT VIS VRB 1 1/2-3 SLP208
CYAW,2023-10-27 15:15,-63.4994,44.6397,CYAW 271515Z 12008KT 7SM OVC003 13/13 A3013 RMK ST8 DENSITY ALT -95FT VIS LWR SE SLP204
CYAW,2023-10-27 16:00,-63.4994,44.6397,CYAW 271600Z 15006KT 10SM BKN005 OVC015 13/13 A3012 RMK SF7SC1 DENSITY ALT -57FT SLP202
CYAW,2023-10-27 17:00,-63.4994,44.6397,CYAW 271700Z 14009KT 10SM BKN007 OVC012 14/14 A3009 RMK SF7SC1 DENSITY ALT 57FT SLP190
CYAW,2023-10-27 18:00,-63.4994,44.6397,CYAW 271800Z 16009KT 10SM BKN008 OVC012 14/14 A3009 RMK SF7SC1 DENSITY ALT 80FT SLP189
CYAW,2023-10-27 18:54,-63.4994,44.6397,CYAW 271854Z 16006KT 10SM BKN008 OVC012 14/14 A3007 RMK SF7SC1 DENSITY ALT 79FT LAST OBS /NEXT 280900 UTC SLP184
CYAW,2023-10-28 09:00,-63.4994,44.6397,CYAW 280900Z 22004KT 2 1/4SM BR OVC003 13/13 A2988 RMK SF8 DENSITY ALT 126FT VIS VRB 1 1/2-3 FST OBS SLP119
CYAW,2023-10-28 10:00,-63.4994,44.6397,CYAW 281000Z 21005KT 3SM BR OVC003 13/13 A2987 RMK SF8 DENSITY ALT 150FT SLP117
CYAW,2023-10-28 11:00,-63.4994,44.6397,CYAW 281100Z 21005KT 5SM BR OVC003 13/13 A2987 RMK SF8 DENSITY ALT 203FT SLP117
CYAW,2023-10-28 12:00,-63.4994,44.6397,CYAW 281200Z 23006KT 9SM BKN003 BKN250 14/14 A2988 RMK SF7CI1 DENSITY ALT 257FT SLP118
CYAW,2023-10-28 12:48,-63.4994,44.6397,CYAW 281248Z 23005KT 10SM SCT004 BKN250 14/14 A2987 RMK SF4CI1 DENSITY ALT 336FT SLP116
CYAW,2023-10-28 13:00,-63.4994,44.6397,CYAW 281300Z 22005KT 12SM FEW005 FEW100 SCT250 15/14 A2987 RMK SF2AC1CI2 DENSITY ALT 424FT SLP116
CYAW,2023-10-28 14:00,-63.4994,44.6397,CYAW 281400Z 20008KT 15SM FEW005 FEW100 FEW250 17/14 A2985 RMK SF1AC1CI1 DENSITY ALT 683FT SLP109
CYAW,2023-10-28 15:00,-63.4994,44.6397,CYAW 281500Z 20007KT 15SM FEW005 FEW150 FEW250 18/15 A2984 RMK SF1AC1CI2 DENSITY ALT 849FT SLP107
CYAW,2023-10-28 16:00,-63.4994,44.6397,CYAW 281600Z 19005KT 15SM FEW010 FEW150 FEW250 19/15 A2981 RMK SC1AC1CI1 DENSITY ALT 993FT LAST OBS /NEXT 290900 UTC SLP095
CYAW,2023-10-29 09:00,-63.4994,44.6397,CYAW 290900Z 34012G18KT 15SM SKC 07/01 A3001 RMK DENSITY ALT -797FT FST OBS SLP164
CYAW,2023-10-29 10:00,-63.4994,44.6397,CYAW 291000Z 34007KT 15SM FEW020 FEW150 SCT220 06/00 A3003 RMK CU1AC2CI2 DENSITY ALT -984FT SLP170
CYAW,2023-10-29 11:00,-63.4994,44.6397,CYAW 291100Z 34008KT 15SM FEW020 FEW150 SCT220 05/M00 A3005 RMK CU1AC1CI3 DENSITY ALT -1059FT SLP178
CYAW,2023-10-29 12:00,-63.4994,44.6397,CYAW 291200Z 33009KT 15SM FEW020 FEW150 SCT220 06/00 A3009 RMK CU1AC1CI2 DENSITY ALT -1042FT SLP190
CYAW,2023-10-29 13:00,-63.4994,44.6397,CYAW 291300Z CCA 35012KT 15SM FEW020 SCT150 BKN240 07/M00 A3008 RMK CU1AC4CI2 DENSITY ALT -946FT SLP188
CYAW,2023-10-29 14:00,-63.4994,44.6397,CYAW 291400Z 33011KT 15SM FEW020 FEW150 BKN240 07/M02 A3008 RMK CU1AC2CI5 DENSITY ALT -855FT SLP188
CYAW,2023-10-29 15:00,-63.4994,44.6397,CYAW 291500Z 32008G15KT 15SM FEW020 FEW150 BKN240 07/M02 A3008 RMK CU1AC2CI5 DENSITY ALT -856FT SLP188
CYAW,2023-10-29 16:00,-63.4994,44.6397,CYAW 291600Z 33008KT 15SM FEW170 BKN240 08/M01 A3007 RMK AC2CI5 DENSITY ALT -765FT SLP183
CYAW,2023-10-29 17:00,-63.4994,44.6397,CYAW 291700Z 30012KT 15SM SCT170 BKN240 09/M01 A3007 RMK AC4CI3 DENSITY ALT -666FT SLP185
CYAW,2023-10-29 18:00,-63.4994,44.6397,CYAW 291800Z 29008KT 15SM SCT170 BKN240 10/00 A3006 RMK AC4CI3 DENSITY ALT -538FT LAST OBS /NEXT 300900 UTC SLP180
CYAW,2023-10-30 09:00,-63.4994,44.6397,CYAW 300900Z 36004KT 15SM OVC110 03/M01 A3010 RMK AC8 DENSITY ALT -1398FT FST OBS SLP193
CYAW,2023-10-30 10:00,-63.4994,44.6397,CYAW 301000Z 36004KT 15SM OVC120 03/M01 A3007 RMK AC8 DENSITY ALT -1388FT SLP183
CYAW,2023-10-30 11:00,-63.4994,44.6397,CYAW 301100Z 04004KT 15SM -RA FEW090 BKN100 OVC130 03/M01 A3003 RMK AC1AC6AC1 DENSITY ALT -1331FT PCPN VRY LGT SLP172
CYAW,2023-10-30 12:00,-63.4994,44.6397,CYAW 301200Z 00000KT 10SM -RA FEW055 OVC085 03/01 A3001 RMK SC2AC6 DENSITY ALT -1354FT SLP164
CYAW,2023-10-30 13:00,-63.4994,44.6397,CYAW 301300Z 01005KT 5SM -RA BR OVC050 02/01 A3001 RMK SC8 DENSITY ALT -1379FT SLP165
CYAW,2023-10-30 13:40,-63.4994,44.6397,CYAW 301340Z 04004KT 10SM -RA SCT042 OVC050 03/02 A2998 RMK SC3SC5 DENSITY ALT -1329FT SLP154
CYAW,2023-10-30 14:00,-63.4994,44.6397,CYAW 301400Z 04004KT 10SM -RA SCT040 OVC050 03/02 A2997 RMK SC4SC4 DENSITY ALT -1291FT SLP150
CYAW,2023-10-30 15:00,-63.4994,44.6397,CYAW 301500Z 03007KT 10SM -RA FEW010 BKN020 OVC030 03/02 A2993 RMK CU1SC6SC2 DENSITY ALT -1217FT SLP137
CYAW,2023-10-30 15:46,-63.4994,44.6397,CYAW 301546Z 04004KT 2 1/2SM -RA BR OVC013 03/03 A2992 RMK SC8 DENSITY ALT -1190FT SLP132
CYAW,2023-10-30 16:00,-63.4994,44.6397,CYAW 301600Z 36005KT 2 1/2SM -RA BR BKN006 OVC014 03/03 A2992 RMK SF5SC3 DENSITY ALT -1189FT SLP135
CYAW,2023-10-30 16:44,-63.4994,44.6397,CYAW 301644Z 03010KT 5SM -RA BR BKN005 OVC015 03/03 A2987 RMK SF7SC1 DENSITY ALT -1145FT PRESFR SLP115
CYAW,2023-10-30 17:00,-63.4994,44.6397,CYAW 301700Z 04009KT 4SM -RA BR BKN005 OVC016 03/03 A2985 RMK SF6SC2 DENSITY ALT -1135FT PRESFR SLP111
CYAW,2023-10-30 18:00,-63.4994,44.6397,CYAW 301800Z 04009KT 3SM -RA BR BKN005 OVC013 03/03 A2980 RMK SF7SC1 DENSITY ALT -1103FT SLP094
CYAW,2023-10-30 19:00,-63.4994,44.6397,CYAW 301900Z 03011G17KT 2 1/2SM -RA BR BKN007 OVC021 02/02 A2977 RMK SF6SC2 DENSITY ALT -1095FT LAST OBS /NEXT 310900 UTC SLP084
CYAW,2023-10-31 09:00,-63.4994,44.6397,CYAW 310900Z 32011KT 15SM BKN008 OVC013 04/04 A2975 RMK SF7SC1 DENSITY ALT -873FT FST OBS SLP077
CYAW,2023-10-31 10:00,-63.4994,44.6397,CYAW 311000Z 33011G17KT 15SM SCT008 BKN014 04/03 A2978 RMK SF3SC4 DENSITY ALT -914FT SLP086
CYAW,2023-10-31 11:00,-63.4994,44.6397,CYAW 311100Z 32009KT 15SM BKN017 BKN021 04/03 A2982 RMK SC5SC2 DENSITY ALT -973FT SLP098
CYAW,2023-10-31 12:00,-63.4994,44.6397,CYAW 311200Z 32013KT 15SM BKN017 OVC022 04/03 A2985 RMK SC7SC1 DENSITY ALT -1011FT SLP111
CYAW,2023-10-31 12:19,-63.4994,44.6397,CYAW 311219Z 31013KT 15SM BKN013 BKN020 04/02 A2987 RMK SC5SC2 DENSITY ALT -1074FT SLP116
CYAW,2023-10-31 13:00,-63.4994,44.6397,CYAW 311300Z 31011G20KT 15SM BKN015 03/02 A2988 RMK SC7 DENSITY ALT -1115FT SLP121
CYAW,2023-10-31 14:00,-63.4994,44.6397,CYAW 311400Z 31012G17KT 15SM BKN020 BKN170 04/01 A2991 RMK SC5AC1 DENSITY ALT -1040FT SLP129
CYAW,2023-10-31 15:00,-63.4994,44.6397,CYAW 311500Z 33014G19KT 15SM SCT024 BKN220 05/01 A2992 RMK CU4CI1 DENSITY ALT -955FT SLP135
CYAW,2023-10-31 16:00,-63.4994,44.6397,CYAW 311600Z 31018KT 15SM SCT031 SCT220 06/M01 A2993 RMK SC3CI1 DENSITY ALT -837FT SLP138
CYAW,2023-10-31 17:00,-63.4994,44.6397,CYAW 311700Z 33011G16KT 15SM FEW036 SCT220 07/00 A2994 RMK SC1CI2 DENSITY ALT -709FT SLP141
CYAW,2023-10-31 18:00,-63.4994,44.6397,CYAW 311800Z 31014KT 15SM FEW036 SCT220 07/M00 A2996 RMK SC1CI2 DENSITY ALT -734FT SLP146
CYAW,2023-10-31 18:52,-63.4994,44.6397,CYAW 311852Z CCA 31012G19KT 15SM FEW036 SCT220 07/M01 A2997 RMK SC2CI2 DENSITY ALT -809FT LAST OBS /NEXT 010900 UTC SLP151
CYAW,2023-11-01 09:00,-63.4994,44.6397,CYAW 010900Z 02005KT 15SM OVC032 01/M03 A3005 RMK SC8 DENSITY ALT -1654FT FST OBS SLP177
CYAW,2023-11-01 10:00,-63.4994,44.6397,CYAW 011000Z 36008KT 15SM OVC030 01/M04 A3002 RMK SC8 DENSITY ALT -1623FT SLP169
CYAW,2023-11-01 11:00,-63.4994,44.6397,CYAW 011100Z 01005KT 15SM BKN040 OVC060 01/M03 A3003 RMK SC7SC1 DENSITY ALT -1607FT SLP170
CYAW,2023-11-01 12:00,-63.4994,44.6397,CYAW 011200Z 03007KT 15SM BKN055 OVC085 01/M03 A2998 RMK SC5AS3 DENSITY ALT -1548FT SLP156
CYAW,2023-11-01 12:34,-63.4994,44.6397,CYAW 011234Z CCA 36006KT 15SM -SN OVC025 01/M03 A2999 RMK SC8 DENSITY ALT -1532FT PCPN VRY LGT SLP159
CYAW,2023-11-01 13:00,-63.4994,44.6397,CYAW 011300Z 04006KT 5SM -SN OVC026 01/M03 A3000 RMK SC8 DENSITY ALT -1559FT SLP160
CYAW,2023-11-01 13:21,-63.4994,44.6397,CYAW 011321Z 03007KT 2SM -SN OVC020 01/M03 A3000 RMK SN6SC2 DENSITY ALT -1596FT SLP160
CYAW,2023-11-01 13:39,-63.4994,44.6397,CYAW 011339Z 02007KT 5SM -SN OVC025 01/M03 A3000 RMK SC8 DENSITY ALT -1619FT SLP160
CYAW,2023-11-01 14:00,-63.4994,44.6397,CYAW 011400Z 03007KT 2SM -SN OVC024 01/M02 A2997 RMK SN6SC2 DENSITY ALT -1557FT SLP150
CYAW,2023-11-01 14:12,-63.4994,44.6397,CYAW 011412Z 35005KT 1 1/2SM -SN VV012 00/M01 A2999 RMK SN8 DENSITY ALT -1626FT SLP159
CYAW,2023-11-01 14:22,-63.4994,44.6397,CYAW 011422Z 34007KT 1SM -SN VV004 00/M01 A2999 RMK SN8 DENSITY ALT -1675FT SLP157
CYAW,2023-11-01 14:35,-63.4994,44.6397,CYAW 011435Z 35005KT 1/2SM SN VV003 M00/M01 A2999 RMK SN8 DENSITY ALT -1711FT SLP157
CYAW,2023-11-01 15:00,-63.4994,44.6397,CYAW 011500Z 36007KT 1/2SM SN VV003 M01/M01 A2998 RMK SN8 DENSITY ALT -1738FT SLP153
CYAW,2023-11-01 16:00,-63.4994,44.6397,CYAW 011600Z CCA 02009G16KT 1/2SM SN VV004 M01/M01 A2990 RMK SN8 DENSITY ALT -1671FT PRESFR LAST OBS /NEXT 020900 UTC /S01/ SLP129
CYAW,2023-11-02 09:00,-63.4994,44.6397,CYAW 020900Z 31015KT 15SM SKC M02/M06 A3009 RMK DENSITY ALT -2071FT FST OBS SLP192
CYAW,2023-11-02 10:00,-63.4994,44.6397,CYAW 021000Z 32012G17KT 15SM FEW020 M02/M06 A3011 RMK CU1 DENSITY ALT -2133FT SLP200
CYAW,2023-11-02 11:00,-63.4994,44.6397,CYAW 021100Z 31010KT 15SM FEW020 M02/M06 A3015 RMK CU1 DENSITY ALT -2204FT SLP211
CYAW,2023-11-02 12:00,-63.4994,44.6397,CYAW 021200Z 30013KT 15SM FEW020 FEW030 M01/M06 A3019 RMK CU1SC1 DENSITY ALT -2109FT SLP227
CYAW,2023-11-02 13:00,-63.4994,44.6397,CYAW 021300Z CCA 31016KT 15SM FEW020 FEW030 00/M05 A3022 RMK CU1SC1 DENSITY ALT -1963FT CU TR SC TR SLP234
CYAW,2023-11-02 14:00,-63.4994,44.6397,CYAW 021400Z 32014G20KT 15SM FEW020 FEW030 01/M05 A3024 RMK CU1SC1 DENSITY ALT -1820FT SLP241
CYAW,2023-11-02 15:00,-63.4994,44.6397,CYAW 021500Z CCA 32016KT 15SM FEW020 FEW030 02/M05 A3027 RMK CU1SC1 DENSITY ALT -1752FT CU TR SC TR SLP251
CYAW,2023-11-02 16:00,-63.4994,44.6397,CYAW 021600Z 31015KT 15SM FEW020 FEW030 03/M05 A3027 RMK SC1SC1 DENSITY ALT -1676FT SLP252
CYAW,2023-11-02 17:00,-63.4994,44.6397,CYAW 021700Z 31012KT 15SM FEW020 FEW030 03/M05 A3028 RMK SC1SC1 DENSITY ALT -1599FT SLP257
CYAW,2023-11-02 18:00,-63.4994,44.6397,CYAW 021800Z 30010KT 15SM FEW020 FEW030 04/M06 A3029 RMK SC1SC1 DENSITY ALT -1566FT SLP260
CYAW,2023-11-02 19:00,-63.4994,44.6397,CYAW 021900Z 31009G16KT 15SM FEW030 04/M06 A3031 RMK SC1 DENSITY ALT -1552FT SLP265
CYAW,2023-11-02 20:00,-63.4994,44.6397,CYAW 022000Z 31009KT 15SM FEW030 04/M06 A3033 RMK SC1 DENSITY ALT -1636FT LAST OBS /NEXT 030900 UTC SLP271
CYAW,2023-11-03 09:00,-63.4994,44.6397,CYAW 030900Z 26003KT 15SM BKN045 02/00 A3050 RMK SC6 DENSITY ALT -2013FT FST OBS SLP331
CYAW,2023-11-03 10:00,-63.4994,44.6397,CYAW 031000Z 27005KT 15SM FEW040 02/M00 A3051 RMK SC2 DENSITY ALT -2076FT SLP333
CYAW,2023-11-03 11:00,-63.4994,44.6397,CYAW 031100Z 33002KT 15SM SCT040 BKN060 02/M00 A3052 RMK SC3SC2 DENSITY ALT -2089FT SLP336
CYAW,2023-11-03 12:00,-63.4994,44.6397,CYAW 031200Z 02002KT 15SM SCT040 BKN060 BKN240 02/01 A3052 RMK SC4SC1CI1 DENSITY ALT -2028FT SLP339
CYAW,2023-11-03 13:00,-63.4994,44.6397,CYAW 031300Z 17002KT 15SM FEW020 SCT075 BKN220 05/01 A3053 RMK SC1AC3CI4 DENSITY ALT -1600FT SLP340
CYAW,2023-11-03 14:00,-63.4994,44.6397,CYAW 031400Z 16004KT 15SM FEW020 OVC060 07/02 A3052 RMK SC1SC7 DENSITY ALT -1436FT SLP339
CYAW,2023-11-03 15:00,-63.4994,44.6397,CYAW 031500Z 21007KT 15SM -SHRA BKN040 BKN060 OVC100 07/02 A3052 RMK SC6SC1AC1 DENSITY ALT -1361FT SLP335
CYAW,2023-11-03 16:00,-63.4994,44.6397,CYAW 031600Z 21004KT 15SM BKN034 OVC044 07/03 A3049 RMK SC6SC2 DENSITY ALT -1333FT SLP327
CYAW,2023-11-03 17:00,-63.4994,44.6397,CYAW 031700Z 19010KT 15SM SCT034 BKN043 OVC065 09/03 A3046 RMK SC4SC3SC1 DENSITY ALT -1099FT SLP316
CYAW,2023-11-03 17:36,-63.4994,44.6397,CYAW 031736Z 20010G18KT 15SM -SHRA BKN035 OVC045 08/05 A3044 RMK SC6SC2 DENSITY ALT -1151FT SLP311
CYAW,2023-11-03 18:00,-63.4994,44.6397,CYAW 031800Z CCA 26017KT 12SM -SHRA BKN020 BKN029 BKN040 07/05 A3045 RMK SC6SC1SC1 DENSITY ALT -1234FT VIS LWR N LAST OBS /NEXT 040900 UTC SLP313
CYAW,2023-11-04 09:00,-63.4994,44.6397,CYAW 040900Z 22009G16KT 15SM FEW017 OVC140 10/09 A3022 RMK CF1AC7 DENSITY ALT -622FT FST OBS SLP233
CYAW,2023-11-04 10:00,-63.4994,44.6397,CYAW 041000Z 23012G20KT 15SM FEW022 BKN160 10/08 A3020 RMK CF1AC7 DENSITY ALT -572FT SLP228
CYAW,2023-11-04 11:00,-63.4994,44.6397,CYAW 041100Z 23010G18KT 15SM FEW030 BKN110 BKN140 10/07 A3019 RMK SC1AC6AC1 DENSITY ALT -576FT SLP226
CYAW,2023-11-04 12:00,-63.4994,44.6397,CYAW 041200Z 23011G22KT 15SM FEW030 FEW110 OVC120 11/08 A3020 RMK SC1AC1AS7 DENSITY ALT -492FT LAST OBS /NEXT 060900 UTC SLP227
CYAW,2023-11-06 10:00,-63.4994,44.6397,CYAW 061000Z 31006KT 15SM FEW020 FEW180 SCT250 M01/M02 A3012 RMK SC1AC1CI3 DENSITY ALT -1972FT FST OBS SLP202
CYAW,2023-11-06 11:00,-63.4994,44.6397,CYAW 061100Z 31007KT 15SM FEW020 BKN160 BKN220 M01/M02 A3014 RMK SC1AC6CI1 DENSITY ALT -1957FT SLP208
CYAW,2023-11-06 12:00,-63.4994,44.6397,CYAW 061200Z 33007KT 15SM FEW020 BKN200 00/M02 A3017 RMK SC1CC5 DENSITY ALT -1875FT SLP217
CYAW,2023-11-06 13:00,-63.4994,44.6397,CYAW 061300Z 35004KT 15SM FEW025 FEW170 SCT250 02/M02 A3017 RMK CU1AC2CI1 DENSITY ALT -1609FT SLP220
CYAW,2023-11-06 14:00,-63.4994,44.6397,CYAW 061400Z 35005KT 15SM FEW020 FEW250 04/M02 A3019 RMK CF1CI2 DENSITY ALT -1433FT SLP224
CYAW,2023-11-06 15:00,-63.4994,44.6397,CYAW 061500Z 36005KT 15SM FEW032 SCT250 04/M04 A3019 RMK CU1CI4 DENSITY ALT -1367FT SLP227
CYAW,2023-11-06 16:00,-63.4994,44.6397,CYAW 061600Z 31003KT 15SM FEW036 BKN250 05/M05 A3018 RMK SC1CI6 DENSITY ALT -1321FT SLP222
CYAW,2023-11-06 17:00,-63.4994,44.6397,CYAW 061700Z 15002KT 15SM FEW035 FEW160 SCT250 05/M05 A3016 RMK CU1AC1CI2 DENSITY ALT -1225FT SLP216
CYAW,2023-11-06 18:00,-63.4994,44.6397,CYAW 061800Z 05003KT 15SM FEW035 FEW160 BKN250 05/M05 A3015 RMK CU1AC1CI6 DENSITY ALT -1202FT SLP211
CYAW,2023-11-06 19:00,-63.4994,44.6397,CYAW 061900Z 17003KT 15SM FEW035 FEW160 SCT250 05/M04 A3014 RMK CF1AC1CI2 DENSITY ALT -1184FT CONTRAILS SLP210
CYAW,2023-11-06 20:00,-63.4994,44.6397,CYAW 062000Z 18005KT 15SM FEW035 SCT250 05/M03 A3015 RMK CF1CI4 DENSITY ALT -1267FT SLP211
CYAW,2023-11-06 21:00,-63.4994,44.6397,CYAW 062100Z 21004KT 15SM SCT160 SCT250 03/M03 A3017 RMK AC3CI1 DENSITY ALT -1475FT SLP217
CYAW,2023-11-06 22:00,-63.4994,44.6397,CYAW 062200Z 22004KT 15SM FEW160 SCT250 03/M02 A3017 RMK AC1CI2 DENSITY ALT -1535FT LAST OBS /NEXT 071200 UTC SLP219
CYAW,2023-11-07 12:00,-63.4994,44.6397,CYAW 071200Z 00000KT 15SM FEW020 SCT060 BKN120 BKN250 04/02 A3003 RMK SC1SC4AC1CI2 DENSITY ALT -1198FT FST OBS SLP172
CYAW,2023-11-07 13:00,-63.4994,44.6397,CYAW 071300Z 15009KT 15SM FEW020 FEW110 BKN150 OVC250 09/05 A3000 RMK CU1AC2AS4CS2 DENSITY ALT -583FT HALO SLP160
CYAW,2023-11-07 14:00,-63.4994,44.6397,CYAW 071400Z 17010KT 15SM BKN025 OVC070 10/05 A2997 RMK SC5AC3 DENSITY ALT -428FT SLP152
CYAW,2023-11-07 15:00,-63.4994,44.6397,CYAW 071500Z 17009G16KT 15SM SCT024 BKN043 BKN120 10/06 A2994 RMK SC3SC3AC1 DENSITY ALT -364FT SLP141
CYAW,2023-11-07 16:00,-63.4994,44.6397,CYAW 071600Z 17010G18KT 15SM FEW024 BKN075 OVC250 10/06 A2991 RMK SC1AC6CI1 DENSITY ALT -266FT SLP129
CYAW,2023-11-07 17:00,-63.4994,44.6397,CYAW 071700Z 17011G18KT 15SM FEW022 BKN075 10/07 A2987 RMK SC2AC5 DENSITY ALT -214FT SLP115
CYAW,2023-11-07 18:00,-63.4994,44.6397,CYAW 071800Z 16012KT 15SM FEW020 SCT063 OVC080 10/07 A2984 RMK CF1SC4AC4 DENSITY ALT -162FT SLP105
CYAW,2023-11-07 19:00,-63.4994,44.6397,CYAW 071900Z 17011KT 15SM FEW020 BKN060 OVC080 10/09 A2981 RMK SC1SC4AC3 DENSITY ALT -128FT SLP096
CYAW,2023-11-07 19:17,-63.4994,44.6397,CYAW 071917Z 17009KT 12SM -RA FEW020 SCT040 OVC080 10/09 A2980 RMK SC2SC2AC4 DENSITY ALT -100FT SLP094
CYAW,2023-11-07 20:00,-63.4994,44.6397,CYAW 072000Z 17010G16KT 12SM -RA SCT015 BKN040 OVC060 10/09 A2978 RMK SC3SC3SC2 DENSITY ALT -109FT SLP086
CYAW,2023-11-07 21:00,-63.4994,44.6397,CYAW 072100Z 17012G18KT 8SM -RA SCT015 BKN040 OVC070 10/10 A2975 RMK SF3SC2AC3 DENSITY ALT -98FT SLP075
CYAW,2023-11-07 22:00,-63.4994,44.6397,CYAW 072200Z 16012KT 10SM -RA FEW015 BKN037 OVC050 10/09 A2973 RMK SF2SC3SC3 DENSITY ALT -65FT PCPN VRY LGT SLP068
CYAW,2023-11-07 23:00,-63.4994,44.6397,CYAW 072300Z 16012KT 6SM -RA BR FEW015 BKN027 OVC040 10/10 A2970 RMK SC1SC4SC3 DENSITY ALT 11FT SLP059
CYAW,2023-11-07 23:53,-63.4994,44.6397,CYAW 072353Z 15011KT 6SM -RA BR BKN020 OVC030 10/10 A2966 RMK SC5SC3 DENSITY ALT 83FT LAST OBS /NEXT 081200 UTC SLP047
CYAW,2023-11-08 12:00,-63.4994,44.6397,CYAW 081200Z 30015G23KT 15SM FEW019 BKN048 05/03 A2958 RMK CF2SC5 DENSITY ALT -498FT FST OBS SLP017
CYAW,2023-11-08 13:00,-63.4994,44.6397,CYAW 081300Z 31017G22KT 15SM FEW020 BKN050 05/00 A2959 RMK SC1SC5 DENSITY ALT -611FT SLP021
CYAW,2023-11-08 14:00,-63.4994,44.6397,CYAW 081400Z 29017G24KT 15SM FEW027 SCT055 BKN120 06/00 A2959 RMK SC1SC3AC2 DENSITY ALT -514FT SLP021
CYAW,2023-11-08 15:00,-63.4994,44.6397,CYAW 081500Z 31014G23KT 15SM FEW031 BKN060 06/00 A2959 RMK SC1SC6 DENSITY ALT -451FT SLP020
CYAW,2023-11-08 16:00,-63.4994,44.6397,CYAW 081600Z 30015G22KT 15SM BKN030 BKN060 05/M01 A2958 RMK SC5SC2 DENSITY ALT -581FT SLP018
CYAW,2023-11-08 17:00,-63.4994,44.6397,CYAW 081700Z 29017G24KT 15SM -SHSN SCT030 BKN070 BKN120 04/M02 A2958 RMK SC3AC4AC1 DENSITY ALT -648FT PCPN VRY LGT SLP017
CYAW,2023-11-08 18:00,-63.4994,44.6397,CYAW 081800Z 30019G29KT 12SM -SHSN FEW040 BKN070 04/M02 A2959 RMK SC1AC6 DENSITY ALT -700FT PCPN VRY LGT SLP020
CYAW,2023-11-08 18:40,-63.4994,44.6397,CYAW 081840Z 30014G26KT 2 1/2SM -SHSN BKN020 BKN070 01/01 A2960 RMK SN4SC2AC1 DENSITY ALT -1047FT VIS VRB 1 1/2-4 SLP026
CYAW,2023-11-08 18:50,-63.4994,44.6397,CYAW 081850Z 28013G20KT 8SM FEW005 BKN020 BKN050 BKN070 02/01 A2960 RMK SF2SC3SC1AC1 DENSITY ALT -941FT SLP026
CYAW,2023-11-08 19:00,-63.4994,44.6397,CYAW 081900Z 29015G21KT 8SM FEW005 SCT020 BKN060 BKN070 03/01 A2960 RMK SF1SC3SC1AC1 DENSITY ALT -883FT SLP026
CYAW,2023-11-08 19:13,-63.4994,44.6397,CYAW 081913Z 31015G21KT 8SM -SHSN SCT005 BKN020 BKN060 BKN070 02/00 A2961 RMK SF3SC2SC1AC1 DENSITY ALT -1022FT SLP029
CYAW,2023-11-08 19:30,-63.4994,44.6397,CYAW 081930Z 29013G19KT 10SM FEW010 BKN020 BKN060 BKN070 02/00 A2961 RMK SF2SC3SC1AC1 DENSITY ALT -946FT SLP029
CYAW,2023-11-08 20:00,-63.4994,44.6397,CYAW 082000Z 29018G25KT 10SM -SHSN FEW010 SCT020 BKN050 BKN070 02/M01 A2962 RMK SF1SC3SC2AC1 DENSITY ALT -966FT PCPN VRY LGT SLP030
CYAW,2023-11-08 21:00,-63.4994,44.6397,CYAW 082100Z 29014G22KT 10SM -SHSN BKN020 BKN050 BKN070 01/M01 A2963 RMK SC5SC1AC1 DENSITY ALT -1078FT SLP037
CYAW,2023-11-08 22:00,-63.4994,44.6397,CYAW 082200Z 30019KT 15SM FEW020 BKN040 01/M03 A2965 RMK SC2SC5 DENSITY ALT -1113FT SLP043
CYAW,2023-11-08 23:00,-63.4994,44.6397,CYAW 082300Z 29018G24KT 15SM FEW020 BKN048 02/M04 A2965 RMK SC2SC5 DENSITY ALT -1106FT SLP042
CYAW,2023-11-09 00:00,-63.4994,44.6397,CYAW 090000Z 29016G21KT 15SM SCT025 BKN048 01/M04 A2966 RMK SC4SC3 DENSITY ALT -1130FT SLP046
CYAW,2023-11-09 00:34,-63.4994,44.6397,CYAW 090034Z 29016G21KT 15SM SCT025 BKN048 01/M04 A2967 RMK SC4SC3 DENSITY ALT -1142FT LAST OBS /NEXT 091200 UTC SLP049
CYAW,2023-11-09 12:00,-63.4994,44.6397,CYAW 091200Z CCA 30014G19KT 15SM FEW020 FEW070 FEW250 01/M02 A2981 RMK SC1AC1CI1 DENSITY ALT -1295FT FST OBS SLP096
CYAW,2023-11-09 13:00,-63.4994,44.6397,CYAW 091300Z 30014G21KT 15SM BKN023 BKN250 03/M01 A2982 RMK SC6CI1 DENSITY ALT -1099FT SLP101
CYAW,2023-11-09 14:00,-63.4994,44.6397,CYAW 091400Z 30019KT 15SM BKN020 BKN250 04/M01 A2983 RMK SC5CI2 DENSITY ALT -1020FT SLP103
CYAW,2023-11-09 15:00,-63.4994,44.6397,CYAW 091500Z 30016KT 15SM SCT022 BKN220 05/00 A2983 RMK SC3CS4 DENSITY ALT -902FT HALO SLP104
CYAW,2023-11-09 16:00,-63.4994,44.6397,CYAW 091600Z 32014G21KT 15SM SCT021 BKN240 05/01 A2984 RMK SC3CS4 DENSITY ALT -823FT HALO SLP105
CYAW,2023-11-09 17:00,-63.4994,44.6397,CYAW 091700Z 32009G19KT 15SM FEW022 BKN220 06/02 A2983 RMK SC2CS5 DENSITY ALT -758FT HALO SLP104
CYAW,2023-11-09 18:00,-63.4994,44.6397,CYAW 091800Z 31013KT 15SM FEW021 BKN180 BKN250 06/02 A2984 RMK SC2AC5CI1 DENSITY ALT -717FT SLP105
CYAW,2023-11-09 19:00,-63.4994,44.6397,CYAW 091900Z 30012G17KT 15SM BKN024 BKN180 06/02 A2986 RMK SC6AC1 DENSITY ALT -764FT SLP113
CYAW,2023-11-09 20:00,-63.4994,44.6397,CYAW 092000Z 30008KT 15SM BKN023 OVC180 06/02 A2987 RMK SC6AC2 DENSITY ALT -801FT SLP116
CYAW,2023-11-09 21:00,-63.4994,44.6397,CYAW 092100Z CCA 32007KT 15SM SCT022 BKN140 OVC250 05/02 A2988 RMK SC3AC4CI1 DENSITY ALT -889FT SLP119
CYAW,2023-11-09 22:00,-63.4994,44.6397,CYAW 092200Z 31005KT 15SM SCT023 BKN100 05/02 A2988 RMK SC4AC3 DENSITY ALT -901FT SLP121
CYAW,2023-11-09 23:00,-63.4994,44.6397,CYAW 092300Z CCA 33007KT 15SM SCT023 BKN070 05/02 A2989 RMK SC4AC3 DENSITY ALT -938FT SLP122
CYAW,2023-11-09 23:44,-63.4994,44.6397,CYAW 092344Z 30005KT 15SM SCT023 BKN070 05/02 A2987 RMK SC4AC3 DENSITY ALT -941FT LAST OBS /NEXT 101000 UTC SLP117
CYAW,2023-11-10 10:00,-63.4994,44.6397,CYAW 101000Z 28006KT 15SM BKN026 03/02 A2985 RMK SC7 DENSITY ALT -1117FT FST OBS SLP109
CYAW,2023-11-10 11:00,-63.4994,44.6397,CYAW 101100Z 27007KT 15SM FEW021 FEW044 BKN075 03/02 A2984 RMK CU1SC1AC6 DENSITY ALT -1052FT SLP108
CYAW,2023-11-10 12:00,-63.4994,44.6397,CYAW 101200Z 25006KT 15SM FEW011 BKN020 BKN250 04/03 A2986 RMK CF1SC7CI1 DENSITY ALT -997FT SLP113
CYAW,2023-11-10 13:00,-63.4994,44.6397,CYAW 101300Z 24007KT 15SM FEW010 FEW026 FEW090 BKN250 05/03 A2985 RMK SF1CU1AC1CI5 DENSITY ALT -907FT SLP111
CYAW,2023-11-10 14:00,-63.4994,44.6397,CYAW 101400Z 24010KT 15SM FEW016 BKN250 06/04 A2984 RMK SC2CI4 DENSITY ALT -669FT SLP108
CYAW,2023-11-10 15:00,-63.4994,44.6397,CYAW 101500Z 27013KT 15SM SCT019 BKN250 07/03 A2983 RMK SC4CI3 DENSITY ALT -598FT SLP104
CYAW,2023-11-10 16:00,-63.4994,44.6397,CYAW 101600Z 26012G19KT 15SM SCT024 BKN250 08/04 A2983 RMK SC3CI4 DENSITY ALT -412FT SLP102
CYAW,2023-11-10 17:00,-63.4994,44.6397,CYAW 101700Z 29014G20KT 15SM SCT024 SCT150 BKN250 10/02 A2980 RMK SC3AC1CI3 DENSITY ALT -229FT SLP094
CYAW,2023-11-10 17:44,-63.4994,44.6397,CYAW 101744Z 30012G18KT 15SM -SHRA FEW010 BKN030 BKN120 BKN250 08/02 A2981 RMK SC2SC3AC1CI1 DENSITY ALT -397FT SLP096
CYAW,2023-11-10 18:00,-63.4994,44.6397,CYAW 101800Z 29014G22KT 15SM -SHRA FEW010 BKN030 BKN120 09/02 A2981 RMK SF2SC4AC1 DENSITY ALT -378FT SLP096
CYAW,2023-11-10 18:36,-63.4994,44.6397,CYAW 101836Z 28013KT 15SM FEW030 BKN120 BKN250 08/02 A2981 RMK SC2AC3CI1 DENSITY ALT -402FT SLP096
CYAW,2023-11-10 19:00,-63.4994,44.6397,CYAW 101900Z 32012G20KT 15SM FEW030 BKN120 BKN250 08/02 A2981 RMK SC2AC3CI1 DENSITY ALT -397FT SLP097
CYAW,2023-11-10 20:00,-63.4994,44.6397,CYAW 102000Z CCA 28013G23KT 15SM FEW030 SCT120 BKN220 07/M00 A2984 RMK SC1AC2CI4 DENSITY ALT -608FT LAST OBS /NEXT 151100 UTC SLP105
CYAW,2023-11-15 11:00,-63.4994,44.6397,CYAW 151100Z 35007KT 15SM FEW015 SCT048 M01/M01 A3027 RMK SF1SC4 DENSITY ALT -2086FT FST OBS SLP252
CYAW,2023-11-15 12:00,-63.4994,44.6397,CYAW 151200Z 35008KT 15SM FEW015 BKN035 BKN075 02/00 A3030 RMK SF1SC6AC1 DENSITY ALT -1835FT SLP263
CYAW,2023-11-15 13:00,-63.4994,44.6397,CYAW 151300Z 36008KT 15SM FEW015 SCT040 SCT075 03/M01 A3031 RMK SF1SC4AC1 DENSITY ALT -1711FT SLP267
CYAW,2023-11-15 14:00,-63.4994,44.6397,CYAW 151400Z 35010KT 15SM FEW015 SCT070 SCT240 04/M01 A3031 RMK SF1AC3CI1 DENSITY ALT -1501FT SF TR SLP266
CYAW,2023-11-15 15:00,-63.4994,44.6397,CYAW 151500Z 02009KT 15SM FEW015 SCT038 BKN090 BKN240 05/M02 A3031 RMK SF1SC4AC2CI1 DENSITY ALT -1392FT SLP267
CYAW,2023-11-15 16:00,-63.4994,44.6397,CYAW 151600Z 34010KT 15SM BKN038 05/M01 A3030 RMK SC7 DENSITY ALT -1377FT SLP264
CYAW,2023-11-15 17:00,-63.4994,44.6397,CYAW 151700Z 02006KT 15SM BKN033 06/M02 A3028 RMK SC6 DENSITY ALT -1257FT SLP255
CYAW,2023-11-15 18:00,-63.4994,44.6397,CYAW 151800Z 36006KT 15SM BKN033 05/M02 A3027 RMK SC5 DENSITY ALT -1347FT SLP253
CYAW,2023-11-15 19:00,-63.4994,44.6397,CYAW 151900Z 31007KT 15SM BKN033 05/M02 A3027 RMK SC5 DENSITY ALT -1334FT SLP252
CYAW,2023-11-15 20:00,-63.4994,44.6397,CYAW 152000Z CCA 32004KT 15SM BKN035 05/M01 A3027 RMK SC6 DENSITY ALT -1394FT LAST OBS/NXT 161100 UTC SLP254
CYAW,2023-11-16 11:00,-63.4994,44.6397,CYAW 161100Z 24008KT 15SM FEW015 BKN032 07/04 A3008 RMK SF1SC6 DENSITY ALT -842FT FST OBS SLP189
CYAW,2023-11-16 12:00,-63.4994,44.6397,CYAW 161200Z 23004KT 15SM SCT034 BKN250 07/05 A3008 RMK SC4CI2 DENSITY ALT -850FT SLP189
CYAW,2023-11-16 13:00,-63.4994,44.6397,CYAW 161300Z 24009KT 15SM SCT028 SCT090 BKN250 08/06 A3009 RMK SC3AC1CI3 DENSITY ALT -732FT SLP190
CYAW,2023-11-16 14:00,-63.4994,44.6397,CYAW 161400Z 26012KT 15SM FEW020 SCT040 SCT250 09/05 A3007 RMK CU2SC1CI1 DENSITY ALT -650FT SLP186
CYAW,2023-11-16 15:00,-63.4994,44.6397,CYAW 161500Z 27012KT 15SM FEW020 FEW100 BKN250 10/05 A3006 RMK CU1AC1CI5 DENSITY ALT -520FT SLP179
CYAW,2023-11-16 16:00,-63.4994,44.6397,CYAW 161600Z 28012KT 15SM FEW030 OVC250 10/04 A3004 RMK CU2CI6 DENSITY ALT -454FT SLP175
CYAW,2023-11-16 17:00,-63.4994,44.6397,CYAW 161700Z 30012G17KT 15SM FEW030 FEW100 OVC230 11/04 A3003 RMK CU2AC1CS6 DENSITY ALT -347FT HALO SLP171
CYAW,2023-11-16 18:00,-63.4994,44.6397,CYAW 161800Z 30013G22KT 15SM FEW030 FEW100 OVC230 11/03 A3003 RMK SC1AC1CS8 DENSITY ALT -378FT SLP172
CYAW,2023-11-16 19:00,-63.4994,44.6397,CYAW 161900Z 31015KT 15SM FEW030 FEW160 BKN250 11/03 A3004 RMK SC1AC1CI6 DENSITY ALT -392FT SLP175
CYAW,2023-11-16 20:00,-63.4994,44.6397,CYAW 162000Z 31010G15KT 15SM FEW030 FEW250 10/02 A3006 RMK SC1CI1 DENSITY ALT -540FT SLP182
CYAW,2023-11-16 20:32,-63.4994,44.6397,CYAW 162032Z 30008KT 15SM FEW030 FEW250 08/01 A3008 RMK SC1CI1 DENSITY ALT -716FT LAST OBS/NXT 171100 UTC SLP186
CYAW,2023-11-17 11:00,-63.4994,44.6397,CYAW 171100Z 34002KT 15SM FEW160 FEW250 M04/M04 A3022 RMK AC1CI1 DENSITY ALT -2417FT FST OBS SLP237
CYAW,2023-11-17 12:00,-63.4994,44.6397,CYAW 171200Z 02002KT 15SM SCT250 M02/M02 A3024 RMK CI4 DENSITY ALT -2171FT SLP243
CYAW,2023-11-17 13:00,-63.4994,44.6397,CYAW 171300Z 12002KT 15SM FEW160 SCT250 03/02 A3023 RMK AC1CI3 DENSITY ALT -1500FT SLP240
CYAW,2023-11-17 14:00,-63.4994,44.6397,CYAW 171400Z 19004KT 15SM FEW160 SCT240 07/04 A3023 RMK AC1CI3 DENSITY ALT -1044FT SLP239
CYAW,2023-11-17 15:00,-63.4994,44.6397,CYAW 171500Z 20010KT 15SM FEW030 FEW160 SCT250 09/04 A3021 RMK SC1AC1CI3 DENSITY ALT -811FT SLP231
CYAW,2023-11-17 16:00,-63.4994,44.6397,CYAW 171600Z 21011KT 15SM FEW030 FEW160 BKN250 09/03 A3019 RMK CF1AC1CI6 DENSITY ALT -706FT SLP226
CYAW,2023-11-17 17:00,-63.4994,44.6397,CYAW 171700Z 21011KT 15SM FEW030 BKN250 09/04 A3017 RMK CF1CI7 DENSITY ALT -700FT CS ASOCTD HALO SLP219
CYAW,2023-11-17 18:00,-63.4994,44.6397,CYAW 171800Z 20009G16KT 15SM FEW030 BKN250 10/04 A3014 RMK CF1CI7 DENSITY ALT -555FT SLP209
CYAW,2023-11-17 19:00,-63.4994,44.6397,CYAW 171900Z 20009G16KT 15SM FEW030 BKN250 10/06 A3013 RMK CF1CI6 DENSITY ALT -568FT SLP204
CYAW,2023-11-17 20:00,-63.4994,44.6397,CYAW 172000Z 20010G15KT 15SM FEW030 BKN250 09/07 A3011 RMK SC1CI6 DENSITY ALT -633FT LAST OBS /NEXT 201100 UTC SLP199
CYAW,2023-11-20 11:00,-63.4994,44.6397,CYAW 201100Z 31004KT 15SM FEW012 BKN022 01/01 A2993 RMK CF1SC6 DENSITY ALT -1439FT FST OBS SLP139
CYAW,2023-11-20 12:00,-63.4994,44.6397,CYAW 201200Z CCA 33004KT 15SM -SHRA SCT007 BKN013 02/02 A2997 RMK SF4SC3 DENSITY ALT -1406FT SLP151
CYAW,2023-11-20 12:50,-63.4994,44.6397,CYAW 201250Z 36008KT 15SM -SHRASN BKN007 OVC020 02/01 A3000 RMK SF6SC2 DENSITY ALT -1481FT SLP160
CYAW,2023-11-20 13:00,-63.4994,44.6397,CYAW 201300Z CCA 36009KT 6SM -SHRASN BKN007 OVC020 01/01 A3000 RMK SF6SC2 DENSITY ALT -1508FT VIS LWR N QUAD SLP162
CYAW,2023-11-20 14:00,-63.4994,44.6397,CYAW 201400Z 34012KT 12SM -SHRASN BKN008 BKN034 01/01 A3003 RMK SF5SC2 DENSITY ALT -1532FT PCPN VRY LGT SLP171
CYAW,2023-11-20 14:39,-63.4994,44.6397,CYAW 201439Z 01007KT 12SM FEW011 BKN037 BKN070 BKN250 02/01 A3003 RMK CF1SC5AC1CI1 DENSITY ALT -1482FT CI TR SLP173
CYAW,2023-11-20 15:00,-63.4994,44.6397,CYAW 201500Z 35008KT 15SM FEW016 BKN037 BKN070 BKN250 02/00 A3004 RMK CU1SC5AC1CI1 DENSITY ALT -1420FT CI TR SLP174
CYAW,2023-11-20 16:00,-63.4994,44.6397,CYAW 201600Z 33012KT 15SM SCT024 BKN070 BKN250 03/M01 A3004 RMK SC3AC3CI1 DENSITY ALT -1302FT SLP176
CYAW,2023-11-20 17:00,-63.4994,44.6397,CYAW 201700Z 31014KT 12SM BKN024 BKN050 03/M00 A3006 RMK SC6SC1 DENSITY ALT -1386FT SLP180
CYAW,2023-11-20 17:08,-63.4994,44.6397,CYAW 201708Z 33014G22KT 7SM -SHSN BKN024 BKN050 02/00 A3006 RMK SC6SC1 DENSITY ALT -1481FT SLP182
CYAW,2023-11-20 17:27,-63.4994,44.6397,CYAW 201727Z 34014KT 15SM BKN024 BKN050 02/M01 A3006 RMK SC6SC1 DENSITY ALT -1476FT SLP182
CYAW,2023-11-20 18:00,-63.4994,44.6397,CYAW 201800Z 33015G21KT 15SM BKN025 03/M02 A3007 RMK SC5 DENSITY ALT -1455FT SLP185
CYAW,2023-11-20 19:00,-63.4994,44.6397,CYAW 201900Z 33013KT 15SM SCT040 BKN070 01/M06 A3011 RMK SC4AC1 DENSITY ALT -1722FT SLP200
CYAW,2023-11-20 20:00,-63.4994,44.6397,CYAW 202000Z 30009G15KT 15SM SCT040 SCT070 00/M07 A3014 RMK SC4AC1 DENSITY ALT -1825FT VIRGA SW SLP209
CYAW,2023-11-20 21:00,-63.4994,44.6397,CYAW 202100Z 33014G20KT 15SM FEW035 BKN064 M00/M07 A3017 RMK SC2SC3 DENSITY ALT -1935FT VIRGA S QUAD SLP218
CYAW,2023-11-20 22:00,-63.4994,44.6397,CYAW 202200Z 34014G21KT 15SM FEW035 SCT060 M01/M08 A3020 RMK SC1SC3 DENSITY ALT -2027FT SLP228
CYAW,2023-11-20 23:00,-63.4994,44.6397,CYAW 202300Z 33017G24KT 15SM FEW030 BKN055 M01/M08 A3023 RMK SC2SC4 DENSITY ALT -2062FT SLP238
CYAW,2023-11-21 00:00,-63.4994,44.6397,CYAW 210000Z 33011G18KT 15SM FEW030 SCT050 M01/M09 A3024 RMK SC1SC3 DENSITY ALT -2165FT LAST OBS /NEXT 211100 UTC SLP242
CYAW,2023-11-21 11:00,-63.4994,44.6397,CYAW 211100Z 32010KT 15SM FEW060 M03/M05 A3041 RMK SC1 DENSITY ALT -2605FT FST OBS SLP302
CYAW,2023-11-21 12:00,-63.4994,44.6397,CYAW 211200Z 33011G17KT 15SM FEW005 FEW060 M03/M05 A3044 RMK SF1SC1 DENSITY ALT -2574FT SLP309
CYAW,2023-11-21 13:00,-63.4994,44.6397,CYAW 211300Z 32013KT 15SM FEW060 M02/M05 A3045 RMK SC1 DENSITY ALT -2430FT SLP313
CYAW,2023-11-21 14:00,-63.4994,44.6397,CYAW 211400Z 33018KT 15SM FEW016 FEW060 00/M05 A3045 RMK CF1SC1 DENSITY ALT -2223FT SLP314
CYAW,2023-11-21 15:00,-63.4994,44.6397,CYAW 211500Z 34010G16KT 15SM FEW016 01/M04 A3045 RMK CF1 DENSITY ALT -2069FT SLP314
CYAW,2023-11-21 16:00,-63.4994,44.6397,CYAW 211600Z 34009KT 15SM FEW029 03/M04 A3044 RMK CU2 DENSITY ALT -1864FT SLP310
CYAW,2023-11-21 17:00,-63.4994,44.6397,CYAW 211700Z 34010G16KT 15SM SCT034 02/M04 A3044 RMK CU3 DENSITY ALT -1931FT SLP312
CYAW,2023-11-21 18:00,-63.4994,44.6397,CYAW 211800Z 35009KT 15SM FEW036 03/M05 A3046 RMK CU2 DENSITY ALT -1853FT SLP316
CYAW,2023-11-21 19:00,-63.4994,44.6397,CYAW 211900Z 33009KT 15SM FEW036 02/M06 A3045 RMK CU2 DENSITY ALT -1923FT SLP315
CYAW,2023-11-21 20:00,-63.4994,44.6397,CYAW 212000Z 36009KT 15SM FEW036 02/M06 A3046 RMK SC2 DENSITY ALT -2010FT SLP317
CYAW,2023-11-21 21:00,-63.4994,44.6397,CYAW 212100Z 35006KT 15SM FEW036 00/M06 A3046 RMK SC1 DENSITY ALT -2226FT SLP318
CYAW,2023-11-21 22:00,-63.4994,44.6397,CYAW 212200Z 34006KT 15SM FEW030 M01/M05 A3047 RMK CU1 DENSITY ALT -2428FT SLP321
CYAW,2023-11-21 23:00,-63.4994,44.6397,CYAW 212300Z CCA 34007KT 15SM SKC M02/M05 A3048 RMK DENSITY ALT -2465FT LAST OBS /NEXT 221100 UTC SLP325
CYAW,2023-11-22 11:00,-63.4994,44.6397,CYAW 221100Z 04003KT 15SM FEW030 BKN220 M03/M05 A3037 RMK SC1CI6 DENSITY ALT -2468FT FST OBS SLP288
CYAW,2023-11-22 12:00,-63.4994,44.6397,CYAW 221200Z 06003KT 15SM FEW030 SCT180 BKN220 M03/M05 A3036 RMK SC1AC2CI3 DENSITY ALT -2457FT SLP283
CYAW,2023-11-22 13:00,-63.4994,44.6397,CYAW 221300Z 08004KT 15SM FEW030 FEW180 BKN220 M01/M04 A3033 RMK SC1AC1CI5 DENSITY ALT -2197FT SLP272
CYAW,2023-11-22 14:00,-63.4994,44.6397,CYAW 221400Z 15008KT 15SM FEW030 FEW090 BKN180 02/M03 A3027 RMK SC1AC1AS6 DENSITY ALT -1791FT SUN DIMLY VISBL SLP255
CYAW,2023-11-22 15:00,-63.4994,44.6397,CYAW 221500Z 14007KT 15SM FEW032 FEW090 BKN150 OVC220 02/M03 A3024 RMK CF1AC1AS6CI1 DENSITY ALT -1672FT SLP243
CYAW,2023-11-22 16:00,-63.4994,44.6397,CYAW 221600Z 17009KT 15SM SCT032 BKN150 OVC220 03/M03 A3023 RMK SC3AS4CI1 DENSITY ALT -1569FT SLP240
CYAW,2023-11-22 17:00,-63.4994,44.6397,CYAW 221700Z 15009KT 15SM SCT037 OVC150 03/M02 A3019 RMK SC3AS5 DENSITY ALT -1494FT SLP226
CYAW,2023-11-22 18:00,-63.4994,44.6397,CYAW 221800Z 14011G18KT 15SM FEW032 OVC120 04/M02 A3010 RMK SC2AS6 DENSITY ALT -1301FT PRESFR SUN DIMLY VISBL SLP196
CYAW,2023-11-22 19:00,-63.4994,44.6397,CYAW 221900Z 15013G20KT 15SM BKN030 OVC110 04/M01 A3011 RMK SC7AC1 DENSITY ALT -1309FT SLP199
CYAW,2023-11-22 20:00,-63.4994,44.6397,CYAW 222000Z 15010G17KT 12SM -SHRA BKN025 OVC060 04/00 A3009 RMK SC7SC1 DENSITY ALT -1266FT SLP191
CYAW,2023-11-22 21:00,-63.4994,44.6397,CYAW 222100Z 15015G21KT 12SM -SHRA BKN025 OVC055 04/00 A3005 RMK SC7SC1 DENSITY ALT -1233FT SLP177
CYAW,2023-11-22 22:00,-63.4994,44.6397,CYAW 222200Z 16016G24KT 12SM -SHRA BKN020 OVC030 04/01 A3002 RMK SC6SC2 DENSITY ALT -1254FT SLP168
CYAW,2023-11-22 23:00,-63.4994,44.6397,CYAW 222300Z 16014G22KT 10SM -SHRA SCT014 OVC020 03/02 A3000 RMK SF3SC5 DENSITY ALT -1273FT SLP160
CYAW,2023-11-22 23:36,-63.4994,44.6397,CYAW 222336Z 16014G24KT 6SM SHRA BR BKN013 OVC020 03/03 A2998 RMK SF5SC3 DENSITY ALT -1236FT SLP153
CYAW,2023-11-22 23:54,-63.4994,44.6397,CYAW 222354Z 15013G19KT 6SM -SHRA BR BKN013 OVC020 03/03 A2996 RMK SF7SC1 DENSITY ALT -1212FT LAST OBS /NEXT 231200 UTC SLP148
CYAW,2023-11-23 12:00,-63.4994,44.6397,CYAW 231200Z CCA 00000KT 1/8SM -DZ FG VV001 10/10 A2939 RMK FG8 DENSITY ALT 350FT FST OBS SLP955
CYAW,2023-11-23 13:00,-63.4994,44.6397,CYAW 231300Z 02005KT 1/8SM -DZ FG VV001 10/10 A2937 RMK FG8 DENSITY ALT 374FT SLP946
CYAW,2023-11-23 14:00,-63.4994,44.6397,CYAW 231400Z 00000KT 1/8SM FG VV001 10/10 A2938 RMK FG8 DENSITY ALT 415FT SLP949
CYAW,2023-11-23 14:11,-63.4994,44.6397,CYAW 231411Z 00000KT 1/2SM FG VV002 11/11 A2938 RMK FG8 DENSITY ALT 441FT SLP949
CYAW,2023-11-23 15:00,-63.4994,44.6397,CYAW 231500Z 33004KT 1/2SM -DZ FG VV002 11/11 A2936 RMK FG8 DENSITY ALT 517FT SLP942
CYAW,2023-11-23 15:29,-63.4994,44.6397,CYAW 231529Z 02003KT 1SM -DZ BR OVC003 11/11 A2935 RMK SF8 DENSITY ALT 582FT VIS VRB 3/4-1 1/2 SLP939
CYAW,2023-11-23 16:00,-63.4994,44.6397,CYAW 231600Z 01005KT 4SM BR OVC004 11/11 A2933 RMK SF8 DENSITY ALT 605FT SLP934
CYAW,2023-11-23 17:00,-63.4994,44.6397,CYAW 231700Z 33009KT 1SM BR OVC002 11/11 A2933 RMK SF8 DENSITY ALT 513FT VIS VRB 3/4-1 1/2 SLP933
CYAW,2023-11-23 17:28,-63.4994,44.6397,CYAW 231728Z 33010KT 3SM BR OVC006 10/10 A2932 RMK SF8 DENSITY ALT 472FT SLP929
CYAW,2023-11-23 18:00,-63.4994,44.6397,CYAW 231800Z 34013KT 6SM BR OVC005 09/09 A2933 RMK SF8 DENSITY ALT 342FT CIG VRB 3-7 SLP932
CYAW,2023-11-23 19:00,-63.4994,44.6397,CYAW 231900Z 34012G19KT 8SM OVC007 09/09 A2934 RMK SF8 DENSITY ALT 277FT CIG VRB 5-9 SLP937
CYAW,2023-11-23 19:50,-63.4994,44.6397,CYAW 231950Z 35011G17KT 15SM BKN010 BKN015 09/09 A2935 RMK SF6SC1 DENSITY ALT 252FT SLP939
CYAW,2023-11-23 20:00,-63.4994,44.6397,CYAW 232000Z 34016KT 15SM BKN009 BKN015 09/09 A2936 RMK SF6SC1 DENSITY ALT 227FT SLP942
CYAW,2023-11-23 21:00,-63.4994,44.6397,CYAW 232100Z CCA 34014G25KT 15SM OVC009 08/08 A2937 RMK SF8 DENSITY ALT 97FT SLP947
CYAW,2023-11-23 22:00,-63.4994,44.6397,CYAW 232200Z 33017G28KT 15SM OVC010 07/06 A2942 RMK SF8 DENSITY ALT -122FT SLP963
CYAW,2023-11-23 23:00,-63.4994,44.6397,CYAW 232300Z 34017G26KT 15SM BKN012 06/05 A2945 RMK SF7 DENSITY ALT -239FT SLP974
CYAW,2023-11-23 23:36,-63.4994,44.6397,CYAW 232336Z CCA 33020G29KT 15SM BKN013 06/05 A2947 RMK SF7 DENSITY ALT -327FT LAST OBS /NEXT 241300 UTC SLP981
CYAW,2023-11-24 13:00,-63.4994,44.6397,CYAW 241300Z 29009G15KT 15SM FEW020 03/00 A2987 RMK SC1 DENSITY ALT -1098FT FST OBS SLP118
CYAW,2023-11-24 14:00,-63.4994,44.6397,CYAW 241400Z 30013G18KT 15SM SCT025 04/00 A2989 RMK CU3 DENSITY ALT -1011FT SLP124
CYAW,2023-11-24 15:00,-63.4994,44.6397,CYAW 241500Z 29012KT 15SM FEW030 05/M01 A2989 RMK CU2 DENSITY ALT -954FT SLP124
CYAW,2023-11-24 16:00,-63.4994,44.6397,CYAW 241600Z 30012KT 15SM BKN040 05/M02 A2988 RMK CU5 DENSITY ALT -935FT SLP119
CYAW,2023-11-24 17:00,-63.4994,44.6397,CYAW 241700Z 29011G18KT 15SM BKN045 BKN070 05/M02 A2987 RMK SC5AC1 DENSITY ALT -876FT SLP117
CYAW,2023-11-24 18:00,-63.4994,44.6397,CYAW 241800Z 27015G22KT 15SM SCT045 SCT070 07/M02 A2987 RMK SC4AC1 DENSITY ALT -714FT SLP116
CYAW,2023-11-24 19:00,-63.4994,44.6397,CYAW 241900Z 26011G18KT 15SM SCT050 BKN070 06/M02 A2987 RMK SC4AC1 DENSITY ALT -737FT SLP115
CYAW,2023-11-24 19:34,-63.4994,44.6397,CYAW 241934Z 26010KT 15SM SCT050 BKN070 06/M01 A2987 RMK SC4AC1 DENSITY ALT -809FT LAST OBS /NEXT 271100 UTC SLP117
CYAW,2023-11-27 11:00,-63.4994,44.6397,CYAW 271100Z 14014G24KT 15SM BKN012 05/04 A3014 RMK SC7 DENSITY ALT -1135FT FST OBS SLP207
CYAW,2023-11-27 12:00,-63.4994,44.6397,CYAW 271200Z 13014G27KT 15SM BKN011 OVC140 06/05 A3009 RMK SC7AC1 DENSITY ALT -956FT SLP192
CYAW,2023-11-27 13:00,-63.4994,44.6397,CYAW 271300Z 13015G24KT 12SM BKN012 OVC100 07/06 A3004 RMK SC6AC2 DENSITY ALT -860FT SLP175
CYAW,2023-11-27 14:00,-63.4994,44.6397,CYAW 271400Z 13016G26KT 12SM SCT011 BKN036 OVC075 07/06 A3000 RMK SC3SC4AC1 DENSITY ALT -748FT SLP161
CYAW,2023-11-27 14:32,-63.4994,44.6397,CYAW 271432Z 13018G28KT 8SM OVC009 08/07 A2998 RMK SC8 DENSITY ALT -656FT SLP153
CYAW,2023-11-27 15:00,-63.4994,44.6397,CYAW 271500Z 13020G31KT 8SM OVC009 08/07 A2995 RMK SC8 DENSITY ALT -609FT SLP142
CYAW,2023-11-27 15:13,-63.4994,44.6397,CYAW 271513Z 13017G28KT 8SM -SHRA FEW008 OVC010 08/07 A2993 RMK SF1SC7 DENSITY ALT -596FT SLP137
CYAW,2023-11-27 16:00,-63.4994,44.6397,CYAW 271600Z 13020G28KT 6SM -SHRA BR FEW008 OVC010 08/08 A2987 RMK SF1SC7 DENSITY ALT -511FT PRESFR SLP116
CYAW,2023-11-27 16:51,-63.4994,44.6397,CYAW 271651Z 13017G29KT 4SM -RA BR SCT008 OVC037 08/08 A2980 RMK SF4SC4 DENSITY ALT -429FT PRESFR SLP093
CYAW,2023-11-27 17:00,-63.4994,44.6397,CYAW 271700Z 12018G35KT 4SM -RA BR SCT008 OVC036 08/08 A2979 RMK SF3SC5 DENSITY ALT -418FT PRESFR SLP088
CYAW,2023-11-27 18:00,-63.4994,44.6397,CYAW 271800Z 13015G28KT 1 1/2SM -RA BR BKN010 OVC024 08/08 A2975 RMK SF5SC3 DENSITY ALT -332FT SLP075
CYAW,2023-11-27 19:00,-63.4994,44.6397,CYAW 271900Z 13019G29KT 2SM -RA BR SCT006 OVC009 09/09 A2966 RMK SF4SF4 DENSITY ALT -135FT PRESFR SLP045
CYAW,2023-11-27 19:25,-63.4994,44.6397,CYAW 271925Z 13018G38KT 2SM -RA BR OVC005 09/09 A2963 RMK SF8 DENSITY ALT -74FT PRESFR SLP034
CYAW,2023-11-27 19:49,-63.4994,44.6397,CYAW 271949Z 14020G35KT 2SM -RA BR OVC006 09/09 A2960 RMK SF8 DENSITY ALT 26FT PRESFR LAST OBS/NXT 2811000 UTC SLP025
CYAW,2023-11-28 11:00,-63.4994,44.6397,CYAW 281100Z 29007KT 15SM FEW050 FEW230 02/02 A2951 RMK SC1CI2 DENSITY ALT -848FT FST OBS SLP993
CYAW,2023-11-28 12:00,-63.4994,44.6397,CYAW 281200Z 28008KT 15SM FEW008 FEW090 FEW230 02/01 A2952 RMK CF1AC1CI1 DENSITY ALT -837FT SLP998
CYAW,2023-11-28 13:00,-63.4994,44.6397,CYAW 281300Z 29009KT 15SM FEW030 FEW090 FEW230 03/01 A2953 RMK SC1AC1CI1 DENSITY ALT -749FT SLP000
CYAW,2023-11-28 14:00,-63.4994,44.6397,CYAW 281400Z 33004KT 15SM BKN068 03/00 A2951 RMK AC7 DENSITY ALT -680FT SLP994
CYAW,2023-11-28 15:00,-63.4994,44.6397,CYAW 281500Z 26005KT 15SM FEW016 BKN073 04/01 A2950 RMK CU1AC7 DENSITY ALT -615FT SLP992
CYAW,2023-11-28 16:00,-63.4994,44.6397,CYAW 281600Z 25007KT 15SM FEW016 OVC057 04/02 A2950 RMK CU1SC8 DENSITY ALT -598FT SLP992
CYAW,2023-11-28 16:44,-63.4994,44.6397,CYAW 281644Z 26007KT 15SM -SHRA FEW006 OVC035 04/01 A2949 RMK SF1SC8 DENSITY ALT -630FT SLP988
CYAW,2023-11-28 17:00,-63.4994,44.6397,CYAW 281700Z 26007KT 12SM -SHRA FEW008 OVC022 03/01 A2949 RMK SF1SC8 DENSITY ALT -654FT SLP986
CYAW,2023-11-28 18:00,-63.4994,44.6397,CYAW 281800Z 28006KT 12SM -SHRA FEW009 FEW022 BKN040 BKN100 03/02 A2947 RMK SF1SC2SC5AC1 DENSITY ALT -660FT SLP980
CYAW,2023-11-28 19:00,-63.4994,44.6397,CYAW 281900Z 27009KT 15SM -SHRA FEW015 OVC038 03/01 A2948 RMK CU2SC6 DENSITY ALT -713FT SLP984
CYAW,2023-11-28 19:46,-63.4994,44.6397,CYAW 281946Z 26010G15KT 9SM -SHRASN BKN012 BKN041 03/02 A2949 RMK SC5SC2 DENSITY ALT -723FT VIS LWR N QUAD SLP987
CYAW,2023-11-28 20:00,-63.4994,44.6397,CYAW 282000Z 31009G16KT 12SM FEW009 BKN018 BKN048 01/01 A2949 RMK SF1SC5SC1 DENSITY ALT -927FT VIRGA ALQDS SLP989
CYAW,2023-11-28 20:19,-63.4994,44.6397,CYAW 282019Z 31007KT 5SM -SHSN FEW008 BKN020 BKN040 01/01 A2950 RMK SF1SC7SC1 DENSITY ALT -965FT SLP990
CYAW,2023-11-28 21:00,-63.4994,44.6397,CYAW 282100Z 29015G21KT 2 1/2SM -SHSN BKN012 BKN028 01/01 A2952 RMK SC5SC2 DENSITY ALT -978FT SLP998
CYAW,2023-11-28 21:21,-63.4994,44.6397,CYAW 282121Z 30010G21KT 8SM -SHSN FEW008 BKN022 01/00 A2952 RMK SF1SC7 DENSITY ALT -1043FT SLP999
CYAW,2023-11-28 22:00,-63.4994,44.6397,CYAW 282200Z CCA 27006KT 15SM FEW008 BKN067 01/00 A2953 RMK SF1AC6 DENSITY ALT -1056FT LAST OBS /NEXT 291100 UTC SLP002
CYAW,2023-11-29 11:00,-63.4994,44.6397,CYAW 291100Z 30014G21KT 15SM -SHSN FEW004 BKN043 M02/M05 A2967 RMK SF1SC6 DENSITY ALT -1603FT FST OBS SLP048
CYAW,2023-11-29 11:40,-63.4994,44.6397,CYAW 291140Z 29018KT 15SM FEW004 SCT043 M03/M07 A2969 RMK SF1SC4 DENSITY ALT -1739FT SLP056
CYAW,2023-11-29 12:00,-63.4994,44.6397,CYAW 291200Z 29014G20KT 15SM FEW004 SCT043 SCT230 M03/M07 A2971 RMK SF1SC3CI1 DENSITY ALT -1815FT SLP062
CYAW,2023-11-29 13:00,-63.4994,44.6397,CYAW 291300Z 29018KT 15SM FEW012 FEW040 M03/M07 A2974 RMK CU1SC1 DENSITY ALT -1822FT SLP073
CYAW,2023-11-29 14:00,-63.4994,44.6397,CYAW 291400Z 29016G23KT 15SM SCT016 SCT040 M02/M07 A2975 RMK CU3SC1 DENSITY ALT -1705FT SLP077
CYAW,2023-11-29 15:00,-63.4994,44.6397,CYAW 291500Z 30015G22KT 15SM SCT032 M02/M07 A2977 RMK CU4 DENSITY ALT -1691FT SLP084
CYAW,2023-11-29 16:00,-63.4994,44.6397,CYAW 291600Z 29016G24KT 15SM SCT032 M01/M08 A2978 RMK CU3 DENSITY ALT -1565FT SLP086
CYAW,2023-11-29 17:00,-63.4994,44.6397,CYAW 291700Z 30018G24KT 15SM SCT034 M00/M08 A2979 RMK CU3 DENSITY ALT -1489FT SLP089
CYAW,2023-11-29 18:00,-63.4994,44.6397,CYAW 291800Z 27016G26KT 15SM FEW035 00/M08 A2980 RMK CU2 DENSITY ALT -1462FT SLP093
CYAW,2023-11-29 19:00,-63.4994,44.6397,CYAW 291900Z 27012KT 15SM SCT042 M00/M07 A2982 RMK CU4 DENSITY ALT -1557FT VIRGA W SLP102
CYAW,2023-11-29 20:00,-63.4994,44.6397,CYAW 292000Z 27011G17KT 15SM BKN040 M01/M06 A2985 RMK CU5 DENSITY ALT -1614FT VIRGA E SLP110
CYAW,2023-11-29 21:00,-63.4994,44.6397,CYAW 292100Z 28012KT 15SM FEW040 M01/M08 A2986 RMK CU2 DENSITY ALT -1683FT SLP115
CYAW,2023-11-29 22:00,-63.4994,44.6397,CYAW 292200Z 28012KT 15SM FEW045 M02/M08 A2989 RMK CU1 DENSITY ALT -1821FT SLP124
CYAW,2023-11-29 22:37,-63.4994,44.6397,CYAW 292237Z 28010G22KT 15SM SKC M02/M07 A2990 RMK DENSITY ALT -1869FT LAST OBS /NEXT 301100 UTC SLP128
CYAW,2023-11-30 11:00,-63.4994,44.6397,CYAW 301100Z 00000KT 15SM FEW050 FEW070 M07/M08 A3010 RMK SC1AC1 DENSITY ALT -2793FT FST OBS SLP196
CYAW,2023-11-30 12:00,-63.4994,44.6397,CYAW 301200Z 13002KT 15SM FEW070 M07/M08 A3011 RMK AC1 DENSITY ALT -2751FT SLP201
CYAW,2023-11-30 13:00,-63.4994,44.6397,CYAW 301300Z 06002KT 15SM FEW090 FEW240 M03/M05 A3012 RMK AC1CI1 DENSITY ALT -2178FT SLP203
CYAW,2023-11-30 14:00,-63.4994,44.6397,CYAW 301400Z 20008KT 15SM FEW060 SCT240 01/M06 A3013 RMK SC2CI1 DENSITY ALT -1695FT SLP205
CYAW,2023-11-30 15:00,-63.4994,44.6397,CYAW 301500Z 20009KT 15SM SCT040 BKN120 BKN240 02/M04 A3012 RMK SC3AC3CI1 DENSITY ALT -1614FT SLP202
CYAW,2023-11-30 16:00,-63.4994,44.6397,CYAW 301600Z 20009KT 15SM BKN040 BKN120 03/M03 A3011 RMK SC6AC1 DENSITY ALT -1470FT SLP197
CYAW,2023-11-30 16:39,-63.4994,44.6397,CYAW 301639Z 20010G18KT 4SM -SHSN OVC020 02/M02 A3009 RMK SC8 DENSITY ALT -1490FT SLP193
CYAW,2023-11-30 17:00,-63.4994,44.6397,CYAW 301700Z 22008G16KT 3SM -SHSN OVC018 02/00 A3009 RMK SC8 DENSITY ALT -1580FT VIS LWR N SLP193
CYAW,2023-11-30 18:00,-63.4994,44.6397,CYAW 301800Z 21007KT 5SM -SHSN OVC015 01/01 A3009 RMK SC8 DENSITY ALT -1611FT SLP190
CYAW,2023-11-30 18:09,-63.4994,44.6397,CYAW 301809Z 21006KT 6SM -SHSN BKN006 OVC013 01/01 A3009 RMK SF6SC2 DENSITY ALT -1598FT VIS LWR N QUAD SLP190
CYAW,2023-11-30 18:33,-63.4994,44.6397,CYAW 301833Z 22005KT 12SM SCT007 SCT017 BKN070 BKN240 02/02 A3008 RMK SF3CU1AC2CI1 DENSITY ALT -1467FT SLP189
CYAW,2023-11-30 19:00,-63.4994,44.6397,CYAW 301900Z 22004KT 12SM FEW007 FEW020 SCT050 BKN240 02/02 A3008 RMK SF1CU1SC2CI4 DENSITY ALT -1467FT SF TR SLP189
CYAW,2023-11-30 19:33,-63.4994,44.6397,CYAW 301933Z 22005KT 12SM -SHRA BKN030 BKN090 03/03 A3009 RMK SC6AC1 DENSITY ALT -1427FT VIS LWR S SLP191
CYAW,2023-11-30 19:43,-63.4994,44.6397,CYAW 301943Z 21012KT 8SM -SHRA BKN008 BKN020 OVC090 02/02 A3010 RMK SF6SC1AC1 DENSITY ALT -1477FT VIS LWR SE QUAD SLP194
CYAW,2023-11-30 20:00,-63.4994,44.6397,CYAW 302000Z 20005KT 12SM SCT008 BKN021 BKN055 02/02 A3009 RMK SF4SC1SC1 DENSITY ALT -1531FT SLP192
CYAW,2023-11-30 21:00,-63.4994,44.6397,CYAW 302100Z 21005KT 15SM SCT029 SCT240 01/01 A3010 RMK SC3CI1 DENSITY ALT -1636FT SLP195
CYAW,2023-11-30 22:00,-63.4994,44.6397,CYAW 302200Z 23004KT 15SM FEW030 FEW240 01/01 A3011 RMK SC1CI1 DENSITY ALT -1621FT SLP198
CYAW,2023-11-30 22:36,-63.4994,44.6397,CYAW 302236Z 21005KT 15SM SKC 01/01 A3012 RMK DENSITY ALT -1649FT LAST OBS /NEXT 011300 UTC SLP201
CYAW,2023-12-01 13:00,-63.4994,44.6397,CYAW 011300Z 23009G19KT 12SM BKN012 OVC020 07/06 A3015 RMK SF7SC1 DENSITY ALT -918FT FST OBS SLP212
CYAW,2023-12-01 14:00,-63.4994,44.6397,CYAW 011400Z 24013G18KT 12SM BKN013 OVC018 08/06 A3015 RMK SF7SC1 DENSITY ALT -844FT SLP212
CYAW,2023-12-01 14:28,-63.4994,44.6397,CYAW 011428Z 22012G21KT 15SM SCT013 OVC024 08/06 A3014 RMK SF3SC5 DENSITY ALT -784FT SLP209
CYAW,2023-12-01 15:00,-63.4994,44.6397,CYAW 011500Z 23014G20KT 15SM BKN018 OVC025 08/06 A3014 RMK SC7SC1 DENSITY ALT -773FT SLP209
CYAW,2023-12-01 16:00,-63.4994,44.6397,CYAW 011600Z 24010KT 15SM BKN017 08/06 A3012 RMK SC7 DENSITY ALT -748FT SLP203
CYAW,2023-12-01 17:00,-63.4994,44.6397,CYAW 011700Z 25010G17KT 12SM BKN015 09/07 A3010 RMK SC5 DENSITY ALT -623FT SLP196
CYAW,2023-12-01 18:00,-63.4994,44.6397,CYAW 011800Z 23010G17KT 12SM FEW016 10/07 A3009 RMK CF2 DENSITY ALT -501FT SLP191
CYAW,2023-12-01 19:00,-63.4994,44.6397,CYAW 011900Z 23011G16KT 12SM FEW016 10/07 A3011 RMK CF1 DENSITY ALT -572FT SLP196
CYAW,2023-12-01 20:00,-63.4994,44.6397,CYAW 012000Z 24009KT 12SM FEW016 FEW240 09/07 A3011 RMK CF1CI1 DENSITY ALT -696FT SLP197
CYAW,2023-12-01 21:00,-63.4994,44.6397,CYAW 012100Z 23008KT 12SM FEW240 07/07 A3011 RMK CI2 DENSITY ALT -832FT LAST OBS /NEXT 041100 UTC SLP198
CYAW,2023-12-04 16:00,-63.4994,44.6397,CYAW 041600Z CCA 34010KT 3/4SM -SN VV007 00/00 A2961 RMK SN8 DENSITY ALT -1173FT FST OBS SLP030
CYAW,2023-12-04 17:00,-63.4994,44.6397,CYAW 041700Z 36010G16KT 1SM -SN VV006 01/01 A2961 RMK SN8 DENSITY ALT -1147FT VIS VRB 3/4-1 1/2 SLP028
CYAW,2023-12-04 17:22,-63.4994,44.6397,CYAW 041722Z 36011G17KT 4SM -SN OVC027 01/01 A2961 RMK SC8 DENSITY ALT -1133FT SLP028
CYAW,2023-12-04 18:00,-63.4994,44.6397,CYAW 041800Z 01011G18KT 6SM -SN OVC027 01/01 A2961 RMK SC8 DENSITY ALT -1109FT SLP028
CYAW,2023-12-04 19:00,-63.4994,44.6397,CYAW 041900Z 36011G18KT 12SM -SN BKN013 OVC032 01/00 A2963 RMK SC5SC3 DENSITY ALT -1133FT PCPN VRY LGT SLP034
CYAW,2023-12-04 20:00,-63.4994,44.6397,CYAW 042000Z 35009G16KT 12SM -SN BKN013 BKN037 01/00 A2966 RMK SF5SC2 DENSITY ALT -1182FT PCPN VRY LGT SLP044
CYAW,2023-12-04 21:00,-63.4994,44.6397,CYAW 042100Z 36008KT 12SM -SN FEW013 SCT039 00/00 A2966 RMK SF2SC2 DENSITY ALT -1234FT PCPN VRY LGT SLP047
CYAW,2023-12-04 22:00,-63.4994,44.6397,CYAW 042200Z 35009KT 15SM FEW013 FEW040 00/M00 A2968 RMK SF1SC1 DENSITY ALT -1309FT SLP053
CYAW,2023-12-04 22:32,-63.4994,44.6397,CYAW 042232Z 35008KT 15SM FEW012 M00/M00 A2969 RMK SF1 DENSITY ALT -1334FT LAST OBS /NEXT 051100 UTC SLP056
CYAW,2023-12-05 11:00,-63.4994,44.6397,CYAW 051100Z 35008KT 15SM FEW007 OVC035 M01/M01 A2977 RMK SF1SC7 DENSITY ALT -1511FT FST OBS SLP084
CYAW,2023-12-05 12:00,-63.4994,44.6397,CYAW 051200Z 35010KT 15SM FEW007 OVC037 M01/M01 A2979 RMK SF1SC7 DENSITY ALT -1535FT SLP090
CYAW,2023-12-05 12:27,-63.4994,44.6397,CYAW 051227Z 36012KT 15SM -SHSN FEW007 OVC038 M01/M02 A2979 RMK SF1SC7 DENSITY ALT -1523FT SLP091
CYAW,2023-12-05 13:00,-63.4994,44.6397,CYAW 051300Z 36011KT 15SM FEW007 BKN039 OVC050 M01/M02 A2980 RMK SF1SC6SC1 DENSITY ALT -1535FT SLP094
CYAW,2023-12-05 14:00,-63.4994,44.6397,CYAW 051400Z 35008KT 15SM -SHSN FEW007 BKN037 OVC090 M00/M01 A2982 RMK SF1SC6AC1 DENSITY ALT -1505FT SLP101
CYAW,2023-12-05 15:00,-63.4994,44.6397,CYAW 051500Z 35012KT 15SM -SHSN FEW007 OVC037 00/M02 A2982 RMK SF1SC8 DENSITY ALT -1481FT SLP101
CYAW,2023-12-05 16:00,-63.4994,44.6397,CYAW 051600Z 35010KT 15SM -SHSN FEW015 BKN040 BKN100 00/M02 A2981 RMK SC2SC5AC1 DENSITY ALT -1444FT SLP098
CYAW,2023-12-05 17:00,-63.4994,44.6397,CYAW 051700Z 36010G18KT 15SM SCT017 BKN030 BKN230 01/M02 A2982 RMK SC4SC2CI1 DENSITY ALT -1419FT SLP099
CYAW,2023-12-05 17:37,-63.4994,44.6397,CYAW 051737Z 34012KT 12SM -SHSN SCT017 BKN030 BKN230 00/M02 A2982 RMK SC4SC2CI1 DENSITY ALT -1484FT SLP101
CYAW,2023-12-05 18:00,-63.4994,44.6397,CYAW 051800Z 35013G19KT 15SM -SHSN FEW015 BKN038 BKN230 M00/M03 A2982 RMK SC2SC3CI1 DENSITY ALT -1500FT PCPN VRY LGT SLP101
CYAW,2023-12-05 19:00,-63.4994,44.6397,CYAW 051900Z 34011KT 15SM BKN022 BKN230 M01/M03 A2984 RMK SC6CI1 DENSITY ALT -1615FT SLP108
CYAW,2023-12-05 20:00,-63.4994,44.6397,CYAW 052000Z 35011KT 12SM -SHSN FEW018 BKN023 M01/M03 A2987 RMK SC2SC5 DENSITY ALT -1675FT SLP117
CYAW,2023-12-05 20:18,-63.4994,44.6397,CYAW 052018Z 36008KT 15SM FEW017 BKN023 M01/M03 A2988 RMK SC1SC6 DENSITY ALT -1712FT SLP120
CYAW,2023-12-05 21:00,-63.4994,44.6397,CYAW 052100Z 36008KT 15SM FEW028 SCT041 M02/M04 A2990 RMK SC1SC3 DENSITY ALT -1857FT SLP127
CYAW,2023-12-05 22:00,-63.4994,44.6397,CYAW 052200Z 36006KT 15SM FEW028 BKN034 M02/M04 A2991 RMK SC1SC5 DENSITY ALT -1866FT SLP131
CYAW,2023-12-05 22:43,-63.4994,44.6397,CYAW 052243Z 36008KT 15SM BKN036 M03/M05 A2993 RMK SC5 DENSITY ALT -1973FT LAST OBS /NEXT 061100 UTC SLP137
CYAW,2023-12-06 11:00,-63.4994,44.6397,CYAW 061100Z 33003KT 15SM FEW050 SCT220 M08/M09 A2996 RMK SC1CI4 DENSITY ALT -2725FT FST OBS SLP148
CYAW,2023-12-06 12:00,-63.4994,44.6397,CYAW 061200Z 34006KT 15SM FEW050 SCT220 M09/M09 A2994 RMK SC1CI4 DENSITY ALT -2770FT SLP141
CYAW,2023-12-06 13:00,-63.4994,44.6397,CYAW 061300Z 33004KT 15SM FEW050 FEW120 SCT220 M07/M08 A2994 RMK SC1AC1CI3 DENSITY ALT -2502FT SLP143
CYAW,2023-12-06 14:00,-63.4994,44.6397,CYAW 061400Z 33005KT 15SM FEW030 FEW140 BKN250 M04/M07 A2994 RMK SC1AC1CI5 DENSITY ALT -2197FT SLP143
CYAW,2023-12-06 15:00,-63.4994,44.6397,CYAW 061500Z 31004KT 15SM FEW030 FEW140 BKN250 M03/M06 A2993 RMK SC1AC1CI7 DENSITY ALT -2068FT SLP139
CYAW,2023-12-06 16:00,-63.4994,44.6397,CYAW 061600Z 32005KT 15SM FEW030 FEW140 BKN250 M02/M07 A2991 RMK SC1AC1CI7 DENSITY ALT -1880FT SLP131
CYAW,2023-12-06 17:00,-63.4994,44.6397,CYAW 061700Z 29007KT 15SM FEW030 BKN250 M01/M07 A2987 RMK SC1CI7 DENSITY ALT -1704FT SLP119
CYAW,2023-12-06 18:00,-63.4994,44.6397,CYAW 061800Z 32006KT 15SM FEW030 FEW180 BKN250 M01/M07 A2986 RMK SC1AC1CI6 DENSITY ALT -1695FT SLP113
CYAW,2023-12-06 19:00,-63.4994,44.6397,CYAW 061900Z 35006KT 15SM FEW030 BKN250 M01/M09 A2984 RMK SC1CI7 DENSITY ALT -1702FT SLP106
CYAW,2023-12-06 20:00,-63.4994,44.6397,CYAW 062000Z 36008KT 15SM FEW030 FEW160 SCT250 M02/M08 A2982 RMK SC1AC1CI3 DENSITY ALT -1778FT SLP100
CYAW,2023-12-06 21:00,-63.4994,44.6397,CYAW 062100Z 35007KT 15SM FEW250 M03/M08 A2982 RMK CI2 DENSITY ALT -1944FT SLP102
CYAW,2023-12-06 22:00,-63.4994,44.6397,CYAW 062200Z CCA 32004KT 15SM SCT250 M03/M07 A2982 RMK CI3 DENSITY ALT -1929FT LAST OBS /NEXT 111100 UTC SLP100
CYAW,2023-12-11 11:00,-63.4994,44.6397,CYAW 111100Z 18016KT 3SM BR OVC004 11/11 A2985 RMK SF8 DENSITY ALT -51FT WIND EST FST OBS SLP109
CYAW,2023-12-11 12:00,-63.4994,44.6397,CYAW 111200Z 18018KT 3SM BR BKN006 OVC050 12/11 A2984 RMK SF7SC1 DENSITY ALT 29FT WIND EST SLP108
CYAW,2023-12-11 13:00,-63.4994,44.6397,CYAW 111300Z 20017G28KT 4SM BR BKN006 BKN052 OVC090 12/12 A2983 RMK SF6SC1AC1 DENSITY ALT 157FT SLP102
CYAW,2023-12-11 13:19,-63.4994,44.6397,CYAW 111319Z 20016G28KT 4SM BR SCT006 BKN041 OVC090 12/12 A2981 RMK SF4SC3AC1 DENSITY ALT 167FT SLP097
CYAW,2023-12-11 14:00,-63.4994,44.6397,CYAW 111400Z 19015G25KT 6SM BR FEW006 BKN055 OVC090 12/12 A2979 RMK SF1SC7AC1 DENSITY ALT 171FT SLP090
CYAW,2023-12-11 15:00,-63.4994,44.6397,CYAW 111500Z 19016G28KT 6SM BR FEW006 OVC065 12/12 A2979 RMK SF1SC8 DENSITY ALT 181FT SLP087
CYAW,2023-12-11 16:00,-63.4994,44.6397,CYAW 111600Z 19016G26KT 5SM BR FEW006 BKN060 OVC140 12/11 A2974 RMK SF1SC4AC3 DENSITY ALT 148FT SLP070
CYAW,2023-12-11 17:00,-63.4994,44.6397,CYAW 111700Z 19016G31KT 5SM BR FEW006 SCT060 OVC140 12/11 A2967 RMK SF1SC3AC5 DENSITY ALT 293FT PRESFR SUN DIMLY VISBL SLP048
CYAW,2023-12-11 18:00,-63.4994,44.6397,CYAW 111800Z 19018G30KT 5SM BR FEW006 BKN060 OVC140 12/11 A2962 RMK SF1SC5AC3 DENSITY ALT 400FT SUN DIMLY VISBL SLP030
CYAW,2023-12-11 19:00,-63.4994,44.6397,CYAW 111900Z 19019G31KT 5SM BR BKN060 OVC140 12/11 A2957 RMK SC5AC3 DENSITY ALT 418FT SLP013
CYAW,2023-12-11 19:38,-63.4994,44.6397,CYAW 111938Z 19019G31KT 5SM -SHRA BR BKN055 OVC140 12/11 A2956 RMK SC6AC2 DENSITY ALT 418FT SLP012
CYAW,2023-12-11 20:00,-63.4994,44.6397,CYAW 112000Z 19019G33KT 2SM -SHRA BR SCT006 OVC045 12/11 A2956 RMK SF4SC4 DENSITY ALT 347FT SLP010
CYAW,2023-12-11 21:00,-63.4994,44.6397,CYAW 112100Z 19022G37KT 2SM -RA BR SCT006 OVC035 12/12 A2955 RMK SF4NS4 DENSITY ALT 388FT SLP007
CYAW,2023-12-11 21:44,-63.4994,44.6397,CYAW 112144Z 19024G40KT 2SM RA BR BKN006 OVC010 12/12 A2952 RMK SF5NS3 DENSITY ALT 436FT LAST OBS /NEXT 121100 UTC SLP996
CYAW,2023-12-12 11:00,-63.4994,44.6397,CYAW 121100Z 30016G21KT 15SM BKN027 02/M02 A2999 RMK SC6 DENSITY ALT -1452FT FST OBS SLP157
CYAW,2023-12-12 12:00,-63.4994,44.6397,CYAW 121200Z 29014G25KT 15SM SCT027 01/M03 A3004 RMK SC4 DENSITY ALT -1564FT SLP173
CYAW,2023-12-12 13:00,-63.4994,44.6397,CYAW 121300Z CCA 27019G30KT 15SM BKN027 01/M03 A3009 RMK SC6 DENSITY ALT -1664FT SLP191
CYAW,2023-12-12 14:00,-63.4994,44.6397,CYAW 121400Z 29015G25KT 15SM BKN030 02/M03 A3014 RMK SC6 DENSITY ALT -1671FT SLP206
CYAW,2023-12-12 15:00,-63.4994,44.6397,CYAW 121500Z 29015G20KT 15SM FEW030 02/M04 A3015 RMK SC2 DENSITY ALT -1597FT SLP212
CYAW,2023-12-12 16:00,-63.4994,44.6397,CYAW 121600Z 28015KT 15SM FEW030 02/M04 A3017 RMK SC1 DENSITY ALT -1595FT SLP218
CYAW,2023-12-12 17:00,-63.4994,44.6397,CYAW 121700Z 28010G20KT 15SM FEW030 03/M06 A3018 RMK SC1 DENSITY ALT -1541FT SLP223
CYAW,2023-12-12 18:00,-63.4994,44.6397,CYAW 121800Z 29010G18KT 15SM FEW030 04/M04 A3019 RMK SC1 DENSITY ALT -1479FT SLP224
CYAW,2023-12-12 19:00,-63.4994,44.6397,CYAW 121900Z 26013G18KT 15SM FEW030 03/M04 A3022 RMK SC1 DENSITY ALT -1539FT SLP235
CYAW,2023-12-12 20:00,-63.4994,44.6397,CYAW 122000Z 26011KT 15SM FEW030 03/M04 A3024 RMK SC1 DENSITY ALT -1614FT SLP242
CYAW,2023-12-12 21:00,-63.4994,44.6397,CYAW 122100Z 23006KT 15SM FEW030 FEW180 02/M03 A3026 RMK SC1AC1 DENSITY ALT -1783FT SLP248
CYAW,2023-12-12 22:00,-63.4994,44.6397,CYAW 122200Z 25005KT 15SM FEW050 FEW160 01/M03 A3027 RMK SC1AC1 DENSITY ALT -1830FT SLP252
CYAW,2023-12-12 23:00,-63.4994,44.6397,CYAW 122300Z CCA 25007KT 15SM FEW050 FEW160 01/M03 A3029 RMK SC1AC1 DENSITY ALT -1865FT LAST OBS /NEXT 131100 UTC SLP259
CYAW,2023-12-13 11:00,-63.4994,44.6397,CYAW 131100Z 23006KT 15SM OVC032 04/01 A3025 RMK SC8 DENSITY ALT -1446FT FST OBS SLP247
CYAW,2023-12-13 12:00,-63.4994,44.6397,CYAW 131200Z 23010KT 15SM BKN032 BKN120 05/01 A3024 RMK SC7AC1 DENSITY ALT -1360FT SLP242
CYAW,2023-12-13 13:00,-63.4994,44.6397,CYAW 131300Z 23010G19KT 15SM BKN033 05/01 A3023 RMK SC6 DENSITY ALT -1262FT SLP239
CYAW,2023-12-13 14:00,-63.4994,44.6397,CYAW 131400Z 24010G16KT 15SM BKN028 06/02 A3022 RMK SC7 DENSITY ALT -1232FT SLP237
CYAW,2023-12-13 15:00,-63.4994,44.6397,CYAW 131500Z 23012KT 15SM FEW027 BKN075 06/02 A3019 RMK SC1AC5 DENSITY ALT -1109FT SLP225
CYAW,2023-12-13 16:00,-63.4994,44.6397,CYAW 131600Z 24014G21KT 15SM SCT027 BKN041 BKN075 06/02 A3014 RMK SC4SC2AC1 DENSITY ALT -1064FT SLP209
CYAW,2023-12-13 16:38,-63.4994,44.6397,CYAW 131638Z 26010G17KT 10SM -SHRA BKN023 BKN075 06/02 A3012 RMK SC6AC1 DENSITY ALT -1037FT SLP203
CYAW,2023-12-13 17:00,-63.4994,44.6397,CYAW 131700Z 26011G21KT 5SM -SHRA BR BKN011 BKN075 03/03 A3012 RMK SC6AC1 DENSITY ALT -1371FT SLP202
CYAW,2023-12-13 18:00,-63.4994,44.6397,CYAW 131800Z 29011G19KT 5SM -SHRA BR BKN011 OVC026 03/03 A3011 RMK SC6SC2 DENSITY ALT -1374FT SLP198
CYAW,2023-12-13 18:22,-63.4994,44.6397,CYAW 131822Z 29005KT 10SM FEW011 BKN035 BKN057 04/03 A3010 RMK SF1SC5SC2 DENSITY ALT -1309FT SLP195
CYAW,2023-12-13 19:00,-63.4994,44.6397,CYAW 131900Z 24005KT 15SM SCT035 BKN070 04/03 A3009 RMK SC3AC4 DENSITY ALT -1287FT SLP192
CYAW,2023-12-13 20:00,-63.4994,44.6397,CYAW 132000Z 28010KT 15SM SCT035 BKN070 04/00 A3009 RMK SC3AC2 DENSITY ALT -1253FT SLP193
CYAW,2023-12-13 21:00,-63.4994,44.6397,CYAW 132100Z 29014G23KT 15SM FEW025 SCT040 BKN070 03/M03 A3012 RMK SC1SC2AC2 DENSITY ALT -1496FT SLP202
CYAW,2023-12-13 21:47,-63.4994,44.6397,CYAW 132147Z 29012G19KT 15SM FEW025 SCT040 BKN070 01/M03 A3013 RMK SC1SC2AC2 DENSITY ALT -1671FT LAST OBS /NEXT 181200 UTC SLP206
CYAW,2023-12-18 12:00,-63.4994,44.6397,CYAW 181200Z 16018G29KT 6SM BR OVC046 09/08 A3016 RMK SC8 DENSITY ALT -641FT FST OBS SLP214
CYAW,2023-12-18 13:00,-63.4994,44.6397,CYAW 181300Z 16020G28KT 5SM BR OVC042 10/09 A3014 RMK SC8 DENSITY ALT -517FT SLP207
CYAW,2023-12-18 14:00,-63.4994,44.6397,CYAW 181400Z 15026G35KT 6SM BR BKN042 OVC090 11/09 A3011 RMK SC7AC1 DENSITY ALT -368FT SLP198
CYAW,2023-12-18 15:00,-63.4994,44.6397,CYAW 181500Z 16022G36KT 4SM BR BKN045 OVC090 11/09 A3018 RMK SC6AC2 DENSITY ALT -498FT PRESRR SLP221
CYAW,2023-12-18 16:00,-63.4994,44.6397,CYAW 181600Z 16022G32KT 5SM BR BKN029 OVC051 10/09 A3005 RMK SC6SC2 DENSITY ALT -373FT SLP177
CYAW,2023-12-18 17:00,-63.4994,44.6397,CYAW 181700Z 15021G33KT 5SM BR BKN028 OVC041 10/09 A3001 RMK SC5SC3 DENSITY ALT -325FT SLP162
CYAW,2023-12-18 18:00,-63.4994,44.6397,CYAW 181800Z 16027G40KT 5SM BR OVC035 11/10 A2995 RMK SC8 DENSITY ALT -229FT SLP144
CYAW,2023-12-18 18:49,-63.4994,44.6397,CYAW 181849Z 16028G38KT 5SM BR OVC036 11/10 A2995 RMK SC8 DENSITY ALT -216FT LAST OBS /NEXT 191200 UTC SLP143
CYAW,2023-12-19 12:00,-63.4994,44.6397,CYAW 191200Z 18005KT 2SM BR OVC003 07/07 A2990 RMK SF8 DENSITY ALT -598FT FST OBS SLP127
CYAW,2023-12-19 12:14,-63.4994,44.6397,CYAW 191214Z 17007KT 2SM -SHRA BR OVC003 07/07 A2990 RMK SF8 DENSITY ALT -598FT SLP127
CYAW,2023-12-19 13:00,-63.4994,44.6397,CYAW 191300Z 16011KT 1 1/2SM -SHRA BR OVC003 08/08 A2992 RMK SF8 DENSITY ALT -581FT SLP132
CYAW,2023-12-19 14:00,-63.4994,44.6397,CYAW 191400Z 12005KT 1SM -SHRA BR OVC003 08/08 A2991 RMK SF8 DENSITY ALT -543FT VIS VRB 3/4-1 1/4 SLP130
CYAW,2023-12-19 14:37,-63.4994,44.6397,CYAW 191437Z 13005KT 1/4SM -SHRA FG OVC002 07/07 A2990 RMK FG4SF4 DENSITY ALT -585FT VIS VRB 1/8-3/8 SLP128
CYAW,2023-12-19 15:00,-63.4994,44.6397,CYAW 191500Z 12005KT 3/4SM SHRA BR OVC002 08/08 A2987 RMK SF8 DENSITY ALT -471FT VIS VRB 1/2-1 SLP118
CYAW,2023-12-19 15:19,-63.4994,44.6397,CYAW 191519Z 10005KT 3/4SM -SHRA BR OVC002 08/08 A2986 RMK SF8 DENSITY ALT -406FT VIS VRB 1/2-1 SLP113
CYAW,2023-12-19 16:00,-63.4994,44.6397,CYAW 191600Z 12007KT 3/4SM -SHRA BR OVC002 09/09 A2984 RMK SF8 DENSITY ALT -344FT SLP105
CYAW,2023-12-19 17:00,-63.4994,44.6397,CYAW 191700Z 12006KT 3/4SM -SHRA BR OVC002 10/10 A2981 RMK SF8 DENSITY ALT -203FT CIG VRB 1-3 SLP097
CYAW,2023-12-19 17:39,-63.4994,44.6397,CYAW 191739Z 19008KT 1/2SM -SHRA FG VV001 10/10 A2983 RMK FG8 DENSITY ALT -187FT VIS VRB 1/4-3/4 SLP102
CYAW,2023-12-19 18:00,-63.4994,44.6397,CYAW 191800Z 19009G17KT 1/2SM -SHRA FG VV001 10/10 A2982 RMK FG8 DENSITY ALT -122FT VIS VRB 1/4-3/4 SLP100
CYAW,2023-12-19 19:00,-63.4994,44.6397,CYAW 191900Z CCA 20007KT 3/4SM -SHRA BR OVC002 10/10 A2985 RMK SF8 DENSITY ALT -131FT LAST OBS /NEXT 201200 UTC SLP108
CYAW,2023-12-20 12:00,-63.4994,44.6397,CYAW 201200Z 30010KT 5SM -RA BR OVC040 06/06 A3009 RMK SC8 DENSITY ALT -975FT FST OBS SLP191
CYAW,2023-12-20 13:00,-63.4994,44.6397,CYAW 201300Z 02010KT 5SM -RA BR FEW008 OVC040 06/06 A3008 RMK SF1SC8 DENSITY ALT -964FT SLP187
CYAW,2023-12-20 14:00,-63.4994,44.6397,CYAW 201400Z 30011G17KT 5SM -RA BR SCT008 OVC034 06/06 A3009 RMK SF3SC5 DENSITY ALT -949FT SLP189
CYAW,2023-12-20 14:40,-63.4994,44.6397,CYAW 201440Z 02012G23KT 4SM -RA BR BKN007 OVC035 06/06 A3004 RMK SF5SC3 DENSITY ALT -904FT PRESFR SLP175
CYAW,2023-12-20 15:00,-63.4994,44.6397,CYAW 201500Z 01010G16KT 6SM -RA BR OVC007 06/06 A3005 RMK SF8 DENSITY ALT -916FT SLP178
CYAW,2023-12-20 16:00,-63.4994,44.6397,CYAW 201600Z 36012G19KT 5SM -RA BR OVC008 06/06 A3002 RMK SF8 DENSITY ALT -948FT SLP168
CYAW,2023-12-20 17:00,-63.4994,44.6397,CYAW 201700Z 01015G21KT 5SM -RA BR OVC008 05/05 A3000 RMK SF8 DENSITY ALT -1057FT SLP160
CYAW,2023-12-20 17:22,-63.4994,44.6397,CYAW 201722Z 01012G18KT 3SM RA BR OVC009 05/05 A2999 RMK SF8 DENSITY ALT -1032FT SLP158
CYAW,2023-12-20 18:00,-63.4994,44.6397,CYAW 201800Z CCA 02014G22KT 6SM RA BR OVC009 04/04 A2996 RMK SF8 DENSITY ALT -1050FT LAST OBS /NEXT 211200 UTC SLP148
CYAW,2023-12-21 12:00,-63.4994,44.6397,CYAW 211200Z 36024G39KT 12SM SCT020 BKN150 M01/M03 A2981 RMK SC4AC3 DENSITY ALT -1645FT FST OBS SLP095
CYAW,2023-12-21 13:00,-63.4994,44.6397,CYAW 211300Z 36025G43KT 15SM BKN025 BKN080 M01/M04 A2986 RMK SC6AC1 DENSITY ALT -1692FT SLP112
CYAW,2023-12-21 14:00,-63.4994,44.6397,CYAW 211400Z 35027G43KT 15SM SCT025 BKN080 M01/M04 A2982 RMK SC3AC4 DENSITY ALT -1634FT SLP101
CYAW,2023-12-21 15:00,-63.4994,44.6397,CYAW 211500Z CCA 36027G49KT 15SM FEW025 BKN080 M01/M05 A2980 RMK SC2AC5 DENSITY ALT -1613FT LAST OBS /NEXT 081300 UTC SLP094
