station,valid,lon,lat,metar
CYAW,2020-01-05 12:00,-63.4994,44.6397,CYAW 051200Z 02006KT 5/8SM -SN VV004 00/00 A2927 RMK SN8 DA-805FT FST OBS SLP913
CYAW,2020-01-05 12:31,-63.4994,44.6397,CYAW 051231Z 36008KT 3/4SM -SN VV005 00/00 A2927 RMK SN8 DA-792FT VIS VRB 1/2-1 SLP912
CYAW,2020-01-05 13:00,-63.4994,44.6397,CYAW 051300Z 01010KT 1/2SM SN VV003 00/00 A2923 RMK SN8 DA-758FT VIS VRB 3/8-5/8 SLP899
CYAW,2020-01-05 13:30,-63.4994,44.6397,CYAW 051330Z 02012G18KT 3/4SM -SN VV005 00/00 A2922 RMK SN8 DA-720FT VIS VRB 1/2-1 SLP895
CYAW,2020-01-05 13:45,-63.4994,44.6397,CYAW 051345Z 02014KT 1SM -SN OVC006 00/00 A2919 RMK SN3SF5 DA-684FT VIS VRB 3/4-1 1/2 SLP887
CYAW,2020-01-05 14:00,-63.4994,44.6397,CYAW 051400Z 02014G20KT 2SM -SN OVC007 00/00 A2917 RMK SF8 DA-648FT /S01/ SLP880
CYAW,2020-01-05 14:25,-63.4994,44.6397,CYAW 051425Z 02015G22KT 3SM -SN OVC008 00/00 A2915 RMK SF8 DA-625FT PRESFR VIS LWR S SLP872
CYAW,2020-01-05 15:00,-63.4994,44.6397,CYAW 051500Z 01017G22KT 2 1/2SM -SN SCT008 OVC013 01/00 A2914 RMK SF4SC4 DA-601FT SLP868
CYAW,2020-01-05 15:17,-63.4994,44.6397,CYAW 051517Z 36015G24KT 1 1/2SM -SN VV008 00/00 A2912 RMK SN8 DA-590FT VIS VRB 1-2 SLP863
CYAW,2020-01-05 15:38,-63.4994,44.6397,CYAW 051538Z 01016G24KT 1 1/2SM -SN VV010 00/00 A2911 RMK SN8 DA-579FT VIS VRB 1-2 SLP860
CYAW,2020-01-05 15:52,-63.4994,44.6397,CYAW 051552Z 01018G27KT 3/4SM -SN VV006 00/00 A2912 RMK SN8 DA-603FT VIS VRB 1/2-1 SLP861
CYAW,2020-01-05 16:00,-63.4994,44.6397,CYAW 051600Z 36014G26KT 3/4SM -SN VV005 00/00 A2912 RMK SN8 DA-603FT VIS VRB 1/2-1 /S02/ SLP863
CYAW,2020-01-05 16:11,-63.4994,44.6397,CYAW 051611Z 36015G22KT 1/2SM SN VV003 00/00 A2911 RMK SN8 DA-604FT VIS VRB 3/8-5/8 SLP860
CYAW,2020-01-05 16:29,-63.4994,44.6397,CYAW 051629Z 35014G24KT 3/8SM SN VV002 00/00 A2911 RMK SN8 DA-617FT VIS VRB 1/4-1/2 SLP858
CYAW,2020-01-05 17:00,-63.4994,44.6397,CYAW 051700Z 35020G29KT 3/8SM SN DRSN VV002 M00/M00 A2909 RMK SN8 DA-632FT VIS VRB 1/4-1/2 /S03/ SLP852
CYAW,2020-01-05 17:16,-63.4994,44.6397,CYAW 051716Z 35021G28KT 3/8SM SN DRSN VV002 M00/M01 A2909 RMK SN8 DA-647FT VIS VRB 1/4-1/2 LAST OBS/NXT 061000 UTC SLP854
CYAW,2020-01-06 10:00,-63.4994,44.6397,CYAW 061000Z 30011KT 15SM BKN034 M06/M10 A2980 RMK SC7 DA-2288FT FST OBS SLP093
CYAW,2020-01-06 11:00,-63.4994,44.6397,CYAW 061100Z 30010KT 15SM BKN033 M07/M11 A2982 RMK SC7 DA-2392FT SLP101
CYAW,2020-01-06 12:00,-63.4994,44.6397,CYAW 061200Z CCA 30009KT 15SM BKN033 M07/M11 A2985 RMK SC7 DA-2401FT SLP111
CYAW,2020-01-06 13:00,-63.4994,44.6397,CYAW 061300Z 31009KT 15SM BKN032 M06/M11 A2987 RMK SC7 DA-2385FT SLP119
CYAW,2020-01-06 14:00,-63.4994,44.6397,CYAW 061400Z 30007KT 15SM FEW020 OVC035 M06/M10 A2991 RMK SC1SC7 DA-2340FT SLP131
CYAW,2020-01-06 14:46,-63.4994,44.6397,CYAW 061446Z 31007KT 15SM -SHSN FEW020 BKN033 M05/M10 A2992 RMK SC1SC6 DA-2299FT SLP134
CYAW,2020-01-06 15:00,-63.4994,44.6397,CYAW 061500Z 31005KT 15SM -SHSN BKN028 M05/M10 A2992 RMK SC7 DA-2273FT SLP134
CYAW,2020-01-06 16:00,-63.4994,44.6397,CYAW 061600Z 36002KT 15SM -SHSN BKN026 M05/M10 A2992 RMK SC7 DA-2272FT PCPN VRY LGT SLP134
CYAW,2020-01-06 17:00,-63.4994,44.6397,CYAW 061700Z 34008KT 15SM -SHSN OVC030 M05/M10 A2991 RMK SC8 DA-2248FT PCPN VRY LGT SLP131
CYAW,2020-01-06 17:18,-63.4994,44.6397,CYAW 061718Z 31004KT 15SM OVC029 M05/M10 A2991 RMK SC8 DA-2235FT SLP130
CYAW,2020-01-06 18:00,-63.4994,44.6397,CYAW 061800Z 32005KT 15SM OVC028 M05/M10 A2991 RMK SC8 DA-2249FT SLP132
CYAW,2020-01-06 19:00,-63.4994,44.6397,CYAW 061900Z 00000KT 15SM -SHSN BKN028 M05/M10 A2993 RMK SC7 DA-2270FT SLP137
CYAW,2020-01-06 20:00,-63.4994,44.6397,CYAW 062000Z 00000KT 15SM -SHSN OVC027 M05/M10 A2994 RMK SC8 DA-2295FT PCPN VRY LGT SLP142
CYAW,2020-01-06 21:00,-63.4994,44.6397,CYAW 062100Z 24004KT 15SM -SHSN OVC028 M05/M09 A2996 RMK SC8 DA-2329FT PCPN VRY LGT SLP149
CYAW,2020-01-06 22:00,-63.4994,44.6397,CYAW 062200Z 00000KT 15SM -SHSN OVC029 M05/M09 A2996 RMK SC8 DA-2354FT PCPN VRY LGT SLP150
CYAW,2020-01-06 23:00,-63.4994,44.6397,CYAW 062300Z 21003KT 15SM -SHSN OVC026 M05/M09 A2998 RMK SC8 DA-2364FT PCPN VRY LGT LAST OBS/NXT 071000 UTC SLP155
CYAW,2020-01-07 10:00,-63.4994,44.6397,CYAW 071000Z 04003KT 15SM -SHSN FEW035 OVC065 M07/M07 A2991 RMK SC1SC7 DA-2459FT FST OBS SLP133
CYAW,2020-01-07 11:00,-63.4994,44.6397,CYAW 071100Z 08003KT 15SM -SHSN SCT015 SCT025 OVC065 M06/M06 A2990 RMK SC3SC1SC4 DA-2340FT SLP129
CYAW,2020-01-07 11:23,-63.4994,44.6397,CYAW 071123Z 10004KT 6SM -SN FEW011 OVC015 M05/M06 A2990 RMK SF1SC8 DA-2260FT SLP127
CYAW,2020-01-07 11:34,-63.4994,44.6397,CYAW 071134Z 11005KT 2 1/2SM -SN OVC012 M05/M05 A2990 RMK SN5SF3 DA-2179FT SLP128
CYAW,2020-01-07 12:00,-63.4994,44.6397,CYAW 071200Z 15007KT 4SM -SN SCT012 OVC040 M02/M02 A2989 RMK SF3SC5 DA-1848FT SLP126
CYAW,2020-01-07 12:16,-63.4994,44.6397,CYAW 071216Z 15009KT 15SM -SN OVC035 M01/M01 A2990 RMK SC8 DA-1700FT SLP127
CYAW,2020-01-07 13:00,-63.4994,44.6397,CYAW 071300Z 16008KT 6SM -SN FEW010 OVC030 00/M00 A2991 RMK SF2SC6 DA-1567FT SLP130
CYAW,2020-01-07 13:12,-63.4994,44.6397,CYAW 071312Z 17009KT 2 1/2SM -SN BKN005 OVC030 00/00 A2990 RMK SN4SF2SC2 DA-1528FT SLP129
CYAW,2020-01-07 13:40,-63.4994,44.6397,CYAW 071340Z 22011KT 7SM BKN008 BKN030 01/01 A2991 RMK SF5SC2 DA-1473FT SLP132
CYAW,2020-01-07 14:00,-63.4994,44.6397,CYAW 071400Z 23010KT 15SM SCT010 BKN030 01/00 A2992 RMK SF3SC2 DA-1447FT SLP133
CYAW,2020-01-07 14:10,-63.4994,44.6397,CYAW 071410Z 23007KT 15SM FEW015 BKN030 BKN070 01/01 A2992 RMK SF2SC2AC1 DA-1448FT SLP133
CYAW,2020-01-07 15:00,-63.4994,44.6397,CYAW 071500Z 29008KT 15SM SCT030 BKN080 01/M01 A2991 RMK SC4AC1 DA-1393FT SLP131
CYAW,2020-01-07 16:00,-63.4994,44.6397,CYAW 071600Z 26009KT 15SM FEW020 BKN100 01/M02 A2991 RMK SC1AC6 DA-1437FT SLP131
CYAW,2020-01-07 17:00,-63.4994,44.6397,CYAW 071700Z 28008KT 15SM FEW020 BKN100 01/M03 A2990 RMK SC1AC7 DA-1417FT SLP128
CYAW,2020-01-07 18:00,-63.4994,44.6397,CYAW 071800Z 26007KT 15SM FEW020 BKN060 01/M02 A2991 RMK SC1SC7 DA-1440FT SLP132
CYAW,2020-01-07 19:00,-63.4994,44.6397,CYAW 071900Z 25006KT 15SM FEW020 BKN060 01/M03 A2993 RMK SC1SC7 DA-1477FT SLP139
CYAW,2020-01-07 20:00,-63.4994,44.6397,CYAW 072000Z 25007KT 15SM FEW020 BKN065 01/M02 A2996 RMK SC1SC6 DA-1523FT SLP147
CYAW,2020-01-07 21:00,-63.4994,44.6397,CYAW 072100Z 25006KT 15SM FEW020 BKN060 00/M02 A2999 RMK SC1SC5 DA-1643FT SLP158
CYAW,2020-01-07 22:00,-63.4994,44.6397,CYAW 072200Z 27004KT 15SM FEW020 M01/M02 A3000 RMK SC1 DA-1757FT LAST OBS/NXT 081000 UTC SLP163
CYAW,2020-01-08 10:00,-63.4994,44.6397,CYAW 081000Z 07015G20KT 2SM -SN OVC014 00/M00 A2974 RMK SC8 DA-1333FT SLP073
CYAW,2020-01-08 10:28,-63.4994,44.6397,CYAW 081028Z 07014G22KT 3/4SM -SN VV008 00/M00 A2970 RMK SN8 DA-1322FT VIS VRB 1/2-1 PRESFR LAST OBS/NXT 101000 UTC SLP061
CYAW,2020-01-09 10:00,-63.4994,44.6397,CYAW 091000Z 30019G28KT 12SM DRSN FEW017 BKN250 M05/M07 A2987 RMK SC1CI5 DA-2140FT FST OBS SLP116
CYAW,2020-01-09 11:00,-63.4994,44.6397,CYAW 091100Z 30016G25KT 15SM DRSN FEW017 BKN250 M05/M08 A2993 RMK SC1CI7 DA-2264FT PRESRR SLP137
CYAW,2020-01-09 12:00,-63.4994,44.6397,CYAW 091200Z 30019G29KT 15SM DRSN FEW020 BKN250 M05/M07 A2997 RMK SC1CI6 DA-2269FT SLP151
CYAW,2020-01-09 13:00,-63.4994,44.6397,CYAW 091300Z 30025G30KT 15SM DRSN FEW020 SCT250 M05/M07 A3003 RMK SC2CI2 DA-2327FT PRESRR SLP173
CYAW,2020-01-09 14:00,-63.4994,44.6397,CYAW 091400Z 31024G31KT 15SM DRSN FEW025 SCT250 M04/M08 A3009 RMK SC2CI2 DA-2359FT SLP192
CYAW,2020-01-09 15:00,-63.4994,44.6397,CYAW 091500Z 31017G27KT 15SM DRSN SCT030 SCT250 M04/M08 A3013 RMK SC4CI1 DA-2368FT CI TR SLP206
CYAW,2020-01-09 16:00,-63.4994,44.6397,CYAW 091600Z 31025G30KT 15SM DRSN BKN028 M04/M08 A3015 RMK SC6 DA-2442FT SLP213
CYAW,2020-01-09 17:00,-63.4994,44.6397,CYAW 091700Z 30026G33KT 15SM DRSN BKN028 M05/M09 A3018 RMK SC6 DA-2506FT SLP223
CYAW,2020-01-09 17:35,-63.4994,44.6397,CYAW 091735Z 30023G29KT 6SM -SHSN BLSN BKN028 M05/M09 A3020 RMK SC6 DA-2594FT SLP231
CYAW,2020-01-09 18:00,-63.4994,44.6397,CYAW 091800Z 30018G27KT 6SM -SHSN DRSN BKN028 M06/M10 A3024 RMK SC6 DA-2708FT SLP242
CYAW,2020-01-09 19:00,-63.4994,44.6397,CYAW 091900Z 30021KT 8SM -SHSN DRSN BKN025 M06/M10 A3031 RMK SC7 DA-2867FT PRESRR SLP266
CYAW,2020-01-09 20:00,-63.4994,44.6397,CYAW 092000Z 31021KT 8SM -SHSN DRSN BKN026 M07/M10 A3035 RMK SC6 DA-3006FT SLP282
CYAW,2020-01-09 20:15,-63.4994,44.6397,CYAW 092015Z 32015G25KT 8SM -SHSN DRSN BKN027 M07/M10 A3038 RMK SC7 DA-3038FT PRESRR LAST OBS/NXT 101000 UTC SLP290
CYAW,2020-01-10 10:00,-63.4994,44.6397,CYAW 101000Z 35003KT 15SM BKN130 M15/M16 A3070 RMK AC5 DA-4491FT FST OBS SLP401
CYAW,2020-01-10 11:00,-63.4994,44.6397,CYAW 101100Z 05002KT 15SM BKN120 M14/M16 A3068 RMK AC6 DA-4399FT SLP394
CYAW,2020-01-10 12:00,-63.4994,44.6397,CYAW 101200Z 06003KT 15SM BKN140 M13/M14 A3067 RMK AC6 DA-4139FT SLP390
CYAW,2020-01-10 13:00,-63.4994,44.6397,CYAW 101300Z 07003KT 15SM BKN100 BKN140 M10/M11 A3067 RMK AC5AC2 DA-3811FT SLP390
CYAW,2020-01-10 14:00,-63.4994,44.6397,CYAW 101400Z 20008KT 15SM FEW030 BKN130 BKN250 M04/M06 A3065 RMK SC1AC5CI2 DA-2906FT SLP383
CYAW,2020-01-10 15:00,-63.4994,44.6397,CYAW 101500Z 20013KT 15SM FEW036 BKN140 BKN250 M02/M06 A3061 RMK SC2AC3CI2 DA-2601FT SLP369
CYAW,2020-01-10 16:00,-63.4994,44.6397,CYAW 101600Z 20014G19KT 15SM BKN028 BKN080 BKN250 M00/M04 A3055 RMK SC6AC1CI1 DA-2347FT SLP350
CYAW,2020-01-10 17:00,-63.4994,44.6397,CYAW 101700Z 20017KT 15SM OVC025 00/M03 A3049 RMK SC8 DA-2196FT PRESFR SLP329
CYAW,2020-01-10 18:00,-63.4994,44.6397,CYAW 101800Z 21015G22KT 15SM OVC022 01/M01 A3046 RMK SC8 DA-2026FT SLP317
CYAW,2020-01-10 19:00,-63.4994,44.6397,CYAW 101900Z 20013G21KT 9SM -SHRA OVC018 02/01 A3041 RMK SC8 DA-1923FT SLP299
CYAW,2020-01-10 19:17,-63.4994,44.6397,CYAW 101917Z 20016G22KT 6SM -SHRA BR OVC013 02/01 A3041 RMK SC8 DA-1896FT SLP301
CYAW,2020-01-10 20:00,-63.4994,44.6397,CYAW 102000Z 20017KT 4SM -SHRA BR OVC011 02/02 A3038 RMK SF8 DA-1832FT SLP292
CYAW,2020-01-10 20:13,-63.4994,44.6397,CYAW 102013Z 20014KT 4SM -SHRA BR OVC008 02/02 A3038 RMK SF8 DA-1831FT SLP290
CYAW,2020-01-10 21:00,-63.4994,44.6397,CYAW 102100Z 21014G19KT 4SM -SHRA BR OVC007 03/02 A3036 RMK SF8 DA-1754FT LAST OBS/NEXT 130900 UTC SLP283
CYAW,2020-01-13 09:00,-63.4994,44.6397,CYAW 130900Z 01010G15KT 15SM BKN020 M04/M06 A3047 RMK SC7 DA-2804FT FST OBS SLP322
CYAW,2020-01-13 10:00,-63.4994,44.6397,CYAW 131000Z 02008KT 15SM OVC020 M05/M07 A3053 RMK SC8 DA-2928FT SLP340
CYAW,2020-01-13 10:18,-63.4994,44.6397,CYAW 131018Z 02007KT 15SM -SHSN OVC020 M05/M07 A3054 RMK SC8 DA-2939FT PCPN VRY LGT SLP345
CYAW,2020-01-13 11:00,-63.4994,44.6397,CYAW 131100Z 01007KT 15SM -SHSN OVC020 M05/M07 A3056 RMK SC8 DA-2963FT PCPN VRY LGT SLP351
CYAW,2020-01-13 11:39,-63.4994,44.6397,CYAW 131139Z 04009KT 15SM OVC020 M05/M08 A3056 RMK SC8 DA-2977FT SLP352
CYAW,2020-01-13 12:00,-63.4994,44.6397,CYAW 131200Z 03010KT 15SM OVC019 M05/M08 A3056 RMK SC8 DA-2977FT SLP351
CYAW,2020-01-13 13:00,-63.4994,44.6397,CYAW 131300Z 02010KT 15SM OVC017 M05/M08 A3056 RMK SC8 DA-2977FT SLP350
CYAW,2020-01-13 14:00,-63.4994,44.6397,CYAW 131400Z 02008KT 15SM BKN016 OVC030 M05/M07 A3056 RMK SC6SC2 DA-2976FT SLP352
CYAW,2020-01-13 15:00,-63.4994,44.6397,CYAW 131500Z 03006KT 15SM OVC020 M04/M07 A3058 RMK SC8 DA-2921FT SLP359
CYAW,2020-01-13 16:00,-63.4994,44.6397,CYAW 131600Z 07003KT 15SM OVC019 M04/M07 A3056 RMK SC8 DA-2885FT SLP351
CYAW,2020-01-13 16:35,-63.4994,44.6397,CYAW 131635Z 07004KT 12SM -SHSN OVC018 M04/M07 A3054 RMK SC8 DA-2875FT PCPN VRY LGT SLP343
CYAW,2020-01-13 17:00,-63.4994,44.6397,CYAW 131700Z 00000KT 12SM -SHSN OVC018 M04/M07 A3052 RMK SC8 DA-2838FT PCPN VRY LGT SLP339
CYAW,2020-01-13 18:00,-63.4994,44.6397,CYAW 131800Z 02003KT 12SM -SHSN OVC018 M04/M07 A3052 RMK SC8 DA-2825FT PCPN VRY LGT SLP337
CYAW,2020-01-13 19:00,-63.4994,44.6397,CYAW 131900Z 03004KT 12SM -SHSN OVC018 M04/M06 A3050 RMK SC8 DA-2774FT PCPN VRY LGT SLP332
CYAW,2020-01-13 20:00,-63.4994,44.6397,CYAW 132000Z 02003KT 12SM -SHSN OVC016 M04/M06 A3051 RMK SC8 DA-2798FT PCPN VRY LGT SLP334
CYAW,2020-01-13 21:00,-63.4994,44.6397,CYAW 132100Z 36005KT 12SM -SN OVC016 M04/M06 A3051 RMK SC8 DA-2834FT PCPN VRY LGT SLP333
CYAW,2020-01-13 21:40,-63.4994,44.6397,CYAW 132140Z 02005KT 5SM -SN OVC015 M05/M05 A3049 RMK SC8 DA-2849FT SLP328
CYAW,2020-01-13 22:00,-63.4994,44.6397,CYAW 132200Z 03005KT 5SM -SN FEW007 OVC017 M05/M05 A3049 RMK SF1SC7 DA-2861FT VIS LWR S SLP328
CYAW,2020-01-13 22:52,-63.4994,44.6397,CYAW 132252Z 05007KT 8SM -SN BKN008 OVC015 M05/M05 A3046 RMK SF6SC2 DA-2839FT PCPN VRY LGT SLP316
CYAW,2020-01-13 23:00,-63.4994,44.6397,CYAW 132300Z 05005KT 10SM BKN005 OVC015 M05/M05 A3045 RMK SF6SC2 DA-2828FT SLP314
CYAW,2020-01-13 23:33,-63.4994,44.6397,CYAW 132333Z 08006KT 10SM BKN005 OVC015 M05/M05 A3042 RMK SF6SC2 DA-2833FT LAST OBS/NXT 140900 UTC SLP304
CYAW,2020-01-14 09:00,-63.4994,44.6397,CYAW 140900Z 00000KT 15SM -SHSN FEW008 OVC037 M03/M03 A3027 RMK SF2SC6 DA-2326FT FST OBS SLP255
CYAW,2020-01-14 10:00,-63.4994,44.6397,CYAW 141000Z 00000KT 15SM -SHSN FEW008 SCT042 OVC060 M03/M03 A3026 RMK SF1SC3SC4 DA-2315FT SLP251
CYAW,2020-01-14 10:51,-63.4994,44.6397,CYAW 141051Z 20003KT 5SM -SHSN FEW025 BKN040 OVC060 M02/M02 A3026 RMK SC2SC5SC1 DA-2222FT SLP250
CYAW,2020-01-14 11:00,-63.4994,44.6397,CYAW 141100Z 22003KT 5SM -SHSN FEW025 OVC050 M01/M01 A3026 RMK SC2SC6 DA-2102FT SLP251
CYAW,2020-01-14 11:32,-63.4994,44.6397,CYAW 141132Z 23002KT 4SM -SHSN BKN012 OVC025 M01/M01 A3027 RMK SF5SC3 DA-2060FT SLP254
CYAW,2020-01-14 11:52,-63.4994,44.6397,CYAW 141152Z 23003KT 10SM SCT012 OVC055 M01/M01 A3027 RMK SF3SC5 DA-2074FT VIS LWR SW SLP255
CYAW,2020-01-14 12:00,-63.4994,44.6397,CYAW 141200Z 24003KT 12SM FEW012 SCT020 BKN055 BKN250 M01/M01 A3028 RMK SF2SC2SC2CI1 DA-2099FT SLP256
CYAW,2020-01-14 12:36,-63.4994,44.6397,CYAW 141236Z 26008KT 12SM -SHSN SCT006 BKN020 OVC055 M00/M00 A3027 RMK SF3SC2SC3 DA-2034FT PCPN VRY LGT SLP255
CYAW,2020-01-14 12:53,-63.4994,44.6397,CYAW 141253Z 30007KT 12SM SCT006 BKN018 OVC050 M01/M01 A3027 RMK SF3CU2SC2 DA-2087FT SLP253
CYAW,2020-01-14 13:00,-63.4994,44.6397,CYAW 141300Z 31005KT 12SM FEW006 SCT018 BKN050 BKN250 M01/M01 A3027 RMK SF2CU2SC2CI1 DA-2141FT SLP252
CYAW,2020-01-14 14:00,-63.4994,44.6397,CYAW 141400Z 32009KT 15SM FEW008 OVC025 M01/M02 A3029 RMK SF2SC6 DA-2154FT SLP261
CYAW,2020-01-14 15:00,-63.4994,44.6397,CYAW 141500Z 36010KT 15SM FEW008 OVC015 M01/M03 A3030 RMK SF1SC7 DA-2220FT SLP262
CYAW,2020-01-14 15:36,-63.4994,44.6397,CYAW 141536Z 33008KT 12SM -SHSN FEW009 OVC021 M02/M02 A3029 RMK SF2SC6 DA-2221FT PCPN VRY LGT SLP259
CYAW,2020-01-14 15:54,-63.4994,44.6397,CYAW 141554Z 34009KT 12SM FEW009 FEW013 OVC022 M02/M03 A3029 RMK SF1CU1SC6 DA-2222FT SLP259
CYAW,2020-01-14 16:00,-63.4994,44.6397,CYAW 141600Z 33010KT 15SM FEW009 FEW015 OVC022 M02/M03 A3029 RMK SF1CU2SC6 DA-2236FT SLP259
CYAW,2020-01-14 17:00,-63.4994,44.6397,CYAW 141700Z 34010KT 15SM BKN021 OVC040 M02/M03 A3026 RMK SC7SC1 DA-2229FT SLP250
CYAW,2020-01-14 18:00,-63.4994,44.6397,CYAW 141800Z 35006KT 8SM OVC017 M02/M04 A3026 RMK SC8 DA-2283FT SLP250
CYAW,2020-01-14 19:00,-63.4994,44.6397,CYAW 141900Z 36008KT 15SM OVC019 M02/M05 A3025 RMK SC8 DA-2263FT SLP248
CYAW,2020-01-14 20:00,-63.4994,44.6397,CYAW 142000Z 01006KT 15SM OVC015 M02/M05 A3028 RMK SC8 DA-2321FT SLP257
CYAW,2020-01-14 20:32,-63.4994,44.6397,CYAW 142032Z 04004KT 15SM OVC014 M02/M05 A3029 RMK SC8 DA-2346FT SLP259
CYAW,2020-01-14 21:00,-63.4994,44.6397,CYAW 142100Z 34006KT 15SM SCT014 OVC024 M02/M04 A3029 RMK SC4SC4 DA-2345FT SLP261
CYAW,2020-01-14 22:00,-63.4994,44.6397,CYAW 142200Z 01005KT 15SM OVC024 M03/M04 A3028 RMK SC8 DA-2344FT SLP257
CYAW,2020-01-14 23:00,-63.4994,44.6397,CYAW 142300Z 03006KT 15SM FEW010 OVC020 M03/M04 A3028 RMK SF1SC8 DA-2358FT SLP257
CYAW,2020-01-14 23:27,-63.4994,44.6397,CYAW 142327Z 03006KT 10SM -SHSN FEW008 OVC020 M03/M04 A3028 RMK SF2SC6 DA-2370FT LAST OBS/NXT 150900 UTC SLP256
CYAW,2020-01-15 09:00,-63.4994,44.6397,CYAW 150900Z 01005KT 15SM -SHSN BKN007 OVC020 M04/M04 A3009 RMK ST7SC1 DA-2253FT PCPN VRY LGT FST OBS SLP193
CYAW,2020-01-15 10:00,-63.4994,44.6397,CYAW 151000Z 35004KT 15SM -SHSN BKN007 OVC020 M03/M04 A3008 RMK ST6SC2 DA-2228FT PCPN VRY LGT SLP191
CYAW,2020-01-15 10:46,-63.4994,44.6397,CYAW 151046Z 05003KT 15SM OVC007 M04/M04 A3007 RMK ST8 DA-2229FT SLP187
CYAW,2020-01-15 11:00,-63.4994,44.6397,CYAW 151100Z 05004KT 15SM OVC007 M04/M04 A3008 RMK ST8 DA-2241FT SLP188
CYAW,2020-01-15 11:13,-63.4994,44.6397,CYAW 151113Z 06002KT 15SM -SN OVC007 M04/M04 A3007 RMK ST8 DA-2230FT PCPN VRY LGT SLP186
CYAW,2020-01-15 11:33,-63.4994,44.6397,CYAW 151133Z 05004KT 3SM -SN BKN007 BKN020 OVC035 M04/M04 A3005 RMK SF5SC2SC2 DA-2220FT SLP180
CYAW,2020-01-15 11:51,-63.4994,44.6397,CYAW 151151Z 06002KT 3SM -SN SCT007 BKN029 OVC080 M04/M04 A3005 RMK SF3SC3AC2 DA-2220FT SLP180
CYAW,2020-01-15 12:00,-63.4994,44.6397,CYAW 151200Z 00000KT 4SM -SN BKN007 BKN028 OVC080 M04/M04 A3006 RMK SF5SC2AC1 DA-2231FT SLP180
CYAW,2020-01-15 13:00,-63.4994,44.6397,CYAW 151300Z 01002KT 3SM -SN OVC006 M03/M03 A3005 RMK ST8 DA-2166FT SLP178
CYAW,2020-01-15 13:09,-63.4994,44.6397,CYAW 151309Z 00000KT 1SM -SN OVC006 M03/M03 A3005 RMK SN6ST2 DA-2153FT SLP178
CYAW,2020-01-15 13:29,-63.4994,44.6397,CYAW 151329Z 00000KT 3/4SM -SN VV007 M03/M03 A3004 RMK SN8 DA-2128FT SLP176
CYAW,2020-01-15 14:00,-63.4994,44.6397,CYAW 151400Z 00000KT 3/4SM -SN VV007 M03/M03 A3003 RMK SN8 DA-2090FT SLP173
CYAW,2020-01-15 15:00,-63.4994,44.6397,CYAW 151500Z 00000KT 1SM -SN VV006 M03/M03 A3001 RMK SN8 DA-2027FT SLP166
CYAW,2020-01-15 15:23,-63.4994,44.6397,CYAW 151523Z 00000KT 3/4SM -SN VV006 M03/M03 A3000 RMK SN8 DA-2015FT SLP162
CYAW,2020-01-15 15:45,-63.4994,44.6397,CYAW 151545Z 00000KT 3/4SM -SN VV005 M02/M02 A2999 RMK SN8 DA-1964FT SLP157
CYAW,2020-01-15 16:00,-63.4994,44.6397,CYAW 151600Z 00000KT 1SM -SN VV005 M02/M02 A2998 RMK SN8 DA-1939FT SLP156
CYAW,2020-01-15 16:12,-63.4994,44.6397,CYAW 151612Z 00000KT 1 1/2SM -SN VV004 M02/M02 A2998 RMK SN8 DA-1926FT SLP155
CYAW,2020-01-15 16:25,-63.4994,44.6397,CYAW 151625Z 20002KT 1SM -SN VV005 M02/M02 A2998 RMK SN8 DA-1885FT SLP153
CYAW,2020-01-15 16:40,-63.4994,44.6397,CYAW 151640Z 20003KT 1 1/2SM -SN VV006 01/01 A2997 RMK SN8 DA-1450FT SLP150
CYAW,2020-01-15 17:00,-63.4994,44.6397,CYAW 151700Z 19006KT 1 1/2SM -SN VV006 M01/M01 A2995 RMK SN8 DA-1760FT SLP146
CYAW,2020-01-15 17:33,-63.4994,44.6397,CYAW 151733Z 19007KT 3SM -SN OVC007 M01/M02 A2993 RMK ST8 DA-1724FT SLP139
CYAW,2020-01-15 17:45,-63.4994,44.6397,CYAW 151745Z 17006KT 1 1/2SM -SN VV006 M01/M02 A2992 RMK SN8 DA-1700FT SLP134
CYAW,2020-01-15 18:00,-63.4994,44.6397,CYAW 151800Z 18005KT 3SM -SN FEW007 OVC025 M01/M01 A2992 RMK ST2SC6 DA-1712FT SLP133
CYAW,2020-01-15 18:22,-63.4994,44.6397,CYAW 151822Z 19007KT 8SM FEW006 OVC030 M01/M01 A2992 RMK SF2SC6 DA-1686FT SLP133
CYAW,2020-01-15 18:44,-63.4994,44.6397,CYAW 151844Z 19008KT 8SM -SHSN BKN009 BKN013 M01/M01 A2991 RMK SF5SC2 DA-1661FT PCPN VRY LGT SLP130
CYAW,2020-01-15 19:00,-63.4994,44.6397,CYAW 151900Z 21009KT 15SM -SHSN BKN008 OVC016 M01/M01 A2991 RMK SF6SC2 DA-1663FT PCPN VRY LGT SLP132
CYAW,2020-01-15 19:19,-63.4994,44.6397,CYAW 151919Z 21006KT 3SM -SN BKN009 OVC020 M01/M01 A2991 RMK SF6SC2 DA-1662FT SLP131
CYAW,2020-01-15 20:00,-63.4994,44.6397,CYAW 152000Z 21005KT 3SM -SN BKN008 OVC014 M01/M01 A2990 RMK SF6SC2 DA-1647FT LAST OBS/NXT 160900 UTC SLP127
CYAW,2020-01-16 09:00,-63.4994,44.6397,CYAW 160900Z 00000KT 15SM FEW180 BKN230 M08/M08 A3000 RMK AC1CI5 DA-2711FT FST OBS SLP162
CYAW,2020-01-16 10:00,-63.4994,44.6397,CYAW 161000Z 25005KT 15SM OVC028 M08/M08 A3002 RMK SC8 DA-2735FT SLP170
CYAW,2020-01-16 11:00,-63.4994,44.6397,CYAW 161100Z 00000KT 15SM BKN028 M06/M07 A3001 RMK SC7 DA-2496FT SLP166
CYAW,2020-01-16 12:00,-63.4994,44.6397,CYAW 161200Z 36002KT 15SM BKN027 BKN190 M06/M06 A3000 RMK SC5AC2 DA-2458FT SLP163
CYAW,2020-01-16 13:00,-63.4994,44.6397,CYAW 161300Z 35002KT 15SM BKN029 BKN180 M05/M06 A2998 RMK SC6AC1 DA-2342FT SLP154
CYAW,2020-01-16 14:00,-63.4994,44.6397,CYAW 161400Z 00000KT 15SM -SN OVC021 M05/M06 A2997 RMK SC8 DA-2251FT PCPN VRY LGT SLP150
CYAW,2020-01-16 15:00,-63.4994,44.6397,CYAW 161500Z 13002KT 15SM -SN OVC025 M04/M07 A2994 RMK SC8 DA-2168FT PCPN VRY LGT SLP141
CYAW,2020-01-16 15:13,-63.4994,44.6397,CYAW 161513Z 11002KT 15SM FEW010 BKN024 OVC036 M04/M06 A2993 RMK SF1SC7SC1 DA-2156FT SLP137
CYAW,2020-01-16 15:40,-63.4994,44.6397,CYAW 161540Z 14003KT 15SM -SN FEW010 BKN025 OVC038 M04/M07 A2991 RMK SF1SC7SC1 DA-2108FT PCPN VRY LGT VIS LWR S SLP130
CYAW,2020-01-16 16:00,-63.4994,44.6397,CYAW 161600Z 15002KT 6SM -SN OVC025 M04/M07 A2989 RMK SC8 DA-2071FT SLP125
CYAW,2020-01-16 16:19,-63.4994,44.6397,CYAW 161619Z 13002KT 2 1/2SM -SN OVC020 M04/M06 A2988 RMK SN4SC4 DA-2059FT SLP122
CYAW,2020-01-16 16:46,-63.4994,44.6397,CYAW 161646Z 09003KT 1SM -SN OVC010 M04/M06 A2986 RMK SN6SC2 DA-2059FT SLP115
CYAW,2020-01-16 17:00,-63.4994,44.6397,CYAW 161700Z 07003KT 1SM -SN OVC009 M04/M05 A2985 RMK SN7SF1 DA-2032FT SLP110
CYAW,2020-01-16 17:23,-63.4994,44.6397,CYAW 161723Z 07004KT 3/4SM -SN VV001 M04/M05 A2982 RMK SN8 DA-2009FT PRESFR SLP102
CYAW,2020-01-16 18:00,-63.4994,44.6397,CYAW 161800Z 05006KT 3/4SM -SN VV007 M04/M05 A2981 RMK SN8 DA-2011FT /S01/ SLP097
CYAW,2020-01-16 18:36,-63.4994,44.6397,CYAW 161836Z 05004KT 1/2SM SN VV005 M04/M04 A2979 RMK SN8 DA-1959FT SLP091
CYAW,2020-01-16 19:00,-63.4994,44.6397,CYAW 161900Z 06004KT 1/2SM SN VV005 M04/M04 A2977 RMK SN8 DA-1948FT SLP085
CYAW,2020-01-16 20:00,-63.4994,44.6397,CYAW 162000Z 07007KT 1/2SM SN VV005 M04/M04 A2972 RMK SN8 DA-1890FT LAST OBS/NXT 170900 UTC /S01/ SLP067
CYAW,2020-01-17 09:00,-63.4994,44.6397,CYAW 170900Z 33022G32KT 2 1/2SM -SN BLSN OVC020 M05/M07 A2958 RMK SN4SC4 DA-1918FT FST OBS SLP019
CYAW,2020-01-17 09:40,-63.4994,44.6397,CYAW 170940Z 34025G35KT 1/4SM SN +BLSN VV003 M05/M07 A2961 RMK SN8 DA-1940FT SLP031
CYAW,2020-01-17 09:52,-63.4994,44.6397,CYAW 170952Z 35020G31KT 2SM -SN BLSN OVC020 M06/M07 A2963 RMK SN4SC4 DA-1989FT SLP036
CYAW,2020-01-17 10:00,-63.4994,44.6397,CYAW 171000Z 34025G33KT 2 1/2SM -SN BLSN OVC020 M06/M08 A2964 RMK SN4SC4 DA-2003FT PRESRR SLP041
CYAW,2020-01-17 10:35,-63.4994,44.6397,CYAW 171035Z 34022G35KT 3SM -SHSN BLSN OVC020 M06/M08 A2966 RMK SN2SC6 DA-2094FT SLP048
CYAW,2020-01-17 11:00,-63.4994,44.6397,CYAW 171100Z 34029G40KT 4SM -SHSN BLSN BKN020 BKN045 M06/M09 A2969 RMK SC5SC2 DA-2184FT SLP056
CYAW,2020-01-17 11:27,-63.4994,44.6397,CYAW 171127Z 33026G42KT 1SM -SHSN BLSN OVC020 M07/M09 A2971 RMK SN6SC2 DA-2273FT SLP062
CYAW,2020-01-17 11:49,-63.4994,44.6397,CYAW 171149Z 34027G42KT 2SM -SHSN BLSN OVC020 M08/M11 A2972 RMK SN4SC4 DA-2367FT VIS VRB 1-3 SLP067
CYAW,2020-01-17 12:00,-63.4994,44.6397,CYAW 171200Z 34025G43KT 6SM -SHSN BLSN BKN020 OVC036 M08/M12 A2974 RMK SC5SC3 DA-2406FT SLP073
CYAW,2020-01-17 13:00,-63.4994,44.6397,CYAW 171300Z 34025G38KT 9SM -SHSN DRSN SCT023 OVC035 M08/M12 A2978 RMK SC4SC4 DA-2520FT INTMT BLSN SLP087
CYAW,2020-01-17 13:48,-63.4994,44.6397,CYAW 171348Z 33023G39KT 1SM -SHSN DRSN OVC020 M08/M12 A2982 RMK SN6SC2 DA-2565FT INTMT BLSN SLP100
CYAW,2020-01-17 14:00,-63.4994,44.6397,CYAW 171400Z 34031G41KT 2 1/2SM -SHSN BLSN OVC024 M09/M12 A2982 RMK SN5SC3 DA-2644FT SLP101
CYAW,2020-01-17 14:24,-63.4994,44.6397,CYAW 171424Z 33034G40KT 6SM -SHSN BLSN SCT025 BKN035 M09/M13 A2983 RMK CU4SC3 DA-2645FT PCPN VRY LGT SLP105
CYAW,2020-01-17 15:00,-63.4994,44.6397,CYAW 171500Z 33034G43KT 6SM -SHSN BLSN SCT025 OVC038 M09/M13 A2985 RMK SC3SC5 DA-2682FT PCPN VRY LGT SLP113
CYAW,2020-01-17 16:00,-63.4994,44.6397,CYAW 171600Z 34030G39KT 6SM -SHSN BLSN BKN031 BKN040 M10/M15 A2989 RMK SC6SC2 DA-2864FT VIS LWR NW PCPN VRY LGT SLP124
CYAW,2020-01-17 16:40,-63.4994,44.6397,CYAW 171640Z 34030G39KT 15SM DRSN BKN032 BKN040 M10/M15 A2990 RMK SC5SC2 DA-2851FT SLP130
CYAW,2020-01-17 17:00,-63.4994,44.6397,CYAW 171700Z 33026G43KT 15SM DRSN BKN031 BKN038 M10/M15 A2991 RMK SC5SC2 DA-2902FT VIS LWR NW SLP133
CYAW,2020-01-17 18:00,-63.4994,44.6397,CYAW 171800Z 32020G39KT 2SM -SHSN BLSN BKN037 M10/M16 A2994 RMK SC6 DA-3019FT VIS VRB 1 1/2-2 1/2 SLP141
CYAW,2020-01-17 18:40,-63.4994,44.6397,CYAW 171840Z 34027G38KT 8SM DRSN BKN032 BKN042 M11/M17 A2995 RMK SC5SC1 DA-3059FT SLP144
CYAW,2020-01-17 18:55,-63.4994,44.6397,CYAW 171855Z 33022G40KT 3SM -SHSN BLSN BKN032 BKN042 M11/M16 A2996 RMK SC5SC1 DA-3121FT VIS VRB 2 1/4-4 SLP148
CYAW,2020-01-17 19:00,-63.4994,44.6397,CYAW 171900Z 32024G33KT 3SM -SHSN BLSN BKN032 M11/M14 A2996 RMK SC6 DA-3131FT VIS VRB 2 1/4-4 SLP150
CYAW,2020-01-17 19:13,-63.4994,44.6397,CYAW 171913Z 33027G34KT 1SM -SHSN BLSN OVC032 M12/M15 A2998 RMK SC8 DA-3223FT PRESRR SLP155
CYAW,2020-01-17 19:28,-63.4994,44.6397,CYAW 171928Z 34024G38KT 6SM -SHSN BLSN BKN039 M12/M16 A2999 RMK SC6 DA-3251FT VIS LWR NW PRESRR SLP160
CYAW,2020-01-17 20:00,-63.4994,44.6397,CYAW 172000Z 32029G44KT 6SM -SHSN BLSN BKN034 M12/M17 A3000 RMK SC6 DA-3317FT VIS LWR NW PCPN VRY LGT SLP162
CYAW,2020-01-17 20:06,-63.4994,44.6397,CYAW 172006Z 33027G34KT 2 1/2SM -SHSN BLSN BKN034 M12/M16 A3001 RMK SC7 DA-3367FT VIS VRB 1 3/4-4 PRESRR SLP167
CYAW,2020-01-17 20:40,-63.4994,44.6397,CYAW 172040Z 32022G29KT 8SM -SHSN DRSN BKN035 M13/M17 A3004 RMK SC6 DA-3431FT PCPN VRY LGT SLP175
CYAW,2020-01-17 21:00,-63.4994,44.6397,CYAW 172100Z 33025G37KT 10SM -SHSN DRSN BKN036 M13/M18 A3005 RMK SC5 DA-3484FT PCPN VRY LGT SLP179
CYAW,2020-01-17 22:00,-63.4994,44.6397,CYAW 172200Z 32022G31KT 10SM -SHSN DRSN BKN036 M13/M17 A3009 RMK SC5 DA-3584FT VIS LWR NW PCPN VRY LGT SLP194
CYAW,2020-01-17 22:12,-63.4994,44.6397,CYAW 172212Z 33028G35KT 10SM -SHSN DRSN BKN039 M13/M18 A3010 RMK SC6 DA-3596FT LAST OBS/NXT 200900 UTC SLP195
CYAW,2020-01-20 09:00,-63.4994,44.6397,CYAW 200900Z 34012KT 10SM BKN016 OVC028 M03/M04 A2969 RMK SC6SC2 DA-1661FT FST OBS SLP055
CYAW,2020-01-20 10:00,-63.4994,44.6397,CYAW 201000Z 35011G19KT 15SM BKN022 BKN092 M04/M06 A2972 RMK SC5AC2 DA-1832FT SLP067
CYAW,2020-01-20 11:00,-63.4994,44.6397,CYAW 201100Z 36012KT 15SM BKN024 M04/M06 A2977 RMK SC7 DA-1905FT SLP083
CYAW,2020-01-20 11:40,-63.4994,44.6397,CYAW 201140Z 36009G18KT 15SM SCT027 BKN100 M04/M06 A2979 RMK SC3AC4 DA-1955FT SLP091
CYAW,2020-01-20 12:00,-63.4994,44.6397,CYAW 201200Z 36010G17KT 15SM FEW027 BKN098 M04/M07 A2981 RMK SC2AC5 DA-1980FT SLP097
CYAW,2020-01-20 13:00,-63.4994,44.6397,CYAW 201300Z 34009KT 15SM SCT031 OVC100 M04/M06 A2984 RMK SC4AC4 DA-2025FT SLP108
CYAW,2020-01-20 14:00,-63.4994,44.6397,CYAW 201400Z 35011KT 15SM FEW040 OVC100 M04/M06 A2987 RMK SC2AC6 DA-2009FT SLP118
CYAW,2020-01-20 15:00,-63.4994,44.6397,CYAW 201500Z 35009G16KT 15SM FEW030 OVC100 M03/M07 A2989 RMK SC2AC6 DA-2020FT SLP126
CYAW,2020-01-20 15:44,-63.4994,44.6397,CYAW 201544Z 35008G15KT 15SM -SHSN SCT023 OVC031 M03/M07 A2990 RMK SC4SC4 DA-2007FT PCPN VRY LGT SLP128
CYAW,2020-01-20 16:00,-63.4994,44.6397,CYAW 201600Z 35008KT 15SM -SHSN SCT020 OVC033 M03/M07 A2990 RMK SC4SC4 DA-1967FT SLP129
CYAW,2020-01-20 17:00,-63.4994,44.6397,CYAW 201700Z 34008KT 15SM -SHSN OVC026 M03/M07 A2991 RMK SC8 DA-2019FT PCPN VRY LGT SLP132
CYAW,2020-01-20 17:52,-63.4994,44.6397,CYAW 201752Z 32010KT 15SM -SHSN OVC021 M03/M07 A2991 RMK SC8 DA-2019FT PCPN VRY LGT SLP131
CYAW,2020-01-20 18:00,-63.4994,44.6397,CYAW 201800Z 32011KT 15SM -SHSN OVC018 M03/M07 A2991 RMK SC8 DA-2018FT PCPN VRY LGT SLP131
CYAW,2020-01-20 19:00,-63.4994,44.6397,CYAW 201900Z 34008KT 15SM -SHSN BKN018 OVC024 M04/M06 A2993 RMK SC6SC2 DA-2079FT PCPN VRY LGT SLP138
CYAW,2020-01-20 20:00,-63.4994,44.6397,CYAW 202000Z 32008KT 15SM -SHSN BKN023 M04/M07 A2995 RMK SC7 DA-2118FT PCPN VRY LGT SLP144
CYAW,2020-01-20 20:31,-63.4994,44.6397,CYAW 202031Z 32010KT 15SM -SHSN OVC024 M04/M08 A2996 RMK SC8 DA-2145FT LAST OBS/NEXT 210900 UTC SLP147
CYAW,2020-01-21 09:00,-63.4994,44.6397,CYAW 210900Z 27002KT 15SM BKN027 M12/M14 A3017 RMK SC5 DA-3495FT FST OBS SLP220
CYAW,2020-01-21 10:00,-63.4994,44.6397,CYAW 211000Z 33005KT 15SM BKN029 M13/M14 A3020 RMK SC6 DA-3679FT SLP229
CYAW,2020-01-21 11:00,-63.4994,44.6397,CYAW 211100Z 33008KT 15SM SCT030 M12/M15 A3023 RMK SC4 DA-3607FT SLP239
CYAW,2020-01-21 12:00,-63.4994,44.6397,CYAW 211200Z 34006KT 15SM FEW030 M14/M16 A3026 RMK SC2 DA-3832FT SLP252
CYAW,2020-01-21 13:00,-63.4994,44.6397,CYAW 211300Z 35008KT 15SM FEW030 M13/M17 A3029 RMK SC2 DA-3761FT SLP262
CYAW,2020-01-21 14:00,-63.4994,44.6397,CYAW 211400Z 33012KT 15SM FEW030 FEW250 M12/M17 A3032 RMK SC1CI1 DA-3715FT SLP270
CYAW,2020-01-21 15:00,-63.4994,44.6397,CYAW 211500Z 30008KT 15SM FEW030 M11/M16 A3033 RMK SC1 DA-3578FT SLP274
CYAW,2020-01-21 16:00,-63.4994,44.6397,CYAW 211600Z 31009KT 15SM FEW030 M11/M16 A3032 RMK SC1 DA-3473FT SLP272
CYAW,2020-01-21 17:00,-63.4994,44.6397,CYAW 211700Z 32010KT 15SM FEW025 M10/M16 A3031 RMK SC1 DA-3381FT SLP269
CYAW,2020-01-21 18:00,-63.4994,44.6397,CYAW 211800Z 33008KT 15SM FEW025 M10/M16 A3031 RMK SC1 DA-3328FT SLP268
CYAW,2020-01-21 19:00,-63.4994,44.6397,CYAW 211900Z 32005KT 15SM FEW025 FEW250 M09/M16 A3032 RMK SC1CI1 DA-3273FT SLP271
CYAW,2020-01-21 20:00,-63.4994,44.6397,CYAW 212000Z 32005KT 15SM FEW025 M09/M15 A3033 RMK SC1 DA-3323FT SLP276
CYAW,2020-01-21 21:00,-63.4994,44.6397,CYAW 212100Z 34005KT 15SM FEW025 M11/M16 A3035 RMK SC1 DA-3507FT SLP283
CYAW,2020-01-21 22:00,-63.4994,44.6397,CYAW 212200Z 36003KT 15SM FEW025 M12/M16 A3037 RMK SC1 DA-3718FT SLP289
CYAW,2020-01-21 23:00,-63.4994,44.6397,CYAW 212300Z 36003KT 15SM SKC M14/M16 A3039 RMK DA-3998FT SLP294
CYAW,2020-01-22 00:00,-63.4994,44.6397,CYAW 220000Z 01003KT 15SM SKC M14/M16 A3039 RMK DA-4066FT SLP297
CYAW,2020-01-22 00:19,-63.4994,44.6397,CYAW 220019Z 35004KT 15SM SKC M15/M17 A3039 RMK DA-4162FT LAST OBS/NXT 220900 UTC SLP297
CYAW,2020-01-22 09:00,-63.4994,44.6397,CYAW 220900Z 36004KT 15SM FEW110 M16/M18 A3040 RMK AC2 DA-4353FT FST OBS SLP299
CYAW,2020-01-22 10:00,-63.4994,44.6397,CYAW 221000Z 01003KT 15SM SCT170 M16/M17 A3041 RMK AC4 DA-4336FT SLP302
CYAW,2020-01-22 11:00,-63.4994,44.6397,CYAW 221100Z 36003KT 15SM FEW140 M17/M19 A3043 RMK AC2 DA-4471FT SLP309
CYAW,2020-01-22 12:00,-63.4994,44.6397,CYAW 221200Z 36004KT 15SM SCT120 M17/M19 A3044 RMK AC3 DA-4524FT SLP312
CYAW,2020-01-22 13:00,-63.4994,44.6397,CYAW 221300Z 34004KT 15SM FEW015 FEW120 M16/M17 A3046 RMK SC1AC2 DA-4312FT SLP319
CYAW,2020-01-22 14:00,-63.4994,44.6397,CYAW 221400Z 36002KT 15SM FEW015 FEW120 M10/M14 A3046 RMK SC1AC2 DA-3550FT SLP321
CYAW,2020-01-22 15:00,-63.4994,44.6397,CYAW 221500Z 36002KT 15SM FEW015 BKN120 M07/M11 A3047 RMK SC1AC6 DA-3133FT SLP321
CYAW,2020-01-22 16:00,-63.4994,44.6397,CYAW 221600Z 16003KT 15SM FEW030 BKN110 BKN250 M05/M11 A3044 RMK SC1AC6CI1 DA-2901FT SLP312
CYAW,2020-01-22 17:00,-63.4994,44.6397,CYAW 221700Z 00000KT 15SM FEW030 BKN140 BKN250 M04/M10 A3043 RMK SC1AC5CI1 DA-2744FT SLP307
CYAW,2020-01-22 18:00,-63.4994,44.6397,CYAW 221800Z 00000KT 15SM FEW040 FEW140 M04/M09 A3041 RMK CU1AC2 DA-2707FT SLP302
CYAW,2020-01-22 19:00,-63.4994,44.6397,CYAW 221900Z 18004KT 15SM FEW040 FEW140 M04/M09 A3041 RMK CU1AC1 DA-2680FT SLP302
CYAW,2020-01-22 20:00,-63.4994,44.6397,CYAW 222000Z 16006KT 15SM FEW030 M04/M09 A3041 RMK CU1 DA-2759FT SLP303
CYAW,2020-01-22 21:00,-63.4994,44.6397,CYAW 222100Z 15003KT 15SM FEW025 FEW250 M05/M10 A3042 RMK SC1CI1 DA-2889FT SLP304
CYAW,2020-01-22 22:00,-63.4994,44.6397,CYAW 222200Z 16004KT 15SM FEW100 FEW250 M07/M10 A3044 RMK AC1CI1 DA-3095FT SLP313
CYAW,2020-01-22 23:00,-63.4994,44.6397,CYAW 222300Z 19004KT 15SM FEW028 M06/M10 A3046 RMK SC1 DA-3051FT SLP317
CYAW,2020-01-23 00:00,-63.4994,44.6397,CYAW 230000Z 18004KT 15SM FEW250 M08/M11 A3045 RMK CI1 DA-3305FT LAST OBS/NEXT 230900 UTC SLP315
CYAW,2020-01-23 09:00,-63.4994,44.6397,CYAW 230900Z 23003KT 15SM BKN032 M04/M06 A3037 RMK SC5 DA-2688FT FST OBS SLP288
CYAW,2020-01-23 10:00,-63.4994,44.6397,CYAW 231000Z 21004KT 15SM OVC026 M05/M05 A3036 RMK SC8 DA-2713FT SLP283
CYAW,2020-01-23 11:00,-63.4994,44.6397,CYAW 231100Z 22006KT 15SM BKN027 M02/M04 A3035 RMK SC7 DA-2375FT SLP281
CYAW,2020-01-23 12:00,-63.4994,44.6397,CYAW 231200Z 20006KT 15SM BKN026 M02/M04 A3036 RMK SC7 DA-2321FT SLP285
CYAW,2020-01-23 12:18,-63.4994,44.6397,CYAW 231218Z 20006KT 15SM BKN021 M02/M04 A3036 RMK SC7 DA-2308FT SLP284
CYAW,2020-01-23 13:00,-63.4994,44.6397,CYAW 231300Z 19006KT 15SM BKN021 M01/M04 A3037 RMK SC7 DA-2229FT SLP286
CYAW,2020-01-23 14:00,-63.4994,44.6397,CYAW 231400Z 21008KT 15SM BKN018 00/M03 A3036 RMK SC7 DA-2060FT SLP285
CYAW,2020-01-23 15:00,-63.4994,44.6397,CYAW 231500Z 21011G16KT 15SM OVC018 01/M02 A3036 RMK SC8 DA-1981FT SLP284
CYAW,2020-01-23 16:00,-63.4994,44.6397,CYAW 231600Z 24011G18KT 15SM OVC017 01/M02 A3035 RMK SC8 DA-1905FT SLP280
CYAW,2020-01-23 17:00,-63.4994,44.6397,CYAW 231700Z 20015KT 15SM OVC016 02/M01 A3031 RMK SC8 DA-1805FT SLP268
CYAW,2020-01-23 18:00,-63.4994,44.6397,CYAW 231800Z 21010G16KT 15SM BKN016 02/M00 A3028 RMK SC7 DA-1703FT SLP257
CYAW,2020-01-23 18:36,-63.4994,44.6397,CYAW 231836Z 22012G17KT 12SM SCT016 SCT250 03/M00 A3026 RMK SC3CI1 DA-1618FT SLP249
CYAW,2020-01-23 19:00,-63.4994,44.6397,CYAW 231900Z 23015KT 15SM FEW017 FEW250 03/M00 A3026 RMK SC1CI1 DA-1594FT SLP250
CYAW,2020-01-23 20:00,-63.4994,44.6397,CYAW 232000Z 22011G17KT 15SM FEW250 03/00 A3024 RMK CI1 DA-1556FT SLP245
CYAW,2020-01-23 21:00,-63.4994,44.6397,CYAW 232100Z 23007KT 15SM FEW250 02/00 A3025 RMK CI1 DA-1691FT SLP246
CYAW,2020-01-23 22:00,-63.4994,44.6397,CYAW 232200Z 22008KT 15SM FEW250 01/00 A3026 RMK CI1 DA-1815FT SLP250
CYAW,2020-01-23 23:00,-63.4994,44.6397,CYAW 232300Z 23007KT 15SM SKC 01/00 A3028 RMK DA-1890FT SLP256
CYAW,2020-01-23 23:29,-63.4994,44.6397,CYAW 232329Z 23009KT 15SM SKC 01/00 A3028 RMK DA-1904FT LAST OBS/NXT 241000 UTC SLP258
CYAW,2020-01-24 10:00,-63.4994,44.6397,CYAW 241000Z 30003KT 12SM FEW180 BKN250 M04/M04 A3037 RMK AS1CI4 DA-2629FT FST OBS VIS LWR S SLP288
CYAW,2020-01-24 11:00,-63.4994,44.6397,CYAW 241100Z 34003KT 12SM MIFG BKN180 M05/M05 A3040 RMK AS6 DA-2810FT SLP296
CYAW,2020-01-24 12:00,-63.4994,44.6397,CYAW 241200Z 33003KT 15SM FEW160 BKN210 M04/M04 A3042 RMK AC1CS6 DA-2659FT SLP304
CYAW,2020-01-24 13:00,-63.4994,44.6397,CYAW 241300Z 34006KT 15SM FEW120 SCT160 OVC220 M02/M02 A3043 RMK AC1AS3CS5 DA-2403FT SLP309
CYAW,2020-01-24 14:00,-63.4994,44.6397,CYAW 241400Z 35008KT 15SM OVC220 M00/M01 A3046 RMK CS8 DA-2218FT HALO SLP316
CYAW,2020-01-24 15:00,-63.4994,44.6397,CYAW 241500Z 02006KT 15SM FEW120 BKN220 01/M03 A3049 RMK AC1CS7 DA-2145FT HALO SLP326
CYAW,2020-01-24 16:00,-63.4994,44.6397,CYAW 241600Z 01006KT 15SM FEW030 SCT120 BKN250 01/M03 A3048 RMK SC1AC4CI2 DA-2109FT SC TR SLP323
CYAW,2020-01-24 17:00,-63.4994,44.6397,CYAW 241700Z 36004KT 15SM FEW030 FEW120 BKN250 02/M03 A3047 RMK SC1AC2CI4 DA-2010FT SC TR SLP322
CYAW,2020-01-24 18:00,-63.4994,44.6397,CYAW 241800Z 36003KT 15SM FEW030 FEW120 BKN250 02/M03 A3046 RMK SC1AC2CI3 DA-1911FT SLP318
CYAW,2020-01-24 19:00,-63.4994,44.6397,CYAW 241900Z 00000KT 15SM FEW030 FEW120 BKN250 03/M04 A3046 RMK SC1AC1CI5 DA-1788FT LAST OBS/NXT 270900 UTC SLP319
CYAW,2020-01-27 09:00,-63.4994,44.6397,CYAW 270900Z 23007KT 15SM FEW006 BKN018 02/02 A2950 RMK SF1SC6 DA-811FT FST OBS SLP991
CYAW,2020-01-27 09:45,-63.4994,44.6397,CYAW 270945Z 23007KT 15SM FEW006 FEW018 02/02 A2949 RMK SF1SC1 DA-866FT SLP987
CYAW,2020-01-27 10:00,-63.4994,44.6397,CYAW 271000Z 23007KT 15SM FEW007 FEW018 02/02 A2949 RMK SF1SC1 DA-879FT SLP987
CYAW,2020-01-27 11:00,-63.4994,44.6397,CYAW 271100Z 23009KT 15SM FEW006 01/01 A2949 RMK SF1 DA-905FT SLP990
CYAW,2020-01-27 12:00,-63.4994,44.6397,CYAW 271200Z 23008KT 15SM FEW007 01/01 A2950 RMK SF1 DA-917FT SLP992
CYAW,2020-01-27 12:33,-63.4994,44.6397,CYAW 271233Z 23008KT 12SM BKN006 01/01 A2951 RMK SF7 DA-915FT SLP994
CYAW,2020-01-27 12:46,-63.4994,44.6397,CYAW 271246Z 24007G15KT 12SM OVC004 02/02 A2951 RMK SF8 DA-889FT SLP994
CYAW,2020-01-27 13:00,-63.4994,44.6397,CYAW 271300Z 25009KT 12SM OVC005 02/02 A2951 RMK SF8 DA-889FT SLP995
CYAW,2020-01-27 14:00,-63.4994,44.6397,CYAW 271400Z 23009KT 12SM SCT007 BKN011 02/02 A2951 RMK SF3SC2 DA-826FT SLP995
CYAW,2020-01-27 14:43,-63.4994,44.6397,CYAW 271443Z 23011KT 12SM BKN013 03/02 A2951 RMK SC5 DA-674FT SLP996
CYAW,2020-01-27 15:00,-63.4994,44.6397,CYAW 271500Z 24010KT 12SM BKN013 03/02 A2950 RMK SC6 DA-650FT SLP992
CYAW,2020-01-27 16:00,-63.4994,44.6397,CYAW 271600Z 24010KT 15SM FEW014 SCT025 BKN210 05/02 A2949 RMK CF1SC3CC2 DA-429FT CUFRA TR SLP987
CYAW,2020-01-27 17:00,-63.4994,44.6397,CYAW 271700Z 23013KT 15SM BKN027 BKN220 04/02 A2946 RMK SC6CC1 DA-483FT SLP980
CYAW,2020-01-27 18:00,-63.4994,44.6397,CYAW 271800Z 22010KT 15SM FEW021 SCT035 BKN220 05/02 A2944 RMK CF1SC4CC3 DA-395FT CUFRA TR SLP973
CYAW,2020-01-27 19:00,-63.4994,44.6397,CYAW 271900Z 21009KT 15SM FEW035 BKN070 04/02 A2943 RMK SC2AC5 DA-469FT SLP969
CYAW,2020-01-27 20:00,-63.4994,44.6397,CYAW 272000Z 21007KT 15SM FEW045 SCT130 BKN250 04/02 A2943 RMK SC2AC2CI3 DA-482FT SLP967
CYAW,2020-01-27 21:00,-63.4994,44.6397,CYAW 272100Z 21007KT 15SM FEW045 BKN130 BKN250 03/02 A2944 RMK SC2AC3CI1 DA-595FT SLP970
CYAW,2020-01-27 22:00,-63.4994,44.6397,CYAW 272200Z 23006KT 15SM BKN047 BKN130 03/02 A2945 RMK SC6AC1 DA-657FT SLP974
CYAW,2020-01-27 23:00,-63.4994,44.6397,CYAW 272300Z 22005KT 15SM FEW020 BKN049 02/02 A2946 RMK SC2SC5 DA-729FT SLP977
CYAW,2020-01-27 23:26,-63.4994,44.6397,CYAW 272326Z 24005KT 12SM -SHRA BKN025 BKN050 02/02 A2946 RMK SC5SC2 DA-729FT SLP979
CYAW,2020-01-27 23:43,-63.4994,44.6397,CYAW 272343Z 24005KT 15SM FEW011 BKN025 OVC050 02/02 A2946 RMK SF1SC5SC3 DA-729FT SLP980
CYAW,2020-01-28 00:00,-63.4994,44.6397,CYAW 280000Z 24003KT 15SM SCT025 OVC033 02/02 A2946 RMK SC4SC4 DA-729FT LAST OBS/NEXT 280900 UTC SLP979
CYAW,2020-01-28 09:00,-63.4994,44.6397,CYAW 280900Z 33010G15KT 15SM -SHSN FEW011 BKN036 OVC090 M00/M02 A2945 RMK SF1SC4AC3 DA-1089FT PCPN VRY LGT FST OBS SLP975
CYAW,2020-01-28 10:00,-63.4994,44.6397,CYAW 281000Z 33009G15KT 15SM -SHSN SCT014 BKN036 OVC085 M01/M03 A2947 RMK SC4SC2AC2 DA-1232FT PCPN VRY LGT SLP983
CYAW,2020-01-28 10:20,-63.4994,44.6397,CYAW 281020Z 33009G15KT 15SM OVC015 M01/M03 A2948 RMK SC8 DA-1259FT SLP986
CYAW,2020-01-28 11:00,-63.4994,44.6397,CYAW 281100Z 33011KT 15SM OVC015 M02/M03 A2949 RMK SC8 DA-1296FT SLP989
CYAW,2020-01-28 11:50,-63.4994,44.6397,CYAW 281150Z 34011G17KT 12SM -SHSN OVC015 M02/M04 A2951 RMK SC8 DA-1372FT PCPN VRY LGT SLP995
CYAW,2020-01-28 12:00,-63.4994,44.6397,CYAW 281200Z 33012KT 15SM -SHSN OVC015 M02/M04 A2951 RMK SC8 DA-1385FT PCPN VRY LGT SLP996
CYAW,2020-01-28 12:38,-63.4994,44.6397,CYAW 281238Z 33014KT 15SM BKN015 OVC080 M03/M04 A2953 RMK SC6AC2 DA-1475FT SLP001
CYAW,2020-01-28 13:00,-63.4994,44.6397,CYAW 281300Z 32015KT 15SM BKN014 BKN085 M03/M04 A2953 RMK SC6AC1 DA-1475FT SLP003
CYAW,2020-01-28 14:00,-63.4994,44.6397,CYAW 281400Z 33013G20KT 15SM OVC012 M03/M05 A2955 RMK SC8 DA-1577FT VIRGA SE OVR OCN SLP008
CYAW,2020-01-28 14:46,-63.4994,44.6397,CYAW 281446Z 33014KT 15SM BKN017 OVC090 M03/M06 A2956 RMK SC7AC1 DA-1554FT SLP012
CYAW,2020-01-28 15:00,-63.4994,44.6397,CYAW 281500Z 33009G18KT 15SM BKN018 OVC090 M03/M06 A2956 RMK SC6AC2 DA-1529FT SLP012
CYAW,2020-01-28 16:00,-63.4994,44.6397,CYAW 281600Z 31015KT 15SM BKN018 OVC090 M03/M06 A2955 RMK SC7AC1 DA-1517FT SLP010
CYAW,2020-01-28 17:00,-63.4994,44.6397,CYAW 281700Z 33014KT 15SM OVC016 M03/M06 A2955 RMK SC8 DA-1570FT SLP007
CYAW,2020-01-28 18:00,-63.4994,44.6397,CYAW 281800Z 32013G20KT 15SM OVC018 M03/M06 A2954 RMK SC8 DA-1546FT SLP004
CYAW,2020-01-28 19:00,-63.4994,44.6397,CYAW 281900Z 33015G20KT 15SM OVC020 M03/M07 A2955 RMK SC8 DA-1599FT SLP007
CYAW,2020-01-28 20:00,-63.4994,44.6397,CYAW 282000Z 32015G26KT 15SM OVC019 M03/M07 A2955 RMK SC8 DA-1597FT SLP009
CYAW,2020-01-28 21:00,-63.4994,44.6397,CYAW 282100Z 32021G28KT 15SM OVC018 M03/M06 A2957 RMK SC8 DA-1646FT SLP015
CYAW,2020-01-28 22:00,-63.4994,44.6397,CYAW 282200Z 31016KT 15SM OVC017 M03/M06 A2957 RMK SC8 DA-1644FT SLP017
CYAW,2020-01-28 22:32,-63.4994,44.6397,CYAW 282232Z 32018G24KT 12SM -SHSN OVC015 M04/M06 A2958 RMK SC8 DA-1668FT VIS LWR S SLP020
CYAW,2020-01-28 22:41,-63.4994,44.6397,CYAW 282241Z 32015G21KT 15SM OVC015 M03/M06 A2958 RMK SC8 DA-1642FT SLP019
CYAW,2020-01-28 23:00,-63.4994,44.6397,CYAW 282300Z 32018G24KT 15SM OVC014 M03/M06 A2959 RMK SC8 DA-1666FT SLP022
CYAW,2020-01-29 00:00,-63.4994,44.6397,CYAW 290000Z 32017KT 15SM OVC013 M03/M05 A2959 RMK SC8 DA-1652FT LAST OBS/NEXT 290900 UTC SLP023
CYAW,2020-01-29 09:00,-63.4994,44.6397,CYAW 290900Z 35011G20KT 15SM OVC015 M03/M05 A2969 RMK SC8 DA-1705FT FST OBS SLP057
CYAW,2020-01-29 10:00,-63.4994,44.6397,CYAW 291000Z 34011G16KT 15SM OVC015 M03/M06 A2971 RMK SC8 DA-1807FT SLP063
CYAW,2020-01-29 10:42,-63.4994,44.6397,CYAW 291042Z 32009KT 15SM SCT015 BKN033 M04/M06 A2971 RMK SC3SC4 DA-1833FT SLP065
CYAW,2020-01-29 11:00,-63.4994,44.6397,CYAW 291100Z 32010KT 15SM FEW015 SCT036 BKN080 M04/M06 A2972 RMK SC2SC2AC3 DA-1858FT SLP066
CYAW,2020-01-29 12:00,-63.4994,44.6397,CYAW 291200Z 33008G15KT 15SM FEW015 BKN033 BKN076 M04/M06 A2974 RMK SC1SC6AC1 DA-1909FT SLP073
CYAW,2020-01-29 13:00,-63.4994,44.6397,CYAW 291300Z CCA 32013KT 15SM FEW010 BKN032 BKN076 M04/M06 A2974 RMK SC1SC6AC1 DA-1921FT SLP075
CYAW,2020-01-29 14:00,-63.4994,44.6397,CYAW 291400Z 32011KT 15SM BKN012 OVC075 M04/M05 A2975 RMK SC7AC1 DA-1891FT SLP078
CYAW,2020-01-29 14:54,-63.4994,44.6397,CYAW 291454Z 32013KT 15SM OVC018 M04/M07 A2976 RMK SC8 DA-1881FT SLP081
CYAW,2020-01-29 15:00,-63.4994,44.6397,CYAW 291500Z 32012KT 15SM OVC018 M04/M07 A2976 RMK SC8 DA-1895FT SLP081
CYAW,2020-01-29 16:00,-63.4994,44.6397,CYAW 291600Z 32013KT 15SM OVC016 M03/M06 A2974 RMK SC8 DA-1844FT VIS LWR N SLP074
CYAW,2020-01-29 16:16,-63.4994,44.6397,CYAW 291616Z 31011KT 15SM -SHSN OVC017 M03/M06 A2973 RMK SC8 DA-1820FT PCPN VRY LGT SLP071
CYAW,2020-01-29 16:34,-63.4994,44.6397,CYAW 291634Z 33014G19KT 15SM OVC021 M03/M07 A2973 RMK SC8 DA-1796FT SLP069
CYAW,2020-01-29 17:00,-63.4994,44.6397,CYAW 291700Z 33014KT 15SM OVC021 M03/M07 A2973 RMK SC8 DA-1784FT SLP069
CYAW,2020-01-29 17:27,-63.4994,44.6397,CYAW 291727Z 32015KT 15SM BKN025 M03/M08 A2972 RMK SC7 DA-1777FT SLP068
CYAW,2020-01-29 18:00,-63.4994,44.6397,CYAW 291800Z 33015G22KT 15SM BKN030 M03/M09 A2973 RMK SC6 DA-1727FT SLP069
CYAW,2020-01-29 19:00,-63.4994,44.6397,CYAW 291900Z 32016KT 15SM BKN032 M03/M10 A2974 RMK SC5 DA-1780FT SLP074
CYAW,2020-01-29 19:36,-63.4994,44.6397,CYAW 291936Z 34017G26KT 15SM -SHSN BKN033 M05/M11 A2977 RMK SC6 DA-2075FT SLP083
CYAW,2020-01-29 20:00,-63.4994,44.6397,CYAW 292000Z 34012G20KT 15SM -SHSN BKN033 M06/M12 A2978 RMK SC7 DA-2179FT PCPN VRY LGT SLP086
CYAW,2020-01-29 20:28,-63.4994,44.6397,CYAW 292028Z 34016G22KT 15SM BKN035 M06/M12 A2979 RMK SC7 DA-2282FT SLP090
CYAW,2020-01-29 21:00,-63.4994,44.6397,CYAW 292100Z 35016G24KT 12SM -SHSN FEW020 BKN037 M07/M11 A2981 RMK SC2SC5 DA-2420FT VIS LWR SE SLP096
CYAW,2020-01-29 21:22,-63.4994,44.6397,CYAW 292122Z 33016KT 15SM OVC039 M07/M13 A2981 RMK SC8 DA-2438FT SLP099
CYAW,2020-01-29 22:00,-63.4994,44.6397,CYAW 292200Z 36015G24KT 15SM OVC028 M08/M13 A2984 RMK SC8 DA-2591FT SLP108
CYAW,2020-01-29 23:00,-63.4994,44.6397,CYAW 292300Z 36021G27KT 15SM BKN040 M10/M16 A2988 RMK SC7 DA-2895FT SLP121
CYAW,2020-01-30 00:00,-63.4994,44.6397,CYAW 300000Z 35012G21KT 15SM BKN051 M10/M16 A2989 RMK SC7 DA-2934FT LAST OBS/NEXT 300900 UTC SLP127
CYAW,2020-01-30 09:00,-63.4994,44.6397,CYAW 300900Z 32027G37KT 15SM BKN026 M09/M13 A2992 RMK SC7 DA-2738FT FST OBS SLP137
CYAW,2020-01-30 10:00,-63.4994,44.6397,CYAW 301000Z 32025G34KT 15SM OVC026 M08/M13 A2994 RMK SC8 DA-2748FT SLP143
CYAW,2020-01-30 11:00,-63.4994,44.6397,CYAW 301100Z 32024G31KT 15SM BKN024 M08/M13 A2998 RMK SC7 DA-2767FT SLP154
CYAW,2020-01-30 12:00,-63.4994,44.6397,CYAW 301200Z 33018G26KT 15SM -SHSN BKN024 M08/M12 A3001 RMK SC7 DA-2774FT PCPN VRY LGT SLP165
CYAW,2020-01-30 13:00,-63.4994,44.6397,CYAW 301300Z 33020G30KT 10SM -SHSN OVC024 M08/M12 A3003 RMK SC8 DA-2757FT SLP174
CYAW,2020-01-30 14:00,-63.4994,44.6397,CYAW 301400Z 34017G25KT 15SM -SHSN OVC024 M07/M12 A3006 RMK SC8 DA-2727FT SLP182
CYAW,2020-01-30 15:00,-63.4994,44.6397,CYAW 301500Z 33021G29KT 15SM -SHSN OVC022 M07/M12 A3007 RMK SC8 DA-2699FT PCPN VRY LGT SLP187
CYAW,2020-01-30 16:00,-63.4994,44.6397,CYAW 301600Z 33020G26KT 15SM -SHSN OVC023 M06/M11 A3008 RMK SC8 DA-2644FT PCPN VRY LGT SLP188
CYAW,2020-01-30 17:00,-63.4994,44.6397,CYAW 301700Z 33016G25KT 15SM -SHSN OVC023 M06/M11 A3008 RMK SC8 DA-2578FT PCPN VRY LGT SLP188
CYAW,2020-01-30 18:00,-63.4994,44.6397,CYAW 301800Z 33020G26KT 15SM -SHSN OVC024 M06/M12 A3008 RMK SC8 DA-2632FT PCPN VRY LGT SLP189
CYAW,2020-01-30 19:00,-63.4994,44.6397,CYAW 301900Z 34017G22KT 15SM -SHSN BKN025 M06/M11 A3009 RMK SC6 DA-2656FT PCPN VRY LGT SLP194
CYAW,2020-01-30 20:00,-63.4994,44.6397,CYAW 302000Z 35014G20KT 15SM -SHSN BKN023 M07/M11 A3012 RMK SC6 DA-2704FT PCPN VRY LGT SLP204
CYAW,2020-01-30 20:18,-63.4994,44.6397,CYAW 302018Z 33017KT 15SM -SHSN BKN024 M07/M11 A3013 RMK SC6 DA-2715FT LAST OBS/NEXT 310900 UTC SLP207
CYAW,2020-01-31 09:00,-63.4994,44.6397,CYAW 310900Z 28009KT 15SM FEW160 M08/M12 A3021 RMK AC2 DA-2939FT FST OBS SLP233
CYAW,2020-01-31 10:00,-63.4994,44.6397,CYAW 311000Z 28009KT 15SM SKC M07/M11 A3021 RMK DA-2847FT SLP232
CYAW,2020-01-31 11:00,-63.4994,44.6397,CYAW 311100Z 29007KT 15SM FEW020 FEW180 FEW250 M07/M11 A3022 RMK SC1AC1CI1 DA-2858FT SLP237
CYAW,2020-01-31 12:00,-63.4994,44.6397,CYAW 311200Z 26007KT 15SM FEW180 FEW250 M06/M11 A3023 RMK AC1CI1 DA-2751FT SLP239
CYAW,2020-01-31 13:00,-63.4994,44.6397,CYAW 311300Z 26008KT 15SM FEW180 FEW250 M04/M09 A3023 RMK AC1CI1 DA-2526FT SLP239
CYAW,2020-01-31 14:00,-63.4994,44.6397,CYAW 311400Z 28012KT 15SM FEW250 M02/M09 A3022 RMK CI1 DA-2230FT SLP237
CYAW,2020-01-31 15:00,-63.4994,44.6397,CYAW 311500Z 28011G18KT 15SM FEW250 M00/M08 A3022 RMK CI1 DA-2011FT SLP235
CYAW,2020-01-31 16:00,-63.4994,44.6397,CYAW 311600Z 29016KT 15SM FEW250 02/M10 A3020 RMK CI2 DA-1715FT SLP230
CYAW,2020-01-31 17:00,-63.4994,44.6397,CYAW 311700Z 28012KT 15SM FEW250 04/M11 A3017 RMK CI1 DA-1447FT SLP220
CYAW,2020-01-31 18:00,-63.4994,44.6397,CYAW 311800Z 29014KT 15SM FEW250 04/M12 A3016 RMK CI1 DA-1387FT SLP215
CYAW,2020-01-31 19:00,-63.4994,44.6397,CYAW 311900Z 29015KT 15SM FEW250 04/M12 A3016 RMK CI1 DA-1387FT SLP214
CYAW,2020-01-31 19:35,-63.4994,44.6397,CYAW 311935Z 29014G20KT 15SM FEW250 04/M11 A3016 RMK CI1 DA-1385FT LAST OBS/NEXT 030900 UTC SLP215
CYAW,2020-02-03 09:00,-63.4994,44.6397,CYAW 030900Z 28010KT 15SM SKC M03/M07 A2939 RMK DA-1425FT FST OBS SLP954
CYAW,2020-02-03 10:00,-63.4994,44.6397,CYAW 031000Z 28016KT 15SM SKC M04/M07 A2941 RMK DA-1474FT SLP960
CYAW,2020-02-03 11:00,-63.4994,44.6397,CYAW 031100Z 28010KT 15SM FEW030 FEW080 M04/M07 A2943 RMK CF1AC1 DA-1574FT CUFRA TR SLP969
CYAW,2020-02-03 12:00,-63.4994,44.6397,CYAW 031200Z 27010KT 15SM FEW030 FEW080 M04/M07 A2946 RMK CF1AC1 DA-1595FT CUFRA TR SLP979
CYAW,2020-02-03 13:00,-63.4994,44.6397,CYAW 031300Z 28011KT 15SM FEW030 FEW080 FEW250 M03/M06 A2948 RMK CF1AC1CI1 DA-1488FT CUFRA TR SLP984
CYAW,2020-02-03 14:00,-63.4994,44.6397,CYAW 031400Z 28011KT 15SM FEW030 FEW080 FEW250 M01/M05 A2949 RMK CF1AC1CI1 DA-1241FT CUFRA TR SLP987
CYAW,2020-02-03 15:00,-63.4994,44.6397,CYAW 031500Z 27013G18KT 15SM FEW030 FEW080 FEW250 01/M05 A2950 RMK CF1AC2CI1 DA-1014FT CUFRA TR SLP991
CYAW,2020-02-03 16:00,-63.4994,44.6397,CYAW 031600Z 28017KT 15SM FEW040 FEW090 02/M05 A2950 RMK CU2AC1 DA-876FT SLP992
CYAW,2020-02-03 17:00,-63.4994,44.6397,CYAW 031700Z 30012G18KT 15SM FEW040 FEW090 02/M05 A2950 RMK CU2AC1 DA-813FT SLP992
CYAW,2020-02-03 18:00,-63.4994,44.6397,CYAW 031800Z 28012G21KT 15SM FEW045 FEW090 02/M05 A2950 RMK CU2AC1 DA-851FT SLP991
CYAW,2020-02-03 19:00,-63.4994,44.6397,CYAW 031900Z 27018KT 15SM FEW045 FEW090 02/M06 A2951 RMK CU1AC1 DA-830FT SLP994
CYAW,2020-02-03 20:00,-63.4994,44.6397,CYAW 032000Z 29014KT 15SM FEW035 FEW100 02/M06 A2953 RMK SC1AC1 DA-876FT SLP003
CYAW,2020-02-03 21:00,-63.4994,44.6397,CYAW 032100Z 27014KT 15SM FEW030 FEW250 01/M06 A2958 RMK SC1CI1 DA-1048FT SLP018
CYAW,2020-02-03 22:00,-63.4994,44.6397,CYAW 032200Z 27015G21KT 15SM FEW030 00/M06 A2961 RMK SC1 DA-1235FT SLP030
CYAW,2020-02-03 23:00,-63.4994,44.6397,CYAW 032300Z 26006KT 15SM FEW030 M01/M06 A2964 RMK SC1 DA-1357FT SLP039
CYAW,2020-02-04 00:00,-63.4994,44.6397,CYAW 040000Z 25009KT 15SM SKC M01/M06 A2967 RMK DA-1403FT LAST OBS/NXT 040900 UTC SLP049
CYAW,2020-02-04 09:00,-63.4994,44.6397,CYAW 040900Z 29006KT 15SM FEW028 M00/M03 A2977 RMK SC1 DA-1470FT FST OBS SLP083
CYAW,2020-02-04 10:00,-63.4994,44.6397,CYAW 041000Z 30008KT 15SM FEW250 M01/M04 A2979 RMK CI2 DA-1534FT SLP089
CYAW,2020-02-04 11:00,-63.4994,44.6397,CYAW 041100Z 29005KT 15SM FEW070 FEW250 M01/M04 A2981 RMK AC1CI2 DA-1636FT SLP099
CYAW,2020-02-04 12:00,-63.4994,44.6397,CYAW 041200Z 28007KT 15SM FEW070 SCT250 M01/M05 A2983 RMK AC1CI4 DA-1636FT SLP105
CYAW,2020-02-04 13:00,-63.4994,44.6397,CYAW 041300Z 29013KT 15SM FEW070 BKN250 00/M04 A2984 RMK AC1CI6 DA-1506FT SLP108
CYAW,2020-02-04 14:00,-63.4994,44.6397,CYAW 041400Z 27012G17KT 15SM FEW070 BKN250 01/M05 A2985 RMK AC1CI7 DA-1420FT SLP110
CYAW,2020-02-04 15:00,-63.4994,44.6397,CYAW 041500Z 30012KT 15SM FEW040 FEW070 BKN250 02/M06 A2984 RMK CF1AC1CI7 DA-1275FT CUFRA TR SLP108
CYAW,2020-02-04 16:00,-63.4994,44.6397,CYAW 041600Z 30009G16KT 15SM FEW040 FEW070 BKN250 03/M06 A2983 RMK CU1AC1CI7 DA-1151FT SLP103
CYAW,2020-02-04 17:00,-63.4994,44.6397,CYAW 041700Z 30010KT 15SM FEW040 FEW080 BKN250 04/M06 A2981 RMK CF1AC1CI6 DA-1014FT CUFRA TR SLP097
CYAW,2020-02-04 18:00,-63.4994,44.6397,CYAW 041800Z 26006KT 15SM FEW040 FEW080 BKN250 05/M06 A2979 RMK CF1AC1CI6 DA-893FT CUFRA TR SLP090
CYAW,2020-02-04 19:00,-63.4994,44.6397,CYAW 041900Z 24006KT 15SM BKN100 BKN250 03/M05 A2978 RMK AC5CI2 DA-1015FT SLP087
CYAW,2020-02-04 20:00,-63.4994,44.6397,CYAW 042000Z 23006KT 15SM BKN098 02/M03 A2978 RMK AC7 DA-1169FT SLP087
CYAW,2020-02-04 21:00,-63.4994,44.6397,CYAW 042100Z 21006KT 15SM OVC100 01/M03 A2978 RMK AC8 DA-1255FT SLP088
CYAW,2020-02-04 22:00,-63.4994,44.6397,CYAW 042200Z 22005KT 15SM OVC070 01/M03 A2977 RMK AC8 DA-1266FT SLP085
CYAW,2020-02-04 23:00,-63.4994,44.6397,CYAW 042300Z 21006KT 15SM OVC059 01/M02 A2977 RMK SC8 DA-1263FT SLP085
CYAW,2020-02-05 00:00,-63.4994,44.6397,CYAW 050000Z 20006KT 15SM OVC053 01/M01 A2976 RMK SC8 DA-1261FT LAST OBS/NXT 050900 UTC SLP081
CYAW,2020-02-05 09:00,-63.4994,44.6397,CYAW 050900Z 26004KT 15SM OVC035 01/M01 A2968 RMK SC8 DA-1178FT FST OBS SLP054
CYAW,2020-02-05 10:00,-63.4994,44.6397,CYAW 051000Z 26006KT 15SM OVC038 01/M01 A2968 RMK SC8 DA-1191FT SLP051
CYAW,2020-02-05 11:00,-63.4994,44.6397,CYAW 051100Z 28007KT 15SM OVC040 01/M01 A2971 RMK SC8 DA-1175FT SLP064
CYAW,2020-02-05 12:00,-63.4994,44.6397,CYAW 051200Z 30008KT 15SM FEW020 FEW035 BKN070 01/M01 A2974 RMK SC1SC2AC5 DA-1248FT SLP072
CYAW,2020-02-05 13:00,-63.4994,44.6397,CYAW 051300Z 30014KT 15SM FEW020 FEW040 SCT080 BKN120 01/M04 A2976 RMK SC1SC2AC2AC2 DA-1272FT SLP080
CYAW,2020-02-05 14:00,-63.4994,44.6397,CYAW 051400Z 32014G19KT 15SM FEW025 FEW040 BKN100 BKN120 01/M05 A2978 RMK SC1SC2AC3AC2 DA-1363FT SLP086
CYAW,2020-02-05 15:00,-63.4994,44.6397,CYAW 051500Z 31016KT 15SM FEW040 SCT120 BKN240 00/M08 A2979 RMK SC2AC2CI2 DA-1462FT SLP092
CYAW,2020-02-05 16:00,-63.4994,44.6397,CYAW 051600Z 29014G22KT 15SM FEW040 FEW120 BKN240 01/M08 A2979 RMK SC2AC1CI3 DA-1299FT SLP090
CYAW,2020-02-05 17:00,-63.4994,44.6397,CYAW 051700Z 32018G27KT 15SM FEW045 FEW120 SCT240 01/M11 A2979 RMK SC1AC1CI2 DA-1383FT SLP091
CYAW,2020-02-05 18:00,-63.4994,44.6397,CYAW 051800Z 30018G26KT 15SM FEW045 FEW120 BKN240 M00/M13 A2981 RMK SC1AC1CI6 DA-1526FT SLP096
CYAW,2020-02-05 19:00,-63.4994,44.6397,CYAW 051900Z 31018KT 15SM FEW030 FEW120 SCT240 M01/M13 A2982 RMK CF1AC2CI2 DA-1625FT CUFRA TR SLP100
CYAW,2020-02-05 20:00,-63.4994,44.6397,CYAW 052000Z 29017G22KT 15SM FEW030 FEW120 FEW250 M02/M13 A2986 RMK CF1AC1CI1 DA-1762FT CUFRA TR SLP113
CYAW,2020-02-05 21:00,-63.4994,44.6397,CYAW 052100Z 31016KT 15SM FEW030 FEW250 M03/M13 A2989 RMK CF1CI1 DA-1962FT CUFRA TR SLP126
CYAW,2020-02-05 22:00,-63.4994,44.6397,CYAW 052200Z 30013KT 15SM FEW030 FEW250 M04/M13 A2994 RMK SC1CI1 DA-2161FT SLP140
CYAW,2020-02-05 23:00,-63.4994,44.6397,CYAW 052300Z 30017KT 15SM FEW030 M04/M13 A2997 RMK SC1 DA-2223FT SLP152
CYAW,2020-02-06 00:00,-63.4994,44.6397,CYAW 060000Z 31011KT 15SM SKC M05/M13 A3000 RMK DA-2321FT LAST OBS/NEXT 060900 UTC SLP161
CYAW,2020-02-06 09:00,-63.4994,44.6397,CYAW 060900Z 03003KT 15SM BKN150 M11/M13 A3009 RMK AC5 DA-3268FT FST OBS SLP192
CYAW,2020-02-06 10:00,-63.4994,44.6397,CYAW 061000Z 05004KT 15SM SCT150 BKN210 M10/M12 A3007 RMK AC4CI3 DA-3121FT SLP185
CYAW,2020-02-06 11:00,-63.4994,44.6397,CYAW 061100Z 05002KT 15SM BKN150 M09/M12 A3008 RMK AC7 DA-3014FT SLP191
CYAW,2020-02-06 12:00,-63.4994,44.6397,CYAW 061200Z 04004KT 15SM BKN110 M09/M12 A3012 RMK AC7 DA-2967FT SLP204
CYAW,2020-02-06 13:00,-63.4994,44.6397,CYAW 061300Z 00000KT 15SM OVC060 M08/M13 A3013 RMK SC8 DA-2889FT SLP207
CYAW,2020-02-06 13:52,-63.4994,44.6397,CYAW 061352Z 07005KT 6SM -SHSN OVC040 M07/M11 A3008 RMK SC8 DA-2749FT SLP190
CYAW,2020-02-06 14:00,-63.4994,44.6397,CYAW 061400Z 05004KT 4SM -SHSN OVC035 M07/M11 A3008 RMK SC8 DA-2721FT SLP191
CYAW,2020-02-06 14:12,-63.4994,44.6397,CYAW 061412Z 06004KT 1 1/2SM -SHSN OVC020 M07/M11 A3007 RMK SC8 DA-2735FT SLP187
CYAW,2020-02-06 14:39,-63.4994,44.6397,CYAW 061439Z 02002KT 1SM -SHSN OVC018 M07/M09 A3008 RMK SC8 DA-2729FT SLP191
CYAW,2020-02-06 15:00,-63.4994,44.6397,CYAW 061500Z 06002KT 3SM -SHSN OVC010 M06/M08 A3007 RMK SC8 DA-2622FT SLP187
CYAW,2020-02-06 15:14,-63.4994,44.6397,CYAW 061514Z 08004KT 1 1/2SM -SHSN OVC006 M06/M07 A3006 RMK ST8 DA-2543FT PRESFR SLP181
CYAW,2020-02-06 15:34,-63.4994,44.6397,CYAW 061534Z 07003KT 1SM -SHSN VV006 M05/M06 A3006 RMK SN8 DA-2462FT SLP184
CYAW,2020-02-06 16:00,-63.4994,44.6397,CYAW 061600Z 11006KT 3/4SM -SHSN VV004 M05/M06 A3003 RMK SN8 DA-2359FT SLP174
CYAW,2020-02-06 16:35,-63.4994,44.6397,CYAW 061635Z 12006KT 3SM -SHSN OVC005 M04/M05 A3001 RMK ST8 DA-2218FT SLP166
CYAW,2020-02-06 17:00,-63.4994,44.6397,CYAW 061700Z 12008KT 3SM -SHSN OVC006 M04/M05 A2999 RMK ST8 DA-2142FT SLP159
CYAW,2020-02-06 17:14,-63.4994,44.6397,CYAW 061714Z 11007KT 1SM -SHSN OVC007 M04/M05 A2998 RMK ST8 DA-2130FT VIS VRB 3/4-1 1/2 PRESFR SLP154
CYAW,2020-02-06 18:00,-63.4994,44.6397,CYAW 061800Z 10006KT 1SM -SHSN OVC009 M04/M04 A2992 RMK ST8 DA-2072FT VIS VRB 3/4-1 1/2 PRESFR SLP136
CYAW,2020-02-06 19:00,-63.4994,44.6397,CYAW 061900Z 08008KT 1SM -SHSN OVC008 M03/M04 A2988 RMK ST8 DA-1999FT VIS VRB 3/4-1 1/2 SLP123
CYAW,2020-02-06 19:32,-63.4994,44.6397,CYAW 061932Z 07008KT 3SM -SHSN OVC008 M04/M04 A2986 RMK ST8 DA-2015FT LAST OBS/NEXT 07 0900UTC SLP116
CYAW,2020-02-06 20:00,-63.4994,44.6397,CYAW 062000Z 05007KT 2 1/2SM -SNPL OVC008 M04/M05 A2986 RMK ST8 DA-2055FT LAST OBS/NEXT 07 0900UTC SLP116
CYAW,2020-02-07 09:00,-63.4994,44.6397,CYAW 070900Z 07006KT 8SM -FZRA OVC006 M01/M01 A2944 RMK ST8 DA-1110FT FST OBS SLP972
CYAW,2020-02-07 10:00,-63.4994,44.6397,CYAW 071000Z 03006KT 3SM -FZRA BR OVC006 M01/M01 A2946 RMK ST8 DA-1120FT SLP977
CYAW,2020-02-07 11:00,-63.4994,44.6397,CYAW 071100Z 04006KT 3SM -FZRA BR OVC007 M01/M01 A2945 RMK ST8 DA-1148FT SLP974
CYAW,2020-02-07 11:26,-63.4994,44.6397,CYAW 071126Z 04007KT 6SM -FZRA BR OVC007 M01/M01 A2945 RMK ST8 DA-1148FT SLP976
CYAW,2020-02-07 11:39,-63.4994,44.6397,CYAW 071139Z 04007KT 2 1/2SM -FZRA BR OVC009 M01/M01 A2945 RMK ST8 DA-1135FT SLP976
CYAW,2020-02-07 12:00,-63.4994,44.6397,CYAW 071200Z 05005KT 2 1/2SM -FZRA BR BKN008 OVC015 M01/M01 A2945 RMK ST6SC2 DA-1109FT SLP975
CYAW,2020-02-07 12:12,-63.4994,44.6397,CYAW 071212Z 05006KT 4SM -FZRA BR BKN008 OVC015 M01/M01 A2945 RMK ST6SC2 DA-1122FT SLP974
CYAW,2020-02-07 13:00,-63.4994,44.6397,CYAW 071300Z 07007KT 5SM -FZRA BR OVC007 M01/M01 A2941 RMK ST8 DA-1076FT SLP960
CYAW,2020-02-07 13:30,-63.4994,44.6397,CYAW 071330Z 06007KT 6SM -FZRA BR OVC008 M01/M01 A2937 RMK ST8 DA-1015FT PRESFR SLP949
CYAW,2020-02-07 14:00,-63.4994,44.6397,CYAW 071400Z 06005KT 4SM -FZRA BR OVC006 M00/M00 A2941 RMK ST8 DA-1035FT SLP962
CYAW,2020-02-07 14:53,-63.4994,44.6397,CYAW 071453Z 00000KT 6SM -FZRA BR OVC006 M00/M00 A2940 RMK ST8 DA-985FT PCPN VRY LGT SLP957
CYAW,2020-02-07 15:00,-63.4994,44.6397,CYAW 071500Z 09005KT 8SM -FZDZ OVC006 M00/M00 A2939 RMK ST8 DA-972FT PCPN VRY LGT SLP956
CYAW,2020-02-07 15:12,-63.4994,44.6397,CYAW 071512Z 09012KT 4SM -FZDZ BR OVC007 M00/M00 A2939 RMK ST8 DA-972FT LAST OBS/NEXT 100900 UTC SLP956
CYAW,2020-02-10 09:00,-63.4994,44.6397,CYAW 100900Z 13003KT 15SM FEW022 BKN050 OVC160 M05/M07 A3049 RMK SC2SC3AS2 DA-2974FT MOON DIMLY VISBL FST OBS SLP328
CYAW,2020-02-10 10:00,-63.4994,44.6397,CYAW 101000Z 19005KT 15SM FEW020 BKN060 OVC100 M04/M05 A3047 RMK SC2SC4AS2 DA-2723FT SLP321
CYAW,2020-02-10 11:00,-63.4994,44.6397,CYAW 101100Z 18011KT 15SM FEW020 BKN060 OVC100 M02/M04 A3044 RMK SC1SC4AS3 DA-2400FT SLP312
CYAW,2020-02-10 12:00,-63.4994,44.6397,CYAW 101200Z 18013KT 15SM FEW016 OVC070 M01/M03 A3043 RMK SC1AS7 DA-2309FT SLP309
CYAW,2020-02-10 12:39,-63.4994,44.6397,CYAW 101239Z 18017G22KT 12SM -SN FEW022 OVC030 M00/M03 A3042 RMK SC1NS7 DA-2207FT VIS LWR N SLP303
CYAW,2020-02-10 13:00,-63.4994,44.6397,CYAW 101300Z 18016KT 3SM -SN SCT021 OVC030 M00/M02 A3042 RMK SC4SC4 DA-2189FT SLP304
CYAW,2020-02-10 13:16,-63.4994,44.6397,CYAW 101316Z 18012G18KT 2SM -SN BKN019 OVC030 M00/M01 A3041 RMK SC5SC3 DA-2173FT SLP301
CYAW,2020-02-10 13:33,-63.4994,44.6397,CYAW 101333Z 17012KT 12SM -SN BKN016 OVC030 00/M01 A3040 RMK SC6SC2 DA-2122FT SLP296
CYAW,2020-02-10 14:00,-63.4994,44.6397,CYAW 101400Z 18013G19KT 15SM -SN OVC020 01/M01 A3037 RMK SC8 DA-2026FT PCPN VRY LGT SLP288
CYAW,2020-02-10 15:00,-63.4994,44.6397,CYAW 101500Z 16016KT 15SM -SN BKN022 OVC044 01/M01 A3032 RMK SC5SC3 DA-1929FT PCPN VRY LGT SLP271
CYAW,2020-02-10 15:41,-63.4994,44.6397,CYAW 101541Z 16016G21KT 2SM -SN BKN022 OVC040 01/M01 A3028 RMK SC6SC2 DA-1857FT VIS VRB 1 1/2-2 1/2 SLP258
CYAW,2020-02-10 16:00,-63.4994,44.6397,CYAW 101600Z 17018G26KT 2SM -SN BKN023 OVC031 01/M01 A3026 RMK SC6SC2 DA-1859FT VIS VRB 1 1/2-2 1/2 PRESFR SLP251
CYAW,2020-02-10 16:08,-63.4994,44.6397,CYAW 101608Z 17019G30KT 3/4SM -SN VV008 01/M00 A3026 RMK SN8 DA-1870FT VIS VRB 1/2-1 SLP249
CYAW,2020-02-10 17:00,-63.4994,44.6397,CYAW 101700Z 16016KT 3/4SM -SN BLSN VV008 00/00 A3021 RMK SN8 DA-1885FT VIS VRB 1/2-1 /S01/ SLP233
CYAW,2020-02-10 18:00,-63.4994,44.6397,CYAW 101800Z 17017G26KT 3/4SM -SN BLSN VV008 00/00 A3015 RMK SN8 DA-1816FT VIS VRB 1/2-1 PRESFR /S03/ SLP213
CYAW,2020-02-10 19:00,-63.4994,44.6397,CYAW 101900Z 17015G22KT 3/4SM -SN BLSN VV008 00/00 A3008 RMK SN8 DA-1722FT VIS VRB 1/2-1 PRESFR SLP191
CYAW,2020-02-10 19:25,-63.4994,44.6397,CYAW 101925Z 17017G26KT 3SM -RAPL BR BKN003 OVC006 00/00 A3006 RMK SF6SF2 DA-1686FT PRESFR SLP182
CYAW,2020-02-10 19:42,-63.4994,44.6397,CYAW 101942Z 17017G24KT 2 1/2SM -RA BR OVC003 01/01 A3004 RMK SF8 DA-1637FT PRESFR SLP175
CYAW,2020-02-10 20:00,-63.4994,44.6397,CYAW 102000Z 18016G21KT 2 1/2SM -RA BR OVC003 01/01 A3002 RMK SF8 DA-1574FT PRESFR SLP168
CYAW,2020-02-10 21:00,-63.4994,44.6397,CYAW 102100Z 19014G24KT 3SM -RA BR BKN006 OVC010 03/03 A2998 RMK SF6SF2 DA-1237FT SLP154
CYAW,2020-02-10 22:00,-63.4994,44.6397,CYAW 102200Z 22012G24KT 4SM -RA BR OVC008 04/04 A2998 RMK SF8 DA-1119FT SLP154
CYAW,2020-02-10 22:48,-63.4994,44.6397,CYAW 102248Z 23010G16KT 6SM -RA BR SCT009 OVC013 03/03 A2998 RMK SF3SC5 DA-1200FT SLP154
CYAW,2020-02-10 23:00,-63.4994,44.6397,CYAW 102300Z 23010KT 6SM -RA BR FEW009 BKN013 OVC020 03/03 A2997 RMK SF2SC4SC2 DA-1188FT SLP152
CYAW,2020-02-10 23:41,-63.4994,44.6397,CYAW 102341Z 23007KT 8SM -RA OVC012 03/03 A2997 RMK SC8 DA-1215FT LAST OBS/NXT 110900 UTC SLP150
CYAW,2020-02-11 09:00,-63.4994,44.6397,CYAW 110900Z 31004KT 15SM OVC017 01/M01 A3011 RMK SC8 DA-1727FT FST OBS SLP198
CYAW,2020-02-11 10:00,-63.4994,44.6397,CYAW 111000Z 33002KT 15SM OVC018 00/M01 A3013 RMK SC8 DA-1787FT SLP205
CYAW,2020-02-11 11:00,-63.4994,44.6397,CYAW 111100Z 36002KT 15SM OVC016 00/M01 A3013 RMK SC8 DA-1814FT SLP206
CYAW,2020-02-11 12:00,-63.4994,44.6397,CYAW 111200Z 03003KT 15SM BKN019 00/M02 A3015 RMK SC7 DA-1841FT SLP212
CYAW,2020-02-11 13:00,-63.4994,44.6397,CYAW 111300Z 09003KT 15SM BKN019 00/M02 A3016 RMK SC7 DA-1852FT SLP217
CYAW,2020-02-11 14:00,-63.4994,44.6397,CYAW 111400Z 09002KT 15SM OVC018 01/M03 A3017 RMK SC8 DA-1791FT SLP219
CYAW,2020-02-11 15:00,-63.4994,44.6397,CYAW 111500Z 16005KT 15SM OVC017 01/M02 A3015 RMK SC8 DA-1716FT SLP211
CYAW,2020-02-11 16:00,-63.4994,44.6397,CYAW 111600Z 11008KT 15SM OVC016 01/M01 A3011 RMK SC8 DA-1742FT SLP200
CYAW,2020-02-11 17:00,-63.4994,44.6397,CYAW 111700Z 12008KT 15SM OVC017 00/M01 A3007 RMK SC8 DA-1706FT SLP185
CYAW,2020-02-11 18:00,-63.4994,44.6397,CYAW 111800Z 13009KT 15SM OVC015 00/M01 A3005 RMK SC8 DA-1719FT SLP178
CYAW,2020-02-11 18:34,-63.4994,44.6397,CYAW 111834Z 14010KT 15SM FEW007 OVC014 00/M01 A3003 RMK SF1SC7 DA-1696FT SLP170
CYAW,2020-02-11 19:00,-63.4994,44.6397,CYAW 111900Z 13009G15KT 15SM FEW007 OVC014 M00/M01 A3001 RMK SF2SC6 DA-1698FT SLP164
CYAW,2020-02-11 19:24,-63.4994,44.6397,CYAW 111924Z 13008KT 15SM -SN FEW006 OVC014 M00/M01 A3000 RMK SF1SC7 DA-1699FT PCPN VRY LGT SLP160
CYAW,2020-02-11 19:38,-63.4994,44.6397,CYAW 111938Z 13008KT 5SM -SN FEW006 OVC014 M00/M01 A2999 RMK SF1SC7 DA-1700FT SLP159
CYAW,2020-02-11 20:00,-63.4994,44.6397,CYAW 112000Z 13006KT 2SM -SN OVC014 M00/M01 A2998 RMK SN4SC4 DA-1702FT SLP155
CYAW,2020-02-11 20:13,-63.4994,44.6397,CYAW 112013Z 12008KT 1SM -SN OVC014 M00/M01 A2996 RMK SN6SC2 DA-1691FT PRESFR SLP148
CYAW,2020-02-11 21:00,-63.4994,44.6397,CYAW 112100Z 09005KT 1 1/4SM -SN OVC006 M01/M01 A2993 RMK SN6ST2 DA-1682FT VIS VRB 3/4-2 SLP138
CYAW,2020-02-11 21:16,-63.4994,44.6397,CYAW 112116Z 10006KT 1SM -SN OVC004 M01/M01 A2992 RMK SN6ST2 DA-1670FT SLP134
CYAW,2020-02-11 21:28,-63.4994,44.6397,CYAW 112128Z 09007KT 3/4SM -SN VV004 M01/M01 A2991 RMK SN8 DA-1658FT SLP130
CYAW,2020-02-11 22:00,-63.4994,44.6397,CYAW 112200Z 09008KT 3/4SM -SN VV003 M01/M01 A2989 RMK SN8 DA-1635FT SLP123
CYAW,2020-02-11 22:32,-63.4994,44.6397,CYAW 112232Z 09008KT 3/4SM -SN VV003 M00/M00 A2987 RMK SN8 DA-1585FT LAST OBS/NEXT 120900 UTC SLP116
CYAW,2020-02-12 09:00,-63.4994,44.6397,CYAW 120900Z CCA 32009KT 3/4SM -SN VV008 M01/M01 A2950 RMK SN8 DA-1167FT FST OBS SLP993
CYAW,2020-02-12 10:00,-63.4994,44.6397,CYAW 121000Z 31010KT 3/4SM -SN VV008 M00/M00 A2951 RMK SN8 DA-1166FT SLP996
CYAW,2020-02-12 10:18,-63.4994,44.6397,CYAW 121018Z 31009KT 3/4SM -SN VV008 M00/M00 A2951 RMK SN8 DA-1153FT LST OBS/NXT 121400 UTC SLP996
CYAW,2020-02-12 14:00,-63.4994,44.6397,CYAW 121400Z 30024G31KT 15SM DRSN BKN024 BKN120 01/M02 A2968 RMK SC6AC1 DA-1220FT FST OBS SLP052
CYAW,2020-02-12 14:39,-63.4994,44.6397,CYAW 121439Z 32021G30KT 15SM -SN DRSN BKN020 BKN030 00/M02 A2972 RMK SC5SC2 DA-1343FT PRESRR SLP065
CYAW,2020-02-12 15:00,-63.4994,44.6397,CYAW 121500Z 31016G27KT 15SM DRSN SCT020 01/M02 A2974 RMK SC3 DA-1279FT PRESRR SLP073
CYAW,2020-02-12 16:00,-63.4994,44.6397,CYAW 121600Z 30022G29KT 15SM DRSN BKN027 01/M03 A2979 RMK SC6 DA-1317FT SLP091
CYAW,2020-02-12 17:00,-63.4994,44.6397,CYAW 121700Z 31018G25KT 15SM BKN030 01/M04 A2980 RMK SC5 DA-1319FT SLP094
CYAW,2020-02-12 18:00,-63.4994,44.6397,CYAW 121800Z 31023G30KT 15SM DRSN BKN033 01/M04 A2984 RMK SC6 DA-1443FT SLP109
CYAW,2020-02-12 19:00,-63.4994,44.6397,CYAW 121900Z 30015G21KT 15SM BKN039 01/M04 A2987 RMK SC7 DA-1414FT SLP118
CYAW,2020-02-12 20:00,-63.4994,44.6397,CYAW 122000Z 29014G19KT 15SM BKN040 01/M04 A2992 RMK SC6 DA-1448FT SLP134
CYAW,2020-02-12 21:00,-63.4994,44.6397,CYAW 122100Z 28011G18KT 15SM BKN040 00/M04 A2996 RMK SC6 DA-1605FT CU ASOCTD SLP148
CYAW,2020-02-12 22:00,-63.4994,44.6397,CYAW 122200Z 27008KT 15SM BKN042 BKN250 M01/M05 A2998 RMK SC5CI1 DA-1747FT SLP156
CYAW,2020-02-12 22:45,-63.4994,44.6397,CYAW 122245Z 28007G16KT 15SM SCT042 SCT250 M01/M04 A3002 RMK SC3CI1 DA-1790FT LAST OBS/NEXT 130900 UTC SLP169
CYAW,2020-02-13 09:00,-63.4994,44.6397,CYAW 130900Z 21011G17KT 15SM FEW010 OVC130 01/M00 A2991 RMK SF1AS8 DA-1441FT FST OBS SLP130
CYAW,2020-02-13 10:00,-63.4994,44.6397,CYAW 131000Z 20016KT 15SM FEW015 OVC110 01/M00 A2989 RMK SC1AS8 DA-1404FT SLP124
CYAW,2020-02-13 11:00,-63.4994,44.6397,CYAW 131100Z 21011G19KT 15SM FEW015 OVC065 01/M00 A2986 RMK SC1SC8 DA-1333FT SLP113
CYAW,2020-02-13 11:34,-63.4994,44.6397,CYAW 131134Z 22017KT 5SM -RASN SCT040 OVC070 02/M00 A2984 RMK SC3AC5 DA-1296FT SLP108
CYAW,2020-02-13 11:47,-63.4994,44.6397,CYAW 131147Z 23014G26KT 1SM -SN OVC015 01/00 A2985 RMK SN3SC5 DA-1381FT VIS VRB 3/4-1 1/2 SLP112
CYAW,2020-02-13 12:00,-63.4994,44.6397,CYAW 131200Z 23008KT 3/4SM -SN VV006 00/00 A2986 RMK SN8 DA-1455FT VIS VRB 1/2-1 SLP113
CYAW,2020-02-13 13:00,-63.4994,44.6397,CYAW 131300Z 22014KT 3/4SM -SN VV006 00/00 A2981 RMK SN8 DA-1397FT VIS VRB 1/2-1 SLP097
CYAW,2020-02-13 13:27,-63.4994,44.6397,CYAW 131327Z 21009KT 1SM -SN VV008 00/00 A2980 RMK SN8 DA-1385FT VIS VRB 3/4-1 1/2 SLP095
CYAW,2020-02-13 14:00,-63.4994,44.6397,CYAW 131400Z 21009G16KT 3/4SM -SN VV006 00/00 A2980 RMK SN8 DA-1385FT SLP095
CYAW,2020-02-13 14:39,-63.4994,44.6397,CYAW 131439Z 19007KT 1 1/4SM -SN OVC003 00/00 A2974 RMK SN6ST2 DA-1342FT VIS VRB 3/4-2 PRESFR SLP074
CYAW,2020-02-13 15:00,-63.4994,44.6397,CYAW 131500Z 19006G15KT 1 1/4SM -SN OVC003 00/00 A2972 RMK SN6ST2 DA-1305FT VIS VRB 3/4-2 PRESFR SLP066
CYAW,2020-02-13 16:00,-63.4994,44.6397,CYAW 131600Z 18003KT 1SM -SN OVC003 00/00 A2968 RMK SN7ST1 DA-1272FT VIS VRB 1/2-1 1/2 SLP052
CYAW,2020-02-13 16:13,-63.4994,44.6397,CYAW 131613Z 18004KT 3/8SM SN VV003 00/00 A2967 RMK SN8 DA-1274FT SLP049
CYAW,2020-02-13 16:48,-63.4994,44.6397,CYAW 131648Z 18003KT 1/4SM +SN VV003 00/00 A2965 RMK SN8 DA-1250FT SLP041
CYAW,2020-02-13 17:00,-63.4994,44.6397,CYAW 131700Z 18004KT 1/4SM +SN VV003 00/00 A2964 RMK SN8 DA-1239FT /S02/ SLP039
CYAW,2020-02-13 17:14,-63.4994,44.6397,CYAW 131714Z 18004KT 3/8SM SN VV003 00/00 A2963 RMK SN8 DA-1227FT VIS VRB 1/4-1/2 PRESFR SLP034
CYAW,2020-02-13 17:32,-63.4994,44.6397,CYAW 131732Z 17004KT 1SM -SN OVC002 00/00 A2960 RMK SN7ST1 DA-1192FT VIS VRB 1/2-1 1/2 PRESFR SLP026
CYAW,2020-02-13 18:00,-63.4994,44.6397,CYAW 131800Z 15003KT 1 1/2SM -SN OVC003 00/00 A2954 RMK ST8 DA-1122FT PRESFR /S03/ LAST OBS/NEXT 140900 UTC SLP006
CYAW,2020-02-14 09:00,-63.4994,44.6397,CYAW 140900Z 36013KT 15SM OVC026 M09/M12 A2972 RMK SC8 DA-2592FT FST OBS SLP067
CYAW,2020-02-14 10:00,-63.4994,44.6397,CYAW 141000Z 34014G19KT 15SM BKN026 M09/M12 A2976 RMK SC6 DA-2653FT SLP079
CYAW,2020-02-14 11:00,-63.4994,44.6397,CYAW 141100Z 35011KT 15SM FEW025 FEW050 SCT250 M11/M13 A2981 RMK SC1SC1CI2 DA-2873FT SLP098
CYAW,2020-02-14 12:00,-63.4994,44.6397,CYAW 141200Z 35013G18KT 15SM FEW020 FEW040 FEW250 M11/M14 A2985 RMK SC1SC1CI1 DA-2988FT SLP111
CYAW,2020-02-14 13:00,-63.4994,44.6397,CYAW 141300Z 33011G19KT 15SM FEW020 SCT045 BKN250 M11/M14 A2989 RMK SC1SC2CI2 DA-2996FT SLP124
CYAW,2020-02-14 13:17,-63.4994,44.6397,CYAW 141317Z 33012G17KT 6SM -SHSN FEW020 SCT045 BKN250 M10/M14 A2990 RMK SC2SC2CI2 DA-2941FT SLP128
CYAW,2020-02-14 13:36,-63.4994,44.6397,CYAW 141336Z 34013G18KT 12SM SCT017 SCT045 SCT250 M11/M15 A2991 RMK SC3SC1CI1 DA-3061FT VIS LWR S SLP132
CYAW,2020-02-14 13:52,-63.4994,44.6397,CYAW 141352Z 34012KT 12SM -SHSN BKN017 BKN045 M11/M15 A2991 RMK CU5SC1 DA-2994FT VIS LWR N SLP132
CYAW,2020-02-14 14:00,-63.4994,44.6397,CYAW 141400Z 32013KT 12SM -SHSN BKN018 BKN045 M11/M14 A2992 RMK CU5SC1 DA-3031FT PCPN VRY LGT SLP135
CYAW,2020-02-14 15:00,-63.4994,44.6397,CYAW 141500Z 32012KT 12SM -SHSN BKN023 BKN028 M11/M14 A2995 RMK CU5SC2 DA-3053FT PCPN VRY LGT SLP147
CYAW,2020-02-14 16:00,-63.4994,44.6397,CYAW 141600Z 31020KT 15SM -SHSN BKN022 M10/M16 A2998 RMK SC5 DA-3053FT PCPN VRY LGT SLP155
CYAW,2020-02-14 16:27,-63.4994,44.6397,CYAW 141627Z 32018KT 15SM SCT028 M11/M18 A2999 RMK SC3 DA-3146FT SLP158
CYAW,2020-02-14 17:00,-63.4994,44.6397,CYAW 141700Z 30017KT 15SM SCT028 M11/M17 A2998 RMK SC3 DA-3093FT SLP155
CYAW,2020-02-14 18:00,-63.4994,44.6397,CYAW 141800Z 33019G26KT 15SM SCT042 M11/M18 A3000 RMK SC3 DA-3212FT SLP162
CYAW,2020-02-14 19:00,-63.4994,44.6397,CYAW 141900Z 32017G24KT 15SM SCT031 M11/M17 A3002 RMK SC4 DA-3140FT SLP170
CYAW,2020-02-14 20:00,-63.4994,44.6397,CYAW 142000Z 33016G21KT 15SM SCT032 M11/M17 A3006 RMK SC4 DA-3280FT SLP183
CYAW,2020-02-14 20:12,-63.4994,44.6397,CYAW 142012Z 32015G22KT 15SM BKN033 M12/M17 A3007 RMK SC5 DA-3386FT LAST OBS/NXT 170900 UTC SLP186
CYAW,2020-02-17 09:00,-63.4994,44.6397,CYAW 170900Z 00000KT 3/4SM -SN BR OVC002 M00/M00 A3001 RMK SF8 DA-1708FT FST OBS SLP166
CYAW,2020-02-17 09:53,-63.4994,44.6397,CYAW 170953Z 25002KT 3SM BR FEW002 OVC005 M00/M00 A3003 RMK SF2SF6 DA-1731FT SLP170
CYAW,2020-02-17 10:00,-63.4994,44.6397,CYAW 171000Z 27003KT 3SM BR FEW002 OVC005 M00/M00 A3003 RMK SF2SF6 DA-1731FT SLP171
CYAW,2020-02-17 10:31,-63.4994,44.6397,CYAW 171031Z 34002KT 3SM BR SCT005 OVC040 M00/M00 A3001 RMK SF3SC5 DA-1748FT SLP166
CYAW,2020-02-17 11:00,-63.4994,44.6397,CYAW 171100Z 34002KT 5SM BR FEW005 BKN031 M01/M01 A3002 RMK SF2SC5 DA-1772FT SLP169
CYAW,2020-02-17 11:25,-63.4994,44.6397,CYAW 171125Z 32002KT 10SM FEW005 OVC029 M01/M01 A3003 RMK SF1SC7 DA-1784FT SLP172
CYAW,2020-02-17 12:00,-63.4994,44.6397,CYAW 171200Z 00000KT 10SM FEW005 OVC033 M00/M00 A3005 RMK SF1SC7 DA-1767FT SLP177
CYAW,2020-02-17 13:00,-63.4994,44.6397,CYAW 171300Z 00000KT 10SM FEW005 OVC039 00/00 A3006 RMK SF1SC8 DA-1686FT SLP182
CYAW,2020-02-17 14:00,-63.4994,44.6397,CYAW 171400Z 00000KT 10SM FEW005 BKN040 BKN110 OVC250 03/03 A3005 RMK ST1SC5AC1CI2 DA-1306FT SLP179
CYAW,2020-02-17 15:00,-63.4994,44.6397,CYAW 171500Z 00000KT 12SM FEW006 BKN040 BKN250 06/01 A3005 RMK SF2SC3CI2 DA-947FT SLP178
CYAW,2020-02-17 16:00,-63.4994,44.6397,CYAW 171600Z 18003KT 15SM FEW005 BKN040 06/01 A3005 RMK SF2SC4 DA-958FT SLP177
CYAW,2020-02-17 17:00,-63.4994,44.6397,CYAW 171700Z 21002KT 15SM SCT040 SCT100 SCT250 07/01 A3003 RMK SC3AC1CI1 DA-804FT SLP170
CYAW,2020-02-17 18:00,-63.4994,44.6397,CYAW 171800Z 24008G16KT 15SM FEW020 SCT040 BKN110 BKN250 05/M02 A3004 RMK CF1SC4AC1CI2 DA-1074FT CUFRA TR SLP175
CYAW,2020-02-17 19:00,-63.4994,44.6397,CYAW 171900Z 27008KT 15SM BKN060 BKN110 BKN250 05/M01 A3004 RMK SC5AC1CI1 DA-1123FT SLP174
CYAW,2020-02-17 20:00,-63.4994,44.6397,CYAW 172000Z 27009KT 15SM FEW029 SCT042 04/M01 A3006 RMK SC2SC2 DA-1233FT SLP181
CYAW,2020-02-17 20:33,-63.4994,44.6397,CYAW 172033Z 27007KT 15SM FEW044 SCT060 04/M01 A3007 RMK SC2SC2 DA-1205FT LAST OBS/NXT 180900 UTC SLP184
CYAW,2020-02-18 09:00,-63.4994,44.6397,CYAW 180900Z 34009KT 15SM SKC M10/M16 A3050 RMK DA-3654FT FST OBS SLP331
CYAW,2020-02-18 10:00,-63.4994,44.6397,CYAW 181000Z 33008KT 15SM SKC M11/M16 A3052 RMK DA-3797FT SLP339
CYAW,2020-02-18 11:00,-63.4994,44.6397,CYAW 181100Z 34006KT 15SM FEW015 FEW250 M12/M16 A3054 RMK SC1CI1 DA-3941FT SLP345
CYAW,2020-02-18 12:00,-63.4994,44.6397,CYAW 181200Z 34004KT 15SM FEW250 M11/M16 A3058 RMK CI1 DA-3853FT SLP359
CYAW,2020-02-18 13:00,-63.4994,44.6397,CYAW 181300Z 36005KT 15SM FEW250 M09/M15 A3059 RMK CI1 DA-3596FT SLP364
CYAW,2020-02-18 14:00,-63.4994,44.6397,CYAW 181400Z 05005KT 15SM BKN250 M06/M14 A3058 RMK CI6 DA-3226FT HALO SLP360
CYAW,2020-02-18 15:00,-63.4994,44.6397,CYAW 181500Z 04004KT 15SM BKN250 M04/M14 A3058 RMK CS7 DA-2888FT HALO SLP359
CYAW,2020-02-18 16:00,-63.4994,44.6397,CYAW 181600Z 00000KT 15SM OVC250 M04/M14 A3058 RMK CS8 DA-2850FT HALO SLP357
CYAW,2020-02-18 17:00,-63.4994,44.6397,CYAW 181700Z 17007KT 15SM OVC250 M05/M13 A3058 RMK CS8 DA-2988FT HALO SLP358
CYAW,2020-02-18 18:00,-63.4994,44.6397,CYAW 181800Z 13005KT 15SM OVC250 M04/M11 A3056 RMK CS8 DA-2885FT HALO SLP353
CYAW,2020-02-18 19:00,-63.4994,44.6397,CYAW 181900Z 13007KT 15SM OVC250 M04/M11 A3054 RMK CS8 DA-2913FT HALO SLP347
CYAW,2020-02-18 20:00,-63.4994,44.6397,CYAW 182000Z 13009KT 15SM FEW030 OVC110 M05/M09 A3053 RMK SC1AS8 DA-2936FT SLP343
CYAW,2020-02-18 21:00,-63.4994,44.6397,CYAW 182100Z 13011KT 15SM FEW020 OVC110 M05/M09 A3052 RMK SC2AS6 DA-2961FT SLP338
CYAW,2020-02-18 22:00,-63.4994,44.6397,CYAW 182200Z 14011KT 15SM SCT018 OVC110 M05/M07 A3048 RMK SC4AS4 DA-2859FT SLP326
CYAW,2020-02-18 22:22,-63.4994,44.6397,CYAW 182222Z 14010G16KT 15SM BKN018 OVC075 M04/M07 A3048 RMK SC6AS2 DA-2806FT SLP326
CYAW,2020-02-18 23:00,-63.4994,44.6397,CYAW 182300Z 15013G19KT 15SM BKN019 OVC075 M03/M07 A3047 RMK SC6AS2 DA-2689FT SLP321
CYAW,2020-02-19 00:00,-63.4994,44.6397,CYAW 190000Z 14013G20KT 15SM BKN019 OVC072 M02/M05 A3041 RMK SC6AS2 DA-2473FT SLP303
CYAW,2020-02-19 00:55,-63.4994,44.6397,CYAW 190055Z 14017G22KT 15SM OVC018 M02/M04 A3036 RMK SC8 DA-2309FT LAST OBS/NXT 190900 UTC SLP286
CYAW,2020-02-19 09:00,-63.4994,44.6397,CYAW 190900Z 21019G27KT 4SM -RA BR OVC004 06/06 A2969 RMK SF8 DA-494FT FST OBS SLP057
CYAW,2020-02-19 10:00,-63.4994,44.6397,CYAW 191000Z 22013G20KT 3SM -RA BR OVC004 06/06 A2968 RMK SF8 DA-574FT VIS HIER N SLP054
CYAW,2020-02-19 10:24,-63.4994,44.6397,CYAW 191024Z 23010KT 6SM -RA BR BKN004 OVC008 05/05 A2970 RMK SF7ST1 DA-637FT PCPN VRY LGT SLP060
CYAW,2020-02-19 11:00,-63.4994,44.6397,CYAW 191100Z 24011G16KT 8SM BKN005 OVC008 05/05 A2971 RMK SF6ST2 DA-662FT SLP061
CYAW,2020-02-19 11:33,-63.4994,44.6397,CYAW 191133Z 28002KT 12SM BKN006 OVC010 05/05 A2971 RMK SF5ST3 DA-727FT SLP062
CYAW,2020-02-19 12:00,-63.4994,44.6397,CYAW 191200Z 28007KT 12SM BKN006 OVC010 05/05 A2974 RMK SF5ST3 DA-775FT SLP074
CYAW,2020-02-19 12:18,-63.4994,44.6397,CYAW 191218Z 27014KT 12SM SCT006 OVC010 05/05 A2974 RMK SF3SC5 DA-749FT SLP073
CYAW,2020-02-19 13:00,-63.4994,44.6397,CYAW 191300Z 28012KT 15SM SCT006 BKN010 OVC060 05/04 A2974 RMK SF3SC4SC1 DA-754FT SLP073
CYAW,2020-02-19 13:31,-63.4994,44.6397,CYAW 191331Z 27012KT 15SM FEW010 BKN016 OVC060 05/04 A2975 RMK SF1SC7SC1 DA-793FT SLP075
CYAW,2020-02-19 14:00,-63.4994,44.6397,CYAW 191400Z 29009G18KT 15SM FEW015 SCT020 BKN110 04/02 A2976 RMK CF1SC2AC3 DA-888FT CUFRA TR SLP079
CYAW,2020-02-19 15:00,-63.4994,44.6397,CYAW 191500Z 29011G17KT 15SM FEW018 FEW020 BKN110 BKN180 04/00 A2976 RMK CF1SC1AC5AC2 DA-928FT CUFRA TR SLP079
CYAW,2020-02-19 15:48,-63.4994,44.6397,CYAW 191548Z 28018KT 15SM -SHRA BKN025 OVC110 03/00 A2976 RMK SC7AC1 DA-964FT PCPN VRY LGT SLP081
CYAW,2020-02-19 16:00,-63.4994,44.6397,CYAW 191600Z 27015KT 15SM -SHRA BKN025 OVC110 03/01 A2976 RMK SC7AC1 DA-1050FT PCPN VRY LGT SLP079
CYAW,2020-02-19 16:11,-63.4994,44.6397,CYAW 191611Z 27013KT 15SM BKN025 03/01 A2976 RMK SC7 DA-1048FT SLP078
CYAW,2020-02-19 17:00,-63.4994,44.6397,CYAW 191700Z 28020G29KT 15SM BKN035 BKN110 03/M03 A2974 RMK SC7AC1 DA-969FT SLP074
CYAW,2020-02-19 18:00,-63.4994,44.6397,CYAW 191800Z 28022G27KT 15SM FEW035 SCT110 04/M04 A2974 RMK SC2AC2 DA-850FT SLP074
CYAW,2020-02-19 19:00,-63.4994,44.6397,CYAW 191900Z 29018G29KT 15SM FEW060 SCT180 04/M06 A2975 RMK SC2AC2 DA-859FT SLP077
CYAW,2020-02-19 20:00,-63.4994,44.6397,CYAW 192000Z 28016G26KT 15SM BKN064 BKN160 03/M07 A2978 RMK SC5AC1 DA-1045FT SLP085
CYAW,2020-02-19 21:00,-63.4994,44.6397,CYAW 192100Z 27020G27KT 15SM SCT060 SCT120 02/M07 A2979 RMK SC3AC1 DA-1157FT SLP091
CYAW,2020-02-19 22:00,-63.4994,44.6397,CYAW 192200Z 27015G26KT 15SM BKN076 BKN120 02/M07 A2982 RMK AC6AC1 DA-1268FT SLP100
CYAW,2020-02-19 23:00,-63.4994,44.6397,CYAW 192300Z 27017G24KT 15SM OVC044 01/M07 A2987 RMK SC8 DA-1388FT SLP115
CYAW,2020-02-20 00:00,-63.4994,44.6397,CYAW 200000Z 28023G31KT 15SM FEW050 00/M09 A2989 RMK SC2 DA-1531FT SLP124
CYAW,2020-02-20 00:31,-63.4994,44.6397,CYAW 200031Z 29022G31KT 15SM FEW050 M01/M10 A2991 RMK SC1 DA-1697FT LAST OBS/NXT 201100 UTC SLP131
CYAW,2020-02-20 11:00,-63.4994,44.6397,CYAW 201100Z 30013G20KT 15SM FEW030 M09/M17 A3017 RMK SC2 DA-3109FT FST OBS SLP218
CYAW,2020-02-20 12:00,-63.4994,44.6397,CYAW 201200Z 28017G22KT 15SM FEW032 M09/M14 A3019 RMK SC2 DA-3193FT SLP226
CYAW,2020-02-20 13:00,-63.4994,44.6397,CYAW 201300Z 29014G21KT 15SM FEW032 M09/M16 A3020 RMK SC2 DA-3208FT SLP230
CYAW,2020-02-20 14:00,-63.4994,44.6397,CYAW 201400Z 29015G24KT 15SM SCT033 M09/M16 A3021 RMK SC3 DA-3139FT SLP232
CYAW,2020-02-20 15:00,-63.4994,44.6397,CYAW 201500Z 29015G22KT 15SM SCT034 M09/M17 A3021 RMK SC3 DA-3141FT SLP233
CYAW,2020-02-20 16:00,-63.4994,44.6397,CYAW 201600Z 28020KT 15SM FEW040 M07/M18 A3021 RMK SC2 DA-2944FT SLP234
CYAW,2020-02-20 17:00,-63.4994,44.6397,CYAW 201700Z 27016G30KT 15SM FEW040 M07/M18 A3019 RMK SC2 DA-2881FT SLP227
CYAW,2020-02-20 18:00,-63.4994,44.6397,CYAW 201800Z 27017KT 15SM FEW040 07/M19 A3018 RMK SC2 DA-1073FT SLP221
CYAW,2020-02-20 19:00,-63.4994,44.6397,CYAW 201900Z 30017G24KT 15SM FEW040 M07/M18 A3018 RMK SC1 DA-2870FT SLP223
CYAW,2020-02-20 20:00,-63.4994,44.6397,CYAW 202000Z 30014KT 15SM FEW030 FEW040 M07/M18 A3018 RMK CU1SC2 DA-2897FT SLP223
CYAW,2020-02-20 21:00,-63.4994,44.6397,CYAW 202100Z 31013KT 15SM FEW030 M08/M17 A3019 RMK SC1 DA-3013FT SLP226
CYAW,2020-02-20 22:00,-63.4994,44.6397,CYAW 202200Z 27015KT 15SM FEW030 M09/M18 A3023 RMK SC1 DA-3205FT SLP239
CYAW,2020-02-20 23:00,-63.4994,44.6397,CYAW 202300Z 28014KT 15SM FEW030 M10/M17 A3026 RMK SC1 DA-3332FT SLP251
CYAW,2020-02-21 00:00,-63.4994,44.6397,CYAW 210000Z 27016KT 15SM SKC M10/M17 A3028 RMK DA-3396FT SLP258
CYAW,2020-02-21 01:00,-63.4994,44.6397,CYAW 210100Z 28010G16KT 15SM SKC M10/M17 A3030 RMK DA-3459FT LAST OBS/NXT 210900 UTC SLP265
CYAW,2020-02-21 09:00,-63.4994,44.6397,CYAW 210900Z 33003KT 15SM SKC M16/M20 A3039 RMK DA-4286FT FST OBS SLP294
CYAW,2020-02-21 10:00,-63.4994,44.6397,CYAW 211000Z 33003KT 15SM SKC M16/M20 A3038 RMK DA-4343FT SLP292
CYAW,2020-02-21 11:00,-63.4994,44.6397,CYAW 211100Z 34004KT 15SM FEW030 M17/M20 A3038 RMK SC1 DA-4412FT SLP290
CYAW,2020-02-21 12:00,-63.4994,44.6397,CYAW 211200Z 35006KT 15SM FEW030 FEW250 M15/M20 A3038 RMK SC1CI1 DA-4234FT SC TR SLP291
CYAW,2020-02-21 13:00,-63.4994,44.6397,CYAW 211300Z 34008KT 15SM FEW030 FEW250 M14/M20 A3038 RMK SC1CI1 DA-3988FT SC TR SLP291
CYAW,2020-02-21 14:00,-63.4994,44.6397,CYAW 211400Z 31009KT 15SM FEW250 M13/M20 A3037 RMK CI1 DA-3827FT CI TR SLP289
CYAW,2020-02-21 15:00,-63.4994,44.6397,CYAW 211500Z 33010KT 15SM FEW040 FEW250 M10/M21 A3036 RMK SC1CI1 DA-3533FT SLP285
CYAW,2020-02-21 16:00,-63.4994,44.6397,CYAW 211600Z 30008KT 15SM FEW040 FEW250 M09/M20 A3036 RMK SC1CI1 DA-3279FT SLP285
CYAW,2020-02-21 17:00,-63.4994,44.6397,CYAW 211700Z 29005G15KT 15SM FEW250 M06/M19 A3033 RMK CI1 DA-2929FT SLP276
CYAW,2020-02-21 18:00,-63.4994,44.6397,CYAW 211800Z 35006KT 15SM FEW250 M05/M22 A3031 RMK CI1 DA-2697FT SLP268
CYAW,2020-02-21 19:00,-63.4994,44.6397,CYAW 211900Z 27004KT 15SM FEW250 M05/M20 A3029 RMK CI1 DA-2712FT SLP261
CYAW,2020-02-24 09:00,-63.4994,44.6397,CYAW 240900Z 05003KT 3/4SM BR SKC M04/M04 A3011 RMK FG6 DA-2343FT FST OBS SLP200
CYAW,2020-02-24 09:28,-63.4994,44.6397,CYAW 240928Z 05004KT 1/2SM FZFG BKN002 M04/M04 A3012 RMK FG4SF3 DA-2354FT SLP201
CYAW,2020-02-24 10:00,-63.4994,44.6397,CYAW 241000Z 03003KT 3/4SM BR OVC003 M03/M03 A3012 RMK SF8 DA-2234FT SLP202
CYAW,2020-02-24 11:00,-63.4994,44.6397,CYAW 241100Z 07002KT 3/4SM BR OVC003 M02/M02 A3012 RMK SF8 DA-2032FT SLP202
CYAW,2020-02-24 11:29,-63.4994,44.6397,CYAW 241129Z 12003KT 1 1/2SM BR OVC003 M01/M01 A3012 RMK SF8 DA-1952FT SLP203
CYAW,2020-02-24 11:47,-63.4994,44.6397,CYAW 241147Z 16003KT 5/8SM BR OVC003 M00/M00 A3013 RMK ST8 DA-1883FT SLP204
CYAW,2020-02-24 12:00,-63.4994,44.6397,CYAW 241200Z 21003KT 3/8SM -FZDZ FZFG VV003 M00/M00 A3013 RMK FG8 DA-1843FT SLP205
CYAW,2020-02-24 12:18,-63.4994,44.6397,CYAW 241218Z 18005KT 2SM BR OVC003 00/00 A3013 RMK ST8 DA-1816FT SLP206
CYAW,2020-02-24 12:30,-63.4994,44.6397,CYAW 241230Z 20006KT 6SM BR SCT003 OVC007 00/00 A3013 RMK SF3SF5 DA-1803FT VIS LWR N SLP205
CYAW,2020-02-24 13:00,-63.4994,44.6397,CYAW 241300Z 18003KT 8SM OVC008 01/01 A3013 RMK SF8 DA-1750FT SLP204
CYAW,2020-02-24 14:00,-63.4994,44.6397,CYAW 241400Z 20008KT 10SM BKN009 OVC012 01/01 A3013 RMK SF5SC3 DA-1671FT SLP205
CYAW,2020-02-24 14:43,-63.4994,44.6397,CYAW 241443Z 18006KT 8SM FEW009 BKN011 02/00 A3012 RMK SF2SC4 DA-1587FT SLP202
CYAW,2020-02-24 15:00,-63.4994,44.6397,CYAW 241500Z 17008G15KT 8SM FEW009 BKN012 03/01 A3012 RMK SF1SC5 DA-1420FT SLP201
CYAW,2020-02-24 16:00,-63.4994,44.6397,CYAW 241600Z 18008KT 8SM FEW010 FEW012 04/00 A3010 RMK CF1SC2 DA-1338FT CUFRA TR SLP195
CYAW,2020-02-24 17:00,-63.4994,44.6397,CYAW 241700Z 18007KT 10SM FEW015 04/00 A3008 RMK SC1 DA-1240FT SLP189
CYAW,2020-02-24 18:00,-63.4994,44.6397,CYAW 241800Z 17008KT 10SM FEW015 05/01 A3007 RMK SC1 DA-1164FT SLP184
CYAW,2020-02-24 19:00,-63.4994,44.6397,CYAW 241900Z 18008KT 9SM FEW015 05/01 A3006 RMK SC1 DA-1124FT SLP182
CYAW,2020-02-24 20:00,-63.4994,44.6397,CYAW 242000Z 17009KT 8SM SCT005 03/02 A3006 RMK SF4 DA-1343FT VIS LWR S QUAD SLP180
CYAW,2020-02-24 20:23,-63.4994,44.6397,CYAW 242023Z 16007KT 1/2SM FG BKN004 02/02 A3006 RMK FG2SF4 DA-1497FT VIS HIER N QUAD SLP180
CYAW,2020-02-24 20:36,-63.4994,44.6397,CYAW 242036Z 15009KT 1/4SM FG VV001 01/01 A3006 RMK FG8 DA-1563FT SLP180
CYAW,2020-02-24 21:00,-63.4994,44.6397,CYAW 242100Z 16008KT 1/8SM FG VV000 01/01 A3005 RMK FG8 DA-1657FT SLP179
CYAW,2020-02-24 22:00,-63.4994,44.6397,CYAW 242200Z 16004KT 1/8SM FG VV001 00/00 A3005 RMK FG8 DA-1697FT SLP178
CYAW,2020-02-24 22:48,-63.4994,44.6397,CYAW 242248Z 09003KT 1/4SM FZFG VV001 M00/M00 A3006 RMK FG8 DA-1776FT LAST OBS/NEXT 251100 UTC SLP180
CYAW,2020-02-25 11:00,-63.4994,44.6397,CYAW 251100Z 00000KT 3/4SM BR BKN003 00/00 A2999 RMK ST7 DA-1641FT FST OBS VIS E-S 3 SLP157
CYAW,2020-02-25 11:52,-63.4994,44.6397,CYAW 251152Z 00000KT 1/8SM FG VV002 01/01 A3000 RMK FG8 DA-1613FT SLP160
CYAW,2020-02-25 12:00,-63.4994,44.6397,CYAW 251200Z 00000KT 1/8SM FG VV002 01/01 A3000 RMK FG8 DA-1600FT SLP161
CYAW,2020-02-25 13:00,-63.4994,44.6397,CYAW 251300Z 18003KT 1/8SM FG VV002 02/02 A3001 RMK FG8 DA-1478FT SLP165
CYAW,2020-02-25 14:00,-63.4994,44.6397,CYAW 251400Z 22002KT 1/8SM FG VV002 02/02 A3001 RMK FG8 DA-1399FT SLP164
CYAW,2020-02-25 14:44,-63.4994,44.6397,CYAW 251444Z 00000KT 1/4SM FG VV002 03/03 A3000 RMK FG8 DA-1321FT SLP160
CYAW,2020-02-25 15:00,-63.4994,44.6397,CYAW 251500Z 18003KT 3/8SM FG VV003 03/03 A3000 RMK FG8 DA-1308FT SLP160
CYAW,2020-02-25 15:20,-63.4994,44.6397,CYAW 251520Z 16002KT 1SM BR OVC003 03/03 A2999 RMK FG5ST3 DA-1296FT VIS VRB 3/4-1 1/4 SLP158
CYAW,2020-02-25 15:39,-63.4994,44.6397,CYAW 251539Z 16003KT 3SM BR BKN003 OVC070 03/03 A2999 RMK SF7AC1 DA-1310FT SLP158
CYAW,2020-02-25 16:00,-63.4994,44.6397,CYAW 251600Z 15003KT 3SM BR BKN003 OVC070 03/03 A2999 RMK SF6AC2 DA-1296FT SLP157
CYAW,2020-02-25 17:00,-63.4994,44.6397,CYAW 251700Z 16006KT 6SM BR BKN004 OVC057 03/03 A2997 RMK SF6SC2 DA-1273FT SLP152
CYAW,2020-02-25 17:28,-63.4994,44.6397,CYAW 251728Z 14002KT 12SM FEW004 OVC063 03/03 A2996 RMK SF2SC6 DA-1195FT SLP148
CYAW,2020-02-25 18:00,-63.4994,44.6397,CYAW 251800Z 21002KT 12SM FEW005 OVC077 04/04 A2995 RMK SF1AC7 DA-1091FT SLP144
CYAW,2020-02-25 19:00,-63.4994,44.6397,CYAW 251900Z 18003KT 15SM FEW008 OVC085 05/04 A2995 RMK SF1AC7 DA-991FT SLP143
CYAW,2020-02-25 20:00,-63.4994,44.6397,CYAW 252000Z 16006KT 15SM FEW008 BKN085 OVC110 06/03 A2993 RMK ST1AC6AC2 DA-878FT SLP138
CYAW,2020-02-25 21:00,-63.4994,44.6397,CYAW 252100Z 18005KT 15SM OVC092 05/02 A2994 RMK AC8 DA-1004FT SLP140
CYAW,2020-02-25 22:00,-63.4994,44.6397,CYAW 252200Z 14004KT 15SM FEW020 BKN100 04/02 A2994 RMK SC1AC7 DA-1144FT SLP141
CYAW,2020-02-25 23:00,-63.4994,44.6397,CYAW 252300Z 08003KT 15SM OVC096 03/02 A2995 RMK AC8 DA-1232FT SLP146
CYAW,2020-02-26 00:00,-63.4994,44.6397,CYAW 260000Z 09003KT 15SM OVC095 02/02 A2995 RMK AC8 DA-1306FT SLP143
CYAW,2020-02-26 01:00,-63.4994,44.6397,CYAW 260100Z 07003KT 15SM OVC090 02/02 A2995 RMK AC8 DA-1331FT LAST OBS/NEXT 261100 UTC SLP143
CYAW,2020-02-26 11:00,-63.4994,44.6397,CYAW 261100Z 14003KT 12SM SCT009 OVC079 01/01 A2998 RMK ST4AC4 DA-1510FT FST OBS SLP153
CYAW,2020-02-26 11:29,-63.4994,44.6397,CYAW 261129Z 09002KT 10SM BKN009 OVC080 01/01 A2998 RMK ST6AC2 DA-1497FT SLP155
CYAW,2020-02-26 12:00,-63.4994,44.6397,CYAW 261200Z 02002KT 8SM BKN009 OVC080 02/02 A2999 RMK ST6AC2 DA-1455FT SLP159
CYAW,2020-02-26 12:49,-63.4994,44.6397,CYAW 261249Z 00000KT 7SM BKN006 OVC080 03/03 A3000 RMK ST7AC1 DA-1348FT SLP162
CYAW,2020-02-26 13:00,-63.4994,44.6397,CYAW 261300Z 00000KT 7SM BKN005 OVC080 03/03 A3000 RMK ST7AC1 DA-1321FT SLP162
CYAW,2020-02-26 14:00,-63.4994,44.6397,CYAW 261400Z 34002KT 6SM BR BKN004 OVC080 05/04 A3001 RMK ST7AC1 DA-1021FT SLP165
CYAW,2020-02-26 14:48,-63.4994,44.6397,CYAW 261448Z 01002KT 8SM OVC006 05/04 A3002 RMK ST8 DA-1098FT SLP167
CYAW,2020-02-26 15:00,-63.4994,44.6397,CYAW 261500Z 31002KT 6SM BR OVC006 05/04 A3002 RMK ST8 DA-1072FT SLP167
CYAW,2020-02-26 16:00,-63.4994,44.6397,CYAW 261600Z 07002KT 7SM OVC009 06/04 A3003 RMK ST8 DA-947FT SLP171
CYAW,2020-02-26 16:23,-63.4994,44.6397,CYAW 261623Z 22003KT 7SM OVC010 05/04 A3003 RMK SC8 DA-1011FT SLP170
CYAW,2020-02-26 17:00,-63.4994,44.6397,CYAW 261700Z 19006KT 7SM OVC012 05/04 A3003 RMK SC8 DA-1096FT SLP171
CYAW,2020-02-26 17:32,-63.4994,44.6397,CYAW 261732Z 18005G15KT 8SM FEW005 OVC015 05/04 A3004 RMK SF2SC6 DA-1081FT SLP174
CYAW,2020-02-26 17:50,-63.4994,44.6397,CYAW 261750Z 18004KT 8SM SCT015 OVC090 05/04 A3003 RMK SC3AC5 DA-1007FT SLP173
CYAW,2020-02-26 18:00,-63.4994,44.6397,CYAW 261800Z 17005KT 8SM FEW015 OVC090 06/04 A3003 RMK SC2AC6 DA-982FT SLP173
CYAW,2020-02-26 19:00,-63.4994,44.6397,CYAW 261900Z 16004KT 12SM FEW015 OVC080 05/04 A3004 RMK SC1AC7 DA-1057FT SLP174
CYAW,2020-02-26 20:00,-63.4994,44.6397,CYAW 262000Z 18004KT 15SM FEW015 OVC080 05/04 A3005 RMK SC1AC7 DA-1045FT FG OVR APCHS FG BANK DIST S SLP177
CYAW,2020-02-26 21:00,-63.4994,44.6397,CYAW 262100Z 00000KT 15SM BKN032 BKN080 05/04 A3005 RMK SC5AC2 DA-1032FT FG OVR APCHS FG BANK DIST S SLP179
CYAW,2020-02-26 21:54,-63.4994,44.6397,CYAW 262154Z 00000KT 15SM FEW010 BKN032 BKN080 05/04 A3006 RMK SF1SC5AC2 DA-1159FT FG OVR APCHS LAST OBS/NXT 270900 UTC SLP182
CYAW,2020-02-27 09:00,-63.4994,44.6397,CYAW 270900Z 07007KT 9SM FEW008 OVC060 00/M01 A3009 RMK SF2SC6 DA-1791FT FST OBS SLP190
CYAW,2020-02-27 09:47,-63.4994,44.6397,CYAW 270947Z 07014KT 8SM BKN008 OVC055 M00/M01 A3007 RMK SF6SC2 DA-1821FT SLP184
CYAW,2020-02-27 10:00,-63.4994,44.6397,CYAW 271000Z 07013G21KT 8SM BKN008 OVC055 M01/M02 A3008 RMK SF6SC2 DA-1858FT SLP187
CYAW,2020-02-27 10:25,-63.4994,44.6397,CYAW 271025Z 07012G22KT 5SM BR SCT005 BKN008 OVC055 M01/M01 A3007 RMK SF3SF4SC1 DA-1858FT SLP184
CYAW,2020-02-27 11:00,-63.4994,44.6397,CYAW 271100Z 07013G22KT 6SM BR OVC006 M01/M01 A3005 RMK SF8 DA-1873FT CIG RAG SLP179
CYAW,2020-02-27 12:00,-63.4994,44.6397,CYAW 271200Z 07015G26KT 3SM BR OVC006 M01/M02 A3002 RMK SF8 DA-1867FT CIG RAG SLP169
CYAW,2020-02-27 13:00,-63.4994,44.6397,CYAW 271300Z 08016G27KT 6SM BR BKN008 OVC012 M01/M02 A3001 RMK SF7ST1 DA-1830FT SLP164
CYAW,2020-02-27 14:00,-63.4994,44.6397,CYAW 271400Z 08020G34KT 6SM BR BKN009 OVC012 M01/M02 A2994 RMK SF6ST2 DA-1750FT PRESFR SLP141
CYAW,2020-02-27 15:00,-63.4994,44.6397,CYAW 271500Z 08020G31KT 6SM BR BKN008 OVC012 M01/M02 A2991 RMK SF6ST2 DA-1689FT SLP132
CYAW,2020-02-27 15:20,-63.4994,44.6397,CYAW 271520Z 08021G31KT 6SM -PL BR BKN008 OVC012 M01/M02 A2990 RMK SF6ST2 DA-1690FT SLP127
CYAW,2020-02-27 16:00,-63.4994,44.6397,CYAW 271600Z 08017G33KT 3SM -FZRA -PL BR BKN006 OVC009 M01/M01 A2984 RMK SF7ST1 DA-1589FT PRESFR SLP109
CYAW,2020-02-27 17:00,-63.4994,44.6397,CYAW 271700Z 08014G29KT 3SM -FZRA -PL BR BKN007 OVC012 M00/M01 A2975 RMK SF6ST2 DA-1457FT PRESFR SLP076
CYAW,2020-02-27 18:00,-63.4994,44.6397,CYAW 271800Z 07013G24KT 2 1/2SM -FZRA -PL BR BKN009 OVC012 M00/M01 A2964 RMK SF6ST2 DA-1290FT PRESFR SLP040
CYAW,2020-02-27 18:23,-63.4994,44.6397,CYAW 271823Z 08012G28KT 2SM -FZRA -PL BR BKN009 OVC012 M00/M01 A2961 RMK SF6ST2 DA-1242FT PRESFR SLP030
CYAW,2020-02-27 19:00,-63.4994,44.6397,CYAW 271900Z 07018G26KT 2SM -FZRA -PL BR BKN009 OVC012 M00/M00 A2954 RMK SF6ST2 DA-1173FT PRESFR SLP005
CYAW,2020-02-27 20:00,-63.4994,44.6397,CYAW 272000Z 08014G25KT 2SM -FZRA -PL BR OVC006 M00/M00 A2947 RMK SF8 DA-1075FT PRESFR LAST OBS/NXT 280900 UTC SLP980
CYAW,2020-02-28 09:00,-63.4994,44.6397,CYAW 280900Z 24020G26KT 15SM -SHSN FEW030 OVC046 01/M04 A2945 RMK SC2SC6 DA-971FT PCPN VRY LGT FST OBS SLP976
CYAW,2020-02-28 10:00,-63.4994,44.6397,CYAW 281000Z 23014G21KT 12SM -SHSN OVC040 00/M04 A2948 RMK SC8 DA-1070FT SLP986
CYAW,2020-02-28 11:00,-63.4994,44.6397,CYAW 281100Z 23016KT 8SM -SHSN FEW020 BKN036 M01/M03 A2951 RMK SC1SC7 DA-1229FT SLP995
CYAW,2020-02-28 11:52,-63.4994,44.6397,CYAW 281152Z 25018KT 1SM -SHSN OVC040 M01/M03 A2955 RMK SN6SC2 DA-1302FT SLP007
CYAW,2020-02-28 12:00,-63.4994,44.6397,CYAW 281200Z 25015G26KT 2SM -SHSN OVC036 M02/M03 A2955 RMK SN4CU4 DA-1376FT SLP007
CYAW,2020-02-28 12:33,-63.4994,44.6397,CYAW 281233Z 24016G24KT 1SM -SHSN OVC036 M02/M03 A2957 RMK SN6CU2 DA-1437FT SLP015
CYAW,2020-02-28 12:43,-63.4994,44.6397,CYAW 281243Z 25015G24KT 10SM -SHSN BKN021 OVC075 M02/M03 A2957 RMK CU7AC1 DA-1425FT PCPN VRY LGT VIS RSG RPDLY SLP016
CYAW,2020-02-28 13:00,-63.4994,44.6397,CYAW 281300Z 24013KT 15SM -SHSN SCT021 BKN041 BKN075 M01/M03 A2958 RMK CU4SC2AC1 DA-1300FT PCPN VRY LGT SLP018
CYAW,2020-02-28 14:00,-63.4994,44.6397,CYAW 281400Z 23014KT 10SM VCSH BKN027 01/M03 A2959 RMK CU7 DA-1145FT TCU ASOCTD NE SLP021
CYAW,2020-02-28 14:38,-63.4994,44.6397,CYAW 281438Z 22015G26KT 10SM -SHGS BKN029 BKN075 01/M04 A2959 RMK CU6AC1 DA-1148FT SLP023
CYAW,2020-02-28 15:00,-63.4994,44.6397,CYAW 281500Z 23018G31KT 12SM BKN030 BKN065 00/M05 A2959 RMK CU5SC1 DA-1177FT TCU ASOCTD NE SLP023
CYAW,2020-02-28 16:00,-63.4994,44.6397,CYAW 281600Z 22018G28KT 15SM -SHSN BKN040 BKN055 02/M06 A2960 RMK CU5SC2 DA-1045FT PCPN VRY LGT SLP024
CYAW,2020-02-28 16:10,-63.4994,44.6397,CYAW 281610Z 26018G27KT 12SM -SHGS BKN040 BKN055 01/M04 A2960 RMK CU5SC2 DA-1060FT VIS LWR N SLP026
CYAW,2020-02-28 17:00,-63.4994,44.6397,CYAW 281700Z 24021G28KT 15SM -SHGS BKN044 BKN055 02/M05 A2960 RMK CU5SC1 DA-1039FT PCPN VRY LGT SLP024
CYAW,2020-02-28 18:00,-63.4994,44.6397,CYAW 281800Z 22017G27KT 15SM -SHGS BKN045 BKN060 02/M04 A2960 RMK CU5SC2 DA-958FT PCPN VRY LGT VIS LWR S SLP026
CYAW,2020-02-28 18:27,-63.4994,44.6397,CYAW 281827Z 22016G21KT 15SM VCSH SCT040 BKN060 02/M04 A2961 RMK CU3SC2 DA-960FT SLP028
CYAW,2020-02-28 18:52,-63.4994,44.6397,CYAW 281852Z 22021G28KT 15SM -SHGS BKN033 01/M06 A2961 RMK CU6 DA-1118FT VIS LWR S SLP030
CYAW,2020-02-28 19:00,-63.4994,44.6397,CYAW 281900Z 23013G27KT 15SM -SHGS BKN036 BKN055 01/M05 A2962 RMK CU5SC2 DA-1090FT PCPN VRY LGT SLP032
CYAW,2020-02-28 20:00,-63.4994,44.6397,CYAW 282000Z 23018G24KT 15SM -SHGS SCT040 SCT060 01/M06 A2963 RMK CU4SC1 DA-1103FT PCPN VRY LGT SLP036
CYAW,2020-02-28 21:00,-63.4994,44.6397,CYAW 282100Z 23014G25KT 15SM -SHSN BKN036 01/M05 A2965 RMK CU6 DA-1214FT VIS LWR SE SLP042
CYAW,2020-02-28 21:25,-63.4994,44.6397,CYAW 282125Z 25017G22KT 15SM VCSH SCT040 01/M06 A2966 RMK CU4 DA-1251FT SLP047
CYAW,2020-02-28 22:00,-63.4994,44.6397,CYAW 282200Z 25015G22KT 15SM FEW040 M00/M06 A2968 RMK CU1 DA-1366FT LAST OBS/NXT 021000 UTC SLP051
CYAW,2020-03-02 10:00,-63.4994,44.6397,CYAW 021000Z 35006KT 15SM OVC019 M03/M05 A3003 RMK SC8 DA-2059FT FST OBS SLP170
CYAW,2020-03-02 11:00,-63.4994,44.6397,CYAW 021100Z 33013KT 15SM DRSN BKN018 M03/M05 A3005 RMK SC6 DA-2137FT SLP177
CYAW,2020-03-02 11:14,-63.4994,44.6397,CYAW 021114Z 33013KT 15SM FEW018 M03/M06 A3005 RMK SC2 DA-2138FT SLP179
CYAW,2020-03-02 12:00,-63.4994,44.6397,CYAW 021200Z 33011KT 15SM FEW018 M03/M07 A3008 RMK SC1 DA-2125FT SLP189
CYAW,2020-03-02 13:00,-63.4994,44.6397,CYAW 021300Z 33010G16KT 15SM FEW018 M02/M06 A3011 RMK SC1 DA-2042FT SLP197
CYAW,2020-03-02 14:00,-63.4994,44.6397,CYAW 021400Z 32008KT 15SM FEW018 00/M06 A3012 RMK SC1 DA-1839FT SLP203
CYAW,2020-03-02 15:00,-63.4994,44.6397,CYAW 021500Z 00000KT 15SM FEW040 03/M06 A3012 RMK CF1 DA-1473FT CUFRA TR SLP202
CYAW,2020-03-02 16:00,-63.4994,44.6397,CYAW 021600Z 29003KT 15SM FEW040 05/M07 A3011 RMK CF1 DA-1240FT CUFRA TR SLP200
CYAW,2020-03-02 17:00,-63.4994,44.6397,CYAW 021700Z 00000KT 15SM FEW020 FEW070 06/M09 A3011 RMK CU1AC1 DA-1049FT SLP198
CYAW,2020-03-02 18:00,-63.4994,44.6397,CYAW 021800Z 18009KT 15SM FEW020 FEW070 03/M04 A3009 RMK SC1AC1 DA-1428FT SLP193
CYAW,2020-03-02 19:00,-63.4994,44.6397,CYAW 021900Z 18012KT 15SM FEW030 FEW080 02/M07 A3010 RMK SC1AC1 DA-1527FT SLP194
CYAW,2020-03-02 20:00,-63.4994,44.6397,CYAW 022000Z 19011KT 15SM FEW030 FEW080 02/M05 A3009 RMK SC1AC1 DA-1582FT SLP193
CYAW,2020-03-02 21:00,-63.4994,44.6397,CYAW 022100Z 20013KT 15SM SCT020 BKN250 00/M04 A3010 RMK SC4CI3 DA-1793FT SLP196
CYAW,2020-03-02 22:00,-63.4994,44.6397,CYAW 022200Z 20010G16KT 15SM SCT020 BKN065 OVC250 M01/M04 A3011 RMK SC3SC3CI2 DA-1892FT SLP197
CYAW,2020-03-02 23:00,-63.4994,44.6397,CYAW 022300Z 19016G21KT 15SM SCT020 OVC070 M00/M03 A3008 RMK SC3AC5 DA-1829FT SLP190
CYAW,2020-03-02 23:50,-63.4994,44.6397,CYAW 022350Z 19015G20KT 15SM FEW018 OVC080 M00/M03 A3008 RMK SC2AC6 DA-1830FT LAST OBS/NXT 031000 UTC SLP188
CYAW,2020-03-03 10:00,-63.4994,44.6397,CYAW 031000Z 19012KT 10SM OVC007 04/04 A2983 RMK ST8 DA-937FT FST OBS SLP103
CYAW,2020-03-03 10:33,-63.4994,44.6397,CYAW 031033Z 19009G17KT 5SM BR OVC006 04/04 A2981 RMK ST8 DA-912FT SLP096
CYAW,2020-03-03 10:46,-63.4994,44.6397,CYAW 031046Z 19009KT 4SM BR OVC004 04/04 A2981 RMK ST8 DA-912FT SLP095
CYAW,2020-03-03 11:00,-63.4994,44.6397,CYAW 031100Z 19007KT 4SM BR OVC004 04/04 A2980 RMK ST8 DA-912FT SLP093
CYAW,2020-03-03 11:30,-63.4994,44.6397,CYAW 031130Z 19008KT 3SM BR OVC003 04/04 A2980 RMK ST8 DA-885FT VIS LWR N SLP094
CYAW,2020-03-03 12:00,-63.4994,44.6397,CYAW 031200Z 20009KT 3SM BR OVC003 04/04 A2980 RMK ST8 DA-884FT SLP092
CYAW,2020-03-03 12:31,-63.4994,44.6397,CYAW 031231Z 21004KT 4SM -SHRA BR OVC004 04/04 A2981 RMK ST8 DA-896FT SLP096
CYAW,2020-03-03 12:50,-63.4994,44.6397,CYAW 031250Z 20004KT 4SM BR OVC004 04/04 A2981 RMK ST8 DA-883FT SLP096
CYAW,2020-03-03 13:00,-63.4994,44.6397,CYAW 031300Z 18005KT 4SM BR OVC004 04/04 A2981 RMK ST8 DA-883FT SLP097
CYAW,2020-03-03 13:22,-63.4994,44.6397,CYAW 031322Z 21007KT 4SM -SHRA BR OVC004 04/04 A2981 RMK ST8 DA-870FT SLP098
CYAW,2020-03-03 13:44,-63.4994,44.6397,CYAW 031344Z 22012G18KT 6SM -SHRA BR SCT006 OVC042 05/05 A2981 RMK SF4SC4 DA-818FT SLP097
CYAW,2020-03-03 14:00,-63.4994,44.6397,CYAW 031400Z 22013KT 6SM -SHRA BR FEW006 OVC040 05/05 A2981 RMK SF2SC6 DA-794FT SLP095
CYAW,2020-03-03 15:00,-63.4994,44.6397,CYAW 031500Z 22010G15KT 7SM -SHRA FEW008 OVC050 06/05 A2980 RMK SF1SC7 DA-706FT PCPN VRY LGT GEOPOTENTIAL METERS SLP094
CYAW,2020-03-03 15:46,-63.4994,44.6397,CYAW 031546Z 23012G19KT 10SM -SHRA BKN007 OVC050 06/06 A2978 RMK SF5SC3 DA-591FT PCPN VRY LGT SLP087
CYAW,2020-03-03 16:00,-63.4994,44.6397,CYAW 031600Z 22013G20KT 8SM BKN007 OVC050 07/06 A2978 RMK SF6SC2 DA-563FT SLP085
CYAW,2020-03-03 16:25,-63.4994,44.6397,CYAW 031625Z 22011G17KT 6SM BR BKN006 OVC050 07/06 A2978 RMK SF6SC2 DA-562FT SLP086
CYAW,2020-03-03 16:50,-63.4994,44.6397,CYAW 031650Z 22015G25KT 6SM BR BKN004 OVC006 07/06 A2977 RMK SF6ST2 DA-524FT SLP083
CYAW,2020-03-03 17:00,-63.4994,44.6397,CYAW 031700Z 23016KT 6SM BR BKN003 OVC006 07/06 A2977 RMK SF6ST2 DA-524FT SLP082
CYAW,2020-03-03 17:14,-63.4994,44.6397,CYAW 031714Z 23016G24KT 4SM BR BKN002 OVC005 06/06 A2977 RMK SF6ST2 DA-562FT SLP082
CYAW,2020-03-03 17:39,-63.4994,44.6397,CYAW 031739Z 23016KT 4SM BR BKN004 OVC007 06/06 A2977 RMK SF6ST2 DA-614FT SLP082
CYAW,2020-03-03 18:00,-63.4994,44.6397,CYAW 031800Z 23009G15KT 4SM BR BKN005 OVC030 06/06 A2976 RMK SF6SC2 DA-564FT SLP078
CYAW,2020-03-03 18:21,-63.4994,44.6397,CYAW 031821Z 22008KT 7SM SCT005 BKN030 OVC090 07/06 A2975 RMK SF3SC2AC2 DA-452FT SLP077
CYAW,2020-03-03 19:00,-63.4994,44.6397,CYAW 031900Z 19007KT 6SM BR FEW005 BKN025 OVC090 08/06 A2974 RMK SF1SC4AC3 DA-330FT SLP073
CYAW,2020-03-03 19:48,-63.4994,44.6397,CYAW 031948Z 20010G17KT 6SM BR SCT005 BKN018 OVC070 07/05 A2975 RMK SF4SC2AC2 DA-521FT SLP075
CYAW,2020-03-03 20:00,-63.4994,44.6397,CYAW 032000Z 20009G15KT 6SM BR BKN004 OVC018 06/05 A2975 RMK SF5SC3 DA-583FT SLP076
CYAW,2020-03-03 21:00,-63.4994,44.6397,CYAW 032100Z 21007KT 6SM BR OVC004 06/05 A2976 RMK SF8 DA-670FT LAST OBS/NXT 041000 UTC SLP079
CYAW,2020-03-04 10:00,-63.4994,44.6397,CYAW 041000Z 11009KT 1/2SM FG VV002 05/05 A2928 RMK FG8 DA-225FT FST OBS SLP916
CYAW,2020-03-04 10:33,-63.4994,44.6397,CYAW 041033Z 15011G19KT 1/8SM -SHRA FG VV001 05/05 A2925 RMK FG8 DA-164FT SLP905
CYAW,2020-03-04 10:48,-63.4994,44.6397,CYAW 041048Z 17011KT 1/8SM -DZ FG VV001 04/04 A2924 RMK FG8 DA-244FT SLP904
CYAW,2020-03-04 11:00,-63.4994,44.6397,CYAW 041100Z 18010KT 1/8SM -DZ FG VV000 04/04 A2923 RMK FG8 DA-232FT SLP901
CYAW,2020-03-04 11:43,-63.4994,44.6397,CYAW 041143Z 17006KT 1/8SM -SHRA FG VV000 04/04 A2922 RMK FG8 DA-194FT SLP896
CYAW,2020-03-04 12:00,-63.4994,44.6397,CYAW 041200Z 18011G17KT 3/8SM -SHRA FG VV002 05/05 A2921 RMK FG8 DA-130FT VIS VRB 1/4-1/2 SLP892
CYAW,2020-03-04 12:14,-63.4994,44.6397,CYAW 041214Z 18012G17KT 1/8SM -DZ FG VV001 05/05 A2920 RMK FG8 DA-131FT SLP888
CYAW,2020-03-04 12:32,-63.4994,44.6397,CYAW 041232Z 20008KT 3/8SM -DZ FG VV001 05/05 A2919 RMK FG8 DA-93FT SLP885
CYAW,2020-03-04 12:45,-63.4994,44.6397,CYAW 041245Z 20016KT 1SM -DZ BR OVC003 05/05 A2917 RMK FG4SF4 DA-4FT SLP881
CYAW,2020-03-04 13:00,-63.4994,44.6397,CYAW 041300Z 21014G19KT 1/4SM -DZ FG VV001 05/05 A2917 RMK FG8 DA-31FT VIS VRB 1/4-3/4 SLP878
CYAW,2020-03-04 13:22,-63.4994,44.6397,CYAW 041322Z 21012G24KT 1/2SM -DZ FG VV002 05/05 A2915 RMK FG8 DA6FT VIS VRB 1/4-3/4 SLP873
CYAW,2020-03-04 13:41,-63.4994,44.6397,CYAW 041341Z 22006G18KT 3/4SM BR OVC003 05/05 A2911 RMK FG4ST4 DA79FT VIS VRB 1/2-1 PRESFR SLP860
CYAW,2020-03-04 14:00,-63.4994,44.6397,CYAW 041400Z 18008KT 1SM -SHRA BR OVC003 06/06 A2912 RMK FG2SF6 DA107FT SLP861
CYAW,2020-03-04 14:19,-63.4994,44.6397,CYAW 041419Z 20015G21KT 1/4SM FG VV002 05/05 A2912 RMK FG8 DA15FT SLP861
CYAW,2020-03-04 14:33,-63.4994,44.6397,CYAW 041433Z 21015G28KT 3/8SM -SHRA FG VV002 05/05 A2911 RMK FG8 DA-25FT SLP860
CYAW,2020-03-04 15:00,-63.4994,44.6397,CYAW 041500Z 21017G24KT 1 1/2SM -SHRA BR OVC003 05/05 A2910 RMK ST8 DA26FT VIS VRB 1-2 SLP856
CYAW,2020-03-04 15:17,-63.4994,44.6397,CYAW 041517Z 22015G25KT 6SM BR OVC004 05/05 A2909 RMK SF8 DA76FT SLP852
CYAW,2020-03-04 15:33,-63.4994,44.6397,CYAW 041533Z 23015G22KT 10SM SCT004 BKN007 BKN055 06/06 A2909 RMK SF3SF2SC2 DA233FT SLP851
CYAW,2020-03-04 16:00,-63.4994,44.6397,CYAW 041600Z 21017G26KT 10SM OVC007 07/06 A2908 RMK SF8 DA258FT SLP849
CYAW,2020-03-04 16:29,-63.4994,44.6397,CYAW 041629Z 22020G29KT 8SM -SHRA OVC006 06/05 A2907 RMK SF8 DA151FT SLP846
CYAW,2020-03-04 17:00,-63.4994,44.6397,CYAW 041700Z 22020G30KT 6SM -SHRA BR OVC009 06/05 A2908 RMK SF8 DA151FT SLP848
CYAW,2020-03-04 17:35,-63.4994,44.6397,CYAW 041735Z 23023G38KT 10SM SCT009 BKN018 07/05 A2910 RMK SF4SC3 DA261FT SLP855
CYAW,2020-03-04 18:00,-63.4994,44.6397,CYAW 041800Z 23024G33KT 10SM -SHRA FEW009 OVC016 06/04 A2912 RMK SF2SC6 DA121FT SLP862
CYAW,2020-03-04 19:00,-63.4994,44.6397,CYAW 041900Z 24025G33KT 10SM -SHRA OVC019 05/03 A2915 RMK SC8 DA4FT SLP874
CYAW,2020-03-04 20:00,-63.4994,44.6397,CYAW 042000Z 27022G33KT 8SM -SHRA OVC020 05/02 A2920 RMK SC8 DA-62FT SLP888
CYAW,2020-03-04 20:38,-63.4994,44.6397,CYAW 042038Z 24020G31KT 15SM OVC038 05/02 A2921 RMK SC8 DA-116FT SLP894
CYAW,2020-03-04 21:00,-63.4994,44.6397,CYAW 042100Z 25024G29KT 15SM FEW039 BKN048 05/01 A2923 RMK SC2SC5 DA-107FT SLP899
CYAW,2020-03-04 21:42,-63.4994,44.6397,CYAW 042142Z 24019G25KT 15SM FEW039 BKN061 05/00 A2925 RMK SC1SC6 DA-136FT LAST OBS/NEXT 051000 UTC SLP906
CYAW,2020-03-05 09:00,-63.4994,44.6397,CYAW 050900Z 26019G28KT 15SM SCT037 02/M04 A2946 RMK SC4 DA-862FT FST OBS SLP979
CYAW,2020-03-05 10:00,-63.4994,44.6397,CYAW 051000Z 26013G19KT 15SM FEW040 01/M05 A2949 RMK SC1 DA-961FT SLP987
CYAW,2020-03-05 11:00,-63.4994,44.6397,CYAW 051100Z 26018G24KT 15SM FEW020 FEW080 01/M05 A2950 RMK SC1AC1 DA-1025FT SLP992
CYAW,2020-03-05 12:00,-63.4994,44.6397,CYAW 051200Z 27015G26KT 15SM FEW030 FEW070 FEW250 02/M04 A2952 RMK SC2AC1CI1 DA-945FT SLP000
CYAW,2020-03-05 13:00,-63.4994,44.6397,CYAW 051300Z 28018G24KT 15SM BKN033 02/M04 A2954 RMK SC5 DA-905FT SLP006
CYAW,2020-03-05 14:00,-63.4994,44.6397,CYAW 051400Z 27020G28KT 15SM BKN036 02/M05 A2956 RMK SC6 DA-882FT SLP013
CYAW,2020-03-05 15:00,-63.4994,44.6397,CYAW 051500Z 29019G29KT 15SM BKN036 03/M05 A2958 RMK SC6 DA-882FT SLP019
CYAW,2020-03-05 16:00,-63.4994,44.6397,CYAW 051600Z 30023G31KT 15SM BKN038 03/M05 A2959 RMK SC6 DA-894FT SLP022
CYAW,2020-03-05 17:00,-63.4994,44.6397,CYAW 051700Z 28019G29KT 15SM BKN040 BKN070 04/M06 A2960 RMK SC5AC1 DA-782FT SLP026
CYAW,2020-03-05 18:00,-63.4994,44.6397,CYAW 051800Z 30013G26KT 15SM BKN040 BKN250 03/M05 A2963 RMK SC6CI1 DA-839FT SLP034
CYAW,2020-03-05 19:00,-63.4994,44.6397,CYAW 051900Z 30020G25KT 15SM BKN050 03/M06 A2965 RMK SC6 DA-903FT SLP042
CYAW,2020-03-05 20:00,-63.4994,44.6397,CYAW 052000Z 29018G30KT 15SM BKN050 03/M06 A2968 RMK SC7 DA-977FT LAST OBS/NEXT 061000 UTC SLP054
CYAW,2020-03-06 10:00,-63.4994,44.6397,CYAW 061000Z 31006KT 15SM SKC M04/M09 A3008 RMK DA-2351FT FST OBS SLP187
CYAW,2020-03-06 11:00,-63.4994,44.6397,CYAW 061100Z 32006KT 15SM FEW250 M04/M09 A3009 RMK CI1 DA-2362FT SLP192
CYAW,2020-03-06 12:00,-63.4994,44.6397,CYAW 061200Z 33008KT 15SM FEW250 M02/M09 A3011 RMK CI1 DA-2091FT SLP199
CYAW,2020-03-06 13:00,-63.4994,44.6397,CYAW 061300Z 34010G15KT 15SM FEW250 M01/M10 A3011 RMK CI1 DA-1914FT SLP197
CYAW,2020-03-06 14:00,-63.4994,44.6397,CYAW 061400Z 33011KT 15SM FEW250 01/M10 A3010 RMK CI1 DA-1690FT SLP196
CYAW,2020-03-06 15:00,-63.4994,44.6397,CYAW 061500Z 31003KT 15SM FEW250 03/M11 A3011 RMK CI2 DA-1451FT SLP198
CYAW,2020-03-06 16:00,-63.4994,44.6397,CYAW 061600Z 34006KT 15SM FEW250 04/M11 A3010 RMK CI2 DA-1303FT SLP196
CYAW,2020-03-06 17:00,-63.4994,44.6397,CYAW 061700Z 34007KT 15SM BKN220 04/M11 A3009 RMK CS5 DA-1379FT SLP192
CYAW,2020-03-06 18:00,-63.4994,44.6397,CYAW 061800Z 29002KT 15SM BKN220 04/M12 A3008 RMK CS7 DA-1258FT SLP189
CYAW,2020-03-06 19:00,-63.4994,44.6397,CYAW 061900Z 16009KT 15SM BKN220 02/M07 A3007 RMK CS7 DA-1530FT HALO SLP186
CYAW,2020-03-06 20:00,-63.4994,44.6397,CYAW 062000Z 15007KT 15SM BKN220 02/M07 A3007 RMK CS7 DA-1492FT SLP186
CYAW,2020-03-06 20:39,-63.4994,44.6397,CYAW 062039Z 17006KT 15SM FEW100 BKN220 02/M06 A3008 RMK AC1CS6 DA-1564FT LAST OBS/NEXT 090900 UTC SLP189
CYAW,2020-03-09 08:00,-63.4994,44.6397,CYAW 090800Z 25007KT 15SM SCT090 M01/M04 A3022 RMK AC4 DA-2022FT FST OBS SLP237
CYAW,2020-03-09 09:00,-63.4994,44.6397,CYAW 090900Z 00000KT 15SM SCT090 OVC230 M03/M05 A3023 RMK AC3CI5 DA-2382FT SLP238
CYAW,2020-03-09 10:00,-63.4994,44.6397,CYAW 091000Z 00000KT 15SM FEW080 BKN120 M03/M04 A3024 RMK AC2AC5 DA-2338FT SLP242
CYAW,2020-03-09 11:00,-63.4994,44.6397,CYAW 091100Z 02002KT 15SM FEW100 BKN180 M03/M05 A3025 RMK AC2AS6 DA-2430FT SLP247
CYAW,2020-03-09 12:00,-63.4994,44.6397,CYAW 091200Z 00000KT 15SM SCT100 BKN180 OVC250 M01/M02 A3026 RMK AS3AC2CS3 DA-2147FT SLP250
CYAW,2020-03-09 13:00,-63.4994,44.6397,CYAW 091300Z 15003KT 15SM FEW100 FEW180 BKN250 03/M02 A3025 RMK AC2AC1CS5 DA-1614FT SLP247
CYAW,2020-03-09 14:00,-63.4994,44.6397,CYAW 091400Z 11003KT 15SM FEW120 BKN250 05/M01 A3025 RMK AC2CI3 DA-1388FT SLP247
CYAW,2020-03-09 15:00,-63.4994,44.6397,CYAW 091500Z 11009KT 15SM FEW015 BKN120 BKN250 03/M00 A3024 RMK SC1AC7CI1 DA-1571FT SLP243
CYAW,2020-03-09 16:00,-63.4994,44.6397,CYAW 091600Z 09008KT 15SM FEW015 SCT120 BKN250 04/01 A3022 RMK SC2AC2CI2 DA-1405FT VIS LWR S SLP236
CYAW,2020-03-09 16:47,-63.4994,44.6397,CYAW 091647Z 10010KT 15SM BKN007 OVC120 02/M01 A3021 RMK ST5AC3 DA-1626FT VIS LWR S SLP231
CYAW,2020-03-09 17:00,-63.4994,44.6397,CYAW 091700Z 09010KT 15SM BKN006 OVC120 02/M01 A3021 RMK ST6AC2 DA-1665FT SLP231
CYAW,2020-03-09 18:00,-63.4994,44.6397,CYAW 091800Z 09006KT 12SM BKN007 OVC120 01/M01 A3020 RMK ST7AC1 DA-1756FT SLP229
CYAW,2020-03-09 19:00,-63.4994,44.6397,CYAW 091900Z 06010G15KT 12SM BKN008 OVC013 02/M01 A3021 RMK ST6SC2 DA-1730FT SLP233
CYAW,2020-03-09 19:25,-63.4994,44.6397,CYAW 091925Z 09009KT 12SM BKN014 OVC030 01/M02 A3022 RMK SC6SC2 DA-1771FT SLP234
CYAW,2020-03-09 20:00,-63.4994,44.6397,CYAW 092000Z 08008KT 15SM BKN015 BKN060 OVC090 01/M03 A3022 RMK SC6SC2AC1 DA-1861FT SLP234
CYAW,2020-03-09 20:19,-63.4994,44.6397,CYAW 092019Z 09011KT 15SM FEW015 SCT060 OVC090 01/M03 A3021 RMK SC2SC2AC4 DA-1852FT SLP233
CYAW,2020-03-09 21:00,-63.4994,44.6397,CYAW 092100Z 08008KT 15SM FEW060 OVC085 00/M03 A3022 RMK SC2AC6 DA-1890FT SLP237
CYAW,2020-03-09 22:00,-63.4994,44.6397,CYAW 092200Z 08011KT 15SM FEW060 BKN085 OVC250 M00/M05 A3025 RMK SC2AC6CI1 DA-2021FT SLP246
CYAW,2020-03-09 23:00,-63.4994,44.6397,CYAW 092300Z 08005KT 15SM OVC085 M00/M05 A3027 RMK AC8 DA-2057FT SLP252
CYAW,2020-03-10 00:00,-63.4994,44.6397,CYAW 100000Z 09007KT 15SM OVC074 M00/M05 A3030 RMK AC8 DA-2079FT LAST OBS/NEXT 100900 UTC SLP263
CYAW,2020-03-10 08:00,-63.4994,44.6397,CYAW 100800Z 09008KT 15SM OVC008 M03/M04 A3029 RMK ST8 DA-2409FT FST OBS SLP261
CYAW,2020-03-10 08:33,-63.4994,44.6397,CYAW 100833Z 07008KT 15SM -SHSN OVC008 M03/M04 A3031 RMK ST8 DA-2431FT PCPN VRY LGT SLP267
CYAW,2020-03-10 09:00,-63.4994,44.6397,CYAW 100900Z 08009KT 12SM -SHSN OVC007 M03/M04 A3029 RMK ST8 DA-2408FT PCPN VRY LGT SLP260
CYAW,2020-03-10 10:00,-63.4994,44.6397,CYAW 101000Z 08010KT 15SM -SHSN OVC007 M03/M04 A3027 RMK ST8 DA-2397FT PCPN VRY LGT SLP252
CYAW,2020-03-10 11:00,-63.4994,44.6397,CYAW 101100Z 10010G21KT 8SM -SHSN OVC007 M02/M02 A3026 RMK ST8 DA-2210FT PCPN VRY LGT SLP249
CYAW,2020-03-10 11:24,-63.4994,44.6397,CYAW 101124Z 10008G21KT 6SM BR OVC006 M02/M02 A3025 RMK ST8 DA-2184FT SLP247
CYAW,2020-03-10 12:00,-63.4994,44.6397,CYAW 101200Z 11012G18KT 4SM BR OVC005 M01/M02 A3025 RMK ST8 DA-2118FT SLP246
CYAW,2020-03-10 12:32,-63.4994,44.6397,CYAW 101232Z 09009G19KT 4SM -SHRA BR OVC005 M01/M01 A3025 RMK ST8 DA-2077FT PCPN VRY LGT SLP245
CYAW,2020-03-10 12:44,-63.4994,44.6397,CYAW 101244Z 11011G18KT 5SM BR OVC005 M01/M01 A3024 RMK ST8 DA-2052FT SLP243
CYAW,2020-03-10 13:00,-63.4994,44.6397,CYAW 101300Z 11011G17KT 5SM BR OVC005 M01/M01 A3024 RMK ST8 DA-2038FT SLP242
CYAW,2020-03-10 13:24,-63.4994,44.6397,CYAW 101324Z 10011G19KT 4SM BR OVC005 M00/M01 A3023 RMK ST8 DA-1987FT SLP240
CYAW,2020-03-10 13:37,-63.4994,44.6397,CYAW 101337Z 10013G18KT 2SM BR OVC004 M00/M00 A3023 RMK ST8 DA-1973FT SLP238
CYAW,2020-03-10 13:50,-63.4994,44.6397,CYAW 101350Z 10010G18KT 3/4SM -DZ BR OVC004 M00/M00 A3023 RMK ST8 DA-1960FT PCPN VRY LGT SLP238
CYAW,2020-03-10 14:00,-63.4994,44.6397,CYAW 101400Z 10013KT 3/4SM -DZ BR OVC002 M00/M00 A3021 RMK ST8 DA-1936FT SLP233
CYAW,2020-03-10 14:17,-63.4994,44.6397,CYAW 101417Z 11013G20KT 1/2SM -DZ FG OVC002 00/00 A3019 RMK ST8 DA-1899FT PRESFR SLP227
CYAW,2020-03-10 14:30,-63.4994,44.6397,CYAW 101430Z 11011G18KT 1/4SM -DZ FG VV002 00/00 A3019 RMK FG8 DA-1872FT SLP227
CYAW,2020-03-10 15:00,-63.4994,44.6397,CYAW 101500Z 10010G15KT 1/4SM -DZ FG VV002 00/00 A3020 RMK FG8 DA-1857FT SLP229
CYAW,2020-03-10 15:13,-63.4994,44.6397,CYAW 101513Z 10008KT 1/8SM -DZ FG VV001 01/01 A3019 RMK FG8 DA-1832FT SLP226
CYAW,2020-03-10 16:00,-63.4994,44.6397,CYAW 101600Z 10008G15KT 1/8SM -DZ FG VV001 01/01 A3015 RMK FG8 DA-1746FT SLP212
CYAW,2020-03-10 17:00,-63.4994,44.6397,CYAW 101700Z 09009G15KT 1/8SM -DZ FG VV001 01/01 A3011 RMK FG8 DA-1660FT SLP197
CYAW,2020-03-10 18:00,-63.4994,44.6397,CYAW 101800Z 09010G16KT 1/8SM -DZ FG VV001 01/01 A3007 RMK FG8 DA-1574FT SLP184
CYAW,2020-03-10 19:00,-63.4994,44.6397,CYAW 101900Z 09007KT 1/8SM -DZ FG VV001 02/02 A3004 RMK FG8 DA-1513FT SLP176
CYAW,2020-03-10 20:00,-63.4994,44.6397,CYAW 102000Z 09008KT 1/8SM -DZ FG VV001 02/02 A3000 RMK FG8 DA-1480FT SLP160
CYAW,2020-03-10 21:00,-63.4994,44.6397,CYAW 102100Z 09007KT 1/8SM -DZ FG VV001 02/02 A2996 RMK FG8 DA-1434FT SLP148
CYAW,2020-03-10 22:00,-63.4994,44.6397,CYAW 102200Z 14006KT 1/8SM -DZ FG VV001 02/02 A2993 RMK FG8 DA-1386FT SLP139
CYAW,2020-03-10 22:08,-63.4994,44.6397,CYAW 102208Z 13007KT 1/8SM -DZ FG VV001 02/02 A2994 RMK FG8 DA-1398FT SLP140
CYAW,2020-03-11 08:00,-63.4994,44.6397,CYAW 110800Z 22006KT 5SM -SHRA BR OVC003 05/05 A2976 RMK ST8 DA-805FT FST OBS SLP081
CYAW,2020-03-11 09:00,-63.4994,44.6397,CYAW 110900Z 23004KT 5SM -SHRA BR OVC003 04/04 A2978 RMK ST8 DA-842FT PCPN VRY LGT SLP086
CYAW,2020-03-11 09:23,-63.4994,44.6397,CYAW 110923Z 22004KT 3SM BR OVC003 05/05 A2978 RMK ST8 DA-815FT SLP086
CYAW,2020-03-11 09:47,-63.4994,44.6397,CYAW 110947Z 24007KT 3SM -DZ BR BKN005 OVC011 05/05 A2978 RMK SF5SC3 DA-789FT SLP087
CYAW,2020-03-11 10:00,-63.4994,44.6397,CYAW 111000Z 25005KT 3SM -DZ BR BKN005 OVC011 05/05 A2978 RMK SF6SC2 DA-789FT SLP087
CYAW,2020-03-11 10:21,-63.4994,44.6397,CYAW 111021Z 27006KT 2SM -SHRA BR OVC004 05/05 A2979 RMK ST8 DA-787FT SLP089
CYAW,2020-03-11 11:00,-63.4994,44.6397,CYAW 111100Z 27006KT 2SM -SHRA BR OVC005 05/05 A2980 RMK ST8 DA-786FT VIS HIER W SLP093
CYAW,2020-03-11 11:42,-63.4994,44.6397,CYAW 111142Z 30004KT 2SM -DZ BR OVC006 05/05 A2981 RMK ST8 DA-784FT SLP097
CYAW,2020-03-11 12:00,-63.4994,44.6397,CYAW 111200Z 29005KT 4SM BR BKN004 OVC009 05/05 A2982 RMK SF6ST2 DA-782FT SLP101
CYAW,2020-03-11 12:24,-63.4994,44.6397,CYAW 111224Z 32007KT 10SM BKN006 OVC011 05/05 A2983 RMK SF6SC2 DA-794FT SLP103
CYAW,2020-03-11 13:00,-63.4994,44.6397,CYAW 111300Z 31009KT 15SM BKN008 OVC012 05/05 A2985 RMK SF6SC2 DA-843FT SLP111
CYAW,2020-03-11 13:13,-63.4994,44.6397,CYAW 111313Z 32011KT 15SM -SHRA BKN008 OVC012 05/05 A2987 RMK SF6SC2 DA-893FT SLP115
CYAW,2020-03-11 14:00,-63.4994,44.6397,CYAW 111400Z 33010G15KT 15SM -SHRA BKN009 OVC019 04/04 A2989 RMK SF5SC3 DA-971FT PCPN VRY LGT SLP123
CYAW,2020-03-11 14:06,-63.4994,44.6397,CYAW 111406Z 32013KT 15SM SCT009 BKN013 OVC030 05/04 A2990 RMK SF3SC2SC2 DA-957FT PRESRR SLP125
CYAW,2020-03-11 15:00,-63.4994,44.6397,CYAW 111500Z 33014G20KT 15SM BKN016 OVC030 03/02 A2993 RMK SC6SC2 DA-1194FT SLP137
CYAW,2020-03-11 16:00,-63.4994,44.6397,CYAW 111600Z 32012KT 15SM SCT010 BKN016 03/01 A2995 RMK SC3SC4 DA-1297FT SLP144
CYAW,2020-03-11 17:00,-63.4994,44.6397,CYAW 111700Z 32015KT 15SM SCT013 BKN018 02/M00 A2995 RMK SC4SC3 DA-1395FT SLP145
CYAW,2020-03-11 18:00,-63.4994,44.6397,CYAW 111800Z 32016KT 15SM SCT014 BKN018 01/M02 A2998 RMK SC4SC3 DA-1566FT SLP155
CYAW,2020-03-11 19:00,-63.4994,44.6397,CYAW 111900Z 33016G21KT 15SM BKN017 01/M03 A3000 RMK SC7 DA-1568FT SLP161
CYAW,2020-03-11 20:00,-63.4994,44.6397,CYAW 112000Z 33010G16KT 15SM BKN021 01/M03 A3004 RMK SC6 DA-1577FT SLP176
CYAW,2020-03-11 21:00,-63.4994,44.6397,CYAW 112100Z 36011KT 15SM SCT021 BKN250 01/M03 A3005 RMK SC4CI3 DA-1617FT SLP177
CYAW,2020-03-11 22:00,-63.4994,44.6397,CYAW 112200Z 36006KT 15SM BKN020 M00/M04 A3008 RMK SC7 DA-1844FT SLP188
CYAW,2020-03-11 22:20,-63.4994,44.6397,CYAW 112220Z 36010KT 15SM BKN020 M01/M04 A3009 RMK SC7 DA-1897FT LAST OBS/NEXT 121000 UTC SLP190
CYAW,2020-03-12 10:00,-63.4994,44.6397,CYAW 121000Z 00000KT 15SM BKN150 M05/M06 A3017 RMK AC6 DA-2618FT FST OBS SLP221
CYAW,2020-03-12 11:00,-63.4994,44.6397,CYAW 121100Z 00000KT 15SM FEW020 SCT150 SCT250 M05/M06 A3019 RMK SC1AC2CI1 DA-2626FT SLP225
CYAW,2020-03-12 12:00,-63.4994,44.6397,CYAW 121200Z 00000KT 15SM FEW020 FEW150 FEW250 M01/M06 A3022 RMK SC1AC1CI2 DA-2119FT SC TR SLP234
CYAW,2020-03-12 13:00,-63.4994,44.6397,CYAW 121300Z 00000KT 15SM FEW020 FEW150 BKN250 00/M06 A3022 RMK SC1AC1CI5 DA-1914FT SC TR SLP236
CYAW,2020-03-12 14:00,-63.4994,44.6397,CYAW 121400Z 31006KT 15SM BKN039 BKN150 02/M05 A3023 RMK SC5AC1 DA-1783FT CU ASOCTD SLP240
CYAW,2020-03-12 15:00,-63.4994,44.6397,CYAW 121500Z 27005KT 15SM BKN038 BKN150 01/M05 A3024 RMK SC6AC1 DA-1819FT SLP241
CYAW,2020-03-12 16:00,-63.4994,44.6397,CYAW 121600Z 28002KT 15SM BKN036 BKN150 BKN220 04/M05 A3023 RMK SC6AC2CI1 DA-1519FT SLP238
CYAW,2020-03-12 17:00,-63.4994,44.6397,CYAW 121700Z 27008KT 15SM BKN033 BKN150 04/M05 A3023 RMK SC5AC1 DA-1417FT SLP238
CYAW,2020-03-12 18:00,-63.4994,44.6397,CYAW 121800Z 27009KT 15SM FEW038 FEW150 SCT220 SCT250 05/M05 A3022 RMK SC2AC1CS2CI1 DA-1392FT HALO SLP236
CYAW,2020-03-12 19:00,-63.4994,44.6397,CYAW 121900Z 17010KT 15SM FEW038 FEW150 BKN250 03/M04 A3023 RMK SC2AC1CI2 DA-1598FT SLP238
CYAW,2020-03-12 20:00,-63.4994,44.6397,CYAW 122000Z 18010KT 15SM FEW038 BKN220 02/M03 A3024 RMK CF1CS6 DA-1681FT CUFRA TR SLP243
CYAW,2020-03-12 21:00,-63.4994,44.6397,CYAW 122100Z 19011KT 15SM FEW040 BKN220 01/M03 A3027 RMK SC1CS7 DA-1844FT SLP252
CYAW,2020-03-12 22:00,-63.4994,44.6397,CYAW 122200Z 21007KT 15SM FEW040 OVC220 00/M03 A3030 RMK SC1CS8 DA-2018FT SLP263
CYAW,2020-03-12 23:00,-63.4994,44.6397,CYAW 122300Z 22007KT 15SM BKN220 M01/M03 A3033 RMK CS6 DA-2155FT SLP272
CYAW,2020-03-13 00:00,-63.4994,44.6397,CYAW 130000Z 22005KT 15SM BKN220 M02/M03 A3036 RMK CS6 DA-2316FT SLP283
CYAW,2020-03-13 00:45,-63.4994,44.6397,CYAW 130045Z 22004KT 15SM BKN220 M02/M03 A3036 RMK CS6 DA-2354FT LAST OBS/NEXT 130800 UTC SLP284
CYAW,2020-03-13 08:00,-63.4994,44.6397,CYAW 130800Z 17003KT 15SM FEW020 SCT250 M06/M06 A3041 RMK SC1CI2 DA-2918FT FST OBS SLP301
CYAW,2020-03-13 09:00,-63.4994,44.6397,CYAW 130900Z 06002KT 15SM FEW022 FEW250 M06/M06 A3042 RMK SC1CI2 DA-2998FT SLP303
CYAW,2020-03-13 10:00,-63.4994,44.6397,CYAW 131000Z 06004KT 15SM FEW020 FEW120 FEW250 M06/M06 A3043 RMK SC1AC2CI1 DA-2942FT SLP307
CYAW,2020-03-13 11:00,-63.4994,44.6397,CYAW 131100Z 08004KT 15SM FEW250 M04/M04 A3041 RMK CI2 DA-2662FT SLP299
CYAW,2020-03-13 12:00,-63.4994,44.6397,CYAW 131200Z 10004KT 15SM FEW030 BKN250 M00/M00 A3041 RMK SC1CI5 DA-2178FT SLP299
CYAW,2020-03-13 13:00,-63.4994,44.6397,CYAW 131300Z 11009G15KT 15SM FEW034 FEW120 BKN250 01/00 A3043 RMK SC1AC1CS4 DA-1994FT SLP307
CYAW,2020-03-13 14:00,-63.4994,44.6397,CYAW 131400Z 11011KT 15SM FEW030 FEW120 BKN250 03/M00 A3043 RMK SC2AC1CI4 DA-1784FT SLP306
CYAW,2020-03-13 15:00,-63.4994,44.6397,CYAW 131500Z 11010G16KT 15SM FEW030 SCT120 OVC250 02/M01 A3041 RMK SC1AS3CI4 DA-1891FT SLP300
CYAW,2020-03-13 16:00,-63.4994,44.6397,CYAW 131600Z 11012G19KT 15SM SCT014 OVC120 02/M01 A3036 RMK SC4AS4 DA-1833FT SLP285
CYAW,2020-03-13 16:13,-63.4994,44.6397,CYAW 131613Z 10010G18KT 12SM OVC013 02/M01 A3035 RMK SC8 DA-1820FT PRESFR SLP280
CYAW,2020-03-13 17:00,-63.4994,44.6397,CYAW 131700Z 11015G20KT 12SM OVC014 02/00 A3032 RMK SC8 DA-1769FT SLP269
CYAW,2020-03-13 18:00,-63.4994,44.6397,CYAW 131800Z 11014G24KT 12SM BKN013 OVC030 02/00 A3027 RMK SC7SC1 DA-1684FT SLP253
CYAW,2020-03-13 18:39,-63.4994,44.6397,CYAW 131839Z 11017G24KT 10SM SCT013 BKN022 OVC120 02/00 A3023 RMK SC3SC3AS2 DA-1651FT PRESFR SUN DIMLY VISBL SLP238
CYAW,2020-03-13 19:00,-63.4994,44.6397,CYAW 131900Z 11014G22KT 10SM FEW013 BKN021 OVC120 02/01 A3020 RMK SC2SC5AS1 DA-1640FT PRESFR LAST OBS/NEXT 160800 UTC SLP229
CYAW,2020-03-16 12:00,-63.4994,44.6397,CYAW 161200Z 34012G17KT 15SM BKN053 M06/M13 A3051 RMK SC7 DA-3135FT FST OBS SLP335
CYAW,2020-03-16 13:00,-63.4994,44.6397,CYAW 161300Z 33012G18KT 15SM FEW030 FEW053 M05/M14 A3052 RMK SC1SC1 DA-2991FT SLP336
CYAW,2020-03-16 14:00,-63.4994,44.6397,CYAW 161400Z 34011G19KT 15SM FEW040 FEW053 M04/M13 A3052 RMK SC2SC1 DA-2820FT SLP338
CYAW,2020-03-16 15:00,-63.4994,44.6397,CYAW 161500Z 34009G18KT 15SM FEW043 M03/M13 A3052 RMK SC2 DA-2716FT SLP338
CYAW,2020-03-16 16:00,-63.4994,44.6397,CYAW 161600Z 32006G16KT 15SM FEW044 M03/M14 A3052 RMK SC1 DA-2667FT SLP336
CYAW,2020-03-16 17:00,-63.4994,44.6397,CYAW 161700Z 01011G16KT 15SM FEW044 M01/M14 A3051 RMK SC1 DA-2436FT SLP333
CYAW,2020-03-16 18:00,-63.4994,44.6397,CYAW 161800Z 35011G20KT 15SM SCT048 M01/M12 A3051 RMK SC4 DA-2432FT SLP334
CYAW,2020-03-16 19:00,-63.4994,44.6397,CYAW 161900Z 36015G20KT 15SM BKN043 M01/M11 A3052 RMK SC5 DA-2505FT SLP336
CYAW,2020-03-16 20:00,-63.4994,44.6397,CYAW 162000Z 34014KT 15SM BKN038 M01/M10 A3052 RMK SC6 DA-2462FT SLP339
CYAW,2020-03-16 20:45,-63.4994,44.6397,CYAW 162045Z 35014KT 15SM -SHSN BKN030 M02/M09 A3054 RMK SC6 DA-2611FT PCPN VRY LGT SLP345
CYAW,2020-03-16 21:00,-63.4994,44.6397,CYAW 162100Z 34011G16KT 15SM -SHSN BKN032 M02/M08 A3054 RMK SC7 DA-2635FT PCPN VRY LGT SLP346
CYAW,2020-03-16 22:00,-63.4994,44.6397,CYAW 162200Z 35012KT 15SM -SHSN BKN029 M03/M08 A3056 RMK SC7 DA-2736FT SLP351
CYAW,2020-03-16 22:39,-63.4994,44.6397,CYAW 162239Z 36012G17KT 15SM BKN028 M03/M08 A3057 RMK SC7 DA-2799FT SLP353
CYAW,2020-03-16 23:00,-63.4994,44.6397,CYAW 162300Z 36009KT 15SM BKN028 M04/M08 A3057 RMK SC5 DA-2838FT SLP353
CYAW,2020-03-17 00:00,-63.4994,44.6397,CYAW 170000Z 35008KT 15SM FEW025 M05/M08 A3057 RMK SC1 DA-2994FT SLP357
CYAW,2020-03-17 01:00,-63.4994,44.6397,CYAW 170100Z 36009KT 15SM FEW025 M06/M09 A3059 RMK SC1 DA-3123FT LAST OBS/NEXT 171400 UTC SLP361
CYAW,2020-03-17 19:00,-63.4994,44.6397,CYAW 171900Z 17014G20KT 15SM BKN023 BKN065 OVC090 01/M03 A3029 RMK SC6SC2AS1 DA-1880FT FST OBS SLP259
CYAW,2020-03-17 19:47,-63.4994,44.6397,CYAW 171947Z 18012KT 15SM -SHSN OVC018 01/M03 A3026 RMK SC8 DA-1880FT PCPN VRY LGT SLP251
CYAW,2020-03-17 20:00,-63.4994,44.6397,CYAW 172000Z 18012KT 15SM -SHSN OVC017 01/M03 A3025 RMK SC8 DA-1881FT PCPN VRY LGT SLP247
CYAW,2020-03-17 21:00,-63.4994,44.6397,CYAW 172100Z 16010KT 15SM -SHSN OVC015 01/M01 A3022 RMK SC8 DA-1851FT PCPN VRY LGT SLP235
CYAW,2020-03-17 21:25,-63.4994,44.6397,CYAW 172125Z 16009KT 12SM OVC013 01/M00 A3020 RMK SC8 DA-1798FT SLP231
CYAW,2020-03-17 22:00,-63.4994,44.6397,CYAW 172200Z 15011KT 10SM -RASN OVC013 01/01 A3019 RMK SC8 DA-1717FT SLP225
CYAW,2020-03-17 22:16,-63.4994,44.6397,CYAW 172216Z 16017KT 4SM -RASN FEW008 OVC010 01/01 A3017 RMK SF1ST7 DA-1693FT SLP221
CYAW,2020-03-17 22:32,-63.4994,44.6397,CYAW 172232Z 17016G26KT 2SM -SN OVC008 01/01 A3017 RMK ST8 DA-1719FT SLP218
CYAW,2020-03-17 22:52,-63.4994,44.6397,CYAW 172252Z 17014G21KT 2SM -SN OVC004 01/01 A3016 RMK SN5ST3 DA-1785FT SLP217
CYAW,2020-03-17 23:00,-63.4994,44.6397,CYAW 172300Z CCA 17012G20KT 1 1/2SM -SN OVC003 00/00 A3015 RMK SN7ST1 DA-1799FT LAST OBS/NEXT 181600 UTC SLP214
CYAW,2020-03-18 16:00,-63.4994,44.6397,CYAW 181600Z 28017KT 15SM FEW040 05/M04 A3028 RMK CU1 DA-1396FT FST OBS SLP255
CYAW,2020-03-18 17:00,-63.4994,44.6397,CYAW 181700Z 30017KT 15SM FEW040 05/M04 A3030 RMK CU1 DA-1367FT SLP261
CYAW,2020-03-18 18:00,-63.4994,44.6397,CYAW 181800Z 28016G22KT 15SM FEW040 FEW250 05/M06 A3031 RMK CU1CI1 DA-1389FT SLP266
CYAW,2020-03-18 19:00,-63.4994,44.6397,CYAW 181900Z 30017KT 15SM FEW040 FEW250 05/M08 A3033 RMK CF1CI2 DA-1429FT CUFRA TR SLP272
CYAW,2020-03-18 20:00,-63.4994,44.6397,CYAW 182000Z 32017G22KT 15SM FEW250 04/M10 A3034 RMK CI1 DA-1561FT SLP277
CYAW,2020-03-18 21:00,-63.4994,44.6397,CYAW 182100Z 30015G21KT 15SM FEW040 FEW250 04/M10 A3038 RMK CF1CI1 DA-1681FT CUFRA TR SLP288
CYAW,2020-03-18 22:00,-63.4994,44.6397,CYAW 182200Z 32009G15KT 15SM FEW250 02/M09 A3041 RMK CI1 DA-1888FT SLP298
CYAW,2020-03-18 23:00,-63.4994,44.6397,CYAW 182300Z 30010KT 15SM FEW250 01/M10 A3045 RMK CI1 DA-2140FT SLP313
CYAW,2020-03-19 00:00,-63.4994,44.6397,CYAW 190000Z 29007KT 15SM BKN250 01/M09 A3049 RMK CI5 DA-2221FT SLP327
CYAW,2020-03-19 01:00,-63.4994,44.6397,CYAW 190100Z 28005KT 15SM BKN250 01/M08 A3051 RMK CI5 DA-2241FT LAST OBS/NEXT 191900 UTC SLP334
CYAW,2020-03-19 18:00,-63.4994,44.6397,CYAW 191800Z 14008KT 15SM BKN110 04/M07 A3064 RMK AC7 DA-1990FT FST OBS SLP377
CYAW,2020-03-19 19:00,-63.4994,44.6397,CYAW 191900Z 13005KT 15SM BKN095 03/M04 A3062 RMK AC7 DA-2006FT SLP372
CYAW,2020-03-19 20:00,-63.4994,44.6397,CYAW 192000Z 11004KT 15SM BKN090 03/M03 A3058 RMK AC7 DA-1982FT SLP357
CYAW,2020-03-19 21:00,-63.4994,44.6397,CYAW 192100Z 11005KT 15SM BKN088 02/M02 A3058 RMK AC7 DA-2115FT SLP359
CYAW,2020-03-19 22:00,-63.4994,44.6397,CYAW 192200Z 10005KT 15SM BKN070 01/M02 A3057 RMK AC7 DA-2165FT SLP355
CYAW,2020-03-19 23:00,-63.4994,44.6397,CYAW 192300Z 09004KT 15SM OVC084 01/M01 A3059 RMK AC8 DA-2187FT SLP361
CYAW,2020-03-20 00:00,-63.4994,44.6397,CYAW 200000Z 10006KT 15SM OVC075 01/M00 A3060 RMK AC8 DA-2192FT SLP363
CYAW,2020-03-20 01:00,-63.4994,44.6397,CYAW 200100Z 09006KT 15SM BKN030 OVC070 02/01 A3057 RMK SC6AC2 DA-2127FT SLP353
CYAW,2020-03-20 01:29,-63.4994,44.6397,CYAW 200129Z 08007KT 15SM OVC030 02/01 A3055 RMK SC8 DA-2077FT LAST OBS/NXT 201400 UTC SLP349
CYAW,2020-03-20 14:00,-63.4994,44.6397,CYAW 201400Z 18012G18KT 0SM -RA FG VV000 05/05 A2999 RMK FG8 DA-979FT FST OBS SLP157
CYAW,2020-03-20 14:44,-63.4994,44.6397,CYAW 201444Z 18013KT 0SM -DZ FG VV000 06/06 A2995 RMK FG8 DA-867FT SLP144
CYAW,2020-03-20 15:00,-63.4994,44.6397,CYAW 201500Z 19012G17KT 0SM -DZ FG VV000 06/06 A2995 RMK FG8 DA-853FT SLP143
CYAW,2020-03-20 15:30,-63.4994,44.6397,CYAW 201530Z 19012G19KT 5/8SM BR OVC002 06/06 A2992 RMK ST8 DA-792FT SLP134
CYAW,2020-03-20 15:46,-63.4994,44.6397,CYAW 201546Z 20008G15KT 3SM -RA BR OVC003 06/06 A2993 RMK ST8 DA-844FT SLP136
CYAW,2020-03-20 16:00,-63.4994,44.6397,CYAW 201600Z 21009KT 6SM -RA BR OVC003 06/06 A2991 RMK ST8 DA-781FT PCPN VRY LGT SLP131
CYAW,2020-03-20 17:00,-63.4994,44.6397,CYAW 201700Z 17009KT 6SM -SHRA BR OVC003 05/05 A2988 RMK ST8 DA-852FT SLP120
CYAW,2020-03-20 17:23,-63.4994,44.6397,CYAW 201723Z 18007KT 5SM BR OVC003 05/05 A2987 RMK ST8 DA-853FT SLP117
CYAW,2020-03-20 18:00,-63.4994,44.6397,CYAW 201800Z 18012KT 4SM BR OVC002 05/05 A2985 RMK ST8 DA-857FT SLP109
CYAW,2020-03-20 18:23,-63.4994,44.6397,CYAW 201823Z 19010G16KT 1 1/2SM BR OVC001 05/05 A2984 RMK ST8 DA-845FT SLP108
CYAW,2020-03-20 19:00,-63.4994,44.6397,CYAW 201900Z 20010G19KT 5SM BR OVC004 07/07 A2981 RMK ST8 DA-586FT SLP097
CYAW,2020-03-20 19:32,-63.4994,44.6397,CYAW 201932Z 17012KT 3SM BR OVC002 06/06 A2978 RMK ST8 DA-644FT PRESFR SLP086
CYAW,2020-03-20 19:40,-63.4994,44.6397,CYAW 201940Z 17010KT 5/8SM BR OVC001 05/05 A2978 RMK ST8 DA-710FT SLP085
CYAW,2020-03-20 20:00,-63.4994,44.6397,CYAW 202000Z 18011G16KT 3/8SM FG VV001 05/05 A2976 RMK FG8 DA-752FT SLP078
CYAW,2020-03-20 20:29,-63.4994,44.6397,CYAW 202029Z 18010KT 1/8SM FG VV000 05/05 A2975 RMK FG8 DA-728FT SLP075
CYAW,2020-03-20 21:00,-63.4994,44.6397,CYAW 202100Z 18009KT 3/4SM -SHRA BR VV001 05/05 A2974 RMK FG8 DA-663FT SLP072
CYAW,2020-03-20 21:26,-63.4994,44.6397,CYAW 202126Z 18010KT 1/4SM -SHRA FG VV001 05/05 A2971 RMK FG8 DA-628FT PRESFR SLP063
CYAW,2020-03-20 21:44,-63.4994,44.6397,CYAW 202144Z 18008KT 3/8SM -SHRA FG VV001 05/05 A2971 RMK FG8 DA-628FT LAST OBS/NXT 231500 UTC SLP061
CYAW,2020-03-23 18:00,-63.4994,44.6397,CYAW 231800Z 18010G15KT 15SM BKN150 OVC250 M00/M11 A3070 RMK AC5CI3 DA-2568FT FST OBS SLP401
CYAW,2020-03-23 19:00,-63.4994,44.6397,CYAW 231900Z 16013KT 15SM SCT150 BKN250 M00/M10 A3068 RMK AC4CI3 DA-2529FT SLP394
CYAW,2020-03-23 20:00,-63.4994,44.6397,CYAW 232000Z 17013KT 15SM FEW130 BKN250 M00/M09 A3065 RMK AC2CI5 DA-2519FT SLP384
CYAW,2020-03-23 21:00,-63.4994,44.6397,CYAW 232100Z 18011KT 15SM FEW120 SCT160 BKN250 M01/M08 A3063 RMK AC2AC2CI2 DA-2596FT SLP375
CYAW,2020-03-23 22:00,-63.4994,44.6397,CYAW 232200Z 15009KT 15SM FEW120 SCT160 BKN250 M02/M08 A3059 RMK AC2AC2CI4 DA-2625FT SLP363
CYAW,2020-03-23 23:00,-63.4994,44.6397,CYAW 232300Z 13007KT 15SM FEW110 SCT160 BKN250 M03/M07 A3057 RMK AC2AC2CI2 DA-2730FT LAST OBS/NEXT 241500 UTC SLP354
CYAW,2020-03-24 15:00,-63.4994,44.6397,CYAW 241500Z 36022G30KT 3SM -RA BR SCT008 OVC012 01/01 A2969 RMK SF3SF5 DA-1134FT FST OBS SLP056
CYAW,2020-03-24 15:42,-63.4994,44.6397,CYAW 241542Z 01022G31KT 3SM -RA BR OVC008 02/02 A2968 RMK ST8 DA-1084FT SLP051
CYAW,2020-03-24 16:00,-63.4994,44.6397,CYAW 241600Z 02020G30KT 3SM -RA BR OVC008 02/02 A2966 RMK ST8 DA-1046FT SLP047
CYAW,2020-03-24 16:36,-63.4994,44.6397,CYAW 241636Z 01020G28KT 4SM -RA BR SCT008 BKN010 OVC015 02/02 A2965 RMK SF3SF4SC1 DA-1009FT SLP043
CYAW,2020-03-24 17:00,-63.4994,44.6397,CYAW 241700Z 36020G27KT 6SM -RA BR OVC010 02/01 A2963 RMK SF8 DA-1039FT SLP037
CYAW,2020-03-24 17:23,-63.4994,44.6397,CYAW 241723Z 35021G32KT 9SM -RASN FEW009 OVC013 02/01 A2963 RMK SF2SC6 DA-1040FT SLP037
CYAW,2020-03-24 17:31,-63.4994,44.6397,CYAW 241731Z 35023G32KT 8SM -SN SCT009 OVC014 02/01 A2963 RMK SF3SC5 DA-1027FT SLP036
CYAW,2020-03-24 17:43,-63.4994,44.6397,CYAW 241743Z 35025G33KT 4SM -SN SCT009 OVC014 02/01 A2964 RMK SF4SC4 DA-1012FT SLP038
CYAW,2020-03-24 18:00,-63.4994,44.6397,CYAW 241800Z 35024G36KT 10SM -RASN SCT012 OVC020 03/02 A2964 RMK SF3SC5 DA-922FT SLP038
CYAW,2020-03-24 18:18,-63.4994,44.6397,CYAW 241818Z 36023G36KT 12SM -DZ FEW012 BKN020 BKN048 BKN250 03/02 A2964 RMK SF2SC2SC2CI1 DA-859FT SLP038
CYAW,2020-03-24 18:33,-63.4994,44.6397,CYAW 241833Z 35020G30KT 9SM -SHRASN FEW012 OVC020 03/02 A2965 RMK SF2SC6 DA-882FT SLP042
CYAW,2020-03-24 19:00,-63.4994,44.6397,CYAW 241900Z 35022G31KT 15SM -SHRA OVC012 03/02 A2967 RMK SC8 DA-880FT PCPN VRY LGT SLP049
CYAW,2020-03-24 19:40,-63.4994,44.6397,CYAW 241940Z 34024G35KT 15SM OVC012 03/02 A2968 RMK SC8 DA-919FT SLP054
CYAW,2020-03-24 20:00,-63.4994,44.6397,CYAW 242000Z 34026G34KT 15SM BKN014 03/02 A2969 RMK SC7 DA-906FT SLP057
CYAW,2020-03-24 21:00,-63.4994,44.6397,CYAW 242100Z 33022G34KT 15SM OVC015 02/01 A2974 RMK SC8 DA-1107FT SLP073
CYAW,2020-03-24 22:00,-63.4994,44.6397,CYAW 242200Z 33024G33KT 15SM OVC015 01/M00 A2980 RMK SC8 DA-1271FT LAST OBS/NEXT 251700 UTC SLP092
CYAW,2020-03-25 17:00,-63.4994,44.6397,CYAW 251700Z 02013KT 15SM FEW020 BKN250 07/M06 A3024 RMK SC1CI6 DA-1058FT FST OBS SLP241
CYAW,2020-03-25 18:00,-63.4994,44.6397,CYAW 251800Z 07009KT 15SM BKN250 08/M06 A3023 RMK CI6 DA-924FT SLP238
CYAW,2020-03-25 19:00,-63.4994,44.6397,CYAW 251900Z 08008KT 15SM BKN250 09/M07 A3022 RMK CI7 DA-880FT SLP235
CYAW,2020-03-25 20:00,-63.4994,44.6397,CYAW 252000Z 16011KT 15SM BKN220 04/M03 A3024 RMK CS7 DA-1455FT HALO SLP241
CYAW,2020-03-25 21:00,-63.4994,44.6397,CYAW 252100Z 14006KT 15SM BKN220 03/M03 A3025 RMK CS7 DA-1569FT HALO SLP246
CYAW,2020-03-25 22:00,-63.4994,44.6397,CYAW 252200Z 15005KT 15SM OVC220 02/M03 A3025 RMK CS8 DA-1696FT HALO SLP247
CYAW,2020-03-25 23:00,-63.4994,44.6397,CYAW 252300Z 07002KT 15SM BKN250 M01/M03 A3025 RMK CI7 DA-2139FT LAST OBS/NXT 261600 UTC SLP244
CYAW,2020-03-26 16:00,-63.4994,44.6397,CYAW 261600Z 04015G20KT 3/4SM -SN BKN007 OVC012 01/01 A2992 RMK SF6SF2 DA-1469FT VIS VRB 1/2-1 FST OBS SLP133
CYAW,2020-03-26 17:00,-63.4994,44.6397,CYAW 261700Z 03015G24KT 3/4SM -SN OVC007 01/00 A2986 RMK SF8 DA-1439FT VIS VRB 1/2-1 SLP114
CYAW,2020-03-26 18:00,-63.4994,44.6397,CYAW 261800Z 03017G22KT 3/4SM -SN OVC008 00/00 A2981 RMK SF8 DA-1407FT VIS VRB 1/2-1 SLP097
CYAW,2020-03-26 19:00,-63.4994,44.6397,CYAW 261900Z 03017G25KT 3/4SM -SN OVC007 00/00 A2976 RMK SF8 DA-1349FT VIS VRB 1/2-1 SLP080
CYAW,2020-03-26 20:00,-63.4994,44.6397,CYAW 262000Z 02018G28KT 3/4SM -SN OVC007 00/00 A2971 RMK SN3SF5 DA-1304FT VIS VRB 1/2-1 /S01/ SLP063
CYAW,2020-03-26 20:51,-63.4994,44.6397,CYAW 262051Z 02017G26KT 3/4SM -SN OVC009 00/00 A2970 RMK SF8 DA-1306FT VIS VRB 1/2-1 LAST OBS/NXT 271500 UTC SLP061
CYAW,2020-03-27 15:00,-63.4994,44.6397,CYAW 271500Z 30011G18KT 15SM OVC015 02/M01 A2955 RMK SC8 DA-885FT FST OBS SLP010
CYAW,2020-03-27 16:00,-63.4994,44.6397,CYAW 271600Z 27012KT 15SM OVC015 02/M01 A2956 RMK SC8 DA-959FT SLP011
CYAW,2020-03-27 16:14,-63.4994,44.6397,CYAW 271614Z 29010G16KT 15SM -SHGS OVC015 01/M01 A2956 RMK SC8 DA-997FT SLP012
CYAW,2020-03-27 16:44,-63.4994,44.6397,CYAW 271644Z 29013KT 15SM OVC015 02/M01 A2956 RMK SC8 DA-871FT SLP013
CYAW,2020-03-27 17:00,-63.4994,44.6397,CYAW 271700Z 30013KT 15SM OVC017 03/M01 A2957 RMK SC8 DA-857FT SLP014
CYAW,2020-03-27 18:00,-63.4994,44.6397,CYAW 271800Z 31013KT 15SM BKN018 OVC050 03/M01 A2957 RMK SC6SC2 DA-833FT SLP015
CYAW,2020-03-27 19:00,-63.4994,44.6397,CYAW 271900Z 32013KT 15SM BKN021 BKN050 03/M01 A2957 RMK SC5SC2 DA-821FT SLP014
CYAW,2020-03-27 19:22,-63.4994,44.6397,CYAW 271922Z 32011G16KT 15SM -SHSN OVC022 03/M01 A2958 RMK SC8 DA-856FT SLP017
CYAW,2020-03-27 20:00,-63.4994,44.6397,CYAW 272000Z 32014KT 12SM -SHSN OVC018 02/M01 A2959 RMK SC8 DA-917FT SLP023
CYAW,2020-03-27 20:29,-63.4994,44.6397,CYAW 272029Z 32014KT 2SM -SHSN OVC017 02/M00 A2961 RMK SC8 DA-1038FT SLP029
CYAW,2020-03-27 21:00,-63.4994,44.6397,CYAW 272100Z 32011G16KT 4SM -SHSN BKN018 OVC035 01/00 A2962 RMK SC5SC3 DA-1073FT SLP032
CYAW,2020-03-27 21:20,-63.4994,44.6397,CYAW 272120Z 33011KT 1 1/4SM -SHSN OVC013 01/00 A2963 RMK SN2SC6 DA-1148FT VIS VRB 3/4-2 SLP036
CYAW,2020-03-27 21:33,-63.4994,44.6397,CYAW 272133Z 33008KT 6SM -SHSN SCT015 BKN033 01/00 A2964 RMK SC3SC4 DA-1184FT SLP038
CYAW,2020-03-27 22:00,-63.4994,44.6397,CYAW 272200Z 33007KT 15SM -SHSN SCT018 OVC034 01/00 A2965 RMK SC3SC5 DA-1209FT PCPN VRY LGT SLP041
CYAW,2020-03-27 22:45,-63.4994,44.6397,CYAW 272245Z 32005KT 15SM BKN020 BKN075 01/00 A2967 RMK SC5AC2 DA-1219FT LAST OBS/NXT 301500 UTC SLP049
CYAW,2020-03-28 12:00,-63.4994,44.6397,CYAW 281200Z 30017KT 15SM FEW030 02/M03 A2997 RMK SC1 DA-1370FT FST OBS SLP152
CYAW,2020-03-28 12:28,-63.4994,44.6397,CYAW 281228Z 30017KT 15SM FEW030 03/M03 A2998 RMK SC1 DA-1308FT LAST OBS/NEXT 301500 UTC SLP155
CYAW,2020-03-30 15:00,-63.4994,44.6397,CYAW 301500Z 05006KT 15SM OVC073 03/M05 A3014 RMK AC8 DA-1440FT FST OBS SLP207
CYAW,2020-03-30 16:00,-63.4994,44.6397,CYAW 301600Z 09006KT 15SM OVC076 04/M03 A3013 RMK AS8 DA-1355FT SLP204
CYAW,2020-03-30 17:00,-63.4994,44.6397,CYAW 301700Z 13008KT 15SM BKN076 BKN100 05/M02 A3011 RMK AS6AC2 DA-1241FT SLP199
CYAW,2020-03-30 18:00,-63.4994,44.6397,CYAW 301800Z 11008KT 15SM BKN079 BKN090 03/M02 A3009 RMK AS6AC1 DA-1467FT SLP193
CYAW,2020-03-30 19:00,-63.4994,44.6397,CYAW 301900Z 10010KT 12SM FEW020 FEW079 OVC100 03/M01 A3008 RMK SC1AS2AC6 DA-1427FT SLP188
CYAW,2020-03-30 20:00,-63.4994,44.6397,CYAW 302000Z 10011G17KT 15SM FEW015 BKN100 BKN150 01/M02 A3005 RMK SC1AC5AC2 DA-1624FT SLP178
CYAW,2020-03-30 21:00,-63.4994,44.6397,CYAW 302100Z 10010KT 12SM FEW015 SCT100 BKN160 01/M02 A3005 RMK SC1AC3AC4 DA-1572FT SLP177
CYAW,2020-03-30 22:00,-63.4994,44.6397,CYAW 302200Z 09007KT 15SM FEW015 BKN120 BKN160 01/M02 A3003 RMK SC1AC6AC2 DA-1661FT SLP172
CYAW,2020-03-30 23:00,-63.4994,44.6397,CYAW 302300Z 06003KT 15SM FEW015 SCT100 BKN130 M01/M02 A3003 RMK SC1AC3AC4 DA-1840FT SLP173
CYAW,2020-03-30 23:17,-63.4994,44.6397,CYAW 302317Z 06002KT 15SM BKN130 M01/M02 A3004 RMK AC7 DA-1878FT LAST OBS/NEXT 311500 UTC SLP174
CYAW,2020-03-31 16:00,-63.4994,44.6397,CYAW 311600Z 36013G18KT 15SM OVC015 02/M02 A2990 RMK SC8 DA-1335FT FST OBS SLP126
CYAW,2020-03-31 17:00,-63.4994,44.6397,CYAW 311700Z 35016G22KT 15SM OVC020 02/M02 A2988 RMK SC8 DA-1275FT SLP122
CYAW,2020-03-31 18:00,-63.4994,44.6397,CYAW 311800Z 01017G24KT 15SM OVC021 04/M02 A2987 RMK SC8 DA-1087FT SLP119
CYAW,2020-03-31 19:00,-63.4994,44.6397,CYAW 311900Z 01012G26KT 15SM BKN022 OVC076 03/M02 A2987 RMK SC7AC1 DA-1188FT SLP118
CYAW,2020-03-31 20:00,-63.4994,44.6397,CYAW 312000Z 35016KT 15SM OVC021 03/M02 A2987 RMK SC8 DA-1213FT SLP119
CYAW,2020-03-31 20:29,-63.4994,44.6397,CYAW 312029Z 36016G22KT 12SM -SHSN OVC022 02/M02 A2988 RMK SC8 DA-1299FT SLP121
CYAW,2020-03-31 20:48,-63.4994,44.6397,CYAW 312048Z 36015G21KT 4SM -SHSN OVC022 02/M02 A2988 RMK SC8 DA-1336FT SLP121
CYAW,2020-03-31 21:00,-63.4994,44.6397,CYAW 312100Z 36017G22KT 3SM -SHSN OVC022 02/M01 A2988 RMK SC8 DA-1347FT SLP122
CYAW,2020-03-31 21:33,-63.4994,44.6397,CYAW 312133Z 36012G18KT 6SM -SHSN FEW022 OVC040 01/M01 A2990 RMK SC2SC6 DA-1468FT SLP126
CYAW,2020-03-31 22:00,-63.4994,44.6397,CYAW 312200Z 35011G17KT 2 1/2SM -SN SCT020 OVC040 01/M01 A2990 RMK SN2SC2SC5 DA-1494FT SLP128
CYAW,2020-03-31 22:39,-63.4994,44.6397,CYAW 312239Z 35014KT 4SM -SN FEW011 OVC035 M00/M01 A2991 RMK SF2SC6 DA-1593FT SLP132
CYAW,2020-03-31 23:00,-63.4994,44.6397,CYAW 312300Z 35012G17KT 10SM -SN FEW011 OVC033 M00/M01 A2991 RMK SF2SC6 DA-1595FT SLP131
CYAW,2020-03-31 23:27,-63.4994,44.6397,CYAW 312327Z 35011KT 15SM SCT010 OVC034 M00/M01 A2992 RMK SF3SC5 DA-1618FT LAST OBS/NEXT 011700 UTC SLP133
CYAW,2020-04-01 17:00,-63.4994,44.6397,CYAW 011700Z 35006KT 15SM BKN016 OVC022 09/05 A2975 RMK SC6SC2 DA-258FT FST OBS SLP077
CYAW,2020-04-01 18:00,-63.4994,44.6397,CYAW 011800Z 11008KT 15SM OVC020 07/03 A2974 RMK SC8 DA-532FT SLP074
CYAW,2020-04-01 19:00,-63.4994,44.6397,CYAW 011900Z 03003KT 15SM BKN023 OVC140 08/04 A2971 RMK SC5AC3 DA-270FT VIRGA SW SLP062
CYAW,2020-04-01 19:16,-63.4994,44.6397,CYAW 011916Z 02003KT 15SM FEW023 BKN140 09/04 A2970 RMK SC1AC6 DA-209FT VIRGA SW SLP059
CYAW,2020-04-01 20:00,-63.4994,44.6397,CYAW 012000Z 13005KT 15SM FEW023 BKN130 BKN250 08/04 A2970 RMK SC1AC6CI1 DA-284FT SLP058
CYAW,2020-04-01 21:00,-63.4994,44.6397,CYAW 012100Z 09004KT 15SM FEW010 BKN025 OVC130 07/04 A2968 RMK SF1SC6AC2 DA-360FT SLP053
CYAW,2020-04-01 21:18,-63.4994,44.6397,CYAW 012118Z 05005KT 12SM FEW010 BKN023 BKN035 OVC130 08/04 A2968 RMK SF1SC6SC2AC1 DA-296FT FG BANK DIST S SLP051
CYAW,2020-04-01 22:00,-63.4994,44.6397,CYAW 012200Z 03015G20KT 8SM -DZ FEW010 OVC020 08/05 A2968 RMK SF2SC6 DA-228FT FG BANK S SLP051
CYAW,2020-04-01 22:23,-63.4994,44.6397,CYAW 012223Z 02012G17KT 6SM -DZ BR OVC012 07/05 A2968 RMK ST8 DA-361FT SLP051
CYAW,2020-04-01 22:32,-63.4994,44.6397,CYAW 012232Z 02014KT 3SM -DZ BR OVC009 07/06 A2968 RMK ST8 DA-419FT SLP051
CYAW,2020-04-01 22:50,-63.4994,44.6397,CYAW 012250Z 03009KT 6SM -DZ BR OVC008 06/06 A2967 RMK ST8 DA-481FT SLP050
CYAW,2020-04-01 23:00,-63.4994,44.6397,CYAW 012300Z 03008KT 5SM -DZ BR OVC007 06/06 A2968 RMK ST8 DA-505FT SLP051
CYAW,2020-04-01 23:14,-63.4994,44.6397,CYAW 012314Z 02007KT 5SM -DZ BR OVC007 06/06 A2968 RMK ST8 DA-504FT LAST OBS/NEXT 021700 UTC SLP053
CYAW,2020-04-02 17:00,-63.4994,44.6397,CYAW 021700Z 07022G38KT 2SM -RA BR OVC007 07/07 A2942 RMK SF8 DA-53FT FST OBS SLP963
CYAW,2020-04-02 17:50,-63.4994,44.6397,CYAW 021750Z 06025G39KT 4SM BR OVC008 07/07 A2941 RMK SF8 DA-16FT SLP960
CYAW,2020-04-02 18:00,-63.4994,44.6397,CYAW 021800Z 06028G44KT 4SM -RA BR OVC009 08/07 A2941 RMK SF8 DA8FT SLP960
CYAW,2020-04-02 19:00,-63.4994,44.6397,CYAW 021900Z 07025G42KT 3SM -RA BR OVC008 07/06 A2941 RMK SF8 DA-98FT SLP960
CYAW,2020-04-02 20:00,-63.4994,44.6397,CYAW 022000Z 06021G41KT 5SM -RA BR OVC008 07/06 A2941 RMK SF8 DA-98FT SLP960
CYAW,2020-04-02 21:00,-63.4994,44.6397,CYAW 022100Z 06022G38KT 2SM RA BR OVC008 07/07 A2941 RMK SF8 DA-45FT SLP959
CYAW,2020-04-03 15:00,-63.4994,44.6397,CYAW 031500Z 05019G28KT 1SM -RA BR OVC008 07/07 A2973 RMK SF8 DA-415FT VIS VRB 3/4-1 1/2 FST OBS SLP069
CYAW,2020-04-03 15:39,-63.4994,44.6397,CYAW 031539Z 05025G34KT 3SM -RA BR OVC008 07/07 A2974 RMK SF8 DA-401FT SLP071
CYAW,2020-04-03 16:00,-63.4994,44.6397,CYAW 031600Z 05022G32KT 2 1/2SM -RA BR OVC008 07/07 A2974 RMK SF8 DA-402FT VIS HIER N-E SLP073
CYAW,2020-04-03 16:34,-63.4994,44.6397,CYAW 031634Z 05022G34KT 4SM -RA BR OVC009 07/07 A2975 RMK SF8 DA-415FT SLP075
CYAW,2020-04-03 17:00,-63.4994,44.6397,CYAW 031700Z 05018G29KT 6SM -DZ BR OVC010 08/07 A2976 RMK SF8 DA-402FT SLP079
CYAW,2020-04-03 18:00,-63.4994,44.6397,CYAW 031800Z 05022G35KT 8SM OVC010 07/06 A2977 RMK SF8 DA-443FT SLP084
CYAW,2020-04-03 19:00,-63.4994,44.6397,CYAW 031900Z 05022G33KT 10SM OVC011 07/06 A2979 RMK SF8 DA-469FT SLP088
CYAW,2020-04-03 20:00,-63.4994,44.6397,CYAW 032000Z 06023G34KT 10SM OVC013 07/06 A2981 RMK SC8 DA-520FT SLP097
CYAW,2020-04-03 20:50,-63.4994,44.6397,CYAW 032050Z 05016G26KT 10SM OVC017 07/05 A2983 RMK SC8 DA-548FT SLP104
CYAW,2020-04-03 21:00,-63.4994,44.6397,CYAW 032100Z 05020G29KT 10SM BKN020 07/05 A2983 RMK SC7 DA-538FT SLP104
CYAW,2020-04-03 21:53,-63.4994,44.6397,CYAW 032153Z 05017G30KT 12SM OVC022 07/04 A2985 RMK SC8 DA-565FT LAST OBS/NXT 061600 UTC SLP111
CYAW,2020-04-06 18:00,-63.4994,44.6397,CYAW 061800Z 28018G25KT 15SM FEW020 FEW250 12/M09 A2969 RMK CF1CI1 DA144FT FST OBS CUFRA TR SLP057
CYAW,2020-04-06 19:00,-63.4994,44.6397,CYAW 061900Z 31017G24KT 15SM FEW020 FEW250 12/M08 A2967 RMK CU1CI1 DA197FT SLP048
CYAW,2020-04-06 20:00,-63.4994,44.6397,CYAW 062000Z 30018G24KT 15SM FEW025 FEW050 FEW250 12/M09 A2966 RMK CU1SC1CI1 DA109FT SLP044
CYAW,2020-04-06 21:00,-63.4994,44.6397,CYAW 062100Z 29015G22KT 15SM FEW025 FEW050 11/M08 A2966 RMK CU1SC1 DA62FT SLP045
CYAW,2020-04-06 22:00,-63.4994,44.6397,CYAW 062200Z 28013G18KT 15SM FEW025 10/M08 A2967 RMK SC1 DA-108FT SLP049
CYAW,2020-04-06 23:00,-63.4994,44.6397,CYAW 062300Z 28012KT 15SM FEW025 08/M09 A2968 RMK SC1 DA-317FT SLP054
CYAW,2020-04-06 23:15,-63.4994,44.6397,CYAW 062315Z 28009G15KT 15SM FEW025 08/M08 A2969 RMK SC1 DA-350FT LAST OBS/NEXT 071600 UTC SLP055
CYAW,2020-04-07 16:00,-63.4994,44.6397,CYAW 071600Z 28013G19KT 15SM BKN059 05/M07 A2974 RMK SC7 DA-774FT FST OBS SLP074
CYAW,2020-04-07 17:00,-63.4994,44.6397,CYAW 071700Z 31015G20KT 15SM BKN055 05/M07 A2974 RMK SC7 DA-798FT SLP074
CYAW,2020-04-07 18:00,-63.4994,44.6397,CYAW 071800Z 29011G17KT 15SM BKN055 05/M08 A2974 RMK SC7 DA-801FT SLP071
CYAW,2020-04-07 19:00,-63.4994,44.6397,CYAW 071900Z 32010G17KT 15SM BKN060 05/M08 A2973 RMK SC7 DA-814FT SLP069
CYAW,2020-04-07 20:00,-63.4994,44.6397,CYAW 072000Z 35008G18KT 15SM BKN060 05/M09 A2973 RMK SC7 DA-843FT SLP069
CYAW,2020-04-07 21:00,-63.4994,44.6397,CYAW 072100Z 32009G18KT 15SM BKN060 BKN075 04/M09 A2974 RMK SC6AC2 DA-868FT SLP071
CYAW,2020-04-07 22:00,-63.4994,44.6397,CYAW 072200Z 32011G17KT 15SM SCT060 BKN072 03/M10 A2974 RMK SC4AC1 DA-995FT SLP074
CYAW,2020-04-07 23:00,-63.4994,44.6397,CYAW 072300Z 31005KT 15SM FEW055 BKN075 02/M09 A2976 RMK SC2AC3 DA-1216FT SLP081
CYAW,2020-04-07 23:16,-63.4994,44.6397,CYAW 072316Z 32004KT 15SM FEW055 BKN077 01/M09 A2977 RMK SC1AC4 DA-1289FT LAST OBS/NEXT 081600 UTC SLP083
CYAW,2020-04-08 15:00,-63.4994,44.6397,CYAW 081500Z 24008KT 15SM FEW060 BKN077 BKN250 09/M06 A2961 RMK SC2AC2CI1 DA-202FT CI TR SLP030
CYAW,2020-04-08 16:00,-63.4994,44.6397,CYAW 081600Z 16014KT 15SM BKN068 09/M04 A2958 RMK AC5 DA-144FT SLP020
CYAW,2020-04-08 17:00,-63.4994,44.6397,CYAW 081700Z 16012KT 15SM BKN060 08/M04 A2957 RMK CU5 DA-207FT SLP014
CYAW,2020-04-08 18:00,-63.4994,44.6397,CYAW 081800Z 16011KT 15SM BKN063 06/M06 A2955 RMK SC6 DA-413FT SLP008
CYAW,2020-04-08 19:00,-63.4994,44.6397,CYAW 081900Z 14011KT 15SM BKN060 BKN120 BKN250 07/M03 A2952 RMK SC5AC1CI1 DA-229FT SLP000
CYAW,2020-04-08 20:00,-63.4994,44.6397,CYAW 082000Z 14005KT 15SM BKN063 BKN120 BKN250 07/M05 A2953 RMK SC5AC1CI1 DA-272FT SLP001
CYAW,2020-04-08 21:00,-63.4994,44.6397,CYAW 082100Z 15005KT 15SM SCT050 BKN080 BKN250 06/M05 A2953 RMK SC4AC2CI1 DA-422FT SLP003
CYAW,2020-04-08 22:00,-63.4994,44.6397,CYAW 082200Z 09005KT 15SM BKN055 BKN075 BKN250 05/M05 A2955 RMK SC5AC2CI1 DA-542FT SLP008
CYAW,2020-04-08 23:00,-63.4994,44.6397,CYAW 082300Z 05008KT 15SM BKN048 BKN070 03/M01 A2958 RMK SC5AC2 DA-859FT SLP017
CYAW,2020-04-08 23:08,-63.4994,44.6397,CYAW 082308Z 05008KT 12SM -SHSN BKN048 BKN068 03/M02 A2958 RMK SC5AC2 DA-860FT PCPN VRY LGT SLP018
CYAW,2020-04-08 23:46,-63.4994,44.6397,CYAW 082346Z 08006KT 15SM BKN044 02/M02 A2960 RMK SC6 DA-926FT SLP026
CYAW,2020-04-09 00:00,-63.4994,44.6397,CYAW 090000Z 06005KT 15SM BKN043 02/M01 A2960 RMK SC6 DA-958FT SLP027
CYAW,2020-04-09 00:29,-63.4994,44.6397,CYAW 090029Z 04005KT 15SM BKN047 02/M02 A2962 RMK SC6 DA-1020FT LAST OBS/NEXT 091500 UTC SLP033
CYAW,2020-04-09 15:00,-63.4994,44.6397,CYAW 091500Z 18010KT 15SM FEW180 BKN250 04/M04 A2968 RMK AC2CI3 DA-790FT FST OBS SLP054
CYAW,2020-04-09 16:00,-63.4994,44.6397,CYAW 091600Z 18011KT 15SM FEW180 BKN250 04/M05 A2968 RMK AC1CI5 DA-820FT SLP052
CYAW,2020-04-09 17:00,-63.4994,44.6397,CYAW 091700Z 16013KT 15SM FEW180 BKN250 04/M04 A2967 RMK AC2CI4 DA-802FT SLP050
CYAW,2020-04-09 18:00,-63.4994,44.6397,CYAW 091800Z 16011KT 15SM BKN140 BKN250 04/M05 A2966 RMK AC6CI1 DA-782FT SLP044
CYAW,2020-04-09 19:00,-63.4994,44.6397,CYAW 091900Z 17010KT 15SM BKN130 04/M04 A2962 RMK AS7 DA-758FT SLP032
CYAW,2020-04-09 20:00,-63.4994,44.6397,CYAW 092000Z 16011KT 15SM FEW130 BKN180 BKN250 04/M04 A2959 RMK AC2AS3CI1 DA-724FT SLP022
CYAW,2020-04-09 21:00,-63.4994,44.6397,CYAW 092100Z 14014KT 15SM BKN150 BKN180 03/M02 A2957 RMK AC5AS1 DA-790FT SLP015
CYAW,2020-04-09 22:00,-63.4994,44.6397,CYAW 092200Z 13012KT 15SM BKN150 02/M02 A2958 RMK AC7 DA-940FT SLP019
CYAW,2020-04-09 23:00,-63.4994,44.6397,CYAW 092300Z 10008KT 15SM OVC075 02/M02 A2956 RMK AC8 DA-964FT SLP011
CYAW,2020-04-10 00:00,-63.4994,44.6397,CYAW 100000Z 10009KT 15SM OVC060 02/M02 A2956 RMK SC8 DA-952FT SLP013
CYAW,2020-04-10 00:42,-63.4994,44.6397,CYAW 100042Z 09011G19KT 15SM OVC065 02/M01 A2955 RMK SC8 DA-932FT LAST OBS/NEXT 141500 UTC SLP007
CYAW,2020-04-14 15:00,-63.4994,44.6397,CYAW 141500Z 21006KT 8SM BKN012 13/12 A2981 RMK ST7 DA265FT VIS LWR S FST OBS SLP094
CYAW,2020-04-14 15:49,-63.4994,44.6397,CYAW 141549Z 18012KT 8SM BKN017 11/09 A2981 RMK SC6 DA-24FT VIS LWR S SLP095
CYAW,2020-04-14 16:00,-63.4994,44.6397,CYAW 141600Z 19010G15KT 8SM BKN016 11/10 A2981 RMK SC6 DA28FT VIS LWR S SLP094
CYAW,2020-04-14 17:00,-63.4994,44.6397,CYAW 141700Z 24016KT 15SM FEW020 FEW250 16/08 A2981 RMK SC1CI2 DA527FT SLP094
CYAW,2020-04-14 18:00,-63.4994,44.6397,CYAW 141800Z 26013KT 15SM FEW020 FEW250 16/07 A2980 RMK SC1CI2 DA598FT SLP092
CYAW,2020-04-14 19:00,-63.4994,44.6397,CYAW 141900Z 26015G21KT 15SM FEW025 FEW250 17/01 A2980 RMK CU1CI2 DA625FT SLP092
CYAW,2020-04-14 20:00,-63.4994,44.6397,CYAW 142000Z 25011G17KT 15SM FEW250 17/M00 A2979 RMK CI2 DA666FT SLP090
CYAW,2020-04-14 21:00,-63.4994,44.6397,CYAW 142100Z 19009KT 15SM BKN250 14/05 A2981 RMK CI7 DA342FT SLP094
CYAW,2020-04-14 22:00,-63.4994,44.6397,CYAW 142200Z 18006KT 15SM FEW190 BKN250 12/05 A2983 RMK AC2CI6 DA21FT SLP101
CYAW,2020-04-14 23:00,-63.4994,44.6397,CYAW 142300Z 24006KT 15SM SCT170 BKN250 10/04 A2984 RMK AC3CI3 DA-226FT SLP105
CYAW,2020-04-14 23:14,-63.4994,44.6397,CYAW 142314Z 26007KT 15SM SCT170 BKN250 10/04 A2984 RMK AC4CI3 DA-236FT LAST OBS/NEXT 151500 UTC SLP106
CYAW,2020-04-15 15:00,-63.4994,44.6397,CYAW 151500Z 02005KT 8SM -SHRA OVC007 03/03 A2986 RMK SF8 DA-1122FT PCPN VRY LGT FST OBS SLP112
CYAW,2020-04-15 15:34,-63.4994,44.6397,CYAW 151534Z 02003KT 12SM OVC006 03/02 A2984 RMK SF8 DA-1100FT SLP108
CYAW,2020-04-15 16:00,-63.4994,44.6397,CYAW 151600Z 03005KT 12SM OVC007 03/02 A2983 RMK SF8 DA-1101FT SLP104
CYAW,2020-04-15 17:00,-63.4994,44.6397,CYAW 151700Z 04002KT 12SM OVC009 04/03 A2980 RMK SF8 DA-964FT SLP092
CYAW,2020-04-15 18:00,-63.4994,44.6397,CYAW 151800Z 00000KT 12SM BKN008 OVC012 04/03 A2977 RMK SF7ST1 DA-869FT SLP084
CYAW,2020-04-15 19:00,-63.4994,44.6397,CYAW 151900Z 18003KT 15SM SCT009 OVC016 04/03 A2975 RMK SF3SC5 DA-866FT SLP075
CYAW,2020-04-15 19:27,-63.4994,44.6397,CYAW 151927Z 00000KT 5SM -DZ BR SCT009 OVC015 04/03 A2973 RMK SF3SC5 DA-858FT SLP070
CYAW,2020-04-15 19:45,-63.4994,44.6397,CYAW 151945Z 18002KT 3SM -DZ BR SCT007 OVC011 04/03 A2973 RMK SF4ST4 DA-869FT SLP068
CYAW,2020-04-15 20:00,-63.4994,44.6397,CYAW 152000Z 18004KT 2SM -DZ BR BKN005 OVC011 03/03 A2972 RMK SF6ST2 DA-908FT SLP067
CYAW,2020-04-15 20:28,-63.4994,44.6397,CYAW 152028Z 18004KT 3SM -DZ BR BKN004 OVC012 03/03 A2971 RMK SF6ST2 DA-908FT SLP063
CYAW,2020-04-15 20:45,-63.4994,44.6397,CYAW 152045Z 18005KT 7SM BKN005 OVC012 03/03 A2972 RMK SF5ST3 DA-946FT SLP066
CYAW,2020-04-15 21:00,-63.4994,44.6397,CYAW 152100Z 16004KT 10SM SCT004 OVC013 03/03 A2972 RMK SF4ST4 DA-972FT SLP065
CYAW,2020-04-15 22:00,-63.4994,44.6397,CYAW 152200Z 16004KT 12SM OVC012 03/02 A2970 RMK SF8 DA-988FT SLP060
CYAW,2020-04-15 23:00,-63.4994,44.6397,CYAW 152300Z 23006KT 10SM BKN011 OVC020 03/03 A2971 RMK SF6SC2 DA-949FT VIS LWR S SLP063
CYAW,2020-04-15 23:39,-63.4994,44.6397,CYAW 152339Z 22004KT 12SM BKN009 OVC018 03/02 A2972 RMK SF7SC1 DA-974FT SLP065
CYAW,2020-04-16 00:00,-63.4994,44.6397,CYAW 160000Z 23005KT 12SM OVC009 03/02 A2972 RMK SF8 DA-987FT SLP067
CYAW,2020-04-16 01:00,-63.4994,44.6397,CYAW 160100Z 22005KT 12SM OVC007 03/02 A2973 RMK SF8 DA-1025FT SLP070
CYAW,2020-04-16 01:38,-63.4994,44.6397,CYAW 160138Z 25006KT 12SM OVC007 02/02 A2973 RMK SF8 DA-1051FT LAST OBS/NEXT 161500 UTC SLP070
CYAW,2020-04-16 16:00,-63.4994,44.6397,CYAW 161600Z 29016G26KT 15SM FEW070 07/M08 A2987 RMK AC2 DA-716FT FST OBS SLP117
CYAW,2020-04-16 17:00,-63.4994,44.6397,CYAW 161700Z 27021G27KT 15SM BKN070 07/M09 A2987 RMK AC5 DA-659FT SLP116
CYAW,2020-04-16 18:00,-63.4994,44.6397,CYAW 161800Z 25015G21KT 15SM SCT057 BKN070 07/M08 A2987 RMK SC3AC3 DA-731FT SLP116
CYAW,2020-04-16 19:00,-63.4994,44.6397,CYAW 161900Z 25011G19KT 15SM BKN060 BKN082 06/M08 A2986 RMK SC5AC2 DA-768FT SLP113
CYAW,2020-04-16 20:00,-63.4994,44.6397,CYAW 162000Z 21013G20KT 15SM BKN058 BKN072 06/M02 A2985 RMK SC5AC2 DA-719FT SLP111
CYAW,2020-04-16 21:00,-63.4994,44.6397,CYAW 162100Z 20013KT 15SM BKN055 BKN080 05/M01 A2986 RMK SC5AC2 DA-885FT SLP113
CYAW,2020-04-16 22:00,-63.4994,44.6397,CYAW 162200Z 20013G19KT 15SM FEW025 BKN055 BKN080 04/M01 A2987 RMK SC1SC5AC1 DA-1046FT VIRGA SLP117
CYAW,2020-04-16 23:00,-63.4994,44.6397,CYAW 162300Z 21011G17KT 15SM BKN055 BKN080 03/M00 A2988 RMK SC5AC1 DA-1226FT VIRGA SLP121
CYAW,2020-04-17 00:00,-63.4994,44.6397,CYAW 170000Z 23008KT 15SM SCT060 BKN085 02/M00 A2990 RMK SC4AC1 DA-1350FT SLP127
CYAW,2020-04-17 01:00,-63.4994,44.6397,CYAW 170100Z 26007KT 15SM BKN064 01/M01 A2991 RMK SC5 DA-1415FT SLP130
CYAW,2020-04-17 01:53,-63.4994,44.6397,CYAW 170153Z 26008KT 15SM BKN060 01/00 A2991 RMK SC5 DA-1435FT LAST OBS/NEXT 171100 UTC SLP131
CYAW,2020-04-17 15:00,-63.4994,44.6397,CYAW 171500Z 28017G25KT 15SM BKN060 BKN085 05/M08 A2992 RMK CU5AC1 DA-1036FT VIRGA FST OBS SLP134
CYAW,2020-04-17 16:00,-63.4994,44.6397,CYAW 171600Z 27016G22KT 15SM BKN060 BKN085 05/M08 A2991 RMK CU5AC1 DA-937FT VIRGA SLP131
CYAW,2020-04-17 17:00,-63.4994,44.6397,CYAW 171700Z 31014KT 15SM SCT058 BKN080 06/M10 A2990 RMK CU3AC2 DA-906FT VIRGA SLP126
CYAW,2020-04-17 18:00,-63.4994,44.6397,CYAW 171800Z 30012G24KT 15SM FEW061 BKN083 06/M09 A2989 RMK CU2AC3 DA-856FT VIRGA SLP124
CYAW,2020-04-17 19:00,-63.4994,44.6397,CYAW 171900Z 28013G25KT 15SM SCT060 BKN090 06/M11 A2988 RMK CU3AC3 DA-788FT VIRGA SLP119
CYAW,2020-04-17 19:12,-63.4994,44.6397,CYAW 171912Z 31011G18KT 15SM SCT060 BKN085 06/M09 A2988 RMK CU3AC3 DA-794FT VIRGA LAST OBS/NEXT 201600 UTC SLP119
CYAW,2020-04-20 16:00,-63.4994,44.6397,CYAW 201600Z 23006KT 12SM FEW063 FEW080 OVC220 13/04 A2957 RMK CU1AC1CS7 DA391FT HALO FST OBS SLP013
CYAW,2020-04-20 17:00,-63.4994,44.6397,CYAW 201700Z 23008KT 12SM FEW040 OVC220 14/05 A2954 RMK CU1CS7 DA621FT HALO SLP004
CYAW,2020-04-20 18:00,-63.4994,44.6397,CYAW 201800Z 23013G18KT 12SM FEW040 FEW180 BKN220 14/03 A2954 RMK CU1AC2CS5 DA598FT HALO SLP003
CYAW,2020-04-20 19:00,-63.4994,44.6397,CYAW 201900Z 26015KT 15SM FEW044 SCT180 OVC220 14/00 A2955 RMK SC1AC4CS4 DA590FT SLP006
CYAW,2020-04-20 20:00,-63.4994,44.6397,CYAW 202000Z 29009G19KT 15SM FEW044 BKN180 OVC220 12/M02 A2956 RMK SC1AC6CS2 DA349FT SLP010
CYAW,2020-04-20 21:00,-63.4994,44.6397,CYAW 202100Z 31012KT 15SM FEW044 OVC160 11/M04 A2957 RMK SC1AS8 DA97FT SLP013
CYAW,2020-04-20 22:00,-63.4994,44.6397,CYAW 202200Z 34011G17KT 15SM FEW044 OVC160 08/M03 A2958 RMK SC1AS8 DA-188FT SLP016
CYAW,2020-04-20 23:00,-63.4994,44.6397,CYAW 202300Z 32016KT 15SM BKN140 07/M06 A2958 RMK AS7 DA-362FT SLP017
CYAW,2020-04-20 23:21,-63.4994,44.6397,CYAW 202321Z 33013G18KT 15SM BKN140 07/M05 A2958 RMK AS7 DA-383FT LAST OBS/NEXT 211600 UTC SLP016
CYAW,2020-04-21 16:00,-63.4994,44.6397,CYAW 211600Z 18011KT 15SM SKC 08/M03 A2967 RMK DA-305FT FST OBS SLP048
CYAW,2020-04-21 17:00,-63.4994,44.6397,CYAW 211700Z 16013KT 15SM SKC 08/M02 A2967 RMK DA-359FT SLP049
CYAW,2020-04-21 18:00,-63.4994,44.6397,CYAW 211800Z 25010G15KT 15SM SKC 11/M04 A2967 RMK DA31FT SLP048
CYAW,2020-04-21 19:00,-63.4994,44.6397,CYAW 211900Z 18015KT 15SM SKC 10/M03 A2966 RMK DA-88FT SLP047
CYAW,2020-04-21 20:00,-63.4994,44.6397,CYAW 212000Z 20011G17KT 15SM FEW250 08/M04 A2968 RMK CI1 DA-332FT SLP052
CYAW,2020-04-21 21:00,-63.4994,44.6397,CYAW 212100Z 20014KT 15SM FEW250 05/M04 A2970 RMK CI2 DA-690FT SLP058
CYAW,2020-04-21 22:00,-63.4994,44.6397,CYAW 212200Z 20014KT 15SM FEW250 04/M05 A2971 RMK CI2 DA-827FT SLP061
CYAW,2020-04-21 23:00,-63.4994,44.6397,CYAW 212300Z 19011KT 15SM SCT250 02/M01 A2972 RMK CI3 DA-1108FT SLP067
CYAW,2020-04-22 14:00,-63.4994,44.6397,CYAW 221400Z 25013G19KT 15SM FEW030 FEW090 07/01 A2945 RMK CU2AC1 DA-149FT FST OBS SLP973
CYAW,2020-04-22 15:00,-63.4994,44.6397,CYAW 221500Z 25013G22KT 15SM SCT045 SCT100 08/M02 A2945 RMK CU3AC1 DA-55FT SLP975
CYAW,2020-04-22 16:00,-63.4994,44.6397,CYAW 221600Z 23017KT 15SM SCT050 07/M04 A2945 RMK CU4 DA-224FT SLP973
CYAW,2020-04-22 17:00,-63.4994,44.6397,CYAW 221700Z 20018G25KT 15SM FEW030 BKN060 06/M00 A2945 RMK CU2SC2 DA-254FT DIST SH W-NE SLP974
CYAW,2020-04-22 18:00,-63.4994,44.6397,CYAW 221800Z 21012KT 15SM SCT038 SCT060 07/M01 A2944 RMK CU3SC1 DA-210FT DIST SH NW SLP972
CYAW,2020-04-22 19:00,-63.4994,44.6397,CYAW 221900Z 22022G27KT 15SM FEW030 BKN050 06/M01 A2945 RMK CU2SC3 DA-332FT SLP973
CYAW,2020-04-22 20:00,-63.4994,44.6397,CYAW 222000Z 23017G25KT 15SM FEW050 06/M02 A2945 RMK CU2 DA-348FT SLP975
CYAW,2020-04-22 21:00,-63.4994,44.6397,CYAW 222100Z 21015G22KT 15SM FEW050 BKN078 05/02 A2947 RMK CU2AC4 DA-450FT DIST SH N LAST OBS/NXT 231600 SLP981
CYAW,2020-04-23 16:00,-63.4994,44.6397,CYAW 231600Z 23021G30KT 15SM BKN050 05/M07 A2972 RMK SC5 DA-799FT FST OBS SLP067
CYAW,2020-04-23 17:00,-63.4994,44.6397,CYAW 231700Z 24024G30KT 15SM BKN055 06/M07 A2971 RMK SC5 DA-616FT SLP064
CYAW,2020-04-23 18:00,-63.4994,44.6397,CYAW 231800Z 24020G27KT 15SM SCT060 07/M07 A2972 RMK SC4 DA-515FT SLP067
CYAW,2020-04-23 19:00,-63.4994,44.6397,CYAW 231900Z 26019G27KT 15SM SCT060 07/M07 A2974 RMK SC3 DA-539FT SLP071
CYAW,2020-04-23 20:00,-63.4994,44.6397,CYAW 232000Z 26023G28KT 15SM FEW060 08/M07 A2975 RMK SC2 DA-477FT SLP077
CYAW,2020-04-23 21:00,-63.4994,44.6397,CYAW 232100Z 28026G34KT 15SM FEW060 07/M09 A2977 RMK SC1 DA-592FT SLP084
CYAW,2020-04-23 22:00,-63.4994,44.6397,CYAW 232200Z 26020G25KT 15SM FEW060 06/M09 A2980 RMK SC1 DA-700FT SLP094
CYAW,2020-04-23 23:00,-63.4994,44.6397,CYAW 232300Z 26017G25KT 15SM SKC 06/M09 A2982 RMK DA-810FT SLP101
CYAW,2020-04-23 23:25,-63.4994,44.6397,CYAW 232325Z 25015G22KT 15SM SKC 05/M08 A2984 RMK DA-929FT LAST OBS/NXT 241400 UTC SLP107
CYAW,2020-04-24 13:00,-63.4994,44.6397,CYAW 241300Z 23007KT 15SM OVC230 06/M05 A3001 RMK CS8 DA-916FT HALO FST OBS SLP162
CYAW,2020-04-24 14:00,-63.4994,44.6397,CYAW 241400Z 20004KT 15SM BKN230 08/M06 A2999 RMK CS7 DA-699FT HALO SLP157
CYAW,2020-04-24 15:00,-63.4994,44.6397,CYAW 241500Z 17008KT 15SM OVC230 08/M05 A2999 RMK CS8 DA-719FT HALO SLP156
CYAW,2020-04-24 16:00,-63.4994,44.6397,CYAW 241600Z 17010KT 15SM FEW015 BKN160 07/M04 A2997 RMK CF1AS7 DA-780FT CUFRA TR SUN DIMLY VISBL VIS LWR SE SLP149
CYAW,2020-04-24 17:00,-63.4994,44.6397,CYAW 241700Z 17009KT 15SM FEW015 BKN140 05/02 A2994 RMK SC1AS7 DA-1006FT VIS LWR SE SLP141
CYAW,2020-04-24 18:00,-63.4994,44.6397,CYAW 241800Z 19009KT 15SM FEW015 SCT070 OVC120 05/03 A2992 RMK SC2AC2AS4 DA-952FT VIS LWR SE SLP133
CYAW,2020-04-24 18:47,-63.4994,44.6397,CYAW 241847Z 21007KT 15SM -SHRA BKN015 OVC080 05/02 A2990 RMK SC5AC3 DA-961FT VIS LWR S SLP126
CYAW,2020-04-24 19:00,-63.4994,44.6397,CYAW 241900Z 19008KT 15SM -SHRA BKN017 OVC080 05/01 A2989 RMK SC5AC3 DA-940FT VIS LWR S SLP124
CYAW,2020-04-24 19:30,-63.4994,44.6397,CYAW 241930Z 18010KT 15SM -SHRA SCT018 OVC045 04/01 A2988 RMK SC3SC5 DA-1053FT VIS LWR S SLP120
CYAW,2020-04-24 20:00,-63.4994,44.6397,CYAW 242000Z 17006KT 12SM -RAPL SCT015 OVC044 03/02 A2988 RMK SC3SC5 DA-1161FT SLP121
CYAW,2020-04-24 20:35,-63.4994,44.6397,CYAW 242035Z 14005KT 6SM -RAPL BR FEW007 OVC040 02/02 A2987 RMK SF2SC6 DA-1227FT SLP116
CYAW,2020-04-24 21:00,-63.4994,44.6397,CYAW 242100Z 12002KT 5SM -RAPL BR SCT007 OVC033 02/02 A2986 RMK SF3SC5 DA-1254FT LAST OBS/NXT 271600 UTC SLP113
CYAW,2020-04-27 15:00,-63.4994,44.6397,CYAW 271500Z 05019G31KT 4SM -RA BR BKN008 OVC014 03/03 A3001 RMK SF6SC2 DA-1256FT FST OBS SLP163
CYAW,2020-04-27 15:30,-63.4994,44.6397,CYAW 271530Z 05019G31KT 4SM -DZ BR BKN010 OVC015 03/03 A2999 RMK SF6SC2 DA-1247FT SLP157
CYAW,2020-04-27 16:00,-63.4994,44.6397,CYAW 271600Z 05015G30KT 4SM -DZ BR OVC013 03/03 A2997 RMK SC8 DA-1198FT CIG RAG SLP151
CYAW,2020-04-27 17:00,-63.4994,44.6397,CYAW 271700Z 05019G29KT 4SM -DZ BR OVC012 03/03 A2997 RMK SC8 DA-1198FT SLP150
CYAW,2020-04-27 17:34,-63.4994,44.6397,CYAW 271734Z 05019G27KT 3SM -SHRA BR OVC014 03/03 A2996 RMK SC8 DA-1186FT CIG RAG SLP147
CYAW,2020-04-27 18:00,-63.4994,44.6397,CYAW 271800Z 05020G29KT 6SM -SHRA BR SCT010 OVC014 03/03 A2995 RMK SF3SC5 DA-1173FT CIG RAG SLP145
CYAW,2020-04-27 18:32,-63.4994,44.6397,CYAW 271832Z 06018G27KT 6SM -SHRAPL BR OVC012 04/03 A2995 RMK SC8 DA-1121FT CIG RAG SLP143
CYAW,2020-04-27 19:00,-63.4994,44.6397,CYAW 271900Z 06016G34KT 4SM -SHRAPL BR OVC012 04/03 A2993 RMK SC8 DA-1086FT TCU EMBD SLP138
CYAW,2020-04-27 20:00,-63.4994,44.6397,CYAW 272000Z 05016G33KT 5SM -SHRAPL BR OVC012 04/03 A2992 RMK SC8 DA-1113FT CIG RAG SLP134
CYAW,2020-04-27 20:51,-63.4994,44.6397,CYAW 272051Z 05021G33KT 8SM -DZ OVC014 04/03 A2991 RMK SC8 DA-1076FT SLP131
CYAW,2020-04-27 21:00,-63.4994,44.6397,CYAW 272100Z 05017G34KT 8SM -DZ OVC014 04/03 A2992 RMK SC8 DA-1075FT SLP134
CYAW,2020-04-27 21:21,-63.4994,44.6397,CYAW 272121Z 05016G25KT 8SM -DZ OVC014 04/03 A2993 RMK SC8 DA-1073FT LAST OBS/NEXT 281600 UTC SLP138
CYAW,2020-04-28 16:00,-63.4994,44.6397,CYAW 281600Z 02013G20KT 1/2SM SN VV005 01/01 A2979 RMK SN8 DA-1343FT FST OBS SLP091
CYAW,2020-04-28 16:18,-63.4994,44.6397,CYAW 281618Z 01012G18KT 3/4SM -SN VV007 01/01 A2980 RMK SN8 DA-1317FT VIS VRB 1/2-1 SLP092
CYAW,2020-04-28 17:00,-63.4994,44.6397,CYAW 281700Z 01014G19KT 1 1/2SM -SN OVC011 01/01 A2979 RMK SN6ST2 DA-1318FT SLP091
CYAW,2020-04-28 17:23,-63.4994,44.6397,CYAW 281723Z 01011G25KT 2 1/2SM -SN OVC010 01/01 A2980 RMK ST8 DA-1265FT SLP092
CYAW,2020-04-28 18:00,-63.4994,44.6397,CYAW 281800Z 36016G22KT 3SM -SN OVC012 01/01 A2979 RMK ST8 DA-1280FT VIS VRB 2 1/2-5 SLP091
CYAW,2020-04-28 19:00,-63.4994,44.6397,CYAW 281900Z 36019G24KT 1SM -SN OVC010 01/01 A2980 RMK ST8 DA-1305FT SLP092
CYAW,2020-04-28 19:14,-63.4994,44.6397,CYAW 281914Z 35017G24KT 3/4SM -SN VV008 01/00 A2979 RMK SN8 DA-1332FT SLP091
CYAW,2020-04-28 19:35,-63.4994,44.6397,CYAW 281935Z 36017G22KT 1 1/2SM -SN OVC012 01/01 A2980 RMK SN5ST3 DA-1330FT SLP092
CYAW,2020-04-28 19:48,-63.4994,44.6397,CYAW 281948Z 36018G27KT 3SM -SN OVC012 01/01 A2979 RMK ST8 DA-1279FT VIS VRB 2 1/2-5 SLP091
CYAW,2020-04-28 20:00,-63.4994,44.6397,CYAW 282000Z 35015G25KT 6SM -SN BR BKN012 OVC020 01/01 A2980 RMK ST5SC3 DA-1264FT SLP092
CYAW,2020-04-28 20:19,-63.4994,44.6397,CYAW 282019Z 35019G28KT 2 1/2SM -SN OVC012 01/01 A2980 RMK ST8 DA-1305FT SLP093
CYAW,2020-04-28 20:27,-63.4994,44.6397,CYAW 282027Z 36019G27KT 2SM -SN OVC012 01/01 A2980 RMK ST8 DA-1318FT VIS VRB 1-3 SLP094
CYAW,2020-04-28 21:00,-63.4994,44.6397,CYAW 282100Z 35020G31KT 2SM -SN OVC012 01/00 A2980 RMK ST8 DA-1331FT VIS VRB 1-3 SLP093
CYAW,2020-04-28 22:00,-63.4994,44.6397,CYAW 282200Z 35016G26KT 2SM -SN OVC012 01/00 A2982 RMK ST8 DA-1354FT VIS VRB 1-3 SLP099
CYAW,2020-04-28 22:47,-63.4994,44.6397,CYAW 282247Z 36017G28KT 3/4SM -SN VV008 00/00 A2983 RMK SN8 DA-1431FT SLP102
CYAW,2020-04-28 23:00,-63.4994,44.6397,CYAW 282300Z 36016G26KT 3/4SM -SN VV008 00/00 A2983 RMK SN8 DA-1431FT SLP104
CYAW,2020-04-28 23:13,-63.4994,44.6397,CYAW 282313Z 36019G27KT 2SM -SN OVC012 00/00 A2983 RMK ST8 DA-1431FT VIS VRB 1-3 SLP104
CYAW,2020-04-28 23:21,-63.4994,44.6397,CYAW 282321Z 36018G26KT 2SM -SN OVC012 00/00 A2984 RMK ST8 DA-1443FT LAST OBS/NEXT 291400 UTC SLP105
CYAW,2020-04-29 14:00,-63.4994,44.6397,CYAW 291400Z 36012G20KT 15SM FEW025 BKN150 BKN250 04/M01 A3023 RMK CF1AC6CI2 DA-1424FT FST OBS CUFRA TR SLP239
CYAW,2020-04-29 15:00,-63.4994,44.6397,CYAW 291500Z 34016KT 15SM FEW025 SCT150 BKN250 06/00 A3025 RMK CF1AC4CI2 DA-1224FT CUFRA TR SLP247
CYAW,2020-04-29 16:00,-63.4994,44.6397,CYAW 291600Z 34015KT 15SM FEW030 FEW150 FEW250 08/00 A3026 RMK CU1AC2CI1 DA-1038FT SLP249
CYAW,2020-04-29 17:00,-63.4994,44.6397,CYAW 291700Z 36017KT 15SM FEW037 FEW150 FEW250 08/M00 A3025 RMK CU1AC1CI1 DA-918FT SLP247
CYAW,2020-04-29 18:00,-63.4994,44.6397,CYAW 291800Z 02014G19KT 15SM FEW038 FEW250 10/00 A3026 RMK CU1CI1 DA-781FT SLP249
CYAW,2020-04-29 19:00,-63.4994,44.6397,CYAW 291900Z 36013G20KT 15SM FEW042 FEW250 10/M01 A3028 RMK CU1CI1 DA-809FT SLP256
CYAW,2020-04-29 20:00,-63.4994,44.6397,CYAW 292000Z 18009KT 12SM FEW044 04/01 A3031 RMK CU1 DA-1474FT SLP267
CYAW,2020-04-29 20:27,-63.4994,44.6397,CYAW 292027Z 15009KT 12SM FEW044 FEW250 04/01 A3032 RMK CU1CI1 DA-1499FT LAST OBS/NEXT 301600 UTC SLP270
CYAW,2020-05-20 16:00,-63.4994,44.6397,CYAW 201600Z 19011KT 15SM SKC 13/M01 A3044 RMK DA-533FT FST OBS SLP308
CYAW,2020-05-20 17:00,-63.4994,44.6397,CYAW 201700Z 19012G18KT 15SM SKC 15/M02 A3041 RMK DA-345FT SLP300
CYAW,2020-05-20 18:00,-63.4994,44.6397,CYAW 201800Z 19013KT 15SM FEW250 15/M01 A3040 RMK CI1 DA-261FT SLP295
CYAW,2020-05-20 19:00,-63.4994,44.6397,CYAW 201900Z 22011KT 15SM FEW020 FEW250 15/M02 A3038 RMK CF1CI1 DA-278FT CUFRA TR SLP291
CYAW,2020-05-20 20:00,-63.4994,44.6397,CYAW 202000Z 22014KT 15SM FEW020 FEW250 15/M03 A3038 RMK CF1CI1 DA-281FT CUFRA TR SLP288
CYAW,2020-05-20 20:46,-63.4994,44.6397,CYAW 202046Z 23012G17KT 15SM FEW250 14/M03 A3038 RMK CI1 DA-378FT LAST OBS/NEXT UNKN SLP288
CYAW,2020-06-01 16:00,-63.4994,44.6397,CYAW 011600Z CCA 33009G17KT 15SM FEW045 BKN250 14/04 A2989 RMK CU2CI5 DA196FT FST OBS SLP121
CYAW,2020-06-01 17:00,-63.4994,44.6397,CYAW 011700Z 02007KT 15SM FEW050 BKN250 14/02 A2988 RMK CU2CI4 DA235FT SLP118
CYAW,2020-06-01 18:00,-63.4994,44.6397,CYAW 011800Z 32011KT 15SM FEW055 FEW180 BKN250 15/03 A2987 RMK CU2AC1CI3 DA322FT SLP116
CYAW,2020-06-01 19:00,-63.4994,44.6397,CYAW 011900Z 32008KT 15SM SCT055 SCT180 BKN250 15/02 A2987 RMK CU3AC1CI2 DA292FT SLP114
CYAW,2020-06-01 20:00,-63.4994,44.6397,CYAW 012000Z 31010KT 15SM SCT055 SCT180 BKN250 15/02 A2986 RMK CU3AC1CI2 DA304FT LAST OBS/NEXT 021600 UTC SLP113
CYAW,2020-06-02 16:00,-63.4994,44.6397,CYAW 021600Z 31013G18KT 15SM FEW050 BKN120 12/M01 A2975 RMK CU1AS7 DA134FT FST OBS SLP076
CYAW,2020-06-02 17:00,-63.4994,44.6397,CYAW 021700Z 28010G18KT 15SM FEW050 BKN100 13/M02 A2975 RMK CU1AS7 DA229FT SLP075
CYAW,2020-06-02 18:00,-63.4994,44.6397,CYAW 021800Z 30011G16KT 15SM FEW050 BKN100 13/M02 A2974 RMK CU1AS7 DA237FT SLP070
CYAW,2020-06-02 19:00,-63.4994,44.6397,CYAW 021900Z 27014KT 15SM FEW050 OVC090 13/M01 A2973 RMK CU1AS8 DA244FT SLP068
CYAW,2020-06-02 20:00,-63.4994,44.6397,CYAW 022000Z 29007KT 15SM FEW050 FEW070 OVC090 13/01 A2972 RMK CU1AC2AS6 DA276FT LAST OBS/NEXT 031600 UTC SLP066
CYAW,2020-06-03 16:00,-63.4994,44.6397,CYAW 031600Z 14010G16KT 2 1/2SM -RA BR BKN004 OVC020 07/07 A2969 RMK SF6SC2 DA-435FT FTS OBS SLP055
CYAW,2020-06-03 16:18,-63.4994,44.6397,CYAW 031618Z 15009G16KT 3SM -RA BR FEW004 OVC020 07/07 A2968 RMK SF2SC6 DA-397FT SLP053
CYAW,2020-06-03 16:41,-63.4994,44.6397,CYAW 031641Z 15013G19KT 6SM -RA BR BKN020 OVC050 07/07 A2968 RMK SC6SC2 DA-371FT PCPN VRY LGT SLP051
CYAW,2020-06-03 17:00,-63.4994,44.6397,CYAW 031700Z 16009KT 6SM -RA BR FEW004 BKN019 OVC050 08/07 A2968 RMK SF1SC6SC1 DA-307FT PCPN VRY LGT SLP051
CYAW,2020-06-03 17:20,-63.4994,44.6397,CYAW 031720Z 17006KT 15SM FEW004 OVC018 08/07 A2967 RMK SF1SC8 DA-309FT SLP050
CYAW,2020-06-03 18:00,-63.4994,44.6397,CYAW 031800Z 16009KT 12SM FEW004 BKN015 OVC030 08/07 A2966 RMK SF1SC7SC1 DA-272FT SLP046
CYAW,2020-06-03 18:34,-63.4994,44.6397,CYAW 031834Z 17007KT 12SM OVC012 08/07 A2965 RMK SC8 DA-287FT SLP041
CYAW,2020-06-03 18:47,-63.4994,44.6397,CYAW 031847Z 16008KT 12SM OVC010 08/07 A2964 RMK SC8 DA-276FT SLP039
CYAW,2020-06-03 19:00,-63.4994,44.6397,CYAW 031900Z 16011KT 9SM OVC008 08/07 A2964 RMK SC8 DA-262FT SLP038
CYAW,2020-06-03 19:19,-63.4994,44.6397,CYAW 031919Z 17008KT 6SM -RA BR OVC006 08/07 A2964 RMK ST8 DA-248FT SLP038
CYAW,2020-06-03 19:39,-63.4994,44.6397,CYAW 031939Z 17007KT 6SM -RA BR OVC004 08/08 A2963 RMK ST8 DA-221FT PCPN VRY LGT SLP037
CYAW,2020-06-03 20:00,-63.4994,44.6397,CYAW 032000Z 17006KT 5SM BR OVC003 08/08 A2963 RMK ST8 DA-180FT LAST OBS/NEXT 041600 UTC SLP034
CYAW,2020-06-04 16:00,-63.4994,44.6397,CYAW 041600Z 24011G17KT 15SM FEW034 20/13 A2979 RMK CU2 DA1120FT FST OBS SLP087
CYAW,2020-06-04 17:00,-63.4994,44.6397,CYAW 041700Z 23009KT 15SM FEW035 21/14 A2978 RMK CU2 DA1231FT SLP084
CYAW,2020-06-04 18:00,-63.4994,44.6397,CYAW 041800Z 18012G20KT 15SM FEW035 20/13 A2978 RMK CU2 DA1107FT SLP085
CYAW,2020-06-04 19:00,-63.4994,44.6397,CYAW 041900Z 20011G16KT 15SM FEW035 20/12 A2980 RMK CU2 DA1136FT SLP091
CYAW,2020-06-04 20:00,-63.4994,44.6397,CYAW 042000Z 21009KT 15SM FEW035 FEW250 21/13 A2980 RMK CU1CI1 DA1195FT LAST OBS/NEXT 051600 UTC SLP091
CYAW,2020-06-05 16:00,-63.4994,44.6397,CYAW 051600Z 23007KT 12SM FEW008 FEW030 OVC120 14/12 A2995 RMK SF1SC1AC7 DA194FT FST OBS SLP141
CYAW,2020-06-05 17:00,-63.4994,44.6397,CYAW 051700Z 17004KT 12SM FEW008 OVC110 15/13 A2992 RMK SF1AC8 DA356FT SLP131
CYAW,2020-06-05 18:00,-63.4994,44.6397,CYAW 051800Z 17005KT 12SM FEW008 OVC110 14/11 A2990 RMK SF1AC8 DA232FT SLP124
CYAW,2020-06-05 19:00,-63.4994,44.6397,CYAW 051900Z 19007KT 12SM FEW008 FEW040 OVC160 15/12 A2990 RMK SF1SC1AC7 DA337FT SLP127
CYAW,2020-06-05 20:00,-63.4994,44.6397,CYAW 052000Z 20004KT 12SM FEW006 BKN041 BKN120 15/12 A2989 RMK SF1SC5AC2 DA420FT LAST OBS/NXT 081600 UTC SLP123
CYAW,2020-06-08 16:00,-63.4994,44.6397,CYAW 081600Z 32006G16KT 15SM SCT052 SCT170 18/07 A2971 RMK CU4AC1 DA916FT FST OBS SLP062
CYAW,2020-06-08 17:00,-63.4994,44.6397,CYAW 081700Z 35006KT 15SM BKN060 18/07 A2972 RMK CU6 DA865FT SLP066
CYAW,2020-06-08 18:00,-63.4994,44.6397,CYAW 081800Z 35005KT 15SM SCT045 BKN060 BKN080 18/07 A2973 RMK CU3CU2AC2 DA843FT VIRGA SLP069
CYAW,2020-06-08 19:00,-63.4994,44.6397,CYAW 081900Z 15007KT 15SM FEW045 SCT060 BKN090 14/08 A2975 RMK CU1CU3AC3 DA368FT SLP074
CYAW,2020-06-08 20:00,-63.4994,44.6397,CYAW 082000Z 13004KT 15SM FEW045 SCT060 BKN090 13/08 A2976 RMK CU1CU3AC3 DA227FT LAST OBS/NEXT 151600 UTC SLP079
CYAW,2020-06-16 15:00,-63.4994,44.6397,CYAW 161500Z 17006KT 15SM FEW250 19/09 A3038 RMK CI2 DA253FT FST OBS SLP290
CYAW,2020-06-16 16:00,-63.4994,44.6397,CYAW 161600Z 15010KT 15SM FEW250 17/08 A3039 RMK CI1 DA62FT SLP291
CYAW,2020-06-16 17:00,-63.4994,44.6397,CYAW 161700Z 16009KT 15SM FEW250 18/08 A3038 RMK CI1 DA148FT SLP287
CYAW,2020-06-16 18:00,-63.4994,44.6397,CYAW 161800Z 16012KT 15SM FEW250 17/07 A3037 RMK CI2 DA77FT SLP286
CYAW,2020-06-16 19:00,-63.4994,44.6397,CYAW 161900Z 17013KT 15SM FEW250 18/05 A3036 RMK CI2 DA148FT LAST OBS/NXT 220900 UTC SLP283
CYAW,2020-06-22 09:00,-63.4994,44.6397,CYAW 220900Z 06002KT 3/8SM -DZ FG VV002 13/13 A3010 RMK FG8 DA-74FT FST OBS SLP193
CYAW,2020-06-22 09:36,-63.4994,44.6397,CYAW 220936Z 05005KT 3/4SM -DZ BR VV002 13/13 A3009 RMK FG8 DA-9FT SLP190
CYAW,2020-06-22 10:00,-63.4994,44.6397,CYAW 221000Z 07004KT 3/4SM -DZ BR VV002 14/14 A3009 RMK FG8 DA31FT SLP191
CYAW,2020-06-22 11:00,-63.4994,44.6397,CYAW 221100Z 05005KT 3/4SM -DZ BR VV002 15/15 A3008 RMK FG8 DA175FT SLP188
CYAW,2020-06-22 12:00,-63.4994,44.6397,CYAW 221200Z 06002KT 5/8SM -DZ BR VV001 16/16 A3007 RMK FG8 DA319FT SLP185
CYAW,2020-06-22 12:37,-63.4994,44.6397,CYAW 221237Z 03005KT 3/4SM -DZ BR OVC002 17/17 A3006 RMK ST8 DA464FT SLP180
CYAW,2020-06-22 13:00,-63.4994,44.6397,CYAW 221300Z 05005KT 1 1/4SM BR OVC002 17/17 A3006 RMK ST8 DA491FT SLP180
CYAW,2020-06-22 13:29,-63.4994,44.6397,CYAW 221329Z 06004KT 1SM BR OVC002 17/17 A3005 RMK ST8 DA569FT VIS VRB 3/4-1 1/4 SLP178
CYAW,2020-06-22 13:44,-63.4994,44.6397,CYAW 221344Z 05003KT 5/8SM BR OVC002 18/18 A3006 RMK ST8 DA610FT SLP179
CYAW,2020-06-22 14:00,-63.4994,44.6397,CYAW 221400Z 08002KT 5/8SM BR OVC002 18/18 A3006 RMK ST8 DA625FT SLP179
CYAW,2020-06-22 14:36,-63.4994,44.6397,CYAW 221436Z 12003KT 5/8SM -DZ OVC003 17/17 A3006 RMK SF8 DA464FT VIS VRB 3/8-1 SLP179
CYAW,2020-06-22 15:00,-63.4994,44.6397,CYAW 221500Z 10005KT 5/8SM BR OVC002 16/16 A3005 RMK FG4ST4 DA342FT VIS VRB 3/8-1 SLP177
CYAW,2020-06-22 15:28,-63.4994,44.6397,CYAW 221528Z 08004KT 1 1/4SM -SHRA BR OVC002 16/16 A3005 RMK SF8 DA436FT SLP176
CYAW,2020-06-22 15:50,-63.4994,44.6397,CYAW 221550Z 08003KT 1 1/2SM -SHRA BR OVC003 18/18 A3004 RMK SF8 DA594FT SLP175
CYAW,2020-06-22 16:00,-63.4994,44.6397,CYAW 221600Z 10004KT 2SM BR BKN003 OVC008 17/17 A3004 RMK SF7ST1 DA581FT SLP175
CYAW,2020-06-22 16:17,-63.4994,44.6397,CYAW 221617Z 09004KT 1/4SM FG VV001 17/17 A3004 RMK FG8 DA460FT SLP174
CYAW,2020-06-22 16:27,-63.4994,44.6397,CYAW 221627Z 10006KT 1 1/2SM -DZ BR OVC002 17/17 A3003 RMK SF8 DA485FT SLP172
CYAW,2020-06-22 17:00,-63.4994,44.6397,CYAW 221700Z 09009G15KT 2SM -DZ BR BKN003 OVC011 17/17 A3003 RMK SF6ST2 DA574FT PCPN VRY LGT SLP169
CYAW,2020-06-22 17:31,-63.4994,44.6397,CYAW 221731Z 10010KT 3SM -DZ BR BKN004 OVC010 18/17 A3002 RMK SF6ST2 DA629FT PCPN VRY LGT SLP168
CYAW,2020-06-22 17:48,-63.4994,44.6397,CYAW 221748Z 08008KT 5SM BR SCT004 OVC010 18/17 A3002 RMK SF3ST5 DA678FT SLP166
CYAW,2020-06-22 18:00,-63.4994,44.6397,CYAW 221800Z 09007KT 5SM BR FEW004 OVC009 18/17 A3001 RMK SF2ST6 DA723FT SLP164
CYAW,2020-06-22 19:00,-63.4994,44.6397,CYAW 221900Z 09008KT 5SM BR OVC008 18/16 A3000 RMK ST8 DA653FT SLP158
CYAW,2020-06-22 19:43,-63.4994,44.6397,CYAW 221943Z 12007KT 2SM BR BKN005 OVC010 17/16 A2999 RMK SF5ST3 DA607FT VIS HIER N QUAD SLP155
CYAW,2020-06-22 20:00,-63.4994,44.6397,CYAW 222000Z 08007KT 2SM BR BKN004 OVC010 17/16 A2998 RMK SF7ST1 DA584FT VIS HIER N QUAD FG BANK S QUAD SLP153
CYAW,2020-06-22 20:15,-63.4994,44.6397,CYAW 222015Z 08008KT 2SM BR BKN004 OVC010 17/16 A2998 RMK SF7ST1 DA584FT FG BANK S QUAD LAST OBS/NEXT 230900 UTC SLP152
CYAW,2020-06-23 09:00,-63.4994,44.6397,CYAW 230900Z 09002KT 0SM FG VV000 13/13 A2989 RMK FG8 DA194FT FST OBS SLP122
CYAW,2020-06-23 10:00,-63.4994,44.6397,CYAW 231000Z 09004KT 0SM FG VV000 14/14 A2989 RMK FG8 DA247FT SLP121
CYAW,2020-06-23 11:00,-63.4994,44.6397,CYAW 231100Z 08004KT 0SM FG VV000 15/15 A2990 RMK FG8 DA355FT SLP125
CYAW,2020-06-23 11:35,-63.4994,44.6397,CYAW 231135Z 10003KT 1/4SM FG VV001 15/15 A2990 RMK FG8 DA474FT SLP126
CYAW,2020-06-23 12:00,-63.4994,44.6397,CYAW 231200Z 11002KT 1/8SM FG VV000 15/15 A2991 RMK FG8 DA450FT SLP128
CYAW,2020-06-23 12:41,-63.4994,44.6397,CYAW 231241Z 09002KT 3/8SM FG VV001 16/16 A2990 RMK FG8 DA499FT SLP124
CYAW,2020-06-23 12:53,-63.4994,44.6397,CYAW 231253Z 10002KT 3/4SM BR VV002 16/16 A2989 RMK FG8 DA564FT SLP123
CYAW,2020-06-23 13:00,-63.4994,44.6397,CYAW 231300Z 09003KT 3/4SM BR VV002 16/16 A2990 RMK FG8 DA568FT VIS LWR SE-SW SLP124
CYAW,2020-06-23 14:00,-63.4994,44.6397,CYAW 231400Z 09005KT 1 1/4SM BR OVC003 17/17 A2989 RMK FG2ST6 DA724FT SLP121
CYAW,2020-06-23 14:24,-63.4994,44.6397,CYAW 231424Z 09004KT 2SM BR OVC004 17/17 A2989 RMK ST8 DA696FT SLP121
CYAW,2020-06-23 15:00,-63.4994,44.6397,CYAW 231500Z 14004KT 3SM BR OVC005 18/17 A2989 RMK ST8 DA818FT VIS HIER N FG BANK S QUAD SLP121
CYAW,2020-06-23 15:30,-63.4994,44.6397,CYAW 231530Z 11004KT 5SM BR OVC006 20/18 A2989 RMK ST8 DA1070FT VIS LWR S SLP121
CYAW,2020-06-23 16:00,-63.4994,44.6397,CYAW 231600Z 12006KT 6SM BR BKN006 20/18 A2988 RMK ST7 DA1066FT SLP119
CYAW,2020-06-23 17:00,-63.4994,44.6397,CYAW 231700Z 12006KT 6SM BR BKN005 BKN020 19/18 A2987 RMK ST6CU1 DA978FT VIS LWR S SLP114
CYAW,2020-06-23 17:50,-63.4994,44.6397,CYAW 231750Z 15007KT 3SM BR BKN005 BKN020 20/18 A2987 RMK ST7CU1 DA1056FT VIS HIER N FG BANK S QUAD SLP114
CYAW,2020-06-23 18:00,-63.4994,44.6397,CYAW 231800Z 15006KT 2SM BR BKN005 BKN020 20/18 A2987 RMK ST7CU1 DA1056FT VIS HIER N SLP114
CYAW,2020-06-23 18:36,-63.4994,44.6397,CYAW 231836Z 14008KT 1 1/2SM BR OVC003 19/18 A2986 RMK ST8 DA989FT VIS HIER N SLP112
CYAW,2020-06-23 19:00,-63.4994,44.6397,CYAW 231900Z 15008KT 1 1/2SM BR OVC003 19/18 A2986 RMK ST8 DA973FT SLP111
CYAW,2020-06-23 19:30,-63.4994,44.6397,CYAW 231930Z 14011KT 1SM BR OVC003 18/18 A2985 RMK ST8 DA919FT SLP109
CYAW,2020-06-23 19:47,-63.4994,44.6397,CYAW 231947Z 14008KT 3/4SM BR OVC003 18/18 A2985 RMK FG2ST6 DA907FT SLP108
CYAW,2020-06-23 20:00,-63.4994,44.6397,CYAW 232000Z 15008KT 3/4SM BR VV002 18/18 A2985 RMK FG8 DA896FT SLP108
CYAW,2020-06-23 20:20,-63.4994,44.6397,CYAW 232020Z 17008KT 3/8SM FG VV001 18/17 A2985 RMK FG8 DA869FT SLP108
CYAW,2020-06-23 20:39,-63.4994,44.6397,CYAW 232039Z 15005KT 3/4SM BR VV002 19/18 A2984 RMK FG8 DA976FT VIS VRB 1/2-1 SLP107
CYAW,2020-06-23 21:00,-63.4994,44.6397,CYAW 232100Z 14008KT 3/4SM BR VV002 19/18 A2984 RMK FG8 DA1002FT VIS VRB 1/2-1 SLP107
CYAW,2020-06-23 21:27,-63.4994,44.6397,CYAW 232127Z 16007KT 3/8SM FG VV002 19/18 A2985 RMK FG8 DA979FT SLP108
CYAW,2020-06-23 22:00,-63.4994,44.6397,CYAW 232200Z CCA 16006KT 1/8SM FG VV000 18/18 A2984 RMK FG8 DA875FT LAST OBS/NEXT 240900 UTC SLP105
CYAW,2020-06-24 09:00,-63.4994,44.6397,CYAW 240900Z 11002KT 0SM FG VV000 14/14 A2984 RMK FG8 DA410FT FST OBS SLP104
CYAW,2020-06-24 09:28,-63.4994,44.6397,CYAW 240928Z 18004KT 1/8SM FG VV000 15/15 A2984 RMK FG8 DA464FT SLP107
CYAW,2020-06-24 10:00,-63.4994,44.6397,CYAW 241000Z 17004KT 0SM FG VV000 15/15 A2985 RMK FG8 DA439FT SLP110
CYAW,2020-06-24 11:00,-63.4994,44.6397,CYAW 241100Z 15005KT 0SM FG VV000 16/16 A2987 RMK FG8 DA562FT SLP115
CYAW,2020-06-24 11:26,-63.4994,44.6397,CYAW 241126Z 16003KT 1/8SM FG VV000 16/16 A2987 RMK FG8 DA562FT SLP116
CYAW,2020-06-24 12:00,-63.4994,44.6397,CYAW 241200Z 14004KT 3/8SM FG VV001 16/16 A2987 RMK FG8 DA589FT SLP117
CYAW,2020-06-24 12:19,-63.4994,44.6397,CYAW 241219Z 15002KT 1SM BR OVC002 16/16 A2988 RMK ST8 DA604FT SLP118
CYAW,2020-06-24 13:00,-63.4994,44.6397,CYAW 241300Z 18003KT 2SM BR BKN002 OVC006 17/17 A2987 RMK SF6SF2 DA762FT SLP117
CYAW,2020-06-24 14:00,-63.4994,44.6397,CYAW 241400Z 16005KT 3SM BR BKN002 OVC015 17/17 A2987 RMK SF6SC2 DA669FT VIS LWR SE-SW SLP114
CYAW,2020-06-24 14:31,-63.4994,44.6397,CYAW 241431Z 16006KT 8SM SCT004 OVC006 18/18 A2986 RMK SF3SC5 DA837FT SLP113
CYAW,2020-06-24 15:00,-63.4994,44.6397,CYAW 241500Z 15007KT 8SM FEW004 OVC011 18/18 A2986 RMK SF1ST7 DA908FT SLP111
CYAW,2020-06-24 16:00,-63.4994,44.6397,CYAW 241600Z 17008KT 8SM OVC012 20/18 A2986 RMK ST8 DA1048FT SLP112
CYAW,2020-06-24 17:00,-63.4994,44.6397,CYAW 241700Z 19009KT 12SM BKN012 21/18 A2986 RMK ST7 DA1266FT SLP113
CYAW,2020-06-24 18:00,-63.4994,44.6397,CYAW 241800Z 15011KT 15SM FEW014 21/18 A2986 RMK SC2 DA1175FT SLP112
CYAW,2020-06-24 19:00,-63.4994,44.6397,CYAW 241900Z 16009KT 15SM FEW015 FEW025 19/17 A2985 RMK SC1CU1 DA1007FT SLP110
CYAW,2020-06-24 19:35,-63.4994,44.6397,CYAW 241935Z 18010G16KT 15SM FEW008 FEW025 20/17 A2986 RMK ST1CU1 DA1096FT FG BANK S LAST OBS/NEXT 250900 UTC SLP113
CYAW,2020-06-25 09:00,-63.4994,44.6397,CYAW 250900Z CCA 17002KT 3/4SM BR OVC002 17/17 A2988 RMK SF8 DA670FT FST OBS SLP119
CYAW,2020-06-25 09:25,-63.4994,44.6397,CYAW 250925Z 15003KT 3/8SM FG VV001 17/17 A2989 RMK FG8 DA646FT SLP121
CYAW,2020-06-25 09:47,-63.4994,44.6397,CYAW 250947Z 12004KT 1/8SM FG VV000 16/16 A2989 RMK FG8 DA606FT SLP123
CYAW,2020-06-25 10:00,-63.4994,44.6397,CYAW 251000Z 15004KT 1/8SM FG VV000 16/16 A2990 RMK FG8 DA581FT SLP124
CYAW,2020-06-25 11:00,-63.4994,44.6397,CYAW 251100Z 18007KT 1/8SM FG VV000 16/16 A2991 RMK FG8 DA556FT SLP128
CYAW,2020-06-25 11:53,-63.4994,44.6397,CYAW 251153Z 17006KT 1/4SM FG VV001 16/16 A2991 RMK FG8 DA529FT SLP128
CYAW,2020-06-25 12:00,-63.4994,44.6397,CYAW 251200Z 18006KT 1/4SM FG VV001 16/16 A2991 RMK FG8 DA529FT SLP129
CYAW,2020-06-25 12:22,-63.4994,44.6397,CYAW 251222Z 17005KT 1/8SM FG VV000 16/16 A2991 RMK FG8 DA541FT VIS VRB 0-1/4 SLP128
CYAW,2020-06-25 13:00,-63.4994,44.6397,CYAW 251300Z 19007KT 1/8SM FG VV000 17/17 A2990 RMK FG8 DA674FT VIS VRB 0-1/4 SLP126
CYAW,2020-06-25 14:00,-63.4994,44.6397,CYAW 251400Z 16006KT 1/8SM FG VV000 16/16 A2991 RMK FG8 DA596FT VIS VRB 0-1/4 SLP130
CYAW,2020-06-25 14:30,-63.4994,44.6397,CYAW 251430Z 18007KT 3/8SM FG VV001 17/17 A2992 RMK FG8 DA611FT VIS VRB 1/4-1/2 SLP131
CYAW,2020-06-25 15:00,-63.4994,44.6397,CYAW 251500Z 17004KT 2SM BR OVC002 17/17 A2992 RMK ST8 DA691FT SLP131
CYAW,2020-06-25 15:52,-63.4994,44.6397,CYAW 251552Z 17005KT 3SM BR SCT002 OVC004 19/19 A2991 RMK SF3SF5 DA942FT VIS LWR SE-SW SLP128
CYAW,2020-06-25 16:00,-63.4994,44.6397,CYAW 251600Z 17005KT 5SM BR SCT002 OVC004 19/19 A2991 RMK SF3SF5 DA942FT VIS LWR SE-S SLP128
CYAW,2020-06-25 16:37,-63.4994,44.6397,CYAW 251637Z 16009KT 6SM BR FEW004 BKN030 20/19 A2991 RMK SF2SC3 DA1041FT SLP128
CYAW,2020-06-25 17:00,-63.4994,44.6397,CYAW 251700Z 16007KT 8SM FEW005 SCT030 BKN210 21/20 A2991 RMK SF2SC2CI1 DA1237FT SLP128
CYAW,2020-06-25 17:26,-63.4994,44.6397,CYAW 251726Z 16009KT 10SM FEW005 FEW020 SCT070 22/20 A2990 RMK SF1SC2AC1 DA1328FT LAST OBS/NXT 260900 UTC SLP125
CYAW,2020-06-26 09:00,-63.4994,44.6397,CYAW 260900Z 00000KT 15SM BKN250 13/13 A2999 RMK CI7 DA90FT FST OBS SLP156
CYAW,2020-06-26 10:00,-63.4994,44.6397,CYAW 261000Z 00000KT 15SM BKN250 15/14 A2999 RMK CI6 DA262FT SLP155
CYAW,2020-06-26 11:00,-63.4994,44.6397,CYAW 261100Z 00000KT 15SM BKN250 17/15 A2998 RMK CC6 DA525FT SLP153
CYAW,2020-06-26 12:00,-63.4994,44.6397,CYAW 261200Z 19003KT 15SM BKN250 19/16 A2998 RMK CI6 DA788FT SLP154
CYAW,2020-06-26 13:00,-63.4994,44.6397,CYAW 261300Z 16004KT 15SM BKN250 21/16 A2999 RMK CI6 DA992FT SLP155
CYAW,2020-06-26 14:00,-63.4994,44.6397,CYAW 261400Z 14005KT 15SM BKN250 22/17 A2997 RMK CI5 DA1184FT SLP150
CYAW,2020-06-26 15:00,-63.4994,44.6397,CYAW 261500Z 15007KT 15SM FEW040 BKN220 22/15 A2996 RMK CU1CS7 DA1149FT SLP147
CYAW,2020-06-26 16:00,-63.4994,44.6397,CYAW 261600Z 18008KT 12SM FEW040 FEW180 OVC220 22/16 A2995 RMK CU1AC2CS6 DA1171FT SLP144
CYAW,2020-06-26 17:00,-63.4994,44.6397,CYAW 261700Z 17008KT 12SM FEW040 FEW180 OVC220 22/15 A2995 RMK CU1AC2CS6 DA1195FT SLP141
CYAW,2020-06-26 18:00,-63.4994,44.6397,CYAW 261800Z 18007KT 15SM FEW040 SCT180 BKN220 24/15 A2992 RMK CU1AC3CS4 DA1478FT SLP133
CYAW,2020-06-26 19:00,-63.4994,44.6397,CYAW 261900Z 16009KT 15SM FEW040 BKN180 OVC220 25/16 A2991 RMK CU1AC6CC2 DA1538FT LAST OBS/NEXT 291300 UTC SLP127
CYAW,2020-06-29 10:00,-63.4994,44.6397,CYAW 291000Z 00000KT 1 1/2SM BR OVC002 14/14 A2993 RMK ST8 DA241FT FST OBS SLP135
CYAW,2020-06-29 10:31,-63.4994,44.6397,CYAW 291031Z 01003KT 4SM BR BKN002 OVC060 15/15 A2993 RMK ST6SC2 DA320FT SLP135
CYAW,2020-06-29 11:00,-63.4994,44.6397,CYAW 291100Z 01002KT 3SM BR OVC002 15/15 A2993 RMK ST8 DA387FT SLP135
CYAW,2020-06-29 11:31,-63.4994,44.6397,CYAW 291131Z 00000KT 4SM BR BKN003 OVC060 16/16 A2995 RMK SF6SC2 DA494FT SLP142
CYAW,2020-06-29 12:00,-63.4994,44.6397,CYAW 291200Z 17003KT 5SM BR FEW005 OVC025 16/16 A2996 RMK SF2SC6 DA531FT FG BANK OVR HBR SLP147
CYAW,2020-06-29 12:34,-63.4994,44.6397,CYAW 291234Z 12007KT 4SM BR BKN002 OVC025 16/16 A2998 RMK ST5SC3 DA467FT 4 SLP151
CYAW,2020-06-29 13:00,-63.4994,44.6397,CYAW 291300Z 09004KT 2 1/2SM BR BKN002 OVC025 16/15 A2997 RMK ST7SC1 DA430FT SLP150
CYAW,2020-06-29 13:24,-63.4994,44.6397,CYAW 291324Z 07005KT 3SM BR SCT003 BKN030 BKN080 18/17 A2997 RMK SF4SC3AC1 DA685FT SLP149
CYAW,2020-06-29 14:00,-63.4994,44.6397,CYAW 291400Z 13012KT 3SM BR BKN005 BKN030 OVC080 17/16 A2999 RMK SF5SC2AC2 DA565FT FG BANK OVR HBR SLP156
CYAW,2020-06-29 14:15,-63.4994,44.6397,CYAW 291415Z 13011KT 2 1/2SM BR BKN003 OVC030 16/15 A3001 RMK SF7SC1 DA363FT PRESRR FG BANK OVR HBR SLP161
CYAW,2020-06-29 14:26,-63.4994,44.6397,CYAW 291426Z 13009G17KT 1 1/2SM BR BKN002 OVC030 16/15 A3000 RMK SF7SC1 DA364FT SLP160
CYAW,2020-06-29 14:38,-63.4994,44.6397,CYAW 291438Z CCA 13011KT 3/4SM BR OVC002 15/15 A3001 RMK ST8 DA303FT SLP163
CYAW,2020-06-29 14:54,-63.4994,44.6397,CYAW 291454Z 12008KT 4SM BR BKN004 OVC030 16/15 A3001 RMK SF6SC2 DA381FT SLP162
CYAW,2020-06-29 15:00,-63.4994,44.6397,CYAW 291500Z 12010KT 4SM BR BKN004 OVC030 16/15 A3001 RMK SF6SC2 DA403FT SLP163
CYAW,2020-06-29 16:00,-63.4994,44.6397,CYAW 291600Z 13007KT 3SM BR BKN004 OVC030 17/16 A3002 RMK SF6SC2 DA526FT SLP165
CYAW,2020-06-29 16:27,-63.4994,44.6397,CYAW 291627Z 11004KT 4SM BR BKN005 OVC040 18/17 A3001 RMK SF6SC2 DA731FT SLP164
CYAW,2020-06-29 17:00,-63.4994,44.6397,CYAW 291700Z 13007KT 4SM BR BKN006 BKN015 OVC040 19/18 A3001 RMK SF6SC2SC1 DA836FT FG BANK OVR HBR SLP162
CYAW,2020-06-29 17:35,-63.4994,44.6397,CYAW 291735Z 10005KT 6SM BR FEW007 SCT038 OVC100 20/19 A3000 RMK SF2CU2AC4 DA976FT FG BANK OVR APCHS SLP160
CYAW,2020-06-29 18:00,-63.4994,44.6397,CYAW 291800Z 11009KT 8SM FEW007 SCT020 BKN100 OVC230 20/18 A3000 RMK SF2CU2AC2CS2 DA944FT HALO FG BANK OVR APCHS SLP160
CYAW,2020-06-29 18:21,-63.4994,44.6397,CYAW 291821Z 09009KT 8SM BKN005 OVC017 18/17 A3001 RMK SF5CU3 DA732FT FG BANK OVR APCHS SLP161
CYAW,2020-06-29 18:53,-63.4994,44.6397,CYAW 291853Z 09009KT 8SM SCT005 OVC015 19/17 A3000 RMK SF3CU5 DA767FT SLP159
CYAW,2020-06-29 19:00,-63.4994,44.6397,CYAW 291900Z 11006KT 8SM FEW005 OVC015 19/18 A3000 RMK SF2SC6 DA869FT SLP160
CYAW,2020-06-29 19:48,-63.4994,44.6397,CYAW 291948Z 10011KT 8SM FEW005 SCT015 OVC180 20/18 A3000 RMK SF2SC2AC5 DA942FT SLP160
CYAW,2020-06-29 20:00,-63.4994,44.6397,CYAW 292000Z 11011KT 8SM FEW005 SCT015 BKN180 OVC250 20/18 A3001 RMK SF2SC2AC3CI2 DA917FT SLP162
CYAW,2020-06-29 20:20,-63.4994,44.6397,CYAW 292020Z 11009G15KT 5SM BR BKN004 OVC015 19/18 A3001 RMK SF6SC2 DA784FT SLP164
CYAW,2020-06-29 21:00,-63.4994,44.6397,CYAW 292100Z 09007KT 3SM BR OVC003 17/17 A3001 RMK ST8 DA580FT SLP162
CYAW,2020-06-29 21:15,-63.4994,44.6397,CYAW 292115Z 09006KT 2SM BR OVC002 17/17 A3001 RMK ST8 DA557FT SLP163
CYAW,2020-06-29 21:48,-63.4994,44.6397,CYAW 292148Z 08008KT 4SM BR OVC002 17/17 A3001 RMK ST8 DA532FT FG BANK OVR APCHS SLP161
CYAW,2020-06-29 22:00,-63.4994,44.6397,CYAW 292200Z 08008KT 4SM BR OVC002 17/17 A3001 RMK ST8 DA558FT FG BANK OVR APCHS SLP161
CYAW,2020-06-29 22:31,-63.4994,44.6397,CYAW 292231Z 07003KT 2SM BR OVC002 17/17 A3001 RMK ST8 DA545FT SLP163
CYAW,2020-06-29 22:40,-63.4994,44.6397,CYAW 292240Z 07006KT 3/4SM BR OVC002 17/16 A3002 RMK FG6ST2 DA494FT SLP165
CYAW,2020-06-29 23:00,-63.4994,44.6397,CYAW 292300Z 09005KT 1/2SM FG VV001 16/16 A3002 RMK FG8 DA457FT SLP167
CYAW,2020-06-29 23:11,-63.4994,44.6397,CYAW 292311Z 09006KT 1/8SM FG VV001 16/16 A3002 RMK FG8 DA403FT SLP166
CYAW,2020-06-29 23:31,-63.4994,44.6397,CYAW 292331Z 07004KT 0SM FG VV000 16/16 A3002 RMK FG8 DA363FT SLP167
CYAW,2020-06-29 23:40,-63.4994,44.6397,CYAW 292340Z 09005KT 0SM FG VV000 15/15 A3003 RMK FG8 DA325FT LAST OBS/NEXT 301000 UTC SLP168
CYAW,2020-06-30 10:00,-63.4994,44.6397,CYAW 301000Z 07009G16KT 1/8SM -DZ FG VV001 18/18 A2994 RMK FG8 DA709FT FST OBS SLP139
CYAW,2020-06-30 10:20,-63.4994,44.6397,CYAW 301020Z 08007KT 3/8SM -DZ FG VV003 17/17 A2995 RMK FG8 DA684FT SLP143
CYAW,2020-06-30 10:40,-63.4994,44.6397,CYAW 301040Z 05009G15KT 1/4SM -DZ FG VV002 17/17 A2993 RMK FG8 DA707FT SLP135
CYAW,2020-06-30 11:00,-63.4994,44.6397,CYAW 301100Z 07006G15KT 3/4SM -DZ BR OVC003 18/18 A2995 RMK ST8 DA724FT SLP143
CYAW,2020-06-30 11:43,-63.4994,44.6397,CYAW 301143Z 06004KT 3/4SM BR OVC003 18/18 A2995 RMK ST8 DA777FT FG SLP142
CYAW,2020-06-30 12:00,-63.4994,44.6397,CYAW 301200Z 09007KT 3/4SM BR OVC003 18/18 A2996 RMK ST8 DA739FT SLP147
CYAW,2020-06-30 12:19,-63.4994,44.6397,CYAW 301219Z 08007KT 3/4SM -DZ BR OVC003 18/18 A2995 RMK ST8 DA737FT SLP144
CYAW,2020-06-30 13:00,-63.4994,44.6397,CYAW 301300Z 06005KT 1SM -DZ BR OVC003 18/18 A2995 RMK ST8 DA777FT VIS VRB 3/4-1 1/4 PCPN VRY LGT SLP144
CYAW,2020-06-30 13:27,-63.4994,44.6397,CYAW 301327Z 09007KT 1/2SM -DZ FG OVC003 18/18 A2996 RMK FG2ST6 DA753FT PCPN VRY LGT SLP146
CYAW,2020-06-30 13:41,-63.4994,44.6397,CYAW 301341Z 10006KT 3/4SM BR OVC003 18/18 A2997 RMK ST8 DA688FT VIS VRB 1/2-1 SLP148
CYAW,2020-06-30 13:53,-63.4994,44.6397,CYAW 301353Z 09008KT 3/8SM -DZ FG VV002 17/17 A2997 RMK FG8 DA621FT SLP149
CYAW,2020-06-30 14:00,-63.4994,44.6397,CYAW 301400Z 08006KT 1/4SM -DZ FG VV002 17/17 A2997 RMK FG8 DA634FT SLP148
CYAW,2020-06-30 14:25,-63.4994,44.6397,CYAW 301425Z 05006KT 1/2SM -DZ FG VV002 18/18 A2995 RMK FG8 DA764FT SLP144
CYAW,2020-06-30 14:42,-63.4994,44.6397,CYAW 301442Z 05006KT 1/2SM FG OVC003 18/18 A2996 RMK FG3ST5 DA793FT SLP145
CYAW,2020-06-30 15:00,-63.4994,44.6397,CYAW 301500Z 09002KT 1 1/4SM BR OVC003 18/18 A2998 RMK ST8 DA770FT SLP152
CYAW,2020-06-30 15:21,-63.4994,44.6397,CYAW 301521Z 12005KT 3/4SM BR OVC003 17/17 A2998 RMK FG2ST6 DA623FT SLP151
CYAW,2020-06-30 15:29,-63.4994,44.6397,CYAW 301529Z 09006KT 1/2SM -DZ FG VV002 17/17 A2997 RMK FG8 DA621FT SLP150
CYAW,2020-06-30 16:00,-63.4994,44.6397,CYAW 301600Z 08008KT 1/2SM -DZ FG VV002 18/18 A2997 RMK FG8 DA741FT VIS VRB 1/4-3/4 PCPN VRY LGT SLP148
CYAW,2020-06-30 16:23,-63.4994,44.6397,CYAW 301623Z 09008KT 2 1/2SM BR OVC004 19/18 A2997 RMK ST8 DA806FT SLP148
CYAW,2020-06-30 16:37,-63.4994,44.6397,CYAW 301637Z 09005KT 3/4SM BR OVC003 18/18 A2997 RMK ST8 DA754FT SLP148
CYAW,2020-06-30 16:52,-63.4994,44.6397,CYAW 301652Z 09004KT 2 1/2SM BR OVC004 19/19 A2996 RMK ST8 DA893FT SLP147
CYAW,2020-06-30 17:00,-63.4994,44.6397,CYAW 301700Z 10006KT 2 1/2SM BR OVC006 20/19 A2997 RMK ST8 DA967FT SLP148
CYAW,2020-06-30 17:28,-63.4994,44.6397,CYAW 301728Z 10007KT 3SM BR FEW002 OVC004 19/18 A2997 RMK SF1SF7 DA835FT VIS LWR E-S SLP148
CYAW,2020-06-30 18:00,-63.4994,44.6397,CYAW 301800Z 12005KT 3SM BR FEW002 OVC004 18/18 A2998 RMK SF1SF8 DA773FT VIS LWR E-S SLP153
CYAW,2020-06-30 19:00,-63.4994,44.6397,CYAW 301900Z CCA 19004KT 5SM BR SCT004 OVC025 19/18 A3000 RMK SF3SC5 DA772FT FG OVR APCHS VIS LWR S SLP158
CYAW,2020-06-30 20:00,-63.4994,44.6397,CYAW 302000Z 16006KT 8SM FEW002 FEW020 OVC035 21/19 A3000 RMK SF1CF1SC8 DA1057FT CUFRA TR FG OVR APCHS VIS LWR SE-S SLP158
CYAW,2020-06-30 21:00,-63.4994,44.6397,CYAW 302100Z 18004KT 6SM BR FEW004 FEW025 BKN055 20/18 A2998 RMK SF1CU1SC7 DA992FT FG OVR APCHS VIS LWR SE-SW SLP154
CYAW,2020-06-30 21:39,-63.4994,44.6397,CYAW 302139Z 12004KT 5SM BR BKN013 BKN025 19/18 A2998 RMK SF6CU1 DA822FT FG OVR APCHS VIS LWR E-SW SLP152
CYAW,2020-06-30 22:00,-63.4994,44.6397,CYAW 302200Z 11004KT 5SM BR FEW003 BKN009 BKN025 17/17 A2999 RMK SF1SF6CU1 DA565FT FG OVR APCHS VIS LWR SE-SW SLP155
CYAW,2020-06-30 23:00,-63.4994,44.6397,CYAW 302300Z 09004KT 2 1/2SM -SHRA BR OVC005 17/17 A2998 RMK SF8 DA646FT SLP153
CYAW,2020-06-30 23:20,-63.4994,44.6397,CYAW 302320Z 09003KT 1SM -SHRA BR OVC003 17/17 A2998 RMK SF8 DA634FT SLP154
CYAW,2020-06-30 23:38,-63.4994,44.6397,CYAW 302338Z 08004KT 3/4SM -SHRA BR OVC002 17/17 A2998 RMK SF8 DA623FT SLP153
CYAW,2020-07-01 00:00,-63.4994,44.6397,CYAW 010000Z 10006KT 3/4SM -SHRA BR OVC002 17/17 A2998 RMK ST8 DA596FT SLP154
CYAW,2020-07-01 00:38,-63.4994,44.6397,CYAW 010038Z 09007KT 1SM -DZ BR OVC002 17/17 A2999 RMK ST8 DA544FT VIS VRB 3/4-1 1/2 SLP155
CYAW,2020-07-01 01:00,-63.4994,44.6397,CYAW 010100Z 09006KT 1SM -SHRA BR OVC002 17/17 A2999 RMK ST8 DA571FT VIS VRB 3/4-1 1/2 SLP155
CYAW,2020-07-01 01:17,-63.4994,44.6397,CYAW 010117Z 11007KT 1 1/2SM -SHRA BR OVC002 17/17 A2999 RMK ST8 DA571FT LAST OBS/NXT 020900 UTC SLP156
CYAW,2020-07-02 09:00,-63.4994,44.6397,CYAW 020900Z 00000KT 1/8SM FG VV001 14/14 A2978 RMK FG8 DA425FT FST OBS SLP085
CYAW,2020-07-02 10:00,-63.4994,44.6397,CYAW 021000Z 00000KT 1/8SM FG VV001 15/15 A2978 RMK FG8 DA533FT SLP086
CYAW,2020-07-02 11:00,-63.4994,44.6397,CYAW 021100Z 19002KT 1/8SM FG VV001 15/15 A2979 RMK FG8 DA521FT SLP088
CYAW,2020-07-02 11:47,-63.4994,44.6397,CYAW 021147Z 00000KT 1/4SM FG VV002 16/16 A2977 RMK FG8 DA664FT SLP083
CYAW,2020-07-02 12:00,-63.4994,44.6397,CYAW 021200Z 00000KT 1/4SM FG VV002 16/16 A2977 RMK FG8 DA677FT SLP083
CYAW,2020-07-02 12:06,-63.4994,44.6397,CYAW 021206Z 22003KT 3/4SM BR OVC003 16/16 A2978 RMK SF8 DA666FT SLP084
CYAW,2020-07-02 12:25,-63.4994,44.6397,CYAW 021225Z 24004KT 1 1/2SM BR OVC003 17/17 A2978 RMK SF8 DA759FT SLP084
CYAW,2020-07-02 12:39,-63.4994,44.6397,CYAW 021239Z 23004KT 3SM BR OVC004 17/17 A2978 RMK SF8 DA759FT SLP084
CYAW,2020-07-02 12:56,-63.4994,44.6397,CYAW 021256Z 31005KT 8SM BKN004 OVC007 17/17 A2977 RMK SF6SF2 DA877FT VIS LWR S SLP082
CYAW,2020-07-02 13:00,-63.4994,44.6397,CYAW 021300Z 30005KT 8SM BKN004 OVC007 17/17 A2977 RMK SF5SF3 DA864FT VIS LWR S SLP082
CYAW,2020-07-02 13:11,-63.4994,44.6397,CYAW 021311Z 28008KT 10SM BKN008 BKN012 18/18 A2976 RMK SF5SC2 DA929FT SLP080
CYAW,2020-07-02 13:25,-63.4994,44.6397,CYAW 021325Z 27004KT 12SM FEW008 BKN012 18/18 A2976 RMK SF2SC4 DA979FT SLP080
CYAW,2020-07-02 13:50,-63.4994,44.6397,CYAW 021350Z 23006KT 15SM SCT013 SCT250 20/18 A2976 RMK SC3CI1 DA1209FT SLP080
CYAW,2020-07-02 14:00,-63.4994,44.6397,CYAW 021400Z 24005KT 15SM FEW013 SCT250 20/18 A2976 RMK SC2CI2 DA1247FT SLP079
CYAW,2020-07-02 15:00,-63.4994,44.6397,CYAW 021500Z 19007KT 10SM FEW002 FEW015 SCT250 21/18 A2974 RMK SF1CU1CI4 DA1383FT FG BANK OVR APCHS SLP072
CYAW,2020-07-02 16:00,-63.4994,44.6397,CYAW 021600Z 14006KT 12SM FEW006 FEW025 FEW250 23/19 A2973 RMK SF1CU1CI2 DA1587FT SLP067
CYAW,2020-07-02 17:00,-63.4994,44.6397,CYAW 021700Z 21008KT 15SM FEW030 FEW250 25/18 A2970 RMK CU1CI1 DA1877FT SLP058
CYAW,2020-07-02 18:00,-63.4994,44.6397,CYAW 021800Z 19015KT 15SM FEW040 FEW250 24/18 A2971 RMK CU1CI1 DA1685FT SLP059
CYAW,2020-07-02 19:00,-63.4994,44.6397,CYAW 021900Z 20011KT 15SM FEW040 FEW250 24/18 A2971 RMK CU1CI1 DA1735FT SLP060
CYAW,2020-07-02 20:00,-63.4994,44.6397,CYAW 022000Z 21009KT 15SM FEW040 FEW250 24/18 A2970 RMK CU1CI1 DA1740FT SLP058
CYAW,2020-07-02 21:00,-63.4994,44.6397,CYAW 022100Z 22011KT 15SM FEW040 FEW250 23/17 A2971 RMK CU1CI1 DA1641FT SLP060
CYAW,2020-07-02 22:00,-63.4994,44.6397,CYAW 022200Z 22010G15KT 15SM FEW010 FEW040 FEW250 22/17 A2971 RMK SF1CU1CI1 DA1436FT SLP060
CYAW,2020-07-02 22:10,-63.4994,44.6397,CYAW 022210Z 22009KT 15SM FEW010 FEW040 FEW250 22/17 A2971 RMK SF1CU1CI1 DA1437FT LAST OBS/NEXT 030900 UTC SLP059
CYAW,2020-07-03 09:00,-63.4994,44.6397,CYAW 030900Z 36011KT 12SM -SHRA FEW008 OVC048 15/15 A2983 RMK SF2SC6 DA496FT PCPN VRY LGT FST OBS SLP102
CYAW,2020-07-03 09:35,-63.4994,44.6397,CYAW 030935Z 01011KT 15SM FEW010 BKN048 15/15 A2984 RMK SF2SC5 DA496FT SLP106
CYAW,2020-07-03 10:00,-63.4994,44.6397,CYAW 031000Z 02012KT 15SM SCT011 BKN050 15/15 A2984 RMK SC3SC4 DA498FT SLP106
CYAW,2020-07-03 11:00,-63.4994,44.6397,CYAW 031100Z 03011KT 15SM SCT013 BKN078 16/15 A2986 RMK SC3AC2 DA579FT SLP112
CYAW,2020-07-03 11:30,-63.4994,44.6397,CYAW 031130Z 01013G18KT 15SM BKN013 BKN075 16/14 A2988 RMK SC5AC1 DA511FT SLP118
CYAW,2020-07-03 12:00,-63.4994,44.6397,CYAW 031200Z 02011KT 15SM BKN013 BKN075 16/15 A2989 RMK SC6AC1 DA592FT SLP122
CYAW,2020-07-03 13:00,-63.4994,44.6397,CYAW 031300Z 01010G19KT 15SM BKN014 17/14 A2990 RMK SC5 DA641FT SLP126
CYAW,2020-07-03 13:36,-63.4994,44.6397,CYAW 031336Z 35010KT 15SM BKN018 17/14 A2992 RMK SC7 DA653FT SLP132
CYAW,2020-07-03 14:00,-63.4994,44.6397,CYAW 031400Z 01009KT 15SM BKN019 18/14 A2992 RMK SC7 DA685FT SLP134
CYAW,2020-07-03 15:00,-63.4994,44.6397,CYAW 031500Z 36008KT 15SM BKN024 BKN250 19/14 A2993 RMK CU6CI1 DA833FT SLP136
CYAW,2020-07-03 15:34,-63.4994,44.6397,CYAW 031534Z 02009KT 15SM BKN028 BKN250 20/13 A2994 RMK CU6CI1 DA917FT SLP138
CYAW,2020-07-03 16:00,-63.4994,44.6397,CYAW 031600Z 36006KT 15SM SCT034 BKN250 19/13 A2994 RMK CU4CI1 DA856FT SLP139
CYAW,2020-07-03 17:00,-63.4994,44.6397,CYAW 031700Z 01007KT 15SM FEW037 SCT250 20/13 A2994 RMK CU2CI2 DA902FT SLP140
CYAW,2020-07-03 18:00,-63.4994,44.6397,CYAW 031800Z 04006KT 15SM FEW040 SCT250 22/13 A2994 RMK CU2CI2 DA1147FT SLP139
CYAW,2020-07-03 19:00,-63.4994,44.6397,CYAW 031900Z 16010G19KT 15SM FEW045 FEW250 17/13 A2996 RMK CU1CI2 DA579FT SLP145
CYAW,2020-07-03 20:00,-63.4994,44.6397,CYAW 032000Z 16009KT 15SM FEW045 FEW250 19/13 A2996 RMK CU1CI2 DA773FT SLP145
CYAW,2020-07-03 20:31,-63.4994,44.6397,CYAW 032031Z 12006KT 15SM FEW045 FEW250 19/13 A2996 RMK CU1CI2 DA844FT LAST OBS/NEXT 061400 UTC SLP145
CYAW,2020-07-06 12:12,-63.4994,44.6397,CYAW 061212Z 09005KT 1 1/2SM BR BKN006 OVC009 13/13 A3009 RMK SF5ST3 DA-117FT FST OBS SLP192
CYAW,2020-07-06 12:40,-63.4994,44.6397,CYAW 061240Z 08004KT 3/4SM -SHRA BR BKN007 OVC010 13/12 A3011 RMK SF5ST3 DA-153FT 5 SLP197
CYAW,2020-07-06 13:00,-63.4994,44.6397,CYAW 061300Z 07004KT 2 1/2SM BR SCT010 OVC015 13/13 A3011 RMK SF4SC4 DA-86FT SLP196
CYAW,2020-07-06 13:15,-63.4994,44.6397,CYAW 061315Z 07004KT 2 1/2SM -SHRA BR SCT006 BKN010 OVC015 13/13 A3011 RMK SF3ST3SC2 DA-115FT SLP196
CYAW,2020-07-06 13:43,-63.4994,44.6397,CYAW 061343Z 07004KT 3SM BR SCT006 OVC015 13/13 A3010 RMK SF4SC4 DA-92FT SLP194
CYAW,2020-07-06 14:00,-63.4994,44.6397,CYAW 061400Z 09005KT 2 1/2SM -SHRA BR FEW006 BKN010 OVC015 13/12 A3009 RMK SF2ST3SC2 DA-94FT SLP192
CYAW,2020-07-06 14:23,-63.4994,44.6397,CYAW 061423Z 08003KT 9SM -SHRA FEW012 BKN015 OVC090 13/12 A3010 RMK SF2SC6AC1 DA-105FT SLP195
CYAW,2020-07-06 15:00,-63.4994,44.6397,CYAW 061500Z 05004KT 15SM -SHRA FEW010 BKN014 OVC090 13/13 A3011 RMK SF1SC6AC1 DA-78FT PCPN VRY LGT SLP197
CYAW,2020-07-06 15:48,-63.4994,44.6397,CYAW 061548Z 09004KT 6SM -SHRA BR FEW010 BKN018 OVC090 13/13 A3011 RMK SF1SC6AC1 DA-77FT SLP198
CYAW,2020-07-06 16:00,-63.4994,44.6397,CYAW 061600Z 10005KT 6SM -SHRA BR FEW010 BKN020 OVC090 13/12 A3011 RMK SF1SC6AC1 DA-105FT SLP196
CYAW,2020-07-06 16:45,-63.4994,44.6397,CYAW 061645Z 08005KT 10SM BKN007 BKN024 OVC070 13/13 A3010 RMK SF5SC2AC1 DA-41FT SLP193
CYAW,2020-07-06 17:00,-63.4994,44.6397,CYAW 061700Z 10007KT 10SM -SHRA BKN007 OVC022 14/13 A3010 RMK SF5SC3 DA-4FT PCPN VRY LGT SLP194
CYAW,2020-07-06 17:19,-63.4994,44.6397,CYAW 061719Z 09005KT 12SM BKN008 BKN023 OVC090 14/13 A3010 RMK SF5CU2AC1 DA61FT SLP193
CYAW,2020-07-06 18:00,-63.4994,44.6397,CYAW 061800Z 08007KT 12SM BKN010 BKN090 15/14 A3011 RMK CU6AC1 DA197FT SLP197
CYAW,2020-07-06 19:00,-63.4994,44.6397,CYAW 061900Z 12009KT 15SM SCT014 BKN035 BKN070 BKN100 17/14 A3011 RMK CU4SC1AC1AC2 DA340FT SLP198
CYAW,2020-07-06 20:00,-63.4994,44.6397,CYAW 062000Z 12007KT 12SM FEW014 BKN038 BKN070 14/12 A3012 RMK CU2SC3AC2 DA40FT SLP201
CYAW,2020-07-06 21:00,-63.4994,44.6397,CYAW 062100Z 09009KT 15SM FEW014 BKN038 BKN070 14/12 A3013 RMK CU2SC4AC2 DA1FT SLP203
CYAW,2020-07-06 22:00,-63.4994,44.6397,CYAW 062200Z 09005KT 15SM SCT014 BKN039 BKN075 14/12 A3014 RMK SC3SC2AC1 DA-74FT SLP206
CYAW,2020-07-06 23:00,-63.4994,44.6397,CYAW 062300Z 09006KT 15SM FEW033 BKN050 13/12 A3014 RMK SC2SC3 DA-85FT SLP206
CYAW,2020-07-07 00:00,-63.4994,44.6397,CYAW 070000Z 08004KT 15SM FEW030 SCT050 13/12 A3014 RMK SC1SC2 DA-198FT SLP208
CYAW,2020-07-07 01:00,-63.4994,44.6397,CYAW 070100Z 08004KT 15SM FEW030 FEW050 11/11 A3015 RMK SC1SC2 DA-372FT SLP211
CYAW,2020-07-07 02:00,-63.4994,44.6397,CYAW 070200Z 04002KT 15SM SCT014 BKN032 11/11 A3017 RMK SC3SC4 DA-406FT SLP219
CYAW,2020-07-07 02:17,-63.4994,44.6397,CYAW 070217Z 05004KT 15SM BKN014 BKN032 12/12 A3017 RMK SC6SC2 DA-313FT SLP218
CYAW,2020-07-07 02:57,-63.4994,44.6397,CYAW 070257Z 05004KT 15SM FEW014 SCT032 12/12 A3017 RMK SC2SC2 DA-339FT SLP219
CYAW,2020-07-07 03:00,-63.4994,44.6397,CYAW 070300Z 05004KT 15SM FEW014 SCT030 12/11 A3017 RMK SC2SC2 DA-354FT SLP219
CYAW,2020-07-07 03:18,-63.4994,44.6397,CYAW 070318Z 05004KT 15SM FEW029 11/11 A3017 RMK SC2 DA-366FT LAST OBS/NEXT 071500 UTC SLP216
CYAW,2020-07-07 11:00,-63.4994,44.6397,CYAW 071100Z 04004KT 15SM FEW010 OVC024 14/12 A3022 RMK SF2SC6 FST OBS SLP236
CYAW,2020-07-07 12:00,-63.4994,44.6397,CYAW 071200Z 07005KT 15SM FEW015 BKN025 OVC250 14/11 A3024 RMK SF2SC6CI1 DA-86FT SLP240
CYAW,2020-07-07 13:00,-63.4994,44.6397,CYAW 071300Z 03002KT 15SM FEW015 BKN025 16/11 A3024 RMK CF1SC7 DA92FT CUFRA TR SLP241
CYAW,2020-07-07 14:00,-63.4994,44.6397,CYAW 071400Z 07002KT 15SM FEW015 BKN023 16/11 A3024 RMK CU1SC6 DA100FT SLP242
CYAW,2020-07-07 15:00,-63.4994,44.6397,CYAW 071500Z 06004KT 15SM FEW023 SCT250 18/12 A3023 RMK CU2CI1 DA314FT SLP237
CYAW,2020-07-07 16:00,-63.4994,44.6397,CYAW 071600Z 14007KT 15SM FEW030 FEW250 17/11 A3022 RMK CU1CI1 DA259FT SLP235
CYAW,2020-07-07 17:00,-63.4994,44.6397,CYAW 071700Z 17010KT 15SM FEW030 FEW250 17/12 A3022 RMK CU1CI2 DA302FT SLP236
CYAW,2020-07-07 18:00,-63.4994,44.6397,CYAW 071800Z 14008KT 15SM FEW030 SCT250 18/12 A3022 RMK CU1CI2 DA316FT SLP234
CYAW,2020-07-07 19:00,-63.4994,44.6397,CYAW 071900Z 18010KT 15SM FEW030 FEW250 17/12 A3022 RMK CU1CI2 DA204FT SLP234
CYAW,2020-07-07 20:00,-63.4994,44.6397,CYAW 072000Z 17009KT 15SM FEW020 FEW250 16/12 A3021 RMK CU1CI1 DA198FT SLP232
CYAW,2020-07-07 21:00,-63.4994,44.6397,CYAW 072100Z 15007KT 15SM FEW030 FEW250 16/12 A3021 RMK CU1CI2 DA98FT SLP232
CYAW,2020-07-07 22:00,-63.4994,44.6397,CYAW 072200Z 17009KT 15SM FEW030 FEW250 15/12 A3022 RMK CU1CI2 DA18FT SLP233
CYAW,2020-07-07 23:00,-63.4994,44.6397,CYAW 072300Z 18007KT 15SM FEW030 FEW250 14/12 A3021 RMK CU1CI2 DA-69FT SLP232
CYAW,2020-07-08 00:00,-63.4994,44.6397,CYAW 080000Z 18007KT 15SM FEW030 FEW250 13/12 A3022 RMK SC2CI1 DA-188FT SLP233
CYAW,2020-07-08 01:00,-63.4994,44.6397,CYAW 080100Z 20004KT 15SM FEW012 SCT120 SCT250 13/12 A3022 RMK SC2AC2CI1 DA-211FT SLP235
CYAW,2020-07-08 01:34,-63.4994,44.6397,CYAW 080134Z 21003KT 15SM BKN012 BKN090 13/12 A3022 RMK SC6AC2 DA-234FT SLP235
CYAW,2020-07-08 02:00,-63.4994,44.6397,CYAW 080200Z 18004KT 15SM BKN012 OVC090 13/12 A3022 RMK SC6AC2 DA-200FT SLP234
CYAW,2020-07-08 03:00,-63.4994,44.6397,CYAW 080300Z 16004KT 15SM BKN012 BKN250 12/11 A3021 RMK SC6CI1 DA-364FT SLP231
CYAW,2020-07-08 03:22,-63.4994,44.6397,CYAW 080322Z 18004KT 15SM OVC013 13/12 A3021 RMK SC8 DA-209FT LAST OBS/NEXT 081500 UTC SLP230
CYAW,2020-07-08 15:00,-63.4994,44.6397,CYAW 081500Z 16011KT 15SM FEW020 FEW080 BKN230 16/12 A3017 RMK CU1AC2CI5 DA236FT CC ASOCTD FST OBS SLP218
CYAW,2020-07-08 16:00,-63.4994,44.6397,CYAW 081600Z 15015KT 15SM FEW020 BKN065 BKN230 16/12 A3016 RMK CU2SC3CI2 DA194FT SLP215
CYAW,2020-07-08 17:00,-63.4994,44.6397,CYAW 081700Z 16013G18KT 15SM FEW020 BKN063 OVC250 16/13 A3016 RMK SC2SC5CI1 DA225FT SLP213
CYAW,2020-07-08 17:45,-63.4994,44.6397,CYAW 081745Z 16010KT 15SM BKN016 BKN060 OVC250 16/13 A3014 RMK SC6SC1CI1 DA194FT SLP209
CYAW,2020-07-08 18:00,-63.4994,44.6397,CYAW 081800Z 17010G15KT 15SM BKN015 BKN060 OVC250 16/13 A3014 RMK SC6SC2CI1 DA184FT SLP208
CYAW,2020-07-08 18:38,-63.4994,44.6397,CYAW 081838Z 16011KT 15SM SCT020 OVC060 16/13 A3013 RMK SC3SC5 DA208FT SLP205
CYAW,2020-07-08 19:00,-63.4994,44.6397,CYAW 081900Z 17008KT 15SM SCT020 OVC060 16/14 A3013 RMK SC3SC5 DA222FT SLP205
CYAW,2020-07-08 20:00,-63.4994,44.6397,CYAW 082000Z 16012G17KT 15SM SCT020 OVC060 16/14 A3011 RMK SC3SC5 DA313FT SLP196
CYAW,2020-07-08 21:00,-63.4994,44.6397,CYAW 082100Z 16012G19KT 15SM FEW020 BKN057 BKN080 16/15 A3009 RMK SC2SC4AC2 DA352FT SLP189
CYAW,2020-07-08 22:00,-63.4994,44.6397,CYAW 082200Z 16012KT 12SM FEW008 SCT017 OVC057 16/15 A3007 RMK SF1SC3SC4 DA291FT SLP182
CYAW,2020-07-08 22:18,-63.4994,44.6397,CYAW 082218Z 17010G15KT 12SM FEW006 BKN018 OVC057 16/15 A3008 RMK SF1SC6SC2 DA281FT SLP185
CYAW,2020-07-08 23:00,-63.4994,44.6397,CYAW 082300Z 17008KT 12SM FEW006 BKN020 OVC063 15/15 A3007 RMK SF1SC6SC2 DA267FT SH S QUAD SLP184
CYAW,2020-07-08 23:29,-63.4994,44.6397,CYAW 082329Z 17008KT 12SM FEW006 FEW020 BKN032 OVC056 15/15 A3007 RMK SF1SC2SC2SC3 DA268FT SLP182
CYAW,2020-07-09 00:00,-63.4994,44.6397,CYAW 090000Z 17012KT 10SM FEW006 SCT023 OVC050 15/15 A3006 RMK SF1SC3SC5 DA278FT SLP180
CYAW,2020-07-09 00:36,-63.4994,44.6397,CYAW 090036Z 17013KT 8SM -SHRA SCT020 OVC058 15/14 A3006 RMK SC3SC5 DA277FT SLP180
CYAW,2020-07-09 00:47,-63.4994,44.6397,CYAW 090047Z CCA 18012KT 5SM -SHRA BR BKN020 OVC058 15/15 A3006 RMK SC5SC3 DA244FT SLP180
CYAW,2020-07-09 01:00,-63.4994,44.6397,CYAW 090100Z 18014KT 5SM -SHRA BR BKN020 OVC057 15/15 A3006 RMK SC6SC2 DA231FT SLP181
CYAW,2020-07-09 02:00,-63.4994,44.6397,CYAW 090200Z 17010G17KT 5SM -SHRA BR OVC016 15/15 A3004 RMK SC8 DA268FT SLP173
CYAW,2020-07-09 02:27,-63.4994,44.6397,CYAW 090227Z CCA 17013KT 4SM SHRA BR OVC013TCU 15/15 A3003 RMK TCU8 DA281FT SLP168
CYAW,2020-07-09 02:38,-63.4994,44.6397,CYAW 090238Z 16011G21KT 4SM -SHRA BR SCT005 OVC014TCU 15/15 A3002 RMK SF3TCU5 DA281FT SLP167
CYAW,2020-07-09 02:49,-63.4994,44.6397,CYAW 090249Z 17011G17KT 5SM -SHRA BR BKN006 OVC013TCU 15/15 A3002 RMK SF6TCU2 DA282FT SLP166
CYAW,2020-07-09 03:00,-63.4994,44.6397,CYAW 090300Z 17013G18KT 4SM -SHRA BR OVC004 15/15 A3001 RMK SF8 DA293FT LAST OBS/NEXT 091500 UTC SLP164
CYAW,2020-07-09 17:00,-63.4994,44.6397,CYAW 091700Z 26007KT 15SM BKN020 23/18 A2998 RMK SC6 DA1299FT FST OBS SLP154
CYAW,2020-07-09 18:00,-63.4994,44.6397,CYAW 091800Z 28005KT 15SM BKN020 BKN250 24/18 A2998 RMK SC5CI1 DA1435FT SLP154
CYAW,2020-07-09 18:13,-63.4994,44.6397,CYAW 091813Z 29006KT 15SM SCT024 SCT250 25/19 A2999 RMK SC4CI1 DA1513FT SLP155
CYAW,2020-07-09 19:00,-63.4994,44.6397,CYAW 091900Z 25006KT 15SM FEW027 FEW250 25/19 A2999 RMK SC1CI2 DA1570FT SLP156
CYAW,2020-07-09 20:00,-63.4994,44.6397,CYAW 092000Z 19007KT 15SM FEW030 SCT250 24/19 A2999 RMK SC1CI3 DA1378FT SLP157
CYAW,2020-07-09 21:00,-63.4994,44.6397,CYAW 092100Z 17006KT 15SM FEW030 SCT250 23/19 A2999 RMK CU1CI4 DA1266FT SLP155
CYAW,2020-07-09 22:00,-63.4994,44.6397,CYAW 092200Z 17005KT 15SM BKN250 23/19 A2999 RMK CI5 DA1318FT SLP155
CYAW,2020-07-09 23:00,-63.4994,44.6397,CYAW 092300Z 21005KT 15SM BKN250 22/19 A3000 RMK CI6 DA1163FT SLP160
CYAW,2020-07-10 00:00,-63.4994,44.6397,CYAW 100000Z 21006KT 15SM FEW120 OVC250 19/18 A3002 RMK AC2CI6 DA851FT SLP165
CYAW,2020-07-10 01:00,-63.4994,44.6397,CYAW 100100Z 23004KT 15SM FEW120 BKN250 19/18 A3003 RMK AC1CI4 DA763FT SLP170
CYAW,2020-07-10 02:00,-63.4994,44.6397,CYAW 100200Z 19002KT 15SM BKN250 18/18 A3004 RMK CI5 DA665FT SLP173
CYAW,2020-07-10 03:00,-63.4994,44.6397,CYAW 100300Z 22002KT 15SM FEW250 17/17 A3005 RMK CI2 DA551FT SLP176
CYAW,2020-07-10 04:00,-63.4994,44.6397,CYAW 100400Z 23003KT 15SM SCT220 17/16 A3005 RMK CI4 DA443FT SLP175
CYAW,2020-07-10 04:36,-63.4994,44.6397,CYAW 100436Z 00000KT 15SM FEW220 16/16 A3005 RMK CI2 DA404FT LAST OBS/NXT 100900 UTC SLP176
CYAW,2020-07-10 09:00,-63.4994,44.6397,CYAW 100900Z 11002KT 15SM FEW030 FEW250 14/14 A3008 RMK CU1CI2 DA42FT FST OBS MIFG SW SLP186
CYAW,2020-07-10 10:00,-63.4994,44.6397,CYAW 101000Z 00000KT 15SM FEW250 16/16 A3009 RMK CI1 DA308FT CI TR SLP190
CYAW,2020-07-10 11:00,-63.4994,44.6397,CYAW 101100Z 00000KT 15SM FEW250 18/18 A3010 RMK CI1 DA639FT FG BANK SW SLP194
CYAW,2020-07-10 12:00,-63.4994,44.6397,CYAW 101200Z 18006KT 15SM FEW030 19/17 A3012 RMK CU1 DA617FT SLP200
CYAW,2020-07-10 13:00,-63.4994,44.6397,CYAW 101300Z 18006KT 15SM SKC 20/18 A3012 RMK DA849FT SLP199
CYAW,2020-07-10 14:00,-63.4994,44.6397,CYAW 101400Z 15007KT 15SM FEW030 22/19 A3012 RMK CU1 DA1082FT SLP199
CYAW,2020-07-10 15:00,-63.4994,44.6397,CYAW 101500Z 16007KT 15SM FEW030 25/19 A3012 RMK CU1 DA1353FT SLP199
CYAW,2020-07-10 16:00,-63.4994,44.6397,CYAW 101600Z 15008KT 15SM FEW030 25/19 A3011 RMK CU1 DA1425FT SLP198
CYAW,2020-07-10 17:00,-63.4994,44.6397,CYAW 101700Z 16009KT 15SM FEW030 25/19 A3011 RMK CU1 DA1438FT SLP196
CYAW,2020-07-10 18:00,-63.4994,44.6397,CYAW 101800Z 16010KT 15SM FEW030 FEW250 25/19 A3010 RMK CU1CI1 DA1472FT SLP194
CYAW,2020-07-10 19:00,-63.4994,44.6397,CYAW 101900Z 17010KT 15SM FEW035 FEW250 26/18 A3010 RMK CU1CI2 DA1515FT SLP193
CYAW,2020-07-10 20:00,-63.4994,44.6397,CYAW 102000Z 19010KT 15SM FEW010 FEW035 SCT250 26/18 A3009 RMK SF1CU1CI4 DA1504FT SLP191
CYAW,2020-07-10 21:00,-63.4994,44.6397,CYAW 102100Z 19010KT 15SM FEW010 FEW035 FEW250 24/19 A3010 RMK SF1CU1CI1 DA1346FT SLP192
CYAW,2020-07-10 21:13,-63.4994,44.6397,CYAW 102113Z 18010KT 15SM FEW010 FEW035 FEW250 24/19 A3009 RMK SF1CU1CI1 DA1277FT LAST OBS/NXT 130900 UTC SLP191
CYAW,2020-07-13 09:00,-63.4994,44.6397,CYAW 130900Z 21005KT 2SM BR OVC004 16/16 A2972 RMK SF8 DA801FT FST OBS SLP064
CYAW,2020-07-13 09:25,-63.4994,44.6397,CYAW 130925Z 23003KT 3/4SM BR OVC004 16/16 A2973 RMK SF8 DA790FT SLP066
CYAW,2020-07-13 09:45,-63.4994,44.6397,CYAW 130945Z 24005KT 1/2SM FG VV005 16/16 A2973 RMK FG8 DA790FT SLP068
CYAW,2020-07-13 10:00,-63.4994,44.6397,CYAW 131000Z 24005KT 1/2SM FG VV005 16/16 A2973 RMK FG8 DA790FT SLP067
CYAW,2020-07-13 10:28,-63.4994,44.6397,CYAW 131028Z 24005KT 3/4SM BR OVC003 17/17 A2974 RMK SF8 DA805FT SLP071
CYAW,2020-07-13 11:00,-63.4994,44.6397,CYAW 131100Z 23007KT 3/4SM BR OVC003 17/17 A2975 RMK SF8 DA860FT SLP074
CYAW,2020-07-13 11:40,-63.4994,44.6397,CYAW 131140Z 23003KT 1 1/2SM BR OVC003 18/18 A2976 RMK SF8 DA929FT SLP076
CYAW,2020-07-13 11:47,-63.4994,44.6397,CYAW 131147Z 24005KT 2 1/2SM BR OVC003 18/18 A2976 RMK SF8 DA969FT SLP076
CYAW,2020-07-13 12:00,-63.4994,44.6397,CYAW 131200Z 25005KT 2 1/2SM BR OVC003 18/18 A2976 RMK SF8 DA1009FT SLP077
CYAW,2020-07-13 12:07,-63.4994,44.6397,CYAW 131207Z 25007KT 7SM OVC005 19/18 A2976 RMK SF8 DA1059FT SLP077
CYAW,2020-07-13 12:54,-63.4994,44.6397,CYAW 131254Z 25008KT 12SM SCT005 BKN012 20/19 A2976 RMK SF3SC2 DA1243FT SLP076
CYAW,2020-07-13 13:00,-63.4994,44.6397,CYAW 131300Z 24007KT 15SM SCT005 BKN012 20/19 A2976 RMK SF3SC2 DA1269FT SLP077
CYAW,2020-07-13 13:06,-63.4994,44.6397,CYAW 131306Z 24006KT 15SM FEW005 SCT012 SCT250 21/19 A2976 RMK SF2SC1CI1 DA1319FT SLP077
CYAW,2020-07-13 14:00,-63.4994,44.6397,CYAW 131400Z 20007KT 15SM FEW005 FEW250 22/20 A2977 RMK SF1CI2 DA1517FT SLP080
CYAW,2020-07-13 15:00,-63.4994,44.6397,CYAW 131500Z 17011KT 12SM FEW008 FEW015 BKN250 22/19 A2978 RMK SF1CF1CI7 DA1414FT CUFRA TR SLP083
CYAW,2020-07-13 16:00,-63.4994,44.6397,CYAW 131600Z 16009KT 12SM FEW008 FEW020 BKN250 22/19 A2978 RMK SF1CU1CI7 DA1489FT SLP084
CYAW,2020-07-13 17:00,-63.4994,44.6397,CYAW 131700Z 17010KT 12SM FEW025 FEW180 BKN250 24/19 A2978 RMK CU1AC2CI6 DA1630FT SLP084
CYAW,2020-07-13 18:00,-63.4994,44.6397,CYAW 131800Z 18008KT 15SM FEW030 BKN180 BKN250 26/20 A2978 RMK CU1AC6CI2 DA1958FT SLP085
CYAW,2020-07-13 19:00,-63.4994,44.6397,CYAW 131900Z 17009G15KT 15SM FEW030 BKN180 BKN250 25/20 A2979 RMK CU1AC6CI1 DA1810FT TCU TOPS DIST N SLP087
CYAW,2020-07-13 20:00,-63.4994,44.6397,CYAW 132000Z 19010KT 15SM FEW030 SCT180 BKN250 24/19 A2978 RMK CU1AC3CI4 DA1723FT TCU TOPS DIST N SLP083
CYAW,2020-07-13 21:00,-63.4994,44.6397,CYAW 132100Z 19007KT 15SM FEW030TCU BKN180 BKN250 25/19 A2978 RMK TCU1AC6CI2 DA1779FT TCU DIST N SLP084
CYAW,2020-07-13 21:35,-63.4994,44.6397,CYAW 132135Z 21008KT 15SM FEW030 BKN180 BKN250 24/19 A2979 RMK CU1AC5CI2 DA1669FT LAST OBS/NEXT 140900 UTC SLP086
CYAW,2020-07-14 09:00,-63.4994,44.6397,CYAW 140900Z 33005KT 10SM FEW100 SCT160 OVC220 17/17 A2986 RMK AC1AC3CS4 DA757FT FST OBS SLP111
CYAW,2020-07-14 10:00,-63.4994,44.6397,CYAW 141000Z 32004KT 10SM FEW100 SCT160 OVC210 19/19 A2987 RMK AC1AC3CS5 DA983FT SLP116
CYAW,2020-07-14 11:00,-63.4994,44.6397,CYAW 141100Z 00000KT 10SM FEW006 FEW100 BKN160 OVC220 21/20 A2989 RMK SF1AC1AS5CS2 DA1183FT SUN DIMLY VISBL SLP122
CYAW,2020-07-14 12:00,-63.4994,44.6397,CYAW 141200Z CCA 19003KT 10SM FEW008 BKN160 OVC210 20/19 A2991 RMK SF1AS5CS3 DA1111FT VIS LWR S SLP128
CYAW,2020-07-14 13:00,-63.4994,44.6397,CYAW 141300Z 18002KT 10SM FEW013 BKN160 BKN210 20/19 A2991 RMK SC2AS4CS2 DA1107FT SLP129
CYAW,2020-07-14 14:00,-63.4994,44.6397,CYAW 141400Z 05004KT 10SM FEW015 FEW120 BKN250 24/20 A2991 RMK SC2AC1CI5 DA1545FT VIS LWR S SLP129
CYAW,2020-07-14 14:49,-63.4994,44.6397,CYAW 141449Z 22003KT 10SM BKN022 BKN120 OVC250 24/20 A2992 RMK SC5AC2CI2 DA1483FT SLP130
CYAW,2020-07-14 15:00,-63.4994,44.6397,CYAW 141500Z 20005KT 10SM BKN020 OVC120 23/20 A2992 RMK SC5AC3 DA1423FT SLP132
CYAW,2020-07-14 15:53,-63.4994,44.6397,CYAW 141553Z 22002KT 9SM -SHRA BKN020 OVC100 21/20 A2994 RMK SC6AC2 DA1165FT SLP139
CYAW,2020-07-14 16:00,-63.4994,44.6397,CYAW 141600Z 00000KT 6SM -SHRA BR BKN023 OVC100 21/20 A2994 RMK SC6AC2 DA1166FT SLP139
CYAW,2020-07-14 17:00,-63.4994,44.6397,CYAW 141700Z 01006KT 6SM -SHRA BR FEW010 BKN017 OVC100 21/20 A2995 RMK SF1SC7AC1 DA1168FT VIS HIER N SLP141
CYAW,2020-07-14 17:28,-63.4994,44.6397,CYAW 141728Z 01006KT 6SM -SHRA BR FEW008 OVC017 21/20 A2995 RMK SF2SC6 DA1118FT SLP142
CYAW,2020-07-14 18:00,-63.4994,44.6397,CYAW 141800Z 01006KT 6SM -RA BR SCT008 OVC017 20/20 A2996 RMK SF3SC5 DA1037FT SLP146
CYAW,2020-07-14 19:00,-63.4994,44.6397,CYAW 141900Z 02006KT 8SM -RA SCT008 OVC020 19/19 A2997 RMK SF3SC5 DA893FT SLP149
CYAW,2020-07-14 19:52,-63.4994,44.6397,CYAW 141952Z 01008KT 15SM SCT009 OVC020 19/18 A2998 RMK SF4SC4 DA800FT SLP154
CYAW,2020-07-14 20:00,-63.4994,44.6397,CYAW 142000Z 36011G17KT 15SM SCT009 OVC020 18/18 A2999 RMK SF4SC4 DA760FT SLP155
CYAW,2020-07-14 21:00,-63.4994,44.6397,CYAW 142100Z 02010G15KT 12SM -RA FEW008 OVC020 17/17 A3000 RMK SF1SC7 DA612FT SLP159
CYAW,2020-07-14 21:26,-63.4994,44.6397,CYAW 142126Z 03013KT 12SM -RA OVC018 17/16 A3000 RMK SC8 DA586FT LAST OBS/NEXT 150900 UTC SLP158
CYAW,2020-07-15 09:00,-63.4994,44.6397,CYAW 150900Z 01010KT 15SM BKN011 OVC025 14/13 A3006 RMK SF6SC2 DA143FT FST OBS SLP178
CYAW,2020-07-15 10:00,-63.4994,44.6397,CYAW 151000Z 36011KT 15SM OVC012 14/13 A3008 RMK SF8 DA119FT SLP185
CYAW,2020-07-15 11:00,-63.4994,44.6397,CYAW 151100Z 01012G17KT 15SM BKN013 OVC080 15/13 A3007 RMK SC5AC3 DA205FT SLP182
CYAW,2020-07-15 11:40,-63.4994,44.6397,CYAW 151140Z 01010G15KT 15SM BKN015 OVC150 15/14 A3007 RMK SC6AC2 DA243FT SLP183
CYAW,2020-07-15 12:00,-63.4994,44.6397,CYAW 151200Z 01009KT 15SM BKN016 OVC140 16/14 A3007 RMK SC6AC2 DA279FT SLP184
CYAW,2020-07-15 13:00,-63.4994,44.6397,CYAW 151300Z 02007G15KT 15SM OVC016 16/14 A3009 RMK SC8 DA361FT SLP190
CYAW,2020-07-15 14:00,-63.4994,44.6397,CYAW 151400Z 36008KT 15SM OVC016 17/15 A3009 RMK SC8 DA438FT SLP191
CYAW,2020-07-15 15:00,-63.4994,44.6397,CYAW 151500Z 36010KT 15SM OVC018 17/14 A3010 RMK SC8 DA431FT SLP193
CYAW,2020-07-15 16:00,-63.4994,44.6397,CYAW 151600Z 01011G17KT 15SM OVC020 18/14 A3010 RMK SC8 DA515FT SLP192
CYAW,2020-07-15 17:00,-63.4994,44.6397,CYAW 151700Z 01010G16KT 15SM OVC024 18/15 A3011 RMK SC8 DA491FT SLP195
CYAW,2020-07-15 17:55,-63.4994,44.6397,CYAW 151755Z 03009KT 15SM -SHRA BKN022 OVC030 18/16 A3011 RMK SC6SC2 DA531FT VIS LWR N SLP198
CYAW,2020-07-15 18:00,-63.4994,44.6397,CYAW 151800Z 01008KT 15SM -SHRA BKN022 OVC030 18/16 A3012 RMK SC6SC2 DA490FT VIS LWR N PCPN VRY LGT SLP199
CYAW,2020-07-15 18:10,-63.4994,44.6397,CYAW 151810Z 34010KT 2SM -SHRA BR OVC014 17/16 A3012 RMK SC8 DA410FT SLP199
CYAW,2020-07-15 18:47,-63.4994,44.6397,CYAW 151847Z 02012G17KT 2 1/2SM -SHRA BR SCT008 OVC016 17/16 A3012 RMK SF4SC4 DA385FT SLP200
CYAW,2020-07-15 19:00,-63.4994,44.6397,CYAW 151900Z 01011G17KT 2 1/2SM -SHRA BR FEW008 BKN018 OVC024 17/16 A3012 RMK SF2SC3SC2 DA361FT VIS LWR SE SLP200
CYAW,2020-07-15 19:09,-63.4994,44.6397,CYAW 151909Z 01011KT 8SM -SHRA FEW008 BKN016 OVC020 17/16 A3012 RMK SF2SC3SC2 DA388FT SLP201
CYAW,2020-07-15 19:16,-63.4994,44.6397,CYAW 151916Z 02009G15KT 10SM FEW008 BKN018 OVC028 17/16 A3012 RMK SF2SC4SC2 DA410FT SLP201
CYAW,2020-07-15 19:41,-63.4994,44.6397,CYAW 151941Z 02014KT 10SM -DZ SCT012 OVC018 17/16 A3013 RMK SC4SC4 DA355FT VIS LWR S SLP204
CYAW,2020-07-15 20:00,-63.4994,44.6397,CYAW 152000Z 02011G16KT 10SM -DZ SCT012 OVC020 16/15 A3014 RMK SC3SC5 DA317FT PCPN VRY LGT SLP207
CYAW,2020-07-15 20:11,-63.4994,44.6397,CYAW 152011Z 36012KT 15SM SCT012 OVC020 17/15 A3015 RMK SC4SC4 DA326FT SLP209
CYAW,2020-07-15 20:35,-63.4994,44.6397,CYAW 152035Z 01012KT 15SM SCT012 OVC020 17/15 A3015 RMK SC4SC4 DA344FT LAST OBS/NEXT 160900 UTC SLP210
CYAW,2020-07-16 09:00,-63.4994,44.6397,CYAW 160900Z 02007KT 15SM FEW015 OVC028 12/12 A3027 RMK CF1SC7 DA-358FT FST OBS SLP253
CYAW,2020-07-16 10:00,-63.4994,44.6397,CYAW 161000Z 01008KT 15SM FEW015 OVC042 13/12 A3030 RMK CF1SC8 DA-330FT CUFRA TR SLP262
CYAW,2020-07-16 11:00,-63.4994,44.6397,CYAW 161100Z 03009KT 15SM FEW013 BKN040 BKN160 13/11 A3033 RMK CF1SC6AC2 DA-307FT CUFRA TR SLP270
CYAW,2020-07-16 12:00,-63.4994,44.6397,CYAW 161200Z 04007KT 15SM FEW014 BKN038 OVC140 14/12 A3033 RMK CU2SC3AS2 DA-184FT SLP273
CYAW,2020-07-16 12:49,-63.4994,44.6397,CYAW 161249Z 04010KT 15SM OVC019 15/12 A3034 RMK SC8 DA-114FT SLP274
CYAW,2020-07-16 13:00,-63.4994,44.6397,CYAW 161300Z 04011KT 15SM OVC022 15/11 A3034 RMK SC8 DA-91FT SLP275
CYAW,2020-07-16 14:00,-63.4994,44.6397,CYAW 161400Z 01011KT 15SM OVC022 16/11 A3035 RMK SC8 DA-67FT SLP278
CYAW,2020-07-16 15:00,-63.4994,44.6397,CYAW 161500Z 03009KT 15SM FEW010 OVC022 16/12 A3035 RMK SF1SC8 DA8FT SLP277
CYAW,2020-07-16 15:47,-63.4994,44.6397,CYAW 161547Z 03007KT 15SM FEW010 BKN025 18/12 A3034 RMK SF1SC7 DA236FT SLP276
CYAW,2020-07-16 16:00,-63.4994,44.6397,CYAW 161600Z 05004KT 15SM FEW010 BKN027 OVC040 17/11 A3034 RMK SF1SC6SC2 DA122FT SLP276
CYAW,2020-07-16 17:00,-63.4994,44.6397,CYAW 161700Z 11004KT 15SM FEW010 BKN028 16/13 A3034 RMK SF1SC7 DA22FT SLP274
CYAW,2020-07-16 18:00,-63.4994,44.6397,CYAW 161800Z 13006KT 15SM BKN028 BKN037 17/13 A3033 RMK SC5SC2 DA110FT SLP271
CYAW,2020-07-16 19:00,-63.4994,44.6397,CYAW 161900Z 16006KT 15SM SCT017 BKN028 16/13 A3033 RMK SC3SC4 DA46FT SLP273
CYAW,2020-07-16 20:00,-63.4994,44.6397,CYAW 162000Z 17005KT 15SM BKN030 16/12 A3033 RMK SC7 DA-9FT SLP270
CYAW,2020-07-16 20:29,-63.4994,44.6397,CYAW 162029Z 16006KT 15SM BKN030 BKN250 16/12 A3033 RMK SC5CI1 DA15FT LAST OBS/NXT 170900 UTC SLP270
CYAW,2020-07-17 09:00,-63.4994,44.6397,CYAW 170900Z 25003KT 12SM FEW035 SCT100 BKN180 BKN250 13/12 A3029 RMK SC2AC2AC2CI1 DA-347FT FST OBS SLP259
CYAW,2020-07-17 10:00,-63.4994,44.6397,CYAW 171000Z 24003KT 12SM FEW024 FEW036 BKN180 13/13 A3030 RMK SC1SC1AC6 DA-268FT SLP260
CYAW,2020-07-17 11:00,-63.4994,44.6397,CYAW 171100Z 25004KT 15SM FEW010 FEW022 BKN180 BKN250 15/13 A3030 RMK SF1SC2AC4CI2 DA-109FT SLP262
CYAW,2020-07-17 12:00,-63.4994,44.6397,CYAW 171200Z 26007KT 15SM FEW015 FEW021 BKN180 BKN250 15/13 A3029 RMK CF1SC1AC6CI1 DA-19FT CUFRA TR SLP259
CYAW,2020-07-17 13:00,-63.4994,44.6397,CYAW 171300Z 24005KT 15SM FEW020 FEW180 SCT250 17/13 A3028 RMK CU1AC2CI2 DA147FT SLP255
CYAW,2020-07-17 14:00,-63.4994,44.6397,CYAW 171400Z 21006KT 15SM BKN025 BKN180 BKN250 17/13 A3026 RMK CU5AC1CI1 DA252FT SLP248
CYAW,2020-07-17 15:00,-63.4994,44.6397,CYAW 171500Z 25004KT 15SM SCT025 BKN250 19/13 A3024 RMK CU3CI2 DA478FT SLP242
CYAW,2020-07-17 16:00,-63.4994,44.6397,CYAW 171600Z 19011KT 15SM FEW025 BKN120 BKN250 19/13 A3024 RMK CU2AC4CI1 DA507FT SLP241
CYAW,2020-07-17 17:00,-63.4994,44.6397,CYAW 171700Z 18011G16KT 15SM FEW025 BKN120 BKN250 19/13 A3022 RMK CU2AC3CI1 DA444FT SLP235
CYAW,2020-07-17 17:26,-63.4994,44.6397,CYAW 171726Z 19011G16KT 15SM FEW025 SCT120 BKN250 18/13 A3022 RMK CU1AC3CI1 DA432FT LAST OBS/NXT 201500 UTC SLP233
CYAW,2020-07-20 15:00,-63.4994,44.6397,CYAW 201500Z 18012G17KT 10SM FEW008 BKN160 22/19 A2985 RMK SF1AC6 DA1374FT FST OBS VIS LWR S SLP108
CYAW,2020-07-20 15:35,-63.4994,44.6397,CYAW 201535Z 21013KT 10SM BKN007 OVC160 20/19 A2985 RMK SF6AC2 DA1174FT VIS LWR S SLP107
CYAW,2020-07-20 16:00,-63.4994,44.6397,CYAW 201600Z 20010G16KT 10SM SCT008 BKN160 21/19 A2985 RMK SF4AC3 DA1272FT VIS LWR S SLP107
CYAW,2020-07-20 17:00,-63.4994,44.6397,CYAW 201700Z 21018G26KT 12SM FEW008 FEW160 23/19 A2982 RMK SF1AC2 DA1480FT SLP099
CYAW,2020-07-20 18:00,-63.4994,44.6397,CYAW 201800Z 18016KT 12SM FEW008 FEW160 23/19 A2981 RMK SF1AC2 DA1469FT SLP094
CYAW,2020-07-20 19:00,-63.4994,44.6397,CYAW 201900Z 18013G18KT 12SM FEW008 FEW160 23/20 A2978 RMK SF1AC2 DA1538FT SLP084
CYAW,2020-07-20 20:00,-63.4994,44.6397,CYAW 202000Z 21013G24KT 12SM FEW008 FEW160 FEW250 24/20 A2977 RMK SF1AC1CI1 DA1681FT SLP082
CYAW,2020-07-20 21:00,-63.4994,44.6397,CYAW 202100Z 20013G21KT 10SM FEW006 FEW180 FEW250 21/20 A2977 RMK SF2AC1CI1 DA1398FT VIS LWR S SLP082
CYAW,2020-07-20 21:18,-63.4994,44.6397,CYAW 202118Z 21014G20KT 10SM BKN008 BKN250 22/20 A2977 RMK SF5CI2 DA1484FT CC ASOCTD VIS LWR S SLP081
CYAW,2020-07-20 22:00,-63.4994,44.6397,CYAW 202200Z 20010G19KT 10SM OVC007 21/20 A2977 RMK SF8 DA1369FT VIS LWR S QUAD SLP080
CYAW,2020-07-20 22:23,-63.4994,44.6397,CYAW 202223Z 21012G18KT 6SM BR OVC004 20/20 A2977 RMK SF8 DA1284FT VIS LWR S SLP081
CYAW,2020-07-20 22:33,-63.4994,44.6397,CYAW 202233Z 21012G19KT 3SM BR OVC004 20/20 A2977 RMK SF8 DA1270FT SLP081
CYAW,2020-07-20 23:00,-63.4994,44.6397,CYAW 202300Z 19010G17KT 3SM BR OVC004 20/20 A2976 RMK SF8 DA1242FT VIS HIER N SLP078
CYAW,2020-07-20 23:42,-63.4994,44.6397,CYAW 202342Z 22009KT 2 1/2SM BR OVC003 20/19 A2977 RMK SF8 DA1178FT VIS HIER N SLP082
CYAW,2020-07-21 00:00,-63.4994,44.6397,CYAW 210000Z 21008G15KT 2 1/2SM BR OVC003 19/19 A2977 RMK SF8 DA1115FT VIS LWR S SLP080
CYAW,2020-07-21 00:07,-63.4994,44.6397,CYAW 210007Z 22009KT 1 1/2SM BR OVC003 19/19 A2977 RMK SF8 DA1101FT SLP082
CYAW,2020-07-21 00:33,-63.4994,44.6397,CYAW 210033Z 22007KT 2 1/2SM BR OVC003 19/19 A2978 RMK SF8 DA1088FT VIS LWR S SLP085
CYAW,2020-07-21 01:00,-63.4994,44.6397,CYAW 210100Z 22007KT 2 1/2SM BR OVC003 19/19 A2979 RMK SF8 DA1077FT VIS VRB 1 3/4-4 SLP088
CYAW,2020-07-21 01:15,-63.4994,44.6397,CYAW 210115Z 22006KT 2 1/2SM BR OVC003 19/19 A2979 RMK SF8 DA1090FT VIS VRB 1 3/4-4 LAST OBS/NEXT 211500 UTC SLP088
CYAW,2020-07-21 10:00,-63.4994,44.6397,CYAW 211000Z 29002KT 1SM BR FEW002 FEW120 19/19 A2983 RMK SF2AC1 DA1009FT FST OBS SLP101
CYAW,2020-07-21 10:26,-63.4994,44.6397,CYAW 211026Z 30004KT 3SM BR FEW002 FEW120 20/20 A2984 RMK SF1AC1 DA1092FT FG OVR APCHS SLP103
CYAW,2020-07-21 11:00,-63.4994,44.6397,CYAW 211100Z 28004KT 6SM BR FEW002 FEW120 21/20 A2984 RMK SF1AC1 DA1210FT FG OVR APCHS SLP106
CYAW,2020-07-21 12:00,-63.4994,44.6397,CYAW 211200Z 28006KT 10SM FEW002 FEW120 FEW250 24/20 A2985 RMK SF1AC1CI1 DA1624FT SLP108
CYAW,2020-07-21 13:00,-63.4994,44.6397,CYAW 211300Z 29006KT 12SM FEW004 FEW250 26/20 A2985 RMK SF1CI1 DA1804FT VIS LWR S SLP108
CYAW,2020-07-21 14:00,-63.4994,44.6397,CYAW 211400Z 27007KT 12SM FEW010 FEW250 28/18 A2986 RMK CF1CI1 DA2014FT CUFRA TR VIS LWR S SLP111
CYAW,2020-07-21 15:00,-63.4994,44.6397,CYAW 211500Z 31006KT 15SM FEW015 FEW250 29/19 A2986 RMK CF1CI1 DA2100FT CUFRA TR VIS LWR S SLP112
CYAW,2020-07-21 16:00,-63.4994,44.6397,CYAW 211600Z 28008G18KT 15SM FEW030 FEW250 30/18 A2986 RMK CU1CI1 DA2204FT SLP111
CYAW,2020-07-21 17:00,-63.4994,44.6397,CYAW 211700Z 17005KT 15SM FEW058 FEW250 29/19 A2984 RMK CU1CI1 DA2206FT SLP106
CYAW,2020-07-21 18:00,-63.4994,44.6397,CYAW 211800Z 22011G16KT 15SM FEW060 FEW180 FEW250 30/20 A2984 RMK CU1AC1CI1 DA2292FT SLP105
CYAW,2020-07-21 19:00,-63.4994,44.6397,CYAW 211900Z 19013G18KT 15SM FEW060 FEW180 SCT250 29/19 A2986 RMK CU1AC2CI1 DA2141FT SLP110
CYAW,2020-07-21 20:00,-63.4994,44.6397,CYAW 212000Z 21009KT 15SM FEW065 FEW180 SCT250 27/19 A2987 RMK CU1AC2CI1 DA1947FT CC ASOCTD SLP113
CYAW,2020-07-21 21:00,-63.4994,44.6397,CYAW 212100Z 23007G15KT 15SM FEW065 FEW180 FEW250 28/19 A2987 RMK CU1AC1CI2 DA2044FT SLP114
CYAW,2020-07-21 22:00,-63.4994,44.6397,CYAW 212200Z 26004KT 15SM FEW065 FEW180 SCT250 28/19 A2988 RMK CU1AC1CI2 DA1990FT AC TR SLP117
CYAW,2020-07-21 23:00,-63.4994,44.6397,CYAW 212300Z 31008KT 15SM FEW065 FEW250 27/16 A2990 RMK CU1CI2 DA1802FT CU TR SLP124
CYAW,2020-07-22 00:00,-63.4994,44.6397,CYAW 220000Z CCA 31007KT 15SM FEW050 FEW250 25/16 A2991 RMK SC1CI2 DA1532FT SC TR SLP128
CYAW,2020-07-22 01:00,-63.4994,44.6397,CYAW 220100Z 31005KT 15SM FEW250 23/17 A2993 RMK CI2 DA1378FT SLP136
CYAW,2020-07-22 02:00,-63.4994,44.6397,CYAW 220200Z 32004KT 15SM FEW250 23/17 A2995 RMK CI2 DA1265FT SLP140
CYAW,2020-07-22 03:00,-63.4994,44.6397,CYAW 220300Z 31008KT 15SM SKC 22/17 A2996 RMK DA1177FT LAST OBS/NEXT 221500 UTC SLP144
CYAW,2020-07-22 15:00,-63.4994,44.6397,CYAW 221500Z 20006KT 15SM FEW020 SCT210 BKN250 24/15 A3007 RMK CF1CC3CI3 CUFRA TR FST OBS SLP182
CYAW,2020-07-22 16:00,-63.4994,44.6397,CYAW 221600Z 15010KT 15SM FEW030 BKN210 BKN250 25/14 A3007 RMK CU1CC5CI2 DA1356FT SLP181
CYAW,2020-07-22 17:00,-63.4994,44.6397,CYAW 221700Z 16011KT 15SM FEW040 SCT210 BKN250 24/13 A3006 RMK CU2CC2CI2 DA1237FT SLP180
CYAW,2020-07-22 18:00,-63.4994,44.6397,CYAW 221800Z 16012KT 15SM FEW040 FEW210 24/13 A3006 RMK CU1CC2 DA1312FT SLP179
CYAW,2020-07-22 19:00,-63.4994,44.6397,CYAW 221900Z 16010KT 15SM FEW040 FEW210 24/17 A3006 RMK CU1CC1 DA1336FT SLP179
CYAW,2020-07-22 20:00,-63.4994,44.6397,CYAW 222000Z 17009KT 15SM FEW040 FEW210 26/17 A3006 RMK CU1CC1 DA1588FT SLP178
CYAW,2020-07-22 21:00,-63.4994,44.6397,CYAW 222100Z 17009KT 15SM FEW040 FEW160 FEW250 24/16 A3006 RMK CU1AC1CI2 DA1324FT SLP178
CYAW,2020-07-22 22:00,-63.4994,44.6397,CYAW 222200Z 19007KT 15SM FEW040 BKN180 BKN250 23/16 A3006 RMK CU1AC5CI1 DA1205FT SLP181
CYAW,2020-07-22 23:00,-63.4994,44.6397,CYAW 222300Z 19005KT 15SM FEW040 BKN180 BKN250 22/16 A3006 RMK CU1AC6CI1 DA1047FT LAST OBS/NEXT 231000 UTC SLP178
CYAW,2020-07-23 10:00,-63.4994,44.6397,CYAW 231000Z 17004KT 15SM BKN006 OVC070 18/17 A3006 RMK SC7AC1 DA617FT FST OBS SLP179
CYAW,2020-07-23 11:00,-63.4994,44.6397,CYAW 231100Z 14002KT 15SM BKN006 OVC070 18/18 A3007 RMK SC7AC1 DA608FT SLP182
CYAW,2020-07-23 11:28,-63.4994,44.6397,CYAW 231128Z 13003KT 12SM -SHRA BKN006 OVC010 18/18 A3007 RMK SF6SC2 DA622FT SLP182
CYAW,2020-07-23 11:39,-63.4994,44.6397,CYAW 231139Z 14003KT 5SM -SHRA BR BKN006 OVC010 18/18 A3008 RMK SF6SC2 DA610FT SLP185
CYAW,2020-07-23 12:00,-63.4994,44.6397,CYAW 231200Z 04002KT 4SM -SHRA BR BKN006 OVC010 18/18 A3008 RMK SF5SC3 DA625FT SLP185
CYAW,2020-07-23 12:21,-63.4994,44.6397,CYAW 231221Z 01005KT 5SM -SHRA BR SCT006 BKN015 OVC060 19/18 A3006 RMK SF4SC3SC1 DA703FT SLP181
CYAW,2020-07-23 12:51,-63.4994,44.6397,CYAW 231251Z 08004KT 5SM BR SCT006 OVC022 19/18 A3005 RMK SF3SC5 DA715FT SLP176
CYAW,2020-07-23 13:00,-63.4994,44.6397,CYAW 231300Z 06002KT 5SM BR SCT003 OVC022 19/19 A3005 RMK SF4SC4 DA742FT SLP176
CYAW,2020-07-23 13:34,-63.4994,44.6397,CYAW 231334Z 11003KT 5SM BR BKN004 OVC025 20/19 A3005 RMK SF6SC2 DA847FT SLP176
CYAW,2020-07-23 14:00,-63.4994,44.6397,CYAW 231400Z 10007KT 5SM BR SCT004 OVC025 20/19 A3004 RMK SF3SC5 DA892FT SLP174
CYAW,2020-07-23 15:00,-63.4994,44.6397,CYAW 231500Z 09004KT 6SM -SHRA BR SCT006 OVC025 20/19 A3003 RMK SF4SC4 DA915FT SLP170
CYAW,2020-07-23 16:00,-63.4994,44.6397,CYAW 231600Z 10007KT 6SM -SHRA BR SCT006 OVC017 19/18 A3003 RMK SF4SC4 DA749FT VIS LWR S PCPN VRY LGT SLP168
CYAW,2020-07-23 16:14,-63.4994,44.6397,CYAW 231614Z 08005KT 2SM BR OVC003 18/18 A3002 RMK SF8 DA736FT VIS VRB 1 1/2-2 1/2 SLP166
CYAW,2020-07-23 16:21,-63.4994,44.6397,CYAW 231621Z 08005KT 2SM -SHRA BR OVC003 19/18 A3001 RMK SF8 DA761FT VIS VRB 1 1/2-2 1/2 SLP164
CYAW,2020-07-23 17:00,-63.4994,44.6397,CYAW 231700Z 11006KT 2SM -SHRA BR OVC003 19/19 A3001 RMK SF8 DA826FT VIS VRB 1 1/2-2 1/2 PCPN VRY LGT SLP161
CYAW,2020-07-23 18:00,-63.4994,44.6397,CYAW 231800Z 11003KT 2SM -SHRA BR OVC003 19/19 A2999 RMK SF8 DA866FT VIS VRB 1 1/2-2 1/2 PCPN VRY LGT SLP156
CYAW,2020-07-23 18:11,-63.4994,44.6397,CYAW 231811Z 14004KT 2SM BR OVC003 20/19 A2999 RMK SF8 DA918FT VIS VRB 1 1/2-2 1/2 SLP156
CYAW,2020-07-23 19:00,-63.4994,44.6397,CYAW 231900Z 11004KT 2SM BR OVC003 20/20 A2998 RMK SF8 DA1033FT VIS VRB 1 1/2-2 1/2 SLP153
CYAW,2020-07-23 19:06,-63.4994,44.6397,CYAW 231906Z 11004KT 6SM BR OVC003 20/20 A2998 RMK SF8 DA1006FT VIS LWR S SLP153
CYAW,2020-07-23 20:00,-63.4994,44.6397,CYAW 232000Z 11005KT 6SM BR OVC003 20/20 A2998 RMK SF8 DA981FT VIS LWR S SLP151
CYAW,2020-07-23 20:06,-63.4994,44.6397,CYAW 232006Z 12003KT 2SM BR OVC003 20/20 A2998 RMK SF8 DA968FT VIS VRB 1 1/2-2 1/2 SLP152
CYAW,2020-07-23 20:29,-63.4994,44.6397,CYAW 232029Z 11003KT 1SM BR OVC003 20/19 A2998 RMK SF8 DA929FT LAST OBS/NEXT 240900 UTC SLP151
CYAW,2020-07-24 09:00,-63.4994,44.6397,CYAW 240900Z 29005KT 8SM FEW013 SCT043 BKN250 19/19 A2993 RMK SC2SC2CI2 DA894FT FST OBS SLP135
CYAW,2020-07-24 09:49,-63.4994,44.6397,CYAW 240949Z 29005KT 8SM BKN007 OVC011 19/19 A2995 RMK SF6SC2 DA952FT SLP142
CYAW,2020-07-24 10:00,-63.4994,44.6397,CYAW 241000Z 29007KT 8SM BKN007 OVC012 20/20 A2995 RMK SF6SC2 DA979FT SLP144
CYAW,2020-07-24 10:48,-63.4994,44.6397,CYAW 241048Z 27005KT 10SM SCT006 BKN016 BKN120 20/20 A2996 RMK SF3SC2AC2 DA1008FT SLP145
CYAW,2020-07-24 11:00,-63.4994,44.6397,CYAW 241100Z 28006KT 12SM FEW006 BKN019 BKN120 20/20 A2996 RMK SF2SC3AC2 DA1035FT SLP146
CYAW,2020-07-24 12:00,-63.4994,44.6397,CYAW 241200Z 31007KT 15SM FEW009 OVC020 21/21 A2997 RMK SF2SC6 DA1137FT SLP150
CYAW,2020-07-24 13:00,-63.4994,44.6397,CYAW 241300Z 01007KT 15SM SCT014 BKN020 22/21 A2996 RMK SC3SC4 DA1310FT SLP146
CYAW,2020-07-24 14:00,-63.4994,44.6397,CYAW 241400Z 34008KT 15SM BKN017 BKN023 23/20 A2998 RMK SC5SC2 DA1374FT SLP153
CYAW,2020-07-24 14:08,-63.4994,44.6397,CYAW 241408Z 34008G15KT 15SM BKN027 BKN044 23/20 A2998 RMK SC5SC2 DA1351FT SLP154
CYAW,2020-07-24 15:00,-63.4994,44.6397,CYAW 241500Z 32005KT 15SM FEW030 BKN250 24/19 A2998 RMK CU2CI5 DA1446FT SLP153
CYAW,2020-07-24 16:00,-63.4994,44.6397,CYAW 241600Z 28005KT 15SM FEW025 BKN250 25/19 A2998 RMK CU2CI3 DA1560FT SLP154
CYAW,2020-07-24 17:00,-63.4994,44.6397,CYAW 241700Z 29009KT 15SM SCT030 BKN250 26/19 A2998 RMK CU3CI2 DA1707FT SLP151
CYAW,2020-07-24 18:00,-63.4994,44.6397,CYAW 241800Z 30009KT 15SM SCT040 BKN250 27/18 A2998 RMK CU3CI3 DA1770FT SLP150
CYAW,2020-07-24 19:00,-63.4994,44.6397,CYAW 241900Z 32008KT 15SM FEW045 BKN250 27/18 A2997 RMK CU2CI4 DA1771FT SLP149
CYAW,2020-07-24 20:00,-63.4994,44.6397,CYAW 242000Z 33009KT 15SM FEW045 BKN250 28/18 A2997 RMK CU1CI6 DA1842FT SLP149
CYAW,2020-07-24 21:00,-63.4994,44.6397,CYAW 242100Z 32010KT 15SM FEW045 BKN250 27/17 A2998 RMK CU1CI6 DA1706FT SLP152
CYAW,2020-07-24 22:00,-63.4994,44.6397,CYAW 242200Z 33005KT 15SM FEW045 BKN250 26/18 A2999 RMK CU1CI6 DA1614FT SLP155
CYAW,2020-07-24 23:00,-63.4994,44.6397,CYAW 242300Z 34002KT 15SM FEW045 BKN250 24/18 A3001 RMK CU1CI6 DA1373FT SLP160
CYAW,2020-07-25 00:00,-63.4994,44.6397,CYAW 250000Z 23005KT 15SM FEW035 BKN250 22/18 A3002 RMK SC1CI5 DA1164FT SLP165
CYAW,2020-07-25 01:00,-63.4994,44.6397,CYAW 250100Z 24005KT 15SM FEW035 BKN250 21/19 A3002 RMK SC1CI5 DA1024FT SLP167
CYAW,2020-07-25 02:00,-63.4994,44.6397,CYAW 250200Z 33004KT 15SM BKN250 19/18 A3003 RMK CI7 DA778FT SLP169
CYAW,2020-07-25 03:00,-63.4994,44.6397,CYAW 250300Z 34002KT 15SM BKN250 18/18 A3003 RMK CI5 DA667FT LAST OBS/NEXT 251000 UTC SLP168
CYAW,2020-07-25 10:00,-63.4994,44.6397,CYAW 251000Z 00000KT 15SM FEW080 SCT250 18/17 A3002 RMK AC1CI3 DA625FT FST OBS SLP165
CYAW,2020-07-25 11:00,-63.4994,44.6397,CYAW 251100Z 22002KT 15SM FEW080 BKN250 21/19 A3002 RMK AC1CI6 DA1036FT SLP165
CYAW,2020-07-25 12:00,-63.4994,44.6397,CYAW 251200Z 23003KT 15SM FEW080 BKN250 23/18 A3002 RMK AC1CI7 DA1245FT SLP165
CYAW,2020-07-25 19:00,-63.4994,44.6397,CYAW 251900Z 14004KT 15SM BKN095 BKN250 27/17 A2996 RMK AC5CI1 DA1732FT CB EMBD MOVG SE FST OBS SLP145
CYAW,2020-07-25 20:00,-63.4994,44.6397,CYAW 252000Z 19007KT 15SM SCT085 BKN250 26/18 A2995 RMK AC3CI2 DA1666FT CB TOPS DIST N SLP141
CYAW,2020-07-25 21:00,-63.4994,44.6397,CYAW 252100Z 19006KT 15SM FEW040 FEW090 SCT250 25/18 A2994 RMK CU1AC2CI2 DA1611FT CB N MOVG SE CU TR SLP140
CYAW,2020-07-25 22:00,-63.4994,44.6397,CYAW 252200Z 21008KT 15SM FEW090 FEW250 25/17 A2994 RMK AC1CI2 DA1541FT SLP138
CYAW,2020-07-25 23:00,-63.4994,44.6397,CYAW 252300Z 23010KT 15SM FEW090 SCT250 23/19 A2994 RMK AC1CI2 DA1318FT SLP137
CYAW,2020-07-26 00:00,-63.4994,44.6397,CYAW 260000Z 22004KT 15SM FEW090 SCT250 21/18 A2994 RMK AC2CI2 DA1130FT SLP137
CYAW,2020-07-26 01:00,-63.4994,44.6397,CYAW 260100Z 17005KT 15SM FEW100 SCT250 21/18 A2993 RMK AC2CI2 DA1077FT SLP135
CYAW,2020-07-26 02:00,-63.4994,44.6397,CYAW 260200Z 19003KT 15SM FEW100 FEW250 19/18 A2993 RMK AC1CI2 DA907FT SLP134
CYAW,2020-07-26 03:00,-63.4994,44.6397,CYAW 260300Z 32002KT 15SM SCT250 19/17 A2992 RMK CI4 DA869FT SLP132
CYAW,2020-07-26 04:00,-63.4994,44.6397,CYAW 260400Z 00000KT 15SM BKN250 18/18 A2991 RMK CI6 DA825FT LAST OBS/NEXT 261800 UTC SLP129
CYAW,2020-07-26 18:00,-63.4994,44.6397,CYAW 261800Z 18006KT 12SM -SHRA FEW065 OVC080 21/19 A2973 RMK SC2AS6 DA1398FT FST OBS SLP066
CYAW,2020-07-26 19:00,-63.4994,44.6397,CYAW 261900Z 22009KT 12SM -SHRA FEW010 SCT065 OVC080 20/18 A2972 RMK SF1SC3AS5 DA1260FT PCPN VRY LGT SLP064
CYAW,2020-07-26 20:00,-63.4994,44.6397,CYAW 262000Z 25006KT 12SM -SHRA SCT056 OVC085 20/18 A2972 RMK SC4AS4 DA1298FT PCPN VRY LGT SLP063
CYAW,2020-07-26 21:00,-63.4994,44.6397,CYAW 262100Z 23003KT 12SM -SHRA FEW068 OVC090 20/19 A2971 RMK AC2AS6 DA1298FT PCPN VRY LGT SLP059
CYAW,2020-07-26 21:36,-63.4994,44.6397,CYAW 262136Z 18003KT 12SM FEW036 BKN068 OVC090 21/19 A2971 RMK SC2AC4AS2 DA1421FT SLP062
CYAW,2020-07-26 22:00,-63.4994,44.6397,CYAW 262200Z 22002KT 15SM FEW034 BKN070 BKN130 BKN250 22/19 A2971 RMK SC1AC4AC2CI1 DA1499FT SLP061
CYAW,2020-07-26 23:00,-63.4994,44.6397,CYAW 262300Z 29008KT 15SM FEW035 FEW130 BKN160 23/19 A2971 RMK SC1AC2AC5 DA1708FT SLP062
CYAW,2020-07-27 00:00,-63.4994,44.6397,CYAW 270000Z 27008KT 15SM FEW035 SCT130 BKN160 23/19 A2971 RMK SC1AC2AC3 DA1608FT SLP060
CYAW,2020-07-27 01:00,-63.4994,44.6397,CYAW 270100Z 22002KT 15SM FEW035 BKN140 22/19 A2973 RMK SC1AC6 DA1510FT SLP067
CYAW,2020-07-27 02:00,-63.4994,44.6397,CYAW 270200Z 26004KT 15SM BKN120 21/19 A2972 RMK AC6 DA1413FT SLP065
CYAW,2020-07-27 03:00,-63.4994,44.6397,CYAW 270300Z 25004KT 15SM SCT130 BKN250 21/19 A2971 RMK AC4CI2 DA1376FT SLP062
CYAW,2020-07-27 04:00,-63.4994,44.6397,CYAW 270400Z 22004KT 15SM FEW140 21/18 A2971 RMK AC2 DA1350FT LAST OBS/NEXT 271300 UTC SLP062
CYAW,2020-07-27 13:00,-63.4994,44.6397,CYAW 271300Z 07002KT 1 1/2SM -SHRA BR FEW003 BKN013 OVC040 20/20 A2970 RMK SF2SC3SC3 DA1370FT FST OBS SLP056
CYAW,2020-07-27 13:17,-63.4994,44.6397,CYAW 271317Z 00000KT 5SM -SHRA BR FEW004 FEW025 OVC040 21/20 A2970 RMK SF1SC2SC6 DA1380FT SLP058
CYAW,2020-07-27 13:43,-63.4994,44.6397,CYAW 271343Z 08002KT 4SM -SHRA BR FEW006 BKN025 OVC040 21/20 A2971 RMK SF2SC3SC3 DA1393FT PCPN VRY LGT SLP059
CYAW,2020-07-27 14:00,-63.4994,44.6397,CYAW 271400Z 07003KT 4SM BR FEW008 BKN025 OVC040 21/20 A2970 RMK SF2SC3SC3 DA1455FT SLP058
CYAW,2020-07-27 15:00,-63.4994,44.6397,CYAW 271500Z 11003KT 4SM BR FEW009 BKN025 OVC040 21/20 A2970 RMK SF1SC5SC3 DA1465FT SLP058
CYAW,2020-07-27 16:00,-63.4994,44.6397,CYAW 271600Z 10004KT 5SM BR FEW009 BKN030 OVC040 21/20 A2970 RMK SF1SC6SC2 DA1436FT SLP058
CYAW,2020-07-27 16:09,-63.4994,44.6397,CYAW 271609Z 11005KT 8SM BKN028 OVC040 21/20 A2970 RMK SC6SC2 DA1392FT SLP056
CYAW,2020-07-27 17:00,-63.4994,44.6397,CYAW 271700Z 11003KT 12SM BKN029 OVC038 21/20 A2970 RMK SC6SC2 DA1488FT VIS LWR S SLP057
CYAW,2020-07-27 18:00,-63.4994,44.6397,CYAW 271800Z 12005KT 12SM FEW012 BKN028 OVC042 23/21 A2969 RMK CU1SC6SC2 DA1647FT VIS LWR S SLP055
CYAW,2020-07-27 19:00,-63.4994,44.6397,CYAW 271900Z 18006KT 12SM SCT020 OVC032 22/20 A2969 RMK SC4SC4 DA1555FT VIS LWR S SLP055
CYAW,2020-07-27 20:00,-63.4994,44.6397,CYAW 272000Z 11004KT 15SM BKN034 BKN042 21/19 A2969 RMK SC5SC2 DA1379FT SLP053
CYAW,2020-07-27 21:00,-63.4994,44.6397,CYAW 272100Z 12005KT 15SM BKN032 BKN043 20/19 A2969 RMK SC5SC2 DA1281FT VIS LWR S SLP053
CYAW,2020-07-27 22:00,-63.4994,44.6397,CYAW 272200Z 12006KT 15SM FEW030 BKN064 19/18 A2970 RMK SC2SC4 DA1162FT VIS LWR S FG BANK S SLP056
CYAW,2020-07-27 22:49,-63.4994,44.6397,CYAW 272249Z 09003KT 10SM FEW004 SCT043 BKN060 BKN180 19/18 A2969 RMK SF1SC3SC2AC2 DA1160FT FG BANK OVR APCHS SLP055
CYAW,2020-07-27 23:00,-63.4994,44.6397,CYAW 272300Z 09005KT 6SM BR FEW004 SCT042 BKN060 BKN180 19/18 A2969 RMK SF1SC3SC2AC2 DA1133FT FG BANK OVR APCHS SLP055
CYAW,2020-07-27 23:27,-63.4994,44.6397,CYAW 272327Z 10005KT 6SM BR BKN004 BKN038 BKN180 18/18 A2968 RMK SF5SC2AC1 DA1068FT FG BANK OVR APCHS SLP051
CYAW,2020-07-27 23:37,-63.4994,44.6397,CYAW 272337Z 09004KT 6SM BR BKN004 OVC038 18/17 A2969 RMK SF6SC2 DA1053FT LAST OBS/NEXT 281000 UTC SLP055
CYAW,2020-07-28 10:00,-63.4994,44.6397,CYAW 281000Z 16003KT 2SM BR FEW002 BKN062 BKN100 18/18 A2968 RMK SF2SC3AC2 DA1074FT FST OBS VIS LWR SE-SW SLP052
CYAW,2020-07-28 10:33,-63.4994,44.6397,CYAW 281033Z 15004KT 2 1/2SM BR BKN006 18/18 A2969 RMK SF5 DA1075FT VIS LWR SE-SW SLP054
CYAW,2020-07-28 11:00,-63.4994,44.6397,CYAW 281100Z 16004KT 3/4SM BR BKN001 18/18 A2969 RMK SF7 DA1103FT SLP055
CYAW,2020-07-28 11:15,-63.4994,44.6397,CYAW 281115Z 15005KT 1/8SM FG VV001 18/18 A2969 RMK FG8 DA1063FT SLP054
CYAW,2020-07-28 11:35,-63.4994,44.6397,CYAW 281135Z 16004KT 3SM BR BKN003 OVC100 18/18 A2969 RMK SF5AC3 DA1117FT VIS LWR N SLP054
CYAW,2020-07-28 11:49,-63.4994,44.6397,CYAW 281149Z 18006KT 6SM BR FEW003 BKN076 19/19 A2968 RMK SF2AC4 DA1209FT SLP052
CYAW,2020-07-28 12:00,-63.4994,44.6397,CYAW 281200Z 18007KT 8SM FEW004 BKN070 20/19 A2968 RMK SF2AC3 DA1305FT SLP052
CYAW,2020-07-28 13:00,-63.4994,44.6397,CYAW 281300Z 18006KT 10SM FEW005 BKN062 22/20 A2969 RMK SF1SC5 DA1584FT SLP053
CYAW,2020-07-28 14:00,-63.4994,44.6397,CYAW 281400Z 18009KT 10SM FEW070 FEW250 23/19 A2968 RMK AC1CI2 DA1653FT SLP052
CYAW,2020-07-28 15:00,-63.4994,44.6397,CYAW 281500Z 17009KT 10SM SKC 24/19 A2968 RMK DA1756FT SLP050
CYAW,2020-07-28 16:00,-63.4994,44.6397,CYAW 281600Z 19008KT 12SM FEW030 FEW180 25/20 A2968 RMK CU1AC1 DA1940FT SLP052
CYAW,2020-07-28 17:00,-63.4994,44.6397,CYAW 281700Z 19009KT 12SM FEW035 FEW180 25/20 A2969 RMK CU1AC1 DA1957FT SLP053
CYAW,2020-07-28 18:00,-63.4994,44.6397,CYAW 281800Z 20008KT 12SM FEW040 FEW100 26/21 A2968 RMK CU1AC1 DA2087FT SLP051
CYAW,2020-07-28 19:00,-63.4994,44.6397,CYAW 281900Z 19008KT 12SM FEW040 27/21 A2967 RMK CU1 DA2213FT SLP047
CYAW,2020-07-28 20:00,-63.4994,44.6397,CYAW 282000Z 19009KT 12SM FEW040 27/21 A2968 RMK CU1 DA2179FT SLP049
CYAW,2020-07-28 21:00,-63.4994,44.6397,CYAW 282100Z 21009KT 12SM FEW050 26/20 A2968 RMK CU1 DA2082FT SLP051
CYAW,2020-07-28 22:00,-63.4994,44.6397,CYAW 282200Z 22007KT 12SM FEW050 FEW100 26/20 A2969 RMK CU1AC1 DA2048FT SLP053
CYAW,2020-07-28 23:00,-63.4994,44.6397,CYAW 282300Z 24009KT 15SM FEW060 SCT250 25/20 A2971 RMK CU2CI2 DA1877FT SLP062
CYAW,2020-07-29 00:00,-63.4994,44.6397,CYAW 290000Z 24004KT 15SM FEW190 SCT250 23/19 A2973 RMK AC2CI1 DA1581FT SLP066
CYAW,2020-07-29 01:00,-63.4994,44.6397,CYAW 290100Z 26002KT 15SM FEW190 22/19 A2974 RMK AC2 DA1533FT SLP072
CYAW,2020-07-29 02:00,-63.4994,44.6397,CYAW 290200Z 00000KT 15SM FEW190 21/19 A2976 RMK AC2 DA1395FT SLP076
CYAW,2020-07-29 02:22,-63.4994,44.6397,CYAW 290222Z 00000KT 15SM FEW140 21/19 A2976 RMK AC1 DA1372FT LAST OBS/NEXT 291300 UTC SLP077
CYAW,2020-07-29 13:00,-63.4994,44.6397,CYAW 291300Z 27003KT 15SM FEW180 BKN250 24/21 A2984 RMK AC1CC6 DA1693FT FST OBS SLP106
CYAW,2020-07-29 14:00,-63.4994,44.6397,CYAW 291400Z 19003KT 15SM FEW040 FEW180 BKN220 26/22 A2984 RMK CU1AC1CC5 DA1835FT SLP106
CYAW,2020-07-29 15:00,-63.4994,44.6397,CYAW 291500Z 16009KT 15SM FEW040 FEW180 SCT240 27/21 A2984 RMK CU1AC1CI2 DA1954FT SLP106
CYAW,2020-07-29 16:00,-63.4994,44.6397,CYAW 291600Z 16009KT 15SM FEW040 SCT250 27/21 A2984 RMK CU1CI3 DA1923FT MDT CU ASOCTD SLP104
CYAW,2020-07-29 17:00,-63.4994,44.6397,CYAW 291700Z 17008KT 15SM FEW040TCU FEW140 FEW250 28/22 A2984 RMK TCU1AC1CI2 DA2110FT SLP103
CYAW,2020-07-29 18:00,-63.4994,44.6397,CYAW 291800Z 18009KT 15SM FEW010 FEW045TCU SCT220 28/21 A2983 RMK SF1TCU1CC3 DA2100FT CB TOP DIST NE SLP100
CYAW,2020-07-29 19:00,-63.4994,44.6397,CYAW 291900Z 17007KT 15SM FEW045TCU FEW160 BKN250 29/22 A2982 RMK TCU1AC2CI5 DA2258FT SLP099
CYAW,2020-07-29 20:00,-63.4994,44.6397,CYAW 292000Z 19007KT 15SM FEW045TCU SCT140 BKN250 27/21 A2983 RMK TCU1AC3CI4 DA2018FT SLP100
CYAW,2020-07-29 21:00,-63.4994,44.6397,CYAW 292100Z 22005KT 15SM FEW040 BKN180 BKN220 25/20 A2982 RMK CU1AC5CI2 DA1750FT SLP099
CYAW,2020-07-29 22:00,-63.4994,44.6397,CYAW 292200Z 23005KT 15SM FEW040 SCT180 BKN220 25/19 A2984 RMK CU1AC4CI3 DA1690FT SLP103
CYAW,2020-07-29 23:00,-63.4994,44.6397,CYAW 292300Z 22002KT 15SM FEW040 SCT140 BKN170 24/19 A2984 RMK CU1AC3AC3 DA1579FT CU TR SLP105
CYAW,2020-07-30 00:00,-63.4994,44.6397,CYAW 300000Z 33003KT 15SM BKN150 23/19 A2985 RMK AC6 DA1525FT SLP107
CYAW,2020-07-30 01:00,-63.4994,44.6397,CYAW 300100Z 31002KT 15SM BKN150 22/19 A2986 RMK AC6 DA1330FT SLP110
CYAW,2020-07-30 01:15,-63.4994,44.6397,CYAW 300115Z 33002KT 15SM -SHRA FEW041 BKN140 22/20 A2985 RMK SC2AC4 DA1337FT PCPN VRY LGT SLP109
CYAW,2020-07-30 01:41,-63.4994,44.6397,CYAW 300141Z 00000KT 15SM FEW065 BKN120 22/21 A2986 RMK SC2AC5 DA1411FT SLP110
CYAW,2020-07-30 02:00,-63.4994,44.6397,CYAW 300200Z 00000KT 15SM FEW065 OVC130 23/21 A2986 RMK SC2AC6 DA1469FT SLP111
CYAW,2020-07-30 02:31,-63.4994,44.6397,CYAW 300231Z 29003KT 15SM SCT120 22/20 A2987 RMK AC4 DA1346FT LAST OBS/NEXT 301300 UTC SLP114
CYAW,2020-07-30 13:00,-63.4994,44.6397,CYAW 301300Z 17007KT 15SM FEW170 FEW250 23/18 A2987 RMK AC1CI2 DA1413FT FST OBS SLP116
CYAW,2020-07-30 14:00,-63.4994,44.6397,CYAW 301400Z 18005KT 15SM FEW170 BKN250 25/18 A2986 RMK AC1CI4 DA1634FT SLP111
CYAW,2020-07-30 15:00,-63.4994,44.6397,CYAW 301500Z CCA 16009KT 15SM FEW170 SCT250 25/19 A2985 RMK AC1CI3 DA1650FT SLP107
CYAW,2020-07-30 16:00,-63.4994,44.6397,CYAW 301600Z 18010KT 15SM FEW030 FEW160 SCT250 25/17 A2985 RMK CU1AC1CI3 DA1712FT SLP109
CYAW,2020-07-30 17:00,-63.4994,44.6397,CYAW 301700Z 18013KT 15SM FEW010 FEW040 FEW100 BKN250 25/16 A2985 RMK SF1CU1AC1CI6 DA1687FT SLP107
CYAW,2020-07-30 18:00,-63.4994,44.6397,CYAW 301800Z 21011KT 15SM FEW010 FEW040 FEW100 SCT250 26/16 A2984 RMK SF1CU1AC1CI3 DA1799FT TCU TOPS DIST N SLP105
CYAW,2020-07-30 19:00,-63.4994,44.6397,CYAW 301900Z 17010KT 15SM FEW008 FEW050 FEW160 SCT250 23/16 A2983 RMK SF1CU1AC2CI2 DA1466FT TCU TOPS DIST N SLP101
CYAW,2020-07-30 20:00,-63.4994,44.6397,CYAW 302000Z 14009KT 12SM FEW006 FEW050 FEW160 FEW200 BKN250 22/18 A2982 RMK SF1CU1ACC2CC1CI2 DA1383FT TCU TOPS DIST N VIS LWR E SLP099
CYAW,2020-07-30 21:00,-63.4994,44.6397,CYAW 302100Z 18009KT 12SM FEW006 FEW050 SCT180 BKN250 20/17 A2981 RMK SF1CU1AC4CI2 DA1192FT VIS 4 E SLP096
CYAW,2020-07-30 22:00,-63.4994,44.6397,CYAW 302200Z 14005KT 12SM FEW004 FEW050 BKN160 BKN250 19/17 A2982 RMK SF1CU1AC6CI1 DA991FT SLP098
CYAW,2020-07-30 23:00,-63.4994,44.6397,CYAW 302300Z 18006KT 15SM FEW004 BKN100 BKN250 19/17 A2982 RMK SF1AC6CI2 DA1014FT SLP099
CYAW,2020-07-31 00:00,-63.4994,44.6397,CYAW 310000Z 23005KT 15SM FEW004 SCT090 BKN250 19/18 A2982 RMK SF1AC2CI2 DA1014FT SLP098
CYAW,2020-07-31 00:21,-63.4994,44.6397,CYAW 310021Z 21004KT 15SM FEW004 SCT110 BKN250 18/18 A2982 RMK SF2AC2CI2 DA953FT LAST OBS/NXT 311000 UTC SLP099
CYAW,2020-07-31 10:00,-63.4994,44.6397,CYAW 311000Z 17003KT 1/8SM FG VV001 17/17 A2978 RMK FG8 DA772FT FST OBS SLP085
CYAW,2020-07-31 11:00,-63.4994,44.6397,CYAW 311100Z 18004KT 1/4SM FG VV002 17/17 A2976 RMK FG8 DA862FT SLP080
CYAW,2020-07-31 11:22,-63.4994,44.6397,CYAW 311122Z 20004KT 1/2SM FG OVC003 17/17 A2977 RMK FG6ST2 DA877FT SLP081
CYAW,2020-07-31 11:38,-63.4994,44.6397,CYAW 311138Z 20003KT 1/8SM FG VV001 18/18 A2977 RMK FG8 DA931FT SLP081
CYAW,2020-07-31 12:00,-63.4994,44.6397,CYAW 311200Z 22002KT 0SM FG VV000 18/18 A2977 RMK FG8 DA971FT SLP081
CYAW,2020-07-31 12:18,-63.4994,44.6397,CYAW 311218Z 24003KT 3/8SM FG OVC003 19/19 A2978 RMK FG6ST2 DA1026FT VIS VRB 1/8-3/4 SLP083
CYAW,2020-07-31 12:36,-63.4994,44.6397,CYAW 311236Z 24002KT 2 1/2SM BR OVC003 19/19 A2978 RMK FG2ST6 DA1053FT SLP084
CYAW,2020-07-31 12:48,-63.4994,44.6397,CYAW 311248Z 26004KT 5SM BR OVC003 19/19 A2978 RMK ST8 DA1107FT FG BANK OVR APCHS SLP085
CYAW,2020-07-31 13:00,-63.4994,44.6397,CYAW 311300Z 29004KT 8SM OVC004 19/19 A2978 RMK ST8 DA1147FT FG BANK OVR APCHS SLP085
CYAW,2020-07-31 13:23,-63.4994,44.6397,CYAW 311323Z 29006KT 8SM FEW005 BKN009 21/20 A2979 RMK SF2SC5 DA1284FT VIS LWR S SLP086
CYAW,2020-07-31 14:00,-63.4994,44.6397,CYAW 311400Z 31007KT 10SM FEW005 BKN010 BKN250 23/20 A2979 RMK SF1CF4CI1 DA1553FT SLP086
CYAW,2020-07-31 14:09,-63.4994,44.6397,CYAW 311409Z 29008KT 10SM FEW006 FEW011 FEW250 23/19 A2978 RMK SF1CF2CI1 DA1596FT SLP085
CYAW,2020-07-31 15:00,-63.4994,44.6397,CYAW 311500Z 25005KT 15SM FEW020 FEW250 25/20 A2978 RMK CU1CI2 DA1810FT SLP085
CYAW,2020-07-31 16:00,-63.4994,44.6397,CYAW 311600Z 18010KT 15SM FEW030 SCT250 24/20 A2977 RMK CU2CI2 DA1670FT SLP082
CYAW,2020-07-31 16:26,-63.4994,44.6397,CYAW 311626Z 15012KT 15SM FEW030 SCT250 22/19 A2977 RMK CU2CI2 DA1491FT VIS LWR S FG BANK S SLP081
CYAW,2020-07-31 17:00,-63.4994,44.6397,CYAW 311700Z 15009KT 15SM FEW030 SCT250 23/19 A2977 RMK CU2CI2 DA1598FT VIS LWR S FG BANK S SLP080
CYAW,2020-07-31 18:00,-63.4994,44.6397,CYAW 311800Z 15008KT 15SM FEW060 SCT250 24/19 A2976 RMK CU2CI2 DA1672FT VIS LWR S FG BANK S SLP076
CYAW,2020-07-31 18:50,-63.4994,44.6397,CYAW 311850Z 15006KT 15SM SCT060 BKN250 25/19 A2975 RMK CU3CI2 DA1779FT SLP073
CYAW,2020-08-04 14:00,-63.4994,44.6397,CYAW 041400Z 28012KT 15SM BKN250 26/17 A3006 RMK CI5 DA1569FT FST OBS SLP179
CYAW,2020-08-04 15:00,-63.4994,44.6397,CYAW 041500Z 28014KT 15SM BKN250 28/16 A3006 RMK CI7 DA1729FT SLP181
CYAW,2020-08-04 16:00,-63.4994,44.6397,CYAW 041600Z 29013KT 15SM FEW180 BKN250 29/15 A3006 RMK AC1CI7 DA1806FT SLP180
CYAW,2020-08-04 17:00,-63.4994,44.6397,CYAW 041700Z 30012G18KT 15SM FEW050 FEW160 BKN220 30/15 A3006 RMK CF1AC1CS7 DA1955FT HALO CUFRA TR SLP181
CYAW,2020-08-04 18:00,-63.4994,44.6397,CYAW 041800Z 33013G18KT 15SM FEW160 BKN250 31/14 A3006 RMK AC1CI6 DA2015FT SLP179
CYAW,2020-08-04 19:00,-63.4994,44.6397,CYAW 041900Z 31011KT 15SM FEW160 BKN250 32/15 A3006 RMK AC2CI6 DA2145FT SLP180
CYAW,2020-08-04 20:00,-63.4994,44.6397,CYAW 042000Z 24006KT 15SM FEW050 FEW160 BKN250 29/17 A3008 RMK CF1AC2CI5 DA1849FT CUFRA TR CC ASOCTD SLP184
CYAW,2020-08-04 21:00,-63.4994,44.6397,CYAW 042100Z 23010KT 15SM FEW160 BKN250 28/17 A3009 RMK AC1CI6 DA1729FT SLP188
CYAW,2020-08-04 22:00,-63.4994,44.6397,CYAW 042200Z 25009KT 15SM FEW160 BKN250 26/17 A3010 RMK AC1CI6 DA1472FT SLP192
CYAW,2020-08-04 23:00,-63.4994,44.6397,CYAW 042300Z 22004KT 15SM FEW160 BKN250 24/17 A3011 RMK AC1CI6 DA1304FT SLP196
CYAW,2020-08-05 00:00,-63.4994,44.6397,CYAW 050000Z 00000KT 15SM FEW160 BKN250 22/17 A3012 RMK AC2CI3 DA972FT SLP199
CYAW,2020-08-05 01:00,-63.4994,44.6397,CYAW 050100Z 00000KT 15SM FEW160 OVC230 20/17 A3012 RMK AC2CI6 DA788FT SLP201
CYAW,2020-08-05 02:00,-63.4994,44.6397,CYAW 050200Z 09003KT 15SM FEW160 OVC210 21/18 A3014 RMK AC1CS7 DA833FT SLP205
CYAW,2020-08-05 03:00,-63.4994,44.6397,CYAW 050300Z 07005KT 15SM BKN210 OVC230 20/17 A3012 RMK CC6CS2 DA783FT SLP200
CYAW,2020-08-05 04:00,-63.4994,44.6397,CYAW 050400Z 12005KT 15SM SCT180 OVC210 18/15 A3012 RMK AC3CC5 DA525FT SLP200
CYAW,2020-08-05 05:00,-63.4994,44.6397,CYAW 050500Z 08003KT 15SM SCT170 OVC210 17/16 A3012 RMK AC3CS5 DA413FT SLP199
CYAW,2020-08-05 14:00,-63.4994,44.6397,CYAW 051400Z 18007KT 3/4SM BR OVC003 20/20 A3005 RMK FG5ST3 DA972FT FST OBS SLP176
CYAW,2020-08-05 14:17,-63.4994,44.6397,CYAW 051417Z 18006KT 3SM BR OVC003 21/21 A3005 RMK ST8 DA1052FT SLP176
CYAW,2020-08-05 14:33,-63.4994,44.6397,CYAW 051433Z 17005KT 6SM BR BKN004 22/21 A3005 RMK ST6 DA1150FT SLP175
CYAW,2020-08-05 14:51,-63.4994,44.6397,CYAW 051451Z 17008KT 10SM FEW004 FEW250 23/22 A3005 RMK SF2CI1 DA1275FT SLP175
CYAW,2020-08-05 15:00,-63.4994,44.6397,CYAW 051500Z 18008KT 12SM FEW005 FEW250 23/21 A3004 RMK SF2CI1 DA1252FT SLP174
CYAW,2020-08-05 16:00,-63.4994,44.6397,CYAW 051600Z 17009KT 15SM FEW008 FEW015 FEW220 FEW250 23/20 A3004 RMK SF1CU1CC1CI1 DA1298FT SLP172
CYAW,2020-08-05 17:00,-63.4994,44.6397,CYAW 051700Z 18007KT 15SM FEW008 FEW025 BKN180 24/20 A3003 RMK SF1CU1AC6 DA1372FT SLP170
CYAW,2020-08-05 18:00,-63.4994,44.6397,CYAW 051800Z 18007KT 15SM FEW008 FEW035 SCT180 26/20 A3003 RMK SF1CU1AC3 DA1593FT SLP168
CYAW,2020-08-05 19:00,-63.4994,44.6397,CYAW 051900Z 21009KT 15SM FEW008 FEW035 BKN180 25/19 A3002 RMK SF1CU1AC6 DA1552FT SLP167
CYAW,2020-08-05 20:00,-63.4994,44.6397,CYAW 052000Z 20013KT 15SM FEW008 FEW035 BKN180 24/19 A3001 RMK SF1CU1AC7 DA1395FT SLP164
CYAW,2020-08-05 21:00,-63.4994,44.6397,CYAW 052100Z 21011G18KT 15SM FEW008 FEW035 BKN180 BKN220 25/19 A3000 RMK SF1CU1AC7CC1 DA1529FT SLP160
CYAW,2020-08-05 22:00,-63.4994,44.6397,CYAW 052200Z 22009KT 15SM FEW008 FEW035 BKN180 23/20 A3001 RMK SF1CU1AC7 DA1329FT SLP161
CYAW,2020-08-05 23:00,-63.4994,44.6397,CYAW 052300Z 23011G16KT 15SM FEW040 BKN180 22/20 A3001 RMK CU1AC7 DA1210FT SLP161
CYAW,2020-08-06 00:00,-63.4994,44.6397,CYAW 060000Z 23009KT 15SM FEW006 BKN180 BKN230 22/19 A3001 RMK SF1AC5CI2 DA1143FT SLP163
CYAW,2020-08-06 01:00,-63.4994,44.6397,CYAW 060100Z 23008KT 15SM BKN250 21/19 A3002 RMK CI6 DA1102FT SLP165
CYAW,2020-08-06 02:00,-63.4994,44.6397,CYAW 060200Z 22009KT 15SM FEW180 21/19 A3002 RMK AC1 DA1028FT SLP165
CYAW,2020-08-06 03:00,-63.4994,44.6397,CYAW 060300Z 22005KT 15SM SKC 20/18 A3001 RMK DA934FT LAST OBS/NXT 061400 UTC SLP162
CYAW,2020-08-06 14:00,-63.4994,44.6397,CYAW 061400Z 17006KT 15SM FEW010 FEW020 FEW250 23/20 A3000 RMK SF1CU1CI1 DA1315FT FST OBS SLP158
CYAW,2020-08-06 15:00,-63.4994,44.6397,CYAW 061500Z 18012KT 15SM FEW010 FEW025 FEW250 23/20 A2999 RMK SF1CU1CI1 DA1348FT SLP157
CYAW,2020-08-06 16:00,-63.4994,44.6397,CYAW 061600Z 18011G16KT 15SM FEW010 FEW025 SCT250 23/19 A2999 RMK SF1CU1CI2 DA1298FT SLP157
CYAW,2020-08-06 17:00,-63.4994,44.6397,CYAW 061700Z 18010KT 15SM FEW010 FEW030 FEW250 25/19 A2998 RMK SF1CU1CI1 DA1561FT SLP151
CYAW,2020-08-06 18:00,-63.4994,44.6397,CYAW 061800Z 22011G16KT 15SM FEW030 FEW250 26/17 A2997 RMK CU1CI1 DA1595FT SLP148
CYAW,2020-08-06 19:00,-63.4994,44.6397,CYAW 061900Z 22011KT 15SM FEW035 FEW250 27/16 A2996 RMK CU1CI2 DA1714FT SLP144
CYAW,2020-08-06 20:00,-63.4994,44.6397,CYAW 062000Z 21010KT 15SM FEW035 SCT250 27/15 A2995 RMK CU1CI4 DA1700FT SLP143
CYAW,2020-08-06 21:00,-63.4994,44.6397,CYAW 062100Z 22009G15KT 15SM FEW040 BKN250 26/14 A2995 RMK CU1CI5 DA1638FT SLP143
CYAW,2020-08-06 22:00,-63.4994,44.6397,CYAW 062200Z 23010KT 15SM FEW180 BKN250 26/11 A2996 RMK AC1CI6 DA1555FT SLP146
CYAW,2020-08-06 23:00,-63.4994,44.6397,CYAW 062300Z 24008KT 15SM FEW180 SCT250 23/11 A2998 RMK AC1CI2 DA1223FT SLP153
CYAW,2020-08-07 00:00,-63.4994,44.6397,CYAW 070000Z 25008KT 15SM FEW180 FEW250 21/10 A3001 RMK AC1CI2 DA973FT SLP163
CYAW,2020-08-07 01:00,-63.4994,44.6397,CYAW 070100Z 25011G16KT 15SM SCT250 21/09 A3004 RMK CI3 DA860FT SLP173
CYAW,2020-08-07 02:00,-63.4994,44.6397,CYAW 070200Z 23007KT 15SM FEW180 SCT250 19/10 A3005 RMK AC1CI3 DA691FT SLP176
CYAW,2020-08-07 02:16,-63.4994,44.6397,CYAW 070216Z 26008KT 15SM FEW180 SCT250 19/10 A3005 RMK AC1CI3 DA672FT LAST OBS/NEXT 071000 UTC SLP177
CYAW,2020-08-07 10:00,-63.4994,44.6397,CYAW 071000Z 29008KT 15SM FEW100 BKN250 18/13 A3012 RMK AC1CI6 DA434FT FST OBS SLP201
CYAW,2020-08-07 11:00,-63.4994,44.6397,CYAW 071100Z 29009KT 15SM FEW100 SCT250 20/13 A3013 RMK AC1CI4 DA694FT SLP204
CYAW,2020-08-07 12:00,-63.4994,44.6397,CYAW 071200Z 30008KT 15SM FEW100 BKN250 21/13 A3013 RMK AC1CI5 DA888FT SLP204
CYAW,2020-08-07 13:00,-63.4994,44.6397,CYAW 071300Z 27010KT 15SM FEW180 BKN250 23/13 A3014 RMK AC1CI6 DA1086FT SLP207
CYAW,2020-08-07 14:00,-63.4994,44.6397,CYAW 071400Z 22005KT 15SM FEW180 BKN250 25/12 A3014 RMK AC2CI6 DA1301FT SLP207
CYAW,2020-08-07 15:00,-63.4994,44.6397,CYAW 071500Z 30012KT 15SM OVC230 27/10 A3014 RMK CS8 DA1449FT HALO SLP208
CYAW,2020-08-07 16:00,-63.4994,44.6397,CYAW 071600Z 28011KT 15SM BKN250 28/11 A3014 RMK CI6 DA1551FT SLP207
CYAW,2020-08-07 17:00,-63.4994,44.6397,CYAW 071700Z 29010KT 15SM FEW045 BKN230 28/11 A3014 RMK CU1CS7 DA1589FT HALO SLP205
CYAW,2020-08-07 18:00,-63.4994,44.6397,CYAW 071800Z 22011KT 15SM FEW050 BKN230 26/14 A3013 RMK CF1CS7 DA1456FT HALO CUFRA TR SLP203
CYAW,2020-08-07 19:00,-63.4994,44.6397,CYAW 071900Z 23012G17KT 15SM FEW050 FEW180 BKN230 26/13 A3014 RMK CF1AC1CS7 DA1398FT LAST OBS/NEXT 101100 UTC CUFRA TR SLP205
CYAW,2020-08-10 11:00,-63.4994,44.6397,CYAW 101100Z 21004KT 15SM FEW100 SCT150 SCT250 20/17 A3005 RMK AC1AC3CI1 DA849FT FST OBS SLP176
CYAW,2020-08-10 12:00,-63.4994,44.6397,CYAW 101200Z 19004KT 15SM SCT140 BKN250 20/16 A3005 RMK AC4CI1 DA808FT SLP177
CYAW,2020-08-10 13:00,-63.4994,44.6397,CYAW 101300Z 19005KT 15SM FEW140 FEW250 22/17 A3004 RMK AC1CI1 DA1073FT SLP174
CYAW,2020-08-10 14:00,-63.4994,44.6397,CYAW 101400Z 19006KT 15SM FEW130 FEW250 23/17 A3005 RMK AC2CI1 DA1203FT SLP177
CYAW,2020-08-10 15:00,-63.4994,44.6397,CYAW 101500Z 19008KT 15SM FEW008 FEW020 BKN140 25/18 A3005 RMK ST1CU1AC6 DA1416FT SLP175
CYAW,2020-08-10 16:00,-63.4994,44.6397,CYAW 101600Z 18008KT 15SM FEW025 BKN140 BKN200 25/18 A3004 RMK CU1AC5CC2 DA1517FT DIST FG BANK SE-S SLP172
CYAW,2020-08-10 17:00,-63.4994,44.6397,CYAW 101700Z 18009KT 15SM FEW006 FEW030 FEW200 25/18 A3003 RMK ST1CU1CC1 DA1525FT SLP168
CYAW,2020-08-10 18:00,-63.4994,44.6397,CYAW 101800Z 18008KT 15SM FEW006 FEW030 FEW200 26/19 A3003 RMK SF1CU1CC1 DA1570FT SLP167
CYAW,2020-08-10 19:00,-63.4994,44.6397,CYAW 101900Z 20015KT 15SM FEW006 FEW030TCU FEW120 24/19 A3002 RMK SF1TCU1AC1 DA1372FT SLP164
CYAW,2020-08-10 19:14,-63.4994,44.6397,CYAW 101914Z 22012G17KT 15SM FEW006 FEW030TCU FEW120 24/19 A3002 RMK SF1TCU1AC1 DA1396FT LAST OBS/NXT 111100 UTC SLP166
CYAW,2020-08-11 11:00,-63.4994,44.6397,CYAW 111100Z 18005KT 3/8SM FG VV001 18/18 A3005 RMK FG8 DA700FT FST OBS SLP176
CYAW,2020-08-11 12:00,-63.4994,44.6397,CYAW 111200Z 17006KT 1/2SM FG OVC003 19/18 A3006 RMK FG6ST2 DA727FT SLP179
CYAW,2020-08-11 12:19,-63.4994,44.6397,CYAW 111219Z 18006KT 3/8SM -DZ FG OVC003 19/19 A3005 RMK FG6ST2 DA767FT SLP177
CYAW,2020-08-11 12:51,-63.4994,44.6397,CYAW 111251Z 15006KT 3/4SM BR OVC003 19/19 A3005 RMK FG5ST3 DA753FT SLP176
CYAW,2020-08-11 13:00,-63.4994,44.6397,CYAW 111300Z 18008KT 1 1/2SM BR OVC003 19/19 A3005 RMK ST8 DA767FT SLP177
CYAW,2020-08-11 13:29,-63.4994,44.6397,CYAW 111329Z 19009KT 2 1/2SM BR BKN003 OVC008 20/19 A3005 RMK SF7ST1 DA908FT SLP177
CYAW,2020-08-11 13:38,-63.4994,44.6397,CYAW 111338Z 18007KT 3/4SM SHRA BR OVC003 20/19 A3006 RMK ST8 DA883FT SLP178
CYAW,2020-08-11 14:00,-63.4994,44.6397,CYAW 111400Z 18007KT 3/4SM -DZ BR OVC003 19/19 A3006 RMK SF8 DA823FT TCU EMBD SLP179
CYAW,2020-08-11 14:43,-63.4994,44.6397,CYAW 111443Z 18009KT 1 1/2SM -DZ BR BKN003 OVC008 21/20 A3006 RMK SF7ST1 DA973FT SLP179
CYAW,2020-08-11 15:00,-63.4994,44.6397,CYAW 111500Z 20007KT 1/2SM FG OVC003 20/20 A3006 RMK ST8 DA932FT SLP179
CYAW,2020-08-11 15:22,-63.4994,44.6397,CYAW 111522Z 18006KT 1 1/2SM BR OVC002 20/20 A3006 RMK ST8 DA957FT SLP178
CYAW,2020-08-11 15:43,-63.4994,44.6397,CYAW 111543Z 19007KT 1SM BR OVC001 21/20 A3005 RMK ST8 DA1007FT VIS VRB 3/4-1 1/4 SLP177
CYAW,2020-08-11 16:00,-63.4994,44.6397,CYAW 111600Z 20007KT 1SM -DZ BR OVC002 21/21 A3005 RMK ST8 DA1011FT VIS VRB 3/4-1 1/4 SLP175
CYAW,2020-08-11 16:12,-63.4994,44.6397,CYAW 111612Z 19008KT 1SM SHRA BR OVC001 20/20 A3005 RMK ST8 DA945FT VIS VRB 3/4-1 1/4 SLP177
CYAW,2020-08-11 16:27,-63.4994,44.6397,CYAW 111627Z 18008KT 1SM -SHRA BR OVC001 20/20 A3004 RMK ST8 DA915FT VIS VRB 3/4-1 1/4 SLP174
CYAW,2020-08-11 16:45,-63.4994,44.6397,CYAW 111645Z 18008KT 1/8SM FG VV001 20/20 A3005 RMK FG8 DA930FT SLP175
CYAW,2020-08-11 17:00,-63.4994,44.6397,CYAW 111700Z 18008KT 0SM FG VV000 20/20 A3005 RMK FG8 DA891FT SLP175
CYAW,2020-08-11 17:44,-63.4994,44.6397,CYAW 111744Z 18007KT 3/4SM BR VV001 20/20 A3004 RMK FG8 DA915FT SLP173
CYAW,2020-08-11 18:00,-63.4994,44.6397,CYAW 111800Z 18007KT 3/4SM BR VV001 20/20 A3003 RMK FG8 DA928FT SLP171
CYAW,2020-08-11 18:28,-63.4994,44.6397,CYAW 111828Z 18006KT 3/4SM BR VV001 19/19 A3003 RMK FG8 DA832FT VIS VRB 1/2-1 SLP169
CYAW,2020-08-11 19:00,-63.4994,44.6397,CYAW 111900Z 17007KT 3/4SM BR OVC001 19/19 A3003 RMK ST8 DA818FT VIS VRB 1/2-1 SLP168
CYAW,2020-08-11 19:35,-63.4994,44.6397,CYAW 111935Z 18008KT 1/2SM FG VV001 19/19 A3002 RMK FG8 DA830FT VIS VRB 3/8-3/4 SLP166
CYAW,2020-08-11 20:00,-63.4994,44.6397,CYAW 112000Z 17010KT 1/4SM FG VV000 19/19 A3002 RMK FG8 DA858FT VIS VRB 1/8-1/2 SLP165
CYAW,2020-08-11 20:25,-63.4994,44.6397,CYAW 112025Z 19008KT 3/4SM BR VV001 20/20 A3002 RMK FG8 DA964FT VIS VRB 1/2-1 SLP165
CYAW,2020-08-11 20:43,-63.4994,44.6397,CYAW 112043Z 19009G15KT 3SM BR OVC002 20/20 A3001 RMK ST8 DA1005FT VIS E-SW 1 SLP162
CYAW,2020-08-11 21:00,-63.4994,44.6397,CYAW 112100Z 19009KT 3/4SM BR OVC001 20/20 A3001 RMK ST8 DA989FT VIS VRB 1/2-1 SLP162
CYAW,2020-08-11 21:24,-63.4994,44.6397,CYAW 112124Z 20011KT 1/4SM FG VV001 20/20 A3001 RMK FG8 DA989FT SLP162
CYAW,2020-08-11 22:00,-63.4994,44.6397,CYAW 112200Z 20011KT 1/4SM FG VV001 20/20 A3001 RMK FG8 DA937FT VIS VRB 1/8-1/2 SLP162
CYAW,2020-08-11 22:24,-63.4994,44.6397,CYAW 112224Z 19008KT 1/8SM FG VV001 19/19 A3001 RMK FG8 DA856FT LAST OBS/NEXT 121100 UTC SLP161
CYAW,2020-08-12 11:00,-63.4994,44.6397,CYAW 121100Z 18004KT 0SM FG VV000 19/19 A3007 RMK FG8 DA707FT FST OBS SLP182
CYAW,2020-08-12 12:00,-63.4994,44.6397,CYAW 121200Z 18004KT 0SM FG VV000 19/19 A3007 RMK FG8 DA694FT SLP183
CYAW,2020-08-12 13:00,-63.4994,44.6397,CYAW 121300Z 18006KT 0SM FG VV000 19/19 A3007 RMK FG8 DA747FT SLP183
CYAW,2020-08-12 14:00,-63.4994,44.6397,CYAW 121400Z 17006KT 1/8SM FG VV001 19/19 A3006 RMK FG8 DA771FT SLP180
CYAW,2020-08-12 14:27,-63.4994,44.6397,CYAW 121427Z 18006KT 1/4SM FG VV001 20/20 A3006 RMK FG8 DA853FT SLP181
CYAW,2020-08-12 15:00,-63.4994,44.6397,CYAW 121500Z 18006KT 1/4SM FG VV001 20/20 A3006 RMK FG8 DA905FT SLP181
CYAW,2020-08-12 15:35,-63.4994,44.6397,CYAW 121535Z 18006KT 3/4SM -DZ BR VV002 20/20 A3006 RMK FG8 DA921FT VIS VRB 1/2-1 SLP181
CYAW,2020-08-12 16:00,-63.4994,44.6397,CYAW 121600Z 19008KT 3/4SM -DZ BR VV002 20/20 A3006 RMK FG8 DA961FT VIS VRB 1/2-1 SLP180
CYAW,2020-08-12 16:21,-63.4994,44.6397,CYAW 121621Z 20006KT 3SM BR BKN002 OVC004 21/21 A3006 RMK ST5ST3 DA1002FT VIS E-SW 1 SLP179
CYAW,2020-08-12 16:51,-63.4994,44.6397,CYAW 121651Z 19007KT 6SM BR SCT002 OVC004 21/21 A3006 RMK ST3ST5 DA1060FT VIS E-S 1 1/2 SLP178
CYAW,2020-08-12 17:00,-63.4994,44.6397,CYAW 121700Z 18007KT 6SM BR FEW002 OVC004 21/21 A3006 RMK ST2ST6 DA1044FT VIS E-S 1 1/2 SLP178
CYAW,2020-08-12 18:00,-63.4994,44.6397,CYAW 121800Z 19009KT 6SM BR BKN002 OVC004 22/21 A3005 RMK ST6ST2 DA1111FT VIS E-SW 1 1/2 SLP177
CYAW,2020-08-12 19:00,-63.4994,44.6397,CYAW 121900Z 20008KT 6SM BR BKN002 OVC004 22/21 A3004 RMK ST6ST2 DA1183FT VIS E-S 1 1/2 SLP173
CYAW,2020-08-12 19:35,-63.4994,44.6397,CYAW 121935Z 19010KT 6SM BR FEW002 OVC004 23/21 A3003 RMK ST2ST6 DA1258FT VIS E-S 1 1/2 SLP169
CYAW,2020-08-12 20:00,-63.4994,44.6397,CYAW 122000Z 19008KT 6SM BR FEW002 OVC004 22/21 A3002 RMK ST2ST6 DA1246FT VIS E-S 1 1/2 SLP167
CYAW,2020-08-12 20:21,-63.4994,44.6397,CYAW 122021Z 19009KT 3/4SM BR OVC001 21/21 A3002 RMK ST8 DA1074FT VIS NW-NE 6 SLP166
CYAW,2020-08-12 21:00,-63.4994,44.6397,CYAW 122100Z 19010KT 1/4SM FG VV001 20/20 A3002 RMK FG8 DA989FT SLP167
CYAW,2020-08-12 21:24,-63.4994,44.6397,CYAW 122124Z 18008KT 1/2SM FG OVC002 20/20 A3003 RMK FG6ST2 DA953FT VIS VRB 1/4-3/4 SLP169
CYAW,2020-08-12 22:00,-63.4994,44.6397,CYAW 122200Z 18007KT 1/2SM FG OVC002 20/20 A3003 RMK FG6ST2 DA912FT VIS VRB 1/4-3/4 SLP170
CYAW,2020-08-12 22:13,-63.4994,44.6397,CYAW 122213Z 18007KT 1 1/2SM BR OVC002 20/20 A3003 RMK ST8 DA953FT SLP168
CYAW,2020-08-12 22:34,-63.4994,44.6397,CYAW 122234Z 18006KT 2SM BR OVC002 20/20 A3002 RMK ST8 DA991FT SLP167
CYAW,2020-08-12 23:00,-63.4994,44.6397,CYAW 122300Z 19007KT 1SM BR OVC002 20/20 A3002 RMK ST8 DA1007FT SLP165
CYAW,2020-08-12 23:29,-63.4994,44.6397,CYAW 122329Z 21007KT 2 1/2SM BR OVC002 21/21 A3002 RMK ST8 DA1034FT SLP167
CYAW,2020-08-12 23:39,-63.4994,44.6397,CYAW 122339Z 20007KT 2 1/2SM BR OVC002 20/20 A3003 RMK ST8 DA995FT LAST OBS/NEXT 131100 UTC SLP168
CYAW,2020-08-13 11:00,-63.4994,44.6397,CYAW 131100Z 29003KT 2SM BR OVC004 19/19 A3005 RMK ST8 DA757FT FST OBS SLP175
CYAW,2020-08-13 12:00,-63.4994,44.6397,CYAW 131200Z 29006KT 3SM BR OVC004 20/20 A3005 RMK ST8 DA888FT SLP176
CYAW,2020-08-13 12:36,-63.4994,44.6397,CYAW 131236Z 27002KT 7SM SCT006 21/20 A3005 RMK SF4 DA1087FT SLP176
CYAW,2020-08-13 13:00,-63.4994,44.6397,CYAW 131300Z 23002KT 10SM FEW010 SCT250 22/20 A3005 RMK SF2CI1 DA1192FT SLP176
CYAW,2020-08-13 14:00,-63.4994,44.6397,CYAW 131400Z 26003KT 15SM FEW012 FEW250 25/21 A3006 RMK CF1CI1 DA1504FT VIS LWR S CUFRA TR SLP178
CYAW,2020-08-13 15:00,-63.4994,44.6397,CYAW 131500Z 16008KT 12SM FEW008 FEW020 FEW250 22/19 A3005 RMK SF1CU1CI1 DA1091FT VIS LWR S FG BANK S QUAD SLP176
CYAW,2020-08-13 16:00,-63.4994,44.6397,CYAW 131600Z 16007KT 12SM FEW008 FEW040 FEW250 24/20 A3003 RMK SF1CU1CI1 DA1422FT VIS LWR S SLP171
CYAW,2020-08-13 17:00,-63.4994,44.6397,CYAW 131700Z 15008KT 12SM FEW008 FEW040 FEW250 26/21 A3002 RMK SF1CU1CI1 DA1635FT SLP167
CYAW,2020-08-13 18:00,-63.4994,44.6397,CYAW 131800Z 17007KT 12SM FEW050 SCT250 26/20 A3002 RMK CU1CI3 DA1621FT SLP165
CYAW,2020-08-13 19:00,-63.4994,44.6397,CYAW 131900Z 17005KT 12SM FEW060 BKN250 25/20 A3002 RMK CU1CI6 DA1542FT SLP165
CYAW,2020-08-13 20:00,-63.4994,44.6397,CYAW 132000Z 20007KT 15SM FEW060 FEW080 BKN250 27/19 A3002 RMK CU1AC1CI7 DA1783FT CC ASOCTD SLP165
CYAW,2020-08-13 21:00,-63.4994,44.6397,CYAW 132100Z 20004KT 15SM FEW060 FEW080 BKN250 27/18 A3003 RMK CU1AC1CI7 DA1671FT SLP168
CYAW,2020-08-13 21:34,-63.4994,44.6397,CYAW 132134Z 21005KT 15SM FEW060 OVC250 26/17 A3002 RMK SC1CI8 DA1625FT LAST OBS/NXT 141000 UTC SLP167
CYAW,2020-08-14 10:00,-63.4994,44.6397,CYAW 141000Z 00000KT 15SM FEW008 FEW160 FEW250 17/16 A3001 RMK SF1AC2CI1 DA520FT FST OBS SLP163
CYAW,2020-08-14 11:00,-63.4994,44.6397,CYAW 141100Z 31003KT 15SM FEW160 BKN250 21/17 A3002 RMK AC1CI6 DA965FT SLP166
CYAW,2020-08-14 12:00,-63.4994,44.6397,CYAW 141200Z 33004KT 15SM FEW010 FEW160 BKN250 23/17 A3003 RMK SF1AC1CI7 DA1246FT SLP171
CYAW,2020-08-14 13:00,-63.4994,44.6397,CYAW 141300Z 01003KT 15SM FEW010 FEW160 BKN250 24/17 A3003 RMK SF1AC1CI5 DA1358FT ACC ASOCTD S SLP170
CYAW,2020-08-14 14:00,-63.4994,44.6397,CYAW 141400Z 36002KT 15SM FEW160 FEW250 25/17 A3003 RMK AC1CI2 DA1518FT SLP171
CYAW,2020-08-14 15:00,-63.4994,44.6397,CYAW 141500Z 14004KT 15SM FEW025 FEW160 BKN230 24/19 A3003 RMK CU1AC1CI6 DA1427FT CC ASOCTD SLP171
CYAW,2020-08-14 15:20,-63.4994,44.6397,CYAW 141520Z 18009KT 15SM FEW025 FEW160 BKN230 24/18 A3003 RMK CU1AC2CI3 DA1396FT LAST OBS/NXT 171000 UTC SLP170
CYAW,2020-08-17 11:00,-63.4994,44.6397,CYAW 171100Z 06004KT 8SM -SHRA FEW006 BKN060 OVC075 16/15 A2997 RMK SF2SC3AC3 DA430FT SLP149
CYAW,2020-08-17 12:00,-63.4994,44.6397,CYAW 171200Z 05007KT 10SM -SHRA FEW006 OVC065 16/15 A2996 RMK SF1SC7 DA488FT PCPN VRY LGT SLP145
CYAW,2020-08-17 12:47,-63.4994,44.6397,CYAW 171247Z 05005KT 6SM -SHRA BR SCT055 OVC068 16/15 A2997 RMK SC3AC5 DA424FT SLP150
CYAW,2020-08-17 13:00,-63.4994,44.6397,CYAW 171300Z 05005KT 6SM -SHRA BR SCT040 OVC072 16/15 A2997 RMK SC3AC5 DA413FT SLP150
CYAW,2020-08-17 14:00,-63.4994,44.6397,CYAW 171400Z 04010KT 12SM -SHRA FEW020 OVC062 16/15 A2993 RMK CU1SC8 DA482FT PCPN VRY LGT SLP135
CYAW,2020-08-17 14:08,-63.4994,44.6397,CYAW 171408Z 05008G15KT 15SM FEW006 FEW020 OVC057 16/15 A2993 RMK SF1CU1SC7 DA483FT CU TR SLP136
CYAW,2020-08-17 15:00,-63.4994,44.6397,CYAW 171500Z 03010G15KT 15SM FEW020 OVC054 16/15 A2991 RMK CU1SC7 DA555FT SLP128
CYAW,2020-08-17 15:30,-63.4994,44.6397,CYAW 171530Z 04010KT 8SM -SHRA FEW012 OVC042 16/15 A2990 RMK SC2SC6 DA579FT SLP126
CYAW,2020-08-17 16:00,-63.4994,44.6397,CYAW 171600Z 04008G15KT 12SM -SHRA SCT012 OVC037 16/15 A2989 RMK SC3SC5 DA603FT PCPN VRY LGT SLP121
CYAW,2020-08-17 16:10,-63.4994,44.6397,CYAW 171610Z 04007KT 12SM SCT012 OVC038 17/15 A2989 RMK SC3SC5 DA615FT SLP123
CYAW,2020-08-17 16:20,-63.4994,44.6397,CYAW 171620Z 04011KT 6SM -SHRA BR FEW013 OVC034 16/15 A2988 RMK SC2SC6 DA613FT SLP119
CYAW,2020-08-17 16:51,-63.4994,44.6397,CYAW 171651Z 04012G18KT 3SM -SHRA BR OVC038 16/15 A2988 RMK SC8 DA579FT SLP118
CYAW,2020-08-17 17:00,-63.4994,44.6397,CYAW 171700Z 04012G18KT 3SM -SHRA BR OVC036 16/15 A2987 RMK SC8 DA590FT VIS VRB 2 1/4-4 SLP116
CYAW,2020-08-17 18:00,-63.4994,44.6397,CYAW 171800Z 04014G24KT 3SM -SHRA BR BKN026 OVC033 16/15 A2984 RMK SC6SC2 DA545FT VIS VRB 2 1/4-4 LAST OBS/NEXT 181100 UTC SLP105
CYAW,2020-08-18 11:00,-63.4994,44.6397,CYAW 181100Z 33011G16KT 15SM SCT042 16/15 A2972 RMK SC4 DA743FT FST OBS SLP066
CYAW,2020-08-18 12:00,-63.4994,44.6397,CYAW 181200Z 33010KT 15SM FEW020 BKN039 18/15 A2973 RMK SC1SC4 DA969FT SLP069
CYAW,2020-08-18 13:00,-63.4994,44.6397,CYAW 181300Z 33012G18KT 15SM FEW018 BKN045 BKN250 18/15 A2975 RMK CU2SC4CI1 DA994FT CI TR SLP074
CYAW,2020-08-18 14:00,-63.4994,44.6397,CYAW 181400Z 33015KT 15SM FEW018 SCT037 SCT250 20/15 A2974 RMK SC1CU2CI1 DA1185FT SLP071
CYAW,2020-08-18 15:00,-63.4994,44.6397,CYAW 181500Z 32013G19KT 15SM FEW025 FEW038 SCT250 21/16 A2974 RMK SC1CU2CI1 DA1362FT SLP070
CYAW,2020-08-18 16:00,-63.4994,44.6397,CYAW 181600Z 30015KT 15SM SCT035 SCT250 22/14 A2975 RMK CU4CI1 DA1395FT SLP073
CYAW,2020-08-18 17:00,-63.4994,44.6397,CYAW 181700Z 29010G16KT 15SM FEW035 FEW250 23/15 A2974 RMK CU2CI1 DA1543FT SLP069
CYAW,2020-08-18 18:00,-63.4994,44.6397,CYAW 181800Z 31012G19KT 15SM FEW035 FEW250 24/14 A2974 RMK CU1CI1 DA1616FT LAST OBS/NEXT 191100 UTC SLP071
CYAW,2020-08-19 11:00,-63.4994,44.6397,CYAW 191100Z 21007KT 15SM FEW005 FEW013 FEW250 17/17 A2986 RMK SF1SC2CI1 DA752FT FST OBS SF TR CI TR SLP113
CYAW,2020-08-19 11:12,-63.4994,44.6397,CYAW 191112Z 23006KT 15SM FEW005 BKN013 17/17 A2987 RMK SF2SC3 DA739FT SLP114
CYAW,2020-08-19 11:29,-63.4994,44.6397,CYAW 191129Z 20007KT 15SM BKN006 BKN013 18/17 A2987 RMK SF5SC2 DA776FT SLP116
CYAW,2020-08-19 12:00,-63.4994,44.6397,CYAW 191200Z 21007KT 15SM BKN009 BKN014 18/17 A2987 RMK SF5SC2 DA873FT SLP117
CYAW,2020-08-19 12:33,-63.4994,44.6397,CYAW 191233Z 20004KT 15SM FEW010 BKN021 19/17 A2988 RMK SF2SC2 DA945FT SLP118
CYAW,2020-08-19 12:52,-63.4994,44.6397,CYAW 191252Z 19006KT 15SM FEW010 SCT030 20/17 A2988 RMK SF2SC2 DA1005FT SLP119
CYAW,2020-08-19 13:00,-63.4994,44.6397,CYAW 191300Z 20008KT 15SM FEW010 SCT028 20/17 A2988 RMK SF2SC2 DA1014FT SLP119
CYAW,2020-08-19 14:00,-63.4994,44.6397,CYAW 191400Z 16009KT 15SM FEW030 FEW250 20/17 A2987 RMK SC2CI1 DA1113FT SLP117
CYAW,2020-08-19 15:00,-63.4994,44.6397,CYAW 191500Z 18008KT 15SM FEW042 FEW250 20/18 A2987 RMK SC2CI1 DA1132FT SLP116
CYAW,2020-08-19 15:47,-63.4994,44.6397,CYAW 191547Z 18013KT 15SM BKN009 BKN036 20/17 A2987 RMK SF5SC1 DA1055FT SLP116
CYAW,2020-08-19 16:00,-63.4994,44.6397,CYAW 191600Z 20009KT 15SM BKN009 BKN032 20/17 A2987 RMK SF5SC1 DA1017FT SLP117
CYAW,2020-08-19 16:50,-63.4994,44.6397,CYAW 191650Z 16008KT 15SM SCT009 BKN033 BKN250 20/17 A2986 RMK SF3SC2CI1 DA1041FT SLP113
CYAW,2020-08-19 17:00,-63.4994,44.6397,CYAW 191700Z 18008KT 15SM FEW009 SCT030 SCT250 21/18 A2986 RMK SF2SC2CI1 DA1152FT SLP112
CYAW,2020-08-19 18:00,-63.4994,44.6397,CYAW 191800Z 16013KT 15SM FEW009 FEW030 SCT250 21/18 A2985 RMK SF1CU2CI2 DA1217FT LAST OBS/NEXT 211000 UTC SLP108
CYAW,2020-08-21 10:00,-63.4994,44.6397,CYAW 211000Z 00000KT 15SM BKN140 13/12 A2992 RMK AC5 DA165FT FST OBS SLP134
CYAW,2020-08-21 11:00,-63.4994,44.6397,CYAW 211100Z 27005KT 15SM FEW140 15/12 A2992 RMK AC2 DA395FT SLP134
CYAW,2020-08-21 12:00,-63.4994,44.6397,CYAW 211200Z 26006KT 15SM FEW140 18/12 A2992 RMK AC1 DA720FT SLP133
CYAW,2020-08-21 13:00,-63.4994,44.6397,CYAW 211300Z 25005KT 15SM FEW140 21/12 A2992 RMK AC1 DA1046FT SLP132
CYAW,2020-08-21 14:00,-63.4994,44.6397,CYAW 211400Z 25009KT 15SM FEW085 23/12 A2992 RMK AC1 DA1279FT SLP131
CYAW,2020-08-21 15:00,-63.4994,44.6397,CYAW 211500Z 21010KT 15SM FEW045 FEW075 FEW150 23/13 A2990 RMK CU1AC1AC1 DA1329FT SLP125
CYAW,2020-08-21 16:00,-63.4994,44.6397,CYAW 211600Z 22013KT 15SM FEW045 SCT070 BKN150 23/13 A2989 RMK CU1AC4AC2 DA1301FT SLP122
CYAW,2020-08-21 17:00,-63.4994,44.6397,CYAW 211700Z 22010G17KT 15SM FEW045 BKN070 BKN160 22/14 A2988 RMK CU1AC7AC1 DA1295FT SLP118
CYAW,2020-08-21 18:00,-63.4994,44.6397,CYAW 211800Z 21014KT 15SM FEW045 BKN075 BKN160 24/12 A2986 RMK CU1AC6AC1 DA1429FT SLP112
CYAW,2020-08-21 19:00,-63.4994,44.6397,CYAW 211900Z 21007KT 15SM FEW015 BKN130 22/14 A2985 RMK CF1AC7 DA1243FT CUFRA TR SLP109
CYAW,2020-08-21 19:13,-63.4994,44.6397,CYAW 211913Z 21010KT 15SM FEW015 BKN120 BKN250 21/15 A2985 RMK CF1AC7CI1 DA1227FT CUFRA TR LAST OBS/NXT 241000 UTC SLP108
CYAW,2020-08-24 10:00,-63.4994,44.6397,CYAW 241000Z 28002KT 15SM FEW120 BKN220 17/16 A2999 RMK AC2CC4 DA612FT FST OBS SLP155
CYAW,2020-08-24 11:00,-63.4994,44.6397,CYAW 241100Z 30006KT 15SM FEW120 BKN220 19/16 A3000 RMK AC1CC4 DA817FT SLP159
CYAW,2020-08-24 12:00,-63.4994,44.6397,CYAW 241200Z 32005KT 15SM SCT080 BKN200 21/16 A2999 RMK AC4CC2 DA993FT SLP157
CYAW,2020-08-24 13:00,-63.4994,44.6397,CYAW 241300Z 00000KT 15SM BKN060 BKN080 23/16 A2999 RMK SC5AC2 DA1217FT SLP156
CYAW,2020-08-24 14:00,-63.4994,44.6397,CYAW 241400Z 33002KT 15SM SCT050 BKN070 22/16 A3000 RMK SC4AC1 DA1184FT SLP158
CYAW,2020-08-24 15:00,-63.4994,44.6397,CYAW 241500Z 22004KT 15SM FEW050 SCT070 SCT250 24/15 A2999 RMK SC2AC2CI1 DA1408FT SLP155
CYAW,2020-08-24 16:00,-63.4994,44.6397,CYAW 241600Z 22005KT 15SM FEW060 BKN080 BKN250 26/15 A2998 RMK SC2AC3CI1 DA1656FT SLP152
CYAW,2020-08-24 17:00,-63.4994,44.6397,CYAW 241700Z 18009KT 15SM FEW060 SCT220 25/18 A2997 RMK CU2CI2 DA1557FT SLP149
CYAW,2020-08-24 18:00,-63.4994,44.6397,CYAW 241800Z 18011KT 15SM FEW120 BKN250 25/17 A2996 RMK AC2CI2 DA1525FT SLP145
CYAW,2020-08-24 19:00,-63.4994,44.6397,CYAW 241900Z 17009KT 15SM FEW130 BKN250 24/17 A2996 RMK AC2CI2 DA1471FT SLP145
CYAW,2020-08-24 20:00,-63.4994,44.6397,CYAW 242000Z 18009KT 15SM FEW060 FEW120 BKN220 24/18 A2995 RMK CU1AC2CI4 DA1453FT CU TR SLP143
CYAW,2020-08-24 21:00,-63.4994,44.6397,CYAW 242100Z 19008KT 15SM FEW060 FEW140 BKN220 23/17 A2995 RMK CU1AC2CI4 DA1358FT CU TR SLP143
CYAW,2020-08-24 22:00,-63.4994,44.6397,CYAW 242200Z 20005KT 15SM BKN140 BKN220 22/18 A2995 RMK AC5CI2 DA1256FT SLP143
CYAW,2020-08-24 23:00,-63.4994,44.6397,CYAW 242300Z 20005KT 15SM FEW060 BKN090 BKN220 22/17 A2995 RMK SC1AC6CI1 DA1177FT SC TR SLP143
CYAW,2020-08-25 00:00,-63.4994,44.6397,CYAW 250000Z 23005KT 15SM BKN080 21/17 A2995 RMK AC6 DA1078FT SLP142
CYAW,2020-08-25 01:00,-63.4994,44.6397,CYAW 250100Z 19002KT 15SM SCT080 BKN150 20/17 A2995 RMK AC3AC4 DA937FT SLP142
CYAW,2020-08-25 01:27,-63.4994,44.6397,CYAW 250127Z 00000KT 15SM SCT080 BKN130 19/17 A2995 RMK AC3AC4 DA833FT LAST OBS/NEXT 250900 UTC SLP140
CYAW,2020-08-25 09:00,-63.4994,44.6397,CYAW 250900Z 17006KT 1/4SM FG VV001 18/18 A2986 RMK FG8 DA852FT VIS VRB 1/8-3/8 FST OBS SLP110
CYAW,2020-08-25 10:00,-63.4994,44.6397,CYAW 251000Z CCA 18004KT 3/8SM FG VV002 18/18 A2984 RMK FG8 DA875FT VIS VRB 1/4-1/2 SLP106
CYAW,2020-08-25 10:34,-63.4994,44.6397,CYAW 251034Z 21004KT 2SM BR OVC002 18/18 A2984 RMK ST8 DA890FT SLP104
CYAW,2020-08-25 11:00,-63.4994,44.6397,CYAW 251100Z 22005KT 3SM BR OVC004 18/18 A2982 RMK ST8 DA952FT VIS LWR N SLP099
CYAW,2020-08-25 11:37,-63.4994,44.6397,CYAW 251137Z 19005KT 2SM BR OVC002 19/19 A2983 RMK ST8 DA1009FT SLP100
CYAW,2020-08-25 11:50,-63.4994,44.6397,CYAW 251150Z 18007KT 3/4SM BR OVC002 19/19 A2982 RMK ST8 DA980FT SLP098
CYAW,2020-08-25 12:00,-63.4994,44.6397,CYAW 251200Z 19006KT 1/4SM -DZ FG VV002 19/19 A2982 RMK FG8 DA1007FT SLP098
CYAW,2020-08-25 12:14,-63.4994,44.6397,CYAW 251214Z 19007KT 3/4SM -DZ BR OVC002 19/19 A2982 RMK ST8 DA1005FT SLP096
CYAW,2020-08-25 13:00,-63.4994,44.6397,CYAW 251300Z 18008KT 3/4SM -DZ BR OVC001 19/19 A2981 RMK ST8 DA1045FT SLP094
CYAW,2020-08-25 13:34,-63.4994,44.6397,CYAW 251334Z 18007KT 3/4SM BR OVC001 19/19 A2980 RMK ST8 DA1095FT SLP090
CYAW,2020-08-25 13:47,-63.4994,44.6397,CYAW 251347Z 18008KT 1/4SM FG VV001 19/19 A2979 RMK FG8 DA1122FT SLP089
CYAW,2020-08-25 14:00,-63.4994,44.6397,CYAW 251400Z 19006KT 1/4SM FG VV001 19/19 A2979 RMK FG8 DA1109FT SLP088
CYAW,2020-08-25 14:17,-63.4994,44.6397,CYAW 251417Z 18008KT 1/8SM FG VV000 19/19 A2979 RMK FG8 DA1134FT SLP087
CYAW,2020-08-25 14:36,-63.4994,44.6397,CYAW 251436Z 19011KT 1/4SM FG VV001 19/19 A2978 RMK FG8 DA1147FT SLP083
CYAW,2020-08-25 15:00,-63.4994,44.6397,CYAW 251500Z 19010KT 3/4SM BR OVC001 20/20 A2976 RMK ST8 DA1209FT VIS LWR N SLP077
CYAW,2020-08-25 15:30,-63.4994,44.6397,CYAW 251530Z 18009KT 1 1/2SM BR OVC001 20/20 A2975 RMK ST8 DA1232FT SLP074
CYAW,2020-08-25 16:00,-63.4994,44.6397,CYAW 251600Z 18009KT 3/4SM BR OVC002 20/20 A2973 RMK ST8 DA1255FT VIS VRB 1/2-1 SLP068
CYAW,2020-08-25 17:00,-63.4994,44.6397,CYAW 251700Z 20013KT 1/4SM -DZ FG VV001 20/20 A2971 RMK FG8 DA1266FT VIS VRB 1/8-3/8 SLP061
CYAW,2020-08-25 17:19,-63.4994,44.6397,CYAW 251719Z 18011KT 3/4SM -DZ BR OVC001 20/20 A2970 RMK ST8 DA1289FT VIS VRB 1/2-1 SLP057
CYAW,2020-08-25 17:53,-63.4994,44.6397,CYAW 251753Z 18012KT 3SM -DZ BR OVC004 20/20 A2968 RMK ST8 DA1341FT VIS VRB 2 1/4-4 PCPN VRY LGT SLP050
CYAW,2020-08-25 18:00,-63.4994,44.6397,CYAW 251800Z 18012G17KT 3SM -DZ BR OVC004 20/20 A2968 RMK ST8 DA1339FT VIS VRB 2 1/4-4 SLP049
CYAW,2020-08-25 18:08,-63.4994,44.6397,CYAW 251808Z 18012KT 1 1/2SM -SHRA BR OVC004 20/20 A2967 RMK ST8 DA1351FT SLP048
CYAW,2020-08-25 18:39,-63.4994,44.6397,CYAW 251839Z 18010KT 4SM -DZ BR OVC004 20/20 A2966 RMK ST8 DA1351FT SLP045
CYAW,2020-08-25 18:53,-63.4994,44.6397,CYAW 251853Z 18009KT 6SM BR OVC005 20/20 A2966 RMK ST8 DA1376FT SLP042
CYAW,2020-08-25 19:00,-63.4994,44.6397,CYAW 251900Z 18009G17KT 6SM BR OVC005 20/20 A2965 RMK ST8 DA1401FT SLP041
CYAW,2020-08-25 19:20,-63.4994,44.6397,CYAW 251920Z 18009KT 5SM BR OVC003 20/20 A2964 RMK SF8 DA1399FT SLP036
CYAW,2020-08-25 19:31,-63.4994,44.6397,CYAW 251931Z 19011KT 1 1/2SM -DZ BR OVC002 20/20 A2963 RMK SF8 DA1397FT SLP034
CYAW,2020-08-25 19:51,-63.4994,44.6397,CYAW 251951Z 18011G17KT 2SM BR OVC002 20/20 A2963 RMK SF8 DA1399FT VIS VRB 1-3 SLP032
CYAW,2020-08-25 20:00,-63.4994,44.6397,CYAW 252000Z 19010G16KT 2SM -DZ BR OVC002 20/20 A2963 RMK SF8 DA1397FT VIS VRB 1-3 SLP033
CYAW,2020-08-25 20:35,-63.4994,44.6397,CYAW 252035Z 18008KT 1SM -DZ BR OVC001 20/20 A2962 RMK ST8 DA1410FT VIS VRB 3/4-1 1/2 SLP030
CYAW,2020-08-25 21:00,-63.4994,44.6397,CYAW 252100Z 20012KT 1 1/2SM -DZ BR OVC002 20/20 A2962 RMK ST8 DA1410FT LAST OBS/NXT 260800 UTC SLP029
CYAW,2020-08-26 08:00,-63.4994,44.6397,CYAW 260800Z 30012KT 12SM BKN015 18/17 A2944 RMK SC6 DA1311FT FST OBS SLP971
CYAW,2020-08-26 09:00,-63.4994,44.6397,CYAW 260900Z 31014KT 12SM BKN020 17/16 A2946 RMK SC7 DA1232FT CIG VRB 15-25 SLP977
CYAW,2020-08-26 10:00,-63.4994,44.6397,CYAW 261000Z 30014KT 15SM BKN025 BKN070 17/15 A2949 RMK SC5AC1 DA1085FT SLP987
CYAW,2020-08-26 11:00,-63.4994,44.6397,CYAW 261100Z 30016KT 15SM FEW018 BKN025 BKN070 16/14 A2952 RMK CF1SC5AC1 DA962FT SLP996
CYAW,2020-08-26 12:00,-63.4994,44.6397,CYAW 261200Z 31019G25KT 15SM BKN025 16/12 A2953 RMK SC6 DA909FT SLP000
CYAW,2020-08-26 13:00,-63.4994,44.6397,CYAW 261300Z 31018KT 15SM SCT028 16/11 A2955 RMK SC4 DA895FT SLP005
CYAW,2020-08-26 14:00,-63.4994,44.6397,CYAW 261400Z 30017KT 15SM SCT030 17/10 A2956 RMK SC3 DA1038FT SLP011
CYAW,2020-08-26 15:00,-63.4994,44.6397,CYAW 261500Z 29018G24KT 15SM SCT030 18/10 A2956 RMK SC3 DA1125FT SLP011
CYAW,2020-08-26 16:00,-63.4994,44.6397,CYAW 261600Z 29019KT 15SM FEW038 19/09 A2956 RMK SC2 DA1237FT SLP010
CYAW,2020-08-26 17:00,-63.4994,44.6397,CYAW 261700Z 28013G22KT 15SM FEW040 19/08 A2956 RMK SC2 DA1249FT SLP009
CYAW,2020-08-26 18:00,-63.4994,44.6397,CYAW 261800Z 29017G22KT 15SM FEW040 20/09 A2955 RMK SC2 DA1324FT SLP007
CYAW,2020-08-26 19:00,-63.4994,44.6397,CYAW 261900Z 27017G22KT 15SM FEW040 21/06 A2955 RMK SC1 DA1369FT SLP005
CYAW,2020-08-26 20:00,-63.4994,44.6397,CYAW 262000Z 30016KT 15SM FEW040 20/06 A2955 RMK SC1 DA1296FT SLP007
CYAW,2020-08-26 21:00,-63.4994,44.6397,CYAW 262100Z 30020KT 15SM FEW040 19/04 A2956 RMK SC1 DA1145FT SLP010
CYAW,2020-08-26 22:00,-63.4994,44.6397,CYAW 262200Z 27017G24KT 15SM FEW050 18/03 A2957 RMK SC2 DA1083FT CU ASOCTD SLP014
CYAW,2020-08-26 23:00,-63.4994,44.6397,CYAW 262300Z 27012KT 15SM SCT070 17/04 A2959 RMK AC3 DA903FT SLP021
CYAW,2020-08-27 00:00,-63.4994,44.6397,CYAW 270000Z 25009KT 15SM BKN089 17/06 A2960 RMK AC6 DA871FT LAST OBS/NEXT 270800 UTC SLP024
CYAW,2020-08-27 10:00,-63.4994,44.6397,CYAW 271000Z 25012G21KT 15SM FEW030 FEW080 12/05 A2958 RMK SC1AC1 DA315FT FST OBS SLP017
CYAW,2020-08-27 11:00,-63.4994,44.6397,CYAW 271100Z 25013G20KT 15SM FEW030 FEW080 13/05 A2958 RMK CU1AC1 DA400FT SLP018
CYAW,2020-08-27 12:00,-63.4994,44.6397,CYAW 271200Z 26013G24KT 15SM FEW030 FEW080 14/05 A2958 RMK SC1AC1 DA553FT SLP015
CYAW,2020-08-27 13:00,-63.4994,44.6397,CYAW 271300Z 26013G25KT 15SM FEW030 FEW080 15/05 A2957 RMK SC1AC1 DA695FT SLP013
CYAW,2020-08-27 14:00,-63.4994,44.6397,CYAW 271400Z 25010G19KT 15SM FEW040 FEW240 16/06 A2956 RMK CU1CI1 DA855FT SLP011
CYAW,2020-08-27 15:00,-63.4994,44.6397,CYAW 271500Z 25021G28KT 15SM FEW052 FEW240 18/05 A2954 RMK CU1CI1 DA1091FT SLP004
CYAW,2020-08-27 16:00,-63.4994,44.6397,CYAW 271600Z 25017G26KT 15SM FEW045 FEW250 19/05 A2953 RMK CF1CI1 DA1175FT CUFRA TR SLP000
CYAW,2020-08-27 17:00,-63.4994,44.6397,CYAW 271700Z 26017G24KT 15SM FEW045 FEW250 20/06 A2952 RMK CF1CI1 DA1320FT CUFRA TR SLP995
CYAW,2020-08-27 18:00,-63.4994,44.6397,CYAW 271800Z 25016G21KT 15SM FEW045 SCT250 20/06 A2949 RMK CF1CI4 DA1343FT CUFRA TR SLP987
CYAW,2020-08-27 19:00,-63.4994,44.6397,CYAW 271900Z 25015G20KT 15SM FEW050 FEW180 FEW250 21/06 A2948 RMK CU1AC1CI2 DA1521FT SLP983
CYAW,2020-08-27 20:00,-63.4994,44.6397,CYAW 272000Z 25016G22KT 15SM FEW050 FEW180 FEW250 21/06 A2949 RMK CU1AC1CI1 DA1531FT SLP985
CYAW,2020-08-27 21:00,-63.4994,44.6397,CYAW 272100Z 27013G24KT 15SM FEW050 FEW210 21/06 A2951 RMK CU1CI1 DA1448FT SLP993
CYAW,2020-08-27 22:00,-63.4994,44.6397,CYAW 272200Z 29015KT 15SM FEW050 FEW250 20/06 A2953 RMK SC1CI2 DA1273FT SLP001
CYAW,2020-08-27 23:00,-63.4994,44.6397,CYAW 272300Z 26011KT 15SM FEW050 FEW170 18/06 A2956 RMK SC1AC1 DA1093FT SLP009
CYAW,2020-08-28 00:00,-63.4994,44.6397,CYAW 280000Z 27006KT 15SM FEW050 FEW170 17/07 A2958 RMK SC1AC1 DA922FT SLP016
CYAW,2020-08-28 00:22,-63.4994,44.6397,CYAW 280022Z 25006KT 15SM FEW060 FEW170 16/07 A2959 RMK SC1AC1 DA784FT LAST OBS/NEXT 281000 UTC SLP019
CYAW,2020-08-28 10:00,-63.4994,44.6397,CYAW 281000Z 27009KT 15SM FEW070 13/08 A2964 RMK AC1 DA348FT FST OBS SLP036
CYAW,2020-08-28 11:00,-63.4994,44.6397,CYAW 281100Z 27006KT 15SM FEW070 14/08 A2966 RMK AC1 DA511FT SLP045
CYAW,2020-08-28 12:00,-63.4994,44.6397,CYAW 281200Z 27006KT 15SM FEW070 16/08 A2966 RMK AC1 DA724FT SLP044
CYAW,2020-08-28 13:00,-63.4994,44.6397,CYAW 281300Z 26007KT 15SM FEW070 18/09 A2966 RMK AC1 DA929FT SLP043
CYAW,2020-08-28 14:00,-63.4994,44.6397,CYAW 281400Z 28013G18KT 15SM FEW070 FEW250 19/07 A2965 RMK AC1CI1 DA1139FT AC TR CI TR SLP042
CYAW,2020-08-28 15:00,-63.4994,44.6397,CYAW 281500Z 28013G20KT 15SM FEW040 FEW250 21/07 A2964 RMK CU1CI1 DA1336FT CU TR SLP038
CYAW,2020-08-28 16:00,-63.4994,44.6397,CYAW 281600Z 29014G21KT 15SM FEW040 FEW250 22/08 A2963 RMK CU1CI1 DA1466FT CU TR SLP034
CYAW,2020-08-28 17:00,-63.4994,44.6397,CYAW 281700Z 26021KT 15SM FEW040 FEW250 23/07 A2962 RMK CU1CI1 DA1564FT CU TR SLP030
CYAW,2020-08-28 18:00,-63.4994,44.6397,CYAW 281800Z 25014G20KT 15SM FEW040 SCT250 24/06 A2962 RMK CU1CI3 DA1639FT SLP030
CYAW,2020-08-28 19:00,-63.4994,44.6397,CYAW 281900Z 24013G22KT 15SM FEW045 BKN250 24/07 A2961 RMK CF1CI6 DA1701FT CUFRA TR SLP026
CYAW,2020-08-28 20:00,-63.4994,44.6397,CYAW 282000Z 19011G18KT 15SM FEW040 FEW250 22/12 A2960 RMK CF1CI1 DA1485FT CUFRA TR SLP024
CYAW,2020-08-28 21:00,-63.4994,44.6397,CYAW 282100Z 26014G21KT 15SM FEW160 23/05 A2961 RMK AC1 DA1581FT SLP028
CYAW,2020-08-28 22:00,-63.4994,44.6397,CYAW 282200Z 30014KT 15SM FEW050 FEW160 21/06 A2963 RMK CU1AC1 DA1362FT SLP035
CYAW,2020-08-28 23:00,-63.4994,44.6397,CYAW 282300Z 29012G17KT 15SM FEW060 FEW250 20/07 A2967 RMK SC1CI1 DA1146FT SLP047
CYAW,2020-08-29 00:00,-63.4994,44.6397,CYAW 290000Z 26004KT 15SM FEW060 18/08 A2969 RMK SC1 DA945FT SLP055
CYAW,2020-08-29 00:30,-63.4994,44.6397,CYAW 290030Z 27009KT 15SM FEW060 18/08 A2970 RMK SC1 DA960FT LAST OBS/NXT 311000 UTC SLP058
CYAW,2020-08-31 10:00,-63.4994,44.6397,CYAW 311000Z 30012KT 15SM BKN024 13/11 A2983 RMK SC7 DA264FT CU ASOCTD FST OBS SLP103
CYAW,2020-08-31 11:00,-63.4994,44.6397,CYAW 311100Z 32008KT 15SM FEW017 BKN024 14/11 A2987 RMK SC1SC7 DA243FT CU ASOCTD SLP114
CYAW,2020-08-31 12:00,-63.4994,44.6397,CYAW 311200Z 31015G21KT 15SM BKN016 BKN028 15/10 A2990 RMK SC6SC1 DA324FT SLP124
CYAW,2020-08-31 13:00,-63.4994,44.6397,CYAW 311300Z 31016KT 15SM BKN025 BKN030 14/10 A2992 RMK SC7SC1 DA253FT CU ASOCTD SLP133
CYAW,2020-08-31 13:17,-63.4994,44.6397,CYAW 311317Z 30015G25KT 10SM -SHRA BKN020 13/11 A2993 RMK CU7 DA148FT SLP137
CYAW,2020-08-31 14:00,-63.4994,44.6397,CYAW 311400Z 30016KT 12SM FEW018 BKN035 14/10 A2994 RMK SC2SC5 DA181FT CU ASOCTD SLP140
CYAW,2020-08-31 15:00,-63.4994,44.6397,CYAW 311500Z 31015KT 15SM BKN025 15/09 A2996 RMK SC7 DA281FT CU ASOCTD SLP146
CYAW,2020-08-31 16:00,-63.4994,44.6397,CYAW 311600Z 32012G17KT 15SM BKN039 BKN250 16/08 A2996 RMK CU6CI1 DA356FT SLP145
CYAW,2020-08-31 17:00,-63.4994,44.6397,CYAW 311700Z 29013G19KT 15SM BKN040 BKN250 18/08 A2997 RMK SC6CI1 DA591FT CU ASOCTD SLP150
CYAW,2020-08-31 18:00,-63.4994,44.6397,CYAW 311800Z 32008G19KT 15SM BKN043 BKN250 18/08 A2999 RMK SC5CI1 DA555FT CU ASOCTD SLP156
CYAW,2020-08-31 19:00,-63.4994,44.6397,CYAW 311900Z 31013KT 15SM BKN044 BKN250 19/08 A3001 RMK SC5CI1 DA638FT CU ASOCTD SLP162
CYAW,2020-08-31 20:00,-63.4994,44.6397,CYAW 312000Z 28012KT 15SM BKN048 BKN250 19/08 A3002 RMK SC5CI1 DA693FT SLP167
CYAW,2020-08-31 21:00,-63.4994,44.6397,CYAW 312100Z 33010KT 15SM FEW048 FEW250 18/07 A3004 RMK SC2CI1 DA562FT SLP174
CYAW,2020-08-31 22:00,-63.4994,44.6397,CYAW 312200Z 31006KT 15SM FEW050 FEW250 17/08 A3006 RMK SC1CI1 DA437FT SC TR SLP180
CYAW,2020-08-31 23:00,-63.4994,44.6397,CYAW 312300Z 30004KT 15SM FEW050 FEW250 16/07 A3009 RMK SC1CI1 DA176FT SC TR SLP189
CYAW,2020-09-01 00:00,-63.4994,44.6397,CYAW 010000Z 28002KT 15SM FEW050 FEW250 14/08 A3012 RMK SC1CI1 DA20FT SC TR SLP201
CYAW,2020-09-01 00:49,-63.4994,44.6397,CYAW 010049Z 32002KT 15SM SKC 12/08 A3014 RMK DA-344FT LAST OBS/NEXT 011000 UTC SLP208
CYAW,2020-09-01 10:00,-63.4994,44.6397,CYAW 011000Z 00000KT 15SM FEW240 06/06 A3026 RMK CI2 DA-1134FT FST OBS SLP247
CYAW,2020-09-01 11:00,-63.4994,44.6397,CYAW 011100Z 00000KT 15SM SCT240 11/09 A3029 RMK CI3 DA-565FT SLP257
CYAW,2020-09-01 12:00,-63.4994,44.6397,CYAW 011200Z 00000KT 15SM FEW240 14/10 A3029 RMK CI2 DA-239FT SLP259
CYAW,2020-09-01 13:00,-63.4994,44.6397,CYAW 011300Z 00000KT 15SM FEW240 16/11 A3030 RMK CI2 DA17FT SLP263
CYAW,2020-09-01 14:00,-63.4994,44.6397,CYAW 011400Z 17004KT 15SM FEW030 BKN240 17/10 A3030 RMK CU1CI6 DA176FT SLP260
CYAW,2020-09-01 15:00,-63.4994,44.6397,CYAW 011500Z 19004KT 15SM FEW040 BKN240 19/11 A3029 RMK CU2CI3 DA335FT SLP257
CYAW,2020-09-01 16:00,-63.4994,44.6397,CYAW 011600Z 18010KT 15SM SCT040 SCT240 18/10 A3029 RMK CU3CI1 DA320FT SLP257
CYAW,2020-09-01 17:00,-63.4994,44.6397,CYAW 011700Z 16009KT 15SM FEW060 SCT240 19/09 A3028 RMK CU2CI1 DA342FT SLP256
CYAW,2020-09-01 18:00,-63.4994,44.6397,CYAW 011800Z 16011KT 15SM FEW060 SCT250 18/10 A3027 RMK CU2CI2 DA297FT SLP251
CYAW,2020-09-01 19:00,-63.4994,44.6397,CYAW 011900Z 17011KT 15SM FEW060 BKN250 19/11 A3027 RMK CU1CI6 DA399FT SLP250
CYAW,2020-09-01 20:00,-63.4994,44.6397,CYAW 012000Z 16008KT 15SM FEW060 BKN250 18/10 A3026 RMK CU1CI6 DA354FT SLP248
CYAW,2020-09-01 21:00,-63.4994,44.6397,CYAW 012100Z 17006KT 15SM FEW060 BKN250 18/10 A3027 RMK SC1CI6 DA331FT SLP251
CYAW,2020-09-01 22:00,-63.4994,44.6397,CYAW 012200Z 19006KT 15SM FEW040 BKN250 17/10 A3027 RMK SC1CI5 DA221FT SC TR SLP252
CYAW,2020-09-01 23:00,-63.4994,44.6397,CYAW 012300Z 19004KT 15SM FEW040 BKN250 15/10 A3027 RMK SC1CI5 DA-15FT SC TR SLP253
CYAW,2020-09-02 00:00,-63.4994,44.6397,CYAW 020000Z 24005KT 15SM FEW040 SCT250 15/12 A3029 RMK SC1CI4 DA-105FT SC TR SLP257
CYAW,2020-09-02 01:00,-63.4994,44.6397,CYAW 020100Z 22004KT 15SM FEW250 14/11 A3030 RMK CI2 DA-226FT SLP260
CYAW,2020-09-02 02:00,-63.4994,44.6397,CYAW 020200Z 00000KT 15SM FEW250 11/10 A3030 RMK CI2 DA-577FT SLP262
CYAW,2020-09-02 03:00,-63.4994,44.6397,CYAW 020300Z 18003KT 15SM FEW250 11/11 A3029 RMK CI2 DA-549FT LAST OBS/NEXT 021000 UTC SLP259
CYAW,2020-09-02 09:00,-63.4994,44.6397,CYAW 020900Z 02002KT 1/8SM FG BKN002 BKN080 BKN250 09/09 A3026 RMK FG6SF1AC1CI1 DA-801FT FST OBS SLP247
CYAW,2020-09-02 09:39,-63.4994,44.6397,CYAW 020939Z 06003KT 3/4SM BCFG FEW001 FEW080 BKN250 09/09 A3025 RMK SF1AC1CI5 DA-775FT VIS LWR N SLP245
CYAW,2020-09-02 09:52,-63.4994,44.6397,CYAW 020952Z 05004KT 0SM FG BKN250 09/09 A3025 RMK FG5CI2 DA-748FT SLP243
CYAW,2020-09-02 10:00,-63.4994,44.6397,CYAW 021000Z 04004KT 3/8SM FG BKN001 OVC250 09/09 A3024 RMK FG5SF1CI3 DA-711FT VIS VRB 0-3/4 SLP241
CYAW,2020-09-02 10:45,-63.4994,44.6397,CYAW 021045Z 05004KT 5/8SM BR SCT002 BKN250 11/11 A3023 RMK FG3SF1CI4 DA-514FT VIS VRB 1/4-1 SLP238
CYAW,2020-09-02 11:00,-63.4994,44.6397,CYAW 021100Z 07003KT 9SM FEW001 FEW020 BKN250 12/12 A3022 RMK SF1SC1CI7 DA-398FT VIS LWR E SLP234
CYAW,2020-09-02 12:00,-63.4994,44.6397,CYAW 021200Z 14003KT 12SM FEW002 FEW020 BKN250 14/14 A3023 RMK SF1SC1CI7 DA-116FT SLP237
CYAW,2020-09-02 13:00,-63.4994,44.6397,CYAW 021300Z 15009KT 15SM FEW020 FEW040 BKN220 17/13 A3022 RMK CU1SC1CS7 DA280FT SLP236
CYAW,2020-09-02 14:00,-63.4994,44.6397,CYAW 021400Z 15008KT 15SM FEW020 FEW040 BKN220 17/14 A3021 RMK CU1SC1CS7 DA332FT SLP231
CYAW,2020-09-02 15:00,-63.4994,44.6397,CYAW 021500Z 14013KT 15SM FEW020 FEW040 BKN220 18/14 A3019 RMK CU1SC1CI6 DA436FT SLP224
CYAW,2020-09-02 16:00,-63.4994,44.6397,CYAW 021600Z 13012KT 15SM FEW020 FEW040 BKN220 19/14 A3017 RMK CU1SC1CI4 DA562FT SLP217
CYAW,2020-09-02 17:00,-63.4994,44.6397,CYAW 021700Z 14013KT 15SM FEW040 BKN240 19/13 A3015 RMK SC1CC6 DA536FT SLP210
CYAW,2020-09-02 18:00,-63.4994,44.6397,CYAW 021800Z 13013KT 15SM FEW040 OVC240 18/14 A3012 RMK SC2CC6 DA519FT SLP201
CYAW,2020-09-02 19:00,-63.4994,44.6397,CYAW 021900Z 14012KT 15SM FEW040 BKN240 17/13 A3013 RMK SC2CS5 DA367FT SLP203
CYAW,2020-09-02 20:00,-63.4994,44.6397,CYAW 022000Z 14012KT 15SM FEW037 BKN240 17/14 A3011 RMK SC2CI4 DA421FT SLP196
CYAW,2020-09-02 21:00,-63.4994,44.6397,CYAW 022100Z 14010G15KT 15SM BKN033 BKN240 16/13 A3009 RMK SC5CI2 DA348FT SLP190
CYAW,2020-09-02 22:00,-63.4994,44.6397,CYAW 022200Z 15009KT 15SM SCT032 BKN240 16/13 A3007 RMK SC3CC2 DA346FT SLP185
CYAW,2020-09-02 23:00,-63.4994,44.6397,CYAW 022300Z 14006KT 15SM FEW034 SCT220 15/14 A3006 RMK SC2CI2 DA170FT SLP179
CYAW,2020-09-03 00:00,-63.4994,44.6397,CYAW 030000Z 13006KT 15SM BKN049 15/15 A3005 RMK SC7 DA242FT SLP177
CYAW,2020-09-03 01:00,-63.4994,44.6397,CYAW 030100Z 13007KT 15SM BKN051 15/15 A3004 RMK SC7 DA295FT SLP174
CYAW,2020-09-03 02:00,-63.4994,44.6397,CYAW 030200Z 14007KT 15SM BKN043 16/15 A3002 RMK SC7 DA344FT SLP166
CYAW,2020-09-03 03:00,-63.4994,44.6397,CYAW 030300Z 14009KT 15SM BKN049 16/15 A3000 RMK SC7 DA406FT LAST OBS/NEXT 030900 UTC SLP158
CYAW,2020-09-03 09:00,-63.4994,44.6397,CYAW 030900Z 18008KT 6SM -SHRA BR BKN018 OVC060 16/16 A2989 RMK SC5SC3 DA561FT FST OBS SLP123
CYAW,2020-09-03 10:00,-63.4994,44.6397,CYAW 031000Z 18012G18KT 9SM -SHRA BKN016 OVC058 16/16 A2989 RMK SC6SC2 DA601FT SLP121
CYAW,2020-09-03 10:42,-63.4994,44.6397,CYAW 031042Z 18013KT 4SM -SHRA BR BKN013 OVC058 17/16 A2989 RMK SC6SC2 DA654FT VIS LWR S SLP123
CYAW,2020-09-03 11:00,-63.4994,44.6397,CYAW 031100Z 18013KT 6SM -SHRA BR BKN013 OVC042 17/17 A2989 RMK SC5SC3 DA683FT SLP121
CYAW,2020-09-03 11:18,-63.4994,44.6397,CYAW 031118Z 18012G18KT 6SM -SHRA BR SCT014 OVC038 17/17 A2988 RMK SC3SC5 DA731FT SLP120
CYAW,2020-09-03 11:49,-63.4994,44.6397,CYAW 031149Z 18009KT 6SM -SHRA BR BKN012 OVC038 17/17 A2989 RMK SC6SC2 DA721FT SLP123
CYAW,2020-09-03 12:00,-63.4994,44.6397,CYAW 031200Z 18010G16KT 6SM -SHRA BR FEW007 BKN012 OVC022 18/17 A2989 RMK SF1SC7SC1 DA763FT SLP122
CYAW,2020-09-03 12:13,-63.4994,44.6397,CYAW 031213Z 18009G15KT 4SM -DZ BR OVC005 18/17 A2989 RMK ST8 DA776FT SLP123
CYAW,2020-09-03 12:38,-63.4994,44.6397,CYAW 031238Z 18008KT 6SM -DZ BR BKN006 OVC025 18/18 A2989 RMK ST6SC2 DA803FT SLP123
CYAW,2020-09-03 13:00,-63.4994,44.6397,CYAW 031300Z 18007KT 4SM -SHRA BR BKN005 OVC022 18/18 A2989 RMK ST5SC3 DA816FT SLP123
CYAW,2020-09-03 13:21,-63.4994,44.6397,CYAW 031321Z 19008KT 3SM BR OVC003 18/18 A2990 RMK ST8 DA780FT SLP124
CYAW,2020-09-03 13:43,-63.4994,44.6397,CYAW 031343Z 19008G16KT 4SM -DZ BR BKN002 OVC023 18/17 A2990 RMK SF6SC2 DA765FT SLP124
CYAW,2020-09-03 14:00,-63.4994,44.6397,CYAW 031400Z 18010G16KT 1 1/2SM -SHRA BR SCT004 OVC019 18/18 A2990 RMK ST3SC5 DA831FT SLP125
CYAW,2020-09-03 15:00,-63.4994,44.6397,CYAW 031500Z 19010KT 1 3/4SM -SHRA BR BKN003 OVC010 19/19 A2989 RMK ST5SC3 DA925FT VIS VRB 1-2 1/2 SLP121
CYAW,2020-09-03 16:00,-63.4994,44.6397,CYAW 031600Z 19007KT 1 3/4SM -SHRA BR BKN003 OVC010 19/19 A2987 RMK ST6SC2 DA1015FT VIS VRB 1-2 1/2 CIG VRB 2-4 SLP115
CYAW,2020-09-03 17:00,-63.4994,44.6397,CYAW 031700Z 18010KT 1 3/4SM -SHRA BR BKN003 OVC010 19/19 A2987 RMK ST6SC2 DA975FT VIS VRB 1-2 1/2 CIG VRB 2-4 SLP114
CYAW,2020-09-03 17:42,-63.4994,44.6397,CYAW 031742Z 18006KT 3/4SM BR BKN003 OVC010 19/19 A2986 RMK ST6SC2 DA988FT VIS VRB 1/2-1 CIG VRB 2-4 SLP112
CYAW,2020-09-03 17:49,-63.4994,44.6397,CYAW 031749Z 18006KT 1/4SM FG BKN003 OVC010 19/19 A2986 RMK ST6SC2 DA1000FT SLP111
CYAW,2020-09-03 18:00,-63.4994,44.6397,CYAW 031800Z 18009KT 1/8SM FG VV001 19/19 A2986 RMK FG8 DA973FT SLP111
CYAW,2020-09-03 18:39,-63.4994,44.6397,CYAW 031839Z 18007KT 3/4SM BR OVC005 19/19 A2986 RMK ST8 DA1001FT SLP111
CYAW,2020-09-03 19:00,-63.4994,44.6397,CYAW 031900Z 18009KT 3/4SM BR OVC005 19/19 A2985 RMK ST8 DA1038FT SLP110
CYAW,2020-09-03 19:20,-63.4994,44.6397,CYAW 031920Z 17006KT 1 1/2SM BR OVC003 19/19 A2985 RMK ST8 DA1011FT SLP110
CYAW,2020-09-03 19:42,-63.4994,44.6397,CYAW 031942Z 18005KT 3SM BR OVC003 19/19 A2985 RMK ST8 DA983FT SLP110
CYAW,2020-09-03 20:00,-63.4994,44.6397,CYAW 032000Z 18004KT 3SM BR OVC003 19/19 A2985 RMK ST8 DA1034FT SLP110
CYAW,2020-09-03 21:00,-63.4994,44.6397,CYAW 032100Z 17007KT 3SM BR OVC003 19/19 A2985 RMK ST8 DA969FT SLP110
CYAW,2020-09-03 21:20,-63.4994,44.6397,CYAW 032120Z 17007KT 1 1/2SM BR OVC003 18/18 A2986 RMK ST8 DA864FT VIS VRB 1-2 SLP111
CYAW,2020-09-03 22:00,-63.4994,44.6397,CYAW 032200Z 16007KT 1 1/2SM BR OVC003 18/18 A2986 RMK ST8 DA825FT VIS VRB 1-2 SLP111
CYAW,2020-09-03 22:35,-63.4994,44.6397,CYAW 032235Z 17007KT 3/4SM -DZ BR OVC003 18/18 A2986 RMK ST8 DA839FT SLP111
CYAW,2020-09-03 22:42,-63.4994,44.6397,CYAW 032242Z 17008KT 1/2SM -DZ FG VV005 18/18 A2985 RMK FG8 DA852FT SLP110
CYAW,2020-09-03 22:53,-63.4994,44.6397,CYAW 032253Z 16006KT 1/8SM -DZ FG VV001 18/18 A2985 RMK FG8 DA865FT SLP110
CYAW,2020-09-03 23:00,-63.4994,44.6397,CYAW 032300Z 16007KT 1/8SM -DZ FG VV001 18/18 A2985 RMK FG8 DA865FT SLP109
CYAW,2020-09-03 23:06,-63.4994,44.6397,CYAW 032306Z 16007KT 1/8SM -SHRA FG VV001 18/18 A2985 RMK FG8 DA852FT SLP108
CYAW,2020-09-03 23:51,-63.4994,44.6397,CYAW 032351Z 17008KT 1/8SM -SHRA FG VV001 18/18 A2985 RMK FG8 DA892FT LAST OBS/NEXT 040900 UTC SLP109
CYAW,2020-09-04 09:00,-63.4994,44.6397,CYAW 040900Z 19013KT 3/4SM -DZ BR OVC002 19/19 A2976 RMK FG5ST3 DA1116FT FST OBS SLP077
CYAW,2020-09-04 09:28,-63.4994,44.6397,CYAW 040928Z 19011G18KT 1/8SM FG VV001 19/19 A2976 RMK FG8 DA1130FT SLP078
CYAW,2020-09-04 09:51,-63.4994,44.6397,CYAW 040951Z 19009KT 0SM -DZ FG VV000 19/19 A2976 RMK FG8 DA1116FT SLP079
CYAW,2020-09-04 10:00,-63.4994,44.6397,CYAW 041000Z 20011G16KT 1/8SM -DZ FG VV001 19/19 A2977 RMK FG8 DA1145FT VIS VRB 0-1/4 SLP080
CYAW,2020-09-04 10:26,-63.4994,44.6397,CYAW 041026Z 20011KT 1SM -DZ BR OVC002 19/19 A2976 RMK ST8 DA1103FT SLP079
CYAW,2020-09-04 10:47,-63.4994,44.6397,CYAW 041047Z 20008KT 1/2SM -DZ FG OVC002 18/18 A2977 RMK ST8 DA1024FT SLP081
CYAW,2020-09-04 11:00,-63.4994,44.6397,CYAW 041100Z 21006KT 1SM BR OVC002 18/18 A2978 RMK ST8 DA999FT VIS VRB 3/4-1 1/2 SLP084
CYAW,2020-09-04 11:34,-63.4994,44.6397,CYAW 041134Z 21004KT 1/4SM FG VV001 18/18 A2979 RMK FG8 DA988FT VIS VRB 1/8-1/2 SLP089
CYAW,2020-09-04 12:00,-63.4994,44.6397,CYAW 041200Z 18003KT 1/4SM FG VV001 18/18 A2979 RMK FG8 DA1001FT VIS VRB 1/8-1/2 SLP090
CYAW,2020-09-04 12:26,-63.4994,44.6397,CYAW 041226Z 21004KT 1SM BR OVC002 19/19 A2980 RMK ST8 DA1017FT VIS VRB 1/2-1 1/2 SLP093
CYAW,2020-09-04 12:46,-63.4994,44.6397,CYAW 041246Z 19005KT 1/4SM FG VV001 18/18 A2981 RMK FG8 DA978FT VIS VRB 1/8-1/2 SLP095
CYAW,2020-09-04 13:00,-63.4994,44.6397,CYAW 041300Z 20006KT 1/4SM FG OVC002 19/19 A2981 RMK FG6ST2 DA992FT VIS VRB 1/8-1/2 SLP096
CYAW,2020-09-04 13:41,-63.4994,44.6397,CYAW 041341Z 22005KT 1 1/2SM BR OVC003 19/19 A2982 RMK ST8 VIS VRB 1-2 SLP098
CYAW,2020-09-04 14:00,-63.4994,44.6397,CYAW 041400Z 18004KT 9SM BKN004 BKN250 20/20 A2982 RMK SF5CI1 DA1140FT SLP098
CYAW,2020-09-04 14:12,-63.4994,44.6397,CYAW 041412Z 18005KT 10SM FEW006 FEW100 FEW250 20/20 A2981 RMK SF1AC1CI1 DA1238FT SLP096
CYAW,2020-09-04 15:00,-63.4994,44.6397,CYAW 041500Z 18007KT 10SM FEW008 FEW100 FEW250 22/20 A2982 RMK SF1AC1CI1 DA1394FT SLP097
CYAW,2020-09-04 16:00,-63.4994,44.6397,CYAW 041600Z 17008KT 10SM FEW008 FEW020 BKN130 BKN250 23/19 A2982 RMK SF1CU1AC6CI1 DA1482FT SLP099
CYAW,2020-09-04 17:00,-63.4994,44.6397,CYAW 041700Z 19007KT 15SM FEW020 BKN080 BKN140 24/18 A2983 RMK CF1AC6AC2 DA1546FT CUFRA TR SLP100
CYAW,2020-09-04 18:00,-63.4994,44.6397,CYAW 041800Z 20005KT 15SM -SHRA BKN068 21/18 A2984 RMK AC7 DA1289FT PCPN VRY LGT SLP104
CYAW,2020-09-04 19:00,-63.4994,44.6397,CYAW 041900Z 20003KT 15SM -SHRA BKN055 21/18 A2984 RMK SC7 DA1284FT SLP104
CYAW,2020-09-04 20:00,-63.4994,44.6397,CYAW 042000Z 15006KT 15SM BKN051 BKN058 19/18 A2983 RMK SC6SC2 DA1057FT SLP102
CYAW,2020-09-04 20:31,-63.4994,44.6397,CYAW 042031Z 14006KT 15SM BKN050 19/18 A2984 RMK SC7 DA1014FT LAST OBS/NEXT 081000 UTC SLP103
CYAW,2020-09-08 10:00,-63.4994,44.6397,CYAW 081000Z 04002KT 4SM BR OVC005 17/17 A3019 RMK ST8 DA409FT FST OBS SLP223
CYAW,2020-09-08 10:33,-63.4994,44.6397,CYAW 081033Z 00000KT 1 3/4SM BR OVC005 17/17 A3019 RMK ST8 DA409FT VIS VRB 1 1/4-2 1/4 SLP223
CYAW,2020-09-08 11:00,-63.4994,44.6397,CYAW 081100Z 06002KT 3/4SM BR OVC003 18/18 A3019 RMK ST8 DA450FT CIG VRB 2-4 SLP225
CYAW,2020-09-08 11:26,-63.4994,44.6397,CYAW 081126Z 06003KT 1/4SM FG VV001 18/18 A3019 RMK FG8 DA476FT SLP223
CYAW,2020-09-08 12:00,-63.4994,44.6397,CYAW 081200Z 11003KT 1/4SM FG VV001 18/18 A3019 RMK FG8 DA530FT SLP223
CYAW,2020-09-08 12:26,-63.4994,44.6397,CYAW 081226Z 00000KT 1/8SM FG VV001 19/19 A3019 RMK FG8 DA557FT SLP224
CYAW,2020-09-08 13:00,-63.4994,44.6397,CYAW 081300Z 14003KT 1/8SM FG VV001 19/19 A3020 RMK FG8 DA572FT SLP226
CYAW,2020-09-08 13:46,-63.4994,44.6397,CYAW 081346Z 15005KT 1/2SM FG VV002 19/19 A3020 RMK FG8 DA667FT VIS VRB 1/4-3/4 SLP226
CYAW,2020-09-08 14:00,-63.4994,44.6397,CYAW 081400Z 18004KT 1/2SM FG VV002 19/19 A3020 RMK FG8 DA667FT VIS VRB 1/4-3/4 SLP227
CYAW,2020-09-08 14:37,-63.4994,44.6397,CYAW 081437Z 21003KT 2SM BR OVC003 20/20 A3020 RMK ST8 DA730FT VIS VRB 1 1/2-2 1/2 SLP227
CYAW,2020-09-08 14:52,-63.4994,44.6397,CYAW 081452Z 24005KT 4SM BR BKN003 OVC010 20/20 A3020 RMK ST5SC3 DA765FT SLP227
CYAW,2020-09-08 15:00,-63.4994,44.6397,CYAW 081500Z 24003KT 5SM BR OVC010 21/20 A3020 RMK SC8 DA852FT FG OVR HBR SLP227
CYAW,2020-09-08 15:22,-63.4994,44.6397,CYAW 081522Z 22005KT 6SM BR BKN012 22/20 A3020 RMK SC6 DA1031FT SLP228
CYAW,2020-09-08 16:00,-63.4994,44.6397,CYAW 081600Z 20003KT 7SM SCT015 23/21 A3020 RMK SC4 DA1141FT SLP226
CYAW,2020-09-08 17:00,-63.4994,44.6397,CYAW 081700Z 16008KT 15SM FEW020 BKN220 24/20 A3020 RMK CU1CI4 DA1215FT FG BNK OVR WTR SLP227
CYAW,2020-09-08 18:00,-63.4994,44.6397,CYAW 081800Z 16009KT 15SM FEW020 BKN250 24/19 A3020 RMK CU1CI6 DA1230FT SLP226
CYAW,2020-09-08 18:42,-63.4994,44.6397,CYAW 081842Z 15011KT 15SM FEW004 FEW040 BKN250 22/19 A3018 RMK SF1CU1CI7 DA1006FT SLP219
CYAW,2020-09-08 19:00,-63.4994,44.6397,CYAW 081900Z 16010KT 10SM FEW002 FEW040 BKN250 22/19 A3018 RMK SF1CU1CI7 DA994FT FG BANK OVR APCHS SLP221
CYAW,2020-09-08 20:00,-63.4994,44.6397,CYAW 082000Z 17009KT 10SM FEW002 FEW040 BKN250 21/19 A3018 RMK SF1CU1CI7 DA875FT FG BANK OVR APCHS SLP221
CYAW,2020-09-08 21:00,-63.4994,44.6397,CYAW 082100Z 18008KT 12SM FEW002 BKN250 21/19 A3019 RMK SF1CI7 DA883FT SLP224
CYAW,2020-09-08 22:00,-63.4994,44.6397,CYAW 082200Z 20007KT 12SM FEW008 OVC250 21/18 A3021 RMK SF1CI8 DA856FT SLP230
CYAW,2020-09-08 23:00,-63.4994,44.6397,CYAW 082300Z 22007KT 15SM BKN250 20/18 A3022 RMK CI6 DA652FT CONTRAILS SLP235
CYAW,2020-09-09 00:00,-63.4994,44.6397,CYAW 090000Z 21005KT 12SM BKN250 19/17 A3024 RMK CI5 DA490FT SLP239
CYAW,2020-09-09 01:00,-63.4994,44.6397,CYAW 090100Z 15004KT 12SM BKN250 16/16 A3025 RMK CI5 DA190FT FG BANK OVR WTR SLP242
CYAW,2020-09-09 01:24,-63.4994,44.6397,CYAW 090124Z 14006KT 1/4SM FG VV002 16/16 A3025 RMK FG8 DA181FT SLP244
CYAW,2020-09-09 01:34,-63.4994,44.6397,CYAW 090134Z 18005KT 1/8SM FG VV001 16/16 A3025 RMK FG8 DA194FT VIS VRB 0-1/4 SLP244
CYAW,2020-09-09 02:00,-63.4994,44.6397,CYAW 090200Z CCA 19002KT 1/8SM FG VV001 17/17 A3025 RMK FG8 DA234FT VIS VRB 0-1/4 LAST OBS/NEXT 091000UTC SLP244
CYAW,2020-09-09 10:00,-63.4994,44.6397,CYAW 091000Z 00000KT 1/8SM FG BKN250 13/13 A3032 RMK FG2CI6 DA-272FT FST OBS SLP268
CYAW,2020-09-09 10:15,-63.4994,44.6397,CYAW 091015Z 00000KT 2 1/2SM BR BKN250 13/13 A3032 RMK CI6 DA-300FT VIS VRB 1 3/4-4 SLP269
CYAW,2020-09-09 11:00,-63.4994,44.6397,CYAW 091100Z 00000KT 3SM BR FEW002 SCT020 OVC250 15/15 A3033 RMK ST2SC2CI4 DA-98FT SLP271
CYAW,2020-09-09 11:36,-63.4994,44.6397,CYAW 091136Z 00000KT 3/4SM BR BKN020 BKN160 OVC250 15/15 A3033 RMK FG2SC4AC2CI1 DA-17FT SLP271
CYAW,2020-09-09 11:55,-63.4994,44.6397,CYAW 091155Z 12002KT 1/4SM FG VV001 15/15 A3033 RMK FG8 DA-30FT 1 SLP271
CYAW,2020-09-09 12:00,-63.4994,44.6397,CYAW 091200Z 12003KT 1/4SM FG VV001 15/15 A3033 RMK FG8 DA-57FT VIS VRB 1/8-3/8 SLP272
CYAW,2020-09-09 13:00,-63.4994,44.6397,CYAW 091300Z 07002KT 1/8SM FG VV001 16/16 A3035 RMK FG8 DA-13FT SLP280
CYAW,2020-09-09 13:19,-63.4994,44.6397,CYAW 091319Z 00000KT 1/4SM FG VV001 16/16 A3036 RMK FG8 DA2FT VIS VRB 1/8-3/8 SLP282
CYAW,2020-09-09 13:48,-63.4994,44.6397,CYAW 091348Z 31004KT 3/4SM BR OVC002 17/17 A3037 RMK ST8 DA151FT VIS VRB 1/2-1 SLP285
CYAW,2020-09-09 14:00,-63.4994,44.6397,CYAW 091400Z 30002KT 3SM BR SCT003 SCT020 OVC070 17/17 A3036 RMK ST3SC1AC4 DA189FT SLP283
CYAW,2020-09-09 14:17,-63.4994,44.6397,CYAW 091417Z 00000KT 3SM BR FEW003 FEW020 BKN070 18/18 A3037 RMK SF2SC1AC5 DA326FT FG BANK OVR APCHS SLP284
CYAW,2020-09-09 14:43,-63.4994,44.6397,CYAW 091443Z 00000KT 7SM FEW020 BKN080 19/19 A3036 RMK SC1AC5 DA389FT FG BANK OVR APCHS SLP283
CYAW,2020-09-09 15:00,-63.4994,44.6397,CYAW 091500Z 16003KT 7SM FEW020 BKN080 21/19 A3036 RMK SC1AC6 DA611FT SLP281
CYAW,2020-09-09 16:00,-63.4994,44.6397,CYAW 091600Z 20004KT 12SM FEW020 SCT250 23/17 A3035 RMK SC1CI3 DA919FT SC TR SLP277
CYAW,2020-09-09 17:00,-63.4994,44.6397,CYAW 091700Z 17007KT 15SM SCT250 23/18 A3035 RMK CI3 DA922FT SLP276
CYAW,2020-09-09 18:00,-63.4994,44.6397,CYAW 091800Z 17011KT 15SM FEW020 SCT250 23/18 A3034 RMK SC1CI4 DA854FT SC TR SLP274
CYAW,2020-09-09 19:00,-63.4994,44.6397,CYAW 091900Z 17009KT 15SM FEW020 SCT250 23/18 A3034 RMK SC1CI4 DA897FT SC TR SLP273
CYAW,2020-09-09 20:00,-63.4994,44.6397,CYAW 092000Z 17009KT 15SM FEW020 SCT250 22/18 A3034 RMK SC1CI4 DA832FT SC TR SLP273
CYAW,2020-09-09 21:00,-63.4994,44.6397,CYAW 092100Z 17007KT 15SM FEW020 SCT250 22/18 A3034 RMK SC1CI3 DA765FT SLP276
CYAW,2020-09-09 22:00,-63.4994,44.6397,CYAW 092200Z 18005KT 15SM FEW020 BKN250 21/19 A3035 RMK SC1CI4 DA634FT SLP280
CYAW,2020-09-09 23:00,-63.4994,44.6397,CYAW 092300Z 19002KT 12SM FEW014 BKN250 19/19 A3036 RMK SC1CI7 DA453FT SLP281
CYAW,2020-09-09 23:34,-63.4994,44.6397,CYAW 092334Z 00000KT 10SM BKN009 BKN250 19/19 A3037 RMK SF6CI1 DA468FT SLP284
CYAW,2020-09-10 00:00,-63.4994,44.6397,CYAW 100000Z 18002KT 12SM SCT004 OVC009 20/19 A3037 RMK SF3SF5 DA544FT SLP286
CYAW,2020-09-10 00:20,-63.4994,44.6397,CYAW 100020Z 20002KT 8SM BKN004 OVC009 20/20 A3037 RMK SF6SF2 DA582FT SLP286
CYAW,2020-09-10 00:36,-63.4994,44.6397,CYAW 100036Z 18004KT 4SM -DZ OVC003 20/20 A3037 RMK SF8 DA599FT VIS LWR S SLP285
CYAW,2020-09-10 00:49,-63.4994,44.6397,CYAW 100049Z 18003KT 1/4SM -DZ FG OVC002 20/20 A3037 RMK SF8 DA576FT SLP285
CYAW,2020-09-10 01:00,-63.4994,44.6397,CYAW 100100Z 20002KT 1/8SM -DZ FG VV001 20/20 A3037 RMK FG8 DA566FT SLP286
CYAW,2020-09-10 01:13,-63.4994,44.6397,CYAW 100113Z 00000KT 1/8SM -DZ FG VV001 20/20 A3037 RMK FG8 DA566FT LAST OBS/NEXT 101000 UTC SLP285
CYAW,2020-09-10 10:00,-63.4994,44.6397,CYAW 101000Z 00000KT 1/8SM FG VV002 18/18 A3033 RMK FG8 DA384FT VIS VRB 0-1/4 FST OBS SLP271
CYAW,2020-09-10 10:41,-63.4994,44.6397,CYAW 101041Z 00000KT 3/4SM BR BKN003 OVC010 19/19 A3033 RMK ST6SC2 DA411FT SLP272
CYAW,2020-09-10 11:00,-63.4994,44.6397,CYAW 101100Z 15003KT 3/4SM BR BKN004 OVC010 19/19 A3033 RMK ST7SC1 DA438FT VIS VRB 1/2-1 SLP272
CYAW,2020-09-10 11:16,-63.4994,44.6397,CYAW 101116Z 15004KT 1/4SM -DZ FG VV003 19/19 A3033 RMK FG8 DA425FT SLP271
CYAW,2020-09-10 12:00,-63.4994,44.6397,CYAW 101200Z 16006KT 1/8SM -DZ FG VV002 19/19 A3032 RMK FG8 DA423FT VIS VRB 0-1/4 SLP268
CYAW,2020-09-10 13:00,-63.4994,44.6397,CYAW 101300Z 18006KT 1/8SM FG VV002 19/19 A3031 RMK FG8 DA488FT VIS VRB 0-1/4 SLP265
CYAW,2020-09-10 14:00,-63.4994,44.6397,CYAW 101400Z 18004KT 1/8SM FG VV002 20/20 A3031 RMK FG8 DA555FT VIS VRB 0-1/4 SLP264
CYAW,2020-09-10 14:39,-63.4994,44.6397,CYAW 101439Z 20004KT 1/8SM -DZ FG VV002 20/20 A3030 RMK FG8 DA607FT VIS VRB 0-1/4 SLP261
CYAW,2020-09-10 15:00,-63.4994,44.6397,CYAW 101500Z 17005KT 1/8SM -DZ FG VV002 20/20 A3028 RMK FG8 DA670FT VIS VRB 0-1/4 SLP255
CYAW,2020-09-10 15:25,-63.4994,44.6397,CYAW 101525Z 26004KT 1/4SM FG VV002 20/20 A3029 RMK FG8 DA686FT SLP256
CYAW,2020-09-10 16:00,-63.4994,44.6397,CYAW 101600Z 20004KT 1/2SM FG VV002 21/21 A3026 RMK FG8 DA787FT VIS VRB 1/4-3/4 SLP248
CYAW,2020-09-10 16:45,-63.4994,44.6397,CYAW 101645Z 18005KT 1 1/2SM BR OVC003 21/21 A3025 RMK SF8 DA812FT SLP245
CYAW,2020-09-10 16:53,-63.4994,44.6397,CYAW 101653Z 18005KT 3SM BR OVC004 21/21 A3025 RMK SF8 DA826FT SLP245
CYAW,2020-09-10 17:00,-63.4994,44.6397,CYAW 101700Z 17006KT 5SM BR OVC004 21/21 A3025 RMK SF8 DA865FT SLP244
CYAW,2020-09-10 17:14,-63.4994,44.6397,CYAW 101714Z 17006KT 8SM OVC006 22/22 A3025 RMK SF8 DA932FT SLP242
CYAW,2020-09-10 18:00,-63.4994,44.6397,CYAW 101800Z 18008KT 12SM OVC007 23/22 A3022 RMK SF8 DA1109FT SLP235
CYAW,2020-09-10 18:51,-63.4994,44.6397,CYAW 101851Z 19007KT 8SM -SHRA BKN008 BKN100 22/21 A3020 RMK SF6AC1 DA968FT VIS LWR S SLP228
CYAW,2020-09-10 19:00,-63.4994,44.6397,CYAW 101900Z 18006KT 8SM -SHRA BKN008 BKN100 22/21 A3020 RMK SF6AC1 DA943FT VIS LWR S SLP228
CYAW,2020-09-10 19:09,-63.4994,44.6397,CYAW 101909Z 19006KT 8SM BKN008 OVC100 22/21 A3020 RMK SF7AC1 DA945FT VIS LWR S SLP227
CYAW,2020-09-10 19:24,-63.4994,44.6397,CYAW 101924Z 19007KT 8SM -SHRA OVC004 21/21 A3020 RMK SF8 DA919FT VIS LWR S SLP227
CYAW,2020-09-10 19:49,-63.4994,44.6397,CYAW 101949Z 18006KT 3SM -SHRA BR OVC004 21/21 A3019 RMK SF8 DA906FT VIS LWR S SLP223
CYAW,2020-09-10 20:00,-63.4994,44.6397,CYAW 102000Z 18005KT 3SM -SHRA BR OVC004 21/21 A3019 RMK SF8 DA879FT VIS LWR S PCPN VRY LGT SLP223
CYAW,2020-09-10 21:00,-63.4994,44.6397,CYAW 102100Z 19005KT 3SM SHRA BR OVC004 21/21 A3018 RMK SF8 DA905FT CIG RAG SLP219
CYAW,2020-09-10 21:15,-63.4994,44.6397,CYAW 102115Z 24009KT 3/4SM +SHRA BR OVC003 21/21 A3018 RMK SF8 DA919FT SLP220
CYAW,2020-09-10 21:26,-63.4994,44.6397,CYAW 102126Z 20006KT 2 1/2SM SHRA BR BKN003 OVC034 21/21 A3017 RMK SF6SC2 DA930FT TCU EMBD SLP216
CYAW,2020-09-10 21:38,-63.4994,44.6397,CYAW 102138Z 19005KT 9SM FEW003 BKN034 BKN085 21/21 A3016 RMK SF2SC3AC2 DA915FT SLP214
CYAW,2020-09-10 22:00,-63.4994,44.6397,CYAW 102200Z 20006KT 10SM FEW003 FEW055 BKN110 21/21 A3016 RMK SF1SC1AC6 DA874FT SLP212
CYAW,2020-09-10 22:24,-63.4994,44.6397,CYAW 102224Z 20004KT 6SM -SHRA BR BKN005 BKN011 OVC100 20/20 A3015 RMK SF5SC1AC2 DA845FT SLP211
CYAW,2020-09-10 23:00,-63.4994,44.6397,CYAW 102300Z 18005KT 5SM -SHRA BR OVC003 20/20 A3014 RMK ST8 DA856FT SLP207
CYAW,2020-09-11 00:00,-63.4994,44.6397,CYAW 110000Z 23002KT 9SM BKN005 OVC110 21/21 A3014 RMK SF6AC2 DA883FT SLP207
CYAW,2020-09-11 00:47,-63.4994,44.6397,CYAW 110047Z 17002KT 6SM -SHRA BR OVC004 21/21 A3011 RMK SF8 DA958FT LAST OBS/NEXT 110900 UTC SLP198
CYAW,2020-09-11 09:00,-63.4994,44.6397,CYAW 110900Z 36011G16KT 10SM -RA SCT008 OVC012 16/16 A2998 RMK SF3ST5 DA483FT FST OBS SLP153
CYAW,2020-09-11 10:00,-63.4994,44.6397,CYAW 111000Z 35011G16KT 8SM -RA FEW008 BKN014 OVC048 15/15 A3001 RMK SF2SC3SC2 DA340FT SLP161
CYAW,2020-09-11 10:33,-63.4994,44.6397,CYAW 111033Z 35011KT 12SM FEW013 SCT033 OVC055 15/15 A3000 RMK SC2SC2SC4 DA327FT SLP160
CYAW,2020-09-11 11:00,-63.4994,44.6397,CYAW 111100Z 35009G17KT 12SM SCT009 OVC013 15/14 A3000 RMK SF4SC4 DA274FT SLP160
CYAW,2020-09-11 11:17,-63.4994,44.6397,CYAW 111117Z 35012KT 12SM OVC007 15/14 A3001 RMK SF8 DA251FT SLP161
CYAW,2020-09-11 12:00,-63.4994,44.6397,CYAW 111200Z 36013G18KT 15SM BKN008 OVC016 15/14 A3001 RMK SF6SC2 DA246FT SLP161
CYAW,2020-09-11 12:19,-63.4994,44.6397,CYAW 111219Z 36013G18KT 15SM FEW008 BKN017 15/14 A3002 RMK SF2SC5 DA270FT SLP167
CYAW,2020-09-11 13:00,-63.4994,44.6397,CYAW 111300Z 01014G21KT 15SM BKN019 BKN072 15/14 A3003 RMK SC6AC2 DA264FT SLP168
CYAW,2020-09-11 14:00,-63.4994,44.6397,CYAW 111400Z 35012G22KT 15SM SCT013 OVC019 14/13 A3005 RMK SC3SC5 DA147FT SLP175
CYAW,2020-09-11 15:00,-63.4994,44.6397,CYAW 111500Z 01013G21KT 15SM BKN017 BKN021 15/12 A3005 RMK SC5SC2 DA214FT SLP177
CYAW,2020-09-11 16:00,-63.4994,44.6397,CYAW 111600Z 36014G21KT 15SM BKN019 BKN027 BKN250 15/12 A3007 RMK SC5SC2CI1 DA184FT SLP184
CYAW,2020-09-11 17:00,-63.4994,44.6397,CYAW 111700Z 36017KT 15SM BKN025 BKN035 BKN250 16/10 A3007 RMK SC5SC2CI1 DA256FT SLP183
CYAW,2020-09-11 18:00,-63.4994,44.6397,CYAW 111800Z 34015G25KT 15SM BKN025 BKN038 BKN250 16/10 A3009 RMK CU5SC2CI1 DA289FT SLP188
CYAW,2020-09-11 19:00,-63.4994,44.6397,CYAW 111900Z 36018G24KT 15SM FEW025 BKN040 BKN250 16/10 A3009 RMK CU1SC6CI1 DA294FT SLP191
CYAW,2020-09-11 19:27,-63.4994,44.6397,CYAW 111927Z 01017G22KT 15SM FEW025 BKN040 BKN250 15/09 A3010 RMK CU1SC6CI1 DA158FT LAST OBS/NEXT 141000 UTC SLP194
CYAW,2020-09-14 10:00,-63.4994,44.6397,CYAW 141000Z 21005KT 12SM FEW004 BKN120 18/18 A2988 RMK ST1AC6 DA802FT FST OBS SLP120
CYAW,2020-09-14 11:00,-63.4994,44.6397,CYAW 141100Z 22005KT 15SM FEW009 BKN140 18/18 A2989 RMK SF1AC6 DA826FT SLP121
CYAW,2020-09-14 12:00,-63.4994,44.6397,CYAW 141200Z 23008KT 15SM FEW008 BKN013 BKN110 18/18 A2989 RMK SF1SC5AC2 DA850FT SLP123
CYAW,2020-09-14 12:51,-63.4994,44.6397,CYAW 141251Z 23005KT 15SM -SHRA FEW010 BKN050 BKN110 18/17 A2990 RMK SF2SC5AC1 DA822FT SLP124
CYAW,2020-09-14 13:00,-63.4994,44.6397,CYAW 141300Z 24005KT 15SM -SHRA FEW010 BKN050 BKN110 18/17 A2990 RMK SF1SC6AC1 DA812FT SLP125
CYAW,2020-09-14 13:27,-63.4994,44.6397,CYAW 141327Z 22005KT 10SM FEW007 OVC050 18/17 A2989 RMK SF1SC7 DA823FT SLP123
CYAW,2020-09-14 14:00,-63.4994,44.6397,CYAW 141400Z 24009KT 15SM BKN012 OVC050 19/18 A2989 RMK SC5SC3 DA923FT SLP121
CYAW,2020-09-14 14:23,-63.4994,44.6397,CYAW 141423Z 24010KT 15SM BKN010 OVC050 19/18 A2989 RMK SC7SC1 DA920FT SLP123
CYAW,2020-09-14 15:00,-63.4994,44.6397,CYAW 141500Z 25008KT 15SM BKN012 OVC060 19/18 A2988 RMK SC6SC2 DA995FT SLP120
CYAW,2020-09-14 16:00,-63.4994,44.6397,CYAW 141600Z 23006KT 15SM BKN015 OVC060 20/18 A2987 RMK SC5SC3 DA1088FT SLP117
CYAW,2020-09-14 17:00,-63.4994,44.6397,CYAW 141700Z 26010G16KT 15SM BKN020 BKN060 BKN240 22/17 A2987 RMK SC5SC2CI1 DA1296FT SLP115
CYAW,2020-09-14 18:00,-63.4994,44.6397,CYAW 141800Z 26010KT 15SM BKN024 OVC041 22/17 A2986 RMK SC5SC3 DA1285FT SLP112
CYAW,2020-09-14 18:35,-63.4994,44.6397,CYAW 141835Z 33009KT 15SM FEW027 BKN034 OVC250 22/16 A2986 RMK SC2SC3CI2 DA1275FT SLP111
CYAW,2020-09-14 19:00,-63.4994,44.6397,CYAW 141900Z 29012G17KT 15SM FEW040 BKN150 OVC250 22/13 A2985 RMK SC2AC5CI1 DA1250FT SLP109
CYAW,2020-09-14 20:00,-63.4994,44.6397,CYAW 142000Z 30011KT 15SM FEW040 BKN180 OVC250 21/13 A2987 RMK SC1AC6CI2 DA1132FT SLP115
CYAW,2020-09-14 21:00,-63.4994,44.6397,CYAW 142100Z 30007KT 15SM FEW040 BKN160 OVC210 21/13 A2987 RMK SC1AC5CI2 DA1103FT SLP115
CYAW,2020-09-14 22:00,-63.4994,44.6397,CYAW 142200Z 31012G18KT 15SM FEW040 SCT150 OVC220 20/12 A2989 RMK SC1AC3CI4 DA939FT SLP123
CYAW,2020-09-14 23:00,-63.4994,44.6397,CYAW 142300Z 30009KT 15SM FEW040 FEW070 OVC220 18/11 A2991 RMK SC1AC1CS6 DA688FT SLP129
CYAW,2020-09-15 00:00,-63.4994,44.6397,CYAW 150000Z 32010KT 15SM FEW058 BKN220 17/11 A2995 RMK SC1CI5 DA513FT SLP142
CYAW,2020-09-15 01:00,-63.4994,44.6397,CYAW 150100Z 33008KT 15SM FEW060 BKN220 15/11 A2998 RMK SC2CI4 DA310FT SLP151
CYAW,2020-09-15 01:15,-63.4994,44.6397,CYAW 150115Z 34009KT 15SM FEW060 BKN220 15/11 A2998 RMK SC2CI4 LAST OBS/NEXT 151000 UTC SLP154
CYAW,2020-09-15 10:00,-63.4994,44.6397,CYAW 151000Z 33010KT 15SM OVC220 08/04 A3013 RMK CS8 DA-752FT FST OBS SLP203
CYAW,2020-09-15 11:00,-63.4994,44.6397,CYAW 151100Z 33010KT 15SM FEW020 OVC220 09/05 A3014 RMK SC1CS8 DA-698FT SLP209
CYAW,2020-09-15 12:00,-63.4994,44.6397,CYAW 151200Z 32012KT 15SM FEW020 OVC220 11/05 A3016 RMK SC1CS8 DA-509FT SLP214
CYAW,2020-09-15 13:00,-63.4994,44.6397,CYAW 151300Z 32011KT 15SM FEW020 BKN220 12/07 A3017 RMK SC1CS5 DA-330FT SLP219
CYAW,2020-09-15 14:00,-63.4994,44.6397,CYAW 151400Z 36010KT 15SM FEW030 BKN220 14/07 A3018 RMK SC1CI6 DA-155FT SLP222
CYAW,2020-09-15 15:00,-63.4994,44.6397,CYAW 151500Z 32007KT 15SM FEW030 BKN240 14/07 A3018 RMK SC2CI4 DA-59FT SLP220
CYAW,2020-09-15 16:00,-63.4994,44.6397,CYAW 151600Z 35008G16KT 15SM FEW035 BKN240 15/07 A3015 RMK SC1CI4 DA68FT SLP211
CYAW,2020-09-15 17:00,-63.4994,44.6397,CYAW 151700Z 32012G17KT 15SM FEW038 BKN220 16/06 A3014 RMK CU1CS5 DA179FT SLP207
CYAW,2020-09-15 18:00,-63.4994,44.6397,CYAW 151800Z 33014KT 15SM FEW040 BKN220 16/06 A3014 RMK CU1CS5 DA213FT SLP208
CYAW,2020-09-15 19:00,-63.4994,44.6397,CYAW 151900Z 34009G16KT 15SM FEW040 SCT220 16/05 A3014 RMK CU1CS4 DA161FT SLP207
CYAW,2020-09-15 20:00,-63.4994,44.6397,CYAW 152000Z 32010G15KT 15SM FEW040 SCT220 15/05 A3014 RMK SC1CS4 DA86FT SLP207
CYAW,2020-09-15 21:00,-63.4994,44.6397,CYAW 152100Z 33009KT 15SM FEW040 SCT220 14/05 A3015 RMK SC1CS4 DA-42FT SLP211
CYAW,2020-09-15 22:00,-63.4994,44.6397,CYAW 152200Z 33008KT 15SM FEW030 BKN220 13/05 A3017 RMK SC1CS5 DA-195FT SLP218
CYAW,2020-09-15 23:00,-63.4994,44.6397,CYAW 152300Z 31004KT 15SM BKN220 10/06 A3019 RMK CS6 DA-652FT SLP226
CYAW,2020-09-16 00:00,-63.4994,44.6397,CYAW 160000Z 31006KT 15SM FEW110 BKN220 10/06 A3022 RMK AC1CS5 DA-636FT SLP233
CYAW,2020-09-16 01:00,-63.4994,44.6397,CYAW 160100Z 31007KT 15SM FEW110 BKN220 08/05 A3023 RMK AC2CS4 DA-858FT SLP238
CYAW,2020-09-16 01:16,-63.4994,44.6397,CYAW 160116Z 32005KT 15SM FEW110 BKN220 09/06 A3024 RMK AC2CS4 DA-843FT LAST OBS/NXT 161000 UTC SLP240
CYAW,2020-09-16 10:00,-63.4994,44.6397,CYAW 161000Z 00000KT 12SM MIFG FEW120 BKN250 05/05 A3026 RMK AC1CI6 DA-1319FT FST OBS SLP247
CYAW,2020-09-16 11:00,-63.4994,44.6397,CYAW 161100Z 00000KT 12SM MIFG FEW020 FEW120 BKN250 06/06 A3026 RMK CF1AC1FU6 DA-1161FT CUFRA TR SLP250
CYAW,2020-09-16 12:00,-63.4994,44.6397,CYAW 161200Z 00000KT 15SM FEW020 FEW120 BKN250 12/10 A3027 RMK CF1AC2FU5 DA-472FT CUFRA TR SLP250
CYAW,2020-09-16 13:00,-63.4994,44.6397,CYAW 161300Z 21008KT 15SM FEW025 FEW120 BKN220 BKN250 15/09 A3027 RMK CU1AC1FU6CI2 DA-124FT SLP251
CYAW,2020-09-16 14:00,-63.4994,44.6397,CYAW 161400Z 18011KT 15SM FEW025 FEW150 BKN220 BKN250 15/07 A3026 RMK CU1AC1FU5CI2 DA-46FT SLP249
CYAW,2020-09-16 15:00,-63.4994,44.6397,CYAW 161500Z 20012KT 15SM FEW034 FEW110 BKN220 BKN250 17/09 A3026 RMK CU1AC1FU7CI1 DA117FT SLP247
CYAW,2020-09-16 16:00,-63.4994,44.6397,CYAW 161600Z 19015KT 15SM FEW038 FEW110 BKN220 17/08 A3024 RMK CU1AC1FU6 DA190FT SLP242
CYAW,2020-09-16 17:00,-63.4994,44.6397,CYAW 161700Z 20016G21KT 15SM FEW038 FEW110 BKN220 17/07 A3022 RMK CF1AC1FU6 DA230FT CUFRA TR SLP233
CYAW,2020-09-16 18:00,-63.4994,44.6397,CYAW 161800Z 20015G21KT 15SM FEW040 FEW100 BKN230 17/06 A3021 RMK SC1AC1CI6 DA253FT SLP230
CYAW,2020-09-16 19:00,-63.4994,44.6397,CYAW 161900Z 20016G24KT 15SM FEW030 FEW100 BKN230 17/07 A3019 RMK SC1AC1CI5 DA261FT SLP224
CYAW,2020-09-16 20:00,-63.4994,44.6397,CYAW 162000Z 20014G24KT 15SM FEW030 FEW100 SCT230 17/06 A3018 RMK SC1AC1CI4 DA204FT SLP222
CYAW,2020-09-16 21:00,-63.4994,44.6397,CYAW 162100Z 20016G26KT 15SM FEW120 BKN230 16/07 A3017 RMK AC1CI5 DA115FT SLP218
CYAW,2020-09-16 22:00,-63.4994,44.6397,CYAW 162200Z 20012G20KT 15SM FEW150 BKN240 15/08 A3016 RMK AC2CI4 DA18FT SLP214
CYAW,2020-09-16 23:00,-63.4994,44.6397,CYAW 162300Z 20015G21KT 15SM FEW150 BKN240 14/09 A3015 RMK AC1CI5 DA-10FT SLP212
CYAW,2020-09-17 00:00,-63.4994,44.6397,CYAW 170000Z 20011G16KT 15SM SCT240 14/09 A3015 RMK CI3 DA-13FT SLP212
CYAW,2020-09-17 01:00,-63.4994,44.6397,CYAW 170100Z 20010G18KT 15SM FEW250 14/09 A3014 RMK CI2 DA4FT SLP209
CYAW,2020-09-17 01:19,-63.4994,44.6397,CYAW 170119Z 20009KT 15SM FEW250 15/09 A3015 RMK CI2 DA2FT LAST OBS/NXT 171000 UTC SLP210
CYAW,2020-09-17 10:00,-63.4994,44.6397,CYAW 171000Z 22013KT 15SM FEW028 SCT250 16/14 A3008 RMK SC2CI2 DA350FT FST OBS SLP187
CYAW,2020-09-17 11:00,-63.4994,44.6397,CYAW 171100Z 21012KT 15SM FEW030 BKN250 17/14 A3007 RMK SC2CI4 DA414FT SLP184
CYAW,2020-09-17 12:00,-63.4994,44.6397,CYAW 171200Z 22010G18KT 15SM FEW030 BKN250 18/14 A3008 RMK SC2CI5 DA514FT SLP185
CYAW,2020-09-17 13:00,-63.4994,44.6397,CYAW 171300Z 22011G19KT 15SM FEW031 OVC250 19/15 A3008 RMK SC2CS6 DA662FT SLP186
CYAW,2020-09-17 14:00,-63.4994,44.6397,CYAW 171400Z 22015KT 15SM FEW040 OVC250 20/15 A3008 RMK SC2CS6 DA784FT SLP186
CYAW,2020-09-17 15:00,-63.4994,44.6397,CYAW 171500Z 21015G24KT 15SM FEW035 OVC250 20/16 A3007 RMK SC2CS6 DA871FT SLP182
CYAW,2020-09-17 16:00,-63.4994,44.6397,CYAW 171600Z CCA 20011G18KT 15SM FEW042 OVC250 21/16 A3005 RMK SC2CS6 DA1005FT SLP176
CYAW,2020-09-17 17:00,-63.4994,44.6397,CYAW 171700Z 20013G20KT 15SM FEW040 OVC250 22/15 A3003 RMK SC2CS6 DA1049FT SLP170
CYAW,2020-09-17 18:00,-63.4994,44.6397,CYAW 171800Z 21018G28KT 15SM FEW040 FEW120 OVC230 22/15 A3003 RMK SC1AC1CS8 DA1110FT SLP168
CYAW,2020-09-17 19:00,-63.4994,44.6397,CYAW 171900Z 21016G26KT 15SM FEW040 SCT065 OVC230 21/15 A3001 RMK SC1SC2CS5 DA1047FT SLP163
CYAW,2020-09-17 20:00,-63.4994,44.6397,CYAW 172000Z 20014KT 15SM FEW050 OVC063 21/15 A3000 RMK SC2SC6 DA979FT SLP160
CYAW,2020-09-17 20:48,-63.4994,44.6397,CYAW 172048Z 22011G16KT 15SM -SHRA OVC055 20/16 A3000 RMK SC8 DA912FT SLP160
CYAW,2020-09-17 21:00,-63.4994,44.6397,CYAW 172100Z 21010KT 15SM -SHRA BKN060 OVC230 20/16 A3001 RMK SC7CS1 DA866FT PCPN VRY LGT SLP161
CYAW,2020-09-17 21:32,-63.4994,44.6397,CYAW 172132Z 18012KT 15SM BKN055 OVC230 19/16 A3001 RMK SC6CS2 DA762FT SLP162
CYAW,2020-09-17 22:00,-63.4994,44.6397,CYAW 172200Z 20008KT 15SM SCT040 OVC230 18/16 A3001 RMK SC3CS5 DA670FT SLP164
CYAW,2020-09-17 23:00,-63.4994,44.6397,CYAW 172300Z 22006KT 15SM OVC049 18/16 A3002 RMK SC8 DA610FT SLP165
CYAW,2020-09-18 00:00,-63.4994,44.6397,CYAW 180000Z 21005KT 15SM FEW050 BKN230 17/16 A3003 RMK SC2CS4 DA500FT SLP171
CYAW,2020-09-18 00:22,-63.4994,44.6397,CYAW 180022Z 22005KT 15SM FEW006 BKN055 OVC230 17/16 A3004 RMK SF2SC3CS2 DA466FT SLP172
CYAW,2020-09-18 00:37,-63.4994,44.6397,CYAW 180037Z 24005KT 12SM BKN005 OVC050 17/16 A3004 RMK SF6SC2 DA466FT SLP173
CYAW,2020-09-18 00:47,-63.4994,44.6397,CYAW 180047Z 25006KT 12SM BKN005 OVC050 17/16 A3003 RMK SF6SC2 DA478FT LAST OBS/NXT 180900 UTC SLP171
CYAW,2020-09-18 09:00,-63.4994,44.6397,CYAW 180900Z 02007KT 8SM OVC004 14/13 A3001 RMK ST8 DA106FT FST OBS SLP163
CYAW,2020-09-18 09:33,-63.4994,44.6397,CYAW 180933Z 04007KT 5SM -DZ BR OVC004 14/13 A3000 RMK ST8 DA118FT SLP160
CYAW,2020-09-18 10:00,-63.4994,44.6397,CYAW 181000Z 04006KT 4SM -DZ BR OVC004 14/13 A3000 RMK ST8 DA118FT VIS LWR N SLP158
CYAW,2020-09-18 10:15,-63.4994,44.6397,CYAW 181015Z 04006KT 6SM BR FEW002 OVC006 14/13 A3000 RMK SF1ST7 DA118FT SLP159
CYAW,2020-09-18 11:00,-63.4994,44.6397,CYAW 181100Z 02005KT 8SM FEW002 BKN011 OVC120 14/13 A3000 RMK SF1SC4AS3 DA128FT SUN DIMLY VISBL SLP160
CYAW,2020-09-18 11:23,-63.4994,44.6397,CYAW 181123Z 03005KT 9SM FEW008 BKN023 BKN034 OVC120 14/13 A3001 RMK SF2SC5SC1AS1 DA141FT SLP163
CYAW,2020-09-18 11:52,-63.4994,44.6397,CYAW 181152Z 02004KT 9SM BKN009 OVC011 14/13 A3002 RMK ST6SC2 DA139FT SLP166
CYAW,2020-09-18 12:00,-63.4994,44.6397,CYAW 181200Z 01005KT 9SM BKN009 OVC011 14/13 A3002 RMK ST6SC2 DA152FT SLP165
CYAW,2020-09-18 12:36,-63.4994,44.6397,CYAW 181236Z 01004KT 9SM FEW011 BKN042 OVC120 15/13 A3002 RMK SF1SC5AS2 DA201FT SUN DIMLY VISBL SLP165
CYAW,2020-09-18 13:00,-63.4994,44.6397,CYAW 181300Z 01003KT 9SM BKN042 OVC120 15/13 A3002 RMK SC6AS2 DA248FT SUN DIMLY VISBL SLP165
CYAW,2020-09-18 14:00,-63.4994,44.6397,CYAW 181400Z 06003KT 10SM BKN012 OVC027 16/14 A3001 RMK SC6SC2 DA349FT SLP162
CYAW,2020-09-18 15:00,-63.4994,44.6397,CYAW 181500Z 07003KT 10SM BKN012 OVC034 17/14 A2998 RMK SC6SC2 DA497FT LAST OBS/NEXT 200800 UTC CU ASOCTD SLP151
CYAW,2020-09-20 09:00,-63.4994,44.6397,CYAW 200900Z 32004KT 15SM FEW250 03/03 A3034 RMK CI2 DA-1662FT FST OBS SLP276
CYAW,2020-09-20 10:00,-63.4994,44.6397,CYAW 201000Z 34006KT 15SM FEW030 FEW250 04/02 A3035 RMK SC1CI2 DA-1625FT SC TR SLP279
CYAW,2020-09-20 11:00,-63.4994,44.6397,CYAW 201100Z 34004KT 15SM FEW030 FEW090 FEW250 05/04 A3037 RMK SC1AC1CI2 DA-1402FT SC TR AC TR SLP286
CYAW,2020-09-20 12:00,-63.4994,44.6397,CYAW 201200Z 33005KT 15SM FEW030 FEW090 FEW250 10/05 A3038 RMK SC1AC2CI1 DA-864FT SLP290
CYAW,2020-09-20 13:00,-63.4994,44.6397,CYAW 201300Z 32006KT 15SM FEW030 FEW090 FEW250 12/05 A3040 RMK SC1AC1CI1 DA-613FT SLP294
CYAW,2020-09-20 14:00,-63.4994,44.6397,CYAW 201400Z 31012KT 15SM FEW030 FEW090 FEW250 13/05 A3040 RMK SC1AC1CI2 DA-516FT SLP295
CYAW,2020-09-20 15:00,-63.4994,44.6397,CYAW 201500Z 30009G15KT 15SM FEW040 FEW090 SCT250 13/04 A3040 RMK CU2AC1CI1 DA-541FT SLP294
CYAW,2020-09-20 16:00,-63.4994,44.6397,CYAW 201600Z 30011G18KT 15SM FEW040 SCT250 15/03 A3039 RMK CU2CI2 DA-305FT SLP293
CYAW,2020-09-20 17:00,-63.4994,44.6397,CYAW 201700Z 35010G15KT 15SM SCT060 BKN250 13/03 A3040 RMK CU3CI2 DA-459FT SLP294
CYAW,2020-09-20 18:00,-63.4994,44.6397,CYAW 201800Z 35013KT 15SM FEW070 SCT250 15/01 A3039 RMK CU2CI2 DA-316FT SLP292
CYAW,2020-09-20 19:00,-63.4994,44.6397,CYAW 201900Z 33011G18KT 15SM FEW070 FEW250 15/M01 A3040 RMK CU1CI1 DA-319FT SLP296
CYAW,2020-09-20 19:43,-63.4994,44.6397,CYAW 201943Z 35011G19KT 15SM FEW070 FEW250 14/M01 A3040 RMK CU1CI1 DA-380FT LAST OBS/NEXT 210900 UTC SLP295
CYAW,2020-09-21 09:00,-63.4994,44.6397,CYAW 210900Z 02006KT 10SM FEW110 07/03 A3055 RMK AC1 DA-1447FT FST OBS SLP348
CYAW,2020-09-21 10:00,-63.4994,44.6397,CYAW 211000Z 32006KT 15SM FEW020 FEW180 04/03 A3056 RMK CU1AS2 DA-1748FT SLP349
CYAW,2020-09-21 11:00,-63.4994,44.6397,CYAW 211100Z 32003KT 15SM FEW020 FEW180 05/04 A3058 RMK CF1AC2 DA-1740FT CUFRA TR SLP356
CYAW,2020-09-21 12:00,-63.4994,44.6397,CYAW 211200Z 36006KT 15SM FEW020 FEW180 FEW220 09/04 A3057 RMK CF1AC1CI1 DA-1166FT CUFRA TR SLP353
CYAW,2020-09-21 13:00,-63.4994,44.6397,CYAW 211300Z 36007KT 15SM FEW028 FEW250 11/04 A3056 RMK CU1CI2 DA-875FT SLP351
CYAW,2020-09-21 14:00,-63.4994,44.6397,CYAW 211400Z 04007KT 15SM FEW020 FEW250 13/05 A3057 RMK CU1CI2 DA-672FT CU TR SLP353
CYAW,2020-09-21 15:00,-63.4994,44.6397,CYAW 211500Z 04007KT 15SM FEW030 SCT250 13/03 A3055 RMK CU1CI3 DA-643FT CU TR SLP347
CYAW,2020-09-21 16:00,-63.4994,44.6397,CYAW 211600Z 07006KT 15SM FEW030 SCT250 15/04 A3053 RMK CU1CI3 DA-459FT CU TR SLP341
CYAW,2020-09-21 17:00,-63.4994,44.6397,CYAW 211700Z 07006KT 15SM FEW030 BKN250 15/04 A3052 RMK CU1CI4 DA-408FT SLP337
CYAW,2020-09-21 18:00,-63.4994,44.6397,CYAW 211800Z 03009KT 15SM FEW030 BKN250 16/03 A3050 RMK CU1CI4 DA-310FT SLP329
CYAW,2020-09-21 19:00,-63.4994,44.6397,CYAW 211900Z 05007KT 15SM FEW030 BKN250 15/05 A3048 RMK CU1CS6 DA-336FT CU TR SLP322
CYAW,2020-09-21 20:00,-63.4994,44.6397,CYAW 212000Z 12006KT 15SM FEW030 BKN230 14/06 A3046 RMK SC1CS6 DA-457FT HALO SLP315
CYAW,2020-09-21 21:00,-63.4994,44.6397,CYAW 212100Z 13004KT 15SM BKN230 12/07 A3045 RMK CS7 DA-607FT SLP312
CYAW,2020-09-21 22:00,-63.4994,44.6397,CYAW 212200Z 09003KT 15SM BKN230 11/07 A3044 RMK CS7 DA-714FT SLP311
CYAW,2020-09-21 22:24,-63.4994,44.6397,CYAW 212224Z 09003KT 15SM BKN230 11/07 A3045 RMK CS7 DA-802FT LAST OBS/NXT 230900 UTC SLP312
CYAW,2020-09-23 15:00,-63.4994,44.6397,CYAW 231500Z 29019G30KT 15SM OVC013 12/10 A2924 RMK ST8 DA819FT FST OBS SLP901
CYAW,2020-09-23 16:00,-63.4994,44.6397,CYAW 231600Z 29022G29KT 15SM OVC014 13/10 A2931 RMK ST8 DA741FT PRESRR SLP924
CYAW,2020-09-23 16:21,-63.4994,44.6397,CYAW 231621Z 30019G27KT 15SM OVC018 13/10 A2932 RMK SC8 DA731FT SLP929
CYAW,2020-09-23 17:00,-63.4994,44.6397,CYAW 231700Z 29018G24KT 15SM OVC016 12/10 A2934 RMK SC8 DA671FT SLP936
CYAW,2020-09-23 18:00,-63.4994,44.6397,CYAW 231800Z 29015KT 15SM OVC017 12/10 A2938 RMK SC8 DA636FT SLP950
CYAW,2020-09-23 19:00,-63.4994,44.6397,CYAW 231900Z 30012G19KT 15SM OVC018 13/10 A2941 RMK SC8 DA626FT SLP960
CYAW,2020-09-23 20:00,-63.4994,44.6397,CYAW 232000Z 29010G17KT 15SM FEW021 BKN040 BKN120 13/10 A2943 RMK SC1SC7AC1 DA714FT SLP967
CYAW,2020-09-23 21:00,-63.4994,44.6397,CYAW 232100Z 23006KT 15SM FEW038 BKN043 14/11 A2946 RMK SC2SC6 DA758FT SLP977
CYAW,2020-09-23 21:47,-63.4994,44.6397,CYAW 232147Z 22004KT 15SM BKN057 BKN120 14/11 A2948 RMK SC7AC1 DA717FT LAST OBS/NEXT 240900 UTC SLP982
CYAW,2020-09-24 09:00,-63.4994,44.6397,CYAW 240900Z 27007KT 15SM SKC 13/11 A2968 RMK DA374FT FST OBS SLP050
CYAW,2020-09-24 10:00,-63.4994,44.6397,CYAW 241000Z 30007KT 15SM FEW250 12/11 A2969 RMK CI1 DA287FT SLP056
CYAW,2020-09-24 11:00,-63.4994,44.6397,CYAW 241100Z 28008KT 15SM FEW250 14/11 A2972 RMK CI1 DA449FT CI TR SLP066
CYAW,2020-09-24 12:00,-63.4994,44.6397,CYAW 241200Z 27007KT 15SM SKC 16/12 A2974 RMK DA634FT SLP072
CYAW,2020-09-24 13:00,-63.4994,44.6397,CYAW 241300Z 28010KT 15SM SKC 17/12 A2976 RMK DA814FT SLP080
CYAW,2020-09-24 14:00,-63.4994,44.6397,CYAW 241400Z 28007KT 15SM FEW030 FEW250 19/12 A2978 RMK CU1CI2 DA970FT SLP084
CYAW,2020-09-24 15:00,-63.4994,44.6397,CYAW 241500Z 26008KT 15SM FEW030 FEW160 SCT250 21/12 A2978 RMK CU2AC1CI1 DA1212FT SLP084
CYAW,2020-09-24 16:00,-63.4994,44.6397,CYAW 241600Z 25012G18KT 15SM FEW040 BKN250 22/13 A2978 RMK CU2CI2 DA1300FT SLP086
CYAW,2020-09-24 17:00,-63.4994,44.6397,CYAW 241700Z 24011G17KT 15SM SCT040 BKN250 21/13 A2978 RMK CU3CI2 DA1257FT SLP084
CYAW,2020-09-24 18:00,-63.4994,44.6397,CYAW 241800Z 25010G17KT 15SM SCT050 SCT250 21/13 A2977 RMK CU3CI1 DA1277FT SLP083
CYAW,2020-09-24 19:00,-63.4994,44.6397,CYAW 241900Z 25014KT 15SM FEW050 FEW250 22/11 A2978 RMK CU2CI1 DA1313FT SLP084
CYAW,2020-09-24 20:00,-63.4994,44.6397,CYAW 242000Z 26013KT 15SM FEW040 SCT250 22/10 A2978 RMK SC1CI3 DA1286FT SLP086
CYAW,2020-09-24 21:00,-63.4994,44.6397,CYAW 242100Z 26009KT 15SM BKN250 20/11 A2981 RMK CI7 DA1104FT SLP096
CYAW,2020-09-24 22:00,-63.4994,44.6397,CYAW 242200Z 28008KT 15SM OVC230 19/09 A2984 RMK CS8 DA859FT SLP106
CYAW,2020-09-24 23:00,-63.4994,44.6397,CYAW 242300Z 28007KT 15SM OVC240 17/10 A2987 RMK CS8 DA618FT SLP116
CYAW,2020-09-24 23:40,-63.4994,44.6397,CYAW 242340Z 25004KT 15SM BKN250 16/10 A2990 RMK CI6 DA503FT LAST OBS/NXT 250900 UTC SLP124
CYAW,2020-09-25 09:00,-63.4994,44.6397,CYAW 250900Z 32003KT 15SM FEW070 10/10 A3001 RMK AC1 DA-321FT FST OBS SLP163
CYAW,2020-09-25 10:00,-63.4994,44.6397,CYAW 251000Z 35004KT 15SM FEW070 FEW250 10/10 A3004 RMK AC2CI1 DA-380FT SLP174
CYAW,2020-09-25 11:00,-63.4994,44.6397,CYAW 251100Z 35003KT 12SM SCT085 SCT250 11/10 A3007 RMK AC3CI1 DA-340FT SLP184
CYAW,2020-09-25 12:00,-63.4994,44.6397,CYAW 251200Z 31002KT 15SM BKN082 BKN250 12/09 A3009 RMK AC6CI1 DA-199FT ACC ASOCTD W SH DIST S SLP192
CYAW,2020-09-25 13:00,-63.4994,44.6397,CYAW 251300Z 00000KT 12SM FEW070 FEW250 14/10 A3010 RMK ACC2CI1 DA-34FT SLP195
CYAW,2020-09-25 14:00,-63.4994,44.6397,CYAW 251400Z 25004KT 15SM SCT070 BKN250 15/10 A3011 RMK AC3CI2 DA91FT SLP199
CYAW,2020-09-25 15:00,-63.4994,44.6397,CYAW 251500Z 24004KT 15SM FEW070 SCT250 16/05 A3011 RMK AC2CI2 DA242FT SLP197
CYAW,2020-09-25 16:00,-63.4994,44.6397,CYAW 251600Z 23005KT 15SM FEW070 FEW250 18/08 A3010 RMK AC1CI2 DA404FT SLP194
CYAW,2020-09-25 17:00,-63.4994,44.6397,CYAW 251700Z 17007KT 15SM FEW070 FEW250 18/10 A3009 RMK AC1CI1 DA472FT AC TR SLP191
CYAW,2020-09-25 18:00,-63.4994,44.6397,CYAW 251800Z 18003KT 15SM FEW250 19/09 A3009 RMK CI1 DA542FT SLP188
CYAW,2020-09-25 19:00,-63.4994,44.6397,CYAW 251900Z 20005KT 15SM FEW250 19/08 A3009 RMK CI1 DA606FT SLP188
CYAW,2020-09-25 20:00,-63.4994,44.6397,CYAW 252000Z 19005KT 15SM FEW250 19/08 A3009 RMK CI2 DA616FT SLP188
CYAW,2020-09-25 20:38,-63.4994,44.6397,CYAW 252038Z 21005KT 15SM FEW250 19/08 A3009 RMK CI2 DA616FT LAST OBS/NEXT 280900 UTC SLP190
CYAW,2020-09-28 09:00,-63.4994,44.6397,CYAW 280900Z 19006KT 0SM FG VV001 17/17 A3015 RMK FG8 DA402FT FST OBS SLP209
CYAW,2020-09-28 10:00,-63.4994,44.6397,CYAW 281000Z 19007KT 1/4SM FG VV002 17/17 A3015 RMK FG8 DA388FT VIS VRB 1/8-3/8 SLP209
CYAW,2020-09-28 10:18,-63.4994,44.6397,CYAW 281018Z 18008KT 0SM -DZ FG VV001 17/17 A3015 RMK FG8 DA388FT SLP211
CYAW,2020-09-28 11:00,-63.4994,44.6397,CYAW 281100Z 19007KT 1/4SM FG VV001 17/17 A3016 RMK FG8 DA403FT SLP212
CYAW,2020-09-28 11:38,-63.4994,44.6397,CYAW 281138Z 20008KT 1/8SM -DZ FG VV001 17/17 A3016 RMK FG8 DA403FT VIS VRB 0-1/4 SLP214
CYAW,2020-09-28 12:00,-63.4994,44.6397,CYAW 281200Z 21005KT 1/8SM -DZ FG VV001 17/17 A3017 RMK FG8 DA392FT VIS VRB 0-1/4 SLP216
CYAW,2020-09-28 13:00,-63.4994,44.6397,CYAW 281300Z 20005KT 1/4SM -DZ FG VV001 18/18 A3017 RMK FG8 DA526FT VIS VRB 1/8-3/8 SLP218
CYAW,2020-09-28 13:17,-63.4994,44.6397,CYAW 281317Z 20005KT 1/4SM FG VV002 18/18 A3018 RMK FG8 DA528FT VIS VRB 1/8-3/8 SLP220
CYAW,2020-09-28 14:00,-63.4994,44.6397,CYAW 281400Z 20009KT 1/4SM FG VV003 19/19 A3018 RMK FG8 DA582FT VIS VRB 1/8-3/8 SLP220
CYAW,2020-09-28 14:34,-63.4994,44.6397,CYAW 281434Z 20009KT 1 1/2SM BR OVC003 19/19 A3018 RMK SF8 DA622FT SLP220
CYAW,2020-09-28 14:42,-63.4994,44.6397,CYAW 281442Z 20013KT 3SM BR OVC005 19/19 A3018 RMK SF8 DA649FT SLP219
CYAW,2020-09-28 14:51,-63.4994,44.6397,CYAW 281451Z 20008G15KT 6SM BR OVC005 19/19 A3018 RMK SF8 DA676FT SLP219
CYAW,2020-09-28 15:00,-63.4994,44.6397,CYAW 281500Z 20009KT 8SM OVC005 20/20 A3018 RMK SF8 DA716FT SLP219
CYAW,2020-09-28 16:00,-63.4994,44.6397,CYAW 281600Z 21008G15KT 8SM OVC005 21/20 A3017 RMK SF8 DA884FT SLP216
CYAW,2020-09-28 16:08,-63.4994,44.6397,CYAW 281608Z 20010G15KT 8SM OVC008 21/20 A3017 RMK SF8 DA911FT SLP217
CYAW,2020-09-28 17:00,-63.4994,44.6397,CYAW 281700Z 20008KT 10SM OVC008 22/20 A3016 RMK SF8 DA981FT SLP213
CYAW,2020-09-28 17:20,-63.4994,44.6397,CYAW 281720Z 21008KT 12SM SCT008 BKN019 22/20 A3015 RMK SF3SC3 DA1063FT SLP211
CYAW,2020-09-28 18:00,-63.4994,44.6397,CYAW 281800Z 22011G18KT 12SM SCT009 BKN023 22/20 A3015 RMK SF3SC4 DA1025FT SLP210
CYAW,2020-09-28 19:00,-63.4994,44.6397,CYAW 281900Z 19009KT 12SM BKN009 OVC016 21/20 A3016 RMK SF5SC3 DA890FT SLP213
CYAW,2020-09-28 20:00,-63.4994,44.6397,CYAW 282000Z 19010KT 10SM OVC007 21/19 A3017 RMK SF8 DA852FT VIS LWR S SLP215
CYAW,2020-09-28 20:28,-63.4994,44.6397,CYAW 282028Z 19007KT 10SM FEW003 OVC008 21/19 A3017 RMK SF1SF8 DA825FT VIS LWR SE-SW SLP215
CYAW,2020-09-28 21:00,-63.4994,44.6397,CYAW 282100Z 20009KT 10SM FEW003 OVC006 20/19 A3017 RMK SF1SF8 DA764FT VIS LWR SE-SW SLP216
CYAW,2020-09-28 21:32,-63.4994,44.6397,CYAW 282132Z 20008KT 10SM BKN006 19/19 A3017 RMK SF7 DA688FT VIS LWR SE-SW SLP217
CYAW,2020-09-28 21:52,-63.4994,44.6397,CYAW 282152Z 19009KT 10SM OVC004 19/18 A3017 RMK SF8 DA613FT VIS LWR SE-SW SLP218
CYAW,2020-09-28 22:00,-63.4994,44.6397,CYAW 282200Z 19009G16KT 8SM OVC004 19/18 A3017 RMK SF8 DA611FT VIS LWR SE-SW SLP218
CYAW,2020-09-28 23:00,-63.4994,44.6397,CYAW 282300Z 20008G16KT 8SM BKN004 OVC008 18/18 A3018 RMK SF6SF2 DA550FT SLP219
CYAW,2020-09-28 23:11,-63.4994,44.6397,CYAW 282311Z 19008G16KT 8SM BKN004 OVC008 18/18 A3017 RMK SF6SF2 DA533FT VIS LWR SE-SW LAST OBS/NXT 290900 UTC SLP218
CYAW,2020-09-29 09:00,-63.4994,44.6397,CYAW 290900Z 18003KT 8SM FEW002 BKN006 18/18 A3014 RMK SF1ST7 DA582FT FST OBS SLP205
CYAW,2020-09-29 10:00,-63.4994,44.6397,CYAW 291000Z 18011KT 3SM BR FEW002 OVC004 18/18 A3014 RMK SF1ST7 DA542FT VIS LWR N SLP205
CYAW,2020-09-29 10:41,-63.4994,44.6397,CYAW 291041Z 18008KT 3SM BR OVC003 18/18 A3014 RMK ST8 DA544FT VIS LWR N SLP208
CYAW,2020-09-29 11:00,-63.4994,44.6397,CYAW 291100Z 18008KT 2SM BR OVC003 18/18 A3014 RMK ST8 DA557FT VIS LWR N SLP208
CYAW,2020-09-29 11:31,-63.4994,44.6397,CYAW 291131Z 18008KT 1 1/2SM BR OVC002 18/18 A3015 RMK ST8 DA572FT SLP209
CYAW,2020-09-29 12:00,-63.4994,44.6397,CYAW 291200Z 18010G16KT 1/4SM FG OVC002 18/18 A3015 RMK ST8 DA572FT VIS VRB 1/8-3/8 SLP209
CYAW,2020-09-29 13:00,-63.4994,44.6397,CYAW 291300Z 17008KT 1/2SM FG OVC002 18/18 A3015 RMK ST8 DA572FT SLP209
CYAW,2020-09-29 13:13,-63.4994,44.6397,CYAW 291313Z 18008KT 3/4SM BR OVC002 19/18 A3015 RMK ST8 DA609FT SLP210
CYAW,2020-09-29 13:30,-63.4994,44.6397,CYAW 291330Z 18010KT 1SM BR OVC004 19/19 A3015 RMK ST8 DA686FT VIS VRB 3/4-1 1/2 SLP210
CYAW,2020-09-29 13:49,-63.4994,44.6397,CYAW 291349Z 19010KT 6SM BR OVC005 20/19 A3015 RMK ST8 DA735FT SLP211
CYAW,2020-09-29 14:00,-63.4994,44.6397,CYAW 291400Z 18010G15KT 8SM BKN005 OVC012 20/19 A3015 RMK SF6ST2 DA748FT SLP211
CYAW,2020-09-29 14:47,-63.4994,44.6397,CYAW 291447Z 18012G17KT 10SM SCT005 BKN011 21/19 A3014 RMK SF3SC2 DA871FT SLP207
CYAW,2020-09-29 15:00,-63.4994,44.6397,CYAW 291500Z 18013KT 12SM FEW006 BKN012 21/19 A3014 RMK SF2SC2 DA931FT SLP205
CYAW,2020-09-29 16:00,-63.4994,44.6397,CYAW 291600Z 17013KT 10SM FEW008 BKN012 21/19 A3013 RMK SF2SC3 DA912FT SLP204
CYAW,2020-09-29 17:00,-63.4994,44.6397,CYAW 291700Z 17010KT 10SM SCT008 BKN011 20/19 A3012 RMK SF4SC3 DA864FT SLP200
CYAW,2020-09-29 18:00,-63.4994,44.6397,CYAW 291800Z 17011KT 10SM FEW008 BKN011 21/19 A3010 RMK SF2SC3 DA971FT CU ASOCTD SLP194
CYAW,2020-09-29 19:00,-63.4994,44.6397,CYAW 291900Z 16008KT 10SM BKN007 20/19 A3009 RMK SF7 DA901FT VIS LWR S SLP191
CYAW,2020-09-29 19:39,-63.4994,44.6397,CYAW 291939Z 17010KT 10SM FEW003 BKN009 20/19 A3009 RMK SF1SF6 DA815FT VIS LWR SE-S SLP191
CYAW,2020-09-29 20:00,-63.4994,44.6397,CYAW 292000Z 16009KT 10SM BKN002 BKN010 19/18 A3009 RMK SF5SF2 DA751FT VIS S 3 BR SLP190
CYAW,2020-09-29 20:11,-63.4994,44.6397,CYAW 292011Z 16011KT 1SM BR OVC002 19/18 A3009 RMK SF8 DA688FT VIS NW-N 5 SLP190
CYAW,2020-09-29 20:30,-63.4994,44.6397,CYAW 292030Z 17007KT 3/4SM BR OVC002 18/18 A3009 RMK SF8 DA639FT VIS NW-N 3 SLP190
CYAW,2020-09-29 21:00,-63.4994,44.6397,CYAW 292100Z 16010KT 3/8SM FG VV001 18/18 A3009 RMK FG8 DA601FT SLP188
CYAW,2020-09-29 21:21,-63.4994,44.6397,CYAW 292121Z 17007KT 3/4SM BR VV002 18/18 A3008 RMK FG8 DA627FT SLP187
CYAW,2020-09-29 22:00,-63.4994,44.6397,CYAW 292200Z 17009KT 3/4SM BR VV001 18/18 A3008 RMK FG8 DA640FT VIS VRB 1/2-1 SLP185
CYAW,2020-09-29 22:29,-63.4994,44.6397,CYAW 292229Z 16007G15KT 1/2SM FG VV001 18/18 A3008 RMK FG8 DA587FT SLP185
CYAW,2020-09-29 22:45,-63.4994,44.6397,CYAW 292245Z 18007KT 3/8SM FG VV000 18/18 A3008 RMK FG8 DA573FT SLP185
CYAW,2020-09-29 23:00,-63.4994,44.6397,CYAW 292300Z 17005KT 1/4SM FG VV000 18/18 A3008 RMK FG8 DA587FT SLP186
CYAW,2020-09-29 23:16,-63.4994,44.6397,CYAW 292316Z 17010KT 1/8SM FG VV000 18/18 A3008 RMK FG8 DA573FT LAST OBS/NXT 300900 UTC SLP186
CYAW,2020-09-30 09:00,-63.4994,44.6397,CYAW 300900Z 16008KT 0SM -DZ FG VV001 17/17 A2996 RMK FG8 DA592FT FST OBS SLP146
CYAW,2020-09-30 10:00,-63.4994,44.6397,CYAW 301000Z 16007KT 0SM -DZ FG VV001 17/17 A2995 RMK FG8 DA604FT SLP141
CYAW,2020-09-30 10:18,-63.4994,44.6397,CYAW 301018Z 17009KT 0SM RA FG VV001 17/17 A2994 RMK FG8 DA628FT SLP139
CYAW,2020-09-30 10:33,-63.4994,44.6397,CYAW 301033Z 17009KT 0SM -DZ FG VV001 17/17 A2994 RMK FG8 DA628FT SLP140
CYAW,2020-09-30 11:00,-63.4994,44.6397,CYAW 301100Z 16010KT 0SM -DZ FG VV001 17/17 A2993 RMK FG8 DA653FT SLP136
CYAW,2020-09-30 11:28,-63.4994,44.6397,CYAW 301128Z 17014KT 0SM FG VV001 17/17 A2993 RMK FG8 DA693FT SLP135
CYAW,2020-09-30 12:00,-63.4994,44.6397,CYAW 301200Z 18015G21KT 0SM -SHRA FG VV001 18/18 A2992 RMK FG8 DA758FT SLP134
CYAW,2020-09-30 12:25,-63.4994,44.6397,CYAW 301225Z 17014G19KT 0SM FG VV001 18/18 A2992 RMK FG8 DA745FT SLP131
CYAW,2020-09-30 13:00,-63.4994,44.6397,CYAW 301300Z 17014G24KT 0SM -DZ FG VV001 18/18 A2991 RMK FG8 DA783FT SLP128
CYAW,2020-09-30 14:00,-63.4994,44.6397,CYAW 301400Z 18016G25KT 0SM -DZ FG VV001 18/18 A2989 RMK FG8 DA860FT SLP122
CYAW,2020-09-30 14:15,-63.4994,44.6397,CYAW 301415Z 17016G25KT 0SM SHRA FG VV001 18/18 A2988 RMK FG8 DA844FT SLP118
CYAW,2020-09-30 15:00,-63.4994,44.6397,CYAW 301500Z 17017G24KT 0SM -DZ FG VV001 18/18 A2987 RMK FG8 DA869FT SLP114
CYAW,2020-09-30 16:00,-63.4994,44.6397,CYAW 301600Z 18015G20KT 0SM -DZ FG VV001 18/18 A2983 RMK FG8 DA955FT PCPN VRY LGT SLP102
CYAW,2020-09-30 17:00,-63.4994,44.6397,CYAW 301700Z 18013G20KT 0SM -DZ FG VV001 19/19 A2981 RMK FG8 DA1019FT PCPN VRY LGT SLP094
CYAW,2020-09-30 17:43,-63.4994,44.6397,CYAW 301743Z 18018G25KT 1/8SM -DZ FG VV001 19/19 A2978 RMK FG8 DA1093FT SLP086
CYAW,2020-09-30 18:00,-63.4994,44.6397,CYAW 301800Z 18016G25KT 1/8SM -DZ FG VV001 19/19 A2977 RMK FG8 DA1132FT SLP081
CYAW,2020-09-30 19:00,-63.4994,44.6397,CYAW 301900Z 18019G26KT 1/8SM -DZ FG VV001 19/19 A2974 RMK FG8 DA1180FT VIS VRB 0-1/4 PCPN VRY LGT SLP069
CYAW,2020-09-30 19:20,-63.4994,44.6397,CYAW 301920Z 18021G28KT 1/4SM FG VV001 19/19 A2974 RMK FG8 DA1193FT VIS VRB 1/8-3/8 SLP070
CYAW,2020-09-30 19:47,-63.4994,44.6397,CYAW 301947Z 18020G26KT 1/2SM FG VV002 19/19 A2973 RMK FG8 DA1205FT VIS VRB 1/4-3/4 SLP067
CYAW,2020-09-30 20:00,-63.4994,44.6397,CYAW 302000Z 18021G29KT 1/2SM FG VV002 20/20 A2973 RMK FG8 DA1218FT VIS VRB 1/4-3/4 SLP066
CYAW,2020-09-30 20:55,-63.4994,44.6397,CYAW 302055Z 18020G33KT 1/2SM FG VV002 19/19 A2972 RMK FG8 DA1216FT LAST OBS/NEXT 010900 UTC SLP065
CYAW,2020-10-01 09:00,-63.4994,44.6397,CYAW 010900Z 28003KT 8SM FEW100 13/13 A2990 RMK AS1 DA206FT MOON DIMLY VISBL FST OBS SLP125
CYAW,2020-10-01 10:00,-63.4994,44.6397,CYAW 011000Z 27004KT 10SM FEW006 FEW100 BKN250 13/13 A2992 RMK SF1AC1CI5 DA142FT SLP132
CYAW,2020-10-01 11:00,-63.4994,44.6397,CYAW 011100Z 22005KT 10SM FEW006 FEW100 BKN250 13/13 A2994 RMK SF1AC1CI6 DA159FT SLP138
CYAW,2020-10-01 12:00,-63.4994,44.6397,CYAW 011200Z 24005KT 12SM FEW100 BKN250 16/14 A2995 RMK AC1CI6 DA411FT SLP142
CYAW,2020-10-01 13:00,-63.4994,44.6397,CYAW 011300Z 18004KT 12SM FEW020 FEW100 BKN250 17/15 A2996 RMK SC1AC1CI6 DA622FT SLP146
CYAW,2020-10-01 14:00,-63.4994,44.6397,CYAW 011400Z 23004KT 12SM FEW020 BKN250 18/14 A2997 RMK SC1CI6 DA722FT SLP149
CYAW,2020-10-01 15:00,-63.4994,44.6397,CYAW 011500Z 19007KT 12SM FEW020 FEW040 BKN250 19/14 A2996 RMK CF1CU1CI5 DA840FT CUFRA TR SLP147
CYAW,2020-10-01 16:00,-63.4994,44.6397,CYAW 011600Z 17010KT 12SM FEW020 FEW040 BKN250 20/15 A2997 RMK CF1CU1CI6 DA890FT CUFRA TR SLP148
CYAW,2020-10-01 17:00,-63.4994,44.6397,CYAW 011700Z 17010KT 12SM FEW040 BKN250 19/14 A2996 RMK CU1CI5 DA839FT FG BANK S SLP147
CYAW,2020-10-01 18:00,-63.4994,44.6397,CYAW 011800Z 19008KT 12SM FEW040 BKN250 19/14 A2997 RMK CU1CI5 DA823FT FG BANK S SLP148
CYAW,2020-10-01 19:00,-63.4994,44.6397,CYAW 011900Z 17008KT 12SM FEW040 SCT250 19/15 A2997 RMK CU1CI3 DA760FT FG BANK S SLP149
CYAW,2020-10-01 20:00,-63.4994,44.6397,CYAW 012000Z 17012KT 12SM FEW040 SCT250 17/15 A2998 RMK SC1CI2 DA568FT FG BANK S SLP151
CYAW,2020-10-01 20:23,-63.4994,44.6397,CYAW 012023Z 18010KT 12SM BKN007 BKN250 16/15 A2998 RMK SF5CI1 DA472FT SLP154
CYAW,2020-10-01 21:00,-63.4994,44.6397,CYAW 012100Z 18009KT 15SM BKN007 16/15 A2998 RMK SF6 DA410FT SLP154
CYAW,2020-10-01 22:00,-63.4994,44.6397,CYAW 012200Z 18007KT 15SM BKN009 BKN250 15/14 A3001 RMK SF5CI2 DA299FT SLP161
CYAW,2020-10-01 22:14,-63.4994,44.6397,CYAW 012214Z 18008KT 15SM SCT009 SCT250 15/14 A3001 RMK SF3CI1 DA287FT SLP162
CYAW,2020-10-01 22:39,-63.4994,44.6397,CYAW 012239Z 18006KT 12SM BKN008 15/14 A3001 RMK SF6 DA275FT SLP162
CYAW,2020-10-01 23:00,-63.4994,44.6397,CYAW 012300Z 18005KT 12SM BKN008 BKN250 15/15 A3001 RMK SF5CI1 DA289FT SLP163
CYAW,2020-10-01 23:33,-63.4994,44.6397,CYAW 012333Z 18006KT 12SM BKN008 15/15 A3002 RMK SF5 DA278FT LAST OBS/NEXT 020900 UTC SLP165
CYAW,2020-10-02 09:00,-63.4994,44.6397,CYAW 020900Z 00000KT 8SM BKN005 14/13 A3004 RMK ST7 DA60FT FST OBS SLP173
CYAW,2020-10-02 10:00,-63.4994,44.6397,CYAW 021000Z 09003KT 8SM FEW005 BKN008 14/14 A3004 RMK SF1SC6 DA101FT SLP174
CYAW,2020-10-02 10:15,-63.4994,44.6397,CYAW 021015Z 08003KT 5SM BR FEW006 BKN008 14/14 A3005 RMK SF2SC5 DA76FT SLP175
CYAW,2020-10-02 11:00,-63.4994,44.6397,CYAW 021100Z 11002KT 3SM BR FEW005 BKN008 14/14 A3005 RMK SF1SC6 DA169FT SLP176
CYAW,2020-10-02 11:45,-63.4994,44.6397,CYAW 021145Z 12007KT 3SM BR FEW003 BKN008 15/15 A3005 RMK SF2SC6 DA234FT VIS LWR N SLP175
CYAW,2020-10-02 12:00,-63.4994,44.6397,CYAW 021200Z 13005KT 3SM BR FEW002 OVC004 15/15 A3005 RMK SF1ST8 DA248FT VIS LWR N SLP177
CYAW,2020-10-02 13:00,-63.4994,44.6397,CYAW 021300Z 12006KT 5SM BR FEW006 BKN010 16/15 A3006 RMK SF1SC6 DA384FT CU ASOCTD SLP178
CYAW,2020-10-02 13:21,-63.4994,44.6397,CYAW 021321Z 10006KT 8SM FEW006 BKN009 17/15 A3006 RMK SF1SC6 DA445FT CU ASOCTD SLP178
CYAW,2020-10-02 14:00,-63.4994,44.6397,CYAW 021400Z 11005KT 8SM FEW008 BKN012 16/15 A3005 RMK SF1SC7 DA415FT SLP177
CYAW,2020-10-02 15:00,-63.4994,44.6397,CYAW 021500Z 11008KT 12SM BKN012 BKN250 17/15 A3004 RMK SC5CI1 DA457FT SLP173
CYAW,2020-10-02 16:00,-63.4994,44.6397,CYAW 021600Z 12007KT 12SM BKN012 BKN250 16/15 A3002 RMK SC5CI2 DA431FT SLP167
CYAW,2020-10-02 16:46,-63.4994,44.6397,CYAW 021646Z 12004KT 15SM SCT012 BKN250 16/14 A3001 RMK SC3CI3 DA441FT SLP164
CYAW,2020-10-02 17:00,-63.4994,44.6397,CYAW 021700Z 13006KT 15SM SCT012 BKN250 16/14 A3001 RMK SC4CI2 DA393FT SLP162
CYAW,2020-10-02 17:11,-63.4994,44.6397,CYAW 021711Z 11005KT 15SM BKN012 BKN250 15/14 A3001 RMK SC6CI1 DA330FT SLP161
CYAW,2020-10-02 18:00,-63.4994,44.6397,CYAW 021800Z 13003KT 15SM BKN013 BKN250 15/14 A2998 RMK SC6CI1 DA287FT CI TR SLP152
CYAW,2020-10-02 18:49,-63.4994,44.6397,CYAW 021849Z 11003KT 15SM SCT009 BKN250 15/14 A2996 RMK SF3CI3 DA333FT SLP147
CYAW,2020-10-02 19:00,-63.4994,44.6397,CYAW 021900Z 12003KT 15SM SCT009 BKN250 15/14 A2997 RMK SF3CI3 DA298FT SLP148
CYAW,2020-10-02 20:00,-63.4994,44.6397,CYAW 022000Z 11004KT 15SM SCT008 BKN250 14/13 A2995 RMK SF4CI2 DA232FT SLP143
CYAW,2020-10-02 20:22,-63.4994,44.6397,CYAW 022022Z 09003KT 15SM SCT008 BKN250 14/13 A2995 RMK SF4CI2 DA232FT LAST OBS/NEXT 050800 UTC SLP142
CYAW,2020-10-05 08:00,-63.4994,44.6397,CYAW 050800Z 35003KT 8SM FEW110 BKN200 10/09 A3021 RMK AC1CI5 DA-670FT FST OBS SLP232
CYAW,2020-10-05 09:00,-63.4994,44.6397,CYAW 050900Z 01003KT 8SM SCT110 BKN220 10/09 A3021 RMK AC3CI2 DA-657FT SLP231
CYAW,2020-10-05 10:00,-63.4994,44.6397,CYAW 051000Z 02004KT 8SM BKN045 OVC110 10/09 A3020 RMK SC6AC2 DA-581FT SLP229
CYAW,2020-10-05 11:00,-63.4994,44.6397,CYAW 051100Z 04004KT 10SM FEW012 BKN034 OVC110 11/10 A3019 RMK SF1SC6AS2 DA-504FT SLP225
CYAW,2020-10-05 11:22,-63.4994,44.6397,CYAW 051122Z 06006KT 5SM -SHRA BR BKN012 OVC110 11/10 A3019 RMK SC6AS2 DA-514FT SLP226
CYAW,2020-10-05 11:37,-63.4994,44.6397,CYAW 051137Z 06003KT 1 1/2SM -SHRA BR BKN012 OVC110 11/10 A3019 RMK SC7AS1 DA-474FT VIS VRB 1-2 SLP226
CYAW,2020-10-05 12:00,-63.4994,44.6397,CYAW 051200Z 08002KT 1 1/2SM -SHRA BR FEW008 OVC014 11/11 A3019 RMK SF1SC8 DA-406FT VIS LWR N SLP226
CYAW,2020-10-05 12:42,-63.4994,44.6397,CYAW 051242Z 17010KT 5SM -SHRA FEW010 OVC018 12/12 A3019 RMK SF1SC8 DA-263FT VIS LWR N SLP224
CYAW,2020-10-05 13:00,-63.4994,44.6397,CYAW 051300Z 17008KT 5SM -SHRA FEW010 OVC050 13/12 A3018 RMK CF1SC8 DA-243FT CU ASOCTD CUFRA TR SLP222
CYAW,2020-10-05 13:16,-63.4994,44.6397,CYAW 051316Z 17006KT 5SM -DZ BKN019 OVC025 13/12 A3018 RMK SC5SC3 DA-230FT CU ASOCTD SLP221
CYAW,2020-10-05 13:41,-63.4994,44.6397,CYAW 051341Z 14008KT 8SM FEW010 BKN024 OVC028 13/11 A3018 RMK SF1SC6SC2 DA-220FT SLP222
CYAW,2020-10-05 14:00,-63.4994,44.6397,CYAW 051400Z 13003KT 8SM BKN015 OVC024 13/11 A3018 RMK SC6SC2 DA-232FT SLP222
CYAW,2020-10-05 14:17,-63.4994,44.6397,CYAW 051417Z 13003KT 15SM -SHRA BKN015 OVC023 13/12 A3017 RMK SC6SC2 DA-196FT SLP219
CYAW,2020-10-05 15:00,-63.4994,44.6397,CYAW 051500Z 14006KT 15SM -SHRA BKN020 OVC042 13/12 A3017 RMK SC6SC2 DA-144FT VIS LWR N SLP216
CYAW,2020-10-05 16:00,-63.4994,44.6397,CYAW 051600Z 09002KT 12SM -SHRA BKN018 OVC027 13/12 A3016 RMK SC6SC2 DA-165FT VIS LWR N SLP215
CYAW,2020-10-05 16:11,-63.4994,44.6397,CYAW 051611Z 07003KT 4SM -RA BR SCT005 OVC020 13/12 A3017 RMK SF4SC4 DA-225FT SLP216
CYAW,2020-10-05 17:00,-63.4994,44.6397,CYAW 051700Z 09003KT 4SM -RA BR FEW005 SCT013 OVC023 12/12 A3015 RMK SF2SC2SC4 DA-227FT SLP212
CYAW,2020-10-05 17:43,-63.4994,44.6397,CYAW 051743Z 04003KT 12SM -RA SCT014 OVC038 12/12 A3014 RMK SC4SC4 DA-205FT VIS LWR W SLP208
CYAW,2020-10-05 18:00,-63.4994,44.6397,CYAW 051800Z 06004KT 12SM -RA SCT014 SCT024 OVC035 13/12 A3014 RMK SC3SC1SC4 DA-179FT VIS LWR W SLP207
CYAW,2020-10-05 18:29,-63.4994,44.6397,CYAW 051829Z 05004KT 12SM FEW014 SCT038 OVC052 13/12 A3014 RMK SC2SC2SC4 DA-116FT VIS LWR W SLP208
CYAW,2020-10-05 19:00,-63.4994,44.6397,CYAW 051900Z 14005KT 12SM FEW014 FEW038 OVC060 13/12 A3014 RMK CU1SC2SC6 DA-148FT SLP208
CYAW,2020-10-05 19:14,-63.4994,44.6397,CYAW 051914Z 07002KT 12SM -SHRA FEW014 FEW038 OVC060 13/12 A3013 RMK CU1SC2SC6 DA-95FT SLP205
CYAW,2020-10-05 19:42,-63.4994,44.6397,CYAW 051942Z 00000KT 15SM FEW014 SCT058 OVC080 13/12 A3013 RMK CU1SC3AC4 DA-95FT SLP205
CYAW,2020-10-05 20:00,-63.4994,44.6397,CYAW 052000Z 12003KT 15SM FEW014 FEW058 OVC083 13/12 A3013 RMK CU1SC2AC6 DA-84FT SLP204
CYAW,2020-10-05 21:00,-63.4994,44.6397,CYAW 052100Z 11003KT 15SM -SHRA FEW020 SCT058 BKN075 12/10 A3015 RMK CU1SC2AC4 DA-245FT SLP211
CYAW,2020-10-05 21:51,-63.4994,44.6397,CYAW 052151Z 11002KT 15SM FEW020 FEW060 BKN094 12/11 A3015 RMK CU1SC2AC5 DA-312FT SLP211
CYAW,2020-10-05 22:00,-63.4994,44.6397,CYAW 052200Z 06002KT 15SM FEW020 FEW060 BKN094 12/11 A3016 RMK CU1SC2AC5 DA-324FT SLP213
CYAW,2020-10-05 23:00,-63.4994,44.6397,CYAW 052300Z 05004KT 15SM FEW020 FEW100 11/10 A3016 RMK CU1AC2 DA-465FT LAST OBS/NEXT 060900 UTC SLP215
CYAW,2020-10-06 09:00,-63.4994,44.6397,CYAW 060900Z 35002KT 8SM SKC 06/06 A3022 RMK DA-1151FT FST OBS SLP236
CYAW,2020-10-06 09:40,-63.4994,44.6397,CYAW 060940Z 35003KT 1 1/2SM BR FEW020 06/06 A3022 RMK SC1 DA-1177FT VIS LWR N SLP235
CYAW,2020-10-06 10:00,-63.4994,44.6397,CYAW 061000Z 32004KT 1 1/2SM BR FEW020 FEW250 06/06 A3023 RMK SC1CI1 DA-1215FT VIS LWR N SLP237
CYAW,2020-10-06 10:27,-63.4994,44.6397,CYAW 061027Z 01003KT 3SM BR FEW020 FEW250 06/06 A3022 RMK SC1CI1 DA-1124FT VCFG S SLP236
CYAW,2020-10-06 11:00,-63.4994,44.6397,CYAW 061100Z 06003KT 1/2SM FG FEW020 FEW250 06/06 A3023 RMK SC1CI1 DA-1162FT VIS VRB 3/8-3/4 SLP239
CYAW,2020-10-06 11:23,-63.4994,44.6397,CYAW 061123Z 01002KT 3SM BR FEW020 FEW250 08/08 A3024 RMK SC1CI1 DA-869FT VCFG W SLP241
CYAW,2020-10-06 12:00,-63.4994,44.6397,CYAW 061200Z 00000KT 8SM FEW018 FEW250 10/10 A3025 RMK SC2CI1 DA-603FT CU ASOCTD VCFG W SLP244
CYAW,2020-10-06 13:00,-63.4994,44.6397,CYAW 061300Z 00000KT 12SM SCT024 SCT250 12/12 A3026 RMK SC3CI1 DA-344FT CU ASOCTD SLP247
CYAW,2020-10-06 14:00,-63.4994,44.6397,CYAW 061400Z 16007KT 15SM FEW030 FEW250 15/11 A3024 RMK CU2CI1 DA-50FT CI TR SLP241
CYAW,2020-10-06 15:00,-63.4994,44.6397,CYAW 061500Z 16006KT 15SM SCT032 15/11 A3024 RMK CU4 DA31FT SLP241
CYAW,2020-10-06 16:00,-63.4994,44.6397,CYAW 061600Z 18010KT 15SM BKN034 16/11 A3022 RMK CU5 DA72FT SLP234
CYAW,2020-10-06 17:00,-63.4994,44.6397,CYAW 061700Z 18012KT 15SM BKN030 16/10 A3019 RMK CU5 DA115FT SLP226
CYAW,2020-10-06 18:00,-63.4994,44.6397,CYAW 061800Z 17011KT 15SM BKN038 16/11 A3017 RMK CU5 DA156FT SLP219
CYAW,2020-10-06 19:00,-63.4994,44.6397,CYAW 061900Z 16010G16KT 15SM FEW020 BKN040 16/10 A3015 RMK SC2CU4 DA173FT SLP212
CYAW,2020-10-06 20:00,-63.4994,44.6397,CYAW 062000Z 16012KT 15SM FEW020 FEW040 15/09 A3014 RMK SC1CU1 DA115FT SLP207
CYAW,2020-10-06 21:00,-63.4994,44.6397,CYAW 062100Z 16012KT 15SM FEW014 BKN035 14/12 A3011 RMK SC2CU5 DA68FT SLP199
CYAW,2020-10-06 22:00,-63.4994,44.6397,CYAW 062200Z 15009KT 15SM SCT014 BKN035 14/12 A3010 RMK CU4CU3 DA49FT SLP195
CYAW,2020-10-06 23:00,-63.4994,44.6397,CYAW 062300Z 13010KT 15SM SCT014 BKN038 14/12 A3009 RMK CU3CU4 DA38FT SLP190
CYAW,2020-10-07 00:00,-63.4994,44.6397,CYAW 070000Z 16008KT 15SM FEW014 SCT020 BKN038 14/13 A3008 RMK CU1SC3SC3 DA117FT SLP186
CYAW,2020-10-07 00:22,-63.4994,44.6397,CYAW 070022Z 15010KT 15SM BKN022 BKN040 14/13 A3007 RMK SC5SC2 DA116FT SLP183
CYAW,2020-10-07 01:00,-63.4994,44.6397,CYAW 070100Z 14007KT 15SM BKN023 OVC038 14/13 A3005 RMK SC5SC3 DA143FT SLP177
CYAW,2020-10-07 09:00,-63.4994,44.6397,CYAW 070900Z 27004KT 2SM BR BKN003 BKN013 13/13 A2986 RMK SF5SC2 DA188FT FST OBS SLP111
CYAW,2020-10-07 09:39,-63.4994,44.6397,CYAW 070939Z 24005KT 6SM BR BKN005 13/13 A2985 RMK SF7 DA160FT SLP109
CYAW,2020-10-07 10:00,-63.4994,44.6397,CYAW 071000Z 26006KT 6SM BR BKN005 BKN250 13/13 A2984 RMK SF6CI1 DA185FT VIS LWR W SLP107
CYAW,2020-10-07 10:12,-63.4994,44.6397,CYAW 071012Z 28006KT 8SM BKN005 BKN250 13/13 A2984 RMK SF6CI1 DA185FT SLP106
CYAW,2020-10-07 10:41,-63.4994,44.6397,CYAW 071041Z 28003KT 8SM SCT009 BKN016 BKN250 13/13 A2983 RMK SF3SC2CI1 DA170FT SLP103
CYAW,2020-10-07 11:00,-63.4994,44.6397,CYAW 071100Z 00000KT 15SM FEW009 BKN017 BKN250 13/13 A2983 RMK SF1SC4CI2 DA197FT SLP101
CYAW,2020-10-07 11:23,-63.4994,44.6397,CYAW 071123Z 27003KT 15SM FEW009 FEW017 BKN270 13/13 A2982 RMK SF1SC2CI3 DA243FT SLP099
CYAW,2020-10-07 12:00,-63.4994,44.6397,CYAW 071200Z 26002KT 15SM FEW006 FEW020 BKN210 13/13 A2981 RMK SF2SC1CI4 DA293FT SLP094
CYAW,2020-10-07 12:17,-63.4994,44.6397,CYAW 071217Z 21002KT 15SM BKN006 BKN210 13/13 A2981 RMK SF5CI2 DA292FT SLP094
CYAW,2020-10-07 13:00,-63.4994,44.6397,CYAW 071300Z 20003KT 15SM BKN006 OVC210 14/13 A2980 RMK SC6CI2 DA356FT SLP091
CYAW,2020-10-07 13:38,-63.4994,44.6397,CYAW 071338Z 22005KT 15SM BKN010 BKN100 BKN240 15/13 A2979 RMK SC6AC1CI2 DA500FT SLP087
CYAW,2020-10-07 14:00,-63.4994,44.6397,CYAW 071400Z 20004KT 15SM SCT010 BKN240 15/13 A2977 RMK SC4CI3 DA583FT SLP082
CYAW,2020-10-07 14:19,-63.4994,44.6397,CYAW 071419Z 18006KT 15SM BKN015 BKN240 15/13 A2977 RMK SC6CI1 DA549FT SLP081
CYAW,2020-10-07 15:00,-63.4994,44.6397,CYAW 071500Z 19010G15KT 15SM FEW012 BKN020 OVC240 15/14 A2976 RMK SF1SC7CI1 DA575FT SLP077
CYAW,2020-10-07 16:00,-63.4994,44.6397,CYAW 071600Z 18010KT 15SM FEW010 BKN021 OVC032 15/14 A2972 RMK SF1SC6SC2 DA636FT SLP065
CYAW,2020-10-07 17:00,-63.4994,44.6397,CYAW 071700Z 18011KT 15SM FEW008 BKN013 OVC020 16/14 A2967 RMK SF1SF6SC2 DA768FT SLP048
CYAW,2020-10-07 18:00,-63.4994,44.6397,CYAW 071800Z 19015KT 15SM FEW008 OVC011 16/14 A2964 RMK SF1SC8 DA806FT SLP037
CYAW,2020-10-07 19:00,-63.4994,44.6397,CYAW 071900Z 20013G20KT 15SM FEW008 BKN014 OVC140 16/14 A2961 RMK SF1SC6AC2 DA859FT SLP027
CYAW,2020-10-07 19:33,-63.4994,44.6397,CYAW 071933Z 21011G16KT 15SM SCT015 BKN250 16/13 A2959 RMK SC3CI4 DA896FT SLP020
CYAW,2020-10-07 20:00,-63.4994,44.6397,CYAW 072000Z 21017G22KT 15SM FEW020 FEW160 BKN250 17/13 A2957 RMK SC2AC1CI5 DA964FT SLP015
CYAW,2020-10-07 20:41,-63.4994,44.6397,CYAW 072041Z 21012G19KT 15SM BKN014 BKN160 16/13 A2956 RMK SC6AC1 DA886FT SLP010
CYAW,2020-10-07 21:00,-63.4994,44.6397,CYAW 072100Z 21010G18KT 15SM BKN014 BKN110 15/14 A2955 RMK SC6AC1 DA853FT SLP007
CYAW,2020-10-07 22:00,-63.4994,44.6397,CYAW 072200Z 20013G18KT 15SM OVC012 15/14 A2953 RMK SF8 DA859FT SLP001
CYAW,2020-10-07 23:00,-63.4994,44.6397,CYAW 072300Z 19013KT 15SM BKN010 OVC018 15/14 A2949 RMK SF6SC2 DA907FT VIS LWR S SLP988
CYAW,2020-10-08 00:00,-63.4994,44.6397,CYAW 080000Z 18014KT 15SM BKN010 OVC020 15/14 A2945 RMK SF6SC2 DA941FT VIS LWR S SLP974
CYAW,2020-10-08 00:22,-63.4994,44.6397,CYAW 080022Z 18015G21KT 15SM -SHRA BKN013 OVC060 15/14 A2943 RMK SF5SC3 DA974FT PRESFR PCPN VRY LGT VIS LWR S SLP966
CYAW,2020-10-08 00:46,-63.4994,44.6397,CYAW 080046Z 18013G24KT 15SM -SHRA SCT013 OVC019 15/14 A2941 RMK SF3SC5 DA986FT PRESFR VIS LWR S SLP959
CYAW,2020-10-08 01:00,-63.4994,44.6397,CYAW 080100Z 19016G25KT 10SM -SHRA SCT018 OVC087 15/14 A2940 RMK SC3AC5 DA1036FT SLP956
CYAW,2020-10-08 01:32,-63.4994,44.6397,CYAW 080132Z 18014G19KT 10SM -SHRA SCT015 OVC075 15/14 A2937 RMK SC3AC5 DA1061FT PRESFR LAST OBS/NXT 080900 UTC SLP945
CYAW,2020-10-08 09:00,-63.4994,44.6397,CYAW 080900Z 25019G24KT 8SM FEW020 BKN110 13/11 A2917 RMK SC2AC3 DA951FT FST OBS SLP880
CYAW,2020-10-08 10:00,-63.4994,44.6397,CYAW 081000Z 25018KT 8SM -DZ BKN020 BKN024 12/11 A2918 RMK SC6SC2 DA870FT SLP882
CYAW,2020-10-08 10:34,-63.4994,44.6397,CYAW 081034Z 25019G27KT 8SM BKN018 BKN024 12/10 A2918 RMK SC6SC1 DA877FT SLP881
CYAW,2020-10-08 10:47,-63.4994,44.6397,CYAW 081047Z 25020G30KT 8SM -DZ BKN021 BKN028 12/10 A2917 RMK SC6SC1 DA877FT SLP880
CYAW,2020-10-08 11:00,-63.4994,44.6397,CYAW 081100Z 25020G26KT 8SM -DZ BKN017 BKN024 12/10 A2918 RMK SC6SC1 DA865FT SLP881
CYAW,2020-10-08 12:00,-63.4994,44.6397,CYAW 081200Z 26022G28KT 3SM -DZ BR FEW024 OVC042 12/11 A2920 RMK SC1SC7 DA821FT /S15 AFT 080000 UTC/ SLP890
CYAW,2020-10-08 12:29,-63.4994,44.6397,CYAW 081229Z 27020G26KT 5SM -DZ FEW028 OVC040 12/10 A2921 RMK SC2SC6 DA841FT SLP893
CYAW,2020-10-08 13:00,-63.4994,44.6397,CYAW 081300Z 27017G27KT 12SM FEW026 OVC031 13/10 A2923 RMK SC1SC7 DA845FT CU ASOCTD SLP898
CYAW,2020-10-08 14:00,-63.4994,44.6397,CYAW 081400Z 27028KT 12SM OVC036 13/08 A2925 RMK SC8 DA846FT SLP905
CYAW,2020-10-08 15:00,-63.4994,44.6397,CYAW 081500Z 28024G37KT 12SM -DZ FEW026 OVC033 13/08 A2928 RMK SC1SC7 DA782FT SLP915
CYAW,2020-10-08 15:41,-63.4994,44.6397,CYAW 081541Z 28028G38KT 12SM OVC026 12/08 A2929 RMK SC8 DA731FT SLP920
CYAW,2020-10-08 16:00,-63.4994,44.6397,CYAW 081600Z 27024G34KT 12SM OVC026 12/08 A2930 RMK SC8 DA719FT SLP922
CYAW,2020-10-08 17:00,-63.4994,44.6397,CYAW 081700Z 28024G35KT 15SM BKN036 13/06 A2932 RMK SC7 DA779FT SLP929
CYAW,2020-10-08 18:00,-63.4994,44.6397,CYAW 081800Z 28024G38KT 15SM BKN040 13/05 A2935 RMK SC7 DA702FT SLP938
CYAW,2020-10-08 19:00,-63.4994,44.6397,CYAW 081900Z 28023G36KT 15SM BKN041 13/05 A2936 RMK SC6 DA661FT SLP944
CYAW,2020-10-08 20:00,-63.4994,44.6397,CYAW 082000Z 29023G30KT 15SM BKN048 13/04 A2939 RMK SC5 DA631FT SLP951
CYAW,2020-10-08 21:00,-63.4994,44.6397,CYAW 082100Z 29025G37KT 15SM FEW048 12/03 A2943 RMK SC2 DA459FT SLP967
CYAW,2020-10-08 22:00,-63.4994,44.6397,CYAW 082200Z 29018G29KT 15SM FEW048 11/02 A2947 RMK SC1 DA263FT SLP981
CYAW,2020-10-08 23:00,-63.4994,44.6397,CYAW 082300Z 30019G28KT 15SM SKC 10/01 A2952 RMK DA103FT SLP999
CYAW,2020-10-09 00:00,-63.4994,44.6397,CYAW 090000Z 30015G24KT 15SM SKC 09/01 A2956 RMK DA-55FT SLP011
CYAW,2020-10-09 01:00,-63.4994,44.6397,CYAW 090100Z 30018G26KT 15SM SKC 08/M01 A2959 RMK DA-201FT SLP022
CYAW,2020-10-09 02:00,-63.4994,44.6397,CYAW 090200Z 30021G31KT 15SM FEW050 07/M02 A2962 RMK SC1 DA-354FT LAST OBS/NEXT 091000 UTC SLP030
CYAW,2020-10-09 10:00,-63.4994,44.6397,CYAW 091000Z 28022G32KT 15SM FEW030 04/M03 A2979 RMK SC1 DA-900FT FST OBS SLP090
CYAW,2020-10-09 11:00,-63.4994,44.6397,CYAW 091100Z 27017G26KT 15SM FEW020 04/M02 A2981 RMK CF1 DA-920FT CUFRA TR SLP095
CYAW,2020-10-09 12:00,-63.4994,44.6397,CYAW 091200Z 26015G25KT 15SM FEW030 05/M02 A2984 RMK SC2 DA-830FT CU ASOCTD SLP105
CYAW,2020-10-09 13:00,-63.4994,44.6397,CYAW 091300Z 28026G32KT 15SM FEW041 06/M03 A2983 RMK SC1 DA-708FT CU ASOCTD SLP104
CYAW,2020-10-09 14:00,-63.4994,44.6397,CYAW 091400Z 29025G37KT 15SM FEW040 07/M03 A2984 RMK SC2 DA-587FT SLP105
CYAW,2020-10-09 15:00,-63.4994,44.6397,CYAW 091500Z 29026G34KT 15SM FEW040 08/M03 A2984 RMK SC1 DA-514FT SLP105
CYAW,2020-10-09 16:00,-63.4994,44.6397,CYAW 091600Z 28027G34KT 15SM FEW040 09/M04 A2984 RMK SC1 DA-410FT SLP108
CYAW,2020-10-09 17:00,-63.4994,44.6397,CYAW 091700Z 29023G31KT 15SM FEW040 09/M04 A2984 RMK SC1 DA-349FT SLP108
CYAW,2020-10-09 18:00,-63.4994,44.6397,CYAW 091800Z 28021G29KT 15SM FEW060 10/M04 A2985 RMK CU2 DA-321FT SLP110
CYAW,2020-10-09 18:25,-63.4994,44.6397,CYAW 091825Z 29023G31KT 15SM FEW060 10/M04 A2985 RMK CU2 DA-274FT LAST OBS/NEXT 130800 UTC SLP111
CYAW,2020-10-13 08:00,-63.4994,44.6397,CYAW 130800Z 05005KT 15SM BKN031 04/02 A3033 RMK SC7 DA-1502FT FST OBS SLP273
CYAW,2020-10-13 09:00,-63.4994,44.6397,CYAW 130900Z 05005KT 15SM BKN031 05/03 A3033 RMK SC7 DA-1435FT SLP274
CYAW,2020-10-13 10:00,-63.4994,44.6397,CYAW 131000Z 05005KT 15SM BKN030 05/04 A3033 RMK SC7 DA-1368FT SLP272
CYAW,2020-10-13 11:00,-63.4994,44.6397,CYAW 131100Z 05007KT 15SM BKN030 06/04 A3032 RMK SC5 DA-1305FT SLP268
CYAW,2020-10-13 12:00,-63.4994,44.6397,CYAW 131200Z 06006KT 15SM BKN029 07/05 A3032 RMK SC6 DA-1088FT SLP270
CYAW,2020-10-13 13:00,-63.4994,44.6397,CYAW 131300Z 09009KT 15SM BKN026 10/05 A3031 RMK SC7 DA-804FT SLP266
CYAW,2020-10-13 14:00,-63.4994,44.6397,CYAW 131400Z 09011G17KT 15SM BKN024 11/06 A3030 RMK SC7 DA-648FT SLP263
CYAW,2020-10-13 15:00,-63.4994,44.6397,CYAW 131500Z 09010G18KT 15SM BKN021 12/07 A3029 RMK SC5 DA-460FT SLP257
CYAW,2020-10-13 16:00,-63.4994,44.6397,CYAW 131600Z 08012G18KT 15SM BKN018 12/08 A3027 RMK SC5 DA-409FT SLP251
CYAW,2020-10-13 17:00,-63.4994,44.6397,CYAW 131700Z 08010G19KT 15SM BKN017 13/08 A3025 RMK SC6 DA-307FT SLP245
CYAW,2020-10-13 18:00,-63.4994,44.6397,CYAW 131800Z 08011G16KT 15SM BKN018 BKN030 12/09 A3022 RMK SC5SC2 DA-332FT SLP237
CYAW,2020-10-13 18:41,-63.4994,44.6397,CYAW 131841Z 08011G17KT 15SM BKN017 BKN030 12/09 A3022 RMK SC5SC2 DA-354FT SLP234
CYAW,2020-10-13 19:00,-63.4994,44.6397,CYAW 131900Z 08010G20KT 12SM BKN019 BKN031 12/09 A3021 RMK SC5SC2 DA-391FT SLP231
CYAW,2020-10-13 20:00,-63.4994,44.6397,CYAW 132000Z 09011G17KT 12SM BKN017 BKN031 12/09 A3019 RMK SC5SC2 DA-374FT SLP225
CYAW,2020-10-13 21:00,-63.4994,44.6397,CYAW 132100Z 09010G17KT 10SM OVC014 11/10 A3017 RMK SC8 DA-396FT SLP218
CYAW,2020-10-13 22:00,-63.4994,44.6397,CYAW 132200Z 08011G19KT 8SM OVC012 11/10 A3015 RMK SC8 DA-395FT SLP211
CYAW,2020-10-13 23:00,-63.4994,44.6397,CYAW 132300Z 09010G17KT 8SM BKN011 BKN032 11/10 A3013 RMK SC6SC2 DA-355FT SLP205
CYAW,2020-10-14 00:00,-63.4994,44.6397,CYAW 140000Z 09010G15KT 8SM BKN010 11/11 A3011 RMK SC7 DA-304FT SLP198
CYAW,2020-10-14 00:54,-63.4994,44.6397,CYAW 140054Z 08010G18KT 8SM BKN008 11/11 A3009 RMK SC6 DA-280FT LAST OBS/NEXT 140800 UTC SLP190
CYAW,2020-10-14 08:00,-63.4994,44.6397,CYAW 140800Z 11018G27KT 1 1/2SM -RA BR OVC003 14/14 A2984 RMK ST8 DA331FT FST OBS SLP107
CYAW,2020-10-14 09:00,-63.4994,44.6397,CYAW 140900Z 12019G28KT 1 1/2SM -RA BR OVC003 14/14 A2982 RMK ST8 DA433FT SLP098
CYAW,2020-10-14 10:00,-63.4994,44.6397,CYAW 141000Z 13021G27KT 1 1/2SM -RA BR OVC003 15/15 A2979 RMK ST8 DA534FT SLP088
CYAW,2020-10-14 11:00,-63.4994,44.6397,CYAW 141100Z 13020G29KT 1 1/2SM -RA BR OVC003 15/15 A2976 RMK ST8 DA607FT VIS VRB 1-2 /R10/ SLP079
CYAW,2020-10-14 12:00,-63.4994,44.6397,CYAW 141200Z 13022G31KT 1 1/2SM -RA BR OVC003 15/15 A2975 RMK ST8 DA647FT VIS VRB 1-2 /R20/ SLP074
CYAW,2020-10-14 13:00,-63.4994,44.6397,CYAW 141300Z 14020G32KT 1 1/2SM -RA BR OVC003 16/16 A2974 RMK ST8 DA685FT VIS VRB 1-2 SLP070
CYAW,2020-10-14 13:36,-63.4994,44.6397,CYAW 141336Z 14021G29KT 1/4SM -RA FG OVC003 16/16 A2972 RMK ST8 DA708FT PCPN VRY LGT SLP065
CYAW,2020-10-14 14:00,-63.4994,44.6397,CYAW 141400Z 15018G25KT 1/8SM -RA FG VV002 15/15 A2972 RMK FG8 DA668FT -RA INTMT SLP064
CYAW,2020-10-14 14:50,-63.4994,44.6397,CYAW 141450Z 16015G21KT 0SM -DZ FG VV000 15/15 A2971 RMK FG8 DA667FT SLP062
CYAW,2020-10-14 15:00,-63.4994,44.6397,CYAW 141500Z 16016KT 0SM -DZ FG VV000 15/15 A2970 RMK FG8 DA678FT SLP059
CYAW,2020-10-14 15:24,-63.4994,44.6397,CYAW 141524Z 16014G20KT 1/8SM -SHRA FG VV001 15/15 A2969 RMK FG8 DA690FT SLP055
CYAW,2020-10-14 15:51,-63.4994,44.6397,CYAW 141551Z 17018G24KT 1/2SM SHRA FG VV002 16/16 A2968 RMK FG8 DA753FT SLP051
CYAW,2020-10-14 16:00,-63.4994,44.6397,CYAW 141600Z 16017G22KT 1/2SM -SHRA FG OVC003 15/15 A2967 RMK FG4ST4 DA726FT SLP049
CYAW,2020-10-14 16:16,-63.4994,44.6397,CYAW 141616Z 17018G25KT 1 1/2SM -DZ BR OVC003 16/16 A2967 RMK ST8 DA779FT SLP048
CYAW,2020-10-14 16:29,-63.4994,44.6397,CYAW 141629Z 18013G24KT 1/8SM -DZ FG VV001 15/15 A2967 RMK FG8 DA686FT VIS VRB 0-1/4 SLP048
CYAW,2020-10-14 17:00,-63.4994,44.6397,CYAW 141700Z 17016G25KT 1/4SM DZ FG VV002 15/15 A2967 RMK FG8 DA646FT VIS VRB 1/8-1/2 SLP047
CYAW,2020-10-14 17:18,-63.4994,44.6397,CYAW 141718Z 18014G19KT 1/4SM SHRA FG VV003 15/15 A2966 RMK FG8 DA645FT VIS VRB 1/8-1/2 SLP045
CYAW,2020-10-14 17:38,-63.4994,44.6397,CYAW 141738Z 18013G19KT 1/4SM -DZ FG VV002 14/14 A2966 RMK FG8 DA618FT VIS VRB 1/8-1/2 SLP045
CYAW,2020-10-14 18:00,-63.4994,44.6397,CYAW 141800Z 18012KT 1/4SM -DZ FG VV002 15/15 A2966 RMK FG8 VIS VRB 1/8-1/2 SLP046
CYAW,2020-10-14 18:38,-63.4994,44.6397,CYAW 141838Z 20009KT 2SM -DZ BR OVC003 15/15 A2968 RMK ST8 DA701FT SLP052
CYAW,2020-10-14 19:00,-63.4994,44.6397,CYAW 141900Z 20012KT 1SM -DZ BR OVC003 15/15 A2968 RMK FG4ST4 DA648FT VIS 1/2 S QUAD SLP050
CYAW,2020-10-14 20:00,-63.4994,44.6397,CYAW 142000Z 20007KT 1SM -DZ BR OVC002 14/14 A2969 RMK FG2ST6 DA570FT VIS 1/2 S QUAD SLP056
CYAW,2020-10-14 20:35,-63.4994,44.6397,CYAW 142035Z 22006KT 2SM BR OVC004 15/15 A2971 RMK ST8 DA600FT SLP061
CYAW,2020-10-14 21:00,-63.4994,44.6397,CYAW 142100Z 22007KT 2SM BR OVC004 14/14 A2972 RMK ST8 DA535FT SLP064
CYAW,2020-10-14 21:26,-63.4994,44.6397,CYAW 142126Z 24008KT 2SM BR FEW002 BKN003 BKN010 BKN220 14/14 A2973 RMK SF1ST6SC1CI1 DA444FT VIS LWR N SLP069
CYAW,2020-10-14 22:00,-63.4994,44.6397,CYAW 142200Z 26007KT 2SM BR FEW004 FEW008 SCT220 13/13 A2976 RMK SF2SC1CI2 DA330FT SLP077
CYAW,2020-10-14 22:22,-63.4994,44.6397,CYAW 142222Z 26015KT 7SM FEW007 BKN012 13/13 A2978 RMK SF1SC6 DA320FT PRESRR SLP086
CYAW,2020-10-14 23:00,-63.4994,44.6397,CYAW 142300Z 27016KT 7SM FEW008 BKN017 13/12 A2980 RMK SF1SC6 DA308FT LAST OBS/NEXT 150800 UTC SLP093
CYAW,2020-10-15 08:00,-63.4994,44.6397,CYAW 150800Z 35003KT 15SM SKC 05/05 A3002 RMK DA-1079FT FST OBS SLP167
CYAW,2020-10-15 09:00,-63.4994,44.6397,CYAW 150900Z 00000KT 15SM SKC 06/06 A3006 RMK DA-993FT SLP180
CYAW,2020-10-15 10:00,-63.4994,44.6397,CYAW 151000Z 26007KT 15SM FEW025 08/07 A3009 RMK SC1 DA-780FT SLP189
CYAW,2020-10-15 11:00,-63.4994,44.6397,CYAW 151100Z 00000KT 15SM MIFG FEW250 06/06 A3009 RMK CI1 DA-935FT SLP192
CYAW,2020-10-15 12:00,-63.4994,44.6397,CYAW 151200Z 00000KT 15SM FEW250 09/08 A3012 RMK CI1 DA-645FT SLP201
CYAW,2020-10-15 13:00,-63.4994,44.6397,CYAW 151300Z 21003KT 15SM FEW250 11/09 A3014 RMK CI1 DA-371FT SLP206
CYAW,2020-10-15 14:00,-63.4994,44.6397,CYAW 151400Z 23004KT 15SM FEW250 14/09 A3015 RMK CI1 DA-71FT SLP210
CYAW,2020-10-15 15:00,-63.4994,44.6397,CYAW 151500Z 19006KT 15SM FEW250 15/09 A3016 RMK CI1 DA51FT CI TR SLP214
CYAW,2020-10-15 16:00,-63.4994,44.6397,CYAW 151600Z 18009KT 15SM FEW250 16/08 A3015 RMK CI1 DA148FT CI TR SLP211
CYAW,2020-10-15 17:00,-63.4994,44.6397,CYAW 151700Z 19009KT 15SM FEW250 16/07 A3014 RMK CI1 DA211FT SLP208
CYAW,2020-10-15 18:00,-63.4994,44.6397,CYAW 151800Z 18008KT 15SM FEW250 16/08 A3015 RMK CI2 DA212FT SLP211
CYAW,2020-10-15 19:00,-63.4994,44.6397,CYAW 151900Z 19007KT 15SM FEW250 16/08 A3016 RMK CI2 DA130FT SLP213
CYAW,2020-10-15 20:00,-63.4994,44.6397,CYAW 152000Z 18008KT 15SM OVC250 15/10 A3016 RMK CI8 DA38FT SLP215
CYAW,2020-10-15 21:00,-63.4994,44.6397,CYAW 152100Z 17007KT 15SM OVC250 13/11 A3017 RMK CI8 DA-144FT SLP218
CYAW,2020-10-15 22:00,-63.4994,44.6397,CYAW 152200Z 18004KT 15SM OVC250 12/11 A3018 RMK CI8 DA-277FT SLP220
CYAW,2020-10-15 23:00,-63.4994,44.6397,CYAW 152300Z 20003KT 15SM SCT250 11/10 A3018 RMK CI3 DA-428FT SLP222
CYAW,2020-10-15 23:21,-63.4994,44.6397,CYAW 152321Z 20005KT 15SM FEW250 11/10 A3018 RMK CI2 DA-388FT LAST OBS/NXT 160800 UTC SLP222
CYAW,2020-10-16 08:00,-63.4994,44.6397,CYAW 160800Z 14003KT 1/8SM FG SKC 08/08 A3024 RMK DA-935FT FST OBS SLP241
CYAW,2020-10-16 09:00,-63.4994,44.6397,CYAW 160900Z 11002KT 1/8SM FG SKC 05/05 A3025 RMK DA-1251FT SLP244
CYAW,2020-10-16 09:20,-63.4994,44.6397,CYAW 160920Z 00000KT 1SM BR FEW020 05/05 A3025 RMK SC1 DA-1251FT SLP246
CYAW,2020-10-16 10:00,-63.4994,44.6397,CYAW 161000Z 14004KT 7SM MIFG FEW020 09/09 A3026 RMK SC1 DA-787FT SLP247
CYAW,2020-10-16 11:00,-63.4994,44.6397,CYAW 161100Z 00000KT 8SM MIFG FEW250 07/07 A3027 RMK CI1 DA-1049FT SLP251
CYAW,2020-10-16 12:00,-63.4994,44.6397,CYAW 161200Z 14003KT 15SM FEW250 12/12 A3028 RMK CI1 DA-438FT SLP256
CYAW,2020-10-16 13:00,-63.4994,44.6397,CYAW 161300Z 17009KT 15SM FEW250 14/12 A3030 RMK CI1 DA-258FT SLP260
CYAW,2020-10-16 14:00,-63.4994,44.6397,CYAW 161400Z 17007KT 15SM FEW250 15/12 A3030 RMK CI1 DA-82FT SLP263
CYAW,2020-10-16 15:00,-63.4994,44.6397,CYAW 161500Z 17010KT 15SM FEW250 15/12 A3031 RMK CI1 DA-41FT SLP265
CYAW,2020-10-16 16:00,-63.4994,44.6397,CYAW 161600Z 17012KT 15SM FEW250 16/12 A3030 RMK CI1 DA-9FT SLP263
CYAW,2020-10-16 17:00,-63.4994,44.6397,CYAW 161700Z 16013G18KT 15SM FEW250 16/10 A3029 RMK CI1 DA6FT SLP257
CYAW,2020-10-16 18:00,-63.4994,44.6397,CYAW 161800Z 16012KT 15SM FEW250 16/10 A3028 RMK CI1 DA29FT SLP255
CYAW,2020-10-16 19:00,-63.4994,44.6397,CYAW 161900Z 16009KT 15SM FEW250 16/09 A3028 RMK CI1 DA31FT SLP254
CYAW,2020-10-16 20:00,-63.4994,44.6397,CYAW 162000Z 15009KT 15SM FEW250 15/09 A3027 RMK CI1 DA-99FT SLP252
CYAW,2020-10-16 21:00,-63.4994,44.6397,CYAW 162100Z 15007KT 15SM FEW250 14/10 A3027 RMK CI1 DA-244FT CI TR SLP251
CYAW,2020-10-16 21:44,-63.4994,44.6397,CYAW 162144Z 12004KT 15SM FEW250 11/10 A3027 RMK CI1 DA-521FT LAST OBS/NEXT 170900 UTC SLP251
CYAW,2020-10-19 08:00,-63.4994,44.6397,CYAW 190800Z 07003KT 15SM BKN012 OVC058 09/08 A3043 RMK SC6SC2 DA-1037FT FST OBS SLP307=
CYAW,2020-10-19 08:29,-63.4994,44.6397,CYAW 190829Z 05004KT 15SM BKN007 OVC012 09/08 A3043 RMK ST6SC2 DA-1010FT SLP305=
CYAW,2020-10-19 09:00,-63.4994,44.6397,CYAW 190900Z 01003KT 15SM BKN006 OVC012 09/09 A3044 RMK SF6SC2 DA-995FT SLP309
CYAW,2020-10-19 09:25,-63.4994,44.6397,CYAW 190925Z 03005KT 12SM -SHRA OVC007 09/09 A3044 RMK ST8 DA-995FT SLP308
CYAW,2020-10-19 10:00,-63.4994,44.6397,CYAW 191000Z 01005KT 10SM -SHRA BKN007 OVC012 09/09 A3044 RMK SF6SC2 DA-968FT SLP310
CYAW,2020-10-19 10:38,-63.4994,44.6397,CYAW 191038Z 04004KT 5SM -SHRA BR OVC009 09/09 A3043 RMK ST8 DA-943FT PCPN VRY LGT SLP307
CYAW,2020-10-19 11:00,-63.4994,44.6397,CYAW 191100Z 03003KT 5SM BR OVC006 09/09 A3044 RMK ST8 DA-954FT SLP310
CYAW,2020-10-19 11:23,-63.4994,44.6397,CYAW 191123Z 05005KT 4SM BR BKN005 OVC011 09/09 A3044 RMK ST6ST2 DA-940FT SLP309
CYAW,2020-10-19 12:00,-63.4994,44.6397,CYAW 191200Z 02003KT 6SM BR BKN004 OVC011 10/10 A3044 RMK SF6SF2 DA-888FT SLP310
CYAW,2020-10-19 12:27,-63.4994,44.6397,CYAW 191227Z 06004KT 6SM BR SCT003 BKN011 BKN023 OVC040 10/10 A3044 RMK SF3SF2SC2SC2 DA-862FT SLP308
CYAW,2020-10-19 12:49,-63.4994,44.6397,CYAW 191249Z 02003KT 8SM BKN004 OVC011 11/10 A3044 RMK ST6SF2 DA-772FT SLP311
CYAW,2020-10-19 13:00,-63.4994,44.6397,CYAW 191300Z 02003KT 8SM OVC005 11/10 A3044 RMK ST8 DA-759FT SLP310
CYAW,2020-10-19 14:00,-63.4994,44.6397,CYAW 191400Z 03004KT 10SM BKN006 OVC022 12/11 A3043 RMK ST6SC2 DA-543FT SLP307
CYAW,2020-10-19 14:51,-63.4994,44.6397,CYAW 191451Z 07006KT 5SM -DZ BR OVC006 13/12 A3043 RMK ST8 DA-528FT SLP305
CYAW,2020-10-19 15:00,-63.4994,44.6397,CYAW 191500Z 07004KT 5SM -DZ BR OVC006 13/12 A3042 RMK ST8 DA-514FT SLP304
CYAW,2020-10-19 15:35,-63.4994,44.6397,CYAW 191535Z 09007KT 8SM BKN005 OVC014 13/12 A3040 RMK ST6SC2 DA-389FT SLP295
CYAW,2020-10-19 16:00,-63.4994,44.6397,CYAW 191600Z 09006KT 8SM BKN006 BKN013 14/13 A3040 RMK SF5SC2 DA-334FT SLP296
CYAW,2020-10-19 17:00,-63.4994,44.6397,CYAW 191700Z 00000KT 7SM OVC007 14/13 A3041 RMK SF8 DA-368FT SLP300
CYAW,2020-10-19 18:00,-63.4994,44.6397,CYAW 191800Z 27003KT 7SM OVC007 14/13 A3040 RMK SF8 DA-310FT SLP294
CYAW,2020-10-19 19:00,-63.4994,44.6397,CYAW 191900Z 34003KT 12SM OVC007 14/13 A3040 RMK SF8 DA-282FT SLP295
CYAW,2020-10-19 20:00,-63.4994,44.6397,CYAW 192000Z 18003KT 12SM OVC008 14/13 A3039 RMK SF8 DA-336FT SLP291
CYAW,2020-10-19 20:30,-63.4994,44.6397,CYAW 192030Z 14004KT 12SM OVC008 14/13 A3038 RMK SF8 DA-310FT LAST OBS/NXT 200800 UTC SLP290
CYAW,2020-10-20 08:00,-63.4994,44.6397,CYAW 200800Z 15005KT 1/8SM FG VV001 14/14 A3031 RMK FG8 DA-181FT FST OBS SLP265
CYAW,2020-10-20 10:12,-63.4994,44.6397,CYAW 201012Z 20005KT 3/4SM BR OVC003 15/15 A3032 RMK FG4ST4 DA-86FT VIS VRB 1/2-1 SLP268
CYAW,2020-10-20 10:48,-63.4994,44.6397,CYAW 201048Z 18005KT 2SM BR BKN003 OVC015 15/15 A3031 RMK ST6SC2 DA-74FT SLP265
CYAW,2020-10-20 11:19,-63.4994,44.6397,CYAW 201119Z 16006KT 1SM BR BKN002 OVC010 15/15 A3030 RMK ST7ST1 DA-76FT VIS HIER W SLP262
CYAW,2020-10-20 11:25,-63.4994,44.6397,CYAW 201125Z 15007KT 1/2SM FG VV002 15/15 A3030 RMK FG8 DA-89FT VIS VRB 1/4-3/4 SLP262
CYAW,2020-10-20 11:38,-63.4994,44.6397,CYAW 201138Z 15007KT 1/8SM FG VV001 15/15 A3030 RMK FG8 DA-89FT SLP262
CYAW,2020-10-20 13:00,-63.4994,44.6397,CYAW 201300Z 17005KT 1/8SM FG VV001 14/14 A3031 RMK FG8 DA-129FT SLP265
CYAW,2020-10-20 13:17,-63.4994,44.6397,CYAW 201317Z 17005KT 1SM BR OVC002 15/15 A3030 RMK ST8 DA-49FT SLP263
CYAW,2020-10-20 13:31,-63.4994,44.6397,CYAW 201331Z 17006KT 3SM BR OVC002 15/15 A3030 RMK ST8 DA17FT VIS LWR NE SLP263
CYAW,2020-10-20 14:00,-63.4994,44.6397,CYAW 201400Z 16007KT 3SM BR OVC002 15/15 A3030 RMK ST8 DA17FT SLP260
CYAW,2020-10-20 14:13,-63.4994,44.6397,CYAW 201413Z 15007KT 2SM BR OVC003 15/15 A3030 RMK ST8 DA-10FT SLP260
CYAW,2020-10-20 14:35,-63.4994,44.6397,CYAW 201435Z 15007KT 3/4SM BR OVC002 15/15 A3029 RMK ST8 DA-53FT SLP257
CYAW,2020-10-20 15:00,-63.4994,44.6397,CYAW 201500Z 17006KT 3/4SM BR OVC002 15/15 A3029 RMK ST8 DA-65FT SLP258
CYAW,2020-10-20 15:09,-63.4994,44.6397,CYAW 201509Z 17006KT 6SM BR SCT002 BKN030 15/15 A3029 RMK SF4SC2 DA-38FT VIS LWR E SLP257
CYAW,2020-10-20 15:47,-63.4994,44.6397,CYAW 201547Z 19009KT 6SM BR BKN007 OVC030 16/16 A3029 RMK SF6SC2 DA69FT SLP257
CYAW,2020-10-20 16:00,-63.4994,44.6397,CYAW 201600Z 21008KT 6SM BR BKN006 OVC030 16/16 A3028 RMK SF7SC1 DA107FT VIS LWR W SLP256
CYAW,2020-10-20 16:28,-63.4994,44.6397,CYAW 201628Z 21006KT 4SM BR OVC004 16/16 A3028 RMK SF8 DA118FT SLP256
CYAW,2020-10-20 17:00,-63.4994,44.6397,CYAW 201700Z 22008KT 4SM BR OVC004 16/16 A3027 RMK SF8 DA142FT SLP251
CYAW,2020-10-20 17:35,-63.4994,44.6397,CYAW 201735Z 18010KT 8SM BKN006 OVC030 16/16 A3025 RMK SF7SC1 DA185FT SLP243
CYAW,2020-10-20 18:00,-63.4994,44.6397,CYAW 201800Z 19008KT 8SM BKN008 BKN030 17/16 A3025 RMK SF6SC1 DA235FT SLP245
CYAW,2020-10-20 19:00,-63.4994,44.6397,CYAW 201900Z 21008G16KT 12SM BKN010 OVC250 17/15 A3026 RMK SF6CI2 DA202FT LAST OBS/NXT 210800 UTC SLP248
CYAW,2020-10-21 08:00,-63.4994,44.6397,CYAW 210800Z 01004KT 4SM -SHRA BR BKN016 OVC040 12/12 A3038 RMK SC6SC2 DA-474FT FST OBS SLP287
CYAW,2020-10-21 08:24,-63.4994,44.6397,CYAW 210824Z 32002KT 3SM -SHRA BR FEW006 BKN011 OVC016 12/12 A3039 RMK SF1SF5SC2 DA-485FT SLP291
CYAW,2020-10-21 09:00,-63.4994,44.6397,CYAW 210900Z 00000KT 6SM -SHRA BR BKN007 OVC023 12/12 A3039 RMK SF5SC3 DA-484FT PCPN VRY LGT SLP292
CYAW,2020-10-21 09:48,-63.4994,44.6397,CYAW 210948Z 04004KT 4SM -DZ BR BKN005 OVC022 12/12 A3039 RMK SF6SC2 DA-497FT SLP293
CYAW,2020-10-21 10:00,-63.4994,44.6397,CYAW 211000Z 06004KT 4SM -DZ BR BKN005 OVC016 12/12 A3040 RMK SF5SC3 DA-509FT SLP294
CYAW,2020-10-21 10:28,-63.4994,44.6397,CYAW 211028Z 06004KT 2SM -DZ BR BKN004 OVC016 12/12 A3040 RMK SF5SC3 DA-510FT SLP295
CYAW,2020-10-21 11:00,-63.4994,44.6397,CYAW 211100Z 07005KT 2SM -DZ BR BKN003 OVC016 12/12 A3040 RMK SF6SC2 DA-522FT SLP295
CYAW,2020-10-21 11:38,-63.4994,44.6397,CYAW 211138Z 06008KT 4SM -DZ BR OVC005 12/12 A3041 RMK SF8 DA-521FT SLP298
CYAW,2020-10-21 12:00,-63.4994,44.6397,CYAW 211200Z 05005KT 3/4SM -DZ BR OVC005 12/12 A3041 RMK SF8 DA-521FT SLP299
CYAW,2020-10-21 12:30,-63.4994,44.6397,CYAW 211230Z 05004KT 2 1/2SM -DZ BR BKN006 OVC013 13/13 A3041 RMK SF6ST2 DA-481FT SLP300
CYAW,2020-10-21 13:00,-63.4994,44.6397,CYAW 211300Z 08006KT 3SM -DZ BR BKN006 OVC012 13/12 A3041 RMK SF6ST2 DA-483FT SLP298
CYAW,2020-10-21 13:38,-63.4994,44.6397,CYAW 211338Z 05005KT 2 1/2SM -DZ BR BKN004 OVC012 13/13 A3042 RMK SF6ST2 DA-492FT SLP302
CYAW,2020-10-21 14:00,-63.4994,44.6397,CYAW 211400Z 07007KT 2 1/2SM -DZ BR BKN004 OVC011 13/13 A3042 RMK SF6ST2 DA-480FT SLP301
CYAW,2020-10-21 15:00,-63.4994,44.6397,CYAW 211500Z 09005KT 2 1/2SM -DZ BR BKN004 OVC015 13/13 A3040 RMK SF6ST2 DA-431FT SLP294
CYAW,2020-10-21 15:16,-63.4994,44.6397,CYAW 211516Z 08007KT 3SM -DZ BR BKN005 OVC015 13/12 A3040 RMK SF6ST2 DA-459FT SLP294
CYAW,2020-10-21 15:36,-63.4994,44.6397,CYAW 211536Z 08010KT 2SM -DZ BR BKN005 OVC014 13/13 A3039 RMK SF6ST2 DA-447FT VIS VRB 1 1/2-2 1/2 SLP292
CYAW,2020-10-21 15:49,-63.4994,44.6397,CYAW 211549Z 08008KT 1SM -DZ BR OVC005 13/12 A3039 RMK SF8 DA-460FT SLP292
CYAW,2020-10-21 16:00,-63.4994,44.6397,CYAW 211600Z 09006KT 1SM -DZ BR OVC005 13/12 A3038 RMK SF8 DA-449FT SLP289
CYAW,2020-10-21 17:00,-63.4994,44.6397,CYAW 211700Z 09006G15KT 1SM -DZ BR OVC005 13/12 A3037 RMK SF8 DA-450FT SLP286
CYAW,2020-10-21 17:10,-63.4994,44.6397,CYAW 211710Z 09010KT 1 1/2SM -DZ BR OVC005 12/12 A3037 RMK SF8 DA-463FT VIS VRB 1-2 SLP284
CYAW,2020-10-21 17:30,-63.4994,44.6397,CYAW 211730Z 09008KT 1SM -DZ BR OVC004 12/12 A3035 RMK SF8 DA-467FT SLP280
CYAW,2020-10-21 17:39,-63.4994,44.6397,CYAW 211739Z 09009KT 1SM -DZ BR OVC003 12/12 A3035 RMK SF8 DA-494FT SLP279
CYAW,2020-10-21 18:00,-63.4994,44.6397,CYAW 211800Z 09008KT 1SM -DZ BR OVC003 12/12 A3035 RMK SF8 DA-480FT SLP278
CYAW,2020-10-21 18:23,-63.4994,44.6397,CYAW 211823Z 09010G15KT 3/4SM -DZ BR OVC003 12/12 A3034 RMK SF8 DA-495FT VIS VRB 1/2-1 SLP274
CYAW,2020-10-21 19:00,-63.4994,44.6397,CYAW 211900Z 08006KT 3/4SM -DZ BR OVC002 12/12 A3032 RMK ST8 DA-445FT VIS VRB 1/2-1 LAST OBS/NXT 220800 UTC SLP269
CYAW,2020-10-22 08:00,-63.4994,44.6397,CYAW 220800Z 23006KT 6SM BR OVC004 16/16 A3016 RMK ST8 DA217FT FST OBS SLP215
CYAW,2020-10-22 09:00,-63.4994,44.6397,CYAW 220900Z 21006KT 4SM BR OVC003 15/15 A3015 RMK ST8 DA188FT VIS LWR N SLP211
CYAW,2020-10-22 10:00,-63.4994,44.6397,CYAW 221000Z 24006KT 5SM BR OVC003 15/15 A3015 RMK ST8 DA148FT SLP212
CYAW,2020-10-22 10:41,-63.4994,44.6397,CYAW 221041Z 24009KT 8SM BKN004 BKN022 OVC041 15/15 A3015 RMK SF5SC1SC2 DA135FT SLP212
CYAW,2020-10-22 11:00,-63.4994,44.6397,CYAW 221100Z 25008KT 8SM SCT004 BKN025 OVC042 15/15 A3017 RMK SF4SC1SC3 DA125FT SLP216
CYAW,2020-10-22 11:20,-63.4994,44.6397,CYAW 221120Z 25006KT 8SM BKN003 BKN025 OVC040 15/15 A3017 RMK SF5SC1SC2 DA152FT SLP218
CYAW,2020-10-22 11:40,-63.4994,44.6397,CYAW 221140Z 26002KT 8SM -DZ OVC003 15/15 A3018 RMK ST8 DA127FT VIS LWR N SLP222
CYAW,2020-10-22 12:00,-63.4994,44.6397,CYAW 221200Z 27005KT 6SM DZ BR OVC003 15/15 A3019 RMK ST8 DA102FT SLP225
CYAW,2020-10-22 12:12,-63.4994,44.6397,CYAW 221212Z 27008KT 3SM -DZ BR SCT004 BKN010 OVC020 15/15 A3019 RMK SF4SF3SC1 DA142FT SLP224
CYAW,2020-10-22 12:29,-63.4994,44.6397,CYAW 221229Z 28007KT 10SM FEW004 SCT018 OVC040 16/16 A3020 RMK SF2SC2SC4 DA171FT SLP229
CYAW,2020-10-22 12:50,-63.4994,44.6397,CYAW 221250Z 31007KT 15SM SCT011 OVC040 16/16 A3021 RMK SF4SC4 DA173FT SLP231
CYAW,2020-10-22 13:00,-63.4994,44.6397,CYAW 221300Z 31006KT 15SM FEW012 FEW020 OVC040 16/16 A3021 RMK SF2CU1SC6 DA198FT SLP230
CYAW,2020-10-22 14:00,-63.4994,44.6397,CYAW 221400Z 27007KT 15SM FEW011 SCT030 SCT250 17/15 A3019 RMK SC2SC2CI1 DA331FT SLP226
CYAW,2020-10-22 15:00,-63.4994,44.6397,CYAW 221500Z 27009G15KT 15SM SCT016 19/15 A3019 RMK SC3 DA594FT SLP225
CYAW,2020-10-22 15:45,-63.4994,44.6397,CYAW 221545Z 33010KT 15SM BKN020 20/14 A3020 RMK CU5 DA641FT SLP226
CYAW,2020-10-22 16:00,-63.4994,44.6397,CYAW 221600Z 31008KT 15SM BKN023 BKN250 20/14 A3019 RMK CU5CI1 DA603FT SLP224
CYAW,2020-10-22 17:00,-63.4994,44.6397,CYAW 221700Z 27008KT 15SM SCT025 BKN250 20/12 A3019 RMK SC3CI2 DA628FT SLP222
CYAW,2020-10-22 18:00,-63.4994,44.6397,CYAW 221800Z 28010KT 15SM FEW025 BKN250 19/09 A3019 RMK SC1CI5 DA527FT SLP223
CYAW,2020-10-22 19:00,-63.4994,44.6397,CYAW 221900Z 31008KT 15SM FEW025 BKN250 19/07 A3019 RMK SC1CI5 DA481FT SC TR SLP222
CYAW,2020-10-22 20:00,-63.4994,44.6397,CYAW 222000Z 32008KT 15SM BKN250 19/09 A3021 RMK CI5 DA441FT SLP230
CYAW,2020-10-22 21:00,-63.4994,44.6397,CYAW 222100Z 34005KT 15SM BKN250 17/08 A3023 RMK CI5 DA150FT SLP237
CYAW,2020-10-22 22:00,-63.4994,44.6397,CYAW 222200Z 33006KT 15SM BKN250 14/08 A3024 RMK CI5 DA-220FT LAST OBS/NEXT 230800 UTC SLP242
CYAW,2020-10-23 08:00,-63.4994,44.6397,CYAW 230800Z 05004KT 15SM FEW075 07/06 A3033 RMK AC1 DA-1190FT FST OBS SLP273
CYAW,2020-10-23 09:00,-63.4994,44.6397,CYAW 230900Z 03007KT 15SM FEW100 07/07 A3035 RMK AC2 DA-1156FT SLP278
CYAW,2020-10-23 10:00,-63.4994,44.6397,CYAW 231000Z 04006KT 15SM FEW110 07/06 A3035 RMK AC1 DA-1161FT SLP280
CYAW,2020-10-23 11:00,-63.4994,44.6397,CYAW 231100Z 03006KT 15SM FEW020 SCT036 BKN100 BKN250 06/06 A3036 RMK SC1SC3AC2CI1 DA-1249FT SLP282
CYAW,2020-10-23 12:00,-63.4994,44.6397,CYAW 231200Z 04010KT 15SM BKN037 08/06 A3038 RMK SC5 DA-1131FT SLP289
CYAW,2020-10-23 13:00,-63.4994,44.6397,CYAW 231300Z 05007KT 15SM FEW033 11/06 A3038 RMK SC2 DA-744FT SLP288
CYAW,2020-10-23 14:00,-63.4994,44.6397,CYAW 231400Z 08010G15KT 15SM FEW030 FEW250 12/07 A3036 RMK SC1CI1 DA-613FT SLP284
CYAW,2020-10-23 15:00,-63.4994,44.6397,CYAW 231500Z 07012KT 15SM FEW030 13/07 A3035 RMK CU1 DA-457FT CU TR SLP280
CYAW,2020-10-23 16:00,-63.4994,44.6397,CYAW 231600Z 09010G17KT 10SM FEW015 12/09 A3035 RMK CU2 DA-505FT SLP277
CYAW,2020-10-23 17:00,-63.4994,44.6397,CYAW 231700Z 09008G16KT 12SM SCT017 SCT250 12/08 A3033 RMK CU4CI1 DA-460FT SLP270
CYAW,2020-10-23 17:26,-63.4994,44.6397,CYAW 231726Z 11012KT 12SM BKN017 BKN250 13/08 A3031 RMK CU6CI1 DA-316FT SLP266
CYAW,2020-10-23 18:00,-63.4994,44.6397,CYAW 231800Z 10012KT 12SM BKN018 BKN250 13/08 A3031 RMK CU6CI1 DA-390FT SLP266
CYAW,2020-10-23 19:00,-63.4994,44.6397,CYAW 231900Z 10009G15KT 12SM SCT018 SCT070 BKN250 12/07 A3032 RMK CU3AC1CI1 DA-458FT LAST OBS/NEXT 260800 UTC SLP267
CYAW,2020-10-26 08:00,-63.4994,44.6397,CYAW 260800Z 02005KT 15SM SKC 00/M03 A3043 RMK DA-2168FT FST OBS SLP306
CYAW,2020-10-26 09:00,-63.4994,44.6397,CYAW 260900Z 04004KT 15SM SKC 01/M04 A3045 RMK DA-2103FT SLP313
CYAW,2020-10-26 10:00,-63.4994,44.6397,CYAW 261000Z 35004KT 15SM SKC M00/M03 A3045 RMK DA-2268FT SLP313
CYAW,2020-10-26 11:00,-63.4994,44.6397,CYAW 261100Z 01004KT 15SM FEW100 BKN250 00/M03 A3047 RMK AC1CI5 DA-2213FT SLP320
CYAW,2020-10-26 12:00,-63.4994,44.6397,CYAW 261200Z 03006KT 15SM FEW100 BKN250 02/M03 A3049 RMK AC1CI6 DA-2031FT SLP326
CYAW,2020-10-26 13:00,-63.4994,44.6397,CYAW 261300Z 05008KT 15SM FEW100 BKN250 04/M02 A3048 RMK AC1CI6 DA-1687FT SLP323
CYAW,2020-10-26 14:00,-63.4994,44.6397,CYAW 261400Z 06007KT 15SM FEW030 SCT120 BKN250 07/M01 A3046 RMK SC1AC3CI2 DA-1334FT SLP317
CYAW,2020-10-26 15:00,-63.4994,44.6397,CYAW 261500Z 11008KT 15SM FEW030 FEW120 FEW220 09/01 A3043 RMK SC1AC1CI1 DA-1093FT SLP307
CYAW,2020-10-26 16:00,-63.4994,44.6397,CYAW 261600Z 12007KT 15SM FEW030 SCT120 BKN200 10/03 A3042 RMK CU2AC1CI3 DA-909FT SLP302
CYAW,2020-10-26 17:00,-63.4994,44.6397,CYAW 261700Z 08007KT 15SM BKN030 BKN120 BKN200 10/03 A3039 RMK CU5AC1CI1 DA-922FT SLP294
CYAW,2020-10-26 18:00,-63.4994,44.6397,CYAW 261800Z 08008KT 15SM SCT030 BKN160 10/04 A3036 RMK CU3AC3 DA-775FT SLP284
CYAW,2020-10-26 19:00,-63.4994,44.6397,CYAW 261900Z 11005KT 15SM OVC028 09/04 A3036 RMK SC8 DA-905FT SLP282
CYAW,2020-10-26 20:00,-63.4994,44.6397,CYAW 262000Z 12010G15KT 15SM BKN026 OVC058 10/05 A3031 RMK SC6SC2 DA-805FT SLP267
CYAW,2020-10-26 20:49,-63.4994,44.6397,CYAW 262049Z 11009KT 15SM OVC019 10/06 A3032 RMK SC8 DA-807FT SLP268
CYAW,2020-10-26 21:00,-63.4994,44.6397,CYAW 262100Z 12010G16KT 15SM OVC018 10/06 A3030 RMK SC8 DA-795FT SLP263
CYAW,2020-10-26 22:00,-63.4994,44.6397,CYAW 262200Z 11007G15KT 15SM OVC017 09/07 A3029 RMK SC8 DA-806FT SLP258
CYAW,2020-10-26 22:29,-63.4994,44.6397,CYAW 262229Z 11010KT 15SM BKN016 OVC051 09/07 A3028 RMK SC6SC2 DA-795FT LAST OBS/NEXT 270800 UTC SLP257
CYAW,2020-10-27 08:00,-63.4994,44.6397,CYAW 270800Z 21003KT 1/4SM FG VV002 12/12 A2997 RMK FG8 DA-4FT FST OBS SLP149
CYAW,2020-10-27 08:36,-63.4994,44.6397,CYAW 270836Z 23007KT 3/4SM BR OVC002 13/13 A2995 RMK SF8 DA125FT SLP144
CYAW,2020-10-27 09:00,-63.4994,44.6397,CYAW 270900Z 25007KT 3SM BR BKN004 OVC006 13/13 A2995 RMK SF6SF2 DA151FT SLP143
CYAW,2020-10-27 10:00,-63.4994,44.6397,CYAW 271000Z 25008KT 3SM BR OVC006 14/14 A2994 RMK SF8 DA216FT SLP140
CYAW,2020-10-27 10:31,-63.4994,44.6397,CYAW 271031Z 27008KT 8SM -SHRA BKN007 14/14 A2994 RMK SF7 DA189FT SLP140
CYAW,2020-10-27 11:00,-63.4994,44.6397,CYAW 271100Z 27007KT 8SM -SHRA BKN007 13/13 A2994 RMK SF7 DA163FT SLP139
CYAW,2020-10-27 11:31,-63.4994,44.6397,CYAW 271131Z 27007KT 10SM BKN008 BKN040 13/13 A2993 RMK SF5SC2 DA172FT SLP137
CYAW,2020-10-27 12:00,-63.4994,44.6397,CYAW 271200Z 29008KT 10SM BKN009 BKN040 13/13 A2993 RMK SF6SC1 DA157FT SLP137
CYAW,2020-10-27 12:14,-63.4994,44.6397,CYAW 271214Z 29010KT 6SM -SHRA BR BKN006 OVC011 13/13 A2995 RMK SF7SF1 DA109FT PRESRR VIS N-NE 2 SLP143
CYAW,2020-10-27 12:22,-63.4994,44.6397,CYAW 271222Z 30010G15KT 1 1/2SM -SHRA BR OVC006 13/13 A2995 RMK SF8 DA96FT SLP142
CYAW,2020-10-27 12:37,-63.4994,44.6397,CYAW 271237Z 32012G17KT 8SM BKN009 OVC020 12/12 A2995 RMK SF6SC2 DA15FT VIS SE-SW 3 BR SLP142
CYAW,2020-10-27 13:00,-63.4994,44.6397,CYAW 271300Z 32011G18KT 12SM FEW009 SCT017 OVC039 12/11 A2995 RMK SF2SC2SC4 DA-6FT SLP143
CYAW,2020-10-27 13:45,-63.4994,44.6397,CYAW 271345Z 33017G24KT 12SM -SHRA SCT010 BKN015 OVC040 11/10 A2996 RMK SF3SC4SC1 DA-193FT SLP146
CYAW,2020-10-27 14:00,-63.4994,44.6397,CYAW 271400Z 33015KT 10SM -DZ BKN009 OVC038 10/09 A2997 RMK SF6SC2 DA-383FT SLP149
CYAW,2020-10-27 14:13,-63.4994,44.6397,CYAW 271413Z 33013G18KT 6SM -SHRA BR BKN006 OVC038 09/09 A2997 RMK SF6SC2 DA-433FT VIS N 3 SLP149
CYAW,2020-10-27 14:38,-63.4994,44.6397,CYAW 271438Z 32011KT 12SM -SHRA FEW007 SCT038 OVC045 09/08 A2996 RMK SF2SC2SC4 DA-474FT PCPN VRY LGT SLP148
CYAW,2020-10-27 15:00,-63.4994,44.6397,CYAW 271500Z 33013KT 15SM -SHRA FEW012 FEW038 SCT055 OVC085 09/08 A2995 RMK SF1SC2SC2AS4 DA-478FT PCPN VRY LGT SLP143
CYAW,2020-10-27 15:21,-63.4994,44.6397,CYAW 271521Z 32009G15KT 15SM FEW010 BKN057 OVC085 09/08 A2996 RMK SF1SC4AS3 DA-502FT SLP146
CYAW,2020-10-27 16:00,-63.4994,44.6397,CYAW 271600Z 32014KT 15SM FEW010 BKN063 BKN085 09/07 A2994 RMK SF1SC6AS1 DA-486FT SLP141
CYAW,2020-10-27 17:00,-63.4994,44.6397,CYAW 271700Z 32016KT 15SM SCT016 BKN063 OVC075 09/06 A2995 RMK SC3SC3AS2 DA-505FT SLP142
CYAW,2020-10-27 17:24,-63.4994,44.6397,CYAW 271724Z 33016KT 15SM BKN015 OVC065 08/06 A2995 RMK SC6SC2 DA-530FT SLP142
CYAW,2020-10-27 18:00,-63.4994,44.6397,CYAW 271800Z 33010KT 15SM BKN026 OVC050 08/06 A2995 RMK SC7SC1 DA-532FT SLP145
CYAW,2020-10-27 19:00,-63.4994,44.6397,CYAW 271900Z 33013G18KT 15SM SCT023 OVC032 08/04 A2997 RMK SC4SC4 DA-628FT SLP151
CYAW,2020-10-27 19:04,-63.4994,44.6397,CYAW 271904Z 32013G18KT 15SM BKN026 BKN032 08/05 A2997 RMK SC6SC2 DA-626FT LAST OBS/NEXT 280800 UTC SLP150
CYAW,2020-10-28 08:00,-63.4994,44.6397,CYAW 280800Z 33007KT 15SM BKN036 02/M02 A3009 RMK SC6 DA-1592FT FST OBS SLP193
CYAW,2020-10-28 09:00,-63.4994,44.6397,CYAW 280900Z 31004KT 15SM FEW030 00/M02 A3011 RMK SC2 DA-1793FT SLP197
CYAW,2020-10-28 10:00,-63.4994,44.6397,CYAW 281000Z 35005KT 15SM FEW035 FEW250 M00/M02 A3013 RMK SC2CI1 DA-1866FT SLP205
CYAW,2020-10-28 11:00,-63.4994,44.6397,CYAW 281100Z 01004KT 15SM FEW035 FEW070 SCT250 M01/M03 A3013 RMK SC1AC1CI2 DA-1986FT SLP204
CYAW,2020-10-28 12:00,-63.4994,44.6397,CYAW 281200Z 33003KT 15SM FEW035 BKN140 BKN250 00/M03 A3016 RMK SC1AC6CI1 DA-1858FT SLP214
CYAW,2020-10-28 13:00,-63.4994,44.6397,CYAW 281300Z 33009KT 15SM FEW035 BKN250 02/M04 A3015 RMK SC2CI3 DA-1671FT SLP212
CYAW,2020-10-28 14:00,-63.4994,44.6397,CYAW 281400Z 33010G15KT 15SM FEW026 BKN250 03/M04 A3014 RMK SC2CI3 DA-1532FT SLP208
CYAW,2020-10-28 15:00,-63.4994,44.6397,CYAW 281500Z 30006KT 15SM FEW025 SCT250 04/M03 A3013 RMK SC1CI3 DA-1345FT SLP204
CYAW,2020-10-28 16:00,-63.4994,44.6397,CYAW 281600Z 31007KT 15SM FEW025 BKN160 BKN250 04/M03 A3011 RMK SC1AC5CI1 DA-1333FT SLP197
CYAW,2020-10-28 17:00,-63.4994,44.6397,CYAW 281700Z 29007KT 15SM FEW025 SCT160 SCT250 05/M04 A3007 RMK SC1AC3CI1 DA-1155FT CI TR SLP185
CYAW,2020-10-28 18:00,-63.4994,44.6397,CYAW 281800Z 28007KT 15SM FEW025 BKN210 06/M03 A3005 RMK SC1CI6 DA-1053FT SLP179
CYAW,2020-10-28 19:00,-63.4994,44.6397,CYAW 281900Z 18003KT 15SM FEW040 BKN190 05/M03 A3006 RMK SC1AC6 DA-1175FT SLP180
CYAW,2020-10-28 20:00,-63.4994,44.6397,CYAW 282000Z 24007KT 15SM FEW040 BKN180 05/M02 A3005 RMK SC1AC7 DA-1109FT SLP177
CYAW,2020-10-28 21:00,-63.4994,44.6397,CYAW 282100Z 22004KT 15SM FEW040 SCT110 BKN180 04/M01 A3004 RMK SC1AC3AC3 DA-1217FT LAST OBS/NEXT 290800 UTC SLP174
CYAW,2020-10-29 08:00,-63.4994,44.6397,CYAW 290800Z 00000KT 15SM FEW023 SCT070 BKN170 02/01 A2987 RMK SC2AC1AC2 DA-1269FT FST OBS SLP116
CYAW,2020-10-29 09:00,-63.4994,44.6397,CYAW 290900Z 00000KT 15SM FEW040 BKN170 01/00 A2985 RMK SC2AC3 DA-1428FT SLP109
CYAW,2020-10-29 10:00,-63.4994,44.6397,CYAW 291000Z 00000KT 15SM SCT040 BKN160 02/01 A2986 RMK SC3AC3 DA-1309FT SLP113
CYAW,2020-10-29 11:00,-63.4994,44.6397,CYAW 291100Z 23005KT 15SM BKN034 BKN150 05/04 A2986 RMK SC6AC2 DA-863FT CU ASOCTD SLP112
CYAW,2020-10-29 11:30,-63.4994,44.6397,CYAW 291130Z 24006KT 15SM BKN022 BKN150 06/04 A2986 RMK SC5AC2 DA-798FT SLP114
CYAW,2020-10-29 12:00,-63.4994,44.6397,CYAW 291200Z 26007KT 15SM FEW022 BKN052 BKN150 06/05 A2988 RMK SC1SC6AC1 DA-756FT SLP119
CYAW,2020-10-29 13:00,-63.4994,44.6397,CYAW 291300Z 27007KT 15SM FEW020 BKN051 07/05 A2987 RMK CF1SC7 DA-630FT CUFRA TR SLP118
CYAW,2020-10-29 14:00,-63.4994,44.6397,CYAW 291400Z 28007KT 15SM FEW020 OVC045 08/05 A2987 RMK CF1SC7 DA-483FT SLP116
CYAW,2020-10-29 15:00,-63.4994,44.6397,CYAW 291500Z 31009KT 15SM FEW020 OVC046 08/04 A2986 RMK CF1SC7 DA-444FT SLP113
CYAW,2020-10-29 19:32,-63.4994,44.6397,CYAW 291932Z 24005KT 15SM FEW020 BKN044 OVC140 09/04 A2979 RMK SC1SC6AS2 DA-265FT LAST OBS/NEXT 300800 UTC SLP091
CYAW,2020-10-30 08:00,-63.4994,44.6397,CYAW 300800Z 02010G17KT 10SM OVC068 02/00 A2975 RMK AC8 DA-1159FT FST OBS SLP077
CYAW,2020-10-30 08:27,-63.4994,44.6397,CYAW 300827Z 02013G18KT 6SM -SHGS FEW040 OVC060 02/00 A2975 RMK SC2SC6 DA-1174FT SLP075
CYAW,2020-10-30 09:00,-63.4994,44.6397,CYAW 300900Z 02011G17KT 6SM -SHGS FEW030 OVC071 02/M00 A2975 RMK SC2AC6 DA-1162FT SLP077
CYAW,2020-10-30 10:00,-63.4994,44.6397,CYAW 301000Z 02014G20KT 12SM -SHGS FEW030 OVC075 02/M01 A2976 RMK SC2AC6 DA-1154FT PCPN VRY LGT SLP081
CYAW,2020-10-30 10:18,-63.4994,44.6397,CYAW 301018Z 02013G18KT 12SM BKN070 OVC110 02/M01 A2976 RMK AC6AC2 DA-1156FT SLP080
CYAW,2020-10-30 11:00,-63.4994,44.6397,CYAW 301100Z 02017G25KT 15SM FEW030 SCT070 OVC120 02/M02 A2979 RMK SC1AC3AC5 DA-1184FT SLP088
CYAW,2020-10-30 12:00,-63.4994,44.6397,CYAW 301200Z 02017G24KT 15SM FEW030 FEW070 OVC130 02/M03 A2978 RMK SC1AC2AC6 DA-1163FT SLP086
CYAW,2020-10-30 13:00,-63.4994,44.6397,CYAW 301300Z 02015G27KT 15SM FEW030 OVC120 03/M04 A2980 RMK SC1AC7 DA-1152FT SLP092
CYAW,2020-10-30 14:00,-63.4994,44.6397,CYAW 301400Z 02017G25KT 15SM FEW030 OVC120 03/M04 A2980 RMK SC1AS7 DA-1115FT SUN DIMLY VISBL SLP093
CYAW,2020-10-30 15:00,-63.4994,44.6397,CYAW 301500Z 02016G22KT 15SM FEW040 OVC110 03/M04 A2980 RMK SC1AS7 DA-1069FT SLP094
CYAW,2020-10-30 16:00,-63.4994,44.6397,CYAW 301600Z 02016G21KT 15SM FEW040 OVC110 03/M06 A2981 RMK SC1AS7 DA-1086FT SLP095
CYAW,2020-10-30 17:00,-63.4994,44.6397,CYAW 301700Z 01010G22KT 15SM FEW040 OVC110 04/M05 A2979 RMK SC1AS7 DA-1009FT SLP089
CYAW,2020-10-30 18:00,-63.4994,44.6397,CYAW 301800Z 03015G22KT 15SM FEW044 OVC110 03/M05 A2980 RMK SC1AS7 DA-1046FT SLP092
CYAW,2020-10-30 19:00,-63.4994,44.6397,CYAW 301900Z 01018G25KT 15SM FEW044 OVC100 03/M06 A2980 RMK SC1AS7 DA-1100FT SLP094
CYAW,2020-10-30 20:00,-63.4994,44.6397,CYAW 302000Z 02012G22KT 15SM FEW045 OVC120 03/M06 A2980 RMK SC1AS7 DA-1124FT SLP092
CYAW,2020-10-30 20:31,-63.4994,44.6397,CYAW 302031Z 02015G24KT 15SM FEW045 OVC110 03/M06 A2980 RMK SC1AS7 DA-1149FT LAST OBS/NEXT 020800 UTC SLP093
CYAW,2020-11-02 09:00,-63.4994,44.6397,CYAW 020900Z 15019G27KT 5SM -SHRA BR FEW004 SCT017 OVC120 14/13 A2940 RMK SF1SC2AC5 DA810FT FST OBS SLP956
CYAW,2020-11-02 09:30,-63.4994,44.6397,CYAW 020930Z 16018G25KT 4SM -SHRA BR BKN004 BKN017 OVC140 13/13 A2936 RMK SF6SC2AC1 DA833FT PRESFR PCPN VRY LGT SLP944
CYAW,2020-11-02 10:00,-63.4994,44.6397,CYAW 021000Z 16015G21KT 3SM -SHRA BR OVC004 13/13 A2936 RMK ST8 DA806FT SLP941
CYAW,2020-11-02 10:22,-63.4994,44.6397,CYAW 021022Z 16012KT 2SM -DZ BR OVC002 13/13 A2932 RMK ST8 DA854FT PRESFR SLP930
CYAW,2020-11-02 10:40,-63.4994,44.6397,CYAW 021040Z 17012KT 1 1/2SM -SHRA BR OVC003 13/13 A2930 RMK ST8 DA864FT PRESFR PCPN VRY LGT SLP923
CYAW,2020-11-02 11:00,-63.4994,44.6397,CYAW 021100Z 15013KT 1 1/2SM -SHRA BR OVC003 13/13 A2928 RMK ST8 DA873FT PRESFR SLP916
CYAW,2020-11-02 11:12,-63.4994,44.6397,CYAW 021112Z 15015G25KT 3SM -RA BR SCT003 OVC070 13/13 A2928 RMK SF4AC4 DA875FT SLP914
CYAW,2020-11-02 12:00,-63.4994,44.6397,CYAW 021200Z 15016G21KT 1 1/2SM -RA BR BKN002 OVC020 14/14 A2924 RMK ST7SC1 DA987FT SLP901
CYAW,2020-11-02 12:20,-63.4994,44.6397,CYAW 021220Z 15017KT 3/8SM -RA FG VV002 13/13 A2923 RMK FG8 DA986FT SLP898
CYAW,2020-11-02 12:41,-63.4994,44.6397,CYAW 021241Z 17014KT 3/4SM -RA BR OVC003 14/14 A2921 RMK FG4ST4 DA1036FT SLP893
CYAW,2020-11-02 13:00,-63.4994,44.6397,CYAW 021300Z 16014KT 3/4SM -RA BR OVC003 13/13 A2920 RMK ST8 DA1008FT VIS VRB 3/8-1 1/4 SLP887
CYAW,2020-11-02 13:13,-63.4994,44.6397,CYAW 021313Z 16018G26KT 4SM -RA BR SCT003 OVC021 14/14 A2917 RMK SF3SC5 DA1109FT PRESFR SLP880
CYAW,2020-11-02 13:39,-63.4994,44.6397,CYAW 021339Z 16018G27KT 2SM -RA BR SCT004 SCT010 OVC016 13/13 A2915 RMK SF3SF1SC4 DA1080FT VIS VRB 1-3 PRESFR SLP870
CYAW,2020-11-02 14:00,-63.4994,44.6397,CYAW 021400Z 16016G22KT 1SM -RA BR BKN003 OVC016 13/13 A2912 RMK ST6SC2 DA1102FT VIS VRB 1/2-1 1/2 PRESFR SLP862
CYAW,2020-11-02 14:31,-63.4994,44.6397,CYAW 021431Z 22016G22KT 2SM -RA BR FEW003 BKN009 OVC020 13/13 A2912 RMK SF2SF4SC2 DA1075FT VIS VRB 1-3 SLP860
CYAW,2020-11-02 14:42,-63.4994,44.6397,CYAW 021442Z 22016G26KT 6SM -DZ BR FEW003 SCT012 OVC039 13/12 A2912 RMK SF1SF2SC5 DA999FT SLP863
CYAW,2020-11-02 15:00,-63.4994,44.6397,CYAW 021500Z 22015G22KT 12SM -DZ FEW008 FEW012 SCT033 OVC046 12/11 A2912 RMK SF1SF1SC2SC5 DA971FT SLP860
CYAW,2020-11-02 16:00,-63.4994,44.6397,CYAW 021600Z 23018G25KT 12SM FEW008 BKN015 BKN030 13/11 A2907 RMK SF1SC5SC2 DA1061FT SLP846
CYAW,2020-11-02 17:00,-63.4994,44.6397,CYAW 021700Z 22024G31KT 12SM SCT017 BKN023 12/08 A2908 RMK SC4SC2 DA979FT CU ASOCTD SLP847
CYAW,2020-11-02 17:35,-63.4994,44.6397,CYAW 021735Z 22021G36KT 15SM SCT030 11/06 A2909 RMK CU3 DA793FT SLP850
CYAW,2020-11-02 18:00,-63.4994,44.6397,CYAW 021800Z 22026G37KT 15SM BKN036 11/04 A2909 RMK CU5 DA709FT SLP852
CYAW,2020-11-02 18:49,-63.4994,44.6397,CYAW 021849Z 23017G24KT 15SM -SHRA SCT034 BKN048 09/04 A2912 RMK SC4SC2 DA445FT SLP861
CYAW,2020-11-02 19:00,-63.4994,44.6397,CYAW 021900Z 22021G36KT 15SM -SHRA SCT031 BKN049 07/07 A2912 RMK SC3SC2 DA268FT PCPN VRY LGT SLP860
CYAW,2020-11-02 19:06,-63.4994,44.6397,CYAW 021906Z 22023G32KT 15SM SCT030 BKN043 08/05 A2912 RMK SC3SC2 DA353FT SLP860
CYAW,2020-11-02 20:00,-63.4994,44.6397,CYAW 022000Z 25019G30KT 15SM SCT029 BKN038 07/04 A2916 RMK SC4SC2 DA155FT SLP874
CYAW,2020-11-02 21:00,-63.4994,44.6397,CYAW 022100Z 23023G30KT 15SM BKN034 BKN060 06/02 A2917 RMK SC5SC2 DA102FT SLP880
CYAW,2020-11-02 22:00,-63.4994,44.6397,CYAW 022200Z 23021G30KT 15SM BKN030 BKN070 05/02 A2922 RMK SC5AC1 DA-104FT SLP897
CYAW,2020-11-02 23:00,-63.4994,44.6397,CYAW 022300Z 23016G24KT 15SM BKN034 05/02 A2924 RMK SC5 DA-218FT SLP903
CYAW,2020-11-03 00:00,-63.4994,44.6397,CYAW 030000Z 24018G30KT 15SM BKN032 05/02 A2928 RMK SC5 DA-265FT SLP916
CYAW,2020-11-03 01:00,-63.4994,44.6397,CYAW 030100Z 24022G27KT 15SM BKN028 04/02 A2932 RMK SC5 DA-411FT SLP930
CYAW,2020-11-03 02:00,-63.4994,44.6397,CYAW 030200Z 25025G34KT 15SM SCT036 03/M01 A2937 RMK SC3 DA-626FT SLP947
CYAW,2020-11-03 03:00,-63.4994,44.6397,CYAW 030300Z 25018G29KT 15SM FEW030 02/M02 A2941 RMK SC2 DA-766FT SLP959
CYAW,2020-11-03 04:00,-63.4994,44.6397,CYAW 030400Z CCA 25019G26KT 15SM BKN043 02/M03 A2945 RMK SC6 DA-844FT LAST OBS/NEXT 030900 UTC SLP973
CYAW,2020-11-03 09:00,-63.4994,44.6397,CYAW 030900Z 25016KT 8SM BKN040 00/M06 A2958 RMK SC6 DA-1172FT FST OBS SLP020
CYAW,2020-11-03 10:00,-63.4994,44.6397,CYAW 031000Z 25015KT 8SM BKN040 BKN200 M00/M06 A2961 RMK SC6CI1 DA-1272FT SLP029
CYAW,2020-11-03 10:18,-63.4994,44.6397,CYAW 031018Z 27011G17KT 8SM FEW040 BKN110 BKN200 M00/M06 A2962 RMK SC2AC5CI1 DA-1296FT SLP031
CYAW,2020-11-03 11:00,-63.4994,44.6397,CYAW 031100Z 25011KT 10SM FEW060 BKN120 BKN200 M00/M06 A2964 RMK SC2AS3CI1 DA-1345FT SLP038
CYAW,2020-11-03 12:00,-63.4994,44.6397,CYAW 031200Z 24007KT 12SM FEW060 SCT120 BKN200 00/M07 A2966 RMK SC1AC3CI2 DA-1280FT SLP046
CYAW,2020-11-03 13:00,-63.4994,44.6397,CYAW 031300Z 30005KT 12SM FEW100 BKN220 01/M06 A2966 RMK AC1CS7 DA-1241FT SUN DIMLY VISBL SLP045
CYAW,2020-11-03 14:00,-63.4994,44.6397,CYAW 031400Z 04004KT 12SM FEW075 BKN120 01/M06 A2965 RMK AC1AS7 DA-1128FT SUN DIMLY VISBL SLP041
CYAW,2020-11-03 14:39,-63.4994,44.6397,CYAW 031439Z 06004KT 15SM FEW080 BKN120 03/M06 A2963 RMK AC2AS3 DA-927FT SLP034
CYAW,2020-11-03 15:00,-63.4994,44.6397,CYAW 031500Z 05008KT 15SM SCT085 BKN120 02/M06 A2961 RMK AC4AS2 DA-967FT SLP030
CYAW,2020-11-03 16:00,-63.4994,44.6397,CYAW 031600Z 05009KT 12SM FEW055 FEW090 BKN120 03/M05 A2958 RMK SC1AC2AS5 DA-904FT SLP019
CYAW,2020-11-03 16:37,-63.4994,44.6397,CYAW 031637Z 07009KT 10SM OVC070 02/M05 A2959 RMK AS8 DA-928FT SLP021
CYAW,2020-11-03 17:00,-63.4994,44.6397,CYAW 031700Z 05007KT 3SM -SN OVC011 02/M04 A2959 RMK ST8 DA-962FT VIS LWR W SLP021
CYAW,2020-11-03 17:20,-63.4994,44.6397,CYAW 031720Z 04008KT 1/4SM +SN OVC008 00/M01 A2959 RMK ST8 DA-1173FT SLP023
CYAW,2020-11-03 18:00,-63.4994,44.6397,CYAW 031800Z 36010KT 1/4SM +SN OVC007 M00/M01 A2961 RMK ST8 DA-1268FT /S01/ SLP028
CYAW,2020-11-03 18:54,-63.4994,44.6397,CYAW 031854Z 34014KT 3/4SM -SN VV003 M01/M01 A2966 RMK SN8 DA-1393FT PRESRR SLP047
CYAW,2020-11-03 19:00,-63.4994,44.6397,CYAW 031900Z 35012KT 3/4SM -SN VV003 M01/M01 A2967 RMK SN8 DA-1405FT PRESRR SLP049
CYAW,2020-11-03 19:07,-63.4994,44.6397,CYAW 031907Z 33013G18KT 1/4SM +SN VV002 M01/M01 A2968 RMK SN8 DA-1416FT PRESRR SLP052
CYAW,2020-11-03 20:00,-63.4994,44.6397,CYAW 032000Z 35016G25KT 1/4SM +SN VV002 M02/M02 A2972 RMK SN8 DA-1583FT /S03/ SLP065
CYAW,2020-11-03 20:31,-63.4994,44.6397,CYAW 032031Z 35014G21KT 3/4SM -SN VV008 M02/M02 A2974 RMK SN8 DA-1607FT SLP074
CYAW,2020-11-03 21:00,-63.4994,44.6397,CYAW 032100Z 34014G22KT 3/4SM -SN VV008 M02/M03 A2978 RMK SN8 DA-1670FT PRESRR /S04/ SLP086
CYAW,2020-11-03 21:09,-63.4994,44.6397,CYAW 032109Z 34018G26KT 2SM -SN BKN008 OVC020 M02/M03 A2979 RMK SF6SC2 DA-1698FT PRESRR SLP090
CYAW,2020-11-03 21:34,-63.4994,44.6397,CYAW 032134Z 34014G19KT 5SM -SHSN FEW004 SCT014 BKN050 M02/M03 A2981 RMK SF2SC2SC2 DA-1745FT SLP096
CYAW,2020-11-03 21:48,-63.4994,44.6397,CYAW 032148Z 34014G21KT 8SM -SHSN FEW005 SCT014 BKN048 M02/M04 A2982 RMK SF2SC2SC2 DA-1750FT PCPN VRY LGT SLP101
CYAW,2020-11-03 22:00,-63.4994,44.6397,CYAW 032200Z 34013G18KT 8SM -SHSN FEW014 SCT048 M02/M04 A2983 RMK SC2SC2 DA-1775FT PCPN VRY LGT SLP104
CYAW,2020-11-03 22:13,-63.4994,44.6397,CYAW 032213Z 34013G19KT 12SM FEW050 M02/M05 A2984 RMK SC2 DA-1776FT SLP108
CYAW,2020-11-03 23:00,-63.4994,44.6397,CYAW 032300Z 33015G20KT 15SM FEW120 M02/M06 A2989 RMK AC2 DA-1863FT PRESRR SLP124
CYAW,2020-11-04 00:00,-63.4994,44.6397,CYAW 040000Z 31011G20KT 15SM BKN040 M02/M06 A2996 RMK SC6 DA-1944FT PRESRR SLP147
CYAW,2020-11-04 01:00,-63.4994,44.6397,CYAW 040100Z 31011KT 15SM FEW040 M03/M06 A3001 RMK SC2 DA-2070FT SLP163
CYAW,2020-11-04 02:00,-63.4994,44.6397,CYAW 040200Z 31010KT 15SM FEW040 M03/M07 A3006 RMK SC2 DA-2181FT SLP180
CYAW,2020-11-04 03:00,-63.4994,44.6397,CYAW 040300Z 31011KT 15SM FEW043 M03/M07 A3011 RMK SC1 DA-2239FT SLP198
CYAW,2020-11-04 04:00,-63.4994,44.6397,CYAW 040400Z 31010G16KT 15SM SKC M04/M08 A3015 RMK DA-2354FT SLP211
CYAW,2020-11-04 04:46,-63.4994,44.6397,CYAW 040446Z 30012KT 15SM SKC M04/M08 A3018 RMK DA-2416FT LAST OBS/NEXT 041400 UTC SLP223
CYAW,2020-11-04 14:00,-63.4994,44.6397,CYAW 041400Z 32010KT 15SM FEW030 FEW250 M02/M08 A3052 RMK CF1CI1 DA-2534FT FST OBS CUFRA TR SLP337
CYAW,2020-11-04 15:00,-63.4994,44.6397,CYAW 041500Z 32010KT 15SM FEW030 FEW250 M01/M08 A3054 RMK CF1CI1 DA-2429FT CUFRA TR SLP343
CYAW,2020-11-04 16:00,-63.4994,44.6397,CYAW 041600Z 31007KT 15SM FEW030 FEW250 00/M09 A3054 RMK CF1CI1 DA-2341FT CUFRA TR SLP343
CYAW,2020-11-04 17:00,-63.4994,44.6397,CYAW 041700Z 32005KT 15SM FEW030 01/M08 A3053 RMK CF1 DA-2201FT CUFRA TR SLP341
CYAW,2020-11-04 18:00,-63.4994,44.6397,CYAW 041800Z 26005KT 15SM FEW030 FEW050 FEW250 01/M10 A3054 RMK CF1SC1CI1 DA-2191FT CUFRA TR SLP344
CYAW,2020-11-04 19:00,-63.4994,44.6397,CYAW 041900Z 27003KT 15SM FEW030 FEW050 FEW140 01/M09 A3056 RMK CF1SC1AC1 DA-2186FT CUFRA TR SLP350
CYAW,2020-11-04 20:00,-63.4994,44.6397,CYAW 042000Z 00000KT 15SM FEW040 FEW140 01/M10 A3057 RMK SC1AC2 DA-2264FT SLP355
CYAW,2020-11-04 21:00,-63.4994,44.6397,CYAW 042100Z 21002KT 15SM BKN110 01/M09 A3059 RMK AC6 DA-2296FT SLP361
CYAW,2020-11-04 22:00,-63.4994,44.6397,CYAW 042200Z 22003KT 12SM BKN094 01/M07 A3060 RMK AC6 DA-2301FT SLP366
CYAW,2020-11-04 23:00,-63.4994,44.6397,CYAW 042300Z 22004KT 12SM BKN085 01/M07 A3062 RMK AC6 DA-2324FT SLP371
CYAW,2020-11-05 00:00,-63.4994,44.6397,CYAW 050000Z 19002KT 12SM BKN074 01/M06 A3062 RMK AC6 DA-2309FT SLP372
CYAW,2020-11-05 01:00,-63.4994,44.6397,CYAW 050100Z 21003KT 12SM BKN070 01/M07 A3064 RMK AC6 DA-2283FT SLP377
CYAW,2020-11-05 02:00,-63.4994,44.6397,CYAW 050200Z 17004KT 12SM OVC050 02/M07 A3063 RMK SC8 DA-2221FT SLP376
CYAW,2020-11-05 03:00,-63.4994,44.6397,CYAW 050300Z 18003KT 12SM BKN050 02/M06 A3064 RMK SC7 DA-2152FT SLP377
CYAW,2020-11-05 04:00,-63.4994,44.6397,CYAW 050400Z 19004KT 12SM BKN049 03/M05 A3064 RMK SC7 DA-2097FT SLP377
CYAW,2020-11-05 04:23,-63.4994,44.6397,CYAW 050423Z 19006KT 12SM OVC040 03/M05 A3064 RMK SC8 DA-2086FT SLP377
CYAW,2020-11-05 12:00,-63.4994,44.6397,CYAW 051200Z 16015KT 15SM -SHRA BKN018 OVC040 07/05 A3057 RMK SC6SC2 DA-1421FT PCPN VRY LGT FST OBS SLP356
CYAW,2020-11-05 12:38,-63.4994,44.6397,CYAW 051238Z 17016G21KT 15SM OVC017 08/05 A3057 RMK SC8 DA-1333FT SLP356
CYAW,2020-11-05 13:00,-63.4994,44.6397,CYAW 051300Z 17015KT 15SM OVC018 08/06 A3057 RMK SC8 DA-1242FT SLP353
CYAW,2020-11-05 14:00,-63.4994,44.6397,CYAW 051400Z 17015G20KT 15SM OVC018 09/06 A3055 RMK SC8 DA-1166FT SLP348
CYAW,2020-11-05 15:00,-63.4994,44.6397,CYAW 051500Z 18016G22KT 15SM OVC020 10/07 A3053 RMK SC8 DA-990FT SLP339
CYAW,2020-11-05 16:00,-63.4994,44.6397,CYAW 051600Z 18013G25KT 15SM OVC018 10/07 A3051 RMK SC8 DA-915FT SLP332
CYAW,2020-11-05 17:00,-63.4994,44.6397,CYAW 051700Z 18017KT 15SM BKN018 OVC030 11/08 A3048 RMK SC6SC2 DA-813FT SLP324
CYAW,2020-11-05 18:00,-63.4994,44.6397,CYAW 051800Z 19016G22KT 15SM BKN015 OVC030 11/09 A3046 RMK SC6SC2 DA-761FT SLP318
CYAW,2020-11-05 19:00,-63.4994,44.6397,CYAW 051900Z 19017G24KT 15SM BKN015 OVC030 11/09 A3045 RMK SC6SC2 DA-749FT SLP314
CYAW,2020-11-05 20:00,-63.4994,44.6397,CYAW 052000Z 19018G25KT 12SM BKN015 BKN031 11/09 A3043 RMK SC5SC2 DA-713FT SLP306
CYAW,2020-11-05 20:41,-63.4994,44.6397,CYAW 052041Z 19016G24KT 12SM FEW015 BKN045 11/09 A3042 RMK SC2SC5 DA-724FT SLP304
CYAW,2020-11-05 21:00,-63.4994,44.6397,CYAW 052100Z 19016G21KT 12SM FEW016 SCT028 BKN044 11/09 A3042 RMK SC2SC2SC3 DA-724FT SLP304
CYAW,2020-11-05 22:00,-63.4994,44.6397,CYAW 052200Z 20017G24KT 12SM SCT015 BKN035 BKN045 11/09 A3042 RMK SC3SC2SC2 DA-697FT SLP302
CYAW,2020-11-05 23:00,-63.4994,44.6397,CYAW 052300Z 20016KT 12SM FEW017 SCT035 BKN048 11/09 A3041 RMK SC2SC2SC4 DA-673FT SLP300
CYAW,2020-11-06 00:00,-63.4994,44.6397,CYAW 060000Z 20016G24KT 15SM FEW017 BKN028 BKN049 12/10 A3040 RMK SC1SC5SC2 DA-635FT SLP297
CYAW,2020-11-06 01:00,-63.4994,44.6397,CYAW 060100Z 19014G25KT 15SM FEW016 OVC025 12/10 A3038 RMK SC1SC8 DA-586FT LAST OBS/NEXT 060900 UTC SLP290
CYAW,2020-11-06 09:00,-63.4994,44.6397,CYAW 060900Z 21012G18KT 12SM OVC019 13/11 A3029 RMK SC8 DA-322FT FST OBS SLP257
CYAW,2020-11-06 10:00,-63.4994,44.6397,CYAW 061000Z 21013G20KT 12SM OVC023 13/12 A3027 RMK SC8 DA-346FT SLP251
CYAW,2020-11-06 11:00,-63.4994,44.6397,CYAW 061100Z 21013G20KT 15SM SCT011 OVC020 13/11 A3026 RMK SC3SC5 DA-312FT SLP247
CYAW,2020-11-06 12:00,-63.4994,44.6397,CYAW 061200Z 22013G24KT 15SM SCT013 OVC021 13/12 A3025 RMK SC4SC4 DA-287FT SLP246
CYAW,2020-11-06 12:43,-63.4994,44.6397,CYAW 061243Z 22011G18KT 15SM BKN012 OVC020 13/12 A3025 RMK SC6SC2 DA-263FT SLP245
CYAW,2020-11-06 13:00,-63.4994,44.6397,CYAW 061300Z 22012G19KT 15SM BKN012 OVC020 13/11 A3025 RMK SC6SC2 DA-240FT SLP245
CYAW,2020-11-06 14:00,-63.4994,44.6397,CYAW 061400Z 22015G20KT 15SM BKN014 OVC020 14/12 A3024 RMK SC6SC2 DA-166FT SLP242
CYAW,2020-11-06 15:00,-63.4994,44.6397,CYAW 061500Z 23012G19KT 15SM BKN014 OVC020 14/12 A3022 RMK SC6SC2 DA-71FT SLP236
CYAW,2020-11-06 16:00,-63.4994,44.6397,CYAW 061600Z 22018KT 15SM BKN013 BKN100 15/12 A3019 RMK SC5AC2 DA47FT SLP226
CYAW,2020-11-06 17:00,-63.4994,44.6397,CYAW 061700Z 21013G18KT 12SM FEW015 OVC075 15/12 A3016 RMK SC1AS7 DA134FT SUN DIMLY VISBL SLP214
CYAW,2020-11-06 18:00,-63.4994,44.6397,CYAW 061800Z 22012G18KT 12SM FEW015 OVC075 16/12 A3014 RMK CU1AS8 DA183FT SLP208
CYAW,2020-11-06 19:00,-63.4994,44.6397,CYAW 061900Z 22006KT 12SM FEW014 OVC120 15/12 A3013 RMK CF1AS8 DA88FT CUFRA TR SLP205
CYAW,2020-11-06 19:23,-63.4994,44.6397,CYAW 061923Z 22008G15KT 12SM FEW014 OVC120 14/12 A3013 RMK CF1AS8 DA40FT CUFRA TR LAST OBS/NEXT 090900 UTC SLP203
CYAW,2020-11-09 09:00,-63.4994,44.6397,CYAW 090900Z 22004KT 8SM OVC011 09/08 A3030 RMK SC8 DA-853FT FST OBS SLP263
CYAW,2020-11-09 10:00,-63.4994,44.6397,CYAW 091000Z 23008KT 8SM OVC008 09/08 A3029 RMK SC8 DA-827FT SLP260
CYAW,2020-11-09 11:00,-63.4994,44.6397,CYAW 091100Z 25011KT 8SM OVC006 09/08 A3029 RMK ST8 DA-839FT SLP260
CYAW,2020-11-09 12:00,-63.4994,44.6397,CYAW 091200Z 26011KT 8SM OVC006 09/08 A3030 RMK ST8 DA-850FT SLP262
CYAW,2020-11-09 13:00,-63.4994,44.6397,CYAW 091300Z 26007KT 8SM OVC006 09/08 A3029 RMK ST8 DA-815FT SLP260
CYAW,2020-11-09 14:00,-63.4994,44.6397,CYAW 091400Z 25015KT 10SM FEW006 BKN007 10/08 A3026 RMK SF1SC7 DA-719FT SLP250
CYAW,2020-11-09 15:00,-63.4994,44.6397,CYAW 091500Z 27011KT 12SM FEW006 BKN009 11/09 A3025 RMK SF1SC6 DA-523FT SLP246
CYAW,2020-11-09 16:00,-63.4994,44.6397,CYAW 091600Z 26011KT 12SM FEW008 BKN010 BKN220 12/09 A3022 RMK SF1SC5CI1 DA-366FT SLP234
CYAW,2020-11-09 17:00,-63.4994,44.6397,CYAW 091700Z 25013KT 15SM FEW020 FEW220 13/09 A3019 RMK SC1CI2 DA-207FT SLP223
CYAW,2020-11-09 18:00,-63.4994,44.6397,CYAW 091800Z 25010KT 15SM FEW220 15/09 A3017 RMK CI2 DA21FT SLP217
CYAW,2020-11-09 19:00,-63.4994,44.6397,CYAW 091900Z 24009KT 15SM FEW020 FEW250 15/10 A3017 RMK SC1CI1 DA27FT SC TR SLP217
CYAW,2020-11-09 20:00,-63.4994,44.6397,CYAW 092000Z 23007KT 15SM FEW020 FEW250 14/10 A3017 RMK SC1CI1 DA-45FT SC TR CI TR SLP218
CYAW,2020-11-09 21:00,-63.4994,44.6397,CYAW 092100Z 22007KT 15SM FEW020 FEW250 12/10 A3016 RMK SC1CI1 DA-264FT SC TR CI TR SLP215
CYAW,2020-11-09 22:00,-63.4994,44.6397,CYAW 092200Z 20006KT 15SM FEW020 FEW250 10/09 A3017 RMK SC1CI1 DA-582FT VIS LWR S FG BANK S CI TR SLP217
CYAW,2020-11-09 23:00,-63.4994,44.6397,CYAW 092300Z 27003KT 15SM FEW020 10/09 A3017 RMK SC1 DA-603FT VIS LWR S FG BANK S SLP216
CYAW,2020-11-10 00:00,-63.4994,44.6397,CYAW 100000Z 27005KT 15SM SKC 10/10 A3016 RMK DA-494FT LAST OBS/NEXT 100900 UTC SLP215
CYAW,2020-11-10 09:00,-63.4994,44.6397,CYAW 100900Z 19002KT 8SM FEW240 05/05 A3012 RMK CI1 DA-1142FT FST OBS SLP201
CYAW,2020-11-10 10:00,-63.4994,44.6397,CYAW 101000Z 00000KT 8SM FEW240 07/07 A3013 RMK CI2 DA-875FT SLP204
CYAW,2020-11-10 11:00,-63.4994,44.6397,CYAW 101100Z 22005KT 10SM FEW071 SCT240 08/08 A3013 RMK AC2CI2 DA-757FT SLP205
CYAW,2020-11-10 12:00,-63.4994,44.6397,CYAW 101200Z 22009KT 12SM FEW070 FEW240 10/09 A3013 RMK AC1CI1 DA-564FT SLP204
CYAW,2020-11-10 13:00,-63.4994,44.6397,CYAW 101300Z 25005KT 12SM FEW240 12/10 A3013 RMK CI1 DA-255FT SLP204
CYAW,2020-11-10 14:00,-63.4994,44.6397,CYAW 101400Z 26006KT 15SM SKC 15/09 A3012 RMK DA90FT SLP202
CYAW,2020-11-10 15:00,-63.4994,44.6397,CYAW 101500Z 25009KT 15SM SKC 17/10 A3011 RMK DA389FT SLP199
CYAW,2020-11-10 16:00,-63.4994,44.6397,CYAW 101600Z 24008KT 15SM SKC 19/10 A3009 RMK DA622FT SLP192
CYAW,2020-11-10 17:00,-63.4994,44.6397,CYAW 101700Z 23010KT 15SM SKC 19/09 A3008 RMK DA632FT SLP187
CYAW,2020-11-10 18:00,-63.4994,44.6397,CYAW 101800Z 19008KT 15SM SKC 18/10 A3006 RMK DA553FT SLP182
CYAW,2020-11-10 19:00,-63.4994,44.6397,CYAW 101900Z 19008KT 15SM SKC 17/10 A3006 RMK DA383FT SLP180
CYAW,2020-11-10 20:00,-63.4994,44.6397,CYAW 102000Z 23010KT 15SM FEW250 15/10 A3006 RMK CI1 DA189FT CONTRAILS SLP180
CYAW,2020-11-10 21:00,-63.4994,44.6397,CYAW 102100Z 22008G15KT 15SM FEW250 12/10 A3005 RMK CI1 DA-125FT CONTRAILS SLP177
CYAW,2020-11-10 22:00,-63.4994,44.6397,CYAW 102200Z 22007KT 15SM FEW250 11/10 A3006 RMK CI1 DA-306FT CONTRAILS SLP179
CYAW,2020-11-10 23:00,-63.4994,44.6397,CYAW 102300Z 22007KT 15SM FEW250 10/10 A3004 RMK CI2 DA-356FT SLP175
CYAW,2020-11-10 23:28,-63.4994,44.6397,CYAW 102328Z 21008G19KT 15SM FEW250 10/10 A3004 RMK CI2 DA-369FT LAST OBS/NEXT 111000 UTC SLP173
CYAW,2020-11-11 10:00,-63.4994,44.6397,CYAW 111000Z 25007KT 6SM BR OVC003 11/11 A3002 RMK ST8 DA-208FT FST OBS SLP168
CYAW,2020-11-11 11:00,-63.4994,44.6397,CYAW 111100Z 25007KT 4SM BR OVC003 11/11 A3004 RMK ST8 DA-231FT SLP175
CYAW,2020-11-11 11:34,-63.4994,44.6397,CYAW 111134Z 24006KT 3SM BR OVC003 12/11 A3005 RMK ST8 DA-216FT VIS VRB 2 1/4-4 SLP177
CYAW,2020-11-11 12:00,-63.4994,44.6397,CYAW 111200Z 22005KT 2SM BR FEW002 OVC003 12/12 A3005 RMK SF2ST6 DA-177FT VIS VRB 1 1/4-3 SLP177
CYAW,2020-11-11 13:00,-63.4994,44.6397,CYAW 111300Z 23006KT 3/4SM BR OVC002 12/12 A3005 RMK ST8 DA-163FT SLP178
CYAW,2020-11-11 13:11,-63.4994,44.6397,CYAW 111311Z 24008KT 1/4SM FG VV001 12/12 A3005 RMK FG8 DA-190FT SLP177
CYAW,2020-11-11 13:26,-63.4994,44.6397,CYAW 111326Z 24010KT 3/4SM BR OVC001 12/12 A3005 RMK ST8 DA-190FT VIS VRB 1/2-1 SLP177
CYAW,2020-11-11 13:45,-63.4994,44.6397,CYAW 111345Z 24011KT 2SM BR FEW002 OVC003 12/12 A3004 RMK SF2ST6 DA-152FT VIS VRB 1 1/2-2 1/2 SLP175
CYAW,2020-11-11 14:00,-63.4994,44.6397,CYAW 111400Z 24008KT 3SM BR SCT002 OVC004 12/12 A3005 RMK SF3ST5 DA-137FT VIS VRB 2 1/4-4 SLP176
CYAW,2020-11-11 15:00,-63.4994,44.6397,CYAW 111500Z 24008KT 3SM BR OVC003 13/13 A3005 RMK ST8 DA-7FT SLP178
CYAW,2020-11-11 16:00,-63.4994,44.6397,CYAW 111600Z 23008KT 6SM BR OVC005 14/14 A3003 RMK ST8 DA133FT LAST OBS/NEXT 120900 UTC SLP171
CYAW,2020-11-12 09:00,-63.4994,44.6397,CYAW 120900Z 23011KT 6SM -DZ BR OVC003 15/15 A2988 RMK SF8 DA455FT FST OBS SLP120
CYAW,2020-11-12 09:32,-63.4994,44.6397,CYAW 120932Z 21011KT 2SM -SHRA BR OVC002 14/14 A2987 RMK SF8 DA360FT SLP115
CYAW,2020-11-12 09:52,-63.4994,44.6397,CYAW 120952Z 22008KT 3SM -DZ BR OVC003 14/14 A2987 RMK SF8 DA348FT SLP117
CYAW,2020-11-12 10:00,-63.4994,44.6397,CYAW 121000Z 21007KT 3SM -DZ BR OVC003 14/14 A2987 RMK SF8 DA348FT SLP116
CYAW,2020-11-12 10:34,-63.4994,44.6397,CYAW 121034Z 21010KT 2SM -DZ BR OVC002 14/14 A2987 RMK SF8 DA296FT SLP115
CYAW,2020-11-12 11:00,-63.4994,44.6397,CYAW 121100Z 19009KT 1 1/2SM -SHRA BR OVC002 14/13 A2987 RMK SF8 DA255FT SLP117
CYAW,2020-11-12 11:34,-63.4994,44.6397,CYAW 121134Z 22006KT 1 1/2SM -SHRA BR OVC003 14/14 A2988 RMK SF8 DA271FT SLP119
CYAW,2020-11-12 12:00,-63.4994,44.6397,CYAW 121200Z 21005KT 3SM -SHRA BR OVC003 14/14 A2988 RMK SF8 DA285FT SLP118
CYAW,2020-11-12 12:28,-63.4994,44.6397,CYAW 121228Z 22008KT 4SM BR OVC003 14/14 A2987 RMK SF8 DA323FT SLP117
CYAW,2020-11-12 13:00,-63.4994,44.6397,CYAW 121300Z 23006KT 3SM BR OVC003 14/14 A2988 RMK SF8 DA311FT SLP119
CYAW,2020-11-12 14:00,-63.4994,44.6397,CYAW 121400Z 25005KT 3SM BR OVC003 15/15 A2989 RMK SF8 DA418FT SLP122
CYAW,2020-11-12 14:22,-63.4994,44.6397,CYAW 121422Z 27006KT 4SM BR FEW002 OVC004 15/15 A2990 RMK SF1SF8 DA434FT SLP124
CYAW,2020-11-12 15:00,-63.4994,44.6397,CYAW 121500Z 23004KT 5SM BR OVC004 15/15 A2989 RMK SF8 DA458FT SLP121
CYAW,2020-11-12 15:38,-63.4994,44.6397,CYAW 121538Z 22004KT 6SM BR BKN003 OVC055 16/15 A2988 RMK SF5SC3 DA521FT SLP120
CYAW,2020-11-12 16:00,-63.4994,44.6397,CYAW 121600Z 19005KT 5SM BR OVC003 16/15 A2988 RMK SF8 DA521FT VIS LWR S SLP118
CYAW,2020-11-12 16:19,-63.4994,44.6397,CYAW 121619Z 18004KT 1 1/2SM BR OVC002 15/15 A2987 RMK SF8 DA428FT SLP114
CYAW,2020-11-12 16:32,-63.4994,44.6397,CYAW 121632Z 18004KT 3/8SM FG OVC002 15/15 A2986 RMK SF8 DA452FT VIS LWR S SLP112
CYAW,2020-11-12 16:42,-63.4994,44.6397,CYAW 121642Z 18004KT 1/8SM -DZ FG OVC002 15/15 A2987 RMK ST8 DA454FT SLP114
CYAW,2020-11-12 17:00,-63.4994,44.6397,CYAW 121700Z 19003KT 1/4SM -DZ FG OVC002 15/15 A2986 RMK ST8 DA492FT SLP113
CYAW,2020-11-12 17:18,-63.4994,44.6397,CYAW 121718Z 28003G15KT 1 1/2SM -DZ BR FEW003 OVC046 16/15 A2987 RMK SF1SC7 DA521FT SLP115
CYAW,2020-11-12 17:45,-63.4994,44.6397,CYAW 121745Z 20002KT 1 1/2SM -SHRA BR BKN025 OVC075 16/16 A2987 RMK SC6AC2 DA575FT SLP116
CYAW,2020-11-12 18:00,-63.4994,44.6397,CYAW 121800Z 16004KT 1 1/2SM -SHRA BR SCT045 OVC070 16/16 A2986 RMK SC3AC5 DA560FT SLP113
CYAW,2020-11-12 18:23,-63.4994,44.6397,CYAW 121823Z 19002KT 1SM -SHRA BR BKN002 OVC034 15/15 A2986 RMK SF5SC3 DA494FT SLP113
CYAW,2020-11-12 18:44,-63.4994,44.6397,CYAW 121844Z 00000KT 1SM BR FEW009 OVC012 15/15 A2986 RMK SF2SC6 DA519FT SLP113
CYAW,2020-11-12 19:00,-63.4994,44.6397,CYAW 121900Z 18002KT 1SM BR FEW009 OVC050 15/15 A2987 RMK SF2SC6 DA509FT SLP114
CYAW,2020-11-12 19:19,-63.4994,44.6397,CYAW 121919Z 18002KT 1SM -DZ BR FEW002 BKN041 OVC060 15/15 A2987 RMK SF2SC6SC1 DA509FT VIS LWR N SLP114
CYAW,2020-11-12 20:00,-63.4994,44.6397,CYAW 122000Z 20002KT 1SM -DZ BR FEW002 OVC040 15/15 A2988 RMK SF2SC6 DA497FT SLP118
CYAW,2020-11-12 20:24,-63.4994,44.6397,CYAW 122024Z 20004KT 1SM -SHRA BR SCT003 OVC015 16/16 A2988 RMK SF3SC5 DA511FT SLP118
CYAW,2020-11-12 20:41,-63.4994,44.6397,CYAW 122041Z 23003KT 1 1/2SM -SHRA BR FEW007 OVC019 15/15 A2988 RMK SF1SC8 DA484FT LAST OBS/NEXT 130900 UTC SLP119
CYAW,2020-11-13 09:00,-63.4994,44.6397,CYAW 130900Z 36006KT 15SM FEW012 SCT017 06/05 A3011 RMK SF1SC2 DA-1022FT FST OBS SLP198
CYAW,2020-11-13 10:00,-63.4994,44.6397,CYAW 131000Z 36008KT 15SM FEW012 FEW022 05/03 A3013 RMK SF1SC1 DA-1241FT SLP204
CYAW,2020-11-13 11:00,-63.4994,44.6397,CYAW 131100Z 01004KT 15SM FEW022 FEW100 BKN250 03/03 A3013 RMK SC1AC1CI5 DA-1382FT SLP205
CYAW,2020-11-13 12:00,-63.4994,44.6397,CYAW 131200Z 03009KT 15SM FEW022 SCT160 BKN250 04/02 A3013 RMK SC1AC3CI4 DA-1335FT SLP204
CYAW,2020-11-13 13:00,-63.4994,44.6397,CYAW 131300Z 36007KT 15SM FEW023 SCT160 BKN250 04/03 A3015 RMK SC1AC4CI3 DA-1295FT SLP210
CYAW,2020-11-13 14:00,-63.4994,44.6397,CYAW 131400Z 03008G15KT 15SM FEW023 BKN130 BKN250 07/03 A3014 RMK SC1AC5CI2 DA-979FT SLP208
CYAW,2020-11-13 15:00,-63.4994,44.6397,CYAW 131500Z 05009G15KT 15SM FEW018 OVC120 06/03 A3013 RMK SC1AC8 DA-1006FT SLP203
CYAW,2020-11-13 16:00,-63.4994,44.6397,CYAW 131600Z 05010KT 15SM SCT017 OVC100 06/03 A3010 RMK SC4AC4 DA-970FT SLP193
CYAW,2020-11-13 16:25,-63.4994,44.6397,CYAW 131625Z 06007KT 15SM BKN019 OVC100 07/04 A3009 RMK SC6AC2 DA-931FT SLP190
CYAW,2020-11-13 17:00,-63.4994,44.6397,CYAW 131700Z 07005KT 15SM OVC021 07/04 A3009 RMK SC8 DA-906FT SLP190
CYAW,2020-11-13 18:00,-63.4994,44.6397,CYAW 131800Z 05006KT 15SM OVC016 07/04 A3008 RMK SC8 DA-880FT SLP188
CYAW,2020-11-13 19:00,-63.4994,44.6397,CYAW 131900Z 08007KT 15SM BKN019 OVC100 07/04 A3004 RMK SC7AC1 DA-810FT SLP173
CYAW,2020-11-13 20:00,-63.4994,44.6397,CYAW 132000Z 06005KT 15SM BKN019 OVC090 07/04 A3003 RMK SC7AC1 DA-823FT SLP170
CYAW,2020-11-13 20:35,-63.4994,44.6397,CYAW 132035Z 07007KT 15SM -SHRA BKN020 OVC082 07/05 A3001 RMK SC5AC3 DA-834FT SLP163
CYAW,2020-11-13 20:52,-63.4994,44.6397,CYAW 132052Z 07006KT 15SM -SHRA FEW017 SCT025 OVC081 06/04 A3000 RMK SC2SC2AC4 DA-860FT SLP161
CYAW,2020-11-13 21:00,-63.4994,44.6397,CYAW 132100Z 07007KT 15SM -SHRA BKN025 OVC080 06/04 A3000 RMK SC5AC3 DA-873FT SLP160
CYAW,2020-11-13 21:28,-63.4994,44.6397,CYAW 132128Z 06008KT 15SM SCT025 OVC075 06/05 A2997 RMK SC3AC5 DA-874FT PRESFR SLP149
CYAW,2020-11-13 22:00,-63.4994,44.6397,CYAW 132200Z 06009KT 15SM BKN023 OVC075 06/04 A2996 RMK SC6AC2 DA-827FT SLP146
CYAW,2020-11-13 22:34,-63.4994,44.6397,CYAW 132234Z 07010KT 15SM OVC024 06/04 A2993 RMK SC8 DA-819FT LAST OBS/NXT 160900 UTC SLP138
CYAW,2020-11-16 09:00,-63.4994,44.6397,CYAW 160900Z 14020G28KT 12SM SCT021 OVC034 09/06 A2993 RMK SC3SC5 DA-474FT FST OBS SLP138
CYAW,2020-11-16 10:00,-63.4994,44.6397,CYAW 161000Z 15018G24KT 15SM SCT022 OVC031 10/07 A2989 RMK SC4SC4 DA-283FT SLP124
CYAW,2020-11-16 11:00,-63.4994,44.6397,CYAW 161100Z 14022G28KT 15SM -SHRA SCT021 OVC031 10/08 A2982 RMK SC4SC4 DA-170FT PRESFR SLP098
CYAW,2020-11-16 11:30,-63.4994,44.6397,CYAW 161130Z 14026G36KT 6SM -SHRA BR SCT021 OVC037 10/09 A2979 RMK SC4SC4 DA-125FT SLP091
CYAW,2020-11-16 12:00,-63.4994,44.6397,CYAW 161200Z 14024G31KT 5SM -SHRA BR BKN035 OVC043 10/10 A2977 RMK SC6SC2 DA-72FT SLP083
CYAW,2020-11-16 12:46,-63.4994,44.6397,CYAW 161246Z 14027G33KT 3SM RA BR OVC014 11/11 A2970 RMK SC8 DA92FT PRESFR SLP059
CYAW,2020-11-16 13:00,-63.4994,44.6397,CYAW 161300Z 14028G37KT 3SM RA BR OVC014 11/11 A2968 RMK SC8 DA156FT PRESFR SLP054
CYAW,2020-11-16 13:15,-63.4994,44.6397,CYAW 161315Z 16030G48KT 1 1/2SM RA BR OVC011 11/11 A2968 RMK SC8 DA197FT SLP052
CYAW,2020-11-16 13:37,-63.4994,44.6397,CYAW 161337Z 16025G36KT 1 1/2SM RA BR BKN008 OVC011 12/11 A2966 RMK SF6SC2 DA233FT SLP046
CYAW,2020-11-16 14:00,-63.4994,44.6397,CYAW 161400Z 16031G38KT 1 1/2SM RA BR BKN007 OVC013 12/12 A2966 RMK SF6SC2 DA298FT SLP044
CYAW,2020-11-16 14:32,-63.4994,44.6397,CYAW 161432Z 22013G19KT 6SM -RA BR FEW006 BKN013 OVC047 12/11 A2966 RMK SF2SC3SC3 DA232FT SLP047
CYAW,2020-11-16 15:00,-63.4994,44.6397,CYAW 161500Z 23007KT 6SM -RA BR FEW007 OVC014 11/11 A2966 RMK SF2SC6 DA126FT SLP044
CYAW,2020-11-16 15:29,-63.4994,44.6397,CYAW 161529Z 18006KT 6SM -RA BR BKN038 OVC070 11/10 A2964 RMK SC6AC2 DA123FT SLP038
CYAW,2020-11-16 15:47,-63.4994,44.6397,CYAW 161547Z 18007KT 8SM -SHRA BKN037 OVC090 11/10 A2962 RMK SC6AC2 DA160FT SLP031
CYAW,2020-11-16 16:00,-63.4994,44.6397,CYAW 161600Z 20010KT 8SM -SHRA SCT013 OVC034 10/10 A2963 RMK SC3SC5 DA95FT PCPN VRY LGT SLP036
CYAW,2020-11-16 16:35,-63.4994,44.6397,CYAW 161635Z 23012G19KT 12SM FEW014 BKN023 BKN100 10/09 A2963 RMK SC2SC3AC2 DA83FT SLP033
CYAW,2020-11-16 17:00,-63.4994,44.6397,CYAW 161700Z 24016G24KT 12SM SCT015 OVC023 10/08 A2963 RMK SC3SC5 DA31FT SLP033
CYAW,2020-11-16 18:00,-63.4994,44.6397,CYAW 161800Z 24014G21KT 15SM SCT015 SCT100 BKN220 10/08 A2962 RMK SC3AC1CI3 DA113FT SLP032
CYAW,2020-11-16 18:37,-63.4994,44.6397,CYAW 161837Z 26014G21KT 15SM -SHRA SCT020 BKN043 10/08 A2964 RMK SC3SC4 DA83FT SLP037
CYAW,2020-11-16 18:47,-63.4994,44.6397,CYAW 161847Z 26014G21KT 15SM -SHRA SCT020 BKN043 10/08 A2964 RMK SC3SC4 DA83FT SLP037
CYAW,2020-11-16 19:00,-63.4994,44.6397,CYAW 161900Z 25017G26KT 12SM -SHRA FEW020 BKN045 10/07 A2963 RMK SC2CU4 DA-3FT SLP036
CYAW,2020-11-16 19:22,-63.4994,44.6397,CYAW 161922Z 25013G19KT 15SM FEW045 10/07 A2964 RMK CU2 DA34FT SLP037
CYAW,2020-11-16 20:00,-63.4994,44.6397,CYAW 162000Z 25009KT 15SM FEW045 FEW100 10/07 A2964 RMK CU1AC1 DA46FT AC TR SLP039
CYAW,2020-11-16 20:36,-63.4994,44.6397,CYAW 162036Z 24010KT 15SM FEW045 FEW100 09/06 A2965 RMK CU1AC1 DA-78FT LAST OBS/NXT 170900 UTC SLP040
CYAW,2020-11-17 09:00,-63.4994,44.6397,CYAW 170900Z 26006KT 15SM BKN068 06/03 A2975 RMK AC7 DA-653FT FST OBS SLP077
CYAW,2020-11-17 10:00,-63.4994,44.6397,CYAW 171000Z 26005KT 15SM OVC073 06/03 A2975 RMK AC8 DA-669FT SLP077
CYAW,2020-11-17 11:00,-63.4994,44.6397,CYAW 171100Z 27003KT 15SM FEW040 BKN080 05/03 A2976 RMK SC1AC7 DA-731FT SLP079
CYAW,2020-11-17 12:00,-63.4994,44.6397,CYAW 171200Z 24003KT 15SM FEW060 BKN080 05/03 A2976 RMK SC1AC7 DA-703FT SLP080
CYAW,2020-11-17 13:00,-63.4994,44.6397,CYAW 171300Z 26010KT 15SM FEW061 OVC081 06/02 A2977 RMK SC2AC6 DA-684FT VIRGA DIST S SLP084
CYAW,2020-11-17 14:00,-63.4994,44.6397,CYAW 171400Z 27006KT 15SM FEW048 BKN080 06/02 A2977 RMK SC2AC5 DA-633FT SLP083
CYAW,2020-11-17 15:00,-63.4994,44.6397,CYAW 171500Z 28013KT 15SM FEW049 BKN080 07/01 A2976 RMK CU2AC6 DA-530FT SLP078
CYAW,2020-11-17 16:00,-63.4994,44.6397,CYAW 171600Z 31009G15KT 15SM FEW048 SCT080 BKN250 07/01 A2973 RMK CU1AC3CI1 DA-524FT SLP070
CYAW,2020-11-17 17:00,-63.4994,44.6397,CYAW 171700Z 28007KT 15SM SCT034 BKN075 07/M00 A2971 RMK CU4AC2 DA-456FT SLP064
CYAW,2020-11-17 18:00,-63.4994,44.6397,CYAW 171800Z 29012KT 15SM BKN040 BKN070 07/M01 A2971 RMK CU5AC2 DA-424FT SLP064
CYAW,2020-11-17 18:10,-63.4994,44.6397,CYAW 171810Z 27017G22KT 15SM -SHRA BKN026 BKN040 06/00 A2972 RMK CU5CU2 DA-590FT SLP066
CYAW,2020-11-17 18:21,-63.4994,44.6397,CYAW 171821Z 26009G15KT 15SM BKN040 BKN070 05/01 A2972 RMK CU6AC1 DA-721FT VIRGA SLP067
CYAW,2020-11-17 19:00,-63.4994,44.6397,CYAW 171900Z 27009KT 15SM FEW040 BKN070 BKN250 07/M01 A2972 RMK CU2AC5CI1 DA-546FT CI TR SLP066
CYAW,2020-11-17 20:00,-63.4994,44.6397,CYAW 172000Z 30009KT 15SM SCT048 BKN073 06/M02 A2974 RMK CU4AC1 DA-637FT SLP071
CYAW,2020-11-17 21:00,-63.4994,44.6397,CYAW 172100Z 27010KT 15SM BKN072 05/M01 A2976 RMK AC6 DA-733FT SLP078
CYAW,2020-11-17 22:00,-63.4994,44.6397,CYAW 172200Z 26009KT 15SM BKN068 05/M01 A2977 RMK AC6 DA-829FT SLP082
CYAW,2020-11-17 23:00,-63.4994,44.6397,CYAW 172300Z 27012KT 15SM BKN064 04/M03 A2977 RMK SC5 DA-914FT SLP084
CYAW,2020-11-17 23:32,-63.4994,44.6397,CYAW 172332Z 28009KT 15SM BKN067 04/M03 A2978 RMK AC6 DA-937FT LAST OBS/NEXT 180900 UTC SLP087
CYAW,2020-11-18 09:00,-63.4994,44.6397,CYAW 180900Z 31004KT 15SM FEW032 M02/M05 A2991 RMK SC1 DA-1859FT FST OBS SLP130
CYAW,2020-11-18 10:00,-63.4994,44.6397,CYAW 181000Z 29006KT 15SM FEW032 M02/M05 A2992 RMK SC1 DA-1934FT SLP135
CYAW,2020-11-18 11:00,-63.4994,44.6397,CYAW 181100Z 32005KT 15SM BKN045 BKN220 M02/M04 A2995 RMK SC6CI1 DA-1966FT SLP143
CYAW,2020-11-18 12:00,-63.4994,44.6397,CYAW 181200Z 31008KT 15SM BKN038 BKN220 M01/M04 A2998 RMK SC6CI1 DA-1780FT SLP155
CYAW,2020-11-18 13:00,-63.4994,44.6397,CYAW 181300Z 32010KT 15SM -SHSN OVC032 M01/M05 A3001 RMK SC8 DA-1819FT SLP165
CYAW,2020-11-18 13:19,-63.4994,44.6397,CYAW 181319Z 33010KT 15SM OVC035 M01/M05 A3001 RMK SC8 DA-1821FT SLP166
CYAW,2020-11-18 14:00,-63.4994,44.6397,CYAW 181400Z 33011KT 15SM OVC030 M01/M05 A3003 RMK SC8 DA-1832FT SLP170
CYAW,2020-11-18 15:00,-63.4994,44.6397,CYAW 181500Z 33015KT 15SM BKN026 M01/M06 A3004 RMK SC7 DA-1911FT SLP174
CYAW,2020-11-18 16:00,-63.4994,44.6397,CYAW 181600Z 31015KT 15SM BKN026 M00/M06 A3003 RMK SC7 DA-1797FT SLP172
CYAW,2020-11-18 17:00,-63.4994,44.6397,CYAW 181700Z 31015G21KT 15SM FEW026 00/M07 A3003 RMK SC1 DA-1711FT SLP170
CYAW,2020-11-18 18:00,-63.4994,44.6397,CYAW 181800Z 31017KT 15SM FEW037 00/M08 A3004 RMK SC1 DA-1725FT SLP175
CYAW,2020-11-18 19:00,-63.4994,44.6397,CYAW 181900Z 31017KT 15SM FEW040 00/M08 A3006 RMK SC1 DA-1738FT SLP181
CYAW,2020-11-18 20:00,-63.4994,44.6397,CYAW 182000Z 30012G18KT 15SM SCT044 M00/M09 A3009 RMK SC3 DA-1863FT SLP190
CYAW,2020-11-19 09:00,-63.4994,44.6397,CYAW 190900Z CCA 29009KT 15SM FEW030 M04/M09 A3037 RMK SC2 DA-2651FT FST OBS SLP287
CYAW,2020-11-19 10:00,-63.4994,44.6397,CYAW 191000Z 30008KT 15SM FEW030 M04/M09 A3040 RMK SC1 DA-2750FT SLP297
CYAW,2020-11-19 11:00,-63.4994,44.6397,CYAW 191100Z 30011KT 15SM FEW030 M04/M09 A3043 RMK SC1 DA-2731FT SLP306
CYAW,2020-11-19 12:00,-63.4994,44.6397,CYAW 191200Z 29009KT 15SM FEW030 M03/M09 A3045 RMK SC1 DA-2663FT SLP315
CYAW,2020-11-19 13:00,-63.4994,44.6397,CYAW 191300Z 30008KT 15SM FEW030 M02/M09 A3046 RMK SC1 DA-2572FT SLP319
CYAW,2020-11-19 14:00,-63.4994,44.6397,CYAW 191400Z 31012KT 15SM FEW020 M01/M09 A3047 RMK CF1 DA-2442FT SLP321
CYAW,2020-11-19 15:00,-63.4994,44.6397,CYAW 191500Z 28011G16KT 15SM FEW040 FEW250 M01/M10 A3048 RMK CU1CI1 DA-2392FT SLP325
CYAW,2020-11-19 16:00,-63.4994,44.6397,CYAW 191600Z 28014KT 15SM FEW040 FEW250 M00/M09 A3047 RMK SC1CI2 DA-2301FT CC ASOCTD SLP322
CYAW,2020-11-19 17:00,-63.4994,44.6397,CYAW 191700Z 26010KT 15SM FEW040 FEW160 FEW250 01/M10 A3046 RMK CU1AC1CI2 DA-2140FT SLP317
CYAW,2020-11-19 18:00,-63.4994,44.6397,CYAW 191800Z 27014KT 15SM FEW040 SCT250 01/M10 A3046 RMK CU1CI4 DA-2151FT SLP318
CYAW,2020-11-19 19:00,-63.4994,44.6397,CYAW 191900Z 25010G15KT 15SM FEW036 BKN250 01/M09 A3046 RMK CU1CS7 DA-2188FT SUN DIMLY VISBL SLP316
CYAW,2020-11-19 20:00,-63.4994,44.6397,CYAW 192000Z 24013KT 15SM FEW030 BKN120 01/M08 A3045 RMK SC1AS7 DA-2160FT CU ASOCTD SLP315
CYAW,2020-11-19 20:37,-63.4994,44.6397,CYAW 192037Z 24010G16KT 15SM FEW040 FEW120 BKN180 01/M08 A3045 RMK SC1AC1AS6 DA-2146FT LAST OBS/NEXT 200900 UTC SLP315
CYAW,2020-11-20 09:00,-63.4994,44.6397,CYAW 200900Z 22016G27KT 8SM BKN018 OVC040 09/07 A3026 RMK SC5SC3 DA-771FT FST OBS SLP249
CYAW,2020-11-20 10:00,-63.4994,44.6397,CYAW 201000Z 22017KT 8SM BKN017 OVC025 10/07 A3025 RMK SC5SC3 DA-731FT SLP245
CYAW,2020-11-20 10:29,-63.4994,44.6397,CYAW 201029Z 22016G24KT 8SM FEW017 BKN025 OVC040 10/07 A3025 RMK SC1SC4SC3 DA-731FT SLP244
CYAW,2020-11-20 11:00,-63.4994,44.6397,CYAW 201100Z 22013G24KT 8SM FEW016 OVC035 10/07 A3024 RMK SC2SC6 DA-705FT SLP243
CYAW,2020-11-20 11:25,-63.4994,44.6397,CYAW 201125Z 21011G19KT 8SM BKN016 OVC023 10/08 A3024 RMK SC6SC2 DA-703FT SLP241
CYAW,2020-11-20 12:00,-63.4994,44.6397,CYAW 201200Z 22014G20KT 8SM SCT017 OVC036 10/08 A3023 RMK SC3SC5 DA-653FT SLP240
CYAW,2020-11-20 12:33,-63.4994,44.6397,CYAW 201233Z 21014KT 8SM BKN013 OVC023 10/08 A3023 RMK SC5SC3 DA-626FT SLP239
CYAW,2020-11-20 13:00,-63.4994,44.6397,CYAW 201300Z 22009G17KT 8SM BKN014 OVC030 10/08 A3022 RMK SC6SC2 DA-590FT SLP237
CYAW,2020-11-20 13:31,-63.4994,44.6397,CYAW 201331Z 21010G19KT 8SM SCT015 OVC029 10/08 A3022 RMK SC4SC4 DA-577FT SLP236
CYAW,2020-11-20 14:00,-63.4994,44.6397,CYAW 201400Z 21011G16KT 8SM SCT015 OVC029 11/08 A3020 RMK SC3SC5 DA-530FT SLP229
CYAW,2020-11-20 15:00,-63.4994,44.6397,CYAW 201500Z 22011G17KT 8SM FEW019 BKN029 OVC090 11/08 A3020 RMK SC2SC3AC3 DA-508FT SLP227
CYAW,2020-11-20 16:00,-63.4994,44.6397,CYAW 201600Z 22010G16KT 15SM OVC085 11/08 A3017 RMK AC8 DA-485FT SLP218
CYAW,2020-11-20 17:00,-63.4994,44.6397,CYAW 201700Z 23008KT 15SM OVC085 11/08 A3015 RMK AC8 DA-451FT SLP212
CYAW,2020-11-20 18:00,-63.4994,44.6397,CYAW 201800Z 22007KT 15SM OVC089 11/08 A3015 RMK AC8 DA-414FT SLP212
CYAW,2020-11-20 19:00,-63.4994,44.6397,CYAW 201900Z 23006KT 15SM OVC087 11/07 A3016 RMK AC8 DA-420FT SLP213
CYAW,2020-11-20 19:13,-63.4994,44.6397,CYAW 201913Z 23006KT 15SM OVC087 11/07 A3016 RMK AC8 DA-432FT LAST OBS/NEXT 231000 UTC SLP213
CYAW,2020-11-23 10:00,-63.4994,44.6397,CYAW 231000Z 11013KT 15SM OVC020 06/03 A3041 RMK SC8 DA-1378FT FST OBS SLP298
CYAW,2020-11-23 11:00,-63.4994,44.6397,CYAW 231100Z 12014G20KT 15SM OVC017 07/04 A3038 RMK SC8 DA-1248FT SLP290
CYAW,2020-11-23 11:50,-63.4994,44.6397,CYAW 231150Z 11015G24KT 15SM OVC014 07/05 A3035 RMK SC8 DA-1146FT SLP279
CYAW,2020-11-23 12:00,-63.4994,44.6397,CYAW 231200Z 12014G22KT 15SM OVC014 07/05 A3035 RMK SC8 DA-1133FT SLP278
CYAW,2020-11-23 13:00,-63.4994,44.6397,CYAW 231300Z 11020G29KT 12SM OVC012 08/06 A3031 RMK SC8 DA-1020FT SLP267
CYAW,2020-11-23 14:00,-63.4994,44.6397,CYAW 231400Z 11016G28KT 10SM OVC011 08/07 A3028 RMK SC8 DA-918FT SLP256
CYAW,2020-11-23 14:17,-63.4994,44.6397,CYAW 231417Z 11016G24KT 6SM -SHRA BR OVC012 08/07 A3027 RMK SC8 DA-904FT SLP252
CYAW,2020-11-23 15:00,-63.4994,44.6397,CYAW 231500Z 11017G30KT 5SM -SHRA BR OVC010 08/08 A3022 RMK SF8 DA-839FT PRESFR SLP234
CYAW,2020-11-23 15:45,-63.4994,44.6397,CYAW 231545Z 11014G25KT 10SM -SHRA OVC011 08/08 A3017 RMK SF8 DA-767FT PRESFR PCPN VRY LGT SLP217
CYAW,2020-11-23 16:00,-63.4994,44.6397,CYAW 231600Z 11016G27KT 10SM OVC013 09/08 A3014 RMK SC8 DA-709FT PRESFR SLP207
CYAW,2020-11-23 17:00,-63.4994,44.6397,CYAW 231700Z 12021G33KT 9SM FEW014 OVC018 10/08 A3007 RMK SC2SC6 DA-502FT PRESFR SLP186
CYAW,2020-11-23 18:00,-63.4994,44.6397,CYAW 231800Z 12021G28KT 2SM BR FEW014 OVC017 10/09 A3002 RMK SC2SC6 DA-369FT SLP168
CYAW,2020-11-23 18:33,-63.4994,44.6397,CYAW 231833Z 12016G28KT 7SM OVC016 10/09 A2999 RMK SC8 DA-319FT SLP158
CYAW,2020-11-23 18:46,-63.4994,44.6397,CYAW 231846Z 13019G33KT 7SM -RA OVC014 10/09 A2998 RMK SC8 DA-307FT SLP154
CYAW,2020-11-23 19:00,-63.4994,44.6397,CYAW 231900Z 12021G30KT 7SM -RA OVC014 10/09 A2997 RMK SC8 DA-306FT SLP151
CYAW,2020-11-23 20:00,-63.4994,44.6397,CYAW 232000Z 13020G29KT 7SM -RA OVC012 11/10 A2991 RMK SC8 DA-145FT PRESFR PCPN VRY LGT SLP129
CYAW,2020-11-23 20:20,-63.4994,44.6397,CYAW 232020Z 12019G30KT 7SM OVC011 11/10 A2990 RMK SC8 DA-131FT SLP127
CYAW,2020-11-23 21:00,-63.4994,44.6397,CYAW 232100Z 13022G33KT 7SM OVC011 11/10 A2987 RMK SC8 DA-69FT SLP116
CYAW,2020-11-23 21:44,-63.4994,44.6397,CYAW 232144Z 13021G33KT 7SM OVC007 12/11 A2982 RMK SF8 DA41FT PRESFR SLP101
CYAW,2020-11-23 22:00,-63.4994,44.6397,CYAW 232200Z 13020G30KT 7SM OVC007 12/11 A2982 RMK SF8 DA56FT SLP098
CYAW,2020-11-23 22:27,-63.4994,44.6397,CYAW 232227Z 13022G30KT 6SM BR OVC006 12/11 A2979 RMK SF8 DA119FT SLP090
CYAW,2020-11-23 23:00,-63.4994,44.6397,CYAW 232300Z 13021G30KT 4SM BR OVC006 12/12 A2976 RMK SF8 DA196FT PRESFR SLP077
CYAW,2020-11-23 23:31,-63.4994,44.6397,CYAW 232331Z 13023G30KT 4SM BR OVC004 12/12 A2973 RMK SF8 DA257FT SLP069
CYAW,2020-11-24 00:00,-63.4994,44.6397,CYAW 240000Z 14022G32KT 4SM BR OVC004 12/12 A2970 RMK SF8 DA305FT SLP058
CYAW,2020-11-24 00:22,-63.4994,44.6397,CYAW 240022Z 14019G28KT 3SM BR OVC003 12/12 A2967 RMK SF8 DA339FT PRESFR SLP048
CYAW,2020-11-24 01:00,-63.4994,44.6397,CYAW 240100Z 14023G30KT 3SM BR OVC003 13/13 A2963 RMK SF8 DA425FT PRESFR SLP034
CYAW,2020-11-24 02:00,-63.4994,44.6397,CYAW 240200Z 15026G32KT 5SM -SHRA BR BKN004 OVC012 13/13 A2956 RMK SF6SC2 DA547FT OCNL DIST LTNG S PRESFR SLP010
CYAW,2020-11-24 02:08,-63.4994,44.6397,CYAW 240208Z 16025G34KT 5SM -SHRA BR BKN005 OVC014 14/14 A2954 RMK SF6SC2 DA674FT PRESFR LAST OBS/NEXT 241000 UTC SLP004
CYAW,2020-11-24 10:00,-63.4994,44.6397,CYAW 241000Z 28017G26KT 8SM BKN023 03/01 A2956 RMK SC6 DA-747FT FST OBS SLP012
CYAW,2020-11-24 11:00,-63.4994,44.6397,CYAW 241100Z 28025G31KT 10SM FEW020 BKN027 03/00 A2958 RMK SC1SC6 DA-862FT SLP019
CYAW,2020-11-24 12:00,-63.4994,44.6397,CYAW 241200Z 29022G35KT 12SM FEW023 BKN029 02/M02 A2964 RMK SC2SC5 DA-1033FT PRESRR SLP039
CYAW,2020-11-24 13:00,-63.4994,44.6397,CYAW 241300Z 28023G35KT 15SM FEW029 BKN034 02/M03 A2968 RMK SC2SC5 DA-1049FT SLP054
CYAW,2020-11-24 14:00,-63.4994,44.6397,CYAW 241400Z 30024G34KT 15SM BKN028 02/M03 A2972 RMK SC6 DA-1081FT CU ASOCTD SLP067
CYAW,2020-11-24 15:00,-63.4994,44.6397,CYAW 241500Z 29020G32KT 15SM BKN032 BKN250 03/M03 A2975 RMK SC6CI1 DA-1017FT CU ASOCTD SLP077
CYAW,2020-11-24 16:00,-63.4994,44.6397,CYAW 241600Z 28026G35KT 15SM FEW025 BKN033 BKN250 03/M04 A2978 RMK CF1CU5CI1 DA-1016FT CUFRA TR SLP087
CYAW,2020-11-24 17:00,-63.4994,44.6397,CYAW 241700Z 27025G31KT 15SM BKN033 BKN250 03/M04 A2982 RMK SC6CI1 DA-1153FT SLP099
CYAW,2020-11-24 18:00,-63.4994,44.6397,CYAW 241800Z 30022G32KT 15SM BKN034 02/M05 A2986 RMK SC7 DA-1303FT SLP112
CYAW,2020-11-24 19:00,-63.4994,44.6397,CYAW 241900Z 29023G33KT 15SM BKN037 02/M05 A2990 RMK SC5 DA-1352FT SLP127
CYAW,2020-11-24 20:00,-63.4994,44.6397,CYAW 242000Z 29018G26KT 15SM SCT038 01/M06 A2995 RMK SC3 DA-1475FT SLP145
CYAW,2020-11-24 20:51,-63.4994,44.6397,CYAW 242051Z 29023G29KT 15SM FEW041 01/M07 A3000 RMK SC2 DA-1625FT LAST OBS/NEXT 251000 UTC SLP161
CYAW,2020-11-25 10:00,-63.4994,44.6397,CYAW 251000Z 35002KT 15SM BKN250 M07/M10 A3052 RMK CI5 DA-3244FT FST OBS SLP338
CYAW,2020-11-25 11:00,-63.4994,44.6397,CYAW 251100Z 35004KT 15SM FEW030 FEW250 M07/M09 A3055 RMK SC1CI1 DA-3317FT SLP347
CYAW,2020-11-25 12:00,-63.4994,44.6397,CYAW 251200Z 34005KT 15SM FEW020 FEW100 SCT250 M06/M09 A3058 RMK SC1AC1CI3 DA-3178FT SLP357
CYAW,2020-11-25 13:00,-63.4994,44.6397,CYAW 251300Z 35004KT 15SM FEW100 BKN250 M03/M09 A3059 RMK AC1CI6 DA-2835FT SLP360
CYAW,2020-11-25 14:00,-63.4994,44.6397,CYAW 251400Z 00000KT 15SM FEW060 OVC220 M03/M08 A3060 RMK SC1CS7 DA-2794FT HALO SLP363
CYAW,2020-11-25 15:00,-63.4994,44.6397,CYAW 251500Z 00000KT 15SM FEW025 FEW140 OVC220 M02/M07 A3057 RMK SC2AC1CS6 DA-2573FT HALO SLP355
CYAW,2020-11-25 16:00,-63.4994,44.6397,CYAW 251600Z 10003KT 15SM FEW030 SCT140 OVC220 M01/M05 A3055 RMK SC2AC2CS4 DA-2414FT HALO SLP347
CYAW,2020-11-25 17:00,-63.4994,44.6397,CYAW 251700Z 12004KT 15SM BKN028 OVC032 00/M04 A3054 RMK SC6SC2 DA-2296FT SLP344
CYAW,2020-11-25 18:00,-63.4994,44.6397,CYAW 251800Z 20007KT 15SM BKN031 OVC036 02/M04 A3053 RMK SC7SC1 DA-2105FT SLP341
CYAW,2020-11-25 19:00,-63.4994,44.6397,CYAW 251900Z 20008KT 15SM BKN037 OVC120 02/M04 A3051 RMK SC6AC2 DA-2032FT SLP335
CYAW,2020-11-25 20:00,-63.4994,44.6397,CYAW 252000Z 18010KT 15SM BKN038 OVC100 02/M03 A3050 RMK SC6AS2 DA-1968FT SLP331
CYAW,2020-11-25 20:38,-63.4994,44.6397,CYAW 252038Z 19009KT 15SM OVC038 03/M03 A3050 RMK SC8 DA-1927FT SLP331
CYAW,2020-11-26 10:00,-63.4994,44.6397,CYAW 261000Z 21007KT 5SM -DZ BR OVC004 09/09 A3025 RMK SF8 DA-828FT FST OBS SLP244
CYAW,2020-11-26 11:00,-63.4994,44.6397,CYAW 261100Z 23007KT 5SM -DZ BR OVC004 10/09 A3026 RMK SF8 DA-710FT PCPN VRY LGT SLP248
CYAW,2020-11-26 11:26,-63.4994,44.6397,CYAW 261126Z 24005KT 5SM BR OVC006 09/09 A3026 RMK SF8 DA-735FT SLP249
CYAW,2020-11-26 11:41,-63.4994,44.6397,CYAW 261141Z 25005KT 1 1/2SM -DZ BR OVC006 09/09 A3027 RMK SF8 DA-747FT SLP252
CYAW,2020-11-26 12:00,-63.4994,44.6397,CYAW 261200Z 25006KT 1 1/2SM -DZ BR OVC006 09/09 A3026 RMK SF8 DA-747FT SLP250
CYAW,2020-11-26 12:47,-63.4994,44.6397,CYAW 261247Z 21004KT 1 1/2SM BR OVC005 10/09 A3027 RMK SF8 DA-733FT SLP251
CYAW,2020-11-26 13:00,-63.4994,44.6397,CYAW 261300Z 21005KT 1 1/2SM BR OVC005 10/10 A3027 RMK SF8 DA-718FT SLP251
CYAW,2020-11-26 13:29,-63.4994,44.6397,CYAW 261329Z 27004KT 8SM OVC004 10/10 A3027 RMK SF8 DA-705FT SLP253
CYAW,2020-11-26 14:00,-63.4994,44.6397,CYAW 261400Z 23004KT 8SM BKN005 OVC015 10/10 A3027 RMK SF6SC2 DA-693FT SLP253
CYAW,2020-11-26 14:18,-63.4994,44.6397,CYAW 261418Z 33007KT 1 1/2SM BR BKN007 OVC015 09/09 A3027 RMK SF6SC2 DA-773FT SLP254
CYAW,2020-11-26 15:00,-63.4994,44.6397,CYAW 261500Z 33005KT 1 1/2SM BR BKN007 OVC015 09/09 A3027 RMK SF7SC1 DA-825FT SLP254
CYAW,2020-11-26 15:04,-63.4994,44.6397,CYAW 261504Z 31003KT 8SM BKN007 BKN015 09/09 A3027 RMK SF6SC1 DA-811FT SLP254
CYAW,2020-11-26 15:12,-63.4994,44.6397,CYAW 261512Z 32005KT 8SM -SHRA BKN008 OVC015 09/09 A3027 RMK SF7SC1 DA-812FT SLP253
CYAW,2020-11-26 16:00,-63.4994,44.6397,CYAW 261600Z 30004KT 8SM -SHRA BKN006 OVC011 09/09 A3027 RMK SF6SC2 DA-763FT PCPN VRY LGT SLP251
CYAW,2020-11-26 16:35,-63.4994,44.6397,CYAW 261635Z 31003KT 15SM OVC008 09/09 A3026 RMK SF8 DA-740FT SLP249
CYAW,2020-11-26 17:00,-63.4994,44.6397,CYAW 261700Z 31004KT 15SM OVC006 09/09 A3026 RMK SF8 DA-752FT SLP249
CYAW,2020-11-26 18:00,-63.4994,44.6397,CYAW 261800Z 00000KT 15SM OVC006 09/09 A3026 RMK SF8 DA-767FT SLP248
CYAW,2020-11-26 19:00,-63.4994,44.6397,CYAW 261900Z 22002KT 15SM SCT007 OVC053 10/09 A3026 RMK SF3SC5 DA-728FT SLP249
CYAW,2020-11-26 19:37,-63.4994,44.6397,CYAW 261937Z 13002KT 15SM BKN008 OVC050 09/09 A3025 RMK SF5SC3 DA-740FT SLP245
CYAW,2020-11-26 20:00,-63.4994,44.6397,CYAW 262000Z 09003KT 15SM BKN007 OVC070 09/09 A3024 RMK SF5AC3 DA-729FT SLP242
CYAW,2020-11-26 20:36,-63.4994,44.6397,CYAW 262036Z 09004KT 15SM SCT004 OVC070 09/08 A3024 RMK SF3AC5 DA-831FT SLP242
CYAW,2020-11-26 21:00,-63.4994,44.6397,CYAW 262100Z CCA 11004KT 8SM SCT003 OVC047 08/08 A3024 RMK SF3SC5 DA-858FT VIS LWR NE QUAD SLP242
CYAW,2020-11-26 21:15,-63.4994,44.6397,CYAW 262115Z 11003KT 8SM BKN002 OVC040 08/08 A3025 RMK SF6SC2 DA-895FT SLP243
CYAW,2020-11-27 09:00,-63.4994,44.6397,CYAW 270900Z 16010KT 12SM FEW003 BKN060 11/11 A3005 RMK SF2SC5 DA-258FT FST OBS SLP178
CYAW,2020-11-27 10:00,-63.4994,44.6397,CYAW 271000Z 16012KT 12SM FEW038 OVC050 12/11 A3004 RMK SC2SC6 DA-183FT SLP175
CYAW,2020-11-27 10:30,-63.4994,44.6397,CYAW 271030Z 17008KT 6SM -SHRA BR FEW015 OVC031 11/11 A3004 RMK SC2SC6 DA-247FT SLP175
CYAW,2020-11-27 10:40,-63.4994,44.6397,CYAW 271040Z 18008KT 1 1/2SM -RA BR BKN006 OVC020 11/11 A3004 RMK SF5SC3 DA-248FT SLP174
CYAW,2020-11-27 11:00,-63.4994,44.6397,CYAW 271100Z 18010G16KT 1 1/2SM -RA BR BKN006 OVC015 11/11 A3004 RMK SF6SC2 DA-246FT SLP174
CYAW,2020-11-27 11:45,-63.4994,44.6397,CYAW 271145Z 18013KT 1 1/2SM -DZRA BR BKN004 OVC020 12/12 A3003 RMK SF7SC1 DA-140FT SLP172
CYAW,2020-11-27 12:00,-63.4994,44.6397,CYAW 271200Z 18003KT 1 1/2SM -DZRA BR BKN004 BKN019 12/12 A3003 RMK SF6SC2 DA-166FT PCPN VRY LGT SLP171
CYAW,2020-11-27 12:08,-63.4994,44.6397,CYAW 271208Z 18012KT 8SM SCT004 BKN020 BKN070 12/12 A3003 RMK SF3SC2AC1 DA-167FT SLP172
CYAW,2020-11-27 13:00,-63.4994,44.6397,CYAW 271300Z 19011G16KT 10SM SCT009 BKN020 12/12 A3003 RMK SF3SC3 DA-89FT SLP170
CYAW,2020-11-27 13:44,-63.4994,44.6397,CYAW 271344Z 19013KT 8SM BKN008 OVC020 13/12 A3003 RMK SF7SC1 DA-63FT VIS LWR N SLP170
CYAW,2020-11-27 14:00,-63.4994,44.6397,CYAW 271400Z 19013KT 8SM BKN008 OVC020 12/12 A3003 RMK SF7SC1 DA-76FT VIS LWR N SLP170
CYAW,2020-11-27 15:00,-63.4994,44.6397,CYAW 271500Z 19007KT 8SM OVC008 12/12 A3001 RMK SF8 DA-65FT SLP165
CYAW,2020-11-27 15:38,-63.4994,44.6397,CYAW 271538Z 17008KT 1 1/2SM BR OVC003 12/12 A3000 RMK SF8 DA-92FT SLP159
CYAW,2020-11-27 15:50,-63.4994,44.6397,CYAW 271550Z 18007KT 3/4SM BR OVC003 12/12 A2999 RMK SF8 DA-120FT SLP158
CYAW,2020-11-27 16:00,-63.4994,44.6397,CYAW 271600Z 18006KT 3/4SM BR OVC003 12/12 A2998 RMK SF8 DA-122FT SLP155
CYAW,2020-11-27 16:23,-63.4994,44.6397,CYAW 271623Z 17005KT 1/8SM -DZ FG VV002 12/12 A2997 RMK FG8 DA-97FT SLP151
CYAW,2020-11-27 17:00,-63.4994,44.6397,CYAW 271700Z 16006KT 1/8SM -DZ FG VV002 12/12 A2995 RMK FG8 DA-8FT SLP142
CYAW,2020-11-27 17:39,-63.4994,44.6397,CYAW 271739Z 14003KT 1/4SM -RA FG VV003 12/12 A2992 RMK FG8 DA26FT SLP135
CYAW,2020-11-27 18:00,-63.4994,44.6397,CYAW 271800Z CCA 15003KT 1/4SM -RA FG VV002 12/12 A2991 RMK FG8 DA51FT SLP130
CYAW,2020-11-27 19:00,-63.4994,44.6397,CYAW 271900Z 00000KT 1/4SM -DZ FG VV003 12/12 A2989 RMK FG8 DA88FT SLP122
CYAW,2020-11-27 20:00,-63.4994,44.6397,CYAW 272000Z 00000KT 3/4SM -DZ BR OVC008 13/13 A2988 RMK ST8 DA139FT VIS LWR N SLP120
CYAW,2020-11-27 20:38,-63.4994,44.6397,CYAW 272038Z 25003KT 1/4SM -DZ FG VV002 12/12 A2988 RMK FG8 DA73FT SLP120
CYAW,2020-11-27 21:00,-63.4994,44.6397,CYAW 272100Z 23002KT 0SM -DZ FG VV002 12/12 A2988 RMK FG8 DA20FT SLP119
CYAW,2020-11-27 22:00,-63.4994,44.6397,CYAW 272200Z 23005KT 0SM -DZ FG VV002 12/12 A2989 RMK FG8 DA35FT LAST OBS/NEXT 301000 UTC SLP123
CYAW,2020-11-30 10:00,-63.4994,44.6397,CYAW 301000Z 01003KT 15SM FEW250 M03/M03 A3032 RMK CI1 DA-2424FT FST OBS SLP268
CYAW,2020-11-30 11:00,-63.4994,44.6397,CYAW 301100Z 05005KT 15SM FEW250 M02/M02 A3033 RMK CI1 DA-2368FT SLP273
CYAW,2020-11-30 12:00,-63.4994,44.6397,CYAW 301200Z 08004KT 15SM FEW250 M00/M00 A3035 RMK CI2 DA-2137FT SLP278
CYAW,2020-11-30 13:00,-63.4994,44.6397,CYAW 301300Z 07005KT 15SM FEW045 SCT250 02/02 A3035 RMK SC1CI2 DA-1831FT SLP279
CYAW,2020-11-30 14:00,-63.4994,44.6397,CYAW 301400Z 14011KT 15SM FEW045 FEW250 07/03 A3036 RMK SC1CI2 DA-1149FT SLP283
CYAW,2020-11-30 15:00,-63.4994,44.6397,CYAW 301500Z 14011G19KT 15SM FEW027 SCT250 09/04 A3036 RMK SC2CI1 DA-980FT SLP283
CYAW,2020-11-30 16:00,-63.4994,44.6397,CYAW 301600Z 14007KT 15SM BKN034 BKN250 09/04 A3035 RMK SC6CI1 DA-947FT SLP279
CYAW,2020-11-30 17:00,-63.4994,44.6397,CYAW 301700Z 14015KT 15SM BKN035 09/03 A3034 RMK SC6 DA-961FT SLP275
CYAW,2020-11-30 18:00,-63.4994,44.6397,CYAW 301800Z 13009G15KT 15SM OVC027 09/04 A3034 RMK SC8 DA-968FT SLP275
CYAW,2020-11-30 19:00,-63.4994,44.6397,CYAW 301900Z 13011KT 15SM OVC025 09/05 A3033 RMK SC8 DA-939FT SLP271
CYAW,2020-11-30 20:00,-63.4994,44.6397,CYAW 302000Z 13009KT 15SM OVC026 09/06 A3033 RMK SC8 DA-946FT SLP271
CYAW,2020-11-30 21:00,-63.4994,44.6397,CYAW 302100Z 11009KT 15SM OVC036 09/06 A3032 RMK SC8 DA-916FT SLP270
CYAW,2020-11-30 22:00,-63.4994,44.6397,CYAW 302200Z 13010G16KT 15SM OVC043 09/07 A3034 RMK SC8 DA-908FT SLP276
CYAW,2020-11-30 23:00,-63.4994,44.6397,CYAW 302300Z 12012G21KT 15SM BKN045 OVC140 09/07 A3032 RMK SC6AC2 DA-882FT SLP269
CYAW,2020-11-30 23:24,-63.4994,44.6397,CYAW 302324Z 12015G20KT 15SM BKN045 OVC140 09/08 A3031 RMK SC5AC3 DA-857FT LAST OBS/NXT 011000 UTC SLP267
CYAW,2020-12-01 10:00,-63.4994,44.6397,CYAW 011000Z 14021G32KT 8SM FEW027 OVC044 12/11 A3016 RMK SC2SC6 DA-297FT FST OBS SLP214
CYAW,2020-12-01 11:00,-63.4994,44.6397,CYAW 011100Z 13018KT 8SM OVC035 12/11 A3015 RMK SC8 DA-253FT SLP211
CYAW,2020-12-01 12:00,-63.4994,44.6397,CYAW 011200Z 14017G27KT 8SM OVC039 12/11 A3015 RMK SC8 DA-243FT SLP211
CYAW,2020-12-01 13:00,-63.4994,44.6397,CYAW 011300Z 14017KT 5SM -RA BR BKN053 OVC087 12/11 A3016 RMK SC6AC2 DA-291FT SLP214
CYAW,2020-12-01 14:00,-63.4994,44.6397,CYAW 011400Z 14012KT 5SM -RA BR BKN048 OVC080 12/11 A3017 RMK SC6AC2 DA-312FT SLP216
CYAW,2020-12-01 14:10,-63.4994,44.6397,CYAW 011410Z 13010KT 7SM BKN055 OVC080 12/11 A3016 RMK SC6AC2 DA-289FT SLP215
CYAW,2020-12-01 15:00,-63.4994,44.6397,CYAW 011500Z 13014KT 7SM OVC059 12/11 A3014 RMK SC8 DA-267FT SLP207
CYAW,2020-12-01 16:00,-63.4994,44.6397,CYAW 011600Z 14018KT 7SM BKN058 OVC080 13/11 A3011 RMK SC6AC2 DA-108FT SLP197
CYAW,2020-12-01 16:27,-63.4994,44.6397,CYAW 011627Z 14020G27KT 7SM -SHRA OVC055 13/11 A3009 RMK SC8 DA-107FT SLP192
CYAW,2020-12-01 17:00,-63.4994,44.6397,CYAW 011700Z 14018G26KT 7SM -SHRA BKN055 OVC100 13/11 A3008 RMK SC6AC2 DA-82FT SLP188
CYAW,2020-12-01 17:50,-63.4994,44.6397,CYAW 011750Z 14017KT 5SM -RA BR FEW040 BKN060 OVC085 13/12 A3008 RMK SC2SC3AS2 DA-115FT SLP186
CYAW,2020-12-01 18:00,-63.4994,44.6397,CYAW 011800Z 13015G21KT 6SM -RA BR FEW037 BKN060 OVC080 13/12 A3007 RMK SC2SC2AS3 DA-115FT SLP184
CYAW,2020-12-01 18:33,-63.4994,44.6397,CYAW 011833Z 13019G25KT 8SM FEW037 SCT059 OVC110 13/12 A3006 RMK SC2SC2AS4 DA-30FT SLP181
CYAW,2020-12-01 19:00,-63.4994,44.6397,CYAW 011900Z 14020G26KT 8SM FEW040 BKN053 OVC110 13/12 A3005 RMK SC1SC4AS3 DA-32FT SLP178
CYAW,2020-12-01 20:00,-63.4994,44.6397,CYAW 012000Z 14020G26KT 8SM FEW040 FEW060 OVC140 13/12 A3003 RMK SC1SC1AS7 DA3FT LAST OBS/NEXT 021000 UTC SLP172
CYAW,2020-12-02 10:00,-63.4994,44.6397,CYAW 021000Z 15006KT 3/8SM -RA FG VV001 12/12 A2992 RMK FG8 DA-26FT PCPN VRY LGT FST OBS SLP133
CYAW,2020-12-02 10:37,-63.4994,44.6397,CYAW 021037Z 14004KT 1/8SM FG VV001 12/12 A2993 RMK FG8 DA-38FT SLP135
CYAW,2020-12-02 11:00,-63.4994,44.6397,CYAW 021100Z 11004KT 1/8SM FG VV001 12/12 A2992 RMK FG8 DA-26FT SLP134
CYAW,2020-12-02 11:27,-63.4994,44.6397,CYAW 021127Z 16003KT 3SM BR SCT002 OVC060 12/12 A2994 RMK SF3SC5 DA-62FT VIS LWR W-NE SLP139
CYAW,2020-12-02 11:51,-63.4994,44.6397,CYAW 021151Z 18005KT 2SM -SHRA BR SCT003 OVC017 11/11 A2995 RMK SF3SC5 DA-114FT SLP141
CYAW,2020-12-02 12:00,-63.4994,44.6397,CYAW 021200Z 18005KT 1 3/4SM -SHRA BR SCT003 OVC008 11/11 A2996 RMK SF3SF5 DA-125FT SLP145
CYAW,2020-12-02 12:20,-63.4994,44.6397,CYAW 021220Z 17005KT 2SM -SHRA BR BKN002 OVC006 11/11 A2996 RMK SF6SF2 DA-125FT SLP145
CYAW,2020-12-02 12:44,-63.4994,44.6397,CYAW 021244Z 18007KT 1 1/2SM -RA BR BKN002 OVC006 12/12 A2996 RMK SF6SF2 DA-99FT VIS VRB 1-2 SLP147
CYAW,2020-12-02 13:00,-63.4994,44.6397,CYAW 021300Z 12003KT 1SM -RA BR OVC002 12/12 A2993 RMK SF8 DA-64FT VIS VRB 3/4-1 1/2 SLP136
CYAW,2020-12-02 13:14,-63.4994,44.6397,CYAW 021314Z 09004KT 3/8SM -RA FG VV001 12/12 A2993 RMK FG8 DA-64FT VIS VRB 1/4-5/8 SLP137
CYAW,2020-12-02 14:00,-63.4994,44.6397,CYAW 021400Z 14003KT 1/2SM -RA FG VV002 11/11 A2996 RMK FG8 DA-165FT VIS VRB 3/8-3/4 SLP145
CYAW,2020-12-02 14:24,-63.4994,44.6397,CYAW 021424Z 18002KT 3/4SM -DZ BR OVC002 11/11 A2995 RMK SF8 VIS VRB 1/2-1 SLP142
CYAW,2020-12-02 14:36,-63.4994,44.6397,CYAW 021436Z 18004KT 1/4SM -RA FG VV001 11/11 A2993 RMK FG8 DA-91FT VIS VRB 1/8-1/2 PCPN VRY LGT SLP137
CYAW,2020-12-02 15:00,-63.4994,44.6397,CYAW 021500Z 23006KT 5/8SM -RA BR VV002 11/11 A2992 RMK FG8 DA-145FT VIS VRB 3/8-1 SLP132
CYAW,2020-12-02 15:11,-63.4994,44.6397,CYAW 021511Z 25008KT 6SM -RA BR FEW002 OVC004 10/10 A2994 RMK SF2SF6 DA-248FT PRESRR PCPN VRY LGT VIS LWR E-SE SLP139
CYAW,2020-12-02 15:35,-63.4994,44.6397,CYAW 021535Z 26007KT 8SM -RA FEW003 OVC010 09/09 A2993 RMK SF2SF6 DA-355FT PCPN VRY LGT SLP136
CYAW,2020-12-02 16:00,-63.4994,44.6397,CYAW 021600Z 28010KT 10SM FEW003 OVC010 10/09 A2991 RMK SF1SF7 DA-308FT SLP129
CYAW,2020-12-02 17:00,-63.4994,44.6397,CYAW 021700Z 27005KT 15SM FEW004 OVC015 10/09 A2992 RMK SF1SC8 DA-286FT SLP132
CYAW,2020-12-02 17:15,-63.4994,44.6397,CYAW 021715Z 25004KT 15SM -SHRA OVC015 10/09 A2992 RMK SC8 DA-287FT SLP133
CYAW,2020-12-02 17:37,-63.4994,44.6397,CYAW 021737Z 36002KT 15SM -SHRA FEW015 BKN040 OVC100 10/09 A2991 RMK SC2SC2AC3 DA-301FT PCPN VRY LGT SLP128
CYAW,2020-12-02 18:00,-63.4994,44.6397,CYAW 021800Z 17003KT 15SM FEW015 BKN061 OVC085 10/09 A2991 RMK SC1SC4AC3 DA-312FT SLP130
CYAW,2020-12-02 18:19,-63.4994,44.6397,CYAW 021819Z 08002KT 15SM -SHRA FEW015 BKN061 OVC080 10/09 A2989 RMK SC1SC4AC3 DA-286FT PRESFR SLP122
CYAW,2020-12-02 18:49,-63.4994,44.6397,CYAW 021849Z 20002KT 12SM FEW010 FEW020 SCT061 BKN110 10/09 A2989 RMK SF1SC2SC2AC3 DA-285FT SLP121
CYAW,2020-12-02 19:00,-63.4994,44.6397,CYAW 021900Z 20002KT 12SM FEW010 FEW020 SCT061 BKN100 09/09 A2988 RMK SF1SC2SC2AC3 DA-315FT SLP119
CYAW,2020-12-02 19:32,-63.4994,44.6397,CYAW 021932Z 00000KT 12SM -SHRA FEW010 FEW018 BKN060 BKN100 09/09 A2988 RMK SF1SC2SC2AC2 DA-341FT SLP118
CYAW,2020-12-02 20:00,-63.4994,44.6397,CYAW 022000Z 21004KT 12SM FEW010 SCT022 BKN100 09/09 A2990 RMK SF1SC4AC3 DA-376FT LAST OBS/NEXT 031000 UTC SLP124
CYAW,2020-12-03 10:00,-63.4994,44.6397,CYAW 031000Z 22009KT 15SM OVC058 06/05 A2992 RMK SC8 DA-753FT FST OBS SLP135
CYAW,2020-12-03 11:00,-63.4994,44.6397,CYAW 031100Z 23008KT 15SM BKN054 06/04 A2994 RMK SC7 DA-844FT SLP141
CYAW,2020-12-03 12:00,-63.4994,44.6397,CYAW 031200Z 25011KT 15SM FEW035 BKN055 06/04 A2997 RMK SC1SC6 DA-893FT SLP151
CYAW,2020-12-03 13:00,-63.4994,44.6397,CYAW 031300Z 25007KT 15SM FEW035 OVC054 06/03 A3000 RMK SC1SC7 DA-943FT SLP160
CYAW,2020-12-03 14:00,-63.4994,44.6397,CYAW 031400Z 26010KT 15SM FEW030 BKN044 BKN100 07/03 A3002 RMK SC1SC4AC1 DA-857FT SLP166
CYAW,2020-12-03 15:00,-63.4994,44.6397,CYAW 031500Z 26011G20KT 15SM BKN036 07/00 A3002 RMK SC5 DA-813FT CU ASOCTD SLP167
CYAW,2020-12-03 16:00,-63.4994,44.6397,CYAW 031600Z 24012G18KT 15SM BKN033 06/M01 A3003 RMK SC7 DA-990FT SLP169
CYAW,2020-12-03 17:00,-63.4994,44.6397,CYAW 031700Z 27012KT 15SM BKN026 06/00 A3003 RMK SC6 DA-971FT SLP170
CYAW,2020-12-03 18:00,-63.4994,44.6397,CYAW 031800Z 27013G19KT 15SM FEW023 BKN031 05/01 A3005 RMK SC1SC6 DA-1055FT SLP176
CYAW,2020-12-03 19:00,-63.4994,44.6397,CYAW 031900Z 27007KT 15SM BKN027 BKN250 06/00 A3006 RMK SC5CI1 DA-982FT CU ASOCTD SLP180
CYAW,2020-12-03 20:00,-63.4994,44.6397,CYAW 032000Z 24004KT 15SM FEW012 FEW024 05/M00 A3008 RMK SF1SC1 DA-1121FT SLP187
CYAW,2020-12-03 21:00,-63.4994,44.6397,CYAW 032100Z 00000KT 15SM FEW025 03/M01 A3009 RMK SC1 DA-1395FT LAST OBS/NEXT 041000 UTC SLP190
CYAW,2020-12-04 10:00,-63.4994,44.6397,CYAW 041000Z 18007KT 15SM BKN033 OVC140 07/06 A3009 RMK SC5AC3 DA-828FT FST OBS SLP193
CYAW,2020-12-04 11:00,-63.4994,44.6397,CYAW 041100Z 18010KT 15SM SCT022 BKN033 BKN150 08/08 A3009 RMK CU3SC2AC2 DA-704FT SLP192
CYAW,2020-12-04 12:00,-63.4994,44.6397,CYAW 041200Z 21008KT 12SM FEW015 FEW023 FEW120 BKN250 08/07 A3010 RMK CU1SC1AC1CI5 DA-742FT SLP194
CYAW,2020-12-04 13:00,-63.4994,44.6397,CYAW 041300Z 20006KT 12SM FEW015 BKN140 BKN250 07/05 A3011 RMK CU1AC5CI2 DA-843FT SLP200
CYAW,2020-12-04 14:00,-63.4994,44.6397,CYAW 041400Z 20008KT 12SM BKN120 OVC250 09/05 A3012 RMK AC6CI2 DA-695FT SLP203
CYAW,2020-12-04 15:00,-63.4994,44.6397,CYAW 041500Z 20012KT 12SM FEW020 BKN110 OVC250 10/06 A3012 RMK CF1AC6CI2 DA-593FT CUFRA TR SLP201
CYAW,2020-12-04 16:00,-63.4994,44.6397,CYAW 041600Z 21013KT 12SM SCT018 OVC110 10/07 A3009 RMK CU4AC4 DA-474FT SLP193
CYAW,2020-12-04 17:00,-63.4994,44.6397,CYAW 041700Z 22013G21KT 12SM FEW020 SCT110 BKN220 11/06 A3009 RMK CU1AC2CS4 DA-388FT HALO SLP191
CYAW,2020-12-04 18:00,-63.4994,44.6397,CYAW 041800Z 21009G15KT 15SM FEW020 BKN110 OVC220 10/06 A3007 RMK SC1AS5CS2 DA-471FT VIS LWR S SLP184
CYAW,2020-12-04 19:00,-63.4994,44.6397,CYAW 041900Z 20009G15KT 15SM FEW020 FEW140 BKN220 10/06 A3006 RMK SC1AC2CS6 DA-447FT VIS LWR S SLP180
CYAW,2020-12-04 19:43,-63.4994,44.6397,CYAW 041943Z 21014KT 15SM FEW100 BKN140 BKN250 10/07 A3006 RMK AC2AS3CI2 DA-457FT LAST OBS/NXT 071000 UTC SLP182
CYAW,2020-12-07 10:00,-63.4994,44.6397,CYAW 071000Z 23013G20KT 15SM FEW021 OVC090 01/M02 A2937 RMK SC2AC6 DA-845FT FST OBS SLP946
CYAW,2020-12-07 10:35,-63.4994,44.6397,CYAW 071035Z 25012G21KT 8SM -SHSN FEW029 BKN085 01/M02 A2939 RMK SC2AC5 DA-830FT SLP952
CYAW,2020-12-07 11:00,-63.4994,44.6397,CYAW 071100Z 24015G21KT 8SM -SHSN BKN029 OVC060 01/M01 A2939 RMK SC5SC3 DA-875FT PCPN VRY LGT SLP955
CYAW,2020-12-07 11:21,-63.4994,44.6397,CYAW 071121Z 24015KT 12SM BKN028 OVC055 01/M01 A2940 RMK SC5SC3 DA-875FT SLP957
CYAW,2020-12-07 12:00,-63.4994,44.6397,CYAW 071200Z 24015KT 12SM FEW018 OVC030 01/M02 A2941 RMK SC2SC6 DA-863FT SLP963
CYAW,2020-12-07 13:00,-63.4994,44.6397,CYAW 071300Z 25013G18KT 15SM SCT017 BKN028 01/M01 A2943 RMK SC4SC2 DA-897FT SLP967
CYAW,2020-12-07 14:00,-63.4994,44.6397,CYAW 071400Z 25018G26KT 15SM FEW020 OVC026 02/M02 A2944 RMK SC2SC6 DA-759FT SLP973
CYAW,2020-12-07 15:00,-63.4994,44.6397,CYAW 071500Z 26015KT 15SM BKN023 03/M02 A2944 RMK SC6 DA-684FT SLP971
CYAW,2020-12-07 16:00,-63.4994,44.6397,CYAW 071600Z 26016G22KT 15SM OVC028 03/M02 A2944 RMK SC8 DA-609FT SLP972
CYAW,2020-12-07 17:00,-63.4994,44.6397,CYAW 071700Z 27018KT 15SM OVC030 03/M01 A2944 RMK SC8 DA-608FT SLP970
CYAW,2020-12-07 17:29,-63.4994,44.6397,CYAW 071729Z 27016G21KT 15SM -SHRA OVC027 03/M01 A2944 RMK SC8 DA-606FT PCPN VRY LGT SLP972
CYAW,2020-12-07 18:00,-63.4994,44.6397,CYAW 071800Z 28013KT 15SM -SHRA FEW020 BKN038 03/M00 A2946 RMK SC2CU5 DA-625FT PCPN VRY LGT SLP977
CYAW,2020-12-07 18:23,-63.4994,44.6397,CYAW 071823Z 26017G24KT 15SM VCSH SCT020 BKN036 04/M01 A2947 RMK SC3CU3 DA-577FT SLP981
CYAW,2020-12-07 19:00,-63.4994,44.6397,CYAW 071900Z 27016KT 15SM VCSH FEW020 BKN030 03/M01 A2949 RMK SC2CU4 DA-663FT SLP989
CYAW,2020-12-07 19:44,-63.4994,44.6397,CYAW 071944Z 29010G16KT 15SM -SHSN SCT020 BKN037 03/M00 A2952 RMK SC3CU4 DA-731FT PCPN VRY LGT SLP000
CYAW,2020-12-07 20:00,-63.4994,44.6397,CYAW 072000Z 28009G16KT 15SM VCSH FEW022 BKN038 03/M00 A2953 RMK SC2CU6 DA-782FT SLP002
CYAW,2020-12-07 21:00,-63.4994,44.6397,CYAW 072100Z 27013KT 15SM FEW021 SCT038 02/M01 A2956 RMK SC2CU2 DA-897FT SLP012
CYAW,2020-12-07 22:00,-63.4994,44.6397,CYAW 072200Z 28011KT 15SM FEW018 BKN035 02/M01 A2959 RMK CU1SC6 DA-954FT SLP021
CYAW,2020-12-07 22:44,-63.4994,44.6397,CYAW 072244Z 27012G22KT 15SM BKN017 BKN035 02/M01 A2960 RMK SC5SC2 DA-991FT SLP027
CYAW,2020-12-07 23:00,-63.4994,44.6397,CYAW 072300Z 29011G17KT 15SM BKN015 OVC035 02/M00 A2960 RMK SC6SC2 DA-977FT SLP025
CYAW,2020-12-07 23:26,-63.4994,44.6397,CYAW 072326Z 29008KT 15SM OVC016 02/M00 A2961 RMK SC8 DA-1014FT LAST OBS/NEXT 081000 UTC SLP030
CYAW,2020-12-08 10:00,-63.4994,44.6397,CYAW 081000Z CCA 01010KT 15SM BKN009 OVC220 M01/M01 A2961 RMK SF6CI2 DA-1362FT FST OBS SLP029
CYAW,2020-12-08 11:00,-63.4994,44.6397,CYAW 081100Z 02007KT 15SM BKN009 OVC220 M01/M01 A2960 RMK SF6CI2 DA-1297FT FROIN SLP027
CYAW,2020-12-08 12:00,-63.4994,44.6397,CYAW 081200Z 02009KT 15SM OVC010 M00/M01 A2957 RMK ST8 DA-1235FT SLP015
CYAW,2020-12-08 13:00,-63.4994,44.6397,CYAW 081300Z 03012KT 15SM OVC010 00/M00 A2955 RMK SC8 DA-1133FT SLP010
CYAW,2020-12-08 14:00,-63.4994,44.6397,CYAW 081400Z 01011G17KT 15SM OVC010 01/M00 A2952 RMK SC8 DA-1046FT SLP997
CYAW,2020-12-08 15:00,-63.4994,44.6397,CYAW 081500Z 02010G16KT 15SM FEW010 OVC100 01/00 A2947 RMK SF2AS6 DA-948FT SLP980
CYAW,2020-12-08 15:34,-63.4994,44.6397,CYAW 081534Z 02013G19KT 15SM BKN010 OVC100 01/00 A2944 RMK SF5AS3 DA-887FT SLP971
CYAW,2020-12-08 16:00,-63.4994,44.6397,CYAW 081600Z 02010G18KT 15SM BKN010 OVC100 01/00 A2942 RMK SF6AS2 DA-838FT SLP964
CYAW,2020-12-08 17:00,-63.4994,44.6397,CYAW 081700Z 02015G22KT 15SM BKN009 OVC011 02/01 A2936 RMK SF6SC2 DA-663FT PRESFR SLP944
CYAW,2020-12-08 17:34,-63.4994,44.6397,CYAW 081734Z 02003G19KT 15SM FEW010 BKN015 BKN120 03/01 A2934 RMK SF2SC6AC1 DA-564FT SLP938
CYAW,2020-12-08 18:00,-63.4994,44.6397,CYAW 081800Z 01013G20KT 15SM BKN015 OVC019 03/01 A2935 RMK SC7SC1 DA-564FT SLP940
CYAW,2020-12-08 18:38,-63.4994,44.6397,CYAW 081838Z 36014KT 15SM -DZ BKN016 OVC019 03/01 A2934 RMK SC6SC2 DA-552FT SLP937
CYAW,2020-12-08 19:00,-63.4994,44.6397,CYAW 081900Z 36016KT 15SM BKN014 OVC019 03/01 A2934 RMK SC6SC2 DA-551FT SLP937
CYAW,2020-12-08 20:00,-63.4994,44.6397,CYAW 082000Z 36016G22KT 15SM BKN017 OVC021 03/00 A2935 RMK SC5SC3 DA-568FT SLP941
CYAW,2020-12-08 20:11,-63.4994,44.6397,CYAW 082011Z 35012G22KT 15SM BKN021 OVC023 03/00 A2935 RMK SC6SC2 DA-556FT LAST OBS/NEXT 091000 UTC SLP940
CYAW,2020-12-09 10:00,-63.4994,44.6397,CYAW 091000Z 30011KT 15SM FEW014 M01/M02 A2958 RMK SC2 DA-1279FT FST OBS SLP018
CYAW,2020-12-09 11:00,-63.4994,44.6397,CYAW 091100Z 27008KT 15SM SCT013 BKN160 M01/M02 A2960 RMK SC4AC2 DA-1300FT SLP026
CYAW,2020-12-09 11:33,-63.4994,44.6397,CYAW 091133Z 28008KT 15SM -SHSN BKN014 BKN085 BKN160 M00/M02 A2961 RMK SC6AC1AC1 DA-1287FT SLP030
CYAW,2020-12-09 12:00,-63.4994,44.6397,CYAW 091200Z 28010KT 15SM -SHSN SCT014 SCT029 BKN094 M00/M02 A2962 RMK SC3SC1AC2 DA-1299FT PCPN VRY LGT SLP032
CYAW,2020-12-09 12:22,-63.4994,44.6397,CYAW 091222Z 28008KT 15SM FEW015 BKN028 BKN085 00/M02 A2963 RMK SC1SC5AC2 DA-1209FT SLP034
CYAW,2020-12-09 13:00,-63.4994,44.6397,CYAW 091300Z 22007KT 15SM FEW016 BKN028 BKN089 00/M02 A2964 RMK CU1SC5AC2 DA-1222FT SLP038
CYAW,2020-12-09 14:00,-63.4994,44.6397,CYAW 091400Z 27010KT 15SM FEW019 BKN029 OVC081 01/M02 A2966 RMK CU1SC7AC1 DA-1159FT SLP045
CYAW,2020-12-09 15:00,-63.4994,44.6397,CYAW 091500Z 26010KT 15SM FEW017 SCT030 BKN079 02/M02 A2966 RMK CU1SC2AC4 DA-1107FT SLP047
CYAW,2020-12-09 16:00,-63.4994,44.6397,CYAW 091600Z 28009G15KT 15SM BKN026 OVC076 02/M03 A2966 RMK SC5AC3 DA-1038FT SLP045
CYAW,2020-12-09 16:29,-63.4994,44.6397,CYAW 091629Z 26014KT 12SM -SHSN BKN022 BKN076 02/M02 A2966 RMK SC6AC1 DA-1058FT SLP044
CYAW,2020-12-09 17:00,-63.4994,44.6397,CYAW 091700Z 27008KT 15SM BKN024 OVC075 03/M02 A2964 RMK SC5AC3 DA-908FT SLP040
CYAW,2020-12-09 18:00,-63.4994,44.6397,CYAW 091800Z 27008KT 15SM BKN028 BKN077 02/M02 A2965 RMK SC6AC1 DA-982FT SLP041
CYAW,2020-12-09 19:00,-63.4994,44.6397,CYAW 091900Z 27007KT 15SM BKN033 BKN080 02/M02 A2966 RMK SC7AC1 DA-996FT SLP045
CYAW,2020-12-09 19:25,-63.4994,44.6397,CYAW 091925Z 24011KT 15SM BKN028 BKN080 02/M03 A2966 RMK SC7AC1 DA-998FT LAST OBS/NEXT 101000 UTC SLP046
CYAW,2020-12-10 10:00,-63.4994,44.6397,CYAW 101000Z 34005KT 3SM -SN FEW005 OVC008 00/00 A2969 RMK SF2SC6 DA-1266FT FST OBS SLP057
CYAW,2020-12-10 11:00,-63.4994,44.6397,CYAW 101100Z 35005KT 3SM -SN OVC010 00/00 A2970 RMK SC8 DA-1278FT SLP059
CYAW,2020-12-10 11:17,-63.4994,44.6397,CYAW 101117Z 34004KT 1 1/2SM -SN OVC012 01/01 A2970 RMK SC8 DA-1251FT SLP060
CYAW,2020-12-10 12:00,-63.4994,44.6397,CYAW 101200Z 34006KT 1SM -SN FEW004 OVC012 00/00 A2971 RMK SF1ST7 DA-1290FT SLP064
CYAW,2020-12-10 13:00,-63.4994,44.6397,CYAW 101300Z 34006KT 1SM -SN FEW005 OVC010 00/00 A2973 RMK SF1ST7 DA-1313FT SLP068
CYAW,2020-12-10 13:31,-63.4994,44.6397,CYAW 101331Z 33005KT 2SM -SN BKN007 OVC075 01/01 A2973 RMK ST7AS1 DA-1260FT SUN DIMLY VISBL SLP069
CYAW,2020-12-10 14:00,-63.4994,44.6397,CYAW 101400Z 33008KT 2SM -SN FEW003 OVC009 01/01 A2974 RMK SF2ST6 DA-1258FT VIS LWR S SLP071
CYAW,2020-12-10 14:42,-63.4994,44.6397,CYAW 101442Z 33009KT 2SM -SN FEW003 BKN011 BKN075 01/01 A2974 RMK SF1SC6AS1 DA-1232FT PCPN VRY LGT SLP071
CYAW,2020-12-10 15:00,-63.4994,44.6397,CYAW 101500Z 34009KT 7SM -SN FEW003 BKN007 BKN075 01/01 A2973 RMK SF1SC6AS1 DA-1181FT PCPN VRY LGT VIS LWR S SLP070
CYAW,2020-12-10 15:27,-63.4994,44.6397,CYAW 101527Z 35009KT 8SM FEW008 OVC020 02/01 A2973 RMK SF1SC7 DA-1130FT SLP068
CYAW,2020-12-10 16:00,-63.4994,44.6397,CYAW 101600Z 34008KT 15SM SCT009 BKN024 BKN080 02/01 A2972 RMK SF3SC2AS2 DA-1121FT SLP066
CYAW,2020-12-10 16:40,-63.4994,44.6397,CYAW 101640Z 35010KT 10SM BKN011 OVC024 02/01 A2972 RMK SF6SC2 DA-1110FT SLP066
CYAW,2020-12-10 17:00,-63.4994,44.6397,CYAW 101700Z 35008KT 10SM BKN012 OVC024 02/01 A2972 RMK SF6SC2 DA-1136FT SLP067
CYAW,2020-12-10 18:00,-63.4994,44.6397,CYAW 101800Z 33008KT 12SM BKN010 OVC016 02/01 A2973 RMK SF6CU2 DA-1119FT SLP069
CYAW,2020-12-10 18:24,-63.4994,44.6397,CYAW 101824Z 33015KT 12SM -SHRASN FEW008 OVC014 01/00 A2973 RMK SF2CU6 DA-1200FT PCPN VRY LGT SLP070
CYAW,2020-12-10 19:00,-63.4994,44.6397,CYAW 101900Z 33009KT 12SM -SHGS FEW009 FEW015 OVC022 02/01 A2975 RMK SF1SC2CU6 DA-1184FT PCPN VRY LGT SLP075
CYAW,2020-12-10 19:21,-63.4994,44.6397,CYAW 101921Z 32011G16KT 15SM FEW009 BKN016 BKN040 02/00 A2975 RMK SF1CU5SC2 DA-1172FT SLP077
CYAW,2020-12-10 20:00,-63.4994,44.6397,CYAW 102000Z 33011G16KT 15SM FEW009 SCT015 BKN025 BKN040 01/M00 A2977 RMK SF1CU3SC2SC2 DA-1236FT SLP084
CYAW,2020-12-10 21:00,-63.4994,44.6397,CYAW 102100Z 30008KT 15SM FEW017 FEW029 FEW070 01/M02 A2980 RMK CU1SC2AC1 DA-1356FT SLP093
CYAW,2020-12-10 21:16,-63.4994,44.6397,CYAW 102116Z 31011KT 15SM FEW017 SCT029 SCT070 01/M01 A2981 RMK CU1SC3AC1 DA-1391FT LAST OBS/NEXT 110900 UTC SLP096
CYAW,2020-12-11 09:00,-63.4994,44.6397,CYAW 110900Z CCA 31009G17KT 15SM OVC022 M01/M05 A3006 RMK SC8 DA-1876FT FST OBS SLP182
CYAW,2020-12-11 10:00,-63.4994,44.6397,CYAW 111000Z 31012KT 15SM BKN021 M01/M04 A3009 RMK SC7 DA-1897FT SLP191
CYAW,2020-12-11 11:00,-63.4994,44.6397,CYAW 111100Z 30009KT 15SM BKN024 M01/M04 A3011 RMK SC7 DA-1905FT SLP197
CYAW,2020-12-11 12:00,-63.4994,44.6397,CYAW 111200Z 30010G15KT 15SM FEW018 OVC025 M00/M04 A3012 RMK SC1SC7 DA-1881FT SLP203
CYAW,2020-12-11 13:00,-63.4994,44.6397,CYAW 111300Z 28012KT 15SM FEW019 BKN023 00/M04 A3014 RMK SC1SC7 DA-1864FT SLP210
CYAW,2020-12-11 14:00,-63.4994,44.6397,CYAW 111400Z 27012KT 15SM BKN020 00/M03 A3015 RMK SC7 DA-1822FT SLP213
CYAW,2020-12-11 15:00,-63.4994,44.6397,CYAW 111500Z 27010G15KT 15SM BKN022 01/M03 A3016 RMK SC7 DA-1757FT SLP215
CYAW,2020-12-11 16:00,-63.4994,44.6397,CYAW 111600Z 27013KT 15SM BKN022 01/M03 A3014 RMK SC6 DA-1696FT SLP210
CYAW,2020-12-11 16:46,-63.4994,44.6397,CYAW 111646Z 28011KT 15SM SCT023 BKN120 BKN250 03/M03 A3014 RMK SC3AC2CI2 DA-1517FT SLP209
CYAW,2020-12-11 17:00,-63.4994,44.6397,CYAW 111700Z 28008KT 15SM FEW023 FEW120 BKN250 03/M03 A3014 RMK SC2AC1CI5 DA-1515FT SLP207
CYAW,2020-12-11 18:00,-63.4994,44.6397,CYAW 111800Z 26011KT 15SM FEW027 FEW110 SCT150 BKN250 04/M03 A3013 RMK SC1AC1AC2CI4 DA-1392FT SLP204
CYAW,2020-12-11 19:00,-63.4994,44.6397,CYAW 111900Z 26009G16KT 15SM FEW027 BKN150 BKN250 03/M03 A3014 RMK SC1AC6CI1 DA-1465FT LAST OBS/NEXT 141000 UTC SLP207
CYAW,2020-12-14 10:00,-63.4994,44.6397,CYAW 141000Z 29010KT 15SM FEW008 OVC013 06/06 A2986 RMK SF2SC6 DA-689FT FST OBS SLP112
CYAW,2020-12-14 10:47,-63.4994,44.6397,CYAW 141047Z 30010KT 15SM FEW009 BKN017 06/04 A2987 RMK SF1SC7 DA-800FT SLP118
CYAW,2020-12-14 11:00,-63.4994,44.6397,CYAW 141100Z 29008KT 15SM SCT017 BKN250 05/04 A2988 RMK SC3CI2 DA-876FT SLP119
CYAW,2020-12-14 12:00,-63.4994,44.6397,CYAW 141200Z 31003KT 15SM FEW017 FEW180 BKN250 03/03 A2988 RMK SC1AC1CI6 DA-1145FT SLP120
CYAW,2020-12-14 13:00,-63.4994,44.6397,CYAW 141300Z 30005KT 15SM SCT025 BKN180 OVC250 04/03 A2990 RMK SC4AC1CI3 DA-1039FT SLP126
CYAW,2020-12-14 13:32,-63.4994,44.6397,CYAW 141332Z 29005KT 15SM BKN024 OVC250 05/03 A2990 RMK SC6CI2 DA-943FT SLP125
CYAW,2020-12-14 14:00,-63.4994,44.6397,CYAW 141400Z 31009G16KT 15SM FEW012 BKN022 BKN180 OVC250 05/02 A2989 RMK CF1SC6AC1CI1 DA-910FT CUFRA TR SLP123
CYAW,2020-12-14 15:00,-63.4994,44.6397,CYAW 141500Z 31010KT 15SM BKN021 OVC250 04/01 A2988 RMK SC5CI3 DA-982FT SLP121
CYAW,2020-12-14 16:00,-63.4994,44.6397,CYAW 141600Z 30008KT 15SM SCT020 BKN150 OVC250 05/01 A2987 RMK SC3AC2CI3 DA-959FT SLP117
CYAW,2020-12-14 17:00,-63.4994,44.6397,CYAW 141700Z 31008KT 15SM BKN020 OVC160 05/01 A2986 RMK SC5AS3 DA-948FT SLP114
CYAW,2020-12-14 18:00,-63.4994,44.6397,CYAW 141800Z 30006KT 15SM BKN021 BKN160 04/01 A2986 RMK SC5AS2 DA-984FT SLP114
CYAW,2020-12-14 19:00,-63.4994,44.6397,CYAW 141900Z 31005KT 15SM FEW012 SCT020 OVC120 04/01 A2982 RMK CF1SC3AS5 DA-937FT CUFRA TR SLP099
CYAW,2020-12-14 20:00,-63.4994,44.6397,CYAW 142000Z 02002KT 15SM FEW020 OVC100 04/01 A2977 RMK SC1AS7 DA-931FT SLP084
CYAW,2020-12-14 20:17,-63.4994,44.6397,CYAW 142017Z 00000KT 15SM FEW022 OVC110 04/00 A2979 RMK SC1AS7 DA-980FT LAST OBS/NEXT 151000 UTC SLP088
CYAW,2020-12-15 10:00,-63.4994,44.6397,CYAW 151000Z 28014G22KT 10SM -SHSN FEW018 BKN025 OVC090 01/M01 A2958 RMK SC2SC4AC2 DA-1111FT FST OBS VIS LWR N SLP017
CYAW,2020-12-15 10:24,-63.4994,44.6397,CYAW 151024Z 28015G21KT 5SM -SHGS FEW004 SCT013 OVC020 00/M02 A2959 RMK SF1SC3SC5 DA-1175FT SLP021
CYAW,2020-12-15 10:48,-63.4994,44.6397,CYAW 151048Z 28028G37KT 10SM -SHGS FEW006 FEW018 OVC031 M00/M04 A2960 RMK SF1SC2SC6 DA-1276FT SLP027
CYAW,2020-12-15 11:00,-63.4994,44.6397,CYAW 151100Z 28022G36KT 12SM FEW018 SCT034 M01/M06 A2961 RMK SC2SC2 DA-1371FT SLP028
CYAW,2020-12-15 11:39,-63.4994,44.6397,CYAW 151139Z 27021G27KT 15SM -SHSN FEW034 BKN047 M01/M06 A2962 RMK SC2SC6 DA-1421FT PCPN VRY LGT SLP033
CYAW,2020-12-15 12:00,-63.4994,44.6397,CYAW 151200Z 28017G24KT 15SM -SHSN FEW035 BKN042 M01/M05 A2963 RMK SC2SC6 DA-1416FT PCPN VRY LGT SLP036
CYAW,2020-12-15 13:00,-63.4994,44.6397,CYAW 151300Z 28017G22KT 9SM -SHSN SCT021 BKN040 M01/M04 A2965 RMK SC3CU4 DA-1436FT SLP042
CYAW,2020-12-15 14:00,-63.4994,44.6397,CYAW 151400Z 27024KT 12SM -SHSN BKN035 M00/M05 A2967 RMK CU7 DA-1361FT SLP050
CYAW,2020-12-15 15:00,-63.4994,44.6397,CYAW 151500Z 27018G24KT 10SM -SHSN BKN035 00/M04 A2968 RMK CU7 DA-1332FT SLP053
CYAW,2020-12-15 15:26,-63.4994,44.6397,CYAW 151526Z 28025G31KT 4SM -SHSN BKN040 M01/M05 A2968 RMK CU7 DA-1412FT VIS VRB 3-5 VIS LWR S SLP052
CYAW,2020-12-15 15:48,-63.4994,44.6397,CYAW 151548Z 28018G31KT 3SM -SHSN BKN015 BKN020 M01/M04 A2968 RMK ST5CU2 DA-1412FT VIS VRB 2 1/4-4 SLP052
CYAW,2020-12-15 16:00,-63.4994,44.6397,CYAW 151600Z 28025G32KT 15SM -SHSN FEW015 BKN035 M01/M06 A2968 RMK ST2CU5 DA-1440FT SLP052
CYAW,2020-12-15 17:00,-63.4994,44.6397,CYAW 151700Z 27029KT 15SM -SHSN FEW012 BKN030 00/M07 A2969 RMK CF1SC7 DA-1353FT CUFRA TR PCPN VRY LGT SLP056
CYAW,2020-12-15 17:18,-63.4994,44.6397,CYAW 151718Z 28026G40KT 6SM -SHSN BKN015 BKN034 M00/M07 A2969 RMK ST5SC2 DA-1368FT VIS HIER N SLP057
CYAW,2020-12-15 17:32,-63.4994,44.6397,CYAW 151732Z 27022G34KT 12SM FEW010 SCT012 BKN030 M01/M07 A2971 RMK SF1ST3SC3 DA-1467FT SLP061
CYAW,2020-12-15 18:00,-63.4994,44.6397,CYAW 151800Z 29022G31KT 3SM -SHSN FEW012 BKN020 M01/M06 A2972 RMK ST2SC5 DA-1487FT VIS LWR S SLP065
CYAW,2020-12-15 18:15,-63.4994,44.6397,CYAW 151815Z 29022G29KT 8SM -SHSN FEW012 BKN025 M01/M06 A2972 RMK ST2SC5 DA-1488FT VIS LWR S SLP065
CYAW,2020-12-15 19:00,-63.4994,44.6397,CYAW 151900Z 29021G32KT 12SM FEW012 BKN025 M02/M08 A2974 RMK SF1SC6 DA-1658FT SLP074
CYAW,2020-12-15 19:13,-63.4994,44.6397,CYAW 151913Z 28024G31KT 10SM -SHSN FEW012 BKN028 M02/M07 A2975 RMK SF1SC6 DA-1681FT PCPN VRY LGT SLP077
CYAW,2020-12-15 20:00,-63.4994,44.6397,CYAW 152000Z 28022G32KT 12SM BKN034 M02/M08 A2978 RMK SC6 DA-1745FT CU ASOCTD SLP085
CYAW,2020-12-15 20:49,-63.4994,44.6397,CYAW 152049Z 28026G32KT 12SM BKN035 M03/M09 A2980 RMK SC6 DA-1900FT LAST OBS/NEXT 161000 UTC SLP094
CYAW,2020-12-16 10:00,-63.4994,44.6397,CYAW 161000Z 30015G20KT 15SM -SHSN BKN019 M10/M13 A3017 RMK SC6 DA-3179FT PCPN VRY LGT FST OBS SLP220
CYAW,2020-12-16 10:31,-63.4994,44.6397,CYAW 161031Z 30012G20KT 15SM -SHSN SCT016 M10/M12 A3017 RMK CU3 DA-3178FT PCPN VRY LGT SLP221
CYAW,2020-12-16 11:00,-63.4994,44.6397,CYAW 161100Z 31019G25KT 15SM -SHSN FEW014 M10/M13 A3018 RMK CU2 DA-3190FT PCPN VRY LGT SLP223
CYAW,2020-12-16 12:00,-63.4994,44.6397,CYAW 161200Z 30017G22KT 15SM -SHSN FEW015 FEW250 M09/M12 A3020 RMK SC2CI1 DA-3172FT PCPN VRY LGT SLP231
CYAW,2020-12-16 13:00,-63.4994,44.6397,CYAW 161300Z 30017G24KT 15SM -SHSN FEW014 FEW250 M08/M12 A3022 RMK SC2CI1 DA-3062FT PCPN VRY LGT SLP238
CYAW,2020-12-16 14:00,-63.4994,44.6397,CYAW 161400Z 29015G20KT 15SM -SHSN FEW013 FEW250 M07/M11 A3026 RMK SC1CI1 DA-2922FT PCPN VRY LGT SLP249
CYAW,2020-12-16 14:13,-63.4994,44.6397,CYAW 161413Z 29016G21KT 15SM FEW013 FEW250 M07/M11 A3027 RMK SC1CI1 DA-2894FT SLP252
CYAW,2020-12-16 15:00,-63.4994,44.6397,CYAW 161500Z 29014G19KT 15SM FEW013 M06/M12 A3025 RMK SC1 DA-2754FT SLP248
CYAW,2020-12-16 16:00,-63.4994,44.6397,CYAW 161600Z 29012KT 15SM FEW013 M04/M12 A3024 RMK SC1 DA-2547FT SLP244
CYAW,2020-12-16 17:00,-63.4994,44.6397,CYAW 161700Z 28015KT 15SM FEW013 M03/M12 A3025 RMK CU1 DA-2454FT SLP245
CYAW,2020-12-16 18:00,-63.4994,44.6397,CYAW 161800Z 28013G19KT 15SM FEW032 FEW250 M03/M12 A3024 RMK CU1CI1 DA-2392FT SLP244
CYAW,2020-12-16 19:00,-63.4994,44.6397,CYAW 161900Z 30011G16KT 15SM FEW035 FEW250 M03/M13 A3026 RMK CU1CI2 DA-2482FT SLP250
CYAW,2020-12-16 20:00,-63.4994,44.6397,CYAW 162000Z 31015KT 15SM FEW030 SCT250 M04/M13 A3027 RMK CU1CI4 DA-2586FT SLP255
CYAW,2020-12-16 21:00,-63.4994,44.6397,CYAW 162100Z 31011G16KT 15SM FEW032 FEW250 M06/M13 A3031 RMK CU1CI2 DA-2865FT SLP266
CYAW,2020-12-16 22:00,-63.4994,44.6397,CYAW 162200Z 31010G15KT 15SM SKC M07/M13 A3033 RMK DA-2994FT SLP275
CYAW,2020-12-16 22:30,-63.4994,44.6397,CYAW 162230Z 30012KT 15SM SKC M07/M13 A3033 RMK DA-3033FT LAST OBS/NEXT 171000 UTC SLP276
CYAW,2020-12-17 10:00,-63.4994,44.6397,CYAW 171000Z CCA 02006KT 15SM FEW200 M10/M13 A3030 RMK CI2 DA-3343FT FST OBS SLP263
CYAW,2020-12-17 11:00,-63.4994,44.6397,CYAW 171100Z 03008KT 15SM OVC150 M09/M11 A3027 RMK AS8 DA-3252FT SLP256
CYAW,2020-12-17 12:00,-63.4994,44.6397,CYAW 171200Z 04009KT 15SM FEW045 OVC150 M09/M11 A3022 RMK SC1AS7 DA-3112FT SLP236
CYAW,2020-12-17 13:00,-63.4994,44.6397,CYAW 171300Z 04010G16KT 15SM FEW010 FEW035 OVC100 M08/M10 A3015 RMK SF1SC1AS7 DA-2936FT PRESFR SLP213
CYAW,2020-12-17 14:00,-63.4994,44.6397,CYAW 171400Z 04010G16KT 15SM FEW010 FEW035 OVC081 M07/M09 A3017 RMK SF1SC2AS6 DA-2772FT SLP221
CYAW,2020-12-17 15:00,-63.4994,44.6397,CYAW 171500Z 05008G15KT 15SM FEW010 BKN016 OVC074 M06/M08 A3017 RMK SF1SC5AS3 DA-2638FT SLP218
CYAW,2020-12-17 15:20,-63.4994,44.6397,CYAW 171520Z 05010G17KT 15SM FEW010 BKN015 OVC050 M05/M08 A3015 RMK SF1SC6SC2 DA-2562FT PRESFR SLP212
CYAW,2020-12-17 15:47,-63.4994,44.6397,CYAW 171547Z 04012G17KT 8SM -SHSN FEW010 BKN015 OVC040 M05/M08 A3011 RMK SF1SC5SC2 DA-2462FT PRESFR SLP199
CYAW,2020-12-17 16:00,-63.4994,44.6397,CYAW 171600Z 04011G16KT 8SM -SHSN FEW010 SCT015 OVC055 M04/M07 A3011 RMK SF1SC4SC4 DA-2422FT PRESFR PCPN VRY LGT SLP198
CYAW,2020-12-17 16:37,-63.4994,44.6397,CYAW 171637Z 04012G17KT 5SM -SHSN FEW010 SCT015 OVC045 M04/M07 A3009 RMK SF1SC4SC4 DA-2360FT SLP191
CYAW,2020-12-17 16:53,-63.4994,44.6397,CYAW 171653Z 04013G19KT 3SM -SHSN BKN014 OVC025 M04/M07 A3007 RMK ST7SC1 DA-2284FT SLP186
CYAW,2020-12-17 17:00,-63.4994,44.6397,CYAW 171700Z 03012G18KT 1SM -SHSN OVC009 M04/M06 A3006 RMK ST8 DA-2257FT VIS VRB 3/4-1 1/2 SLP181
CYAW,2020-12-17 17:30,-63.4994,44.6397,CYAW 171730Z 02012G17KT 2 1/2SM -SN OVC015 M04/M06 A3004 RMK SC8 DA-2231FT SLP175
CYAW,2020-12-17 17:42,-63.4994,44.6397,CYAW 171742Z 04011G16KT 2SM -SN OVC015 M04/M06 A3002 RMK SC8 DA-2195FT VIS VRB 1-3 SLP170
CYAW,2020-12-17 18:00,-63.4994,44.6397,CYAW 171800Z 04016KT 2SM -SNPL OVC017 M03/M05 A3000 RMK NS8 DA-2157FT VIS VRB 1-3 SLP162
CYAW,2020-12-17 18:26,-63.4994,44.6397,CYAW 171826Z 04012G18KT 2SM -SN OVC014 M03/M05 A2999 RMK NS8 DA-2092FT VIS VRB 1-3 SLP160
CYAW,2020-12-17 18:39,-63.4994,44.6397,CYAW 171839Z 04016KT 2SM -SNPL DRSN OVC014 M03/M05 A2998 RMK NS8 DA-2066FT LAST OBS/NEXT 181200 UTC SLP157
CYAW,2020-12-23 12:00,-63.4994,44.6397,CYAW 231200Z 27011KT 15SM FEW004 BKN047 00/M01 A2992 RMK SF1SC5 DA-1543FT FST OBS SLP135
CYAW,2020-12-23 13:00,-63.4994,44.6397,CYAW 231300Z 30016G26KT 15SM FEW040 00/M05 A2997 RMK SC2 DA-1645FT SLP152
CYAW,2020-12-23 14:00,-63.4994,44.6397,CYAW 231400Z 31015G22KT 15SM BKN032 00/M05 A3003 RMK SC6 DA-1730FT PRESRR SLP173
CYAW,2020-12-23 14:32,-63.4994,44.6397,CYAW 231432Z 30024G31KT 15SM BKN033 00/M07 A3005 RMK SC5 DA-1772FT LAST OBS/NXT 061000 UTC SLP178
