station,valid,lon,lat,metar
CYAW,2025-01-06 11:00,-63.4994,44.6397,CYAW 061100Z 30015G22KT 15SM BKN017 BKN040 M07/M11 A2937 RMK SC5SC2 DENSITY ALT -1947FT FST OBS SLP949
CYAW,2025-01-06 12:00,-63.4994,44.6397,CYAW 061200Z 30017G23KT 15SM BKN016 BKN040 M07/M10 A2938 RMK SC6SC1 DENSITY ALT -1945FT SLP952
CYAW,2025-01-06 13:00,-63.4994,44.6397,CYAW 061300Z 29021G26KT 15SM BKN019 BKN035 M07/M11 A2939 RMK SC5SC2 DENSITY ALT -1904FT SLP955
CYAW,2025-01-06 14:00,-63.4994,44.6397,CYAW 061400Z 30021G29KT 15SM BKN018 BKN040 M05/M10 A2938 RMK SC5SC1 DENSITY ALT -1681FT SLP951
CYAW,2025-01-06 15:00,-63.4994,44.6397,CYAW 061500Z 30015G23KT 15SM SCT020 SCT040 M04/M09 A2937 RMK SC3SC1 DENSITY ALT -1513FT SLP950
CYAW,2025-01-06 16:00,-63.4994,44.6397,CYAW 061600Z 29016G21KT 15SM FEW020 SCT040 SCT080 M03/M09 A2936 RMK SC2SC1AC1 DENSITY ALT -1358FT SLP945
CYAW,2025-01-06 17:00,-63.4994,44.6397,CYAW 061700Z 30018KT 15SM SCT020 BKN040 BKN080 M02/M09 A2936 RMK SC3SC2AC1 DENSITY ALT -1268FT SLP946
CYAW,2025-01-06 18:00,-63.4994,44.6397,CYAW 061800Z 30017G24KT 15SM SCT020 BKN045 BKN080 M03/M09 A2937 RMK SC4SC2AC1 DENSITY ALT -1331FT SLP949
CYAW,2025-01-06 19:00,-63.4994,44.6397,CYAW 061900Z 31019KT 15SM FEW025 BKN045 BKN240 M03/M08 A2937 RMK SC2SC3CI2 DENSITY ALT -1356FT SLP948
CYAW,2025-01-06 20:00,-63.4994,44.6397,CYAW 062000Z 29015G21KT 15SM SCT040 BKN240 M04/M08 A2937 RMK SC3CI2 DENSITY ALT -1445FT LAST OBS /NEXT 071100 UTC SLP949
CYAW,2025-01-07 11:00,-63.4994,44.6397,CYAW 071100Z 31007KT 15SM SCT015 OVC050 M05/M07 A2922 RMK SC3SC5 DENSITY ALT -1458FT FST OBS SLP896
CYAW,2025-01-07 12:00,-63.4994,44.6397,CYAW 071200Z 32006KT 15SM FEW015 BKN050 M05/M07 A2920 RMK SC2SC5 DENSITY ALT -1382FT SLP890
CYAW,2025-01-07 13:00,-63.4994,44.6397,CYAW 071300Z 33008KT 15SM SCT013 BKN052 M04/M07 A2920 RMK SC3SC4 DENSITY ALT -1330FT SLP890
CYAW,2025-01-07 13:53,-63.4994,44.6397,CYAW 071353Z 33007KT 15SM BKN013 OVC050 M04/M07 A2920 RMK SC5SC3 DENSITY ALT -1289FT SLP889
CYAW,2025-01-07 14:00,-63.4994,44.6397,CYAW 071400Z 34005KT 15SM BKN013 OVC050 M04/M07 A2920 RMK SC6SC2 DENSITY ALT -1277FT SLP889
CYAW,2025-01-07 15:00,-63.4994,44.6397,CYAW 071500Z 31006KT 15SM BKN015 OVC034 M03/M06 A2920 RMK SC5SC3 DENSITY ALT -1135FT SLP889
CYAW,2025-01-07 15:53,-63.4994,44.6397,CYAW 071553Z 30006KT 8SM -SHSN SCT015 OVC032 M03/M05 A2917 RMK SC4SC4 DENSITY ALT -1068FT SLP881
CYAW,2025-01-07 16:00,-63.4994,44.6397,CYAW 071600Z 31006KT 8SM -SHSN BKN012 OVC030 M03/M05 A2917 RMK SC6SC2 DENSITY ALT -1079FT SLP880
CYAW,2025-01-07 17:00,-63.4994,44.6397,CYAW 071700Z 31009KT 8SM -SHSN OVC016 M02/M05 A2916 RMK SC8 DENSITY ALT -1017FT SLP876
CYAW,2025-01-07 17:13,-63.4994,44.6397,CYAW 071713Z 31008KT 8SM -FZDZ OVC017 M02/M05 A2915 RMK SC8 DENSITY ALT -1006FT SLP875
CYAW,2025-01-07 17:39,-63.4994,44.6397,CYAW 071739Z 30011KT 15SM BKN016 BKN032 M02/M05 A2915 RMK SC5SC2 DENSITY ALT -917FT SLP874
CYAW,2025-01-07 18:00,-63.4994,44.6397,CYAW 071800Z 32010KT 15SM OVC020 M01/M05 A2915 RMK SC8 DENSITY ALT -866FT SLP872
CYAW,2025-01-07 19:00,-63.4994,44.6397,CYAW 071900Z 33010KT 15SM SCT030 BKN065 OVC230 M02/M06 A2915 RMK SC3SC2CI3 DENSITY ALT -997FT SLP872
CYAW,2025-01-07 19:33,-63.4994,44.6397,CYAW 071933Z 31010KT 10SM -SHSN FEW025 BKN040 OVC230 M02/M06 A2915 RMK SC2SC4CI2 DENSITY ALT -957FT SLP874
CYAW,2025-01-07 20:00,-63.4994,44.6397,CYAW 072000Z 31010KT 12SM -SHSN SCT025 BKN040 OVC230 M02/M05 A2915 RMK SC3SC3CI2 DENSITY ALT -994FT LAST OBS /NEXT 081100 UTC SLP875
CYAW,2025-01-08 11:00,-63.4994,44.6397,CYAW 081100Z 29015G23KT 15SM OVC019 M02/M05 A2925 RMK SC8 DENSITY ALT -1061FT FST OBS SLP906
CYAW,2025-01-08 12:00,-63.4994,44.6397,CYAW 081200Z 28015G24KT 15SM OVC018 M02/M06 A2924 RMK SC8 DENSITY ALT -1090FT SLP904
CYAW,2025-01-08 13:00,-63.4994,44.6397,CYAW 081300Z 29015G24KT 15SM OVC022 M02/M06 A2924 RMK SC8 DENSITY ALT -1118FT SLP903
CYAW,2025-01-08 14:00,-63.4994,44.6397,CYAW 081400Z 29016G23KT 15SM BKN025 M02/M07 A2923 RMK SC7 DENSITY ALT -1094FT SLP902
CYAW,2025-01-08 15:00,-63.4994,44.6397,CYAW 081500Z 29015G22KT 15SM BKN022 M01/M07 A2921 RMK SC6 DENSITY ALT -982FT SLP894
CYAW,2025-01-08 16:00,-63.4994,44.6397,CYAW 081600Z 28021G28KT 15SM BKN024 M01/M08 A2918 RMK SC7 DENSITY ALT -873FT SLP885
CYAW,2025-01-08 17:00,-63.4994,44.6397,CYAW 081700Z 27017G22KT 15SM OVC023 M02/M07 A2915 RMK SC8 DENSITY ALT -925FT SLP875
CYAW,2025-01-08 18:00,-63.4994,44.6397,CYAW 081800Z 28016G26KT 15SM OVC024 M02/M08 A2914 RMK SC8 DENSITY ALT -993FT SLP871
CYAW,2025-01-08 19:00,-63.4994,44.6397,CYAW 081900Z 28016G23KT 15SM OVC025 M03/M08 A2914 RMK SC8 DENSITY ALT -1070FT SLP871
CYAW,2025-01-08 20:00,-63.4994,44.6397,CYAW 082000Z 29011G19KT 15SM OVC025 M03/M08 A2914 RMK SC8 DENSITY ALT -1134FT SLP871
CYAW,2025-01-08 21:00,-63.4994,44.6397,CYAW 082100Z 28015G21KT 15SM OVC025 M04/M08 A2914 RMK SC8 DENSITY ALT -1199FT SLP870
CYAW,2025-01-08 22:00,-63.4994,44.6397,CYAW 082200Z 27014G21KT 15SM BKN025 M04/M08 A2913 RMK SC7 DENSITY ALT -1226FT SLP868
CYAW,2025-01-08 22:37,-63.4994,44.6397,CYAW 082237Z 29015G22KT 15SM OVC025 M04/M09 A2912 RMK SC8 DENSITY ALT -1215FT LAST OBS /NEXT 091100 UTC SLP863
CYAW,2025-01-09 11:00,-63.4994,44.6397,CYAW 091100Z 28007KT 15SM BKN018 BKN060 M05/M07 A2903 RMK SC6SC1 DENSITY ALT -1192FT FST OBS SLP833
CYAW,2025-01-09 12:00,-63.4994,44.6397,CYAW 091200Z 28008KT 15SM FEW020 SCT060 BKN110 BKN160 M05/M07 A2904 RMK SC1SC2AC2AC2 DENSITY ALT -1178FT SLP835
CYAW,2025-01-09 12:49,-63.4994,44.6397,CYAW 091249Z 28009KT 10SM -SHSN BKN012 BKN110 M04/M07 A2904 RMK SC5AC2 DENSITY ALT -1139FT SLP835
CYAW,2025-01-09 13:00,-63.4994,44.6397,CYAW 091300Z 29007KT 10SM -SHSN BKN015 BKN110 BKN250 M04/M07 A2904 RMK SC5AC1CI1 DENSITY ALT -1138FT PCPN VRY LGT SLP837
CYAW,2025-01-09 13:35,-63.4994,44.6397,CYAW 091335Z 29010KT 15SM SCT020 BKN060 BKN250 M04/M06 A2904 RMK SC3SC2CI2 DENSITY ALT -1073FT SLP837
CYAW,2025-01-09 14:00,-63.4994,44.6397,CYAW 091400Z 29010KT 15SM -SHSN SCT015 SCT060 BKN250 M04/M06 A2904 RMK SC3SC1CI3 DENSITY ALT -1045FT PCPN VRY LGT SLP838
CYAW,2025-01-09 15:00,-63.4994,44.6397,CYAW 091500Z 30010KT 15SM -SHSN BKN015 BKN060 BKN250 M01/M04 A2904 RMK SC5SC1CI2 DENSITY ALT -717FT PCPN VRY LGT SLP835
CYAW,2025-01-09 16:00,-63.4994,44.6397,CYAW 091600Z 32011KT 15SM -SHSN BKN013 BKN030 00/M02 A2902 RMK SC5SC2 DENSITY ALT -495FT SLP830
CYAW,2025-01-09 17:00,-63.4994,44.6397,CYAW 091700Z 31009KT 15SM -SHSN OVC011 01/M02 A2901 RMK SC8 DENSITY ALT -469FT PCPN VRY LGT SLP826
CYAW,2025-01-09 18:00,-63.4994,44.6397,CYAW 091800Z 31010KT 15SM -SHSN OVC014 01/M02 A2901 RMK SC8 DENSITY ALT -380FT PCPN VRY LGT SLP824
CYAW,2025-01-09 19:00,-63.4994,44.6397,CYAW 091900Z 30011KT 15SM -SHSN BKN014 OVC025 01/M01 A2902 RMK SC6SC2 DENSITY ALT -389FT PCPN VRY LGT SLP828
CYAW,2025-01-09 20:00,-63.4994,44.6397,CYAW 092000Z CCA 29011KT 15SM BKN015 BKN035 OVC230 01/M01 A2902 RMK SC5SC2CI1 DENSITY ALT -376FT LAST OBS /NEXT 101100 UTC SLP830
CYAW,2025-01-10 11:00,-63.4994,44.6397,CYAW 101100Z 33018G27KT 15SM -SHRA OVC018 01/M01 A2923 RMK SC8 DENSITY ALT -608FT PCPN VRY LGT FST OBS SLP898
CYAW,2025-01-10 12:00,-63.4994,44.6397,CYAW 101200Z 33013G23KT 15SM BKN017 01/M01 A2926 RMK SC7 DENSITY ALT -656FT SLP909
CYAW,2025-01-10 12:40,-63.4994,44.6397,CYAW 101240Z 34016G23KT 12SM -SHRASN BKN017 OVC048 01/M01 A2928 RMK SC6SC2 DENSITY ALT -692FT SLP917
CYAW,2025-01-10 13:00,-63.4994,44.6397,CYAW 101300Z 33014G23KT 12SM -SHRASN BKN015 BKN048 01/M01 A2929 RMK SC6SC1 DENSITY ALT -704FT VIS LWR N QUAD SLP919
CYAW,2025-01-10 13:35,-63.4994,44.6397,CYAW 101335Z 34014G20KT 7SM -SHSN BKN015 OVC035 01/M00 A2931 RMK SC6SC2 DENSITY ALT -700FT SLP925
CYAW,2025-01-10 14:00,-63.4994,44.6397,CYAW 101400Z 34014G22KT 7SM -SHSN BKN015 OVC032 02/M01 A2931 RMK SC6SC2 DENSITY ALT -689FT SLP928
CYAW,2025-01-10 15:00,-63.4994,44.6397,CYAW 101500Z 34014G20KT 7SM -SHSN BKN018 OVC031 02/M01 A2933 RMK SC6SC2 DENSITY ALT -712FT SLP935
CYAW,2025-01-10 16:00,-63.4994,44.6397,CYAW 101600Z 35018G26KT 15SM OVC019 02/M02 A2931 RMK SC8 DENSITY ALT -620FT SLP928
CYAW,2025-01-10 16:52,-63.4994,44.6397,CYAW 101652Z 34021G30KT 15SM -SHSN OVC021 02/M02 A2933 RMK SC8 DENSITY ALT -620FT SLP933
CYAW,2025-01-10 17:00,-63.4994,44.6397,CYAW 101700Z 34020G32KT 15SM -SHSN OVC021 02/M02 A2932 RMK SC8 DENSITY ALT -594FT PCPN VRY LGT SLP931
CYAW,2025-01-10 18:00,-63.4994,44.6397,CYAW 101800Z 34020G27KT 12SM -SHSN OVC020 02/M02 A2935 RMK SC8 DENSITY ALT -692FT SLP942
CYAW,2025-01-10 18:40,-63.4994,44.6397,CYAW 101840Z 33016KT 4SM -SHSN OVC012 01/M01 A2939 RMK SF8 DENSITY ALT -846FT CIG VRB 9-15 SLP954
CYAW,2025-01-10 19:00,-63.4994,44.6397,CYAW 101900Z 34011G17KT 4SM -SHSN OVC012 01/M00 A2940 RMK SF8 DENSITY ALT -894FT CIG VRB 9-15 SLP957
CYAW,2025-01-10 19:16,-63.4994,44.6397,CYAW 101916Z 34011G18KT 3SM -SHSN OVC012 01/M00 A2941 RMK SF8 DENSITY ALT -906FT CIG VRB 9-15 SLP960
CYAW,2025-01-10 19:20,-63.4994,44.6397,CYAW 101920Z 34013G20KT 8SM -SHSN BKN012 OVC020 01/M01 A2941 RMK SF6SC2 DENSITY ALT -895FT VIS LWR W QUAD PCPN VRY LGT SLP961
CYAW,2025-01-10 19:39,-63.4994,44.6397,CYAW 101939Z 34013G18KT 10SM BKN012 OVC020 01/M01 A2942 RMK SF6SC2 DENSITY ALT -882FT SLP965
CYAW,2025-01-10 20:00,-63.4994,44.6397,CYAW 102000Z 34014G20KT 12SM SCT012 OVC020 01/M01 A2944 RMK SF3SC5 DENSITY ALT -894FT SLP970
CYAW,2025-01-10 21:00,-63.4994,44.6397,CYAW 102100Z 35015G21KT 15SM SCT015 OVC030 01/M02 A2947 RMK SF3SC5 DENSITY ALT -909FT SLP982
CYAW,2025-01-10 22:00,-63.4994,44.6397,CYAW 102200Z 34014G22KT 12SM OVC025 01/M02 A2950 RMK SC8 DENSITY ALT -944FT SLP992
CYAW,2025-01-10 22:49,-63.4994,44.6397,CYAW 102249Z CCA 35012G21KT 15SM -SHRA FEW015 OVC025 01/M01 A2952 RMK SF2SC6 DENSITY ALT -1051FT PCPN VRY LGT SLP998
CYAW,2025-01-10 23:00,-63.4994,44.6397,CYAW 102300Z 34014G23KT 12SM -SHRA FEW015 OVC025 01/M01 A2952 RMK SF2SC6 DENSITY ALT -1014FT SLP000
CYAW,2025-01-10 23:23,-63.4994,44.6397,CYAW 102323Z 33015KT 12SM -SHRA FEW015 OVC025 01/M01 A2954 RMK SF2SC6 DENSITY ALT -1039FT PCPN VRY LGT LAST OBS /NEXT 120900 UTC SLP005
CYAW,2025-01-12 09:00,-63.4994,44.6397,CYAW 120900Z 01009G15KT 15SM OVC013 M01/M04 A2953 RMK SC8 DENSITY ALT -1333FT FST OBS SLP002
CYAW,2025-01-12 10:00,-63.4994,44.6397,CYAW 121000Z 01012G20KT 15SM OVC013 M02/M04 A2955 RMK SC8 DENSITY ALT -1409FT SLP007
CYAW,2025-01-12 11:00,-63.4994,44.6397,CYAW 121100Z 01013G21KT 15SM OVC013 M02/M04 A2957 RMK SC8 DENSITY ALT -1407FT SLP014
CYAW,2025-01-12 12:00,-63.4994,44.6397,CYAW 121200Z 02016G21KT 15SM BKN015 OVC250 M02/M05 A2960 RMK SC7CI1 DENSITY ALT -1444FT SLP024
CYAW,2025-01-12 13:00,-63.4994,44.6397,CYAW 121300Z 02012G24KT 15SM BKN015 OVC250 M01/M04 A2963 RMK SC7CI1 DENSITY ALT -1413FT SLP037
CYAW,2025-01-12 14:00,-63.4994,44.6397,CYAW 121400Z 36015G20KT 15SM OVC015 M01/M04 A2967 RMK SC8 DENSITY ALT -1421FT LAST OBS /NEXT 131100 UTC SLP048
CYAW,2025-01-13 11:00,-63.4994,44.6397,CYAW 131100Z 34003KT 15SM -SHSN OVC015 M03/M06 A2991 RMK SF8 DENSITY ALT -2043FT PCPN VRY LGT FST OBS SLP132
CYAW,2025-01-13 11:27,-63.4994,44.6397,CYAW 131127Z CCA 31006KT 15SM -FZDZ OVC015 M03/M06 A2991 RMK SC8 DENSITY ALT -2057FT PCPN VRY LGT SLP131
CYAW,2025-01-13 12:00,-63.4994,44.6397,CYAW 131200Z 31006KT 15SM -FZDZ OVC015 M04/M06 A2992 RMK SC8 DENSITY ALT -2081FT PCPN VRY LGT SLP133
CYAW,2025-01-13 12:45,-63.4994,44.6397,CYAW 131245Z 02002KT 15SM OVC017 M04/M07 A2992 RMK SC8 DENSITY ALT -2084FT SLP133
CYAW,2025-01-13 13:00,-63.4994,44.6397,CYAW 131300Z 01004KT 15SM OVC017 M03/M07 A2992 RMK SC8 DENSITY ALT -2045FT SLP134
CYAW,2025-01-13 13:52,-63.4994,44.6397,CYAW 131352Z CCA 32004KT 15SM -SHSN OVC015 M03/M07 A2993 RMK SC8 DENSITY ALT -2056FT SLP138
CYAW,2025-01-13 14:00,-63.4994,44.6397,CYAW 131400Z 34005KT 15SM -SHSN OVC015 M03/M07 A2993 RMK SC8 DENSITY ALT -2056FT PCPN VRY LGT SLP138
CYAW,2025-01-13 15:00,-63.4994,44.6397,CYAW 131500Z 32004KT 15SM -SHSN OVC015 M03/M07 A2990 RMK SC8 DENSITY ALT -2008FT PCPN VRY LGT SLP128
CYAW,2025-01-13 16:00,-63.4994,44.6397,CYAW 131600Z 30006KT 15SM -SG OVC014 M03/M06 A2987 RMK SC8 DENSITY ALT -1972FT PCPN VRY LGT SLP117
CYAW,2025-01-13 16:36,-63.4994,44.6397,CYAW 131636Z 31006KT 15SM OVC014 M03/M06 A2985 RMK SC8 DENSITY ALT -1962FT SLP111
CYAW,2025-01-13 17:00,-63.4994,44.6397,CYAW 131700Z 32003KT 15SM OVC017 M03/M07 A2984 RMK SC8 DENSITY ALT -1926FT SLP106
CYAW,2025-01-13 18:00,-63.4994,44.6397,CYAW 131800Z 31007KT 15SM OVC020 M02/M07 A2982 RMK SC8 DENSITY ALT -1825FT SLP102
CYAW,2025-01-13 19:00,-63.4994,44.6397,CYAW 131900Z 30006KT 15SM OVC022 M02/M07 A2982 RMK SC8 DENSITY ALT -1800FT SLP101
CYAW,2025-01-13 19:49,-63.4994,44.6397,CYAW 131949Z 30006KT 5SM -SHSN OVC020 M02/M06 A2982 RMK SC8 DENSITY ALT -1798FT SLP101
CYAW,2025-01-13 20:00,-63.4994,44.6397,CYAW 132000Z CCA 27005KT 5SM -SHSN OVC022 M02/M06 A2982 RMK SC8 DENSITY ALT -1809FT LAST OBS /NEXT 141100 UTC SLP100
CYAW,2025-01-14 11:00,-63.4994,44.6397,CYAW 141100Z 30003KT 15SM FEW012 OVC098 M04/M07 A2969 RMK CF1AC8 DENSITY ALT -1828FT FST OBS SLP058
CYAW,2025-01-14 12:00,-63.4994,44.6397,CYAW 141200Z 32005KT 15SM FEW026 FEW085 OVC100 M04/M07 A2970 RMK SC1AC1AC7 DENSITY ALT -1866FT SLP061
CYAW,2025-01-14 13:00,-63.4994,44.6397,CYAW 141300Z 32003KT 15SM FEW035 OVC100 M04/M07 A2970 RMK SC1AC8 DENSITY ALT -1828FT SLP060
CYAW,2025-01-14 14:00,-63.4994,44.6397,CYAW 141400Z 36005KT 15SM FEW050 OVC100 M03/M07 A2969 RMK SC2AC6 DENSITY ALT -1727FT SLP058
CYAW,2025-01-14 15:00,-63.4994,44.6397,CYAW 141500Z 36006KT 15SM SCT050 OVC100 M02/M07 A2968 RMK SC3AC5 DENSITY ALT -1600FT SLP055
CYAW,2025-01-14 16:00,-63.4994,44.6397,CYAW 141600Z 29005KT 15SM FEW055 BKN110 M01/M08 A2966 RMK SC1AC7 DENSITY ALT -1501FT SLP047
CYAW,2025-01-14 17:00,-63.4994,44.6397,CYAW 141700Z 31007KT 15SM FEW030 BKN055 BKN110 M01/M08 A2963 RMK SC1SC4AC2 DENSITY ALT -1377FT SLP036
CYAW,2025-01-14 18:00,-63.4994,44.6397,CYAW 141800Z 31005KT 15SM FEW030 BKN140 M01/M07 A2962 RMK SC1AC6 DENSITY ALT -1351FT SLP034
CYAW,2025-01-14 19:00,-63.4994,44.6397,CYAW 141900Z 30006KT 15SM FEW030 SCT050 BKN130 M00/M07 A2961 RMK SC1SC3AC3 DENSITY ALT -1275FT SLP031
CYAW,2025-01-14 20:00,-63.4994,44.6397,CYAW 142000Z 33007KT 15SM BKN035 BKN130 M00/M07 A2962 RMK SC5AC2 DENSITY ALT -1286FT SLP033
CYAW,2025-01-14 21:00,-63.4994,44.6397,CYAW 142100Z 32004KT 15SM BKN033 M00/M06 A2962 RMK SC7 DENSITY ALT -1334FT SLP031
CYAW,2025-01-14 22:00,-63.4994,44.6397,CYAW 142200Z 02003KT 15SM BKN039 M01/M06 A2961 RMK SC6 DENSITY ALT -1412FT SLP029
CYAW,2025-01-14 23:00,-63.4994,44.6397,CYAW 142300Z 02003KT 15SM OVC040 M01/M06 A2961 RMK SC8 DENSITY ALT -1424FT LAST OBS /NEXT 150900 UTC SLP030
CYAW,2025-01-15 09:00,-63.4994,44.6397,CYAW 150900Z 33006KT 15SM -SN OVC039 M05/M06 A2958 RMK SC8 DENSITY ALT -1826FT FST OBS SLP017
CYAW,2025-01-15 10:00,-63.4994,44.6397,CYAW 151000Z 33007KT 15SM -SN OVC035 M05/M06 A2958 RMK SC8 DENSITY ALT -1813FT SLP020
CYAW,2025-01-15 11:00,-63.4994,44.6397,CYAW 151100Z 33007KT 6SM -SN OVC033 M05/M06 A2959 RMK SC8 DENSITY ALT -1836FT SLP023
CYAW,2025-01-15 12:00,-63.4994,44.6397,CYAW 151200Z 32006KT 8SM -SN FEW035 BKN070 BKN230 M05/M06 A2960 RMK SC1AC4CI2 DENSITY ALT -1889FT PCPN VRY LGT SLP026
CYAW,2025-01-15 12:25,-63.4994,44.6397,CYAW 151225Z 33007KT 12SM FEW035 SCT070 BKN230 M05/M06 A2960 RMK SC1AC2CI4 DENSITY ALT -1876FT SLP028
CYAW,2025-01-15 13:00,-63.4994,44.6397,CYAW 151300Z 33009KT 15SM FEW008 FEW035 FEW110 BKN230 M04/M06 A2961 RMK CF1SC1AC1CI4 DENSITY ALT -1784FT SLP030
CYAW,2025-01-15 14:00,-63.4994,44.6397,CYAW 151400Z 32012G17KT 15SM FEW012 SCT230 M03/M06 A2962 RMK CF1CI3 DENSITY ALT -1654FT SLP033
CYAW,2025-01-15 15:00,-63.4994,44.6397,CYAW 151500Z 34011G17KT 15SM SCT016 BKN230 M02/M06 A2963 RMK SC3CI3 DENSITY ALT -1484FT SLP035
CYAW,2025-01-15 16:00,-63.4994,44.6397,CYAW 151600Z 32013G19KT 15SM -SHSN BKN020 BKN230 M01/M06 A2960 RMK CU5CI1 DENSITY ALT -1410FT PCPN VRY LGT SLP028
CYAW,2025-01-15 17:00,-63.4994,44.6397,CYAW 151700Z 33014KT 15SM -SHSN OVC022 M02/M06 A2959 RMK SC8 DENSITY ALT -1464FT SLP023
CYAW,2025-01-15 18:00,-63.4994,44.6397,CYAW 151800Z 33015KT 15SM -SHSN BKN023 M01/M06 A2959 RMK SC7 DENSITY ALT -1388FT PCPN VRY LGT SLP023
CYAW,2025-01-15 19:00,-63.4994,44.6397,CYAW 151900Z 33015G21KT 15SM BKN023 M01/M07 A2960 RMK SC7 DENSITY ALT -1401FT SLP028
CYAW,2025-01-15 20:00,-63.4994,44.6397,CYAW 152000Z 34016G23KT 15SM OVC022 M02/M06 A2963 RMK SC8 DENSITY ALT -1486FT SLP035
CYAW,2025-01-15 21:00,-63.4994,44.6397,CYAW 152100Z 34012G19KT 15SM BKN022 BKN130 M02/M06 A2965 RMK SC5AC2 DENSITY ALT -1599FT SLP043
CYAW,2025-01-15 21:47,-63.4994,44.6397,CYAW 152147Z 34013G22KT 15SM -SHSN BKN017 BKN120 M03/M06 A2967 RMK SC5AC1 DENSITY ALT -1698FT SLP049
CYAW,2025-01-15 22:00,-63.4994,44.6397,CYAW 152200Z 33014G21KT 15SM -SHSN SCT030 BKN120 M03/M06 A2968 RMK SC3AC2 DENSITY ALT -1734FT SLP052
CYAW,2025-01-15 23:00,-63.4994,44.6397,CYAW 152300Z 34013G21KT 15SM -SHSN BKN018 BKN030 M03/M05 A2970 RMK SC5SC1 DENSITY ALT -1705FT SLP060
CYAW,2025-01-15 23:29,-63.4994,44.6397,CYAW 152329Z 35012G17KT 15SM OVC021 M03/M05 A2972 RMK SC8 DENSITY ALT -1715FT SLP067
CYAW,2025-01-15 23:39,-63.4994,44.6397,CYAW 152339Z 35014G19KT 15SM OVC024 M02/M05 A2972 RMK SC8 DENSITY ALT -1703FT LAST OBS /NEXT 161100 UTC SLP068
CYAW,2025-01-16 11:00,-63.4994,44.6397,CYAW 161100Z 36004KT 15SM BKN022 M06/M10 A2985 RMK SC7 DENSITY ALT -2324FT FST OBS SLP110
CYAW,2025-01-16 12:00,-63.4994,44.6397,CYAW 161200Z 36003KT 15SM BKN022 M06/M10 A2986 RMK SC7 DENSITY ALT -2297FT SLP115
CYAW,2025-01-16 12:14,-63.4994,44.6397,CYAW 161214Z 35005KT 15SM -SHSN BKN022 M06/M10 A2986 RMK SC7 DENSITY ALT -2297FT PCPN VRY LGT SLP114
CYAW,2025-01-16 13:00,-63.4994,44.6397,CYAW 161300Z 36003KT 15SM -SHSN BKN022 M05/M09 A2987 RMK SC7 DENSITY ALT -2282FT PCPN VRY LGT SLP118
CYAW,2025-01-16 14:00,-63.4994,44.6397,CYAW 161400Z 32007KT 15SM -SHSN OVC022 M05/M09 A2987 RMK SC8 DENSITY ALT -2229FT PCPN VRY LGT SLP119
CYAW,2025-01-16 15:00,-63.4994,44.6397,CYAW 161500Z 29004KT 15SM -SHSN OVC020 M05/M09 A2987 RMK SC8 DENSITY ALT -2228FT SLP118
CYAW,2025-01-16 16:00,-63.4994,44.6397,CYAW 161600Z 26004KT 15SM -SHSN OVC021 M05/M10 A2986 RMK SC8 DENSITY ALT -2192FT SLP113
CYAW,2025-01-16 17:00,-63.4994,44.6397,CYAW 161700Z 28005KT 15SM -SHSN OVC023 M05/M10 A2983 RMK SC8 DENSITY ALT -2145FT SLP104
CYAW,2025-01-16 18:00,-63.4994,44.6397,CYAW 161800Z 27004KT 15SM -SHSN OVC024 M05/M09 A2982 RMK SC8 DENSITY ALT -2145FT PCPN VRY LGT SLP100
CYAW,2025-01-16 19:00,-63.4994,44.6397,CYAW 161900Z 29003KT 15SM -SHSN OVC021 M05/M10 A2982 RMK SC8 DENSITY ALT -2158FT SLP100
CYAW,2025-01-16 20:00,-63.4994,44.6397,CYAW 162000Z 34002KT 15SM -SHSN OVC020 M05/M09 A2983 RMK SC8 DENSITY ALT -2182FT PCPN VRY LGT SLP105
CYAW,2025-01-16 21:00,-63.4994,44.6397,CYAW 162100Z 00000KT 15SM -SHSN OVC022 M05/M10 A2984 RMK SC8 DENSITY ALT -2195FT PCPN VRY LGT SLP108
CYAW,2025-01-16 22:00,-63.4994,44.6397,CYAW 162200Z 28003KT 15SM -SHSN OVC020 M05/M09 A2985 RMK SC8 DENSITY ALT -2219FT SLP111
CYAW,2025-01-16 22:38,-63.4994,44.6397,CYAW 162238Z 27005KT 15SM -SHSN OVC022 M05/M10 A2985 RMK SC8 DENSITY ALT -2233FT LAST OBS /NEXT 171100 UTC SLP112
CYAW,2025-01-17 11:00,-63.4994,44.6397,CYAW 171100Z 02002KT 15SM FEW120 BKN240 M11/M13 A2990 RMK AC1CI4 DENSITY ALT -3080FT FST OBS SLP128
CYAW,2025-01-17 12:00,-63.4994,44.6397,CYAW 171200Z 01003KT 15SM FEW120 BKN240 M11/M12 A2990 RMK AC1CI7 DENSITY ALT -3038FT SLP130
CYAW,2025-01-17 13:00,-63.4994,44.6397,CYAW 171300Z 01002KT 15SM FEW020 FEW120 BKN240 M09/M10 A2993 RMK CF1AC1CI7 DENSITY ALT -2762FT SLP138
CYAW,2025-01-17 14:00,-63.4994,44.6397,CYAW 171400Z 32004KT 15SM FEW020 FEW045 SCT120 BKN240 M06/M09 A2995 RMK CF1SC2AC1CI4 DENSITY ALT -2452FT SLP144
CYAW,2025-01-17 15:00,-63.4994,44.6397,CYAW 171500Z 28005KT 15SM FEW020 FEW045 SCT120 BKN240 M04/M10 A2996 RMK CF1SC2AC2CI3 DENSITY ALT -2231FT SLP149
CYAW,2025-01-17 16:00,-63.4994,44.6397,CYAW 171600Z 32008KT 15SM FEW025 FEW045 FEW120 BKN240 M04/M09 A2995 RMK CU1SC1AC1CI5 DENSITY ALT -2127FT SLP145
CYAW,2025-01-17 17:00,-63.4994,44.6397,CYAW 171700Z 30008G15KT 15SM FEW035 BKN250 M03/M10 A2994 RMK CU2CI4 DENSITY ALT -2026FT SLP141
CYAW,2025-01-17 18:00,-63.4994,44.6397,CYAW 171800Z 32008KT 15SM BKN035 BKN250 M03/M10 A2993 RMK CU5CI2 DENSITY ALT -1978FT SLP137
CYAW,2025-01-17 18:33,-63.4994,44.6397,CYAW 171833Z 29009KT 15SM -SHSN BKN032 M03/M10 A2994 RMK CU7 DENSITY ALT -2028FT SLP140
CYAW,2025-01-17 19:00,-63.4994,44.6397,CYAW 171900Z 30008KT 15SM -SHSN BKN028 M04/M10 A2995 RMK CU7 DENSITY ALT -2130FT SLP145
CYAW,2025-01-17 20:00,-63.4994,44.6397,CYAW 172000Z 31012KT 15SM BKN035 BKN046 M04/M11 A2998 RMK CU5SC2 DENSITY ALT -2194FT SLP154
CYAW,2025-01-17 20:45,-63.4994,44.6397,CYAW 172045Z CCA 32007KT 15SM -SHSN BKN046 M04/M12 A3000 RMK SC7 DENSITY ALT -2257FT SLP161
CYAW,2025-01-17 21:00,-63.4994,44.6397,CYAW 172100Z 33008KT 15SM FEW036 BKN045 M04/M12 A3000 RMK SC2SC4 DENSITY ALT -2296FT SLP163
CYAW,2025-01-17 22:00,-63.4994,44.6397,CYAW 172200Z 35003KT 15SM BKN040 BKN250 M05/M11 A3002 RMK SC6CI1 DENSITY ALT -2421FT SLP169
CYAW,2025-01-17 22:43,-63.4994,44.6397,CYAW 172243Z 32007KT 15SM FEW040 M05/M11 A3004 RMK SC2 DENSITY ALT -2458FT LAST OBS /NEXT 201100 UTC SLP175
CYAW,2025-01-20 11:00,-63.4994,44.6397,CYAW 201100Z 23016G23KT 3/4SM -DZ BR OVC002 06/05 A2920 RMK SF8 DENSITY ALT 29FT VIS VRB 1/2-1 FST OBS SLP890
CYAW,2025-01-20 11:18,-63.4994,44.6397,CYAW 201118Z 23021G31KT 3/4SM BR OVC003 06/05 A2920 RMK SF8 DENSITY ALT 16FT VIS VRB 1/2-1 SLP890
CYAW,2025-01-20 11:41,-63.4994,44.6397,CYAW 201141Z 25015G25KT 4SM BR BKN004 OVC010 05/05 A2923 RMK SF7SC1 DENSITY ALT -84FT SLP901
CYAW,2025-01-20 12:00,-63.4994,44.6397,CYAW 201200Z 32013G21KT 4SM BR BKN004 OVC015 02/01 A2927 RMK SF5SC3 DENSITY ALT -605FT VIS VRB 3-5 PRESRR SLP914
CYAW,2025-01-20 12:15,-63.4994,44.6397,CYAW 201215Z 31015KT 4SM BR BKN008 OVC015 02/01 A2929 RMK SF5SC3 DENSITY ALT -643FT PRESRR SLP920
CYAW,2025-01-20 13:00,-63.4994,44.6397,CYAW 201300Z 31017G25KT 8SM SCT008 BKN013 OVC020 01/M00 A2937 RMK SF4SC3SC1 DENSITY ALT -769FT PRESRR SLP947
CYAW,2025-01-20 13:50,-63.4994,44.6397,CYAW 201350Z 32015G23KT 15SM -SHSN FEW008 BKN015 BKN030 01/M02 A2944 RMK SF2SC4SC1 DENSITY ALT -948FT PRESRR PCPN VRY LGT SLP970
CYAW,2025-01-20 14:00,-63.4994,44.6397,CYAW 201400Z 34018G25KT 15SM -SHSN FEW008 BKN015 BKN030 00/M03 A2946 RMK SF1SC5SC1 DENSITY ALT -1042FT PRESRR SLP978
CYAW,2025-01-20 14:44,-63.4994,44.6397,CYAW 201444Z 31015G21KT 15SM BKN015 BKN030 00/M03 A2954 RMK SC6SC1 DENSITY ALT -1160FT PRESRR SLP003
CYAW,2025-01-20 15:00,-63.4994,44.6397,CYAW 201500Z 31016G22KT 15SM BKN015 OVC030 M00/M03 A2956 RMK SC6SC2 DENSITY ALT -1211FT PRESRR SLP011
CYAW,2025-01-20 16:00,-63.4994,44.6397,CYAW 201600Z 31014KT 15SM BKN015 OVC030 M01/M03 A2961 RMK SC7SC1 DENSITY ALT -1347FT SLP028
CYAW,2025-01-20 17:00,-63.4994,44.6397,CYAW 201700Z 29012G20KT 15SM BKN016 OVC030 M00/M04 A2965 RMK SC7SC1 DENSITY ALT -1359FT SLP042
CYAW,2025-01-20 18:00,-63.4994,44.6397,CYAW 201800Z 29016KT 15SM BKN021 M00/M04 A2969 RMK SC7 DENSITY ALT -1396FT SLP057
CYAW,2025-01-20 19:00,-63.4994,44.6397,CYAW 201900Z 27012G20KT 15SM OVC020 M01/M05 A2972 RMK SC8 DENSITY ALT -1508FT SLP066
CYAW,2025-01-20 20:00,-63.4994,44.6397,CYAW 202000Z 29014G21KT 15SM BKN021 M02/M06 A2977 RMK SC7 DENSITY ALT -1688FT SLP083
CYAW,2025-01-20 21:00,-63.4994,44.6397,CYAW 202100Z 27017G24KT 15SM BKN022 M03/M07 A2983 RMK SC7 DENSITY ALT -1865FT SLP103
CYAW,2025-01-20 22:00,-63.4994,44.6397,CYAW 202200Z 29020G25KT 15SM BKN022 M04/M09 A2989 RMK SC6 DENSITY ALT -2121FT PRESRR SLP124
CYAW,2025-01-20 23:00,-63.4994,44.6397,CYAW 202300Z 28021G26KT 15SM BKN023 M05/M10 A2993 RMK SC6 DENSITY ALT -2300FT SLP139
CYAW,2025-01-20 23:11,-63.4994,44.6397,CYAW 202311Z 29016G23KT 15SM -SHSN BKN022 M05/M10 A2994 RMK SC7 DENSITY ALT -2298FT SLP142
CYAW,2025-01-21 00:00,-63.4994,44.6397,CYAW 210000Z 29020G27KT 12SM -SHSN BKN024 M06/M11 A2998 RMK SC6 DENSITY ALT -2453FT SLP154
CYAW,2025-01-21 00:26,-63.4994,44.6397,CYAW 210026Z 30018G24KT 15SM BKN024 M06/M11 A3000 RMK SC6 DENSITY ALT -2490FT SLP161
CYAW,2025-01-21 01:00,-63.4994,44.6397,CYAW 210100Z 30013G23KT 15SM SCT025 M06/M11 A3002 RMK SC4 DENSITY ALT -2579FT SLP169
CYAW,2025-01-21 02:00,-63.4994,44.6397,CYAW 210200Z 30015KT 15SM SCT024 M07/M12 A3005 RMK SC4 DENSITY ALT -2693FT SLP178
CYAW,2025-01-21 02:39,-63.4994,44.6397,CYAW 210239Z 28013KT 15SM SCT024 M07/M11 A3007 RMK SC4 DENSITY ALT -2742FT LAST OBS /NEXT 211100 UTC SLP187
CYAW,2025-01-21 11:00,-63.4994,44.6397,CYAW 211100Z 28014G20KT 15SM SCT020 M13/M18 A3038 RMK CU3 DENSITY ALT -3959FT FST OBS SLP290
CYAW,2025-01-21 12:00,-63.4994,44.6397,CYAW 211200Z 29014KT 15SM FEW020 M13/M18 A3039 RMK SC1 DENSITY ALT -3957FT SLP294
CYAW,2025-01-21 13:00,-63.4994,44.6397,CYAW 211300Z 28011KT 15SM FEW020 M13/M17 A3043 RMK SC1 DENSITY ALT -3907FT SLP309
CYAW,2025-01-21 14:00,-63.4994,44.6397,CYAW 211400Z 31014KT 15SM FEW020 M11/M18 A3046 RMK CF1 DENSITY ALT -3766FT SLP317
CYAW,2025-01-21 15:00,-63.4994,44.6397,CYAW 211500Z 29010KT 15SM FEW020 FEW230 M10/M17 A3046 RMK CF1CI1 DENSITY ALT -3578FT SLP318
CYAW,2025-01-21 16:00,-63.4994,44.6397,CYAW 211600Z 28004KT 15SM FEW020 FEW230 M09/M17 A3044 RMK CF1CI1 DENSITY ALT -3394FT SLP310
CYAW,2025-01-21 17:00,-63.4994,44.6397,CYAW 211700Z 22003KT 15SM FEW025 FEW067 SCT250 M08/M19 A3040 RMK CF1AC2CI2 DENSITY ALT -3231FT SLP298
CYAW,2025-01-21 18:00,-63.4994,44.6397,CYAW 211800Z 25005KT 15SM FEW025 BKN057 BKN250 M07/M17 A3037 RMK CF1SC5CI1 DENSITY ALT -3062FT SLP287
CYAW,2025-01-21 19:00,-63.4994,44.6397,CYAW 211900Z 26011KT 15SM FEW025 SCT045 BKN070 M07/M17 A3038 RMK CF1SC3AC3 DENSITY ALT -3125FT SLP290
CYAW,2025-01-21 20:00,-63.4994,44.6397,CYAW 212000Z CCA 21007KT 15SM FEW025 SCT045 BKN230 M08/M14 A3036 RMK CF1SC4CI2 DENSITY ALT -3177FT LAST OBS /NEXT 221000 UTC SLP284
CYAW,2025-01-22 10:00,-63.4994,44.6397,CYAW 221000Z 02008KT 3SM -SN OVC020 M12/M15 A3035 RMK SN3SC5 DENSITY ALT -3675FT FST OBS SLP282
CYAW,2025-01-22 11:00,-63.4994,44.6397,CYAW 221100Z 36012G17KT 6SM -SN BKN020 BKN050 BKN130 M12/M18 A3034 RMK SC5SC1AC1 DENSITY ALT -3735FT PCPN VRY LGT SLP277
CYAW,2025-01-22 11:17,-63.4994,44.6397,CYAW 221117Z 01010G17KT 12SM BKN025 BKN050 OVC130 M12/M18 A3035 RMK SC5SC2AC1 DENSITY ALT -3762FT SLP281
CYAW,2025-01-22 12:00,-63.4994,44.6397,CYAW 221200Z 36013KT 15SM FEW020 FEW150 SCT240 M13/M21 A3036 RMK CF1AC1CI3 DENSITY ALT -3899FT SLP286
CYAW,2025-01-22 13:00,-63.4994,44.6397,CYAW 221300Z 36007KT 15SM FEW020 FEW150 FEW240 M14/M22 A3037 RMK CF1AC1CI1 DENSITY ALT -4006FT SLP288
CYAW,2025-01-22 14:00,-63.4994,44.6397,CYAW 221400Z 01012G17KT 15SM FEW020 FEW150 FEW240 M12/M23 A3037 RMK CF1AC1CI1 DENSITY ALT -3723FT SLP287
CYAW,2025-01-22 15:00,-63.4994,44.6397,CYAW 221500Z 35011G20KT 15SM FEW020 FEW150 FEW240 M10/M23 A3036 RMK CF1AC1CI1 DENSITY ALT -3510FT SLP285
CYAW,2025-01-22 16:00,-63.4994,44.6397,CYAW 221600Z 36014G20KT 15SM FEW020 FEW240 M10/M22 A3034 RMK CF1CI1 DENSITY ALT -3405FT SLP279
CYAW,2025-01-22 17:00,-63.4994,44.6397,CYAW 221700Z 34014G24KT 15SM FEW020 FEW240 M09/M22 A3030 RMK CF1CI1 DENSITY ALT -3306FT SLP266
CYAW,2025-01-22 18:00,-63.4994,44.6397,CYAW 221800Z 34013G24KT 15SM FEW020 FEW240 M09/M22 A3030 RMK CF1CI1 DENSITY ALT -3279FT SLP266
CYAW,2025-01-22 19:00,-63.4994,44.6397,CYAW 221900Z 35014G25KT 15SM FEW020 FEW240 M09/M22 A3030 RMK CF1CI1 DENSITY ALT -3332FT SLP266
CYAW,2025-01-22 20:00,-63.4994,44.6397,CYAW 222000Z 33017G22KT 15SM FEW020 FEW240 M10/M22 A3033 RMK CF1CI1 DENSITY ALT -3421FT SLP274
CYAW,2025-01-22 20:33,-63.4994,44.6397,CYAW 222033Z 34012KT 15SM FEW020 FEW240 M11/M21 A3035 RMK CF1CI1 DENSITY ALT -3577FT LAST OBS /NEXT 231000 UTC SLP280
CYAW,2025-01-23 10:00,-63.4994,44.6397,CYAW 231000Z 00000KT 15SM FEW030 FEW080 OVC120 M12/M16 A3046 RMK SC1AC1AC6 DENSITY ALT -3884FT FST OBS SLP318
CYAW,2025-01-23 11:00,-63.4994,44.6397,CYAW 231100Z 09002KT 15SM FEW030 FEW075 BKN130 M12/M16 A3045 RMK CF1AC2AC5 DENSITY ALT -3819FT SLP314
CYAW,2025-01-23 12:00,-63.4994,44.6397,CYAW 231200Z 12002KT 15SM FEW020 FEW150 BKN240 M12/M15 A3045 RMK CF1AC2CI5 DENSITY ALT -3845FT SLP316
CYAW,2025-01-23 13:00,-63.4994,44.6397,CYAW 231300Z 00000KT 15SM FEW020 BKN150 BKN240 M10/M16 A3045 RMK CF1AC5CI2 DENSITY ALT -3537FT SLP315
CYAW,2025-01-23 14:00,-63.4994,44.6397,CYAW 231400Z 24003KT 15SM FEW020 FEW150 M08/M14 A3043 RMK CU1AC1 DENSITY ALT -3297FT SLP309
CYAW,2025-01-23 15:00,-63.4994,44.6397,CYAW 231500Z 20003KT 15SM FEW020 SCT240 M07/M13 A3042 RMK CU1CI4 DENSITY ALT -3086FT SLP305
CYAW,2025-01-23 16:00,-63.4994,44.6397,CYAW 231600Z 22008KT 15SM FEW030 BKN240 M06/M13 A3038 RMK CU1CI6 DENSITY ALT -2908FT SLP290
CYAW,2025-01-23 17:00,-63.4994,44.6397,CYAW 231700Z 23012KT 15SM FEW030 BKN240 M05/M12 A3035 RMK CU2CI5 DENSITY ALT -2833FT SLP280
CYAW,2025-01-23 17:24,-63.4994,44.6397,CYAW 231724Z 22009G15KT 15SM -SHSN BKN030 OVC240 M05/M12 A3033 RMK SC6CI2 DENSITY ALT -2794FT SLP276
CYAW,2025-01-23 18:00,-63.4994,44.6397,CYAW 231800Z 22009KT 8SM -SHSN BKN030 OVC240 M05/M10 A3031 RMK SC7CI1 DENSITY ALT -2742FT SLP268
CYAW,2025-01-23 19:00,-63.4994,44.6397,CYAW 231900Z 21013KT 10SM -SHSN BKN025 OVC040 M04/M10 A3026 RMK SC5SC3 DENSITY ALT -2591FT SLP252
CYAW,2025-01-23 20:00,-63.4994,44.6397,CYAW 232000Z CCA 21014G19KT 12SM -SHSN BKN025 OVC040 M04/M09 A3025 RMK SC6SC2 DENSITY ALT -2552FT LAST OBS /NEXT 241000 UTC SLP246
CYAW,2025-01-24 10:00,-63.4994,44.6397,CYAW 241000Z 24003KT 10SM -SHSN SCT015 OVC030 00/M02 A2978 RMK SF3SC5 DENSITY ALT -1437FT FST OBS SLP086
CYAW,2025-01-24 11:00,-63.4994,44.6397,CYAW 241100Z 33009KT 6SM -SHSN SCT015 BKN030 M02/M04 A2978 RMK SF3SC4 DENSITY ALT -1727FT SLP088
CYAW,2025-01-24 12:00,-63.4994,44.6397,CYAW 241200Z 32013KT 12SM -SHSN SCT025 BKN045 M03/M06 A2979 RMK SC3SC4 DENSITY ALT -1889FT PCPN VRY LGT SLP090
CYAW,2025-01-24 12:38,-63.4994,44.6397,CYAW 241238Z 33012G18KT 15SM SCT025 BKN040 M03/M07 A2980 RMK SC4SC2 DENSITY ALT -1904FT SLP094
CYAW,2025-01-24 13:00,-63.4994,44.6397,CYAW 241300Z 33013G18KT 15SM SCT025 BKN040 M04/M07 A2981 RMK SC4SC2 DENSITY ALT -1969FT SLP096
CYAW,2025-01-24 14:00,-63.4994,44.6397,CYAW 241400Z 31017KT 15SM FEW020 M04/M08 A2984 RMK SC2 DENSITY ALT -2009FT SLP109
CYAW,2025-01-24 15:00,-63.4994,44.6397,CYAW 241500Z 31014G20KT 15SM FEW024 FEW120 M03/M10 A2987 RMK CF1AC2 DENSITY ALT -1984FT SLP116
CYAW,2025-01-24 16:00,-63.4994,44.6397,CYAW 241600Z 31016G22KT 15SM FEW030 FEW120 M02/M11 A2986 RMK CU1AC1 DENSITY ALT -1886FT SLP113
CYAW,2025-01-24 17:00,-63.4994,44.6397,CYAW 241700Z 29018G24KT 15SM FEW035 FEW120 M02/M12 A2984 RMK CU2AC1 DENSITY ALT -1826FT SLP107
CYAW,2025-01-24 18:00,-63.4994,44.6397,CYAW 241800Z 30018G23KT 15SM FEW040 M02/M13 A2984 RMK CU2 DENSITY ALT -1854FT SLP107
CYAW,2025-01-24 19:00,-63.4994,44.6397,CYAW 241900Z 31016G23KT 15SM SCT045 M03/M13 A2986 RMK CU4 DENSITY ALT -1969FT SLP113
CYAW,2025-01-24 20:00,-63.4994,44.6397,CYAW 242000Z 32017G23KT 15SM SCT045 M05/M14 A2988 RMK CU4 DENSITY ALT -2187FT SLP120
CYAW,2025-01-24 21:00,-63.4994,44.6397,CYAW 242100Z 29018G24KT 15SM SCT040 M06/M14 A2992 RMK CU4 DENSITY ALT -2364FT LAST OBS /NEXT 271100 UTC SLP134
CYAW,2025-01-27 11:00,-63.4994,44.6397,CYAW 271100Z 26003KT 15SM FEW035 FEW250 M06/M11 A2989 RMK SC1CI1 DENSITY ALT -2400FT FST OBS SLP125
CYAW,2025-01-27 12:00,-63.4994,44.6397,CYAW 271200Z 24004KT 15SM BKN063 BKN250 M06/M10 A2989 RMK SC7CI1 DENSITY ALT -2320FT SLP125
CYAW,2025-01-27 13:00,-63.4994,44.6397,CYAW 271300Z 22004KT 15SM FEW020 BKN064 M04/M09 A2990 RMK SC1SC7 DENSITY ALT -2186FT SLP126
CYAW,2025-01-27 14:00,-63.4994,44.6397,CYAW 271400Z 25005KT 15SM BKN070 BKN250 M03/M09 A2989 RMK AC6CI1 DENSITY ALT -2045FT SLP124
CYAW,2025-01-27 15:00,-63.4994,44.6397,CYAW 271500Z 24005KT 15SM BKN070 BKN250 M02/M09 A2988 RMK AC7CI1 DENSITY ALT -1879FT SLP121
CYAW,2025-01-27 15:22,-63.4994,44.6397,CYAW 271522Z 24006KT 15SM -SHSN SCT050 BKN070 M02/M10 A2987 RMK SC3AC4 DENSITY ALT -1830FT PCPN VRY LGT SLP117
CYAW,2025-01-27 16:00,-63.4994,44.6397,CYAW 271600Z 23005KT 15SM -SHSN SCT042 BKN065 M01/M09 A2984 RMK SC3SC4 DENSITY ALT -1704FT PCPN VRY LGT SLP108
CYAW,2025-01-27 16:25,-63.4994,44.6397,CYAW 271625Z 24009KT 15SM BKN042 BKN065 M01/M10 A2982 RMK SC5SC2 DENSITY ALT -1630FT SLP102
CYAW,2025-01-27 16:43,-63.4994,44.6397,CYAW 271643Z 22010KT 15SM -SHSN BKN040 M01/M10 A2982 RMK SC7 DENSITY ALT -1644FT SLP099
CYAW,2025-01-27 17:00,-63.4994,44.6397,CYAW 271700Z 22011G17KT 15SM -SHSN OVC037 M01/M09 A2981 RMK SC8 DENSITY ALT -1679FT VIS LWR NW SLP097
CYAW,2025-01-27 18:00,-63.4994,44.6397,CYAW 271800Z 21012G18KT 10SM -SHSN OVC035 M01/M06 A2978 RMK SC8 DENSITY ALT -1636FT SLP086
CYAW,2025-01-27 19:00,-63.4994,44.6397,CYAW 271900Z 21010G18KT 8SM -SHSN BKN035 OVC060 M01/M05 A2974 RMK SC7SC1 DENSITY ALT -1522FT SLP075
CYAW,2025-01-27 19:17,-63.4994,44.6397,CYAW 271917Z 20011G18KT 1SM -SHSN OVC020 M01/M04 A2974 RMK SN6SC2 DENSITY ALT -1539FT VIS VRB 3/4-1 1/4 SLP074
CYAW,2025-01-27 19:28,-63.4994,44.6397,CYAW 271928Z 21007KT 6SM -SHSN FEW010 SCT020 BKN030 M01/M04 A2973 RMK SC1SC2SC4 DENSITY ALT -1514FT VIS LWR W QUAD SLP069
CYAW,2025-01-27 20:00,-63.4994,44.6397,CYAW 272000Z 20012G21KT 12SM -SHSN FEW010 BKN025 01/M02 A2969 RMK SF1SC7 DENSITY ALT -1206FT PCPN VRY LGT SLP058
CYAW,2025-01-27 21:00,-63.4994,44.6397,CYAW 272100Z 23015G26KT 15SM -SHSN SCT040 01/M06 A2966 RMK SC4 DENSITY ALT -1177FT PCPN VRY LGT SLP047
CYAW,2025-01-27 22:00,-63.4994,44.6397,CYAW 272200Z 22011G22KT 15SM -SHSN SCT050 01/M05 A2966 RMK SC3 DENSITY ALT -1237FT SLP045
CYAW,2025-01-27 22:18,-63.4994,44.6397,CYAW 272218Z 22015G25KT 15SM SCT050 01/M05 A2964 RMK SC3 DENSITY ALT -1186FT SLP041
CYAW,2025-01-27 23:00,-63.4994,44.6397,CYAW 272300Z 22015G24KT 15SM SCT045 SCT210 01/M04 A2963 RMK SC3CI1 DENSITY ALT -1156FT SLP035
CYAW,2025-01-28 00:00,-63.4994,44.6397,CYAW 280000Z 23018G31KT 15SM SCT040 01/M05 A2961 RMK SC3 DENSITY ALT -1113FT LAST OBS /NEXT 281100 UTC SLP031
CYAW,2025-01-28 11:00,-63.4994,44.6397,CYAW 281100Z 22016G27KT 15SM SCT024 OVC042 03/M01 A2930 RMK SC3SC5 DENSITY ALT -527FT FST OBS SLP924
CYAW,2025-01-28 12:00,-63.4994,44.6397,CYAW 281200Z 22016G27KT 12SM BKN020 OVC050 03/M00 A2929 RMK SC6SC2 DENSITY ALT -462FT SLP919
CYAW,2025-01-28 13:00,-63.4994,44.6397,CYAW 281300Z 22017G29KT 10SM -RASN FEW020 OVC038 03/00 A2927 RMK SC2SC6 DENSITY ALT -437FT SLP914
CYAW,2025-01-28 13:25,-63.4994,44.6397,CYAW 281325Z 22019G30KT 10SM -RA FEW020 OVC036 03/00 A2926 RMK SC2SC6 DENSITY ALT -400FT PCPN VRY LGT SLP910
CYAW,2025-01-28 14:00,-63.4994,44.6397,CYAW 281400Z 22016G32KT 10SM -SHRA FEW030 OVC042 04/00 A2923 RMK SC2SC6 DENSITY ALT -339FT PCPN VRY LGT SLP901
CYAW,2025-01-28 14:38,-63.4994,44.6397,CYAW 281438Z 25013G29KT 10SM -SHGS SCT010 OVC016 03/01 A2922 RMK SC3SC5 DENSITY ALT -350FT SLP897
CYAW,2025-01-28 14:52,-63.4994,44.6397,CYAW 281452Z 23013G26KT 12SM BKN020 OVC035 02/01 A2922 RMK SC6SC2 DENSITY ALT -462FT SLP895
CYAW,2025-01-28 15:00,-63.4994,44.6397,CYAW 281500Z 23012G21KT 12SM BKN018 OVC025 03/01 A2921 RMK SC6SC2 DENSITY ALT -362FT SLP894
CYAW,2025-01-28 15:50,-63.4994,44.6397,CYAW 281550Z 24014G22KT 10SM -SHRA SCT018 OVC055 04/00 A2916 RMK SC4SC4 DENSITY ALT -206FT PRESFR PCPN VRY LGT SLP875
CYAW,2025-01-28 16:00,-63.4994,44.6397,CYAW 281600Z 23015G23KT 8SM -SHRA SCT020 OVC040 04/00 A2915 RMK SC4SC4 DENSITY ALT -194FT PRESFR SLP874
CYAW,2025-01-28 16:13,-63.4994,44.6397,CYAW 281613Z CCA 24017G25KT 1 1/2SM -SHSN OVC020 03/01 A2915 RMK SC8 DENSITY ALT -267FT SLP872
CYAW,2025-01-28 16:24,-63.4994,44.6397,CYAW 281624Z 24019G26KT 5SM -SHSN FEW014 OVC020 02/00 A2914 RMK SC2SC6 DENSITY ALT -396FT SLP869
CYAW,2025-01-28 17:00,-63.4994,44.6397,CYAW 281700Z 27014KT 6SM -SHSN FEW007 OVC014 02/00 A2912 RMK SF2SC6 DENSITY ALT -421FT SLP863
CYAW,2025-01-28 17:11,-63.4994,44.6397,CYAW 281711Z 26012G23KT 2 1/2SM -SHSN BKN007 OVC015 01/M00 A2912 RMK SF5SC3 DENSITY ALT -500FT VIS VRB 1 1/2-4 SLP861
CYAW,2025-01-28 17:20,-63.4994,44.6397,CYAW 281720Z 27011G19KT 6SM -SHSN SCT007 OVC014 01/00 A2912 RMK SF4SC4 DENSITY ALT -499FT SLP862
CYAW,2025-01-28 18:00,-63.4994,44.6397,CYAW 281800Z 26011G17KT 6SM -SHSN SCT007 OVC014 01/M01 A2910 RMK SF3SC5 DENSITY ALT -454FT SLP857
CYAW,2025-01-28 18:20,-63.4994,44.6397,CYAW 281820Z 26012G18KT 3SM -SHSN BKN007 OVC014 01/M01 A2910 RMK SF5SC3 DENSITY ALT -479FT VIS VRB 2 1/4-4 SLP856
CYAW,2025-01-28 19:00,-63.4994,44.6397,CYAW 281900Z 25015G21KT 3SM -SHSN BKN008 BKN014 OVC030 01/M00 A2910 RMK SF5SC2SC1 DENSITY ALT -502FT VIS VRB 2 1/4-4 SLP857
CYAW,2025-01-28 19:13,-63.4994,44.6397,CYAW 281913Z 29013KT 12SM -SHSN FEW007 BKN015 OVC030 01/M01 A2912 RMK SF1SC4SC3 DENSITY ALT -570FT PCPN VRY LGT SLP861
CYAW,2025-01-28 20:00,-63.4994,44.6397,CYAW 282000Z 26013KT 15SM -SHSN FEW007 BKN015 OVC030 01/M01 A2914 RMK SF2SC3SC3 DENSITY ALT -582FT SLP870
CYAW,2025-01-28 20:20,-63.4994,44.6397,CYAW 282020Z 26011KT 2SM -SHSN BKN007 OVC015 00/M01 A2915 RMK SF7SC1 DENSITY ALT -643FT VIS VRB 1 1/2-2 1/2 SLP873
CYAW,2025-01-28 20:49,-63.4994,44.6397,CYAW 282049Z 27011G19KT 1SM -SHSN VV006 M00/M01 A2916 RMK SN8 DENSITY ALT -717FT VIS VRB 3/4-1 1/4 SLP877
CYAW,2025-01-28 21:00,-63.4994,44.6397,CYAW 282100Z 28008KT 1 1/2SM -SHSN BKN006 OVC013 M00/M01 A2917 RMK SF6SC2 DENSITY ALT -741FT VIS VRB 1-2 SLP879
CYAW,2025-01-28 21:15,-63.4994,44.6397,CYAW 282115Z 30018G24KT 1/4SM -SHSN +BLSN VV003 M00/M01 A2920 RMK SN8 DENSITY ALT -803FT VIS VRB 1/8-3/8 PRESRR SLP888
CYAW,2025-01-28 21:27,-63.4994,44.6397,CYAW 282127Z 31017G25KT 10SM -SHSN BKN005 BKN012 BKN030 BKN240 M02/M03 A2920 RMK SF5SC1SC1CI1 DENSITY ALT -980FT PRESRR SLP890
CYAW,2025-01-28 22:00,-63.4994,44.6397,CYAW 282200Z 31026G40KT 8SM -SHSN SCT005 BKN012 BKN030 BKN240 M03/M06 A2927 RMK SF3SC2SC1CI1 DENSITY ALT -1256FT PRESRR SLP913
CYAW,2025-01-28 23:00,-63.4994,44.6397,CYAW 282300Z 30019G25KT 15SM DRSN FEW018 M04/M09 A2935 RMK SC2 DENSITY ALT -1539FT PRESRR SLP941
CYAW,2025-01-28 23:37,-63.4994,44.6397,CYAW 282337Z 30020G30KT 12SM DRSN FEW018 M06/M11 A2939 RMK SC2 DENSITY ALT -1776FT PRESRR LAST OBS /NEXT 291100 UTC SLP954
CYAW,2025-01-29 11:00,-63.4994,44.6397,CYAW 291100Z 34002KT 15SM OVC120 M10/M14 A2968 RMK AC8 DENSITY ALT -2717FT FST OBS SLP054
CYAW,2025-01-29 12:00,-63.4994,44.6397,CYAW 291200Z 07003KT 15SM BKN044 OVC120 M11/M13 A2968 RMK SC7AC1 DENSITY ALT -2742FT SLP054
CYAW,2025-01-29 12:35,-63.4994,44.6397,CYAW 291235Z 07004KT 15SM -SHSN OVC046 M10/M13 A2967 RMK SC8 DENSITY ALT -2637FT PCPN VRY LGT SLP051
CYAW,2025-01-29 13:00,-63.4994,44.6397,CYAW 291300Z 07004KT 12SM -SHSN OVC050 M10/M13 A2966 RMK SC8 DENSITY ALT -2598FT VIS S-NW 5 SLP048
CYAW,2025-01-29 14:00,-63.4994,44.6397,CYAW 291400Z 07005KT 8SM -SHSN OVC030 M08/M12 A2963 RMK SC8 DENSITY ALT -2401FT SLP035
CYAW,2025-01-29 14:24,-63.4994,44.6397,CYAW 291424Z 08007KT 2 1/2SM -SHSN OVC025 M08/M11 A2960 RMK SC8 DENSITY ALT -2324FT PRESFR SLP025
CYAW,2025-01-29 15:00,-63.4994,44.6397,CYAW 291500Z 09006KT 1 3/4SM -SHSN BKN008 OVC025 M08/M10 A2958 RMK SF6SC2 DENSITY ALT -2258FT SLP019
CYAW,2025-01-29 15:27,-63.4994,44.6397,CYAW 291527Z 10007KT 3/4SM -SN VV009 M07/M08 A2955 RMK SN8 DENSITY ALT -2073FT VIS VRB 1/2-1 PRESFR SLP008
CYAW,2025-01-29 16:00,-63.4994,44.6397,CYAW 291600Z 11010KT 3/4SM -SN VV009 M04/M05 A2951 RMK SN8 DENSITY ALT -1649FT VIS VRB 1/2-1 PRESFR SLP995
CYAW,2025-01-29 16:23,-63.4994,44.6397,CYAW 291623Z 11012G19KT 1/2SM -SN BLSN VV006 M03/M04 A2947 RMK SN8 DENSITY ALT -1469FT VIS VRB 3/8-5/8 PRESFR LAST OBS /NEXT 301100 UTC SLP982
CYAW,2025-01-30 11:00,-63.4994,44.6397,CYAW 301100Z 31016G23KT 12SM -SHSN BKN017 BKN120 M11/M15 A2959 RMK SC5AC1 DENSITY ALT -2733FT FST OBS SLP022
CYAW,2025-01-30 11:33,-63.4994,44.6397,CYAW 301133Z 32013G21KT 15SM FEW015 BKN110 M12/M15 A2961 RMK SC2AC4 DENSITY ALT -2825FT SLP030
CYAW,2025-01-30 12:00,-63.4994,44.6397,CYAW 301200Z 32017G23KT 15SM FEW020 BKN110 M12/M16 A2963 RMK SC2AC3 DENSITY ALT -2863FT DIST SHSN S-NW SLP038
CYAW,2025-01-30 12:53,-63.4994,44.6397,CYAW 301253Z 33013G24KT 12SM -SHSN BKN020 BKN110 M12/M16 A2968 RMK SC5AC1 DENSITY ALT -2882FT VIS LWR SW QUAD SLP053
CYAW,2025-01-30 13:00,-63.4994,44.6397,CYAW 301300Z 32014G21KT 12SM -SHSN BKN025 BKN110 M11/M16 A2968 RMK SC6AC1 DENSITY ALT -2854FT VIS LWR SW QUAD SLP054
CYAW,2025-01-30 14:00,-63.4994,44.6397,CYAW 301400Z 33020G32KT 15SM -SHSN DRSN BKN030 M11/M17 A2971 RMK SC6 DENSITY ALT -2905FT PCPN VRY LGT SLP065
CYAW,2025-01-30 15:00,-63.4994,44.6397,CYAW 301500Z 32019G29KT 15SM -SHSN BKN026 M11/M18 A2974 RMK SC5 DENSITY ALT -2901FT PCPN VRY LGT SLP073
CYAW,2025-01-30 16:00,-63.4994,44.6397,CYAW 301600Z 31021G28KT 15SM -SHSN SCT028 M11/M18 A2975 RMK SC4 DENSITY ALT -2833FT PCPN VRY LGT SLP077
CYAW,2025-01-30 16:28,-63.4994,44.6397,CYAW 301628Z 31020G28KT 15SM SCT026 M10/M17 A2975 RMK SC3 DENSITY ALT -2739FT SLP077
CYAW,2025-01-30 17:00,-63.4994,44.6397,CYAW 301700Z 31017G26KT 15SM BKN027 M11/M18 A2976 RMK SC5 DENSITY ALT -2899FT SLP081
CYAW,2025-01-30 18:00,-63.4994,44.6397,CYAW 301800Z 31022G28KT 15SM BKN027 M11/M18 A2978 RMK SC5 DENSITY ALT -2882FT SLP088
CYAW,2025-01-30 18:30,-63.4994,44.6397,CYAW 301830Z 32018G26KT 15SM -SHSN BKN028 M11/M17 A2980 RMK SC6 DENSITY ALT -2891FT SLP096
CYAW,2025-01-30 19:00,-63.4994,44.6397,CYAW 301900Z 30012G21KT 8SM -SHSN BKN030 M11/M16 A2982 RMK SC6 DENSITY ALT -2939FT SLP101
CYAW,2025-01-30 20:00,-63.4994,44.6397,CYAW 302000Z 32002KT 15SM -SHSN BKN028 M11/M17 A2985 RMK SC5 DENSITY ALT -3017FT LAST OBS /NEXT 031100 UTC SLP113
CYAW,2025-02-03 11:00,-63.4994,44.6397,CYAW 031100Z 01003KT 15SM SCT027 OVC050 M09/M13 A3034 RMK SC4SC4 DENSITY ALT -3243FT FST OBS SLP279
CYAW,2025-02-03 11:28,-63.4994,44.6397,CYAW 031128Z 05005KT 3SM -SN OVC022 M08/M12 A3033 RMK SC8 DENSITY ALT -3178FT SLP275
CYAW,2025-02-03 12:00,-63.4994,44.6397,CYAW 031200Z 06005KT 3SM -SN BKN022 OVC035 M08/M12 A3033 RMK SC7SC1 DENSITY ALT -3150FT SLP273
CYAW,2025-02-03 13:00,-63.4994,44.6397,CYAW 031300Z 05003KT 2 1/2SM -SN SCT015 OVC025 M07/M10 A3030 RMK SC4SC4 DENSITY ALT -3031FT SLP264
CYAW,2025-02-03 13:29,-63.4994,44.6397,CYAW 031329Z 06003KT 4SM -SN BKN013 OVC022 M07/M09 A3029 RMK SC5SC3 DENSITY ALT -2938FT SLP260
CYAW,2025-02-03 14:00,-63.4994,44.6397,CYAW 031400Z 07003KT 2SM -SN BKN012 OVC020 M06/M08 A3027 RMK SC6SC2 DENSITY ALT -2820FT SLP255
CYAW,2025-02-03 14:31,-63.4994,44.6397,CYAW 031431Z 11003KT 3SM -SN SCT010 OVC015 M04/M07 A3026 RMK SF4SC4 DENSITY ALT -2580FT SLP251
CYAW,2025-02-03 15:00,-63.4994,44.6397,CYAW 031500Z 15008KT 6SM -SN BKN015 OVC023 M02/M05 A3025 RMK SC5SC3 DENSITY ALT -2301FT SLP245
CYAW,2025-02-03 16:00,-63.4994,44.6397,CYAW 031600Z 14007KT 3SM -SN SCT008 BKN025 OVC070 M01/M04 A3020 RMK SF4SC2AC2 DENSITY ALT -2099FT SLP229
CYAW,2025-02-03 16:17,-63.4994,44.6397,CYAW 031617Z 14010KT 2SM -SN FEW008 BKN025 OVC070 M01/M04 A3018 RMK SF2SC4AC2 DENSITY ALT -2089FT SLP224
CYAW,2025-02-03 17:00,-63.4994,44.6397,CYAW 031700Z 12008KT 2 1/2SM -SN BKN008 OVC016 M02/M04 A3016 RMK SF6SC2 DENSITY ALT -2103FT SLP216
CYAW,2025-02-03 17:35,-63.4994,44.6397,CYAW 031735Z 11009KT 4SM -SN SCT008 OVC015 M02/M03 A3013 RMK SF4SC4 DENSITY ALT -2054FT SLP206
CYAW,2025-02-03 18:00,-63.4994,44.6397,CYAW 031800Z 11009KT 1 3/4SM -SN BKN007 OVC014 M01/M03 A3011 RMK SF6SC2 DENSITY ALT -2003FT SLP200
CYAW,2025-02-03 18:16,-63.4994,44.6397,CYAW 031816Z 11009KT 3/4SM -SN BKN007 OVC018 M01/M03 A3010 RMK SF6SC2 DENSITY ALT -1977FT VIS VRB 1/2-1 SLP195
CYAW,2025-02-03 19:00,-63.4994,44.6397,CYAW 031900Z 11009KT 3/4SM -SN OVC006 M01/M02 A3007 RMK ST8 DENSITY ALT -1928FT VIS VRB 1/2-1 /S01/ SLP187
CYAW,2025-02-03 19:25,-63.4994,44.6397,CYAW 031925Z 12010KT 1 1/2SM -SN OVC008 M01/M02 A3004 RMK ST8 DENSITY ALT -1840FT VIS VRB 1-2 PRESFR SLP176
CYAW,2025-02-03 19:44,-63.4994,44.6397,CYAW 031944Z 12010G16KT 8SM -FZDZ -SHSN OVC005 M01/M02 A3002 RMK ST8 DENSITY ALT -1790FT PRESFR SLP169
CYAW,2025-02-03 20:00,-63.4994,44.6397,CYAW 032000Z 11010KT 10SM -FZDZ -SHSN BKN005 OVC010 M00/M01 A3002 RMK ST7SC1 DENSITY ALT -1763FT SLP169
CYAW,2025-02-03 20:10,-63.4994,44.6397,CYAW 032010Z 12010KT 12SM -FZDZ BKN008 OVC014 M00/M01 A3001 RMK ST7SC1 DENSITY ALT -1738FT SLP167
CYAW,2025-02-03 20:31,-63.4994,44.6397,CYAW 032031Z 13009KT 15SM BKN007 OVC010 M00/M01 A3001 RMK ST7SC1 DENSITY ALT -1739FT SLP164
CYAW,2025-02-03 21:00,-63.4994,44.6397,CYAW 032100Z 12008KT 15SM BKN007 OVC012 M01/M02 A2998 RMK ST7SC1 DENSITY ALT -1743FT SLP153
CYAW,2025-02-03 21:54,-63.4994,44.6397,CYAW 032154Z 13007KT 3/4SM -FZDZ BR OVC005 M00/M01 A2996 RMK ST8 DENSITY ALT -1691FT VIS VRB 1/2-1 SLP149
CYAW,2025-02-03 22:00,-63.4994,44.6397,CYAW 032200Z 12007KT 3/4SM -FZDZ BR OVC005 M00/M01 A2997 RMK ST8 DENSITY ALT -1688FT VIS VRB 1/2-1 SLP150
CYAW,2025-02-03 22:07,-63.4994,44.6397,CYAW 032207Z 13007KT 3/4SM -FZDZ BR OVC004 M00/M01 A2996 RMK ST8 DENSITY ALT -1663FT VIS VRB 1/2-1 LAST OBS /NEXT 041100 UTC SLP147
CYAW,2025-02-04 11:00,-63.4994,44.6397,CYAW 041100Z 26008KT 10SM -RASN OVC007 01/00 A2952 RMK SF8 DENSITY ALT -993FT FST OBS SLP998
CYAW,2025-02-04 11:53,-63.4994,44.6397,CYAW 041153Z 31011KT 6SM -SN BKN007 OVC023 01/00 A2953 RMK SF7SC1 DENSITY ALT -993FT VIS LWR N QUAD SLP001
CYAW,2025-02-04 12:00,-63.4994,44.6397,CYAW 041200Z 31011G18KT 3SM -SN OVC008 01/00 A2953 RMK SF8 DENSITY ALT -1019FT SLP001
CYAW,2025-02-04 12:17,-63.4994,44.6397,CYAW 041217Z 31019G24KT 10SM FEW008 BKN028 BKN120 01/M02 A2953 RMK SF1SC5AC1 DENSITY ALT -1003FT SHSN DIST S QUAD SLP003
CYAW,2025-02-04 13:00,-63.4994,44.6397,CYAW 041300Z 32010G16KT 15SM SCT036 BKN120 BKN180 01/M02 A2955 RMK SC4AC2AC1 DENSITY ALT -1054FT SLP008
CYAW,2025-02-04 14:00,-63.4994,44.6397,CYAW 041400Z 32011G18KT 15SM FEW021 SCT120 BKN230 01/M03 A2955 RMK SC2AC1CI3 DENSITY ALT -1088FT SLP010
CYAW,2025-02-04 15:00,-63.4994,44.6397,CYAW 041500Z 33017KT 15SM FEW020 BKN120 BKN230 01/M05 A2957 RMK CU1AC4CI1 DENSITY ALT -1069FT SLP015
CYAW,2025-02-04 16:00,-63.4994,44.6397,CYAW 041600Z 34014G21KT 15SM FEW026 BKN140 BKN230 01/M07 A2957 RMK CU1AC4CI2 DENSITY ALT -1101FT SLP014
CYAW,2025-02-04 17:00,-63.4994,44.6397,CYAW 041700Z 30014KT 15SM FEW028 BKN140 BKN230 01/M07 A2957 RMK CU2AC3CI1 DENSITY ALT -1089FT SLP015
CYAW,2025-02-04 18:00,-63.4994,44.6397,CYAW 041800Z 31011G19KT 15SM FEW028 SCT140 SCT230 00/M07 A2956 RMK CU2AC1CI1 DENSITY ALT -1204FT SLP012
CYAW,2025-02-04 19:00,-63.4994,44.6397,CYAW 041900Z 30008G17KT 15SM BKN031 BKN140 BKN230 M00/M07 A2957 RMK SC5AC1CI1 DENSITY ALT -1253FT SLP014
CYAW,2025-02-04 20:00,-63.4994,44.6397,CYAW 042000Z 31013G19KT 15SM BKN038 OVC140 M01/M07 A2959 RMK SC6AC2 DENSITY ALT -1353FT SLP021
CYAW,2025-02-04 20:45,-63.4994,44.6397,CYAW 042045Z 31013KT 15SM -SHSN BKN028 OVC140 M02/M06 A2960 RMK SC7AC1 DENSITY ALT -1452FT LAST OBS /NEXT 051000 UTC SLP027
CYAW,2025-02-05 10:00,-63.4994,44.6397,CYAW 051000Z 31009G16KT 15SM FEW020 M11/M14 A2999 RMK SC1 DENSITY ALT -3108FT FST OBS SLP158
CYAW,2025-02-05 11:00,-63.4994,44.6397,CYAW 051100Z 31012KT 15SM FEW014 M11/M15 A3002 RMK SC1 DENSITY ALT -3170FT SLP169
CYAW,2025-02-05 12:00,-63.4994,44.6397,CYAW 051200Z 31013G20KT 15SM SCT024 SCT230 M11/M15 A3005 RMK SC3CI1 DENSITY ALT -3179FT SLP179
CYAW,2025-02-05 13:00,-63.4994,44.6397,CYAW 051300Z 30014KT 15SM BKN034 BKN070 M10/M15 A3008 RMK SC5AC1 DENSITY ALT -3186FT SLP188
CYAW,2025-02-05 13:05,-63.4994,44.6397,CYAW 051305Z 30013KT 12SM -SHSN BKN034 M10/M15 A3008 RMK SC6 DENSITY ALT -3187FT SLP188
CYAW,2025-02-05 14:00,-63.4994,44.6397,CYAW 051400Z 31016G22KT 10SM -SHSN BKN030 M10/M16 A3008 RMK SC7 DENSITY ALT -3176FT SLP190
CYAW,2025-02-05 15:00,-63.4994,44.6397,CYAW 051500Z 32017G24KT 15SM -SHSN BKN030 M11/M18 A3010 RMK SC6 DENSITY ALT -3295FT SLP196
CYAW,2025-02-05 15:12,-63.4994,44.6397,CYAW 051512Z 31019KT 15SM BKN030 M10/M17 A3009 RMK SC6 DENSITY ALT -3096FT SLP193
CYAW,2025-02-05 16:00,-63.4994,44.6397,CYAW 051600Z 30014G26KT 15SM BKN030 M11/M17 A3010 RMK SC7 DENSITY ALT -3255FT SLP196
CYAW,2025-02-05 17:00,-63.4994,44.6397,CYAW 051700Z 31017KT 15SM BKN030 M11/M18 A3009 RMK SC6 DENSITY ALT -3244FT SLP193
CYAW,2025-02-05 18:00,-63.4994,44.6397,CYAW 051800Z 30016G25KT 15SM BKN031 M10/M19 A3010 RMK SC5 DENSITY ALT -3176FT SLP197
CYAW,2025-02-05 19:00,-63.4994,44.6397,CYAW 051900Z 32017KT 15SM SCT030 M11/M19 A3012 RMK SC3 DENSITY ALT -3320FT SLP202
CYAW,2025-02-05 20:00,-63.4994,44.6397,CYAW 052000Z 32014G19KT 15SM SCT030 M12/M19 A3014 RMK SC3 DENSITY ALT -3478FT SLP211
CYAW,2025-02-05 21:00,-63.4994,44.6397,CYAW 052100Z 32014G19KT 15SM BKN034 M12/M19 A3017 RMK SC6 DENSITY ALT -3567FT SLP222
CYAW,2025-02-05 22:00,-63.4994,44.6397,CYAW 052200Z 31011G17KT 15SM BKN031 M12/M18 A3020 RMK SC7 DENSITY ALT -3573FT SLP232
CYAW,2025-02-05 23:00,-63.4994,44.6397,CYAW 052300Z 31012KT 15SM BKN030 M12/M17 A3024 RMK SC7 DENSITY ALT -3592FT SLP244
CYAW,2025-02-06 00:00,-63.4994,44.6397,CYAW 060000Z 30009KT 15SM BKN030 M12/M17 A3026 RMK SC7 DENSITY ALT -3587FT LAST OBS /NEXT 061100 UTC SLP252
CYAW,2025-02-06 11:00,-63.4994,44.6397,CYAW 061100Z 27008KT 15SM FEW020 FEW230 M12/M14 A3035 RMK SC1CI1 DENSITY ALT -3700FT FST OBS SLP280
CYAW,2025-02-06 12:00,-63.4994,44.6397,CYAW 061200Z 28007KT 15SM FEW020 FEW230 M11/M14 A3037 RMK SC1CI1 DENSITY ALT -3642FT SLP288
CYAW,2025-02-06 13:00,-63.4994,44.6397,CYAW 061300Z 26008KT 15SM FEW019 FEW080 SCT230 M09/M13 A3039 RMK SC1AC1CI3 DENSITY ALT -3395FT SLP295
CYAW,2025-02-06 14:00,-63.4994,44.6397,CYAW 061400Z 26007KT 15SM FEW019 SCT230 M07/M12 A3039 RMK SC1CI3 DENSITY ALT -3101FT SLP296
CYAW,2025-02-06 15:00,-63.4994,44.6397,CYAW 061500Z 27005KT 15SM FEW020 OVC230 M05/M11 A3037 RMK SC1CI8 DENSITY ALT -2825FT SLP288
CYAW,2025-02-06 16:00,-63.4994,44.6397,CYAW 061600Z 25008KT 15SM FEW020 BKN230 M03/M09 A3033 RMK SC1CI7 DENSITY ALT -2463FT SLP276
CYAW,2025-02-06 17:00,-63.4994,44.6397,CYAW 061700Z 23009KT 15SM FEW028 OVC230 M01/M09 A3028 RMK SC1CI8 DENSITY ALT -2186FT SLP258
CYAW,2025-02-06 18:00,-63.4994,44.6397,CYAW 061800Z 22011G19KT 15SM BKN031 OVC230 M02/M08 A3027 RMK SC7CI1 DENSITY ALT -2273FT SLP252
CYAW,2025-02-06 19:00,-63.4994,44.6397,CYAW 061900Z 22012G17KT 15SM BKN031 OVC230 M02/M08 A3023 RMK SC7CI1 DENSITY ALT -2200FT SLP241
CYAW,2025-02-06 20:00,-63.4994,44.6397,CYAW 062000Z 21013KT 15SM BKN024 OVC230 M02/M07 A3021 RMK SC7CI1 DENSITY ALT -2266FT SLP232
CYAW,2025-02-06 21:00,-63.4994,44.6397,CYAW 062100Z 18012G19KT 15SM BKN024 OVC230 M02/M07 A3016 RMK SC7CI1 DENSITY ALT -2207FT LAST OBS /NEXT 071000 UTC SLP215
CYAW,2025-02-07 10:00,-63.4994,44.6397,CYAW 071000Z 28008KT 15SM OVC007 02/01 A2949 RMK SF8 DENSITY ALT -812FT FST OBS SLP987
CYAW,2025-02-07 11:00,-63.4994,44.6397,CYAW 071100Z 27010G18KT 15SM OVC008 02/01 A2952 RMK SF8 DENSITY ALT -863FT SLP999
CYAW,2025-02-07 12:00,-63.4994,44.6397,CYAW 071200Z 25008KT 15SM BKN010 OVC015 02/01 A2954 RMK SF5SC3 DENSITY ALT -849FT SLP004
CYAW,2025-02-07 13:00,-63.4994,44.6397,CYAW 071300Z 25007KT 15SM BKN008 OVC015 02/01 A2955 RMK SF7SC1 DENSITY ALT -859FT SLP010
CYAW,2025-02-07 13:14,-63.4994,44.6397,CYAW 071314Z 26008KT 12SM -SHRA OVC009 02/01 A2955 RMK SF8 DENSITY ALT -859FT PCPN VRY LGT SLP009
CYAW,2025-02-07 13:38,-63.4994,44.6397,CYAW 071338Z 27006KT 15SM OVC008 02/01 A2955 RMK SF8 DENSITY ALT -859FT SLP009
CYAW,2025-02-07 14:00,-63.4994,44.6397,CYAW 071400Z 24006KT 15SM BKN008 OVC013 03/01 A2956 RMK SF5SC3 DENSITY ALT -833FT SLP013
CYAW,2025-02-07 14:27,-63.4994,44.6397,CYAW 071427Z 26009KT 15SM OVC010 03/01 A2956 RMK SF8 DENSITY ALT -797FT SLP012
CYAW,2025-02-07 14:53,-63.4994,44.6397,CYAW 071453Z 27012KT 15SM SCT013 BKN100 BKN250 04/01 A2955 RMK SC4AC1CI1 DENSITY ALT -624FT SLP007
CYAW,2025-02-07 15:00,-63.4994,44.6397,CYAW 071500Z 26011KT 15SM BKN015 BKN100 BKN250 04/01 A2953 RMK SC5AC1CI1 DENSITY ALT -577FT SLP003
CYAW,2025-02-07 16:00,-63.4994,44.6397,CYAW 071600Z 27011G17KT 15SM BKN021 BKN080 BKN240 04/M00 A2952 RMK SC5AC1CI1 DENSITY ALT -595FT SLP998
CYAW,2025-02-07 17:00,-63.4994,44.6397,CYAW 071700Z 23010KT 15SM BKN040 BKN090 OVC240 04/00 A2950 RMK SC6AC1CI2 DENSITY ALT -568FT SLP993
CYAW,2025-02-07 17:44,-63.4994,44.6397,CYAW 071744Z 24008KT 12SM -RA FEW005 BKN012 OVC025 03/01 A2949 RMK SF1ST7SC1 DENSITY ALT -676FT VIS LWR W QUAD SLP990
CYAW,2025-02-07 18:00,-63.4994,44.6397,CYAW 071800Z 24008KT 12SM -RA FEW005 BKN012 OVC032 03/01 A2949 RMK SF1ST7SC1 DENSITY ALT -752FT VIS LWR W QUAD SLP990
CYAW,2025-02-07 18:37,-63.4994,44.6397,CYAW 071837Z 26008G15KT 15SM BKN012 BKN020 02/01 A2951 RMK ST6SC1 DENSITY ALT -803FT SLP994
CYAW,2025-02-07 19:00,-63.4994,44.6397,CYAW 071900Z 26007KT 15SM BKN070 BKN230 03/01 A2951 RMK AC6CI1 DENSITY ALT -754FT SLP994
CYAW,2025-02-07 19:41,-63.4994,44.6397,CYAW 071941Z 26012KT 15SM BKN050 BKN230 03/M00 A2952 RMK SC6CI1 DENSITY ALT -719FT LAST OBS /NEXT 101100 UTC SLP000
CYAW,2025-02-10 11:00,-63.4994,44.6397,CYAW 101100Z 33003KT 15SM FEW230 M16/M18 A3021 RMK CI1 DENSITY ALT -4103FT FST OBS SLP235
CYAW,2025-02-10 12:00,-63.4994,44.6397,CYAW 101200Z 00000KT 15SM FEW230 M17/M19 A3024 RMK CI1 DENSITY ALT -4263FT SLP243
CYAW,2025-02-10 13:00,-63.4994,44.6397,CYAW 101300Z 00000KT 15SM FEW230 M11/M15 A3024 RMK CI1 DENSITY ALT -3453FT SLP243
CYAW,2025-02-10 14:00,-63.4994,44.6397,CYAW 101400Z 32003KT 15SM FEW230 M09/M15 A3022 RMK CI1 DENSITY ALT -3176FT SLP239
CYAW,2025-02-10 15:00,-63.4994,44.6397,CYAW 101500Z 31003KT 15SM FEW180 FEW230 M07/M15 A3022 RMK AC2CI1 DENSITY ALT -2924FT SLP236
CYAW,2025-02-10 16:00,-63.4994,44.6397,CYAW 101600Z 27004KT 15SM -SHSN FEW030 BKN050 BKN180 M05/M12 A3019 RMK SC2SC3AC2 DENSITY ALT -2660FT PCPN VRY LGT SLP229
CYAW,2025-02-10 17:00,-63.4994,44.6397,CYAW 101700Z 18004KT 15SM -SHSN FEW020 BKN035 BKN050 OVC180 M04/M10 A3016 RMK SC2SC3SC2AC1 DENSITY ALT -2423FT PCPN VRY LGT SLP217
CYAW,2025-02-10 17:22,-63.4994,44.6397,CYAW 101722Z 22006KT 4SM -SHSN SCT015 OVC025 M04/M08 A3015 RMK SC4SC4 DENSITY ALT -2394FT VIS VRB 3-5 SLP213
CYAW,2025-02-10 17:27,-63.4994,44.6397,CYAW 101727Z 24007KT 1 1/2SM -SHSN BKN013 OVC025 M04/M08 A3014 RMK SF6SC2 DENSITY ALT -2421FT VIS VRB 1-2 SLP212
CYAW,2025-02-10 18:00,-63.4994,44.6397,CYAW 101800Z 25005KT 1 1/2SM -SHSN BKN013 OVC025 M04/M07 A3013 RMK SF7SC1 DENSITY ALT -2418FT VIS VRB 1-2 SLP206
CYAW,2025-02-10 18:26,-63.4994,44.6397,CYAW 101826Z 27003KT 3/4SM -SHSN OVC008 M04/M06 A3012 RMK SN4SF4 DENSITY ALT -2403FT VIS VRB 1/2-1 SLP203
CYAW,2025-02-10 19:00,-63.4994,44.6397,CYAW 101900Z 20002KT 3/8SM SHSN VV004 M04/M06 A3011 RMK SN8 DENSITY ALT -2351FT VIS VRB 1/4-1/2 SLP200
CYAW,2025-02-10 20:00,-63.4994,44.6397,CYAW 102000Z 02003KT 1/2SM SHSN VV004 M04/M05 A3010 RMK SN8 DENSITY ALT -2364FT VIS VRB 3/8-3/4 /S02/ SLP197
CYAW,2025-02-10 20:44,-63.4994,44.6397,CYAW 102044Z 02003KT 2SM -SHSN FEW017 OVC025 M04/M05 A3010 RMK SC2SC6 DENSITY ALT -2351FT SLP196
CYAW,2025-02-10 21:00,-63.4994,44.6397,CYAW 102100Z CCA 36004KT 6SM -SHSN BKN023 BKN050 M04/M05 A3010 RMK SC5SC2 DENSITY ALT -2364FT VIS LWR SE QUAD /S04/ SLP195
CYAW,2025-02-10 21:18,-63.4994,44.6397,CYAW 102118Z 01004KT 12SM FEW025 SCT050 BKN080 M04/M06 A3010 RMK SC1SC4AC3 DENSITY ALT -2379FT SLP195
CYAW,2025-02-10 22:00,-63.4994,44.6397,CYAW 102200Z 35003KT 15SM FEW040 BKN080 M06/M07 A3010 RMK SC2AC5 DENSITY ALT -2579FT SLP197
CYAW,2025-02-10 22:40,-63.4994,44.6397,CYAW 102240Z 33004KT 15SM SCT030 BKN060 M06/M07 A3011 RMK SC3SC4 DENSITY ALT -2603FT LAST OBS /NEXT 111100 UTC SLP200
CYAW,2025-02-11 11:00,-63.4994,44.6397,CYAW 111100Z 33005KT 15SM FEW016 FEW230 M17/M19 A3023 RMK CU1CI1 DENSITY ALT -4211FT FST OBS SLP242
CYAW,2025-02-11 12:00,-63.4994,44.6397,CYAW 111200Z 04003KT 15SM FEW016 FEW110 FEW230 M17/M20 A3025 RMK CU1AC1CI1 DENSITY ALT -4331FT SLP247
CYAW,2025-02-11 13:00,-63.4994,44.6397,CYAW 111300Z 32005KT 15SM FEW028 FEW110 FEW230 M13/M17 A3025 RMK SC1AC1CI1 DENSITY ALT -3697FT SLP248
CYAW,2025-02-11 14:00,-63.4994,44.6397,CYAW 111400Z 31014KT 15SM SCT028 M12/M17 A3026 RMK SC3 DENSITY ALT -3561FT SLP250
CYAW,2025-02-11 15:00,-63.4994,44.6397,CYAW 111500Z 30016KT 15SM SCT028 M09/M17 A3026 RMK SC3 DENSITY ALT -3252FT SLP251
CYAW,2025-02-11 16:00,-63.4994,44.6397,CYAW 111600Z 32017G24KT 15SM SCT040 M09/M19 A3025 RMK SC3 DENSITY ALT -3151FT SLP246
CYAW,2025-02-11 17:00,-63.4994,44.6397,CYAW 111700Z 31013G21KT 15SM FEW040 M08/M17 A3021 RMK CU1 DENSITY ALT -2997FT SLP233
CYAW,2025-02-11 18:00,-63.4994,44.6397,CYAW 111800Z 30007KT 15SM FEW030 FEW250 M07/M16 A3022 RMK CF1CI1 DENSITY ALT -2874FT SLP235
CYAW,2025-02-11 19:00,-63.4994,44.6397,CYAW 111900Z 26012KT 15SM FEW030 FEW250 M06/M15 A3021 RMK CF1CI1 DENSITY ALT -2729FT SLP233
CYAW,2025-02-11 20:00,-63.4994,44.6397,CYAW 112000Z 27012KT 15SM FEW030 M06/M14 A3020 RMK SC1 DENSITY ALT -2689FT SLP229
CYAW,2025-02-11 21:00,-63.4994,44.6397,CYAW 112100Z 24008KT 15SM BKN040 M06/M13 A3019 RMK SC5 DENSITY ALT -2741FT SLP228
CYAW,2025-02-11 22:00,-63.4994,44.6397,CYAW 112200Z 23005KT 15SM BKN030 M06/M12 A3019 RMK SC6 DENSITY ALT -2711FT SLP228
CYAW,2025-02-11 23:00,-63.4994,44.6397,CYAW 112300Z CCA 23006KT 15SM SCT030 M06/M11 A3019 RMK SC3 DENSITY ALT -2776FT LAST OBS /NEXT 121000 UTC SLP229
CYAW,2025-02-12 10:00,-63.4994,44.6397,CYAW 121000Z 33005KT 15SM FEW230 M10/M12 A3030 RMK CI2 DENSITY ALT -3449FT FST OBS SLP264
CYAW,2025-02-12 11:00,-63.4994,44.6397,CYAW 121100Z 35006KT 15SM FEW120 FEW230 M12/M15 A3032 RMK AC1CI1 DENSITY ALT -3721FT SLP270
CYAW,2025-02-12 12:00,-63.4994,44.6397,CYAW 121200Z 35006KT 15SM FEW120 FEW230 M11/M15 A3035 RMK AC1CI1 DENSITY ALT -3595FT SLP281
CYAW,2025-02-12 13:00,-63.4994,44.6397,CYAW 121300Z 36008KT 15SM FEW020 FEW120 FEW230 M09/M15 A3035 RMK CF1AC1CI1 DENSITY ALT -3327FT SLP283
CYAW,2025-02-12 14:00,-63.4994,44.6397,CYAW 121400Z 36009KT 15SM FEW110 FEW230 M07/M17 A3037 RMK AC1CI1 DENSITY ALT -3141FT SLP289
CYAW,2025-02-12 15:00,-63.4994,44.6397,CYAW 121500Z 36009KT 15SM FEW110 FEW230 M07/M17 A3038 RMK AC1CI1 DENSITY ALT -3034FT SLP290
CYAW,2025-02-12 16:00,-63.4994,44.6397,CYAW 121600Z 33008KT 15SM FEW230 M06/M17 A3037 RMK CI1 DENSITY ALT -2892FT SLP286
CYAW,2025-02-12 17:00,-63.4994,44.6397,CYAW 121700Z 33009KT 15SM FEW230 M05/M18 A3035 RMK CI2 DENSITY ALT -2778FT SLP279
CYAW,2025-02-12 18:00,-63.4994,44.6397,CYAW 121800Z 32006KT 15SM FEW230 M04/M18 A3035 RMK CI2 DENSITY ALT -2712FT SLP282
CYAW,2025-02-12 19:00,-63.4994,44.6397,CYAW 121900Z 31006KT 15SM FEW250 M04/M17 A3035 RMK CI2 DENSITY ALT -2672FT SLP280
CYAW,2025-02-12 20:00,-63.4994,44.6397,CYAW 122000Z 35007KT 15SM FEW250 M05/M18 A3036 RMK CI1 DENSITY ALT -2777FT SLP284
CYAW,2025-02-12 21:00,-63.4994,44.6397,CYAW 122100Z 35007KT 15SM FEW250 M06/M20 A3036 RMK CI1 DENSITY ALT -2949FT SLP284
CYAW,2025-02-12 22:00,-63.4994,44.6397,CYAW 122200Z 34005KT 15SM FEW250 M08/M18 A3041 RMK CI1 DENSITY ALT -3203FT SLP300
CYAW,2025-02-12 23:00,-63.4994,44.6397,CYAW 122300Z 33005KT 15SM SKC M10/M18 A3046 RMK DENSITY ALT -3539FT SLP319
CYAW,2025-02-13 00:00,-63.4994,44.6397,CYAW 130000Z CCA 34002KT 15SM SKC M11/M18 A3048 RMK DENSITY ALT -3682FT LAST OBS /NEXT 131100 UTC SLP326
CYAW,2025-02-13 11:00,-63.4994,44.6397,CYAW 131100Z 04006KT 15SM BKN095 M11/M17 A3049 RMK AC7 DENSITY ALT -3800FT FST OBS SLP328
CYAW,2025-02-13 12:00,-63.4994,44.6397,CYAW 131200Z 05007KT 15SM FEW025 BKN090 M10/M16 A3047 RMK CF1AC7 DENSITY ALT -3640FT SLP321
CYAW,2025-02-13 13:00,-63.4994,44.6397,CYAW 131300Z 07007KT 15SM FEW025 OVC090 M09/M14 A3045 RMK CF1AC8 DENSITY ALT -3414FT SLP314
CYAW,2025-02-13 14:00,-63.4994,44.6397,CYAW 131400Z 08005KT 15SM FEW015 BKN025 OVC090 M07/M12 A3043 RMK CF1SC7AC1 DENSITY ALT -3173FT SLP309
CYAW,2025-02-13 15:00,-63.4994,44.6397,CYAW 131500Z 12012G19KT 15SM FEW015 BKN030 OVC050 M04/M10 A3038 RMK CU2SC4SC2 DENSITY ALT -2705FT SLP290
CYAW,2025-02-13 16:00,-63.4994,44.6397,CYAW 131600Z 12015G22KT 15SM DRSN BKN020 OVC080 M04/M09 A3032 RMK SC6AC2 DENSITY ALT -2567FT SLP271
CYAW,2025-02-13 16:46,-63.4994,44.6397,CYAW 131646Z 12014G23KT 12SM -SHSN DRSN OVC016 M03/M07 A3027 RMK SC8 DENSITY ALT -2452FT PRESFR SLP254
CYAW,2025-02-13 17:00,-63.4994,44.6397,CYAW 131700Z 12018G23KT 12SM -SHSN DRSN OVC016 M03/M07 A3026 RMK SC8 DENSITY ALT -2414FT PRESFR SLP250
CYAW,2025-02-13 17:32,-63.4994,44.6397,CYAW 131732Z 13015G24KT 2SM -SN DRSN OVC020 M03/M06 A3021 RMK SC8 DENSITY ALT -2314FT PRESFR SLP234
CYAW,2025-02-13 18:00,-63.4994,44.6397,CYAW 131800Z CCA 13017G25KT 1 1/2SM -SN DRSN OVC015 M03/M05 A3017 RMK SC8 DENSITY ALT -2277FT PRESFR LAST OBS /NEXT 141000 UTC SLP220
CYAW,2025-02-14 10:00,-63.4994,44.6397,CYAW 141000Z 29027G36KT 15SM FEW030 M03/M09 A2963 RMK SC2 DENSITY ALT -1636FT FST OBS SLP036
CYAW,2025-02-14 11:00,-63.4994,44.6397,CYAW 141100Z 29026G38KT 15SM FEW024 FEW033 M04/M10 A2966 RMK CF1SC1 DENSITY ALT -1790FT SLP047
CYAW,2025-02-14 12:00,-63.4994,44.6397,CYAW 141200Z 29020G35KT 15SM SCT034 M04/M10 A2970 RMK SC4 DENSITY ALT -1904FT SLP059
CYAW,2025-02-14 13:00,-63.4994,44.6397,CYAW 141300Z 30027G40KT 15SM BKN032 M04/M11 A2972 RMK SC5 DENSITY ALT -1864FT SLP067
CYAW,2025-02-14 13:34,-63.4994,44.6397,CYAW 141334Z 30024G32KT 15SM -SHSN BKN033 M03/M10 A2973 RMK SC5 DENSITY ALT -1822FT SLP070
CYAW,2025-02-14 14:00,-63.4994,44.6397,CYAW 141400Z 31020G33KT 12SM -SHSN BKN030 M04/M09 A2975 RMK SC7 DENSITY ALT -1919FT SLP076
CYAW,2025-02-14 15:00,-63.4994,44.6397,CYAW 141500Z 30024G36KT 10SM -SHSN BKN030 M04/M11 A2976 RMK SC7 DENSITY ALT -1988FT SLP081
CYAW,2025-02-14 15:14,-63.4994,44.6397,CYAW 141514Z 30023G29KT 2 1/2SM -SHSN BKN028 M04/M08 A2977 RMK SC7 DENSITY ALT -1990FT SLP084
CYAW,2025-02-14 15:23,-63.4994,44.6397,CYAW 141523Z 29024G33KT 8SM -SHSN BKN029 M05/M11 A2977 RMK SC7 DENSITY ALT -2064FT SLP083
CYAW,2025-02-14 15:38,-63.4994,44.6397,CYAW 141538Z 29023G30KT 2SM -SHSN BKN028 M04/M09 A2977 RMK SC7 DENSITY ALT -1983FT VIS VRB 1 1/2-2 1/2 SLP085
CYAW,2025-02-14 15:46,-63.4994,44.6397,CYAW 141546Z 30023G33KT 8SM -SHSN BKN028 M04/M10 A2977 RMK SC7 DENSITY ALT -2011FT SLP085
CYAW,2025-02-14 16:00,-63.4994,44.6397,CYAW 141600Z 28026G39KT 8SM -SHSN BKN029 M04/M12 A2977 RMK SC6 DENSITY ALT -2015FT CU ASOCTD SLP083
CYAW,2025-02-14 16:43,-63.4994,44.6397,CYAW 141643Z 28023G33KT 15SM BKN038 M03/M12 A2976 RMK SC5 DENSITY ALT -1838FT SLP081
CYAW,2025-02-14 17:00,-63.4994,44.6397,CYAW 141700Z 30025G34KT 15SM SCT040 M03/M12 A2976 RMK SC4 DENSITY ALT -1812FT SLP082
CYAW,2025-02-14 18:00,-63.4994,44.6397,CYAW 141800Z 31026G34KT 15SM SCT040 M03/M13 A2977 RMK SC4 DENSITY ALT -1876FT SLP083
CYAW,2025-02-14 19:00,-63.4994,44.6397,CYAW 141900Z 30026G38KT 15SM SCT040 M03/M13 A2979 RMK SC3 DENSITY ALT -1912FT SLP089
CYAW,2025-02-14 20:00,-63.4994,44.6397,CYAW 142000Z 30025G35KT 15SM SCT040 M04/M13 A2983 RMK SC3 DENSITY ALT -2037FT LAST OBS /NEXT 181100 UTC SLP103
CYAW,2025-02-18 11:00,-63.4994,44.6397,CYAW 181100Z 28028G36KT 12SM OVC036 M08/M14 A2925 RMK SC8 DENSITY ALT -1930FT FST OBS SLP908
CYAW,2025-02-18 11:11,-63.4994,44.6397,CYAW 181111Z 28027G38KT 12SM -SHSN OVC038 M08/M14 A2925 RMK SC8 DENSITY ALT -1930FT PCPN VRY LGT SLP908
CYAW,2025-02-18 12:00,-63.4994,44.6397,CYAW 181200Z 28020G36KT 10SM -SHSN BKN028 OVC040 M08/M13 A2929 RMK SC6SC2 DENSITY ALT -2003FT SLP922
CYAW,2025-02-18 13:00,-63.4994,44.6397,CYAW 181300Z 29031G40KT 10SM -SHSN BKN031 OVC040 M08/M14 A2931 RMK SC6SC2 DENSITY ALT -1977FT PCPN VRY LGT SLP930
CYAW,2025-02-18 13:14,-63.4994,44.6397,CYAW 181314Z 29026G35KT 2SM -SHSN BKN028 OVC040 M08/M14 A2932 RMK SC6SC2 DENSITY ALT -1961FT VIS VRB 1 1/2-2 1/2 PCPN VRY LGT SLP932
CYAW,2025-02-18 13:47,-63.4994,44.6397,CYAW 181347Z 29022G37KT 10SM -SHSN DRSN SCT026 BKN038 M08/M14 A2933 RMK SC3SC4 DENSITY ALT -2012FT PCPN VRY LGT SLP937
CYAW,2025-02-18 14:00,-63.4994,44.6397,CYAW 181400Z 29029G38KT 10SM -SHSN SCT026 BKN038 M08/M15 A2933 RMK SC3SC4 DENSITY ALT -1989FT PCPN VRY LGT SLP937
CYAW,2025-02-18 14:10,-63.4994,44.6397,CYAW 181410Z 28026G39KT 12SM BKN026 BKN038 M08/M15 A2934 RMK SC5SC2 DENSITY ALT -1987FT SLP938
CYAW,2025-02-18 15:00,-63.4994,44.6397,CYAW 181500Z 29031G38KT 12SM BKN032 BKN110 M08/M15 A2935 RMK SC6AC1 DENSITY ALT -2065FT SLP942
CYAW,2025-02-18 16:00,-63.4994,44.6397,CYAW 181600Z 30022G33KT 15SM BKN032 BKN110 M07/M14 A2936 RMK SC5AC1 DENSITY ALT -1891FT SLP945
CYAW,2025-02-18 17:00,-63.4994,44.6397,CYAW 181700Z 29024G32KT 15SM BKN036 M07/M14 A2938 RMK SC7 DENSITY ALT -1862FT SLP951
CYAW,2025-02-18 18:00,-63.4994,44.6397,CYAW 181800Z 31021G32KT 15SM OVC033 M06/M13 A2940 RMK SC8 DENSITY ALT -1818FT SLP959
CYAW,2025-02-18 19:00,-63.4994,44.6397,CYAW 181900Z 30020G27KT 15SM BKN031 M06/M13 A2943 RMK SC7 DENSITY ALT -1867FT SLP968
CYAW,2025-02-18 20:00,-63.4994,44.6397,CYAW 182000Z 30019G26KT 15SM BKN028 M06/M13 A2947 RMK SC7 DENSITY ALT -1940FT SLP983
CYAW,2025-02-18 20:44,-63.4994,44.6397,CYAW 182044Z 29018G24KT 15SM BKN028 M07/M13 A2950 RMK SC7 DENSITY ALT -2000FT LAST OBS /NEXT 191100 UTC SLP992
CYAW,2025-02-19 15:00,-63.4994,44.6397,CYAW 191500Z 32015KT 15SM FEW020 FEW120 SCT250 M03/M06 A2986 RMK SC1AC1CI2 DENSITY ALT -1934FT WIND EST SENT VIA CYCX FST OBS SLP115
CYAW,2025-02-19 16:00,-63.4994,44.6397,CYAW 191600Z 32010KT 15SM FEW020 FEW250 M03/M06 A2987 RMK SC1CI1 DENSITY ALT -1947FT WIND EST SENT VIA CYCX SLP117
CYAW,2025-02-19 17:00,-63.4994,44.6397,CYAW 191700Z 32008KT 15SM FEW020 FEW120 FEW250 M01/M04 A2987 RMK SC1AC1CI1 DENSITY ALT -1682FT WIND EST SENT VIA CYCX SLP117
CYAW,2025-02-19 18:00,-63.4994,44.6397,CYAW 191800Z 32004KT 15SM FEW020 FEW120 FEW250 M00/M02 A2988 RMK SC1AC1CI1 DENSITY ALT -1617FT WIND EST SENT VIA CYCX SLP120
CYAW,2025-02-19 19:00,-63.4994,44.6397,CYAW 191900Z 32004KT 15SM FEW020 FEW120 00/M01 A2989 RMK SC1AC1 DENSITY ALT -1549FT WIND EST SENT VIA CYCX SLP124
CYAW,2025-02-19 20:00,-63.4994,44.6397,CYAW 192000Z 32002KT 15SM FEW120 01/M04 A2989 RMK AC1 DENSITY ALT -1512FT WIND EST SENT VIA CYCX SLP125
CYAW,2025-02-19 21:00,-63.4994,44.6397,CYAW 192100Z CCA 32002KT 15SM FEW120 01/M05 A2992 RMK AC1 DENSITY ALT -1512FT WIND EST SENT VIA CYCX SLP133
CYAW,2025-02-19 22:00,-63.4994,44.6397,CYAW 192200Z 32002KT 15SM FEW230 M00/M06 A2992 RMK CI2 DENSITY ALT -1681FT WIND EST SENT VIA CYCX SLP134
CYAW,2025-02-19 23:00,-63.4994,44.6397,CYAW 192300Z 32004KT 15SM FEW230 M01/M09 A2993 RMK CI1 DENSITY ALT -1834FT WIND EST SENT VIA CYCX SLP139
CYAW,2025-02-20 00:00,-63.4994,44.6397,CYAW 200000Z 32004KT 15SM FEW230 M02/M07 A2995 RMK CI1 DENSITY ALT -1978FT WIND EST SENT VIA CYCX LAST OBS /NEXT 201400 UTC SLP144
CYAW,2025-02-20 14:00,-63.4994,44.6397,CYAW 201400Z 32005KT 15SM FEW015 BKN250 M04/M07 A2989 RMK SC2CI4 DENSITY ALT -2168FT WIND EST SENT VIA CYCX FST OBS SLP124
CYAW,2025-02-20 14:45,-63.4994,44.6397,CYAW 201445Z 32005KT 15SM OVC014 M04/M06 A2990 RMK SC8 DENSITY ALT -2175FT WIND EST SLP128
CYAW,2025-02-20 15:00,-63.4994,44.6397,CYAW 201500Z 32005KT 15SM OVC014 M04/M07 A2989 RMK SC8 DENSITY ALT -2165FT WIND EST SLP123
CYAW,2025-02-20 15:48,-63.4994,44.6397,CYAW 201548Z 32005KT 15SM SCT015 BKN250 M04/M08 A2985 RMK SC3CI4 DENSITY ALT -2083FT SLP111
CYAW,2025-02-20 16:00,-63.4994,44.6397,CYAW 201600Z 32005KT 15SM FEW015 BKN250 M04/M06 A2986 RMK SC2CI5 DENSITY ALT -2011FT WIND EST SLP113
CYAW,2025-02-20 17:00,-63.4994,44.6397,CYAW 201700Z 32002KT 15SM FEW015 BKN250 M02/M04 A2982 RMK SC1CI6 DENSITY ALT -1812FT WIND EST SLP100
CYAW,2025-02-20 18:00,-63.4994,44.6397,CYAW 201800Z 32002KT 15SM FEW015 OVC250 M02/M06 A2982 RMK SC1CI8 DENSITY ALT -1758FT WIND EST SLP099
CYAW,2025-02-20 19:00,-63.4994,44.6397,CYAW 201900Z 32002KT 15SM FEW015 OVC250 M03/M06 A2979 RMK SC1CI8 DENSITY ALT -1902FT WIND EST SLP089
CYAW,2025-02-20 20:00,-63.4994,44.6397,CYAW 202000Z 32004KT 15SM FEW015 SCT120 OVC250 M02/M04 A2977 RMK SC1AC3CI5 DENSITY ALT -1717FT WIND EST SLP083
CYAW,2025-02-20 21:00,-63.4994,44.6397,CYAW 202100Z 32002KT 15SM SCT120 OVC250 M02/M06 A2975 RMK AC4CI4 DENSITY ALT -1676FT WIND EST SLP077
CYAW,2025-02-20 21:40,-63.4994,44.6397,CYAW 202140Z 32002KT 15SM FEW120 OVC250 M02/M07 A2974 RMK AC2CI6 DENSITY ALT -1667FT WIND EST LAST OBS /NEXT 241100 UTC SLP074
CYAW,2025-02-24 11:00,-63.4994,44.6397,CYAW 241100Z 32006KT 15SM FEW020 M06/M07 A3008 RMK SC1 DENSITY ALT -2569FT FST OBS SLP188
CYAW,2025-02-24 12:00,-63.4994,44.6397,CYAW 241200Z 32006KT 15SM FEW020 M06/M08 A3010 RMK SC1 DENSITY ALT -2608FT SLP194
CYAW,2025-02-24 13:00,-63.4994,44.6397,CYAW 241300Z 33003KT 15SM FEW020 FEW230 M03/M07 A3012 RMK SC1CI1 DENSITY ALT -2289FT SLP203
CYAW,2025-02-24 14:00,-63.4994,44.6397,CYAW 241400Z 31004KT 15SM FEW230 M01/M06 A3014 RMK CI1 DENSITY ALT -2052FT SLP209
CYAW,2025-02-24 15:00,-63.4994,44.6397,CYAW 241500Z 29006KT 15SM FEW024 FEW230 00/M06 A3015 RMK CU1CI1 DENSITY ALT -1834FT SLP211
CYAW,2025-02-24 16:00,-63.4994,44.6397,CYAW 241600Z 27005KT 15SM FEW036 FEW230 02/M07 A3014 RMK CU1CI1 DENSITY ALT -1662FT SLP210
CYAW,2025-02-24 17:00,-63.4994,44.6397,CYAW 241700Z 24003KT 15SM FEW040 03/M08 A3013 RMK CU1 DENSITY ALT -1528FT SLP206
CYAW,2025-02-24 18:00,-63.4994,44.6397,CYAW 241800Z 17008KT 15SM SCT040 02/M06 A3012 RMK SC3 DENSITY ALT -1569FT SLP201
CYAW,2025-02-24 19:00,-63.4994,44.6397,CYAW 241900Z 18006KT 15SM FEW040 03/M07 A3011 RMK SC2 DENSITY ALT -1514FT SLP198
CYAW,2025-02-24 20:00,-63.4994,44.6397,CYAW 242000Z 21010G16KT 15SM FEW040 02/M08 A3012 RMK SC2 DENSITY ALT -1641FT LAST OBS /NEXT 251000 UTC SLP201
CYAW,2025-02-25 10:00,-63.4994,44.6397,CYAW 251000Z 19005KT 15SM BKN024 OVC120 01/M00 A2995 RMK SC5AC3 DENSITY ALT -1509FT FST OBS SLP144
CYAW,2025-02-25 11:00,-63.4994,44.6397,CYAW 251100Z 18008KT 15SM BKN026 OVC140 01/00 A2993 RMK SC6AC2 DENSITY ALT -1433FT SLP139
CYAW,2025-02-25 12:00,-63.4994,44.6397,CYAW 251200Z 19006KT 15SM BKN021 OVC090 02/01 A2994 RMK SC7AC1 DENSITY ALT -1392FT SLP140
CYAW,2025-02-25 12:23,-63.4994,44.6397,CYAW 251223Z CCA 18007KT 12SM BKN008 OVC020 02/01 A2994 RMK SF5SC3 DENSITY ALT -1340FT SLP140
CYAW,2025-02-25 13:00,-63.4994,44.6397,CYAW 251300Z 19008KT 12SM FEW007 OVC020 OVC090 02/01 A2992 RMK SF2SC6AC1 DENSITY ALT -1277FT SLP134
CYAW,2025-02-25 14:00,-63.4994,44.6397,CYAW 251400Z 22011G16KT 15SM FEW014 SCT090 BKN230 06/02 A2991 RMK SC1AC2CI4 DENSITY ALT -874FT SLP132
CYAW,2025-02-25 15:00,-63.4994,44.6397,CYAW 251500Z 23011G20KT 15SM FEW014 FEW090 BKN230 07/01 A2990 RMK SC1AC1CI4 DENSITY ALT -744FT SLP126
CYAW,2025-02-25 16:00,-63.4994,44.6397,CYAW 251600Z 22012KT 15SM SCT090 BKN230 07/01 A2990 RMK AC3CI4 DENSITY ALT -672FT SLP125
CYAW,2025-02-25 17:00,-63.4994,44.6397,CYAW 251700Z 22009G15KT 15SM FEW090 BKN230 08/01 A2987 RMK AC2CI5 DENSITY ALT -588FT SLP115
CYAW,2025-02-25 18:00,-63.4994,44.6397,CYAW 251800Z 21008KT 15SM FEW090 BKN230 07/01 A2986 RMK AC2CI5 DENSITY ALT -637FT SLP112
CYAW,2025-02-25 19:00,-63.4994,44.6397,CYAW 251900Z 20007KT 15SM SCT090 OVC230 07/00 A2984 RMK AC3CI5 DENSITY ALT -629FT SLP105
CYAW,2025-02-25 20:00,-63.4994,44.6397,CYAW 252000Z CCA 19005KT 15SM FEW090 BKN150 OVC230 05/M00 A2985 RMK AC2AC3CI3 DENSITY ALT -891FT LAST OBS /NEXT 261000 UTC SLP111
CYAW,2025-02-26 10:00,-63.4994,44.6397,CYAW 261000Z 11005KT 1/4SM -SHRA FG VV002 01/01 A2958 RMK FG8 DENSITY ALT -1008FT FST OBS SLP019
CYAW,2025-02-26 10:38,-63.4994,44.6397,CYAW 261038Z 34002KT 1/4SM FG VV002 01/01 A2957 RMK FG8 DENSITY ALT -1009FT SLP014
CYAW,2025-02-26 11:00,-63.4994,44.6397,CYAW 261100Z 04002KT 1/4SM FG VV002 01/01 A2956 RMK FG8 DENSITY ALT -1011FT SLP011
CYAW,2025-02-26 12:00,-63.4994,44.6397,CYAW 261200Z 03002KT 1/4SM -SHRA FG VV002 01/01 A2953 RMK FG8 DENSITY ALT -949FT SLP002
CYAW,2025-02-26 12:34,-63.4994,44.6397,CYAW 261234Z 06002KT 1/4SM FG VV002 01/01 A2951 RMK FG8 DENSITY ALT -925FT SLP995
CYAW,2025-02-26 13:00,-63.4994,44.6397,CYAW 261300Z 08004KT 1/4SM FG VV002 02/01 A2948 RMK FG8 DENSITY ALT -864FT SLP986
CYAW,2025-02-26 14:00,-63.4994,44.6397,CYAW 261400Z 34004KT 1/4SM FG VV002 02/02 A2944 RMK FG8 DENSITY ALT -738FT SLP972
CYAW,2025-02-26 15:00,-63.4994,44.6397,CYAW 261500Z 32008KT 1/2SM FG OVC002 03/02 A2940 RMK FG2ST6 DENSITY ALT -638FT SLP957
CYAW,2025-02-26 15:39,-63.4994,44.6397,CYAW 261539Z 32010KT 2SM BR OVC003 03/03 A2939 RMK ST8 DENSITY ALT -587FT SLP953
CYAW,2025-02-26 16:00,-63.4994,44.6397,CYAW 261600Z 32009KT 8SM BKN004 OVC012 04/03 A2937 RMK SF5SC3 DENSITY ALT -484FT SLP948
CYAW,2025-02-26 16:28,-63.4994,44.6397,CYAW 261628Z 33008KT 12SM FEW012 FEW020 SCT070 04/04 A2935 RMK SF2SC1AC1 DENSITY ALT -356FT SLP942
CYAW,2025-02-26 17:00,-63.4994,44.6397,CYAW 261700Z 32015G22KT 15SM FEW014 FEW070 BKN230 06/02 A2934 RMK SC2AC1CI3 DENSITY ALT -157FT SLP939
CYAW,2025-02-26 18:00,-63.4994,44.6397,CYAW 261800Z 31016G25KT 15SM OVC024 05/02 A2935 RMK SC8 DENSITY ALT -248FT SLP941
CYAW,2025-02-26 19:00,-63.4994,44.6397,CYAW 261900Z 30010G17KT 15SM OVC024 05/01 A2938 RMK SC8 DENSITY ALT -336FT SLP949
CYAW,2025-02-26 20:00,-63.4994,44.6397,CYAW 262000Z 30016G22KT 15SM OVC019 04/01 A2943 RMK SC8 DENSITY ALT -457FT SLP966
CYAW,2025-02-26 20:28,-63.4994,44.6397,CYAW 262028Z CCA 31017KT 15SM OVC019 04/01 A2945 RMK SC8 DENSITY ALT -519FT LAST OBS /NEXT 271100 UTC SLP975
CYAW,2025-02-27 11:00,-63.4994,44.6397,CYAW 271100Z 26003KT 15SM FEW020 FEW120 FEW230 M03/M07 A3004 RMK SC1AC1CI1 DENSITY ALT -2159FT FST OBS SLP176
CYAW,2025-02-27 12:00,-63.4994,44.6397,CYAW 271200Z 23006KT 15SM FEW230 M02/M06 A3008 RMK CI1 DENSITY ALT -2087FT SLP189
CYAW,2025-02-27 13:00,-63.4994,44.6397,CYAW 271300Z 26004KT 15SM FEW230 M01/M07 A3008 RMK CI1 DENSITY ALT -1949FT SLP189
CYAW,2025-02-27 14:00,-63.4994,44.6397,CYAW 271400Z 26005KT 15SM FEW230 00/M08 A3009 RMK CI1 DENSITY ALT -1772FT SLP193
CYAW,2025-02-27 15:00,-63.4994,44.6397,CYAW 271500Z 18005KT 15SM BKN230 01/M09 A3008 RMK CI7 DENSITY ALT -1636FT SLP189
CYAW,2025-02-27 16:00,-63.4994,44.6397,CYAW 271600Z 17007KT 15SM FEW120 BKN230 02/M09 A3004 RMK AC1CI6 DENSITY ALT -1516FT SLP175
CYAW,2025-02-27 17:00,-63.4994,44.6397,CYAW 271700Z 17015KT 15SM FEW120 SCT230 02/M10 A3002 RMK AC2CI1 DENSITY ALT -1444FT SLP169
CYAW,2025-02-27 18:00,-63.4994,44.6397,CYAW 271800Z 17010G16KT 15SM BKN110 BKN230 00/M05 A2998 RMK AC6CI1 DENSITY ALT -1676FT SLP155
CYAW,2025-02-27 19:00,-63.4994,44.6397,CYAW 271900Z 18007KT 15SM BKN060 BKN110 OVC230 00/M05 A2997 RMK SC5AC2CI1 DENSITY ALT -1647FT SLP152
CYAW,2025-02-27 20:00,-63.4994,44.6397,CYAW 272000Z 17009KT 15SM SCT025 BKN080 OVC230 00/M04 A2995 RMK SC4AC3CI1 DENSITY ALT -1642FT LAST OBS /NEXT 031100 UTC SLP145
CYAW,2025-03-03 11:00,-63.4994,44.6397,CYAW 031100Z 30008KT 15SM FEW030 M11/M15 A3002 RMK SC2 DENSITY ALT -3157FT FST OBS SLP169
CYAW,2025-03-03 11:54,-63.4994,44.6397,CYAW 031154Z 31009KT 15SM -SHSN SCT030 M10/M15 A3003 RMK SC4 DENSITY ALT -3129FT SLP174
CYAW,2025-03-03 12:00,-63.4994,44.6397,CYAW 031200Z 32010KT 15SM -SHSN BKN030 M10/M15 A3003 RMK SC5 DENSITY ALT -3128FT SLP174
CYAW,2025-03-03 13:00,-63.4994,44.6397,CYAW 031300Z 33008KT 15SM -SHSN SCT030 M10/M15 A3004 RMK SC4 DENSITY ALT -3033FT PCPN VRY LGT SLP175
CYAW,2025-03-03 13:45,-63.4994,44.6397,CYAW 031345Z 33009KT 15SM FEW030 M09/M15 A3004 RMK SC2 DENSITY ALT -2955FT SLP176
CYAW,2025-03-03 14:00,-63.4994,44.6397,CYAW 031400Z 34009G15KT 15SM FEW030 M09/M15 A3004 RMK SC2 DENSITY ALT -2901FT SLP176
CYAW,2025-03-03 15:00,-63.4994,44.6397,CYAW 031500Z 33008G15KT 15SM FEW030 M07/M15 A3003 RMK SC1 DENSITY ALT -2677FT SLP173
CYAW,2025-03-03 16:00,-63.4994,44.6397,CYAW 031600Z 34010KT 15SM FEW025 M06/M15 A3002 RMK SC1 DENSITY ALT -2522FT SLP169
CYAW,2025-03-03 17:00,-63.4994,44.6397,CYAW 031700Z 29003KT 15SM FEW025 M06/M16 A3001 RMK SC1 DENSITY ALT -2487FT SLP165
CYAW,2025-03-03 18:00,-63.4994,44.6397,CYAW 031800Z 35006KT 15SM FEW025 M05/M16 A3000 RMK CF1 DENSITY ALT -2357FT SLP161
CYAW,2025-03-03 19:00,-63.4994,44.6397,CYAW 031900Z 35010KT 15SM FEW025 FEW250 M04/M16 A2999 RMK SC1CI1 DENSITY ALT -2267FT SLP158
CYAW,2025-03-03 20:00,-63.4994,44.6397,CYAW 032000Z 35009KT 15SM FEW025 FEW250 M04/M17 A2998 RMK SC1CI1 DENSITY ALT -2284FT SLP155
CYAW,2025-03-03 21:00,-63.4994,44.6397,CYAW 032100Z 35008KT 15SM FEW025 M05/M16 A2998 RMK SC1 DENSITY ALT -2335FT SLP156
CYAW,2025-03-03 22:00,-63.4994,44.6397,CYAW 032200Z 34009KT 15SM FEW025 M06/M16 A3001 RMK SC1 DENSITY ALT -2539FT SLP165
CYAW,2025-03-03 23:00,-63.4994,44.6397,CYAW 032300Z 33010G16KT 15SM SKC M07/M15 A3003 RMK DENSITY ALT -2743FT SLP174
CYAW,2025-03-04 00:00,-63.4994,44.6397,CYAW 040000Z CCA 33008KT 15SM SKC M08/M14 A3006 RMK DENSITY ALT -2883FT LAST OBS /NEXT 041100 UTC SLP183
CYAW,2025-03-04 11:00,-63.4994,44.6397,CYAW 041100Z 00000KT 15SM FEW120 M13/M15 A3017 RMK AC1 DENSITY ALT -3670FT FST OBS SLP222
CYAW,2025-03-04 12:00,-63.4994,44.6397,CYAW 041200Z 26004KT 15SM FEW024 M08/M14 A3019 RMK CF1 DENSITY ALT -2995FT SLP228
CYAW,2025-03-04 13:00,-63.4994,44.6397,CYAW 041300Z 29004KT 15SM FEW024 M07/M14 A3020 RMK CF1 DENSITY ALT -2834FT SLP230
CYAW,2025-03-04 14:00,-63.4994,44.6397,CYAW 041400Z 35010KT 15SM FEW025 M06/M12 A3020 RMK CF1 DENSITY ALT -2763FT SLP230
CYAW,2025-03-04 15:00,-63.4994,44.6397,CYAW 041500Z 27009G15KT 15SM BKN250 M04/M15 A3019 RMK CI6 DENSITY ALT -2420FT SLP228
CYAW,2025-03-04 16:00,-63.4994,44.6397,CYAW 041600Z 28009KT 15SM FEW120 BKN250 M02/M13 A3019 RMK AC1CI7 DENSITY ALT -2197FT SLP225
CYAW,2025-03-04 17:00,-63.4994,44.6397,CYAW 041700Z 24011KT 15SM FEW030 BKN140 BKN250 M01/M12 A3017 RMK CF1AC6CI1 DENSITY ALT -2068FT SLP218
CYAW,2025-03-04 18:00,-63.4994,44.6397,CYAW 041800Z 25008G16KT 15SM FEW030 BKN140 BKN250 M01/M11 A3015 RMK CF1AC5CI2 DENSITY ALT -1978FT SLP212
CYAW,2025-03-04 19:00,-63.4994,44.6397,CYAW 041900Z 23011G20KT 15SM FEW043 SCT250 00/M09 A3014 RMK SC1CI3 DENSITY ALT -1833FT SLP210
CYAW,2025-03-04 20:00,-63.4994,44.6397,CYAW 042000Z 23014G21KT 15SM FEW040 FEW080 SCT250 01/M08 A3013 RMK SC1AC1CI2 DENSITY ALT -1779FT SLP207
CYAW,2025-03-04 21:00,-63.4994,44.6397,CYAW 042100Z 22013G19KT 15SM FEW030 BKN075 M00/M06 A3012 RMK SC1AC7 DENSITY ALT -1863FT SLP203
CYAW,2025-03-04 22:00,-63.4994,44.6397,CYAW 042200Z CCA 23012G21KT 15SM BKN070 00/M05 A3011 RMK AC7 DENSITY ALT -1833FT LAST OBS /NEXT 051100 UTC SLP200
CYAW,2025-03-05 11:00,-63.4994,44.6397,CYAW 051100Z 25005KT 6SM -SHRA BR OVC004 01/01 A3003 RMK SF8 DENSITY ALT -1532FT FST OBS SLP170
CYAW,2025-03-05 12:00,-63.4994,44.6397,CYAW 051200Z 23004KT 8SM -SHRA BKN004 OVC010 02/01 A3003 RMK SF7SC1 DENSITY ALT -1492FT SLP173
CYAW,2025-03-05 13:00,-63.4994,44.6397,CYAW 051300Z 34003KT 8SM -SHRA BKN004 OVC010 02/02 A3005 RMK SF7SC1 DENSITY ALT -1449FT SLP179
CYAW,2025-03-05 14:00,-63.4994,44.6397,CYAW 051400Z 24005KT 4SM -SHRA BR OVC004 03/02 A3006 RMK SF8 DENSITY ALT -1395FT SLP182
CYAW,2025-03-05 14:25,-63.4994,44.6397,CYAW 051425Z 22005KT 6SM BR BKN004 OVC036 03/02 A3007 RMK SF7SC1 DENSITY ALT -1380FT SLP184
CYAW,2025-03-05 15:00,-63.4994,44.6397,CYAW 051500Z 24005KT 6SM BR BKN004 OVC034 03/03 A3006 RMK SF7SC1 DENSITY ALT -1303FT SLP181
CYAW,2025-03-05 15:24,-63.4994,44.6397,CYAW 051524Z 26005KT 8SM BKN006 OVC034 04/03 A3006 RMK SF7SC1 DENSITY ALT -1251FT SLP180
CYAW,2025-03-05 16:00,-63.4994,44.6397,CYAW 051600Z 24005KT 12SM BKN010 OVC130 04/03 A3005 RMK SC7AC1 DENSITY ALT -1166FT SLP177
CYAW,2025-03-05 17:00,-63.4994,44.6397,CYAW 051700Z 21004KT 15SM OVC011 05/03 A3003 RMK SC8 DENSITY ALT -1055FT SLP172
CYAW,2025-03-05 18:00,-63.4994,44.6397,CYAW 051800Z 21005KT 12SM OVC011 05/03 A3003 RMK SC8 DENSITY ALT -1102FT SLP170
CYAW,2025-03-05 19:00,-63.4994,44.6397,CYAW 051900Z 20003KT 12SM BKN012 OVC044 05/03 A3001 RMK SC6SC2 DENSITY ALT -1042FT SLP166
CYAW,2025-03-05 19:31,-63.4994,44.6397,CYAW 051931Z 17006KT 8SM -SHRA OVC012 03/02 A3001 RMK SC8 DENSITY ALT -1274FT SLP165
CYAW,2025-03-05 19:45,-63.4994,44.6397,CYAW 051945Z 15005KT 5SM -SHRA BR OVC009 03/02 A3001 RMK SC8 DENSITY ALT -1285FT SLP163
CYAW,2025-03-05 20:00,-63.4994,44.6397,CYAW 052000Z 18004KT 4SM -SHRA BR OVC009 03/02 A3001 RMK SC8 DENSITY ALT -1324FT PCPN VRY LGT SLP165
CYAW,2025-03-05 20:26,-63.4994,44.6397,CYAW 052026Z 17003KT 1 1/2SM -SHRA BR FEW001 OVC005 03/02 A3001 RMK SF2SF6 DENSITY ALT -1337FT VIS VRB 1-2 SLP165
CYAW,2025-03-05 20:35,-63.4994,44.6397,CYAW 052035Z 17005KT 3/4SM -SHRA BR BKN002 OVC004 03/02 A3001 RMK SF5SF3 DENSITY ALT -1350FT VIS VRB 1/2-1 SLP165
CYAW,2025-03-05 21:00,-63.4994,44.6397,CYAW 052100Z 18004KT 1/4SM -SHRA FG OVC002 02/02 A3001 RMK SF8 DENSITY ALT -1389FT SLP163
CYAW,2025-03-05 21:36,-63.4994,44.6397,CYAW 052136Z 18003KT 3/8SM FG VV002 03/02 A3001 RMK FG8 DENSITY ALT -1350FT VIS VRB 1/4-5/8 SLP165
CYAW,2025-03-05 22:00,-63.4994,44.6397,CYAW 052200Z 21004KT 1SM -SHRA BR OVC003 03/02 A3001 RMK SF8 DENSITY ALT -1322FT VIS VRB 3/4-1 1/4 SLP166
CYAW,2025-03-05 22:49,-63.4994,44.6397,CYAW 052249Z 26002KT 3SM -SHRA BR BKN005 OVC045 04/03 A3001 RMK SF6SC2 DENSITY ALT -1230FT LAST OBS /NEXT 061100 UTC SLP165
CYAW,2025-03-06 11:00,-63.4994,44.6397,CYAW 061100Z 19008KT 12SM OVC054 05/04 A2977 RMK SC8 DENSITY ALT -744FT FST OBS SLP083
CYAW,2025-03-06 12:00,-63.4994,44.6397,CYAW 061200Z 18008KT 10SM BKN048 OVC070 05/04 A2976 RMK SC6AC2 DENSITY ALT -773FT SLP079
CYAW,2025-03-06 13:00,-63.4994,44.6397,CYAW 061300Z 19010G18KT 10SM BKN046 OVC070 06/05 A2974 RMK SC7AC1 DENSITY ALT -578FT SLP072
CYAW,2025-03-06 13:26,-63.4994,44.6397,CYAW 061326Z 18010G17KT 8SM -SHRA SCT004 OVC042 05/04 A2973 RMK SF3SC5 DENSITY ALT -684FT PCPN VRY LGT SLP070
CYAW,2025-03-06 13:47,-63.4994,44.6397,CYAW 061347Z 17008KT 6SM -SHRA BR BKN004 OVC042 05/04 A2972 RMK SF5SC3 DENSITY ALT -673FT PCPN VRY LGT SLP067
CYAW,2025-03-06 14:00,-63.4994,44.6397,CYAW 061400Z 18007KT 6SM BR BKN004 OVC040 06/05 A2972 RMK SF7SC1 DENSITY ALT -633FT SLP065
CYAW,2025-03-06 15:00,-63.4994,44.6397,CYAW 061500Z 18006G15KT 4SM BR OVC004 06/05 A2969 RMK SF8 DENSITY ALT -598FT SLP057
CYAW,2025-03-06 15:34,-63.4994,44.6397,CYAW 061534Z 17009KT 3SM -DZ BR OVC004 06/05 A2967 RMK SF8 DENSITY ALT -537FT SLP048
CYAW,2025-03-06 16:00,-63.4994,44.6397,CYAW 061600Z 17012G21KT 4SM -DZ BR BKN004 OVC044 07/06 A2964 RMK SF6SC2 DENSITY ALT -370FT SLP038
CYAW,2025-03-06 16:11,-63.4994,44.6397,CYAW 061611Z 17017G24KT 4SM BR BKN004 OVC040 07/06 A2963 RMK SF5SC3 DENSITY ALT -308FT SLP037
CYAW,2025-03-06 17:00,-63.4994,44.6397,CYAW 061700Z 17015G25KT 4SM BR BKN004 OVC020 07/06 A2960 RMK SF6SC2 DENSITY ALT -364FT SLP025
CYAW,2025-03-06 17:34,-63.4994,44.6397,CYAW 061734Z 17014G24KT 2 1/2SM BR OVC003 06/05 A2958 RMK SF8 DENSITY ALT -379FT SLP018
CYAW,2025-03-06 18:00,-63.4994,44.6397,CYAW 061800Z 17016G29KT 2SM BR OVC003 07/06 A2955 RMK SF8 DENSITY ALT -290FT SLP009
CYAW,2025-03-06 18:12,-63.4994,44.6397,CYAW 061812Z 18015G24KT 1/4SM FG VV001 07/06 A2955 RMK FG8 DENSITY ALT -277FT VIS VRB 1/8-3/8 SLP007
CYAW,2025-03-06 18:34,-63.4994,44.6397,CYAW 061834Z 17015G22KT 0SM FG VV000 07/06 A2954 RMK FG8 DENSITY ALT -264FT SLP003
CYAW,2025-03-06 19:00,-63.4994,44.6397,CYAW 061900Z 17018G26KT 1/8SM FG VV000 07/06 A2951 RMK FG8 DENSITY ALT -202FT SLP995
CYAW,2025-03-06 20:00,-63.4994,44.6397,CYAW 062000Z 17015G26KT 1/8SM FG VV000 07/06 A2949 RMK FG8 DENSITY ALT -206FT SLP986
CYAW,2025-03-06 21:00,-63.4994,44.6397,CYAW 062100Z CCA 17014G25KT 1/8SM -SHRA FG VV000 06/06 A2947 RMK FG8 DENSITY ALT -221FT LAST OBS /NEXT 070900 UTC SLP979
CYAW,2025-03-07 09:00,-63.4994,44.6397,CYAW 070900Z 13009KT 1/2SM -RA FG VV003 05/05 A2896 RMK FG8 DENSITY ALT 222FT FST OBS SLP807
CYAW,2025-03-07 10:00,-63.4994,44.6397,CYAW 071000Z 20006KT 1/2SM -RA FG VV003 05/05 A2891 RMK FG8 DENSITY ALT 295FT SLP792
CYAW,2025-03-07 10:45,-63.4994,44.6397,CYAW 071045Z 19006KT 1/4SM -RA FG VV002 05/05 A2889 RMK FG8 DENSITY ALT 266FT SLP785
CYAW,2025-03-07 11:00,-63.4994,44.6397,CYAW 071100Z 20007KT 1/4SM -RA FG VV002 05/04 A2889 RMK FG8 DENSITY ALT 252FT SLP783
CYAW,2025-03-07 11:44,-63.4994,44.6397,CYAW 071144Z CCA 18010G21KT 1/4SM -DZ FG VV002 05/05 A2886 RMK FG8 DENSITY ALT 327FT VIS VRB 1/8-3/8 SLP775
CYAW,2025-03-07 12:00,-63.4994,44.6397,CYAW 071200Z 18011G21KT 1/8SM -DZ FG VV002 05/04 A2886 RMK FG8 DENSITY ALT 275FT SLP775
CYAW,2025-03-07 12:51,-63.4994,44.6397,CYAW 071251Z 20013G18KT 3/4SM -DZ BR OVC003 04/03 A2887 RMK SF8 DENSITY ALT 118FT VIS VRB 1/2-1 SLP776
CYAW,2025-03-07 13:00,-63.4994,44.6397,CYAW 071300Z 21013G18KT 3/4SM -DZ BR OVC003 04/03 A2887 RMK SF8 DENSITY ALT 119FT VIS VRB 1/2-1 SLP777
CYAW,2025-03-07 13:41,-63.4994,44.6397,CYAW 071341Z 21010KT 3/4SM BR OVC003 05/04 A2887 RMK SF8 DENSITY ALT 250FT SLP776
CYAW,2025-03-07 14:00,-63.4994,44.6397,CYAW 071400Z CCA 20008G16KT 1 1/2SM BR OVC001 05/04 A2886 RMK SF8 DENSITY ALT 249FT VIS VRB 1-2 SLP775
CYAW,2025-03-07 14:21,-63.4994,44.6397,CYAW 071421Z 21008KT 1/2SM FG VV001 04/04 A2886 RMK FG8 DENSITY ALT 209FT VIS VRB 3/8-5/8 VIS LWR S SLP773
CYAW,2025-03-07 14:34,-63.4994,44.6397,CYAW 071434Z 20010G21KT 1/4SM FG VV001 04/04 A2886 RMK FG8 DENSITY ALT 196FT VIS VRB 1/8-3/8 SLP773
CYAW,2025-03-07 15:00,-63.4994,44.6397,CYAW 071500Z 22008KT 1/4SM FG VV001 04/04 A2885 RMK FG8 DENSITY ALT 182FT VIS VRB 1/8-3/8 SLP771
CYAW,2025-03-07 16:00,-63.4994,44.6397,CYAW 071600Z 22008KT 1/4SM FG VV001 03/03 A2885 RMK FG8 DENSITY ALT 77FT VIS VRB 1/8-3/8 SLP770
CYAW,2025-03-07 16:16,-63.4994,44.6397,CYAW 071616Z 23009G17KT 1SM -DZ BR OVC003 03/03 A2884 RMK SF8 DENSITY ALT 115FT VIS VRB 3/4-1 1/2 SLP766
CYAW,2025-03-07 16:28,-63.4994,44.6397,CYAW 071628Z 25013KT 3SM -DZ BR BKN003 OVC006 04/04 A2884 RMK SF5SF3 DENSITY ALT 193FT SLP766
CYAW,2025-03-07 16:47,-63.4994,44.6397,CYAW 071647Z 26015G21KT 10SM OVC006 05/04 A2883 RMK SF8 DENSITY ALT 310FT SLP765
CYAW,2025-03-07 17:00,-63.4994,44.6397,CYAW 071700Z 25014G22KT 12SM OVC008 05/04 A2883 RMK SF8 DENSITY ALT 322FT SLP765
CYAW,2025-03-07 18:00,-63.4994,44.6397,CYAW 071800Z 26017G26KT 15SM BKN015 05/01 A2884 RMK SC7 DENSITY ALT 314FT SLP766
CYAW,2025-03-07 19:00,-63.4994,44.6397,CYAW 071900Z 28014G23KT 15SM OVC016 04/01 A2886 RMK SC8 DENSITY ALT 179FT SLP773
CYAW,2025-03-07 20:00,-63.4994,44.6397,CYAW 072000Z CCA 27013G20KT 15SM OVC020 03/M01 A2886 RMK SC8 DENSITY ALT 41FT LAST OBS /NEXT 101000 UTC SLP775
CYAW,2025-03-10 10:00,-63.4994,44.6397,CYAW 101000Z 30008KT 15SM FEW030 M03/M06 A2971 RMK SC1 DENSITY ALT -1706FT FST OBS SLP064
CYAW,2025-03-10 11:00,-63.4994,44.6397,CYAW 101100Z 30007KT 15SM FEW020 FEW050 FEW250 M03/M07 A2972 RMK CF1SC1CI1 DENSITY ALT -1735FT SLP068
CYAW,2025-03-10 12:00,-63.4994,44.6397,CYAW 101200Z 30005KT 15SM FEW020 FEW050 FEW250 M02/M07 A2974 RMK CF1SC1CI1 DENSITY ALT -1617FT SLP072
CYAW,2025-03-10 13:00,-63.4994,44.6397,CYAW 101300Z 29008KT 15SM FEW030 FEW050 FEW250 M00/M07 A2976 RMK CF1SC1CI1 DENSITY ALT -1488FT SLP079
CYAW,2025-03-10 14:00,-63.4994,44.6397,CYAW 101400Z 28007KT 15SM FEW030 FEW050 FEW250 00/M08 A2976 RMK CF1SC1CI1 DENSITY ALT -1401FT SLP082
CYAW,2025-03-10 15:00,-63.4994,44.6397,CYAW 101500Z 30008KT 15SM FEW040 BKN080 BKN250 01/M08 A2976 RMK CU2AC4CI1 DENSITY ALT -1274FT SLP078
CYAW,2025-03-10 16:00,-63.4994,44.6397,CYAW 101600Z 27007KT 15SM BKN043 BKN080 02/M07 A2975 RMK CU6AC1 DENSITY ALT -1173FT SLP075
CYAW,2025-03-10 17:00,-63.4994,44.6397,CYAW 101700Z 30006KT 15SM BKN043 BKN080 03/M06 A2972 RMK CU5AC2 DENSITY ALT -996FT SLP067
CYAW,2025-03-10 18:00,-63.4994,44.6397,CYAW 101800Z 24009KT 15SM BKN040 OVC080 02/M05 A2971 RMK SC6AC2 DENSITY ALT -1119FT SLP064
CYAW,2025-03-10 19:00,-63.4994,44.6397,CYAW 101900Z 26009KT 15SM SCT040 BKN055 BKN080 BKN230 02/M05 A2972 RMK SC3SC3AC1CI1 DENSITY ALT -1102FT SLP067
CYAW,2025-03-10 19:50,-63.4994,44.6397,CYAW 101950Z 23009KT 15SM -SHSN SCT030 BKN050 OVC080 01/M05 A2974 RMK SC3SC4AC1 DENSITY ALT -1239FT PCPN VRY LGT SLP073
CYAW,2025-03-10 20:00,-63.4994,44.6397,CYAW 102000Z 25007KT 15SM -SHSN SCT030 BKN050 OVC080 01/M05 A2974 RMK SC4SC3AC1 DENSITY ALT -1264FT PCPN VRY LGT SLP074
CYAW,2025-03-10 21:00,-63.4994,44.6397,CYAW 102100Z 25005KT 15SM -SHSN BKN040 OVC080 01/M03 A2976 RMK SC6AC2 DENSITY ALT -1342FT SLP079
CYAW,2025-03-10 22:00,-63.4994,44.6397,CYAW 102200Z 29004KT 15SM -SHSN FEW015 BKN040 OVC060 01/M02 A2977 RMK SF1SC6SC2 DENSITY ALT -1338FT SLP084
CYAW,2025-03-10 23:00,-63.4994,44.6397,CYAW 102300Z 34007KT 15SM -SHSN FEW015 SCT025 BKN040 BKN060 M00/M03 A2980 RMK SF1SC3SC2SC1 DENSITY ALT -1515FT PCPN VRY LGT SLP095
CYAW,2025-03-10 23:47,-63.4994,44.6397,CYAW 102347Z 33005KT 15SM SCT060 M00/M03 A2982 RMK SC3 DENSITY ALT -1555FT SLP101
CYAW,2025-03-11 00:00,-63.4994,44.6397,CYAW 110000Z 32005KT 15SM SCT060 M01/M04 A2982 RMK SC3 DENSITY ALT -1606FT SLP102
CYAW,2025-03-11 01:00,-63.4994,44.6397,CYAW 110100Z 30006KT 15SM SKC M01/M04 A2986 RMK DENSITY ALT -1667FT SLP113
CYAW,2025-03-11 01:26,-63.4994,44.6397,CYAW 110126Z 29006KT 15SM SKC M01/M04 A2987 RMK DENSITY ALT -1693FT LAST OBS /NEXT 111000 UTC SLP116
CYAW,2025-03-11 10:00,-63.4994,44.6397,CYAW 111000Z 34003KT 15SM FEW250 M07/M08 A2998 RMK CI1 DENSITY ALT -2562FT FST OBS SLP156
CYAW,2025-03-11 11:00,-63.4994,44.6397,CYAW 111100Z 00000KT 15SM FEW250 M06/M08 A3000 RMK CI1 DENSITY ALT -2560FT SLP162
CYAW,2025-03-11 12:00,-63.4994,44.6397,CYAW 111200Z 00000KT 15SM FEW160 FEW250 M03/M07 A3001 RMK AC1CI1 DENSITY ALT -2136FT SLP164
CYAW,2025-03-11 13:00,-63.4994,44.6397,CYAW 111300Z 11003KT 15SM FEW040 FEW250 M01/M08 A3002 RMK SC1CI1 DENSITY ALT -1818FT SLP167
CYAW,2025-03-11 14:00,-63.4994,44.6397,CYAW 111400Z 17007KT 15SM BKN031 BKN250 00/M09 A3002 RMK SC6CI1 DENSITY ALT -1695FT SLP169
CYAW,2025-03-11 15:00,-63.4994,44.6397,CYAW 111500Z 16011KT 15SM FEW040 FEW250 02/M07 A3001 RMK SC2CI1 DENSITY ALT -1537FT SLP165
CYAW,2025-03-11 16:00,-63.4994,44.6397,CYAW 111600Z 17010KT 15SM FEW040 BKN085 01/M04 A3000 RMK SC1AC5 DENSITY ALT -1526FT SLP162
CYAW,2025-03-11 17:00,-63.4994,44.6397,CYAW 111700Z 17012KT 15SM BKN092 02/M03 A2998 RMK AC6 DENSITY ALT -1447FT SLP154
CYAW,2025-03-11 18:00,-63.4994,44.6397,CYAW 111800Z 17011G16KT 15SM SCT120 03/M04 A2994 RMK AC3 DENSITY ALT -1215FT SLP142
CYAW,2025-03-11 19:00,-63.4994,44.6397,CYAW 111900Z 18011G18KT 15SM SCT120 03/M03 A2993 RMK AC3 DENSITY ALT -1248FT SLP138
CYAW,2025-03-11 20:00,-63.4994,44.6397,CYAW 112000Z 18010G16KT 15SM FEW120 BKN240 02/M02 A2991 RMK AC1CI5 DENSITY ALT -1298FT SLP132
CYAW,2025-03-11 21:00,-63.4994,44.6397,CYAW 112100Z 18009G16KT 15SM FEW120 BKN240 02/M02 A2990 RMK AC1CI6 DENSITY ALT -1375FT SLP126
CYAW,2025-03-11 22:00,-63.4994,44.6397,CYAW 112200Z 18008G17KT 15SM FEW120 BKN240 01/M03 A2990 RMK AC1CI6 DENSITY ALT -1428FT SLP126
CYAW,2025-03-11 23:00,-63.4994,44.6397,CYAW 112300Z 18010G16KT 15SM SCT038 SCT120 BKN240 01/M02 A2987 RMK SC3AC1CI2 DENSITY ALT -1388FT SLP116
CYAW,2025-03-12 00:00,-63.4994,44.6397,CYAW 120000Z 19007KT 15SM FEW038 FEW120 BKN240 01/M02 A2986 RMK SC1AC2CI3 DENSITY ALT -1388FT LAST OBS /NEXT 121000 UTC SLP114
CYAW,2025-03-12 10:00,-63.4994,44.6397,CYAW 121000Z 21007KT 3SM -SHRA BR OVC004 04/04 A2974 RMK SF8 DENSITY ALT -801FT FST OBS SLP074
CYAW,2025-03-12 10:19,-63.4994,44.6397,CYAW 121019Z 22005KT 2 1/2SM -SHRA BR OVC004 04/04 A2974 RMK SF8 DENSITY ALT -826FT SLP074
CYAW,2025-03-12 11:00,-63.4994,44.6397,CYAW 121100Z 21005KT 3SM BR OVC004 05/04 A2974 RMK SF8 DENSITY ALT -786FT SLP074
CYAW,2025-03-12 11:37,-63.4994,44.6397,CYAW 121137Z 23004KT 4SM BR SCT004 BKN026 04/04 A2975 RMK SF3SC4 DENSITY ALT -810FT SLP076
CYAW,2025-03-12 12:00,-63.4994,44.6397,CYAW 121200Z 23003KT 4SM BR FEW002 SCT030 04/04 A2976 RMK SF1SC3 DENSITY ALT -836FT VIS LWR NE-SE SLP079
CYAW,2025-03-12 13:00,-63.4994,44.6397,CYAW 121300Z 30008KT 10SM FEW006 BKN100 07/05 A2977 RMK SF1AC4 DENSITY ALT -464FT SLP084
CYAW,2025-03-12 14:00,-63.4994,44.6397,CYAW 121400Z 35013G18KT 15SM BKN020 BKN100 08/04 A2979 RMK SC6AC1 DENSITY ALT -399FT SLP088
CYAW,2025-03-12 15:00,-63.4994,44.6397,CYAW 121500Z 34013G18KT 15SM BKN025 08/03 A2981 RMK SC7 DENSITY ALT -415FT SLP096
CYAW,2025-03-12 16:00,-63.4994,44.6397,CYAW 121600Z 34012G20KT 15SM BKN025 07/01 A2981 RMK SC5 DENSITY ALT -604FT SLP096
CYAW,2025-03-12 17:00,-63.4994,44.6397,CYAW 121700Z 35012G20KT 15SM FEW030 07/M01 A2982 RMK SC2 DENSITY ALT -616FT SLP098
CYAW,2025-03-12 18:00,-63.4994,44.6397,CYAW 121800Z 33009G16KT 15SM FEW035 BKN240 07/M02 A2982 RMK SC1CI4 DENSITY ALT -632FT SLP099
CYAW,2025-03-12 19:00,-63.4994,44.6397,CYAW 121900Z 31013KT 15SM FEW035 FEW110 FEW240 07/M05 A2984 RMK SC1AC1CI2 DENSITY ALT -609FT SLP106
CYAW,2025-03-12 20:00,-63.4994,44.6397,CYAW 122000Z 34014KT 15SM FEW035 FEW110 FEW240 06/M10 A2984 RMK SC1AC1CI2 DENSITY ALT -739FT SLP108
CYAW,2025-03-12 21:00,-63.4994,44.6397,CYAW 122100Z 33010KT 15SM FEW035 FEW110 FEW240 05/M10 A2987 RMK SC1AC1CI1 DENSITY ALT -959FT SLP117
CYAW,2025-03-12 22:00,-63.4994,44.6397,CYAW 122200Z 33010G16KT 15SM FEW240 03/M09 A2991 RMK CI1 DENSITY ALT -1202FT SLP129
CYAW,2025-03-12 22:53,-63.4994,44.6397,CYAW 122253Z 33008KT 15SM FEW240 02/M09 A2994 RMK CI1 DENSITY ALT -1464FT LAST OBS /NEXT 131000 UTC SLP140
CYAW,2025-03-13 10:00,-63.4994,44.6397,CYAW 131000Z 01008KT 15SM FEW250 M07/M12 A3020 RMK CI1 DENSITY ALT -2817FT FST OBS SLP229
CYAW,2025-03-13 11:00,-63.4994,44.6397,CYAW 131100Z 36006KT 15SM FEW250 M07/M12 A3022 RMK CI1 DENSITY ALT -2918FT SLP236
CYAW,2025-03-13 12:00,-63.4994,44.6397,CYAW 131200Z 36007KT 15SM FEW250 M06/M12 A3023 RMK CI1 DENSITY ALT -2797FT SLP241
CYAW,2025-03-13 13:00,-63.4994,44.6397,CYAW 131300Z 36008KT 15SM FEW250 M05/M11 A3025 RMK CI1 DENSITY ALT -2623FT SLP245
CYAW,2025-03-13 14:00,-63.4994,44.6397,CYAW 131400Z 01006KT 15SM FEW020 FEW250 M03/M11 A3026 RMK SC1CI1 DENSITY ALT -2413FT SLP250
CYAW,2025-03-13 15:00,-63.4994,44.6397,CYAW 131500Z 01004KT 15SM FEW025 FEW250 M02/M13 A3025 RMK SC1CI1 DENSITY ALT -2239FT SLP247
CYAW,2025-03-13 16:00,-63.4994,44.6397,CYAW 131600Z 00000KT 15SM FEW100 FEW240 M00/M12 A3025 RMK AC1CI1 DENSITY ALT -2045FT SLP248
CYAW,2025-03-13 17:00,-63.4994,44.6397,CYAW 131700Z 35007KT 15SM FEW100 FEW240 01/M12 A3024 RMK AC1CI1 DENSITY ALT -1894FT SLP243
CYAW,2025-03-13 18:00,-63.4994,44.6397,CYAW 131800Z 31007KT 15SM FEW240 02/M14 A3023 RMK CI2 DENSITY ALT -1746FT SLP238
CYAW,2025-03-13 19:00,-63.4994,44.6397,CYAW 131900Z 18007KT 15SM FEW240 00/M09 A3024 RMK CI2 DENSITY ALT -1998FT LAST OBS /NEXT 141000 UTC SLP241
CYAW,2025-03-14 10:00,-63.4994,44.6397,CYAW 141000Z 00000KT 15SM FEW075 FEW230 M06/M08 A3025 RMK AC1CI2 DENSITY ALT -2822FT FST OBS SLP248
CYAW,2025-03-14 11:00,-63.4994,44.6397,CYAW 141100Z 00000KT 15SM FEW080 SCT230 M06/M07 A3026 RMK AC2CI1 DENSITY ALT -2791FT SLP251
CYAW,2025-03-14 12:00,-63.4994,44.6397,CYAW 141200Z 00000KT 15SM FEW080 FEW230 M01/M03 A3026 RMK AC1CI2 DENSITY ALT -2139FT SLP251
CYAW,2025-03-14 13:00,-63.4994,44.6397,CYAW 141300Z 20007KT 15SM FEW015 FEW080 FEW230 01/M03 A3026 RMK CF1AC1CI2 DENSITY ALT -1881FT SLP250
CYAW,2025-03-14 14:00,-63.4994,44.6397,CYAW 141400Z 17010KT 15SM FEW015 FEW230 01/M03 A3027 RMK CF1CI2 DENSITY ALT -1831FT SLP253
CYAW,2025-03-14 15:00,-63.4994,44.6397,CYAW 141500Z 17009KT 15SM FEW022 FEW160 BKN240 02/M03 A3026 RMK SC1AC2CI5 DENSITY ALT -1691FT SLP249
CYAW,2025-03-14 16:00,-63.4994,44.6397,CYAW 141600Z 18011KT 15SM FEW022 FEW160 BKN240 03/M02 A3024 RMK SC1AC1CI7 DENSITY ALT -1563FT SLP242
CYAW,2025-03-14 17:00,-63.4994,44.6397,CYAW 141700Z 18008G16KT 15SM FEW160 BKN240 03/M02 A3021 RMK AC1CI6 DENSITY ALT -1529FT SLP233
CYAW,2025-03-14 18:00,-63.4994,44.6397,CYAW 141800Z 17012KT 15SM FEW240 03/M02 A3019 RMK CI2 DENSITY ALT -1542FT SLP226
CYAW,2025-03-14 19:00,-63.4994,44.6397,CYAW 141900Z 17010KT 15SM FEW240 03/M02 A3019 RMK CI1 DENSITY ALT -1531FT SLP224
CYAW,2025-03-14 19:40,-63.4994,44.6397,CYAW 141940Z 18009KT 15SM FEW240 03/M02 A3018 RMK CI1 DENSITY ALT -1582FT LAST OBS /NEXT 170900 UTC SLP223
CYAW,2025-03-17 09:00,-63.4994,44.6397,CYAW 170900Z 20008KT 3/8SM FG VV001 06/06 A3011 RMK FG8 DENSITY ALT -1001FT VIS VRB 1/4-1/2 FST OBS SLP197
CYAW,2025-03-17 10:00,-63.4994,44.6397,CYAW 171000Z 19006KT 1/4SM FG VV001 05/05 A3011 RMK FG8 DENSITY ALT -1120FT SLP199
CYAW,2025-03-17 11:00,-63.4994,44.6397,CYAW 171100Z 19005KT 3/8SM FG VV001 05/05 A3012 RMK FG8 DENSITY ALT -1105FT VIS VRB 1/4-1/2 SLP202
CYAW,2025-03-17 12:00,-63.4994,44.6397,CYAW 171200Z 19005KT 1/4SM FG VV001 06/06 A3010 RMK FG8 DENSITY ALT -950FT VIS VRB 1/8-3/8 SLP195
CYAW,2025-03-17 12:08,-63.4994,44.6397,CYAW 171208Z 20007KT 3/4SM BR OVC002 07/06 A3010 RMK SF8 DENSITY ALT -885FT VIS VRB 1/2-1 SLP193
CYAW,2025-03-17 13:00,-63.4994,44.6397,CYAW 171300Z 22011G19KT 3/4SM BR OVC002 08/08 A3010 RMK SF8 DENSITY ALT -739FT VIS VRB 1/2-1 SLP194
CYAW,2025-03-17 13:15,-63.4994,44.6397,CYAW 171315Z 22013G18KT 1SM BR OVC002 08/08 A3010 RMK SF8 DENSITY ALT -726FT VIS VRB 3/4-1 1/4 SLP193
CYAW,2025-03-17 13:40,-63.4994,44.6397,CYAW 171340Z 22012G21KT 1 1/2SM BR OVC005 08/08 A3009 RMK SF8 DENSITY ALT -675FT VIS VRB 1-2 CIG VRB 3-7 SLP190
CYAW,2025-03-17 14:00,-63.4994,44.6397,CYAW 171400Z 21013G19KT 8SM OVC005 09/09 A3008 RMK SF8 DENSITY ALT -533FT CIG VRB 3-7 SLP186
CYAW,2025-03-17 15:00,-63.4994,44.6397,CYAW 171500Z 22015G21KT 8SM OVC005 10/09 A3008 RMK SF8 DENSITY ALT -456FT CIG VRB 3-7 SLP187
CYAW,2025-03-17 16:00,-63.4994,44.6397,CYAW 171600Z 22016G22KT 8SM OVC005 10/09 A3007 RMK SF8 DENSITY ALT -437FT CIG VRB 3-7 SLP184
CYAW,2025-03-17 17:00,-63.4994,44.6397,CYAW 171700Z 22015G24KT 8SM OVC005 10/09 A3006 RMK SF8 DENSITY ALT -388FT CIG VRB 3-7 SLP179
CYAW,2025-03-17 17:33,-63.4994,44.6397,CYAW 171733Z 22016G24KT 5SM BR OVC003 10/09 A3004 RMK SF8 DENSITY ALT -378FT VIS LWR SE-SW SLP175
CYAW,2025-03-17 18:00,-63.4994,44.6397,CYAW 171800Z 21013G19KT 6SM BR BKN005 OVC008 11/09 A3003 RMK SF7SF1 DENSITY ALT -305FT VIS LWR E-S SLP172
CYAW,2025-03-17 19:00,-63.4994,44.6397,CYAW 171900Z 21010G22KT 8SM OVC006 10/09 A3002 RMK SF8 DENSITY ALT -344FT SLP167
CYAW,2025-03-17 20:00,-63.4994,44.6397,CYAW 172000Z 18007G17KT 8SM OVC005 09/08 A3001 RMK SF8 DENSITY ALT -487FT VIS LWR SE-SW SLP163
CYAW,2025-03-17 21:00,-63.4994,44.6397,CYAW 172100Z 18007KT 5SM BR OVC005 08/07 A3001 RMK SF8 DENSITY ALT -615FT VIS LWR SE-SW SLP163
CYAW,2025-03-17 21:22,-63.4994,44.6397,CYAW 172122Z 20009G16KT 5SM BR BKN006 OVC010 10/09 A3000 RMK SF7SF1 DENSITY ALT -383FT SLP160
CYAW,2025-03-17 22:00,-63.4994,44.6397,CYAW 172200Z 21012G20KT 6SM BR SCT008 OVC030 10/09 A2999 RMK SF4SC4 DENSITY ALT -309FT SLP157
CYAW,2025-03-17 23:00,-63.4994,44.6397,CYAW 172300Z 21012G21KT 8SM SCT010 OVC030 10/09 A2999 RMK SF4SC4 DENSITY ALT -333FT SLP156
CYAW,2025-03-18 00:00,-63.4994,44.6397,CYAW 180000Z CCA 20012G20KT 8SM FEW010 OVC032 10/08 A2997 RMK SF2SC6 DENSITY ALT -292FT LAST OBS /NEXT 181000 UTC SLP151
CYAW,2025-03-18 10:00,-63.4994,44.6397,CYAW 181000Z 19007KT 8SM FEW003 OVC019 08/07 A2988 RMK SF1SC7 DENSITY ALT -489FT FST OBS SLP121
CYAW,2025-03-18 10:11,-63.4994,44.6397,CYAW 181011Z 20009KT 8SM -SHRA SCT005 OVC019 09/08 A2988 RMK SF3SC5 DENSITY ALT -396FT PCPN VRY LGT SLP121
CYAW,2025-03-18 10:35,-63.4994,44.6397,CYAW 181035Z 23010KT 6SM BR BKN006 OVC013 10/09 A2990 RMK SF6SC2 DENSITY ALT -303FT SLP125
CYAW,2025-03-18 10:54,-63.4994,44.6397,CYAW 181054Z 22008KT 4SM -DZ BR BKN005 OVC013 09/08 A2990 RMK SF7SC1 DENSITY ALT -407FT SLP127
CYAW,2025-03-18 11:00,-63.4994,44.6397,CYAW 181100Z 22010KT 4SM -DZ BR BKN005 OVC013 09/08 A2990 RMK SF7SC1 DENSITY ALT -407FT SLP127
CYAW,2025-03-18 11:18,-63.4994,44.6397,CYAW 181118Z 22007KT 2 1/2SM -DZ BR OVC005 09/08 A2990 RMK SF8 DENSITY ALT -433FT SLP127
CYAW,2025-03-18 12:00,-63.4994,44.6397,CYAW 181200Z 21005KT 2SM -SHRA BR OVC004 09/08 A2991 RMK SF8 DENSITY ALT -457FT SLP129
CYAW,2025-03-18 12:39,-63.4994,44.6397,CYAW 181239Z 20006KT 1 1/4SM -SHRA BR OVC004 09/08 A2991 RMK SF8 DENSITY ALT -418FT SLP129
CYAW,2025-03-18 13:00,-63.4994,44.6397,CYAW 181300Z 19004KT 1SM -RA BR OVC004 09/08 A2991 RMK SF8 DENSITY ALT -417FT SLP129
CYAW,2025-03-18 13:39,-63.4994,44.6397,CYAW 181339Z 17007KT 3/4SM -RA BR BKN006 OVC016 09/08 A2991 RMK SF5SC3 DENSITY ALT -430FT SLP131
CYAW,2025-03-18 14:00,-63.4994,44.6397,CYAW 181400Z 18004KT 3/4SM -RA BR BKN006 OVC015 09/08 A2991 RMK SF5SC3 DENSITY ALT -457FT SLP131
CYAW,2025-03-18 14:10,-63.4994,44.6397,CYAW 181410Z 20003KT 1/2SM -RA FG OVC005 08/08 A2992 RMK FG2SF6 DENSITY ALT -479FT CIG VRB 3-7 SLP133
CYAW,2025-03-18 15:00,-63.4994,44.6397,CYAW 181500Z 22003KT 1/2SM -RA FG OVC004 08/08 A2992 RMK FG2SF6 DENSITY ALT -480FT VIS VRB 3/8-3/4 SLP135
CYAW,2025-03-18 15:29,-63.4994,44.6397,CYAW 181529Z 23003KT 1 1/2SM -RA BR OVC003 08/08 A2993 RMK ST8 DENSITY ALT -492FT VIS VRB 1-2 SLP136
CYAW,2025-03-18 15:50,-63.4994,44.6397,CYAW 181550Z 01009KT 3SM -RA BR BKN004 OVC008 06/06 A2992 RMK SF6SF2 DENSITY ALT -745FT SLP134
CYAW,2025-03-18 16:00,-63.4994,44.6397,CYAW 181600Z 36007KT 1 1/2SM -RA BR BKN005 OVC009 06/05 A2993 RMK SF6SF2 DENSITY ALT -809FT VIS VRB 1-2 SLP136
CYAW,2025-03-18 17:00,-63.4994,44.6397,CYAW 181700Z 36009KT 1 1/2SM -RA BR OVC006 05/04 A2993 RMK SF8 DENSITY ALT -1008FT VIS VRB 1-2 SLP136
CYAW,2025-03-18 17:52,-63.4994,44.6397,CYAW 181752Z 01012KT 3SM -DZ BR OVC006 04/03 A2992 RMK SF8 DENSITY ALT -1102FT SLP134
CYAW,2025-03-18 18:00,-63.4994,44.6397,CYAW 181800Z 36010KT 4SM -DZ BR OVC006 04/03 A2992 RMK SF8 DENSITY ALT -1103FT SLP134
CYAW,2025-03-18 19:00,-63.4994,44.6397,CYAW 181900Z 02010G15KT 6SM -RA BR BKN007 OVC012 04/03 A2992 RMK SF6SC2 DENSITY ALT -1116FT LAST OBS /NEXT 190600 UTC SLP133
CYAW,2025-03-19 06:00,-63.4994,44.6397,CYAW 190600Z 01010KT 15SM OVC010 01/00 A3006 RMK SC8 DENSITY ALT -1569FT FST OBS SLP182
CYAW,2025-03-19 06:34,-63.4994,44.6397,CYAW 190634Z 02011KT 15SM BKN007 OVC010 01/00 A3007 RMK SF6SC2 DENSITY ALT -1581FT SLP184
CYAW,2025-03-19 07:00,-63.4994,44.6397,CYAW 190700Z 02010KT 15SM OVC007 01/00 A3006 RMK SF8 DENSITY ALT -1569FT SLP182
CYAW,2025-03-19 07:47,-63.4994,44.6397,CYAW 190747Z 02010KT 15SM FEW007 BKN013 OVC250 01/00 A3007 RMK SF2SC4CI2 DENSITY ALT -1595FT SLP184
CYAW,2025-03-19 08:00,-63.4994,44.6397,CYAW 190800Z 02008KT 15SM FEW007 BKN013 OVC250 01/00 A3008 RMK SF2SC4CI2 DENSITY ALT -1632FT SLP187
CYAW,2025-03-19 08:34,-63.4994,44.6397,CYAW 190834Z 02009KT 15SM BKN006 OVC250 01/00 A3009 RMK SF7CI1 DENSITY ALT -1669FT SLP190
CYAW,2025-03-19 09:00,-63.4994,44.6397,CYAW 190900Z 02006KT 15SM OVC006 01/00 A3009 RMK SF8 DENSITY ALT -1668FT SLP192
CYAW,2025-03-19 10:00,-63.4994,44.6397,CYAW 191000Z 03010KT 15SM BKN006 OVC250 01/00 A3010 RMK SF7CI1 DENSITY ALT -1668FT SLP196
CYAW,2025-03-19 10:37,-63.4994,44.6397,CYAW 191037Z 01007KT 15SM SCT006 SCT120 OVC250 01/00 A3012 RMK SF3AC1CI5 DENSITY ALT -1704FT SLP201
CYAW,2025-03-19 11:00,-63.4994,44.6397,CYAW 191100Z 36008KT 15SM BKN006 BKN120 OVC250 01/00 A3013 RMK SF5AC1CI3 DENSITY ALT -1702FT SLP205
CYAW,2025-03-19 12:00,-63.4994,44.6397,CYAW 191200Z 02008KT 15SM BKN006 BKN120 OVC250 02/01 A3014 RMK SF5AC1CI3 DENSITY ALT -1595FT SLP210
CYAW,2025-03-19 13:00,-63.4994,44.6397,CYAW 191300Z 03010G16KT 15SM SCT008 OVC012 03/01 A3016 RMK SF3SC5 DENSITY ALT -1516FT SLP215
CYAW,2025-03-19 14:00,-63.4994,44.6397,CYAW 191400Z 02008KT 15SM FEW008 OVC012 03/01 A3017 RMK SF2SC6 DENSITY ALT -1463FT SLP220
CYAW,2025-03-19 15:00,-63.4994,44.6397,CYAW 191500Z 05008KT 15SM FEW008 OVC012 05/02 A3015 RMK SF1SC8 DENSITY ALT -1221FT SLP211
CYAW,2025-03-19 15:46,-63.4994,44.6397,CYAW 191546Z 04009G15KT 15SM SCT012 BKN250 07/03 A3013 RMK SC3CI2 DENSITY ALT -971FT SLP206
CYAW,2025-03-19 16:00,-63.4994,44.6397,CYAW 191600Z 02005KT 15SM FEW012 SCT250 08/04 A3013 RMK SC2CI2 DENSITY ALT -841FT SLP206
CYAW,2025-03-19 17:00,-63.4994,44.6397,CYAW 191700Z 02006KT 15SM FEW020 SCT250 10/04 A3013 RMK SC2CI1 DENSITY ALT -618FT SLP204
CYAW,2025-03-19 18:00,-63.4994,44.6397,CYAW 191800Z 05007KT 15SM FEW025 SCT250 11/04 A3011 RMK SC2CI1 DENSITY ALT -388FT SLP198
CYAW,2025-03-19 19:00,-63.4994,44.6397,CYAW 191900Z 05009KT 15SM FEW025 FEW250 11/04 A3010 RMK SC1CI1 DENSITY ALT -354FT LAST OBS /NEXT 201100 UTC SLP195
CYAW,2025-03-20 11:00,-63.4994,44.6397,CYAW 201100Z 11009KT 0SM FG VV002 00/M00 A3010 RMK FG8 DENSITY ALT -1797FT FST OBS SLP194
CYAW,2025-03-20 12:00,-63.4994,44.6397,CYAW 201200Z 10010KT 1/8SM FG VV002 00/M00 A3010 RMK FG8 DENSITY ALT -1784FT VIS VRB 0-1/4 SLP195
CYAW,2025-03-20 12:47,-63.4994,44.6397,CYAW 201247Z 11011KT 1/4SM FG VV002 01/00 A3010 RMK FG8 DENSITY ALT -1717FT VIS VRB 1/8-3/8 SLP194
CYAW,2025-03-20 13:00,-63.4994,44.6397,CYAW 201300Z 10011KT 1/4SM FG VV002 01/00 A3010 RMK FG8 DENSITY ALT -1691FT VIS VRB 1/8-3/8 SLP194
CYAW,2025-03-20 14:00,-63.4994,44.6397,CYAW 201400Z 10012G19KT 3/8SM FG VV003 01/01 A3009 RMK FG8 DENSITY ALT -1614FT VIS VRB 1/4-1/2 SLP190
CYAW,2025-03-20 15:00,-63.4994,44.6397,CYAW 201500Z 09013KT 1/2SM FG OVC004 02/01 A3007 RMK FG3ST5 DENSITY ALT -1501FT VIS VRB 3/8-5/8 SLP186
CYAW,2025-03-20 15:17,-63.4994,44.6397,CYAW 201517Z 09011KT 1SM BR OVC004 03/01 A3006 RMK ST8 DENSITY ALT -1424FT SLP183
CYAW,2025-03-20 16:00,-63.4994,44.6397,CYAW 201600Z 09011KT 2SM BR OVC004 03/02 A3005 RMK ST8 DENSITY ALT -1337FT SLP179
CYAW,2025-03-20 16:16,-63.4994,44.6397,CYAW 201616Z 10009G17KT 5/8SM BR OVC004 03/02 A3005 RMK ST8 DENSITY ALT -1361FT VIS VRB 3/8-1 SLP177
CYAW,2025-03-20 17:00,-63.4994,44.6397,CYAW 201700Z 10011G16KT 1 1/2SM BR OVC004 03/02 A3004 RMK ST8 DENSITY ALT -1350FT VIS VRB 1-2 SLP174
CYAW,2025-03-20 18:00,-63.4994,44.6397,CYAW 201800Z 11010KT 1SM BR OVC004 03/02 A3001 RMK ST8 DENSITY ALT -1326FT VIS VRB 3/4-1 1/4 SLP166
CYAW,2025-03-20 18:45,-63.4994,44.6397,CYAW 201845Z 10009KT 1SM -SHRA BR OVC004 03/02 A3000 RMK ST8 DENSITY ALT -1313FT VIS VRB 3/4-1 1/4 PCPN VRY LGT SLP161
CYAW,2025-03-20 19:00,-63.4994,44.6397,CYAW 201900Z 08008KT 3/4SM -SHRA BR OVC003 03/02 A2999 RMK ST8 DENSITY ALT -1287FT VIS VRB 1/2-1 PCPN VRY LGT SLP158
CYAW,2025-03-20 19:24,-63.4994,44.6397,CYAW 201924Z 09008KT 3/4SM BR OVC004 04/03 A2997 RMK ST8 DENSITY ALT -1159FT VIS VRB 1/2-1 SLP151
CYAW,2025-03-20 20:00,-63.4994,44.6397,CYAW 202000Z 11009KT 3/4SM -DZ BR OVC004 04/03 A2996 RMK ST8 DENSITY ALT -1135FT VIS VRB 1/2-1 SLP148
CYAW,2025-03-20 21:00,-63.4994,44.6397,CYAW 202100Z 07007KT 3/4SM -DZ BR OVC004 04/03 A2993 RMK ST8 DENSITY ALT -1138FT SLP137
CYAW,2025-03-20 21:28,-63.4994,44.6397,CYAW 202128Z CCA 09006KT 1/2SM -DZ FG VV003 03/03 A2993 RMK FG8 DENSITY ALT -1204FT SLP137
CYAW,2025-03-20 22:00,-63.4994,44.6397,CYAW 202200Z CCB 09005KT 1/4SM -DZ FG VV002 03/02 A2992 RMK FG8 DENSITY ALT -1206FT LAST OBS /NEXT 211000 UTC SLP134
CYAW,2025-03-21 10:00,-63.4994,44.6397,CYAW 211000Z 10008KT 1/4SM -SHRA FG VV002 03/02 A2954 RMK FG8 DENSITY ALT -777FT FST OBS SLP006
CYAW,2025-03-21 11:00,-63.4994,44.6397,CYAW 211100Z 10007KT 1/4SM -SHRA FG VV002 03/03 A2954 RMK FG8 DENSITY ALT -763FT VIS VRB 1/8-3/8 SLP004
CYAW,2025-03-21 11:17,-63.4994,44.6397,CYAW 211117Z 12007KT 1/4SM -DZ FG VV002 03/02 A2954 RMK FG8 DENSITY ALT -777FT VIS VRB 1/8-3/8 SLP006
CYAW,2025-03-21 12:00,-63.4994,44.6397,CYAW 211200Z 11006KT 1/4SM -DZ FG VV002 03/03 A2953 RMK FG8 DENSITY ALT -738FT VIS VRB 1/8-3/8 SLP002
CYAW,2025-03-21 13:00,-63.4994,44.6397,CYAW 211300Z 12004KT 1/4SM -DZ FG VV002 04/04 A2951 RMK FG8 DENSITY ALT -570FT VIS VRB 1/8-3/8 SLP996
CYAW,2025-03-21 13:17,-63.4994,44.6397,CYAW 211317Z 13005KT 1/4SM FG VV002 04/04 A2951 RMK FG8 DENSITY ALT -531FT SLP996
CYAW,2025-03-21 13:36,-63.4994,44.6397,CYAW 211336Z 12004KT 3/4SM BR OVC003 05/04 A2950 RMK SF8 DENSITY ALT -454FT VIS VRB 1/2-1 SLP991
CYAW,2025-03-21 14:00,-63.4994,44.6397,CYAW 211400Z 11004KT 3/4SM BR OVC003 05/05 A2949 RMK SF8 DENSITY ALT -416FT VIS VRB 1/2-1 SLP988
CYAW,2025-03-21 14:38,-63.4994,44.6397,CYAW 211438Z 18003KT 5/8SM -DZ BR OVC002 06/05 A2949 RMK ST8 DENSITY ALT -337FT SLP987
CYAW,2025-03-21 15:00,-63.4994,44.6397,CYAW 211500Z 12005KT 1 1/4SM BR BKN002 07/06 A2947 RMK SF7 DENSITY ALT -185FT VIS VRB 3/4-2 SLP981
CYAW,2025-03-21 15:17,-63.4994,44.6397,CYAW 211517Z 08004KT 3SM BR BKN003 08/07 A2947 RMK SF7 DENSITY ALT -81FT VIS LWR SE-SW SLP979
CYAW,2025-03-21 15:33,-63.4994,44.6397,CYAW 211533Z 19003KT 5SM BR FEW002 OVC004 07/07 A2946 RMK SF2SF6 DENSITY ALT -82FT VIS LWR S QUAD SLP978
CYAW,2025-03-21 16:00,-63.4994,44.6397,CYAW 211600Z 18003KT 5/8SM -DZ BR OVC003 07/06 A2946 RMK SF8 DENSITY ALT -107FT VIS VRB 3/8-1 SLP977
CYAW,2025-03-21 16:26,-63.4994,44.6397,CYAW 211626Z 11006KT 1/2SM -DZ FG OVC002 07/06 A2944 RMK SF8 DENSITY ALT -110FT VIS VRB 3/8-5/8 SLP972
CYAW,2025-03-21 17:00,-63.4994,44.6397,CYAW 211700Z 13007KT 1/2SM -DZ FG OVC002 06/05 A2943 RMK SF8 DENSITY ALT -295FT VIS VRB 3/8-5/8 SLP968
CYAW,2025-03-21 17:44,-63.4994,44.6397,CYAW 211744Z 10005KT 1SM -SHRA BR OVC002 07/06 A2942 RMK SF8 DENSITY ALT -138FT VIS VRB 3/4-1 1/4 SLP963
CYAW,2025-03-21 18:00,-63.4994,44.6397,CYAW 211800Z 10006KT 1SM -SHRA BR OVC002 07/07 A2940 RMK SF8 DENSITY ALT -23FT VIS VRB 3/4-1 1/4 SLP957
CYAW,2025-03-21 18:40,-63.4994,44.6397,CYAW 211840Z 11007KT 1 1/2SM -DZ BR OVC003 08/07 A2937 RMK SF8 DENSITY ALT 76FT VIS VRB 1-2 LAST OBS /NEXT 241200 UTC SLP947
CYAW,2025-03-24 12:00,-63.4994,44.6397,CYAW 241200Z 33004KT 15SM FEW150 FEW240 M03/M14 A3021 RMK AC1CI2 DENSITY ALT -2388FT FST OBS SLP234
CYAW,2025-03-24 13:00,-63.4994,44.6397,CYAW 241300Z 24004KT 15SM FEW150 SCT240 M02/M13 A3023 RMK AC1CI3 DENSITY ALT -2241FT SLP240
CYAW,2025-03-24 14:00,-63.4994,44.6397,CYAW 241400Z 20006KT 15SM FEW150 BKN240 M00/M12 A3023 RMK AC1CI5 DENSITY ALT -2046FT SLP239
CYAW,2025-03-24 15:00,-63.4994,44.6397,CYAW 241500Z 20007G20KT 15SM SCT150 BKN240 00/M10 A3022 RMK AC3CI2 DENSITY ALT -1927FT SLP236
CYAW,2025-03-24 16:00,-63.4994,44.6397,CYAW 241600Z 21010G15KT 15SM FEW120 OVC230 01/M10 A3021 RMK AC1CS8 DENSITY ALT -1877FT HALO SLP233
CYAW,2025-03-24 17:00,-63.4994,44.6397,CYAW 241700Z 20012KT 15SM OVC140 00/M11 A3021 RMK AS8 DENSITY ALT -1958FT SUN DIMLY VISBL SLP232
CYAW,2025-03-24 18:00,-63.4994,44.6397,CYAW 241800Z 21009KT 15SM FEW090 OVC140 00/M10 A3019 RMK AC1AS8 DENSITY ALT -1945FT SUN DIMLY VISBL SLP227
CYAW,2025-03-24 19:00,-63.4994,44.6397,CYAW 241900Z 20007KT 15SM FEW090 OVC140 00/M10 A3017 RMK AC1AS7 DENSITY ALT -1870FT SUN DIMLY VISBL SLP220
CYAW,2025-03-24 20:00,-63.4994,44.6397,CYAW 242000Z 22009G15KT 15SM BKN100 OVC140 00/M09 A3017 RMK AC5AS3 DENSITY ALT -1866FT SLP220
CYAW,2025-03-24 21:00,-63.4994,44.6397,CYAW 242100Z 20009KT 15SM SCT100 BKN160 00/M06 A3017 RMK AC4AS3 DENSITY ALT -1858FT SLP218
CYAW,2025-03-24 22:00,-63.4994,44.6397,CYAW 242200Z 19007KT 15SM BKN080 OVC120 00/M05 A3015 RMK AC5AS3 DENSITY ALT -1881FT SLP214
CYAW,2025-03-24 23:00,-63.4994,44.6397,CYAW 242300Z 16010G15KT 15SM BKN060 OVC100 00/M04 A3011 RMK SC5AS3 DENSITY ALT -1790FT SLP199
CYAW,2025-03-25 00:00,-63.4994,44.6397,CYAW 250000Z 18011G17KT 15SM -SN OVC024 01/M02 A3012 RMK SC8 DENSITY ALT -1730FT SLP203
CYAW,2025-03-25 00:12,-63.4994,44.6397,CYAW 250012Z CCA 17012G17KT 3SM -SN BR OVC008 01/M02 A3011 RMK SF8 DENSITY ALT -1881FT SLP200
CYAW,2025-03-25 00:23,-63.4994,44.6397,CYAW 250023Z 17014G21KT 1SM -PL BR OVC008 00/M01 A3009 RMK SF8 DENSITY ALT -1767FT PRESFR SLP193
CYAW,2025-03-25 01:00,-63.4994,44.6397,CYAW 250100Z 16012G22KT 5SM -FZRA BR SCT008 OVC012 00/M01 A3007 RMK SF3SC5 DENSITY ALT -1754FT SLP184
CYAW,2025-03-25 01:22,-63.4994,44.6397,CYAW 250122Z 15014KT 5SM -FZRA -SN BR FEW008 OVC018 00/M01 A3005 RMK SF2SC6 DENSITY ALT -1717FT SLP179
CYAW,2025-03-25 02:00,-63.4994,44.6397,CYAW 250200Z 15012G22KT 1 1/2SM -FZRA -SN BR BKN008 OVC020 00/M01 A3002 RMK SF5SC3 DENSITY ALT -1656FT VIS VRB 1-2 SLP169
CYAW,2025-03-25 02:28,-63.4994,44.6397,CYAW 250228Z 14016G26KT 1 1/2SM -FZRA -SN BR OVC004 01/M00 A2995 RMK SF8 DENSITY ALT -1548FT VIS VRB 1-2 PRESFR LAST OBS /NEXT 251200 UTC SLP145
CYAW,2025-03-25 12:00,-63.4994,44.6397,CYAW 251200Z 24004KT 1/8SM FG VV001 05/05 A2971 RMK FG8 DENSITY ALT -671FT FST OBS SLP062
CYAW,2025-03-25 12:16,-63.4994,44.6397,CYAW 251216Z 24004KT 1 1/2SM BR SCT002 OVC006 05/05 A2971 RMK SF4SF4 DENSITY ALT -631FT VIS VRB 1-2 SLP063
CYAW,2025-03-25 12:32,-63.4994,44.6397,CYAW 251232Z 24004KT 5SM BR SCT002 OVC007 06/06 A2971 RMK SF3SF5 DENSITY ALT -553FT VIS LWR E-SW SLP061
CYAW,2025-03-25 13:00,-63.4994,44.6397,CYAW 251300Z 27009KT 10SM FEW003 OVC006 07/06 A2972 RMK SF1SF7 DENSITY ALT -486FT SLP066
CYAW,2025-03-25 14:00,-63.4994,44.6397,CYAW 251400Z 28008KT 15SM OVC009 07/06 A2973 RMK SF8 DENSITY ALT -402FT SLP068
CYAW,2025-03-25 14:32,-63.4994,44.6397,CYAW 251432Z 27010KT 15SM SCT009 OVC015 08/06 A2974 RMK SF3SC5 DENSITY ALT -341FT SLP071
CYAW,2025-03-25 15:00,-63.4994,44.6397,CYAW 251500Z 26009KT 15SM BKN015 OVC250 09/06 A2975 RMK SC6CI2 DENSITY ALT -229FT SLP075
CYAW,2025-03-25 16:00,-63.4994,44.6397,CYAW 251600Z 26011KT 15SM SCT018 OVC140 10/05 A2976 RMK SC4AC4 DENSITY ALT -148FT SLP078
CYAW,2025-03-25 17:00,-63.4994,44.6397,CYAW 251700Z 30009KT 15SM FEW020 BKN140 10/05 A2974 RMK SC1AC6 DENSITY ALT -91FT SLP074
CYAW,2025-03-25 18:00,-63.4994,44.6397,CYAW 251800Z 28007KT 15SM FEW020 BKN130 10/04 A2974 RMK SC1AC7 DENSITY ALT -86FT SLP074
CYAW,2025-03-25 19:00,-63.4994,44.6397,CYAW 251900Z 31003KT 15SM FEW020 SCT140 BKN250 11/03 A2975 RMK CU1AC4CI2 DENSITY ALT 38FT SLP077
CYAW,2025-03-25 20:00,-63.4994,44.6397,CYAW 252000Z 19005KT 15SM FEW020 FEW140 FEW250 11/05 A2976 RMK CU1AC1CI2 DENSITY ALT -44FT SLP080
CYAW,2025-03-25 21:00,-63.4994,44.6397,CYAW 252100Z 20006KT 15SM FEW020 SCT250 11/04 A2977 RMK CU2CI1 DENSITY ALT -82FT SLP083
CYAW,2025-03-25 22:00,-63.4994,44.6397,CYAW 252200Z 22008KT 15SM SCT020 SCT250 09/04 A2980 RMK SC3CI1 DENSITY ALT -341FT SLP093
CYAW,2025-03-25 23:00,-63.4994,44.6397,CYAW 252300Z 24007KT 15SM SCT028 SCT250 05/03 A2984 RMK SC3CI1 DENSITY ALT -796FT SLP107
CYAW,2025-03-26 00:00,-63.4994,44.6397,CYAW 260000Z 23004KT 15SM SCT050 04/02 A2988 RMK SC3 DENSITY ALT -1009FT SLP119
CYAW,2025-03-26 00:43,-63.4994,44.6397,CYAW 260043Z 26009G21KT 15SM SCT040 BKN062 03/02 A2989 RMK SC3SC2 DENSITY ALT -1110FT LAST OBS /NEXT 261200 UTC SLP124
CYAW,2025-03-26 12:00,-63.4994,44.6397,CYAW 261200Z 23006KT 15SM OVC006 02/00 A3006 RMK SF8 DENSITY ALT -1493FT FST OBS SLP180
CYAW,2025-03-26 13:00,-63.4994,44.6397,CYAW 261300Z 25006KT 15SM SCT006 SCT120 BKN250 03/01 A3006 RMK SF4AC1CI3 DENSITY ALT -1327FT SLP182
CYAW,2025-03-26 14:00,-63.4994,44.6397,CYAW 261400Z 18003KT 15SM FEW013 FEW120 BKN250 05/01 A3006 RMK CF1AC1CI7 DENSITY ALT -1099FT SLP182
CYAW,2025-03-26 15:00,-63.4994,44.6397,CYAW 261500Z 18006KT 15SM FEW015 BKN250 05/02 A3007 RMK CF1CI7 DENSITY ALT -1121FT SLP184
CYAW,2025-03-26 16:00,-63.4994,44.6397,CYAW 261600Z 18008KT 15SM FEW005 FEW015 BKN250 04/02 A3006 RMK SF1CF1CI6 DENSITY ALT -1234FT SLP181
CYAW,2025-03-26 17:00,-63.4994,44.6397,CYAW 261700Z 17010KT 12SM FEW004 FEW015 SCT110 OVC250 03/01 A3006 RMK SF1CF1AS3CI5 DENSITY ALT -1338FT SLP182
CYAW,2025-03-26 18:00,-63.4994,44.6397,CYAW 261800Z 17011KT 12SM FEW004 FEW015 SCT085 OVC250 03/01 A3005 RMK SF1CF1AS3CI4 DENSITY ALT -1352FT SLP178
CYAW,2025-03-26 19:00,-63.4994,44.6397,CYAW 261900Z 16004KT 12SM FEW004 FEW085 OVC250 03/01 A3004 RMK SF1AC2CI6 DENSITY ALT -1301FT SLP174
CYAW,2025-03-26 20:00,-63.4994,44.6397,CYAW 262000Z 14010KT 12SM FEW004 SCT085 OVC250 03/01 A3002 RMK SF1AC3CI4 DENSITY ALT -1267FT SLP169
CYAW,2025-03-26 20:14,-63.4994,44.6397,CYAW 262014Z 15009KT 6SM BR BKN005 OVC250 02/01 A3002 RMK SF7CI1 DENSITY ALT -1485FT SLP169
CYAW,2025-03-26 20:25,-63.4994,44.6397,CYAW 262025Z 13008KT 2SM BR OVC003 01/01 A3002 RMK SF8 DENSITY ALT -1522FT SLP168
CYAW,2025-03-26 20:38,-63.4994,44.6397,CYAW 262038Z 13007KT 4SM BR OVC003 01/01 A3002 RMK SF8 DENSITY ALT -1535FT SLP167
CYAW,2025-03-26 21:00,-63.4994,44.6397,CYAW 262100Z 13007KT 3SM BR OVC003 01/00 A3001 RMK SF8 DENSITY ALT -1549FT SLP166
CYAW,2025-03-26 21:08,-63.4994,44.6397,CYAW 262108Z 11008KT 1SM BR OVC003 01/00 A3001 RMK SF8 DENSITY ALT -1576FT VIS VRB 3/4-1 1/4 SLP163
CYAW,2025-03-26 21:38,-63.4994,44.6397,CYAW 262138Z 12008KT 1/2SM FG OVC002 01/00 A3000 RMK FG3SF5 DENSITY ALT -1590FT VIS VRB 3/8-3/4 SLP162
CYAW,2025-03-26 22:00,-63.4994,44.6397,CYAW 262200Z 12007KT 1/4SM FG VV002 01/00 A3000 RMK FG8 DENSITY ALT -1590FT LAST OBS /NEXT 271000 UTC SLP162
CYAW,2025-03-27 10:00,-63.4994,44.6397,CYAW 271000Z 31006KT 3SM -SN SCT012 OVC032 01/00 A2983 RMK SF3SC5 DENSITY ALT -1406FT FST OBS SLP103
CYAW,2025-03-27 11:00,-63.4994,44.6397,CYAW 271100Z 32004KT 4SM -SN SCT012 OVC045 01/00 A2983 RMK SF3SC5 DENSITY ALT -1393FT SLP105
CYAW,2025-03-27 12:00,-63.4994,44.6397,CYAW 271200Z 29006KT 6SM -SN SCT013 OVC045 01/01 A2983 RMK SF3SC5 DENSITY ALT -1314FT SLP105
CYAW,2025-03-27 12:38,-63.4994,44.6397,CYAW 271238Z 26004KT 8SM -RASN BKN004 OVC007 02/01 A2984 RMK SF6SF2 DENSITY ALT -1260FT SLP106
CYAW,2025-03-27 13:00,-63.4994,44.6397,CYAW 271300Z 25004KT 8SM -RASN SCT004 OVC012 02/01 A2984 RMK SF4SF4 DENSITY ALT -1235FT SLP107
CYAW,2025-03-27 13:49,-63.4994,44.6397,CYAW 271349Z 24006KT 10SM -RASN FEW004 OVC008 02/01 A2984 RMK SF1SF7 DENSITY ALT -1196FT SLP109
CYAW,2025-03-27 14:00,-63.4994,44.6397,CYAW 271400Z 24008KT 12SM -RASN OVC007 02/01 A2985 RMK SF8 DENSITY ALT -1222FT PCPN VRY LGT SLP110
CYAW,2025-03-27 14:40,-63.4994,44.6397,CYAW 271440Z 25009KT 15SM OVC008 02/01 A2985 RMK SF8 DENSITY ALT -1197FT SLP110
CYAW,2025-03-27 15:00,-63.4994,44.6397,CYAW 271500Z 27011KT 15SM OVC008 03/01 A2985 RMK SF8 DENSITY ALT -1171FT SLP111
CYAW,2025-03-27 15:41,-63.4994,44.6397,CYAW 271541Z 27012KT 15SM SCT008 BKN012 03/01 A2985 RMK SF3SC4 DENSITY ALT -1072FT SLP110
CYAW,2025-03-27 16:00,-63.4994,44.6397,CYAW 271600Z 28011KT 15SM FEW008 BKN014 05/01 A2984 RMK SF1SC6 DENSITY ALT -870FT SLP108
CYAW,2025-03-27 16:21,-63.4994,44.6397,CYAW 271621Z 27011KT 15SM -SHRA FEW008 BKN017 04/01 A2984 RMK SF2SC5 DENSITY ALT -946FT SLP109
CYAW,2025-03-27 17:00,-63.4994,44.6397,CYAW 271700Z 27008KT 15SM -SHRA FEW008 BKN017 05/02 A2984 RMK SF2SC5 DENSITY ALT -890FT SLP106
CYAW,2025-03-27 17:17,-63.4994,44.6397,CYAW 271717Z 26011KT 15SM -SHRASN SCT008 OVC017 05/02 A2983 RMK SF4SC4 DENSITY ALT -868FT SLP105
CYAW,2025-03-27 17:25,-63.4994,44.6397,CYAW 271725Z 28010KT 15SM SCT008 BKN017 05/02 A2983 RMK SF4SC3 DENSITY ALT -843FT SLP104
CYAW,2025-03-27 18:00,-63.4994,44.6397,CYAW 271800Z 26009KT 15SM FEW008 BKN017 06/01 A2982 RMK SF1SC6 DENSITY ALT -710FT SLP101
CYAW,2025-03-27 18:43,-63.4994,44.6397,CYAW 271843Z 25013KT 12SM -SHRA FEW008 BKN020 05/02 A2982 RMK SF2SC5 DENSITY ALT -782FT PCPN VRY LGT SLP100
CYAW,2025-03-27 19:00,-63.4994,44.6397,CYAW 271900Z 27010G19KT 12SM -SHRA SCT016 BKN024 04/02 A2982 RMK CU3SC4 DENSITY ALT -906FT SLP101
CYAW,2025-03-27 19:30,-63.4994,44.6397,CYAW 271930Z 26012KT 15SM -SHGS BKN016 OVC024 05/02 A2982 RMK CU5SC3 DENSITY ALT -846FT SLP101
CYAW,2025-03-27 19:37,-63.4994,44.6397,CYAW 271937Z 26015KT 15SM -SHRA BKN016 OVC024 04/01 A2982 RMK CU5SC3 DENSITY ALT -952FT SLP101
CYAW,2025-03-27 20:00,-63.4994,44.6397,CYAW 272000Z 28012G22KT 15SM VCSH BKN019 BKN030 05/01 A2982 RMK CU5SC2 DENSITY ALT -849FT VCSH S QUAD SLP101
CYAW,2025-03-27 20:49,-63.4994,44.6397,CYAW 272049Z 28013G21KT 15SM -SHRA SCT019 BKN025 04/01 A2984 RMK CU3SC4 DENSITY ALT -1010FT PCPN VRY LGT SLP108
CYAW,2025-03-27 21:00,-63.4994,44.6397,CYAW 272100Z CCA 29010KT 15SM -SHRA SCT019 BKN025 04/01 A2984 RMK CU3SC4 DENSITY ALT -1046FT SLP108
CYAW,2025-03-27 22:00,-63.4994,44.6397,CYAW 272200Z CCA 28010G16KT 12SM -SHRA SCT016 BKN025 03/01 A2987 RMK CU3SC3 DENSITY ALT -1156FT LAST OBS /NEXT 280900 UTC SLP116
CYAW,2025-03-28 09:00,-63.4994,44.6397,CYAW 280900Z 30006KT 15SM BKN012 OVC018 01/M01 A3002 RMK SC6SC2 DENSITY ALT -1556FT FST OBS SLP169
CYAW,2025-03-28 09:39,-63.4994,44.6397,CYAW 280939Z 28004KT 15SM FEW012 BKN018 01/M01 A3003 RMK SC2SC5 DENSITY ALT -1579FT SLP170
CYAW,2025-03-28 10:00,-63.4994,44.6397,CYAW 281000Z 28005KT 15SM BKN016 01/M01 A3003 RMK SC6 DENSITY ALT -1567FT SLP171
CYAW,2025-03-28 10:37,-63.4994,44.6397,CYAW 281037Z 26004KT 15SM BKN012 02/M00 A3004 RMK SC6 DENSITY ALT -1539FT SLP174
CYAW,2025-03-28 11:00,-63.4994,44.6397,CYAW 281100Z 30004KT 15SM BKN010 02/M01 A3004 RMK SF5 DENSITY ALT -1528FT SLP174
CYAW,2025-03-28 12:00,-63.4994,44.6397,CYAW 281200Z 24005KT 15SM BKN009 01/M00 A3005 RMK SF7 DENSITY ALT -1563FT SLP177
CYAW,2025-03-28 13:00,-63.4994,44.6397,CYAW 281300Z 19005KT 15SM OVC008 02/M00 A3005 RMK SF8 DENSITY ALT -1498FT SLP179
CYAW,2025-03-28 13:35,-63.4994,44.6397,CYAW 281335Z 18007KT 15SM BKN011 02/00 A3006 RMK SC7 DENSITY ALT -1458FT SLP180
CYAW,2025-03-28 14:00,-63.4994,44.6397,CYAW 281400Z 19008KT 15SM BKN011 03/01 A3006 RMK SC7 DENSITY ALT -1365FT SLP180
CYAW,2025-03-28 15:00,-63.4994,44.6397,CYAW 281500Z 18008G17KT 15SM SCT010 BKN250 03/00 A3003 RMK CF4CI3 DENSITY ALT -1322FT SLP173
CYAW,2025-03-28 16:00,-63.4994,44.6397,CYAW 281600Z 15009KT 15SM FEW012 SCT110 BKN250 04/01 A2999 RMK CF2AC1CI3 DENSITY ALT -1205FT SLP159
CYAW,2025-03-28 16:15,-63.4994,44.6397,CYAW 281615Z CCA 16010KT 10SM SCT004 SCT110 BKN250 03/01 A2999 RMK SF3AC1CI3 DENSITY ALT -1271FT VIS LWR S QUAD SLP159
CYAW,2025-03-28 16:37,-63.4994,44.6397,CYAW 281637Z CCA 17009KT 8SM VCFG BKN004 BKN070 03/01 A2999 RMK SF6AC1 DENSITY ALT -1346FT FG BANK S QUAD VIS 1 1/4 SLP157
CYAW,2025-03-28 16:47,-63.4994,44.6397,CYAW 281647Z 16011KT 1/4SM FG OVC002 02/01 A2998 RMK SF8 DENSITY ALT -1437FT VIS VRB 1/8-3/8 SLP156
CYAW,2025-03-28 17:00,-63.4994,44.6397,CYAW 281700Z 16011G16KT 1/2SM FG OVC002 02/01 A2997 RMK SF8 DENSITY ALT -1334FT SLP151
CYAW,2025-03-28 17:10,-63.4994,44.6397,CYAW 281710Z 17009KT 8SM OVC002 03/02 A2997 RMK SF8 DENSITY ALT -1231FT VIS LWR S QUAD SLP150
CYAW,2025-03-28 17:35,-63.4994,44.6397,CYAW 281735Z 17008KT 10SM FEW002 BKN030 OVC070 05/02 A2995 RMK SF1SC4AC3 DENSITY ALT -1031FT VIS LWR S QUAD SLP143
CYAW,2025-03-28 18:00,-63.4994,44.6397,CYAW 281800Z 17012G17KT 15SM FEW004 SCT032 BKN074 05/02 A2992 RMK SF1SC4AC3 DENSITY ALT -998FT SLP136
CYAW,2025-03-28 19:00,-63.4994,44.6397,CYAW 281900Z 19006KT 15SM FEW018 BKN056 OVC100 04/01 A2990 RMK SC2SC3AC3 DENSITY ALT -1014FT LAST OBS /NEXT 311300 UTC SLP126
CYAW,2025-03-31 13:00,-63.4994,44.6397,CYAW 311300Z 12008KT 1/8SM -DZ FG VV001 02/02 A2998 RMK FG8 DENSITY ALT -1367FT FST OBS SLP156
CYAW,2025-03-31 14:00,-63.4994,44.6397,CYAW 311400Z 13006KT 1/8SM -DZ FG VV001 03/03 A2996 RMK FG8 DENSITY ALT -1226FT SLP149
CYAW,2025-03-31 14:28,-63.4994,44.6397,CYAW 311428Z 14006KT 1/4SM -DZ FG VV001 03/03 A2995 RMK FG8 DENSITY ALT -1174FT VIS VRB 1/8-3/8 SLP144
CYAW,2025-03-31 15:00,-63.4994,44.6397,CYAW 311500Z 14004KT 1/4SM -DZ FG VV001 04/03 A2993 RMK FG8 DENSITY ALT -1099FT VIS VRB 1/8-3/8 SLP138
CYAW,2025-03-31 16:00,-63.4994,44.6397,CYAW 311600Z 19005KT 0SM -DZ FG VV000 05/04 A2990 RMK FG8 DENSITY ALT -957FT SLP129
CYAW,2025-03-31 17:00,-63.4994,44.6397,CYAW 311700Z 18006KT 0SM -DZ FG VV000 05/05 A2988 RMK FG8 DENSITY ALT -829FT SLP121
CYAW,2025-03-31 17:11,-63.4994,44.6397,CYAW 311711Z 17005KT 0SM FG VV000 05/05 A2987 RMK FG8 DENSITY ALT -817FT SLP118
CYAW,2025-03-31 18:00,-63.4994,44.6397,CYAW 311800Z 21010KT 1/8SM FG VV000 08/07 A2984 RMK FG8 DENSITY ALT -493FT VIS VRB 0-1/4 SLP106
CYAW,2025-03-31 18:22,-63.4994,44.6397,CYAW 311822Z 21010G20KT 3/8SM FG VV002 08/07 A2983 RMK FG8 DENSITY ALT -455FT VIS VRB 1/4-1/2 SLP102
CYAW,2025-03-31 19:00,-63.4994,44.6397,CYAW 311900Z 21011G23KT 3/8SM FG VV002 08/07 A2982 RMK FG8 DENSITY ALT -432FT VIS VRB 1/4-1/2 SLP099
CYAW,2025-03-31 19:36,-63.4994,44.6397,CYAW 311936Z 22012G20KT 3/4SM BR OVC002 09/08 A2980 RMK SF8 DENSITY ALT -278FT VIS VRB 1/2-1 SLP093
CYAW,2025-03-31 20:00,-63.4994,44.6397,CYAW 312000Z 22012G27KT 1 1/2SM BR OVC003 09/08 A2979 RMK SF8 DENSITY ALT -280FT VIS VRB 1-2 LAST OBS /NEXT 011100 UTC SLP088
CYAW,2025-04-01 11:00,-63.4994,44.6397,CYAW 011100Z 22017G27KT 3SM -RA BR OVC004 09/08 A2952 RMK SF8 DENSITY ALT 22FT FST OBS SLP999
CYAW,2025-04-01 12:00,-63.4994,44.6397,CYAW 011200Z 22018G26KT 4SM -RA BR OVC004 09/09 A2951 RMK SF8 DENSITY ALT 110FT SLP994
CYAW,2025-04-01 13:00,-63.4994,44.6397,CYAW 011300Z 22011G17KT 4SM -RA BR OVC004 09/08 A2948 RMK SF8 DENSITY ALT 107FT SLP983
CYAW,2025-04-01 13:11,-63.4994,44.6397,CYAW 011311Z 21013G24KT 1 1/2SM +RA BR OVC004 09/09 A2945 RMK SF8 DENSITY ALT 168FT SLP975
CYAW,2025-04-01 13:41,-63.4994,44.6397,CYAW 011341Z 22014G22KT 4SM -RA BR SCT004 OVC010 09/08 A2946 RMK SF3SF5 DENSITY ALT 180FT SLP976
CYAW,2025-04-01 14:00,-63.4994,44.6397,CYAW 011400Z 22014G22KT 3SM -RA BR SCT007 OVC010 10/09 A2944 RMK SF4SF4 DENSITY ALT 270FT /R12/ SLP970
CYAW,2025-04-01 14:26,-63.4994,44.6397,CYAW 011426Z 22016G23KT 5SM BR OVC008 11/10 A2944 RMK SF8 DENSITY ALT 360FT SLP969
CYAW,2025-04-01 14:43,-63.4994,44.6397,CYAW 011443Z 22018G24KT 1SM -RA BR OVC005 11/10 A2943 RMK SF8 DENSITY ALT 425FT VIS VRB 3/4-1 1/2 SLP967
CYAW,2025-04-01 15:00,-63.4994,44.6397,CYAW 011500Z 22015G23KT 1SM -RA BR OVC003 11/10 A2943 RMK SF8 DENSITY ALT 399FT VIS VRB 3/4-1 1/2 SLP966
CYAW,2025-04-01 15:20,-63.4994,44.6397,CYAW 011520Z 24009G20KT 5SM BR OVC004 11/10 A2942 RMK SF8 DENSITY ALT 465FT SLP965
CYAW,2025-04-01 16:00,-63.4994,44.6397,CYAW 011600Z 27009KT 6SM BR BKN004 OVC010 10/10 A2943 RMK SF6SC2 DENSITY ALT 348FT SLP967
CYAW,2025-04-01 16:35,-63.4994,44.6397,CYAW 011635Z 31011KT 8SM SCT005 OVC010 12/11 A2944 RMK SF4SC4 DENSITY ALT 529FT SLP969
CYAW,2025-04-01 16:46,-63.4994,44.6397,CYAW 011646Z 33017G22KT 1SM -DZ BR OVC004 11/10 A2944 RMK SF8 DENSITY ALT 462FT SLP972
CYAW,2025-04-01 16:53,-63.4994,44.6397,CYAW 011653Z 32016G22KT 5SM -DZ BR SCT004 OVC010 11/09 A2945 RMK SF4SC4 DENSITY ALT 371FT SLP973
CYAW,2025-04-01 17:00,-63.4994,44.6397,CYAW 011700Z 33019G25KT 8SM SCT004 OVC010 11/09 A2946 RMK SF3SC5 DENSITY ALT 352FT SLP978
CYAW,2025-04-01 17:08,-63.4994,44.6397,CYAW 011708Z 32017G25KT 6SM -RA BR SCT005 OVC010 11/09 A2947 RMK SF4SC4 DENSITY ALT 315FT SLP980
CYAW,2025-04-01 17:46,-63.4994,44.6397,CYAW 011746Z 33019G30KT 10SM -RA FEW008 BKN015 OVC240 10/08 A2949 RMK SF2SC3CI3 DENSITY ALT 212FT PCPN VRY LGT SLP988
CYAW,2025-04-01 18:00,-63.4994,44.6397,CYAW 011800Z 32017G22KT 10SM SCT012 SCT024 OVC240 10/08 A2950 RMK SF3SC1CI4 DENSITY ALT 227FT SLP991
CYAW,2025-04-01 19:00,-63.4994,44.6397,CYAW 011900Z 34013KT 10SM BKN012 09/07 A2953 RMK SC7 DENSITY ALT 51FT CIG VRB 9-15 SLP001
CYAW,2025-04-01 20:00,-63.4994,44.6397,CYAW 012000Z 33018KT 15SM SCT012 OVC020 08/05 A2959 RMK SF3SC5 DENSITY ALT -223FT PRESRR SLP022
CYAW,2025-04-01 21:00,-63.4994,44.6397,CYAW 012100Z 32019G26KT 15SM SCT012 BKN020 06/03 A2965 RMK SF3SC4 DENSITY ALT -552FT SLP040
CYAW,2025-04-01 22:00,-63.4994,44.6397,CYAW 012200Z 31019G28KT 15SM BKN020 BKN240 05/01 A2971 RMK SC6CI1 DENSITY ALT -673FT PRESRR SLP061
CYAW,2025-04-01 22:43,-63.4994,44.6397,CYAW 012243Z 33012G23KT 15SM FEW020 FEW240 04/M00 A2976 RMK SC2CI1 DENSITY ALT -862FT PRESRR LAST OBS /NEXT 021300 UTC SLP077
CYAW,2025-04-02 13:00,-63.4994,44.6397,CYAW 021300Z 31019G26KT 15SM FEW015 FEW250 01/M11 A3030 RMK CF1CI1 DENSITY ALT -1998FT FST OBS SLP264
CYAW,2025-04-02 14:00,-63.4994,44.6397,CYAW 021400Z 33016G22KT 15SM FEW250 01/M11 A3032 RMK CI1 DENSITY ALT -2008FT SLP270
CYAW,2025-04-02 15:00,-63.4994,44.6397,CYAW 021500Z 32017G23KT 15SM FEW250 01/M13 A3033 RMK CI1 DENSITY ALT -1935FT SLP272
CYAW,2025-04-02 16:00,-63.4994,44.6397,CYAW 021600Z 32014G21KT 15SM FEW250 02/M11 A3033 RMK CI1 DENSITY ALT -1841FT SLP271
CYAW,2025-04-02 17:00,-63.4994,44.6397,CYAW 021700Z 32015G24KT 15SM FEW250 03/M10 A3034 RMK CI1 DENSITY ALT -1762FT SLP276
CYAW,2025-04-02 18:00,-63.4994,44.6397,CYAW 021800Z 31014KT 15SM FEW180 FEW250 03/M12 A3034 RMK AC1CI1 DENSITY ALT -1718FT SLP277
CYAW,2025-04-02 19:00,-63.4994,44.6397,CYAW 021900Z 32014G21KT 15SM FEW250 03/M12 A3035 RMK CI1 DENSITY ALT -1729FT SLP281
CYAW,2025-04-02 20:00,-63.4994,44.6397,CYAW 022000Z 32013G22KT 15SM FEW250 03/M12 A3038 RMK CI1 DENSITY ALT -1751FT SLP289
CYAW,2025-04-02 21:00,-63.4994,44.6397,CYAW 022100Z 33010KT 15SM FEW250 03/M13 A3040 RMK CI1 DENSITY ALT -1850FT SLP296
CYAW,2025-04-02 22:00,-63.4994,44.6397,CYAW 022200Z 31012KT 15SM FEW250 02/M14 A3042 RMK CI1 DENSITY ALT -1978FT SLP303
CYAW,2025-04-02 23:00,-63.4994,44.6397,CYAW 022300Z CCA 33007KT 15SM FEW240 01/M13 A3045 RMK CI1 DENSITY ALT -2187FT LAST OBS /NEXT 031100 UTC SLP315
CYAW,2025-04-03 11:00,-63.4994,44.6397,CYAW 031100Z 10002KT 15SM BKN070 OVC250 M01/M07 A3050 RMK AC7CI1 DENSITY ALT -2443FT FST OBS SLP331
CYAW,2025-04-03 12:00,-63.4994,44.6397,CYAW 031200Z 10003KT 15SM SCT070 OVC084 M01/M05 A3049 RMK AC3AC5 DENSITY ALT -2348FT SLP326
CYAW,2025-04-03 13:00,-63.4994,44.6397,CYAW 031300Z 16006KT 15SM FEW070 OVC090 01/M05 A3047 RMK AC2AC6 DENSITY ALT -2145FT SLP322
CYAW,2025-04-03 14:00,-63.4994,44.6397,CYAW 031400Z 17007KT 15SM BKN070 OVC090 01/M05 A3045 RMK AC7AC1 DENSITY ALT -2071FT SLP315
CYAW,2025-04-03 15:00,-63.4994,44.6397,CYAW 031500Z 16011KT 15SM OVC062 01/M05 A3041 RMK SC8 DENSITY ALT -2014FT SLP301
CYAW,2025-04-03 15:33,-63.4994,44.6397,CYAW 031533Z 16011KT 15SM -SHSN OVC060 02/M05 A3038 RMK SC8 DENSITY ALT -1940FT PCPN VRY LGT SLP292
CYAW,2025-04-03 15:41,-63.4994,44.6397,CYAW 031541Z 15011KT 5SM -SNPL OVC060 02/M04 A3037 RMK SC8 DENSITY ALT -1925FT PRESFR SLP287
CYAW,2025-04-03 16:00,-63.4994,44.6397,CYAW 031600Z 16011G16KT 5SM -SNPL OVC050 02/M03 A3035 RMK SC8 DENSITY ALT -1898FT PRESFR PCPN VRY LGT SLP281
CYAW,2025-04-03 16:20,-63.4994,44.6397,CYAW 031620Z 16012KT 8SM -SN OVC050 02/M02 A3034 RMK SC8 DENSITY ALT -1882FT SLP277
CYAW,2025-04-03 16:48,-63.4994,44.6397,CYAW 031648Z 16011G17KT 5SM -PL OVC045 01/M02 A3033 RMK SC8 DENSITY ALT -1892FT SLP272
CYAW,2025-04-03 17:00,-63.4994,44.6397,CYAW 031700Z 16011KT 5SM -SNPL OVC035 01/M01 A3033 RMK SC8 DENSITY ALT -1889FT SLP272
CYAW,2025-04-03 17:17,-63.4994,44.6397,CYAW 031717Z 17012KT 3SM -SN BKN012 OVC020 01/M02 A3031 RMK SF6SC2 DENSITY ALT -1899FT SLP268
CYAW,2025-04-03 17:35,-63.4994,44.6397,CYAW 031735Z 17013G18KT 1SM -SN OVC009 00/M01 A3030 RMK SF8 DENSITY ALT -2008FT SLP262
CYAW,2025-04-03 18:00,-63.4994,44.6397,CYAW 031800Z 16015KT 1SM -SN OVC009 00/M01 A3026 RMK SF8 DENSITY ALT -1959FT PRESFR SLP250
CYAW,2025-04-03 18:18,-63.4994,44.6397,CYAW 031818Z CCA 16015KT 1SM -SNPL OVC008 00/M00 A3022 RMK SN5SF3 DENSITY ALT -1885FT PRESFR SLP237
CYAW,2025-04-03 18:38,-63.4994,44.6397,CYAW 031838Z 16018G24KT 2SM -RAPL BKN004 OVC009 00/M00 A3019 RMK SF5SF3 DENSITY ALT -1863FT PRESFR SLP228
CYAW,2025-04-03 18:47,-63.4994,44.6397,CYAW 031847Z 16014G24KT 3SM -RA BR OVC005 00/M01 A3022 RMK SF8 DENSITY ALT -1899FT SLP235
CYAW,2025-04-03 19:00,-63.4994,44.6397,CYAW 031900Z 16013KT 3SM -RAPL BR OVC005 00/M00 A3022 RMK SF8 DENSITY ALT -1885FT LAST OBS /NEXT 040900 UTC SLP238
CYAW,2025-04-04 09:00,-63.4994,44.6397,CYAW 040900Z 26006KT 1/4SM FG VV002 05/05 A2979 RMK FG8 DENSITY ALT -724FT FST OBS SLP088
CYAW,2025-04-04 09:23,-63.4994,44.6397,CYAW 040923Z 29006KT 2SM BR OVC003 06/06 A2979 RMK SF8 DENSITY ALT -593FT SLP088
CYAW,2025-04-04 09:38,-63.4994,44.6397,CYAW 040938Z 22009KT 1/2SM FG OVC003 05/05 A2979 RMK FG3SF5 DENSITY ALT -724FT VIS VRB 3/8-5/8 SLP090
CYAW,2025-04-04 09:50,-63.4994,44.6397,CYAW 040950Z 28004KT 1/2SM FG FEW002 OVC130 05/05 A2979 RMK FG3SF1AC5 DENSITY ALT -725FT VIS VRB 3/8-5/8 SLP090
CYAW,2025-04-04 10:00,-63.4994,44.6397,CYAW 041000Z 32005KT 1SM BR FEW002 BKN130 BKN250 06/05 A2979 RMK SF1AC7CI1 DENSITY ALT -698FT SLP091
CYAW,2025-04-04 10:09,-63.4994,44.6397,CYAW 041009Z 32007KT 3SM BR FEW002 BKN130 BKN180 BKN250 07/06 A2979 RMK SF1AC5AC1CI1 DENSITY ALT -553FT SLP091
CYAW,2025-04-04 11:00,-63.4994,44.6397,CYAW 041100Z 29004KT 8SM VCFG FEW002 FEW130 BKN160 BKN250 07/07 A2981 RMK SF1AC2AC3CI2 DENSITY ALT -511FT FG BANK SE QUAD VIS 4 SLP095
CYAW,2025-04-04 12:00,-63.4994,44.6397,CYAW 041200Z 30011G18KT 15SM FEW008 FEW130 BKN250 10/07 A2982 RMK CF1AC1CI7 DENSITY ALT -225FT SLP101
CYAW,2025-04-04 13:00,-63.4994,44.6397,CYAW 041300Z 32014G20KT 15SM FEW022 FEW130 BKN250 10/06 A2985 RMK CU2AC1CI5 DENSITY ALT -261FT SLP110
CYAW,2025-04-04 14:00,-63.4994,44.6397,CYAW 041400Z 34016KT 15SM BKN024 BKN240 10/05 A2985 RMK SC6CI1 DENSITY ALT -250FT SLP111
CYAW,2025-04-04 15:00,-63.4994,44.6397,CYAW 041500Z 33012G21KT 15SM BKN025 BKN240 11/06 A2988 RMK SC5CI2 DENSITY ALT -162FT SLP119
CYAW,2025-04-04 16:00,-63.4994,44.6397,CYAW 041600Z 33014KT 15SM SCT025 BKN240 11/05 A2988 RMK SC4CI3 DENSITY ALT -177FT SLP121
CYAW,2025-04-04 17:00,-63.4994,44.6397,CYAW 041700Z 34012G18KT 15SM BKN025 BKN240 11/05 A2987 RMK SC6CI1 DENSITY ALT -156FT SLP118
CYAW,2025-04-04 18:00,-63.4994,44.6397,CYAW 041800Z 34010KT 15SM BKN025 BKN240 11/05 A2987 RMK SC6CI1 DENSITY ALT -105FT SLP118
CYAW,2025-04-04 19:00,-63.4994,44.6397,CYAW 041900Z 36012G18KT 15SM BKN025 BKN240 11/04 A2988 RMK SC5CI1 DENSITY ALT -160FT SLP120
CYAW,2025-04-04 20:00,-63.4994,44.6397,CYAW 042000Z CCA 01009KT 15SM SCT025 BKN045 BKN240 09/05 A2988 RMK SC3SC3CI1 DENSITY ALT -338FT LAST OBS /NEXT 071100 UTC SLP120
CYAW,2025-04-07 11:00,-63.4994,44.6397,CYAW 071100Z 33009KT 15SM FEW025 SCT060 BKN150 BKN240 03/01 A2982 RMK SC1SC2AC3CI1 DENSITY ALT -1101FT FST OBS SLP099
CYAW,2025-04-07 12:00,-63.4994,44.6397,CYAW 071200Z 35011KT 15SM FEW018 SCT025 BKN150 BKN240 03/00 A2984 RMK SC2SC1AC4CI1 DENSITY ALT -1077FT SLP107
CYAW,2025-04-07 13:00,-63.4994,44.6397,CYAW 071300Z 34011KT 15SM SCT020 BKN150 BKN240 04/00 A2986 RMK SC3AC4CI1 DENSITY ALT -1064FT SLP114
CYAW,2025-04-07 14:00,-63.4994,44.6397,CYAW 071400Z 34009KT 15SM FEW020 BKN150 BKN240 04/M01 A2985 RMK SC2AC5CI1 DENSITY ALT -1046FT SLP111
CYAW,2025-04-07 15:00,-63.4994,44.6397,CYAW 071500Z 30008G16KT 15SM SCT025 BKN150 06/M01 A2984 RMK SC3AC4 DENSITY ALT -809FT SLP106
CYAW,2025-04-07 16:00,-63.4994,44.6397,CYAW 071600Z CCA 31009KT 15SM SCT025 BKN140 07/M02 A2984 RMK SC3AC4 DENSITY ALT -670FT LAST OBS /NEXT 081200 UTC SLP108
CYAW,2025-04-08 12:00,-63.4994,44.6397,CYAW 081200Z 08014G24KT 1SM -SN BKN004 OVC009 00/M00 A2959 RMK SF6SF2 DENSITY ALT -1167FT FST OBS SLP021
CYAW,2025-04-08 13:00,-63.4994,44.6397,CYAW 081300Z 07012G19KT 1SM -SN BKN004 OVC009 00/M01 A2961 RMK SF6SF2 DENSITY ALT -1218FT SLP029
CYAW,2025-04-08 13:25,-63.4994,44.6397,CYAW 081325Z 07011G17KT 1/2SM SN VV003 00/M01 A2961 RMK SN8 DENSITY ALT -1231FT SLP029
CYAW,2025-04-08 14:00,-63.4994,44.6397,CYAW 081400Z 06010G17KT 1/2SM SN VV003 00/M01 A2960 RMK SN8 DENSITY ALT -1207FT /S03/ SLP025
CYAW,2025-04-08 14:45,-63.4994,44.6397,CYAW 081445Z 06012KT 5/8SM -SN VV005 00/M01 A2958 RMK SN8 DENSITY ALT -1146FT VIS VRB 3/8-1 SLP018
CYAW,2025-04-08 15:00,-63.4994,44.6397,CYAW 081500Z 06013G21KT 3/4SM -SN VV005 01/M01 A2955 RMK SN8 DENSITY ALT -1098FT VIS VRB 1/2-1 /S07/ SLP007
CYAW,2025-04-08 15:14,-63.4994,44.6397,CYAW 081514Z 07014G22KT 1 1/2SM -SNPL OVC007 01/M01 A2954 RMK SF8 DENSITY ALT -1089FT VIS VRB 1-2 SLP005
CYAW,2025-04-08 15:33,-63.4994,44.6397,CYAW 081533Z 07011G23KT 1 1/4SM -SN OVC007 00/M01 A2954 RMK SF8 DENSITY ALT -1127FT VIS VRB 3/4-1 3/4 SLP006
CYAW,2025-04-08 16:00,-63.4994,44.6397,CYAW 081600Z 06017G23KT 1 1/2SM -SN DRSN BKN007 OVC010 00/M02 A2952 RMK SF6SF2 DENSITY ALT -1105FT SLP999
CYAW,2025-04-08 16:16,-63.4994,44.6397,CYAW 081616Z 07012G21KT 1 1/4SM -SN OVC009 00/M02 A2953 RMK SF8 DENSITY ALT -1130FT VIS VRB 3/4-1 3/4 SLP003
CYAW,2025-04-08 17:00,-63.4994,44.6397,CYAW 081700Z 05012G19KT 1SM -SN OVC007 00/M01 A2953 RMK SF8 DENSITY ALT -1089FT VIS VRB 3/4-1 1/4 /S08/ SLP001
CYAW,2025-04-08 17:36,-63.4994,44.6397,CYAW 081736Z 05010G17KT 1 1/4SM -SNPL BKN007 OVC015 01/M01 A2953 RMK SF6SC2 DENSITY ALT -1050FT VIS VRB 3/4-1 3/4 SLP001
CYAW,2025-04-08 18:00,-63.4994,44.6397,CYAW 081800Z 04010G16KT 1 1/4SM -SNPL BKN007 OVC015 01/M01 A2953 RMK SF6SC2 DENSITY ALT -1063FT VIS VRB 3/4-1 3/4 SLP003
CYAW,2025-04-08 18:29,-63.4994,44.6397,CYAW 081829Z 05009KT 1 1/4SM -SN BKN008 OVC013 01/M01 A2951 RMK SF7SC1 DENSITY ALT -987FT VIS VRB 3/4-1 3/4 SLP995
CYAW,2025-04-08 19:00,-63.4994,44.6397,CYAW 081900Z 06010G19KT 2SM -SN BKN008 OVC014 02/M01 A2949 RMK SF6SC2 DENSITY ALT -889FT LAST OBS /NEXT 091000 UTC SLP989
CYAW,2025-04-09 10:00,-63.4994,44.6397,CYAW 091000Z 02004KT 3SM -SN SCT006 BKN032 OVC250 M01/M01 A2970 RMK SF3SC4CI1 DENSITY ALT -1416FT FST OBS SLP060
CYAW,2025-04-09 10:17,-63.4994,44.6397,CYAW 091017Z 01004KT 8SM FEW006 BKN036 M01/M01 A2972 RMK SF2SC5 DENSITY ALT -1440FT SLP065
CYAW,2025-04-09 11:00,-63.4994,44.6397,CYAW 091100Z 34006KT 10SM FEW006 BKN037 BKN053 M00/M02 A2976 RMK SF1SC5SC1 DENSITY ALT -1463FT SLP079
CYAW,2025-04-09 12:00,-63.4994,44.6397,CYAW 091200Z 35008KT 15SM FEW006 FEW012 BKN050 00/M02 A2980 RMK SF1SC1SC7 DENSITY ALT -1433FT SLP094
CYAW,2025-04-09 13:00,-63.4994,44.6397,CYAW 091300Z 34007KT 15SM FEW006 BKN023 BKN050 02/M02 A2985 RMK SF1SC6SC1 DENSITY ALT -1302FT SLP110
CYAW,2025-04-09 14:00,-63.4994,44.6397,CYAW 091400Z 01007KT 15SM FEW023 BKN043 02/M03 A2988 RMK SC1SC6 DENSITY ALT -1265FT SLP122
CYAW,2025-04-09 14:39,-63.4994,44.6397,CYAW 091439Z 33007KT 10SM -SHSN BKN019 OVC033 01/M03 A2991 RMK SC7SC1 DENSITY ALT -1415FT SLP131
CYAW,2025-04-09 15:00,-63.4994,44.6397,CYAW 091500Z 32007KT 15SM BKN019 OVC036 01/M02 A2992 RMK SC5SC3 DENSITY ALT -1423FT SLP135
CYAW,2025-04-09 15:10,-63.4994,44.6397,CYAW 091510Z 33006KT 15SM -SHSN BKN019 OVC036 01/M02 A2993 RMK SC5SC3 DENSITY ALT -1447FT SLP137
CYAW,2025-04-09 15:38,-63.4994,44.6397,CYAW 091538Z 31007KT 15SM SCT017 OVC036 02/M02 A2994 RMK SC3SC5 DENSITY ALT -1346FT SLP140
CYAW,2025-04-09 16:00,-63.4994,44.6397,CYAW 091600Z CCA 29010KT 12SM -SHSN BKN036 OVC050 03/M02 A2995 RMK SC6SC2 DENSITY ALT -1319FT PCPN VRY LGT SLP144
CYAW,2025-04-09 17:00,-63.4994,44.6397,CYAW 091700Z 29010KT 15SM FEW023 BKN040 04/M03 A2997 RMK SC2SC5 DENSITY ALT -1172FT SLP152
CYAW,2025-04-09 18:00,-63.4994,44.6397,CYAW 091800Z 30008KT 15SM BKN040 05/M04 A3000 RMK SC7 DENSITY ALT -1109FT SLP162
CYAW,2025-04-09 19:00,-63.4994,44.6397,CYAW 091900Z 26008KT 15SM BKN033 03/M03 A3003 RMK SC7 DENSITY ALT -1327FT SLP172
CYAW,2025-04-09 20:00,-63.4994,44.6397,CYAW 092000Z 26008KT 15SM BKN040 03/M03 A3005 RMK SC7 DENSITY ALT -1336FT SLP177
CYAW,2025-04-09 21:00,-63.4994,44.6397,CYAW 092100Z 28009KT 15SM FEW030 BKN040 03/M02 A3006 RMK CU1SC5 DENSITY ALT -1333FT SLP183
CYAW,2025-04-09 22:00,-63.4994,44.6397,CYAW 092200Z 24010KT 15SM SCT040 03/M03 A3010 RMK SC4 DENSITY ALT -1458FT SLP196
CYAW,2025-04-09 23:00,-63.4994,44.6397,CYAW 092300Z CCA 22007KT 15SM BKN044 02/M03 A3014 RMK SC6 DENSITY ALT -1628FT LAST OBS /NEXT 101200 UTC SLP209
CYAW,2025-04-10 12:00,-63.4994,44.6397,CYAW 101200Z 27009KT 15SM FEW020 FEW170 02/M04 A3037 RMK SC1AC1 DENSITY ALT -1901FT FST OBS SLP286
CYAW,2025-04-10 13:00,-63.4994,44.6397,CYAW 101300Z 27011G17KT 15SM FEW008 FEW170 03/M07 A3037 RMK CF1AC1 DENSITY ALT -1722FT SLP287
CYAW,2025-04-10 14:00,-63.4994,44.6397,CYAW 101400Z CCA 25014G19KT 15SM FEW012 FEW030 05/M07 A3037 RMK CF1SC1 DENSITY ALT -1336FT SLP286
CYAW,2025-04-10 15:00,-63.4994,44.6397,CYAW 101500Z 26014G21KT 15SM FEW048 04/M06 A3036 RMK CU2 DENSITY ALT -1595FT SLP283
CYAW,2025-04-10 16:00,-63.4994,44.6397,CYAW 101600Z 26010G16KT 15SM SCT047 SCT090 05/M04 A3035 RMK CU3AC1 DENSITY ALT -1461FT SLP279
CYAW,2025-04-10 17:00,-63.4994,44.6397,CYAW 101700Z 24010G18KT 15SM FEW045 FEW090 06/M03 A3034 RMK CU2AC1 DENSITY ALT -1323FT SLP275
CYAW,2025-04-10 18:00,-63.4994,44.6397,CYAW 101800Z 23011G18KT 15SM SCT045 SCT090 06/M01 A3033 RMK CU3AC1 DENSITY ALT -1289FT SLP271
CYAW,2025-04-10 19:00,-63.4994,44.6397,CYAW 101900Z 22018G23KT 15SM FEW045 SCT090 06/M03 A3033 RMK CU2AC1 DENSITY ALT -1322FT SLP271
CYAW,2025-04-10 20:00,-63.4994,44.6397,CYAW 102000Z 23014KT 15SM FEW050 SCT250 06/M01 A3033 RMK CU1CI2 DENSITY ALT -1313FT SLP271
CYAW,2025-04-10 21:00,-63.4994,44.6397,CYAW 102100Z 22011G17KT 15SM FEW050 SCT250 05/M00 A3032 RMK CF1CI3 DENSITY ALT -1469FT SLP270
CYAW,2025-04-10 22:00,-63.4994,44.6397,CYAW 102200Z 22012G18KT 15SM FEW050 FEW250 03/M00 A3033 RMK CF1CI2 DENSITY ALT -1643FT SLP273
CYAW,2025-04-10 23:00,-63.4994,44.6397,CYAW 102300Z 22011G16KT 15SM FEW020 FEW250 02/M00 A3033 RMK SC1CI2 DENSITY ALT -1794FT SLP273
CYAW,2025-04-11 00:00,-63.4994,44.6397,CYAW 110000Z 23009KT 15SM FEW020 FEW250 02/00 A3035 RMK SC1CI1 DENSITY ALT -1853FT SLP278
CYAW,2025-04-11 01:00,-63.4994,44.6397,CYAW 110100Z 23006KT 15SM FEW250 02/M00 A3036 RMK CI1 DENSITY ALT -1818FT SLP283
CYAW,2025-04-11 02:00,-63.4994,44.6397,CYAW 110200Z 28005KT 15SM FEW020 FEW250 02/00 A3036 RMK SC1CI1 DENSITY ALT -1866FT SLP284
CYAW,2025-04-11 03:00,-63.4994,44.6397,CYAW 110300Z 17003KT 15SM FEW250 01/00 A3036 RMK CI2 DENSITY ALT -1980FT SLP284
CYAW,2025-04-11 04:00,-63.4994,44.6397,CYAW 110400Z 25004KT 15SM FEW250 01/M00 A3037 RMK CI1 DENSITY ALT -2017FT LAST OBS /NEXT 111000 UTC SLP286
CYAW,2025-04-11 10:00,-63.4994,44.6397,CYAW 111000Z 04002KT 15SM FEW240 M04/M05 A3035 RMK CI2 DENSITY ALT -2625FT FST OBS SLP282
CYAW,2025-04-11 11:00,-63.4994,44.6397,CYAW 111100Z 03002KT 15SM FEW240 M01/M02 A3034 RMK CI2 DENSITY ALT -2158FT SLP277
CYAW,2025-04-11 12:00,-63.4994,44.6397,CYAW 111200Z 25002KT 15SM BKN240 02/M04 A3035 RMK CI6 DENSITY ALT -1826FT SLP278
CYAW,2025-04-11 13:00,-63.4994,44.6397,CYAW 111300Z 18003KT 15SM BKN240 04/M05 A3034 RMK CI6 DENSITY ALT -1629FT SLP277
CYAW,2025-04-11 14:00,-63.4994,44.6397,CYAW 111400Z 22004KT 15SM BKN240 04/M03 A3033 RMK CI6 DENSITY ALT -1536FT SLP274
CYAW,2025-04-11 15:00,-63.4994,44.6397,CYAW 111500Z 19006KT 15SM SCT150 BKN240 05/M04 A3034 RMK AC3CI3 DENSITY ALT -1490FT SLP277
CYAW,2025-04-11 16:00,-63.4994,44.6397,CYAW 111600Z 19006KT 15SM SCT140 BKN240 05/M05 A3033 RMK AC4CI2 DENSITY ALT -1445FT SLP274
CYAW,2025-04-11 17:00,-63.4994,44.6397,CYAW 111700Z 17006KT 15SM FEW140 BKN240 05/M05 A3033 RMK AC1CI6 DENSITY ALT -1433FT SLP271
CYAW,2025-04-11 18:00,-63.4994,44.6397,CYAW 111800Z 16008KT 15SM FEW140 BKN240 05/M04 A3031 RMK AC1CS6 DENSITY ALT -1480FT HALO SLP267
CYAW,2025-04-11 19:00,-63.4994,44.6397,CYAW 111900Z 16008KT 15SM SCT130 BKN240 05/M05 A3029 RMK AC4CS3 DENSITY ALT -1436FT SLP259
CYAW,2025-04-11 20:00,-63.4994,44.6397,CYAW 112000Z 17006KT 15SM BKN130 BKN240 05/M04 A3028 RMK AC6CI1 DENSITY ALT -1408FT SLP255
CYAW,2025-04-11 20:35,-63.4994,44.6397,CYAW 112035Z 17006KT 15SM BKN110 04/M04 A3027 RMK AC6 DENSITY ALT -1457FT LAST OBS /NEXT 141000 UTC SLP253
CYAW,2025-04-14 10:00,-63.4994,44.6397,CYAW 141000Z 34010KT 4SM BR OVC004 04/03 A2947 RMK SF8 DENSITY ALT -604FT FST OBS SLP982
CYAW,2025-04-14 10:13,-63.4994,44.6397,CYAW 141013Z 35010KT 8SM OVC006 03/03 A2948 RMK SF8 DENSITY ALT -642FT SLP984
CYAW,2025-04-14 10:48,-63.4994,44.6397,CYAW 141048Z 01006KT 1 1/2SM -DZ BR OVC006 03/03 A2949 RMK SF8 DENSITY ALT -655FT VIS VRB 1-2 SLP986
CYAW,2025-04-14 11:00,-63.4994,44.6397,CYAW 141100Z 36007KT 1SM -DZ BR OVC006 03/03 A2948 RMK SF8 DENSITY ALT -642FT VIS VRB 3/4-1 1/4 SLP985
CYAW,2025-04-14 11:38,-63.4994,44.6397,CYAW 141138Z CCA 34008KT 6SM -DZ BR OVC008 03/03 A2948 RMK SF8 DENSITY ALT -629FT VIS VRB 4-8 SLP983
CYAW,2025-04-14 12:00,-63.4994,44.6397,CYAW 141200Z 33008KT 10SM -DZ BKN006 OVC012 03/03 A2947 RMK SF7SC1 DENSITY ALT -631FT SLP982
CYAW,2025-04-14 13:00,-63.4994,44.6397,CYAW 141300Z 35007KT 10SM -DZ BKN006 OVC012 04/03 A2947 RMK SF7SC1 DENSITY ALT -606FT SLP980
CYAW,2025-04-14 13:13,-63.4994,44.6397,CYAW 141313Z 34012KT 3SM -DZ BR OVC007 04/03 A2946 RMK SF8 DENSITY ALT -569FT VIS VRB 2 1/4-4 SLP978
CYAW,2025-04-14 13:35,-63.4994,44.6397,CYAW 141335Z 35011KT 8SM -DZ OVC008 04/03 A2946 RMK SF8 DENSITY ALT -556FT SLP976
CYAW,2025-04-14 14:00,-63.4994,44.6397,CYAW 141400Z 34014KT 15SM -DZ BKN008 OVC012 04/03 A2945 RMK SF6SC2 DENSITY ALT -519FT SLP975
CYAW,2025-04-14 14:15,-63.4994,44.6397,CYAW 141415Z 34011KT 15SM BKN008 OVC012 04/03 A2945 RMK SF5SC3 DENSITY ALT -506FT SLP973
CYAW,2025-04-14 15:00,-63.4994,44.6397,CYAW 141500Z 34016G22KT 15SM OVC010 05/03 A2943 RMK SC8 DENSITY ALT -369FT SLP967
CYAW,2025-04-14 16:00,-63.4994,44.6397,CYAW 141600Z 35013G20KT 15SM OVC012 07/04 A2941 RMK SC8 DENSITY ALT -156FT SLP962
CYAW,2025-04-14 17:00,-63.4994,44.6397,CYAW 141700Z 34015G23KT 15SM OVC015 08/04 A2941 RMK SC8 DENSITY ALT 69FT SLP960
CYAW,2025-04-14 18:00,-63.4994,44.6397,CYAW 141800Z 34020KT 15SM OVC016 07/03 A2941 RMK SC8 DENSITY ALT -97FT SLP960
CYAW,2025-04-14 19:00,-63.4994,44.6397,CYAW 141900Z 32014G24KT 15SM OVC015 07/03 A2942 RMK SC8 DENSITY ALT -158FT SLP963
CYAW,2025-04-14 19:29,-63.4994,44.6397,CYAW 141929Z 32018G28KT 15SM OVC014 05/03 A2942 RMK SC8 DENSITY ALT -312FT SLP963
CYAW,2025-04-14 20:00,-63.4994,44.6397,CYAW 142000Z 33015G28KT 15SM OVC012 05/02 A2944 RMK SC8 DENSITY ALT -424FT SLP971
CYAW,2025-04-14 21:00,-63.4994,44.6397,CYAW 142100Z 34011G23KT 15SM OVC012 04/02 A2946 RMK SC8 DENSITY ALT -512FT SLP979
CYAW,2025-04-14 22:00,-63.4994,44.6397,CYAW 142200Z 33016G24KT 15SM OVC013 04/01 A2947 RMK SC8 DENSITY ALT -591FT SLP981
CYAW,2025-04-14 23:00,-63.4994,44.6397,CYAW 142300Z 33015G24KT 15SM OVC014 03/01 A2949 RMK SC8 DENSITY ALT -665FT SLP987
CYAW,2025-04-15 00:00,-63.4994,44.6397,CYAW 150000Z 33019G25KT 15SM OVC014 03/01 A2952 RMK SC8 DENSITY ALT -702FT SLP999
CYAW,2025-04-15 00:22,-63.4994,44.6397,CYAW 150022Z 33012G20KT 15SM BKN016 03/01 A2952 RMK SC7 DENSITY ALT -713FT SLP000
CYAW,2025-04-15 01:00,-63.4994,44.6397,CYAW 150100Z 33016G22KT 15SM BKN016 03/01 A2953 RMK SC7 DENSITY ALT -738FT SLP002
CYAW,2025-04-15 01:14,-63.4994,44.6397,CYAW 150114Z 34020G25KT 15SM -DZ BKN012 OVC023 03/01 A2953 RMK SC6SC2 DENSITY ALT -749FT SLP003
CYAW,2025-04-15 01:36,-63.4994,44.6397,CYAW 150136Z 33015G25KT 15SM -SHRA BKN012 OVC028 03/01 A2953 RMK SC6SC2 DENSITY ALT -761FT PCPN VRY LGT SLP003
CYAW,2025-04-15 02:00,-63.4994,44.6397,CYAW 150200Z CCA 33016G22KT 15SM BKN014 BKN028 03/01 A2953 RMK SC5SC2 DENSITY ALT -773FT PCPN VRY LGT LAST OBS /NEXT 151000 UTC SLP003
CYAW,2025-04-15 10:00,-63.4994,44.6397,CYAW 151000Z 28005KT 15SM FEW036 FEW180 SCT250 03/00 A2961 RMK SC1AC1CI4 DENSITY ALT -897FT FST OBS SLP029
CYAW,2025-04-15 11:00,-63.4994,44.6397,CYAW 151100Z 26008KT 15SM FEW036 FEW180 SCT250 04/01 A2960 RMK SC1AC1CI2 DENSITY ALT -759FT SLP027
CYAW,2025-04-15 12:00,-63.4994,44.6397,CYAW 151200Z 28008KT 15SM FEW180 FEW250 07/02 A2961 RMK AC1CI1 DENSITY ALT -377FT SLP030
CYAW,2025-04-15 13:00,-63.4994,44.6397,CYAW 151300Z 31011G16KT 15SM FEW180 FEW250 09/03 A2961 RMK AC1CI1 DENSITY ALT -65FT SLP029
CYAW,2025-04-15 14:00,-63.4994,44.6397,CYAW 151400Z 30009G16KT 15SM FEW160 SCT240 12/03 A2962 RMK AC2CI1 DENSITY ALT 249FT SLP030
CYAW,2025-04-15 15:00,-63.4994,44.6397,CYAW 151500Z 30004KT 15SM FEW090 SCT160 BKN240 14/01 A2960 RMK AC2AC2CI1 DENSITY ALT 480FT SLP025
CYAW,2025-04-15 16:00,-63.4994,44.6397,CYAW 151600Z 24014KT 15SM FEW044 FEW080 SCT160 SCT240 13/03 A2960 RMK CF1AC1AC2CI1 DENSITY ALT 421FT SLP023
CYAW,2025-04-15 17:00,-63.4994,44.6397,CYAW 151700Z 24012G17KT 15SM FEW045 FEW075 BKN130 BKN240 12/02 A2960 RMK CF1AC1AC6CI1 DENSITY ALT 330FT SLP025
CYAW,2025-04-15 18:00,-63.4994,44.6397,CYAW 151800Z 23012KT 15SM -SHRA FEW045 BKN075 BKN120 11/01 A2960 RMK CF1AC6AC1 DENSITY ALT 141FT SLP023
CYAW,2025-04-15 18:28,-63.4994,44.6397,CYAW 151828Z 24009G16KT 15SM -SHRA FEW045 OVC080 10/01 A2959 RMK SC1AC8 DENSITY ALT 58FT PCPN VRY LGT SLP021
CYAW,2025-04-15 19:00,-63.4994,44.6397,CYAW 151900Z 23007KT 15SM FEW055 BKN077 10/02 A2958 RMK SC1AC7 DENSITY ALT 60FT SLP019
CYAW,2025-04-15 20:00,-63.4994,44.6397,CYAW 152000Z 15007KT 15SM FEW055 BKN065 BKN072 BKN240 09/03 A2957 RMK CU1SC5AC1CI1 DENSITY ALT -89FT SLP013
CYAW,2025-04-15 21:00,-63.4994,44.6397,CYAW 152100Z 16007KT 15SM BKN060 BKN240 06/03 A2957 RMK SC6CI1 DENSITY ALT -410FT SLP015
CYAW,2025-04-15 22:00,-63.4994,44.6397,CYAW 152200Z 16006KT 15SM BKN043 BKN240 05/03 A2953 RMK SC6CI1 DENSITY ALT -489FT SLP002
CYAW,2025-04-15 23:00,-63.4994,44.6397,CYAW 152300Z 14006KT 15SM BKN027 BKN043 05/03 A2950 RMK SC5SC2 DENSITY ALT -490FT SLP993
CYAW,2025-04-15 23:22,-63.4994,44.6397,CYAW 152322Z 12006KT 15SM -SHRA BKN014 OVC027 05/03 A2949 RMK SC6SC2 DENSITY ALT -452FT SLP990
CYAW,2025-04-16 00:00,-63.4994,44.6397,CYAW 160000Z 12007KT 10SM -SHRA OVC010 05/04 A2949 RMK SC8 DENSITY ALT -447FT SLP987
CYAW,2025-04-16 00:18,-63.4994,44.6397,CYAW 160018Z 14007KT 6SM -RA BR BKN006 OVC010 05/04 A2949 RMK SF5SC3 DENSITY ALT -460FT SLP987
CYAW,2025-04-16 01:00,-63.4994,44.6397,CYAW 160100Z CCA 14012G19KT 6SM -RA BR BKN006 OVC024 06/05 A2945 RMK SF5SC3 DENSITY ALT -318FT LAST OBS /NEXT 161000 UTC SLP974
CYAW,2025-04-16 10:00,-63.4994,44.6397,CYAW 161000Z 28007KT 15SM FEW008 FEW018 FEW250 06/05 A2932 RMK SF1SC1CI1 DENSITY ALT -92FT FST OBS SLP930
CYAW,2025-04-16 11:00,-63.4994,44.6397,CYAW 161100Z 24007KT 15SM FEW013 FEW250 07/05 A2936 RMK SC1CI1 DENSITY ALT -40FT SLP945
CYAW,2025-04-16 12:00,-63.4994,44.6397,CYAW 161200Z 25010G16KT 15SM FEW008 FEW014 FEW250 08/05 A2939 RMK SF1SC1CI1 DENSITY ALT 12FT SLP952
CYAW,2025-04-16 13:00,-63.4994,44.6397,CYAW 161300Z 22011KT 15SM FEW014 FEW250 09/05 A2941 RMK SC1CI1 DENSITY ALT 110FT SLP960
CYAW,2025-04-16 14:00,-63.4994,44.6397,CYAW 161400Z 22013KT 15SM FEW020 FEW180 11/05 A2940 RMK CU1AC1 DENSITY ALT 415FT SLP958
CYAW,2025-04-16 15:00,-63.4994,44.6397,CYAW 161500Z 20010G19KT 15SM SCT018 SCT250 10/05 A2940 RMK CU3CI1 DENSITY ALT 284FT SLP957
CYAW,2025-04-16 15:48,-63.4994,44.6397,CYAW 161548Z 20012G20KT 15SM BKN012 BKN080 08/05 A2941 RMK SC5AC1 DENSITY ALT 71FT SLP959
CYAW,2025-04-16 16:00,-63.4994,44.6397,CYAW 161600Z 21011G18KT 15SM SCT012 BKN080 09/05 A2941 RMK SC3AC4 DENSITY ALT 158FT SLP959
CYAW,2025-04-16 17:00,-63.4994,44.6397,CYAW 161700Z 21014G23KT 15SM FEW025 BKN078 11/03 A2939 RMK CU1AC6 DENSITY ALT 399FT SLP955
CYAW,2025-04-16 18:00,-63.4994,44.6397,CYAW 161800Z 21017G24KT 15SM BKN060 10/02 A2939 RMK SC7 DENSITY ALT 260FT SLP954
CYAW,2025-04-16 19:00,-63.4994,44.6397,CYAW 161900Z 21016G24KT 15SM BKN057 09/02 A2939 RMK SC7 DENSITY ALT 125FT SLP955
CYAW,2025-04-16 20:00,-63.4994,44.6397,CYAW 162000Z 22018G28KT 15SM BKN057 07/01 A2941 RMK SC7 DENSITY ALT -163FT SLP959
CYAW,2025-04-16 21:00,-63.4994,44.6397,CYAW 162100Z 23016G27KT 15SM BKN052 05/01 A2942 RMK SC7 DENSITY ALT -332FT SLP963
CYAW,2025-04-16 21:27,-63.4994,44.6397,CYAW 162127Z 23014G20KT 12SM -SHRA BKN050 05/02 A2943 RMK SC7 DENSITY ALT -328FT PCPN VRY LGT SLP967
CYAW,2025-04-16 22:00,-63.4994,44.6397,CYAW 162200Z 24015G21KT 15SM -SHRA BKN050 OVC070 05/02 A2945 RMK SC7AS1 DENSITY ALT -351FT PCPN VRY LGT SLP973
CYAW,2025-04-16 22:14,-63.4994,44.6397,CYAW 162214Z 23014G20KT 15SM FEW040 BKN050 OVC250 06/02 A2945 RMK SC1SC4CI3 DENSITY ALT -316FT SLP974
CYAW,2025-04-16 23:00,-63.4994,44.6397,CYAW 162300Z 24009G20KT 15SM SCT050 SCT070 05/01 A2947 RMK SC3AC1 DENSITY ALT -440FT SLP979
CYAW,2025-04-17 00:00,-63.4994,44.6397,CYAW 170000Z 23011KT 15SM FEW050 04/01 A2949 RMK SC1 DENSITY ALT -565FT SLP988
CYAW,2025-04-17 01:00,-63.4994,44.6397,CYAW 170100Z 23012KT 15SM FEW050 04/01 A2951 RMK SC1 DENSITY ALT -650FT SLP995
CYAW,2025-04-17 01:41,-63.4994,44.6397,CYAW 170141Z 24012G27KT 15SM FEW075 04/01 A2952 RMK AC2 DENSITY ALT -649FT LAST OBS /NEXT 171000 UTC SLP999
CYAW,2025-04-17 10:00,-63.4994,44.6397,CYAW 171000Z 24009KT 15SM FEW160 SCT240 03/M00 A2968 RMK AC1CI2 DENSITY ALT -994FT FST OBS SLP053
CYAW,2025-04-17 11:00,-63.4994,44.6397,CYAW 171100Z 26011KT 15SM SCT070 SCT160 BKN240 04/00 A2970 RMK AC4AC1CI1 DENSITY ALT -827FT SLP058
CYAW,2025-04-17 12:00,-63.4994,44.6397,CYAW 171200Z 25012G19KT 15SM BKN030 BKN160 BKN240 05/00 A2971 RMK SC5AC1CI1 DENSITY ALT -688FT SLP063
CYAW,2025-04-17 13:00,-63.4994,44.6397,CYAW 171300Z 27011G19KT 15SM BKN030 BKN160 BKN240 06/01 A2973 RMK SC5AC1CI1 DENSITY ALT -647FT SLP070
CYAW,2025-04-17 14:00,-63.4994,44.6397,CYAW 171400Z 27013KT 15SM BKN027 07/01 A2974 RMK SC6 DENSITY ALT -461FT SLP074
CYAW,2025-04-17 15:00,-63.4994,44.6397,CYAW 171500Z 28013G19KT 15SM BKN035 BKN240 10/01 A2974 RMK SC5CI1 DENSITY ALT -130FT SLP074
CYAW,2025-04-17 16:00,-63.4994,44.6397,CYAW 171600Z 26015G21KT 15SM BKN040 BKN240 11/00 A2974 RMK SC5CI1 DENSITY ALT 12FT SLP073
CYAW,2025-04-17 17:00,-63.4994,44.6397,CYAW 171700Z 24015KT 15SM BKN035 BKN180 10/01 A2975 RMK SC6AC1 DENSITY ALT -92FT SLP076
CYAW,2025-04-17 18:00,-63.4994,44.6397,CYAW 171800Z 20013G20KT 15SM BKN045 09/02 A2975 RMK SC7 DENSITY ALT -282FT SLP076
CYAW,2025-04-17 19:00,-63.4994,44.6397,CYAW 171900Z 26012G20KT 15SM BKN050 11/01 A2975 RMK SC6 DENSITY ALT -45FT SLP076
CYAW,2025-04-17 20:00,-63.4994,44.6397,CYAW 172000Z 23012G20KT 15SM SCT060 10/01 A2977 RMK SC4 DENSITY ALT -174FT SLP082
CYAW,2025-04-17 21:00,-63.4994,44.6397,CYAW 172100Z 23008G16KT 15SM FEW055 09/02 A2979 RMK SC2 DENSITY ALT -291FT SLP088
CYAW,2025-04-17 22:00,-63.4994,44.6397,CYAW 172200Z 24005KT 15SM SCT055 08/02 A2980 RMK SC3 DENSITY ALT -438FT SLP094
CYAW,2025-04-17 22:49,-63.4994,44.6397,CYAW 172249Z 29006KT 15SM FEW055 08/01 A2983 RMK SC2 DENSITY ALT -529FT LAST OBS /NEXT 221000 UTC SLP103
CYAW,2025-04-22 10:00,-63.4994,44.6397,CYAW 221000Z 13003KT 15SM BKN058 OVC086 04/M02 A3019 RMK SC5AC3 DENSITY ALT -1430FT FST OBS SLP223
CYAW,2025-04-22 11:00,-63.4994,44.6397,CYAW 221100Z 11004KT 15SM SCT040 OVC076 04/M01 A3019 RMK SC4AC4 DENSITY ALT -1410FT SLP224
CYAW,2025-04-22 12:00,-63.4994,44.6397,CYAW 221200Z 14005KT 15SM OVC070 05/M00 A3019 RMK AC8 DENSITY ALT -1270FT SLP227
CYAW,2025-04-22 12:37,-63.4994,44.6397,CYAW 221237Z 15006KT 15SM -DZ OVC068 06/M01 A3020 RMK AC8 DENSITY ALT -1198FT SLP229
CYAW,2025-04-22 13:00,-63.4994,44.6397,CYAW 221300Z 14005KT 15SM -DZ OVC068 06/M01 A3019 RMK AC8 DENSITY ALT -1174FT SLP227
CYAW,2025-04-22 13:32,-63.4994,44.6397,CYAW 221332Z 15007KT 10SM -PL OVC062 06/M00 A3020 RMK SC8 DENSITY ALT -1172FT SLP228
CYAW,2025-04-22 13:45,-63.4994,44.6397,CYAW 221345Z 14008KT 12SM -RA OVC060 06/M00 A3019 RMK SC8 DENSITY ALT -1158FT PCPN VRY LGT SLP227
CYAW,2025-04-22 14:00,-63.4994,44.6397,CYAW 221400Z 14009KT 15SM -RA OVC060 06/M01 A3018 RMK SC8 DENSITY ALT -1125FT PCPN VRY LGT SLP223
CYAW,2025-04-22 14:36,-63.4994,44.6397,CYAW 221436Z 13007KT 15SM OVC056 07/M01 A3018 RMK SC8 DENSITY ALT -1039FT SLP222
CYAW,2025-04-22 15:00,-63.4994,44.6397,CYAW 221500Z 16009KT 15SM OVC056 06/01 A3018 RMK SC8 DENSITY ALT -1176FT SLP221
CYAW,2025-04-22 15:16,-63.4994,44.6397,CYAW 221516Z 17007KT 15SM -DZ OVC056 05/02 A3018 RMK SC8 DENSITY ALT -1223FT PCPN VRY LGT SLP223
CYAW,2025-04-22 15:47,-63.4994,44.6397,CYAW 221547Z 15006KT 15SM OVC054 05/02 A3018 RMK SC8 DENSITY ALT -1230FT SLP221
CYAW,2025-04-22 16:00,-63.4994,44.6397,CYAW 221600Z 15005KT 15SM FEW038 OVC052 05/02 A3017 RMK SC1SC8 DENSITY ALT -1231FT SLP219
CYAW,2025-04-22 17:00,-63.4994,44.6397,CYAW 221700Z 15003KT 15SM FEW020 OVC042 06/03 A3016 RMK SC1SC8 DENSITY ALT -1094FT SLP215
CYAW,2025-04-22 18:00,-63.4994,44.6397,CYAW 221800Z 18004KT 15SM FEW020 OVC039 06/02 A3015 RMK SC1SC7 DENSITY ALT -1121FT SLP213
CYAW,2025-04-22 18:21,-63.4994,44.6397,CYAW 221821Z 20007KT 12SM -DZ SCT015 OVC032 05/02 A3015 RMK SC3SC5 DENSITY ALT -1161FT PCPN VRY LGT SLP212
CYAW,2025-04-22 18:40,-63.4994,44.6397,CYAW 221840Z 20009KT 5SM -RA BR BKN012 OVC030 05/03 A3015 RMK SC5SC3 DENSITY ALT -1242FT SLP211
CYAW,2025-04-22 19:00,-63.4994,44.6397,CYAW 221900Z 20006KT 3SM -DZ BR BKN009 OVC030 04/03 A3014 RMK SF6SC2 DENSITY ALT -1304FT SLP210
CYAW,2025-04-22 20:00,-63.4994,44.6397,CYAW 222000Z 15008KT 2SM -DZ BR BKN005 OVC020 03/03 A3011 RMK SF5SC3 DENSITY ALT -1361FT LAST OBS /NEXT 231000 UTC SLP200
CYAW,2025-04-23 10:00,-63.4994,44.6397,CYAW 231000Z 32006KT 4SM BR OVC004 04/03 A3002 RMK SF8 DENSITY ALT -1229FT VIS VRB 3-5 SLP169
CYAW,2025-04-23 11:00,-63.4994,44.6397,CYAW 231100Z 31006KT 4SM BR OVC004 04/03 A3004 RMK SF8 DENSITY ALT -1187FT VIS VRB 3-5 VIS LWR N SLP176
CYAW,2025-04-23 11:48,-63.4994,44.6397,CYAW 231148Z 30006KT 8SM OVC004 05/04 A3005 RMK SF8 DENSITY ALT -1030FT SLP179
CYAW,2025-04-23 12:00,-63.4994,44.6397,CYAW 231200Z 30008KT 10SM OVC004 05/04 A3006 RMK SF8 DENSITY ALT -1081FT SLP180
CYAW,2025-04-23 12:43,-63.4994,44.6397,CYAW 231243Z 32005KT 15SM BKN007 OVC012 06/05 A3005 RMK SF6SC2 DENSITY ALT -902FT SLP177
CYAW,2025-04-23 13:00,-63.4994,44.6397,CYAW 231300Z 28005KT 15SM BKN007 BKN012 07/05 A3005 RMK SF5SC2 DENSITY ALT -824FT SLP179
CYAW,2025-04-23 13:39,-63.4994,44.6397,CYAW 231339Z 24003KT 15SM FEW008 BKN012 BKN060 08/05 A3006 RMK SF2SC4SC1 DENSITY ALT -751FT SLP182
CYAW,2025-04-23 14:00,-63.4994,44.6397,CYAW 231400Z 28007KT 15SM SCT012 BKN062 BKN250 09/05 A3006 RMK SC4SC2CI1 DENSITY ALT -541FT SLP181
CYAW,2025-04-23 15:00,-63.4994,44.6397,CYAW 231500Z 20005KT 15SM SCT018 BKN062 BKN250 11/06 A3005 RMK SC3SC2CI1 DENSITY ALT -364FT SLP176
CYAW,2025-04-23 16:00,-63.4994,44.6397,CYAW 231600Z 21005KT 15SM SCT040 BKN060 12/06 A3003 RMK CU4SC2 DENSITY ALT -173FT SLP172
CYAW,2025-04-23 17:00,-63.4994,44.6397,CYAW 231700Z 18005KT 15SM BKN042 BKN080 13/07 A3002 RMK SC5AC1 DENSITY ALT -85FT SLP168
CYAW,2025-04-23 18:00,-63.4994,44.6397,CYAW 231800Z 20006KT 15SM BKN047 BKN080 13/06 A3002 RMK SC6AC1 DENSITY ALT -16FT SLP167
CYAW,2025-04-23 19:00,-63.4994,44.6397,CYAW 231900Z 33009G15KT 15SM BKN047 BKN080 BKN250 14/04 A3001 RMK SC6AC1CI1 DENSITY ALT 49FT SLP164
CYAW,2025-04-23 20:00,-63.4994,44.6397,CYAW 232000Z 31004KT 15SM BKN050 BKN250 12/05 A3002 RMK SC6CI1 DENSITY ALT -131FT SLP166
CYAW,2025-04-23 21:00,-63.4994,44.6397,CYAW 232100Z 24010KT 15SM BKN060 13/06 A3003 RMK SC7 DENSITY ALT -114FT SLP172
CYAW,2025-04-23 22:00,-63.4994,44.6397,CYAW 232200Z 25008KT 15SM BKN063 11/06 A3004 RMK SC7 DENSITY ALT -297FT SLP175
CYAW,2025-04-23 23:00,-63.4994,44.6397,CYAW 232300Z 30008KT 15SM SCT060 SCT240 11/04 A3006 RMK SC3CI1 DENSITY ALT -396FT SLP182
CYAW,2025-04-24 00:00,-63.4994,44.6397,CYAW 240000Z 31009KT 15SM BKN065 10/03 A3009 RMK SC6 DENSITY ALT -469FT SLP191
CYAW,2025-04-24 01:00,-63.4994,44.6397,CYAW 240100Z 30007KT 15SM BKN065 10/03 A3011 RMK SC6 DENSITY ALT -540FT SLP198
CYAW,2025-04-24 02:00,-63.4994,44.6397,CYAW 240200Z 30009KT 15SM SCT065 10/04 A3012 RMK SC3 DENSITY ALT -585FT SLP201
CYAW,2025-04-24 03:00,-63.4994,44.6397,CYAW 240300Z 31009KT 15SM FEW060 08/04 A3013 RMK SC1 DENSITY ALT -757FT SLP203
CYAW,2025-04-24 04:00,-63.4994,44.6397,CYAW 240400Z 30007KT 15SM FEW060 08/04 A3013 RMK SC1 DENSITY ALT -806FT LAST OBS /NEXT 251000 UTC SLP204
CYAW,2025-04-24 10:00,-63.4994,44.6397,CYAW 241000Z 34006KT 15SM FEW036 06/03 A3018 RMK SC1 DENSITY ALT -1152FT FST OBS SLP220
CYAW,2025-04-24 11:00,-63.4994,44.6397,CYAW 241100Z 32009KT 15SM FEW036 08/04 A3021 RMK SC1 DENSITY ALT -935FT SLP230
CYAW,2025-04-24 12:00,-63.4994,44.6397,CYAW 241200Z 36009G15KT 15SM FEW021 FEW040 09/03 A3022 RMK CU1SC1 DENSITY ALT -767FT SLP235
CYAW,2025-04-24 13:00,-63.4994,44.6397,CYAW 241300Z 32010KT 15SM SCT030 SCT046 11/03 A3023 RMK CU3SC1 DENSITY ALT -593FT SLP238
CYAW,2025-04-24 14:00,-63.4994,44.6397,CYAW 241400Z 29012KT 15SM BKN032 11/03 A3023 RMK CU5 DENSITY ALT -549FT SLP237
CYAW,2025-04-24 15:00,-63.4994,44.6397,CYAW 241500Z 32006KT 15SM BKN036 12/03 A3022 RMK SC6 DENSITY ALT -463FT SLP235
CYAW,2025-04-24 16:00,-63.4994,44.6397,CYAW 241600Z CCA 32012G20KT 15SM BKN042 12/02 A3022 RMK SC6 DENSITY ALT -456FT SLP233
CYAW,2025-04-24 17:00,-63.4994,44.6397,CYAW 241700Z 32011G19KT 15SM BKN045 14/02 A3022 RMK SC5 DENSITY ALT -237FT SLP233
CYAW,2025-04-24 18:00,-63.4994,44.6397,CYAW 241800Z 32010G19KT 15SM SCT048 SCT240 13/02 A3022 RMK CU3CI1 DENSITY ALT -277FT SLP235
CYAW,2025-04-24 19:00,-63.4994,44.6397,CYAW 241900Z 36008KT 15SM SCT046 SCT240 14/03 A3022 RMK CU3CI1 DENSITY ALT -248FT SLP235
CYAW,2025-04-24 20:00,-63.4994,44.6397,CYAW 242000Z 34007KT 15SM SCT045 SCT240 12/02 A3023 RMK CU3CI1 DENSITY ALT -445FT SLP237
CYAW,2025-04-24 21:00,-63.4994,44.6397,CYAW 242100Z 33010KT 15SM FEW040 SCT240 13/02 A3023 RMK CU1CI2 DENSITY ALT -309FT SLP238
CYAW,2025-04-24 22:00,-63.4994,44.6397,CYAW 242200Z 36007KT 15SM FEW045 SCT240 11/02 A3024 RMK CU1CI2 DENSITY ALT -542FT LAST OBS /NEXT 251000 UTC SLP242
CYAW,2025-04-25 10:00,-63.4994,44.6397,CYAW 251000Z 18002KT 15SM SCT063 BKN074 04/02 A3027 RMK SC3AC4 DENSITY ALT -1458FT FST OBS SLP254
CYAW,2025-04-25 10:34,-63.4994,44.6397,CYAW 251034Z 12002KT 15SM -SHRA FEW063 BKN072 05/03 A3027 RMK SC2AC4 DENSITY ALT -1394FT PCPN VRY LGT SLP253
CYAW,2025-04-25 11:00,-63.4994,44.6397,CYAW 251100Z 16003KT 15SM -SHRA SCT060 BKN074 05/03 A3028 RMK SC3AC4 DENSITY ALT -1328FT PCPN VRY LGT SLP255
CYAW,2025-04-25 12:00,-63.4994,44.6397,CYAW 251200Z 18005KT 15SM -SHRA FEW063 BKN074 07/04 A3027 RMK SC1AC7 DENSITY ALT -1124FT PCPN VRY LGT SLP251
CYAW,2025-04-25 12:12,-63.4994,44.6397,CYAW 251212Z 17006KT 15SM FEW063 BKN074 07/04 A3027 RMK SC1AC7 DENSITY ALT -1138FT SLP251
CYAW,2025-04-25 13:00,-63.4994,44.6397,CYAW 251300Z 20004KT 15SM BKN058 BKN072 07/04 A3027 RMK SC5AC2 DENSITY ALT -1074FT SLP252
CYAW,2025-04-25 14:00,-63.4994,44.6397,CYAW 251400Z 18003KT 15SM BKN056 08/05 A3026 RMK SC7 DENSITY ALT -984FT SLP248
CYAW,2025-04-25 15:00,-63.4994,44.6397,CYAW 251500Z 18003KT 15SM FEW020 OVC050 08/05 A3026 RMK SC1SC8 DENSITY ALT -972FT SLP248
CYAW,2025-04-25 16:00,-63.4994,44.6397,CYAW 251600Z 16005KT 15SM FEW020 BKN050 08/04 A3025 RMK CU1SC7 DENSITY ALT -999FT SLP245
CYAW,2025-04-25 17:00,-63.4994,44.6397,CYAW 251700Z 17007KT 15SM FEW020 BKN050 BKN180 10/06 A3024 RMK CU1SC5AC1 DENSITY ALT -635FT SLP241
CYAW,2025-04-25 18:00,-63.4994,44.6397,CYAW 251800Z 17009KT 15SM FEW030 SCT180 11/05 A3023 RMK CU1AC2 DENSITY ALT -531FT SLP239
CYAW,2025-04-25 19:00,-63.4994,44.6397,CYAW 251900Z CCA 16006KT 15SM BKN050 BKN240 11/05 A3023 RMK SC5CI1 DENSITY ALT -606FT LAST OBS /NEXT 281000 UTC SLP239
CYAW,2025-04-28 10:00,-63.4994,44.6397,CYAW 281000Z 35010KT 10SM OVC009 04/03 A2971 RMK SF8 DENSITY ALT -821FT FST OBS SLP062
CYAW,2025-04-28 11:00,-63.4994,44.6397,CYAW 281100Z 34012KT 15SM BKN009 OVC012 04/03 A2974 RMK SF7SC1 DENSITY ALT -833FT SLP072
CYAW,2025-04-28 11:29,-63.4994,44.6397,CYAW 281129Z 36011G18KT 15SM SCT009 OVC014 05/03 A2974 RMK SF4SC4 DENSITY ALT -743FT SLP074
CYAW,2025-04-28 12:00,-63.4994,44.6397,CYAW 281200Z 35014G20KT 15SM SCT009 OVC014 05/03 A2975 RMK SF3SC5 DENSITY ALT -718FT SLP076
CYAW,2025-04-28 13:00,-63.4994,44.6397,CYAW 281300Z 36014G21KT 15SM OVC012 07/04 A2976 RMK SC8 DENSITY ALT -538FT SLP080
CYAW,2025-04-28 14:00,-63.4994,44.6397,CYAW 281400Z 36022KT 15SM OVC016 08/04 A2978 RMK SC8 DENSITY ALT -410FT SLP087
CYAW,2025-04-28 14:08,-63.4994,44.6397,CYAW 281408Z 01014G27KT 15SM -SHRA OVC016 08/05 A2979 RMK SC8 DENSITY ALT -442FT SLP090
CYAW,2025-04-28 14:29,-63.4994,44.6397,CYAW 281429Z 35017G30KT 15SM BKN016 OVC030 08/05 A2980 RMK SC6SC2 DENSITY ALT -466FT SLP094
CYAW,2025-04-28 15:00,-63.4994,44.6397,CYAW 281500Z 35019G27KT 15SM -SHRA BKN018 OVC030 09/06 A2981 RMK SC6SC2 DENSITY ALT -313FT SLP095
CYAW,2025-04-28 15:26,-63.4994,44.6397,CYAW 281526Z 36022G29KT 15SM BKN030 OVC068 10/05 A2982 RMK SC7AC1 DENSITY ALT -145FT SLP100
CYAW,2025-04-28 16:00,-63.4994,44.6397,CYAW 281600Z 31020G34KT 15SM FEW028 BKN080 12/05 A2982 RMK SC2AC3 DENSITY ALT 96FT SLP100
CYAW,2025-04-28 17:00,-63.4994,44.6397,CYAW 281700Z 01019G26KT 15SM FEW040 FEW100 14/05 A2985 RMK SC1AC2 DENSITY ALT 273FT SLP111
CYAW,2025-04-28 18:00,-63.4994,44.6397,CYAW 281800Z 36023G33KT 15SM FEW040 FEW100 FEW250 16/02 A2987 RMK SC1AC1CI1 DENSITY ALT 425FT SLP117
CYAW,2025-04-28 19:00,-63.4994,44.6397,CYAW 281900Z 01018G28KT 15SM FEW040 FEW100 FEW250 16/02 A2991 RMK SC1AC1CI1 DENSITY ALT 379FT SLP130
CYAW,2025-04-28 20:00,-63.4994,44.6397,CYAW 282000Z 01019G31KT 15SM FEW100 FEW250 15/02 A2995 RMK AC1CI1 DENSITY ALT 259FT SLP144
CYAW,2025-04-28 21:00,-63.4994,44.6397,CYAW 282100Z 02018G24KT 15SM FEW100 FEW250 14/02 A3000 RMK AC1CI1 DENSITY ALT 68FT SLP160
CYAW,2025-04-28 22:00,-63.4994,44.6397,CYAW 282200Z 36011G21KT 15SM FEW250 13/03 A3003 RMK CI1 DENSITY ALT -150FT SLP170
CYAW,2025-04-28 23:00,-63.4994,44.6397,CYAW 282300Z 36014KT 15SM FEW250 10/01 A3008 RMK CI1 DENSITY ALT -507FT SLP186
CYAW,2025-04-29 00:00,-63.4994,44.6397,CYAW 290000Z 33012KT 15SM FEW250 09/02 A3011 RMK CI1 DENSITY ALT -684FT SLP197
CYAW,2025-04-29 01:00,-63.4994,44.6397,CYAW 290100Z 36013G20KT 15SM SKC 07/00 A3014 RMK DENSITY ALT -975FT SLP207
CYAW,2025-04-29 02:00,-63.4994,44.6397,CYAW 290200Z CCA 01011G21KT 15SM SKC 06/M00 A3016 RMK DENSITY ALT -1175FT LAST OBS /NEXT 301000 UTC SLP213
CYAW,2025-04-30 10:00,-63.4994,44.6397,CYAW 301000Z 23012KT 10SM BKN082 OVC120 07/05 A2964 RMK AC5AS3 DENSITY ALT -328FT FST OBS SLP039
CYAW,2025-04-30 11:00,-63.4994,44.6397,CYAW 301100Z 24008G19KT 12SM BKN082 OVC120 07/05 A2963 RMK AC7AS1 DENSITY ALT -318FT SLP036
CYAW,2025-04-30 11:14,-63.4994,44.6397,CYAW 301114Z 23010G15KT 8SM -SHRA OVC080 08/05 A2961 RMK AC8 DENSITY ALT -231FT PCPN VRY LGT SLP028
CYAW,2025-04-30 12:00,-63.4994,44.6397,CYAW 301200Z 22006KT 10SM BKN080 OVC100 08/05 A2959 RMK AC6AC2 DENSITY ALT -183FT SLP022
CYAW,2025-04-30 13:00,-63.4994,44.6397,CYAW 301300Z 20006KT 15SM BKN110 BKN250 10/06 A2957 RMK AC6CI1 DENSITY ALT 53FT SLP015
CYAW,2025-04-30 14:00,-63.4994,44.6397,CYAW 301400Z 24008KT 15SM FEW100 SCT250 13/07 A2955 RMK AC2CI2 DENSITY ALT 488FT SLP010
CYAW,2025-04-30 15:00,-63.4994,44.6397,CYAW 301500Z 23008KT 15SM FEW030 FEW100 BKN250 17/09 A2953 RMK CU1AC1CI4 DENSITY ALT 1011FT SLP001
CYAW,2025-04-30 16:00,-63.4994,44.6397,CYAW 301600Z 20006KT 15SM FEW040 FEW100 SCT250 18/09 A2951 RMK CU1AC1CI3 DENSITY ALT 1128FT VIS LWR S SLP993
CYAW,2025-04-30 17:00,-63.4994,44.6397,CYAW 301700Z 25013KT 15SM FEW040 FEW250 22/10 A2950 RMK CU1CI2 DENSITY ALT 1657FT VIS LWR S SLP990
CYAW,2025-04-30 18:00,-63.4994,44.6397,CYAW 301800Z 30020G26KT 15SM FEW040 FEW250 22/07 A2951 RMK CU1CI1 DENSITY ALT 1613FT SLP993
CYAW,2025-04-30 19:00,-63.4994,44.6397,CYAW 301900Z 30020G28KT 15SM FEW040 FEW250 21/05 A2955 RMK CU1CI2 DENSITY ALT 1435FT SLP005
CYAW,2025-04-30 20:00,-63.4994,44.6397,CYAW 302000Z 31021G29KT 15SM FEW040 FEW250 19/03 A2958 RMK CU1CI1 DENSITY ALT 1187FT LAST OBS /NEXT 011000 UTC SLP015
CYAW,2025-05-01 10:00,-63.4994,44.6397,CYAW 011000Z 32012G21KT 15SM FEW250 03/M03 A2999 RMK CI1 DENSITY ALT -1271FT FST OBS SLP157
CYAW,2025-05-01 11:00,-63.4994,44.6397,CYAW 011100Z 33014G20KT 15SM FEW250 05/M03 A3001 RMK CI1 DENSITY ALT -1130FT SLP163
CYAW,2025-05-01 12:00,-63.4994,44.6397,CYAW 011200Z 33017G23KT 15SM FEW250 06/M03 A3002 RMK CI1 DENSITY ALT -981FT SLP166
CYAW,2025-05-01 13:00,-63.4994,44.6397,CYAW 011300Z 33014KT 15SM FEW030 FEW250 08/M03 A3001 RMK SC1CI1 DENSITY ALT -720FT SLP163
CYAW,2025-05-01 14:00,-63.4994,44.6397,CYAW 011400Z 32014G23KT 15SM FEW250 09/M03 A3001 RMK CI1 DENSITY ALT -564FT SLP163
CYAW,2025-05-01 15:00,-63.4994,44.6397,CYAW 011500Z 32016G22KT 15SM FEW250 11/M03 A3001 RMK CI1 DENSITY ALT -341FT SLP165
CYAW,2025-05-01 16:00,-63.4994,44.6397,CYAW 011600Z 31015G21KT 15SM FEW250 12/M02 A3001 RMK CI1 DENSITY ALT -170FT SLP165
CYAW,2025-05-01 17:00,-63.4994,44.6397,CYAW 011700Z 31018G25KT 15SM FEW250 13/M03 A3002 RMK CI1 DENSITY ALT -112FT SLP166
CYAW,2025-05-01 18:00,-63.4994,44.6397,CYAW 011800Z 29011G21KT 15SM FEW250 14/M03 A3001 RMK CI1 DENSITY ALT -17FT SLP162
CYAW,2025-05-01 19:00,-63.4994,44.6397,CYAW 011900Z 32013G18KT 15SM SCT250 15/M02 A3000 RMK CI3 DENSITY ALT 105FT LAST OBS /NEXT 021000 UTC SLP161
CYAW,2025-05-02 10:00,-63.4994,44.6397,CYAW 021000Z 02003KT 15SM FEW120 FEW250 03/01 A3012 RMK AC1CI1 DENSITY ALT -1474FT FST OBS SLP200
CYAW,2025-05-02 11:00,-63.4994,44.6397,CYAW 021100Z 09003KT 15SM FEW120 SCT170 BKN250 07/M01 A3012 RMK AC2AC1CI2 DENSITY ALT -983FT SLP200
CYAW,2025-05-02 12:00,-63.4994,44.6397,CYAW 021200Z 11006KT 15SM BKN120 07/00 A3011 RMK AC7 DENSITY ALT -952FT SLP199
CYAW,2025-05-02 13:00,-63.4994,44.6397,CYAW 021300Z 13005KT 15SM BKN110 07/01 A3013 RMK AC7 DENSITY ALT -922FT SLP204
CYAW,2025-05-02 14:00,-63.4994,44.6397,CYAW 021400Z 12004KT 15SM OVC100 07/01 A3013 RMK AC8 DENSITY ALT -956FT SLP205
CYAW,2025-05-02 15:00,-63.4994,44.6397,CYAW 021500Z 15003KT 15SM OVC100 09/01 A3012 RMK AC8 DENSITY ALT -688FT SLP202
CYAW,2025-05-02 16:00,-63.4994,44.6397,CYAW 021600Z 17007KT 15SM OVC085 08/M00 A3011 RMK AC8 DENSITY ALT -760FT SLP199
CYAW,2025-05-02 16:12,-63.4994,44.6397,CYAW 021612Z 17006KT 15SM -SHRA OVC075 08/M00 A3011 RMK AC8 DENSITY ALT -795FT SLP196
CYAW,2025-05-02 17:00,-63.4994,44.6397,CYAW 021700Z 17006KT 15SM OVC070 08/03 A3009 RMK AC8 DENSITY ALT -816FT SLP190
CYAW,2025-05-02 17:15,-63.4994,44.6397,CYAW 021715Z 19004KT 15SM OVC065 07/02 A3008 RMK SC8 DENSITY ALT -834FT LAST OBS /NEXT 061200 UTC SLP188
CYAW,2025-05-06 11:00,-63.4994,44.6397,CYAW 061100Z 13005KT 15SM FEW040 SCT180 BKN230 07/03 A3054 RMK SC1AC3CI4 DENSITY ALT -1452FT FST OBS SLP343
CYAW,2025-05-06 12:00,-63.4994,44.6397,CYAW 061200Z 16008KT 15SM FEW040 SCT180 BKN230 07/03 A3055 RMK SC1AC3CI4 DENSITY ALT -1373FT SLP347
CYAW,2025-05-06 13:00,-63.4994,44.6397,CYAW 061300Z 14007KT 15SM FEW180 BKN220 09/03 A3054 RMK AC1CC6 DENSITY ALT -1157FT SLP343
CYAW,2025-05-06 14:00,-63.4994,44.6397,CYAW 061400Z 16009KT 15SM FEW040 FEW180 BKN230 09/01 A3054 RMK SC1AC2CI3 CC ASOCTD DENSITY ALT -1153FT SLP342
CYAW,2025-05-06 15:00,-63.4994,44.6397,CYAW 061500Z 19007KT 15SM FEW180 BKN230 10/02 A3052 RMK AC2CI3 CC ASOCTD DENSITY ALT -981FT SLP338
CYAW,2025-05-06 16:00,-63.4994,44.6397,CYAW 061600Z 17008G15KT 15SM FEW030 FEW180 BKN230 11/04 A3051 RMK SC1AC2CI4 CC ASOCTD DENSITY ALT -836FT SLP332
CYAW,2025-05-06 17:00,-63.4994,44.6397,CYAW 061700Z 13009KT 15SM FEW062 SCT180 BKN230 10/04 A3049 RMK SC2AC2CI3 CC ASOCTD DENSITY ALT -954FT SLP326
CYAW,2025-05-06 18:00,-63.4994,44.6397,CYAW 061800Z 16008KT 15SM FEW062 FEW180 BKN230 10/04 A3048 RMK SC2AC1CI5 DENSITY ALT -906FT SLP323
CYAW,2025-05-06 19:00,-63.4994,44.6397,CYAW 061900Z 17007KT 15SM BKN050 BKN230 10/04 A3046 RMK SC5CI2 DENSITY ALT -896FT LAST OBS /NEXT 071100 UTC SLP318
CYAW,2025-05-07 11:00,-63.4994,44.6397,CYAW 071100Z 17009KT 0SM -SHRA FG VV001 09/08 A3018 RMK FG8 DENSITY ALT -766FT FST OBS SLP221
CYAW,2025-05-07 11:20,-63.4994,44.6397,CYAW 071120Z 21007KT 1SM -SHRA BR OVC002 08/08 A3019 RMK SF8 DENSITY ALT -791FT VIS VRB 3/4-1 1/4 SLP223
CYAW,2025-05-07 11:24,-63.4994,44.6397,CYAW 071124Z 21011KT 1SM SHRA BR OVC002 08/08 A3019 RMK SF8 DENSITY ALT -791FT VIS VRB 3/4-1 1/4 SLP225
CYAW,2025-05-07 11:34,-63.4994,44.6397,CYAW 071134Z 18008G16KT 1SM +SHRA BR OVC002 09/08 A3018 RMK SF8 DENSITY ALT -753FT VIS VRB 3/4-1 1/4 SLP222
CYAW,2025-05-07 12:00,-63.4994,44.6397,CYAW 071200Z 20009G15KT 4SM -SHRA BR OVC004 10/09 A3018 RMK SF8 DENSITY ALT -608FT SLP222
CYAW,2025-05-07 12:11,-63.4994,44.6397,CYAW 071211Z 20009G16KT 1SM -SHRA BR OVC003 10/09 A3018 RMK SF8 DENSITY ALT -582FT SLP222
CYAW,2025-05-07 12:22,-63.4994,44.6397,CYAW 071222Z 20008KT 1/2SM -SHRA FG OVC003 10/09 A3019 RMK FG6SF2 DENSITY ALT -632FT SLP223
CYAW,2025-05-07 12:46,-63.4994,44.6397,CYAW 071246Z CCA 21009KT 1/4SM -DZ FG VV002 10/10 A3019 RMK FG8 DENSITY ALT -567FT SLP223
CYAW,2025-05-07 13:00,-63.4994,44.6397,CYAW 071300Z 20007KT 1/4SM -DZ FG VV002 10/10 A3018 RMK FG8 DENSITY ALT -516FT SLP220
CYAW,2025-05-07 13:21,-63.4994,44.6397,CYAW 071321Z 20007KT 1/8SM -SHRA FG VV002 11/10 A3017 RMK FG8 DENSITY ALT -478FT SLP217
CYAW,2025-05-07 13:44,-63.4994,44.6397,CYAW 071344Z 19004KT 0SM -DZ FG VV002 10/10 A3016 RMK FG8 DENSITY ALT -492FT SLP215
CYAW,2025-05-07 13:53,-63.4994,44.6397,CYAW 071353Z 18006KT 1/4SM FG VV002 10/10 A3016 RMK FG8 DENSITY ALT -506FT SLP215
CYAW,2025-05-07 14:00,-63.4994,44.6397,CYAW 071400Z 17007KT 1/4SM FG VV002 10/10 A3016 RMK FG8 DENSITY ALT -506FT SLP215
CYAW,2025-05-07 15:00,-63.4994,44.6397,CYAW 071500Z 19004KT 1/4SM FG VV002 10/10 A3016 RMK FG8 DENSITY ALT -494FT SLP215
CYAW,2025-05-07 15:13,-63.4994,44.6397,CYAW 071513Z 18004KT 1/4SM -SHRA FG VV002 10/10 A3016 RMK FG8 DENSITY ALT -506FT SLP214
CYAW,2025-05-07 16:00,-63.4994,44.6397,CYAW 071600Z 18006KT 1/4SM -SHRA FG VV002 10/09 A3015 RMK FG8 DENSITY ALT -548FT SLP212
CYAW,2025-05-07 17:00,-63.4994,44.6397,CYAW 071700Z 21007KT 1/4SM FG VV002 11/10 A3013 RMK FG8 DENSITY ALT -433FT SLP204
CYAW,2025-05-07 18:00,-63.4994,44.6397,CYAW 071800Z 16007KT 0SM FG VV002 11/10 A3012 RMK FG8 DENSITY ALT -383FT SLP201
CYAW,2025-05-07 18:11,-63.4994,44.6397,CYAW 071811Z 16007KT 0SM -SHRA FG VV002 10/10 A3012 RMK FG8 DENSITY ALT -475FT PCPN VRY LGT SLP200
CYAW,2025-05-07 18:32,-63.4994,44.6397,CYAW 071832Z 19004KT 1/4SM FG VV002 11/10 A3010 RMK FG8 DENSITY ALT -333FT SLP194
CYAW,2025-05-07 19:00,-63.4994,44.6397,CYAW 071900Z 17009KT 1/4SM FG VV002 11/10 A3011 RMK FG8 DENSITY ALT -399FT LAST OBS /NEXT 081100 UTC SLP197
CYAW,2025-05-08 11:00,-63.4994,44.6397,CYAW 081100Z 22009KT 3/4SM BR OVC006 10/10 A3005 RMK ST8 DENSITY ALT -419FT FST OBS SLP176
CYAW,2025-05-08 11:11,-63.4994,44.6397,CYAW 081111Z 22007KT 1 1/2SM BR BKN004 OVC015 10/09 A3005 RMK SF5SC3 DENSITY ALT -432FT SLP176
CYAW,2025-05-08 11:47,-63.4994,44.6397,CYAW 081147Z 21008KT 3/8SM FG VV002 10/09 A3006 RMK FG8 DENSITY ALT -444FT VIS VRB 1/4-1/2 SLP180
CYAW,2025-05-08 12:00,-63.4994,44.6397,CYAW 081200Z 19005KT 1/8SM FG VV001 10/09 A3006 RMK FG8 DENSITY ALT -470FT SLP179
CYAW,2025-05-08 12:30,-63.4994,44.6397,CYAW 081230Z 21004KT 1 1/2SM BR OVC003 11/10 A3005 RMK SF8 DENSITY ALT -300FT VIS HYR W QUAD SLP177
CYAW,2025-05-08 12:47,-63.4994,44.6397,CYAW 081247Z 21006KT 3SM BR OVC003 11/11 A3006 RMK SF8 DENSITY ALT -246FT SLP181
CYAW,2025-05-08 13:00,-63.4994,44.6397,CYAW 081300Z 22006KT 3SM BR OVC003 12/11 A3006 RMK SF8 DENSITY ALT -195FT SLP180
CYAW,2025-05-08 14:00,-63.4994,44.6397,CYAW 081400Z 21006KT 5SM BR BKN003 OVC010 13/12 A3007 RMK SF5SC3 DENSITY ALT -28FT SLP183
CYAW,2025-05-08 14:11,-63.4994,44.6397,CYAW 081411Z 20008KT 8SM BKN007 OVC012 14/12 A3007 RMK SF5SC3 DENSITY ALT 8FT SLP184
CYAW,2025-05-08 15:00,-63.4994,44.6397,CYAW 081500Z 20006KT 15SM BKN006 BKN012 14/12 A3006 RMK SF5SC2 DENSITY ALT 89FT SLP182
CYAW,2025-05-08 15:33,-63.4994,44.6397,CYAW 081533Z 21007KT 15SM SCT006 BKN012 15/12 A3006 RMK SF3SC4 DENSITY ALT 212FT SLP182
CYAW,2025-05-08 16:00,-63.4994,44.6397,CYAW 081600Z 20008KT 15SM FEW006 BKN012 BKN250 15/12 A3006 RMK SF2SC5CI1 DENSITY ALT 179FT SLP180
CYAW,2025-05-08 17:00,-63.4994,44.6397,CYAW 081700Z 19007KT 15SM BKN014 BKN250 14/11 A3006 RMK SC5CI2 CU ASOCTD DENSITY ALT 107FT SLP182
CYAW,2025-05-08 17:32,-63.4994,44.6397,CYAW 081732Z 17009KT 15SM FEW001 SCT014 BKN250 13/10 A3007 RMK SF1CU2CI4 DENSITY ALT -22FT FG BANK S SLP185
CYAW,2025-05-08 18:00,-63.4994,44.6397,CYAW 081800Z 17009KT 15SM FEW001 FEW014 BKN250 13/10 A3007 RMK SF1CU2CS4 DENSITY ALT -34FT FG BANK S SLP184
CYAW,2025-05-08 19:00,-63.4994,44.6397,CYAW 081900Z 17009KT 15SM FEW001 FEW014 BKN250 13/10 A3007 RMK SF1CU1CS5 DENSITY ALT -78FT FG BANK S QUAD LAST OBS /NEXT 091100 UTC SLP185
CYAW,2025-05-09 11:00,-63.4994,44.6397,CYAW 091100Z 02011KT 15SM SCT015 BKN250 08/05 A3018 RMK SC3CI4 DENSITY ALT -814FT FST OBS SLP222
CYAW,2025-05-09 12:00,-63.4994,44.6397,CYAW 091200Z 03012G19KT 15SM BKN010 BKN250 10/06 A3019 RMK SC5CI2 DENSITY ALT -676FT SLP225
CYAW,2025-05-09 13:00,-63.4994,44.6397,CYAW 091300Z 02011KT 15SM BKN013 BKN055 10/06 A3019 RMK SC5SC2 DENSITY ALT -562FT SLP224
CYAW,2025-05-09 14:00,-63.4994,44.6397,CYAW 091400Z 02009G16KT 15SM BKN012 OVC055 12/07 A3018 RMK SC7SC1 DENSITY ALT -350FT SLP221
CYAW,2025-05-09 14:35,-63.4994,44.6397,CYAW 091435Z 02008KT 15SM FEW012 OVC018 12/07 A3018 RMK SC2SC6 DENSITY ALT -310FT SLP221
CYAW,2025-05-09 15:00,-63.4994,44.6397,CYAW 091500Z 02008KT 15SM BKN018 OVC050 13/07 A3018 RMK SC5SC3 DENSITY ALT -273FT SLP221
CYAW,2025-05-09 16:00,-63.4994,44.6397,CYAW 091600Z 04012G18KT 15SM -SHRA BKN018 OVC038 15/09 A3016 RMK SC6SC2 DENSITY ALT 3FT PCPN VRY LGT SLP214
CYAW,2025-05-09 17:00,-63.4994,44.6397,CYAW 091700Z 06010G18KT 15SM -SHRA BKN017 OVC038 16/09 A3014 RMK SC6SC2 DENSITY ALT 146FT PCPN VRY LGT SLP207
CYAW,2025-05-09 17:11,-63.4994,44.6397,CYAW 091711Z 03010G17KT 15SM BKN017 OVC026 16/09 A3014 RMK SC6SC2 DENSITY ALT 208FT SLP207
CYAW,2025-05-09 18:00,-63.4994,44.6397,CYAW 091800Z CCA 06010KT 15SM BKN018 OVC026 16/09 A3014 RMK SC6SC2 DENSITY ALT 159FT LAST OBS /NEXT 121100 UTC SLP207
CYAW,2025-05-12 10:00,-63.4994,44.6397,CYAW 121000Z 30006KT 15SM FEW120 FEW250 05/M05 A3017 RMK AC1CI1 DENSITY ALT -1225FT FST OBS SLP218
CYAW,2025-05-12 11:00,-63.4994,44.6397,CYAW 121100Z 31012G19KT 15SM FEW120 07/M05 A3019 RMK AC1 DENSITY ALT -1012FT SLP224
CYAW,2025-05-12 12:00,-63.4994,44.6397,CYAW 121200Z 33015G26KT 15SM FEW120 FEW250 09/M08 A3018 RMK AC1CI1 DENSITY ALT -801FT SLP221
CYAW,2025-05-12 13:00,-63.4994,44.6397,CYAW 121300Z 32013G19KT 15SM FEW120 FEW250 11/M06 A3018 RMK AC1CI2 DENSITY ALT -613FT SLP220
CYAW,2025-05-12 14:00,-63.4994,44.6397,CYAW 121400Z 33014G19KT 15SM FEW120 BKN250 12/M07 A3017 RMK AC1CI6 DENSITY ALT -457FT SLP219
CYAW,2025-05-12 15:00,-63.4994,44.6397,CYAW 121500Z CCA 31007G18KT 15SM FEW120 SCT250 13/M05 A3017 RMK AC1CI3 DENSITY ALT -303FT SLP217
CYAW,2025-05-12 16:00,-63.4994,44.6397,CYAW 121600Z 29014KT 15SM FEW140 SCT250 15/M05 A3015 RMK AC1CI3 CC ASOCTD DENSITY ALT -90FT SLP211
CYAW,2025-05-12 16:21,-63.4994,44.6397,CYAW 121621Z 31012KT 15SM FEW140 BKN250 15/M05 A3014 RMK AC1CI5 CC ASOCTD DENSITY ALT -55FT SLP209
CYAW,2025-05-12 17:00,-63.4994,44.6397,CYAW 121700Z 32006KT 15SM FEW140 BKN250 16/M01 A3012 RMK AC1CI5 DENSITY ALT 191FT SLP200
CYAW,2025-05-12 18:00,-63.4994,44.6397,CYAW 121800Z 23014G21KT 15SM FEW090 SCT120 BKN250 15/M02 A3011 RMK AC1AC3CI2 DENSITY ALT 39FT SLP197
CYAW,2025-05-12 19:00,-63.4994,44.6397,CYAW 121900Z 24010G17KT 15SM BKN090 BKN120 12/M01 A3010 RMK AC5AC2 DENSITY ALT -311FT LAST OBS /NEXT 131100 UTC SLP195
CYAW,2025-05-13 10:00,-63.4994,44.6397,CYAW 131000Z 34013G18KT 15SM FEW250 08/01 A3014 RMK CI1 DENSITY ALT -832FT FST OBS SLP206
CYAW,2025-05-13 11:00,-63.4994,44.6397,CYAW 131100Z 34014KT 15SM SKC 10/02 A3017 RMK DENSITY ALT -679FT SLP216
CYAW,2025-05-13 12:00,-63.4994,44.6397,CYAW 131200Z 35014G22KT 15SM FEW020 FEW250 12/02 A3017 RMK CF1CI1 DENSITY ALT -385FT SLP219
CYAW,2025-05-13 13:00,-63.4994,44.6397,CYAW 131300Z 34017G25KT 15SM FEW030 FEW250 13/03 A3019 RMK CF1CI1 DENSITY ALT -225FT SLP224
CYAW,2025-05-13 14:00,-63.4994,44.6397,CYAW 131400Z 34019G24KT 15SM FEW040 FEW250 14/02 A3019 RMK CU1CI1 DENSITY ALT -137FT SLP225
CYAW,2025-05-13 15:00,-63.4994,44.6397,CYAW 131500Z 24015G22KT 15SM FEW050 FEW250 15/01 A3020 RMK CU1CI1 DENSITY ALT -17FT SLP227
CYAW,2025-05-13 16:00,-63.4994,44.6397,CYAW 131600Z 01013G21KT 15SM FEW050 FEW250 16/02 A3021 RMK CF1CI1 DENSITY ALT 45FT SLP230
CYAW,2025-05-13 17:00,-63.4994,44.6397,CYAW 131700Z 35010G20KT 15SM FEW050 FEW250 17/03 A3021 RMK CF1CI1 DENSITY ALT 156FT SLP231
CYAW,2025-05-13 18:00,-63.4994,44.6397,CYAW 131800Z 35011G22KT 15SM FEW250 17/01 A3022 RMK CI1 DENSITY ALT 126FT SLP236
CYAW,2025-05-13 19:00,-63.4994,44.6397,CYAW 131900Z 02008G16KT 15SM FEW250 17/00 A3023 RMK CI1 DENSITY ALT 120FT LAST OBS /NEXT 141100 UTC SLP237
CYAW,2025-05-14 11:00,-63.4994,44.6397,CYAW 141100Z 27005KT 15SM SCT140 BKN250 09/05 A3025 RMK AC3CI3 DENSITY ALT -812FT FST OBS SLP245
CYAW,2025-05-14 12:00,-63.4994,44.6397,CYAW 141200Z 25006KT 15SM BKN130 BKN250 12/05 A3024 RMK AC5CI2 DENSITY ALT -482FT SLP242
CYAW,2025-05-14 13:00,-63.4994,44.6397,CYAW 141300Z 25009KT 15SM BKN120 BKN250 14/02 A3022 RMK AC5CI2 DENSITY ALT -146FT SLP236
CYAW,2025-05-14 14:00,-63.4994,44.6397,CYAW 141400Z 25012KT 15SM FEW140 BKN250 17/M00 A3021 RMK AC1CI4 DENSITY ALT 127FT SLP231
CYAW,2025-05-14 15:00,-63.4994,44.6397,CYAW 141500Z 24014KT 15SM FEW140 BKN250 17/01 A3021 RMK AC1CI4 DENSITY ALT 161FT SLP232
CYAW,2025-05-14 16:00,-63.4994,44.6397,CYAW 141600Z 23014KT 15SM FEW140 BKN250 17/01 A3019 RMK AC1CI6 CC ASOCTD DENSITY ALT 218FT SLP226
CYAW,2025-05-14 17:00,-63.4994,44.6397,CYAW 141700Z 23014G19KT 15SM FEW140 BKN250 18/01 A3017 RMK AC2CI4 DENSITY ALT 284FT SLP217
CYAW,2025-05-14 18:00,-63.4994,44.6397,CYAW 141800Z 23014G21KT 15SM FEW160 SCT250 17/02 A3015 RMK AC2CI2 DENSITY ALT 282FT SLP212
CYAW,2025-05-14 19:00,-63.4994,44.6397,CYAW 141900Z 24012G20KT 15SM FEW160 FEW250 17/04 A3013 RMK AC1CI1 DENSITY ALT 328FT LAST OBS /NEXT 151100 UTC SLP205
CYAW,2025-05-15 11:00,-63.4994,44.6397,CYAW 151100Z 26009KT 15SM FEW015 SCT250 15/11 A2999 RMK SC1CI3 DENSITY ALT 314FT FST OBS SLP155
CYAW,2025-05-15 12:00,-63.4994,44.6397,CYAW 151200Z CCA 27012KT 15SM FEW015 SCT250 19/11 A2999 RMK SC1CI3 DENSITY ALT 689FT SLP155
CYAW,2025-05-15 13:00,-63.4994,44.6397,CYAW 151300Z 27010KT 15SM FEW010 FEW250 21/11 A2998 RMK SF1CI2 DENSITY ALT 1028FT SLP153
CYAW,2025-05-15 14:00,-63.4994,44.6397,CYAW 151400Z 27012G19KT 15SM FEW010 FEW250 23/12 A2998 RMK SF1CI2 DENSITY ALT 1272FT SLP151
CYAW,2025-05-15 15:00,-63.4994,44.6397,CYAW 151500Z 25010G17KT 15SM FEW010 FEW250 25/14 A2996 RMK SF1CI2 DENSITY ALT 1454FT SLP147
CYAW,2025-05-15 16:00,-63.4994,44.6397,CYAW 151600Z 25010G17KT 15SM BKN250 26/14 A2994 RMK CI5 DENSITY ALT 1657FT SLP139
CYAW,2025-05-15 17:00,-63.4994,44.6397,CYAW 151700Z 24014G20KT 15SM FEW170 BKN250 27/12 A2992 RMK AC1CI6 DENSITY ALT 1719FT SLP134
CYAW,2025-05-15 18:00,-63.4994,44.6397,CYAW 151800Z 23013G20KT 15SM FEW170 BKN250 26/13 A2992 RMK AC1CI6 DENSITY ALT 1674FT SLP132
CYAW,2025-05-15 19:00,-63.4994,44.6397,CYAW 151900Z 23015G23KT 15SM FEW042 FEW140 BKN250 24/14 A2992 RMK CU1AC1CI6 DENSITY ALT 1475FT LAST OBS /NEXT 201200 UTC SLP131
CYAW,2025-05-20 11:00,-63.4994,44.6397,CYAW 201100Z 05007KT 15SM OVC010 08/06 A2967 RMK SC8 DENSITY ALT -217FT FST OBS SLP049
CYAW,2025-05-20 11:21,-63.4994,44.6397,CYAW 201121Z 06012KT 10SM -DZ OVC010 08/06 A2968 RMK SC8 DENSITY ALT -243FT SLP053
CYAW,2025-05-20 12:00,-63.4994,44.6397,CYAW 201200Z 05011G18KT 10SM -DZ OVC011 08/06 A2970 RMK SC8 DENSITY ALT -280FT PCPN VRY LGT SLP059
CYAW,2025-05-20 12:15,-63.4994,44.6397,CYAW 201215Z 05010KT 15SM OVC015 08/06 A2971 RMK SC8 DENSITY ALT -294FT SLP062
CYAW,2025-05-20 13:00,-63.4994,44.6397,CYAW 201300Z 05010KT 15SM OVC015 08/05 A2972 RMK SC8 DENSITY ALT -297FT SLP066
CYAW,2025-05-20 13:53,-63.4994,44.6397,CYAW 201353Z 04010KT 15SM -SHRA OVC015 08/06 A2975 RMK SC8 DENSITY ALT -301FT SLP074
CYAW,2025-05-20 14:00,-63.4994,44.6397,CYAW 201400Z 05008G16KT 15SM -SHRA OVC015 08/06 A2975 RMK SC8 DENSITY ALT -314FT SLP075
CYAW,2025-05-20 15:00,-63.4994,44.6397,CYAW 201500Z 05013G20KT 15SM -SHRA OVC017 09/05 A2976 RMK SC8 DENSITY ALT -244FT PCPN VRY LGT SLP080
CYAW,2025-05-20 15:48,-63.4994,44.6397,CYAW 201548Z 03014G22KT 15SM OVC015 09/05 A2977 RMK SC8 DENSITY ALT -319FT SLP084
CYAW,2025-05-20 16:00,-63.4994,44.6397,CYAW 201600Z 04015G20KT 15SM OVC017 09/05 A2978 RMK SC8 DENSITY ALT -321FT SLP085
CYAW,2025-05-20 17:00,-63.4994,44.6397,CYAW 201700Z 04013G19KT 15SM OVC017 09/05 A2979 RMK SC8 DENSITY ALT -269FT SLP090
CYAW,2025-05-20 18:00,-63.4994,44.6397,CYAW 201800Z 03012G20KT 15SM OVC020 10/05 A2980 RMK SC8 DENSITY ALT -181FT SLP091
CYAW,2025-05-20 19:00,-63.4994,44.6397,CYAW 201900Z 03016G25KT 15SM OVC025 11/05 A2981 RMK SC8 DENSITY ALT -100FT LAST OBS /NEXT 211100 UTC SLP095
CYAW,2025-05-21 11:00,-63.4994,44.6397,CYAW 211100Z 02007KT 12SM FEW010 OVC038 07/04 A3004 RMK SF1SC7 DENSITY ALT -783FT FST OBS SLP173
CYAW,2025-05-21 12:00,-63.4994,44.6397,CYAW 211200Z 02010KT 15SM FEW010 OVC038 08/04 A3005 RMK SF1SC7 DENSITY ALT -672FT SLP178
CYAW,2025-05-21 13:00,-63.4994,44.6397,CYAW 211300Z 04007G15KT 15SM BKN020 OVC036 10/04 A3006 RMK SC5SC3 DENSITY ALT -467FT SLP180
CYAW,2025-05-21 14:00,-63.4994,44.6397,CYAW 211400Z 03011KT 15SM OVC031 10/03 A3007 RMK SC8 DENSITY ALT -449FT SLP184
CYAW,2025-05-21 15:00,-63.4994,44.6397,CYAW 211500Z 03010KT 15SM OVC032 11/03 A3008 RMK SC8 DENSITY ALT -412FT SLP188
CYAW,2025-05-21 16:00,-63.4994,44.6397,CYAW 211600Z 13009KT 15SM BKN040 10/04 A3009 RMK SC7 DENSITY ALT -527FT SLP189
CYAW,2025-05-21 17:00,-63.4994,44.6397,CYAW 211700Z 14006KT 15SM BKN042 11/04 A3007 RMK SC7 DENSITY ALT -356FT SLP184
CYAW,2025-05-21 18:00,-63.4994,44.6397,CYAW 211800Z 20005KT 15SM BKN050 13/05 A3005 RMK SC6 DENSITY ALT -136FT SLP178
CYAW,2025-05-21 19:00,-63.4994,44.6397,CYAW 211900Z 17008KT 15SM SCT050 11/03 A3005 RMK SC4 DENSITY ALT -326FT LAST OBS /NEXT 231100 UTC SLP177
CYAW,2025-05-22 15:00,-63.4994,44.6397,CYAW 221500Z 10013G20KT 070V130 15SM FEW040 FEW110 11/04 A3020 RMK SC1AC1 DENSITY ALT -530FT FST OBS SLP227
CYAW,2025-05-22 16:00,-63.4994,44.6397,CYAW 221600Z CCA 11014G20KT 15SM FEW045 FEW110 11/04 A3020 RMK SC1AC1 DENSITY ALT -578FT SLP228
CYAW,2025-05-22 17:00,-63.4994,44.6397,CYAW 221700Z 14014G20KT 100V160 15SM FEW040 FEW120 10/04 A3020 RMK SC1AC1 DENSITY ALT -628FT SLP229
CYAW,2025-05-22 18:00,-63.4994,44.6397,CYAW 221800Z 11013G20KT 090V150 15SM FEW045 FEW110 10/04 A3020 RMK SC1AC1 DENSITY ALT -665FT SLP229
CYAW,2025-05-22 19:00,-63.4994,44.6397,CYAW 221900Z 13011G18KT 100V160 15SM FEW020 FEW250 10/03 A3020 RMK CF2CI1 DENSITY ALT -679FT SLP230
CYAW,2025-05-22 20:00,-63.4994,44.6397,CYAW 222000Z 12011G18KT 080V150 15SM FEW015 FEW250 09/04 A3019 RMK CF1CI1 DENSITY ALT -761FT SLP226
CYAW,2025-05-22 21:00,-63.4994,44.6397,CYAW 222100Z 12008G16KT 090V150 15SM FEW015 SCT250 08/04 A3019 RMK CU2CI2 DENSITY ALT -872FT SLP227
CYAW,2025-05-22 22:00,-63.4994,44.6397,CYAW 222200Z 12009G16KT 15SM SCT015 BKN120 07/04 A3020 RMK SC4AC2 DENSITY ALT -1071FT SLP228
CYAW,2025-05-22 22:34,-63.4994,44.6397,CYAW 222234Z 11011G18KT 090V150 15SM BKN013 BKN100 06/04 A3020 RMK SC5AC2 DENSITY ALT -1134FT SLP227
CYAW,2025-05-22 23:00,-63.4994,44.6397,CYAW 222300Z 11013G19KT 070V130 15SM BKN012 OVC090 06/03 A3019 RMK SC7AC1 DENSITY ALT -1149FT SLP226
CYAW,2025-05-23 00:00,-63.4994,44.6397,CYAW 230000Z 11012G23KT 12SM OVC010 05/03 A3018 RMK SC8 DENSITY ALT -1212FT LAST OBS /NEXT 231100 UTC SLP224
CYAW,2025-05-23 10:00,-63.4994,44.6397,CYAW 231000Z 10015G28KT 6SM -SHRA OVC010 05/05 A2998 RMK SC8 DENSITY ALT -948FT FST OBS SLP153
CYAW,2025-05-23 11:00,-63.4994,44.6397,CYAW 231100Z 09022G32KT 3SM -SHRA BR OVC006 05/04 A2994 RMK ST8 DENSITY ALT -941FT SLP140
CYAW,2025-05-23 11:31,-63.4994,44.6397,CYAW 231131Z 09022G31KT 1/2SM SHRA FG OVC008 05/04 A2993 RMK ST8 DENSITY ALT -916FT VIS VRB 3/8-5/8 SLP137
CYAW,2025-05-23 12:00,-63.4994,44.6397,CYAW 231200Z 09027G36KT 1/2SM SHRA FG OVC008 05/04 A2989 RMK ST8 DENSITY ALT -870FT SLP124
CYAW,2025-05-23 12:10,-63.4994,44.6397,CYAW 231210Z 09024G36KT 5SM -SHRA BR OVC008 05/04 A2989 RMK ST8 DENSITY ALT -870FT SLP123
CYAW,2025-05-23 12:36,-63.4994,44.6397,CYAW 231236Z CCA 09020G39KT 5SM SHRA BR OVC008 05/05 A2991 RMK SF8 DENSITY ALT -867FT SLP121
CYAW,2025-05-23 12:48,-63.4994,44.6397,CYAW 231248Z 10019G32KT 6SM SHRA BR OVC008 05/05 A2991 RMK SF8 DENSITY ALT -866FT TS OHD MOV NE OCNL LTGCCCG ALQDS SLP131
CYAW,2025-05-23 13:00,-63.4994,44.6397,CYAW 231300Z CCA 10020G32KT 1 1/2SM +TSRA BR OVC005CB 05/05 A2992 RMK CB8 DENSITY ALT -877FT VIS VRB 1-2 TS OHD MOV NE OCNL LTGCCCG ALQDS SLP134
CYAW,2025-05-23 13:51,-63.4994,44.6397,CYAW 231351Z 10020G29KT 1 1/2SM SHRA BR OVC005 06/05 A2992 RMK SF8 CB E MOV NE DENSITY ALT -864FT SLP132
CYAW,2025-05-23 14:00,-63.4994,44.6397,CYAW 231400Z 09018G32KT 1 1/2SM SHRA BR OVC005 06/05 A2991 RMK SF8 DENSITY ALT -826FT /R12/ CB 30 SM E MOV NE SLP129
CYAW,2025-05-23 14:49,-63.4994,44.6397,CYAW 231449Z 09016G27KT 3SM -SHRA BR OVC006 06/05 A2988 RMK SF8 DENSITY ALT -765FT SLP120
CYAW,2025-05-23 15:00,-63.4994,44.6397,CYAW 231500Z 09016G28KT 1 1/2SM -SHRA BR OVC006 06/05 A2988 RMK SF8 DENSITY ALT -752FT VIS VRB 1-2 SLP120
CYAW,2025-05-23 16:00,-63.4994,44.6397,CYAW 231600Z 09019G30KT 1 1/2SM -SHRA BR OVC005 07/06 A2986 RMK SF8 DENSITY ALT -599FT SLP114
CYAW,2025-05-23 17:00,-63.4994,44.6397,CYAW 231700Z 09018G27KT 1 1/2SM -SHRA BR OVC004 08/07 A2985 RMK SF8 DENSITY ALT -508FT SLP109
CYAW,2025-05-23 18:00,-63.4994,44.6397,CYAW 231800Z 09016G26KT 1 1/2SM -SHRA BR BKN004 OVC011 08/07 A2984 RMK SF6SF2 DENSITY ALT -483FT SLP108
CYAW,2025-05-23 19:00,-63.4994,44.6397,CYAW 231900Z 10011KT 2 1/2SM -DZ BR BKN004 OVC018 09/08 A2986 RMK SF6SC2 DENSITY ALT -361FT LAST OBS /NEXT 241500 UTC SLP113
CYAW,2025-05-24 15:00,-63.4994,44.6397,CYAW 241500Z 16010KT 12SM BKN035 OVC080 09/07 A2986 RMK SC5AC3 DENSITY ALT -295FT FST OBS SLP114
CYAW,2025-05-24 15:31,-63.4994,44.6397,CYAW 241531Z 16010KT 10SM FEW005 OVC032 09/07 A2986 RMK SF1SC7 DENSITY ALT -294FT SLP114
CYAW,2025-05-24 16:00,-63.4994,44.6397,CYAW 241600Z 18007KT 10SM FEW006 OVC030 09/07 A2986 RMK SF2SC6 DENSITY ALT -332FT SLP113
CYAW,2025-05-24 17:00,-63.4994,44.6397,CYAW 241700Z 18007KT 10SM SCT014 OVC026 09/07 A2985 RMK SC4SC4 DENSITY ALT -283FT SLP111
CYAW,2025-05-24 17:24,-63.4994,44.6397,CYAW 241724Z 17009KT 6SM -DZ BR SCT009 BKN014 OVC023 09/07 A2985 RMK SF3SC3SC2 DENSITY ALT -306FT SLP110
CYAW,2025-05-24 18:00,-63.4994,44.6397,CYAW 241800Z 18008KT 5SM -DZ BR SCT005 BKN010 OVC017 09/07 A2985 RMK SF3SC4SC1 DENSITY ALT -343FT LAST OBS /NEXT 251500 UTC SLP109
CYAW,2025-05-25 15:00,-63.4994,44.6397,CYAW 251500Z 17003KT 1 1/2SM -RA BR OVC002 08/08 A2984 RMK ST8 DENSITY ALT -428FT FST OBS SLP106
CYAW,2025-05-25 15:35,-63.4994,44.6397,CYAW 251535Z 18002KT 1 1/2SM -RA BR BKN004 OVC009 09/08 A2983 RMK SF5ST3 DENSITY ALT -301FT VIS LWR SE QUAD CIG VRB 3-5 SLP104
CYAW,2025-05-25 16:00,-63.4994,44.6397,CYAW 251600Z 13002KT 2 1/2SM -RA BR BKN004 OVC009 10/09 A2983 RMK SF5ST3 DENSITY ALT -171FT VIS LWR SE QUAD CIG VRB 3-5 SLP103
CYAW,2025-05-25 16:46,-63.4994,44.6397,CYAW 251646Z 05002KT 3SM -RA BR BKN006 OVC015 10/08 A2982 RMK SF5SC3 DENSITY ALT -178FT VIS VRB 2-4 SLP101
CYAW,2025-05-25 17:00,-63.4994,44.6397,CYAW 251700Z 11003KT 060V140 3SM -RA BR BKN007 OVC015 10/09 A2982 RMK SF5SC3 DENSITY ALT -148FT VIS VRB 2-4 VIS LWR SE QUAD SLP100
CYAW,2025-05-25 18:00,-63.4994,44.6397,CYAW 251800Z 15004KT 130V210 3SM -RA BR BKN007 OVC015 11/09 A2982 RMK SF5SC3 DENSITY ALT -98FT VIS VRB 2-4 VIS LWR SE QUAD SLP100
CYAW,2025-05-25 18:35,-63.4994,44.6397,CYAW 251835Z 15005KT 2SM -RA BR BKN004 OVC010 10/09 A2982 RMK SF6SC2 DENSITY ALT -199FT VIS VRB 1 1/2-2 1/2 CIG VRB 3-5 CIG RAG SLP100
CYAW,2025-05-25 18:52,-63.4994,44.6397,CYAW 251852Z 14005KT 2SM SHRA BR BKN004 OVC010 09/08 A2982 RMK SF6SC2 DENSITY ALT -263FT VIS VRB 1 1/2-2 1/2 CIG VRB 3-5 CIG RAG SLP101
CYAW,2025-05-25 19:00,-63.4994,44.6397,CYAW 251900Z 14004KT 1 1/2SM SHRA BR BKN004 OVC010 09/08 A2983 RMK SF6SC2 DENSITY ALT -274FT VIS VRB 1-2 CIG VRB 3-5 CIG RAG SLP101
CYAW,2025-05-25 19:10,-63.4994,44.6397,CYAW 251910Z 13004KT 1 1/2SM -SHRA BR BKN005 OVC012 09/08 A2983 RMK SF5SC3 DENSITY ALT -286FT VIS VRB 1-2 CIG RAG LAST OBS /NEXT 261100 UTC SLP103
CYAW,2025-05-26 11:00,-63.4994,44.6397,CYAW 261100Z 34014KT 15SM OVC008 07/05 A2999 RMK SF8 DENSITY ALT -792FT FST OBS SLP158
CYAW,2025-05-26 12:00,-63.4994,44.6397,CYAW 261200Z 35008G16KT 15SM OVC012 08/05 A3002 RMK SF8 DENSITY ALT -716FT SLP166
CYAW,2025-05-26 13:00,-63.4994,44.6397,CYAW 261300Z 33011KT 15SM OVC014 08/06 A3002 RMK SF8 DENSITY ALT -615FT SLP168
CYAW,2025-05-26 13:28,-63.4994,44.6397,CYAW 261328Z 35011KT 15SM OVC015 09/06 A3002 RMK SC8 DENSITY ALT -530FT SLP167
CYAW,2025-05-26 14:00,-63.4994,44.6397,CYAW 261400Z 33009KT 15SM OVC016 09/06 A3003 RMK SC8 DENSITY ALT -502FT SLP169
CYAW,2025-05-26 15:00,-63.4994,44.6397,CYAW 261500Z 01010KT 15SM OVC018 10/06 A3003 RMK SC8 DENSITY ALT -393FT SLP171
CYAW,2025-05-26 16:00,-63.4994,44.6397,CYAW 261600Z 35010KT 15SM OVC018 10/06 A3004 RMK SC8 DENSITY ALT -428FT SLP173
CYAW,2025-05-26 17:00,-63.4994,44.6397,CYAW 261700Z 01007KT 15SM BKN021 OVC032 11/06 A3005 RMK SC6SC2 DENSITY ALT -377FT SLP176
CYAW,2025-05-26 18:00,-63.4994,44.6397,CYAW 261800Z 35009KT 15SM BKN021 OVC032 11/06 A3005 RMK SC6SC2 DENSITY ALT -365FT SLP178
CYAW,2025-05-26 18:26,-63.4994,44.6397,CYAW 261826Z 34010KT 15SM -SHRA BKN021 OVC030 11/06 A3006 RMK SC6SC2 DENSITY ALT -328FT PCPN VRY LGT SLP180
CYAW,2025-05-26 18:51,-63.4994,44.6397,CYAW 261851Z 02011KT 15SM BKN021 OVC032 11/06 A3006 RMK SC6SC2 DENSITY ALT -350FT SLP182
CYAW,2025-05-26 19:00,-63.4994,44.6397,CYAW 261900Z 01007KT 15SM SCT024 OVC036 11/06 A3006 RMK SC4SC4 DENSITY ALT -289FT SLP181
CYAW,2025-05-26 20:00,-63.4994,44.6397,CYAW 262000Z 36008KT 340V050 15SM BKN027 BKN038 12/06 A3006 RMK SC5SC2 DENSITY ALT -205FT SLP181
CYAW,2025-05-26 21:00,-63.4994,44.6397,CYAW 262100Z 36010KT 15SM SCT030 BKN037 13/06 A3007 RMK SC4SC3 DENSITY ALT -170FT SLP184
CYAW,2025-05-26 22:00,-63.4994,44.6397,CYAW 262200Z 02009KT 360V070 15SM SCT035 BKN130 13/06 A3007 RMK SC3AC2 DENSITY ALT -134FT SLP186
CYAW,2025-05-26 23:00,-63.4994,44.6397,CYAW 262300Z 01007KT 340V040 15SM FEW035 FEW130 13/06 A3009 RMK SC1AC2 DENSITY ALT -181FT SLP191
CYAW,2025-05-27 00:00,-63.4994,44.6397,CYAW 270000Z CCA 35003KT 15SM FEW130 11/06 A3011 RMK AC1 OBS TAKEN +15 DENSITY ALT -435FT SLP197
CYAW,2025-05-27 01:00,-63.4994,44.6397,CYAW 270100Z 36002KT 15SM FEW130 07/05 A3013 RMK AC1 DENSITY ALT -981FT LAST OBS /NEXT 271100 UTC SLP205
CYAW,2025-05-27 11:00,-63.4994,44.6397,CYAW 271100Z 21002KT 15SM FEW030 FEW250 11/08 A3019 RMK SC1CI1 DENSITY ALT -452FT FST OBS SLP226
CYAW,2025-05-27 12:00,-63.4994,44.6397,CYAW 271200Z 20003KT 15SM FEW250 13/07 A3021 RMK CI1 DENSITY ALT -252FT SLP231
CYAW,2025-05-27 13:00,-63.4994,44.6397,CYAW 271300Z 19004KT 15SM FEW250 15/07 A3021 RMK CI1 DENSITY ALT -43FT SLP232
CYAW,2025-05-27 14:00,-63.4994,44.6397,CYAW 271400Z 20005KT 15SM FEW250 16/07 A3021 RMK CI1 DENSITY ALT 50FT SLP232
CYAW,2025-05-27 15:00,-63.4994,44.6397,CYAW 271500Z 19006KT 15SM FEW250 18/08 A3021 RMK CI1 DENSITY ALT 376FT SLP231
CYAW,2025-05-27 16:00,-63.4994,44.6397,CYAW 271600Z 20009KT 15SM FEW044 FEW250 20/08 A3020 RMK CU1CI1 DENSITY ALT 554FT SLP227
CYAW,2025-05-27 17:00,-63.4994,44.6397,CYAW 271700Z 19007G16KT 15SM FEW054 FEW250 21/08 A3019 RMK CU1CI1 DENSITY ALT 739FT SLP224
CYAW,2025-05-27 18:00,-63.4994,44.6397,CYAW 271800Z 20007KT 15SM SCT062 SCT084 22/08 A3019 RMK CU3AC1 DENSITY ALT 787FT SLP226
CYAW,2025-05-27 19:00,-63.4994,44.6397,CYAW 271900Z 18008KT 15SM FEW062 SCT094 22/06 A3018 RMK CU1AC3 DENSITY ALT 816FT SLP222
CYAW,2025-05-27 20:00,-63.4994,44.6397,CYAW 272000Z 22010G15KT 15SM FEW090 21/05 A3018 RMK AC2 DENSITY ALT 657FT SLP221
CYAW,2025-05-27 21:00,-63.4994,44.6397,CYAW 272100Z 23010G15KT 15SM FEW090 20/05 A3018 RMK AC1 DENSITY ALT 573FT SLP221
CYAW,2025-05-27 22:00,-63.4994,44.6397,CYAW 272200Z 23009KT 15SM FEW090 SCT250 18/06 A3018 RMK AC1CI3 DENSITY ALT 366FT SLP220
CYAW,2025-05-27 23:00,-63.4994,44.6397,CYAW 272300Z 25010KT 15SM FEW090 SCT250 16/06 A3019 RMK AC1CI3 DENSITY ALT 94FT SLP224
CYAW,2025-05-28 00:19,-63.4994,44.6397,CYAW 280019Z 26010KT 15SM FEW090 FEW250 14/06 A3021 RMK AC1CI2 DENSITY ALT -149FT LAST OBS /NEXT 281100 UTC SLP230
CYAW,2025-05-28 11:00,-63.4994,44.6397,CYAW 281100Z 27011KT 15SM FEW250 18/04 A3017 RMK CI1 DENSITY ALT 331FT FST OBS SLP217
CYAW,2025-05-28 12:00,-63.4994,44.6397,CYAW 281200Z 29007KT 15SM FEW250 21/06 A3018 RMK CI1 DENSITY ALT 654FT SLP220
CYAW,2025-05-28 13:00,-63.4994,44.6397,CYAW 281300Z 29009KT 15SM FEW250 23/07 A3018 RMK CI1 DENSITY ALT 967FT SLP219
CYAW,2025-05-28 14:00,-63.4994,44.6397,CYAW 281400Z 31009KT 15SM FEW250 25/07 A3017 RMK CI1 DENSITY ALT 1170FT SLP215
CYAW,2025-05-28 15:00,-63.4994,44.6397,CYAW 281500Z 30008KT 15SM FEW030 FEW250 27/07 A3016 RMK CF1CI1 DENSITY ALT 1381FT SLP212
CYAW,2025-05-28 16:00,-63.4994,44.6397,CYAW 281600Z 25009KT 15SM FEW040 FEW250 26/06 A3014 RMK CU1CI1 DENSITY ALT 1305FT SLP206
CYAW,2025-05-28 17:00,-63.4994,44.6397,CYAW 281700Z 21009G17KT 15SM FEW041 FEW090 FEW250 27/08 A3013 RMK CU1AC1CI1 DENSITY ALT 1440FT SLP202
CYAW,2025-05-28 18:00,-63.4994,44.6397,CYAW 281800Z 23013G19KT 15SM FEW110 FEW250 27/08 A3011 RMK AC1CI1 DENSITY ALT 1461FT SLP198
CYAW,2025-05-28 19:00,-63.4994,44.6397,CYAW 281900Z 23010G17KT 15SM FEW110 FEW250 26/09 A3010 RMK AC1CI1 DENSITY ALT 1366FT SLP194
CYAW,2025-05-28 20:00,-63.4994,44.6397,CYAW 282000Z 23010KT 15SM FEW048 FEW250 25/08 A3009 RMK CU1CI1 DENSITY ALT 1281FT SLP190
CYAW,2025-05-28 21:00,-63.4994,44.6397,CYAW 282100Z 23011G17KT 15SM FEW062 FEW250 23/08 A3008 RMK CU1CI1 DENSITY ALT 1067FT SLP187
CYAW,2025-05-28 22:00,-63.4994,44.6397,CYAW 282200Z 22006KT 15SM FEW250 21/08 A3007 RMK CI2 DENSITY ALT 889FT SLP184
CYAW,2025-05-28 23:00,-63.4994,44.6397,CYAW 282300Z 23005KT 15SM FEW250 21/08 A3008 RMK CI2 OBS TAKEN +8 DENSITY ALT 889FT PRESFR SLP186
CYAW,2025-05-29 00:00,-63.4994,44.6397,CYAW 290000Z CCA 25006KT 15SM FEW250 20/09 A3008 RMK CI1 DENSITY ALT 670FT LAST OBS /NEXT 291100 UTC SLP187
CYAW,2025-05-29 11:00,-63.4994,44.6397,CYAW 291100Z 26010KT 15SM SCT250 18/06 A3006 RMK CI4 DENSITY ALT 493FT FST OBS SLP181
CYAW,2025-05-29 12:00,-63.4994,44.6397,CYAW 291200Z 27010G16KT 15SM SCT250 21/05 A3006 RMK CI4 DENSITY ALT 781FT SLP180
CYAW,2025-05-29 13:00,-63.4994,44.6397,CYAW 291300Z 28009KT 15SM BKN250 23/05 A3005 RMK CI5 DENSITY ALT 1100FT SLP177
CYAW,2025-05-29 14:00,-63.4994,44.6397,CYAW 291400Z 26013G23KT 15SM BKN250 24/05 A3004 RMK CI6 DENSITY ALT 1232FT SLP172
CYAW,2025-05-29 15:00,-63.4994,44.6397,CYAW 291500Z 25012G21KT 15SM FEW160 BKN250 24/06 A3003 RMK AC2CI5 DENSITY ALT 1268FT SLP169
CYAW,2025-05-29 16:00,-63.4994,44.6397,CYAW 291600Z 24014G20KT 15SM FEW160 SCT200 BKN250 25/05 A3001 RMK AC1CI2CI4 DENSITY ALT 1331FT SLP164
CYAW,2025-05-29 17:00,-63.4994,44.6397,CYAW 291700Z 24011G20KT 15SM FEW160 BKN250 25/05 A2999 RMK AC1CI7 DENSITY ALT 1423FT SLP156
CYAW,2025-05-29 18:00,-63.4994,44.6397,CYAW 291800Z 23015KT 15SM FEW060 FEW160 BKN250 24/09 A2997 RMK CU1AC1CI7 DENSITY ALT 1354FT SLP150
CYAW,2025-05-29 19:00,-63.4994,44.6397,CYAW 291900Z 23016G28KT 15SM FEW056 FEW120 BKN250 23/10 A2995 RMK CU1AC1CI6 DENSITY ALT 1270FT SLP143
CYAW,2025-05-29 20:00,-63.4994,44.6397,CYAW 292000Z 23013G21KT 15SM FEW040 FEW120 OVC250 20/10 A2994 RMK SC1AC1CI7 DENSITY ALT 915FT SLP139
CYAW,2025-05-29 21:00,-63.4994,44.6397,CYAW 292100Z 23011G18KT 15SM FEW040 FEW160 BKN250 20/10 A2993 RMK SC1AC1CI6 DENSITY ALT 914FT SLP135
CYAW,2025-05-29 22:00,-63.4994,44.6397,CYAW 292200Z 24011G24KT 15SM FEW150 BKN250 18/10 A2992 RMK AC2CI4 DENSITY ALT 675FT SLP133
CYAW,2025-05-29 23:00,-63.4994,44.6397,CYAW 292300Z 24014G22KT 15SM FEW190 18/08 A2992 RMK AC2 DENSITY ALT 628FT SLP134
CYAW,2025-05-30 00:00,-63.4994,44.6397,CYAW 300000Z 24013G20KT 15SM FEW190 16/07 A2993 RMK AC2 DENSITY ALT 403FT SLP135
CYAW,2025-05-30 00:36,-63.4994,44.6397,CYAW 300036Z CCA 23009G17KT 15SM SCT180 15/08 A2992 RMK AC3 DENSITY ALT 326FT LAST OBS /NEXT 301100 UTC SLP134
CYAW,2025-05-30 11:00,-63.4994,44.6397,CYAW 301100Z 09007KT 1SM -DZ BR OVC003 12/11 A2970 RMK SF8 DENSITY ALT 181FT VIS VRB 3/4-1 1/4 FST OBS SLP058
CYAW,2025-05-30 12:00,-63.4994,44.6397,CYAW 301200Z 10006KT 1SM -DZ BR OVC003 11/11 A2969 RMK SF8 DENSITY ALT 177FT VIS VRB 3/4-1 1/4 SLP055
CYAW,2025-05-30 13:00,-63.4994,44.6397,CYAW 301300Z 06005KT 3/4SM -DZ BR OVC003 12/11 A2968 RMK SF8 DENSITY ALT 255FT VIS VRB 1/2-1 PCPN VRY LGT SLP051
CYAW,2025-05-30 13:10,-63.4994,44.6397,CYAW 301310Z 06004KT 3/4SM BR OVC003 12/11 A2968 RMK SF8 DENSITY ALT 254FT VIS VRB 1/2-1 SLP050
CYAW,2025-05-30 13:30,-63.4994,44.6397,CYAW 301330Z 06002KT 1SM BR OVC003 12/11 A2968 RMK SF8 DENSITY ALT 293FT VIS VRB 3/4-1 1/4 SLP051
CYAW,2025-05-30 13:53,-63.4994,44.6397,CYAW 301353Z 09002KT 2 1/2SM BR OVC003 12/12 A2968 RMK SF8 DENSITY ALT 321FT SLP052
CYAW,2025-05-30 14:00,-63.4994,44.6397,CYAW 301400Z 05003KT 2 1/2SM BR OVC003 12/11 A2968 RMK SF8 DENSITY ALT 318FT SLP052
CYAW,2025-05-30 15:00,-63.4994,44.6397,CYAW 301500Z 23004KT 2 1/2SM BR OVC003 13/12 A2967 RMK SF8 DENSITY ALT 381FT SLP048
CYAW,2025-05-30 15:26,-63.4994,44.6397,CYAW 301526Z 21002KT 2 1/2SM BR BKN004 OVC010 14/12 A2966 RMK SF7SC1 DENSITY ALT 568FT SLP046
CYAW,2025-05-30 15:46,-63.4994,44.6397,CYAW 301546Z 20005KT 3SM BR SCT004 OVC011 14/12 A2966 RMK SF3SC5 DENSITY ALT 590FT SLP046
CYAW,2025-05-30 16:00,-63.4994,44.6397,CYAW 301600Z 21005KT 3SM BR VCFG SCT004 OVC012 14/12 A2966 RMK SF3SC5 DENSITY ALT 578FT FG BANK S VIS 1 SLP044
CYAW,2025-05-30 17:00,-63.4994,44.6397,CYAW 301700Z 19005KT 12SM FEW004 OVC015 13/11 A2964 RMK SF2SC6 DENSITY ALT 483FT SLP039
CYAW,2025-05-30 18:00,-63.4994,44.6397,CYAW 301800Z 20006KT 15SM BKN033 BKN250 16/13 A2963 RMK SC6CI1 DENSITY ALT 831FT SLP036
CYAW,2025-05-30 19:00,-63.4994,44.6397,CYAW 301900Z 21009G17KT 15SM SCT030 SCT050 BKN250 16/13 A2963 RMK SC3SC1CI3 DENSITY ALT 868FT SLP034
CYAW,2025-05-30 20:00,-63.4994,44.6397,CYAW 302000Z 20006KT 15SM SCT012 SCT120 BKN250 16/13 A2963 RMK SC4AC1CI3 DENSITY ALT 871FT SLP034
CYAW,2025-05-30 21:00,-63.4994,44.6397,CYAW 302100Z 21010G15KT 15SM SCT015 BKN120 15/12 A2962 RMK SC4AC2 DENSITY ALT 658FT SLP033
CYAW,2025-05-30 22:00,-63.4994,44.6397,CYAW 302200Z 21007KT 15SM SCT012 SCT120 BKN250 13/11 A2961 RMK SC3AC1CI2 DENSITY ALT 418FT LAST OBS /NEXT 011500 UTC SLP028
CYAW,2025-06-02 13:00,-63.4994,44.6397,CYAW 021300Z 21009G16KT 10SM FEW003 FEW016 FEW120 BKN240 13/09 A2995 RMK SF1CU1AC1CI5 DENSITY ALT 4FT FST OBS SLP142
CYAW,2025-06-02 14:00,-63.4994,44.6397,CYAW 021400Z 20009KT 12SM FEW003 FEW018 FEW120 BKN240 13/09 A2994 RMK SF1CU1AC1CI5 CC ASOCTD DENSITY ALT 109FT SLP140
CYAW,2025-06-02 15:00,-63.4994,44.6397,CYAW 021500Z 20010G17KT 15SM FEW020 FEW160 BKN240 14/09 A2995 RMK CU1AC1CI5 DENSITY ALT 124FT SLP143
CYAW,2025-06-02 16:00,-63.4994,44.6397,CYAW 021600Z 21013KT 15SM FEW036 FEW160 BKN240 16/08 A2994 RMK CU1AC1CI6 DENSITY ALT 366FT SLP140
CYAW,2025-06-02 17:00,-63.4994,44.6397,CYAW 021700Z 21009G16KT 15SM FEW024 FEW160 BKN250 14/08 A2995 RMK SC1AC1CI6 DENSITY ALT 186FT SLP142
CYAW,2025-06-02 18:00,-63.4994,44.6397,CYAW 021800Z 23015G23KT 15SM FEW038 SCT160 BKN250 16/07 A2994 RMK SC1AC2CI4 DENSITY ALT 437FT SLP139
CYAW,2025-06-02 19:00,-63.4994,44.6397,CYAW 021900Z 21013G24KT 15SM FEW038 SCT180 BKN250 17/07 A2993 RMK SC1AC2CI3 DENSITY ALT 523FT SLP137
CYAW,2025-06-02 20:00,-63.4994,44.6397,CYAW 022000Z 21014KT 15SM FEW026 FEW180 SCT250 15/09 A2994 RMK SC1AC1CI3 DENSITY ALT 336FT SLP140
CYAW,2025-06-02 21:00,-63.4994,44.6397,CYAW 022100Z 18009G15KT 15SM FEW030 BKN250 12/09 A2995 RMK SC1CI7 DENSITY ALT -44FT SLP142
CYAW,2025-06-02 22:00,-63.4994,44.6397,CYAW 022200Z 20012G20KT 15SM SCT008 SCT030 OVC250 11/09 A2996 RMK SF4SC1CI4 DENSITY ALT -176FT SLP147
CYAW,2025-06-02 22:20,-63.4994,44.6397,CYAW 022220Z 22014G20KT 10SM BKN008 BKN030 OVC250 11/09 A2997 RMK SF5SC1CI3 DENSITY ALT -236FT SLP149
CYAW,2025-06-02 23:00,-63.4994,44.6397,CYAW 022300Z 22012KT 10SM BKN006 OVC250 10/09 A2997 RMK SF7CI1 DENSITY ALT -321FT CIG VRB 4-8 SLP151
CYAW,2025-06-02 23:32,-63.4994,44.6397,CYAW 022332Z 22011G18KT 6SM BR BKN005 OVC230 10/09 A2999 RMK SF7CI1 DENSITY ALT -420FT FG BANK S QUAD VIS 1 CIG VRB 3-7 SLP157
CYAW,2025-06-02 23:46,-63.4994,44.6397,CYAW 022346Z 24010KT 2 1/2SM BR BKN005 OVC230 09/08 A2999 RMK SF7CI1 DENSITY ALT -458FT VIS HYR N QUAD FG BANK S QUAD VIS 1 CIG VRB 3-7 SLP157
CYAW,2025-06-03 00:00,-63.4994,44.6397,CYAW 030000Z 24011G17KT 2 1/2SM BR OVC005 09/08 A2999 RMK SF8 DENSITY ALT -458FT VIS HYR N QUAD CIG VRB 3-7 SLP158
CYAW,2025-06-03 00:23,-63.4994,44.6397,CYAW 030023Z 25006KT 8SM BKN006 OVC012 09/08 A2999 RMK SF7SF1 DENSITY ALT -460FT CIG VRB 4-8 SLP156
CYAW,2025-06-03 01:00,-63.4994,44.6397,CYAW 030100Z 24007KT 10SM OVC006 09/08 A3002 RMK SF8 DENSITY ALT -547FT CIG VRB 4-8 SLP166
CYAW,2025-06-03 02:00,-63.4994,44.6397,CYAW 030200Z 24007KT 15SM BKN006 08/07 A3003 RMK SF7 DENSITY ALT -663FT SLP170
CYAW,2025-06-03 03:00,-63.4994,44.6397,CYAW 030300Z CCA 25006KT 15SM BKN006 08/07 A3004 RMK SF6 DENSITY ALT -727FT LAST OBS /NEXT 031200 UTC SLP175
CYAW,2025-06-03 12:00,-63.4994,44.6397,CYAW 031200Z 28002KT 15SM FEW120 SCT250 12/08 A3012 RMK AC1CI3 DENSITY ALT -220FT FST OBS SLP202
CYAW,2025-06-03 13:00,-63.4994,44.6397,CYAW 031300Z 18003KT 15SM SCT250 14/09 A3014 RMK CI3 DENSITY ALT -55FT SLP206
CYAW,2025-06-03 14:00,-63.4994,44.6397,CYAW 031400Z 18004KT 15SM FEW021 FEW140 SCT250 15/09 A3014 RMK CU1AC1CI4 DENSITY ALT 43FT SLP207
CYAW,2025-06-03 15:00,-63.4994,44.6397,CYAW 031500Z 16008KT 15SM FEW036 FEW140 BKN250 17/08 A3014 RMK CU2AC1CI4 DENSITY ALT 252FT SLP206
CYAW,2025-06-03 16:00,-63.4994,44.6397,CYAW 031600Z 17009KT 15SM FEW038 FEW140 BKN250 17/08 A3012 RMK SC2AC1CI4 DENSITY ALT 334FT SLP201
CYAW,2025-06-03 17:00,-63.4994,44.6397,CYAW 031700Z 17009KT 15SM SCT046 SCT160 BKN250 18/07 A3011 RMK SC4AC1CI2 DENSITY ALT 436FT SLP198
CYAW,2025-06-03 18:00,-63.4994,44.6397,CYAW 031800Z 18007KT 15SM FEW046 SCT250 19/07 A3011 RMK SC2CI2 DENSITY ALT 503FT SLP196
CYAW,2025-06-03 19:00,-63.4994,44.6397,CYAW 031900Z 17010KT 15SM FEW044 FEW160 FEW250 18/07 A3011 RMK SC1AC1CI1 DENSITY ALT 494FT SLP197
CYAW,2025-06-03 20:00,-63.4994,44.6397,CYAW 032000Z 20007KT 15SM FEW045 FEW250 18/07 A3012 RMK SC1CI1 DENSITY ALT 450FT SLP200
CYAW,2025-06-03 21:00,-63.4994,44.6397,CYAW 032100Z 20007KT 15SM FEW045 FEW250 17/07 A3012 RMK SC1CI1 DENSITY ALT 351FT SLP201
CYAW,2025-06-03 22:00,-63.4994,44.6397,CYAW 032200Z 25010KT 15SM FEW045 FEW250 17/06 A3013 RMK SC1CI1 DENSITY ALT 324FT SLP204
CYAW,2025-06-03 23:00,-63.4994,44.6397,CYAW 032300Z 24005KT 15SM FEW045 FEW240 16/06 A3015 RMK SC1CI1 DENSITY ALT 135FT SLP210
CYAW,2025-06-04 00:00,-63.4994,44.6397,CYAW 040000Z 24003KT 15SM FEW240 14/06 A3015 RMK CI1 DENSITY ALT -129FT SLP212
CYAW,2025-06-04 01:00,-63.4994,44.6397,CYAW 040100Z 27006KT 15SM FEW240 13/06 A3017 RMK CI1 DENSITY ALT -193FT SLP217
CYAW,2025-06-04 02:00,-63.4994,44.6397,CYAW 040200Z CCA 26006KT 15SM SKC 13/06 A3017 RMK DENSITY ALT -278FT LAST OBS /NEXT 041200 UTC SLP219
CYAW,2025-06-04 12:00,-63.4994,44.6397,CYAW 041200Z 25003KT 15SM SCT250 16/08 A3022 RMK CI3 DENSITY ALT 109FT FST OBS SLP234
CYAW,2025-06-04 13:00,-63.4994,44.6397,CYAW 041300Z 25003KT 15SM SCT250 19/08 A3022 RMK CI3 DENSITY ALT 494FT SLP232
CYAW,2025-06-04 14:00,-63.4994,44.6397,CYAW 041400Z 21005KT 15SM BKN250 20/09 A3022 RMK CI5 DENSITY ALT 513FT SLP233
CYAW,2025-06-04 15:00,-63.4994,44.6397,CYAW 041500Z 17011KT 15SM BKN250 18/07 A3022 RMK CI5 DENSITY ALT 334FT SLP234
CYAW,2025-06-04 16:00,-63.4994,44.6397,CYAW 041600Z 18009G16KT 15SM BKN250 19/06 A3021 RMK CI6 DENSITY ALT 491FT SLP231
CYAW,2025-06-04 17:00,-63.4994,44.6397,CYAW 041700Z 19008KT 15SM BKN250 20/06 A3019 RMK CI7 DENSITY ALT 578FT SLP224
CYAW,2025-06-04 18:00,-63.4994,44.6397,CYAW 041800Z 20008KT 15SM BKN250 21/06 A3018 RMK CI7 DENSITY ALT 744FT SLP221
CYAW,2025-06-04 19:00,-63.4994,44.6397,CYAW 041900Z 19007KT 15SM BKN250 22/06 A3017 RMK CI7 DENSITY ALT 781FT SLP215
CYAW,2025-06-04 20:00,-63.4994,44.6397,CYAW 042000Z 20007KT 15SM BKN250 21/06 A3015 RMK CI7 DENSITY ALT 685FT SLP211
CYAW,2025-06-04 21:00,-63.4994,44.6397,CYAW 042100Z 21008KT 15SM BKN250 20/06 A3015 RMK CI7 DENSITY ALT 615FT SLP210
CYAW,2025-06-04 22:00,-63.4994,44.6397,CYAW 042200Z 23008KT 15SM BKN250 19/05 A3015 RMK CI7 DENSITY ALT 503FT SLP210
CYAW,2025-06-04 23:00,-63.4994,44.6397,CYAW 042300Z 23006KT 15SM BKN250 17/04 A3014 RMK CI7 DENSITY ALT 308FT SLP208
CYAW,2025-06-05 00:00,-63.4994,44.6397,CYAW 050000Z CCA 23005KT 15SM BKN250 16/04 A3014 RMK CI6 DENSITY ALT 105FT LAST OBS /NEXT 051200 UTC SLP207
CYAW,2025-06-05 12:00,-63.4994,44.6397,CYAW 051200Z 18004KT 15SM FEW250 14/09 A3008 RMK CI1 DENSITY ALT -13FT FST OBS SLP186
CYAW,2025-06-05 13:00,-63.4994,44.6397,CYAW 051300Z 22005KT 15SM SCT250 17/09 A3008 RMK CI4 DENSITY ALT 348FT SLP185
CYAW,2025-06-05 14:00,-63.4994,44.6397,CYAW 051400Z 19005KT 15SM BKN250 20/08 A3007 RMK CI7 DENSITY ALT 703FT SLP183
CYAW,2025-06-05 15:00,-63.4994,44.6397,CYAW 051500Z 21006KT 15SM BKN250 22/07 A3006 RMK CI7 DENSITY ALT 1013FT SLP178
CYAW,2025-06-05 16:00,-63.4994,44.6397,CYAW 051600Z 20007KT 15SM BKN250 24/07 A3004 RMK CI6 DENSITY ALT 1222FT SLP172
CYAW,2025-06-05 17:00,-63.4994,44.6397,CYAW 051700Z 19008KT 15SM BKN250 22/06 A3002 RMK CI5 DENSITY ALT 1054FT SLP166
CYAW,2025-06-05 18:00,-63.4994,44.6397,CYAW 051800Z 18010G21KT 15SM BKN250 17/09 A3003 RMK CI6 DENSITY ALT 392FT SLP169
CYAW,2025-06-05 19:00,-63.4994,44.6397,CYAW 051900Z 20007KT 15SM SCT250 19/07 A3001 RMK CI4 DENSITY ALT 677FT SLP162
CYAW,2025-06-05 20:00,-63.4994,44.6397,CYAW 052000Z 18007KT 15SM FEW250 19/06 A2999 RMK CI2 DENSITY ALT 671FT SLP157
CYAW,2025-06-05 21:00,-63.4994,44.6397,CYAW 052100Z 18007KT 15SM FEW250 18/07 A2999 RMK CI2 DENSITY ALT 586FT SLP156
CYAW,2025-06-05 22:00,-63.4994,44.6397,CYAW 052200Z 18006KT 15SM FEW250 14/09 A2998 RMK CI1 DENSITY ALT 164FT SLP152
CYAW,2025-06-05 23:00,-63.4994,44.6397,CYAW 052300Z 16007KT 15SM BKN250 14/09 A2998 RMK CI5 DENSITY ALT 188FT SLP152
CYAW,2025-06-06 00:00,-63.4994,44.6397,CYAW 060000Z 19004KT 15SM SCT250 12/08 A2998 RMK CI4 DENSITY ALT -59FT SLP154
CYAW,2025-06-06 01:00,-63.4994,44.6397,CYAW 060100Z 22004KT 15SM SCT250 13/08 A2997 RMK CI4 DENSITY ALT -13FT SLP149
CYAW,2025-06-06 02:00,-63.4994,44.6397,CYAW 060200Z 18004KT 15SM FEW250 12/09 A2999 RMK CI2 DENSITY ALT -165FT SLP155
CYAW,2025-06-06 02:36,-63.4994,44.6397,CYAW 060236Z 21006KT 15SM SCT250 12/09 A2998 RMK CI3 DENSITY ALT -101FT LAST OBS /NEXT 061200 UTC SLP153
CYAW,2025-06-06 12:00,-63.4994,44.6397,CYAW 061200Z 34003KT 6SM BR FEW003 BKN160 OVC250 13/12 A2997 RMK SF1AC6CI1 DENSITY ALT 103FT FST OBS SLP149
CYAW,2025-06-06 13:00,-63.4994,44.6397,CYAW 061300Z 27004KT 8SM FEW004 FEW023 BKN140 16/14 A2996 RMK SF1SC1AC5 DENSITY ALT 459FT SLP147
CYAW,2025-06-06 14:00,-63.4994,44.6397,CYAW 061400Z 24007KT 10SM FEW008 FEW020 BKN083 18/15 A2997 RMK SF1CF1AC6 DENSITY ALT 748FT SLP149
CYAW,2025-06-06 15:00,-63.4994,44.6397,CYAW 061500Z 21004KT 12SM FEW008 FEW020 SCT080 BKN250 18/15 A2996 RMK SF1CU1AC3CI3 DENSITY ALT 694FT VIS LWR S QUAD SLP147
CYAW,2025-06-06 16:00,-63.4994,44.6397,CYAW 061600Z 18005KT 12SM FEW020 FEW080 OVC250 20/15 A2995 RMK CF1AC2CI6 DENSITY ALT 958FT VIS LWR SE QUAD SLP142
CYAW,2025-06-06 17:00,-63.4994,44.6397,CYAW 061700Z 20008KT 12SM FEW020 BKN078 OVC250 22/17 A2994 RMK SC1AC4CI3 DENSITY ALT 1252FT SLP138
CYAW,2025-06-06 18:00,-63.4994,44.6397,CYAW 061800Z 23008KT 15SM FEW020 BKN080 OVC250 21/16 A2993 RMK SC1AC5CI2 DENSITY ALT 1092FT VIS LWR SE QUAD SLP137
CYAW,2025-06-06 19:00,-63.4994,44.6397,CYAW 061900Z 25007KT 15SM FEW030 SCT080 BKN250 22/16 A2992 RMK SC1AC3CI3 DENSITY ALT 1215FT VIS LWR SE QUAD SLP133
CYAW,2025-06-06 20:00,-63.4994,44.6397,CYAW 062000Z 24005KT 15SM FEW050 BKN090 OVC250 24/17 A2992 RMK SC1AC4CI3 DENSITY ALT 1424FT LAST OBS /NEXT 091100 UTC SLP131
CYAW,2025-06-08 15:00,-63.4994,44.6397,CYAW 081500Z 34020G26KT 10SM SCT023 OVC240 18/12 A2973 RMK CU4CI4 DENSITY ALT 931FT FST OBS SLP068
CYAW,2025-06-08 16:00,-63.4994,44.6397,CYAW 081600Z 34017G24KT 12SM SCT025 BKN240 18/11 A2977 RMK CU3CI4 DENSITY ALT 906FT SLP081
CYAW,2025-06-08 17:00,-63.4994,44.6397,CYAW 081700Z 34016G23KT 12SM FEW030 SCT240 20/09 A2979 RMK CF1CI3 DENSITY ALT 1067FT SLP088
CYAW,2025-06-08 18:00,-63.4994,44.6397,CYAW 081800Z 36015G23KT 15SM FEW030 FEW240 20/08 A2982 RMK CF1CI2 DENSITY ALT 1047FT SLP097
CYAW,2025-06-08 19:00,-63.4994,44.6397,CYAW 081900Z CCA 33015G24KT 15SM FEW030 FEW240 20/08 A2984 RMK CF1CI2 DENSITY ALT 1005FT LAST OBS /NEXT 091100 UTC SLP105
CYAW,2025-06-09 11:00,-63.4994,44.6397,CYAW 091100Z 04003KT 15SM BKN250 13/09 A3014 RMK CI6 DENSITY ALT -203FT FST OBS SLP207
CYAW,2025-06-09 12:00,-63.4994,44.6397,CYAW 091200Z 08005KT 15SM BKN250 15/07 A3015 RMK CI5 DENSITY ALT 54FT SLP210
CYAW,2025-06-09 13:00,-63.4994,44.6397,CYAW 091300Z 11007KT 15SM OVC250 17/05 A3017 RMK CI8 DENSITY ALT 222FT SLP216
CYAW,2025-06-09 14:00,-63.4994,44.6397,CYAW 091400Z 13009KT 15SM OVC250 18/05 A3017 RMK CI8 DENSITY ALT 353FT SLP218
CYAW,2025-06-09 15:00,-63.4994,44.6397,CYAW 091500Z 12009KT 15SM FEW160 BKN250 18/06 A3016 RMK AC1CI7 DENSITY ALT 427FT SLP213
CYAW,2025-06-09 16:00,-63.4994,44.6397,CYAW 091600Z 13009KT 15SM FEW160 BKN250 18/06 A3016 RMK AC2CI4 DENSITY ALT 426FT SLP213
CYAW,2025-06-09 17:00,-63.4994,44.6397,CYAW 091700Z 12012KT 15SM SCT160 BKN250 18/06 A3017 RMK AC3CI4 DENSITY ALT 391FT SLP216
CYAW,2025-06-09 18:00,-63.4994,44.6397,CYAW 091800Z 13007KT 15SM FEW180 BKN250 18/05 A3016 RMK AC2CI5 DENSITY ALT 384FT SLP215
CYAW,2025-06-09 19:00,-63.4994,44.6397,CYAW 091900Z 15010G16KT 15SM SCT180 OVC250 17/04 A3017 RMK AC3CI5 DENSITY ALT 239FT LAST OBS /NEXT 101100 UTC SLP217
CYAW,2025-06-10 11:00,-63.4994,44.6397,CYAW 101100Z 15007KT 3/4SM BR OVC003 09/09 A3014 RMK SF8 DENSITY ALT -602FT VIS VRB 1/2-1 FST OBS SLP209
CYAW,2025-06-10 11:43,-63.4994,44.6397,CYAW 101143Z 13009KT 3/8SM FG VV002 10/09 A3013 RMK FG8 DENSITY ALT -551FT VIS VRB 1/4-1/2 SLP205
CYAW,2025-06-10 12:00,-63.4994,44.6397,CYAW 101200Z 11008KT 1/2SM FG VV002 10/09 A3013 RMK FG8 DENSITY ALT -551FT VIS VRB 3/8-5/8 SLP205
CYAW,2025-06-10 12:19,-63.4994,44.6397,CYAW 101219Z 12008KT 3/4SM BR OVC003 10/09 A3014 RMK SF8 DENSITY ALT -537FT SLP206
CYAW,2025-06-10 12:41,-63.4994,44.6397,CYAW 101241Z CCA 13010KT 1/2SM FG VV002 10/09 A3014 RMK FG8 DENSITY ALT -524FT VIS VRB 3/8-5/8 SLP206
CYAW,2025-06-10 13:00,-63.4994,44.6397,CYAW 101300Z 12009KT 1/2SM FG VV002 10/09 A3013 RMK FG8 DENSITY ALT -500FT VIS VRB 3/8-5/8 SLP204
CYAW,2025-06-10 13:24,-63.4994,44.6397,CYAW 101324Z 11010KT 3/4SM BR OVC003 11/10 A3013 RMK SF8 DENSITY ALT -437FT VIS LWR N SLP203
CYAW,2025-06-10 13:46,-63.4994,44.6397,CYAW 101346Z 11007KT 1SM BR OVC003 11/10 A3012 RMK SF8 DENSITY ALT -337FT SLP202
CYAW,2025-06-10 14:00,-63.4994,44.6397,CYAW 101400Z 10010KT 3/4SM BR OVC003 11/10 A3013 RMK SF8 DENSITY ALT -400FT VIS VRB 1/2-1 SLP204
CYAW,2025-06-10 15:00,-63.4994,44.6397,CYAW 101500Z 11011KT 3/4SM BR OVC003 11/10 A3012 RMK SF8 DENSITY ALT -338FT VIS VRB 1/2-1 SLP201
CYAW,2025-06-10 15:16,-63.4994,44.6397,CYAW 101516Z 11010G16KT 1SM BR OVC003 11/10 A3011 RMK SF8 DENSITY ALT -313FT VIS VRB 3/4-1 1/2 SLP199
CYAW,2025-06-10 15:27,-63.4994,44.6397,CYAW 101527Z 10012G17KT 3SM BR OVC003 11/10 A3011 RMK SF8 DENSITY ALT -315FT VIS LWR N SLP197
CYAW,2025-06-10 15:42,-63.4994,44.6397,CYAW 101542Z 12012KT 2SM BR OVC005 12/10 A3011 RMK SF8 DENSITY ALT -265FT SLP199
CYAW,2025-06-10 16:00,-63.4994,44.6397,CYAW 101600Z 12010G17KT 1/2SM FG VV002 11/10 A3011 RMK FG8 DENSITY ALT -312FT VIS VRB 3/8-5/8 SLP199
CYAW,2025-06-10 16:21,-63.4994,44.6397,CYAW 101621Z 11013KT 1/4SM FG VV002 11/10 A3011 RMK FG8 DENSITY ALT -373FT SLP197
CYAW,2025-06-10 17:00,-63.4994,44.6397,CYAW 101700Z 12010G17KT 1/4SM FG VV002 11/10 A3010 RMK FG8 DENSITY ALT -375FT SLP195
CYAW,2025-06-10 17:08,-63.4994,44.6397,CYAW 101708Z 12011KT 1/4SM -DZ FG VV002 11/10 A3010 RMK FG8 DENSITY ALT -388FT SLP195
CYAW,2025-06-10 17:26,-63.4994,44.6397,CYAW 101726Z 10012KT 1/4SM -SHRA FG VV002 11/10 A3009 RMK FG8 DENSITY ALT -362FT SLP192
CYAW,2025-06-10 17:48,-63.4994,44.6397,CYAW 101748Z 10008KT 3/4SM -DZ BR OVC004 11/10 A3009 RMK SF8 DENSITY ALT -324FT SLP192
CYAW,2025-06-10 18:00,-63.4994,44.6397,CYAW 101800Z 11009G15KT 1SM -DZ BR OVC003 11/10 A3009 RMK SF8 DENSITY ALT -311FT SLP189
CYAW,2025-06-10 18:47,-63.4994,44.6397,CYAW 101847Z 10011G17KT 3/4SM -DZ BR OVC003 11/10 A3008 RMK SF8 DENSITY ALT -363FT SLP186
CYAW,2025-06-10 19:00,-63.4994,44.6397,CYAW 101900Z CCA 10012KT 3/4SM -DZ BR OVC003 11/10 A3006 RMK SF8 DENSITY ALT -340FT LAST OBS /NEXT 111100 UTC SLP182
CYAW,2025-06-11 11:00,-63.4994,44.6397,CYAW 111100Z 27007KT 10SM OVC005 15/14 A2981 RMK SF8 DENSITY ALT 500FT VIS LWR N FST OBS SLP096
CYAW,2025-06-11 12:00,-63.4994,44.6397,CYAW 111200Z CCA 26011KT 12SM BKN005 OVC012 16/15 A2984 RMK SF6SC2 DENSITY ALT 632FT SLP105
CYAW,2025-06-11 12:42,-63.4994,44.6397,CYAW 111242Z 27012KT 15SM SCT005 BKN012 BKN250 19/16 A2984 RMK SF3SC2CI1 CC ASOCTD DENSITY ALT 931FT SLP104
CYAW,2025-06-11 13:00,-63.4994,44.6397,CYAW 111300Z 27012KT 15SM FEW005 FEW014 SCT250 20/16 A2984 RMK SF1SC1CI2 CC ASOCTD DENSITY ALT 1087FT SLP105
CYAW,2025-06-11 14:00,-63.4994,44.6397,CYAW 111400Z 30011G17KT 15SM FEW024 FEW250 22/16 A2985 RMK CF1CI1 DENSITY ALT 1354FT SLP108
CYAW,2025-06-11 15:00,-63.4994,44.6397,CYAW 111500Z 30014G21KT 15SM FEW025 FEW250 24/12 A2985 RMK CF1CI1 DENSITY ALT 1469FT SLP108
CYAW,2025-06-11 16:00,-63.4994,44.6397,CYAW 111600Z 27013G19KT 15SM FEW030 FEW250 25/12 A2984 RMK CF1CI1 DENSITY ALT 1607FT SLP105
CYAW,2025-06-11 17:00,-63.4994,44.6397,CYAW 111700Z 25014G21KT 15SM FEW040 FEW250 25/14 A2984 RMK CU1CI1 DENSITY ALT 1637FT SLP107
CYAW,2025-06-11 18:00,-63.4994,44.6397,CYAW 111800Z 23014G23KT 15SM FEW040 FEW250 25/13 A2984 RMK CU1CI1 DENSITY ALT 1598FT SLP104
CYAW,2025-06-11 19:00,-63.4994,44.6397,CYAW 111900Z 23012G18KT 15SM FEW040 FEW250 24/13 A2985 RMK CF1CI1 DENSITY ALT 1459FT SLP107
CYAW,2025-06-11 19:42,-63.4994,44.6397,CYAW 111942Z 22012G21KT 15SM FEW040 FEW250 23/13 A2985 RMK CF1CI1 DENSITY ALT 1406FT LAST OBS /NEXT 121100 UTC SLP107
CYAW,2025-06-12 11:00,-63.4994,44.6397,CYAW 121100Z 23006KT 15SM FEW250 16/12 A2985 RMK CI1 DENSITY ALT 584FT FST OBS SLP109
CYAW,2025-06-12 12:00,-63.4994,44.6397,CYAW 121200Z 21005KT 15SM FEW180 FEW250 18/13 A2983 RMK AC1CI1 DENSITY ALT 814FT SLP103
CYAW,2025-06-12 13:00,-63.4994,44.6397,CYAW 121300Z 21006KT 15SM FEW250 20/13 A2982 RMK CI1 DENSITY ALT 1110FT SLP098
CYAW,2025-06-12 14:00,-63.4994,44.6397,CYAW 121400Z 18006KT 15SM FEW140 FEW250 19/12 A2979 RMK AC2CI1 DENSITY ALT 1008FT SLP090
CYAW,2025-06-12 15:00,-63.4994,44.6397,CYAW 121500Z 18008KT 15SM FEW140 BKN250 21/13 A2977 RMK AC1CI4 DENSITY ALT 1259FT SLP081
CYAW,2025-06-12 16:00,-63.4994,44.6397,CYAW 121600Z 21007KT 12SM SCT130 BKN250 22/14 A2975 RMK AC4CI2 DENSITY ALT 1407FT SLP074
CYAW,2025-06-12 17:00,-63.4994,44.6397,CYAW 121700Z 19007KT 12SM FEW035 FEW100 OVC250 21/12 A2972 RMK CU1AC2CI6 DENSITY ALT 1284FT SLP064
CYAW,2025-06-12 18:00,-63.4994,44.6397,CYAW 121800Z 23012G21KT 12SM SCT035 BKN080 BKN250 22/14 A2969 RMK CU3AC2CI2 DENSITY ALT 1511FT SLP054
CYAW,2025-06-12 19:00,-63.4994,44.6397,CYAW 121900Z CCA 23010KT 12SM FEW040 BKN070 23/14 A2969 RMK CU2AC5 DENSITY ALT 1559FT LAST OBS /NEXT 131100 UTC SLP053
CYAW,2025-06-13 11:00,-63.4994,44.6397,CYAW 131100Z CCA 31011KT 15SM FEW250 15/09 A2994 RMK CI1 DENSITY ALT 290FT FST OBS SLP138
CYAW,2025-06-13 12:00,-63.4994,44.6397,CYAW 131200Z 29009KT 15SM SCT250 16/08 A2995 RMK CI3 DENSITY ALT 381FT SLP143
CYAW,2025-06-13 13:00,-63.4994,44.6397,CYAW 131300Z 31012KT 15SM FEW030 SCT060 BKN250 16/08 A2996 RMK CU1SC3CI3 DENSITY ALT 413FT SLP145
CYAW,2025-06-13 14:00,-63.4994,44.6397,CYAW 131400Z 31013G19KT 15SM SCT040 SCT060 BKN250 18/07 A2996 RMK CU3SC1CI3 DENSITY ALT 561FT SLP147
CYAW,2025-06-13 15:00,-63.4994,44.6397,CYAW 131500Z 31014KT 15SM BKN045 BKN055 BKN250 18/07 A2998 RMK CU5SC1CI2 DENSITY ALT 569FT SLP152
CYAW,2025-06-13 16:00,-63.4994,44.6397,CYAW 131600Z 28012G19KT 15SM SCT045 SCT055 OVC250 19/06 A2998 RMK CU4SC1CI4 DENSITY ALT 646FT LAST OBS /NEXT 161000 UTC SLP151
CYAW,2025-06-16 10:00,-63.4994,44.6397,CYAW 161000Z 24004KT 15SM FEW100 FEW250 11/07 A3022 RMK AC2CI1 DENSITY ALT -491FT FST OBS SLP236
CYAW,2025-06-16 11:00,-63.4994,44.6397,CYAW 161100Z 24005KT 15SM FEW100 FEW250 13/06 A3023 RMK AC1CI1 DENSITY ALT -261FT SLP239
CYAW,2025-06-16 12:00,-63.4994,44.6397,CYAW 161200Z 24006KT 15SM FEW100 FEW250 15/05 A3023 RMK AC1CI1 DENSITY ALT -12FT SLP239
CYAW,2025-06-16 13:00,-63.4994,44.6397,CYAW 161300Z 24004KT 15SM FEW100 FEW250 17/06 A3022 RMK AC1CI1 DENSITY ALT 243FT SLP236
CYAW,2025-06-16 14:00,-63.4994,44.6397,CYAW 161400Z 22004KT 15SM FEW250 20/08 A3023 RMK CI1 DENSITY ALT 495FT SLP237
CYAW,2025-06-16 15:00,-63.4994,44.6397,CYAW 161500Z 25009KT 15SM FEW040 21/07 A3022 RMK CF1 DENSITY ALT 671FT SLP234
CYAW,2025-06-16 16:00,-63.4994,44.6397,CYAW 161600Z 20011KT 15SM FEW040 21/08 A3020 RMK CU1 DENSITY ALT 678FT SLP229
CYAW,2025-06-16 17:00,-63.4994,44.6397,CYAW 161700Z 21013KT 15SM FEW040 20/07 A3020 RMK CU1 DENSITY ALT 601FT SLP227
CYAW,2025-06-16 18:00,-63.4994,44.6397,CYAW 161800Z 19009G15KT 15SM FEW040 FEW250 20/06 A3019 RMK CU1CI1 DENSITY ALT 601FT SLP225
CYAW,2025-06-16 19:00,-63.4994,44.6397,CYAW 161900Z CCA 21015G20KT 15SM FEW040 FEW250 20/05 A3020 RMK CU1CI1 DENSITY ALT 526FT LAST OBS /NEXT 171000 UTC SLP227
CYAW,2025-06-17 10:00,-63.4994,44.6397,CYAW 171000Z 22005KT 15SM SCT250 12/08 A3023 RMK CI3 DENSITY ALT -454FT FST OBS SLP238
CYAW,2025-06-17 11:00,-63.4994,44.6397,CYAW 171100Z 23004KT 15SM SCT250 14/08 A3023 RMK CI3 DENSITY ALT -178FT SLP239
CYAW,2025-06-17 12:00,-63.4994,44.6397,CYAW 171200Z 17006KT 15SM SCT250 15/09 A3022 RMK CI3 DENSITY ALT 19FT SLP236
CYAW,2025-06-17 13:00,-63.4994,44.6397,CYAW 171300Z 18006KT 15SM SCT250 16/09 A3022 RMK CI4 DENSITY ALT 91FT SLP233
CYAW,2025-06-17 14:00,-63.4994,44.6397,CYAW 171400Z 18009KT 15SM BKN250 17/09 A3022 RMK CI7 DENSITY ALT 229FT SLP236
CYAW,2025-06-17 15:00,-63.4994,44.6397,CYAW 171500Z 18010G17KT 15SM BKN250 18/07 A3022 RMK CI6 DENSITY ALT 287FT SLP236
CYAW,2025-06-17 16:00,-63.4994,44.6397,CYAW 171600Z 20010KT 15SM BKN250 19/05 A3023 RMK CI6 DENSITY ALT 361FT SLP238
CYAW,2025-06-17 17:00,-63.4994,44.6397,CYAW 171700Z 18008KT 15SM BKN250 19/06 A3023 RMK CI7 DENSITY ALT 415FT SLP238
CYAW,2025-06-17 18:00,-63.4994,44.6397,CYAW 171800Z 18009G15KT 15SM BKN250 18/05 A3021 RMK CI7 DENSITY ALT 352FT SLP231
CYAW,2025-06-17 19:00,-63.4994,44.6397,CYAW 171900Z 19008KT 15SM BKN250 17/08 A3021 RMK CI6 DENSITY ALT 256FT LAST OBS /NEXT 181000 UTC SLP231
CYAW,2025-06-18 10:00,-63.4994,44.6397,CYAW 181000Z CCA 10004KT 1 1/2SM BR BKN002 OVC020 11/11 A3013 RMK SF6SC2 DENSITY ALT -379FT FST OBS SLP204
CYAW,2025-06-18 10:13,-63.4994,44.6397,CYAW 181013Z 12003KT 1/4SM FG VV002 11/11 A3013 RMK FG8 DENSITY ALT -339FT SLP205
CYAW,2025-06-18 11:00,-63.4994,44.6397,CYAW 181100Z 14004KT 1/2SM FG VV002 12/11 A3012 RMK FG8 DENSITY ALT -276FT SLP202
CYAW,2025-06-18 11:18,-63.4994,44.6397,CYAW 181118Z 13004KT 2SM BR OVC003 12/11 A3013 RMK SF8 DENSITY ALT -287FT SLP203
CYAW,2025-06-18 12:00,-63.4994,44.6397,CYAW 181200Z CCA 15005KT 6SM BR OVC003 12/12 A3013 RMK SF8 DENSITY ALT -209FT VIS LWR S SLP203
CYAW,2025-06-18 13:00,-63.4994,44.6397,CYAW 181300Z 15004KT 6SM BR BKN004 OVC021 13/12 A3011 RMK SF7SC1 DENSITY ALT -49FT VIS LWR S QUAD SLP199
CYAW,2025-06-18 13:31,-63.4994,44.6397,CYAW 181331Z 17004KT 8SM SCT005 OVC021 15/13 A3011 RMK SF4SC4 DENSITY ALT 113FT SLP198
CYAW,2025-06-18 14:00,-63.4994,44.6397,CYAW 181400Z 14006KT 10SM FEW005 OVC022 15/13 A3011 RMK SF2SC6 DENSITY ALT 100FT SLP196
CYAW,2025-06-18 15:00,-63.4994,44.6397,CYAW 181500Z 16006KT 10SM FEW005 BKN024 OVC090 15/13 A3011 RMK SF1SC7AC1 DENSITY ALT 161FT SLP196
CYAW,2025-06-18 16:00,-63.4994,44.6397,CYAW 181600Z 16009KT 12SM FEW016 FEW028 BKN093 17/13 A3009 RMK CU1SC2AC5 DENSITY ALT 392FT SLP190
CYAW,2025-06-18 17:00,-63.4994,44.6397,CYAW 181700Z 17009KT 12SM BKN035 BKN110 17/13 A3007 RMK SC5AC2 DENSITY ALT 436FT SLP184
CYAW,2025-06-18 18:00,-63.4994,44.6397,CYAW 181800Z CCA 19006KT 15SM OVC031 16/13 A3006 RMK SC8 DENSITY ALT 324FT SLP179
CYAW,2025-06-18 19:00,-63.4994,44.6397,CYAW 181900Z 18007KT 15SM OVC029 17/12 A3004 RMK SC8 DENSITY ALT 459FT LAST OBS /NEXT 191000 UTC SLP174
CYAW,2025-06-19 10:00,-63.4994,44.6397,CYAW 191000Z 00000KT 0SM FG VV000 15/14 A2993 RMK FG8 DENSITY ALT 327FT FST OBS SLP137
CYAW,2025-06-19 10:20,-63.4994,44.6397,CYAW 191020Z 14003KT 3/8SM FG VV002 15/14 A2993 RMK FG8 DENSITY ALT 325FT SLP136
CYAW,2025-06-19 11:00,-63.4994,44.6397,CYAW 191100Z 14003KT 3/8SM FG VV002 16/15 A2993 RMK FG8 DENSITY ALT 458FT VIS VRB 1/4-1/2 SLP135
CYAW,2025-06-19 11:27,-63.4994,44.6397,CYAW 191127Z 17004KT 3/4SM BR OVC002 15/15 A2993 RMK ST8 DENSITY ALT 433FT VIS VRB 1/2-1 SLP135
CYAW,2025-06-19 12:00,-63.4994,44.6397,CYAW 191200Z 11003KT 1/2SM FG OVC002 15/15 A2993 RMK ST8 DENSITY ALT 431FT VIS VRB 3/8-3/4 SLP135
CYAW,2025-06-19 13:00,-63.4994,44.6397,CYAW 191300Z 17005KT 3/8SM FG VV001 16/15 A2991 RMK FG8 DENSITY ALT 493FT VIS VRB 1/4-1/2 SLP130
CYAW,2025-06-19 13:28,-63.4994,44.6397,CYAW 191328Z 17005KT 1/2SM FG OVC002 16/15 A2991 RMK ST8 DENSITY ALT 503FT VIS VRB 3/8-3/4 SLP130
CYAW,2025-06-19 14:00,-63.4994,44.6397,CYAW 191400Z 17005KT 3/4SM BR OVC002 16/15 A2990 RMK ST8 DENSITY ALT 553FT VIS VRB 1/2-1 SLP126
CYAW,2025-06-19 14:21,-63.4994,44.6397,CYAW 191421Z 17005KT 1 1/2SM BR OVC002 16/15 A2990 RMK ST8 DENSITY ALT 566FT VIS VRB 1-2 SLP125
CYAW,2025-06-19 14:42,-63.4994,44.6397,CYAW 191442Z 16005KT 1/2SM FG VV002 17/16 A2990 RMK FG8 DENSITY ALT 644FT VIS VRB 3/8-5/8 SLP124
CYAW,2025-06-19 15:00,-63.4994,44.6397,CYAW 191500Z 16006KT 3/4SM BR OVC003 17/16 A2989 RMK ST8 DENSITY ALT 721FT VIS VRB 1/2-1 SLP123
CYAW,2025-06-19 15:08,-63.4994,44.6397,CYAW 191508Z 18004KT 3/4SM -DZ BR OVC003 17/16 A2989 RMK ST8 DENSITY ALT 721FT VIS VRB 1/2-1 SLP123
CYAW,2025-06-19 15:27,-63.4994,44.6397,CYAW 191527Z 18003KT 1/2SM FG VV002 17/16 A2989 RMK FG8 DENSITY ALT 707FT VIS VRB 3/8-3/4 SLP122
CYAW,2025-06-19 15:51,-63.4994,44.6397,CYAW 191551Z 17005KT 1SM BR OVC003 18/16 A2988 RMK ST8 DENSITY ALT 784FT VIS VRB 3/4-1 1/4 SLP119
CYAW,2025-06-19 16:00,-63.4994,44.6397,CYAW 191600Z 18003KT 1SM BR OVC003 18/16 A2988 RMK ST8 DENSITY ALT 770FT VIS VRB 3/4-1 1/4 SLP119
CYAW,2025-06-19 16:18,-63.4994,44.6397,CYAW 191618Z 18003KT 3/4SM -DZ BR OVC003 18/16 A2988 RMK ST8 DENSITY ALT 770FT VIS VRB 1/2-1 PCPN VRY LGT SLP119
CYAW,2025-06-19 17:00,-63.4994,44.6397,CYAW 191700Z 18004KT 3/4SM BR OVC005 18/17 A2987 RMK ST8 DENSITY ALT 885FT VIS VRB 1/2-1 SLP114
CYAW,2025-06-19 17:12,-63.4994,44.6397,CYAW 191712Z 18003KT 1 1/2SM BR BKN004 OVC011 18/17 A2986 RMK SF7SC1 DENSITY ALT 882FT VIS VRB 1-2 SLP113
CYAW,2025-06-19 17:46,-63.4994,44.6397,CYAW 191746Z 20004KT 3SM -DZ BR BKN004 OVC011 18/16 A2986 RMK SF7SC1 DENSITY ALT 861FT VIS VRB 2 1/4-4 PCPN VRY LGT SLP111
CYAW,2025-06-19 18:00,-63.4994,44.6397,CYAW 191800Z 17004KT 3SM BR BKN004 OVC011 19/17 A2985 RMK SF7SC1 DENSITY ALT 968FT SLP108
CYAW,2025-06-19 18:43,-63.4994,44.6397,CYAW 191843Z 15005KT 1 1/2SM BR OVC003 18/17 A2984 RMK SF8 DENSITY ALT 908FT VIS VRB 1-2 SLP105
CYAW,2025-06-19 19:00,-63.4994,44.6397,CYAW 191900Z 17006KT 3/4SM BR OVC003 18/17 A2983 RMK ST8 DENSITY ALT 843FT VIS VRB 1/2-1 LAST OBS /NEXT 201000 UTC SLP102
CYAW,2025-06-20 10:00,-63.4994,44.6397,CYAW 201000Z 20008KT 0SM FG VV002 14/13 A2972 RMK FG8 DENSITY ALT 475FT FST OBS SLP065
CYAW,2025-06-20 11:00,-63.4994,44.6397,CYAW 201100Z 20004KT 0SM FG VV000 14/13 A2973 RMK FG8 DENSITY ALT 488FT SLP067
CYAW,2025-06-20 12:00,-63.4994,44.6397,CYAW 201200Z 18005KT 0SM FG VV000 15/14 A2971 RMK FG8 DENSITY ALT 592FT SLP062
CYAW,2025-06-20 13:00,-63.4994,44.6397,CYAW 201300Z 22012KT 1/2SM FG VV001 15/15 A2971 RMK FG8 DENSITY ALT 658FT VIS VRB 3/8-5/8 SLP060
CYAW,2025-06-20 13:11,-63.4994,44.6397,CYAW 201311Z 22009KT 2SM BR OVC002 16/15 A2970 RMK ST8 DENSITY ALT 746FT VIS VRB 1-3 SLP057
CYAW,2025-06-20 13:37,-63.4994,44.6397,CYAW 201337Z 22010G15KT 4SM BR SCT002 OVC004 16/15 A2969 RMK SF3SF5 DENSITY ALT 810FT SLP056
CYAW,2025-06-20 14:00,-63.4994,44.6397,CYAW 201400Z 21009G15KT 5SM BR OVC004 17/15 A2969 RMK SF8 DENSITY ALT 868FT VIS LWR S QUAD SLP054
CYAW,2025-06-20 15:00,-63.4994,44.6397,CYAW 201500Z 21009KT 6SM BR BKN008 BKN012 BKN250 19/16 A2969 RMK SF5SC1CI1 DENSITY ALT 1096FT VIS LWR S QUAD SLP055
CYAW,2025-06-20 15:24,-63.4994,44.6397,CYAW 201524Z 19007KT 10SM SCT008 BKN012 BKN250 20/16 A2968 RMK SF3SC2CI2 DENSITY ALT 1240FT SLP051
CYAW,2025-06-20 15:46,-63.4994,44.6397,CYAW 201546Z 20012KT 15SM FEW008 FEW012 BKN250 19/16 A2967 RMK SF1SC1CI4 DENSITY ALT 1212FT VIS LWR S QUAD SLP047
CYAW,2025-06-20 16:00,-63.4994,44.6397,CYAW 201600Z 19011G17KT 15SM FEW008 FEW120 SCT250 19/16 A2966 RMK SF1AC1CI2 DENSITY ALT 1222FT VIS LWR S SLP046
CYAW,2025-06-20 16:47,-63.4994,44.6397,CYAW 201647Z 20012G19KT 10SM BKN006 BKN120 BKN250 19/16 A2966 RMK SF5AC1CI2 DENSITY ALT 1187FT VIS LWR S QUAD SLP044
CYAW,2025-06-20 17:00,-63.4994,44.6397,CYAW 201700Z 20013G21KT 10SM BKN007 BKN120 BKN250 20/16 A2965 RMK SF5AC1CI2 DENSITY ALT 1261FT VIS LWR S QUAD SLP041
CYAW,2025-06-20 18:00,-63.4994,44.6397,CYAW 201800Z 21011G17KT 8SM BKN004 OVC013 18/16 A2964 RMK SF6SC2 DENSITY ALT 1073FT VIS LWR S QUAD LAST OBS /NEXT 231000 UTC SLP039
CYAW,2025-06-23 10:00,-63.4994,44.6397,CYAW 231000Z 03004KT 1 1/2SM BR OVC004 14/13 A2998 RMK SF8 DENSITY ALT 189FT VIS VRB 1-2 FST OBS SLP152
CYAW,2025-06-23 11:00,-63.4994,44.6397,CYAW 231100Z 02005KT 1 1/2SM BR BKN004 OVC018 15/15 A3000 RMK SF7SC1 DENSITY ALT 348FT SLP160
CYAW,2025-06-23 11:32,-63.4994,44.6397,CYAW 231132Z 03004KT 3SM BR FEW005 BKN021 17/15 A3001 RMK SF2SC5 DENSITY ALT 502FT VIS LWR S QUAD SLP161
CYAW,2025-06-23 12:00,-63.4994,44.6397,CYAW 231200Z 05004KT 4SM BR FEW008 BKN022 BKN250 18/16 A3000 RMK SF1SC5CI1 DENSITY ALT 697FT SLP160
CYAW,2025-06-23 13:00,-63.4994,44.6397,CYAW 231300Z 08004KT 6SM BR FEW008 BKN013 BKN250 21/17 A2999 RMK SF1SC5CI1 DENSITY ALT 1001FT SLP157
CYAW,2025-06-23 14:00,-63.4994,44.6397,CYAW 231400Z CCA 21005KT 8SM VCFG FEW008 BKN013 18/15 A3001 RMK SF1SC7 DENSITY ALT 666FT FG BANK SW QUAD VIS 4 SLP162
CYAW,2025-06-23 15:00,-63.4994,44.6397,CYAW 231500Z 36003KT 9SM FEW008 BKN013 19/16 A3002 RMK SF1SC7 DENSITY ALT 811FT SLP166
CYAW,2025-06-23 16:00,-63.4994,44.6397,CYAW 231600Z 36009KT 10SM FEW008 OVC013 19/16 A3003 RMK SF1SC8 DENSITY ALT 786FT SLP168
CYAW,2025-06-23 17:00,-63.4994,44.6397,CYAW 231700Z 35006KT 10SM FEW008 OVC014 20/16 A3002 RMK SF1SC8 DENSITY ALT 889FT SLP166
CYAW,2025-06-23 18:00,-63.4994,44.6397,CYAW 231800Z 34008KT 10SM OVC014 20/16 A3003 RMK SC8 DENSITY ALT 891FT SLP169
CYAW,2025-06-23 18:36,-63.4994,44.6397,CYAW 231836Z 31004KT 12SM OVC017 20/16 A3003 RMK SC8 DENSITY ALT 925FT SLP168
CYAW,2025-06-23 19:00,-63.4994,44.6397,CYAW 231900Z CCA 33004KT 15SM OVC018 21/16 A3003 RMK SC8 DENSITY ALT 951FT LAST OBS /NEXT 241000 UTC SLP169
CYAW,2025-06-24 10:00,-63.4994,44.6397,CYAW 241000Z 18003KT 4SM BR FEW005 FEW021 FEW120 BKN250 15/12 A2999 RMK SF1SC1AC1CI4 DENSITY ALT 223FT FST OBS SLP156
CYAW,2025-06-24 11:00,-63.4994,44.6397,CYAW 241100Z 20003KT 8SM FEW021 FEW068 BKN250 16/14 A3000 RMK SC1AC2CI4 DENSITY ALT 459FT SLP158
CYAW,2025-06-24 12:00,-63.4994,44.6397,CYAW 241200Z 24009KT 15SM FEW039 BKN250 21/15 A2998 RMK SC2CI5 DENSITY ALT 1086FT SLP152
CYAW,2025-06-24 13:00,-63.4994,44.6397,CYAW 241300Z 24012KT 15SM FEW038 FEW074 BKN250 24/16 A2996 RMK SC1AC1CI5 DENSITY ALT 1365FT SLP146
CYAW,2025-06-24 14:00,-63.4994,44.6397,CYAW 241400Z 25009KT 15SM FEW075 BKN250 24/15 A2996 RMK AC1CI5 DENSITY ALT 1355FT SLP145
CYAW,2025-06-24 15:00,-63.4994,44.6397,CYAW 241500Z 24008KT 15SM BKN250 25/18 A2994 RMK CI5 DENSITY ALT 1536FT SLP139
CYAW,2025-06-24 16:00,-63.4994,44.6397,CYAW 241600Z 21008KT 15SM BKN250 24/17 A2992 RMK CI7 DENSITY ALT 1528FT SLP134
CYAW,2025-06-24 17:00,-63.4994,44.6397,CYAW 241700Z 21006KT 15SM BKN250 26/18 A2990 RMK CI6 DENSITY ALT 1701FT SLP127
CYAW,2025-06-24 18:00,-63.4994,44.6397,CYAW 241800Z 20006KT 15SM FEW028 SCT250 25/18 A2988 RMK CU1CI3 DENSITY ALT 1639FT SLP118
CYAW,2025-06-24 19:00,-63.4994,44.6397,CYAW 241900Z 20005KT 12SM FEW030TCU SCT250 27/19 A2986 RMK TCU1CI2 DENSITY ALT 1882FT LAST OBS /NEXT 251000 UTC SLP112
CYAW,2025-06-25 10:00,-63.4994,44.6397,CYAW 251000Z 33006KT 15SM FEW160 SCT250 24/19 A2984 RMK AC2CI1 DENSITY ALT 1621FT FST OBS SLP104
CYAW,2025-06-25 11:00,-63.4994,44.6397,CYAW 251100Z 33009KT 15SM BKN180 BKN250 26/20 A2985 RMK AC5CI1 DENSITY ALT 1867FT SLP109
CYAW,2025-06-25 12:00,-63.4994,44.6397,CYAW 251200Z 35009KT 15SM BKN170 28/19 A2986 RMK AC6 DENSITY ALT 2012FT SLP112
CYAW,2025-06-25 13:00,-63.4994,44.6397,CYAW 251300Z 36008KT 15SM BKN160 28/17 A2987 RMK AC6 DENSITY ALT 2038FT SLP113
CYAW,2025-06-25 14:00,-63.4994,44.6397,CYAW 251400Z 35012KT 15SM BKN150 28/15 A2987 RMK AC6 DENSITY ALT 1998FT SLP115
CYAW,2025-06-25 15:00,-63.4994,44.6397,CYAW 251500Z 35009KT 15SM SCT150 BKN250 28/16 A2988 RMK AC4CI2 DENSITY ALT 1979FT SLP118
CYAW,2025-06-25 16:00,-63.4994,44.6397,CYAW 251600Z 29009G18KT 15SM BKN150 31/16 A2987 RMK AC6 DENSITY ALT 2292FT SLP115
CYAW,2025-06-25 17:00,-63.4994,44.6397,CYAW 251700Z 30007KT 15SM FEW045 SCT150 BKN250 30/16 A2987 RMK CU1AC4CI1 DENSITY ALT 2237FT SLP113
CYAW,2025-06-25 18:00,-63.4994,44.6397,CYAW 251800Z 30007G15KT 15SM FEW060 BKN150 BKN250 31/14 A2985 RMK CU1AC5CI2 DENSITY ALT 2348FT SLP107
CYAW,2025-06-25 19:00,-63.4994,44.6397,CYAW 251900Z 33010KT 15SM FEW060 SCT150 BKN250 31/15 A2984 RMK CU1AC4CI3 DENSITY ALT 2302FT LAST OBS /NEXT 261000 UTC SLP104
CYAW,2025-06-26 10:00,-63.4994,44.6397,CYAW 261000Z 34010KT 15SM FEW120 FEW250 14/08 A3008 RMK AC1CI1 DENSITY ALT 6FT FST OBS SLP186
CYAW,2025-06-26 11:00,-63.4994,44.6397,CYAW 261100Z 35008KT 15SM FEW120 FEW250 16/09 A3009 RMK AC1CI1 DENSITY ALT 224FT SLP188
CYAW,2025-06-26 12:00,-63.4994,44.6397,CYAW 261200Z 36009KT 15SM FEW036 FEW120 FEW250 17/08 A3009 RMK CF1AC1CI1 DENSITY ALT 406FT SLP190
CYAW,2025-06-26 13:00,-63.4994,44.6397,CYAW 261300Z 02008KT 15SM FEW046 FEW120 FEW250 18/07 A3009 RMK CF1AC1CI1 DENSITY ALT 515FT SLP190
CYAW,2025-06-26 14:00,-63.4994,44.6397,CYAW 261400Z 34009KT 15SM FEW052 FEW180 FEW250 19/07 A3011 RMK CU1AC1CI1 DENSITY ALT 597FT SLP195
CYAW,2025-06-26 15:00,-63.4994,44.6397,CYAW 261500Z 33008KT 15SM FEW052 FEW180 FEW250 20/06 A3009 RMK CF1AC1CI2 DENSITY ALT 683FT SLP190
CYAW,2025-06-26 16:00,-63.4994,44.6397,CYAW 261600Z 36007KT 15SM FEW055 BKN180 BKN250 21/04 A3009 RMK CF1AC5CI2 DENSITY ALT 795FT SLP190
CYAW,2025-06-26 17:00,-63.4994,44.6397,CYAW 261700Z 34013G19KT 15SM FEW050 BKN180 BKN250 20/03 A3008 RMK CF1AC6CI1 DENSITY ALT 729FT SLP186
CYAW,2025-06-26 18:00,-63.4994,44.6397,CYAW 261800Z 34008KT 15SM BKN180 BKN250 20/04 A3009 RMK AC6CI1 DENSITY ALT 623FT SLP189
CYAW,2025-06-26 19:00,-63.4994,44.6397,CYAW 261900Z 33012G18KT 15SM BKN180 OVC250 18/03 A3009 RMK AC6CI2 DENSITY ALT 463FT LAST OBS /NEXT 271000 UTC SLP190
CYAW,2025-06-27 10:00,-63.4994,44.6397,CYAW 271000Z 32010KT 15SM FEW120 13/07 A3017 RMK AC1 DENSITY ALT -192FT FST OBS SLP219
CYAW,2025-06-27 11:00,-63.4994,44.6397,CYAW 271100Z 33012KT 15SM SKC 16/07 A3019 RMK DENSITY ALT 97FT SLP223
CYAW,2025-06-27 12:00,-63.4994,44.6397,CYAW 271200Z 34011KT 15SM FEW250 18/08 A3020 RMK CI1 DENSITY ALT 303FT SLP228
CYAW,2025-06-27 13:00,-63.4994,44.6397,CYAW 271300Z 02009KT 15SM FEW250 19/07 A3020 RMK CI1 DENSITY ALT 499FT SLP228
CYAW,2025-06-27 14:00,-63.4994,44.6397,CYAW 271400Z CCA 32012KT 15SM FEW052 FEW250 20/08 A3021 RMK CF1CI1 DENSITY ALT 622FT LAST OBS /NEXT 291800 UTC SLP231
CYAW,2025-06-29 18:00,-63.4994,44.6397,CYAW 291800Z 13013G19KT 1 1/2SM -DZ BR OVC006 14/13 A3002 RMK SF8 DENSITY ALT 140FT PCPN VRY LGT FST OBS SLP166
CYAW,2025-06-29 19:00,-63.4994,44.6397,CYAW 291900Z 12011G19KT 1 1/2SM -DZ BR OVC006 14/13 A3000 RMK SF8 DENSITY ALT 213FT PCPN VRY LGT SLP160
CYAW,2025-06-29 19:20,-63.4994,44.6397,CYAW 291920Z 13011G18KT 1 1/2SM BR OVC007 15/14 A2999 RMK SF8 DENSITY ALT 251FT SLP157
CYAW,2025-06-29 20:00,-63.4994,44.6397,CYAW 292000Z 12010KT 1 1/2SM BR OVC004 15/14 A2999 RMK ST8 DENSITY ALT 253FT SLP156
CYAW,2025-06-29 20:39,-63.4994,44.6397,CYAW 292039Z 12010G16KT 1 1/2SM BR OVC004 14/14 A2997 RMK ST8 DENSITY ALT 250FT LAST OBS /NEXT 021000 UTC SLP151
CYAW,2025-07-02 10:00,-63.4994,44.6397,CYAW 021000Z 22005KT 0SM FG VV000 16/15 A2973 RMK FG8 DENSITY ALT 703FT FST OBS SLP067
CYAW,2025-07-02 11:00,-63.4994,44.6397,CYAW 021100Z 25004KT 1/4SM FG VV001 16/16 A2973 RMK FG8 DENSITY ALT 754FT SLP068
CYAW,2025-07-02 11:21,-63.4994,44.6397,CYAW 021121Z 26006KT 1/4SM -SHRA FG VV002 16/15 A2974 RMK FG8 DENSITY ALT 730FT SLP071
CYAW,2025-07-02 11:32,-63.4994,44.6397,CYAW 021132Z 26007KT 1/4SM TSRA FG VV002 16/15 A2975 RMK FG8 CB SE MOV NE DENSITY ALT 730FT SLP076
CYAW,2025-07-02 11:40,-63.4994,44.6397,CYAW 021140Z 23009KT 1/2SM TSRA FG OVC002 16/16 A2977 RMK SF8 CB SE MOV NE DENSITY ALT 708FT PRESRR SLP082
CYAW,2025-07-02 11:45,-63.4994,44.6397,CYAW 021145Z 24009G18KT 2SM TSRA BR BKN003 OVC024 16/15 A2977 RMK SF6SC2 CB S MOV NE DENSITY ALT 655FT SLP081
CYAW,2025-07-02 12:00,-63.4994,44.6397,CYAW 021200Z 30008KT 2SM +TSRA BR BKN004 OVC029 15/15 A2975 RMK SF7SC1 CB S MOV NE DENSITY ALT 612FT OCNL LTGIC SLP075
CYAW,2025-07-02 12:14,-63.4994,44.6397,CYAW 021214Z 31009KT 2SM TSRA BR BKN004 OVC034 16/16 A2975 RMK SF5SC3 CB SE MOV NE DENSITY ALT 731FT OCNL LTGIC SLP076
CYAW,2025-07-02 12:25,-63.4994,44.6397,CYAW 021225Z 31007KT 2 1/2SM -SHRA BR SCT003 OVC031 17/17 A2974 RMK SF3SC5 DENSITY ALT 902FT SLP072
CYAW,2025-07-02 12:38,-63.4994,44.6397,CYAW 021238Z 34005KT 8SM -SHRA FEW003 FEW031 OVC070 17/17 A2974 RMK SF1SC2AC6 DENSITY ALT 888FT PCPN VRY LGT SLP070
CYAW,2025-07-02 13:00,-63.4994,44.6397,CYAW 021300Z 32003KT 10SM FEW031 BKN090 18/17 A2973 RMK SC2AC5 DENSITY ALT 979FT SLP069
CYAW,2025-07-02 14:00,-63.4994,44.6397,CYAW 021400Z 23003KT 15SM FEW004 FEW031 BKN095 20/19 A2975 RMK SF1SC1AC6 DENSITY ALT 1250FT SLP076
CYAW,2025-07-02 15:00,-63.4994,44.6397,CYAW 021500Z 26005KT 15SM FEW004 FEW031 BKN090 24/20 A2975 RMK SF1SC1AC5 DENSITY ALT 1681FT SLP075
CYAW,2025-07-02 16:00,-63.4994,44.6397,CYAW 021600Z 24008KT 15SM FEW018 BKN160 BKN250 25/21 A2976 RMK SC1AC6CI1 DENSITY ALT 1852FT SLP076
CYAW,2025-07-02 17:00,-63.4994,44.6397,CYAW 021700Z 22006KT 15SM FEW021 BKN180 BKN250 25/21 A2975 RMK SC1AC6CI1 DENSITY ALT 1805FT SLP074
CYAW,2025-07-02 18:00,-63.4994,44.6397,CYAW 021800Z 19005KT 15SM FEW014 BKN180 BKN250 24/20 A2975 RMK CU1AC6CI1 DENSITY ALT 1666FT SLP074
CYAW,2025-07-02 19:00,-63.4994,44.6397,CYAW 021900Z 22007KT 15SM FEW012 BKN180 BKN250 23/19 A2976 RMK CU1AC7CI1 DENSITY ALT 1552FT SLP077
CYAW,2025-07-02 20:00,-63.4994,44.6397,CYAW 022000Z 20008KT 15SM FEW014 BKN180 BKN250 23/19 A2975 RMK CU1AC7CI1 DENSITY ALT 1606FT LAST OBS /NEXT 031000 UTC SLP074
CYAW,2025-07-03 10:00,-63.4994,44.6397,CYAW 031000Z 00000KT 1/8SM FG VV001 15/15 A2982 RMK FG8 DENSITY ALT 566FT WIND EST FST OBS SLP097
CYAW,2025-07-03 11:00,-63.4994,44.6397,CYAW 031100Z 21005KT 1/8SM FG VV001 16/15 A2982 RMK FG8 DENSITY ALT 584FT SLP098
CYAW,2025-07-03 11:15,-63.4994,44.6397,CYAW 031115Z 20006KT 1/4SM FG OVC002 16/15 A2982 RMK FG3ST5 DENSITY ALT 611FT VIS VRB 1/8-3/8 SLP096
CYAW,2025-07-03 11:35,-63.4994,44.6397,CYAW 031135Z 00000KT 1 1/2SM BR OVC003 16/15 A2982 RMK SF8 DENSITY ALT 623FT SLP096
CYAW,2025-07-03 12:00,-63.4994,44.6397,CYAW 031200Z 27002KT 4SM -SHRA BR BKN003 OVC120 17/16 A2982 RMK SF5AC3 DENSITY ALT 778FT PCPN VRY LGT SLP097
CYAW,2025-07-03 12:18,-63.4994,44.6397,CYAW 031218Z 00000KT 8SM VCFG SCT007 BKN120 OVC250 18/16 A2982 RMK SF3AC3CI2 DENSITY ALT 841FT FG BANK S VIS 4 SLP099
CYAW,2025-07-03 13:00,-63.4994,44.6397,CYAW 031300Z 17002KT 10SM VCFG BKN095 OVC250 19/17 A2982 RMK AC5CI3 DENSITY ALT 1004FT FG BANK S VIS 4 SLP099
CYAW,2025-07-03 14:00,-63.4994,44.6397,CYAW 031400Z 17007KT 12SM VCFG SCT095 BKN250 18/15 A2982 RMK AC3CI4 DENSITY ALT 861FT FG BANK SE VIS 4 SLP100
CYAW,2025-07-03 15:00,-63.4994,44.6397,CYAW 031500Z 17008KT 12SM VCFG FEW013 FEW095 BKN250 21/17 A2981 RMK CF1AC2CI5 DENSITY ALT 1210FT FG BANK SE VIS 4 SLP095
CYAW,2025-07-03 16:00,-63.4994,44.6397,CYAW 031600Z 16007KT 12SM VCFG FEW014 FEW160 BKN250 22/18 A2980 RMK CU1AC1CI5 DENSITY ALT 1339FT FG BANK S QUAD VIS 4 SLP092
CYAW,2025-07-03 17:00,-63.4994,44.6397,CYAW 031700Z 17008KT 12SM VCFG FEW016 FEW160 SCT250 22/18 A2978 RMK CU1AC1CI4 DENSITY ALT 1452FT FG BANK S QUAD VIS 4 SLP084
CYAW,2025-07-03 18:00,-63.4994,44.6397,CYAW 031800Z 17008KT 15SM FEW018 FEW160 FEW250 22/18 A2976 RMK CU1AC1CI1 DENSITY ALT 1480FT SLP079
CYAW,2025-07-03 19:00,-63.4994,44.6397,CYAW 031900Z 17010KT 12SM VCFG FEW016 FEW250 21/18 A2976 RMK CU1CI2 DENSITY ALT 1330FT FG BANK S QUAD VIS 1 SLP078
CYAW,2025-07-03 20:00,-63.4994,44.6397,CYAW 032000Z 18010KT 12SM VCFG FEW013 FEW180 FEW250 23/18 A2976 RMK CU1AC1CI2 DENSITY ALT 1508FT FG BANK S QUAD VIS 4 WIND EST SLP076
CYAW,2025-07-03 20:22,-63.4994,44.6397,CYAW 032022Z 18010KT 12SM VCFG FEW018 FEW180 SCT250 22/18 A2975 RMK SC1AC1CI2 DENSITY ALT 1454FT FG BANK S QUAD VIS 4 WIND EST LAST OBS /NEXT 041000 UTC SLP075
CYAW,2025-07-04 10:00,-63.4994,44.6397,CYAW 041000Z 23004KT 0SM FG VV000 14/14 A2980 RMK FG8 DENSITY ALT 430FT WIND EST FST OBS SLP091
CYAW,2025-07-04 11:00,-63.4994,44.6397,CYAW 041100Z 23004KT 0SM FG VV000 14/14 A2981 RMK FG8 DENSITY ALT 445FT WIND EST SLP094
CYAW,2025-07-04 11:31,-63.4994,44.6397,CYAW 041131Z 23004KT 1/4SM FG VV001 16/15 A2981 RMK FG8 DENSITY ALT 602FT VIS VRB 1/8-3/8 WIND EST SLP095
CYAW,2025-07-04 12:00,-63.4994,44.6397,CYAW 041200Z 23004KT 3/8SM FG VV002 15/15 A2981 RMK FG8 DENSITY ALT 521FT VIS VRB 1/4-1/2 WIND EST SLP096
CYAW,2025-07-04 12:28,-63.4994,44.6397,CYAW 041228Z 00000KT 1SM BR OVC002 16/15 A2981 RMK SF8 DENSITY ALT 624FT WIND EST SLP095
CYAW,2025-07-04 13:00,-63.4994,44.6397,CYAW 041300Z 23004KT 1SM BR OVC002 15/15 A2983 RMK SF8 DENSITY ALT 497FT WIND EST SLP102
CYAW,2025-07-04 13:36,-63.4994,44.6397,CYAW 041336Z 00000KT 4SM BR OVC004 16/15 A2982 RMK SF8 DENSITY ALT 589FT WIND EST SLP099
CYAW,2025-07-04 14:00,-63.4994,44.6397,CYAW 041400Z 00000KT 6SM BR BKN006 BKN010 BKN250 17/16 A2983 RMK SF5SC1CI1 DENSITY ALT 694FT WIND EST SLP101
CYAW,2025-07-04 14:22,-63.4994,44.6397,CYAW 041422Z 00000KT 8SM FEW006 FEW010 SCT250 19/17 A2983 RMK SF1SC2CI2 DENSITY ALT 951FT WIND EST SLP101
CYAW,2025-07-04 15:00,-63.4994,44.6397,CYAW 041500Z 18004KT 8SM FEW006 SCT014 SCT250 20/17 A2983 RMK SF1SC4CI1 DENSITY ALT 1156FT SLP102
CYAW,2025-07-04 16:00,-63.4994,44.6397,CYAW 041600Z 19006KT 10SM SCT026 SCT160 SCT250 22/17 A2983 RMK SC3AC1CI1 CU ASOCTD DENSITY ALT 1357FT SLP103
CYAW,2025-07-04 17:00,-63.4994,44.6397,CYAW 041700Z 19007KT 10SM FEW021 FEW160 FEW250 23/18 A2984 RMK SC2AC1CI1 CU ASOCTD DENSITY ALT 1464FT SLP104
CYAW,2025-07-04 18:00,-63.4994,44.6397,CYAW 041800Z 22010KT 10SM FEW031 FEW250 25/17 A2984 RMK SC2CI1 CU ASOCTD DENSITY ALT 1689FT SLP103
CYAW,2025-07-04 19:00,-63.4994,44.6397,CYAW 041900Z 23011KT 10SM SCT034 SCT250 25/16 A2984 RMK SC3CI1 CU ASOCTD DENSITY ALT 1669FT LAST OBS /NEXT 071000 UTC SLP106
CYAW,2025-07-07 10:00,-63.4994,44.6397,CYAW 071000Z 21006KT 8SM SCT120 BKN250 16/14 A2996 RMK AC4CI1 DENSITY ALT 478FT FST OBS SLP147
CYAW,2025-07-07 11:00,-63.4994,44.6397,CYAW 071100Z 27005KT 10SM FEW080 BKN120 BKN250 18/15 A2999 RMK AC2AC3CI1 DENSITY ALT 690FT SLP155
CYAW,2025-07-07 12:00,-63.4994,44.6397,CYAW 071200Z 28005KT 10SM SCT080 SCT120 SCT250 20/16 A2999 RMK AC3AC1CI1 DENSITY ALT 940FT SLP157
CYAW,2025-07-07 13:00,-63.4994,44.6397,CYAW 071300Z 21004KT 10SM SCT090 SCT140 21/16 A2999 RMK AC3AC1 DENSITY ALT 1012FT SLP156
CYAW,2025-07-07 14:00,-63.4994,44.6397,CYAW 071400Z 20005KT 10SM FEW090 21/15 A2999 RMK AC2 DENSITY ALT 982FT VIS LWR S QUAD SLP155
CYAW,2025-07-07 15:00,-63.4994,44.6397,CYAW 071500Z 16005KT 12SM FEW020 BKN250 23/16 A2999 RMK CU1CI7 DENSITY ALT 1239FT SLP157
CYAW,2025-07-07 16:00,-63.4994,44.6397,CYAW 071600Z 17006KT 12SM FEW020 FEW090 BKN250 23/17 A2999 RMK CU1AC1CI7 DENSITY ALT 1291FT SLP156
CYAW,2025-07-07 17:00,-63.4994,44.6397,CYAW 071700Z 16010KT 15SM FEW020 BKN250 23/17 A2998 RMK CU1CI6 DENSITY ALT 1237FT SLP154
CYAW,2025-07-07 18:00,-63.4994,44.6397,CYAW 071800Z 19007KT 15SM FEW028 BKN250 24/18 A2998 RMK CU1CI6 DENSITY ALT 1440FT SLP152
CYAW,2025-07-07 19:00,-63.4994,44.6397,CYAW 071900Z 20009KT 15SM FEW024 BKN250 24/18 A2997 RMK CU1CI5 DENSITY ALT 1396FT LAST OBS /NEXT 081000 UTC SLP150
CYAW,2025-07-08 10:00,-63.4994,44.6397,CYAW 081000Z 22005KT 1 1/2SM -SHRA BR OVC003 18/17 A2996 RMK ST8 DENSITY ALT 715FT PCPN VRY LGT FST OBS SLP147
CYAW,2025-07-08 11:00,-63.4994,44.6397,CYAW 081100Z 22005KT 1 1/2SM -SHRA BR OVC003 18/17 A2996 RMK ST8 DENSITY ALT 766FT VIS VRB 1-2 PCPN VRY LGT SLP145
CYAW,2025-07-08 11:47,-63.4994,44.6397,CYAW 081147Z 21004KT 1 1/2SM BR OVC003 19/18 A2996 RMK ST8 DENSITY ALT 820FT SLP145
CYAW,2025-07-08 11:49,-63.4994,44.6397,CYAW 081149Z 20003KT 1 1/2SM -SHRA BR OVC003 19/18 A2996 RMK ST8 DENSITY ALT 833FT SLP145
CYAW,2025-07-08 12:00,-63.4994,44.6397,CYAW 081200Z 22004KT 1 1/2SM -SHRA BR BKN003 OVC012 19/18 A2996 RMK SF7SC1 DENSITY ALT 858FT VIS VRB 1-2 PCPN VRY LGT SLP147
CYAW,2025-07-08 12:20,-63.4994,44.6397,CYAW 081220Z 22005KT 2SM BR BKN003 OVC012 19/18 A2996 RMK SF7SC1 DENSITY ALT 885FT VIS VRB 1 1/2-2 1/2 VIS LWR S QUAD SLP147
CYAW,2025-07-08 13:00,-63.4994,44.6397,CYAW 081300Z 21005KT 3SM BR BKN004 OVC012 20/19 A2996 RMK SF7SC1 DENSITY ALT 1013FT VIS LWR S QUAD SLP145
CYAW,2025-07-08 14:00,-63.4994,44.6397,CYAW 081400Z 20006KT 8SM SCT005 BKN013 BKN140 22/20 A2995 RMK SF4SC1AC2 DENSITY ALT 1223FT SLP143
CYAW,2025-07-08 15:00,-63.4994,44.6397,CYAW 081500Z 22007KT 10SM FEW003 BKN019 BKN140 23/20 A2995 RMK SF2SC3AC2 DENSITY ALT 1376FT SLP144
CYAW,2025-07-08 16:00,-63.4994,44.6397,CYAW 081600Z 20005KT 10SM FEW019 BKN050 BKN120 22/20 A2995 RMK SC2SC4AC1 DENSITY ALT 1305FT SLP143
CYAW,2025-07-08 17:00,-63.4994,44.6397,CYAW 081700Z 23007KT 8SM -SHRA FEW007 SCT019 OVC050 21/19 A2995 RMK SF1SC3SC5 DENSITY ALT 1138FT VIS LWR S SLP144
CYAW,2025-07-08 17:25,-63.4994,44.6397,CYAW 081725Z 24004KT 3SM -SHRA BR SCT004 BKN020 OVC050 21/20 A2995 RMK SF4SC2SC2 DENSITY ALT 1155FT SLP141
CYAW,2025-07-08 18:00,-63.4994,44.6397,CYAW 081800Z CCA 25005KT 6SM -TSRA BR FEW004 BKN021 OVC080 21/20 A2994 RMK SF2SC5AC1 DENSITY ALT 1222FT VIS LWR N CB EMBD 2SM N MOV E OCNL LTGIC SLP140
CYAW,2025-07-08 18:28,-63.4994,44.6397,CYAW 081828Z 30004KT 4SM -SHRA BR FEW004 BKN025 OVC080 22/21 A2994 RMK SF1SC6AC1 DENSITY ALT 1291FT SLP139
CYAW,2025-07-08 18:35,-63.4994,44.6397,CYAW 081835Z 33003KT 2 1/2SM SHRA BR FEW004 BKN025 OVC080 22/21 A2994 RMK SF1SC6AC1 DENSITY ALT 1293FT SLP138
CYAW,2025-07-08 18:51,-63.4994,44.6397,CYAW 081851Z 31004KT 2 1/2SM -SHRA BR SCT007 OVC022 22/21 A2994 RMK SF3SC5 DENSITY ALT 1318FT SLP139
CYAW,2025-07-08 19:00,-63.4994,44.6397,CYAW 081900Z 27005KT 3SM -SHRA BR SCT007 OVC022 22/21 A2994 RMK SF3SC5 DENSITY ALT 1345FT LAST OBS /NEXT 091000 UTC SLP140
CYAW,2025-07-09 10:00,-63.4994,44.6397,CYAW 091000Z 03006KT 10SM BKN036 BKN062 16/13 A3002 RMK SC5SC2 DENSITY ALT 399FT FST OBS SLP165
CYAW,2025-07-09 11:00,-63.4994,44.6397,CYAW 091100Z 03006KT 12SM SCT040 BKN066 17/14 A3003 RMK SC3AC4 DENSITY ALT 514FT SLP168
CYAW,2025-07-09 12:00,-63.4994,44.6397,CYAW 091200Z 03005KT 12SM SCT013 BKN060 BKN090 18/14 A3003 RMK SC4SC2AC1 DENSITY ALT 654FT SLP170
CYAW,2025-07-09 13:00,-63.4994,44.6397,CYAW 091300Z 09002KT 15SM FEW013 FEW090 BKN250 19/15 A3003 RMK SC1AC1CI5 DENSITY ALT 796FT SLP171
CYAW,2025-07-09 14:00,-63.4994,44.6397,CYAW 091400Z 18005KT 15SM FEW016 SCT120 BKN250 18/15 A3004 RMK SC1AC2CI3 DENSITY ALT 665FT SLP174
CYAW,2025-07-09 15:00,-63.4994,44.6397,CYAW 091500Z 21006KT 15SM FEW016 SCT120 BKN250 20/16 A3004 RMK SC1AC4CI3 DENSITY ALT 846FT SLP173
CYAW,2025-07-09 16:00,-63.4994,44.6397,CYAW 091600Z 20006KT 15SM FEW016 SCT120 BKN250 20/16 A3004 RMK CU1AC3CI2 DENSITY ALT 913FT SLP173
CYAW,2025-07-09 17:00,-63.4994,44.6397,CYAW 091700Z 17005KT 15SM FEW024 FEW120 FEW250 22/15 A3003 RMK CU1AC1CI2 DENSITY ALT 1083FT SLP170
CYAW,2025-07-09 18:00,-63.4994,44.6397,CYAW 091800Z CCA 20006KT 15SM FEW020 FEW120 SCT250 21/15 A3002 RMK CF1AC1CI2 DENSITY ALT 962FT SLP167
CYAW,2025-07-09 19:00,-63.4994,44.6397,CYAW 091900Z 17006KT 15SM FEW024 FEW120 BKN250 20/13 A3002 RMK CF1AC1CI6 DENSITY ALT 892FT LAST OBS /NEXT 101000 UTC SLP166
CYAW,2025-07-10 10:00,-63.4994,44.6397,CYAW 101000Z 16002KT 10SM FEW100 BKN180 16/14 A3007 RMK AC1AC7 DENSITY ALT 294FT FST OBS SLP184
CYAW,2025-07-10 11:00,-63.4994,44.6397,CYAW 101100Z 07003KT 10SM BKN170 OVC250 17/14 A3008 RMK AC6CI2 DENSITY ALT 399FT SLP186
CYAW,2025-07-10 12:00,-63.4994,44.6397,CYAW 101200Z 11003KT 10SM BKN170 OVC250 18/14 A3009 RMK AC6CI2 DENSITY ALT 592FT SLP190
CYAW,2025-07-10 13:00,-63.4994,44.6397,CYAW 101300Z 11003KT 10SM FEW060 BKN120 OVC250 18/13 A3009 RMK SC1AC4CI3 DENSITY ALT 562FT SLP191
CYAW,2025-07-10 14:00,-63.4994,44.6397,CYAW 101400Z 05005KT 12SM FEW060 BKN130 OVC250 19/11 A3009 RMK SC1AC6CI2 DENSITY ALT 665FT SLP191
CYAW,2025-07-10 14:41,-63.4994,44.6397,CYAW 101441Z 11006KT 15SM -SHRA FEW060 BKN140 OVC250 20/12 A3010 RMK SC1AC5CI3 DENSITY ALT 699FT PCPN VRY LGT SLP192
CYAW,2025-07-10 15:00,-63.4994,44.6397,CYAW 101500Z 12006KT 15SM FEW060 SCT140 OVC250 19/12 A3011 RMK SC1AC3CI5 DENSITY ALT 624FT SLP195
CYAW,2025-07-10 15:18,-63.4994,44.6397,CYAW 101518Z 09006KT 15SM -SHRA FEW060 SCT130 OVC250 19/11 A3011 RMK SC1AC4CI4 DENSITY ALT 572FT PCPN VRY LGT SLP198
CYAW,2025-07-10 16:00,-63.4994,44.6397,CYAW 101600Z 15004KT 15SM -SHRA BKN120 OVC250 19/11 A3012 RMK AC5CI3 DENSITY ALT 584FT SLP199
CYAW,2025-07-10 16:44,-63.4994,44.6397,CYAW 101644Z 13006KT 15SM BKN120 OVC250 20/09 A3012 RMK AC5CI3 DENSITY ALT 654FT SLP199
CYAW,2025-07-10 17:00,-63.4994,44.6397,CYAW 101700Z 11006KT 15SM FEW036 BKN120 OVC250 20/10 A3012 RMK CU1AC5CI3 DENSITY ALT 646FT SLP199
CYAW,2025-07-10 18:00,-63.4994,44.6397,CYAW 101800Z 14007KT 15SM BKN120 OVC250 20/10 A3011 RMK AC6CI2 DENSITY ALT 648FT SLP198
CYAW,2025-07-10 19:00,-63.4994,44.6397,CYAW 101900Z 13005KT 15SM BKN110 OVC250 17/11 A3012 RMK AC7CI1 DENSITY ALT 388FT LAST OBS /NEXT 111000 UTC SLP199
CYAW,2025-07-11 10:00,-63.4994,44.6397,CYAW 111000Z 10009G16KT 5SM -SHRA BR OVC007 14/13 A3005 RMK SF8 DENSITY ALT 144FT FST OBS SLP176
CYAW,2025-07-11 10:27,-63.4994,44.6397,CYAW 111027Z 09008KT 2 1/2SM -SHRA BR OVC005 14/13 A3005 RMK SF8 DENSITY ALT 144FT SLP175
CYAW,2025-07-11 11:00,-63.4994,44.6397,CYAW 111100Z 10008G17KT 1 1/2SM -SHRA BR OVC003 14/14 A3004 RMK SF8 DENSITY ALT 145FT VIS VRB 1-2 SLP174
CYAW,2025-07-11 11:22,-63.4994,44.6397,CYAW 111122Z 09007G15KT 1 1/2SM SHRA BR OVC003 14/14 A3005 RMK SF8 DENSITY ALT 160FT SLP177
CYAW,2025-07-11 11:36,-63.4994,44.6397,CYAW 111136Z 08008KT 1 1/2SM -SHRA BR OVC003 14/14 A3004 RMK SF8 DENSITY ALT 173FT SLP174
CYAW,2025-07-11 12:00,-63.4994,44.6397,CYAW 111200Z 10008KT 3SM -SHRA BR BKN005 OVC016 15/14 A3005 RMK SF6SC2 DENSITY ALT 210FT PCPN VRY LGT SLP176
CYAW,2025-07-11 12:14,-63.4994,44.6397,CYAW 111214Z 08008KT 4SM BR BKN005 OVC016 15/14 A3005 RMK SF6SC2 DENSITY ALT 235FT SLP175
CYAW,2025-07-11 13:00,-63.4994,44.6397,CYAW 111300Z 08008KT 4SM -SHRA BR BKN004 OVC016 15/14 A3005 RMK SF7SC1 DENSITY ALT 277FT PCPN VRY LGT SLP176
CYAW,2025-07-11 13:19,-63.4994,44.6397,CYAW 111319Z 09008KT 3SM -DZ BR BKN003 OVC016 15/14 A3005 RMK SF7SC1 DENSITY ALT 277FT SLP177
CYAW,2025-07-11 13:38,-63.4994,44.6397,CYAW 111338Z 08007KT 5SM BR BKN007 OVC013 16/15 A3005 RMK SF7SC1 DENSITY ALT 350FT SLP177
CYAW,2025-07-11 14:00,-63.4994,44.6397,CYAW 111400Z 10006KT 10SM BKN008 OVC010 16/15 A3006 RMK SF7SC1 DENSITY ALT 351FT SLP178
CYAW,2025-07-11 14:33,-63.4994,44.6397,CYAW 111433Z 09007KT 10SM -SHRA BKN007 OVC012 16/14 A3006 RMK SF7SC1 DENSITY ALT 323FT SLP180
CYAW,2025-07-11 15:00,-63.4994,44.6397,CYAW 111500Z 09009KT 10SM -DZ BKN008 OVC012 16/14 A3006 RMK SF7SC1 DENSITY ALT 324FT SLP178
CYAW,2025-07-11 15:42,-63.4994,44.6397,CYAW 111542Z 07010G15KT 050V110 10SM BKN007 OVC012 18/15 A3004 RMK SF7SC1 DENSITY ALT 558FT SLP174
CYAW,2025-07-11 16:00,-63.4994,44.6397,CYAW 111600Z 10009G15KT 050V120 10SM OVC008 17/14 A3005 RMK SF8 DENSITY ALT 442FT SLP176
CYAW,2025-07-11 16:52,-63.4994,44.6397,CYAW 111652Z 11008KT 080V140 8SM -DZ OVC008 16/15 A3005 RMK SF8 DENSITY ALT 373FT SLP175
CYAW,2025-07-11 17:00,-63.4994,44.6397,CYAW 111700Z 10010KT 080V140 8SM -DZ OVC008 16/14 A3005 RMK SF8 DENSITY ALT 358FT SLP175
CYAW,2025-07-11 17:51,-63.4994,44.6397,CYAW 111751Z 10008KT 060V140 8SM -DZ BKN008 OVC013 17/15 A3004 RMK SF7SC1 DENSITY ALT 468FT SLP174
CYAW,2025-07-11 18:00,-63.4994,44.6397,CYAW 111800Z 11007KT 060V130 8SM BKN008 OVC012 17/15 A3004 RMK SF6SC2 DENSITY ALT 505FT SLP173
CYAW,2025-07-11 18:39,-63.4994,44.6397,CYAW 111839Z 12007KT 8SM -DZ BKN008 OVC012 17/15 A3003 RMK SF6SC2 DENSITY ALT 506FT VIS LWR N SLP171
CYAW,2025-07-11 19:00,-63.4994,44.6397,CYAW 111900Z 07005KT 040V140 8SM -DZ BKN008 OVC012 17/15 A3004 RMK SF5SC3 DENSITY ALT 509FT LAST OBS /NEXT 131500 UTC SLP174
CYAW,2025-07-13 15:00,-63.4994,44.6397,CYAW 131500Z 18006KT 130V240 15SM FEW020 SCT250 23/17 A3018 RMK CU1CI4 DENSITY ALT 1046FT FST OBS SLP221
CYAW,2025-07-13 16:00,-63.4994,44.6397,CYAW 131600Z 25008KT 200V280 15SM FEW032 BKN250 24/16 A3018 RMK CU1CI6 DENSITY ALT 1204FT SLP221
CYAW,2025-07-13 17:00,-63.4994,44.6397,CYAW 131700Z 23010KT 210V270 15SM FEW036 BKN250 25/15 A3018 RMK CU1CI6 DENSITY ALT 1225FT SLP219
CYAW,2025-07-13 18:00,-63.4994,44.6397,CYAW 131800Z 19007KT 160V220 15SM FEW028 BKN250 23/16 A3016 RMK CU1CI7 DENSITY ALT 1075FT SLP215
CYAW,2025-07-13 19:00,-63.4994,44.6397,CYAW 131900Z CCA 19007KT 15SM FEW024 OVC250 23/16 A3016 RMK CU1CI8 DENSITY ALT 1013FT LAST OBS /NEXT 151000 UTC SLP215
CYAW,2025-07-15 10:00,-63.4994,44.6397,CYAW 151000Z 23003KT 210V270 8SM VCFG FEW003 SCT190 SCT250 17/17 A3004 RMK SF1AC3CI1 DENSITY ALT 531FT FG BANK S VIS 4 FST OBS SLP174
CYAW,2025-07-15 11:00,-63.4994,44.6397,CYAW 151100Z 24005KT 8SM VCFG FEW005 BKN025 BKN190 18/17 A3005 RMK SF1SC4AC2 DENSITY ALT 638FT FG BANK SE QUAD VIS 4 SLP177
CYAW,2025-07-15 12:00,-63.4994,44.6397,CYAW 151200Z 25006KT 220V280 15SM FEW005 BKN020 OVC190 20/17 A3004 RMK SF1SC7AC1 DENSITY ALT 874FT SLP174
CYAW,2025-07-15 13:00,-63.4994,44.6397,CYAW 151300Z 24006KT 15SM FEW005 BKN019 OVC190 20/18 A3004 RMK SF1SC7AC1 DENSITY ALT 933FT SLP172
CYAW,2025-07-15 14:00,-63.4994,44.6397,CYAW 151400Z 25006KT 15SM SCT020 BKN036 BKN190 21/18 A3003 RMK SC4SC3AC1 DENSITY ALT 1052FT SLP168
CYAW,2025-07-15 15:00,-63.4994,44.6397,CYAW 151500Z 22005KT 170V250 15SM FEW016 BKN024 BKN160 23/18 A3002 RMK SC2SC3AC2 DENSITY ALT 1234FT SLP168
CYAW,2025-07-15 16:00,-63.4994,44.6397,CYAW 151600Z 25009KT 15SM SCT021 SCT160 OVC250 23/19 A3001 RMK SC3AC1CI4 CC ASOCTD DENSITY ALT 1286FT SLP162
CYAW,2025-07-15 17:00,-63.4994,44.6397,CYAW 151700Z 25009KT 15SM SCT018 SCT160 BKN250 26/20 A2999 RMK SC3AC1CI4 DENSITY ALT 1641FT SLP155
CYAW,2025-07-15 18:00,-63.4994,44.6397,CYAW 151800Z 23008KT 210V280 15SM FEW018 FEW120 OVC250 25/20 A2998 RMK SC2AC1CI6 DENSITY ALT 1612FT SLP151
CYAW,2025-07-15 19:00,-63.4994,44.6397,CYAW 151900Z 24009KT 15SM FEW019 BKN250 25/20 A2998 RMK CU1CI6 DENSITY ALT 1527FT LAST OBS /NEXT 161000 UTC SLP152
CYAW,2025-07-16 10:00,-63.4994,44.6397,CYAW 161000Z 17003KT 10SM SCT250 19/17 A3003 RMK CI3 DENSITY ALT 743FT FST OBS SLP168
CYAW,2025-07-16 11:00,-63.4994,44.6397,CYAW 161100Z 00000KT 12SM FEW010 SCT250 20/18 A3004 RMK SF1CI3 DENSITY ALT 933FT VIS LWR S SLP172
CYAW,2025-07-16 12:00,-63.4994,44.6397,CYAW 161200Z CCA 21002KT 12SM FEW008 SCT250 22/18 A3003 RMK SF1CI4 DENSITY ALT 1133FT VIS LWR S SLP171
CYAW,2025-07-16 13:00,-63.4994,44.6397,CYAW 161300Z 18005KT 150V210 15SM FEW008 SCT250 23/19 A3003 RMK SF1CI3 DENSITY ALT 1287FT VIS LWR SE QUAD SLP170
CYAW,2025-07-16 14:00,-63.4994,44.6397,CYAW 161400Z 17007KT 150V210 15SM FEW008 SCT250 24/20 A3003 RMK SF1CI4 DENSITY ALT 1428FT SLP168
CYAW,2025-07-16 15:00,-63.4994,44.6397,CYAW 161500Z 19006KT 15SM FEW008 FEW020 SCT250 26/20 A3002 RMK SF1CU1CI3 DENSITY ALT 1628FT SLP167
CYAW,2025-07-16 16:00,-63.4994,44.6397,CYAW 161600Z 18006KT 160V230 15SM FEW008 FEW028 FEW250 28/20 A3002 RMK SF1CU1CI2 DENSITY ALT 1826FT SLP165
CYAW,2025-07-16 17:00,-63.4994,44.6397,CYAW 161700Z 21010KT 180V240 15SM FEW008 FEW036 FEW250 30/20 A3001 RMK SF1SC1CI1 CU ASOCTD DENSITY ALT 2063FT SLP162
CYAW,2025-07-16 18:00,-63.4994,44.6397,CYAW 161800Z 22010G15KT 15SM FEW008 FEW038 FEW250 29/20 A3001 RMK SF1SC1CI1 DENSITY ALT 2017FT SLP162
CYAW,2025-07-16 19:00,-63.4994,44.6397,CYAW 161900Z 17007KT 15SM FEW008 FEW034 FEW250 28/20 A3001 RMK SF1SC1CI1 DENSITY ALT 1908FT LAST OBS /NEXT 171000 UTC SLP162
CYAW,2025-07-17 10:00,-63.4994,44.6397,CYAW 171000Z 17004KT 1 1/2SM BR OVC002 18/18 A2999 RMK ST8 DENSITY ALT 749FT VIS VRB 1-2 FST OBS SLP158
CYAW,2025-07-17 10:35,-63.4994,44.6397,CYAW 171035Z 20004KT 1/2SM FG OVC001 18/18 A2999 RMK ST8 DENSITY ALT 710FT VIS VRB 3/8-3/4 SLP158
CYAW,2025-07-17 11:00,-63.4994,44.6397,CYAW 171100Z 20003KT 170V230 1/2SM FG VV001 18/17 A3000 RMK FG8 DENSITY ALT 697FT VIS VRB 3/8-3/4 SLP161
CYAW,2025-07-17 12:00,-63.4994,44.6397,CYAW 171200Z 17005KT 1/2SM FG OVC002 18/18 A3000 RMK ST8 DENSITY ALT 750FT SLP160
CYAW,2025-07-17 12:21,-63.4994,44.6397,CYAW 171221Z 18003KT 150V210 5SM BR BKN002 OVC010 19/18 A3000 RMK ST7ST1 DENSITY ALT 779FT VIS LWR N SLP159
CYAW,2025-07-17 12:40,-63.4994,44.6397,CYAW 171240Z 17005KT 5SM -DZ BR BKN004 OVC010 19/18 A3000 RMK ST7ST1 DENSITY ALT 776FT PCPN VRY LGT SLP159
CYAW,2025-07-17 13:00,-63.4994,44.6397,CYAW 171300Z 17007KT 4SM BR SCT002 OVC004 18/18 A2999 RMK SF3ST5 DENSITY ALT 764FT VIS LWR E-SW SLP157
CYAW,2025-07-17 14:00,-63.4994,44.6397,CYAW 171400Z 17006KT 150V230 10SM SCT004 BKN019 20/19 A2999 RMK SF4SC3 DENSITY ALT 1000FT VIS LWR SE QUAD SLP156
CYAW,2025-07-17 15:00,-63.4994,44.6397,CYAW 171500Z 17007KT 10SM SCT004 OVC014 21/19 A2997 RMK SF3SC5 DENSITY ALT 1103FT VIS LWR SE QUAD SLP151
CYAW,2025-07-17 15:32,-63.4994,44.6397,CYAW 171532Z 17008KT 10SM FEW004 OVC017 21/19 A2997 RMK SF1SC7 DENSITY ALT 1141FT VIS LWR SE QUAD SLP149
CYAW,2025-07-17 16:00,-63.4994,44.6397,CYAW 171600Z 18007KT 150V210 10SM FEW004 BKN021 23/19 A2997 RMK SF1SC7 DENSITY ALT 1297FT VIS LWR SE QUAD SLP149
CYAW,2025-07-17 16:47,-63.4994,44.6397,CYAW 171647Z 19007KT 10SM BKN008 OVC020 22/20 A2997 RMK SF5SC3 DENSITY ALT 1269FT VIS LWR SE QUAD SLP148
CYAW,2025-07-17 17:00,-63.4994,44.6397,CYAW 171700Z 19007KT 10SM BKN006 OVC020 23/20 A2996 RMK SF5SC3 DENSITY ALT 1319FT VIS LWR SE QUAD SLP146
CYAW,2025-07-17 18:00,-63.4994,44.6397,CYAW 171800Z 19005KT 150V220 10SM BKN007 OVC011 23/20 A2994 RMK SF6SC2 DENSITY ALT 1370FT VIS LWR S QUAD SLP139
CYAW,2025-07-17 19:00,-63.4994,44.6397,CYAW 171900Z 20008KT 10SM SCT007 BKN013 24/20 A2993 RMK SF4SC3 DENSITY ALT 1500FT VIS LWR S LAST OBS /NEXT 181000 UTC SLP134
CYAW,2025-07-18 10:00,-63.4994,44.6397,CYAW 181000Z 20006KT 0SM -DZ FG VV001 19/19 A2971 RMK FG8 DENSITY ALT 1190FT FST OBS SLP061
CYAW,2025-07-18 10:40,-63.4994,44.6397,CYAW 181040Z 20008G15KT 1/4SM -DZ FG VV001 19/19 A2971 RMK FG8 DENSITY ALT 1190FT VIS VRB 1/8-3/8 SLP060
CYAW,2025-07-18 11:00,-63.4994,44.6397,CYAW 181100Z 21007KT 1/2SM -DZ FG VV001 19/19 A2971 RMK FG8 DENSITY ALT 1189FT VIS VRB 3/8-3/4 SLP061
CYAW,2025-07-18 12:00,-63.4994,44.6397,CYAW 181200Z 21008KT 1/4SM FG VV001 19/18 A2971 RMK FG8 DENSITY ALT 1124FT VIS VRB 1/8-3/8 SLP060
CYAW,2025-07-18 12:47,-63.4994,44.6397,CYAW 181247Z 21006KT 170V240 1/8SM -DZ FG VV000 19/18 A2971 RMK FG8 DENSITY ALT 1124FT VIS VRB 0-1/4 SLP061
CYAW,2025-07-18 13:00,-63.4994,44.6397,CYAW 181300Z 20005KT 1/8SM -DZ FG VV000 19/18 A2971 RMK FG8 DENSITY ALT 1124FT VIS VRB 0-1/4 SLP061
CYAW,2025-07-18 13:47,-63.4994,44.6397,CYAW 181347Z 21006KT 1/4SM FG VV001 19/18 A2972 RMK FG8 DENSITY ALT 1087FT SLP063
CYAW,2025-07-18 14:00,-63.4994,44.6397,CYAW 181400Z 22006KT 3/8SM FG VV001 19/18 A2972 RMK FG8 DENSITY ALT 1085FT VIS VRB 1/4-1/2 SLP065
CYAW,2025-07-18 14:32,-63.4994,44.6397,CYAW 181432Z 24008KT 210V280 1SM BR OVC002 19/18 A2973 RMK ST8 DENSITY ALT 1141FT VIS VRB 3/4-1 1/4 SLP066
CYAW,2025-07-18 14:52,-63.4994,44.6397,CYAW 181452Z 25005KT 230V300 2SM BR OVC004 20/19 A2972 RMK ST8 DENSITY ALT 1244FT SLP066
CYAW,2025-07-18 15:00,-63.4994,44.6397,CYAW 181500Z 26006KT 4SM BR BKN005 OVC011 20/19 A2973 RMK SF7SC1 DENSITY ALT 1275FT SLP067
CYAW,2025-07-18 15:21,-63.4994,44.6397,CYAW 181521Z 26005KT 210V270 6SM BR SCT008 BKN011 OVC018 21/20 A2973 RMK SF3SC3SC2 DENSITY ALT 1357FT SLP069
CYAW,2025-07-18 16:00,-63.4994,44.6397,CYAW 181600Z 26007KT 240V300 10SM FEW008 BKN012 BKN020 23/21 A2974 RMK SF1SC6SC1 DENSITY ALT 1683FT SLP071
CYAW,2025-07-18 16:28,-63.4994,44.6397,CYAW 181628Z 31012KT 260V340 10SM BKN016 24/21 A2975 RMK SC7 DENSITY ALT 1744FT SLP074
CYAW,2025-07-18 16:51,-63.4994,44.6397,CYAW 181651Z 30009G16KT 12SM SCT016 BKN070 BKN250 25/21 A2975 RMK SC3AC2CI1 DENSITY ALT 1807FT SLP074
CYAW,2025-07-18 17:00,-63.4994,44.6397,CYAW 181700Z 30013KT 280V340 15SM SCT016 SCT120 BKN250 26/21 A2975 RMK SC4AC1CI2 DENSITY ALT 1934FT SLP075
CYAW,2025-07-18 18:00,-63.4994,44.6397,CYAW 181800Z 30007KT 270V330 15SM FEW021 BKN250 26/20 A2976 RMK CU2CI4 CC ASOCTD DENSITY ALT 1939FT SLP077
CYAW,2025-07-18 19:00,-63.4994,44.6397,CYAW 181900Z 30011G16KT 270V330 15SM FEW036 BKN250 27/18 A2978 RMK CU1CI6 DENSITY ALT 1998FT LAST OBS /NEXT 211000 UTC SLP083
CYAW,2025-07-21 10:00,-63.4994,44.6397,CYAW 211000Z 04004KT 2SM BR OVC002 16/16 A2958 RMK SF8 DENSITY ALT 928FT VIS VRB 1 1/2-2 1/2 FST OBS SLP018
CYAW,2025-07-21 10:17,-63.4994,44.6397,CYAW 211017Z 03002KT 2SM -SHRA BR OVC003 16/16 A2959 RMK SF8 DENSITY ALT 928FT VIS VRB 1 1/2-2 1/2 SLP022
CYAW,2025-07-21 11:00,-63.4994,44.6397,CYAW 211100Z 31002KT 1 1/2SM -SHRA BR BKN004 OVC026 16/16 A2960 RMK SF6SC2 DENSITY ALT 943FT SLP023
CYAW,2025-07-21 11:16,-63.4994,44.6397,CYAW 211116Z 33003KT 1 1/2SM SHRA BR BKN004 OVC026 17/16 A2959 RMK SF6SC2 DENSITY ALT 968FT SLP022
CYAW,2025-07-21 11:33,-63.4994,44.6397,CYAW 211133Z 33003KT 2SM -SHRA BR BKN004 OVC012 17/16 A2959 RMK SF7SC1 DENSITY ALT 1005FT SLP021
CYAW,2025-07-21 11:51,-63.4994,44.6397,CYAW 211151Z 33004KT 4SM -SHRA BR BKN005 OVC016 17/16 A2960 RMK SF6SC2 DENSITY ALT 1059FT SLP023
CYAW,2025-07-21 12:00,-63.4994,44.6397,CYAW 211200Z 33005KT 4SM -DZ BR BKN005 OVC016 17/16 A2959 RMK SF6SC2 DENSITY ALT 1083FT VIS LWR SE SLP022
CYAW,2025-07-21 12:24,-63.4994,44.6397,CYAW 211224Z 33008KT 8SM -SHRA BKN005 BKN012 OVC024 18/17 A2959 RMK SF5SC1SC2 DENSITY ALT 1156FT SLP020
CYAW,2025-07-21 12:42,-63.4994,44.6397,CYAW 211242Z 32009KT 310V040 10SM BKN008 BKN012 OVC028 19/17 A2959 RMK SF5SC2SC1 DENSITY ALT 1218FT VIS LWR SW SLP020
CYAW,2025-07-21 13:00,-63.4994,44.6397,CYAW 211300Z 33008KT 310V010 15SM BKN008 BKN012 OVC025 19/17 A2959 RMK SF5SC2SC1 DENSITY ALT 1256FT SLP020
CYAW,2025-07-21 13:17,-63.4994,44.6397,CYAW 211317Z 33008KT 15SM SCT008 BKN014 BKN024 19/17 A2959 RMK SF4SC2SC1 DENSITY ALT 1264FT SLP020
CYAW,2025-07-21 14:00,-63.4994,44.6397,CYAW 211400Z 31008G15KT 15SM FEW008 BKN016 19/16 A2959 RMK SF1SC7 DENSITY ALT 1281FT SLP021
CYAW,2025-07-21 14:15,-63.4994,44.6397,CYAW 211415Z 32012KT 280V340 15SM BKN011 BKN020 18/16 A2960 RMK SC5SC2 DENSITY ALT 1172FT SLP022
CYAW,2025-07-21 15:00,-63.4994,44.6397,CYAW 211500Z 32010KT 290V350 15SM BKN014 BKN024 20/16 A2960 RMK SC6SC1 DENSITY ALT 1409FT SLP023
CYAW,2025-07-21 15:37,-63.4994,44.6397,CYAW 211537Z 34010G16KT 15SM FEW020 BKN036 20/16 A2959 RMK SC2SC5 DENSITY ALT 1431FT SLP021
CYAW,2025-07-21 16:00,-63.4994,44.6397,CYAW 211600Z 33010KT 15SM FEW020 BKN036 21/16 A2959 RMK CU1SC6 DENSITY ALT 1460FT SLP020
CYAW,2025-07-21 17:00,-63.4994,44.6397,CYAW 211700Z 32013KT 15SM SCT035 22/14 A2957 RMK SC4 DENSITY ALT 1634FT CU ASOCTD SLP015
CYAW,2025-07-21 18:00,-63.4994,44.6397,CYAW 211800Z 31013G22KT 270V330 15SM BKN032 24/14 A2957 RMK CU5 DENSITY ALT 1810FT SLP015
CYAW,2025-07-21 19:00,-63.4994,44.6397,CYAW 211900Z 31018KT 15SM BKN040 22/12 A2958 RMK CU5 DENSITY ALT 1595FT LAST OBS /NEXT 221000 UTC SLP017
CYAW,2025-07-22 10:00,-63.4994,44.6397,CYAW 221000Z 31010G15KT 15SM FEW041 FEW120 13/09 A2989 RMK SC1AC1 DENSITY ALT 147FT FST OBS SLP124
CYAW,2025-07-22 11:00,-63.4994,44.6397,CYAW 221100Z 32012G20KT 15SM FEW120 15/10 A2991 RMK AC1 DENSITY ALT 345FT SLP131
CYAW,2025-07-22 12:00,-63.4994,44.6397,CYAW 221200Z 34015KT 15SM FEW024 FEW120 17/11 A2993 RMK SC1AC1 DENSITY ALT 521FT SLP137
CYAW,2025-07-22 13:00,-63.4994,44.6397,CYAW 221300Z 33010G16KT 15SM FEW026 FEW120 18/11 A2995 RMK SC1AC1 DENSITY ALT 701FT SLP143
CYAW,2025-07-22 14:00,-63.4994,44.6397,CYAW 221400Z 32009G16KT 290V360 15SM FEW036 20/11 A2997 RMK CU2 DENSITY ALT 851FT SLP150
CYAW,2025-07-22 15:00,-63.4994,44.6397,CYAW 221500Z 33010G17KT 290V350 15SM SCT039 SCT120 20/10 A2998 RMK CU3AC1 DENSITY ALT 894FT SLP153
CYAW,2025-07-22 16:00,-63.4994,44.6397,CYAW 221600Z 35008G17KT 310V020 15SM FEW048 FEW250 21/10 A2999 RMK CU2CI1 DENSITY ALT 980FT SLP156
CYAW,2025-07-22 17:00,-63.4994,44.6397,CYAW 221700Z 35012KT 15SM FEW055 FEW250 21/09 A3000 RMK CU2CI1 DENSITY ALT 925FT SLP159
CYAW,2025-07-22 18:00,-63.4994,44.6397,CYAW 221800Z CCA 32011G16KT 300V010 15SM FEW052 FEW250 23/09 A3000 RMK CU1CI1 DENSITY ALT 1111FT SLP158
CYAW,2025-07-22 19:00,-63.4994,44.6397,CYAW 221900Z 32007G17KT 300V040 15SM FEW055 FEW250 23/09 A3000 RMK CU1CI1 DENSITY ALT 1124FT LAST OBS /NEXT 231000 UTC SLP160
CYAW,2025-07-23 10:00,-63.4994,44.6397,CYAW 231000Z 24003KT 15SM FEW080 BKN250 14/11 A3019 RMK AC1CI6 DENSITY ALT -109FT FST OBS SLP223
CYAW,2025-07-23 11:00,-63.4994,44.6397,CYAW 231100Z 30002KT 15SM FEW080 BKN250 17/11 A3021 RMK AC1CI6 DENSITY ALT 193FT SLP229
CYAW,2025-07-23 12:00,-63.4994,44.6397,CYAW 231200Z 30002KT 15SM BKN250 19/11 A3022 RMK CI5 DENSITY ALT 481FT SLP233
CYAW,2025-07-23 13:00,-63.4994,44.6397,CYAW 231300Z 17002KT 15SM SCT250 21/13 A3021 RMK CI3 DENSITY ALT 776FT SLP230
CYAW,2025-07-23 14:00,-63.4994,44.6397,CYAW 231400Z CCA 22005KT 15SM FEW041 FEW250 23/12 A3022 RMK CU1CI1 DENSITY ALT 893FT SLP232
CYAW,2025-07-23 15:00,-63.4994,44.6397,CYAW 231500Z 19004KT 15SM FEW036 FEW180 FEW250 22/13 A3021 RMK CU1AC1CI1 DENSITY ALT 802FT SLP230
CYAW,2025-07-23 16:00,-63.4994,44.6397,CYAW 231600Z 17009KT 15SM FEW040 FEW250 22/13 A3020 RMK CU1CI1 DENSITY ALT 916FT SLP228
CYAW,2025-07-23 17:00,-63.4994,44.6397,CYAW 231700Z 20009G15KT 15SM FEW040 FEW250 24/12 A3019 RMK SC1CI1 DENSITY ALT 1120FT SLP224
CYAW,2025-07-23 18:00,-63.4994,44.6397,CYAW 231800Z 20009G16KT 15SM FEW040 FEW075 FEW250 24/12 A3019 RMK SC1AC1CI1 DENSITY ALT 1110FT SLP223
CYAW,2025-07-23 19:00,-63.4994,44.6397,CYAW 231900Z 21012KT 15SM FEW075 FEW250 24/10 A3020 RMK AC2CI1 DENSITY ALT 1085FT LAST OBS /NEXT 241000 UTC SLP227
CYAW,2025-07-24 10:00,-63.4994,44.6397,CYAW 241000Z 24005KT 15SM FEW150 BKN250 14/13 A3020 RMK AC2CI3 DENSITY ALT -74FT FST OBS SLP227
CYAW,2025-07-24 11:00,-63.4994,44.6397,CYAW 241100Z 23006KT 15SM FEW150 SCT250 16/13 A3021 RMK AC1CI2 DENSITY ALT 123FT SLP231
CYAW,2025-07-24 12:00,-63.4994,44.6397,CYAW 241200Z 21006KT 190V250 15SM FEW150 FEW250 19/13 A3021 RMK AC1CI1 DENSITY ALT 482FT SLP232
CYAW,2025-07-24 13:00,-63.4994,44.6397,CYAW 241300Z 23008KT 200V280 15SM FEW150 FEW250 21/12 A3020 RMK AC1CI1 DENSITY ALT 766FT SLP228
CYAW,2025-07-24 14:00,-63.4994,44.6397,CYAW 241400Z 24016G24KT 15SM FEW150 SCT250 22/11 A3020 RMK AC1CI3 CC ASOCTD DENSITY ALT 811FT SLP225
CYAW,2025-07-24 15:00,-63.4994,44.6397,CYAW 241500Z 23012G24KT 15SM FEW150 FEW250 22/11 A3018 RMK AC1CI1 DENSITY ALT 906FT SLP219
CYAW,2025-07-24 16:00,-63.4994,44.6397,CYAW 241600Z 22017G23KT 15SM FEW160 FEW250 22/11 A3016 RMK AC1CI1 DENSITY ALT 924FT SLP214
CYAW,2025-07-24 17:00,-63.4994,44.6397,CYAW 241700Z 22018G25KT 15SM FEW160 FEW250 22/10 A3015 RMK AC1CI1 DENSITY ALT 942FT SLP210
CYAW,2025-07-24 18:00,-63.4994,44.6397,CYAW 241800Z 22016G23KT 180V240 15SM FEW180 SCT250 22/11 A3013 RMK AC1CI3 DENSITY ALT 949FT SLP205
CYAW,2025-07-24 19:00,-63.4994,44.6397,CYAW 241900Z 23015G23KT 15SM FEW180 FEW200 BKN250 22/11 A3011 RMK AC2CC1CI4 DENSITY ALT 959FT SLP195
CYAW,2025-07-24 20:00,-63.4994,44.6397,CYAW 242000Z 23015G22KT 15SM SCT180 BKN250 19/12 A3009 RMK AC3CI4 DENSITY ALT 609FT SLP188
CYAW,2025-07-24 20:48,-63.4994,44.6397,CYAW 242048Z 22018G26KT 190V250 15SM SCT180 BKN250 20/11 A3006 RMK AC3CI4 DENSITY ALT 768FT LAST OBS /NEXT 251000 UTC SLP179
CYAW,2025-07-25 10:00,-63.4994,44.6397,CYAW 251000Z 24010KT 15SM BKN007 16/15 A2992 RMK SF7 DENSITY ALT 563FT FST OBS SLP133
CYAW,2025-07-25 11:00,-63.4994,44.6397,CYAW 251100Z 24010G16KT 15SM OVC006 17/16 A2992 RMK SF8 DENSITY ALT 655FT SLP131
CYAW,2025-07-25 12:00,-63.4994,44.6397,CYAW 251200Z 24007KT 12SM BKN006 19/16 A2992 RMK SF7 DENSITY ALT 843FT SLP131
CYAW,2025-07-25 13:00,-63.4994,44.6397,CYAW 251300Z 22008KT 200V260 15SM BKN008 19/16 A2990 RMK SF6 DENSITY ALT 913FT SLP126
CYAW,2025-07-25 13:20,-63.4994,44.6397,CYAW 251320Z 23010KT 15SM FEW008 FEW240 20/17 A2990 RMK SF2CI1 DENSITY ALT 1072FT SLP124
CYAW,2025-07-25 14:00,-63.4994,44.6397,CYAW 251400Z 21010KT 200V260 15SM FEW010 FEW240 22/17 A2989 RMK SC1CI1 DENSITY ALT 1264FT SLP122
CYAW,2025-07-25 15:00,-63.4994,44.6397,CYAW 251500Z 19007KT 170V230 15SM FEW140 FEW240 22/17 A2988 RMK AC1CI1 DENSITY ALT 1315FT SLP119
CYAW,2025-07-25 16:00,-63.4994,44.6397,CYAW 251600Z 20011G18KT 15SM FEW140 FEW180 FEW240 23/17 A2985 RMK AC1AC1CI1 DENSITY ALT 1395FT SLP109
CYAW,2025-07-25 17:00,-63.4994,44.6397,CYAW 251700Z 20013G19KT 170V230 15SM SCT140 23/17 A2983 RMK AC3 DENSITY ALT 1405FT SLP101
CYAW,2025-07-25 18:00,-63.4994,44.6397,CYAW 251800Z CCA 21014KT 15SM BKN140 BKN220 21/17 A2982 RMK AC5CC1 DENSITY ALT 1280FT LAST OBS /NEXT 281200 UTC SLP097
CYAW,2025-07-28 12:00,-63.4994,44.6397,CYAW 281200Z 27006KT 15SM FEW090 FEW240 19/12 A2997 RMK AC1CI1 DENSITY ALT 738FT FST OBS SLP150
CYAW,2025-07-28 13:00,-63.4994,44.6397,CYAW 281300Z 19004KT 130V220 15SM SCT250 20/13 A2996 RMK CI4 DENSITY ALT 928FT SLP147
CYAW,2025-07-28 14:00,-63.4994,44.6397,CYAW 281400Z 16007KT 15SM BKN250 21/14 A2995 RMK CI6 DENSITY ALT 1060FT SLP144
CYAW,2025-07-28 15:00,-63.4994,44.6397,CYAW 281500Z 21007KT 180V250 15SM OVC250 24/15 A2995 RMK CI8 DENSITY ALT 1434FT SLP144
CYAW,2025-07-28 16:00,-63.4994,44.6397,CYAW 281600Z 21009KT 15SM OVC250 24/14 A2995 RMK CI8 DENSITY ALT 1437FT SLP143
CYAW,2025-07-28 17:00,-63.4994,44.6397,CYAW 281700Z 24009KT 200V260 15SM FEW030 OVC250 25/14 A2996 RMK CF1CI8 DENSITY ALT 1469FT SLP147
CYAW,2025-07-28 18:00,-63.4994,44.6397,CYAW 281800Z 19008G15KT 15SM FEW030 BKN250 24/13 A2994 RMK CF1CI7 DENSITY ALT 1399FT SLP141
CYAW,2025-07-28 19:00,-63.4994,44.6397,CYAW 281900Z 21010G16KT 15SM FEW030 BKN250 24/13 A2994 RMK CF1CI5 DENSITY ALT 1357FT SLP138
CYAW,2025-07-28 20:00,-63.4994,44.6397,CYAW 282000Z 23007KT 15SM FEW030 SCT250 25/15 A2994 RMK CF1CI4 DENSITY ALT 1572FT SLP138
CYAW,2025-07-28 21:00,-63.4994,44.6397,CYAW 282100Z 22010KT 190V250 15SM FEW036 FEW250 24/15 A2993 RMK CU1CI2 DENSITY ALT 1391FT SLP136
CYAW,2025-07-28 22:00,-63.4994,44.6397,CYAW 282200Z 24009KT 210V270 15SM FEW028 FEW250 22/16 A2995 RMK SC1CI1 DENSITY ALT 1141FT SLP141
CYAW,2025-07-28 23:00,-63.4994,44.6397,CYAW 282300Z 24009KT 15SM FEW030 SCT250 20/16 A2996 RMK SC2CI1 DENSITY ALT 905FT SLP144
CYAW,2025-07-29 00:00,-63.4994,44.6397,CYAW 290000Z 25006KT 10SM FEW034 FEW120 SCT250 18/16 A2997 RMK SC1AC1CI3 DENSITY ALT 704FT SLP148
CYAW,2025-07-29 01:00,-63.4994,44.6397,CYAW 290100Z 24004KT 10SM FEW008 FEW080 BKN250 18/16 A2998 RMK SF1AC1CI4 DENSITY ALT 634FT SLP152
CYAW,2025-07-29 02:00,-63.4994,44.6397,CYAW 290200Z 20003KT 8SM FEW008 FEW250 16/15 A2997 RMK SF1CI1 DENSITY ALT 485FT VIS LWR S LAST OBS /NEXT 291200 UTC SLP148
CYAW,2025-07-29 12:00,-63.4994,44.6397,CYAW 291200Z 27002KT 15SM FEW005 FEW180 SCT270 17/16 A2997 RMK SF1AC1CI3 DENSITY ALT 543FT FG OVR APCH FST OBS SLP151
CYAW,2025-07-29 13:00,-63.4994,44.6397,CYAW 291300Z 23004KT 180V270 15SM FEW005 FEW180 SCT270 21/17 A2998 RMK SF1AC2CI2 DENSITY ALT 1067FT FG OVR APCH SLP151
CYAW,2025-07-29 14:00,-63.4994,44.6397,CYAW 291400Z 18006KT 150V220 15SM FEW005 FEW180 SCT270 22/18 A2997 RMK SF1AC1CI3 DENSITY ALT 1241FT SLP148
CYAW,2025-07-29 15:00,-63.4994,44.6397,CYAW 291500Z 20006KT 15SM FEW020 FEW180 BKN270 22/17 A2997 RMK SC1AC1CI5 DENSITY ALT 1237FT SLP149
CYAW,2025-07-29 16:00,-63.4994,44.6397,CYAW 291600Z 20009KT 15SM FEW020 FEW180 BKN270 24/18 A2996 RMK SC1AC2CI3 DENSITY ALT 1501FT SLP147
CYAW,2025-07-29 17:00,-63.4994,44.6397,CYAW 291700Z 19009G18KT 15SM FEW020 FEW180 SCT250 23/18 A2994 RMK SC1AC1CI3 DENSITY ALT 1332FT SLP140
CYAW,2025-07-29 18:00,-63.4994,44.6397,CYAW 291800Z 21011G16KT 15SM VCFG FEW008 FEW180 SCT250 23/18 A2994 RMK SF1AC1CI3 DENSITY ALT 1337FT FG BANK SE VIS 6 SLP140
CYAW,2025-07-29 19:00,-63.4994,44.6397,CYAW 291900Z 21011KT 12SM SCT010 SCT250 22/18 A2994 RMK SC3CI1 DENSITY ALT 1233FT SLP138
CYAW,2025-07-29 20:00,-63.4994,44.6397,CYAW 292000Z 20009KT 170V240 15SM FEW011 FEW016 FEW120 FEW250 22/18 A2993 RMK SC1CU1AC1CI1 DENSITY ALT 1277FT SLP136
CYAW,2025-07-29 21:00,-63.4994,44.6397,CYAW 292100Z CCA 23007KT 190V250 15SM FEW008 FEW011 FEW100 BKN250 22/18 A2992 RMK SF1SC1AC1CI4 DENSITY ALT 1228FT SLP133
CYAW,2025-07-29 22:00,-63.4994,44.6397,CYAW 292200Z 21009KT 15SM SCT008 SCT011 SCT100 BKN250 20/18 A2992 RMK SF3SC1AC1CI3 DENSITY ALT 1072FT SLP131
CYAW,2025-07-29 23:00,-63.4994,44.6397,CYAW 292300Z 21008KT 150V270 10SM FEW008 FEW013 SCT100 BKN250 19/17 A2992 RMK SF1SC1AC2CI3 DENSITY ALT 876FT VIS LWR S QUAD SLP132
CYAW,2025-07-30 00:00,-63.4994,44.6397,CYAW 300000Z 18004KT 160V220 10SM VCFG FEW007 FEW013 FEW070 SCT250 17/16 A2991 RMK SF1SC1AC1CI2 DENSITY ALT 686FT FG BANK SW QUAD VIS 4 SLP130
CYAW,2025-07-30 01:00,-63.4994,44.6397,CYAW 300100Z 23005KT 10SM VCFG FEW008 FEW070 FEW250 18/17 A2992 RMK SF2AC1CI1 DENSITY ALT 764FT FG BANK SW VIS 4 SLP134
CYAW,2025-07-30 01:21,-63.4994,44.6397,CYAW 300121Z 24004KT 8SM VCFG FEW008 FEW250 18/17 A2992 RMK SF2CI1 DENSITY ALT 801FT FG BANK SW VIS 3 LAST OBS /NEXT 301000 UTC SLP133
CYAW,2025-07-30 10:00,-63.4994,44.6397,CYAW 301000Z 01003KT 6SM BR FEW003 FEW050 BKN250 18/17 A2995 RMK SF1SC1CI4 DENSITY ALT 741FT VIS LWR SE QUAD FST OBS SLP142
CYAW,2025-07-30 11:00,-63.4994,44.6397,CYAW 301100Z 00000KT 8SM FEW003 BKN053 BKN250 18/17 A2996 RMK SF1SC5CI2 DENSITY ALT 715FT VIS LWR E-S SLP145
CYAW,2025-07-30 12:00,-63.4994,44.6397,CYAW 301200Z CCA 09002KT 12SM FEW003 SCT050 BKN250 21/17 A2996 RMK SF1SC3CI2 DENSITY ALT 1116FT VIS LWR SE QUAD FG OVR APCH SLP146
CYAW,2025-07-30 13:00,-63.4994,44.6397,CYAW 301300Z 13002KT 15SM FEW020 FEW060 FEW250 23/18 A2996 RMK CF1SC1CI2 DENSITY ALT 1312FT FG OVR APCH VIS LWR SE-S SLP145
CYAW,2025-07-30 14:00,-63.4994,44.6397,CYAW 301400Z 20007KT 15SM FEW002 FEW060 SCT250 24/18 A2997 RMK SF1SC1CI2 DENSITY ALT 1407FT VIS LWR SE-S SLP149
CYAW,2025-07-30 15:00,-63.4994,44.6397,CYAW 301500Z CCA 17005KT 12SM FEW002 FEW024 FEW250 24/19 A2996 RMK SF1CU1CI2 CC ASOCTD DENSITY ALT 1456FT FG OVR APCH SLP146
CYAW,2025-07-30 16:00,-63.4994,44.6397,CYAW 301600Z 17009KT 12SM FEW002 FEW024 FEW250 23/18 A2995 RMK SF1CU1CI1 DENSITY ALT 1353FT VIS LWR S QUAD SLP142
CYAW,2025-07-30 17:00,-63.4994,44.6397,CYAW 301700Z 19007KT 150V210 15SM FEW024 FEW250 24/18 A2994 RMK CU1CI1 DENSITY ALT 1412FT SLP140
CYAW,2025-07-30 18:00,-63.4994,44.6397,CYAW 301800Z 16009KT 15SM FEW026 FEW250 25/18 A2993 RMK CU1CI1 CC ASOCTD DENSITY ALT 1558FT SLP136
CYAW,2025-07-30 19:00,-63.4994,44.6397,CYAW 301900Z 17010KT 15SM FEW008 FEW024 FEW120 FEW250 24/18 A2992 RMK SF1CU1AC1CI1 DENSITY ALT 1463FT LAST OBS /NEXT 311000 UTC SLP133
CYAW,2025-07-31 10:00,-63.4994,44.6397,CYAW 311000Z 31004KT 8SM -SHRA FEW045 OVC075 17/16 A2996 RMK SC2AC6 DENSITY ALT 657FT FST OBS SLP147
CYAW,2025-07-31 11:00,-63.4994,44.6397,CYAW 311100Z 25004KT 8SM -SHRA FEW060 OVC110 19/17 A2998 RMK SC2AC6 DENSITY ALT 786FT SLP151
CYAW,2025-07-31 11:26,-63.4994,44.6397,CYAW 311126Z 23004KT 10SM FEW060 OVC120 19/18 A2998 RMK SC2AC6 DENSITY ALT 804FT SLP153
CYAW,2025-07-31 12:00,-63.4994,44.6397,CYAW 311200Z 27005KT 12SM BKN110 OVC250 20/17 A2998 RMK AC5CI3 DENSITY ALT 917FT SLP151
CYAW,2025-07-31 13:00,-63.4994,44.6397,CYAW 311300Z 32006KT 290V360 12SM SCT100 OVC250 23/18 A2998 RMK AC4CI4 DENSITY ALT 1270FT SLP151
CYAW,2025-07-31 14:00,-63.4994,44.6397,CYAW 311400Z 31006KT 12SM FEW030 BKN090 OVC250 24/19 A2999 RMK CU1AC6CI2 DENSITY ALT 1468FT SLP156
CYAW,2025-07-31 15:00,-63.4994,44.6397,CYAW 311500Z 33007KT 12SM FEW028 BKN090 OVC250 25/18 A3000 RMK CU1AC6CI2 DENSITY ALT 1528FT SLP159
CYAW,2025-07-31 16:00,-63.4994,44.6397,CYAW 311600Z 35007KT 300V010 12SM FEW030 BKN090 OVC250 25/18 A3000 RMK CU1AC6CS2 DENSITY ALT 1474FT SLP161
CYAW,2025-07-31 17:00,-63.4994,44.6397,CYAW 311700Z 32005KT 300V010 12SM FEW030 BKN092 OVC160 24/17 A3002 RMK SC1AC5AC3 DENSITY ALT 1413FT SLP168
CYAW,2025-07-31 18:00,-63.4994,44.6397,CYAW 311800Z 29005KT 260V060 12SM SCT030 BKN090 OVC250 25/17 A3003 RMK SC3AC4CI1 CU ASOCTD DENSITY ALT 1476FT SLP168
CYAW,2025-07-31 19:00,-63.4994,44.6397,CYAW 311900Z 32006KT 310V010 12SM SCT036 BKN090 OVC250 25/17 A3003 RMK SC3AC2CS3 CU ASOCTD DENSITY ALT 1428FT SLP169
CYAW,2025-07-31 19:31,-63.4994,44.6397,CYAW 311931Z 01005KT 330V060 12SM SCT034 BKN090 OVC250 25/17 A3003 RMK SC3AC2CS3 DENSITY ALT 1421FT LAST OBS /NEXT 011000 UTC SLP169
CYAW,2025-08-01 10:00,-63.4994,44.6397,CYAW 011000Z 08006KT 050V110 8SM -RA FEW020 OVC090 15/14 A3015 RMK SC2AC6 DENSITY ALT 171FT FST OBS SLP211
CYAW,2025-08-01 11:00,-63.4994,44.6397,CYAW 011100Z 06007KT 10SM -RA FEW060 OVC090 15/13 A3016 RMK SC1AC7 DENSITY ALT 86FT SLP213
CYAW,2025-08-01 11:36,-63.4994,44.6397,CYAW 011136Z 05007KT 030V090 12SM SCT038 OVC087 15/13 A3017 RMK SC4AC4 DENSITY ALT 100FT SLP217
CYAW,2025-08-01 12:00,-63.4994,44.6397,CYAW 011200Z 03005KT 360V080 12SM BKN038 OVC085 16/14 A3018 RMK SC6AC2 DENSITY ALT 143FT SLP221
CYAW,2025-08-01 13:00,-63.4994,44.6397,CYAW 011300Z 07006KT 030V110 15SM FEW015 SCT040 OVC080 16/14 A3018 RMK CF1SC3AC5 DENSITY ALT 220FT SLP219
CYAW,2025-08-01 14:00,-63.4994,44.6397,CYAW 011400Z 07008KT 040V100 15SM FEW015 OVC075 17/14 A3016 RMK CF1AC8 DENSITY ALT 359FT SLP213
CYAW,2025-08-01 15:00,-63.4994,44.6397,CYAW 011500Z 07005KT 050V120 15SM FEW015 FEW040 OVC070 18/14 A3016 RMK CF1SC1AC7 DENSITY ALT 468FT SLP213
CYAW,2025-08-01 16:00,-63.4994,44.6397,CYAW 011600Z 08004KT 030V120 15SM FEW016 BKN074 BKN250 18/14 A3015 RMK CU1AC7CI1 DENSITY ALT 504FT SLP210
CYAW,2025-08-01 17:00,-63.4994,44.6397,CYAW 011700Z 08008KT 030V110 15SM FEW018 BKN080 BKN250 19/15 A3014 RMK CU2AC5CI1 DENSITY ALT 660FT SLP206
CYAW,2025-08-01 18:00,-63.4994,44.6397,CYAW 011800Z 12007KT 15SM BKN028 BKN078 BKN250 18/14 A3015 RMK SC5AC2CI1 CU ASOCTD DENSITY ALT 526FT LAST OBS /NEXT 051300 UTC SLP208
CYAW,2025-08-05 13:00,-63.4994,44.6397,CYAW 051300Z 05005KT 020V100 6SM HZ FEW055 OVC250 22/16 A3030 RMK SC1CI8 DENSITY ALT 759FT FST OBS SLP260
CYAW,2025-08-05 14:00,-63.4994,44.6397,CYAW 051400Z 09004KT 040V130 8SM FEW047 OVC250 23/17 A3031 RMK SC1CI8 DENSITY ALT 918FT HZ SLP264
CYAW,2025-08-05 15:00,-63.4994,44.6397,CYAW 051500Z 05004KT 360V140 8SM FEW025 OVC250 24/17 A3032 RMK SC2CI6 DENSITY ALT 996FT HZ SLP266
CYAW,2025-08-05 16:00,-63.4994,44.6397,CYAW 051600Z 12009KT 8SM BKN040 OVC250 22/16 A3031 RMK SC6CI2 DENSITY ALT 734FT HZ SLP265
CYAW,2025-08-05 17:00,-63.4994,44.6397,CYAW 051700Z 11009G15KT 090V150 10SM SCT040 OVC250 22/15 A3031 RMK CU4CI4 DENSITY ALT 762FT HZ SLP265
CYAW,2025-08-05 18:00,-63.4994,44.6397,CYAW 051800Z 12011G17KT 090V150 10SM FEW040 OVC250 23/15 A3031 RMK CU2CI6 DENSITY ALT 839FT HZ SLP265
CYAW,2025-08-05 19:00,-63.4994,44.6397,CYAW 051900Z 11008G17KT 080V150 12SM FEW040 OVC250 22/15 A3031 RMK CU1CI7 DENSITY ALT 823FT SLP265
CYAW,2025-08-05 20:00,-63.4994,44.6397,CYAW 052000Z 12012KT 080V140 12SM FEW040 OVC250 21/15 A3031 RMK CU1CI8 DENSITY ALT 636FT SLP265
CYAW,2025-08-05 21:00,-63.4994,44.6397,CYAW 052100Z 11007KT 070V150 12SM FEW040 BKN250 21/16 A3031 RMK CU1CI7 DENSITY ALT 657FT SLP264
CYAW,2025-08-05 22:00,-63.4994,44.6397,CYAW 052200Z 11008KT 080V140 12SM FEW040 FEW070 OVC250 19/16 A3032 RMK CU1AC1CI7 DENSITY ALT 475FT SLP267
CYAW,2025-08-05 23:00,-63.4994,44.6397,CYAW 052300Z 08006KT 040V110 12SM SCT046 BKN068 OVC250 19/16 A3034 RMK SC3AC2CI3 CU ASOCTD DENSITY ALT 387FT SLP275
CYAW,2025-08-05 23:41,-63.4994,44.6397,CYAW 052341Z 06004KT 12SM FEW046 SCT068 BKN250 18/16 A3035 RMK SC1AC3CI1 DENSITY ALT 261FT LAST OBS /NEXT 061300 UTC SLP279
CYAW,2025-08-06 13:00,-63.4994,44.6397,CYAW 061300Z 05011KT 020V090 15SM FEW024 FEW120 FEW250 20/14 A3041 RMK CF1AC1CI2 DENSITY ALT 386FT FST OBS SLP299
CYAW,2025-08-06 14:00,-63.4994,44.6397,CYAW 061400Z 04008KT 010V080 15SM FEW036 FEW120 FEW250 22/13 A3041 RMK CU1AC1CI1 DENSITY ALT 618FT SLP297
CYAW,2025-08-06 15:00,-63.4994,44.6397,CYAW 061500Z 01007KT 340V100 15SM FEW040 FEW250 23/11 A3040 RMK CU1CI1 DENSITY ALT 743FT SLP294
CYAW,2025-08-06 16:00,-63.4994,44.6397,CYAW 061600Z 36010G15KT 15SM FEW055 FEW250 25/10 A3039 RMK CU1CI1 DENSITY ALT 942FT SLP290
CYAW,2025-08-06 17:00,-63.4994,44.6397,CYAW 061700Z 16007KT 130V230 15SM FEW060 FEW250 24/13 A3038 RMK CU1CI1 DENSITY ALT 927FT SLP286
CYAW,2025-08-06 18:00,-63.4994,44.6397,CYAW 061800Z 18007KT 15SM FEW060 FEW250 23/14 A3036 RMK CU1CI1 DENSITY ALT 860FT SLP282
CYAW,2025-08-06 19:00,-63.4994,44.6397,CYAW 061900Z 17008KT 150V220 15SM FEW060 SCT250 24/14 A3036 RMK CU1CI3 DENSITY ALT 942FT SLP280
CYAW,2025-08-06 20:00,-63.4994,44.6397,CYAW 062000Z 19005KT 160V220 15SM FEW060 FEW250 24/13 A3035 RMK CU1CI2 DENSITY ALT 924FT SLP277
CYAW,2025-08-06 21:00,-63.4994,44.6397,CYAW 062100Z 20006KT 140V220 15SM FEW070 FEW250 24/13 A3035 RMK AC1CI2 DENSITY ALT 889FT SLP277
CYAW,2025-08-06 22:00,-63.4994,44.6397,CYAW 062200Z 02008KT 330V050 15SM FEW070 FEW250 24/08 A3035 RMK AC1CI1 DENSITY ALT 911FT SLP278
CYAW,2025-08-06 23:00,-63.4994,44.6397,CYAW 062300Z 01011KT 350V050 15SM FEW070 FEW250 22/07 A3036 RMK AC1CI1 DENSITY ALT 665FT SLP281
CYAW,2025-08-07 00:00,-63.4994,44.6397,CYAW 070000Z 01008KT 15SM FEW250 20/08 A3038 RMK CI1 DENSITY ALT 405FT SLP288
CYAW,2025-08-07 01:00,-63.4994,44.6397,CYAW 070100Z 04006KT 15SM FEW250 18/08 A3039 RMK CI1 DENSITY ALT 162FT SLP290
CYAW,2025-08-07 02:00,-63.4994,44.6397,CYAW 070200Z 04005KT 15SM FEW250 17/09 A3038 RMK CI1 DENSITY ALT -6FT SLP288
CYAW,2025-08-07 02:46,-63.4994,44.6397,CYAW 070246Z 03005KT 15SM FEW250 16/08 A3038 RMK CI1 DENSITY ALT -108FT LAST OBS /NEXT 071300 UTC SLP288
CYAW,2025-08-07 13:00,-63.4994,44.6397,CYAW 071300Z 02003KT 340V070 15SM FEW250 21/09 A3038 RMK CI1 DENSITY ALT 532FT FST OBS SLP288
CYAW,2025-08-07 14:00,-63.4994,44.6397,CYAW 071400Z 35002KT 15SM FEW030 SCT250 23/08 A3038 RMK CF1CI3 DENSITY ALT 677FT SLP287
CYAW,2025-08-07 15:00,-63.4994,44.6397,CYAW 071500Z 12005KT 15SM FEW050 SCT250 24/08 A3036 RMK CF1CI4 DENSITY ALT 890FT SLP282
CYAW,2025-08-07 16:00,-63.4994,44.6397,CYAW 071600Z 18006KT 160V220 15SM BKN250 25/09 A3034 RMK CI6 DENSITY ALT 954FT SLP275
CYAW,2025-08-07 17:00,-63.4994,44.6397,CYAW 071700Z 17008KT 15SM BKN250 25/08 A3033 RMK CI6 DENSITY ALT 1025FT SLP270
CYAW,2025-08-07 18:00,-63.4994,44.6397,CYAW 071800Z 18009G16KT 160V220 15SM BKN250 23/08 A3032 RMK CI7 DENSITY ALT 846FT SLP266
CYAW,2025-08-07 19:00,-63.4994,44.6397,CYAW 071900Z 20011KT 15SM FEW060 BKN250 24/09 A3030 RMK SC1CI6 DENSITY ALT 909FT SLP263
CYAW,2025-08-07 20:00,-63.4994,44.6397,CYAW 072000Z 20008KT 15SM BKN250 23/08 A3029 RMK CI6 DENSITY ALT 832FT SLP259
CYAW,2025-08-07 21:00,-63.4994,44.6397,CYAW 072100Z 21009KT 15SM BKN250 22/06 A3029 RMK CI6 DENSITY ALT 733FT SLP258
CYAW,2025-08-07 22:00,-63.4994,44.6397,CYAW 072200Z 22006KT 15SM BKN250 21/09 A3029 RMK CI7 DENSITY ALT 595FT SLP258
CYAW,2025-08-07 22:23,-63.4994,44.6397,CYAW 072223Z CCA 23006KT 15SM BKN250 20/08 A3029 RMK CI7 DENSITY ALT 530FT LAST OBS /NEXT 111100 UTC SLP257
CYAW,2025-08-11 11:00,-63.4994,44.6397,CYAW 111100Z 23003KT 210V270 15SM FEW250 18/12 A3019 RMK CI1 DENSITY ALT 398FT FST OBS SLP224
CYAW,2025-08-11 12:00,-63.4994,44.6397,CYAW 111200Z 27004KT 220V300 15SM SKC 21/12 A3019 RMK DENSITY ALT 730FT SLP224
CYAW,2025-08-11 13:00,-63.4994,44.6397,CYAW 111300Z 17006KT 15SM SKC 22/14 A3019 RMK DENSITY ALT 946FT SLP223
CYAW,2025-08-11 14:00,-63.4994,44.6397,CYAW 111400Z 24003KT 140V310 15SM FEW250 26/15 A3017 RMK CI1 DENSITY ALT 1389FT SLP218
CYAW,2025-08-11 15:00,-63.4994,44.6397,CYAW 111500Z 18007KT 15SM FEW250 24/17 A3017 RMK CI1 DENSITY ALT 1200FT SLP216
CYAW,2025-08-11 16:00,-63.4994,44.6397,CYAW 111600Z 18008G40KT 100V230 15SM FEW250 26/17 A3015 RMK CI1 DENSITY ALT 1464FT SLP209
CYAW,2025-08-11 17:00,-63.4994,44.6397,CYAW 111700Z 19007KT 160V220 15SM FEW250 28/17 A3013 RMK CI1 DENSITY ALT 1645FT SLP202
CYAW,2025-08-11 18:00,-63.4994,44.6397,CYAW 111800Z 20010G15KT 15SM FEW040 FEW250 26/17 A3011 RMK CU1CI1 DENSITY ALT 1529FT SLP198
CYAW,2025-08-11 19:00,-63.4994,44.6397,CYAW 111900Z 19007KT 15SM FEW040 FEW250 28/16 A3010 RMK CU1CI1 DENSITY ALT 1684FT SLP194
CYAW,2025-08-11 20:00,-63.4994,44.6397,CYAW 112000Z 19008KT 160V220 15SM FEW044 FEW250 27/15 A3010 RMK CU1CI1 DENSITY ALT 1623FT SLP192
CYAW,2025-08-11 21:00,-63.4994,44.6397,CYAW 112100Z 20008KT 15SM FEW044 FEW250 25/17 A3009 RMK CU1CI1 DENSITY ALT 1379FT SLP191
CYAW,2025-08-11 22:00,-63.4994,44.6397,CYAW 112200Z 24005G20KT 210V280 15SM FEW250 24/16 A3009 RMK CI1 DENSITY ALT 1309FT SLP191
CYAW,2025-08-11 23:00,-63.4994,44.6397,CYAW 112300Z 20005KT 15SM FEW180 BKN250 23/15 A3010 RMK AC1CI6 DENSITY ALT 1085FT SLP194
CYAW,2025-08-12 00:00,-63.4994,44.6397,CYAW 120000Z 17004KT 15SM BKN250 20/16 A3012 RMK CI5 DENSITY ALT 777FT SLP199
CYAW,2025-08-12 01:00,-63.4994,44.6397,CYAW 120100Z 17004KT 15SM SCT250 19/17 A3010 RMK CI3 DENSITY ALT 739FT SLP195
CYAW,2025-08-12 02:00,-63.4994,44.6397,CYAW 120200Z 16004KT 15SM SCT250 19/17 A3010 RMK CI3 DENSITY ALT 629FT SLP193
CYAW,2025-08-12 02:39,-63.4994,44.6397,CYAW 120239Z 15002KT 15SM SCT250 19/17 A3009 RMK CI3 DENSITY ALT 679FT LAST OBS /NEXT 121100 UTC SLP191
CYAW,2025-08-12 11:00,-63.4994,44.6397,CYAW 121100Z 00000KT 15SM FEW030 FEW080 FEW250 20/18 A3007 RMK CF1AC1CI1 DENSITY ALT 907FT FST OBS SLP184
CYAW,2025-08-12 12:00,-63.4994,44.6397,CYAW 121200Z 14005KT 15SM FEW080 22/18 A3008 RMK ACC1 DENSITY ALT 1134FT SLP187
CYAW,2025-08-12 13:00,-63.4994,44.6397,CYAW 121300Z 23004KT 140V250 15SM FEW080 FEW250 23/18 A3008 RMK AC1CI1 DENSITY ALT 1154FT SLP185
CYAW,2025-08-12 14:00,-63.4994,44.6397,CYAW 121400Z 26003KT 220V310 15SM FEW250 26/18 A3006 RMK CI1 DENSITY ALT 1601FT SLP179
CYAW,2025-08-12 15:00,-63.4994,44.6397,CYAW 121500Z 17003KT 130V260 15SM SKC 29/18 A3005 RMK DENSITY ALT 1882FT SLP174
CYAW,2025-08-12 16:00,-63.4994,44.6397,CYAW 121600Z 17010KT 140V200 15SM FEW250 27/19 A3005 RMK CI1 DENSITY ALT 1668FT SLP175
CYAW,2025-08-12 17:00,-63.4994,44.6397,CYAW 121700Z 17012G17KT 15SM FEW022 FEW250 24/18 A3005 RMK CU1CI1 DENSITY ALT 1375FT SLP175
CYAW,2025-08-12 18:00,-63.4994,44.6397,CYAW 121800Z 17010KT 15SM FEW026 25/18 A3003 RMK CU1 DENSITY ALT 1491FT SLP171
CYAW,2025-08-12 19:00,-63.4994,44.6397,CYAW 121900Z 17008KT 15SM FEW028 FEW250 25/18 A3001 RMK CU1CI1 DENSITY ALT 1523FT SLP163
CYAW,2025-08-12 20:00,-63.4994,44.6397,CYAW 122000Z 16006KT 15SM FEW080 FEW250 25/18 A2999 RMK AC1CI1 DENSITY ALT 1577FT SLP157
CYAW,2025-08-12 21:00,-63.4994,44.6397,CYAW 122100Z 16010KT 15SM FEW020 FEW080 FEW250 24/19 A3000 RMK CF1AC1CI1 DENSITY ALT 1355FT SLP158
CYAW,2025-08-12 22:00,-63.4994,44.6397,CYAW 122200Z 16009KT 15SM FEW020 FEW250 22/18 A3001 RMK SC1CI1 DENSITY ALT 1160FT SLP162
CYAW,2025-08-12 22:44,-63.4994,44.6397,CYAW 122244Z 16006KT 12SM BKN005 BKN250 21/19 A3001 RMK SF5CI1 DENSITY ALT 1031FT SLP164
CYAW,2025-08-12 23:00,-63.4994,44.6397,CYAW 122300Z 17005KT 12SM BKN005 21/19 A3002 RMK SF7 DENSITY ALT 1008FT SLP166
CYAW,2025-08-12 23:52,-63.4994,44.6397,CYAW 122352Z 16005KT 12SM SCT006 20/18 A3002 RMK SF3 DENSITY ALT 901FT SLP166
CYAW,2025-08-13 00:00,-63.4994,44.6397,CYAW 130000Z 16005KT 12SM FEW006 20/18 A3002 RMK SF2 DENSITY ALT 888FT SLP166
CYAW,2025-08-13 00:33,-63.4994,44.6397,CYAW 130033Z 14006KT 10SM BKN007 BKN250 20/19 A3002 RMK SF6CI1 DENSITY ALT 903FT SLP165
CYAW,2025-08-13 01:00,-63.4994,44.6397,CYAW 130100Z 13003KT 10SM BKN007 BKN250 19/18 A3002 RMK SF5CI1 DENSITY ALT 801FT SLP166
CYAW,2025-08-13 01:12,-63.4994,44.6397,CYAW 130112Z 13004KT 10SM FEW008 FEW250 19/18 A3002 RMK SF2CI1 DENSITY ALT 748FT SLP166
CYAW,2025-08-13 01:29,-63.4994,44.6397,CYAW 130129Z CCA 13003KT 8SM BKN007 19/18 A3002 RMK SF7 DENSITY ALT 788FT LAST OBS /NEXT 131100 UTC SLP165
CYAW,2025-08-13 11:00,-63.4994,44.6397,CYAW 131100Z 07003KT 360V100 1/4SM FG VV001 20/19 A2997 RMK FG8 DENSITY ALT 984FT VIS VRB 1/8-3/8 FST OBS SLP148
CYAW,2025-08-13 11:47,-63.4994,44.6397,CYAW 131147Z 11004KT 050V130 1/2SM -DZ FG VV002 20/20 A2997 RMK FG8 DENSITY ALT 1024FT VIS VRB 3/8-3/4 SLP148
CYAW,2025-08-13 12:00,-63.4994,44.6397,CYAW 131200Z 10006KT 1/2SM -DZ FG VV002 20/20 A2997 RMK FG8 DENSITY ALT 1051FT VIS VRB 3/8-3/4 SLP148
CYAW,2025-08-13 12:45,-63.4994,44.6397,CYAW 131245Z 12006KT 070V150 1 1/2SM BR OVC002 21/20 A2996 RMK ST8 DENSITY ALT 1078FT VIS VRB 1-2 SLP148
CYAW,2025-08-13 13:00,-63.4994,44.6397,CYAW 131300Z 11008KT 080V140 1 1/2SM -DZ BR OVC002 21/20 A2996 RMK ST8 DENSITY ALT 1089FT VIS VRB 1-2 SLP147
CYAW,2025-08-13 13:43,-63.4994,44.6397,CYAW 131343Z 11006KT 080V140 1 1/2SM BR OVC002 21/20 A2996 RMK ST8 DENSITY ALT 1145FT SLP146
CYAW,2025-08-13 14:00,-63.4994,44.6397,CYAW 131400Z 11007KT 3SM BR BKN003 OVC022 21/21 A2996 RMK SF7SC1 DENSITY ALT 1170FT VIS VRB 2-4 SLP145
CYAW,2025-08-13 14:31,-63.4994,44.6397,CYAW 131431Z 11006KT 080V140 3SM -DZ BR BKN003 OVC020 21/20 A2995 RMK SF7SC1 DENSITY ALT 1180FT VIS LWR S SLP144
CYAW,2025-08-13 15:00,-63.4994,44.6397,CYAW 131500Z 10007KT 5SM BR BKN004 OVC020 22/21 A2994 RMK SF7SC1 DENSITY ALT 1303FT VIS LWR S SLP140
CYAW,2025-08-13 16:00,-63.4994,44.6397,CYAW 131600Z 14010KT 100V160 8SM BKN005 BKN018 BKN250 23/21 A2993 RMK SF5SC2CI1 DENSITY ALT 1429FT VIS LWR SE QUAD SLP136
CYAW,2025-08-13 16:08,-63.4994,44.6397,CYAW 131608Z 12009KT 100V160 3SM BR BKN003 OVC018 23/21 A2993 RMK SF6SC2 DENSITY ALT 1368FT VIS VRB 2-4 SLP136
CYAW,2025-08-13 17:00,-63.4994,44.6397,CYAW 131700Z 14009KT 8SM BKN008 BKN018 OVC032 23/21 A2993 RMK SF5SC1SC2 DENSITY ALT 1378FT VIS LWR S QUAD SLP135
CYAW,2025-08-13 17:13,-63.4994,44.6397,CYAW 131713Z 14007KT 100V160 3SM BR BKN003 OVC032 22/20 A2993 RMK SF6SC2 DENSITY ALT 1245FT VIS VRB 2-4 SLP137
CYAW,2025-08-13 18:00,-63.4994,44.6397,CYAW 131800Z 12006KT 100V170 3SM BR BKN004 OVC011 22/21 A2992 RMK SF6SC2 DENSITY ALT 1308FT VIS LWR SW QUAD SLP133
CYAW,2025-08-13 18:07,-63.4994,44.6397,CYAW 131807Z 13007KT 100V160 1 1/2SM BR OVC003 22/20 A2992 RMK ST8 DENSITY ALT 1245FT VIS VRB 1-2 SLP133
CYAW,2025-08-13 18:51,-63.4994,44.6397,CYAW 131851Z 15004KT 120V200 3SM BR BKN006 OVC032 23/21 A2991 RMK SF6SC2 DENSITY ALT 1441FT SLP127
CYAW,2025-08-13 19:00,-63.4994,44.6397,CYAW 131900Z 21005KT 120V230 8SM BKN007 BKN032 BKN250 24/21 A2991 RMK SF5SC2CI1 DENSITY ALT 1588FT VIS LWR SW QUAD SLP127
CYAW,2025-08-13 19:13,-63.4994,44.6397,CYAW 131913Z 18004KT 160V240 8SM SCT007 BKN013 BKN250 24/21 A2990 RMK SF3SC2CI2 CC ASOCTD DENSITY ALT 1508FT VIS LWR S QUAD SLP125
CYAW,2025-08-13 20:00,-63.4994,44.6397,CYAW 132000Z 16006KT 110V200 15SM BKN008 BKN120 BKN250 25/21 A2989 RMK SF5AC1CI1 DENSITY ALT 1668FT VIS LWR S QUAD FG OVR APCH SLP121
CYAW,2025-08-13 20:15,-63.4994,44.6397,CYAW 132015Z 17006KT 150V210 15SM FEW009 SCT120 SCT250 24/21 A2988 RMK SF2AC1CI1 DENSITY ALT 1622FT VIS LWR S QUAD FG OVR APCH SLP119
CYAW,2025-08-13 20:43,-63.4994,44.6397,CYAW 132043Z 14006KT 100V170 15SM BKN007 23/21 A2988 RMK SF7 DENSITY ALT 1446FT VIS LWR S QUAD FG OVR APCH SLP119
CYAW,2025-08-13 21:00,-63.4994,44.6397,CYAW 132100Z 19006KT 110V210 15SM BKN007 23/21 A2987 RMK SF7 DENSITY ALT 1504FT VIS LWR SW QUAD 3 SLP116
CYAW,2025-08-13 21:26,-63.4994,44.6397,CYAW 132126Z 17007KT 8SM BKN004 22/20 A2987 RMK SF7 DENSITY ALT 1350FT VIS LWR SW QUAD 3 SLP115
CYAW,2025-08-13 22:00,-63.4994,44.6397,CYAW 132200Z 14006KT 5SM BR OVC003 21/20 A2987 RMK SF8 DENSITY ALT 1252FT SLP115
CYAW,2025-08-13 23:00,-63.4994,44.6397,CYAW 132300Z 18004KT 3SM BR OVC003 21/20 A2988 RMK SF8 DENSITY ALT 1214FT SLP118
CYAW,2025-08-13 23:13,-63.4994,44.6397,CYAW 132313Z 19004KT 2SM BR OVC003 21/20 A2988 RMK SF8 DENSITY ALT 1189FT SLP119
CYAW,2025-08-13 23:31,-63.4994,44.6397,CYAW 132331Z CCA 19004KT 150V220 2SM -DZ BR OVC003 21/20 A2989 RMK SF8 DENSITY ALT 1166FT PCPN VRY LGT SLP120
CYAW,2025-08-14 00:00,-63.4994,44.6397,CYAW 140000Z 18004KT 1 1/2SM -DZ BR OVC002 20/20 A2989 RMK SF8 DENSITY ALT 1139FT PCPN VRY LGT SLP121
CYAW,2025-08-14 00:17,-63.4994,44.6397,CYAW 140017Z 18004KT 140V200 3/4SM -DZ BR OVC001 20/20 A2989 RMK SF8 DENSITY ALT 1127FT PCPN VRY LGT SLP121
CYAW,2025-08-14 00:46,-63.4994,44.6397,CYAW 140046Z CCB 24005KT 12SM BKN003 OVC009 20/20 A2990 RMK SF7SF1 DENSITY ALT 1116FT LAST OBS /NEXT 141100 UTC SLP124
CYAW,2025-08-14 11:00,-63.4994,44.6397,CYAW 141100Z 22008KT 6SM BR OVC008 20/18 A2994 RMK SF8 DENSITY ALT 979FT FST OBS SLP138
CYAW,2025-08-14 12:00,-63.4994,44.6397,CYAW 141200Z 21009G15KT 6SM BR OVC004 20/18 A2994 RMK SF8 DENSITY ALT 1004FT SLP140
CYAW,2025-08-14 13:00,-63.4994,44.6397,CYAW 141300Z 20009KT 6SM -DZ BR OVC005 20/19 A2995 RMK SF8 DENSITY ALT 1020FT SLP143
CYAW,2025-08-14 13:17,-63.4994,44.6397,CYAW 141317Z 21010KT 3SM -DZ BR OVC002 20/19 A2996 RMK SF8 DENSITY ALT 988FT VIS VRB 2-4 SLP144
CYAW,2025-08-14 13:31,-63.4994,44.6397,CYAW 141331Z 21009KT 2SM BR OVC002 20/19 A2996 RMK SF8 DENSITY ALT 1002FT VIS VRB 1 1/2-2 1/2 SLP145
CYAW,2025-08-14 14:00,-63.4994,44.6397,CYAW 141400Z 21007KT 3SM BR OVC003 21/19 A2996 RMK SF8 DENSITY ALT 1067FT VIS VRB 2-4 SLP146
CYAW,2025-08-14 14:26,-63.4994,44.6397,CYAW 141426Z 22011G16KT 190V250 6SM -DZ BR OVC004 21/20 A2996 RMK SF8 DENSITY ALT 1119FT SLP147
CYAW,2025-08-14 14:44,-63.4994,44.6397,CYAW 141444Z 22009G17KT 180V240 6SM BR OVC005 21/20 A2996 RMK SF8 DENSITY ALT 1155FT SLP147
CYAW,2025-08-14 15:00,-63.4994,44.6397,CYAW 141500Z 22009G17KT 8SM OVC005 22/20 A2996 RMK SF8 DENSITY ALT 1217FT SLP147
CYAW,2025-08-14 16:00,-63.4994,44.6397,CYAW 141600Z 22010G15KT 8SM OVC005 22/20 A2996 RMK SF8 DENSITY ALT 1240FT SLP145
CYAW,2025-08-14 16:14,-63.4994,44.6397,CYAW 141614Z 21009G16KT 180V240 8SM -DZ OVC005 22/20 A2996 RMK SF8 DENSITY ALT 1251FT VIS LWR NW SLP145
CYAW,2025-08-14 17:00,-63.4994,44.6397,CYAW 141700Z 22010G16KT 10SM OVC007 22/20 A2995 RMK SF8 DENSITY ALT 1274FT SLP144
CYAW,2025-08-14 18:00,-63.4994,44.6397,CYAW 141800Z 23011G18KT 12SM OVC005 22/20 A2996 RMK SF8 DENSITY ALT 1192FT VIS LWR NW SLP145
CYAW,2025-08-14 19:00,-63.4994,44.6397,CYAW 141900Z 23011G18KT 12SM OVC007 22/20 A2996 RMK SF8 DENSITY ALT 1213FT SLP146
CYAW,2025-08-14 20:00,-63.4994,44.6397,CYAW 142000Z 22009KT 12SM BKN008 BKN036 23/20 A2996 RMK SF5SC2 DENSITY ALT 1403FT SLP146
CYAW,2025-08-14 21:00,-63.4994,44.6397,CYAW 142100Z 22007KT 12SM OVC007 22/20 A2997 RMK SF8 DENSITY ALT 1265FT SLP148
CYAW,2025-08-14 22:00,-63.4994,44.6397,CYAW 142200Z 22009KT 15SM BKN008 BKN120 OVC250 22/20 A2996 RMK SF6AC1CI2 DENSITY ALT 1228FT SLP147
CYAW,2025-08-14 23:00,-63.4994,44.6397,CYAW 142300Z 23009G15KT 12SM OVC005 21/20 A2998 RMK SF8 DENSITY ALT 1148FT SLP152
CYAW,2025-08-14 23:33,-63.4994,44.6397,CYAW 142333Z 23007G15KT 12SM OVC004 21/20 A2999 RMK SF8 DENSITY ALT 1113FT SLP156
CYAW,2025-08-15 00:00,-63.4994,44.6397,CYAW 150000Z 23007KT 210V270 12SM OVC004 21/20 A2999 RMK SF8 DENSITY ALT 1127FT SLP157
CYAW,2025-08-15 00:28,-63.4994,44.6397,CYAW 150028Z CCA 22007KT 180V260 12SM BKN005 OVC058 21/20 A3000 RMK SF7SC1 DENSITY ALT 1115FT LTNG 15 NM NW MOV E SLP159
CYAW,2025-08-15 01:00,-63.4994,44.6397,CYAW 150100Z 24007KT 12SM BKN005 OVC064 21/20 A3000 RMK SF6SC2 DENSITY ALT 1127FT LAST OBS /NEXT 151100 UTC SLP159
CYAW,2025-08-15 11:00,-63.4994,44.6397,CYAW 151100Z 01009KT 330V040 12SM BKN007 20/19 A3007 RMK SF7 DENSITY ALT 873FT FST OBS SLP182
CYAW,2025-08-15 12:00,-63.4994,44.6397,CYAW 151200Z 02010G17KT 340V060 15SM SCT008 BKN015 20/17 A3008 RMK SF4SC3 DENSITY ALT 825FT SLP187
CYAW,2025-08-15 13:00,-63.4994,44.6397,CYAW 151300Z 03008G18KT 360V060 15SM FEW020 22/16 A3009 RMK SC1 DENSITY ALT 1033FT SLP191
CYAW,2025-08-15 14:00,-63.4994,44.6397,CYAW 151400Z 03008KT 360V070 15SM FEW020 FEW120 24/16 A3010 RMK SC1AC1 DENSITY ALT 1242FT SLP194
CYAW,2025-08-15 15:00,-63.4994,44.6397,CYAW 151500Z 04012KT 350V060 15SM FEW018 25/15 A3010 RMK SC1 DENSITY ALT 1382FT SLP193
CYAW,2025-08-15 16:00,-63.4994,44.6397,CYAW 151600Z 02012KT 350V050 15SM FEW044 FEW250 27/15 A3009 RMK CF1CI1 DENSITY ALT 1540FT SLP188
CYAW,2025-08-15 17:00,-63.4994,44.6397,CYAW 151700Z 01011G17KT 330V080 15SM FEW030 FEW250 27/14 A3008 RMK CF1CI1 DENSITY ALT 1611FT SLP186
CYAW,2025-08-15 18:00,-63.4994,44.6397,CYAW 151800Z 03009G15KT 330V050 15SM FEW250 27/12 A3008 RMK CI1 DENSITY ALT 1594FT SLP186
CYAW,2025-08-15 19:00,-63.4994,44.6397,CYAW 151900Z CCA 36012G17KT 340V060 15SM FEW250 27/10 A3008 RMK CI1 DENSITY ALT 1591FT LAST OBS /NEXT 181300 UTC SLP187
CYAW,2025-08-18 13:00,-63.4994,44.6397,CYAW 181300Z 36014G20KT 320V020 15SM BKN017 BKN050 16/12 A2993 RMK SC7SC1 DENSITY ALT 460FT FST OBS SLP136
CYAW,2025-08-18 14:00,-63.4994,44.6397,CYAW 181400Z 33015KT 320V020 15SM SCT024 18/11 A2994 RMK CU4 DENSITY ALT 707FT SLP139
CYAW,2025-08-18 15:00,-63.4994,44.6397,CYAW 181500Z 34017G24KT 310V010 15SM SCT036 19/10 A2995 RMK CU3 DENSITY ALT 821FT SLP143
CYAW,2025-08-18 16:00,-63.4994,44.6397,CYAW 181600Z 35012G21KT 330V030 15SM SCT040 20/10 A2996 RMK CU3 DENSITY ALT 901FT SLP145
CYAW,2025-08-18 17:00,-63.4994,44.6397,CYAW 181700Z 35014G27KT 320V030 15SM SCT040 21/10 A2996 RMK CU3 DENSITY ALT 1019FT SLP146
CYAW,2025-08-18 18:00,-63.4994,44.6397,CYAW 181800Z 36015G22KT 15SM SCT040 22/09 A2997 RMK CU3 DENSITY ALT 1033FT SLP148
CYAW,2025-08-18 19:00,-63.4994,44.6397,CYAW 181900Z 33015G24KT 310V020 15SM SCT050 22/09 A2997 RMK SC3 DENSITY ALT 1110FT SLP151
CYAW,2025-08-18 20:00,-63.4994,44.6397,CYAW 182000Z 36016G24KT 330V030 15SM SCT046 SCT250 21/07 A3000 RMK SC3CI1 DENSITY ALT 937FT SLP160
CYAW,2025-08-18 21:00,-63.4994,44.6397,CYAW 182100Z 02014G23KT 340V040 15SM SCT046 SCT250 19/08 A3003 RMK SC3CI1 DENSITY ALT 690FT SLP170
CYAW,2025-08-18 22:00,-63.4994,44.6397,CYAW 182200Z 01012G18KT 340V050 15SM FEW045 FEW250 18/08 A3006 RMK SC1CI1 DENSITY ALT 535FT SLP179
CYAW,2025-08-18 23:00,-63.4994,44.6397,CYAW 182300Z 36010G16KT 15SM FEW040 FEW250 17/07 A3009 RMK SC1CI1 DENSITY ALT 330FT SLP188
CYAW,2025-08-19 00:00,-63.4994,44.6397,CYAW 190000Z 36006KT 340V040 15SM FEW050 FEW250 15/08 A3012 RMK SC1CI1 DENSITY ALT 137FT SLP200
CYAW,2025-08-19 01:00,-63.4994,44.6397,CYAW 190100Z 35003KT 15SM FEW250 14/08 A3014 RMK CI1 DENSITY ALT -87FT SLP208
CYAW,2025-08-19 02:00,-63.4994,44.6397,CYAW 190200Z CCA 35006KT 15SM SKC 14/08 A3015 RMK DENSITY ALT -122FT LAST OBS /NEXT 191300 UTC SLP211
CYAW,2025-08-19 13:00,-63.4994,44.6397,CYAW 191300Z 33010KT 300V010 15SM FEW020 FEW050 FEW250 18/09 A3020 RMK CU1SC1CI1 DENSITY ALT 351FT FST OBS SLP228
CYAW,2025-08-19 14:00,-63.4994,44.6397,CYAW 191400Z 36010G19KT 15SM FEW050 FEW250 19/05 A3020 RMK CU1CC1 DENSITY ALT 455FT SLP226
CYAW,2025-08-19 15:00,-63.4994,44.6397,CYAW 191500Z 02011G17KT 320V040 15SM FEW050 FEW180 FEW250 20/07 A3019 RMK CU1AC1CC1 DENSITY ALT 598FT SLP222
CYAW,2025-08-19 16:00,-63.4994,44.6397,CYAW 191600Z 33014KT 310V070 15SM FEW050 FEW180 FEW250 21/05 A3017 RMK CU1AC1CI1 DENSITY ALT 722FT SLP218
CYAW,2025-08-19 17:00,-63.4994,44.6397,CYAW 191700Z 36007G15KT 330V040 15SM FEW050 FEW180 FEW250 22/06 A3016 RMK CU1AC1CI1 DENSITY ALT 823FT SLP215
CYAW,2025-08-19 18:00,-63.4994,44.6397,CYAW 191800Z 02007G18KT 340V040 15SM FEW050 SCT250 22/06 A3015 RMK CU1CI2 DENSITY ALT 822FT SLP211
CYAW,2025-08-19 19:00,-63.4994,44.6397,CYAW 191900Z 34007G15KT 290V030 15SM FEW050 BKN250 22/05 A3015 RMK CU1CI5 DENSITY ALT 848FT SLP209
CYAW,2025-08-19 20:00,-63.4994,44.6397,CYAW 192000Z 03007G16KT 320V050 15SM FEW050 FEW120 BKN250 22/06 A3015 RMK CU1AC1CI6 DENSITY ALT 832FT SLP211
CYAW,2025-08-19 21:00,-63.4994,44.6397,CYAW 192100Z 01010KT 340V050 15SM FEW050 BKN250 21/05 A3015 RMK SC1CI7 DENSITY ALT 684FT SLP212
CYAW,2025-08-19 22:00,-63.4994,44.6397,CYAW 192200Z 03008G15KT 15SM FEW050 BKN250 19/04 A3016 RMK SC1CI6 DENSITY ALT 486FT SLP215
CYAW,2025-08-19 23:00,-63.4994,44.6397,CYAW 192300Z 03008KT 15SM FEW070 BKN250 17/04 A3018 RMK AC1CI6 DENSITY ALT 275FT SLP223
CYAW,2025-08-20 00:00,-63.4994,44.6397,CYAW 200000Z 03007KT 15SM FEW180 SCT250 16/05 A3021 RMK AC1CI2 DENSITY ALT 22FT SLP232
CYAW,2025-08-20 01:00,-63.4994,44.6397,CYAW 200100Z 03007KT 15SM FEW250 14/05 A3022 RMK CI1 DENSITY ALT -131FT SLP234
CYAW,2025-08-20 02:00,-63.4994,44.6397,CYAW 200200Z CCA 06004KT 15SM FEW250 13/06 A3022 RMK CI1 DENSITY ALT -283FT LAST OBS /NEXT 201300 UTC SLP234
CYAW,2025-08-20 13:00,-63.4994,44.6397,CYAW 201300Z 09004KT 020V170 15SM SCT190 BKN250 17/08 A3023 RMK AC4CI3 DENSITY ALT 209FT FST OBS SLP239
CYAW,2025-08-20 14:00,-63.4994,44.6397,CYAW 201400Z 09005KT 040V150 15SM FEW110 BKN190 BKN250 17/07 A3024 RMK AC1AC4CI2 DENSITY ALT 206FT SLP241
CYAW,2025-08-20 15:00,-63.4994,44.6397,CYAW 201500Z 13003KT 15SM FEW110 FEW190 BKN250 19/07 A3023 RMK AC1AC2CI5 DENSITY ALT 380FT SLP237
CYAW,2025-08-20 16:00,-63.4994,44.6397,CYAW 201600Z 16003KT 15SM FEW110 FEW190 BKN250 19/07 A3021 RMK AC1AC2CI5 DENSITY ALT 415FT SLP232
CYAW,2025-08-20 17:00,-63.4994,44.6397,CYAW 201700Z 17006KT 140V220 15SM FEW110 FEW190 BKN250 20/08 A3020 RMK AC1AC2CI5 DENSITY ALT 576FT SLP230
CYAW,2025-08-20 18:00,-63.4994,44.6397,CYAW 201800Z 19005KT 15SM FEW045 FEW110 SCT190 BKN250 19/08 A3020 RMK CU1AC1AC4CI3 DENSITY ALT 519FT SLP226
CYAW,2025-08-20 19:00,-63.4994,44.6397,CYAW 201900Z 18007KT 150V220 15SM FEW045 FEW110 FEW190 BKN250 19/09 A3020 RMK CU1AC1AC1CI5 DENSITY ALT 502FT SLP228
CYAW,2025-08-20 20:00,-63.4994,44.6397,CYAW 202000Z 18007KT 15SM FEW045 FEW110 FEW190 BKN250 19/10 A3019 RMK SC1AC1AC1CI6 DENSITY ALT 546FT SLP224
CYAW,2025-08-20 21:00,-63.4994,44.6397,CYAW 202100Z 21009KT 180V240 15SM FEW050 FEW110 BKN250 18/10 A3020 RMK SC1AC1CI7 DENSITY ALT 415FT SLP226
CYAW,2025-08-20 22:00,-63.4994,44.6397,CYAW 202200Z 23006KT 200V260 15SM SCT110 OVC250 18/10 A3019 RMK AC3CI5 DENSITY ALT 348FT SLP226
CYAW,2025-08-20 23:00,-63.4994,44.6397,CYAW 202300Z 22005KT 15SM FEW070 SCT170 OVC250 17/10 A3020 RMK AC2AC1CI5 DENSITY ALT 232FT SLP227
CYAW,2025-08-21 00:00,-63.4994,44.6397,CYAW 210000Z 25005KT 220V320 15SM SCT170 OVC250 17/10 A3021 RMK AC4CI4 DENSITY ALT 194FT SLP230
CYAW,2025-08-21 01:00,-63.4994,44.6397,CYAW 210100Z 26004KT 15SM BKN160 OVC250 16/11 A3021 RMK AC6CI2 DENSITY ALT 168FT SLP231
CYAW,2025-08-21 02:00,-63.4994,44.6397,CYAW 210200Z CCA 28006KT 15SM SCT160 BKN250 16/11 A3020 RMK AC4CI2 DENSITY ALT 190FT LAST OBS /NEXT 211300 UTC SLP229
CYAW,2025-08-21 13:00,-63.4994,44.6397,CYAW 211300Z 03003KT 15SM FEW020 FEW160 FEW250 20/08 A3018 RMK CF1AC1CI1 DENSITY ALT 548FT FST OBS SLP219
CYAW,2025-08-21 14:00,-63.4994,44.6397,CYAW 211400Z 18005KT 160V220 15SM FEW030 FEW160 FEW250 21/09 A3017 RMK CF1AC1CI1 DENSITY ALT 693FT SLP217
CYAW,2025-08-21 15:00,-63.4994,44.6397,CYAW 211500Z 16005KT 130V240 15SM FEW040 FEW160 FEW250 21/09 A3015 RMK CF1AC1CI1 DENSITY ALT 782FT SLP210
CYAW,2025-08-21 16:00,-63.4994,44.6397,CYAW 211600Z 18004KT 140V210 15SM FEW040 FEW250 22/09 A3012 RMK CU1CI1 DENSITY ALT 935FT SLP201
CYAW,2025-08-21 17:00,-63.4994,44.6397,CYAW 211700Z 17012KT 150V210 15SM SCT045 SCT250 22/10 A3012 RMK CU3CI1 DENSITY ALT 894FT SLP199
CYAW,2025-08-21 18:00,-63.4994,44.6397,CYAW 211800Z 18010KT 15SM FEW045 SCT250 22/09 A3010 RMK CU2CI1 DENSITY ALT 935FT SLP192
CYAW,2025-08-21 19:00,-63.4994,44.6397,CYAW 211900Z 17012KT 150V210 15SM FEW045 SCT250 22/11 A3009 RMK CU2CI1 DENSITY ALT 963FT SLP190
CYAW,2025-08-21 20:00,-63.4994,44.6397,CYAW 212000Z 17009KT 15SM FEW045 SCT250 22/12 A3008 RMK CU2CI1 DENSITY ALT 957FT SLP186
CYAW,2025-08-21 21:00,-63.4994,44.6397,CYAW 212100Z 20007KT 15SM FEW045 SCT250 22/09 A3007 RMK SC1CI2 DENSITY ALT 921FT SLP183
CYAW,2025-08-21 22:00,-63.4994,44.6397,CYAW 212200Z 21006KT 15SM FEW045 SCT120 BKN250 20/12 A3006 RMK SC1AC2CI4 DENSITY ALT 784FT SLP180
CYAW,2025-08-21 23:00,-63.4994,44.6397,CYAW 212300Z CCA 22004KT 15SM FEW045 SCT120 BKN250 19/11 A3005 RMK SC1AC3CI3 DENSITY ALT 649FT LAST OBS /NEXT 221000 UTC SLP177
CYAW,2025-08-22 10:00,-63.4994,44.6397,CYAW 221000Z 05009KT 15SM FEW020 BKN180 BKN250 15/13 A2990 RMK CU1AC6CI1 DENSITY ALT 344FT FST OBS SLP127
CYAW,2025-08-22 11:00,-63.4994,44.6397,CYAW 221100Z 04010G15KT 15SM FEW020 BKN180 BKN250 15/13 A2989 RMK CU1AC6CI1 DENSITY ALT 415FT SLP123
CYAW,2025-08-22 12:00,-63.4994,44.6397,CYAW 221200Z 06010G16KT 020V080 15SM FEW020 BKN180 BKN250 16/13 A2987 RMK CU1AC6CI1 DENSITY ALT 575FT SLP115
CYAW,2025-08-22 13:00,-63.4994,44.6397,CYAW 221300Z 06012G21KT 15SM FEW020 BKN180 BKN250 17/12 A2986 RMK CF1AC6CI1 DENSITY ALT 645FT SLP112
CYAW,2025-08-22 14:00,-63.4994,44.6397,CYAW 221400Z 07012G22KT 030V100 15SM FEW020 BKN180 BKN250 18/10 A2985 RMK CF1AC5CI2 DENSITY ALT 740FT SLP111
CYAW,2025-08-22 15:00,-63.4994,44.6397,CYAW 221500Z 06012G22KT 030V090 15SM FEW020 BKN180 BKN250 19/10 A2984 RMK CU1AC6CI1 DENSITY ALT 854FT SLP105
CYAW,2025-08-22 16:00,-63.4994,44.6397,CYAW 221600Z 05014G26KT 010V090 15SM FEW020 BKN180 BKN250 20/09 A2984 RMK CU1AC5CI2 DENSITY ALT 1015FT SLP105
CYAW,2025-08-22 17:00,-63.4994,44.6397,CYAW 221700Z 04020G28KT 010V100 15SM FEW020 FEW180 BKN250 22/08 A2982 RMK CU1AC2CI5 DENSITY ALT 1205FT SLP098
CYAW,2025-08-22 18:00,-63.4994,44.6397,CYAW 221800Z CCA 06014G23KT 030V100 15SM FEW040 FEW180 BKN250 23/08 A2980 RMK CF1AC2CI4 DENSITY ALT 1401FT LAST OBS /NEXT 251400 UTC SLP094
CYAW,2025-08-25 14:00,-63.4994,44.6397,CYAW 251400Z 18008KT 12SM FEW007 FEW031 BKN040 21/19 A3003 RMK SF1SC2SC5 DENSITY ALT 988FT FST OBS SLP170
CYAW,2025-08-25 15:00,-63.4994,44.6397,CYAW 251500Z 17008KT 6SM BR BKN007 OVC024 21/19 A3001 RMK SF5SC3 DENSITY ALT 1011FT SLP164
CYAW,2025-08-25 15:19,-63.4994,44.6397,CYAW 251519Z 17008KT 6SM -SHRA BR BKN007 OVC026 20/19 A3000 RMK SF6SC2 DENSITY ALT 951FT SLP161
CYAW,2025-08-25 16:00,-63.4994,44.6397,CYAW 251600Z 18009KT 2 1/2SM -SHRA BR OVC004 20/19 A2999 RMK SF8 DENSITY ALT 979FT VIS VRB 1 1/2-4 SLP155
CYAW,2025-08-25 16:44,-63.4994,44.6397,CYAW 251644Z 15010KT 5SM -SHRA BR SCT005 BKN028 OVC040 20/19 A2997 RMK SF4SC3SC1 DENSITY ALT 1017FT SLP149
CYAW,2025-08-25 17:00,-63.4994,44.6397,CYAW 251700Z 16009KT 5SM -SHRA BR BKN004 BKN028 OVC040 20/19 A2997 RMK SF5SC2SC1 DENSITY ALT 1017FT SLP149
CYAW,2025-08-25 17:21,-63.4994,44.6397,CYAW 251721Z 17009KT 3SM -SHRA BR OVC004 20/19 A2997 RMK SF8 DENSITY ALT 992FT SLP149
CYAW,2025-08-25 18:00,-63.4994,44.6397,CYAW 251800Z 16011G17KT 3SM -SHRA BR OVC003 20/19 A2996 RMK SF8 DENSITY ALT 978FT VIS VRB 2 1/4-4 SLP145
CYAW,2025-08-25 18:45,-63.4994,44.6397,CYAW 251845Z 15011KT 3SM -SHRA BR SCT004 BKN032 OVC050 20/19 A2994 RMK SF3SC3SC2 DENSITY ALT 971FT SLP140
CYAW,2025-08-25 19:00,-63.4994,44.6397,CYAW 251900Z 15012KT 3SM -SHRA BR SCT004 BKN030 OVC070 19/18 A2993 RMK SF3SC2AC3 DENSITY ALT 944FT SLP135
CYAW,2025-08-25 19:12,-63.4994,44.6397,CYAW 251912Z 16011KT 3SM SHRA BR SCT004 BKN030 OVC068 19/18 A2993 RMK SF3SC2AC3 DENSITY ALT 933FT SLP137
CYAW,2025-08-25 19:47,-63.4994,44.6397,CYAW 251947Z 14011KT 3SM -SHRA BR SCT004 BKN030 OVC070 19/18 A2992 RMK SF4SC2AC2 DENSITY ALT 931FT SLP131
CYAW,2025-08-25 20:00,-63.4994,44.6397,CYAW 252000Z 14011G16KT 3SM SHRA BR BKN004 OVC042 19/18 A2991 RMK SF6SC2 DENSITY ALT 942FT SLP131
CYAW,2025-08-25 20:41,-63.4994,44.6397,CYAW 252041Z 14014G20KT 2 1/2SM +SHRA BR BKN004 OVC028 19/18 A2988 RMK SF7SC1 DENSITY ALT 965FT SLP118
CYAW,2025-08-25 21:00,-63.4994,44.6397,CYAW 252100Z 14011G19KT 2 1/2SM +SHRA BR BKN004 OVC024 19/18 A2986 RMK SF6SC2 DENSITY ALT 973FT VIS VRB 1 1/2-4 /R10/ SLP112
CYAW,2025-08-25 21:43,-63.4994,44.6397,CYAW 252143Z 13009G18KT 100V160 2 1/2SM SHRA BR BKN003 OVC019 18/18 A2982 RMK ST7SC1 DENSITY ALT 954FT SLP099
CYAW,2025-08-25 22:00,-63.4994,44.6397,CYAW 252200Z 13007KT 080V160 2 1/2SM SHRA BR BKN004 OVC019 19/18 A2984 RMK ST7SC1 DENSITY ALT 969FT SLP107
CYAW,2025-08-25 22:09,-63.4994,44.6397,CYAW 252209Z 10009KT 070V140 2SM +SHRA BR OVC004 19/18 A2982 RMK ST8 DENSITY ALT 1007FT SLP096
CYAW,2025-08-25 22:31,-63.4994,44.6397,CYAW 252231Z CCA 10009KT 070V130 2SM SHRA BR OVC003 19/18 A2980 RMK ST8 DENSITY ALT 1057FT PRESFR SLP092
CYAW,2025-08-25 22:50,-63.4994,44.6397,CYAW 252250Z 10010G17KT 2 1/2SM -SHRA BR BKN003 OVC020 19/18 A2978 RMK ST7SC1 DENSITY ALT 1080FT PRESFR SLP083
CYAW,2025-08-25 23:00,-63.4994,44.6397,CYAW 252300Z 09010G15KT 060V120 2 1/2SM -SHRA BR BKN003 OVC020 19/18 A2976 RMK ST7SC1 DENSITY ALT 1103FT PRESFR /R25/ LAST OBS /NEXT 261400 UTC SLP079
CYAW,2025-08-26 14:00,-63.4994,44.6397,CYAW 261400Z 23009G15KT 12SM BKN008 OVC011 20/18 A2986 RMK SF5SC3 DENSITY ALT 1035FT FST OBS SLP112
CYAW,2025-08-26 14:22,-63.4994,44.6397,CYAW 261422Z 23012KT 12SM -SHRA BKN007 OVC011 19/18 A2987 RMK SF6SC2 DENSITY ALT 1001FT SLP113
CYAW,2025-08-26 15:00,-63.4994,44.6397,CYAW 261500Z 25009G16KT 12SM OVC005 19/17 A2987 RMK SF8 DENSITY ALT 916FT SLP116
CYAW,2025-08-26 15:20,-63.4994,44.6397,CYAW 261520Z 23008KT 12SM -SHRA OVC005 19/18 A2986 RMK SF8 DENSITY ALT 954FT PCPN VRY LGT SLP113
CYAW,2025-08-26 16:00,-63.4994,44.6397,CYAW 261600Z 21010G16KT 5SM -DZ BR OVC005 19/18 A2986 RMK SF8 DENSITY ALT 1029FT SLP111
CYAW,2025-08-26 16:21,-63.4994,44.6397,CYAW 261621Z 22013G18KT 6SM BR OVC006 20/18 A2985 RMK SF8 DENSITY ALT 1063FT SLP110
CYAW,2025-08-26 17:00,-63.4994,44.6397,CYAW 261700Z 23009G15KT 190V250 10SM BKN006 OVC011 20/18 A2986 RMK SF7SC1 DENSITY ALT 1038FT SLP113
CYAW,2025-08-26 18:00,-63.4994,44.6397,CYAW 261800Z 23008G15KT 200V260 15SM BKN005 OVC011 20/18 A2986 RMK SF6SC2 DENSITY ALT 1101FT SLP112
CYAW,2025-08-26 19:00,-63.4994,44.6397,CYAW 261900Z 22010KT 15SM BKN007 OVC012 21/18 A2985 RMK SF5SC3 DENSITY ALT 1185FT SLP107
CYAW,2025-08-26 19:19,-63.4994,44.6397,CYAW 261919Z 21010KT 15SM SCT008 BKN012 21/18 A2985 RMK SF3SC4 DENSITY ALT 1245FT SLP107
CYAW,2025-08-26 20:00,-63.4994,44.6397,CYAW 262000Z 23009KT 15SM FEW008 SCT012 BKN250 21/18 A2985 RMK SF2SC2CI2 CU ASOCTD DENSITY ALT 1268FT SLP107
CYAW,2025-08-26 21:00,-63.4994,44.6397,CYAW 262100Z 21009KT 15SM FEW012 FEW120 SCT250 22/18 A2985 RMK SC2AC1CI2 CU ASOCTD DENSITY ALT 1326FT SLP108
CYAW,2025-08-26 22:00,-63.4994,44.6397,CYAW 262200Z 22007KT 15SM FEW012 FEW035 FEW120 FEW250 21/18 A2985 RMK SF1CU1AC1CI1 DENSITY ALT 1179FT SLP108
CYAW,2025-08-26 23:00,-63.4994,44.6397,CYAW 262300Z 22005KT 15SM FEW035 FEW120 FEW250 19/17 A2987 RMK CU1AC1CI1 DENSITY ALT 960FT SLP115
CYAW,2025-08-27 00:00,-63.4994,44.6397,CYAW 270000Z 23005KT 15SM FEW120 FEW250 18/17 A2988 RMK AC1CI1 DENSITY ALT 870FT SLP121
CYAW,2025-08-27 01:00,-63.4994,44.6397,CYAW 270100Z 23008KT 210V290 15SM SKC 18/16 A2990 RMK DENSITY ALT 800FT SLP125
CYAW,2025-08-27 02:00,-63.4994,44.6397,CYAW 270200Z 26007KT 15SM SKC 18/15 A2991 RMK DENSITY ALT 759FT SLP129
CYAW,2025-08-27 02:41,-63.4994,44.6397,CYAW 270241Z 27006KT 15SM SKC 17/14 A2992 RMK DENSITY ALT 668FT LAST OBS /NEXT 271400 UTC SLP131
CYAW,2025-08-27 14:00,-63.4994,44.6397,CYAW 271400Z 24003KT 190V290 15SM BKN250 19/14 A2996 RMK CI7 CC ASOCTD DENSITY ALT 816FT FST OBS SLP145
CYAW,2025-08-27 15:00,-63.4994,44.6397,CYAW 271500Z 25005KT 220V280 15SM FEW180 BKN250 20/13 A2995 RMK AC2CI5 DENSITY ALT 899FT SLP141
CYAW,2025-08-27 16:00,-63.4994,44.6397,CYAW 271600Z 26007KT 15SM FEW180 BKN250 21/12 A2995 RMK AC2CI5 DENSITY ALT 992FT SLP142
CYAW,2025-08-27 17:00,-63.4994,44.6397,CYAW 271700Z 24008KT 210V270 15SM FEW036 SCT180 BKN250 21/12 A2994 RMK CF1AC3CI3 DENSITY ALT 1000FT SLP138
CYAW,2025-08-27 18:00,-63.4994,44.6397,CYAW 271800Z 26007KT 210V280 15SM FEW040 SCT180 BKN250 21/11 A2992 RMK CU1AC3CI3 DENSITY ALT 1089FT SLP133
CYAW,2025-08-27 19:00,-63.4994,44.6397,CYAW 271900Z 23005KT 15SM FEW040 FEW180 BKN250 22/11 A2991 RMK SC1AC1CI5 DENSITY ALT 1120FT SLP129
CYAW,2025-08-27 20:00,-63.4994,44.6397,CYAW 272000Z 20006KT 160V220 15SM FEW040 FEW180 BKN250 22/12 A2990 RMK SC1AC1CI3 DENSITY ALT 1221FT SLP125
CYAW,2025-08-27 21:00,-63.4994,44.6397,CYAW 272100Z 18006KT 15SM FEW040 FEW180 SCT250 21/14 A2989 RMK SC2AC1CI2 DENSITY ALT 1094FT SLP123
CYAW,2025-08-27 22:00,-63.4994,44.6397,CYAW 272200Z 18004KT 15SM SCT040 SCT090 BKN250 19/16 A2990 RMK SC3AC1CI4 DENSITY ALT 849FT SLP126
CYAW,2025-08-27 23:00,-63.4994,44.6397,CYAW 272300Z 23004KT 15SM FEW040 BKN090 BKN250 18/16 A2990 RMK SC1AC4CI2 DENSITY ALT 810FT SLP127
CYAW,2025-08-28 00:00,-63.4994,44.6397,CYAW 280000Z 24003KT 15SM FEW050 BKN100 BKN250 18/16 A2992 RMK SC2AC3CI1 DENSITY ALT 792FT SLP132
CYAW,2025-08-28 01:00,-63.4994,44.6397,CYAW 280100Z 17002KT 15SM FEW055 FEW090 FEW250 18/16 A2992 RMK SC1AC1CI1 DENSITY ALT 708FT SLP134
CYAW,2025-08-28 02:00,-63.4994,44.6397,CYAW 280200Z 34002KT 15SM FEW055 BKN090 17/16 A2993 RMK SC2AC3 DENSITY ALT 660FT SLP135
CYAW,2025-08-28 03:00,-63.4994,44.6397,CYAW 280300Z 30009KT 15SM FEW055 BKN090 18/15 A2994 RMK SC2AC3 DENSITY ALT 733FT SLP138
CYAW,2025-08-28 04:00,-63.4994,44.6397,CYAW 280400Z 31008KT 15SM FEW055 SCT090 17/13 A2994 RMK SC2AC2 DENSITY ALT 625FT SLP140
CYAW,2025-08-28 04:51,-63.4994,44.6397,CYAW 280451Z 30006KT 250V310 15SM FEW055 SCT090 17/12 A2995 RMK SC2AC2 DENSITY ALT 534FT LAST OBS /NEXT 281400 UTC SLP141
CYAW,2025-08-28 14:00,-63.4994,44.6397,CYAW 281400Z 27009KT 240V300 15SM FEW030 22/11 A3007 RMK CF1 DENSITY ALT 937FT FST OBS SLP183
CYAW,2025-08-28 15:00,-63.4994,44.6397,CYAW 281500Z 28013KT 15SM FEW030 23/09 A3008 RMK CU1 DENSITY ALT 1026FT SLP185
CYAW,2025-08-28 16:00,-63.4994,44.6397,CYAW 281600Z 26011KT 15SM FEW035 23/10 A3007 RMK CU1 DENSITY ALT 1057FT SLP185
CYAW,2025-08-28 17:00,-63.4994,44.6397,CYAW 281700Z 24009KT 220V290 15SM FEW040 23/12 A3008 RMK CU1 DENSITY ALT 1085FT SLP185
CYAW,2025-08-28 18:00,-63.4994,44.6397,CYAW 281800Z 23010G16KT 180V290 15SM FEW050 24/13 A3007 RMK CU1 DENSITY ALT 1222FT SLP184
CYAW,2025-08-28 19:00,-63.4994,44.6397,CYAW 281900Z 23010G15KT 200V270 15SM FEW050 23/13 A3008 RMK CU1 DENSITY ALT 1149FT SLP185
CYAW,2025-08-28 20:00,-63.4994,44.6397,CYAW 282000Z 22012KT 15SM FEW050 23/13 A3008 RMK SC1 DENSITY ALT 1082FT CU ASOCTD SLP188
CYAW,2025-08-28 21:00,-63.4994,44.6397,CYAW 282100Z 21007KT 180V250 15SM FEW050 22/15 A3009 RMK SC1 DENSITY ALT 1007FT SLP190
CYAW,2025-08-28 22:00,-63.4994,44.6397,CYAW 282200Z 21008KT 15SM FEW050 FEW250 20/14 A3010 RMK SC1CI2 DENSITY ALT 811FT LAST OBS /NEXT 291100 UTC SLP193
CYAW,2025-08-29 11:00,-63.4994,44.6397,CYAW 291100Z 00000KT 15SM FEW120 SCT250 15/14 A3018 RMK AC1CI2 DENSITY ALT 57FT FST OBS SLP220
CYAW,2025-08-29 12:00,-63.4994,44.6397,CYAW 291200Z 15002KT 15SM FEW020 FEW120 FEW250 18/13 A3019 RMK CU1AC1CI2 DENSITY ALT 370FT SLP223
CYAW,2025-08-29 13:00,-63.4994,44.6397,CYAW 291300Z 17009KT 140V210 15SM FEW020 BKN250 20/14 A3018 RMK CU2CI3 DENSITY ALT 654FT SLP221
CYAW,2025-08-29 14:00,-63.4994,44.6397,CYAW 291400Z 17011KT 15SM SCT055 OVC250 20/14 A3018 RMK CU3CI5 DENSITY ALT 700FT SLP220
CYAW,2025-08-29 15:00,-63.4994,44.6397,CYAW 291500Z 17009KT 150V210 15SM FEW055 BKN250 21/14 A3017 RMK CU2CI5 DENSITY ALT 796FT SLP216
CYAW,2025-08-29 16:00,-63.4994,44.6397,CYAW 291600Z 18008KT 150V210 15SM FEW055 BKN250 21/11 A3015 RMK CU1CI6 DENSITY ALT 752FT SLP210
CYAW,2025-08-29 17:00,-63.4994,44.6397,CYAW 291700Z 18008G16KT 150V210 15SM FEW055 BKN250 20/14 A3015 RMK CU1CI6 DENSITY ALT 740FT SLP211
CYAW,2025-08-29 17:34,-63.4994,44.6397,CYAW 291734Z 17008KT 15SM FEW055 BKN250 20/14 A3014 RMK CU1CI6 DENSITY ALT 715FT LAST OBS /NEXT 021400 UTC SLP208
CYAW,2025-09-02 14:00,-63.4994,44.6397,CYAW 021400Z 02002KT 15SM FEW020 SCT250 21/13 A3020 RMK CF1CI3 DENSITY ALT 805FT FST OBS SLP227
CYAW,2025-09-02 15:00,-63.4994,44.6397,CYAW 021500Z 18008KT 170V230 15SM FEW028 SCT250 22/16 A3018 RMK CU1CI3 DENSITY ALT 916FT SLP221
CYAW,2025-09-02 16:00,-63.4994,44.6397,CYAW 021600Z 17009KT 15SM FEW028 SCT250 22/16 A3017 RMK CU1CI3 DENSITY ALT 987FT SLP217
CYAW,2025-09-02 17:00,-63.4994,44.6397,CYAW 021700Z 18010G15KT 15SM FEW024 SCT250 22/15 A3016 RMK CU1CI3 DENSITY ALT 972FT SLP213
CYAW,2025-09-02 18:00,-63.4994,44.6397,CYAW 021800Z 18008KT 150V210 15SM FEW024 SCT250 23/16 A3013 RMK CU1CI3 DENSITY ALT 1057FT SLP204
CYAW,2025-09-02 19:00,-63.4994,44.6397,CYAW 021900Z 18008KT 15SM FEW024 SCT250 22/15 A3013 RMK CU1CI3 DENSITY ALT 965FT SLP202
CYAW,2025-09-02 20:00,-63.4994,44.6397,CYAW 022000Z 18008KT 15SM FEW025 BKN250 21/15 A3012 RMK CF1CI6 DENSITY ALT 911FT SLP202
CYAW,2025-09-02 21:00,-63.4994,44.6397,CYAW 022100Z 19007KT 15SM FEW021 BKN250 21/15 A3011 RMK CF1CI7 DENSITY ALT 844FT SLP197
CYAW,2025-09-02 21:17,-63.4994,44.6397,CYAW 022117Z 19006KT 15SM FEW021 BKN250 20/15 A3011 RMK CF1CI7 DENSITY ALT 797FT LAST OBS /NEXT 031400 UTC SLP197
CYAW,2025-09-03 14:00,-63.4994,44.6397,CYAW 031400Z 20006KT 15SM FEW020 FEW040 SCT250 21/13 A3002 RMK CF1SC1CI4 DENSITY ALT 915FT FST OBS SLP168
CYAW,2025-09-03 15:00,-63.4994,44.6397,CYAW 031500Z 18008KT 150V210 15SM FEW030 BKN250 21/14 A3002 RMK SC1CI5 DENSITY ALT 927FT CU ASOCTD SLP166
CYAW,2025-09-03 16:00,-63.4994,44.6397,CYAW 031600Z 18009G15KT 150V210 15SM FEW030 BKN250 21/15 A3001 RMK SC1CI5 DENSITY ALT 988FT CU ASOCTD SLP162
CYAW,2025-09-03 17:00,-63.4994,44.6397,CYAW 031700Z 17009G17KT 15SM FEW030 FEW250 21/15 A3000 RMK CU1CI2 DENSITY ALT 1027FT SLP158
CYAW,2025-09-03 18:00,-63.4994,44.6397,CYAW 031800Z 17008KT 15SM FEW030 FEW120 SCT250 21/15 A2997 RMK CU1AC1CI3 DENSITY ALT 1043FT SLP150
CYAW,2025-09-03 19:00,-63.4994,44.6397,CYAW 031900Z 16013KT 15SM FEW030 FEW120 FEW250 21/15 A2996 RMK CU1AC1CI2 DENSITY ALT 1006FT SLP145
CYAW,2025-09-03 20:00,-63.4994,44.6397,CYAW 032000Z 19007KT 150V210 15SM FEW020 FEW120 FEW250 20/15 A2995 RMK CU1AC1CI2 DENSITY ALT 993FT SLP144
CYAW,2025-09-03 21:00,-63.4994,44.6397,CYAW 032100Z 18007KT 15SM FEW020 SCT110 BKN250 19/14 A2995 RMK CU1AC3CI2 DENSITY ALT 813FT SLP143
CYAW,2025-09-03 22:00,-63.4994,44.6397,CYAW 032200Z 19007KT 15SM FEW020 SCT110 BKN250 18/14 A2994 RMK SC1AC2CI2 DENSITY ALT 726FT SLP141
CYAW,2025-09-03 23:00,-63.4994,44.6397,CYAW 032300Z 19003KT 15SM FEW020 FEW110 FEW250 17/14 A2994 RMK SC1AC1CI1 DENSITY ALT 605FT SLP139
CYAW,2025-09-04 00:00,-63.4994,44.6397,CYAW 040000Z 22004KT 15SM FEW020 FEW110 FEW250 16/13 A2996 RMK SC1AC1CI1 DENSITY ALT 485FT SLP145
CYAW,2025-09-04 01:00,-63.4994,44.6397,CYAW 040100Z 25002KT 15SM FEW020 FEW110 15/13 A2995 RMK SC1AC1 DENSITY ALT 348FT SLP144
CYAW,2025-09-04 01:32,-63.4994,44.6397,CYAW 040132Z 00000KT 15SM FEW020 14/12 A2995 RMK SC1 DENSITY ALT 246FT LAST OBS /NEXT 041400 UTC SLP142
CYAW,2025-09-04 14:00,-63.4994,44.6397,CYAW 041400Z 18004KT 160V240 15SM FEW024 FEW040 20/14 A2998 RMK CF1SC1 DENSITY ALT 904FT FST OBS SLP154
CYAW,2025-09-04 15:00,-63.4994,44.6397,CYAW 041500Z 21007KT 150V220 15SM FEW024 FEW040 21/15 A2998 RMK CF1SC1 DENSITY ALT 995FT SLP153
CYAW,2025-09-04 16:00,-63.4994,44.6397,CYAW 041600Z 17008KT 15SM FEW024 FEW080 21/14 A2998 RMK CF1AC1 DENSITY ALT 990FT SLP152
CYAW,2025-09-04 17:00,-63.4994,44.6397,CYAW 041700Z 17013KT 15SM FEW028 FEW080 21/14 A2997 RMK CF1AC1 DENSITY ALT 1023FT SLP150
CYAW,2025-09-04 18:00,-63.4994,44.6397,CYAW 041800Z 21011KT 160V230 15SM FEW030 FEW080 22/14 A2997 RMK CF1AC1 DENSITY ALT 1129FT SLP149
CYAW,2025-09-04 19:00,-63.4994,44.6397,CYAW 041900Z 17009KT 15SM FEW080 22/14 A2996 RMK AC1 DENSITY ALT 1127FT SLP148
CYAW,2025-09-04 20:00,-63.4994,44.6397,CYAW 042000Z 20007KT 170V230 15SM FEW080 FEW250 22/13 A2997 RMK AC1CI1 DENSITY ALT 1100FT SLP151
CYAW,2025-09-04 21:00,-63.4994,44.6397,CYAW 042100Z 21008KT 15SM FEW028 FEW080 FEW250 21/14 A2997 RMK CF1AC1CI1 DENSITY ALT 1023FT SLP148
CYAW,2025-09-04 22:00,-63.4994,44.6397,CYAW 042200Z 21010KT 15SM FEW080 FEW250 20/14 A2997 RMK AC1CI1 DENSITY ALT 853FT SLP149
CYAW,2025-09-04 23:00,-63.4994,44.6397,CYAW 042300Z 22006KT 15SM FEW080 FEW250 18/15 A2998 RMK AC1CI1 DENSITY ALT 663FT SLP153
CYAW,2025-09-05 00:00,-63.4994,44.6397,CYAW 050000Z 22005KT 15SM FEW030 FEW250 17/15 A3000 RMK SC1CI1 DENSITY ALT 573FT SLP158
CYAW,2025-09-05 01:00,-63.4994,44.6397,CYAW 050100Z 21004KT 15SM FEW030 FEW250 17/16 A3000 RMK SC1CI1 DENSITY ALT 539FT SLP158
CYAW,2025-09-05 02:00,-63.4994,44.6397,CYAW 050200Z 22005KT 15SM FEW030 FEW250 17/15 A3001 RMK SC1CI1 DENSITY ALT 479FT LAST OBS /NEXT 051100 UTC SLP162
CYAW,2025-09-05 11:00,-63.4994,44.6397,CYAW 051100Z 16004KT 15SM SCT009 BKN048 20/19 A3007 RMK SF3SC4 DENSITY ALT 823FT FST OBS SLP182
CYAW,2025-09-05 11:15,-63.4994,44.6397,CYAW 051115Z 15005KT 120V180 15SM BKN008 BKN048 20/19 A3007 RMK SF6SC1 DENSITY ALT 836FT SLP182
CYAW,2025-09-05 12:00,-63.4994,44.6397,CYAW 051200Z 17008KT 15SM BKN008 BKN048 20/19 A3007 RMK SF6SC1 DENSITY ALT 899FT SLP184
CYAW,2025-09-05 13:00,-63.4994,44.6397,CYAW 051300Z 17009KT 150V210 8SM -DZ OVC006 20/19 A3008 RMK SF8 DENSITY ALT 858FT VIS LWR S SLP186
CYAW,2025-09-05 13:08,-63.4994,44.6397,CYAW 051308Z 17009KT 150V210 1 1/2SM -DZ BR OVC005 20/19 A3008 RMK SF8 DENSITY ALT 859FT SLP188
CYAW,2025-09-05 13:15,-63.4994,44.6397,CYAW 051315Z 17007KT 150V210 1SM -DZ BR OVC005 20/19 A3008 RMK SF8 DENSITY ALT 850FT VIS VRB 3/4-1 1/4 SLP188
CYAW,2025-09-05 13:43,-63.4994,44.6397,CYAW 051343Z 17009KT 1SM BR OVC005 20/19 A3008 RMK SF8 DENSITY ALT 826FT SLP187
CYAW,2025-09-05 13:50,-63.4994,44.6397,CYAW 051350Z 17009KT 1SM -DZ BR OVC005 20/19 A3008 RMK SF8 DENSITY ALT 840FT VIS VRB 3/4-1 1/4 SLP187
CYAW,2025-09-05 14:00,-63.4994,44.6397,CYAW 051400Z 16009KT 1 1/2SM -DZ BR OVC004 20/19 A3008 RMK SF8 DENSITY ALT 840FT VIS VRB 1-2 SLP185
CYAW,2025-09-05 14:24,-63.4994,44.6397,CYAW 051424Z 17011KT 140V200 4SM BR BKN004 OVC020 20/19 A3008 RMK SF6SC2 DENSITY ALT 918FT SLP185
CYAW,2025-09-05 14:36,-63.4994,44.6397,CYAW 051436Z 17010KT 140V200 4SM -DZ BR BKN004 OVC020 21/19 A3008 RMK SF7SC1 DENSITY ALT 928FT VIS LWR S SLP185
CYAW,2025-09-05 14:49,-63.4994,44.6397,CYAW 051449Z 17011KT 1 1/2SM -DZ BR OVC005 21/20 A3007 RMK SF8 DENSITY ALT 991FT VIS VRB 1-2 SLP184
CYAW,2025-09-05 15:00,-63.4994,44.6397,CYAW 051500Z 17010KT 1 1/2SM -DZ BR OVC005 21/20 A3007 RMK SF8 DENSITY ALT 980FT VIS VRB 1-2 SLP185
CYAW,2025-09-05 16:00,-63.4994,44.6397,CYAW 051600Z 15011KT 1 1/2SM -DZ BR BKN006 OVC011 21/19 A3008 RMK SF7SC1 DENSITY ALT 925FT VIS VRB 1-2 SLP187
CYAW,2025-09-05 16:11,-63.4994,44.6397,CYAW 051611Z 18007KT 140V200 4SM -DZ BR FEW006 SCT011 OVC018 21/19 A3008 RMK SF2SC2SC4 DENSITY ALT 1006FT SLP188
CYAW,2025-09-05 16:22,-63.4994,44.6397,CYAW 051622Z 17010KT 10SM -DZ BKN006 OVC011 21/19 A3009 RMK SF5SC3 DENSITY ALT 1010FT SLP188
CYAW,2025-09-05 17:00,-63.4994,44.6397,CYAW 051700Z 17008KT 6SM -DZ BR BKN006 OVC011 21/19 A3009 RMK SF5SC3 DENSITY ALT 975FT SLP189
CYAW,2025-09-05 17:10,-63.4994,44.6397,CYAW 051710Z 17009KT 1 1/2SM -DZ BR BKN005 OVC011 21/19 A3008 RMK SF6SC2 DENSITY ALT 951FT VIS VRB 1-2 SLP187
CYAW,2025-09-05 17:21,-63.4994,44.6397,CYAW 051721Z 17011KT 1SM -SHRA BR BKN006 OVC011 20/19 A3008 RMK SF6SC2 DENSITY ALT 901FT VIS VRB 3/4-1 1/4 SLP186
CYAW,2025-09-05 17:40,-63.4994,44.6397,CYAW 051740Z 17009KT 1 1/2SM -DZ BR BKN003 OVC011 20/19 A3008 RMK SF7SC1 DENSITY ALT 880FT VIS VRB 1-2 SLP185
CYAW,2025-09-05 18:00,-63.4994,44.6397,CYAW 051800Z 17010G15KT 140V200 5SM -DZ BR BKN003 OVC011 20/19 A3007 RMK SF7SC1 DENSITY ALT 918FT VIS LWR SW QUAD SLP185
CYAW,2025-09-05 18:11,-63.4994,44.6397,CYAW 051811Z 17009KT 6SM BR BKN004 OVC011 20/19 A3008 RMK SF7SC1 DENSITY ALT 893FT VIS LWR W QUAD SLP185
CYAW,2025-09-05 18:25,-63.4994,44.6397,CYAW 051825Z 17009G15KT 1 1/2SM -DZ BR OVC004 21/20 A3007 RMK SF8 DENSITY ALT 958FT VIS VRB 1-2 SLP184
CYAW,2025-09-05 18:48,-63.4994,44.6397,CYAW 051848Z 17008KT 3SM BR BKN005 OVC011 21/20 A3007 RMK SF7SC1 DENSITY ALT 1033FT SLP183
CYAW,2025-09-05 19:00,-63.4994,44.6397,CYAW 051900Z CCA 17010KT 5SM BR OVC005 21/20 A3006 RMK SF8 DENSITY ALT 1062FT LAST OBS /NEXT 081000 UTC SLP180
CYAW,2025-09-08 10:00,-63.4994,44.6397,CYAW 081000Z 30007KT 15SM BKN044 OVC060 15/13 A3010 RMK SC5SC3 DENSITY ALT 132FT FST OBS SLP193
CYAW,2025-09-08 11:00,-63.4994,44.6397,CYAW 081100Z 31006KT 15SM FEW060 OVC076 15/13 A3010 RMK SC1AC8 DENSITY ALT 130FT SLP195
CYAW,2025-09-08 11:26,-63.4994,44.6397,CYAW 081126Z 29006KT 15SM -SHRA FEW060 BKN076 15/13 A3012 RMK SC1AC7 DENSITY ALT 109FT PCPN VRY LGT SLP202
CYAW,2025-09-08 12:00,-63.4994,44.6397,CYAW 081200Z CCA 28008KT 6SM -SHRA BR FEW007 SCT050 OVC076 15/13 A3015 RMK SF1SC2AC5 DENSITY ALT 74FT SLP209
CYAW,2025-09-08 13:00,-63.4994,44.6397,CYAW 081300Z 27005KT 10SM -SHRA FEW007 FEW050 BKN076 BKN250 15/14 A3015 RMK SF1SC1AC4CI2 DENSITY ALT 167FT SLP212
CYAW,2025-09-08 13:17,-63.4994,44.6397,CYAW 081317Z 27004KT 250V310 15SM FEW050 SCT076 BKN160 BKN250 16/14 A3016 RMK SC1AC2AC3CI1 DENSITY ALT 181FT SLP213
CYAW,2025-09-08 14:00,-63.4994,44.6397,CYAW 081400Z 28005KT 260V320 15SM FEW020 BKN160 BKN250 16/14 A3016 RMK SC1AC4CI1 DENSITY ALT 263FT SLP212
CYAW,2025-09-08 15:00,-63.4994,44.6397,CYAW 081500Z 24005KT 200V310 15SM FEW020 BKN160 BKN250 18/15 A3017 RMK SC1AC4CI2 DENSITY ALT 439FT SLP216
CYAW,2025-09-08 16:00,-63.4994,44.6397,CYAW 081600Z 24005KT 220V280 15SM FEW020 FEW030 BKN160 BKN250 19/14 A3017 RMK CU1SC1AC4CI1 DENSITY ALT 602FT SLP218
CYAW,2025-09-08 17:00,-63.4994,44.6397,CYAW 081700Z 28008KT 260V320 15SM FEW030 SCT160 BKN250 21/12 A3018 RMK SC1AC2CI4 DENSITY ALT 732FT SLP219
CYAW,2025-09-08 18:00,-63.4994,44.6397,CYAW 081800Z 30009KT 270V330 15SM FEW030 FEW160 OVC250 20/11 A3018 RMK SC1AC1CI7 DENSITY ALT 680FT SLP219
CYAW,2025-09-08 19:00,-63.4994,44.6397,CYAW 081900Z 26005KT 230V300 15SM FEW033 FEW160 OVC250 20/13 A3018 RMK SC1AC1CI7 DENSITY ALT 637FT LAST OBS /NEXT 091200 UTC SLP220
CYAW,2025-09-09 12:00,-63.4994,44.6397,CYAW 091200Z 03006KT 15SM BKN250 16/11 A3036 RMK CI5 CC ASOCTD DENSITY ALT -4FT FST OBS SLP283
CYAW,2025-09-09 13:00,-63.4994,44.6397,CYAW 091300Z 02006KT 340V070 15SM SCT250 18/11 A3038 RMK CI3 DENSITY ALT 195FT SLP288
CYAW,2025-09-09 14:00,-63.4994,44.6397,CYAW 091400Z 06006KT 020V110 15SM FEW036 SCT250 20/10 A3039 RMK CU1CI3 DENSITY ALT 368FT SLP290
CYAW,2025-09-09 15:00,-63.4994,44.6397,CYAW 091500Z 03003KT 15SM FEW050 BKN250 20/08 A3039 RMK CU1CI5 DENSITY ALT 357FT SLP291
CYAW,2025-09-09 16:00,-63.4994,44.6397,CYAW 091600Z CCA 20002KT 15SM FEW050 BKN250 20/10 A3039 RMK CU1CI6 DENSITY ALT 404FT SLP291
CYAW,2025-09-09 17:00,-63.4994,44.6397,CYAW 091700Z 18005KT 150V240 15SM FEW050 BKN250 21/06 A3038 RMK CU1CI6 DENSITY ALT 451FT SLP287
CYAW,2025-09-09 18:00,-63.4994,44.6397,CYAW 091800Z 17008KT 130V210 15SM FEW055 BKN250 20/08 A3037 RMK SC1CI7 DENSITY ALT 426FT SLP285
CYAW,2025-09-09 19:00,-63.4994,44.6397,CYAW 091900Z 15007KT 15SM FEW055 BKN250 19/10 A3036 RMK SC1CI7 DENSITY ALT 350FT SLP283
CYAW,2025-09-09 20:00,-63.4994,44.6397,CYAW 092000Z 19004KT 150V230 15SM FEW055 BKN250 19/09 A3036 RMK SC1CI6 DENSITY ALT 295FT SLP283
CYAW,2025-09-09 21:00,-63.4994,44.6397,CYAW 092100Z 17004KT 15SM FEW055 BKN250 19/09 A3037 RMK SC1CI5 DENSITY ALT 296FT SLP285
CYAW,2025-09-09 22:00,-63.4994,44.6397,CYAW 092200Z 24002KT 15SM FEW055 SCT250 18/10 A3037 RMK SC1CI4 DENSITY ALT 214FT SLP286
CYAW,2025-09-09 23:00,-63.4994,44.6397,CYAW 092300Z 00000KT 15SM BKN250 14/11 A3038 RMK CI6 DENSITY ALT -270FT SLP289
CYAW,2025-09-10 00:00,-63.4994,44.6397,CYAW 100000Z 02002KT 15SM SCT250 12/10 A3039 RMK CI4 DENSITY ALT -521FT SLP290
CYAW,2025-09-10 01:00,-63.4994,44.6397,CYAW 100100Z CCA 36003KT 15SM SCT250 13/10 A3038 RMK CI4 DENSITY ALT -459FT LAST OBS /NEXT 101000 UTC SLP290
CYAW,2025-09-10 10:00,-63.4994,44.6397,CYAW 101000Z 05005KT 15SM FEW020 SCT250 12/11 A3038 RMK SC1CI4 DENSITY ALT -489FT FST OBS SLP287
CYAW,2025-09-10 11:00,-63.4994,44.6397,CYAW 101100Z 06006KT 15SM FEW020 BKN250 13/12 A3038 RMK SC1CI5 DENSITY ALT -383FT SLP287
CYAW,2025-09-10 12:00,-63.4994,44.6397,CYAW 101200Z CCA 06004KT 15SM FEW020 BKN250 14/12 A3037 RMK SC1CI6 DENSITY ALT -247FT SLP286
CYAW,2025-09-10 13:00,-63.4994,44.6397,CYAW 101300Z 07003KT 040V100 15SM FEW020 BKN250 16/13 A3036 RMK SC1CI7 DENSITY ALT -20FT SLP282
CYAW,2025-09-10 14:00,-63.4994,44.6397,CYAW 101400Z 09004KT 040V160 15SM FEW020 OVC250 19/14 A3034 RMK CU1CI7 DENSITY ALT 417FT SLP275
CYAW,2025-09-10 15:00,-63.4994,44.6397,CYAW 101500Z 12008KT 080V160 15SM FEW020 BKN250 20/14 A3033 RMK CU2CS5 DENSITY ALT 501FT HALO SLP274
CYAW,2025-09-10 16:00,-63.4994,44.6397,CYAW 101600Z 11006KT 070V170 15SM SCT022 OVC250 20/14 A3033 RMK CU4CS4 DENSITY ALT 488FT SLP270
CYAW,2025-09-10 17:00,-63.4994,44.6397,CYAW 101700Z 08008KT 060V140 15SM SCT023 SCT090 OVC250 20/14 A3030 RMK CU3AC1CS5 DENSITY ALT 499FT SLP263
CYAW,2025-09-10 18:00,-63.4994,44.6397,CYAW 101800Z 10009G15KT 070V140 15SM FEW025 FEW040 FEW090 OVC250 20/14 A3028 RMK CU1SC1AC1CS6 DENSITY ALT 560FT HALO SLP255
CYAW,2025-09-10 19:00,-63.4994,44.6397,CYAW 101900Z CCA 13010G15KT 080V150 15SM FEW024 BKN033 OVC250 19/14 A3027 RMK CU1SC6CS1 DENSITY ALT 444FT LAST OBS /NEXT 111100 UTC SLP253
CYAW,2025-09-11 11:00,-63.4994,44.6397,CYAW 111100Z 03007KT 2SM BR OVC004 17/16 A2991 RMK ST8 DENSITY ALT 626FT VIS VRB 1 1/2-2 1/2 VIS LWR N FST OBS SLP131
CYAW,2025-09-11 11:51,-63.4994,44.6397,CYAW 111151Z 02008KT 350V050 1 1/2SM -SHRA BR OVC004 16/16 A2991 RMK ST8 DENSITY ALT 586FT SLP128
CYAW,2025-09-11 12:00,-63.4994,44.6397,CYAW 111200Z 02008KT 350V060 1 1/2SM -SHRA BR OVC004 17/16 A2991 RMK ST8 DENSITY ALT 599FT VIS VRB 1-2 SLP128
CYAW,2025-09-11 12:36,-63.4994,44.6397,CYAW 111236Z 01010KT 3SM -SHRA BR OVC005 17/16 A2990 RMK SF8 DENSITY ALT 662FT VIS LWR N SLP125
CYAW,2025-09-11 13:00,-63.4994,44.6397,CYAW 111300Z 01008KT 6SM -SHRA BR OVC005 17/16 A2990 RMK SF8 DENSITY ALT 689FT SLP125
CYAW,2025-09-11 13:13,-63.4994,44.6397,CYAW 111313Z CCA 01009KT 6SM -DZ BR OVC005 17/16 A2989 RMK SF8 DENSITY ALT 687FT SLP123
CYAW,2025-09-11 13:43,-63.4994,44.6397,CYAW 111343Z 02009G15KT 12SM OVC007 18/16 A2988 RMK SF8 DENSITY ALT 760FT SLP121
CYAW,2025-09-11 14:00,-63.4994,44.6397,CYAW 111400Z 02011KT 15SM BKN006 OVC011 18/16 A2988 RMK SF6SC2 DENSITY ALT 784FT SLP121
CYAW,2025-09-11 15:00,-63.4994,44.6397,CYAW 111500Z 03011G16KT 350V050 15SM BKN007 OVC011 19/17 A2988 RMK SF5SC3 DENSITY ALT 990FT SLP118
CYAW,2025-09-11 15:24,-63.4994,44.6397,CYAW 111524Z 02008KT 340V050 15SM SCT007 OVC012 20/17 A2988 RMK SF3SC5 DENSITY ALT 1005FT SLP119
CYAW,2025-09-11 16:00,-63.4994,44.6397,CYAW 111600Z 01011KT 330V040 15SM FEW007 OVC011 20/17 A2988 RMK SF2SC6 DENSITY ALT 1029FT SLP120
CYAW,2025-09-11 17:00,-63.4994,44.6397,CYAW 111700Z 36010G17KT 15SM -DZ OVC012 20/18 A2988 RMK SC8 DENSITY ALT 1070FT SLP119
CYAW,2025-09-11 17:20,-63.4994,44.6397,CYAW 111720Z 36010G17KT 15SM BKN015 21/17 A2988 RMK SC7 DENSITY ALT 1217FT SLP120
CYAW,2025-09-11 17:53,-63.4994,44.6397,CYAW 111753Z 01013G20KT 330V040 15SM -DZ OVC016 20/17 A2989 RMK SC8 DENSITY ALT 1019FT SLP122
CYAW,2025-09-11 18:00,-63.4994,44.6397,CYAW 111800Z 01014G20KT 15SM -DZ OVC016 20/17 A2989 RMK SC8 DENSITY ALT 1008FT SLP121
CYAW,2025-09-11 18:19,-63.4994,44.6397,CYAW 111819Z 36013G19KT 15SM OVC016 20/16 A2989 RMK SC8 DENSITY ALT 1076FT SLP122
CYAW,2025-09-11 19:00,-63.4994,44.6397,CYAW 111900Z 36011G19KT 330V030 15SM BKN018 BKN090 20/16 A2989 RMK SC6AC1 DENSITY ALT 1026FT SLP122
CYAW,2025-09-11 20:00,-63.4994,44.6397,CYAW 112000Z 01011G16KT 15SM SCT022 SCT090 21/16 A2989 RMK SC4AC1 DENSITY ALT 1127FT CU ASOCTD SLP124
CYAW,2025-09-11 21:00,-63.4994,44.6397,CYAW 112100Z 01009KT 350V050 15SM FEW029 FEW090 FEW250 21/15 A2990 RMK CU1AC1CI1 DENSITY ALT 1162FT SLP125
CYAW,2025-09-11 22:00,-63.4994,44.6397,CYAW 112200Z 36007KT 15SM FEW030 FEW250 20/14 A2991 RMK SC1CI1 DENSITY ALT 1002FT SLP131
CYAW,2025-09-11 23:00,-63.4994,44.6397,CYAW 112300Z 36005KT 15SM FEW030 FEW250 18/12 A2993 RMK SC1CI1 DENSITY ALT 687FT SLP137
CYAW,2025-09-12 00:00,-63.4994,44.6397,CYAW 120000Z 36008KT 15SM FEW250 18/11 A2996 RMK CI1 DENSITY ALT 610FT SLP147
CYAW,2025-09-12 01:00,-63.4994,44.6397,CYAW 120100Z CCA 33005KT 15SM FEW250 16/12 A2998 RMK CI1 DENSITY ALT 368FT LAST OBS /NEXT 121000 UTC SLP152
CYAW,2025-09-12 10:00,-63.4994,44.6397,CYAW 121000Z 31008KT 15SM FEW250 10/06 A3008 RMK CC1 DENSITY ALT -460FT FST OBS SLP185
CYAW,2025-09-12 11:00,-63.4994,44.6397,CYAW 121100Z 32009KT 15SM FEW250 12/06 A3009 RMK CC1 DENSITY ALT -278FT SLP191
CYAW,2025-09-12 12:00,-63.4994,44.6397,CYAW 121200Z 33007KT 300V360 15SM FEW250 14/06 A3010 RMK CI1 DENSITY ALT -72FT SLP193
CYAW,2025-09-12 13:00,-63.4994,44.6397,CYAW 121300Z 33011G17KT 300V360 15SM FEW250 15/06 A3012 RMK CI1 DENSITY ALT 46FT SLP199
CYAW,2025-09-12 14:00,-63.4994,44.6397,CYAW 121400Z 34011KT 15SM FEW030 FEW250 16/06 A3012 RMK SC1CI1 DENSITY ALT 188FT SLP200
CYAW,2025-09-12 15:00,-63.4994,44.6397,CYAW 121500Z 01009KT 310V040 15SM FEW030 FEW250 17/07 A3011 RMK SC1CI1 DENSITY ALT 372FT SLP198
CYAW,2025-09-12 16:00,-63.4994,44.6397,CYAW 121600Z 32013KT 15SM FEW030 FEW250 18/07 A3011 RMK SC1CI1 DENSITY ALT 471FT SLP198
CYAW,2025-09-12 17:00,-63.4994,44.6397,CYAW 121700Z 34011KT 300V030 15SM FEW030 FEW250 19/07 A3011 RMK SC1CI1 DENSITY ALT 602FT SLP197
CYAW,2025-09-12 18:00,-63.4994,44.6397,CYAW 121800Z 33010G17KT 310V020 15SM FEW030 FEW250 20/07 A3011 RMK SC1CI1 DENSITY ALT 634FT SLP198
CYAW,2025-09-12 19:00,-63.4994,44.6397,CYAW 121900Z 02008KT 340V040 15SM FEW030 FEW250 20/09 A3012 RMK SC1CI1 DENSITY ALT 642FT SLP200
CYAW,2025-09-12 20:00,-63.4994,44.6397,CYAW 122000Z CCA 03009G15KT 360V060 15SM FEW041 FEW250 18/09 A3014 RMK SC1CI1 DENSITY ALT 445FT LAST OBS /NEXT 151300 UTC SLP208
CYAW,2025-09-15 13:00,-63.4994,44.6397,CYAW 151300Z 36011G16KT 320V020 15SM FEW021 18/12 A3021 RMK CU1 DENSITY ALT 336FT FST OBS SLP231
CYAW,2025-09-15 14:00,-63.4994,44.6397,CYAW 151400Z 33012KT 310V010 15SM SCT021 18/12 A3022 RMK CU3 DENSITY ALT 411FT SLP235
CYAW,2025-09-15 15:00,-63.4994,44.6397,CYAW 151500Z 32014KT 310V020 15SM SCT030 20/12 A3023 RMK CU4 DENSITY ALT 559FT SLP236
CYAW,2025-09-15 16:00,-63.4994,44.6397,CYAW 151600Z 36009G15KT 320V030 15SM SCT036 21/11 A3021 RMK CU3 DENSITY ALT 688FT SLP231
CYAW,2025-09-15 17:00,-63.4994,44.6397,CYAW 151700Z 02010G16KT 330V050 15SM SCT044 22/10 A3021 RMK CU3 DENSITY ALT 820FT SLP231
CYAW,2025-09-15 18:00,-63.4994,44.6397,CYAW 151800Z 36007KT 340V050 15SM SCT046 22/11 A3021 RMK CU3 DENSITY ALT 833FT SLP229
CYAW,2025-09-15 19:00,-63.4994,44.6397,CYAW 151900Z 33009KT 310V060 15SM FEW048 22/10 A3020 RMK CU2 DENSITY ALT 873FT SLP228
CYAW,2025-09-15 20:00,-63.4994,44.6397,CYAW 152000Z 04007KT 360V060 15SM FEW045 22/10 A3019 RMK CF1 DENSITY ALT 865FT SLP224
CYAW,2025-09-15 21:00,-63.4994,44.6397,CYAW 152100Z 34004KT 300V360 15SM FEW045 22/10 A3020 RMK CF1 DENSITY ALT 778FT SLP228
CYAW,2025-09-15 22:00,-63.4994,44.6397,CYAW 152200Z 05003KT 15SM FEW045 FEW250 20/10 A3022 RMK CF1CI1 DENSITY ALT 575FT SLP233
CYAW,2025-09-15 23:00,-63.4994,44.6397,CYAW 152300Z 20003KT 160V230 15SM FEW045 FEW250 17/12 A3024 RMK CF1CI1 DENSITY ALT 281FT SLP240
CYAW,2025-09-16 00:00,-63.4994,44.6397,CYAW 160000Z 19003KT 180V270 15SM FEW045 17/13 A3025 RMK CF1 DENSITY ALT 203FT SLP246
CYAW,2025-09-16 00:47,-63.4994,44.6397,CYAW 160047Z 23003KT 210V280 15SM FEW045 16/13 A3026 RMK CF1 DENSITY ALT 114FT LAST OBS /NEXT 161300 UTC SLP248
CYAW,2025-09-16 13:00,-63.4994,44.6397,CYAW 161300Z 33007KT 310V010 15SM FEW250 18/12 A3026 RMK CI1 DENSITY ALT 335FT FST OBS SLP247
CYAW,2025-09-16 14:00,-63.4994,44.6397,CYAW 161400Z 34006KT 300V050 15SM FEW250 21/13 A3027 RMK CI1 DENSITY ALT 619FT SLP249
CYAW,2025-09-16 15:00,-63.4994,44.6397,CYAW 161500Z CCA 32007KT 290V010 15SM FEW250 22/12 A3026 RMK CI1 DENSITY ALT 747FT SLP248
CYAW,2025-09-16 16:00,-63.4994,44.6397,CYAW 161600Z 34008KT 300V360 15SM FEW044 FEW250 22/11 A3026 RMK CF1CI1 DENSITY ALT 827FT SLP246
CYAW,2025-09-16 17:00,-63.4994,44.6397,CYAW 161700Z 34007KT 290V020 15SM FEW044 FEW250 23/11 A3025 RMK CF1CI2 DENSITY ALT 933FT SLP243
CYAW,2025-09-16 18:00,-63.4994,44.6397,CYAW 161800Z 04003KT 330V140 15SM FEW045 FEW250 24/13 A3023 RMK CF1CI2 DENSITY ALT 1052FT SLP238
CYAW,2025-09-16 19:00,-63.4994,44.6397,CYAW 161900Z 14003KT 15SM FEW045 FEW250 23/13 A3023 RMK CF1CI2 DENSITY ALT 1004FT SLP238
CYAW,2025-09-16 20:00,-63.4994,44.6397,CYAW 162000Z 17007KT 15SM FEW045 FEW250 23/14 A3023 RMK CF1CI2 DENSITY ALT 903FT SLP236
CYAW,2025-09-16 21:00,-63.4994,44.6397,CYAW 162100Z 20004KT 15SM FEW045 FEW250 22/14 A3023 RMK CF1CI1 DENSITY ALT 824FT SLP238
CYAW,2025-09-16 22:00,-63.4994,44.6397,CYAW 162200Z 08002KT 15SM FEW045 FEW250 20/14 A3024 RMK CF1CI1 DENSITY ALT 579FT SLP242
CYAW,2025-09-16 23:00,-63.4994,44.6397,CYAW 162300Z 01002KT 15SM FEW250 17/14 A3025 RMK CI1 DENSITY ALT 251FT SLP245
CYAW,2025-09-17 00:00,-63.4994,44.6397,CYAW 170000Z 04006KT 15SM SKC 17/12 A3027 RMK DENSITY ALT 217FT SLP253
CYAW,2025-09-17 01:00,-63.4994,44.6397,CYAW 170100Z 03007KT 15SM SKC 16/10 A3027 RMK DENSITY ALT 48FT SLP252
CYAW,2025-09-17 01:37,-63.4994,44.6397,CYAW 170137Z 05005KT 15SM SKC 15/10 A3028 RMK DENSITY ALT -72FT LAST OBS /NEXT 171300 UTC SLP253
CYAW,2025-09-17 13:00,-63.4994,44.6397,CYAW 171300Z 19004KT 170V290 15SM BKN250 18/14 A3024 RMK CI5 DENSITY ALT 414FT FST OBS SLP242
CYAW,2025-09-17 14:00,-63.4994,44.6397,CYAW 171400Z 17003KT 110V230 15SM FEW020 BKN250 20/14 A3023 RMK CF1CI7 DENSITY ALT 577FT SLP237
CYAW,2025-09-17 15:00,-63.4994,44.6397,CYAW 171500Z 18005KT 15SM FEW020 BKN250 20/15 A3022 RMK CF1CI6 DENSITY ALT 618FT SLP234
CYAW,2025-09-17 16:00,-63.4994,44.6397,CYAW 171600Z 18007KT 15SM FEW020 BKN250 21/16 A3020 RMK CU1CI6 DENSITY ALT 772FT SLP229
CYAW,2025-09-17 17:00,-63.4994,44.6397,CYAW 171700Z 16008KT 15SM FEW020 BKN250 22/17 A3018 RMK CF1CI6 DENSITY ALT 899FT SLP222
CYAW,2025-09-17 18:00,-63.4994,44.6397,CYAW 171800Z 16009KT 15SM FEW020 BKN250 22/17 A3016 RMK CF1CI6 DENSITY ALT 996FT SLP215
CYAW,2025-09-17 19:00,-63.4994,44.6397,CYAW 171900Z 18008KT 15SM FEW020 BKN250 22/16 A3014 RMK CF1CI6 DENSITY ALT 963FT LAST OBS /NEXT 181300 UTC SLP207
CYAW,2025-09-18 13:00,-63.4994,44.6397,CYAW 181300Z 00000KT 15SM BKN120 BKN240 16/15 A3001 RMK AC5CI2 DENSITY ALT 448FT FST OBS SLP163
CYAW,2025-09-18 13:11,-63.4994,44.6397,CYAW 181311Z 13002KT 15SM -SHRA BKN110 OVC250 16/15 A3001 RMK AC5CI3 DENSITY ALT 433FT PCPN VRY LGT SLP163
CYAW,2025-09-18 14:00,-63.4994,44.6397,CYAW 181400Z 12002KT 8SM -SHRA SCT050 BKN080 OVC120 17/15 A3001 RMK SC3AC4AC1 DENSITY ALT 514FT SLP163
CYAW,2025-09-18 15:00,-63.4994,44.6397,CYAW 181500Z 21008KT 3SM -SHRA BR FEW007 OVC015 18/17 A3000 RMK SF1SC8 DENSITY ALT 699FT SLP160
CYAW,2025-09-18 15:33,-63.4994,44.6397,CYAW 181533Z 21006KT 15SM BKN017 OVC080 19/17 A2999 RMK SC7AC1 DENSITY ALT 802FT SLP156
CYAW,2025-09-18 16:00,-63.4994,44.6397,CYAW 181600Z 21007KT 15SM SCT017 BKN037 OVC080 19/17 A2998 RMK SC3SC3AC2 DENSITY ALT 825FT SLP152
CYAW,2025-09-18 17:00,-63.4994,44.6397,CYAW 181700Z 20006KT 15SM FEW020 BKN048 OVC080 20/17 A2995 RMK SC2SC5AC1 DENSITY ALT 964FT SLP144
CYAW,2025-09-18 18:00,-63.4994,44.6397,CYAW 181800Z 20004KT 15SM FEW020 BKN042 BKN080 BKN250 20/17 A2994 RMK SC1SC6AC1CI1 DENSITY ALT 996FT SLP139
CYAW,2025-09-18 19:00,-63.4994,44.6397,CYAW 181900Z 22005KT 15SM FEW020 BKN040 BKN100 BKN250 20/17 A2991 RMK SC1SC6AC1CI1 DENSITY ALT 1055FT SLP131
CYAW,2025-09-18 20:00,-63.4994,44.6397,CYAW 182000Z 17006KT 150V210 15SM FEW030 BKN060 BKN100 BKN250 20/17 A2990 RMK SC1SC6AC1CI1 DENSITY ALT 1019FT SLP126
CYAW,2025-09-18 20:53,-63.4994,44.6397,CYAW 182053Z 18005KT 15SM -SHRA SCT015 BKN060 BKN100 BKN250 20/17 A2989 RMK SC4SC1AC2CI1 DENSITY ALT 995FT PCPN VRY LGT SLP122
CYAW,2025-09-18 21:00,-63.4994,44.6397,CYAW 182100Z 18006KT 15SM -SHRA FEW015 BKN060 BKN100 BKN250 19/17 A2988 RMK SC2SC4AC1CI1 DENSITY ALT 998FT SLP120
CYAW,2025-09-18 21:30,-63.4994,44.6397,CYAW 182130Z 18005KT 15SM FEW015 SCT060 BKN110 19/18 A2988 RMK CF1SC3AC2 DENSITY ALT 995FT SLP118
CYAW,2025-09-18 22:00,-63.4994,44.6397,CYAW 182200Z 19005KT 15SM FEW015 SCT060 BKN120 19/18 A2987 RMK CF1SC3AC2 DENSITY ALT 996FT SLP117
CYAW,2025-09-18 23:00,-63.4994,44.6397,CYAW 182300Z 21004KT 15SM FEW055 SCT120 19/18 A2987 RMK SC2AC2 DENSITY ALT 918FT SLP116
CYAW,2025-09-19 00:00,-63.4994,44.6397,CYAW 190000Z 20005KT 15SM FEW055 18/17 A2986 RMK SC1 DENSITY ALT 879FT SLP111
CYAW,2025-09-19 00:16,-63.4994,44.6397,CYAW 190016Z 21004KT 15SM SCT005 SCT055 18/17 A2985 RMK SF4SC1 DENSITY ALT 901FT SLP110
CYAW,2025-09-19 00:24,-63.4994,44.6397,CYAW 190024Z 21004KT 15SM BKN004 BKN055 19/18 A2985 RMK SF6SC1 DENSITY ALT 929FT SLP109
CYAW,2025-09-19 01:00,-63.4994,44.6397,CYAW 190100Z 19003KT 15SM BKN005 18/18 A2984 RMK SF5 DENSITY ALT 931FT LAST OBS /NEXT 191100 UTC SLP106
CYAW,2025-09-19 11:00,-63.4994,44.6397,CYAW 191100Z 26005KT 190V320 15SM BKN007 17/16 A2976 RMK SF7 DENSITY ALT 885FT FST OBS SLP077
CYAW,2025-09-19 11:33,-63.4994,44.6397,CYAW 191133Z 25010G15KT 15SM SCT007 18/16 A2975 RMK SF4 DENSITY ALT 967FT SLP076
CYAW,2025-09-19 12:00,-63.4994,44.6397,CYAW 191200Z 27009KT 15SM SCT007 SCT080 19/16 A2975 RMK SF3AC1 DENSITY ALT 1071FT SLP076
CYAW,2025-09-19 13:00,-63.4994,44.6397,CYAW 191300Z 27009KT 15SM FEW015 FEW080 20/16 A2976 RMK SC2AC1 DENSITY ALT 1196FT SLP078
CYAW,2025-09-19 14:00,-63.4994,44.6397,CYAW 191400Z 31006KT 260V350 15SM FEW018 22/17 A2976 RMK SC2 DENSITY ALT 1367FT CU ASOCTD SLP077
CYAW,2025-09-19 15:00,-63.4994,44.6397,CYAW 191500Z 31009KT 15SM FEW020 FEW080 FEW250 23/16 A2975 RMK SC2AC1CI1 DENSITY ALT 1544FT CU ASOCTD SLP076
CYAW,2025-09-19 16:00,-63.4994,44.6397,CYAW 191600Z 35008KT 280V020 15SM BKN033 BKN080 BKN250 25/17 A2975 RMK SC5AC1CI1 DENSITY ALT 1757FT CU ASOCTD SLP073
CYAW,2025-09-19 16:51,-63.4994,44.6397,CYAW 191651Z 35014G19KT 15SM -SHRA BKN030 BKN055 BKN080 BKN250 21/16 A2975 RMK SC5SC1AC1CI1 CU ASOCTD DENSITY ALT 1283FT SLP076
CYAW,2025-09-19 17:00,-63.4994,44.6397,CYAW 191700Z 34010G20KT 15SM -SHRA SCT030 BKN055 BKN080 BKN250 20/15 A2976 RMK SC4SC2AC1CI1 CU ASOCTD DENSITY ALT 1151FT PCPN VRY LGT SLP076
CYAW,2025-09-19 17:24,-63.4994,44.6397,CYAW 191724Z 33016G21KT 15SM SCT030 BKN055 BKN080 21/15 A2976 RMK SC3SC3AC1 CU ASOCTD DENSITY ALT 1242FT SLP077
CYAW,2025-09-19 18:00,-63.4994,44.6397,CYAW 191800Z 34012G17KT 15SM SCT028 BKN050 BKN080 20/15 A2977 RMK SC4SC2AC1 DENSITY ALT 1170FT SLP081
CYAW,2025-09-19 19:00,-63.4994,44.6397,CYAW 191900Z 36011G18KT 330V030 15SM SCT028 BKN050 BKN080 18/15 A2978 RMK SC4SC2AC1 DENSITY ALT 957FT LAST OBS /NEXT 221000 UTC SLP087
CYAW,2025-09-22 10:00,-63.4994,44.6397,CYAW 221000Z 35002KT 15SM FEW030 BKN250 08/07 A3024 RMK SC1CI6 DENSITY ALT -944FT FST OBS SLP242
CYAW,2025-09-22 11:00,-63.4994,44.6397,CYAW 221100Z 01003KT 15SM FEW030 FEW140 BKN250 09/07 A3023 RMK SC1AC1CI6 DENSITY ALT -833FT SLP239
CYAW,2025-09-22 12:00,-63.4994,44.6397,CYAW 221200Z 33002KT 15SM FEW025 FEW030 FEW140 BKN250 10/08 A3024 RMK FU1SC1AC1CI6 DENSITY ALT -611FT SLP240
CYAW,2025-09-22 13:00,-63.4994,44.6397,CYAW 221300Z 32002KT 15SM FEW025 FEW030 FEW140 BKN250 13/08 A3024 RMK FU1SC1AC1CI6 DENSITY ALT -249FT SLP241
CYAW,2025-09-22 14:00,-63.4994,44.6397,CYAW 221400Z 09002KT 15SM FEW025 FEW140 BKN250 16/10 A3022 RMK FU1AC2CI4 DENSITY ALT 132FT SLP235
CYAW,2025-09-22 15:00,-63.4994,44.6397,CYAW 221500Z 18003KT 140V220 15SM FEW025 FEW140 BKN250 16/11 A3020 RMK CF1AC1CI6 DENSITY ALT 178FT SLP229
CYAW,2025-09-22 16:00,-63.4994,44.6397,CYAW 221600Z 22003KT 170V250 15SM FEW025 FEW140 BKN250 18/11 A3018 RMK CF1AC1CI6 DENSITY ALT 457FT SLP222
CYAW,2025-09-22 17:00,-63.4994,44.6397,CYAW 221700Z 21007KT 130V230 15SM FEW030 FEW100 SCT250 19/11 A3015 RMK SC1AC1CI3 DENSITY ALT 589FT SLP209
CYAW,2025-09-22 18:00,-63.4994,44.6397,CYAW 221800Z 17010G16KT 150V210 15SM FEW030 FEW250 20/12 A3013 RMK SC1CI1 DENSITY ALT 684FT SLP202
CYAW,2025-09-22 19:00,-63.4994,44.6397,CYAW 221900Z 22011KT 160V230 15SM FEW030 FEW250 20/08 A3011 RMK SC1CI1 DENSITY ALT 632FT LAST OBS /NEXT 231000 UTC SLP199
CYAW,2025-09-23 10:00,-63.4994,44.6397,CYAW 231000Z 26004KT 15SM FEW030 FEW140 BKN250 10/09 A3002 RMK SC1AC1CI6 DENSITY ALT -406FT FST OBS SLP168
CYAW,2025-09-23 11:00,-63.4994,44.6397,CYAW 231100Z 27003KT 15SM FEW030 FEW140 BKN250 13/10 A3002 RMK SC1AC1CI4 DENSITY ALT -7FT SLP166
CYAW,2025-09-23 12:00,-63.4994,44.6397,CYAW 231200Z 24006KT 15SM FEW030 FEW140 BKN250 16/11 A3002 RMK SC1AC1CI5 DENSITY ALT 307FT SLP168
CYAW,2025-09-23 13:00,-63.4994,44.6397,CYAW 231300Z 26010KT 230V290 15SM FEW025 BKN250 17/13 A3002 RMK SC2CI3 CC ASOCTD DENSITY ALT 546FT SLP165
CYAW,2025-09-23 14:00,-63.4994,44.6397,CYAW 231400Z 24008KT 220V280 15SM SCT020 BKN250 20/14 A3000 RMK CU4CI1 DENSITY ALT 848FT SLP160
CYAW,2025-09-23 15:00,-63.4994,44.6397,CYAW 231500Z 27010G15KT 15SM BKN025 BKN250 21/14 A2999 RMK CU5CI1 DENSITY ALT 1009FT SLP155
CYAW,2025-09-23 16:00,-63.4994,44.6397,CYAW 231600Z 26011KT 15SM FEW030 FEW120 FEW250 22/13 A2997 RMK CU1AC1CI1 DENSITY ALT 1082FT SLP149
CYAW,2025-09-23 17:00,-63.4994,44.6397,CYAW 231700Z 24011G16KT 15SM FEW030 FEW120 FEW250 22/13 A2995 RMK CU1AC1CI1 DENSITY ALT 1139FT SLP143
CYAW,2025-09-23 18:00,-63.4994,44.6397,CYAW 231800Z 24010G16KT 200V270 15SM FEW030 FEW120 22/15 A2994 RMK SC1AC1 DENSITY ALT 1224FT SLP140
CYAW,2025-09-23 19:00,-63.4994,44.6397,CYAW 231900Z 25009G15KT 220V280 15SM FEW030 BKN080 BKN250 23/15 A2993 RMK SC1AC5CI1 DENSITY ALT 1263FT LAST OBS /NEXT 241000 UTC SLP136
CYAW,2025-09-24 10:00,-63.4994,44.6397,CYAW 241000Z 03009G15KT 15SM SCT020 BKN050 BKN250 14/13 A3007 RMK SC4SC3CI1 DENSITY ALT 126FT FST OBS SLP183
CYAW,2025-09-24 11:00,-63.4994,44.6397,CYAW 241100Z 02007KT 15SM BKN017 BKN050 14/12 A3010 RMK SC5SC2 DENSITY ALT 73FT SLP194
CYAW,2025-09-24 12:00,-63.4994,44.6397,CYAW 241200Z 02009KT 360V060 15SM BKN017 BKN050 BKN140 15/12 A3013 RMK SC5SC1AC1 DENSITY ALT 113FT SLP205
CYAW,2025-09-24 13:00,-63.4994,44.6397,CYAW 241300Z 01008KT 340V050 15SM BKN022 15/11 A3015 RMK SC7 DENSITY ALT 99FT SLP209
CYAW,2025-09-24 14:00,-63.4994,44.6397,CYAW 241400Z 02007KT 340V050 15SM BKN022 15/11 A3015 RMK SC7 DENSITY ALT 122FT SLP210
CYAW,2025-09-24 15:00,-63.4994,44.6397,CYAW 241500Z 03010KT 350V060 15SM BKN024 16/11 A3016 RMK SC7 DENSITY ALT 187FT SLP214
CYAW,2025-09-24 16:00,-63.4994,44.6397,CYAW 241600Z 02008KT 340V050 15SM OVC032 16/11 A3016 RMK SC8 DENSITY ALT 235FT SLP215
CYAW,2025-09-24 17:00,-63.4994,44.6397,CYAW 241700Z 04011G16KT 360V070 15SM BKN035 17/10 A3015 RMK SC7 DENSITY ALT 347FT SLP212
CYAW,2025-09-24 18:00,-63.4994,44.6397,CYAW 241800Z 03010G16KT 350V050 15SM SCT038 19/10 A3015 RMK SC4 DENSITY ALT 577FT SLP210
CYAW,2025-09-24 19:00,-63.4994,44.6397,CYAW 241900Z CCA 35007KT 330V050 15SM FEW040 FEW250 19/09 A3015 RMK SC2CI1 DENSITY ALT 564FT LAST OBS /NEXT 251000 UTC SLP210
CYAW,2025-09-25 10:00,-63.4994,44.6397,CYAW 251000Z 01003KT 15SM FEW035 SCT250 07/06 A3022 RMK SC1CI3 DENSITY ALT -1064FT FST OBS SLP235
CYAW,2025-09-25 11:00,-63.4994,44.6397,CYAW 251100Z 04003KT 15SM FEW035 SCT250 09/08 A3021 RMK SC1CI3 DENSITY ALT -805FT SLP233
CYAW,2025-09-25 12:00,-63.4994,44.6397,CYAW 251200Z 06002KT 15SM FEW030 SCT250 13/10 A3022 RMK SC1CI3 DENSITY ALT -245FT SLP235
CYAW,2025-09-25 13:00,-63.4994,44.6397,CYAW 251300Z 10002KT 15SM FEW030 SCT250 16/12 A3022 RMK SC2CI2 DENSITY ALT 74FT SLP234
CYAW,2025-09-25 14:00,-63.4994,44.6397,CYAW 251400Z 15004KT 140V240 15SM FEW030 BKN250 16/11 A3021 RMK SC2CI4 DENSITY ALT 185FT SLP232
CYAW,2025-09-25 15:00,-63.4994,44.6397,CYAW 251500Z 17005KT 150V240 15SM BKN030 BKN250 18/11 A3020 RMK SC6CI1 DENSITY ALT 407FT SLP226
CYAW,2025-09-25 16:00,-63.4994,44.6397,CYAW 251600Z 17007KT 130V200 15SM BKN038 BKN250 18/12 A3018 RMK SC5CI2 DENSITY ALT 353FT SLP220
CYAW,2025-09-25 17:00,-63.4994,44.6397,CYAW 251700Z 17010KT 140V200 15SM BKN038 BKN250 18/12 A3015 RMK SC5CI2 DENSITY ALT 490FT SLP211
CYAW,2025-09-25 18:00,-63.4994,44.6397,CYAW 251800Z 18008KT 15SM BKN033 OVC250 18/13 A3013 RMK SC6CI2 DENSITY ALT 435FT SLP205
CYAW,2025-09-25 19:00,-63.4994,44.6397,CYAW 251900Z 21010G17KT 15SM BKN033 OVC250 18/12 A3011 RMK SC7CI1 DENSITY ALT 516FT SLP198
CYAW,2025-09-25 20:00,-63.4994,44.6397,CYAW 252000Z 20010G15KT 170V230 15SM SCT036 BKN080 OVC250 19/12 A3010 RMK SC4AC2CI2 DENSITY ALT 574FT SLP194
CYAW,2025-09-25 20:49,-63.4994,44.6397,CYAW 252049Z 21010KT 15SM SCT036 BKN080 OVC250 17/12 A3008 RMK SC3AC3CI2 DENSITY ALT 435FT LAST OBS /NEXT 261000 UTC SLP189
CYAW,2025-09-26 10:00,-63.4994,44.6397,CYAW 261000Z 21018G30KT 2 1/2SM -DZ BR OVC004 20/20 A2965 RMK SF8 DENSITY ALT 1415FT FST OBS SLP041
CYAW,2025-09-26 10:41,-63.4994,44.6397,CYAW 261041Z 21020G29KT 3SM BR OVC003 20/20 A2965 RMK SF8 DENSITY ALT 1403FT SLP039
CYAW,2025-09-26 11:00,-63.4994,44.6397,CYAW 261100Z 21017G26KT 3SM -SHRA BR OVC003 21/20 A2964 RMK SF8 DENSITY ALT 1440FT SLP036
CYAW,2025-09-26 11:25,-63.4994,44.6397,CYAW 261125Z 22017G29KT 3SM -DZ BR OVC003 21/20 A2964 RMK SF8 DENSITY ALT 1442FT SLP036
CYAW,2025-09-26 12:00,-63.4994,44.6397,CYAW 261200Z 22017G30KT 3SM -DZ BR OVC004 21/20 A2963 RMK SF8 DENSITY ALT 1452FT SLP033
CYAW,2025-09-26 12:32,-63.4994,44.6397,CYAW 261232Z 22016G24KT 6SM BR OVC005 21/20 A2962 RMK SF8 DENSITY ALT 1463FT SLP030
CYAW,2025-09-26 13:00,-63.4994,44.6397,CYAW 261300Z 22016G27KT 190V250 8SM OVC008 21/20 A2961 RMK SF8 DENSITY ALT 1473FT CIG VRB 6-10 SLP029
CYAW,2025-09-26 14:00,-63.4994,44.6397,CYAW 261400Z 23013G20KT 10SM OVC008 21/19 A2962 RMK SF8 DENSITY ALT 1459FT CIG VRB 6-10 SLP032
CYAW,2025-09-26 15:00,-63.4994,44.6397,CYAW 261500Z 24011G19KT 210V270 10SM OVC009 22/20 A2962 RMK SF8 DENSITY ALT 1590FT SLP032
CYAW,2025-09-26 16:00,-63.4994,44.6397,CYAW 261600Z 24011G17KT 210V270 12SM OVC010 22/20 A2962 RMK SF8 DENSITY ALT 1634FT SLP031
CYAW,2025-09-26 16:36,-63.4994,44.6397,CYAW 261636Z 25012G18KT 15SM BKN015 BKN100 BKN250 23/20 A2962 RMK SC6AC1CI1 DENSITY ALT 1787FT SLP030
CYAW,2025-09-26 17:00,-63.4994,44.6397,CYAW 261700Z 23010KT 15SM BKN020 BKN100 BKN250 23/19 A2962 RMK SC5AC1CI1 DENSITY ALT 1744FT WIND EST SLP029
CYAW,2025-09-26 18:00,-63.4994,44.6397,CYAW 261800Z 26013G18KT 230V290 15SM SCT025 BKN100 BKN250 25/19 A2962 RMK SC4AC2CI1 DENSITY ALT 1903FT SLP029
CYAW,2025-09-26 19:00,-63.4994,44.6397,CYAW 261900Z CCA 26010G16KT 15SM FEW030 SCT100 BKN250 24/18 A2962 RMK SC2AC1CI4 DENSITY ALT 1859FT LAST OBS /NEXT 291300 UTC SLP031
CYAW,2025-09-29 13:00,-63.4994,44.6397,CYAW 291300Z 26008KT 15SM SKC 18/09 A3010 RMK DENSITY ALT 485FT FST OBS SLP193
CYAW,2025-09-29 14:00,-63.4994,44.6397,CYAW 291400Z 27011KT 15SM SKC 21/07 A3009 RMK DENSITY ALT 817FT SLP190
CYAW,2025-09-29 15:00,-63.4994,44.6397,CYAW 291500Z 26016G21KT 15SM SKC 23/06 A3007 RMK DENSITY ALT 1050FT SLP185
CYAW,2025-09-29 16:00,-63.4994,44.6397,CYAW 291600Z 26014G21KT 15SM SKC 24/07 A3006 RMK DENSITY ALT 1144FT SLP178
CYAW,2025-09-29 17:00,-63.4994,44.6397,CYAW 291700Z 25014G23KT 15SM SKC 24/07 A3004 RMK DENSITY ALT 1246FT SLP173
CYAW,2025-09-29 18:00,-63.4994,44.6397,CYAW 291800Z 26013G22KT 15SM SKC 25/06 A3002 RMK DENSITY ALT 1387FT SLP166
CYAW,2025-09-29 19:00,-63.4994,44.6397,CYAW 291900Z 25011G20KT 15SM SKC 25/07 A3001 RMK DENSITY ALT 1412FT SLP162
CYAW,2025-09-29 20:00,-63.4994,44.6397,CYAW 292000Z 22011G21KT 150V250 15SM FEW250 23/12 A2999 RMK CI1 DENSITY ALT 1179FT SLP157
CYAW,2025-09-29 21:00,-63.4994,44.6397,CYAW 292100Z CCA 23008KT 15SM FEW250 22/12 A3001 RMK CI1 DENSITY ALT 1019FT LAST OBS /NEXT 301200 UTC SLP161
CYAW,2025-09-30 10:00,-63.4994,44.6397,CYAW 301000Z 03005KT 360V060 15SM BKN120 14/09 A3001 RMK AC7 DENSITY ALT 82FT FST OBS SLP162
CYAW,2025-09-30 11:00,-63.4994,44.6397,CYAW 301100Z 33003KT 15SM BKN120 BKN150 14/10 A3003 RMK AC6AC1 DENSITY ALT 29FT SLP171
CYAW,2025-09-30 12:00,-63.4994,44.6397,CYAW 301200Z 34004KT 15SM BKN120 BKN140 15/10 A3004 RMK AC6AC1 DENSITY ALT 179FT SLP174
CYAW,2025-09-30 13:00,-63.4994,44.6397,CYAW 301300Z CCA 02009KT 320V040 15SM BKN120 16/09 A3005 RMK AC5 DENSITY ALT 249FT LAST OBS /NEXT 011100 UTC SLP175
CYAW,2025-10-01 11:00,-63.4994,44.6397,CYAW 011100Z 33008KT 15SM FEW020 FEW050 FEW250 08/06 A3008 RMK CU1SC1CI1 DENSITY ALT -741FT FST OBS SLP189
CYAW,2025-10-01 12:00,-63.4994,44.6397,CYAW 011200Z 33005KT 15SM FEW025 FEW050 FEW250 11/07 A3009 RMK CU1SC1CI1 DENSITY ALT -412FT SLP192
CYAW,2025-10-01 13:00,-63.4994,44.6397,CYAW 011300Z 01007KT 330V040 15SM FEW020 FEW050 FEW250 14/08 A3009 RMK CU1SC1CI1 DENSITY ALT -25FT SLP189
CYAW,2025-10-01 14:00,-63.4994,44.6397,CYAW 011400Z 36011G17KT 350V050 15SM SCT030 SCT250 15/07 A3007 RMK CU3CI1 DENSITY ALT 73FT SLP185
CYAW,2025-10-01 15:00,-63.4994,44.6397,CYAW 011500Z 36010KT 15SM SCT035 SCT250 15/06 A3006 RMK CU4CI1 DENSITY ALT 177FT SLP182
CYAW,2025-10-01 15:33,-63.4994,44.6397,CYAW 011533Z 36010KT 320V070 15SM -SHRA BKN043 BKN250 15/06 A3006 RMK CU5CI1 DENSITY ALT 159FT PCPN VRY LGT SLP179
CYAW,2025-10-01 16:00,-63.4994,44.6397,CYAW 011600Z 36008KT 320V030 15SM VCSH BKN043 BKN250 16/06 A3005 RMK CU5CI1 DENSITY ALT 248FT VCSH N QUAD SLP176
CYAW,2025-10-01 16:14,-63.4994,44.6397,CYAW 011614Z 35016G22KT 12SM -SHRA BKN043 BKN250 16/06 A3005 RMK CU6CI1 DENSITY ALT 225FT SLP178
CYAW,2025-10-01 16:44,-63.4994,44.6397,CYAW 011644Z 03007KT 15SM VCSH BKN033 BKN100 12/08 A3005 RMK CU6AC1 DENSITY ALT -212FT VCSH S SLP177
CYAW,2025-10-01 17:00,-63.4994,44.6397,CYAW 011700Z 03008KT 360V060 15SM VCSH SCT033 BKN046 BKN100 14/08 A3004 RMK CU4SC5AC1 DENSITY ALT 94FT VCSH NW AND S SLP175
CYAW,2025-10-01 18:00,-63.4994,44.6397,CYAW 011800Z 36012G17KT 330V050 15SM VCSH SCT035 BKN046 BKN100 14/06 A3004 RMK CU3SC3AC1 DENSITY ALT 69FT VCSH N SLP173
CYAW,2025-10-01 19:00,-63.4994,44.6397,CYAW 011900Z 02008KT 350V050 15SM VCSH SCT030 BKN050 12/06 A3004 RMK CU3SC3 DENSITY ALT -160FT VCSH SW SLP174
CYAW,2025-10-01 20:00,-63.4994,44.6397,CYAW 012000Z 34014G21KT 330V030 15SM FEW030 BKN050 BKN090 12/05 A3005 RMK CU2SC3AC1 DENSITY ALT -226FT SLP178
CYAW,2025-10-01 21:00,-63.4994,44.6397,CYAW 012100Z 36014G20KT 15SM FEW024 SCT035 BKN050 BKN090 10/06 A3007 RMK CU1SC2SC3AC1 DENSITY ALT -427FT SLP184
CYAW,2025-10-01 22:00,-63.4994,44.6397,CYAW 012200Z CCA 02013G19KT 350V050 15SM FEW024 BKN055 BKN095 09/07 A3009 RMK CU1SC5AC1 DENSITY ALT -577FT LAST OBS /NEXT 021000 UTC SLP191
CYAW,2025-10-02 10:00,-63.4994,44.6397,CYAW 021000Z 34010KT 15SM FEW025 FEW050 06/04 A3029 RMK CU1SC1 DENSITY ALT -1184FT FST OBS SLP259
CYAW,2025-10-02 11:00,-63.4994,44.6397,CYAW 021100Z 35009KT 15SM FEW025 FEW050 07/05 A3031 RMK CU1SC1 DENSITY ALT -1098FT SLP267
CYAW,2025-10-02 12:00,-63.4994,44.6397,CYAW 021200Z 36008KT 330V030 15SM FEW025 FEW050 10/06 A3033 RMK CU1SC1 DENSITY ALT -762FT SLP272
CYAW,2025-10-02 13:00,-63.4994,44.6397,CYAW 021300Z 01011KT 330V050 15SM FEW030 12/05 A3034 RMK CU1 DENSITY ALT -551FT SLP274
CYAW,2025-10-02 14:00,-63.4994,44.6397,CYAW 021400Z 03011G19KT 350V070 15SM FEW035 13/05 A3035 RMK CU2 DENSITY ALT -405FT SLP278
CYAW,2025-10-02 15:00,-63.4994,44.6397,CYAW 021500Z 02011G18KT 340V040 15SM SCT045 14/04 A3035 RMK CU3 DENSITY ALT -293FT SLP278
CYAW,2025-10-02 16:00,-63.4994,44.6397,CYAW 021600Z 02009G15KT 330V040 15SM SCT042 15/04 A3035 RMK CU4 DENSITY ALT -168FT SLP279
CYAW,2025-10-02 17:00,-63.4994,44.6397,CYAW 021700Z 35010KT 320V030 15SM SCT048 16/04 A3034 RMK CU4 DENSITY ALT -88FT SLP274
CYAW,2025-10-02 18:00,-63.4994,44.6397,CYAW 021800Z 02011G21KT 350V050 15SM SCT050 16/03 A3034 RMK CU3 DENSITY ALT -35FT SLP276
CYAW,2025-10-02 19:00,-63.4994,44.6397,CYAW 021900Z 36007KT 300V070 15SM FEW050 SCT250 14/04 A3034 RMK CU2CI1 DENSITY ALT -270FT SLP274
CYAW,2025-10-02 20:00,-63.4994,44.6397,CYAW 022000Z 01006KT 15SM FEW050 FEW250 15/03 A3034 RMK CU1CI1 DENSITY ALT -205FT SLP275
CYAW,2025-10-02 21:00,-63.4994,44.6397,CYAW 022100Z 34006KT 15SM FEW050 FEW250 14/03 A3035 RMK CU1CI1 DENSITY ALT -297FT SLP277
CYAW,2025-10-02 22:00,-63.4994,44.6397,CYAW 022200Z CCA 35004KT 15SM FEW055 12/03 A3036 RMK SC1 DENSITY ALT -618FT LAST OBS /NEXT 031000 UTC SLP282
CYAW,2025-10-03 10:00,-63.4994,44.6397,CYAW 031000Z 27006KT 15SM FEW020 FEW250 08/03 A3030 RMK SC1CI1 DENSITY ALT -1032FT FST OBS SLP263
CYAW,2025-10-03 11:00,-63.4994,44.6397,CYAW 031100Z 28006KT 15SM FEW020 FEW160 09/04 A3031 RMK SC1AC1 DENSITY ALT -950FT SLP265
CYAW,2025-10-03 12:00,-63.4994,44.6397,CYAW 031200Z 29005KT 15SM FEW250 11/04 A3031 RMK CI1 DENSITY ALT -629FT SLP265
CYAW,2025-10-03 13:00,-63.4994,44.6397,CYAW 031300Z 26008KT 15SM FEW250 13/05 A3029 RMK CI1 DENSITY ALT -320FT SLP259
CYAW,2025-10-03 14:00,-63.4994,44.6397,CYAW 031400Z 26009KT 15SM FEW250 16/05 A3027 RMK CI1 DENSITY ALT -39FT SLP253
CYAW,2025-10-03 15:00,-63.4994,44.6397,CYAW 031500Z 26010KT 15SM FEW250 17/05 A3025 RMK CI1 DENSITY ALT 174FT SLP244
CYAW,2025-10-03 16:00,-63.4994,44.6397,CYAW 031600Z 27013KT 15SM FEW250 18/05 A3022 RMK CI1 DENSITY ALT 355FT SLP235
CYAW,2025-10-03 17:00,-63.4994,44.6397,CYAW 031700Z 26011KT 15SM FEW250 19/06 A3019 RMK CI1 DENSITY ALT 486FT SLP225
CYAW,2025-10-03 18:00,-63.4994,44.6397,CYAW 031800Z 24011G16KT 230V290 15SM FEW250 19/07 A3016 RMK CI1 DENSITY ALT 550FT SLP215
CYAW,2025-10-03 19:00,-63.4994,44.6397,CYAW 031900Z 24009G15KT 210V270 15SM FEW250 19/08 A3014 RMK CI1 DENSITY ALT 589FT SLP206
CYAW,2025-10-03 20:00,-63.4994,44.6397,CYAW 032000Z 22011KT 15SM FEW250 19/10 A3011 RMK CI1 DENSITY ALT 532FT SLP198
CYAW,2025-10-03 21:00,-63.4994,44.6397,CYAW 032100Z CCA 23007G19KT 200V260 15SM FEW250 18/11 A3009 RMK CI1 DENSITY ALT 457FT LAST OBS /NEXT 061000 UTC SLP192
CYAW,2025-10-04 12:00,-63.4994,44.6397,CYAW 041200Z 33007KT 15SM FEW100 FEW250 13/08 A3002 RMK AC1CI1 DENSITY ALT -15FT FST OBS SLP166
CYAW,2025-10-04 13:00,-63.4994,44.6397,CYAW 041300Z CCA 33013KT 15SM FEW100 FEW250 16/08 A3002 RMK AC1CI1 DENSITY ALT 346FT LAST OBS /NEXT 061000 UTC SLP167
CYAW,2025-10-06 10:00,-63.4994,44.6397,CYAW 061000Z 32004KT 15SM FEW040 FEW250 11/10 A3019 RMK SC1CI2 DENSITY ALT -403FT FST OBS SLP224
CYAW,2025-10-06 11:00,-63.4994,44.6397,CYAW 061100Z 34003KT 15SM FEW250 13/11 A3020 RMK CI2 DENSITY ALT -271FT SLP227
CYAW,2025-10-06 12:00,-63.4994,44.6397,CYAW 061200Z 00000KT 15SM FEW250 17/13 A3021 RMK CI2 DENSITY ALT 269FT SLP229
CYAW,2025-10-06 13:00,-63.4994,44.6397,CYAW 061300Z 27005KT 230V310 15SM FEW250 20/13 A3021 RMK CI2 DENSITY ALT 580FT SLP229
CYAW,2025-10-06 14:00,-63.4994,44.6397,CYAW 061400Z 26005KT 230V290 15SM SCT250 22/14 A3020 RMK CI4 DENSITY ALT 883FT SLP227
CYAW,2025-10-06 15:00,-63.4994,44.6397,CYAW 061500Z 26005KT 200V300 15SM BKN250 25/15 A3018 RMK CI6 DENSITY ALT 1230FT SLP221
CYAW,2025-10-06 16:00,-63.4994,44.6397,CYAW 061600Z 25006KT 210V280 15SM BKN250 27/16 A3017 RMK CI6 DENSITY ALT 1470FT SLP216
CYAW,2025-10-06 17:00,-63.4994,44.6397,CYAW 061700Z 22007G17KT 170V260 15SM BKN250 27/16 A3015 RMK CI6 DENSITY ALT 1591FT SLP211
CYAW,2025-10-06 18:00,-63.4994,44.6397,CYAW 061800Z 21006KT 190V290 15SM FEW060 SCT250 28/17 A3015 RMK CF1CI4 DENSITY ALT 1618FT SLP209
CYAW,2025-10-06 19:00,-63.4994,44.6397,CYAW 061900Z 24008G15KT 200V270 15SM FEW060 BKN250 27/16 A3013 RMK CF1CI5 DENSITY ALT 1537FT SLP205
CYAW,2025-10-06 20:00,-63.4994,44.6397,CYAW 062000Z 24007KT 160V270 15SM FEW060 BKN250 25/17 A3013 RMK CF1CI5 DENSITY ALT 1394FT SLP203
CYAW,2025-10-06 21:00,-63.4994,44.6397,CYAW 062100Z 23009G15KT 15SM FEW050 BKN250 23/16 A3013 RMK CU1CI5 DENSITY ALT 1112FT SLP204
CYAW,2025-10-06 22:00,-63.4994,44.6397,CYAW 062200Z CCA 25005KT 210V290 15SM SCT250 21/16 A3013 RMK CI4 DENSITY ALT 872FT LAST OBS /NEXT 071000 UTC SLP204
CYAW,2025-10-07 10:00,-63.4994,44.6397,CYAW 071000Z 23008KT 15SM FEW250 14/13 A3015 RMK CI1 DENSITY ALT 9FT FST OBS SLP209
CYAW,2025-10-07 11:00,-63.4994,44.6397,CYAW 071100Z 23009KT 15SM FEW250 15/13 A3016 RMK CI1 DENSITY ALT 47FT SLP212
CYAW,2025-10-07 12:00,-63.4994,44.6397,CYAW 071200Z 23008KT 15SM FEW040 FEW250 16/14 A3016 RMK SC1CI1 DENSITY ALT 271FT SLP215
CYAW,2025-10-07 13:00,-63.4994,44.6397,CYAW 071300Z 22011KT 15SM FEW011 FEW250 18/15 A3017 RMK SC2CI1 DENSITY ALT 462FT SLP216
CYAW,2025-10-07 13:30,-63.4994,44.6397,CYAW 071330Z 23009G15KT 12SM BKN010 BKN250 17/14 A3017 RMK SC5CI1 DENSITY ALT 341FT SLP217
CYAW,2025-10-07 13:52,-63.4994,44.6397,CYAW 071352Z 23011KT 12SM BKN008 16/14 A3017 RMK SF7 DENSITY ALT 229FT SLP217
CYAW,2025-10-07 14:00,-63.4994,44.6397,CYAW 071400Z 25010G16KT 12SM BKN008 16/14 A3017 RMK SF7 DENSITY ALT 217FT SLP218
CYAW,2025-10-07 15:00,-63.4994,44.6397,CYAW 071500Z 25010KT 210V280 15SM BKN013 17/14 A3017 RMK SC7 DENSITY ALT 363FT SLP217
CYAW,2025-10-07 16:00,-63.4994,44.6397,CYAW 071600Z 23010KT 210V270 15SM BKN013 BKN250 19/15 A3016 RMK SC7CI1 DENSITY ALT 583FT SLP213
CYAW,2025-10-07 17:00,-63.4994,44.6397,CYAW 071700Z 23010G16KT 15SM SCT013 BKN250 20/15 A3014 RMK SC4CI2 DENSITY ALT 690FT CU ASOCTD SLP206
CYAW,2025-10-07 18:00,-63.4994,44.6397,CYAW 071800Z 23010G16KT 210V270 15SM FEW015 BKN250 20/16 A3013 RMK SC2CI5 DENSITY ALT 792FT SLP202
CYAW,2025-10-07 19:00,-63.4994,44.6397,CYAW 071900Z 23009G17KT 15SM FEW020 BKN250 21/16 A3011 RMK SC1CI6 DENSITY ALT 899FT SLP196
CYAW,2025-10-07 20:00,-63.4994,44.6397,CYAW 072000Z 22008G15KT 15SM FEW020 BKN250 20/16 A3011 RMK SC1CI5 DENSITY ALT 817FT SLP195
CYAW,2025-10-07 21:00,-63.4994,44.6397,CYAW 072100Z 23007KT 15SM FEW020 FEW250 19/15 A3010 RMK SC1CI2 DENSITY ALT 623FT SLP195
CYAW,2025-10-07 22:00,-63.4994,44.6397,CYAW 072200Z 23009G16KT 15SM FEW010 SCT250 17/16 A3011 RMK SF1CI2 DENSITY ALT 425FT SLP196
CYAW,2025-10-07 23:00,-63.4994,44.6397,CYAW 072300Z 22009KT 15SM FEW010 FEW250 17/15 A3010 RMK SF1CI1 DENSITY ALT 398FT SLP195
CYAW,2025-10-08 00:00,-63.4994,44.6397,CYAW 080000Z 23009KT 15SM FEW010 FEW250 16/15 A3011 RMK SF1CI1 DENSITY ALT 345FT SLP197
CYAW,2025-10-08 01:00,-63.4994,44.6397,CYAW 080100Z CCA 22009KT 15SM FEW210 16/15 A3012 RMK CC1 DENSITY ALT 306FT LAST OBS /NEXT 081000 UTC SLP198
CYAW,2025-10-08 10:00,-63.4994,44.6397,CYAW 081000Z 23008G17KT 15SM FEW012 SCT110 SCT250 18/16 A3003 RMK SC2AC2CI1 DENSITY ALT 581FT FST OBS SLP169
CYAW,2025-10-08 10:21,-63.4994,44.6397,CYAW 081021Z 22008G16KT 15SM BKN014 BKN250 18/16 A3002 RMK SC7CI1 DENSITY ALT 606FT SLP168
CYAW,2025-10-08 11:00,-63.4994,44.6397,CYAW 081100Z 23013G23KT 200V260 15SM BKN011 18/17 A3002 RMK SC7 DENSITY ALT 712FT SLP165
CYAW,2025-10-08 12:00,-63.4994,44.6397,CYAW 081200Z 23014G21KT 15SM SCT013 BKN100 BKN250 20/17 A3001 RMK SC3AC2CI2 DENSITY ALT 902FT SLP163
CYAW,2025-10-08 12:19,-63.4994,44.6397,CYAW 081219Z 23013G21KT 15SM BKN013 BKN100 BKN250 20/17 A3001 RMK SC5AC1CI1 DENSITY ALT 878FT SLP164
CYAW,2025-10-08 13:00,-63.4994,44.6397,CYAW 081300Z 23013G24KT 15SM BKN013 BKN100 20/17 A3001 RMK SC6AC1 DENSITY ALT 855FT SLP164
CYAW,2025-10-08 14:00,-63.4994,44.6397,CYAW 081400Z 23014G23KT 15SM BKN013 BKN100 20/17 A3000 RMK SC6AC1 DENSITY ALT 911FT SLP158
CYAW,2025-10-08 14:52,-63.4994,44.6397,CYAW 081452Z 23016G24KT 15SM BKN018 BKN100 BKN250 22/17 A2998 RMK SC5AC1CI2 DENSITY ALT 1219FT SLP152
CYAW,2025-10-08 15:00,-63.4994,44.6397,CYAW 081500Z 22019G27KT 15SM BKN018 BKN250 22/17 A2997 RMK SC6CI1 DENSITY ALT 1242FT SLP150
CYAW,2025-10-08 15:44,-63.4994,44.6397,CYAW 081544Z 22016G24KT 200V260 15SM SCT018 BKN250 21/17 A2996 RMK SC3CI4 DENSITY ALT 1100FT CU ASOCTD SLP146
CYAW,2025-10-08 16:00,-63.4994,44.6397,CYAW 081600Z 22015G23KT 15SM BKN016 BKN100 BKN250 21/17 A2996 RMK SC6AC1CI1 DENSITY ALT 1091FT CU ASOCTD SLP146
CYAW,2025-10-08 16:23,-63.4994,44.6397,CYAW 081623Z 22015G22KT 12SM BKN014 OVC250 20/17 A2995 RMK SC7CI1 DENSITY ALT 1035FT SLP142
CYAW,2025-10-08 17:00,-63.4994,44.6397,CYAW 081700Z 22015G24KT 190V250 12SM BKN012 BKN100 OVC250 21/18 A2993 RMK SC7AC1CI1 DENSITY ALT 1109FT SLP135
CYAW,2025-10-08 18:00,-63.4994,44.6397,CYAW 081800Z 20016G24KT 12SM BKN012 OVC025 21/18 A2989 RMK SC6SC2 DENSITY ALT 1158FT SLP123
CYAW,2025-10-08 19:00,-63.4994,44.6397,CYAW 081900Z 22019G32KT 12SM BKN011 OVC025 21/18 A2988 RMK SC7SC1 DENSITY ALT 1134FT SLP118
CYAW,2025-10-08 19:21,-63.4994,44.6397,CYAW 081921Z 22015G26KT 12SM OVC009 21/18 A2987 RMK SF8 DENSITY ALT 1148FT SLP115
CYAW,2025-10-08 20:00,-63.4994,44.6397,CYAW 082000Z 21015G22KT 12SM OVC008 20/18 A2985 RMK SF8 DENSITY ALT 1076FT SLP110
CYAW,2025-10-08 20:05,-63.4994,44.6397,CYAW 082005Z 21015G23KT 190V250 6SM -SHRA BR OVC008 20/18 A2985 RMK SF8 DENSITY ALT 1053FT SLP110
CYAW,2025-10-08 20:38,-63.4994,44.6397,CYAW 082038Z 22014G24KT 180V240 8SM OVC008 19/18 A2985 RMK SF8 DENSITY ALT 981FT SLP108
CYAW,2025-10-08 21:00,-63.4994,44.6397,CYAW 082100Z 22014G21KT 8SM OVC006 19/18 A2984 RMK SF8 DENSITY ALT 1004FT SLP105
CYAW,2025-10-08 22:00,-63.4994,44.6397,CYAW 082200Z 22014G26KT 190V260 8SM OVC006 19/18 A2981 RMK SF8 DENSITY ALT 1052FT SLP097
CYAW,2025-10-08 22:47,-63.4994,44.6397,CYAW 082247Z 22015G25KT 6SM -SHRA OVC007 19/18 A2980 RMK SF8 DENSITY ALT 1085FT SLP093
CYAW,2025-10-08 23:00,-63.4994,44.6397,CYAW 082300Z 22014G24KT 200V260 5SM -SHRA BR OVC008 19/18 A2980 RMK SF8 DENSITY ALT 1048FT SLP090
CYAW,2025-10-09 00:00,-63.4994,44.6397,CYAW 090000Z CCA 23018G32KT 5SM -SHRA BR BKN010 OVC020 18/17 A2976 RMK SF6SC2 DENSITY ALT 975FT LAST OBS /NEXT 091000 UTC SLP079
CYAW,2025-10-09 10:00,-63.4994,44.6397,CYAW 091000Z 33016G22KT 15SM FEW008 SCT017 SCT070 09/07 A2992 RMK SF1SC4AC1 DENSITY ALT -455FT FST OBS SLP133
CYAW,2025-10-09 11:00,-63.4994,44.6397,CYAW 091100Z 32015G24KT 15SM FEW016 09/06 A2996 RMK SC2 DENSITY ALT -506FT SLP144
CYAW,2025-10-09 12:00,-63.4994,44.6397,CYAW 091200Z 33011G19KT 15SM SCT017 SCT070 09/06 A3000 RMK SC3AC1 DENSITY ALT -506FT SLP159
CYAW,2025-10-09 13:00,-63.4994,44.6397,CYAW 091300Z 31017G22KT 15SM FEW019 SCT055 SCT070 10/05 A3002 RMK CU2SC1AC1 DENSITY ALT -459FT SLP168
CYAW,2025-10-09 14:00,-63.4994,44.6397,CYAW 091400Z 32018G24KT 15SM SCT022 SCT055 10/05 A3006 RMK CU4SC1 DENSITY ALT -519FT SLP179
CYAW,2025-10-09 15:00,-63.4994,44.6397,CYAW 091500Z 32021G26KT 15SM SCT026 11/04 A3007 RMK CU4 DENSITY ALT -370FT SLP183
CYAW,2025-10-09 16:00,-63.4994,44.6397,CYAW 091600Z 33020G26KT 300V360 15SM SCT042 12/01 A3008 RMK CU4 DENSITY ALT -340FT SLP186
CYAW,2025-10-09 17:00,-63.4994,44.6397,CYAW 091700Z 33021G27KT 15SM BKN050 11/M00 A3009 RMK CU5 DENSITY ALT -419FT SLP191
CYAW,2025-10-09 18:00,-63.4994,44.6397,CYAW 091800Z 32024KT 15SM BKN060 10/M02 A3011 RMK SC7 CU ASOCTD DENSITY ALT -559FT SLP196
CYAW,2025-10-09 19:00,-63.4994,44.6397,CYAW 091900Z 31020KT 15SM BKN058 12/M01 A3011 RMK SC6 CU ASOCTD DENSITY ALT -372FT SLP198
CYAW,2025-10-09 20:00,-63.4994,44.6397,CYAW 092000Z 33015G22KT 290V350 15SM BKN055 10/M01 A3014 RMK SC6 DENSITY ALT -652FT SLP207
CYAW,2025-10-09 21:00,-63.4994,44.6397,CYAW 092100Z 33019G27KT 15SM SCT063 09/M02 A3016 RMK SC4 DENSITY ALT -813FT SLP215
CYAW,2025-10-09 22:00,-63.4994,44.6397,CYAW 092200Z 32010G17KT 300V010 15SM FEW063 07/M01 A3019 RMK SC2 DENSITY ALT -975FT SLP224
CYAW,2025-10-09 23:00,-63.4994,44.6397,CYAW 092300Z 33006KT 15SM FEW060 06/M00 A3022 RMK SC1 DENSITY ALT -1169FT SLP234
CYAW,2025-10-10 00:00,-63.4994,44.6397,CYAW 100000Z CCA 31009KT 15SM FEW080 06/M00 A3023 RMK AC1 DENSITY ALT -1143FT LAST OBS /NEXT 141000 UTC SLP238
CYAW,2025-10-14 10:00,-63.4994,44.6397,CYAW 141000Z 04006KT 15SM BKN250 07/06 A3017 RMK CI5 DENSITY ALT -971FT FST OBS SLP218
CYAW,2025-10-14 11:00,-63.4994,44.6397,CYAW 141100Z 04004KT 15SM BKN250 09/07 A3017 RMK CI6 CC ASOCTD DENSITY ALT -768FT SLP216
CYAW,2025-10-14 12:00,-63.4994,44.6397,CYAW 141200Z 04005KT 15SM FEW180 BKN250 10/07 A3016 RMK AC1CI6 CC ASOCTD DENSITY ALT -630FT SLP214
CYAW,2025-10-14 13:00,-63.4994,44.6397,CYAW 141300Z 02005KT 350V060 15SM FEW180 BKN250 11/07 A3015 RMK AC1CI5 CC ASOCTD DENSITY ALT -461FT SLP212
CYAW,2025-10-14 14:00,-63.4994,44.6397,CYAW 141400Z 36004KT 330V060 15SM BKN250 13/07 A3015 RMK CI5 CC ASOCTD DENSITY ALT -143FT SLP209
CYAW,2025-10-14 15:00,-63.4994,44.6397,CYAW 141500Z 01004KT 15SM FEW040 BKN250 15/06 A3013 RMK SC1CI5 CC ASOCTD DENSITY ALT 97FT SLP203
CYAW,2025-10-14 16:00,-63.4994,44.6397,CYAW 141600Z 04004KT 15SM FEW040 BKN250 17/05 A3010 RMK SC1CI5 CC ASOCTD DENSITY ALT 336FT SLP195
CYAW,2025-10-14 17:00,-63.4994,44.6397,CYAW 141700Z 22005KT 180V250 15SM FEW180 FEW230 BKN250 16/06 A3007 RMK AC1CC1CI6 DENSITY ALT 278FT SLP185
CYAW,2025-10-14 18:00,-63.4994,44.6397,CYAW 141800Z 20004KT 170V230 15SM FEW180 BKN250 17/06 A3005 RMK AC1CI7 DENSITY ALT 361FT SLP177
CYAW,2025-10-14 19:00,-63.4994,44.6397,CYAW 141900Z 19005KT 15SM FEW180 BKN250 16/08 A3003 RMK AC1CI7 DENSITY ALT 273FT SLP171
CYAW,2025-10-14 20:00,-63.4994,44.6397,CYAW 142000Z 19004KT 15SM FEW180 OVC250 15/08 A3001 RMK AC2CI6 DENSITY ALT 187FT SLP165
CYAW,2025-10-14 21:00,-63.4994,44.6397,CYAW 142100Z 18003KT 15SM FEW180 BKN250 14/09 A3001 RMK AC2CI5 DENSITY ALT 41FT SLP163
CYAW,2025-10-14 22:00,-63.4994,44.6397,CYAW 142200Z 24003KT 15SM SCT180 BKN250 13/08 A3000 RMK AC4CI3 DENSITY ALT -12FT SLP159
CYAW,2025-10-14 23:00,-63.4994,44.6397,CYAW 142300Z 31003KT 250V340 15SM BKN180 BKN250 12/09 A2998 RMK AC5CI2 DENSITY ALT -81FT SLP155
CYAW,2025-10-15 00:00,-63.4994,44.6397,CYAW 150000Z CCA 33004KT 15SM BKN180 BKN250 12/08 A2997 RMK AC5CI2 DENSITY ALT -108FT LAST OBS /NEXT 151000 UTC SLP150
CYAW,2025-10-15 10:00,-63.4994,44.6397,CYAW 151000Z 36002KT 15SM BKN110 07/06 A2982 RMK AC7 DENSITY ALT -557FT FST OBS SLP099
CYAW,2025-10-15 11:00,-63.4994,44.6397,CYAW 151100Z 32005KT 15SM BKN090 09/07 A2981 RMK AC7 DENSITY ALT -325FT SLP097
CYAW,2025-10-15 12:00,-63.4994,44.6397,CYAW 151200Z 33005KT 15SM BKN085 11/08 A2981 RMK AC7 DENSITY ALT -84FT SLP096
CYAW,2025-10-15 13:00,-63.4994,44.6397,CYAW 151300Z 36005KT 320V030 15SM SCT085 BKN100 BKN250 14/09 A2979 RMK AC4AC2CI1 DENSITY ALT 318FT SLP088
CYAW,2025-10-15 14:00,-63.4994,44.6397,CYAW 151400Z 31003KT 220V030 15SM BKN100 14/07 A2977 RMK AC7 DENSITY ALT 347FT SLP083
CYAW,2025-10-15 15:00,-63.4994,44.6397,CYAW 151500Z 22004KT 200V270 15SM BKN070 BKN100 14/06 A2976 RMK AC5AC2 DENSITY ALT 396FT SLP079
CYAW,2025-10-15 16:00,-63.4994,44.6397,CYAW 151600Z 19003KT 140V250 15SM FEW050 SCT070 BKN100 15/06 A2974 RMK SC1AC4AC3 DENSITY ALT 507FT SLP070
CYAW,2025-10-15 17:00,-63.4994,44.6397,CYAW 151700Z 17004KT 150V210 15SM FEW050 SCT070 BKN100 14/09 A2971 RMK SC1AC3AC4 DENSITY ALT 492FT SLP061
CYAW,2025-10-15 18:00,-63.4994,44.6397,CYAW 151800Z 24004KT 210V280 15SM SCT070 BKN110 16/07 A2969 RMK AC4AC2 DENSITY ALT 658FT SLP056
CYAW,2025-10-15 19:00,-63.4994,44.6397,CYAW 151900Z CCA 22004KT 170V240 15SM FEW070 BKN100 BKN250 16/04 A2968 RMK AC1AC4CI1 DENSITY ALT 690FT LAST OBS /NEXT 161000 UTC SLP050
CYAW,2025-10-16 10:00,-63.4994,44.6397,CYAW 161000Z 36005KT 340V040 15SM BKN050 OVC110 10/09 A2959 RMK SC6AC2 DENSITY ALT 66FT FST OBS SLP021
CYAW,2025-10-16 11:00,-63.4994,44.6397,CYAW 161100Z 04007KT 15SM SCT050 BKN070 OVC110 10/08 A2959 RMK SC3AC2AC3 DENSITY ALT 77FT SLP022
CYAW,2025-10-16 12:00,-63.4994,44.6397,CYAW 161200Z 03006KT 15SM FEW021 SCT050 BKN080 OVC250 11/09 A2960 RMK CU2SC1AC2CI3 DENSITY ALT 164FT SLP025
CYAW,2025-10-16 13:00,-63.4994,44.6397,CYAW 161300Z 05009KT 15SM FEW025 BKN055 BKN250 11/09 A2959 RMK CU1SC4CI2 DENSITY ALT 249FT SLP023
CYAW,2025-10-16 14:00,-63.4994,44.6397,CYAW 161400Z 05009KT 020V090 15SM FEW030 BKN050 BKN075 BKN250 15/09 A2959 RMK SC2SC3AC2CI1 DENSITY ALT 650FT SLP022
CYAW,2025-10-16 15:00,-63.4994,44.6397,CYAW 161500Z 05010KT 15SM SCT055 BKN070 13/09 A2959 RMK SC3AC4 CU ASOCTD DENSITY ALT 459FT DIST SHRA S SLP022
CYAW,2025-10-16 16:00,-63.4994,44.6397,CYAW 161600Z 03009KT 010V070 15SM VCSH FEW022 BKN057 13/10 A2959 RMK SC2SC5 DENSITY ALT 450FT CU ASOCTD VCSH NE SLP021
CYAW,2025-10-16 16:22,-63.4994,44.6397,CYAW 161622Z CCA 05008KT 020V090 15SM -SHRA SCT028 BKN055 12/10 A2959 RMK SC3SC4 DENSITY ALT 403FT CU ASOCTD SLP020
CYAW,2025-10-16 17:00,-63.4994,44.6397,CYAW 161700Z 03008KT 360V060 12SM -SHRA SCT030 OVC050 12/10 A2958 RMK SC3SC5 DENSITY ALT 423FT SLP019
CYAW,2025-10-16 17:27,-63.4994,44.6397,CYAW 161727Z 02009KT 15SM SCT030 OVC048 13/11 A2959 RMK SC3SC5 DENSITY ALT 508FT SLP020
CYAW,2025-10-16 17:40,-63.4994,44.6397,CYAW 161740Z 02009KT 15SM -SHRA SCT030 BKN050 OVC070 13/10 A2959 RMK SC3SC4AC1 DENSITY ALT 492FT PCPN VRY LGT SLP020
CYAW,2025-10-16 18:00,-63.4994,44.6397,CYAW 161800Z 02009KT 15SM -SHRA FEW030 SCT050 OVC072 13/10 A2958 RMK SC2SC2AC4 DENSITY ALT 515FT PCPN VRY LGT SLP018
CYAW,2025-10-16 18:38,-63.4994,44.6397,CYAW 161838Z 01009KT 340V040 15SM VCSH BKN040 OVC070 13/10 A2958 RMK SC5AC3 DENSITY ALT 536FT SLP018
CYAW,2025-10-16 18:47,-63.4994,44.6397,CYAW 161847Z 02009KT 350V050 15SM -SHRA BKN034 OVC070 13/10 A2958 RMK SC5AC3 DENSITY ALT 503FT SLP019
CYAW,2025-10-16 19:00,-63.4994,44.6397,CYAW 161900Z 04008KT 15SM -SHRA FEW025 BKN040 OVC070 13/10 A2959 RMK SC1SC6AC2 DENSITY ALT 515FT PCPN VRY LGT SLP021
CYAW,2025-10-16 20:00,-63.4994,44.6397,CYAW 162000Z 05009KT 030V090 8SM -SHRA FEW011 OVC029 12/11 A2960 RMK SC2SC6 DENSITY ALT 397FT LAST OBS /NEXT 171000 UTC SLP026
CYAW,2025-10-17 10:00,-63.4994,44.6397,CYAW 171000Z 02012G19KT 15SM FEW018 SCT090 OVC120 10/07 A2970 RMK SC1AC3AC5 DENSITY ALT -60FT FST OBS SLP059
CYAW,2025-10-17 11:00,-63.4994,44.6397,CYAW 171100Z 03012G20KT 360V060 15SM SCT025 BKN120 10/07 A2971 RMK SC4AC3 DENSITY ALT -28FT SLP062
CYAW,2025-10-17 12:00,-63.4994,44.6397,CYAW 171200Z 03012G22KT 15SM BKN025 BKN250 11/07 A2972 RMK SC6CI1 DENSITY ALT 46FT SLP067
CYAW,2025-10-17 13:00,-63.4994,44.6397,CYAW 171300Z 04012G21KT 360V070 15SM BKN025 BKN250 11/07 A2973 RMK SC5CI2 CC ASOCTD DENSITY ALT 86FT SLP067
CYAW,2025-10-17 14:00,-63.4994,44.6397,CYAW 171400Z 01013G30KT 340V070 15SM BKN025 BKN250 14/08 A2972 RMK SC7CI1 CU ASOCTD DENSITY ALT 389FT SLP064
CYAW,2025-10-17 15:00,-63.4994,44.6397,CYAW 171500Z 03013G23KT 360V060 15SM BKN025 BKN250 14/08 A2972 RMK SC5CI1 CU ASOCTD DENSITY ALT 406FT SLP063
CYAW,2025-10-17 16:00,-63.4994,44.6397,CYAW 171600Z 04016G26KT 360V060 15SM BKN028 14/07 A2971 RMK SC7 DENSITY ALT 397FT SLP060
CYAW,2025-10-17 17:00,-63.4994,44.6397,CYAW 171700Z 02014G20KT 350V050 15SM BKN028 14/08 A2970 RMK SC7 DENSITY ALT 439FT SLP058
CYAW,2025-10-17 18:00,-63.4994,44.6397,CYAW 171800Z 02015G22KT 15SM OVC025 14/08 A2969 RMK SC8 DENSITY ALT 440FT SLP055
CYAW,2025-10-17 19:00,-63.4994,44.6397,CYAW 171900Z 02012G17KT 350V050 15SM OVC028 14/08 A2970 RMK SC8 DENSITY ALT 441FT SLP057
CYAW,2025-10-17 20:00,-63.4994,44.6397,CYAW 172000Z 01016G21KT 340V050 15SM OVC028 14/08 A2970 RMK SC8 DENSITY ALT 395FT SLP059
CYAW,2025-10-17 21:00,-63.4994,44.6397,CYAW 172100Z 02011G19KT 15SM BKN028 BKN046 13/09 A2971 RMK SC6SC1 DENSITY ALT 342FT SLP062
CYAW,2025-10-18 10:00,-63.4994,44.6397,CYAW 181000Z 01010G22KT 15SM BKN017 BKN090 10/08 A2974 RMK SC6AC1 DENSITY ALT -89FT FST OBS SLP073
CYAW,2025-10-18 11:00,-63.4994,44.6397,CYAW 181100Z 36014G21KT 15SM BKN017 BKN090 BKN250 10/08 A2976 RMK SC5AC1CI1 DENSITY ALT -89FT SLP079
CYAW,2025-10-18 12:00,-63.4994,44.6397,CYAW 181200Z 01012G20KT 340V040 15SM BKN015 OVC090 11/08 A2978 RMK SC7AC1 DENSITY ALT -35FT SLP086
CYAW,2025-10-18 12:06,-63.4994,44.6397,CYAW 181206Z 01014G20KT 340V040 10SM -DZ BKN016 BKN090 11/09 A2978 RMK SC6AC1 DENSITY ALT -45FT SLP087
CYAW,2025-10-18 12:22,-63.4994,44.6397,CYAW 181222Z 01013G19KT 10SM -DZ FEW009 BKN013 BKN090 11/09 A2978 RMK SF1SC6AC1 DENSITY ALT -30FT VIS LWR W QUAD SLP087
CYAW,2025-10-18 12:44,-63.4994,44.6397,CYAW 181244Z 35013G22KT 330V040 4SM -DZ BR FEW009 OVC012 11/09 A2978 RMK SF2SC6 DENSITY ALT 23FT SLP087
CYAW,2025-10-18 13:00,-63.4994,44.6397,CYAW 181300Z 01015KT 330V050 12SM -DZ FEW009 BKN012 BKN090 11/09 A2979 RMK SF1SC5AC1 DENSITY ALT -49FT SLP087
CYAW,2025-10-18 13:16,-63.4994,44.6397,CYAW 181316Z 01014G20KT 15SM FEW009 BKN013 12/09 A2979 RMK SF1SC7 DENSITY ALT 59FT SLP088
CYAW,2025-10-18 13:25,-63.4994,44.6397,CYAW 181325Z 01016G23KT 340V050 12SM -DZ FEW009 BKN013 12/09 A2979 RMK SF1SC7 DENSITY ALT 117FT VIS LWR N QUAD SLP089
CYAW,2025-10-18 13:47,-63.4994,44.6397,CYAW 181347Z CCA 02011G21KT 8SM -SHRA SCT008 OVC013 12/10 A2979 RMK SF3SC5 DENSITY ALT 156FT VIS LWR N QUAD SLP089
CYAW,2025-10-18 14:00,-63.4994,44.6397,CYAW 181400Z 36012G17KT 340V040 6SM -SHRA BR SCT008 OVC013 11/10 A2980 RMK SF3SC5 DENSITY ALT 32FT VIS LWR N SLP091
CYAW,2025-10-18 14:41,-63.4994,44.6397,CYAW 181441Z 01011G21KT 12SM VCSH FEW008 BKN014 BKN250 12/10 A2980 RMK SF1SC5CI1 DENSITY ALT 65FT VCSH N AND S SLP091
CYAW,2025-10-18 14:54,-63.4994,44.6397,CYAW 181454Z 36012G20KT 340V040 12SM -DZ FEW008 BKN014 BKN250 13/10 A2980 RMK SF1SC6CI1 DENSITY ALT 211FT VIS LWR N SLP091
CYAW,2025-10-18 15:00,-63.4994,44.6397,CYAW 181500Z 01015G26KT 340V040 12SM -DZ FEW008 BKN014 BKN250 12/10 A2980 RMK SF1SC6CI1 DENSITY ALT 114FT SLP091
CYAW,2025-10-18 15:17,-63.4994,44.6397,CYAW 181517Z 01013G21KT 12SM FEW008 BKN014 BKN250 13/10 A2979 RMK SF1SC6CI1 DENSITY ALT 218FT VIS LWR W QUAD SLP090
CYAW,2025-10-18 16:00,-63.4994,44.6397,CYAW 181600Z 36017G27KT 330V040 15SM FEW014 BKN028 BKN250 14/09 A2978 RMK SC2SC5CI1 DENSITY ALT 341FT SLP086
CYAW,2025-10-18 17:00,-63.4994,44.6397,CYAW 181700Z 02012G26KT 350V050 15SM BKN028 BKN040 14/08 A2978 RMK SC5SC2 DENSITY ALT 375FT DIST SH NW SLP086
CYAW,2025-10-18 18:00,-63.4994,44.6397,CYAW 181800Z 01013G22KT 15SM BKN028 BKN250 15/09 A2978 RMK SC5CI2 DENSITY ALT 459FT SLP085
CYAW,2025-10-18 19:00,-63.4994,44.6397,CYAW 181900Z 01014G22KT 340V040 15SM BKN028 BKN250 14/09 A2979 RMK SC7CI1 DENSITY ALT 376FT SLP088
CYAW,2025-10-18 20:00,-63.4994,44.6397,CYAW 182000Z 35016G25KT 15SM BKN025 BKN250 13/08 A2981 RMK SC7CI1 DENSITY ALT 243FT SLP095
CYAW,2025-10-18 21:00,-63.4994,44.6397,CYAW 182100Z 35013G18KT 330V030 15SM OVC024 13/09 A2984 RMK SC8 DENSITY ALT 117FT SLP105
CYAW,2025-10-18 21:42,-63.4994,44.6397,CYAW 182142Z 01011G21KT 330V030 15SM BKN018 BKN030 12/09 A2985 RMK SC5SC2 DENSITY ALT 22FT LAST OBS /NEXT 201000 UTC SLP110
CYAW,2025-10-20 10:00,-63.4994,44.6397,CYAW 201000Z 03002KT 15SM OVC021 11/09 A3015 RMK SC8 DENSITY ALT -382FT FST OBS SLP212
CYAW,2025-10-20 11:00,-63.4994,44.6397,CYAW 201100Z 05003KT 15SM OVC021 11/09 A3016 RMK SC8 DENSITY ALT -392FT SLP213
CYAW,2025-10-20 12:00,-63.4994,44.6397,CYAW 201200Z 06003KT 030V090 15SM OVC020 12/09 A3017 RMK SC8 DENSITY ALT -316FT SLP217
CYAW,2025-10-20 13:00,-63.4994,44.6397,CYAW 201300Z 09003KT 050V110 15SM OVC020 13/10 A3017 RMK SC8 DENSITY ALT -230FT SLP218
CYAW,2025-10-20 14:00,-63.4994,44.6397,CYAW 201400Z 11005KT 080V140 15SM OVC021 14/10 A3017 RMK SC8 DENSITY ALT -130FT SLP216
CYAW,2025-10-20 15:00,-63.4994,44.6397,CYAW 201500Z 12007KT 100V160 15SM OVC019 14/10 A3016 RMK SC8 DENSITY ALT -56FT SLP213
CYAW,2025-10-20 16:00,-63.4994,44.6397,CYAW 201600Z 16007KT 120V190 15SM OVC021 15/10 A3014 RMK SC8 DENSITY ALT 24FT SLP207
CYAW,2025-10-20 17:00,-63.4994,44.6397,CYAW 201700Z 15008KT 15SM OVC021 14/10 A3012 RMK SC8 DENSITY ALT 37FT SLP201
CYAW,2025-10-20 18:00,-63.4994,44.6397,CYAW 201800Z 17006KT 140V200 15SM OVC020 14/10 A3012 RMK SC8 DENSITY ALT -1FT SLP201
CYAW,2025-10-20 19:00,-63.4994,44.6397,CYAW 201900Z 16011KT 15SM OVC018 14/10 A3011 RMK SC8 DENSITY ALT -23FT SLP197
CYAW,2025-10-20 20:00,-63.4994,44.6397,CYAW 202000Z 17007KT 15SM OVC018 14/10 A3009 RMK SC8 DENSITY ALT -24FT SLP191
CYAW,2025-10-20 21:00,-63.4994,44.6397,CYAW 202100Z 15010KT 15SM FEW014 OVC020 13/11 A3009 RMK SC2SC6 DENSITY ALT -72FT SLP190
CYAW,2025-10-20 22:00,-63.4994,44.6397,CYAW 202200Z 15005KT 15SM OVC018 13/11 A3008 RMK SC8 DENSITY ALT -63FT SLP188
CYAW,2025-10-20 23:00,-63.4994,44.6397,CYAW 202300Z 16011KT 15SM OVC020 14/11 A3007 RMK SC8 DENSITY ALT 21FT SLP185
CYAW,2025-10-20 23:11,-63.4994,44.6397,CYAW 202311Z CCA 15010G16KT 15SM -DZ SCT016 OVC022 13/11 A3007 RMK SC3SC5 DENSITY ALT -61FT LAST OBS /NEXT 211000 UTC SLP185
CYAW,2025-10-21 10:00,-63.4994,44.6397,CYAW 211000Z 12017G26KT 100V160 6SM -SHRA BR OVC008 14/13 A2989 RMK SF8 DENSITY ALT 315FT FST OBS SLP122
CYAW,2025-10-21 10:54,-63.4994,44.6397,CYAW 211054Z 10013G22KT 090V180 1SM SHRA BR OVC006 15/14 A2988 RMK SF8 TCU EMBD TCU DENSITY ALT 379FT SLP118
CYAW,2025-10-21 11:00,-63.4994,44.6397,CYAW 211100Z 13012G21KT 090V160 3SM -SHRA BR OVC003 15/14 A2990 RMK SF8 DENSITY ALT 343FT SLP124
CYAW,2025-10-21 11:19,-63.4994,44.6397,CYAW 211119Z 13010G17KT 1 1/2SM -SHRA BR OVC005 15/14 A2990 RMK SF8 DENSITY ALT 344FT VIS VRB 1-2 SLP125
CYAW,2025-10-21 11:28,-63.4994,44.6397,CYAW 211128Z CCA 14014G19KT 3/4SM SHRA BR OVC003 15/14 A2991 RMK SF8 DENSITY ALT 333FT CVCTV CLD EMBD SLP129
CYAW,2025-10-21 11:47,-63.4994,44.6397,CYAW 211147Z 13014KT 1 1/2SM -SHRA BR OVC003 15/14 A2989 RMK SF8 DENSITY ALT 355FT VIS VRB 1-2 SLP122
CYAW,2025-10-21 12:00,-63.4994,44.6397,CYAW 211200Z 14016G24KT 1 1/2SM -SHRA BR OVC005 15/14 A2989 RMK SF8 DENSITY ALT 395FT VIS VRB 1-2 SLP122
CYAW,2025-10-21 12:47,-63.4994,44.6397,CYAW 211247Z 16010G18KT 12SM FEW004 BKN032 BKN250 14/14 A2989 RMK SF2SC5CI1 DENSITY ALT 329FT SLP122
CYAW,2025-10-21 13:00,-63.4994,44.6397,CYAW 211300Z 18008KT 12SM FEW004 BKN025 BKN064 BKN250 14/13 A2989 RMK SF1SC5SC1CI1 DENSITY ALT 301FT SLP124
CYAW,2025-10-21 15:00,-63.4994,44.6397,CYAW 211500Z 20008G16KT 170V230 15SM FEW020 SCT040 18/13 A2989 RMK CU2SC1 DENSITY ALT 698FT SLP123
CYAW,2025-10-21 16:00,-63.4994,44.6397,CYAW 211600Z 21013KT 15SM SCT025 BKN048 BKN250 17/11 A2988 RMK CU3SC2CC1 DENSITY ALT 566FT SLP120
CYAW,2025-10-21 17:00,-63.4994,44.6397,CYAW 211700Z 21012G17KT 15SM BKN022 BKN040 16/11 A2987 RMK CU5SC2 DENSITY ALT 540FT SLP115
CYAW,2025-10-21 18:00,-63.4994,44.6397,CYAW 211800Z 21012G18KT 15SM FEW020 BKN040 BKN250 16/12 A2987 RMK CU2SC5CI1 DENSITY ALT 566FT SLP114
CYAW,2025-10-21 19:00,-63.4994,44.6397,CYAW 211900Z 21014G20KT 15SM SCT022 BKN040 BKN250 16/11 A2987 RMK CU3SC4CI1 DENSITY ALT 508FT SLP114
CYAW,2025-10-21 20:00,-63.4994,44.6397,CYAW 212000Z 22014G19KT 15SM SCT022 BKN040 15/11 A2987 RMK SC3SC4 DENSITY ALT 418FT SLP115
CYAW,2025-10-21 21:00,-63.4994,44.6397,CYAW 212100Z 22010G15KT 180V250 15SM FEW022 BKN040 BKN250 15/11 A2988 RMK SC2SC3CI1 DENSITY ALT 347FT SLP119
CYAW,2025-10-21 22:00,-63.4994,44.6397,CYAW 212200Z 23009KT 15SM FEW022 FEW040 14/10 A2990 RMK SC1SC2 DENSITY ALT 207FT SLP124
CYAW,2025-10-21 23:00,-63.4994,44.6397,CYAW 212300Z 22009G16KT 15SM FEW020 14/10 A2991 RMK SC1 DENSITY ALT 173FT SLP130
CYAW,2025-10-22 00:00,-63.4994,44.6397,CYAW 220000Z CCA 22007KT 15SM SCT028 13/10 A2992 RMK SC3 DENSITY ALT 133FT SLP134
CYAW,2025-10-22 01:00,-63.4994,44.6397,CYAW 220100Z 24007KT 15SM FEW026 13/09 A2994 RMK SC2 DENSITY ALT 72FT SLP141
CYAW,2025-10-22 01:24,-63.4994,44.6397,CYAW 220124Z 24007KT 15SM FEW026 13/08 A2995 RMK SC2 DENSITY ALT 24FT LAST OBS /NEXT 221000 UTC SLP142
CYAW,2025-10-22 10:00,-63.4994,44.6397,CYAW 221000Z 12002KT 15SM SCT025 BKN250 11/10 A2998 RMK SC4CI3 DENSITY ALT -215FT FST OBS SLP155
CYAW,2025-10-22 11:00,-63.4994,44.6397,CYAW 221100Z 21006KT 15SM FEW025 BKN250 12/10 A3000 RMK SC2CI4 DENSITY ALT -178FT SLP160
CYAW,2025-10-22 12:00,-63.4994,44.6397,CYAW 221200Z 22007KT 15SM SCT030 BKN250 14/11 A3001 RMK SC4CI2 DENSITY ALT 136FT SLP162
CYAW,2025-10-22 13:00,-63.4994,44.6397,CYAW 221300Z 21008KT 15SM SCT025 BKN250 15/10 A3000 RMK SC4CI2 DENSITY ALT 238FT SLP159
CYAW,2025-10-22 14:00,-63.4994,44.6397,CYAW 221400Z 21008G17KT 15SM BKN023 BKN250 16/10 A3000 RMK SC5CI2 DENSITY ALT 306FT SLP160
CYAW,2025-10-22 15:00,-63.4994,44.6397,CYAW 221500Z 19009KT 15SM FEW025 BKN180 BKN250 17/10 A2998 RMK SC1AC4CI1 DENSITY ALT 544FT SLP154
CYAW,2025-10-22 16:00,-63.4994,44.6397,CYAW 221600Z 17009KT 15SM FEW025 SCT180 BKN250 17/12 A2998 RMK CF1AC4CI2 DENSITY ALT 535FT SLP151
CYAW,2025-10-22 17:00,-63.4994,44.6397,CYAW 221700Z 18010KT 15SM FEW020 BKN180 16/12 A2996 RMK SC1AC6 DENSITY ALT 424FT SLP145
CYAW,2025-10-22 18:00,-63.4994,44.6397,CYAW 221800Z 17008KT 15SM FEW038 FEW075 BKN180 BKN250 17/12 A2995 RMK SC1AC2AC4CI1 DENSITY ALT 531FT SLP142
CYAW,2025-10-22 19:00,-63.4994,44.6397,CYAW 221900Z 14010KT 15SM FEW014 SCT060 BKN080 BKN250 16/12 A2993 RMK SC1SC3AC2CI1 DENSITY ALT 516FT SLP136
CYAW,2025-10-22 19:12,-63.4994,44.6397,CYAW 221912Z 13008G16KT 110V170 15SM BKN012 BKN060 BKN080 16/13 A2992 RMK SC5SC2AC1 DENSITY ALT 498FT SLP133
CYAW,2025-10-22 20:00,-63.4994,44.6397,CYAW 222000Z 13008KT 100V160 15SM FEW008 BKN012 BKN050 BKN080 16/14 A2991 RMK SF1SC5SC2AC1 DENSITY ALT 451FT SLP129
CYAW,2025-10-22 20:30,-63.4994,44.6397,CYAW 222030Z 14010KT 12SM SCT008 BKN050 OVC075 16/14 A2990 RMK SF3SC3AC2 DENSITY ALT 518FT VIS LWR W QUAD SLP127
CYAW,2025-10-22 21:00,-63.4994,44.6397,CYAW 222100Z 15009G16KT 12SM FEW008 BKN060 16/14 A2990 RMK SF1SC7 DENSITY ALT 506FT SLP125
CYAW,2025-10-22 22:00,-63.4994,44.6397,CYAW 222200Z 15015KT 120V180 15SM SCT028 BKN060 16/14 A2989 RMK SC3SC4 DENSITY ALT 552FT SLP121
CYAW,2025-10-22 23:00,-63.4994,44.6397,CYAW 222300Z 15015G23KT 15SM BKN028 BKN055 OVC080 16/14 A2987 RMK SC5SC2AC1 DENSITY ALT 600FT SLP114
CYAW,2025-10-22 23:50,-63.4994,44.6397,CYAW 222350Z 15017G26KT 15SM -SHRA FEW028 BKN036 OVC075 17/14 A2984 RMK SC2SC4AC2 DENSITY ALT 680FT SLP104
CYAW,2025-10-23 00:00,-63.4994,44.6397,CYAW 230000Z CCA 15017G27KT 15SM -SHRA BKN032 OVC075 17/15 A2983 RMK SC5AC3 DENSITY ALT 672FT CVCTV CLD EMBD 36 SM W MOV N LAST OBS /NEXT 231000 UTC SLP103
CYAW,2025-10-23 10:00,-63.4994,44.6397,CYAW 231000Z 24008KT 15SM FEW040 FEW090 13/11 A2988 RMK SC1AC1 DENSITY ALT 116FT FST OBS SLP119
CYAW,2025-10-23 11:00,-63.4994,44.6397,CYAW 231100Z 23007KT 15SM FEW040 FEW090 12/10 A2990 RMK CF1AC1 DENSITY ALT 16FT SLP126
CYAW,2025-10-23 12:00,-63.4994,44.6397,CYAW 231200Z 23006KT 200V260 15SM FEW090 14/11 A2993 RMK AC1 DENSITY ALT 156FT SLP135
CYAW,2025-10-23 13:00,-63.4994,44.6397,CYAW 231300Z 23010G15KT 200V260 15SM FEW024 15/11 A2995 RMK CF1 DENSITY ALT 334FT SLP142
CYAW,2025-10-23 14:00,-63.4994,44.6397,CYAW 231400Z 23011G17KT 210V270 15SM FEW015 17/09 A2995 RMK CF1 DENSITY ALT 467FT SLP144
CYAW,2025-10-23 15:00,-63.4994,44.6397,CYAW 231500Z 22012G17KT 200V270 15SM FEW015 16/12 A2996 RMK CF1 SLP145
CYAW,2025-10-23 16:00,-63.4994,44.6397,CYAW 231600Z 24013KT 210V270 15SM FEW020 FEW120 18/08 A2996 RMK CF1CF1 DENSITY ALT 611FT SLP146
CYAW,2025-10-23 17:00,-63.4994,44.6397,CYAW 231700Z 22012KT 15SM FEW030 FEW120 18/09 A2996 RMK CU1AC1 DENSITY ALT 627FT SLP144
CYAW,2025-10-23 18:00,-63.4994,44.6397,CYAW 231800Z 23012G18KT 190V250 15SM FEW030 FEW120 18/09 A2995 RMK CU1AC1 DENSITY ALT 613FT SLP142
CYAW,2025-10-23 19:00,-63.4994,44.6397,CYAW 231900Z 22012G22KT 15SM FEW035 FEW120 17/08 A2996 RMK CF1AC1 DENSITY ALT 546FT SLP146
CYAW,2025-10-23 20:00,-63.4994,44.6397,CYAW 232000Z 20010G19KT 170V230 15SM FEW022 FEW120 16/11 A2996 RMK CF1AC1 DENSITY ALT 452FT SLP145
CYAW,2025-10-23 20:53,-63.4994,44.6397,CYAW 232053Z 20009G16KT 15SM FEW020 FEW120 15/11 A2996 RMK CF1AC1 DENSITY ALT 313FT LAST OBS /NEXT 241000 UTC SLP146
CYAW,2025-10-24 10:00,-63.4994,44.6397,CYAW 241000Z 05002KT 15SM FEW030 FEW110 06/06 A2998 RMK SC1AC1 DENSITY ALT -815FT FST OBS SLP153
CYAW,2025-10-24 11:00,-63.4994,44.6397,CYAW 241100Z 10002KT 12SM BCFG FEW025 SCT095 BKN250 06/06 A3000 RMK CF1AC3CC2 DENSITY ALT -889FT VIS LWR N QUAD SLP160
CYAW,2025-10-24 11:35,-63.4994,44.6397,CYAW 241135Z 04002KT 12SM FEW025 SCT090 BKN250 08/08 A3001 RMK CF1AC3CI2 DENSITY ALT -624FT SLP165
CYAW,2025-10-24 12:00,-63.4994,44.6397,CYAW 241200Z 36002KT 15SM FEW025 SCT090 BKN250 10/09 A3001 RMK SC2AC2CI1 DENSITY ALT -427FT SLP165
CYAW,2025-10-24 13:00,-63.4994,44.6397,CYAW 241300Z 26002KT 15SM FEW060 SCT080 SCT250 13/10 A3000 RMK SC2AC1CI1 DENSITY ALT -41FT SLP160
CYAW,2025-10-24 14:00,-63.4994,44.6397,CYAW 241400Z 26007KT 15SM FEW060 FEW080 FEW250 14/09 A3001 RMK SC1AC1CI1 DENSITY ALT 151FT SLP164
CYAW,2025-10-24 15:00,-63.4994,44.6397,CYAW 241500Z 27006KT 15SM FEW060 FEW080 FEW250 16/07 A3002 RMK SC1AC1CI1 DENSITY ALT 297FT SLP166
CYAW,2025-10-24 16:00,-63.4994,44.6397,CYAW 241600Z 24003KT 180V290 15SM FEW045 FEW080 17/07 A3000 RMK CF1AC1 DENSITY ALT 408FT SLP162
CYAW,2025-10-24 17:00,-63.4994,44.6397,CYAW 241700Z 27008KT 220V310 15SM FEW045 FEW080 18/06 A3000 RMK CU1AC1 DENSITY ALT 502FT SLP162
CYAW,2025-10-24 18:00,-63.4994,44.6397,CYAW 241800Z 24007KT 230V290 15SM FEW045 FEW120 17/05 A3000 RMK CU1AC1 DENSITY ALT 471FT SLP158
CYAW,2025-10-24 19:00,-63.4994,44.6397,CYAW 241900Z 24007KT 210V280 15SM FEW050 FEW120 17/05 A3000 RMK CU1AC1 DENSITY ALT 457FT SLP158
CYAW,2025-10-24 19:20,-63.4994,44.6397,CYAW 241920Z 26007KT 230V290 15SM FEW050 FEW120 17/04 A3000 RMK CU1AC1 DENSITY ALT 416FT LAST OBS /NEXT 271000 UTC SLP158
CYAW,2025-10-27 10:00,-63.4994,44.6397,CYAW 271000Z 22006KT 12SM BKN008 OVC012 06/05 A3013 RMK SF6SC2 DENSITY ALT -1003FT FST OBS SLP205
CYAW,2025-10-27 11:00,-63.4994,44.6397,CYAW 271100Z 21006KT 170V230 15SM BKN008 OVC012 06/05 A3014 RMK SF5SC3 DENSITY ALT -1041FT SLP208
CYAW,2025-10-27 11:39,-63.4994,44.6397,CYAW 271139Z 20003KT 15SM SCT008 BKN012 06/05 A3015 RMK SF4SC2 DENSITY ALT -1026FT SLP211
CYAW,2025-10-27 12:00,-63.4994,44.6397,CYAW 271200Z 15004KT 15SM SCT008 BKN012 BKN120 07/06 A3015 RMK SF3SC2AC1 DENSITY ALT -936FT SLP212
CYAW,2025-10-27 12:31,-63.4994,44.6397,CYAW 271231Z 14006KT 100V160 15SM FEW008 BKN016 07/06 A3016 RMK SF1SC5 DENSITY ALT -960FT SLP214
CYAW,2025-10-27 13:00,-63.4994,44.6397,CYAW 271300Z 14006KT 15SM FEW012 BKN020 08/07 A3016 RMK SC2SC4 DENSITY ALT -780FT SLP214
CYAW,2025-10-27 14:00,-63.4994,44.6397,CYAW 271400Z 18008KT 130V200 15SM BKN022 11/06 A3016 RMK SC6 DENSITY ALT -517FT SLP213
CYAW,2025-10-27 15:00,-63.4994,44.6397,CYAW 271500Z 15008KT 130V200 15SM BKN020 12/07 A3016 RMK SC7 DENSITY ALT -343FT SLP215
CYAW,2025-10-27 16:00,-63.4994,44.6397,CYAW 271600Z 17004KT 110V200 15SM BKN020 10/06 A3015 RMK SC7 DENSITY ALT -569FT SLP212
CYAW,2025-10-27 17:00,-63.4994,44.6397,CYAW 271700Z 17006KT 080V210 15SM BKN024 12/06 A3014 RMK SC6 DENSITY ALT -352FT SLP207
CYAW,2025-10-27 18:00,-63.4994,44.6397,CYAW 271800Z 13006KT 120V200 15SM SCT024 SCT120 12/05 A3013 RMK SC3AC1 DENSITY ALT -329FT SLP203
CYAW,2025-10-27 19:00,-63.4994,44.6397,CYAW 271900Z 15005KT 120V200 15SM FEW024 FEW120 11/05 A3012 RMK SC2AC1 DENSITY ALT -368FT SLP201
CYAW,2025-10-27 20:00,-63.4994,44.6397,CYAW 272000Z 17004KT 150V210 15SM FEW024 FEW120 11/06 A3012 RMK SC2AC1 DENSITY ALT -437FT SLP200
CYAW,2025-10-27 21:00,-63.4994,44.6397,CYAW 272100Z 25003KT 15SM SCT023 SCT120 10/06 A3012 RMK SC3AC1 DENSITY ALT -560FT SLP200
CYAW,2025-10-27 22:00,-63.4994,44.6397,CYAW 272200Z 00000KT 15SM BKN024 08/05 A3013 RMK SC5 DENSITY ALT -756FT SLP204
CYAW,2025-10-27 23:00,-63.4994,44.6397,CYAW 272300Z 35004KT 320V030 15SM -SHRA FEW017 BKN024 BKN110 09/07 A3012 RMK SC2SC3AC1 DENSITY ALT -657FT PCPN VRY LGT SLP202
CYAW,2025-10-27 23:15,-63.4994,44.6397,CYAW 272315Z 35007KT 15SM FEW018 SCT025 BKN120 09/08 A3012 RMK SC1SC3AC2 DENSITY ALT -639FT SLP202
CYAW,2025-10-28 00:00,-63.4994,44.6397,CYAW 280000Z CCA 36003KT 15SM FEW015 BKN080 09/08 A3012 RMK SC2AC5 DENSITY ALT -674FT LAST OBS /NEXT 281000 UTC SLP202
CYAW,2025-10-28 10:00,-63.4994,44.6397,CYAW 281000Z 01013G20KT 6SM -SHRA BR FEW008 BKN016 OVC030 10/09 A3008 RMK SF2SC4SC2 DENSITY ALT -499FT FST OBS SLP187
CYAW,2025-10-28 11:00,-63.4994,44.6397,CYAW 281100Z 02017G23KT 340V050 8SM -SHRA FEW008 BKN022 OVC050 10/08 A3011 RMK SF1SC4SC3 DENSITY ALT -537FT SLP197
CYAW,2025-10-28 11:17,-63.4994,44.6397,CYAW 281117Z 02016G27KT 12SM FEW008 BKN022 OVC050 10/08 A3012 RMK SF1SC4SC3 DENSITY ALT -538FT SLP199
CYAW,2025-10-28 12:00,-63.4994,44.6397,CYAW 281200Z 02017G28KT 15SM SCT018 BKN025 OVC070 10/08 A3013 RMK SC3SC4AC1 DENSITY ALT -552FT SLP206
CYAW,2025-10-28 13:00,-63.4994,44.6397,CYAW 281300Z 01018G28KT 340V050 15SM SCT028 BKN060 BKN075 10/07 A3016 RMK SC4SC2AC2 DENSITY ALT -530FT SLP214
CYAW,2025-10-28 14:00,-63.4994,44.6397,CYAW 281400Z 02021G28KT 15SM BKN025 BKN060 BKN075 11/06 A3020 RMK SC5SC2AC1 DENSITY ALT -561FT SLP226
CYAW,2025-10-28 15:00,-63.4994,44.6397,CYAW 281500Z 01020G28KT 15SM BKN030 BKN075 12/06 A3021 RMK SC6AC1 DENSITY ALT -427FT SLP230
CYAW,2025-10-28 16:00,-63.4994,44.6397,CYAW 281600Z 03019G31KT 15SM BKN030 BKN120 12/05 A3021 RMK SC7AC1 DENSITY ALT -413FT SLP231
CYAW,2025-10-28 17:00,-63.4994,44.6397,CYAW 281700Z 02018G27KT 350V060 15SM BKN032 BKN120 12/04 A3022 RMK SC5AC1 DENSITY ALT -431FT SLP235
CYAW,2025-10-28 18:00,-63.4994,44.6397,CYAW 281800Z 01017G27KT 15SM BKN032 11/04 A3022 RMK SC7 DENSITY ALT -530FT SLP234
CYAW,2025-10-28 19:00,-63.4994,44.6397,CYAW 281900Z 01014G21KT 350V050 15SM BKN030 BKN250 11/04 A3025 RMK SC7CI1 DENSITY ALT -623FT SLP244
CYAW,2025-10-28 20:00,-63.4994,44.6397,CYAW 282000Z 03009KT 350V060 15SM BKN033 OVC250 10/04 A3028 RMK SC7CI1 DENSITY ALT -733FT SLP255
CYAW,2025-10-28 21:00,-63.4994,44.6397,CYAW 282100Z 02012G17KT 15SM OVC032 09/03 A3027 RMK SC8 DENSITY ALT -797FT SLP251
CYAW,2025-10-28 22:00,-63.4994,44.6397,CYAW 282200Z 03013KT 15SM BKN031 OVC250 09/03 A3029 RMK SC7CI1 DENSITY ALT -868FT SLP258
CYAW,2025-10-28 23:00,-63.4994,44.6397,CYAW 282300Z 03010G15KT 15SM OVC032 09/03 A3030 RMK SC8 DENSITY ALT -930FT SLP262
CYAW,2025-10-29 00:00,-63.4994,44.6397,CYAW 290000Z 04006KT 010V070 15SM OVC031 08/03 A3029 RMK SC8 DENSITY ALT -941FT LAST OBS /NEXT 291000 UTC SLP259
CYAW,2025-10-29 10:00,-63.4994,44.6397,CYAW 291000Z 05007KT 15SM BKN026 06/04 A3023 RMK SC7 DENSITY ALT -1153FT FST OBS SLP238
CYAW,2025-10-29 11:00,-63.4994,44.6397,CYAW 291100Z 05007KT 15SM SCT026 BKN120 BKN250 06/04 A3021 RMK SC3AC2CI2 DENSITY ALT -1170FT SLP234
CYAW,2025-10-29 12:00,-63.4994,44.6397,CYAW 291200Z 05011G16KT 020V080 15SM SCT027 BKN120 BKN250 07/04 A3022 RMK SC4AC1CI2 DENSITY ALT -1021FT SLP234
CYAW,2025-10-29 13:00,-63.4994,44.6397,CYAW 291300Z 05010G18KT 15SM BKN026 BKN120 BKN250 08/04 A3020 RMK SC6AC1CI1 DENSITY ALT -898FT SLP228
CYAW,2025-10-29 14:00,-63.4994,44.6397,CYAW 291400Z 04009KT 15SM BKN025 OVC250 09/04 A3019 RMK SC5CI3 DENSITY ALT -761FT SLP225
CYAW,2025-10-29 15:00,-63.4994,44.6397,CYAW 291500Z 04008G15KT 360V060 15SM BKN025 OVC250 10/05 A3019 RMK SC5CI3 DENSITY ALT -622FT SLP223
CYAW,2025-10-29 16:00,-63.4994,44.6397,CYAW 291600Z 05007KT 010V070 15SM BKN027 OVC250 11/05 A3017 RMK SC7CI1 DENSITY ALT -436FT SLP218
CYAW,2025-10-29 17:00,-63.4994,44.6397,CYAW 291700Z 06008KT 030V100 15SM SCT027 OVC250 11/05 A3014 RMK SC4CS4 DENSITY ALT -402FT HALO SLP208
CYAW,2025-10-29 18:00,-63.4994,44.6397,CYAW 291800Z 07006KT 030V100 15SM SCT027 OVC250 12/05 A3013 RMK SC3CS5 DENSITY ALT -295FT HALO SLP206
CYAW,2025-10-29 19:00,-63.4994,44.6397,CYAW 291900Z CCA 06008KT 040V100 15SM FEW027 SCT150 OVC250 11/05 A3013 RMK SC2AC1CS5 DENSITY ALT -379FT HALO LAST OBS /NEXT 301000 UTC SLP204
CYAW,2025-10-30 10:00,-63.4994,44.6397,CYAW 301000Z 03005KT 15SM BKN026 08/06 A3016 RMK SC7 DENSITY ALT -770FT FST OBS SLP213
CYAW,2025-10-30 11:00,-63.4994,44.6397,CYAW 301100Z 04005KT 15SM OVC024 09/07 A3016 RMK SC8 DENSITY ALT -744FT SLP213
CYAW,2025-10-30 12:00,-63.4994,44.6397,CYAW 301200Z 04007KT 010V070 15SM OVC025 09/07 A3016 RMK SC8 DENSITY ALT -680FT SLP216
CYAW,2025-10-30 13:00,-63.4994,44.6397,CYAW 301300Z 04006KT 15SM OVC023 10/07 A3015 RMK SC8 DENSITY ALT -568FT SLP211
CYAW,2025-10-30 14:00,-63.4994,44.6397,CYAW 301400Z 05007KT 15SM OVC023 11/08 A3015 RMK SC8 DENSITY ALT -429FT SLP211
CYAW,2025-10-30 15:00,-63.4994,44.6397,CYAW 301500Z 07006KT 020V100 15SM OVC023 13/09 A3015 RMK SC8 DENSITY ALT -216FT SLP212
CYAW,2025-10-30 16:00,-63.4994,44.6397,CYAW 301600Z 10008KT 060V130 15SM OVC022 13/09 A3014 RMK SC8 DENSITY ALT -141FT SLP208
CYAW,2025-10-30 17:00,-63.4994,44.6397,CYAW 301700Z 09009G15KT 060V120 15SM OVC022 14/09 A3012 RMK SC8 DENSITY ALT -53FT SLP200
CYAW,2025-10-30 18:00,-63.4994,44.6397,CYAW 301800Z 10010G16KT 080V140 15SM BKN021 OVC031 14/09 A3010 RMK SC6SC2 DENSITY ALT -60FT SLP194
CYAW,2025-10-30 19:00,-63.4994,44.6397,CYAW 301900Z 10008KT 070V130 15SM FEW015 OVC022 14/09 A3010 RMK SF1SC8 DENSITY ALT -56FT SLP193
CYAW,2025-10-30 20:00,-63.4994,44.6397,CYAW 302000Z 12009KT 070V140 15SM FEW018 OVC024 13/09 A3010 RMK CF1SC8 DENSITY ALT -78FT SLP196
CYAW,2025-10-30 21:00,-63.4994,44.6397,CYAW 302100Z 10007G15KT 060V120 15SM BKN023 BKN038 OVC250 13/10 A3006 RMK SC5SC2CI1 DENSITY ALT -102FT SLP182
CYAW,2025-10-30 22:00,-63.4994,44.6397,CYAW 302200Z CCA 10010KT 15SM SCT023 BKN250 12/10 A3005 RMK SC3CI4 DENSITY ALT -148FT LAST OBS /NEXT 311000 UTC SLP177
CYAW,2025-10-31 10:00,-63.4994,44.6397,CYAW 311000Z 11016G29KT 070V140 10SM OVC007 14/13 A2960 RMK SF8 DENSITY ALT 620FT PRESFR FST OBS SLP026
CYAW,2025-10-31 10:39,-63.4994,44.6397,CYAW 311039Z 11023G33KT 6SM -RA BR OVC007 14/13 A2955 RMK SF8 DENSITY ALT 705FT PRESFR SLP008
CYAW,2025-10-31 11:00,-63.4994,44.6397,CYAW 311100Z 11018G32KT 080V140 6SM -RA BR OVC006 14/13 A2952 RMK SF8 DENSITY ALT 739FT PRESFR SLP999
CYAW,2025-10-31 12:00,-63.4994,44.6397,CYAW 311200Z 11017G28KT 3SM -RA BR OVC006 14/14 A2948 RMK SF8 DENSITY ALT 815FT SLP982
CYAW,2025-10-31 12:16,-63.4994,44.6397,CYAW 311216Z 12019G30KT 090V150 2SM -RA BR OVC006 14/14 A2947 RMK SF8 DENSITY ALT 828FT VIS VRB 1 1/2-2 1/2 SLP978
CYAW,2025-10-31 12:28,-63.4994,44.6397,CYAW 311228Z 11018G31KT 2SM RA BR OVC006 14/14 A2945 RMK SF8 DENSITY ALT 851FT VIS VRB 1 1/2-2 1/2 SLP973
CYAW,2025-10-31 12:44,-63.4994,44.6397,CYAW 311244Z 12020G33KT 1 1/2SM -RA BR OVC006 15/14 A2943 RMK SF8 DENSITY ALT 901FT SLP968
CYAW,2025-10-31 13:00,-63.4994,44.6397,CYAW 311300Z 12022G34KT 090V150 1 1/2SM -RA BR OVC005 15/14 A2942 RMK SF8 DENSITY ALT 912FT PRESFR SLP962
CYAW,2025-10-31 13:27,-63.4994,44.6397,CYAW 311327Z 12023G33KT 1 1/2SM RA BR OVC005 15/14 A2938 RMK SF8 DENSITY ALT 960FT PRESFR SLP949
CYAW,2025-10-31 14:00,-63.4994,44.6397,CYAW 311400Z 11019G33KT 1 1/2SM RA BR OVC005 15/14 A2934 RMK SF8 DENSITY ALT 1007FT PRESFR SLP935
CYAW,2025-10-31 14:38,-63.4994,44.6397,CYAW 311438Z 12024G35KT 1SM RA BR OVC004 15/14 A2928 RMK SF8 DENSITY ALT 1080FT PRESFR CIG VRB 3-5 SLP917
CYAW,2025-10-31 15:00,-63.4994,44.6397,CYAW 311500Z 12020G32KT 1 1/2SM RA BR OVC004 15/14 A2926 RMK SF8 DENSITY ALT 1115FT PRESFR CIG VRB 3-5 /R11/ SLP910
CYAW,2025-10-31 16:00,-63.4994,44.6397,CYAW 311600Z 13018G28KT 1 1/2SM RA BR OVC004 15/15 A2919 RMK SF8 DENSITY ALT 1289FT PRESFR CIG VRB 3-5 SLP887
CYAW,2025-10-31 16:22,-63.4994,44.6397,CYAW 311622Z 14021G32KT 100V160 1 1/2SM -RA BR OVC004 16/15 A2916 RMK SF8 DENSITY ALT 1404FT PRESFR SLP875
CYAW,2025-10-31 16:53,-63.4994,44.6397,CYAW 311653Z 15019G30KT 110V170 1SM RA BR OVC003 16/15 A2914 RMK SF8 DENSITY ALT 1427FT /R22/ SLP870
CYAW,2025-10-31 17:00,-63.4994,44.6397,CYAW 311700Z 15024G32KT 3/4SM +RA BR OVC003 16/16 A2914 RMK SF8 DENSITY ALT 1453FT /R25/ SLP868
CYAW,2025-10-31 17:04,-63.4994,44.6397,CYAW 311704Z 15023G36KT 1 1/2SM RA BR OVC003 16/16 A2914 RMK SF8 DENSITY ALT 1468FT SLP870
CYAW,2025-10-31 17:11,-63.4994,44.6397,CYAW 311711Z 19010G38KT 130V220 2SM -RA BR BKN003 OVC011 16/16 A2916 RMK SF6SF2 DENSITY ALT 1457FT SLP876
CYAW,2025-10-31 17:29,-63.4994,44.6397,CYAW 311729Z 17013G21KT 5SM -RA BR SCT004 SCT011 OVC025 16/16 A2914 RMK SF3SF1SC4 DENSITY ALT 1467FT SLP867
CYAW,2025-10-31 18:00,-63.4994,44.6397,CYAW 311800Z 20012G20KT 160V220 5SM -RA BR BKN005 OVC025 16/15 A2916 RMK SF5SC3 DENSITY ALT 1339FT SLP874
CYAW,2025-10-31 19:00,-63.4994,44.6397,CYAW 311900Z 22008G20KT 12SM OVC007 15/15 A2911 RMK SF8 DENSITY ALT 1356FT LAST OBS /NEXT 031000 UTC SLP858
CYAW,2025-11-03 11:00,-63.4994,44.6397,CYAW 031100Z 30007KT 15SM FEW030 FEW120 FEW250 02/M01 A3023 RMK SC1AC1CI1 DENSITY ALT -1672FT FST OBS SLP240
CYAW,2025-11-03 12:00,-63.4994,44.6397,CYAW 031200Z 35002KT 15SM FEW030 FEW120 03/M00 A3024 RMK SC1AC1 DENSITY ALT -1577FT SLP241
CYAW,2025-11-03 13:00,-63.4994,44.6397,CYAW 031300Z 30005KT 15SM FEW030 FEW120 05/M00 A3024 RMK SC1AC1 DENSITY ALT -1278FT SLP244
CYAW,2025-11-03 14:00,-63.4994,44.6397,CYAW 031400Z 29008KT 270V360 15SM FEW030 FEW180 FEW250 06/M01 A3022 RMK SC1AC1CI1 DENSITY ALT -1150FT SLP237
CYAW,2025-11-03 15:00,-63.4994,44.6397,CYAW 031500Z 32007G15KT 270V350 15SM FEW030 FEW250 07/M01 A3020 RMK SC1CI1 DENSITY ALT -1014FT SLP229
CYAW,2025-11-03 16:00,-63.4994,44.6397,CYAW 031600Z 31004KT 270V340 15SM FEW030 FEW250 08/M01 A3017 RMK SC1CI1 DENSITY ALT -866FT SLP218
CYAW,2025-11-03 17:00,-63.4994,44.6397,CYAW 031700Z 26012KT 230V290 15SM FEW030 FEW140 FEW250 09/M01 A3015 RMK SC1AC1CI2 DENSITY ALT -696FT SLP213
CYAW,2025-11-03 18:00,-63.4994,44.6397,CYAW 031800Z 25008KT 210V270 15SM FEW030 BKN250 09/00 A3011 RMK SC1CI6 DENSITY ALT -671FT SLP198
CYAW,2025-11-03 19:00,-63.4994,44.6397,CYAW 031900Z 22010G15KT 190V250 15SM FEW030 FEW120 BKN250 08/01 A3009 RMK SC1AC1CI7 DENSITY ALT -731FT SLP192
CYAW,2025-11-03 20:00,-63.4994,44.6397,CYAW 032000Z 24006KT 200V270 15SM FEW030 FEW180 BKN220 08/02 A3007 RMK SC1AC1CI6 DENSITY ALT -797FT SLP183
CYAW,2025-11-03 21:00,-63.4994,44.6397,CYAW 032100Z 23003KT 15SM FEW030 SCT180 BKN220 07/03 A3003 RMK SC1AC2CI4 DENSITY ALT -783FT SLP171
CYAW,2025-11-03 22:00,-63.4994,44.6397,CYAW 032200Z 22004KT 15SM FEW030 OVC160 08/04 A3002 RMK SC1AS7 DENSITY ALT -680FT SLP167
CYAW,2025-11-03 23:00,-63.4994,44.6397,CYAW 032300Z 22008KT 190V250 15SM FEW026 OVC140 09/05 A2999 RMK SC1AS7 DENSITY ALT -551FT SLP156
CYAW,2025-11-04 00:00,-63.4994,44.6397,CYAW 040000Z CCA 22007KT 15SM FEW027 OVC100 09/06 A2996 RMK SC2AS6 DENSITY ALT -474FT LAST OBS /NEXT 041100 UTC SLP146
CYAW,2025-11-04 11:00,-63.4994,44.6397,CYAW 041100Z 35005KT 6SM -SHRA BR FEW008 OVC030 07/06 A2933 RMK SF2SC6 DENSITY ALT -7FT FST OBS SLP933
CYAW,2025-11-04 12:00,-63.4994,44.6397,CYAW 041200Z 32011G16KT 8SM -SHRA SCT008 BKN012 OVC030 07/06 A2930 RMK SF3SC3SC2 DENSITY ALT 1FT SLP924
CYAW,2025-11-04 12:21,-63.4994,44.6397,CYAW 041221Z 31012G17KT 10SM -SHRA FEW008 SCT012 OVC040 06/05 A2929 RMK SF1SC2SC5 DENSITY ALT -29FT SLP921
CYAW,2025-11-04 13:00,-63.4994,44.6397,CYAW 041300Z 31015KT 12SM -SHRA FEW008 SCT015 OVC040 06/05 A2928 RMK SF1SC3SC5 DENSITY ALT -21FT PCPN VRY LGT SLP916
CYAW,2025-11-04 13:16,-63.4994,44.6397,CYAW 041316Z 32015G20KT 15SM -DZ FEW008 BKN015 OVC042 07/05 A2928 RMK SF1SC5SC3 DENSITY ALT 17FT SLP915
CYAW,2025-11-04 13:45,-63.4994,44.6397,CYAW 041345Z 32012KT 15SM FEW016 BKN042 OVC075 07/05 A2926 RMK SC2SC4AC2 DENSITY ALT 117FT SLP911
CYAW,2025-11-04 14:00,-63.4994,44.6397,CYAW 041400Z 31013G19KT 15SM FEW042 BKN055 OVC075 08/05 A2926 RMK SC2SC5AC1 DENSITY ALT 180FT SLP909
CYAW,2025-11-04 14:19,-63.4994,44.6397,CYAW 041419Z 32017G23KT 15SM -DZ BKN014 BKN050 OVC075 08/05 A2926 RMK SC5SC2AC1 DENSITY ALT 166FT SLP908
CYAW,2025-11-04 14:47,-63.4994,44.6397,CYAW 041447Z 31016G21KT 15SM BKN014 OVC055 08/05 A2926 RMK SC6SC2 DENSITY ALT 214FT SLP910
CYAW,2025-11-04 15:00,-63.4994,44.6397,CYAW 041500Z 32012G20KT 15SM BKN014 OVC055 08/06 A2926 RMK SC6SC2 DENSITY ALT 255FT SLP909
CYAW,2025-11-04 15:35,-63.4994,44.6397,CYAW 041535Z 32011G17KT 15SM -DZ OVC015 08/05 A2925 RMK SC8 DENSITY ALT 228FT SLP907
CYAW,2025-11-04 16:00,-63.4994,44.6397,CYAW 041600Z 32012G22KT 15SM BKN015 OVC024 09/06 A2924 RMK SC6SC2 DENSITY ALT 304FT SLP903
CYAW,2025-11-04 16:40,-63.4994,44.6397,CYAW 041640Z 32016G25KT 15SM -DZ BKN016 OVC022 08/06 A2924 RMK SC6SC2 DENSITY ALT 267FT SLP903
CYAW,2025-11-04 16:50,-63.4994,44.6397,CYAW 041650Z 32014G24KT 15SM -SHRA BKN018 OVC036 08/06 A2924 RMK SC5SC3 DENSITY ALT 269FT SLP904
CYAW,2025-11-04 17:00,-63.4994,44.6397,CYAW 041700Z 31014G23KT 15SM -SHRA SCT022 OVC036 08/06 A2925 RMK SC3SC5 DENSITY ALT 284FT PCPN VRY LGT SLP905
CYAW,2025-11-04 18:00,-63.4994,44.6397,CYAW 041800Z 32016G24KT 280V340 15SM -SHRA SCT020 BKN040 09/06 A2927 RMK SC4SC3 DENSITY ALT 268FT PCPN VRY LGT SLP912
CYAW,2025-11-04 19:00,-63.4994,44.6397,CYAW 041900Z 31018G30KT 15SM -SHRA OVC024 08/06 A2930 RMK SC8 DENSITY ALT 187FT SLP922
CYAW,2025-11-04 20:00,-63.4994,44.6397,CYAW 042000Z 31024G32KT 15SM -SHRA BKN025 OVC250 08/05 A2933 RMK SC6CI2 DENSITY ALT 72FT SLP935
CYAW,2025-11-04 21:00,-63.4994,44.6397,CYAW 042100Z 31021G33KT 15SM -SHRA BKN030 BKN250 07/05 A2937 RMK SC7CI1 DENSITY ALT -27FT SLP948
CYAW,2025-11-04 21:49,-63.4994,44.6397,CYAW 042149Z 31021G28KT 15SM SCT030 07/04 A2942 RMK SC4 DENSITY ALT -83FT SLP963
CYAW,2025-11-04 22:00,-63.4994,44.6397,CYAW 042200Z CCA 30018G28KT 15SM SCT040 07/04 A2943 RMK SC3 DENSITY ALT -94FT LAST OBS /NEXT 051100 UTC SLP966
CYAW,2025-11-05 11:00,-63.4994,44.6397,CYAW 051100Z 29016G22KT 15SM FEW034 05/01 A2976 RMK SC2 DENSITY ALT -758FT FST OBS SLP081
CYAW,2025-11-05 12:00,-63.4994,44.6397,CYAW 051200Z 29016G24KT 15SM FEW034 06/M00 A2980 RMK SC1 DENSITY ALT -733FT SLP093
CYAW,2025-11-05 13:00,-63.4994,44.6397,CYAW 051300Z 29016G23KT 15SM FEW034 07/00 A2982 RMK SC1 DENSITY ALT -595FT SLP099
CYAW,2025-11-05 14:00,-63.4994,44.6397,CYAW 051400Z 30018G29KT 15SM FEW034 08/M00 A2982 RMK SC1 DENSITY ALT -449FT SLP100
CYAW,2025-11-05 15:00,-63.4994,44.6397,CYAW 051500Z 30020G30KT 15SM FEW034 FEW250 09/M00 A2983 RMK SC1CI1 DENSITY ALT -350FT SLP103
CYAW,2025-11-05 16:00,-63.4994,44.6397,CYAW 051600Z 31020KT 15SM FEW038 FEW250 10/00 A2982 RMK SC1CI2 DENSITY ALT -289FT SLP098
CYAW,2025-11-05 17:00,-63.4994,44.6397,CYAW 051700Z 30013G21KT 15SM FEW038 BKN250 11/00 A2980 RMK SC1CI6 DENSITY ALT -94FT SLP093
CYAW,2025-11-05 18:00,-63.4994,44.6397,CYAW 051800Z 31017G26KT 15SM FEW040 SCT250 11/M01 A2980 RMK CU1CI3 DENSITY ALT -113FT SLP092
CYAW,2025-11-05 19:00,-63.4994,44.6397,CYAW 051900Z 28013G20KT 15SM FEW050 BKN250 10/M02 A2978 RMK SC1CI6 DENSITY ALT -168FT SLP086
CYAW,2025-11-05 20:00,-63.4994,44.6397,CYAW 052000Z 29014G21KT 15SM FEW040 BKN250 10/M03 A2979 RMK SC1CI7 DENSITY ALT -249FT SLP089
CYAW,2025-11-05 21:00,-63.4994,44.6397,CYAW 052100Z 27015G21KT 15SM FEW040 FEW140 OVC200 09/M02 A2979 RMK SC1AC2CS6 DENSITY ALT -365FT SLP090
CYAW,2025-11-05 22:00,-63.4994,44.6397,CYAW 052200Z 27011KT 15SM FEW035 SCT120 BKN150 08/M00 A2978 RMK SC1AC3AC3 DENSITY ALT -416FT SLP085
CYAW,2025-11-05 23:00,-63.4994,44.6397,CYAW 052300Z 24007KT 15SM FEW030 SCT110 BKN130 07/M00 A2977 RMK SC2AC2AC3 DENSITY ALT -526FT SLP081
CYAW,2025-11-06 00:00,-63.4994,44.6397,CYAW 060000Z 24008KT 15SM FEW030 BKN110 BKN130 08/00 A2976 RMK SC2AC3AC2 DENSITY ALT -463FT SLP079
CYAW,2025-11-06 00:30,-63.4994,44.6397,CYAW 060030Z 25008KT 15SM SCT030 BKN060 OVC120 08/00 A2975 RMK SC4SC2AC2 DENSITY ALT -428FT LAST OBS /NEXT 061100 UTC SLP075
CYAW,2025-11-06 11:00,-63.4994,44.6397,CYAW 061100Z 03010KT 6SM -RA BR BKN008 OVC025 05/04 A2916 RMK SF5NS3 DENSITY ALT -57FT FST OBS SLP878
CYAW,2025-11-06 11:24,-63.4994,44.6397,CYAW 061124Z 34012G17KT 10SM -SHRA SCT008 OVC011 04/04 A2916 RMK SF3SC5 DENSITY ALT -135FT SLP878
CYAW,2025-11-06 12:00,-63.4994,44.6397,CYAW 061200Z 02017G22KT 350V050 12SM -SHRA SCT008 OVC014 04/03 A2915 RMK SF3SC5 DENSITY ALT -230FT PCPN VRY LGT SLP871
CYAW,2025-11-06 13:00,-63.4994,44.6397,CYAW 061300Z 02015G25KT 340V040 15SM -SHRA BKN009 OVC015 03/02 A2913 RMK SF5SC3 DENSITY ALT -312FT PCPN VRY LGT SLP865
CYAW,2025-11-06 13:35,-63.4994,44.6397,CYAW 061335Z 02017G26KT 5SM -SHRA BR FEW008 SCT013 OVC020 03/02 A2914 RMK SF2SC2SC4 DENSITY ALT -284FT SLP869
CYAW,2025-11-06 14:00,-63.4994,44.6397,CYAW 061400Z 34013G24KT 6SM -SHRA BR SCT008 OVC013 03/02 A2918 RMK SF3SC5 DENSITY ALT -318FT SLP883
CYAW,2025-11-06 14:11,-63.4994,44.6397,CYAW 061411Z 34014G25KT 10SM -RASN FEW008 BKN013 OVC025 03/02 A2918 RMK SF1SC6SC2 DENSITY ALT -357FT SLP885
CYAW,2025-11-06 14:20,-63.4994,44.6397,CYAW 061420Z 34019G28KT 5SM -RASN BR SCT008 OVC013 03/02 A2919 RMK SF3SC5 DENSITY ALT -395FT SLP885
CYAW,2025-11-06 15:00,-63.4994,44.6397,CYAW 061500Z 33018G26KT 8SM -RA SCT008 OVC013 03/02 A2921 RMK SF3SC5 DENSITY ALT -378FT SLP893
CYAW,2025-11-06 16:00,-63.4994,44.6397,CYAW 061600Z 33020G28KT 12SM -RA FEW008 OVC013 04/02 A2924 RMK SF1SC8 DENSITY ALT -337FT SLP905
CYAW,2025-11-06 16:10,-63.4994,44.6397,CYAW 061610Z 33020G28KT 15SM -SHRA BKN013 OVC020 04/03 A2925 RMK SC5SC3 DENSITY ALT -297FT PCPN VRY LGT SLP907
CYAW,2025-11-06 16:52,-63.4994,44.6397,CYAW 061652Z 32017G28KT 15SM -DZ BKN013 OVC025 05/03 A2929 RMK SC5SC3 DENSITY ALT -204FT SLP920
CYAW,2025-11-06 17:00,-63.4994,44.6397,CYAW 061700Z 32017G24KT 15SM -DZ BKN013 OVC025 05/03 A2929 RMK SC6SC2 DENSITY ALT -203FT SLP921
CYAW,2025-11-06 17:32,-63.4994,44.6397,CYAW 061732Z 32020G27KT 12SM -SHRA OVC014 05/04 A2933 RMK SC8 DENSITY ALT -224FT PRESRR SLP932
CYAW,2025-11-06 18:00,-63.4994,44.6397,CYAW 061800Z 31022G32KT 12SM -SHRA OVC015 05/03 A2935 RMK SC8 DENSITY ALT -274FT PRESRR SLP942
CYAW,2025-11-06 19:00,-63.4994,44.6397,CYAW 061900Z 33017G27KT 12SM -SHRA BKN020 BKN100 05/03 A2943 RMK SC7AC1 DENSITY ALT -395FT PRESRR SLP966
CYAW,2025-11-06 20:00,-63.4994,44.6397,CYAW 062000Z 33020G29KT 10SM -SHRA FEW011 BKN019 04/03 A2948 RMK SC1SC6 DENSITY ALT -601FT SLP986
CYAW,2025-11-06 21:00,-63.4994,44.6397,CYAW 062100Z 34010G15KT 12SM -SHRA FEW015 OVC024 04/02 A2953 RMK SC1SC7 DENSITY ALT -654FT PCPN VRY LGT SLP003
CYAW,2025-11-06 22:00,-63.4994,44.6397,CYAW 062200Z 31016G23KT 10SM -SHRA BKN023 BKN055 05/03 A2958 RMK SC5SC2 DENSITY ALT -573FT SLP018
CYAW,2025-11-06 22:41,-63.4994,44.6397,CYAW 062241Z 30011G19KT 15SM SCT025 BKN090 05/02 A2960 RMK SC4AC1 DENSITY ALT -636FT SLP026
CYAW,2025-11-06 23:00,-63.4994,44.6397,CYAW 062300Z 31014G21KT 15SM BKN048 05/02 A2961 RMK SC5 DENSITY ALT -638FT SLP031
CYAW,2025-11-07 00:00,-63.4994,44.6397,CYAW 070000Z 31017G25KT 270V330 15SM SCT045 04/00 A2965 RMK SC3 DENSITY ALT -720FT SLP043
CYAW,2025-11-07 00:20,-63.4994,44.6397,CYAW 070020Z 31021G27KT 15SM SCT040 04/M01 A2966 RMK SC4 DENSITY ALT -776FT LAST OBS /NEXT 071100 UTC SLP047
CYAW,2025-11-07 11:00,-63.4994,44.6397,CYAW 071100Z 27012G19KT 15SM SCT042 02/M02 A2989 RMK SC3 DENSITY ALT -1263FT FST OBS SLP123
CYAW,2025-11-07 12:00,-63.4994,44.6397,CYAW 071200Z 26013KT 15SM SCT042 03/M03 A2991 RMK SC4 DENSITY ALT -1174FT SLP131
CYAW,2025-11-07 13:00,-63.4994,44.6397,CYAW 071300Z 27013G18KT 240V300 15SM BKN042 04/M03 A2993 RMK SC7 DENSITY ALT -1138FT SLP137
CYAW,2025-11-07 14:00,-63.4994,44.6397,CYAW 071400Z 28015G22KT 15SM SCT042 SCT250 05/M04 A2992 RMK SC4CI1 DENSITY ALT -1030FT SLP133
CYAW,2025-11-07 15:00,-63.4994,44.6397,CYAW 071500Z 29020G25KT 250V310 15SM BKN042 BKN250 05/M04 A2991 RMK SC5CI1 DENSITY ALT -946FT SLP131
CYAW,2025-11-07 16:00,-63.4994,44.6397,CYAW 071600Z 28015G23KT 15SM FEW040 FEW250 06/M03 A2990 RMK SC2CI1 DENSITY ALT -817FT SLP127
CYAW,2025-11-07 17:00,-63.4994,44.6397,CYAW 071700Z 29015G20KT 15SM FEW040 FEW250 07/M04 A2988 RMK SC1CI1 DENSITY ALT -711FT SLP120
CYAW,2025-11-07 18:00,-63.4994,44.6397,CYAW 071800Z 26013KT 15SM FEW040 FEW250 08/M03 A2988 RMK SC1CI1 DENSITY ALT -622FT SLP119
CYAW,2025-11-07 19:00,-63.4994,44.6397,CYAW 071900Z 28012G21KT 15SM FEW040 FEW250 08/M04 A2989 RMK SC1CI1 DENSITY ALT -623FT SLP122
CYAW,2025-11-07 20:00,-63.4994,44.6397,CYAW 072000Z 26011G17KT 15SM FEW040 BKN250 07/M04 A2990 RMK CF1CI6 DENSITY ALT -734FT SLP126
CYAW,2025-11-07 21:00,-63.4994,44.6397,CYAW 072100Z 26009KT 15SM FEW040 BKN250 06/M03 A2991 RMK CF1CI4 DENSITY ALT -817FT SLP129
CYAW,2025-11-07 22:00,-63.4994,44.6397,CYAW 072200Z 30005KT 15SM SCT150 BKN250 05/M04 A2992 RMK AC4CI2 DENSITY ALT -979FT SLP133
CYAW,2025-11-07 23:00,-63.4994,44.6397,CYAW 072300Z 28006KT 15SM SCT095 BKN150 05/M04 A2991 RMK AC3AC4 DENSITY ALT -919FT SLP129
CYAW,2025-11-08 00:00,-63.4994,44.6397,CYAW 080000Z 27007KT 15SM BKN095 OVC120 05/M03 A2991 RMK AC6AC2 DENSITY ALT -965FT LAST OBS /NEXT 081400 UTC SLP129
CYAW,2025-11-08 14:00,-63.4994,44.6397,CYAW 081400Z 22014G30KT 3SM -RA BR SCT005 OVC014 13/12 A2970 RMK SF3SC5 DENSITY ALT 336FT FST OBS SLP057
CYAW,2025-11-08 15:00,-63.4994,44.6397,CYAW 081500Z 22016G31KT 3SM -RA BR SCT005 OVC013 13/12 A2969 RMK SF3SC5 DENSITY ALT 399FT SLP053
CYAW,2025-11-08 16:00,-63.4994,44.6397,CYAW 081600Z 23018G27KT 2SM -RA BR SCT005 OVC013 13/13 A2967 RMK SF3SC5 DENSITY ALT 451FT SLP047
CYAW,2025-11-08 17:00,-63.4994,44.6397,CYAW 081700Z 23016G30KT 2SM RA BR SCT005 OVC010 13/13 A2965 RMK SF4SC4 DENSITY ALT 474FT SLP043
CYAW,2025-11-08 18:00,-63.4994,44.6397,CYAW 081800Z 22013G22KT 4SM -RA BR OVC007 14/13 A2964 RMK SF8 DENSITY ALT 575FT SLP038
CYAW,2025-11-08 19:00,-63.4994,44.6397,CYAW 081900Z 21013G18KT 3SM -RA BR OVC005 13/13 A2962 RMK ST8 DENSITY ALT 510FT VIS VRB 2-4 SLP032
CYAW,2025-11-08 20:00,-63.4994,44.6397,CYAW 082000Z 22012G17KT 3SM -RA BR OVC005 14/13 A2961 RMK ST8 DENSITY ALT 562FT VIS VRB 2-4 PCPN VRY LGT SLP028
CYAW,2025-11-08 21:00,-63.4994,44.6397,CYAW 082100Z 24007KT 200V260 3SM -RA BR OVC004 14/13 A2961 RMK ST8 DENSITY ALT 561FT VIS VRB 2-4 PCPN VRY LGT SLP028
CYAW,2025-11-08 21:30,-63.4994,44.6397,CYAW 082130Z 24009G15KT 5SM -RA BR OVC004 13/13 A2962 RMK ST8 DENSITY ALT 523FT LAST OBS /NEXT 091600 UTC SLP031
CYAW,2025-11-09 16:00,-63.4994,44.6397,CYAW 091600Z 29006KT 260V320 15SM FEW015 FEW250 08/M01 A3013 RMK SC1CI1 DENSITY ALT -895FT FST OBS SLP203
CYAW,2025-11-09 17:00,-63.4994,44.6397,CYAW 091700Z 27003KT 180V310 15SM FEW015 FEW250 08/00 A3012 RMK SC1CI1 DENSITY ALT -866FT SLP201
CYAW,2025-11-09 18:00,-63.4994,44.6397,CYAW 091800Z 32002KT 15SM FEW020 FEW250 08/00 A3012 RMK SC1CI1 DENSITY ALT -816FT SLP201
CYAW,2025-11-09 19:00,-63.4994,44.6397,CYAW 091900Z 00000KT 15SM FEW250 08/00 A3015 RMK CI2 DENSITY ALT -838FT SLP210
CYAW,2025-11-09 20:00,-63.4994,44.6397,CYAW 092000Z 32002KT 15SM FEW150 SCT250 08/00 A3017 RMK AC1CI2 DENSITY ALT -911FT SLP217
CYAW,2025-11-09 21:00,-63.4994,44.6397,CYAW 092100Z 36002KT 15SM FEW150 SCT250 07/00 A3019 RMK AC1CI2 DENSITY ALT -1058FT SLP224
CYAW,2025-11-09 22:00,-63.4994,44.6397,CYAW 092200Z 00000KT 15SM SCT150 BKN250 05/01 A3021 RMK AC3CI2 DENSITY ALT -1297FT SLP232
CYAW,2025-11-09 22:30,-63.4994,44.6397,CYAW 092230Z 04004KT 15SM SCT150 SCT250 04/01 A3022 RMK AC3CI1 DENSITY ALT -1483FT LAST OBS /NEXT 100700 UTC SLP234
CYAW,2025-11-10 06:00,-63.4994,44.6397,CYAW 100600Z 06005KT 5SM -RA BR OVC050 04/03 A3023 RMK SC8 DENSITY ALT -1369FT FST OBS SLP240
CYAW,2025-11-10 07:00,-63.4994,44.6397,CYAW 100700Z 07008KT 12SM -RA OVC045 05/04 A3020 RMK SC8 DENSITY ALT -1318FT SLP229
CYAW,2025-11-10 07:32,-63.4994,44.6397,CYAW 100732Z 07008KT 15SM OVC060 05/04 A3018 RMK SC8 DENSITY ALT -1243FT SLP223
CYAW,2025-11-10 07:47,-63.4994,44.6397,CYAW 100747Z 09009KT 060V120 12SM -RA OVC060 05/04 A3017 RMK SC8 DENSITY ALT -1217FT SLP220
CYAW,2025-11-10 08:00,-63.4994,44.6397,CYAW 100800Z 12008KT 070V140 12SM -RA FEW025 OVC060 06/05 A3018 RMK SC1SC8 DENSITY ALT -1163FT SLP224
CYAW,2025-11-10 08:22,-63.4994,44.6397,CYAW 100822Z 12009G15KT 090V150 3SM RA BR OVC050 07/05 A3018 RMK SC8 DENSITY ALT -1026FT SLP222
CYAW,2025-11-10 09:00,-63.4994,44.6397,CYAW 100900Z 12017G24KT 3SM RA BR OVC028 07/06 A3015 RMK SC8 DENSITY ALT -986FT SLP212
CYAW,2025-11-10 10:00,-63.4994,44.6397,CYAW 101000Z 12017G24KT 080V140 3SM RA BR FEW010 OVC026 07/06 A3011 RMK SF2SC6 DENSITY ALT -953FT /R16/ SLP199
CYAW,2025-11-10 10:14,-63.4994,44.6397,CYAW 101014Z 12014G26KT 090V150 5SM -RA BR FEW012 OVC028 06/05 A3014 RMK SF2SC6 DENSITY ALT -1004FT SLP207
CYAW,2025-11-10 11:00,-63.4994,44.6397,CYAW 101100Z 11015G27KT 080V140 5SM RA BR SCT014 OVC033 07/06 A3013 RMK SC3SC5 DENSITY ALT -898FT SLP204
CYAW,2025-11-10 11:19,-63.4994,44.6397,CYAW 101119Z CCA 12019G25KT 090V150 7SM -RA FEW014 BKN026 OVC055 07/06 A3013 RMK SC1SC7SC1 DENSITY ALT -888FT SLP206
CYAW,2025-11-10 12:00,-63.4994,44.6397,CYAW 101200Z 12018G26KT 7SM -RA FEW017 BKN055 OVC130 08/07 A3013 RMK SC1SC5AC2 DENSITY ALT -819FT SLP205
CYAW,2025-11-10 13:00,-63.4994,44.6397,CYAW 101300Z 12017G28KT 5SM -RA BR SCT014 OVC035 08/07 A3009 RMK SC3SC5 DENSITY ALT -721FT SLP192
CYAW,2025-11-10 13:29,-63.4994,44.6397,CYAW 101329Z 12022G30KT 080V140 2SM RA BR FEW014 OVC028 08/07 A3008 RMK SC2SC6 DENSITY ALT -722FT SLP187
CYAW,2025-11-10 13:42,-63.4994,44.6397,CYAW 101342Z CCA 11014G25KT 6SM -RA BR SCT013 OVC025 08/07 A3008 RMK SC3SC5 DENSITY ALT -721FT SLP186
CYAW,2025-11-10 14:00,-63.4994,44.6397,CYAW 101400Z 11017G28KT 2 1/2SM -RA BR FEW008 BKN012 OVC022 08/07 A3007 RMK SF2SC4SC2 DENSITY ALT -695FT VIS VRB 1 1/2-4 SLP184
CYAW,2025-11-10 14:17,-63.4994,44.6397,CYAW 101417Z 11018G25KT 070V140 2SM -RA BR BKN008 OVC012 08/08 A3008 RMK SF5SC3 DENSITY ALT -680FT VIS VRB 1 1/2-2 1/2 SLP187
CYAW,2025-11-10 14:53,-63.4994,44.6397,CYAW 101453Z 11020G28KT 8SM -RA SCT008 OVC012 08/07 A3007 RMK SF3SC5 DENSITY ALT -658FT SLP183
CYAW,2025-11-10 15:00,-63.4994,44.6397,CYAW 101500Z 10018G28KT 8SM -RA FEW008 OVC012 08/07 A3006 RMK SF2SC6 DENSITY ALT -646FT SLP182
CYAW,2025-11-10 15:21,-63.4994,44.6397,CYAW 101521Z 10014G27KT 8SM -DZ FEW008 OVC011 09/08 A3004 RMK SF2SC6 DENSITY ALT -598FT SLP175
CYAW,2025-11-10 16:00,-63.4994,44.6397,CYAW 101600Z 10018G26KT 070V140 8SM -DZ BKN007 OVC011 09/08 A3001 RMK SF5SC3 DENSITY ALT -496FT SLP165
CYAW,2025-11-10 16:13,-63.4994,44.6397,CYAW 101613Z 11018G26KT 070V130 4SM -RA BR OVC005 09/08 A3000 RMK SF8 DENSITY ALT -470FT SLP160
CYAW,2025-11-10 17:00,-63.4994,44.6397,CYAW 101700Z 11018G28KT 070V130 3SM -RA BR OVC004 10/09 A2994 RMK SF8 DENSITY ALT -281FT PRESFR SLP139
CYAW,2025-11-10 18:00,-63.4994,44.6397,CYAW 101800Z 11014G24KT 080V140 2 1/2SM -RA BR OVC004 11/10 A2989 RMK ST8 DENSITY ALT -117FT VIS VRB 1 1/2-4 /R11/ SLP125
CYAW,2025-11-10 18:36,-63.4994,44.6397,CYAW 101836Z CCA 11013G22KT 2 1/2SM -DZ BR OVC003 11/11 A2987 RMK ST8 DENSITY ALT -68FT SLP116
CYAW,2025-11-10 19:00,-63.4994,44.6397,CYAW 101900Z 11012G18KT 2SM -DZ BR OVC003 11/11 A2986 RMK ST8 DENSITY ALT -43FT SLP114
CYAW,2025-11-10 19:14,-63.4994,44.6397,CYAW 101914Z 11010G18KT 070V130 1 1/2SM -RA BR OVC003 11/11 A2985 RMK ST8 DENSITY ALT -18FT SLP109
CYAW,2025-11-10 20:00,-63.4994,44.6397,CYAW 102000Z 09009KT 060V130 1 1/2SM -RA BR OVC002 12/11 A2983 RMK ST8 DENSITY ALT 97FT LAST OBS /NEXT 111200 UTC SLP103
CYAW,2025-11-11 12:00,-63.4994,44.6397,CYAW 111200Z 21011G18KT 6SM BR BKN003 OVC007 13/12 A2947 RMK SF7SF1 DENSITY ALT 607FT FST OBS SLP981
CYAW,2025-11-11 12:13,-63.4994,44.6397,CYAW 111213Z 21010G20KT 12SM BKN005 BKN008 OVC040 13/12 A2947 RMK SF7SF1SC1 DENSITY ALT 581FT SLP981
CYAW,2025-11-11 13:00,-63.4994,44.6397,CYAW 111300Z 22013G20KT 15SM SCT007 BKN055 OVC240 12/11 A2947 RMK SF3SC4CI1 DENSITY ALT 462FT SLP981
CYAW,2025-11-11 14:00,-63.4994,44.6397,CYAW 111400Z 23010G16KT 15SM BKN013 OVC060 12/10 A2946 RMK SF5SC3 DENSITY ALT 448FT SLP977
CYAW,2025-11-11 14:21,-63.4994,44.6397,CYAW 111421Z 23011G18KT 15SM FEW013 BKN060 11/09 A2947 RMK SF2SC5 DENSITY ALT 388FT SLP980
CYAW,2025-11-11 15:00,-63.4994,44.6397,CYAW 111500Z CCA 23011G22KT 15SM FEW013 FEW060 BKN090 OVC240 11/07 A2946 RMK SF1SC1AC5CI1 DENSITY ALT 346FT LAST OBS /NEXT 121100 UTC SLP976
CYAW,2025-11-11 17:00,-63.4994,44.6397,CYAW 111700Z 23008KT 15SM FEW015 BKN110 BKN130 10/06 A2936 RMK SF1AC5AC1 DENSITY ALT 384FT FST OBS SLP943
CYAW,2025-11-11 18:00,-63.4994,44.6397,CYAW 111800Z 26007KT 15SM FEW015 BKN100 BKN120 10/06 A2930 RMK SF1AC5AC1 DENSITY ALT 455FT PRESFR SLP922
CYAW,2025-11-11 19:00,-63.4994,44.6397,CYAW 111900Z 27003KT 230V320 15SM SCT023 BKN090 11/06 A2928 RMK SC4AC3 DENSITY ALT 500FT SLP916
CYAW,2025-11-11 20:00,-63.4994,44.6397,CYAW 112000Z 25007KT 15SM SCT023 OVC080 09/07 A2925 RMK SC3AC5 DENSITY ALT 408FT SLP906
CYAW,2025-11-11 21:00,-63.4994,44.6397,CYAW 112100Z 29009KT 250V310 10SM -RA BKN030 OVC040 09/06 A2924 RMK SC5SC3 DENSITY ALT 382FT SLP902
CYAW,2025-11-11 22:00,-63.4994,44.6397,CYAW 112200Z 28019G32KT 260V320 6SM -RA BR SCT019 OVC030 06/04 A2929 RMK SC3SC5 DENSITY ALT -134FT SLP920
CYAW,2025-11-11 23:00,-63.4994,44.6397,CYAW 112300Z 27016G25KT 3SM -RA BR SCT012 OVC030 05/03 A2929 RMK SC4SC4 DENSITY ALT -268FT SLP919
CYAW,2025-11-12 00:00,-63.4994,44.6397,CYAW 120000Z 25008KT 230V290 12SM -RA SCT012 OVC030 04/03 A2927 RMK SC4SC4 DENSITY ALT -334FT PCPN VRY LGT SLP913
CYAW,2025-11-12 00:50,-63.4994,44.6397,CYAW 120050Z 24006KT 12SM -RA SCT020 OVC045 04/03 A2925 RMK SC3SC5 DENSITY ALT -270FT PCPN VRY LGT LAST OBS /NEXT 121100 UTC SLP908
CYAW,2025-11-12 11:00,-63.4994,44.6397,CYAW 121100Z 27013G21KT 1 1/2SM -SHSN SCT007 OVC014 01/M00 A2951 RMK SF3SC5 DENSITY ALT -1049FT FST OBS SLP995
CYAW,2025-11-12 11:29,-63.4994,44.6397,CYAW 121129Z 28009G15KT 8SM FEW007 BKN017 OVC025 01/M00 A2954 RMK SF2SC4SC2 DENSITY ALT -1084FT PRESRR SLP007
CYAW,2025-11-12 12:00,-63.4994,44.6397,CYAW 121200Z 26016G24KT 15SM SCT025 OVC032 01/M02 A2956 RMK SC3SC5 DENSITY ALT -1002FT SLP013
CYAW,2025-11-12 13:00,-63.4994,44.6397,CYAW 121300Z 26016G28KT 230V290 15SM BKN030 OVC042 02/M03 A2960 RMK SC6SC2 DENSITY ALT -991FT SLP024
CYAW,2025-11-12 14:00,-63.4994,44.6397,CYAW 121400Z 26019G29KT 15SM OVC030 02/M03 A2962 RMK SC8 DENSITY ALT -951FT SLP032
CYAW,2025-11-12 15:00,-63.4994,44.6397,CYAW 121500Z 27022G29KT 15SM BKN028 03/M03 A2964 RMK SC7 DENSITY ALT -862FT SLP038
CYAW,2025-11-12 16:00,-63.4994,44.6397,CYAW 121600Z 26015G29KT 15SM BKN028 BKN250 05/M01 A2964 RMK SC7CI1 DENSITY ALT -693FT SLP038
CYAW,2025-11-12 17:00,-63.4994,44.6397,CYAW 121700Z 26019G28KT 15SM BKN028 BKN250 07/M01 A2964 RMK SC6CI1 DENSITY ALT -440FT SLP038
CYAW,2025-11-12 18:00,-63.4994,44.6397,CYAW 121800Z 25016G24KT 15SM SCT028 BKN250 07/00 A2964 RMK SC4CI1 DENSITY ALT -399FT SLP039
CYAW,2025-11-12 19:00,-63.4994,44.6397,CYAW 121900Z 26012G24KT 15SM FEW030 BKN250 07/00 A2965 RMK SC1CI5 DENSITY ALT -421FT SLP043
CYAW,2025-11-12 20:00,-63.4994,44.6397,CYAW 122000Z 25011G22KT 15SM FEW030 FEW130 BKN250 06/00 A2967 RMK SC1AC2CI5 DENSITY ALT -531FT SLP048
CYAW,2025-11-12 21:00,-63.4994,44.6397,CYAW 122100Z 25008KT 15SM FEW030 BKN120 06/00 A2967 RMK SC1AC7 DENSITY ALT -605FT SLP049
CYAW,2025-11-12 22:00,-63.4994,44.6397,CYAW 122200Z 24008KT 15SM FEW070 OVC110 06/00 A2968 RMK AC2AC6 DENSITY ALT -604FT SLP053
CYAW,2025-11-12 23:00,-63.4994,44.6397,CYAW 122300Z 25008KT 230V290 15SM OVC110 06/01 A2969 RMK AC8 DENSITY ALT -627FT SLP055
CYAW,2025-11-12 23:45,-63.4994,44.6397,CYAW 122345Z 23004KT 15SM OVC120 05/01 A2969 RMK AC8 DENSITY ALT -649FT LAST OBS /NEXT 131100 UTC SLP056
CYAW,2025-11-13 11:00,-63.4994,44.6397,CYAW 131100Z 06003KT 12SM BKN022 OVC055 05/04 A2963 RMK SC5SC3 DENSITY ALT -659FT FST OBS SLP037
CYAW,2025-11-13 12:00,-63.4994,44.6397,CYAW 131200Z 32003KT 300V040 15SM SCT008 OVC022 05/04 A2964 RMK SF3SC5 DENSITY ALT -633FT SLP041
CYAW,2025-11-13 12:45,-63.4994,44.6397,CYAW 131245Z 31003KT 15SM SCT008 OVC011 05/04 A2965 RMK SF3SC5 DENSITY ALT -619FT SLP042
CYAW,2025-11-13 13:00,-63.4994,44.6397,CYAW 131300Z 33002KT 15SM SCT008 OVC011 05/04 A2965 RMK SF4SC4 DENSITY ALT -593FT SLP042
CYAW,2025-11-13 14:00,-63.4994,44.6397,CYAW 131400Z 34003KT 310V020 15SM SCT007 BKN011 BKN250 06/04 A2965 RMK SF3SC4CI1 DENSITY ALT -554FT SLP042
CYAW,2025-11-13 15:00,-63.4994,44.6397,CYAW 131500Z 29006KT 15SM FEW008 OVC011 06/04 A2965 RMK SF2SC6 DENSITY ALT -560FT SLP041
CYAW,2025-11-13 16:00,-63.4994,44.6397,CYAW 131600Z 33009KT 15SM FEW008 OVC011 05/03 A2963 RMK SF2SC6 DENSITY ALT -577FT SLP036
CYAW,2025-11-13 17:00,-63.4994,44.6397,CYAW 131700Z 31007KT 280V340 15SM OVC011 05/03 A2963 RMK SC8 DENSITY ALT -564FT SLP035
CYAW,2025-11-13 18:00,-63.4994,44.6397,CYAW 131800Z 31010KT 15SM OVC012 05/03 A2963 RMK SC8 DENSITY ALT -631FT SLP035
CYAW,2025-11-13 19:00,-63.4994,44.6397,CYAW 131900Z 35007KT 310V010 15SM OVC014 05/03 A2962 RMK SC8 DENSITY ALT -594FT SLP033
CYAW,2025-11-13 20:00,-63.4994,44.6397,CYAW 132000Z 33008KT 320V020 15SM OVC014 05/02 A2963 RMK SC8 DENSITY ALT -632FT SLP035
CYAW,2025-11-13 21:00,-63.4994,44.6397,CYAW 132100Z 35009KT 320V020 15SM OVC012 04/02 A2963 RMK SC8 DENSITY ALT -733FT SLP036
CYAW,2025-11-13 22:00,-63.4994,44.6397,CYAW 132200Z 33008KT 15SM FEW007 BKN012 OVC025 03/02 A2963 RMK SF1SC4SC3 DENSITY ALT -808FT SLP037
CYAW,2025-11-13 23:00,-63.4994,44.6397,CYAW 132300Z 33008KT 15SM OVC010 04/02 A2963 RMK SC8 DENSITY ALT -783FT SLP037
CYAW,2025-11-14 00:00,-63.4994,44.6397,CYAW 140000Z 33008G15KT 15SM OVC010 03/02 A2963 RMK SF8 DENSITY ALT -823FT SLP035
CYAW,2025-11-14 00:35,-63.4994,44.6397,CYAW 140035Z 32011KT 15SM BKN010 OVC025 03/02 A2962 RMK SF5SC3 DENSITY ALT -823FT LAST OBS /NEXT 141100 UTC SLP033
CYAW,2025-11-14 11:00,-63.4994,44.6397,CYAW 141100Z 34012G17KT 10SM -SHRA FEW007 BKN012 OVC024 03/02 A2955 RMK SF1SC6SC2 DENSITY ALT -751FT FST OBS SLP010
CYAW,2025-11-14 12:00,-63.4994,44.6397,CYAW 141200Z 01010G15KT 330V030 15SM -SHRA BKN012 OVC025 04/03 A2959 RMK SC5SC3 DENSITY ALT -693FT SLP021
CYAW,2025-11-14 13:00,-63.4994,44.6397,CYAW 141300Z 33006KT 8SM -SHRA SCT007 OVC012 04/03 A2961 RMK SF3SC5 DENSITY ALT -715FT VIS LWR N SLP028
CYAW,2025-11-14 14:00,-63.4994,44.6397,CYAW 141400Z 01015G22KT 330V030 8SM -SHRA FEW007 OVC012 05/04 A2962 RMK SF2SC6 DENSITY ALT -611FT SLP031
CYAW,2025-11-14 14:39,-63.4994,44.6397,CYAW 141439Z CCA 01011G20KT 15SM -SHRA SCT012 BKN025 OVC080 05/04 A2962 RMK SC3SC4AC1 DENSITY ALT -548FT PCPN VRY LGT SLP033
CYAW,2025-11-14 15:00,-63.4994,44.6397,CYAW 141500Z 35014G23KT 340V040 15SM -DZ FEW012 BKN020 OVC080 05/03 A2962 RMK SC2SC5AC1 DENSITY ALT -564FT SLP033
CYAW,2025-11-14 15:13,-63.4994,44.6397,CYAW 141513Z 01018G27KT 15SM FEW012 BKN020 OVC080 05/03 A2962 RMK SC2SC5AC1 DENSITY ALT -569FT SLP033
CYAW,2025-11-14 15:31,-63.4994,44.6397,CYAW 141531Z 36014G22KT 330V030 15SM -DZ BKN018 OVC025 05/03 A2962 RMK SC5SC3 DENSITY ALT -581FT SLP033
CYAW,2025-11-14 16:00,-63.4994,44.6397,CYAW 141600Z 36014G22KT 330V030 15SM BKN018 OVC095 05/02 A2962 RMK SC6AC2 DENSITY ALT -547FT SLP032
CYAW,2025-11-14 17:00,-63.4994,44.6397,CYAW 141700Z 36015G23KT 15SM FEW018 BKN025 OVC100 05/01 A2962 RMK SC2SC4AC2 DENSITY ALT -554FT SLP031
CYAW,2025-11-14 18:00,-63.4994,44.6397,CYAW 141800Z 34010G22KT 310V030 15SM BKN020 OVC035 05/01 A2962 RMK SC6SC2 DENSITY ALT -604FT SLP034
CYAW,2025-11-14 19:00,-63.4994,44.6397,CYAW 141900Z 34015G22KT 15SM SCT020 BKN250 04/01 A2963 RMK SC4CI3 DENSITY ALT -691FT SLP035
CYAW,2025-11-14 20:00,-63.4994,44.6397,CYAW 142000Z 34011G20KT 15SM SCT020 BKN250 04/00 A2964 RMK SC4CI2 DENSITY ALT -769FT SLP038
CYAW,2025-11-14 21:00,-63.4994,44.6397,CYAW 142100Z 33012G18KT 15SM FEW020 FEW030 SCT250 02/00 A2965 RMK SC1SC1CI3 DENSITY ALT -970FT SLP044
CYAW,2025-11-14 22:00,-63.4994,44.6397,CYAW 142200Z 32011KT 15SM SCT035 BKN140 02/M01 A2966 RMK SC4AC2 DENSITY ALT -1014FT SLP047
CYAW,2025-11-14 23:00,-63.4994,44.6397,CYAW 142300Z CCA 32010G15KT 15SM OVC035 03/M02 A2966 RMK SC8 DENSITY ALT -969FT LAST OBS /NEXT 171100 UTC SLP047
CYAW,2025-11-17 11:00,-63.4994,44.6397,CYAW 171100Z 23013G26KT 15SM SCT018 SCT080 SCT240 02/M01 A2904 RMK SC3AC1CI1 DENSITY ALT -263FT FST OBS SLP836
CYAW,2025-11-17 12:00,-63.4994,44.6397,CYAW 171200Z 24015G24KT 15SM BKN018 BKN080 BKN120 BKN240 03/M01 A2905 RMK SC5AC1AC1CI1 DENSITY ALT -212FT SLP839
CYAW,2025-11-17 12:52,-63.4994,44.6397,CYAW 171252Z 24021G28KT 6SM -SHSN BKN020 BKN040 03/M01 A2906 RMK SC5SC2 DENSITY ALT -199FT SLP842
CYAW,2025-11-17 13:00,-63.4994,44.6397,CYAW 171300Z 24019G28KT 6SM -SHSN BKN020 BKN040 03/M01 A2906 RMK SC5SC2 DENSITY ALT -224FT SLP842
CYAW,2025-11-17 13:45,-63.4994,44.6397,CYAW 171345Z 24023G35KT 6SM -SHRASN BKN020 BKN040 03/M01 A2906 RMK SC5SC2 DENSITY ALT -233FT SLP844
CYAW,2025-11-17 14:00,-63.4994,44.6397,CYAW 171400Z 24020G30KT 6SM -SHRASN BKN020 OVC040 03/M00 A2907 RMK SC5SC3 DENSITY ALT -266FT SLP846
CYAW,2025-11-17 15:00,-63.4994,44.6397,CYAW 171500Z 24026G40KT 12SM -SHRASN BKN025 OVC055 03/M01 A2908 RMK SC5SC3 DENSITY ALT -235FT PCPN VRY LGT SLP849
CYAW,2025-11-17 15:16,-63.4994,44.6397,CYAW 171516Z 24025G37KT 15SM -SHSN BKN025 OVC055 03/M01 A2909 RMK SC5SC3 DENSITY ALT -222FT PCPN VRY LGT SLP851
CYAW,2025-11-17 15:46,-63.4994,44.6397,CYAW 171546Z 25022G32KT 6SM -PL BKN025 OVC055 03/M00 A2909 RMK SC5SC3 DENSITY ALT -228FT SLP852
CYAW,2025-11-17 16:00,-63.4994,44.6397,CYAW 171600Z 24014G27KT 8SM -DZ BKN025 OVC055 03/M00 A2910 RMK SC5SC3 DENSITY ALT -238FT SLP855
CYAW,2025-11-17 17:00,-63.4994,44.6397,CYAW 171700Z CCA 25020G28KT 12SM -DZ BKN025 OVC055 04/M01 A2910 RMK SC5SC3 DENSITY ALT -169FT PCPN VRY LGT SLP856
CYAW,2025-11-17 17:13,-63.4994,44.6397,CYAW 171713Z 25021G33KT 15SM BKN025 OVC055 04/M01 A2910 RMK SC6SC2 DENSITY ALT -158FT SLP855
CYAW,2025-11-17 18:00,-63.4994,44.6397,CYAW 171800Z 25018G30KT 220V280 15SM OVC025 04/M00 A2910 RMK SC8 DENSITY ALT -91FT SLP857
CYAW,2025-11-17 19:00,-63.4994,44.6397,CYAW 171900Z 25015G23KT 15SM OVC028 04/M00 A2913 RMK SC8 DENSITY ALT -114FT SLP865
CYAW,2025-11-17 20:00,-63.4994,44.6397,CYAW 172000Z 25012G23KT 15SM BKN025 04/M00 A2916 RMK SC7 DENSITY ALT -159FT SLP877
CYAW,2025-11-17 21:00,-63.4994,44.6397,CYAW 172100Z 25015G25KT 15SM BKN025 BKN110 04/00 A2919 RMK SC7AC1 DENSITY ALT -243FT SLP887
CYAW,2025-11-17 22:00,-63.4994,44.6397,CYAW 172200Z 25018G25KT 15SM SCT025 BKN045 BKN160 04/01 A2923 RMK SC4SC2AC1 DENSITY ALT -288FT SLP900
CYAW,2025-11-17 23:00,-63.4994,44.6397,CYAW 172300Z 26020G25KT 15SM BKN020 BKN045 BKN110 04/01 A2927 RMK SC5SC2AC1 DENSITY ALT -321FT SLP913
CYAW,2025-11-18 00:00,-63.4994,44.6397,CYAW 180000Z 27020G25KT 15SM SCT020 BKN045 OVC110 04/01 A2930 RMK SC3SC4AC1 DENSITY ALT -393FT SLP924
CYAW,2025-11-18 01:00,-63.4994,44.6397,CYAW 180100Z CCA 27020G26KT 15SM SCT014 OVC045 04/01 A2934 RMK SC3SC5 DENSITY ALT -464FT LAST OBS /NEXT 181100 UTC SLP937
CYAW,2025-11-18 11:00,-63.4994,44.6397,CYAW 181100Z 25012G18KT 15SM OVC036 03/M02 A2961 RMK SC8 DENSITY ALT -858FT FST OBS SLP028
CYAW,2025-11-18 12:00,-63.4994,44.6397,CYAW 181200Z 26012G19KT 15SM FEW015 OVC038 03/M01 A2964 RMK SF1SC7 DENSITY ALT -879FT SLP038
CYAW,2025-11-18 13:00,-63.4994,44.6397,CYAW 181300Z 25014G23KT 15SM FEW015 SCT041 BKN090 03/M01 A2965 RMK SF1SC4AC3 DENSITY ALT -853FT SLP043
CYAW,2025-11-18 14:00,-63.4994,44.6397,CYAW 181400Z 27013G21KT 15SM SCT040 SCT100 05/M01 A2967 RMK SC4AC1 DENSITY ALT -727FT SLP048
CYAW,2025-11-18 15:00,-63.4994,44.6397,CYAW 181500Z 27016G23KT 15SM SCT028 OVC039 04/M02 A2968 RMK SC3SC5 DENSITY ALT -802FT SLP054
CYAW,2025-11-18 16:00,-63.4994,44.6397,CYAW 181600Z 27016G24KT 15SM FEW024 BKN035 04/M01 A2968 RMK SC2SC5 DENSITY ALT -764FT SLP053
CYAW,2025-11-18 17:00,-63.4994,44.6397,CYAW 181700Z 27021G27KT 15SM SCT028 BKN035 04/M02 A2969 RMK SC3SC4 DENSITY ALT -805FT SLP056
CYAW,2025-11-18 18:00,-63.4994,44.6397,CYAW 181800Z 26017G24KT 15SM OVC032 04/M02 A2971 RMK SC8 DENSITY ALT -827FT SLP061
CYAW,2025-11-18 19:00,-63.4994,44.6397,CYAW 181900Z 26018G24KT 15SM FEW032 BKN040 BKN250 04/M02 A2972 RMK SC2SC5CI1 DENSITY ALT -813FT SLP067
CYAW,2025-11-18 20:00,-63.4994,44.6397,CYAW 182000Z 27015G21KT 15SM BKN035 04/M01 A2974 RMK SC7 DENSITY ALT -834FT SLP074
CYAW,2025-11-18 21:00,-63.4994,44.6397,CYAW 182100Z CCA 28012G20KT 15SM BKN035 BKN250 04/M01 A2977 RMK SC5CI1 DENSITY ALT -967FT LAST OBS /NEXT 191100 UTC SLP082
CYAW,2025-11-19 11:00,-63.4994,44.6397,CYAW 191100Z 26007KT 15SM FEW030 FEW100 02/00 A3008 RMK SC1AC1 DENSITY ALT -1569FT FST OBS SLP187
CYAW,2025-11-19 12:00,-63.4994,44.6397,CYAW 191200Z 27009KT 15SM FEW030 FEW100 02/00 A3009 RMK SC1AC1 DENSITY ALT -1529FT SLP190
CYAW,2025-11-19 13:00,-63.4994,44.6397,CYAW 191300Z 26010KT 15SM FEW030 FEW100 03/00 A3010 RMK SC1AC1 DENSITY ALT -1389FT SLP194
CYAW,2025-11-19 14:00,-63.4994,44.6397,CYAW 191400Z 26009G16KT 15SM FEW030 FEW100 05/00 A3011 RMK SC1AC1 DENSITY ALT -1139FT SLP198
CYAW,2025-11-19 15:00,-63.4994,44.6397,CYAW 191500Z 27010G16KT 15SM FEW030 FEW100 06/M01 A3009 RMK SC1AC1 DENSITY ALT -997FT SLP193
CYAW,2025-11-19 16:00,-63.4994,44.6397,CYAW 191600Z 28010KT 230V290 15SM FEW030 FEW100 07/M00 A3008 RMK CU2AC1 CF ASOCTD DENSITY ALT -873FT SLP189
CYAW,2025-11-19 17:00,-63.4994,44.6397,CYAW 191700Z 25011G16KT 15SM BKN040 BKN100 07/M01 A3008 RMK CU6AC1 CF ASOCTD DENSITY ALT -941FT SLP188
CYAW,2025-11-19 18:00,-63.4994,44.6397,CYAW 191800Z 25011KT 15SM BKN040 BKN250 07/M01 A3007 RMK CU6CI1 DENSITY ALT -888FT SLP186
CYAW,2025-11-19 19:00,-63.4994,44.6397,CYAW 191900Z 27011KT 15SM BKN040 07/M01 A3008 RMK SC7 CU ASOCTD DENSITY ALT -962FT SLP188
CYAW,2025-11-19 20:00,-63.4994,44.6397,CYAW 192000Z 27008KT 15SM BKN040 06/M01 A3009 RMK SC7 DENSITY ALT -1001FT SLP193
CYAW,2025-11-19 21:00,-63.4994,44.6397,CYAW 192100Z 24005KT 15SM SCT040 BKN250 05/M01 A3010 RMK SC4CI1 DENSITY ALT -1148FT SLP196
CYAW,2025-11-19 22:00,-63.4994,44.6397,CYAW 192200Z 25005KT 15SM BKN040 BKN250 05/M01 A3012 RMK SC6CI1 DENSITY ALT -1143FT SLP201
CYAW,2025-11-19 23:00,-63.4994,44.6397,CYAW 192300Z 27006G19KT 220V310 15SM SCT040 04/M01 A3013 RMK SC3 DENSITY ALT -1282FT SLP206
CYAW,2025-11-19 23:38,-63.4994,44.6397,CYAW 192338Z 30005KT 230V320 15SM FEW040 FEW250 04/M01 A3015 RMK SC1CI1 DENSITY ALT -1331FT LAST OBS /NEXT 201100 UTC SLP211
CYAW,2025-11-20 11:00,-63.4994,44.6397,CYAW 201100Z 34003KT 15SM FEW140 SCT240 M03/M03 A3022 RMK AC1CI4 DENSITY ALT -2287FT FST OBS SLP237
CYAW,2025-11-20 12:00,-63.4994,44.6397,CYAW 201200Z 34002KT 15SM FEW020 FEW140 BKN250 M02/M03 A3023 RMK SC1AC1CI5 DENSITY ALT -2271FT SLP239
CYAW,2025-11-20 13:00,-63.4994,44.6397,CYAW 201300Z 00000KT 15SM FEW025 FEW180 BKN250 01/M00 A3024 RMK SC1AC2CI4 DENSITY ALT -1782FT SLP242
CYAW,2025-11-20 14:00,-63.4994,44.6397,CYAW 201400Z 09003KT 15SM FEW030 SCT170 BKN250 03/M03 A3024 RMK SC1AC3CI3 DENSITY ALT -1619FT SLP242
CYAW,2025-11-20 15:00,-63.4994,44.6397,CYAW 201500Z 12002KT 15SM FEW030 SCT170 BKN250 04/M03 A3023 RMK SC1AC4CI2 DENSITY ALT -1506FT SLP239
CYAW,2025-11-20 16:00,-63.4994,44.6397,CYAW 201600Z 24006KT 15SM FEW030 SCT160 BKN250 06/M02 A3021 RMK SC1AC4CI1 DENSITY ALT -1178FT SLP232
CYAW,2025-11-20 17:00,-63.4994,44.6397,CYAW 201700Z 25004KT 15SM FEW030 SCT140 BKN250 06/M02 A3019 RMK SC1AC4CI1 DENSITY ALT -1180FT SLP225
CYAW,2025-11-20 18:00,-63.4994,44.6397,CYAW 201800Z 21003KT 15SM FEW030 FEW130 FEW250 07/M01 A3017 RMK SC1AC1CI1 DENSITY ALT -1067FT SLP219
CYAW,2025-11-20 19:00,-63.4994,44.6397,CYAW 201900Z 16004KT 110V210 15SM FEW030 FEW250 06/M00 A3017 RMK SC1CI1 DENSITY ALT -1148FT SLP219
CYAW,2025-11-20 20:00,-63.4994,44.6397,CYAW 202000Z CCB 17004KT 150V210 15SM FEW250 05/01 A3017 RMK CI2 DENSITY ALT -1264FT SLP220
CYAW,2025-11-20 21:00,-63.4994,44.6397,CYAW 202100Z 17003KT 15SM FEW030 FEW250 04/M00 A3018 RMK SC1CI1 DENSITY ALT -1361FT LAST OBS /NEXT 211100 UTC SLP221
CYAW,2025-11-21 11:00,-63.4994,44.6397,CYAW 211100Z 04005KT 15SM FEW020 FEW120 FEW250 M01/M02 A3008 RMK SC1AC1CI1 DENSITY ALT -1861FT FST OBS SLP190
CYAW,2025-11-21 12:00,-63.4994,44.6397,CYAW 211200Z 02004KT 15SM FEW025 FEW120 BKN250 00/M01 A3008 RMK SC1AC1CI5 DENSITY ALT -1755FT SLP188
CYAW,2025-11-21 13:00,-63.4994,44.6397,CYAW 211300Z 05005KT 010V070 15SM FEW025 FEW100 SCT250 02/M00 A3008 RMK SC1AC1CI5 DENSITY ALT -1533FT SLP188
CYAW,2025-11-21 14:00,-63.4994,44.6397,CYAW 211400Z 05006KT 15SM FEW025 FEW100 SCT250 04/M00 A3007 RMK SC1AC1CI4 DENSITY ALT -1282FT SLP186
CYAW,2025-11-21 15:00,-63.4994,44.6397,CYAW 211500Z 04006KT 360V070 15SM FEW025 FEW100 FEW250 05/M00 A3004 RMK SC1AC1CI2 DENSITY ALT -1050FT SLP176
CYAW,2025-11-21 16:00,-63.4994,44.6397,CYAW 211600Z 06005KT 010V100 15SM FEW025 FEW100 FEW250 07/M01 A3000 RMK SC1AC1CI1 DENSITY ALT -871FT SLP161
CYAW,2025-11-21 17:00,-63.4994,44.6397,CYAW 211700Z 09006KT 020V120 15SM FEW025 FEW100 FEW250 07/M01 A2996 RMK SC1AC1CI1 DENSITY ALT -726FT SLP147
CYAW,2025-11-21 18:00,-63.4994,44.6397,CYAW 211800Z 04003KT 010V070 15SM SCT040 SCT100 BKN250 07/M01 A2996 RMK SC4AC1CI2 DENSITY ALT -777FT SLP148
CYAW,2025-11-21 19:00,-63.4994,44.6397,CYAW 211900Z 24004KT 210V300 15SM BKN040 BKN090 BKN250 07/M01 A2995 RMK SC5AC1CI2 DENSITY ALT -776FT SLP144
CYAW,2025-11-21 20:00,-63.4994,44.6397,CYAW 212000Z CCA 18002KT 15SM BKN040 BKN100 BKN250 07/M00 A2992 RMK SC6AC1CI1 DENSITY ALT -749FT LAST OBS /NEXT 241100 UTC SLP134
CYAW,2025-11-24 11:00,-63.4994,44.6397,CYAW 241100Z 06004KT 15SM OVC030 01/M01 A2989 RMK SC8 DENSITY ALT -1429FT FST OBS SLP124
CYAW,2025-11-24 11:32,-63.4994,44.6397,CYAW 241132Z 05004KT 15SM -SHRA BKN025 OVC032 01/M00 A2989 RMK SC6SC2 DENSITY ALT -1391FT PCPN VRY LGT SLP125
CYAW,2025-11-24 12:00,-63.4994,44.6397,CYAW 241200Z 05005KT 15SM -SHRA BKN025 OVC032 02/M00 A2990 RMK SC6SC2 DENSITY ALT -1351FT PCPN VRY LGT SLP126
CYAW,2025-11-24 13:00,-63.4994,44.6397,CYAW 241300Z 04006KT 15SM -SHRA SCT018 OVC025 02/00 A2990 RMK SC3SC5 DENSITY ALT -1259FT SLP128
CYAW,2025-11-24 14:00,-63.4994,44.6397,CYAW 241400Z 04005KT 12SM -SHRA SCT025 OVC045 03/01 A2991 RMK SC3SC5 DENSITY ALT -1242FT SLP132
CYAW,2025-11-24 15:00,-63.4994,44.6397,CYAW 241500Z 04004KT 12SM -SHRA BKN025 OVC045 03/02 A2991 RMK SC6SC2 DENSITY ALT -1200FT SLP132
CYAW,2025-11-24 16:00,-63.4994,44.6397,CYAW 241600Z 05003KT 020V080 12SM -SHRA BKN020 OVC046 03/02 A2991 RMK SC5SC3 DENSITY ALT -1172FT SLP130
CYAW,2025-11-24 17:00,-63.4994,44.6397,CYAW 241700Z 03007KT 12SM -SHRA SCT008 BKN019 OVC027 03/02 A2990 RMK SF4SC3SC1 DENSITY ALT -1148FT SLP129
CYAW,2025-11-24 18:00,-63.4994,44.6397,CYAW 241800Z 01006KT 340V040 7SM -SHRA BKN007 OVC019 03/02 A2991 RMK SF6SC2 DENSITY ALT -1209FT SLP131
CYAW,2025-11-24 19:00,-63.4994,44.6397,CYAW 241900Z 35005KT 330V030 12SM -SHRA FEW006 OVC018 02/02 A2993 RMK SF2SC6 DENSITY ALT -1298FT SLP139
CYAW,2025-11-24 19:48,-63.4994,44.6397,CYAW 241948Z 35006KT 12SM -DZ BKN007 BKN042 02/02 A2995 RMK SF5SC2 DENSITY ALT -1334FT SLP145
CYAW,2025-11-24 20:00,-63.4994,44.6397,CYAW 242000Z 35004KT 330V040 12SM -DZ BKN007 BKN042 02/02 A2995 RMK SF5SC2 DENSITY ALT -1334FT SLP146
CYAW,2025-11-24 20:16,-63.4994,44.6397,CYAW 242016Z 35004KT 15SM FEW007 BKN044 02/02 A2996 RMK SF1SC6 DENSITY ALT -1346FT SLP147
CYAW,2025-11-24 21:00,-63.4994,44.6397,CYAW 242100Z 32004KT 15SM FEW030 SCT044 BKN060 02/02 A2998 RMK SC2SC2SC3 DENSITY ALT -1356FT LAST OBS /NEXT 251100 UTC SLP153
CYAW,2025-11-25 11:00,-63.4994,44.6397,CYAW 251100Z 26007KT 15SM FEW018 FEW100 M01/M03 A3019 RMK SC1AC1 DENSITY ALT -2043FT FST OBS SLP227
CYAW,2025-11-25 12:00,-63.4994,44.6397,CYAW 251200Z 25005KT 220V290 15SM FEW018 FEW100 FEW250 M01/M03 A3022 RMK SC1AC1CI1 DENSITY ALT -2091FT SLP234
CYAW,2025-11-25 13:00,-63.4994,44.6397,CYAW 251300Z 25008KT 15SM FEW025 FEW100 SCT250 00/M02 A3022 RMK SC1AC1CI3 DENSITY ALT -1909FT SLP235
CYAW,2025-11-25 14:00,-63.4994,44.6397,CYAW 251400Z 24007KT 15SM FEW025 FEW120 BKN250 02/M01 A3021 RMK SC1AC1CI6 DENSITY ALT -1649FT SLP234
CYAW,2025-11-25 15:00,-63.4994,44.6397,CYAW 251500Z 25009KT 15SM FEW025 FEW110 BKN250 04/00 A3021 RMK SC1AC1CI6 DENSITY ALT -1377FT SLP231
CYAW,2025-11-25 16:00,-63.4994,44.6397,CYAW 251600Z 26012G24KT 230V310 15SM FEW020 FEW110 BKN250 05/01 A3018 RMK SC1AC2CI5 DENSITY ALT -1203FT SLP221
CYAW,2025-11-25 17:00,-63.4994,44.6397,CYAW 251700Z 25010G19KT 15SM FEW020 SCT140 OVC250 06/02 A3016 RMK SC1AC4CI4 DENSITY ALT -1162FT SLP215
CYAW,2025-11-25 18:00,-63.4994,44.6397,CYAW 251800Z 25012G21KT 15SM FEW020 FEW110 SCT150 OVC230 06/02 A3015 RMK SC1AC2AC2CS4 DENSITY ALT -1123FT SLP211
CYAW,2025-11-25 19:00,-63.4994,44.6397,CYAW 251900Z 25010G16KT 220V280 15SM FEW020 FEW080 BKN120 OVC220 06/03 A3015 RMK SC1AC2AC4CS2 DENSITY ALT -1120FT SLP212
CYAW,2025-11-25 20:00,-63.4994,44.6397,CYAW 252000Z CCA 24007KT 220V330 15SM FEW020 FEW070 OVC100 06/03 A3015 RMK SC1AC2AC6 DENSITY ALT -1067FT LAST OBS /NEXT 261100 UTC SLP213
CYAW,2025-11-26 11:00,-63.4994,44.6397,CYAW 261100Z 21004KT 170V230 10SM -RA BKN007 OVC012 08/08 A3008 RMK SF5SC3 DENSITY ALT -692FT FST OBS SLP189
CYAW,2025-11-26 11:34,-63.4994,44.6397,CYAW 261134Z 19002KT 8SM -RA SCT007 BKN038 OVC050 08/08 A3008 RMK SF3SC3SC2 DENSITY ALT -692FT VIS LWR S SLP186
CYAW,2025-11-26 12:00,-63.4994,44.6397,CYAW 261200Z 21006KT 6SM -RA BR SCT007 BKN012 OVC038 08/08 A3008 RMK SF3SC2SC3 DENSITY ALT -679FT SLP186
CYAW,2025-11-26 12:19,-63.4994,44.6397,CYAW 261219Z 19005KT 5SM -RA BR BKN004 BKN012 OVC030 08/08 A3007 RMK SF5SC1SC2 DENSITY ALT -653FT SLP184
CYAW,2025-11-26 13:00,-63.4994,44.6397,CYAW 261300Z 21008KT 5SM -RA BR BKN004 OVC020 09/08 A3006 RMK SF6SC2 DENSITY ALT -602FT SLP180
CYAW,2025-11-26 13:20,-63.4994,44.6397,CYAW 261320Z 20005KT 3SM -RA BR BKN005 OVC024 09/08 A3005 RMK SF6SC2 DENSITY ALT -604FT SLP177
CYAW,2025-11-26 13:45,-63.4994,44.6397,CYAW 261345Z 19004KT 2 1/2SM -RA BR SCT005 SCT012 OVC020 09/08 A3004 RMK SF3SC1SC4 DENSITY ALT -593FT SLP173
CYAW,2025-11-26 14:00,-63.4994,44.6397,CYAW 261400Z 20004KT 120V220 6SM -RA BR FEW005 BKN016 OVC024 09/08 A3003 RMK SF2SC4SC2 DENSITY ALT -541FT SLP171
CYAW,2025-11-26 14:16,-63.4994,44.6397,CYAW 261416Z 18007G15KT 10SM -RA FEW005 BKN012 OVC024 09/08 A3002 RMK SF1SC6SC2 DENSITY ALT -517FT SLP169
CYAW,2025-11-26 14:50,-63.4994,44.6397,CYAW 261450Z 16007KT 12SM -RA BKN008 OVC012 09/08 A3000 RMK SF5SC3 DENSITY ALT -470FT SLP161
CYAW,2025-11-26 15:00,-63.4994,44.6397,CYAW 261500Z 17006KT 15SM -RA BKN008 OVC012 09/09 A3000 RMK SF6SC2 DENSITY ALT -457FT SLP159
CYAW,2025-11-26 16:00,-63.4994,44.6397,CYAW 261600Z 19006KT 150V210 5SM -RA BR BKN005 OVC012 09/09 A2994 RMK SF5SC3 DENSITY ALT -400FT SLP140
CYAW,2025-11-26 17:00,-63.4994,44.6397,CYAW 261700Z 18008G17KT 3SM -RA BR OVC003 10/09 A2990 RMK SF8 DENSITY ALT -287FT SLP125
CYAW,2025-11-26 17:16,-63.4994,44.6397,CYAW 261716Z 19006G16KT 150V220 1SM -RA BR OVC002 10/09 A2988 RMK SF8 DENSITY ALT -264FT VIS VRB 3/4-1 1/2 SLP120
CYAW,2025-11-26 18:00,-63.4994,44.6397,CYAW 261800Z 16012G20KT 1SM -RA BR OVC002 10/10 A2984 RMK SF8 DENSITY ALT -164FT VIS VRB 3/4-1 1/2 PRESFR SLP105
CYAW,2025-11-26 19:00,-63.4994,44.6397,CYAW 261900Z 16013G19KT 1SM -RA BR OVC002 11/10 A2979 RMK SF8 DENSITY ALT -55FT VIS VRB 3/4-1 1/2 SLP089
CYAW,2025-11-26 19:41,-63.4994,44.6397,CYAW 261941Z 19006KT 1/4SM -RA FG VV001 10/10 A2978 RMK FG8 DENSITY ALT -56FT VIS VRB 1/8-3/8 SLP086
CYAW,2025-11-26 20:00,-63.4994,44.6397,CYAW 262000Z 22008G15KT 3/4SM -DZ BR OVC002 11/11 A2978 RMK SF8 DENSITY ALT 63FT VIS VRB 1/2-1 LAST OBS /NEXT 271100 UTC SLP084
CYAW,2025-11-27 11:00,-63.4994,44.6397,CYAW 271100Z 20004KT 170V240 0SM FG VV002 11/10 A2957 RMK FG8 DENSITY ALT 202FT FST OBS SLP015
CYAW,2025-11-27 11:18,-63.4994,44.6397,CYAW 271118Z 23006KT 210V270 1 1/2SM BR OVC003 11/11 A2957 RMK ST8 DENSITY ALT 308FT SLP015
CYAW,2025-11-27 12:00,-63.4994,44.6397,CYAW 271200Z 23008KT 170V300 1 1/2SM -DZ BR OVC003 11/11 A2957 RMK ST8 DENSITY ALT 320FT VIS VRB 1-2 SLP015
CYAW,2025-11-27 12:27,-63.4994,44.6397,CYAW 271227Z 23007KT 200V270 3/4SM -DZ BR OVC002 11/11 A2958 RMK ST8 DENSITY ALT 270FT SLP017
CYAW,2025-11-27 12:48,-63.4994,44.6397,CYAW 271248Z 23005KT 190V260 1 1/2SM -DZ BR OVC002 11/11 A2958 RMK ST8 DENSITY ALT 283FT SLP018
CYAW,2025-11-27 13:00,-63.4994,44.6397,CYAW 271300Z 23009KT 1 1/2SM -DZ BR OVC003 11/11 A2958 RMK ST8 DENSITY ALT 283FT VIS VRB 1-2 SLP019
CYAW,2025-11-27 13:17,-63.4994,44.6397,CYAW 271317Z 23008KT 200V270 8SM BKN005 OVC014 11/11 A2958 RMK SF7SC1 DENSITY ALT 270FT SLP018
CYAW,2025-11-27 14:00,-63.4994,44.6397,CYAW 271400Z 24008G15KT 210V270 15SM SCT007 BKN018 11/11 A2959 RMK SF3SC4 DENSITY ALT 285FT SLP022
CYAW,2025-11-27 15:00,-63.4994,44.6397,CYAW 271500Z 24008KT 210V270 15SM BKN007 OVC015 11/11 A2960 RMK SF5SC3 DENSITY ALT 247FT SLP024
CYAW,2025-11-27 16:00,-63.4994,44.6397,CYAW 271600Z 23009G15KT 200V260 15SM BKN005 OVC015 11/11 A2959 RMK SF6SC2 DENSITY ALT 271FT SLP023
CYAW,2025-11-27 17:00,-63.4994,44.6397,CYAW 271700Z 23012G19KT 15SM BKN005 BKN012 12/10 A2961 RMK SF5SC2 DENSITY ALT 292FT SLP027
CYAW,2025-11-27 17:50,-63.4994,44.6397,CYAW 271750Z 23008KT 190V280 15SM FEW008 BKN015 12/10 A2961 RMK SF2SC3 DENSITY ALT 334FT SLP030
CYAW,2025-11-27 18:00,-63.4994,44.6397,CYAW 271800Z 23009G21KT 180V270 15SM FEW008 SCT015 SCT250 12/09 A2961 RMK SF1SC2CI1 DENSITY ALT 378FT SLP030
CYAW,2025-11-27 19:00,-63.4994,44.6397,CYAW 271900Z 26014G24KT 15SM FEW030 FEW250 12/04 A2964 RMK SC2CI1 DENSITY ALT 190FT SLP037
CYAW,2025-11-27 20:00,-63.4994,44.6397,CYAW 272000Z 27016G22KT 15SM FEW030 FEW250 09/03 A2968 RMK SC2CI1 DENSITY ALT -131FT SLP053
CYAW,2025-11-27 21:00,-63.4994,44.6397,CYAW 272100Z 27009KT 15SM FEW030 SCT250 07/03 A2970 RMK SC1CI3 DENSITY ALT -392FT SLP058
CYAW,2025-11-27 22:00,-63.4994,44.6397,CYAW 272200Z 26007KT 15SM FEW250 06/02 A2974 RMK CI1 DENSITY ALT -587FT SLP073
CYAW,2025-11-27 23:00,-63.4994,44.6397,CYAW 272300Z 28007KT 15SM FEW250 06/01 A2977 RMK CI1 DENSITY ALT -714FT LAST OBS /NEXT 281100 UTC SLP081
CYAW,2025-11-28 11:00,-63.4994,44.6397,CYAW 281100Z 20003KT 15SM OVC055 05/01 A2968 RMK SC8 DENSITY ALT -685FT FST OBS SLP054
CYAW,2025-11-28 12:00,-63.4994,44.6397,CYAW 281200Z 21004KT 15SM BKN055 BKN120 05/02 A2967 RMK SC7AC1 DENSITY ALT -618FT SLP048
CYAW,2025-11-28 12:42,-63.4994,44.6397,CYAW 281242Z 27012KT 200V290 12SM -SHRA SCT018 OVC045 05/03 A2966 RMK SC3SC5 DENSITY ALT -591FT SLP046
CYAW,2025-11-28 13:00,-63.4994,44.6397,CYAW 281300Z 27002KT 15SM SCT025 BKN040 05/03 A2966 RMK SC4SC3 DENSITY ALT -675FT SLP045
CYAW,2025-11-28 13:18,-63.4994,44.6397,CYAW 281318Z 00000KT 15SM -SHRA SCT025 BKN040 05/03 A2965 RMK SC4SC3 DENSITY ALT -651FT SLP044
CYAW,2025-11-28 13:43,-63.4994,44.6397,CYAW 281343Z 17002KT 15SM SCT025 BKN035 05/04 A2964 RMK SC3SC4 DENSITY ALT -574FT SLP040
CYAW,2025-11-28 14:00,-63.4994,44.6397,CYAW 281400Z 20002KT 15SM BKN020 BKN038 06/04 A2963 RMK SC5SC2 DENSITY ALT -535FT SLP037
CYAW,2025-11-28 14:13,-63.4994,44.6397,CYAW 281413Z 19002KT 15SM -SHRA BKN020 OVC035 06/04 A2963 RMK SC5SC3 DENSITY ALT -525FT PCPN VRY LGT SLP037
CYAW,2025-11-28 15:00,-63.4994,44.6397,CYAW 281500Z 27007KT 15SM SCT020 BKN035 06/04 A2962 RMK SC3SC4 DENSITY ALT -498FT SLP033
CYAW,2025-11-28 16:00,-63.4994,44.6397,CYAW 281600Z 24005KT 15SM FEW040 OVC062 06/03 A2960 RMK SC2SC6 DENSITY ALT -469FT SLP025
CYAW,2025-11-28 17:00,-63.4994,44.6397,CYAW 281700Z 25005KT 230V290 15SM FEW040 OVC060 06/02 A2958 RMK SC1SC7 DENSITY ALT -440FT SLP019
CYAW,2025-11-28 18:00,-63.4994,44.6397,CYAW 281800Z 23005KT 15SM FEW015 OVC062 06/03 A2958 RMK SC1SC8 DENSITY ALT -437FT SLP020
CYAW,2025-11-28 18:27,-63.4994,44.6397,CYAW 281827Z 24007KT 15SM -SHRA FEW020 OVC055 06/02 A2958 RMK SC2SC6 DENSITY ALT -430FT PCPN VRY LGT SLP018
CYAW,2025-11-28 19:00,-63.4994,44.6397,CYAW 281900Z 26008G15KT 15SM -SHRA SCT025 OVC055 05/02 A2957 RMK SC3SC5 DENSITY ALT -493FT SLP017
CYAW,2025-11-28 20:00,-63.4994,44.6397,CYAW 282000Z 25009G16KT 15SM -SHRA SCT025 OVC050 04/02 A2959 RMK SC3SC5 DENSITY ALT -715FT SLP021
CYAW,2025-11-28 20:48,-63.4994,44.6397,CYAW 282048Z 24009KT 15SM FEW025 OVC050 04/02 A2960 RMK SC1SC7 DENSITY ALT -726FT SLP026
CYAW,2025-11-28 21:00,-63.4994,44.6397,CYAW 282100Z 27010G15KT 220V280 15SM FEW030 OVC060 04/01 A2960 RMK SC2SC6 DENSITY ALT -728FT SLP025
CYAW,2025-11-28 21:27,-63.4994,44.6397,CYAW 282127Z 26010G19KT 230V290 8SM -SHRASN FEW030 OVC055 04/01 A2961 RMK SC2SC6 DENSITY ALT -767FT SLP030
CYAW,2025-11-28 22:00,-63.4994,44.6397,CYAW 282200Z 26009G15KT 15SM -SHSN FEW009 BKN050 OVC120 02/01 A2963 RMK SF2SC3AC3 DENSITY ALT -955FT PCPN VRY LGT SLP034
CYAW,2025-11-28 22:43,-63.4994,44.6397,CYAW 282243Z 24008KT 15SM SCT040 BKN070 02/01 A2964 RMK SC3AC2 DENSITY ALT -965FT SLP040
CYAW,2025-11-28 23:00,-63.4994,44.6397,CYAW 282300Z CCA 24009KT 15SM FEW040 FEW070 02/01 A2964 RMK SC1AC1 DENSITY ALT -979FT LAST OBS /NEXT 011100 UTC SLP041
CYAW,2025-12-01 11:00,-63.4994,44.6397,CYAW 011100Z 20014G27KT 3SM -RA BR OVC004 10/09 A2989 RMK SF8 DENSITY ALT -302FT FST OBS SLP123
CYAW,2025-12-01 11:48,-63.4994,44.6397,CYAW 011148Z 20013G22KT 1 3/4SM -RA BR BKN004 OVC012 10/09 A2986 RMK SF5SC3 DENSITY ALT -241FT SLP113
CYAW,2025-12-01 12:00,-63.4994,44.6397,CYAW 011200Z 20013G21KT 4SM -RA BR BKN004 OVC012 10/09 A2986 RMK SF5SC3 DENSITY ALT -241FT PCPN VRY LGT SLP112
CYAW,2025-12-01 12:19,-63.4994,44.6397,CYAW 011219Z 21014G20KT 2 1/2SM -RA BR BKN003 OVC012 10/09 A2985 RMK SF6SC2 DENSITY ALT -256FT SLP111
CYAW,2025-12-01 12:32,-63.4994,44.6397,CYAW 011232Z 22018G28KT 4SM -RA BR BKN004 OVC012 10/09 A2985 RMK SF5SC3 DENSITY ALT -190FT SLP110
CYAW,2025-12-01 13:00,-63.4994,44.6397,CYAW 011300Z 22014G24KT 4SM -RA BR BKN004 OVC012 10/09 A2985 RMK SF5SC3 DENSITY ALT -190FT SLP110
CYAW,2025-12-01 13:44,-63.4994,44.6397,CYAW 011344Z 26014G26KT 10SM -RA FEW004 SCT012 OVC025 09/07 A2986 RMK SF2SF1SC5 DENSITY ALT -343FT SLP115
CYAW,2025-12-01 14:00,-63.4994,44.6397,CYAW 011400Z 28014G22KT 10SM -RA FEW012 BKN028 OVC100 09/07 A2986 RMK SC2SC3AC3 DENSITY ALT -356FT PCPN VRY LGT SLP114
CYAW,2025-12-01 14:17,-63.4994,44.6397,CYAW 011417Z 27012G18KT 15SM SCT011 BKN020 OVC100 09/07 A2987 RMK SF3SC2AC3 DENSITY ALT -392FT SLP116
CYAW,2025-12-01 15:00,-63.4994,44.6397,CYAW 011500Z 27014G22KT 15SM FEW014 FEW020 SCT100 OVC240 09/05 A2987 RMK SF1SC1AC3CI4 DENSITY ALT -421FT SLP116
CYAW,2025-12-01 16:00,-63.4994,44.6397,CYAW 011600Z 28013G19KT 15SM SCT025 BKN240 09/04 A2987 RMK SC4CI3 DENSITY ALT -440FT SLP118
CYAW,2025-12-01 16:22,-63.4994,44.6397,CYAW 011622Z 32015G26KT 250V340 10SM -SHRA SCT012 BKN020 OVC240 06/04 A2989 RMK SF4SC2CI2 DENSITY ALT -726FT SLP123
CYAW,2025-12-01 16:44,-63.4994,44.6397,CYAW 011644Z 29011G16KT 15SM SCT010 BKN020 BKN240 07/04 A2988 RMK SF3SC2CI2 DENSITY ALT -652FT SLP119
CYAW,2025-12-01 17:00,-63.4994,44.6397,CYAW 011700Z 30012G18KT 15SM FEW010 SCT020 BKN240 08/04 A2988 RMK SF1SC3CI3 CU ASOCTD DENSITY ALT -542FT SLP120
CYAW,2025-12-01 18:00,-63.4994,44.6397,CYAW 011800Z CCA 29014G25KT 12SM -SHRA SCT018 BKN030 OVC240 06/04 A2990 RMK SC3SC4CI1 CU ASOCTD DENSITY ALT -787FT SLP127
CYAW,2025-12-01 18:18,-63.4994,44.6397,CYAW 011818Z 30010G15KT 15SM FEW018 SCT030 SCT068 BKN240 06/04 A2991 RMK CU1SC3AC1CI3 DENSITY ALT -762FT SLP129
CYAW,2025-12-01 19:00,-63.4994,44.6397,CYAW 011900Z 29014KT 15SM FEW018 SCT024 SCT068 BKN240 07/03 A2992 RMK CU1SC2AC1CI4 DENSITY ALT -741FT SLP134
CYAW,2025-12-01 20:00,-63.4994,44.6397,CYAW 012000Z 29015G25KT 15SM SCT030 SCT068 BKN240 06/01 A2996 RMK SC3AC1CI3 CU ASOCTD DENSITY ALT -927FT SLP148
CYAW,2025-12-01 21:00,-63.4994,44.6397,CYAW 012100Z 31013G23KT 15SM FEW030 SCT055 BKN240 04/01 A3001 RMK SC1SC2CI2 DENSITY ALT -1170FT SLP162
CYAW,2025-12-01 22:00,-63.4994,44.6397,CYAW 012200Z 31009KT 15SM FEW055 FEW240 03/01 A3005 RMK SC1CI1 DENSITY ALT -1329FT SLP178
CYAW,2025-12-01 22:26,-63.4994,44.6397,CYAW 012226Z 31018G24KT 15SM FEW020 BKN050 BKN240 03/00 A3007 RMK SC2SC4CI1 DENSITY ALT -1331FT LAST OBS /NEXT 021100 UTC SLP184
CYAW,2025-12-02 11:00,-63.4994,44.6397,CYAW 021100Z 03002KT 15SM FEW030 SCT210 M06/M08 A3030 RMK SC1CI4 DENSITY ALT -2841FT FST OBS SLP262
CYAW,2025-12-02 12:00,-63.4994,44.6397,CYAW 021200Z 05005KT 15SM FEW030 FEW100 BKN210 M06/M08 A3029 RMK SC1AC1CI7 DENSITY ALT -2789FT SLP260
CYAW,2025-12-02 13:00,-63.4994,44.6397,CYAW 021300Z 05004KT 010V070 15SM FEW026 FEW100 BKN210 M04/M07 A3029 RMK SC1AC1CI5 DENSITY ALT -2526FT SLP259
CYAW,2025-12-02 14:00,-63.4994,44.6397,CYAW 021400Z 07004KT 360V100 15SM BKN027 OVC220 M02/M06 A3031 RMK SC6CI2 DENSITY ALT -2337FT SLP266
CYAW,2025-12-02 15:00,-63.4994,44.6397,CYAW 021500Z 07005KT 15SM BKN027 OVC220 M01/M04 A3028 RMK SC7CI1 DENSITY ALT -2142FT SLP257
CYAW,2025-12-02 16:00,-63.4994,44.6397,CYAW 021600Z 16010KT 150V210 15SM BKN025 OVC220 02/M03 A3024 RMK SC7CI1 DENSITY ALT -1718FT SLP241
CYAW,2025-12-02 17:00,-63.4994,44.6397,CYAW 021700Z 16009KT 130V200 15SM FEW025 BKN037 BKN130 OVC220 03/M01 A3019 RMK SC2SC4AC1CI1 DENSITY ALT -1591FT SLP226
CYAW,2025-12-02 18:00,-63.4994,44.6397,CYAW 021800Z 15009KT 110V170 15SM BKN040 OVC130 03/M01 A3015 RMK SC5AS3 DENSITY ALT -1441FT SLP213
CYAW,2025-12-02 18:51,-63.4994,44.6397,CYAW 021851Z 15004KT 15SM -SHRA SCT018 BKN025 OVC130 04/00 A3015 RMK SC3SC4AS1 DENSITY ALT -1409FT SLP214
CYAW,2025-12-02 19:00,-63.4994,44.6397,CYAW 021900Z 17005KT 140V200 15SM -SHRA FEW018 OVC025 04/01 A3016 RMK SC2SC6 DENSITY ALT -1392FT SLP214
CYAW,2025-12-02 19:54,-63.4994,44.6397,CYAW 021954Z 19004KT 140V210 12SM -SHRA OVC015 04/01 A3014 RMK SC8 DENSITY ALT -1357FT LAST OBS /NEXT 031100 UTC SLP208
CYAW,2025-12-03 11:00,-63.4994,44.6397,CYAW 031100Z 35020G25KT 1 1/2SM RA BR SCT004 OVC009 01/01 A2929 RMK SF4NS4 DENSITY ALT -667FT FST OBS SLP919
CYAW,2025-12-03 11:29,-63.4994,44.6397,CYAW 031129Z 36021G31KT 2SM -RA BR SCT007 OVC022 01/01 A2928 RMK SF3NS5 DENSITY ALT -708FT SLP917
CYAW,2025-12-03 11:53,-63.4994,44.6397,CYAW 031153Z 36025G35KT 2SM -SNPL BR SCT010 OVC025 01/01 A2929 RMK SF3SC5 DENSITY ALT -720FT SLP920
CYAW,2025-12-03 12:00,-63.4994,44.6397,CYAW 031200Z 36026G36KT 2 1/2SM -SNPL BR SCT010 OVC025 01/01 A2929 RMK SF3SC5 DENSITY ALT -707FT SLP921
CYAW,2025-12-03 12:17,-63.4994,44.6397,CYAW 031217Z 36021G30KT 5SM -PL BR FEW015 OVC028 01/01 A2931 RMK SF2NS6 DENSITY ALT -717FT SLP926
CYAW,2025-12-03 12:41,-63.4994,44.6397,CYAW 031241Z 01021G32KT 340V040 6SM -RA FEW013 OVC038 01/01 A2932 RMK SF2SC6 DENSITY ALT -703FT PCPN VRY LGT SLP930
CYAW,2025-12-03 13:00,-63.4994,44.6397,CYAW 031300Z 36021G31KT 8SM -RAPL FEW013 OVC038 01/01 A2934 RMK SF2SC6 DENSITY ALT -739FT SLP939
CYAW,2025-12-03 13:10,-63.4994,44.6397,CYAW 031310Z 36021G33KT 6SM -SN SCT011 OVC023 01/01 A2936 RMK SF3SC5 DENSITY ALT -776FT PRESRR SLP945
CYAW,2025-12-03 13:27,-63.4994,44.6397,CYAW 031327Z 35017G29KT 1 1/2SM -SN OVC025 01/01 A2937 RMK SN5SC3 DENSITY ALT -814FT VIS VRB 1-2 PRESRR SLP949
CYAW,2025-12-03 13:44,-63.4994,44.6397,CYAW 031344Z 36018G26KT 8SM -SN FEW012 OVC025 01/01 A2938 RMK SF2SC6 DENSITY ALT -786FT SLP952
CYAW,2025-12-03 14:00,-63.4994,44.6397,CYAW 031400Z 36020G31KT 6SM -SN BR FEW013 OVC028 01/01 A2940 RMK SF2SC6 DENSITY ALT -822FT SLP958
CYAW,2025-12-03 15:00,-63.4994,44.6397,CYAW 031500Z 35018G28KT 8SM -SN SCT013 OVC024 01/01 A2946 RMK SF3SC5 DENSITY ALT -866FT PRESRR SLP979
CYAW,2025-12-03 15:23,-63.4994,44.6397,CYAW 031523Z 34018G28KT 15SM SCT013 OVC025 02/02 A2949 RMK SF3SC5 DENSITY ALT -849FT PRESRR SLP988
CYAW,2025-12-03 16:00,-63.4994,44.6397,CYAW 031600Z 35020G31KT 15SM FEW013 BKN100 02/02 A2951 RMK SF2AC5 DENSITY ALT -819FT SLP995
CYAW,2025-12-03 17:00,-63.4994,44.6397,CYAW 031700Z 34018G28KT 15SM BKN021 BKN140 03/01 A2958 RMK SC5AC2 DENSITY ALT -822FT PRESRR SLP018
CYAW,2025-12-03 18:00,-63.4994,44.6397,CYAW 031800Z 35017G25KT 310V010 15SM OVC020 03/00 A2964 RMK SC8 DENSITY ALT -881FT PRESRR SLP038
CYAW,2025-12-03 18:36,-63.4994,44.6397,CYAW 031836Z 34020G30KT 15SM -SHRA BKN018 BKN024 03/00 A2968 RMK SC5SC2 DENSITY ALT -967FT PRESRR PCPN VRY LGT SLP051
CYAW,2025-12-03 18:47,-63.4994,44.6397,CYAW 031847Z 33017G30KT 15SM -SHRASN SCT016 BKN024 02/00 A2970 RMK SC4SC2 DENSITY ALT -1028FT PRESRR SLP058
CYAW,2025-12-03 19:00,-63.4994,44.6397,CYAW 031900Z 34019G26KT 15SM SCT016 BKN024 03/M00 A2971 RMK SC3SC2 DENSITY ALT -1030FT PRESRR SLP063
CYAW,2025-12-03 20:00,-63.4994,44.6397,CYAW 032000Z 33015G23KT 15SM SCT024 BKN032 02/M01 A2977 RMK SC4SC1 DENSITY ALT -1191FT PRESRR SLP084
CYAW,2025-12-03 21:00,-63.4994,44.6397,CYAW 032100Z 33013G19KT 15SM SCT018 BKN030 01/M01 A2981 RMK SC3SC2 DENSITY ALT -1365FT SLP097
CYAW,2025-12-03 22:00,-63.4994,44.6397,CYAW 032200Z 33015G20KT 15SM SCT018 BKN024 01/M02 A2986 RMK SC3SC4 DENSITY ALT -1415FT SLP114
CYAW,2025-12-03 23:00,-63.4994,44.6397,CYAW 032300Z 33015G20KT 15SM BKN020 00/M03 A2990 RMK SC7 DENSITY ALT -1543FT SLP128
CYAW,2025-12-03 23:20,-63.4994,44.6397,CYAW 032320Z 33015KT 15SM BKN018 00/M03 A2991 RMK SC7 DENSITY ALT -1582FT LAST OBS /NEXT 041100 UTC SLP130
CYAW,2025-12-04 11:00,-63.4994,44.6397,CYAW 041100Z 05002KT 15SM FEW025 BKN130 M01/M02 A2995 RMK SC1AC7 DENSITY ALT -1737FT FST OBS SLP144
CYAW,2025-12-04 12:00,-63.4994,44.6397,CYAW 041200Z 18002KT 15SM SCT028 BKN043 BKN130 M01/M02 A2995 RMK SC4SC2AC1 DENSITY ALT -1722FT SLP144
CYAW,2025-12-04 13:00,-63.4994,44.6397,CYAW 041300Z 21006KT 180V240 15SM SCT024 BKN040 BKN130 03/M00 A2992 RMK SC4SC3AC1 DENSITY ALT -1259FT SLP136
CYAW,2025-12-04 13:46,-63.4994,44.6397,CYAW 041346Z 21009KT 6SM -DZ BR BKN020 OVC038 03/01 A2991 RMK SC5SC3 DENSITY ALT -1228FT SLP130
CYAW,2025-12-04 14:00,-63.4994,44.6397,CYAW 041400Z 20008KT 6SM -DZ BR FEW013 BKN020 OVC036 03/01 A2990 RMK SF1SC5SC2 DENSITY ALT -1202FT SLP128
CYAW,2025-12-04 14:22,-63.4994,44.6397,CYAW 041422Z 20006KT 15SM FEW011 BKN028 OVC050 03/02 A2989 RMK SF2SC4SC2 DENSITY ALT -1137FT SLP124
CYAW,2025-12-04 15:00,-63.4994,44.6397,CYAW 041500Z 20007KT 160V220 15SM FEW023 BKN048 OVC080 04/02 A2985 RMK SC2SC3AC3 DENSITY ALT -950FT SLP111
CYAW,2025-12-04 16:00,-63.4994,44.6397,CYAW 041600Z 20008G15KT 15SM SCT023 BKN050 BKN090 05/03 A2979 RMK SC3SC4AC1 DENSITY ALT -755FT PRESFR SLP089
CYAW,2025-12-04 17:00,-63.4994,44.6397,CYAW 041700Z 23009G23KT 190V250 5SM -SHRA BR BKN019 BKN050 OVC090 05/03 A2974 RMK SC6SC1AC1 DENSITY ALT -705FT SLP074
CYAW,2025-12-04 18:00,-63.4994,44.6397,CYAW 041800Z 23011G18KT 10SM -SHRA FEW010 SCT018 OVC028 05/03 A2971 RMK SF1SC2SC5 DENSITY ALT -744FT SLP062
CYAW,2025-12-04 18:48,-63.4994,44.6397,CYAW 041848Z 23008G19KT 12SM -DZ FEW009 BKN025 OVC045 05/03 A2969 RMK SF1SC5SC3 DENSITY ALT -696FT SLP056
CYAW,2025-12-04 19:00,-63.4994,44.6397,CYAW 041900Z 22005G15KT 190V300 15SM -DZ FEW025 SCT045 OVC070 05/03 A2968 RMK SC2SC1AC5 DENSITY ALT -683FT SLP053
CYAW,2025-12-04 19:40,-63.4994,44.6397,CYAW 041940Z 23012G17KT 15SM FEW030 SCT055 OVC070 05/02 A2967 RMK SC2SC2AC4 DENSITY ALT -619FT SLP048
CYAW,2025-12-04 20:00,-63.4994,44.6397,CYAW 042000Z 24013G24KT 210V270 12SM -SHRA SCT025 BKN040 OVC070 05/01 A2966 RMK SC3SC2AC3 DENSITY ALT -713FT PCPN VRY LGT SLP046
CYAW,2025-12-04 20:19,-63.4994,44.6397,CYAW 042019Z 24008G15KT 12SM SCT035 SCT060 OVC070 04/00 A2965 RMK SC3SC1AC4 DENSITY ALT -792FT SLP043
CYAW,2025-12-04 21:00,-63.4994,44.6397,CYAW 042100Z 23007KT 170V270 12SM SCT028 BKN060 OVC090 04/01 A2962 RMK SC3SC2AC3 DENSITY ALT -718FT SLP033
CYAW,2025-12-04 21:29,-63.4994,44.6397,CYAW 042129Z 24012G17KT 10SM -SHRA BKN018 BKN025 OVC090 04/02 A2961 RMK SC5SC2AC1 DENSITY ALT -672FT SLP029
CYAW,2025-12-04 22:00,-63.4994,44.6397,CYAW 042200Z 24010G18KT 10SM -SHRA BKN018 OVC040 04/03 A2960 RMK SC5SC3 DENSITY ALT -695FT SLP024
CYAW,2025-12-04 22:49,-63.4994,44.6397,CYAW 042249Z 24011G19KT 8SM BKN018 OVC030 04/02 A2958 RMK SC6SC2 DENSITY ALT -687FT SLP018
CYAW,2025-12-04 23:00,-63.4994,44.6397,CYAW 042300Z 26013G21KT 190V300 8SM -DZ BKN015 OVC024 04/02 A2957 RMK SC5SC3 DENSITY ALT -700FT LAST OBS /NEXT 051100 UTC SLP017
CYAW,2025-12-05 11:00,-63.4994,44.6397,CYAW 051100Z 30020G30KT 15SM SCT025 M12/M16 A2999 RMK SC3 DENSITY ALT -3313FT FST OBS SLP159
CYAW,2025-12-05 12:00,-63.4994,44.6397,CYAW 051200Z 31013G27KT 15SM SCT019 M12/M15 A3003 RMK SC3 DENSITY ALT -3289FT SLP173
CYAW,2025-12-05 13:00,-63.4994,44.6397,CYAW 051300Z 30016G22KT 15SM FEW021 M10/M14 A3005 RMK SC2 DENSITY ALT -3136FT SLP180
CYAW,2025-12-05 14:00,-63.4994,44.6397,CYAW 051400Z 30016G26KT 15SM FEW020 M09/M13 A3007 RMK SC1 DENSITY ALT -2972FT SLP185
CYAW,2025-12-05 15:00,-63.4994,44.6397,CYAW 051500Z 31017G23KT 15SM FEW022 M07/M13 A3010 RMK SC1 DENSITY ALT -2794FT SLP195
CYAW,2025-12-05 16:00,-63.4994,44.6397,CYAW 051600Z 30016G25KT 15SM FEW020 M07/M13 A3009 RMK SC1 DENSITY ALT -2704FT SLP194
CYAW,2025-12-05 17:00,-63.4994,44.6397,CYAW 051700Z 31016G23KT 15SM FEW025 M06/M13 A3010 RMK SC1 DENSITY ALT -2570FT SLP196
CYAW,2025-12-05 18:00,-63.4994,44.6397,CYAW 051800Z 30015KT 260V320 15SM FEW025 M05/M12 A3011 RMK SC1 DENSITY ALT -2529FT SLP200
CYAW,2025-12-05 19:00,-63.4994,44.6397,CYAW 051900Z 29017G25KT 15SM FEW025 M06/M14 A3012 RMK SC1 DENSITY ALT -2623FT SLP203
CYAW,2025-12-05 20:00,-63.4994,44.6397,CYAW 052000Z 29014KT 15SM FEW025 M06/M13 A3013 RMK SC1 DENSITY ALT -2686FT LAST OBS /NEXT 081100 UTC SLP206
CYAW,2025-12-08 11:00,-63.4994,44.6397,CYAW 081100Z 05005KT 010V080 4SM -SN SCT012 OVC019 M04/M05 A2975 RMK SC3SC5 DENSITY ALT -1982FT FST OBS SLP076
CYAW,2025-12-08 11:37,-63.4994,44.6397,CYAW 081137Z 06007KT 020V080 1SM -SN SCT008 OVC014 M04/M05 A2970 RMK SF3SC5 DENSITY ALT -1911FT VIS VRB 3/4-1 1/2 PRESFR SLP062
CYAW,2025-12-08 12:00,-63.4994,44.6397,CYAW 081200Z 07006KT 020V080 4SM -SN FEW008 SCT015 BKN100 M04/M05 A2968 RMK SF2SC2AC3 DENSITY ALT -1900FT PRESFR SLP054
CYAW,2025-12-08 13:00,-63.4994,44.6397,CYAW 081300Z 01005KT 350V060 1SM -SN SCT008 OVC012 M03/M04 A2967 RMK SF3SC5 DENSITY ALT -1769FT VIS VRB 3/4-1 1/2 SLP051
CYAW,2025-12-08 13:33,-63.4994,44.6397,CYAW 081333Z 35008KT 280V030 8SM -SN SCT010 OVC016 M03/M05 A2968 RMK SF4SC4 DENSITY ALT -1782FT SLP054
CYAW,2025-12-08 14:00,-63.4994,44.6397,CYAW 081400Z 35012KT 1 1/2SM -SN DRSN FEW008 OVC015 M05/M06 A2969 RMK SF2SC6 DENSITY ALT -1942FT VIS VRB 1-2 SLP058
CYAW,2025-12-08 14:26,-63.4994,44.6397,CYAW 081426Z 01011G16KT 320V040 8SM -SN DRSN FEW010 OVC020 M05/M06 A2970 RMK SF2SC6 DENSITY ALT -1955FT SLP060
CYAW,2025-12-08 15:00,-63.4994,44.6397,CYAW 081500Z 35012G17KT 12SM -SHSN DRSN SCT013 OVC020 M04/M07 A2970 RMK SC4SC4 DENSITY ALT -1931FT SLP062
CYAW,2025-12-08 15:22,-63.4994,44.6397,CYAW 081522Z 35017G25KT 1 1/2SM -SHSN BLSN SCT013 OVC020 M05/M08 A2972 RMK SC4SC4 DENSITY ALT -2048FT VIS VRB 1-2 SLP067
CYAW,2025-12-08 15:34,-63.4994,44.6397,CYAW 081534Z 33019G26KT 1/2SM -SHSN BLSN OVC010 M05/M08 A2973 RMK SN4SF4 DENSITY ALT -2112FT VIS VRB 3/8-5/8 SLP070
CYAW,2025-12-08 16:00,-63.4994,44.6397,CYAW 081600Z 33022G28KT 1/4SM SN +BLSN VV006 M06/M08 A2975 RMK SN8 DENSITY ALT -2189FT VIS VRB 0-1/2 SLP077
CYAW,2025-12-08 16:22,-63.4994,44.6397,CYAW 081622Z 33024G33KT 3/4SM -SN BLSN BKN013 OVC020 M07/M09 A2977 RMK SC5SC3 DENSITY ALT -2309FT VIS VRB 1/2-1 SLP083
CYAW,2025-12-08 16:43,-63.4994,44.6397,CYAW 081643Z 34017G30KT 4SM -SN BLSN SCT010 OVC017 M07/M10 A2978 RMK SF3SC5 DENSITY ALT -2335FT SLP089
CYAW,2025-12-08 17:00,-63.4994,44.6397,CYAW 081700Z 32015G23KT 12SM -SHSN DRSN FEW020 BKN063 M06/M10 A2979 RMK SC2SC5 DENSITY ALT -2254FT PCPN VRY LGT SLP092
CYAW,2025-12-08 18:00,-63.4994,44.6397,CYAW 081800Z 34020G28KT 12SM -SHSN DRSN BKN020 BKN050 M07/M11 A2983 RMK SC5SC2 DENSITY ALT -2398FT PCPN VRY LGT SLP104
CYAW,2025-12-08 19:00,-63.4994,44.6397,CYAW 081900Z 32022G27KT 12SM -SHSN DRSN BKN018 BKN030 M08/M12 A2987 RMK SC5SC2 DENSITY ALT -2629FT SLP118
CYAW,2025-12-08 20:00,-63.4994,44.6397,CYAW 082000Z 32016G25KT 15SM -SHSN BKN030 M08/M13 A2990 RMK SC5 DENSITY ALT -2654FT PCPN VRY LGT SLP128
CYAW,2025-12-08 20:13,-63.4994,44.6397,CYAW 082013Z 31021G27KT 15SM DRSN BKN030 M08/M14 A2991 RMK SC5 DENSITY ALT -2695FT SLP131
CYAW,2025-12-08 21:00,-63.4994,44.6397,CYAW 082100Z 32015G27KT 280V340 15SM DRSN SCT030 M09/M14 A2993 RMK SC3 DENSITY ALT -2783FT SLP140
CYAW,2025-12-08 22:00,-63.4994,44.6397,CYAW 082200Z 32016G23KT 15SM FEW022 M09/M14 A2996 RMK SC2 DENSITY ALT -2885FT SLP151
CYAW,2025-12-08 23:00,-63.4994,44.6397,CYAW 082300Z 32014G19KT 15SM FEW022 M10/M14 A3000 RMK SC2 DENSITY ALT -3012FT LAST OBS /NEXT 091100 UTC SLP163
CYAW,2025-12-09 11:00,-63.4994,44.6397,CYAW 091100Z 30011KT 15SM FEW020 FEW250 M10/M12 A3005 RMK SC1CI1 DENSITY ALT -3051FT FST OBS SLP178
CYAW,2025-12-09 12:00,-63.4994,44.6397,CYAW 091200Z 32008KT 15SM FEW020 FEW250 M11/M13 A3005 RMK SC1CI1 DENSITY ALT -3174FT SLP179
CYAW,2025-12-09 13:00,-63.4994,44.6397,CYAW 091300Z 32008KT 15SM FEW020 FEW250 M08/M12 A3006 RMK SC1CI1 DENSITY ALT -2891FT SLP182
CYAW,2025-12-09 14:00,-63.4994,44.6397,CYAW 091400Z 30011G16KT 15SM FEW020 FEW250 M06/M12 A3006 RMK SC1CI1 DENSITY ALT -2602FT SLP184
CYAW,2025-12-09 15:00,-63.4994,44.6397,CYAW 091500Z 28010G15KT 15SM FEW020 FEW250 M05/M13 A3007 RMK SC1CI1 DENSITY ALT -2432FT SLP187
CYAW,2025-12-09 16:00,-63.4994,44.6397,CYAW 091600Z 28009KT 260V320 15SM FEW020 FEW250 M03/M14 A3005 RMK SC1CI1 DENSITY ALT -2218FT SLP180
CYAW,2025-12-09 17:00,-63.4994,44.6397,CYAW 091700Z 29013G19KT 15SM FEW020 FEW250 M03/M17 A3004 RMK SC1CI1 DENSITY ALT -2134FT SLP175
CYAW,2025-12-09 18:00,-63.4994,44.6397,CYAW 091800Z 27013G27KT 260V320 15SM FEW020 M03/M16 A3004 RMK SC1 DENSITY ALT -2158FT LAST OBS /NEXT 101100 UTC SLP175
CYAW,2025-12-10 11:00,-63.4994,44.6397,CYAW 101100Z 13004KT 1 1/2SM -SN OVC004 M02/M03 A2991 RMK SN4SF4 DENSITY ALT -1873FT VIS VRB 1-2 FST OBS SLP133
CYAW,2025-12-10 11:24,-63.4994,44.6397,CYAW 101124Z 16004KT 140V200 5SM -SN OVC006 M00/M01 A2990 RMK SF8 DENSITY ALT -1607FT SLP127
CYAW,2025-12-10 11:41,-63.4994,44.6397,CYAW 101141Z 15004KT 12SM BKN006 OVC030 M00/M01 A2989 RMK SF5SC3 DENSITY ALT -1622FT SLP126
CYAW,2025-12-10 12:00,-63.4994,44.6397,CYAW 101200Z 18003KT 140V210 10SM -SN SCT006 OVC014 00/00 A2989 RMK SF4SC4 DENSITY ALT -1502FT SLP123
CYAW,2025-12-10 12:23,-63.4994,44.6397,CYAW 101223Z 21013G18KT 15SM SCT010 BKN015 OVC130 02/01 A2988 RMK SF3SC2AC3 DENSITY ALT -1347FT SLP120
CYAW,2025-12-10 13:00,-63.4994,44.6397,CYAW 101300Z 20010G17KT 15SM SCT020 SCT050 OVC130 03/00 A2986 RMK SC3SC1AC4 DENSITY ALT -1187FT SLP115
CYAW,2025-12-10 14:00,-63.4994,44.6397,CYAW 101400Z 21011G18KT 15SM FEW020 SCT040 BKN070 04/M00 A2983 RMK SC2SC2AC3 DENSITY ALT -979FT SLP105
CYAW,2025-12-10 15:00,-63.4994,44.6397,CYAW 101500Z 21016G25KT 15SM BKN025 BKN034 OVC070 05/01 A2980 RMK SC5SC2AC1 DENSITY ALT -778FT SLP094
CYAW,2025-12-10 16:00,-63.4994,44.6397,CYAW 101600Z 22011G21KT 15SM BKN025 BKN120 06/02 A2977 RMK SC5AC2 DENSITY ALT -611FT SLP082
CYAW,2025-12-10 17:00,-63.4994,44.6397,CYAW 101700Z 22014G21KT 15SM OVC018 07/03 A2975 RMK SC8 DENSITY ALT -532FT SLP076
CYAW,2025-12-10 17:28,-63.4994,44.6397,CYAW 101728Z 22015G25KT 190V250 15SM -SHRA OVC018 07/03 A2974 RMK SC8 DENSITY ALT -543FT SLP073
CYAW,2025-12-10 18:00,-63.4994,44.6397,CYAW 101800Z 21017KT 15SM -SHRA OVC018 06/04 A2973 RMK SC8 DENSITY ALT -555FT SLP068
CYAW,2025-12-10 18:48,-63.4994,44.6397,CYAW 101848Z 22012G21KT 15SM FEW018 BKN035 BKN120 BKN230 07/04 A2973 RMK SC2SC3AC2CI1 DENSITY ALT -430FT SLP070
CYAW,2025-12-10 19:00,-63.4994,44.6397,CYAW 101900Z 21011G20KT 15SM SCT020 BKN042 BKN120 BKN230 07/04 A2974 RMK SC3SC2AC2CI1 DENSITY ALT -516FT SLP071
CYAW,2025-12-10 20:00,-63.4994,44.6397,CYAW 102000Z 21011G18KT 12SM FEW020 BKN045 BKN120 BKN230 06/04 A2973 RMK SC2SC4AC1CI1 DENSITY ALT -551FT SLP069
CYAW,2025-12-10 21:00,-63.4994,44.6397,CYAW 102100Z 21009KT 15SM SCT040 SCT120 BKN230 05/04 A2973 RMK SC4AC1CI2 DENSITY ALT -690FT SLP070
CYAW,2025-12-10 22:00,-63.4994,44.6397,CYAW 102200Z 19008KT 160V220 15SM SCT040 SCT120 BKN230 06/05 A2971 RMK SC3AC1CI2 DENSITY ALT -609FT SLP064
CYAW,2025-12-10 23:00,-63.4994,44.6397,CYAW 102300Z 19006KT 15SM FEW040 BKN075 OVC120 06/04 A2970 RMK SC2AC4AC2 DENSITY ALT -613FT SLP060
CYAW,2025-12-11 00:00,-63.4994,44.6397,CYAW 110000Z 20004KT 15SM BKN028 BKN090 BKN220 06/04 A2968 RMK SC5AC1CI1 DENSITY ALT -581FT LAST OBS /NEXT 121100 UTC SLP053
CYAW,2025-12-12 11:00,-63.4994,44.6397,CYAW 121100Z 27015G27KT 15SM FEW030 M05/M10 A2934 RMK SC1 DENSITY ALT -1596FT FST OBS SLP937
CYAW,2025-12-12 12:00,-63.4994,44.6397,CYAW 121200Z 27019G25KT 15SM FEW028 SCT035 SCT240 M05/M10 A2934 RMK SC1SC3CI1 DENSITY ALT -1556FT SLP940
CYAW,2025-12-12 13:00,-63.4994,44.6397,CYAW 121300Z 27025G33KT 15SM SCT030 SCT120 SCT240 M04/M10 A2935 RMK SC3AC1CI1 DENSITY ALT -1531FT SLP941
CYAW,2025-12-12 14:00,-63.4994,44.6397,CYAW 121400Z 27022G30KT 15SM BKN030 BKN240 M04/M09 A2936 RMK SC5CI1 DENSITY ALT -1476FT SLP945
CYAW,2025-12-12 14:41,-63.4994,44.6397,CYAW 121441Z 27018G24KT 15SM -SHSN BKN030 BKN042 M03/M08 A2937 RMK SC5SC1 DENSITY ALT -1394FT SLP947
CYAW,2025-12-12 15:00,-63.4994,44.6397,CYAW 121500Z 28017G26KT 15SM -SHSN BKN025 BKN038 M03/M08 A2936 RMK SC5SC2 DENSITY ALT -1354FT SLP945
CYAW,2025-12-12 15:21,-63.4994,44.6397,CYAW 121521Z 26020G30KT 230V290 15SM -SHSN BKN025 BKN038 M02/M08 A2935 RMK SC5SC2 DENSITY ALT -1242FT LAST OBS /NEXT 141100 UTC SLP942
CYAW,2025-12-14 11:00,-63.4994,44.6397,CYAW 141100Z 36003KT 10SM -SHRA BKN018 OVC030 01/01 A2994 RMK SC6SC2 DENSITY ALT -1493FT FST OBS SLP142
CYAW,2025-12-14 11:17,-63.4994,44.6397,CYAW 141117Z 34003KT 10SM -SHRASN SCT018 OVC025 01/00 A2994 RMK SC3SC5 DENSITY ALT -1520FT SLP141
CYAW,2025-12-14 11:40,-63.4994,44.6397,CYAW 141140Z CCA 34003KT 3SM -SHRASN BKN010 OVC022 01/00 A2993 RMK SF6SC2 DENSITY ALT -1535FT SLP140
CYAW,2025-12-14 12:00,-63.4994,44.6397,CYAW 141200Z 34002KT 2 1/2SM -SHRASN BKN010 OVC018 00/00 A2993 RMK SF6SC2 DENSITY ALT -1548FT SLP139
CYAW,2025-12-14 12:19,-63.4994,44.6397,CYAW 141219Z CCA 01003KT 2SM -RASN BKN010 OVC018 00/M00 A2993 RMK SF7SC1 DENSITY ALT -1561FT VIS VRB 1 1/2-2 1/2 SLP137
CYAW,2025-12-14 13:00,-63.4994,44.6397,CYAW 141300Z 02002KT 2SM -SN OVC018 00/M00 A2992 RMK SN5SC3 DENSITY ALT -1562FT SLP135
CYAW,2025-12-14 13:48,-63.4994,44.6397,CYAW 141348Z 02002KT 2 1/2SM -RASN BKN014 OVC025 00/00 A2991 RMK SC6SC2 DENSITY ALT -1537FT SLP131
CYAW,2025-12-14 14:00,-63.4994,44.6397,CYAW 141400Z 01002KT 2 1/2SM -RASN BKN014 OVC025 00/00 A2991 RMK SC6SC2 DENSITY ALT -1537FT SLP131
CYAW,2025-12-14 14:31,-63.4994,44.6397,CYAW 141431Z 33004KT 2 1/2SM -RASN OVC008 01/00 A2991 RMK ST8 DENSITY ALT -1498FT SLP130
CYAW,2025-12-14 15:00,-63.4994,44.6397,CYAW 141500Z 35004KT 2 1/2SM -RASN BKN008 OVC018 01/00 A2988 RMK ST7SC1 DENSITY ALT -1463FT SLP120
CYAW,2025-12-14 15:48,-63.4994,44.6397,CYAW 141548Z 34004KT 2SM -SN OVC004 01/00 A2986 RMK ST8 DENSITY ALT -1440FT SLP115
CYAW,2025-12-14 16:00,-63.4994,44.6397,CYAW 141600Z CCA 33006KT 2SM -SN BKN005 OVC014 01/00 A2986 RMK ST6SC2 DENSITY ALT -1426FT LAST OBS /NEXT 151100 UTC SLP114
CYAW,2025-12-15 11:00,-63.4994,44.6397,CYAW 151100Z 33013G21KT 10SM -SHSN SCT014 BKN020 OVC140 M04/M06 A2947 RMK SC3SC4AC1 DENSITY ALT -1580FT FST OBS SLP980
CYAW,2025-12-15 12:00,-63.4994,44.6397,CYAW 151200Z 33015KT 12SM -SHSN DRSN BKN030 BKN130 M05/M07 A2949 RMK SC5AC1 DENSITY ALT -1724FT SLP989
CYAW,2025-12-15 12:46,-63.4994,44.6397,CYAW 151246Z 33015G24KT 2 1/2SM -SHSN BLSN OVC008 M04/M06 A2951 RMK SN7SF1 DENSITY ALT -1706FT SLP996
CYAW,2025-12-15 13:00,-63.4994,44.6397,CYAW 151300Z 32017G23KT 8SM -SHSN FEW010 BKN025 BKN040 M05/M07 A2952 RMK SF1SC5SC1 DENSITY ALT -1746FT VIS LWR S SLP999
CYAW,2025-12-15 14:00,-63.4994,44.6397,CYAW 151400Z 31023G29KT 12SM -SHSN DRSN FEW018 BKN025 M05/M08 A2955 RMK SC2SC5 DENSITY ALT -1864FT SLP008
CYAW,2025-12-15 15:00,-63.4994,44.6397,CYAW 151500Z 32019G33KT 15SM -SHSN DRSN SCT025 SCT160 M05/M10 A2954 RMK SC4AC1 DENSITY ALT -1883FT SLP007
CYAW,2025-12-15 15:51,-63.4994,44.6397,CYAW 151551Z 31018G25KT 3SM -SHSN BLSN BKN025 M05/M09 A2952 RMK SC7 DENSITY ALT -1858FT SLP999
CYAW,2025-12-15 16:00,-63.4994,44.6397,CYAW 151600Z 32021G32KT 8SM -SHSN DRSN OVC025 M06/M10 A2952 RMK SC8 DENSITY ALT -1900FT VIS LWR SW QUAD SLP998
CYAW,2025-12-15 17:00,-63.4994,44.6397,CYAW 151700Z 32022G28KT 5SM -SHSN BLSN OVC023 M06/M10 A2953 RMK SC8 DENSITY ALT -2002FT SLP002
CYAW,2025-12-15 17:25,-63.4994,44.6397,CYAW 151725Z 32022G33KT 8SM -SHSN DRSN OVC028 M06/M11 A2952 RMK SC8 DENSITY ALT -2005FT SLP000
CYAW,2025-12-15 18:00,-63.4994,44.6397,CYAW 151800Z 31019G25KT 5SM -SHSN BLSN OVC024 M06/M10 A2953 RMK SC8 DENSITY ALT -2003FT VIS LWR S QUAD SLP003
CYAW,2025-12-15 18:27,-63.4994,44.6397,CYAW 151827Z 31022G29KT 10SM -SHSN DRSN OVC025 M06/M10 A2952 RMK SC8 DENSITY ALT -1992FT SLP001
CYAW,2025-12-15 19:00,-63.4994,44.6397,CYAW 151900Z 30016G26KT 1 1/2SM -SHSN BLSN OVC025 M06/M10 A2954 RMK SC8 DENSITY ALT -2000FT VIS VRB 1-2 SLP006
CYAW,2025-12-15 19:17,-63.4994,44.6397,CYAW 151917Z 30020G28KT 4SM -SHSN BLSN OVC020 M06/M10 A2954 RMK SC8 DENSITY ALT -2013FT VIS VRB 3-5 SLP007
CYAW,2025-12-15 20:00,-63.4994,44.6397,CYAW 152000Z 30022G35KT 10SM -SHSN DRSN OVC028 M07/M11 A2957 RMK SC8 DENSITY ALT -2078FT SLP015
CYAW,2025-12-15 21:00,-63.4994,44.6397,CYAW 152100Z 30018G27KT 15SM -SHSN DRSN OVC032 M06/M11 A2960 RMK SC8 DENSITY ALT -2100FT PCPN VRY LGT SLP027
CYAW,2025-12-15 21:43,-63.4994,44.6397,CYAW 152143Z 31018G27KT 15SM OVC030 M07/M10 A2961 RMK SC8 DENSITY ALT -2123FT SLP031
CYAW,2025-12-15 22:00,-63.4994,44.6397,CYAW 152200Z CCA 30020G28KT 260V330 15SM OVC032 M06/M10 A2962 RMK SC8 DENSITY ALT -2122FT LAST OBS /NEXT 161100 UTC SLP033
CYAW,2025-12-16 11:00,-63.4994,44.6397,CYAW 161100Z 30010G15KT 15SM FEW014 M08/M11 A2999 RMK SC1 DENSITY ALT -2820FT FST OBS SLP158
CYAW,2025-12-16 12:00,-63.4994,44.6397,CYAW 161200Z 29010KT 15SM FEW014 FEW120 M08/M11 A3001 RMK SC1AC1 DENSITY ALT -2843FT SLP167
CYAW,2025-12-16 13:00,-63.4994,44.6397,CYAW 161300Z 28009KT 250V310 15SM FEW014 FEW120 M07/M10 A3004 RMK SC1AC1 DENSITY ALT -2718FT SLP176
CYAW,2025-12-16 14:00,-63.4994,44.6397,CYAW 161400Z 31012G20KT 15SM FEW014 FEW120 M06/M10 A3006 RMK SC1AC1 DENSITY ALT -2544FT SLP183
CYAW,2025-12-16 15:00,-63.4994,44.6397,CYAW 161500Z 29010G18KT 15SM FEW014 M05/M10 A3006 RMK SC1 DENSITY ALT -2439FT SLP184
CYAW,2025-12-16 16:00,-63.4994,44.6397,CYAW 161600Z 29012KT 15SM FEW022 M04/M10 A3005 RMK SC1 DENSITY ALT -2257FT SLP180
CYAW,2025-12-16 17:00,-63.4994,44.6397,CYAW 161700Z 30009G16KT 15SM FEW025 M03/M09 A3005 RMK SC1 DENSITY ALT -2139FT SLP180
CYAW,2025-12-16 18:00,-63.4994,44.6397,CYAW 161800Z 28017KT 15SM FEW025 M02/M08 A3005 RMK SC2 DENSITY ALT -2047FT SLP180
CYAW,2025-12-16 19:00,-63.4994,44.6397,CYAW 161900Z 28014G21KT 15SM SCT025 SCT250 M02/M08 A3007 RMK SC3CI1 DENSITY ALT -2081FT SLP186
CYAW,2025-12-16 20:00,-63.4994,44.6397,CYAW 162000Z 27010KT 15SM FEW025 FEW250 M03/M07 A3009 RMK SC2CI1 DENSITY ALT -2179FT SLP194
CYAW,2025-12-16 21:00,-63.4994,44.6397,CYAW 162100Z 28012G17KT 15SM FEW025 FEW250 M03/M07 A3012 RMK SC1CI1 DENSITY ALT -2290FT SLP202
CYAW,2025-12-16 22:00,-63.4994,44.6397,CYAW 162200Z 27008KT 15SM FEW020 M03/M07 A3014 RMK SC1 DENSITY ALT -2315FT SLP210
CYAW,2025-12-16 23:00,-63.4994,44.6397,CYAW 162300Z 28012KT 15SM FEW020 M03/M08 A3015 RMK SC1 DENSITY ALT -2276FT SLP213
CYAW,2025-12-17 00:00,-63.4994,44.6397,CYAW 170000Z 27005KT 15SM FEW020 M04/M07 A3015 RMK SC1 DENSITY ALT -2364FT SLP213
CYAW,2025-12-17 00:50,-63.4994,44.6397,CYAW 170050Z 24004KT 210V310 15SM FEW020 FEW250 M04/M06 A3015 RMK SC1CI2 DENSITY ALT -2387FT LAST OBS /NEXT 171100 UTC SLP214
CYAW,2025-12-17 11:00,-63.4994,44.6397,CYAW 171100Z 22017G25KT 15SM BKN018 OVC035 04/02 A2995 RMK SC6SC2 DENSITY ALT -1069FT FST OBS SLP145
CYAW,2025-12-17 12:00,-63.4994,44.6397,CYAW 171200Z 22013G29KT 15SM BKN020 OVC035 05/02 A2994 RMK SC6SC2 DENSITY ALT -1031FT SLP142
CYAW,2025-12-17 13:00,-63.4994,44.6397,CYAW 171300Z 21017G24KT 170V240 15SM OVC025 05/02 A2993 RMK SC8 DENSITY ALT -943FT SLP138
CYAW,2025-12-17 14:00,-63.4994,44.6397,CYAW 171400Z 22018G24KT 180V240 15SM BKN018 OVC025 06/03 A2991 RMK SC5SC3 DENSITY ALT -853FT SLP132
CYAW,2025-12-17 15:00,-63.4994,44.6397,CYAW 171500Z 21016G29KT 15SM BKN016 OVC025 06/04 A2988 RMK SC5SC3 DENSITY ALT -764FT SLP121
CYAW,2025-12-17 16:00,-63.4994,44.6397,CYAW 171600Z 22017G28KT 15SM BKN016 OVC030 07/04 A2983 RMK SC6SC2 DENSITY ALT -607FT SLP104
CYAW,2025-12-17 17:00,-63.4994,44.6397,CYAW 171700Z 23020G29KT 15SM BKN025 BKN120 BKN250 08/02 A2979 RMK SC5AC1CI1 DENSITY ALT -460FT SLP090
CYAW,2025-12-17 18:00,-63.4994,44.6397,CYAW 171800Z 22017G30KT 200V260 15SM FEW030 SCT120 BKN250 06/02 A2977 RMK SC2AC2CI1 DENSITY ALT -627FT SLP082
CYAW,2025-12-17 19:00,-63.4994,44.6397,CYAW 171900Z 22017G26KT 15SM FEW030 OVC220 07/02 A2974 RMK SC1CS8 DENSITY ALT -540FT HALO SLP073
CYAW,2025-12-17 20:00,-63.4994,44.6397,CYAW 172000Z 22016G25KT 15SM FEW020 OVC220 06/02 A2974 RMK SC1CS8 DENSITY ALT -602FT SLP071
CYAW,2025-12-17 21:00,-63.4994,44.6397,CYAW 172100Z 22016G26KT 200V260 15SM SCT020 BKN250 05/03 A2973 RMK SC3CI3 DENSITY ALT -673FT SLP068
CYAW,2025-12-17 22:00,-63.4994,44.6397,CYAW 172200Z 23014KT 15SM OVC025 06/03 A2972 RMK SC8 DENSITY ALT -596FT LAST OBS /NEXT 201000 UTC SLP066
CYAW,2025-12-19 16:00,-63.4994,44.6397,CYAW 191600Z 18010G17KT 6SM BR SCT005 BKN025 OVC045 10/08 A3002 RMK SF3SC2SC3 DENSITY ALT -446FT PRESFR FST OBS SLP168
CYAW,2025-12-19 17:00,-63.4994,44.6397,CYAW 191700Z 19011G20KT 6SM BR SCT005 OVC024 09/08 A2997 RMK SF4SC4 DENSITY ALT -464FT SLP150
CYAW,2025-12-19 17:13,-63.4994,44.6397,CYAW 191713Z 18010G20KT 6SM BR BKN005 OVC024 09/08 A2995 RMK SF6SC2 DENSITY ALT -441FT PRESFR SLP145
CYAW,2025-12-19 18:00,-63.4994,44.6397,CYAW 191800Z 18012G21KT 5SM BR BKN005 OVC027 09/08 A2990 RMK SF6SC2 DENSITY ALT -370FT PRESFR SLP127
CYAW,2025-12-19 18:46,-63.4994,44.6397,CYAW 191846Z 18015G24KT 2 1/2SM -SHRA BR OVC005 09/09 A2986 RMK SF8 DENSITY ALT -282FT SLP113
CYAW,2025-12-19 19:00,-63.4994,44.6397,CYAW 191900Z 18015G29KT 1SM -SHRA BR OVC003 10/09 A2985 RMK SF8 DENSITY ALT -242FT VIS VRB 3/4-1 1/4 SLP109
CYAW,2025-12-19 19:14,-63.4994,44.6397,CYAW 191914Z CCA 18014G26KT 1 1/2SM BR OVC003 09/09 A2984 RMK SF8 DENSITY ALT -270FT SLP107
CYAW,2025-12-19 19:39,-63.4994,44.6397,CYAW 191939Z 17020G30KT 1 1/2SM -SHRA BR OVC004 09/09 A2981 RMK SF8 DENSITY ALT -223FT PRESFR SLP095
CYAW,2025-12-19 20:00,-63.4994,44.6397,CYAW 192000Z 17019G29KT 2SM -SHRA BR OVC004 10/09 A2978 RMK SF8 DENSITY ALT -161FT PRESFR PCPN VRY LGT SLP086
CYAW,2025-12-19 20:29,-63.4994,44.6397,CYAW 192029Z 18019G30KT 1SM -SHRA BR OVC003 10/10 A2975 RMK SF8 DENSITY ALT -60FT VIS VRB 3/4-1 1/4 PRESFR SLP077
CYAW,2025-12-19 20:47,-63.4994,44.6397,CYAW 192047Z 18018G28KT 1SM -SHRA BR OVC003 10/10 A2974 RMK SF8 DENSITY ALT -35FT VIS VRB 3/4-1 1/4 LAST OBS /NEXT 071000 UTC SLP073
