station,valid,lon,lat,metar
CYAW,2024-01-08 13:00,-63.4994,44.6397,CYAW 081300Z 34013G18KT 15SM SCT027 BKN250 M04/M08 A2983 RMK SC4CI3 DENSITY ALT -2047FT FST OBS SLP103
CYAW,2024-01-08 14:00,-63.4994,44.6397,CYAW 081400Z 35010G18KT 15SM BKN024 M04/M07 A2987 RMK SC7 DENSITY ALT -2028FT SLP116
CYAW,2024-01-08 15:00,-63.4994,44.6397,CYAW 081500Z 33017G24KT 15SM BKN025 M03/M08 A2989 RMK SC7 DENSITY ALT -2040FT SLP123
CYAW,2024-01-08 16:00,-63.4994,44.6397,CYAW 081600Z 33016KT 15SM SCT027 BKN250 M03/M08 A2988 RMK SC3CI4 DENSITY ALT -1965FT SLP122
CYAW,2024-01-08 17:00,-63.4994,44.6397,CYAW 081700Z 32014G21KT 15SM SCT025 BKN250 M03/M08 A2990 RMK SC4CI2 DENSITY ALT -2012FT SLP126
CYAW,2024-01-08 18:00,-63.4994,44.6397,CYAW 081800Z 33016G22KT 15SM FEW026 FEW140 BKN250 M04/M08 A2992 RMK SC1AC1CS5 DENSITY ALT -2090FT HALO SLP133
CYAW,2024-01-08 19:00,-63.4994,44.6397,CYAW 081900Z CCA 33016G23KT 15SM FEW026 FEW140 BKN250 M04/M09 A2994 RMK SC1AC1CI4 DENSITY ALT -2153FT SLP141
CYAW,2024-01-08 19:37,-63.4994,44.6397,CYAW 081937Z 33017KT 15SM FEW026 BKN250 M04/M09 A2995 RMK SC1CI6 DENSITY ALT -2231FT LAST OBS /NEXT 091300 UTC SLP146
CYAW,2024-01-09 12:00,-63.4994,44.6397,CYAW 091200Z 31009KT 15SM FEW025 FEW250 M07/M09 A3029 RMK SC1CI1 DENSITY ALT -2930FT FST OBS SLP259
CYAW,2024-01-09 13:00,-63.4994,44.6397,CYAW 091300Z 33006KT 15SM FEW025 FEW250 M06/M09 A3031 RMK SC1CI1 DENSITY ALT -2881FT SLP267
CYAW,2024-01-09 14:00,-63.4994,44.6397,CYAW 091400Z 30006KT 15SM FEW025 FEW250 M05/M09 A3033 RMK CF1CI1 DENSITY ALT -2773FT SLP273
CYAW,2024-01-09 15:00,-63.4994,44.6397,CYAW 091500Z 33008KT 15SM FEW030 FEW250 M04/M09 A3033 RMK CF1CI1 DENSITY ALT -2618FT SLP272
CYAW,2024-01-09 16:00,-63.4994,44.6397,CYAW 091600Z 32013KT 15SM FEW030 FEW250 M03/M09 A3030 RMK CF1CI1 DENSITY ALT -2467FT CF TR SLP265
CYAW,2024-01-09 17:00,-63.4994,44.6397,CYAW 091700Z 32011KT 15SM FEW030 FEW250 M02/M10 A3028 RMK CF1CI1 DENSITY ALT -2344FT SLP256
CYAW,2024-01-09 18:00,-63.4994,44.6397,CYAW 091800Z 35008KT 15SM FEW250 M02/M12 A3028 RMK CI2 DENSITY ALT -2257FT SLP256
CYAW,2024-01-09 19:00,-63.4994,44.6397,CYAW 091900Z 33007KT 15SM FEW250 M01/M12 A3029 RMK CI2 DENSITY ALT -2217FT SLP261
CYAW,2024-01-09 20:00,-63.4994,44.6397,CYAW 092000Z CCA 33009KT 15SM FEW250 M02/M11 A3031 RMK CI1 DENSITY ALT -2356FT LAST OBS /NEXT 101100 UTC SLP268
CYAW,2024-01-10 11:00,-63.4994,44.6397,CYAW 101100Z 13013G22KT 3/4SM -SN VV003 M00/M00 A3008 RMK SN8 DENSITY ALT -1826FT FST OBS SLP189
CYAW,2024-01-10 11:19,-63.4994,44.6397,CYAW 101119Z 13012G19KT 9SM -SN BKN004 OVC008 M00/M00 A3008 RMK SF7SF1 DENSITY ALT -1812FT SLP187
CYAW,2024-01-10 12:00,-63.4994,44.6397,CYAW 101200Z 14015G23KT 1SM -SN OVC006 00/00 A3007 RMK SN5SF3 DENSITY ALT -1734FT VIS VRB 3/4-1 1/2 SLP186
CYAW,2024-01-10 12:23,-63.4994,44.6397,CYAW 101223Z 13013G24KT 4SM -SHSN DRSN FEW007 BKN015 OVC030 01/00 A3002 RMK SF1SC6SC1 DENSITY ALT -1626FT PRESFR SLP169
CYAW,2024-01-10 13:00,-63.4994,44.6397,CYAW 101300Z 12015G31KT 12SM DRSN FEW015 OVC060 01/M00 A2994 RMK SC1SC8 DENSITY ALT -1473FT PRESFR SLP140
CYAW,2024-01-10 14:00,-63.4994,44.6397,CYAW 101400Z 12018G32KT 9SM BKN015 OVC060 02/01 A2984 RMK SC6SC2 DENSITY ALT -1262FT PRESFR SLP109
CYAW,2024-01-10 14:17,-63.4994,44.6397,CYAW 101417Z 12016G32KT 5SM -RA BR BKN011 OVC044 02/01 A2982 RMK SC6SC2 DENSITY ALT -1223FT PRESFR SLP101
CYAW,2024-01-10 15:00,-63.4994,44.6397,CYAW 101500Z 12018G37KT 4SM -RA BR BKN009 OVC044 02/02 A2978 RMK SF7SC1 DENSITY ALT -1146FT PRESFR SLP088
CYAW,2024-01-10 16:00,-63.4994,44.6397,CYAW 101600Z 11018G30KT 3SM -RA BR OVC006 03/03 A2966 RMK SF8 DENSITY ALT -953FT PRESFR SLP046
CYAW,2024-01-10 17:00,-63.4994,44.6397,CYAW 101700Z 12017G34KT 3SM -RA BR OVC006 03/03 A2955 RMK SF8 DENSITY ALT -719FT PRESFR SLP008
CYAW,2024-01-10 18:00,-63.4994,44.6397,CYAW 101800Z 12019G37KT 2 1/2SM RA BR OVC007 04/04 A2943 RMK SF8 DENSITY ALT -460FT PRESFR LAST OBS /NEXT 111100 UTC SLP968
CYAW,2024-01-11 11:00,-63.4994,44.6397,CYAW 111100Z 24008KT 8SM FEW140 03/03 A2958 RMK AC1 DENSITY ALT -782FT FST OBS SLP020
CYAW,2024-01-11 12:00,-63.4994,44.6397,CYAW 111200Z 22007KT 7SM FEW140 03/03 A2960 RMK AC1 DENSITY ALT -831FT SLP027
CYAW,2024-01-11 13:00,-63.4994,44.6397,CYAW 111300Z 22009KT 7SM FEW140 04/03 A2964 RMK AC1 DENSITY ALT -777FT SLP039
CYAW,2024-01-11 14:00,-63.4994,44.6397,CYAW 111400Z 23013KT 8SM FEW049 FEW140 05/03 A2965 RMK SC2AC1 DENSITY ALT -588FT SLP043
CYAW,2024-01-11 15:00,-63.4994,44.6397,CYAW 111500Z 23011G18KT 8SM FEW020 FEW050 06/03 A2966 RMK SC1SC2 DENSITY ALT -562FT SLP045
CYAW,2024-01-11 16:00,-63.4994,44.6397,CYAW 111600Z 25010G18KT 9SM FEW019 BKN049 05/03 A2965 RMK CU1SC7 DENSITY ALT -615FT SLP041
CYAW,2024-01-11 17:00,-63.4994,44.6397,CYAW 111700Z 25012G20KT 12SM SCT018 OVC047 05/03 A2964 RMK SC4SC4 DENSITY ALT -618FT SLP039
CYAW,2024-01-11 18:00,-63.4994,44.6397,CYAW 111800Z 23013G18KT 15SM BKN020 BKN053 05/02 A2965 RMK SC5SC2 DENSITY ALT -631FT SLP042
CYAW,2024-01-11 19:00,-63.4994,44.6397,CYAW 111900Z 24010G18KT 15SM SCT025 BKN050 05/02 A2966 RMK SC3SC4 DENSITY ALT -617FT SLP045
CYAW,2024-01-11 20:00,-63.4994,44.6397,CYAW 112000Z 23011G16KT 15SM SCT028 BKN050 05/02 A2968 RMK SC4SC2 DENSITY ALT -718FT SLP052
CYAW,2024-01-11 21:00,-63.4994,44.6397,CYAW 112100Z 22009KT 15SM FEW030 BKN047 03/02 A2968 RMK SC2SC4 DENSITY ALT -882FT LAST OBS/NXT 121100 UTC SLP054
CYAW,2024-01-12 11:00,-63.4994,44.6397,CYAW 121100Z 29008KT 8SM BKN010 OVC020 00/M01 A2990 RMK SC7SC1 DENSITY ALT -1542FT FST OBS SLP129
CYAW,2024-01-12 12:00,-63.4994,44.6397,CYAW 121200Z 31009G16KT 12SM BKN020 BKN250 M00/M02 A2994 RMK SC5CI2 DENSITY ALT -1649FT SLP140
CYAW,2024-01-12 13:00,-63.4994,44.6397,CYAW 121300Z 28012G18KT 12SM FEW020 SCT040 OVC250 M00/M03 A2996 RMK SC1SC2CS5 DENSITY ALT -1665FT SLP148
CYAW,2024-01-12 14:00,-63.4994,44.6397,CYAW 121400Z 29013G21KT 15SM SCT022 BKN100 BKN250 M00/M04 A2998 RMK SC3AS4CS1 DENSITY ALT -1717FT SLP156
CYAW,2024-01-12 15:00,-63.4994,44.6397,CYAW 121500Z 30011G22KT 15SM BKN026 OVC250 M00/M04 A3000 RMK SC5CS3 DENSITY ALT -1716FT SLP160
CYAW,2024-01-12 16:00,-63.4994,44.6397,CYAW 121600Z 30014G22KT 15SM BKN026 BKN250 M00/M05 A2999 RMK SC7CI1 DENSITY ALT -1719FT SLP159
CYAW,2024-01-12 17:00,-63.4994,44.6397,CYAW 121700Z 28014G21KT 15SM BKN030 00/M05 A3002 RMK SC6 DENSITY ALT -1680FT CU ASOCTD SLP168
CYAW,2024-01-12 18:00,-63.4994,44.6397,CYAW 121800Z 32016G21KT 15SM SCT030 SCT250 00/M05 A3002 RMK SC4CI1 DENSITY ALT -1679FT CU ASOCTD SLP169
CYAW,2024-01-12 19:00,-63.4994,44.6397,CYAW 121900Z 30015KT 15SM FEW030 01/M06 A3006 RMK SC1 DENSITY ALT -1691FT SLP181
CYAW,2024-01-12 20:00,-63.4994,44.6397,CYAW 122000Z 30014G23KT 15SM FEW030 00/M07 A3008 RMK SC1 DENSITY ALT -1770FT SLP187
CYAW,2024-01-12 21:00,-63.4994,44.6397,CYAW 122100Z 30011G17KT 15SM FEW030 M01/M08 A3011 RMK SC1 DENSITY ALT -1948FT SLP199
CYAW,2024-01-12 22:00,-63.4994,44.6397,CYAW 122200Z 30010G17KT 15SM FEW030 M01/M08 A3014 RMK SC1 DENSITY ALT -2072FT SLP207
CYAW,2024-01-12 22:35,-63.4994,44.6397,CYAW 122235Z 32010G16KT 15SM FEW030 M02/M08 A3015 RMK SC1 DENSITY ALT -2148FT LAST OBS/NXT 151100 UTC SLP212
CYAW,2024-01-15 11:00,-63.4994,44.6397,CYAW 151100Z 25008KT 15SM FEW055 M03/M04 A2999 RMK SC1 DENSITY ALT -2090FT FST OBS SLP157
CYAW,2024-01-15 12:00,-63.4994,44.6397,CYAW 151200Z 26010KT 15SM FEW012 FEW055 FEW090 M03/M05 A3001 RMK CF1SC1AC1 DENSITY ALT -2143FT SLP166
CYAW,2024-01-15 13:00,-63.4994,44.6397,CYAW 151300Z 26009KT 15SM FEW015 FEW040 FEW140 M03/M06 A3005 RMK CF1SC1AC1 DENSITY ALT -2141FT SLP178
CYAW,2024-01-15 14:00,-63.4994,44.6397,CYAW 151400Z 27013KT 15SM FEW015 FEW040 FEW140 M02/M07 A3008 RMK CF1SC1AC1 DENSITY ALT -2101FT SLP187
CYAW,2024-01-15 15:00,-63.4994,44.6397,CYAW 151500Z 27010G17KT 15SM FEW015 FEW040 FEW140 M02/M07 A3009 RMK CF1SC1AC1 DENSITY ALT -2035FT SLP193
CYAW,2024-01-15 16:00,-63.4994,44.6397,CYAW 151600Z 28013G19KT 15SM FEW020 FEW040 SCT140 M01/M07 A3009 RMK CF1SC2AC1 DENSITY ALT -1996FT SLP192
CYAW,2024-01-15 17:00,-63.4994,44.6397,CYAW 151700Z 28015KT 15SM SCT032 SCT140 M02/M08 A3008 RMK SC4AC1 DENSITY ALT -2015FT SLP188
CYAW,2024-01-15 18:00,-63.4994,44.6397,CYAW 151800Z 27012KT 15SM -SHSN FEW030 BKN046 BKN140 M02/M07 A3009 RMK CF1SC7AC1 DENSITY ALT -2037FT SLP193
CYAW,2024-01-15 19:00,-63.4994,44.6397,CYAW 151900Z 26008KT 15SM -SHSN FEW038 SCT047 M01/M06 A3011 RMK CU1SC3 DENSITY ALT -2017FT PCPN VRY LGT SLP197
CYAW,2024-01-15 20:00,-63.4994,44.6397,CYAW 152000Z 29008G16KT 15SM -SHSN FEW031 SCT048 M01/M06 A3014 RMK CU1SC3 DENSITY ALT -2053FT SLP209
CYAW,2024-01-15 21:00,-63.4994,44.6397,CYAW 152100Z 29009KT 15SM FEW036 BKN046 M02/M07 A3017 RMK CF1SC5 DENSITY ALT -2167FT SLP217
CYAW,2024-01-15 22:00,-63.4994,44.6397,CYAW 152200Z 29006KT 15SM SCT047 M03/M07 A3019 RMK SC3 DENSITY ALT -2294FT SLP225
CYAW,2024-01-15 23:00,-63.4994,44.6397,CYAW 152300Z 27006KT 15SM FEW050 M03/M07 A3022 RMK SC1 DENSITY ALT -2368FT SLP235
CYAW,2024-01-16 00:00,-63.4994,44.6397,CYAW 160000Z CCA 31004KT 15SM FEW040 M04/M08 A3023 RMK SC1 DENSITY ALT -2498FT LAST OBS /NEXT 161300 UTC SLP239
CYAW,2024-01-16 13:00,-63.4994,44.6397,CYAW 161300Z 19006KT 2 1/2SM -SHSN OVC007 M00/M00 A3022 RMK SF8 DENSITY ALT -1974FT FST OBS SLP235
CYAW,2024-01-16 13:19,-63.4994,44.6397,CYAW 161319Z 17006KT 4SM -SHSN BKN007 OVC013 M00/M00 A3022 RMK SF6SC2 DENSITY ALT -1947FT SLP236
CYAW,2024-01-16 13:48,-63.4994,44.6397,CYAW 161348Z 16007KT 8SM -SHSN SCT007 OVC040 00/M00 A3020 RMK SF4SC4 DENSITY ALT -1911FT SLP231
CYAW,2024-01-16 14:00,-63.4994,44.6397,CYAW 161400Z 16007KT 10SM -SHSN SCT007 OVC037 00/M00 A3020 RMK SF4SC4 DENSITY ALT -1886FT SLP230
CYAW,2024-01-16 14:35,-63.4994,44.6397,CYAW 161435Z 15006KT 3SM -SHSN BKN008 OVC037 00/00 A3019 RMK SF6SC2 DENSITY ALT -1861FT SLP225
CYAW,2024-01-16 14:50,-63.4994,44.6397,CYAW 161450Z 14005KT 2 1/4SM -SHSN OVC008 00/00 A3018 RMK SF8 DENSITY ALT -1862FT VIS VRB 1 1/2-3 SLP223
CYAW,2024-01-16 15:00,-63.4994,44.6397,CYAW 161500Z 14006KT 2 1/4SM -SN OVC007 00/00 A3018 RMK SF8 DENSITY ALT -1874FT VIS VRB 1 1/2-3 SLP224
CYAW,2024-01-16 16:00,-63.4994,44.6397,CYAW 161600Z 12005KT 1 1/2SM -SN OVC007 00/00 A3014 RMK SF8 DENSITY ALT -1802FT VIS VRB 1-2 SLP209
CYAW,2024-01-16 16:28,-63.4994,44.6397,CYAW 161628Z 11007KT 1 1/2SM -SN OVC007 00/00 A3012 RMK SF8 DENSITY ALT -1779FT VIS VRB 1-2 LAST OBS /NEXT 171300 UTC SLP202
CYAW,2024-01-17 13:00,-63.4994,44.6397,CYAW 171300Z 28015G21KT 15SM -SHSN BKN017 00/M01 A2935 RMK SC7 DENSITY ALT -878FT FST OBS SLP940
CYAW,2024-01-17 14:00,-63.4994,44.6397,CYAW 171400Z 30017KT 15SM BKN019 M00/M03 A2937 RMK SC7 DENSITY ALT -1001FT SLP946
CYAW,2024-01-17 15:00,-63.4994,44.6397,CYAW 171500Z 28016G22KT 15SM BKN022 M01/M03 A2940 RMK SC7 DENSITY ALT -1089FT SLP957
CYAW,2024-01-17 16:00,-63.4994,44.6397,CYAW 171600Z 30016G22KT 15SM BKN023 M01/M05 A2939 RMK SC7 DENSITY ALT -1110FT SLP954
CYAW,2024-01-17 17:00,-63.4994,44.6397,CYAW 171700Z 27017G25KT 15SM BKN024 M01/M05 A2938 RMK SC7 DENSITY ALT -1148FT SLP951
CYAW,2024-01-17 18:00,-63.4994,44.6397,CYAW 171800Z 29017KT 15SM BKN027 M02/M06 A2941 RMK SC6 DENSITY ALT -1240FT SLP961
CYAW,2024-01-17 19:00,-63.4994,44.6397,CYAW 171900Z 27018G25KT 15SM BKN027 M02/M07 A2944 RMK SC6 DENSITY ALT -1316FT SLP969
CYAW,2024-01-17 20:00,-63.4994,44.6397,CYAW 172000Z 30016G24KT 15SM BKN028 M02/M07 A2947 RMK SC5 DENSITY ALT -1353FT SLP979
CYAW,2024-01-17 21:00,-63.4994,44.6397,CYAW 172100Z CCA 30016G25KT 15SM BKN029 M03/M08 A2951 RMK SC7 DENSITY ALT -1479FT LAST OBS /NEXT 181300 UTC SLP995
CYAW,2024-01-18 13:00,-63.4994,44.6397,CYAW 181300Z 29019KT 15SM FEW030 M06/M10 A2982 RMK CU1 DENSITY ALT -2342FT FST OBS SLP101
CYAW,2024-01-18 13:48,-63.4994,44.6397,CYAW 181348Z 27017G25KT 15SM -SHSN SCT030 M05/M10 A2984 RMK CU4 DENSITY ALT -2235FT PCPN VRY LGT SLP107
CYAW,2024-01-18 14:00,-63.4994,44.6397,CYAW 181400Z 27020G30KT 15SM -SHSN DRSN BKN030 M05/M11 A2984 RMK CU5 DENSITY ALT -2235FT PCPN VRY LGT SLP107
CYAW,2024-01-18 15:00,-63.4994,44.6397,CYAW 181500Z 28016G34KT 15SM -SHSN BKN035 M04/M11 A2985 RMK CU6 DENSITY ALT -2107FT PCPN VRY LGT SLP111
CYAW,2024-01-18 16:00,-63.4994,44.6397,CYAW 181600Z 26017G26KT 15SM -SHSN BKN040 M04/M11 A2982 RMK CU6 DENSITY ALT -2072FT PCPN VRY LGT SLP102
CYAW,2024-01-18 17:00,-63.4994,44.6397,CYAW 181700Z 29023G30KT 15SM -SHSN BKN040 M04/M12 A2980 RMK CU6 DENSITY ALT -2038FT PCPN VRY LGT SLP095
CYAW,2024-01-18 18:00,-63.4994,44.6397,CYAW 181800Z 29017G26KT 15SM -SHSN BKN040 M04/M12 A2979 RMK CU5 DENSITY ALT -2053FT PCPN VRY LGT SLP092
CYAW,2024-01-18 19:00,-63.4994,44.6397,CYAW 181900Z 27026G31KT 15SM SCT050 SCT250 M04/M14 A2981 RMK SC4CI1 DENSITY ALT -2028FT SLP096
CYAW,2024-01-18 20:00,-63.4994,44.6397,CYAW 182000Z CCA 27020G29KT 15SM BKN049 BKN250 M04/M13 A2982 RMK SC5CI1 DENSITY ALT -2077FT LAST OBS /NEXT 191300 UTC SLP101
CYAW,2024-01-19 13:00,-63.4994,44.6397,CYAW 191300Z 29015G21KT 15SM -SHSN SCT030 M06/M11 A2978 RMK SC3 DENSITY ALT -2234FT PCPN VRY LGT FST OBS SLP087
CYAW,2024-01-19 13:26,-63.4994,44.6397,CYAW 191326Z 29019G25KT 15SM FEW030 BKN250 M06/M12 A2977 RMK SC2CI4 DENSITY ALT -2184FT SLP084
CYAW,2024-01-19 14:00,-63.4994,44.6397,CYAW 191400Z 28019G28KT 15SM FEW030 BKN250 M05/M12 A2977 RMK SC1CI6 DENSITY ALT -2121FT SLP083
CYAW,2024-01-19 15:00,-63.4994,44.6397,CYAW 191500Z 27014G21KT 15SM FEW030 BKN250 M04/M12 A2975 RMK SC1CI6 DENSITY ALT -1980FT SLP077
CYAW,2024-01-19 16:00,-63.4994,44.6397,CYAW 191600Z 30017G26KT 15SM FEW030 FEW250 M04/M12 A2973 RMK SC1CI2 DENSITY ALT -1880FT SLP069
CYAW,2024-01-19 17:00,-63.4994,44.6397,CYAW 191700Z 27015G25KT 15SM FEW030 SCT250 M03/M13 A2969 RMK SC1CI3 DENSITY ALT -1730FT SLP056
CYAW,2024-01-19 18:00,-63.4994,44.6397,CYAW 191800Z 29013G22KT 15SM BKN250 M03/M14 A2963 RMK CI7 DENSITY ALT -1637FT PRESFR SLP035
CYAW,2024-01-19 19:00,-63.4994,44.6397,CYAW 191900Z 27015KT 15SM BKN250 M02/M14 A2963 RMK CI7 DENSITY ALT -1599FT SLP037
CYAW,2024-01-19 20:00,-63.4994,44.6397,CYAW 192000Z CCA 29011KT 15SM BKN250 M03/M14 A2960 RMK CI7 DENSITY ALT -1679FT LAST OBS /NEXT 221100 UTC SLP026
CYAW,2024-01-22 11:00,-63.4994,44.6397,CYAW 221100Z 32009KT 15SM FEW015 M09/M12 A3021 RMK SC2 DENSITY ALT -3170FT FST OBS SLP233
CYAW,2024-01-22 12:00,-63.4994,44.6397,CYAW 221200Z 31009KT 15SM -SHSN BKN017 M09/M11 A3024 RMK SC5 DENSITY ALT -3163FT PCPN VRY LGT SLP242
CYAW,2024-01-22 13:00,-63.4994,44.6397,CYAW 221300Z 30007KT 15SM SCT017 SCT250 M08/M10 A3025 RMK SC4CI1 DENSITY ALT -3067FT SLP248
CYAW,2024-01-22 14:00,-63.4994,44.6397,CYAW 221400Z CCA 32006KT 15SM FEW020 FEW250 M08/M11 A3026 RMK CF1CI1 DENSITY ALT -3013FT WIND EST SLP251
CYAW,2024-01-22 15:00,-63.4994,44.6397,CYAW 221500Z 29009KT 15SM FEW020 FEW140 M05/M11 A3027 RMK CF1AC1 DENSITY ALT -2698FT SLP255
CYAW,2024-01-22 16:00,-63.4994,44.6397,CYAW 221600Z 30008KT 15SM FEW020 FEW140 M03/M12 A3025 RMK CF1AC1 DENSITY ALT -2443FT SLP248
CYAW,2024-01-22 17:00,-63.4994,44.6397,CYAW 221700Z 24005KT 15SM FEW140 M01/M12 A3024 RMK AC1 DENSITY ALT -2187FT SLP243
CYAW,2024-01-22 18:00,-63.4994,44.6397,CYAW 221800Z 27009KT 15SM FEW100 00/M11 A3022 RMK AC1 DENSITY ALT -1931FT SLP236
CYAW,2024-01-22 19:00,-63.4994,44.6397,CYAW 221900Z 25010KT 15SM FEW100 01/M10 A3022 RMK AC1 DENSITY ALT -1813FT SLP236
CYAW,2024-01-22 20:00,-63.4994,44.6397,CYAW 222000Z 23009KT 15SM FEW090 SCT250 01/M09 A3022 RMK AC1CI2 DENSITY ALT -1848FT SLP237
CYAW,2024-01-22 21:00,-63.4994,44.6397,CYAW 222100Z 24007KT 15SM BKN085 BKN250 01/M07 A3022 RMK AC6CI1 DENSITY ALT -1907FT SLP235
CYAW,2024-01-22 22:00,-63.4994,44.6397,CYAW 222200Z 26009G19KT 15SM SCT090 BKN250 01/M10 A3022 RMK AC4CI3 DENSITY ALT -1877FT SLP237
CYAW,2024-01-22 23:00,-63.4994,44.6397,CYAW 222300Z 26010KT 15SM OVC094 01/M09 A3022 RMK AC8 DENSITY ALT -1911FT SLP235
CYAW,2024-01-22 23:39,-63.4994,44.6397,CYAW 222339Z 26010G16KT 15SM OVC097 01/M08 A3021 RMK AC8 DENSITY ALT -1872FT LAST OBS/NXT 231300 UTC SLP234
CYAW,2024-01-23 13:00,-63.4994,44.6397,CYAW 231300Z 29015G23KT 15SM FEW037 SCT070 BKN250 02/M04 A3011 RMK CU1AC2CI3 DENSITY ALT -1602FT FST OBS SLP198
CYAW,2024-01-23 14:00,-63.4994,44.6397,CYAW 231400Z 30019G25KT 15SM FEW035 SCT075 BKN250 02/M05 A3013 RMK CU2AC1CI4 DENSITY ALT -1630FT SLP205
CYAW,2024-01-23 15:00,-63.4994,44.6397,CYAW 231500Z 32019G26KT 15SM SCT039 BKN250 03/M06 A3016 RMK CU3CI2 DENSITY ALT -1540FT SLP215
CYAW,2024-01-23 16:00,-63.4994,44.6397,CYAW 231600Z 31014G24KT 15SM SCT040 BKN250 02/M06 A3016 RMK CU3CI2 DENSITY ALT -1631FT SLP215
CYAW,2024-01-23 17:00,-63.4994,44.6397,CYAW 231700Z 31017G25KT 15SM SCT040 03/M06 A3017 RMK CU3 DENSITY ALT -1529FT SLP217
CYAW,2024-01-23 18:00,-63.4994,44.6397,CYAW 231800Z 32015G25KT 15SM BKN040 01/M08 A3020 RMK CU5 DENSITY ALT -1783FT SLP230
CYAW,2024-01-23 19:00,-63.4994,44.6397,CYAW 231900Z 32013G19KT 15SM FEW050 BKN250 02/M09 A3024 RMK CU2CI3 DENSITY ALT -1757FT SLP242
CYAW,2024-01-23 20:00,-63.4994,44.6397,CYAW 232000Z 32018G25KT 15SM FEW045 BKN250 02/M08 A3027 RMK SC2CI3 DENSITY ALT -1841FT SLP253
CYAW,2024-01-23 21:00,-63.4994,44.6397,CYAW 232100Z 31015KT 15SM FEW050 BKN250 00/M09 A3032 RMK SC2CI5 DENSITY ALT -2064FT SLP270
CYAW,2024-01-23 22:00,-63.4994,44.6397,CYAW 232200Z 03007KT 15SM BKN250 M01/M08 A3036 RMK CI6 DENSITY ALT -2325FT SLP283
CYAW,2024-01-23 23:00,-63.4994,44.6397,CYAW 232300Z CCA 01007KT 15SM BKN250 M03/M11 A3041 RMK CI6 DENSITY ALT -2598FT LAST OBS/NXT 241300 UTC SLP298
CYAW,2024-01-24 13:00,-63.4994,44.6397,CYAW 241300Z 34005KT 15SM FEW020 FEW250 M11/M16 A3069 RMK CF1CI2 DENSITY ALT -3988FT FST OBS SLP395
CYAW,2024-01-24 14:00,-63.4994,44.6397,CYAW 241400Z 03004KT 15SM SCT180 BKN250 M09/M15 A3069 RMK AC4CI2 DENSITY ALT -3730FT SLP395
CYAW,2024-01-24 15:00,-63.4994,44.6397,CYAW 241500Z 00000KT 15SM BKN180 M09/M15 A3068 RMK AC7 DENSITY ALT -3639FT SLP392
CYAW,2024-01-24 16:00,-63.4994,44.6397,CYAW 241600Z 25003KT 15SM BKN180 M07/M14 A3065 RMK AC7 DENSITY ALT -3405FT SLP384
CYAW,2024-01-24 17:00,-63.4994,44.6397,CYAW 241700Z 21002KT 15SM BKN180 M07/M13 A3064 RMK AC7 DENSITY ALT -3339FT SLP379
CYAW,2024-01-24 18:00,-63.4994,44.6397,CYAW 241800Z 20005KT 15SM BKN120 BKN250 M06/M12 A3062 RMK AC6CI1 DENSITY ALT -3220FT SLP371
CYAW,2024-01-24 19:00,-63.4994,44.6397,CYAW 241900Z 16008KT 15SM BKN120 BKN250 M05/M10 A3061 RMK AC6CI1 DENSITY ALT -3126FT SLP369
CYAW,2024-01-24 20:00,-63.4994,44.6397,CYAW 242000Z 21008KT 15SM FEW090 BKN120 M05/M12 A3059 RMK AC2AC5 DENSITY ALT -3080FT SLP363
CYAW,2024-01-24 21:00,-63.4994,44.6397,CYAW 242100Z 22008KT 15SM BKN090 M05/M10 A3057 RMK AC7 DENSITY ALT -3080FT SLP355
CYAW,2024-01-24 22:00,-63.4994,44.6397,CYAW 242200Z 23006KT 15SM BKN090 M05/M09 A3057 RMK AC7 DENSITY ALT -3050FT SLP354
CYAW,2024-01-24 23:00,-63.4994,44.6397,CYAW 242300Z 22005KT 15SM BKN078 M04/M08 A3056 RMK AC7 DENSITY ALT -2918FT SLP353
CYAW,2024-01-24 23:37,-63.4994,44.6397,CYAW 242337Z 22007KT 15SM BKN076 M04/M08 A3055 RMK AC7 DENSITY ALT -2839FT LAST OBS /NEXT 251300 UTC SLP348
CYAW,2024-01-25 13:00,-63.4994,44.6397,CYAW 251300Z 07003KT 3/4SM -RA BR VV002 00/00 A3004 RMK FG8 DENSITY ALT -1686FT FST OBS SLP176
CYAW,2024-01-25 14:00,-63.4994,44.6397,CYAW 251400Z 06007KT 1SM -RA BR OVC002 00/00 A3001 RMK ST8 DENSITY ALT -1638FT SLP164
CYAW,2024-01-25 15:00,-63.4994,44.6397,CYAW 251500Z 04007KT 1SM -RA BR OVC002 01/01 A2997 RMK ST8 DENSITY ALT -1539FT SLP151
CYAW,2024-01-25 15:30,-63.4994,44.6397,CYAW 251530Z 03006KT 1 1/4SM -DZ BR OVC002 01/01 A2997 RMK ST8 DENSITY ALT -1472FT SLP150
CYAW,2024-01-25 16:00,-63.4994,44.6397,CYAW 251600Z 36004KT 3SM -DZ BR OVC002 02/02 A2996 RMK ST8 DENSITY ALT -1434FT SLP147
CYAW,2024-01-25 16:27,-63.4994,44.6397,CYAW 251627Z 36006KT 4SM BR OVC003 02/02 A2995 RMK SF8 DENSITY ALT -1396FT CIG VRB 2-5 SLP146
CYAW,2024-01-25 17:00,-63.4994,44.6397,CYAW 251700Z 01006KT 12SM BKN004 BKN140 03/03 A2996 RMK SF7AC1 DENSITY ALT -1302FT SLP147
CYAW,2024-01-25 18:00,-63.4994,44.6397,CYAW 251800Z 34008KT 12SM BKN005 BKN140 03/03 A2996 RMK SF7AC1 DENSITY ALT -1196FT SLP149
CYAW,2024-01-25 19:00,-63.4994,44.6397,CYAW 251900Z 34010KT 15SM FEW007 BKN015 04/03 A2999 RMK SF2SC5 DENSITY ALT -1194FT SLP158
CYAW,2024-01-25 20:00,-63.4994,44.6397,CYAW 252000Z 01013G20KT 15SM FEW007 OVC015 02/02 A3002 RMK SF1SC8 DENSITY ALT -1388FT SLP168
CYAW,2024-01-25 21:00,-63.4994,44.6397,CYAW 252100Z 01015G22KT 15SM BKN015 01/M00 A3007 RMK SC7 DENSITY ALT -1585FT SLP184
CYAW,2024-01-25 22:00,-63.4994,44.6397,CYAW 252200Z 01009G17KT 15SM BKN019 00/M01 A3011 RMK SC6 DENSITY ALT -1761FT SLP199
CYAW,2024-01-25 23:00,-63.4994,44.6397,CYAW 252300Z 01014G26KT 15SM BKN019 OVC028 00/M02 A3017 RMK SC6SC2 DENSITY ALT -1851FT SLP218
CYAW,2024-01-25 23:43,-63.4994,44.6397,CYAW 252343Z 02014G21KT 15SM OVC020 00/M02 A3020 RMK SC8 DENSITY ALT -1924FT LAST OBS /NEXT 291100 UTC SLP230
CYAW,2024-01-30 11:00,-63.4994,44.6397,CYAW 301100Z 02015G22KT 15SM BKN030 M07/M14 A3008 RMK SC6 DENSITY ALT -2800FT FST OBS SLP188
CYAW,2024-01-30 11:42,-63.4994,44.6397,CYAW 301142Z 02015KT 15SM -SHSN BKN030 M08/M11 A3010 RMK SC6 DENSITY ALT -2829FT PCPN VRY LGT SLP197
CYAW,2024-01-30 12:00,-63.4994,44.6397,CYAW 301200Z 02011G20KT 15SM -SHSN BKN030 M08/M11 A3011 RMK SC6 DENSITY ALT -2840FT SLP199
CYAW,2024-01-30 13:00,-63.4994,44.6397,CYAW 301300Z 02014G20KT 15SM -SHSN BKN030 M07/M10 A3013 RMK SC6 DENSITY ALT -2783FT SLP207
CYAW,2024-01-30 14:00,-63.4994,44.6397,CYAW 301400Z 03014G21KT 12SM -SHSN BKN030 M06/M10 A3015 RMK SC6 DENSITY ALT -2699FT SLP213
CYAW,2024-01-30 15:00,-63.4994,44.6397,CYAW 301500Z 03013G19KT 12SM -SHSN BKN030 M05/M09 A3016 RMK SC7 DENSITY ALT -2565FT SLP217
CYAW,2024-01-30 16:00,-63.4994,44.6397,CYAW 301600Z 03011G25KT 12SM -SHSN BKN030 M05/M09 A3016 RMK SC7 DENSITY ALT -2552FT SLP215
CYAW,2024-01-30 17:00,-63.4994,44.6397,CYAW 301700Z 02016G22KT 15SM -SHSN BKN026 M05/M09 A3015 RMK SC7 DENSITY ALT -2514FT SLP214
CYAW,2024-01-30 18:00,-63.4994,44.6397,CYAW 301800Z 03014G23KT 15SM -SHSN BKN026 M05/M09 A3015 RMK SC7 DENSITY ALT -2488FT SLP214
CYAW,2024-01-30 19:00,-63.4994,44.6397,CYAW 301900Z 03017KT 15SM -SHSN BKN028 M05/M10 A3016 RMK SC7 DENSITY ALT -2515FT PCPN VRY LGT SLP216
CYAW,2024-01-30 20:00,-63.4994,44.6397,CYAW 302000Z 03011G16KT 15SM -SHSN BKN027 M05/M10 A3018 RMK SC7 DENSITY ALT -2577FT PCPN VRY LGT SLP222
CYAW,2024-01-30 21:00,-63.4994,44.6397,CYAW 302100Z 03010KT 15SM -SHSN BKN027 M06/M10 A3019 RMK SC7 DENSITY ALT -2681FT PCPN VRY LGT SLP226
CYAW,2024-01-30 22:00,-63.4994,44.6397,CYAW 302200Z 04008G16KT 15SM -SHSN BKN027 M06/M10 A3020 RMK SC7 DENSITY ALT -2758FT PCPN VRY LGT SLP230
CYAW,2024-01-30 23:00,-63.4994,44.6397,CYAW 302300Z 02009KT 15SM -SHSN BKN027 M07/M10 A3020 RMK SC7 DENSITY ALT -2837FT PCPN VRY LGT SLP230
CYAW,2024-01-31 00:00,-63.4994,44.6397,CYAW 310000Z 35008KT 15SM -SHSN BKN025 M08/M11 A3021 RMK SC5 DENSITY ALT -2969FT LAST OBS /NEXT 311100 UTC SLP233
CYAW,2024-01-31 11:00,-63.4994,44.6397,CYAW 311100Z 33007KT 15SM BKN014 M09/M11 A3016 RMK SC7 DENSITY ALT -3070FT FST OBS SLP215
CYAW,2024-01-31 11:26,-63.4994,44.6397,CYAW 311126Z 33008KT 12SM -SHSN OVC012 M09/M11 A3015 RMK SC8 DENSITY ALT -3098FT SLP212
CYAW,2024-01-31 12:00,-63.4994,44.6397,CYAW 311200Z 36006KT 12SM -SHSN OVC012 M09/M11 A3015 RMK SC8 DENSITY ALT -3112FT SLP213
CYAW,2024-01-31 13:00,-63.4994,44.6397,CYAW 311300Z 34004KT 12SM -SHSN OVC013 M09/M11 A3015 RMK SC8 DENSITY ALT -3086FT SLP213
CYAW,2024-01-31 14:00,-63.4994,44.6397,CYAW 311400Z 01005KT 15SM -SHSN OVC014 M08/M10 A3014 RMK SC8 DENSITY ALT -2953FT SLP208
CYAW,2024-01-31 15:00,-63.4994,44.6397,CYAW 311500Z 32006KT 15SM BKN015 M08/M10 A3013 RMK SC7 DENSITY ALT -2861FT SLP205
CYAW,2024-01-31 16:00,-63.4994,44.6397,CYAW 311600Z 28006KT 15SM -SHSN BKN016 M06/M10 A3010 RMK SC7 DENSITY ALT -2654FT PCPN VRY LGT SLP195
CYAW,2024-01-31 16:38,-63.4994,44.6397,CYAW 311638Z 33007KT 15SM BKN016 BKN250 M06/M10 A3008 RMK SC6CI1 DENSITY ALT -2657FT SLP188
CYAW,2024-01-31 17:00,-63.4994,44.6397,CYAW 311700Z 25004KT 15SM BKN019 BKN250 M06/M09 A3006 RMK SC5CI1 DENSITY ALT -2542FT SLP183
CYAW,2024-01-31 18:00,-63.4994,44.6397,CYAW 311800Z 28004KT 15SM FEW020 FEW250 M05/M09 A3004 RMK SC1CI1 DENSITY ALT -2400FT CI TR SLP177
CYAW,2024-01-31 19:00,-63.4994,44.6397,CYAW 311900Z 31005KT 15SM FEW020 FEW250 M05/M09 A3004 RMK SC1CI1 DENSITY ALT -2360FT SLP176
CYAW,2024-01-31 20:00,-63.4994,44.6397,CYAW 312000Z 28003KT 15SM FEW020 FEW250 M04/M08 A3003 RMK SC1CI1 DENSITY ALT -2281FT SLP173
CYAW,2024-01-31 21:00,-63.4994,44.6397,CYAW 312100Z 28005KT 15SM FEW020 FEW250 M04/M08 A3002 RMK SC1CI1 DENSITY ALT -2320FT SLP170
CYAW,2024-01-31 22:00,-63.4994,44.6397,CYAW 312200Z 24005KT 15SM FEW020 M06/M07 A3003 RMK SC1 DENSITY ALT -2474FT SLP172
CYAW,2024-01-31 23:00,-63.4994,44.6397,CYAW 312300Z 25004KT 15SM FEW022 M06/M08 A3003 RMK SC1 DENSITY ALT -2540FT SLP171
CYAW,2024-02-01 00:00,-63.4994,44.6397,CYAW 010000Z 24005KT 15SM SKC M06/M07 A3002 RMK DENSITY ALT -2462FT LAST OBS /NEXT 011300 UTC SLP170
CYAW,2024-02-01 13:00,-63.4994,44.6397,CYAW 011300Z 29005KT 15SM FEW012 OVC022 M01/M03 A3005 RMK CF1SC8 DENSITY ALT -1932FT FST OBS SLP177
CYAW,2024-02-01 14:00,-63.4994,44.6397,CYAW 011400Z 30003KT 15SM FEW012 OVC023 M01/M02 A3006 RMK CF1SC8 DENSITY ALT -1864FT SLP182
CYAW,2024-02-01 15:00,-63.4994,44.6397,CYAW 011500Z 28003KT 15SM FEW015 OVC025 00/M01 A3007 RMK CF1SC8 DENSITY ALT -1755FT SLP184
CYAW,2024-02-01 16:00,-63.4994,44.6397,CYAW 011600Z 24007KT 15SM FEW015 OVC025 01/M01 A3006 RMK CF1SC8 DENSITY ALT -1643FT SLP180
CYAW,2024-02-01 17:00,-63.4994,44.6397,CYAW 011700Z 24007KT 15SM FEW015 OVC023 01/M02 A3004 RMK CF1SC8 DENSITY ALT -1627FT SLP176
CYAW,2024-02-01 18:00,-63.4994,44.6397,CYAW 011800Z 25005KT 15SM FEW015 OVC025 01/M02 A3003 RMK CF1SC8 DENSITY ALT -1589FT SLP173
CYAW,2024-02-01 19:00,-63.4994,44.6397,CYAW 011900Z 23003KT 15SM FEW020 OVC025 01/M02 A3003 RMK CF1SC8 DENSITY ALT -1560FT SLP171
CYAW,2024-02-01 20:00,-63.4994,44.6397,CYAW 012000Z 20004KT 15SM FEW021 OVC029 01/M01 A3003 RMK SC1SC7 DENSITY ALT -1581FT SLP171
CYAW,2024-02-01 20:49,-63.4994,44.6397,CYAW 012049Z 19003KT 4SM -SHRASN BKN017 OVC029 01/00 A3002 RMK SC6SC2 DENSITY ALT -1613FT VIS HYR N QUAD SLP168
CYAW,2024-02-01 21:00,-63.4994,44.6397,CYAW 012100Z 21005KT 2 1/4SM -SHSN BKN016 OVC021 00/00 A3002 RMK SC7SC1 DENSITY ALT -1650FT VIS VRB 1 1/2-3 SLP169
CYAW,2024-02-01 21:12,-63.4994,44.6397,CYAW 012112Z 23003KT 4SM -SHSN BKN009 OVC013 00/00 A3002 RMK SF7SC1 DENSITY ALT -1650FT VIS LWR N QUAD SLP169
CYAW,2024-02-01 21:46,-63.4994,44.6397,CYAW 012146Z 17003KT 9SM BKN016 OVC029 00/00 A3003 RMK SC7SC1 DENSITY ALT -1688FT VIS LWR W SLP170
CYAW,2024-02-01 22:00,-63.4994,44.6397,CYAW 012200Z 17003KT 2 1/4SM -SHSN OVC008 00/00 A3003 RMK SN4SF4 DENSITY ALT -1701FT VIS VRB 1 1/2-3 SLP170
CYAW,2024-02-01 22:28,-63.4994,44.6397,CYAW 012228Z 00000KT 9SM OVC005 00/00 A3002 RMK SF8 DENSITY ALT -1690FT SLP168
CYAW,2024-02-01 23:00,-63.4994,44.6397,CYAW 012300Z 00000KT 12SM BKN006 OVC030 00/00 A3003 RMK SF7SC1 DENSITY ALT -1688FT SLP170
CYAW,2024-02-02 00:00,-63.4994,44.6397,CYAW 020000Z 00000KT 15SM BKN006 OVC022 00/00 A3003 RMK SF7SC1 DENSITY ALT -1675FT SLP171
CYAW,2024-02-02 00:32,-63.4994,44.6397,CYAW 020032Z 20005KT 2 1/2SM -SHSN OVC006 00/00 A3002 RMK SF8 DENSITY ALT -1663FT SLP169
CYAW,2024-02-02 00:43,-63.4994,44.6397,CYAW 020043Z 20005KT 8SM -SHSN BKN007 OVC025 00/00 A3002 RMK SF6SC2 DENSITY ALT -1663FT VIS LWR N SLP169
CYAW,2024-02-02 01:00,-63.4994,44.6397,CYAW 020100Z 19005KT 6SM -SHSN BKN007 OVC011 00/00 A3002 RMK SF6SC2 DENSITY ALT -1676FT LAST OBS /NEXT 021300 UTC SLP169
CYAW,2024-02-02 13:00,-63.4994,44.6397,CYAW 021300Z 13007KT 15SM OVC015 01/M00 A2995 RMK SC8 DENSITY ALT -1523FT FST OBS SLP144
CYAW,2024-02-02 13:21,-63.4994,44.6397,CYAW 021321Z 12004KT 15SM -SHSN OVC018 01/M00 A2994 RMK SC8 DENSITY ALT -1511FT SLP141
CYAW,2024-02-02 14:00,-63.4994,44.6397,CYAW 021400Z 10004KT 4SM -SHRASN BR OVC016 01/00 A2993 RMK SC8 DENSITY ALT -1520FT SLP139
CYAW,2024-02-02 14:15,-63.4994,44.6397,CYAW 021415Z 09004KT 2SM -SHRASN BR SCT008 OVC015 01/01 A2992 RMK SF3SC5 DENSITY ALT -1507FT SLP136
CYAW,2024-02-02 15:00,-63.4994,44.6397,CYAW 021500Z 07002KT 2SM -SHRASN BR SCT008 OVC015 00/00 A2993 RMK SF4SC4 DENSITY ALT -1546FT SLP137
CYAW,2024-02-02 15:36,-63.4994,44.6397,CYAW 021536Z 09002KT 1SM -SHRASN BR OVC005 00/00 A2991 RMK SF8 DENSITY ALT -1536FT SLP131
CYAW,2024-02-02 16:00,-63.4994,44.6397,CYAW 021600Z 05004KT 2SM -SHRASN OVC003 00/00 A2990 RMK SF8 DENSITY ALT -1511FT SLP126
CYAW,2024-02-02 17:00,-63.4994,44.6397,CYAW 021700Z 03005KT 1 1/2SM -SN VV004 00/00 A2987 RMK SN8 DENSITY ALT -1476FT SLP118
CYAW,2024-02-02 17:29,-63.4994,44.6397,CYAW 021729Z 02005KT 1SM -SN VV003 00/00 A2986 RMK SN8 DENSITY ALT -1464FT SLP115
CYAW,2024-02-02 18:00,-63.4994,44.6397,CYAW 021800Z 01005KT 1SM -SN VV003 00/00 A2985 RMK SN8 DENSITY ALT -1466FT SLP110
CYAW,2024-02-02 19:00,-63.4994,44.6397,CYAW 021900Z 02006KT 2 1/2SM -SN VV004 00/00 A2983 RMK SN8 DENSITY ALT -1430FT SLP104
CYAW,2024-02-02 19:26,-63.4994,44.6397,CYAW 021926Z CCA 03008KT 1SM -SN VV003 00/00 A2982 RMK SN8 DENSITY ALT -1431FT VIS VRB 3/4-1 1/2 LAST OBS /NEXT 051100 UTC SLP101
CYAW,2024-02-05 16:00,-63.4994,44.6397,CYAW 051600Z 36014G20KT 15SM BKN016 OVC049 01/M01 A2947 RMK SC7SC1 DENSITY ALT -916FT FST OBS SLP980
CYAW,2024-02-05 17:00,-63.4994,44.6397,CYAW 051700Z 01017G23KT 12SM OVC018 02/M01 A2947 RMK SC8 DENSITY ALT -877FT SLP983
CYAW,2024-02-05 18:00,-63.4994,44.6397,CYAW 051800Z 02015G21KT 12SM -SHSN BKN018 OVC040 01/M00 A2949 RMK SC7SC1 DENSITY ALT -911FT PCPN VRY LGT SLP987
CYAW,2024-02-05 19:00,-63.4994,44.6397,CYAW 051900Z 01013G19KT 12SM -SHSN BKN016 OVC040 01/00 A2952 RMK SC6SC2 DENSITY ALT -994FT SLP000
CYAW,2024-02-05 20:00,-63.4994,44.6397,CYAW 052000Z 36014G22KT 12SM -SHSN BKN016 OVC040 01/00 A2954 RMK SC6SC2 DENSITY ALT -1043FT SLP006
CYAW,2024-02-05 20:47,-63.4994,44.6397,CYAW 052047Z 01012G19KT 15SM OVC017 01/M00 A2958 RMK SC8 DENSITY ALT -1104FT SLP018
CYAW,2024-02-05 21:00,-63.4994,44.6397,CYAW 052100Z 01012G22KT 15SM OVC017 01/M00 A2958 RMK SC8 DENSITY ALT -1104FT SLP019
CYAW,2024-02-05 21:40,-63.4994,44.6397,CYAW 052140Z 01015G25KT 15SM OVC014 01/M00 A2960 RMK SC8 DENSITY ALT -1141FT SLP026
CYAW,2024-02-05 21:51,-63.4994,44.6397,CYAW 052151Z 01015G22KT 12SM -SHSN OVC014 01/M00 A2961 RMK SC8 DENSITY ALT -1165FT SLP029
CYAW,2024-02-05 22:00,-63.4994,44.6397,CYAW 052200Z 01015G22KT 12SM -SHSN OVC013 01/M00 A2962 RMK SC8 DENSITY ALT -1177FT SLP031
CYAW,2024-02-05 22:19,-63.4994,44.6397,CYAW 052219Z 01014G21KT 15SM BKN014 OVC051 00/M00 A2962 RMK SC7SC1 DENSITY ALT -1190FT SLP033
CYAW,2024-02-05 23:00,-63.4994,44.6397,CYAW 052300Z 01015G24KT 15SM BKN014 OVC044 00/M01 A2965 RMK SC7SC1 DENSITY ALT -1226FT SLP042
CYAW,2024-02-05 23:38,-63.4994,44.6397,CYAW 052338Z 01014G23KT 15SM BKN014 OVC050 00/M01 A2966 RMK SC7SC1 DENSITY ALT -1250FT LAST OBS /NEXT 061300 UTC SLP045
CYAW,2024-02-06 13:00,-63.4994,44.6397,CYAW 061300Z 01014G22KT 15SM SCT015 OVC023 M00/M02 A2995 RMK SC4SC4 DENSITY ALT -1645FT FST OBS SLP144
CYAW,2024-02-06 14:00,-63.4994,44.6397,CYAW 061400Z 01010G20KT 15SM BKN015 OVC023 00/M02 A2997 RMK SC5SC3 DENSITY ALT -1655FT SLP152
CYAW,2024-02-06 14:46,-63.4994,44.6397,CYAW 061446Z 01012G20KT 12SM -SHSN BKN017 OVC023 00/M01 A2998 RMK SC6SC2 DENSITY ALT -1640FT PCPN VRY LGT SLP156
CYAW,2024-02-06 15:00,-63.4994,44.6397,CYAW 061500Z 02018KT 12SM -SHSN BKN017 OVC023 01/M02 A2998 RMK SC6SC2 DENSITY ALT -1603FT SLP156
CYAW,2024-02-06 16:00,-63.4994,44.6397,CYAW 061600Z 02016G24KT 12SM -SHSN BKN018 OVC021 00/M02 A3000 RMK SC7SC1 DENSITY ALT -1639FT PCPN VRY LGT SLP160
CYAW,2024-02-06 17:00,-63.4994,44.6397,CYAW 061700Z 01013G25KT 12SM -SHSN OVC018 01/M01 A2999 RMK SC8 DENSITY ALT -1551FT SLP158
CYAW,2024-02-06 18:00,-63.4994,44.6397,CYAW 061800Z 01013G22KT 12SM -SHSN OVC017 01/M01 A3000 RMK SC8 DENSITY ALT -1574FT PCPN VRY LGT SLP160
CYAW,2024-02-06 19:00,-63.4994,44.6397,CYAW 061900Z 01015G21KT 12SM -SHSN OVC017 01/M02 A3002 RMK SC8 DENSITY ALT -1650FT PCPN VRY LGT LAST OBS /NEXT 071300 UTC SLP167
CYAW,2024-02-07 13:00,-63.4994,44.6397,CYAW 071300Z 03008KT 12SM -SHSN OVC012 M03/M04 A3027 RMK SC8 DENSITY ALT -2399FT PCPN VRY LGT FST OBS SLP254
CYAW,2024-02-07 14:00,-63.4994,44.6397,CYAW 071400Z 02008KT 12SM -SHSN OVC011 M03/M04 A3027 RMK SC8 DENSITY ALT -2373FT PCPN VRY LGT SLP255
CYAW,2024-02-07 15:00,-63.4994,44.6397,CYAW 071500Z 02009G15KT 15SM OVC014 M03/M04 A3027 RMK SC8 DENSITY ALT -2349FT SLP254
CYAW,2024-02-07 16:00,-63.4994,44.6397,CYAW 071600Z 36009KT 15SM OVC014 M02/M04 A3024 RMK SC8 DENSITY ALT -2222FT SLP243
CYAW,2024-02-07 17:00,-63.4994,44.6397,CYAW 071700Z 01010KT 15SM OVC016 M01/M04 A3022 RMK SC8 DENSITY ALT -2122FT SLP238
CYAW,2024-02-07 18:00,-63.4994,44.6397,CYAW 071800Z 03007KT 15SM BKN019 BKN250 M01/M04 A3022 RMK SC7CI1 DENSITY ALT -2086FT SLP236
CYAW,2024-02-07 19:00,-63.4994,44.6397,CYAW 071900Z 03006KT 15SM BKN020 M01/M05 A3023 RMK SC7 DENSITY ALT -2085FT SLP239
CYAW,2024-02-07 20:00,-63.4994,44.6397,CYAW 072000Z 01007KT 15SM OVC020 M01/M04 A3022 RMK SC8 DENSITY ALT -2097FT SLP238
CYAW,2024-02-07 21:00,-63.4994,44.6397,CYAW 072100Z 01006KT 15SM OVC019 M02/M05 A3022 RMK SC8 DENSITY ALT -2189FT LAST OBS /NEXT 081300 UTC SLP238
CYAW,2024-02-08 13:00,-63.4994,44.6397,CYAW 081300Z 02009KT 15SM BKN012 M05/M07 A3029 RMK SC7 DENSITY ALT -2680FT FST OBS SLP259
CYAW,2024-02-08 14:00,-63.4994,44.6397,CYAW 081400Z 03009KT 15SM BKN013 M04/M06 A3029 RMK SC7 DENSITY ALT -2562FT SLP261
CYAW,2024-02-08 15:00,-63.4994,44.6397,CYAW 081500Z 02009KT 15SM BKN016 BKN250 M03/M06 A3028 RMK SC5CI1 DENSITY ALT -2420FT SLP256
CYAW,2024-02-08 16:00,-63.4994,44.6397,CYAW 081600Z 02006KT 15SM FEW018 FEW250 M02/M06 A3025 RMK SC1CI1 DENSITY ALT -2203FT SLP248
CYAW,2024-02-08 17:00,-63.4994,44.6397,CYAW 081700Z 36009KT 15SM FEW018 FEW250 M00/M05 A3022 RMK SC1CI1 DENSITY ALT -2010FT SLP238
CYAW,2024-02-08 18:00,-63.4994,44.6397,CYAW 081800Z 01010KT 15SM FEW020 FEW250 01/M05 A3021 RMK SC1CI1 DENSITY ALT -1846FT SLP232
CYAW,2024-02-08 19:00,-63.4994,44.6397,CYAW 081900Z 03008KT 15SM FEW030 FEW250 02/M05 A3021 RMK SC1CI1 DENSITY ALT -1744FT SLP233
CYAW,2024-02-08 20:00,-63.4994,44.6397,CYAW 082000Z 01007KT 15SM FEW030 FEW250 02/M05 A3021 RMK SC1CI1 DENSITY ALT -1744FT SLP234
CYAW,2024-02-08 21:00,-63.4994,44.6397,CYAW 082100Z 36009KT 15SM FEW020 FEW250 01/M05 A3022 RMK SC1CI1 DENSITY ALT -1858FT SLP238
CYAW,2024-02-08 22:00,-63.4994,44.6397,CYAW 082200Z 36006KT 15SM FEW020 M01/M05 A3022 RMK SC1 DENSITY ALT -2077FT SLP238
CYAW,2024-02-08 23:00,-63.4994,44.6397,CYAW 082300Z 35003KT 15SM SKC M02/M05 A3022 RMK DENSITY ALT -2217FT LAST OBS/NXT 091300 UTC SLP237
CYAW,2024-02-09 13:00,-63.4994,44.6397,CYAW 091300Z 36005KT 12SM SCT004 M07/M07 A3021 RMK SF4 DENSITY ALT -2810FT FST OBS SLP232
CYAW,2024-02-09 14:00,-63.4994,44.6397,CYAW 091400Z 35005KT 12SM FEW005 FEW250 M05/M06 A3020 RMK SF1CI1 DENSITY ALT -2573FT CI TR SLP229
CYAW,2024-02-09 15:00,-63.4994,44.6397,CYAW 091500Z 31005KT 15SM FEW005 FEW250 M04/M06 A3019 RMK SF1CI1 DENSITY ALT -2417FT SLP225
CYAW,2024-02-09 16:00,-63.4994,44.6397,CYAW 091600Z 30004KT 15SM FEW005 FEW250 M02/M06 A3017 RMK SF1CI1 DENSITY ALT -2213FT SLP218
CYAW,2024-02-09 17:00,-63.4994,44.6397,CYAW 091700Z 31005KT 15SM FEW020 FEW240 M01/M05 A3014 RMK SC1CI1 DENSITY ALT -1959FT SLP211
CYAW,2024-02-09 18:00,-63.4994,44.6397,CYAW 091800Z 21003KT 15SM FEW020 FEW250 00/M06 A3012 RMK SC1CI1 DENSITY ALT -1838FT SLP203
CYAW,2024-02-09 19:00,-63.4994,44.6397,CYAW 091900Z 22006KT 15SM FEW020 FEW250 01/M06 A3011 RMK SC1CI1 DENSITY ALT -1710FT SLP201
CYAW,2024-02-09 20:00,-63.4994,44.6397,CYAW 092000Z 18004KT 15SM FEW020 FEW250 M00/M03 A3009 RMK SC1CI2 DENSITY ALT -1839FT SLP194
CYAW,2024-02-09 21:00,-63.4994,44.6397,CYAW 092100Z 18003KT 15SM FEW100 FEW250 M01/M02 A3010 RMK AC1CI2 DENSITY ALT -1951FT SLP195
CYAW,2024-02-09 22:00,-63.4994,44.6397,CYAW 092200Z 18002KT 15SM FEW100 FEW250 M02/M03 A3011 RMK AC1CI2 DENSITY ALT -2027FT SLP198
CYAW,2024-02-09 23:00,-63.4994,44.6397,CYAW 092300Z 20003KT 15SM FEW250 M02/M03 A3009 RMK CI1 DENSITY ALT -2109FT SLP192
CYAW,2024-02-10 00:00,-63.4994,44.6397,CYAW 100000Z 23003KT 15SM FEW250 M03/M04 A3008 RMK CI2 DENSITY ALT -2153FT SLP190
CYAW,2024-02-10 00:49,-63.4994,44.6397,CYAW 100049Z 24003KT 15SM BKN140 M02/M03 A3008 RMK AC7 DENSITY ALT -2099FT LAST OBS/NXT 121100 UTC SLP189
CYAW,2024-02-12 11:00,-63.4994,44.6397,CYAW 121100Z 31003KT 15SM SCT040 SCT220 01/M00 A2974 RMK SC3CI1 DENSITY ALT -1303FT FST OBS SLP074
CYAW,2024-02-12 12:00,-63.4994,44.6397,CYAW 121200Z 30005KT 15SM FEW040 FEW220 01/00 A2977 RMK SC1CI1 DENSITY ALT -1336FT SLP082
CYAW,2024-02-12 13:00,-63.4994,44.6397,CYAW 121300Z 31008KT 15SM FEW040 FEW220 02/01 A2978 RMK SC1CI1 DENSITY ALT -1118FT SLP086
CYAW,2024-02-12 14:00,-63.4994,44.6397,CYAW 121400Z 30007KT 15SM FEW040 04/01 A2977 RMK SC1 DENSITY ALT -902FT SLP084
CYAW,2024-02-12 15:00,-63.4994,44.6397,CYAW 121500Z 30007KT 15SM FEW016 FEW040 05/01 A2977 RMK CF1SC1 DENSITY ALT -753FT SLP084
CYAW,2024-02-12 16:00,-63.4994,44.6397,CYAW 121600Z 28007KT 15SM FEW027 06/00 A2975 RMK CU1 DENSITY ALT -586FT SLP077
CYAW,2024-02-12 17:00,-63.4994,44.6397,CYAW 121700Z 29007KT 15SM SCT037 06/00 A2974 RMK CU3 DENSITY ALT -601FT SLP071
CYAW,2024-02-12 18:00,-63.4994,44.6397,CYAW 121800Z CCA 30011KT 15SM SCT040 SCT250 08/M01 A2974 RMK SC4CI1 DENSITY ALT -422FT SLP073
CYAW,2024-02-12 19:00,-63.4994,44.6397,CYAW 121900Z 31010KT 15SM SCT040 SCT250 07/M01 A2974 RMK SC3CI1 DENSITY ALT -508FT SLP071
CYAW,2024-02-12 20:00,-63.4994,44.6397,CYAW 122000Z 30008KT 15SM FEW042 FEW250 05/M01 A2974 RMK SC2CI1 DENSITY ALT -709FT SLP074
CYAW,2024-02-12 21:00,-63.4994,44.6397,CYAW 122100Z 31005KT 15SM FEW041 FEW250 05/M02 A2975 RMK SC1CI1 DENSITY ALT -797FT SLP077
CYAW,2024-02-12 22:00,-63.4994,44.6397,CYAW 122200Z 34004KT 15SM FEW040 FEW250 03/M02 A2976 RMK SC1CI1 DENSITY ALT -1034FT SLP081
CYAW,2024-02-12 23:00,-63.4994,44.6397,CYAW 122300Z 35006KT 15SM FEW040 03/M02 A2979 RMK SC1 DENSITY ALT -1119FT SLP090
CYAW,2024-02-13 00:00,-63.4994,44.6397,CYAW 130000Z 34007KT 15SM FEW040 02/M02 A2979 RMK SC1 DENSITY ALT -1234FT SLP090
CYAW,2024-02-13 00:38,-63.4994,44.6397,CYAW 130038Z 00000KT 15SM SKC 00/M02 A2980 RMK DENSITY ALT -1437FT LAST OBS /NEXT 131300 UTC SLP093
CYAW,2024-02-13 13:00,-63.4994,44.6397,CYAW 131300Z 00000KT 15SM FEW170 FEW220 M01/M01 A2970 RMK AC1CI1 DENSITY ALT -1426FT FST OBS SLP059
CYAW,2024-02-13 14:00,-63.4994,44.6397,CYAW 131400Z 33006KT 15SM FEW015 FEW170 SCT220 01/M01 A2971 RMK CU1AC2CI1 DENSITY ALT -1172FT SLP061
CYAW,2024-02-13 15:00,-63.4994,44.6397,CYAW 131500Z 31005KT 15SM FEW015 SCT170 SCT220 02/M02 A2969 RMK CU1AC3CI1 DENSITY ALT -1041FT SLP057
CYAW,2024-02-13 16:00,-63.4994,44.6397,CYAW 131600Z 01005KT 15SM FEW032 BKN150 03/M04 A2962 RMK CU1AC7 DENSITY ALT -894FT PRESFR SLP033
CYAW,2024-02-13 17:00,-63.4994,44.6397,CYAW 131700Z 05005KT 15SM FEW030 BKN140 03/M03 A2958 RMK SC2AC7 DENSITY ALT -806FT SLP018
CYAW,2024-02-13 18:00,-63.4994,44.6397,CYAW 131800Z 11004KT 15SM -SHSN BKN030 OVC140 02/M01 A2953 RMK SC5AS3 DENSITY ALT -910FT PCPN VRY LGT SLP003
CYAW,2024-02-13 19:00,-63.4994,44.6397,CYAW 131900Z 09004KT 15SM -SHSN BKN030 OVC140 01/M02 A2951 RMK SC7AS1 DENSITY ALT -942FT PCPN VRY LGT SLP994
CYAW,2024-02-13 20:00,-63.4994,44.6397,CYAW 132000Z 06007KT 15SM -SHSN OVC032 01/M02 A2948 RMK SC8 DENSITY ALT -974FT PCPN VRY LGT SLP984
CYAW,2024-02-13 20:42,-63.4994,44.6397,CYAW 132042Z 06009KT 5SM -SN OVC028 01/M02 A2943 RMK SC8 DENSITY ALT -928FT PRESFR SLP967
CYAW,2024-02-13 20:52,-63.4994,44.6397,CYAW 132052Z 04010G19KT 3/4SM -SN VV007 01/M03 A2940 RMK SN8 DENSITY ALT -907FT PRESFR SLP959
CYAW,2024-02-13 21:00,-63.4994,44.6397,CYAW 132100Z CCA 04014G22KT 3/4SM -SN VV007 M00/M02 A2939 RMK SN8 DENSITY ALT -994FT PRESFR LAST OBS /NEXT 141300 UTC SLP955
CYAW,2024-02-14 16:00,-63.4994,44.6397,CYAW 141600Z 32017G24KT 15SM FEW020 FEW250 M05/M10 A2940 RMK CF1CI2 DENSITY ALT -1615FT FST OBS SLP958
CYAW,2024-02-14 17:00,-63.4994,44.6397,CYAW 141700Z 32016G23KT 15SM FEW020 SCT250 M04/M10 A2937 RMK CF1CI3 DENSITY ALT -1462FT SLP949
CYAW,2024-02-14 18:00,-63.4994,44.6397,CYAW 141800Z 30015G20KT 15SM FEW030 FEW250 M02/M09 A2935 RMK SC1CI2 DENSITY ALT -1283FT SLP941
CYAW,2024-02-14 19:00,-63.4994,44.6397,CYAW 141900Z 29017G23KT 15SM DRSN BKN037 M03/M10 A2936 RMK SC5 DENSITY ALT -1374FT SLP943
CYAW,2024-02-14 20:00,-63.4994,44.6397,CYAW 142000Z 30016G28KT 15SM DRSN BKN040 M05/M11 A2938 RMK SC7 DENSITY ALT -1658FT LAST OBS /NEXT 151300 UTC SLP950
CYAW,2024-02-15 13:00,-63.4994,44.6397,CYAW 151300Z 32022G30KT 12SM -SN DRSN FEW018 SCT030 OVC220 M04/M06 A2955 RMK SC2SC2CS4 DENSITY ALT -1673FT FST OBS SLP010
CYAW,2024-02-15 13:43,-63.4994,44.6397,CYAW 151343Z 32021G29KT 12SM DRSN SCT022 OVC220 M03/M06 A2956 RMK SC3CS5 DENSITY ALT -1634FT SLP014
CYAW,2024-02-15 14:00,-63.4994,44.6397,CYAW 151400Z 32020G32KT 15SM DRSN SCT022 OVC220 M03/M06 A2956 RMK SC3CS5 DENSITY ALT -1610FT SLP014
CYAW,2024-02-15 15:00,-63.4994,44.6397,CYAW 151500Z 32022G32KT 15SM DRSN BKN024 OVC220 M03/M06 A2958 RMK SC5CI3 DENSITY ALT -1568FT SLP019
CYAW,2024-02-15 16:00,-63.4994,44.6397,CYAW 151600Z 33025G32KT 15SM DRSN BKN026 OVC220 M02/M06 A2958 RMK SC7CI1 DENSITY ALT -1478FT SLP021
CYAW,2024-02-15 17:00,-63.4994,44.6397,CYAW 151700Z 33020G31KT 15SM DRSN SCT027 OVC220 M01/M06 A2958 RMK SC3CI5 DENSITY ALT -1390FT SLP020
CYAW,2024-02-15 18:00,-63.4994,44.6397,CYAW 151800Z 34018G26KT 15SM DRSN FEW027 BKN220 M01/M07 A2958 RMK SC1CI7 DENSITY ALT -1302FT SLP021
CYAW,2024-02-15 19:00,-63.4994,44.6397,CYAW 151900Z 32021G28KT 15SM DRSN FEW030 BKN220 00/M07 A2959 RMK SC1CI5 DENSITY ALT -1237FT SLP024
CYAW,2024-02-15 20:00,-63.4994,44.6397,CYAW 152000Z 32021G28KT 15SM DRSN FEW030 BKN220 00/M07 A2961 RMK CF1CI6 DENSITY ALT -1260FT LAST OBS /NEXT 161200 UTC SLP031
CYAW,2024-02-16 12:00,-63.4994,44.6397,CYAW 161200Z 00000KT 15SM OVC075 M09/M10 A2955 RMK AS8 DENSITY ALT -2407FT FST OBS SLP010
CYAW,2024-02-16 13:00,-63.4994,44.6397,CYAW 161300Z 00000KT 15SM BKN060 OVC070 M08/M08 A2953 RMK SC6AS2 DENSITY ALT -2153FT SLP003
CYAW,2024-02-16 14:00,-63.4994,44.6397,CYAW 161400Z 05003KT 15SM BKN040 OVC050 M06/M10 A2951 RMK SC7SC1 DENSITY ALT -1939FT SLP995
CYAW,2024-02-16 14:51,-63.4994,44.6397,CYAW 161451Z 05003KT 6SM -SHSN OVC048 M05/M11 A2948 RMK SC8 DENSITY ALT -1816FT SLP985
CYAW,2024-02-16 15:00,-63.4994,44.6397,CYAW 161500Z 06003KT 4SM -SHSN OVC045 M05/M11 A2948 RMK SC8 DENSITY ALT -1802FT SLP985
CYAW,2024-02-16 15:47,-63.4994,44.6397,CYAW 161547Z 03006KT 1 1/2SM -SHSN VV015 M05/M08 A2944 RMK SN8 DENSITY ALT -1721FT SLP973
CYAW,2024-02-16 16:00,-63.4994,44.6397,CYAW 161600Z 03004KT 1 1/2SM -SHSN VV015 M05/M08 A2944 RMK SN8 DENSITY ALT -1668FT SLP972
CYAW,2024-02-16 16:17,-63.4994,44.6397,CYAW 161617Z 02005KT 3SM -SHSN OVC045 M04/M08 A2943 RMK SC8 DENSITY ALT -1617FT SLP968
CYAW,2024-02-16 17:00,-63.4994,44.6397,CYAW 161700Z 01007KT 12SM OVC035 M03/M08 A2939 RMK SC8 DENSITY ALT -1353FT SLP956
CYAW,2024-02-16 18:00,-63.4994,44.6397,CYAW 161800Z 35010KT 15SM FEW030 BKN080 BKN240 M01/M09 A2938 RMK SC2AS3CI2 DENSITY ALT -1163FT SLP950
CYAW,2024-02-16 19:00,-63.4994,44.6397,CYAW 161900Z 34012KT 15SM BKN045 BKN080 BKN240 M02/M12 A2939 RMK SC6AS1CI1 DENSITY ALT -1223FT SLP953
CYAW,2024-02-16 20:00,-63.4994,44.6397,CYAW 162000Z 34012KT 15SM BKN050 BKN080 BKN240 M02/M13 A2940 RMK SC6AC1CI1 DENSITY ALT -1238FT LAST OBS /NEXT 201100 UTC SLP957
CYAW,2024-02-20 11:00,-63.4994,44.6397,CYAW 201100Z 29006KT 15SM FEW020 M10/M13 A3026 RMK SC1 DENSITY ALT -3352FT FST OBS SLP249
CYAW,2024-02-20 12:00,-63.4994,44.6397,CYAW 201200Z 31010KT 15SM FEW020 M10/M13 A3028 RMK SC1 DENSITY ALT -3349FT SLP256
CYAW,2024-02-20 13:00,-63.4994,44.6397,CYAW 201300Z 31009KT 15SM FEW020 M09/M13 A3031 RMK SC1 DENSITY ALT -3290FT SLP266
CYAW,2024-02-20 14:00,-63.4994,44.6397,CYAW 201400Z 32013KT 15SM FEW020 M08/M13 A3031 RMK SC1 DENSITY ALT -3171FT SLP268
CYAW,2024-02-20 15:00,-63.4994,44.6397,CYAW 201500Z 32012G19KT 15SM FEW032 M07/M15 A3031 RMK SC1 DENSITY ALT -3042FT SLP268
CYAW,2024-02-20 16:00,-63.4994,44.6397,CYAW 201600Z 30010G18KT 15SM FEW032 M06/M15 A3030 RMK SC1 DENSITY ALT -2886FT SLP265
CYAW,2024-02-20 17:00,-63.4994,44.6397,CYAW 201700Z 30011KT 15SM FEW032 M05/M14 A3029 RMK SC1 DENSITY ALT -2728FT SLP260
CYAW,2024-02-20 18:00,-63.4994,44.6397,CYAW 201800Z 29012G17KT 15SM FEW033 M05/M16 A3030 RMK SC1 DENSITY ALT -2691FT SLP263
CYAW,2024-02-20 19:00,-63.4994,44.6397,CYAW 201900Z 31009KT 15SM FEW033 M04/M16 A3031 RMK SC1 DENSITY ALT -2651FT SLP267
CYAW,2024-02-20 20:00,-63.4994,44.6397,CYAW 202000Z 31012KT 15SM FEW034 M04/M16 A3032 RMK SC1 DENSITY ALT -2648FT SLP269
CYAW,2024-02-20 21:00,-63.4994,44.6397,CYAW 202100Z 31011G17KT 15SM FEW035 M05/M16 A3033 RMK SC1 DENSITY ALT -2725FT LAST OBS /NEXT 211300 UTC SLP275
CYAW,2024-02-21 13:00,-63.4994,44.6397,CYAW 211300Z 05004KT 15SM BKN250 M11/M18 A3066 RMK CI6 DENSITY ALT -3956FT FST OBS SLP386
CYAW,2024-02-21 14:00,-63.4994,44.6397,CYAW 211400Z 05005KT 15SM BKN250 M09/M16 A3065 RMK CI5 DENSITY ALT -3606FT SLP381
CYAW,2024-02-21 15:00,-63.4994,44.6397,CYAW 211500Z 35004KT 15SM BKN250 M08/M15 A3063 RMK CI5 DENSITY ALT -3476FT SLP377
CYAW,2024-02-21 16:00,-63.4994,44.6397,CYAW 211600Z 00000KT 15SM BKN250 M06/M18 A3061 RMK CI7 DENSITY ALT -3220FT SLP368
CYAW,2024-02-21 17:00,-63.4994,44.6397,CYAW 211700Z 00000KT 15SM BKN250 M05/M16 A3056 RMK CI7 DENSITY ALT -3029FT CS ASOCTD HALO SLP353
CYAW,2024-02-21 18:00,-63.4994,44.6397,CYAW 211800Z 17006KT 15SM BKN250 M05/M14 A3055 RMK CI7 DENSITY ALT -3052FT SLP348
CYAW,2024-02-21 19:00,-63.4994,44.6397,CYAW 211900Z 16004KT 15SM BKN250 M05/M14 A3052 RMK CI7 DENSITY ALT -3004FT SLP338
CYAW,2024-02-21 20:00,-63.4994,44.6397,CYAW 212000Z 13006KT 15SM BKN250 M05/M13 A3050 RMK CI7 DENSITY ALT -2967FT SLP332
CYAW,2024-02-21 21:00,-63.4994,44.6397,CYAW 212100Z 13006KT 15SM BKN250 M05/M12 A3050 RMK CI7 DENSITY ALT -2991FT SLP331
CYAW,2024-02-21 22:00,-63.4994,44.6397,CYAW 212200Z 14004KT 15SM BKN250 M06/M11 A3050 RMK CI6 DENSITY ALT -3133FT SLP332
CYAW,2024-02-21 23:00,-63.4994,44.6397,CYAW 212300Z 00000KT 15SM FEW020 BKN250 M08/M11 A3050 RMK SC1CI5 DENSITY ALT -3371FT SLP332
CYAW,2024-02-21 23:53,-63.4994,44.6397,CYAW 212353Z 12003KT 15SM FEW020 BKN250 M08/M10 A3048 RMK SC1CI6 DENSITY ALT -3332FT LAST OBS /NEXT 221300 UTC SLP326
CYAW,2024-02-22 13:00,-63.4994,44.6397,CYAW 221300Z CCA 05005KT 12SM OVC014 M03/M04 A3014 RMK SC8 DENSITY ALT -2290FT FST OBS SLP211
CYAW,2024-02-22 14:00,-63.4994,44.6397,CYAW 221400Z 05006KT 12SM OVC013 M02/M04 A3011 RMK SC8 DENSITY ALT -2123FT SLP198
CYAW,2024-02-22 15:00,-63.4994,44.6397,CYAW 221500Z 04006KT 12SM OVC010 M01/M03 A3006 RMK SC8 DENSITY ALT -1958FT SLP183
CYAW,2024-02-22 16:00,-63.4994,44.6397,CYAW 221600Z 04005KT 12SM OVC010 M01/M03 A3003 RMK SC8 DENSITY ALT -1871FT SLP174
CYAW,2024-02-22 16:22,-63.4994,44.6397,CYAW 221622Z 06005KT 5SM -SN OVC011 M01/M03 A3001 RMK SC8 DENSITY ALT -1834FT PRESFR SLP166
CYAW,2024-02-22 17:00,-63.4994,44.6397,CYAW 221700Z 06005KT 2SM -SN OVC010 M01/M02 A2998 RMK SC8 DENSITY ALT -1809FT SLP155
CYAW,2024-02-22 17:38,-63.4994,44.6397,CYAW 221738Z 06005KT 1SM -SN VV008 M01/M01 A2994 RMK SN8 DENSITY ALT -1757FT VIS VRB 3/4-1 1/2 PRESFR SLP141
CYAW,2024-02-22 18:00,-63.4994,44.6397,CYAW 221800Z 06007KT 1SM -SN VV008 M01/M01 A2992 RMK SN8 DENSITY ALT -1721FT VIS VRB 3/4-1 1/2 SLP136
CYAW,2024-02-22 18:17,-63.4994,44.6397,CYAW 221817Z 03005KT 2SM -SN OVC008 M01/M01 A2992 RMK SC8 DENSITY ALT -1748FT SLP136
CYAW,2024-02-22 18:36,-63.4994,44.6397,CYAW 221836Z 02006KT 4SM -SN OVC013 M01/M01 A2991 RMK SC8 DENSITY ALT -1723FT SLP131
CYAW,2024-02-22 19:00,-63.4994,44.6397,CYAW 221900Z 02005KT 10SM -SN BKN013 OVC034 M01/M01 A2990 RMK SC6SC2 DENSITY ALT -1699FT SLP126
CYAW,2024-02-22 20:00,-63.4994,44.6397,CYAW 222000Z 02005KT 12SM -SN BKN014 OVC027 M01/M02 A2986 RMK SC5SC3 DENSITY ALT -1604FT SLP115
CYAW,2024-02-22 20:29,-63.4994,44.6397,CYAW 222029Z 02006KT 12SM -SN SCT013 OVC025 M01/M02 A2986 RMK SC3SC5 DENSITY ALT -1604FT PCPN VRY LGT SLP113
CYAW,2024-02-22 20:49,-63.4994,44.6397,CYAW 222049Z 01007KT 12SM OVC024 M00/M02 A2984 RMK SC8 DENSITY ALT -1568FT SLP108
CYAW,2024-02-22 21:00,-63.4994,44.6397,CYAW 222100Z 35007KT 12SM BKN024 M01/M02 A2984 RMK SC7 DENSITY ALT -1581FT SLP106
CYAW,2024-02-22 22:00,-63.4994,44.6397,CYAW 222200Z 36006KT 15SM BKN028 BKN090 M01/M02 A2980 RMK SC7AC1 DENSITY ALT -1551FT SLP093
CYAW,2024-02-22 23:00,-63.4994,44.6397,CYAW 222300Z 36005KT 15SM OVC020 M01/M03 A2979 RMK SC8 DENSITY ALT -1541FT SLP092
CYAW,2024-02-23 00:00,-63.4994,44.6397,CYAW 230000Z 36005KT 15SM OVC015 M01/M03 A2979 RMK SC8 DENSITY ALT -1566FT SLP090
CYAW,2024-02-23 01:00,-63.4994,44.6397,CYAW 230100Z 34005KT 15SM OVC015 M01/M03 A2976 RMK SC8 DENSITY ALT -1532FT SLP081
CYAW,2024-02-23 02:00,-63.4994,44.6397,CYAW 230200Z 33009KT 15SM OVC015 M01/M03 A2975 RMK SC8 DENSITY ALT -1546FT SLP077
CYAW,2024-02-23 02:29,-63.4994,44.6397,CYAW 230229Z 33008KT 15SM OVC017 M01/M03 A2974 RMK SC8 DENSITY ALT -1547FT LAST OBS /NEXT 231300 UTC SLP075
CYAW,2024-02-23 13:00,-63.4994,44.6397,CYAW 231300Z 35003KT 12SM OVC008 M02/M02 A2974 RMK SF8 DENSITY ALT -1632FT FST OBS SLP073
CYAW,2024-02-23 14:00,-63.4994,44.6397,CYAW 231400Z 22007KT 12SM BKN011 01/M01 A2973 RMK SC7 DENSITY ALT -1256FT SLP070
CYAW,2024-02-23 15:00,-63.4994,44.6397,CYAW 231500Z 21012KT 12SM OVC011 01/M00 A2973 RMK SC8 DENSITY ALT -1253FT SLP068
CYAW,2024-02-23 15:52,-63.4994,44.6397,CYAW 231552Z 21010G16KT 9SM -PL OVC010 01/00 A2972 RMK SC8 DENSITY ALT -1226FT SLP066
CYAW,2024-02-23 16:00,-63.4994,44.6397,CYAW 231600Z 21011KT 9SM -RA OVC009 01/00 A2972 RMK SF8 DENSITY ALT -1226FT SLP066
CYAW,2024-02-23 17:00,-63.4994,44.6397,CYAW 231700Z 20010KT 9SM -RA OVC008 01/01 A2969 RMK SF8 DENSITY ALT -1174FT SLP057
CYAW,2024-02-23 18:00,-63.4994,44.6397,CYAW 231800Z 21011G17KT 12SM OVC008 01/01 A2969 RMK SF8 DENSITY ALT -1136FT SLP056
CYAW,2024-02-23 18:35,-63.4994,44.6397,CYAW 231835Z 21011KT 15SM SCT008 OVC048 02/01 A2968 RMK SF3SC5 DENSITY ALT -1060FT SLP055
CYAW,2024-02-23 19:00,-63.4994,44.6397,CYAW 231900Z 21009G16KT 12SM FEW008 OVC046 02/01 A2968 RMK SF2SC6 DENSITY ALT -1059FT SLP054
CYAW,2024-02-23 19:48,-63.4994,44.6397,CYAW 231948Z 18005KT 8SM BKN009 OVC037 01/01 A2968 RMK SF6SC2 DENSITY ALT -1162FT SLP054
CYAW,2024-02-23 20:00,-63.4994,44.6397,CYAW 232000Z 20006KT 8SM BKN008 OVC037 01/01 A2968 RMK SF6SC2 DENSITY ALT -1136FT SLP054
CYAW,2024-02-23 20:42,-63.4994,44.6397,CYAW 232042Z 17006KT 8SM -RA BKN006 OVC034 01/01 A2967 RMK SF7SC1 DENSITY ALT -1150FT SLP049
CYAW,2024-02-23 21:00,-63.4994,44.6397,CYAW 232100Z CCA 17006KT 6SM -RA BR BKN006 OVC034 01/01 A2968 RMK SF5SC3 DENSITY ALT -1162FT SLP052
CYAW,2024-02-23 22:00,-63.4994,44.6397,CYAW 232200Z 12005KT 3SM -RA BR BKN006 OVC034 01/01 A2965 RMK SF6SC2 DENSITY ALT -1127FT SLP042
CYAW,2024-02-23 22:45,-63.4994,44.6397,CYAW 232245Z 13011KT 2SM RA BR OVC005 02/02 A2962 RMK SF8 DENSITY ALT -960FT VIS VRB 1 1/2-2 1/2 SLP034
CYAW,2024-02-23 23:00,-63.4994,44.6397,CYAW 232300Z 12010KT 3SM -RA BR BKN005 OVC026 02/02 A2962 RMK SF7SC1 DENSITY ALT -933FT SLP033
CYAW,2024-02-24 00:00,-63.4994,44.6397,CYAW 240000Z 17008KT 3SM -RA BR OVC005 03/03 A2961 RMK SF8 DENSITY ALT -789FT LAST OBS /NEXT 261100 UTC SLP029
CYAW,2024-02-26 11:00,-63.4994,44.6397,CYAW 261100Z 04002KT 15SM FEW020 FEW250 M08/M10 A3010 RMK SC1CI2 DENSITY ALT -2880FT FST OBS SLP195
CYAW,2024-02-26 12:00,-63.4994,44.6397,CYAW 261200Z 00000KT 15SM FEW020 FEW080 SCT250 M06/M08 A3011 RMK SC1AC1CI3 DENSITY ALT -2566FT SLP198
CYAW,2024-02-26 13:00,-63.4994,44.6397,CYAW 261300Z 20005KT 15SM FEW020 FEW080 BKN250 M03/M05 A3010 RMK SC1AC1CI4 DENSITY ALT -2221FT SLP197
CYAW,2024-02-26 14:00,-63.4994,44.6397,CYAW 261400Z 21008KT 15SM BKN020 OVC250 M01/M04 A3009 RMK SC6CI2 DENSITY ALT -1997FT SLP194
CYAW,2024-02-26 15:00,-63.4994,44.6397,CYAW 261500Z 21010G16KT 15SM BKN022 BKN160 M01/M05 A3009 RMK SC6AC1 DENSITY ALT -1940FT SLP191
CYAW,2024-02-26 16:00,-63.4994,44.6397,CYAW 261600Z 19009G17KT 15SM BKN022 M01/M04 A3006 RMK SC7 DENSITY ALT -1849FT SLP182
CYAW,2024-02-26 17:00,-63.4994,44.6397,CYAW 261700Z 22014G20KT 15SM BKN022 M00/M04 A3004 RMK SC7 DENSITY ALT -1763FT SLP175
CYAW,2024-02-26 18:00,-63.4994,44.6397,CYAW 261800Z CCA 22011G20KT 15SM OVC021 00/M04 A3002 RMK SC8 DENSITY ALT -1723FT SLP168
CYAW,2024-02-26 19:00,-63.4994,44.6397,CYAW 261900Z 22014G24KT 15SM BKN020 OVC090 00/M02 A3000 RMK SC7AS1 DENSITY ALT -1655FT SLP162
CYAW,2024-02-26 20:00,-63.4994,44.6397,CYAW 262000Z 22013G22KT 15SM OVC016 01/M02 A2999 RMK SC8 DENSITY ALT -1602FT SLP157
CYAW,2024-02-26 21:00,-63.4994,44.6397,CYAW 262100Z 22012G20KT 12SM OVC014 01/M01 A2998 RMK SC8 DENSITY ALT -1561FT SLP154
CYAW,2024-02-26 22:00,-63.4994,44.6397,CYAW 262200Z 22013G19KT 12SM OVC011 01/00 A2998 RMK SC8 DENSITY ALT -1542FT SLP154
CYAW,2024-02-26 23:00,-63.4994,44.6397,CYAW 262300Z 22011G17KT 12SM OVC009 01/01 A2999 RMK SF8 DENSITY ALT -1512FT SLP157
CYAW,2024-02-27 00:00,-63.4994,44.6397,CYAW 270000Z 22010G16KT 12SM OVC008 01/01 A2998 RMK SF8 DENSITY ALT -1473FT SLP155
CYAW,2024-02-27 01:00,-63.4994,44.6397,CYAW 270100Z 24008G21KT 15SM BKN008 OVC020 02/01 A3000 RMK SF7SC1 DENSITY ALT -1457FT LAST OBS /NEXT 271300 UTC SLP161
CYAW,2024-02-27 13:00,-63.4994,44.6397,CYAW 271300Z 24003KT 15SM FEW008 BKN230 01/01 A3026 RMK SF1CS6 DENSITY ALT -1862FT FST OBS SLP250
CYAW,2024-02-27 14:00,-63.4994,44.6397,CYAW 271400Z 21003KT 15SM FEW008 SCT250 03/00 A3028 RMK SF1CI3 DENSITY ALT -1584FT SLP255
CYAW,2024-02-27 15:00,-63.4994,44.6397,CYAW 271500Z 20007KT 15SM BKN250 04/M01 A3028 RMK CI7 DENSITY ALT -1465FT SLP257
CYAW,2024-02-27 16:00,-63.4994,44.6397,CYAW 271600Z 20006KT 15SM FEW040 BKN250 04/M01 A3028 RMK SC1CI7 DENSITY ALT -1463FT SLP255
CYAW,2024-02-27 17:00,-63.4994,44.6397,CYAW 271700Z 19007KT 15SM FEW160 BKN250 05/M00 A3027 RMK AC1CI7 DENSITY ALT -1426FT CONTRAILS SLP254
CYAW,2024-02-27 18:00,-63.4994,44.6397,CYAW 271800Z 19007KT 15SM FEW160 BKN250 04/01 A3027 RMK AC1CI7 DENSITY ALT -1445FT SLP253
CYAW,2024-02-27 19:00,-63.4994,44.6397,CYAW 271900Z CCA 17010KT 12SM SCT015 BKN250 03/02 A3027 RMK SC3CI3 DENSITY ALT -1547FT VIS LWR S QUAD SLP253
CYAW,2024-02-27 19:15,-63.4994,44.6397,CYAW 271915Z 18007KT 12SM BKN010 03/02 A3027 RMK ST7 DENSITY ALT -1584FT SLP253
CYAW,2024-02-27 19:36,-63.4994,44.6397,CYAW 271936Z 18006KT 12SM BKN004 03/03 A3027 RMK SF7 DENSITY ALT -1594FT CIG VRB 3-6 SLP252
CYAW,2024-02-27 20:00,-63.4994,44.6397,CYAW 272000Z 17005KT 12SM OVC004 03/03 A3027 RMK SF8 DENSITY ALT -1606FT SLP251
CYAW,2024-02-27 21:00,-63.4994,44.6397,CYAW 272100Z 18006KT 8SM OVC003 02/02 A3027 RMK ST8 DENSITY ALT -1699FT CIG VRB 2-4 SLP253
CYAW,2024-02-27 22:00,-63.4994,44.6397,CYAW 272200Z 17004KT 4SM BR OVC003 02/02 A3028 RMK SF8 DENSITY ALT -1803FT VIS LWR N CIG VRB 2-5 SLP255
CYAW,2024-02-27 23:00,-63.4994,44.6397,CYAW 272300Z 15004KT 5SM BR BKN005 OVC020 02/02 A3028 RMK SF5SC3 DENSITY ALT -1710FT SLP255
CYAW,2024-02-27 23:15,-63.4994,44.6397,CYAW 272315Z 15005KT 8SM FEW005 OVC018 02/02 A3027 RMK SF1SC8 DENSITY ALT -1672FT SLP254
CYAW,2024-02-27 23:41,-63.4994,44.6397,CYAW 272341Z 15005KT 8SM OVC012 03/03 A3027 RMK SC8 DENSITY ALT -1632FT SLP253
CYAW,2024-02-27 23:50,-63.4994,44.6397,CYAW 272350Z 16005KT 12SM OVC008 03/03 A3027 RMK SF8 DENSITY ALT -1619FT SLP252
CYAW,2024-02-28 00:00,-63.4994,44.6397,CYAW 280000Z 16006KT 12SM OVC008 03/03 A3027 RMK SF8 DENSITY ALT -1606FT SLP251
CYAW,2024-02-28 00:47,-63.4994,44.6397,CYAW 280047Z 18005KT 5SM -DZ BR OVC004 03/03 A3027 RMK ST8 DENSITY ALT -1539FT SLP252
CYAW,2024-02-28 01:00,-63.4994,44.6397,CYAW 280100Z 17005KT 5SM -DZ BR OVC004 03/03 A3027 RMK ST8 DENSITY ALT -1539FT PCPN VRY LGT CIG VRB 3-5 SLP251
CYAW,2024-02-28 01:13,-63.4994,44.6397,CYAW 280113Z 17005KT 2 1/2SM -DZ BR OVC003 03/03 A3027 RMK ST8 DENSITY ALT -1553FT SLP252
CYAW,2024-02-28 01:25,-63.4994,44.6397,CYAW 280125Z 17005KT 1SM -DZ BR OVC002 03/03 A3027 RMK ST8 DENSITY ALT -1566FT SLP252
CYAW,2024-02-28 01:49,-63.4994,44.6397,CYAW 280149Z 17004KT 3/4SM BR VV001 03/03 A3027 RMK FG8 DENSITY ALT -1566FT SLP251
CYAW,2024-02-28 02:00,-63.4994,44.6397,CYAW 280200Z 21004KT 1/2SM FG VV001 03/03 A3027 RMK FG8 DENSITY ALT -1539FT LAST OBS /NEXT 281300 UTC SLP252
CYAW,2024-02-28 13:00,-63.4994,44.6397,CYAW 281300Z 20012G21KT 6SM -SHRA BR OVC028 06/06 A3023 RMK SC8 DENSITY ALT -1096FT FST OBS SLP239
CYAW,2024-02-28 14:00,-63.4994,44.6397,CYAW 281400Z 19009G19KT 8SM -SHRA BKN033 OVC046 06/06 A3022 RMK SC7SC1 DENSITY ALT -1138FT PCPN VRY LGT SLP237
CYAW,2024-02-28 14:18,-63.4994,44.6397,CYAW 281418Z 19011G24KT 8SM BKN034 OVC046 06/06 A3022 RMK SC6SC2 DENSITY ALT -1152FT SLP235
CYAW,2024-02-28 15:00,-63.4994,44.6397,CYAW 281500Z 19012G21KT 10SM FEW040 BKN090 BKN140 07/06 A3021 RMK SC1AC5AC1 DENSITY ALT -1052FT SLP231
CYAW,2024-02-28 16:00,-63.4994,44.6397,CYAW 281600Z 19011G20KT 10SM FEW040 BKN073 BKN120 07/06 A3019 RMK SC1AC5AC1 DENSITY ALT -1016FT SLP225
CYAW,2024-02-28 17:00,-63.4994,44.6397,CYAW 281700Z 19011G19KT 10SM BKN071 OVC100 07/06 A3016 RMK AC5AS3 DENSITY ALT -1006FT SLP215
CYAW,2024-02-28 18:00,-63.4994,44.6397,CYAW 281800Z 19011G16KT 10SM SCT064 OVC090 07/07 A3012 RMK SC4AS4 DENSITY ALT -907FT SLP201
CYAW,2024-02-28 18:31,-63.4994,44.6397,CYAW 281831Z 19011G21KT 10SM BKN005 BKN065 OVC090 07/07 A3012 RMK ST5SC1AS2 DENSITY ALT -930FT SLP200
CYAW,2024-02-28 19:00,-63.4994,44.6397,CYAW 281900Z 20013G25KT 7SM BKN004 OVC090 06/06 A3010 RMK ST6AC2 DENSITY ALT -947FT SLP194
CYAW,2024-02-28 19:38,-63.4994,44.6397,CYAW 281938Z 20011G19KT 3SM BR OVC003 06/06 A3010 RMK ST8 DENSITY ALT -987FT SLP195
CYAW,2024-02-28 20:00,-63.4994,44.6397,CYAW 282000Z 19010G21KT 5SM -SHRA BR OVC003 06/06 A3010 RMK ST8 DENSITY ALT -973FT VIS LWR N SLP195
CYAW,2024-02-28 20:10,-63.4994,44.6397,CYAW 282010Z 19010G16KT 1SM -SHRA BR OVC002 06/06 A3010 RMK ST8 DENSITY ALT -1026FT VIS VRB 3/4-1 1/2 SLP194
CYAW,2024-02-28 21:00,-63.4994,44.6397,CYAW 282100Z 19008G16KT 1 1/2SM BR OVC002 05/05 A3008 RMK ST8 DENSITY ALT -1069FT SLP187
CYAW,2024-02-28 21:22,-63.4994,44.6397,CYAW 282122Z 19011G17KT 1SM BR OVC002 06/06 A3008 RMK ST8 DENSITY ALT -1043FT VIS VRB 3/4-1 1/2 SLP186
CYAW,2024-02-28 21:40,-63.4994,44.6397,CYAW 282140Z 19011G22KT 1/2SM -SHRA FG VV001 06/06 A3007 RMK FG8 DENSITY ALT -979FT SLP184
CYAW,2024-02-28 22:00,-63.4994,44.6397,CYAW 282200Z 20014G20KT 1/2SM -SHRA FG VV001 06/06 A3007 RMK FG8 DENSITY ALT -979FT SLP184
CYAW,2024-02-28 22:08,-63.4994,44.6397,CYAW 282208Z CCA 19013G21KT 1/2SM SHRA FG VV001 06/06 A3006 RMK FG8 DENSITY ALT -954FT LAST OBS /NEXT 291300 UTC SLP181
CYAW,2024-02-29 13:00,-63.4994,44.6397,CYAW 291300Z 25014G22KT 2SM -RA BR BKN006 OVC043 06/06 A2955 RMK SF7SC1 DENSITY ALT -337FT FST OBS SLP008
CYAW,2024-02-29 13:24,-63.4994,44.6397,CYAW 291324Z 27020G28KT 2SM RA BR BKN006 OVC020 05/05 A2956 RMK SF6SC2 DENSITY ALT -472FT SLP010
CYAW,2024-02-29 13:47,-63.4994,44.6397,CYAW 291347Z 28018G24KT 4SM RA BR BKN006 OVC020 04/04 A2959 RMK SF6SC2 DENSITY ALT -638FT SLP020
CYAW,2024-02-29 14:00,-63.4994,44.6397,CYAW 291400Z 30012G27KT 3SM -RA BR BKN009 OVC020 03/02 A2960 RMK SF7SC1 DENSITY ALT -885FT VIS VRB 2 1/4-4 SLP026
CYAW,2024-02-29 14:09,-63.4994,44.6397,CYAW 291409Z 28016G22KT 2SM -RASN BR OVC009 02/02 A2962 RMK SF8 DENSITY ALT -1013FT VIS VRB 1 1/2-2 1/2 SLP030
CYAW,2024-02-29 14:41,-63.4994,44.6397,CYAW 291441Z CCA 28013G20KT 8SM -RASN BKN009 OVC020 01/01 A2964 RMK SF6SC2 DENSITY ALT -1090FT PCPN VRY LGT SLP037
CYAW,2024-02-29 15:00,-63.4994,44.6397,CYAW 291500Z 28015G21KT 10SM -RASN FEW009 BKN020 OVC045 02/01 A2963 RMK SF1SC5SC2 DENSITY ALT -1053FT SLP034
CYAW,2024-02-29 15:21,-63.4994,44.6397,CYAW 291521Z 27017G23KT 15SM FEW009 FEW020 BKN045 01/00 A2965 RMK SF1SC2SC5 DENSITY ALT -1121FT PRESRR SLP042
CYAW,2024-02-29 16:00,-63.4994,44.6397,CYAW 291600Z 28017G28KT 15SM BKN022 BKN055 01/M02 A2968 RMK SC6SC1 DENSITY ALT -1204FT SLP051
CYAW,2024-02-29 17:00,-63.4994,44.6397,CYAW 291700Z 29024KT 15SM SCT024 BKN060 BKN120 M00/M05 A2971 RMK SC3SC4AC1 DENSITY ALT -1408FT SLP061
CYAW,2024-02-29 18:00,-63.4994,44.6397,CYAW 291800Z 29025G31KT 15SM FEW031 BKN250 M01/M08 A2973 RMK SC2CI3 DENSITY ALT -1545FT SLP069
CYAW,2024-02-29 19:00,-63.4994,44.6397,CYAW 291900Z 30021G31KT 15SM BKN031 BKN250 M02/M09 A2977 RMK SC5CI1 DENSITY ALT -1761FT SLP083
CYAW,2024-02-29 20:00,-63.4994,44.6397,CYAW 292000Z 30024KT 15SM -SHSN BKN034 M04/M10 A2982 RMK SC6 DENSITY ALT -2031FT SLP101
CYAW,2024-02-29 21:00,-63.4994,44.6397,CYAW 292100Z 30021G30KT 12SM -SHSN BKN035 M05/M12 A2987 RMK SC6 DENSITY ALT -2197FT PCPN VRY LGT SLP118
CYAW,2024-02-29 22:00,-63.4994,44.6397,CYAW 292200Z 30021G30KT 12SM -SHSN BKN047 M05/M12 A2991 RMK SC6 DENSITY ALT -2296FT PCPN VRY LGT SLP132
CYAW,2024-02-29 23:00,-63.4994,44.6397,CYAW 292300Z 30019G25KT 12SM -SHSN FEW035 SCT055 M06/M11 A2995 RMK SC1SC2 DENSITY ALT -2456FT SLP143
CYAW,2024-03-01 00:00,-63.4994,44.6397,CYAW 010000Z 30016G26KT 4SM -SHSN BKN023 M06/M09 A2998 RMK SC7 DENSITY ALT -2527FT SLP154
CYAW,2024-03-01 01:00,-63.4994,44.6397,CYAW 010100Z 29010G20KT 6SM -SHSN OVC019 M06/M09 A3001 RMK SC8 DENSITY ALT -2561FT SLP165
CYAW,2024-03-01 01:18,-63.4994,44.6397,CYAW 010118Z 29020G30KT 1SM -SHSN VV008 M07/M10 A3002 RMK SN8 DENSITY ALT -2667FT VIS VRB 3/4-1 1/2 SLP169
CYAW,2024-03-01 01:22,-63.4994,44.6397,CYAW 010122Z 29015G27KT 1/2SM SHSN VV004 M07/M09 A3003 RMK SN8 DENSITY ALT -2703FT SLP170
CYAW,2024-03-01 01:40,-63.4994,44.6397,CYAW 010140Z 29018G26KT 5SM -SHSN FEW004 SCT015 BKN060 M07/M11 A3003 RMK SF1SC4SC2 DENSITY ALT -2707FT SLP171
CYAW,2024-03-01 01:52,-63.4994,44.6397,CYAW 010152Z 28015G24KT 3/4SM -SHSN OVC019 M08/M10 A3004 RMK SN6SC2 DENSITY ALT -2755FT VIS VRB 1/2-1 SLP174
CYAW,2024-03-01 02:00,-63.4994,44.6397,CYAW 010200Z 30019G32KT 3/4SM -SHSN DRSN OVC017 M08/M10 A3004 RMK SN7SC1 DENSITY ALT -2782FT SLP174
CYAW,2024-03-01 02:29,-63.4994,44.6397,CYAW 010229Z 29017G32KT 12SM -SHSN DRSN BKN027 OVC035 M08/M12 A3005 RMK SC6SC2 DENSITY ALT -2826FT VIS LWR W QUAD SLP179
CYAW,2024-03-01 03:00,-63.4994,44.6397,CYAW 010300Z CCA 29020G27KT 8SM DRSN SCT034 BKN055 M08/M14 A3006 RMK SC3SC2 DENSITY ALT -2881FT LAST OBS /NEXT 011300 UTC SLP183
CYAW,2024-03-01 13:00,-63.4994,44.6397,CYAW 011300Z 30020G25KT 15SM FEW034 M11/M18 A3035 RMK CU2 DENSITY ALT -3626FT FST OBS SLP282
CYAW,2024-03-01 14:00,-63.4994,44.6397,CYAW 011400Z 29019G25KT 15SM FEW036 M11/M19 A3038 RMK CU2 DENSITY ALT -3648FT SLP291
CYAW,2024-03-01 15:00,-63.4994,44.6397,CYAW 011500Z 28018G28KT 15SM SCT040 M10/M18 A3038 RMK CU3 DENSITY ALT -3514FT SLP292
CYAW,2024-03-01 16:00,-63.4994,44.6397,CYAW 011600Z 26019G28KT 15SM FEW043 M09/M17 A3037 RMK CU1 DENSITY ALT -3327FT SLP289
CYAW,2024-03-01 17:00,-63.4994,44.6397,CYAW 011700Z CCA 27022G31KT 15SM SCT045 M08/M17 A3037 RMK CU3 DENSITY ALT -3181FT SLP287
CYAW,2024-03-01 18:00,-63.4994,44.6397,CYAW 011800Z 27019G28KT 15SM SCT050 M07/M13 A3037 RMK CU3 DENSITY ALT -3067FT SLP287
CYAW,2024-03-01 19:00,-63.4994,44.6397,CYAW 011900Z 27018G26KT 15SM FEW050 M06/M16 A3037 RMK CU2 DENSITY ALT -2941FT SLP288
CYAW,2024-03-01 20:00,-63.4994,44.6397,CYAW 012000Z 27016G23KT 15SM FEW050 M06/M15 A3038 RMK CU2 DENSITY ALT -2952FT LAST OBS /NEXT 041000 UTC SLP290
CYAW,2024-03-04 10:00,-63.4994,44.6397,CYAW 041000Z 02016G23KT 12SM SCT005 04/04 A3025 RMK SF4 DENSITY ALT -1402FT FST OBS SLP246
CYAW,2024-03-04 11:00,-63.4994,44.6397,CYAW 041100Z 02008KT 15SM FEW110 FEW250 03/01 A3029 RMK AC1CI1 DENSITY ALT -1589FT SLP258
CYAW,2024-03-04 12:00,-63.4994,44.6397,CYAW 041200Z 03011G19KT 15SM FEW110 FEW250 03/00 A3032 RMK AC1CI1 DENSITY ALT -1655FT SLP270
CYAW,2024-03-04 13:00,-63.4994,44.6397,CYAW 041300Z 02013G20KT 15SM FEW010 FEW250 03/00 A3037 RMK CF1CI1 DENSITY ALT -1673FT SLP287
CYAW,2024-03-04 14:00,-63.4994,44.6397,CYAW 041400Z 04017G27KT 15SM FEW010 FEW250 04/M03 A3041 RMK CF1CI1 DENSITY ALT -1612FT SLP299
CYAW,2024-03-04 15:00,-63.4994,44.6397,CYAW 041500Z 02015G23KT 15SM SCT250 05/M03 A3044 RMK CI3 DENSITY ALT -1561FT SLP308
CYAW,2024-03-04 16:00,-63.4994,44.6397,CYAW 041600Z 04012G20KT 15SM FEW250 06/M05 A3045 RMK CI2 DENSITY ALT -1417FT SLP312
CYAW,2024-03-04 17:00,-63.4994,44.6397,CYAW 041700Z 03014G21KT 15SM FEW250 07/M05 A3046 RMK CI2 DENSITY ALT -1392FT SLP315
CYAW,2024-03-04 18:00,-63.4994,44.6397,CYAW 041800Z 03011KT 15SM BKN250 07/M05 A3047 RMK CI5 DENSITY ALT -1391FT SLP320
CYAW,2024-03-04 19:00,-63.4994,44.6397,CYAW 041900Z 05008KT 15SM SCT250 06/M06 A3048 RMK CI4 DENSITY ALT -1468FT SLP324
CYAW,2024-03-04 20:00,-63.4994,44.6397,CYAW 042000Z 02009KT 15SM SCT250 06/M07 A3049 RMK CI4 DENSITY ALT -1571FT SLP328
CYAW,2024-03-04 21:00,-63.4994,44.6397,CYAW 042100Z CCA 03008KT 15SM BKN250 05/M08 A3051 RMK CI5 DENSITY ALT -1722FT LAST OBS /NEXT 051000 UTC SLP332
CYAW,2024-03-05 10:00,-63.4994,44.6397,CYAW 051000Z 08006KT 12SM BKN009 M03/M03 A3051 RMK SF7 DENSITY ALT -2643FT FST OBS SLP335
CYAW,2024-03-05 11:00,-63.4994,44.6397,CYAW 051100Z 14007KT 12SM OVC009 M01/M01 A3052 RMK SF8 DENSITY ALT -2398FT SLP336
CYAW,2024-03-05 12:00,-63.4994,44.6397,CYAW 051200Z 14006KT 12SM OVC009 M00/M01 A3051 RMK SF8 DENSITY ALT -2296FT SLP335
CYAW,2024-03-05 13:00,-63.4994,44.6397,CYAW 051300Z 13008KT 12SM OVC009 00/M00 A3051 RMK SF8 DENSITY ALT -2218FT SLP334
CYAW,2024-03-05 14:00,-63.4994,44.6397,CYAW 051400Z 17009KT 12SM OVC009 01/M00 A3049 RMK SF8 DENSITY ALT -2129FT SLP329
CYAW,2024-03-05 15:00,-63.4994,44.6397,CYAW 051500Z 14006KT 12SM OVC009 01/00 A3047 RMK SF8 DENSITY ALT -2054FT SLP322
CYAW,2024-03-05 16:00,-63.4994,44.6397,CYAW 051600Z 16008KT 12SM OVC009 01/00 A3046 RMK SC8 DENSITY ALT -2029FT SLP317
CYAW,2024-03-05 17:00,-63.4994,44.6397,CYAW 051700Z 19006KT 12SM OVC009 01/00 A3043 RMK SC8 DENSITY ALT -2008FT SLP308
CYAW,2024-03-05 18:00,-63.4994,44.6397,CYAW 051800Z 18006KT 12SM OVC009 02/01 A3041 RMK SC8 DENSITY ALT -1945FT SLP299
CYAW,2024-03-05 19:00,-63.4994,44.6397,CYAW 051900Z 17004KT 10SM BKN009 02/01 A3038 RMK SC7 DENSITY ALT -1882FT SLP289
CYAW,2024-03-05 19:30,-63.4994,44.6397,CYAW 051930Z 12006KT 3SM -DZ BR OVC006 02/01 A3035 RMK SF8 DENSITY ALT -1859FT SLP282
CYAW,2024-03-05 20:00,-63.4994,44.6397,CYAW 052000Z 10005KT 2 1/2SM -DZ BR OVC006 01/01 A3034 RMK SF8 DENSITY ALT -1899FT LAST OBS /NEXT 061000 UTC SLP278
CYAW,2024-03-06 10:00,-63.4994,44.6397,CYAW 061000Z 17004KT 1/8SM FG VV001 06/06 A3004 RMK FG8 DENSITY ALT -918FT FST OBS SLP174
CYAW,2024-03-06 11:00,-63.4994,44.6397,CYAW 061100Z 20004KT 1/8SM -DZ FG VV001 07/07 A3003 RMK FG8 DENSITY ALT -814FT LTNG DIST W SLP172
CYAW,2024-03-06 12:00,-63.4994,44.6397,CYAW 061200Z 19004KT 3/4SM +SHRA BR VV002 07/07 A3001 RMK FG8 DENSITY ALT -804FT VIS VRB 1/2-1 CVCTV CLD EMBD SLP165
CYAW,2024-03-06 12:17,-63.4994,44.6397,CYAW 061217Z CCA 21010KT 3SM -SHRA BR BKN003 OVC009 08/08 A3001 RMK ST7ST1 DENSITY ALT -685FT SLP163
CYAW,2024-03-06 12:26,-63.4994,44.6397,CYAW 061226Z 20007KT 5SM -DZ BR OVC004 07/07 A3001 RMK ST8 DENSITY ALT -725FT SLP163
CYAW,2024-03-06 13:00,-63.4994,44.6397,CYAW 061300Z 21007KT 2 1/2SM -DZ BR OVC003 08/08 A3000 RMK SF8 DENSITY ALT -687FT CIG VRB 2-4 SLP159
CYAW,2024-03-06 13:14,-63.4994,44.6397,CYAW 061314Z 21009G16KT 4SM BR OVC004 08/08 A2999 RMK SF8 DENSITY ALT -622FT CIG VRB 3-5 SLP157
CYAW,2024-03-06 13:33,-63.4994,44.6397,CYAW 061333Z 21009G17KT 3/4SM BR VV002 07/07 A2999 RMK FG8 DENSITY ALT -702FT VIS VRB 1/2-1 CIG VRB 1-3 SLP157
CYAW,2024-03-06 14:00,-63.4994,44.6397,CYAW 061400Z 22013G21KT 3/4SM BR OVC002 07/07 A2999 RMK SF8 DENSITY ALT -688FT SLP158
CYAW,2024-03-06 15:00,-63.4994,44.6397,CYAW 061500Z 23007KT 3/4SM -DZ BR VV002 07/07 A2999 RMK FG8 DENSITY ALT -702FT VIS VRB 1/2-1 CIG VRB 1-3 SLP156
CYAW,2024-03-06 15:35,-63.4994,44.6397,CYAW 061535Z 24011KT 3SM BR OVC002 07/07 A2999 RMK SF8 DENSITY ALT -688FT VIS VRB 2 1/4-4 CIG VRB 1-3 SLP157
CYAW,2024-03-06 15:48,-63.4994,44.6397,CYAW 061548Z 23011KT 12SM OVC003 07/07 A2999 RMK SF8 DENSITY ALT -688FT CIG VRB 2-4 SLP158
CYAW,2024-03-06 16:00,-63.4994,44.6397,CYAW 061600Z 24009KT 15SM SCT007 BKN015 08/08 A3000 RMK SF4SC3 DENSITY ALT -569FT SLP159
CYAW,2024-03-06 17:00,-63.4994,44.6397,CYAW 061700Z 23013KT 15SM FEW007 BKN020 BKN100 10/10 A3000 RMK SF1SC6AC1 DENSITY ALT -318FT SLP159
CYAW,2024-03-06 18:00,-63.4994,44.6397,CYAW 061800Z 24009G19KT 15SM FEW005 BKN017 11/09 A3000 RMK SF1SC7 DENSITY ALT -218FT SLP160
CYAW,2024-03-06 19:00,-63.4994,44.6397,CYAW 061900Z 25006KT 15SM FEW005 BKN017 11/09 A3002 RMK SF1SC7 DENSITY ALT -306FT SLP166
CYAW,2024-03-06 20:00,-63.4994,44.6397,CYAW 062000Z 36007KT 15SM FEW005 BKN015 10/09 A3005 RMK SF1SC7 DENSITY ALT -456FT LAST OBS /NEXT 071000 UTC SLP176
CYAW,2024-03-07 10:00,-63.4994,44.6397,CYAW 071000Z 10010G20KT 1 1/2SM -RA BR OVC003 03/03 A3005 RMK SF8 DENSITY ALT -1326FT CIG VRB 2-4 FST OBS SLP176
CYAW,2024-03-07 11:00,-63.4994,44.6397,CYAW 071100Z 09010G16KT 5SM -RA BR OVC003 03/03 A3005 RMK SF8 DENSITY ALT -1379FT CIG VRB 2-4 SLP176
CYAW,2024-03-07 11:45,-63.4994,44.6397,CYAW 071145Z 09011G16KT 1 1/2SM -RA BR OVC003 03/03 A3004 RMK SF8 DENSITY ALT -1368FT SLP173
CYAW,2024-03-07 12:00,-63.4994,44.6397,CYAW 071200Z 09010G18KT 1SM -RA BR OVC003 03/03 A3003 RMK SF8 DENSITY ALT -1343FT VIS VRB 3/4-1 1/2 CIG VRB 2-4 SLP172
CYAW,2024-03-07 13:00,-63.4994,44.6397,CYAW 071300Z 09012KT 1SM -RA BR OVC003 03/03 A3001 RMK SF8 DENSITY ALT -1280FT VIS VRB 3/4-1 1/2 CIG VRB 2-4 SLP164
CYAW,2024-03-07 14:00,-63.4994,44.6397,CYAW 071400Z 08009KT 1SM RA BR OVC003 03/03 A2998 RMK SF8 DENSITY ALT -1206FT VIS VRB 3/4-1 1/2 CIG VRB 2-4 SLP154
CYAW,2024-03-07 14:42,-63.4994,44.6397,CYAW 071442Z 08009G16KT 3SM RA BR OVC003 04/04 A2996 RMK SF8 DENSITY ALT -1143FT CIG VRB 2-4 SLP147
CYAW,2024-03-07 15:00,-63.4994,44.6397,CYAW 071500Z 07009KT 4SM RA BR OVC003 04/04 A2995 RMK SF8 DENSITY ALT -1105FT CIG VRB 2-4 SLP142
CYAW,2024-03-07 15:22,-63.4994,44.6397,CYAW 071522Z 08008KT 3SM -RA BR OVC003 04/04 A2993 RMK SF8 DENSITY ALT -1068FT SLP136
CYAW,2024-03-07 16:00,-63.4994,44.6397,CYAW 071600Z 08008KT 2 1/2SM RA BR OVC003 04/04 A2989 RMK SF8 DENSITY ALT -996FT /R11/ SLP124
CYAW,2024-03-07 16:29,-63.4994,44.6397,CYAW 071629Z 09011G18KT 1SM RA BR OVC003 04/04 A2988 RMK SF8 DENSITY ALT -971FT VIS VRB 3/4-1 1/2 CIG VRB 2-4 SLP119
CYAW,2024-03-07 17:00,-63.4994,44.6397,CYAW 071700Z 06006KT 1 1/2SM RA BR BKN003 OVC010 05/05 A2986 RMK SF6SF2 DENSITY ALT -895FT VIS VRB 1-2 SLP114
CYAW,2024-03-07 18:00,-63.4994,44.6397,CYAW 071800Z 04002KT 1 1/2SM +RA BR SCT003 OVC005 06/06 A2983 RMK SF3SF5 DENSITY ALT -728FT VIS VRB 1-2 /R25/ SLP103
CYAW,2024-03-07 18:38,-63.4994,44.6397,CYAW 071838Z 32003KT 1 1/2SM RA BR FEW001 OVC004 07/07 A2982 RMK SF1SF8 DENSITY ALT -492FT VIS VRB 1-2 SLP101
CYAW,2024-03-07 19:00,-63.4994,44.6397,CYAW 071900Z 35008KT 2SM RA BR BKN003 OVC006 06/06 A2982 RMK SF6SF2 DENSITY ALT -651FT VIS VRB 1 1/2-2 1/2 /R10/ SLP101
CYAW,2024-03-07 19:34,-63.4994,44.6397,CYAW 071934Z 36007KT 1 1/2SM -RA BR BKN004 OVC009 06/06 A2983 RMK SF5SF3 DENSITY ALT -741FT VIS VRB 1-2 SLP102
CYAW,2024-03-07 20:00,-63.4994,44.6397,CYAW 072000Z 01008KT 2SM -RA BR OVC005 05/05 A2983 RMK SF8 DENSITY ALT -873FT VIS VRB 1 1/2-2 1/2 SLP102
CYAW,2024-03-07 20:40,-63.4994,44.6397,CYAW 072040Z 36011KT 4SM -RA BR OVC006 03/03 A2985 RMK SF8 DENSITY ALT -1095FT SLP111
CYAW,2024-03-07 21:00,-63.4994,44.6397,CYAW 072100Z 01013G20KT 1 1/2SM RA BR BKN007 OVC016 02/02 A2985 RMK SF6SC2 DENSITY ALT -1188FT VIS VRB 1-2 SLP110
CYAW,2024-03-07 21:23,-63.4994,44.6397,CYAW 072123Z 36010G16KT 6SM -RA BR OVC007 02/02 A2984 RMK SF8 DENSITY ALT -1229FT SLP108
CYAW,2024-03-07 21:54,-63.4994,44.6397,CYAW 072154Z 01012G19KT 8SM -RA OVC008 02/02 A2985 RMK SF8 DENSITY ALT -1280FT LAST OBS/NXT 081200 UTC SLP111
CYAW,2024-03-08 11:00,-63.4994,44.6397,CYAW 081100Z 01016G29KT 5SM -SN BKN012 OVC020 M00/M01 A3000 RMK SC7SC1 DENSITY ALT -1723FT FST OBS SLP161
CYAW,2024-03-08 12:00,-63.4994,44.6397,CYAW 081200Z 02015G25KT 12SM -SN BKN014 OVC020 M00/M01 A3001 RMK SC6SC2 DENSITY ALT -1710FT SLP165
CYAW,2024-03-08 13:00,-63.4994,44.6397,CYAW 081300Z 01017G27KT 4SM -SN OVC011 M00/M01 A3002 RMK SC8 DENSITY ALT -1733FT SLP169
CYAW,2024-03-08 14:00,-63.4994,44.6397,CYAW 081400Z 02023G28KT 12SM OVC011 M00/M01 A3003 RMK SC8 DENSITY ALT -1746FT SLP170
CYAW,2024-03-08 15:00,-63.4994,44.6397,CYAW 081500Z 02021G29KT 15SM OVC013 00/M01 A3002 RMK SC8 DENSITY ALT -1698FT SLP169
CYAW,2024-03-08 16:00,-63.4994,44.6397,CYAW 081600Z 01021G29KT 12SM OVC011 00/M01 A3004 RMK SC8 DENSITY ALT -1733FT SLP174
CYAW,2024-03-08 17:00,-63.4994,44.6397,CYAW 081700Z 01015G30KT 12SM OVC012 00/M01 A3005 RMK SC8 DENSITY ALT -1706FT SLP178
CYAW,2024-03-08 18:00,-63.4994,44.6397,CYAW 081800Z 01019G28KT 15SM OVC014 01/M01 A3007 RMK SC8 DENSITY ALT -1705FT SLP184
CYAW,2024-03-08 19:00,-63.4994,44.6397,CYAW 081900Z 01019G27KT 15SM OVC014 01/M01 A3008 RMK SC8 DENSITY ALT -1705FT SLP189
CYAW,2024-03-08 19:40,-63.4994,44.6397,CYAW 081940Z 01019G27KT 15SM OVC016 01/M02 A3009 RMK SC8 DENSITY ALT -1719FT SLP193
CYAW,2024-03-08 20:00,-63.4994,44.6397,CYAW 082000Z 01017G30KT 15SM OVC016 00/M02 A3011 RMK SC8 DENSITY ALT -1767FT LAST OBS /NEXT 111100 UTC SLP198
CYAW,2024-03-11 10:00,-63.4994,44.6397,CYAW 111000Z 21012G18KT 1/8SM FG VV002 02/02 A2898 RMK FG8 DENSITY ALT -273FT FST OBS SLP814
CYAW,2024-03-11 11:00,-63.4994,44.6397,CYAW 111100Z 19006KT 1/8SM FG VV002 02/02 A2896 RMK FG8 DENSITY ALT -236FT SLP810
CYAW,2024-03-11 12:00,-63.4994,44.6397,CYAW 111200Z 19007KT 1 1/2SM -RASN BR OVC001 01/01 A2897 RMK SF8 DENSITY ALT -287FT SLP811
CYAW,2024-03-11 12:28,-63.4994,44.6397,CYAW 111228Z 20011G18KT 3SM -RA BR OVC003 02/02 A2895 RMK SF8 DENSITY ALT -211FT SLP805
CYAW,2024-03-11 13:00,-63.4994,44.6397,CYAW 111300Z 19007KT 4SM -RA BR OVC004 02/02 A2895 RMK SF8 DENSITY ALT -211FT PCPN VRY LGT SLP805
CYAW,2024-03-11 13:20,-63.4994,44.6397,CYAW 111320Z 18009KT 4SM BR OVC004 02/02 A2895 RMK SF8 DENSITY ALT -224FT CIG VRB 3-5 SLP804
CYAW,2024-03-11 13:43,-63.4994,44.6397,CYAW 111343Z 18008KT 2 1/2SM BR OVC004 02/02 A2894 RMK SF8 DENSITY ALT -199FT VIS VRB 1 1/2-4 CIG VRB 3-5 SLP803
CYAW,2024-03-11 14:00,-63.4994,44.6397,CYAW 111400Z 17011G16KT 2 1/2SM -DZ BR OVC004 02/02 A2894 RMK SF8 DENSITY ALT -199FT VIS VRB 1 1/2-4 CIG VRB 3-5 SLP802
CYAW,2024-03-11 14:33,-63.4994,44.6397,CYAW 111433Z 19009G17KT 2 1/2SM -SHSN BR OVC002 01/01 A2892 RMK SF8 DENSITY ALT -280FT CIG VRB 1-3 SLP796
CYAW,2024-03-11 15:00,-63.4994,44.6397,CYAW 111500Z 18007KT 3/4SM -SHSN VV002 00/00 A2891 RMK SN8 DENSITY ALT -374FT VIS VRB 1/2-1 SLP791
CYAW,2024-03-11 15:20,-63.4994,44.6397,CYAW 111520Z 18007KT 3/4SM -SHRASN BR OVC002 01/01 A2890 RMK SF8 DENSITY ALT -230FT VIS VRB 1/2-1 SLP788
CYAW,2024-03-11 15:48,-63.4994,44.6397,CYAW 111548Z 20011G17KT 4SM BR OVC004 02/02 A2889 RMK SF8 DENSITY ALT -126FT CIG VRB 3-5 SLP784
CYAW,2024-03-11 16:00,-63.4994,44.6397,CYAW 111600Z 20009G15KT 4SM -DZ BR OVC004 02/02 A2888 RMK SF8 DENSITY ALT -114FT VIS LWR N CIG VRB 3-5 SLP783
CYAW,2024-03-11 16:30,-63.4994,44.6397,CYAW 111630Z 19006G16KT 5SM BR OVC004 02/02 A2888 RMK SF8 DENSITY ALT -127FT CIG VRB 3-5 SLP781
CYAW,2024-03-11 17:00,-63.4994,44.6397,CYAW 111700Z 20006KT 5SM -SHRA BR OVC005 02/02 A2886 RMK SF8 DENSITY ALT -77FT CIG VRB 3-7 SLP776
CYAW,2024-03-11 18:00,-63.4994,44.6397,CYAW 111800Z 20006KT 5SM -SHRA BR OVC004 02/02 A2885 RMK SF8 DENSITY ALT -78FT SLP770
CYAW,2024-03-11 19:00,-63.4994,44.6397,CYAW 111900Z CCA 18003KT 6SM -SHRA BR OVC005 02/02 A2885 RMK SF8 DENSITY ALT -65FT LAST OBS /NEXT 120900 UTC SLP769
CYAW,2024-03-12 09:00,-63.4994,44.6397,CYAW 120900Z 31013G21KT 15SM BKN013 02/01 A2907 RMK SC7 DENSITY ALT -374FT FST OBS SLP847
CYAW,2024-03-12 09:47,-63.4994,44.6397,CYAW 120947Z 31014G21KT 12SM -SHSN OVC013 01/M00 A2909 RMK SC8 DENSITY ALT -491FT SLP852
CYAW,2024-03-12 10:00,-63.4994,44.6397,CYAW 121000Z 31016G21KT 12SM -SHSN OVC013 01/M00 A2909 RMK SC8 DENSITY ALT -503FT SLP854
CYAW,2024-03-12 10:49,-63.4994,44.6397,CYAW 121049Z 31014KT 2SM -SHSN FEW009 OVC015 01/M00 A2912 RMK SF2SC6 DENSITY ALT -575FT SLP861
CYAW,2024-03-12 11:00,-63.4994,44.6397,CYAW 121100Z 31015KT 4SM -SHSN FEW008 OVC015 01/00 A2912 RMK SF2SC6 DENSITY ALT -573FT SLP862
CYAW,2024-03-12 12:00,-63.4994,44.6397,CYAW 121200Z 31016G21KT 12SM -SHSN FEW008 OVC018 01/01 A2913 RMK SF2SC6 DENSITY ALT -557FT PCPN VRY LGT SLP867
CYAW,2024-03-12 12:39,-63.4994,44.6397,CYAW 121239Z 31015G24KT 15SM OVC017 01/01 A2914 RMK SC8 DENSITY ALT -544FT SLP868
CYAW,2024-03-12 14:00,-63.4994,44.6397,CYAW 121400Z 33021G27KT 15SM BKN019 BKN100 02/00 A2915 RMK SC7AC1 DENSITY ALT -434FT SLP871
CYAW,2024-03-12 15:00,-63.4994,44.6397,CYAW 121500Z 32024G29KT 15SM BKN020 03/00 A2916 RMK SC7 DENSITY ALT -368FT SLP876
CYAW,2024-03-12 16:00,-63.4994,44.6397,CYAW 121600Z 33015G26KT 15SM BKN019 OVC023 03/00 A2917 RMK SC6SC2 DENSITY ALT -368FT SLP880
CYAW,2024-03-12 16:18,-63.4994,44.6397,CYAW 121618Z 32018G25KT 12SM -SHSN OVC019 02/M00 A2917 RMK SC8 DENSITY ALT -458FT SLP881
CYAW,2024-03-12 17:00,-63.4994,44.6397,CYAW 121700Z 32016G25KT 12SM -SHSN BKN018 OVC024 02/00 A2918 RMK SC6SC2 DENSITY ALT -418FT PCPN VRY LGT SLP883
CYAW,2024-03-12 18:00,-63.4994,44.6397,CYAW 121800Z 31021G27KT 12SM -SHSN BKN018 OVC029 02/00 A2918 RMK SC5SC3 DENSITY ALT -519FT SLP884
CYAW,2024-03-12 18:46,-63.4994,44.6397,CYAW 121846Z 30018G23KT 2 1/2SM -SHSN OVC013 01/01 A2920 RMK SC8 DENSITY ALT -627FT SLP888
CYAW,2024-03-12 19:00,-63.4994,44.6397,CYAW 121900Z CCA 30014KT 2 1/2SM -SHSN OVC010 01/01 A2920 RMK SC8 DENSITY ALT -652FT VIS VRB 1 1/2-4 CIG VRB 7-13 LAST OBS /NEXT 130900 UTC SLP888
CYAW,2024-03-13 09:00,-63.4994,44.6397,CYAW 130900Z 33015G23KT 5SM -SHSN BKN010 OVC040 01/00 A2950 RMK SF6SC2 DENSITY ALT -1034FT FST OBS SLP992
CYAW,2024-03-13 09:30,-63.4994,44.6397,CYAW 130930Z 33016KT 2 1/2SM -SHSN SCT010 OVC030 00/00 A2953 RMK SF4SC4 DENSITY ALT -1080FT PRESRR SLP002
CYAW,2024-03-13 10:00,-63.4994,44.6397,CYAW 131000Z 34012G17KT 1 1/2SM -SHSN SCT004 OVC010 00/00 A2955 RMK SF4SC4 DENSITY ALT -1116FT SLP009
CYAW,2024-03-13 10:33,-63.4994,44.6397,CYAW 131033Z 33012G20KT 6SM -SHSN OVC011 00/00 A2958 RMK SF8 DENSITY ALT -1151FT SLP018
CYAW,2024-03-13 11:00,-63.4994,44.6397,CYAW 131100Z 34013G21KT 12SM SCT013 BKN055 00/00 A2959 RMK SC4SC3 DENSITY ALT -1150FT SLP022
CYAW,2024-03-13 12:00,-63.4994,44.6397,CYAW 131200Z 36016G22KT 15SM FEW013 BKN040 01/M00 A2961 RMK SC2SC4 DENSITY ALT -1138FT SLP030
CYAW,2024-03-13 13:00,-63.4994,44.6397,CYAW 131300Z 35017G25KT 15SM FEW015 BKN030 02/01 A2965 RMK SC2SC3 DENSITY ALT -977FT SLP043
CYAW,2024-03-13 14:00,-63.4994,44.6397,CYAW 131400Z 35013G23KT 15SM BKN017 BKN060 03/01 A2968 RMK SC5SC1 DENSITY ALT -901FT SLP052
CYAW,2024-03-13 15:00,-63.4994,44.6397,CYAW 131500Z 34017G24KT 15SM BKN019 BKN060 04/01 A2971 RMK SC6SC1 DENSITY ALT -832FT SLP061
CYAW,2024-03-13 16:00,-63.4994,44.6397,CYAW 131600Z 35019G26KT 15SM BKN020 05/01 A2971 RMK SC6 DENSITY ALT -757FT SLP061
CYAW,2024-03-13 16:45,-63.4994,44.6397,CYAW 131645Z 35017G25KT 15SM -SHRA BKN020 04/02 A2972 RMK SC7 DENSITY ALT -842FT PCPN VRY LGT SLP066
CYAW,2024-03-13 17:00,-63.4994,44.6397,CYAW 131700Z 35016G28KT 15SM -SHRA BKN019 04/01 A2973 RMK SC7 DENSITY ALT -869FT PCPN VRY LGT SLP068
CYAW,2024-03-13 17:35,-63.4994,44.6397,CYAW 131735Z 35015G23KT 15SM BKN023 BKN250 05/01 A2972 RMK SC5CI1 DENSITY ALT -695FT SLP067
CYAW,2024-03-13 18:00,-63.4994,44.6397,CYAW 131800Z 35014G25KT 15SM BKN022 BKN250 05/01 A2974 RMK SC6CI1 DENSITY ALT -744FT SLP071
CYAW,2024-03-13 19:00,-63.4994,44.6397,CYAW 131900Z 36016G25KT 15SM BKN020 BKN250 05/01 A2974 RMK SC6CI1 DENSITY ALT -766FT SLP074
CYAW,2024-03-13 19:42,-63.4994,44.6397,CYAW 131942Z 35022G27KT 15SM BKN019 04/01 A2976 RMK SC7 DENSITY ALT -890FT LAST OBS /NEXT 140900 UTC SLP080
CYAW,2024-03-14 09:00,-63.4994,44.6397,CYAW 140900Z 35007KT 15SM OVC010 00/M01 A2999 RMK ST8 DENSITY ALT -1621FT FST OBS SLP159
CYAW,2024-03-14 10:00,-63.4994,44.6397,CYAW 141000Z 35007KT 15SM OVC010 00/M01 A3001 RMK ST8 DENSITY ALT -1657FT SLP164
CYAW,2024-03-14 11:00,-63.4994,44.6397,CYAW 141100Z 35011KT 15SM BKN009 00/M00 A3002 RMK SF7 DENSITY ALT -1706FT SLP167
CYAW,2024-03-14 12:00,-63.4994,44.6397,CYAW 141200Z 35008KT 7SM BKN008 00/M00 A3004 RMK SF7 DENSITY ALT -1676FT SLP175
CYAW,2024-03-14 13:00,-63.4994,44.6397,CYAW 141300Z 35007KT 15SM BKN010 01/00 A3006 RMK SC7 DENSITY ALT -1609FT SLP180
CYAW,2024-03-14 14:00,-63.4994,44.6397,CYAW 141400Z 02007KT 15SM BKN012 03/00 A3006 RMK SC7 DENSITY ALT -1393FT SLP183
CYAW,2024-03-14 15:00,-63.4994,44.6397,CYAW 141500Z 04005KT 15SM FEW016 05/01 A3005 RMK SC2 DENSITY ALT -1102FT SLP179
CYAW,2024-03-14 16:00,-63.4994,44.6397,CYAW 141600Z 10003KT 15SM FEW024 07/02 A3005 RMK SC2 DENSITY ALT -896FT SLP179
CYAW,2024-03-14 17:00,-63.4994,44.6397,CYAW 141700Z 16004KT 15SM FEW028 FEW250 06/02 A3004 RMK SC1CI1 DENSITY ALT -972FT SLP174
CYAW,2024-03-14 18:00,-63.4994,44.6397,CYAW 141800Z 17008KT 15SM FEW030 SCT250 05/02 A3003 RMK SC1CI2 DENSITY ALT -1076FT SLP173
CYAW,2024-03-14 19:00,-63.4994,44.6397,CYAW 141900Z 18008G15KT 15SM FEW037 BKN250 05/01 A3004 RMK SC2CI3 DENSITY ALT -1126FT SLP176
CYAW,2024-03-14 19:38,-63.4994,44.6397,CYAW 141938Z 18009KT 15SM FEW040 BKN250 05/01 A3005 RMK SC2CI5 DENSITY ALT -1150FT LAST OBS /NEXT 151100 UTC SLP179
CYAW,2024-03-15 11:00,-63.4994,44.6397,CYAW 151100Z 17003KT 1/2SM FZFG OVC002 M01/M01 A2999 RMK ST8 DENSITY ALT -1815FT VIS VRB 3/8-3/4 FST OBS SLP158
CYAW,2024-03-15 12:00,-63.4994,44.6397,CYAW 151200Z 20004KT 3/8SM FZFG VV001 M01/M01 A2999 RMK FG8 DENSITY ALT -1762FT VIS VRB 1/4-1/2 SLP158
CYAW,2024-03-15 13:00,-63.4994,44.6397,CYAW 151300Z 18003KT 1/8SM FZFG VV001 M00/M00 A2997 RMK FG8 DENSITY ALT -1699FT VIS VRB 0-1/4 SLP151
CYAW,2024-03-15 13:33,-63.4994,44.6397,CYAW 151333Z 16004KT 1SM BR OVC003 M00/M00 A2996 RMK ST8 DENSITY ALT -1660FT VIS VRB 3/4-1 1/2 SLP149
CYAW,2024-03-15 14:00,-63.4994,44.6397,CYAW 151400Z 17006KT 1/2SM -FZDZ FZFG OVC002 M00/M00 A2996 RMK ST8 DENSITY ALT -1647FT VIS VRB 1/4-3/4 SLP148
CYAW,2024-03-15 14:12,-63.4994,44.6397,CYAW 151412Z 18005KT 1SM -DZ BR OVC003 00/00 A2996 RMK ST8 DENSITY ALT -1608FT VIS VRB 3/4-1 1/2 SLP147
CYAW,2024-03-15 14:54,-63.4994,44.6397,CYAW 151454Z 20005KT 1 1/4SM BR OVC003 00/00 A2995 RMK ST8 DENSITY ALT -1609FT VIS VRB 3/4-1 3/4 CIG VRB 2-4 SLP143
CYAW,2024-03-15 15:00,-63.4994,44.6397,CYAW 151500Z CCA 18006KT 1 1/4SM BR OVC003 00/00 A2994 RMK ST8 DENSITY ALT -1557FT VIS VRB 3/4-1 3/4 CIG VRB 2-4 SLP142
CYAW,2024-03-15 16:00,-63.4994,44.6397,CYAW 151600Z 18005KT 8SM OVC005 02/02 A2992 RMK SF8 DENSITY ALT -1388FT SLP135
CYAW,2024-03-15 17:00,-63.4994,44.6397,CYAW 151700Z 18005KT 12SM OVC006 02/02 A2988 RMK SF8 DENSITY ALT -1289FT VIS LWR S SLP122
CYAW,2024-03-15 17:29,-63.4994,44.6397,CYAW 151729Z 18003KT 12SM -SHRA OVC006 02/02 A2986 RMK SF8 DENSITY ALT -1240FT VIS LWR SW PCPN VRY LGT SLP113
CYAW,2024-03-15 17:44,-63.4994,44.6397,CYAW 151744Z CCA 18004KT 12SM -SHRASN OVC006 02/02 A2985 RMK SF8 DENSITY ALT -1254FT VIS LWR SW QUAD SLP111
CYAW,2024-03-15 18:00,-63.4994,44.6397,CYAW 151800Z 17005KT 10SM -SHRASN OVC005 02/02 A2984 RMK SF8 DENSITY ALT -1269FT VIS LWR SW QUAD SLP108
CYAW,2024-03-15 19:00,-63.4994,44.6397,CYAW 151900Z 13005KT 4SM -SHRASN OVC005 01/01 A2981 RMK SF8 DENSITY ALT -1313FT LAST OBS /NEXT 181000 UTC SLP098
CYAW,2024-03-18 10:00,-63.4994,44.6397,CYAW 181000Z 23005KT 15SM SCT011 BKN250 03/03 A2948 RMK SC4CI2 DENSITY ALT -677FT FST OBS SLP984
CYAW,2024-03-18 10:37,-63.4994,44.6397,CYAW 181037Z 23007KT 15SM BKN008 BKN250 03/03 A2948 RMK SF7CI1 DENSITY ALT -677FT SLP984
CYAW,2024-03-18 11:00,-63.4994,44.6397,CYAW 181100Z 23006KT 15SM BKN007 03/03 A2949 RMK SF7 DENSITY ALT -676FT SLP988
CYAW,2024-03-18 12:00,-63.4994,44.6397,CYAW 181200Z 26005KT 15SM BKN008 BKN250 04/03 A2949 RMK SF7CI1 DENSITY ALT -611FT SLP990
CYAW,2024-03-18 12:27,-63.4994,44.6397,CYAW 181227Z 24009KT 15SM FEW011 BKN034 BKN250 04/03 A2950 RMK CF2SC3CI1 DENSITY ALT -624FT SLP993
CYAW,2024-03-18 13:00,-63.4994,44.6397,CYAW 181300Z 25008KT 15SM FEW013 SCT160 05/04 A2951 RMK CF2AC2 DENSITY ALT -433FT SLP994
CYAW,2024-03-18 14:00,-63.4994,44.6397,CYAW 181400Z 23012KT 15SM SCT021 BKN160 06/03 A2951 RMK CU3AC2 DENSITY ALT -300FT SLP994
CYAW,2024-03-18 15:00,-63.4994,44.6397,CYAW 181500Z 24011G18KT 15SM FEW021 BKN160 07/03 A2949 RMK CU2AC3 DENSITY ALT -255FT SLP988
CYAW,2024-03-18 16:00,-63.4994,44.6397,CYAW 181600Z 23010G17KT 15SM FEW020 BKN140 BKN250 07/03 A2948 RMK SC1AC4CI2 DENSITY ALT -156FT SLP984
CYAW,2024-03-18 17:00,-63.4994,44.6397,CYAW 181700Z 22013G19KT 15SM FEW025 FEW035 BKN120 BKN250 07/03 A2946 RMK SC1SC2AC5CI1 DENSITY ALT -145FT SLP977
CYAW,2024-03-18 18:00,-63.4994,44.6397,CYAW 181800Z 22013G22KT 15SM FEW035 BKN110 BKN250 08/02 A2944 RMK CU1AC5CI1 DENSITY ALT -41FT SLP972
CYAW,2024-03-18 19:00,-63.4994,44.6397,CYAW 181900Z CCA 23013G21KT 15SM FEW030 BKN110 BKN250 08/01 A2944 RMK CU1AC4CI2 DENSITY ALT -51FT LAST OBS/NEXT 190900 UTC SLP969
CYAW,2024-03-19 09:00,-63.4994,44.6397,CYAW 190900Z 26007KT 15SM SKC 00/M01 A2941 RMK DENSITY ALT -999FT FST OBS SLP960
CYAW,2024-03-19 10:00,-63.4994,44.6397,CYAW 191000Z 28008KT 15SM FEW020 FEW140 FEW250 00/M01 A2939 RMK SC1AC1CI1 DENSITY ALT -952FT SLP956
CYAW,2024-03-19 11:00,-63.4994,44.6397,CYAW 191100Z 26008KT 15SM FEW055 00/M01 A2940 RMK SC2 DENSITY ALT -963FT SLP957
CYAW,2024-03-19 12:00,-63.4994,44.6397,CYAW 191200Z 27007KT 15SM FEW055 FEW250 02/M01 A2938 RMK SC1CI1 DENSITY ALT -772FT SLP950
CYAW,2024-03-19 13:00,-63.4994,44.6397,CYAW 191300Z 27011KT 15SM FEW016 FEW055 FEW250 04/M01 A2938 RMK CF1SC1CI1 DENSITY ALT -521FT SLP951
CYAW,2024-03-19 14:00,-63.4994,44.6397,CYAW 191400Z 26014G22KT 15SM FEW030 FEW055 FEW250 05/M02 A2937 RMK SC2SC1CI1 DENSITY ALT -368FT SLP949
CYAW,2024-03-19 15:00,-63.4994,44.6397,CYAW 191500Z 27013G21KT 15SM BKN040 BKN055 BKN250 04/M02 A2937 RMK CU7SC1CI1 DENSITY ALT -405FT SLP946
CYAW,2024-03-19 15:33,-63.4994,44.6397,CYAW 191533Z 27015G23KT 15SM -SHSN FEW040 BKN055 BKN250 04/M02 A2936 RMK CU1SC7CI1 DENSITY ALT -396FT PCPN VRY LGT SLP943
CYAW,2024-03-19 16:00,-63.4994,44.6397,CYAW 191600Z 27012G21KT 15SM FEW040 BKN055 BKN250 05/M03 A2935 RMK CU1SC6CI1 DENSITY ALT -299FT VIRGA ALQDS SLP941
CYAW,2024-03-19 17:00,-63.4994,44.6397,CYAW 191700Z 29011KT 15SM BKN045 BKN060 05/M03 A2934 RMK CU5SC2 DENSITY ALT -276FT DIST SH W-NW VIRGA E-SE SLP937
CYAW,2024-03-19 18:00,-63.4994,44.6397,CYAW 191800Z 31014G20KT 15SM BKN050 BKN065 BKN250 06/M04 A2933 RMK CU6SC1CI1 DENSITY ALT -219FT DIST SH W-NW VIRGA E-SE SLP935
CYAW,2024-03-19 18:19,-63.4994,44.6397,CYAW 191819Z 31012KT 15SM -SHGS BKN050 BKN065 05/M02 A2934 RMK CU6SC1 DENSITY ALT -273FT PCPN VRY LGT SLP936
CYAW,2024-03-19 19:00,-63.4994,44.6397,CYAW 191900Z CCA 29009G16KT 15SM BKN048 BKN060 05/M02 A2935 RMK CU6SC1 DENSITY ALT -283FT DIST SH E-S LAST OBS/NXT 200900 UTC SLP940
CYAW,2024-03-20 09:00,-63.4994,44.6397,CYAW 200900Z 27007KT 15SM FEW230 M01/M04 A2968 RMK CI1 DENSITY ALT -1419FT FST OBS SLP054
CYAW,2024-03-20 10:00,-63.4994,44.6397,CYAW 201000Z 25006KT 15SM FEW030 FEW120 FEW230 M01/M04 A2970 RMK SC1AC1CI1 DENSITY ALT -1506FT SLP060
CYAW,2024-03-20 11:00,-63.4994,44.6397,CYAW 201100Z 25007KT 15SM FEW130 BKN230 M00/M04 A2973 RMK AC1CI7 DENSITY ALT -1442FT SLP070
CYAW,2024-03-20 12:00,-63.4994,44.6397,CYAW 201200Z 26009KT 15SM FEW150 BKN240 01/M06 A2976 RMK AC1CI6 DENSITY ALT -1317FT SLP078
CYAW,2024-03-20 13:00,-63.4994,44.6397,CYAW 201300Z 27017G22KT 15SM FEW035 FEW160 BKN250 02/M07 A2977 RMK CF1AC1CI6 DENSITY ALT -1194FT SLP083
CYAW,2024-03-20 14:00,-63.4994,44.6397,CYAW 201400Z 28014KT 15SM FEW035 FEW160 FEW250 03/M06 A2979 RMK CU1AC1CI2 DENSITY ALT -1039FT SLP089
CYAW,2024-03-20 15:00,-63.4994,44.6397,CYAW 201500Z CCA 24011KT 15SM FEW035 FEW250 05/M05 A2980 RMK CU1CI1 DENSITY ALT -883FT SLP093
CYAW,2024-03-20 16:00,-63.4994,44.6397,CYAW 201600Z 25012G18KT 15SM FEW040 FEW250 05/M05 A2980 RMK CU1CI1 DENSITY ALT -809FT SLP094
CYAW,2024-03-20 17:00,-63.4994,44.6397,CYAW 201700Z 22015G20KT 15SM FEW045 FEW250 06/M05 A2980 RMK CU1CI1 DENSITY ALT -736FT SLP094
CYAW,2024-03-20 18:00,-63.4994,44.6397,CYAW 201800Z 18011G16KT 15SM FEW045 FEW140 FEW250 05/M01 A2981 RMK CU1AC1CI1 DENSITY ALT -814FT SLP095
CYAW,2024-03-20 19:00,-63.4994,44.6397,CYAW 201900Z CCA 19008KT 15SM FEW045 FEW140 05/01 A2981 RMK CU1AC1 DENSITY ALT -799FT LAST OBS /NEXT 211100 UTC SLP095
CYAW,2024-03-21 11:00,-63.4994,44.6397,CYAW 211100Z 15023G31KT 2SM -SHRA OVC004 03/03 A2958 RMK SF8 DENSITY ALT -781FT FST OBS SLP018
CYAW,2024-03-21 11:25,-63.4994,44.6397,CYAW 211125Z 16020G28KT 3SM -SHRA OVC004 03/03 A2957 RMK SF8 DENSITY ALT -782FT SLP014
CYAW,2024-03-21 12:00,-63.4994,44.6397,CYAW 211200Z 17016G27KT 3SM -SHRA OVC003 03/03 A2954 RMK SF8 DENSITY ALT -747FT CIG VRB 2-4 SLP006
CYAW,2024-03-21 13:00,-63.4994,44.6397,CYAW 211300Z 23016G27KT 4SM -SHRA OVC007 02/02 A2957 RMK SF8 DENSITY ALT -862FT SLP014
CYAW,2024-03-21 13:18,-63.4994,44.6397,CYAW 211318Z 24016G27KT 15SM FEW007 OVC025 02/M00 A2958 RMK SF1SC8 DENSITY ALT -978FT SLP019
CYAW,2024-03-21 14:00,-63.4994,44.6397,CYAW 211400Z 24014G22KT 15SM FEW020 BKN045 02/M01 A2958 RMK CF1SC6 DENSITY ALT -993FT SLP020
CYAW,2024-03-21 15:00,-63.4994,44.6397,CYAW 211500Z 23023G34KT 15SM FEW020 FEW045 FEW090 03/M04 A2957 RMK CF1SC1AC1 DENSITY ALT -847FT SLP015
CYAW,2024-03-21 16:00,-63.4994,44.6397,CYAW 211600Z 24019G28KT 15SM FEW030 FEW050 03/M02 A2955 RMK CU1SC1 DENSITY ALT -739FT SLP009
CYAW,2024-03-21 17:00,-63.4994,44.6397,CYAW 211700Z CCA 25022G35KT 8SM -SHSN BKN024 02/M01 A2957 RMK SC6 DENSITY ALT -961FT SLP015
CYAW,2024-03-21 17:49,-63.4994,44.6397,CYAW 211749Z 24021G34KT 12SM -SHSN BKN024 02/M04 A2957 RMK SC5 DENSITY ALT -985FT LAST OBS /NEXT 251000 UTC SLP015
CYAW,2024-03-25 10:00,-63.4994,44.6397,CYAW 251000Z 04008KT 15SM OVC250 M02/M08 A3055 RMK CI8 DENSITY ALT -2634FT FST OBS SLP347
CYAW,2024-03-25 11:00,-63.4994,44.6397,CYAW 251100Z 04007KT 15SM OVC250 M02/M08 A3058 RMK CI8 DENSITY ALT -2640FT SLP359
CYAW,2024-03-25 12:00,-63.4994,44.6397,CYAW 251200Z 04008KT 15SM FEW020 BKN250 OVC280 M01/M06 A3061 RMK CF1CI6CS2 DENSITY ALT -2566FT SLP369
CYAW,2024-03-25 13:00,-63.4994,44.6397,CYAW 251300Z 07012G17KT 15SM FEW020 SCT250 OVC280 M00/M06 A3062 RMK CF1CI4CS4 DENSITY ALT -2473FT SLP372
CYAW,2024-03-25 14:00,-63.4994,44.6397,CYAW 251400Z 06012KT 15SM FEW020 FEW210 OVC250 01/M06 A3064 RMK CF1CI1CS8 DENSITY ALT -2383FT SLP377
CYAW,2024-03-25 15:00,-63.4994,44.6397,CYAW 251500Z 06010G16KT 15SM OVC250 01/M07 A3065 RMK CS8 DENSITY ALT -2284FT SLP383
CYAW,2024-03-25 16:00,-63.4994,44.6397,CYAW 251600Z 06008G15KT 15SM FEW210 OVC250 03/M07 A3063 RMK CI1CS8 DENSITY ALT -2070FT HALO SLP374
CYAW,2024-03-25 17:00,-63.4994,44.6397,CYAW 251700Z 12012KT 15SM FEW210 OVC250 02/M05 A3061 RMK CI1CS8 DENSITY ALT -2164FT HALO SLP368
CYAW,2024-03-25 18:00,-63.4994,44.6397,CYAW 251800Z 11015KT 15SM FEW210 OVC250 02/M05 A3060 RMK CI1CS8 DENSITY ALT -2190FT SLP363
CYAW,2024-03-25 19:00,-63.4994,44.6397,CYAW 251900Z 09008KT 15SM FEW210 OVC250 02/M03 A3056 RMK CI1CS8 DENSITY ALT -2035FT SLP352
CYAW,2024-03-25 20:00,-63.4994,44.6397,CYAW 252000Z 10011G17KT 15SM FEW160 OVC250 02/M03 A3057 RMK AC1CC7 DENSITY ALT -2122FT SLP356
CYAW,2024-03-25 21:00,-63.4994,44.6397,CYAW 252100Z 11013G18KT 15SM FEW160 OVC250 01/M03 A3059 RMK AC2CC6 DENSITY ALT -2245FT SLP362
CYAW,2024-03-25 22:00,-63.4994,44.6397,CYAW 252200Z 09010KT 15SM BKN065 BKN160 OVC250 01/M03 A3059 RMK SC6AC1CC2 DENSITY ALT -2221FT SLP362
CYAW,2024-03-25 23:00,-63.4994,44.6397,CYAW 252300Z 06007KT 15SM BKN053 OVC250 02/M03 A3057 RMK SC7CI1 DENSITY ALT -2123FT SLP355
CYAW,2024-03-26 00:00,-63.4994,44.6397,CYAW 260000Z 07012G17KT 15SM BKN048 OVC070 02/M09 A3057 RMK SC7AC1 DENSITY ALT -2097FT SLP356
CYAW,2024-03-26 01:00,-63.4994,44.6397,CYAW 260100Z CCA 06010G17KT 15SM FEW045 SCT080 OVC230 02/M09 A3055 RMK SC2AC2CI4 DENSITY ALT -2113FT LAST OBS /NEXT 261100 UTC SLP347
CYAW,2024-03-26 11:00,-63.4994,44.6397,CYAW 261100Z 07011G17KT 12SM -RA OVC018 01/M04 A3045 RMK SC8 DENSITY ALT -2056FT FST OBS SLP314
CYAW,2024-03-26 12:00,-63.4994,44.6397,CYAW 261200Z 08012G19KT 10SM -RA OVC018 01/M02 A3044 RMK SC8 DENSITY ALT -2020FT SLP311
CYAW,2024-03-26 13:00,-63.4994,44.6397,CYAW 261300Z 07010G20KT 10SM -RA OVC017 02/M01 A3046 RMK SC8 DENSITY ALT -1973FT SLP316
CYAW,2024-03-26 13:33,-63.4994,44.6397,CYAW 261333Z 08014G25KT 10SM -DZ OVC014 02/00 A3045 RMK ST8 DENSITY ALT -1918FT PCPN VRY LGT SLP313
CYAW,2024-03-26 14:00,-63.4994,44.6397,CYAW 261400Z 07014G22KT 10SM -DZ OVC012 02/00 A3044 RMK ST8 DENSITY ALT -1917FT SLP311
CYAW,2024-03-26 14:29,-63.4994,44.6397,CYAW 261429Z 08012G20KT 10SM OVC013 03/01 A3045 RMK ST8 DENSITY ALT -1838FT SLP314
CYAW,2024-03-26 15:00,-63.4994,44.6397,CYAW 261500Z 08015G23KT 10SM OVC014 03/01 A3044 RMK ST8 DENSITY ALT -1775FT SLP310
CYAW,2024-03-26 15:12,-63.4994,44.6397,CYAW 261512Z 08016G25KT 10SM -RA OVC014 03/01 A3042 RMK ST8 DENSITY ALT -1762FT SLP304
CYAW,2024-03-26 16:00,-63.4994,44.6397,CYAW 261600Z 08016G28KT 7SM -RA SCT009 OVC012 03/03 A3043 RMK SF4ST4 DENSITY ALT -1776FT SLP305
CYAW,2024-03-26 16:12,-63.4994,44.6397,CYAW 261612Z 08015G23KT 6SM -RA BR BKN009 OVC012 03/03 A3042 RMK SF5ST3 DENSITY ALT -1777FT SLP303
CYAW,2024-03-26 17:00,-63.4994,44.6397,CYAW 261700Z 07012G20KT 6SM -RA BR BKN008 OVC012 03/03 A3041 RMK SF7ST1 DENSITY ALT -1726FT SLP300
CYAW,2024-03-26 17:39,-63.4994,44.6397,CYAW 261739Z 07017G25KT 2 1/2SM -RA BR OVC007 03/03 A3039 RMK SF8 DENSITY ALT -1783FT VIS VRB 1 1/2-4 SLP293
CYAW,2024-03-26 18:00,-63.4994,44.6397,CYAW 261800Z 08016G31KT 2 1/2SM -RA BR OVC007 02/02 A3038 RMK SF8 DENSITY ALT -1798FT VIS VRB 1 1/2-4 SLP291
CYAW,2024-03-26 18:39,-63.4994,44.6397,CYAW 261839Z 09014G27KT 1 3/4SM RA BR OVC008 02/02 A3038 RMK SF8 DENSITY ALT -1798FT VIS VRB 1 1/4-2 1/4 SLP289
CYAW,2024-03-26 19:00,-63.4994,44.6397,CYAW 261900Z 09018G25KT 1 3/4SM -RA BR OVC008 02/02 A3038 RMK SF8 DENSITY ALT -1798FT VIS VRB 1 1/4-2 1/4 SLP288
CYAW,2024-03-26 19:32,-63.4994,44.6397,CYAW 261932Z 08014G22KT 1 1/4SM +RA BR OVC008 02/02 A3038 RMK SF8 DENSITY ALT -1838FT VIS VRB 3/4-1 3/4 SLP288
CYAW,2024-03-26 20:00,-63.4994,44.6397,CYAW 262000Z 08012G26KT 3/4SM RA BR OVC006 02/02 A3038 RMK SF8 DENSITY ALT -1878FT /R14/ SLP291
CYAW,2024-03-26 20:16,-63.4994,44.6397,CYAW 262016Z 08015G28KT 2SM -RA BR OVC007 02/02 A3038 RMK SF8 DENSITY ALT -1878FT SLP289
CYAW,2024-03-26 21:00,-63.4994,44.6397,CYAW 262100Z 08015G25KT 2SM RA BR OVC006 01/01 A3037 RMK SF8 DENSITY ALT -1920FT SLP287
CYAW,2024-03-26 21:22,-63.4994,44.6397,CYAW 262122Z 08011G26KT 1 3/4SM -RA BR OVC007 01/01 A3039 RMK SF8 DENSITY ALT -1942FT SLP292
CYAW,2024-03-26 21:42,-63.4994,44.6397,CYAW 262142Z 09010G20KT 1 3/4SM RA BR OVC006 01/01 A3040 RMK SF8 DENSITY ALT -1954FT SLP297
CYAW,2024-03-26 21:49,-63.4994,44.6397,CYAW 262149Z 09018G24KT 1 1/2SM -RA BR OVC005 01/01 A3039 RMK SF8 DENSITY ALT -1956FT SLP293
CYAW,2024-03-26 22:00,-63.4994,44.6397,CYAW 262200Z 09016G26KT 1 1/2SM -RA BR OVC005 01/01 A3039 RMK SF8 DENSITY ALT -1942FT SLP293
CYAW,2024-03-26 22:21,-63.4994,44.6397,CYAW 262221Z CCA 09019G26KT 1SM -RA BR OVC004 01/01 A3037 RMK SF8 DENSITY ALT -1933FT PRESFR LAST OBS /NEXT 271100 UTC SLP285
CYAW,2024-03-27 11:00,-63.4994,44.6397,CYAW 271100Z 09014G22KT 1/8SM -RA FG VV002 03/03 A3030 RMK FG8 DENSITY ALT -1574FT FST OBS SLP263
CYAW,2024-03-27 11:22,-63.4994,44.6397,CYAW 271122Z 09010G19KT 1/8SM -DZ FG VV002 03/03 A3030 RMK FG8 DENSITY ALT -1600FT SLP262
CYAW,2024-03-27 12:00,-63.4994,44.6397,CYAW 271200Z 09017G24KT 1/8SM -DZ FG VV001 03/03 A3028 RMK FG8 DENSITY ALT -1577FT SLP257
CYAW,2024-03-27 12:27,-63.4994,44.6397,CYAW 271227Z 10012G21KT 1/8SM FG VV001 03/03 A3030 RMK FG8 DENSITY ALT -1627FT SLP263
CYAW,2024-03-27 13:00,-63.4994,44.6397,CYAW 271300Z 09010G17KT 0SM FG VV001 03/03 A3031 RMK FG8 DENSITY ALT -1598FT SLP267
CYAW,2024-03-27 14:00,-63.4994,44.6397,CYAW 271400Z 09014G21KT 0SM FG VV001 03/03 A3030 RMK FG8 DENSITY ALT -1600FT SLP264
CYAW,2024-03-27 15:00,-63.4994,44.6397,CYAW 271500Z 09011G19KT 0SM FG VV001 04/04 A3031 RMK FG8 DENSITY ALT -1532FT SLP265
CYAW,2024-03-27 16:00,-63.4994,44.6397,CYAW 271600Z 10011G18KT 0SM FG VV001 04/04 A3031 RMK FG8 DENSITY ALT -1545FT SLP265
CYAW,2024-03-27 16:32,-63.4994,44.6397,CYAW 271632Z 10011G18KT 0SM -DZ FG VV001 04/04 A3031 RMK FG8 DENSITY ALT -1519FT SLP265
CYAW,2024-03-27 16:50,-63.4994,44.6397,CYAW 271650Z 11010KT 0SM -RA FG VV001 04/04 A3030 RMK FG8 DENSITY ALT -1494FT SLP264
CYAW,2024-03-27 17:00,-63.4994,44.6397,CYAW 271700Z 10009G15KT 0SM -RA FG VV001 04/04 A3030 RMK FG8 DENSITY ALT -1494FT SLP262
CYAW,2024-03-27 17:39,-63.4994,44.6397,CYAW 271739Z 09009G17KT 0SM -DZ FG VV001 04/04 A3029 RMK FG8 DENSITY ALT -1456FT SLP258
CYAW,2024-03-27 18:00,-63.4994,44.6397,CYAW 271800Z 10010G17KT 0SM -DZ FG VV001 05/05 A3028 RMK FG8 DENSITY ALT -1405FT SLP255
CYAW,2024-03-27 19:00,-63.4994,44.6397,CYAW 271900Z 09009G19KT 0SM -DZ FG VV001 05/05 A3026 RMK FG8 DENSITY ALT -1356FT SLP248
CYAW,2024-03-27 20:00,-63.4994,44.6397,CYAW 272000Z 09009KT 0SM -DZ FG VV001 04/04 A3026 RMK FG8 DENSITY ALT -1395FT PCPN VRY LGT SLP248
CYAW,2024-03-27 21:00,-63.4994,44.6397,CYAW 272100Z 10009KT 0SM -DZ FG VV001 05/05 A3025 RMK FG8 DENSITY ALT -1344FT SLP247
CYAW,2024-03-27 21:43,-63.4994,44.6397,CYAW 272143Z 10010KT 0SM -DZ FG VV001 05/05 A3026 RMK FG8 DENSITY ALT -1342FT LAST OBS /NEXT 281100 UTC SLP249
CYAW,2024-03-28 11:00,-63.4994,44.6397,CYAW 281100Z 18006KT 0SM FG VV001 08/08 A3007 RMK FG8 DENSITY ALT -727FT FST OBS SLP185
CYAW,2024-03-28 12:00,-63.4994,44.6397,CYAW 281200Z 18004KT 0SM FG VV001 09/09 A3006 RMK FG8 DENSITY ALT -597FT SLP180
CYAW,2024-03-28 13:00,-63.4994,44.6397,CYAW 281300Z 19006KT 0SM FG VV001 10/10 A3004 RMK FG8 DENSITY ALT -442FT SLP173
CYAW,2024-03-28 14:00,-63.4994,44.6397,CYAW 281400Z 20006KT 0SM FG VV001 09/09 A3004 RMK FG8 DENSITY ALT -482FT SLP173
CYAW,2024-03-28 15:00,-63.4994,44.6397,CYAW 281500Z 20007KT 0SM FG VV001 08/08 A3003 RMK FG8 DENSITY ALT -615FT SLP169
CYAW,2024-03-28 15:11,-63.4994,44.6397,CYAW 281511Z 19006KT 0SM -DZ FG VV001 08/08 A3002 RMK FG8 DENSITY ALT -670FT PCPN VRY LGT LAST OBS /NEXT 020900 UTC SLP168
CYAW,2024-04-02 10:00,-63.4994,44.6397,CYAW 021000Z 33007KT 15SM FEW110 M01/M03 A2998 RMK AC1 DENSITY ALT -1838FT FST OBS SLP156
CYAW,2024-04-02 11:00,-63.4994,44.6397,CYAW 021100Z 33009KT 15SM FEW120 00/M01 A2999 RMK AC1 DENSITY ALT -1626FT SLP158
CYAW,2024-04-02 12:00,-63.4994,44.6397,CYAW 021200Z 34009KT 15SM FEW110 02/M02 A3001 RMK AC2 DENSITY ALT -1448FT SLP163
CYAW,2024-04-02 13:00,-63.4994,44.6397,CYAW 021300Z 32009KT 15SM FEW110 SCT250 04/M02 A3001 RMK AC2CI1 DENSITY ALT -1234FT SLP166
CYAW,2024-04-02 14:00,-63.4994,44.6397,CYAW 021400Z 32007KT 15SM FEW030 FEW100 06/M02 A3000 RMK CF1AC1 DENSITY ALT -963FT SLP161
CYAW,2024-04-02 15:00,-63.4994,44.6397,CYAW 021500Z 33011G16KT 15SM FEW030 FEW100 07/M02 A2998 RMK CF1AC1 DENSITY ALT -805FT SLP154
CYAW,2024-04-02 16:00,-63.4994,44.6397,CYAW 021600Z 33011G18KT 15SM FEW036 08/M03 A2998 RMK CF1 DENSITY ALT -684FT SLP152
CYAW,2024-04-02 17:00,-63.4994,44.6397,CYAW 021700Z 35013G18KT 15SM FEW036 FEW100 09/M04 A2997 RMK CF1AC1 DENSITY ALT -582FT SLP149
CYAW,2024-04-02 18:00,-63.4994,44.6397,CYAW 021800Z 35014KT 15SM FEW055 FEW100 10/M03 A2995 RMK CU1AC1 DENSITY ALT -445FT SLP145
CYAW,2024-04-02 19:00,-63.4994,44.6397,CYAW 021900Z 36011G16KT 15SM SCT055 SCT100 10/M02 A2995 RMK SC3AC1 DENSITY ALT -389FT SLP142
CYAW,2024-04-02 19:27,-63.4994,44.6397,CYAW 021927Z 03015G22KT 15SM SCT050 SCT100 09/M02 A2994 RMK SC3AC1 DENSITY ALT -502FT LAST OBS /NEXT 031100 UTC SLP141
CYAW,2024-04-03 11:00,-63.4994,44.6397,CYAW 031100Z 02008KT 12SM FEW012 BKN050 BKN070 01/00 A3003 RMK SC1SC4AC2 DENSITY ALT -1537FT FST OBS SLP172
CYAW,2024-04-03 12:00,-63.4994,44.6397,CYAW 031200Z 04009KT 12SM BKN015 BKN070 02/M00 A3004 RMK SC7AC1 DENSITY ALT -1449FT SLP174
CYAW,2024-04-03 13:00,-63.4994,44.6397,CYAW 031300Z 04009G18KT 12SM BKN019 BKN110 03/M01 A3006 RMK SC7AC1 DENSITY ALT -1362FT SLP181
CYAW,2024-04-03 14:00,-63.4994,44.6397,CYAW 031400Z 04007G16KT 12SM -SHGS BKN027 05/M01 A3008 RMK CU7 DENSITY ALT -1149FT SLP188
CYAW,2024-04-03 15:00,-63.4994,44.6397,CYAW 031500Z 04011G17KT 12SM -SHGS BKN025 BKN140 04/M00 A3009 RMK CU7AC1 DENSITY ALT -1280FT SLP192
CYAW,2024-04-03 15:11,-63.4994,44.6397,CYAW 031511Z 06008G17KT 12SM -SHSN BKN024 03/M01 A3009 RMK CU7 DENSITY ALT -1371FT VIS LWR S SLP193
CYAW,2024-04-03 15:48,-63.4994,44.6397,CYAW 031548Z 15005KT 12SM -SHGS BKN024 BKN075 03/00 A3011 RMK CU5AC2 DENSITY ALT -1375FT SLP197
CYAW,2024-04-03 16:00,-63.4994,44.6397,CYAW 031600Z 12004KT 12SM -SHGS BKN022 BKN075 03/00 A3011 RMK CU5AC2 DENSITY ALT -1488FT SLP198
CYAW,2024-04-03 17:00,-63.4994,44.6397,CYAW 031700Z 12005KT 8SM -SHGS BKN015 BKN040 03/02 A3011 RMK CU5SC2 DENSITY ALT -1405FT PCPN VRY LGT SLP200
CYAW,2024-04-03 17:42,-63.4994,44.6397,CYAW 031742Z 12006KT 12SM SCT015 BKN070 04/03 A3010 RMK CU3AC3 DENSITY ALT -1298FT SLP196
CYAW,2024-04-03 18:00,-63.4994,44.6397,CYAW 031800Z 22002KT 15SM SCT020 BKN070 BKN250 05/01 A3010 RMK CU3AC2CI1 DENSITY ALT -1186FT SLP194
CYAW,2024-04-03 18:23,-63.4994,44.6397,CYAW 031823Z 13011KT 8SM -SHGS BKN015 BKN040 03/01 A3011 RMK CU6SC1 DENSITY ALT -1459FT SLP198
CYAW,2024-04-03 19:00,-63.4994,44.6397,CYAW 031900Z 14006KT 15SM SCT020 BKN060 02/01 A3010 RMK CU3SC4 DENSITY ALT -1484FT SLP196
CYAW,2024-04-03 20:00,-63.4994,44.6397,CYAW 032000Z 14005KT 15SM FEW020 SCT060 05/00 A3009 RMK CU1SC4 DENSITY ALT -1202FT SLP193
CYAW,2024-04-03 20:50,-63.4994,44.6397,CYAW 032050Z 16005KT 15SM -SHSN SCT020 BKN100 BKN250 04/M01 A3010 RMK SC4AC1CI1 DENSITY ALT -1307FT SLP195
CYAW,2024-04-03 21:00,-63.4994,44.6397,CYAW 032100Z 15006KT 15SM BKN020 BKN100 BKN250 04/M00 A3010 RMK SC5AC1CI1 DENSITY ALT -1304FT SLP196
CYAW,2024-04-03 22:00,-63.4994,44.6397,CYAW 032200Z 10004KT 15SM SCT030 BKN060 02/M00 A3011 RMK SC3SC3 DENSITY ALT -1529FT SLP199
CYAW,2024-04-03 23:00,-63.4994,44.6397,CYAW 032300Z 04011KT 15SM BKN060 02/M02 A3012 RMK SC6 DENSITY ALT -1554FT SLP203
CYAW,2024-04-04 00:00,-63.4994,44.6397,CYAW 040000Z 04013G19KT 15SM SCT050 01/M04 A3012 RMK SC3 DENSITY ALT -1677FT SLP202
CYAW,2024-04-04 01:00,-63.4994,44.6397,CYAW 040100Z CCA 04007KT 15SM FEW050 SCT250 00/M03 A3014 RMK SC2CI2 DENSITY ALT -1861FT LAST OBS /NEXT 041100 UTC SLP208
CYAW,2024-04-04 11:00,-63.4994,44.6397,CYAW 041100Z 09011G18KT 15SM FEW020 OVC090 00/M02 A2997 RMK CF1AS8 DENSITY ALT -1604FT FST OBS SLP152
CYAW,2024-04-04 12:00,-63.4994,44.6397,CYAW 041200Z 10017G29KT 12SM FEW020 OVC075 02/M01 A2994 RMK SC2AS6 DENSITY ALT -1429FT SLP140
CYAW,2024-04-04 12:40,-63.4994,44.6397,CYAW 041240Z CCA 10018G27KT 12SM -SN BKN020 OVC075 02/M01 A2995 RMK SC5AC3 DENSITY ALT -1427FT PCPN VRY LGT SLP144
CYAW,2024-04-04 13:00,-63.4994,44.6397,CYAW 041300Z 10019G29KT 12SM -SN BKN020 OVC075 02/M01 A2994 RMK SC5AS3 DENSITY ALT -1402FT PCPN VRY LGT SLP140
CYAW,2024-04-04 14:00,-63.4994,44.6397,CYAW 041400Z 10016G29KT 12SM -SN BKN018 OVC070 02/M01 A2992 RMK SC6AS2 DENSITY ALT -1338FT PCPN VRY LGT SLP133
CYAW,2024-04-04 15:00,-63.4994,44.6397,CYAW 041500Z 09018G30KT 12SM -SN OVC014 02/M00 A2989 RMK SC8 DENSITY ALT -1352FT PCPN VRY LGT SLP125
CYAW,2024-04-04 16:00,-63.4994,44.6397,CYAW 041600Z CCA 09020G31KT 10SM -SN OVC014 02/00 A2985 RMK SC8 DENSITY ALT -1289FT PCPN VRY LGT SLP111
CYAW,2024-04-04 16:47,-63.4994,44.6397,CYAW 041647Z 10019G30KT 1 1/2SM -SN OVC009 01/01 A2983 RMK SF8 DENSITY ALT -1301FT SLP103
CYAW,2024-04-04 17:00,-63.4994,44.6397,CYAW 041700Z 10020G29KT 1 1/2SM -SN OVC009 01/01 A2983 RMK SF8 DENSITY ALT -1325FT SLP104
CYAW,2024-04-04 17:39,-63.4994,44.6397,CYAW 041739Z 10018G32KT 3/4SM -SN OVC007 01/01 A2981 RMK SF8 DENSITY ALT -1340FT VIS VRB 1/2-1 SLP098
CYAW,2024-04-04 18:00,-63.4994,44.6397,CYAW 041800Z 10018G24KT 3/8SM SN VV003 00/00 A2979 RMK SN8 DENSITY ALT -1383FT VIS VRB 1/4-1/2 /S01/ SLP092
CYAW,2024-04-04 19:00,-63.4994,44.6397,CYAW 041900Z 09020KT 3/8SM SN VV003 00/00 A2978 RMK SN8 DENSITY ALT -1398FT VIS VRB 1/4-1/2 /S01/ WIND EST SLP088
CYAW,2024-04-04 19:42,-63.4994,44.6397,CYAW 041942Z 09020KT 3/4SM -SN OVC003 00/00 A2976 RMK SF8 DENSITY ALT -1361FT VIS VRB 1/2-1 WIND EST SLP079
CYAW,2024-04-04 20:00,-63.4994,44.6397,CYAW 042000Z CCA 09020KT 1 1/2SM -SN OVC004 00/00 A2974 RMK SF8 DENSITY ALT -1325FT /S02/ WIND EST LAST OBS/NXT 051000 UTC SLP073
CYAW,2024-04-05 09:00,-63.4994,44.6397,CYAW 050900Z 09015G26KT 2 1/2SM -DZ OVC005 02/02 A2947 RMK ST8 DENSITY ALT -798FT FST OBS SLP980
CYAW,2024-04-05 09:16,-63.4994,44.6397,CYAW 050916Z 09018G27KT 2 1/2SM -DZ OVC004 02/02 A2946 RMK ST8 DENSITY ALT -773FT CIG VRB 3-5 SLP978
CYAW,2024-04-05 10:00,-63.4994,44.6397,CYAW 051000Z 10015G24KT 1 1/2SM -DZ BKN004 OVC006 02/02 A2947 RMK SF6ST2 DENSITY ALT -745FT CIG VRB 3-5 SLP982
CYAW,2024-04-05 10:44,-63.4994,44.6397,CYAW 051044Z 10012G19KT 1 1/4SM -DZ OVC003 03/03 A2946 RMK SF8 DENSITY ALT -667FT CIG VRB 2-4 SLP979
CYAW,2024-04-05 11:00,-63.4994,44.6397,CYAW 051100Z 13010KT 1 1/4SM -DZ OVC003 03/03 A2949 RMK SF8 DENSITY ALT -702FT CIG VRB 2-4 SLP988
CYAW,2024-04-05 11:18,-63.4994,44.6397,CYAW 051118Z 13010KT 3/4SM -DZ BR OVC002 03/03 A2949 RMK ST8 DENSITY ALT -702FT VIS VRB 1/2-1 SLP989
CYAW,2024-04-05 11:39,-63.4994,44.6397,CYAW 051139Z 19006KT 1 1/2SM -DZ BR OVC003 03/03 A2949 RMK ST8 DENSITY ALT -689FT VIS VRB 1-2 CIG VRB 2-4 SLP989
CYAW,2024-04-05 12:00,-63.4994,44.6397,CYAW 051200Z 23006KT 9SM -DZ BKN005 OVC016 03/03 A2949 RMK SF7SC1 DENSITY ALT -676FT SLP988
CYAW,2024-04-05 12:19,-63.4994,44.6397,CYAW 051219Z 21005KT 9SM BKN009 OVC018 03/03 A2949 RMK SF5SC3 DENSITY ALT -636FT SLP989
CYAW,2024-04-05 12:34,-63.4994,44.6397,CYAW 051234Z 20004KT 9SM SCT009 BKN018 BKN025 04/04 A2949 RMK SF3SC3SC1 DENSITY ALT -610FT SLP988
CYAW,2024-04-05 13:00,-63.4994,44.6397,CYAW 051300Z 20004KT 9SM FEW009 OVC022 04/04 A2949 RMK SF1SC8 DENSITY ALT -570FT SLP990
CYAW,2024-04-05 13:50,-63.4994,44.6397,CYAW 051350Z 18008KT 9SM -RA FEW009 OVC022 04/04 A2950 RMK SF1SC8 DENSITY ALT -583FT SLP992
CYAW,2024-04-05 14:00,-63.4994,44.6397,CYAW 051400Z 18008KT 9SM -RA FEW009 OVC022 04/04 A2951 RMK SF1SC8 DENSITY ALT -595FT PCPN VRY LGT SLP994
CYAW,2024-04-05 14:13,-63.4994,44.6397,CYAW 051413Z 17009KT 9SM OVC022 04/04 A2951 RMK SC8 DENSITY ALT -581FT SLP994
CYAW,2024-04-05 15:00,-63.4994,44.6397,CYAW 051500Z 18007KT 12SM FEW013 OVC027 05/04 A2951 RMK SC2SC6 DENSITY ALT -503FT SLP996
CYAW,2024-04-05 16:00,-63.4994,44.6397,CYAW 051600Z 17008G16KT 12SM FEW013 OVC025 04/04 A2952 RMK SC1SC7 DENSITY ALT -581FT SLP997
CYAW,2024-04-05 17:00,-63.4994,44.6397,CYAW 051700Z 17011KT 12SM FEW015 OVC027 05/04 A2951 RMK SC2SC6 DENSITY ALT -420FT SLP995
CYAW,2024-04-05 18:00,-63.4994,44.6397,CYAW 051800Z 18013KT 15SM BKN027 05/04 A2952 RMK SC7 DENSITY ALT -468FT WIND EST SLP999
CYAW,2024-04-05 19:00,-63.4994,44.6397,CYAW 051900Z CCA 18015KT 15SM OVC028 05/03 A2953 RMK SC8 DENSITY ALT -509FT WIND EST LAST OBS/NXT 080900 UTC SLP001
CYAW,2024-04-08 09:00,-63.4994,44.6397,CYAW 080900Z 35008KT 15SM FEW120 M01/M03 A2985 RMK AC1 DENSITY ALT -1690FT FST OBS SLP110
CYAW,2024-04-08 10:00,-63.4994,44.6397,CYAW 081000Z 34009KT 15SM FEW120 M01/M03 A2987 RMK AC1 DENSITY ALT -1700FT SLP115
CYAW,2024-04-08 11:00,-63.4994,44.6397,CYAW 081100Z 36009KT 15SM FEW250 00/M03 A2988 RMK CI1 DENSITY ALT -1531FT SLP120
CYAW,2024-04-08 12:00,-63.4994,44.6397,CYAW 081200Z 02011KT 15SM FEW250 03/M02 A2988 RMK CI2 DENSITY ALT -1201FT SLP120
CYAW,2024-04-08 13:00,-63.4994,44.6397,CYAW 081300Z 02012G19KT 15SM FEW250 05/M02 A2990 RMK CI2 DENSITY ALT -948FT SLP125
CYAW,2024-04-08 14:00,-63.4994,44.6397,CYAW 081400Z 36012KT 15SM FEW160 FEW250 07/M02 A2989 RMK AC1CI2 DENSITY ALT -726FT SLP123
CYAW,2024-04-08 15:00,-63.4994,44.6397,CYAW 081500Z 01012KT 15SM SCT230 09/M03 A2988 RMK CI4 DENSITY ALT -410FT SLP119
CYAW,2024-04-08 16:00,-63.4994,44.6397,CYAW 081600Z 34015G21KT 15SM FEW240 11/M02 A2987 RMK CI2 DENSITY ALT -226FT SLP115
CYAW,2024-04-08 17:00,-63.4994,44.6397,CYAW 081700Z 32012KT 15SM SCT250 12/M02 A2984 RMK CI3 DENSITY ALT -32FT SLP107
CYAW,2024-04-08 18:00,-63.4994,44.6397,CYAW 081800Z 33012G17KT 15SM BKN250 13/M01 A2982 RMK CI6 DENSITY ALT 116FT CS ASOCTD HALO SLP098
CYAW,2024-04-08 19:00,-63.4994,44.6397,CYAW 081900Z 29012KT 15SM FEW150 FEW250 13/M02 A2980 RMK AC1CI1 DENSITY ALT 178FT SLP092
CYAW,2024-04-08 20:00,-63.4994,44.6397,CYAW 082000Z 32007KT 15SM FEW250 12/M03 A2979 RMK CI1 DENSITY ALT -17FT SLP090
CYAW,2024-04-08 21:00,-63.4994,44.6397,CYAW 082100Z 29009KT 15SM FEW150 14/M04 A2978 RMK AC1 DENSITY ALT 230FT SLP087
CYAW,2024-04-08 21:50,-63.4994,44.6397,CYAW 082150Z 23007KT 15SM FEW150 11/M01 A2978 RMK AC1 DENSITY ALT -81FT LAST OBS /NEXT 090900 UTC SLP086
CYAW,2024-04-09 09:00,-63.4994,44.6397,CYAW 090900Z 33007KT 15SM FEW110 FEW250 01/M02 A2987 RMK AC1CI1 DENSITY ALT -1430FT FST OBS SLP115
CYAW,2024-04-09 10:00,-63.4994,44.6397,CYAW 091000Z 33011G17KT 15SM FEW110 FEW250 01/M02 A2989 RMK AC1CI1 DENSITY ALT -1411FT SLP124
CYAW,2024-04-09 11:00,-63.4994,44.6397,CYAW 091100Z 35013KT 15SM FEW008 FEW110 FEW250 02/M01 A2991 RMK CF1AC1CI1 DENSITY ALT -1327FT CF TR AC TR SLP131
CYAW,2024-04-09 12:00,-63.4994,44.6397,CYAW 091200Z 35016KT 15SM FEW016 04/00 A2992 RMK CF1 DENSITY ALT -1120FT SLP134
CYAW,2024-04-09 13:00,-63.4994,44.6397,CYAW 091300Z 36014G25KT 15SM FEW023 05/M00 A2994 RMK CU2 DENSITY ALT -1021FT SLP140
CYAW,2024-04-09 14:00,-63.4994,44.6397,CYAW 091400Z 34018G23KT 15SM SCT032 05/M02 A2996 RMK CU3 DENSITY ALT -1064FT SLP146
CYAW,2024-04-09 15:00,-63.4994,44.6397,CYAW 091500Z 33014G26KT 15SM BKN038 06/M02 A2998 RMK CU5 DENSITY ALT -966FT SLP153
CYAW,2024-04-09 16:00,-63.4994,44.6397,CYAW 091600Z 01014G22KT 15SM BKN044 06/M04 A3000 RMK CU6 DENSITY ALT -997FT SLP161
CYAW,2024-04-09 17:00,-63.4994,44.6397,CYAW 091700Z 01014G26KT 15SM BKN046 07/M03 A3001 RMK CU5 DENSITY ALT -858FT SLP165
CYAW,2024-04-09 18:00,-63.4994,44.6397,CYAW 091800Z 35016G25KT 15SM BKN048 07/M04 A3002 RMK CU5 DENSITY ALT -847FT SLP166
CYAW,2024-04-09 19:00,-63.4994,44.6397,CYAW 091900Z 01015G22KT 15SM BKN046 06/M03 A3002 RMK CU6 DENSITY ALT -931FT SH DIST NE SLP167
CYAW,2024-04-09 20:00,-63.4994,44.6397,CYAW 092000Z 36018KT 15SM -SHGS BKN032 04/M03 A3004 RMK CU7 DENSITY ALT -1224FT SLP174
CYAW,2024-04-09 20:31,-63.4994,44.6397,CYAW 092031Z CCA 36015G23KT 15SM BKN038 04/M02 A3005 RMK CU7 DENSITY ALT -1273FT LAST OBS /NEXT 100900 UTC SLP178
CYAW,2024-04-10 09:00,-63.4994,44.6397,CYAW 100900Z 35006KT 15SM FEW250 M04/M06 A3022 RMK CI1 DENSITY ALT -2480FT FST OBS SLP236
CYAW,2024-04-10 10:00,-63.4994,44.6397,CYAW 101000Z 35006KT 15SM FEW250 M03/M06 A3023 RMK CI1 DENSITY ALT -2373FT SLP239
CYAW,2024-04-10 11:00,-63.4994,44.6397,CYAW 101100Z 36004KT 15SM FEW250 M01/M05 A3026 RMK CI1 DENSITY ALT -2096FT SLP248
CYAW,2024-04-10 12:00,-63.4994,44.6397,CYAW 101200Z 01004KT 15SM FEW110 FEW250 00/M05 A3027 RMK AC1CI1 DENSITY ALT -1967FT SLP254
CYAW,2024-04-10 13:00,-63.4994,44.6397,CYAW 101300Z 26003KT 15SM FEW250 02/M05 A3028 RMK CI1 DENSITY ALT -1762FT SLP257
CYAW,2024-04-10 14:00,-63.4994,44.6397,CYAW 101400Z 25006KT 15SM FEW250 03/M07 A3028 RMK CI1 DENSITY ALT -1607FT SLP257
CYAW,2024-04-10 15:00,-63.4994,44.6397,CYAW 101500Z 21007KT 15SM FEW130 FEW250 04/M04 A3028 RMK AC1CI1 DENSITY ALT -1481FT SLP256
CYAW,2024-04-10 16:00,-63.4994,44.6397,CYAW 101600Z 18008KT 15SM FEW035 FEW250 05/M03 A3027 RMK CU1CI1 DENSITY ALT -1416FT SLP251
CYAW,2024-04-10 17:00,-63.4994,44.6397,CYAW 101700Z 20010G17KT 15SM FEW035 FEW250 05/M03 A3026 RMK CF1CI1 DENSITY ALT -1330FT SLP248
CYAW,2024-04-10 18:00,-63.4994,44.6397,CYAW 101800Z 20009KT 15SM FEW035 FEW250 07/M02 A3025 RMK CF1CI1 DENSITY ALT -1153FT SLP245
CYAW,2024-04-10 19:00,-63.4994,44.6397,CYAW 101900Z 22013G18KT 15SM FEW035 FEW250 06/M02 A3025 RMK CF1CI1 DENSITY ALT -1228FT LAST OBS /NEXT 141200 UTC SLP245
CYAW,2024-04-15 08:00,-63.4994,44.6397,CYAW 150800Z 20004KT 15SM FEW004 OVC057 05/05 A2980 RMK SF1SC8 DENSITY ALT -827FT FST OBS SLP094
CYAW,2024-04-15 09:00,-63.4994,44.6397,CYAW 150900Z CCA 18005KT 12SM FEW003 OVC038 05/05 A2982 RMK SF1SC8 DENSITY ALT -862FT SLP098
CYAW,2024-04-15 10:00,-63.4994,44.6397,CYAW 151000Z 19005KT 6SM -SHRA BR FEW004 OVC052 04/04 A2983 RMK SF2SC6 DENSITY ALT -913FT SLP104
CYAW,2024-04-15 10:34,-63.4994,44.6397,CYAW 151034Z 17003KT 6SM BR FEW004 OVC052 04/04 A2983 RMK SF1SC7 DENSITY ALT -900FT SLP102
CYAW,2024-04-15 11:00,-63.4994,44.6397,CYAW 151100Z 17007KT 6SM -SHRA BR FEW004 OVC035 04/04 A2984 RMK SF1SC8 DENSITY ALT -938FT SLP105
CYAW,2024-04-15 12:00,-63.4994,44.6397,CYAW 151200Z 15005KT 6SM -SHRA BR FEW004 OVC024 04/04 A2981 RMK SF1SC8 DENSITY ALT -877FT SLP097
CYAW,2024-04-15 12:38,-63.4994,44.6397,CYAW 151238Z 13006KT 9SM -SHRA FEW004 OVC012 05/05 A2982 RMK SF1SC8 DENSITY ALT -835FT SLP100
CYAW,2024-04-15 13:00,-63.4994,44.6397,CYAW 151300Z 12005KT 7SM -SHRA OVC008 05/05 A2982 RMK SC8 DENSITY ALT -835FT SLP098
CYAW,2024-04-15 13:17,-63.4994,44.6397,CYAW 151317Z 12006KT 2 1/2SM -DZ OVC005 05/05 A2981 RMK ST8 DENSITY ALT -811FT SLP095
CYAW,2024-04-15 13:33,-63.4994,44.6397,CYAW 151333Z 10005KT 6SM -DZ BR OVC004 05/05 A2979 RMK SF8 DENSITY ALT -774FT CIG VRB 3-5 SLP091
CYAW,2024-04-15 14:00,-63.4994,44.6397,CYAW 151400Z 15005KT 6SM -DZ BR OVC003 06/05 A2978 RMK SF8 DENSITY ALT -697FT CIG VRB 2-4 SLP087
CYAW,2024-04-15 14:12,-63.4994,44.6397,CYAW 151412Z 16008KT 2 1/2SM -DZ BR OVC002 06/06 A2977 RMK SF8 DENSITY ALT -632FT CIG VRB 1-3 SLP084
CYAW,2024-04-15 15:00,-63.4994,44.6397,CYAW 151500Z 18006KT 2 1/2SM BR OVC002 06/06 A2976 RMK SF8 DENSITY ALT -594FT CIG VRB 1-3 SLP079
CYAW,2024-04-15 15:37,-63.4994,44.6397,CYAW 151537Z 18004KT 4SM BR OVC003 06/06 A2976 RMK SF8 DENSITY ALT -555FT CIG VRB 2-4 SLP078
CYAW,2024-04-15 16:00,-63.4994,44.6397,CYAW 151600Z 20006KT 6SM BR OVC004 08/08 A2975 RMK SF8 DENSITY ALT -320FT SLP076
CYAW,2024-04-15 16:16,-63.4994,44.6397,CYAW 151616Z 23007KT 8SM BKN007 09/09 A2974 RMK SC7 DENSITY ALT -168FT SLP073
CYAW,2024-04-15 17:00,-63.4994,44.6397,CYAW 151700Z 19003KT 10SM BKN010 10/09 A2974 RMK SC7 DENSITY ALT -83FT SLP072
CYAW,2024-04-15 17:31,-63.4994,44.6397,CYAW 151731Z 20007KT 15SM FEW008 SCT012 SCT250 11/09 A2974 RMK CF1SC4CI1 DENSITY ALT 3FT CF TR CI TR SLP073
CYAW,2024-04-15 18:00,-63.4994,44.6397,CYAW 151800Z 17011KT 15SM SCT012 SCT250 10/08 A2975 RMK SC3CI1 DENSITY ALT -122FT SLP076
CYAW,2024-04-15 19:00,-63.4994,44.6397,CYAW 151900Z 19007KT 15SM FEW015 10/08 A2975 RMK SC2 DENSITY ALT -104FT SLP075
CYAW,2024-04-15 20:00,-63.4994,44.6397,CYAW 152000Z 20009KT 15SM FEW015 FEW090 FEW250 12/08 A2976 RMK SC1AC1CI1 DENSITY ALT 92FT LAST OBS /NEXT 161000 UTC SLP080
CYAW,2024-04-16 10:00,-63.4994,44.6397,CYAW 161000Z 00000KT 9SM BKN060 BKN075 OVC210 04/04 A2995 RMK SC6AC1CI1 DENSITY ALT -1131FT FST OBS SLP143
CYAW,2024-04-16 11:00,-63.4994,44.6397,CYAW 161100Z 01006KT 9SM BKN060 BKN075 BKN210 05/05 A2993 RMK SC6AC1CI1 DENSITY ALT -923FT SLP138
CYAW,2024-04-16 12:00,-63.4994,44.6397,CYAW 161200Z 00000KT 10SM BKN055 BKN150 05/05 A2996 RMK SC6AC1 DENSITY ALT -931FT VIS LWR S SLP147
CYAW,2024-04-16 13:00,-63.4994,44.6397,CYAW 161300Z 10003KT 10SM FEW065 BKN150 BKN210 08/07 A2994 RMK SC2AC3CI1 DENSITY ALT -607FT SLP140
CYAW,2024-04-16 14:00,-63.4994,44.6397,CYAW 161400Z 05004KT 15SM FEW020 FEW150 FEW210 11/07 A2992 RMK CU1AC1CI1 DENSITY ALT -219FT SLP135
CYAW,2024-04-16 15:00,-63.4994,44.6397,CYAW 161500Z 21007KT 15SM FEW020 SCT150 12/07 A2993 RMK CU2AC2 DENSITY ALT -85FT SLP136
CYAW,2024-04-16 16:00,-63.4994,44.6397,CYAW 161600Z 15008KT 15SM FEW024 FEW150 13/07 A2990 RMK CU1AC1 DENSITY ALT 58FT SLP128
CYAW,2024-04-16 17:00,-63.4994,44.6397,CYAW 161700Z 17008KT 15SM SCT030 BKN150 BKN240 10/06 A2991 RMK CU4AC1CI1 DENSITY ALT -287FT SLP129
CYAW,2024-04-16 18:00,-63.4994,44.6397,CYAW 161800Z 16006KT 15SM SCT040 SCT150 BKN240 11/07 A2990 RMK CU3AC1CI1 DENSITY ALT -126FT SLP127
CYAW,2024-04-16 18:11,-63.4994,44.6397,CYAW 161811Z 25002KT 15SM -SHGS BKN040 BKN150 10/06 A2991 RMK CU5AC1 DENSITY ALT -251FT HAIL DIAMETER 02 MM CVCTV CLD EMBD SLP130
CYAW,2024-04-16 18:20,-63.4994,44.6397,CYAW 161820Z 17005KT 15SM -SHRA SCT040 BKN150 09/07 A2990 RMK CU4AC1 DENSITY ALT -353FT SLP128
CYAW,2024-04-16 18:41,-63.4994,44.6397,CYAW 161841Z 18008KT 15SM SCT040 BKN150 08/07 A2990 RMK CU4AC1 DENSITY ALT -523FT SLP127
CYAW,2024-04-16 19:00,-63.4994,44.6397,CYAW 161900Z CCA 17010KT 15SM FEW040 SCT080 09/08 A2990 RMK CU2AC1 DENSITY ALT -448FT LAST OBS /NEXT 170900 UTC SLP126
CYAW,2024-04-17 09:00,-63.4994,44.6397,CYAW 170900Z 31008KT 10SM SCT030 BKN050 05/02 A3002 RMK SC4SC3 DENSITY ALT -1073FT FST OBS SLP167
CYAW,2024-04-17 10:00,-63.4994,44.6397,CYAW 171000Z 31010KT 15SM SCT035 BKN055 04/M00 A3003 RMK SC3SC4 DENSITY ALT -1163FT SLP170
CYAW,2024-04-17 11:00,-63.4994,44.6397,CYAW 171100Z 31010KT 15SM SCT045 BKN060 BKN100 04/M01 A3003 RMK SC3SC3AC1 DENSITY ALT -1166FT SLP171
CYAW,2024-04-17 12:00,-63.4994,44.6397,CYAW 171200Z CCA 32011KT 15SM BKN060 06/M00 A3003 RMK SC5 DENSITY ALT -988FT SLP171
CYAW,2024-04-17 13:00,-63.4994,44.6397,CYAW 171300Z 32012KT 15SM FEW025 FEW060 FEW100 07/00 A3003 RMK CU1SC1AC1 DENSITY ALT -886FT SLP170
CYAW,2024-04-17 14:00,-63.4994,44.6397,CYAW 171400Z 32011G17KT 15SM FEW045 SCT100 08/M00 A3003 RMK CU2AC1 DENSITY ALT -703FT SLP169
CYAW,2024-04-17 15:00,-63.4994,44.6397,CYAW 171500Z 33014KT 15SM BKN044 BKN060 BKN100 08/00 A3002 RMK CU6SC1AC1 DENSITY ALT -739FT SLP168
CYAW,2024-04-17 16:00,-63.4994,44.6397,CYAW 171600Z 33014G21KT 15SM BKN040 BKN070 08/01 A3002 RMK CU6AC1 DENSITY ALT -672FT SLP166
CYAW,2024-04-17 17:00,-63.4994,44.6397,CYAW 171700Z 35013G19KT 15SM BKN037 BKN073 09/01 A3002 RMK CU5AC2 DENSITY ALT -623FT SLP167
CYAW,2024-04-17 18:00,-63.4994,44.6397,CYAW 171800Z 35014G23KT 15SM BKN025 BKN075 07/02 A3003 RMK CU5AC2 DENSITY ALT -799FT SLP170
CYAW,2024-04-17 19:00,-63.4994,44.6397,CYAW 171900Z CCA 34012G19KT 15SM -SHRA BKN020 BKN060 07/03 A3004 RMK CU5SC2 DENSITY ALT -864FT LAST OBS/NXT 180900 UTC SLP173
CYAW,2024-04-18 09:00,-63.4994,44.6397,CYAW 180900Z 36009KT 15SM BKN015 04/03 A3013 RMK SC7 DENSITY ALT -1256FT FST OBS SLP205
CYAW,2024-04-18 09:42,-63.4994,44.6397,CYAW 180942Z 35007KT 15SM BKN013 04/03 A3014 RMK SC7 DENSITY ALT -1330FT SLP207
CYAW,2024-04-18 10:00,-63.4994,44.6397,CYAW 181000Z 35006KT 15SM FEW013 04/03 A3014 RMK SC1 DENSITY ALT -1368FT SLP207
CYAW,2024-04-18 11:00,-63.4994,44.6397,CYAW 181100Z 34008G15KT 15SM FEW013 05/03 A3014 RMK SC1 DENSITY ALT -1203FT SLP209
CYAW,2024-04-18 12:00,-63.4994,44.6397,CYAW 181200Z 01010G16KT 15SM FEW015 07/03 A3015 RMK CF1 DENSITY ALT -1005FT SLP212
CYAW,2024-04-18 13:00,-63.4994,44.6397,CYAW 181300Z 36012G19KT 15SM FEW025 08/03 A3014 RMK CU2 DENSITY ALT -824FT SLP208
CYAW,2024-04-18 14:00,-63.4994,44.6397,CYAW 181400Z 01016G21KT 15SM SCT035 09/02 A3014 RMK CU3 DENSITY ALT -672FT SLP207
CYAW,2024-04-18 15:00,-63.4994,44.6397,CYAW 181500Z 01018G27KT 15SM FEW040 11/01 A3013 RMK CU2 DENSITY ALT -493FT SLP204
CYAW,2024-04-18 16:00,-63.4994,44.6397,CYAW 181600Z 03015G24KT 15SM FEW040 11/01 A3014 RMK CU2 DENSITY ALT -431FT SLP206
CYAW,2024-04-18 17:00,-63.4994,44.6397,CYAW 181700Z 35016G28KT 15SM SCT050 12/00 A3013 RMK CU3 DENSITY ALT -376FT SLP205
CYAW,2024-04-18 18:00,-63.4994,44.6397,CYAW 181800Z CCA 01015KT 15SM BKN050 10/M01 A3013 RMK CU5 DENSITY ALT -577FT SLP204
CYAW,2024-04-18 19:00,-63.4994,44.6397,CYAW 181900Z 01016G23KT 15SM BKN050 11/M00 A3012 RMK CU6 DENSITY ALT -490FT SLP201
CYAW,2024-04-18 20:00,-63.4994,44.6397,CYAW 182000Z 01016G22KT 15SM BKN050 10/M01 A3012 RMK CU6 DENSITY ALT -541FT LAST OBS/NXT 191000 UTC SLP200
CYAW,2024-04-19 10:00,-63.4994,44.6397,CYAW 191000Z CCA 33009KT 15SM FEW210 01/M03 A3018 RMK CI1 DENSITY ALT -1827FT FST OBS SLP222
CYAW,2024-04-19 11:00,-63.4994,44.6397,CYAW 191100Z 35010KT 15SM FEW210 03/M02 A3019 RMK CI2 DENSITY ALT -1533FT SLP224
CYAW,2024-04-19 12:00,-63.4994,44.6397,CYAW 191200Z 35013G19KT 15SM FEW210 05/M02 A3019 RMK CI2 DENSITY ALT -1271FT SLP224
CYAW,2024-04-19 13:00,-63.4994,44.6397,CYAW 191300Z 36011G18KT 15SM SCT210 07/M02 A3017 RMK CI4 DENSITY ALT -961FT SLP220
CYAW,2024-04-19 14:00,-63.4994,44.6397,CYAW 191400Z 34011KT 15SM BKN250 09/M02 A3018 RMK CI7 DENSITY ALT -777FT SLP222
CYAW,2024-04-19 15:00,-63.4994,44.6397,CYAW 191500Z 02008KT 15SM BKN250 11/M03 A3017 RMK CI7 DENSITY ALT -525FT SLP217
CYAW,2024-04-19 16:00,-63.4994,44.6397,CYAW 191600Z 01012KT 15SM BKN250 12/M04 A3015 RMK CI7 DENSITY ALT -397FT SLP212
CYAW,2024-04-19 17:00,-63.4994,44.6397,CYAW 191700Z 03011KT 15SM BKN250 13/M04 A3013 RMK CI7 DENSITY ALT -267FT SLP205
CYAW,2024-04-19 18:00,-63.4994,44.6397,CYAW 191800Z 01006KT 15SM BKN250 14/M04 A3011 RMK CI7 DENSITY ALT -123FT SLP199
CYAW,2024-04-19 19:00,-63.4994,44.6397,CYAW 191900Z 04008KT 15SM BKN250 15/M04 A3010 RMK CI6 DENSITY ALT -32FT SLP193
CYAW,2024-04-19 19:50,-63.4994,44.6397,CYAW 191950Z 14010G15KT 15SM SCT250 13/M04 A3009 RMK CI4 DENSITY ALT -160FT LAST OBS /NEXT 221300 UTC SLP190
CYAW,2024-04-22 13:00,-63.4994,44.6397,CYAW 221300Z 28011KT 15SM FEW030 FEW250 08/02 A2978 RMK CF2CI1 DENSITY ALT -368FT FST OBS SLP087
CYAW,2024-04-22 14:00,-63.4994,44.6397,CYAW 221400Z 29013G21KT 15SM SCT045 SCT250 09/M01 A2979 RMK CU3CI1 DENSITY ALT -271FT SLP088
CYAW,2024-04-22 15:00,-63.4994,44.6397,CYAW 221500Z 27014KT 15SM SCT055 BKN250 10/M00 A2979 RMK CU4CI1 DENSITY ALT -146FT SLP088
CYAW,2024-04-22 16:00,-63.4994,44.6397,CYAW 221600Z 25010G15KT 15SM SCT060 SCT250 12/M00 A2978 RMK CU4CI1 DENSITY ALT 45FT SLP085
CYAW,2024-04-22 17:00,-63.4994,44.6397,CYAW 221700Z 28013G20KT 15SM FEW065 FEW250 12/M03 A2978 RMK CU1CI1 DENSITY ALT 80FT CI TR SLP087
CYAW,2024-04-22 18:00,-63.4994,44.6397,CYAW 221800Z 25018KT 15SM FEW065 FEW250 12/M03 A2979 RMK CU1CI1 DENSITY ALT 80FT SLP091
CYAW,2024-04-22 19:00,-63.4994,44.6397,CYAW 221900Z 28015G22KT 15SM FEW065 FEW250 12/M05 A2981 RMK CU1CI1 DENSITY ALT 48FT SLP097
CYAW,2024-04-22 20:00,-63.4994,44.6397,CYAW 222000Z 29017G22KT 15SM FEW060 FEW250 11/M03 A2984 RMK CU1CI1 DENSITY ALT -100FT SLP105
CYAW,2024-04-22 21:00,-63.4994,44.6397,CYAW 222100Z 32018KT 15SM FEW060 FEW250 10/M04 A2987 RMK CU1CI1 DENSITY ALT -334FT SLP117
CYAW,2024-04-22 22:00,-63.4994,44.6397,CYAW 222200Z 32012KT 15SM FEW250 08/M05 A2991 RMK CI1 DENSITY ALT -556FT SLP130
CYAW,2024-04-22 23:00,-63.4994,44.6397,CYAW 222300Z 31013KT 15SM FEW250 07/M06 A2996 RMK CI1 DENSITY ALT -823FT SLP147
CYAW,2024-04-23 00:00,-63.4994,44.6397,CYAW 230000Z 32007KT 15SM FEW250 05/M06 A3000 RMK CI1 DENSITY ALT -1033FT SLP161
CYAW,2024-04-23 01:00,-63.4994,44.6397,CYAW 230100Z 32010KT 15SM FEW250 05/M06 A3004 RMK CI1 DENSITY ALT -1179FT SLP173
CYAW,2024-04-23 02:00,-63.4994,44.6397,CYAW 230200Z 30007KT 15SM FEW250 04/M06 A3007 RMK CI1 DENSITY ALT -1261FT LAST OBS /NEXT 231300 UTC SLP184
CYAW,2024-04-23 13:00,-63.4994,44.6397,CYAW 231300Z CCA 15009KT 15SM FEW050 SCT250 04/M07 A3029 RMK CF1CI4 DENSITY ALT -1507FT FST OBS SLP259
CYAW,2024-04-23 14:00,-63.4994,44.6397,CYAW 231400Z 14010KT 15SM FEW050 SCT250 05/M04 A3030 RMK CF1CI3 DENSITY ALT -1368FT SLP263
CYAW,2024-04-23 15:00,-63.4994,44.6397,CYAW 231500Z 18007KT 15SM FEW050 SCT250 05/M04 A3030 RMK CF1CI4 DENSITY ALT -1391FT SLP261
CYAW,2024-04-23 16:00,-63.4994,44.6397,CYAW 231600Z 19006KT 15SM BKN250 05/M03 A3028 RMK CI5 DENSITY ALT -1341FT SLP255
CYAW,2024-04-23 17:00,-63.4994,44.6397,CYAW 231700Z 15010G16KT 15SM FEW050 SCT250 06/M00 A3028 RMK CF1CI4 DENSITY ALT -1312FT SLP255
CYAW,2024-04-23 18:00,-63.4994,44.6397,CYAW 231800Z 17005G15KT 15SM FEW050 BKN250 05/00 A3027 RMK CF1CI5 DENSITY ALT -1322FT SLP251
CYAW,2024-04-23 19:00,-63.4994,44.6397,CYAW 231900Z 17006KT 15SM FEW050 BKN250 06/M00 A3024 RMK CF1CI7 DENSITY ALT -1240FT SLP243
CYAW,2024-04-23 20:00,-63.4994,44.6397,CYAW 232000Z CCA 15009KT 15SM FEW050 BKN250 05/M01 A3023 RMK CF1CS7 DENSITY ALT -1344FT HALO SLP238
CYAW,2024-04-23 21:00,-63.4994,44.6397,CYAW 232100Z 17010KT 15SM FEW050 OVC250 05/M01 A3022 RMK CF1CS8 DENSITY ALT -1359FT HALO SLP234
CYAW,2024-04-23 22:00,-63.4994,44.6397,CYAW 232200Z 14008KT 15SM OVC250 04/M01 A3020 RMK CS8 DENSITY ALT -1460FT HALO SLP228
CYAW,2024-04-23 23:00,-63.4994,44.6397,CYAW 232300Z 12005KT 15SM OVC240 03/M01 A3017 RMK CS8 DENSITY ALT -1531FT SLP218
CYAW,2024-04-24 00:00,-63.4994,44.6397,CYAW 240000Z 10005KT 15SM BKN230 02/M02 A3017 RMK CS7 DENSITY ALT -1585FT SLP219
CYAW,2024-04-24 01:00,-63.4994,44.6397,CYAW 240100Z 11007KT 15SM OVC210 03/00 A3016 RMK CS8 DENSITY ALT -1535FT SLP214
CYAW,2024-04-24 02:00,-63.4994,44.6397,CYAW 240200Z 10006KT 15SM BKN200 02/M00 A3014 RMK CS7 DENSITY ALT -1540FT SLP207
CYAW,2024-04-24 02:35,-63.4994,44.6397,CYAW 240235Z 10008KT 15SM OVC190 02/M01 A3012 RMK AS8 DENSITY ALT -1534FT LAST OBS /NEXT 241300 UTC SLP201
CYAW,2024-04-24 13:00,-63.4994,44.6397,CYAW 241300Z 01008KT 6SM -DZ OVC007 03/03 A2985 RMK ST8 DENSITY ALT -1083FT FST OBS SLP109
CYAW,2024-04-24 14:00,-63.4994,44.6397,CYAW 241400Z 03007KT 4SM -DZ BR OVC007 04/04 A2983 RMK SF8 DENSITY ALT -916FT PCPN VRY LGT SLP102
CYAW,2024-04-24 14:27,-63.4994,44.6397,CYAW 241427Z 04005KT 9SM BKN009 OVC015 05/04 A2982 RMK SF7SC1 DENSITY ALT -767FT SLP100
CYAW,2024-04-24 14:47,-63.4994,44.6397,CYAW 241447Z 06006KT 10SM BKN011 OVC020 06/04 A2982 RMK SF7SC1 DENSITY ALT -704FT SLP098
CYAW,2024-04-24 15:00,-63.4994,44.6397,CYAW 241500Z 03005KT 10SM SCT012 OVC025 07/05 A2980 RMK SF4SC4 DENSITY ALT -592FT SLP094
CYAW,2024-04-24 16:00,-63.4994,44.6397,CYAW 241600Z 35004KT 15SM BKN025 BKN150 09/05 A2979 RMK SC6AC1 DENSITY ALT -255FT SLP088
CYAW,2024-04-24 17:00,-63.4994,44.6397,CYAW 241700Z 30008KT 15SM SCT030 BKN080 12/06 A2977 RMK SC3AC4 DENSITY ALT 101FT SLP082
CYAW,2024-04-24 18:00,-63.4994,44.6397,CYAW 241800Z 29010KT 15SM FEW040 FEW100 BKN250 14/07 A2975 RMK CF1AC1CI7 DENSITY ALT 375FT SLP075
CYAW,2024-04-24 19:00,-63.4994,44.6397,CYAW 241900Z 18008KT 15SM FEW040 FEW100 OVC250 13/07 A2971 RMK CU1AC1CI8 DENSITY ALT 312FT SLP063
CYAW,2024-04-24 20:00,-63.4994,44.6397,CYAW 242000Z 20008KT 15SM FEW040 FEW160 BKN250 13/07 A2971 RMK CU1AC1CI7 DENSITY ALT 297FT CONTRAILS SLP063
CYAW,2024-04-24 21:00,-63.4994,44.6397,CYAW 242100Z 24012G18KT 15SM FEW040 FEW160 OVC250 10/06 A2973 RMK CU1AC1CI8 DENSITY ALT -73FT SLP070
CYAW,2024-04-24 22:00,-63.4994,44.6397,CYAW 242200Z 25012KT 15SM FEW160 OVC250 09/04 A2975 RMK AC1CI8 DENSITY ALT -194FT CONTRAILS SLP075
CYAW,2024-04-24 23:00,-63.4994,44.6397,CYAW 242300Z 26007G22KT 15SM BKN100 OVC250 07/03 A2975 RMK AC6CI2 DENSITY ALT -459FT SLP077
CYAW,2024-04-25 00:00,-63.4994,44.6397,CYAW 250000Z 24007KT 15SM OVC075 07/03 A2976 RMK AC8 DENSITY ALT -467FT SLP081
CYAW,2024-04-25 00:13,-63.4994,44.6397,CYAW 250013Z 24006KT 12SM -SHRA OVC070 07/04 A2977 RMK AC8 DENSITY ALT -464FT SLP082
CYAW,2024-04-25 01:00,-63.4994,44.6397,CYAW 250100Z 25009G15KT 15SM -SHRA OVC060 08/02 A2978 RMK SC8 DENSITY ALT -388FT SLP086
CYAW,2024-04-25 02:00,-63.4994,44.6397,CYAW 250200Z 21006G18KT 15SM -SHRA OVC036 07/02 A2977 RMK SC8 DENSITY ALT -514FT LAST OBS /NEXT 251300 UTC SLP084
CYAW,2024-04-25 13:00,-63.4994,44.6397,CYAW 251300Z 29017G24KT 15SM FEW025 01/M12 A3008 RMK SC1 DENSITY ALT -1670FT FST OBS SLP189
CYAW,2024-04-25 14:00,-63.4994,44.6397,CYAW 251400Z 31017G24KT 15SM FEW025 03/M11 A3010 RMK SC1 DENSITY ALT -1490FT SLP195
CYAW,2024-04-25 15:00,-63.4994,44.6397,CYAW 251500Z 30015G23KT 15SM SKC 03/M12 A3012 RMK DENSITY ALT -1464FT SLP202
CYAW,2024-04-25 16:00,-63.4994,44.6397,CYAW 251600Z 30015G22KT 15SM SKC 04/M11 A3012 RMK DENSITY ALT -1311FT SLP203
CYAW,2024-04-25 17:00,-63.4994,44.6397,CYAW 251700Z 29012G23KT 15SM SKC 06/M10 A3012 RMK DENSITY ALT -1160FT SLP201
CYAW,2024-04-25 18:00,-63.4994,44.6397,CYAW 251800Z 30011G18KT 15SM SKC 07/M09 A3012 RMK DENSITY ALT -1032FT SLP200
CYAW,2024-04-25 19:00,-63.4994,44.6397,CYAW 251900Z 31015KT 15SM FEW030 07/M08 A3013 RMK SC1 DENSITY ALT -1004FT SLP203
CYAW,2024-04-25 20:00,-63.4994,44.6397,CYAW 252000Z 30016KT 15SM FEW030 07/M08 A3014 RMK CU1 DENSITY ALT -1053FT SLP208
CYAW,2024-04-25 21:00,-63.4994,44.6397,CYAW 252100Z 30012G21KT 15SM FEW030 06/M08 A3017 RMK CU1 DENSITY ALT -1122FT SLP218
CYAW,2024-04-25 22:00,-63.4994,44.6397,CYAW 252200Z 30013G20KT 15SM FEW030 06/M08 A3019 RMK CU1 DENSITY ALT -1207FT SLP225
CYAW,2024-04-25 23:00,-63.4994,44.6397,CYAW 252300Z 30010KT 15SM SKC 05/M07 A3021 RMK DENSITY ALT -1352FT SLP233
CYAW,2024-04-26 00:00,-63.4994,44.6397,CYAW 260000Z 31008KT 15SM SKC 04/M07 A3024 RMK DENSITY ALT -1522FT SLP242
CYAW,2024-04-26 01:00,-63.4994,44.6397,CYAW 260100Z 30005KT 15SM SKC 04/M06 A3026 RMK DENSITY ALT -1543FT SLP250
CYAW,2024-04-26 02:00,-63.4994,44.6397,CYAW 260200Z 24004KT 15SM SKC 02/M04 A3028 RMK DENSITY ALT -1748FT SLP257
CYAW,2024-04-26 02:49,-63.4994,44.6397,CYAW 260249Z 27005KT 15SM SKC 02/M05 A3029 RMK DENSITY ALT -1735FT LAST OBS /NEXT 261100 UTC SLP260
CYAW,2024-04-26 11:00,-63.4994,44.6397,CYAW 261100Z 33007KT 15SM FEW250 03/M03 A3040 RMK CI1 DENSITY ALT -1803FT FST OBS SLP296
CYAW,2024-04-26 12:00,-63.4994,44.6397,CYAW 261200Z 32006KT 15SM FEW250 05/M05 A3041 RMK CI1 DENSITY ALT -1548FT SLP301
CYAW,2024-04-26 13:00,-63.4994,44.6397,CYAW 261300Z 30005KT 15SM FEW020 FEW250 06/M08 A3041 RMK CF1CI1 DENSITY ALT -1386FT SLP301
CYAW,2024-04-26 14:00,-63.4994,44.6397,CYAW 261400Z 26004KT 15SM FEW030 FEW250 07/M09 A3041 RMK CF1CI1 DENSITY ALT -1350FT SLP301
CYAW,2024-04-26 15:00,-63.4994,44.6397,CYAW 261500Z 28005KT 15SM SCT075 SCT250 08/M08 A3041 RMK AC3CI1 DENSITY ALT -1200FT SLP298
CYAW,2024-04-26 16:00,-63.4994,44.6397,CYAW 261600Z 29007KT 15SM SCT080 SCT250 09/M09 A3039 RMK AC3CI1 DENSITY ALT -994FT SLP293
CYAW,2024-04-26 17:00,-63.4994,44.6397,CYAW 261700Z 20012G17KT 15SM SCT080 SCT250 09/M05 A3038 RMK AC3CI1 DENSITY ALT -983FT SLP288
CYAW,2024-04-26 18:00,-63.4994,44.6397,CYAW 261800Z 19009KT 15SM FEW080 FEW250 08/M06 A3037 RMK AC2CI1 DENSITY ALT -1084FT SLP285
CYAW,2024-04-26 19:00,-63.4994,44.6397,CYAW 261900Z 21014KT 15SM FEW080 FEW250 08/M06 A3036 RMK AC2CI1 DENSITY ALT -1073FT LAST OBS /NEXT 291000 UTC SLP282
CYAW,2024-04-29 10:00,-63.4994,44.6397,CYAW 291000Z 17003KT 12SM OVC028 06/05 A2985 RMK SC8 DENSITY ALT -708FT FST OBS SLP109
CYAW,2024-04-29 10:35,-63.4994,44.6397,CYAW 291035Z 22004KT 6SM -SHRA BR OVC030 06/05 A2985 RMK SC8 DENSITY ALT -743FT SLP109
CYAW,2024-04-29 11:00,-63.4994,44.6397,CYAW 291100Z 23003KT 7SM -SHRA FEW020 OVC030 06/05 A2984 RMK SC1SC8 DENSITY ALT -705FT PCPN VRY LGT SLP108
CYAW,2024-04-29 12:00,-63.4994,44.6397,CYAW 291200Z 31004KT 6SM -SHRA BR FEW006 OVC012 07/07 A2985 RMK SF1SC8 DENSITY ALT -633FT SLP109
CYAW,2024-04-29 12:30,-63.4994,44.6397,CYAW 291230Z 30005KT 10SM FEW008 OVC012 07/06 A2985 RMK SF2SC6 DENSITY ALT -622FT SLP109
CYAW,2024-04-29 13:00,-63.4994,44.6397,CYAW 291300Z 32004KT 10SM FEW008 OVC011 07/07 A2985 RMK SF1SC8 DENSITY ALT -567FT SLP109
CYAW,2024-04-29 13:48,-63.4994,44.6397,CYAW 291348Z 33004KT 10SM OVC007 08/07 A2985 RMK SC8 DENSITY ALT -503FT SLP109
CYAW,2024-04-29 14:00,-63.4994,44.6397,CYAW 291400Z 33006KT 10SM OVC008 08/07 A2984 RMK SC8 DENSITY ALT -466FT SLP108
CYAW,2024-04-29 14:26,-63.4994,44.6397,CYAW 291426Z 35008KT 10SM -DZ OVC008 08/08 A2985 RMK SC8 DENSITY ALT -439FT SLP109
CYAW,2024-04-29 15:00,-63.4994,44.6397,CYAW 291500Z 35008KT 10SM -DZ OVC009 08/08 A2984 RMK SC8 DENSITY ALT -392FT PCPN VRY LGT SLP107
CYAW,2024-04-29 16:00,-63.4994,44.6397,CYAW 291600Z 35012KT 15SM OVC012 10/07 A2983 RMK SC8 DENSITY ALT -247FT SLP104
CYAW,2024-04-29 17:00,-63.4994,44.6397,CYAW 291700Z 34012KT 15SM -DZ OVC011 09/08 A2984 RMK SC8 DENSITY ALT -281FT PCPN VRY LGT SLP108
CYAW,2024-04-29 17:44,-63.4994,44.6397,CYAW 291744Z 36011G18KT 15SM OVC012 09/07 A2983 RMK SC8 DENSITY ALT -259FT SLP104
CYAW,2024-04-29 18:00,-63.4994,44.6397,CYAW 291800Z 34012KT 15SM OVC012 10/07 A2984 RMK SC8 DENSITY ALT -234FT SLP106
CYAW,2024-04-29 19:00,-63.4994,44.6397,CYAW 291900Z 36010G19KT 15SM BKN016 BKN027 10/07 A2984 RMK SC6SC1 DENSITY ALT -153FT SLP107
CYAW,2024-04-29 20:00,-63.4994,44.6397,CYAW 292000Z 36013G19KT 15SM BKN016 BKN020 10/07 A2984 RMK SC7SC1 DENSITY ALT -205FT SLP108
CYAW,2024-04-29 21:00,-63.4994,44.6397,CYAW 292100Z CCA 34013G19KT 15SM BKN018 BKN026 10/06 A2986 RMK SC6SC1 DENSITY ALT -292FT LAST OBS /NEXT 300900 UTC SLP113
CYAW,2024-04-30 09:00,-63.4994,44.6397,CYAW 300900Z 35013G21KT 15SM BKN025 03/M01 A2991 RMK SC7 DENSITY ALT -1230FT FST OBS SLP130
CYAW,2024-04-30 10:00,-63.4994,44.6397,CYAW 301000Z 34013G18KT 15SM BKN025 03/M01 A2992 RMK SC7 DENSITY ALT -1265FT SLP132
CYAW,2024-04-30 11:00,-63.4994,44.6397,CYAW 301100Z 34015G23KT 15SM FEW009 BKN025 03/M01 A2992 RMK CF1SC7 DENSITY ALT -1201FT SLP133
CYAW,2024-04-30 12:00,-63.4994,44.6397,CYAW 301200Z 34018G27KT 15SM BKN025 04/M01 A2992 RMK SC7 DENSITY ALT -1087FT SLP134
CYAW,2024-04-30 13:00,-63.4994,44.6397,CYAW 301300Z 35019G26KT 15SM BKN025 05/M00 A2993 RMK SC7 DENSITY ALT -947FT SLP136
CYAW,2024-04-30 14:00,-63.4994,44.6397,CYAW 301400Z 35020G28KT 15SM BKN027 06/M00 A2990 RMK SC7 DENSITY ALT -801FT SLP127
CYAW,2024-04-30 14:15,-63.4994,44.6397,CYAW 301415Z 34016G27KT 15SM -SHRA BKN027 06/00 A2991 RMK SC6 DENSITY ALT -797FT SLP130
CYAW,2024-04-30 14:30,-63.4994,44.6397,CYAW 301430Z 35017G32KT 15SM BKN027 07/M00 A2990 RMK SC6 DENSITY ALT -689FT SLP127
CYAW,2024-04-30 15:00,-63.4994,44.6397,CYAW 301500Z 34020G27KT 15SM BKN029 07/M00 A2990 RMK SC5 DENSITY ALT -690FT SLP127
CYAW,2024-04-30 16:00,-63.4994,44.6397,CYAW 301600Z 34020G27KT 15SM BKN031 07/00 A2990 RMK SC7 DENSITY ALT -638FT SLP127
CYAW,2024-04-30 17:00,-63.4994,44.6397,CYAW 301700Z 35014G27KT 15SM BKN031 08/00 A2990 RMK SC7 DENSITY ALT -575FT SLP128
CYAW,2024-04-30 18:00,-63.4994,44.6397,CYAW 301800Z 36016G26KT 15SM BKN035 09/00 A2991 RMK SC7 DENSITY ALT -502FT SLP131
CYAW,2024-04-30 19:00,-63.4994,44.6397,CYAW 301900Z CCA 01017G25KT 15SM BKN030 BKN250 08/00 A2991 RMK SC5CI1 DENSITY ALT -562FT LAST OBS /NEXT 010900 UTC SLP129
CYAW,2024-05-01 09:00,-63.4994,44.6397,CYAW 010900Z 34010G16KT 15SM FEW007 BKN035 03/02 A2992 RMK SF1SC6 DENSITY ALT -1144FT FST OBS SLP133
CYAW,2024-05-01 09:20,-63.4994,44.6397,CYAW 010920Z 33008KT 15SM BKN012 BKN035 04/03 A2993 RMK SC5SC2 DENSITY ALT -1129FT SLP137
CYAW,2024-05-01 10:00,-63.4994,44.6397,CYAW 011000Z 35008KT 15SM FEW009 BKN031 OVC110 04/02 A2993 RMK SF2SC5AC1 DENSITY ALT -1117FT SLP138
CYAW,2024-05-01 10:35,-63.4994,44.6397,CYAW 011035Z 35009KT 15SM -SHRA FEW009 BKN031 OVC110 04/03 A2992 RMK SF1SC7AC1 DENSITY ALT -1067FT PCPN VRY LGT SLP135
CYAW,2024-05-01 11:00,-63.4994,44.6397,CYAW 011100Z 36008KT 12SM -SHRA FEW009 BKN034 OVC110 04/03 A2992 RMK SF1SC7AC1 DENSITY ALT -1063FT SLP134
CYAW,2024-05-01 12:00,-63.4994,44.6397,CYAW 011200Z 36006KT 15SM FEW009 BKN035 OVC090 05/04 A2991 RMK SF1SC6AC2 DENSITY ALT -908FT SLP131
CYAW,2024-05-01 13:00,-63.4994,44.6397,CYAW 011300Z 36008KT 15SM FEW009 BKN033 OVC090 07/04 A2993 RMK SF1SC7AC1 DENSITY ALT -733FT SLP138
CYAW,2024-05-01 14:00,-63.4994,44.6397,CYAW 011400Z 34012KT 15SM FEW018 BKN032 OVC090 07/04 A2995 RMK CF1SC7AC1 DENSITY ALT -718FT SLP142
CYAW,2024-05-01 14:43,-63.4994,44.6397,CYAW 011443Z 01009KT 10SM -DZ OVC018 07/04 A2995 RMK SC8 DENSITY ALT -668FT PCPN VRY LGT SLP142
CYAW,2024-05-01 15:00,-63.4994,44.6397,CYAW 011500Z 34008KT 10SM -DZ OVC018 07/05 A2995 RMK SC8 DENSITY ALT -666FT SLP142
CYAW,2024-05-01 16:00,-63.4994,44.6397,CYAW 011600Z 35007KT 15SM OVC018 08/05 A2993 RMK SC8 DENSITY ALT -567FT SLP138
CYAW,2024-05-01 17:00,-63.4994,44.6397,CYAW 011700Z 35006KT 15SM OVC020 09/05 A2992 RMK SC8 DENSITY ALT -423FT SLP135
CYAW,2024-05-01 18:00,-63.4994,44.6397,CYAW 011800Z 35008KT 15SM OVC024 09/05 A2991 RMK SC8 DENSITY ALT -375FT SLP130
CYAW,2024-05-01 19:00,-63.4994,44.6397,CYAW 011900Z CCB 02008KT 15SM BKN024 OVC030 10/05 A2990 RMK SC6SC2 DENSITY ALT -301FT LAST OBS /NEXT 020900 UTC SLP127
CYAW,2024-05-02 09:00,-63.4994,44.6397,CYAW 020900Z 36010KT 15SM BKN006 BKN050 04/04 A2999 RMK SC7SC1 DENSITY ALT -1126FT FST OBS SLP156
CYAW,2024-05-02 10:00,-63.4994,44.6397,CYAW 021000Z 34008KT 15SM BKN007 04/03 A3000 RMK SC7 DENSITY ALT -1204FT SLP159
CYAW,2024-05-02 11:00,-63.4994,44.6397,CYAW 021100Z 36009KT 15SM BKN010 BKN066 BKN200 05/03 A3000 RMK SC5AC1CC1 DENSITY ALT -1066FT SLP159
CYAW,2024-05-02 11:15,-63.4994,44.6397,CYAW 021115Z 01007KT 15SM SCT010 BKN066 BKN200 05/04 A3000 RMK SC3AC4CC1 DENSITY ALT -1003FT SLP160
CYAW,2024-05-02 12:00,-63.4994,44.6397,CYAW 021200Z 34006KT 15SM FEW010 BKN060 07/04 A3000 RMK CF1SC7 DENSITY ALT -762FT SLP161
CYAW,2024-05-02 13:00,-63.4994,44.6397,CYAW 021300Z 34008KT 15SM FEW035 FEW060 SCT070 BKN200 10/05 A2999 RMK CF1SC1AC4CI3 DENSITY ALT -429FT SLP156
CYAW,2024-05-02 14:00,-63.4994,44.6397,CYAW 021400Z 03007KT 15SM FEW030 SCT070 BKN200 12/05 A2998 RMK CF1AC2CI4 DENSITY ALT -162FT SLP153
CYAW,2024-05-02 15:00,-63.4994,44.6397,CYAW 021500Z 33009KT 15SM FEW030 BKN040 BKN075 BKN250 12/06 A2998 RMK CU2SC3AC1CI1 DENSITY ALT -85FT SLP153
CYAW,2024-05-02 16:00,-63.4994,44.6397,CYAW 021600Z 33009KT 15SM SCT030 BKN075 BKN250 13/06 A2997 RMK SC3AC4CI1 DENSITY ALT 4FT SLP150
CYAW,2024-05-02 17:00,-63.4994,44.6397,CYAW 021700Z 35007G15KT 15SM BKN033 BKN075 13/06 A2996 RMK SC5AC2 DENSITY ALT 66FT SLP147
CYAW,2024-05-02 18:00,-63.4994,44.6397,CYAW 021800Z 34011KT 15SM SCT031 BKN075 14/06 A2995 RMK SC3AC4 DENSITY ALT 125FT SLP143
CYAW,2024-05-02 19:00,-63.4994,44.6397,CYAW 021900Z CCA 32009KT 15SM BKN032 BKN075 BKN250 15/07 A2994 RMK SC5AC2CI1 DENSITY ALT 262FT LAST OBS /NEXT 050900 UTC SLP140
CYAW,2024-05-05 09:00,-63.4994,44.6397,CYAW 050900Z 02003KT 15SM OVC030 06/05 A3041 RMK SC8 DENSITY ALT -1415FT FST OBS SLP301
CYAW,2024-05-05 10:00,-63.4994,44.6397,CYAW 051000Z 06003KT 15SM OVC030 06/04 A3041 RMK SC8 DENSITY ALT -1409FT SLP301
CYAW,2024-05-05 11:00,-63.4994,44.6397,CYAW 051100Z 00000KT 15SM OVC030 06/03 A3042 RMK SC8 DENSITY ALT -1411FT SLP304
CYAW,2024-05-05 12:00,-63.4994,44.6397,CYAW 051200Z 07004KT 15SM OVC032 07/04 A3042 RMK SC8 DENSITY ALT -1261FT SLP303
CYAW,2024-05-05 13:00,-63.4994,44.6397,CYAW 051300Z 13005KT 15SM OVC032 08/04 A3042 RMK SC8 DENSITY ALT -1144FT SLP304
CYAW,2024-05-05 14:00,-63.4994,44.6397,CYAW 051400Z CCA 13008KT 15SM BKN031 08/04 A3041 RMK SC7 DENSITY ALT -1101FT LAST OBS/NXT 061200 UTC SLP300
CYAW,2024-05-06 12:00,-63.4994,44.6397,CYAW 061200Z 21008KT 6SM -RA BR BKN005 OVC011 05/05 A3010 RMK SF6SC2 DENSITY ALT -1079FT FST OBS SLP196
CYAW,2024-05-06 13:00,-63.4994,44.6397,CYAW 061300Z 21008KT 5SM -RA BR OVC005 06/06 A3009 RMK SF8 DENSITY ALT -1042FT CIG VRB 3-7 SLP191
CYAW,2024-05-06 13:30,-63.4994,44.6397,CYAW 061330Z 21007KT 2 1/2SM -DZ BR OVC004 06/06 A3008 RMK SF8 DENSITY ALT -1030FT CIG VRB 3-5 SLP189
CYAW,2024-05-06 14:00,-63.4994,44.6397,CYAW 061400Z 20007KT 2 1/4SM -RA BR OVC004 06/06 A3007 RMK SF8 DENSITY ALT -992FT CIG VRB 3-5 SLP184
CYAW,2024-05-06 15:00,-63.4994,44.6397,CYAW 061500Z 21009KT 1 3/4SM -DZ BR OVC004 07/07 A3006 RMK SF8 DENSITY ALT -875FT CIG VRB 3-5 SLP179
CYAW,2024-05-06 16:00,-63.4994,44.6397,CYAW 061600Z 21010KT 1 3/4SM -DZ BR OVC003 07/07 A3002 RMK SF8 DENSITY ALT -803FT CIG VRB 2-4 SLP168
CYAW,2024-05-06 17:00,-63.4994,44.6397,CYAW 061700Z 20008KT 3SM -DZ BR OVC002 07/07 A2999 RMK ST8 DENSITY ALT -715FT VIS LWR NE-S SLP156
CYAW,2024-05-06 17:32,-63.4994,44.6397,CYAW 061732Z 20008KT 3/4SM -DZ BR OVC002 07/07 A2997 RMK ST8 DENSITY ALT -665FT VIS HYR NW-N SLP149
CYAW,2024-05-06 17:42,-63.4994,44.6397,CYAW 061742Z 20008KT 5/8SM -DZ BR OVC002 08/08 A2997 RMK ST8 DENSITY ALT -586FT VIS VRB 3/8-1 SLP149
CYAW,2024-05-06 18:00,-63.4994,44.6397,CYAW 061800Z 20008KT 1/8SM FG VV001 08/08 A2993 RMK FG8 DENSITY ALT -488FT PRESFR SLP136
CYAW,2024-05-06 18:18,-63.4994,44.6397,CYAW 061818Z 20009G17KT 1/4SM FG VV002 08/08 A2991 RMK FG8 DENSITY ALT -491FT VIS VRB 1/8-3/8 SLP131
CYAW,2024-05-06 18:35,-63.4994,44.6397,CYAW 061835Z 20008KT 3/4SM BR OVC003 08/08 A2990 RMK ST8 DENSITY ALT -492FT VIS VRB 1/2-1 SLP128
CYAW,2024-05-06 19:00,-63.4994,44.6397,CYAW 061900Z 24006KT 4SM BR OVC003 08/08 A2992 RMK ST8 DENSITY ALT -477FT VIS LWR SE SLP134
CYAW,2024-05-06 19:26,-63.4994,44.6397,CYAW 061926Z 22008KT 9SM OVC005 09/09 A2990 RMK SF8 DENSITY ALT -347FT VIS LWR SE-S SLP127
CYAW,2024-05-06 20:00,-63.4994,44.6397,CYAW 062000Z 24009KT 9SM OVC007 10/10 A2990 RMK SF8 DENSITY ALT -245FT CIG VRB 5-9 SLP125
CYAW,2024-05-06 21:00,-63.4994,44.6397,CYAW 062100Z 21005KT 9SM OVC007 10/09 A2987 RMK SF8 DENSITY ALT -225FT LAST OBS /NEXT 071300 UTC SLP115
CYAW,2024-05-07 13:00,-63.4994,44.6397,CYAW 071300Z 32009KT 15SM FEW025 FEW090 FEW250 14/07 A2969 RMK CU1AC1CI1 DENSITY ALT 396FT FST OBS SLP055
CYAW,2024-05-07 14:00,-63.4994,44.6397,CYAW 071400Z 28007KT 15SM FEW030 FEW250 15/07 A2967 RMK CU1CI1 DENSITY ALT 618FT SLP049
CYAW,2024-05-07 15:00,-63.4994,44.6397,CYAW 071500Z 30008G15KT 15SM FEW035 FEW250 17/06 A2965 RMK CU1CI1 DENSITY ALT 822FT SLP041
CYAW,2024-05-07 16:00,-63.4994,44.6397,CYAW 071600Z 21006KT 15SM FEW050 FEW250 16/08 A2963 RMK CU1CI1 DENSITY ALT 805FT SLP035
CYAW,2024-05-07 17:00,-63.4994,44.6397,CYAW 071700Z 17007KT 15SM FEW060 FEW250 14/09 A2961 RMK CU2CI1 DENSITY ALT 578FT SLP028
CYAW,2024-05-07 18:00,-63.4994,44.6397,CYAW 071800Z 20005KT 15SM SCT065 14/08 A2960 RMK CU3 DENSITY ALT 559FT SLP023
CYAW,2024-05-07 19:00,-63.4994,44.6397,CYAW 071900Z 24013KT 15SM FEW060 19/08 A2958 RMK CU2 DENSITY ALT 1133FT SLP016
CYAW,2024-05-07 20:00,-63.4994,44.6397,CYAW 072000Z 24014KT 15SM FEW060 18/07 A2958 RMK CU2 DENSITY ALT 1050FT SLP019
CYAW,2024-05-07 21:00,-63.4994,44.6397,CYAW 072100Z 23009KT 15SM FEW070 17/07 A2958 RMK AC2 DENSITY ALT 890FT SLP018
CYAW,2024-05-07 22:00,-63.4994,44.6397,CYAW 072200Z 30010G15KT 15SM FEW070 FEW100 17/02 A2958 RMK AC1AC1 DENSITY ALT 946FT SLP017
CYAW,2024-05-07 23:00,-63.4994,44.6397,CYAW 072300Z 32009KT 15SM FEW070 FEW100 16/03 A2959 RMK AC1AC1 DENSITY ALT 726FT SLP021
CYAW,2024-05-08 00:00,-63.4994,44.6397,CYAW 080000Z 32005KT 15SM FEW090 14/03 A2960 RMK AC1 DENSITY ALT 537FT SLP024
CYAW,2024-05-08 01:00,-63.4994,44.6397,CYAW 080100Z 31003KT 15SM FEW090 14/03 A2961 RMK AC1 DENSITY ALT 493FT SLP028
CYAW,2024-05-08 02:00,-63.4994,44.6397,CYAW 080200Z 30004KT 15SM FEW075 SCT100 12/04 A2962 RMK AC2AC2 DENSITY ALT 319FT SLP032
CYAW,2024-05-08 03:00,-63.4994,44.6397,CYAW 080300Z CCA 32008KT 15SM BKN095 12/05 A2963 RMK AC6 DENSITY ALT 312FT LAST OBS /NEXT 081300 UTC SLP036
CYAW,2024-05-08 13:00,-63.4994,44.6397,CYAW 081300Z 32010G16KT 15SM FEW250 12/02 A2976 RMK CI1 DENSITY ALT 107FT FST OBS SLP080
CYAW,2024-05-08 14:00,-63.4994,44.6397,CYAW 081400Z 01006KT 15SM FEW030 FEW250 13/01 A2976 RMK CF1CI1 DENSITY ALT 171FT SLP079
CYAW,2024-05-08 15:00,-63.4994,44.6397,CYAW 081500Z 32008KT 15SM FEW040 FEW250 14/02 A2975 RMK CU1CI2 DENSITY ALT 391FT SLP076
CYAW,2024-05-08 16:00,-63.4994,44.6397,CYAW 081600Z 27008KT 15SM FEW045 BKN250 15/02 A2976 RMK CU1CI7 DENSITY ALT 487FT SLP077
CYAW,2024-05-08 17:00,-63.4994,44.6397,CYAW 081700Z 19008G15KT 15SM FEW045 FEW210 BKN250 15/03 A2975 RMK CU1CC1CI7 DENSITY ALT 492FT SLP076
CYAW,2024-05-08 18:00,-63.4994,44.6397,CYAW 081800Z 20011G16KT 15SM FEW045 FEW210 BKN250 14/03 A2975 RMK CU1CC2CI5 DENSITY ALT 341FT SLP075
CYAW,2024-05-08 19:00,-63.4994,44.6397,CYAW 081900Z 21010G17KT 15SM FEW045 SCT220 BKN250 12/03 A2975 RMK CU1CS4CI3 DENSITY ALT 147FT HALO SLP076
CYAW,2024-05-08 20:00,-63.4994,44.6397,CYAW 082000Z 21011G16KT 15SM FEW045 FEW160 BKN220 BKN250 11/03 A2975 RMK CU1AC1CS4CI2 DENSITY ALT 44FT SLP075
CYAW,2024-05-08 21:00,-63.4994,44.6397,CYAW 082100Z 22007KT 15SM FEW045 BKN140 11/04 A2976 RMK SC1AS7 DENSITY ALT -25FT SLP077
CYAW,2024-05-08 22:00,-63.4994,44.6397,CYAW 082200Z 20004KT 15SM SCT030 OVC070 10/05 A2977 RMK SC3AS5 DENSITY ALT -164FT SLP082
CYAW,2024-05-08 22:21,-63.4994,44.6397,CYAW 082221Z 20005KT 15SM -SHRA SCT040 OVC070 10/05 A2978 RMK SC4AS4 DENSITY ALT -173FT SLP086
CYAW,2024-05-08 23:00,-63.4994,44.6397,CYAW 082300Z CCA 12002KT 15SM -RA OVC078 09/06 A2978 RMK AS8 DENSITY ALT -265FT LAST OBS /NEXT 091000 UTC SLP086
CYAW,2024-05-09 10:00,-63.4994,44.6397,CYAW 091000Z 09012G20KT 2 1/2SM -RA BR SCT007 OVC015 06/06 A2962 RMK SF3SC5 DENSITY ALT -458FT FST OBS SLP030
CYAW,2024-05-09 10:30,-63.4994,44.6397,CYAW 091030Z 10011G21KT 2 1/2SM -RA BR BKN007 OVC015 06/06 A2963 RMK SF5SC3 DENSITY ALT -483FT VIS HYR NW SLP033
CYAW,2024-05-09 11:00,-63.4994,44.6397,CYAW 091100Z 09015G22KT 3SM -RA BR BKN006 OVC015 06/06 A2962 RMK SF6SC2 DENSITY ALT -484FT VIS HYR W QUAD SLP032
CYAW,2024-05-09 11:14,-63.4994,44.6397,CYAW 091114Z 09013G22KT 1 3/4SM -RA BR BKN006 OVC015 06/06 A2963 RMK SF7SC1 DENSITY ALT -496FT SLP034
CYAW,2024-05-09 12:00,-63.4994,44.6397,CYAW 091200Z 09012G26KT 1 1/2SM -RA BR OVC005 06/06 A2963 RMK SF8 DENSITY ALT -509FT VIS LWR NE QUAD SLP033
CYAW,2024-05-09 12:17,-63.4994,44.6397,CYAW 091217Z 09017G24KT 1 1/2SM -RA BR BKN004 OVC013 06/06 A2962 RMK SF6SC2 DENSITY ALT -498FT SLP032
CYAW,2024-05-09 12:27,-63.4994,44.6397,CYAW 091227Z 10015G23KT 3SM -RA BR BKN004 OVC013 06/06 A2962 RMK SF5SC3 DENSITY ALT -471FT SLP031
CYAW,2024-05-09 12:46,-63.4994,44.6397,CYAW 091246Z 09015G24KT 2 1/2SM -RA BR BKN004 OVC013 06/06 A2961 RMK SF7SC1 DENSITY ALT -473FT SLP028
CYAW,2024-05-09 13:00,-63.4994,44.6397,CYAW 091300Z 09015G23KT 2 1/2SM -RA BR OVC004 06/06 A2961 RMK SF8 DENSITY ALT -473FT SLP029
CYAW,2024-05-09 13:09,-63.4994,44.6397,CYAW 091309Z 09015G22KT 3SM -RA BR BKN004 OVC013 06/06 A2961 RMK SF7SC1 DENSITY ALT -460FT SLP027
CYAW,2024-05-09 13:34,-63.4994,44.6397,CYAW 091334Z 10012G20KT 1 1/2SM -RA BR OVC004 06/06 A2961 RMK SF8 DENSITY ALT -460FT SLP029
CYAW,2024-05-09 14:00,-63.4994,44.6397,CYAW 091400Z 09013G22KT 2 1/2SM -RA BR OVC004 06/06 A2961 RMK SF8 DENSITY ALT -421FT VIS HYR E QUAD SLP028
CYAW,2024-05-09 14:11,-63.4994,44.6397,CYAW 091411Z 09013G21KT 5SM -RA BR OVC004 06/06 A2961 RMK SF8 DENSITY ALT -433FT PCPN VRY LGT SLP028
CYAW,2024-05-09 14:35,-63.4994,44.6397,CYAW 091435Z 10013G22KT 7SM -DZ OVC004 06/06 A2961 RMK SF8 DENSITY ALT -446FT PCPN VRY LGT SLP028
CYAW,2024-05-09 15:00,-63.4994,44.6397,CYAW 091500Z 09015G25KT 7SM -DZ OVC004 06/06 A2961 RMK SF8 DENSITY ALT -420FT PCPN VRY LGT SLP027
CYAW,2024-05-09 15:14,-63.4994,44.6397,CYAW 091514Z 09014G21KT 7SM OVC005 06/06 A2960 RMK SF8 DENSITY ALT -408FT SLP024
CYAW,2024-05-09 16:00,-63.4994,44.6397,CYAW 091600Z 08009G19KT 7SM OVC005 06/06 A2960 RMK SF8 DENSITY ALT -382FT SLP023
CYAW,2024-05-09 16:27,-63.4994,44.6397,CYAW 091627Z 07011G19KT 6SM -DZ BR OVC005 06/06 A2960 RMK SF8 DENSITY ALT -369FT SLP024
CYAW,2024-05-09 17:00,-63.4994,44.6397,CYAW 091700Z 07011G17KT 5SM -DZ BR OVC005 07/07 A2959 RMK SF8 DENSITY ALT -331FT SLP021
CYAW,2024-05-09 18:00,-63.4994,44.6397,CYAW 091800Z 04012KT 4SM -DZ BR OVC005 07/07 A2960 RMK SF8 DENSITY ALT -303FT SLP025
CYAW,2024-05-09 19:00,-63.4994,44.6397,CYAW 091900Z CCA 06011KT 3SM -DZ BR OVC006 07/07 A2960 RMK SF8 DENSITY ALT -303FT LAST OBS /NEXT 101600 UTC SLP024
CYAW,2024-05-10 16:00,-63.4994,44.6397,CYAW 101600Z 03009KT 15SM OVC018 08/04 A2978 RMK SC8 DENSITY ALT -437FT FST OBS SLP087
CYAW,2024-05-10 17:00,-63.4994,44.6397,CYAW 101700Z 02007KT 15SM OVC020 08/04 A2979 RMK SC8 DENSITY ALT -386FT SLP091
CYAW,2024-05-10 18:00,-63.4994,44.6397,CYAW 101800Z CCA 05006KT 15SM -DZ OVC021 08/05 A2979 RMK SC8 DENSITY ALT -370FT SLP091
CYAW,2024-05-10 18:24,-63.4994,44.6397,CYAW 101824Z 12008KT 4SM -DZ BR BKN012 OVC020 06/06 A2980 RMK SC6SC2 DENSITY ALT -641FT SLP094
CYAW,2024-05-10 18:43,-63.4994,44.6397,CYAW 101843Z 12006KT 4SM -DZ BR BKN003 OVC018 06/06 A2981 RMK SF6SC2 DENSITY ALT -639FT SLP096
CYAW,2024-05-10 19:00,-63.4994,44.6397,CYAW 101900Z 13004KT 5SM -DZ BR BKN005 OVC018 06/06 A2981 RMK SF7SC1 DENSITY ALT -639FT CIG VRB 3-7 SLP096
CYAW,2024-05-10 20:00,-63.4994,44.6397,CYAW 102000Z 00000KT 5SM -DZ BR OVC005 06/06 A2981 RMK SF8 DENSITY ALT -613FT VIS LWR NW CIG VRB 3-7 SLP095
CYAW,2024-05-10 21:00,-63.4994,44.6397,CYAW 102100Z 12003KT 7SM BKN008 OVC012 07/07 A2981 RMK SF6SC2 DENSITY ALT -510FT LAST OBS /NEXT 131300 UTC SLP097
CYAW,2024-05-13 13:00,-63.4994,44.6397,CYAW 131300Z 07005KT 15SM FEW012 SCT250 08/03 A3005 RMK SC1CI2 DENSITY ALT -679FT FST OBS SLP177
CYAW,2024-05-13 14:00,-63.4994,44.6397,CYAW 131400Z 20007KT 15SM FEW012 FEW090 SCT250 08/05 A3005 RMK SC1AC1CI2 DENSITY ALT -656FT SLP178
CYAW,2024-05-13 15:00,-63.4994,44.6397,CYAW 131500Z 17008KT 15SM FEW012 FEW090 FEW250 08/04 A3005 RMK CF1AC1CI2 DENSITY ALT -684FT SLP176
CYAW,2024-05-13 16:00,-63.4994,44.6397,CYAW 131600Z 18007KT 15SM FEW016 FEW090 FEW250 09/05 A3004 RMK CF1AC1CI2 DENSITY ALT -585FT SLP174
CYAW,2024-05-13 17:00,-63.4994,44.6397,CYAW 131700Z 18007KT 15SM FEW020 FEW090 FEW250 09/04 A3003 RMK CF1AC1CI1 DENSITY ALT -526FT SLP171
CYAW,2024-05-13 18:00,-63.4994,44.6397,CYAW 131800Z 14009KT 15SM FEW020 FEW090 FEW250 09/04 A3003 RMK CF1AC1CI1 DENSITY ALT -555FT SLP169
CYAW,2024-05-13 19:00,-63.4994,44.6397,CYAW 131900Z 18008KT 15SM FEW020 FEW110 SCT250 09/04 A3003 RMK CF1AC1CI3 DENSITY ALT -627FT SLP169
CYAW,2024-05-13 20:00,-63.4994,44.6397,CYAW 132000Z 18006KT 15SM FEW025 SCT250 08/04 A3003 RMK CF1CI3 DENSITY ALT -641FT SLP170
CYAW,2024-05-13 21:00,-63.4994,44.6397,CYAW 132100Z 17007KT 15SM FEW025 FEW250 09/04 A3004 RMK CF1CI2 DENSITY ALT -590FT LAST OBS /NEXT 141300 UTC SLP174
CYAW,2024-05-14 13:00,-63.4994,44.6397,CYAW 141300Z 36010KT 15SM FEW120 SCT250 16/04 A3006 RMK AC1CI2 DENSITY ALT 180FT FST OBS SLP181
CYAW,2024-05-14 14:00,-63.4994,44.6397,CYAW 141400Z 02007KT 15SM FEW180 FEW250 17/03 A3006 RMK AC1CI1 DENSITY ALT 355FT SLP180
CYAW,2024-05-14 15:00,-63.4994,44.6397,CYAW 141500Z 36010G16KT 15SM FEW180 FEW250 19/02 A3005 RMK AC1CI1 DENSITY ALT 550FT SLP177
CYAW,2024-05-14 16:00,-63.4994,44.6397,CYAW 141600Z 01009KT 15SM FEW180 FEW250 20/01 A3002 RMK AC1CI1 DENSITY ALT 682FT SLP168
CYAW,2024-05-14 17:00,-63.4994,44.6397,CYAW 141700Z 20003KT 15SM FEW180 FEW250 19/04 A3002 RMK AC1CI1 DENSITY ALT 679FT SLP167
CYAW,2024-05-14 18:00,-63.4994,44.6397,CYAW 141800Z 20007KT 15SM FEW250 20/05 A3001 RMK CI1 DENSITY ALT 729FT SLP162
CYAW,2024-05-14 19:00,-63.4994,44.6397,CYAW 141900Z 18006KT 15SM FEW250 20/05 A2999 RMK CI1 DENSITY ALT 757FT SLP157
CYAW,2024-05-14 20:00,-63.4994,44.6397,CYAW 142000Z 23008KT 15SM FEW250 19/05 A2998 RMK CI1 DENSITY ALT 739FT SLP153
CYAW,2024-05-14 21:00,-63.4994,44.6397,CYAW 142100Z CCA 23008KT 15SM FEW250 19/04 A2997 RMK CI1 DENSITY ALT 678FT LAST OBS /NEXT 151300 UTC SLP150
CYAW,2024-05-15 13:00,-63.4994,44.6397,CYAW 151300Z 17005KT 15SM FEW090 FEW250 13/06 A2996 RMK AC1CI1 DENSITY ALT 18FT FST OBS SLP145
CYAW,2024-05-15 14:00,-63.4994,44.6397,CYAW 151400Z 17007KT 15SM FEW250 13/07 A2995 RMK CI1 DENSITY ALT 43FT SLP143
CYAW,2024-05-15 15:00,-63.4994,44.6397,CYAW 151500Z 18007KT 15SM FEW250 13/06 A2995 RMK CI1 DENSITY ALT 65FT SLP143
CYAW,2024-05-15 16:00,-63.4994,44.6397,CYAW 151600Z 17011KT 15SM FEW180 FEW250 14/06 A2994 RMK AC1CI1 DENSITY ALT 132FT SLP140
CYAW,2024-05-15 17:00,-63.4994,44.6397,CYAW 151700Z 16011KT 15SM FEW020 FEW250 15/06 A2993 RMK CF1CI2 DENSITY ALT 229FT SLP136
CYAW,2024-05-15 18:00,-63.4994,44.6397,CYAW 151800Z 17010KT 15SM FEW020 SCT250 15/04 A2992 RMK CF1CI3 DENSITY ALT 320FT SLP134
CYAW,2024-05-15 19:00,-63.4994,44.6397,CYAW 151900Z 19008KT 15SM FEW020 FEW120 SCT250 15/07 A2992 RMK CU1AC1CI4 DENSITY ALT 263FT CU TR AC TR SLP133
CYAW,2024-05-15 20:00,-63.4994,44.6397,CYAW 152000Z 20009KT 15SM FEW030 BKN250 15/08 A2992 RMK CU1CI6 DENSITY ALT 291FT SLP131
CYAW,2024-05-15 21:00,-63.4994,44.6397,CYAW 152100Z 19007KT 15SM FEW030 BKN250 14/08 A2991 RMK CU1CI5 DENSITY ALT 258FT SLP130
CYAW,2024-05-15 22:00,-63.4994,44.6397,CYAW 152200Z 19006KT 15SM FEW180 BKN250 13/08 A2991 RMK AC1CI5 DENSITY ALT 57FT SLP131
CYAW,2024-05-15 23:00,-63.4994,44.6397,CYAW 152300Z 21006KT 15SM FEW180 BKN250 12/09 A2991 RMK AC1CI6 DENSITY ALT -35FT SLP131
CYAW,2024-05-16 00:00,-63.4994,44.6397,CYAW 160000Z 16005KT 15SM FEW180 BKN250 10/09 A2992 RMK AC1CI6 DENSITY ALT -316FT VIS LWR S SLP133
CYAW,2024-05-16 01:00,-63.4994,44.6397,CYAW 160100Z 15004KT 10SM FEW180 BKN250 08/08 A2992 RMK AC1CI6 DENSITY ALT -543FT SLP135
CYAW,2024-05-16 02:00,-63.4994,44.6397,CYAW 160200Z 16003KT 10SM FEW180 BKN250 07/07 A2992 RMK AC1CI6 DENSITY ALT -608FT LAST OBS /NEXT 161300 UTC SLP135
CYAW,2024-05-16 13:00,-63.4994,44.6397,CYAW 161300Z 15002KT 15SM FEW009 BKN240 14/11 A2994 RMK SF1CI5 DENSITY ALT 156FT FST OBS SLP140
CYAW,2024-05-16 14:00,-63.4994,44.6397,CYAW 161400Z 11005KT 15SM FEW009 BKN210 BKN250 16/11 A2995 RMK SF1CC6CI1 DENSITY ALT 398FT SF TR SLP143
CYAW,2024-05-16 15:00,-63.4994,44.6397,CYAW 161500Z 14008KT 15SM FEW001 SCT210 BKN250 13/11 A2995 RMK SF1CC3CI4 DENSITY ALT 96FT VIS LWR SW QUAD SLP145
CYAW,2024-05-16 16:00,-63.4994,44.6397,CYAW 161600Z 13008KT 15SM FEW030 BKN190 BKN250 13/11 A2995 RMK CU1AC5CI2 DENSITY ALT 109FT VIS LWR SE-W FG OVR APPROACHES SLP145
CYAW,2024-05-16 17:00,-63.4994,44.6397,CYAW 161700Z 16006KT 15SM FEW002 FEW030 SCT210 OVC250 14/11 A2995 RMK SF1CU1CC4CI4 DENSITY ALT 130FT VIS LWR SE-W FG OVR APPROACHES SLP144
CYAW,2024-05-16 18:00,-63.4994,44.6397,CYAW 161800Z 13006KT 15SM FEW005 FEW035 BKN200 BKN250 14/11 A2995 RMK SF1CU1CC5CI2 DENSITY ALT 246FT VIS LWR S-W FG OVR APPROACHES SLP142
CYAW,2024-05-16 19:00,-63.4994,44.6397,CYAW 161900Z 15004KT 15SM FEW005 FEW035 BKN190 OVC250 15/11 A2993 RMK SF1CU1AC6CI2 DENSITY ALT 291FT LAST OBS /NEXT 171100 UTC SLP138
CYAW,2024-05-17 11:00,-63.4994,44.6397,CYAW 171100Z 16002KT 15SM FEW008 BKN170 BKN250 12/11 A3003 RMK SF1AC6CI1 DENSITY ALT -176FT SF TR FST OBS SLP172
CYAW,2024-05-17 12:00,-63.4994,44.6397,CYAW 171200Z 20002KT 15SM FEW160 BKN250 14/11 A3006 RMK AC1CI6 DENSITY ALT 12FT FG BANK S SLP182
CYAW,2024-05-17 13:00,-63.4994,44.6397,CYAW 171300Z 12007KT 15SM FEW007 FEW160 BKN250 12/10 A3007 RMK SF1AC1CI5 DENSITY ALT -254FT VIS LWR SE QUAD FG BANK SE SLP183
CYAW,2024-05-17 13:25,-63.4994,44.6397,CYAW 171325Z 12006KT 15SM BKN003 10/10 A3007 RMK SF7 DENSITY ALT -415FT VIS LWR SE-W FG OVR APPROACHES SLP185
CYAW,2024-05-17 14:00,-63.4994,44.6397,CYAW 171400Z 13008KT 15SM FEW001 BKN005 BKN250 11/10 A3008 RMK SF1SF5CI1 DENSITY ALT -279FT SLP188
CYAW,2024-05-17 15:00,-63.4994,44.6397,CYAW 171500Z 11010KT 15SM BKN005 11/09 A3009 RMK SF7 DENSITY ALT -372FT FG BANK SE VIS LWR SE-W SLP192
CYAW,2024-05-17 15:29,-63.4994,44.6397,CYAW 171529Z 12009KT 5SM BR BKN003 10/09 A3010 RMK SF7 DENSITY ALT -502FT VIS LWR E QUAD CIG VRB 2-4 SLP193
CYAW,2024-05-17 16:00,-63.4994,44.6397,CYAW 171600Z 11009KT 12SM OVC005 11/10 A3009 RMK SF8 DENSITY ALT -285FT VIS LWR SE SLP192
CYAW,2024-05-17 17:00,-63.4994,44.6397,CYAW 171700Z 12010KT 15SM OVC004 11/10 A3010 RMK SF8 DENSITY ALT -388FT VIS N-E 1 1/2 SLP194
CYAW,2024-05-17 17:28,-63.4994,44.6397,CYAW 171728Z 15008KT 15SM OVC005 11/09 A3011 RMK SF8 DENSITY ALT -355FT SLP197
CYAW,2024-05-17 18:00,-63.4994,44.6397,CYAW 171800Z 15007KT 12SM OVC007 11/09 A3011 RMK SF8 DENSITY ALT -379FT SLP196
CYAW,2024-05-17 18:38,-63.4994,44.6397,CYAW 171838Z 11007KT 15SM SCT007 BKN160 OVC250 12/10 A3009 RMK SF4AC3CI1 DENSITY ALT -207FT VIS S-SW 6 SLP190
CYAW,2024-05-17 19:00,-63.4994,44.6397,CYAW 171900Z CCA 13006KT 15SM FEW007 FEW035 SCT160 BKN250 13/10 A3008 RMK SF1CU1AC3CI4 DENSITY ALT -33FT VIS LWR S LAST OBS /NEXT 211300 UTC SLP187
CYAW,2024-05-21 13:00,-63.4994,44.6397,CYAW 211300Z 20003KT 15SM BKN006 10/10 A3000 RMK SF7 DENSITY ALT -357FT VIS LWR S QUAD FST OBS SLP160
CYAW,2024-05-21 13:19,-63.4994,44.6397,CYAW 211319Z 18004KT 15SM SCT006 BKN250 11/11 A2999 RMK SF4CI3 DENSITY ALT -252FT VIS LWR S QUAD SLP158
CYAW,2024-05-21 14:00,-63.4994,44.6397,CYAW 211400Z 17006KT 15SM FEW007 FEW120 BKN250 11/11 A2999 RMK SF1AC1CI6 DENSITY ALT -160FT SLP156
CYAW,2024-05-21 15:00,-63.4994,44.6397,CYAW 211500Z 18008KT 15SM FEW030 FEW120 BKN250 13/12 A2998 RMK CF1AC1CI7 DENSITY ALT 97FT SLP153
CYAW,2024-05-21 16:00,-63.4994,44.6397,CYAW 211600Z 19009KT 15SM FEW035 BKN250 15/13 A2996 RMK SC1CI7 DENSITY ALT 371FT CIG PDMTLY TRANSPARENT SLP146
CYAW,2024-05-21 17:00,-63.4994,44.6397,CYAW 211700Z 20009G16KT 15SM FEW035 FEW210 BKN250 15/12 A2995 RMK SC1CC1CI7 DENSITY ALT 377FT CIG PDMTLY TRANSPARENT SLP143
CYAW,2024-05-21 18:00,-63.4994,44.6397,CYAW 211800Z 19009KT 15SM OVC250 15/12 A2994 RMK CI8 DENSITY ALT 377FT SLP141
CYAW,2024-05-21 19:00,-63.4994,44.6397,CYAW 211900Z 23010G18KT 15SM FEW030 FEW150 OVC250 16/12 A2993 RMK SC1AC1CI8 DENSITY ALT 471FT SC TR AC TR SLP136
CYAW,2024-05-21 20:00,-63.4994,44.6397,CYAW 212000Z 21011G18KT 15SM FEW030 FEW150 OVC250 15/12 A2992 RMK SC1AC1CI7 DENSITY ALT 357FT SLP132
CYAW,2024-05-21 21:00,-63.4994,44.6397,CYAW 212100Z 21011KT 15SM FEW030 FEW150 BKN250 14/11 A2992 RMK SC1AC1CI7 DENSITY ALT 241FT SC TR AC TR SLP134
CYAW,2024-05-21 22:00,-63.4994,44.6397,CYAW 212200Z 22011KT 15SM FEW030 BKN250 13/10 A2991 RMK SC1CI7 DENSITY ALT 89FT SLP130
CYAW,2024-05-21 22:23,-63.4994,44.6397,CYAW 212223Z 22009KT 15SM FEW030 BKN250 12/10 A2992 RMK SC1CI7 DENSITY ALT 16FT LAST OBS /NEXT 221300 UTC SLP132
CYAW,2024-05-22 13:00,-63.4994,44.6397,CYAW 221300Z 27006KT 15SM SCT180 SCT210 OVC250 19/14 A2990 RMK AC3CC1CI5 DENSITY ALT 854FT FST OBS SLP126
CYAW,2024-05-22 14:00,-63.4994,44.6397,CYAW 221400Z 24008KT 15SM FEW035 FEW090 SCT180 BKN250 21/15 A2990 RMK CU1AC2AC2CI3 DENSITY ALT 1144FT SLP125
CYAW,2024-05-22 15:00,-63.4994,44.6397,CYAW 221500Z 17007KT 15SM FEW035 BKN130 BKN210 17/12 A2987 RMK CU1AC5CC1 DENSITY ALT 656FT SLP116
CYAW,2024-05-22 16:00,-63.4994,44.6397,CYAW 221600Z 24009KT 15SM SCT130 SCT180 BKN250 23/15 A2987 RMK AC3AC1CI3 DENSITY ALT 1392FT SLP115
CYAW,2024-05-22 17:00,-63.4994,44.6397,CYAW 221700Z 19006KT 15SM FEW035 SCT130 OVC250 23/14 A2985 RMK CU1AC4CI4 DENSITY ALT 1417FT SLP110
CYAW,2024-05-22 18:00,-63.4994,44.6397,CYAW 221800Z 21010KT 15SM FEW035 BKN140 OVC250 20/13 A2984 RMK CU1AC5CI3 DENSITY ALT 1005FT SLP107
CYAW,2024-05-22 19:00,-63.4994,44.6397,CYAW 221900Z 18005KT 15SM FEW035 BKN140 BKN250 20/13 A2984 RMK CU1AC5CI1 DENSITY ALT 1029FT SLP104
CYAW,2024-05-22 20:00,-63.4994,44.6397,CYAW 222000Z 17004KT 15SM FEW035 SCT140 BKN250 19/12 A2983 RMK CU1AC4CI3 DENSITY ALT 974FT SLP101
CYAW,2024-05-22 21:00,-63.4994,44.6397,CYAW 222100Z 20005KT 15SM FEW035 FEW085 FEW140 BKN250 19/13 A2983 RMK CU1AC1AC1CI5 DENSITY ALT 990FT SLP101
CYAW,2024-05-22 22:00,-63.4994,44.6397,CYAW 222200Z 21007KT 15SM FEW085 OVC250 20/13 A2982 RMK AC2CI6 DENSITY ALT 1055FT SLP098
CYAW,2024-05-22 23:00,-63.4994,44.6397,CYAW 222300Z CCA 17004KT 15SM FEW085 SCT110 OVC250 16/12 A2983 RMK AC1AC3CI4 DENSITY ALT 583FT LAST OBS /NEXT 231300 UTC SLP103
CYAW,2024-05-23 13:00,-63.4994,44.6397,CYAW 231300Z 20006KT 15SM FEW030 FEW090 14/11 A2987 RMK CU1AC1 DENSITY ALT 332FT FST OBS SLP117
CYAW,2024-05-23 14:00,-63.4994,44.6397,CYAW 231400Z 20008KT 15SM FEW030 FEW090 17/13 A2986 RMK SC1AC1 DENSITY ALT 659FT SLP113
CYAW,2024-05-23 15:00,-63.4994,44.6397,CYAW 231500Z 14010KT 15SM FEW020 FEW030 FEW250 14/11 A2986 RMK CF1SC1CI1 DENSITY ALT 276FT SLP112
CYAW,2024-05-23 16:00,-63.4994,44.6397,CYAW 231600Z 18009KT 15SM VCFG FEW020 FEW040 FEW250 12/10 A2985 RMK CF1SC1CI1 DENSITY ALT 110FT VIS SE 3 SLP109
CYAW,2024-05-23 17:00,-63.4994,44.6397,CYAW 231700Z 17013KT 15SM VCFG FEW005 FEW030 FEW250 12/10 A2984 RMK SF1CU1CI2 DENSITY ALT 48FT VIS SE 2 SLP105
CYAW,2024-05-23 18:00,-63.4994,44.6397,CYAW 231800Z 19011G18KT 15SM VCFG FEW005 FEW030 BKN250 13/11 A2982 RMK SF1CU1CI5 DENSITY ALT 195FT VIS SE 2 1/2 SLP099
CYAW,2024-05-23 19:00,-63.4994,44.6397,CYAW 231900Z 19009KT 15SM VCFG FEW003 FEW030 BKN250 13/11 A2981 RMK SF1CU1CI6 DENSITY ALT 232FT VIS SE 4 SLP094
CYAW,2024-05-23 20:00,-63.4994,44.6397,CYAW 232000Z 19010G16KT 15SM FEW030 FEW090 BKN250 13/11 A2979 RMK SC1AC1CI5 DENSITY ALT 267FT SLP088
CYAW,2024-05-23 21:00,-63.4994,44.6397,CYAW 232100Z 18007KT 15SM FEW030 FEW090 BKN250 13/11 A2977 RMK SC1AC1CI6 DENSITY ALT 279FT SLP081
CYAW,2024-05-23 22:00,-63.4994,44.6397,CYAW 232200Z 19006KT 15SM FEW006 FEW030 FEW090 OVC250 12/11 A2977 RMK SF1SC1AC1CI6 DENSITY ALT 171FT SLP082
CYAW,2024-05-23 23:00,-63.4994,44.6397,CYAW 232300Z 13006KT 15SM FEW006 FEW030 SCT090 OVC250 11/11 A2975 RMK SF1SC1AC2CI5 DENSITY ALT 109FT SLP076
CYAW,2024-05-24 00:00,-63.4994,44.6397,CYAW 240000Z 20004KT 10SM FEW003 FEW030 SCT090 OVC250 10/10 A2975 RMK SF1SC1AC2CI4 DENSITY ALT -15FT VIS LWR S SLP076
CYAW,2024-05-24 01:00,-63.4994,44.6397,CYAW 240100Z 17003KT 10SM FEW003 SCT180 OVC250 11/10 A2974 RMK SF1AC2CI5 DENSITY ALT 33FT SLP071
CYAW,2024-05-24 02:00,-63.4994,44.6397,CYAW 240200Z 23005KT 10SM FEW003 SCT180 OVC250 11/11 A2976 RMK SF1AC4CI4 DENSITY ALT 87FT SLP077
CYAW,2024-05-24 02:35,-63.4994,44.6397,CYAW 240235Z 23005KT 10SM FEW003 BKN130 OVC250 11/11 A2974 RMK SF1AC4CI3 DENSITY ALT 122FT LAST OBS /NEXT 241300 UTC SLP073
CYAW,2024-05-24 12:00,-63.4994,44.6397,CYAW 241200Z 28005KT 1/2SM FG VV002 14/14 A2971 RMK FG8 DENSITY ALT 481FT VIS VRB 1/4-3/4 FST OBS SLP062
CYAW,2024-05-24 12:18,-63.4994,44.6397,CYAW 241218Z 28004KT 1 1/2SM BR BKN002 14/14 A2971 RMK SF7 DENSITY ALT 494FT SLP063
CYAW,2024-05-24 12:39,-63.4994,44.6397,CYAW 241239Z 27002KT 8SM SCT002 SCT080 15/15 A2971 RMK SF3AC1 DENSITY ALT 640FT FG BANK S QUAD VIS 1 1/2 SLP060
CYAW,2024-05-24 13:00,-63.4994,44.6397,CYAW 241300Z 22004KT 12SM VCFG FEW003 SCT080 SCT250 16/16 A2970 RMK SF2AC1CI1 DENSITY ALT 825FT FG BANK S QUAD VIS 1 1/2 SLP059
CYAW,2024-05-24 14:00,-63.4994,44.6397,CYAW 241400Z 17006KT 15SM VCFG FEW080 FEW250 15/14 A2970 RMK AC1CI1 DENSITY ALT 691FT FG BANK S QUAD VIS 1 SLP057
CYAW,2024-05-24 15:00,-63.4994,44.6397,CYAW 241500Z 18007KT 15SM FEW005 FEW020 FEW250 18/15 A2969 RMK SF1CF1CI1 DENSITY ALT 1017FT SLP055
CYAW,2024-05-24 16:00,-63.4994,44.6397,CYAW 241600Z 20009G15KT 15SM FEW040 FEW250 19/15 A2967 RMK CU1CI1 DENSITY ALT 1193FT SLP049
CYAW,2024-05-24 17:00,-63.4994,44.6397,CYAW 241700Z 21009KT 15SM FEW040 SCT250 20/15 A2966 RMK CU1CI4 DENSITY ALT 1289FT SLP045
CYAW,2024-05-24 18:00,-63.4994,44.6397,CYAW 241800Z 22008KT 15SM FEW050 BKN250 22/15 A2964 RMK CU1CI5 DENSITY ALT 1535FT SLP038
CYAW,2024-05-24 19:00,-63.4994,44.6397,CYAW 241900Z 21009G15KT 15SM FEW050 FEW250 22/13 A2963 RMK CU1CI2 DENSITY ALT 1557FT SLP034
CYAW,2024-05-24 20:00,-63.4994,44.6397,CYAW 242000Z 22013G19KT 15SM FEW050 FEW250 23/10 A2963 RMK CU1CI2 DENSITY ALT 1619FT SLP034
CYAW,2024-05-24 21:00,-63.4994,44.6397,CYAW 242100Z 21009KT 15SM FEW050 FEW250 22/11 A2962 RMK CU1CI1 DENSITY ALT 1537FT SLP029
CYAW,2024-05-24 22:00,-63.4994,44.6397,CYAW 242200Z 23007KT 15SM FEW050 FEW250 21/11 A2961 RMK CU1CI1 DENSITY ALT 1455FT SLP028
CYAW,2024-05-24 22:39,-63.4994,44.6397,CYAW 242239Z 22007KT 15SM FEW050 FEW250 20/11 A2963 RMK CU1CI1 DENSITY ALT 1231FT LAST OBS /NEXT 271300 UTC SLP032
CYAW,2024-05-27 13:00,-63.4994,44.6397,CYAW 271300Z 13010KT 15SM FEW016 FEW035 BKN250 11/07 A3027 RMK CF1SC1CI6 DENSITY ALT -547FT FST OBS SLP253
CYAW,2024-05-27 14:00,-63.4994,44.6397,CYAW 271400Z 11013KT 15SM FEW035 FEW090 FEW120 BKN250 12/07 A3026 RMK SC1AC1AC1CI4 DENSITY ALT -488FT SLP249
CYAW,2024-05-27 15:00,-63.4994,44.6397,CYAW 271500Z CCA 11011G17KT 15SM FEW035 FEW120 BKN250 13/07 A3027 RMK SC1AC1CI5 DENSITY ALT -377FT SLP252
CYAW,2024-05-27 16:00,-63.4994,44.6397,CYAW 271600Z 13012KT 15SM FEW012 FEW035 FEW120 BKN250 12/08 A3028 RMK CF1SC1AC1CI5 DENSITY ALT -446FT CF TR AC TR SLP254
CYAW,2024-05-27 17:00,-63.4994,44.6397,CYAW 271700Z 12012KT 15SM FEW012 FEW035 FEW120 BKN250 11/08 A3028 RMK CF1SC1AC1CI7 DENSITY ALT -530FT SLP255
CYAW,2024-05-27 18:00,-63.4994,44.6397,CYAW 271800Z 13014KT 15SM FEW016 FEW120 OVC250 11/07 A3027 RMK CF1AC1CS7 DENSITY ALT -557FT HALO SLP250
CYAW,2024-05-27 19:00,-63.4994,44.6397,CYAW 271900Z 14013G18KT 15SM FEW016 FEW120 OVC250 11/07 A3026 RMK CF1AC1CS7 DENSITY ALT -595FT HALO SLP248
CYAW,2024-05-27 20:00,-63.4994,44.6397,CYAW 272000Z 12011KT 15SM FEW009 OVC250 10/08 A3026 RMK SF1CS7 DENSITY ALT -665FT HALO SLP248
CYAW,2024-05-27 21:00,-63.4994,44.6397,CYAW 272100Z 12009G16KT 15SM FEW009 FEW060 OVC250 10/08 A3025 RMK SF1SC1CS6 DENSITY ALT -701FT HALO SLP245
CYAW,2024-05-27 22:00,-63.4994,44.6397,CYAW 272200Z 11011KT 15SM FEW009 BKN017 OVC250 09/07 A3024 RMK SF1SC7CS1 DENSITY ALT -742FT SLP242
CYAW,2024-05-27 23:00,-63.4994,44.6397,CYAW 272300Z 11009KT 15SM BKN009 OVC250 09/08 A3025 RMK SF7CS1 DENSITY ALT -825FT SLP243
CYAW,2024-05-27 23:39,-63.4994,44.6397,CYAW 272339Z 11010G17KT 5SM -DZ BR OVC008 08/08 A3024 RMK SF8 DENSITY ALT -860FT SLP241
CYAW,2024-05-28 00:00,-63.4994,44.6397,CYAW 280000Z 11008G17KT 2 1/2SM -DZ BR OVC005 08/08 A3024 RMK SF8 DENSITY ALT -883FT SLP240
CYAW,2024-05-28 00:16,-63.4994,44.6397,CYAW 280016Z 11010G16KT 2SM -DZ BR OVC004 08/08 A3023 RMK SF8 DENSITY ALT -885FT CIG VRB 3-5 SLP239
CYAW,2024-05-28 01:00,-63.4994,44.6397,CYAW 280100Z 11009G17KT 1SM -DZ BR OVC003 08/08 A3023 RMK SF8 DENSITY ALT -885FT VIS VRB 3/4-1 1/2 CIG VRB 2-4 SLP238
CYAW,2024-05-28 01:32,-63.4994,44.6397,CYAW 280132Z 11010KT 3/4SM -DZ BR OVC002 08/08 A3022 RMK SF8 DENSITY ALT -860FT CIG VRB 1-3 SLP235
CYAW,2024-05-28 02:00,-63.4994,44.6397,CYAW 280200Z CCA 11010G16KT 1/2SM -DZ FG VV001 08/08 A3022 RMK FG8 DENSITY ALT -847FT LAST OBS /NEXT 281300 UTC SLP234
CYAW,2024-05-28 13:00,-63.4994,44.6397,CYAW 281300Z 16016G24KT 5SM BR FEW005 BKN028 OVC060 13/12 A2996 RMK SF1SC7SC1 DENSITY ALT 30FT FST OBS SLP147
CYAW,2024-05-28 13:13,-63.4994,44.6397,CYAW 281313Z 16020G25KT 5SM -SHRA BR FEW005 OVC028 12/12 A2995 RMK SF1SC8 DENSITY ALT 2FT SLP144
CYAW,2024-05-28 14:00,-63.4994,44.6397,CYAW 281400Z 16018G32KT 4SM -SHRA BR FEW005 OVC018 12/12 A2993 RMK SF1SC8 DENSITY ALT -11FT SLP137
CYAW,2024-05-28 14:13,-63.4994,44.6397,CYAW 281413Z 15018G28KT 2 1/2SM -SHRA BR FEW005 BKN016 OVC024 12/12 A2993 RMK SF1SC6SC2 DENSITY ALT -51FT SLP136
CYAW,2024-05-28 14:26,-63.4994,44.6397,CYAW 281426Z 15018G25KT 2 1/2SM -SHRA BR SCT005 OVC014 12/12 A2992 RMK SF3SC5 DENSITY ALT -53FT SLP133
CYAW,2024-05-28 14:37,-63.4994,44.6397,CYAW 281437Z 16020G29KT 2SM -SHRA BR BKN004 OVC010 12/12 A2991 RMK SF6SC2 DENSITY ALT -1FT SLP130
CYAW,2024-05-28 15:00,-63.4994,44.6397,CYAW 281500Z 16021G30KT 2SM -SHRA BR OVC004 12/12 A2990 RMK SF8 DENSITY ALT 23FT SLP126
CYAW,2024-05-28 15:19,-63.4994,44.6397,CYAW 281519Z 16020G30KT 2SM -SHRA BR OVC003 12/12 A2989 RMK SF8 DENSITY ALT 8FT SLP124
CYAW,2024-05-28 15:31,-63.4994,44.6397,CYAW 281531Z 16020G30KT 1 1/4SM -SHRA BR OVC002 12/12 A2988 RMK SF8 DENSITY ALT 20FT SLP120
CYAW,2024-05-28 16:00,-63.4994,44.6397,CYAW 281600Z 18013G27KT 3/4SM -SHRA BR OVC002 12/12 A2988 RMK SF8 DENSITY ALT 7FT SLP120
CYAW,2024-05-28 16:22,-63.4994,44.6397,CYAW 281622Z 17016G26KT 3/4SM BR OVC002 12/12 A2987 RMK ST8 DENSITY ALT 18FT SLP118
CYAW,2024-05-28 16:45,-63.4994,44.6397,CYAW 281645Z 18013G21KT 1/2SM -SHRA FG OVC001 12/12 A2986 RMK SF8 DENSITY ALT 43FT SLP114
CYAW,2024-05-28 17:00,-63.4994,44.6397,CYAW 281700Z CCA 18011G22KT 1/8SM -SHRA FG VV001 12/12 A2985 RMK FG8 DENSITY ALT 54FT VIS VRB 0-1/4 SLP111
CYAW,2024-05-28 17:51,-63.4994,44.6397,CYAW 281751Z 25011G29KT 3/4SM SHRA BR BKN001 OVC008 13/13 A2987 RMK SF6SC2 DENSITY ALT 164FT SLP115
CYAW,2024-05-28 18:00,-63.4994,44.6397,CYAW 281800Z 23010G24KT 3/4SM SHRA BR SCT001 OVC010 13/13 A2986 RMK SF3SC5 DENSITY ALT 215FT VIS VRB 1/2-1 SLP112
CYAW,2024-05-28 18:40,-63.4994,44.6397,CYAW 281840Z 19008G19KT 3SM -SHRA BR SCT003 OVC010 13/13 A2983 RMK SF3SC5 DENSITY ALT 276FT SLP101
CYAW,2024-05-28 19:00,-63.4994,44.6397,CYAW 281900Z CCA 19009KT 1 3/4SM -SHRA BR OVC004 13/13 A2982 RMK SF8 DENSITY ALT 235FT VIS VRB 1 1/4-2 1/4 LAST OBS /NEXT 291100 UTC SLP097
CYAW,2024-05-29 11:00,-63.4994,44.6397,CYAW 291100Z 21005KT 0SM FG VV001 10/10 A2975 RMK FG8 DENSITY ALT -94FT FST OBS SLP075
CYAW,2024-05-29 11:20,-63.4994,44.6397,CYAW 291120Z 22006KT 1/4SM FG VV001 10/10 A2975 RMK FG8 DENSITY ALT -55FT SLP075
CYAW,2024-05-29 12:00,-63.4994,44.6397,CYAW 291200Z 18004KT 1/2SM FG VV001 11/11 A2976 RMK FG8 DENSITY ALT 0FT VIS VRB 3/8-5/8 SLP077
CYAW,2024-05-29 12:39,-63.4994,44.6397,CYAW 291239Z CCA 17005KT 3SM BR OVC002 11/11 A2976 RMK FG1SF7 DENSITY ALT 78FT VIS LWR N QUAD SLP079
CYAW,2024-05-29 13:00,-63.4994,44.6397,CYAW 291300Z 18005KT 5SM BR OVC004 12/12 A2976 RMK SF8 DENSITY ALT 197FT SLP078
CYAW,2024-05-29 13:09,-63.4994,44.6397,CYAW 291309Z 19005KT 7SM SCT004 12/12 A2976 RMK SF4 DENSITY ALT 223FT SLP079
CYAW,2024-05-29 14:00,-63.4994,44.6397,CYAW 291400Z 23007KT 9SM FEW005 FEW250 15/15 A2978 RMK SF1CI1 DENSITY ALT 545FT SLP086
CYAW,2024-05-29 15:00,-63.4994,44.6397,CYAW 291500Z 22006KT 12SM FEW020 FEW250 18/14 A2980 RMK CF1CI1 DENSITY ALT 870FT SLP091
CYAW,2024-05-29 16:00,-63.4994,44.6397,CYAW 291600Z 20006KT 15SM FEW020 FEW250 18/14 A2980 RMK CU1CI1 DENSITY ALT 851FT SLP091
CYAW,2024-05-29 17:00,-63.4994,44.6397,CYAW 291700Z 18006KT 15SM FEW020 FEW250 20/15 A2980 RMK CU1CI1 DENSITY ALT 1128FT SLP091
CYAW,2024-05-29 18:00,-63.4994,44.6397,CYAW 291800Z 19007KT 15SM FEW030 FEW250 20/15 A2980 RMK CU1CI1 DENSITY ALT 1176FT SLP091
CYAW,2024-05-29 19:00,-63.4994,44.6397,CYAW 291900Z 24013G19KT 15SM FEW030 21/15 A2980 RMK CU1 DENSITY ALT 1281FT SLP093
CYAW,2024-05-29 19:54,-63.4994,44.6397,CYAW 291954Z 22012KT 15SM FEW030 FEW250 20/13 A2981 RMK CU1CI1 DENSITY ALT 1112FT LAST OBS /NEXT 300900 UTC SLP094
CYAW,2024-05-30 09:00,-63.4994,44.6397,CYAW 300900Z 33003KT 12SM FEW140 08/08 A2993 RMK AC1 DENSITY ALT -487FT FST OBS SLP136
CYAW,2024-05-30 10:00,-63.4994,44.6397,CYAW 301000Z 16002KT 12SM FEW045 FEW250 12/12 A2994 RMK SC1CI1 DENSITY ALT -23FT SLP139
CYAW,2024-05-30 11:00,-63.4994,44.6397,CYAW 301100Z 14005KT 15SM FEW045 FEW140 14/13 A2995 RMK SC1AC1 DENSITY ALT 178FT SLP141
CYAW,2024-05-30 12:00,-63.4994,44.6397,CYAW 301200Z 13007KT 15SM FEW045 FEW150 15/12 A2995 RMK SC1AC1 DENSITY ALT 275FT SLP144
CYAW,2024-05-30 13:00,-63.4994,44.6397,CYAW 301300Z CCA 12007KT 15SM FEW050 FEW250 16/12 A2995 RMK CU1CI1 DENSITY ALT 480FT SLP144
CYAW,2024-05-30 14:00,-63.4994,44.6397,CYAW 301400Z 14004KT 15SM FEW050 FEW150 BKN250 18/12 A2996 RMK CU1AC1CI4 DENSITY ALT 612FT SLP145
CYAW,2024-05-30 15:00,-63.4994,44.6397,CYAW 301500Z 13006KT 15SM FEW050 BKN250 18/12 A2995 RMK CU1CI6 DENSITY ALT 654FT SLP141
CYAW,2024-05-30 16:00,-63.4994,44.6397,CYAW 301600Z 13007KT 15SM FEW050 BKN250 18/12 A2994 RMK CU1CI6 DENSITY ALT 682FT SLP139
CYAW,2024-05-30 17:00,-63.4994,44.6397,CYAW 301700Z 20005KT 15SM FEW050 FEW150 BKN250 17/12 A2992 RMK CU1AC1CI5 DENSITY ALT 609FT SLP133
CYAW,2024-05-30 18:00,-63.4994,44.6397,CYAW 301800Z 15007KT 15SM FEW050 FEW150 BKN250 17/12 A2991 RMK CU1AC2CI3 DENSITY ALT 622FT SLP128
CYAW,2024-05-30 18:44,-63.4994,44.6397,CYAW 301844Z 17006KT 15SM FEW050 BKN160 BKN250 17/12 A2990 RMK CU1AC5CI2 DENSITY ALT 610FT LAST OBS /NEXT 311000 UTC SLP125
CYAW,2024-05-31 10:00,-63.4994,44.6397,CYAW 311000Z 05003KT 15SM FEW012 BKN055 11/10 A2987 RMK SC1SC7 DENSITY ALT -106FT FST OBS SLP116
CYAW,2024-05-31 11:00,-63.4994,44.6397,CYAW 311100Z 07004KT 15SM FEW015 BKN060 12/10 A2989 RMK SC1SC7 DENSITY ALT -22FT SLP122
CYAW,2024-05-31 12:00,-63.4994,44.6397,CYAW 311200Z 08005KT 15SM FEW020 FEW060 13/11 A2989 RMK SC1SC1 DENSITY ALT 175FT SLP123
CYAW,2024-05-31 13:00,-63.4994,44.6397,CYAW 311300Z 04004KT 15SM FEW017 FEW070 15/12 A2989 RMK CU1AC1 DENSITY ALT 415FT AC TR SLP121
CYAW,2024-05-31 14:00,-63.4994,44.6397,CYAW 311400Z 24003KT 15SM SCT025 SCT080 16/12 A2988 RMK CU4AC1 DENSITY ALT 497FT SLP118
CYAW,2024-05-31 15:00,-63.4994,44.6397,CYAW 311500Z 25005KT 15SM FEW036 18/11 A2986 RMK CU2 DENSITY ALT 801FT SLP112
CYAW,2024-05-31 16:00,-63.4994,44.6397,CYAW 311600Z 19005KT 15SM SCT048 SCT070 16/12 A2985 RMK CU3AC1 DENSITY ALT 610FT SLP110
CYAW,2024-05-31 17:00,-63.4994,44.6397,CYAW 311700Z 17008KT 15SM FEW005 FEW048 FEW080 16/12 A2984 RMK SF1CU2AC1 DENSITY ALT 521FT SLP105
CYAW,2024-05-31 18:00,-63.4994,44.6397,CYAW 311800Z 17007KT 15SM FEW001 FEW060 BKN070 12/12 A2984 RMK SF1CU2AC4 DENSITY ALT 137FT SLP107
CYAW,2024-05-31 19:00,-63.4994,44.6397,CYAW 311900Z 18007KT 15SM FEW002 FEW060 BKN080 13/11 A2985 RMK SF1CU2AC5 DENSITY ALT 145FT LAST OBS /NEXT 011200 UTC SLP110
CYAW,2024-06-01 12:00,-63.4994,44.6397,CYAW 011200Z 02012KT 15SM FEW026 FEW110 FEW250 11/05 A3001 RMK CU1AC1CI1 DENSITY ALT -304FT FST OBS SLP164
CYAW,2024-06-01 13:00,-63.4994,44.6397,CYAW 011300Z 02011G18KT 15SM BKN029 BKN110 BKN250 11/06 A3001 RMK SC6AC1CI1 DENSITY ALT -298FT SLP163
CYAW,2024-06-01 14:00,-63.4994,44.6397,CYAW 011400Z CCA 36013G19KT 15SM BKN032 BKN250 12/06 A3001 RMK SC7CI1 DENSITY ALT -167FT LAST OBS /NEXT 031000 UTC SLP162
CYAW,2024-06-03 10:00,-63.4994,44.6397,CYAW 031000Z 05007KT 12SM OVC011 09/09 A2987 RMK SF8 DENSITY ALT -288FT FST OBS SLP118
CYAW,2024-06-03 11:00,-63.4994,44.6397,CYAW 031100Z 02007KT 12SM OVC008 10/09 A2989 RMK SF8 DENSITY ALT -298FT SLP122
CYAW,2024-06-03 12:00,-63.4994,44.6397,CYAW 031200Z 01007KT 15SM BKN009 11/10 A2990 RMK SF7 DENSITY ALT -145FT SLP126
CYAW,2024-06-03 12:27,-63.4994,44.6397,CYAW 031227Z 02005KT 15SM BKN012 11/10 A2989 RMK SF6 DENSITY ALT -64FT SLP124
CYAW,2024-06-03 13:00,-63.4994,44.6397,CYAW 031300Z 33006KT 15SM BKN012 13/10 A2989 RMK SF7 DENSITY ALT 75FT SLP122
CYAW,2024-06-03 14:00,-63.4994,44.6397,CYAW 031400Z 01005KT 15SM BKN014 13/10 A2991 RMK SC7 DENSITY ALT 77FT SLP129
CYAW,2024-06-03 15:00,-63.4994,44.6397,CYAW 031500Z 24003KT 15SM BKN015 13/10 A2992 RMK SC7 DENSITY ALT 65FT SLP132
CYAW,2024-06-03 16:00,-63.4994,44.6397,CYAW 031600Z 36006KT 15SM BKN019 15/11 A2990 RMK SC7 DENSITY ALT 375FT SLP127
CYAW,2024-06-03 17:00,-63.4994,44.6397,CYAW 031700Z 23007KT 15SM BKN025 BKN150 BKN250 14/11 A2989 RMK SC6AC1CI1 DENSITY ALT 289FT SLP123
CYAW,2024-06-03 18:00,-63.4994,44.6397,CYAW 031800Z 16008KT 15SM BKN028 13/10 A2990 RMK SC7 DENSITY ALT 75FT SLP124
CYAW,2024-06-03 19:00,-63.4994,44.6397,CYAW 031900Z 17006KT 15SM SCT035 BKN055 BKN250 12/10 A2990 RMK SC4SC2CI1 DENSITY ALT 34FT LAST OBS /NEXT 041100 UTC SLP126
CYAW,2024-06-04 11:00,-63.4994,44.6397,CYAW 041100Z 01012G22KT 15SM BKN012 OVC050 14/12 A2996 RMK SC7SC1 DENSITY ALT 136FT FST OBS SLP147
CYAW,2024-06-04 11:52,-63.4994,44.6397,CYAW 041152Z 02010G20KT 15SM SCT013 SCT080 15/12 A2996 RMK SC3AC1 DENSITY ALT 280FT SLP146
CYAW,2024-06-04 12:00,-63.4994,44.6397,CYAW 041200Z 02011G19KT 15SM SCT014 SCT080 15/12 A2996 RMK SC3AC1 DENSITY ALT 330FT SLP147
CYAW,2024-06-04 13:00,-63.4994,44.6397,CYAW 041300Z 02010KT 15SM FEW020 BKN073 BKN250 17/13 A2996 RMK SC2AC4CI1 DENSITY ALT 515FT SLP145
CYAW,2024-06-04 14:00,-63.4994,44.6397,CYAW 041400Z 01015G24KT 15SM SCT025 BKN060 17/13 A2996 RMK SC4SC2 DENSITY ALT 610FT SLP146
CYAW,2024-06-04 15:00,-63.4994,44.6397,CYAW 041500Z 03015G22KT 15SM BKN028 BKN060 20/13 A2994 RMK CU5SC1 DENSITY ALT 895FT SLP140
CYAW,2024-06-04 16:00,-63.4994,44.6397,CYAW 041600Z 01018G27KT 15SM BKN034 BKN080 21/13 A2992 RMK CU5AC1 DENSITY ALT 1055FT SLP132
CYAW,2024-06-04 17:00,-63.4994,44.6397,CYAW 041700Z 36016G22KT 15SM BKN038 BKN080 21/13 A2990 RMK CU5AC1 DENSITY ALT 1146FT SLP127
CYAW,2024-06-04 18:00,-63.4994,44.6397,CYAW 041800Z 01013KT 15SM BKN040 BKN080 22/13 A2990 RMK CU5AC1 DENSITY ALT 1173FT SLP126
CYAW,2024-06-04 19:00,-63.4994,44.6397,CYAW 041900Z CCA 36012G18KT 15SM BKN041 22/13 A2990 RMK CU5 DENSITY ALT 1220FT LAST OBS /NEXT 051000 UTC SLP126
CYAW,2024-06-05 10:00,-63.4994,44.6397,CYAW 051000Z 33011G17KT 15SM FEW009 FEW020 FEW100 11/10 A2986 RMK SF1SC1AC1 DENSITY ALT -60FT FST OBS SLP112
CYAW,2024-06-05 11:00,-63.4994,44.6397,CYAW 051100Z 35012KT 15SM FEW009 FEW020 FEW100 13/11 A2987 RMK SF1SC2AC1 DENSITY ALT 105FT SLP116
CYAW,2024-06-05 12:00,-63.4994,44.6397,CYAW 051200Z 35011G17KT 15SM FEW013 FEW100 14/12 A2987 RMK CF1AC1 DENSITY ALT 343FT SLP114
CYAW,2024-06-05 13:00,-63.4994,44.6397,CYAW 051300Z 34015KT 15SM FEW016 FEW100 17/12 A2985 RMK CU1AC1 DENSITY ALT 680FT SLP109
CYAW,2024-06-05 14:00,-63.4994,44.6397,CYAW 051400Z 35012G18KT 15SM FEW028 FEW250 18/12 A2985 RMK CU1CI1 DENSITY ALT 806FT SLP108
CYAW,2024-06-05 15:00,-63.4994,44.6397,CYAW 051500Z 34012G20KT 15SM FEW035 FEW250 20/12 A2983 RMK CU1CI1 DENSITY ALT 1032FT SLP101
CYAW,2024-06-05 16:00,-63.4994,44.6397,CYAW 051600Z 33016G21KT 15SM FEW038 FEW250 21/13 A2982 RMK CU2CI1 DENSITY ALT 1161FT SLP097
CYAW,2024-06-05 17:00,-63.4994,44.6397,CYAW 051700Z 33014G20KT 15SM SCT040 SCT250 21/12 A2980 RMK CU3CI1 DENSITY ALT 1251FT SLP093
CYAW,2024-06-05 18:00,-63.4994,44.6397,CYAW 051800Z 36014KT 15SM SCT045 SCT250 22/12 A2979 RMK CU3CI1 DENSITY ALT 1306FT SLP089
CYAW,2024-06-05 19:00,-63.4994,44.6397,CYAW 051900Z 32013G19KT 15SM SCT049 SCT250 23/12 A2978 RMK CU4CI1 DENSITY ALT 1406FT LAST OBS /NEXT 060900 UTC SLP086
CYAW,2024-06-06 09:00,-63.4994,44.6397,CYAW 060900Z 31002KT 15SM SCT060 BKN100 13/13 A2976 RMK SC4AC2 DENSITY ALT 356FT FST OBS SLP077
CYAW,2024-06-06 10:00,-63.4994,44.6397,CYAW 061000Z 35003KT 15SM FEW060 SCT075 BKN100 15/14 A2978 RMK SC2AC2AC1 DENSITY ALT 530FT SLP084
CYAW,2024-06-06 11:00,-63.4994,44.6397,CYAW 061100Z 05003KT 15SM FEW015 SCT060 BKN100 15/13 A2979 RMK CF1SC3AC2 DENSITY ALT 544FT SLP088
CYAW,2024-06-06 12:00,-63.4994,44.6397,CYAW 061200Z 07003KT 15SM FEW015 SCT065 BKN100 16/13 A2981 RMK CF1SC4AC2 DENSITY ALT 569FT SLP095
CYAW,2024-06-06 13:00,-63.4994,44.6397,CYAW 061300Z 19003KT 15SM FEW016 FEW062 BKN110 16/13 A2979 RMK CU1SC2AC4 DENSITY ALT 633FT SLP089
CYAW,2024-06-06 14:00,-63.4994,44.6397,CYAW 061400Z 19005KT 15SM FEW016 FEW062 FEW110 17/13 A2980 RMK CU1SC1AC1 DENSITY ALT 698FT SLP092
CYAW,2024-06-06 15:00,-63.4994,44.6397,CYAW 061500Z 19005KT 15SM FEW020 FEW120 18/14 A2979 RMK CU1AC1 DENSITY ALT 823FT CU TR SLP090
CYAW,2024-06-06 16:00,-63.4994,44.6397,CYAW 061600Z 16011KT 15SM FEW020 FEW120 FEW250 18/14 A2979 RMK CU1AC1CI1 DENSITY ALT 870FT SLP087
CYAW,2024-06-06 17:00,-63.4994,44.6397,CYAW 061700Z 18010G16KT 15SM FEW030 FEW120 FEW250 18/13 A2978 RMK CU1AC1CI1 DENSITY ALT 927FT SLP084
CYAW,2024-06-06 18:00,-63.4994,44.6397,CYAW 061800Z 18008KT 15SM FEW031 FEW120 FEW250 18/13 A2977 RMK CU1AC1CI1 DENSITY ALT 936FT SLP081
CYAW,2024-06-06 19:00,-63.4994,44.6397,CYAW 061900Z 19008KT 15SM FEW048 FEW090 FEW250 18/13 A2976 RMK CU1AC1CI1 DENSITY ALT 898FT SLP079
CYAW,2024-06-06 20:00,-63.4994,44.6397,CYAW 062000Z 16010KT 15SM FEW050 FEW100 FEW250 18/13 A2975 RMK CU1AC1CI1 DENSITY ALT 865FT SLP075
CYAW,2024-06-06 21:00,-63.4994,44.6397,CYAW 062100Z 16011KT 15SM FEW050 FEW100 FEW250 16/13 A2975 RMK CU1AC1CI1 DENSITY ALT 646FT SLP075
CYAW,2024-06-06 22:00,-63.4994,44.6397,CYAW 062200Z 17008KT 15SM FEW005 FEW050 FEW100 SCT250 14/12 A2976 RMK SF1CU1AC1CI2 DENSITY ALT 403FT SF TR CU TR SLP079
CYAW,2024-06-06 23:00,-63.4994,44.6397,CYAW 062300Z 17006KT 10SM SCT005 SCT050 BKN100 BKN250 13/12 A2977 RMK SF4CU1AC1CI1 DENSITY ALT 285FT CU TR SLP082
CYAW,2024-06-06 23:43,-63.4994,44.6397,CYAW 062343Z 16008KT 10SM BKN005 BKN250 12/12 A2978 RMK SF5CI1 DENSITY ALT 211FT LAST OBS /NEXT 070900 UTC SLP084
CYAW,2024-06-07 09:00,-63.4994,44.6397,CYAW 070900Z 09006KT 1/4SM FG VV001 12/12 A2971 RMK FG8 DENSITY ALT 203FT FST OBS SLP062
CYAW,2024-06-07 10:00,-63.4994,44.6397,CYAW 071000Z 10005KT 1/8SM FG VV001 12/12 A2971 RMK FG8 DENSITY ALT 216FT VIS VRB 0-1/4 SLP060
CYAW,2024-06-07 11:00,-63.4994,44.6397,CYAW 071100Z 08005KT 1/4SM FG VV001 12/12 A2971 RMK FG8 DENSITY ALT 282FT SLP061
CYAW,2024-06-07 11:50,-63.4994,44.6397,CYAW 071150Z 11008KT 1/8SM FG VV001 13/13 A2972 RMK FG8 DENSITY ALT 337FT SLP064
CYAW,2024-06-07 12:00,-63.4994,44.6397,CYAW 071200Z 11007KT 1/8SM FG VV001 12/12 A2972 RMK FG8 DENSITY ALT 271FT VIS VRB 0-1/4 SLP064
CYAW,2024-06-07 13:00,-63.4994,44.6397,CYAW 071300Z 11007KT 1/8SM FG VV001 12/12 A2972 RMK FG8 DENSITY ALT 271FT VIS VRB 0-1/4 SLP066
CYAW,2024-06-07 13:21,-63.4994,44.6397,CYAW 071321Z 11007KT 1/2SM FG OVC003 12/12 A2973 RMK FG7SF1 DENSITY ALT 180FT SLP068
CYAW,2024-06-07 14:00,-63.4994,44.6397,CYAW 071400Z 11008KT 1/2SM FG OVC003 12/12 A2973 RMK FG7SF1 DENSITY ALT 219FT VIS VRB 3/8-5/8 SLP067
CYAW,2024-06-07 15:00,-63.4994,44.6397,CYAW 071500Z 07005KT 1SM BR OVC003 13/13 A2972 RMK SF8 DENSITY ALT 337FT VIS VRB 3/4-1 1/2 CIG VRB 2-4 SLP064
CYAW,2024-06-07 15:25,-63.4994,44.6397,CYAW 071525Z 03006KT 6SM BR OVC004 14/14 A2972 RMK SF8 DENSITY ALT 456FT VIS LWR W CIG VRB 3-5 SLP064
CYAW,2024-06-07 16:00,-63.4994,44.6397,CYAW 071600Z 03005KT 9SM BKN009 BKN020 BKN250 16/16 A2971 RMK SF6SC1CI1 DENSITY ALT 733FT CI TR SLP062
CYAW,2024-06-07 16:33,-63.4994,44.6397,CYAW 071633Z 22005KT 9SM BKN011 OVC030 17/16 A2971 RMK SC7SC1 DENSITY ALT 913FT VIS LWR SW SLP061
CYAW,2024-06-07 17:00,-63.4994,44.6397,CYAW 071700Z 13005KT 9SM FEW008 BKN011 BKN028 17/16 A2970 RMK SF2SC5SC1 DENSITY ALT 908FT VIS LWR SW SLP058
CYAW,2024-06-07 17:30,-63.4994,44.6397,CYAW 071730Z 10007KT 12SM FEW001 FEW008 BKN022 16/15 A2970 RMK SF1SF2SC5 DENSITY ALT 814FT VIS LWR SW SLP057
CYAW,2024-06-07 18:00,-63.4994,44.6397,CYAW 071800Z 12009KT 12SM FEW006 BKN026 15/14 A2970 RMK SF2SC5 DENSITY ALT 660FT SLP058
CYAW,2024-06-07 19:00,-63.4994,44.6397,CYAW 071900Z 12010KT 12SM SCT005 OVC024 14/13 A2970 RMK SF3SC5 DENSITY ALT 503FT SLP059
CYAW,2024-06-07 20:00,-63.4994,44.6397,CYAW 072000Z 11009G15KT 10SM BKN005 OVC024 13/12 A2971 RMK SF5SC3 DENSITY ALT 315FT SLP060
CYAW,2024-06-07 21:00,-63.4994,44.6397,CYAW 072100Z 10011KT 10SM BKN004 OVC020 12/12 A2971 RMK ST6SC2 DENSITY ALT 190FT SLP061
CYAW,2024-06-07 21:18,-63.4994,44.6397,CYAW 072118Z 11010KT 10SM OVC004 12/12 A2971 RMK ST8 DENSITY ALT 203FT LAST OBS /NEXT 081700 UTC SLP061
CYAW,2024-06-08 13:00,-63.4994,44.6397,CYAW 081300Z 10012G18KT 1/2SM FG OVC004 13/13 A2964 RMK ST8 DENSITY ALT 390FT VIS VRB 1/4-3/4 FST OBS SLP037
CYAW,2024-06-08 14:00,-63.4994,44.6397,CYAW 081400Z 10011G18KT 1/2SM FG OVC004 13/13 A2964 RMK ST8 DENSITY ALT 403FT VIS VRB 1/4-3/4 SLP039
CYAW,2024-06-08 14:41,-63.4994,44.6397,CYAW 081441Z 10012KT 1 1/2SM BR OVC004 12/12 A2964 RMK ST8 DENSITY ALT 376FT VIS VRB 1-2 SLP039
CYAW,2024-06-08 15:00,-63.4994,44.6397,CYAW 081500Z 11014KT 1 1/2SM BR OVC005 12/12 A2964 RMK ST8 DENSITY ALT 310FT VIS VRB 1-2 SLP038
CYAW,2024-06-08 15:23,-63.4994,44.6397,CYAW 081523Z 11010KT 1SM BR OVC005 12/12 A2964 RMK ST8 DENSITY ALT 297FT VIS VRB 3/4-1 1/4 LAST OBS /NEXT 100900 UTC SLP038
CYAW,2024-06-10 09:00,-63.4994,44.6397,CYAW 100900Z 29007KT 15SM FEW006 BKN012 13/12 A2946 RMK SF1SC7 DENSITY ALT 645FT FST OBS SLP975
CYAW,2024-06-10 10:00,-63.4994,44.6397,CYAW 101000Z 26006KT 15SM FEW006 BKN011 BKN250 13/12 A2947 RMK SF1SC6CI1 DENSITY ALT 643FT SLP980
CYAW,2024-06-10 11:00,-63.4994,44.6397,CYAW 101100Z 26006KT 15SM BKN011 BKN250 14/12 A2948 RMK SC5CC1 DENSITY ALT 728FT SLP983
CYAW,2024-06-10 12:00,-63.4994,44.6397,CYAW 101200Z 23007KT 15SM BKN010 14/13 A2949 RMK SC7 DENSITY ALT 772FT SLP989
CYAW,2024-06-10 13:00,-63.4994,44.6397,CYAW 101300Z 22010KT 15SM SCT011 SCT170 SCT250 15/13 A2950 RMK CU3AC1CC1 DENSITY ALT 909FT SLP991
CYAW,2024-06-10 14:00,-63.4994,44.6397,CYAW 101400Z 21012KT 15SM BKN004 OVC008 14/13 A2952 RMK SF5SF3 DENSITY ALT 714FT VIS LWR SW SLP997
CYAW,2024-06-10 14:15,-63.4994,44.6397,CYAW 101415Z 20011G17KT 6SM BR BKN002 OVC008 13/13 A2953 RMK SF7SF1 DENSITY ALT 590FT VIS HYR N QUAD SLP000
CYAW,2024-06-10 14:42,-63.4994,44.6397,CYAW 101442Z 21010KT 4SM -DZ BR OVC003 13/13 A2953 RMK SF8 DENSITY ALT 566FT PCPN VRY LGT SLP000
CYAW,2024-06-10 15:00,-63.4994,44.6397,CYAW 101500Z 20012KT 7SM -DZ OVC004 13/13 A2953 RMK SF8 DENSITY ALT 590FT PCPN VRY LGT SLP002
CYAW,2024-06-10 15:17,-63.4994,44.6397,CYAW 101517Z 20008G16KT 7SM OVC004 13/13 A2953 RMK SF8 DENSITY ALT 629FT SLP000
CYAW,2024-06-10 16:00,-63.4994,44.6397,CYAW 101600Z 20010G20KT 10SM OVC006 14/13 A2953 RMK SF8 DENSITY ALT 687FT SLP000
CYAW,2024-06-10 16:48,-63.4994,44.6397,CYAW 101648Z 19009KT 12SM SCT010 15/13 A2953 RMK SF4 DENSITY ALT 862FT SLP002
CYAW,2024-06-10 17:00,-63.4994,44.6397,CYAW 101700Z 19007KT 12SM FEW012 FEW020 15/13 A2953 RMK SF2CU1 DENSITY ALT 850FT SLP001
CYAW,2024-06-10 18:00,-63.4994,44.6397,CYAW 101800Z 19009G16KT 15SM FEW020 FEW080 16/13 A2954 RMK CU1AC1 DENSITY ALT 967FT AC TR SLP002
CYAW,2024-06-10 19:00,-63.4994,44.6397,CYAW 101900Z 22014G20KT 15SM FEW020 FEW080 18/13 A2954 RMK CU1AC1 DENSITY ALT 1175FT SLP004
CYAW,2024-06-10 20:00,-63.4994,44.6397,CYAW 102000Z CCA 22012G17KT 15SM FEW025 FEW080 19/13 A2955 RMK CU1AC1 DENSITY ALT 1310FT LAST OBS/NXT 110900 UTC SLP007
CYAW,2024-06-11 09:00,-63.4994,44.6397,CYAW 110900Z 24008KT 8SM BKN003 11/11 A2978 RMK SF6 DENSITY ALT 29FT FST OBS SLP086
CYAW,2024-06-11 09:28,-63.4994,44.6397,CYAW 110928Z 23007KT 8SM SCT003 SCT250 11/11 A2979 RMK SF4CI1 DENSITY ALT 31FT SLP087
CYAW,2024-06-11 09:46,-63.4994,44.6397,CYAW 110946Z 23004KT 8SM BKN003 11/11 A2980 RMK SF6 DENSITY ALT 59FT SLP091
CYAW,2024-06-11 10:00,-63.4994,44.6397,CYAW 111000Z 23006KT 8SM BKN003 12/12 A2980 RMK SF7 DENSITY ALT 86FT SLP092
CYAW,2024-06-11 10:41,-63.4994,44.6397,CYAW 111041Z 26005KT 9SM BKN004 BKN250 12/12 A2981 RMK SF7CI1 DENSITY ALT 153FT SLP096
CYAW,2024-06-11 11:00,-63.4994,44.6397,CYAW 111100Z 25005KT 12SM BKN005 13/12 A2982 RMK SF5 DENSITY ALT 240FT SLP098
CYAW,2024-06-11 11:15,-63.4994,44.6397,CYAW 111115Z 22004KT 15SM SCT006 SCT250 14/13 A2982 RMK SF3CI1 DENSITY ALT 316FT SLP100
CYAW,2024-06-11 12:00,-63.4994,44.6397,CYAW 111200Z 26005KT 15SM FEW006 FEW250 15/13 A2984 RMK SF1CI1 DENSITY ALT 473FT SLP106
CYAW,2024-06-11 13:00,-63.4994,44.6397,CYAW 111300Z 21003KT 15SM FEW006 BKN250 17/14 A2987 RMK SF1CI5 DENSITY ALT 666FT SLP114
CYAW,2024-06-11 14:00,-63.4994,44.6397,CYAW 111400Z 17007KT 15SM VCFG FEW020 BKN250 14/13 A2989 RMK CU1CI7 DENSITY ALT 330FT FG BANK SE QUAD VIS 4 SLP122
CYAW,2024-06-11 15:00,-63.4994,44.6397,CYAW 111500Z 17006KT 15SM VCFG FEW020 BKN250 15/13 A2989 RMK CU1CI7 DENSITY ALT 369FT FG BANK SE QUAD VIS 6 SLP123
CYAW,2024-06-11 16:00,-63.4994,44.6397,CYAW 111600Z 17012KT 15SM VCFG FEW020 SCT250 15/13 A2990 RMK CU1CI2 DENSITY ALT 438FT FG BANK SE QUAD VIS 6 SLP125
CYAW,2024-06-11 17:00,-63.4994,44.6397,CYAW 111700Z 18009KT 15SM VCFG FEW020 SCT250 16/13 A2990 RMK CU1CI2 DENSITY ALT 518FT FG BANK SE QUAD VIS 6 SLP127
CYAW,2024-06-11 18:00,-63.4994,44.6397,CYAW 111800Z 17010KT 15SM FEW020 FEW050 SCT250 17/13 A2991 RMK CU1SC1CI2 DENSITY ALT 566FT SLP129
CYAW,2024-06-11 19:00,-63.4994,44.6397,CYAW 111900Z 21009KT 15SM FEW020 FEW050 SCT250 19/13 A2992 RMK CU1SC1CI2 DENSITY ALT 812FT SLP132
CYAW,2024-06-11 20:00,-63.4994,44.6397,CYAW 112000Z CCA 20007KT 15SM FEW020 FEW050 SCT250 19/14 A2993 RMK CU1SC1CI2 DENSITY ALT 804FT LAST OBS /NEXT 120900 UTC SLP137
CYAW,2024-06-12 09:00,-63.4994,44.6397,CYAW 120900Z 11004KT 0SM FG VV001 11/11 A3002 RMK FG8 DENSITY ALT -207FT FST OBS SLP166
CYAW,2024-06-12 10:00,-63.4994,44.6397,CYAW 121000Z 13004KT 1/8SM FG VV001 11/11 A3003 RMK FG8 DENSITY ALT -219FT SLP168
CYAW,2024-06-12 11:00,-63.4994,44.6397,CYAW 121100Z 05004KT 1/4SM FG VV001 12/12 A3002 RMK FG8 DENSITY ALT -141FT VIS VRB 1/8-3/8 SLP167
CYAW,2024-06-12 12:00,-63.4994,44.6397,CYAW 121200Z 16003KT 1/2SM FG VV001 12/12 A3003 RMK FG8 DENSITY ALT -73FT VIS HYR W QUAD SLP170
CYAW,2024-06-12 12:13,-63.4994,44.6397,CYAW 121213Z 22003KT 2SM BR OVC002 13/13 A3003 RMK SF8 DENSITY ALT -60FT VIS LWR NE QUAD SLP171
CYAW,2024-06-12 12:34,-63.4994,44.6397,CYAW 121234Z 06004KT 3SM BR OVC003 13/13 A3003 RMK SF8 DENSITY ALT -7FT SLP170
CYAW,2024-06-12 13:00,-63.4994,44.6397,CYAW 121300Z 05003KT 5SM BR BKN004 14/14 A3003 RMK SF7 DENSITY ALT 86FT SLP170
CYAW,2024-06-12 13:23,-63.4994,44.6397,CYAW 121323Z 05006KT 7SM SCT005 BKN250 14/14 A3003 RMK SF4CI3 DENSITY ALT 126FT SLP169
CYAW,2024-06-12 14:00,-63.4994,44.6397,CYAW 121400Z 08003KT 15SM VCFG FEW007 FEW020 FEW180 BKN250 16/16 A3002 RMK SF1CU1AC1CI6 DENSITY ALT 443FT VIS SW-W 2 SLP167
CYAW,2024-06-12 15:00,-63.4994,44.6397,CYAW 121500Z 26005KT 15SM VCFG FEW015 BKN140 BKN250 18/15 A3001 RMK CU1AC5CI2 DENSITY ALT 630FT VIS S QUAD 3 SLP164
CYAW,2024-06-12 16:00,-63.4994,44.6397,CYAW 121600Z 20004KT 15SM VCFG FEW015 BKN150 17/14 A3002 RMK CU1AC6 DENSITY ALT 520FT VIS S QUAD 3 SLP166
CYAW,2024-06-12 17:00,-63.4994,44.6397,CYAW 121700Z 15009KT 15SM VCFG FEW002 FEW020 FEW150 17/15 A3001 RMK SF1CU1AC1 DENSITY ALT 469FT FG BANK S QUAD VIS 3 SLP163
CYAW,2024-06-12 18:00,-63.4994,44.6397,CYAW 121800Z 14009KT 15SM VCFG FEW003 FEW020 FEW150 16/14 A2999 RMK SF1CU1AC1 DENSITY ALT 474FT FG BANK S QUAD VIS 3 SLP157
CYAW,2024-06-12 19:00,-63.4994,44.6397,CYAW 121900Z 13006KT 15SM VCFG FEW006 FEW020 FEW150 16/14 A2998 RMK SF1CU1AC1 DENSITY ALT 436FT FG BANK S QUAD VIS 2 SLP151
CYAW,2024-06-12 20:00,-63.4994,44.6397,CYAW 122000Z 18006KT 15SM VCFG FEW006 FEW020 FEW150 16/14 A2996 RMK SF1CU1AC1 DENSITY ALT 481FT FG BANK S QUAD VIS 3 LAST OBS/NXT 130900 UTC SLP146
CYAW,2024-06-13 09:00,-63.4994,44.6397,CYAW 130900Z 25009KT 7SM SCT004 BKN036 BKN080 12/12 A2997 RMK SF4CF1AC1 DENSITY ALT -18FT FST OBS SLP149
CYAW,2024-06-13 10:00,-63.4994,44.6397,CYAW 131000Z 26008KT 9SM SCT007 BKN045 BKN100 13/13 A2998 RMK SF4SC2AC1 DENSITY ALT 75FT SLP153
CYAW,2024-06-13 10:47,-63.4994,44.6397,CYAW 131047Z 24005KT 12SM BKN008 BKN045 14/13 A2999 RMK SF5SC2 DENSITY ALT 200FT SLP156
CYAW,2024-06-13 11:00,-63.4994,44.6397,CYAW 131100Z 25006KT 12SM BKN008 BKN045 14/13 A2999 RMK SF7SC1 DENSITY ALT 200FT SLP157
CYAW,2024-06-13 12:00,-63.4994,44.6397,CYAW 131200Z 25008KT 12SM BKN008 15/14 A3001 RMK SF7 DENSITY ALT 255FT SLP163
CYAW,2024-06-13 13:00,-63.4994,44.6397,CYAW 131300Z 22009KT 9SM BKN009 16/14 A3002 RMK SF7 DENSITY ALT 331FT SLP165
CYAW,2024-06-13 13:28,-63.4994,44.6397,CYAW 131328Z 24009KT 12SM SCT009 BKN250 16/14 A3002 RMK SF4CI1 DENSITY ALT 441FT SLP166
CYAW,2024-06-13 14:00,-63.4994,44.6397,CYAW 131400Z 25009KT 15SM FEW009 FEW015 SCT250 17/14 A3002 RMK SF1CU1CI2 DENSITY ALT 559FT SLP165
CYAW,2024-06-13 15:00,-63.4994,44.6397,CYAW 131500Z 20009KT 15SM FEW009 FEW015 FEW250 20/15 A3001 RMK SF1CU1CI2 DENSITY ALT 889FT SLP164
CYAW,2024-06-13 16:00,-63.4994,44.6397,CYAW 131600Z 19008KT 15SM FEW009 FEW020 FEW250 19/14 A3001 RMK SF1CU1CI2 DENSITY ALT 759FT SLP162
CYAW,2024-06-13 17:00,-63.4994,44.6397,CYAW 131700Z 23010KT 15SM FEW020 SCT250 21/14 A3001 RMK CU1CI3 DENSITY ALT 976FT SLP163
CYAW,2024-06-13 18:00,-63.4994,44.6397,CYAW 131800Z 21013G18KT 15SM FEW020 FEW250 22/13 A3000 RMK CU1CI2 DENSITY ALT 1051FT SLP160
CYAW,2024-06-13 19:00,-63.4994,44.6397,CYAW 131900Z 20009KT 15SM FEW020 FEW250 21/13 A3000 RMK CU1CI2 DENSITY ALT 971FT LAST OBS /NEXT 141000 UTC SLP159
CYAW,2024-06-14 10:00,-63.4994,44.6397,CYAW 141000Z CCA 23007KT 12SM BKN250 14/13 A2997 RMK CI5 DENSITY ALT 147FT FST OBS SLP149
CYAW,2024-06-14 11:00,-63.4994,44.6397,CYAW 141100Z 23009KT 15SM FEW008 BKN250 16/14 A2998 RMK CF1CI7 DENSITY ALT 425FT SLP151
CYAW,2024-06-14 12:00,-63.4994,44.6397,CYAW 141200Z 22014G21KT 15SM FEW012 BKN250 17/14 A2998 RMK CF1CI7 DENSITY ALT 582FT SLP154
CYAW,2024-06-14 13:00,-63.4994,44.6397,CYAW 141300Z 23014G25KT 15SM FEW012 BKN250 17/15 A2998 RMK CF1CI6 DENSITY ALT 612FT SLP153
CYAW,2024-06-14 14:00,-63.4994,44.6397,CYAW 141400Z 21011KT 15SM FEW014 BKN250 19/15 A2997 RMK CF1CI6 DENSITY ALT 836FT SLP149
CYAW,2024-06-14 15:00,-63.4994,44.6397,CYAW 141500Z 22013G20KT 15SM BKN250 19/15 A2997 RMK CI7 DENSITY ALT 843FT SLP149
CYAW,2024-06-14 16:00,-63.4994,44.6397,CYAW 141600Z 21011G18KT 15SM FEW020 BKN250 20/15 A2996 RMK CF1CI7 DENSITY ALT 989FT SLP147
CYAW,2024-06-14 17:00,-63.4994,44.6397,CYAW 141700Z CCA 21015G21KT 15SM OVC250 21/15 A2995 RMK CI8 DENSITY ALT 1087FT LAST OBS /NEXT 151000 UTC SLP144
CYAW,2024-06-15 12:00,-63.4994,44.6397,CYAW 151200Z 19005KT 3/4SM RA BR OVC003 14/14 A2986 RMK SF8 DENSITY ALT 281FT FST OBS SLP112
CYAW,2024-06-15 12:22,-63.4994,44.6397,CYAW 151222Z 22005KT 1SM RA BR OVC003 14/14 A2986 RMK SF8 DENSITY ALT 321FT SLP112
CYAW,2024-06-15 12:40,-63.4994,44.6397,CYAW 151240Z 20004KT 1SM -RA BR OVC003 14/14 A2986 RMK SF8 DENSITY ALT 334FT SLP113
CYAW,2024-06-15 13:00,-63.4994,44.6397,CYAW 151300Z 20005KT 1SM RA BR OVC003 14/14 A2985 RMK SF8 DENSITY ALT 359FT SLP110
CYAW,2024-06-15 13:39,-63.4994,44.6397,CYAW 151339Z 20006KT 1 1/2SM -RA BR OVC003 14/14 A2985 RMK SF8 DENSITY ALT 372FT SLP110
CYAW,2024-06-15 14:00,-63.4994,44.6397,CYAW 151400Z 20004KT 1 1/2SM -RA BR BKN003 OVC020 14/14 A2984 RMK SF7SC1 DENSITY ALT 384FT SLP106
CYAW,2024-06-15 14:26,-63.4994,44.6397,CYAW 151426Z 19005KT 3SM -RA BR OVC004 14/14 A2983 RMK SF8 DENSITY ALT 395FT SLP103
CYAW,2024-06-15 15:00,-63.4994,44.6397,CYAW 151500Z 21004KT 4SM -RA BR BKN004 OVC020 14/14 A2982 RMK SF7SC1 DENSITY ALT 420FT VIS HYR S QUAD SLP100
CYAW,2024-06-15 15:22,-63.4994,44.6397,CYAW 151522Z 21006KT 5SM -RA BR SCT004 OVC018 14/14 A2982 RMK SF3SC5 DENSITY ALT 420FT VIS HYR S QUAD SLP099
CYAW,2024-06-15 16:00,-63.4994,44.6397,CYAW 151600Z CCA 22004KT 7SM BKN004 OVC016 14/14 A2981 RMK SF5SC3 DENSITY ALT 445FT VIS LWR N QUAD LAST OBS /NEXT 171000 UTC SLP095
CYAW,2024-06-17 10:00,-63.4994,44.6397,CYAW 171000Z 28006KT 15SM FEW120 FEW250 14/07 A3023 RMK AC1CI1 DENSITY ALT -175FT FST OBS SLP238
CYAW,2024-06-17 11:00,-63.4994,44.6397,CYAW 171100Z 29007KT 15SM FEW120 FEW250 16/08 A3025 RMK AC1CI1 DENSITY ALT 104FT SLP244
CYAW,2024-06-17 12:00,-63.4994,44.6397,CYAW 171200Z 26005KT 15SM FEW120 FEW250 18/09 A3026 RMK AC1CI1 DENSITY ALT 315FT SLP247
CYAW,2024-06-17 13:00,-63.4994,44.6397,CYAW 171300Z 24007KT 15SM FEW250 20/08 A3025 RMK CI1 DENSITY ALT 497FT SLP243
CYAW,2024-06-17 14:00,-63.4994,44.6397,CYAW 171400Z 24010G16KT 15SM FEW120 FEW250 21/07 A3024 RMK AC1CI1 DENSITY ALT 669FT SLP239
CYAW,2024-06-17 15:00,-63.4994,44.6397,CYAW 171500Z 25010G18KT 15SM FEW120 BKN250 22/06 A3024 RMK AC1CI5 DENSITY ALT 709FT SLP239
CYAW,2024-06-17 16:00,-63.4994,44.6397,CYAW 171600Z 24009G16KT 15SM BKN250 21/08 A3023 RMK CI7 DENSITY ALT 707FT SLP237
CYAW,2024-06-17 17:00,-63.4994,44.6397,CYAW 171700Z 22012KT 15SM FEW120 BKN250 20/08 A3022 RMK AC1CI7 DENSITY ALT 595FT SLP234
CYAW,2024-06-17 18:00,-63.4994,44.6397,CYAW 171800Z 24014G22KT 15SM FEW120 BKN250 21/05 A3021 RMK AC1CI6 DENSITY ALT 682FT SLP232
CYAW,2024-06-17 19:00,-63.4994,44.6397,CYAW 171900Z CCA 22010G21KT 15SM FEW120 BKN250 21/06 A3021 RMK AC1CI7 DENSITY ALT 619FT LAST OBS /NEXT 181300 UTC SLP230
CYAW,2024-06-18 13:00,-63.4994,44.6397,CYAW 181300Z 22008KT 15SM BKN055 OVC080 16/11 A3029 RMK SC6AC2 DENSITY ALT 56FT FST OBS SLP257
CYAW,2024-06-18 14:00,-63.4994,44.6397,CYAW 181400Z 22009KT 15SM OVC055 17/12 A3028 RMK SC8 DENSITY ALT 157FT SLP254
CYAW,2024-06-18 15:00,-63.4994,44.6397,CYAW 181500Z 23011KT 15SM SCT050 BKN080 OVC250 19/13 A3028 RMK SC4AC3CI1 DENSITY ALT 408FT SLP254
CYAW,2024-06-18 16:00,-63.4994,44.6397,CYAW 181600Z 22011G16KT 15SM FEW100 BKN250 19/14 A3027 RMK AC1CI6 DENSITY ALT 501FT SLP251
CYAW,2024-06-18 17:00,-63.4994,44.6397,CYAW 181700Z 24011KT 15SM BKN250 21/14 A3026 RMK CI5 DENSITY ALT 684FT SLP248
CYAW,2024-06-18 18:00,-63.4994,44.6397,CYAW 181800Z 21009KT 15SM BKN250 21/15 A3024 RMK CI5 DENSITY ALT 686FT SLP240
CYAW,2024-06-18 19:00,-63.4994,44.6397,CYAW 181900Z 21013KT 15SM BKN250 21/15 A3023 RMK CI6 DENSITY ALT 758FT SLP237
CYAW,2024-06-18 20:00,-63.4994,44.6397,CYAW 182000Z 19008KT 15SM FEW030 BKN250 20/15 A3022 RMK CF1CI5 DENSITY ALT 651FT SLP236
CYAW,2024-06-18 21:00,-63.4994,44.6397,CYAW 182100Z 19006KT 15SM FEW030 BKN250 20/15 A3021 RMK CF1CI7 DENSITY ALT 653FT SLP231
CYAW,2024-06-18 22:00,-63.4994,44.6397,CYAW 182200Z 22008KT 15SM BKN250 20/15 A3023 RMK CI7 DENSITY ALT 624FT SLP237
CYAW,2024-06-18 23:00,-63.4994,44.6397,CYAW 182300Z 22007KT 15SM FEW150 SCT250 19/15 A3024 RMK AC1CI3 DENSITY ALT 495FT SLP239
CYAW,2024-06-19 00:00,-63.4994,44.6397,CYAW 190000Z 18004KT 15SM FEW170 SCT250 17/15 A3024 RMK AC1CI3 DENSITY ALT 205FT SLP242
CYAW,2024-06-19 01:00,-63.4994,44.6397,CYAW 190100Z 21003KT 15SM FEW170 BKN250 15/14 A3026 RMK AC1CI5 DENSITY ALT 9FT SLP247
CYAW,2024-06-19 02:00,-63.4994,44.6397,CYAW 190200Z 18002KT 15SM BKN250 14/13 A3025 RMK CI5 DENSITY ALT -144FT SLP246
CYAW,2024-06-19 03:00,-63.4994,44.6397,CYAW 190300Z CCA 16005KT 15SM FEW250 13/13 A3025 RMK CI2 DENSITY ALT -205FT LAST OBS /NEXT 191300 UTC SLP245
CYAW,2024-06-19 13:00,-63.4994,44.6397,CYAW 191300Z 20002KT 15SM BKN250 20/17 A3028 RMK CI7 DENSITY ALT 656FT FST OBS SLP254
CYAW,2024-06-19 14:00,-63.4994,44.6397,CYAW 191400Z 18005KT 15SM BKN250 22/18 A3027 RMK CI7 DENSITY ALT 826FT SLP249
CYAW,2024-06-19 15:00,-63.4994,44.6397,CYAW 191500Z 17006KT 15SM OVC250 24/19 A3026 RMK CI8 DENSITY ALT 1117FT CIG PDMTLY TRANSPARENT SLP248
CYAW,2024-06-19 16:00,-63.4994,44.6397,CYAW 191600Z 20005KT 15SM OVC250 25/19 A3025 RMK CI8 DENSITY ALT 1224FT CIG PDMTLY TRANSPARENT SLP242
CYAW,2024-06-19 17:00,-63.4994,44.6397,CYAW 191700Z 20005KT 15SM OVC250 26/20 A3024 RMK CI8 DENSITY ALT 1399FT CIG PDMTLY TRANSPARENT SLP239
CYAW,2024-06-19 18:00,-63.4994,44.6397,CYAW 191800Z 21005KT 15SM FEW035 OVC250 27/20 A3022 RMK CF1CI8 DENSITY ALT 1548FT CIG PDMTLY TRANSPARENT SLP234
CYAW,2024-06-19 19:00,-63.4994,44.6397,CYAW 191900Z 21009KT 15SM FEW040 OVC250 27/20 A3021 RMK CU1CI8 DENSITY ALT 1529FT CIG PDMTLY TRANSPARENT SLP230
CYAW,2024-06-19 20:00,-63.4994,44.6397,CYAW 192000Z 21008KT 15SM FEW040 OVC250 27/20 A3020 RMK CU1CI8 DENSITY ALT 1525FT CIG PDMTLY TRANSPARENT SLP226
CYAW,2024-06-19 21:00,-63.4994,44.6397,CYAW 192100Z 24008KT 15SM FEW250 26/20 A3018 RMK CI2 DENSITY ALT 1475FT SLP219
CYAW,2024-06-19 22:00,-63.4994,44.6397,CYAW 192200Z 24006G16KT 15SM FEW250 25/19 A3016 RMK CI2 DENSITY ALT 1378FT SLP214
CYAW,2024-06-19 23:00,-63.4994,44.6397,CYAW 192300Z 24007KT 15SM FEW250 24/18 A3016 RMK CI2 DENSITY ALT 1204FT SLP214
CYAW,2024-06-20 00:00,-63.4994,44.6397,CYAW 200000Z 24005KT 15SM SCT250 23/18 A3015 RMK CI3 DENSITY ALT 1083FT SLP210
CYAW,2024-06-20 01:00,-63.4994,44.6397,CYAW 200100Z 24007KT 15SM FEW250 22/17 A3016 RMK CI2 DENSITY ALT 931FT SLP213
CYAW,2024-06-20 02:00,-63.4994,44.6397,CYAW 200200Z 24006KT 15SM FEW250 22/19 A3016 RMK CI1 DENSITY ALT 1015FT SLP214
CYAW,2024-06-20 03:00,-63.4994,44.6397,CYAW 200300Z 25009KT 15SM SKC 23/20 A3015 RMK DENSITY ALT 1099FT LAST OBS /NEXT 201200 UTC SLP210
CYAW,2024-06-20 12:00,-63.4994,44.6397,CYAW 201200Z 25007KT 15SM BKN250 23/19 A3010 RMK CI7 DENSITY ALT 1136FT FST OBS SLP194
CYAW,2024-06-20 13:00,-63.4994,44.6397,CYAW 201300Z 24009KT 15SM FEW180 BKN250 25/19 A3008 RMK AC1CI5 DENSITY ALT 1448FT SLP186
CYAW,2024-06-20 14:00,-63.4994,44.6397,CYAW 201400Z 25010KT 15SM FEW180 BKN250 26/20 A3008 RMK AC1CI7 DENSITY ALT 1607FT SLP185
CYAW,2024-06-20 15:00,-63.4994,44.6397,CYAW 201500Z 24010KT 15SM FEW030 OVC250 25/20 A3007 RMK CF1CI8 DENSITY ALT 1516FT SLP183
CYAW,2024-06-20 16:00,-63.4994,44.6397,CYAW 201600Z 23006KT 15SM FEW030 OVC250 28/21 A3007 RMK CU1CI8 DENSITY ALT 1790FT SLP181
CYAW,2024-06-20 17:00,-63.4994,44.6397,CYAW 201700Z 26010KT 15SM FEW035 OVC250 29/22 A3006 RMK CU1CI8 DENSITY ALT 1952FT SLP177
CYAW,2024-06-20 18:00,-63.4994,44.6397,CYAW 201800Z CCA 24012KT 15SM FEW045 OVC250 31/23 A3003 RMK CU1CI7 DENSITY ALT 2269FT SLP170
CYAW,2024-06-20 19:00,-63.4994,44.6397,CYAW 201900Z 24013KT 15SM FEW045 OVC250 32/22 A3001 RMK CU1CI7 DENSITY ALT 2347FT LAST OBS /NEXT 211100 UTC SLP163
CYAW,2024-06-21 11:00,-63.4994,44.6397,CYAW 211100Z 34005KT 15SM BKN065 OVC110 21/15 A3010 RMK SC6AC2 DENSITY ALT 893FT DIST SH SE QUAD FST OBS SLP193
CYAW,2024-06-21 11:17,-63.4994,44.6397,CYAW 211117Z 01010KT 15SM -SHRA BKN065 OVC110 21/15 A3010 RMK SC7AC1 DENSITY ALT 880FT SLP192
CYAW,2024-06-21 12:00,-63.4994,44.6397,CYAW 211200Z 04009KT 15SM BKN065 OVC110 21/14 A3010 RMK SC5AC3 DENSITY ALT 833FT OCNL -SHRA SLP192
CYAW,2024-06-21 13:00,-63.4994,44.6397,CYAW 211300Z 01008KT 15SM -SHRA BKN060 OVC110 20/11 A3012 RMK SC5AC3 DENSITY ALT 736FT SLP199
CYAW,2024-06-21 13:22,-63.4994,44.6397,CYAW 211322Z 36005KT 15SM SCT060 BKN110 21/12 A3012 RMK SC4AC3 DENSITY ALT 814FT SLP198
CYAW,2024-06-21 14:00,-63.4994,44.6397,CYAW 211400Z 36005KT 15SM SCT060 BKN075 BKN120 22/11 A3013 RMK SC3AC2AC2 DENSITY ALT 945FT SLP201
CYAW,2024-06-21 15:00,-63.4994,44.6397,CYAW 211500Z 35010KT 15SM FEW075 SCT160 SCT250 24/10 A3013 RMK AC1AC3CI1 DENSITY ALT 1115FT SLP201
CYAW,2024-06-21 16:00,-63.4994,44.6397,CYAW 211600Z 33010KT 15SM FEW055 FEW160 SCT250 25/10 A3012 RMK CF1AC1CI3 DENSITY ALT 1273FT SLP198
CYAW,2024-06-21 17:00,-63.4994,44.6397,CYAW 211700Z 01010KT 15SM FEW150 FEW250 26/10 A3011 RMK AC1CI2 DENSITY ALT 1352FT SLP195
CYAW,2024-06-21 18:00,-63.4994,44.6397,CYAW 211800Z 32008KT 15SM FEW150 FEW250 26/10 A3009 RMK AC1CI2 DENSITY ALT 1465FT SLP189
CYAW,2024-06-21 19:00,-63.4994,44.6397,CYAW 211900Z 31010KT 15SM FEW160 BKN250 27/10 A3008 RMK AC2CI3 DENSITY ALT 1543FT SLP186
CYAW,2024-06-21 20:00,-63.4994,44.6397,CYAW 212000Z 29012G18KT 15SM FEW160 BKN250 27/08 A3008 RMK AC2CI3 DENSITY ALT 1550FT SLP184
CYAW,2024-06-21 21:00,-63.4994,44.6397,CYAW 212100Z CCA 30011KT 15SM FEW160 SCT250 26/08 A3007 RMK AC2CI2 DENSITY ALT 1467FT LAST OBS/NXT 230800 UTC SLP183
CYAW,2024-06-23 09:00,-63.4994,44.6397,CYAW 230900Z 16002KT 15SM OVC005 13/13 A3001 RMK SF8 DENSITY ALT 69FT FST OBS SLP162
CYAW,2024-06-23 10:00,-63.4994,44.6397,CYAW 231000Z 18002KT 15SM BKN004 OVC100 13/13 A3001 RMK SF7AC1 DENSITY ALT 56FT FG BANK S QUAD SLP164
CYAW,2024-06-23 10:40,-63.4994,44.6397,CYAW 231040Z 17005KT 15SM SCT004 BKN170 BKN240 14/14 A3000 RMK SF3AC4CI1 DENSITY ALT 187FT FG BANK S QUAD LAST OBS /NEXT 240900 UTC SLP159
CYAW,2024-06-24 09:00,-63.4994,44.6397,CYAW 240900Z 23012G20KT 1SM -DZ BR OVC002 16/16 A2955 RMK SF8 DENSITY ALT 1011FT VIS VRB 3/4-1 1/2 FST OBS SLP005
CYAW,2024-06-24 10:00,-63.4994,44.6397,CYAW 241000Z 24013G20KT 1SM -DZ BR OVC002 16/16 A2955 RMK SF8 DENSITY ALT 985FT VIS VRB 3/4-1 1/2 SLP007
CYAW,2024-06-24 10:35,-63.4994,44.6397,CYAW 241035Z 22011G17KT 1 1/2SM -SHRA BR OVC002 17/17 A2954 RMK SF8 DENSITY ALT 1050FT SLP003
CYAW,2024-06-24 11:00,-63.4994,44.6397,CYAW 241100Z 22012KT 1 1/2SM -SHRA BR OVC002 17/17 A2955 RMK SF8 DENSITY ALT 1025FT SLP006
CYAW,2024-06-24 11:20,-63.4994,44.6397,CYAW 241120Z 23010G17KT 1SM BR OVC002 16/16 A2955 RMK SF8 DENSITY ALT 1011FT VIS VRB 3/4-1 1/2 CIG VRB 1-3 SLP008
CYAW,2024-06-24 12:00,-63.4994,44.6397,CYAW 241200Z 24008G22KT 4SM BR OVC003 17/17 A2955 RMK SF8 DENSITY ALT 1105FT VIS LWR N QUAD CIG VRB 2-4 SLP007
CYAW,2024-06-24 12:37,-63.4994,44.6397,CYAW 241237Z 24009G17KT 1 1/2SM BR OVC003 17/17 A2955 RMK SF8 DENSITY ALT 1065FT VIS VRB 1-2 CIG VRB 2-4 SLP005
CYAW,2024-06-24 13:00,-63.4994,44.6397,CYAW 241300Z 22009G19KT 4SM BR OVC003 17/17 A2955 RMK SF8 DENSITY ALT 1091FT CIG VRB 2-4 SLP006
CYAW,2024-06-24 14:00,-63.4994,44.6397,CYAW 241400Z 23009G16KT 1SM -DZ BR OVC003 17/17 A2957 RMK SF8 DENSITY ALT 1015FT VIS VRB 3/4-1 1/2 CIG VRB 2-4 SLP012
CYAW,2024-06-24 14:45,-63.4994,44.6397,CYAW 241445Z 22007G19KT 1 1/2SM BR OVC003 17/17 A2957 RMK SF8 DENSITY ALT 1015FT SLP014
CYAW,2024-06-24 15:00,-63.4994,44.6397,CYAW 241500Z 22009KT 2SM BR OVC002 16/16 A2958 RMK SF8 DENSITY ALT 937FT VIS VRB 1 1/2-2 1/2 SLP015
CYAW,2024-06-24 16:00,-63.4994,44.6397,CYAW 241600Z 22012KT 3SM BR OVC003 16/16 A2958 RMK SF8 DENSITY ALT 950FT SLP018
CYAW,2024-06-24 17:00,-63.4994,44.6397,CYAW 241700Z 24003KT 5SM BR OVC006 17/17 A2959 RMK SF8 DENSITY ALT 1017FT SLP020
CYAW,2024-06-24 18:00,-63.4994,44.6397,CYAW 241800Z 24011G23KT 5SM BR BKN004 OVC008 16/16 A2959 RMK SF6SF2 DENSITY ALT 965FT SLP020
CYAW,2024-06-24 19:00,-63.4994,44.6397,CYAW 241900Z CCA 23005KT 3SM BR OVC003 16/16 A2958 RMK SF8 DENSITY ALT 950FT LAST OBS/NXT 250900 UTC SLP018
CYAW,2024-06-25 09:00,-63.4994,44.6397,CYAW 250900Z 00000KT 1 1/2SM BR OVC004 14/14 A2960 RMK SF8 DENSITY ALT 620FT CIG VRB 3-5 FST OBS SLP023
CYAW,2024-06-25 10:00,-63.4994,44.6397,CYAW 251000Z 00000KT 3SM BR OVC006 15/15 A2960 RMK SF8 DENSITY ALT 741FT CIG VRB 4-8 SLP025
CYAW,2024-06-25 10:20,-63.4994,44.6397,CYAW 251020Z 08003KT 4SM BR OVC003 15/15 A2960 RMK SF8 DENSITY ALT 767FT CIG VRB 2-5 SLP026
CYAW,2024-06-25 11:00,-63.4994,44.6397,CYAW 251100Z 07005KT 1 1/2SM BR BKN002 OVC018 15/15 A2960 RMK SF7SC1 DENSITY ALT 807FT CIG VRB 1-3 SLP023
CYAW,2024-06-25 12:00,-63.4994,44.6397,CYAW 251200Z 08005KT 1 1/2SM BR OVC002 16/16 A2961 RMK SF8 DENSITY ALT 835FT VIS VRB 1-2 CIG VRB 1-3 SLP027
CYAW,2024-06-25 12:40,-63.4994,44.6397,CYAW 251240Z 16008KT 1/2SM -SHRA FG VV001 14/14 A2963 RMK FG8 DENSITY ALT 547FT PCPN VRY LGT SLP034
CYAW,2024-06-25 13:00,-63.4994,44.6397,CYAW 251300Z 12006KT 0SM -SHRA FG VV001 13/13 A2962 RMK FG8 DENSITY ALT 492FT PCPN VRY LGT SLP032
CYAW,2024-06-25 13:13,-63.4994,44.6397,CYAW 251313Z 11005KT 1/4SM -DZ FG VV001 14/13 A2962 RMK FG8 DENSITY ALT 544FT SLP031
CYAW,2024-06-25 13:30,-63.4994,44.6397,CYAW 251330Z 10003KT 1/8SM -DZ FG VV001 14/14 A2962 RMK FG8 DENSITY ALT 625FT VIS VRB 0-1/4 SLP031
CYAW,2024-06-25 15:00,-63.4994,44.6397,CYAW 251500Z 10005KT 3/8SM FG VV002 15/15 A2961 RMK FG8 DENSITY ALT 809FT VIS VRB 1/4-1/2 SLP029
CYAW,2024-06-25 15:40,-63.4994,44.6397,CYAW 251540Z 08005KT 1/4SM -DZ FG VV002 15/15 A2962 RMK FG8 DENSITY ALT 784FT VIS VRB 1/8-3/8 SLP032
CYAW,2024-06-25 16:00,-63.4994,44.6397,CYAW 251600Z 12006KT 1/4SM -DZ FG VV002 15/15 A2962 RMK FG8 DENSITY ALT 784FT VIS VRB 1/8-1/2 SLP030
CYAW,2024-06-25 16:52,-63.4994,44.6397,CYAW 251652Z 13004KT 1/2SM -DZ FG VV003 16/16 A2962 RMK FG8 DENSITY ALT 824FT VIS VRB 3/8-5/8 SLP031
CYAW,2024-06-25 17:00,-63.4994,44.6397,CYAW 251700Z 12004KT 3/4SM -DZ BR OVC003 16/16 A2962 RMK SF8 DENSITY ALT 877FT VIS VRB 1/2-1 SLP030
CYAW,2024-06-25 18:00,-63.4994,44.6397,CYAW 251800Z 00000KT 1 1/2SM BR OVC003 16/16 A2964 RMK SF8 DENSITY ALT 907FT LAST OBS/NXT 260900 UTC SLP039
CYAW,2024-06-26 09:00,-63.4994,44.6397,CYAW 260900Z 15004KT 1/8SM FG SCT150 BKN250 13/13 A2976 RMK FG2AC2CI3 DENSITY ALT 277FT VIS VRB 0-1/4 FST OBS SLP078
CYAW,2024-06-26 10:00,-63.4994,44.6397,CYAW 261000Z 00000KT 0SM FG OVC250 13/13 A2976 RMK FG6CI2 DENSITY ALT 344FT SLP080
CYAW,2024-06-26 10:38,-63.4994,44.6397,CYAW 261038Z 20005KT 1SM BR BKN250 14/14 A2977 RMK FG1CI5 DENSITY ALT 491FT VIS VRB 3/4-1 1/2 SLP082
CYAW,2024-06-26 11:00,-63.4994,44.6397,CYAW 261100Z 20004KT 9SM FEW001 BKN250 15/15 A2977 RMK SF1CI5 DENSITY ALT 531FT SLP082
CYAW,2024-06-26 12:00,-63.4994,44.6397,CYAW 261200Z 20005KT 15SM FEW020 FEW100 BKN250 16/16 A2976 RMK SC1AC1CI5 DENSITY ALT 729FT SLP080
CYAW,2024-06-26 13:00,-63.4994,44.6397,CYAW 261300Z 18005KT 15SM FEW020 SCT100 BKN250 18/16 A2975 RMK CF1AC3CI2 DENSITY ALT 1012FT SLP075
CYAW,2024-06-26 14:00,-63.4994,44.6397,CYAW 261400Z 19004KT 15SM BKN160 BKN250 18/16 A2974 RMK AC5CI1 DENSITY ALT 1002FT SLP071
CYAW,2024-06-26 15:00,-63.4994,44.6397,CYAW 261500Z 18006KT 15SM SCT160 BKN250 20/16 A2973 RMK AC3CI2 DENSITY ALT 1164FT SLP069
CYAW,2024-06-26 16:00,-63.4994,44.6397,CYAW 261600Z 19007KT 15SM FEW160 BKN250 20/16 A2972 RMK AC1CI4 DENSITY ALT 1230FT SLP064
CYAW,2024-06-26 17:00,-63.4994,44.6397,CYAW 261700Z 20009KT 15SM FEW160 SCT250 21/16 A2971 RMK AC1CI3 DENSITY ALT 1397FT SLP062
CYAW,2024-06-26 18:00,-63.4994,44.6397,CYAW 261800Z 20009G17KT 15SM FEW160 SCT250 22/16 A2970 RMK AC1CI3 DENSITY ALT 1482FT SLP057
CYAW,2024-06-26 19:00,-63.4994,44.6397,CYAW 261900Z 20009G20KT 15SM FEW030 BKN250 22/16 A2970 RMK CU1CI5 DENSITY ALT 1439FT SLP057
CYAW,2024-06-26 20:00,-63.4994,44.6397,CYAW 262000Z 21012KT 15SM FEW030 BKN250 21/16 A2970 RMK CU1CI6 DENSITY ALT 1332FT LAST OBS/NXT 271100 UTC SLP056
CYAW,2024-06-27 11:00,-63.4994,44.6397,CYAW 271100Z 21010G20KT 1/8SM -DZ FG VV001 16/16 A2969 RMK FG8 DENSITY ALT 730FT VIS VRB 0-1/4 FST OBS SLP054
CYAW,2024-06-27 12:00,-63.4994,44.6397,CYAW 271200Z 20007G18KT 1/8SM -DZ FG VV001 15/15 A2968 RMK FG8 DENSITY ALT 728FT VIS VRB 0-1/4 SLP050
CYAW,2024-06-27 13:00,-63.4994,44.6397,CYAW 271300Z 21012G22KT 1/8SM -DZ FG VV001 17/17 A2967 RMK FG8 DENSITY ALT 899FT VIS VRB 0-1/4 SLP049
CYAW,2024-06-27 14:00,-63.4994,44.6397,CYAW 271400Z 23015G27KT 3/4SM -DZ BR VV001 17/17 A2966 RMK FG8 DENSITY ALT 1018FT VIS VRB 1/2-1 SLP046
CYAW,2024-06-27 14:27,-63.4994,44.6397,CYAW 271427Z 23009G20KT 1 1/2SM -DZ BR VV002 17/17 A2966 RMK FG8 DENSITY ALT 977FT VIS VRB 1-2 SLP043
CYAW,2024-06-27 15:00,-63.4994,44.6397,CYAW 271500Z 21009G19KT 1 1/2SM -SHRA BR OVC002 16/16 A2965 RMK SF8 DENSITY ALT 829FT VIS VRB 1-2 SLP040
CYAW,2024-06-27 15:37,-63.4994,44.6397,CYAW 271537Z 24013G21KT 5SM -SHRA BR OVC003 16/16 A2966 RMK SF8 DENSITY ALT 818FT VIS VRB 3-7 CIG VRB 2-4 SLP043
CYAW,2024-06-27 16:00,-63.4994,44.6397,CYAW 271600Z 21009KT 6SM -SHRA BR BKN003 OVC010 16/16 A2965 RMK SF7SC1 DENSITY ALT 856FT CIG VRB 2-4 SLP041
CYAW,2024-06-27 17:00,-63.4994,44.6397,CYAW 271700Z 21004KT 9SM BKN004 OVC010 17/17 A2966 RMK SF7SC1 DENSITY ALT 911FT CIG VRB 3-5 SLP043
CYAW,2024-06-27 17:10,-63.4994,44.6397,CYAW 271710Z 20004KT 9SM -RA BKN004 OVC010 17/17 A2966 RMK SF7SC1 DENSITY ALT 937FT CIG VRB 3-5 SLP046
CYAW,2024-06-27 17:33,-63.4994,44.6397,CYAW 271733Z CCA 21007KT 10SM BKN004 OVC010 17/17 A2966 RMK SF7SC1 DENSITY ALT 991FT CIG VRB 3-5 LAST OBS /NEXT 020900 UTC SLP044
CYAW,2024-07-02 09:00,-63.4994,44.6397,CYAW 020900Z 36005KT 15SM FEW040 SCT090 BKN230 15/15 A3007 RMK SC2AC1CI3 DENSITY ALT 173FT FST OBS SLP182
CYAW,2024-07-02 10:00,-63.4994,44.6397,CYAW 021000Z 01004KT 15SM FEW040 SCT090 BKN230 15/15 A3008 RMK SC1AC2CI3 DENSITY ALT 213FT SLP187
CYAW,2024-07-02 11:00,-63.4994,44.6397,CYAW 021100Z 34005KT 15SM FEW040 FEW090 BKN240 15/15 A3010 RMK SC1AC1CI4 DENSITY ALT 229FT SLP192
CYAW,2024-07-02 12:00,-63.4994,44.6397,CYAW 021200Z 01006KT 15SM BKN006 OVC040 16/16 A3012 RMK SF7SC1 DENSITY ALT 335FT SLP199
CYAW,2024-07-02 13:00,-63.4994,44.6397,CYAW 021300Z 01008KT 15SM BKN009 BKN040 17/16 A3013 RMK SF6SC1 DENSITY ALT 422FT CIG VRB 6-12 SLP204
CYAW,2024-07-02 13:24,-63.4994,44.6397,CYAW 021324Z 03006KT 15SM FEW009 SCT240 18/16 A3014 RMK SF2CI2 DENSITY ALT 519FT SLP206
CYAW,2024-07-02 14:00,-63.4994,44.6397,CYAW 021400Z 01006KT 15SM SCT240 20/16 A3014 RMK CI3 DENSITY ALT 722FT SLP206
CYAW,2024-07-02 15:00,-63.4994,44.6397,CYAW 021500Z 05006KT 15SM FEW250 23/13 A3015 RMK CI2 DENSITY ALT 989FT SLP209
CYAW,2024-07-02 16:00,-63.4994,44.6397,CYAW 021600Z 06011KT 15SM FEW050 FEW250 24/11 A3014 RMK CF1CI2 DENSITY ALT 1123FT SLP206
CYAW,2024-07-02 17:00,-63.4994,44.6397,CYAW 021700Z 04009G15KT 15SM FEW050 SCT250 24/11 A3014 RMK CF1CI3 DENSITY ALT 1196FT SLP205
CYAW,2024-07-02 18:00,-63.4994,44.6397,CYAW 021800Z 02004KT 15SM FEW050 SCT250 25/12 A3012 RMK CF1CI3 DENSITY ALT 1301FT SLP201
CYAW,2024-07-02 19:00,-63.4994,44.6397,CYAW 021900Z 35006KT 15SM FEW060 SCT250 26/13 A3012 RMK CF1CI3 DENSITY ALT 1362FT SLP199
CYAW,2024-07-02 20:00,-63.4994,44.6397,CYAW 022000Z 17006KT 15SM FEW060 SCT250 23/13 A3013 RMK CF1CI3 DENSITY ALT 1023FT SLP203
CYAW,2024-07-02 21:00,-63.4994,44.6397,CYAW 022100Z 16008KT 15SM FEW060 FEW250 22/13 A3013 RMK CF1CI2 DENSITY ALT 969FT SLP204
CYAW,2024-07-02 22:00,-63.4994,44.6397,CYAW 022200Z 15005KT 15SM FEW250 21/14 A3014 RMK CI2 DENSITY ALT 834FT LAST OBS /NEXT 030900 UTC SLP206
CYAW,2024-07-03 09:00,-63.4994,44.6397,CYAW 030900Z 01002KT 15SM FEW250 12/12 A3021 RMK CI2 DENSITY ALT -279FT FST OBS SLP230
CYAW,2024-07-03 10:00,-63.4994,44.6397,CYAW 031000Z 04002KT 15SM FEW250 14/14 A3023 RMK CI1 DENSITY ALT -79FT SLP237
CYAW,2024-07-03 11:00,-63.4994,44.6397,CYAW 031100Z 03003KT 15SM FEW250 17/13 A3024 RMK CI1 DENSITY ALT 290FT SLP240
CYAW,2024-07-03 12:00,-63.4994,44.6397,CYAW 031200Z 01004KT 15SM FEW250 19/12 A3024 RMK CI1 DENSITY ALT 510FT SLP240
CYAW,2024-07-03 13:00,-63.4994,44.6397,CYAW 031300Z 35002KT 15SM FEW250 22/12 A3023 RMK CI1 DENSITY ALT 786FT SLP236
CYAW,2024-07-03 14:00,-63.4994,44.6397,CYAW 031400Z 05002KT 15SM FEW250 23/12 A3022 RMK CI1 DENSITY ALT 927FT SLP235
CYAW,2024-07-03 15:00,-63.4994,44.6397,CYAW 031500Z 20007KT 15SM SKC 21/14 A3022 RMK DENSITY ALT 791FT SLP234
CYAW,2024-07-03 16:00,-63.4994,44.6397,CYAW 031600Z 19005KT 15SM SKC 21/14 A3022 RMK DENSITY ALT 746FT SLP232
CYAW,2024-07-03 17:00,-63.4994,44.6397,CYAW 031700Z 19006KT 15SM FEW035 FEW250 21/13 A3020 RMK CF1CI1 DENSITY ALT 737FT SLP228
CYAW,2024-07-03 18:00,-63.4994,44.6397,CYAW 031800Z 17007KT 15SM FEW035 FEW250 21/12 A3019 RMK CF1CI1 DENSITY ALT 738FT SLP225
CYAW,2024-07-03 19:00,-63.4994,44.6397,CYAW 031900Z CCA 19006KT 15SM FEW035 FEW250 20/13 A3019 RMK CF1CI1 DENSITY ALT 679FT LAST OBS /NEXT 040900 UTC SLP225
CYAW,2024-07-04 09:00,-63.4994,44.6397,CYAW 040900Z 09004KT 15SM FEW180 BKN250 12/11 A3009 RMK AC1CI6 DENSITY ALT -242FT FST OBS SLP189
CYAW,2024-07-04 10:00,-63.4994,44.6397,CYAW 041000Z 00000KT 15SM FEW180 BKN250 13/12 A3009 RMK AC1CI7 DENSITY ALT -106FT SLP191
CYAW,2024-07-04 11:00,-63.4994,44.6397,CYAW 041100Z 00000KT 15SM BKN250 16/13 A3009 RMK CI7 DENSITY ALT 284FT SLP190
CYAW,2024-07-04 12:00,-63.4994,44.6397,CYAW 041200Z 14002KT 15SM BKN250 18/13 A3009 RMK CI7 DENSITY ALT 552FT SLP189
CYAW,2024-07-04 13:00,-63.4994,44.6397,CYAW 041300Z 13005KT 15SM BKN250 19/12 A3008 RMK CI7 DENSITY ALT 651FT SLP186
CYAW,2024-07-04 14:00,-63.4994,44.6397,CYAW 041400Z 13007KT 15SM FEW140 BKN250 18/12 A3006 RMK AC1CI7 DENSITY ALT 580FT SLP181
CYAW,2024-07-04 15:00,-63.4994,44.6397,CYAW 041500Z 15008KT 15SM FEW140 BKN250 19/13 A3005 RMK AC1CI6 DENSITY ALT 705FT SLP177
CYAW,2024-07-04 16:00,-63.4994,44.6397,CYAW 041600Z 11007KT 15SM FEW140 BKN250 18/13 A3004 RMK AC1CI7 DENSITY ALT 565FT SLP173
CYAW,2024-07-04 17:00,-63.4994,44.6397,CYAW 041700Z 14008KT 15SM FEW140 BKN250 19/14 A3001 RMK AC1CI6 DENSITY ALT 725FT SLP164
CYAW,2024-07-04 18:00,-63.4994,44.6397,CYAW 041800Z 13007KT 15SM FEW140 BKN250 18/14 A3000 RMK AC1CI7 DENSITY ALT 585FT FG BANK SE QUAD VIS 12 SLP160
CYAW,2024-07-04 19:00,-63.4994,44.6397,CYAW 041900Z CCA 12007KT 15SM FEW140 BKN250 16/14 A2998 RMK AC1CI7 DENSITY ALT 478FT FG BANK SE QUAD VIS 10 LAST OBS /NEXT 050900 UTC SLP151
CYAW,2024-07-05 09:00,-63.4994,44.6397,CYAW 050900Z 20003KT 15SM BKN055 15/12 A2994 RMK SC7 DENSITY ALT 338FT FST OBS SLP140
CYAW,2024-07-05 10:00,-63.4994,44.6397,CYAW 051000Z 21004KT 15SM OVC050 15/12 A2995 RMK SC8 DENSITY ALT 352FT SLP141
CYAW,2024-07-05 11:00,-63.4994,44.6397,CYAW 051100Z 21007KT 15SM OVC050 15/13 A2995 RMK SC8 DENSITY ALT 357FT SLP141
CYAW,2024-07-05 12:00,-63.4994,44.6397,CYAW 051200Z 23008KT 15SM OVC040 16/13 A2996 RMK SC8 DENSITY ALT 416FT SLP146
CYAW,2024-07-05 13:00,-63.4994,44.6397,CYAW 051300Z 24008KT 15SM -RA OVC045 16/13 A2998 RMK SC8 DENSITY ALT 393FT PCPN VRY LGT SLP151
CYAW,2024-07-05 13:39,-63.4994,44.6397,CYAW 051339Z 24008KT 10SM -SHRA OVC040 15/14 A2998 RMK SC8 DENSITY ALT 359FT SLP153
CYAW,2024-07-05 14:00,-63.4994,44.6397,CYAW 051400Z 23007KT 10SM -SHRA FEW008 OVC040 15/15 A2999 RMK SF1SC7 DENSITY ALT 300FT SLP155
CYAW,2024-07-05 14:37,-63.4994,44.6397,CYAW 051437Z 21007KT 10SM -RA SCT008 OVC035 15/15 A2998 RMK SF3SC5 DENSITY ALT 356FT PCPN VRY LGT SLP154
CYAW,2024-07-05 15:00,-63.4994,44.6397,CYAW 051500Z 22009KT 10SM -RA BKN008 OVC020 16/16 A2999 RMK SF6SC2 DENSITY ALT 384FT CIG VRB 6-10 LAST OBS /NEXT 080900 UTC SLP155
CYAW,2024-07-08 09:00,-63.4994,44.6397,CYAW 080900Z 28003KT 0SM FG VV001 19/19 A3005 RMK FG8 DENSITY ALT 797FT FST OBS SLP175
CYAW,2024-07-08 10:00,-63.4994,44.6397,CYAW 081000Z 25003KT 0SM FG VV001 19/19 A3006 RMK FG8 DENSITY ALT 759FT SLP179
CYAW,2024-07-08 11:00,-63.4994,44.6397,CYAW 081100Z 27004KT 0SM FG VV001 19/19 A3007 RMK FG8 DENSITY ALT 719FT SLP182
CYAW,2024-07-08 11:14,-63.4994,44.6397,CYAW 081114Z 26003KT 1/4SM FG VV001 19/19 A3007 RMK FG8 DENSITY ALT 719FT SLP182
CYAW,2024-07-08 11:29,-63.4994,44.6397,CYAW 081129Z 28004KT 1SM BR BKN002 19/19 A3007 RMK SF7 DENSITY ALT 734FT VIS HYR W QUAD SLP184
CYAW,2024-07-08 11:46,-63.4994,44.6397,CYAW 081146Z 27003KT 4SM BR BKN002 19/19 A3008 RMK SF7 DENSITY ALT 802FT SLP185
CYAW,2024-07-08 12:00,-63.4994,44.6397,CYAW 081200Z 28003KT 7SM VCFG SCT003 20/20 A3007 RMK SF3 DENSITY ALT 842FT VIS SE-S 2 SLP183
CYAW,2024-07-08 13:00,-63.4994,44.6397,CYAW 081300Z 24004KT 9SM FEW006 FEW250 23/21 A3007 RMK SF1CI1 DENSITY ALT 1291FT SLP182
CYAW,2024-07-08 14:00,-63.4994,44.6397,CYAW 081400Z 23005KT 15SM VCFG FEW015 FEW250 25/21 A3006 RMK CF1CI2 DENSITY ALT 1487FT FG BANK SE QUAD VIS 4 SLP180
CYAW,2024-07-08 15:00,-63.4994,44.6397,CYAW 081500Z 17007KT 15SM VCFG FEW015 SCT250 22/20 A3007 RMK SF1CI2 DENSITY ALT 1078FT FG BANK SE QUAD VIS 4 SLP182
CYAW,2024-07-08 16:00,-63.4994,44.6397,CYAW 081600Z 17009KT 15SM VCFG FEW015 FEW025 SCT250 20/18 A3007 RMK SF1CU2CI2 DENSITY ALT 862FT FG BANK SE QUAD VIS 4 SF TR SLP184
CYAW,2024-07-08 17:00,-63.4994,44.6397,CYAW 081700Z 17011KT 15SM VCFG FEW015 FEW025 SCT250 21/19 A3006 RMK SF1CU2CI2 DENSITY ALT 1054FT FG BANK S QUAD VIS 5 SLP181
CYAW,2024-07-08 18:00,-63.4994,44.6397,CYAW 081800Z 18009KT 15SM FEW015 FEW025 SCT250 22/19 A3005 RMK SF1CU2CI1 DENSITY ALT 1096FT SF TR SLP177
CYAW,2024-07-08 19:00,-63.4994,44.6397,CYAW 081900Z 17008KT 15SM FEW015 FEW025 SCT250 22/19 A3004 RMK SF1CU2CI2 DENSITY ALT 1112FT LAST OBS /NEXT 090900 UTC SLP174
CYAW,2024-07-09 09:00,-63.4994,44.6397,CYAW 090900Z 00000KT 3/8SM FG VV003 17/17 A3000 RMK FG8 DENSITY ALT 627FT FST OBS SLP158
CYAW,2024-07-09 09:38,-63.4994,44.6397,CYAW 090938Z 18003KT 1/8SM -DZ FG VV002 17/17 A2999 RMK FG8 DENSITY ALT 611FT SLP157
CYAW,2024-07-09 10:00,-63.4994,44.6397,CYAW 091000Z 17004KT 1/8SM -DZ FG VV002 16/16 A2999 RMK FG8 DENSITY ALT 491FT PCPN VRY LGT SLP157
CYAW,2024-07-09 11:00,-63.4994,44.6397,CYAW 091100Z 18003KT 1/4SM -DZ FG VV002 17/17 A3000 RMK FG8 DENSITY ALT 520FT PCPN VRY LGT SLP158
CYAW,2024-07-09 11:16,-63.4994,44.6397,CYAW 091116Z 00000KT 1/2SM FG VV003 17/17 A2999 RMK FG8 DENSITY ALT 558FT SLP157
CYAW,2024-07-09 11:43,-63.4994,44.6397,CYAW 091143Z 00000KT 3/4SM BR OVC004 17/17 A3000 RMK SF8 DENSITY ALT 600FT SLP158
CYAW,2024-07-09 12:00,-63.4994,44.6397,CYAW 091200Z 16003KT 1SM BR OVC004 18/18 A2999 RMK SF8 DENSITY ALT 678FT CIG VRB 3-5 SLP156
CYAW,2024-07-09 12:19,-63.4994,44.6397,CYAW 091219Z 18003KT 1 1/2SM BR OVC004 18/18 A2999 RMK SF8 DENSITY ALT 743FT CIG VRB 3-5 SLP156
CYAW,2024-07-09 12:43,-63.4994,44.6397,CYAW 091243Z 17003KT 2 1/2SM -DZ BR OVC003 18/18 A2998 RMK SF8 DENSITY ALT 757FT PCPN VRY LGT SLP154
CYAW,2024-07-09 13:00,-63.4994,44.6397,CYAW 091300Z 00000KT 2 1/2SM -DZ BR OVC003 19/19 A2998 RMK SF8 DENSITY ALT 851FT PCPN VRY LGT SLP153
CYAW,2024-07-09 13:27,-63.4994,44.6397,CYAW 091327Z 16003KT 3SM -DZ BR OVC005 19/19 A2998 RMK SF8 DENSITY ALT 904FT PCPN VRY LGT SLP151
CYAW,2024-07-09 14:00,-63.4994,44.6397,CYAW 091400Z 18003KT 7SM -DZ VCFG OVC006 20/20 A2997 RMK SF8 DENSITY ALT 1064FT FG BANK S QUAD VIS 3 PCPN VRY LGT SLP150
CYAW,2024-07-09 14:37,-63.4994,44.6397,CYAW 091437Z 19003KT 9SM VCFG OVC007 20/19 A2997 RMK SF8 DENSITY ALT 1022FT FG BANK S QUAD VIS 4 SLP149
CYAW,2024-07-09 15:00,-63.4994,44.6397,CYAW 091500Z 17004KT 15SM OVC007 20/19 A2997 RMK SF8 DENSITY ALT 1032FT FG BANK SE QUAD VIS 9 SLP148
CYAW,2024-07-09 15:40,-63.4994,44.6397,CYAW 091540Z 16004KT 15SM BKN010 OVC250 22/20 A2995 RMK SF6CI2 DENSITY ALT 1265FT SLP144
CYAW,2024-07-09 16:00,-63.4994,44.6397,CYAW 091600Z 17006KT 15SM SCT010 SCT015 BKN250 23/21 A2995 RMK SF3CF1CI4 DENSITY ALT 1366FT SLP143
CYAW,2024-07-09 17:00,-63.4994,44.6397,CYAW 091700Z 20008KT 15SM FEW015 SCT025 BKN250 23/21 A2994 RMK SF2CU2CI2 DENSITY ALT 1422FT SLP138
CYAW,2024-07-09 18:00,-63.4994,44.6397,CYAW 091800Z 19007KT 15SM FEW015 SCT025 BKN250 24/21 A2993 RMK SF2CU2CI3 DENSITY ALT 1519FT SLP136
CYAW,2024-07-09 19:00,-63.4994,44.6397,CYAW 091900Z 20011KT 15SM FEW015 SCT025 BKN250 24/21 A2991 RMK SF1CU3CI3 DENSITY ALT 1542FT SLP129
CYAW,2024-07-09 20:00,-63.4994,44.6397,CYAW 092000Z 22007KT 15SM FEW015 SCT030 BKN250 24/20 A2991 RMK SF1CU2CI4 DENSITY ALT 1546FT SLP129
CYAW,2024-07-09 21:00,-63.4994,44.6397,CYAW 092100Z CCA 26003KT 15SM FEW015 SCT030 BKN180 BKN250 24/20 A2990 RMK SF1CU2AC2CI2 DENSITY ALT 1504FT SLP124
CYAW,2024-07-09 22:00,-63.4994,44.6397,CYAW 092200Z 20004KT 15SM FEW015 FEW030 SCT180 BKN250 22/19 A2990 RMK SF1CU1AC3CI3 DENSITY ALT 1323FT SLP124
CYAW,2024-07-09 22:46,-63.4994,44.6397,CYAW 092246Z 23006KT 15SM FEW015 FEW030 SCT180 BKN240 21/19 A2990 RMK SF1CU1AC3CI3 DENSITY ALT 1240FT LAST OBS /NEXT 100900 UTC SLP124
CYAW,2024-07-10 09:00,-63.4994,44.6397,CYAW 100900Z 24008KT 1/2SM FG VV001 17/17 A2987 RMK FG8 DENSITY ALT 709FT FST OBS SLP114
CYAW,2024-07-10 10:00,-63.4994,44.6397,CYAW 101000Z 25005KT 1/2SM FG VV001 17/17 A2987 RMK FG8 DENSITY ALT 709FT SLP117
CYAW,2024-07-10 10:24,-63.4994,44.6397,CYAW 101024Z 26005KT 1SM BR OVC002 17/17 A2988 RMK SF8 DENSITY ALT 751FT SLP118
CYAW,2024-07-10 10:40,-63.4994,44.6397,CYAW 101040Z 25006KT 2SM BR OVC002 18/18 A2988 RMK SF8 DENSITY ALT 804FT SLP117
CYAW,2024-07-10 11:00,-63.4994,44.6397,CYAW 101100Z 22005KT 2 1/2SM BR OVC002 18/18 A2988 RMK SF8 DENSITY ALT 818FT SLP120
CYAW,2024-07-10 11:16,-63.4994,44.6397,CYAW 101116Z 23003KT 3SM BR OVC002 18/18 A2988 RMK SF8 DENSITY ALT 844FT SLP120
CYAW,2024-07-10 11:34,-63.4994,44.6397,CYAW 101134Z 25003KT 4SM BR OVC004 18/18 A2988 RMK SF8 DENSITY ALT 898FT SLP120
CYAW,2024-07-10 12:00,-63.4994,44.6397,CYAW 101200Z 22003KT 5SM BR OVC005 19/19 A2989 RMK SF8 DENSITY ALT 967FT SLP121
CYAW,2024-07-10 13:00,-63.4994,44.6397,CYAW 101300Z 19003KT 5SM BR OVC005 20/19 A2989 RMK SF8 DENSITY ALT 1112FT SLP123
CYAW,2024-07-10 13:27,-63.4994,44.6397,CYAW 101327Z 17004KT 9SM VCFG SCT005 BKN100 OVC250 21/20 A2989 RMK SF4AC3CI1 DENSITY ALT 1174FT FG BANK S QUAD VIS 5 SLP123
CYAW,2024-07-10 14:00,-63.4994,44.6397,CYAW 101400Z 17004KT 15SM FEW006 BKN100 BKN250 21/20 A2989 RMK SF1AC6CI1 DENSITY ALT 1204FT FG BANK S QUAD VIS 7 SLP121
CYAW,2024-07-10 15:00,-63.4994,44.6397,CYAW 101500Z 22005KT 15SM FEW020 SCT120 OVC250 23/21 A2990 RMK CU1AC3CI5 DENSITY ALT 1469FT SLP123
CYAW,2024-07-10 16:00,-63.4994,44.6397,CYAW 101600Z 23006KT 15SM FEW020 FEW120 BKN250 26/22 A2990 RMK CU1AC2CI5 DENSITY ALT 1856FT SLP124
CYAW,2024-07-10 17:00,-63.4994,44.6397,CYAW 101700Z 20005KT 15SM FEW020 FEW070 SCT180 BKN250 27/22 A2990 RMK CU1AC1AC1CI3 DENSITY ALT 1880FT SLP123
CYAW,2024-07-10 18:00,-63.4994,44.6397,CYAW 101800Z 20005KT 15SM FEW020 FEW180 BKN250 27/21 A2990 RMK CU1AC1CI4 DENSITY ALT 1965FT SLP123
CYAW,2024-07-10 19:00,-63.4994,44.6397,CYAW 101900Z 19008KT 15SM FEW020 SCT250 25/21 A2989 RMK CU1CI3 DENSITY ALT 1736FT SLP122
CYAW,2024-07-10 20:00,-63.4994,44.6397,CYAW 102000Z 19005KT 15SM FEW020 BKN240 25/20 A2989 RMK CU1CI5 DENSITY ALT 1669FT SLP122
CYAW,2024-07-10 21:00,-63.4994,44.6397,CYAW 102100Z 21007KT 15SM FEW020 SCT160 BKN240 24/20 A2990 RMK CU1AC2CI4 DENSITY ALT 1599FT SLP123
CYAW,2024-07-10 21:48,-63.4994,44.6397,CYAW 102148Z 23007KT 15SM FEW020 SCT160 BKN240 24/20 A2990 RMK CU1AC2CI4 DENSITY ALT 1511FT LAST OBS /NEXT 110900 UTC SLP124
CYAW,2024-07-11 09:45,-63.4994,44.6397,CYAW 110945Z 23005KT 2 1/2SM BR OVC002 18/18 A2999 RMK SF8 DENSITY ALT 651FT SLP157
CYAW,2024-07-11 10:40,-63.4994,44.6397,CYAW 111040Z 22006KT 1 1/2SM BR OVC002 18/18 A3000 RMK SF8 DENSITY ALT 693FT VIS LWR N QUAD SLP160
CYAW,2024-07-11 11:31,-63.4994,44.6397,CYAW 111131Z 21006KT 3SM BR OVC002 18/18 A3002 RMK SF8 DENSITY ALT 711FT SLP165
CYAW,2024-07-11 11:45,-63.4994,44.6397,CYAW 111145Z 20004KT 7SM BKN003 OVC250 19/19 A3002 RMK SF7CI1 DENSITY ALT 816FT SLP167
CYAW,2024-07-11 12:19,-63.4994,44.6397,CYAW 111219Z 18006KT 10SM BKN007 BKN150 OVC250 19/18 A3002 RMK SF6AC1CI1 DENSITY ALT 820FT SLP166
CYAW,2024-07-11 19:00,-63.4994,44.6397,CYAW 111900Z CCA 20008G16KT 10SM SCT008 SCT055 BKN090 OVC240 21/20 A3002 RMK SF3SC1AC2CI2 DENSITY ALT 1114FT LAST OBS /NEXT 120900 UTC SLP165
CYAW,2024-07-12 09:00,-63.4994,44.6397,CYAW 120900Z CCA 22006KT 4SM BR OVC003 17/17 A3009 RMK SF8 DENSITY ALT 483FT VIS LWR S QUAD FST OBS SLP190
CYAW,2024-07-12 10:00,-63.4994,44.6397,CYAW 121000Z 22006KT 5SM BR BKN003 OVC014 17/17 A3011 RMK SF7SC1 DENSITY ALT 447FT SLP197
CYAW,2024-07-12 11:00,-63.4994,44.6397,CYAW 121100Z 20004KT 5SM BR OVC003 18/18 A3014 RMK SF8 DENSITY ALT 507FT SLP205
CYAW,2024-07-12 12:00,-63.4994,44.6397,CYAW 121200Z 20004KT 7SM OVC005 19/19 A3014 RMK SF8 DENSITY ALT 695FT SLP207
CYAW,2024-07-12 13:00,-63.4994,44.6397,CYAW 121300Z 21008KT 7SM OVC008 20/20 A3015 RMK SF8 DENSITY ALT 836FT SLP209
CYAW,2024-07-12 14:00,-63.4994,44.6397,CYAW 121400Z 24007G15KT 9SM OVC007 22/21 A3016 RMK SF8 DENSITY ALT 1004FT SLP212
CYAW,2024-07-12 15:00,-63.4994,44.6397,CYAW 121500Z 24008KT 15SM SCT008 BKN015 26/22 A3017 RMK SF3SC2 DENSITY ALT 1496FT SLP215
CYAW,2024-07-12 16:00,-63.4994,44.6397,CYAW 121600Z 24008KT 15SM FEW008 FEW015 SCT080 26/23 A3016 RMK SF1SC1AC3 DENSITY ALT 1567FT SLP213
CYAW,2024-07-12 17:00,-63.4994,44.6397,CYAW 121700Z 23010KT 15SM FEW020 BKN085 27/22 A3015 RMK CU2AC3 DENSITY ALT 1644FT SLP210
CYAW,2024-07-12 18:00,-63.4994,44.6397,CYAW 121800Z 23011G19KT 15SM FEW020 BKN080 26/22 A3014 RMK CU1AC4 DENSITY ALT 1556FT SLP208
CYAW,2024-07-12 19:00,-63.4994,44.6397,CYAW 121900Z 23009KT 15SM FEW020 SCT080 26/22 A3014 RMK CU1AC2 DENSITY ALT 1572FT LAST OBS /NEXT 150900 UTC SLP207
CYAW,2024-07-15 09:00,-63.4994,44.6397,CYAW 150900Z 17003KT 10SM FEW060 SCT250 19/19 A2985 RMK SC1CI2 DENSITY ALT 1016FT FST OBS SLP109
CYAW,2024-07-15 10:00,-63.4994,44.6397,CYAW 151000Z 00000KT 15SM FEW060 FEW250 20/19 A2986 RMK SC1CI1 DENSITY ALT 1101FT SLP110
CYAW,2024-07-15 11:00,-63.4994,44.6397,CYAW 151100Z 17003KT 15SM FEW060 SCT250 21/19 A2987 RMK SC1CI3 DENSITY ALT 1208FT SLP113
CYAW,2024-07-15 12:00,-63.4994,44.6397,CYAW 151200Z 21003KT 15SM BKN250 24/20 A2987 RMK CI5 DENSITY ALT 1536FT SLP115
CYAW,2024-07-15 13:00,-63.4994,44.6397,CYAW 151300Z 23004KT 15SM BKN250 26/21 A2987 RMK CI7 DENSITY ALT 1819FT SLP116
CYAW,2024-07-15 14:00,-63.4994,44.6397,CYAW 151400Z 24005KT 10SM BKN250 28/21 A2988 RMK CI5 DENSITY ALT 2000FT SLP117
CYAW,2024-07-15 15:00,-63.4994,44.6397,CYAW 151500Z 18005KT 12SM FEW028 BKN250 28/21 A2987 RMK CU1CI5 DENSITY ALT 2056FT SLP115
CYAW,2024-07-15 16:00,-63.4994,44.6397,CYAW 151600Z 22010KT 12SM FEW036 BKN250 29/20 A2986 RMK CU1CI5 DENSITY ALT 2182FT SLP112
CYAW,2024-07-15 17:00,-63.4994,44.6397,CYAW 151700Z 21011G16KT 12SM FEW036 BKN250 27/20 A2986 RMK CU1CI6 DENSITY ALT 1938FT SLP110
CYAW,2024-07-15 18:00,-63.4994,44.6397,CYAW 151800Z 24011KT 12SM FEW036 FEW180 SCT250 27/19 A2986 RMK CU1AC1CI3 DENSITY ALT 1948FT SLP112
CYAW,2024-07-15 19:00,-63.4994,44.6397,CYAW 151900Z CCA 22012G18KT 15SM FEW036 FEW180 SCT250 26/19 A2985 RMK CU1AC1CI4 DENSITY ALT 1839FT CU TR AC TR LAST OBS /NEXT 161000 UTC SLP108
CYAW,2024-07-16 10:00,-63.4994,44.6397,CYAW 161000Z 20003KT 1/8SM FG VV001 17/17 A2985 RMK FG8 DENSITY ALT 705FT FST OBS SLP107
CYAW,2024-07-16 10:26,-63.4994,44.6397,CYAW 161026Z 18004KT 1/8SM -DZ FG VV001 16/16 A2986 RMK FG8 DENSITY ALT 627FT PCPN VRY LGT SLP110
CYAW,2024-07-16 11:00,-63.4994,44.6397,CYAW 161100Z 18003KT 1/4SM FG VV001 17/17 A2986 RMK FG8 DENSITY ALT 680FT SLP111
CYAW,2024-07-16 11:13,-63.4994,44.6397,CYAW 161113Z 17004KT 3/4SM -SHRA BR OVC002 17/17 A2987 RMK SF8 DENSITY ALT 682FT SLP114
CYAW,2024-07-16 11:33,-63.4994,44.6397,CYAW 161133Z 17005KT 1/2SM -SHRA FG VV001 16/16 A2987 RMK FG8 DENSITY ALT 602FT SLP113
CYAW,2024-07-16 11:39,-63.4994,44.6397,CYAW 161139Z 20004KT 1/8SM -SHRA FG VV001 16/16 A2987 RMK FG8 DENSITY ALT 629FT PCPN VRY LGT SLP114
CYAW,2024-07-16 12:00,-63.4994,44.6397,CYAW 161200Z 23004KT 1/4SM FG VV001 18/18 A2987 RMK FG8 DENSITY ALT 856FT SLP116
CYAW,2024-07-16 12:13,-63.4994,44.6397,CYAW 161213Z 21008KT 1/8SM FG VV001 18/18 A2987 RMK FG8 DENSITY ALT 881FT SLP114
CYAW,2024-07-16 13:00,-63.4994,44.6397,CYAW 161300Z 21009KT 1/4SM FG VV001 18/18 A2986 RMK FG8 DENSITY ALT 881FT VIS VRB 1/8-3/8 SLP112
CYAW,2024-07-16 14:00,-63.4994,44.6397,CYAW 161400Z 20006KT 1SM BR OVC001 18/18 A2986 RMK SF8 DENSITY ALT 921FT VIS VRB 3/4-1 1/4 SLP111
CYAW,2024-07-16 14:13,-63.4994,44.6397,CYAW 161413Z 21009KT 2SM BR OVC002 19/19 A2986 RMK SF8 DENSITY ALT 975FT SLP113
CYAW,2024-07-16 15:00,-63.4994,44.6397,CYAW 161500Z 21010KT 2SM BR OVC002 19/19 A2985 RMK SF8 DENSITY ALT 1053FT SLP110
CYAW,2024-07-16 15:38,-63.4994,44.6397,CYAW 161538Z 21008KT 4SM BR OVC003 20/20 A2985 RMK SF8 DENSITY ALT 1094FT SLP109
CYAW,2024-07-16 16:00,-63.4994,44.6397,CYAW 161600Z 20007KT 4SM BR OVC003 20/20 A2984 RMK SF8 DENSITY ALT 1132FT SLP106
CYAW,2024-07-16 17:00,-63.4994,44.6397,CYAW 161700Z 20008KT 4SM BR OVC003 20/19 A2983 RMK SF8 DENSITY ALT 1101FT SLP102
CYAW,2024-07-16 17:11,-63.4994,44.6397,CYAW 161711Z 19007KT 2SM BR OVC003 19/19 A2983 RMK SF8 DENSITY ALT 1023FT SLP101
CYAW,2024-07-16 17:38,-63.4994,44.6397,CYAW 161738Z 18006KT 1 1/2SM BR OVC002 18/18 A2982 RMK SF8 DENSITY ALT 967FT VIS VRB 1-2 SLP100
CYAW,2024-07-16 17:49,-63.4994,44.6397,CYAW 161749Z 18006KT 1SM BR OVC002 18/18 A2982 RMK FG3SF5 DENSITY ALT 967FT VIS VRB 3/4-1 1/4 SLP100
CYAW,2024-07-16 18:00,-63.4994,44.6397,CYAW 161800Z 18006KT 1SM BR OVC002 19/19 A2982 RMK FG3SF5 DENSITY ALT 980FT VIS VRB 3/4-1 1/4 SLP099
CYAW,2024-07-16 18:29,-63.4994,44.6397,CYAW 161829Z CCA 19006KT 1SM BR OVC002 19/19 A2981 RMK FG3SF5 DENSITY ALT 1086FT VIS VRB 3/4-1 1/4 LAST OBS /NEXT 171000 UTC SLP096
CYAW,2024-07-17 10:00,-63.4994,44.6397,CYAW 171000Z 20003KT 1/4SM FG VV001 17/17 A2978 RMK FG8 DENSITY ALT 772FT FST OBS SLP084
CYAW,2024-07-17 10:17,-63.4994,44.6397,CYAW 171017Z 23008KT 1/4SM -DZ FG VV001 17/17 A2979 RMK FG8 DENSITY ALT 828FT PCPN VRY LGT SLP087
CYAW,2024-07-17 11:00,-63.4994,44.6397,CYAW 171100Z 21005KT 1/2SM -DZ FG VV001 18/18 A2977 RMK FG8 DENSITY ALT 904FT VIS VRB 3/8-5/8 SLP081
CYAW,2024-07-17 11:38,-63.4994,44.6397,CYAW 171138Z 22004KT 1/2SM FG VV001 17/17 A2978 RMK FG8 DENSITY ALT 799FT VIS VRB 3/8-5/8 SLP085
CYAW,2024-07-17 12:00,-63.4994,44.6397,CYAW 171200Z 23006KT 1/2SM -DZ FG VV001 17/17 A2978 RMK FG8 DENSITY ALT 812FT VIS VRB 3/8-5/8 SLP085
CYAW,2024-07-17 12:16,-63.4994,44.6397,CYAW 171216Z 23004KT 3/4SM -DZ BR OVC001 17/17 A2977 RMK SF8 DENSITY ALT 862FT SLP083
CYAW,2024-07-17 12:46,-63.4994,44.6397,CYAW 171246Z 23004KT 2SM BR OVC001 18/18 A2977 RMK SF8 DENSITY ALT 917FT SLP082
CYAW,2024-07-17 13:00,-63.4994,44.6397,CYAW 171300Z 20005KT 4SM BR OVC002 17/17 A2977 RMK SF8 DENSITY ALT 891FT VIS LWR NE QUAD SLP082
CYAW,2024-07-17 13:29,-63.4994,44.6397,CYAW 171329Z 24008KT 4SM BR OVC003 18/18 A2976 RMK SF8 DENSITY ALT 982FT SLP080
CYAW,2024-07-17 14:00,-63.4994,44.6397,CYAW 171400Z 21008KT 4SM BR OVC003 19/19 A2976 RMK SF8 DENSITY ALT 1117FT SLP079
CYAW,2024-07-17 14:19,-63.4994,44.6397,CYAW 171419Z 21006KT 5SM BR OVC004 20/19 A2977 RMK SF8 DENSITY ALT 1167FT SLP081
CYAW,2024-07-17 14:47,-63.4994,44.6397,CYAW 171447Z 20007KT 5SM BR OVC006 20/20 A2977 RMK SF8 DENSITY ALT 1254FT SLP082
CYAW,2024-07-17 15:00,-63.4994,44.6397,CYAW 171500Z 21008KT 5SM BR OVC007 20/20 A2977 RMK SF8 DENSITY ALT 1269FT LAST OBS /NEXT 181000 UTC SLP081
CYAW,2024-07-18 10:00,-63.4994,44.6397,CYAW 181000Z 20005KT 1/8SM FG VV001 16/16 A2984 RMK FG8 DENSITY ALT 637FT FST OBS SLP106
CYAW,2024-07-18 10:28,-63.4994,44.6397,CYAW 181028Z 20006KT 1/8SM -SHRA FG VV001 17/17 A2984 RMK FG8 DENSITY ALT 690FT SLP106
CYAW,2024-07-18 11:00,-63.4994,44.6397,CYAW 181100Z 21006KT 1/8SM FG VV001 17/17 A2985 RMK FG8 DENSITY ALT 692FT OCNL -SHRA SLP107
CYAW,2024-07-18 11:29,-63.4994,44.6397,CYAW 181129Z 21008KT 1/8SM -DZ FG VV001 17/17 A2985 RMK FG8 DENSITY ALT 732FT SLP108
CYAW,2024-07-18 11:47,-63.4994,44.6397,CYAW 181147Z 21007KT 3/8SM FG VV001 18/18 A2985 RMK FG8 DENSITY ALT 812FT SLP109
CYAW,2024-07-18 12:00,-63.4994,44.6397,CYAW 181200Z 23007KT 1SM BR OVC002 18/18 A2984 RMK SF8 DENSITY ALT 862FT VIS HYR S-SW SLP106
CYAW,2024-07-18 12:11,-63.4994,44.6397,CYAW 181211Z 24010KT 2SM BR OVC002 18/18 A2984 RMK SF8 DENSITY ALT 931FT VIS LWR N QUAD SLP105
CYAW,2024-07-18 13:00,-63.4994,44.6397,CYAW 181300Z 23008G16KT 4SM BR OVC003 19/19 A2983 RMK SF8 DENSITY ALT 1009FT VIS LWR N QUAD SLP102
CYAW,2024-07-18 14:00,-63.4994,44.6397,CYAW 181400Z 23008KT 5SM BR OVC004 20/19 A2983 RMK SF8 DENSITY ALT 1111FT SLP100
CYAW,2024-07-18 14:13,-63.4994,44.6397,CYAW 181413Z 23009KT 5SM BR OVC005 20/20 A2983 RMK SF8 DENSITY ALT 1200FT SLP101
CYAW,2024-07-18 15:00,-63.4994,44.6397,CYAW 181500Z 21007KT 5SM BR OVC006 20/19 A2984 RMK SF8 DENSITY ALT 1168FT CIG VRB 4-8 SLP105
CYAW,2024-07-18 16:00,-63.4994,44.6397,CYAW 181600Z 20007KT 5SM BR OVC006 19/19 A2986 RMK SF8 DENSITY ALT 1040FT CIG VRB 4-8 SLP111
CYAW,2024-07-18 17:00,-63.4994,44.6397,CYAW 181700Z 21005KT 5SM -SHRA BR SCT008 BKN020 BKN100 22/21 A2984 RMK SF4SC2AC1 DENSITY ALT 1379FT SLP104
CYAW,2024-07-18 18:00,-63.4994,44.6397,CYAW 181800Z 21010KT 5SM -SHRA BR SCT007 BKN015 OVC100 20/19 A2984 RMK SF4SC3AC1 DENSITY ALT 1170FT SLP104
CYAW,2024-07-18 18:13,-63.4994,44.6397,CYAW 181813Z 22008KT 5SM BR BKN006 OVC015 20/19 A2983 RMK SF6SC2 DENSITY ALT 1171FT SLP103
CYAW,2024-07-18 19:00,-63.4994,44.6397,CYAW 181900Z 22010G19KT 5SM BR BKN006 OVC015 20/20 A2982 RMK SF5SC3 DENSITY ALT 1175FT LAST OBS /NEXT 190900 UTC SLP100
CYAW,2024-07-19 09:00,-63.4994,44.6397,CYAW 190900Z 29003KT 15SM FEW001 SCT180 BKN240 17/17 A2987 RMK SF1AC4CI3 DENSITY ALT 749FT FG BANK SE QUAD FST OBS SLP115
CYAW,2024-07-19 10:00,-63.4994,44.6397,CYAW 191000Z 23002KT 10SM FEW001 BKN140 BKN240 17/17 A2989 RMK SF1AC5CI1 DENSITY ALT 739FT FG BANK S QUAD SLP123
CYAW,2024-07-19 11:00,-63.4994,44.6397,CYAW 191100Z 25005KT 15SM FEW001 BKN140 OVC240 18/18 A2991 RMK SF1AC6CI2 DENSITY ALT 864FT FG BANK S QUAD SLP130
CYAW,2024-07-19 12:00,-63.4994,44.6397,CYAW 191200Z 28005KT 15SM BKN140 BKN240 19/18 A2993 RMK AC5CS2 DENSITY ALT 929FT SLP136
CYAW,2024-07-19 13:00,-63.4994,44.6397,CYAW 191300Z 25003KT 15SM FEW065 SCT140 BKN240 20/18 A2994 RMK SC1AC3CS4 DENSITY ALT 1043FT SLP140
CYAW,2024-07-19 14:00,-63.4994,44.6397,CYAW 191400Z 28004KT 15SM FEW065 SCT140 BKN240 22/17 A2995 RMK SC1AC4CI3 DENSITY ALT 1218FT SLP143
CYAW,2024-07-19 15:00,-63.4994,44.6397,CYAW 191500Z 25007KT 15SM FEW045 FEW160 BKN250 25/17 A2995 RMK CF1AC1CI5 DENSITY ALT 1504FT SLP141
CYAW,2024-07-19 16:00,-63.4994,44.6397,CYAW 191600Z 26011KT 15SM FEW045 FEW160 SCT250 27/15 A2994 RMK CU1AC1CI4 DENSITY ALT 1718FT SLP139
CYAW,2024-07-19 17:00,-63.4994,44.6397,CYAW 191700Z 26010KT 15SM FEW050 SCT250 27/15 A2994 RMK CU1CI4 DENSITY ALT 1774FT SLP138
CYAW,2024-07-19 18:00,-63.4994,44.6397,CYAW 191800Z 26011G17KT 15SM FEW060 SCT250 27/15 A2994 RMK CU1CI3 DENSITY ALT 1805FT SLP137
CYAW,2024-07-19 19:00,-63.4994,44.6397,CYAW 191900Z CCA 26007G15KT 15SM FEW060 SCT250 28/15 A2994 RMK CU1CI3 DENSITY ALT 1898FT LAST OBS /NEXT 220900 UTC SLP138
CYAW,2024-07-22 09:00,-63.4994,44.6397,CYAW 220900Z 31004KT 15SM FEW230 14/11 A2999 RMK CI2 DENSITY ALT 189FT FST OBS SLP156
CYAW,2024-07-22 10:00,-63.4994,44.6397,CYAW 221000Z 30004KT 15SM FEW230 16/12 A3001 RMK CI2 DENSITY ALT 329FT SLP161
CYAW,2024-07-22 11:00,-63.4994,44.6397,CYAW 221100Z 26004KT 15SM FEW230 18/13 A3002 RMK CI2 DENSITY ALT 563FT SLP167
CYAW,2024-07-22 12:00,-63.4994,44.6397,CYAW 221200Z 31007KT 15SM FEW250 19/12 A3003 RMK CI1 DENSITY ALT 744FT SLP171
CYAW,2024-07-22 13:00,-63.4994,44.6397,CYAW 221300Z 23005KT 15SM FEW250 21/12 A3003 RMK CI1 DENSITY ALT 920FT SLP170
CYAW,2024-07-22 14:00,-63.4994,44.6397,CYAW 221400Z 26011KT 15SM FEW030 FEW250 23/11 A3003 RMK CF1CI1 DENSITY ALT 1166FT SLP170
CYAW,2024-07-22 15:00,-63.4994,44.6397,CYAW 221500Z 27011KT 15SM FEW045 FEW250 24/11 A3003 RMK CF1CI2 DENSITY ALT 1252FT SLP170
CYAW,2024-07-22 16:00,-63.4994,44.6397,CYAW 221600Z 27012G18KT 15SM FEW055 FEW250 25/12 A3003 RMK CU1CI1 DENSITY ALT 1420FT SLP168
CYAW,2024-07-22 17:00,-63.4994,44.6397,CYAW 221700Z 24013KT 15SM FEW060 FEW250 25/13 A3002 RMK CU1CI2 DENSITY ALT 1398FT SLP165
CYAW,2024-07-22 18:00,-63.4994,44.6397,CYAW 221800Z 23013G22KT 15SM FEW060 SCT250 25/12 A3001 RMK CU1CI3 DENSITY ALT 1402FT SLP163
CYAW,2024-07-22 19:00,-63.4994,44.6397,CYAW 221900Z 23012G23KT 15SM FEW060 SCT250 24/12 A3002 RMK CF1CI3 DENSITY ALT 1327FT LAST OBS /NEXT 231000 UTC SLP166
CYAW,2024-07-23 10:00,-63.4994,44.6397,CYAW 231000Z 00000KT 15SM FEW100 OVC220 14/13 A3014 RMK AC1CS7 DENSITY ALT -9FT FST OBS SLP208
CYAW,2024-07-23 11:00,-63.4994,44.6397,CYAW 231100Z 17002KT 15SM FEW120 OVC200 16/14 A3016 RMK AC2CS6 DENSITY ALT 246FT SLP214
CYAW,2024-07-23 12:00,-63.4994,44.6397,CYAW 231200Z 17006KT 15SM FEW120 OVC190 17/13 A3018 RMK AC2AS6 DENSITY ALT 259FT FG BANK DIST S SLP219
CYAW,2024-07-23 13:00,-63.4994,44.6397,CYAW 231300Z 17004KT 15SM SCT120 OVC180 18/14 A3017 RMK AC3AS5 DENSITY ALT 430FT FG BANK DIST S QUAD SLP218
CYAW,2024-07-23 14:00,-63.4994,44.6397,CYAW 231400Z 20003KT 15SM BKN095 OVC160 20/15 A3016 RMK AC5AS3 DENSITY ALT 660FT FG BANK DIST S QUAD SLP214
CYAW,2024-07-23 15:00,-63.4994,44.6397,CYAW 231500Z 17006KT 15SM VCFG FEW006 OVC086 18/17 A3016 RMK SF1AC7 DENSITY ALT 478FT FG BANK S VIS 2 SLP214
CYAW,2024-07-23 15:26,-63.4994,44.6397,CYAW 231526Z CCA 16005KT 15SM -SHRA VCFG FEW004 BKN085 OVC250 17/17 A3017 RMK SF1AC5CI2 DENSITY ALT 421FT FG BANK S VIS 2 PCPN VRY LGT SLP215
CYAW,2024-07-23 16:00,-63.4994,44.6397,CYAW 231600Z 17006KT 15SM VCFG FEW004 BKN085 OVC120 18/17 A3016 RMK SF2AC3AC3 DENSITY ALT 473FT FG BANK S VIS 2 OCNL -SHRA SLP213
CYAW,2024-07-23 16:37,-63.4994,44.6397,CYAW 231637Z 18005KT 15SM VCFG FEW004 SCT085 OVC110 19/18 A3016 RMK SF2AC2AC4 DENSITY ALT 591FT FG BANK S VIS 2 SLP213
CYAW,2024-07-23 17:00,-63.4994,44.6397,CYAW 231700Z 17007KT 15SM -RA VCFG FEW003 SCT080 OVC100 19/18 A3016 RMK SF2AC1AC5 DENSITY ALT 630FT FG BANK S VIS 1 PCPN VRY LGT SLP213
CYAW,2024-07-23 17:38,-63.4994,44.6397,CYAW 231738Z 18007KT 1SM BR BKN003 OVC080 18/18 A3017 RMK SF7AC1 DENSITY ALT 523FT VIS N 15 SLP216
CYAW,2024-07-23 17:48,-63.4994,44.6397,CYAW 231748Z 18007KT 1SM BR OVC002 18/18 A3017 RMK SF8 DENSITY ALT 459FT SLP217
CYAW,2024-07-23 18:00,-63.4994,44.6397,CYAW 231800Z 20006KT 1/8SM -RA FG VV001 17/17 A3017 RMK FG8 DENSITY ALT 432FT SLP218
CYAW,2024-07-23 18:20,-63.4994,44.6397,CYAW 231820Z 19004KT 1/2SM -RA FG VV001 18/18 A3017 RMK FG8 DENSITY ALT 446FT VIS VRB 3/8-5/8 SLP216
CYAW,2024-07-23 18:31,-63.4994,44.6397,CYAW 231831Z 19003KT 2SM -RA BR OVC002 18/18 A3017 RMK SF8 DENSITY ALT 472FT SLP216
CYAW,2024-07-23 18:44,-63.4994,44.6397,CYAW 231844Z 18003KT 4SM -RA BR OVC002 18/18 A3016 RMK SF8 DENSITY ALT 511FT VIS LWR S SLP214
CYAW,2024-07-23 19:00,-63.4994,44.6397,CYAW 231900Z 19003KT 4SM -RA BR OVC002 18/18 A3016 RMK SF8 DENSITY ALT 551FT FG BANK S VIS 1 SLP214
CYAW,2024-07-23 19:29,-63.4994,44.6397,CYAW 231929Z CCA 22003KT 7SM -RA VCFG BKN004 OVC075 19/18 A3016 RMK SF6AC2 DENSITY ALT 589FT FG BANK S VIS 1 LAST OBS /NEXT 241400 UTC SLP214
CYAW,2024-07-24 14:00,-63.4994,44.6397,CYAW 241400Z 06005KT 15SM FEW015 BKN250 22/15 A3022 RMK CF1CI7 DENSITY ALT 894FT FST OBS SLP235
CYAW,2024-07-24 15:00,-63.4994,44.6397,CYAW 241500Z 10003KT 15SM FEW030 BKN250 23/15 A3023 RMK CU1CI6 DENSITY ALT 1009FT SLP238
CYAW,2024-07-24 16:00,-63.4994,44.6397,CYAW 241600Z 20006KT 15SM FEW030 FEW100 BKN250 23/16 A3023 RMK CU1AC1CI5 DENSITY ALT 974FT CU TR SLP238
CYAW,2024-07-24 17:00,-63.4994,44.6397,CYAW 241700Z 20007KT 15SM FEW030 FEW100 BKN250 24/16 A3023 RMK CU1AC1CI6 DENSITY ALT 1054FT SLP236
CYAW,2024-07-24 18:00,-63.4994,44.6397,CYAW 241800Z 18008KT 15SM FEW030 FEW100 BKN230 23/16 A3022 RMK CU1AC1CI5 DENSITY ALT 1010FT CC ASOCTD AC TR SLP235
CYAW,2024-07-24 19:00,-63.4994,44.6397,CYAW 241900Z 19006KT 15SM FEW030 SCT160 BKN230 22/16 A3022 RMK CU1AC4CI3 DENSITY ALT 893FT SLP234
CYAW,2024-07-24 20:00,-63.4994,44.6397,CYAW 242000Z 17007KT 15SM FEW030 SCT180 BKN250 22/16 A3022 RMK CU1AC4CI3 DENSITY ALT 875FT SLP235
CYAW,2024-07-24 21:00,-63.4994,44.6397,CYAW 242100Z 20007KT 15SM FEW030 BKN180 BKN250 21/15 A3022 RMK CU1AC5CI2 DENSITY ALT 775FT SLP235
CYAW,2024-07-24 22:00,-63.4994,44.6397,CYAW 242200Z 21006KT 15SM FEW035 FEW075 BKN250 20/14 A3023 RMK CU1AC1CI7 DENSITY ALT 624FT SLP236
CYAW,2024-07-24 23:00,-63.4994,44.6397,CYAW 242300Z 23004KT 15SM FEW040 BKN230 19/14 A3024 RMK SC1CI6 DENSITY ALT 543FT SLP239
CYAW,2024-07-25 00:00,-63.4994,44.6397,CYAW 250000Z 24003KT 15SM FEW040 BKN230 19/14 A3023 RMK SC1CI6 DENSITY ALT 504FT SLP238
CYAW,2024-07-25 01:00,-63.4994,44.6397,CYAW 250100Z 26003KT 15SM FEW040 BKN230 18/14 A3024 RMK SC1CI6 DENSITY ALT 424FT SLP239
CYAW,2024-07-25 02:00,-63.4994,44.6397,CYAW 250200Z 23003KT 12SM FEW040 SCT230 17/15 A3023 RMK SC1CI4 DENSITY ALT 299FT SLP237
CYAW,2024-07-25 02:46,-63.4994,44.6397,CYAW 250246Z 16002KT 12SM SCT230 16/14 A3022 RMK CI4 DENSITY ALT 118FT LAST OBS /NEXT 251400 UTC SLP233
CYAW,2024-07-25 14:00,-63.4994,44.6397,CYAW 251400Z 14009KT 12SM VCFG SCT006 OVC014 19/18 A3010 RMK SF4SC4 DENSITY ALT 757FT FG BANK S VIS 4 FST OBS SLP194
CYAW,2024-07-25 15:00,-63.4994,44.6397,CYAW 251500Z 12007KT 12SM VCFG FEW006 BKN014 20/18 A3009 RMK SF2SC5 DENSITY ALT 848FT FG BANK S VIS 4 SLP190
CYAW,2024-07-25 16:00,-63.4994,44.6397,CYAW 251600Z 15010KT 12SM VCFG SCT006 OVC010 19/18 A3008 RMK SF3SC5 DENSITY ALT 698FT FG BANK S VIS 5 SLP185
CYAW,2024-07-25 16:29,-63.4994,44.6397,CYAW 251629Z 15008KT 12SM BKN006 OVC010 19/18 A3007 RMK SF5SC3 DENSITY ALT 719FT SLP182
CYAW,2024-07-25 17:00,-63.4994,44.6397,CYAW 251700Z 17009KT 15SM OVC006 19/18 A3006 RMK SF8 DENSITY ALT 749FT SLP180
CYAW,2024-07-25 18:00,-63.4994,44.6397,CYAW 251800Z 17008KT 15SM OVC006 19/18 A3004 RMK SF8 DENSITY ALT 773FT SLP172
CYAW,2024-07-25 19:00,-63.4994,44.6397,CYAW 251900Z 15010KT 15SM OVC006 18/17 A3003 RMK SF8 DENSITY ALT 674FT SLP168
CYAW,2024-07-25 20:00,-63.4994,44.6397,CYAW 252000Z 15007KT 15SM OVC008 18/17 A3001 RMK SF8 DENSITY ALT 733FT SLP161
CYAW,2024-07-25 21:00,-63.4994,44.6397,CYAW 252100Z 12005KT 4SM BR OVC007 18/18 A2999 RMK SF8 DENSITY ALT 700FT SLP156
CYAW,2024-07-25 21:07,-63.4994,44.6397,CYAW 252107Z 12005KT 1 3/4SM BR OVC006 18/18 A2999 RMK SF8 DENSITY ALT 665FT SLP155
CYAW,2024-07-25 21:17,-63.4994,44.6397,CYAW 252117Z 13005KT 2SM -DZ BR OVC006 17/17 A2998 RMK SF8 DENSITY ALT 649FT VIS HYR S SLP153
CYAW,2024-07-25 21:30,-63.4994,44.6397,CYAW 252130Z 14003KT 6SM -DZ BR OVC006 18/18 A2998 RMK SF8 DENSITY ALT 690FT PCPN VRY LGT VIS N 2 SLP152
CYAW,2024-07-25 21:46,-63.4994,44.6397,CYAW 252146Z 15005KT 5SM BR OVC007 18/18 A2997 RMK SF8 DENSITY ALT 714FT SLP150
CYAW,2024-07-25 22:00,-63.4994,44.6397,CYAW 252200Z 14004KT 2 1/2SM BR OVC005 17/17 A2997 RMK SF8 DENSITY ALT 661FT SLP148
CYAW,2024-07-25 22:10,-63.4994,44.6397,CYAW 252210Z 12005KT 2SM -DZ BR OVC004 17/17 A2997 RMK SF8 DENSITY ALT 648FT SLP148
CYAW,2024-07-25 22:21,-63.4994,44.6397,CYAW 252221Z 13004KT 1 1/4SM -DZ BR OVC003 17/17 A2996 RMK SF8 DENSITY ALT 632FT SLP146
CYAW,2024-07-25 22:42,-63.4994,44.6397,CYAW 252242Z 14004KT 1SM -DZ BR OVC002 17/17 A2997 RMK SF8 DENSITY ALT 594FT SLP148
CYAW,2024-07-25 23:00,-63.4994,44.6397,CYAW 252300Z 13004KT 1SM -DZ BR OVC002 17/17 A2996 RMK SF8 DENSITY ALT 606FT LAST OBS /NEXT 261000 UTC SLP147
CYAW,2024-07-26 10:00,-63.4994,44.6397,CYAW 261000Z 24005KT 12SM OVC004 17/17 A2981 RMK SF8 DENSITY ALT 788FT FST OBS SLP094
CYAW,2024-07-26 10:33,-63.4994,44.6397,CYAW 261033Z 23004KT 3SM BR OVC003 17/17 A2981 RMK SF8 DENSITY ALT 791FT SLP094
CYAW,2024-07-26 10:43,-63.4994,44.6397,CYAW 261043Z 21005KT 3/4SM BR OVC003 17/17 A2980 RMK SF8 DENSITY ALT 803FT VIS VRB 1/2-1 SLP093
CYAW,2024-07-26 11:00,-63.4994,44.6397,CYAW 261100Z 24005KT 3/8SM FG OVC002 17/17 A2981 RMK FG3SF5 DENSITY ALT 818FT SLP096
CYAW,2024-07-26 11:18,-63.4994,44.6397,CYAW 261118Z 24006KT 2SM BR OVC002 18/17 A2981 RMK SF8 DENSITY ALT 855FT SLP096
CYAW,2024-07-26 11:47,-63.4994,44.6397,CYAW 261147Z 30012KT 2SM -DZ BR OVC004 18/17 A2982 RMK SF8 DENSITY ALT 843FT SLP099
CYAW,2024-07-26 12:00,-63.4994,44.6397,CYAW 261200Z 31008KT 2SM -DZ BR OVC004 18/18 A2983 RMK SF8 DENSITY ALT 929FT SLP102
CYAW,2024-07-26 12:17,-63.4994,44.6397,CYAW 261217Z 30009KT 3SM -DZ BR OVC004 18/18 A2983 RMK SF8 DENSITY ALT 955FT SLP101
CYAW,2024-07-26 12:35,-63.4994,44.6397,CYAW 261235Z 30007KT 8SM BKN004 BKN012 19/19 A2983 RMK SF6SC1 DENSITY ALT 1049FT SLP103
CYAW,2024-07-26 12:52,-63.4994,44.6397,CYAW 261252Z 29005KT 12SM FEW004 BKN019 20/19 A2982 RMK SF1SC5 DENSITY ALT 1148FT SLP100
CYAW,2024-07-26 13:00,-63.4994,44.6397,CYAW 261300Z 30005KT 12SM FEW004 BKN019 20/20 A2982 RMK SF1SC5 DENSITY ALT 1208FT SLP100
CYAW,2024-07-26 14:00,-63.4994,44.6397,CYAW 261400Z 29008KT 15SM FEW013 FEW250 22/18 A2982 RMK CF1CI1 DENSITY ALT 1408FT SLP100
CYAW,2024-07-26 15:00,-63.4994,44.6397,CYAW 261500Z 24006KT 15SM FEW023 FEW250 24/19 A2982 RMK CU1CI1 DENSITY ALT 1583FT SLP098
CYAW,2024-07-26 16:00,-63.4994,44.6397,CYAW 261600Z 23006KT 15SM SCT040 BKN250 24/19 A2982 RMK CU4CI1 DENSITY ALT 1584FT SLP096
CYAW,2024-07-26 17:00,-63.4994,44.6397,CYAW 261700Z 30010G16KT 15SM BKN040 25/16 A2981 RMK CU5 DENSITY ALT 1685FT SLP095
CYAW,2024-07-26 18:00,-63.4994,44.6397,CYAW 261800Z 28014KT 15SM SCT045 SCT250 26/16 A2982 RMK CU4CI1 DENSITY ALT 1819FT SLP096
CYAW,2024-07-26 19:00,-63.4994,44.6397,CYAW 261900Z 30011KT 15SM SCT045 SCT250 26/15 A2982 RMK CU3CI1 DENSITY ALT 1824FT SLP098
CYAW,2024-07-26 20:00,-63.4994,44.6397,CYAW 262000Z CCA 30010G16KT 15SM FEW045 FEW250 26/16 A2983 RMK CU2CI1 DENSITY ALT 1806FT LAST OBS /NEXT 290900 UTC SLP102
CYAW,2024-07-29 09:00,-63.4994,44.6397,CYAW 290900Z 08005KT 15SM OVC006 17/16 A3014 RMK SF8 DENSITY ALT 404FT FST OBS SLP207
CYAW,2024-07-29 10:00,-63.4994,44.6397,CYAW 291000Z 11005KT 12SM OVC005 18/18 A3015 RMK SF8 DENSITY ALT 532FT SLP209
CYAW,2024-07-29 10:14,-63.4994,44.6397,CYAW 291014Z 11005KT 10SM OVC003 18/18 A3014 RMK SF8 DENSITY ALT 601FT VIS LWR S SLP208
CYAW,2024-07-29 10:43,-63.4994,44.6397,CYAW 291043Z 11006KT 2SM BR OVC003 19/19 A3015 RMK SF8 DENSITY ALT 629FT SLP209
CYAW,2024-07-29 11:00,-63.4994,44.6397,CYAW 291100Z 11004KT 1 1/2SM BR OVC003 19/19 A3015 RMK SF8 DENSITY ALT 643FT SLP209
CYAW,2024-07-29 11:17,-63.4994,44.6397,CYAW 291117Z 13006KT 3/4SM BR OVC002 19/19 A3015 RMK FG2SF6 DENSITY ALT 683FT VIS VRB 1/2-1 SLP211
CYAW,2024-07-29 11:25,-63.4994,44.6397,CYAW 291125Z 13006KT 1/4SM FG VV002 19/19 A3015 RMK FG8 DENSITY ALT 683FT SLP211
CYAW,2024-07-29 12:00,-63.4994,44.6397,CYAW 291200Z 14006KT 1/4SM FG VV002 19/19 A3016 RMK FG8 DENSITY ALT 685FT VIS VRB 1/8-3/8 SLP212
CYAW,2024-07-29 12:27,-63.4994,44.6397,CYAW 291227Z 14005KT 1/2SM FG VV002 20/20 A3015 RMK FG8 DENSITY ALT 751FT VIS VRB 3/8-5/8 SLP211
CYAW,2024-07-29 12:37,-63.4994,44.6397,CYAW 291237Z 15005KT 1 1/2SM BR OVC002 20/20 A3016 RMK SF8 DENSITY ALT 766FT SLP213
CYAW,2024-07-29 13:00,-63.4994,44.6397,CYAW 291300Z 16007KT 1 1/2SM BR OVC002 21/21 A3015 RMK SF8 DENSITY ALT 886FT SLP211
CYAW,2024-07-29 13:38,-63.4994,44.6397,CYAW 291338Z 18006KT 2SM BR OVC003 21/21 A3015 RMK SF8 DENSITY ALT 940FT SLP210
CYAW,2024-07-29 14:00,-63.4994,44.6397,CYAW 291400Z 19006KT 1SM BR OVC003 21/21 A3016 RMK SF8 DENSITY ALT 915FT VIS VRB 3/4-1 1/4 SLP212
CYAW,2024-07-29 15:00,-63.4994,44.6397,CYAW 291500Z 19006KT 1SM BR OVC003 21/21 A3016 RMK SF8 DENSITY ALT 979FT VIS VRB 3/4-1 1/4 SLP214
CYAW,2024-07-29 16:00,-63.4994,44.6397,CYAW 291600Z 18007KT 1/2SM FG VV002 21/21 A3016 RMK FG8 DENSITY ALT 888FT VIS VRB 1/4-3/4 SLP213
CYAW,2024-07-29 16:12,-63.4994,44.6397,CYAW 291612Z 18007KT 3/4SM -DZ BR OVC002 21/21 A3016 RMK SF8 DENSITY ALT 886FT VIS VRB 1/2-1 SLP213
CYAW,2024-07-29 16:35,-63.4994,44.6397,CYAW 291635Z 18007KT 1SM -DZ BR OVC002 21/21 A3016 RMK SF8 DENSITY ALT 915FT VIS VRB 3/4-1 1/4 SLP212
CYAW,2024-07-29 17:00,-63.4994,44.6397,CYAW 291700Z 18009KT 1SM -DZ BR OVC002 21/21 A3015 RMK SF8 DENSITY ALT 886FT VIS VRB 3/4-1 1/4 SLP211
CYAW,2024-07-29 17:41,-63.4994,44.6397,CYAW 291741Z 17008KT 1 1/4SM -DZ BR OVC003 21/21 A3014 RMK SF8 DENSITY ALT 965FT VIS VRB 3/4-1 3/4 SLP207
CYAW,2024-07-29 18:00,-63.4994,44.6397,CYAW 291800Z 18007G17KT 3SM BR OVC003 21/21 A3014 RMK SF8 DENSITY ALT 963FT SLP206
CYAW,2024-07-29 18:38,-63.4994,44.6397,CYAW 291838Z 17008KT 1/2SM FG VV002 20/20 A3014 RMK FG8 DENSITY ALT 789FT VIS VRB 1/4-3/4 SLP207
CYAW,2024-07-29 18:51,-63.4994,44.6397,CYAW 291851Z 18006KT 1/4SM -DZ FG VV002 20/20 A3014 RMK FG8 DENSITY ALT 789FT SLP207
CYAW,2024-07-29 19:00,-63.4994,44.6397,CYAW 291900Z 18006KT 3/8SM -DZ FG VV002 20/20 A3014 RMK FG8 DENSITY ALT 789FT VIS VRB 1/4-1/2 LAST OBS /NEXT 300900 UTC SLP207
CYAW,2024-07-30 09:00,-63.4994,44.6397,CYAW 300900Z 36005KT 12SM FEW055 BKN180 BKN230 16/15 A3015 RMK SC2AC3CS1 DENSITY ALT 200FT FST OBS SLP209
CYAW,2024-07-30 10:00,-63.4994,44.6397,CYAW 301000Z 13003KT 12SM BKN058 BKN150 16/16 A3015 RMK SC6AC1 DENSITY ALT 308FT SLP209
CYAW,2024-07-30 11:00,-63.4994,44.6397,CYAW 301100Z 13004KT 15SM BKN050 18/18 A3015 RMK SC7 DENSITY ALT 482FT VIS LWR S SLP211
CYAW,2024-07-30 12:00,-63.4994,44.6397,CYAW 301200Z 13004KT 15SM OVC050 19/18 A3017 RMK SC8 DENSITY ALT 585FT SLP215
CYAW,2024-07-30 13:00,-63.4994,44.6397,CYAW 301300Z 14005KT 15SM FEW008 OVC045 20/19 A3017 RMK SF1SC7 DENSITY ALT 712FT VIS LWR S QUAD SLP216
CYAW,2024-07-30 14:00,-63.4994,44.6397,CYAW 301400Z 13007KT 15SM FEW008 OVC035 20/19 A3016 RMK SF1SC7 DENSITY ALT 818FT SLP214
CYAW,2024-07-30 14:33,-63.4994,44.6397,CYAW 301433Z 15004KT 4SM -DZ BR SCT007 BKN014 OVC035 19/19 A3018 RMK SF3SC3SC2 DENSITY ALT 605FT SLP219
CYAW,2024-07-30 14:41,-63.4994,44.6397,CYAW 301441Z 14008KT 4SM -SHRA BR BKN007 BKN015 OVC035 18/18 A3017 RMK SF5SC1SC2 DENSITY ALT 540FT SLP217
CYAW,2024-07-30 14:50,-63.4994,44.6397,CYAW 301450Z 14008KT 2 1/2SM -SHRA BR BKN006 OVC012 18/18 A3017 RMK SF7SC1 DENSITY ALT 486FT VIS VRB 1 1/2-4 SLP216
CYAW,2024-07-30 15:00,-63.4994,44.6397,CYAW 301500Z 14005KT 2 1/4SM SHRA BR OVC006 17/17 A3017 RMK SF8 DENSITY ALT 419FT VIS VRB 1 1/2-3 SLP215
CYAW,2024-07-30 15:13,-63.4994,44.6397,CYAW 301513Z 16006KT 4SM -SHRA BR SCT006 BKN014 OVC035 17/17 A3018 RMK SF4SC2SC2 DENSITY ALT 421FT SLP219
CYAW,2024-07-30 16:00,-63.4994,44.6397,CYAW 301600Z 13003KT 4SM -SHRA BR FEW006 OVC025 18/17 A3017 RMK SF2SC6 DENSITY ALT 441FT SLP215
CYAW,2024-07-30 16:46,-63.4994,44.6397,CYAW 301646Z 09003KT 5SM -DZ BR FEW006 OVC028 18/18 A3014 RMK SF2SC6 DENSITY ALT 505FT SLP208
CYAW,2024-07-30 17:00,-63.4994,44.6397,CYAW 301700Z 06003KT 5SM -DZ BR FEW006 OVC028 18/18 A3014 RMK SF1SC7 DENSITY ALT 505FT SLP208
CYAW,2024-07-30 18:00,-63.4994,44.6397,CYAW 301800Z 10004KT 8SM -DZ FEW006 OVC025 19/18 A3014 RMK SF1SC7 DENSITY ALT 663FT PCPN VRY LGT SLP205
CYAW,2024-07-30 18:25,-63.4994,44.6397,CYAW 301825Z 11005KT 8SM FEW006 OVC025 19/19 A3013 RMK SF1SC7 DENSITY ALT 743FT SLP202
CYAW,2024-07-30 19:00,-63.4994,44.6397,CYAW 301900Z 10006KT 10SM FEW006 OVC025 20/19 A3012 RMK SF1SC7 DENSITY ALT 873FT SLP200
CYAW,2024-07-30 20:00,-63.4994,44.6397,CYAW 302000Z 11006KT 15SM BKN025 BKN070 OVC250 21/19 A3009 RMK SC5AC1CI2 DENSITY ALT 1014FT SLP191
CYAW,2024-07-30 21:00,-63.4994,44.6397,CYAW 302100Z 13005KT 15SM SCT025 BKN070 OVC250 21/19 A3009 RMK SC4AC1CI3 DENSITY ALT 971FT SLP189
CYAW,2024-07-30 21:21,-63.4994,44.6397,CYAW 302121Z 13004KT 15SM SCT025 BKN070 OVC250 21/19 A3009 RMK SC4AC1CI3 DENSITY ALT 1006FT LAST OBS /NEXT 310900 UTC SLP189
CYAW,2024-07-31 09:00,-63.4994,44.6397,CYAW 310900Z 16004KT 15SM VCFG FEW005 FEW250 15/15 A3008 RMK SF1CI2 DENSITY ALT 255FT FG BANK S VIS 4 FST OBS SLP187
CYAW,2024-07-31 09:37,-63.4994,44.6397,CYAW 310937Z 20003KT 5SM BR BKN008 BKN250 16/16 A3009 RMK SF6CI1 DENSITY ALT 323FT VIS HYR N SLP188
CYAW,2024-07-31 10:00,-63.4994,44.6397,CYAW 311000Z 21003KT 8SM OVC006 17/17 A3009 RMK SF8 DENSITY ALT 428FT VIS LWR SE SLP188
CYAW,2024-07-31 10:26,-63.4994,44.6397,CYAW 311026Z 24005KT 8SM OVC004 18/18 A3009 RMK SF8 DENSITY ALT 550FT VIS LWR W SLP189
CYAW,2024-07-31 11:00,-63.4994,44.6397,CYAW 311100Z 19003KT 5SM BR OVC004 18/18 A3009 RMK SF8 DENSITY ALT 658FT SLP188
CYAW,2024-07-31 11:17,-63.4994,44.6397,CYAW 311117Z 20004KT 5SM BR OVC005 19/19 A3009 RMK SF8 DENSITY ALT 684FT SLP190
CYAW,2024-07-31 11:35,-63.4994,44.6397,CYAW 311135Z 20004KT 4SM BR OVC004 19/19 A3009 RMK SF8 DENSITY ALT 752FT VIS LWR S SLP191
CYAW,2024-07-31 12:00,-63.4994,44.6397,CYAW 311200Z 24006KT 5SM BR OVC004 20/20 A3009 RMK SF8 DENSITY ALT 806FT VIS LWR S SLP189
CYAW,2024-07-31 12:15,-63.4994,44.6397,CYAW 311215Z 25004KT 7SM OVC006 20/20 A3009 RMK SF8 DENSITY ALT 871FT SLP188
CYAW,2024-07-31 13:00,-63.4994,44.6397,CYAW 311300Z 23006KT 9SM SCT008 BKN250 22/21 A3009 RMK SF4CI3 DENSITY ALT 1178FT SLP188
CYAW,2024-07-31 14:00,-63.4994,44.6397,CYAW 311400Z 21010KT 15SM FEW012 SCT250 21/20 A3009 RMK CF1CI3 DENSITY ALT 1039FT SLP188
CYAW,2024-07-31 15:00,-63.4994,44.6397,CYAW 311500Z 19006KT 15SM FEW012 BKN250 23/21 A3009 RMK CF1CI7 DENSITY ALT 1228FT SLP188
CYAW,2024-07-31 16:00,-63.4994,44.6397,CYAW 311600Z 21010KT 15SM FEW020 BKN250 23/21 A3008 RMK CF1CI7 DENSITY ALT 1273FT SLP187
CYAW,2024-07-31 17:00,-63.4994,44.6397,CYAW 311700Z 20009KT 15SM FEW020 BKN250 23/21 A3007 RMK CF1CI7 DENSITY ALT 1312FT SLP183
CYAW,2024-07-31 18:00,-63.4994,44.6397,CYAW 311800Z 21008KT 15SM FEW020 BKN250 24/21 A3007 RMK CF1CI7 DENSITY ALT 1428FT SLP183
CYAW,2024-07-31 19:00,-63.4994,44.6397,CYAW 311900Z 24011KT 15SM FEW020 BKN250 26/21 A3006 RMK CF1CI5 DENSITY ALT 1665FT LAST OBS /NEXT 010900 UTC SLP179
CYAW,2024-08-01 09:00,-63.4994,44.6397,CYAW 010900Z 20004KT 1/8SM FG VV001 19/19 A2998 RMK FG8 DENSITY ALT 918FT FST OBS SLP150
CYAW,2024-08-01 10:00,-63.4994,44.6397,CYAW 011000Z 18004KT 1/8SM FG VV001 19/19 A2998 RMK FG8 DENSITY ALT 904FT SLP151
CYAW,2024-08-01 11:00,-63.4994,44.6397,CYAW 011100Z 18006KT 1/8SM FG VV001 19/19 A2999 RMK FG8 DENSITY ALT 879FT SLP154
CYAW,2024-08-01 11:23,-63.4994,44.6397,CYAW 011123Z 18006KT 1/4SM FG VV001 20/20 A2998 RMK FG8 DENSITY ALT 945FT SLP153
CYAW,2024-08-01 11:41,-63.4994,44.6397,CYAW 011141Z 17008KT 1/8SM FG VV001 19/19 A2998 RMK FG8 DENSITY ALT 918FT SLP150
CYAW,2024-08-01 12:00,-63.4994,44.6397,CYAW 011200Z 18007KT 1/8SM FG VV001 20/20 A2997 RMK FG8 DENSITY ALT 954FT SLP150
CYAW,2024-08-01 12:18,-63.4994,44.6397,CYAW 011218Z 18007KT 1/4SM FG VV001 19/19 A2997 RMK FG8 DENSITY ALT 929FT VIS VRB 1/8-3/8 SLP148
CYAW,2024-08-01 13:00,-63.4994,44.6397,CYAW 011300Z 18008KT 1/2SM FG VV001 20/20 A2996 RMK FG8 DENSITY ALT 1008FT SLP145
CYAW,2024-08-01 13:10,-63.4994,44.6397,CYAW 011310Z 18008KT 1/4SM FG VV001 20/20 A2996 RMK FG8 DENSITY ALT 981FT VIS VRB 1/8-3/8 SLP145
CYAW,2024-08-01 14:00,-63.4994,44.6397,CYAW 011400Z 19007KT 1/4SM FG VV001 20/20 A2995 RMK FG8 DENSITY ALT 979FT VIS VRB 1/8-3/8 SLP144
CYAW,2024-08-01 14:24,-63.4994,44.6397,CYAW 011424Z 18008KT 1/4SM -SHRA FG VV001 20/20 A2995 RMK FG8 DENSITY ALT 1006FT VIS VRB 1/8-3/8 SLP144
CYAW,2024-08-01 14:30,-63.4994,44.6397,CYAW 011430Z 19009KT 1/2SM SHRA FG VV001 20/20 A2995 RMK FG8 DENSITY ALT 1006FT VIS VRB 3/8-5/8 SLP144
CYAW,2024-08-01 14:45,-63.4994,44.6397,CYAW 011445Z 18010KT 1 1/2SM SHRA BR OVC002 20/20 A2995 RMK SF8 DENSITY ALT 993FT SLP143
CYAW,2024-08-01 15:00,-63.4994,44.6397,CYAW 011500Z 18007KT 1 1/2SM -SHRA BR OVC002 20/20 A2995 RMK SF8 DENSITY ALT 1033FT SLP142
CYAW,2024-08-01 15:13,-63.4994,44.6397,CYAW 011513Z 18007KT 1SM -SHRA BR OVC001 20/20 A2995 RMK SF8 DENSITY ALT 1006FT SLP142
CYAW,2024-08-01 15:26,-63.4994,44.6397,CYAW 011526Z 19008KT 1/2SM -SHRA FG VV001 20/20 A2994 RMK FG8 DENSITY ALT 1031FT SLP139
CYAW,2024-08-01 15:33,-63.4994,44.6397,CYAW 011533Z 19006KT 1/8SM -SHRA FG VV001 20/20 A2993 RMK FG8 DENSITY ALT 1029FT SLP137
CYAW,2024-08-01 15:48,-63.4994,44.6397,CYAW 011548Z 18007KT 1/8SM FG VV001 20/20 A2993 RMK FG8 DENSITY ALT 1029FT SLP137
CYAW,2024-08-01 16:00,-63.4994,44.6397,CYAW 011600Z 19007KT 1/8SM FG VV001 20/20 A2993 RMK FG8 DENSITY ALT 1042FT SLP135
CYAW,2024-08-01 16:48,-63.4994,44.6397,CYAW 011648Z 19005KT 1/8SM -SHRA FG VV001 20/20 A2991 RMK FG8 DENSITY ALT 1133FT SLP128
CYAW,2024-08-01 17:00,-63.4994,44.6397,CYAW 011700Z 18005KT 1/8SM FG VV001 20/20 A2990 RMK FG8 DENSITY ALT 1117FT SLP127
CYAW,2024-08-01 18:00,-63.4994,44.6397,CYAW 011800Z 20006KT 1/8SM FG VV001 21/21 A2989 RMK FG8 DENSITY ALT 1210FT SLP122
CYAW,2024-08-01 19:00,-63.4994,44.6397,CYAW 011900Z 20007KT 3/8SM FG VV001 21/21 A2987 RMK FG8 DENSITY ALT 1206FT VIS VRB 1/4-1/2 LAST OBS /NEXT 020900 UTC SLP115
CYAW,2024-08-02 09:00,-63.4994,44.6397,CYAW 020900Z 25005KT 7SM VCFG OVC012 20/20 A2984 RMK SC8 DENSITY ALT 1146FT FG BANK S VIS 4 FST OBS SLP103
CYAW,2024-08-02 09:46,-63.4994,44.6397,CYAW 020946Z 28005KT 7SM VCFG SCT014 BKN080 20/20 A2984 RMK SC4AC2 DENSITY ALT 1213FT FG BANK S VIS 4 SLP104
CYAW,2024-08-02 10:00,-63.4994,44.6397,CYAW 021000Z 25004KT 7SM FEW014 SCT080 SCT250 21/21 A2984 RMK SC2AC2CI1 DENSITY ALT 1254FT FG BANK DIST S SLP105
CYAW,2024-08-02 11:00,-63.4994,44.6397,CYAW 021100Z 27005KT 7SM FEW014 FEW100 FEW250 21/21 A2984 RMK SC1AC1CI1 DENSITY ALT 1348FT FG BANK DIST S SLP105
CYAW,2024-08-02 12:00,-63.4994,44.6397,CYAW 021200Z 29006KT 12SM FEW008 FEW250 24/22 A2984 RMK SF1CI1 DENSITY ALT 1645FT SLP105
CYAW,2024-08-02 13:00,-63.4994,44.6397,CYAW 021300Z 31008KT 15SM FEW009 25/23 A2984 RMK CF1 DENSITY ALT 1775FT SLP106
CYAW,2024-08-02 14:00,-63.4994,44.6397,CYAW 021400Z 29008KT 15SM FEW025 27/22 A2985 RMK CF1 DENSITY ALT 1972FT SLP108
CYAW,2024-08-02 15:00,-63.4994,44.6397,CYAW 021500Z 30007G16KT 15SM SCT035 SCT250 28/22 A2984 RMK CU4CI1 DENSITY ALT 2058FT SLP106
CYAW,2024-08-02 16:00,-63.4994,44.6397,CYAW 021600Z 31008KT 15SM SCT035 SCT250 29/21 A2984 RMK CU4CI1 DENSITY ALT 2145FT SLP105
CYAW,2024-08-02 17:00,-63.4994,44.6397,CYAW 021700Z 32006KT 15SM SCT040 SCT250 29/19 A2984 RMK CU4CI1 DENSITY ALT 2123FT SLP104
CYAW,2024-08-02 18:00,-63.4994,44.6397,CYAW 021800Z 29013KT 15SM SCT040 SCT250 30/18 A2984 RMK CU4CI1 DENSITY ALT 2277FT SLP105
CYAW,2024-08-02 18:53,-63.4994,44.6397,CYAW 021853Z 32009G15KT 15SM SCT040 SCT250 31/16 A2984 RMK CU4CI1 DENSITY ALT 2304FT LAST OBS /NEXT 061200 UTC SLP104
CYAW,2024-08-06 12:00,-63.4994,44.6397,CYAW 061200Z 01007KT 10SM -SHRA FEW008 OVC030 16/16 A2990 RMK SF1SC8 DENSITY ALT 568FT FST OBS SLP125
CYAW,2024-08-06 12:37,-63.4994,44.6397,CYAW 061237Z 01005KT 12SM OVC028 16/16 A2991 RMK SC8 DENSITY ALT 583FT SLP128
CYAW,2024-08-06 13:00,-63.4994,44.6397,CYAW 061300Z 35004KT 15SM FEW008 BKN028 17/17 A2991 RMK SF1SC7 DENSITY ALT 676FT SLP130
CYAW,2024-08-06 14:00,-63.4994,44.6397,CYAW 061400Z 35007KT 15SM FEW008 BKN027 OVC038 17/17 A2992 RMK SF1SC6SC2 DENSITY ALT 678FT SLP133
CYAW,2024-08-06 14:48,-63.4994,44.6397,CYAW 061448Z 34007KT 15SM -SHRA FEW008 BKN027 OVC130 17/17 A2994 RMK SF1SC5AC3 DENSITY ALT 655FT PCPN VRY LGT SLP139
CYAW,2024-08-06 15:00,-63.4994,44.6397,CYAW 061500Z 34007KT 15SM -SHRA FEW010 BKN030 BKN130 OVC240 17/17 A2993 RMK SF1SC4AC1CI2 DENSITY ALT 652FT PCPN VRY LGT SLP136
CYAW,2024-08-06 16:00,-63.4994,44.6397,CYAW 061600Z 33007KT 12SM -SHRA BKN018 BKN050 OVC130 18/18 A2994 RMK SC5SC1AC2 DENSITY ALT 722FT SLP139
CYAW,2024-08-06 17:00,-63.4994,44.6397,CYAW 061700Z 32003KT 12SM -SHRA SCT018 BKN050 OVC130 18/17 A2993 RMK SC4SC2AC2 DENSITY ALT 711FT SLP137
CYAW,2024-08-06 17:48,-63.4994,44.6397,CYAW 061748Z CCA 27003KT 15SM SCT018 BKN050 OVC130 18/17 A2994 RMK SC4SC2AC2 DENSITY ALT 739FT SLP140
CYAW,2024-08-06 18:00,-63.4994,44.6397,CYAW 061800Z 34003KT 15SM SCT018 BKN050 OVC130 18/17 A2994 RMK SC4SC1AC3 DENSITY ALT 766FT SLP138
CYAW,2024-08-06 19:00,-63.4994,44.6397,CYAW 061900Z 30005KT 15SM FEW018 SCT050 OVC130 19/17 A2996 RMK CU3SC1AC4 DENSITY ALT 802FT SLP146
CYAW,2024-08-06 20:00,-63.4994,44.6397,CYAW 062000Z 26005KT 15SM FEW018 OVC130 19/17 A2995 RMK SC1AC8 DENSITY ALT 849FT SLP144
CYAW,2024-08-06 21:00,-63.4994,44.6397,CYAW 062100Z 21004KT 15SM FEW020 OVC150 18/18 A2995 RMK SC1AC8 DENSITY ALT 783FT SLP143
CYAW,2024-08-06 22:00,-63.4994,44.6397,CYAW 062200Z 21006KT 15SM FEW020 OVC150 18/18 A2995 RMK SC1AC8 DENSITY ALT 759FT SLP144
CYAW,2024-08-06 23:00,-63.4994,44.6397,CYAW 062300Z 24005KT 15SM FEW020 BKN130 17/17 A2996 RMK SC1AC7 DENSITY ALT 659FT SLP146
CYAW,2024-08-07 00:00,-63.4994,44.6397,CYAW 070000Z 27007KT 15SM BKN130 BKN200 17/17 A2997 RMK AC5CI2 DENSITY ALT 607FT SLP149
CYAW,2024-08-07 00:50,-63.4994,44.6397,CYAW 070050Z 25003KT 15SM BKN140 BKN200 17/17 A2999 RMK AC6CI1 DENSITY ALT 544FT LAST OBS /NEXT 071200 UTC SLP155
CYAW,2024-08-07 12:00,-63.4994,44.6397,CYAW 071200Z 18003KT 12SM -SHRA SCT060 OVC090 15/15 A3001 RMK SC4AS4 DENSITY ALT 348FT FST OBS SLP163
CYAW,2024-08-07 13:00,-63.4994,44.6397,CYAW 071300Z 31003KT 12SM -SHRA FEW030 BKN090 OVC130 16/16 A3003 RMK SC1AC4AS3 DENSITY ALT 457FT PCPN VRY LGT SLP168
CYAW,2024-08-07 13:16,-63.4994,44.6397,CYAW 071316Z 28004KT 12SM FEW030 BKN090 OVC140 17/17 A3003 RMK SC2AC3AS3 DENSITY ALT 509FT SLP170
CYAW,2024-08-07 14:00,-63.4994,44.6397,CYAW 071400Z 23004KT 15SM FEW030 FEW090 BKN140 OVC250 18/17 A3001 RMK SC1AC1AS4CS3 DENSITY ALT 697FT SUN DIMLY VISBL SLP161
CYAW,2024-08-07 15:00,-63.4994,44.6397,CYAW 071500Z 22003KT 15SM FEW020 FEW090 SCT140 OVC250 19/18 A3001 RMK CU1AC1AS3CS5 DENSITY ALT 771FT SUN DIMLY VISBL SLP163
CYAW,2024-08-07 16:00,-63.4994,44.6397,CYAW 071600Z 24005KT 15SM FEW030 FEW090 SCT210 BKN250 20/18 A3001 RMK CU1AC1CS4CI3 DENSITY ALT 891FT SLP164
CYAW,2024-08-07 17:00,-63.4994,44.6397,CYAW 071700Z 22007KT 15SM FEW030 BKN210 21/16 A3001 RMK CU1CS6 DENSITY ALT 974FT HALO SLP162
CYAW,2024-08-07 18:00,-63.4994,44.6397,CYAW 071800Z 23009KT 15SM FEW030 BKN210 BKN250 21/15 A3000 RMK CU1CS5CI1 DENSITY ALT 1013FT HALO SLP160
CYAW,2024-08-07 19:00,-63.4994,44.6397,CYAW 071900Z 22008KT 15SM FEW030 SCT210 SCT250 22/16 A3000 RMK CU1CS2CI1 DENSITY ALT 1151FT SLP159
CYAW,2024-08-07 20:00,-63.4994,44.6397,CYAW 072000Z 22010G15KT 15SM FEW030 BKN250 22/15 A2999 RMK CU2CI3 DENSITY ALT 1176FT SLP156
CYAW,2024-08-07 21:00,-63.4994,44.6397,CYAW 072100Z 22008KT 15SM FEW030 SCT250 21/16 A3000 RMK CU1CI2 DENSITY ALT 1075FT SLP158
CYAW,2024-08-07 22:00,-63.4994,44.6397,CYAW 072200Z 20005KT 15SM FEW030 FEW070 20/16 A3001 RMK CU1AC1 DENSITY ALT 879FT CU TR SLP163
CYAW,2024-08-07 23:00,-63.4994,44.6397,CYAW 072300Z CCA 24006KT 15SM FEW030 FEW070 18/16 A3002 RMK CU1AC1 DENSITY ALT 658FT LAST OBS /NEXT 080900 UTC SLP165
CYAW,2024-08-08 12:00,-63.4994,44.6397,CYAW 081200Z 02004KT 15SM SCT250 19/16 A3017 RMK CI3 DENSITY ALT 550FT FST OBS SLP217
CYAW,2024-08-08 13:00,-63.4994,44.6397,CYAW 081300Z 04006KT 15SM FEW250 20/15 A3018 RMK CI2 DENSITY ALT 729FT SLP220
CYAW,2024-08-08 14:00,-63.4994,44.6397,CYAW 081400Z 36002KT 15SM FEW025 FEW250 21/15 A3019 RMK CF1CI2 DENSITY ALT 791FT SLP223
CYAW,2024-08-08 15:00,-63.4994,44.6397,CYAW 081500Z 18005KT 15SM FEW030 FEW250 22/16 A3018 RMK CF1CI1 DENSITY ALT 895FT SLP220
CYAW,2024-08-08 16:00,-63.4994,44.6397,CYAW 081600Z 17008KT 15SM FEW030 FEW250 22/15 A3018 RMK CF1CI2 DENSITY ALT 899FT SLP221
CYAW,2024-08-08 17:00,-63.4994,44.6397,CYAW 081700Z 20006KT 15SM FEW035 FEW250 21/15 A3019 RMK CF1CI1 DENSITY ALT 835FT SLP225
CYAW,2024-08-08 18:00,-63.4994,44.6397,CYAW 081800Z 15008KT 15SM FEW035 FEW250 22/16 A3019 RMK CF1CI1 DENSITY ALT 867FT SLP223
CYAW,2024-08-08 19:00,-63.4994,44.6397,CYAW 081900Z 18007KT 15SM FEW035 FEW250 22/15 A3018 RMK CF1CI1 DENSITY ALT 922FT SLP221
CYAW,2024-08-08 20:00,-63.4994,44.6397,CYAW 082000Z 17007KT 15SM FEW030 BKN250 22/16 A3019 RMK CF1CI5 DENSITY ALT 977FT SLP225
CYAW,2024-08-08 21:00,-63.4994,44.6397,CYAW 082100Z 19005KT 15SM FEW030 BKN250 22/16 A3020 RMK CF1CI7 DENSITY ALT 891FT SLP227
CYAW,2024-08-08 22:00,-63.4994,44.6397,CYAW 082200Z CCA 20006KT 15SM FEW020 FEW180 OVC230 21/16 A3022 RMK CF1AC1CS8 DENSITY ALT 749FT LAST OBS /NEXT 090900 UTC SLP232
CYAW,2024-08-09 09:00,-63.4994,44.6397,CYAW 090900Z CCA 12004KT 15SM VCFG SCT140 BKN210 14/14 A3026 RMK AC3CI4 DENSITY ALT -177FT FG BANK SE VIS 2 FST OBS SLP248
CYAW,2024-08-09 10:00,-63.4994,44.6397,CYAW 091000Z 12002KT 15SM SCT110 BKN210 14/14 A3027 RMK AC3CI4 DENSITY ALT -109FT SLP250
CYAW,2024-08-09 10:25,-63.4994,44.6397,CYAW 091025Z 07002KT 15SM -SHRA SCT100 BKN210 15/15 A3028 RMK AC4CI3 DENSITY ALT -27FT PCPN VRY LGT SLP254
CYAW,2024-08-09 11:00,-63.4994,44.6397,CYAW 091100Z 12002KT 15SM SCT100 OVC210 16/16 A3027 RMK AC4CI4 DENSITY ALT 65FT OCNL -SHRA SLP251
CYAW,2024-08-09 11:40,-63.4994,44.6397,CYAW 091140Z 16002KT 15SM SCT100 OVC250 16/16 A3028 RMK AC3CI5 DENSITY ALT 173FT SLP255
CYAW,2024-08-09 12:00,-63.4994,44.6397,CYAW 091200Z 16003KT 15SM -SHRA SCT100 OVC250 17/17 A3029 RMK AC4CI4 DENSITY ALT 215FT PCPN VRY LGT SLP258
CYAW,2024-08-09 13:00,-63.4994,44.6397,CYAW 091300Z 17002KT 15SM FEW040 FEW080 OVC130 18/17 A3029 RMK SC1AC2AC6 DENSITY ALT 350FT SLP256
CYAW,2024-08-09 13:19,-63.4994,44.6397,CYAW 091319Z 13003KT 15SM -SHRA FEW040 FEW080 OVC130 19/17 A3028 RMK SC1AC1AC7 DENSITY ALT 437FT PCPN VRY LGT SLP254
CYAW,2024-08-09 13:39,-63.4994,44.6397,CYAW 091339Z 16003KT 15SM FEW040 OVC110 19/17 A3028 RMK SC1AC8 DENSITY ALT 502FT SLP254
CYAW,2024-08-09 14:00,-63.4994,44.6397,CYAW 091400Z 18004KT 15SM FEW040 FEW070 OVC110 19/17 A3028 RMK SC1AC2AC6 DENSITY ALT 448FT SLP254
CYAW,2024-08-09 15:00,-63.4994,44.6397,CYAW 091500Z 18005KT 15SM OVC050 19/17 A3028 RMK SC8 DENSITY ALT 477FT SLP253
CYAW,2024-08-09 16:00,-63.4994,44.6397,CYAW 091600Z 13006KT 15SM FEW015 OVC060 20/16 A3025 RMK CF1SC8 DENSITY ALT 655FT SLP243
CYAW,2024-08-09 17:00,-63.4994,44.6397,CYAW 091700Z 12006KT 15SM FEW010 OVC050 19/19 A3025 RMK SF1SC8 DENSITY ALT 584FT SLP245
CYAW,2024-08-09 17:45,-63.4994,44.6397,CYAW 091745Z 16005KT 12SM -SHRA FEW010 OVC046 19/19 A3026 RMK SF1SC7 DENSITY ALT 585FT SLP248
CYAW,2024-08-09 18:00,-63.4994,44.6397,CYAW 091800Z 12004KT 6SM -SHRA BR FEW010 OVC055 19/19 A3026 RMK SF1SC7 DENSITY ALT 558FT SLP247
CYAW,2024-08-09 19:00,-63.4994,44.6397,CYAW 091900Z 12009KT 15SM FEW010 OVC075 19/19 A3022 RMK SF1AC8 DENSITY ALT 613FT SLP235
CYAW,2024-08-09 19:52,-63.4994,44.6397,CYAW 091952Z 13009KT 15SM FEW010 OVC030 19/19 A3021 RMK SF1SC8 DENSITY ALT 608FT LAST OBS /NEXT 121000 UTC SLP229
CYAW,2024-08-12 10:00,-63.4994,44.6397,CYAW 121000Z 22004KT 15SM FEW100 SCT250 14/14 A2989 RMK AC1CI2 DENSITY ALT 353FT FST OBS SLP121
CYAW,2024-08-12 11:00,-63.4994,44.6397,CYAW 121100Z 26003KT 15SM FEW100 FEW250 17/15 A2990 RMK AC1CI2 DENSITY ALT 652FT SLP123
CYAW,2024-08-12 12:00,-63.4994,44.6397,CYAW 121200Z 27004KT 15SM FEW100 SCT250 18/16 A2990 RMK AC1CI4 DENSITY ALT 806FT SLP125
CYAW,2024-08-12 13:00,-63.4994,44.6397,CYAW 121300Z 22006KT 15SM SCT250 20/17 A2989 RMK CI3 DENSITY ALT 1040FT SLP122
CYAW,2024-08-12 14:00,-63.4994,44.6397,CYAW 121400Z 23007KT 15SM FEW250 22/16 A2989 RMK CI2 DENSITY ALT 1234FT SLP121
CYAW,2024-08-12 15:00,-63.4994,44.6397,CYAW 121500Z 23008KT 15SM FEW025 FEW250 24/16 A2988 RMK CF1CI2 DENSITY ALT 1508FT SLP117
CYAW,2024-08-12 16:00,-63.4994,44.6397,CYAW 121600Z 22010G17KT 15SM FEW025 SCT250 24/15 A2986 RMK CU1CI2 DENSITY ALT 1524FT SLP110
CYAW,2024-08-12 17:00,-63.4994,44.6397,CYAW 121700Z 21010KT 15SM FEW025 FEW250 24/13 A2983 RMK CU1CI1 DENSITY ALT 1537FT SLP100
CYAW,2024-08-12 18:00,-63.4994,44.6397,CYAW 121800Z 19006KT 15SM FEW045 FEW250 23/15 A2981 RMK CU1CI1 DENSITY ALT 1465FT SLP095
CYAW,2024-08-12 19:00,-63.4994,44.6397,CYAW 121900Z 17007KT 15SM FEW010 FEW045 SCT250 22/19 A2979 RMK SF1CU1CI2 DENSITY ALT 1433FT SLP087
CYAW,2024-08-12 20:00,-63.4994,44.6397,CYAW 122000Z 17011KT 15SM FEW010 FEW045 SCT250 21/19 A2979 RMK SF1CU1CI2 DENSITY ALT 1270FT LAST OBS /NEXT 131400 UTC SLP086
CYAW,2024-08-13 14:00,-63.4994,44.6397,CYAW 131400Z 32002KT 15SM -SHRA FEW015 FEW040 BKN100 BKN250 19/17 A2978 RMK CF1SC2AC3CI2 DENSITY ALT 1017FT FST OBS SLP085
CYAW,2024-08-13 14:33,-63.4994,44.6397,CYAW 131433Z 21006KT 15SM FEW015 FEW040 SCT100 BKN250 21/18 A2978 RMK CF1SC2AC1CI4 DENSITY ALT 1271FT SLP085
CYAW,2024-08-13 15:00,-63.4994,44.6397,CYAW 131500Z 20005KT 15SM FEW020 SCT090 BKN250 21/19 A2978 RMK CU1AC4CI3 DENSITY ALT 1294FT SLP085
CYAW,2024-08-13 16:00,-63.4994,44.6397,CYAW 131600Z 17003KT 15SM FEW025 BKN100 BKN250 21/18 A2977 RMK CU1AC4CI2 DENSITY ALT 1372FT SLP082
CYAW,2024-08-13 17:00,-63.4994,44.6397,CYAW 131700Z 28010KT 15SM SCT030 SCT100 SCT250 25/16 A2976 RMK CU3AC1CI1 DENSITY ALT 1728FT SLP076
CYAW,2024-08-13 18:00,-63.4994,44.6397,CYAW 131800Z 22007KT 15SM BKN030 BKN250 23/16 A2975 RMK CU5CI1 DENSITY ALT 1548FT SH DIST S SLP075
CYAW,2024-08-13 19:00,-63.4994,44.6397,CYAW 131900Z 28012KT 15SM BKN050 BKN250 26/18 A2974 RMK CU5CI1 DENSITY ALT 1911FT SLP071
CYAW,2024-08-13 20:00,-63.4994,44.6397,CYAW 132000Z 25007KT 15SM BKN055 BKN080 BKN250 25/18 A2976 RMK CU5AC1CI1 DENSITY ALT 1776FT SLP077
CYAW,2024-08-13 21:00,-63.4994,44.6397,CYAW 132100Z 28008KT 15SM SCT055 SCT090 BKN250 24/17 A2978 RMK CU4AC1CI1 DENSITY ALT 1687FT SLP083
CYAW,2024-08-13 22:00,-63.4994,44.6397,CYAW 132200Z 06010G18KT 15SM VCSH SCT040TCU BKN055 BKN250 21/17 A2980 RMK TCU3CU2CI2 DENSITY ALT 1311FT VIS LWR SE QUAD SLP091
CYAW,2024-08-13 23:00,-63.4994,44.6397,CYAW 132300Z 15003KT 15SM SCT045 SCT090 BKN250 20/18 A2983 RMK SC3AC1CI3 DENSITY ALT 1071FT DIST SH S SLP101
CYAW,2024-08-14 00:00,-63.4994,44.6397,CYAW 140000Z 29003KT 15SM FEW050 SCT250 19/17 A2985 RMK SC1CI3 DENSITY ALT 935FT SLP108
CYAW,2024-08-14 01:00,-63.4994,44.6397,CYAW 140100Z 27004KT 15SM FEW250 18/17 A2986 RMK CI2 DENSITY ALT 893FT SLP112
CYAW,2024-08-14 02:00,-63.4994,44.6397,CYAW 140200Z CCA 01003KT 15SM FEW250 16/16 A2987 RMK CI1 DENSITY ALT 624FT LAST OBS /NEXT 141400 UTC SLP116
CYAW,2024-08-14 14:00,-63.4994,44.6397,CYAW 141400Z 05005KT 15SM FEW015 FEW180 BKN250 21/17 A2999 RMK CF1AC1CI6 DENSITY ALT 1047FT FST OBS SLP155
CYAW,2024-08-14 15:00,-63.4994,44.6397,CYAW 141500Z 01007KT 12SM FEW023 FEW130 OVC250 22/17 A2999 RMK CU1AC1CI7 DENSITY ALT 1171FT SLP155
CYAW,2024-08-14 15:41,-63.4994,44.6397,CYAW 141541Z CCA 34008KT 12SM VCSH BKN025 OVC250 22/18 A2999 RMK CU5CI3 DENSITY ALT 1143FT CB EMBD NW SH NW SLP156
CYAW,2024-08-14 16:00,-63.4994,44.6397,CYAW 141600Z 33007KT 12SM -SHRA BKN025 OVC250 22/18 A2999 RMK CU5CI3 DENSITY ALT 1214FT CB EMBD W SLP155
CYAW,2024-08-14 16:50,-63.4994,44.6397,CYAW 141650Z 32004KT 12SM BKN025 OVC250 23/18 A2998 RMK CU5CI3 DENSITY ALT 1273FT SLP154
CYAW,2024-08-14 17:00,-63.4994,44.6397,CYAW 141700Z 01005KT 12SM FEW029 BKN041 OVC250 22/17 A2998 RMK CU2SC3CI3 DENSITY ALT 1229FT SLP153
CYAW,2024-08-14 17:25,-63.4994,44.6397,CYAW 141725Z 36005KT 12SM -SHRA FEW027 BKN041 OVC250 22/18 A2998 RMK CU1SC4CI3 DENSITY ALT 1192FT SLP153
CYAW,2024-08-14 18:00,-63.4994,44.6397,CYAW 141800Z 36007KT 15SM FEW024 BKN130 OVC250 22/17 A2998 RMK CU2AC3CI4 DENSITY ALT 1196FT SLP151
CYAW,2024-08-14 19:00,-63.4994,44.6397,CYAW 141900Z 03004KT 15SM FEW034 SCT120 OVC250 23/17 A2997 RMK CU2AC1CI5 DENSITY ALT 1286FT SLP149
CYAW,2024-08-14 20:00,-63.4994,44.6397,CYAW 142000Z 04004KT 12SM SCT034 SCT120 OVC250 23/17 A2997 RMK CU3AC1CI4 DENSITY ALT 1266FT SLP149
CYAW,2024-08-14 21:00,-63.4994,44.6397,CYAW 142100Z 13006KT 12SM FEW034 SCT120 OVC250 22/18 A2998 RMK CU2AC2CI4 DENSITY ALT 1156FT SLP151
CYAW,2024-08-14 22:00,-63.4994,44.6397,CYAW 142200Z 19003KT 12SM FEW034 SCT060 BKN120 OVC250 19/17 A2999 RMK CU2CU2AC1CI3 DENSITY ALT 858FT SLP155
CYAW,2024-08-14 22:39,-63.4994,44.6397,CYAW 142239Z 07006KT 10SM -TSRA SCT030CB BKN120 OVC250 19/18 A3000 RMK CB4AC2CI2 DENSITY ALT 822FT TS E MOV SE TS SW MOV SE OCNL LTGCCCG SLP160
CYAW,2024-08-14 23:00,-63.4994,44.6397,CYAW 142300Z 08003KT 12SM TS SCT030CB BKN120 OVC250 18/18 A3001 RMK CB3AC3CI2 DENSITY ALT 744FT TS SE MOV SE SLP162
CYAW,2024-08-14 23:10,-63.4994,44.6397,CYAW 142310Z 10006KT 12SM SCT030 BKN120 OVC250 18/18 A3001 RMK CU3AC3CI2 DENSITY ALT 707FT CB SE MOV SE VIS LWR SW QUAD SLP162
CYAW,2024-08-15 00:00,-63.4994,44.6397,CYAW 150000Z 12004KT 12SM FEW030 SCT080 BKN120 OVC250 17/17 A3002 RMK CU2AC1AC2CI3 DENSITY ALT 550FT SLP166
CYAW,2024-08-15 01:00,-63.4994,44.6397,CYAW 150100Z 08002KT 15SM FEW080 SCT250 17/17 A3003 RMK AC1CI3 DENSITY ALT 539FT SLP170
CYAW,2024-08-15 02:00,-63.4994,44.6397,CYAW 150200Z 09004KT 15SM SCT080 BKN250 16/16 A3004 RMK AC3CI2 DENSITY ALT 380FT SLP174
CYAW,2024-08-15 02:50,-63.4994,44.6397,CYAW 150250Z 05004KT 15SM SCT080 BKN250 16/16 A3004 RMK AC3CI2 DENSITY ALT 394FT LAST OBS /NEXT 151400 UTC SLP173
CYAW,2024-08-15 14:00,-63.4994,44.6397,CYAW 151400Z 08007KT 15SM FEW019 FEW035 BKN250 21/17 A3007 RMK CU1SC1CI4 DENSITY ALT 971FT FST OBS SLP182
CYAW,2024-08-15 15:00,-63.4994,44.6397,CYAW 151500Z 12008KT 15SM FEW020 BKN250 22/17 A3006 RMK CU1CI5 DENSITY ALT 1047FT SLP180
CYAW,2024-08-15 16:00,-63.4994,44.6397,CYAW 151600Z 12005KT 15SM FEW020 OVC250 22/17 A3005 RMK CU1CI7 DENSITY ALT 1134FT SLP175
CYAW,2024-08-15 17:00,-63.4994,44.6397,CYAW 151700Z 14006KT 15SM FEW020 BKN250 22/17 A3004 RMK CU1CI6 DENSITY ALT 1092FT SLP174
CYAW,2024-08-15 18:00,-63.4994,44.6397,CYAW 151800Z 18007KT 15SM FEW020 FEW220 OVC250 22/17 A3004 RMK CU1CC1CI7 DENSITY ALT 1071FT SLP172
CYAW,2024-08-15 19:00,-63.4994,44.6397,CYAW 151900Z 15009KT 15SM FEW020 OVC250 21/18 A3003 RMK CU1CI7 DENSITY ALT 1036FT SLP171
CYAW,2024-08-15 20:00,-63.4994,44.6397,CYAW 152000Z 15008KT 15SM FEW020 OVC250 21/19 A3004 RMK CU2CI6 DENSITY ALT 1013FT SLP172
CYAW,2024-08-15 21:00,-63.4994,44.6397,CYAW 152100Z 15009KT 15SM FEW020 OVC250 20/19 A3004 RMK CU2CI6 DENSITY ALT 949FT SLP172
CYAW,2024-08-15 22:00,-63.4994,44.6397,CYAW 152200Z 17005KT 12SM FEW020 OVC250 20/19 A3004 RMK CU1CI7 DENSITY ALT 877FT SLP172
CYAW,2024-08-15 23:00,-63.4994,44.6397,CYAW 152300Z 14003KT 12SM FEW020 OVC250 19/18 A3005 RMK CU1CI7 DENSITY ALT 759FT SLP175
CYAW,2024-08-16 00:00,-63.4994,44.6397,CYAW 160000Z 06003KT 12SM FEW020 FEW120 OVC250 17/17 A3006 RMK CU1AC1CI6 DENSITY ALT 558FT SLP181
CYAW,2024-08-16 01:00,-63.4994,44.6397,CYAW 160100Z 21004KT 12SM FEW120 OVC250 17/17 A3006 RMK AC1CI8 DENSITY ALT 531FT SLP178
CYAW,2024-08-16 02:00,-63.4994,44.6397,CYAW 160200Z 03005KT 12SM OVC250 16/16 A3007 RMK CI8 DENSITY ALT 306FT LAST OBS /NEXT 161000 UTC SLP182
CYAW,2024-08-16 10:00,-63.4994,44.6397,CYAW 161000Z 02003KT 3SM BR FEW002 FEW030 FEW250 15/15 A3007 RMK SF1SC1CI1 DENSITY ALT 172FT FST OBS SLP182
CYAW,2024-08-16 10:38,-63.4994,44.6397,CYAW 161038Z 36003KT 8SM VCFG BKN008 BKN250 16/16 A3008 RMK SF5CI2 DENSITY ALT 387FT FG BANK S QUAD VIS 2 SLP185
CYAW,2024-08-16 11:00,-63.4994,44.6397,CYAW 161100Z 05003KT 10SM VCFG BKN006 17/17 A3008 RMK SF7 DENSITY ALT 455FT FG BANK S VIS 2 SLP185
CYAW,2024-08-16 11:22,-63.4994,44.6397,CYAW 161122Z 07004KT 6SM BR OVC004 17/17 A3008 RMK SF8 DENSITY ALT 482FT VIS LWR S QUAD SLP186
CYAW,2024-08-16 11:34,-63.4994,44.6397,CYAW 161134Z 05005KT 1SM BR OVC004 17/17 A3008 RMK SF8 DENSITY ALT 508FT SLP186
CYAW,2024-08-16 11:51,-63.4994,44.6397,CYAW 161151Z 05003KT 4SM BR BKN007 18/18 A3009 RMK SF7 DENSITY ALT 550FT SLP189
CYAW,2024-08-16 12:00,-63.4994,44.6397,CYAW 161200Z 07004KT 6SM BR OVC007 18/18 A3009 RMK SF8 DENSITY ALT 537FT SLP189
CYAW,2024-08-16 12:44,-63.4994,44.6397,CYAW 161244Z 05004KT 8SM OVC004 18/18 A3009 RMK SF8 DENSITY ALT 631FT SLP190
CYAW,2024-08-16 13:00,-63.4994,44.6397,CYAW 161300Z 08002KT 10SM OVC004 19/19 A3009 RMK SF8 DENSITY ALT 698FT SLP191
CYAW,2024-08-16 13:23,-63.4994,44.6397,CYAW 161323Z 06005KT 12SM FEW004 SCT009 BKN250 20/20 A3009 RMK SF1CU3CI4 DENSITY ALT 923FT SLP191
CYAW,2024-08-16 14:00,-63.4994,44.6397,CYAW 161400Z 08002KT 15SM SCT020 BKN250 21/20 A3010 RMK CU3CI2 DENSITY ALT 937FT SLP192
CYAW,2024-08-16 15:00,-63.4994,44.6397,CYAW 161500Z 13003KT 15SM BKN020 OVC250 22/19 A3009 RMK CU5CI3 DENSITY ALT 1042FT SLP189
CYAW,2024-08-16 16:00,-63.4994,44.6397,CYAW 161600Z 13006KT 15SM BKN020 OVC250 22/19 A3009 RMK CU5CI3 DENSITY ALT 1079FT SLP188
CYAW,2024-08-16 17:00,-63.4994,44.6397,CYAW 161700Z 19007KT 15SM SCT025 BKN250 23/19 A3008 RMK CU4CI3 DENSITY ALT 1160FT SLP187
CYAW,2024-08-16 18:00,-63.4994,44.6397,CYAW 161800Z 19007KT 15SM SCT025 BKN250 22/18 A3008 RMK CU3CI4 DENSITY ALT 1065FT SLP185
CYAW,2024-08-16 19:00,-63.4994,44.6397,CYAW 161900Z CCA 16010KT 15SM FEW025 BKN250 22/17 A3007 RMK CU1CI6 DENSITY ALT 1082FT LAST OBS /NEXT 190900 UTC SLP184
CYAW,2024-08-19 09:00,-63.4994,44.6397,CYAW 190900Z 08007KT 1 1/2SM SHRA BR OVC002 21/21 A2982 RMK SF8 DENSITY ALT 1290FT FST OBS SLP099
CYAW,2024-08-19 09:18,-63.4994,44.6397,CYAW 190918Z 07003KT 4SM -SHRA BR OVC003 21/21 A2982 RMK SF8 DENSITY ALT 1304FT VIS LWR N SLP098
CYAW,2024-08-19 09:40,-63.4994,44.6397,CYAW 190940Z 06005KT 4SM -SHRA BR BKN005 OVC015 21/21 A2981 RMK SF7SC1 DENSITY ALT 1329FT SLP093
CYAW,2024-08-19 10:00,-63.4994,44.6397,CYAW 191000Z 02005KT 5SM -SHRA BR BKN005 OVC015 21/21 A2980 RMK SF6SC2 DENSITY ALT 1354FT PCPN VRY LGT SLP092
CYAW,2024-08-19 10:21,-63.4994,44.6397,CYAW 191021Z 05005KT 3SM -SHRA BR BKN004 OVC020 21/21 A2980 RMK SF7SC1 DENSITY ALT 1354FT SLP091
CYAW,2024-08-19 10:44,-63.4994,44.6397,CYAW 191044Z 05002KT 3SM SHRA BR BKN003 OVC015 21/21 A2980 RMK SF7SC1 DENSITY ALT 1367FT SLP092
CYAW,2024-08-19 11:00,-63.4994,44.6397,CYAW 191100Z 01003KT 1SM +SHRA BR OVC003 21/21 A2980 RMK SF8 DENSITY ALT 1367FT SLP092
CYAW,2024-08-19 11:10,-63.4994,44.6397,CYAW 191110Z 07003KT 1 1/2SM -SHRA BR OVC004 21/21 A2980 RMK SF8 DENSITY ALT 1381FT SLP091
CYAW,2024-08-19 11:32,-63.4994,44.6397,CYAW 191132Z 05004KT 4SM -SHRA BR BKN003 OVC010 22/22 A2980 RMK SF7SC1 DENSITY ALT 1408FT SLP090
CYAW,2024-08-19 11:48,-63.4994,44.6397,CYAW 191148Z 03006KT 3SM -SHRA BR OVC005 22/22 A2978 RMK SF8 DENSITY ALT 1444FT PCPN VRY LGT SLP085
CYAW,2024-08-19 12:00,-63.4994,44.6397,CYAW 191200Z 05006KT 3SM -SHRA BR OVC006 22/22 A2979 RMK SF8 DENSITY ALT 1444FT VIS HYR NW SLP086
CYAW,2024-08-19 12:26,-63.4994,44.6397,CYAW 191226Z 04005KT 4SM BR BKN007 OVC020 22/22 A2978 RMK SF7SC1 DENSITY ALT 1485FT SLP085
CYAW,2024-08-19 13:00,-63.4994,44.6397,CYAW 191300Z 08005KT 5SM -SHRA BR OVC008 22/22 A2979 RMK SF8 DENSITY ALT 1514FT PCPN VRY LGT SLP087
CYAW,2024-08-19 13:22,-63.4994,44.6397,CYAW 191322Z 05004KT 3SM -SHRA BR BKN004 OVC015 22/22 A2979 RMK SF7SC1 DENSITY ALT 1499FT SLP086
CYAW,2024-08-19 14:00,-63.4994,44.6397,CYAW 191400Z 06006KT 5SM -SHRA BR BKN004 BKN015 BKN120 23/23 A2976 RMK SF5SC1AC1 DENSITY ALT 1603FT VIS LWR S SLP078
CYAW,2024-08-19 15:00,-63.4994,44.6397,CYAW 191500Z 03006KT 5SM -SHRA BR BKN004 BKN020 BKN120 23/23 A2975 RMK SF5SC1AC1 DENSITY ALT 1683FT VIS LWR N PCPN VRY LGT SLP073
CYAW,2024-08-19 15:43,-63.4994,44.6397,CYAW 191543Z 05004KT 15SM SCT020 BKN120 BKN240 25/24 A2974 RMK SC4AC2CI1 DENSITY ALT 1950FT SLP069
CYAW,2024-08-19 16:00,-63.4994,44.6397,CYAW 191600Z 05005KT 15SM SCT020 BKN120 BKN240 26/24 A2973 RMK SC4AC2CI1 DENSITY ALT 2020FT SLP066
CYAW,2024-08-19 17:00,-63.4994,44.6397,CYAW 191700Z 06002KT 15SM BKN025 BKN120 BKN240 26/24 A2971 RMK CU5AC2CI1 DENSITY ALT 2109FT SLP061
CYAW,2024-08-19 18:00,-63.4994,44.6397,CYAW 191800Z 16005KT 15SM BKN025 BKN120 BKN250 27/25 A2971 RMK CU5AC2CI1 DENSITY ALT 2187FT SLP059
CYAW,2024-08-19 19:00,-63.4994,44.6397,CYAW 191900Z 19007KT 15SM SCT025 BKN120 BKN250 26/25 A2970 RMK CU4AC1CI1 DENSITY ALT 2105FT SLP058
CYAW,2024-08-19 20:00,-63.4994,44.6397,CYAW 192000Z 18007KT 15SM FEW007 SCT025 BKN120 BKN250 25/24 A2970 RMK SF1CU3AC2CI1 DENSITY ALT 1935FT LAST OBS /NEXT 200900 UTC SLP058
CYAW,2024-08-20 09:00,-63.4994,44.6397,CYAW 200900Z 22013KT 2SM -SHRA BR OVC003 22/22 A2973 RMK SF8 DENSITY ALT 1488FT FST OBS SLP066
CYAW,2024-08-20 09:32,-63.4994,44.6397,CYAW 200932Z 22012G20KT 3SM BR OVC003 21/21 A2973 RMK SF8 DENSITY ALT 1434FT SLP068
CYAW,2024-08-20 10:00,-63.4994,44.6397,CYAW 201000Z 23009G18KT 1 1/2SM -DZ BR OVC002 21/21 A2974 RMK SF8 DENSITY ALT 1382FT PCPN VRY LGT SLP071
CYAW,2024-08-20 10:34,-63.4994,44.6397,CYAW 201034Z 22010G16KT 1 1/4SM -DZ BR OVC002 21/21 A2975 RMK SF8 DENSITY ALT 1330FT PCPN VRY LGT SLP073
CYAW,2024-08-20 11:00,-63.4994,44.6397,CYAW 201100Z 24010KT 1 1/4SM -DZ BR OVC002 20/20 A2975 RMK SF8 DENSITY ALT 1317FT VIS HYR S PCPN VRY LGT SLP074
CYAW,2024-08-20 11:17,-63.4994,44.6397,CYAW 201117Z 23010G17KT 1 1/2SM -SHRA BR OVC002 21/21 A2975 RMK SF8 DENSITY ALT 1330FT SLP075
CYAW,2024-08-20 11:40,-63.4994,44.6397,CYAW 201140Z 21005KT 1 1/4SM BR OVC001 21/21 A2976 RMK SF8 DENSITY ALT 1332FT SLP078
CYAW,2024-08-20 12:00,-63.4994,44.6397,CYAW 201200Z 23008KT 1SM -DZ BR OVC001 20/20 A2976 RMK SF8 DENSITY ALT 1305FT PCPN VRY LGT SLP078
CYAW,2024-08-20 13:00,-63.4994,44.6397,CYAW 201300Z 22007KT 1 1/4SM -DZ BR OVC001 20/20 A2978 RMK SF8 DENSITY ALT 1255FT SLP085
CYAW,2024-08-20 13:18,-63.4994,44.6397,CYAW 201318Z 24006KT 3/4SM -DZ BR OVC001 21/21 A2979 RMK SF8 DENSITY ALT 1284FT PCPN VRY LGT SLP086
CYAW,2024-08-20 13:43,-63.4994,44.6397,CYAW 201343Z 22010KT 1 1/4SM -DZ BR OVC001 21/21 A2979 RMK SF8 DENSITY ALT 1338FT PCPN VRY LGT SLP088
CYAW,2024-08-20 14:00,-63.4994,44.6397,CYAW 201400Z 23008G17KT 1 1/2SM BR OVC002 21/21 A2978 RMK SF8 DENSITY ALT 1404FT SLP085
CYAW,2024-08-20 14:43,-63.4994,44.6397,CYAW 201443Z 20008KT 4SM BR OVC004 21/21 A2978 RMK SF8 DENSITY ALT 1417FT SLP085
CYAW,2024-08-20 15:00,-63.4994,44.6397,CYAW 201500Z 22009KT 4SM BR OVC004 22/22 A2978 RMK SF8 DENSITY ALT 1444FT SLP085
CYAW,2024-08-20 16:00,-63.4994,44.6397,CYAW 201600Z 21008KT 5SM BR OVC004 21/21 A2978 RMK SF8 DENSITY ALT 1417FT SLP085
CYAW,2024-08-20 17:00,-63.4994,44.6397,CYAW 201700Z 21007KT 5SM BR OVC004 21/21 A2979 RMK SF8 DENSITY ALT 1379FT SLP089
CYAW,2024-08-20 17:44,-63.4994,44.6397,CYAW 201744Z 21009G16KT 1SM BR OVC003 21/21 A2979 RMK SF8 DENSITY ALT 1338FT VIS VRB 3/4-1 1/4 SLP088
CYAW,2024-08-20 18:00,-63.4994,44.6397,CYAW 201800Z 21006KT 1 1/2SM BR OVC003 21/21 A2979 RMK SF8 DENSITY ALT 1365FT VIS VRB 1-2 SLP086
CYAW,2024-08-20 18:23,-63.4994,44.6397,CYAW 201823Z 21007KT 1 1/2SM -SHRA BR OVC003 21/21 A2978 RMK SF8 DENSITY ALT 1377FT VIS VRB 1-2 SLP085
CYAW,2024-08-20 18:53,-63.4994,44.6397,CYAW 201853Z 20007KT 2SM BR OVC003 21/21 A2979 RMK SF8 DENSITY ALT 1379FT VIS VRB 1 1/2-2 1/2 SLP088
CYAW,2024-08-20 19:00,-63.4994,44.6397,CYAW 201900Z 20007KT 2 1/2SM BR OVC003 21/21 A2979 RMK SF8 DENSITY ALT 1352FT VIS VRB 1 1/2-4 SLP087
CYAW,2024-08-20 19:24,-63.4994,44.6397,CYAW 201924Z 22007KT 8SM BKN003 OVC010 22/22 A2978 RMK SF6SC2 DENSITY ALT 1485FT SLP085
CYAW,2024-08-20 20:00,-63.4994,44.6397,CYAW 202000Z 21007G16KT 8SM BKN006 OVC015 22/22 A2979 RMK SF6SC2 DENSITY ALT 1514FT CIG VRB 4-8 SLP086
CYAW,2024-08-20 21:00,-63.4994,44.6397,CYAW 202100Z 21007KT 8SM BKN007 OVC015 21/21 A2979 RMK SF6SC2 DENSITY ALT 1352FT SLP087
CYAW,2024-08-20 22:00,-63.4994,44.6397,CYAW 202200Z 20008KT 10SM OVC010 21/21 A2979 RMK SF8 DENSITY ALT 1365FT CIG VRB 7-13 SLP088
CYAW,2024-08-20 23:00,-63.4994,44.6397,CYAW 202300Z 22007KT 12SM OVC008 21/21 A2981 RMK SF8 DENSITY ALT 1302FT CIG VRB 6-10 SLP093
CYAW,2024-08-20 23:41,-63.4994,44.6397,CYAW 202341Z 21008KT 10SM OVC006 21/21 A2981 RMK SF8 DENSITY ALT 1275FT CIG VRB 4-8 LAST OBS /NEXT 211300 UTC SLP093
CYAW,2024-08-21 14:00,-63.4994,44.6397,CYAW 211400Z 26005KT 15SM FEW008 BKN020 BKN250 21/19 A2993 RMK SF1SC6CC1 DENSITY ALT 1137FT FST OBS SLP136
CYAW,2024-08-21 15:00,-63.4994,44.6397,CYAW 211500Z 23005KT 15SM BKN022 21/18 A2994 RMK SC7 DENSITY ALT 1147FT SLP139
CYAW,2024-08-21 16:00,-63.4994,44.6397,CYAW 211600Z 21006KT 15SM BKN022 BKN150 BKN250 22/19 A2994 RMK SC6AC1CI1 DENSITY ALT 1203FT SLP140
CYAW,2024-08-21 17:00,-63.4994,44.6397,CYAW 211700Z 19006KT 15SM BKN032 BKN150 BKN250 22/19 A2994 RMK SC5AC2CI1 DENSITY ALT 1277FT SLP140
CYAW,2024-08-21 18:00,-63.4994,44.6397,CYAW 211800Z 22008KT 15SM SCT030 BKN180 BKN250 23/19 A2995 RMK SC4AC3CI1 DENSITY ALT 1341FT SLP142
CYAW,2024-08-21 19:00,-63.4994,44.6397,CYAW 211900Z 21008KT 15SM FEW020 FEW030 FEW180 BKN250 23/19 A2995 RMK CU2SC1AC1CI5 DENSITY ALT 1398FT SLP144
CYAW,2024-08-21 20:00,-63.4994,44.6397,CYAW 212000Z 23010KT 15SM FEW025 SCT180 BKN250 21/18 A2996 RMK CU2AC2CI3 DENSITY ALT 1146FT SLP145
CYAW,2024-08-21 21:00,-63.4994,44.6397,CYAW 212100Z 23007KT 15SM FEW030 BKN180 BKN250 21/18 A2997 RMK SC2AC3CI2 DENSITY ALT 1075FT SLP150
CYAW,2024-08-21 22:00,-63.4994,44.6397,CYAW 212200Z 23005KT 15SM FEW030 SCT180 BKN250 20/17 A2999 RMK SC1AC2CI2 DENSITY ALT 941FT LAST OBS /NEXT 221400 UTC SLP156
CYAW,2024-08-22 14:00,-63.4994,44.6397,CYAW 221400Z 24007KT 15SM FEW025 SCT250 20/15 A3013 RMK CU2CI1 DENSITY ALT 757FT FST OBS SLP202
CYAW,2024-08-22 15:00,-63.4994,44.6397,CYAW 221500Z 23007KT 15SM SCT030 SCT250 21/15 A3013 RMK CU3CI1 DENSITY ALT 897FT SLP204
CYAW,2024-08-22 16:00,-63.4994,44.6397,CYAW 221600Z 24010G15KT 15SM SCT030 SCT250 22/14 A3014 RMK CU3CI1 DENSITY ALT 904FT SLP205
CYAW,2024-08-22 17:00,-63.4994,44.6397,CYAW 221700Z 22008KT 15SM FEW035 SCT250 22/15 A3013 RMK CU2CI1 DENSITY ALT 976FT SLP204
CYAW,2024-08-22 18:00,-63.4994,44.6397,CYAW 221800Z 20010G15KT 15SM FEW030 SCT250 21/14 A3013 RMK CU2CI1 DENSITY ALT 897FT SLP203
CYAW,2024-08-22 19:00,-63.4994,44.6397,CYAW 221900Z 19009KT 15SM FEW030 FEW250 21/13 A3013 RMK CU1CI1 DENSITY ALT 865FT SLP202
CYAW,2024-08-22 20:00,-63.4994,44.6397,CYAW 222000Z 20010G16KT 15SM FEW030 FEW250 21/14 A3013 RMK CU1CI1 DENSITY ALT 829FT SLP203
CYAW,2024-08-22 21:00,-63.4994,44.6397,CYAW 222100Z 20008KT 15SM FEW030 FEW250 20/14 A3013 RMK CU1CI1 DENSITY ALT 744FT SLP204
CYAW,2024-08-22 22:00,-63.4994,44.6397,CYAW 222200Z 22009KT 15SM FEW030 FEW250 19/14 A3014 RMK CU1CI1 DENSITY ALT 635FT SLP207
CYAW,2024-08-22 23:00,-63.4994,44.6397,CYAW 222300Z 22005KT 15SM FEW030 FEW250 18/15 A3015 RMK CU1CI1 DENSITY ALT 439FT SLP211
CYAW,2024-08-23 00:00,-63.4994,44.6397,CYAW 230000Z 24004KT 15SM FEW030 FEW250 17/15 A3016 RMK SC1CI1 DENSITY ALT 296FT SLP214
CYAW,2024-08-23 01:00,-63.4994,44.6397,CYAW 230100Z 25005KT 15SM FEW030 FEW230 16/15 A3016 RMK CU1CI1 DENSITY ALT 272FT SLP214
CYAW,2024-08-23 02:00,-63.4994,44.6397,CYAW 230200Z 24002KT 15SM FEW030 FEW230 16/15 A3016 RMK CU1CI1 DENSITY ALT 260FT SLP212
CYAW,2024-08-23 03:00,-63.4994,44.6397,CYAW 230300Z 23003KT 15SM FEW030 FEW230 15/15 A3015 RMK CU1CI1 DENSITY ALT 141FT LAST OBS /NEXT 230900 UTC SLP210
CYAW,2024-08-23 09:00,-63.4994,44.6397,CYAW 230900Z 06003KT 15SM BKN038 BKN060 13/13 A3014 RMK SC5SC2 DENSITY ALT -159FT FST OBS SLP206
CYAW,2024-08-23 10:00,-63.4994,44.6397,CYAW 231000Z 10003KT 15SM BKN036 BKN050 14/14 A3015 RMK SC6SC1 DENSITY ALT -25FT SH DIST S SLP209
CYAW,2024-08-23 10:37,-63.4994,44.6397,CYAW 231037Z 10003KT 15SM -SHRA SCT036 BKN055 14/14 A3014 RMK SC4SC3 DENSITY ALT 66FT PCPN VRY LGT SLP207
CYAW,2024-08-23 11:00,-63.4994,44.6397,CYAW 231100Z 04002KT 15SM -SHRA BKN036 BKN055 15/15 A3014 RMK SC5SC2 DENSITY ALT 146FT PCPN VRY LGT SLP208
CYAW,2024-08-23 11:20,-63.4994,44.6397,CYAW 231120Z 11003KT 15SM FEW009 BKN036 BKN055 15/15 A3015 RMK SF1SC7SC1 DENSITY ALT 188FT SH DIST E SLP209
CYAW,2024-08-23 12:00,-63.4994,44.6397,CYAW 231200Z 14002KT 15SM FEW020 BKN030 16/16 A3014 RMK SC1SC6 DENSITY ALT 291FT SH DIST SE SLP207
CYAW,2024-08-23 13:00,-63.4994,44.6397,CYAW 231300Z 23004KT 15SM SCT020 BKN030 19/17 A3015 RMK SC3SC3 DENSITY ALT 597FT SLP209
CYAW,2024-08-23 14:00,-63.4994,44.6397,CYAW 231400Z 19004KT 15SM FEW020 FEW150 SCT250 19/15 A3013 RMK CU2AC1CI2 DENSITY ALT 681FT SLP204
CYAW,2024-08-23 15:00,-63.4994,44.6397,CYAW 231500Z 26008KT 15SM SCT022 SCT150 SCT250 21/15 A3012 RMK CU4AC1CI1 DENSITY ALT 872FT SLP200
CYAW,2024-08-23 16:00,-63.4994,44.6397,CYAW 231600Z 22007KT 15SM BKN033 BKN150 BKN250 21/15 A3011 RMK CU5AC1CI1 DENSITY ALT 887FT SLP198
CYAW,2024-08-23 17:00,-63.4994,44.6397,CYAW 231700Z 24007KT 15SM SCT035 SCT250 23/15 A3010 RMK CU4CI1 DENSITY ALT 1084FT SLP193
CYAW,2024-08-23 18:00,-63.4994,44.6397,CYAW 231800Z 22012KT 15SM SCT035 SCT150 SCT250 22/15 A3009 RMK CU3AC1CI1 DENSITY ALT 1073FT SLP189
CYAW,2024-08-23 19:00,-63.4994,44.6397,CYAW 231900Z CCA 23011KT 15SM FEW035 BKN085 BKN250 21/16 A3009 RMK CU2AC3CI1 DENSITY ALT 959FT LAST OBS /NEXT 261300 UTC SLP190
CYAW,2024-08-25 20:00,-63.4994,44.6397,CYAW 252000Z 18006KT 15SM FEW040 SCT250 25/17 A3020 RMK CU1CI2 DENSITY ALT 1285FT FST OBS SLP226
CYAW,2024-08-25 21:00,-63.4994,44.6397,CYAW 252100Z 20007KT 15SM FEW040 SCT250 24/16 A3020 RMK CU1CI3 DENSITY ALT 1131FT SLP227
CYAW,2024-08-25 22:00,-63.4994,44.6397,CYAW 252200Z CCA 20005KT 15SM FEW040 FEW180 SCT250 22/15 A3020 RMK CU1AC1CI4 DENSITY ALT 924FT LAST OBS /NEXT 261300 UTC SLP228
CYAW,2024-08-26 13:00,-63.4994,44.6397,CYAW 261300Z 07005KT 15SM BKN130 OVC250 19/19 A3018 RMK AC5CI3 DENSITY ALT 622FT FST OBS SLP219
CYAW,2024-08-26 14:00,-63.4994,44.6397,CYAW 261400Z 10005KT 15SM FEW020 OVC130 20/19 A3017 RMK CF1AS8 DENSITY ALT 762FT SUN DIMLY VISBL SLP218
CYAW,2024-08-26 15:00,-63.4994,44.6397,CYAW 261500Z 13005KT 15SM FEW015 OVC150 20/19 A3017 RMK CF1AS7 DENSITY ALT 805FT SUN DIMLY VISBL SLP216
CYAW,2024-08-26 16:00,-63.4994,44.6397,CYAW 261600Z 12006KT 15SM FEW015 BKN160 BKN250 20/18 A3016 RMK CF1AS6CI1 DENSITY ALT 797FT SUN DIMLY VISBL SLP212
CYAW,2024-08-26 17:00,-63.4994,44.6397,CYAW 261700Z 14004KT 15SM FEW020 BKN180 BKN250 20/17 A3015 RMK CU1AS6CI1 DENSITY ALT 790FT SLP209
CYAW,2024-08-26 18:00,-63.4994,44.6397,CYAW 261800Z 15004KT 15SM FEW020 BKN180 BKN250 20/18 A3013 RMK CU1AC5CI2 DENSITY ALT 801FT SLP204
CYAW,2024-08-26 19:00,-63.4994,44.6397,CYAW 261900Z 12002KT 15SM FEW020 SCT180 BKN250 20/18 A3013 RMK CU1AC3CI3 DENSITY ALT 827FT SLP202
CYAW,2024-08-26 20:00,-63.4994,44.6397,CYAW 262000Z 14004KT 15SM FEW020 BKN220 20/17 A3011 RMK CF1CS6 DENSITY ALT 849FT SLP197
CYAW,2024-08-26 21:00,-63.4994,44.6397,CYAW 262100Z 15007KT 15SM FEW020 FEW180 SCT250 21/16 A3011 RMK CF1AC1CI3 DENSITY ALT 877FT SLP196
CYAW,2024-08-26 22:00,-63.4994,44.6397,CYAW 262200Z 13005KT 15SM FEW030 SCT180 BKN250 20/17 A3011 RMK CU1AC3CI3 DENSITY ALT 744FT SLP196
CYAW,2024-08-26 23:00,-63.4994,44.6397,CYAW 262300Z 10004KT 15SM FEW030 FEW180 SCT250 18/18 A3011 RMK SC1AC2CI2 DENSITY ALT 514FT SLP196
CYAW,2024-08-27 00:00,-63.4994,44.6397,CYAW 270000Z 08003KT 15SM SCT016 BKN180 16/16 A3011 RMK SC3AC2 DENSITY ALT 300FT SLP198
CYAW,2024-08-27 01:00,-63.4994,44.6397,CYAW 270100Z 00000KT 15SM FEW015 FEW160 16/16 A3012 RMK SC1AC1 DENSITY ALT 316FT SLP200
CYAW,2024-08-27 01:37,-63.4994,44.6397,CYAW 270137Z 17003KT 15SM FEW015 16/16 A3012 RMK SC1 DENSITY ALT 342FT LAST OBS /NEXT 271300 UTC SLP200
CYAW,2024-08-27 13:00,-63.4994,44.6397,CYAW 271300Z 23004KT 9SM BKN011 18/18 A3009 RMK SC7 DENSITY ALT 649FT FST OBS SLP191
CYAW,2024-08-27 14:00,-63.4994,44.6397,CYAW 271400Z 26005KT 15SM SCT013 SCT250 20/18 A3009 RMK SC3CI1 DENSITY ALT 825FT SLP191
CYAW,2024-08-27 15:00,-63.4994,44.6397,CYAW 271500Z 17008KT 15SM FEW015 SCT250 19/18 A3009 RMK CU1CI2 DENSITY ALT 765FT SLP188
CYAW,2024-08-27 16:00,-63.4994,44.6397,CYAW 271600Z 17010KT 15SM FEW025 SCT250 19/18 A3007 RMK CU2CI1 DENSITY ALT 773FT SLP184
CYAW,2024-08-27 17:00,-63.4994,44.6397,CYAW 271700Z 18008KT 15SM FEW025 FEW250 20/18 A3007 RMK CU1CI1 DENSITY ALT 878FT SLP182
CYAW,2024-08-27 18:00,-63.4994,44.6397,CYAW 271800Z 20011G17KT 15SM FEW025 FEW250 20/18 A3006 RMK CU1CI1 DENSITY ALT 914FT SLP178
CYAW,2024-08-27 19:00,-63.4994,44.6397,CYAW 271900Z 20008KT 15SM SCT025 SCT250 21/18 A3004 RMK CU3CI1 DENSITY ALT 970FT SLP173
CYAW,2024-08-27 20:00,-63.4994,44.6397,CYAW 272000Z 21009KT 15SM FEW025 20/18 A3003 RMK CU1 DENSITY ALT 941FT SLP169
CYAW,2024-08-27 21:00,-63.4994,44.6397,CYAW 272100Z 22007KT 15SM FEW020 FEW080 FEW250 20/18 A3002 RMK CU1AC1CI2 DENSITY ALT 915FT SLP167
CYAW,2024-08-27 22:00,-63.4994,44.6397,CYAW 272200Z 20007KT 15SM FEW015 FEW025 18/17 A3002 RMK SC1CU1 DENSITY ALT 721FT CU TR SLP165
CYAW,2024-08-27 22:37,-63.4994,44.6397,CYAW 272237Z 21009KT 15SM BKN011 18/17 A3002 RMK SC6 DENSITY ALT 624FT SLP167
CYAW,2024-08-27 23:00,-63.4994,44.6397,CYAW 272300Z 22009G19KT 15SM BKN009 17/17 A3002 RMK SF6 DENSITY ALT 599FT SLP166
CYAW,2024-08-28 00:00,-63.4994,44.6397,CYAW 280000Z 20004KT 15SM BKN008 17/17 A3002 RMK SF6 DENSITY ALT 537FT SLP166
CYAW,2024-08-28 01:00,-63.4994,44.6397,CYAW 280100Z 24004KT 12SM SCT007 17/17 A3001 RMK SF4 DENSITY ALT 508FT SLP164
CYAW,2024-08-28 01:33,-63.4994,44.6397,CYAW 280133Z 22002KT 12SM FEW007 16/16 A3001 RMK SF1 DENSITY ALT 481FT LAST OBS /NEXT 281300 UTC SLP161
CYAW,2024-08-28 13:00,-63.4994,44.6397,CYAW 281300Z 23009KT 6SM BR OVC005 16/16 A2990 RMK SF8 DENSITY ALT 581FT CIG VRB 3-7 FST OBS SLP124
CYAW,2024-08-28 14:00,-63.4994,44.6397,CYAW 281400Z 23011KT 6SM BR OVC005 16/16 A2990 RMK SF8 DENSITY ALT 566FT VIS LWR NW CIG VRB 3-7 SLP124
CYAW,2024-08-28 15:00,-63.4994,44.6397,CYAW 281500Z 23012G18KT 5SM -DZ BR OVC005 17/17 A2988 RMK SF8 DENSITY ALT 656FT PCPN VRY LGT SLP118
CYAW,2024-08-28 16:00,-63.4994,44.6397,CYAW 281600Z 23010G17KT 8SM OVC005 17/17 A2986 RMK SF8 DENSITY ALT 729FT SLP111
CYAW,2024-08-28 16:46,-63.4994,44.6397,CYAW 281646Z 23010G19KT 8SM OVC004 17/17 A2983 RMK SF8 DENSITY ALT 740FT SLP103
CYAW,2024-08-28 17:00,-63.4994,44.6397,CYAW 281700Z 23009G19KT 9SM OVC004 17/17 A2983 RMK SF8 DENSITY ALT 767FT SLP101
CYAW,2024-08-28 17:43,-63.4994,44.6397,CYAW 281743Z 23010KT 9SM -SHRA OVC005 17/17 A2982 RMK SF8 DENSITY ALT 803FT PCPN VRY LGT SLP097
CYAW,2024-08-28 18:00,-63.4994,44.6397,CYAW 281800Z 23007KT 9SM -SHRA OVC005 17/17 A2981 RMK SF8 DENSITY ALT 818FT SLP096
CYAW,2024-08-28 18:23,-63.4994,44.6397,CYAW 281823Z 24009KT 9SM -SHRA OVC004 17/17 A2982 RMK SF8 DENSITY ALT 753FT PCPN VRY LGT SLP097
CYAW,2024-08-28 19:00,-63.4994,44.6397,CYAW 281900Z 21008KT 10SM -SHRA OVC004 17/17 A2979 RMK SF8 DENSITY ALT 787FT PCPN VRY LGT SLP087
CYAW,2024-08-28 19:28,-63.4994,44.6397,CYAW 281928Z 21010KT 6SM -SHRA BR OVC005 17/17 A2978 RMK SF8 DENSITY ALT 772FT CIG VRB 3-7 SLP085
CYAW,2024-08-28 19:41,-63.4994,44.6397,CYAW 281941Z 20008KT 2 1/2SM -SHRA BR OVC005 17/17 A2976 RMK SF8 DENSITY ALT 795FT CIG VRB 3-7 SLP080
CYAW,2024-08-28 20:00,-63.4994,44.6397,CYAW 282000Z 22009KT 4SM -SHRA BR OVC005 17/17 A2976 RMK SF8 DENSITY ALT 795FT SLP079
CYAW,2024-08-28 20:34,-63.4994,44.6397,CYAW 282034Z 24011KT 8SM OVC005 17/17 A2976 RMK SF8 DENSITY ALT 822FT SLP078
CYAW,2024-08-28 21:00,-63.4994,44.6397,CYAW 282100Z 25007KT 3SM -SHRA BR OVC004 17/17 A2976 RMK SF8 DENSITY ALT 795FT SLP078
CYAW,2024-08-28 21:30,-63.4994,44.6397,CYAW 282130Z 24006KT 1 1/2SM -SHRA BR OVC004 16/16 A2976 RMK SF8 DENSITY ALT 755FT SLP077
CYAW,2024-08-28 21:45,-63.4994,44.6397,CYAW 282145Z 26007KT 2 1/2SM -SHRA BR OVC004 16/16 A2976 RMK SF8 DENSITY ALT 769FT PCPN VRY LGT SLP079
CYAW,2024-08-28 22:00,-63.4994,44.6397,CYAW 282200Z 25006KT 4SM BR OVC004 16/16 A2976 RMK SF8 DENSITY ALT 769FT SLP079
CYAW,2024-08-28 22:44,-63.4994,44.6397,CYAW 282244Z 27007KT 2 1/2SM -SHRA BR OVC004 17/17 A2978 RMK SF8 DENSITY ALT 812FT SLP085
CYAW,2024-08-28 23:00,-63.4994,44.6397,CYAW 282300Z 31007KT 2 1/2SM -SHRA BR OVC004 17/17 A2979 RMK SF8 DENSITY ALT 801FT SLP089
CYAW,2024-08-28 23:48,-63.4994,44.6397,CYAW 282348Z 35015G20KT 6SM BR BKN004 BKN015 17/17 A2981 RMK SF5SC2 DENSITY ALT 831FT SLP096
CYAW,2024-08-29 00:00,-63.4994,44.6397,CYAW 290000Z 36013G21KT 8SM BKN008 BKN015 17/17 A2982 RMK SF5SC2 DENSITY ALT 793FT SLP099
CYAW,2024-08-29 00:44,-63.4994,44.6397,CYAW 290044Z 36013G24KT 10SM FEW008 OVC018 16/16 A2985 RMK SF2SC6 DENSITY ALT 656FT SLP110
CYAW,2024-08-29 01:00,-63.4994,44.6397,CYAW 290100Z 01010G21KT 12SM FEW018 OVC039 16/15 A2987 RMK SC2SC6 DENSITY ALT 613FT SLP115
CYAW,2024-08-29 01:46,-63.4994,44.6397,CYAW 290146Z 34011KT 15SM SCT039 15/15 A2989 RMK SC3 DENSITY ALT 464FT LAST OBS /NEXT 291200 UTC SLP123
CYAW,2024-08-29 12:00,-63.4994,44.6397,CYAW 291200Z 33013KT 15SM FEW020 FEW180 SCT250 15/13 A3012 RMK SC1AC1CI2 DENSITY ALT 184FT FST OBS SLP200
CYAW,2024-08-29 13:00,-63.4994,44.6397,CYAW 291300Z 36009G18KT 15SM FEW023 FEW180 SCT250 17/13 A3014 RMK CF2AC1CI2 DENSITY ALT 386FT SLP206
CYAW,2024-08-29 14:00,-63.4994,44.6397,CYAW 291400Z 36010G18KT 15SM BKN032 18/12 A3016 RMK CU5 DENSITY ALT 491FT SLP214
CYAW,2024-08-29 15:00,-63.4994,44.6397,CYAW 291500Z 33013KT 15SM BKN035 BKN250 18/11 A3017 RMK CU5CI1 DENSITY ALT 468FT SLP215
CYAW,2024-08-29 16:00,-63.4994,44.6397,CYAW 291600Z 35011G19KT 15SM BKN035 19/11 A3017 RMK CU5 DENSITY ALT 586FT SLP216
CYAW,2024-08-29 17:00,-63.4994,44.6397,CYAW 291700Z 34013KT 15SM SCT038 20/11 A3017 RMK CU3 DENSITY ALT 690FT SLP218
CYAW,2024-08-29 18:00,-63.4994,44.6397,CYAW 291800Z 33012G19KT 15SM SCT030 21/11 A3018 RMK CU3 DENSITY ALT 743FT SLP220
CYAW,2024-08-29 19:00,-63.4994,44.6397,CYAW 291900Z 36012G18KT 15SM FEW030 21/11 A3019 RMK CU1 DENSITY ALT 726FT SLP223
CYAW,2024-08-29 20:00,-63.4994,44.6397,CYAW 292000Z 35010G16KT 15SM FEW030 21/11 A3020 RMK CU1 DENSITY ALT 737FT SLP227
CYAW,2024-08-29 21:00,-63.4994,44.6397,CYAW 292100Z 01011KT 15SM FEW030 FEW180 20/10 A3022 RMK CU1AC1 DENSITY ALT 564FT SLP234
CYAW,2024-08-29 22:00,-63.4994,44.6397,CYAW 292200Z 03011KT 15SM FEW180 FEW250 19/10 A3024 RMK AC1CI1 DENSITY ALT 402FT SLP241
CYAW,2024-08-29 23:00,-63.4994,44.6397,CYAW 292300Z 04007KT 15SM FEW180 FEW250 16/11 A3027 RMK AC1CI1 DENSITY ALT 99FT SLP252
CYAW,2024-08-29 23:27,-63.4994,44.6397,CYAW 292327Z 03007KT 15SM FEW250 16/11 A3029 RMK CI1 DENSITY ALT 18FT LAST OBS /NEXT 300900 UTC SLP257
CYAW,2024-08-30 09:00,-63.4994,44.6397,CYAW 300900Z 34005KT 15SM FEW030 FEW250 08/08 A3037 RMK SC1CI1 DENSITY ALT -991FT FST OBS SLP286
CYAW,2024-08-30 10:00,-63.4994,44.6397,CYAW 301000Z 33004KT 15SM FEW030 FEW250 09/09 A3039 RMK SC1CI1 DENSITY ALT -961FT SLP292
CYAW,2024-08-30 11:00,-63.4994,44.6397,CYAW 301100Z 33003KT 15SM FEW030 FEW250 12/11 A3041 RMK SC1CI1 DENSITY ALT -619FT SLP297
CYAW,2024-08-30 12:00,-63.4994,44.6397,CYAW 301200Z 36003KT 15SM FEW030 FEW250 15/11 A3040 RMK SC1CI1 DENSITY ALT -235FT SLP296
CYAW,2024-08-30 13:00,-63.4994,44.6397,CYAW 301300Z 07002KT 15SM FEW030 FEW250 16/11 A3041 RMK SC1CI1 DENSITY ALT -85FT SLP297
CYAW,2024-08-30 14:00,-63.4994,44.6397,CYAW 301400Z 35003KT 15SM FEW030 FEW250 17/10 A3041 RMK SC1CI1 DENSITY ALT 60FT SLP298
CYAW,2024-08-30 15:00,-63.4994,44.6397,CYAW 301500Z 19006KT 15SM FEW030 FEW250 18/11 A3041 RMK CU1CI1 DENSITY ALT 185FT SLP297
CYAW,2024-08-30 16:00,-63.4994,44.6397,CYAW 301600Z CCA 19004KT 15SM FEW250 18/11 A3039 RMK CI1 DENSITY ALT 199FT LAST OBS /NEXT 030900 UTC SLP293
CYAW,2024-09-03 09:00,-63.4994,44.6397,CYAW 030900Z 32008KT 15SM BKN080 13/11 A2997 RMK AC6 DENSITY ALT 26FT FST OBS SLP149
CYAW,2024-09-03 10:00,-63.4994,44.6397,CYAW 031000Z 31011KT 15SM BKN075 BKN250 13/11 A2999 RMK AC7CI1 DENSITY ALT 74FT SLP155
CYAW,2024-09-03 11:00,-63.4994,44.6397,CYAW 031100Z 31011KT 15SM FEW020 BKN070 BKN250 14/11 A3001 RMK CU1AC5CI1 DENSITY ALT 90FT SLP161
CYAW,2024-09-03 12:00,-63.4994,44.6397,CYAW 031200Z 32015G21KT 15SM FEW020 FEW070 FEW250 15/11 A3002 RMK CU1AC2CI1 DENSITY ALT 219FT SLP167
CYAW,2024-09-03 13:00,-63.4994,44.6397,CYAW 031300Z 30013KT 15SM FEW025 FEW070 FEW250 16/10 A3004 RMK CU1AC1CI1 DENSITY ALT 355FT SLP174
CYAW,2024-09-03 14:00,-63.4994,44.6397,CYAW 031400Z 31015KT 15SM FEW035 SCT250 17/09 A3006 RMK CU2CI1 DENSITY ALT 413FT SLP179
CYAW,2024-09-03 15:00,-63.4994,44.6397,CYAW 031500Z 29017KT 15SM SCT035 SCT250 18/08 A3006 RMK CU3CI1 DENSITY ALT 521FT SLP180
CYAW,2024-09-03 16:00,-63.4994,44.6397,CYAW 031600Z 31012G19KT 15SM SCT040 SCT250 18/08 A3006 RMK CU4CI1 DENSITY ALT 563FT SLP180
CYAW,2024-09-03 17:00,-63.4994,44.6397,CYAW 031700Z 31014G20KT 15SM SCT040 SCT250 19/08 A3006 RMK CU3CI1 DENSITY ALT 579FT SLP181
CYAW,2024-09-03 18:00,-63.4994,44.6397,CYAW 031800Z 31011G20KT 15SM FEW040 FEW250 19/08 A3006 RMK CU1CI1 DENSITY ALT 662FT SLP179
CYAW,2024-09-03 19:00,-63.4994,44.6397,CYAW 031900Z 29011G21KT 15SM FEW040 19/06 A3007 RMK CU1 DENSITY ALT 592FT SLP182
CYAW,2024-09-03 20:00,-63.4994,44.6397,CYAW 032000Z CCA 31014KT 15SM FEW040 19/06 A3008 RMK CU1 DENSITY ALT 545FT LAST OBS /NEXT 040900 UTC SLP186
CYAW,2024-09-04 09:00,-63.4994,44.6397,CYAW 040900Z 01003KT 15SM FEW250 09/08 A3031 RMK CI1 DENSITY ALT -869FT FST OBS SLP265
CYAW,2024-09-04 10:00,-63.4994,44.6397,CYAW 041000Z 33006KT 15SM FEW250 08/07 A3032 RMK CI1 DENSITY ALT -987FT SLP268
CYAW,2024-09-04 11:00,-63.4994,44.6397,CYAW 041100Z 29006KT 15SM FEW250 14/09 A3035 RMK CI1 DENSITY ALT -311FT SLP279
CYAW,2024-09-04 12:00,-63.4994,44.6397,CYAW 041200Z 29007KT 15SM FEW250 16/09 A3037 RMK CI1 DENSITY ALT -43FT SLP284
CYAW,2024-09-04 13:00,-63.4994,44.6397,CYAW 041300Z 28006KT 15SM FEW250 18/09 A3038 RMK CI1 DENSITY ALT 206FT SLP289
CYAW,2024-09-04 14:00,-63.4994,44.6397,CYAW 041400Z 24005KT 15SM FEW250 20/10 A3039 RMK CI1 DENSITY ALT 396FT SLP293
CYAW,2024-09-04 15:00,-63.4994,44.6397,CYAW 041500Z 22006KT 15SM FEW040 FEW250 21/11 A3040 RMK CU1CI2 DENSITY ALT 544FT SLP294
CYAW,2024-09-04 16:00,-63.4994,44.6397,CYAW 041600Z 25008KT 15SM FEW040 FEW250 22/08 A3039 RMK CU1CI2 DENSITY ALT 629FT SLP292
CYAW,2024-09-04 17:00,-63.4994,44.6397,CYAW 041700Z 26007KT 15SM FEW040 SCT250 22/09 A3039 RMK CU1CI2 DENSITY ALT 630FT SLP291
CYAW,2024-09-04 18:00,-63.4994,44.6397,CYAW 041800Z 23011G17KT 15SM FEW040 SCT250 22/10 A3038 RMK CU1CI2 DENSITY ALT 671FT SLP290
CYAW,2024-09-04 18:46,-63.4994,44.6397,CYAW 041846Z 23010G16KT 15SM FEW040 SCT250 23/10 A3039 RMK CU1CI2 DENSITY ALT 686FT LAST OBS /NEXT 050900 UTC SLP291
CYAW,2024-09-05 09:00,-63.4994,44.6397,CYAW 050900Z 23004KT 15SM FEW250 12/12 A3047 RMK CI2 DENSITY ALT -668FT FST OBS SLP318
CYAW,2024-09-05 10:00,-63.4994,44.6397,CYAW 051000Z 29002KT 15SM SCT250 09/09 A3047 RMK CI3 DENSITY ALT -976FT SLP319
CYAW,2024-09-05 11:00,-63.4994,44.6397,CYAW 051100Z 23002KT 15SM FEW250 13/13 A3048 RMK CI1 DENSITY ALT -498FT SLP321
CYAW,2024-09-05 12:00,-63.4994,44.6397,CYAW 051200Z 23004KT 15SM FEW250 15/13 A3048 RMK CI1 DENSITY ALT -248FT SLP321
CYAW,2024-09-05 13:00,-63.4994,44.6397,CYAW 051300Z 21004KT 15SM SKC 17/13 A3048 RMK DENSITY ALT -8FT SLP322
CYAW,2024-09-05 14:00,-63.4994,44.6397,CYAW 051400Z 21005KT 15SM SKC 20/14 A3047 RMK DENSITY ALT 378FT SLP320
CYAW,2024-09-05 15:00,-63.4994,44.6397,CYAW 051500Z 22009KT 15SM SKC 22/12 A3046 RMK DENSITY ALT 546FT SLP317
CYAW,2024-09-05 16:00,-63.4994,44.6397,CYAW 051600Z 23011KT 15SM SKC 23/12 A3045 RMK DENSITY ALT 636FT SLP312
CYAW,2024-09-05 17:00,-63.4994,44.6397,CYAW 051700Z 23009G18KT 15SM FEW045 23/12 A3044 RMK CU1 DENSITY ALT 649FT SLP309
CYAW,2024-09-05 18:00,-63.4994,44.6397,CYAW 051800Z 20009G15KT 15SM FEW045 22/12 A3044 RMK CU1 DENSITY ALT 621FT SLP307
CYAW,2024-09-05 19:00,-63.4994,44.6397,CYAW 051900Z 21010G16KT 15SM FEW045 22/12 A3043 RMK CU1 DENSITY ALT 604FT SLP304
CYAW,2024-09-05 19:31,-63.4994,44.6397,CYAW 051931Z 21012KT 15SM FEW045 22/12 A3043 RMK CU1 DENSITY ALT 556FT LAST OBS /NEXT 060900 UTC SLP304
CYAW,2024-09-06 09:00,-63.4994,44.6397,CYAW 060900Z CCA 01003KT 15SM BKN020 BKN250 11/11 A3038 RMK SC5CI2 DENSITY ALT -645FT FST OBS SLP287
CYAW,2024-09-06 10:00,-63.4994,44.6397,CYAW 061000Z 04004KT 15SM FEW020 BKN250 12/12 A3036 RMK SC1CI7 DENSITY ALT -450FT SLP281
CYAW,2024-09-06 11:00,-63.4994,44.6397,CYAW 061100Z 05003KT 15SM FEW020 OVC250 14/14 A3035 RMK SC1CI8 DENSITY ALT -213FT SLP280
CYAW,2024-09-06 12:00,-63.4994,44.6397,CYAW 061200Z 06004KT 15SM FEW030 OVC250 16/15 A3034 RMK SC1CI8 DENSITY ALT 27FT SLP275
CYAW,2024-09-06 13:00,-63.4994,44.6397,CYAW 061300Z 10006KT 15SM FEW030 OVC250 18/17 A3033 RMK SC1CS8 DENSITY ALT 322FT HALO SLP273
CYAW,2024-09-06 14:00,-63.4994,44.6397,CYAW 061400Z 12008KT 15SM SCT025 SCT150 OVC250 20/15 A3034 RMK SC4AC1CI4 DENSITY ALT 520FT SLP275
CYAW,2024-09-06 15:00,-63.4994,44.6397,CYAW 061500Z 13008KT 15SM SCT025 BKN150 OVC250 20/16 A3033 RMK CU4AC2CI2 DENSITY ALT 515FT SLP272
CYAW,2024-09-06 16:00,-63.4994,44.6397,CYAW 061600Z 12010KT 15SM SCT025 BKN150 OVC250 21/15 A3032 RMK CU4AC2CI2 DENSITY ALT 613FT SLP268
CYAW,2024-09-06 17:00,-63.4994,44.6397,CYAW 061700Z 12010G17KT 15SM SCT025 BKN150 OVC250 20/16 A3030 RMK CU4AC2CI2 DENSITY ALT 609FT SLP260
CYAW,2024-09-06 18:00,-63.4994,44.6397,CYAW 061800Z 13014G19KT 15SM SCT025 BKN150 OVC250 20/16 A3027 RMK CU4AC3CI1 DENSITY ALT 630FT SLP253
CYAW,2024-09-06 19:00,-63.4994,44.6397,CYAW 061900Z 11012G18KT 15SM SCT025 BKN150 OVC240 20/16 A3025 RMK CU3AC3CI2 DENSITY ALT 616FT LAST OBS /NEXT 091300 UTC SLP244
CYAW,2024-09-09 13:00,-63.4994,44.6397,CYAW 091300Z 25008KT 15SM FEW020 BKN250 15/10 A2995 RMK CF1CI5 DENSITY ALT 313FT FST OBS SLP142
CYAW,2024-09-09 14:00,-63.4994,44.6397,CYAW 091400Z 26007KT 15SM FEW020 BKN250 16/10 A2995 RMK CF1CI5 DENSITY ALT 374FT SLP142
CYAW,2024-09-09 15:00,-63.4994,44.6397,CYAW 091500Z 24007KT 15SM FEW020 BKN250 17/10 A2994 RMK CU1CI6 DENSITY ALT 519FT SLP138
CYAW,2024-09-09 16:00,-63.4994,44.6397,CYAW 091600Z 25010KT 15SM FEW035 BKN250 17/10 A2993 RMK CU2CI5 DENSITY ALT 531FT SLP136
CYAW,2024-09-09 17:00,-63.4994,44.6397,CYAW 091700Z 24009KT 15SM SCT035 BKN250 18/11 A2992 RMK CU4CI3 DENSITY ALT 655FT SLP134
CYAW,2024-09-09 18:00,-63.4994,44.6397,CYAW 091800Z 23009G17KT 15SM SCT035 BKN250 18/11 A2993 RMK CU4CI3 DENSITY ALT 669FT SLP136
CYAW,2024-09-09 19:00,-63.4994,44.6397,CYAW 091900Z 22010G24KT 15SM FEW035 BKN250 17/12 A2992 RMK CU2CI5 DENSITY ALT 648FT SLP134
CYAW,2024-09-09 20:00,-63.4994,44.6397,CYAW 092000Z 22012KT 15SM FEW035 BKN250 18/13 A2992 RMK CU1CI4 DENSITY ALT 687FT SLP131
CYAW,2024-09-09 21:00,-63.4994,44.6397,CYAW 092100Z 22011G18KT 15SM FEW035 SCT250 17/13 A2991 RMK CU1CI4 DENSITY ALT 664FT SLP130
CYAW,2024-09-09 22:00,-63.4994,44.6397,CYAW 092200Z 23007G20KT 15SM FEW035 SCT250 17/14 A2992 RMK CU1CI4 DENSITY ALT 582FT SLP132
CYAW,2024-09-09 23:00,-63.4994,44.6397,CYAW 092300Z 23008KT 15SM FEW035 FEW250 16/13 A2992 RMK SC1CI2 DENSITY ALT 432FT SLP132
CYAW,2024-09-10 00:00,-63.4994,44.6397,CYAW 100000Z 24010KT 15SM FEW250 15/13 A2994 RMK CI1 DENSITY ALT 369FT SLP138
CYAW,2024-09-10 00:34,-63.4994,44.6397,CYAW 100034Z 24008KT 15SM FEW250 15/12 A2994 RMK CI1 DENSITY ALT 316FT LAST OBS /NEXT 101300 UTC SLP139
CYAW,2024-09-10 13:00,-63.4994,44.6397,CYAW 101300Z 23005KT 15SM FEW016 FEW080 17/12 A2998 RMK CF1AC1 DENSITY ALT 497FT FST OBS SLP153
CYAW,2024-09-10 14:00,-63.4994,44.6397,CYAW 101400Z 20008KT 15SM FEW020 FEW080 19/14 A2998 RMK CU1AC1 DENSITY ALT 725FT SLP152
CYAW,2024-09-10 15:00,-63.4994,44.6397,CYAW 101500Z 19006KT 15SM FEW020 FEW080 19/15 A2996 RMK CU1AC1 DENSITY ALT 833FT SLP147
CYAW,2024-09-10 16:00,-63.4994,44.6397,CYAW 101600Z 20010G18KT 15SM SCT020 SCT080 20/16 A2996 RMK CU4AC1 DENSITY ALT 919FT SLP145
CYAW,2024-09-10 17:00,-63.4994,44.6397,CYAW 101700Z 22011KT 15SM FEW020 SCT080 20/15 A2995 RMK CU2AC2 DENSITY ALT 908FT SLP143
CYAW,2024-09-10 18:00,-63.4994,44.6397,CYAW 101800Z 24011G18KT 15SM FEW020 BKN075 BKN240 21/15 A2995 RMK CU2AC3CI1 DENSITY ALT 1099FT SLP141
CYAW,2024-09-10 19:00,-63.4994,44.6397,CYAW 101900Z 22008KT 15SM FEW020 SCT075 BKN110 BKN240 19/16 A2995 RMK CU1AC3AC2CI1 DENSITY ALT 898FT SLP142
CYAW,2024-09-10 19:23,-63.4994,44.6397,CYAW 101923Z 23010KT 8SM -SHRA FEW025 BKN075 BKN100 19/16 A2995 RMK CU1AC4AC2 DENSITY ALT 815FT SLP143
CYAW,2024-09-10 20:00,-63.4994,44.6397,CYAW 102000Z 23006KT 8SM -SHRA FEW070 BKN100 OVC240 17/17 A2995 RMK AC2AC5CI1 DENSITY ALT 587FT SLP144
CYAW,2024-09-10 20:47,-63.4994,44.6397,CYAW 102047Z 20005KT 10SM FEW060 BKN100 OVC240 17/16 A2995 RMK SC2AC4CI2 DENSITY ALT 618FT SLP143
CYAW,2024-09-10 21:00,-63.4994,44.6397,CYAW 102100Z 21007KT 12SM SCT060 BKN100 BKN240 17/16 A2995 RMK SC3AC3CI1 DENSITY ALT 618FT SLP141
CYAW,2024-09-10 21:46,-63.4994,44.6397,CYAW 102146Z CCA 23007KT 12SM -SHRA FEW009 SCT050 BKN100 BKN240 17/16 A2995 RMK SF1SC3AC2CI1 DENSITY ALT 608FT PCPN VRY LGT SLP141
CYAW,2024-09-10 22:00,-63.4994,44.6397,CYAW 102200Z 23006KT 6SM -TSRA BKN008 OVC050CB 17/16 A2995 RMK SF6CB2 DENSITY ALT 605FT OCNL LTGCC CB SW 8 NM MOV NE SLP141
CYAW,2024-09-10 22:39,-63.4994,44.6397,CYAW 102239Z 20004KT 8SM -SHRA SCT008 BKN050 BKN100 16/16 A2995 RMK SF3SC2AC2 DENSITY ALT 550FT SLP143
CYAW,2024-09-10 23:00,-63.4994,44.6397,CYAW 102300Z 22004KT 8SM -SHRA SCT007 BKN050 OVC090 16/16 A2996 RMK SF3SC4AC1 DENSITY ALT 525FT PCPN VRY LGT SLP145
CYAW,2024-09-10 23:19,-63.4994,44.6397,CYAW 102319Z 22003KT 12SM FEW007 BKN050 BKN090 16/16 A2996 RMK SF2SC4AC1 DENSITY ALT 525FT SLP145
CYAW,2024-09-11 00:00,-63.4994,44.6397,CYAW 110000Z 25006KT 15SM FEW006 BKN045 16/16 A2997 RMK SF2SC5 DENSITY ALT 501FT LAST OBS /NEXT 111000 UTC SLP149
CYAW,2024-09-11 10:00,-63.4994,44.6397,CYAW 111000Z 00000KT 15SM FEW110 FEW250 09/09 A3005 RMK AC1CI1 DENSITY ALT -493FT FST OBS SLP178
CYAW,2024-09-11 11:00,-63.4994,44.6397,CYAW 111100Z 31007KT 15SM FEW016 12/11 A3007 RMK CU1 DENSITY ALT -155FT SLP184
CYAW,2024-09-11 12:00,-63.4994,44.6397,CYAW 111200Z CCA 31009KT 15SM FEW016 14/12 A3009 RMK CU1 DENSITY ALT 44FT SLP188
CYAW,2024-09-11 13:00,-63.4994,44.6397,CYAW 111300Z 29008KT 15SM FEW016 FEW120 FEW250 16/12 A3009 RMK CU1AC1CI1 DENSITY ALT 299FT SLP190
CYAW,2024-09-11 14:00,-63.4994,44.6397,CYAW 111400Z 30010KT 15SM FEW020 FEW120 18/12 A3010 RMK CF1AC1 DENSITY ALT 472FT SLP192
CYAW,2024-09-11 15:00,-63.4994,44.6397,CYAW 111500Z 29009KT 15SM FEW033 19/12 A3009 RMK CU2 DENSITY ALT 632FT SLP191
CYAW,2024-09-11 16:00,-63.4994,44.6397,CYAW 111600Z 29009KT 15SM SCT038 20/11 A3009 RMK CU4 DENSITY ALT 720FT SLP189
CYAW,2024-09-11 17:00,-63.4994,44.6397,CYAW 111700Z 29007KT 15SM SCT050 20/10 A3009 RMK CU4 DENSITY ALT 746FT SLP189
CYAW,2024-09-11 18:00,-63.4994,44.6397,CYAW 111800Z 29004KT 15SM SCT055 20/10 A3009 RMK CU4 DENSITY ALT 706FT SLP188
CYAW,2024-09-11 19:00,-63.4994,44.6397,CYAW 111900Z 31005KT 15SM SCT055 BKN250 20/10 A3009 RMK CU4CI2 DENSITY ALT 700FT LAST OBS /NEXT 120900 UTC SLP188
CYAW,2024-09-12 09:00,-63.4994,44.6397,CYAW 120900Z 34002KT 15SM FEW060 SCT240 10/10 A3020 RMK SC2CI1 DENSITY ALT -614FT FST OBS SLP227
CYAW,2024-09-12 10:00,-63.4994,44.6397,CYAW 121000Z 16002KT 15SM FEW060 SCT240 09/09 A3022 RMK SC2CI1 DENSITY ALT -728FT SLP233
CYAW,2024-09-12 11:00,-63.4994,44.6397,CYAW 121100Z 07002KT 15SM FEW060 SCT240 10/10 A3023 RMK SC1CI2 DENSITY ALT -568FT SLP237
CYAW,2024-09-12 12:00,-63.4994,44.6397,CYAW 121200Z 16002KT 15SM FEW060 SCT240 14/12 A3023 RMK SC1CI2 DENSITY ALT -79FT SLP237
CYAW,2024-09-12 13:00,-63.4994,44.6397,CYAW 121300Z 20002KT 15SM FEW240 17/12 A3024 RMK CI2 DENSITY ALT 207FT SLP240
CYAW,2024-09-12 14:00,-63.4994,44.6397,CYAW 121400Z 27003KT 15SM SCT240 19/13 A3024 RMK CI3 DENSITY ALT 449FT SLP240
CYAW,2024-09-12 15:00,-63.4994,44.6397,CYAW 121500Z 19004KT 15SM FEW120 BKN240 20/13 A3024 RMK AC1CI5 DENSITY ALT 543FT CIG PDMTLY TRANSPARENT SLP240
CYAW,2024-09-12 16:00,-63.4994,44.6397,CYAW 121600Z 17008KT 15SM SCT240 20/14 A3023 RMK CI4 DENSITY ALT 592FT SLP239
CYAW,2024-09-12 17:00,-63.4994,44.6397,CYAW 121700Z 18007KT 15SM FEW045 FEW120 SCT250 21/13 A3023 RMK CF1AC1CI3 DENSITY ALT 692FT SLP237
CYAW,2024-09-12 18:00,-63.4994,44.6397,CYAW 121800Z 18007KT 15SM FEW045 SCT250 20/14 A3022 RMK CF1CS4 DENSITY ALT 660FT HALO SLP235
CYAW,2024-09-12 19:00,-63.4994,44.6397,CYAW 121900Z 19007KT 15SM FEW045 SCT250 20/16 A3021 RMK CU1CS3 DENSITY ALT 679FT SLP232
CYAW,2024-09-12 20:00,-63.4994,44.6397,CYAW 122000Z 18007KT 15SM FEW060 SCT250 20/16 A3021 RMK SC2CS2 DENSITY ALT 718FT LAST OBS /NEXT 130900 UTC SLP230
CYAW,2024-09-13 09:00,-63.4994,44.6397,CYAW 130900Z 23003KT 15SM SCT160 14/13 A3022 RMK AC3 DENSITY ALT -90FT FST OBS SLP235
CYAW,2024-09-13 10:00,-63.4994,44.6397,CYAW 131000Z 30004KT 15SM SCT075 BKN150 OVC240 14/14 A3023 RMK AC3AC3CI2 DENSITY ALT -66FT SLP237
CYAW,2024-09-13 11:00,-63.4994,44.6397,CYAW 131100Z 02002KT 15SM FEW075 BKN150 BKN240 14/14 A3022 RMK AC2AC3CI2 DENSITY ALT -91FT SLP235
CYAW,2024-09-13 12:00,-63.4994,44.6397,CYAW 131200Z 28002KT 15SM FEW150 BKN240 16/14 A3022 RMK AC1CI5 DENSITY ALT 213FT SLP236
CYAW,2024-09-13 13:00,-63.4994,44.6397,CYAW 131300Z 25003KT 15SM SCT120 BKN240 18/15 A3023 RMK AC4CI3 DENSITY ALT 384FT SLP237
CYAW,2024-09-13 14:00,-63.4994,44.6397,CYAW 131400Z 21003KT 15SM SCT120 BKN240 20/14 A3022 RMK AC3CI4 DENSITY ALT 612FT SLP235
CYAW,2024-09-13 15:00,-63.4994,44.6397,CYAW 131500Z 16003KT 15SM FEW050 SCT110 OVC240 19/15 A3021 RMK CF1AC3CI5 DENSITY ALT 570FT SLP231
CYAW,2024-09-13 16:00,-63.4994,44.6397,CYAW 131600Z 16004KT 15SM FEW050 SCT110 SCT140 BKN240 20/17 A3020 RMK CU1AC3AC1CI3 DENSITY ALT 669FT SLP226
CYAW,2024-09-13 17:00,-63.4994,44.6397,CYAW 131700Z 22004KT 15SM FEW050 FEW110 BKN240 22/16 A3018 RMK CU1AC2CI5 DENSITY ALT 931FT SLP220
CYAW,2024-09-13 18:00,-63.4994,44.6397,CYAW 131800Z 18004KT 15SM FEW040 FEW110 SCT140 BKN240 22/17 A3016 RMK CU1AC1AC2CI4 DENSITY ALT 986FT SLP214
CYAW,2024-09-13 19:00,-63.4994,44.6397,CYAW 131900Z 20005KT 15SM FEW040 BKN240 23/17 A3014 RMK CU2CI4 DENSITY ALT 1130FT SLP208
CYAW,2024-09-13 20:00,-63.4994,44.6397,CYAW 132000Z 22008KT 15SM FEW040 BKN240 23/18 A3014 RMK CU1CI4 DENSITY ALT 1104FT LAST OBS /NEXT 141000 UTC SLP206
CYAW,2024-09-15 11:00,-63.4994,44.6397,CYAW 151100Z 35008KT 15SM FEW020 FEW240 11/10 A3034 RMK CF1CI2 DENSITY ALT -583FT FST OBS SLP276
CYAW,2024-09-15 12:00,-63.4994,44.6397,CYAW 151200Z 33007KT 15SM FEW020 FEW240 14/11 A3035 RMK CF1CI2 DENSITY ALT -286FT SLP280
CYAW,2024-09-15 13:00,-63.4994,44.6397,CYAW 151300Z CCA 36005KT 15SM FEW020 FEW240 16/10 A3037 RMK CF1CI1 DENSITY ALT -72FT CF TR LAST OBS /NEXT 160900 UTC SLP285
CYAW,2024-09-16 09:00,-63.4994,44.6397,CYAW 160900Z 24002KT 15SM FEW240 11/11 A3030 RMK CI2 DENSITY ALT -547FT FST OBS SLP263
CYAW,2024-09-16 10:00,-63.4994,44.6397,CYAW 161000Z 24004KT 15SM FEW240 09/09 A3030 RMK CI2 DENSITY ALT -807FT SLP263
CYAW,2024-09-16 11:00,-63.4994,44.6397,CYAW 161100Z 23003KT 15SM SCT240 13/12 A3031 RMK CI4 DENSITY ALT -335FT SLP265
CYAW,2024-09-16 12:00,-63.4994,44.6397,CYAW 161200Z 26006KT 15SM BKN240 15/12 A3031 RMK CI6 DENSITY ALT -36FT SLP264
CYAW,2024-09-16 13:00,-63.4994,44.6397,CYAW 161300Z 27008KT 15SM SCT240 18/14 A3030 RMK CI4 DENSITY ALT 354FT SLP263
CYAW,2024-09-16 14:00,-63.4994,44.6397,CYAW 161400Z 26009KT 15SM SCT240 20/15 A3030 RMK CI4 DENSITY ALT 600FT SLP260
CYAW,2024-09-16 15:00,-63.4994,44.6397,CYAW 161500Z 26009KT 15SM SCT240 22/16 A3028 RMK CI4 DENSITY ALT 852FT SLP254
CYAW,2024-09-16 16:00,-63.4994,44.6397,CYAW 161600Z 25009G21KT 15SM FEW240 23/16 A3027 RMK CI1 DENSITY ALT 987FT SLP249
CYAW,2024-09-16 17:00,-63.4994,44.6397,CYAW 161700Z 24011KT 15SM FEW240 23/16 A3024 RMK CI1 DENSITY ALT 1024FT SLP241
CYAW,2024-09-16 18:00,-63.4994,44.6397,CYAW 161800Z 23011G18KT 15SM FEW240 24/17 A3021 RMK CI1 DENSITY ALT 1159FT SLP231
CYAW,2024-09-16 19:00,-63.4994,44.6397,CYAW 161900Z 23011G17KT 15SM SKC 24/17 A3020 RMK DENSITY ALT 1120FT SLP226
CYAW,2024-09-16 20:00,-63.4994,44.6397,CYAW 162000Z CCA 23011KT 15SM SKC 23/16 A3019 RMK DENSITY ALT 1000FT LAST OBS /NEXT 170900 UTC SLP222
CYAW,2024-09-17 09:00,-63.4994,44.6397,CYAW 170900Z CCA 27005KT 15SM FEW250 15/13 A3016 RMK CI1 DENSITY ALT 117FT FST OBS SLP214
CYAW,2024-09-17 10:00,-63.4994,44.6397,CYAW 171000Z 28005KT 15SM FEW250 15/13 A3017 RMK CI1 DENSITY ALT 106FT SLP217
CYAW,2024-09-17 11:00,-63.4994,44.6397,CYAW 171100Z 27006KT 15SM FEW250 16/13 A3017 RMK CI1 DENSITY ALT 206FT SLP218
CYAW,2024-09-17 12:00,-63.4994,44.6397,CYAW 171200Z 24006KT 15SM FEW250 17/14 A3017 RMK CI1 DENSITY ALT 379FT SLP215
CYAW,2024-09-17 13:00,-63.4994,44.6397,CYAW 171300Z 26008KT 15SM FEW250 20/15 A3016 RMK CI1 DENSITY ALT 698FT SLP214
CYAW,2024-09-17 14:00,-63.4994,44.6397,CYAW 171400Z 29004KT 15SM FEW250 22/17 A3015 RMK CI1 DENSITY ALT 1024FT SLP211
CYAW,2024-09-17 15:00,-63.4994,44.6397,CYAW 171500Z 25009KT 15SM FEW250 25/18 A3014 RMK CI1 DENSITY ALT 1400FT SLP207
CYAW,2024-09-17 16:00,-63.4994,44.6397,CYAW 171600Z 25010KT 15SM SKC 27/19 A3013 RMK DENSITY ALT 1606FT SLP202
CYAW,2024-09-17 17:00,-63.4994,44.6397,CYAW 171700Z 25011KT 15SM SKC 27/18 A3011 RMK DENSITY ALT 1669FT SLP198
CYAW,2024-09-17 18:00,-63.4994,44.6397,CYAW 171800Z 25011KT 15SM SKC 27/19 A3010 RMK DENSITY ALT 1678FT SLP194
CYAW,2024-09-17 19:00,-63.4994,44.6397,CYAW 171900Z 24010KT 15SM SKC 27/19 A3009 RMK DENSITY ALT 1621FT SLP190
CYAW,2024-09-17 20:00,-63.4994,44.6397,CYAW 172000Z 22006KT 15SM SKC 26/19 A3008 RMK DENSITY ALT 1543FT SLP186
CYAW,2024-09-17 21:00,-63.4994,44.6397,CYAW 172100Z 23004KT 15SM SKC 25/19 A3008 RMK DENSITY ALT 1449FT SLP186
CYAW,2024-09-17 22:00,-63.4994,44.6397,CYAW 172200Z CCA 23005KT 15SM FEW240 23/18 A3008 RMK CI1 DENSITY ALT 1154FT LAST OBS /NEXT 181000 UTC SLP187
CYAW,2024-09-18 10:00,-63.4994,44.6397,CYAW 181000Z CCA 29005KT 15SM FEW250 15/15 A3008 RMK CI2 DENSITY ALT 257FT FST OBS SLP185
CYAW,2024-09-18 11:00,-63.4994,44.6397,CYAW 181100Z 26004KT 15SM FEW250 17/15 A3009 RMK CI1 DENSITY ALT 421FT SLP191
CYAW,2024-09-18 12:00,-63.4994,44.6397,CYAW 181200Z 30003KT 15SM FEW250 19/16 A3009 RMK CI1 DENSITY ALT 687FT SLP190
CYAW,2024-09-18 13:00,-63.4994,44.6397,CYAW 181300Z 25003KT 15SM FEW250 21/16 A3009 RMK CI1 DENSITY ALT 916FT SLP190
CYAW,2024-09-18 14:00,-63.4994,44.6397,CYAW 181400Z 24004KT 15SM FEW250 24/17 A3009 RMK CI2 DENSITY ALT 1264FT SLP189
CYAW,2024-09-18 15:00,-63.4994,44.6397,CYAW 181500Z 24005KT 15SM FEW250 26/17 A3008 RMK CI2 DENSITY ALT 1541FT SLP187
CYAW,2024-09-18 16:00,-63.4994,44.6397,CYAW 181600Z 27007KT 15SM FEW250 28/17 A3007 RMK CI2 DENSITY ALT 1787FT SLP183
CYAW,2024-09-18 17:00,-63.4994,44.6397,CYAW 181700Z 24008KT 15SM SCT250 29/16 A3006 RMK CI4 DENSITY ALT 1818FT SLP178
CYAW,2024-09-18 18:00,-63.4994,44.6397,CYAW 181800Z 25010KT 15SM BKN250 28/18 A3004 RMK CI6 DENSITY ALT 1863FT SLP173
CYAW,2024-09-18 18:14,-63.4994,44.6397,CYAW 181814Z 24009KT 15SM BKN250 28/18 A3004 RMK CI6 DENSITY ALT 1832FT LAST OBS /NEXT 190900 UTC SLP173
CYAW,2024-09-19 09:00,-63.4994,44.6397,CYAW 190900Z 35003KT 15SM BKN250 14/14 A2999 RMK CI7 DENSITY ALT 229FT FST OBS SLP156
CYAW,2024-09-19 10:00,-63.4994,44.6397,CYAW 191000Z 36002KT 15SM BKN250 15/14 A3000 RMK CI7 DENSITY ALT 257FT SLP159
CYAW,2024-09-19 11:00,-63.4994,44.6397,CYAW 191100Z 24003KT 15SM OVC250 16/13 A3000 RMK CI8 DENSITY ALT 370FT SLP160
CYAW,2024-09-19 12:00,-63.4994,44.6397,CYAW 191200Z 25002KT 15SM OVC250 17/13 A3000 RMK CI8 DENSITY ALT 527FT SLP160
CYAW,2024-09-19 13:00,-63.4994,44.6397,CYAW 191300Z 28004KT 15SM OVC250 19/13 A3000 RMK CI8 DENSITY ALT 796FT SLP159
CYAW,2024-09-19 14:00,-63.4994,44.6397,CYAW 191400Z 27005KT 15SM OVC250 21/14 A3000 RMK CI8 DENSITY ALT 1041FT SLP159
CYAW,2024-09-19 15:00,-63.4994,44.6397,CYAW 191500Z 25006KT 15SM OVC250 22/15 A2999 RMK CI8 DENSITY ALT 1179FT SLP157
CYAW,2024-09-19 16:00,-63.4994,44.6397,CYAW 191600Z 26006KT 15SM FEW180 OVC250 24/14 A2999 RMK AC1CS8 DENSITY ALT 1355FT HALO SLP156
CYAW,2024-09-19 17:00,-63.4994,44.6397,CYAW 191700Z 26006KT 15SM FEW180 OVC250 25/13 A2998 RMK AC1CS8 DENSITY ALT 1408FT HALO SLP153
CYAW,2024-09-19 18:00,-63.4994,44.6397,CYAW 191800Z 27006KT 15SM FEW180 OVC250 25/15 A2996 RMK AC1CS8 DENSITY ALT 1477FT HALO SLP147
CYAW,2024-09-19 19:00,-63.4994,44.6397,CYAW 191900Z 31007KT 15SM FEW180 OVC250 25/16 A2995 RMK AC1CS7 DENSITY ALT 1494FT HALO LAST OBS /NEXT 200900 UTC SLP144
CYAW,2024-09-20 09:00,-63.4994,44.6397,CYAW 200900Z 05009G16KT 15SM SCT015 OVC035 16/14 A2998 RMK SC3SC5 DENSITY ALT 440FT FST OBS SLP152
CYAW,2024-09-20 10:00,-63.4994,44.6397,CYAW 201000Z 06012G18KT 15SM SCT015 BKN035 16/14 A2998 RMK SC3SC4 DENSITY ALT 419FT SLP154
CYAW,2024-09-20 11:00,-63.4994,44.6397,CYAW 201100Z 05008G20KT 15SM FEW017 OVC036 16/13 A3000 RMK SC2SC6 DENSITY ALT 380FT SLP158
CYAW,2024-09-20 12:00,-63.4994,44.6397,CYAW 201200Z 06011G17KT 15SM SCT017 OVC040 16/14 A3001 RMK SC3SC5 DENSITY ALT 383FT SLP163
CYAW,2024-09-20 13:00,-63.4994,44.6397,CYAW 201300Z 06012G17KT 15SM BKN017 OVC040 17/14 A3003 RMK SC5SC3 DENSITY ALT 476FT SLP169
CYAW,2024-09-20 14:00,-63.4994,44.6397,CYAW 201400Z 07011G17KT 15SM BKN017 OVC040 18/15 A3004 RMK SC7SC1 DENSITY ALT 565FT SLP174
CYAW,2024-09-20 15:00,-63.4994,44.6397,CYAW 201500Z 09016G24KT 15SM BKN020 OVC054 19/15 A3005 RMK SC6SC2 DENSITY ALT 682FT SLP175
CYAW,2024-09-20 16:00,-63.4994,44.6397,CYAW 201600Z 09017G30KT 15SM SCT028 BKN050 BKN250 19/13 A3004 RMK SC4SC1CI2 DENSITY ALT 698FT SLP173
CYAW,2024-09-20 17:00,-63.4994,44.6397,CYAW 201700Z 10016G26KT 15SM SCT028 BKN054 OVC250 18/13 A3005 RMK SC3SC2CI3 DENSITY ALT 616FT SLP175
CYAW,2024-09-20 18:00,-63.4994,44.6397,CYAW 201800Z 09018G28KT 15SM FEW028 BKN055 BKN250 19/13 A3004 RMK SC1SC4CI2 DENSITY ALT 676FT SLP173
CYAW,2024-09-20 19:00,-63.4994,44.6397,CYAW 201900Z 11014G24KT 15SM FEW028 SCT055 BKN180 18/13 A3004 RMK SC1SC3AC3 DENSITY ALT 547FT LAST OBS /NEXT 231000 UTC SLP174
CYAW,2024-09-23 10:00,-63.4994,44.6397,CYAW 231000Z 04007KT 15SM FEW120 08/08 A3013 RMK AC1 DENSITY ALT -748FT FST OBS SLP203
CYAW,2024-09-23 11:00,-63.4994,44.6397,CYAW 231100Z 04008KT 15SM FEW120 FEW250 09/08 A3014 RMK AC1CI1 DENSITY ALT -632FT SLP206
CYAW,2024-09-23 12:00,-63.4994,44.6397,CYAW 231200Z 05010KT 15SM FEW030 FEW120 FEW250 12/09 A3014 RMK CF1AC1CI1 DENSITY ALT -335FT SLP207
CYAW,2024-09-23 13:00,-63.4994,44.6397,CYAW 231300Z 06010KT 15SM FEW030 FEW120 FEW250 14/09 A3014 RMK CF1AC1CI1 DENSITY ALT -40FT SLP208
CYAW,2024-09-23 14:00,-63.4994,44.6397,CYAW 231400Z 05007KT 15SM FEW030 SCT120 SCT250 16/10 A3014 RMK CU2AC1CI1 DENSITY ALT 178FT SLP208
CYAW,2024-09-23 15:00,-63.4994,44.6397,CYAW 231500Z 08008KT 15SM SCT034 SCT120 SCT250 16/09 A3013 RMK CU3AC1CI1 DENSITY ALT 171FT SLP205
CYAW,2024-09-23 16:00,-63.4994,44.6397,CYAW 231600Z 10011G18KT 15SM SCT035 BKN120 BKN250 17/09 A3013 RMK CU4AC1CI1 DENSITY ALT 371FT SLP204
CYAW,2024-09-23 17:00,-63.4994,44.6397,CYAW 231700Z 09008KT 15SM SCT040 BKN120 BKN250 16/09 A3012 RMK CU4AC1CI1 DENSITY ALT 262FT SLP202
CYAW,2024-09-23 18:00,-63.4994,44.6397,CYAW 231800Z 11010G15KT 15SM SCT040 SCT120 SCT250 17/10 A3011 RMK CU3AC1CI1 DENSITY ALT 380FT SLP199
CYAW,2024-09-23 19:00,-63.4994,44.6397,CYAW 231900Z 12009KT 15SM FEW040 SCT120 SCT250 17/10 A3011 RMK CU2AC1CI1 DENSITY ALT 308FT LAST OBS /NEXT 241000 UTC SLP196
CYAW,2024-09-24 10:00,-63.4994,44.6397,CYAW 241000Z 04005KT 15SM FEW025 FEW180 BKN250 09/09 A3020 RMK SC1AC1CI5 DENSITY ALT -683FT FST OBS SLP227
CYAW,2024-09-24 11:00,-63.4994,44.6397,CYAW 241100Z 03007KT 15SM FEW025 FEW180 BKN250 10/09 A3021 RMK SC1AC1CI7 DENSITY ALT -555FT SLP230
CYAW,2024-09-24 12:00,-63.4994,44.6397,CYAW 241200Z 04006KT 15SM FEW025 FEW180 OVC250 13/10 A3022 RMK SC1AC1CI8 DENSITY ALT -229FT SLP234
CYAW,2024-09-24 13:00,-63.4994,44.6397,CYAW 241300Z 04006KT 15SM FEW025 FEW090 BKN250 14/11 A3022 RMK SC1AC1CI7 DENSITY ALT -71FT SLP236
CYAW,2024-09-24 14:00,-63.4994,44.6397,CYAW 241400Z 05010KT 15SM SCT025 OVC250 15/11 A3022 RMK SC3CI5 DENSITY ALT -23FT SLP233
CYAW,2024-09-24 15:00,-63.4994,44.6397,CYAW 241500Z 04008KT 15SM BKN022 OVC250 15/11 A3022 RMK SC5CI3 DENSITY ALT 14FT SLP233
CYAW,2024-09-24 16:00,-63.4994,44.6397,CYAW 241600Z 07008KT 15SM BKN030 OVC250 17/11 A3022 RMK CU6CI2 DENSITY ALT 268FT SLP233
CYAW,2024-09-24 17:00,-63.4994,44.6397,CYAW 241700Z 06008KT 15SM BKN030 OVC250 18/12 A3021 RMK CU6CI2 DENSITY ALT 370FT SLP230
CYAW,2024-09-24 18:00,-63.4994,44.6397,CYAW 241800Z 10006KT 15SM BKN035 OVC250 17/12 A3021 RMK CU6CI2 DENSITY ALT 310FT SLP231
CYAW,2024-09-24 19:00,-63.4994,44.6397,CYAW 241900Z 12009KT 15SM BKN035 BKN180 OVC250 17/12 A3021 RMK SC5AC1CI2 DENSITY ALT 270FT SLP232
CYAW,2024-09-24 20:00,-63.4994,44.6397,CYAW 242000Z CCA 12008KT 15SM BKN035 BKN180 OVC250 17/12 A3022 RMK SC5AC2CI1 DENSITY ALT 305FT LAST OBS /NEXT 250900 UTC SLP234
CYAW,2024-09-25 09:00,-63.4994,44.6397,CYAW 250900Z 03007KT 15SM FEW040 11/10 A3027 RMK SC1 DENSITY ALT -596FT FST OBS SLP252
CYAW,2024-09-25 10:00,-63.4994,44.6397,CYAW 251000Z 03007KT 15SM FEW015 SCT035 10/10 A3028 RMK SC1SC4 DENSITY ALT -633FT SLP254
CYAW,2024-09-25 11:00,-63.4994,44.6397,CYAW 251100Z 03007KT 15SM FEW015 BKN030 11/10 A3030 RMK SC1SC7 DENSITY ALT -555FT SLP261
CYAW,2024-09-25 12:00,-63.4994,44.6397,CYAW 251200Z 04008KT 15SM FEW015 BKN025 13/11 A3030 RMK SC1SC7 DENSITY ALT -385FT SLP260
CYAW,2024-09-25 13:00,-63.4994,44.6397,CYAW 251300Z 05006KT 15SM FEW020 BKN038 14/12 A3030 RMK SC1SC7 DENSITY ALT -197FT SLP262
CYAW,2024-09-25 14:00,-63.4994,44.6397,CYAW 251400Z 06009KT 15SM SCT025 BKN040 16/12 A3031 RMK CU3SC4 DENSITY ALT 56FT SLP264
CYAW,2024-09-25 15:00,-63.4994,44.6397,CYAW 251500Z 08006KT 15SM FEW025 BKN040 OVC250 17/12 A3030 RMK CU2SC4CI2 DENSITY ALT 170FT SLP263
CYAW,2024-09-25 16:00,-63.4994,44.6397,CYAW 251600Z 10006KT 15SM FEW025 BKN040 OVC250 17/12 A3030 RMK CU1SC5CI2 DENSITY ALT 203FT SLP263
CYAW,2024-09-25 17:00,-63.4994,44.6397,CYAW 251700Z 09008G19KT 12SM -DZ SCT020 BKN050 OVC250 15/14 A3031 RMK SC4SC2CI2 DENSITY ALT -17FT SLP265
CYAW,2024-09-25 17:17,-63.4994,44.6397,CYAW 251717Z 06005KT 15SM SCT020 BKN045 OVC250 16/13 A3030 RMK SC3SC3CI2 DENSITY ALT 72FT SLP263
CYAW,2024-09-25 18:00,-63.4994,44.6397,CYAW 251800Z 07008G17KT 15SM FEW020 BKN045 BKN120 OVC250 17/13 A3030 RMK CU1SC4AC2CI1 DENSITY ALT 118FT SLP260
CYAW,2024-09-25 19:00,-63.4994,44.6397,CYAW 251900Z 09007G19KT 15SM -DZ FEW020 SCT045 BKN120 BKN250 16/12 A3030 RMK CU1SC3AC2CI1 DENSITY ALT 25FT LAST OBS /NEXT 260900 UTC SLP260
CYAW,2024-09-26 09:00,-63.4994,44.6397,CYAW 260900Z 05005KT 15SM FEW020 BKN240 11/11 A3028 RMK SC1CI5 DENSITY ALT -584FT FST OBS SLP256
CYAW,2024-09-26 10:00,-63.4994,44.6397,CYAW 261000Z 04004KT 15SM FEW015 FEW160 BKN250 10/10 A3029 RMK SC1AC1CI4 DENSITY ALT -649FT SLP258
CYAW,2024-09-26 11:00,-63.4994,44.6397,CYAW 261100Z 07005KT 15SM FEW020 FEW160 BKN250 11/11 A3028 RMK CU1AC1CI6 DENSITY ALT -520FT SLP254
CYAW,2024-09-26 12:00,-63.4994,44.6397,CYAW 261200Z 07004KT 15SM FEW020 FEW160 OVC250 13/12 A3029 RMK CU1AC2CI6 DENSITY ALT -305FT SLP257
CYAW,2024-09-26 13:00,-63.4994,44.6397,CYAW 261300Z 04006KT 15SM FEW040 FEW150 BKN250 15/13 A3030 RMK CU1AC2CI4 DENSITY ALT -53FT SLP260
CYAW,2024-09-26 14:00,-63.4994,44.6397,CYAW 261400Z 10009KT 15SM FEW015 SCT040 OVC250 16/13 A3028 RMK CU2SC2CI4 DENSITY ALT 129FT SLP256
CYAW,2024-09-26 15:00,-63.4994,44.6397,CYAW 261500Z 13009KT 15SM BKN030 OVC250 17/13 A3027 RMK CU5CI3 DENSITY ALT 228FT SLP251
CYAW,2024-09-26 16:00,-63.4994,44.6397,CYAW 261600Z 13012KT 15SM BKN030 BKN180 OVC250 17/13 A3027 RMK CU5AC1CI2 DENSITY ALT 258FT SLP250
CYAW,2024-09-26 17:00,-63.4994,44.6397,CYAW 261700Z 12008KT 15SM SCT020 BKN040 BKN180 OVC250 16/13 A3025 RMK CU3SC3AC1CI1 DENSITY ALT 120FT SLP246
CYAW,2024-09-26 18:00,-63.4994,44.6397,CYAW 261800Z 15010KT 15SM FEW020 BKN040 BKN180 OVC250 17/12 A3023 RMK CU2SC3AC2CI1 DENSITY ALT 193FT SLP239
CYAW,2024-09-26 19:00,-63.4994,44.6397,CYAW 261900Z 13007KT 15SM FEW020 BKN040 BKN180 OVC250 16/12 A3023 RMK CU2SC4AC1CI1 DENSITY ALT 150FT SLP237
CYAW,2024-09-26 20:00,-63.4994,44.6397,CYAW 262000Z 14009KT 15SM FEW020 BKN040 BKN180 OVC250 16/12 A3022 RMK CU2SC4AC1CI1 DENSITY ALT 94FT SLP235
CYAW,2024-09-26 21:00,-63.4994,44.6397,CYAW 262100Z CCA 13008KT 15SM FEW020 BKN090 BKN180 OVC250 15/11 A3020 RMK CU1AC5AC1CI1 DENSITY ALT 65FT LAST OBS /NEXT 270900 UTC SLP228
CYAW,2024-09-27 09:00,-63.4994,44.6397,CYAW 270900Z 17010KT 12SM BKN014 OVC045 15/15 A3003 RMK SC6SC2 DENSITY ALT 265FT FST OBS SLP168
CYAW,2024-09-27 10:00,-63.4994,44.6397,CYAW 271000Z 16007KT 12SM SCT015 OVC035 15/14 A3001 RMK SC4SC4 DENSITY ALT 272FT SLP164
CYAW,2024-09-27 10:38,-63.4994,44.6397,CYAW 271038Z 15007KT 1 1/2SM -SHRA BR SCT004 OVC014 14/14 A3002 RMK SF4SC4 DENSITY ALT 149FT SLP165
CYAW,2024-09-27 11:00,-63.4994,44.6397,CYAW 271100Z 14008KT 1SM -SHRA BR OVC006 14/14 A3001 RMK SF8 DENSITY ALT 149FT SLP162
CYAW,2024-09-27 11:34,-63.4994,44.6397,CYAW 271134Z 17012KT 6SM -SHRA BR SCT006 OVC030 14/14 A3000 RMK SF4SC4 DENSITY ALT 172FT SLP158
CYAW,2024-09-27 12:00,-63.4994,44.6397,CYAW 271200Z CCA 13006KT 10SM FEW006 OVC025 14/13 A2999 RMK SF2SC6 DENSITY ALT 185FT SLP155
CYAW,2024-09-27 12:43,-63.4994,44.6397,CYAW 271243Z 14008KT 2SM -SHRA BR SCT008 OVC020 15/15 A2998 RMK SF4SC4 DENSITY ALT 276FT SLP151
CYAW,2024-09-27 13:00,-63.4994,44.6397,CYAW 271300Z 15009G17KT 1SM -SHRA BR BKN004 OVC012 14/14 A2998 RMK SF6SF2 DENSITY ALT 236FT SLP151
CYAW,2024-09-27 14:00,-63.4994,44.6397,CYAW 271400Z 14010G18KT 1SM -SHRA BR BKN004 OVC010 15/15 A2995 RMK SF7SF1 DENSITY ALT 324FT SLP144
CYAW,2024-09-27 15:00,-63.4994,44.6397,CYAW 271500Z 13012G19KT 1SM -SHRA BR OVC006 15/15 A2991 RMK SF8 DENSITY ALT 436FT CIG VRB 4-8 SLP129
CYAW,2024-09-27 16:00,-63.4994,44.6397,CYAW 271600Z 13013G20KT 1SM -SHRA BR OVC006 16/16 A2987 RMK SF8 DENSITY ALT 535FT CIG VRB 4-8 SLP115
CYAW,2024-09-27 16:32,-63.4994,44.6397,CYAW 271632Z 16010G18KT 1 1/2SM -DZ BR OVC005 17/17 A2984 RMK SF8 DENSITY ALT 715FT CIG VRB 3-7 SLP105
CYAW,2024-09-27 16:48,-63.4994,44.6397,CYAW 271648Z 18006KT 8SM BKN006 OVC012 17/17 A2983 RMK SF6SC2 DENSITY ALT 755FT SLP103
CYAW,2024-09-27 17:00,-63.4994,44.6397,CYAW 271700Z 18006KT 5SM -DZ BR BKN005 OVC012 17/17 A2983 RMK SF6SC2 DENSITY ALT 740FT CIG VRB 3-7 SLP102
CYAW,2024-09-27 17:26,-63.4994,44.6397,CYAW 271726Z 18006KT 2SM -DZ BR OVC005 17/17 A2982 RMK SF8 DENSITY ALT 740FT CIG VRB 3-7 SLP097
CYAW,2024-09-27 18:00,-63.4994,44.6397,CYAW 271800Z 20005KT 1SM -DZ BR OVC005 17/17 A2981 RMK SF8 DENSITY ALT 738FT CIG VRB 3-7 SLP094
CYAW,2024-09-27 18:29,-63.4994,44.6397,CYAW 271829Z 22002KT 1SM -DZ BR OVC005 17/17 A2980 RMK SF8 DENSITY ALT 816FT CIG VRB 3-7 LAST OBS /NEXT 011000 UTC SLP091
CYAW,2024-10-01 10:00,-63.4994,44.6397,CYAW 011000Z 34006KT 15SM FEW009 FEW160 09/09 A3012 RMK SF1AC1 DENSITY ALT -573FT FST OBS SLP200
CYAW,2024-10-01 11:00,-63.4994,44.6397,CYAW 011100Z 35006KT 15SM FEW015 FEW160 10/10 A3014 RMK SC1AC2 DENSITY ALT -530FT SLP207
CYAW,2024-10-01 12:00,-63.4994,44.6397,CYAW 011200Z 35006KT 15SM FEW025 FEW160 13/12 A3014 RMK SC1AC1 DENSITY ALT -156FT SLP208
CYAW,2024-10-01 13:00,-63.4994,44.6397,CYAW 011300Z 01012KT 15SM SCT025 SCT160 14/11 A3014 RMK SC3AC1 DENSITY ALT -49FT SLP209
CYAW,2024-10-01 14:00,-63.4994,44.6397,CYAW 011400Z 01010KT 15SM BKN025 15/10 A3014 RMK SC6 DENSITY ALT 131FT SLP207
CYAW,2024-10-01 15:00,-63.4994,44.6397,CYAW 011500Z 04010G17KT 15SM BKN033 16/10 A3013 RMK SC7 DENSITY ALT 213FT SLP204
CYAW,2024-10-01 16:00,-63.4994,44.6397,CYAW 011600Z 05011G20KT 15SM BKN040 17/09 A3013 RMK SC7 DENSITY ALT 363FT SLP202
CYAW,2024-10-01 17:00,-63.4994,44.6397,CYAW 011700Z 04011G19KT 15SM BKN040 17/09 A3012 RMK SC7 DENSITY ALT 346FT SLP200
CYAW,2024-10-01 18:00,-63.4994,44.6397,CYAW 011800Z 02012G18KT 15SM BKN040 17/09 A3011 RMK SC7 DENSITY ALT 321FT LAST OBS /NEXT 020900 UTC SLP197
CYAW,2024-10-02 09:00,-63.4994,44.6397,CYAW 020900Z 35004KT 15SM FEW025 FEW150 08/08 A3009 RMK SC1AC1 DENSITY ALT -684FT FST OBS SLP192
CYAW,2024-10-02 10:00,-63.4994,44.6397,CYAW 021000Z 03005KT 15SM FEW025 09/09 A3009 RMK SC1 DENSITY ALT -552FT SLP191
CYAW,2024-10-02 11:00,-63.4994,44.6397,CYAW 021100Z 03004KT 15SM FEW030 10/10 A3009 RMK SC1 DENSITY ALT -460FT SLP192
CYAW,2024-10-02 12:00,-63.4994,44.6397,CYAW 021200Z 05007KT 15SM FEW030 FEW230 12/11 A3010 RMK SC1CI1 DENSITY ALT -245FT SLP193
CYAW,2024-10-02 13:00,-63.4994,44.6397,CYAW 021300Z 05006KT 15SM FEW030 FEW230 14/11 A3010 RMK SC1CI1 DENSITY ALT 0FT SLP195
CYAW,2024-10-02 14:00,-63.4994,44.6397,CYAW 021400Z 06007KT 15SM FEW030 SCT230 15/10 A3010 RMK SC2CI1 DENSITY ALT 117FT SLP193
CYAW,2024-10-02 15:00,-63.4994,44.6397,CYAW 021500Z 06007KT 15SM SCT030 BKN250 16/10 A3009 RMK SC4CI2 DENSITY ALT 272FT SLP192
CYAW,2024-10-02 16:00,-63.4994,44.6397,CYAW 021600Z 13010KT 15SM SCT040 BKN250 17/10 A3008 RMK SC4CI2 DENSITY ALT 356FT SLP187
CYAW,2024-10-02 17:00,-63.4994,44.6397,CYAW 021700Z 15008KT 15SM BKN040 BKN250 17/11 A3007 RMK SC5CI2 DENSITY ALT 446FT SLP183
CYAW,2024-10-02 18:00,-63.4994,44.6397,CYAW 021800Z 17006KT 15SM BKN035 15/10 A3006 RMK SC7 DENSITY ALT 226FT SLP182
CYAW,2024-10-02 18:25,-63.4994,44.6397,CYAW 021825Z 18006KT 15SM BKN035 15/10 A3006 RMK SC7 DENSITY ALT 189FT LAST OBS /NEXT 030900 UTC SLP181
CYAW,2024-10-03 09:00,-63.4994,44.6397,CYAW 030900Z 33002KT 15SM BKN042 10/10 A3010 RMK SC5 DENSITY ALT -524FT FST OBS SLP193
CYAW,2024-10-03 10:00,-63.4994,44.6397,CYAW 031000Z 35002KT 15SM BKN042 09/09 A3011 RMK SC6 DENSITY ALT -655FT SLP197
CYAW,2024-10-03 11:00,-63.4994,44.6397,CYAW 031100Z 33003KT 15SM FEW020 BKN042 09/09 A3012 RMK CU1SC5 DENSITY ALT -654FT SLP201
CYAW,2024-10-03 12:00,-63.4994,44.6397,CYAW 031200Z 34002KT 15SM FEW020 BKN045 12/11 A3013 RMK CU1SC6 DENSITY ALT -301FT SLP203
CYAW,2024-10-03 13:00,-63.4994,44.6397,CYAW 031300Z 24002KT 15SM FEW020 BKN048 14/12 A3014 RMK CU1SC6 DENSITY ALT 19FT SLP206
CYAW,2024-10-03 14:00,-63.4994,44.6397,CYAW 031400Z 29006KT 15SM FEW030 SCT050 16/11 A3014 RMK CU1SC3 DENSITY ALT 252FT SLP207
CYAW,2024-10-03 15:00,-63.4994,44.6397,CYAW 031500Z 21005KT 15SM FEW030 SCT045 BKN180 17/11 A3013 RMK CU1SC4AC1 DENSITY ALT 334FT SLP205
CYAW,2024-10-03 16:00,-63.4994,44.6397,CYAW 031600Z 26006KT 15SM BKN045 BKN180 18/10 A3013 RMK SC5AC2 DENSITY ALT 407FT SLP204
CYAW,2024-10-03 17:00,-63.4994,44.6397,CYAW 031700Z 25004KT 15SM BKN045 BKN180 17/10 A3012 RMK SC5AC2 DENSITY ALT 311FT SLP200
CYAW,2024-10-03 18:00,-63.4994,44.6397,CYAW 031800Z 24008G15KT 15SM SCT045 BKN180 18/10 A3011 RMK SC4AC2 DENSITY ALT 475FT SLP198
CYAW,2024-10-03 19:00,-63.4994,44.6397,CYAW 031900Z 23007KT 15SM SCT045 SCT180 17/11 A3011 RMK SC3AC1 DENSITY ALT 406FT SLP198
CYAW,2024-10-03 20:00,-63.4994,44.6397,CYAW 032000Z CCA 22008KT 15SM SCT045 SCT180 17/11 A3012 RMK SC3AC1 DENSITY ALT 396FT LAST OBS /NEXT 041000 UTC SLP200
CYAW,2024-10-04 10:00,-63.4994,44.6397,CYAW 041000Z 00000KT 15SM BKN053 11/11 A3025 RMK SC7 DENSITY ALT -563FT FST OBS SLP243
CYAW,2024-10-04 11:00,-63.4994,44.6397,CYAW 041100Z 00000KT 15SM FEW015 SCT050 OVC250 11/11 A3027 RMK CF1SC3CI5 DENSITY ALT -508FT SLP250
CYAW,2024-10-04 12:00,-63.4994,44.6397,CYAW 041200Z 00000KT 15SM FEW035 BKN250 13/13 A3027 RMK SC1CI7 DENSITY ALT -220FT SLP250
CYAW,2024-10-04 13:00,-63.4994,44.6397,CYAW 041300Z 23005KT 15SM FEW010 FEW035 BKN250 15/13 A3028 RMK SF1SC2CI4 DENSITY ALT -49FT SLP256
CYAW,2024-10-04 14:00,-63.4994,44.6397,CYAW 041400Z 27006KT 15SM FEW010 FEW040 BKN250 17/13 A3027 RMK SF1SC1CI6 DENSITY ALT 185FT SLP253
CYAW,2024-10-04 15:00,-63.4994,44.6397,CYAW 041500Z 24004KT 15SM FEW020 BKN250 18/13 A3027 RMK CF1CI7 DENSITY ALT 319FT SLP250
CYAW,2024-10-04 16:00,-63.4994,44.6397,CYAW 041600Z 26009KT 15SM FEW020 OVC250 19/12 A3025 RMK CU1CI7 DENSITY ALT 479FT SLP245
CYAW,2024-10-04 17:00,-63.4994,44.6397,CYAW 041700Z 24009KT 15SM FEW020 OVC250 19/12 A3024 RMK CU1CI7 DENSITY ALT 477FT SLP242
CYAW,2024-10-04 18:00,-63.4994,44.6397,CYAW 041800Z 24008KT 15SM FEW020 OVC250 19/13 A3024 RMK CU1CI7 DENSITY ALT 482FT SLP241
CYAW,2024-10-04 19:00,-63.4994,44.6397,CYAW 041900Z 22008KT 15SM FEW020 OVC250 18/13 A3024 RMK CU1CI7 DENSITY ALT 383FT SLP240
CYAW,2024-10-04 19:29,-63.4994,44.6397,CYAW 041929Z 22009KT 15SM FEW020 OVC250 18/13 A3023 RMK CU1CI7 DENSITY ALT 384FT LAST OBS /NEXT 050800 UTC SLP239
CYAW,2024-10-05 08:00,-63.4994,44.6397,CYAW 050800Z 21003KT 15SM FEW022 OVC042 14/14 A3022 RMK CF1SC8 DENSITY ALT -33FT FST OBS SLP233
CYAW,2024-10-05 09:00,-63.4994,44.6397,CYAW 050900Z CCA 00000KT 15SM FEW022 BKN043 OVC180 14/14 A3021 RMK CF1SC5AC3 DENSITY ALT -107FT SLP232
CYAW,2024-10-05 10:00,-63.4994,44.6397,CYAW 051000Z 17003KT 15SM FEW038 SCT180 BKN210 12/12 A3020 RMK CU1AC2CI4 DENSITY ALT -294FT SLP228
CYAW,2024-10-05 11:00,-63.4994,44.6397,CYAW 051100Z 10003KT 15SM FEW018 BKN035 OVC210 13/13 A3020 RMK CF1CU5CI3 DENSITY ALT -203FT SLP227
CYAW,2024-10-05 12:00,-63.4994,44.6397,CYAW 051200Z 16005KT 15SM SCT035 BKN180 BKN210 16/14 A3020 RMK CU3AC2CI2 DENSITY ALT 149FT SLP228
CYAW,2024-10-05 13:00,-63.4994,44.6397,CYAW 051300Z 16006KT 15SM FEW025 OVC040 16/14 A3020 RMK CF1SC7 DENSITY ALT 219FT SLP227
CYAW,2024-10-05 14:00,-63.4994,44.6397,CYAW 051400Z 17008KT 15SM FEW025 BKN047 OVC180 16/14 A3018 RMK CF1SC7AC1 DENSITY ALT 251FT SLP222
CYAW,2024-10-05 15:00,-63.4994,44.6397,CYAW 051500Z 14009KT 15SM FEW025 BKN050 BKN180 OVC250 17/13 A3017 RMK CF1SC4AC3CI1 DENSITY ALT 292FT SLP218
CYAW,2024-10-05 16:00,-63.4994,44.6397,CYAW 051600Z 15011KT 15SM BKN020 BKN050 BKN180 OVC250 17/14 A3017 RMK CU5SC1AC1CI2 DENSITY ALT 291FT SLP217
CYAW,2024-10-05 17:00,-63.4994,44.6397,CYAW 051700Z 16010KT 15SM FEW020 BKN050 BKN180 OVC250 16/14 A3015 RMK CU1SC5AC1CI1 DENSITY ALT 284FT SLP211
CYAW,2024-10-05 18:00,-63.4994,44.6397,CYAW 051800Z 15010KT 15SM FEW020 BKN050 BKN180 OVC250 16/13 A3014 RMK CU1SC4AC1CI2 DENSITY ALT 267FT SLP205
CYAW,2024-10-05 19:00,-63.4994,44.6397,CYAW 051900Z 14008KT 15SM FEW020 SCT050 BKN180 OVC250 16/13 A3012 RMK CU2SC2AC3CI1 DENSITY ALT 243FT SLP201
CYAW,2024-10-05 19:43,-63.4994,44.6397,CYAW 051943Z 12007KT 15SM -SHRA FEW020 BKN050 BKN180 OVC250 16/14 A3012 RMK CU1SC5AC1CI1 DENSITY ALT 214FT SLP199
CYAW,2024-10-05 20:00,-63.4994,44.6397,CYAW 052000Z 13006KT 15SM -SHRA FEW020 BKN050 BKN180 OVC250 15/14 A3012 RMK CU2SC3AC2CI1 DENSITY ALT 182FT SLP200
CYAW,2024-10-05 20:34,-63.4994,44.6397,CYAW 052034Z 10004KT 15SM -SHRA FEW020 BKN050 BKN180 OVC250 15/14 A3011 RMK CU2SC3AC2CI1 DENSITY ALT 172FT LAST OBS /NEXT 071100 UTC SLP198
CYAW,2024-10-07 11:00,-63.4994,44.6397,CYAW 071100Z 05007KT 15SM FEW040 BKN080 11/11 A2996 RMK SC2AC5 DENSITY ALT -138FT FST OBS SLP147
CYAW,2024-10-07 12:00,-63.4994,44.6397,CYAW 071200Z 06006KT 15SM FEW040 BKN080 12/12 A2997 RMK SC2AC5 DENSITY ALT -44FT SLP149
CYAW,2024-10-07 13:00,-63.4994,44.6397,CYAW 071300Z 08007KT 15SM FEW020 BKN045 BKN080 13/13 A2997 RMK SC1SC4AC2 DENSITY ALT 22FT SLP150
CYAW,2024-10-07 14:00,-63.4994,44.6397,CYAW 071400Z 10010KT 15SM FEW020 BKN045 BKN080 15/14 A2997 RMK CU2SC4AC1 DENSITY ALT 299FT SLP148
CYAW,2024-10-07 15:00,-63.4994,44.6397,CYAW 071500Z 11011G17KT 15SM FEW020 BKN045 BKN080 16/13 A2995 RMK CU2SC3AC2 DENSITY ALT 398FT SLP144
CYAW,2024-10-07 16:00,-63.4994,44.6397,CYAW 071600Z 10011G19KT 15SM SCT020 BKN250 16/13 A2994 RMK CU4CI3 DENSITY ALT 422FT SLP140
CYAW,2024-10-07 17:00,-63.4994,44.6397,CYAW 071700Z 11010G18KT 15SM SCT022 SCT120 BKN250 16/12 A2994 RMK CU3AC1CI3 DENSITY ALT 484FT SLP138
CYAW,2024-10-07 18:00,-63.4994,44.6397,CYAW 071800Z 10013KT 15SM SCT020 BKN070 BKN250 16/13 A2993 RMK CU4AC1CI2 DENSITY ALT 454FT SLP136
CYAW,2024-10-07 19:00,-63.4994,44.6397,CYAW 071900Z CCA 10011KT 15SM FEW020 BKN059 BKN250 16/13 A2993 RMK CU2SC3CI2 DENSITY ALT 458FT LAST OBS /NEXT 081100 UTC SLP137
CYAW,2024-10-08 11:00,-63.4994,44.6397,CYAW 081100Z 15010KT 15SM BKN018 OVC100 14/13 A2988 RMK SC7AC1 DENSITY ALT 300FT FST OBS SLP120
CYAW,2024-10-08 12:00,-63.4994,44.6397,CYAW 081200Z 15010KT 15SM BKN020 OVC100 15/13 A2989 RMK SC5AC3 DENSITY ALT 386FT SLP122
CYAW,2024-10-08 13:00,-63.4994,44.6397,CYAW 081300Z 14012G18KT 15SM BKN020 OVC100 15/13 A2990 RMK SC6AC2 DENSITY ALT 396FT SLP124
CYAW,2024-10-08 13:50,-63.4994,44.6397,CYAW 081350Z 15013G19KT 15SM -SHRA BKN020 OVC100 15/13 A2988 RMK SC6AC2 DENSITY ALT 433FT PCPN VRY LGT SLP120
CYAW,2024-10-08 14:00,-63.4994,44.6397,CYAW 081400Z 14012G19KT 15SM -SHRA BKN020 OVC100 15/13 A2988 RMK SC6AC2 DENSITY ALT 444FT PCPN VRY LGT SLP120
CYAW,2024-10-08 15:00,-63.4994,44.6397,CYAW 081500Z CCA 14013G19KT 15SM -SHRA BKN020 OVC100 15/13 A2988 RMK SC7AC1 DENSITY ALT 384FT PCPN VRY LGT SLP119
CYAW,2024-10-08 16:00,-63.4994,44.6397,CYAW 081600Z 14012G19KT 15SM -SHRA BKN016 OVC025 15/14 A2986 RMK SC7SC1 DENSITY ALT 465FT PCPN VRY LGT SLP112
CYAW,2024-10-08 17:00,-63.4994,44.6397,CYAW 081700Z 14014G21KT 15SM -SHRA BKN016 BKN025 OVC100 16/14 A2984 RMK SC5SC2AC1 DENSITY ALT 548FT PCPN VRY LGT SLP104
CYAW,2024-10-08 18:00,-63.4994,44.6397,CYAW 081800Z 15019G26KT 15SM BKN016 BKN025 OVC100 16/14 A2982 RMK SC5SC2AC1 DENSITY ALT 671FT SLP099
CYAW,2024-10-08 19:00,-63.4994,44.6397,CYAW 081900Z 15018G25KT 15SM BKN016 BKN025 OVC100 16/14 A2980 RMK SC5SC2AC1 DENSITY ALT 638FT SLP092
CYAW,2024-10-08 19:16,-63.4994,44.6397,CYAW 081916Z 14018G25KT 10SM -SHRA SCT016 BKN025 OVC100 16/14 A2980 RMK SC4SC3AC1 DENSITY ALT 628FT SLP091
CYAW,2024-10-08 20:00,-63.4994,44.6397,CYAW 082000Z 14012G22KT 12SM SCT016 BKN030 OVC090 15/15 A2978 RMK SC4SC3AC1 DENSITY ALT 601FT SLP086
CYAW,2024-10-08 21:00,-63.4994,44.6397,CYAW 082100Z 13019G27KT 12SM BKN016 BKN030 OVC080 16/15 A2976 RMK SC6SC1AC1 DENSITY ALT 663FT SLP080
CYAW,2024-10-08 21:09,-63.4994,44.6397,CYAW 082109Z 13017G27KT 8SM -SHRA BKN014 OVC030 16/15 A2976 RMK SF7SC1 DENSITY ALT 642FT SLP079
CYAW,2024-10-08 22:00,-63.4994,44.6397,CYAW 082200Z 14015G24KT 15SM -SHRA BKN014 OVC030 15/15 A2974 RMK SF7SC1 DENSITY ALT 645FT PCPN VRY LGT SLP072
CYAW,2024-10-08 22:29,-63.4994,44.6397,CYAW 082229Z 14021G30KT 5SM -SHRA BR BKN009 OVC013 15/15 A2974 RMK SF6SF2 DENSITY ALT 659FT SLP071
CYAW,2024-10-08 23:00,-63.4994,44.6397,CYAW 082300Z 14018G23KT 5SM -SHRA BR BKN005 OVC008 15/15 A2973 RMK SF5SF3 DENSITY ALT 670FT SLP068
CYAW,2024-10-09 00:00,-63.4994,44.6397,CYAW 090000Z 16015G24KT 2SM -SHRA BR BKN004 OVC008 15/15 A2972 RMK SF6SF2 DENSITY ALT 682FT SLP065
CYAW,2024-10-09 00:26,-63.4994,44.6397,CYAW 090026Z 16011KT 5SM -SHRA BR BKN003 OVC008 16/16 A2971 RMK SF6SF2 DENSITY ALT 720FT SLP062
CYAW,2024-10-09 00:47,-63.4994,44.6397,CYAW 090047Z 26014KT 2SM SHRA BR BKN004 OVC009 15/15 A2973 RMK SF5SF3 DENSITY ALT 670FT SLP068
CYAW,2024-10-09 01:00,-63.4994,44.6397,CYAW 090100Z 28008G16KT 5SM -SHRA BR SCT004 OVC008 14/14 A2972 RMK SF4SF4 DENSITY ALT 522FT SLP065
CYAW,2024-10-09 01:15,-63.4994,44.6397,CYAW 090115Z 24004KT 2 1/2SM SHRA BR BKN004 OVC009 14/14 A2973 RMK SF5SF3 DENSITY ALT 497FT SLP067
CYAW,2024-10-09 01:30,-63.4994,44.6397,CYAW 090130Z 00000KT 6SM -SHRA BR FEW004 BKN009 OVC060 14/14 A2972 RMK SF2SF4SC2 DENSITY ALT 496FT SLP065
CYAW,2024-10-09 02:00,-63.4994,44.6397,CYAW 090200Z 26007KT 8SM SCT007 OVC011 14/14 A2973 RMK SF4SF4 DENSITY ALT 497FT SLP069
CYAW,2024-10-09 02:44,-63.4994,44.6397,CYAW 090244Z 30011KT 10SM SCT007 OVC015 14/14 A2974 RMK SF4SC4 DENSITY ALT 486FT SLP071
CYAW,2024-10-09 03:00,-63.4994,44.6397,CYAW 090300Z CCA 29010KT 10SM FEW007 OVC020 14/14 A2975 RMK SF2SC6 DENSITY ALT 448FT LAST OBS /NEXT 091100 UTC SLP074
CYAW,2024-10-09 11:00,-63.4994,44.6397,CYAW 091100Z 28008KT 15SM BKN180 BKN230 09/08 A2987 RMK AC5CI2 DENSITY ALT -373FT FST OBS SLP115
CYAW,2024-10-09 12:00,-63.4994,44.6397,CYAW 091200Z 29007KT 15SM FEW012 SCT180 BKN230 09/08 A2989 RMK CF1AC3CI4 DENSITY ALT -384FT SLP121
CYAW,2024-10-09 13:00,-63.4994,44.6397,CYAW 091300Z 29007KT 15SM SCT180 BKN230 10/08 A2989 RMK AC3CI4 DENSITY ALT -222FT SLP122
CYAW,2024-10-09 14:00,-63.4994,44.6397,CYAW 091400Z 30006KT 15SM SCT180 BKN250 11/08 A2989 RMK AC3CI3 DENSITY ALT -80FT SLP123
CYAW,2024-10-09 15:00,-63.4994,44.6397,CYAW 091500Z 30006KT 15SM FEW020 SCT170 SCT230 13/06 A2988 RMK CF1AC3CI1 DENSITY ALT 61FT SLP119
CYAW,2024-10-09 16:00,-63.4994,44.6397,CYAW 091600Z 28009KT 15SM FEW020 FEW170 14/05 A2987 RMK CF1AC2 DENSITY ALT 242FT SLP117
CYAW,2024-10-09 17:00,-63.4994,44.6397,CYAW 091700Z 28006KT 15SM FEW020 FEW170 15/04 A2986 RMK CF1AC2 DENSITY ALT 340FT SLP112
CYAW,2024-10-09 18:00,-63.4994,44.6397,CYAW 091800Z 21005KT 15SM FEW020 BKN170 15/05 A2987 RMK CF1AC5 DENSITY ALT 304FT SLP114
CYAW,2024-10-09 19:00,-63.4994,44.6397,CYAW 091900Z 24005KT 15SM FEW020 SCT170 15/06 A2986 RMK CF1AC4 DENSITY ALT 367FT SLP112
CYAW,2024-10-09 20:00,-63.4994,44.6397,CYAW 092000Z 24009KT 15SM FEW020 BKN170 14/06 A2986 RMK CF1AC5 DENSITY ALT 229FT SLP111
CYAW,2024-10-09 21:00,-63.4994,44.6397,CYAW 092100Z 22004KT 15SM BKN170 12/07 A2985 RMK AC5 DENSITY ALT 80FT SLP108
CYAW,2024-10-09 22:00,-63.4994,44.6397,CYAW 092200Z 23004KT 15SM SCT170 12/08 A2985 RMK AC4 DENSITY ALT -22FT LAST OBS /NEXT 101100 UTC SLP110
CYAW,2024-10-10 11:00,-63.4994,44.6397,CYAW 101100Z 27011KT 15SM FEW024 SCT078 09/09 A2973 RMK SC1AC2 DENSITY ALT -216FT FST OBS SLP068
CYAW,2024-10-10 12:00,-63.4994,44.6397,CYAW 101200Z 27009KT 15SM FEW024 SCT080 SCT240 09/09 A2973 RMK SC1AC2CI1 DENSITY ALT -124FT SLP067
CYAW,2024-10-10 13:00,-63.4994,44.6397,CYAW 101300Z 28009KT 15SM BKN012 BKN030 BKN080 10/10 A2974 RMK SC5SC1AC1 DENSITY ALT -5FT SLP070
CYAW,2024-10-10 14:00,-63.4994,44.6397,CYAW 101400Z 26009KT 15SM SCT019 BKN090 12/11 A2972 RMK SC4AC1 DENSITY ALT 179FT SLP065
CYAW,2024-10-10 15:00,-63.4994,44.6397,CYAW 101500Z 28007KT 15SM BKN021 BKN090 13/11 A2971 RMK SC5AC1 DENSITY ALT 323FT SLP062
CYAW,2024-10-10 16:00,-63.4994,44.6397,CYAW 101600Z 33015G21KT 12SM -SHRA FEW012 BKN030 BKN090 13/10 A2970 RMK CU1SC6AC1 DENSITY ALT 288FT SLP059
CYAW,2024-10-10 17:00,-63.4994,44.6397,CYAW 101700Z 31010G16KT 15SM VCSH FEW016 BKN032 BKN090 12/09 A2970 RMK CU1SC4AC1 DENSITY ALT 197FT VCSH W QUAD SLP057
CYAW,2024-10-10 18:00,-63.4994,44.6397,CYAW 101800Z 31014G20KT 15SM SCT025 SCT090 13/08 A2969 RMK CU4AC1 DENSITY ALT 344FT SLP056
CYAW,2024-10-10 19:00,-63.4994,44.6397,CYAW 101900Z 31012G18KT 15SM SCT030 14/07 A2967 RMK CU3 DENSITY ALT 442FT SLP049
CYAW,2024-10-10 20:00,-63.4994,44.6397,CYAW 102000Z 31010G16KT 15SM FEW030 13/06 A2968 RMK CU1 DENSITY ALT 382FT SLP051
CYAW,2024-10-10 21:00,-63.4994,44.6397,CYAW 102100Z 31012KT 15SM FEW030 FEW090 12/06 A2969 RMK CU1AC1 DENSITY ALT 257FT SLP055
CYAW,2024-10-10 22:00,-63.4994,44.6397,CYAW 102200Z 31007KT 15SM FEW030 FEW095 FEW230 10/07 A2970 RMK CU1AC1CI1 DENSITY ALT -7FT SLP059
CYAW,2024-10-10 23:00,-63.4994,44.6397,CYAW 102300Z 30008KT 15SM FEW095 10/07 A2971 RMK AC1 DENSITY ALT -18FT SLP063
CYAW,2024-10-11 00:00,-63.4994,44.6397,CYAW 110000Z 29011KT 15SM SKC 10/06 A2972 RMK DENSITY ALT -34FT SLP065
CYAW,2024-10-11 01:00,-63.4994,44.6397,CYAW 110100Z 30009G15KT 15SM SCT090 09/06 A2971 RMK AC4 DENSITY ALT -167FT SLP063
CYAW,2024-10-11 02:00,-63.4994,44.6397,CYAW 110200Z 27009KT 15SM FEW100 09/07 A2970 RMK AC1 DENSITY ALT -158FT SLP059
CYAW,2024-10-11 03:00,-63.4994,44.6397,CYAW 110300Z CCA 28010G16KT 15SM SKC 08/08 A2968 RMK DENSITY ALT -206FT LAST OBS /NEXT 151000 UTC SLP053
CYAW,2024-10-15 10:00,-63.4994,44.6397,CYAW 151000Z 25012G18KT 15SM FEW015 11/10 A2954 RMK SC2 DENSITY ALT 295FT FST OBS SLP005
CYAW,2024-10-15 11:00,-63.4994,44.6397,CYAW 151100Z 26009KT 15SM SCT020 10/09 A2956 RMK SC3 DENSITY ALT 137FT SLP010
CYAW,2024-10-15 12:00,-63.4994,44.6397,CYAW 151200Z 24009KT 15SM SCT020 11/08 A2958 RMK SC3 DENSITY ALT 208FT SLP016
CYAW,2024-10-15 13:00,-63.4994,44.6397,CYAW 151300Z 26015G21KT 15SM FEW020 11/07 A2958 RMK CU2 DENSITY ALT 261FT SLP017
CYAW,2024-10-15 14:00,-63.4994,44.6397,CYAW 151400Z 25012G19KT 15SM SCT026 SCT230 12/07 A2958 RMK CU3CI1 DENSITY ALT 331FT SLP017
CYAW,2024-10-15 15:00,-63.4994,44.6397,CYAW 151500Z 26012G21KT 15SM FEW026 FEW220 SCT240 12/06 A2959 RMK CU1CC1CI2 DENSITY ALT 346FT SLP021
CYAW,2024-10-15 16:00,-63.4994,44.6397,CYAW 151600Z 25011G19KT 15SM FEW025 FEW240 12/06 A2960 RMK CU1CI1 DENSITY ALT 354FT SLP023
CYAW,2024-10-15 18:00,-63.4994,44.6397,CYAW 151800Z 26014KT 15SM FEW025 SCT240 13/04 A2956 RMK CU1CI2 DENSITY ALT 451FT SLP012
CYAW,2024-10-15 19:00,-63.4994,44.6397,CYAW 151900Z 26015G20KT 15SM FEW025 SCT250 13/05 A2956 RMK CU2CI2 DENSITY ALT 464FT SLP011
CYAW,2024-10-15 20:00,-63.4994,44.6397,CYAW 152000Z CCA 24010G16KT 15SM FEW025 SCT240 13/05 A2956 RMK CU2CI2 DENSITY ALT 416FT LAST OBS /NEXT 161000 UTC SLP012
CYAW,2024-10-16 10:00,-63.4994,44.6397,CYAW 161000Z CCA 24009KT 15SM SCT073 08/04 A2961 RMK AC4 DENSITY ALT -250FT FST OBS SLP029
CYAW,2024-10-16 11:00,-63.4994,44.6397,CYAW 161100Z 24008KT 15SM FEW038 FEW080 08/04 A2962 RMK SC1AC1 DENSITY ALT -261FT SLP030
CYAW,2024-10-16 12:00,-63.4994,44.6397,CYAW 161200Z 26010G15KT 15SM VCSH SCT053 SCT230 09/05 A2963 RMK SC4CI1 DENSITY ALT -161FT VCSH S QUAD SLP036
CYAW,2024-10-16 13:00,-63.4994,44.6397,CYAW 161300Z 25012G19KT 15SM FEW020 FEW053 FEW080 10/04 A2963 RMK CF1SC2AC1 DENSITY ALT -18FT SLP036
CYAW,2024-10-16 14:00,-63.4994,44.6397,CYAW 161400Z 24016G27KT 15SM FEW033 SCT053 SCT080 11/02 A2964 RMK CU2SC1AC1 DENSITY ALT 152FT SLP038
CYAW,2024-10-16 15:00,-63.4994,44.6397,CYAW 161500Z 27016G21KT 15SM SCT034 SCT080 12/03 A2964 RMK CU4AC1 DENSITY ALT 191FT SLP039
CYAW,2024-10-16 16:00,-63.4994,44.6397,CYAW 161600Z 27017G23KT 15SM SCT035 BKN080 BKN230 10/01 A2963 RMK CU4AC1CI1 DENSITY ALT 34FT SLP036
CYAW,2024-10-16 17:00,-63.4994,44.6397,CYAW 161700Z 27013G23KT 15SM -SHRA BKN035 BKN080 12/02 A2963 RMK CU5AC1 DENSITY ALT 212FT SLP033
CYAW,2024-10-16 17:22,-63.4994,44.6397,CYAW 161722Z 27017G24KT 15SM VCSH BKN038 BKN080 11/01 A2963 RMK SC6AC1 DENSITY ALT 106FT CU ASOCTD VCSH E SLP033
CYAW,2024-10-16 18:00,-63.4994,44.6397,CYAW 161800Z 27015G21KT 15SM BKN035 BKN070 12/01 A2963 RMK SC5AC1 DENSITY ALT 260FT SLP034
CYAW,2024-10-16 19:00,-63.4994,44.6397,CYAW 161900Z 30014G19KT 15SM BKN040 BKN075 11/01 A2965 RMK SC7AC1 DENSITY ALT 117FT SLP042
CYAW,2024-10-16 20:00,-63.4994,44.6397,CYAW 162000Z 29014G22KT 15SM BKN040 BKN075 10/01 A2969 RMK SC5AC1 DENSITY ALT -94FT SLP055
CYAW,2024-10-16 20:48,-63.4994,44.6397,CYAW 162048Z 30016G23KT 15SM BKN040 BKN075 09/02 A2972 RMK SC5AC1 DENSITY ALT -249FT LAST OBS /NEXT 181000 UTC SLP064
CYAW,2024-10-18 10:00,-63.4994,44.6397,CYAW 181000Z 35007KT 15SM FEW180 05/03 A3026 RMK AC1 DENSITY ALT -1281FT FST OBS SLP248
CYAW,2024-10-18 11:00,-63.4994,44.6397,CYAW 181100Z 34004KT 15SM FEW230 05/03 A3028 RMK CI1 DENSITY ALT -1305FT SLP255
CYAW,2024-10-18 12:00,-63.4994,44.6397,CYAW 181200Z 01013G19KT 15SM FEW100 FEW230 08/04 A3029 RMK AC1CI1 DENSITY ALT -975FT SLP259
CYAW,2024-10-18 13:00,-63.4994,44.6397,CYAW 181300Z 01012G20KT 15SM FEW230 10/04 A3030 RMK CI1 DENSITY ALT -753FT SLP261
CYAW,2024-10-18 14:00,-63.4994,44.6397,CYAW 181400Z 02016G22KT 15SM FEW230 12/04 A3031 RMK CI1 DENSITY ALT -572FT SLP265
CYAW,2024-10-18 15:00,-63.4994,44.6397,CYAW 181500Z 03011G17KT 15SM FEW020 FEW230 13/03 A3032 RMK CF1CI1 DENSITY ALT -442FT SLP269
CYAW,2024-10-18 16:00,-63.4994,44.6397,CYAW 181600Z 36009G16KT 15SM FEW020 14/03 A3033 RMK CF1 DENSITY ALT -355FT SLP271
CYAW,2024-10-18 17:00,-63.4994,44.6397,CYAW 181700Z 01011G20KT 15SM FEW020 14/03 A3033 RMK CF1 DENSITY ALT -261FT SLP271
CYAW,2024-10-18 18:00,-63.4994,44.6397,CYAW 181800Z 02008KT 15SM FEW020 15/03 A3033 RMK CF1 DENSITY ALT -167FT SLP271
CYAW,2024-10-18 19:00,-63.4994,44.6397,CYAW 181900Z 35009KT 15SM FEW020 15/02 A3034 RMK CF1 DENSITY ALT -218FT SLP275
CYAW,2024-10-18 20:00,-63.4994,44.6397,CYAW 182000Z 35006KT 15SM FEW020 14/02 A3035 RMK CF1 DENSITY ALT -314FT SLP277
CYAW,2024-10-18 21:00,-63.4994,44.6397,CYAW 182100Z CCA 03005KT 15SM FEW020 13/03 A3036 RMK CF1 DENSITY ALT -516FT LAST OBS /NEXT 210800 UTC SLP284
CYAW,2024-10-21 08:00,-63.4994,44.6397,CYAW 210800Z 24004KT 15SM FEW240 09/08 A3000 RMK CI1 DENSITY ALT -476FT FST OBS SLP158
CYAW,2024-10-21 09:00,-63.4994,44.6397,CYAW 210900Z 24003KT 15SM FEW240 09/08 A2999 RMK CI1 DENSITY ALT -488FT SLP157
CYAW,2024-10-21 10:00,-63.4994,44.6397,CYAW 211000Z 26010KT 15SM BKN110 BKN240 10/08 A3000 RMK AC5CI2 DENSITY ALT -413FT SLP159
CYAW,2024-10-21 11:00,-63.4994,44.6397,CYAW 211100Z 25006KT 15SM FEW025 BKN110 BKN240 10/08 A2999 RMK CF1AC5CI2 DENSITY ALT -337FT SLP158
CYAW,2024-10-21 12:00,-63.4994,44.6397,CYAW 211200Z 26006KT 15SM FEW070 SCT110 BKN240 11/09 A3001 RMK AC1AC3CI3 DENSITY ALT -261FT SLP163
CYAW,2024-10-21 13:00,-63.4994,44.6397,CYAW 211300Z 26004KT 15SM SCT070 BKN110 BKN240 12/09 A3001 RMK AC4AC1CI2 DENSITY ALT -100FT SLP164
CYAW,2024-10-21 14:00,-63.4994,44.6397,CYAW 211400Z 27007KT 15SM FEW070 BKN240 14/09 A3001 RMK AC2CI5 DENSITY ALT 106FT SLP164
CYAW,2024-10-21 15:00,-63.4994,44.6397,CYAW 211500Z 30005KT 15SM FEW070 BKN240 17/09 A3000 RMK AC1CI6 DENSITY ALT 435FT SLP159
CYAW,2024-10-21 16:00,-63.4994,44.6397,CYAW 211600Z 24004KT 15SM FEW070 BKN240 18/09 A2998 RMK AC1CI6 DENSITY ALT 657FT SLP153
CYAW,2024-10-21 17:00,-63.4994,44.6397,CYAW 211700Z 17005KT 15SM BKN240 19/10 A2996 RMK CI7 DENSITY ALT 719FT SLP147
CYAW,2024-10-21 18:00,-63.4994,44.6397,CYAW 211800Z 22008KT 15SM BKN240 20/10 A2995 RMK CI7 DENSITY ALT 884FT SLP144
CYAW,2024-10-21 19:00,-63.4994,44.6397,CYAW 211900Z 23007KT 15SM FEW070 BKN240 19/10 A2995 RMK AC1CI7 DENSITY ALT 761FT SLP143
CYAW,2024-10-21 20:00,-63.4994,44.6397,CYAW 212000Z 19004KT 15SM SCT070 BKN240 17/10 A2995 RMK AC3CI4 DENSITY ALT 590FT SLP144
CYAW,2024-10-21 21:00,-63.4994,44.6397,CYAW 212100Z 24005KT 15SM BKN080 BKN240 17/10 A2996 RMK AC5CI2 DENSITY ALT 485FT LAST OBS /NEXT 221000 UTC SLP147
CYAW,2024-10-22 10:00,-63.4994,44.6397,CYAW 221000Z 34007KT 15SM FEW100 FEW240 11/08 A3018 RMK AC1CI1 DENSITY ALT -508FT FST OBS SLP221
CYAW,2024-10-22 11:00,-63.4994,44.6397,CYAW 221100Z 35006KT 15SM FEW240 10/08 A3022 RMK CI1 DENSITY ALT -643FT SLP233
CYAW,2024-10-22 12:00,-63.4994,44.6397,CYAW 221200Z 02010G15KT 15SM FEW240 12/08 A3025 RMK CI1 DENSITY ALT -404FT SLP246
CYAW,2024-10-22 13:00,-63.4994,44.6397,CYAW 221300Z 02007KT 15SM FEW240 13/08 A3029 RMK CI1 DENSITY ALT -333FT SLP257
CYAW,2024-10-22 14:00,-63.4994,44.6397,CYAW 221400Z 35011KT 15SM FEW030 FEW240 14/07 A3030 RMK CU1CI1 DENSITY ALT -208FT SLP261
CYAW,2024-10-22 15:00,-63.4994,44.6397,CYAW 221500Z 03008KT 15SM FEW030 FEW240 15/05 A3031 RMK CU1CI1 DENSITY ALT -102FT SLP266
CYAW,2024-10-22 16:00,-63.4994,44.6397,CYAW 221600Z 01005KT 15SM FEW030 FEW240 16/06 A3032 RMK CU1CI1 DENSITY ALT -12FT SLP267
CYAW,2024-10-22 17:00,-63.4994,44.6397,CYAW 221700Z 35004KT 15SM FEW030 FEW250 17/06 A3032 RMK CF1CI2 DENSITY ALT 47FT SLP269
CYAW,2024-10-22 18:00,-63.4994,44.6397,CYAW 221800Z 20004KT 15SM FEW030 FEW250 16/06 A3032 RMK CF1CI2 DENSITY ALT -25FT SLP267
CYAW,2024-10-22 19:00,-63.4994,44.6397,CYAW 221900Z 18005KT 15SM FEW250 16/07 A3033 RMK CI2 DENSITY ALT -29FT SLP270
CYAW,2024-10-22 20:00,-63.4994,44.6397,CYAW 222000Z 18005KT 15SM BKN250 14/08 A3033 RMK CI5 DENSITY ALT -297FT SLP271
CYAW,2024-10-22 21:00,-63.4994,44.6397,CYAW 222100Z 19005KT 15SM SCT250 12/08 A3034 RMK CI4 DENSITY ALT -488FT SLP274
CYAW,2024-10-22 22:00,-63.4994,44.6397,CYAW 222200Z 17003KT 15SM SCT250 11/08 A3034 RMK CI4 DENSITY ALT -657FT SLP276
CYAW,2024-10-22 23:00,-63.4994,44.6397,CYAW 222300Z CCA 22003KT 15SM FEW250 11/08 A3035 RMK CI2 DENSITY ALT -717FT LAST OBS /NEXT 231000 UTC SLP280
CYAW,2024-10-23 10:00,-63.4994,44.6397,CYAW 231000Z 17006KT 15SM BKN008 BKN060 12/11 A3030 RMK SF7SC1 DENSITY ALT -419FT CIG VRB 6-10 FST OBS SLP262
CYAW,2024-10-23 11:00,-63.4994,44.6397,CYAW 231100Z 17005KT 8SM BKN008 BKN050 12/11 A3030 RMK SF6SC1 DENSITY ALT -418FT CIG VRB 6-10 SLP261
CYAW,2024-10-23 12:00,-63.4994,44.6397,CYAW 231200Z CCA 16005KT 8SM BKN008 OVC040 13/12 A3029 RMK SF7SC1 DENSITY ALT -276FT CIG VRB 6-10 SLP257
CYAW,2024-10-23 13:00,-63.4994,44.6397,CYAW 231300Z 17006KT 8SM BKN008 OVC040 14/13 A3027 RMK SF7SC1 DENSITY ALT -140FT CIG VRB 6-10 SLP253
CYAW,2024-10-23 14:00,-63.4994,44.6397,CYAW 231400Z 19004KT 10SM BKN008 OVC040 15/13 A3025 RMK SF7SC1 DENSITY ALT -65FT CIG VRB 6-10 SLP244
CYAW,2024-10-23 14:45,-63.4994,44.6397,CYAW 231445Z 19006KT 8SM OVC004 15/13 A3024 RMK SF8 DENSITY ALT 9FT SLP240
CYAW,2024-10-23 15:00,-63.4994,44.6397,CYAW 231500Z 19006KT 8SM BKN004 OVC030 15/13 A3023 RMK SF7SC1 DENSITY ALT 8FT SLP238
CYAW,2024-10-23 16:00,-63.4994,44.6397,CYAW 231600Z 18007KT 10SM OVC003 15/13 A3020 RMK SF8 DENSITY ALT 19FT SLP227
CYAW,2024-10-23 17:00,-63.4994,44.6397,CYAW 231700Z 19010G16KT 10SM OVC003 15/14 A3017 RMK SF8 DENSITY ALT 130FT SLP216
CYAW,2024-10-23 17:39,-63.4994,44.6397,CYAW 231739Z 19008KT 10SM BKN006 OVC015 16/14 A3015 RMK SF6SC2 DENSITY ALT 291FT SLP210
CYAW,2024-10-23 18:00,-63.4994,44.6397,CYAW 231800Z 20008G15KT 10SM BKN008 OVC012 16/14 A3014 RMK SF5SF3 DENSITY ALT 254FT SLP207
CYAW,2024-10-23 19:00,-63.4994,44.6397,CYAW 231900Z 20009G16KT 10SM OVC007 16/14 A3011 RMK SF8 DENSITY ALT 240FT SLP198
CYAW,2024-10-23 19:35,-63.4994,44.6397,CYAW 231935Z CCA 20006KT 10SM OVC005 16/14 A3010 RMK SF8 DENSITY ALT 239FT LAST OBS /NEXT 240900 UTC SLP194
CYAW,2024-10-24 09:00,-63.4994,44.6397,CYAW 240900Z 14003KT 3/4SM BR OVC003 13/12 A2994 RMK SF8 DENSITY ALT 63FT VIS VRB 1/2-1 FST OBS SLP138
CYAW,2024-10-24 10:00,-63.4994,44.6397,CYAW 241000Z 15004KT 3/4SM BR OVC003 13/13 A2993 RMK SF8 DENSITY ALT 140FT VIS VRB 1/2-1 SLP136
CYAW,2024-10-24 10:39,-63.4994,44.6397,CYAW 241039Z 25002KT 3/8SM FG VV002 13/12 A2992 RMK FG8 DENSITY ALT 112FT VIS VRB 1/4-1/2 SLP134
CYAW,2024-10-24 11:00,-63.4994,44.6397,CYAW 241100Z 16004KT 1/4SM FG VV002 13/12 A2992 RMK FG8 DENSITY ALT 99FT SLP133
CYAW,2024-10-24 12:00,-63.4994,44.6397,CYAW 241200Z 16004KT 1/4SM FG VV002 13/13 A2994 RMK FG8 DENSITY ALT 142FT SLP140
CYAW,2024-10-24 13:00,-63.4994,44.6397,CYAW 241300Z 35002KT 1/4SM FG VV002 14/13 A2992 RMK FG8 DENSITY ALT 269FT SLP134
CYAW,2024-10-24 14:00,-63.4994,44.6397,CYAW 241400Z 11004KT 1/4SM FG VV002 14/14 A2992 RMK FG8 DENSITY ALT 310FT SLP132
CYAW,2024-10-24 15:00,-63.4994,44.6397,CYAW 241500Z 13007KT 1/8SM FG VV002 14/14 A2991 RMK FG8 DENSITY ALT 294FT SLP130
CYAW,2024-10-24 16:00,-63.4994,44.6397,CYAW 241600Z 06005KT 1/4SM FG VV003 15/14 A2988 RMK FG8 DENSITY ALT 395FT VIS VRB 1/8-3/8 SLP120
CYAW,2024-10-24 16:36,-63.4994,44.6397,CYAW 241636Z 09004KT 1SM BR OVC003 15/14 A2987 RMK SF8 DENSITY ALT 459FT VIS VRB 1/2-1 1/2 SLP117
CYAW,2024-10-24 17:00,-63.4994,44.6397,CYAW 241700Z 05004KT 1/4SM FG VV003 15/14 A2987 RMK FG8 DENSITY ALT 421FT SLP115
CYAW,2024-10-24 18:00,-63.4994,44.6397,CYAW 241800Z 02005KT 3/8SM FG VV003 15/15 A2985 RMK FG8 DENSITY ALT 510FT VIS VRB 1/8-3/4 SLP109
CYAW,2024-10-24 18:13,-63.4994,44.6397,CYAW 241813Z 02006KT 3SM BR OVC003 16/15 A2985 RMK SF8 DENSITY ALT 535FT VIS VRB 2-5 SLP109
CYAW,2024-10-24 18:39,-63.4994,44.6397,CYAW 241839Z 01005KT 10SM -SHRA OVC004 16/15 A2984 RMK SF8 DENSITY ALT 585FT PCPN VRY LGT SLP105
CYAW,2024-10-24 19:00,-63.4994,44.6397,CYAW 241900Z 01006KT 10SM BKN004 OVC010 16/15 A2983 RMK SF7SC1 DENSITY ALT 608FT LAST OBS /NEXT 281000 UTC SLP101
CYAW,2024-10-28 10:00,-63.4994,44.6397,CYAW 281000Z 29009G15KT 15SM FEW120 01/M03 A3023 RMK AC1 DENSITY ALT -1786FT FST OBS SLP240
CYAW,2024-10-28 11:00,-63.4994,44.6397,CYAW 281100Z 30010KT 15SM FEW020 FEW180 01/M03 A3026 RMK SC1AC1 DENSITY ALT -1883FT SLP248
CYAW,2024-10-28 12:00,-63.4994,44.6397,CYAW 281200Z 29010G15KT 15SM FEW020 FEW180 02/M03 A3028 RMK SC1AC1 DENSITY ALT -1817FT SLP255
CYAW,2024-10-28 13:00,-63.4994,44.6397,CYAW 281300Z 29013G21KT 15SM FEW024 FEW180 03/M04 A3029 RMK CF1AC1 DENSITY ALT -1667FT SLP259
CYAW,2024-10-28 14:00,-63.4994,44.6397,CYAW 281400Z 29014KT 15SM FEW029 04/M04 A3029 RMK CF1 DENSITY ALT -1555FT SLP260
CYAW,2024-10-28 15:00,-63.4994,44.6397,CYAW 281500Z 29016G22KT 15SM FEW032 05/M06 A3029 RMK CF1 DENSITY ALT -1376FT SLP260
CYAW,2024-10-28 16:00,-63.4994,44.6397,CYAW 281600Z 30015G22KT 15SM FEW030 06/M06 A3028 RMK CF1 DENSITY ALT -1292FT SLP257
CYAW,2024-10-28 17:00,-63.4994,44.6397,CYAW 281700Z 28015KT 15SM FEW030 07/M08 A3028 RMK CF1 DENSITY ALT -1210FT SLP255
CYAW,2024-10-28 18:00,-63.4994,44.6397,CYAW 281800Z 29016G22KT 15SM FEW030 07/M08 A3028 RMK CF1 DENSITY ALT -1136FT SLP255
CYAW,2024-10-28 19:00,-63.4994,44.6397,CYAW 281900Z 30011G20KT 15SM FEW030 07/M07 A3028 RMK CF1 DENSITY ALT -1160FT SLP257
CYAW,2024-10-28 20:00,-63.4994,44.6397,CYAW 282000Z 31014G20KT 15SM FEW030 06/M07 A3030 RMK CF1 DENSITY ALT -1280FT LAST OBS /NEXT 291000 UTC SLP263
CYAW,2024-10-29 10:00,-63.4994,44.6397,CYAW 291000Z 31009KT 15SM FEW020 M00/M03 A3052 RMK SC1 DENSITY ALT -2348FT FST OBS SLP336
CYAW,2024-10-29 11:00,-63.4994,44.6397,CYAW 291100Z 32007KT 15SM FEW020 FEW230 M01/M04 A3054 RMK SC1CI1 DENSITY ALT -2514FT SLP343
CYAW,2024-10-29 12:00,-63.4994,44.6397,CYAW 291200Z 31007KT 15SM FEW020 FEW120 FEW230 02/M03 A3056 RMK SC1AC1CI1 DENSITY ALT -2122FT SLP350
CYAW,2024-10-29 13:00,-63.4994,44.6397,CYAW 291300Z 33009KT 15SM FEW020 FEW120 04/M02 A3056 RMK SC1AC1 DENSITY ALT -1839FT SLP350
CYAW,2024-10-29 14:00,-63.4994,44.6397,CYAW 291400Z 33008KT 15SM FEW020 FEW120 05/M01 A3056 RMK CF1AC1 DENSITY ALT -1662FT SLP350
CYAW,2024-10-29 15:00,-63.4994,44.6397,CYAW 291500Z 33009G15KT 15SM FEW020 FEW120 07/M03 A3055 RMK CF1AC1 DENSITY ALT -1497FT SLP347
CYAW,2024-10-29 16:00,-63.4994,44.6397,CYAW 291600Z 36009KT 15SM FEW020 08/M04 A3053 RMK CF1 DENSITY ALT -1343FT SLP341
CYAW,2024-10-29 17:00,-63.4994,44.6397,CYAW 291700Z 33009G19KT 15SM FEW020 08/M05 A3052 RMK CF1 DENSITY ALT -1249FT SLP338
CYAW,2024-10-29 18:00,-63.4994,44.6397,CYAW 291800Z 36009KT 15SM FEW020 09/M06 A3052 RMK CF1 DENSITY ALT -1192FT SLP335
CYAW,2024-10-29 19:00,-63.4994,44.6397,CYAW 291900Z 34009KT 15SM FEW020 08/M05 A3052 RMK CF1 DENSITY ALT -1252FT SLP338
CYAW,2024-10-29 19:34,-63.4994,44.6397,CYAW 291934Z 34009KT 15SM FEW020 08/M06 A3052 RMK CF1 DENSITY ALT -1292FT LAST OBS /NEXT 301000 UTC SLP338
CYAW,2024-10-30 10:00,-63.4994,44.6397,CYAW 301000Z 05004KT 15SM SCT230 M00/M04 A3056 RMK CI3 DENSITY ALT -2382FT FST OBS SLP351
CYAW,2024-10-30 11:00,-63.4994,44.6397,CYAW 301100Z 05004KT 15SM FEW180 BKN230 00/M03 A3057 RMK AC1CI4 DENSITY ALT -2354FT SLP353
CYAW,2024-10-30 12:00,-63.4994,44.6397,CYAW 301200Z 07003KT 15SM FEW180 BKN230 02/M02 A3057 RMK AC1CI5 DENSITY ALT -2094FT SLP354
CYAW,2024-10-30 13:00,-63.4994,44.6397,CYAW 301300Z 09004KT 15SM FEW180 BKN230 05/M00 A3057 RMK AC1CI5 DENSITY ALT -1728FT SLP353
CYAW,2024-10-30 14:00,-63.4994,44.6397,CYAW 301400Z 16010KT 15SM FEW050 FEW180 BKN230 08/00 A3055 RMK SC1AC1CI6 DENSITY ALT -1282FT SLP348
CYAW,2024-10-30 15:00,-63.4994,44.6397,CYAW 301500Z 17010G16KT 15SM FEW180 BKN230 09/01 A3053 RMK AC2CI5 DENSITY ALT -1170FT SLP340
CYAW,2024-10-30 16:00,-63.4994,44.6397,CYAW 301600Z 17011KT 15SM BKN033 BKN070 BKN230 09/02 A3050 RMK SC5AC1CI1 DENSITY ALT -1156FT SLP329
CYAW,2024-10-30 17:00,-63.4994,44.6397,CYAW 301700Z 17010G15KT 15SM FEW024 BKN033 09/02 A3046 RMK CF1SC7 DENSITY ALT -1105FT SLP318
CYAW,2024-10-30 18:00,-63.4994,44.6397,CYAW 301800Z 20008G15KT 15SM FEW024 BKN035 BKN070 09/03 A3045 RMK CF1SC4AC2 DENSITY ALT -1019FT SLP313
CYAW,2024-10-30 19:00,-63.4994,44.6397,CYAW 301900Z 20011G17KT 15SM FEW024 FEW035 BKN060 BKN220 09/02 A3043 RMK CF1SC2SC3CI2 DENSITY ALT -1002FT SLP305
CYAW,2024-10-30 20:00,-63.4994,44.6397,CYAW 302000Z 21009G18KT 15SM FEW025 BKN050 BKN220 09/01 A3042 RMK CF1SC5CI2 DENSITY ALT -993FT SLP303
CYAW,2024-10-30 20:35,-63.4994,44.6397,CYAW 302035Z 21010G15KT 15SM FEW025 BKN050 BKN220 09/02 A3041 RMK CF1SC5CI2 DENSITY ALT -977FT LAST OBS /NEXT 311000 UTC SLP298
CYAW,2024-10-31 10:00,-63.4994,44.6397,CYAW 311000Z 24010KT 4SM BR OVC004 13/12 A3006 RMK SF8 DENSITY ALT -79FT FST OBS SLP179
CYAW,2024-10-31 11:00,-63.4994,44.6397,CYAW 311100Z 22009KT 5SM BR OVC004 13/12 A3003 RMK SF8 DENSITY ALT -18FT SLP172
CYAW,2024-10-31 12:00,-63.4994,44.6397,CYAW 311200Z 25011G16KT 5SM BR OVC004 13/12 A3004 RMK SF8 DENSITY ALT -41FT SLP174
CYAW,2024-10-31 13:00,-63.4994,44.6397,CYAW 311300Z 24008KT 5SM BR OVC004 13/12 A3004 RMK SF8 DENSITY ALT -16FT SLP173
CYAW,2024-10-31 14:00,-63.4994,44.6397,CYAW 311400Z 24008KT 7SM OVC004 13/12 A3002 RMK SF8 DENSITY ALT 33FT SLP166
CYAW,2024-10-31 15:00,-63.4994,44.6397,CYAW 311500Z 24006KT 12SM OVC004 14/13 A2999 RMK SF8 DENSITY ALT 143FT SLP157
CYAW,2024-10-31 16:00,-63.4994,44.6397,CYAW 311600Z 25009KT 12SM OVC006 15/13 A2997 RMK SF8 DENSITY ALT 267FT SLP149
CYAW,2024-10-31 17:00,-63.4994,44.6397,CYAW 311700Z 24008KT 12SM BKN008 15/13 A2995 RMK SF7 DENSITY ALT 374FT CIG VRB 6-10 SLP142
CYAW,2024-10-31 17:26,-63.4994,44.6397,CYAW 311726Z 23009KT 12SM SCT010 BKN220 16/13 A2994 RMK SF4CI2 DENSITY ALT 421FT SLP140
CYAW,2024-10-31 18:00,-63.4994,44.6397,CYAW 311800Z 22008KT 12SM SCT010 BKN220 15/13 A2992 RMK SF4CI2 DENSITY ALT 394FT SLP134
CYAW,2024-10-31 19:00,-63.4994,44.6397,CYAW 311900Z 21006KT 12SM FEW010 SCT220 15/13 A2992 RMK SF1CI2 DENSITY ALT 394FT SLP132
CYAW,2024-10-31 20:00,-63.4994,44.6397,CYAW 312000Z 25006KT 12SM FEW010 SCT220 15/13 A2990 RMK SF1CI2 DENSITY ALT 403FT SLP127
CYAW,2024-10-31 20:22,-63.4994,44.6397,CYAW 312022Z 24006KT 12SM FEW010 SCT220 15/12 A2990 RMK SF1CI2 DENSITY ALT 340FT LAST OBS /NEXT 011000 UTC SLP126
CYAW,2024-11-01 10:00,-63.4994,44.6397,CYAW 011000Z 21006KT 8SM FEW180 FEW230 11/10 A2976 RMK AC2CI1 DENSITY ALT -9FT FST OBS SLP079
CYAW,2024-11-01 11:00,-63.4994,44.6397,CYAW 011100Z 24005KT 8SM FEW180 SCT230 11/10 A2976 RMK AC1CI3 DENSITY ALT 68FT SLP077
CYAW,2024-11-01 12:00,-63.4994,44.6397,CYAW 011200Z CCA 24004KT 8SM FEW180 SCT230 13/11 A2976 RMK AC1CI4 DENSITY ALT 249FT SLP077
CYAW,2024-11-01 13:00,-63.4994,44.6397,CYAW 011300Z 23008KT 12SM FEW180 BKN230 14/12 A2976 RMK AC1CI4 DENSITY ALT 464FT SLP077
CYAW,2024-11-01 14:00,-63.4994,44.6397,CYAW 011400Z 26006KT 12SM BKN090 OVC230 15/13 A2975 RMK AC5CI3 DENSITY ALT 563FT SLP075
CYAW,2024-11-01 15:00,-63.4994,44.6397,CYAW 011500Z 25008KT 12SM FEW010 BKN090 OVC230 15/13 A2974 RMK CF1AC6CI2 DENSITY ALT 613FT SLP070
CYAW,2024-11-01 16:00,-63.4994,44.6397,CYAW 011600Z 23008KT 12SM FEW010 BKN090 BKN180 OVC230 16/13 A2971 RMK CF1AC5AC1CI2 DENSITY ALT 772FT SLP061
CYAW,2024-11-01 17:00,-63.4994,44.6397,CYAW 011700Z 25007KT 15SM FEW090 BKN180 OVC230 17/13 A2969 RMK AC2AC4CI2 DENSITY ALT 878FT SLP055
CYAW,2024-11-01 18:00,-63.4994,44.6397,CYAW 011800Z 22007KT 15SM SCT090 BKN180 OVC230 16/13 A2968 RMK AC4AC3CI1 DENSITY ALT 806FT SLP051
CYAW,2024-11-01 19:00,-63.4994,44.6397,CYAW 011900Z 22005KT 12SM SCT090 BKN180 OVC230 15/13 A2966 RMK AC3AC3CI2 DENSITY ALT 708FT SLP046
CYAW,2024-11-01 20:00,-63.4994,44.6397,CYAW 012000Z 19003KT 12SM SCT090 BKN180 BKN230 15/13 A2965 RMK AC3AC2CI1 DENSITY ALT 705FT SLP040
CYAW,2024-11-01 21:00,-63.4994,44.6397,CYAW 012100Z 23003KT 12SM FEW090 BKN180 BKN230 15/13 A2966 RMK AC1AC5CI1 DENSITY ALT 670FT SLP043
CYAW,2024-11-01 22:00,-63.4994,44.6397,CYAW 012200Z 22004KT 12SM SCT090 15/13 A2967 RMK AC3 DENSITY ALT 596FT SLP049
CYAW,2024-11-01 23:00,-63.4994,44.6397,CYAW 012300Z 26006KT 12SM BKN090 15/13 A2970 RMK AC5 DENSITY ALT 651FT LAST OBS /NEXT 041000 UTC SLP058
CYAW,2024-11-04 10:00,-63.4994,44.6397,CYAW 041000Z 31007KT 15SM FEW040 M01/M03 A3048 RMK CU1 DENSITY ALT -2405FT FST OBS SLP325
CYAW,2024-11-04 11:00,-63.4994,44.6397,CYAW 041100Z 31008KT 15SM FEW040 FEW090 SCT240 M01/M03 A3050 RMK CU1AC1CI3 DENSITY ALT -2349FT SLP330
CYAW,2024-11-04 12:00,-63.4994,44.6397,CYAW 041200Z 33008KT 15SM FEW040 FEW240 01/M02 A3053 RMK CU1CI2 DENSITY ALT -2175FT SLP340
CYAW,2024-11-04 13:00,-63.4994,44.6397,CYAW 041300Z 35007KT 15SM FEW040 FEW240 03/M02 A3052 RMK CU1CI2 DENSITY ALT -1856FT SLP339
CYAW,2024-11-04 14:00,-63.4994,44.6397,CYAW 041400Z 36007KT 15SM FEW040 SCT240 05/M02 A3052 RMK CF1CI3 DENSITY ALT -1646FT SLP339
CYAW,2024-11-04 15:00,-63.4994,44.6397,CYAW 041500Z 35007KT 15SM FEW040 SCT240 06/M05 A3052 RMK CF1CI3 DENSITY ALT -1509FT SLP336
CYAW,2024-11-04 16:00,-63.4994,44.6397,CYAW 041600Z 31009KT 15SM FEW040 SCT240 07/M05 A3050 RMK CF1CI4 DENSITY ALT -1401FT SLP330
CYAW,2024-11-04 17:00,-63.4994,44.6397,CYAW 041700Z 30007KT 15SM FEW040 BKN240 07/M05 A3048 RMK CF1CI7 DENSITY ALT -1331FT SLP324
CYAW,2024-11-04 18:00,-63.4994,44.6397,CYAW 041800Z 29009KT 15SM FEW040 BKN240 08/M05 A3046 RMK CF1CI7 DENSITY ALT -1246FT SLP318
CYAW,2024-11-04 19:00,-63.4994,44.6397,CYAW 041900Z 27007KT 15SM FEW160 OVC240 08/M05 A3046 RMK AC1CI8 DENSITY ALT -1269FT SLP316
CYAW,2024-11-04 20:00,-63.4994,44.6397,CYAW 042000Z 30006KT 15SM FEW160 BKN240 07/M05 A3045 RMK AC2CI5 DENSITY ALT -1381FT SLP313
CYAW,2024-11-04 21:00,-63.4994,44.6397,CYAW 042100Z 33004KT 15SM FEW160 BKN240 05/M06 A3043 RMK AC1CI4 DENSITY ALT -1613FT SLP308
CYAW,2024-11-04 22:00,-63.4994,44.6397,CYAW 042200Z CCA 24004KT 15SM FEW160 SCT230 05/M03 A3044 RMK AC1CI3 DENSITY ALT -1600FT LAST OBS /NEXT 051000 UTC SLP309
CYAW,2024-11-05 10:00,-63.4994,44.6397,CYAW 051000Z 22004KT 5SM -RA BR FEW030 OVC055 04/02 A3033 RMK SC2SC6 DENSITY ALT -1577FT FST OBS SLP273
CYAW,2024-11-05 11:00,-63.4994,44.6397,CYAW 051100Z 21005KT 5SM -RA BR FEW030 BKN055 OVC090 05/03 A3031 RMK SC1SC7AC1 DENSITY ALT -1447FT SLP267
CYAW,2024-11-05 12:00,-63.4994,44.6397,CYAW 051200Z 20007KT 5SM -DZ BR BKN009 OVC050 06/04 A3030 RMK SF5SC3 DENSITY ALT -1304FT SLP261
CYAW,2024-11-05 12:38,-63.4994,44.6397,CYAW 051238Z 19007KT 1 1/2SM -RA BR BKN009 OVC015 06/05 A3028 RMK SF7SC1 DENSITY ALT -1214FT SLP257
CYAW,2024-11-05 13:00,-63.4994,44.6397,CYAW 051300Z 21009KT 2SM -RA BR BKN008 OVC017 07/06 A3028 RMK SF7SC1 DENSITY ALT -1134FT SLP255
CYAW,2024-11-05 13:10,-63.4994,44.6397,CYAW 051310Z 21008KT 4SM -DZ BR SCT008 OVC017 07/06 A3027 RMK SF4SC4 DENSITY ALT -1111FT SLP254
CYAW,2024-11-05 14:00,-63.4994,44.6397,CYAW 051400Z 22010KT 2SM -RA BR OVC021 07/06 A3026 RMK SC8 DENSITY ALT -1037FT SLP249
CYAW,2024-11-05 14:22,-63.4994,44.6397,CYAW 051422Z 21009KT 3SM -RA BR OVC020 07/06 A3025 RMK SC8 DENSITY ALT -997FT VIS VRB 2-4 SLP244
CYAW,2024-11-05 15:00,-63.4994,44.6397,CYAW 051500Z 21009KT 5SM -RA BR BKN012 OVC019 08/07 A3022 RMK SC6SC2 DENSITY ALT -898FT SLP235
CYAW,2024-11-05 16:00,-63.4994,44.6397,CYAW 051600Z 23011G18KT 3SM -RA BR BKN013 OVC019 08/07 A3018 RMK SC6SC2 DENSITY ALT -785FT SLP223
CYAW,2024-11-05 16:41,-63.4994,44.6397,CYAW 051641Z 22009G16KT 2SM -RA BR BKN011 OVC019 09/08 A3016 RMK SC7SC1 DENSITY ALT -722FT SLP214
CYAW,2024-11-05 17:00,-63.4994,44.6397,CYAW 051700Z 22011G18KT 2SM -RA BR BKN010 OVC016 09/08 A3014 RMK SC7SC1 DENSITY ALT -672FT SLP209
CYAW,2024-11-05 17:15,-63.4994,44.6397,CYAW 051715Z 22011G16KT 4SM -RA BR BKN011 OVC016 09/08 A3013 RMK SC6SC2 DENSITY ALT -635FT SLP206
CYAW,2024-11-05 17:54,-63.4994,44.6397,CYAW 051754Z 22011G17KT 2SM -RA BR OVC010 10/09 A3011 RMK SC8 DENSITY ALT -534FT SLP197
CYAW,2024-11-05 18:00,-63.4994,44.6397,CYAW 051800Z 22011KT 1 1/2SM -RA BR OVC010 10/09 A3010 RMK SC8 DENSITY ALT -521FT CIG VRB 7-13 SLP194
CYAW,2024-11-05 19:00,-63.4994,44.6397,CYAW 051900Z 22012G19KT 1 1/2SM -RA BR OVC008 10/09 A3007 RMK SF8 DENSITY ALT -420FT SLP184
CYAW,2024-11-05 19:19,-63.4994,44.6397,CYAW 051919Z 23010G19KT 3SM -RA BR OVC008 11/10 A3006 RMK SF8 DENSITY ALT -369FT SLP181
CYAW,2024-11-05 20:00,-63.4994,44.6397,CYAW 052000Z 23010G18KT 3SM -RA BR OVC006 11/10 A3005 RMK SF8 DENSITY ALT -293FT SLP177
CYAW,2024-11-05 20:18,-63.4994,44.6397,CYAW 052018Z 23009G19KT 2SM -RA BR OVC006 11/10 A3004 RMK SF8 DENSITY ALT -281FT SLP174
CYAW,2024-11-05 20:33,-63.4994,44.6397,CYAW 052033Z 23012KT 4SM BR OVC006 11/10 A3003 RMK SF8 DENSITY ALT -244FT SLP171
CYAW,2024-11-05 21:00,-63.4994,44.6397,CYAW 052100Z CCA 24009G15KT 4SM BR OVC007 11/10 A3003 RMK SF8 DENSITY ALT -243FT LAST OBS /NEXT 061000 UTC SLP169
CYAW,2024-11-06 10:00,-63.4994,44.6397,CYAW 061000Z 24011G16KT 15SM SCT240 14/11 A2981 RMK CI3 DENSITY ALT 326FT FST OBS SLP096
CYAW,2024-11-06 11:00,-63.4994,44.6397,CYAW 061100Z 23009KT 12SM FEW010 FEW080 FEW200 BKN240 13/11 A2980 RMK CF1AC1CC1CI5 DENSITY ALT 183FT SLP092
CYAW,2024-11-06 12:00,-63.4994,44.6397,CYAW 061200Z 25013G18KT 12SM SCT011 SCT090 BKN240 13/11 A2980 RMK CF3AC1CI3 DENSITY ALT 252FT SLP093
CYAW,2024-11-06 13:00,-63.4994,44.6397,CYAW 061300Z 26013G18KT 12SM FEW011 BKN240 14/12 A2979 RMK CF1CI6 DENSITY ALT 437FT SLP088
CYAW,2024-11-06 14:00,-63.4994,44.6397,CYAW 061400Z 25010G21KT 15SM FEW010 BKN240 15/13 A2978 RMK CF1CI7 DENSITY ALT 578FT SLP084
CYAW,2024-11-06 15:00,-63.4994,44.6397,CYAW 061500Z 24009KT 15SM FEW010 BKN240 17/13 A2976 RMK CF1CI7 DENSITY ALT 759FT SLP077
CYAW,2024-11-06 16:00,-63.4994,44.6397,CYAW 061600Z 25011G17KT 15SM FEW010 SCT240 BKN250 18/14 A2972 RMK CF1CI4CS3 DENSITY ALT 952FT HALO SLP064
CYAW,2024-11-06 17:00,-63.4994,44.6397,CYAW 061700Z 24014G21KT 15SM FEW020 BKN250 19/14 A2969 RMK CF1CI6 DENSITY ALT 1155FT SLP055
CYAW,2024-11-06 18:00,-63.4994,44.6397,CYAW 061800Z 24011KT 15SM FEW180 SCT250 20/14 A2966 RMK AC1CI4 DENSITY ALT 1272FT SLP043
CYAW,2024-11-06 19:00,-63.4994,44.6397,CYAW 061900Z 25013G18KT 15SM FEW180 SCT250 20/14 A2965 RMK AC2CI1 DENSITY ALT 1220FT SLP041
CYAW,2024-11-06 20:00,-63.4994,44.6397,CYAW 062000Z 25011G17KT 15SM FEW090 SCT180 19/13 A2964 RMK AC2AC2 DENSITY ALT 1145FT SLP037
CYAW,2024-11-06 21:00,-63.4994,44.6397,CYAW 062100Z 26012G19KT 12SM FEW085 BKN180 BKN240 17/13 A2965 RMK AC2AC3CI1 DENSITY ALT 940FT SLP041
CYAW,2024-11-06 22:00,-63.4994,44.6397,CYAW 062200Z 26009KT 12SM BKN083 BKN180 17/13 A2966 RMK AC5AC2 DENSITY ALT 870FT SLP046
CYAW,2024-11-06 23:00,-63.4994,44.6397,CYAW 062300Z CCA 26012KT 15SM SCT130 SCT240 17/13 A2968 RMK AC4CI1 DENSITY ALT 875FT LAST OBS /NEXT 071100 UTC SLP051
CYAW,2024-11-07 11:00,-63.4994,44.6397,CYAW 071100Z 03003KT 15SM MIFG FEW021 SCT080 06/05 A2986 RMK CF1AC4 DENSITY ALT -729FT FST OBS SLP113
CYAW,2024-11-07 12:00,-63.4994,44.6397,CYAW 071200Z 27003KT 15SM BKN014 BKN080 08/07 A2986 RMK SC5AC2 DENSITY ALT -441FT SLP113
CYAW,2024-11-07 13:00,-63.4994,44.6397,CYAW 071300Z 36004KT 15SM FEW014 BKN016 BKN080 09/06 A2986 RMK SF1SC6AC1 DENSITY ALT -351FT SLP112
CYAW,2024-11-07 14:00,-63.4994,44.6397,CYAW 071400Z 31004KT 15SM SCT025 BKN080 10/07 A2984 RMK SC4AC3 DENSITY ALT -166FT SLP107
CYAW,2024-11-07 15:00,-63.4994,44.6397,CYAW 071500Z 28009KT 15SM SCT027 BKN084 11/06 A2984 RMK SC4AC3 DENSITY ALT -85FT SLP105
CYAW,2024-11-07 16:00,-63.4994,44.6397,CYAW 071600Z 28008KT 15SM BKN021 OVC027 11/06 A2981 RMK SC6SC2 DENSITY ALT -64FT SLP096
CYAW,2024-11-07 17:00,-63.4994,44.6397,CYAW 071700Z 32009KT 15SM BKN024 BKN029 BKN084 10/05 A2979 RMK SC6SC1AC1 DENSITY ALT -149FT SLP090
CYAW,2024-11-07 18:00,-63.4994,44.6397,CYAW 071800Z 31012G18KT 15SM BKN032 BKN090 BKN250 10/04 A2979 RMK SC6AC1CI1 DENSITY ALT -168FT SLP089
CYAW,2024-11-07 19:00,-63.4994,44.6397,CYAW 071900Z 31010G15KT 15SM FEW030 BKN080 BKN250 09/03 A2979 RMK SC2AC4CI1 DENSITY ALT -249FT SLP087
CYAW,2024-11-07 20:00,-63.4994,44.6397,CYAW 072000Z 30010G17KT 15SM FEW030 SCT190 BKN250 09/03 A2979 RMK SC1AC3CI3 DENSITY ALT -311FT SLP089
CYAW,2024-11-07 21:00,-63.4994,44.6397,CYAW 072100Z 31009KT 15SM FEW030 FEW250 08/02 A2980 RMK SC1CI2 DENSITY ALT -472FT SLP093
CYAW,2024-11-07 22:00,-63.4994,44.6397,CYAW 072200Z 30010G16KT 15SM FEW030 FEW250 07/01 A2982 RMK SC1CI1 DENSITY ALT -600FT SLP100
CYAW,2024-11-07 23:00,-63.4994,44.6397,CYAW 072300Z 30008KT 15SM SKC 06/02 A2984 RMK DENSITY ALT -682FT SLP105
CYAW,2024-11-07 23:37,-63.4994,44.6397,CYAW 072337Z 31009KT 15SM SKC 06/02 A2984 RMK DENSITY ALT -695FT LAST OBS /NEXT 081100 UTC SLP108
CYAW,2024-11-08 11:00,-63.4994,44.6397,CYAW 081100Z 24010KT 15SM FEW030 FEW200 SCT240 03/01 A2985 RMK SC1CC2CI2 DENSITY ALT -1124FT FST OBS SLP111
CYAW,2024-11-08 12:00,-63.4994,44.6397,CYAW 081200Z 24006KT 15SM FEW030 FEW200 BKN240 04/01 A2984 RMK CF1CC2CI3 DENSITY ALT -933FT SLP105
CYAW,2024-11-08 13:00,-63.4994,44.6397,CYAW 081300Z 25005KT 15SM FEW030 FEW200 SCT240 06/03 A2981 RMK CF1CC2CI2 DENSITY ALT -641FT SLP097
CYAW,2024-11-08 14:00,-63.4994,44.6397,CYAW 081400Z 23010KT 15SM FEW030 FEW200 FEW240 07/03 A2977 RMK CF1CC1CI1 DENSITY ALT -504FT CF TR SLP082
CYAW,2024-11-08 15:00,-63.4994,44.6397,CYAW 081500Z 23015G21KT 15SM FEW030 FEW170 SCT240 11/03 A2974 RMK CF1AC2CI1 DENSITY ALT -34FT SLP074
CYAW,2024-11-08 16:00,-63.4994,44.6397,CYAW 081600Z 23019G26KT 15SM FEW031 BKN130 BKN200 BKN240 11/03 A2969 RMK CU2AC4CC1CI1 DENSITY ALT 109FT SLP056
CYAW,2024-11-08 17:00,-63.4994,44.6397,CYAW 081700Z 24017G29KT 15SM SCT032 SCT060 BKN130 11/03 A2965 RMK CU3SC1AC2 DENSITY ALT 142FT SLP043
CYAW,2024-11-08 18:00,-63.4994,44.6397,CYAW 081800Z 23018G28KT 15SM BKN030 BKN050 11/05 A2961 RMK CU5SC2 DENSITY ALT 131FT SLP028
CYAW,2024-11-08 19:00,-63.4994,44.6397,CYAW 081900Z 23013G22KT 15SM SCT025 BKN054 11/05 A2958 RMK SC3SC4 DENSITY ALT 194FT SLP017
CYAW,2024-11-08 20:00,-63.4994,44.6397,CYAW 082000Z CCA 24012G18KT 15SM BKN057 OVC110 11/05 A2955 RMK SC6AC2 DENSITY ALT 182FT LAST OBS /NEXT 111100 UTC SLP009
CYAW,2024-11-11 11:00,-63.4994,44.6397,CYAW 111100Z 21007KT 12SM -RA OVC008 10/08 A2982 RMK SF8 DENSITY ALT -226FT PCPN VRY LGT FST OBS SLP099
CYAW,2024-11-11 12:00,-63.4994,44.6397,CYAW 111200Z 21009KT 7SM -RA BKN008 BKN023 OVC070 10/09 A2980 RMK SF6SC1AC1 DENSITY ALT -163FT PCPN VRY LGT SLP092
CYAW,2024-11-11 12:30,-63.4994,44.6397,CYAW 111230Z 19006KT 7SM -RA SCT009 BKN029 OVC070 10/08 A2978 RMK SF3SC4AC1 DENSITY ALT -168FT SLP086
CYAW,2024-11-11 13:00,-63.4994,44.6397,CYAW 111300Z 20009G15KT 4SM -RA BR BKN010 OVC025 10/08 A2977 RMK SF5SC3 DENSITY ALT -170FT LAST OBS /NEXT 121200 UTC SLP084
CYAW,2024-11-12 12:00,-63.4994,44.6397,CYAW 121200Z 13005KT 1/8SM FG VV002 09/08 A2963 RMK FG8 DENSITY ALT -67FT FST OBS SLP036
CYAW,2024-11-12 13:00,-63.4994,44.6397,CYAW 121300Z 20004KT 1/8SM FG VV002 09/09 A2963 RMK FG8 DENSITY ALT -39FT SLP033
CYAW,2024-11-12 14:00,-63.4994,44.6397,CYAW 121400Z 19004KT 1/8SM FG VV002 09/09 A2962 RMK FG8 DENSITY ALT -2FT SLP030
CYAW,2024-11-12 14:38,-63.4994,44.6397,CYAW 121438Z 19003KT 1/8SM -DZ FG VV002 10/09 A2962 RMK FG8 DENSITY ALT 25FT SLP030
CYAW,2024-11-12 15:00,-63.4994,44.6397,CYAW 121500Z 20004KT 1/4SM -DZ FG VV002 10/09 A2961 RMK FG8 DENSITY ALT 76FT SLP028
CYAW,2024-11-12 15:21,-63.4994,44.6397,CYAW 121521Z 20004KT 1/2SM -DZ FG OVC003 10/09 A2961 RMK FG5SF3 DENSITY ALT 88FT SLP027
CYAW,2024-11-12 15:27,-63.4994,44.6397,CYAW 121527Z 22003KT 3SM -DZ BR OVC003 10/10 A2960 RMK SF8 DENSITY ALT 126FT VIS LWR E SLP026
CYAW,2024-11-12 15:43,-63.4994,44.6397,CYAW 121543Z 22004KT 5SM BR OVC005 10/10 A2960 RMK SF8 DENSITY ALT 152FT SLP024
CYAW,2024-11-12 16:00,-63.4994,44.6397,CYAW 121600Z 24004KT 8SM VCFG BKN005 11/10 A2959 RMK SF7 DENSITY ALT 227FT FG BANK E VIS 4 SLP020
CYAW,2024-11-12 16:30,-63.4994,44.6397,CYAW 121630Z 21003KT 12SM FEW006 BKN011 BKN080 12/10 A2958 RMK SF1SC6AC1 DENSITY ALT 367FT SLP018
CYAW,2024-11-12 17:00,-63.4994,44.6397,CYAW 121700Z 00000KT 12SM FEW006 BKN013 BKN075 12/10 A2957 RMK SF1SC5AC1 DENSITY ALT 320FT SLP014
CYAW,2024-11-12 17:42,-63.4994,44.6397,CYAW 121742Z 17005KT 15SM -SHRA FEW006 SCT015 BKN090 11/10 A2957 RMK SF2SC2AC3 DENSITY ALT 246FT PCPN VRY LGT SLP015
CYAW,2024-11-12 18:00,-63.4994,44.6397,CYAW 121800Z 17005KT 15SM FEW006 SCT015 BKN090 11/10 A2957 RMK SF2SC2AC3 DENSITY ALT 222FT SLP015
CYAW,2024-11-12 19:00,-63.4994,44.6397,CYAW 121900Z 19002KT 15SM FEW006 FEW015 BKN060 BKN090 11/10 A2958 RMK SF1SC1SC3AC2 DENSITY ALT 299FT SLP017
CYAW,2024-11-12 20:00,-63.4994,44.6397,CYAW 122000Z 20003KT 10SM -SHRA FEW008 FEW015 BKN050 BKN090 11/10 A2959 RMK SF1CU2SC4AC1 DENSITY ALT 237FT LAST OBS /NEXT 131200 UTC SLP021
CYAW,2024-11-13 12:00,-63.4994,44.6397,CYAW 131200Z 36019G32KT 15SM OVC030 02/M04 A3013 RMK SC8 DENSITY ALT -1585FT FST OBS SLP206
CYAW,2024-11-13 13:00,-63.4994,44.6397,CYAW 131300Z 36019G35KT 15SM OVC033 02/M04 A3017 RMK SC8 DENSITY ALT -1605FT SLP218
CYAW,2024-11-13 14:00,-63.4994,44.6397,CYAW 131400Z 01025G35KT 15SM BKN035 03/M05 A3017 RMK SC7 DENSITY ALT -1585FT SLP219
CYAW,2024-11-13 15:00,-63.4994,44.6397,CYAW 131500Z 02017G34KT 15SM OVC036 03/M05 A3018 RMK SC8 DENSITY ALT -1547FT SLP221
CYAW,2024-11-13 16:00,-63.4994,44.6397,CYAW 131600Z 01025G37KT 15SM BKN038 03/M05 A3019 RMK SC7 DENSITY ALT -1561FT SLP224
CYAW,2024-11-13 17:00,-63.4994,44.6397,CYAW 131700Z 36019G34KT 15SM BKN039 03/M06 A3019 RMK SC7 DENSITY ALT -1536FT SLP226
CYAW,2024-11-13 18:00,-63.4994,44.6397,CYAW 131800Z 36024G38KT 15SM BKN040 03/M06 A3020 RMK SC7 DENSITY ALT -1562FT SLP228
CYAW,2024-11-13 19:00,-63.4994,44.6397,CYAW 131900Z 01022G33KT 15SM BKN040 02/M06 A3022 RMK SC6 DENSITY ALT -1675FT SLP236
CYAW,2024-11-13 20:00,-63.4994,44.6397,CYAW 132000Z 01017G26KT 15SM BKN040 02/M07 A3023 RMK SC5 DENSITY ALT -1776FT LAST OBS /NEXT 141200 UTC SLP239
CYAW,2024-11-14 12:00,-63.4994,44.6397,CYAW 141200Z 01019G32KT 15SM SCT026 SCT080 SCT230 01/M03 A3015 RMK SC3AC1CI1 DENSITY ALT -1721FT FST OBS SLP212
CYAW,2024-11-14 13:00,-63.4994,44.6397,CYAW 141300Z 36020G28KT 15SM BKN026 BKN080 03/M03 A3014 RMK SC7AC1 DENSITY ALT -1541FT SLP210
CYAW,2024-11-14 14:00,-63.4994,44.6397,CYAW 141400Z 01019G30KT 15SM BKN023 02/M02 A3014 RMK SC7 DENSITY ALT -1552FT SLP207
CYAW,2024-11-14 15:00,-63.4994,44.6397,CYAW 141500Z 01019G29KT 15SM BKN024 BKN080 03/M02 A3011 RMK SC7AC1 DENSITY ALT -1452FT SLP197
CYAW,2024-11-14 16:00,-63.4994,44.6397,CYAW 141600Z 36020G29KT 15SM BKN025 03/M02 A3006 RMK SC7 DENSITY ALT -1343FT SLP182
CYAW,2024-11-14 17:00,-63.4994,44.6397,CYAW 141700Z 02022G34KT 15SM -SHRA BKN023 BKN080 04/M02 A3001 RMK SC7AC1 DENSITY ALT -1210FT SLP166
CYAW,2024-11-14 17:48,-63.4994,44.6397,CYAW 141748Z 01023G33KT 15SM BKN025 OVC080 04/M01 A3000 RMK SC7AC1 DENSITY ALT -1184FT SLP160
CYAW,2024-11-14 18:00,-63.4994,44.6397,CYAW 141800Z 36018G31KT 15SM BKN025 OVC080 03/M01 A3000 RMK SC7AC1 DENSITY ALT -1292FT SLP161
CYAW,2024-11-14 18:29,-63.4994,44.6397,CYAW 141829Z 36014G27KT 15SM -SHSN BKN020 OVC080 03/M01 A2998 RMK SC7AC1 DENSITY ALT -1269FT SLP156
CYAW,2024-11-14 19:00,-63.4994,44.6397,CYAW 141900Z 01017G29KT 15SM -SHSN BKN020 OVC080 03/M01 A2997 RMK SC7AC1 DENSITY ALT -1296FT SLP152
CYAW,2024-11-14 19:34,-63.4994,44.6397,CYAW 141934Z 36020G31KT 15SM FEW015 BKN025 OVC080 03/M01 A2997 RMK SF1SC6AC1 DENSITY ALT -1320FT SLP151
CYAW,2024-11-14 20:00,-63.4994,44.6397,CYAW 142000Z CCA 01019G32KT 15SM -SHSN FEW015 BKN025 BKN075 02/M01 A2995 RMK SF1SC5AC1 DENSITY ALT -1325FT LAST OBS /NEXT 151000 UTC SLP146
CYAW,2024-11-15 10:00,-63.4994,44.6397,CYAW 151000Z CCA 34017G25KT 2 1/2SM -RA BR OVC010 02/02 A2947 RMK SF8 DENSITY ALT -798FT FST OBS SLP981
CYAW,2024-11-15 11:00,-63.4994,44.6397,CYAW 151100Z 34016G24KT 8SM OVC010 03/01 A2944 RMK SF8 DENSITY ALT -667FT SLP970
CYAW,2024-11-15 12:00,-63.4994,44.6397,CYAW 151200Z 34014G24KT 12SM OVC011 03/02 A2942 RMK SF8 DENSITY ALT -566FT SLP964
CYAW,2024-11-15 13:00,-63.4994,44.6397,CYAW 151300Z 35013G29KT 12SM BKN013 OVC030 04/02 A2939 RMK SF6SC2 DENSITY ALT -402FT SLP956
CYAW,2024-11-15 13:28,-63.4994,44.6397,CYAW 151328Z 35016G28KT 12SM -SHRA BKN013 OVC030 04/02 A2939 RMK SC5SC3 DENSITY ALT -402FT SLP954
CYAW,2024-11-15 14:00,-63.4994,44.6397,CYAW 151400Z 34017G28KT 12SM -RA SCT015 OVC030 04/03 A2938 RMK SC4SC4 DENSITY ALT -399FT SLP950
CYAW,2024-11-15 15:00,-63.4994,44.6397,CYAW 151500Z 34018G24KT 8SM -RA SCT015 OVC030 05/03 A2934 RMK SF4SC4 DENSITY ALT -326FT SLP937
CYAW,2024-11-15 16:00,-63.4994,44.6397,CYAW 151600Z 35015G25KT 8SM -RA SCT015 OVC030 05/03 A2932 RMK SF4SC4 DENSITY ALT -290FT SLP931
CYAW,2024-11-15 17:00,-63.4994,44.6397,CYAW 151700Z 34020G26KT 8SM -RA SCT015 OVC030 05/03 A2930 RMK SF4SC4 DENSITY ALT -239FT SLP922
CYAW,2024-11-15 18:00,-63.4994,44.6397,CYAW 151800Z 34013G20KT 10SM -RA SCT015 BKN030 OVC070 05/04 A2929 RMK SF4SC3AC1 DENSITY ALT -187FT SLP919
CYAW,2024-11-15 19:00,-63.4994,44.6397,CYAW 151900Z 35010G16KT 6SM -RA SCT010 OVC025 05/04 A2931 RMK SF4SC4 DENSITY ALT -171FT SLP925
CYAW,2024-11-15 19:18,-63.4994,44.6397,CYAW 151918Z 33010KT 8SM -RA BKN010 OVC025 05/04 A2931 RMK SF5SC3 DENSITY ALT -170FT SLP926
CYAW,2024-11-15 20:00,-63.4994,44.6397,CYAW 152000Z 33008KT 8SM -RA BKN010 OVC025 06/04 A2932 RMK SF5SC3 DENSITY ALT -157FT SLP929
CYAW,2024-11-15 21:00,-63.4994,44.6397,CYAW 152100Z 32009KT 10SM -RA BKN010 OVC025 06/05 A2931 RMK SF5SC3 DENSITY ALT -144FT LAST OBS /NEXT 181200 UTC SLP928
CYAW,2024-11-18 12:00,-63.4994,44.6397,CYAW 181200Z 35019G27KT 15SM OVC013 06/03 A2956 RMK SC8 DENSITY ALT -434FT FST OBS SLP010
CYAW,2024-11-18 13:00,-63.4994,44.6397,CYAW 181300Z 34015G25KT 15SM BKN013 BKN060 06/03 A2956 RMK SC7SC1 DENSITY ALT -421FT SLP011
CYAW,2024-11-18 14:00,-63.4994,44.6397,CYAW 181400Z 34016G25KT 15SM BKN013 BKN060 06/03 A2956 RMK SC7SC1 DENSITY ALT -347FT SLP011
CYAW,2024-11-18 15:00,-63.4994,44.6397,CYAW 181500Z 35015G21KT 15SM BKN015 BKN060 08/04 A2953 RMK SC6SC1 DENSITY ALT -138FT SLP001
CYAW,2024-11-18 16:00,-63.4994,44.6397,CYAW 181600Z 34013G22KT 15SM BKN015 BKN060 07/04 A2952 RMK SC7SC1 DENSITY ALT -174FT SLP997
CYAW,2024-11-18 17:00,-63.4994,44.6397,CYAW 181700Z 33017G25KT 15SM OVC015 07/04 A2950 RMK SC8 DENSITY ALT -248FT CIG VRB 11-19 SLP992
CYAW,2024-11-18 18:00,-63.4994,44.6397,CYAW 181800Z 34014G24KT 15SM OVC015 07/04 A2949 RMK SC8 DENSITY ALT -214FT SLP988
CYAW,2024-11-18 19:00,-63.4994,44.6397,CYAW 181900Z 33017G23KT 15SM OVC015 07/04 A2949 RMK SC8 DENSITY ALT -249FT SLP986
CYAW,2024-11-18 19:16,-63.4994,44.6397,CYAW 181916Z 34014G22KT 15SM OVC013 07/04 A2948 RMK SC8 DENSITY ALT -238FT SLP985
CYAW,2024-11-18 20:00,-63.4994,44.6397,CYAW 182000Z 34014G21KT 15SM OVC013 06/03 A2948 RMK SC8 DENSITY ALT -253FT SLP984
CYAW,2024-11-18 21:00,-63.4994,44.6397,CYAW 182100Z 33015G21KT 15SM OVC014 06/03 A2948 RMK SC8 DENSITY ALT -316FT SLP985
CYAW,2024-11-18 22:00,-63.4994,44.6397,CYAW 182200Z 33012G20KT 15SM OVC012 05/03 A2949 RMK SC8 DENSITY ALT -390FT SLP988
CYAW,2024-11-18 23:00,-63.4994,44.6397,CYAW 182300Z 33017G22KT 15SM BKN013 05/03 A2949 RMK SC7 DENSITY ALT -430FT SLP987
CYAW,2024-11-18 23:20,-63.4994,44.6397,CYAW 182320Z 33014G20KT 15SM BKN015 05/03 A2949 RMK SC7 DENSITY ALT -443FT SLP986
CYAW,2024-11-19 00:00,-63.4994,44.6397,CYAW 190000Z 34015G21KT 15SM BKN016 05/02 A2948 RMK SC7 DENSITY ALT -446FT SLP984
CYAW,2024-11-19 01:00,-63.4994,44.6397,CYAW 190100Z 33014G21KT 15SM OVC015 05/02 A2947 RMK SC8 DENSITY ALT -459FT SLP982
CYAW,2024-11-19 02:00,-63.4994,44.6397,CYAW 190200Z CCA 32012G22KT 15SM BKN015 BKN130 04/02 A2946 RMK SC7AC1 DENSITY ALT -485FT LAST OBS /NEXT 191200 UTC SLP977
CYAW,2024-11-19 12:00,-63.4994,44.6397,CYAW 191200Z 34016G23KT 15SM OVC012 06/03 A2943 RMK SC8 DENSITY ALT -307FT FST OBS SLP966
CYAW,2024-11-19 13:00,-63.4994,44.6397,CYAW 191300Z 33021G32KT 15SM OVC013 06/03 A2943 RMK SC8 DENSITY ALT -243FT SLP968
CYAW,2024-11-19 14:00,-63.4994,44.6397,CYAW 191400Z 34019G26KT 15SM OVC013 07/04 A2944 RMK SC8 DENSITY ALT -154FT SLP969
CYAW,2024-11-19 15:00,-63.4994,44.6397,CYAW 191500Z 33018G25KT 15SM OVC014 07/04 A2943 RMK SC8 DENSITY ALT -78FT SLP967
CYAW,2024-11-19 16:00,-63.4994,44.6397,CYAW 191600Z 33016G26KT 15SM OVC014 08/04 A2942 RMK SC8 DENSITY ALT 9FT SLP965
CYAW,2024-11-19 17:00,-63.4994,44.6397,CYAW 191700Z 34022G32KT 15SM OVC015 08/04 A2940 RMK SC8 DENSITY ALT 93FT SLP958
CYAW,2024-11-19 18:00,-63.4994,44.6397,CYAW 191800Z 34018G30KT 15SM OVC017 09/05 A2941 RMK SC8 DENSITY ALT 182FT SLP960
CYAW,2024-11-19 19:00,-63.4994,44.6397,CYAW 191900Z 33016G26KT 15SM OVC018 09/05 A2942 RMK SC8 DENSITY ALT 147FT SLP965
CYAW,2024-11-19 20:00,-63.4994,44.6397,CYAW 192000Z 33017G24KT 15SM OVC019 09/05 A2944 RMK SC8 DENSITY ALT 113FT SLP969
CYAW,2024-11-19 20:36,-63.4994,44.6397,CYAW 192036Z 35015G23KT 15SM OVC019 09/05 A2943 RMK SC8 DENSITY ALT 125FT LAST OBS /NEXT 201200 UTC SLP968
CYAW,2024-11-20 12:00,-63.4994,44.6397,CYAW 201200Z 35014G22KT 15SM OVC011 07/05 A2954 RMK SF8 DENSITY ALT -209FT FST OBS SLP003
CYAW,2024-11-20 13:00,-63.4994,44.6397,CYAW 201300Z 36016G23KT 15SM BKN012 08/06 A2956 RMK SC7 DENSITY ALT -142FT SLP010
CYAW,2024-11-20 14:00,-63.4994,44.6397,CYAW 201400Z 35018KT 15SM BKN013 BKN085 10/06 A2956 RMK SC5AC1 DENSITY ALT 68FT SLP010
CYAW,2024-11-20 14:47,-63.4994,44.6397,CYAW 201447Z 36013G21KT 15SM BKN017 BKN085 11/07 A2957 RMK SC6AC1 DENSITY ALT 228FT SLP015
CYAW,2024-11-20 15:00,-63.4994,44.6397,CYAW 201500Z 36016G21KT 15SM BKN017 BKN085 11/07 A2957 RMK SC6AC1 DENSITY ALT 240FT SLP014
CYAW,2024-11-20 16:00,-63.4994,44.6397,CYAW 201600Z 34013G23KT 15SM BKN019 11/07 A2957 RMK SC7 DENSITY ALT 242FT SLP014
CYAW,2024-11-20 17:00,-63.4994,44.6397,CYAW 201700Z 35021G31KT 15SM SCT020 BKN085 12/07 A2955 RMK SC4AC2 DENSITY ALT 408FT SLP007
CYAW,2024-11-20 18:00,-63.4994,44.6397,CYAW 201800Z 35025G33KT 15SM SCT020 BKN090 BKN240 11/06 A2955 RMK SC3AC3CI1 DENSITY ALT 222FT SLP008
CYAW,2024-11-20 19:00,-63.4994,44.6397,CYAW 201900Z 35017G32KT 15SM SCT020 BKN090 BKN240 09/05 A2958 RMK SC4AC2CI1 DENSITY ALT -52FT SLP017
CYAW,2024-11-20 20:00,-63.4994,44.6397,CYAW 202000Z 36020G27KT 15SM SCT020 SCT090 BKN240 08/04 A2959 RMK SC3AC1CI1 DENSITY ALT -142FT SLP022
CYAW,2024-11-20 21:00,-63.4994,44.6397,CYAW 202100Z 35019G29KT 15SM SCT020 SCT090 SCT240 07/04 A2960 RMK SC3AC1CI1 DENSITY ALT -304FT SLP024
CYAW,2024-11-20 22:00,-63.4994,44.6397,CYAW 202200Z 36015G24KT 15SM FEW017 SCT150 SCT240 07/04 A2961 RMK SC2AC1CI1 DENSITY ALT -340FT SLP028
CYAW,2024-11-20 22:36,-63.4994,44.6397,CYAW 202236Z 36016G27KT 15SM BKN016 07/04 A2960 RMK SC7 DENSITY ALT -328FT SLP026
CYAW,2024-11-20 23:00,-63.4994,44.6397,CYAW 202300Z CCA 01021G32KT 15SM BKN016 BKN240 07/04 A2959 RMK SC6CI1 DENSITY ALT -303FT LAST OBS /NEXT 211200 UTC SLP021
CYAW,2024-11-21 10:00,-63.4994,44.6397,CYAW 211000Z 35011G16KT 15SM OVC013 06/04 A2963 RMK SC8 DENSITY ALT -435FT FST OBS SLP034
CYAW,2024-11-21 11:00,-63.4994,44.6397,CYAW 211100Z 36013G18KT 15SM OVC013 06/04 A2964 RMK SC8 DENSITY ALT -448FT SLP038
CYAW,2024-11-21 12:00,-63.4994,44.6397,CYAW 211200Z 36010G16KT 15SM OVC013 07/04 A2965 RMK SC8 DENSITY ALT -434FT SLP042
CYAW,2024-11-21 13:00,-63.4994,44.6397,CYAW 211300Z 36010G15KT 15SM OVC013 07/04 A2965 RMK SC8 DENSITY ALT -383FT SLP042
CYAW,2024-11-21 14:00,-63.4994,44.6397,CYAW 211400Z 02011G18KT 15SM BKN013 08/04 A2964 RMK SC7 DENSITY ALT -235FT SLP038
CYAW,2024-11-21 15:00,-63.4994,44.6397,CYAW 211500Z 02009G16KT 15SM BKN014 09/05 A2963 RMK SC5 DENSITY ALT -49FT SLP033
CYAW,2024-11-21 16:00,-63.4994,44.6397,CYAW 211600Z 01011KT 15SM BKN014 10/05 A2961 RMK SC5 DENSITY ALT 76FT SLP027
CYAW,2024-11-21 17:00,-63.4994,44.6397,CYAW 211700Z 01013KT 15SM BKN016 09/06 A2959 RMK SC6 DENSITY ALT 3FT SLP021
CYAW,2024-11-21 18:00,-63.4994,44.6397,CYAW 211800Z 01012KT 15SM BKN018 10/06 A2957 RMK SC7 DENSITY ALT 139FT SLP015
CYAW,2024-11-21 19:00,-63.4994,44.6397,CYAW 211900Z 01009KT 15SM OVC018 10/06 A2960 RMK SC8 DENSITY ALT 19FT SLP026
CYAW,2024-11-21 20:00,-63.4994,44.6397,CYAW 212000Z 01010KT 15SM OVC013 09/06 A2961 RMK SC8 DENSITY ALT -102FT SLP028
CYAW,2024-11-21 20:16,-63.4994,44.6397,CYAW 212016Z 02010KT 10SM -SHRA OVC013 08/06 A2960 RMK SC8 DENSITY ALT -150FT SLP026
CYAW,2024-11-21 21:00,-63.4994,44.6397,CYAW 212100Z CCA 02009KT 10SM -SHRA FEW008 OVC012 08/06 A2960 RMK SF1SC8 DENSITY ALT -235FT PCPN VRY LGT LAST OBS /NEXT 221000 UTC SLP023
CYAW,2024-11-22 10:00,-63.4994,44.6397,CYAW 221000Z 09013G20KT 4SM -DZ BR OVC006 08/07 A2968 RMK SF8 DENSITY ALT -298FT FST OBS SLP050
CYAW,2024-11-22 11:00,-63.4994,44.6397,CYAW 221100Z 09010G23KT 6SM -DZ BR OVC007 07/07 A2969 RMK SF8 DENSITY ALT -349FT SLP056
CYAW,2024-11-22 12:00,-63.4994,44.6397,CYAW 221200Z 08013G24KT 3SM -DZ BR OVC006 07/06 A2969 RMK SF8 DENSITY ALT -375FT SLP055
CYAW,2024-11-22 13:00,-63.4994,44.6397,CYAW 221300Z 07013G21KT 3SM -DZ BR OVC005 07/06 A2968 RMK SF8 DENSITY ALT -363FT SLP054
CYAW,2024-11-22 14:00,-63.4994,44.6397,CYAW 221400Z 08015G22KT 3SM -DZ BR OVC005 08/07 A2971 RMK SF8 DENSITY ALT -332FT SLP061
CYAW,2024-11-22 15:00,-63.4994,44.6397,CYAW 221500Z 10015G29KT 3SM -DZ BR OVC005 08/07 A2972 RMK SF8 DENSITY ALT -331FT VIS VRB 2 1/4-4 SLP065
CYAW,2024-11-22 16:00,-63.4994,44.6397,CYAW 221600Z 09018G27KT 2SM -DZ BR OVC005 08/07 A2968 RMK SF8 DENSITY ALT -246FT SLP053
CYAW,2024-11-22 17:00,-63.4994,44.6397,CYAW 221700Z 09018G23KT 3SM -DZ BR OVC005 08/07 A2968 RMK SF8 DENSITY ALT -221FT VIS VRB 2-4 SLP052
CYAW,2024-11-22 17:20,-63.4994,44.6397,CYAW 221720Z 10019G25KT 1 1/2SM -DZ BR OVC004 08/07 A2968 RMK SF8 DENSITY ALT -258FT VIS VRB 1-2 SLP053
CYAW,2024-11-22 18:00,-63.4994,44.6397,CYAW 221800Z 09020G26KT 1 1/2SM -DZ BR OVC005 08/07 A2968 RMK SF8 DENSITY ALT -258FT VIS VRB 1-2 SLP050
CYAW,2024-11-22 18:54,-63.4994,44.6397,CYAW 221854Z 07017G27KT 4SM -DZ BR OVC005 08/07 A2964 RMK SF8 DENSITY ALT -186FT SLP039
CYAW,2024-11-22 19:00,-63.4994,44.6397,CYAW 221900Z 08016G27KT 4SM BR OVC006 08/07 A2965 RMK SF8 DENSITY ALT -211FT SLP040
CYAW,2024-11-22 19:44,-63.4994,44.6397,CYAW 221944Z 09016G32KT 4SM -RA BR OVC008 08/07 A2967 RMK SF8 DENSITY ALT -249FT SLP048
CYAW,2024-11-22 20:00,-63.4994,44.6397,CYAW 222000Z 08016G25KT 1 1/2SM -RA BR OVC007 08/07 A2967 RMK SF8 DENSITY ALT -274FT VIS VRB 1-2 SLP048
CYAW,2024-11-22 21:00,-63.4994,44.6397,CYAW 222100Z 09019G27KT 1 1/2SM -RA BR OVC007 08/07 A2963 RMK SF8 DENSITY ALT -253FT VIS VRB 1-2 SLP036
CYAW,2024-11-22 22:00,-63.4994,44.6397,CYAW 222200Z 09019G25KT 1 1/2SM -RA BR OVC007 08/07 A2963 RMK SF8 DENSITY ALT -253FT VIS VRB 1-2 SLP033
CYAW,2024-11-22 22:40,-63.4994,44.6397,CYAW 222240Z 09020G31KT 1 1/2SM -RA BR OVC007 08/07 A2962 RMK SF8 DENSITY ALT -254FT LAST OBS /NEXT 251000 UTC SLP031
CYAW,2024-11-24 11:00,-63.4994,44.6397,CYAW 241100Z 27016G28KT 8SM -DZ OVC010 04/03 A2899 RMK SF8 DENSITY ALT 76FT FST OBS SLP817
CYAW,2024-11-24 12:00,-63.4994,44.6397,CYAW 241200Z 27019G27KT 12SM OVC014 05/03 A2902 RMK SC8 DENSITY ALT 74FT SLP829
CYAW,2024-11-24 13:00,-63.4994,44.6397,CYAW 241300Z 26021G30KT 15SM OVC015 05/03 A2906 RMK SC8 DENSITY ALT 87FT SLP840
CYAW,2024-11-24 14:00,-63.4994,44.6397,CYAW 241400Z 27022G29KT 15SM OVC018 06/03 A2907 RMK SC8 DENSITY ALT 114FT SLP846
CYAW,2024-11-24 15:00,-63.4994,44.6397,CYAW 241500Z 27018G30KT 15SM OVC019 06/03 A2909 RMK SC8 DENSITY ALT 152FT SLP854
CYAW,2024-11-24 16:00,-63.4994,44.6397,CYAW 241600Z 28019G26KT 15SM OVC018 06/03 A2911 RMK SC8 DENSITY ALT 179FT SLP859
CYAW,2024-11-24 17:00,-63.4994,44.6397,CYAW 241700Z 28023G32KT 15SM OVC018 07/03 A2913 RMK SC8 DENSITY ALT 217FT SLP866
CYAW,2024-11-24 18:00,-63.4994,44.6397,CYAW 241800Z 29018G23KT 15SM OVC020 07/03 A2916 RMK SC8 DENSITY ALT 181FT SLP877
CYAW,2024-11-24 19:00,-63.4994,44.6397,CYAW 241900Z 28015G26KT 15SM OVC020 07/03 A2919 RMK SC8 DENSITY ALT 121FT SLP885
CYAW,2024-11-24 20:00,-63.4994,44.6397,CYAW 242000Z 28015G24KT 15SM OVC017 06/03 A2923 RMK SC8 DENSITY ALT 26FT SLP898
CYAW,2024-11-24 20:36,-63.4994,44.6397,CYAW 242036Z 28017G26KT 15SM OVC017 06/03 A2925 RMK SC8 DENSITY ALT -24FT LAST OBS /NEXT 251000 UTC SLP905
CYAW,2024-11-25 10:00,-63.4994,44.6397,CYAW 251000Z 28013G22KT 15SM BKN019 03/00 A2942 RMK SC6 DENSITY ALT -574FT FST OBS SLP965
CYAW,2024-11-25 11:00,-63.4994,44.6397,CYAW 251100Z 29018G24KT 15SM BKN020 03/00 A2943 RMK SC6 DENSITY ALT -586FT SLP967
CYAW,2024-11-25 12:00,-63.4994,44.6397,CYAW 251200Z 29014G23KT 15SM FEW018 BKN025 BKN100 03/01 A2945 RMK SC2SC3AC2 DENSITY ALT -606FT SLP975
CYAW,2024-11-25 12:21,-63.4994,44.6397,CYAW 251221Z 29016G23KT 15SM -SHRA FEW014 BKN025 BKN100 03/01 A2946 RMK SF2SC3AC2 DENSITY ALT -629FT SLP978
CYAW,2024-11-25 13:00,-63.4994,44.6397,CYAW 251300Z 30011G20KT 15SM -SHRA BKN015 OVC025 03/02 A2948 RMK SC6SC2 DENSITY ALT -650FT PCPN VRY LGT SLP983
CYAW,2024-11-25 13:16,-63.4994,44.6397,CYAW 251316Z 30015G20KT 15SM BKN014 OVC025 04/01 A2948 RMK SF6SC2 DENSITY ALT -613FT SLP984
CYAW,2024-11-25 14:00,-63.4994,44.6397,CYAW 251400Z 30011G24KT 15SM BKN014 BKN025 BKN100 04/02 A2949 RMK SF5SC1AC1 DENSITY ALT -572FT SLP989
CYAW,2024-11-25 14:53,-63.4994,44.6397,CYAW 251453Z 31020G29KT 15SM BKN017 BKN100 04/01 A2950 RMK SC6AC1 DENSITY ALT -550FT SLP991
CYAW,2024-11-25 15:00,-63.4994,44.6397,CYAW 251500Z 31019G27KT 15SM BKN017 BKN100 05/02 A2950 RMK SC6AC1 DENSITY ALT -459FT SLP991
CYAW,2024-11-25 16:00,-63.4994,44.6397,CYAW 251600Z 31019G29KT 15SM BKN018 BKN100 06/02 A2951 RMK SC6AC1 DENSITY ALT -383FT SLP993
CYAW,2024-11-25 17:00,-63.4994,44.6397,CYAW 251700Z 31016G25KT 15SM BKN016 BKN100 06/02 A2951 RMK SC6AC1 DENSITY ALT -368FT SLP993
CYAW,2024-11-25 18:00,-63.4994,44.6397,CYAW 251800Z 31019G24KT 15SM OVC016 06/02 A2953 RMK SC8 DENSITY ALT -392FT SLP003
CYAW,2024-11-25 19:00,-63.4994,44.6397,CYAW 251900Z 31019G24KT 15SM OVC018 06/03 A2955 RMK SC8 DENSITY ALT -390FT SLP010
CYAW,2024-11-25 20:00,-63.4994,44.6397,CYAW 252000Z 31019G24KT 15SM BKN018 BKN250 06/03 A2959 RMK SC6CI1 DENSITY ALT -485FT SLP021
CYAW,2024-11-25 21:00,-63.4994,44.6397,CYAW 252100Z 31013G22KT 15SM BKN013 BKN021 05/04 A2962 RMK SC5SC2 DENSITY ALT -538FT SLP033
CYAW,2024-11-25 22:00,-63.4994,44.6397,CYAW 252200Z 31018G23KT 15SM BKN015 BKN025 06/04 A2965 RMK SC5SC1 DENSITY ALT -523FT SLP041
CYAW,2024-11-25 23:00,-63.4994,44.6397,CYAW 252300Z 33015G22KT 15SM -DZ BKN012 OVC020 06/04 A2968 RMK SF6SC2 DENSITY ALT -479FT SLP051
CYAW,2024-11-25 23:25,-63.4994,44.6397,CYAW 252325Z 31016G26KT 15SM SCT015 BKN023 06/04 A2968 RMK SC4SC3 DENSITY ALT -504FT SLP054
CYAW,2024-11-26 00:00,-63.4994,44.6397,CYAW 260000Z 32017KT 15SM BKN016 06/04 A2970 RMK SC7 DENSITY ALT -503FT SLP058
CYAW,2024-11-26 01:00,-63.4994,44.6397,CYAW 260100Z CCA 31016KT 15SM BKN014 06/04 A2971 RMK SC7 DENSITY ALT -552FT LAST OBS /NEXT 261100 UTC SLP063
CYAW,2024-11-26 11:00,-63.4994,44.6397,CYAW 261100Z 35010G16KT 15SM BKN013 BKN050 06/04 A2989 RMK SF6SC1 DENSITY ALT -825FT FST OBS SLP124
CYAW,2024-11-26 12:00,-63.4994,44.6397,CYAW 261200Z 35009KT 15SM BKN016 OVC050 05/04 A2992 RMK SC6SC2 DENSITY ALT -885FT SLP133
CYAW,2024-11-26 13:00,-63.4994,44.6397,CYAW 261300Z 36004KT 15SM SCT012 BKN016 OVC050 06/04 A2993 RMK SF3SC4SC1 DENSITY ALT -871FT SLP137
CYAW,2024-11-26 14:00,-63.4994,44.6397,CYAW 261400Z 35008KT 15SM SCT013 BKN017 OVC045 06/03 A2993 RMK SF3SC4SC1 DENSITY ALT -799FT SLP138
CYAW,2024-11-26 14:39,-63.4994,44.6397,CYAW 261439Z 02007KT 15SM BKN013 OVC020 06/03 A2993 RMK SF5SC3 DENSITY ALT -812FT SLP138
CYAW,2024-11-26 15:00,-63.4994,44.6397,CYAW 261500Z 01007KT 15SM BKN013 OVC020 06/03 A2992 RMK SF5SC3 DENSITY ALT -813FT SLP135
CYAW,2024-11-26 16:00,-63.4994,44.6397,CYAW 261600Z 03006KT 15SM BKN013 OVC020 06/04 A2993 RMK SC6SC2 DENSITY ALT -774FT SLP136
CYAW,2024-11-26 17:00,-63.4994,44.6397,CYAW 261700Z 02006KT 15SM BKN014 BKN020 07/04 A2992 RMK SC6SC1 DENSITY ALT -724FT SLP134
CYAW,2024-11-26 18:00,-63.4994,44.6397,CYAW 261800Z 01007KT 15SM BKN014 BKN020 07/03 A2991 RMK SC5SC2 DENSITY ALT -655FT SLP130
CYAW,2024-11-26 19:00,-63.4994,44.6397,CYAW 261900Z 05005KT 15SM BKN014 OVC020 07/03 A2991 RMK SC6SC2 DENSITY ALT -693FT SLP129
CYAW,2024-11-26 20:00,-63.4994,44.6397,CYAW 262000Z 04004KT 15SM OVC018 07/03 A2992 RMK SC8 DENSITY ALT -730FT SLP133
CYAW,2024-11-26 21:00,-63.4994,44.6397,CYAW 262100Z 00000KT 15SM OVC018 07/03 A2992 RMK SC8 DENSITY ALT -754FT SLP134
CYAW,2024-11-26 22:00,-63.4994,44.6397,CYAW 262200Z 12003KT 15SM OVC017 06/03 A2991 RMK SC8 DENSITY ALT -777FT SLP129
CYAW,2024-11-26 23:00,-63.4994,44.6397,CYAW 262300Z 17003KT 15SM OVC015 06/04 A2991 RMK SC8 DENSITY ALT -749FT SLP131
CYAW,2024-11-27 00:00,-63.4994,44.6397,CYAW 270000Z 22004KT 15SM OVC014 06/04 A2992 RMK SC8 DENSITY ALT -811FT SLP133
CYAW,2024-11-27 00:16,-63.4994,44.6397,CYAW 270016Z 22006KT 15SM -DZ OVC014 06/03 A2991 RMK SC8 DENSITY ALT -826FT PCPN VRY LGT SLP131
CYAW,2024-11-27 01:00,-63.4994,44.6397,CYAW 270100Z 19003KT 15SM -DZ OVC012 06/04 A2989 RMK SF8 DENSITY ALT -814FT PCPN VRY LGT SLP124
CYAW,2024-11-27 02:00,-63.4994,44.6397,CYAW 270200Z CCA 17004KT 15SM OVC012 06/04 A2988 RMK SF8 DENSITY ALT -828FT LAST OBS /NEXT 271000 UTC SLP119
CYAW,2024-11-27 10:00,-63.4994,44.6397,CYAW 271000Z 04002KT 10SM -RA BKN012 OVC040 05/05 A2982 RMK SF6SC2 DENSITY ALT -760FT FST OBS SLP099
CYAW,2024-11-27 11:00,-63.4994,44.6397,CYAW 271100Z 05003KT 12SM -RA SCT012 OVC040 05/05 A2982 RMK SF3SC5 DENSITY ALT -773FT SLP099
CYAW,2024-11-27 12:00,-63.4994,44.6397,CYAW 271200Z 36002KT 15SM SCT012 BKN040 OVC075 05/05 A2983 RMK SC3SC4AC1 DENSITY ALT -785FT SLP102
CYAW,2024-11-27 13:00,-63.4994,44.6397,CYAW 271300Z 02004KT 15SM FEW012 BKN050 BKN090 06/05 A2982 RMK SF2SC4AC1 DENSITY ALT -683FT SLP100
CYAW,2024-11-27 13:23,-63.4994,44.6397,CYAW 271323Z 34004KT 15SM BKN007 BKN025 OVC090 06/05 A2982 RMK SF5SC2AC1 DENSITY ALT -672FT SLP100
CYAW,2024-11-27 14:00,-63.4994,44.6397,CYAW 271400Z 32003KT 15SM BKN008 BKN020 BKN090 06/05 A2982 RMK SF5SC2AC1 DENSITY ALT -636FT SLP100
CYAW,2024-11-27 14:51,-63.4994,44.6397,CYAW 271451Z 29006KT 15SM SCT006 BKN013 OVC025 07/05 A2984 RMK SF3SC3SC2 DENSITY ALT -622FT SLP107
CYAW,2024-11-27 15:00,-63.4994,44.6397,CYAW 271500Z 30006KT 15SM SCT006 BKN014 OVC025 07/05 A2984 RMK SF3SC3SC2 DENSITY ALT -611FT SLP107
CYAW,2024-11-27 16:00,-63.4994,44.6397,CYAW 271600Z 30004KT 15SM FEW006 BKN014 BKN032 07/05 A2983 RMK SF1SC5SC2 DENSITY ALT -539FT SLP103
CYAW,2024-11-27 16:32,-63.4994,44.6397,CYAW 271632Z 31006KT 15SM BKN017 BKN055 BKN090 08/05 A2982 RMK SC5SC1AC1 DENSITY ALT -479FT SLP098
CYAW,2024-11-27 17:00,-63.4994,44.6397,CYAW 271700Z 34004KT 15SM BKN017 BKN090 09/05 A2980 RMK SC6AC1 DENSITY ALT -330FT SLP093
CYAW,2024-11-27 18:00,-63.4994,44.6397,CYAW 271800Z 31006KT 15SM BKN026 BKN090 08/05 A2981 RMK SC7AC1 DENSITY ALT -394FT SLP095
CYAW,2024-11-27 19:00,-63.4994,44.6397,CYAW 271900Z 28005KT 15SM BKN029 BKN090 08/05 A2981 RMK SC7AC1 DENSITY ALT -419FT SLP096
CYAW,2024-11-27 19:42,-63.4994,44.6397,CYAW 271942Z 25004KT 15SM BKN022 BKN090 08/05 A2982 RMK SC6AC1 DENSITY ALT -477FT LAST OBS /NEXT 281100 UTC SLP099
CYAW,2024-11-28 11:00,-63.4994,44.6397,CYAW 281100Z 26007KT 15SM FEW020 FEW160 BKN250 02/M01 A3003 RMK CF1AC2CI5 DENSITY ALT -1478FT FST OBS SLP173
CYAW,2024-11-28 12:00,-63.4994,44.6397,CYAW 281200Z 26006KT 15SM FEW020 BKN160 BKN250 02/M00 A3006 RMK CF1AC5CI2 DENSITY ALT -1447FT SLP180
CYAW,2024-11-28 13:00,-63.4994,44.6397,CYAW 281300Z 27004KT 15SM FEW020 BKN160 BKN250 03/01 A3007 RMK SC1AC5CI2 DENSITY ALT -1350FT SLP185
CYAW,2024-11-28 14:00,-63.4994,44.6397,CYAW 281400Z 28003KT 15SM FEW020 BKN120 OVC250 04/01 A3006 RMK CF1AC6CI2 DENSITY ALT -1215FT SLP183
CYAW,2024-11-28 15:00,-63.4994,44.6397,CYAW 281500Z 24003KT 15SM FEW020 BKN110 OVC250 05/M00 A3006 RMK CF1AC6CI2 DENSITY ALT -1096FT SLP180
CYAW,2024-11-28 16:00,-63.4994,44.6397,CYAW 281600Z 21006KT 15SM FEW020 BKN110 OVC250 06/01 A3004 RMK CF1AC5CS3 DENSITY ALT -1006FT SLP173
CYAW,2024-11-28 17:00,-63.4994,44.6397,CYAW 281700Z 20006G15KT 15SM FEW020 BKN120 OVC250 06/M00 A3003 RMK CF1AS5CS3 DENSITY ALT -926FT SLP169
CYAW,2024-11-28 18:00,-63.4994,44.6397,CYAW 281800Z 18004KT 15SM FEW020 FEW080 BKN120 OVC250 06/M00 A3000 RMK CF1AC1AS5CS3 DENSITY ALT -930FT SLP159
CYAW,2024-11-28 19:00,-63.4994,44.6397,CYAW 281900Z 15008KT 15SM FEW020 SCT080 BKN120 OVC250 06/00 A2998 RMK CF1AC3AS2CI3 DENSITY ALT -878FT SLP153
CYAW,2024-11-28 20:00,-63.4994,44.6397,CYAW 282000Z CCA 15007KT 15SM FEW080 BKN140 OVC250 05/M00 A2999 RMK AC1AS4CI3 DENSITY ALT -991FT SLP156
CYAW,2024-11-28 21:00,-63.4994,44.6397,CYAW 282100Z 13006KT 15SM FEW080 OVC130 05/00 A2996 RMK AC1AS8 DENSITY ALT -1003FT SLP148
CYAW,2024-11-28 22:00,-63.4994,44.6397,CYAW 282200Z 13011G18KT 15SM OVC091 05/01 A2992 RMK AS8 DENSITY ALT -906FT SLP135
CYAW,2024-11-28 23:00,-63.4994,44.6397,CYAW 282300Z CCA 13010G18KT 15SM FEW039 OVC050 05/01 A2992 RMK SC1SC7 DENSITY ALT -904FT LAST OBS /NEXT 291100 UTC SLP135
CYAW,2024-11-29 10:00,-63.4994,44.6397,CYAW 291000Z 22016G30KT 10SM -DZ OVC009 08/07 A2923 RMK SF8 DENSITY ALT 286FT CIG VRB 6-12 FST OBS SLP899
CYAW,2024-11-29 11:00,-63.4994,44.6397,CYAW 291100Z 23017G30KT 6SM -DZ BR OVC010 07/06 A2924 RMK SF8 DENSITY ALT 159FT CIG VRB 7-13 SLP903
CYAW,2024-11-29 11:33,-63.4994,44.6397,CYAW 291133Z 23017G31KT 6SM BR OVC010 07/06 A2925 RMK SF8 DENSITY ALT 134FT CIG VRB 7-13 SLP907
CYAW,2024-11-29 12:00,-63.4994,44.6397,CYAW 291200Z 23018G28KT 5SM -DZ BR OVC010 07/06 A2926 RMK SF8 DENSITY ALT 137FT CIG VRB 7-13 SLP909
CYAW,2024-11-29 13:00,-63.4994,44.6397,CYAW 291300Z 25019G24KT 10SM BKN007 OVC012 08/07 A2930 RMK SF6SC2 DENSITY ALT 194FT SLP924
CYAW,2024-11-29 13:35,-63.4994,44.6397,CYAW 291335Z 27024G34KT 15SM BKN016 OVC025 08/05 A2934 RMK SC6SC2 DENSITY ALT 155FT PRESRR SLP936
CYAW,2024-11-29 14:00,-63.4994,44.6397,CYAW 291400Z 27020G29KT 15SM OVC020 07/03 A2939 RMK SC8 DENSITY ALT -100FT PRESRR SLP953
CYAW,2024-11-29 15:00,-63.4994,44.6397,CYAW 291500Z 27020G30KT 15SM BKN022 05/02 A2947 RMK SC7 DENSITY ALT -377FT PRESRR SLP979
CYAW,2024-11-29 16:00,-63.4994,44.6397,CYAW 291600Z 29016G27KT 15SM BKN023 05/01 A2951 RMK SC7 DENSITY ALT -439FT SLP994
CYAW,2024-11-29 17:00,-63.4994,44.6397,CYAW 291700Z 28016G28KT 15SM BKN025 06/01 A2955 RMK SC6 DENSITY ALT -463FT SLP006
CYAW,2024-11-29 18:00,-63.4994,44.6397,CYAW 291800Z 29021G32KT 15SM BKN030 06/00 A2959 RMK SC6 DENSITY ALT -488FT SLP021
CYAW,2024-11-29 19:00,-63.4994,44.6397,CYAW 291900Z 28021G32KT 15SM BKN030 05/00 A2961 RMK SC5 DENSITY ALT -548FT SLP030
CYAW,2024-11-29 20:00,-63.4994,44.6397,CYAW 292000Z CCA 30015G24KT 15SM BKN030 05/00 A2966 RMK SC5 DENSITY ALT -656FT LAST OBS /NEXT 021100 UTC SLP044
CYAW,2024-12-02 11:00,-63.4994,44.6397,CYAW 021100Z 33002KT 15SM SCT040 BKN085 M01/M03 A2996 RMK SC3AC3 DENSITY ALT -1804FT FST OBS SLP149
CYAW,2024-12-02 12:00,-63.4994,44.6397,CYAW 021200Z 30005KT 15SM FEW020 SCT080 M00/M02 A2998 RMK CF1AC4 DENSITY ALT -1684FT SLP154
CYAW,2024-12-02 13:00,-63.4994,44.6397,CYAW 021300Z 31004KT 15SM FEW020 SCT080 M00/M02 A3000 RMK CF1AC4 DENSITY ALT -1745FT SLP160
CYAW,2024-12-02 14:00,-63.4994,44.6397,CYAW 021400Z 35003KT 15SM FEW020 BKN080 01/M02 A3000 RMK CF1AC6 DENSITY ALT -1551FT SLP161
CYAW,2024-12-02 15:00,-63.4994,44.6397,CYAW 021500Z 34004KT 15SM FEW020 BKN080 03/M02 A2999 RMK CF1AC5 DENSITY ALT -1300FT SLP159
CYAW,2024-12-02 16:00,-63.4994,44.6397,CYAW 021600Z 27006KT 15SM FEW020 SCT080 04/M03 A2997 RMK CU2AC2 DENSITY ALT -1210FT SLP152
CYAW,2024-12-02 17:00,-63.4994,44.6397,CYAW 021700Z 29005KT 15SM SCT030 BKN080 BKN250 04/M03 A2997 RMK CU3AC2CI1 DENSITY ALT -1123FT SLP150
CYAW,2024-12-02 18:00,-63.4994,44.6397,CYAW 021800Z 31004KT 15SM SCT020 BKN080 BKN250 04/M04 A2995 RMK CU3AC2CI1 DENSITY ALT -1105FT SLP145
CYAW,2024-12-02 19:00,-63.4994,44.6397,CYAW 021900Z 31007KT 15SM SCT030 BKN060 03/M05 A2995 RMK CU3SC2 DENSITY ALT -1219FT SLP144
CYAW,2024-12-02 20:00,-63.4994,44.6397,CYAW 022000Z 34003KT 15SM BKN040 03/M04 A2997 RMK CU5 DENSITY ALT -1278FT SLP150
CYAW,2024-12-02 20:48,-63.4994,44.6397,CYAW 022048Z 35005KT 15SM SCT070 01/M04 A2998 RMK AC4 DENSITY ALT -1502FT LAST OBS /NEXT 031100 UTC SLP153
CYAW,2024-12-03 11:00,-63.4994,44.6397,CYAW 031100Z 32006KT 15SM FEW024 M04/M05 A2998 RMK SC2 DENSITY ALT -2147FT VIRGA FST OBS SLP154
CYAW,2024-12-03 12:00,-63.4994,44.6397,CYAW 031200Z 32006KT 15SM FEW008 FEW024 M04/M05 A3000 RMK CF1SC1 DENSITY ALT -2169FT SLP160
CYAW,2024-12-03 13:00,-63.4994,44.6397,CYAW 031300Z 30004KT 15SM FEW008 FEW024 M01/M04 A3001 RMK CF1SC1 DENSITY ALT -1866FT SLP166
CYAW,2024-12-03 14:00,-63.4994,44.6397,CYAW 031400Z 32007KT 15SM FEW016 FEW025 M00/M05 A3002 RMK CF1SC1 DENSITY ALT -1792FT SLP167
CYAW,2024-12-03 15:00,-63.4994,44.6397,CYAW 031500Z 28009KT 15SM BKN030 00/M06 A3001 RMK SC6 DENSITY ALT -1673FT SLP165
CYAW,2024-12-03 16:00,-63.4994,44.6397,CYAW 031600Z 31010G18KT 15SM BKN030 00/M06 A2999 RMK SC6 DENSITY ALT -1675FT SLP159
CYAW,2024-12-03 17:00,-63.4994,44.6397,CYAW 031700Z 32011KT 15SM BKN032 00/M07 A2999 RMK SC7 DENSITY ALT -1703FT SLP159
CYAW,2024-12-03 18:00,-63.4994,44.6397,CYAW 031800Z 32009KT 15SM BKN034 01/M07 A2999 RMK SC7 DENSITY ALT -1626FT SLP159
CYAW,2024-12-03 19:00,-63.4994,44.6397,CYAW 031900Z 31010KT 15SM BKN037 M00/M08 A3000 RMK SC6 DENSITY ALT -1730FT SLP161
CYAW,2024-12-03 20:00,-63.4994,44.6397,CYAW 032000Z 29011KT 15SM BKN033 00/M08 A3001 RMK SC7 DENSITY ALT -1729FT SLP166
CYAW,2024-12-03 21:00,-63.4994,44.6397,CYAW 032100Z CCA 31007KT 15SM BKN033 M01/M07 A3003 RMK SC7 DENSITY ALT -1827FT LAST OBS /NEXT 041100 UTC SLP171
CYAW,2024-12-04 11:00,-63.4994,44.6397,CYAW 041100Z 32003KT 15SM BKN050 M04/M05 A3011 RMK SC7 DENSITY ALT -2309FT FST OBS SLP199
CYAW,2024-12-04 12:00,-63.4994,44.6397,CYAW 041200Z 33003KT 15SM FEW020 BKN047 M03/M05 A3012 RMK SC1SC7 DENSITY ALT -2282FT SLP203
CYAW,2024-12-04 13:00,-63.4994,44.6397,CYAW 041300Z 35006KT 15SM FEW020 BKN049 M03/M05 A3014 RMK SC1SC7 DENSITY ALT -2228FT SLP210
CYAW,2024-12-04 14:00,-63.4994,44.6397,CYAW 041400Z 35008KT 15SM FEW020 BKN049 M02/M05 A3014 RMK SC1SC7 DENSITY ALT -2136FT SLP208
CYAW,2024-12-04 15:00,-63.4994,44.6397,CYAW 041500Z 34006KT 15SM FEW014 BKN047 M01/M05 A3015 RMK SC1SC6 DENSITY ALT -2045FT SLP212
CYAW,2024-12-04 16:00,-63.4994,44.6397,CYAW 041600Z 33006KT 15SM BKN020 M02/M06 A3013 RMK SC6 DENSITY ALT -2066FT SLP206
CYAW,2024-12-04 17:00,-63.4994,44.6397,CYAW 041700Z 34006KT 15SM BKN026 M01/M06 A3013 RMK SC7 DENSITY ALT -2001FT SLP205
CYAW,2024-12-04 18:00,-63.4994,44.6397,CYAW 041800Z 01004KT 15SM BKN030 M00/M07 A3013 RMK SC5 DENSITY ALT -1915FT SLP204
CYAW,2024-12-04 19:00,-63.4994,44.6397,CYAW 041900Z 33005KT 15SM SCT030 M00/M07 A3014 RMK SC4 DENSITY ALT -1891FT SLP207
CYAW,2024-12-04 20:00,-63.4994,44.6397,CYAW 042000Z 35006KT 15SM FEW030 M01/M08 A3015 RMK SC1 DENSITY ALT -2059FT SLP211
CYAW,2024-12-04 21:00,-63.4994,44.6397,CYAW 042100Z 33005KT 15SM FEW030 M03/M09 A3015 RMK SC1 DENSITY ALT -2294FT SLP214
CYAW,2024-12-04 22:00,-63.4994,44.6397,CYAW 042200Z 35003KT 15SM SKC M04/M10 A3017 RMK DENSITY ALT -2422FT SLP218
CYAW,2024-12-04 23:00,-63.4994,44.6397,CYAW 042300Z 36004KT 15SM SKC M04/M09 A3016 RMK DENSITY ALT -2487FT SLP216
CYAW,2024-12-05 00:00,-63.4994,44.6397,CYAW 050000Z 01002KT 15SM SKC M05/M09 A3015 RMK DENSITY ALT -2488FT SLP214
CYAW,2024-12-05 01:00,-63.4994,44.6397,CYAW 050100Z CCA 36002KT 15SM SKC M07/M10 A3016 RMK DENSITY ALT -2789FT LAST OBS /NEXT 061000 UTC SLP215
CYAW,2024-12-06 10:00,-63.4994,44.6397,CYAW 061000Z 26014G22KT 15SM SCT025 02/M02 A2930 RMK SC4 DENSITY ALT -646FT FST OBS SLP924
CYAW,2024-12-06 11:00,-63.4994,44.6397,CYAW 061100Z 26021G28KT 15SM SCT027 02/M03 A2934 RMK SC4 DENSITY ALT -727FT SLP938
CYAW,2024-12-06 12:00,-63.4994,44.6397,CYAW 061200Z 27021G30KT 15SM SCT029 01/M04 A2938 RMK SC3 DENSITY ALT -855FT SLP951
CYAW,2024-12-06 13:00,-63.4994,44.6397,CYAW 061300Z 27019G26KT 15SM SCT028 01/M04 A2942 RMK SC3 DENSITY ALT -862FT SLP963
CYAW,2024-12-06 14:00,-63.4994,44.6397,CYAW 061400Z 26020G30KT 15SM BKN027 02/M04 A2945 RMK SC7 DENSITY ALT -858FT SLP974
CYAW,2024-12-06 15:00,-63.4994,44.6397,CYAW 061500Z 27020G29KT 15SM BKN037 02/M04 A2947 RMK SC7 DENSITY ALT -857FT SLP982
CYAW,2024-12-06 16:00,-63.4994,44.6397,CYAW 061600Z 26017G24KT 15SM BKN033 02/M04 A2948 RMK SC7 DENSITY ALT -908FT SLP984
CYAW,2024-12-06 17:00,-63.4994,44.6397,CYAW 061700Z 28015G27KT 15SM -SHSN BKN036 01/M04 A2948 RMK SC7 DENSITY ALT -945FT PCPN VRY LGT SLP986
CYAW,2024-12-06 18:00,-63.4994,44.6397,CYAW 061800Z 28016G21KT 15SM -SHSN BKN040 01/M06 A2949 RMK SC7 DENSITY ALT -952FT PCPN VRY LGT SLP990
CYAW,2024-12-06 19:00,-63.4994,44.6397,CYAW 061900Z 28016G27KT 15SM -SHSN BKN040 01/M07 A2952 RMK SC7 DENSITY ALT -1016FT PCPN VRY LGT SLP998
CYAW,2024-12-06 19:50,-63.4994,44.6397,CYAW 061950Z 27018G26KT 15SM OVC042 00/M06 A2955 RMK SC8 DENSITY ALT -1151FT SLP010
CYAW,2024-12-06 20:00,-63.4994,44.6397,CYAW 062000Z 28016G24KT 15SM OVC045 00/M06 A2956 RMK SC8 DENSITY ALT -1176FT SLP011
CYAW,2024-12-06 21:00,-63.4994,44.6397,CYAW 062100Z CCA 28020G26KT 15SM BKN040 M01/M08 A2958 RMK SC7 DENSITY ALT -1345FT LAST OBS /NEXT 091100 UTC SLP020
CYAW,2024-12-09 11:00,-63.4994,44.6397,CYAW 091100Z 30008KT 15SM FEW015 M02/M05 A2992 RMK SC1 DENSITY ALT -1831FT FST OBS SLP136
CYAW,2024-12-09 12:00,-63.4994,44.6397,CYAW 091200Z 27011KT 15SM FEW015 FEW090 SCT230 M02/M05 A3001 RMK SC2AC1CI1 DENSITY ALT -1921FT PRESRR SLP163
CYAW,2024-12-09 13:00,-63.4994,44.6397,CYAW 091300Z 30009KT 15SM FEW017 FEW090 FEW230 M01/M05 A3001 RMK SC1AC1CI1 DENSITY ALT -1857FT SLP165
CYAW,2024-12-09 14:00,-63.4994,44.6397,CYAW 091400Z 29011KT 15SM FEW017 FEW230 M00/M05 A3003 RMK SC1CI1 DENSITY ALT -1804FT SLP173
CYAW,2024-12-09 15:00,-63.4994,44.6397,CYAW 091500Z 29010KT 15SM FEW017 FEW230 00/M06 A3007 RMK SC1CI1 DENSITY ALT -1768FT SLP184
CYAW,2024-12-09 16:00,-63.4994,44.6397,CYAW 091600Z 32007KT 15SM FEW021 FEW090 01/M05 A3006 RMK SC2AC1 DENSITY ALT -1698FT SLP183
CYAW,2024-12-09 17:00,-63.4994,44.6397,CYAW 091700Z 32009KT 15SM FEW021 FEW090 FEW230 01/M04 A3007 RMK CU1AC1CI1 DENSITY ALT -1645FT SLP185
CYAW,2024-12-09 18:00,-63.4994,44.6397,CYAW 091800Z 31009G15KT 15SM FEW020 FEW090 FEW230 02/M04 A3009 RMK CU1AC1CI1 DENSITY ALT -1606FT SLP190
CYAW,2024-12-09 19:00,-63.4994,44.6397,CYAW 091900Z 30007KT 15SM FEW020 FEW090 SCT230 02/M04 A3011 RMK CU1AC1CI3 DENSITY ALT -1616FT SLP199
CYAW,2024-12-09 20:00,-63.4994,44.6397,CYAW 092000Z 31008KT 15SM FEW020 SCT090 BKN230 00/M05 A3016 RMK CU1AC2CI3 DENSITY ALT -1839FT SLP215
CYAW,2024-12-09 21:00,-63.4994,44.6397,CYAW 092100Z 35007KT 15SM FEW020 SCT090 BKN230 M01/M05 A3019 RMK CU1AC2CI3 DENSITY ALT -2041FT SLP225
CYAW,2024-12-09 22:00,-63.4994,44.6397,CYAW 092200Z 34007KT 15SM FEW100 SCT230 M02/M05 A3020 RMK AC2CI2 DENSITY ALT -2144FT SLP228
CYAW,2024-12-09 23:00,-63.4994,44.6397,CYAW 092300Z CCA 33007KT 15SM BKN130 BKN230 M02/M06 A3023 RMK AC7CI1 DENSITY ALT -2180FT LAST OBS /NEXT 101100 UTC SLP241
CYAW,2024-12-10 11:00,-63.4994,44.6397,CYAW 101100Z 06007KT 10SM -SHSN OVC038 M03/M06 A3032 RMK SC8 DENSITY ALT -2414FT FST OBS SLP269
CYAW,2024-12-10 11:07,-63.4994,44.6397,CYAW 101107Z 06008KT 4SM -SHSN OVC038 M03/M06 A3032 RMK SC8 DENSITY ALT -2427FT SLP270
CYAW,2024-12-10 12:00,-63.4994,44.6397,CYAW 101200Z 07007KT 4SM -SHSN OVC038 M03/M05 A3034 RMK SC8 DENSITY ALT -2432FT SLP276
CYAW,2024-12-10 12:12,-63.4994,44.6397,CYAW 101212Z 06006KT 3SM -SHSN OVC038 M03/M05 A3034 RMK SC8 DENSITY ALT -2431FT SLP277
CYAW,2024-12-10 12:19,-63.4994,44.6397,CYAW 101219Z 06008KT 2SM -SN OVC038 M03/M05 A3034 RMK SC8 DENSITY ALT -2430FT SLP278
CYAW,2024-12-10 12:50,-63.4994,44.6397,CYAW 101250Z 06009KT 4SM -SN FEW038 OVC049 M02/M04 A3034 RMK SC1SC7 DENSITY ALT -2402FT SLP276
CYAW,2024-12-10 13:00,-63.4994,44.6397,CYAW 101300Z 05007KT 6SM -SN FEW030 OVC049 M02/M04 A3034 RMK SC2SC6 DENSITY ALT -2388FT SLP277
CYAW,2024-12-10 13:08,-63.4994,44.6397,CYAW 101308Z CCA 06008KT 6SM -PL FEW030 OVC049 M02/M04 A3034 RMK SC2SC6 DENSITY ALT -2388FT SLP278
CYAW,2024-12-10 13:30,-63.4994,44.6397,CYAW 101330Z 06009KT 6SM -FZRA -PL FEW025 OVC045 M02/M03 A3035 RMK SC2SC6 DENSITY ALT -2345FT SLP279
CYAW,2024-12-10 14:00,-63.4994,44.6397,CYAW 101400Z 06009KT 6SM -FZRA -PL BR SCT020 OVC047 M01/M02 A3033 RMK SC3SC5 DENSITY ALT -2267FT SLP275
CYAW,2024-12-10 14:25,-63.4994,44.6397,CYAW 101425Z 07010G16KT 8SM -FZRA SCT018 OVC042 M01/M02 A3032 RMK SC3SC5 DENSITY ALT -2202FT PCPN VRY LGT SLP269
CYAW,2024-12-10 15:00,-63.4994,44.6397,CYAW 101500Z 06008KT 12SM SCT018 OVC035 M00/M01 A3030 RMK SC3SC5 DENSITY ALT -2099FT SLP264
CYAW,2024-12-10 15:23,-63.4994,44.6397,CYAW 101523Z 08011KT 12SM -FZRA FEW018 OVC032 M00/M01 A3030 RMK SC1SC7 DENSITY ALT -2046FT SLP262
CYAW,2024-12-10 15:44,-63.4994,44.6397,CYAW 101544Z 08009KT 12SM -RA BKN030 OVC050 00/M01 A3028 RMK SC6SC2 DENSITY ALT -1997FT SLP258
CYAW,2024-12-10 16:00,-63.4994,44.6397,CYAW 101600Z 08010KT 12SM -RA SCT019 OVC030 00/M01 A3028 RMK SC3SC5 DENSITY ALT -1997FT SLP257
CYAW,2024-12-10 16:46,-63.4994,44.6397,CYAW 101646Z 07010KT 4SM -RA BR OVC017 01/M01 A3026 RMK SC8 DENSITY ALT -1921FT SLP249
CYAW,2024-12-10 17:00,-63.4994,44.6397,CYAW 101700Z 07009KT 2SM -RA BR OVC015 01/M01 A3025 RMK SC8 DENSITY ALT -1908FT SLP248
CYAW,2024-12-10 17:18,-63.4994,44.6397,CYAW 101718Z 08009G15KT 1 1/2SM -RA BR OVC014 01/M00 A3026 RMK SC8 DENSITY ALT -1918FT SLP250
CYAW,2024-12-10 17:46,-63.4994,44.6397,CYAW 101746Z 07007KT 1 1/2SM -RA BR BKN007 OVC014 01/00 A3026 RMK SF5SC3 DENSITY ALT -1903FT VIS VRB 1-2 SLP251
CYAW,2024-12-10 18:00,-63.4994,44.6397,CYAW 101800Z 07006KT 1 1/2SM -RA BR BKN007 OVC014 01/00 A3026 RMK SF6SC2 DENSITY ALT -1890FT VIS VRB 1-2 CIG VRB 5-9 SLP250
CYAW,2024-12-10 19:00,-63.4994,44.6397,CYAW 101900Z 06009KT 1 1/2SM -RA BR OVC005 01/01 A3025 RMK SF8 DENSITY ALT -1838FT VIS VRB 1-2 CIG VRB 3-7 SLP246
CYAW,2024-12-10 20:00,-63.4994,44.6397,CYAW 102000Z CCA 08010G17KT 1 1/2SM -RA BR OVC005 02/01 A3024 RMK SF8 DENSITY ALT -1747FT VIS VRB 1-2 CIG VRB 3-7 LAST OBS /NEXT 111100 UTC SLP244
CYAW,2024-12-11 11:00,-63.4994,44.6397,CYAW 111100Z 21006KT 2 1/2SM -DZ BR OVC004 06/06 A3018 RMK SF8 DENSITY ALT -1055FT FST OBS SLP221
CYAW,2024-12-11 11:19,-63.4994,44.6397,CYAW 111119Z 19003KT 1/2SM FG OVC004 06/06 A3018 RMK FG6SF2 DENSITY ALT -1069FT SLP222
CYAW,2024-12-11 11:47,-63.4994,44.6397,CYAW 111147Z 21007KT 3/4SM -DZ BR OVC003 06/06 A3019 RMK FG3SF5 DENSITY ALT -1067FT VIS VRB 1/2-1 SLP224
CYAW,2024-12-11 12:00,-63.4994,44.6397,CYAW 111200Z 20004KT 1/4SM FG VV002 06/06 A3019 RMK FG8 DENSITY ALT -1068FT SLP225
CYAW,2024-12-11 12:12,-63.4994,44.6397,CYAW 111212Z 19004KT 1SM BR OVC002 06/06 A3019 RMK FG3SF5 DENSITY ALT -1067FT VIS VRB 3/4-1 1/4 SLP226
CYAW,2024-12-11 12:44,-63.4994,44.6397,CYAW 111244Z 19005KT 1/8SM FG VV002 06/06 A3019 RMK FG8 DENSITY ALT -1107FT SLP226
CYAW,2024-12-11 13:00,-63.4994,44.6397,CYAW 111300Z 19005KT 1/8SM FG VV002 06/06 A3019 RMK FG8 DENSITY ALT -1107FT SLP227
CYAW,2024-12-11 14:00,-63.4994,44.6397,CYAW 111400Z 18007KT 0SM FG VV002 06/06 A3019 RMK FG8 DENSITY ALT -1107FT SLP227
CYAW,2024-12-11 15:00,-63.4994,44.6397,CYAW 111500Z 17006KT 0SM FG VV002 06/05 A3019 RMK FG8 DENSITY ALT -1121FT SLP227
CYAW,2024-12-11 15:39,-63.4994,44.6397,CYAW 111539Z 15005KT 0SM -DZ FG VV002 06/06 A3017 RMK FG8 DENSITY ALT -1070FT SLP217
CYAW,2024-12-11 16:00,-63.4994,44.6397,CYAW 111600Z 12007KT 0SM -DZ FG VV002 06/06 A3014 RMK FG8 DENSITY ALT -1023FT SLP210
CYAW,2024-12-11 16:15,-63.4994,44.6397,CYAW 111615Z 13007KT 0SM -RA FG VV002 06/06 A3014 RMK FG8 DENSITY ALT -1036FT SLP209
CYAW,2024-12-11 17:00,-63.4994,44.6397,CYAW 111700Z 12008KT 0SM -RA FG VV002 06/06 A3012 RMK FG8 DENSITY ALT -1039FT SLP202
CYAW,2024-12-11 17:41,-63.4994,44.6397,CYAW 111741Z 12008KT 1/2SM -RA FG VV002 06/06 A3011 RMK FG8 DENSITY ALT -988FT SLP197
CYAW,2024-12-11 18:00,-63.4994,44.6397,CYAW 111800Z 11007KT 1/2SM -RA FG VV002 06/06 A3009 RMK FG8 DENSITY ALT -940FT SLP191
CYAW,2024-12-11 18:37,-63.4994,44.6397,CYAW 111837Z 11007KT 1SM -RA BR OVC002 07/06 A3009 RMK FG3SF5 DENSITY ALT -874FT SLP189
CYAW,2024-12-11 18:50,-63.4994,44.6397,CYAW 111850Z 11006KT 1/2SM -RA FG VV002 07/06 A3007 RMK FG8 DENSITY ALT -876FT VIS VRB 3/8-5/8 SLP185
CYAW,2024-12-11 19:00,-63.4994,44.6397,CYAW 111900Z 10006KT 1/4SM -RA FG VV002 07/06 A3007 RMK FG8 DENSITY ALT -863FT SLP183
CYAW,2024-12-11 19:40,-63.4994,44.6397,CYAW 111940Z 12006KT 1/8SM -RA FG VV001 08/07 A3007 RMK FG8 DENSITY ALT -771FT VIS VRB 0-1/4 PCPN VRY LGT SLP184
CYAW,2024-12-11 20:00,-63.4994,44.6397,CYAW 112000Z 13004KT 1/8SM -RA FG VV001 08/07 A3006 RMK FG8 DENSITY ALT -747FT VIS VRB 0-1/4 LAST OBS /NEXT 121100 UTC SLP182
CYAW,2024-12-12 11:00,-63.4994,44.6397,CYAW 121100Z 18017G28KT 3SM BR OVC007 11/10 A2976 RMK SF8 DENSITY ALT 81FT FST OBS SLP079
CYAW,2024-12-12 11:54,-63.4994,44.6397,CYAW 121154Z CCA 19018G32KT 5SM -TSRA BR BKN007 OVC010CB 12/11 A2973 RMK SF6CB2 DENSITY ALT 179FT CB OHD MOV NE OCNL LTGCC OHD SLP068
CYAW,2024-12-12 12:00,-63.4994,44.6397,CYAW 121200Z 19016G32KT 4SM -TSRA BR BKN007 OVC010CB 11/10 A2973 RMK SF6CB2 DENSITY ALT 128FT SLP068
CYAW,2024-12-12 12:16,-63.4994,44.6397,CYAW 121216Z 19019G28KT 4SM SHRA BR OVC005 11/10 A2974 RMK SF8 DENSITY ALT 92FT SLP072
CYAW,2024-12-12 12:37,-63.4994,44.6397,CYAW 121237Z 19017G28KT 5SM BR OVC006 12/11 A2971 RMK SF8 DENSITY ALT 193FT SLP063
CYAW,2024-12-12 13:00,-63.4994,44.6397,CYAW 121300Z 19016G29KT 3SM -SHRA BR OVC006 11/11 A2971 RMK SF8 DENSITY ALT 153FT PCPN VRY LGT SLP063
CYAW,2024-12-12 13:31,-63.4994,44.6397,CYAW 121331Z 20020G30KT 5SM BR OVC005 12/11 A2974 RMK SF8 DENSITY ALT 132FT SLP070
CYAW,2024-12-12 13:54,-63.4994,44.6397,CYAW 121354Z 20022G33KT 4SM -SHRA BR BKN006 OVC015 12/11 A2972 RMK SF6SC2 DENSITY ALT 214FT SLP066
CYAW,2024-12-12 14:00,-63.4994,44.6397,CYAW 121400Z 21025G39KT 4SM -SHRA BR OVC008 12/11 A2974 RMK SF8 DENSITY ALT 204FT SLP070
CYAW,2024-12-12 15:00,-63.4994,44.6397,CYAW 121500Z 21013G34KT 5SM BR OVC007 11/09 A2972 RMK SF8 DENSITY ALT 45FT SLP065
CYAW,2024-12-12 16:00,-63.4994,44.6397,CYAW 121600Z 23016G24KT 6SM BR BKN009 OVC012 10/08 A2974 RMK SF6SF2 DENSITY ALT -138FT SLP071
CYAW,2024-12-12 17:00,-63.4994,44.6397,CYAW 121700Z 24018G27KT 8SM FEW009 SCT020 OVC230 09/05 A2980 RMK SF2SC1CI5 DENSITY ALT -327FT PRESRR SLP091
CYAW,2024-12-12 18:00,-63.4994,44.6397,CYAW 121800Z 24019G26KT 15SM FEW009 FEW020 OVC230 09/04 A2983 RMK SF1SC1CI7 DENSITY ALT -400FT SLP103
CYAW,2024-12-12 19:00,-63.4994,44.6397,CYAW 121900Z 24011G18KT 15SM SCT023 OVC230 08/04 A2987 RMK SC3CI5 DENSITY ALT -539FT SLP117
CYAW,2024-12-12 20:00,-63.4994,44.6397,CYAW 122000Z 24010G21KT 15SM FEW023 SCT230 07/03 A2992 RMK SC2CI2 DENSITY ALT -679FT SLP132
CYAW,2024-12-12 21:00,-63.4994,44.6397,CYAW 122100Z 26010G16KT 15SM FEW023 SCT230 06/02 A2996 RMK SC1CI2 DENSITY ALT -858FT SLP147
CYAW,2024-12-12 22:00,-63.4994,44.6397,CYAW 122200Z 24009G15KT 15SM FEW038 SCT230 05/01 A3001 RMK SC2CI2 DENSITY ALT -1030FT SLP163
CYAW,2024-12-12 23:00,-63.4994,44.6397,CYAW 122300Z 23008KT 15SM SCT044 05/00 A3004 RMK SC3 DENSITY ALT -1120FT SLP173
CYAW,2024-12-13 00:00,-63.4994,44.6397,CYAW 130000Z 25008KT 15SM FEW230 04/M02 A3008 RMK CI2 DENSITY ALT -1253FT SLP187
CYAW,2024-12-13 01:00,-63.4994,44.6397,CYAW 130100Z 23007KT 15SM FEW048 SCT230 04/M02 A3010 RMK SC1CI3 DENSITY ALT -1338FT SLP195
CYAW,2024-12-13 02:00,-63.4994,44.6397,CYAW 130200Z 22008KT 15SM BKN050 04/M01 A3013 RMK SC6 DENSITY ALT -1279FT LAST OBS /NEXT 131100 UTC SLP203
CYAW,2024-12-13 11:00,-63.4994,44.6397,CYAW 131100Z 30005KT 15SM FEW055 00/M06 A3029 RMK SC2 DENSITY ALT -2020FT FST OBS SLP259
CYAW,2024-12-13 12:00,-63.4994,44.6397,CYAW 131200Z 28008KT 15SM FEW030 FEW060 00/M07 A3031 RMK SC1SC1 DENSITY ALT -2034FT SLP267
CYAW,2024-12-13 13:00,-63.4994,44.6397,CYAW 131300Z 26008KT 15SM FEW030 FEW050 00/M06 A3035 RMK SC1SC1 DENSITY ALT -2062FT SLP278
CYAW,2024-12-13 14:00,-63.4994,44.6397,CYAW 131400Z 29015KT 15SM FEW030 FEW060 01/M08 A3037 RMK SC1SC1 DENSITY ALT -2017FT SLP286
CYAW,2024-12-13 15:00,-63.4994,44.6397,CYAW 131500Z 29015KT 15SM SCT040 01/M09 A3037 RMK SC3 DENSITY ALT -2007FT SLP287
CYAW,2024-12-13 16:00,-63.4994,44.6397,CYAW 131600Z 29008KT 15SM FEW040 SCT100 01/M07 A3036 RMK SC2AC1 DENSITY ALT -1951FT SLP282
CYAW,2024-12-13 17:00,-63.4994,44.6397,CYAW 131700Z 29013G19KT 15SM SCT040 01/M08 A3036 RMK CU3 DENSITY ALT -2005FT SLP284
CYAW,2024-12-13 18:00,-63.4994,44.6397,CYAW 131800Z 28012G24KT 15SM SCT040 01/M09 A3037 RMK CU3 DENSITY ALT -1996FT SLP287
CYAW,2024-12-13 19:00,-63.4994,44.6397,CYAW 131900Z 29016KT 15SM SCT045 01/M12 A3039 RMK CU3 DENSITY ALT -2039FT SLP294
CYAW,2024-12-13 20:00,-63.4994,44.6397,CYAW 132000Z 31011G17KT 15SM FEW045 00/M14 A3043 RMK CF1 DENSITY ALT -2204FT SLP305
CYAW,2024-12-13 21:00,-63.4994,44.6397,CYAW 132100Z 30011KT 15SM FEW045 FEW090 M01/M14 A3045 RMK CF1AC1 DENSITY ALT -2329FT SLP314
CYAW,2024-12-13 22:00,-63.4994,44.6397,CYAW 132200Z 30006KT 15SM FEW090 M01/M13 A3047 RMK AC1 DENSITY ALT -2428FT SLP321
CYAW,2024-12-13 23:00,-63.4994,44.6397,CYAW 132300Z CCA 28008KT 15SM FEW090 M01/M12 A3049 RMK AC1 DENSITY ALT -2461FT LAST OBS /NEXT 151300 UTC SLP328
CYAW,2024-12-15 13:00,-63.4994,44.6397,CYAW 151300Z 33002KT 15SM FEW240 M06/M10 A3079 RMK CI1 DENSITY ALT -3448FT FST OBS SLP429
CYAW,2024-12-15 14:00,-63.4994,44.6397,CYAW 151400Z 33007KT 15SM FEW025 M05/M09 A3080 RMK CU1 DENSITY ALT -3248FT SLP433
CYAW,2024-12-15 15:00,-63.4994,44.6397,CYAW 151500Z 32007KT 15SM FEW025 M02/M08 A3077 RMK CU1 DENSITY ALT -2924FT SLP423
CYAW,2024-12-15 16:00,-63.4994,44.6397,CYAW 151600Z CCA 31010KT 15SM SKC M01/M09 A3074 RMK DENSITY ALT -2671FT LAST OBS /NEXT 161100 UTC SLP413
CYAW,2024-12-16 11:00,-63.4994,44.6397,CYAW 161100Z 27006KT 15SM FEW180 M04/M06 A3060 RMK AC1 DENSITY ALT -2876FT FST OBS SLP364
CYAW,2024-12-16 12:00,-63.4994,44.6397,CYAW 161200Z 28003KT 15SM FEW022 FEW210 M04/M05 A3060 RMK CF1CI1 DENSITY ALT -2887FT SLP366
CYAW,2024-12-16 13:00,-63.4994,44.6397,CYAW 161300Z 26007KT 15SM FEW025 FEW230 M02/M04 A3059 RMK CF1CI1 DENSITY ALT -2612FT SLP362
CYAW,2024-12-16 14:00,-63.4994,44.6397,CYAW 161400Z 26004KT 15SM FEW025 FEW230 M01/M04 A3059 RMK CF1CI1 DENSITY ALT -2455FT SLP362
CYAW,2024-12-16 15:00,-63.4994,44.6397,CYAW 161500Z 29007KT 15SM FEW025 FEW230 01/M05 A3058 RMK CF1CI1 DENSITY ALT -2243FT SLP358
CYAW,2024-12-16 16:00,-63.4994,44.6397,CYAW 161600Z 26006KT 15SM FEW025 FEW230 02/M05 A3056 RMK CF1CI1 DENSITY ALT -2069FT SLP352
CYAW,2024-12-16 17:00,-63.4994,44.6397,CYAW 161700Z 25007KT 15SM FEW025 FEW230 03/M06 A3054 RMK CF1CI1 DENSITY ALT -1949FT SLP346
CYAW,2024-12-16 18:00,-63.4994,44.6397,CYAW 161800Z 26008KT 15SM FEW025 FEW230 03/M05 A3053 RMK CF1CI1 DENSITY ALT -1908FT SLP341
CYAW,2024-12-16 19:00,-63.4994,44.6397,CYAW 161900Z 25008KT 15SM FEW025 FEW250 03/M04 A3053 RMK CF1CI1 DENSITY ALT -1932FT SLP340
CYAW,2024-12-16 20:00,-63.4994,44.6397,CYAW 162000Z 24006KT 15SM FEW020 FEW250 02/M04 A3052 RMK CF1CI1 DENSITY ALT -2020FT SLP338
CYAW,2024-12-16 21:00,-63.4994,44.6397,CYAW 162100Z 23004KT 15SM FEW020 FEW250 01/M03 A3052 RMK SC1CI1 DENSITY ALT -2219FT SLP339
CYAW,2024-12-16 22:00,-63.4994,44.6397,CYAW 162200Z 22004KT 15SM SKC 00/M03 A3052 RMK DENSITY ALT -2269FT SLP336
CYAW,2024-12-16 23:00,-63.4994,44.6397,CYAW 162300Z 25002KT 15SM FEW020 00/M03 A3052 RMK SC1 DENSITY ALT -2281FT SLP336
CYAW,2024-12-17 00:00,-63.4994,44.6397,CYAW 170000Z 00000KT 15SM SKC M01/M03 A3051 RMK DENSITY ALT -2464FT SLP333
CYAW,2024-12-17 01:00,-63.4994,44.6397,CYAW 170100Z CCA 23004KT 15SM SKC M00/M04 A3050 RMK DENSITY ALT -2326FT LAST OBS /NEXT 171000 UTC SLP330
CYAW,2024-12-17 10:00,-63.4994,44.6397,CYAW 171000Z 18006KT 10SM BKN009 BKN025 OVC130 04/02 A3037 RMK SF5SC2AC1 DENSITY ALT -1624FT FST OBS SLP285
CYAW,2024-12-17 11:00,-63.4994,44.6397,CYAW 171100Z 17008KT 10SM BKN009 BKN020 BKN130 04/02 A3034 RMK SF5SC2AC1 DENSITY ALT -1539FT SLP275
CYAW,2024-12-17 12:00,-63.4994,44.6397,CYAW 171200Z 17011G16KT 10SM BKN009 BKN025 05/03 A3030 RMK SF5SC2 DENSITY ALT -1425FT SLP264
CYAW,2024-12-17 12:22,-63.4994,44.6397,CYAW 171222Z 16010KT 15SM FEW009 SCT025 SCT150 BKN230 05/03 A3028 RMK SF2SC2AC1CI2 DENSITY ALT -1388FT SLP257
CYAW,2024-12-17 13:00,-63.4994,44.6397,CYAW 171300Z 18010KT 15SM FEW012 BKN140 OVC230 05/04 A3026 RMK SF2AC4CI2 DENSITY ALT -1274FT SLP250
CYAW,2024-12-17 14:00,-63.4994,44.6397,CYAW 171400Z 17011G17KT 12SM SCT025 BKN160 OVC230 06/05 A3023 RMK SC4AC3CI1 DENSITY ALT -1121FT SLP238
CYAW,2024-12-17 14:53,-63.4994,44.6397,CYAW 171453Z 19011G17KT 10SM -SHRA BKN010 BKN160 OVC230 07/06 A3019 RMK SC6AC1CI1 DENSITY ALT -982FT CIG VRB 7-13 SLP224
CYAW,2024-12-17 15:00,-63.4994,44.6397,CYAW 171500Z 19010G19KT 10SM -SHRA BKN010 BKN160 OVC230 07/06 A3018 RMK SC6AC1CI1 DENSITY ALT -971FT CIG VRB 7-13 SLP222
CYAW,2024-12-17 16:00,-63.4994,44.6397,CYAW 171600Z 19011G20KT 10SM FEW008 OVC032 08/07 A3012 RMK SF2SC6 DENSITY ALT -782FT PRESFR SLP201
CYAW,2024-12-17 16:23,-63.4994,44.6397,CYAW 171623Z 19010G20KT 8SM -SHRA FEW008 OVC024 08/07 A3009 RMK SF2SC6 DENSITY ALT -735FT PRESFR SLP191
CYAW,2024-12-17 17:00,-63.4994,44.6397,CYAW 171700Z 19011G20KT 8SM -SHRA FEW008 OVC022 08/07 A3005 RMK SF1SC8 DENSITY ALT -649FT PRESFR PCPN VRY LGT SLP179
CYAW,2024-12-17 18:00,-63.4994,44.6397,CYAW 171800Z 20017G33KT 5SM -SHRA BR OVC009 10/08 A3000 RMK SF8 DENSITY ALT -410FT SLP161
CYAW,2024-12-17 18:10,-63.4994,44.6397,CYAW 171810Z 20012G31KT 1 1/2SM -SHRA BR OVC008 09/08 A2999 RMK SF8 DENSITY ALT -449FT VIS VRB 1-2 SLP157
CYAW,2024-12-17 19:00,-63.4994,44.6397,CYAW 171900Z 21021G32KT 1SM RA BR OVC003 09/08 A2996 RMK SF8 DENSITY ALT -424FT VIS VRB 1/2-1 1/2 SLP148
CYAW,2024-12-17 19:27,-63.4994,44.6397,CYAW 171927Z 22020G30KT 1 1/2SM -RA BR OVC004 10/09 A2996 RMK SF8 DENSITY ALT -357FT VIS VRB 1-2 SLP147
CYAW,2024-12-17 20:00,-63.4994,44.6397,CYAW 172000Z 22018G36KT 1 1/2SM -RA BR OVC005 10/09 A2995 RMK SF8 DENSITY ALT -372FT LAST OBS /NEXT 200700 UTC SLP144
CYAW,2024-12-20 08:00,-63.4994,44.6397,CYAW 200800Z 05006KT 15SM OVC029 M02/M05 A3030 RMK SC8 DENSITY ALT -2310FT FST OBS SLP261
CYAW,2024-12-20 09:00,-63.4994,44.6397,CYAW 200900Z 03005KT 15SM BKN031 M02/M05 A3030 RMK SC7 DENSITY ALT -2349FT SLP264
CYAW,2024-12-20 10:00,-63.4994,44.6397,CYAW 201000Z 01006KT 15SM OVC033 M03/M06 A3032 RMK SC8 DENSITY ALT -2413FT SLP268
CYAW,2024-12-20 11:00,-63.4994,44.6397,CYAW 201100Z CCA 01006KT 15SM BKN034 M03/M06 A3032 RMK SC7 DENSITY ALT -2439FT LAST OBS /NEXT 061100 UTC SLP269
