station,valid,lon,lat,metar
CYAW,2022-01-06 11:00,-63.4994,44.6397,CYAW 061100Z 20021G33KT 5SM RA BKN004 OVC060 10/09 A2952 RMK SF6NS2 DA130FT VIS VRB 3-7 FST OBS SLP997
CYAW,2022-01-06 12:00,-63.4994,44.6397,CYAW 061200Z 19016G21KT 3SM -RA BR BKN004 OVC040 08/08 A2947 RMK SF6NS2 DA45FT SLP982
CYAW,2022-01-06 12:24,-63.4994,44.6397,CYAW 061224Z 19014KT 5SM BR BKN006 OVC050 09/09 A2944 RMK SF6NS2 DA145FT PRESFR SLP969
CYAW,2022-01-06 13:00,-63.4994,44.6397,CYAW 061300Z 20021G29KT 3SM -RA BR BKN004 OVC030 09/09 A2947 RMK SF7NS1 DA150FT SLP982
CYAW,2022-01-06 13:44,-63.4994,44.6397,CYAW 061344Z 24012G20KT 12SM FEW009 BKN040 BKN130 08/08 A2949 R MK SF2SC4AC1 DA-47FT SLP986
CYAW,2022-01-07 12:24,-63.4994,44.6397,CYAW 071224Z 07009KT 12SM BKN025 OVC130 01/M02 A2990 RMK SC6AC2 DA-1512FT SLP127
CYAW,2022-01-07 15:19,-63.4994,44.6397,CYAW 071519Z 07011G19KT 8SM -RA OVC009 02/01 A2976 RMK SC8 DA-1 128FT PRESFR LAST OBS/NEXT 101100 UTC SLP080
CYAW,2022-01-10 11:00,-63.4994,44.6397,CYAW 101100Z 30011G17KT 10SM SCT020 OVC032 02/00 A2962 RMK SC4SC4 DA-945FT FST OBS SLP032
CYAW,2022-01-10 12:00,-63.4994,44.6397,CYAW 101200Z 29013KT 15SM SCT028 OVC048 02/M00 A2963 RMK SC4SC4 DA-997FT SLP036
CYAW,2022-01-10 13:00,-63.4994,44.6397,CYAW 101300Z 30015G28KT 15SM FEW028 OVC041 01/M03 A2968 RMK SC2SC6 DA-1247FT SLP051
CYAW,2022-01-10 14:00,-63.4994,44.6397,CYAW 101400Z 28018KT 15SM BKN055 BKN100 00/M07 A2971 RMK SC6AC1 DA-1340FT SLP062
CYAW,2022-01-10 15:00,-63.4994,44.6397,CYAW 101500Z 32017G25KT 15SM SCT043 BKN150 BKN250 M01/M08 A2974 RMK SC4AC2CI1 DA-1492FT SLP072
CYAW,2022-01-10 16:00,-63.4994,44.6397,CYAW 101600Z 31018G24KT 15SM FEW040 BKN150 BKN250 M02/M08 A2973 RMK SC2AC4CI1 DA-1611FT SLP070
CYAW,2022-01-10 17:00,-63.4994,44.6397,CYAW 101700Z 31020G25KT 15SM FEW040 BKN220 M02/M12 A2972 RMK SC2CI5 DA-1673FT SLP065
CYAW,2022-01-10 18:00,-63.4994,44.6397,CYAW 101800Z 30014G21KT 15SM FEW042 BKN220 M03/M10 A2972 RMK SC2CI5 DA-1734FT SLP066
CYAW,2022-01-10 19:00,-63.4994,44.6397,CYAW 101900Z 31014G20KT 15SM SCT044 BKN220 M03/M09 A2975 RMK SC3CI4 DA-1867FT SLP076
CYAW,2022-01-10 20:00,-63.4994,44.6397,CYAW 102000Z 31015G20KT 15SM FEW040 BKN220 M05/M12 A2978 RMK SC2CI4 DA-2066FT SLP087
CYAW,2022-01-10 21:00,-63.4994,44.6397,CYAW 102100Z 31012G17KT 15SM FEW040 BKN240 M05/M14 A2981 RMK SC1CI4 DA-2197FT CC ASOCTD SLP096
CYAW,2022-01-10 22:00,-63.4994,44.6397,CYAW 102200Z 31012G17KT 15SM FEW040 BKN210 M06/M14 A2983 RMK SC2CI4 DA-2258FT SLP104
CYAW,2022-01-10 23:00,-63.4994,44.6397,CYAW 102300Z 30010G16KT 15SM FEW040 SCT120 SCT210 M06/M14 A2985 RMK SC1AC2CI1 DA-2361FT SLP111
CYAW,2022-01-11 00:00,-63.4994,44.6397,CYAW 110000Z 30009G15KT 15SM FEW040 FEW210 M06/M13 A2986 RMK SC1CI1 DA-2397FT SLP115
CYAW,2022-01-11 00:28,-63.4994,44.6397,CYAW 110028Z 31014KT 10SM -SHSN SCT040 M07/M12 A2987 RMK SC4 DA-2433FT SLP119
CYAW,2022-01-11 01:00,-63.4994,44.6397,CYAW 110100Z 31017G24KT 15SM BKN040 M07/M14 A2989 RMK SC6 DA-2500FT -SHSN ENDED 0056UTC SLP123
CYAW,2022-01-11 02:00,-63.4994,44.6397,CYAW 110200Z 31013G21KT 15SM FEW040 SCT180 M08/M16 A2990 RMK SC2AC1 DA-2713FT SLP127
CYAW,2022-01-11 02:53,-63.4994,44.6397,CYAW 110253Z 32009G17KT 15SM FEW040 FEW180 M09/M15 A2992 RMK SC1AC1 DA-2828FT LAST OBS/NEXT 111100 UTC AC TR SLP134
CYAW,2022-01-11 11:00,-63.4994,44.6397,CYAW 111100Z 01009G15KT 15SM SCT030 M15/M18 A3003 RMK SC3 DA-3727FT FST OBS SLP173
CYAW,2022-01-11 12:00,-63.4994,44.6397,CYAW 111200Z 33012KT 15SM BKN028 M14/M18 A3009 RMK SC6 DA-3743FT SLP191
CYAW,2022-01-11 13:00,-63.4994,44.6397,CYAW 111300Z 32012G17KT 8SM -SHSN OVC029 M14/M18 A3012 RMK SC8 DA-3778FT VIS LWR S SLP205
CYAW,2022-01-11 13:18,-63.4994,44.6397,CYAW 111318Z 31010KT 15SM BKN028 OVC120 M14/M17 A3014 RMK SC6AC2 DA-3773FT SLP209
CYAW,2022-01-11 14:00,-63.4994,44.6397,CYAW 111400Z 31015G21KT 15SM BKN033 BKN120 M14/M20 A3014 RMK SC5AC2 DA-3764FT SLP211
CYAW,2022-01-11 14:50,-63.4994,44.6397,CYAW 111450Z 34010G24KT 15SM BKN026 BKN120 M14/M20 A3016 RMK SC6AC1 DA-3759FT VIS LWR N SLP217
CYAW,2022-01-11 15:00,-63.4994,44.6397,CYAW 111500Z 34012G24KT 15SM BKN029 BKN120 M14/M18 A3017 RMK SC6AC1 DA-3823FT PCPN VRY LGT SLP219
CYAW,2022-01-11 15:18,-63.4994,44.6397,CYAW 111518Z 34009G18KT 5SM -SHSN OVC027 M15/M19 A3016 RMK SC8 DA-3880FT SLP217
CYAW,2022-01-11 15:28,-63.4994,44.6397,CYAW 111528Z 31013KT 12SM -SHSN BKN030 M15/M18 A3015 RMK SC6 DA-3868FT SLP215
CYAW,2022-01-11 15:39,-63.4994,44.6397,CYAW 111539Z 31017KT 15SM BKN032 M15/M20 A3016 RMK SC5 DA-3855FT SLP216
CYAW,2022-01-11 16:00,-63.4994,44.6397,CYAW 111600Z 30018G28KT 15SM BKN030 BKN250 M14/M21 A3016 RMK SC5CI1 DA-3761FT SLP216
CYAW,2022-01-11 17:00,-63.4994,44.6397,CYAW 111700Z 32018KT 15SM BKN035 M13/M21 A3015 RMK SC5 DA-3667FT SLP213
CYAW,2022-01-11 18:00,-63.4994,44.6397,CYAW 111800Z 30014G21KT 15SM SCT033 M14/M21 A3016 RMK SC3 DA-3801FT SLP217
CYAW,2022-01-11 19:00,-63.4994,44.6397,CYAW 111900Z 31014KT 15SM FEW033 M14/M22 A3017 RMK SC2 DA-3801FT SLP221
CYAW,2022-01-11 20:00,-63.4994,44.6397,CYAW 112000Z 30014G20KT 15SM FEW033 M14/M22 A3021 RMK SC2 DA-3834FT LAST OBS/NEXT 121100 UTC SLP235
CYAW,2022-01-12 11:00,-63.4994,44.6397,CYAW 121100Z 20004KT 15SM FEW030 M15/M18 A3043 RMK SC2 DA-4276FT FROIN FST OBS SLP308
CYAW,2022-01-12 12:00,-63.4994,44.6397,CYAW 121200Z 23003KT 15SM SCT030 M14/M17 A3041 RMK SC3 DA-4100FT FROIN SLP304
CYAW,2022-01-12 13:00,-63.4994,44.6397,CYAW 121300Z 20003KT 15SM SCT020 BKN250 M12/M15 A3042 RMK SC3CI3 DA-3822FT SLP305
CYAW,2022-01-12 14:00,-63.4994,44.6397,CYAW 121400Z 15006KT 15SM FEW032 BKN140 M10/M13 A3037 RMK SC2AC5 DA-3492FT SLP290
CYAW,2022-01-12 15:00,-63.4994,44.6397,CYAW 121500Z 18012G17KT 15SM -SHSN OVC033 M08/M12 A3036 RMK SC8 DA-3184FT PCPN VRY LGT SLP285
CYAW,2022-01-12 15:43,-63.4994,44.6397,CYAW 121543Z 19011G20KT 15SM -SHSN OVC019 M07/M10 A3032 RMK SC8 DA-2962FT SLP272
CYAW,2022-01-12 16:00,-63.4994,44.6397,CYAW 121600Z 19013G19KT 15SM -SHSN OVC018 M06/M10 A3031 RMK SC8 DA-2911FT SLP268
CYAW,2022-01-12 17:00,-63.4994,44.6397,CYAW 121700Z 19019G26KT 8SM -SHSN OVC018 M05/M08 A3026 RMK SC8 DA-2677FT SLP251
CYAW,2022-01-12 18:00,-63.4994,44.6397,CYAW 121800Z 18018G26KT 8SM -SHSN OVC018 M04/M07 A3022 RMK SC8 DA-2549FT SLP238
CYAW,2022-01-12 19:00,-63.4994,44.6397,CYAW 121900Z 19021G28KT 8SM -SHSN OVC017 M03/M06 A3020 RMK SC8 DA-2366FT SLP231
CYAW,2022-01-12 19:30,-63.4994,44.6397,CYAW 121930Z 19020KT 3SM -SHSN OVC017 M03/M05 A3019 RMK SC8 DA- 2298FT SLP229
CYAW,2022-01-12 19:41,-63.4994,44.6397,CYAW 121941Z 19020KT 1 3/4SM -SHSN OVC020 M03/M05 A3019 RMK SC8 DA-2298FT SLP227
CYAW,2022-01-12 20:00,-63.4994,44.6397,CYAW 122000Z 19018G26KT 1 3/4SM -SHSN OVC012 M02/M05 A3018 RMK SC8 DA-2223FT VIS LWR E SLP224
CYAW,2022-01-12 20:10,-63.4994,44.6397,CYAW 122010Z 19019G26KT 8SM -SHSN OVC025 M02/M06 A3018 RMK SC8 DA-2160FT SLP223
CYAW,2022-01-12 21:00,-63.4994,44.6397,CYAW 122100Z 19016G22KT 8SM -SHSN OVC025 M01/M05 A3017 RMK SC8 DA-2083FT SLP218
CYAW,2022-01-12 21:32,-63.4994,44.6397,CYAW 122132Z 19018G26KT 5SM -SHSN OVC025 M01/M04 A3016 RMK SC8 DA-2026FT LAST OBS/NEXT 131100 UTC SLP217
CYAW,2022-01-13 11:00,-63.4994,44.6397,CYAW 131100Z 00000KT 12SM OVC032 01/01 A3007 RMK SC8 DA-1668FT FST OBS SLP186
CYAW,2022-01-13 12:00,-63.4994,44.6397,CYAW 131200Z 15004KT 15SM OVC032 00/00 A3007 RMK SC8 DA-1707FT SLP184
CYAW,2022-01-13 13:00,-63.4994,44.6397,CYAW 131300Z 00000KT 15SM OVC030 01/01 A3009 RMK SC8 DA-1704FT SLP191
CYAW,2022-01-13 14:00,-63.4994,44.6397,CYAW 131400Z 31005KT 15SM FEW010 OVC032 01/01 A3011 RMK SF1SC8 DA-1688FT SLP198
CYAW,2022-01-13 15:00,-63.4994,44.6397,CYAW 131500Z 33002KT 15SM FEW010 OVC037 01/M01 A3011 RMK SF1SC8 DA-1660FT SLP198
CYAW,2022-01-13 16:00,-63.4994,44.6397,CYAW 131600Z 34005KT 15SM FEW010 OVC044 02/M01 A3008 RMK SF1SC8 DA-1585FT SLP189
CYAW,2022-01-13 17:00,-63.4994,44.6397,CYAW 131700Z 34002KT 15SM FEW008 OVC040 02/M01 A3008 RMK SF1SC8 DA-1538FT SLP187
CYAW,2022-01-13 18:00,-63.4994,44.6397,CYAW 131800Z 02005KT 15SM FEW008 FEW040 BKN230 02/M01 A3006 RMK SF1SC2CI5 DA-1487FT SLP183
CYAW,2022-01-13 19:00,-63.4994,44.6397,CYAW 131900Z 02004KT 15SM FEW040 BKN160 OVC210 02/M00 A3008 RMK SC1AC6CI1 DA-1471FT SLP187
CYAW,2022-01-13 20:00,-63.4994,44.6397,CYAW 132000Z 02004KT 15SM FEW010 BKN140 OVC210 01/M01 A3009 RMK CF1AC5CI3 DA-1611FT LAST OBS/NEXT 141100 UTC SLP191
CYAW,2022-01-14 11:00,-63.4994,44.6397,CYAW 141100Z 05004KT 1/2SM FG VV002 00/00 A2996 RMK FG8 DA-1593FT FST OBS SLP147
CYAW,2022-01-14 12:00,-63.4994,44.6397,CYAW 141200Z 05006KT 3/8SM FG VV001 01/01 A2993 RMK FG8 DA-1519FT SLP139
CYAW,2022-01-14 13:00,-63.4994,44.6397,CYAW 141300Z 05006KT 1/8SM FG VV000 01/01 A2992 RMK FG8 DA-1427FT SLP135
CYAW,2022-01-14 14:00,-63.4994,44.6397,CYAW 141400Z 04004KT 1/8SM FG VV000 02/02 A2991 RMK FG8 DA-1310FT SLP132
CYAW,2022-01-14 14:30,-63.4994,44.6397,CYAW 141430Z 05007KT 1/2SM -DZ FG VV001 03/03 A2989 RMK FG8 DA-1128FT VIS VRB 3/8-5/8 SLP124
CYAW,2022-01-14 14:46,-63.4994,44.6397,CYAW 141446Z 05006KT 1SM -DZ BR OVC002 03/03 A2989 RMK ST8 DA-1101FT VIS VRB 3/4-1 1/4 SLP124
CYAW,2022-01-14 15:00,-63.4994,44.6397,CYAW 141500Z 05004KT 1SM -DZ BR OVC002 04/04 A2988 RMK ST8 DA-1063FT VIS VRB 3/4-1 1/4 SLP121
CYAW,2022-01-14 16:00,-63.4994,44.6397,CYAW 141600Z 07009G16KT 1SM BR OVC002 04/04 A2984 RMK ST8 DA-911FT VIS VRB 3/4-1 1/4 SLP106
CYAW,2022-01-14 16:21,-63.4994,44.6397,CYAW 141621Z 07009KT 1/2SM FG VV200 04/04 A2982 RMK FG8 DA-888FT SLP101
CYAW,2022-01-14 17:00,-63.4994,44.6397,CYAW 141700Z 05007KT 3/8SM -DZ FG VV002 05/05 A2979 RMK FG8 DA-800FT VIS VRB 1/4-1/2 SLP089
CYAW,2022-01-14 17:28,-63.4994,44.6397,CYAW 141728Z 05006KT 1/4SM FG VV002 05/05 A2977 RMK FG8 DA-764F T SLP085
CYAW,2022-01-14 17:35,-63.4994,44.6397,CYAW 141735Z 04007KT 1/8SM FG VV001 05/05 A2976 RMK FG8 DA-752FT SLP081
CYAW,2022-01-14 18:00,-63.4994,44.6397,CYAW 141800Z 05007KT 1/8SM FG VV001 05/05 A2975 RMK FG8 DA-754FT SLP075
CYAW,2022-01-14 18:23,-63.4994,44.6397,CYAW 141823Z 04007KT 1/4SM FG VV002 05/05 A2974 RMK FG8 DA-742FT SLP073
CYAW,2022-01-14 19:00,-63.4994,44.6397,CYAW 141900Z 05008KT 3/8SM FG VV002 05/05 A2973 RMK FG8 DA-731FT VIS VRB 1/4-1/2 SLP069
CYAW,2022-01-14 19:11,-63.4994,44.6397,CYAW 141911Z 05007KT 3/4SM -DZ BR OVC002 05/05 A2973 RMK ST8 DA-731FT SLP069
CYAW,2022-01-14 19:35,-63.4994,44.6397,CYAW 141935Z 03007KT 3/4SM BR OVC002 05/05 A2971 RMK ST8 DA-694FT SLP063
CYAW,2022-01-14 20:00,-63.4994,44.6397,CYAW 142000Z 02011KT 3/4SM BR OVC002 05/05 A2968 RMK ST8 DA-673FT LAST OBS/NEXT 161200 UTC SLP052
CYAW,2022-01-16 12:00,-63.4994,44.6397,CYAW 161200Z 27015G21KT 15SM FEW020 M14/M16 A3013 RMK SC2 DA-3705FT FST OBS SLP206
CYAW,2022-01-16 13:00,-63.4994,44.6397,CYAW 161300Z 28016KT 15SM FEW020 M13/M16 A3015 RMK SC1 DA-3579FT SLP215
CYAW,2022-01-16 14:00,-63.4994,44.6397,CYAW 161400Z 28019G24KT 15SM FEW020 M11/M16 A3017 RMK SC1 DA-3207FT SLP222
CYAW,2022-01-16 15:00,-63.4994,44.6397,CYAW 161500Z 30015G22KT 15SM FEW020 M10/M16 A3020 RMK SC1 DA-3328FT SLP232
CYAW,2022-01-16 16:00,-63.4994,44.6397,CYAW 161600Z 30014G21KT 15SM FEW020 M09/M15 A3022 RMK SC1 DA-3175FT SLP238
CYAW,2022-01-16 17:00,-63.4994,44.6397,CYAW 161700Z 30012G18KT 15SM FEW020 M08/M15 A3021 RMK SC1 DA-3044FT SLP233
CYAW,2022-01-16 17:37,-63.4994,44.6397,CYAW 161737Z 28012KT 15SM FEW020 M07/M13 A3021 RMK SC1 DA-2936FT LAST OBS/NEXT 171100 UTC SLP233
CYAW,2022-01-17 11:00,-63.4994,44.6397,CYAW 171100Z 05007KT 15SM SCT008 OVC080 M11/M12 A3020 RMK SC3AS5 DA-3346FT FST OBS SLP231
CYAW,2022-01-17 12:00,-63.4994,44.6397,CYAW 171200Z 05005KT 15SM SCT008 OVC200 M09/M10 A3019 RMK SC4CI4 DA-3170FT SLP227
CYAW,2022-01-17 13:00,-63.4994,44.6397,CYAW 171300Z 05003KT 15SM SCT020 BKN120 OVC200 M07/M07 A3015 RMK SC4AC2CI2 DA-2756FT SLP214
CYAW,2022-01-17 14:00,-63.4994,44.6397,CYAW 171400Z 12013G24KT 15SM SCT025 BKN120 OVC200 M00/M05 A3011 RMK SC4AC3CI1 DA-1857FT SLP201
CYAW,2022-01-17 15:00,-63.4994,44.6397,CYAW 171500Z 12019G26KT 15SM FEW023 BKN130 OVC200 01/M04 A3006 RMK SC2AC5CI1 DA-1694FT SLP181
CYAW,2022-01-17 16:00,-63.4994,44.6397,CYAW 171600Z 12015G30KT 15SM FEW035 BKN140 OVC200 01/M02 A2998 RMK SC2AC3CI3 DA-1530FT PRESFR SLP156
CYAW,2022-01-17 17:00,-63.4994,44.6397,CYAW 171700Z 11020G31KT 12SM FEW020 OVC066 02/M01 A2986 RMK SC2AS6 DA-1309FT PRESFR SLP116
CYAW,2022-01-17 17:29,-63.4994,44.6397,CYAW 171729Z 12021G33KT 5SM -SN OVC020 02/M01 A2983 RMK SC8 DA-1284FT PRESFR SLP105
CYAW,2022-01-17 18:00,-63.4994,44.6397,CYAW 171800Z 11023G33KT 1SM -SN BLSN VV003 01/00 A2979 RMK BLSN8 DA-1333FT PRESFR SLP089
CYAW,2022-01-17 18:18,-63.4994,44.6397,CYAW 171818Z 11019G30KT 5SM -SN SCT004 OVC008 01/01 A2976 RMK SC4ST4 DA-1283FT PRESFR LAST OBS/NEXT 181100 UTC SLP082
CYAW,2022-01-18 11:00,-63.4994,44.6397,CYAW 181100Z 18005KT 1/8SM -SHRA FG VV002 04/04 A2915 RMK FG8 DA-197FT FST OBS SLP872
CYAW,2022-01-18 11:34,-63.4994,44.6397,CYAW 181134Z 22009G18KT 5SM -SHRA BR FEW008 OVC030 04/04 A2916 RMK CF1SC7 DA-196FT SLP875
CYAW,2022-01-18 12:00,-63.4994,44.6397,CYAW 181200Z 20010G16KT 6SM -SHRA FEW008 OVC037 04/04 A2919 RMK CF1SC7 DA-231FT SLP886
CYAW,2022-01-18 12:25,-63.4994,44.6397,CYAW 181225Z 22008KT 8SM SCT020 OVC050 04/04 A2918 RMK SC4SC4 DA-219FT SLP883
CYAW,2022-01-18 13:00,-63.4994,44.6397,CYAW 181300Z 22006KT 8SM FEW012 BKN055 BKN180 04/04 A2916 RMK CF1SC6AC1 DA-184FT CF TR SLP875
CYAW,2022-01-18 14:00,-63.4994,44.6397,CYAW 181400Z 22010KT 12SM FEW020 BKN180 05/03 A2917 RMK SC1AC4 DA-101FT SLP881
CYAW,2022-01-18 15:00,-63.4994,44.6397,CYAW 181500Z 22011G16KT 12SM SCT020 BKN180 05/02 A2917 RMK SC3AC2 DA-81FT SLP879
CYAW,2022-01-18 16:00,-63.4994,44.6397,CYAW 181600Z 24011G17KT 12SM OVC013 04/02 A2915 RMK SC8 DA-170FT SLP873
CYAW,2022-01-18 17:00,-63.4994,44.6397,CYAW 181700Z 23008KT 12SM OVC013 04/02 A2915 RMK SC8 DA-207FT SLP872
CYAW,2022-01-18 18:00,-63.4994,44.6397,CYAW 181800Z 25010KT 15SM OVC012 04/02 A2917 RMK SC8 DA-257FT SLP878
CYAW,2022-01-18 18:43,-63.4994,44.6397,CYAW 181843Z 27018G24KT 6SM -SHRA BR OVC011 02/01 A2920 RMK SC8 DA-447FT SLP888
CYAW,2022-01-18 19:00,-63.4994,44.6397,CYAW 181900Z 28013G19KT 15SM -SHRA SCT011 OVC019 02/01 A2921 RMK SC3SC5 DA-512FT SLP892
CYAW,2022-01-18 19:25,-63.4994,44.6397,CYAW 181925Z 29013KT 15SM -SHSN SCT014 OVC020 02/00 A2922 RMK SC4SC4 DA-566FT PCPN VRY LGT SLP897
CYAW,2022-01-18 19:47,-63.4994,44.6397,CYAW 181947Z 29017KT 3SM -SHSN OVC014 00/M01 A2925 RMK SC8 DA-758FT VIS VRB 2-4 SLP907
CYAW,2022-01-18 20:00,-63.4994,44.6397,CYAW 182000Z 28019KT 10SM -SHSN SCT014 OVC020 00/M02 A2926 RMK SC4SC4 DA-800FT SLP911
CYAW,2022-01-18 21:00,-63.4994,44.6397,CYAW 182100Z 29018KT 6SM -SHSN OVC017 M01/M04 A2932 RMK SC8 DA-1046FT PRESRR LAST OBS/NXT 191100 UTC SLP932
CYAW,2022-01-19 11:00,-63.4994,44.6397,CYAW 191100Z 28021G30KT 15SM FEW025 M12/M17 A2999 RMK SC1 DA-3299FT FST OBS SLP160
CYAW,2022-01-19 12:00,-63.4994,44.6397,CYAW 191200Z 29015KT 15SM FEW025 M12/M16 A3003 RMK SC1 DA-3345FT SLP172
CYAW,2022-01-19 13:00,-63.4994,44.6397,CYAW 191300Z 29016G25KT 15SM FEW025 M11/M16 A3006 RMK SC1 DA-3272FT SLP182
CYAW,2022-01-19 14:00,-63.4994,44.6397,CYAW 191400Z 28013G18KT 15SM FEW025 M10/M16 A3008 RMK SC1 DA-3121FT SC TR SLP190
CYAW,2022-01-19 15:00,-63.4994,44.6397,CYAW 191500Z 30011KT 15SM FEW025 M09/M16 A3009 RMK SC1 DA-2986FT SC TR SLP193
CYAW,2022-01-19 16:00,-63.4994,44.6397,CYAW 191600Z 25007KT 15SM FEW025 M07/M15 A3011 RMK SC1 DA-2717FT SC TR SLP200
CYAW,2022-01-19 17:00,-63.4994,44.6397,CYAW 191700Z 26008KT 15SM FEW025 FEW090 M05/M15 A3009 RMK SC1AC1 DA-2524FT SC TR SLP193
CYAW,2022-01-19 18:00,-63.4994,44.6397,CYAW 191800Z 25009KT 15SM BKN100 M05/M15 A3009 RMK AC5 DA-2472FT SLP193
CYAW,2022-01-19 19:00,-63.4994,44.6397,CYAW 191900Z 22010KT 15SM FEW025 BKN080 M05/M13 A3010 RMK SC1AC7 DA-2439FT SLP195
CYAW,2022-01-19 20:00,-63.4994,44.6397,CYAW 192000Z 21008KT 15SM FEW020 OVC090 M05/M10 A3010 RMK SC1AC8 DA-2434FT SLP197
CYAW,2022-01-19 20:54,-63.4994,44.6397,CYAW 192054Z 20005KT 15SM BKN018 OVC070 M04/M09 A3009 RMK SC5AC3 DA-2338FT SLP191
CYAW,2022-01-19 21:00,-63.4994,44.6397,CYAW 192100Z 20005KT 15SM BKN020 OVC070 M04/M08 A3009 RMK SC7AC1 DA-2325FT SLP192
CYAW,2022-01-19 21:54,-63.4994,44.6397,CYAW 192154Z 19006KT 15SM OVC024 M02/M05 A3007 RMK SC8 DA-2081FT LAST OBS/NXT 201100 UTC SLP187
CYAW,2022-01-20 11:00,-63.4994,44.6397,CYAW 201100Z 21004KT 6SM BR FEW020 OVC090 04/04 A2994 RMK SC2AS6 DA-1028FT FST OBS SLP141
CYAW,2022-01-20 12:00,-63.4994,44.6397,CYAW 201200Z 21003KT 6SM BR BKN008 OVC090 04/04 A2995 RMK SC7AS1 DA-1079FT SLP144
CYAW,2022-01-20 13:00,-63.4994,44.6397,CYAW 201300Z 22003KT 6SM BR OVC007 05/04 A2995 RMK SC8 DA-1001FT SLP144
CYAW,2022-01-20 14:00,-63.4994,44.6397,CYAW 201400Z 21006KT 6SM BR OVC007 05/05 A2995 RMK SC8 DA-975FT SLP145
CYAW,2022-01-20 14:54,-63.4994,44.6397,CYAW 201454Z 20005KT 6SM -RA BR OVC007 05/04 A2996 RMK SC8 DA-1 000FT SLP148
CYAW,2022-01-20 15:00,-63.4994,44.6397,CYAW 201500Z 21007KT 6SM -RA BR OVC007 05/04 A2996 RMK SC8 DA-1000FT SLP148
CYAW,2022-01-20 15:43,-63.4994,44.6397,CYAW 201543Z 22008KT 6SM -RA BR BKN030 OVC050 05/04 A2996 RMK SC6SC2 DA-1043FT CF ASOCTD WITH LWR LYR SLP146
CYAW,2022-01-20 16:00,-63.4994,44.6397,CYAW 201600Z 22006KT 8SM -DZ BKN030 OVC050 04/03 A2994 RMK SC6SC2 DA-1047FT SLP140
CYAW,2022-01-20 17:00,-63.4994,44.6397,CYAW 201700Z 24006KT 8SM -DZ OVC025 04/03 A2993 RMK SC8 DA-1086FT SLP136
CYAW,2022-01-20 17:15,-63.4994,44.6397,CYAW 201715Z 24006KT 8SM -SHRA OVC025 04/03 A2992 RMK SC8 DA-1087FT SLP135
CYAW,2022-01-20 18:00,-63.4994,44.6397,CYAW 201800Z 25006KT 8SM -SHRA BKN010 OVC025 04/03 A2992 RMK SF6SC2 DA-1113FT SLP133
CYAW,2022-01-20 18:51,-63.4994,44.6397,CYAW 201851Z 33008KT 3SM -SHSN OVC015 01/01 A2994 RMK ST8 DA-1518FT SLP140
CYAW,2022-01-20 19:00,-63.4994,44.6397,CYAW 201900Z 33009KT 2 1/2SM -SHSN OVC015 01/00 A2994 RMK ST8 DA-1531FT SLP140
CYAW,2022-01-20 19:47,-63.4994,44.6397,CYAW 201947Z 33008KT 2 1/2SM -SHSN OVC007 01/00 A2997 RMK SF8 DA-1579FT SLP150
CYAW,2022-01-20 20:00,-63.4994,44.6397,CYAW 202000Z 33007KT 2 1/2SM -SHSN OVC007 01/00 A2997 RMK SF8 DA-1579FT SLP151
CYAW,2022-01-20 20:37,-63.4994,44.6397,CYAW 202037Z 34005KT 3SM -SHSN SCT006 OVC025 00/00 A3000 RMK SF4SC4 DA-1653FT SLP160
CYAW,2022-01-20 20:51,-63.4994,44.6397,CYAW 202051Z 34004KT 6SM -SHSN FEW008 OVC036 00/00 A3000 RMK SF2SC6 DA-1667FT PCPN VRY LGT LAST OBS/NEXT 211100 UTC SLP161
CYAW,2022-01-21 11:00,-63.4994,44.6397,CYAW 211100Z 35009G17KT 10SM BKN180 M13/M15 A3032 RMK AS7 DA-3788FT FST OBS SLP271
CYAW,2022-01-21 12:00,-63.4994,44.6397,CYAW 211200Z 35014G20KT 15SM FEW030 BKN220 M14/M16 A3034 RMK SC1CI4 DA-3922FT SLP279
CYAW,2022-01-21 13:00,-63.4994,44.6397,CYAW 211300Z 35010G16KT 15SM FEW030 FEW180 BKN220 M14/M16 A3038 RMK SC1AC1CI3 DA-3968FT SLP292
CYAW,2022-01-21 14:00,-63.4994,44.6397,CYAW 211400Z 35011KT 15SM FEW030 FEW180 BKN220 M13/M16 A3041 RMK SC1AC1CI3 DA-3949FT SLP300
CYAW,2022-01-21 15:00,-63.4994,44.6397,CYAW 211500Z 34013KT 15SM FEW030 SCT220 M13/M16 A3041 RMK SC1CI4 DA-3880FT SC TR SLP302
CYAW,2022-01-21 16:00,-63.4994,44.6397,CYAW 211600Z 34012G17KT 15SM FEW030 SCT220 M11/M15 A3039 RMK SC1CI4 DA-3626FT SC TR SLP295
CYAW,2022-01-21 17:00,-63.4994,44.6397,CYAW 211700Z 34009G15KT 15SM FEW030 SCT220 M10/M14 A3039 RMK SC1CI3 DA-3490FT SLP294
CYAW,2022-01-21 18:00,-63.4994,44.6397,CYAW 211800Z 35010KT 15SM FEW030 SCT220 M10/M14 A3038 RMK SC1CI4 DA-3519FT SC TR SLP293
CYAW,2022-01-21 19:00,-63.4994,44.6397,CYAW 211900Z 35011KT 15SM FEW030 BKN220 M10/M15 A3040 RMK SC2CI4 DA-3476FT SLP298
CYAW,2022-01-21 20:00,-63.4994,44.6397,CYAW 212000Z 35011KT 15SM FEW030 BKN220 M10/M15 A3041 RMK SC2CI4 DA-3581FT SLP300
CYAW,2022-01-21 20:13,-63.4994,44.6397,CYAW 212013Z 36011G17KT 15SM FEW030 BKN220 M11/M14 A3041 RMK SC2CI4 DA-3608FT LAST OBS/NEXT 241100 UTC SLP302
CYAW,2022-01-24 11:00,-63.4994,44.6397,CYAW 241100Z 36012KT 10SM OVC030 M04/M05 A2977 RMK SC8 DA-1928FT FST OBS SLP084
CYAW,2022-01-24 12:00,-63.4994,44.6397,CYAW 241200Z 01010KT 15SM OVC030 M04/M05 A2979 RMK SC8 DA-1951FT SLP089
CYAW,2022-01-24 13:00,-63.4994,44.6397,CYAW 241300Z 01010KT 15SM OVC030 M04/M06 A2979 RMK SC8 DA-1940FT SLP091
CYAW,2022-01-24 13:21,-63.4994,44.6397,CYAW 241321Z 01011KT 10SM -SHSN OVC030 M04/M06 A2979 RMK SC8 DA-1953FT SLP090
CYAW,2022-01-24 14:00,-63.4994,44.6397,CYAW 241400Z 01007KT 4SM -SHSN OVC030 M04/M06 A2980 RMK SC8 DA-1964FT SLP093
CYAW,2022-01-24 15:00,-63.4994,44.6397,CYAW 241500Z 36011KT 4SM -SHSN OVC028 M04/M05 A2979 RMK SC8 DA-1926FT SLP092
CYAW,2022-01-24 16:00,-63.4994,44.6397,CYAW 241600Z 35012KT 6SM -SHSN OVC028 M04/M06 A2979 RMK SC8 DA-1966FT SLP092
CYAW,2022-01-24 17:00,-63.4994,44.6397,CYAW 241700Z 36011KT 6SM -SHSN OVC040 M03/M06 A2978 RMK SC8 DA-1889FT SLP088
CYAW,2022-01-24 18:00,-63.4994,44.6397,CYAW 241800Z 36012KT 15SM FEW040 BKN055 BKN130 M03/M06 A2979 RMK SC1SC5AC1 DA-1824FT SLP089
CYAW,2022-01-24 19:00,-63.4994,44.6397,CYAW 241900Z 34012KT 15SM SCT017 BKN060 BKN230 M02/M06 A2980 RMK SC4SC2CI1 DA-1786FT SLP094
CYAW,2022-01-24 20:00,-63.4994,44.6397,CYAW 242000Z 33008KT 15SM BKN019 BKN060 M03/M06 A2983 RMK SC6SC1 DA-1884FT SLP105
CYAW,2022-01-24 20:13,-63.4994,44.6397,CYAW 242013Z 32011KT 15SM BKN019 OVC060 M03/M06 A2984 RMK SC7SC1 DA-1923FT LAST OBS/NEXT 251100 UTC SLP108
CYAW,2022-01-25 11:00,-63.4994,44.6397,CYAW 251100Z 06004KT 15SM FEW017 OVC047 M05/M06 A3006 RMK SC1SC7 DA-2449FT FST OBS SLP181
CYAW,2022-01-25 11:30,-63.4994,44.6397,CYAW 251130Z 06003KT 6SM -SN SCT017 OVC047 M05/M05 A3006 RMK SC3SC5 DA-2409FT SLP181
CYAW,2022-01-25 12:00,-63.4994,44.6397,CYAW 251200Z 11006KT 3SM -SN SCT017 OVC050 M02/M03 A3005 RMK SC3SC5 DA-2025FT SLP179
CYAW,2022-01-25 13:00,-63.4994,44.6397,CYAW 251300Z 15011G17KT 15SM -SN BKN025 OVC080 M01/M03 A3005 RMK SC6AC2 DA-1833FT PCPN VRY LGT SLP179
CYAW,2022-01-25 14:00,-63.4994,44.6397,CYAW 251400Z 14010KT 15SM -SN BKN021 OVC050 00/M02 A3003 RMK SC5SC3 DA-1688FT PCPN VRY LGT SLP173
CYAW,2022-01-25 15:00,-63.4994,44.6397,CYAW 251500Z 16013KT 6SM -SN OVC022 01/M01 A3003 RMK SC8 DA-1604FT SLP171
CYAW,2022-01-25 16:00,-63.4994,44.6397,CYAW 251600Z 15016KT 4SM -SN OVC015 01/01 A3000 RMK ST8 DA-1562FT SLP161
CYAW,2022-01-25 16:35,-63.4994,44.6397,CYAW 251635Z 15016G22KT 4SM -SN OVC007 01/01 A2998 RMK ST8 DA-1499FT SLP155
CYAW,2022-01-25 17:00,-63.4994,44.6397,CYAW 251700Z 15016G22KT 4SM -RASN OVC008 02/01 A2997 RMK ST8 DA-1435FT SLP151
CYAW,2022-01-25 18:00,-63.4994,44.6397,CYAW 251800Z 15011G16KT 4SM -RA OVC007 01/01 A2995 RMK ST8 DA-1437FT -SN END 1757UTC SLP143
CYAW,2022-01-25 18:16,-63.4994,44.6397,CYAW 251816Z 15014KT 3SM -RASN OVC007 01/01 A2994 RMK ST8 DA-1425FT SLP142
CYAW,2022-01-25 19:00,-63.4994,44.6397,CYAW 251900Z 14010G15KT 4SM -RA OVC010 02/02 A2992 RMK ST8 DA-1283FT SLP135
CYAW,2022-01-25 20:00,-63.4994,44.6397,CYAW 252000Z 18010G16KT 5SM -RA BR OVC012 03/03 A2990 RMK SC8 DA-1141FT SF ASOCTD SLP127
CYAW,2022-01-25 20:47,-63.4994,44.6397,CYAW 252047Z 18009KT 5SM BR BKN012 OVC080 03/03 A2990 RMK ST6AS2 DA-1156FT SLP127
CYAW,2022-01-25 21:00,-63.4994,44.6397,CYAW 252100Z 18011KT 8SM BKN014 OVC080 03/03 A2990 RMK SC6AS2 DA-1143FT SF ASOCTD SLP126
CYAW,2022-01-25 22:00,-63.4994,44.6397,CYAW 252200Z 20006KT 8SM BKN040 BKN080 03/03 A2990 RMK SC5AS2 DA-1169FT SF ASOCTD SLP127
CYAW,2022-01-25 22:28,-63.4994,44.6397,CYAW 252228Z 19005KT 8SM BKN040 BKN080 03/03 A2990 RMK SC5AS2 DA-1194FT LAST OBS/NEXT 261100 UTC SF ASOCTD SLP129
CYAW,2022-01-26 11:00,-63.4994,44.6397,CYAW 261100Z 34006KT 10SM SCT180 BKN220 M06/M10 A3005 RMK AS4CI1 DA-2557FT FST OBS SLP178
CYAW,2022-01-26 12:00,-63.4994,44.6397,CYAW 261200Z 34007KT 15SM SCT180 SCT220 M07/M10 A3008 RMK AC3CI1 DA-2685FT SLP187
CYAW,2022-01-26 13:00,-63.4994,44.6397,CYAW 261300Z 35008KT 15SM FEW180 BKN220 M06/M11 A3009 RMK AC2CI3 DA-2579FT SLP191
CYAW,2022-01-26 14:00,-63.4994,44.6397,CYAW 261400Z 01011KT 15SM FEW040 SCT180 BKN220 M04/M11 A3008 RMK SC1AC2CI3 DA-2283FT SLP189
CYAW,2022-01-26 15:00,-63.4994,44.6397,CYAW 261500Z 01007KT 15SM FEW040 BKN180 BKN220 M03/M11 A3008 RMK SC1AC4CI1 DA-2205FT SLP189
CYAW,2022-01-26 16:00,-63.4994,44.6397,CYAW 261600Z 32004KT 15SM SCT040 BKN180 BKN220 M02/M09 A3006 RMK SC3AC2CI1 DA-2009FT SLP183
CYAW,2022-01-26 17:00,-63.4994,44.6397,CYAW 261700Z 30007KT 15SM SCT040 BKN180 BKN220 M02/M09 A3006 RMK SC4AC2CI1 DA-2034FT SLP181
CYAW,2022-01-26 18:00,-63.4994,44.6397,CYAW 261800Z 31008KT 15SM SCT050 BKN180 M03/M10 A3006 RMK SC4AC3 DA-2128FT SLP183
CYAW,2022-01-26 19:00,-63.4994,44.6397,CYAW 261900Z 34008KT 15SM BKN050 BKN180 M03/M09 A3006 RMK SC5AC2 DA-2151FT SLP183
CYAW,2022-01-26 20:00,-63.4994,44.6397,CYAW 262000Z 33009KT 15SM -SHSN SCT037 BKN046 BKN220 M03/M09 A3008 RMK SC3SC3CI1 DA-2225FT SLP188
CYAW,2022-01-26 21:00,-63.4994,44.6397,CYAW 262100Z 36010KT 15SM -SHSN BKN034 BKN060 BKN220 M04/M09 A3009 RMK SC5SC1CI1 DA-2315FT PCPN VRY LGT SLP193
CYAW,2022-01-26 21:14,-63.4994,44.6397,CYAW 262114Z 36008KT 15SM -SHSN SCT032 BKN060 M04/M09 A3009 RMK SC4SC2 DA-2367FT PCPN VRY LGT LAST OBS/NEXT 271100 UTC SLP193
CYAW,2022-01-27 11:00,-63.4994,44.6397,CYAW 271100Z 34006KT 15SM FEW010 M18/M19 A3038 RMK CU1 DA-4523FT FST OBS SLP292
CYAW,2022-01-27 12:00,-63.4994,44.6397,CYAW 271200Z 32009KT 15SM FEW008 FEW040 M17/M19 A3041 RMK CU1SC1 DA-4530FT SC TR SLP303
CYAW,2022-01-27 13:00,-63.4994,44.6397,CYAW 271300Z 34006KT 15SM FEW008 M16/M18 A3042 RMK CU1 DA-4360FT SLP306
CYAW,2022-01-27 14:00,-63.4994,44.6397,CYAW 271400Z 34006KT 15SM FEW012 M14/M17 A3043 RMK CU1 DA-4041FT SLP308
CYAW,2022-01-27 15:00,-63.4994,44.6397,CYAW 271500Z 33008KT 15SM FEW018 M12/M17 A3043 RMK CU1 DA-3824FT SLP307
CYAW,2022-01-27 16:00,-63.4994,44.6397,CYAW 271600Z 34009KT 15SM FEW028 M10/M17 A3040 RMK CU1 DA-3547FT SLP299
CYAW,2022-01-27 17:00,-63.4994,44.6397,CYAW 271700Z 28005KT 15SM FEW030 M09/M17 A3039 RMK CU1 DA-3362FT SLP294
CYAW,2022-01-27 18:00,-63.4994,44.6397,CYAW 271800Z 32004KT 15SM FEW037 FEW230 M08/M18 A3037 RMK SC1CI1 DA-3260FT SLP287
CYAW,2022-01-27 19:00,-63.4994,44.6397,CYAW 271900Z 25002KT 15SM FEW040 FEW230 M08/M19 A3036 RMK CU1CI1 DA-3211FT SLP284
CYAW,2022-01-27 20:00,-63.4994,44.6397,CYAW 272000Z 00000KT 15SM FEW040 FEW230 M08/M18 A3036 RMK CU1CI1 DA-3170FT SLP286
CYAW,2022-01-27 21:00,-63.4994,44.6397,CYAW 272100Z 18005KT 15SM FEW040 SCT230 M08/M15 A3037 RMK CU1CI4 DA-3243FT CU TR SLP287
CYAW,2022-01-27 22:00,-63.4994,44.6397,CYAW 272200Z 21007KT 15SM FEW030 SCT230 M09/M14 A3038 RMK CU1CI3 DA-3358FT SLP290
CYAW,2022-01-27 23:00,-63.4994,44.6397,CYAW 272300Z 22006KT 10SM FEW030 FEW230 M09/M13 A3038 RMK CU1CI2 DA-3396FT SLP290
CYAW,2022-01-28 00:00,-63.4994,44.6397,CYAW 280000Z 20005KT 10SM FEW230 M10/M14 A3036 RMK CI1 DA-3443FT SLP286
CYAW,2022-01-28 00:27,-63.4994,44.6397,CYAW 280027Z 21005KT 10SM FEW230 M10/M14 A3036 RMK CI1 DA-3402FT LAST OBS/NEXT 281100 UTC SLP284
CYAW,2022-01-28 11:00,-63.4994,44.6397,CYAW 281100Z 11005KT 15SM SCT029 BKN043 M08/M09 A3022 RMK SC3SC4 DA-3014FT FST OBS SLP237
CYAW,2022-01-28 12:00,-63.4994,44.6397,CYAW 281200Z 16017KT 15SM BKN043 BKN120 M03/M08 A3020 RMK SC7AC1 DA-2334FT SLP229
CYAW,2022-01-28 13:00,-63.4994,44.6397,CYAW 281300Z 17012G20KT 15SM FEW020 OVC045 M02/M06 A3020 RMK SC1SC8 DA-2224FT SLP231
CYAW,2022-01-28 14:00,-63.4994,44.6397,CYAW 281400Z 17018KT 15SM FEW020 OVC045 M01/M05 A3019 RMK SC1SC7 DA-2091FT SLP228
CYAW,2022-01-28 15:00,-63.4994,44.6397,CYAW 281500Z 18016KT 15SM FEW018 BKN034 OVC045 M01/M05 A3019 RMK SC1SC4SC3 DA-2013FT SLP227
CYAW,2022-01-28 16:00,-63.4994,44.6397,CYAW 281600Z 19015KT 15SM OVC034 M00/M05 A3017 RMK SC8 DA-1941FT SLP220
CYAW,2022-01-28 17:00,-63.4994,44.6397,CYAW 281700Z 19013KT 15SM SCT033 OVC044 00/M04 A3015 RMK SC3SC5 DA-1823FT SLP213
CYAW,2022-01-28 17:35,-63.4994,44.6397,CYAW 281735Z 18010G18KT 15SM BKN031 OVC045 01/M03 A3014 RMK SC6SC2 DA-1732FT SLP210
CYAW,2022-01-28 18:00,-63.4994,44.6397,CYAW 281800Z 18011G17KT 15SM -SN FEW024 BKN031 OVC044 01/M03 A3013 RMK CF1SC5SC2 DA-1718FT SLP207
CYAW,2022-01-28 19:00,-63.4994,44.6397,CYAW 281900Z 17010KT 10SM -SHSN FEW020 BKN030 OVC040 01/M02 A3012 RMK CF1SC7SC1 DA-1706FT SLP203
CYAW,2022-01-28 19:13,-63.4994,44.6397,CYAW 281913Z 17010KT 2 1/2SM -SHSN OVC020 01/M02 A3012 RMK SC8 DA-1690FT SLP204
CYAW,2022-01-28 19:20,-63.4994,44.6397,CYAW 281920Z 18010KT 1 1/2SM -SHSN FEW004 BKN020 OVC030 01/M01 A3013 RMK CF1SC7SC1 DA-1749FT VIS VRB 1-2 SLP205
CYAW,2022-01-28 20:00,-63.4994,44.6397,CYAW 282000Z 18009KT 1 1/2SM -SHSN FEW004 BKN010 OVC030 00/M01 A3013 RMK CF1SC7SC1 DA-1782FT VIS VRB 1-2 SLP206
CYAW,2022-01-28 20:20,-63.4994,44.6397,CYAW 282020Z 17010G16KT 15SM BKN020 OVC030 01/M01 A3012 RMK SC7SC1 DA-1697FT SLP204
CYAW,2022-01-28 20:38,-63.4994,44.6397,CYAW 282038Z 17010KT 6SM -SHSN BKN020 OVC030 01/M01 A3012 RMK SC7SC1 DA-1669FT SLP204
CYAW,2022-01-28 21:00,-63.4994,44.6397,CYAW 282100Z 16009KT 10SM BKN025 OVC035 01/M00 A3011 RMK SC7SC1 DA-1670FT SLP200
CYAW,2022-01-28 21:15,-63.4994,44.6397,CYAW 282115Z 16009G15KT 4SM -SHRASN BR BKN015 OVC030 01/00 A3011 RMK SC7SC1 DA-1654FT VIS VRB 3-6 SLP201
CYAW,2022-01-28 21:26,-63.4994,44.6397,CYAW 282126Z 17010G16KT 6SM -SHRASN BKN015 OVC030 01/00 A3012 RMK SC7SC1 DA-1664FT PCPN VRY LGT LAST OBS/NEXT 311100 UTC SLP202
CYAW,2022-01-31 11:00,-63.4994,44.6397,CYAW 311100Z 29007KT 15SM FEW190 M10/M14 A3016 RMK AC1 DA-3237FT FST OBS SLP216
CYAW,2022-01-31 12:00,-63.4994,44.6397,CYAW 311200Z 29004KT 15SM FEW016 FEW190 M10/M14 A3019 RMK CU1AC1 DA-3326FT SLP226
CYAW,2022-01-31 13:00,-63.4994,44.6397,CYAW 311300Z 26007KT 15SM FEW020 FEW200 M09/M14 A3023 RMK CU1CC2 DA-3212FT SLP239
CYAW,2022-01-31 14:00,-63.4994,44.6397,CYAW 311400Z 27009KT 15SM FEW030 FEW130 M08/M14 A3025 RMK CU1AC1 DA-3089FT SLP247
CYAW,2022-01-31 15:00,-63.4994,44.6397,CYAW 311500Z 28012KT 15SM SCT023 M07/M13 A3027 RMK CU3 DA-3017FT SLP253
CYAW,2022-01-31 16:00,-63.4994,44.6397,CYAW 311600Z 27010G15KT 15SM FEW025 M06/M12 A3026 RMK CU2 DA-2805FT SLP249
CYAW,2022-01-31 17:00,-63.4994,44.6397,CYAW 311700Z 26011G17KT 15SM SCT036 M06/M13 A3026 RMK CU3 DA-2755FT SLP249
CYAW,2022-01-31 18:00,-63.4994,44.6397,CYAW 311800Z 27012G17KT 15SM SCT029 M05/M13 A3026 RMK CU3 DA-2663FT SLP250
CYAW,2022-01-31 19:00,-63.4994,44.6397,CYAW 311900Z 25013KT 15SM FEW033 M05/M13 A3028 RMK CU2 DA-2648FT SLP257
CYAW,2022-01-31 20:00,-63.4994,44.6397,CYAW 312000Z 27012KT 15SM FEW030 M05/M13 A3030 RMK SC1 DA-2671FT SLP263
CYAW,2022-01-31 21:00,-63.4994,44.6397,CYAW 312100Z 27008KT 15SM FEW030 M05/M13 A3033 RMK SC1 DA-2758FT SLP274
CYAW,2022-01-31 21:37,-63.4994,44.6397,CYAW 312137Z 27011KT 15SM FEW030 M05/M13 A3035 RMK SC1 DA-2833FT LAST OBS/NXT 011100 UTC SLP280
CYAW,2022-02-01 11:00,-63.4994,44.6397,CYAW 011100Z 35005KT 15SM FEW012 FEW230 M13/M16 A3061 RMK CU1CI1 DA-4124FT FST OBS SLP368
CYAW,2022-02-01 12:00,-63.4994,44.6397,CYAW 011200Z 01004KT 15SM FEW012 FEW130 M14/M16 A3063 RMK CU1AC1 DA-4257FT SLP376
CYAW,2022-02-01 13:00,-63.4994,44.6397,CYAW 011300Z 00000KT 15SM FEW012 M12/M15 A3065 RMK CU1 DA-4048FT SLP381
CYAW,2022-02-01 14:00,-63.4994,44.6397,CYAW 011400Z 36007KT 15SM FEW030 M10/M17 A3065 RMK CU1 DA-3821FT SLP383
CYAW,2022-02-01 15:00,-63.4994,44.6397,CYAW 011500Z 35008KT 15SM FEW030 M09/M16 A3066 RMK CU1 DA-3645FT SLP387
CYAW,2022-02-01 16:00,-63.4994,44.6397,CYAW 011600Z 33008KT 15SM FEW036 M08/M17 A3066 RMK CU1 DA-3593FT SLP387
CYAW,2022-02-01 17:00,-63.4994,44.6397,CYAW 011700Z 36011KT 15SM FEW036 M07/M18 A3065 RMK CU1 DA-3437FT SLP383
CYAW,2022-02-01 18:00,-63.4994,44.6397,CYAW 011800Z 34005KT 15SM SKC M07/M17 A3064 RMK DA-3358FT SLP378
CYAW,2022-02-01 19:00,-63.4994,44.6397,CYAW 011900Z 34005KT 15SM SKC M06/M16 A3064 RMK DA-3291FT SLP378
CYAW,2022-02-01 20:00,-63.4994,44.6397,CYAW 012000Z 36007KT 15SM SKC M06/M17 A3064 RMK DA-3278FT SLP378
CYAW,2022-02-01 21:00,-63.4994,44.6397,CYAW 012100Z 36006KT 15SM SKC M07/M16 A3064 RMK DA-3436FT SLP378
CYAW,2022-02-01 22:00,-63.4994,44.6397,CYAW 012200Z 36006KT 15SM SKC M10/M16 A3065 RMK DA-3740FT SLP381
CYAW,2022-02-01 23:00,-63.4994,44.6397,CYAW 012300Z 36005KT 15SM SKC M10/M17 A3067 RMK DA-3818FT SLP390
CYAW,2022-02-01 23:49,-63.4994,44.6397,CYAW 012349Z 01006KT 15SM SKC M10/M18 A3069 RMK DA-3882FT LAST OBS/NXT 021100 UTC SLP397
CYAW,2022-02-02 11:00,-63.4994,44.6397,CYAW 021100Z 01004KT 15SM BKN021 M14/M16 A3063 RMK SC6 DA-4379FT VIS LWR SW FST OBS SLP378
CYAW,2022-02-02 12:00,-63.4994,44.6397,CYAW 021200Z 02002KT 15SM BKN023 M13/M14 A3066 RMK SC7 DA-4165FT VIS LWR W SLP387
CYAW,2022-02-02 13:00,-63.4994,44.6397,CYAW 021300Z 00000KT 15SM BKN024 M09/M10 A3066 RMK SC7 DA-3684FT SLP388
CYAW,2022-02-02 14:00,-63.4994,44.6397,CYAW 021400Z 00000KT 15SM BKN023 M06/M08 A3066 RMK SC7 DA-3213FT SLP386
CYAW,2022-02-02 15:00,-63.4994,44.6397,CYAW 021500Z 17004KT 15SM BKN023 M03/M06 A3064 RMK SC7 DA-2871FT SLP380
CYAW,2022-02-02 16:00,-63.4994,44.6397,CYAW 021600Z 18011KT 15SM BKN021 M00/M05 A3062 RMK SC7 DA-2481FT SLP372
CYAW,2022-02-02 17:00,-63.4994,44.6397,CYAW 021700Z 18012G17KT 15SM OVC020 00/M04 A3060 RMK SC8 DA-2391FT SLP367
CYAW,2022-02-02 18:00,-63.4994,44.6397,CYAW 021800Z 18011G16KT 15SM OVC021 00/M04 A3058 RMK SC8 DA-2315FT SLP360
CYAW,2022-02-02 19:00,-63.4994,44.6397,CYAW 021900Z 18011G18KT 15SM BKN020 BKN230 01/M03 A3056 RMK SC7CI1 DA-2212FT SLP353
CYAW,2022-02-02 20:00,-63.4994,44.6397,CYAW 022000Z 17011KT 15SM OVC024 01/M02 A3056 RMK SC8 DA-2235FT SLP352
CYAW,2022-02-02 20:38,-63.4994,44.6397,CYAW 022038Z 17009KT 15SM BKN026 01/M02 A3056 RMK SC7 DA-2231FT SLP351
CYAW,2022-02-02 21:00,-63.4994,44.6397,CYAW 022100Z 18010KT 15SM BKN028 01/M02 A3056 RMK SC7 DA-2230FT SLP351
CYAW,2022-02-02 21:45,-63.4994,44.6397,CYAW 022145Z 18009KT 15SM OVC022 01/M01 A3056 RMK SC8 DA-2215FT SLP351
CYAW,2022-02-03 11:00,-63.4994,44.6397,CYAW 031100Z 17010G15KT 8SM BKN024 03/03 A3038 RMK SC7 DA-1693FT FST OBS SLP289
CYAW,2022-02-03 11:21,-63.4994,44.6397,CYAW 031121Z 18011KT 1 1/4SM -SHRA BR OVC013 03/03 A3037 RMK SC8 DA-1682FT SLP287
CYAW,2022-02-03 12:00,-63.4994,44.6397,CYAW 031200Z 17012KT 1 1/2SM -RA BR BKN003 OVC015 03/03 A3035 RMK SF5SC3 DA-1631FT SLP280
CYAW,2022-02-03 13:00,-63.4994,44.6397,CYAW 031300Z 18011G16KT 1 1/2SM -RA BR OVC003 04/04 A3033 RMK SF8 DA-1568FT SLP274
CYAW,2022-02-03 13:29,-63.4994,44.6397,CYAW 031329Z 18013G22KT 1SM -RA BR OVC002 04/04 A3033 RMK SF8 DA-1528FT VIS VRB 3/4-1 1/2 SLP272
CYAW,2022-02-03 14:00,-63.4994,44.6397,CYAW 031400Z 18014G20KT 1/2SM -RA FG OVC002 04/04 A3032 RMK SF8 DA-1530FT VIS VRB 3/8-5/8 SLP268
CYAW,2022-02-03 14:34,-63.4994,44.6397,CYAW 031434Z 18016G22KT 1/4SM -RA FG OVC001 04/04 A3030 RMK SF8 DA-1441FT VIS VRB 1/8-3/8 SLP264
CYAW,2022-02-03 15:00,-63.4994,44.6397,CYAW 031500Z 18015G21KT 3/8SM -RA FG OVC001 05/05 A3030 RMK SF8 DA-1414FT VIS VRB 1/4-1/2 SLP263
CYAW,2022-02-03 15:24,-63.4994,44.6397,CYAW 031524Z 18016G27KT 3SM -DZ BR OVC003 05/05 A3029 RMK SF8 DA-1323FT SLP259
CYAW,2022-02-03 16:00,-63.4994,44.6397,CYAW 031600Z 19017G25KT 1 1/2SM -DZ BR OVC002 06/06 A3028 RMK SF8 DA-1193FT VIS VRB 1-2 SLP256
CYAW,2022-02-03 16:28,-63.4994,44.6397,CYAW 031628Z 20012G19KT 1/2SM -DZ FG OVC002 06/06 A3027 RMK SF8 DA-1181FT VIS VRB 3/8-5/8 SLP253
CYAW,2022-02-03 16:46,-63.4994,44.6397,CYAW 031646Z 21012G19KT 1/4SM -DZ FG VV001 06/06 A3027 RMK FG8 DA-1142FT VIS VRB 1/8-3/8 SLP252
CYAW,2022-02-03 17:00,-63.4994,44.6397,CYAW 031700Z CCA 21015KT 1/8SM -DZ FG VV001 07/07 A3026 RMK FG8 DA-1117FT SLP250
CYAW,2022-02-03 17:37,-63.4994,44.6397,CYAW 031737Z 21011G24KT 3/8SM -DZ FG VV001 06/06 A3025 RMK FG8 DA-1158FT VIS VRB 1/4-1/2 SLP247
CYAW,2022-02-03 17:49,-63.4994,44.6397,CYAW 031749Z 22009G16KT 3/4SM -DZ BR OVC002 06/06 A3025 RMK ST8 DA-1172FT VIS VRB 5/8-1 1/4 SLP244
CYAW,2022-02-03 18:00,-63.4994,44.6397,CYAW 031800Z 23011KT 3/4SM BR OVC002 06/06 A3025 RMK ST8 DA-1158FT VIS VRB 5/8-1 1/4 SLP244
CYAW,2022-02-03 18:25,-63.4994,44.6397,CYAW 031825Z 21010KT 1/4SM FG OVC001 06/06 A3024 RMK ST8 DA-1200FT VIS VRB 1/8-3/8 SLP241
CYAW,2022-02-03 19:00,-63.4994,44.6397,CYAW 031900Z 22002KT 1/4SM FG OVC001 05/05 A3023 RMK ST8 DA-1228FT VIS VRB 1/8-3/8 SLP240
CYAW,2022-02-03 19:24,-63.4994,44.6397,CYAW 031924Z 20006KT 1SM BR OVC003 06/06 A3025 RMK ST8 DA-1225FT VIS VRB 3/4-1 1/2 SLP244
CYAW,2022-02-03 19:42,-63.4994,44.6397,CYAW 031942Z 20003KT 3SM BR BKN003 BKN010 06/06 A3025 RMK SF7SC1 DA-1225FT VIS VRB 1 1/2-5 SLP244
CYAW,2022-02-03 20:00,-63.4994,44.6397,CYAW 032000Z 18003KT 5SM BR BKN003 BKN010 OVC230 05/05 A3025 RMK SF7SC1CI1 DA-1278FT SC TR SLP247
CYAW,2022-02-03 20:10,-63.4994,44.6397,CYAW 032010Z 18004KT 6SM BR SCT004 BKN070 OVC220 05/05 A3025 RMK SF3AC4CS1 DA-1251FT SLP247
CYAW,2022-02-03 21:00,-63.4994,44.6397,CYAW 032100Z 21005KT 8SM FEW019 SCT075 OVC120 06/06 A3026 RMK SC1AC3AC4 DA-1249FT SLP248
CYAW,2022-02-03 22:00,-63.4994,44.6397,CYAW 032200Z 18004KT 15SM FEW010 BKN100 OVC200 05/05 A3027 RMK CF1AC6CS2 DA-1327FT SLP252
CYAW,2022-02-03 23:00,-63.4994,44.6397,CYAW 032300Z 17006KT 15SM FEW041 BKN050 OVC070 04/04 A3027 RMK CF1SC7AC1 DA-1486FT VIS LWR S SLP254
CYAW,2022-02-03 23:13,-63.4994,44.6397,CYAW 032313Z 18004KT 1 3/4SM -DZ BR BKN008 OVC040 03/03 A3028 RMK ST5SC3 DA-1550FT VIS VRB 5/8-3 SLP256
CYAW,2022-02-03 23:26,-63.4994,44.6397,CYAW 032326Z 17007KT 1/4SM -RA FG BKN007 OVC038 03/03 A3028 RMK ST6SC2 DA-1577FT SLP257
CYAW,2022-02-03 23:40,-63.4994,44.6397,CYAW 032340Z 17006KT 6SM -RA BR FEW001 FEW007 OVC035 03/03 A3029 RMK ST1SF2SC6 DA-1575FT SLP258
CYAW,2022-02-04 00:00,-63.4994,44.6397,CYAW 040000Z 19003KT 6SM -RA BR SCT005 BKN032 OVC070 03/03 A3030 RMK SF4SC3AC1 DA-1573FT SLP261
CYAW,2022-02-04 00:20,-63.4994,44.6397,CYAW 040020Z 19002KT 15SM -RA FEW005 OVC024 04/04 A3030 RMK SF2SC6 DA-1520FT LAST OBS/NEXT 041100 UTC SLP261
CYAW,2022-02-07 11:00,-63.4994,44.6397,CYAW 071100Z 00000KT 15SM SCT032 BKN140 M08/M09 A3062 RMK SC4AC3 DA-3461FT FST OBS SLP372
CYAW,2022-02-07 12:00,-63.4994,44.6397,CYAW 071200Z 00000KT 15SM BKN030 OVC250 M08/M08 A3062 RMK SC7CI1 DA-3420FT SLP371
CYAW,2022-02-07 13:00,-63.4994,44.6397,CYAW 071300Z 00000KT 15SM BKN033 OVC130 M06/M07 A3060 RMK SC7AC1 DA-3168FT SLP366
CYAW,2022-02-07 14:00,-63.4994,44.6397,CYAW 071400Z 00000KT 15SM OVC028 M04/M06 A3059 RMK SC8 DA-2955FT SLP361
CYAW,2022-02-07 15:00,-63.4994,44.6397,CYAW 071500Z 00000KT 15SM BKN035 M03/M05 A3058 RMK SC7 DA-2720FT SLP359
CYAW,2022-02-07 16:00,-63.4994,44.6397,CYAW 071600Z 00000KT 15SM BKN026 OVC140 M01/M05 A3054 RMK SC7AC1 DA-2519FT SLP346
CYAW,2022-02-07 17:00,-63.4994,44.6397,CYAW 071700Z 17007KT 15SM SCT029 BKN120 BKN250 M00/M04 A3052 RMK SC4AC2CI1 DA-2325FT SLP337
CYAW,2022-02-07 18:00,-63.4994,44.6397,CYAW 071800Z 17005KT 15SM SCT030 BKN110 OVC250 00/M04 A3049 RMK SC3AC4CI1 DA-2241FT SLP328
CYAW,2022-02-07 19:00,-63.4994,44.6397,CYAW 071900Z 17007KT 15SM FEW020 BKN036 00/M03 A3047 RMK SC1SC6 DA-2187FT SLP322
CYAW,2022-02-07 20:00,-63.4994,44.6397,CYAW 072000Z 15006KT 15SM FEW020 BKN040 OVC230 00/M02 A3047 RMK SC1SC6CI1 DA-2182FT SLP320
CYAW,2022-02-07 21:00,-63.4994,44.6397,CYAW 072100Z 16003KT 15SM FEW020 BKN040 OVC230 00/M02 A3046 RMK SC1SC6CI1 DA-2181FT SLP317
CYAW,2022-02-07 22:00,-63.4994,44.6397,CYAW 072200Z 00000KT 15SM BKN040 OVC230 M00/M01 A3046 RMK SC7CI1 DA-2243FT SLP316
CYAW,2022-02-07 23:00,-63.4994,44.6397,CYAW 072300Z 07002KT 10SM FEW020 BKN040 OVC230 M01/M01 A3044 RMK SC2SC5CI1 DA-2269FT SLP311
CYAW,2022-02-07 23:52,-63.4994,44.6397,CYAW 072352Z 00000KT 5SM -SHRASN OVC010 M00/M01 A3044 RMK SC8 DA-2203FT SLP309
CYAW,2022-02-08 00:00,-63.4994,44.6397,CYAW 080000Z 00000KT 5SM -SHRASN OVC010 M00/M01 A3043 RMK SC8 DA-2191FT LAST OBS/NEXT 081100 UTC SLP308
CYAW,2022-02-08 11:00,-63.4994,44.6397,CYAW 081100Z 06006KT 3SM -RA BR OVC002 03/03 A3011 RMK SF8 DA-1435FT FST OBS SLP200
CYAW,2022-02-08 11:51,-63.4994,44.6397,CYAW 081151Z 09011G16KT 3/4SM -RA BR OVC002 03/03 A3009 RMK SF8 DA-1332FT SLP191
CYAW,2022-02-08 12:00,-63.4994,44.6397,CYAW 081200Z 07011G16KT 3/4SM -RA BR OVC002 04/04 A3008 RMK SF8 DA-1307FT SLP188
CYAW,2022-02-08 13:00,-63.4994,44.6397,CYAW 081300Z 09011KT 1/2SM -RA FG OVC001 04/04 A3006 RMK SF8 DA-1218FT VIS VRB 3/8-5/8 SLP180
CYAW,2022-02-08 14:00,-63.4994,44.6397,CYAW 081400Z 09014G22KT 3/4SM RA BR OVC002 05/05 A2997 RMK SF8 DA-1035FT VIS VRB 1/2-1 PRESFR SLP152
CYAW,2022-02-08 14:46,-63.4994,44.6397,CYAW 081446Z 08015G25KT 1SM RA BR OVC002 04/04 A2993 RMK SF8 DA-1015FT VIS VRB 3/4-1 1/2 SLP138
CYAW,2022-02-08 15:00,-63.4994,44.6397,CYAW 081500Z 09014G25KT 1SM RA BR OVC002 04/04 A2991 RMK SF8 DA-992FT VIS VRB 3/4-1 1/2 PRESFR SLP132
CYAW,2022-02-08 16:00,-63.4994,44.6397,CYAW 081600Z 09017G25KT 1SM RA BR OVC002 05/05 A2982 RMK SF8 DA-862FT VIS VRB 3/4-1 1/2 PRESFR SLP099
CYAW,2022-02-08 17:00,-63.4994,44.6397,CYAW 081700Z 08016G26KT 2SM RA BR OVC003 05/05 A2968 RMK SF8 DA-673FT VIS VRB 1 1/2-2 1/2 PRESFR SLP054
CYAW,2022-02-08 17:54,-63.4994,44.6397,CYAW 081754Z 08022G36KT 1 1/2SM RA BR OVC003 05/05 A2960 RMK SF8 DA-514FT VIS VRB 1-2 PRESFR SLP026
CYAW,2022-02-08 18:00,-63.4994,44.6397,CYAW 081800Z 08025G36KT 1 1/2SM RA BR OVC003 05/05 A2958 RMK SF8 DA-490FT VIS VRB 1-2 PRESFR /R23/ SLP017
CYAW,2022-02-08 18:19,-63.4994,44.6397,CYAW 081819Z 07024G38KT 1SM RA BR OVC003 05/05 A2950 RMK SF8 DA-384FT VIS VRB 3/4-1 1/4 PRESFR SLP991
CYAW,2022-02-08 19:00,-63.4994,44.6397,CYAW 081900Z 08024G38KT 1SM RA BR OVC003 05/05 A2939 RMK SF8 DA-334FT VIS VRB 3/4-1 1/4 PRESFR SLP956
CYAW,2022-02-08 20:00,-63.4994,44.6397,CYAW 082000Z 09018G35KT 1SM RA BR OVC004 05/05 A2936 RMK SF8 DA-312FT VIS VRB 3/4-1 1/2 /R10/ SLP944
CYAW,2022-02-08 20:31,-63.4994,44.6397,CYAW 082031Z 08014G31KT 1SM RA BR OVC004 05/05 A2933 RMK SF8 DA-251FT VIS VRB 3/4-1 1/2 LAST OBS/NEXT 091100 UTC SLP935
CYAW,2022-02-09 11:00,-63.4994,44.6397,CYAW 091100Z 25016G21KT 15SM FEW008 BKN013 BKN020 02/01 A2959 RMK SF1SC5SC2 DA-996FT FST OBS SLP021
CYAW,2022-02-09 12:00,-63.4994,44.6397,CYAW 091200Z 27017KT 15SM -SHSN BKN012 BKN018 02/00 A2963 RMK SC5SC2 DA-1045FT PCPN VRY LGT SLP037
CYAW,2022-02-09 13:00,-63.4994,44.6397,CYAW 091300Z 28015G20KT 15SM -SHSN BKN014 BKN030 02/00 A2969 RMK SC5SC2 DA-1089FT PCPN VRY LGT SLP055
CYAW,2022-02-09 13:33,-63.4994,44.6397,CYAW 091333Z 27017KT 15SM BKN017 02/00 A2971 RMK SC6 DA-1090FT SLP062
CYAW,2022-02-09 14:00,-63.4994,44.6397,CYAW 091400Z 28010G24KT 15SM BKN019 02/M00 A2974 RMK SC7 DA-1138FT SLP071
CYAW,2022-02-09 15:00,-63.4994,44.6397,CYAW 091500Z 29017KT 15SM BKN022 03/00 A2978 RMK SC7 DA-1095FT SLP087
CYAW,2022-02-09 16:00,-63.4994,44.6397,CYAW 091600Z 29015KT 15SM BKN025 04/M00 A2981 RMK SC7 DA-1020FT SLP096
CYAW,2022-02-09 17:00,-63.4994,44.6397,CYAW 091700Z 28015KT 15SM BKN025 04/M00 A2982 RMK SC7 DA-983FT SLP099
CYAW,2022-02-09 18:00,-63.4994,44.6397,CYAW 091800Z 28013G19KT 15SM BKN025 04/M00 A2984 RMK SC7 DA-1018FT SLP108
CYAW,2022-02-09 19:00,-63.4994,44.6397,CYAW 091900Z 28013KT 15SM SCT025 04/00 A2987 RMK SC4 DA-987FT SLP116
CYAW,2022-02-09 20:00,-63.4994,44.6397,CYAW 092000Z 30010KT 15SM BKN025 04/M01 A2990 RMK SC7 DA-1126FT SLP126
CYAW,2022-02-09 21:00,-63.4994,44.6397,CYAW 092100Z 30011KT 15SM BKN022 03/M01 A2992 RMK SC6 DA-1200FT SLP134
CYAW,2022-02-09 22:00,-63.4994,44.6397,CYAW 092200Z 27005KT 10SM BKN022 02/M01 A2996 RMK SC6 DA-1373FT SLP149
CYAW,2022-02-09 23:00,-63.4994,44.6397,CYAW 092300Z 27006KT 10SM SCT020 02/M01 A2999 RMK SC3 DA-1446FT SLP157
CYAW,2022-02-09 23:14,-63.4994,44.6397,CYAW 092314Z 28007KT 10SM SCT020 02/M01 A2999 RMK SC3 DA-1472FT LAST OBS/NEXT 101100 UTC SLP158
CYAW,2022-02-10 11:00,-63.4994,44.6397,CYAW 101100Z 00000KT 10SM BKN020 00/M01 A2998 RMK SC7 DA-1639FT FST OBS SLP155
CYAW,2022-02-10 12:00,-63.4994,44.6397,CYAW 101200Z 13003KT 15SM BKN021 M01/M03 A2999 RMK SC7 DA-1862FT SLP157
CYAW,2022-02-10 13:00,-63.4994,44.6397,CYAW 101300Z 15003KT 15SM BKN020 01/M02 A2999 RMK SC7 DA-1616FT SLP158
CYAW,2022-02-10 14:00,-63.4994,44.6397,CYAW 101400Z 15004KT 15SM BKN021 01/M01 A2998 RMK SC7 DA-1589FT SLP154
CYAW,2022-02-10 15:00,-63.4994,44.6397,CYAW 101500Z 16005KT 15SM BKN025 01/M02 A2995 RMK SC7 DA-1454FT SLP146
CYAW,2022-02-10 16:00,-63.4994,44.6397,CYAW 101600Z 18008KT 15SM BKN023 02/M01 A2992 RMK SC7 DA-1378FT SLP135
CYAW,2022-02-10 17:00,-63.4994,44.6397,CYAW 101700Z 20011G17KT 15SM OVC022 03/M01 A2989 RMK SC8 DA-1243FT SLP125
CYAW,2022-02-10 18:00,-63.4994,44.6397,CYAW 101800Z 19011KT 15SM OVC022 03/M01 A2987 RMK SC8 DA-1218FT SLP116
CYAW,2022-02-10 19:00,-63.4994,44.6397,CYAW 101900Z 21012G17KT 15SM OVC023 03/M01 A2986 RMK SC8 DA-1172FT SLP114
CYAW,2022-02-10 20:00,-63.4994,44.6397,CYAW 102000Z 21011KT 15SM OVC022 03/M01 A2985 RMK SC8 DA-1144FT SLP111
CYAW,2022-02-10 21:00,-63.4994,44.6397,CYAW 102100Z 19009KT 15SM FEW012 BKN017 02/01 A2983 RMK SC1SC6 DA-1201FT LAST OBS/NXT 111100 UTC SLP105
CYAW,2022-02-11 11:00,-63.4994,44.6397,CYAW 111100Z 27005KT 15SM FEW050 02/01 A2991 RMK SC1 DA-1315FT FST OBS SLP131
CYAW,2022-02-11 12:00,-63.4994,44.6397,CYAW 111200Z 20003KT 15SM FEW050 02/01 A2995 RMK SC1 DA-1425FT SLP144
CYAW,2022-02-11 13:00,-63.4994,44.6397,CYAW 111300Z 23006KT 15SM FEW050 03/02 A2998 RMK CF1 DA-1318FT SLP156
CYAW,2022-02-11 14:00,-63.4994,44.6397,CYAW 111400Z 24010KT 15SM FEW050 04/02 A3000 RMK CF1 DA-1165FT SLP160
CYAW,2022-02-11 15:00,-63.4994,44.6397,CYAW 111500Z 26013G20KT 15SM FEW050 05/01 A3001 RMK CF1 DA-1034FT SLP166
CYAW,2022-02-11 16:00,-63.4994,44.6397,CYAW 111600Z 25013G18KT 15SM FEW050 06/M01 A3002 RMK CU2 DA-929FT SLP169
CYAW,2022-02-11 17:00,-63.4994,44.6397,CYAW 111700Z 24015KT 15SM FEW045 SCT250 06/M02 A3002 RMK CU2CI1 DA-951FT SLP169
CYAW,2022-02-11 18:00,-63.4994,44.6397,CYAW 111800Z 24016KT 15SM BKN050 BKN250 06/M02 A3003 RMK CU5CI1 DA-925FT SLP172
CYAW,2022-02-11 19:00,-63.4994,44.6397,CYAW 111900Z 23011G17KT 15SM BKN055 07/M02 A3005 RMK CU5 DA-836FT SLP176
CYAW,2022-02-11 20:00,-63.4994,44.6397,CYAW 112000Z 18008KT 15SM FEW050 06/01 A3005 RMK CU1 DA-929FT SLP178
CYAW,2022-02-11 21:00,-63.4994,44.6397,CYAW 112100Z 18006KT 15SM FEW045 FEW120 FEW250 05/01 A3007 RMK SC1AC1CI1 DA-1090FT SLP184
CYAW,2022-02-11 21:39,-63.4994,44.6397,CYAW 112139Z 21004KT 15SM FEW045 FEW250 04/00 A3008 RMK SC1CI1 DA-1267FT LAST OBS/NXT 141100 UTC SLP189
CYAW,2022-02-14 11:00,-63.4994,44.6397,CYAW 141100Z 01012KT 1SM -SN OVC004 M07/M09 A2978 RMK SF8 DA-2422FT FST OBS SLP087
CYAW,2022-02-14 12:00,-63.4994,44.6397,CYAW 141200Z 36010G16KT 1SM -SN OVC004 M07/M09 A2979 RMK SF8 DA-2407FT SLP089
CYAW,2022-02-14 13:00,-63.4994,44.6397,CYAW 141300Z 36011KT 1SM -SN OVC004 M08/M09 A2977 RMK SF8 DA-2438FT SLP085
CYAW,2022-02-14 14:00,-63.4994,44.6397,CYAW 141400Z 01013KT 1SM -SN OVC003 M08/M09 A2973 RMK SF8 DA-2392FT VIS VRB 3/4-1 1/4 /S01/ SLP070
CYAW,2022-02-14 15:00,-63.4994,44.6397,CYAW 141500Z 01010G17KT 3/4SM -SN OVC003 M07/M09 A2970 RMK SF8 DA-2263FT VIS VRB 5/8-1 1/4 SLP060
CYAW,2022-02-14 16:00,-63.4994,44.6397,CYAW 141600Z 36011G18KT 1 1/4SM -SN OVC004 M06/M08 A2968 RMK SF8 DA-2133FT VIS VRB 3/4-2 /S02/ SLP055
CYAW,2022-02-14 17:00,-63.4994,44.6397,CYAW 141700Z 01012G19KT 3/4SM -SN OVC003 M06/M08 A2962 RMK SF8 DA-2009FT VIS VRB 1/2-1 PRESFR SLP032
CYAW,2022-02-14 18:00,-63.4994,44.6397,CYAW 141800Z 34013G20KT 3/4SM -SN OVC003 M06/M08 A2962 RMK SF8 DA-2023FT VIS VRB 1/2-1 SLP033
CYAW,2022-02-14 19:00,-63.4994,44.6397,CYAW 141900Z 34014G21KT 5/8SM -SN BLSN OVC003 M06/M08 A2964 RMK SF8 DA-2073FT VIS VRB 1/4-1 SLP039
CYAW,2022-02-14 20:00,-63.4994,44.6397,CYAW 142000Z 35014G20KT 3/4SM -SN BLSN OVC003 M06/M08 A2962 RMK ST8 DA-2102FT VIS VRB 1/2-1 /S01/ LAST OBS/NEXT 151100 UTC SLP034
CYAW,2022-02-15 11:00,-63.4994,44.6397,CYAW 151100Z 29016KT 10SM BKN025 M13/M16 A3017 RMK SC6 DA-3589FT VIS LWR W FST OBS SLP219
CYAW,2022-02-15 12:00,-63.4994,44.6397,CYAW 151200Z 31010G16KT 10SM DRSN BKN025 BKN220 M13/M16 A3021 RMK SC6CI1 DA-3690FT SLP234
CYAW,2022-02-15 13:00,-63.4994,44.6397,CYAW 151300Z 29011KT 15SM DRSN FEW025 BKN220 M13/M17 A3024 RMK SC2CI3 DA-3726FT CF ASOCTD SLP244
CYAW,2022-02-15 14:00,-63.4994,44.6397,CYAW 151400Z 30015KT 15SM DRSN FEW025 BKN220 M12/M18 A3025 RMK CF1CI4 DA-3658FT SLP249
CYAW,2022-02-15 15:00,-63.4994,44.6397,CYAW 151500Z 29014KT 15SM -SHSN DRSN FEW025 BKN180 BKN220 M12/M17 A3027 RMK CF1AS5CI1 DA-3571FT PCPN VRY LGT SLP254
CYAW,2022-02-15 16:00,-63.4994,44.6397,CYAW 151600Z 27016KT 15SM -SHSN DRSN FEW020 BKN180 M11/M16 A3028 RMK CU2AS5 DA-3447FT PCPN VRY LGT SLP257
CYAW,2022-02-15 16:44,-63.4994,44.6397,CYAW 151644Z 31014KT 15SM DRSN FEW025 BKN180 M10/M16 A3027 RMK CU2AS5 DA-3342FT SLP254
CYAW,2022-02-15 17:00,-63.4994,44.6397,CYAW 151700Z 27016G24KT 15SM DRSN FEW025 BKN180 BKN220 M10/M16 A3027 RMK CU2AS4CI1 DA-3383FT CIG PDMTLY TRANSPARENT SLP256
CYAW,2022-02-15 18:00,-63.4994,44.6397,CYAW 151800Z 28019KT 15SM DRSN SCT025 SCT180 BKN220 M10/M17 A3027 RMK CU3AS1CI3 DA-3383FT SLP256
CYAW,2022-02-15 19:00,-63.4994,44.6397,CYAW 151900Z 28017KT 15SM DRSN BKN030 BKN220 M10/M16 A3028 RMK SC6CI1 DA-3407FT CU ASOCTD SLP259
CYAW,2022-02-15 20:00,-63.4994,44.6397,CYAW 152000Z 30015G20KT 8SM -SHSN DRSN BKN030 BKN180 M10/M15 A3030 RMK SC5AS2 DA-3414FT SLP265
CYAW,2022-02-15 20:16,-63.4994,44.6397,CYAW 152016Z 28011G21KT 15SM DRSN BKN030 BKN180 M10/M15 A3031 RMK SC5AS1 DA-3454FT SLP268
CYAW,2022-02-15 21:00,-63.4994,44.6397,CYAW 152100Z 28018G25KT 15SM DRSN BKN030 M11/M17 A3033 RMK SC6 DA-3560FT SLP276
CYAW,2022-02-15 21:22,-63.4994,44.6397,CYAW 152122Z 19015G22KT 15SM -SHSN DRSN BKN030 M11/M16 A3035 RMK SC5 DA-3608FT VIS LWR NE QUAD SLP280
CYAW,2022-02-15 22:00,-63.4994,44.6397,CYAW 152200Z 29013G20KT 15SM DRSN SCT025 M11/M17 A3037 RMK SC3 DA-3660FT SLP289
CYAW,2022-02-15 23:00,-63.4994,44.6397,CYAW 152300Z 29010G18KT 15SM DRSN FEW025 M12/M16 A3042 RMK SC1 DA-3784FT SLP304
CYAW,2022-02-16 00:00,-63.4994,44.6397,CYAW 160000Z 17011G21KT 15SM DRSN FEW025 M12/M16 A3045 RMK SC1 DA-3819FT LAST OBS/NEXT 161100 UTC SLP316
CYAW,2022-02-16 11:00,-63.4994,44.6397,CYAW 161100Z 30005KT 15SM FEW030 M14/M17 A3075 RMK SC1 DA-4451FT FST OBS SC TR SLP418
CYAW,2022-02-16 12:00,-63.4994,44.6397,CYAW 161200Z 30006KT 15SM FEW030 M14/M18 A3079 RMK SC1 DA-4484FT SC TR SLP431
CYAW,2022-02-16 13:00,-63.4994,44.6397,CYAW 161300Z 30008KT 15SM FEW030 M12/M16 A3081 RMK SC1 DA-4219FT SC TR SLP438
CYAW,2022-02-16 14:00,-63.4994,44.6397,CYAW 161400Z 29007KT 15SM FEW030 M10/M15 A3083 RMK SC1 DA-3943FT SC TR SLP443
CYAW,2022-02-16 15:00,-63.4994,44.6397,CYAW 161500Z 29003KT 15SM FEW030 M08/M15 A3082 RMK SC1 DA-3746FT SC TR SLP442
CYAW,2022-02-16 16:00,-63.4994,44.6397,CYAW 161600Z 23002KT 15SM FEW030 M07/M17 A3081 RMK SC1 DA-3578FT SC TR SLP436
CYAW,2022-02-16 17:00,-63.4994,44.6397,CYAW 161700Z 16005KT 15SM SKC M06/M15 A3078 RMK DA-3370FT SLP426
CYAW,2022-02-16 18:00,-63.4994,44.6397,CYAW 161800Z 20006KT 15SM FEW030 FEW250 M05/M13 A3075 RMK SC1CI1 DA-3240FT SLP415
CYAW,2022-02-16 19:00,-63.4994,44.6397,CYAW 161900Z 21010G16KT 15SM FEW030 FEW250 M05/M13 A3073 RMK SC1CI1 DA-3255FT SC TR SLP409
CYAW,2022-02-16 20:00,-63.4994,44.6397,CYAW 162000Z 22014KT 15SM FEW030 FEW250 M05/M11 A3071 RMK SC1CI1 DA-3227FT CI TR SLP404
CYAW,2022-02-16 21:00,-63.4994,44.6397,CYAW 162100Z 20011G17KT 15SM FEW020 SCT080 M05/M10 A3069 RMK SC2AS2 DA-3175FT SLP396
CYAW,2022-02-16 22:00,-63.4994,44.6397,CYAW 162200Z 20011G17KT 15SM BKN020 OVC080 M05/M09 A3068 RMK SC5AS3 DA-3108FT SLP391
CYAW,2022-02-16 22:41,-63.4994,44.6397,CYAW 162241Z 20012G19KT 6SM -SHSN BKN020 OVC080 M04/M07 A3065 RMK SC7AS1 DA-2977FT SLP383
CYAW,2022-02-16 23:00,-63.4994,44.6397,CYAW 162300Z 19013KT 6SM -SHSN BKN020 OVC080 M04/M06 A3064 RMK SC7AS1 DA-2922FT LAST OBS/NEXT 171100 UTC SLP380
CYAW,2022-02-17 11:00,-63.4994,44.6397,CYAW 171100Z 22018G29KT 8SM OVC014 04/03 A3030 RMK SC8 DA-1454FT FST OBS SLP262
CYAW,2022-02-17 12:00,-63.4994,44.6397,CYAW 171200Z 21018G32KT 6SM BR OVC017 05/03 A3028 RMK SC8 DA-1366FT SLP256
CYAW,2022-02-17 13:00,-63.4994,44.6397,CYAW 171300Z 21018G29KT 6SM BR BKN015 OVC040 06/03 A3028 RMK SC6SC2 DA-1264FT SLP255
CYAW,2022-02-17 14:00,-63.4994,44.6397,CYAW 171400Z 02022G32KT 7SM SCT016 BKN060 OVC230 06/04 A3025 RMK SC4SC3CI1 DA-1190FT SLP247
CYAW,2022-02-17 15:00,-63.4994,44.6397,CYAW 171500Z 22023G33KT 7SM BKN015 OVC060 07/04 A3023 RMK SC6SC2 DA-1051FT SLP239
CYAW,2022-02-17 16:00,-63.4994,44.6397,CYAW 171600Z 21031G38KT 7SM BKN015 BKN230 08/05 A3021 RMK SC5CI2 DA-952FT SLP231
CYAW,2022-02-17 17:00,-63.4994,44.6397,CYAW 171700Z 21028G39KT 8SM BKN015 08/05 A3017 RMK SC7 DA-890FT SLP217
CYAW,2022-02-17 18:00,-63.4994,44.6397,CYAW 171800Z 20026G38KT 8SM BKN015 OVC060 07/05 A3015 RMK SC6SC2 DA-907FT SLP213
CYAW,2022-02-17 19:00,-63.4994,44.6397,CYAW 171900Z 21023G32KT 8SM OVC013 08/05 A3013 RMK SC8 DA-842FT SLP205
CYAW,2022-02-17 20:00,-63.4994,44.6397,CYAW 172000Z 21022G37KT 7SM OVC013 07/05 A3009 RMK SC8 DA-821FT VIS LWR W SLP192
CYAW,2022-02-17 21:00,-63.4994,44.6397,CYAW 172100Z 20021G34KT 7SM FEW009 OVC012 07/05 A3005 RMK SF2SC6 DA-863FT VIS LWR W SLP176
CYAW,2022-02-17 22:00,-63.4994,44.6397,CYAW 172200Z 21019G32KT 7SM FEW009 OVC012 07/06 A3004 RMK SF2SC6 DA-823FT VIS LWR W SLP173
CYAW,2022-02-17 23:00,-63.4994,44.6397,CYAW 172300Z 21017G33KT 7SM SCT009 OVC012 07/06 A3003 RMK SF3SC5 DA-861FT SLP169
CYAW,2022-02-18 00:00,-63.4994,44.6397,CYAW 180000Z 21017G27KT 7SM BKN009 OVC012 06/05 A3001 RMK SF5SC3 DA-852FT SLP165
CYAW,2022-02-18 00:35,-63.4994,44.6397,CYAW 180035Z 21016G26KT 7SM BKN009 OVC012 06/05 A3001 RMK SF5SC3 DA-853FT LAST OBS/NEXT 181100 UTC SLP164
CYAW,2022-02-18 11:00,-63.4994,44.6397,CYAW 181100Z 20030G44KT 1SM -RA BR OVC006 09/08 A2953 RMK NS8 DA-13FT FST OBS SLP001
CYAW,2022-02-18 11:25,-63.4994,44.6397,CYAW 181125Z 20031G43KT 3SM -RA BR OVC005 09/08 A2950 RMK NS8 DA36FT PRESFR SLP992
CYAW,2022-02-18 12:00,-63.4994,44.6397,CYAW 181200Z 20030G44KT 5SM BR OVC005 09/08 A2947 RMK NS8 DA70FT SLP982
CYAW,2022-02-18 12:15,-63.4994,44.6397,CYAW 181215Z 19033G45KT 4SM -RA BR OVC005 09/08 A2945 RMK NS8 DA105FT PRESFR SLP975
CYAW,2022-02-18 13:00,-63.4994,44.6397,CYAW 181300Z 19033G46KT 3SM -RA BR OVC004 09/09 A2940 RMK NS8 DA193FT PRESFR SLP956
CYAW,2022-02-18 13:32,-63.4994,44.6397,CYAW 181332Z 19039G46KT 1SM -RA BR OVC004 09/09 A2938 RMK NS8 DA256FT VIS VRB 3/4-1 1/2 SLP950
CYAW,2022-02-18 14:00,-63.4994,44.6397,CYAW 181400Z 19034G51KT 1SM +RA BR OVC005 09/09 A2935 RMK NS8 DA317FT VIS VRB 3/4-1 1/2 SLP939
CYAW,2022-02-18 14:16,-63.4994,44.6397,CYAW 181416Z 19036G51KT 3SM RA BR OVC005 10/10 A2932 RMK NS8 DA366FT PRESFR SLP929
CYAW,2022-02-18 14:35,-63.4994,44.6397,CYAW 181435Z 20039G55KT 1 3/4SM RA BR OVC005 10/10 A2930 RMK NS8 DA416FT VIS VRB 3/4-3 PRESFR SLP924
CYAW,2022-02-18 15:00,-63.4994,44.6397,CYAW 181500Z 19044G54KT 1SM RA BR OVC005 10/10 A2928 RMK NS8 DA453FT VIS VRB 3/4-1 1/2 PRESFR SLP915
CYAW,2022-02-18 15:24,-63.4994,44.6397,CYAW 181524Z 20039G51KT 4SM RA BR OVC004 10/10 A2926 RMK NS8 DA463FT SLP909
CYAW,2022-02-18 16:00,-63.4994,44.6397,CYAW 181600Z 19038G50KT 3SM -RA BR OVC004 09/09 A2921 RMK NS8 DA482FT PRESFR /R10/ SLP892
CYAW,2022-02-18 16:16,-63.4994,44.6397,CYAW 181616Z 19036G51KT 1SM +RA BR OVC004 10/10 A2919 RMK NS8 DA545FT VIS VRB 3/4-1 1/2 PRESFR SLP886
CYAW,2022-02-18 16:36,-63.4994,44.6397,CYAW 181636Z 19041G56KT 2SM +RA BR OVC005 10/10 A2917 RMK NS8 DA569FT VIS VRB 1-3 PRESFR SLP878
CYAW,2022-02-18 17:00,-63.4994,44.6397,CYAW 181700Z 19032G49KT 1SM RA BR OVC004 09/09 A2916 RMK NS8 DA541FT VIS VRB 3/4-1 1/2 SLP875
CYAW,2022-02-18 17:40,-63.4994,44.6397,CYAW 181740Z 20027G50KT 1SM RA BR OVC004 10/10 A2914 RMK NS8 DA629FT LAST OBS/NEXT 211100 UTC SLP870
CYAW,2022-02-21 11:00,-63.4994,44.6397,CYAW 211100Z 22014G20KT 8SM BKN027 BKN045 02/M00 A3020 RMK SC5SC1 DA-1607FT FST OBS SLP230
CYAW,2022-02-21 12:00,-63.4994,44.6397,CYAW 211200Z 22013G21KT 8SM FEW029 SCT160 BKN230 03/00 A3021 RMK SC1AC4CC1 DA-1578FT SC TR SLP234
CYAW,2022-02-21 13:00,-63.4994,44.6397,CYAW 211300Z 23015G21KT 8SM FEW027 BKN150 BKN230 03/00 A3023 RMK SC2AC4CI1 DA-1514FT SLP241
CYAW,2022-02-21 14:00,-63.4994,44.6397,CYAW 211400Z 23014KT 8SM FEW023 BKN150 BKN230 04/00 A3025 RMK CU2AC3CI2 DA-1411FT SLP245
CYAW,2022-02-21 15:00,-63.4994,44.6397,CYAW 211500Z 25013KT 10SM FEW023 FEW150 BKN230 05/00 A3025 RMK CU1AC1CI7 DA-1299FT CU TR AC TR SLP245
CYAW,2022-02-21 16:00,-63.4994,44.6397,CYAW 211600Z 25013KT 10SM FEW024 OVC230 07/M00 A3025 RMK CF1CI8 DA-1152FT CF TR SLP246
CYAW,2022-02-21 17:00,-63.4994,44.6397,CYAW 211700Z 23013KT 10SM FEW028 OVC230 08/00 A3025 RMK CF1CI8 DA-1025FT CF TR SLP246
CYAW,2022-02-21 18:00,-63.4994,44.6397,CYAW 211800Z 23010KT 12SM FEW030 OVC230 07/00 A3026 RMK SC1CI8 DA-1049FT SLP250
CYAW,2022-02-21 19:00,-63.4994,44.6397,CYAW 211900Z 22007KT 12SM FEW030 OVC230 08/00 A3026 RMK SC1CS8 DA-1001FT HALO SLP249
CYAW,2022-02-21 20:00,-63.4994,44.6397,CYAW 212000Z 20008KT 12SM FEW030 OVC230 08/00 A3028 RMK SC1CS8 DA-1048FT HALO SLP257
CYAW,2022-02-21 21:00,-63.4994,44.6397,CYAW 212100Z 22008KT 12SM FEW030 OVC230 06/01 A3032 RMK SC1CS8 DA-1264FT HALO SLP268
CYAW,2022-02-21 22:00,-63.4994,44.6397,CYAW 212200Z 20003KT 12SM FEW080 BKN230 05/01 A3035 RMK AC1CS6 DA-1494FT SLP278
CYAW,2022-02-21 23:00,-63.4994,44.6397,CYAW 212300Z 23005KT 12SM FEW080 BKN250 03/01 A3038 RMK AC1CI5 DA-1682FT SLP290
CYAW,2022-02-22 00:00,-63.4994,44.6397,CYAW 220000Z 31003KT 12SM FEW060 SCT250 03/02 A3041 RMK SC1CI3 DA-1811FT SLP299
CYAW,2022-02-22 00:22,-63.4994,44.6397,CYAW 220022Z 31003KT 12SM FEW060 FEW250 03/01 A3042 RMK SC1CI2 DA-1827FT LAST OBS/NXT 221100 UTC SLP303
CYAW,2022-02-22 11:00,-63.4994,44.6397,CYAW 221100Z 05008KT 15SM BKN080 BKN230 M02/M06 A3062 RMK AC7CI1 DA-2626FT FST OBS CI TR SLP371
CYAW,2022-02-22 12:00,-63.4994,44.6397,CYAW 221200Z 05011KT 15SM BKN085 OVC230 M01/M05 A3064 RMK AC5CI3 DA-2608FT SLP377
CYAW,2022-02-22 13:00,-63.4994,44.6397,CYAW 221300Z 06010KT 15SM FEW085 BKN230 M00/M06 A3065 RMK AC2CI5 DA-2519FT SLP381
CYAW,2022-02-22 14:00,-63.4994,44.6397,CYAW 221400Z 08015G20KT 15SM FEW085 OVC230 00/M05 A3065 RMK AC1CI7 DA-2400FT SLP382
CYAW,2022-02-22 15:00,-63.4994,44.6397,CYAW 221500Z 08012G19KT 12SM OVC016 00/M04 A3066 RMK SC8 DA-2458FT SLP384
CYAW,2022-02-22 16:00,-63.4994,44.6397,CYAW 221600Z 08010G17KT 12SM OVC014 M00/M03 A3065 RMK SC8 DA-2454FT SLP381
CYAW,2022-02-22 17:00,-63.4994,44.6397,CYAW 221700Z 09015G21KT 7SM OVC011 00/M02 A3062 RMK SC8 DA-2363FT SLP370
CYAW,2022-02-22 18:00,-63.4994,44.6397,CYAW 221800Z 09015G22KT 6SM BR OVC009 00/M01 A3059 RMK SC8 DA-2340FT SLP362
CYAW,2022-02-22 19:00,-63.4994,44.6397,CYAW 221900Z 08012G19KT 5SM -DZ BR OVC009 00/M01 A3059 RMK SC8 DA-2326FT SLP361
CYAW,2022-02-22 19:20,-63.4994,44.6397,CYAW 221920Z 08011G19KT 1 1/2SM -DZ BR OVC008 00/M01 A3058 RMK SF8 DA-2337FT SLP358
CYAW,2022-02-22 19:40,-63.4994,44.6397,CYAW 221940Z 09013G19KT 2SM -FZDZ BR OVC008 M00/M01 A3057 RMK SF8 DA-2351FT SLP354
CYAW,2022-02-22 20:00,-63.4994,44.6397,CYAW 222000Z 07015G21KT 2SM -FZDZ BR OVC007 M00/M01 A3055 RMK SF8 DA-2328FT SLP349
CYAW,2022-02-22 21:00,-63.4994,44.6397,CYAW 222100Z 08010G24KT 2SM -FZRA BR OVC005 M00/M00 A3052 RMK SF8 DA-2292FT SLP336
CYAW,2022-02-22 21:43,-63.4994,44.6397,CYAW 222143Z 08014G20KT 1 1/2SM -DZ BR OVC004 00/00 A3052 RMK SF8 DA-2264FT SLP336
CYAW,2022-02-22 22:00,-63.4994,44.6397,CYAW 222200Z 09013G20KT 3/4SM -DZ BR OVC004 00/00 A3052 RMK SF8 DA-2251FT VIS VRB 1/2-1 SLP338
CYAW,2022-02-22 23:00,-63.4994,44.6397,CYAW 222300Z 08012G17KT 3/4SM DZ BR OVC003 00/00 A3050 RMK SF8 DA-2214FT VIS VRB 1/2-1 SLP332
CYAW,2022-02-22 23:27,-63.4994,44.6397,CYAW 222327Z 08012G19KT 1SM -RA BR OVC004 00/00 A3050 RMK SF8 DA-2201FT VIS VRB 3/4-1 1/2 SLP331
CYAW,2022-02-22 23:34,-63.4994,44.6397,CYAW 222334Z 08010G17KT 1SM -RA BR OVC003 00/00 A3050 RMK SF8 DA-2201FT VIS VRB 3/4-1 1/2 LAST OBS/NXT 231100 UTC SLP331
CYAW,2022-02-23 11:00,-63.4994,44.6397,CYAW 231100Z 19021G33KT 2 1/4SM RA BR BKN020 OVC030 07/07 A2990 RMK SC6NS2 DA-588FT VIS VRB 1 1/2-3 FST OBS SLP128
CYAW,2022-02-23 11:17,-63.4994,44.6397,CYAW 231117Z 19020G31KT 2 1/4SM RA BR BKN009 OVC015 07/06 A2989 RMK SF6NS2 DA-656FT VIS VRB 1 1/2-3 PRESFR SLP122
CYAW,2022-02-23 11:32,-63.4994,44.6397,CYAW 231132Z 19020G31KT 3/4SM RA BR OVC009 07/07 A2988 RMK NS8 DA-628FT SLP121
CYAW,2022-02-23 12:00,-63.4994,44.6397,CYAW 231200Z 20021G32KT 1SM RA BR OVC004 07/07 A2987 RMK ST8 DA-577FT VIS VRB 3/4-1 1/2 SLP115
CYAW,2022-02-23 12:26,-63.4994,44.6397,CYAW 231226Z 21018G33KT 2 1/4SM -DZ BR OVC005 08/08 A2986 RMK ST8 DA-461FT VIS VRB 1 1/2-3 SLP114
CYAW,2022-02-23 13:00,-63.4994,44.6397,CYAW 231300Z 20022G30KT 3SM -DZ BR OVC005 08/08 A2984 RMK ST8 DA-425FT SLP106
CYAW,2022-02-23 14:00,-63.4994,44.6397,CYAW 231400Z 22023G29KT 2 1/4SM BR OVC004 08/08 A2983 RMK ST8 DA-400FT VIS VRB 1 1/2-3 SLP102
CYAW,2022-02-23 15:00,-63.4994,44.6397,CYAW 231500Z 21015G26KT 2 1/4SM BR OVC004 08/08 A2982 RMK ST8 DA-387FT VIS VRB 1 1/2-3 SLP098
CYAW,2022-02-23 15:27,-63.4994,44.6397,CYAW 231527Z 22015G24KT 3/4SM -RA BR OVC003 08/08 A2980 RMK ST8 DA-377FT SLP094
CYAW,2022-02-23 16:00,-63.4994,44.6397,CYAW 231600Z 21011G24KT 3/4SM -DZ BR OVC003 08/08 A2979 RMK ST8 DA-378FT PCPN VRY LGT SLP090
CYAW,2022-02-23 16:34,-63.4994,44.6397,CYAW 231634Z 22013G19KT 1/4SM -DZ FG OVC003 08/08 A2976 RMK ST8 DA-357FT VIS HIER W PCPN VRY LGT SLP081
CYAW,2022-02-23 17:38,-63.4994,44.6397,CYAW 231738Z 21006KT 3/4SM -DZ BR OVC003 09/08 A2973 RMK ST8 DA -244FT PCPN VRY LGT SLP070
CYAW,2022-02-23 18:00,-63.4994,44.6397,CYAW 231800Z 21006KT 1/2SM -DZ FG OVC002 08/08 A2971 RMK FG4ST4 DA-259FT VIS VRB 3/8-3/4 PCPN VRY LGT SLP064
CYAW,2022-02-23 18:32,-63.4994,44.6397,CYAW 231832Z 21004KT 3/8SM -DZ FG VV001 08/08 A2970 RMK FG8 DA- 247FT PCPN VRY LGT SLP060
CYAW,2022-02-23 19:00,-63.4994,44.6397,CYAW 231900Z 21003KT 1/4SM -DZ FG VV001 08/08 A2970 RMK FG8 DA-300FT PCPN VRY LGT SLP060
CYAW,2022-02-23 19:43,-63.4994,44.6397,CYAW 231943Z 17005KT 1/8SM -DZ FG VV000 08/08 A2968 RMK FG8 DA-303FT SLP051
CYAW,2022-02-23 20:00,-63.4994,44.6397,CYAW 232000Z 20006KT 1/8SM -DZ FG VV000 07/07 A2967 RMK FG8 DA-318FT SLP048
CYAW,2022-02-23 21:00,-63.4994,44.6397,CYAW 232100Z 22004KT 1/8SM -DZ FG VV000 07/07 A2963 RMK FG8 DA-298FT SLP034
CYAW,2022-02-23 21:40,-63.4994,44.6397,CYAW 232140Z 21008KT 1/8SM -DZ FG VV000 07/07 A2961 RMK FG8 DA-301FT LAST OBS/NXT 241100 UTC SLP028
CYAW,2022-02-24 11:00,-63.4994,44.6397,CYAW 241100Z 30015G25KT 15SM FEW030 FEW100 M08/M14 A3007 RMK SC1AC1 DA-2840FT FST OBS SLP186
CYAW,2022-02-24 12:00,-63.4994,44.6397,CYAW 241200Z 29017G24KT 15SM FEW030 FEW100 M08/M14 A3013 RMK SC1AC1 DA-2897FT SLP204
CYAW,2022-02-24 13:00,-63.4994,44.6397,CYAW 241300Z 30019G27KT 15SM FEW030 FEW100 M07/M13 A3016 RMK SC1AC1 DA-2837FT SLP216
CYAW,2022-02-24 14:00,-63.4994,44.6397,CYAW 241400Z 31019G27KT 15SM FEW030 FEW100 FEW250 M06/M13 A3017 RMK SC1AC1CI1 DA-2758FT SLP219
CYAW,2022-02-24 15:00,-63.4994,44.6397,CYAW 241500Z 31023G29KT 15SM FEW030 FEW100 FEW250 M06/M14 A3018 RMK SC1AC1CI1 DA-2691FT SLP222
CYAW,2022-02-24 16:00,-63.4994,44.6397,CYAW 241600Z 30020G27KT 15SM FEW030 FEW100 FEW250 M05/M12 A3021 RMK SC1AC1CI1 DA-2631FT SLP233
CYAW,2022-02-24 17:00,-63.4994,44.6397,CYAW 241700Z 30018G25KT 15SM FEW030 FEW250 M04/M13 A3022 RMK SC1CI1 DA-2501FT SLP234
CYAW,2022-02-24 18:00,-63.4994,44.6397,CYAW 241800Z 31017G22KT 15SM FEW030 FEW250 M04/M13 A3024 RMK SC1CI1 DA-2472FT SLP242
CYAW,2022-02-24 19:00,-63.4994,44.6397,CYAW 241900Z 32010G17KT 15SM FEW030 FEW250 M04/M14 A3025 RMK SC1CI1 DA-2485FT SLP246
CYAW,2022-02-24 20:00,-63.4994,44.6397,CYAW 242000Z 30016G21KT 15SM FEW030 FEW250 M03/M14 A3028 RMK SC1CI1 DA-2508FT SC TR SLP257
CYAW,2022-02-24 21:00,-63.4994,44.6397,CYAW 242100Z 30013G18KT 15SM FEW030 FEW250 M04/M14 A3030 RMK SC1CI1 DA-2583FT SLP262
CYAW,2022-02-24 21:46,-63.4994,44.6397,CYAW 242146Z 32014KT 15SM FEW030 M05/M15 A3032 RMK SC1 DA-2751FT LAST OBS/NEXT 251100 UTC SLP270
CYAW,2022-02-25 11:00,-63.4994,44.6397,CYAW 251100Z 01006KT 15SM BKN180 OVC220 M10/M16 A3044 RMK AC6CI2 DA-3605FT FST OBS SLP313
CYAW,2022-02-25 12:00,-63.4994,44.6397,CYAW 251200Z 01004KT 15SM BKN180 BKN220 M10/M16 A3044 RMK AC5CI2 DA-3605FT SLP311
CYAW,2022-02-25 13:00,-63.4994,44.6397,CYAW 251300Z 02004KT 15SM BKN100 OVC220 M09/M15 A3044 RMK AC7CI1 DA-3483FT SLP312
CYAW,2022-02-25 14:00,-63.4994,44.6397,CYAW 251400Z 00000KT 15SM SCT060 OVC080 M09/M15 A3041 RMK SC3AC5 DA-3408FT SLP300
CYAW,2022-02-25 15:00,-63.4994,44.6397,CYAW 251500Z 00000KT 15SM OVC050 M09/M15 A3039 RMK SC8 DA-3358FT SLP295
CYAW,2022-02-25 15:27,-63.4994,44.6397,CYAW 251527Z 17003KT 2SM -SHSN OVC010 M09/M15 A3038 RMK SC8 DA-3387FT VIS LWR E SLP292
CYAW,2022-02-25 15:34,-63.4994,44.6397,CYAW 251534Z 00000KT 1/2SM SHSN VV001 M10/M13 A3038 RMK SN8 DA-3437FT SLP290
CYAW,2022-02-25 16:00,-63.4994,44.6397,CYAW 251600Z 00000KT 3/4SM -SN VV001 M10/M12 A3035 RMK SN8 DA-3399FT SLP283
CYAW,2022-02-25 16:21,-63.4994,44.6397,CYAW 251621Z 02003KT 1/2SM SN VV001 M10/M11 A3034 RMK SN8 DA-3373FT SLP278
CYAW,2022-02-25 17:00,-63.4994,44.6397,CYAW 251700Z 04006KT 3/8SM SN VV001 M09/M11 A3029 RMK SN8 DA-3301FT PRESFR /S02/ SLP262
CYAW,2022-02-25 17:23,-63.4994,44.6397,CYAW 251723Z 03006KT 3/4SM -SN VV001 M10/M12 A3027 RMK SN8 DA-3306FT PRESFR SLP253
CYAW,2022-02-25 17:40,-63.4994,44.6397,CYAW 251740Z 03007KT 3/8SM SN VV001 M10/M11 A3021 RMK SN8 DA-3221FT PRESFR LAST OBS/NEXT 281100 UTC SLP234
CYAW,2022-02-28 11:00,-63.4994,44.6397,CYAW 281100Z 30017G22KT 3SM -SHSN DRSN BKN030 OVC240 M10/M12 A2966 RMK SC6CI2 DA-2623FT FST OBS SLP048
CYAW,2022-02-28 11:10,-63.4994,44.6397,CYAW 281110Z 32019G27KT 1/2SM -SHSN BLSN OVC240 M10/M12 A2967 RMK BLSN6CI2 DA-2660FT VIS VRB 1/4-3/4 SLP051
CYAW,2022-02-28 11:43,-63.4994,44.6397,CYAW 281143Z 30021G30KT 3SM -SHSN BLSN SCT030 OVC240 M11/M14 A2970 RMK SC3CI5 DA-2806FT VIS HIER W SLP059
CYAW,2022-02-28 12:00,-63.4994,44.6397,CYAW 281200Z 30019G27KT 6SM -SHSN BLSN SCT030 OVC240 M11/M14 A2971 RMK SC4CI4 DA-2804FT VIS HIER W SLP065
CYAW,2022-02-28 13:00,-63.4994,44.6397,CYAW 281300Z 31026G32KT 15SM -SHSN DRSN BKN030 BKN240 M11/M15 A2976 RMK SC6CI1 DA-2840FT VIS LWR W PCPN VRY LGT SLP079
CYAW,2022-02-28 14:00,-63.4994,44.6397,CYAW 281400Z 29020G27KT 5SM -SHSN BLSN BKN028 OVC240 M11/M14 A2979 RMK SC7CI1 DA-2913FT CVCTV CLD EMBD SLP089
CYAW,2022-02-28 15:00,-63.4994,44.6397,CYAW 281500Z 29020G26KT 15SM -SHSN DRSN BKN029 OVC240 M10/M15 A2981 RMK CU6CI2 DA-2778FT PCPN VRY LGT SLP096
CYAW,2022-02-28 16:00,-63.4994,44.6397,CYAW 281600Z 31019G27KT 15SM -SHSN DRSN BKN037 BKN240 M10/M17 A2982 RMK CU6CI1 DA-2792FT PCPN VRY LGT SLP101
CYAW,2022-02-28 16:28,-63.4994,44.6397,CYAW 281628Z 30015G25KT 15SM DRSN BKN038 BKN240 M09/M16 A2982 RMK CU5CI2 DA-2698FT SLP102
CYAW,2022-02-28 17:00,-63.4994,44.6397,CYAW 281700Z 31019G26KT 15SM DRSN SCT035 M10/M17 A2983 RMK CU4 DA-2804FT SLP103
CYAW,2022-02-28 18:00,-63.4994,44.6397,CYAW 281800Z 29020G30KT 15SM DRSN SCT039 SCT240 M09/M17 A2984 RMK CU4CI1 DA-2763FT SLP109
CYAW,2022-02-28 19:00,-63.4994,44.6397,CYAW 281900Z 30017G22KT 15SM DRSN SCT040 M09/M17 A2986 RMK CU4 DA-2720FT SLP115
CYAW,2022-02-28 20:00,-63.4994,44.6397,CYAW 282000Z 32019G26KT 15SM DRSN BKN040 M09/M17 A2990 RMK CU5 DA-2833FT SLP127
CYAW,2022-02-28 21:00,-63.4994,44.6397,CYAW 282100Z 31015G24KT 15SM DRSN SCT039 M10/M17 A2992 RMK CU3 DA-2897FT SLP137
CYAW,2022-02-28 22:00,-63.4994,44.6397,CYAW 282200Z 29021G28KT 15SM DRSN SCT039 M10/M17 A2998 RMK CU3 DA-3034FT SLP154
CYAW,2022-02-28 23:00,-63.4994,44.6397,CYAW 282300Z 28010G19KT 15SM DRSN FEW037 M10/M17 A3001 RMK CU2 DA-3109FT SLP166
CYAW,2022-03-01 00:00,-63.4994,44.6397,CYAW 010000Z 27014G20KT 15SM DRSN FEW040 M10/M18 A3005 RMK CU1 DA-3156FT LAST OBS/NEXT 011100 UTC SLP180
CYAW,2022-03-01 11:00,-63.4994,44.6397,CYAW 011100Z 00000KT 15SM FEW020 FEW120 FEW250 M18/M20 A3027 RMK SC1AC1CI1 DA-4409FT FST OBS SLP256
CYAW,2022-03-01 12:00,-63.4994,44.6397,CYAW 011200Z 34003KT 15SM FEW020 BKN250 M15/M17 A3030 RMK SC1CI6 DA-4027FT SLP266
CYAW,2022-03-01 13:00,-63.4994,44.6397,CYAW 011300Z 30004KT 15SM FEW020 BKN230 M12/M17 A3032 RMK SC1CS7 DA-3657FT HALO SLP272
CYAW,2022-03-01 14:00,-63.4994,44.6397,CYAW 011400Z 27005KT 15SM FEW020 OVC230 M11/M17 A3033 RMK SC1CS8 DA-3507FT SLP274
CYAW,2022-03-01 15:00,-63.4994,44.6397,CYAW 011500Z 27009KT 15SM FEW020 OVC230 M09/M16 A3032 RMK SC1CS8 DA-3253FT HALO SLP271
CYAW,2022-03-01 16:00,-63.4994,44.6397,CYAW 011600Z 25009KT 15SM FEW025 BKN250 M07/M17 A3029 RMK SC1CI5 DA-2981FT SLP262
CYAW,2022-03-01 17:00,-63.4994,44.6397,CYAW 011700Z 29005KT 15SM FEW025 FEW250 M06/M16 A3027 RMK SC1CI2 DA-2853FT SLP255
CYAW,2022-03-01 18:00,-63.4994,44.6397,CYAW 011800Z 18002KT 15SM FEW025 FEW250 M05/M16 A3027 RMK SC1CI1 DA-2708FT SLP252
CYAW,2022-03-01 19:00,-63.4994,44.6397,CYAW 011900Z 27009G16KT 15SM FEW025 FEW250 M04/M16 A3025 RMK SC1CI1 DA-2529FT SLP248
CYAW,2022-03-01 20:00,-63.4994,44.6397,CYAW 012000Z 25007KT 15SM FEW025 FEW250 M04/M15 A3025 RMK SC1CI1 DA-2488FT SLP248
CYAW,2022-03-01 21:00,-63.4994,44.6397,CYAW 012100Z 24006KT 15SM FEW250 M04/M14 A3023 RMK CI1 DA-2541FT SLP240
CYAW,2022-03-01 22:00,-63.4994,44.6397,CYAW 012200Z 25002KT 15SM FEW025 FEW250 M05/M15 A3022 RMK SC1CI1 DA-2661FT SC TR SLP236
CYAW,2022-03-01 23:00,-63.4994,44.6397,CYAW 012300Z 18005KT 15SM FEW035 FEW250 M06/M14 A3021 RMK SC1CI1 DA-2740FT SLP235
CYAW,2022-03-01 23:45,-63.4994,44.6397,CYAW 012345Z 18006KT 15SM FEW035 FEW250 M06/M14 A3021 RMK SC1CI1 DA-2714FT LAST OBS/NEXT 021100 UTC SLP235
CYAW,2022-03-02 11:00,-63.4994,44.6397,CYAW 021100Z 15014KT 5/8SM -SN OVC003 00/00 A2988 RMK SN3SF5 DA-1501FT FST OBS SLP120
CYAW,2022-03-02 12:00,-63.4994,44.6397,CYAW 021200Z 16018G24KT 3/8SM SN VV001 00/00 A2985 RMK SN8 DA-1466FT VIS VRB 1/4-5/8 SLP111
CYAW,2022-03-02 12:43,-63.4994,44.6397,CYAW 021243Z 16015G20KT 1/2SM SN VV002 00/00 A2982 RMK SN8 DA-1 444FT VIS VRB 3/8-3/4 SLP099
CYAW,2022-03-02 12:48,-63.4994,44.6397,CYAW 021248Z 16014G20KT 1 1/4SM -SN OVC003 00/00 A2981 RMK SF8 DA-1406FT VIS VRB 1-1 3/4 SLP097
CYAW,2022-03-02 13:00,-63.4994,44.6397,CYAW 021300Z 16015G20KT 1 1/4SM -SN OVC003 01/01 A2980 RMK SF8 DA-1328FT VIS VRB 1-1 3/4 /S02/ SLP093
CYAW,2022-03-02 13:14,-63.4994,44.6397,CYAW 021314Z 15014G22KT 2SM -RASN BR OVC004 01/01 A2979 RMK SF8 DA-1303FT SLP089
CYAW,2022-03-02 13:46,-63.4994,44.6397,CYAW 021346Z 16019G25KT 3SM -RA BR SCT004 OVC012 03/02 A2975 RMK SF3SC5 DA-1047FT PRESFR SLP076
CYAW,2022-03-02 14:00,-63.4994,44.6397,CYAW 021400Z 16019G30KT 3SM -RA BR SCT004 OVC012 03/02 A2973 RMK SF3SC5 DA-1037FT PRESFR SLP070
CYAW,2022-03-02 14:36,-63.4994,44.6397,CYAW 021436Z 18020G25KT 4SM -RA BR BKN006 OVC012 03/03 A2970 RMK SF5SC3 DA-948FT SLP059
CYAW,2022-03-02 15:00,-63.4994,44.6397,CYAW 021500Z 20020G27KT 4SM -RA BR BKN006 OVC012 04/03 A2969 RMK SF6SC2 DA-858FT SLP055
CYAW,2022-03-02 16:00,-63.4994,44.6397,CYAW 021600Z 21013G22KT 6SM BR OVC006 04/04 A2967 RMK SF8 DA-783FT SLP050
CYAW,2022-03-02 17:00,-63.4994,44.6397,CYAW 021700Z 25010G18KT 10SM BKN008 OVC012 04/03 A2967 RMK SF6SC2 DA-763FT SLP049
CYAW,2022-03-02 17:30,-63.4994,44.6397,CYAW 021730Z 26014G19KT 12SM SCT012 BKN018 05/02 A2966 RMK SC4SC3 DA-655FT SLP045
CYAW,2022-03-02 18:00,-63.4994,44.6397,CYAW 021800Z 27015G22KT 15SM BKN018 BKN040 04/01 A2966 RMK SC6SC1 DA-739FT SLP046
CYAW,2022-03-02 18:44,-63.4994,44.6397,CYAW 021844Z 27011G17KT 15SM FEW020 BKN028 04/01 A2967 RMK SC2SC4 DA-776FT SLP048
CYAW,2022-03-02 20:00,-63.4994,44.6397,CYAW 022000Z 29016G21KT 15SM BKN027 03/M01 A2969 RMK SC6 DA-923FT CU ASCOTD SLP057
CYAW,2022-03-02 21:00,-63.4994,44.6397,CYAW 022100Z 29014KT 15SM BKN023 02/M02 A2972 RMK SC7 DA-1164FT SLP067
CYAW,2022-03-02 22:00,-63.4994,44.6397,CYAW 022200Z 31011G17KT 15SM BKN024 BKN230 00/M04 A2976 RMK SC5CI1 DA-1372FT SLP079
CYAW,2022-03-02 23:00,-63.4994,44.6397,CYAW 022300Z 29013KT 10SM BKN027 BKN230 M00/M05 A2979 RMK SC5CI1 DA-1487FT SLP090
CYAW,2022-03-02 23:16,-63.4994,44.6397,CYAW 022316Z 29011KT 10SM BKN027 BKN230 M00/M05 A2980 RMK SC5CI1 DA-1486FT LAST OBS/NEXT 031100 UTC SLP093
CYAW,2022-03-03 11:00,-63.4994,44.6397,CYAW 031100Z 00000KT 15SM FEW020 SCT070 BKN110 BKN220 M06/M08 A2986 RMK SC1AC3AC2CI1 DA-2305FT FST OBS CF ASOCTD SLP113
CYAW,2022-03-03 12:00,-63.4994,44.6397,CYAW 031200Z 04003KT 15SM FEW025 BKN045 OVC090 M05/M07 A2985 RMK SC1SC6AC2 DA-2182FT SLP112
CYAW,2022-03-03 12:28,-63.4994,44.6397,CYAW 031228Z 05002KT 5SM -SN OVC020 M04/M06 A2986 RMK SC8 DA-2102FT SLP114
CYAW,2022-03-03 12:42,-63.4994,44.6397,CYAW 031242Z 06003KT 1 3/4SM -SN OVC015 M04/M06 A2986 RMK SC8 DA-2076FT VIS VRB 1 1/4-2 1/4 SLP115
CYAW,2022-03-03 13:00,-63.4994,44.6397,CYAW 031300Z 08003KT 1 1/2SM -SN VV008 M04/M06 A2986 RMK SN8 DA-2023FT VIS VRB 1-2 SLP113
CYAW,2022-03-03 14:00,-63.4994,44.6397,CYAW 031400Z 05004KT 1 1/2SM -SN VV008 M03/M04 A2984 RMK SN8 DA-1954FT VIS VRB 1-2 CIG VRB 6-10 SLP107
CYAW,2022-03-03 14:49,-63.4994,44.6397,CYAW 031449Z 07008KT 3/4SM -SN OVC010 M03/M04 A2977 RMK SN6SC2 DA-1845FT PRESFR /S01/ SLP083
CYAW,2022-03-03 15:00,-63.4994,44.6397,CYAW 031500Z 07010KT 3/8SM SN VV003 M03/M04 A2977 RMK SN8 DA-1831FT PRESFR /S01/ SLP084
CYAW,2022-03-03 16:00,-63.4994,44.6397,CYAW 031600Z 06010G16KT 3/8SM SN DRSN VV003 M03/M04 A2970 RMK SN8 DA-1762FT PRESFR /S03/ SLP061
CYAW,2022-03-03 16:14,-63.4994,44.6397,CYAW 031614Z 06010G15KT 1/4SM +SN DRSN VV003 M03/M04 A2968 RMK SN8 DA-1739FT VIS VRB 1/8-3/8 SLP055
CYAW,2022-03-03 17:00,-63.4994,44.6397,CYAW 031700Z 06013G18KT 1/4SM +SN DRSN VV003 M03/M04 A2965 RMK SN8 DA-1705FT VIS VRB 1/8-3/8 /S06/ LAST OBS/NEXT 041100 UTC SLP043
CYAW,2022-03-04 11:00,-63.4994,44.6397,CYAW 041100Z 27011KT 15SM FEW023 M10/M17 A3026 RMK SC2 DA-3372FT FST OBS CF ASOCTD SLP251
CYAW,2022-03-04 12:00,-63.4994,44.6397,CYAW 041200Z 28012G19KT 15SM DRSN FEW020 M15/M19 A3029 RMK SC2 DA-4101FT CF ASOCTD SLP261
CYAW,2022-03-04 13:00,-63.4994,44.6397,CYAW 041300Z 30019KT 15SM DRSN SCT020 M15/M19 A3032 RMK CF3 DA-4053FT SLP271
CYAW,2022-03-04 14:00,-63.4994,44.6397,CYAW 041400Z 30015KT 15SM DRSN SCT022 M14/M18 A3033 RMK SC3 DA-3927FT CF ASOCTD SLP276
CYAW,2022-03-04 15:00,-63.4994,44.6397,CYAW 041500Z 31013G18KT 15SM DRSN FEW020 M13/M17 A3033 RMK CF2 DA-3777FT SLP273
CYAW,2022-03-04 16:00,-63.4994,44.6397,CYAW 041600Z 27013KT 15SM DRSN FEW025 M11/M17 A3032 RMK CF2 DA-3521FT SLP270
CYAW,2022-03-04 17:00,-63.4994,44.6397,CYAW 041700Z 28015KT 15SM FEW025 M10/M16 A3029 RMK CF2 DA-3338FT SLP261
CYAW,2022-03-04 18:00,-63.4994,44.6397,CYAW 041800Z 25014G19KT 15SM SCT025 M08/M15 A3028 RMK CU3 DA-3099FT SLP259
CYAW,2022-03-04 19:00,-63.4994,44.6397,CYAW 041900Z 27014G22KT 15SM BKN040 M07/M14 A3027 RMK CU5 DA-3007FT SLP255
CYAW,2022-03-04 20:00,-63.4994,44.6397,CYAW 042000Z 26009G16KT 15SM BKN040 M07/M13 A3027 RMK SC6 DA-2992FT CU ASOCTD SLP253
CYAW,2022-03-04 20:40,-63.4994,44.6397,CYAW 042040Z 26016KT 15SM BKN040 M06/M14 A3026 RMK SC6 DA-2876FT LAST OBS/NXT 071100 UTC SLP251
CYAW,2022-03-07 11:00,-63.4994,44.6397,CYAW 071100Z 27007KT 2SM BR BCFG OVC075 06/06 A2962 RMK AC8 DA-484FT FST OBS SLP033
CYAW,2022-03-07 12:00,-63.4994,44.6397,CYAW 071200Z 27009KT 3SM BR BKN080 OVC230 06/06 A2967 RMK AC7CI1 DA-450FT SLP049
CYAW,2022-03-07 12:36,-63.4994,44.6397,CYAW 071236Z 27007KT 5SM BR SCT080 OVC230 07/07 A2968 RMK AC4CI4 DA-410FT SLP052
CYAW,2022-03-07 13:00,-63.4994,44.6397,CYAW 071300Z 27008KT 8SM BKN065 OVC230 07/07 A2969 RMK SC5CI3 DA-394FT SLP055
CYAW,2022-03-07 14:00,-63.4994,44.6397,CYAW 071400Z 29012KT 15SM FEW025 SCT060 OVC230 08/05 A2973 RMK SC1SC3CI4 DA-368FT SLP068
CYAW,2022-03-07 15:00,-63.4994,44.6397,CYAW 071500Z 30012G20KT 15SM BKN025 OVC060 08/04 A2974 RMK SC5SC3 DA-375FT SLP073
CYAW,2022-03-07 16:00,-63.4994,44.6397,CYAW 071600Z 28012KT 15SM BKN030 OVC230 07/03 A2977 RMK SC7CI1 DA-466FT SLP083
CYAW,2022-03-07 17:00,-63.4994,44.6397,CYAW 071700Z 30014KT 15SM BKN025 OVC230 07/03 A2977 RMK SC7CI1 DA-519FT SLP083
CYAW,2022-03-07 18:00,-63.4994,44.6397,CYAW 071800Z 27010KT 15SM BKN023 OVC230 07/03 A2979 RMK SC7CI1 DA-557FT SLP091
CYAW,2022-03-07 19:00,-63.4994,44.6397,CYAW 071900Z 27006G17KT 15SM BKN032 BKN120 OVC230 07/02 A2979 RMK SC5AC1CI2 DA-496FT SLP090
CYAW,2022-03-07 21:00,-63.4994,44.6397,CYAW 072100Z 14006KT 15SM FEW032 OVC130 06/02 A2975 RMK SC1AC8 DA-648FT SLP076
CYAW,2022-03-07 22:00,-63.4994,44.6397,CYAW 072200Z 00000KT 15SM -RA OVC095 05/02 A2975 RMK AC8 DA-762FT SLP075
CYAW,2022-03-07 23:00,-63.4994,44.6397,CYAW 072300Z 09004KT 15SM -RA OVC080 04/02 A2971 RMK AC8 DA-876FT SLP064
CYAW,2022-03-08 00:00,-63.4994,44.6397,CYAW 080000Z 15006KT 10SM -RA OVC070 03/02 A2969 RMK AC8 DA-977FT LAST OBS/NEXT 081100 UTC SLP056
CYAW,2022-03-08 11:00,-63.4994,44.6397,CYAW 081100Z 27022G35KT 15SM BKN027 BKN230 07/04 A2918 RMK SC5CI2 DA177FT CC ASOCTD FST OBS SLP883
CYAW,2022-03-08 12:00,-63.4994,44.6397,CYAW 081200Z 27010G33KT 15SM BKN024 05/02 A2923 RMK SC7 DA-133FT SLP901
CYAW,2022-03-08 13:00,-63.4994,44.6397,CYAW 081300Z 27019G36KT 15SM BKN030 03/00 A2929 RMK SC7 DA-119FT SLP920
CYAW,2022-03-08 14:00,-63.4994,44.6397,CYAW 081400Z 27027G35KT 15SM BKN035 04/M03 A2934 RMK SC6 DA-463FT SLP936
CYAW,2022-03-08 15:00,-63.4994,44.6397,CYAW 081500Z 28022G38KT 15SM BKN040 04/M03 A2937 RMK SC6 DA-487FT SLP946
CYAW,2022-03-08 16:00,-63.4994,44.6397,CYAW 081600Z 28030G37KT 15SM BKN045 03/M05 A2940 RMK SC7 DA-581FT SLP958
CYAW,2022-03-08 17:00,-63.4994,44.6397,CYAW 081700Z 27025G32KT 15SM BKN042 03/M05 A2943 RMK SC7 DA-692FT SLP968
CYAW,2022-03-08 18:00,-63.4994,44.6397,CYAW 081800Z 29029G35KT 15SM OVC043 02/M06 A2947 RMK SC8 DA-830FT SLP983
CYAW,2022-03-08 19:00,-63.4994,44.6397,CYAW 081900Z 29021G35KT 15SM -SHSN BKN042 BKN050 02/M05 A2952 RMK SC6SC1 DA-910FT PCPN VRY LGT SLP997
CYAW,2022-03-08 20:00,-63.4994,44.6397,CYAW 082000Z 28028G38KT 15SM -SHSN BKN044 BKN055 02/M06 A2956 RMK SC6SC1 DA-958FT PCPN VRY LGT SLP011
CYAW,2022-03-08 21:00,-63.4994,44.6397,CYAW 082100Z 30023G37KT 15SM BKN050 01/M08 A2961 RMK SC5 DA-1087FT SHSN DIST S SLP030
CYAW,2022-03-08 22:00,-63.4994,44.6397,CYAW 082200Z 29024G36KT 15SM SCT050 01/M09 A2968 RMK SC3 DA-1273FT PRESRR SLP053
CYAW,2022-03-08 23:00,-63.4994,44.6397,CYAW 082300Z 29030G40KT 15SM FEW045 00/M09 A2974 RMK SC2 DA-1419FT SLP072
CYAW,2022-03-09 00:00,-63.4994,44.6397,CYAW 090000Z 29025G32KT 15SM FEW045 M01/M10 A2978 RMK SC1 DA-1558FT SLP087
CYAW,2022-03-09 11:00,-63.4994,44.6397,CYAW 091100Z 30008KT 15SM BKN250 M06/M10 A3018 RMK CI7 DA-2670FT FST OBS SLP223
CYAW,2022-03-09 12:00,-63.4994,44.6397,CYAW 091200Z 31012KT 15SM FEW120 BKN250 M05/M10 A3020 RMK AC1CI7 DA-2600FT SLP230
CYAW,2022-03-09 13:00,-63.4994,44.6397,CYAW 091300Z 30006KT 15SM BKN250 M04/M10 A3019 RMK CI7 DA-2484FT CS ASOCTD HALO SLP225
CYAW,2022-03-09 14:00,-63.4994,44.6397,CYAW 091400Z 33006KT 15SM OVC250 M03/M11 A3018 RMK CI8 DA-2332FT CS ASOCTD HALO SLP223
CYAW,2022-03-09 15:00,-63.4994,44.6397,CYAW 091500Z 23006KT 15SM OVC250 M02/M10 A3017 RMK CI8 DA-2203FT CS ASOCTD HALO SLP220
CYAW,2022-03-09 16:00,-63.4994,44.6397,CYAW 091600Z 17009KT 15SM OVC230 M01/M09 A3017 RMK CS8 DA-2084FT SLP220
CYAW,2022-03-09 17:00,-63.4994,44.6397,CYAW 091700Z 17009KT 15SM OVC220 M01/M08 A3014 RMK CS8 DA-1955FT HALO SLP211
CYAW,2022-03-09 18:00,-63.4994,44.6397,CYAW 091800Z 19012KT 15SM OVC220 00/M08 A3012 RMK CS8 DA-1830FT HALO SLP202
CYAW,2022-03-09 19:00,-63.4994,44.6397,CYAW 091900Z 22011KT 15SM FEW140 OVC220 M00/M08 A3012 RMK AC1CS7 DA-1870FT HALO SLP202
CYAW,2022-03-09 20:00,-63.4994,44.6397,CYAW 092000Z 21010KT 15SM FEW140 OVC220 M01/M06 A3011 RMK AC1CS7 DA-1916FT HALO SLP199
CYAW,2022-03-09 21:00,-63.4994,44.6397,CYAW 092100Z 21006KT 15SM OVC180 M00/M05 A3010 RMK AS8 DA-1875FT SUN DIMLY VISBL SLP194
CYAW,2022-03-09 21:21,-63.4994,44.6397,CYAW 092121Z 20005KT 15SM OVC180 M00/M05 A3010 RMK AS8 DA-1873FT LAST OBS/NEXT 101100 UTC SLP196
CYAW,2022-03-10 11:00,-63.4994,44.6397,CYAW 101100Z 00000KT 15SM MIFG SCT006 BKN060 M02/M02 A3001 RMK SF3SC4 DA-1972FT FST OBS SLP164
CYAW,2022-03-10 12:00,-63.4994,44.6397,CYAW 101200Z 25004KT 15SM FEW006 FEW020 FEW060 FEW250 M02/M02 A3005 RMK SF1SC1SC1CI1 DA-2032FT SLP178
CYAW,2022-03-10 13:00,-63.4994,44.6397,CYAW 101300Z 25005KT 15SM FEW006 FEW020 FEW080 FEW250 M00/M02 A3005 RMK SF1SC1AC1CI2 DA-1799FT SLP179
CYAW,2022-03-10 14:00,-63.4994,44.6397,CYAW 101400Z 24005KT 15SM FEW015 FEW250 01/M01 A3007 RMK SC1CI1 DA-1588FT CI TR SLP185
CYAW,2022-03-10 15:00,-63.4994,44.6397,CYAW 101500Z 25008KT 15SM SCT013 SCT250 03/M00 A3007 RMK SC4CI1 DA-1407FT SLP185
CYAW,2022-03-10 16:00,-63.4994,44.6397,CYAW 101600Z 26011KT 15SM BKN017 BKN250 03/M00 A3005 RMK SC7CI1 DA-1396FT SLP178
CYAW,2022-03-10 17:00,-63.4994,44.6397,CYAW 101700Z 27012G17KT 15SM BKN022 BKN250 03/M00 A3004 RMK SC7CI1 DA-1348FT SLP175
CYAW,2022-03-10 18:00,-63.4994,44.6397,CYAW 101800Z 25013G20KT 15SM BKN022 BKN250 05/01 A3005 RMK SC6CI1 DA-1164FT SLP177
CYAW,2022-03-10 19:00,-63.4994,44.6397,CYAW 101900Z 24011G17KT 15SM BKN023 BKN250 04/00 A3004 RMK SC6CI1 DA-1169FT SLP176
CYAW,2022-03-10 20:00,-63.4994,44.6397,CYAW 102000Z 23007KT 15SM SCT020 BKN030 BKN250 04/01 A3004 RMK SC3SC2CI1 DA-1216FT SLP174
CYAW,2022-03-10 21:00,-63.4994,44.6397,CYAW 102100Z 20009KT 15SM FEW022 BKN240 04/01 A3004 RMK CF1CI6 DA-1203FT HALO CS ASOCTD SLP176
CYAW,2022-03-10 22:00,-63.4994,44.6397,CYAW 102200Z 22009KT 15SM FEW022 OVC250 03/01 A3006 RMK CF1CI8 DA-1415FT CS ASOCTD HALO SLP182
CYAW,2022-03-10 23:00,-63.4994,44.6397,CYAW 102300Z 22005KT 15SM BKN250 01/00 A3007 RMK CI5 DA-1593FT SLP184
CYAW,2022-03-11 00:00,-63.4994,44.6397,CYAW 110000Z 23005KT 15SM SCT250 01/00 A3006 RMK CI3 DA-1645FT LAST OBS/NEXT 111100 UTC SLP182
CYAW,2022-03-11 11:00,-63.4994,44.6397,CYAW 111100Z 00000KT 10SM FEW007 BKN033 BKN060 M01/M01 A3014 RMK SF2SC4SC1 DA-1962FT FST OBS SLP209
CYAW,2022-03-11 12:00,-63.4994,44.6397,CYAW 111200Z 00000KT 15SM FEW008 SCT230 00/M00 A3014 RMK SF1CI3 DA-1805FT SLP209
CYAW,2022-03-11 13:00,-63.4994,44.6397,CYAW 111300Z 06004KT 15SM FEW040 FEW230 02/00 A3014 RMK CF1CI1 DA-1561FT SLP207
CYAW,2022-03-11 14:00,-63.4994,44.6397,CYAW 111400Z 06004KT 15SM FEW040 FEW230 03/00 A3014 RMK CF1CI1 DA-1411FT CF TR SLP207
CYAW,2022-03-11 15:00,-63.4994,44.6397,CYAW 111500Z 13006KT 15SM FEW040 FEW240 04/M01 A3014 RMK CF1CI1 DA-1308FT CF TR SLP208
CYAW,2022-03-11 16:00,-63.4994,44.6397,CYAW 111600Z 15006KT 15SM FEW040 BKN240 04/M00 A3013 RMK SC1CI5 DA-1365FT CF ASOCTD SLP206
CYAW,2022-03-11 17:00,-63.4994,44.6397,CYAW 111700Z 15010KT 15SM FEW030 SCT240 03/01 A3012 RMK SC1CI2 DA-1395FT CF ASOCTD SLP202
CYAW,2022-03-11 18:00,-63.4994,44.6397,CYAW 111800Z 17013KT 12SM FEW020 OVC240 04/01 A3011 RMK SC2CI6 DA-1295FT CU ASOCTD SLP199
CYAW,2022-03-11 19:00,-63.4994,44.6397,CYAW 111900Z 19010KT 15SM SCT013 OVC240 03/00 A3011 RMK CU4CI4 DA-1413FT SLP199
CYAW,2022-03-11 20:00,-63.4994,44.6397,CYAW 112000Z 21007KT 15SM FEW014 OVC240 04/M00 A3011 RMK SC1CI8 DA-1341FT CS ASOCTD HALO LAST OBS/NEXT 141100 UTC SLP197
CYAW,2022-03-14 10:00,-63.4994,44.6397,CYAW 141000Z 00000KT 10SM BKN072 M05/M12 A3025 RMK AC5 DA-2623FT FST OBS SLP247
CYAW,2022-03-14 11:00,-63.4994,44.6397,CYAW 141100Z 00000KT 15SM BKN075 M05/M11 A3027 RMK AC5 DA-2644FT SLP254
CYAW,2022-03-14 12:00,-63.4994,44.6397,CYAW 141200Z 00000KT 15SM FEW030 BKN073 M04/M11 A3030 RMK SC1AC5 DA-2537FT SLP263
CYAW,2022-03-14 13:00,-63.4994,44.6397,CYAW 141300Z 28005KT 15SM BKN050 BKN080 M03/M11 A3030 RMK SC5AC2 DA-2421FT SLP265
CYAW,2022-03-14 14:00,-63.4994,44.6397,CYAW 141400Z 00000KT 15SM SCT050 BKN095 M02/M11 A3031 RMK SC4AC3 DA-2302FT SLP268
CYAW,2022-03-14 15:00,-63.4994,44.6397,CYAW 141500Z 17007KT 15SM OVC050 M00/M09 A3032 RMK SC8 DA-2154FT SLP270
CYAW,2022-03-14 16:00,-63.4994,44.6397,CYAW 141600Z 22010KT 15SM -SHSN BKN035 OVC055 M00/M08 A3033 RMK SC5SC3 DA-2110FT PCPN VRY LGT SLP272
CYAW,2022-03-14 16:20,-63.4994,44.6397,CYAW 141620Z 23006KT 15SM SCT040 OVC060 01/M06 A3032 RMK SC3SC5 DA-1964FT SLP271
CYAW,2022-03-14 17:00,-63.4994,44.6397,CYAW 141700Z 21004KT 15SM SCT030 BKN060 01/M07 A3030 RMK CU3SC2 DA-1970FT SLP264
CYAW,2022-03-14 18:00,-63.4994,44.6397,CYAW 141800Z 25013KT 15SM SCT040 SCT070 02/M06 A3029 RMK CU4AC1 DA-1753FT SLP261
CYAW,2022-03-14 19:00,-63.4994,44.6397,CYAW 141900Z 25011KT 15SM SCT045 SCT070 SCT250 02/M06 A3029 RMK CU4AC1CI1 DA-1779FT SLP259
CYAW,2022-03-14 20:00,-63.4994,44.6397,CYAW 142000Z 23010KT 15SM FEW040 FEW080 02/M05 A3028 RMK CU2AC1 DA-1774FT SLP257
CYAW,2022-03-14 21:00,-63.4994,44.6397,CYAW 142100Z 19010KT 15SM -SHSN FEW040 BKN058 01/M02 A3028 RMK CU2SC4 DA-1872FT PCPN VRY LGT SLP258
CYAW,2022-03-14 21:52,-63.4994,44.6397,CYAW 142152Z 20009KT 15SM FEW030 BKN060 02/M02 A3028 RMK SC1SC6 DA-1813FT SLP258
CYAW,2022-03-14 22:00,-63.4994,44.6397,CYAW 142200Z 20010KT 15SM FEW030 BKN060 02/M02 A3028 RMK SC1SC6 DA-1813FT SLP257
CYAW,2022-03-14 22:37,-63.4994,44.6397,CYAW 142237Z 19009KT 15SM FEW030 BKN055 01/M01 A3029 RMK SC1SC7 DA-1857FT LAST OBS/NXT 151000 UTC SLP259
CYAW,2022-03-15 10:00,-63.4994,44.6397,CYAW 151000Z 21004KT 15SM OVC005 02/02 A3020 RMK SF8 DA-1672FT VIS LWR SW QUAD CIG PDMTLY TRANSPARENT FST OBS SLP230
CYAW,2022-03-15 11:00,-63.4994,44.6397,CYAW 151100Z 22005KT 6SM BR FEW007 BKN055 OVC075 03/02 A3019 RMK SC1SC7AC1 DA-1555FT SC TR SLP227
CYAW,2022-03-15 12:00,-63.4994,44.6397,CYAW 151200Z 29004KT 8SM BKN055 OVC070 03/02 A3019 RMK SC7AS1 DA-1508FT SLP225
CYAW,2022-03-15 12:33,-63.4994,44.6397,CYAW 151233Z 24005KT 8SM -SHRA OVC047 03/01 A3020 RMK SC8 DA-1523FT PCPN VRY LGT SLP230
CYAW,2022-03-15 13:00,-63.4994,44.6397,CYAW 151300Z 22002KT 12SM -SHRA FEW030 OVC040 03/01 A3021 RMK SC1SC8 DA-1534FT SLP231
CYAW,2022-03-15 14:00,-63.4994,44.6397,CYAW 151400Z 25005KT 6SM -SHRA BR FEW015 OVC039 03/02 A3020 RMK SF2SC6 DA-1505FT SLP228
CYAW,2022-03-15 15:00,-63.4994,44.6397,CYAW 151500Z 24006KT 8SM -SHRA SCT015 OVC024 03/02 A3019 RMK CF3SC5 DENSITY ALT -1455FT SLP224
CYAW,2022-03-15 15:47,-63.4994,44.6397,CYAW 151547Z CCA 28005KT 8SM OVC015 04/03 A3018 RMK SC8 DENSITY ALT -1340FT SLP221
CYAW,2022-03-15 16:00,-63.4994,44.6397,CYAW 151600Z 28005KT 8SM OVC015 04/02 A3017 RMK SC8 DENSITY ALT -1344FT SLP219
CYAW,2022-03-15 17:00,-63.4994,44.6397,CYAW 151700Z 30009KT 15SM BKN020 OVC080 05/03 A3016 RMK SC6AC2 DENSITY ALT -1169FT CF ASOCTD SLP215
CYAW,2022-03-15 18:00,-63.4994,44.6397,CYAW 151800Z 27009KT 15SM FEW024 BKN030 BKN110 07/02 A3014 RMK CU2SC3AC1 DENSITY ALT -992FT CF ASOCTD SLP210
CYAW,2022-03-15 19:00,-63.4994,44.6397,CYAW 151900Z 31008KT 15SM FEW036 BKN110 07/M00 A3014 RMK CU2AC3 DENSITY ALT -978FT CF ASOCTD SLP209
CYAW,2022-03-15 20:00,-63.4994,44.6397,CYAW 152000Z 28008KT 15SM FEW045 FEW110 BKN230 07/M01 A3014 RMK CU1AC1CI4 DENSITY ALT -960FT CF ASOCTD SLP207
CYAW,2022-03-15 21:00,-63.4994,44.6397,CYAW 152100Z 31014KT 15SM FEW050 FEW140 SCT250 08/M03 A3014 RMK SC1AC1CI3 DENSITY ALT -846FT SLP209
CYAW,2022-03-15 22:00,-63.4994,44.6397,CYAW 152200Z 30007KT 15SM FEW050 FEW140 BKN250 07/M04 A3016 RMK SC1AC1CI5 DENSITY ALT -1044FT SC TR SLP216
CYAW,2022-03-15 23:00,-63.4994,44.6397,CYAW 152300Z 33008KT 15SM FEW030 FEW140 SCT250 05/M03 A3018 RMK SC1AC1CI3 DENSITY ALT -1315FT LAST OBS/NXT 161000 UTC SLP222
CYAW,2022-03-16 10:00,-63.4994,44.6397,CYAW 161000Z 07006KT 3SM -SN OVC020 M01/M03 A3021 RMK SN3SC5 DENSITY ALT -2133FT FST OBS SLP232
CYAW,2022-03-16 10:23,-63.4994,44.6397,CYAW 161023Z 09009KT 1SM -SN OVC012 M02/M03 A3021 RMK SN5SC3 DENSITY ALT -2155FT VIS VRB 1/2-1 1/2 SLP232
CYAW,2022-03-16 11:00,-63.4994,44.6397,CYAW 161100Z 09011G16KT 1SM -SN OVC020 M02/M03 A3022 RMK SN5SC3 DENSITY ALT -2244FT VIS VRB 1/2-1 1/2 SLP237
CYAW,2022-03-16 12:00,-63.4994,44.6397,CYAW 161200Z 08008KT 1 1/2SM -SN OVC008 M02/M03 A3022 RMK SN5SC3 DENSITY ALT -2231FT VIS VRB 1-2 /S03/ SLP236
CYAW,2022-03-16 13:00,-63.4994,44.6397,CYAW 161300Z 07007KT 1 1/2SM -SN OVC009 M02/M03 A3023 RMK SN5SC3 DENSITY ALT -2269FT VIS VRB 1-2 /S04/ SLP240
CYAW,2022-03-16 14:00,-63.4994,44.6397,CYAW 161400Z 08011KT 1 1/2SM -SN OVC009 M01/M02 A3023 RMK SN5SC3 DENSITY ALT -2138FT VIS VRB 1-2 /S05/ SLP239
CYAW,2022-03-16 15:00,-63.4994,44.6397,CYAW 161500Z 08011KT 3SM -SN OVC007 M01/M02 A3021 RMK SF8 DENSITY ALT -2061FT SLP232
CYAW,2022-03-16 15:39,-63.4994,44.6397,CYAW 161539Z 09011G16KT 12SM OVC007 M00/M02 A3021 RMK SF8 DENSITY ALT -1959FT SLP231
CYAW,2022-03-16 16:00,-63.4994,44.6397,CYAW 161600Z 07006KT 15SM OVC008 M00/M02 A3021 RMK SF8 DENSITY ALT -1945FT SLP231
CYAW,2022-03-16 17:00,-63.4994,44.6397,CYAW 161700Z 06004KT 15SM OVC007 00/M02 A3020 RMK SF8 DENSITY ALT -1921FT SLP230
CYAW,2022-03-16 18:00,-63.4994,44.6397,CYAW 161800Z 04002KT 15SM OVC008 00/M02 A3019 RMK SF8 DA-1870FT SLP224
CYAW,2022-03-16 19:00,-63.4994,44.6397,CYAW 161900Z 00000KT 15SM OVC010 00/M02 A3019 RMK SC8 DA-1871FT SLP225
CYAW,2022-03-16 20:00,-63.4994,44.6397,CYAW 162000Z 22004KT 15SM OVC009 00/M01 A3020 RMK SC8 DA-1906FT SLP229
CYAW,2022-03-16 21:00,-63.4994,44.6397,CYAW 162100Z 18007KT 15SM OVC010 M00/M01 A3020 RMK SC8 DA-1932FT SLP229
CYAW,2022-03-16 22:00,-63.4994,44.6397,CYAW 162200Z 18008KT 15SM OVC010 M00/M01 A3022 RMK SC8 DA-1954FT SLP234
CYAW,2022-03-16 22:17,-63.4994,44.6397,CYAW 162217Z 18007KT 15SM OVC009 M00/M01 A3022 RMK SC8 DA-1966FT SLP234
CYAW,2022-03-16 23:00,-63.4994,44.6397,CYAW 162300Z 20008KT 15SM OVC010 M00/M01 A3023 RMK SC8 DA-1978FT SLP241
CYAW,2022-03-17 00:00,-63.4994,44.6397,CYAW 170000Z 19010KT 15SM OVC010 00/M00 A3025 RMK SC8 DA-1971FT SLP248
CYAW,2022-03-17 00:43,-63.4994,44.6397,CYAW 170043Z 20008KT 15SM OVC010 00/M01 A3026 RMK SC8 DA-1984FT LAST OBS/NEXT 171000 UTC SLP251
CYAW,2022-03-17 10:00,-63.4994,44.6397,CYAW 171000Z 21006KT 15SM OVC011 01/00 A3029 RMK SC8 DA-1834FT FST OBS SLP260
CYAW,2022-03-17 10:53,-63.4994,44.6397,CYAW 171053Z 20007KT 15SM OVC009 01/00 A3030 RMK SC8 DA-1845FT SLP262
CYAW,2022-03-17 11:00,-63.4994,44.6397,CYAW 171100Z 21006KT 15SM OVC009 01/00 A3030 RMK SC8 DA-1845FT SLP264
CYAW,2022-03-17 12:00,-63.4994,44.6397,CYAW 171200Z 20010G15KT 15SM OVC007 02/01 A3029 RMK SF8 DA-1818FT SLP259
CYAW,2022-03-17 12:44,-63.4994,44.6397,CYAW 171244Z 19012KT 15SM OVC005 01/01 A3029 RMK SF8 DA-1830FT SLP260
CYAW,2022-03-17 13:00,-63.4994,44.6397,CYAW 171300Z 20013KT 15SM OVC004 01/01 A3030 RMK SF8 DA-1868FT SLP262
CYAW,2022-03-17 14:00,-63.4994,44.6397,CYAW 171400Z 19011KT 15SM OVC004 01/01 A3029 RMK SF8 DA-1882FT SLP260
CYAW,2022-03-17 15:00,-63.4994,44.6397,CYAW 171500Z 20007KT 15SM OVC005 02/01 A3027 RMK SF8 DA-1794FT SLP254
CYAW,2022-03-17 16:00,-63.4994,44.6397,CYAW 171600Z 19011KT 15SM OVC006 02/01 A3026 RMK SF8 DA-1667FT SLP249
CYAW,2022-03-17 17:00,-63.4994,44.6397,CYAW 171700Z 19011KT 15SM BKN009 04/02 A3024 RMK SF5 DA-1439FT SLP243
CYAW,2022-03-17 17:13,-63.4994,44.6397,CYAW 171713Z 19011KT 15SM SCT011 SCT240 04/02 A3023 RMK SF3CI1 DA-1376FT SLP239
CYAW,2022-03-17 18:00,-63.4994,44.6397,CYAW 171800Z 18011KT 15SM BKN014 BKN240 05/02 A3020 RMK CF6CI1 DA-1241FT SLP230
CYAW,2022-03-17 19:00,-63.4994,44.6397,CYAW 171900Z 20008KT 15SM BKN016 BKN240 06/03 A3019 RMK SC6CI1 DA-1100FT SLP225
CYAW,2022-03-17 20:00,-63.4994,44.6397,CYAW 172000Z 18010KT 15SM FEW028 BKN240 06/03 A3017 RMK CF2CC5 DA-1139FT SLP217
CYAW,2022-03-17 20:21,-63.4994,44.6397,CYAW 172021Z 19013KT 15SM FEW027 OVC240 05/03 A3016 RMK CF2CI6 DA-1177FT LAST OBS/NEXT 181000 UTC SLP215
CYAW,2022-03-18 10:00,-63.4994,44.6397,CYAW 181000Z 00000KT 2 1/4SM BR BKN075 03/03 A2986 RMK AC6 DA-1067FT VIS VRB 1 1/2-3 FST OBS SLP114
CYAW,2022-03-18 11:00,-63.4994,44.6397,CYAW 181100Z 00000KT 1 3/4SM BR FEW002 OVC060 04/04 A2986 RMK ST2SC6 DA-1000FT VIS VRB 3/4-3 SLP113
CYAW,2022-03-18 11:50,-63.4994,44.6397,CYAW 181150Z 00000KT 5SM BR FEW005 BKN036 OVC055 04/04 A2986 RMK SF1SC6SC2 DA-948FT VIS LWR SE QUAD SLP112
CYAW,2022-03-18 12:00,-63.4994,44.6397,CYAW 181200Z 00000KT 5SM BR FEW005 BKN036 OVC055 04/04 A2986 RMK SF1SC6SC2 DA-961FT VIS LWR SE QUAD SLP112
CYAW,2022-03-18 13:00,-63.4994,44.6397,CYAW 181300Z 00000KT 5SM BR FEW002 BKN019 BKN042 OVC240 05/05 A2987 RMK SF1SC4SC2CI1 DA-840FT SLP116
CYAW,2022-03-18 14:00,-63.4994,44.6397,CYAW 181400Z 00000KT 8SM FEW004 BKN018 BKN040 07/06 A2987 RMK SF1SC6SC1 DA-632FT SF TR SLP116
CYAW,2022-03-18 15:00,-63.4994,44.6397,CYAW 181500Z 31007KT 15SM BKN008 OVC014 10/09 A2986 RMK SF6SC2 DA-204FT SLP113
CYAW,2022-03-18 16:00,-63.4994,44.6397,CYAW 181600Z 00000KT 15SM BKN011 OVC016 11/09 A2984 RMK SF6SC2 DA-84FT SLP105
CYAW,2022-03-18 16:36,-63.4994,44.6397,CYAW 181636Z 00000KT 15SM SCT016 BKN240 12/09 A2982 RMK SC4CI1 DA135FT CF ASOCTD SLP099
CYAW,2022-03-18 17:00,-63.4994,44.6397,CYAW 181700Z 33006KT 15SM BKN017 BKN240 14/09 A2982 RMK SC5CI1 DA267FT CF ASOCTD SLP098
CYAW,2022-03-18 18:00,-63.4994,44.6397,CYAW 181800Z 29010KT 15SM FEW015 BKN240 15/09 A2981 RMK CU1CI5 DA403FT CF ASOCTD SLP097
CYAW,2022-03-18 19:00,-63.4994,44.6397,CYAW 181900Z 30014KT 15SM FEW015 BKN240 15/08 A2985 RMK CU1CI4 DA383FT CF ASOCTD SLP110
CYAW,2022-03-18 19:28,-63.4994,44.6397,CYAW 181928Z 28012G17KT 15SM FEW015 BKN240 16/07 A2986 RMK CU2CI3 DA475FT CF ASOCTD SLP114
CYAW,2022-03-19 17:00,-63.4994,44.6397,CYAW 191700Z 11006KT 10SM -PL BKN032 OVC068 02/M03 A3033 RMK SC6AC2 DA-1861FT FST OBS SLP273
CYAW,2022-03-19 17:27,-63.4994,44.6397,CYAW 191727Z 10006KT 12SM SCT032 OVC065 02/M03 A3031 RMK SC4SC4 DA-1851FT SLP265
CYAW,2022-03-19 18:00,-63.4994,44.6397,CYAW 191800Z 09005KT 10SM BKN040 OVC060 02/M03 A3031 RMK SC6SC2 DA-1800FT SLP265
CYAW,2022-03-19 19:00,-63.4994,44.6397,CYAW 191900Z 09006KT 10SM OVC045 03/M03 A3029 RMK SC8 DA-1715FT SLP259
CYAW,2022-03-19 20:00,-63.4994,44.6397,CYAW 192000Z 09007KT 10SM OVC040 02/M03 A3027 RMK SC8 DA-1731FT SLP252
CYAW,2022-03-19 21:00,-63.4994,44.6397,CYAW 192100Z 10011KT 12SM OVC040 02/M03 A3026 RMK SC8 DA-1719FT SLP248
CYAW,2022-03-19 22:00,-63.4994,44.6397,CYAW 192200Z 10013G20KT 12SM OVC035 02/M03 A3023 RMK SC8 DA-1709FT SLP239
CYAW,2022-03-19 23:00,-63.4994,44.6397,CYAW 192300Z 09011G20KT 12SM OVC030 02/M02 A3020 RMK SC8 DA-1683FT SLP229
CYAW,2022-03-20 00:00,-63.4994,44.6397,CYAW 200000Z 09009G19KT 12SM OVC030 02/M01 A3019 RMK SC8 DA-1690FT SLP224
CYAW,2022-03-20 00:19,-63.4994,44.6397,CYAW 200019Z 09012G20KT 6SM -SHRA OVC030 01/M00 A3018 RMK SC8 DA-1725FT SLP221
CYAW,2022-03-20 01:00,-63.4994,44.6397,CYAW 200100Z 08014G20KT 6SM -SHRA OVC023 01/00 A3016 RMK SC8 DA-1723FT LAST OBS/NEXT 211000 UTC SLP214
CYAW,2022-03-21 10:00,-63.4994,44.6397,CYAW 211000Z 00000KT 15SM BKN006 OVC035 04/04 A2952 RMK SF7SC1 DA-608FT FST OBS SLP996
CYAW,2022-03-21 10:48,-63.4994,44.6397,CYAW 211048Z 32004KT 2 1/2SM -DZ BR OVC007 04/03 A2953 RMK SF8 DA-633FT SLP000
CYAW,2022-03-21 11:00,-63.4994,44.6397,CYAW 211100Z 32006KT 3SM -SHRA BR OVC007 04/03 A2953 RMK SF8 DA-658FT SLP001
CYAW,2022-03-21 12:00,-63.4994,44.6397,CYAW 211200Z 32008KT 3SM -SHRA BR OVC008 04/04 A2953 RMK SF8 DA-620FT SLP003
CYAW,2022-03-21 13:00,-63.4994,44.6397,CYAW 211300Z 34012G17KT 7SM -SHRA OVC008 03/02 A2954 RMK SF8 DA-764FT SLP006
CYAW,2022-03-21 13:27,-63.4994,44.6397,CYAW 211327Z 33017KT 7SM -SHRA FEW009 OVC046 02/01 A2955 RMK SF2SC6 DA-858FT SLP008
CYAW,2022-03-21 14:00,-63.4994,44.6397,CYAW 211400Z 33011G16KT 8SM -SHRA SCT012 OVC047 03/02 A2955 RMK SF3SC5 DA-791FT SLP008
CYAW,2022-03-21 15:00,-63.4994,44.6397,CYAW 211500Z 31014KT 8SM -SHRA BKN024 BKN032 OVC070 04/02 A2955 RMK SC6SC1AC1 DA-693FT SLP007
CYAW,2022-03-21 16:00,-63.4994,44.6397,CYAW 211600Z 32016G22KT 15SM -SHRASN BKN020 BKN034 OVC110 03/01 A2955 RMK SC6SC1AC1 DA-811FT SLP009
CYAW,2022-03-21 16:40,-63.4994,44.6397,CYAW 211640Z 31020G25KT 15SM -SHRA BKN019 OVC049 04/M00 A2955 RMK SC5SC3 DA-681FT PCPN VRY LGT SLP009
CYAW,2022-03-21 17:00,-63.4994,44.6397,CYAW 211700Z 30016G22KT 15SM -SHSN BKN027 BKN047 BKN240 03/M00 A2955 RMK SC6SC1CC1 DA-767FT PCPN VRY LGT CC TR SLP009
CYAW,2022-03-21 18:00,-63.4994,44.6397,CYAW 211800Z 30018KT 15SM -SHSN BKN029 04/M01 A2955 RMK SC6 DA-694FT SLP007
CYAW,2022-03-21 19:00,-63.4994,44.6397,CYAW 211900Z 31021G30KT 15SM BKN035 03/M03 A2956 RMK SC7 DA-783FT SLP012
CYAW,2022-03-21 20:00,-63.4994,44.6397,CYAW 212000Z 29016G22KT 15SM SCT035 OVC050 03/M02 A2958 RMK SC3SC5 DA-775FT SLP017
CYAW,2022-03-21 21:00,-63.4994,44.6397,CYAW 212100Z 28012G17KT 15SM SCT030 BKN060 03/M01 A2959 RMK SC3SC4 DA-795FT SLP022
CYAW,2022-03-21 22:00,-63.4994,44.6397,CYAW 212200Z 29012KT 15SM SCT050 BKN078 03/M02 A2960 RMK SC3AC4 DA-799FT SLP025
CYAW,2022-03-21 23:00,-63.4994,44.6397,CYAW 212300Z 27010KT 15SM BKN050 BKN080 03/M02 A2961 RMK SC5AC2 DA-823FT SLP029
CYAW,2022-03-22 00:00,-63.4994,44.6397,CYAW 220000Z 27012G19KT 15SM BKN044 BKN070 03/M01 A2962 RMK SC5AC2 DA-893FT SLP031
CYAW,2022-03-22 01:00,-63.4994,44.6397,CYAW 220100Z 27010KT 15SM OVC092 02/M01 A2963 RMK AC8 DA-978FT SLP035
CYAW,2022-03-22 01:35,-63.4994,44.6397,CYAW 220135Z 28013G19KT 15SM SCT090 02/M02 A2963 RMK AC4 DA-1020FT LAST OBS/NXT 221000 UTC SLP035
CYAW,2022-03-22 10:00,-63.4994,44.6397,CYAW 221000Z 28014G21KT 15SM FEW041 SCT060 M01/M08 A2963 RMK CF1SC4 DA-1363FT FST OBS SLP036
CYAW,2022-03-22 10:14,-63.4994,44.6397,CYAW 221014Z 28016G22KT 15SM -SHSN BKN037 BKN046 M01/M06 A2963 RMK BLSN2SC3SC2 DA-1371FT VIS LWR W - S BLSN SLP037
CYAW,2022-03-22 11:00,-63.4994,44.6397,CYAW 221100Z 27019KT 15SM -SHSN BKN040 BKN049 M01/M05 A2963 RMK SN1SC5SC1 DA-1404FT VIS LWR SW QUAD SLP037
CYAW,2022-03-22 11:34,-63.4994,44.6397,CYAW 221134Z 28018G28KT 15SM SCT048 M01/M06 A2963 RMK SC3 DA-1370FT SLP035
CYAW,2022-03-22 12:00,-63.4994,44.6397,CYAW 221200Z 30018G25KT 15SM -SHSN BKN032 BKN043 M01/M06 A2963 RMK SC5SC1 DA-1409FT SLP036
CYAW,2022-03-22 12:20,-63.4994,44.6397,CYAW 221220Z 28015G26KT 15SM SCT037 SCT055 M00/M06 A2963 RMK SC3SC1 DA-1295FT SLP035
CYAW,2022-03-22 13:00,-63.4994,44.6397,CYAW 221300Z 29023G39KT 15SM FEW040 BKN046 00/M08 A2963 RMK CF1SC6 DA-1251FT SLP034
CYAW,2022-03-22 14:00,-63.4994,44.6397,CYAW 221400Z 29021G27KT 15SM BKN040 00/M08 A2961 RMK CU5 DA-1253FT SLP029
CYAW,2022-03-22 15:00,-63.4994,44.6397,CYAW 221500Z 30021G29KT 15SM BKN044 01/M08 A2960 RMK SC7 DA-1152FT SLP027
CYAW,2022-03-22 16:00,-63.4994,44.6397,CYAW 221600Z 30019G29KT 15SM BKN040 01/M08 A2959 RMK SC7 DA-1178FT SLP023
CYAW,2022-03-22 17:00,-63.4994,44.6397,CYAW 221700Z 29022G27KT 15SM BKN040 01/M08 A2960 RMK SC7 DA-1088FT CF ASOCTD SLP027
CYAW,2022-03-22 18:00,-63.4994,44.6397,CYAW 221800Z 29020G25KT 15SM BKN040 BKN060 BKN230 02/M08 A2959 RMK SC5SC1CC1 DA-1001FT CF ASOCTD SLP022
CYAW,2022-03-22 19:00,-63.4994,44.6397,CYAW 221900Z 30020G28KT 15SM BKN045 BKN230 02/M08 A2959 RMK SC5CI1 DA-940FT SLP022
CYAW,2022-03-22 20:00,-63.4994,44.6397,CYAW 222000Z 31021G28KT 15SM BKN055 02/M08 A2962 RMK SC7 DA-1063FT SLP032
CYAW,2022-03-22 21:00,-63.4994,44.6397,CYAW 222100Z 30019G29KT 15SM SCT050 BKN080 BKN250 01/M08 A2964 RMK SC4AC2CI1 DA-1136FT SLP040
CYAW,2022-03-22 22:00,-63.4994,44.6397,CYAW 222200Z 31015G26KT 15SM SCT050 BKN250 01/M08 A2967 RMK SC4CI2 DA-1234FT SLP048
CYAW,2022-03-22 23:00,-63.4994,44.6397,CYAW 222300Z 30016G25KT 15SM FEW050 SCT250 00/M09 A2970 RMK SC2CI2 DA-1322FT SLP060
CYAW,2022-03-23 00:00,-63.4994,44.6397,CYAW 230000Z 31021G27KT 15SM SCT040 SCT160 00/M08 A2973 RMK SC3AC1 DA-1356FT SLP071
CYAW,2022-03-23 01:00,-63.4994,44.6397,CYAW 230100Z 30016G22KT 15SM FEW040 BKN220 00/M08 A2975 RMK SC2CI3 DA-1428FT SLP077
CYAW,2022-03-23 01:37,-63.4994,44.6397,CYAW 230137Z 30017KT 15SM FEW040 M00/M08 A2976 RMK SC2 DA-1465FT LAST OBS/NXT 231000 UTC SLP081
CYAW,2022-03-23 10:00,-63.4994,44.6397,CYAW 231000Z 33015G24KT 15SM OVC030 01/M05 A2990 RMK SC8 DA-1462FT FST OBS SLP128
CYAW,2022-03-23 11:00,-63.4994,44.6397,CYAW 231100Z 32013KT 15SM OVC030 01/M04 A2995 RMK SC8 DA-1519FT SLP143
CYAW,2022-03-23 12:00,-63.4994,44.6397,CYAW 231200Z 32016G24KT 15SM OVC028 01/M04 A2998 RMK SC8 DA-1515FT SLP153
CYAW,2022-03-23 13:00,-63.4994,44.6397,CYAW 231300Z 33023G28KT 15SM OVC030 02/M04 A3000 RMK SC8 DA-1476FT SLP160
CYAW,2022-03-23 14:00,-63.4994,44.6397,CYAW 231400Z 34019G26KT 15SM BKN032 02/M04 A3000 RMK SC7 DA-1426FT SLP161
CYAW,2022-03-23 15:00,-63.4994,44.6397,CYAW 231500Z 33018G28KT 15SM BKN034 03/M04 A3003 RMK SC7 DA-1358FT SLP171
CYAW,2022-03-23 16:00,-63.4994,44.6397,CYAW 231600Z 33017G28KT 15SM BKN040 04/M04 A3005 RMK SC7 DA-1219FT SLP178
CYAW,2022-03-23 17:00,-63.4994,44.6397,CYAW 231700Z 34015G21KT 15SM BKN040 04/M04 A3007 RMK SC7 DA-1279FT SLP184
CYAW,2022-03-23 18:00,-63.4994,44.6397,CYAW 231800Z 34019G29KT 15SM BKN045 04/M05 A3008 RMK SC7 DA-1321FT SLP188
CYAW,2022-03-23 19:00,-63.4994,44.6397,CYAW 231900Z 32020G30KT 15SM BKN041 04/M05 A3009 RMK SC6 DA-1369FT SLP193
CYAW,2022-03-23 19:32,-63.4994,44.6397,CYAW 231932Z 34019G30KT 15SM BKN040 03/M06 A3011 RMK SC6 DA-1419FT LAST OBS/NXT 241000 UTC SLP198
CYAW,2022-03-24 10:00,-63.4994,44.6397,CYAW 241000Z 36003KT 15SM FEW250 M03/M07 A3033 RMK CI2 DA-2517FT FST OBS SLP272
CYAW,2022-03-24 11:00,-63.4994,44.6397,CYAW 241100Z 32005KT 15SM BKN250 M02/M06 A3034 RMK CI7 DA-2321FT SLP277
CYAW,2022-03-24 12:00,-63.4994,44.6397,CYAW 241200Z 02005KT 15SM BKN250 M00/M06 A3034 RMK CI7 DA-2115FT SLP276
CYAW,2022-03-24 13:00,-63.4994,44.6397,CYAW 241300Z 35005KT 15SM BKN250 01/M07 A3036 RMK CI6 DA-1987FT SLP285
CYAW,2022-03-24 14:00,-63.4994,44.6397,CYAW 241400Z 00000KT 15SM OVC230 02/M06 A3037 RMK CS8 DA-1832FT HALO SLP287
CYAW,2022-03-24 15:00,-63.4994,44.6397,CYAW 241500Z 17003KT 15SM FEW180 BKN230 03/M04 A3036 RMK AC1CI6 DA-1699FT SLP284
CYAW,2022-03-24 16:00,-63.4994,44.6397,CYAW 241600Z 15006KT 15SM FEW180 BKN230 04/M05 A3033 RMK AC1CI6 DA-1555FT SLP272
CYAW,2022-03-24 17:00,-63.4994,44.6397,CYAW 241700Z 17008KT 15SM BKN180 BKN230 04/M04 A3032 RMK AC5CI2 DA-1579FT SLP270
CYAW,2022-03-24 18:00,-63.4994,44.6397,CYAW 241800Z 18009G16KT 15SM SCT180 BKN230 03/M04 A3034 RMK AC4CI3 DA-1751FT SLP276
CYAW,2022-03-24 19:00,-63.4994,44.6397,CYAW 241900Z 16008KT 15SM BKN160 BKN230 02/M03 A3031 RMK AC7CI1 DA-1749FT CI TR SLP268
CYAW,2022-03-24 20:00,-63.4994,44.6397,CYAW 242000Z 16009KT 15SM SCT150 BKN170 OVC230 02/M03 A3031 RMK AC3AC4CI1 DA-1801FT SLP266
CYAW,2022-03-24 21:00,-63.4994,44.6397,CYAW 242100Z 14008KT 15SM BKN120 OVC150 01/M04 A3030 RMK AC6AC2 DA-1870FT SLP262
CYAW,2022-03-24 22:00,-63.4994,44.6397,CYAW 242200Z 14009KT 15SM OVC110 01/M04 A3027 RMK AC8 DA-1885FT SLP255
CYAW,2022-03-24 23:00,-63.4994,44.6397,CYAW 242300Z 16009KT 15SM BKN095 OVC110 01/M03 A3028 RMK AC7AC1 DA-1933FT SLP258
CYAW,2022-03-25 00:00,-63.4994,44.6397,CYAW 250000Z 15006KT 15SM FEW015 OVC075 01/M02 A3027 RMK CF1AC8 DA-1929FT SLP254
CYAW,2022-03-25 00:47,-63.4994,44.6397,CYAW 250047Z 13006KT 15SM -PL FEW015 OVC065 01/M02 A3027 RMK CF1SC8 DA-1940FT SLP252
CYAW,2022-03-25 01:00,-63.4994,44.6397,CYAW 250100Z 14007KT 15SM -PL FEW015 OVC065 01/M02 A3026 RMK CF1SC8 DA-1928FT LAST OBS/NEXT 251000 UTC SLP250
CYAW,2022-03-25 10:00,-63.4994,44.6397,CYAW 251000Z 10017G26KT 1 1/2SM RA BR OVC004 01/01 A2989 RMK SF8 DA-1432FT VIS VRB 1-2 FST OBS SLP123
CYAW,2022-03-25 11:00,-63.4994,44.6397,CYAW 251100Z 10016G27KT 1 1/2SM -RA BR OVC004 01/01 A2986 RMK SF8 DA-1385FT VIS VRB 1-2 SLP114
CYAW,2022-03-25 12:00,-63.4994,44.6397,CYAW 251200Z 09017G25KT 1 1/2SM -RA BR OVC004 01/01 A2981 RMK SF8 DA-1313FT VIS VRB 1-2 SLP098
CYAW,2022-03-25 12:50,-63.4994,44.6397,CYAW 251250Z 10016G30KT 1 1/2SM -RA BR OVC003 01/01 A2976 RMK SF8 DA-1215FT VIS VRB 1-2 PRESFR SLP079
CYAW,2022-03-25 13:00,-63.4994,44.6397,CYAW 251300Z 10018G26KT 1 1/2SM -RA BR OVC003 01/01 A2975 RMK SF8 DA-1204FT VIS VRB 1-2 PRESFR SLP076
CYAW,2022-03-25 14:00,-63.4994,44.6397,CYAW 251400Z 09019G30KT 1 1/2SM -RA BR OVC003 02/02 A2969 RMK SF8 DA-1094FT VIS VRB 1-2 PRESFR SLP056
CYAW,2022-03-25 14:10,-63.4994,44.6397,CYAW 251410Z 09018G30KT 1 1/2SM RA BR OVC003 02/02 A2968 RMK SF8 DA-1069FT VIS VRB 1-2 SLP053
CYAW,2022-03-25 14:40,-63.4994,44.6397,CYAW 251440Z 09015G26KT 1 1/2SM RA BR OVC004 02/02 A2967 RMK SF8 DA-1044FT VIS VRB 1-2 SLP048
CYAW,2022-03-25 15:00,-63.4994,44.6397,CYAW 251500Z CCA 09014G27KT 2SM -RA BR OVC004 02/02 A2964 RMK SF8 DA-996FT VIS VRB 1 1/2-2 1/2 SLP039
CYAW,2022-03-25 15:14,-63.4994,44.6397,CYAW 251514Z 09016G22KT 1SM -RA BR OVC004 02/02 A2964 RMK SF8 DA-996FT VIS VRB 3/4-1 1/2 SLP039
CYAW,2022-03-25 15:43,-63.4994,44.6397,CYAW 251543Z 09006G24KT 4SM -RA BR OVC004 02/02 A2958 RMK SF8 DA-873FT PRESFR SLP020
CYAW,2022-03-25 16:00,-63.4994,44.6397,CYAW 251600Z 08014G29KT 2 1/4SM -RA BR OVC004 02/02 A2958 RMK SF8 DA-900FT VIS VRB 1 1/2-3 PRESFR SLP019
CYAW,2022-03-25 17:00,-63.4994,44.6397,CYAW 251700Z 09013G26KT 1SM -RA BR OVC003 03/03 A2954 RMK ST8 DA-800FT VIS VRB 3/4-1 1/2 SLP004
CYAW,2022-03-25 17:27,-63.4994,44.6397,CYAW 251727Z 09010G18KT 1SM -DZ BR OVC003 03/03 A2950 RMK ST8 DA-674FT VIS VRB 3/4-1 1/2 PRESFR SLP993
CYAW,2022-03-25 18:00,-63.4994,44.6397,CYAW 251800Z 09011G20KT 3/4SM -DZ BR OVC003 03/03 A2947 RMK ST8 DA-626FT PRESFR SLP983
CYAW,2022-03-25 19:00,-63.4994,44.6397,CYAW 251900Z CCA 09011G16KT 1/2SM -DZ FG OVC002 04/04 A2946 RMK FG6ST2 DA-548FT LAST OBS/NEXT 281000 UTC SLP979
CYAW,2022-03-28 10:00,-63.4994,44.6397,CYAW 281000Z 18006KT 6SM BR BKN006 BKN050 02/02 A2952 RMK SF6SC1 DA-804FT FST OBS SLP000
CYAW,2022-03-28 11:00,-63.4994,44.6397,CYAW 281100Z 16005KT 6SM BR BKN005 OVC070 02/02 A2952 RMK SF7AS1 DA-803FT SUN DIMLY VISBL SLP000
CYAW,2022-03-28 11:26,-63.4994,44.6397,CYAW 281126Z 17006KT 6SM BR OVC004 03/03 A2953 RMK SF8 DA-789FT SLP003
CYAW,2022-03-28 12:00,-63.4994,44.6397,CYAW 281200Z 17007KT 8SM BKN004 OVC020 03/03 A2953 RMK SF7SC1 DA-710FT SUN DIMLY VISBL SLP001
CYAW,2022-03-28 12:24,-63.4994,44.6397,CYAW 281224Z 14007KT 10SM SCT006 SCT020 BKN140 BKN240 04/03 A2951 RMK SF3SC1AC2CI1 DA-623FT SLP995
CYAW,2022-03-28 13:00,-63.4994,44.6397,CYAW 281300Z 15009KT 15SM SCT006 BKN130 OVC240 03/03 A2952 RMK SF3AC4CI1 DA-675FT SLP997
CYAW,2022-03-28 14:00,-63.4994,44.6397,CYAW 281400Z 16011KT 12SM BKN005 OVC019 03/03 A2953 RMK SF5SC3 DA-711FT CIG PDMTLY TRANSPARENT SLP002
CYAW,2022-03-28 14:31,-63.4994,44.6397,CYAW 281431Z 17011KT 12SM SCT006 OVC029 03/03 A2952 RMK SF4SC4 DA-675FT SLP998
CYAW,2022-03-28 15:00,-63.4994,44.6397,CYAW 281500Z 17013KT 15SM FEW007 BKN027 BKN055 OVC240 04/03 A2952 RMK SF2SC4SC1CI1 DA-651FT SLP997
CYAW,2022-03-28 16:00,-63.4994,44.6397,CYAW 281600Z 18012KT 15SM FEW020 BKN060 OVC240 04/03 A2949 RMK SC2SC5CI1 DA-579FT SLP987
CYAW,2022-03-28 17:00,-63.4994,44.6397,CYAW 281700Z 17010G15KT 15SM FEW020 BKN049 05/03 A2946 RMK SC2SC5 DA-403FT SLP979
CYAW,2022-03-28 18:00,-63.4994,44.6397,CYAW 281800Z 17012KT 15SM SCT015 SCT050 SCT250 06/03 A2945 RMK SC3SC1CC1 DA-291FT CC TR SLP973
CYAW,2022-03-28 19:00,-63.4994,44.6397,CYAW 281900Z 18011KT 15SM SCT029 BKN046 07/03 A2944 RMK SC3SC2 DA-174FT SLP969
CYAW,2022-03-28 20:00,-63.4994,44.6397,CYAW 282000Z 20011KT 15SM SCT030 BKN040 06/00 A2943 RMK CU3SC3 DA-264FT SLP968
CYAW,2022-03-28 21:00,-63.4994,44.6397,CYAW 282100Z 19009KT 15SM SCT030 BKN040 04/02 A2944 RMK SC3SC4 DA-503FT SLP973
CYAW,2022-03-28 22:00,-63.4994,44.6397,CYAW 282200Z 20006KT 15SM SCT030 BKN040 04/02 A2945 RMK SC4SC3 DA-561FT SLP976
CYAW,2022-03-28 22:25,-63.4994,44.6397,CYAW 282225Z 19005KT 15SM -SHRA SCT030 BKN040 04/02 A2946 RMK SC4SC3 DA-599FT SLP978
CYAW,2022-03-28 23:00,-63.4994,44.6397,CYAW 282300Z 28015KT 15SM BKN020 BKN040 03/01 A2947 RMK SC5SC2 DA-677FT SLP983
CYAW,2022-03-29 00:00,-63.4994,44.6397,CYAW 290000Z 29009KT 12SM -SHRA OVC008 02/01 A2951 RMK SF8 DA-901FT SLP994
CYAW,2022-03-29 00:23,-63.4994,44.6397,CYAW 290023Z 28010KT 15SM -SHRA SCT008 BKN020 02/01 A2951 RMK SF3SC3 DA-902FT PCPN VRY LGT SLP996
CYAW,2022-03-29 00:42,-63.4994,44.6397,CYAW 290042Z 27010G19KT 15SM FEW008 BKN030 02/M01 A2952 RMK SF1SC5 DA-936FT SLP999
CYAW,2022-03-29 01:00,-63.4994,44.6397,CYAW 290100Z 27009G15KT 15SM FEW008 BKN040 01/M01 A2952 RMK SF1SC5 DA-987FT SLP000
CYAW,2022-03-29 02:00,-63.4994,44.6397,CYAW 290200Z 25010G16KT 15SM FEW040 BKN070 00/M01 A2954 RMK SC2AC3 DA-1102FT SLP004
CYAW,2022-03-29 03:00,-63.4994,44.6397,CYAW 290300Z 26016KT 15SM BKN020 00/M02 A2955 RMK SC6 DA-1131FT SLP007
CYAW,2022-03-29 04:00,-63.4994,44.6397,CYAW 290400Z 23009KT 15SM OVC025 M00/M03 A2956 RMK SC8 DA-1198FT SLP012
CYAW,2022-03-29 04:51,-63.4994,44.6397,CYAW 290451Z 24012G20KT 15SM OVC025 00/M04 A2956 RMK SC8 DA-1177FT LAST OBS/NEXT 291000 UTC SLP012
CYAW,2022-03-29 10:00,-63.4994,44.6397,CYAW 291000Z 26010KT 1SM -SHSN BKN012 OVC028 M02/M03 A2955 RMK SN4SC3SC1 DA-1388FT VIS VRB 3/4-1 1/2 FST OBS SLP009
CYAW,2022-03-29 10:26,-63.4994,44.6397,CYAW 291026Z 28015KT 2SM -SHSN SCT009 OVC013 M02/M04 A2956 RMK SN2SF1SC5 DA-1458FT VIS VRB 1 1/2-2 1/2 SLP012
CYAW,2022-03-29 10:41,-63.4994,44.6397,CYAW 291041Z 27014KT 5SM -SHSN FEW009 BKN014 BKN024 M02/M05 A2956 RMK SF1SC5SC1 DA-1474FT SLP013
CYAW,2022-03-29 11:00,-63.4994,44.6397,CYAW 291100Z 27017KT 5SM -SHSN FEW014 BKN024 BKN036 M02/M05 A2957 RMK SC1SC4SC1 DA-1473FT SLP015
CYAW,2022-03-29 12:00,-63.4994,44.6397,CYAW 291200Z 26016KT 5SM -SHSN FEW019 SCT029 BKN049 OVC240 M02/M04 A2957 RMK CF1SC3SC2CI2 DA-1446FT SLP015
CYAW,2022-03-29 12:37,-63.4994,44.6397,CYAW 291237Z 26015KT 1 1/2SM -SHSN BKN018 OVC023 M02/M04 A2957 RMK SC7SC1 DA-1495FT SLP016
CYAW,2022-03-29 13:00,-63.4994,44.6397,CYAW 291300Z 26020KT 4SM -SHSN SCT015 OVC024 M02/M05 A2957 RMK SC3SC5 DA-1486FT SLP015
CYAW,2022-03-29 14:00,-63.4994,44.6397,CYAW 291400Z 27014G20KT 15SM -SHSN BKN018 BKN024 M02/M05 A2957 RMK SC6SC1 DA-1411FT PCPN VRY LGT SLP015
CYAW,2022-03-29 15:00,-63.4994,44.6397,CYAW 291500Z 27016KT 15SM -SHSN OVC021 M01/M05 A2956 RMK SC8 DA-1362FT PCPN VRY LGT SLP012
CYAW,2022-03-29 16:00,-63.4994,44.6397,CYAW 291600Z 28017KT 15SM -SHSN OVC025 M00/M05 A2955 RMK SC8 DA-1208FT PCPN VRY LGT SLP010
CYAW,2022-03-29 17:00,-63.4994,44.6397,CYAW 291700Z 27013G20KT 15SM OVC023 00/M05 A2955 RMK SC8 DA-1169FT SLP010
CYAW,2022-03-29 18:00,-63.4994,44.6397,CYAW 291800Z 28018G24KT 15SM BKN027 01/M04 A2955 RMK SC7 DA-1054FT SLP007
CYAW,2022-03-29 19:00,-63.4994,44.6397,CYAW 291900Z 28014G20KT 15SM BKN027 BKN040 01/M04 A2955 RMK SC6SC1 DA-1002FT SLP007
CYAW,2022-03-29 20:00,-63.4994,44.6397,CYAW 292000Z 28018G26KT 15SM BKN028 02/M04 A2955 RMK SC7 DA-951FT SLP008
CYAW,2022-03-29 21:00,-63.4994,44.6397,CYAW 292100Z 29017G22KT 15SM BKN030 01/M05 A2957 RMK SC6 DA-1104FT CF ASOCTD SLP015
CYAW,2022-03-29 22:00,-63.4994,44.6397,CYAW 292200Z 29017KT 15SM BKN030 01/M05 A2958 RMK SC6 DA-1105FT SLP019
CYAW,2022-03-29 23:00,-63.4994,44.6397,CYAW 292300Z 28015G21KT 15SM BKN030 00/M06 A2960 RMK SC6 DA-1220FT SLP026
CYAW,2022-03-30 00:00,-63.4994,44.6397,CYAW 300000Z 28017G24KT 15SM SCT030 M00/M06 A2962 RMK SC4 DA-1281FT SLP033
CYAW,2022-03-30 01:00,-63.4994,44.6397,CYAW 300100Z 27011G16KT 15SM SCT160 M01/M06 A2963 RMK AC4 DA-1371FT SLP035
CYAW,2022-03-30 02:00,-63.4994,44.6397,CYAW 300200Z 28014G19KT 15SM SCT160 M01/M06 A2963 RMK AC4 DA-1385FT SLP035
CYAW,2022-03-30 03:00,-63.4994,44.6397,CYAW 300300Z 28015G20KT 15SM SCT160 M01/M07 A2964 RMK AC3 DA-1438FT SLP038
CYAW,2022-03-30 04:00,-63.4994,44.6397,CYAW 300400Z 29014G22KT 15SM SCT130 M02/M08 A2964 RMK AC3 DA-1504FT SLP039
CYAW,2022-03-30 04:24,-63.4994,44.6397,CYAW 300424Z 30014G19KT 15SM FEW130 M02/M08 A2964 RMK AC1 DA-1529FT LAST OBS/NEXT 301000 UTC SLP039
CYAW,2022-03-30 10:00,-63.4994,44.6397,CYAW 301000Z 30015G24KT 15SM SCT022 BKN035 BKN230 M04/M09 A2970 RMK SC3SC3CI1 DA-1872FT FST OBS SLP061
CYAW,2022-03-30 11:00,-63.4994,44.6397,CYAW 301100Z 29015KT 15SM SCT022 BKN040 M04/M08 A2972 RMK SC4SC3 DA-1894FT SLP066
CYAW,2022-03-30 12:00,-63.4994,44.6397,CYAW 301200Z 30013G24KT 15SM -SHSN FEW020 BKN040 M04/M08 A2972 RMK CF1SC6 DENSITY ALT -1854FT PCPN VRY LGT SLP068
CYAW,2022-03-30 13:00,-63.4994,44.6397,CYAW 301300Z 30016KT 15SM BKN020 BKN050 M02/M08 A2975 RMK SC6SC1 DENSITY ALT -1734FT SLP077
CYAW,2022-03-30 14:00,-63.4994,44.6397,CYAW 301400Z 32016G22KT 15SM OVC022 M01/M06 A2977 RMK SC8 DENSITY ALT -1586FT SLP084
CYAW,2022-03-30 15:00,-63.4994,44.6397,CYAW 301500Z 32008G16KT 15SM SCT035 BKN230 00/M06 A2977 RMK SC4CI2 DENSITY ALT -1417FT SLP085
CYAW,2022-03-30 16:00,-63.4994,44.6397,CYAW 301600Z 30014G25KT 15SM FEW035 BKN230 02/M05 A2977 RMK CU2CI3 DENSITY ALT -1150FT SLP083
CYAW,2022-03-30 17:00,-63.4994,44.6397,CYAW 301700Z 30014G19KT 15SM FEW035 SCT230 04/M05 A2978 RMK CU1CI3 DENSITY ALT -935FT SLP086
CYAW,2022-03-30 18:00,-63.4994,44.6397,CYAW 301800Z 32014G21KT 15SM FEW035 BKN230 05/M05 A2977 RMK CU1CI6 DENSITY ALT -786FT SLP083
CYAW,2022-03-30 19:00,-63.4994,44.6397,CYAW 301900Z 29015KT 15SM FEW035 BKN230 06/M05 A2976 RMK CU1CI5 DENSITY ALT -674FT SLP081
CYAW,2022-03-30 20:00,-63.4994,44.6397,CYAW 302000Z 29017KT 15SM FEW035 FEW230 07/M04 A2977 RMK CU1CI1 DENSITY ALT -561FT SLP083
CYAW,2022-03-30 21:00,-63.4994,44.6397,CYAW 302100Z 31022G27KT 15SM FEW035 FEW230 06/M05 A2979 RMK CU1CI1 DENSITY ALT -759FT SLP091
CYAW,2022-03-30 22:00,-63.4994,44.6397,CYAW 302200Z 30014KT 15SM FEW230 05/M05 A2980 RMK CI1 DENSITY ALT -897FT SLP094
CYAW,2022-03-30 23:00,-63.4994,44.6397,CYAW 302300Z 28013KT 15SM SKC 04/M05 A2983 RMK DENSITY ALT -1032FT SLP105
CYAW,2022-03-31 00:00,-63.4994,44.6397,CYAW 310000Z 27010KT 15SM SKC 03/M05 A2988 RMK DENSITY ALT -1176FT SLP120
CYAW,2022-03-31 01:00,-63.4994,44.6397,CYAW 310100Z 28012KT 15SM SKC 03/M05 A2989 RMK DENSITY ALT -1250FT SLP123
CYAW,2022-03-31 02:00,-63.4994,44.6397,CYAW 310200Z 27012KT 15SM SKC 02/M05 A2990 RMK DENSITY ALT -1299FT SLP127
CYAW,2022-03-31 03:00,-63.4994,44.6397,CYAW 310300Z 26010KT 15SM SKC 01/M04 A2991 RMK DENSITY ALT -1422FT SLP130
CYAW,2022-03-31 04:00,-63.4994,44.6397,CYAW 310400Z 29011KT 15SM SKC 01/M04 A2991 RMK DENSITY ALT -1421FT SLP130
CYAW,2022-03-31 10:00,-63.4994,44.6397,CYAW 311000Z 24009KT 15SM OVC150 01/M03 A2995 RMK AS8 DENSITY ALT -1552FT FST OBS SLP143
CYAW,2022-03-31 11:00,-63.4994,44.6397,CYAW 311100Z 24008KT 15SM OVC100 02/M03 A2995 RMK AS8 DENSITY ALT -1448FT SLP144
CYAW,2022-03-31 12:00,-63.4994,44.6397,CYAW 311200Z 23004KT 15SM SCT100 OVC150 03/M02 A2995 RMK AC3AS5 DENSITY ALT -1278FT SUN DIMLY VISBL SLP144
CYAW,2022-03-31 13:00,-63.4994,44.6397,CYAW 311300Z 25011KT 15SM FEW030 BKN080 OVC150 04/M01 A2997 RMK SC1AC6AS1 DENSITY ALT -1196FT SLP150
CYAW,2022-03-31 14:00,-63.4994,44.6397,CYAW 311400Z 27013KT 15SM -RA FEW012 OVC050 03/01 A2998 RMK SC2SC6 DENSITY ALT -1283FT SLP154
CYAW,2022-03-31 15:00,-63.4994,44.6397,CYAW 311500Z 26012KT 15SM -RA FEW012 OVC035 03/01 A2997 RMK SC1SC7 DENSITY ALT -1233FT PCPN VRY LGT SLP152
CYAW,2022-03-31 15:54,-63.4994,44.6397,CYAW 311554Z 23007KT 15SM FEW012 OVC035 04/03 A2995 RMK SC1SC7 DENSITY ALT -1098FT SLP144
CYAW,2022-03-31 16:00,-63.4994,44.6397,CYAW 311600Z 23008KT 15SM FEW012 OVC035 04/03 A2995 RMK SC1SC7 DENSITY ALT -1101FT SLP146
CYAW,2022-03-31 17:00,-63.4994,44.6397,CYAW 311700Z 23011KT 15SM SCT012 OVC035 05/02 A2995 RMK SC4SC4 DENSITY ALT -993FT SLP146
CYAW,2022-03-31 18:00,-63.4994,44.6397,CYAW 311800Z 24009KT 15SM SCT012 BKN020 OVC040 05/02 A2994 RMK CF4SC3SC1 DENSITY ALT -1021FT SLP141
CYAW,2022-03-31 19:00,-63.4994,44.6397,CYAW 311900Z 23012KT 15SM FEW012 OVC035 05/M01 A2992 RMK CF1SC7 DENSITY ALT -954FT SLP135
CYAW,2022-03-31 20:00,-63.4994,44.6397,CYAW 312000Z 19009G16KT 15SM FEW012 OVC025 04/01 A2989 RMK CF1SC8 DENSITY ALT -1045FT SLP123
CYAW,2022-03-31 21:00,-63.4994,44.6397,CYAW 312100Z 18008KT 10SM -RA FEW012 OVC025 03/01 A2988 RMK CF1SC8 DENSITY ALT -1156FT PCPN VRY LGT SLP122
CYAW,2022-03-31 21:43,-63.4994,44.6397,CYAW 312143Z 18010KT 12SM -DZ FEW010 OVC022 03/01 A2988 RMK SF1SC7 DENSITY ALT -1192FT VIS W 5 BR SLP120
CYAW,2022-03-31 22:00,-63.4994,44.6397,CYAW 312200Z 18007KT 2 1/2SM -DZ BR OVC007 02/02 A2987 RMK SF8 DENSITY ALT -1239FT CIG VRB 005-009 SLP118
CYAW,2022-03-31 22:08,-63.4994,44.6397,CYAW 312208Z 18008KT 1 1/2SM -RA BR OVC006 02/02 A2987 RMK SF8 DENSITY ALT -1251FT CIG VRB 004-009 SLP116
CYAW,2022-03-31 22:21,-63.4994,44.6397,CYAW 312221Z 18007KT 1SM -RA BR OVC003 02/02 A2986 RMK ST8 DENSITY ALT -1239FT VIS VRB 3/4-1 1/2 SLP114
CYAW,2022-03-31 23:00,-63.4994,44.6397,CYAW 312300Z 16008KT 1SM -RA BR OVC003 02/02 A2984 RMK ST8 DENSITY ALT -1229FT VIS VRB 3/4-1 1/2 SLP107
CYAW,2022-04-01 00:00,-63.4994,44.6397,CYAW 010000Z 15007KT 1SM -RA BR OVC002 02/02 A2984 RMK ST8 DENSITY ALT -1229FT VIS VRB 3/4-1 1/2 SLP106
CYAW,2022-04-01 01:00,-63.4994,44.6397,CYAW 010100Z 11005KT 3/4SM -RA BR OVC002 02/02 A2981 RMK ST8 DENSITY ALT -1167FT LAST OBS /NEXT 011000 UTC SLP097
CYAW,2022-04-01 10:00,-63.4994,44.6397,CYAW 011000Z 18010G18KT 2 1/2SM -RA BR OVC003 09/09 A2958 RMK SC8 DENSITY ALT -69FT VIS VRB 1-4 CIG VRB 1-5 FST OBS SLP018
CYAW,2022-04-01 10:23,-63.4994,44.6397,CYAW 011023Z 17010G15KT 1/2SM -RA FG OVC003 07/07 A2956 RMK FG4SC4 DENSITY ALT -190FT VIS VRB 1/4-3/4 CIG VRB 1-5 SLP012
CYAW,2022-04-01 11:00,-63.4994,44.6397,CYAW 011100Z 19016KT 1 1/4SM -RA BR OVC002 09/09 A2954 RMK SC8 DENSITY ALT -22FT VIS VRB 3/4-1 3/4 CIG VRB 1-3 SLP006
CYAW,2022-04-01 11:36,-63.4994,44.6397,CYAW 011136Z 21022G30KT 2 1/2SM -DZ BR OVC002 10/10 A2953 RMK SC8 DENSITY ALT 240FT VIS VRB 1 3/4-4 CIG VRB 1-3 SLP002
CYAW,2022-04-01 12:00,-63.4994,44.6397,CYAW 011200Z 22018G31KT 1 1/4SM BR OVC002 11/11 A2952 RMK SC8 DENSITY ALT 304FT VIS VRB 3/4-1 3/4 CIG VRB 1-3 SLP999
CYAW,2022-04-01 12:21,-63.4994,44.6397,CYAW 011221Z 21021G27KT 1 1/4SM -DZ BR OVC002 10/10 A2952 RMK SC8 DENSITY ALT 133FT VIS VRB 3/4-1 3/4 CIG VRB 1-3 SLP999
CYAW,2022-04-01 13:00,-63.4994,44.6397,CYAW 011300Z 22014G25KT 1 1/4SM -DZ BR OVC002 09/09 A2951 RMK ST8 DENSITY ALT 105FT VIS VRB 3/4-1 3/4 CIG VRB 1-3 SLP995
CYAW,2022-04-01 14:00,-63.4994,44.6397,CYAW 011400Z 22012G19KT 1 1/4SM BR OVC002 10/10 A2950 RMK ST8 DENSITY ALT 169FT VIS VRB 3/4-1 3/4 CIG VRB 1-3 -DZ INTMT SLP990
CYAW,2022-04-01 15:00,-63.4994,44.6397,CYAW 011500Z 22011G19KT 1 1/4SM BR OVC002 10/10 A2948 RMK ST8 DENSITY ALT 259FT VIS VRB 3/4-1 3/4 CIG VRB 1-3 SLP984
CYAW,2022-04-01 15:18,-63.4994,44.6397,CYAW 011518Z 22015G22KT 1 1/4SM -DZ BR OVC005 10/10 A2947 RMK SF8 DENSITY ALT 283FT VIS VRB 3/4-1 3/4 CIG VRB 3-7 SLP981
CYAW,2022-04-01 15:41,-63.4994,44.6397,CYAW 011541Z 21011G19KT 6SM -DZ OVC007 10/10 A2945 RMK SF8 DENSITY ALT 307FT CIG VRB 5-9 SLP975
CYAW,2022-04-01 16:00,-63.4994,44.6397,CYAW 011600Z 21016G22KT 2 1/2SM -DZ BR OVC004 11/11 A2945 RMK SF8 DENSITY ALT 412FT VIS VRB 1 3/4-4 VIS LWR W CIG VRB 3-5 SLP974
CYAW,2022-04-01 17:00,-63.4994,44.6397,CYAW 011700Z 21016G25KT 2 1/2SM -DZ BR OVC004 10/10 A2941 RMK ST8 DENSITY ALT 338FT VIS VRB 1 1/2-4 CIG VRB 3-5 SLP961
CYAW,2022-04-01 18:00,-63.4994,44.6397,CYAW 011800Z 23017G29KT 2 1/2SM -DZ BR OVC003 11/11 A2937 RMK ST8 DENSITY ALT 532FT VIS VRB 1 3/4-4 CIG VRB 2-4 SLP948
CYAW,2022-04-01 18:23,-63.4994,44.6397,CYAW 011823Z 22018G31KT 3/4SM -DZ BR OVC002 10/10 A2936 RMK ST8 DENSITY ALT 438FT SLP943
CYAW,2022-04-01 19:00,-63.4994,44.6397,CYAW 011900Z 21014G24KT 3/4SM -DZ BR OVC003 10/10 A2934 RMK ST8 DENSITY ALT 396FT SLP937
CYAW,2022-04-01 20:00,-63.4994,44.6397,CYAW 012000Z 21015G25KT 3/4SM -DZ BR OVC002 09/09 A2932 RMK ST8 DENSITY ALT 301FT LAST OBS /NEXT 041000 UTC SLP931
CYAW,2022-04-04 15:00,-63.4994,44.6397,CYAW 041500Z 03017G22KT 6SM -RA BR BKN008 OVC012 01/01 A2929 RMK SF6SC2 DENSITY ALT -694FT FST OBS SLP920
CYAW,2022-04-04 15:28,-63.4994,44.6397,CYAW 041528Z 02020G29KT 8SM -DZ BKN010 OVC014 01/01 A2927 RMK SF6SC2 DENSITY ALT -644FT SLP914
CYAW,2022-04-04 16:00,-63.4994,44.6397,CYAW 041600Z 02019G27KT 6SM -DZ BR BKN009 OVC012 02/01 A2927 RMK SF6SC2 DENSITY ALT -618FT SLP912
CYAW,2022-04-04 16:10,-63.4994,44.6397,CYAW 041610Z 02019G27KT 2SM -RA BR OVC009 01/01 A2926 RMK SF8 DENSITY ALT -632FT VIS VRB 1 1/2-2 1/2 SLP911
CYAW,2022-04-04 16:30,-63.4994,44.6397,CYAW 041630Z 01023G31KT 6SM -DZ BR OVC009 01/01 A2925 RMK SF8 DENSITY ALT -660FT SLP907
CYAW,2022-04-04 17:00,-63.4994,44.6397,CYAW 041700Z 36022G28KT 5SM -DZ BR OVC011 01/01 A2926 RMK SF8 DENSITY ALT -659FT SLP909
CYAW,2022-04-04 17:40,-63.4994,44.6397,CYAW 041740Z 36022G31KT 3SM -DZ BR SCT009 OVC015 01/00 A2924 RMK SF4SC4 DENSITY ALT -675FT SLP904
CYAW,2022-04-04 18:00,-63.4994,44.6397,CYAW 041800Z 36021G31KT 3SM -DZ BR SCT009 OVC015 01/00 A2925 RMK SF4SC4 DENSITY ALT -687FT SLP906
CYAW,2022-04-04 18:34,-63.4994,44.6397,CYAW 041834Z 36019G30KT 2 1/2SM -SN BR SCT010 OVC017 00/M00 A2927 RMK SF4SC4 DENSITY ALT -777FT SLP912
CYAW,2022-04-04 19:00,-63.4994,44.6397,CYAW 041900Z 35020G33KT 2 1/2SM -SN BR OVC012 00/M00 A2928 RMK SF8 DENSITY ALT -789FT CIG VRB 9-15 SLP917
CYAW,2022-04-04 20:00,-63.4994,44.6397,CYAW 042000Z 35025G35KT 2 1/2SM -SN BR OVC012 00/M01 A2931 RMK SF8 DENSITY ALT -840FT CIG VRB 9-15 SLP926
CYAW,2022-04-05 10:00,-63.4994,44.6397,CYAW 051000Z 29010KT 15SM FEW120 M01/M05 A2982 RMK AC1 DENSITY ALT -1612FT FST OBS SLP099
CYAW,2022-04-05 11:00,-63.4994,44.6397,CYAW 051100Z 30010KT 15SM FEW120 M00/M04 A2984 RMK AC1 DENSITY ALT -1555FT SLP108
CYAW,2022-04-05 12:00,-63.4994,44.6397,CYAW 051200Z 29011KT 15SM FEW035 01/M04 A2988 RMK SC1 DENSITY ALT -1411FT SLP120
CYAW,2022-04-05 13:00,-63.4994,44.6397,CYAW 051300Z 28013KT 15SM FEW035 FEW230 03/M04 A2989 RMK SC1CI1 DENSITY ALT -1244FT SLP125
CYAW,2022-04-05 14:00,-63.4994,44.6397,CYAW 051400Z 28011G17KT 15SM FEW240 04/M04 A2991 RMK CI1 DENSITY ALT -1093FT SLP131
CYAW,2022-04-05 15:00,-63.4994,44.6397,CYAW 051500Z 30016KT 15SM FEW240 06/M05 A2990 RMK CI1 DENSITY ALT -850FT SLP126
CYAW,2022-04-05 16:00,-63.4994,44.6397,CYAW 051600Z 27013G21KT 15SM FEW030 07/M03 A2990 RMK CF1 DENSITY ALT -657FT SLP125
CYAW,2022-04-05 17:00,-63.4994,44.6397,CYAW 051700Z 27016G22KT 15SM FEW030 09/M04 A2988 RMK CF1 DENSITY ALT -492FT SLP121
CYAW,2022-04-05 18:00,-63.4994,44.6397,CYAW 051800Z 29017G26KT 15SM FEW035 09/M05 A2988 RMK CF1 DENSITY ALT -483FT SLP119
CYAW,2022-04-05 19:00,-63.4994,44.6397,CYAW 051900Z 30015G21KT 15SM FEW035 09/M05 A2988 RMK CF1 DENSITY ALT -397FT SLP119
CYAW,2022-04-05 20:00,-63.4994,44.6397,CYAW 052000Z 30013G21KT 15SM SKC 09/M05 A2989 RMK DENSITY ALT -421FT SLP124
CYAW,2022-04-05 21:00,-63.4994,44.6397,CYAW 052100Z 28014G21KT 15SM SKC 09/M08 A2989 RMK DENSITY ALT -493FT SLP122
CYAW,2022-04-05 22:00,-63.4994,44.6397,CYAW 052200Z 29013G18KT 15SM FEW035 08/M08 A2990 RMK SC1 DENSITY ALT -617FT SLP125
CYAW,2022-04-05 23:00,-63.4994,44.6397,CYAW 052300Z 28007G19KT 15SM FEW035 06/M07 A2992 RMK SC1 DENSITY ALT -821FT SLP134
CYAW,2022-04-06 00:00,-63.4994,44.6397,CYAW 060000Z 27007KT 15SM SKC 06/M07 A2997 RMK DENSITY ALT -953FT SLP150
CYAW,2022-04-06 01:00,-63.4994,44.6397,CYAW 060100Z 26007KT 15SM SKC 05/M06 A2999 RMK DENSITY ALT -1096FT SLP157
CYAW,2022-04-06 02:00,-63.4994,44.6397,CYAW 060200Z 27007KT 15SM SKC 04/M07 A2999 RMK DENSITY ALT -1147FT LAST OBS /NEXT 061000 UTC SLP158
CYAW,2022-04-06 10:00,-63.4994,44.6397,CYAW 061000Z 00000KT 15SM SKC M02/M05 A3006 RMK DENSITY ALT -2033FT FST OBS SLP180
CYAW,2022-04-06 11:00,-63.4994,44.6397,CYAW 061100Z 00000KT 15SM SKC 00/M05 A3007 RMK DENSITY ALT -1776FT SLP184
CYAW,2022-04-06 12:00,-63.4994,44.6397,CYAW 061200Z 34008KT 15SM FEW250 03/M07 A3006 RMK CI1 DENSITY ALT -1367FT SLP183
CYAW,2022-04-06 13:00,-63.4994,44.6397,CYAW 061300Z 31007KT 15SM FEW250 05/M07 A3007 RMK CI1 DENSITY ALT -1217FT SLP184
CYAW,2022-04-06 14:00,-63.4994,44.6397,CYAW 061400Z 34004KT 15SM FEW250 07/M09 A3008 RMK CI1 DENSITY ALT -949FT SLP188
CYAW,2022-04-06 15:00,-63.4994,44.6397,CYAW 061500Z 26004KT 15SM FEW250 08/M09 A3006 RMK CI1 DENSITY ALT -779FT SLP182
CYAW,2022-04-06 16:00,-63.4994,44.6397,CYAW 061600Z 29006KT 15SM FEW250 10/M10 A3003 RMK CI1 DENSITY ALT -515FT SLP172
CYAW,2022-04-06 17:00,-63.4994,44.6397,CYAW 061700Z 18011KT 15SM FEW250 09/M05 A3003 RMK CI2 DENSITY ALT -661FT SLP170
CYAW,2022-04-06 18:00,-63.4994,44.6397,CYAW 061800Z 18014KT 15SM FEW250 08/M05 A3000 RMK CI2 DENSITY ALT -769FT SLP162
CYAW,2022-04-06 19:00,-63.4994,44.6397,CYAW 061900Z 18010KT 15SM SCT250 08/M05 A2999 RMK CI3 DENSITY ALT -720FT SLP157
CYAW,2022-04-06 20:00,-63.4994,44.6397,CYAW 062000Z 17011KT 15SM SCT250 07/M02 A2999 RMK CI4 DENSITY ALT -830FT SLP157
CYAW,2022-04-06 21:00,-63.4994,44.6397,CYAW 062100Z 18008KT 15SM BKN250 06/M04 A2999 RMK CI6 DENSITY ALT -900FT SLP157
CYAW,2022-04-06 22:00,-63.4994,44.6397,CYAW 062200Z 22008KT 15SM BKN230 BKN250 07/M10 A3000 RMK CC5CI2 DENSITY ALT -896FT SLP162
CYAW,2022-04-06 23:00,-63.4994,44.6397,CYAW 062300Z 00000KT 15SM FEW250 05/M09 A3000 RMK CI2 DENSITY ALT -1080FT SLP160
CYAW,2022-04-07 00:00,-63.4994,44.6397,CYAW 070000Z 00000KT 15SM SKC 03/M07 A3002 RMK DENSITY ALT -1334FT SLP167
CYAW,2022-04-07 00:40,-63.4994,44.6397,CYAW 070040Z 00000KT 15SM SKC 03/M07 A3003 RMK DENSITY ALT -1420FT LAST OBS /NEXT 071000 UTC SLP171
CYAW,2022-04-07 10:00,-63.4994,44.6397,CYAW 071000Z 00000KT 15SM FEW240 M01/M06 A3003 RMK CI1 DENSITY ALT -1900FT FST OBS SLP172
CYAW,2022-04-07 11:00,-63.4994,44.6397,CYAW 071100Z 32005KT 15SM FEW240 01/M05 A3007 RMK CI1 DENSITY ALT -1713FT SLP184
CYAW,2022-04-07 12:00,-63.4994,44.6397,CYAW 071200Z 01007KT 15SM SKC 03/M04 A3009 RMK DENSITY ALT -1376FT SLP193
CYAW,2022-04-07 13:00,-63.4994,44.6397,CYAW 071300Z 36006KT 15SM FEW240 05/M03 A3010 RMK CI1 DENSITY ALT -1134FT SLP196
CYAW,2022-04-07 14:00,-63.4994,44.6397,CYAW 071400Z 04013KT 15SM FEW025 08/M03 A3008 RMK CF1 DENSITY ALT -750FT SLP189
CYAW,2022-04-07 15:00,-63.4994,44.6397,CYAW 071500Z 05013G19KT 15SM FEW025 FEW240 08/M03 A3008 RMK CF1CI1 DENSITY ALT -752FT CI TR SLP189
CYAW,2022-04-07 16:00,-63.4994,44.6397,CYAW 071600Z 03007KT 15SM FEW030 FEW240 09/M02 A3010 RMK CF2CI1 DENSITY ALT -673FT SLP194
CYAW,2022-04-07 17:00,-63.4994,44.6397,CYAW 071700Z 03011KT 15SM SCT030 SCT240 10/M02 A3008 RMK CF3CI1 DENSITY ALT -539FT SLP187
CYAW,2022-04-07 18:00,-63.4994,44.6397,CYAW 071800Z 34006KT 15SM FEW050 SCT240 11/M01 A3009 RMK CU2CI1 DENSITY ALT -388FT SLP189
CYAW,2022-04-07 19:00,-63.4994,44.6397,CYAW 071900Z 14007KT 15SM FEW050 SCT240 09/M00 A3009 RMK CU1CI2 DENSITY ALT -625FT SLP191
CYAW,2022-04-07 20:00,-63.4994,44.6397,CYAW 072000Z 11004KT 15SM FEW050 SCT240 08/M01 A3009 RMK CF1CI3 DENSITY ALT -753FT SLP192
CYAW,2022-04-07 21:00,-63.4994,44.6397,CYAW 072100Z 20007KT 15SM FEW050 SCT240 06/M01 A3010 RMK CF1CI3 DENSITY ALT -1008FT SLP194
CYAW,2022-04-07 22:00,-63.4994,44.6397,CYAW 072200Z 14004KT 15SM FEW050 FEW240 06/M01 A3011 RMK SC1CI2 DENSITY ALT -1058FT LAST OBS /NEXT 081000 UTC SLP200
CYAW,2022-04-08 10:00,-63.4994,44.6397,CYAW 081000Z 09010G15KT 15SM FEW010 SCT130 BKN220 01/01 A3011 RMK CF1AC3CI1 DENSITY ALT -1637FT FST OBS SLP198
CYAW,2022-04-08 11:00,-63.4994,44.6397,CYAW 081100Z 09011G19KT 10SM BKN008 BKN220 02/01 A3010 RMK CF5CI1 DENSITY ALT -1547FT CIG VRB 6-10 SLP194
CYAW,2022-04-08 12:00,-63.4994,44.6397,CYAW 081200Z 11010G18KT 8SM BKN008 BKN240 03/02 A3012 RMK CF6CI1 DENSITY ALT -1465FT CIG VRB 6-10 SLP201
CYAW,2022-04-08 13:00,-63.4994,44.6397,CYAW 081300Z 11012G17KT 5SM -DZ BR OVC005 03/02 A3011 RMK SF8 DENSITY ALT -1426FT PCPN VRY LGT SLP200
CYAW,2022-04-08 14:00,-63.4994,44.6397,CYAW 081400Z 11013G22KT 5SM BR OVC010 04/02 A3010 RMK SC8 DENSITY ALT -1300FT SLP194
CYAW,2022-04-08 15:00,-63.4994,44.6397,CYAW 081500Z 11014G20KT 6SM BR OVC008 04/02 A3008 RMK SF8 DENSITY ALT -1252FT SLP189
CYAW,2022-04-08 16:00,-63.4994,44.6397,CYAW 081600Z 11014G20KT 5SM BR OVC008 04/03 A3007 RMK SF8 DENSITY ALT -1239FT SLP185
CYAW,2022-04-08 16:19,-63.4994,44.6397,CYAW 081619Z 10011G24KT 3SM -DZ BR OVC006 04/03 A3005 RMK SF8 DENSITY ALT -1212FT PRESFR SLP178
CYAW,2022-04-08 17:00,-63.4994,44.6397,CYAW 081700Z 11011G22KT 2 1/2SM -DZ BR OVC004 04/04 A3006 RMK SF8 DENSITY ALT -1196FT SLP180
CYAW,2022-04-08 17:41,-63.4994,44.6397,CYAW 081741Z 10012G25KT 4SM BR BKN006 OVC009 05/04 A3001 RMK SF6SF2 DENSITY ALT -1089FT PRESFR SLP163
CYAW,2022-04-08 18:00,-63.4994,44.6397,CYAW 081800Z 10015G24KT 5SM BR OVC006 05/03 A2999 RMK SF8 DENSITY ALT -1042FT PRESFR SLP159
CYAW,2022-04-08 19:00,-63.4994,44.6397,CYAW 081900Z 10015G27KT 5SM BR OVC005 05/04 A2997 RMK SF8 DENSITY ALT -1030FT SLP151
CYAW,2022-04-08 19:15,-63.4994,44.6397,CYAW 081915Z 10013G25KT 2 1/2SM BR OVC003 04/03 A2996 RMK SF8 DENSITY ALT -1120FT SLP147
CYAW,2022-04-08 19:44,-63.4994,44.6397,CYAW 081944Z 09015G26KT 3SM -SHRA BR OVC004 04/03 A2994 RMK SF8 DENSITY ALT -1110FT SLP140
CYAW,2022-04-08 20:00,-63.4994,44.6397,CYAW 082000Z 09014G28KT 1 1/2SM -SHRA BR OVC004 03/03 A2991 RMK SF8 DENSITY ALT -1126FT SLP132
CYAW,2022-04-08 20:36,-63.4994,44.6397,CYAW 082036Z 09014G24KT 1 1/2SM -SHRA BR OVC003 03/03 A2989 RMK SF8 DENSITY ALT -1141FT SLP124
CYAW,2022-04-08 21:00,-63.4994,44.6397,CYAW 082100Z 09017G30KT 3SM -SHRA BR OVC004 03/03 A2987 RMK SF8 DENSITY ALT -1118FT SLP118
CYAW,2022-04-08 21:51,-63.4994,44.6397,CYAW 082151Z 09015G24KT 4SM BR OVC003 03/03 A2985 RMK SF8 DENSI TY ALT -1055FT SLP111
CYAW,2022-04-08 22:00,-63.4994,44.6397,CYAW 082200Z 09014G26KT 1 1/2SM -SHRA BR OVC003 03/03 A2985 RMK SF8 DENSITY ALT -1055FT SLP109
CYAW,2022-04-08 22:39,-63.4994,44.6397,CYAW 082239Z 09016G25KT 1SM -SHRA BR OVC003 04/04 A2981 RMK SF8 DENSITY ALT -995FT LAST OBS/NXT 121000 UTC SLP097
CYAW,2022-04-12 10:00,-63.4994,44.6397,CYAW 121000Z 00000KT 15SM FEW170 BKN240 M01/M02 A2993 RMK AC1CI5 DENSITY ALT -1689FT FST OBS SLP138
CYAW,2022-04-12 11:00,-63.4994,44.6397,CYAW 121100Z 00000KT 15SM FEW170 BKN250 05/00 A2995 RMK AC1CI6 DENSITY ALT -1055FT SLP142
CYAW,2022-04-12 12:00,-63.4994,44.6397,CYAW 121200Z 00000KT 15SM FEW170 BKN250 08/M01 A2993 RMK AC1CI6 DENSITY ALT -596FT SLP137
CYAW,2022-04-12 13:00,-63.4994,44.6397,CYAW 121300Z 19005KT 15SM FEW130 BKN250 10/M01 A2992 RMK AC2CI4 DENSITY ALT -359FT SLP135
CYAW,2022-04-12 14:00,-63.4994,44.6397,CYAW 121400Z 16005KT 15SM SCT130 BKN250 10/01 A2992 RMK AC3CI3 DENSITY ALT -328FT SLP132
CYAW,2022-04-12 15:00,-63.4994,44.6397,CYAW 121500Z 16010KT 15SM BKN130 BKN250 08/01 A2989 RMK AC6CI1 DENSITY ALT -501FT SLP124
CYAW,2022-04-12 16:00,-63.4994,44.6397,CYAW 121600Z 15012KT 15SM BKN110 BKN250 07/00 A2988 RMK AC6CI1 DENSITY ALT -638FT SLP121
CYAW,2022-04-12 17:00,-63.4994,44.6397,CYAW 121700Z 17009KT 15SM FEW100 OVC150 07/02 A2987 RMK AC2AC6 DENSITY ALT -675FT SLP115
CYAW,2022-04-12 18:00,-63.4994,44.6397,CYAW 121800Z 18008KT 15SM OVC100 10/04 A2982 RMK AC8 DENSITY ALT -237FT SLP099
CYAW,2022-04-12 19:00,-63.4994,44.6397,CYAW 121900Z 18007KT 15SM FEW012 OVC075 06/04 A2981 RMK SF1AC8 DENSITY ALT -629FT SLP095
CYAW,2022-04-12 20:00,-63.4994,44.6397,CYAW 122000Z 20009KT 10SM -SHRA FEW010 FEW040 OVC065 07/05 A2979 RMK SF1SC1SC8 DENSITY ALT -488FT SLP091
CYAW,2022-04-12 20:39,-63.4994,44.6397,CYAW 122039Z 23006KT 5SM -SHRA BR FEW007 OVC038 06/06 A2979 RMK SF2SC6 DENSITY ALT -633FT SLP091
CYAW,2022-04-12 21:00,-63.4994,44.6397,CYAW 122100Z 23005KT 5SM -SHRA BR FEW007 OVC030 06/06 A2978 RMK SF2SC6 DENSITY ALT -607FT SLP086
CYAW,2022-04-12 22:00,-63.4994,44.6397,CYAW 122200Z 25005KT 10SM -SHRA FEW007 OVC036 06/06 A2977 RMK SF1SC8 DENSITY ALT -584FT SLP084
CYAW,2022-04-12 22:18,-63.4994,44.6397,CYAW 122218Z 26009KT 12SM FEW007 OVC040 06/06 A2979 RMK SF1SC8 DENSITY ALT -595FT SLP088
CYAW,2022-04-12 23:00,-63.4994,44.6397,CYAW 122300Z 29007KT 12SM -SHRA FEW007 OVC030 07/06 A2979 RMK SF1SC8 DENSITY ALT -567FT PCPN VRY LGT SLP090
CYAW,2022-04-12 23:38,-63.4994,44.6397,CYAW 122338Z 30003KT 15SM BKN065 07/06 A2979 RMK SC7 DENSITY ALT -553FT SLP088
CYAW,2022-04-13 00:00,-63.4994,44.6397,CYAW 130000Z 30004KT 15SM BKN062 07/06 A2979 RMK SC7 DENSITY ALT -565FT LAST OBS/NXT 131000 UTC SLP090
CYAW,2022-04-13 10:00,-63.4994,44.6397,CYAW 131000Z 31008KT 15SM FEW040 03/02 A2991 RMK SC1 DENSITY ALT -1135FT SLP129
CYAW,2022-04-13 11:00,-63.4994,44.6397,CYAW 131100Z 30013G19KT 15SM FEW040 06/02 A2994 RMK SC1 DENSITY ALT -880FT SLP139
CYAW,2022-04-13 12:00,-63.4994,44.6397,CYAW 131200Z 32013KT 15SM FEW040 FEW250 08/03 A2995 RMK SC1CI1 DENSITY ALT -641FT SLP145
CYAW,2022-04-13 13:00,-63.4994,44.6397,CYAW 131300Z 31011G16KT 15SM FEW024 FEW250 09/03 A2997 RMK CU1CI1 DENSITY ALT -478FT SLP149
CYAW,2022-04-13 14:00,-63.4994,44.6397,CYAW 131400Z 33013G18KT 15SM FEW032 FEW250 11/03 A2997 RMK CU1CI1 DENSITY ALT -286FT CI TR SLP149
CYAW,2022-04-13 15:00,-63.4994,44.6397,CYAW 131500Z 31011G19KT 15SM FEW055 12/01 A2995 RMK CU2 DENSITY ALT -83FT SLP145
CYAW,2022-04-13 16:00,-63.4994,44.6397,CYAW 131600Z 30015G28KT 15SM FEW060 SCT250 13/M03 A2995 RMK CU2CI1 DENSITY ALT -93FT SLP142
CYAW,2022-04-13 17:00,-63.4994,44.6397,CYAW 131700Z 32016G24KT 15SM FEW080 SCT250 14/M02 A2995 RMK AC1CI2 DENSITY ALT 31FT SLP143
CYAW,2022-04-13 18:00,-63.4994,44.6397,CYAW 131800Z 32016G21KT 15SM FEW040 FEW080 BKN250 14/M04 A2995 RMK CU1AC1CI3 DENSITY ALT 23FT SLP144
CYAW,2022-04-13 19:00,-63.4994,44.6397,CYAW 131900Z 33016G21KT 15SM FEW060 OVC230 13/M05 A2996 RMK CU1CS7 DENSITY ALT -29FT HALO SLP148
CYAW,2022-04-13 20:00,-63.4994,44.6397,CYAW 132000Z 30015KT 15SM FEW060 OVC230 12/M04 A2998 RMK CU1CS7 DENSITY ALT -143FT SLP153
CYAW,2022-04-13 21:00,-63.4994,44.6397,CYAW 132100Z 31011G16KT 15SM FEW050 OVC190 12/M04 A2998 RMK SC1AS8 DENSITY ALT -203FT SLP155
CYAW,2022-04-13 22:00,-63.4994,44.6397,CYAW 132200Z 30009KT 15SM FEW050 OVC180 12/M03 A3001 RMK SC1AS8 DENSITY ALT -282FT SLP162
CYAW,2022-04-13 23:00,-63.4994,44.6397,CYAW 132300Z 29003KT 15SM FEW070 OVC150 11/M03 A3001 RMK AC1AC8 DENSITY ALT -366FT SLP165
CYAW,2022-04-14 00:00,-63.4994,44.6397,CYAW 140000Z 00000KT 15SM FEW070 OVC150 10/M02 A3003 RMK AC1AC8 DENSITY ALT -505FT SLP172
CYAW,2022-04-14 00:31,-63.4994,44.6397,CYAW 140031Z 00000KT 15SM FEW070 OVC150 10/M03 A3003 RMK AC1AC8 DENSITY ALT -498FT LAST OBS/NXT 141000 UTC SLP172
CYAW,2022-04-14 10:00,-63.4994,44.6397,CYAW 141000Z 00000KT 15SM FEW010 BKN090 04/03 A3001 RMK CF1AC7 DENSITY ALT -1179FT FST OBS SLP164
CYAW,2022-04-14 11:00,-63.4994,44.6397,CYAW 141100Z 00000KT 15SM BKN090 BKN250 05/04 A3003 RMK AC7CI1 DENSITY ALT -1124FT SLP170
CYAW,2022-04-14 12:00,-63.4994,44.6397,CYAW 141200Z 05002KT 15SM BKN095 BKN250 05/04 A3003 RMK AC7CI1 DENSITY ALT -1037FT SLP171
CYAW,2022-04-14 13:00,-63.4994,44.6397,CYAW 141300Z 18004KT 15SM BKN095 BKN130 BKN250 07/04 A3003 RMK AC5AC2CI1 DENSITY ALT -836FT SLP172
CYAW,2022-04-14 14:00,-63.4994,44.6397,CYAW 141400Z 00000KT 15SM FEW016 SCT095 BKN150 BKN250 07/03 A3003 RMK CF1AC4AC1CI2 DENSITY ALT -768FT CF TR SLP172
CYAW,2022-04-14 15:00,-63.4994,44.6397,CYAW 141500Z 16005KT 15SM FEW016 SCT100 BKN120 BKN250 08/04 A3004 RMK CU1AC3AC3CI1 DENSITY ALT -660FT CU TR SLP174
CYAW,2022-04-14 16:00,-63.4994,44.6397,CYAW 141600Z 15008KT 15SM FEW016 BKN100 BKN250 08/04 A3003 RMK CU1AC6CI1 DENSITY ALT -734FT CU TR SLP169
CYAW,2022-04-14 17:00,-63.4994,44.6397,CYAW 141700Z 17011KT 15SM FEW016 BKN100 08/04 A3003 RMK CU1AS6 DENSITY ALT -639FT SUN DIMLY VISBL SLP171
CYAW,2022-04-14 18:00,-63.4994,44.6397,CYAW 141800Z 18011KT 15SM FEW016 OVC100 08/04 A3004 RMK CU1AS7 DENSITY ALT -715FT SUN DIMLY VISBL SLP174
CYAW,2022-04-14 19:00,-63.4994,44.6397,CYAW 141900Z 17007KT 15SM FEW020 OVC100 07/04 A3004 RMK SC1AS8 DENSITY ALT -825FT SLP175
CYAW,2022-04-14 20:00,-63.4994,44.6397,CYAW 142000Z 16008KT 15SM FEW015 OVC080 06/04 A3003 RMK CF1AC8 DENSITY ALT -937FT SLP172
CYAW,2022-04-14 20:34,-63.4994,44.6397,CYAW 142034Z 14007KT 15SM -RA FEW018 OVC100 06/04 A3003 RMK CF1AC7 DENSITY ALT -934FT SLP171
CYAW,2022-04-14 21:00,-63.4994,44.6397,CYAW 142100Z 11005KT 12SM -RA SCT010 OVC040 05/04 A3004 RMK SF3SC5 DENSITY ALT -1058FT SLP175
CYAW,2022-04-14 21:18,-63.4994,44.6397,CYAW 142118Z 12006KT 12SM -RA SCT008 OVC060 05/04 A3004 RMK SF4SC4 DENSITY ALT -1094FT SLP175
CYAW,2022-04-14 22:00,-63.4994,44.6397,CYAW 142200Z 09003KT 15SM -RA SCT006 OVC070 05/04 A3005 RMK SF3AC5 DENSITY ALT -1144FT SLP178
CYAW,2022-04-14 23:00,-63.4994,44.6397,CYAW 142300Z 11004KT 12SM -RA SCT006 OVC067 04/04 A3005 RMK SF3AC5 DENSITY ALT -1168FT SLP177
CYAW,2022-04-14 23:26,-63.4994,44.6397,CYAW 142326Z 11005KT 12SM -RA FEW006 BKN013 OVC075 04/04 A3005 RMK SF2SC4AC2 DENSITY ALT -1168FT SLP178
CYAW,2022-04-15 00:00,-63.4994,44.6397,CYAW 150000Z 11007KT 12SM -RA FEW006 SCT012 OVC075 04/04 A3006 RMK SF2SC2AC4 DENSITY ALT -1167FT SLP181
CYAW,2022-04-15 00:47,-63.4994,44.6397,CYAW 150047Z 11005KT 12SM -RA FEW006 OVC066 04/04 A3006 RMK SF1AC7 DENSITY ALT -1180FT LAST OBS/NXT 191000 UTC SLP181
CYAW,2022-04-19 10:00,-63.4994,44.6397,CYAW 191000Z 11007G15KT 15SM SCT240 02/01 A3042 RMK CI4 DENSITY ALT -1852FT FST OBS SLP302
CYAW,2022-04-19 11:00,-63.4994,44.6397,CYAW 191100Z 11014G24KT 15SM FEW015 BKN240 03/02 A3042 RMK SF1CI5 DENSITY ALT -1735FT SLP302
CYAW,2022-04-19 12:00,-63.4994,44.6397,CYAW 191200Z 11014G24KT 15SM FEW015 BKN240 04/01 A3039 RMK SF1CI6 DENSITY ALT -1602FT SLP292
CYAW,2022-04-19 13:00,-63.4994,44.6397,CYAW 191300Z 11014G28KT 15SM SCT015 BKN130 OVC240 04/01 A3037 RMK SF3AC2CI3 DENSITY ALT -1630FT SLP287
CYAW,2022-04-19 14:00,-63.4994,44.6397,CYAW 191400Z 11015G26KT 10SM BKN015 BKN130 OVC240 05/02 A3035 RMK SF5AC2CI1 DENSITY ALT -1438FT SLP281
CYAW,2022-04-19 15:00,-63.4994,44.6397,CYAW 191500Z 11019G26KT 8SM FEW015 OVC130 05/02 A3032 RMK SF1AC7 DENSITY ALT -1381FT SLP270
CYAW,2022-04-19 16:00,-63.4994,44.6397,CYAW 191600Z 11017G29KT 5SM -RA BKN015 OVC130 04/02 A3028 RMK SF6AC2 DENSITY ALT -1457FT SLP257
CYAW,2022-04-19 16:30,-63.4994,44.6397,CYAW 191630Z 10019G27KT 5SM -RA BR BKN012 OVC090 04/03 A3026 RMK SF6AC2 DENSITY ALT -1481FT PRESFR SLP248
CYAW,2022-04-19 17:00,-63.4994,44.6397,CYAW 191700Z 09018G32KT 4SM -RA BR FEW006 BKN012 OVC030 04/03 A3022 RMK SF1SF6SC2 DENSITY ALT -1471FT PRESFR SLP234
CYAW,2022-04-19 17:42,-63.4994,44.6397,CYAW 191742Z 09016G27KT 2 1/2SM -RA BR BKN006 OVC010 03/03 A3018 RMK SF5SF3 DENSITY ALT -1437FT PRESFR SLP221
CYAW,2022-04-19 18:00,-63.4994,44.6397,CYAW 191800Z 09018G31KT 2 1/2SM -RA BR BKN006 OVC009 03/03 A3015 RMK SF6SF2 DENSITY ALT -1402FT PRESFR SLP211
CYAW,2022-04-19 18:15,-63.4994,44.6397,CYAW 191815Z 09018G28KT 1 1/2SM RA BR OVC005 03/03 A3014 RMK SF8 DENSITY ALT -1390FT SLP207
CYAW,2022-04-19 19:00,-63.4994,44.6397,CYAW 191900Z 09015G28KT 1 1/2SM RA BR OVC004 04/04 A3012 RMK SF8 DENSITY ALT -1328FT SLP203
CYAW,2022-04-19 19:29,-63.4994,44.6397,CYAW 191929Z 09013G25KT 2SM RA BR OVC005 04/04 A3009 RMK SF8 DENSITY ALT -1253FT PRESFR LAST OBS/NXT 201000 UTC SLP193
CYAW,2022-04-20 10:00,-63.4994,44.6397,CYAW 201000Z 22006KT 8SM BCFG SCT010 OVC100 04/04 A2992 RMK SF4AC4 DENSITY ALT -1046FT FST OBS SLP135
CYAW,2022-04-20 11:00,-63.4994,44.6397,CYAW 201100Z 20007KT 8SM FEW010 BKN110 04/04 A2996 RMK SF1AC6 DENSITY ALT -1079FT SLP146
CYAW,2022-04-20 12:00,-63.4994,44.6397,CYAW 201200Z 21008G16KT 10SM FEW010 FEW120 06/04 A2997 RMK SF1AC1 DENSITY ALT -826FT SLP150
CYAW,2022-04-20 13:00,-63.4994,44.6397,CYAW 201300Z 21014G24KT 10SM BKN020 BKN120 07/04 A2997 RMK CF5AC1 DENSITY ALT -739FT SLP151
CYAW,2022-04-20 14:00,-63.4994,44.6397,CYAW 201400Z 23021G26KT 15SM SCT020 BKN130 08/04 A2998 RMK CF4AC1 DENSITY ALT -608FT SLP155
CYAW,2022-04-20 15:00,-63.4994,44.6397,CYAW 201500Z 22016G29KT 15SM FEW025 SCT130 09/03 A2998 RMK CF2AC1 DENSITY ALT -476FT SLP153
CYAW,2022-04-20 16:00,-63.4994,44.6397,CYAW 201600Z 21017G24KT 15SM FEW028 SCT100 09/03 A2998 RMK CU2AC1 DENSITY ALT -479FT SLP153
CYAW,2022-04-20 17:00,-63.4994,44.6397,CYAW 201700Z 21015G25KT 15SM FEW028 SCT100 10/03 A2998 RMK CU2AC1 DENSITY ALT -369FT SLP152
CYAW,2022-04-20 18:00,-63.4994,44.6397,CYAW 201800Z 22014G21KT 15SM FEW028 SCT100 11/03 A2999 RMK CU2AC1 DENSITY ALT -335FT SLP157
CYAW,2022-04-20 19:00,-63.4994,44.6397,CYAW 201900Z 22014G19KT 15SM SCT030 11/03 A3000 RMK SC4 DENSITY ALT -319FT SLP161
CYAW,2022-04-20 20:00,-63.4994,44.6397,CYAW 202000Z 22017KT 15SM FEW040 SCT070 10/02 A3003 RMK CU2AC1 DENSITY ALT -481FT SLP170
CYAW,2022-04-20 21:00,-63.4994,44.6397,CYAW 202100Z 25014G25KT 15SM SCT070 11/M01 A3005 RMK AC4 DENSITY ALT -363FT SLP178
CYAW,2022-04-20 22:00,-63.4994,44.6397,CYAW 202200Z 25013G21KT 15SM SCT055 10/M02 A3008 RMK CU3 DENSITY ALT -514FT SLP188
CYAW,2022-04-20 23:00,-63.4994,44.6397,CYAW 202300Z 26014KT 15SM SCT075 09/M02 A3013 RMK AC4 DENSITY ALT -679FT SLP205
CYAW,2022-04-21 00:00,-63.4994,44.6397,CYAW 210000Z 28019G25KT 15SM FEW080 08/M03 A3019 RMK AC1 DENSITY ALT -865FT SLP223
CYAW,2022-04-21 01:00,-63.4994,44.6397,CYAW 210100Z 29017KT 15SM FEW080 07/M02 A3024 RMK AC1 DENSITY ALT -1079FT SLP242
CYAW,2022-04-21 01:52,-63.4994,44.6397,CYAW 210152Z 28013G18KT 15SM FEW080 07/M02 A3027 RMK AC1 DENSITY ALT -1189FT LAST OBS/NXT 211000 UTC SLP254
CYAW,2022-04-21 10:00,-63.4994,44.6397,CYAW 211000Z 28005KT 15SM SKC 02/M02 A3053 RMK DENSITY ALT -2021FT FST OBS SLP340
CYAW,2022-04-21 11:00,-63.4994,44.6397,CYAW 211100Z 32009KT 15SM FEW250 04/M02 A3055 RMK CI1 DENSITY ALT -1855FT SLP348
CYAW,2022-04-21 12:00,-63.4994,44.6397,CYAW 211200Z 32010KT 15SM FEW250 05/M02 A3057 RMK CI1 DENSITY ALT -1753FT SLP354
CYAW,2022-04-21 13:00,-63.4994,44.6397,CYAW 211300Z 36005KT 15SM FEW230 07/M02 A3058 RMK CI1 DENSITY ALT -1517FT SLP358
CYAW,2022-04-21 14:00,-63.4994,44.6397,CYAW 211400Z 24004KT 15SM SCT250 08/M04 A3059 RMK CI3 DENSITY ALT -1435FT SLP360
CYAW,2022-04-21 15:00,-63.4994,44.6397,CYAW 211500Z 00000KT 15SM OVC250 09/M04 A3057 RMK CI8 DENSITY ALT -1289FT CONTRAILS SLP353
CYAW,2022-04-21 16:00,-63.4994,44.6397,CYAW 211600Z 18011KT 15SM OVC250 08/M02 A3056 RMK CI8 DENSITY ALT -1380FT SLP349
CYAW,2022-04-21 17:00,-63.4994,44.6397,CYAW 211700Z 17015KT 15SM OVC230 08/M03 A3055 RMK CI8 DENSITY ALT -1339FT CONTRAILS SLP348
CYAW,2022-04-21 18:00,-63.4994,44.6397,CYAW 211800Z 17014G19KT 15SM OVC230 08/M02 A3055 RMK CS8 DENSITY ALT -1384FT HALO SLP346
CYAW,2022-04-21 19:00,-63.4994,44.6397,CYAW 211900Z 17014KT 15SM OVC230 08/M02 A3053 RMK CS8 DENSITY ALT -1335FT HALO SLP341
CYAW,2022-04-21 20:00,-63.4994,44.6397,CYAW 212000Z 18010KT 15SM OVC230 08/M03 A3052 RMK CS8 DENSITY ALT -1339FT HALO SLP337
CYAW,2022-04-21 21:00,-63.4994,44.6397,CYAW 212100Z 19012KT 15SM OVC230 07/M02 A3052 RMK CS8 DENSITY ALT -1448FT HALO SLP336
CYAW,2022-04-21 22:00,-63.4994,44.6397,CYAW 212200Z 20012G18KT 15SM SCT170 OVC230 05/M02 A3051 RMK AC3CI5 DENSITY ALT -1596FT SLP333
CYAW,2022-04-21 23:00,-63.4994,44.6397,CYAW 212300Z 20009KT 15SM SCT180 OVC230 04/M01 A3051 RMK AC3CI5 DENSITY ALT -1727FT SLP333
CYAW,2022-04-22 00:00,-63.4994,44.6397,CYAW 220000Z 19012KT 15SM SCT180 OVC240 04/M01 A3050 RMK AC4CI4 DENSITY ALT -1777FT SLP329
CYAW,2022-04-22 01:00,-63.4994,44.6397,CYAW 220100Z 19010G15KT 15SM BKN160 OVC210 04/01 A3049 RMK AC5CI3 DENSITY ALT -1758FT SLP325
CYAW,2022-04-22 02:00,-63.4994,44.6397,CYAW 220200Z 18008KT 15SM BKN180 OVC200 04/01 A3046 RMK AC6CI2 DENSITY ALT -1732FT SLP315
CYAW,2022-04-22 02:37,-63.4994,44.6397,CYAW 220237Z 18007G17KT 15SM BKN150 BKN200 03/02 A3044 RMK AC5CI2 DENSITY ALT -1743FT LAST OBS /NEXT 221000 UTC SLP311
CYAW,2022-04-22 10:00,-63.4994,44.6397,CYAW 221000Z 18009KT 8SM -SHRA OVC009 05/05 A3025 RMK SF8 DENSITY ALT -1270FT FST OBS SLP247
CYAW,2022-04-22 11:00,-63.4994,44.6397,CYAW 221100Z 16009KT 8SM -SHRA BKN006 OVC015 05/05 A3023 RMK SF6SC2 DENSITY ALT -1309FT SLP238
CYAW,2022-04-22 12:00,-63.4994,44.6397,CYAW 221200Z 17005KT 8SM -SHRA OVC008 06/06 A3021 RMK SF8 DENSITY ALT -1141FT SLP231
CYAW,2022-04-22 13:00,-63.4994,44.6397,CYAW 221300Z 18006KT 8SM -SHRA OVC007 06/06 A3018 RMK SF8 DENSITY ALT -1081FT SLP223
CYAW,2022-04-22 14:00,-63.4994,44.6397,CYAW 221400Z 19007KT 8SM -SHRA OVC006 06/06 A3016 RMK SF8 DENSITY ALT -1031FT SLP214
CYAW,2022-04-22 14:28,-63.4994,44.6397,CYAW 221428Z 19008KT 10SM BKN006 07/07 A3014 RMK SF7 DENSITY ALT -890FT SLP209
CYAW,2022-04-22 15:00,-63.4994,44.6397,CYAW 221500Z 20007KT 12SM BKN007 BKN050 09/08 A3012 RMK SF5SC2 DENSITY ALT -700FT SLP202
CYAW,2022-04-22 15:33,-63.4994,44.6397,CYAW 221533Z 23004KT 12SM FEW006 BKN010 10/08 A3011 RMK SF1SF7 DENSITY ALT -499FT SLP197
CYAW,2022-04-22 16:00,-63.4994,44.6397,CYAW 221600Z 24007KT 15SM BKN015 11/08 A3009 RMK SC7 DENSITY ALT -359FT SLP191
CYAW,2022-04-22 16:39,-63.4994,44.6397,CYAW 221639Z 26009KT 15SM SCT020 BKN080 12/08 A3007 RMK SC3AC3 DENSITY ALT -180FT SLP184
CYAW,2022-04-22 17:00,-63.4994,44.6397,CYAW 221700Z 24006KT 15SM SCT025 BKN080 13/08 A3006 RMK CU4AC2 DENSITY ALT -109FT SLP182
CYAW,2022-04-22 17:53,-63.4994,44.6397,CYAW 221753Z 16010KT 15SM TS SCT030CB SCT150 SCT230 12/07 A3002 RMK CB3AC1CI1 DENSITY ALT -175FT CB N OCNL DIST LTGCCCG SLP168
CYAW,2022-04-22 18:00,-63.4994,44.6397,CYAW 221800Z 17008KT 15SM TS FEW030 SCT040CB 12/07 A3002 RMK CF2CB2 DENSITY ALT -126FT TS N MOV E OCNL LTGCCCG OBS TAKEN +02 SLP166
CYAW,2022-04-22 19:00,-63.4994,44.6397,CYAW 221900Z 20008KT 15SM TS BKN040CB BKN230 11/07 A3003 RMK CB5CI2 DENSITY ALT -362FT CB OHD SLP170
CYAW,2022-04-22 19:12,-63.4994,44.6397,CYAW 221912Z 31015KT 8SM -TSRA BKN030CB BKN230 11/07 A3003 RMK CB6CI1 DENSITY ALT -361FT CB OHD MOV E SLP169
CYAW,2022-04-22 19:27,-63.4994,44.6397,CYAW 221927Z 34006G18KT 8SM -SHRA SCT016 BKN020CB BKN230 09/08 A3003 RMK CF4CB3CI1 DENSITY ALT -573FT CB OHD MOV E SLP171
CYAW,2022-04-22 19:41,-63.4994,44.6397,CYAW 221941Z 24008KT 4SM -SHRA BR SCT016 BKN020CB BKN230 09/08 A3003 RMK CF4CB3CI1 DENSITY ALT -505FT CB OHD MOV E LAST OBS /NEXT 251000 UTC SLP172
CYAW,2022-04-25 10:00,-63.4994,44.6397,CYAW 251000Z 36011G20KT 10SM -DZ OVC015 03/01 A3019 RMK SC8 DENSITY ALT -1460FT PCPN VRY LGT FST OBS SLP224
CYAW,2022-04-25 10:40,-63.4994,44.6397,CYAW 251040Z 01010G18KT 10SM OVC015 04/01 A3020 RMK SC8 DENSITY ALT -1422FT SLP230
CYAW,2022-04-25 11:00,-63.4994,44.6397,CYAW 251100Z 01012G18KT 10SM OVC015 04/02 A3021 RMK SC8 DENSITY ALT -1408FT SLP231
CYAW,2022-04-25 12:00,-63.4994,44.6397,CYAW 251200Z 02010G16KT 10SM OVC018 05/01 A3024 RMK SC8 DENSITY ALT -1331FT SLP242
CYAW,2022-04-25 13:00,-63.4994,44.6397,CYAW 251300Z 03009G17KT 15SM OVC022 07/02 A3025 RMK SC8 DENSITY ALT -1103FT SLP245
CYAW,2022-04-25 14:00,-63.4994,44.6397,CYAW 251400Z 03009G18KT 15SM BKN023 08/01 A3025 RMK SC7 DENSITY ALT -1019FT SLP247
CYAW,2022-04-25 15:00,-63.4994,44.6397,CYAW 251500Z 02009G15KT 15SM FEW023 FEW230 10/02 A3024 RMK SC1CI1 DENSITY ALT -711FT CF ASOCTD CI TR SLP243
CYAW,2022-04-25 16:00,-63.4994,44.6397,CYAW 251600Z 05011KT 15SM SCT035 12/03 A3025 RMK SC4 DENSITY ALT -457FT CF ASOCTD SLP245
CYAW,2022-04-25 17:00,-63.4994,44.6397,CYAW 251700Z 04007KT 15SM BKN035 BKN230 12/05 A3025 RMK SC6CI1 DENSITY ALT -398FT SLP245
CYAW,2022-04-25 18:00,-63.4994,44.6397,CYAW 251800Z 04008KT 15SM SCT032 SCT250 14/05 A3024 RMK SC3CI1 DENSITY ALT -227FT SLP241
CYAW,2022-04-25 19:00,-63.4994,44.6397,CYAW 251900Z 04005KT 15SM FEW030 FEW080 FEW250 15/06 A3022 RMK SC1AC1CI1 DENSITY ALT -106FT AC TR SLP236
CYAW,2022-04-25 20:00,-63.4994,44.6397,CYAW 252000Z 05006KT 15SM FEW030 SCT250 16/06 A3021 RMK SC1CI3 DENSITY ALT 60FT SLP231
CYAW,2022-04-25 20:16,-63.4994,44.6397,CYAW 252016Z 04009KT 15SM FEW030 SCT250 16/06 A3021 RMK SC1CI3 DENSITY ALT 61FT LAST OBS/NXT 261000 UTC SLP231
CYAW,2022-04-26 10:00,-63.4994,44.6397,CYAW 261000Z 10004KT 15SM FEW040 FEW240 05/04 A3024 RMK SC1CS2 DENSITY ALT -1264FT HALO FST OBS SLP240
CYAW,2022-04-26 11:00,-63.4994,44.6397,CYAW 261100Z 11008KT 15SM FEW040 BKN240 07/04 A3022 RMK SC1CI5 DENSITY ALT -1019FT SLP236
CYAW,2022-04-26 12:00,-63.4994,44.6397,CYAW 261200Z 13010KT 15SM FEW040 BKN240 08/04 A3022 RMK SC1CI6 DENSITY ALT -969FT SLP235
CYAW,2022-04-26 13:00,-63.4994,44.6397,CYAW 261300Z 14006KT 15SM FEW020 BKN240 08/04 A3024 RMK SC1CI5 DENSITY ALT -956FT SLP241
CYAW,2022-04-26 14:00,-63.4994,44.6397,CYAW 261400Z 16008KT 15SM FEW020 BKN240 08/03 A3023 RMK SC1CI5 DENSITY ALT -887FT SLP238
CYAW,2022-04-26 15:00,-63.4994,44.6397,CYAW 261500Z 16012KT 15SM FEW020 BKN240 08/03 A3021 RMK SC1CI7 DENSITY ALT -852FT SLP231
CYAW,2022-04-26 16:00,-63.4994,44.6397,CYAW 261600Z 16012KT 15SM FEW020 BKN230 08/03 A3019 RMK SC1CI7 DENSITY ALT -828FT SLP223
CYAW,2022-04-26 17:00,-63.4994,44.6397,CYAW 261700Z 16010KT 15SM FEW020 BKN240 08/04 A3016 RMK SC1CI7 DENSITY ALT -790FT SLP215
CYAW,2022-04-26 18:00,-63.4994,44.6397,CYAW 261800Z 16010KT 15SM FEW020 BKN200 08/04 A3014 RMK SC1CI7 DENSITY ALT -814FT SLP207
CYAW,2022-04-26 19:00,-63.4994,44.6397,CYAW 261900Z 17009KT 15SM SCT180 OVC210 07/04 A3012 RMK AC3CI5 DENSITY ALT -867FT SLP201
CYAW,2022-04-26 20:00,-63.4994,44.6397,CYAW 262000Z 18010KT 15SM SCT170 OVC220 07/03 A3010 RMK AC3CI5 DENSITY ALT -896FT SLP195
CYAW,2022-04-26 21:00,-63.4994,44.6397,CYAW 262100Z 19010KT 15SM FEW080 OVC160 06/03 A3010 RMK AC2AS6 DENSITY ALT -971FT SLP193
CYAW,2022-04-26 22:00,-63.4994,44.6397,CYAW 262200Z 19010KT 15SM SCT060 BKN100 OVC150 07/03 A3009 RMK SC3AC3AS2 DENSITY ALT -926FT SLP189
CYAW,2022-04-26 23:00,-63.4994,44.6397,CYAW 262300Z 20008KT 15SM OVC050 06/03 A3009 RMK SC8 DENSITY ALT -963FT SLP190
CYAW,2022-04-27 00:00,-63.4994,44.6397,CYAW 270000Z 20006KT 15SM OVC060 06/03 A3007 RMK SC8 DENSITY ALT -976FT SLP185
CYAW,2022-04-27 00:38,-63.4994,44.6397,CYAW 270038Z 18006KT 8SM -SHRA BKN045 OVC060 06/03 A3006 RMK SC5SC3 DENSITY ALT -965FT SLP182
CYAW,2022-04-27 01:00,-63.4994,44.6397,CYAW 270100Z 19005KT 8SM -SHRA FEW015 BKN043 OVC100 06/04 A3006 RMK SC1SC6AC2 DENSITY ALT -1009FT SLP181
CYAW,2022-04-27 01:36,-63.4994,44.6397,CYAW 270136Z 17007KT 15SM SCT040 OVC065 06/03 A3005 RMK SC3SC5 DENSITY ALT -1012FT SLP176
CYAW,2022-04-27 01:51,-63.4994,44.6397,CYAW 270151Z 18006KT 15SM FEW015 BKN023 OVC060 05/04 A3004 RMK SC1SC5SC3 DENSITY ALT -1024FT SLP175
CYAW,2022-04-27 02:00,-63.4994,44.6397,CYAW 270200Z 17005KT 15SM SCT015 BKN023 OVC055 05/04 A3004 RMK SC3SC3SC2 DENSITY ALT -1023FT SLP174
CYAW,2022-04-27 02:06,-63.4994,44.6397,CYAW 270206Z 16005KT 8SM -SHRA SCT015 BKN023 OVC055 05/04 A3003 RMK SC3SC3SC2 DENSITY ALT -1032FT SLP172
CYAW,2022-04-27 02:32,-63.4994,44.6397,CYAW 270232Z 16005KT 10SM BKN014 OVC020 05/04 A3003 RMK SC5SC3 DENSITY ALT -1070FT LAST OBS/NXT 271000 UTC SLP170
CYAW,2022-04-27 10:00,-63.4994,44.6397,CYAW 271000Z 16006KT 12SM OVC013 05/05 A2988 RMK SF8 DENSITY ALT -893FT FST OBS SLP121
CYAW,2022-04-27 11:00,-63.4994,44.6397,CYAW 271100Z 14007KT 12SM SCT006 OVC013 05/05 A2987 RMK SF4SC4 DENSITY ALT -843FT SLP116
CYAW,2022-04-27 12:00,-63.4994,44.6397,CYAW 271200Z 17008KT 12SM OVC010 05/05 A2986 RMK SF8 DENSITY ALT -806FT CIG VRB 7-13 SLP114
CYAW,2022-04-27 13:00,-63.4994,44.6397,CYAW 271300Z 17009KT 12SM SCT007 OVC020 06/05 A2985 RMK SF4SC4 DENSITY ALT -705FT SLP110
CYAW,2022-04-27 14:00,-63.4994,44.6397,CYAW 271400Z 17005KT 15SM FEW005 OVC012 06/05 A2985 RMK SF1SC8 DENSITY ALT -692FT SLP109
CYAW,2022-04-27 15:00,-63.4994,44.6397,CYAW 271500Z 15007KT 10SM -SHRA FEW005 OVC015 07/06 A2981 RMK CF1SC8 DENSITY ALT -583FT SLP097
CYAW,2022-04-27 15:24,-63.4994,44.6397,CYAW 271524Z 16006KT 12SM FEW005 OVC015 07/06 A2980 RMK CF1SC8 DENSITY ALT -571FT SLP094
CYAW,2022-04-27 16:00,-63.4994,44.6397,CYAW 271600Z 17008KT 12SM FEW005 OVC020 07/06 A2978 RMK SF1SC7 DENSITY ALT -547FT SLP087
CYAW,2022-04-27 16:31,-63.4994,44.6397,CYAW 271631Z 15011KT 12SM BKN009 OVC022 07/06 A2976 RMK SF5SC3 DENSITY ALT -523FT SLP081
CYAW,2022-04-27 17:00,-63.4994,44.6397,CYAW 271700Z 16012KT 10SM BKN007 OVC035 07/06 A2976 RMK SF5SC3 DENSITY ALT -472FT CIG VRB 5-9 SLP079
CYAW,2022-04-27 17:39,-63.4994,44.6397,CYAW 271739Z 15012G26KT 9SM -SHRA SCT005 BKN030 BKN060 OVC090 07/06 A2974 RMK SF3SC2SC1AC2 DENSITY ALT -485FT SLP073
CYAW,2022-04-27 18:00,-63.4994,44.6397,CYAW 271800Z 14012G17KT 8SM -RA FEW008 BKN050 OVC090 06/06 A2974 RMK SF1SC4AC3 DENSITY ALT -536FT SLP071
CYAW,2022-04-27 19:00,-63.4994,44.6397,CYAW 271900Z 13007KT 5SM BR FEW008 BKN050 OVC090 06/06 A2971 RMK SF1SC5AC2 DENSITY ALT -539FT SLP062
CYAW,2022-04-27 20:00,-63.4994,44.6397,CYAW 272000Z 10008KT 3SM -RA BR BKN003 OVC024 05/05 A2967 RMK SF5SC3 DENSITY ALT -596FT SLP050
CYAW,2022-04-27 20:44,-63.4994,44.6397,CYAW 272044Z 11009G15KT 2 1/2SM -RA BR OVC003 05/05 A2967 RMK SF8 DENSITY ALT -622FT SLP048
CYAW,2022-04-27 21:00,-63.4994,44.6397,CYAW 272100Z 11011G17KT 2 1/2SM -RA BR OVC002 05/05 A2966 RMK SF8 DENSITY ALT -610FT SLP046
CYAW,2022-04-27 21:54,-63.4994,44.6397,CYAW 272154Z 11008G15KT 2SM -RA BR OVC001 05/05 A2965 RMK SF8 DENSITY ALT -572FT SLP041
CYAW,2022-04-27 22:00,-63.4994,44.6397,CYAW 272200Z 11009G15KT 2SM -RA BR OVC002 05/05 A2964 RMK SF8 DENSITY ALT -547FT CIG VRB 1-3 SLP040
CYAW,2022-04-27 22:32,-63.4994,44.6397,CYAW 272232Z 12010KT 1SM -RA BR OVC002 06/06 A2963 RMK SF8 DENSITY ALT -509FT VIS VRB 3/4-1 1/4 CIG VRB 1-3 SLP035
CYAW,2022-04-27 23:00,-63.4994,44.6397,CYAW 272300Z 11010G17KT 3/4SM -RA BR OVC002 06/06 A2962 RMK SF8 DENSITY ALT -497FT CIG VRB 1-3 SLP032
CYAW,2022-04-27 23:50,-63.4994,44.6397,CYAW 272350Z 11007KT 3/4SM -RA BR OVC001 05/05 A2960 RMK ST8 DENSITY ALT -500FT SLP024
CYAW,2022-04-28 00:00,-63.4994,44.6397,CYAW 280000Z 10009KT 5/8SM -RA BR VV001 05/05 A2959 RMK FG8 DENSITY ALT -489FT /R12/ SLP023
CYAW,2022-04-28 01:00,-63.4994,44.6397,CYAW 280100Z 10007KT 5/8SM -RA BR VV001 06/06 A2957 RMK FG8 DENSITY ALT -452FT SLP016
CYAW,2022-04-28 01:16,-63.4994,44.6397,CYAW 280116Z 11008KT 1/2SM -RA FG VV001 06/06 A2957 RMK FG8 DENSITY ALT -426FT SLP014
CYAW,2022-04-28 02:00,-63.4994,44.6397,CYAW 280200Z 12007KT 3/8SM -RA FG VV001 06/06 A2955 RMK FG8 DENSITY ALT -389FT SLP006
CYAW,2022-04-28 02:17,-63.4994,44.6397,CYAW 280217Z 11007KT 3/8SM -RA FG VV001 06/06 A2954 RMK FG8 DENSITY ALT -378FT LAST OBS/NXT 281000 UTC SLP003
CYAW,2022-04-28 10:00,-63.4994,44.6397,CYAW 281000Z 20009KT 3/8SM FG VV001 05/05 A2946 RMK FG8 DENSITY ALT -443FT VIS VRB 1/4-1/2 FST OBS SLP976
CYAW,2022-04-28 10:26,-63.4994,44.6397,CYAW 281026Z 19011KT 6SM BR OVC004 05/05 A2945 RMK ST8 DENSITY ALT -431FT SLP975
CYAW,2022-04-28 11:00,-63.4994,44.6397,CYAW 281100Z 19013G18KT 6SM -DZ BR OVC005 05/05 A2946 RMK ST8 DENSITY ALT -456FT SLP977
CYAW,2022-04-28 11:40,-63.4994,44.6397,CYAW 281140Z 19012G19KT 8SM BKN007 OVC010 05/05 A2946 RMK SF6ST2 DENSITY ALT -456FT SLP976
CYAW,2022-04-28 12:00,-63.4994,44.6397,CYAW 281200Z 19010G18KT 10SM OVC008 05/05 A2946 RMK SF8 DENSITY ALT -429FT CIG VRB 6-10 SLP976
CYAW,2022-04-28 12:08,-63.4994,44.6397,CYAW 281208Z 19011G17KT 6SM -DZ BR OVC008 05/05 A2946 RMK SF8 DENSITY ALT -456FT CIG VRB 6-10 SLP976
CYAW,2022-04-28 12:34,-63.4994,44.6397,CYAW 281234Z 20013G18KT 8SM BKN008 05/05 A2946 RMK SF7 DENSITY ALT -442FT CIG VRB 6-10 SLP976
CYAW,2022-04-28 13:00,-63.4994,44.6397,CYAW 281300Z 02014G19KT 6SM BR OVC008 05/04 A2946 RMK SF8 DENSITY ALT -458FT SLP977
CYAW,2022-04-28 13:54,-63.4994,44.6397,CYAW 281354Z 19013G20KT 8SM BKN008 OVC014 05/04 A2946 RMK SF6SC2 DENSITY ALT -385FT SLP977
CYAW,2022-04-28 14:00,-63.4994,44.6397,CYAW 281400Z 18011G17KT 8SM BKN008 OVC014 06/05 A2946 RMK SF6SC2 DENSITY ALT -330FT SLP977
CYAW,2022-04-28 15:00,-63.4994,44.6397,CYAW 281500Z 18013G18KT 10SM BKN009 OVC018 05/04 A2946 RMK SF5SC3 DENSITY ALT -412FT SLP976
CYAW,2022-04-28 16:00,-63.4994,44.6397,CYAW 281600Z 16013KT 12SM SCT008 OVC015 05/04 A2945 RMK SF4SC4 DENSITY ALT -387FT SLP973
CYAW,2022-04-28 16:13,-63.4994,44.6397,CYAW 281613Z 16016KT 8SM -DZ SCT008 BKN015 05/04 A2944 RMK SF4SC3 DENSITY ALT -323FT SLP971
CYAW,2022-04-28 16:42,-63.4994,44.6397,CYAW 281642Z 16013G18KT 10SM SCT008 BKN018 06/04 A2944 RMK SF3SC4 DENSITY ALT -261FT SLP969
CYAW,2022-04-28 17:00,-63.4994,44.6397,CYAW 281700Z 16013KT 10SM SCT008 OVC017 05/04 A2943 RMK SF3SC5 DENSITY ALT -311FT VIS LWR E-SW SLP967
CYAW,2022-04-28 17:36,-63.4994,44.6397,CYAW 281736Z 16009KT 2SM -DZ BR BKN007 OVC013 06/04 A2943 RMK SF5SC3 DENSITY ALT -285FT VIS NW-NE 10 SLP966
CYAW,2022-04-28 18:00,-63.4994,44.6397,CYAW 281800Z 15009KT 3SM -DZ BR BKN006 OVC010 05/05 A2943 RMK SF7SF1 DENSITY ALT -307FT SLP966
CYAW,2022-04-28 18:29,-63.4994,44.6397,CYAW 281829Z 14009KT 2SM -DZ BR OVC004 05/05 A2942 RMK SF8 DENSITY ALT -293FT SLP965
CYAW,2022-04-28 19:00,-63.4994,44.6397,CYAW 281900Z 11007KT 2 1/2SM -DZ BR OVC005 05/05 A2942 RMK SF8 DENSITY ALT -319FT SLP965
CYAW,2022-04-28 20:00,-63.4994,44.6397,CYAW 282000Z 13003KT 4SM BR BKN006 OVC010 05/05 A2942 RMK SF7ST1 DENSITY ALT -308FT VIS HYR E QUAD CIG VRB 4-8 SLP964
CYAW,2022-04-28 20:18,-63.4994,44.6397,CYAW 282018Z 15004KT 3SM -DZ BR OVC006 05/05 A2943 RMK SF8 DENSITY ALT -319FT VIS HYR E QUAD CIG VRB 4-8 SLP966
CYAW,2022-04-28 21:00,-63.4994,44.6397,CYAW 282100Z 00000KT 3SM BR SCT007 BKN020 BKN040 06/05 A2943 RMK SF4SC2SC1 DENSITY ALT -257FT VIS HYR E QUAD SLP968
CYAW,2022-04-28 21:30,-63.4994,44.6397,CYAW 282130Z 07004KT 10SM VCFG SCT007 BKN020 BKN040 06/05 A2944 RMK SF3SC3SC1 DENSITY ALT -208FT SLP969
CYAW,2022-04-28 22:00,-63.4994,44.6397,CYAW 282200Z 00000KT 10SM VCFG FEW007 BKN020 BKN040 06/05 A2944 RMK SF2SC3SC2 DENSITY ALT -257FT SLP971
CYAW,2022-04-28 22:38,-63.4994,44.6397,CYAW 282238Z 17003KT 1/2SM FG OVC002 05/04 A2946 RMK SF8 DENSITY ALT -444FT VIS VRB 1/4-3/4 SLP976
CYAW,2022-04-28 22:49,-63.4994,44.6397,CYAW 282249Z 16003KT 6SM BR BCFG BKN006 OVC020 04/04 A2946 RMK SF6SC2 DENSITY ALT -469FT CIG VRB 4-8 SLP978
CYAW,2022-04-28 23:00,-63.4994,44.6397,CYAW 282300Z 17003KT 8SM -DZ BCFG BKN005 OVC025 05/04 A2947 RMK SF6SC2 DENSITY ALT -468FT PCPN VRY LGT CIG VRB 3-7 BCFG S VIS 1/2 SLP979
CYAW,2022-04-28 23:20,-63.4994,44.6397,CYAW 282320Z 15003KT 7SM BKN010 OVC025 04/04 A2947 RMK SF5SC3 D ENSITY ALT -481FT CIG VRB 7-13 SLP979
CYAW,2022-04-28 23:25,-63.4994,44.6397,CYAW 282325Z 15003KT 7SM BKN010 OVC025 04/04 A2947 RMK SF5SC3 DENSITY ALT -481FT CIG VRB 7-13 LAST OBS /NEXT 291000 UTC SLP979
CYAW,2022-04-29 10:00,-63.4994,44.6397,CYAW 291000Z 33007KT 6SM -DZ BR OVC006 04/04 A2953 RMK SF8 DENSITY ALT -619FT FST OBS SLP003
CYAW,2022-04-29 10:41,-63.4994,44.6397,CYAW 291041Z 34005KT 10SM BKN006 OVC015 04/04 A2954 RMK SF7SC1 DENSITY ALT -565FT SLP005
CYAW,2022-04-29 11:00,-63.4994,44.6397,CYAW 291100Z 34007KT 12SM BKN006 OVC020 05/04 A2954 RMK SF7SC1 DENSITY ALT -540FT SLP006
CYAW,2022-04-29 12:00,-63.4994,44.6397,CYAW 291200Z 36005KT 12SM BKN008 OVC015 06/04 A2955 RMK SF7SC1 DENSITY ALT -401FT SLP010
CYAW,2022-04-29 12:10,-63.4994,44.6397,CYAW 291210Z 36005KT 12SM -DZ BKN008 OVC012 06/04 A2956 RMK SF6SC2 DENSITY ALT -377FT VIS LWR N-NE SLP011
CYAW,2022-04-29 12:46,-63.4994,44.6397,CYAW 291246Z 05003KT 12SM BKN009 OVC015 06/04 A2956 RMK SF5SC3 DENSITY ALT -426FT VIS LWR S SLP013
CYAW,2022-04-29 13:00,-63.4994,44.6397,CYAW 291300Z 03005KT 12SM SCT009 OVC014 06/04 A2957 RMK SF4SC4 DENSITY ALT -379FT SLP014
CYAW,2022-04-29 14:00,-63.4994,44.6397,CYAW 291400Z 02005KT 12SM FEW008 BKN016 OVC023 07/04 A2957 RMK SF2SC5SC1 DENSITY ALT -283FT SLP016
CYAW,2022-04-29 15:00,-63.4994,44.6397,CYAW 291500Z 02005KT 12SM FEW003 OVC018 07/04 A2958 RMK SF1SC8 DENSITY ALT -252FT VIS LWR E-SE SLP017
CYAW,2022-04-29 15:17,-63.4994,44.6397,CYAW 291517Z 12006KT 10SM -DZ FEW008 OVC012 07/06 A2958 RMK SF2SC6 DENSITY ALT -340FT VIS E-SE 3 BR SLP019
CYAW,2022-04-29 15:29,-63.4994,44.6397,CYAW 291529Z 11005KT 4SM -RA BR FEW006 OVC012 06/05 A2958 RMK SF2SC6 DENSITY ALT -403FT VIS HIER NW SLP019
CYAW,2022-04-29 15:44,-63.4994,44.6397,CYAW 291544Z 11003KT 3SM -RA BR BKN006 OVC012 06/06 A2958 RMK SF6SC2 DENSITY ALT -362FT SLP019
CYAW,2022-04-29 15:52,-63.4994,44.6397,CYAW 291552Z 10003KT 1 1/2SM -RA BR OVC006 06/06 A2958 RMK SF8 DENSITY ALT -375FT SLP020
CYAW,2022-04-29 16:00,-63.4994,44.6397,CYAW 291600Z 07002KT 2SM -RA BR OVC006 06/06 A2958 RMK SF8 DENSITY ALT -348FT VIS VRB 1 1/2-2 1/2 SLP020
CYAW,2022-04-29 16:25,-63.4994,44.6397,CYAW 291625Z 03004KT 4SM -RA BR SCT006 OVC013 07/06 A2959 RMK SF4SC4 DENSITY ALT -309FT SLP021
CYAW,2022-04-29 17:00,-63.4994,44.6397,CYAW 291700Z 05003KT 4SM -RA BR BKN009 OVC014 07/06 A2959 RMK SF6SC2 DENSITY ALT -346FT SLP023
CYAW,2022-04-29 17:22,-63.4994,44.6397,CYAW 291722Z 05004KT 6SM -RA BKN009 OVC015 07/06 A2959 RMK SF6SC2 DENSITY ALT -271FT VIS LWR W QUAD SLP022
CYAW,2022-04-29 18:00,-63.4994,44.6397,CYAW 291800Z 07006KT 5SM -RA BKN009 OVC014 07/06 A2959 RMK SF6SC2 DENSITY ALT -248FT VIS LWR W QUAD SLP023
CYAW,2022-04-29 19:00,-63.4994,44.6397,CYAW 291900Z 02004KT 4SM -RA BR BKN008 OVC014 06/06 A2960 RMK SF6SC2 DENSITY ALT -373FT VIS LWR W QUAD CIG VRB 6-10 LAST OBS /NEXT 011000 UTC SLP026
CYAW,2022-05-01 10:00,-63.4994,44.6397,CYAW 011000Z 32012KT 15SM BKN012 01/01 A2995 RMK SF7 DENSITY ALT -1478FT FST OBS SLP143
CYAW,2022-05-01 11:00,-63.4994,44.6397,CYAW 011100Z 32012KT 15SM BKN012 02/01 A2995 RMK SF7 DENSITY ALT -1340FT SLP144
CYAW,2022-05-01 12:00,-63.4994,44.6397,CYAW 011200Z 34011KT 15SM BKN015 04/01 A2996 RMK SC7 DENSITY ALT -1147FT SLP147
CYAW,2022-05-01 13:00,-63.4994,44.6397,CYAW 011300Z 32016KT 15SM BKN020 06/02 A2995 RMK SC7 DENSITY ALT -881FT SLP145
CYAW,2022-05-01 14:00,-63.4994,44.6397,CYAW 011400Z 33017KT 15SM BKN024 07/02 A2996 RMK SC7 DENSITY ALT -743FT SLP146
CYAW,2022-05-01 15:00,-63.4994,44.6397,CYAW 011500Z 33016G21KT 15SM BKN027 08/02 A2996 RMK SC7 DENSITY ALT -682FT SLP147
CYAW,2022-05-02 10:00,-63.4994,44.6397,CYAW 021000Z 33008KT 15SM FEW020 SCT090 SCT250 03/01 A3012 RMK SC2AC1CI1 DENSITY ALT -1435FT FST OBS SLP201
CYAW,2022-05-02 11:00,-63.4994,44.6397,CYAW 021100Z 33011G16KT 15SM SCT018 BKN250 04/01 A3014 RMK SC3CI2 DENSITY ALT -1345FT SLP210
CYAW,2022-05-02 12:00,-63.4994,44.6397,CYAW 021200Z 32014KT 15SM SCT020 BKN250 05/01 A3015 RMK SC3CI2 DENSITY ALT -1181FT SLP212
CYAW,2022-05-02 13:00,-63.4994,44.6397,CYAW 021300Z 36015G24KT 15SM FEW020 SCT240 07/M02 A3014 RMK CU1CI3 DENSITY ALT -949FT SLP208
CYAW,2022-05-02 14:00,-63.4994,44.6397,CYAW 021400Z 35012KT 15SM FEW020 FEW220 09/M00 A3014 RMK CF1CI1 DENSITY ALT -732FT SLP207
CYAW,2022-05-02 15:00,-63.4994,44.6397,CYAW 021500Z 33010G19KT 15SM FEW020 FEW220 11/00 A3013 RMK CF1CI1 DENSITY ALT -522FT SLP205
CYAW,2022-05-02 16:00,-63.4994,44.6397,CYAW 021600Z 31011G17KT 15SM FEW020 FEW220 12/00 A3012 RMK CF1CI1 DENSITY ALT -364FT SLP201
CYAW,2022-05-02 17:00,-63.4994,44.6397,CYAW 021700Z 33016G21KT 15SM FEW020 13/00 A3011 RMK CF1 DENSITY ALT -196FT SLP198
CYAW,2022-05-02 18:00,-63.4994,44.6397,CYAW 021800Z 34013G21KT 15SM FEW020 14/M02 A3011 RMK SC1 DENSITY ALT -150FT SLP196
CYAW,2022-05-02 19:00,-63.4994,44.6397,CYAW 021900Z 34012G24KT 15SM FEW020 14/M04 A3010 RMK SC1 DENSITY ALT -136FT SLP195
CYAW,2022-05-02 20:00,-63.4994,44.6397,CYAW 022000Z 01013G20KT 15SM FEW020 14/M05 A3010 RMK SC1 DENSITY ALT -119FT SLP194
CYAW,2022-05-02 21:00,-63.4994,44.6397,CYAW 022100Z 35011G17KT 15SM FEW020 13/M07 A3011 RMK SC1 DENSITY ALT -222FT SLP199
CYAW,2022-05-02 22:00,-63.4994,44.6397,CYAW 022200Z 36010G16KT 15SM FEW020 12/M07 A3012 RMK SC1 DENSITY ALT -341FT SLP202
CYAW,2022-05-02 22:10,-63.4994,44.6397,CYAW 022210Z 01011KT 15SM FEW020 12/M08 A3012 RMK SC1 DENSITY ALT -379FT LAST OBS /NEXT 031000 UTC SLP202
CYAW,2022-05-03 10:00,-63.4994,44.6397,CYAW 031000Z 02008KT 15SM FEW020 01/M01 A3023 RMK SC1 DENSITY ALT -1771FT FST OBS SLP238
CYAW,2022-05-03 11:00,-63.4994,44.6397,CYAW 031100Z 03007KT 15SM BKN011 02/M00 A3025 RMK SC6 DENSITY ALT -1715FT SLP246
CYAW,2022-05-03 12:00,-63.4994,44.6397,CYAW 031200Z 05006KT 15SM FEW013 04/01 A3024 RMK SC1 DENSITY ALT -1409FT SLP243
CYAW,2022-05-03 13:00,-63.4994,44.6397,CYAW 031300Z 02002KT 15SM FEW015 06/01 A3025 RMK CF1 DENSITY ALT -1169FT SLP245
CYAW,2022-05-03 14:00,-63.4994,44.6397,CYAW 031400Z 19007KT 15SM FEW020 FEW250 07/02 A3025 RMK CF1CI1 DENSITY ALT -1066FT CONTRAILS SLP245
CYAW,2022-05-03 15:00,-63.4994,44.6397,CYAW 031500Z 18008KT 15SM FEW025 FEW250 08/02 A3024 RMK SC1CI1 DENSITY ALT -906FT CONTRAILS SLP243
CYAW,2022-05-03 16:00,-63.4994,44.6397,CYAW 031600Z 14008KT 15SM FEW025 FEW250 10/03 A3023 RMK SC1CI2 DENSITY ALT -743FT CONTRAILS SLP240
CYAW,2022-05-03 17:00,-63.4994,44.6397,CYAW 031700Z 16012KT 15SM FEW025 FEW250 08/02 A3024 RMK SC1CI2 DENSITY ALT -929FT CONTRAILS SLP242
CYAW,2022-05-03 18:00,-63.4994,44.6397,CYAW 031800Z 15013KT 15SM FEW025 FEW250 07/02 A3023 RMK SC1CI1 DENSITY ALT -1004FT CONTRAILS SC TR SLP239
CYAW,2022-05-03 19:00,-63.4994,44.6397,CYAW 031900Z 17009KT 15SM FEW025 FEW250 08/02 A3022 RMK SC1CI1 DENSITY ALT -980FT SC TR CONTRAILS SLP234
CYAW,2022-05-03 20:00,-63.4994,44.6397,CYAW 032000Z 17012KT 15SM FEW025 FEW250 09/01 A3021 RMK SC1CI1 DENSITY ALT -827FT SC TR CONTRAILS SLP233
CYAW,2022-05-03 21:00,-63.4994,44.6397,CYAW 032100Z 16011KT 15SM FEW030 SCT250 09/01 A3021 RMK SC1CI4 DENSITY ALT -853FT CONTRAILS SLP231
CYAW,2022-05-03 22:00,-63.4994,44.6397,CYAW 032200Z 18008KT 15SM FEW250 08/02 A3020 RMK CI1 DENSITY ALT -933FT SLP230
CYAW,2022-05-03 22:46,-63.4994,44.6397,CYAW 032246Z 20007KT 15SM FEW250 07/02 A3021 RMK CI1 DENSITY ALT -1043FT LAST OBS/NXT 041000 UTC SLP232
CYAW,2022-05-04 10:00,-63.4994,44.6397,CYAW 041000Z 00000KT 15SM BKN230 02/02 A3021 RMK CI7 DENSITY ALT -1619FT CONTRAILS CIG PDMTLY TRANSPARENT SLP231
CYAW,2022-05-04 11:00,-63.4994,44.6397,CYAW 041100Z 00000KT 15SM BKN240 05/03 A3020 RMK CI7 DENSITY ALT -1262FT SLP228
CYAW,2022-05-04 12:00,-63.4994,44.6397,CYAW 041200Z 17004KT 15SM BKN240 07/03 A3019 RMK CI6 DENSITY ALT -1024FT SLP225
CYAW,2022-05-04 13:00,-63.4994,44.6397,CYAW 041300Z 16006KT 15SM FEW150 BKN240 08/05 A3018 RMK AC2CI5 DENSITY ALT -880FT SLP223
CYAW,2022-05-04 14:00,-63.4994,44.6397,CYAW 041400Z 17010G15KT 15SM BKN190 BKN240 08/04 A3017 RMK AC5CI2 DENSITY ALT -834FT SLP218
CYAW,2022-05-04 15:00,-63.4994,44.6397,CYAW 041500Z 17014KT 15SM FEW020 SCT150 BKN170 OVC240 07/04 A3017 RMK SC1AC3AC4CI1 DENSITY ALT -995FT SC TR SLP217
CYAW,2022-05-04 16:00,-63.4994,44.6397,CYAW 041600Z 16014KT 15SM FEW020 FEW130 BKN150 BKN240 07/04 A3016 RMK SC1AC1AC5CI1 DENSITY ALT -908FT SC TR SLP216
CYAW,2022-05-04 17:00,-63.4994,44.6397,CYAW 041700Z 18012KT 15SM FEW020 SCT130 BKN160 BKN240 08/05 A3015 RMK SC1AC3AC3CI1 DENSITY ALT -796FT SC TR SLP212
CYAW,2022-05-04 18:00,-63.4994,44.6397,CYAW 041800Z 18012KT 15SM FEW020 SCT095 BKN120 08/04 A3014 RMK SC1AC4AC3 DENSITY ALT -799FT SLP208
CYAW,2022-05-04 18:35,-63.4994,44.6397,CYAW 041835Z 19010KT 15SM -SHRA FEW020 BKN095 OVC120 08/04 A3013 RMK SC1AC6AC2 DENSITY ALT -816FT PCPN VRY LGT SLP206
CYAW,2022-05-04 19:00,-63.4994,44.6397,CYAW 041900Z 18009KT 15SM -SHRA FEW020 BKN095 OVC120 08/04 A3013 RMK SC1AC7AC1 DENSITY ALT -804FT SC TR PCPN VRY LGT SLP206
CYAW,2022-05-04 20:00,-63.4994,44.6397,CYAW 042000Z 21010G17KT 15SM -SHRA FEW010 BKN090 OVC120 07/04 A3014 RMK SF1AC6AC2 DENSITY ALT -960FT SLP208
CYAW,2022-05-04 20:44,-63.4994,44.6397,CYAW 042044Z 19009KT 15SM FEW010 BKN070 OVC120 06/04 A3012 RMK SF1AC5AC3 DENSITY ALT -992FT SLP201
CYAW,2022-05-04 21:00,-63.4994,44.6397,CYAW 042100Z 18006KT 15SM FEW010 BKN073 OVC120 07/04 A3011 RMK SF1AC5AC3 DENSITY ALT -955FT SLP198
CYAW,2022-05-04 22:00,-63.4994,44.6397,CYAW 042200Z 19004KT 15SM FEW010 BKN071 OVC100 06/04 A3010 RMK SF1AC5AC3 DENSITY ALT -1007FT SLP195
CYAW,2022-05-04 23:00,-63.4994,44.6397,CYAW 042300Z 18002KT 15SM FEW010 BKN095 OVC120 06/04 A3010 RMK SF1AC6AC2 DENSITY ALT -1079FT SLP195
CYAW,2022-05-04 23:50,-63.4994,44.6397,CYAW 042350Z 20006KT 15SM -SHRA FEW010 OVC084 05/04 A3010 RMK SF1AC8 DENSITY ALT -1101FT SLP195
CYAW,2022-05-05 00:00,-63.4994,44.6397,CYAW 050000Z 19005KT 15SM -SHRA FEW010 OVC084 05/04 A3009 RMK SF1AC8 DENSITY ALT -1088FT SLP191
CYAW,2022-05-05 01:00,-63.4994,44.6397,CYAW 050100Z 18007G18KT 12SM -SHRA FEW010 OVC074 05/04 A3008 RMK SF1AC8 DENSITY ALT -1127FT SLP186
CYAW,2022-05-05 01:39,-63.4994,44.6397,CYAW 050139Z 17006KT 6SM -SHRA BR SCT004 OVC060 05/04 A3006 RMK SF3SC5 DENSITY ALT -1141FT SLP181
CYAW,2022-05-05 02:00,-63.4994,44.6397,CYAW 050200Z 17004KT 6SM -SHRA BR SCT004 OVC055 04/04 A3006 RMK SF3SC5 DENSITY ALT -1166FT LAST OBS/NXT 051000 UTC SLP179
CYAW,2022-05-05 10:00,-63.4994,44.6397,CYAW 051000Z 04005KT 3SM -RA BR BKN005 OVC030 05/05 A2990 RMK SF7SC1 DENSITY ALT -875FT CIG VRB 3-7 FST OBS SLP125
CYAW,2022-05-05 11:00,-63.4994,44.6397,CYAW 051100Z 04005KT 3SM -RA BR BKN005 OVC030 05/05 A2987 RMK SF7SC1 DENSITY ALT -827FT AC EMBD CIG VRB 3-7 SLP118
CYAW,2022-05-05 12:00,-63.4994,44.6397,CYAW 051200Z 03007KT 5SM -RA BKN005 OVC030 06/06 A2984 RMK SF5SC3 DENSITY ALT -674FT SLP108
CYAW,2022-05-05 13:00,-63.4994,44.6397,CYAW 051300Z 01006KT 8SM -RA BKN006 OVC050 07/07 A2984 RMK SF6SC2 DENSITY ALT -519FT SLP105
CYAW,2022-05-05 13:49,-63.4994,44.6397,CYAW 051349Z 36006KT 12SM BKN008 OVC040 08/08 A2984 RMK SF6SC2 DENSITY ALT -391FT SLP105
CYAW,2022-05-05 14:00,-63.4994,44.6397,CYAW 051400Z 36007KT 15SM OVC008 09/08 A2983 RMK SF8 DENSITY ALT -342FT SLP103
CYAW,2022-05-05 14:50,-63.4994,44.6397,CYAW 051450Z 35009KT 15SM FEW008 OVC011 09/07 A2982 RMK SF2SF6 DENSITY ALT -272FT SLP101
CYAW,2022-05-05 15:00,-63.4994,44.6397,CYAW 051500Z 36011KT 15SM FEW008 OVC012 09/07 A2982 RMK SF2SF6 DENSITY ALT -272FT SLP100
CYAW,2022-05-05 16:00,-63.4994,44.6397,CYAW 051600Z 36010G16KT 15SM FEW008 OVC011 09/08 A2982 RMK SF1SC8 DENSITY ALT -246FT SLP101
CYAW,2022-05-05 17:00,-63.4994,44.6397,CYAW 051700Z 36008KT 15SM BKN013 OVC020 10/08 A2981 RMK SC5SC3 DENSITY ALT -137FT SLP097
CYAW,2022-05-05 17:37,-63.4994,44.6397,CYAW 051737Z 36011G16KT 15SM FEW013 BKN018 10/08 A2982 RMK SC2SC5 DENSITY ALT -161FT SLP098
CYAW,2022-05-05 18:00,-63.4994,44.6397,CYAW 051800Z 35010KT 15SM BKN018 BKN250 11/07 A2981 RMK SC6CI1 DENSITY ALT -6FT SLP096
CYAW,2022-05-05 18:47,-63.4994,44.6397,CYAW 051847Z 33011G17KT 15SM OVC027 11/07 A2980 RMK SC8 DENSITY ALT 17FT SLP092
CYAW,2022-05-05 19:00,-63.4994,44.6397,CYAW 051900Z 33014KT 15SM OVC027 12/07 A2980 RMK SC8 DENSITY ALT 64FT SLP094
CYAW,2022-05-05 20:00,-63.4994,44.6397,CYAW 052000Z 31012G20KT 15SM BKN031 13/06 A2980 RMK SC7 DENSITY ALT 151FT SLP094
CYAW,2022-05-05 21:00,-63.4994,44.6397,CYAW 052100Z 01005KT 15SM SCT041 14/06 A2979 RMK SC3 DENSITY ALT 316FT SLP089
CYAW,2022-05-05 22:00,-63.4994,44.6397,CYAW 052200Z 32011KT 15SM FEW050 FEW250 13/04 A2980 RMK SC2CI1 DENSITY ALT 231FT SLP094
CYAW,2022-05-05 23:00,-63.4994,44.6397,CYAW 052300Z 00000KT 15SM SCT050 SCT250 12/05 A2983 RMK SC3CI1 DENSITY ALT 73FT SLP103
CYAW,2022-05-06 00:00,-63.4994,44.6397,CYAW 060000Z 11002KT 15SM BKN060 BKN250 09/06 A2986 RMK SC5CI1 DENSITY ALT -318FT SLP112
CYAW,2022-05-06 01:00,-63.4994,44.6397,CYAW 060100Z 04002KT 15SM FEW060 06/05 A2988 RMK SC1 DENSITY ALT -729FT LAST OBS /NEXT 061000 UTC SLP120
CYAW,2022-05-06 10:00,-63.4994,44.6397,CYAW 061000Z 00000KT 15SM FEW020 FEW250 02/01 A2992 RMK SC1CI1 DENSITY ALT -1392FT FST OBS SLP133
CYAW,2022-05-06 11:00,-63.4994,44.6397,CYAW 061100Z 28006KT 15SM FEW020 FEW250 06/01 A2993 RMK SC1CI1 DENSITY ALT -904FT SLP136
CYAW,2022-05-06 12:00,-63.4994,44.6397,CYAW 061200Z 27011KT 15SM FEW020 FEW250 07/01 A2993 RMK CF1CI1 DENSITY ALT -692FT SLP138
CYAW,2022-05-06 13:00,-63.4994,44.6397,CYAW 061300Z 27005KT 15SM FEW020 FEW250 08/M01 A2992 RMK CF1CI1 DENSITY ALT -571FT SLP132
CYAW,2022-05-06 14:00,-63.4994,44.6397,CYAW 061400Z 29009G15KT 15SM FEW040 SCT250 09/M02 A2990 RMK CU1CI2 DENSITY ALT -455FT SLP128
CYAW,2022-05-06 15:00,-63.4994,44.6397,CYAW 061500Z 30010G16KT 15SM FEW048 FEW250 10/M02 A2990 RMK CU1CI2 DENSITY ALT -298FT SLP125
CYAW,2022-05-06 16:00,-63.4994,44.6397,CYAW 061600Z 29016G25KT 15SM FEW060 FEW250 12/M05 A2988 RMK CU1CI2 DENSITY ALT -119FT SLP121
CYAW,2022-05-06 17:00,-63.4994,44.6397,CYAW 061700Z 28018G25KT 15SM FEW060 FEW250 12/M06 A2987 RMK SC1CI2 DENSITY ALT -28FT SLP118
CYAW,2022-05-06 18:00,-63.4994,44.6397,CYAW 061800Z 32018KT 15SM FEW060 FEW250 12/M05 A2988 RMK SC1CI1 DENSITY ALT -32FT SC TR SLP119
CYAW,2022-05-06 19:00,-63.4994,44.6397,CYAW 061900Z 30014G21KT 15SM FEW060 SCT250 12/M04 A2988 RMK SC1CI2 DENSITY ALT -52FT SLP120
CYAW,2022-05-06 20:00,-63.4994,44.6397,CYAW 062000Z 31014G19KT 15SM FEW060 SCT250 12/M03 A2988 RMK SC1CI2 DENSITY ALT -111FT SLP120
CYAW,2022-05-06 21:00,-63.4994,44.6397,CYAW 062100Z 32013KT 15SM FEW070 SCT250 11/M04 A2989 RMK AC1CI2 DENSITY ALT -163FT SLP122
CYAW,2022-05-06 22:00,-63.4994,44.6397,CYAW 062200Z 32014G19KT 15SM FEW080 SCT250 11/M04 A2990 RMK AC1CI2 DENSITY ALT -235FT SLP127
CYAW,2022-05-06 22:50,-63.4994,44.6397,CYAW 062250Z 32009KT 15SM FEW080 SCT250 10/M03 A2992 RMK AC1CI2 DENSITY ALT -386FT LAST OBS /NEXT 091000 UTC SLP132
CYAW,2022-05-09 10:00,-63.4994,44.6397,CYAW 091000Z 02003KT 15SM OVC250 01/M05 A3035 RMK CI8 DENSITY ALT -1943FT FST OBS SLP281
CYAW,2022-05-09 11:00,-63.4994,44.6397,CYAW 091100Z 03007KT 15SM BKN250 04/M05 A3036 RMK CI7 DENSITY ALT -1564FT SLP284
CYAW,2022-05-09 12:00,-63.4994,44.6397,CYAW 091200Z 05010G15KT 15SM BKN250 07/M06 A3037 RMK CI7 DENSITY ALT -1232FT SLP286
CYAW,2022-05-09 13:00,-63.4994,44.6397,CYAW 091300Z 06012G17KT 15SM BKN250 10/M06 A3038 RMK CI7 DENSITY ALT -939FT SLP291
CYAW,2022-05-09 14:00,-63.4994,44.6397,CYAW 091400Z 09010G18KT 15SM BKN250 11/M07 A3039 RMK CI7 DENSITY ALT -746FT SLP292
CYAW,2022-05-09 15:00,-63.4994,44.6397,CYAW 091500Z 09012G18KT 15SM BKN250 12/M05 A3040 RMK CI7 DENSITY ALT -699FT CS ASOCTD HALO SLP297
CYAW,2022-05-09 16:00,-63.4994,44.6397,CYAW 091600Z 10011G18KT 15SM BKN250 11/M05 A3041 RMK CS5 DENSITY ALT -831FT HALO SLP300
CYAW,2022-05-09 17:00,-63.4994,44.6397,CYAW 091700Z 11009G15KT 15SM BKN250 10/M03 A3042 RMK CS6 DENSITY ALT -921FT HALO SLP302
CYAW,2022-05-09 18:00,-63.4994,44.6397,CYAW 091800Z 13011KT 15SM BKN250 09/M01 A3042 RMK CS6 DENSITY ALT -1031FT HALO SLP302
CYAW,2022-05-09 19:00,-63.4994,44.6397,CYAW 091900Z 11007KT 15SM BKN250 08/M01 A3041 RMK CS6 DENSITY ALT -1108FT HALO SLP301
CYAW,2022-05-09 20:00,-63.4994,44.6397,CYAW 092000Z 09013G18KT 15SM BKN250 09/M03 A3041 RMK CS6 DENSITY ALT -1053FT HALO SLP301
CYAW,2022-05-09 21:00,-63.4994,44.6397,CYAW 092100Z 09013G20KT 15SM BKN250 09/M04 A3042 RMK CI5 DENSITY ALT -1061FT SLP304
CYAW,2022-05-09 22:00,-63.4994,44.6397,CYAW 092200Z 07011G17KT 15SM FEW180 BKN250 09/M07 A3044 RMK AC1CI7 DENSITY ALT -1044FT SLP311
CYAW,2022-05-09 23:00,-63.4994,44.6397,CYAW 092300Z 08010G16KT 15SM FEW180 BKN250 08/M05 A3046 RMK AC2CI5 DENSITY ALT -1245FT SLP317
CYAW,2022-05-10 00:00,-63.4994,44.6397,CYAW 100000Z 07007KT 15SM BKN250 07/M03 A3048 RMK CI6 DENSITY ALT -1433FT SLP324
CYAW,2022-05-10 01:00,-63.4994,44.6397,CYAW 100100Z 07005KT 15SM BKN250 05/M03 A3049 RMK CI6 DENSITY ALT -1578FT SLP328
CYAW,2022-05-10 02:00,-63.4994,44.6397,CYAW 100200Z 05006KT 15SM FEW250 05/M04 A3049 RMK CI2 DENSITY ALT -1598FT SLP327
CYAW,2022-05-10 02:19,-63.4994,44.6397,CYAW 100219Z 06007KT 15SM FEW250 05/M05 A3049 RMK CI2 DENSITY ALT -1589FT LAST OBS/NXT 101000 UTC SLP327
CYAW,2022-05-10 10:00,-63.4994,44.6397,CYAW 101000Z 03008KT 15SM SCT200 04/M06 A3048 RMK CI4 DENSITY ALT -1717FT FST OBS SLP324
CYAW,2022-05-10 11:00,-63.4994,44.6397,CYAW 101100Z 05010G15KT 15SM SCT210 07/M05 A3050 RMK CI3 DENSITY ALT -1400FT SLP329
CYAW,2022-05-10 12:00,-63.4994,44.6397,CYAW 101200Z 07013G20KT 15SM FEW220 09/M05 A3050 RMK CI2 DENSITY ALT -1118FT SLP330
CYAW,2022-05-10 13:00,-63.4994,44.6397,CYAW 101300Z 08015G22KT 15SM FEW240 11/M08 A3051 RMK CI2 DENSITY ALT -910FT SLP332
CYAW,2022-05-10 14:00,-63.4994,44.6397,CYAW 101400Z 08013G20KT 15SM FEW240 12/M05 A3054 RMK CI2 DENSITY ALT -799FT SLP342
CYAW,2022-05-10 15:00,-63.4994,44.6397,CYAW 101500Z 09010G20KT 15SM FEW240 12/M01 A3055 RMK CI2 DENSITY ALT -775FT SLP347
CYAW,2022-05-10 16:00,-63.4994,44.6397,CYAW 101600Z 09015G22KT 15SM FEW250 12/01 A3054 RMK CI2 DENSITY ALT -766FT SLP342
CYAW,2022-05-10 17:00,-63.4994,44.6397,CYAW 101700Z 09021G28KT 15SM FEW250 12/M04 A3052 RMK CI2 DENSITY ALT -821FT SLP337
CYAW,2022-05-10 18:00,-63.4994,44.6397,CYAW 101800Z 09016G26KT 15SM FEW250 12/M06 A3052 RMK CI2 DENSITY ALT -853FT SLP336
CYAW,2022-05-10 19:00,-63.4994,44.6397,CYAW 101900Z 09016G24KT 15SM FEW250 12/M04 A3051 RMK CI2 DENSITY ALT -748FT SLP333
CYAW,2022-05-10 20:00,-63.4994,44.6397,CYAW 102000Z 09014G25KT 15SM FEW250 11/M03 A3050 RMK CI1 DENSITY ALT -939FT SLP330
CYAW,2022-05-10 20:38,-63.4994,44.6397,CYAW 102038Z 08015G25KT 15SM FEW250 10/M03 A3049 RMK CI1 DENSITY ALT -997FT LAST OBS /NEXT 111000 UTC SLP328
CYAW,2022-05-11 10:00,-63.4994,44.6397,CYAW 111000Z 03007KT 1 1/2SM -DZ BR OVC003 05/05 A3045 RMK ST8 DENSITY ALT -1493FT FST OBS SLP312
CYAW,2022-05-11 11:00,-63.4994,44.6397,CYAW 111100Z 06007KT 3/4SM -DZ BR OVC003 06/06 A3045 RMK ST8 DENSITY ALT -1374FT SLP312
CYAW,2022-05-11 12:00,-63.4994,44.6397,CYAW 111200Z 06009KT 3/4SM -DZ BR OVC003 07/07 A3044 RMK ST8 DENSITY ALT -1244FT SLP311
CYAW,2022-05-11 13:00,-63.4994,44.6397,CYAW 111300Z 07007G15KT 1SM -DZ BR OVC003 08/08 A3043 RMK ST8 DENSITY ALT -1112FT VIS VRB 3/4-1 1/4 PCPN VRY LGT SLP306
CYAW,2022-05-11 13:15,-63.4994,44.6397,CYAW 111315Z 07007KT 5SM -DZ BR OVC004 08/08 A3044 RMK ST8 DENSITY ALT -1085FT PCPN VRY LGT SLP310
CYAW,2022-05-11 14:00,-63.4994,44.6397,CYAW 111400Z 08007KT 3SM -DZ BR OVC004 08/08 A3045 RMK ST8 DENSITY ALT -1084FT SLP313
CYAW,2022-05-11 14:36,-63.4994,44.6397,CYAW 111436Z 08009KT 5SM -DZ BR OVC006 09/08 A3044 RMK SF8 DENSITY ALT -985FT PCPN VRY LGT SLP310
CYAW,2022-05-11 15:00,-63.4994,44.6397,CYAW 111500Z 07009G18KT 7SM OVC007 10/09 A3043 RMK SF8 DENSITY ALT -808FT VIS HYR E SLP307
CYAW,2022-05-11 16:00,-63.4994,44.6397,CYAW 111600Z 07002KT 12SM FEW006 OVC010 12/09 A3042 RMK SF2SF6 DENSITY ALT -649FT VIS LWR S SLP302
CYAW,2022-05-11 17:00,-63.4994,44.6397,CYAW 111700Z 10002KT 15SM FEW006 OVC010 12/09 A3040 RMK SF1SF7 DENSITY ALT -577FT VIS LWR S QUAD SLP295
CYAW,2022-05-11 18:00,-63.4994,44.6397,CYAW 111800Z 09003KT 15SM FEW006 OVC010 13/10 A3036 RMK SF1SF8 DENSITY ALT -407FT VIS LWR S SLP283
CYAW,2022-05-11 19:00,-63.4994,44.6397,CYAW 111900Z 05006KT 12SM FEW006 OVC010 15/12 A3033 RMK SF1SF8 DENSITY ALT -103FT VIS LWR S-W SLP274
CYAW,2022-05-11 20:00,-63.4994,44.6397,CYAW 112000Z 12005KT 12SM FEW004 OVC008 12/10 A3033 RMK SF1SF8 DENSITY ALT -508FT VIS LWR SE-SW SLP273
CYAW,2022-05-11 20:27,-63.4994,44.6397,CYAW 112027Z 11004KT 3SM BR OVC005 11/09 A3033 RMK SF8 DENSITY ALT -655FT VIS NW-N 8 SLP274
CYAW,2022-05-11 20:34,-63.4994,44.6397,CYAW 112034Z 09005KT 2SM -DZ BR OVC005 11/10 A3033 RMK SF8 DENSITY ALT -638FT SLP273
CYAW,2022-05-11 20:45,-63.4994,44.6397,CYAW 112045Z 10006KT 4SM BR OVC006 11/10 A3033 RMK SF8 DENSITY ALT -597FT FG BANK S SLP273
CYAW,2022-05-11 21:00,-63.4994,44.6397,CYAW 112100Z 11005KT 2 1/2SM -DZ BR FEW002 OVC004 12/10 A3033 RMK SF1SF7 DENSITY ALT -535FT SLP274
CYAW,2022-05-11 21:25,-63.4994,44.6397,CYAW 112125Z 12005KT 1 3/4SM -DZ BR OVC003 10/09 A3033 RMK SF8 DENSITY ALT -766FT VIS VRB 1 1/4-2 1/4 CIG VRB 2-4 LAST OBS /NEXT 121000 UTC SLP274
CYAW,2022-05-12 10:00,-63.4994,44.6397,CYAW 121000Z 32004KT 1/8SM FG OVC250 08/08 A3029 RMK FG6CI2 DENSITY ALT -900FT FST OBS SLP257
CYAW,2022-05-12 10:22,-63.4994,44.6397,CYAW 121022Z 31003KT 4SM BR FEW002 FEW100 BKN250 09/09 A3029 RMK SF1AC1CI6 DENSITY ALT -781FT VIS LWR E-S SLP258
CYAW,2022-05-12 11:00,-63.4994,44.6397,CYAW 121100Z 26004KT 10SM FEW004 FEW100 BKN250 11/10 A3029 RMK SF1AC1CI7 DENSITY ALT -622FT SLP259
CYAW,2022-05-12 12:00,-63.4994,44.6397,CYAW 121200Z 28005KT 12SM FEW006 FEW120 BKN250 14/13 A3030 RMK SF1AC1CI7 DENSITY ALT -236FT SLP260
CYAW,2022-05-12 13:00,-63.4994,44.6397,CYAW 121300Z 27006KT 15SM FEW120 BKN250 19/14 A3030 RMK AC1CI6 DENSITY ALT 371FT SLP260
CYAW,2022-05-12 14:00,-63.4994,44.6397,CYAW 121400Z 30006KT 15SM FEW120 FEW250 21/13 A3029 RMK AC1CI2 DENSITY ALT 681FT SLP259
CYAW,2022-05-12 15:00,-63.4994,44.6397,CYAW 121500Z 26007KT 15SM FEW120 FEW250 23/12 A3028 RMK AC1CI1 DENSITY ALT 934FT SLP255
CYAW,2022-05-12 16:00,-63.4994,44.6397,CYAW 121600Z 27007KT 15SM FEW250 25/11 A3027 RMK CI1 DENSITY ALT 1079FT SLP252
CYAW,2022-05-12 17:00,-63.4994,44.6397,CYAW 121700Z 19006KT 15SM BKN250 25/12 A3025 RMK CI5 DENSITY ALT 1119FT CIG PDMTLY TRANSPARENT SLP245
CYAW,2022-05-12 18:00,-63.4994,44.6397,CYAW 121800Z 18008KT 15SM BKN250 23/13 A3025 RMK CI6 DENSITY ALT 979FT CIG PDMTLY TRANSPARENT SLP245
CYAW,2022-05-12 19:00,-63.4994,44.6397,CYAW 121900Z 19010KT 15SM FEW180 BKN250 22/13 A3024 RMK AC1CI7 DENSITY ALT 834FT CIG PDMTLY TRANSPARENT SLP242
CYAW,2022-05-12 20:00,-63.4994,44.6397,CYAW 122000Z 18010KT 15SM BKN250 23/12 A3024 RMK CI7 DENSITY ALT 976FT CIG PDMTLY TRANSPARENT SLP241
CYAW,2022-05-12 21:00,-63.4994,44.6397,CYAW 122100Z 22012KT 15SM FEW150 BKN240 23/10 A3025 RMK AC1CI7 DENSITY ALT 932FT CIG PDMTLY TRANSPARENT SLP245
CYAW,2022-05-12 22:00,-63.4994,44.6397,CYAW 122200Z 25013G18KT 15SM FEW150 BKN250 20/12 A3027 RMK AC1CI7 DENSITY ALT 575FT CIG PDMTLY TRANSPARENT SLP251
CYAW,2022-05-12 22:32,-63.4994,44.6397,CYAW 122232Z 25011KT 15SM FEW150 BKN250 20/12 A3027 RMK AC1CI7 DENSITY ALT 505FT CIG PDMTLY TRANSPARENT LAST OBS /NEXT 161000 UTC SLP253
CYAW,2022-05-16 10:00,-63.4994,44.6397,CYAW 161000Z 08009G16KT 1/2SM -DZ FG OVC005 07/07 A2989 RMK FG6SF2 DENSITY ALT -612FT FST OBS SLP124
CYAW,2022-05-16 11:00,-63.4994,44.6397,CYAW 161100Z 08013G18KT 1/2SM -DZ FG OVC003 07/07 A2989 RMK FG5SF3 DENSITY ALT -586FT VIS VRB 1/4-3/4 CIG VRB 2-4 SLP122
CYAW,2022-05-16 11:30,-63.4994,44.6397,CYAW 161130Z 09007G16KT 1/2SM FG OVC003 07/07 A2989 RMK FG5SF3 DENSITY ALT -573FT VIS VRB 1/4-3/4 CIG VRB 2-4 SLP123
CYAW,2022-05-16 12:00,-63.4994,44.6397,CYAW 161200Z 09010G15KT 1/2SM -DZ FG OVC003 07/07 A2987 RMK FG5SF3 DENSITY ALT -550FT VIS VRB 1/4-3/4 CIG VRB 2-4 SLP118
CYAW,2022-05-16 13:00,-63.4994,44.6397,CYAW 161300Z 08009G16KT 1/2SM -DZ FG OVC003 08/08 A2987 RMK FG5SF3 DENSITY ALT -523FT VIS VRB 1/4-3/4 CIG VRB 2-4 SLP118
CYAW,2022-05-16 14:00,-63.4994,44.6397,CYAW 161400Z 09008G15KT 1/2SM -DZ FG OVC003 08/08 A2988 RMK FG5SF3 DENSITY ALT -522FT VIS VRB 1/4-3/4 CIG VRB 2-4 SLP119
CYAW,2022-05-16 14:27,-63.4994,44.6397,CYAW 161427Z 08008KT 1/2SM -SHRA FG OVC003 08/08 A2987 RMK FG5SF3 DENSITY ALT -497FT VIS VRB 1/4-3/4 CIG VRB 2-4 SLP118
CYAW,2022-05-16 15:00,-63.4994,44.6397,CYAW 161500Z 08008G15KT 1 1/2SM -SHRA BR OVC003 09/09 A2986 RMK SF8 DENSITY ALT -393FT CIG VRB 2-4 SLP113
CYAW,2022-05-16 15:26,-63.4994,44.6397,CYAW 161526Z 08008KT 5SM -DZ BR OVC003 09/09 A2985 RMK SF8 DENSITY ALT -330FT CIG VRB 2-4 SLP110
CYAW,2022-05-16 16:00,-63.4994,44.6397,CYAW 161600Z 09009KT 5SM BR OVC004 09/09 A2984 RMK SF8 DENSITY ALT -253FT CIG VRB 3-5 SLP108
CYAW,2022-05-16 16:29,-63.4994,44.6397,CYAW 161629Z 09008KT 5SM -DZ BR OVC004 10/10 A2983 RMK SF8 DENSITY ALT -152FT CIG VRB 3-5 SLP104
CYAW,2022-05-16 17:00,-63.4994,44.6397,CYAW 161700Z 08008KT 4SM -DZ BR OVC004 10/09 A2983 RMK SF8 DENSITY ALT -218FT PCPN VRY LGT SLP104
CYAW,2022-05-16 17:24,-63.4994,44.6397,CYAW 161724Z 09009KT 2 1/2SM BR OVC004 09/09 A2982 RMK SF8 DENSITY ALT -233FT SLP100
CYAW,2022-05-16 18:00,-63.4994,44.6397,CYAW 161800Z 09008KT 3/4SM -DZ BR OVC003 09/09 A2982 RMK SF8 DENSITY ALT -272FT PCPN VRY LGT -DZ INTMT SLP100
CYAW,2022-05-16 19:00,-63.4994,44.6397,CYAW 161900Z 09006KT 3/4SM -DZ BR OVC003 09/09 A2982 RMK SF8 DENSITY ALT -297FT PCPN VRY LGT SLP098
CYAW,2022-05-16 20:00,-63.4994,44.6397,CYAW 162000Z 08006KT 3/4SM BR OVC003 09/08 A2981 RMK SF8 DENSITY ALT -300FT SLP097
CYAW,2022-05-16 20:15,-63.4994,44.6397,CYAW 162015Z 09006KT 1/2SM FG OVC003 09/08 A2980 RMK FG3ST5 DENSITY ALT -313FT VIS VRB 1/4-3/4 SLP093
CYAW,2022-05-16 21:00,-63.4994,44.6397,CYAW 162100Z 09006KT 1/2SM FG OVC003 08/08 A2980 RMK FG4ST4 DENSITY ALT -404FT VIS VRB 1/4-3/4 SLP093
CYAW,2022-05-16 22:00,-63.4994,44.6397,CYAW 162200Z 11006KT 1/2SM FG VV002 08/08 A2978 RMK FG8 DENSITY ALT -394FT VIS VRB 1/4-3/4 SLP087
CYAW,2022-05-16 22:24,-63.4994,44.6397,CYAW 162224Z 11007KT 1/4SM FG VV002 08/08 A2978 RMK FG8 DENSITY ALT -420FT SLP086
CYAW,2022-05-17 10:00,-63.4994,44.6397,CYAW 171000Z 09004KT 1/2SM SHRA FG OVC002 09/09 A2969 RMK FG5SF3 DENSITY ALT -91FT VIS VRB 1/4-3/4 FST OBS SLP055
CYAW,2022-05-17 10:23,-63.4994,44.6397,CYAW 171023Z 10005KT 3SM SHRA BR OVC003 10/10 A2969 RMK SF8 DENSITY ALT -64FT CVCTV CLD EMBD SLP056
CYAW,2022-05-17 10:42,-63.4994,44.6397,CYAW 171042Z 10005KT 1SM BR OVC003 10/10 A2968 RMK ST8 DENSITY ALT -40FT SLP053
CYAW,2022-05-17 11:00,-63.4994,44.6397,CYAW 171100Z 09004KT 1/2SM -DZ FG OVC002 10/10 A2968 RMK FG4ST4 DENSITY ALT -53FT VIS VRB 1/4-3/4 SLP052
CYAW,2022-05-17 11:07,-63.4994,44.6397,CYAW 171107Z 09005KT 1/8SM -DZ FG VV002 10/10 A2968 RMK FG8 DENSITY ALT -40FT PCPN VRY LGT SLP050
CYAW,2022-05-17 12:00,-63.4994,44.6397,CYAW 171200Z 11003KT 1/8SM -DZ FG VV002 10/10 A2966 RMK FG8 DENSITY ALT -3FT SLP045
CYAW,2022-05-17 12:22,-63.4994,44.6397,CYAW 171222Z 11004KT 0SM -DZ FG VV001 10/10 A2965 RMK FG8 DENSITY ALT 87FT PCPN VRY LGT SLP042
CYAW,2022-05-17 13:00,-63.4994,44.6397,CYAW 171300Z 15009KT 0SM -DZ FG VV001 11/11 A2963 RMK FG8 DENSITY ALT 229FT PCPN VRY LGT SLP035
CYAW,2022-05-17 13:11,-63.4994,44.6397,CYAW 171311Z 16010KT 0SM -SHRA FG VV001 11/11 A2963 RMK FG8 DENSITY ALT 203FT CVCTV CLD EMBD SLP033
CYAW,2022-05-17 13:26,-63.4994,44.6397,CYAW 171326Z 16007KT 1/2SM -SHRA FG OVC002 11/11 A2961 RMK FG6SF2 DENSITY ALT 213FT VIS VRB 1/4-3/4 SLP029
CYAW,2022-05-17 13:45,-63.4994,44.6397,CYAW 171345Z 16009KT 1/4SM -SHRA FG VV002 11/11 A2961 RMK FG8 DENSITY ALT 253FT VIS VRB 1/8-3/8 PCPN VRY LGT SLP027
CYAW,2022-05-17 14:00,-63.4994,44.6397,CYAW 171400Z 16011KT 1/4SM FG VV002 11/11 A2960 RMK FG8 DENSITY ALT 264FT VIS VRB 1/8-3/8 SLP024
CYAW,2022-05-17 14:18,-63.4994,44.6397,CYAW 171418Z 16009KT 1/8SM FG VV001 12/12 A2959 RMK FG8 DENSITY ALT 381FT VIS VRB 0-1/4 SLP020
CYAW,2022-05-17 14:42,-63.4994,44.6397,CYAW 171442Z 17010KT 1/2SM +SHRA FG VV001 11/11 A2960 RMK FG8 DENSITY ALT 184FT VIS VRB 1/4-3/4 CVCTV CLD EMBD SLP023
CYAW,2022-05-17 15:00,-63.4994,44.6397,CYAW 171500Z 17010G15KT 1/2SM -DZ FG OVC002 13/13 A2959 RMK FG6SF2 DENSITY ALT 460FT VIS VRB 1/4-3/4 SLP022
CYAW,2022-05-17 15:13,-63.4994,44.6397,CYAW 171513Z 17011KT 1/8SM -DZ FG VV001 12/12 A2959 RMK FG8 DENSITY ALT 434FT VIS VRB 0-1/4 PCPN VRY LGT SLP022
CYAW,2022-05-17 16:00,-63.4994,44.6397,CYAW 171600Z 17010KT 1/4SM FG VV001 12/12 A2957 RMK FG8 DENSITY ALT 431FT VIS VRB 1/8-3/8 SLP015
CYAW,2022-05-17 16:16,-63.4994,44.6397,CYAW 171616Z 19013KT 1 1/4SM BR OVC002 13/13 A2957 RMK SF8 DENSITY ALT 524FT VIS VRB 3/4-1 3/4 SLP015
CYAW,2022-05-17 16:40,-63.4994,44.6397,CYAW 171640Z 19014KT 2 1/2SM BR OVC005 13/13 A2957 RMK SF8 DENSITY ALT 484FT VIS VRB 1 3/4-4 CIG VRB 3-7 SLP015
CYAW,2022-05-17 17:00,-63.4994,44.6397,CYAW 171700Z 19012KT 5SM BR BKN004 OVC008 12/12 A2957 RMK SF6SC2 DENSITY ALT 456FT SLP015
CYAW,2022-05-17 18:00,-63.4994,44.6397,CYAW 171800Z 20011KT 5SM BR OVC003 12/11 A2955 RMK SF8 DENSITY ALT 409FT CIG VRB 2-4 SLP009
CYAW,2022-05-17 19:00,-63.4994,44.6397,CYAW 171900Z 18011G17KT 8SM BKN002 12/11 A2955 RMK SF5 DENSITY ALT 352FT CIG VRB 1-3 OBS TAKEN +06 SLP007
CYAW,2022-05-17 19:28,-63.4994,44.6397,CYAW 171928Z 19012G17KT 15SM FEW004 SCT030 12/10 A2955 RMK SF2SC1 DENSITY ALT 422FT SLP007
CYAW,2022-05-17 20:00,-63.4994,44.6397,CYAW 172000Z 19015KT 15SM FEW003 FEW030 13/10 A2954 RMK CF1SC1 DENSITY ALT 564FT SLP005
CYAW,2022-05-17 21:00,-63.4994,44.6397,CYAW 172100Z 19013KT 15SM FEW008 FEW020 14/10 A2955 RMK SF1SC1 DENSITY ALT 620FT SLP007
CYAW,2022-05-17 22:00,-63.4994,44.6397,CYAW 172200Z 21008G15KT 15SM FEW030 13/09 A2955 RMK CU1 DENSITY ALT 468FT SLP007
CYAW,2022-05-17 23:00,-63.4994,44.6397,CYAW 172300Z 20004KT 15SM FEW030 11/09 A2957 RMK SC1 DENSITY ALT 297FT LAST OBS/NXT 181000 UTC SLP014
CYAW,2022-05-18 10:00,-63.4994,44.6397,CYAW 181000Z 26005KT 10SM SCT070 BKN120 10/08 A2958 RMK AC3AC2 DENSITY ALT 64FT FST OBS SLP018
CYAW,2022-05-18 11:00,-63.4994,44.6397,CYAW 181100Z 25006KT 15SM SCT160 BKN220 11/08 A2959 RMK AC4CI1 DENSITY ALT 269FT SLP021
CYAW,2022-05-18 12:00,-63.4994,44.6397,CYAW 181200Z 26011KT 15SM SCT040 SCT180 SCT220 13/08 A2959 RMK CU3AC1CI1 DENSITY ALT 407FT CI TR SLP020
CYAW,2022-05-18 13:00,-63.4994,44.6397,CYAW 181300Z 26011KT 15SM BKN030 BKN160 14/08 A2958 RMK CU5AC1 DENSITY ALT 581FT SLP017
CYAW,2022-05-18 14:00,-63.4994,44.6397,CYAW 181400Z 27015G20KT 15SM BKN040 BKN160 14/06 A2958 RMK CU6AC1 DENSITY ALT 584FT SLP016
CYAW,2022-05-18 15:00,-63.4994,44.6397,CYAW 181500Z 24014KT 15SM BKN040 BKN160 14/06 A2958 RMK CU6AC1 DENSITY ALT 604FT SLP016
CYAW,2022-05-18 16:00,-63.4994,44.6397,CYAW 181600Z 26017G24KT 15SM SCT045 BKN250 14/04 A2958 RMK CU4CI1 DENSITY ALT 602FT SLP018
CYAW,2022-05-18 17:00,-63.4994,44.6397,CYAW 181700Z 28019KT 15SM BKN050 BKN100 14/03 A2958 RMK SC6AC1 DENSITY ALT 564FT SLP017
CYAW,2022-05-18 18:00,-63.4994,44.6397,CYAW 181800Z 29017G22KT 15SM SCT045 SCT250 14/04 A2959 RMK SC4CI1 DENSITY ALT 566FT SLP020
CYAW,2022-05-18 19:00,-63.4994,44.6397,CYAW 181900Z 29016G21KT 15SM BKN046 BKN250 14/04 A2960 RMK SC6CI1 DENSITY ALT 545FT SLP025
CYAW,2022-05-18 20:00,-63.4994,44.6397,CYAW 182000Z 30016G24KT 15SM SCT043 SCT250 14/04 A2960 RMK SC4CI1 DENSITY ALT 583FT SLP024
CYAW,2022-05-18 21:00,-63.4994,44.6397,CYAW 182100Z 31013G26KT 15SM BKN041 BKN250 13/04 A2962 RMK SC7CI1 DENSITY ALT 393FT SLP032
CYAW,2022-05-18 22:00,-63.4994,44.6397,CYAW 182200Z 31016G25KT 15SM BKN046 BKN250 13/04 A2964 RMK SC5CI1 DENSITY ALT 365FT SLP038
CYAW,2022-05-18 23:00,-63.4994,44.6397,CYAW 182300Z 30013G21KT 15SM FEW046 FEW250 13/04 A2967 RMK SC2CI1 DENSITY ALT 293FT SLP047
CYAW,2022-05-19 00:00,-63.4994,44.6397,CYAW 190000Z 28010G16KT 15SM FEW046 12/04 A2971 RMK SC1 DENSITY ALT 129FT LAST OBS /NEXT 191000 UTC SLP060
CYAW,2022-05-19 10:00,-63.4994,44.6397,CYAW 191000Z 00000KT 15SM FEW250 06/03 A2989 RMK CI1 DENSITY ALT -734FT FST OBS SLP122
CYAW,2022-05-19 11:00,-63.4994,44.6397,CYAW 191100Z 33005KT 15SM FEW250 10/01 A2991 RMK CI1 DENSITY ALT -324FT SLP128
CYAW,2022-05-19 12:00,-63.4994,44.6397,CYAW 191200Z 35005KT 15SM FEW250 11/01 A2992 RMK CI1 DENSITY ALT -182FT SLP131
CYAW,2022-05-19 13:00,-63.4994,44.6397,CYAW 191300Z 29004KT 15SM FEW250 12/00 A2992 RMK CI2 DENSITY ALT -100FT SLP133
CYAW,2022-05-19 14:00,-63.4994,44.6397,CYAW 191400Z 32011KT 15SM FEW250 14/00 A2991 RMK CI2 DENSITY ALT 127FT SLP130
CYAW,2022-05-19 15:00,-63.4994,44.6397,CYAW 191500Z 17011KT 15SM FEW250 13/01 A2992 RMK CI2 DENSITY ALT -12FT SLP133
CYAW,2022-05-19 16:00,-63.4994,44.6397,CYAW 191600Z 17011G16KT 15SM FEW160 FEW250 13/02 A2992 RMK AC1CI2 DENSITY ALT 44FT SLP133
CYAW,2022-05-19 17:00,-63.4994,44.6397,CYAW 191700Z 15011G16KT 15SM FEW040 FEW160 FEW250 13/03 A2990 RMK CF1AC1CI1 DENSITY ALT 40FT CF TR AC TR SLP126
CYAW,2022-05-19 18:00,-63.4994,44.6397,CYAW 191800Z 17014KT 15SM FEW040 FEW160 FEW250 14/03 A2988 RMK CF1AC1CI2 DENSITY ALT 204FT SLP120
CYAW,2022-05-19 19:00,-63.4994,44.6397,CYAW 191900Z 18012KT 15SM FEW050 FEW160 SCT250 16/01 A2986 RMK CU1AC1CI3 DENSITY ALT 416FT SLP114
CYAW,2022-05-19 20:00,-63.4994,44.6397,CYAW 192000Z 17008KT 15SM FEW050 FEW160 SCT250 15/01 A2986 RMK SC1AC1CC2 DENSITY ALT 381FT SC TR SLP113
CYAW,2022-05-19 21:00,-63.4994,44.6397,CYAW 192100Z 20011KT 15SM FEW055 BKN130 BKN250 14/M01 A2987 RMK SC1AC5CI1 DENSITY ALT 227FT SC TR SLP117
CYAW,2022-05-19 22:00,-63.4994,44.6397,CYAW 192200Z 19009G16KT 15SM FEW055 SCT130 BKN250 12/01 A2987 RMK SC1AC3CI1 DENSITY ALT -11FT SLP115
CYAW,2022-05-19 23:00,-63.4994,44.6397,CYAW 192300Z 20006KT 15SM FEW120 11/02 A2987 RMK AC2 DENSITY ALT -189FT SLP116
CYAW,2022-05-20 00:00,-63.4994,44.6397,CYAW 200000Z 20005KT 15SM SCT120 09/03 A2988 RMK AC4 DENSITY ALT -424FT SLP121
CYAW,2022-05-20 01:00,-63.4994,44.6397,CYAW 200100Z 00000KT 15SM SCT110 09/04 A2989 RMK AC4 DENSITY ALT -454FT SLP124
CYAW,2022-05-20 01:40,-63.4994,44.6397,CYAW 200140Z 13003KT 15SM SCT110 08/05 A2989 RMK AC3 DENSITY ALT -484FT LAST OBS /NEXT 201000 UTC SLP123
CYAW,2022-05-20 10:00,-63.4994,44.6397,CYAW 201000Z 07005KT 15SM BKN060 BKN250 08/06 A2991 RMK SC6CI1 DENSITY ALT -548FT FST OBS SLP130
CYAW,2022-05-20 11:00,-63.4994,44.6397,CYAW 201100Z 04003KT 15SM BKN077 BKN250 09/05 A2995 RMK AC6CI1 DENSITY ALT -477FT SLP143
CYAW,2022-05-20 12:00,-63.4994,44.6397,CYAW 201200Z 03004KT 15SM BKN079 BKN250 11/05 A2996 RMK AC5CI1 DENSITY ALT -284FT SLP146
CYAW,2022-05-20 13:00,-63.4994,44.6397,CYAW 201300Z 35004KT 15SM FEW080 FEW250 12/05 A2997 RMK AC1CI1 DENSITY ALT -149FT SLP150
CYAW,2022-05-20 14:00,-63.4994,44.6397,CYAW 201400Z 19009KT 15SM FEW024 FEW080 FEW250 12/06 A2999 RMK CF1AC1CI1 DENSITY ALT -93FT CF TR AC TR SLP157
CYAW,2022-05-20 15:00,-63.4994,44.6397,CYAW 201500Z 17010KT 15SM FEW030 SCT250 12/06 A3001 RMK SC1CI2 DENSITY ALT -177FT SLP163
CYAW,2022-05-20 16:00,-63.4994,44.6397,CYAW 201600Z 14009KT 15SM FEW030 SCT250 13/07 A3003 RMK SC1CI3 DENSITY ALT -24FT SLP169
CYAW,2022-05-20 17:00,-63.4994,44.6397,CYAW 201700Z 16012KT 15SM FEW030 SCT250 12/05 A3006 RMK SC1CI2 DENSITY ALT -216FT SLP179
CYAW,2022-05-20 18:00,-63.4994,44.6397,CYAW 201800Z 15011KT 15SM FEW030 SCT250 13/06 A3006 RMK SC1CI2 DENSITY ALT -149FT SLP180
CYAW,2022-05-20 19:00,-63.4994,44.6397,CYAW 201900Z 17011KT 15SM FEW180 FEW250 13/06 A3006 RMK AC1CI1 DENSITY ALT -136FT CI TR SLP181
CYAW,2022-05-20 20:00,-63.4994,44.6397,CYAW 202000Z 17013KT 15SM FEW180 FEW250 13/06 A3007 RMK AC1CI1 DENSITY ALT -115FT SLP183
CYAW,2022-05-20 21:00,-63.4994,44.6397,CYAW 202100Z 17012KT 15SM FEW180 SCT250 13/05 A3009 RMK AC1CI2 DENSITY ALT -176FT SLP190
CYAW,2022-05-20 22:00,-63.4994,44.6397,CYAW 202200Z 17010KT 15SM FEW180 SCT240 12/05 A3012 RMK AC1CI3 DENSITY ALT -342FT SLP200
CYAW,2022-05-20 23:00,-63.4994,44.6397,CYAW 202300Z 18008KT 15SM FEW160 BKN230 10/06 A3013 RMK AC1CI7 DENSITY ALT -568FT CIG PDMTLY TRANSPARENT SLP205
CYAW,2022-05-21 00:00,-63.4994,44.6397,CYAW 210000Z 18006KT 15SM FEW160 SCT230 08/06 A3014 RMK AC1CI3 DENSITY ALT -759FT SLP208
CYAW,2022-05-21 01:00,-63.4994,44.6397,CYAW 210100Z 18007KT 15SM SCT230 08/07 A3017 RMK CI3 DENSITY ALT -878FT SLP219
CYAW,2022-05-21 01:22,-63.4994,44.6397,CYAW 210122Z 18006KT 15SM SCT230 08/06 A3017 RMK CI3 DENSITY ALT -891FT LAST OBS /NEXT 241000 UTC SLP218
CYAW,2022-05-24 10:00,-63.4994,44.6397,CYAW 241000Z 01008KT 15SM FEW150 BKN250 08/03 A3027 RMK AC1CI4 DENSITY ALT -1008FT FST OBS SLP252
CYAW,2022-05-24 11:00,-63.4994,44.6397,CYAW 241100Z 36011KT 15SM FEW150 SCT250 09/03 A3030 RMK AC1CI3 DENSITY ALT -920FT SLP261
CYAW,2022-05-24 12:00,-63.4994,44.6397,CYAW 241200Z 36012KT 15SM SCT250 11/03 A3030 RMK CI3 DENSITY ALT -639FT SLP261
CYAW,2022-05-24 13:00,-63.4994,44.6397,CYAW 241300Z 36015KT 15SM SCT250 13/03 A3029 RMK CI3 DENSITY ALT -423FT SLP259
CYAW,2022-05-24 14:00,-63.4994,44.6397,CYAW 241400Z 35014KT 15SM SCT250 14/02 A3029 RMK CI3 DENSITY ALT -222FT SLP257
CYAW,2022-05-24 15:00,-63.4994,44.6397,CYAW 241500Z 02016G21KT 15SM SCT250 16/01 A3029 RMK CI3 DENSITY ALT -87FT SLP259
CYAW,2022-05-24 16:00,-63.4994,44.6397,CYAW 241600Z 03011G17KT 15SM BKN250 17/01 A3029 RMK CI5 DENSITY ALT 19FT CONTRAILS SLP257
CYAW,2022-05-24 17:00,-63.4994,44.6397,CYAW 241700Z 35013KT 15SM SCT250 17/01 A3028 RMK CI3 DENSITY ALT 79FT SLP256
CYAW,2022-05-24 18:00,-63.4994,44.6397,CYAW 241800Z 01008G16KT 15SM FEW250 18/02 A3027 RMK CI2 DENSITY ALT 201FT SLP253
CYAW,2022-05-24 19:00,-63.4994,44.6397,CYAW 241900Z 35011KT 15SM FEW250 18/01 A3027 RMK CI2 DENSITY ALT 186FT SLP252
CYAW,2022-05-24 20:00,-63.4994,44.6397,CYAW 242000Z 14009KT 15SM FEW250 15/02 A3028 RMK CI2 DENSITY ALT -126FT SLP255
CYAW,2022-05-24 21:00,-63.4994,44.6397,CYAW 242100Z 12007KT 15SM SCT250 13/02 A3030 RMK CI3 DENSITY ALT -388FT SLP262
CYAW,2022-05-24 22:00,-63.4994,44.6397,CYAW 242200Z 10007KT 15SM FEW080 FEW250 11/04 A3033 RMK AC1CI2 DENSITY ALT -613FT SLP272
CYAW,2022-05-24 23:00,-63.4994,44.6397,CYAW 242300Z 00000KT 15SM FEW080 BKN250 10/06 A3035 RMK AC1CI6 DENSITY ALT -821FT CONTRAILS SLP278
CYAW,2022-05-25 00:00,-63.4994,44.6397,CYAW 250000Z CCA 00000KT 15SM FEW100 BKN250 08/05 A3036 RMK AC1CI6 DENSITY ALT -1117FT LAST OBS/NXT 251000 UTC SLP283
CYAW,2022-05-25 01:00,-63.4994,44.6397,CYAW 250100Z 00000KT 15SM FEW100 SCT250 07/06 A3037 RMK AC1CI3 DENSITY ALT -1160FT SLP286
CYAW,2022-05-25 01:38,-63.4994,44.6397,CYAW 250138Z 00000KT 15SM FEW100 SCT250 06/05 A3038 RMK AC1CI3 DENSITY ALT -1368FT LAST OBS/NXT 251000 UTC SLP287
CYAW,2022-05-25 10:00,-63.4994,44.6397,CYAW 251000Z 00000KT 15SM FEW250 07/06 A3039 RMK CI1 DENSITY ALT -1246FT FST OBS SLP293
CYAW,2022-05-25 11:00,-63.4994,44.6397,CYAW 251100Z 00000KT 15SM FEW250 10/05 A3040 RMK CI1 DENSITY ALT -898FT SLP296
CYAW,2022-05-25 12:00,-63.4994,44.6397,CYAW 251200Z 28004KT 15SM FEW250 12/04 A3041 RMK CI1 DENSITY ALT -674FT SLP298
CYAW,2022-05-25 13:00,-63.4994,44.6397,CYAW 251300Z 02002KT 15SM FEW250 13/04 A3040 RMK CI1 DENSITY ALT -458FT SLP295
CYAW,2022-05-25 14:00,-63.4994,44.6397,CYAW 251400Z 19006KT 15SM FEW250 13/05 A3038 RMK CI1 DENSITY ALT -422FT SLP290
CYAW,2022-05-25 15:00,-63.4994,44.6397,CYAW 251500Z 17010KT 15SM FEW200 14/05 A3038 RMK CI1 DENSITY ALT -351FT SLP288
CYAW,2022-05-25 16:00,-63.4994,44.6397,CYAW 251600Z 18012KT 15SM FEW030 FEW250 15/06 A3036 RMK CF1CI1 DENSITY ALT -181FT SLP283
CYAW,2022-05-25 17:00,-63.4994,44.6397,CYAW 251700Z 16014KT 15SM FEW040 FEW250 16/06 A3035 RMK CF1CI1 DENSITY ALT -120FT SLP278
CYAW,2022-05-25 18:00,-63.4994,44.6397,CYAW 251800Z 17015KT 15SM FEW040 FEW250 15/05 A3034 RMK CU1CI2 DENSITY ALT -139FT SLP274
CYAW,2022-05-25 19:00,-63.4994,44.6397,CYAW 251900Z 18014KT 15SM FEW040 SCT250 15/03 A3032 RMK CU1CI3 DENSITY ALT -129FT CONTRAILS SLP269
CYAW,2022-05-25 20:00,-63.4994,44.6397,CYAW 252000Z 18010KT 15SM FEW040 BKN250 16/03 A3032 RMK CU1CI6 DENSITY ALT -98FT SLP267
CYAW,2022-05-25 21:00,-63.4994,44.6397,CYAW 252100Z 21013KT 15SM FEW040 BKN250 16/02 A3032 RMK SC1CI7 DENSITY ALT -111FT SLP267
CYAW,2022-05-25 22:00,-63.4994,44.6397,CYAW 252200Z 22009KT 15SM FEW040 SCT250 14/03 A3033 RMK SC1CI3 DENSITY ALT -343FT SLP270
CYAW,2022-05-25 23:00,-63.4994,44.6397,CYAW 252300Z 22006KT 15SM FEW040 SCT250 12/03 A3033 RMK SC1CI4 DENSITY ALT -500FT SLP272
CYAW,2022-05-26 00:00,-63.4994,44.6397,CYAW 260000Z 22008KT 15SM FEW040 FEW250 11/03 A3033 RMK SC1CI1 DENSITY ALT -646FT SC TR SLP272
CYAW,2022-05-26 01:00,-63.4994,44.6397,CYAW 260100Z 22005KT 15SM FEW250 10/03 A3034 RMK CI1 DENSITY ALT -754FT SLP274
CYAW,2022-05-26 01:32,-63.4994,44.6397,CYAW 260132Z 00000KT 15SM SKC 10/04 A3033 RMK DENSITY ALT -787FT LAST OBS /NEXT 261000 UTC SLP272
CYAW,2022-05-26 10:00,-63.4994,44.6397,CYAW 261000Z 27006KT 15SM SCT250 10/05 A3033 RMK CI4 DENSITY ALT -819FT FST OBS SLP272
CYAW,2022-05-26 11:00,-63.4994,44.6397,CYAW 261100Z 25002KT 15SM FEW250 12/04 A3033 RMK CI1 DENSITY ALT -589FT SLP272
CYAW,2022-05-26 12:00,-63.4994,44.6397,CYAW 261200Z 00000KT 15SM FEW250 14/05 A3033 RMK CI1 DENSITY ALT -259FT SLP273
CYAW,2022-05-26 13:00,-63.4994,44.6397,CYAW 261300Z 26005KT 15SM FEW250 17/04 A3033 RMK CI1 DENSITY ALT 10FT SLP271
CYAW,2022-05-26 14:00,-63.4994,44.6397,CYAW 261400Z 24007KT 15SM FEW190 SCT250 19/05 A3032 RMK AC1CI3 DENSITY ALT 252FT CC ASOCTD SLP267
CYAW,2022-05-26 15:00,-63.4994,44.6397,CYAW 261500Z 21005KT 15SM FEW180 BKN250 20/06 A3031 RMK AC2CI5 DENSITY ALT 448FT CC ASOCTD SLP265
CYAW,2022-05-26 16:00,-63.4994,44.6397,CYAW 261600Z 23006KT 15SM FEW050 BKN170 OVC250 20/08 A3030 RMK CU1AC5CI3 DENSITY ALT 504FT SLP261
CYAW,2022-05-26 17:00,-63.4994,44.6397,CYAW 261700Z 22011KT 15SM FEW050 SCT160 BKN250 19/07 A3030 RMK CU1AC4CI3 DENSITY ALT 299FT SLP260
CYAW,2022-05-26 18:00,-63.4994,44.6397,CYAW 261800Z 22009G15KT 15SM FEW050 SCT160 BKN250 20/07 A3028 RMK CU1AC4CI3 DENSITY ALT 440FT SLP255
CYAW,2022-05-26 19:00,-63.4994,44.6397,CYAW 261900Z 21013G18KT 15SM FEW050 BKN150 OVC250 20/06 A3027 RMK CU1AC5CI3 DENSITY ALT 482FT SLP250
CYAW,2022-05-26 20:00,-63.4994,44.6397,CYAW 262000Z 20011G17KT 15SM FEW050 BKN150 OVC250 18/06 A3025 RMK SC1AC6CI2 DENSITY ALT 253FT SLP246
CYAW,2022-05-26 21:00,-63.4994,44.6397,CYAW 262100Z 23010G16KT 15SM FEW050 BKN150 OVC250 16/05 A3025 RMK SC1AC6CI2 DENSITY ALT 70FT SLP244
CYAW,2022-05-26 22:00,-63.4994,44.6397,CYAW 262200Z 22013KT 15SM FEW050 OVC140 15/03 A3025 RMK SC1AC8 DENSITY ALT -133FT SLP244
CYAW,2022-05-26 23:00,-63.4994,44.6397,CYAW 262300Z 22009KT 15SM OVC140 13/03 A3023 RMK AC8 DENSITY ALT -278FT SLP239
CYAW,2022-05-27 00:00,-63.4994,44.6397,CYAW 270000Z 22008KT 15SM OVC120 13/04 A3022 RMK AC8 DENSITY ALT -333FT SLP233
CYAW,2022-05-27 01:00,-63.4994,44.6397,CYAW 270100Z 23011KT 15SM BKN120 12/05 A3022 RMK AC7 DENSITY ALT -384FT SLP235
CYAW,2022-05-27 01:30,-63.4994,44.6397,CYAW 270130Z 23011KT 15SM BKN110 12/05 A3021 RMK AC7 DENSITY ALT -403FT LAST OBS /NEXT 271000 UTC SLP232
CYAW,2022-05-27 10:00,-63.4994,44.6397,CYAW 271000Z 18009KT 5SM -RA BR OVC009 10/09 A3006 RMK SF8 DENSITY ALT -431FT FST OBS SLP181
CYAW,2022-05-27 10:40,-63.4994,44.6397,CYAW 271040Z 19008G16KT 6SM BR OVC006 11/10 A3005 RMK SF8 DENSITY ALT -339FT SLP177
CYAW,2022-05-27 11:00,-63.4994,44.6397,CYAW 271100Z 20010G15KT 6SM BR OVC005 11/11 A3004 RMK SF8 DENSITY ALT -274FT SLP175
CYAW,2022-05-27 11:44,-63.4994,44.6397,CYAW 271144Z 21010G16KT 5SM BR OVC003 11/11 A3003 RMK SF8 DENSITY ALT -208FT SLP172
CYAW,2022-05-27 12:00,-63.4994,44.6397,CYAW 271200Z 21009KT 3SM BR OVC003 12/11 A3003 RMK SF8 DENSITY ALT -195FT CIG VRB 2-4 SLP171
CYAW,2022-05-27 13:00,-63.4994,44.6397,CYAW 271300Z 22009KT 4SM BR OVC004 12/12 A3001 RMK SF8 DENSITY ALT -106FT SLP163
CYAW,2022-05-27 14:00,-63.4994,44.6397,CYAW 271400Z 20006KT 5SM BR BKN004 OVC009 13/13 A2999 RMK SF6SC2 DENSITY ALT 98FT SLP156
CYAW,2022-05-27 14:40,-63.4994,44.6397,CYAW 271440Z 22011G16KT 6SM BR BKN006 OVC012 14/13 A2998 RMK SF6SC2 DENSITY ALT 145FT SLP153
CYAW,2022-05-27 15:00,-63.4994,44.6397,CYAW 271500Z 22006KT 6SM BR BKN008 OVC015 14/13 A2998 RMK SF7SC1 DENSITY ALT 157FT SLP152
CYAW,2022-05-27 16:00,-63.4994,44.6397,CYAW 271600Z 23009KT 8SM BKN010 OVC018 15/13 A2996 RMK SF6SC2 DENSITY ALT 331FT SLP145
CYAW,2022-05-27 16:40,-63.4994,44.6397,CYAW 271640Z 23014G19KT 5SM -DZ BR BKN008 OVC013 15/14 A2995 RMK SF7SC1 DENSITY ALT 333FT SLP142
CYAW,2022-05-27 17:00,-63.4994,44.6397,CYAW 271700Z 22011G16KT 8SM BKN008 OVC015 15/13 A2995 RMK SF6SC2 DENSITY ALT 318FT SLP141
CYAW,2022-05-27 18:00,-63.4994,44.6397,CYAW 271800Z 22007KT 6SM -DZ BR OVC007 15/14 A2994 RMK SF8 DENSITY ALT 373FT PCPN VRY LGT SLP138
CYAW,2022-05-27 18:25,-63.4994,44.6397,CYAW 271825Z 23009KT 6SM BR OVC006 15/14 A2993 RMK SF8 DENSITY ALT 399FT SLP136
CYAW,2022-05-27 19:00,-63.4994,44.6397,CYAW 271900Z 21006KT 5SM BR OVC006 15/14 A2993 RMK SF8 DENSITY ALT 374FT SLP135
CYAW,2022-05-27 20:00,-63.4994,44.6397,CYAW 272000Z 23006KT 6SM BR OVC007 15/14 A2992 RMK SF8 DENSITY ALT 332FT SLP133
CYAW,2022-05-27 21:00,-63.4994,44.6397,CYAW 272100Z 22009KT 5SM BR OVC006 14/14 A2992 RMK SF8 DENSITY ALT 297FT SLP132
CYAW,2022-05-27 21:27,-63.4994,44.6397,CYAW 272127Z 22008KT 3SM -DZ BR OVC005 14/13 A2991 RMK SF8 DENSITY ALT 269FT SLP130
CYAW,2022-05-27 21:39,-63.4994,44.6397,CYAW 272139Z 22008KT 3SM -DZ BR OVC004 14/13 A2991 RMK SF8 DENSITY ALT 232FT CIG VRB 3-5 SLP130
CYAW,2022-05-27 22:00,-63.4994,44.6397,CYAW 272200Z 00000KT 3SM -DZ BR OVC004 14/13 A2992 RMK SF8 DENSITY ALT 222FT CIG VRB 3-5 SLP131
CYAW,2022-05-27 22:43,-63.4994,44.6397,CYAW 272243Z 23007KT 2 1/4SM -DZ BR OVC003 13/13 A2992 RMK SF8 DENSITY ALT 183FT VIS VRB 1 1/2-3 SLP134
CYAW,2022-05-27 23:00,-63.4994,44.6397,CYAW 272300Z 23007KT 1 1/2SM -DZ BR OVC003 13/13 A2992 RMK SF8 DENSITY ALT 158FT SLP134
CYAW,2022-05-27 23:12,-63.4994,44.6397,CYAW 272312Z 23006KT 2 1/4SM -DZ BR OVC003 13/13 A2992 RMK SF8 DENSITY ALT 157FT VIS VRB 1 1/2-3 SLP133
CYAW,2022-05-28 00:00,-63.4994,44.6397,CYAW 280000Z 23005KT 1SM -DZ BR OVC003 13/13 A2992 RMK SF8 DENSITY ALT 158FT VIS VRB 3/4-1 1/2 CIG VRB 2-4 SLP133
CYAW,2022-05-28 01:00,-63.4994,44.6397,CYAW 280100Z 20004KT 1SM -DZ BR OVC003 13/13 A2992 RMK SF8 DENSITY ALT 131FT VIS VRB 3/4-1 1/2 CIG VRB 2-4 SLP132
CYAW,2022-05-28 01:29,-63.4994,44.6397,CYAW 280129Z 21007KT 3/4SM -DZ BR OVC002 13/13 A2992 RMK SF8 DENSITY ALT 145FT LAST OBS /NEXT 301000 UTC SLP132
CYAW,2022-05-30 10:00,-63.4994,44.6397,CYAW 301000Z 26007KT 15SM SCT130 16/06 A2995 RMK AC3 DENSITY ALT 328FT FST OBS SLP142
CYAW,2022-05-30 11:00,-63.4994,44.6397,CYAW 301100Z 25006KT 15SM FEW110 BKN130 BKN250 16/07 A2995 RMK AC2AC3CI1 DENSITY ALT 394FT SLP143
CYAW,2022-05-30 12:00,-63.4994,44.6397,CYAW 301200Z 27005KT 15SM SCT120 SCT250 19/09 A2996 RMK AC3CI1 DENSITY ALT 718FT SLP145
CYAW,2022-05-30 13:00,-63.4994,44.6397,CYAW 301300Z 26005KT 15SM FEW120 BKN140 BKN250 22/10 A2995 RMK AC1AC4CI1 DENSITY ALT 1157FT CI TR SLP142
CYAW,2022-05-30 14:00,-63.4994,44.6397,CYAW 301400Z 27005KT 15SM FEW050 BKN130 23/10 A2994 RMK CU1AC6 DENSITY ALT 1257FT SLP138
CYAW,2022-05-30 15:00,-63.4994,44.6397,CYAW 301500Z 26003KT 15SM FEW056 SCT130 24/10 A2991 RMK CU1AC4 DENSITY ALT 1436FT SLP129
CYAW,2022-05-30 16:00,-63.4994,44.6397,CYAW 301600Z 23013G18KT 15SM FEW056 SCT140 SCT250 25/10 A2989 RMK CU2AC1CI1 DENSITY ALT 1540FT CI TR SLP121
CYAW,2022-05-30 17:00,-63.4994,44.6397,CYAW 301700Z 22012G18KT 15SM FEW095 SCT140 SCT250 24/10 A2987 RMK AC2AC1CI1 DENSITY ALT 1454FT CI TR SLP114
CYAW,2022-05-30 18:00,-63.4994,44.6397,CYAW 301800Z 22012KT 15SM SCT090 SCT250 25/11 A2984 RMK AC3CI1 DENSITY ALT 1626FT SLP105
CYAW,2022-05-30 19:00,-63.4994,44.6397,CYAW 301900Z 21011G18KT 15SM SCT010 BKN240 24/10 A2982 RMK CU3CI2 DENSITY ALT 1550FT SLP097
CYAW,2022-05-30 20:00,-63.4994,44.6397,CYAW 302000Z 23010KT 15SM BKN120 OVC240 24/09 A2982 RMK AC5CI3 DENSITY ALT 1529FT SLP096
CYAW,2022-05-30 21:00,-63.4994,44.6397,CYAW 302100Z 25007KT 15SM SCT110 BKN240 25/09 A2980 RMK AC4CI3 DENSITY ALT 1586FT SLP091
CYAW,2022-05-30 22:00,-63.4994,44.6397,CYAW 302200Z 24006KT 15SM SCT110 BKN180 BKN240 24/10 A2981 RMK AC4AC1CI1 DENSITY ALT 1493FT SLP094
CYAW,2022-05-30 23:00,-63.4994,44.6397,CYAW 302300Z 22006KT 15SM SCT080 BKN170 BKN240 20/10 A2980 RMK AC4AC1CI1 DENSITY ALT 1078FT SLP092
CYAW,2022-05-30 23:29,-63.4994,44.6397,CYAW 302329Z 25007KT 12SM -SHRA SCT080 BKN170 21/10 A2980 RMK AC4AC2 DENSITY ALT 1135FT SLP093
CYAW,2022-05-30 23:50,-63.4994,44.6397,CYAW 302350Z 26007KT 15SM SCT070 BKN170 BKN240 20/13 A2980 RMK AC3AC4CI1 DENSITY ALT 1114FT SLP091
CYAW,2022-05-31 00:00,-63.4994,44.6397,CYAW 310000Z 24004KT 15SM BKN080 BKN160 BKN240 20/11 A2980 RMK AC5AC2CI1 DENSITY ALT 1077FT SLP090
CYAW,2022-05-31 00:53,-63.4994,44.6397,CYAW 310053Z 34014G19KT 10SM -SHRA BKN080 BKN170 18/12 A2983 RMK AC5AC2 DENSITY ALT 805FT SLP102
CYAW,2022-05-31 01:00,-63.4994,44.6397,CYAW 310100Z 34012G18KT 12SM BKN080 BKN170 18/12 A2984 RMK AC5AC2 DENSITY ALT 752FT SLP105
CYAW,2022-05-31 01:21,-63.4994,44.6397,CYAW 310121Z 35015KT 12SM -SHRA SCT075 BKN120 17/11 A2986 RMK AC4AC3 DENSITY ALT 619FT SLP111
CYAW,2022-05-31 01:36,-63.4994,44.6397,CYAW 310136Z 35012G22KT 12SM SCT080 BKN120 BKN240 16/09 A2987 RMK AC4AC2CI1 DENSITY ALT 474FT SLP113
CYAW,2022-05-31 02:00,-63.4994,44.6397,CYAW 310200Z 35012G18KT 15SM FEW080 BKN120 15/07 A2988 RMK AC2AC4 DENSITY ALT 328FT SLP118
CYAW,2022-05-31 03:00,-63.4994,44.6397,CYAW 310300Z 36011G16KT 15SM BKN090 BKN240 12/06 A2988 RMK AC5CI1 DENSITY ALT 34FT SLP119
CYAW,2022-05-31 03:37,-63.4994,44.6397,CYAW 310337Z 01010G16KT 15SM BKN080 BKN240 12/05 A2990 RMK AC5CI1 DENSITY ALT -31FT LAST OBS /NEXT 311300 UTC SLP124
CYAW,2022-05-31 13:00,-63.4994,44.6397,CYAW 311300Z 35011G21KT 15SM FEW030 SCT100 12/04 A2987 RMK CU2AC1 DENSITY ALT 5FT FST OBS SLP114
CYAW,2022-05-31 14:00,-63.4994,44.6397,CYAW 311400Z 35015KT 15SM SCT040 SCT100 13/04 A2985 RMK CU3AC1 DENSITY ALT 112FT SLP109
CYAW,2022-05-31 15:00,-63.4994,44.6397,CYAW 311500Z 34016G28KT 15SM SCT040 SCT100 13/02 A2986 RMK CU3AC1 DENSITY ALT 139FT SLP112
CYAW,2022-05-31 16:00,-63.4994,44.6397,CYAW 311600Z 35016G24KT 15SM SCT050 14/02 A2986 RMK CU4 DENSITY ALT 185FT SLP111
CYAW,2022-05-31 17:00,-63.4994,44.6397,CYAW 311700Z 34019G27KT 15SM SCT050 14/04 A2986 RMK CU4 DENSITY ALT 280FT SLP112
CYAW,2022-05-31 18:00,-63.4994,44.6397,CYAW 311800Z 34016G25KT 15SM BKN050 13/02 A2987 RMK SC5 DENSITY ALT 115FT SLP116
CYAW,2022-05-31 19:00,-63.4994,44.6397,CYAW 311900Z 35015G22KT 15SM BKN050 14/03 A2987 RMK SC5 DENSITY ALT 261FT SLP116
CYAW,2022-05-31 20:00,-63.4994,44.6397,CYAW 312000Z 34020G28KT 15SM BKN050 13/02 A2988 RMK SC5 DENSITY ALT 124FT SLP120
CYAW,2022-05-31 21:00,-63.4994,44.6397,CYAW 312100Z 36016G27KT 15SM FEW050 12/01 A2989 RMK SC2 DENSITY ALT -48FT SLP122
CYAW,2022-05-31 22:00,-63.4994,44.6397,CYAW 312200Z 01015G20KT 15SM FEW043 FEW050 12/01 A2989 RMK CU1SC1 DENSITY ALT -35FT CU TR SLP122
CYAW,2022-05-31 23:00,-63.4994,44.6397,CYAW 312300Z 35014G22KT 15SM FEW032 FEW070 10/02 A2990 RMK CU1AC2 DENSITY ALT -296FT SLP126
CYAW,2022-06-01 00:00,-63.4994,44.6397,CYAW 010000Z 33018G25KT 15SM FEW040 BKN070 08/01 A2994 RMK CU1AC6 DENSITY ALT -558FT SLP140
CYAW,2022-06-01 01:00,-63.4994,44.6397,CYAW 010100Z 33010G18KT 15SM BKN070 08/00 A2996 RMK AC6 DENSITY ALT -644FT SLP146
CYAW,2022-06-01 02:00,-63.4994,44.6397,CYAW 010200Z 34009G16KT 15SM SCT080 07/01 A2996 RMK AC4 DENSITY ALT -740FT SLP148
CYAW,2022-06-01 03:00,-63.4994,44.6397,CYAW 010300Z 33010KT 15SM FEW080 06/01 A2996 RMK AC1 DENSITY ALT -824FT SLP148
CYAW,2022-06-01 03:41,-63.4994,44.6397,CYAW 010341Z 32009KT 15SM FEW080 06/02 A2995 RMK AC1 DENSITY ALT -823FT LAST OBS /NEXT 011300 UTC SLP145
CYAW,2022-06-01 13:00,-63.4994,44.6397,CYAW 011300Z 33016G27KT 15SM SCT035 11/03 A2989 RMK SC4 DENSITY ALT -130FT FST OBS SLP124
CYAW,2022-06-01 14:00,-63.4994,44.6397,CYAW 011400Z 33016G26KT 15SM BKN034 11/04 A2988 RMK SC5 DENSITY ALT -105FT SLP121
CYAW,2022-06-01 15:00,-63.4994,44.6397,CYAW 011500Z 32015G22KT 15SM BKN034 12/04 A2987 RMK SC6 DENSITY ALT -41FT SLP118
CYAW,2022-06-01 16:00,-63.4994,44.6397,CYAW 011600Z 31017G26KT 15SM SCT041 14/04 A2985 RMK SC4 DENSITY ALT 223FT SLP111
CYAW,2022-06-01 17:00,-63.4994,44.6397,CYAW 011700Z 32015G26KT 15SM BKN043 14/04 A2984 RMK SC5 DENSITY ALT 248FT SLP107
CYAW,2022-06-01 18:00,-63.4994,44.6397,CYAW 011800Z 32019G24KT 15SM BKN049 BKN250 15/04 A2982 RMK SC5CI1 DENSITY ALT 348FT SLP100
CYAW,2022-06-01 19:00,-63.4994,44.6397,CYAW 011900Z 33012G24KT 15SM BKN053 BKN250 15/04 A2980 RMK SC5CI1 DENSITY ALT 446FT SLP093
CYAW,2022-06-01 20:00,-63.4994,44.6397,CYAW 012000Z 34016G21KT 15SM SCT060 SCT240 16/04 A2979 RMK SC4CI1 DENSITY ALT 513FT SLP087
CYAW,2022-06-01 21:00,-63.4994,44.6397,CYAW 012100Z 33010G16KT 15SM SCT040 SCT240 16/04 A2977 RMK SC3CI1 DENSITY ALT 621FT CF ASOCTD SLP082
CYAW,2022-06-01 22:00,-63.4994,44.6397,CYAW 012200Z 34014KT 15SM FEW060 FEW240 16/04 A2976 RMK CF1CI1 DENSITY ALT 607FT SLP080
CYAW,2022-06-01 23:00,-63.4994,44.6397,CYAW 012300Z 32009G15KT 15SM FEW040 SCT240 15/04 A2976 RMK SC2CI1 DENSITY ALT 505FT SLP080
CYAW,2022-06-02 00:00,-63.4994,44.6397,CYAW 020000Z 34006KT 15SM BKN080 BKN240 14/05 A2978 RMK AC5CI1 DENSITY ALT 347FT SLP086
CYAW,2022-06-02 01:00,-63.4994,44.6397,CYAW 020100Z 01008KT 15SM BKN095 14/05 A2979 RMK AC7 DENSITY ALT 262FT SLP089
CYAW,2022-06-02 02:00,-63.4994,44.6397,CYAW 020200Z 36006KT 15SM BKN064 12/04 A2979 RMK SC7 DENSITY ALT 40FT SLP090
CYAW,2022-06-02 02:42,-63.4994,44.6397,CYAW 020242Z 36007KT 15SM BKN060 OVC075 11/04 A2979 RMK SC5AC3 DENSITY ALT -9FT LAST OBS/NXT 021000 UTC SLP088
CYAW,2022-06-02 13:00,-63.4994,44.6397,CYAW 021300Z 33012G19KT 15SM FEW030 BKN250 14/04 A2976 RMK CU1CS4 DENSITY ALT 339FT FST OBS SLP080
CYAW,2022-06-02 14:00,-63.4994,44.6397,CYAW 021400Z 31017G24KT 15SM FEW030 FEW140 BKN220 15/04 A2976 RMK CU1AC1CS3 DENSITY ALT 477FT SLP079
CYAW,2022-06-02 15:00,-63.4994,44.6397,CYAW 021500Z 30020KT 15SM FEW030 FEW110 BKN220 17/04 A2976 RMK CU1AC1CI3 DENSITY ALT 668FT SLP078
CYAW,2022-06-02 16:00,-63.4994,44.6397,CYAW 021600Z 32018G24KT 15SM FEW030 FEW180 17/04 A2975 RMK CU1AC1 DENSITY ALT 741FT SLP074
CYAW,2022-06-02 17:00,-63.4994,44.6397,CYAW 021700Z 33012G20KT 15SM FEW030 FEW120 18/05 A2973 RMK CU1AC1 DENSITY ALT 866FT SLP067
CYAW,2022-06-02 18:00,-63.4994,44.6397,CYAW 021800Z 33015G20KT 15SM FEW030 FEW150 19/05 A2972 RMK CU1AC1 DENSITY ALT 972FT SLP064
CYAW,2022-06-02 19:00,-63.4994,44.6397,CYAW 021900Z 32010G19KT 15SM FEW250 19/05 A2971 RMK CI1 DENSITY ALT 1007FT SLP061
CYAW,2022-06-02 20:00,-63.4994,44.6397,CYAW 022000Z 36010KT 15SM FEW030 FEW250 20/06 A2971 RMK SC1CI1 DENSITY ALT 1109FT SLP062
CYAW,2022-06-02 21:00,-63.4994,44.6397,CYAW 022100Z 35010G15KT 15SM FEW030 FEW250 19/06 A2971 RMK SC1CI1 DENSITY ALT 1062FT SC TR SLP060
CYAW,2022-06-02 22:00,-63.4994,44.6397,CYAW 022200Z 36008KT 15SM FEW250 19/07 A2972 RMK CI2 DENSITY ALT 1005FT SLP064
CYAW,2022-06-02 23:00,-63.4994,44.6397,CYAW 022300Z 36010KT 15SM SCT250 18/06 A2974 RMK CI3 DENSITY ALT 817FT SLP070
CYAW,2022-06-03 00:00,-63.4994,44.6397,CYAW 030000Z 01006KT 15SM SCT250 15/06 A2977 RMK CI4 DENSITY ALT 462FT SLP083
CYAW,2022-06-03 01:00,-63.4994,44.6397,CYAW 030100Z 35004KT 15SM FEW250 13/06 A2979 RMK CI2 DENSITY ALT 244FT SLP088
CYAW,2022-06-03 02:00,-63.4994,44.6397,CYAW 030200Z 00000KT 15SM FEW250 11/06 A2980 RMK CI1 DENSITY ALT 9FT SLP093
CYAW,2022-06-03 03:00,-63.4994,44.6397,CYAW 030300Z 35003KT 15SM FEW240 11/06 A2981 RMK CI1 DENSITY ALT -78FT SLP094
CYAW,2022-06-03 04:00,-63.4994,44.6397,CYAW 030400Z 00000KT 15SM FEW240 09/06 A2982 RMK CI1 DENSITY ALT -287FT SLP097
CYAW,2022-06-03 05:00,-63.4994,44.6397,CYAW 030500Z 00000KT 15SM FEW240 08/06 A2982 RMK CI1 DENSITY ALT -396FT SLP098
CYAW,2022-06-03 06:00,-63.4994,44.6397,CYAW 030600Z 00000KT 15SM FEW250 08/06 A2982 RMK CI1 DENSITY ALT -493FT SLP099
CYAW,2022-06-03 06:20,-63.4994,44.6397,CYAW 030620Z 00000KT 15SM FEW240 07/06 A2982 RMK CI1 DENSITY ALT -517FT LAST OBS /NEXT 041000 UTC SLP098
CYAW,2022-06-05 17:00,-63.4994,44.6397,CYAW 051700Z 15011KT 15SM FEW012 BKN070 13/10 A2992 RMK CU1AC5 DENSITY ALT 98FT FST OBS SLP133
CYAW,2022-06-05 18:00,-63.4994,44.6397,CYAW 051800Z 17009G16KT 15SM FEW050 BKN070 13/10 A2992 RMK SC1AC5 DENSITY ALT 121FT SLP132
CYAW,2022-06-05 18:30,-63.4994,44.6397,CYAW 051830Z 15010KT 15SM FEW048 BKN060 13/10 A2992 RMK SC2SC5 DENSITY ALT 62FT LAST OBS /NEXT 061000 UTC SLP132
CYAW,2022-06-06 10:00,-63.4994,44.6397,CYAW 061000Z 27004KT 5/8SM BR OVC005 10/10 A2995 RMK SF8 DENSITY ALT -261FT VIS VRB 3/8-1 CIG VRB 3-7 FST OBS SLP144
CYAW,2022-06-06 10:22,-63.4994,44.6397,CYAW 061022Z 28006KT 8SM OVC005 10/10 A2995 RMK SF8 DENSITY ALT -248FT SLP144
CYAW,2022-06-06 11:00,-63.4994,44.6397,CYAW 061100Z 31003KT 10SM OVC008 11/10 A2996 RMK SF8 DENSITY ALT -149FT CIG VRB 6-10 SLP148
CYAW,2022-06-06 12:00,-63.4994,44.6397,CYAW 061200Z 35005KT 15SM OVC010 12/10 A2996 RMK SF8 DENSITY ALT -92FT CIG VRB 7-13 SLP148
CYAW,2022-06-06 13:00,-63.4994,44.6397,CYAW 061300Z 33008KT 15SM BKN012 BKN070 BKN240 13/10 A2996 RMK SC7AC1CI1 DENSITY ALT 19FT SLP148
CYAW,2022-06-06 14:00,-63.4994,44.6397,CYAW 061400Z 34006KT 15SM BKN012 BKN070 BKN240 14/10 A2995 RMK SC5AC1CI1 DENSITY ALT 212FT SLP145
CYAW,2022-06-06 14:31,-63.4994,44.6397,CYAW 061431Z 34005KT 15SM SCT018 BKN070 BKN240 15/11 A2996 RMK SC4AC2CI1 DENSITY ALT 322FT SLP146
CYAW,2022-06-06 15:00,-63.4994,44.6397,CYAW 061500Z 33010KT 15SM SCT020 BKN070 BKN240 15/11 A2996 RMK SC4AC2CI1 DENSITY ALT 347FT SLP145
CYAW,2022-06-06 16:00,-63.4994,44.6397,CYAW 061600Z 32010G15KT 15SM BKN020 BKN240 15/10 A2996 RMK SC6CI1 DENSITY ALT 329FT SLP146
CYAW,2022-06-06 17:00,-63.4994,44.6397,CYAW 061700Z 33007G15KT 15SM SCT022 SCT240 16/10 A2995 RMK SC3CI1 DENSITY ALT 446FT SLP144
CYAW,2022-06-06 18:00,-63.4994,44.6397,CYAW 061800Z 29012KT 15SM SCT035 SCT060 18/10 A2994 RMK CU3SC1 DENSITY ALT 705FT SLP138
CYAW,2022-06-06 19:00,-63.4994,44.6397,CYAW 061900Z 33007KT 15SM BKN040 BKN070 17/09 A2994 RMK CU5AC2 DENSITY ALT 568FT SLP140
CYAW,2022-06-06 19:29,-63.4994,44.6397,CYAW 061929Z 36013KT 15SM -SHRA BKN040 BKN060 15/11 A2995 RMK CU5SC2 DENSITY ALT 357FT SLP142
CYAW,2022-06-06 20:00,-63.4994,44.6397,CYAW 062000Z CCA 34005KT 15SM -SHRA SCT045 BKN060 15/11 A2995 RMK CU4SC3 DENSITY ALT 350FT PCPN VRY LGT SLP142
CYAW,2022-06-06 20:20,-63.4994,44.6397,CYAW 062020Z 34005KT 15SM SCT030 BKN060 BKN250 17/11 A2995 RMK CU3SC4CI1 DENSITY ALT 539FT SLP141
CYAW,2022-06-06 20:34,-63.4994,44.6397,CYAW 062034Z 33006KT 15SM -SHRA SCT029 BKN060 15/12 A2995 RMK CU3SC4 DENSITY ALT 367FT SLP142
CYAW,2022-06-06 21:00,-63.4994,44.6397,CYAW 062100Z 36009KT 15SM -SHRA FEW029 BKN038 BKN050 BKN250 15/10 A2995 RMK CU1CU5SC1CI1 DENSITY ALT 351FT CI TR SLP144
CYAW,2022-06-06 21:27,-63.4994,44.6397,CYAW 062127Z 36010KT 15SM FEW045 BKN070 16/09 A2996 RMK CU1AC6 DENSITY ALT 435FT SLP145
CYAW,2022-06-06 22:00,-63.4994,44.6397,CYAW 062200Z 34012G18KT 15SM FEW047 SCT065 BKN250 16/09 A2997 RMK CU1SC4CI2 DENSITY ALT 373FT SLP149
CYAW,2022-06-06 23:00,-63.4994,44.6397,CYAW 062300Z 35009KT 15SM FEW070 BKN250 15/08 A2998 RMK AC1CI5 DENSITY ALT 213FT SLP152
CYAW,2022-06-07 00:00,-63.4994,44.6397,CYAW 070000Z 34007KT 15SM FEW070 BKN250 14/08 A2999 RMK AC1CI4 DENSITY ALT 81FT SLP156
CYAW,2022-06-07 01:00,-63.4994,44.6397,CYAW 070100Z 32011KT 15SM FEW070 FEW250 13/09 A3000 RMK AC1CI1 DENSITY ALT 27FT AC TR SLP159
CYAW,2022-06-07 02:00,-63.4994,44.6397,CYAW 070200Z 32008KT 15SM SKC 12/08 A3000 RMK DENSITY ALT -95FT SLP160
CYAW,2022-06-07 03:00,-63.4994,44.6397,CYAW 070300Z 31005KT 15SM SKC 10/08 A3000 RMK DENSITY ALT -439FT SLP161
CYAW,2022-06-07 03:22,-63.4994,44.6397,CYAW 070322Z 32005KT 15SM SKC 10/08 A3001 RMK DENSITY ALT -423FT LAST OBS /NEXT 071000 UTC SLP162
CYAW,2022-06-07 10:00,-63.4994,44.6397,CYAW 071000Z 00000KT 15SM SCT050 11/10 A3007 RMK SC3 DENSITY ALT -344FT FST OBS SLP183
CYAW,2022-06-07 11:00,-63.4994,44.6397,CYAW 071100Z 34005KT 15SM FEW080 13/10 A3008 RMK AC1 DENSITY ALT -60FT SLP185
CYAW,2022-06-07 12:00,-63.4994,44.6397,CYAW 071200Z 34005KT 15SM FEW025 FEW220 16/11 A3009 RMK CF1CI1 DENSITY ALT 220FT SLP189
CYAW,2022-06-07 13:00,-63.4994,44.6397,CYAW 071300Z 00000KT 15SM FEW022 17/10 A3009 RMK CF1 DENSITY ALT 334FT SLP190
CYAW,2022-06-07 14:00,-63.4994,44.6397,CYAW 071400Z 27003KT 15SM FEW035 18/08 A3009 RMK CU1 DENSITY ALT 509FT SLP191
CYAW,2022-06-07 15:00,-63.4994,44.6397,CYAW 071500Z 17009KT 15SM FEW022 19/11 A3010 RMK CF1 DENSITY ALT 611FT SLP194
CYAW,2022-06-07 16:00,-63.4994,44.6397,CYAW 071600Z 18010KT 15SM FEW035 18/10 A3009 RMK CU1 DENSITY ALT 500FT CF ASOCTD SLP192
CYAW,2022-06-07 17:00,-63.4994,44.6397,CYAW 071700Z 17012KT 15SM FEW040 18/10 A3009 RMK CU1 DENSITY ALT 543FT CF ASOCTD SLP192
CYAW,2022-06-07 18:00,-63.4994,44.6397,CYAW 071800Z 17015KT 15SM FEW050 FEW250 19/04 A3009 RMK CU1CI1 DENSITY ALT 528FT SLP189
CYAW,2022-06-07 19:00,-63.4994,44.6397,CYAW 071900Z 19011G16KT 15SM FEW050 FEW250 19/09 A3009 RMK CU1CI1 DENSITY ALT 588FT SLP189
CYAW,2022-06-07 20:00,-63.4994,44.6397,CYAW 072000Z 19013KT 15SM FEW050 FEW250 19/10 A3009 RMK CU1CI2 DENSITY ALT 588FT SLP190
CYAW,2022-06-07 21:00,-63.4994,44.6397,CYAW 072100Z 21011KT 15SM FEW050 SCT250 18/10 A3009 RMK CU1CI4 DENSITY ALT 493FT SLP191
CYAW,2022-06-07 22:00,-63.4994,44.6397,CYAW 072200Z 20010KT 15SM FEW050 BKN250 18/10 A3009 RMK SC1CI6 DENSITY ALT 493FT SLP191
CYAW,2022-06-07 23:00,-63.4994,44.6397,CYAW 072300Z 22005KT 15SM FEW050 BKN250 17/10 A3010 RMK SC1CI7 DENSITY ALT 363FT SLP193
CYAW,2022-06-08 00:00,-63.4994,44.6397,CYAW 080000Z 23008KT 15SM FEW050 BKN250 15/10 A3010 RMK SC1CI5 DENSITY ALT 116FT SLP193
CYAW,2022-06-08 01:00,-63.4994,44.6397,CYAW 080100Z 23004KT 15SM FEW050 SCT250 14/10 A3011 RMK SC1CI4 DENSITY ALT -26FT SLP196
CYAW,2022-06-08 02:00,-63.4994,44.6397,CYAW 080200Z 00000KT 15SM SKC 12/10 A3010 RMK DENSITY ALT -220FT SLP194
CYAW,2022-06-08 02:43,-63.4994,44.6397,CYAW 080243Z 00000KT 15SM FEW250 10/08 A3011 RMK CI1 DENSITY ALT -476FT LAST OBS /NEXT 081000 UTC SLP196
CYAW,2022-06-08 10:00,-63.4994,44.6397,CYAW 081000Z 22003KT 15SM SCT084 BKN250 12/10 A3012 RMK AC4CI3 DENSITY ALT -285FT FST OBS SLP199
CYAW,2022-06-08 11:00,-63.4994,44.6397,CYAW 081100Z 21004KT 15SM FEW010 SCT100 BKN150 OVC250 13/11 A3012 RMK SF1AC3AC2CI3 DENSITY ALT -165FT SLP200
CYAW,2022-06-08 12:00,-63.4994,44.6397,CYAW 081200Z 00000KT 15SM BKN100 OVC250 15/13 A3011 RMK AC5CI3 DENSITY ALT 174FT SLP198
CYAW,2022-06-08 13:00,-63.4994,44.6397,CYAW 081300Z 20005KT 15SM FEW025 BKN080 OVC250 18/12 A3011 RMK SC1AC6CI2 DENSITY ALT 549FT SLP195
CYAW,2022-06-08 14:00,-63.4994,44.6397,CYAW 081400Z 19010KT 15SM FEW020 BKN085 OVC250 18/13 A3010 RMK SC1AC7CI1 DENSITY ALT 537FT SC TR SLP194
CYAW,2022-06-08 15:00,-63.4994,44.6397,CYAW 081500Z 21012G18KT 15SM FEW020 BKN080 OVC250 17/14 A3011 RMK SC1AC6CI1 DENSITY ALT 403FT SLP197
CYAW,2022-06-08 15:24,-63.4994,44.6397,CYAW 081524Z 21009KT 15SM -SHRA FEW013 OVC080 16/14 A3011 RMK SC2AC6 DENSITY ALT 333FT SLP199
CYAW,2022-06-08 16:00,-63.4994,44.6397,CYAW 081600Z 19008KT 15SM -SHRA FEW013 OVC080 15/14 A3011 RMK SC1AC7 DENSITY ALT 185FT SLP198
CYAW,2022-06-08 16:21,-63.4994,44.6397,CYAW 081621Z 18006KT 15SM FEW014 OVC100 16/14 A3010 RMK SC1AC7 DENSITY ALT 292FT CIG EST SLP195
CYAW,2022-06-08 17:00,-63.4994,44.6397,CYAW 081700Z 17006KT 15SM FEW014 BKN090 OVC110 16/13 A3010 RMK SC1AC5AS3 DENSITY ALT 261FT SLP194
CYAW,2022-06-08 17:19,-63.4994,44.6397,CYAW 081719Z 16007KT 15SM -SHRA FEW014 BKN080 OVC110 15/13 A3010 RMK CF1AC6AS2 DENSITY ALT 150FT SLP195
CYAW,2022-06-08 18:00,-63.4994,44.6397,CYAW 081800Z 16008KT 15SM -SHRA FEW014 BKN085 OVC110 14/12 A3010 RMK CF1AC5AS3 DENSITY ALT 63FT SLP195
CYAW,2022-06-08 19:00,-63.4994,44.6397,CYAW 081900Z 16008KT 15SM -SHRA FEW020 SCT075 OVC110 15/13 A3009 RMK CF1AC4AS4 DENSITY ALT 185FT PCPN VRY LGT SLP189
CYAW,2022-06-08 20:00,-63.4994,44.6397,CYAW 082000Z 15008KT 15SM -SHRA FEW020 SCT075 OVC090 13/12 A3006 RMK SC1AC4AS4 DENSITY ALT 1FT SLP180
CYAW,2022-06-08 21:00,-63.4994,44.6397,CYAW 082100Z 17008KT 15SM FEW030 BKN075 OVC100 13/12 A3004 RMK SC2AC4AS2 DENSITY ALT -15FT SLP175
CYAW,2022-06-08 21:29,-63.4994,44.6397,CYAW 082129Z 17006KT 15SM FEW030 BKN070 OVC090 13/12 A3004 RMK SC1AC5AS2 DENSITY ALT -41FT SLP175
CYAW,2022-06-08 22:00,-63.4994,44.6397,CYAW 082200Z 16009KT 10SM BKN030 OVC080 13/12 A3003 RMK SC6AS2 DENSITY ALT -31FT SLP171
CYAW,2022-06-08 23:00,-63.4994,44.6397,CYAW 082300Z 16007KT 15SM BKN030 OVC060 13/12 A3002 RMK SC5SC3 DENSITY ALT -48FT SLP167
CYAW,2022-06-08 23:16,-63.4994,44.6397,CYAW 082316Z 16006KT 5SM -SHRA BR BKN030 OVC060 13/12 A3001 RMK SC6SC2 DENSITY ALT -34FT SLP165
CYAW,2022-06-08 23:41,-63.4994,44.6397,CYAW 082341Z 16007KT 1 3/4SM -SHRA BR BKN007 OVC030 12/12 A3001 RMK SF6SC2 DENSITY ALT -55FT VIS VRB 1 1/4-2 1/4 SLP165
CYAW,2022-06-09 00:00,-63.4994,44.6397,CYAW 090000Z 13007KT 2 1/2SM -SHRA BR SCT007 OVC030 12/12 A3001 RMK SF4SC4 DENSITY ALT -67FT VIS VRB 1 3/4-4 SLP161
CYAW,2022-06-09 00:15,-63.4994,44.6397,CYAW 090015Z 14010KT 5SM -SHRA BR FEW006 BKN025 OVC040 13/12 A3000 RMK SF2SC5SC1 DENSITY ALT -16FT VIS LWR W SLP158
CYAW,2022-06-09 01:00,-63.4994,44.6397,CYAW 090100Z 16007KT 5SM -SHRA BR FEW006 BKN020 OVC040 13/12 A2999 RMK SF1SC5SC3 DENSITY ALT 8FT LAST OBS /NEXT 091000 UTC SLP157
CYAW,2022-06-09 10:00,-63.4994,44.6397,CYAW 091000Z 00000KT 1/8SM -DZ FG VV001 13/13 A2987 RMK FG8 DENSITY ALT 164FT FST OBS SLP114
CYAW,2022-06-09 10:35,-63.4994,44.6397,CYAW 091035Z 00000KT 1/2SM -DZ FG VV002 13/13 A2987 RMK FG8 DENSITY ALT 177FT VIS VRB 1/4-3/4 SLP115
CYAW,2022-06-09 11:00,-63.4994,44.6397,CYAW 091100Z 00000KT 1/2SM -DZ FG VV002 13/13 A2987 RMK FG8 DENSITY ALT 217FT VIS VRB 1/4-3/4 SLP115
CYAW,2022-06-09 11:28,-63.4994,44.6397,CYAW 091128Z 00000KT 3/4SM -DZ BR OVC003 14/14 A2987 RMK ST8 DENSITY ALT 282FT SLP116
CYAW,2022-06-09 12:00,-63.4994,44.6397,CYAW 091200Z 00000KT 3/4SM -DZ BR OVC003 14/14 A2987 RMK SF8 DENSITY ALT 375FT CIG VRB 2-4 SLP114
CYAW,2022-06-09 12:13,-63.4994,44.6397,CYAW 091213Z 00000KT 1SM BR OVC003 14/14 A2987 RMK SF8 DENSITY ALT 376FT VIS VRB 3/4-1 1/2 SLP115
CYAW,2022-06-09 12:32,-63.4994,44.6397,CYAW 091232Z 23002KT 2SM BR OVC003 14/14 A2987 RMK SF8 DENSITY ALT 376FT VIS VRB 1-3 CIG VRB 2-4 SLP115
CYAW,2022-06-09 13:00,-63.4994,44.6397,CYAW 091300Z 00000KT 3SM BR OVC003 15/15 A2986 RMK SF8 DENSITY ALT 427FT CIG VRB 2-4 SLP111
CYAW,2022-06-09 14:00,-63.4994,44.6397,CYAW 091400Z 00000KT 2SM BR FEW002 OVC004 16/16 A2986 RMK SF1SF7 DENSITY ALT 630FT VIS VRB 1-3 CIG VRB 3-5 SLP111
CYAW,2022-06-09 15:00,-63.4994,44.6397,CYAW 091500Z 14004KT 3SM BR OVC003 16/15 A2986 RMK SF8 DENSITY ALT 552FT CIG VRB 2-4 VIS 1 SE - W SLP111
CYAW,2022-06-09 16:00,-63.4994,44.6397,CYAW 091600Z 15010KT 4SM BR OVC004 16/15 A2985 RMK SF8 DENSITY ALT 558FT CIG VRB 3-5 VIS 1 S - W SLP109
CYAW,2022-06-09 16:36,-63.4994,44.6397,CYAW 091636Z 16009KT 15SM SCT004 BKN011 OVC250 16/15 A2984 RMK SF3SC2CI3 DENSITY ALT 646FT FG OVR WTR SLP106
CYAW,2022-06-09 17:00,-63.4994,44.6397,CYAW 091700Z 16009KT 1 1/2SM BR BKN003 OVC012 15/14 A2984 RMK SF7SC1 DENSITY ALT 517FT VIS HYR N CIG VRB 2-4 SLP107
CYAW,2022-06-09 17:07,-63.4994,44.6397,CYAW 091707Z 15009KT 15SM BKN003 OVC013 15/14 A2984 RMK SF7SC1 DENSITY ALT 465FT CIG VRB 2-4 VIS LWR SE - W SLP106
CYAW,2022-06-09 17:21,-63.4994,44.6397,CYAW 091721Z 16009KT 1 1/2SM BR BKN003 OVC013 15/14 A2984 RMK SF7SC1 DENSITY ALT 426FT VIS HYR N CIG VRB 2-4 SLP105
CYAW,2022-06-09 17:40,-63.4994,44.6397,CYAW 091740Z 15010KT 4SM BR OVC003 15/15 A2984 RMK SF8 DENSITY ALT 532FT VIS E-SW 11/2 FG OVR APPROACHS SLP105
CYAW,2022-06-09 17:50,-63.4994,44.6397,CYAW 091750Z 17008KT 1 1/2SM BR OVC002 14/13 A2984 RMK SF8 DENSITY ALT 373FT VIS N-NE 4 SLP104
CYAW,2022-06-09 18:00,-63.4994,44.6397,CYAW 091800Z 16007KT 3/8SM FG VV001 14/13 A2984 RMK FG8 DENSITY ALT 324FT SLP104
CYAW,2022-06-09 18:16,-63.4994,44.6397,CYAW 091816Z 15008KT 3/4SM BR VV001 13/13 A2983 RMK FG8 DENSITY ALT 287FT VIS VRB 1/2-1 SLP102
CYAW,2022-06-09 19:00,-63.4994,44.6397,CYAW 091900Z 00000KT 1SM -RA BR OVC002 14/14 A2981 RMK SF8 DENSITY ALT 376FT VIS VRB 3/4-1 1/2 SLP095
CYAW,2022-06-09 19:12,-63.4994,44.6397,CYAW 091912Z 13012KT 1/8SM -RA FG VV001 13/13 A2981 RMK FG8 DENSITY ALT 258FT SLP096
CYAW,2022-06-09 19:39,-63.4994,44.6397,CYAW 091939Z 13006KT 3/8SM -RA FG VV001 13/13 A2980 RMK FG8 DENSITY ALT 243FT VIS VRB 1/4-5/8 SLP092
CYAW,2022-06-09 20:00,-63.4994,44.6397,CYAW 092000Z 11003KT 3/4SM -RA BR OVC001 13/13 A2979 RMK SF8 DENSITY ALT 255FT VIS VRB 1/2-1 SLP090
CYAW,2022-06-09 21:00,-63.4994,44.6397,CYAW 092100Z 11004KT 1 1/4SM -RA BR OVC002 13/13 A2976 RMK SF8 DENSITY ALT 316FT VIS VRB 3/4-1 3/4 CIG VRB 1-3 SLP078
CYAW,2022-06-09 22:00,-63.4994,44.6397,CYAW 092200Z 16010KT 1 1/4SM RA BR OVC002 13/13 A2974 RMK SF8 DENSITY ALT 393FT VIS VRB 3/4-1 3/4 CIG VRB 1-3 /R14/ CVCTV CLD EMBD SLP070
CYAW,2022-06-09 22:27,-63.4994,44.6397,CYAW 092227Z 16015KT 1/2SM RA FG OVC002 14/14 A2971 RMK SF8 DENSITY ALT 494FT VIS VRB 1/4-3/4 PRESFR CIG VRB 1-3 CVCTV CLD EMBD SLP061
CYAW,2022-06-09 23:00,-63.4994,44.6397,CYAW 092300Z 17018KT 1/2SM +RA FG OVC002 14/14 A2969 RMK SF8 DENSITY ALT 570FT VIS VRB 1/4-3/4 CIG VRB 1-3 /R25/ CVCTV CLD EMBD SLP056
CYAW,2022-06-09 23:38,-63.4994,44.6397,CYAW 092338Z 18017G27KT 1/2SM -RA FG OVC002 14/14 A2971 RMK SF8 DENSITY ALT 521FT VIS VRB 1/4-3/4 CIG VRB 1-3 SLP061
CYAW,2022-06-10 00:00,-63.4994,44.6397,CYAW 100000Z 18017G22KT 1/4SM RA FG OVC002 14/14 A2967 RMK SF8 DENSITY ALT 554FT VIS VRB 1/8-3/8 CIG VRB 1-3 CVCTV CLD EMBD SLP049
CYAW,2022-06-10 01:00,-63.4994,44.6397,CYAW 100100Z 18016G24KT 1/2SM -RA FG VV001 14/14 A2967 RMK FG8 DENSITY ALT 607FT VIS VRB 1/4-3/4 CVCTV CLD EMBD SLP047
CYAW,2022-06-10 01:32,-63.4994,44.6397,CYAW 100132Z 18016G26KT 1 1/2SM -RA BR OVC002 14/14 A2967 RMK SF8 DENSITY ALT 580FT VIS VRB 1-2 CIG VRB 1-3 SLP048
CYAW,2022-06-10 02:00,-63.4994,44.6397,CYAW 100200Z 20011G22KT 1 1/4SM -RA BR OVC002 15/15 A2966 RMK SF8 DENSITY ALT 724FT CIG VRB 1-3 LAST OBS /NEXT 101000 UTC SLP045
CYAW,2022-06-10 10:00,-63.4994,44.6397,CYAW 101000Z 20007KT 1SM BR OVC002 12/12 A2965 RMK SF8 DENSITY ALT 365FT VIS VRB 3/4-1 1/2 CIG VRB 1-3 FST OBS SLP040
CYAW,2022-06-10 10:39,-63.4994,44.6397,CYAW 101039Z 19009KT 1SM BR OVC002 12/12 A2966 RMK SF8 DENSITY ALT 300FT VIS VRB 1/2-1 1/2 CIG VRB 1-3 SLP046
CYAW,2022-06-10 11:00,-63.4994,44.6397,CYAW 101100Z 19008KT 4SM BR OVC002 12/12 A2966 RMK SF8 DENSITY ALT 353FT CIG PDMTLY TRANSPARENT VIS 1 NE - SE SLP045
CYAW,2022-06-10 11:37,-63.4994,44.6397,CYAW 101137Z 20009KT 5SM BR OVC003 13/13 A2967 RMK SF8 DENSITY ALT 434FT CIG PDMTLY TRANSPARENT CIG VRB 2-4 SLP047
CYAW,2022-06-10 12:00,-63.4994,44.6397,CYAW 101200Z 20008KT 6SM BR BKN004 BKN250 14/14 A2967 RMK SF7CI1 DENSITY ALT 540FT CIG PDMTLY TRANSPARENT CIG VRB 3-5 SLP048
CYAW,2022-06-10 12:29,-63.4994,44.6397,CYAW 101229Z 19008KT 6SM BR BKN006 15/14 A2968 RMK SF7 DENSITY ALT 674FT CIG PDMTLY TRANSPARENT SLP050
CYAW,2022-06-10 13:00,-63.4994,44.6397,CYAW 101300Z 19011KT 9SM BKN007 BKN250 15/14 A2967 RMK SF5CI1 DENSITY ALT 696FT VIS LWR W CIG PDMTLY TRANSPARENT SLP049
CYAW,2022-06-10 13:19,-63.4994,44.6397,CYAW 101319Z 19010KT 9SM SCT008 BKN250 16/14 A2967 RMK SF3CI2 DENSITY ALT 758FT VIS LWR W SLP047
CYAW,2022-06-10 14:00,-63.4994,44.6397,CYAW 101400Z 18004KT 8SM FEW008 SCT250 15/14 A2968 RMK SF2CI1 DENSITY ALT 707FT SLP050
CYAW,2022-06-10 14:26,-63.4994,44.6397,CYAW 101426Z 19011G18KT 10SM BKN006 15/14 A2969 RMK SF6 DENSITY ALT 670FT VIS LWR W CIG PDMTLY TRANSPARENT SLP055
CYAW,2022-06-10 15:00,-63.4994,44.6397,CYAW 101500Z 21011KT 15SM BKN007 BKN250 16/14 A2969 RMK SF6CI1 DENSITY ALT 796FT CIG PDMTLY TRANSPARENT SLP056
CYAW,2022-06-10 15:14,-63.4994,44.6397,CYAW 101514Z 22009G15KT 15SM FEW007 SCT160 BKN250 17/15 A2969 RMK SF2AC1CI2 DENSITY ALT 859FT SLP055
CYAW,2022-06-10 16:00,-63.4994,44.6397,CYAW 101600Z 19009KT 15SM FEW007 FEW160 SCT250 19/16 A2968 RMK SF1AC1CI1 DENSITY ALT 1188FT SLP052
CYAW,2022-06-10 17:00,-63.4994,44.6397,CYAW 101700Z 19014KT 15SM FEW010 FEW160 FEW250 18/13 A2968 RMK CU1AC1CI1 DENSITY ALT 1030FT CU TR SLP050
CYAW,2022-06-10 18:00,-63.4994,44.6397,CYAW 101800Z 21013KT 15SM FEW040 FEW160 FEW250 21/14 A2968 RMK SC1AC1CI1 DENSITY ALT 1301FT SLP049
CYAW,2022-06-10 19:00,-63.4994,44.6397,CYAW 101900Z 19015KT 15SM FEW040 FEW160 FEW250 20/13 A2968 RMK SC1AC1CI1 DENSITY ALT 1221FT SLP051
CYAW,2022-06-10 20:00,-63.4994,44.6397,CYAW 102000Z 21010G18KT 15SM FEW040 FEW250 20/12 A2968 RMK SC1CI1 DENSITY ALT 1257FT SLP052
CYAW,2022-06-10 21:00,-63.4994,44.6397,CYAW 102100Z 23011G19KT 15SM FEW040 FEW160 FEW250 20/12 A2969 RMK SC1AC1CI2 DENSITY ALT 1232FT SLP055
CYAW,2022-06-10 21:17,-63.4994,44.6397,CYAW 102117Z 22011G19KT 15SM FEW040 FEW160 FEW250 20/11 A2969 RMK SC1AC1CI2 DENSITY ALT 1181FT LAST OBS /NEXT 131000 UTC SLP056
CYAW,2022-06-13 10:00,-63.4994,44.6397,CYAW 131000Z 00000KT 15SM BKN065 BKN110 15/14 A3006 RMK SC6AC1 DENSITY ALT 187FT FST OBS SLP180
CYAW,2022-06-13 11:00,-63.4994,44.6397,CYAW 131100Z 00000KT 15SM BKN065 BKN090 16/14 A3006 RMK SC6AC1 DENSITY ALT 396FT SLP180
CYAW,2022-06-13 12:00,-63.4994,44.6397,CYAW 131200Z 00000KT 15SM FEW020 BKN075 BKN100 17/14 A3006 RMK CU1AC6AC1 DENSITY ALT 424FT CU TR SLP181
CYAW,2022-06-13 13:00,-63.4994,44.6397,CYAW 131300Z 00000KT 12SM FEW020 OVC075 15/14 A3007 RMK CU1AC8 DENSITY ALT 210FT SLP184
CYAW,2022-06-13 13:48,-63.4994,44.6397,CYAW 131348Z 00000KT 12SM -SHRA FEW030 OVC090 16/14 A3007 RMK CF1AC7 DENSITY ALT 324FT VIS LWR S PCPN VRY LGT SLP183
CYAW,2022-06-13 14:00,-63.4994,44.6397,CYAW 131400Z 14004KT 15SM -SHRA FEW030 BKN090 16/14 A3007 RMK CF1AC6 DENSITY ALT 359FT VIS LWR S PCPN VRY LGT SLP182
CYAW,2022-06-13 15:00,-63.4994,44.6397,CYAW 131500Z 17004KT 15SM -SHRA FEW010 FEW025 OVC095 17/15 A3007 RMK SF1CF1AC8 DENSITY ALT 451FT VIS LWR SE-W SLP182
CYAW,2022-06-13 15:33,-63.4994,44.6397,CYAW 131533Z 16005KT 15SM FEW007 FEW021 OVC090 16/15 A3006 RMK SF1CF1AC6 DENSITY ALT 368FT VIS LWR SE-W FG OVR APPROACHES SLP180
CYAW,2022-06-13 16:00,-63.4994,44.6397,CYAW 131600Z 16004KT 4SM BR SCT004 OVC020 16/15 A3005 RMK SF3SC5 DENSITY ALT 357FT VIS HYR N SLP177
CYAW,2022-06-13 16:50,-63.4994,44.6397,CYAW 131650Z 17004KT 8SM -SHRA BKN004 OVC017 16/15 A3003 RMK SF5SC3 DENSITY ALT 442FT PCPN VRY LGT VIS LWR S-SW FG OVR APPROACHES SLP171
CYAW,2022-06-13 17:00,-63.4994,44.6397,CYAW 131700Z 16005KT 10SM -SHRA BKN004 OVC016 17/16 A3003 RMK SF5SC3 DENSITY ALT 497FT PCPN VRY LGT VIS LWR S-SW FG OVR APPROACHES SLP169
CYAW,2022-06-13 17:25,-63.4994,44.6397,CYAW 131725Z 16006KT 12SM BKN004 OVC016 17/16 A3002 RMK SF6SC2 DENSITY ALT 585FT VIS LWR S-SW FG OVR APPROACHES SLP167
CYAW,2022-06-13 18:00,-63.4994,44.6397,CYAW 131800Z 14006KT 12SM SCT006 BKN020 OVC100 19/17 A3001 RMK SF4SC3AC1 DENSITY ALT 742FT FG OVR APPROACHES VIS LWR S-SW SLP162
CYAW,2022-06-13 19:00,-63.4994,44.6397,CYAW 131900Z 15007KT 12SM FEW006 SCT020 OVC028 18/17 A3000 RMK SF1CU2SC5 DENSITY ALT 695FT SLP158
CYAW,2022-06-13 20:00,-63.4994,44.6397,CYAW 132000Z 12005KT 12SM -SHRA FEW005 SCT020 OVC090 17/15 A2998 RMK SF1SC3AC4 DENSITY ALT 512FT FG OVR APPROACHES VIS LWR S-W SLP152
CYAW,2022-06-13 20:30,-63.4994,44.6397,CYAW 132030Z 12005KT 12SM FEW005 SCT020 OVC110 17/15 A2997 RMK SF1SC3AC4 DENSITY ALT 516FT FG OVR APPROACHES VIS LWR S-W SLP148
CYAW,2022-06-13 21:00,-63.4994,44.6397,CYAW 132100Z 11006KT 10SM -SHRA FEW005 FEW020 OVC110 16/15 A2996 RMK SF1SC1AC6 DENSITY ALT 405FT PCPN VRY LGT FG OVR APPROACHES VIS LWR S-W SLP145
CYAW,2022-06-13 22:00,-63.4994,44.6397,CYAW 132200Z 08005KT 10SM -SHRA FEW005 SCT020 OVC090 14/14 A2993 RMK SF1SC3AC4 DENSITY ALT 278FT SLP137
CYAW,2022-06-13 23:00,-63.4994,44.6397,CYAW 132300Z 09004KT 10SM -SHRA SCT005 OVC100 16/14 A2992 RMK SF3AC5 DENSITY ALT 449FT VIS LWR S-W SLP131
CYAW,2022-06-14 00:00,-63.4994,44.6397,CYAW 140000Z 06004KT 5SM -SHRA BR SCT005 OVC080 15/14 A2990 RMK SF3AC5 DENSITY ALT 365FT SLP127
CYAW,2022-06-14 00:48,-63.4994,44.6397,CYAW 140048Z 10004KT 4SM -SHRA BR BKN003 BKN020 OVC080 14/14 A2991 RMK SF5SC2AC1 DENSITY ALT 301FT CIG VRB 2-4 VIS LWR S-W SLP129
CYAW,2022-06-14 01:00,-63.4994,44.6397,CYAW 140100Z 08007KT 4SM -SHRA BR BKN005 BKN025 OVC080 14/14 A2990 RMK SF5SC2AC1 DENSITY ALT 312FT CIG VRB 3-7 VIS LWR S-W SLP127
CYAW,2022-06-14 01:44,-63.4994,44.6397,CYAW 140144Z 06004KT 4SM -SHRA BR BKN005 OVC025 14/14 A2989 RMK SF5SC3 DENSITY ALT 297FT CIG VRB 3-7 LAST OBS /NEXT 141000 UTC VIS LWR S-W SLP122
CYAW,2022-06-14 10:00,-63.4994,44.6397,CYAW 141000Z 32007KT 12SM -RA OVC013 15/14 A2974 RMK SF8 DENSITY ALT 573FT FST OBS SLP070
CYAW,2022-06-14 10:20,-63.4994,44.6397,CYAW 141020Z 33007KT 12SM -DZ FEW007 OVC016 15/14 A2974 RMK SF1SC8 DENSITY ALT 585FT SLP070
CYAW,2022-06-14 11:00,-63.4994,44.6397,CYAW 141100Z 33007KT 12SM FEW010 OVC017 15/15 A2974 RMK SF1SC8 DENSITY ALT 600FT SLP071
CYAW,2022-06-14 11:33,-63.4994,44.6397,CYAW 141133Z 32007KT 10SM -DZ SCT009 OVC016 15/14 A2974 RMK SF3SC5 DENSITY ALT 609FT SLP073
CYAW,2022-06-14 11:48,-63.4994,44.6397,CYAW 141148Z 32005KT 5SM -DZ BR BKN008 OVC017 15/14 A2974 RMK SF7SC1 DENSITY ALT 609FT SLP073
CYAW,2022-06-14 12:00,-63.4994,44.6397,CYAW 141200Z 32006KT 3SM -RA BR OVC008 15/15 A2975 RMK SF8 DENSITY ALT 599FT SLP074
CYAW,2022-06-14 12:11,-63.4994,44.6397,CYAW 141211Z 33004KT 2SM -RA BR OVC007 15/15 A2975 RMK SF8 DENSITY ALT 600FT CIG VRB 5-9 SLP074
CYAW,2022-06-14 13:00,-63.4994,44.6397,CYAW 141300Z 33007KT 4SM -DZ BR BKN004 OVC009 16/15 A2973 RMK SF6ST2 DENSITY ALT 700FT SLP069
CYAW,2022-06-14 14:00,-63.4994,44.6397,CYAW 141400Z 32008KT 3SM -DZ BR BKN006 OVC020 16/15 A2973 RMK SF6SC2 DENSITY ALT 712FT SLP067
CYAW,2022-06-14 14:10,-63.4994,44.6397,CYAW 141410Z 33006KT 3SM -RA BR OVC005 16/15 A2973 RMK SF8 DENSITY ALT 713FT SLP067
CYAW,2022-06-14 14:44,-63.4994,44.6397,CYAW 141444Z 32007KT 5SM -DZ BR BKN006 OVC012 16/15 A2973 RMK SF6SC2 DENSITY ALT 725FT SLP067
CYAW,2022-06-14 15:00,-63.4994,44.6397,CYAW 141500Z 32005KT 5SM -DZ BR BKN005 OVC016 16/15 A2972 RMK SF5SC3 DENSITY ALT 730FT SLP066
CYAW,2022-06-14 15:37,-63.4994,44.6397,CYAW 141537Z 30010KT 4SM -RA BR BKN006 OVC014 16/15 A2973 RMK SF7SC1 DENSITY ALT 683FT SLP067
CYAW,2022-06-14 16:00,-63.4994,44.6397,CYAW 141600Z 30007KT 3SM -RA BR BKN006 OVC014 16/15 A2972 RMK SF6SC2 DENSITY ALT 750FT SLP065
CYAW,2022-06-14 17:00,-63.4994,44.6397,CYAW 141700Z 31006KT 3SM -RA BR SCT006 BKN008 OVC017 16/15 A2971 RMK SF4SF2SC2 DENSITY ALT 785FT SLP062
CYAW,2022-06-14 18:00,-63.4994,44.6397,CYAW 141800Z 33009KT 5SM -RA BR BKN008 OVC022 16/15 A2971 RMK SF5SC3 DENSITY ALT 759FT SLP061
CYAW,2022-06-14 18:20,-63.4994,44.6397,CYAW 141820Z 34006KT 6SM -RA BR SCT008 SCT020 OVC055 16/15 A2971 RMK SF3SC1SC4 DENSITY ALT 784FT PCPN VRY LGT SLP060
CYAW,2022-06-14 19:00,-63.4994,44.6397,CYAW 141900Z 35005KT 6SM -RA BR FEW008 SCT020 OVC050 16/15 A2971 RMK SF1SC2SC5 DENSITY ALT 795FT SLP060
CYAW,2022-06-14 20:00,-63.4994,44.6397,CYAW 142000Z 01009KT 8SM -RA FEW008 SCT040 OVC060 16/15 A2971 RMK SF1SC3SC4 DENSITY ALT 753FT SLP061
CYAW,2022-06-14 21:00,-63.4994,44.6397,CYAW 142100Z 36006KT 8SM -RA SCT006 BKN040 OVC080 15/14 A2972 RMK SF3SC3AC2 DENSITY ALT 623FT SLP065
CYAW,2022-06-14 22:00,-63.4994,44.6397,CYAW 142200Z 01008KT 10SM -RA FEW006 BKN040 OVC070 14/13 A2972 RMK SF2SC4AC2 DENSITY ALT 536FT PCPN VRY LGT SLP066
CYAW,2022-06-14 22:50,-63.4994,44.6397,CYAW 142250Z 36014KT 10SM -DZ FEW006 SCT015 BKN040 OVC120 14/13 A2973 RMK SF1SC2SC3AC2 DENSITY ALT 520FT PCPN VRY LGT SLP067
CYAW,2022-06-14 23:00,-63.4994,44.6397,CYAW 142300Z 36011G17KT 10SM -DZ SCT006 SCT040 BKN120 OVC230 14/13 A2973 RMK SF3SC1AC2CI2 DENSITY ALT 507FT PCPN VRY LGT SLP068
CYAW,2022-06-14 23:23,-63.4994,44.6397,CYAW 142323Z 36012KT 15SM SCT010 BKN120 OVC230 14/13 A2973 RMK SC4AC2CI2 DENSITY ALT 482FT SF ASOCTD SLP068
CYAW,2022-06-15 00:00,-63.4994,44.6397,CYAW 150000Z 34011G19KT 15SM SCT015 BKN120 BKN230 13/12 A2973 RMK SF3AC2CI2 DENSITY ALT 391FT SLP068
CYAW,2022-06-15 01:00,-63.4994,44.6397,CYAW 150100Z 34015KT 10SM -DZ FEW005 SCT040 BKN120 BKN230 13/12 A2974 RMK SF1SC3AC2CI1 DENSITY ALT 314FT SLP073
CYAW,2022-06-15 02:00,-63.4994,44.6397,CYAW 150200Z 34013G21KT 5SM -DZ BR SCT015 BKN040 BKN120 13/12 A2975 RMK SF3SC3AC1 DENSITY ALT 250FT SLP074
CYAW,2022-06-15 02:36,-63.4994,44.6397,CYAW 150236Z 36015G22KT 3SM -DZ BR BKN010 OVC040 12/11 A2976 RMK SF7SC1 DENSITY ALT 201FT CIG VRB 7-13 VIS LWR S-W SLP078
CYAW,2022-06-15 03:00,-63.4994,44.6397,CYAW 150300Z 35012G18KT 3SM -DZ BR BKN010 OVC035 12/11 A2976 RMK SF6SC2 DENSITY ALT 201FT CIG VRB 7-13 SLP079
CYAW,2022-06-15 03:14,-63.4994,44.6397,CYAW 150314Z 35012G18KT 4SM -DZ BR BKN010 OVC035 12/11 A2976 RMK SF6SC2 DENSITY ALT 189FT CIG VRB 7-13 SLP078
CYAW,2022-06-15 03:24,-63.4994,44.6397,CYAW 150324Z 36010G16KT 5SM -DZ BR BKN010 OVC030 12/11 A2976 RMK SF6SC2 DENSITY ALT 202FT CIG VRB 7-13 LAST OBS /NEXT 151000 UTC SLP077
CYAW,2022-06-15 10:00,-63.4994,44.6397,CYAW 151000Z 01016KT 15SM FEW015 BKN080 12/11 A2986 RMK SC1AC6 DENSITY ALT 100FT FST OBS SLP112
CYAW,2022-06-15 11:00,-63.4994,44.6397,CYAW 151100Z 01013G18KT 15SM SCT016 BKN040 BKN080 14/11 A2991 RMK SC4SC1AC3 DENSITY ALT 242FT SLP128
CYAW,2022-06-15 11:22,-63.4994,44.6397,CYAW 151122Z 02012G19KT 15SM BKN017 BKN080 14/11 A2992 RMK SC6AC1 DENSITY ALT 243FT SLP133
CYAW,2022-06-15 12:00,-63.4994,44.6397,CYAW 151200Z 01016KT 15SM BKN019 14/11 A2994 RMK SC7 DENSITY ALT 256FT SLP139
CYAW,2022-06-15 13:00,-63.4994,44.6397,CYAW 151300Z 04012G18KT 15SM BKN022 BKN250 15/12 A2996 RMK SC7CI1 DENSITY ALT 359FT SLP147
CYAW,2022-06-15 14:00,-63.4994,44.6397,CYAW 151400Z 04013G21KT 15SM BKN030 BKN250 18/12 A2997 RMK CU5CI2 DENSITY ALT 613FT SLP148
CYAW,2022-06-15 15:00,-63.4994,44.6397,CYAW 151500Z 03012G19KT 15SM BKN037 BKN250 18/12 A2999 RMK CU7CI1 DENSITY ALT 661FT SLP157
CYAW,2022-06-15 16:00,-63.4994,44.6397,CYAW 151600Z 03010G19KT 15SM BKN035 BKN250 20/12 A3001 RMK CU6CI1 DENSITY ALT 803FT SLP164
CYAW,2022-06-15 17:00,-63.4994,44.6397,CYAW 151700Z 05007G15KT 15SM BKN038 BKN250 20/12 A3002 RMK CU5CI1 DENSITY ALT 790FT SLP166
CYAW,2022-06-15 18:00,-63.4994,44.6397,CYAW 151800Z 11008KT 15SM SCT055 SCT250 17/13 A3004 RMK CU3CI1 DENSITY ALT 454FT SLP172
CYAW,2022-06-15 19:00,-63.4994,44.6397,CYAW 151900Z 12008KT 15SM FEW055 SCT220 17/12 A3006 RMK CU2CI1 DENSITY ALT 392FT SLP178
CYAW,2022-06-15 20:00,-63.4994,44.6397,CYAW 152000Z 11005KT 15SM FEW055 SCT220 16/11 A3008 RMK CU2CI1 DENSITY ALT 247FT SLP185
CYAW,2022-06-15 21:00,-63.4994,44.6397,CYAW 152100Z 13006KT 15SM FEW055 FEW220 15/11 A3009 RMK CU1CI1 DENSITY ALT 164FT CU TR SLP189
CYAW,2022-06-15 22:00,-63.4994,44.6397,CYAW 152200Z 14004KT 15SM FEW055 FEW250 15/10 A3010 RMK CF1CI1 DENSITY ALT 84FT SLP195
CYAW,2022-06-15 23:00,-63.4994,44.6397,CYAW 152300Z 00000KT 15SM FEW250 13/09 A3012 RMK CI1 DENSITY ALT -132FT SLP200
CYAW,2022-06-16 00:00,-63.4994,44.6397,CYAW 160000Z 00000KT 15SM FEW250 11/07 A3013 RMK CI1 DENSITY ALT -364FT SLP204
CYAW,2022-06-16 01:00,-63.4994,44.6397,CYAW 160100Z 00000KT 15SM FEW250 09/07 A3014 RMK CI1 DENSITY ALT -620FT SLP208
CYAW,2022-06-16 02:00,-63.4994,44.6397,CYAW 160200Z 00000KT 15SM SKC 08/07 A3015 RMK DENSITY ALT -843FT SLP210
CYAW,2022-06-16 03:00,-63.4994,44.6397,CYAW 160300Z 29003KT 15SM SKC 10/06 A3015 RMK DENSITY ALT -514FT LAST OBS /NEXT 161000 UTC SLP212
CYAW,2022-06-16 10:00,-63.4994,44.6397,CYAW 161000Z 00000KT 15SM FEW230 12/11 A3017 RMK CI1 DENSITY ALT -288FT FST OBS SLP219
CYAW,2022-06-16 11:00,-63.4994,44.6397,CYAW 161100Z 00000KT 15SM FEW250 16/11 A3018 RMK CI1 DENSITY ALT 178FT SLP220
CYAW,2022-06-16 12:00,-63.4994,44.6397,CYAW 161200Z 28005KT 15SM FEW250 16/11 A3018 RMK CI1 DENSITY ALT 166FT SLP221
CYAW,2022-06-16 13:00,-63.4994,44.6397,CYAW 161300Z 25005KT 15SM FEW250 19/11 A3017 RMK CI2 DENSITY ALT 566FT SLP217
CYAW,2022-06-16 14:00,-63.4994,44.6397,CYAW 161400Z 23005KT 15SM FEW250 22/10 A3015 RMK CI2 DENSITY ALT 854FT SLP211
CYAW,2022-06-16 15:00,-63.4994,44.6397,CYAW 161500Z 24004KT 15SM SCT250 23/09 A3014 RMK CI3 DENSITY ALT 998FT SLP206
CYAW,2022-06-16 16:00,-63.4994,44.6397,CYAW 161600Z 24006KT 15SM FEW025 SCT250 24/10 A3013 RMK CU1CI3 DENSITY ALT 1194FT SLP203
CYAW,2022-06-16 17:00,-63.4994,44.6397,CYAW 161700Z 21011KT 15SM FEW050 SCT250 25/11 A3012 RMK CU1CI3 DENSITY ALT 1253FT CONTRAILS SLP199
CYAW,2022-06-16 18:00,-63.4994,44.6397,CYAW 161800Z 22010G15KT 15SM FEW050 BKN250 24/09 A3011 RMK CU1CI4 DENSITY ALT 1188FT SLP196
CYAW,2022-06-16 19:00,-63.4994,44.6397,CYAW 161900Z 21009KT 15SM FEW050 BKN250 23/11 A3009 RMK CU1CS6 DENSITY ALT 1106FT HALO SLP191
CYAW,2022-06-16 20:00,-63.4994,44.6397,CYAW 162000Z 21011KT 15SM FEW050 BKN250 22/11 A3009 RMK SC1CI7 DENSITY ALT 972FT CS ASOCTD HALO SLP189
CYAW,2022-06-16 21:00,-63.4994,44.6397,CYAW 162100Z 22012G17KT 15SM FEW050 BKN250 22/09 A3007 RMK SC1CI7 DENSITY ALT 986FT SLP182
CYAW,2022-06-16 22:00,-63.4994,44.6397,CYAW 162200Z 21007KT 15SM FEW050 FEW150 BKN250 21/09 A3006 RMK SC1AC1CI6 DENSITY ALT 837FT SLP179
CYAW,2022-06-16 23:00,-63.4994,44.6397,CYAW 162300Z 22007G16KT 15SM FEW050 FEW150 BKN250 19/09 A3005 RMK SC1AC1CI6 DENSITY ALT 636FT SC TR SLP175
CYAW,2022-06-17 00:00,-63.4994,44.6397,CYAW 170000Z 23007KT 15SM FEW150 BKN250 17/09 A3004 RMK AC1CI4 DENSITY ALT 450FT SLP172
CYAW,2022-06-17 00:32,-63.4994,44.6397,CYAW 170032Z 23008KT 15SM FEW150 SCT250 16/09 A3004 RMK AC1CI3 DENSITY ALT 340FT LAST OBS /NEXT 171000 UTC SLP173
CYAW,2022-06-17 10:00,-63.4994,44.6397,CYAW 171000Z 19009G15KT 10SM BKN066 OVC250 13/10 A2992 RMK AC7CI1 DENSITY ALT 66FT FST OBS VIRGA S QUAD SLP133
CYAW,2022-06-17 11:00,-63.4994,44.6397,CYAW 171100Z 20011KT 15SM FEW012 OVC062 14/11 A2991 RMK CF1SC8 DENSITY ALT 176FT SLP129
CYAW,2022-06-17 12:00,-63.4994,44.6397,CYAW 171200Z 20011G16KT 15SM OVC058 14/11 A2989 RMK SC8 DENSITY ALT 240FT SLP122
CYAW,2022-06-17 13:00,-63.4994,44.6397,CYAW 171300Z 19015G21KT 15SM FEW012 OVC055 14/11 A2987 RMK CF1SC8 DENSITY ALT 303FT SLP114
CYAW,2022-06-17 14:00,-63.4994,44.6397,CYAW 171400Z 19016G24KT 15SM FEW012 OVC055 15/12 A2985 RMK CF2SC6 DENSITY ALT 385FT SLP109
CYAW,2022-06-17 15:00,-63.4994,44.6397,CYAW 171500Z 18011G16KT 10SM FEW015 FEW030 OVC055 15/12 A2982 RMK CF1CF1SC7 DENSITY ALT 441FT SLP099
CYAW,2022-06-17 16:00,-63.4994,44.6397,CYAW 171600Z 18014G26KT 10SM FEW030 OVC044 15/13 A2980 RMK CF1SC8 DENSITY ALT 530FT SLP092
CYAW,2022-06-17 17:00,-63.4994,44.6397,CYAW 171700Z 19013KT 9SM -SHRA FEW010 BKN028 OVC045 14/13 A2978 RMK SF1SC6SC2 DENSITY ALT 456FT PCPN VRY LGT SLP084
CYAW,2022-06-17 17:27,-63.4994,44.6397,CYAW 171727Z 19015G20KT 9SM FEW010 SCT016 OVC029 15/13 A2976 RMK SF1SC2SC5 DENSITY ALT 541FT SLP079
CYAW,2022-06-17 17:39,-63.4994,44.6397,CYAW 171739Z 19018KT 6SM -SHRA BR FEW010 BKN015 OVC029 15/13 A2976 RMK SF1SC4SC3 DENSITY ALT 519FT SLP077
CYAW,2022-06-17 18:00,-63.4994,44.6397,CYAW 171800Z 19016G22KT 1 1/2SM -SHRA BR OVC009 14/13 A2974 RMK SF8 DENSITY ALT 475FT SLP072
CYAW,2022-06-17 18:19,-63.4994,44.6397,CYAW 171819Z 19017G24KT 3SM -SHRA BR BKN005 OVC011 14/13 A2974 RMK SF6SC2 DENSITY ALT 453FT SLP073
CYAW,2022-06-17 19:00,-63.4994,44.6397,CYAW 171900Z 18015G21KT 5SM -SHRA BR BKN006 OVC011 14/13 A2973 RMK SF6SC2 DENSITY ALT 451FT LAST OBS /NEXT 201000 UTC SLP069
CYAW,2022-06-20 10:00,-63.4994,44.6397,CYAW 201000Z 27005KT 4SM BR BKN010 OVC030 11/11 A2987 RMK SF5SC3 DENSITY ALT -54FT FST OBS SLP116
CYAW,2022-06-20 10:49,-63.4994,44.6397,CYAW 201049Z 00000KT 1SM -DZ BR SCT005 OVC013 11/11 A2988 RMK SF3SF5 DENSITY ALT -65FT VIS VRB 3/4-1 1/4 SLP120
CYAW,2022-06-20 11:00,-63.4994,44.6397,CYAW 201100Z 00000KT 1SM -DZ BR SCT005 OVC013 11/11 A2989 RMK SF3SF5 DENSITY ALT -102FT VIS VRB 3/4-1 1/4 SLP123
CYAW,2022-06-20 11:40,-63.4994,44.6397,CYAW 201140Z 22002KT 8SM -DZ BKN005 OVC018 11/11 A2990 RMK SF6SC2 DENSITY ALT -73FT SLP126
CYAW,2022-06-20 12:00,-63.4994,44.6397,CYAW 201200Z 22005KT 4SM -DZ BR BKN006 OVC018 12/11 A2991 RMK SF5SC3 DENSITY ALT -58FT SLP128
CYAW,2022-06-20 12:47,-63.4994,44.6397,CYAW 201247Z 23005KT 8SM FEW006 BKN030 OVC050 12/11 A2991 RMK SF1SC4SC3 DENSITY ALT -49FT SLP129
CYAW,2022-06-20 13:00,-63.4994,44.6397,CYAW 201300Z 24005KT 10SM FEW008 BKN020 OVC040 12/11 A2991 RMK SF2SC4SC2 DENSITY ALT -13FT SLP130
CYAW,2022-06-20 14:00,-63.4994,44.6397,CYAW 201400Z 18008KT 15SM FEW008 BKN040 BKN080 14/12 A2992 RMK CF1SC5AC1 DENSITY ALT 290FT SLP134
CYAW,2022-06-20 15:00,-63.4994,44.6397,CYAW 201500Z 18009KT 15SM FEW008 BKN020 BKN080 14/09 A2993 RMK CF1SC5AC1 DENSITY ALT 200FT SLP136
CYAW,2022-06-20 16:00,-63.4994,44.6397,CYAW 201600Z 18010KT 15SM BKN020 BKN080 14/09 A2993 RMK SC5AC1 DENSITY ALT 243FT SLP137
CYAW,2022-06-20 17:00,-63.4994,44.6397,CYAW 201700Z 17013KT 15SM SCT030 SCT250 15/10 A2995 RMK SC4CI1 DENSITY ALT 287FT SLP141
CYAW,2022-06-20 18:00,-63.4994,44.6397,CYAW 201800Z 16014KT 15SM BKN032 BKN250 14/10 A2995 RMK CU5CI1 DENSITY ALT 231FT SLP143
CYAW,2022-06-20 19:00,-63.4994,44.6397,CYAW 201900Z 18011KT 15SM BKN036 BKN250 14/10 A2996 RMK CU6CI1 DENSITY ALT 220FT SLP146
CYAW,2022-06-20 20:00,-63.4994,44.6397,CYAW 202000Z 17011G16KT 15SM SCT037 SCT250 14/10 A2997 RMK CU3CI1 DENSITY ALT 157FT SLP150
CYAW,2022-06-20 21:00,-63.4994,44.6397,CYAW 202100Z 16010KT 15SM FEW037 SCT150 14/10 A2998 RMK CU1AC2 DENSITY ALT 138FT SLP153
CYAW,2022-06-20 22:00,-63.4994,44.6397,CYAW 202200Z 21008KT 15SM FEW020 SCT040 13/10 A3000 RMK CU1SC2 DENSITY ALT 14FT SLP159
CYAW,2022-06-20 23:00,-63.4994,44.6397,CYAW 202300Z 21006KT 15SM FEW020 BKN043 13/10 A3002 RMK CU1SC5 DENSITY ALT -67FT SLP166
CYAW,2022-06-21 00:00,-63.4994,44.6397,CYAW 210000Z 20006KT 15SM FEW016 BKN045 12/10 A3003 RMK CU1SC6 DENSITY ALT -99FT SLP170
CYAW,2022-06-21 01:00,-63.4994,44.6397,CYAW 210100Z 22004KT 15SM FEW025 BKN055 12/10 A3004 RMK CF1SC7 DENSITY ALT -171FT SLP174
CYAW,2022-06-21 02:00,-63.4994,44.6397,CYAW 210200Z 20005KT 15SM FEW025 BKN055 12/10 A3005 RMK CF1SC6 DENSITY ALT -207FT SLP176
CYAW,2022-06-21 03:00,-63.4994,44.6397,CYAW 210300Z 21004KT 15SM FEW015 BKN055 11/10 A3005 RMK CF1SC5 DENSITY ALT -241FT SLP178
CYAW,2022-06-21 03:25,-63.4994,44.6397,CYAW 210325Z 22005KT 15SM BKN016 12/10 A3006 RMK SC6 DENSITY ALT -242FT LAST OBS /NEXT 211000 UTC SLP179
CYAW,2022-06-21 10:00,-63.4994,44.6397,CYAW 211000Z 00000KT 15SM FEW005 SCT015 BKN040 11/11 A3012 RMK CF1SC4SC3 DENSITY ALT -313FT FST OBS SLP200
CYAW,2022-06-21 11:00,-63.4994,44.6397,CYAW 211100Z 00000KT 15SM FEW006 BKN018 BKN050 12/11 A3014 RMK SF2SC3SC2 DENSITY ALT -248FT SLP206
CYAW,2022-06-21 11:35,-63.4994,44.6397,CYAW 211135Z 00000KT 8SM -DZ SCT008 BKN018 BKN050 13/11 A3014 RMK SF3SC3SC1 DENSITY ALT -192FT VIS LWR N-E SLP208
CYAW,2022-06-21 11:53,-63.4994,44.6397,CYAW 211153Z 00000KT 12SM FEW008 BKN015 BKN045 13/11 A3014 RMK SF2SC3SC2 DENSITY ALT -129FT SLP208
CYAW,2022-06-21 12:00,-63.4994,44.6397,CYAW 211200Z 00000KT 15SM FEW008 BKN015 BKN045 13/11 A3014 RMK SF2SC3SC2 DENSITY ALT -105FT SLP208
CYAW,2022-06-21 13:00,-63.4994,44.6397,CYAW 211300Z 00000KT 15SM BKN020 BKN050 14/11 A3014 RMK SC5SC2 DENSITY ALT -40FT SLP208
CYAW,2022-06-21 14:00,-63.4994,44.6397,CYAW 211400Z 16006KT 15SM BKN018 BKN030 14/11 A3015 RMK SC6SC1 DENSITY ALT 14FT SLP210
CYAW,2022-06-21 15:00,-63.4994,44.6397,CYAW 211500Z 16007KT 15SM FEW008 SCT020 BKN040 15/11 A3015 RMK CF1SC4SC2 DENSITY ALT 33FT SLP211
CYAW,2022-06-21 16:00,-63.4994,44.6397,CYAW 211600Z 17009KT 15SM FEW008 BKN030 BKN050 15/10 A3016 RMK CF1SC5SC1 DENSITY ALT 110FT SLP214
CYAW,2022-06-21 17:00,-63.4994,44.6397,CYAW 211700Z 18008KT 15SM SCT040 BKN050 14/10 A3018 RMK SC4SC2 DENSITY ALT -40FT SLP220
CYAW,2022-06-21 18:00,-63.4994,44.6397,CYAW 211800Z 18009KT 15SM FEW042 BKN060 15/10 A3017 RMK CU1SC4 DENSITY ALT 29FT SLP218
CYAW,2022-06-21 19:00,-63.4994,44.6397,CYAW 211900Z 16008KT 15SM FEW044 BKN058 15/11 A3017 RMK CU1SC4 DENSITY ALT 60FT SLP219
CYAW,2022-06-21 20:00,-63.4994,44.6397,CYAW 212000Z 16007KT 15SM FEW030 BKN044 15/10 A3018 RMK SC1SC6 DENSITY ALT 15FT SLP221
CYAW,2022-06-21 21:00,-63.4994,44.6397,CYAW 212100Z 16006KT 15SM FEW010 FEW030 BKN047 14/10 A3019 RMK SF1SC1SC6 DENSITY ALT -83FT SLP223
CYAW,2022-06-21 22:00,-63.4994,44.6397,CYAW 212200Z 16006KT 15SM FEW010 FEW030 BKN050 14/09 A3019 RMK SF1SC1SC5 DENSITY ALT -109FT SLP225
CYAW,2022-06-21 23:00,-63.4994,44.6397,CYAW 212300Z 15005KT 15SM FEW030 SCT050 14/10 A3020 RMK SC1SC2 DENSITY ALT -141FT SLP228
CYAW,2022-06-22 00:00,-63.4994,44.6397,CYAW 220000Z 00000KT 15SM FEW020 FEW050 FEW250 12/10 A3021 RMK CU1SC2CI1 DENSITY ALT -415FT SLP230
CYAW,2022-06-22 01:00,-63.4994,44.6397,CYAW 220100Z 00000KT 15SM FEW020 SCT046 13/11 A3023 RMK CU1SC3 DENSITY ALT -311FT SLP237
CYAW,2022-06-22 02:00,-63.4994,44.6397,CYAW 220200Z 00000KT 15SM SCT047 13/11 A3024 RMK SC4 DENSITY ALT -309FT SLP240
CYAW,2022-06-22 03:00,-63.4994,44.6397,CYAW 220300Z 00000KT 15SM FEW047 12/11 A3024 RMK SC1 DENSITY ALT -381FT SLP240
CYAW,2022-06-22 03:18,-63.4994,44.6397,CYAW 220318Z 00000KT 15SM FEW047 12/11 A3024 RMK SC1 DENSITY ALT -394FT LAST OBS /NEXT 221000 UTC SLP241
CYAW,2022-06-22 10:00,-63.4994,44.6397,CYAW 221000Z 00000KT 15SM BKN006 BKN100 12/11 A3026 RMK SF7AC1 DENSITY ALT -446FT FST OBS SLP248
CYAW,2022-06-22 10:28,-63.4994,44.6397,CYAW 221028Z 00000KT 15SM SCT009 BKN014 12/12 A3027 RMK SF3SC4 DENSITY ALT -354FT SLP250
CYAW,2022-06-22 11:00,-63.4994,44.6397,CYAW 221100Z 10004KT 15SM SCT010 BKN015 13/11 A3026 RMK SF3SC3 DENSITY ALT -233FT SLP249
CYAW,2022-06-22 12:00,-63.4994,44.6397,CYAW 221200Z 13006KT 15SM BKN015 BKN030 14/11 A3027 RMK CU5SC1 DENSITY ALT -169FT SLP250
CYAW,2022-06-22 13:00,-63.4994,44.6397,CYAW 221300Z 13007KT 15SM BKN017 BKN025 15/11 A3026 RMK CU6SC1 DENSITY ALT -36FT SLP249
CYAW,2022-06-22 14:00,-63.4994,44.6397,CYAW 221400Z 11010KT 15SM BKN013 BKN017 15/12 A3027 RMK CU5SC2 DENSITY ALT -104FT SLP251
CYAW,2022-06-22 15:00,-63.4994,44.6397,CYAW 221500Z 12008KT 15SM BKN013 BKN017 15/12 A3027 RMK CU5SC1 DENSITY ALT -6FT SLP252
CYAW,2022-06-22 16:00,-63.4994,44.6397,CYAW 221600Z 15005KT 15SM BKN013 BKN025 15/12 A3028 RMK CU6SC1 DENSITY ALT -76FT SLP254
CYAW,2022-06-22 17:00,-63.4994,44.6397,CYAW 221700Z 13007KT 15SM SCT013 15/12 A3026 RMK CU4 DENSITY ALT -65FT SLP249
CYAW,2022-06-22 18:00,-63.4994,44.6397,CYAW 221800Z 15008KT 15SM SCT013 16/12 A3026 RMK CU3 DENSITY ALT 59FT SLP248
CYAW,2022-06-22 19:00,-63.4994,44.6397,CYAW 221900Z 16007KT 15SM FEW013 16/12 A3025 RMK CU2 DENSITY ALT 127FT SLP246
CYAW,2022-06-22 20:00,-63.4994,44.6397,CYAW 222000Z 13006KT 15SM FEW013 15/12 A3024 RMK CU1 DENSITY ALT 40FT SLP242
CYAW,2022-06-22 21:00,-63.4994,44.6397,CYAW 222100Z 16008KT 15SM FEW013 15/12 A3024 RMK CU1 DENSITY ALT -56FT SLP242
CYAW,2022-06-22 22:00,-63.4994,44.6397,CYAW 222200Z 17006KT 15SM FEW013 15/12 A3024 RMK CF1 DENSITY ALT -45FT SLP240
CYAW,2022-06-22 23:00,-63.4994,44.6397,CYAW 222300Z 14004KT 15SM FEW013 14/12 A3023 RMK CU1 DENSITY ALT -123FT SLP238
CYAW,2022-06-23 00:00,-63.4994,44.6397,CYAW 230000Z 00000KT 15SM SCT006 BKN015 12/12 A3023 RMK SC3SC3 DENSITY ALT -322FT LAST OBS /NEXT 230900 UTC SLP238
CYAW,2022-06-23 09:00,-63.4994,44.6397,CYAW 230900Z 00000KT 1/8SM FG VV002 10/10 A3020 RMK FG8 DENSITY ALT -572FT FST OBS SLP227
CYAW,2022-06-23 09:24,-63.4994,44.6397,CYAW 230924Z 00000KT 1/8SM -DZ FG VV002 10/10 A3020 RMK FG8 DENSITY ALT -546FT SLP229
CYAW,2022-06-23 10:00,-63.4994,44.6397,CYAW 231000Z 00000KT 1/4SM -DZ FG OVC002 11/11 A3019 RMK FG4ST4 DENSITY ALT -482FT CIG PDMTLY TRANSPARENT SLP225
CYAW,2022-06-23 10:20,-63.4994,44.6397,CYAW 231020Z 00000KT 1/2SM FG OVC002 11/11 A3020 RMK FG4ST4 DENSITY ALT -480FT VIS VRB 1/4-3/4 CIG PDMTLY TRANSPARENT SLP227
CYAW,2022-06-23 11:00,-63.4994,44.6397,CYAW 231100Z 00000KT 1 1/4SM BR OVC003 12/12 A3020 RMK SF8 DENSITY ALT -387FT VIS VRB 3/4-2 CIG PDMTLY TRANSPARENT SLP229
CYAW,2022-06-23 11:27,-63.4994,44.6397,CYAW 231127Z 00000KT 8SM BKN004 12/12 A3021 RMK SF7 DENSITY ALT -359FT CIG PDMTLY TRANSPARENT VIS LWR S-W FG OVR APPROACHES SLP231
CYAW,2022-06-23 12:00,-63.4994,44.6397,CYAW 231200Z 00000KT 15SM SCT005 SCT250 13/13 A3020 RMK SF4CI1 DENSITY ALT -203FT VIS LWR S-W FG OVR APPROACHES SLP228
CYAW,2022-06-23 13:00,-63.4994,44.6397,CYAW 231300Z 00000KT 15SM FEW005 FEW250 16/13 A3020 RMK SF1CI2 DENSITY ALT -67FT SLP228
CYAW,2022-06-23 14:00,-63.4994,44.6397,CYAW 231400Z 00000KT 15SM FEW005 SCT250 18/12 A3018 RMK ST1CI4 DENSITY ALT 462FT SLP220
CYAW,2022-06-23 15:00,-63.4994,44.6397,CYAW 231500Z 19004KT 15SM FEW005 FEW030 SCT250 19/13 A3018 RMK ST1SC1CI3 DENSITY ALT 595FT SLP219
CYAW,2022-06-23 16:00,-63.4994,44.6397,CYAW 231600Z 15005KT 15SM FEW030 SCT250 21/10 A3017 RMK CF1CI3 DENSITY ALT 750FT SLP217
CYAW,2022-06-23 17:00,-63.4994,44.6397,CYAW 231700Z 17010KT 15SM FEW030 SCT250 19/13 A3017 RMK SC1CI3 DENSITY ALT 541FT SLP216
CYAW,2022-06-23 18:00,-63.4994,44.6397,CYAW 231800Z 15007KT 15SM FEW030 SCT250 19/10 A3015 RMK SC1CI3 DENSITY ALT 585FT SLP209
CYAW,2022-06-23 19:00,-63.4994,44.6397,CYAW 231900Z 16010KT 15SM FEW030 FEW170 BKN250 19/10 A3015 RMK CF1AC2CI3 DENSITY ALT 523FT SLP210
CYAW,2022-06-23 20:00,-63.4994,44.6397,CYAW 232000Z 17007KT 15SM FEW030 SCT170 BKN250 19/11 A3014 RMK SC1AC3CI2 DENSITY ALT 595FT SLP208
CYAW,2022-06-23 21:00,-63.4994,44.6397,CYAW 232100Z 12007KT 15SM FEW030 SCT170 BKN250 19/13 A3013 RMK SC1AC3CI2 DENSITY ALT 654FT FG OVR APPROACHES SLP203
CYAW,2022-06-23 22:00,-63.4994,44.6397,CYAW 232200Z 12005KT 15SM SCT120 BKN250 18/14 A3012 RMK AC4CI2 DENSITY ALT 475FT FG OVR APPROACHES SLP200
CYAW,2022-06-23 23:00,-63.4994,44.6397,CYAW 232300Z 12003KT 15SM FEW012 BKN120 BKN250 17/14 A3012 RMK SC1AC4CI1 DENSITY ALT 386FT FG OVR APPROACHES SLP199
CYAW,2022-06-23 23:49,-63.4994,44.6397,CYAW 232349Z 00000KT 10SM SCT006 BKN018 BKN090 15/14 A3012 RMK SF3SC2AC2 DENSITY ALT 148FT FG OVR APPROACHES SLP199
CYAW,2022-06-24 00:00,-63.4994,44.6397,CYAW 240000Z 00000KT 10SM BKN005 BKN018 BKN090 15/14 A3012 RMK SF5SC1AC1 DENSITY ALT 149FT CIG VRB 3-7 SLP201
CYAW,2022-06-24 00:14,-63.4994,44.6397,CYAW 240014Z 09003KT 10SM BKN003 BKN090 15/14 A3012 RMK SF7AC1 DENSITY ALT 149FT CIG VRB 2-4 LAST OBS /NEXT 241100 UTC SLP201
CYAW,2022-06-24 11:00,-63.4994,44.6397,CYAW 241100Z 13011G17KT 3/4SM -RA BR OVC002 16/16 A3004 RMK ST8 DENSITY ALT 392FT FST OBS SLP172
CYAW,2022-06-24 12:00,-63.4994,44.6397,CYAW 241200Z 13007KT 1SM -RA BR OVC002 17/17 A3003 RMK ST8 DENSITY ALT 497FT VIS VRB 3/4-1 1/2 SLP171
CYAW,2022-06-24 13:00,-63.4994,44.6397,CYAW 241300Z 10008KT 1SM -RA BR OVC002 17/16 A3001 RMK ST8 DENSITY ALT 505FT VIS VRB 3/4-1 1/2 SLP164
CYAW,2022-06-24 13:45,-63.4994,44.6397,CYAW 241345Z 12009G15KT 1SM RA BR OVC002 17/17 A3001 RMK ST8 DENSITY ALT 547FT VIS VRB 3/4-1 1/2 SLP161
CYAW,2022-06-24 14:00,-63.4994,44.6397,CYAW 241400Z 11011KT 1SM RA BR OVC002 17/17 A3000 RMK SF8 DENSITY ALT 546FT VIS VRB 3/4-1 1/2 SLP158
CYAW,2022-06-24 14:10,-63.4994,44.6397,CYAW 241410Z 11006KT 1 1/2SM RA BR OVC002 17/17 A2999 RMK SF8 DENSITY ALT 556FT LAST OBS /NEXT 271000 UTC SLP156
CYAW,2022-06-27 10:00,-63.4994,44.6397,CYAW 271000Z 20010KT 1/2SM -DZ FG VV002 14/14 A3010 RMK FG8 DENSITY ALT 111FT VIS VRB 1/4-3/4 FST OBS SLP193
CYAW,2022-06-27 11:00,-63.4994,44.6397,CYAW 271100Z 20007KT 3/4SM -DZ BR OVC002 14/14 A3010 RMK ST8 DENSITY ALT 84FT SLP192
CYAW,2022-06-27 12:00,-63.4994,44.6397,CYAW 271200Z 22005KT 1 1/4SM -DZ BR OVC002 15/15 A3011 RMK SF8 DENSITY ALT 164FT VIS VRB 3/4-2 SLP195
CYAW,2022-06-27 12:16,-63.4994,44.6397,CYAW 271216Z 19004KT 5SM BR OVC002 15/15 A3010 RMK SF8 DENSITY ALT 201FT SLP193
CYAW,2022-06-27 13:00,-63.4994,44.6397,CYAW 271300Z 18006KT 4SM -DZ BR OVC002 16/15 A3009 RMK SF8 DENSITY ALT 304FT VIS LWR S QUAD SLP189
CYAW,2022-06-27 13:23,-63.4994,44.6397,CYAW 271323Z 18009KT 7SM BKN004 OVC013 17/16 A3008 RMK SF7SC1 DENSITY ALT 444FT SLP186
CYAW,2022-06-27 14:00,-63.4994,44.6397,CYAW 271400Z 16008KT 7SM FEW001 BKN003 OVC010 17/16 A3007 RMK SF1SF7SC1 DENSITY ALT 489FT VIS LWR SE SLP184
CYAW,2022-06-27 14:28,-63.4994,44.6397,CYAW 271428Z 18009KT 10SM FEW003 OVC006 17/16 A3008 RMK SF2SF6 DENSITY ALT 440FT SLP185
CYAW,2022-06-27 15:00,-63.4994,44.6397,CYAW 271500Z 17007KT 8SM OVC004 17/16 A3007 RMK SF8 DENSITY ALT 516FT SLP184
CYAW,2022-06-27 15:23,-63.4994,44.6397,CYAW 271523Z 17009KT 5SM -DZ BR OVC003 17/16 A3007 RMK SF8 DENSITY ALT 519FT CIG VRB 2-4 SLP183
CYAW,2022-06-27 16:00,-63.4994,44.6397,CYAW 271600Z 19011KT 6SM BR BKN004 OVC010 17/16 A3007 RMK SF7SC1 DENSITY ALT 531FT SLP183
CYAW,2022-06-27 16:13,-63.4994,44.6397,CYAW 271613Z 19010KT 4SM BR OVC002 17/17 A3006 RMK SF8 DENSITY ALT 544FT SLP181
CYAW,2022-06-27 16:44,-63.4994,44.6397,CYAW 271644Z 19011KT 6SM BR OVC004 18/17 A3006 RMK SF8 DENSITY ALT 621FT SLP178
CYAW,2022-06-27 17:00,-63.4994,44.6397,CYAW 271700Z 20012KT 8SM BKN004 BKN250 19/17 A3005 RMK SF5CI1 DENSITY ALT 767FT SLP176
CYAW,2022-06-27 17:06,-63.4994,44.6397,CYAW 271706Z 20012KT 8SM SCT005 BKN250 19/17 A3005 RMK SF3CI2 DENSITY ALT 802FT SLP175
CYAW,2022-06-27 18:00,-63.4994,44.6397,CYAW 271800Z 19011KT 15SM SCT005 BKN010 BKN250 20/17 A3003 RMK SF3SF2CI1 DENSITY ALT 847FT SLP171
CYAW,2022-06-27 19:00,-63.4994,44.6397,CYAW 271900Z 18010G18KT 10SM SCT005 BKN010 BKN250 19/17 A3002 RMK SF3SF2CI1 DENSITY ALT 725FT SLP167
CYAW,2022-06-27 19:48,-63.4994,44.6397,CYAW 271948Z 19011G19KT 10SM SCT008 SCT180 BKN250 19/17 A3001 RMK SF3AC1CI3 DENSITY ALT 848FT SLP163
CYAW,2022-06-27 20:00,-63.4994,44.6397,CYAW 272000Z 19014G20KT 10SM FEW008 FEW180 BKN250 20/18 A3001 RMK SF2AC1CI4 DENSITY ALT 933FT SLP162
CYAW,2022-06-27 21:00,-63.4994,44.6397,CYAW 272100Z 19015G21KT 10SM FEW008 SCT180 BKN250 20/18 A3000 RMK SF1AC3CI3 DENSITY ALT 946FT CC ASOCTD SLP158
CYAW,2022-06-27 22:00,-63.4994,44.6397,CYAW 272200Z 20016G26KT 10SM FEW008 SCT180 BKN250 19/17 A3000 RMK SF1AC4CI3 DENSITY ALT 849FT CC ASOCTD SLP158
CYAW,2022-06-27 23:00,-63.4994,44.6397,CYAW 272300Z 20016G25KT 10SM -SHRA FEW008 BKN090 BKN180 BKN250 18/17 A3001 RMK SF2AC4AC1CI1 DENSITY ALT 689FT SLP161
CYAW,2022-06-27 23:43,-63.4994,44.6397,CYAW 272343Z 19013KT 8SM -SHRA BKN010 BKN090 17/17 A3001 RMK SC6AC1 DENSITY ALT 607FT SLP162
CYAW,2022-06-28 00:00,-63.4994,44.6397,CYAW 280000Z 18008G15KT 8SM -SHRA BKN007 OVC012 17/17 A3001 RMK SF5SC3 DENSITY ALT 567FT SLP161
CYAW,2022-06-28 00:21,-63.4994,44.6397,CYAW 280021Z 20011KT 8SM BKN007 OVC012 17/17 A3001 RMK SF5SC3 DENSITY ALT 607FT LAST OBS /NEXT 281000 UTC SLP161
CYAW,2022-06-28 10:00,-63.4994,44.6397,CYAW 281000Z 21012G18KT 1SM -DZ BR OVC002 17/17 A3001 RMK SF8 DENSITY ALT 572FT VIS VRB 3/4-1 1/2 FST OBS SLP163
CYAW,2022-06-28 11:00,-63.4994,44.6397,CYAW 281100Z 21011KT 3/4SM -DZ BR OVC001 17/17 A3002 RMK ST8 DENSITY ALT 562FT SLP166
CYAW,2022-06-28 12:00,-63.4994,44.6397,CYAW 281200Z CCA 20011KT 1SM -DZ BR OVC002 17/17 A3002 RMK SF8 DENSITY ALT 549FT VIS VRB 3/4-1 1/2 CIG VRB 1-3 SLP167
CYAW,2022-06-28 12:22,-63.4994,44.6397,CYAW 281222Z 19009G15KT 3SM -DZ BR OVC002 17/17 A3002 RMK SF8 DENSITY ALT 587FT VIS LWR SE QUAD SLP166
CYAW,2022-06-28 13:00,-63.4994,44.6397,CYAW 281300Z 19012KT 3/4SM -DZ BR OVC001 17/17 A3003 RMK SF8 DENSITY ALT 524FT VIS HYR W SLP169
CYAW,2022-06-28 13:16,-63.4994,44.6397,CYAW 281316Z 20008G15KT 4SM BR OVC001 17/17 A3003 RMK SF8 DENSITY ALT 549FT VIS LWR NE-SE SLP169
CYAW,2022-06-28 13:40,-63.4994,44.6397,CYAW 281340Z 21008KT 5SM BR OVC003 18/17 A3003 RMK SF8 DENSITY ALT 611FT SLP169
CYAW,2022-06-28 14:00,-63.4994,44.6397,CYAW 281400Z 22005KT 6SM BR OVC004 18/17 A3003 RMK SF8 DENSITY ALT 663FT SLP170
CYAW,2022-06-28 15:00,-63.4994,44.6397,CYAW 281500Z 20009KT 5SM BR OVC004 17/17 A3004 RMK SF8 DENSITY ALT 571FT CIG VRB 3-5 SLP174
CYAW,2022-06-28 16:00,-63.4994,44.6397,CYAW 281600Z 21006KT 3SM -SHRA BR OVC003 17/17 A3005 RMK SF8 DENSITY ALT 520FT PCPN VRY LGT SLP176
CYAW,2022-06-28 17:00,-63.4994,44.6397,CYAW 281700Z 21005KT 5SM -SHRA BR OVC003 17/16 A3004 RMK SF8 DENSITY ALT 506FT SLP172
CYAW,2022-06-28 18:00,-63.4994,44.6397,CYAW 281800Z 24007KT 5SM -SHRA BR BKN003 OVC007 17/17 A3007 RMK SF5SF3 DENSITY ALT 485FT SLP183
CYAW,2022-06-28 19:00,-63.4994,44.6397,CYAW 281900Z 21006KT 5SM -SHRA BR BKN005 BKN030 OVC050 18/17 A3007 RMK SF5SC2SC1 DENSITY ALT 599FT PCPN VRY LGT SLP184
CYAW,2022-06-28 19:24,-63.4994,44.6397,CYAW 281924Z 00000KT 10SM FEW005 BKN020 BKN045 BKN220 18/17 A30 06 RMK SF2SC3SC2CI1 DENSITY ALT 639FT SLP181
CYAW,2022-06-28 20:00,-63.4994,44.6397,CYAW 282000Z 16006KT 10SM SCT007 BKN015 BKN045 BKN220 19/18 A3007 RMK SF4SC2SC1CI1 DENSITY ALT 714FT CI TR SLP182
CYAW,2022-06-28 21:00,-63.4994,44.6397,CYAW 282100Z 18006KT 12SM FEW007 SCT015 BKN040 18/17 A3006 RMK SF1SC2SC4 DENSITY ALT 674FT SLP181
CYAW,2022-06-28 22:00,-63.4994,44.6397,CYAW 282200Z 22004KT 12SM FEW007 SCT035 BKN130 BKN220 19/17 A3006 RMK SF1SC3AC2CI1 DENSITY ALT 764FT SLP181
CYAW,2022-06-28 23:00,-63.4994,44.6397,CYAW 282300Z 20004KT 15SM FEW012 FEW150 SCT220 19/17 A3008 RMK CF1AC2CI1 DENSITY ALT 681FT CC ASOCTD SLP186
CYAW,2022-06-29 00:00,-63.4994,44.6397,CYAW 290000Z 17006KT 15SM FEW012 SCT150 SCT220 16/16 A3009 RMK CU1AC3CI1 DENSITY ALT 377FT SLP191
CYAW,2022-06-29 01:00,-63.4994,44.6397,CYAW 290100Z 21006KT 12SM FEW007 FEW012 SCT130 16/15 A3013 RMK CF1CU1AC3 DENSITY ALT 244FT SLP202
CYAW,2022-06-29 01:42,-63.4994,44.6397,CYAW 290142Z 21004KT 12SM FEW007 FEW012 SCT130 15/15 A3014 RMK CF1CU1AC3 DENSITY ALT 163FT LAST OBS /NEXT 291000 UTC SLP207
CYAW,2022-06-29 10:00,-63.4994,44.6397,CYAW 291000Z 00000KT 15SM FEW010 FEW250 15/15 A3020 RMK SF1CI1 DENSITY ALT 48FT FST OBS SLP228
CYAW,2022-06-29 11:00,-63.4994,44.6397,CYAW 291100Z 32005KT 15SM FEW010 FEW250 18/15 A3021 RMK SF1CI1 DENSITY ALT 373FT SLP229
CYAW,2022-06-29 12:00,-63.4994,44.6397,CYAW 291200Z 00000KT 15SM SCT250 19/16 A3022 RMK CI3 DENSITY ALT 560FT SLP233
CYAW,2022-06-29 13:00,-63.4994,44.6397,CYAW 291300Z 00000KT 15SM BKN250 21/16 A3021 RMK CI5 DENSITY ALT 779FT SLP230
CYAW,2022-06-29 14:00,-63.4994,44.6397,CYAW 291400Z 17006KT 15SM FEW020 BKN250 21/17 A3021 RMK CF1CI6 DENSITY ALT 762FT SLP231
CYAW,2022-06-29 15:00,-63.4994,44.6397,CYAW 291500Z 18005KT 15SM FEW020 SCT250 22/16 A3022 RMK CU1CI3 DENSITY ALT 856FT SLP232
CYAW,2022-06-29 16:00,-63.4994,44.6397,CYAW 291600Z 16010KT 15SM FEW020 BKN250 20/15 A3022 RMK CU1CI5 DENSITY ALT 608FT SLP235
CYAW,2022-06-29 17:00,-63.4994,44.6397,CYAW 291700Z 16008KT 15SM FEW020 SCT180 BKN250 22/14 A3021 RMK CU1AC2CI4 DENSITY ALT 903FT SLP231
CYAW,2022-06-29 18:00,-63.4994,44.6397,CYAW 291800Z 19007KT 15SM FEW020 SCT180 BKN220 22/14 A3021 RMK CU1AC4CI3 DENSITY ALT 926FT SLP229
CYAW,2022-06-29 19:00,-63.4994,44.6397,CYAW 291900Z 18010KT 15SM FEW020 BKN180 OVC250 22/14 A3021 RMK CU1AC5CI2 DENSITY ALT 868FT SLP229
CYAW,2022-06-29 20:00,-63.4994,44.6397,CYAW 292000Z 20005KT 15SM FEW020 SCT180 OVC250 22/15 A3020 RMK CU1AC3CI4 DENSITY ALT 884FT CS ASOCTD SLP226
CYAW,2022-06-29 21:00,-63.4994,44.6397,CYAW 292100Z 18006KT 15SM FEW020 FEW180 BKN250 22/15 A3018 RMK CU1AC2CI5 DENSITY ALT 917FT SLP221
CYAW,2022-06-29 22:00,-63.4994,44.6397,CYAW 292200Z 17006KT 15SM BKN250 20/14 A3017 RMK CI7 DENSITY ALT 715FT SLP215
CYAW,2022-06-29 23:00,-63.4994,44.6397,CYAW 292300Z 18004KT 15SM BKN250 19/15 A3017 RMK CI5 DENSITY ALT 532FT SLP215
CYAW,2022-06-30 00:00,-63.4994,44.6397,CYAW 300000Z 20006KT 15SM FEW024 FEW180 FEW250 18/12 A3017 RMK CU1AC1CI2 DENSITY ALT 420FT SLP216
CYAW,2022-06-30 01:00,-63.4994,44.6397,CYAW 300100Z 00000KT 15SM FEW180 FEW250 15/14 A3017 RMK AC1CI1 DENSITY ALT 59FT SLP218
CYAW,2022-06-30 01:33,-63.4994,44.6397,CYAW 300133Z 18005KT 15SM FEW250 15/14 A3017 RMK CI1 DENSITY ALT 90FT LAST OBS /NEXT 301000 UTC SLP218
CYAW,2022-06-30 10:00,-63.4994,44.6397,CYAW 301000Z 00000KT 3SM BR FEW001 SCT060 SCT250 13/13 A3010 RMK SF1SC3CI1 DENSITY ALT -114FT FG BANK E QUAD VIS 1/2 FST OBS SLP193
CYAW,2022-06-30 10:11,-63.4994,44.6397,CYAW 301011Z 00000KT 1/2SM FG BKN060 BKN250 13/13 A3010 RMK FG2SC3CI1 DENSITY ALT -88FT SLP192
CYAW,2022-06-30 10:34,-63.4994,44.6397,CYAW 301034Z 00000KT 3SM BR FEW002 BKN060 BKN250 14/14 A3009 RMK SF2SC3CI1 DENSITY ALT 96FT SLP191
CYAW,2022-06-30 11:00,-63.4994,44.6397,CYAW 301100Z 00000KT 8SM FEW002 FEW060 FEW250 15/15 A3009 RMK SF1SC2CI1 DENSITY ALT 190FT FG BANK S QUAD SLP189
CYAW,2022-06-30 12:00,-63.4994,44.6397,CYAW 301200Z 21003KT 10SM FEW002 FEW060 FEW250 17/16 A3008 RMK SF1SC1CI1 DENSITY ALT 497FT FG OVR APPROACHES SLP186
CYAW,2022-06-30 13:00,-63.4994,44.6397,CYAW 301300Z 00000KT 15SM FEW050 FEW160 FEW250 19/15 A3006 RMK CU1AC1CI2 DENSITY ALT 707FT SLP181
CYAW,2022-06-30 14:00,-63.4994,44.6397,CYAW 301400Z 00000KT 15SM FEW050 FEW160 FEW250 21/13 A3006 RMK CU1AC1CI1 DENSITY ALT 920FT CB TOP DIST W SLP178
CYAW,2022-06-30 15:00,-63.4994,44.6397,CYAW 301500Z 15009KT 15SM FEW060 FEW160 FEW250 21/13 A3005 RMK CU1AC1CI1 DENSITY ALT 879FT TCU TOPS DIST W SLP176
CYAW,2022-06-30 16:00,-63.4994,44.6397,CYAW 301600Z 16008KT 15SM SCT032 BKN250 22/13 A3003 RMK CU4CI1 DENSITY ALT 1025FT SLP170
CYAW,2022-06-30 17:00,-63.4994,44.6397,CYAW 301700Z 17010KT 15SM BKN050 BKN250 23/14 A3001 RMK CU5CI1 DENSITY ALT 1259FT SLP164
CYAW,2022-06-30 18:00,-63.4994,44.6397,CYAW 301800Z 19014G19KT 15SM SCT050 BKN250 24/13 A3000 RMK CU3CI2 DENSITY ALT 1303FT SLP159
CYAW,2022-06-30 19:00,-63.4994,44.6397,CYAW 301900Z 22012KT 15SM FEW050 FEW150 SCT250 24/11 A3000 RMK CU2AC1CI1 DENSITY ALT 1262FT CB TOP DIST NW SLP158
CYAW,2022-06-30 20:00,-63.4994,44.6397,CYAW 302000Z 24008G15KT 15SM FEW050 SCT250 24/10 A2998 RMK CU2CI2 DENSITY ALT 1353FT CB TOP DIST NW SLP153
CYAW,2022-06-30 21:00,-63.4994,44.6397,CYAW 302100Z 24010G16KT 15SM FEW050 FEW150 SCT250 23/10 A2997 RMK CU1AC1CI2 DENSITY ALT 1265FT AC TR SLP149
CYAW,2022-06-30 22:00,-63.4994,44.6397,CYAW 302200Z 24008KT 15SM FEW050 FEW150 FEW250 22/12 A2997 RMK CU1AC1CI1 DENSITY ALT 1168FT AC TR SLP150
CYAW,2022-06-30 22:41,-63.4994,44.6397,CYAW 302241Z 22006KT 15SM FEW050 FEW250 21/12 A2998 RMK CU2CI1 DENSITY ALT 1047FT LAST OBS /NEXT 041000 UTC SLP154
CYAW,2022-07-04 10:00,-63.4994,44.6397,CYAW 041000Z 30009KT 15SM FEW100 FEW250 16/12 A2993 RMK AC1CI2 DENSITY ALT 515FT FST OBS SLP137
CYAW,2022-07-04 11:00,-63.4994,44.6397,CYAW 041100Z 32007KT 15SM FEW100 FEW250 18/12 A2994 RMK AC1CI1 DENSITY ALT 709FT SLP138
CYAW,2022-07-04 12:00,-63.4994,44.6397,CYAW 041200Z 31012KT 15SM FEW250 17/11 A2994 RMK CI1 DENSITY ALT 551FT SLP140
CYAW,2022-07-04 13:00,-63.4994,44.6397,CYAW 041300Z 30013KT 15SM FEW100 FEW250 20/11 A2995 RMK AC1CI1 DENSITY ALT 935FT SLP142
CYAW,2022-07-04 14:00,-63.4994,44.6397,CYAW 041400Z 28013KT 15SM FEW038 FEW250 22/10 A2995 RMK CU1CI1 DENSITY ALT 1065FT CF ASOCTD SLP141
CYAW,2022-07-04 15:00,-63.4994,44.6397,CYAW 041500Z 32010G18KT 15SM FEW038 FEW250 21/10 A2995 RMK CU1CI1 DENSITY ALT 1050FT CF ASOCTD CI TR SLP142
CYAW,2022-07-04 16:00,-63.4994,44.6397,CYAW 041600Z 28012G17KT 15SM FEW038 FEW250 22/08 A2994 RMK CU1CI1 DENSITY ALT 1142FT CF ASOCTD CI TR SLP139
CYAW,2022-07-04 17:00,-63.4994,44.6397,CYAW 041700Z 30012G19KT 15SM FEW038 FEW250 23/07 A2992 RMK CU1CI1 DENSITY ALT 1189FT CF ASOCTD CI TR SLP134
CYAW,2022-07-04 18:00,-63.4994,44.6397,CYAW 041800Z 30012G17KT 15SM FEW038 FEW250 23/06 A2992 RMK CU1CI1 DENSITY ALT 1283FT CF ASOCTD CI TR SLP131
CYAW,2022-07-04 19:00,-63.4994,44.6397,CYAW 041900Z 29016G21KT 15SM FEW050 FEW250 24/06 A2992 RMK CU1CI1 DENSITY ALT 1292FT SLP132
CYAW,2022-07-04 20:00,-63.4994,44.6397,CYAW 042000Z 30017KT 15SM FEW050 FEW250 24/06 A2992 RMK CU1CI1 DENSITY ALT 1305FT SLP132
CYAW,2022-07-04 21:00,-63.4994,44.6397,CYAW 042100Z 30013G18KT 15SM FEW050 SCT250 23/07 A2992 RMK CU1CI3 DENSITY ALT 1243FT SLP133
CYAW,2022-07-04 22:00,-63.4994,44.6397,CYAW 042200Z 29012KT 15SM FEW040 BKN250 22/06 A2994 RMK SC1CI6 DENSITY ALT 1048FT SLP138
CYAW,2022-07-04 23:00,-63.4994,44.6397,CYAW 042300Z 29008KT 15SM FEW040 BKN240 21/06 A2995 RMK SC1CI6 DENSITY ALT 1019FT SLP141
CYAW,2022-07-05 00:00,-63.4994,44.6397,CYAW 050000Z 27007KT 15SM FEW040 BKN210 21/07 A2995 RMK SC1CI6 DENSITY ALT 968FT SLP143
CYAW,2022-07-05 01:00,-63.4994,44.6397,CYAW 050100Z 00000KT 15SM FEW180 BKN250 19/09 A2997 RMK AC2CI5 DENSITY ALT 680FT SLP150
CYAW,2022-07-05 02:00,-63.4994,44.6397,CYAW 050200Z 27004KT 15SM FEW180 BKN250 18/10 A2998 RMK AC1CI5 DENSITY ALT 585FT SLP153
CYAW,2022-07-05 02:19,-63.4994,44.6397,CYAW 050219Z 27004KT 15SM FEW180 SCT250 18/10 A2998 RMK AC1CI3 DENSITY ALT 588FT LAST OBS/NXT 051000 UTC SLP152
CYAW,2022-07-05 10:00,-63.4994,44.6397,CYAW 051000Z 30006KT 15SM FEW250 16/10 A3000 RMK CI1 DENSITY ALT 352FT FST OBS SLP160
CYAW,2022-07-05 11:00,-63.4994,44.6397,CYAW 051100Z 30007KT 15SM FEW250 18/11 A3001 RMK CI1 DENSITY ALT 573FT SLP162
CYAW,2022-07-05 12:00,-63.4994,44.6397,CYAW 051200Z 27006KT 15SM FEW250 19/11 A3002 RMK CI2 DENSITY ALT 753FT SLP165
CYAW,2022-07-05 13:00,-63.4994,44.6397,CYAW 051300Z 31007KT 15SM SCT250 21/12 A3001 RMK CI3 DENSITY ALT 958FT SLP164
CYAW,2022-07-05 14:00,-63.4994,44.6397,CYAW 051400Z 28008KT 15SM FEW048 BKN250 22/10 A3001 RMK CF1CI5 DENSITY ALT 1093FT CONTRAILS SLP163
CYAW,2022-07-05 15:00,-63.4994,44.6397,CYAW 051500Z 25004KT 15SM FEW052 SCT250 24/11 A3001 RMK CU1CI3 DENSITY ALT 1285FT SLP163
CYAW,2022-07-05 16:00,-63.4994,44.6397,CYAW 051600Z 24010G15KT 15SM SCT052 BKN250 24/12 A3000 RMK CU3CI2 DENSITY ALT 1320FT SLP160
CYAW,2022-07-05 17:00,-63.4994,44.6397,CYAW 051700Z 22010G15KT 15SM SCT060 BKN250 24/12 A2999 RMK CU4CI6 DENSITY ALT 1374FT SLP156
CYAW,2022-07-05 18:00,-63.4994,44.6397,CYAW 051800Z 19013G18KT 15SM SCT060 BKN250 24/13 A2998 RMK CU4CI3 DENSITY ALT 1371FT SLP152
CYAW,2022-07-05 19:00,-63.4994,44.6397,CYAW 051900Z 18016KT 15SM SCT065 OVC250 24/12 A2997 RMK CU3CI5 DENSITY ALT 1343FT SLP149
CYAW,2022-07-05 20:00,-63.4994,44.6397,CYAW 052000Z 19009G15KT 15SM SCT065 OVC250 23/13 A2997 RMK CU3CI5 DENSITY ALT 1293FT SLP148
CYAW,2022-07-05 21:00,-63.4994,44.6397,CYAW 052100Z 21009KT 15SM FEW040 SCT140 OVC250 22/12 A2996 RMK CU2AC2CI4 DENSITY ALT 1091FT SLP147
CYAW,2022-07-05 22:00,-63.4994,44.6397,CYAW 052200Z 22005KT 15SM FEW040 OVC220 21/12 A2997 RMK CU1CS8 DENSITY ALT 974FT HALO SLP148
CYAW,2022-07-05 23:00,-63.4994,44.6397,CYAW 052300Z 23006KT 15SM FEW040 OVC220 20/12 A2998 RMK SC1CS8 DENSITY ALT 840FT HALO SLP151
CYAW,2022-07-06 00:00,-63.4994,44.6397,CYAW 060000Z 23006KT 15SM SCT140 OVC220 19/11 A2998 RMK AC3CS5 DENSITY ALT 763FT SLP154
CYAW,2022-07-06 01:00,-63.4994,44.6397,CYAW 060100Z 23003KT 15SM SCT140 OVC200 18/11 A2999 RMK AC3CS5 DENSITY ALT 653FT SLP156
CYAW,2022-07-06 02:00,-63.4994,44.6397,CYAW 060200Z 24010KT 15SM FEW140 OVC180 17/11 A2999 RMK AC2AS6 DENSITY ALT 556FT LAST OBS/NXT 061000 UTC SLP155
CYAW,2022-07-06 10:00,-63.4994,44.6397,CYAW 061000Z 18006KT 5SM -RA BR SCT040 OVC070 14/14 A2991 RMK SC3AC5 DENSITY ALT 325FT FST OBS SLP128
CYAW,2022-07-06 11:00,-63.4994,44.6397,CYAW 061100Z 20005KT 3SM -RA BR FEW002 SCT005 OVC030 14/14 A2991 RMK SF1SF3SC4 DENSITY ALT 329FT SLP129
CYAW,2022-07-06 12:00,-63.4994,44.6397,CYAW 061200Z 16009KT 4SM -RA BR SCT003 OVC030 14/14 A2987 RMK SF3SC5 DENSITY ALT 333FT VIS HYR N SLP117
CYAW,2022-07-06 13:00,-63.4994,44.6397,CYAW 061300Z 16011G18KT 4SM -RA BR SCT003 OVC025 14/14 A2984 RMK SF4SC4 DENSITY ALT 340FT VIS HYR N SLP105
CYAW,2022-07-06 14:00,-63.4994,44.6397,CYAW 061400Z 17013G18KT 3SM -RA BR SCT005 OVC025 14/14 A2981 RMK SF4SC4 DENSITY ALT 434FT SLP095
CYAW,2022-07-06 14:46,-63.4994,44.6397,CYAW 061446Z 16016G21KT 2SM -RA BR BKN005 OVC015 15/14 A2978 RMK SF6SC2 DENSITY ALT 513FT SLP085
CYAW,2022-07-06 15:00,-63.4994,44.6397,CYAW 061500Z 16016G24KT 2SM -RA BR BKN005 OVC015 15/14 A2978 RMK SF5SC3 DENSITY ALT 514FT SLP085
CYAW,2022-07-06 15:24,-63.4994,44.6397,CYAW 061524Z 16017KT 2SM RA BR BKN005 OVC015 15/15 A2977 RMK SF7SC1 DENSITY ALT 567FT SLP082
CYAW,2022-07-06 15:33,-63.4994,44.6397,CYAW 061533Z 16015G21KT 1 3/4SM +SHRA BR BKN004 OVC015 15/15 A2975 RMK SF7SC1 DENSITY ALT 565FT SLP076
CYAW,2022-07-06 16:00,-63.4994,44.6397,CYAW 061600Z 16018G24KT 2SM RA BR BKN004 OVC015 15/14 A2973 RMK SF5SC3 DENSITY ALT 573FT /R10/ SLP069
CYAW,2022-07-06 16:13,-63.4994,44.6397,CYAW 061613Z 15016G24KT 2SM -RA BR SCT004 BKN008 OVC015 15/14 A2972 RMK SF3SF2SC3 DENSITY ALT 570FT SLP065
CYAW,2022-07-06 16:24,-63.4994,44.6397,CYAW 061624Z 15018G25KT 1 3/4SM RA BR SCT004 BKN008 OVC015 15/14 A2970 RMK SF4SF2SC2 DENSITY ALT 608FT PRESFR SLP059
CYAW,2022-07-06 17:00,-63.4994,44.6397,CYAW 061700Z 15020G27KT 1 1/2SM RA BR BKN003 OVC010 15/15 A2967 RMK SF7SC1 DENSITY ALT 709FT PRESFR SLP047
CYAW,2022-07-06 17:39,-63.4994,44.6397,CYAW 061739Z 18020G27KT 1 1/2SM -RA BR BKN003 OVC010 15/15 A2966 RMK SF7SC1 DENSITY ALT 735FT SLP043
CYAW,2022-07-06 18:00,-63.4994,44.6397,CYAW 061800Z 18017G22KT 1 1/2SM -RA BR OVC003 15/15 A2964 RMK SF8 DENSITY ALT 720FT /R24/ SLP039
CYAW,2022-07-06 18:35,-63.4994,44.6397,CYAW 061835Z 20014KT 3SM -DZ BR OVC003 16/16 A2963 RMK SF8 DENSITY ALT 812FT SLP035
CYAW,2022-07-06 19:00,-63.4994,44.6397,CYAW 061900Z 21011G24KT 3SM BR OVC002 16/16 A2963 RMK SF8 DENSITY ALT 852FT SLP033
CYAW,2022-07-06 19:37,-63.4994,44.6397,CYAW 061937Z 22008KT 2 1/2SM BR OVC002 16/16 A2962 RMK SF8 DENSITY ALT 824FT SLP032
CYAW,2022-07-06 19:50,-63.4994,44.6397,CYAW 061950Z 20009KT 1SM -DZ BR OVC002 16/16 A2962 RMK SF8 DENSITY ALT 824FT VIS VRB 3/4-1 1/2 SLP031
CYAW,2022-07-06 20:00,-63.4994,44.6397,CYAW 062000Z 21007KT 1 1/2SM -DZ BR OVC002 16/16 A2962 RMK SF8 DENSITY ALT 824FT VIS VRB 1-2 SLP030
CYAW,2022-07-06 20:29,-63.4994,44.6397,CYAW 062029Z 23012KT 3SM BR OVC002 16/16 A2961 RMK SF8 DENSITY ALT 835FT SLP029
CYAW,2022-07-06 21:23,-63.4994,44.6397,CYAW 062123Z 25009KT 8SM BKN005 BKN009 BKN021 16/16 A2962 RMK S F5SF1SC1 DENSITY ALT 874FT SLP031
CYAW,2022-07-06 21:40,-63.4994,44.6397,CYAW 062140Z 26008KT 10SM FEW006 SCT012 BKN026 17/17 A2962 RMK SF2SF1SC2 DENSITY ALT 1038FT SLP032
CYAW,2022-07-06 23:39,-63.4994,44.6397,CYAW 062339Z 31012G18KT 15SM SCT020 BKN033 17/16 A2966 RMK SC4S C3 DENSITY ALT 955FT SLP045
CYAW,2022-07-06 23:51,-63.4994,44.6397,CYAW 062351Z 29011G16KT 15SM BKN018 BKN030 17/16 A2967 RMK SC5S C2 DENSITY ALT 978FT SLP047
CYAW,2022-07-07 00:00,-63.4994,44.6397,CYAW 070000Z 31015G22KT 15SM BKN018 BKN030 17/15 A2967 RMK SC6SC1 DENSITY ALT 961FT SLP049
CYAW,2022-07-07 01:00,-63.4994,44.6397,CYAW 070100Z 32017G22KT 15SM OVC018 16/14 A2971 RMK SC8 DENSITY ALT 757FT SLP063
CYAW,2022-07-07 02:00,-63.4994,44.6397,CYAW 070200Z 32017KT 15SM BKN018 OVC028 15/13 A2973 RMK SC5SC3 DENSITY ALT 640FT LAST OBS/NXT 071000 UTC SLP068
CYAW,2022-07-07 10:00,-63.4994,44.6397,CYAW 071000Z 30008KT 15SM FEW250 13/10 A2991 RMK CI1 DENSITY ALT 65FT FST OBS SLP128
CYAW,2022-07-07 11:00,-63.4994,44.6397,CYAW 071100Z 31010G16KT 15SM FEW250 15/11 A2992 RMK CI1 DENSITY ALT 350FT SLP133
CYAW,2022-07-07 12:00,-63.4994,44.6397,CYAW 071200Z 27011KT 15SM FEW250 16/11 A2996 RMK CI1 DENSITY ALT 467FT SLP147
CYAW,2022-07-07 13:00,-63.4994,44.6397,CYAW 071300Z 28010G15KT 15SM FEW250 18/10 A2997 RMK CI1 DENSITY ALT 662FT SLP148
CYAW,2022-07-07 14:00,-63.4994,44.6397,CYAW 071400Z 28012KT 15SM FEW030 FEW250 20/10 A2997 RMK SC1CI1 DENSITY ALT 834FT SLP148
CYAW,2022-07-07 15:00,-63.4994,44.6397,CYAW 071500Z 29012KT 15SM FEW040 FEW250 21/10 A2997 RMK CU1CI2 DENSITY ALT 1008FT SLP148
CYAW,2022-07-07 16:00,-63.4994,44.6397,CYAW 071600Z 30014G20KT 15SM FEW050 SCT250 22/09 A2997 RMK CU1CI3 DENSITY ALT 1090FT SLP149
CYAW,2022-07-07 17:00,-63.4994,44.6397,CYAW 071700Z 34008G16KT 15SM FEW060 SCT250 22/09 A2997 RMK CU1CI3 DENSITY ALT 1088FT SLP150
CYAW,2022-07-07 18:00,-63.4994,44.6397,CYAW 071800Z 27011G17KT 15SM FEW060 SCT250 24/07 A2997 RMK CU2CI2 DENSITY ALT 1244FT SLP149
CYAW,2022-07-07 19:00,-63.4994,44.6397,CYAW 071900Z 30007G16KT 15SM FEW060 SCT250 23/08 A2998 RMK CU2CI2 DENSITY ALT 1227FT SLP152
CYAW,2022-07-07 20:00,-63.4994,44.6397,CYAW 072000Z 28009KT 15SM FEW060 BKN250 23/06 A2998 RMK CU2CI5 DENSITY ALT 1168FT SLP151
CYAW,2022-07-07 21:00,-63.4994,44.6397,CYAW 072100Z 31007KT 15SM FEW065 BKN250 23/08 A2998 RMK CU1CI6 DENSITY ALT 1153FT SLP154
CYAW,2022-07-07 22:00,-63.4994,44.6397,CYAW 072200Z 22006KT 15SM SCT080 BKN250 20/10 A3000 RMK AC3CI3 DENSITY ALT 855FT SLP159
CYAW,2022-07-07 23:00,-63.4994,44.6397,CYAW 072300Z 26007KT 15SM FEW080 BKN250 19/09 A3002 RMK AC2CI4 DENSITY ALT 705FT SLP166
CYAW,2022-07-08 00:00,-63.4994,44.6397,CYAW 080000Z 23004KT 15SM SCT080 SCT250 18/09 A3002 RMK AC3CI1 DENSITY ALT 553FT SLP165
CYAW,2022-07-08 01:00,-63.4994,44.6397,CYAW 080100Z 00000KT 15SM FEW080 15/10 A3003 RMK AC1 DENSITY ALT 186FT SLP171
CYAW,2022-07-08 02:00,-63.4994,44.6397,CYAW 080200Z 00000KT 15SM FEW090 13/10 A3004 RMK AC1 DENSITY ALT -43FT LAST OBS /NEXT 111000 UTC SLP174
CYAW,2022-07-11 10:00,-63.4994,44.6397,CYAW 111000Z 00000KT 15SM BKN250 15/09 A2998 RMK CI7 DENSITY ALT 259FT FST OBS SLP153
CYAW,2022-07-11 11:00,-63.4994,44.6397,CYAW 111100Z 26003KT 15SM OVC250 17/09 A2999 RMK CI8 DENSITY ALT 460FT SLP155
CYAW,2022-07-11 12:00,-63.4994,44.6397,CYAW 111200Z 22003KT 15SM BKN250 18/09 A2999 RMK CI6 DENSITY ALT 629FT SLP155
CYAW,2022-07-11 13:00,-63.4994,44.6397,CYAW 111300Z 20005KT 15SM FEW230 BKN250 20/10 A2998 RMK CC2CI4 DENSITY ALT 894FT SLP152
CYAW,2022-07-11 14:00,-63.4994,44.6397,CYAW 111400Z 18006KT 15SM FEW230 SCT250 21/12 A2996 RMK CC1CI3 DENSITY ALT 1003FT SLP146
CYAW,2022-07-11 15:00,-63.4994,44.6397,CYAW 111500Z 18009KT 15SM BKN250 21/12 A2995 RMK CI5 DENSITY ALT 1017FT SLP142
CYAW,2022-07-11 16:00,-63.4994,44.6397,CYAW 111600Z 19011G18KT 15SM FEW050 SCT250 22/10 A2994 RMK CU1CI3 DENSITY ALT 1131FT SLP140
CYAW,2022-07-11 17:00,-63.4994,44.6397,CYAW 111700Z 18013KT 15SM FEW050 FEW250 22/09 A2993 RMK CU1CI2 DENSITY ALT 1140FT SLP135
CYAW,2022-07-11 18:00,-63.4994,44.6397,CYAW 111800Z 18014KT 15SM FEW050 SCT250 22/08 A2992 RMK CU1CI4 DENSITY ALT 1107FT SLP134
CYAW,2022-07-11 19:00,-63.4994,44.6397,CYAW 111900Z 21014KT 15SM FEW050 BKN250 22/07 A2992 RMK CU1CI7 DENSITY ALT 1097FT CIG PDMTLY TRANSPARENT SLP132
CYAW,2022-07-11 20:00,-63.4994,44.6397,CYAW 112000Z 19010G15KT 15SM FEW050 BKN250 21/08 A2992 RMK CU1CI7 DENSITY ALT 1036FT CIG PDMTLY TRANSPARENT SLP131
CYAW,2022-07-11 21:00,-63.4994,44.6397,CYAW 112100Z 22015G20KT 15SM FEW050 FEW210 BKN250 20/08 A2991 RMK CU1CI2CI5 DENSITY ALT 894FT CIG PDMTLY TRANSPARENT SLP130
CYAW,2022-07-11 22:00,-63.4994,44.6397,CYAW 112200Z 20009G15KT 15SM FEW050 SCT140 BKN210 OVC250 18/09 A2991 RMK CU1AC4CS2CI2 DENSITY ALT 705FT SLP130
CYAW,2022-07-11 23:00,-63.4994,44.6397,CYAW 112300Z 20004KT 15SM SCT140 BKN210 17/10 A2991 RMK AC4CI3 DENSITY ALT 595FT SLP130
CYAW,2022-07-12 00:00,-63.4994,44.6397,CYAW 120000Z 19008KT 15SM SCT140 BKN210 16/10 A2991 RMK AC4CI3 DENSITY ALT 457FT SLP129
CYAW,2022-07-12 01:00,-63.4994,44.6397,CYAW 120100Z 21010G15KT 15SM BKN250 15/11 A2992 RMK CI7 DENSITY ALT 381FT SLP131
CYAW,2022-07-12 01:30,-63.4994,44.6397,CYAW 120130Z 20007KT 15SM BKN250 15/11 A2992 RMK CI7 DENSITY ALT 372FT LAST OBS /NEXT 121000 UTC SLP132
CYAW,2022-07-12 10:00,-63.4994,44.6397,CYAW 121000Z 21006KT 15SM FEW010 FEW250 14/13 A2992 RMK SF1CI1 DENSITY ALT 240FT FST OBS SLP131
CYAW,2022-07-12 11:00,-63.4994,44.6397,CYAW 121100Z 19007KT 15SM FEW250 15/13 A2991 RMK CI1 DENSITY ALT 386FT SLP129
CYAW,2022-07-12 12:00,-63.4994,44.6397,CYAW 121200Z 18008KT 15SM FEW016 BKN250 17/13 A2991 RMK CU1CI5 DENSITY ALT 648FT SLP129
CYAW,2022-07-12 13:00,-63.4994,44.6397,CYAW 121300Z 19008KT 15SM FEW020 SCT250 19/14 A2990 RMK CU1CI4 DENSITY ALT 857FT SLP127
CYAW,2022-07-12 14:00,-63.4994,44.6397,CYAW 121400Z 18011KT 15SM FEW024 SCT250 20/14 A2990 RMK CU1CI4 DENSITY ALT 968FT SLP126
CYAW,2022-07-12 15:00,-63.4994,44.6397,CYAW 121500Z 17012KT 15SM SCT250 19/14 A2989 RMK CI3 DENSITY ALT 879FT SLP123
CYAW,2022-07-12 16:00,-63.4994,44.6397,CYAW 121600Z 17014KT 15SM FEW250 19/14 A2990 RMK CI1 DENSITY ALT 898FT SLP124
CYAW,2022-07-12 17:00,-63.4994,44.6397,CYAW 121700Z 17014KT 15SM FEW024 FEW250 20/13 A2988 RMK CU1CI1 DENSITY ALT 963FT CU TR SLP119
CYAW,2022-07-12 18:00,-63.4994,44.6397,CYAW 121800Z 17015KT 15SM FEW030 FEW250 20/14 A2988 RMK SC1CI1 DENSITY ALT 985FT SLP118
CYAW,2022-07-12 19:00,-63.4994,44.6397,CYAW 121900Z 19014G19KT 15SM FEW250 20/13 A2988 RMK CI1 DENSITY ALT 1039FT SLP118
CYAW,2022-07-12 20:00,-63.4994,44.6397,CYAW 122000Z 19015KT 15SM FEW250 20/13 A2986 RMK CI2 DENSITY ALT 1029FT SLP113
CYAW,2022-07-12 21:00,-63.4994,44.6397,CYAW 122100Z 19012G17KT 15SM FEW120 SCT250 18/13 A2987 RMK AC1CC3 DENSITY ALT 817FT SLP115
CYAW,2022-07-12 22:00,-63.4994,44.6397,CYAW 122200Z 19016KT 15SM FEW020 SCT180 SCT250 17/14 A2985 RMK SC1AC4CI1 DENSITY ALT 746FT SLP110
CYAW,2022-07-12 23:00,-63.4994,44.6397,CYAW 122300Z 19013KT 15SM FEW025 SCT180 17/14 A2985 RMK SC2AC2 DENSITY ALT 732FT SLP108
CYAW,2022-07-13 00:00,-63.4994,44.6397,CYAW 130000Z 18011KT 15SM SCT025 SCT180 16/14 A2985 RMK SC3AC1 DENSITY ALT 582FT SLP109
CYAW,2022-07-13 01:00,-63.4994,44.6397,CYAW 130100Z 19009G15KT 15SM FEW015 BKN030 16/14 A2985 RMK SC2SC3 DENSITY ALT 577FT SLP109
CYAW,2022-07-13 01:45,-63.4994,44.6397,CYAW 130145Z 19010KT 15SM FEW015 BKN025 16/14 A2985 RMK SC2SC3 DENSITY ALT 557FT LAST OBS /NEXT 131000 UTC SLP110
CYAW,2022-07-13 10:00,-63.4994,44.6397,CYAW 131000Z 21011KT 3SM BR OVC002 17/17 A2979 RMK SF8 DENSITY ALT 806FT FST OBS SLP089
CYAW,2022-07-13 11:00,-63.4994,44.6397,CYAW 131100Z 20007KT 3SM BR OVC002 17/17 A2980 RMK SF8 DENSITY ALT 820FT SLP091
CYAW,2022-07-13 12:00,-63.4994,44.6397,CYAW 131200Z 23009KT 3SM -DZ BR OVC002 17/17 A2981 RMK SF8 DENSITY ALT 834FT SLP095
CYAW,2022-07-13 12:46,-63.4994,44.6397,CYAW 131246Z 22009KT 5SM BR OVC004 18/17 A2982 RMK SF8 DENSITY ALT 910FT SLP097
CYAW,2022-07-13 13:00,-63.4994,44.6397,CYAW 131300Z 23006KT 8SM OVC006 18/17 A2981 RMK SF8 DENSITY ALT 947FT SLP096
CYAW,2022-07-13 14:00,-63.4994,44.6397,CYAW 131400Z 21008KT 8SM OVC010 20/18 A2982 RMK SF8 DENSITY ALT 1155FT SLP097
CYAW,2022-07-13 14:36,-63.4994,44.6397,CYAW 131436Z 20007KT 10SM SCT010 BKN250 21/18 A2981 RMK SF4CI2 DENSITY ALT 1291FT CC ASOCTD SLP096
CYAW,2022-07-13 15:00,-63.4994,44.6397,CYAW 131500Z 16010KT 15SM FEW010 BKN250 21/18 A2982 RMK SF2CI3 DENSITY ALT 1251FT SLP096
CYAW,2022-07-13 16:00,-63.4994,44.6397,CYAW 131600Z 20007KT 15SM FEW010 SCT250 22/19 A2982 RMK CU1CI3 DENSITY ALT 1427FT SLP097
CYAW,2022-07-13 17:00,-63.4994,44.6397,CYAW 131700Z 18012KT 15SM FEW010 FEW250 22/18 A2982 RMK CU2CI1 DENSITY ALT 1405FT SLP097
CYAW,2022-07-13 18:00,-63.4994,44.6397,CYAW 131800Z CCA 18009KT 15SM FEW008 SCT020CB BKN250 23/19 A2981 RMK SC1CB4CI1 DENSITY ALT 1507FT CB TOP DIST SE MOV E SLP095
CYAW,2022-07-13 19:00,-63.4994,44.6397,CYAW 131900Z 18014KT 15SM FEW008 SCT020 SCT250 22/18 A2982 RMK SF1CU3CI1 DENSITY ALT 1420FT TCU TOPS N QUAD SLP097
CYAW,2022-07-13 20:00,-63.4994,44.6397,CYAW 132000Z 18009KT 15SM FEW008 FEW020TCU FEW250 24/19 A2982 RMK SF1TCU1CI1 DENSITY ALT 1564FT SF TR CI TR SLP096
CYAW,2022-07-13 21:00,-63.4994,44.6397,CYAW 132100Z 20009KT 15SM FEW008 FEW020 SCT250 23/18 A2982 RMK SF1CU1CI2 DENSITY ALT 1500FT SF TR SLP098
CYAW,2022-07-13 22:00,-63.4994,44.6397,CYAW 132200Z 25006KT 15SM FEW008 FEW030 FEW250 22/18 A2984 RMK SF1CU1CI2 DENSITY ALT 1332FT SLP105
CYAW,2022-07-13 23:00,-63.4994,44.6397,CYAW 132300Z 21006KT 15SM FEW008 FEW030 FEW100 SCT250 20/17 A2985 RMK SF1CU1AC1CI1 DENSITY ALT 1068FT CU TR SLP110
CYAW,2022-07-14 00:00,-63.4994,44.6397,CYAW 140000Z 23008KT 15SM FEW008 FEW020 SCT100 SCT250 18/17 A2987 RMK SF1CU1AC2CI1 DENSITY ALT 885FT CU TR SLP115
CYAW,2022-07-14 01:00,-63.4994,44.6397,CYAW 140100Z 23004KT 15SM FEW020 FEW100 FEW250 18/17 A2988 RMK CU1AC2CI1 DENSITY ALT 785FT SLP120
CYAW,2022-07-14 01:31,-63.4994,44.6397,CYAW 140131Z 28004KT 15SM FEW100 FEW250 18/16 A2989 RMK AC2CI1 DENSITY ALT 772FT LAST OBS /NEXT 141000 UTC SLP122
CYAW,2022-07-14 10:00,-63.4994,44.6397,CYAW 141000Z 00000KT 10SM BKN250 17/16 A2998 RMK CI7 DENSITY ALT 604FT FST OBS SLP151
CYAW,2022-07-14 11:00,-63.4994,44.6397,CYAW 141100Z 00000KT 15SM BKN250 20/17 A2998 RMK CI7 DENSITY ALT 906FT SLP154
CYAW,2022-07-14 12:00,-63.4994,44.6397,CYAW 141200Z 05004KT 15SM BKN250 21/18 A2999 RMK CI6 DENSITY ALT 1103FT SLP156
CYAW,2022-07-14 13:00,-63.4994,44.6397,CYAW 141300Z 08002KT 15SM BKN250 22/18 A3000 RMK CI7 DENSITY ALT 1220FT SLP158
CYAW,2022-07-14 14:00,-63.4994,44.6397,CYAW 141400Z 08006KT 15SM FEW160 OVC250 23/18 A3001 RMK AC2CI6 DENSITY ALT 1291FT SLP162
CYAW,2022-07-14 15:00,-63.4994,44.6397,CYAW 141500Z 12004KT 15SM FEW018 FEW160 OVC250 22/18 A3002 RMK CU1AC2CI6 DENSITY ALT 1109FT SLP166
CYAW,2022-07-14 16:00,-63.4994,44.6397,CYAW 141600Z 14007KT 12SM FEW005 FEW018 SCT160 BKN250 20/17 A3003 RMK SF1CU2AC1CI4 DENSITY ALT 920FT SLP168
CYAW,2022-07-14 17:00,-63.4994,44.6397,CYAW 141700Z 13010KT 12SM FEW018TCU FEW120 SCT160 OVC250 20/17 A3003 RMK TCU2AC1AS2CI4 DENSITY ALT 942FT TCU TOPS N QUAD SLP168
CYAW,2022-07-14 18:00,-63.4994,44.6397,CYAW 141800Z 08005KT 15SM FEW040TCU BKN250 21/18 A3002 RMK TCU2CI5 DENSITY ALT 1075FT SLP165
CYAW,2022-07-14 19:00,-63.4994,44.6397,CYAW 141900Z 10004KT 15SM FEW005 SCT016 SCT090 BKN250 21/18 A3002 RMK SF1CU2AC1CI3 DENSITY ALT 1054FT VIS LWR SE-W FG OVR APPROACHES SLP166
CYAW,2022-07-14 19:35,-63.4994,44.6397,CYAW 141935Z 10007KT 3SM BR BKN003 BKN080 19/17 A3002 RMK SF6AC1 DENSITY ALT 747FT VIS HYR NW-E SLP166
CYAW,2022-07-14 19:50,-63.4994,44.6397,CYAW 141950Z 11005KT 2 1/2SM BR BKN003 OVC080 18/17 A3002 RMK SF7AC1 DENSITY ALT 678FT VIS VRB 3/4-5 LAST OBS /NEXT 151000 UTC SLP166
CYAW,2022-07-15 10:00,-63.4994,44.6397,CYAW 151000Z 00000KT 3/4SM BR OVC002 14/14 A2998 RMK SF8 DENSITY ALT 235FT FST OBS SLP151
CYAW,2022-07-15 10:30,-63.4994,44.6397,CYAW 151030Z 00000KT 2SM BR OVC003 15/15 A2998 RMK SF8 DENSITY ALT 289FT VIS VRB 1 1/2-2 1/2 SLP153
CYAW,2022-07-15 11:00,-63.4994,44.6397,CYAW 151100Z 00000KT 3SM BR BKN003 OVC006 15/15 A2998 RMK SF6SF2 DENSITY ALT 303FT SLP153
CYAW,2022-07-15 12:00,-63.4994,44.6397,CYAW 151200Z 26004KT 3SM BR SCT004 OVC006 16/16 A2998 RMK SF3SF5 DENSITY ALT 421FT SLP152
CYAW,2022-07-15 13:00,-63.4994,44.6397,CYAW 151300Z 26005KT 5SM BR FEW004 BKN008 18/16 A2998 RMK SF2SF5 DENSITY ALT 679FT VIS LWR E-SE SLP152
CYAW,2022-07-15 14:00,-63.4994,44.6397,CYAW 151400Z 27003KT 12SM SCT015 BKN250 21/17 A2997 RMK SC3CI3 DENSITY ALT 1036FT SLP148
CYAW,2022-07-15 15:00,-63.4994,44.6397,CYAW 151500Z 18005KT 15SM FEW019 BKN250 20/17 A2997 RMK CU2CI5 DENSITY ALT 928FT VIS LWR SE SLP149
CYAW,2022-07-15 16:00,-63.4994,44.6397,CYAW 151600Z 18007KT 15SM SCT020 SCT060 BKN250 21/17 A2996 RMK CU3SC1CI2 DENSITY ALT 1120FT SLP145
CYAW,2022-07-15 16:51,-63.4994,44.6397,CYAW 151651Z 18006KT 15SM -SHRA BKN035 BKN075 BKN250 21/17 A2995 RMK CU5AC1CI2 DENSITY ALT 1113FT CVCTV CLD EMBD SLP144
CYAW,2022-07-15 17:00,-63.4994,44.6397,CYAW 151700Z 22008KT 10SM SHRA BKN031 BKN250 20/18 A2997 RMK CU6CI1 DENSITY ALT 997FT VIS LWR W CVCTV CLD EMBD SLP148
CYAW,2022-07-15 17:31,-63.4994,44.6397,CYAW 151731Z 00000KT 15SM BKN034 BKN250 20/19 A2996 RMK CU5CI2 DENSITY ALT 987FT LAST OBS /NEXT 181000 UTC SLP145
CYAW,2022-07-18 10:00,-63.4994,44.6397,CYAW 181000Z 00000KT 6SM BR OVC003 17/17 A3002 RMK ST8 DENSITY ALT 597FT FST OBS FG OVR APPROACHES SLP167
CYAW,2022-07-18 10:38,-63.4994,44.6397,CYAW 181038Z 19003KT 1 1/2SM BR OVC002 16/16 A3002 RMK ST8 DENSITY ALT 464FT VIS VRB 3/4-2 1/2 SLP166
CYAW,2022-07-18 11:00,-63.4994,44.6397,CYAW 181100Z 18005KT 1/2SM FG OVC001 16/16 A3002 RMK ST8 DENSITY ALT 439FT VIS VRB 1/4-3/4 SLP167
CYAW,2022-07-18 11:16,-63.4994,44.6397,CYAW 181116Z 20006KT 1/8SM FG VV001 17/16 A3002 RMK FG8 DENSITY ALT 492FT SLP167
CYAW,2022-07-18 11:41,-63.4994,44.6397,CYAW 181141Z 21007KT 1/2SM FG OVC002 17/17 A3003 RMK ST8 DENSITY ALT 547FT VIS VRB 1/4-3/4 SLP168
CYAW,2022-07-18 12:00,-63.4994,44.6397,CYAW 181200Z 21007KT 1 1/4SM -DZ BR OVC003 17/17 A3002 RMK ST8 DENSITY ALT 574FT VIS VRB 3/4-2 SLP167
CYAW,2022-07-18 12:13,-63.4994,44.6397,CYAW 181213Z 22007KT 5SM BR OVC003 18/17 A3002 RMK SF8 DENSITY ALT 621FT VIS LWR SE SLP167
CYAW,2022-07-18 13:00,-63.4994,44.6397,CYAW 181300Z 21007KT 7SM BKN005 BKN250 18/17 A3002 RMK SF7CI1 DENSITY ALT 703FT SLP165
CYAW,2022-07-18 13:15,-63.4994,44.6397,CYAW 181315Z 22007KT 15SM SCT006 BKN250 19/17 A3001 RMK SF3CI4 DENSITY ALT 782FT SLP164
CYAW,2022-07-18 14:00,-63.4994,44.6397,CYAW 181400Z 21005KT 15SM FEW006 OVC250 21/17 A3001 RMK SF1CI8 DENSITY ALT 1059FT SLP163
CYAW,2022-07-18 15:00,-63.4994,44.6397,CYAW 181500Z 16005KT 15SM FEW006 BKN250 22/17 A3000 RMK SF1CI7 DENSITY ALT 1196FT SLP159
CYAW,2022-07-18 16:00,-63.4994,44.6397,CYAW 181600Z 20009KT 15SM FEW006 FEW025 OVC250 24/18 A2999 RMK SF1CF1CI8 DENSITY ALT 1435FT SLP155
CYAW,2022-07-18 17:00,-63.4994,44.6397,CYAW 181700Z 19010KT 15SM FEW006 FEW030 BKN250 25/19 A2998 RMK SF1CU1CI6 DENSITY ALT 1540FT SLP152
CYAW,2022-07-18 18:00,-63.4994,44.6397,CYAW 181800Z 22006KT 15SM FEW006 FEW027 BKN250 24/18 A2996 RMK CF1CU1CI6 DENSITY ALT 1466FT SLP146
CYAW,2022-07-18 19:00,-63.4994,44.6397,CYAW 181900Z 17008G15KT 15SM FEW006 FEW035 FEW050 OVC250 24/18 A2994 RMK SF1CU1SC2CI6 DENSITY ALT 1518FT LAST OBS/NXT 191000 UTC SLP140
CYAW,2022-07-19 10:00,-63.4994,44.6397,CYAW 191000Z 18006KT 1/8SM -DZ FG VV001 18/18 A2972 RMK FG8 DENSITY ALT 1013FT FST OBS /R21 AFT 18UTC/ SLP063
CYAW,2022-07-19 10:42,-63.4994,44.6397,CYAW 191042Z 18009KT 1/8SM -RA FG VV001 19/18 A2970 RMK FG8 DENSITY ALT 1117FT SLP058
CYAW,2022-07-19 11:00,-63.4994,44.6397,CYAW 191100Z 18011KT 1/8SM -RA FG VV001 19/19 A2969 RMK FG8 DENSITY ALT 1142FT SLP054
CYAW,2022-07-19 11:13,-63.4994,44.6397,CYAW 191113Z 18011KT 1/8SM -DZ FG VV001 18/18 A2969 RMK FG8 DENSITY ALT 1090FT SLP054
CYAW,2022-07-19 11:26,-63.4994,44.6397,CYAW 191126Z 18009KT 1/8SM -SHRA FG VV001 18/18 A2968 RMK FG8 DENSITY ALT 1100FT SLP050
CYAW,2022-07-19 11:35,-63.4994,44.6397,CYAW 191135Z 18007KT 1/4SM SHRA FG VV001 18/18 A2967 RMK FG8 DE NSITY ALT 1098FT SLP048
CYAW,2022-07-19 11:43,-63.4994,44.6397,CYAW 191143Z 17008KT 1/8SM -SHRA FG VV001 18/18 A2967 RMK FG8 DENSITY ALT 1071FT SLP046
CYAW,2022-07-19 12:00,-63.4994,44.6397,CYAW 191200Z 18009G15KT 1/8SM -DZ FG VV001 18/18 A2965 RMK FG8 DENSITY ALT 1056FT SLP041
CYAW,2022-07-19 12:48,-63.4994,44.6397,CYAW 191248Z 17006KT 1/8SM -SHRA FG VV001 17/17 A2963 RMK FG8 DENSITY ALT 1024FT SLP034
CYAW,2022-07-19 13:00,-63.4994,44.6397,CYAW 191300Z 18005KT 1/8SM -SHRA FG VV001 17/17 A2963 RMK FG8 DENSITY ALT 1051FT SLP033
CYAW,2022-07-19 13:14,-63.4994,44.6397,CYAW 191314Z 18011KT 1/8SM -DZ FG VV001 18/18 A2962 RMK FG8 DENSITY ALT 1102FT SLP031
CYAW,2022-07-19 13:28,-63.4994,44.6397,CYAW 191328Z 18008KT 1/8SM -SHRA FG VV001 18/18 A2961 RMK FG8 DENSITY ALT 1181FT SLP027
CYAW,2022-07-19 14:00,-63.4994,44.6397,CYAW 191400Z 17011G18KT 1/8SM -SHRA FG VV001 18/18 A2959 RMK FG8 DENSITY ALT 1152FT SLP020
CYAW,2022-07-19 14:37,-63.4994,44.6397,CYAW 191437Z 18012G17KT 1/8SM -DZ FG VV001 18/18 A2957 RMK FG8 DENSITY ALT 1188FT SLP014
CYAW,2022-07-19 15:00,-63.4994,44.6397,CYAW 191500Z 19014KT 1/8SM -DZ FG VV001 18/18 A2956 RMK FG8 DENSITY ALT 1252FT SLP010
CYAW,2022-07-19 16:00,-63.4994,44.6397,CYAW 191600Z 20015G20KT 1/2SM -DZ FG VV001 19/19 A2953 RMK FG8 DENSITY ALT 1367FT VIS VRB 1/4-3/4 SLP001
CYAW,2022-07-19 17:00,-63.4994,44.6397,CYAW 191700Z 19015G22KT 1/2SM -DZ FG OVC001 19/19 A2949 RMK ST8 DENSITY ALT 1388FT VIS VRB 1/4-3/4 SLP987
CYAW,2022-07-19 18:00,-63.4994,44.6397,CYAW 191800Z 20014G22KT 3/4SM -DZ BR OVC003 19/19 A2946 RMK ST8 DENSITY ALT 1436FT SLP976
CYAW,2022-07-19 18:11,-63.4994,44.6397,CYAW 191811Z 20012G19KT 3SM BR OVC004 19/19 A2945 RMK ST8 DENSITY ALT 1446FT SLP973
CYAW,2022-07-19 19:00,-63.4994,44.6397,CYAW 191900Z 20008G15KT 2SM BR OVC004 19/19 A2943 RMK ST8 DENSITY ALT 1483FT SLP965
CYAW,2022-07-19 19:34,-63.4994,44.6397,CYAW 191934Z 19009G15KT 3SM BR OVC003 19/18 A2941 RMK SF8 DENSITY ALT 1509FT CIG VRB 2-4 VIS LWR E-SW SLP960
CYAW,2022-07-19 20:00,-63.4994,44.6397,CYAW 192000Z 21008G15KT 2SM BR OVC003 19/18 A2941 RMK SF8 DENSITY ALT 1456FT CIG VRB 2-4 VIS HYR W-NE SLP958
CYAW,2022-07-19 20:45,-63.4994,44.6397,CYAW 192045Z 22009G17KT 3SM BR OVC003 18/17 A2940 RMK SF8 DENSITY ALT 1348FT CIG VRB 2-4 SLP955
CYAW,2022-07-19 21:00,-63.4994,44.6397,CYAW 192100Z 22008KT 4SM BR OVC003 18/17 A2939 RMK SF8 DENSITY ALT 1359FT SLP952
CYAW,2022-07-19 21:47,-63.4994,44.6397,CYAW 192147Z 22006KT 5SM BR BKN006 BKN020 18/17 A2939 RMK SF6SC1 DENSITY ALT 1408FT SLP953
CYAW,2022-07-19 22:00,-63.4994,44.6397,CYAW 192200Z 23008KT 7SM SCT006 BKN030 19/18 A2939 RMK SF4SC2 DENSITY ALT 1531FT SLP953
CYAW,2022-07-19 23:00,-63.4994,44.6397,CYAW 192300Z 27008KT 15SM FEW010 FEW035 21/18 A2942 RMK SF1SC1 DENSITY ALT 1683FT SLP964
CYAW,2022-07-20 00:00,-63.4994,44.6397,CYAW 200000Z 22005KT 15SM FEW035 SCT250 19/18 A2945 RMK SC1CI2 DENSITY ALT 1509FT TCU TOPS DIST N SLP973
CYAW,2022-07-20 01:00,-63.4994,44.6397,CYAW 200100Z 24008KT 15SM FEW120 FEW250 21/19 A2947 RMK AC1CI1 DENSITY ALT 1626FT SLP979
CYAW,2022-07-20 02:00,-63.4994,44.6397,CYAW 200200Z 26008KT 15SM SKC 21/19 A2948 RMK DENSITY ALT 1644FT SLP984
CYAW,2022-07-20 03:00,-63.4994,44.6397,CYAW 200300Z 26009G18KT 15SM FEW120 21/19 A2950 RMK AC2 DENSITY ALT 1651FT LAST OBS/NXT 201000 UTC SLP989
CYAW,2022-07-20 10:00,-63.4994,44.6397,CYAW 201000Z 27011KT 15SM FEW110 FEW250 19/15 A2956 RMK AC1CI1 DENSITY ALT 1336FT AC TR FST OBS SLP010
CYAW,2022-07-20 11:00,-63.4994,44.6397,CYAW 201100Z 27012KT 15SM FEW250 20/15 A2956 RMK CI1 DENSITY ALT 1452FT SLP011
CYAW,2022-07-20 12:00,-63.4994,44.6397,CYAW 201200Z 27014G21KT 15SM FEW250 22/14 A2958 RMK CI1 DENSITY ALT 1554FT SLP017
CYAW,2022-07-20 13:00,-63.4994,44.6397,CYAW 201300Z 26015G20KT 15SM FEW040 FEW250 23/14 A2957 RMK CF1CI1 DENSITY ALT 1711FT CF TR SLP014
CYAW,2022-07-20 14:00,-63.4994,44.6397,CYAW 201400Z 26016G21KT 15SM FEW040 FEW250 24/13 A2957 RMK CF1CI1 DENSITY ALT 1819FT CF TR SLP012
CYAW,2022-07-20 15:00,-63.4994,44.6397,CYAW 201500Z 26016G25KT 15SM FEW040 FEW250 25/13 A2957 RMK CF1CI1 DENSITY ALT 1979FT CF TR SLP014
CYAW,2022-07-20 16:00,-63.4994,44.6397,CYAW 201600Z 24017G25KT 15SM FEW040 FEW250 26/12 A2957 RMK CU1CI1 DENSITY ALT 2083FT CU TR SLP012
CYAW,2022-07-20 17:00,-63.4994,44.6397,CYAW 201700Z 26018G24KT 15SM FEW060 28/11 A2957 RMK CU1 DENSITY ALT 2204FT SLP013
CYAW,2022-07-20 18:00,-63.4994,44.6397,CYAW 201800Z 26017G24KT 15SM FEW060 FEW250 28/11 A2957 RMK CU1CI1 DENSITY ALT 2229FT SLP014
CYAW,2022-07-20 19:00,-63.4994,44.6397,CYAW 201900Z 29016G22KT 15SM FEW060 FEW250 28/11 A2958 RMK SC1CI1 DENSITY ALT 2221FT SLP016
CYAW,2022-07-20 20:00,-63.4994,44.6397,CYAW 202000Z 30014G21KT 15SM FEW050 27/12 A2960 RMK SC1 DENSITY ALT 2151FT SLP022
CYAW,2022-07-20 21:00,-63.4994,44.6397,CYAW 202100Z 29015KT 15SM FEW050 FEW250 27/12 A2960 RMK SC1CI1 DENSITY ALT 2121FT SLP025
CYAW,2022-07-20 22:00,-63.4994,44.6397,CYAW 202200Z 30011KT 15SM FEW250 27/12 A2963 RMK CI1 DENSITY ALT 2030FT SLP032
CYAW,2022-07-20 23:00,-63.4994,44.6397,CYAW 202300Z 30007KT 15SM SCT250 25/13 A2965 RMK CI4 DENSITY ALT 1884FT SLP041
CYAW,2022-07-21 00:00,-63.4994,44.6397,CYAW 210000Z 28004KT 15SM BKN250 24/13 A2967 RMK CI6 DENSITY ALT 1678FT SLP047
CYAW,2022-07-21 01:00,-63.4994,44.6397,CYAW 210100Z 27004KT 15SM BKN250 23/13 A2969 RMK CI5 DENSITY ALT 1609FT SLP054
CYAW,2022-07-21 02:00,-63.4994,44.6397,CYAW 210200Z 00000KT 15SM SCT250 20/14 A2971 RMK CI3 DENSITY ALT 1198FT LAST OBS/NXT 211200 UTC SLP059
CYAW,2022-07-21 12:00,-63.4994,44.6397,CYAW 211200Z 00000KT 15SM FEW070 SCT250 22/17 A2980 RMK AC1CI3 DENSITY ALT 1345FT FST OBS SLP090
CYAW,2022-07-21 13:00,-63.4994,44.6397,CYAW 211300Z 16005KT 15SM FEW080 SCT250 26/16 A2980 RMK AC1CI4 DENSITY ALT 1780FT SLP090
CYAW,2022-07-21 14:00,-63.4994,44.6397,CYAW 211400Z 16008KT 15SM FEW100 BKN250 20/16 A2981 RMK AC1CI5 DENSITY ALT 1124FT SLP095
CYAW,2022-07-21 15:00,-63.4994,44.6397,CYAW 211500Z 16007KT 15SM BKN250 23/18 A2982 RMK CI7 DENSITY ALT 1512FT VIS LWR SE-S SLP098
CYAW,2022-07-21 16:00,-63.4994,44.6397,CYAW 211600Z CCA 18007KT 15SM OVC250 24/19 A2983 RMK CI8 DENSITY ALT 1602FT VIS LWR SE-S SLP100
CYAW,2022-07-21 17:00,-63.4994,44.6397,CYAW 211700Z 16010KT 15SM FEW004 FEW030 OVC250 24/20 A2982 RMK SF1CF1CI8 DENSITY ALT 1687FT VIS LWR SE-S FG BANK S SLP099
CYAW,2022-07-21 18:00,-63.4994,44.6397,CYAW 211800Z 16009KT 15SM FEW004 FEW030 BKN250 22/18 A2982 RMK SF1CF1CI6 DENSITY ALT 1390FT VIS LWR SE-S FG BANK SE-S SLP097
CYAW,2022-07-21 19:00,-63.4994,44.6397,CYAW 211900Z 17011KT 15SM FEW004 BKN250 20/17 A2982 RMK SF1CI6 DENSITY ALT 1147FT FG OVR APPROACHES VIS E-S 3 BR SLP097
CYAW,2022-07-21 20:00,-63.4994,44.6397,CYAW 212000Z 16012KT 12SM FEW002 BKN250 20/18 A2981 RMK SF1CI5 DENSITY ALT 1107FT VIS LWR SE-W FG OVR APPROACHES SLP095
CYAW,2022-07-21 21:00,-63.4994,44.6397,CYAW 212100Z 16008KT 10SM BKN002 BKN250 18/17 A2980 RMK SF6CI1 DENSITY ALT 970FT CIG PDMTLY TRANSPARENT VIS LWR SE-W FG OVR APPROACHES SLP093
CYAW,2022-07-21 21:45,-63.4994,44.6397,CYAW 212145Z 16008KT 1 1/4SM BR OVC002 17/17 A2981 RMK SF8 DENSITY ALT 797FT VIS VRB 3/4-2 CIG PDMTLY TRANSPARENT VIS HYR NW-N SLP094
CYAW,2022-07-21 22:00,-63.4994,44.6397,CYAW 212200Z 15006KT 9SM BKN002 BKN250 17/17 A2980 RMK SF6CI1 DENSITY ALT 843FT CIG PDMTLY TRANSPARENT VIS LWR SE-W FG OVR APPROACHES SLP092
CYAW,2022-07-21 22:12,-63.4994,44.6397,CYAW 212212Z 15007KT 1 1/2SM BR OVC002 17/17 A2980 RMK SF8 DENSITY ALT 818FT VIS VRB 1-2 CIG PDMTLY TRANSPARENT VIS HYR NW-N SLP093
CYAW,2022-07-21 22:33,-63.4994,44.6397,CYAW 212233Z 15006KT 3/4SM BR OVC002 17/16 A2981 RMK SF8 DENSITY ALT 770FT VIS HYR N CIG PDMTLY TRANSPARENT SLP094
CYAW,2022-07-21 22:43,-63.4994,44.6397,CYAW 212243Z 15004KT 3/4SM BR OVC002 17/16 A2981 RMK SF8 DENSITY ALT 745FT CIG PDMTLY TRANSPARENT LAST OBS /NEXT 221000 UTC SLP094
CYAW,2022-07-22 10:00,-63.4994,44.6397,CYAW 221000Z 16006KT 0SM FG VV000 18/18 A2980 RMK FG8 DENSITY ALT 883FT FST OBS SLP093
CYAW,2022-07-22 11:00,-63.4994,44.6397,CYAW 221100Z 15004KT 0SM FG VV000 17/17 A2981 RMK FG8 DENSITY ALT 818FT SLP094
CYAW,2022-07-22 12:00,-63.4994,44.6397,CYAW 221200Z CCA 18004KT 0SM FG VV000 18/18 A2980 RMK FG8 DENSITY ALT 936FT SLP093
CYAW,2022-07-22 13:00,-63.4994,44.6397,CYAW 221300Z 18003KT 0SM -DZ FG VV000 18/18 A2980 RMK FG8 DENSITY ALT 936FT SLP092
CYAW,2022-07-22 13:28,-63.4994,44.6397,CYAW 221328Z 18004KT 1/4SM FG VV001 19/19 A2980 RMK FG8 DENSITY ALT 1017FT SLP091
CYAW,2022-07-22 14:00,-63.4994,44.6397,CYAW 221400Z 15003KT 3/8SM FG VV001 19/19 A2979 RMK FG8 DENSITY ALT 1136FT VIS VRB 1/4-1/2 SLP089
CYAW,2022-07-22 14:26,-63.4994,44.6397,CYAW 221426Z 20004KT 1 1/2SM BR OVC002 20/20 A2979 RMK SF8 DENSITY ALT 1271FT SLP090
CYAW,2022-07-22 14:34,-63.4994,44.6397,CYAW 221434Z 19006KT 3SM BR OVC002 21/21 A2979 RMK SF8 DENSITY ALT 1311FT VIS LWR E-S SLP089
CYAW,2022-07-22 15:00,-63.4994,44.6397,CYAW 221500Z 18007KT 4SM BR SCT002 BKN007 OVC020 21/20 A2980 RMK SF3SF3SC2 DENSITY ALT 1282FT VIS LWR E-S SLP090
CYAW,2022-07-22 15:50,-63.4994,44.6397,CYAW 221550Z 18006KT 8SM BKN007 OVC020 20/20 A2980 RMK SF6SC2 D ENSITY ALT 1255FT FG OVR APPROACHES SLP090
CYAW,2022-07-22 16:00,-63.4994,44.6397,CYAW 221600Z 18007KT 8SM BKN007 BKN020 21/21 A2979 RMK SF6SC1 DENSITY ALT 1336FT FG OVR APPROACHES SLP089
CYAW,2022-07-22 17:00,-63.4994,44.6397,CYAW 221700Z 16007KT 8SM OVC006 22/20 A2978 RMK SF8 DENSITY ALT 1444FT FG OVR APPROACHES VIS LWR SE-S SLP085
CYAW,2022-07-22 18:00,-63.4994,44.6397,CYAW 221800Z 17008KT 12SM SCT008 SCT015 BKN250 22/19 A2978 RMK SF4CU1CC2 DENSITY ALT 1391FT VIS LWR SE SLP083
CYAW,2022-07-22 19:00,-63.4994,44.6397,CYAW 221900Z 16010KT 15SM FEW008 FEW016TCU SCT250 21/19 A2978 RMK SF1TCU1CC3 DENSITY ALT 1370FT VIS LWR SE SLP085
CYAW,2022-07-22 20:00,-63.4994,44.6397,CYAW 222000Z 16008KT 15SM FEW008 FEW020 SCT250 24/20 A2978 RMK SF1CU1CI2 DENSITY ALT 1628FT SF TR SLP083
CYAW,2022-07-22 21:00,-63.4994,44.6397,CYAW 222100Z 17006KT 15SM FEW006 FEW030 FEW250 24/20 A2978 RMK SF1CU1CI1 DENSITY ALT 1638FT SF TR SLP084
CYAW,2022-07-22 22:00,-63.4994,44.6397,CYAW 222200Z 00000KT 15SM FEW030 FEW250 24/20 A2979 RMK CU1CI1 DENSITY ALT 1623FT CU TR SLP087
CYAW,2022-07-22 22:22,-63.4994,44.6397,CYAW 222222Z 20005KT 15SM FEW030 FEW250 24/19 A2979 RMK CU1CI1 DENSITY ALT 1701FT CU TR LAST OBS /NEXT 251200 UTC SLP089
CYAW,2022-07-25 12:00,-63.4994,44.6397,CYAW 251200Z 02007KT 3/4SM BR OVC002 19/19 A2990 RMK ST8 DENSITY ALT 902FT FST OBS VIS LWR S SLP125
CYAW,2022-07-25 12:31,-63.4994,44.6397,CYAW 251231Z 20006KT 2SM BR OVC002 19/19 A2990 RMK ST8 DENSITY ALT 902FT VIS LWR S SLP124
CYAW,2022-07-25 13:00,-63.4994,44.6397,CYAW 251300Z 19006KT 5SM BR OVC004 19/19 A2988 RMK ST8 DENSITY ALT 1022FT VIS LWR S SLP120
CYAW,2022-07-25 13:28,-63.4994,44.6397,CYAW 251328Z 19006KT 7SM OVC006 20/19 A2988 RMK ST8 DENSITY ALT 1147FT VIS LWR S SLP118
CYAW,2022-07-25 14:00,-63.4994,44.6397,CYAW 251400Z 22008KT 10SM BKN004 OVC010 21/19 A2988 RMK SF7SC1 DENSITY ALT 1184FT VIS LWR S SLP119
CYAW,2022-07-25 15:00,-63.4994,44.6397,CYAW 251500Z 22010G15KT 15SM FEW006 BKN010 OVC090 22/20 A2989 RMK SF2SC4AC2 DENSITY ALT 1368FT VIS LWR S SLP121
CYAW,2022-07-25 16:00,-63.4994,44.6397,CYAW 251600Z 23008KT 15SM FEW006 BKN013 BKN180 22/20 A2989 RMK SF1SC5AC2 DENSITY ALT 1362FT VIS LWR S SLP121
CYAW,2022-07-25 17:00,-63.4994,44.6397,CYAW 251700Z 20008KT 15SM FEW008 FEW020 FEW150 BKN230 24/20 A2987 RMK SF1CU1AC2CI5 DENSITY ALT 1588FT SLP116
CYAW,2022-07-25 18:00,-63.4994,44.6397,CYAW 251800Z 20013KT 15SM FEW008 FEW020 FEW150 SCT230 23/20 A2987 RMK SF1CU1AC1CS4 DENSITY ALT 1519FT TRACE LYRS SLP115
CYAW,2022-07-25 19:00,-63.4994,44.6397,CYAW 251900Z 20008KT 15SM FEW008 FEW020 FEW150 BKN230 23/20 A2988 RMK SF1CU1AC1CS5 DENSITY ALT 1504FT SLP118
CYAW,2022-07-25 20:00,-63.4994,44.6397,CYAW 252000Z 21010G15KT 15SM FEW008 FEW020 FEW150 BKN250 24/20 A2987 RMK SF1CU1AC1CI5 DENSITY ALT 1569FT SLP115
CYAW,2022-07-25 21:00,-63.4994,44.6397,CYAW 252100Z 22007KT 15SM FEW008 BKN014 BKN250 22/19 A2988 RMK SF1SC5CI2 DENSITY ALT 1322FT VIS LWR SW SLP119
CYAW,2022-07-25 21:17,-63.4994,44.6397,CYAW 252117Z 21008KT 12SM BKN007 OVC012 21/19 A2987 RMK SF5SC3 DENSITY ALT 1228FT VIS LWR SW SLP117
CYAW,2022-07-25 21:40,-63.4994,44.6397,CYAW 252140Z 21010G16KT 9SM BKN004 OVC009 20/19 A2987 RMK SF6SF2 DENSITY ALT 1103FT VIS LWR SW SLP115
CYAW,2022-07-25 22:00,-63.4994,44.6397,CYAW 252200Z 21009KT 3SM BR OVC002 19/19 A2987 RMK SF8 DENSITY ALT 1030FT SLP116
CYAW,2022-07-25 23:00,-63.4994,44.6397,CYAW 252300Z 21010G17KT 2 1/4SM BR OVC002 19/18 A2988 RMK SF8 DENSITY ALT 931FT VIS VRB 1 1/2-3 SLP119
CYAW,2022-07-26 11:00,-63.4994,44.6397,CYAW 261100Z 28004KT 1/2SM FG OVC003 18/18 A2986 RMK SF8 DENSITY ALT 879FT VIS VRB 1/4-3/4 FST OBS SLP111
CYAW,2022-07-26 11:26,-63.4994,44.6397,CYAW 261126Z 28006KT 1/8SM FG OVC003 19/19 A2987 RMK SF8 DENSITY ALT 963FT VIS VRB 0-1/4 SLP114
CYAW,2022-07-26 12:00,-63.4994,44.6397,CYAW 261200Z 28004KT 1/8SM FG OVC003 19/19 A2987 RMK FG2SF6 DENSITY ALT 1015FT VIS VRB 0-1/4 SLP116
CYAW,2022-07-26 12:22,-63.4994,44.6397,CYAW 261222Z 25003KT 1/2SM FG OVC003 19/19 A2987 RMK FG2SF6 DENSITY ALT 1042FT SLP117
CYAW,2022-07-26 12:42,-63.4994,44.6397,CYAW 261242Z 16004KT 0SM FG OVC003 16/15 A2988 RMK FG4SF4 DENSITY ALT 532FT SLP118
CYAW,2022-07-26 13:00,-63.4994,44.6397,CYAW 261300Z 15002KT 1/4SM FG OVC003 17/17 A2988 RMK FG4SF4 DENSITY ALT 682FT VIS VRB 1/8-3/8 SLP119
CYAW,2022-07-26 13:09,-63.4994,44.6397,CYAW 261309Z 00000KT 1/2SM FG OVC003 18/18 A2987 RMK FG2SF6 DENSITY ALT 893FT VIS VRB 1/4-3/4 SLP117
CYAW,2022-07-26 14:00,-63.4994,44.6397,CYAW 261400Z 17005KT 7SM VCFG SCT003 BKN015 20/19 A2988 RMK SF3SC4 DENSITY ALT 1074FT FG OVR APPROACHES SLP119
CYAW,2022-07-26 14:29,-63.4994,44.6397,CYAW 261429Z 22005KT 10SM FEW008 SCT045 22/21 A2988 RMK SF2SC2 DENSITY ALT 1402FT FG OVR APPROACHES SLP118
CYAW,2022-07-26 15:00,-63.4994,44.6397,CYAW 261500Z 21005KT 15SM FEW020 SCT250 24/21 A2987 RMK SC2CI1 DENSITY ALT 1599FT SLP116
CYAW,2022-07-26 16:00,-63.4994,44.6397,CYAW 261600Z 17007KT 15SM FEW020 SCT250 25/21 A2987 RMK SC2CI1 DENSITY ALT 1673FT SLP115
CYAW,2022-07-26 17:00,-63.4994,44.6397,CYAW 261700Z 18010KT 15SM FEW020 SCT250 25/20 A2987 RMK SC2CI1 DENSITY ALT 1740FT SLP114
CYAW,2022-07-26 18:00,-63.4994,44.6397,CYAW 261800Z 18011KT 15SM FEW020 SCT250 24/20 A2987 RMK SC2CI1 DENSITY ALT 1565FT SLP116
CYAW,2022-07-26 19:00,-63.4994,44.6397,CYAW 261900Z 19008KT 15SM FEW008 FEW030 SCT250 25/19 A2987 RMK SF1CU1CI4 DENSITY ALT 1698FT SLP114
CYAW,2022-07-26 20:00,-63.4994,44.6397,CYAW 262000Z 21010G16KT 15SM FEW008 FEW030 BKN250 24/18 A2987 RMK SF1CU1CI5 DENSITY ALT 1580FT SLP113
CYAW,2022-07-26 21:00,-63.4994,44.6397,CYAW 262100Z 22011G16KT 15SM FEW030 SCT250 24/16 A2987 RMK CU1CI4 DENSITY ALT 1507FT SLP115
CYAW,2022-07-26 22:00,-63.4994,44.6397,CYAW 262200Z 22005KT 15SM FEW030 BKN250 23/16 A2986 RMK CU1CI6 DENSITY ALT 1433FT SLP110
CYAW,2022-07-26 23:00,-63.4994,44.6397,CYAW 262300Z 00000KT 15SM FEW030 FEW150 BKN250 22/14 A2986 RMK CU1AC1CI5 DENSITY ALT 1313FT SLP112
CYAW,2022-07-27 00:00,-63.4994,44.6397,CYAW 270000Z 23004KT 15SM FEW030 BKN250 20/14 A2988 RMK SC1CI7 DENSITY ALT 1047FT SLP118
CYAW,2022-07-27 01:00,-63.4994,44.6397,CYAW 270100Z 23002KT 15SM FEW030 BKN250 17/14 A2988 RMK SC1CI6 DENSITY ALT 623FT SLP120
CYAW,2022-07-27 02:00,-63.4994,44.6397,CYAW 270200Z 27007KT 15SM BKN250 21/12 A2989 RMK CC7 DENSITY ALT 1090FT SLP120
CYAW,2022-07-27 03:00,-63.4994,44.6397,CYAW 270300Z 32004KT 15SM FEW250 19/12 A2989 RMK CI2 DENSITY ALT 914FT LAST OBS /NEXT 271000 UTC SLP120
CYAW,2022-07-27 10:00,-63.4994,44.6397,CYAW 271000Z 00000KT 15SM FEW070 15/13 A2986 RMK AC1 DENSITY ALT 452FT FST OBS SLP113
CYAW,2022-07-27 11:00,-63.4994,44.6397,CYAW 271100Z 00000KT 15SM FEW070 18/15 A2987 RMK AC1 DENSITY ALT 851FT SLP116
CYAW,2022-07-27 12:00,-63.4994,44.6397,CYAW 271200Z 00000KT 15SM FEW070 20/15 A2987 RMK AC1 DENSITY ALT 1016FT SLP116
CYAW,2022-07-27 13:00,-63.4994,44.6397,CYAW 271300Z 00000KT 15SM FEW070 22/15 A2987 RMK AC1 DENSITY ALT 1256FT SLP117
CYAW,2022-07-27 14:00,-63.4994,44.6397,CYAW 271400Z 18004KT 15SM FEW030 FEW070 FEW250 23/16 A2987 RMK CU1AC1CI1 DENSITY ALT 1370FT SLP113
CYAW,2022-07-27 15:00,-63.4994,44.6397,CYAW 271500Z 19006KT 15SM FEW030 FEW250 25/16 A2985 RMK CU1CI1 DENSITY ALT 1608FT CU TR SLP109
CYAW,2022-07-27 16:00,-63.4994,44.6397,CYAW 271600Z 17010KT 15SM FEW035 SCT250 24/16 A2984 RMK CU1CI3 DENSITY ALT 1571FT SLP106
CYAW,2022-07-27 17:00,-63.4994,44.6397,CYAW 271700Z 18010KT 15SM FEW040 BKN250 25/15 A2984 RMK CU1CI5 DENSITY ALT 1658FT SLP103
CYAW,2022-07-27 18:00,-63.4994,44.6397,CYAW 271800Z 21011KT 15SM FEW045 BKN250 26/15 A2983 RMK CU1CI6 DENSITY ALT 1752FT SLP101
CYAW,2022-07-27 19:00,-63.4994,44.6397,CYAW 271900Z 21008G16KT 15SM FEW050 BKN250 26/15 A2983 RMK CU1CI6 DENSITY ALT 1740FT SLP100
CYAW,2022-07-27 20:00,-63.4994,44.6397,CYAW 272000Z 23012KT 15SM FEW050 BKN250 26/15 A2983 RMK CU1CI5 DENSITY ALT 1716FT SLP101
CYAW,2022-07-27 21:00,-63.4994,44.6397,CYAW 272100Z 20005KT 15SM FEW050 SCT250 25/15 A2982 RMK CU1CI2 DENSITY ALT 1681FT SLP097
CYAW,2022-07-27 22:00,-63.4994,44.6397,CYAW 272200Z 22005KT 15SM FEW050 SCT250 23/15 A2983 RMK CU1CI2 DENSITY ALT 1466FT SLP102
CYAW,2022-07-27 23:00,-63.4994,44.6397,CYAW 272300Z 25010KT 15SM FEW050 FEW250 22/14 A2983 RMK CU1CI2 DENSITY ALT 1280FT SLP101
CYAW,2022-07-28 00:00,-63.4994,44.6397,CYAW 280000Z 25003KT 15SM SCT250 20/14 A2984 RMK CI3 DENSITY ALT 1075FT SLP103
CYAW,2022-07-28 01:00,-63.4994,44.6397,CYAW 280100Z 00000KT 15SM FEW075 SCT250 19/14 A2984 RMK AC1CI2 DENSITY ALT 906FT SLP105
CYAW,2022-07-28 01:27,-63.4994,44.6397,CYAW 280127Z 00000KT 15SM FEW075 SCT250 18/14 A2985 RMK AC1CI2 DENSITY ALT 787FT LAST OBS /NEXT 281000 UTC SLP107
CYAW,2022-07-28 10:00,-63.4994,44.6397,CYAW 281000Z 00000KT 15SM FEW010 FEW150 FEW250 16/14 A2987 RMK ST1AC1CC1 DENSITY ALT 504FT FST OBS SLP115
CYAW,2022-07-28 11:00,-63.4994,44.6397,CYAW 281100Z 00000KT 15SM FEW030 FEW150 FEW250 19/14 A2987 RMK SC1AC1CC1 DENSITY ALT 884FT SLP116
CYAW,2022-07-28 12:00,-63.4994,44.6397,CYAW 281200Z 00000KT 15SM FEW150 FEW250 21/14 A2988 RMK AC1CC1 DENSITY ALT 1135FT SLP117
CYAW,2022-07-28 13:00,-63.4994,44.6397,CYAW 281300Z 00000KT 15SM FEW200 23/14 A2988 RMK CC1 DENSITY ALT 1336FT SLP117
CYAW,2022-07-28 14:00,-63.4994,44.6397,CYAW 281400Z 00000KT 15SM FEW035 FEW220 24/16 A2988 RMK CU1CC1 DENSITY ALT 1519FT SLP119
CYAW,2022-07-28 15:00,-63.4994,44.6397,CYAW 281500Z 15007KT 15SM FEW040 FEW250 24/16 A2989 RMK CU1CC1 DENSITY ALT 1514FT SLP120
CYAW,2022-07-28 16:00,-63.4994,44.6397,CYAW 281600Z CCA 17009KT 15SM FEW040 FEW250 25/16 A2988 RMK CU1CC1 DENSITY ALT 1665FT CC TR SLP118
CYAW,2022-07-28 17:00,-63.4994,44.6397,CYAW 281700Z 17009KT 15SM FEW040 FEW250 26/16 A2987 RMK CU2CI1 DENSITY ALT 1744FT SLP116
CYAW,2022-07-28 18:00,-63.4994,44.6397,CYAW 281800Z 18012KT 15SM FEW050 FEW250 26/15 A2987 RMK CU1CI1 DENSITY ALT 1761FT SLP116
CYAW,2022-07-28 19:00,-63.4994,44.6397,CYAW 281900Z 18009KT 15SM FEW050 26/16 A2987 RMK CU1 DENSITY ALT 1769FT SLP116
CYAW,2022-07-28 20:00,-63.4994,44.6397,CYAW 282000Z 20011KT 15SM FEW050 26/15 A2988 RMK CU1 DENSITY ALT 1741FT SLP117
CYAW,2022-07-28 21:00,-63.4994,44.6397,CYAW 282100Z 23007KT 15SM FEW050 FEW080 25/14 A2988 RMK CU1AC1 DENSITY ALT 1596FT SLP120
CYAW,2022-07-28 22:00,-63.4994,44.6397,CYAW 282200Z 24011KT 15SM FEW050 FEW080 23/12 A2990 RMK CU1AC1 DENSITY ALT 1365FT SLP126
CYAW,2022-07-28 23:00,-63.4994,44.6397,CYAW 282300Z 24006KT 15SM FEW040 FEW090 BKN250 22/11 A2990 RMK CU1AC1CI5 DENSITY ALT 1172FT SLP126
CYAW,2022-07-29 00:00,-63.4994,44.6397,CYAW 290000Z 25004KT 15SM SCT075 BKN250 21/11 A2991 RMK AC3CI3 DENSITY ALT 1019FT SLP127
CYAW,2022-07-29 01:00,-63.4994,44.6397,CYAW 290100Z 24006KT 15SM BKN075 20/11 A2992 RMK AC7 DENSITY ALT 951FT SLP131
CYAW,2022-07-29 01:18,-63.4994,44.6397,CYAW 290118Z 23006KT 15SM OVC075 20/12 A2992 RMK AC8 DENSITY AL T 920FT LAST OBS/NXT 291000 UTC SLP130
CYAW,2022-07-29 10:00,-63.4994,44.6397,CYAW 291000Z 17004KT 1/8SM FG VV001 16/16 A2989 RMK FG8 DENSITY ALT 564FT FST OBS SLP122
CYAW,2022-07-29 11:00,-63.4994,44.6397,CYAW 291100Z 17008KT 1/8SM FG VV001 16/16 A2989 RMK FG8 DENSITY ALT 618FT SLP122
CYAW,2022-07-29 12:00,-63.4994,44.6397,CYAW 291200Z 18006KT 1/4SM FG VV001 16/16 A2990 RMK FG8 DENSITY ALT 541FT VIS VRB 1/8-1/2 SLP125
CYAW,2022-07-29 12:20,-63.4994,44.6397,CYAW 291220Z 18005KT 3/4SM -SHRA BR OVC001 16/16 A2990 RMK SF8 DENSITY ALT 606FT VIS VRB 1/2-1 VIS HYR SW-W SLP127
CYAW,2022-07-29 12:40,-63.4994,44.6397,CYAW 291240Z 17006KT 10SM -SHRA BKN002 OVC060 17/17 A2990 RMK S F5SC3 DENSITY ALT 686FT VIS LWR NE-S SLP125
CYAW,2022-07-29 13:00,-63.4994,44.6397,CYAW 291300Z 17006KT 12SM -SHRA SCT002 OVC055 17/17 A2990 RMK SF3SC5 DENSITY ALT 699FT VIS LWR NE-S SLP125
CYAW,2022-07-29 14:00,-63.4994,44.6397,CYAW 291400Z 19007KT 15SM FEW003 OVC055 18/17 A2990 RMK SF1SC8 DENSITY ALT 769FT FG BANK W SLP127
CYAW,2022-07-29 14:06,-63.4994,44.6397,CYAW 291406Z 20009KT 6SM -SHRA BR FEW003 OVC055 18/17 A2991 RMK SF1SC8 DENSITY ALT 766FT SLP128
CYAW,2022-07-29 14:23,-63.4994,44.6397,CYAW 291423Z 19010KT 2 1/4SM SHRA BR SCT003 OVC009 18/17 A2991 RMK SF4ST4 DENSITY ALT 799FT VIS VRB 1 1/2-3 SLP128
CYAW,2022-07-29 14:41,-63.4994,44.6397,CYAW 291441Z 18009KT 6SM -SHRA BR FEW003 OVC040 18/17 A2989 RMK FG2SF1SC6 DENSITY ALT 811FT SLP122
CYAW,2022-07-29 15:00,-63.4994,44.6397,CYAW 291500Z 18009KT 5SM -SHRA BR FEW003 BKN026 OVC070 19/18 A2989 RMK RA2SF1SC5AC1 DENSITY ALT 887FT VIS HYR NE SLP122
CYAW,2022-07-29 15:21,-63.4994,44.6397,CYAW 291521Z 15009KT 2 1/4SM SHRA BR FEW004 OVC015 17/17 A2988 RMK SF2ST6 DENSITY ALT 744FT VIS VRB 1 1/2-3 SLP119
CYAW,2022-07-29 15:39,-63.4994,44.6397,CYAW 291539Z 14007KT 6SM -SHRA BR OVC011 17/17 A2987 RMK SF8 DE NSITY ALT 714FT SLP117
CYAW,2022-07-29 16:00,-63.4994,44.6397,CYAW 291600Z 16008KT 2 1/4SM -SHRA BR OVC007 18/17 A2987 RMK SF8 DENSITY ALT 834FT VIS VRB 1 1/2-3 CIG VRB 5-9 SLP115
CYAW,2022-07-29 16:30,-63.4994,44.6397,CYAW 291630Z 18007KT 1SM -DZ BR OVC004 18/18 A2986 RMK SF8 DENS ITY ALT 864FT VIS VRB 3/4-1 1/2 CIG VRB 3-5 SLP111
CYAW,2022-07-29 17:00,-63.4994,44.6397,CYAW 291700Z 19008KT 1SM -SHRA BR OVC002 18/18 A2984 RMK SF8 DENSITY ALT 899FT VIS VRB 3/4-1 1/2 SLP107
CYAW,2022-07-29 17:41,-63.4994,44.6397,CYAW 291741Z 19011G18KT 3/4SM -DZ BR OVC002 18/18 A2984 RMK SF8 DENSITY ALT 929FT VIS VRB 1/2-1 SLP105
CYAW,2022-07-29 18:00,-63.4994,44.6397,CYAW 291800Z 19013KT 3/4SM -DZ BR OVC002 18/18 A2984 RMK SF8 DENSITY ALT 942FT LAST OBS/NXT 021000 UTC SLP104
CYAW,2022-08-02 10:00,-63.4994,44.6397,CYAW 021000Z 00000KT 1/4SM FG VV001 17/17 A2992 RMK FG8 DENSITY ALT 638FT FST OBS SLP131
CYAW,2022-08-02 11:00,-63.4994,44.6397,CYAW 021100Z 00000KT 1/2SM FG OVC001 18/18 A2991 RMK ST8 DENSITY ALT 768FT VIS VRB 1/4-3/4 SLP128
CYAW,2022-08-02 12:00,-63.4994,44.6397,CYAW 021200Z 13006KT 1SM BR BKN002 OVC066 19/19 A2990 RMK SF5AC3 DENSITY ALT 956FT VIS VRB 3/4-1 1/2 SLP125
CYAW,2022-08-02 12:29,-63.4994,44.6397,CYAW 021229Z 13005KT 6SM BR OVC002 19/19 A2988 RMK SF8 DENSITY ALT 1031FT VIS LWR SE-W FG OVR APPROACHES SLP119
CYAW,2022-08-02 13:00,-63.4994,44.6397,CYAW 021300Z 12010KT 12SM SCT004 BKN095 20/20 A2986 RMK SF4AC3 DENSITY ALT 1109FT VIS LWR SE-W FG OVR APPROACHES SLP112
CYAW,2022-08-02 14:00,-63.4994,44.6397,CYAW 021400Z 13011KT 15SM FEW004 FEW010 BKN063 21/20 A2986 RMK SF2CU1SC5 DENSITY ALT 1298FT VIS LWR SW-W FG OVR APPROACHES SLP113
CYAW,2022-08-02 15:00,-63.4994,44.6397,CYAW 021500Z 13010G16KT 15SM FEW010 BKN035 BKN060 22/20 A2984 RMK CU1SC4SC2 DENSITY ALT 1360FT VIS LWR W FG OVR APPROACHES SLP105
CYAW,2022-08-02 16:00,-63.4994,44.6397,CYAW 021600Z 12009KT 15SM SCT005 SCT010 BKN047 OVC120 20/20 A2982 RMK SF3CU1SC2AC2 DENSITY ALT 1219FT VIS LWR W FG OVR APPROACHES SLP099
CYAW,2022-08-02 16:16,-63.4994,44.6397,CYAW 021616Z 12008G16KT 12SM -SHRA SCT008 BKN040 OVC120 20/19 A2982 RMK SF3SC4AC1 DENSITY ALT 1116FT VIS LWR W FG OVR APPROACHES SLP096
CYAW,2022-08-02 16:34,-63.4994,44.6397,CYAW 021634Z 11008KT 12SM FEW001 OVC006 20/19 A2981 RMK SF1SF8 DENSITY ALT 1192FT VIS LWR W SLP094
CYAW,2022-08-02 17:00,-63.4994,44.6397,CYAW 021700Z 10008KT 12SM FEW001 OVC005 20/20 A2980 RMK SF1SF8 DENSITY ALT 1244FT VIS LWR W SLP091
CYAW,2022-08-02 17:25,-63.4994,44.6397,CYAW 021725Z 11004KT 4SM -SHRA BR OVC004 20/20 A2980 RMK SF8 DE NSITY ALT 1233FT SLP092
CYAW,2022-08-02 17:52,-63.4994,44.6397,CYAW 021752Z 00000KT 2SM -SHRA BR OVC003 20/19 A2979 RMK SF8 DE NSITY ALT 1182FT CIG VRB 2-4 SLP089
CYAW,2022-08-02 18:00,-63.4994,44.6397,CYAW 021800Z 11002KT 3/4SM SHRA BR OVC004 20/20 A2979 RMK SF8 DENSITY ALT 1196FT SLP086
CYAW,2022-08-02 18:10,-63.4994,44.6397,CYAW 021810Z 12004KT 2SM -SHRA BR BKN004 OVC008 20/19 A2979 RMK SF6SF2 DENSITY ALT 1182FT VIS VRB 1 1/2-2 1/2 SLP086
CYAW,2022-08-02 18:41,-63.4994,44.6397,CYAW 021841Z 13004KT 3SM -DZ BR BKN003 OVC008 20/20 A2977 RMK S F6SF2 DENSITY ALT 1234FT VIS LWR SE-SW SLP082
CYAW,2022-08-02 19:00,-63.4994,44.6397,CYAW 021900Z 16003KT 1SM -SHRA BR OVC002 20/20 A2977 RMK SF8 DENSITY ALT 1248FT VIS VRB 3/4-1 1/2 SLP081
CYAW,2022-08-02 19:42,-63.4994,44.6397,CYAW 021942Z 16007KT 1/4SM -SHRA FG VV001 20/20 A2976 RMK FG8 D ENSITY ALT 1234FT SLP076
CYAW,2022-08-02 20:00,-63.4994,44.6397,CYAW 022000Z 16006KT 1/8SM -DZ FG VV000 20/20 A2975 RMK FG8 DENSITY ALT 1230FT SLP074
CYAW,2022-08-02 20:22,-63.4994,44.6397,CYAW 022022Z 18005KT 0SM -DZ FG VV000 20/19 A2975 RMK FG8 DENSITY ALT 1205FT SLP073
CYAW,2022-08-02 20:46,-63.4994,44.6397,CYAW 022046Z 00000KT 0SM FG VV000 20/20 A2974 RMK FG8 DENSITY A LT 1218FT LAST OBS/NXT 031000 UTC SLP072
CYAW,2022-08-03 10:00,-63.4994,44.6397,CYAW 031000Z 00000KT 3/4SM BR OVC002 17/17 A2988 RMK ST8 DENSITY ALT 736FT FST OBS SLP119
CYAW,2022-08-03 10:16,-63.4994,44.6397,CYAW 031016Z 00000KT 1/2SM FG OVC002 17/17 A2989 RMK ST8 DENSIT Y ALT 751FT VIS VRB 1/4-3/4 SLP121
CYAW,2022-08-03 10:36,-63.4994,44.6397,CYAW 031036Z 00000KT 1/8SM FG VV001 17/17 A2990 RMK FG8 DENSITY ALT 688FT SLP124
CYAW,2022-08-03 11:00,-63.4994,44.6397,CYAW 031100Z 00000KT 1/4SM FG VV001 17/17 A2990 RMK FG8 DENSITY ALT 688FT VIS VRB 1/8-3/8 SLP126
CYAW,2022-08-03 12:00,-63.4994,44.6397,CYAW 031200Z 00000KT 1/2SM FG OVC001 18/18 A2991 RMK ST8 DENSITY ALT 770FT VIS VRB 1/4-3/4 SLP128
CYAW,2022-08-03 12:10,-63.4994,44.6397,CYAW 031210Z 18002KT 1SM BR BKN001 OVC018 18/18 A2991 RMK ST7SC 1 DENSITY ALT 850FT VIS VRB 3/4-1 1/2 SLP128
CYAW,2022-08-03 12:19,-63.4994,44.6397,CYAW 031219Z 21002KT 2 1/4SM BR SCT001 OVC018 18/18 A2991 RMK S F4SC4 DENSITY ALT 864FT VIS VRB 1 1/2-3 SLP129
CYAW,2022-08-03 12:27,-63.4994,44.6397,CYAW 031227Z 20004KT 2SM BR FEW001 BKN008 OVC018 19/18 A2991 RMK SF2SF5SC1 DENSITY ALT 875FT VIS VRB 1-3 SLP129
CYAW,2022-08-03 13:00,-63.4994,44.6397,CYAW 031300Z 00000KT 6SM BR BKN004 OVC016 19/19 A2991 RMK SF7SC1 DENSITY ALT 952FT VIS LWR S SLP130
CYAW,2022-08-03 13:35,-63.4994,44.6397,CYAW 031335Z 00000KT 6SM BR OVC006 21/20 A2991 RMK SF8 DENSITY ALT 1170FT VIS LWR S CIG VRB 4-8 SLP130
CYAW,2022-08-03 14:00,-63.4994,44.6397,CYAW 031400Z CCA 26003KT 12SM BKN006 22/20 A2992 RMK SF7 DENSITY ALT 1255FT VIS LWR S FG OVR APPROACHES SLP131
CYAW,2022-08-03 14:28,-63.4994,44.6397,CYAW 031428Z CCA 22002KT 12SM BKN012 23/20 A2992 RMK SC7 DENSIT Y ALT 1362FT VIS LWR S SLP133
CYAW,2022-08-03 15:00,-63.4994,44.6397,CYAW 031500Z 24003KT 15SM FEW001 BKN011 OVC016 23/20 A2993 RMK SF1SC7SC1 DENSITY ALT 1357FT SLP135
CYAW,2022-08-03 16:00,-63.4994,44.6397,CYAW 031600Z 24004KT 15SM BKN014 24/20 A2993 RMK SC6 DENSITY ALT 1513FT SLP135
CYAW,2022-08-03 16:27,-63.4994,44.6397,CYAW 031627Z 21004KT 15SM SCT018 25/21 A2992 RMK CU3 DENSITY AL T 1650FT SLP134
CYAW,2022-08-03 17:00,-63.4994,44.6397,CYAW 031700Z 18006KT 15SM SCT020 25/22 A2993 RMK CU3 DENSITY ALT 1662FT SLP135
CYAW,2022-08-03 18:00,-63.4994,44.6397,CYAW 031800Z 16011KT 15SM FEW002 SCT040 23/20 A2994 RMK SF1CU4 DENSITY ALT 1385FT FG OVR APPROACHES SLP140
CYAW,2022-08-03 19:00,-63.4994,44.6397,CYAW 031900Z 16010KT 15SM FEW004 FEW040 23/20 A2995 RMK SF1CU2 DENSITY ALT 1408FT FG OVR APPROACHES SLP143
CYAW,2022-08-03 20:00,-63.4994,44.6397,CYAW 032000Z 16008KT 15SM FEW004 FEW040 23/20 A2996 RMK SF1CU1 DENSITY ALT 1420FT SLP146
CYAW,2022-08-03 21:00,-63.4994,44.6397,CYAW 032100Z 18008KT 15SM FEW006 FEW040 FEW250 25/21 A2996 RMK SF1CU1CI1 DENSITY ALT 1607FT SLP147
CYAW,2022-08-03 22:00,-63.4994,44.6397,CYAW 032200Z 18005KT 15SM FEW006 FEW040 FEW250 24/20 A2996 RMK SF1CU1CI1 DENSITY ALT 1460FT SLP147
CYAW,2022-08-03 23:00,-63.4994,44.6397,CYAW 032300Z 00000KT 15SM FEW006 FEW035 BKN250 22/19 A2997 RMK SF1CU1CI6 DENSITY ALT 1185FT SLP150
CYAW,2022-08-04 00:00,-63.4994,44.6397,CYAW 040000Z 00000KT 15SM FEW006 FEW035 BKN250 19/18 A2998 RMK SF1CU1CI7 DENSITY ALT 820FT SLP153
CYAW,2022-08-04 01:00,-63.4994,44.6397,CYAW 040100Z 15003KT 15SM FEW003 BKN250 17/17 A3000 RMK SF1CI6 DENSITY ALT 582FT VIS LWR S SLP159
CYAW,2022-08-04 01:30,-63.4994,44.6397,CYAW 040130Z 00000KT 12SM SCT003 BKN250 16/16 A3001 RMK SF3CI4 DENSITY ALT 399FT LAST OBS/NXT 041000 UTC SLP162
CYAW,2022-08-04 10:00,-63.4994,44.6397,CYAW 041000Z 00000KT 2SM BR VCFG SCT250 15/15 A3009 RMK CI3 DENSITY ALT 150FT VIS LWR E QUAD FST OBS SLP190
CYAW,2022-08-04 10:35,-63.4994,44.6397,CYAW 041035Z 00000KT 10SM SCT250 16/16 A3009 RMK CI3 DENSITY AL T 337FT VIS LWR S SLP191
CYAW,2022-08-04 11:00,-63.4994,44.6397,CYAW 041100Z 00000KT 15SM SCT250 17/17 A3010 RMK CI3 DENSITY ALT 485FT VIS LWR S SLP192
CYAW,2022-08-04 12:00,-63.4994,44.6397,CYAW 041200Z 00000KT 15SM SCT250 21/17 A3010 RMK CI3 DENSITY ALT 870FT SLP194
CYAW,2022-08-04 13:00,-63.4994,44.6397,CYAW 041300Z 15006KT 15SM SCT250 22/18 A3010 RMK CI4 DENSITY ALT 1060FT SLP192
CYAW,2022-08-04 14:00,-63.4994,44.6397,CYAW 041400Z 17007KT 15SM BKN230 23/17 A3010 RMK CS7 DENSITY ALT 1162FT HALO SLP194
CYAW,2022-08-04 15:00,-63.4994,44.6397,CYAW 041500Z 17010KT 15SM OVC230 24/17 A3010 RMK CS8 DENSITY ALT 1248FT HALO SLP192
CYAW,2022-08-04 16:00,-63.4994,44.6397,CYAW 041600Z 17009KT 15SM BKN250 24/17 A3009 RMK CI7 DENSITY ALT 1335FT SLP188
CYAW,2022-08-04 17:00,-63.4994,44.6397,CYAW 041700Z 17010KT 15SM FEW010 BKN250 24/18 A3009 RMK SF1CI6 DENSITY ALT 1333FT SLP188
CYAW,2022-08-04 18:00,-63.4994,44.6397,CYAW 041800Z 18011KT 15SM FEW010 BKN250 24/18 A3009 RMK SF1CI7 DENSITY ALT 1344FT SLP191
CYAW,2022-08-04 19:00,-63.4994,44.6397,CYAW 041900Z 17010KT 15SM FEW006 BKN250 24/19 A3009 RMK SF1CI6 DENSITY ALT 1286FT SLP188
CYAW,2022-08-04 20:00,-63.4994,44.6397,CYAW 042000Z 18007KT 15SM FEW006 BKN250 21/18 A3009 RMK SF1CI5 DENSITY ALT 973FT FG BANK S VIS LWR SE-W SLP190
CYAW,2022-08-04 21:00,-63.4994,44.6397,CYAW 042100Z 18008KT 15SM FEW006 BKN250 21/19 A3009 RMK SF1CI5 DENSITY ALT 1001FT FG BANK S SLP189
CYAW,2022-08-04 22:00,-63.4994,44.6397,CYAW 042200Z 17006KT 15SM FEW006 BKN250 21/19 A3008 RMK SF1CI5 DENSITY ALT 992FT FG BANK S SLP187
CYAW,2022-08-04 23:00,-63.4994,44.6397,CYAW 042300Z CCA 17006KT 15SM FEW006 BKN250 19/18 A3009 RMK SF1CI4 DENSITY ALT 773FT VIS LWR S QUAD FG BANK S LAST OBS /NEXT 051000 UTC SLP188
CYAW,2022-08-05 10:00,-63.4994,44.6397,CYAW 051000Z 17004KT 1/8SM FG VV000 17/17 A3012 RMK FG8 DENSITY ALT 381FT FST OBS SLP201
CYAW,2022-08-05 10:33,-63.4994,44.6397,CYAW 051033Z 00000KT 3/8SM FG VV001 18/18 A3012 RMK FG8 DENSITY ALT 516FT SLP201
CYAW,2022-08-05 11:00,-63.4994,44.6397,CYAW 051100Z 00000KT 3/4SM BR VV001 18/18 A3012 RMK FG8 DENSITY ALT 556FT VIS VRB 1/2-1 SLP199
CYAW,2022-08-05 11:35,-63.4994,44.6397,CYAW 051135Z 00000KT 3/8SM FG VV001 19/19 A3012 RMK FG8 DENSITY ALT 649FT VIS VRB 1/4-1/2 SLP200
CYAW,2022-08-05 12:00,-63.4994,44.6397,CYAW 051200Z 20006KT 3/8SM FG VV001 19/19 A3012 RMK FG8 DENSITY ALT 716FT VIS VRB 1/4-1/2 SLP200
CYAW,2022-08-05 12:31,-63.4994,44.6397,CYAW 051231Z 20003KT 1SM BR OVC002 19/19 A3013 RMK ST8 DENSITY ALT 719FT VIS VRB 3/4-1 1/2 SLP202
CYAW,2022-08-05 13:00,-63.4994,44.6397,CYAW 051300Z 19005KT 1SM BR BKN001 OVC003 20/20 A3012 RMK SF6SF2 DENSITY ALT 785FT VIS VRB 3/4-1 1/2 SLP200
CYAW,2022-08-05 13:38,-63.4994,44.6397,CYAW 051338Z 22005KT 4SM BR OVC002 20/20 A3013 RMK SF8 DENSITY ALT 841FT CIG VRB 1-3 VIS LWR E-SW SLP203
CYAW,2022-08-05 14:00,-63.4994,44.6397,CYAW 051400Z 20006KT 4SM BR OVC003 20/20 A3014 RMK SF8 DENSITY ALT 826FT VIS E-S 1 1/2 SLP205
CYAW,2022-08-05 14:30,-63.4994,44.6397,CYAW 051430Z 20004KT 5SM BR FEW002 OVC005 21/20 A3014 RMK SF1SF 7 DENSITY ALT 963FT VIS E-S 1 1/2 SLP205
CYAW,2022-08-05 15:00,-63.4994,44.6397,CYAW 051500Z 19006KT 5SM BR FEW002 OVC006 21/20 A3013 RMK SF1SF8 DENSITY ALT 997FT VIS SE-S 1 1/2 FG OVR APPROACHES SLP204
CYAW,2022-08-05 15:31,-63.4994,44.6397,CYAW 051531Z 20006KT 8SM FEW002 OVC005 22/21 A3012 RMK SF1SF8 D ENSITY ALT 1092FT SLP201
CYAW,2022-08-05 15:45,-63.4994,44.6397,CYAW 051545Z 20005KT 12SM SCT005 BKN009 BKN018 23/21 A3012 RMK SF3SF3SC1 DENSITY ALT 1207FT SLP200
CYAW,2022-08-05 16:00,-63.4994,44.6397,CYAW 051600Z 21005KT 15SM SCT006 BKN014 24/22 A3012 RMK SF3SC4 DENSITY ALT 1320FT SLP199
CYAW,2022-08-05 16:36,-63.4994,44.6397,CYAW 051636Z 18006KT 15SM FEW005 OVC009 22/20 A3011 RMK SF1SF8 DENSITY ALT 1111FT VIS LWR S SLP198
CYAW,2022-08-05 17:00,-63.4994,44.6397,CYAW 051700Z 19010G16KT 15SM BKN009 23/21 A3011 RMK SF7 DENSITY ALT 1268FT VIS LWR S SLP197
CYAW,2022-08-05 17:18,-63.4994,44.6397,CYAW 051718Z 20006KT 15SM FEW005 OVC015 24/22 A3011 RMK SF1SC7 DENSITY ALT 1347FT VIS LWR S FG OVR APPROACHES SLP195
CYAW,2022-08-05 18:00,-63.4994,44.6397,CYAW 051800Z 19006KT 15SM FEW005 SCT014 SCT250 24/22 A3009 RMK SF1CU2CI1 DENSITY ALT 1411FT SLP191
CYAW,2022-08-05 19:00,-63.4994,44.6397,CYAW 051900Z 15006KT 15SM FEW005 FEW015 SCT250 25/22 A3008 RMK SF1CU1CI2 DENSITY ALT 1509FT FG BANK S SLP187
CYAW,2022-08-05 20:00,-63.4994,44.6397,CYAW 052000Z 16010KT 15SM FEW005 FEW020 FEW040 BKN250 23/20 A3008 RMK SF1CU1SC1CI3 DENSITY ALT 1256FT FG BANK S CB TOP NW SC TR SLP185
CYAW,2022-08-05 21:00,-63.4994,44.6397,CYAW 052100Z 25009KT 15SM FEW005 FEW030TCU FEW050 BKN075 BKN250 24/20 A3010 RMK SF1TCU1SC1AC3CI1 DENSITY ALT 1281FT SF TR CB DIST W MOV S SLP194
CYAW,2022-08-05 21:32,-63.4994,44.6397,CYAW 052132Z 26006KT 15SM TS FEW005 FEW030CB BKN130 BKN250 24/20 A3009 RMK SF1CB2AC4CI1 DENSITY ALT 1346FT CB SW MOV S OCNL DIST LTG CG SW SLP190
CYAW,2022-08-05 21:47,-63.4994,44.6397,CYAW 052147Z 00000KT 15SM -TSRA FEW005 BKN030CB BKN100 BKN250 24/20 A3009 RMK SF1CB5AC1CI1 DENSITY ALT 1301FT CB OHD MOV S OCNL LTGCG CIG EST SF TR SLP188
CYAW,2022-08-05 22:00,-63.4994,44.6397,CYAW 052200Z 00000KT 15SM -TSRA FEW005 SCT030CB BKN055 BKN085 23/21 A3009 RMK SF1CB3SC3AC1 DENSITY ALT 1218FT LAST OBS /NEXT 081000 UTC SF TR CB W MOV S OCNL LTGCG SLP190
CYAW,2022-08-08 10:00,-63.4994,44.6397,CYAW 081000Z 34002KT 8SM FEW006 BKN030 OVC090 21/20 A2995 RMK SF1SC6AC2 DENSITY ALT 1157FT FST OBS SLP140
CYAW,2022-08-08 11:00,-63.4994,44.6397,CYAW 081100Z 35006KT 10SM SCT018 BKN030 OVC090 22/20 A2997 RMK CF3SC3AC2 DENSITY ALT 1247FT SLP149
CYAW,2022-08-08 12:00,-63.4994,44.6397,CYAW 081200Z 02010KT 12SM BKN015 OVC090 21/18 A2999 RMK SC5AC3 DENSITY ALT 1095FT SLP155
CYAW,2022-08-08 13:00,-63.4994,44.6397,CYAW 081300Z 01010KT 15SM FEW010 BKN030 OVC090 22/18 A2999 RMK CF1SC6AC2 DENSITY ALT 1148FT SLP157
CYAW,2022-08-08 14:00,-63.4994,44.6397,CYAW 081400Z 35004KT 15SM BKN035 OVC100 22/18 A2999 RMK SC6AC2 DENSITY ALT 1214FT SLP157
CYAW,2022-08-08 15:00,-63.4994,44.6397,CYAW 081500Z 00000KT 15SM FEW010 BKN035 OVC110 23/19 A2998 RMK CF1SC6AC2 DENSITY ALT 1368FT SLP153
CYAW,2022-08-08 16:00,-63.4994,44.6397,CYAW 081600Z 19004KT 15SM FEW015 OVC028 24/19 A2998 RMK CF1SC8 DENSITY ALT 1478FT SLP153
CYAW,2022-08-08 17:00,-63.4994,44.6397,CYAW 081700Z 18006KT 15SM BKN030 OVC100 23/19 A2998 RMK SC6AC2 DENSITY ALT 1332FT SLP153
CYAW,2022-08-08 18:00,-63.4994,44.6397,CYAW 081800Z 15008KT 15SM BKN030 OVC120 22/18 A2998 RMK SC6AC2 DENSITY ALT 1242FT SLP151
CYAW,2022-08-08 19:00,-63.4994,44.6397,CYAW 081900Z 13008KT 15SM OVC028 21/18 A2998 RMK SC8 DENSITY ALT 1076FT SLP150
CYAW,2022-08-08 19:36,-63.4994,44.6397,CYAW 081936Z 13005KT 15SM -SHRA OVC024 21/18 A2998 RMK SC8 DENSITY ALT 1030FT PCPN VRY LGT SLP153
CYAW,2022-08-08 20:00,-63.4994,44.6397,CYAW 082000Z 13006KT 12SM -SHRA OVC023 19/18 A2998 RMK SC8 DENSITY ALT 877FT SLP152
CYAW,2022-08-08 21:00,-63.4994,44.6397,CYAW 082100Z 12008KT 12SM -SHRA FEW010 BKN017 OVC030 19/18 A2998 RMK SF1SC6SC2 DENSITY ALT 815FT SLP151
CYAW,2022-08-08 22:00,-63.4994,44.6397,CYAW 082200Z 10005KT 12SM -SHRA FEW010 OVC019 18/17 A2997 RMK SF1SC8 DENSITY ALT 752FT SLP149
CYAW,2022-08-08 23:00,-63.4994,44.6397,CYAW 082300Z 10006KT 12SM -SHRA FEW008 OVC014 18/17 A2996 RMK SF1SC8 DENSITY ALT 743FT SLP147
CYAW,2022-08-08 23:46,-63.4994,44.6397,CYAW 082346Z 11005KT 2SM -SHRA BR OVC009 18/18 A2996 RMK SF8 DE NSITY ALT 758FT VIS VRB 1 1/2-2 1/2 SLP146
CYAW,2022-08-09 00:00,-63.4994,44.6397,CYAW 090000Z 11005KT 1 1/2SM -SHRA BR FEW005 BKN007 OVC012 18/18 A2996 RMK SF2SF5SC1 DENSITY ALT 746FT VIS VRB 1-2 SLP146
CYAW,2022-08-09 00:16,-63.4994,44.6397,CYAW 090016Z 10007KT 1 1/2SM -DZ BR OVC004 18/17 A2997 RMK SF8 DENSITY ALT 708FT VIS VRB 1-2 CIG VRB 2-7 SLP148
CYAW,2022-08-09 00:30,-63.4994,44.6397,CYAW 090030Z 10006KT 1 1/2SM -DZ BR OVC002 18/17 A2996 RMK SF8 DENSITY ALT 708FT VIS VRB 1-2 LAST OBS /NEXT 091000 UTC SLP147
CYAW,2022-08-09 10:00,-63.4994,44.6397,CYAW 091000Z 19005KT 1/2SM FG OVC003 18/18 A2982 RMK FG4SF4 DENSITY ALT 898FT VIS VRB 1/4-3/4 FST OBS SLP097
CYAW,2022-08-09 11:00,-63.4994,44.6397,CYAW 091100Z 20009KT 1/2SM FG OVC003 18/18 A2981 RMK FG3SF5 DENSITY ALT 965FT VIS VRB 1/4-3/4 SLP094
CYAW,2022-08-09 12:00,-63.4994,44.6397,CYAW 091200Z 20009KT 3/4SM BR OVC003 18/18 A2980 RMK FG2SF6 DENSITY ALT 988FT VIS VRB 1/2-1 SLP093
CYAW,2022-08-09 13:00,-63.4994,44.6397,CYAW 091300Z 19007KT 3/4SM BR OVC003 19/19 A2980 RMK SF8 DENSITY ALT 1017FT VIS VRB 1/2-1 SLP091
CYAW,2022-08-09 13:34,-63.4994,44.6397,CYAW 091334Z 21006KT 1SM BR OVC003 19/19 A2979 RMK SF8 DENSITY ALT 1055FT VIS VRB 3/4-1 1/4 VIS LWR N QUAD SLP090
CYAW,2022-08-09 13:50,-63.4994,44.6397,CYAW 091350Z 22006KT 3SM BR OVC003 19/19 A2980 RMK SF8 DENSITY ALT 1071FT SLP092
CYAW,2022-08-09 14:00,-63.4994,44.6397,CYAW 091400Z 22007KT 4SM BR OVC003 19/19 A2980 RMK SF8 DENSITY ALT 1124FT SLP092
CYAW,2022-08-09 14:28,-63.4994,44.6397,CYAW 091428Z 22007KT 5SM BR OVC004 19/19 A2980 RMK SF8 DENSITY ALT 1097FT SLP093
CYAW,2022-08-09 15:00,-63.4994,44.6397,CYAW 091500Z 23007KT 8SM BKN005 OVC009 21/21 A2980 RMK SF6SF2 DENSITY ALT 1286FT SLP092
CYAW,2022-08-09 16:00,-63.4994,44.6397,CYAW 091600Z 25008KT 10SM BKN009 BKN018 OVC030 21/20 A2982 RMK SF5SC2SC1 DENSITY ALT 1352FT SLP096
CYAW,2022-08-09 16:17,-63.4994,44.6397,CYAW 091617Z 24007KT 10SM -DZ SCT009 BKN012 OVC025 22/21 A2982 RMK SF4SC3SC1 DENSITY ALT 1446FT SLP097
CYAW,2022-08-09 17:00,-63.4994,44.6397,CYAW 091700Z 25007KT 10SM -SHRA SCT009 BKN012 OVC025 23/22 A2982 RMK SF4SC3SC1 DENSITY ALT 1614FT PCPN VRY LGT SLP098
CYAW,2022-08-09 17:29,-63.4994,44.6397,CYAW 091729Z 25009KT 15SM FEW012 SCT020 OVC096 23/21 A2981 RMK SC1SC3AC4 DENSITY ALT 1613FT SLP095
CYAW,2022-08-09 18:00,-63.4994,44.6397,CYAW 091800Z 26009KT 15SM SCT013 OVC075 24/22 A2982 RMK SC3AC5 DENSITY ALT 1663FT SLP096
CYAW,2022-08-09 18:31,-63.4994,44.6397,CYAW 091831Z 30014KT 15SM BKN016 OVC075 24/21 A2983 RMK SC6AC2 DENSITY ALT 1643FT SLP100
CYAW,2022-08-09 19:00,-63.4994,44.6397,CYAW 091900Z 32010G17KT 15SM FEW006 BKN012 OVC070 21/19 A2984 RMK SF1SC7AC1 DENSITY ALT 1261FT SLP106
CYAW,2022-08-09 19:25,-63.4994,44.6397,CYAW 091925Z 33011G16KT 15SM FEW006 BKN018 BKN070 21/18 A2985 RMK SF1SC6AC1 DENSITY ALT 1224FT SF TR SLP108
CYAW,2022-08-09 20:00,-63.4994,44.6397,CYAW 092000Z 32009KT 15SM FEW006 BKN025 BKN070 22/19 A2987 RMK SF1SC7AC1 DENSITY ALT 1386FT SLP113
CYAW,2022-08-09 21:00,-63.4994,44.6397,CYAW 092100Z 34007KT 15SM FEW008 BKN013 BKN055 21/19 A2988 RMK SF1SC7SC1 DENSITY ALT 1216FT SLP119
CYAW,2022-08-09 22:00,-63.4994,44.6397,CYAW 092200Z 35009G17KT 15SM -SHRA BKN013 OVC050 20/18 A2990 RMK SC7SC1 DENSITY ALT 1063FT PCPN VRY LGT SLP127
CYAW,2022-08-09 23:00,-63.4994,44.6397,CYAW 092300Z 36009G19KT 15SM -SHRA BKN013 OVC035 19/17 A2992 RMK SC5SC3 DENSITY ALT 934FT PCPN VRY LGT SLP133
CYAW,2022-08-09 23:17,-63.4994,44.6397,CYAW 092317Z 36008G17KT 15SM BKN016 OVC036 19/17 A2993 RMK SC6S C2 DENSITY ALT 911FT SLP135
CYAW,2022-08-10 00:00,-63.4994,44.6397,CYAW 100000Z 36008KT 15SM SCT016 BKN035 19/17 A2995 RMK SC3SC4 DENSITY ALT 875FT SLP141
CYAW,2022-08-10 01:00,-63.4994,44.6397,CYAW 100100Z 34009KT 15SM SCT019 OVC037 19/17 A2996 RMK SC4SC4 DENSITY ALT 829FT SLP146
CYAW,2022-08-10 02:00,-63.4994,44.6397,CYAW 100200Z 36009KT 15SM BKN012 BKN019 OVC038 18/17 A2998 RMK SC5SC2SC1 DENSITY ALT 759FT SLP151
CYAW,2022-08-10 02:43,-63.4994,44.6397,CYAW 100243Z 36008KT 15SM BKN011 OVC018 18/17 A2998 RMK SC6SC2 DENSITY ALT 707FT LAST OBS /NEXT 101000 UTC SLP152
CYAW,2022-08-10 10:00,-63.4994,44.6397,CYAW 101000Z 02007KT 15SM FEW008 BKN025 16/15 A3003 RMK SF1SC7 DENSITY ALT 444FT FST OBS SLP171
CYAW,2022-08-10 11:00,-63.4994,44.6397,CYAW 101100Z 03006KT 15SM FEW008 BKN030 17/16 A3005 RMK SF2SC5 DENSITY ALT 484FT SLP176
CYAW,2022-08-10 12:00,-63.4994,44.6397,CYAW 101200Z 03005KT 15SM FEW008 BKN030 19/17 A3005 RMK SF2SC4 DENSITY ALT 766FT SLP176
CYAW,2022-08-10 12:44,-63.4994,44.6397,CYAW 101244Z 05005KT 15SM BKN012 BKN028 19/17 A3005 RMK SC5SC2 DENSITY ALT 780FT SLP177
CYAW,2022-08-10 13:00,-63.4994,44.6397,CYAW 101300Z 05005KT 15SM BKN014 BKN028 20/17 A3005 RMK SC6SC1 DENSITY ALT 841FT SLP177
CYAW,2022-08-10 14:00,-63.4994,44.6397,CYAW 101400Z 09006KT 15SM SCT012 BKN019 18/17 A3006 RMK SC3SC4 DENSITY ALT 631FT SLP179
CYAW,2022-08-10 14:14,-63.4994,44.6397,CYAW 101414Z 11008KT 15SM BKN006 OVC012 18/17 A3006 RMK SF5SC3 DENSITY ALT 582FT SLP180
CYAW,2022-08-10 14:25,-63.4994,44.6397,CYAW 101425Z 11006KT 15SM -SHRA BKN008 OVC015 18/16 A3006 RMK S F6SC2 DENSITY ALT 589FT SLP181
CYAW,2022-08-10 14:38,-63.4994,44.6397,CYAW 101438Z 08006KT 12SM -SHRA BKN010 OVC015 18/16 A3006 RMK S F6SC2 DENSITY ALT 635FT VIS LWR SE SLP181
CYAW,2022-08-10 15:00,-63.4994,44.6397,CYAW 101500Z 09009KT 5SM -SHRA BR FEW009 BKN012 BKN023 19/16 A3007 RMK SF1SC5SC1 DENSITY ALT 684FT VIS HYR NE PCPN VRY LGT SLP182
CYAW,2022-08-10 15:20,-63.4994,44.6397,CYAW 101520Z 07008KT 12SM FEW012 BKN014 19/16 A3006 RMK SC2SC5 DENSITY ALT 746FT VIS LWR SW SLP181
CYAW,2022-08-10 16:00,-63.4994,44.6397,CYAW 101600Z 13006KT 15SM BKN015 BKN021 19/15 A3006 RMK SC5SC2 DENSITY ALT 762FT VIS LWR W SLP181
CYAW,2022-08-10 17:00,-63.4994,44.6397,CYAW 101700Z 11008KT 15SM FEW015 BKN028 BKN042 21/16 A3005 RMK SC2SC4SC1 DENSITY ALT 916FT SLP177
CYAW,2022-08-10 18:00,-63.4994,44.6397,CYAW 101800Z 13008KT 15SM FEW025 BKN043 BKN250 20/16 A3005 RMK SC1SC4CI1 DENSITY ALT 886FT CI TR SLP175
CYAW,2022-08-10 19:00,-63.4994,44.6397,CYAW 101900Z 14010KT 15SM FEW025 BKN046 20/16 A3004 RMK SC1SC5 DENSITY ALT 858FT SLP174
CYAW,2022-08-10 20:00,-63.4994,44.6397,CYAW 102000Z 13007KT 15SM FEW025 SCT043 20/16 A3004 RMK SC1SC3 DENSITY ALT 808FT SLP173
CYAW,2022-08-10 21:00,-63.4994,44.6397,CYAW 102100Z 11007KT 15SM FEW025 BKN045 BKN220 19/16 A3004 RMK CF1SC5CC1 DENSITY ALT 715FT CC TR SLP172
CYAW,2022-08-10 22:00,-63.4994,44.6397,CYAW 102200Z 11003KT 15SM FEW025 BKN035 BKN220 19/16 A3003 RMK CU1SC5CC1 DENSITY ALT 718FT CC TR SLP171
CYAW,2022-08-10 23:00,-63.4994,44.6397,CYAW 102300Z 10002KT 15SM FEW020 SCT035 BKN058 BKN220 17/16 A3003 RMK CU1SC2SC3CC1 DENSITY ALT 548FT SLP171
CYAW,2022-08-11 00:00,-63.4994,44.6397,CYAW 110000Z 00000KT 15SM SCT033 BKN060 16/16 A3004 RMK SC4SC3 DENSITY ALT 440FT LAST OBS /NEXT 111000 UTC SLP172
CYAW,2022-08-11 10:00,-63.4994,44.6397,CYAW 111000Z 00000KT 5SM BR FEW009 SCT041 BKN049 BKN080 16/16 A2998 RMK SF1SC2SC3AC1 DENSITY ALT 461FT VIS HYR S FST OBS FG OVR APPROACHES SLP154
CYAW,2022-08-11 11:00,-63.4994,44.6397,CYAW 111100Z 00000KT 9SM FEW002 BKN043 BKN080 17/16 A2999 RMK SF2SC5AC1 DENSITY ALT 528FT VIS LWR SW-W SLP155
CYAW,2022-08-11 11:23,-63.4994,44.6397,CYAW 111123Z 11002KT 12SM BKN003 OVC042 17/17 A2999 RMK SF7SC1 DENSITY ALT 565FT VIS LWR SW-W FG OVR APPROACHES SLP156
CYAW,2022-08-11 12:00,-63.4994,44.6397,CYAW 111200Z 08003KT 15SM SCT003 OVC045 17/16 A2999 RMK SF3SC5 DENSITY ALT 587FT VIS LWR SW-W SLP155
CYAW,2022-08-11 13:00,-63.4994,44.6397,CYAW 111300Z 11005KT 15SM FEW002 BKN006 BKN080 18/17 A2998 RMK SF1SF5AC2 DENSITY ALT 757FT VIS LWR SW-W SLP152
CYAW,2022-08-11 13:30,-63.4994,44.6397,CYAW 111330Z 12005KT 15SM FEW003 SCT009 BKN080 19/17 A2997 RMK SF1SF3AC4 DENSITY ALT 841FT VIS LWR SW SLP149
CYAW,2022-08-11 14:00,-63.4994,44.6397,CYAW 111400Z 13005KT 15SM SCT010 BKN082 20/17 A2996 RMK SF3AC4 DENSITY ALT 922FT VIS LWR SW SLP146
CYAW,2022-08-11 15:00,-63.4994,44.6397,CYAW 111500Z 11005KT 15SM FEW014 OVC080 20/16 A2996 RMK SC1AC7 DENSITY ALT 983FT FG BANK S SLP145
CYAW,2022-08-11 16:00,-63.4994,44.6397,CYAW 111600Z 14009KT 15SM FEW015 FEW055 BKN082 21/16 A2995 RMK SC1SC1AC7 DENSITY ALT 1074FT SLP142
CYAW,2022-08-11 17:00,-63.4994,44.6397,CYAW 111700Z 12006KT 15SM FEW020 BKN083 21/17 A2995 RMK SC1AC7 DENSITY ALT 1067FT SLP142
CYAW,2022-08-11 18:00,-63.4994,44.6397,CYAW 111800Z 12008KT 15SM FEW030 BKN060 20/17 A2994 RMK SC1SC5 DENSITY ALT 1040FT SLP140
CYAW,2022-08-11 19:00,-63.4994,44.6397,CYAW 111900Z 13008KT 15SM FEW030 BKN060 20/17 A2994 RMK SC1SC7 DENSITY ALT 1016FT SLP139
CYAW,2022-08-11 20:00,-63.4994,44.6397,CYAW 112000Z 13007KT 15SM FEW030 BKN055 OVC083 20/17 A2994 RMK CU1SC6AC1 DENSITY ALT 975FT SLP139
CYAW,2022-08-11 21:00,-63.4994,44.6397,CYAW 112100Z 09005KT 15SM SCT010 BKN050 OVC083 20/18 A2992 RMK CU3SC3AC2 DENSITY ALT 1075FT SLP134
CYAW,2022-08-11 21:20,-63.4994,44.6397,CYAW 112120Z 11006KT 15SM BKN010 OVC050 19/17 A2993 RMK SC6SC2 DENSITY ALT 904FT SLP135
CYAW,2022-08-11 22:00,-63.4994,44.6397,CYAW 112200Z 09004KT 15SM OVC010 19/17 A2992 RMK SC8 DENSITY ALT 843FT SLP131
CYAW,2022-08-11 23:00,-63.4994,44.6397,CYAW 112300Z 09003KT 15SM OVC010 18/17 A2991 RMK SC8 DENSITY ALT 845FT SLP129
CYAW,2022-08-11 23:36,-63.4994,44.6397,CYAW 112336Z 08004KT 15SM FEW006 BKN009 OVC013 18/17 A2992 RMK CF1SC6SC2 DENSITY ALT 822FT FG OVR APPROACHES SLP132
CYAW,2022-08-12 00:00,-63.4994,44.6397,CYAW 120000Z 07003KT 15SM FEW006 BKN009 OVC013 18/17 A2992 RMK CF1SC6SC2 DENSITY ALT 811FT FG OVR APPROACHES SLP133
CYAW,2022-08-12 00:34,-63.4994,44.6397,CYAW 120034Z 00000KT 15SM BKN012 OVC050 18/17 A2993 RMK SC6SC2 DENSITY ALT 801FT SLP136
CYAW,2022-08-12 01:00,-63.4994,44.6397,CYAW 120100Z 00000KT 15SM BKN020 OVC050 18/17 A2994 RMK SC5SC3 DENSITY ALT 778FT SLP140
CYAW,2022-08-12 02:00,-63.4994,44.6397,CYAW 120200Z 05004KT 15SM FEW009 BKN025 OVC050 18/17 A2992 RMK SC1SC4SC3 DENSITY ALT 800FT SLP134
CYAW,2022-08-12 02:17,-63.4994,44.6397,CYAW 120217Z 04004KT 15SM FEW009 BKN025 OVC068 18/17 A2992 RMK SC1SC4AC3 DENSITY ALT 812FT LAST OBS /NEXT 121000 UTC SLP132
CYAW,2022-08-12 10:00,-63.4994,44.6397,CYAW 121000Z 00000KT 12SM -RA BKN005 OVC011 18/18 A2990 RMK SF5SC3 DENSITY ALT 830FT VIS LWR W FST OBS SLP124
CYAW,2022-08-12 10:32,-63.4994,44.6397,CYAW 121032Z 00000KT 12SM BKN005 OVC013 18/18 A2990 RMK SF6SC2 DENSITY ALT 830FT VIS LWR W SLP124
CYAW,2022-08-12 11:00,-63.4994,44.6397,CYAW 121100Z 35005KT 12SM BKN005 OVC013 18/18 A2990 RMK SF5SC3 DENSITY ALT 842FT SLP124
CYAW,2022-08-12 11:15,-63.4994,44.6397,CYAW 121115Z 36005KT 12SM SCT005 OVC013 18/18 A2990 RMK SF3SC5 DENSITY ALT 865FT SLP126
CYAW,2022-08-12 12:00,-63.4994,44.6397,CYAW 121200Z 03003KT 12SM SCT006 BKN013 BKN027 19/18 A2990 RMK SF3SC3SC1 DENSITY ALT 878FT SLP127
CYAW,2022-08-12 13:00,-63.4994,44.6397,CYAW 121300Z 33005KT 15SM BKN007 OVC018 19/18 A2991 RMK SF5SC3 DENSITY ALT 944FT SLP130
CYAW,2022-08-12 14:00,-63.4994,44.6397,CYAW 121400Z 34007KT 15SM BKN009 OVC021 20/18 A2992 RMK SF5SC3 DENSITY ALT 1032FT SLP133
CYAW,2022-08-12 14:15,-63.4994,44.6397,CYAW 121415Z 34007KT 15SM SCT010 BKN017 OVC027 20/18 A2992 RMK SF4SC1SC3 DENSITY ALT 1069FT SLP133
CYAW,2022-08-12 15:00,-63.4994,44.6397,CYAW 121500Z 35006KT 15SM BKN016 OVC027 21/18 A2992 RMK SC7SC1 DENSITY ALT 1125FT SLP133
CYAW,2022-08-12 16:00,-63.4994,44.6397,CYAW 121600Z 34006KT 15SM BKN018 OVC027 21/18 A2992 RMK SC6SC2 DENSITY ALT 1147FT SLP134
CYAW,2022-08-12 17:00,-63.4994,44.6397,CYAW 121700Z 36004KT 15SM BKN024 BKN250 23/18 A2992 RMK SC5CI2 DENSITY ALT 1364FT SLP132
CYAW,2022-08-12 18:00,-63.4994,44.6397,CYAW 121800Z 01007KT 15SM SCT020 SCT045 BKN250 22/18 A2992 RMK CU4SC1CI3 DENSITY ALT 1313FT SLP132
CYAW,2022-08-12 19:00,-63.4994,44.6397,CYAW 121900Z 00000KT 15SM SCT020 SCT045 BKN250 24/18 A2991 RMK CU4SC1CI3 DENSITY ALT 1482FT CC ASOCTD SLP129
CYAW,2022-08-12 20:00,-63.4994,44.6397,CYAW 122000Z 16008KT 15SM SCT025 BKN050 BKN250 22/18 A2992 RMK CU4SC2CI1 DENSITY ALT 1218FT CC ASOCTD SLP131
CYAW,2022-08-12 21:00,-63.4994,44.6397,CYAW 122100Z 17005KT 15SM SCT025 BKN050 BKN250 22/18 A2992 RMK CU3SC3CI1 DENSITY ALT 1246FT CC ASOCTD SLP131
CYAW,2022-08-12 22:00,-63.4994,44.6397,CYAW 122200Z 00000KT 15SM FEW020 SCT050 BKN100 BKN250 21/18 A2992 RMK CU1SC3AC2CC1 DENSITY ALT 1200FT SLP131
CYAW,2022-08-12 23:00,-63.4994,44.6397,CYAW 122300Z 23004KT 15SM FEW060 BKN180 BKN240 21/18 A2993 RMK SC2AC4CI1 DENSITY ALT 1102FT SLP136
CYAW,2022-08-13 00:00,-63.4994,44.6397,CYAW 130000Z 24004KT 15SM BKN140 20/18 A2995 RMK AC7 DENSITY ALT 1026FT SLP142
CYAW,2022-08-13 01:00,-63.4994,44.6397,CYAW 130100Z 25005KT 15SM FEW038 BKN140 20/17 A2998 RMK SC2AC5 DENSITY ALT 939FT SLP151
CYAW,2022-08-13 01:38,-63.4994,44.6397,CYAW 130138Z 00000KT 15SM FEW050 BKN120 20/17 A2998 RMK SC2AC5 DENSITY ALT 917FT LAST OBS /NEXT 151000 UTC SLP152
CYAW,2022-08-15 10:00,-63.4994,44.6397,CYAW 151000Z 00000KT 15SM FEW015 FEW100 BKN250 14/14 A3004 RMK CU1AC1CI5 DENSITY ALT 177FT FST OBS SLP172
CYAW,2022-08-15 11:00,-63.4994,44.6397,CYAW 151100Z 31004KT 15SM FEW010 FEW150 SCT250 17/16 A3004 RMK SF1AC1CI3 DENSITY ALT 543FT SLP173
CYAW,2022-08-15 12:00,-63.4994,44.6397,CYAW 151200Z 00000KT 15SM FEW012 FEW250 19/16 A3005 RMK CF1CI2 DENSITY ALT 724FT SLP176
CYAW,2022-08-15 13:00,-63.4994,44.6397,CYAW 151300Z 00000KT 15SM FEW019 SCT250 20/16 A3004 RMK CF1CI2 DENSITY ALT 881FT SLP174
CYAW,2022-08-15 14:00,-63.4994,44.6397,CYAW 151400Z 22004KT 15SM FEW024 BKN250 22/15 A3005 RMK CU2CI3 DENSITY ALT 1026FT SLP177
CYAW,2022-08-15 15:00,-63.4994,44.6397,CYAW 151500Z 18010KT 15SM FEW032 BKN250 22/16 A3005 RMK CU2CI3 DENSITY ALT 1032FT SLP176
CYAW,2022-08-15 16:00,-63.4994,44.6397,CYAW 151600Z 17011KT 15SM FEW040 SCT250 22/16 A3005 RMK CU2CI2 DENSITY ALT 1055FT SLP175
CYAW,2022-08-15 17:00,-63.4994,44.6397,CYAW 151700Z 17008KT 15SM FEW045 SCT250 22/16 A3005 RMK CU1CI2 DENSITY ALT 1097FT SLP175
CYAW,2022-08-15 18:00,-63.4994,44.6397,CYAW 151800Z 18009KT 15SM FEW050 BKN250 23/17 A3004 RMK CU1CI4 DENSITY ALT 1161FT SLP174
CYAW,2022-08-15 19:00,-63.4994,44.6397,CYAW 151900Z 18012KT 15SM FEW050 SCT250 23/15 A3004 RMK CU1CI2 DENSITY ALT 1145FT SLP173
CYAW,2022-08-15 20:00,-63.4994,44.6397,CYAW 152000Z 18008KT 15SM FEW050 FEW180 SCT250 23/16 A3004 RMK CU1AC1CI2 DENSITY ALT 1184FT AC TR SLP174
CYAW,2022-08-15 21:00,-63.4994,44.6397,CYAW 152100Z 19007KT 15SM FEW050 FEW180 SCT250 23/15 A3004 RMK CU1AC1CI1 DENSITY ALT 1143FT SLP174
CYAW,2022-08-15 22:00,-63.4994,44.6397,CYAW 152200Z 19006KT 15SM FEW050 SCT180 SCT250 22/15 A3005 RMK CU2AC1CI1 DENSITY ALT 1024FT CONTRAILS CI TR SLP175
CYAW,2022-08-15 23:00,-63.4994,44.6397,CYAW 152300Z 19004KT 15SM FEW050 SCT180 SCT250 21/15 A3006 RMK CU1AC2CI1 DENSITY ALT 887FT SLP180
CYAW,2022-08-16 00:00,-63.4994,44.6397,CYAW 160000Z 22003KT 15SM SCT180 SCT250 19/16 A3007 RMK AC3CI1 DENSITY ALT 739FT SLP184
CYAW,2022-08-16 01:00,-63.4994,44.6397,CYAW 160100Z 00000KT 15SM SCT180 SCT250 19/15 A3008 RMK AC3CI1 DENSITY ALT 630FT SLP186
CYAW,2022-08-16 01:33,-63.4994,44.6397,CYAW 160133Z 00000KT 15SM SCT180 BKN250 18/15 A3008 RMK AC3CI2 DENSITY ALT 556FT LAST OBS /NEXT 161000 UTC SLP187
CYAW,2022-08-16 10:00,-63.4994,44.6397,CYAW 161000Z 03002KT 15SM SCT180 BKN200 17/16 A3011 RMK AC4CI3 DENSITY ALT 386FT FST OBS SLP195
CYAW,2022-08-16 11:00,-63.4994,44.6397,CYAW 161100Z 04003KT 15SM FEW008 BKN180 BKN210 17/16 A3011 RMK ST1AC5CI2 DENSITY ALT 425FT SLP197
CYAW,2022-08-16 12:00,-63.4994,44.6397,CYAW 161200Z 03004KT 15SM FEW008 SCT180 OVC210 18/17 A3011 RMK SF1AC3CI5 DENSITY ALT 547FT SLP195
CYAW,2022-08-16 13:00,-63.4994,44.6397,CYAW 161300Z 05007KT 15SM FEW010 SCT150 BKN200 20/16 A3011 RMK SF1AC3CI4 DENSITY ALT 778FT SLP195
CYAW,2022-08-16 14:00,-63.4994,44.6397,CYAW 161400Z 05008KT 15SM FEW015 SCT160 BKN210 21/16 A3010 RMK SC1AC3CI4 DENSITY ALT 952FT SLP194
CYAW,2022-08-16 15:00,-63.4994,44.6397,CYAW 161500Z 05007G15KT 15SM FEW015 BKN140 BKN250 22/16 A3010 RMK SC1AC5CI2 DENSITY ALT 1065FT SLP193
CYAW,2022-08-16 16:00,-63.4994,44.6397,CYAW 161600Z CCB 08007KT 15SM FEW032 SCT150 BKN230 23/15 A3010 RMK CU1AC3CC4 DENSITY ALT 1605FT SLP193
CYAW,2022-08-16 17:00,-63.4994,44.6397,CYAW 161700Z 07008G18KT 15SM FEW035 FEW160 BKN230 23/16 A3010 RMK CU1AC2CC5 DENSITY ALT 1186FT SLP193
CYAW,2022-08-16 18:00,-63.4994,44.6397,CYAW 161800Z 08011G19KT 15SM FEW040 SCT160 BKN250 23/16 A3009 RMK CU1AC2CI4 DENSITY ALT 1172FT SLP191
CYAW,2022-08-16 19:00,-63.4994,44.6397,CYAW 161900Z 09011G19KT 15SM FEW040 SCT160 BKN220 BKN250 23/16 A3010 RMK CU1AC2CC2CI2 DENSITY ALT 1098FT SLP194
CYAW,2022-08-16 20:00,-63.4994,44.6397,CYAW 162000Z 09007G16KT 15SM FEW040 SCT160 BKN220 BKN250 22/16 A3010 RMK CU1AC2CI2CI2 DENSITY ALT 985FT SLP193
CYAW,2022-08-16 21:00,-63.4994,44.6397,CYAW 162100Z 09007G16KT 15SM FEW040 FEW160 SCT210 BKN250 21/15 A3010 RMK CU1AC1CC2CI3 DENSITY ALT 905FT SLP193
CYAW,2022-08-16 22:00,-63.4994,44.6397,CYAW 162200Z 09010G19KT 15SM FEW040 SCT160 BKN210 BKN250 21/14 A3010 RMK CU1AC2CC2CI2 DENSITY ALT 872FT SLP192
CYAW,2022-08-16 23:00,-63.4994,44.6397,CYAW 162300Z CCA 07010KT 15SM FEW040 SCT160 BKN210 BKN250 19/15 A3009 RMK CU1AC3CC1CI2 DENSITY ALT 709FT SLP188
CYAW,2022-08-17 00:00,-63.4994,44.6397,CYAW 170000Z 05005KT 15SM FEW040 SCT160 BKN200 BKN230 18/15 A3009 RMK CU1AC2CC2CI1 DENSITY ALT 608FT SLP188
CYAW,2022-08-17 01:00,-63.4994,44.6397,CYAW 170100Z 05005KT 15SM FEW040 SCT150 BKN210 18/16 A3007 RMK CU1AC3CI3 DENSITY ALT 641FT SLP184
CYAW,2022-08-17 02:00,-63.4994,44.6397,CYAW 170200Z 04007KT 15SM FEW040 SCT130 BKN220 19/16 A3006 RMK CU1AC3CI3 DENSITY ALT 682FT SLP180
CYAW,2022-08-17 02:30,-63.4994,44.6397,CYAW 170230Z 04008KT 15SM FEW040 SCT130 BKN220 19/15 A3005 RMK CU1AC3CI3 DENSITY ALT 690FT LAST OBS /NEXT 171100 UTC SLP176
CYAW,2022-08-17 11:00,-63.4994,44.6397,CYAW 171100Z 05010G19KT 2 1/2SM -RA BR BKN008 OVC013 18/17 A2993 RMK SF7SC1 DENSITY ALT 712FT FST OBS SLP137
CYAW,2022-08-17 12:00,-63.4994,44.6397,CYAW 171200Z 05013G22KT 3SM -RA BR BKN006 OVC011 18/17 A2993 RMK SF7SC1 DENSITY ALT 740FT SLP136
CYAW,2022-08-17 12:09,-63.4994,44.6397,CYAW 171209Z 06013G22KT 2 1/2SM -RA BR BKN007 OVC013 18/17 A2993 RMK SF7SC1 DENSITY ALT 752FT SLP136
CYAW,2022-08-17 12:27,-63.4994,44.6397,CYAW 171227Z 06012G20KT 1SM -RA BR OVC008 18/17 A2992 RMK SF8 D ENSITY ALT 765FT VIS VRB 3/4-1 1/2 SLP133
CYAW,2022-08-17 12:43,-63.4994,44.6397,CYAW 171243Z 05012G20KT 2 1/4SM -RA BR OVC006 18/17 A2992 RMK S F8 DENSITY ALT 765FT VIS VRB 1 1/2-3 CIG VRB 4-8 SLP132
CYAW,2022-08-17 13:00,-63.4994,44.6397,CYAW 171300Z 06012G21KT 2 1/4SM -RA BR OVC006 18/17 A2992 RMK SF8 DENSITY ALT 765FT VIS VRB 1 1/2-3 SLP131
CYAW,2022-08-17 14:00,-63.4994,44.6397,CYAW 171400Z 05012G21KT 2 1/4SM -RA BR OVC006 18/18 A2990 RMK SF8 DENSITY ALT 867FT VIS VRB 1 1/2-3 SLP126
CYAW,2022-08-17 14:26,-63.4994,44.6397,CYAW 171426Z 05014G19KT 5SM -DZ BR OVC006 19/18 A2990 RMK SF8 D ENSITY ALT 920FT SLP124
CYAW,2022-08-17 15:00,-63.4994,44.6397,CYAW 171500Z 06010G17KT 6SM BR OVC006 20/19 A2990 RMK SF8 DENSITY ALT 1047FT SLP124
CYAW,2022-08-17 16:00,-63.4994,44.6397,CYAW 171600Z 07012G18KT 6SM BR OVC009 22/20 A2987 RMK SF8 DENSITY ALT 1312FT SLP115
CYAW,2022-08-17 17:00,-63.4994,44.6397,CYAW 171700Z 07008G18KT 4SM -SHRA BR BKN007 OVC010 21/20 A2987 RMK SF7SC1 DENSITY ALT 1219FT CVCTV CLD EMBD SLP115
CYAW,2022-08-17 17:08,-63.4994,44.6397,CYAW 171708Z 07007G19KT 2 1/4SM SHRA BR OVC007 21/20 A2987 RMK SF8 DENSITY ALT 1194FT VIS VRB 1 1/2-3 CVCTV CLD EMBD SLP116
CYAW,2022-08-17 17:18,-63.4994,44.6397,CYAW 171718Z 11008G16KT 4SM -SHRA BR OVC004 20/20 A2988 RMK SF8 DENSITY ALT 1158FT CB N MOV NW SLP119
CYAW,2022-08-17 17:33,-63.4994,44.6397,CYAW 171733Z 08012G18KT 1SM -SHRA BR OVC004 20/20 A2988 RMK SF8 DENSITY ALT 1146FT CB N MOV NW VIS VRB 3/4-1 1/2 SLP118
CYAW,2022-08-17 18:00,-63.4994,44.6397,CYAW 171800Z 07009G19KT 2 1/4SM BR OVC003 20/20 A2987 RMK SF8 DENSITY ALT 1160FT VIS VRB 1 1/2-3 SLP117
CYAW,2022-08-17 18:48,-63.4994,44.6397,CYAW 171848Z 08011G18KT 1 1/4SM -SHRA BR OVC003 21/20 A2985 RMK SF8 DENSITY ALT 1221FT VIS VRB 1/2-2 SLP110
CYAW,2022-08-17 19:00,-63.4994,44.6397,CYAW 171900Z 07010G20KT 1SM -SHRA BR OVC003 20/20 A2986 RMK SF8 DENSITY ALT 1185FT VIS VRB 1/2-1 1/2 OCNL -SHRA SLP111
CYAW,2022-08-17 19:22,-63.4994,44.6397,CYAW 171922Z 08011G19KT 1SM BR OVC003 20/20 A2984 RMK SF8 DENSI TY ALT 1211FT VIS VRB 1/2-1 1/2 SLP104
CYAW,2022-08-17 20:00,-63.4994,44.6397,CYAW 172000Z 08009G20KT 1SM BR OVC003 21/20 A2983 RMK SF8 DENSITY ALT 1259FT VIS VRB 1/2-1 1/2 SLP102
CYAW,2022-08-17 20:33,-63.4994,44.6397,CYAW 172033Z 07010G20KT 5/8SM BR OVC003 21/21 A2982 RMK SF8 DEN SITY ALT 1286FT VIS VRB 1/4-1 LAST OBS /NEXT 181000 UTC SLP097
CYAW,2022-08-18 10:00,-63.4994,44.6397,CYAW 181000Z 19005KT 8SM -DZ SCT007 OVC013 17/16 A2987 RMK SF4SC4 DENSITY ALT 677FT FST OBS VIS LWR N SLP114
CYAW,2022-08-18 10:44,-63.4994,44.6397,CYAW 181044Z 19007KT 2 1/2SM -DZ BR BKN008 OVC012 17/16 A2986 RMK SF6SC2 DENSITY ALT 724FT SLP112
CYAW,2022-08-18 11:00,-63.4994,44.6397,CYAW 181100Z 19006KT 6SM BR SCT008 OVC012 17/17 A2986 RMK SF4SC4 DENSITY ALT 702FT SLP113
CYAW,2022-08-18 11:34,-63.4994,44.6397,CYAW 181134Z 19012G18KT 3SM -DZ BR SCT008 OVC014 18/17 A2987 RMK SF4SC4 DENSITY ALT 788FT SLP115
CYAW,2022-08-18 12:00,-63.4994,44.6397,CYAW 181200Z 19010KT 6SM BR SCT008 OVC015 18/17 A2987 RMK SF4SC4 DENSITY ALT 790FT SLP114
CYAW,2022-08-18 13:00,-63.4994,44.6397,CYAW 181300Z 17011KT 12SM -SHRA FEW008 OVC015 18/17 A2986 RMK SF2SC6 DENSITY ALT 890FT SLP112
CYAW,2022-08-18 13:24,-63.4994,44.6397,CYAW 181324Z 17014KT 12SM FEW008 OVC017 19/16 A2986 RMK SF2SC6 DENSITY ALT 982FT SLP113
CYAW,2022-08-18 14:00,-63.4994,44.6397,CYAW 181400Z 17013KT 12SM -SHRA FEW008 OVC017 19/16 A2987 RMK SF2SC6 DENSITY ALT 948FT SLP114
CYAW,2022-08-18 14:19,-63.4994,44.6397,CYAW 181419Z 18011KT 12SM FEW010 OVC019 20/17 A2986 RMK SF2SC6 DENSITY ALT 1047FT SLP113
CYAW,2022-08-18 15:00,-63.4994,44.6397,CYAW 181500Z 18011G16KT 12SM SCT010 BKN020 OVC028 19/17 A2986 RMK SF3SC4SC1 DENSITY ALT 982FT SLP113
CYAW,2022-08-18 16:00,-63.4994,44.6397,CYAW 181600Z 18012G18KT 12SM -DZ SCT010 BKN020 BKN160 20/17 A2986 RMK SF3SC3AC1 DENSITY ALT 1058FT SLP113
CYAW,2022-08-18 16:26,-63.4994,44.6397,CYAW 181626Z 19013KT 12SM SCT010 BKN025 BKN160 20/17 A2987 RMK CU3SC3AC1 DENSITY ALT 1117FT SLP114
CYAW,2022-08-18 17:00,-63.4994,44.6397,CYAW 181700Z 17013KT 15SM BKN030 BKN160 21/17 A2986 RMK CU5AC1 DENSITY ALT 1150FT SLP113
CYAW,2022-08-18 18:00,-63.4994,44.6397,CYAW 181800Z 17016KT 15SM BKN030 BKN160 20/17 A2986 RMK CU5AC1 DENSITY ALT 1130FT SLP110
CYAW,2022-08-18 19:00,-63.4994,44.6397,CYAW 181900Z 17012G17KT 15SM SCT030 BKN220 21/17 A2985 RMK CU4CI1 DENSITY ALT 1202FT SLP107
CYAW,2022-08-18 20:00,-63.4994,44.6397,CYAW 182000Z 16014KT 15SM BKN025 BKN160 20/17 A2985 RMK SC5AC1 DENSITY ALT 1043FT SLP108
CYAW,2022-08-18 21:00,-63.4994,44.6397,CYAW 182100Z 18012KT 15SM SCT020 SCT160 20/17 A2985 RMK SC4AC1 DENSITY ALT 1137FT SLP108
CYAW,2022-08-18 22:00,-63.4994,44.6397,CYAW 182200Z 19011G16KT 15SM SCT017 SCT160 19/17 A2984 RMK SC3AC1 DENSITY ALT 1030FT SLP105
CYAW,2022-08-18 23:00,-63.4994,44.6397,CYAW 182300Z 18009KT 15SM SCT013 19/17 A2984 RMK SC4 DENSITY ALT 930FT SLP104
CYAW,2022-08-19 00:00,-63.4994,44.6397,CYAW 190000Z 20011G16KT 15SM BKN013 19/17 A2984 RMK SC6 DENSITY ALT 944FT SLP106
CYAW,2022-08-19 01:00,-63.4994,44.6397,CYAW 190100Z 21010G18KT 15SM SCT014 18/16 A2984 RMK SC4 DENSITY ALT 884FT SLP106
CYAW,2022-08-19 01:35,-63.4994,44.6397,CYAW 190135Z 22012G18KT 15SM BKN016 18/16 A2984 RMK SC5 DENSITY ALT 884FT LAST OBS /NEXT 191000 UTC SLP106
CYAW,2022-08-19 10:00,-63.4994,44.6397,CYAW 191000Z 23007KT 15SM FEW010 BKN060 18/16 A2984 RMK SF1SC6 DENSITY ALT 818FT FST OBS SLP105
CYAW,2022-08-19 11:00,-63.4994,44.6397,CYAW 191100Z 22010G16KT 15SM FEW010 SCT060 BKN230 18/16 A2984 RMK SF1SC3CI1 DENSITY ALT 871FT SLP106
CYAW,2022-08-19 12:00,-63.4994,44.6397,CYAW 191200Z 24012G17KT 15SM FEW012 SCT090 BKN230 19/16 A2984 RMK SF1AC3CI1 DENSITY ALT 983FT SLP107
CYAW,2022-08-19 13:00,-63.4994,44.6397,CYAW 191300Z 24010G16KT 15SM SCT020 SCT090 SCT220 21/16 A2985 RMK CU4AC1CI1 DENSITY ALT 1152FT SLP108
CYAW,2022-08-19 14:00,-63.4994,44.6397,CYAW 191400Z 25009KT 15SM BKN025 21/16 A2986 RMK SC7 DENSITY ALT 1180FT SLP112
CYAW,2022-08-19 15:00,-63.4994,44.6397,CYAW 191500Z 26009KT 15SM BKN025 22/17 A2987 RMK SC7 DENSITY ALT 1253FT SLP113
CYAW,2022-08-19 16:00,-63.4994,44.6397,CYAW 191600Z 25010KT 15SM BKN026 BKN034 22/17 A2987 RMK SC6SC1 DENSITY ALT 1340FT SLP114
CYAW,2022-08-19 17:00,-63.4994,44.6397,CYAW 191700Z 22008G20KT 15SM BKN027 BKN045 23/18 A2987 RMK SC5SC2 DENSITY ALT 1417FT SLP114
CYAW,2022-08-19 18:00,-63.4994,44.6397,CYAW 191800Z 25011KT 15SM BKN032 BKN050 24/17 A2987 RMK SC5SC1 DENSITY ALT 1510FT SLP116
CYAW,2022-08-19 19:00,-63.4994,44.6397,CYAW 191900Z 25010G16KT 15SM BKN037 BKN050 24/17 A2987 RMK SC5SC1 DENSITY ALT 1582FT SLP115
CYAW,2022-08-19 20:00,-63.4994,44.6397,CYAW 192000Z 27011G19KT 15SM BKN041 25/16 A2988 RMK SC5 DENSITY ALT 1577FT SLP119
CYAW,2022-08-19 21:00,-63.4994,44.6397,CYAW 192100Z 27013G20KT 15SM SCT042 BKN050 24/16 A2990 RMK SC4SC2 DENSITY ALT 1515FT SLP123
CYAW,2022-08-19 21:14,-63.4994,44.6397,CYAW 192114Z 26013G19KT 15SM SCT041 BKN051 24/16 A2990 RMK SC4S C1 DENSITY ALT 1494FT LAST OBS /NEXT 221000 UTC SLP125
CYAW,2022-08-22 10:00,-63.4994,44.6397,CYAW 221000Z 14006KT 3SM BR BKN005 19/19 A3019 RMK SF7 DENSITY ALT 597FT CIG VRB 3-7 FST OBS SLP222
CYAW,2022-08-22 10:45,-63.4994,44.6397,CYAW 221045Z 16006KT 5SM BR BKN005 19/19 A3019 RMK SF7 DENSITY ALT 569FT CIG VRB 3-7 SLP223
CYAW,2022-08-22 11:00,-63.4994,44.6397,CYAW 221100Z 13004KT 5SM BR BKN005 18/18 A3019 RMK SF7 DENSITY ALT 528FT CIG VRB 3-7 SLP224
CYAW,2022-08-22 12:00,-63.4994,44.6397,CYAW 221200Z CCA 13005KT 7SM OVC007 18/18 A3019 RMK SF8 DENSITY ALT 530FT CIG VRB 5-9 SLP223
CYAW,2022-08-22 13:00,-63.4994,44.6397,CYAW 221300Z 13006KT 10SM OVC008 19/19 A3019 RMK SF8 DENSITY ALT 582FT SLP222
CYAW,2022-08-22 14:00,-63.4994,44.6397,CYAW 221400Z 16008KT 15SM BKN010 BKN240 21/18 A3018 RMK SF5CI1 DENSITY ALT 882FT SLP220
CYAW,2022-08-22 14:17,-63.4994,44.6397,CYAW 221417Z 15008KT 15SM SCT012 BKN250 22/19 A3018 RMK SF3CI3 DENSITY ALT 923FT SLP219
CYAW,2022-08-22 15:00,-63.4994,44.6397,CYAW 221500Z 17007KT 15SM FEW012 BKN250 22/19 A3018 RMK SF2CI4 DENSITY ALT 966FT SLP219
CYAW,2022-08-22 16:00,-63.4994,44.6397,CYAW 221600Z 11005KT 15SM FEW010 OVC250 22/19 A3017 RMK CU1CI7 DENSITY ALT 989FT SLP215
CYAW,2022-08-22 17:00,-63.4994,44.6397,CYAW 221700Z 15009KT 15SM FEW015 BKN250 22/18 A3016 RMK CU1CI6 DENSITY ALT 985FT SLP214
CYAW,2022-08-22 18:00,-63.4994,44.6397,CYAW 221800Z 16010KT 15SM FEW015 OVC250 21/18 A3015 RMK CU2CI6 DENSITY ALT 921FT SLP210
CYAW,2022-08-22 19:00,-63.4994,44.6397,CYAW 221900Z 16009KT 15SM SCT015 OVC250 21/18 A3014 RMK CU3CI5 DENSITY ALT 945FT SLP207
CYAW,2022-08-22 20:00,-63.4994,44.6397,CYAW 222000Z 14009KT 15SM SCT014 OVC250 21/18 A3012 RMK SC3CI5 DENSITY ALT 932FT SLP199
CYAW,2022-08-22 21:00,-63.4994,44.6397,CYAW 222100Z 15009KT 15SM BKN012 BKN250 21/18 A3011 RMK SC5CI2 DENSITY ALT 913FT SLP195
CYAW,2022-08-22 22:00,-63.4994,44.6397,CYAW 222200Z 14006KT 15SM BKN012 OVC250 20/18 A3010 RMK SC7CI1 DENSITY ALT 853FT SLP194
CYAW,2022-08-22 23:00,-63.4994,44.6397,CYAW 222300Z 12007KT 15SM SCT007 BKN012 OVC250 20/19 A3010 RMK SF3SC3CI2 DENSITY ALT 819FT SLP192
CYAW,2022-08-22 23:31,-63.4994,44.6397,CYAW 222331Z 10003KT 15SM BKN008 OVC250 19/19 A3009 RMK SF7CI1 DENSITY ALT 780FT SLP190
CYAW,2022-08-23 00:00,-63.4994,44.6397,CYAW 230000Z 10003KT 15SM BKN008 20/19 A3009 RMK SF7 DENSITY ALT 793FT CIG VRB 6-10 SLP190
CYAW,2022-08-23 01:00,-63.4994,44.6397,CYAW 230100Z 11005KT 15SM SCT004 OVC007 20/19 A3008 RMK SF4SF4 DENSITY ALT 862FT VIS LWR SW SLP187
CYAW,2022-08-23 01:23,-63.4994,44.6397,CYAW 230123Z 10002KT 15SM SCT004 OVC007 20/20 A3008 RMK SF4SF4 DENSITY ALT 864FT LAST OBS /NEXT 231200 UTC SLP185
CYAW,2022-08-23 12:00,-63.4994,44.6397,CYAW 231200Z 06008G17KT 10SM FEW008 BKN020 OVC090 18/17 A2992 RMK SF2SC4AC2 DENSITY ALT 746FT FST OBS SLP131
CYAW,2022-08-23 12:30,-63.4994,44.6397,CYAW 231230Z 05004KT 12SM FEW008 BKN012 OVC100 18/17 A2990 RMK SF1SC5AC3 DENSITY ALT 859FT SLP127
CYAW,2022-08-23 13:00,-63.4994,44.6397,CYAW 231300Z 07006KT 12SM FEW008 SCT015 OVC024 19/18 A2990 RMK SF1SC3SC5 DENSITY ALT 977FT SLP126
CYAW,2022-08-23 13:33,-63.4994,44.6397,CYAW 231333Z 07005KT 12SM BKN009 OVC013 20/19 A2991 RMK SF5SC3 DENSITY ALT 1097FT SLP128
CYAW,2022-08-23 14:00,-63.4994,44.6397,CYAW 231400Z 09005KT 12SM BKN009 OVC015 21/20 A2991 RMK SF6SC2 DENSITY ALT 1188FT SLP128
CYAW,2022-08-23 15:00,-63.4994,44.6397,CYAW 231500Z 10004KT 12SM BKN007 OVC014 22/20 A2990 RMK SF5SC3 DENSITY ALT 1278FT SLP126
CYAW,2022-08-23 16:00,-63.4994,44.6397,CYAW 231600Z 19006KT 10SM BKN008 BKN015 OVC100 23/21 A2990 RMK SF5SC2AC1 DENSITY ALT 1443FT SLP125
CYAW,2022-08-23 17:00,-63.4994,44.6397,CYAW 231700Z 16005KT 12SM BKN014 BKN025 OVC100 22/21 A2989 RMK SC5SC2AC1 DENSITY ALT 1356FT SLP122
CYAW,2022-08-23 17:32,-63.4994,44.6397,CYAW 231732Z 19012KT 12SM BKN017 BKN025 OVC100 24/21 A2990 RMK SC5SC2AC1 DENSITY ALT 1611FT SLP123
CYAW,2022-08-23 18:00,-63.4994,44.6397,CYAW 231800Z 19009KT 15SM SCT017 BKN028 OVC070 24/21 A2990 RMK SC4SC2AC2 DENSITY ALT 1567FT SLP124
CYAW,2022-08-23 19:00,-63.4994,44.6397,CYAW 231900Z 18010KT 15SM BKN017 OVC070 23/21 A2989 RMK SC6AC2 DENSITY ALT 1513FT SLP121
CYAW,2022-08-23 20:00,-63.4994,44.6397,CYAW 232000Z 22006KT 15SM BKN015 OVC055 23/21 A2989 RMK SC6SC2 DENSITY ALT 1421FT SLP121
CYAW,2022-08-23 20:21,-63.4994,44.6397,CYAW 232021Z 19007KT 15SM BKN008 BKN015 OVC055 22/21 A2989 RMK SF5SC2SC1 DENSITY ALT 1400FT CIG VRB 6-10 SLP122
CYAW,2022-08-23 21:00,-63.4994,44.6397,CYAW 232100Z 18008KT 5SM BR BKN003 OVC008 21/21 A2990 RMK SF7SF1 DENSITY ALT 1239FT VIS HYR N QUAD SLP123
CYAW,2022-08-23 21:17,-63.4994,44.6397,CYAW 232117Z 19006KT 1 1/2SM BR OVC002 21/20 A2989 RMK SF8 DENS ITY ALT 1214FT VIS HYR NW QUAD SLP122
CYAW,2022-08-23 21:26,-63.4994,44.6397,CYAW 232126Z 19007KT 1SM -SHRA BR OVC001 21/20 A2989 RMK SF8 DE NSITY ALT 1202FT VIS VRB 3/4-1 1/2 VIS HYR NW PCPN VRY LGT SLP122
CYAW,2022-08-23 22:00,-63.4994,44.6397,CYAW 232200Z 18005KT 1/2SM FG OVC001 21/20 A2988 RMK FG4SF4 DENSITY ALT 1202FT VIS VRB 1/4-3/4 SLP118
CYAW,2022-08-23 23:00,-63.4994,44.6397,CYAW 232300Z CCA 18004KT 1/2SM FG OVC001 21/20 A2988 RMK FG6SF2 DENSITY ALT 1177FT VIS VRB 1/4-3/4 LAST OBS /NEXT 241100 UTC SLP119
CYAW,2022-08-24 11:00,-63.4994,44.6397,CYAW 241100Z 24003KT 12SM OVC006 21/20 A2992 RMK SF8 DENSITY ALT 1120FT FST OBS SLP130
CYAW,2022-08-24 12:00,-63.4994,44.6397,CYAW 241200Z 23005KT 12SM OVC007 21/20 A2993 RMK SF8 DENSITY ALT 1120FT SLP136
CYAW,2022-08-24 13:00,-63.4994,44.6397,CYAW 241300Z 21006KT 12SM OVC007 21/20 A2994 RMK SF8 DENSITY ALT 1186FT SLP138
CYAW,2022-08-24 14:00,-63.4994,44.6397,CYAW 241400Z 24005KT 12SM OVC009 22/20 A2994 RMK SF8 DENSITY ALT 1234FT VIS LWR SW SLP139
CYAW,2022-08-24 15:00,-63.4994,44.6397,CYAW 241500Z 22004KT 12SM OVC007 22/20 A2995 RMK SF8 DENSITY ALT 1213FT SLP140
CYAW,2022-08-24 16:00,-63.4994,44.6397,CYAW 241600Z 18007KT 12SM -DZ BKN008 OVC014 22/21 A2995 RMK SF7SC1 DENSITY ALT 1230FT PCPN VRY LGT SLP142
CYAW,2022-08-24 17:00,-63.4994,44.6397,CYAW 241700Z 18006KT 12SM -DZ OVC006 22/21 A2995 RMK SF8 DENSITY ALT 1241FT PCPN VRY LGT SLP142
CYAW,2022-08-24 17:34,-63.4994,44.6397,CYAW 241734Z 18007KT 12SM OVC009 22/21 A2995 RMK SF8 DENSITY AL T 1314FT SLP143
CYAW,2022-08-24 18:00,-63.4994,44.6397,CYAW 241800Z 18008KT 12SM OVC009 22/21 A2995 RMK SF8 DENSITY ALT 1303FT VIS LWR S SLP142
CYAW,2022-08-24 19:00,-63.4994,44.6397,CYAW 241900Z 19007G16KT 12SM OVC008 23/21 A2993 RMK SF8 DENSITY ALT 1412FT VIS LWR S SLP136
CYAW,2022-08-24 20:00,-63.4994,44.6397,CYAW 242000Z 18006KT 10SM BKN008 OVC014 23/21 A2992 RMK SF7SC1 DENSITY ALT 1416FT SLP133
CYAW,2022-08-24 21:00,-63.4994,44.6397,CYAW 242100Z 18006KT 10SM BKN008 OVC014 22/21 A2993 RMK SF7SC1 DENSITY ALT 1255FT SLP134
CYAW,2022-08-24 21:34,-63.4994,44.6397,CYAW 242134Z 18006KT 8SM OVC004 21/21 A2992 RMK SF8 DENSITY ALT 1218FT LAST OBS /NEXT 251100 UTC SLP133
CYAW,2022-08-25 11:00,-63.4994,44.6397,CYAW 251100Z 00000KT 3SM BR OVC003 20/19 A2995 RMK SF8 DENSITY ALT 972FT FST OBS SLP141
CYAW,2022-08-25 11:26,-63.4994,44.6397,CYAW 251126Z 00000KT 2 1/2SM BR OVC003 20/19 A2995 RMK SF8 DENS ITY ALT 999FT SLP143
CYAW,2022-08-25 12:00,-63.4994,44.6397,CYAW 251200Z 28002KT 3SM -DZ BR OVC003 20/20 A2995 RMK SF8 DENSITY ALT 1037FT CIG VRB 2-4 SLP144
CYAW,2022-08-25 12:33,-63.4994,44.6397,CYAW 251233Z 00000KT 6SM BR BKN004 BKN014 21/20 A2995 RMK SF5SC 2 DENSITY ALT 1128FT SLP143
CYAW,2022-08-25 13:00,-63.4994,44.6397,CYAW 251300Z 00000KT 8SM SCT006 BKN011 22/20 A2995 RMK SF4SC3 DENSITY ALT 1268FT SLP144
CYAW,2022-08-25 13:37,-63.4994,44.6397,CYAW 251337Z 26002KT 12SM FEW006 BKN022 23/20 A2996 RMK SF1SC6 DENSITY ALT 1304FT SLP146
CYAW,2022-08-25 14:00,-63.4994,44.6397,CYAW 251400Z 17004KT 12SM FEW006 BKN023 23/20 A2996 RMK SF1SC6 DENSITY ALT 1353FT SLP146
CYAW,2022-08-25 15:00,-63.4994,44.6397,CYAW 251500Z 18007KT 12SM FEW006 SCT021 BKN043 BKN250 22/20 A2997 RMK SF1SC4SC1CI2 DENSITY ALT 1257FT SLP149
CYAW,2022-08-25 16:00,-63.4994,44.6397,CYAW 251600Z 17007KT 15SM FEW010 BKN050 BKN250 24/21 A2997 RMK SF1SC6CI1 DENSITY ALT 1441FT SLP149
CYAW,2022-08-25 17:00,-63.4994,44.6397,CYAW 251700Z 17009KT 15SM BKN055 BKN250 24/21 A2997 RMK SC5CC1 DENSITY ALT 1477FT SLP148
CYAW,2022-08-25 18:00,-63.4994,44.6397,CYAW 251800Z 18007KT 15SM BKN055 BKN250 24/20 A2996 RMK CU5CI1 DENSITY ALT 1525FT SLP146
CYAW,2022-08-25 19:00,-63.4994,44.6397,CYAW 251900Z 19006KT 15SM BKN060 BKN250 25/20 A2996 RMK CU5CI1 DENSITY ALT 1548FT SLP145
CYAW,2022-08-25 20:00,-63.4994,44.6397,CYAW 252000Z 25008KT 15SM SCT060 SCT250 25/20 A2996 RMK CU4CI1 DENSITY ALT 1586FT SLP145
CYAW,2022-08-25 21:00,-63.4994,44.6397,CYAW 252100Z 23009KT 15SM SCT050 SCT240 25/20 A2997 RMK CU3CI1 DENSITY ALT 1561FT SLP147
CYAW,2022-08-25 22:00,-63.4994,44.6397,CYAW 252200Z 25010KT 15SM FEW050 FEW240 24/20 A2998 RMK CU1CI1 DENSITY ALT 1434FT SLP150
CYAW,2022-08-25 23:00,-63.4994,44.6397,CYAW 252300Z 25008KT 15SM FEW050 FEW240 22/20 A2999 RMK CU1CI1 DENSITY ALT 1260FT SLP156
CYAW,2022-08-26 00:00,-63.4994,44.6397,CYAW 260000Z 26004KT 15SM FEW050 FEW240 22/20 A3000 RMK CU1CI1 DENSITY ALT 1156FT SLP159
CYAW,2022-08-26 01:00,-63.4994,44.6397,CYAW 260100Z 00000KT 15SM FEW240 20/19 A3001 RMK CI1 DENSITY ALT 908FT SLP164
CYAW,2022-08-26 02:00,-63.4994,44.6397,CYAW 260200Z 32004KT 15SM SKC 20/19 A3002 RMK DENSITY ALT 923FT SLP166
CYAW,2022-08-26 03:00,-63.4994,44.6397,CYAW 260300Z 32005KT 15SM SKC 19/18 A3003 RMK DENSITY ALT 755FT SLP168
CYAW,2022-08-26 03:08,-63.4994,44.6397,CYAW 260308Z 33003KT 15SM SKC 19/18 A3003 RMK DENSITY ALT 730FT LAST OBS /NEXT 260900 UTC SLP168
CYAW,2022-08-26 09:00,-63.4994,44.6397,CYAW 260900Z 00000KT 15SM SCT090 17/16 A3004 RMK AC4 DENSITY ALT 469FT FST OBS SLP174
CYAW,2022-08-26 10:00,-63.4994,44.6397,CYAW 261000Z 00000KT 15SM BKN090 17/17 A3005 RMK AC6 DENSITY ALT 510FT SLP176
CYAW,2022-08-26 11:00,-63.4994,44.6397,CYAW 261100Z 02004KT 15SM BKN090 BKN250 19/18 A3006 RMK AC6CI1 DENSITY ALT 720FT SLP178
CYAW,2022-08-26 12:00,-63.4994,44.6397,CYAW 261200Z 10002KT 15SM FEW006 BKN090 BKN250 19/18 A3004 RMK SF1AC6CI1 DENSITY ALT 770FT SF TR SLP174
CYAW,2022-08-26 13:00,-63.4994,44.6397,CYAW 261300Z 00000KT 12SM FEW006 BKN090 OVC250 20/19 A3006 RMK SF2AC4CI2 DENSITY ALT 874FT SLP180
CYAW,2022-08-26 14:00,-63.4994,44.6397,CYAW 261400Z 00000KT 12SM FEW009 SCT100 OVC250 21/19 A3006 RMK SF1AC4CI4 DENSITY ALT 986FT SLP180
CYAW,2022-08-26 15:00,-63.4994,44.6397,CYAW 261500Z 15003KT 12SM FEW009 SCT100 OVC250 22/19 A3006 RMK CF1AC4CI4 DENSITY ALT 1125FT SLP178
CYAW,2022-08-26 16:00,-63.4994,44.6397,CYAW 261600Z 18004KT 12SM FEW012 SCT100 OVC250 23/19 A3004 RMK CU1AC3CI4 DENSITY ALT 1232FT SLP172
CYAW,2022-08-26 17:00,-63.4994,44.6397,CYAW 261700Z 15008KT 12SM FEW016 BKN095 OVC250 23/20 A3003 RMK CU2AC3CI3 DENSITY ALT 1327FT SLP170
CYAW,2022-08-26 18:00,-63.4994,44.6397,CYAW 261800Z 15008KT 12SM FEW012 BKN110 OVC250 23/20 A3001 RMK CU1AC4CI3 DENSITY ALT 1302FT CC ASOCTD SLP162
CYAW,2022-08-26 19:00,-63.4994,44.6397,CYAW 261900Z 15009KT 10SM SCT006 SCT010 BKN110 BKN250 22/20 A3000 RMK SF3CU1AC1CI2 DENSITY ALT 1250FT CC ASOCTD VIS LWR S QUAD SLP158
CYAW,2022-08-26 20:00,-63.4994,44.6397,CYAW 262000Z 15010KT 10SM FEW006 FEW010 SCT110 SCT250 22/20 A2998 RMK SF1CU1AC1CI1 DENSITY ALT 1259FT LAST OBS /NEXT 290900 UTC SLP152
CYAW,2022-08-29 09:00,-63.4994,44.6397,CYAW 290900Z 19003KT 6SM -SHRA BR SCT009 BKN017 OVC050 19/19 A3012 RMK SF3SC3SC2 DENSITY ALT 724FT FST OBS SLP201
CYAW,2022-08-29 09:29,-63.4994,44.6397,CYAW 290929Z 20003KT 8SM BKN010 BKN030 OVC250 19/19 A3012 RMK S F5SC2CI1 DENSITY ALT 726FT SLP201
CYAW,2022-08-29 10:00,-63.4994,44.6397,CYAW 291000Z 30007KT 12SM BKN014 BKN035 19/19 A3014 RMK SF5SC2 DENSITY ALT 711FT SLP205
CYAW,2022-08-29 10:17,-63.4994,44.6397,CYAW 291017Z 32008KT 15SM FEW014 BKN060 BKN250 19/18 A3014 RMK SF1SC6CI1 DENSITY ALT 668FT CI TR SLP205
CYAW,2022-08-29 11:00,-63.4994,44.6397,CYAW 291100Z 32007KT 15SM FEW014 BKN060 BKN250 19/17 A3014 RMK SF1SC5CI2 DENSITY ALT 608FT SLP208
CYAW,2022-08-29 12:00,-63.4994,44.6397,CYAW 291200Z 33004KT 15SM FEW050 BKN250 20/15 A3014 RMK SC2CI4 DENSITY ALT 734FT SLP205
CYAW,2022-08-29 13:00,-63.4994,44.6397,CYAW 291300Z 00000KT 15SM BKN250 21/15 A3012 RMK CI6 DENSITY ALT 879FT CIG PDMTLY TRANSPARENT SLP200
CYAW,2022-08-29 14:00,-63.4994,44.6397,CYAW 291400Z 30003KT 15SM FEW027 BKN250 22/14 A3012 RMK CU1CI7 DENSITY ALT 990FT CONTRAILS SLP200
CYAW,2022-08-29 15:00,-63.4994,44.6397,CYAW 291500Z 25003KT 15SM FEW036 BKN250 23/14 A3011 RMK CU1CI7 DENSITY ALT 1151FT SLP197
CYAW,2022-08-29 16:00,-63.4994,44.6397,CYAW 291600Z 16007KT 15SM FEW032 BKN250 23/16 A3011 RMK CU1CI7 DENSITY ALT 1149FT SLP195
CYAW,2022-08-29 17:00,-63.4994,44.6397,CYAW 291700Z 16007KT 15SM FEW032 BKN250 24/16 A3009 RMK CU1CI6 DENSITY ALT 1309FT SLP188
CYAW,2022-08-29 18:00,-63.4994,44.6397,CYAW 291800Z 22011KT 15SM FEW040 BKN250 25/15 A3007 RMK CU1CI7 DENSITY ALT 1375FT SLP182
CYAW,2022-08-29 19:00,-63.4994,44.6397,CYAW 291900Z CCA 19011KT 15SM FEW040 OVC250 24/15 A3005 RMK CU1CI8 DENSITY ALT 1340FT LAST OBS /NEXT 301000 UTC SLP176
CYAW,2022-08-30 10:00,-63.4994,44.6397,CYAW 301000Z 22002KT 1 1/4SM BR OVC003 18/18 A2999 RMK SF8 DENSITY ALT 754FT VIS VRB 3/4-1 3/4 CIG VRB 2-4 FST OBS SLP155
CYAW,2022-08-30 11:00,-63.4994,44.6397,CYAW 301100Z 21006KT 1 1/4SM BR OVC003 18/18 A2998 RMK SF8 DENSITY ALT 738FT VIS VRB 3/4-1 3/4 CIG VRB 2-4 SLP154
CYAW,2022-08-30 12:00,-63.4994,44.6397,CYAW 301200Z 20007KT 1 1/2SM BR OVC003 19/18 A2999 RMK SF8 DENSITY ALT 780FT CIG VRB 2-4 SLP155
CYAW,2022-08-30 12:16,-63.4994,44.6397,CYAW 301216Z 21007KT 3SM BR OVC003 19/18 A2999 RMK SF8 DENSITY ALT 805FT CIG VRB 2-4 SLP157
CYAW,2022-08-30 13:00,-63.4994,44.6397,CYAW 301300Z 23006KT 3SM BR OVC004 19/18 A2999 RMK SF8 DENSITY ALT 829FT CIG VRB 3-5 SLP156
CYAW,2022-08-30 14:00,-63.4994,44.6397,CYAW 301400Z 22005KT 10SM OVC005 20/19 A2999 RMK SF8 DENSITY ALT 979FT CIG VRB 3-7 SLP157
CYAW,2022-08-30 15:00,-63.4994,44.6397,CYAW 301500Z 23009KT 12SM OVC010 21/20 A2999 RMK SC8 DENSITY ALT 1141FT SLP157
CYAW,2022-08-30 16:00,-63.4994,44.6397,CYAW 301600Z 20009KT 12SM OVC012 23/20 A2998 RMK SC8 DENSITY ALT 1319FT CIG VRB 9-15 SLP152
CYAW,2022-08-30 17:00,-63.4994,44.6397,CYAW 301700Z CCA 23009KT 12SM OVC013 22/20 A2996 RMK SC8 DENSITY ALT 1303FT CIG VRB 9-17 SLP147
CYAW,2022-08-30 18:00,-63.4994,44.6397,CYAW 301800Z 19007KT 12SM BKN015 BKN250 23/20 A2994 RMK SC7CI1 DENSITY ALT 1431FT SLP139
CYAW,2022-08-30 19:00,-63.4994,44.6397,CYAW 301900Z 18011KT 12SM BKN016 BKN250 23/20 A2994 RMK SC7CI1 DENSITY ALT 1362FT SLP139
CYAW,2022-08-30 20:00,-63.4994,44.6397,CYAW 302000Z 20009KT 12SM BKN015 BKN250 23/20 A2994 RMK SC5CI1 DENSITY ALT 1362FT SLP137
CYAW,2022-08-30 21:00,-63.4994,44.6397,CYAW 302100Z 19012KT 12SM FEW013 SCT250 22/20 A2993 RMK SC2CI1 DENSITY ALT 1339FT SLP136
CYAW,2022-08-30 21:26,-63.4994,44.6397,CYAW 302126Z 20008G15KT 10SM BKN010 BKN250 22/20 A2993 RMK SC5C I1 DENSITY ALT 1270FT SLP137
CYAW,2022-08-30 22:00,-63.4994,44.6397,CYAW 302200Z 21008KT 10SM BKN009 BKN250 22/20 A2993 RMK SF5CI1 DENSITY ALT 1235FT SLP137
CYAW,2022-08-30 23:00,-63.4994,44.6397,CYAW 302300Z 20007KT 10SM BKN008 BKN250 21/20 A2993 RMK SF6CI1 DENSITY ALT 1143FT SLP136
CYAW,2022-08-31 00:00,-63.4994,44.6397,CYAW 310000Z 21008KT 10SM BKN007 20/20 A2994 RMK SF7 DENSITY ALT 1097FT SLP140
CYAW,2022-08-31 01:00,-63.4994,44.6397,CYAW 310100Z 19008KT 10SM SCT007 20/19 A2995 RMK SF4 DENSITY ALT 1045FT SLP143
CYAW,2022-08-31 01:18,-63.4994,44.6397,CYAW 310118Z 19008G18KT 10SM SCT007 20/19 A2995 RMK SF3 DENSITY ALT 1034FT LAST OBS /NEXT 310900 UTC SLP143
CYAW,2022-08-31 09:00,-63.4994,44.6397,CYAW 310900Z 19005KT 12SM BKN006 OVC030 20/20 A2993 RMK SF7SC1 DENSITY ALT 1087FT FST OBS SLP135
CYAW,2022-08-31 09:25,-63.4994,44.6397,CYAW 310925Z 18005KT 12SM SCT006 BKN030 BKN250 20/19 A2993 RMK SF3SC3CI1 DENSITY ALT 1045FT SLP135
CYAW,2022-08-31 10:00,-63.4994,44.6397,CYAW 311000Z 18008KT 12SM FEW006 BKN030 OVC250 20/19 A2993 RMK SF2SC3CI3 DENSITY ALT 1057FT SLP136
CYAW,2022-08-31 11:00,-63.4994,44.6397,CYAW 311100Z 18011KT 12SM FEW006 SCT030 BKN250 21/20 A2993 RMK SF1SC2CI4 DENSITY ALT 1184FT SLP136
CYAW,2022-08-31 12:00,-63.4994,44.6397,CYAW 311200Z 17009G15KT 12SM FEW030 BKN250 22/20 A2993 RMK SC2CI5 DENSITY ALT 1307FT SLP135
CYAW,2022-08-31 13:00,-63.4994,44.6397,CYAW 311300Z 15012G17KT 12SM FEW007 SCT030 BKN250 23/21 A2992 RMK SF1SC3CI3 DENSITY ALT 1393FT SLP131
CYAW,2022-08-31 13:34,-63.4994,44.6397,CYAW 311334Z CCA 15012G17KT 12SM BKN007 BKN250 23/21 A2992 RMK SF7CI1 DENSITY ALT 1374FT SLP130
CYAW,2022-08-31 14:00,-63.4994,44.6397,CYAW 311400Z 14015KT 12SM FEW007 SCT050 BKN250 23/21 A2991 RMK SF2SC2CI3 DENSITY ALT 1427FT SLP129
CYAW,2022-08-31 15:00,-63.4994,44.6397,CYAW 311500Z 15015G20KT 15SM FEW065 SCT090 BKN250 23/19 A2989 RMK CU1AC3CI2 DENSITY ALT 1445FT SLP122
CYAW,2022-08-31 16:00,-63.4994,44.6397,CYAW 311600Z 14016KT 15SM FEW060 BKN080 BKN250 23/18 A2988 RMK CU1AC7CI1 DENSITY ALT 1364FT SLP118
CYAW,2022-08-31 17:00,-63.4994,44.6397,CYAW 311700Z 14013G19KT 15SM FEW019 BKN026 BKN075 22/19 A2986 RMK CF1SC7AC1 DENSITY ALT 1403FT SLP110
CYAW,2022-08-31 18:00,-63.4994,44.6397,CYAW 311800Z 13017G24KT 15SM FEW015 SCT030 BKN250 24/20 A2982 RMK CF1SC3CI4 DENSITY ALT 1601FT SLP096
CYAW,2022-08-31 19:00,-63.4994,44.6397,CYAW 311900Z 13016G24KT 12SM FEW010 BKN030 BKN250 23/20 A2980 RMK CF1SC5CI1 DENSITY ALT 1536FT SLP091
CYAW,2022-08-31 19:40,-63.4994,44.6397,CYAW 311940Z 13016G22KT 8SM -SHRA BKN025 BKN050 22/20 A2978 RMK SC5SC2 DENSITY ALT 1479FT SLP084
CYAW,2022-08-31 20:00,-63.4994,44.6397,CYAW 312000Z 13013G21KT 8SM -SHRA FEW010 BKN022 BKN050 22/20 A2977 RMK CF1SC5SC2 DENSITY ALT 1444FT VIS LWR SW QUAD SLP082
CYAW,2022-08-31 21:00,-63.4994,44.6397,CYAW 312100Z 13017G26KT 8SM -SHRA FEW010 BKN030 BKN050 22/21 A2974 RMK SF1SC5SC2 DENSITY ALT 1532FT PCPN VRY LGT SLP069
CYAW,2022-08-31 22:00,-63.4994,44.6397,CYAW 312200Z 14020G27KT 6SM BR FEW010 OVC020 22/21 A2971 RMK SF2SC6 DENSITY ALT 1571FT SLP060
CYAW,2022-08-31 22:18,-63.4994,44.6397,CYAW 312218Z 15022G28KT 4SM -SHRA BR FEW004 OVC015 22/21 A2971 RMK SF2SC6 DENSITY ALT 1527FT SLP060
CYAW,2022-08-31 22:31,-63.4994,44.6397,CYAW 312231Z 15022G29KT 2SM -SHRA BR SCT004 OVC010 22/21 A2971 RMK SF3SC5 DENSITY ALT 1503FT SLP061
CYAW,2022-08-31 22:50,-63.4994,44.6397,CYAW 312250Z 17020G30KT 3SM -SHRA BR BKN006 OVC010 22/21 A2971 RMK SF5SC3 DENSITY ALT 1501FT SLP061
CYAW,2022-08-31 23:00,-63.4994,44.6397,CYAW 312300Z 17018G27KT 3SM -SHRA BR BKN005 OVC010 21/21 A2971 RMK SF6SC2 DENSITY ALT 1488FT SLP062
CYAW,2022-08-31 23:20,-63.4994,44.6397,CYAW 312320Z CCA 18019G25KT 4SM BR BKN006 OVC010 21/21 A2972 RMK SF6SC2 DENSITY ALT 1465FT SLP064
CYAW,2022-09-01 00:00,-63.4994,44.6397,CYAW 010000Z 18010G18KT 4SM BR BKN004 OVC010 21/21 A2974 RMK SF6SC2 DENSITY ALT 1430FT LAST OBS /NEXT 010900 UTC SLP070
CYAW,2022-09-01 09:00,-63.4994,44.6397,CYAW 010900Z 26009KT 12SM OVC004 19/19 A2976 RMK ST8 DENSITY ALT 1086FT FST OBS SLP078
CYAW,2022-09-01 10:00,-63.4994,44.6397,CYAW 011000Z 24008KT 12SM OVC004 19/18 A2979 RMK ST8 DENSITY ALT 1008FT SLP086
CYAW,2022-09-01 10:19,-63.4994,44.6397,CYAW 011019Z 25009KT 15SM OVC005 19/18 A2979 RMK ST8 DENSITY AL T 1028FT SLP089
CYAW,2022-09-01 11:00,-63.4994,44.6397,CYAW 011100Z 28009KT 15SM SCT009 BKN015 BKN250 19/18 A2981 RMK SF4SC2CI1 DENSITY ALT 1010FT SLP093
CYAW,2022-09-01 12:00,-63.4994,44.6397,CYAW 011200Z 27005KT 15SM FEW013 FEW020 FEW250 20/17 A2981 RMK CF1SC1CI1 DENSITY ALT 1193FT SC TR SLP094
CYAW,2022-09-01 13:00,-63.4994,44.6397,CYAW 011300Z 27003KT 15SM FEW020 FEW250 21/17 A2982 RMK CF1CI1 DENSITY ALT 1290FT CF TR SLP099
CYAW,2022-09-01 14:00,-63.4994,44.6397,CYAW 011400Z 23006KT 15SM FEW020 FEW250 23/15 A2982 RMK CF1CI1 DENSITY ALT 1499FT CF TR SLP098
CYAW,2022-09-01 15:00,-63.4994,44.6397,CYAW 011500Z 26008KT 15SM FEW025 FEW250 25/12 A2981 RMK CF1CI1 DENSITY ALT 1601FT CF TR SLP095
CYAW,2022-09-01 16:00,-63.4994,44.6397,CYAW 011600Z 26004KT 15SM FEW030 FEW250 25/13 A2982 RMK CF1CI1 DENSITY ALT 1649FT CF TR SLP096
CYAW,2022-09-01 17:00,-63.4994,44.6397,CYAW 011700Z 25005KT 15SM FEW030 FEW250 26/12 A2982 RMK CF1CI1 DENSITY ALT 1731FT SLP098
CYAW,2022-09-01 18:00,-63.4994,44.6397,CYAW 011800Z 21008KT 15SM FEW050 26/14 A2982 RMK CF1 DENSITY ALT 1803FT SLP099
CYAW,2022-09-01 19:00,-63.4994,44.6397,CYAW 011900Z CCA 18013KT 15SM FEW050 25/16 A2984 RMK CU1 DENSITY ALT 1616FT LAST OBS /NEXT 020900 UTC SLP103
CYAW,2022-09-02 09:00,-63.4994,44.6397,CYAW 020900Z 31006KT 15SM FEW020 FEW250 15/13 A3001 RMK SC1CI1 DENSITY ALT 225FT FST OBS SLP163
CYAW,2022-09-02 10:00,-63.4994,44.6397,CYAW 021000Z 32009KT 15SM FEW020 FEW120 FEW250 14/12 A3004 RMK SC1AC1CI1 DENSITY ALT 153FT SLP172
CYAW,2022-09-02 11:00,-63.4994,44.6397,CYAW 021100Z 32009G15KT 15SM FEW020 FEW250 15/12 A3006 RMK SC1CI1 DENSITY ALT 251FT SLP181
CYAW,2022-09-02 12:00,-63.4994,44.6397,CYAW 021200Z 33013KT 15SM FEW250 17/12 A3009 RMK CI1 DENSITY ALT 359FT SLP190
CYAW,2022-09-02 13:00,-63.4994,44.6397,CYAW 021300Z 32011KT 15SM FEW024 FEW120 18/13 A3011 RMK CF1AC1 DENSITY ALT 505FT SLP197
CYAW,2022-09-02 14:00,-63.4994,44.6397,CYAW 021400Z 32012KT 15SM FEW030 FEW120 19/13 A3012 RMK CF1AC1 DENSITY ALT 635FT SLP201
CYAW,2022-09-02 15:00,-63.4994,44.6397,CYAW 021500Z 32009KT 15SM FEW038 FEW250 20/11 A3014 RMK CU2CI1 DENSITY ALT 737FT SLP205
CYAW,2022-09-02 16:00,-63.4994,44.6397,CYAW 021600Z 31012KT 15SM FEW038 FEW250 21/11 A3013 RMK CU2CI1 DENSITY ALT 831FT SLP204
CYAW,2022-09-02 17:00,-63.4994,44.6397,CYAW 021700Z 36010KT 15SM FEW038 FEW250 22/12 A3014 RMK CU1CI1 DENSITY ALT 890FT CI TR SLP207
CYAW,2022-09-02 18:00,-63.4994,44.6397,CYAW 021800Z 33011KT 15SM FEW038 FEW250 22/10 A3015 RMK CF1CI1 DENSITY ALT 888FT SLP211
CYAW,2022-09-02 19:00,-63.4994,44.6397,CYAW 021900Z 33011KT 15SM FEW040 22/10 A3016 RMK CU1 DENSITY ALT 919FT SLP213
CYAW,2022-09-02 19:32,-63.4994,44.6397,CYAW 021932Z 31013KT 15SM FEW038 22/10 A3017 RMK CU1 DENSITY AL T 873FT LAST OBS /NEXT 061000 UTC SLP216
CYAW,2022-09-06 10:00,-63.4994,44.6397,CYAW 061000Z 33003KT 10SM -RA BKN050 OVC075 14/13 A3019 RMK SC6AC2 DENSITY ALT -110FT FST OBS SLP222
CYAW,2022-09-06 11:00,-63.4994,44.6397,CYAW 061100Z 32003KT 10SM -RA BKN050 OVC075 14/13 A3018 RMK SC5AC3 DENSITY ALT -56FT PCPN VRY LGT SLP220
CYAW,2022-09-06 11:42,-63.4994,44.6397,CYAW 061142Z 36004KT 10SM BKN060 OVC080 15/13 A3017 RMK SC6AC2 DENSITY ALT 30FT SLP217
CYAW,2022-09-06 12:00,-63.4994,44.6397,CYAW 061200Z 01007KT 10SM FEW010 SCT060 OVC092 15/13 A3017 RMK SF1SC3AC5 DENSITY ALT 77FT SLP216
CYAW,2022-09-06 13:00,-63.4994,44.6397,CYAW 061300Z 02004KT 10SM FEW010 BKN060 BKN100 16/14 A3018 RMK SF1SC6AC1 DENSITY ALT 203FT SLP220
CYAW,2022-09-06 13:44,-63.4994,44.6397,CYAW 061344Z 01006KT 10SM -RA FEW010 BKN060 BKN100 17/14 A3018 RMK SF1SC6AC1 DENSITY ALT 306FT SLP219
CYAW,2022-09-06 14:00,-63.4994,44.6397,CYAW 061400Z CCA 02006KT 10SM -RA FEW010 BKN060 BKN100 17/14 A3018 RMK SF1SC5AC2 DENSITY ALT 306FT PCPN VRY LGT SLP220
CYAW,2022-09-06 15:00,-63.4994,44.6397,CYAW 061500Z 03004KT 12SM SCT017 BKN120 BKN250 18/15 A3017 RMK CU3AC3CI1 DENSITY ALT 473FT SLP216
CYAW,2022-09-06 16:00,-63.4994,44.6397,CYAW 061600Z 01007KT 15SM BKN030 BKN120 OVC250 21/14 A3016 RMK SC5AC1CI2 DENSITY ALT 777FT SLP212
CYAW,2022-09-06 17:00,-63.4994,44.6397,CYAW 061700Z 01006KT 15SM BKN034 BKN140 OVC250 21/13 A3014 RMK SC5AC1CI2 DENSITY ALT 842FT SLP207
CYAW,2022-09-06 18:00,-63.4994,44.6397,CYAW 061800Z 03003KT 15SM FEW039 SCT160 BKN250 21/13 A3013 RMK SC2AC2CI3 DENSITY ALT 787FT SLP204
CYAW,2022-09-06 19:00,-63.4994,44.6397,CYAW 061900Z 20003KT 15SM FEW037 SCT160 BKN250 20/15 A3012 RMK SC1AC2CI4 DENSITY ALT 764FT SLP199
CYAW,2022-09-06 20:00,-63.4994,44.6397,CYAW 062000Z 19006KT 15SM FEW040 SCT160 BKN250 21/15 A3010 RMK SC1AC2CI4 DENSITY ALT 844FT SLP193
CYAW,2022-09-06 21:00,-63.4994,44.6397,CYAW 062100Z 00000KT 15SM FEW040 FEW160 BKN250 20/14 A3010 RMK SC1AC1CI4 DENSITY ALT 770FT SLP192
CYAW,2022-09-06 22:00,-63.4994,44.6397,CYAW 062200Z 03003KT 15SM FEW040 FEW160 BKN250 19/12 A3010 RMK SC2AC1CI4 DENSITY ALT 606FT SLP194
CYAW,2022-09-06 23:00,-63.4994,44.6397,CYAW 062300Z 04003KT 15SM FEW040 BKN250 17/13 A3010 RMK SC2CI4 DENSITY ALT 371FT SLP193
CYAW,2022-09-07 00:00,-63.4994,44.6397,CYAW 070000Z 00000KT 15SM FEW030 SCT250 14/12 A3011 RMK SC1CI4 DENSITY ALT 12FT SLP199
CYAW,2022-09-07 01:00,-63.4994,44.6397,CYAW 070100Z 03005KT 15SM BKN040 15/13 A3011 RMK SC5 DENSITY ALT 202FT SLP198
CYAW,2022-09-07 01:31,-63.4994,44.6397,CYAW 070131Z 02005KT 15SM SCT040 15/13 A3012 RMK SC3 DENSITY AL T 184FT LAST OBS /NEXT 071000 UTC SLP199
CYAW,2022-09-07 10:00,-63.4994,44.6397,CYAW 071000Z 32005KT 15SM FEW015 FEW100 FEW250 11/11 A3006 RMK SC1AC1CI2 DENSITY ALT -258FT FST OBS SLP179
CYAW,2022-09-07 11:00,-63.4994,44.6397,CYAW 071100Z 01006KT 15SM FEW020 FEW250 14/13 A3007 RMK SC1CI2 DENSITY ALT 99FT SLP183
CYAW,2022-09-07 12:00,-63.4994,44.6397,CYAW 071200Z 01008KT 15SM FEW020 FEW100 SCT250 16/14 A3008 RMK SC1AC1CI3 DENSITY ALT 307FT SLP185
CYAW,2022-09-07 13:00,-63.4994,44.6397,CYAW 071300Z 03007KT 15SM FEW020 FEW100 SCT250 18/14 A3007 RMK CU1AC1CI2 DENSITY ALT 509FT SLP183
CYAW,2022-09-07 14:00,-63.4994,44.6397,CYAW 071400Z 05005KT 15SM SCT020 BKN250 18/13 A3006 RMK CU4CI1 DENSITY ALT 617FT SLP181
CYAW,2022-09-07 15:00,-63.4994,44.6397,CYAW 071500Z 04002KT 15SM SCT030 BKN250 21/13 A3005 RMK CU4CI1 DENSITY ALT 871FT SLP177
CYAW,2022-09-07 16:00,-63.4994,44.6397,CYAW 071600Z 03002KT 15SM BKN039 BKN250 21/10 A3004 RMK SC5CI1 DENSITY ALT 874FT SLP174
CYAW,2022-09-07 17:00,-63.4994,44.6397,CYAW 071700Z 16009KT 15SM SCT039 SCT250 20/14 A3003 RMK CU3CI1 DENSITY ALT 891FT SLP170
CYAW,2022-09-07 18:00,-63.4994,44.6397,CYAW 071800Z 18006KT 15SM FEW040 FEW250 21/13 A3002 RMK CU1CI1 DENSITY ALT 952FT SLP167
CYAW,2022-09-07 19:00,-63.4994,44.6397,CYAW 071900Z 15009KT 15SM FEW040 21/13 A3001 RMK SC1 DENSITY ALT 942FT SLP161
CYAW,2022-09-07 20:00,-63.4994,44.6397,CYAW 072000Z 14005KT 15SM FEW040 20/14 A3000 RMK SC1 DENSITY ALT 927FT SLP159
CYAW,2022-09-07 21:00,-63.4994,44.6397,CYAW 072100Z 14005KT 15SM FEW040 FEW250 20/13 A3001 RMK SC1CI1 DENSITY ALT 847FT SLP161
CYAW,2022-09-07 22:00,-63.4994,44.6397,CYAW 072200Z 16006KT 15SM FEW040 FEW250 19/13 A3002 RMK SC1CI1 DENSITY ALT 718FT SLP165
CYAW,2022-09-07 23:00,-63.4994,44.6397,CYAW 072300Z 00000KT 15SM FEW040 FEW250 16/14 A3003 RMK SC1CI1 DENSITY ALT 409FT SLP168
CYAW,2022-09-08 00:00,-63.4994,44.6397,CYAW 080000Z 00000KT 15SM SKC 14/13 A3003 RMK DENSITY ALT 96FT SLP170
CYAW,2022-09-08 01:00,-63.4994,44.6397,CYAW 080100Z 00000KT 15SM SKC 15/14 A3003 RMK DENSITY ALT 253FT SLP169
CYAW,2022-09-08 02:00,-63.4994,44.6397,CYAW 080200Z 00000KT 15SM SKC 14/13 A3002 RMK DENSITY ALT 127FT LAST OBS /NEXT 081000 UTC SLP167
CYAW,2022-09-08 10:00,-63.4994,44.6397,CYAW 081000Z 00000KT 15SM MIFG FEW001 FEW015 FEW080 SCT250 10/10 A3000 RMK ST1SC1AC1CI3 DENSITY ALT -373FT FST OBS SLP159
CYAW,2022-09-08 11:00,-63.4994,44.6397,CYAW 081100Z 00000KT 15SM FEW015 FEW100 SCT250 14/14 A3001 RMK SC1AC1CI4 DENSITY ALT 211FT SLP162
CYAW,2022-09-08 12:00,-63.4994,44.6397,CYAW 081200Z 00000KT 15SM FEW025 FEW100 BKN250 18/15 A3001 RMK SC1AC1CI4 DENSITY ALT 607FT SLP163
CYAW,2022-09-08 13:00,-63.4994,44.6397,CYAW 081300Z 00000KT 15SM FEW025 FEW120 BKN250 20/15 A3002 RMK CU1AC1CI5 DENSITY ALT 843FT SLP165
CYAW,2022-09-08 14:00,-63.4994,44.6397,CYAW 081400Z 00000KT 15SM FEW024 SCT120 BKN250 21/14 A3000 RMK CU1AC2CI4 DENSITY ALT 967FT SLP160
CYAW,2022-09-08 15:00,-63.4994,44.6397,CYAW 081500Z 17004KT 15SM FEW034 SCT080 BKN250 21/14 A3000 RMK CU2AC1CI3 DENSITY ALT 978FT SLP158
CYAW,2022-09-08 16:00,-63.4994,44.6397,CYAW 081600Z 15008KT 15SM FEW030 SCT080 BKN250 22/15 A2998 RMK CU2AC2CI3 DENSITY ALT 1098FT SLP153
CYAW,2022-09-08 17:00,-63.4994,44.6397,CYAW 081700Z 17011KT 15SM FEW030 SCT080 BKN250 21/15 A2998 RMK CU1AC2CI2 DENSITY ALT 1083FT SLP152
CYAW,2022-09-08 18:00,-63.4994,44.6397,CYAW 081800Z 16008KT 15SM FEW035 SCT090 BKN250 22/15 A2997 RMK CU1AC2CI2 DENSITY ALT 1135FT SLP148
CYAW,2022-09-08 19:00,-63.4994,44.6397,CYAW 081900Z 17008G16KT 15SM FEW040 SCT090 BKN250 22/15 A2997 RMK CU1AC3CI2 DENSITY ALT 1105FT SLP148
CYAW,2022-09-08 20:00,-63.4994,44.6397,CYAW 082000Z 15010KT 15SM FEW040 SCT096 BKN160 BKN250 20/15 A2996 RMK CU1AC3AC2CI2 DENSITY ALT 934FT SLP147
CYAW,2022-09-08 21:00,-63.4994,44.6397,CYAW 082100Z 15009KT 15SM FEW025 BKN100 OVC250 19/14 A2996 RMK CF1AC4CI3 DENSITY ALT 856FT SLP147
CYAW,2022-09-08 22:00,-63.4994,44.6397,CYAW 082200Z 16006KT 15SM FEW025 BKN100 OVC250 19/14 A2997 RMK CU1AC6CI1 DENSITY ALT 800FT SLP148
CYAW,2022-09-08 23:00,-63.4994,44.6397,CYAW 082300Z 16004KT 15SM FEW025 BKN120 OVC250 18/14 A2997 RMK CU2AC5CI1 DENSITY ALT 697FT SLP149
CYAW,2022-09-09 00:00,-63.4994,44.6397,CYAW 090000Z CCA 00000KT 15SM BKN027 OVC120 17/14 A2998 RMK CU5AC3 DENSITY ALT 605FT SLP153
CYAW,2022-09-09 01:00,-63.4994,44.6397,CYAW 090100Z 00000KT 15SM SCT035 BKN100 18/15 A2999 RMK SC4AC3 DENSITY ALT 620FT SLP155
CYAW,2022-09-09 02:00,-63.4994,44.6397,CYAW 090200Z CCA 14003KT 15SM BKN040 OVC120 17/14 A2998 RMK SC5AC3 DENSITY ALT 582FT LAST OBS /NEXT 090900 UTC SLP153
CYAW,2022-09-09 09:00,-63.4994,44.6397,CYAW 090900Z 02005KT 15SM SCT110 15/14 A2998 RMK AC4 DENSITY ALT 301FT FST OBS SLP151
CYAW,2022-09-09 10:00,-63.4994,44.6397,CYAW 091000Z 00000KT 15SM FEW040 BKN100 15/14 A2999 RMK SC1AC4 DENSITY ALT 313FT SLP156
CYAW,2022-09-09 11:00,-63.4994,44.6397,CYAW 091100Z 02003KT 15SM FEW050 BKN110 16/14 A3001 RMK CU2AC5 DENSITY ALT 417FT SLP164
CYAW,2022-09-09 12:00,-63.4994,44.6397,CYAW 091200Z 03003KT 15SM FEW050 FEW080 BKN110 17/14 A3002 RMK CU1AC1AC3 DENSITY ALT 558FT SLP166
CYAW,2022-09-09 13:00,-63.4994,44.6397,CYAW 091300Z 04003KT 15SM FEW048 SCT110 SCT250 20/15 A3003 RMK CU1AC2CI1 DENSITY ALT 844FT SLP168
CYAW,2022-09-09 14:00,-63.4994,44.6397,CYAW 091400Z 04004KT 15SM SCT029 BKN110 BKN250 21/14 A3003 RMK CU3AC2CI1 DENSITY ALT 929FT SLP168
CYAW,2022-09-09 15:00,-63.4994,44.6397,CYAW 091500Z 00000KT 15SM SCT030 BKN110 BKN250 20/14 A3001 RMK CU3AC2CI1 DENSITY ALT 915FT SLP164
CYAW,2022-09-09 16:00,-63.4994,44.6397,CYAW 091600Z 12009KT 15SM SCT033 SCT110 BKN250 21/14 A2999 RMK CU4AC1CI1 DENSITY ALT 986FT SLP157
CYAW,2022-09-09 17:00,-63.4994,44.6397,CYAW 091700Z 12007KT 15SM SCT040 BKN110 BKN250 21/14 A2999 RMK SC4AC2CI1 DENSITY ALT 956FT SLP157
CYAW,2022-09-09 18:00,-63.4994,44.6397,CYAW 091800Z 11004KT 15SM SCT046 BKN110 BKN250 20/15 A2999 RMK SC3AC3CI1 DENSITY ALT 924FT SLP155
CYAW,2022-09-09 19:00,-63.4994,44.6397,CYAW 091900Z 12006KT 15SM FEW035 SCT050 BKN110 BKN250 20/14 A2998 RMK CF1SC3AC3CI1 DENSITY ALT 884FT SLP154
CYAW,2022-09-09 20:00,-63.4994,44.6397,CYAW 092000Z 00000KT 15SM SCT055 BKN110 BKN250 19/14 A2999 RMK SC4AC2CI1 DENSITY ALT 828FT SLP156
CYAW,2022-09-09 20:46,-63.4994,44.6397,CYAW 092046Z CCA 13003KT 15SM SCT055 BKN110 BKN250 19/14 A2999 RMK SC4AC2CI1 DENSITY ALT 793FT LAST OBS /NEXT 121000 UTC SLP157
CYAW,2022-09-12 10:00,-63.4994,44.6397,CYAW 121000Z 00000KT 15SM SCT180 OVC250 13/13 A2985 RMK AC4CI4 DENSITY ALT 257FT FST OBS SLP109
CYAW,2022-09-12 11:00,-63.4994,44.6397,CYAW 121100Z 00000KT 15SM SCT180 OVC250 17/15 A2984 RMK AC4CI4 DENSITY ALT 702FT SLP107
CYAW,2022-09-12 12:00,-63.4994,44.6397,CYAW 121200Z 00000KT 15SM BKN180 OVC240 18/14 A2984 RMK AC6CI2 DENSITY ALT 816FT SLP106
CYAW,2022-09-12 13:00,-63.4994,44.6397,CYAW 121300Z 00000KT 15SM SCT160 OVC230 21/13 A2984 RMK AC4CS4 DENSITY ALT 1127FT HALO SLP105
CYAW,2022-09-12 14:00,-63.4994,44.6397,CYAW 121400Z 25004KT 15SM SCT170 BKN220 OVC250 23/11 A2983 RMK AC3CS3CI2 DENSITY ALT 1339FT SLP101
CYAW,2022-09-12 15:00,-63.4994,44.6397,CYAW 121500Z 29006KT 15SM SCT170 BKN220 BKN250 25/14 A2982 RMK AC3CS2CI2 DENSITY ALT 1618FT SLP096
CYAW,2022-09-12 16:00,-63.4994,44.6397,CYAW 121600Z 18006KT 15SM FEW040 BKN170 BKN220 OVC250 24/15 A2980 RMK CU1AC5CS2CI1 DENSITY ALT 1614FT CU TR SLP092
CYAW,2022-09-12 17:00,-63.4994,44.6397,CYAW 121700Z 20006KT 15SM FEW040 BKN180 OVC250 25/15 A2979 RMK CU1AC5CI2 DENSITY ALT 1715FT SLP089
CYAW,2022-09-12 18:00,-63.4994,44.6397,CYAW 121800Z 26008KT 15SM FEW040 BKN190 BKN250 26/17 A2978 RMK CU1AC7CI1 DENSITY ALT 1867FT SLP084
CYAW,2022-09-12 19:00,-63.4994,44.6397,CYAW 121900Z 25010KT 15SM FEW045 BKN210 24/18 A2977 RMK CU1CC7 DENSITY ALT 1708FT SLP082
CYAW,2022-09-12 20:00,-63.4994,44.6397,CYAW 122000Z 26009KT 15SM FEW045 SCT170 BKN210 24/18 A2977 RMK CU1AC4CC2 DENSITY ALT 1691FT SLP082
CYAW,2022-09-12 21:00,-63.4994,44.6397,CYAW 122100Z 27006KT 15SM FEW040 SCT170 BKN210 24/18 A2977 RMK CU1AC4CC2 DENSITY ALT 1683FT SLP082
CYAW,2022-09-12 21:30,-63.4994,44.6397,CYAW 122130Z 28006KT 15SM FEW040 BKN160 BKN200 24/18 A2977 RMK CU1AC6CC1 DENSITY ALT 1672FT LAST OBS /NEXT 131000 UTC SLP082
CYAW,2022-09-13 10:00,-63.4994,44.6397,CYAW 131000Z 00000KT 9SM BCFG FEW150 FEW250 15/15 A2985 RMK AC1CI1 DENSITY ALT 491FT FST OBS SLP110
CYAW,2022-09-13 11:00,-63.4994,44.6397,CYAW 131100Z 00000KT 10SM FEW150 FEW250 17/16 A2987 RMK AC1CI1 DENSITY ALT 689FT SLP116
CYAW,2022-09-13 12:00,-63.4994,44.6397,CYAW 131200Z 00000KT 12SM FEW003 FEW150 FEW250 19/17 A2989 RMK SF1AC1CI1 DENSITY ALT 929FT SF TR CI TR SLP120
CYAW,2022-09-13 13:00,-63.4994,44.6397,CYAW 131300Z 00000KT 12SM FEW010 FEW150 FEW250 21/18 A2989 RMK CF1AC1CI2 DENSITY ALT 1136FT CF TR AC TR SLP122
CYAW,2022-09-13 14:00,-63.4994,44.6397,CYAW 131400Z 19006KT 12SM FEW012 BKN250 22/18 A2990 RMK CF1CI6 DENSITY ALT 1272FT SLP123
CYAW,2022-09-13 15:00,-63.4994,44.6397,CYAW 131500Z 19006KT 12SM FEW020 FEW120 BKN250 23/18 A2990 RMK CU1AC1CI5 DENSITY ALT 1395FT AC TR SLP124
CYAW,2022-09-13 16:00,-63.4994,44.6397,CYAW 131600Z 17006KT 12SM FEW028 FEW120 BKN250 23/17 A2989 RMK CU1AC1CI5 DENSITY ALT 1410FT SLP121
CYAW,2022-09-13 17:00,-63.4994,44.6397,CYAW 131700Z 16009KT 12SM FEW030 FEW120 SCT250 23/18 A2989 RMK CU1AC1CI3 DENSITY ALT 1441FT SLP122
CYAW,2022-09-13 18:00,-63.4994,44.6397,CYAW 131800Z 16008KT 12SM FEW030 FEW120 BKN250 23/18 A2989 RMK CU1AC1CI6 DENSITY ALT 1409FT SLP121
CYAW,2022-09-13 19:00,-63.4994,44.6397,CYAW 131900Z 17010KT 12SM FEW030 BKN250 23/17 A2988 RMK CU1CI5 DENSITY ALT 1390FT SLP118
CYAW,2022-09-13 20:00,-63.4994,44.6397,CYAW 132000Z 16011KT 12SM FEW010 FEW030 BKN250 22/19 A2988 RMK SF1CU1CI7 DENSITY ALT 1266FT SLP118
CYAW,2022-09-13 21:00,-63.4994,44.6397,CYAW 132100Z 16008G15KT 12SM FEW010 FEW030 OVC250 21/19 A2987 RMK SF1CU1CI8 DENSITY ALT 1236FT FG BANK S SLP117
CYAW,2022-09-13 21:25,-63.4994,44.6397,CYAW 132125Z 15009KT 12SM BKN005 BKN030 BKN250 20/19 A2987 RMK SF5CU1CI2 DENSITY ALT 1157FT SLP117
CYAW,2022-09-13 21:42,-63.4994,44.6397,CYAW 132142Z 16008KT 12SM BKN004 BKN250 20/19 A2987 RMK SF7CI1 DENSITY ALT 1093FT VIS LWR S-SW SLP116
CYAW,2022-09-13 22:00,-63.4994,44.6397,CYAW 132200Z 17006KT 9SM BKN004 OVC250 20/19 A2988 RMK SF7CI1 DENSITY ALT 1042FT VIS LWR SW QUAD SLP119
CYAW,2022-09-13 22:07,-63.4994,44.6397,CYAW 132207Z 17009KT 9SM BKN003 OVC250 20/19 A2988 RMK SF7CI1 DENSITY ALT 1045FT VIS LWR S QUAD SLP119
CYAW,2022-09-13 22:22,-63.4994,44.6397,CYAW 132222Z 16008KT 5SM BR OVC002 20/19 A2988 RMK SF8 DENSITY ALT 1035FT VIS VRB 3-7 SLP119
CYAW,2022-09-13 22:41,-63.4994,44.6397,CYAW 132241Z 18005KT 5SM BR OVC004 20/19 A2988 RMK SF8 DENSITY ALT 1060FT VIS VRB 3-7 SLP118
CYAW,2022-09-13 23:00,-63.4994,44.6397,CYAW 132300Z 18007KT 7SM BKN007 OVC030 20/19 A2988 RMK SF7SC1 DENSITY ALT 1082FT SLP119
CYAW,2022-09-14 00:00,-63.4994,44.6397,CYAW 140000Z 19005KT 9SM OVC005 20/19 A2989 RMK SF8 DENSITY ALT 1095FT SLP122
CYAW,2022-09-14 01:00,-63.4994,44.6397,CYAW 140100Z 17007KT 12SM OVC007 20/19 A2989 RMK SF8 DENSITY ALT 1082FT SLP120
CYAW,2022-09-14 01:16,-63.4994,44.6397,CYAW 140116Z 18006KT 12SM BKN009 20/19 A2988 RMK SF7 DENSITY ALT 1093FT LAST OBS /NEXT 141000 UTC SLP119
CYAW,2022-09-14 10:00,-63.4994,44.6397,CYAW 141000Z 15011KT 1SM -DZ BR OVC003 20/20 A2978 RMK ST8 DENSITY ALT 1276FT CIG VRB 2-4 FST OBS SLP083
CYAW,2022-09-14 10:47,-63.4994,44.6397,CYAW 141047Z 16011G17KT 3/4SM DZ BR OVC002 20/20 A2976 RMK ST8 DENSITY ALT 1301FT CIG VRB 1-3 SLP078
CYAW,2022-09-14 11:00,-63.4994,44.6397,CYAW 141100Z 16010G15KT 3/4SM DZ BR OVC002 20/20 A2976 RMK ST8 DENSITY ALT 1301FT CIG VRB 1-3 SLP077
CYAW,2022-09-14 11:29,-63.4994,44.6397,CYAW 141129Z 16009G15KT 1/8SM FG VV001 21/20 A2974 RMK FG8 DENSITY ALT 1340FT SLP071
CYAW,2022-09-14 12:00,-63.4994,44.6397,CYAW 141200Z 17012KT 1/8SM -DZ FG VV001 20/20 A2973 RMK FG8 DENSITY ALT 1338FT SLP068
CYAW,2022-09-14 12:13,-63.4994,44.6397,CYAW 141213Z 17008KT 1/2SM FG VV001 21/20 A2973 RMK FG8 DENSITY ALT 1351FT VIS VRB 1/4-3/4 SLP066
CYAW,2022-09-14 12:23,-63.4994,44.6397,CYAW 141223Z 17009KT 1/8SM FG VV001 21/20 A2973 RMK FG8 DENSITY ALT 1351FT SLP066
CYAW,2022-09-14 13:00,-63.4994,44.6397,CYAW 141300Z 16011KT 3/4SM -DZ BR OVC002 21/20 A2972 RMK FG2ST6 DENSITY ALT 1374FT VIS LWR NW SLP063
CYAW,2022-09-14 13:35,-63.4994,44.6397,CYAW 141335Z 16011G17KT 1/4SM -DZ FG VV001 21/21 A2971 RMK FG8 DENSITY ALT 1415FT VIS VRB 1/8-3/8 SLP059
CYAW,2022-09-14 14:00,-63.4994,44.6397,CYAW 141400Z 16011KT 1/4SM -DZ FG VV001 21/21 A2970 RMK FG8 DENSITY ALT 1453FT VIS VRB 1/8-3/8 SLP058
CYAW,2022-09-14 14:13,-63.4994,44.6397,CYAW 141413Z 18011G17KT 1SM -DZ BR OVC002 21/21 A2969 RMK FG2ST6 DENSITY ALT 1478FT VIS VRB 3/4-1 1/2 SLP055
CYAW,2022-09-14 14:31,-63.4994,44.6397,CYAW 141431Z 20011G19KT 3SM -DZ BR OVC003 21/21 A2969 RMK SF8 DENSITY ALT 1492FT CIG VRB 2-4 SLP055
CYAW,2022-09-14 15:00,-63.4994,44.6397,CYAW 141500Z 20011G19KT 1SM -DZ BR OVC002 21/21 A2968 RMK SF8 DENSITY ALT 1476FT VIS VRB 3/4-1 1/2 SLP050
CYAW,2022-09-14 15:30,-63.4994,44.6397,CYAW 141530Z 21012G18KT 6SM BR OVC005 22/21 A2967 RMK SF8 DENSITY ALT 1573FT SLP047
CYAW,2022-09-14 16:00,-63.4994,44.6397,CYAW 141600Z 22011G24KT 6SM -DZ BR OVC006 22/21 A2966 RMK SF8 DENSITY ALT 1584FT PCPN VRY LGT SLP043
CYAW,2022-09-14 16:32,-63.4994,44.6397,CYAW 141632Z 21012G17KT 12SM BKN010 BKN250 23/21 A2965 RMK SF5CI1 DENSITY ALT 1795FT SLP041
CYAW,2022-09-14 17:00,-63.4994,44.6397,CYAW 141700Z 21014KT 15SM SCT015 BKN070 24/21 A2965 RMK SC3AC2 DENSITY ALT 1897FT SLP039
CYAW,2022-09-14 18:00,-63.4994,44.6397,CYAW 141800Z 20011G17KT 15SM FEW020 FEW070 25/20 A2963 RMK CU2AC1 DENSITY ALT 1979FT SLP035
CYAW,2022-09-14 19:00,-63.4994,44.6397,CYAW 141900Z 22016G24KT 15SM FEW025 FEW070 24/18 A2963 RMK CU1AC1 DENSITY ALT 1860FT AC TR SLP033
CYAW,2022-09-14 20:00,-63.4994,44.6397,CYAW 142000Z 23013KT 15SM FEW025 FEW070 24/17 A2962 RMK CU1AC1 DENSITY ALT 1839FT AC TR SLP031
CYAW,2022-09-14 21:00,-63.4994,44.6397,CYAW 142100Z 22012G17KT 15SM FEW025 FEW250 24/17 A2962 RMK CU1CI1 DENSITY ALT 1787FT CI TR SLP031
CYAW,2022-09-14 22:00,-63.4994,44.6397,CYAW 142200Z 25014G19KT 15SM FEW025 FEW080 FEW250 23/14 A2964 RMK SC1AC1CI1 DENSITY ALT 1653FT SC TR AC TR SLP037
CYAW,2022-09-14 23:00,-63.4994,44.6397,CYAW 142300Z 25013KT 15SM FEW030 FEW250 22/13 A2966 RMK SC1CI2 DENSITY ALT 1437FT SLP042
CYAW,2022-09-15 00:00,-63.4994,44.6397,CYAW 150000Z 25010KT 15SM FEW090 20/14 A2968 RMK AC1 DENSITY ALT 1264FT SLP049
CYAW,2022-09-15 01:00,-63.4994,44.6397,CYAW 150100Z 26012G17KT 15SM FEW090 20/15 A2968 RMK AC1 DENSITY ALT 1227FT SLP051
CYAW,2022-09-15 02:00,-63.4994,44.6397,CYAW 150200Z 27009G17KT 15SM FEW090 19/15 A2969 RMK AC1 DENSITY ALT 1135FT LAST OBS /NEXT 151000 UTC SLP055
CYAW,2022-09-15 10:00,-63.4994,44.6397,CYAW 151000Z 27014G19KT 15SM FEW050 FEW250 15/11 A2976 RMK SC1CI1 DENSITY ALT 536FT FST OBS SC TR SLP079
CYAW,2022-09-15 11:00,-63.4994,44.6397,CYAW 151100Z 27012KT 15SM FEW050 FEW250 15/11 A2978 RMK SC1CI1 DENSITY ALT 548FT SLP084
CYAW,2022-09-15 12:00,-63.4994,44.6397,CYAW 151200Z 28014KT 15SM SCT050 SCT180 16/11 A2978 RMK SC3AC1 DENSITY ALT 639FT CF ASOCTD SLP086
CYAW,2022-09-15 13:00,-63.4994,44.6397,CYAW 151300Z 28019KT 15SM BKN038 17/10 A2978 RMK SC6 DENSITY ALT 718FT CF ASOCTD SLP083
CYAW,2022-09-15 14:00,-63.4994,44.6397,CYAW 151400Z 28014G21KT 15SM SCT040 SCT250 17/08 A2977 RMK SC3CI1 DENSITY ALT 776FT SLP080
CYAW,2022-09-15 15:00,-63.4994,44.6397,CYAW 151500Z 28018G24KT 15SM SCT040 18/07 A2976 RMK SC3 DENSITY ALT 838FT SLP077
CYAW,2022-09-15 16:00,-63.4994,44.6397,CYAW 151600Z 25017G27KT 15SM FEW048 FEW170 18/05 A2975 RMK SC2AC1 DENSITY ALT 877FT SLP075
CYAW,2022-09-15 17:00,-63.4994,44.6397,CYAW 151700Z 28014G21KT 15SM FEW050 FEW170 18/05 A2975 RMK SC2AC1 DENSITY ALT 891FT SLP073
CYAW,2022-09-15 18:00,-63.4994,44.6397,CYAW 151800Z 26017G22KT 15SM SCT050 SCT170 18/05 A2974 RMK SC3AC1 DENSITY ALT 901FT SLP072
CYAW,2022-09-15 19:00,-63.4994,44.6397,CYAW 151900Z 27017G26KT 15SM SCT055 SCT170 18/04 A2974 RMK SC3AC1 DENSITY ALT 823FT SLP072
CYAW,2022-09-15 20:00,-63.4994,44.6397,CYAW 152000Z 28021G30KT 15SM SCT055 SCT170 17/04 A2975 RMK SC4AC1 DENSITY ALT 703FT SLP075
CYAW,2022-09-15 21:00,-63.4994,44.6397,CYAW 152100Z 29020G27KT 15SM BKN050 BKN170 15/04 A2976 RMK SC6AC1 DENSITY ALT 488FT SLP080
CYAW,2022-09-15 22:00,-63.4994,44.6397,CYAW 152200Z 28014G26KT 15SM BKN050 BKN170 15/07 A2978 RMK SC6AC1 DENSITY ALT 460FT SLP086
CYAW,2022-09-15 23:00,-63.4994,44.6397,CYAW 152300Z 27015G20KT 15SM FEW055 FEW170 14/07 A2980 RMK SC2AC1 DENSITY ALT 341FT SLP092
CYAW,2022-09-16 00:00,-63.4994,44.6397,CYAW 160000Z 27013G24KT 15SM FEW055 FEW120 14/07 A2982 RMK SC1AC1 DENSITY ALT 281FT SLP100
CYAW,2022-09-16 00:14,-63.4994,44.6397,CYAW 160014Z 28010G18KT 15SM FEW055 FEW120 14/05 A2982 RMK SC1AC1 DENSITY ALT 226FT LAST OBS /NEXT 160900 UTC SLP100
CYAW,2022-09-16 09:00,-63.4994,44.6397,CYAW 160900Z 26013G19KT 15SM FEW020 FEW120 11/05 A2985 RMK SC1AC1 DENSITY ALT -158FT FST OBS SLP108
CYAW,2022-09-16 10:00,-63.4994,44.6397,CYAW 161000Z 27011G18KT 15SM FEW020 FEW120 FEW250 10/05 A2984 RMK SC1AC1CI1 DENSITY ALT -196FT SLP107
CYAW,2022-09-16 11:00,-63.4994,44.6397,CYAW 161100Z 28012G20KT 15SM FEW020 FEW120 FEW250 11/05 A2984 RMK SC1AC1CI1 DENSITY ALT -134FT SLP107
CYAW,2022-09-16 12:00,-63.4994,44.6397,CYAW 161200Z 28019G25KT 15SM FEW020 FEW120 FEW250 12/05 A2984 RMK SC1AC1CI1 DENSITY ALT 10FT SLP106
CYAW,2022-09-16 13:00,-63.4994,44.6397,CYAW 161300Z 29025G31KT 15SM FEW035 FEW120 FEW250 13/04 A2984 RMK CU2AC1CI1 DENSITY ALT 114FT SLP106
CYAW,2022-09-16 14:00,-63.4994,44.6397,CYAW 161400Z 31023G33KT 15SM FEW035 FEW120 FEW250 14/04 A2984 RMK CU2AC1CI1 DENSITY ALT 236FT SLP104
CYAW,2022-09-16 15:00,-63.4994,44.6397,CYAW 161500Z 29019G27KT 15SM FEW035 FEW120 FEW250 15/04 A2984 RMK SC1AC1CI1 DENSITY ALT 401FT AC TR CI TR SLP104
CYAW,2022-09-16 16:00,-63.4994,44.6397,CYAW 161600Z 32018G26KT 15SM FEW040 FEW120 FEW250 16/05 A2983 RMK SC1AC1CI1 DENSITY ALT 546FT AC TR CI TR SLP103
CYAW,2022-09-16 17:00,-63.4994,44.6397,CYAW 161700Z 29016G24KT 15SM SCT045 SCT250 17/04 A2983 RMK SC3CI1 DENSITY ALT 580FT SLP102
CYAW,2022-09-16 18:00,-63.4994,44.6397,CYAW 161800Z 28017G25KT 15SM SCT048 SCT120 SCT250 18/05 A2982 RMK SC4AC1CI1 DENSITY ALT 702FT SLP100
CYAW,2022-09-16 19:00,-63.4994,44.6397,CYAW 161900Z CCA 29017G25KT 15SM BKN050 BKN120 BKN250 17/05 A2984 RMK SC6AC1CI1 DENSITY ALT 582FT CI TR SLP106
CYAW,2022-09-16 20:00,-63.4994,44.6397,CYAW 162000Z 29017G26KT 15SM BKN055 BKN120 16/04 A2985 RMK SC6AC1 DENSITY ALT 497FT SLP109
CYAW,2022-09-16 21:00,-63.4994,44.6397,CYAW 162100Z 30015G27KT 15SM BKN060 BKN140 15/04 A2986 RMK SC6AC1 DENSITY ALT 391FT SLP112
CYAW,2022-09-16 22:00,-63.4994,44.6397,CYAW 162200Z 31017G26KT 15SM BKN060 BKN140 14/04 A2990 RMK SC7AC1 DENSITY ALT 214FT SLP125
CYAW,2022-09-16 22:28,-63.4994,44.6397,CYAW 162228Z 31012G18KT 15SM BKN065 BKN140 14/04 A2990 RMK SC6AC1 DENSITY ALT 155FT LAST OBS /NEXT 200900 UTC SLP127
CYAW,2022-09-20 09:00,-63.4994,44.6397,CYAW 200900Z 05006KT 8SM -SHRA FEW035 OVC060 11/11 A3002 RMK SC1SC8 DENSITY ALT -239FT FST OBS SLP166
CYAW,2022-09-20 10:00,-63.4994,44.6397,CYAW 201000Z 05006KT 9SM -SHRA FEW028 OVC050 11/11 A3002 RMK SC1SC8 DENSITY ALT -199FT SLP166
CYAW,2022-09-20 11:00,-63.4994,44.6397,CYAW 201100Z CCA 06006KT 12SM -SHRA SCT018 OVC050 12/11 A3003 RMK SC3SC5 DENSITY ALT -184FT SLP169
CYAW,2022-09-20 12:00,-63.4994,44.6397,CYAW 201200Z 06007KT 9SM -SHRA SCT020 OVC050 12/12 A3003 RMK SC3SC5 DENSITY ALT -131FT VIS LWR W SLP169
CYAW,2022-09-20 12:33,-63.4994,44.6397,CYAW 201233Z 07008KT 5SM SHRA BR SCT020 OVC040 12/11 A3003 RMK SC4SC4 DENSITY ALT -145FT SLP170
CYAW,2022-09-20 13:00,-63.4994,44.6397,CYAW 201300Z 07007KT 6SM -SHRA BR SCT020 OVC036 12/11 A3002 RMK SC4SC4 DENSITY ALT -158FT SLP168
CYAW,2022-09-20 14:00,-63.4994,44.6397,CYAW 201400Z 07009KT 4SM SHRA BR SCT007 OVC020 12/12 A3002 RMK SF3SC5 DENSITY ALT -105FT SLP167
CYAW,2022-09-20 14:20,-63.4994,44.6397,CYAW 201420Z 08007G16KT 6SM -SHRA BR BKN007 OVC020 12/12 A3002 RMK SF5SC3 DENSITY ALT -79FT VIS LWR E QUAD SLP167
CYAW,2022-09-20 15:00,-63.4994,44.6397,CYAW 201500Z 08009G15KT 9SM -SHRA SCT007 OVC015 13/12 A3000 RMK SF4SC4 DENSITY ALT -3FT SLP158
CYAW,2022-09-20 16:00,-63.4994,44.6397,CYAW 201600Z 10011G19KT 12SM -SHRA FEW007 OVC020 13/11 A2999 RMK SF1SC8 DENSITY ALT 19FT SLP157
CYAW,2022-09-20 17:00,-63.4994,44.6397,CYAW 201700Z CCA 09013G21KT 12SM -SHRA FEW007 OVC017 13/12 A2997 RMK SF1SC7 DENSITY ALT 25FT SLP149
CYAW,2022-09-20 17:17,-63.4994,44.6397,CYAW 201717Z 09013G21KT 6SM SHRA BR FEW007 OVC015 13/12 A2996 RMK SF1SC7 DENSITY ALT 49FT SLP146
CYAW,2022-09-20 17:35,-63.4994,44.6397,CYAW 201735Z 09013G21KT 10SM -SHRA FEW007 OVC015 13/12 A2995 RMK SF1SC7 DENSITY ALT 63FT SLP143
CYAW,2022-09-20 18:00,-63.4994,44.6397,CYAW 201800Z 09011G18KT 12SM FEW007 OVC014 13/12 A2995 RMK SF1SC7 DENSITY ALT 75FT SLP143
CYAW,2022-09-20 18:31,-63.4994,44.6397,CYAW 201831Z 09013G18KT 12SM -SHRA FEW007 OVC012 13/12 A2996 RMK SF1SC7 DENSITY ALT 60FT SLP147
CYAW,2022-09-20 19:00,-63.4994,44.6397,CYAW 201900Z 08010G19KT 12SM -SHRA FEW007 OVC012 13/13 A2996 RMK SF2SC6 DENSITY ALT 106FT SLP146
CYAW,2022-09-20 20:00,-63.4994,44.6397,CYAW 202000Z 09012G22KT 12SM -SHRA FEW007 OVC012 13/12 A2996 RMK SF1SC7 DENSITY ALT 113FT SLP146
CYAW,2022-09-20 21:00,-63.4994,44.6397,CYAW 202100Z 09007G19KT 12SM FEW007 OVC012 14/13 A2996 RMK SF1SC8 DENSITY ALT 155FT SLP145
CYAW,2022-09-20 21:48,-63.4994,44.6397,CYAW 202148Z 09015G22KT 10SM -SHRA FEW007 OVC012 14/13 A2995 RMK SF2SC6 DENSITY ALT 206FT LAST OBS /NEXT 210900 UTC SLP141
CYAW,2022-09-21 09:00,-63.4994,44.6397,CYAW 210900Z 08002KT 3SM BR FEW009 BKN030 16/16 A2982 RMK SF2SC5 DENSITY ALT 646FT FST OBS SLP098
CYAW,2022-09-21 10:00,-63.4994,44.6397,CYAW 211000Z 00000KT 1/4SM FG OVC020 16/16 A2982 RMK FG6SC2 DENSITY ALT 620FT VIS VRB 1/8-3/8 SLP100
CYAW,2022-09-21 11:00,-63.4994,44.6397,CYAW 211100Z 00000KT 1/8SM FG OVC020 16/16 A2982 RMK FG7SC1 DENSITY ALT 673FT SLP097
CYAW,2022-09-21 12:00,-63.4994,44.6397,CYAW 211200Z 00000KT 1/8SM FG OVC020 16/16 A2982 RMK FG7SC1 DENSITY ALT 700FT SLP099
CYAW,2022-09-21 12:22,-63.4994,44.6397,CYAW 211222Z 00000KT 3/4SM BR BKN003 OVC015 17/17 A2982 RMK ST7SC1 DENSITY ALT 740FT SLP100
CYAW,2022-09-21 12:42,-63.4994,44.6397,CYAW 211242Z 00000KT 1 1/2SM BR OVC002 17/17 A2982 RMK ST8 DENSITY ALT 753FT VIS VRB 1-2 CIG PDMTLY TRANSPARENT SLP099
CYAW,2022-09-21 13:00,-63.4994,44.6397,CYAW 211300Z 00000KT 1 1/2SM BR OVC002 17/17 A2982 RMK ST8 DENSITY ALT 806FT VIS VRB 1-2 SLP100
CYAW,2022-09-21 13:28,-63.4994,44.6397,CYAW 211328Z 00000KT 4SM BR OVC005 17/17 A2982 RMK SF8 DENSITY ALT 833FT CIG VRB 3-7 SLP100
CYAW,2022-09-21 14:00,-63.4994,44.6397,CYAW 211400Z 11003KT 8SM OVC005 18/18 A2983 RMK SF8 DENSITY ALT 862FT VIS LWR W CIG VRB 3-7 SLP101
CYAW,2022-09-21 15:00,-63.4994,44.6397,CYAW 211500Z 00000KT 12SM SCT007 BKN012 BKN160 19/18 A2981 RMK SF3CU3AC1 DENSITY ALT 1012FT VIS LWR W SLP096
CYAW,2022-09-21 16:00,-63.4994,44.6397,CYAW 211600Z 13004KT 12SM BKN009 BKN160 20/18 A2980 RMK SC5AC2 DENSITY ALT 1170FT SLP091
CYAW,2022-09-21 17:00,-63.4994,44.6397,CYAW 211700Z 13007KT 10SM BKN009 BKN020 BKN160 20/18 A2979 RMK SF5SC2AC1 DENSITY ALT 1166FT SLP087
CYAW,2022-09-21 18:00,-63.4994,44.6397,CYAW 211800Z 14007KT 10SM BKN010 BKN032 BKN160 19/18 A2978 RMK SF5SC1AC1 DENSITY ALT 1115FT VIS LWR W QUAD SLP085
CYAW,2022-09-21 19:00,-63.4994,44.6397,CYAW 211900Z 18006KT 10SM BKN012 BKN030 BKN060 19/18 A2976 RMK SF5SC1SC1 DENSITY ALT 1119FT SLP080
CYAW,2022-09-21 20:00,-63.4994,44.6397,CYAW 212000Z 16006KT 10SM SCT007 BKN020 19/18 A2976 RMK SF4CU1 DENSITY ALT 1141FT SLP077
CYAW,2022-09-21 21:00,-63.4994,44.6397,CYAW 212100Z 18007KT 10SM FEW007 SCT020 SCT030 18/17 A2976 RMK SF2CU1SC1 DENSITY ALT 1003FT SLP077
CYAW,2022-09-21 21:41,-63.4994,44.6397,CYAW 212141Z 19008KT 8SM BKN005 BKN020 17/16 A2976 RMK SF5SC2 DENSITY ALT 851FT SLP078
CYAW,2022-09-21 22:00,-63.4994,44.6397,CYAW 212200Z 19007KT 8SM BKN004 OVC008 17/16 A2976 RMK SF7SC1 DENSITY ALT 800FT CIG VRB 3-5 SLP079
CYAW,2022-09-21 23:00,-63.4994,44.6397,CYAW 212300Z 23004KT 8SM OVC002 16/16 A2976 RMK SF8 DENSITY ALT 686FT CIG VRB 1-3 SLP080
CYAW,2022-09-22 00:00,-63.4994,44.6397,CYAW 220000Z 23004KT 8SM OVC002 16/16 A2979 RMK SF8 DENSITY ALT 638FT CIG VRB 1-3 LAST OBS /NEXT 220900 UTC SLP088
CYAW,2022-09-22 09:00,-63.4994,44.6397,CYAW 220900Z 26004KT 10SM OVC004 16/16 A2975 RMK SF8 DENSITY ALT 734FT FST OBS SLP074
CYAW,2022-09-22 09:26,-63.4994,44.6397,CYAW 220926Z 24003KT 1 1/4SM BR OVC002 16/16 A2974 RMK ST8 DENSITY ALT 721FT SLP072
CYAW,2022-09-22 10:00,-63.4994,44.6397,CYAW 221000Z 24006KT 7SM OVC004 16/15 A2975 RMK SF8 DENSITY ALT 681FT SLP074
CYAW,2022-09-22 11:00,-63.4994,44.6397,CYAW 221100Z 25009KT 15SM BKN005 OVC010 15/15 A2976 RMK SF7SC1 DENSITY ALT 614FT SLP079
CYAW,2022-09-22 12:00,-63.4994,44.6397,CYAW 221200Z 23009KT 15SM OVC009 15/14 A2977 RMK SF8 DENSITY ALT 553FT SLP083
CYAW,2022-09-22 12:45,-63.4994,44.6397,CYAW 221245Z 22006KT 12SM -DZ OVC007 15/14 A2978 RMK SF8 DENSITY ALT 507FT VIS LWR NW QUAD SLP086
CYAW,2022-09-22 13:00,-63.4994,44.6397,CYAW 221300Z 21009KT 8SM -DZ OVC007 14/13 A2977 RMK SF8 DENSITY ALT 478FT VIS LWR NW QUAD SLP083
CYAW,2022-09-22 14:00,-63.4994,44.6397,CYAW 221400Z 21007KT 12SM BKN009 OVC013 15/13 A2976 RMK SF6SC2 DENSITY ALT 537FT SLP078
CYAW,2022-09-22 14:42,-63.4994,44.6397,CYAW 221442Z 22009KT 12SM OVC015 16/13 A2975 RMK SC8 DENSITY ALT 693FT SLP076
CYAW,2022-09-22 15:00,-63.4994,44.6397,CYAW 221500Z 20011G16KT 12SM BKN018 17/13 A2975 RMK SC7 DENSITY ALT 797FT SLP074
CYAW,2022-09-22 16:00,-63.4994,44.6397,CYAW 221600Z 20007G15KT 12SM OVC018 17/13 A2972 RMK SC8 DENSITY ALT 830FT SLP065
CYAW,2022-09-22 17:00,-63.4994,44.6397,CYAW 221700Z 21010G18KT 15SM OVC015 18/13 A2972 RMK SC8 DENSITY ALT 902FT SLP064
CYAW,2022-09-22 18:00,-63.4994,44.6397,CYAW 221800Z 20017KT 15SM OVC025 18/13 A2969 RMK SC8 DENSITY ALT 946FT SLP055
CYAW,2022-09-22 19:00,-63.4994,44.6397,CYAW 221900Z 20012G17KT 15SM BKN020 17/14 A2967 RMK SC7 DENSITY ALT 935FT SLP047
CYAW,2022-09-22 20:00,-63.4994,44.6397,CYAW 222000Z 18011G18KT 15SM SCT030 BKN240 18/15 A2963 RMK SC3CI4 DENSITY ALT 1022FT SLP034
CYAW,2022-09-22 21:00,-63.4994,44.6397,CYAW 222100Z 18013G18KT 15SM BKN020 OVC250 18/16 A2962 RMK SC5CI3 DENSITY ALT 1048FT SLP031
CYAW,2022-09-22 22:00,-63.4994,44.6397,CYAW 222200Z 17013KT 15SM BKN015 BKN250 17/16 A2960 RMK SC6CI1 DENSITY ALT 1068FT SLP023
CYAW,2022-09-22 23:00,-63.4994,44.6397,CYAW 222300Z 16017G22KT 15SM BKN012 18/16 A2958 RMK SC7 DENSITY ALT 1129FT SLP017
CYAW,2022-09-22 23:33,-63.4994,44.6397,CYAW 222333Z 16016G22KT 15SM BKN011 18/17 A2958 RMK SC7 DENSITY ALT 1159FT LAST OBS /NEXT 261000 UTC SLP018
CYAW,2022-09-26 10:00,-63.4994,44.6397,CYAW 261000Z 22008KT 3SM TSRA BR FEW008 OVC015 16/16 A2978 RMK SF2SC6 DENSITY ALT 666FT CB EMBD OCNL LTGICCCCG LTNG DTCTRS REP STRIKES 1 NM ALQDS FST OBS SLP085
CYAW,2022-09-26 10:28,-63.4994,44.6397,CYAW 261028Z 18006KT 12SM -TSRA BKN007 OVC015 16/16 A2977 RMK SF5SC3 DENSITY ALT 756FT CB EMBD MOV NE OCNL DIST LTGCG 8NM NE SLP082
CYAW,2022-09-26 10:46,-63.4994,44.6397,CYAW 261046Z 19006G15KT 12SM -DZ BKN008 OVC015 17/17 A2977 RMK SF5SC3 DENSITY ALT 837FT SLP082
CYAW,2022-09-26 11:00,-63.4994,44.6397,CYAW 261100Z 18006KT 10SM -DZ BKN009 OVC015 17/17 A2976 RMK SF5SC3 DENSITY ALT 807FT SLP080
CYAW,2022-09-26 12:00,-63.4994,44.6397,CYAW 261200Z 19010G15KT 8SM -DZ BKN009 OVC015 17/17 A2976 RMK SF5SC3 DENSITY ALT 861FT SLP078
CYAW,2022-09-26 13:00,-63.4994,44.6397,CYAW 261300Z 18010KT 1 1/2SM -DZ BR OVC005 17/17 A2978 RMK SF8 DENSITY ALT 799FT VIS VRB 1-2 CIG VRB 3-7 SLP085
CYAW,2022-09-26 13:33,-63.4994,44.6397,CYAW 261333Z 20009G16KT 1 1/2SM -RA BR OVC005 17/17 A2978 RMK SF8 DENSITY ALT 852FT VIS VRB 1-2 CIG VRB 3-7 SLP085
CYAW,2022-09-26 14:00,-63.4994,44.6397,CYAW 261400Z 18007KT 6SM -RA BR OVC005 17/17 A2977 RMK SF8 DENSITY ALT 877FT CIG VRB 3-7 SLP081
CYAW,2022-09-26 14:17,-63.4994,44.6397,CYAW 261417Z 18010KT 4SM BR OVC005 17/17 A2976 RMK SF8 DENSITY ALT 849FT CIG VRB 3-7 SLP080
CYAW,2022-09-26 14:43,-63.4994,44.6397,CYAW 261443Z CCA 19009KT 2SM RA BR OVC005 17/17 A2977 RMK SF8 DENSITY ALT 851FT CIG VRB 3-7 SLP082
CYAW,2022-09-26 15:00,-63.4994,44.6397,CYAW 261500Z 19013KT 1 1/4SM RA BR OVC003 17/17 A2977 RMK SF8 DENSITY ALT 811FT VIS VRB 3/4-1 3/4 CIG VRB 2-4 SLP082
CYAW,2022-09-26 15:22,-63.4994,44.6397,CYAW 261522Z 19009KT 2 1/2SM -RA BR OVC005 17/17 A2976 RMK SF8 DENSITY ALT 889FT VIS VRB 1 3/4-4 CIG VRB 3-7 SLP077
CYAW,2022-09-26 16:00,-63.4994,44.6397,CYAW 261600Z 19013KT 4SM -RA BR OVC005 17/17 A2976 RMK SF8 DENSITY ALT 862FT CIG VRB 3-7 SLP079
CYAW,2022-09-26 16:42,-63.4994,44.6397,CYAW 261642Z 18006KT 4SM BR OVC005 17/17 A2974 RMK SF8 DENSITY ALT 872FT CIG VRB 3-7 SLP073
CYAW,2022-09-26 17:00,-63.4994,44.6397,CYAW 261700Z 17007KT 5SM BR OVC005 17/17 A2974 RMK SF8 DENSITY ALT 830FT CIG VRB 3-7 SLP073
CYAW,2022-09-26 17:31,-63.4994,44.6397,CYAW 261731Z 19011G16KT 5SM BR SCT007 OVC011 17/17 A2975 RMK SF4SC4 DENSITY ALT 900FT SLP074
CYAW,2022-09-26 18:00,-63.4994,44.6397,CYAW 261800Z 19012G22KT 5SM BR BKN007 OVC011 18/17 A2975 RMK SF7SC1 DENSITY ALT 936FT SLP075
CYAW,2022-09-26 18:40,-63.4994,44.6397,CYAW 261840Z 18013G18KT 2 1/2SM -DZ BR OVC004 17/17 A2975 RMK SF8 DENSITY ALT 857FT CIG VRB 3-5 SLP076
CYAW,2022-09-26 19:00,-63.4994,44.6397,CYAW 261900Z 18013KT 2 1/2SM -DZ BR OVC004 17/17 A2975 RMK SF8 DENSITY ALT 847FT CIG VRB 3-5 SLP076
CYAW,2022-09-26 19:25,-63.4994,44.6397,CYAW 261925Z 19011G18KT 4SM -DZ BR OVC004 17/17 A2976 RMK SF8 DENSITY ALT 835FT CIG VRB 3-5 SLP078
CYAW,2022-09-26 20:00,-63.4994,44.6397,CYAW 262000Z 20014KT 5SM BR OVC005 17/17 A2977 RMK SF8 DENSITY ALT 851FT SLP082
CYAW,2022-09-26 21:00,-63.4994,44.6397,CYAW 262100Z 19013G22KT 6SM BR OVC006 17/16 A2979 RMK SF8 DENSITY ALT 778FT SLP087
CYAW,2022-09-26 22:00,-63.4994,44.6397,CYAW 262200Z 20008G15KT 5SM BR OVC005 16/16 A2982 RMK SF8 DENSITY ALT 694FT SLP097
CYAW,2022-09-26 22:19,-63.4994,44.6397,CYAW 262219Z 19014KT 3SM BR OVC004 16/16 A2982 RMK SF8 DENSITY ALT 667FT CIG VRB 3-5 SLP099
CYAW,2022-09-26 22:34,-63.4994,44.6397,CYAW 262234Z 20011G17KT 3SM BR OVC002 16/16 A2982 RMK SF8 DENSITY ALT 633FT SLP100
CYAW,2022-09-26 23:00,-63.4994,44.6397,CYAW 262300Z 20010G16KT 3SM BR OVC002 16/16 A2984 RMK SF8 DENSITY ALT 597FT SLP105
CYAW,2022-09-26 23:29,-63.4994,44.6397,CYAW 262329Z 21010G16KT 1SM BR OVC002 16/16 A2985 RMK SF8 DENSITY ALT 585FT VIS VRB 3/4-1 1/2 SLP109
CYAW,2022-09-27 00:00,-63.4994,44.6397,CYAW 270000Z 21006G16KT 2 1/4SM BR OVC002 16/16 A2986 RMK SF8 DENSITY ALT 574FT VIS VRB 1 1/2-3 SLP113
CYAW,2022-09-27 00:41,-63.4994,44.6397,CYAW 270041Z CCA 21009KT 4SM BR OVC004 16/16 A2987 RMK SF8 DENSITY ALT 602FT CIG VRB 3-5 LAST OBS /NEXT 271000 UTC SLP117
CYAW,2022-09-27 10:00,-63.4994,44.6397,CYAW 271000Z 17004KT 1/2SM DZ FG OVC003 17/17 A2993 RMK FG4ST4 DENSITY ALT 587FT VIS VRB 1/4-3/4 FST OBS SLP136
CYAW,2022-09-27 11:00,-63.4994,44.6397,CYAW 271100Z 18002KT 1/4SM -DZ FG OVC003 17/17 A2994 RMK FG6ST2 DENSITY ALT 615FT VIS VRB 1/8-3/8 SLP138
CYAW,2022-09-27 12:00,-63.4994,44.6397,CYAW 271200Z 16004KT 1/8SM -DZ FG OVC003 17/17 A2994 RMK FG6ST2 DENSITY ALT 588FT SLP140
CYAW,2022-09-27 12:39,-63.4994,44.6397,CYAW 271239Z 13008KT 1/4SM -SHRA FG OVC003 16/16 A2995 RMK FG4ST4 DENSITY ALT 550FT SLP141
CYAW,2022-09-27 12:49,-63.4994,44.6397,CYAW 271249Z 15005KT 1/2SM -SHRA FG OVC003 16/16 A2995 RMK FG3ST5 DENSITY ALT 550FT SLP141
CYAW,2022-09-27 13:00,-63.4994,44.6397,CYAW 271300Z 00000KT 3/8SM -DZ FG OVC003 16/16 A2994 RMK FG4ST4 DENSITY ALT 562FT SLP140
CYAW,2022-09-27 13:12,-63.4994,44.6397,CYAW 271312Z 15004KT 1/4SM -SHRA FG OVC003 17/17 A2994 RMK FG5ST3 DENSITY ALT 588FT SLP138
CYAW,2022-09-27 13:24,-63.4994,44.6397,CYAW 271324Z 16005KT 1/8SM FG OVC003 17/17 A2994 RMK FG6ST2 DENSITY ALT 628FT VIS VRB 0-1/4 SLP138
CYAW,2022-09-27 14:00,-63.4994,44.6397,CYAW 271400Z 15005KT 1/8SM FG OVC003 17/17 A2994 RMK FG6ST2 DENSITY ALT 655FT VIS VRB 0-1/4 SLP139
CYAW,2022-09-27 14:41,-63.4994,44.6397,CYAW 271441Z 16006KT 1/8SM -SHRA FG OVC003 17/17 A2993 RMK FG6ST2 DENSITY ALT 640FT VIS VRB 0-1/4 SLP137
CYAW,2022-09-27 15:00,-63.4994,44.6397,CYAW 271500Z 14006KT 1/2SM -SHRA FG OVC003 17/17 A2992 RMK FG4ST4 DENSITY ALT 665FT VIS VRB 1/4-3/4 SLP132
CYAW,2022-09-27 15:48,-63.4994,44.6397,CYAW 271548Z 15007KT 1 1/4SM SHRA BR OVC003 17/17 A2992 RMK ST8 DENSITY ALT 598FT VIS VRB 3/4-1 3/4 SLP133
CYAW,2022-09-27 16:00,-63.4994,44.6397,CYAW 271600Z 15006KT 1 1/4SM SHRA BR OVC003 17/17 A2991 RMK ST8 DENSITY ALT 623FT VIS VRB 3/4-1 3/4 SLP128
CYAW,2022-09-27 16:54,-63.4994,44.6397,CYAW 271654Z 18004KT 3/4SM +SHRA BR OVC003 17/17 A2989 RMK ST8 DENSITY ALT 672FT VIS VRB 1/2-1 SLP123
CYAW,2022-09-27 17:00,-63.4994,44.6397,CYAW 271700Z 16005KT 1 1/4SM -SHRA BR OVC003 17/17 A2989 RMK ST8 DENSITY ALT 672FT VIS VRB 3/4-1 3/4 SLP122
CYAW,2022-09-27 17:22,-63.4994,44.6397,CYAW 271722Z 18009KT 1 1/4SM SHRA BR OVC003 17/17 A2990 RMK ST8 DENSITY ALT 648FT VIS VRB 3/4-1 3/4 SLP125
CYAW,2022-09-27 17:46,-63.4994,44.6397,CYAW 271746Z 18011KT 1 1/4SM -SHRA BR OVC003 17/17 A2988 RMK ST8 DENSITY ALT 697FT VIS VRB 3/4-1 3/4 SLP120
CYAW,2022-09-27 18:00,-63.4994,44.6397,CYAW 271800Z 18009G18KT 1 1/2SM -SHRA BR OVC003 17/17 A2988 RMK ST8 DENSITY ALT 711FT VIS VRB 1-2 SLP118
CYAW,2022-09-27 18:16,-63.4994,44.6397,CYAW 271816Z 19008G15KT 1 1/2SM SHRA BR OVC004 17/17 A2989 RMK ST8 DENSITY ALT 739FT VIS VRB 1-2 SLP121
CYAW,2022-09-27 18:43,-63.4994,44.6397,CYAW 271843Z 18010KT 2 1/2SM SHRA BR BKN003 OVC035 17/17 A2989 RMK SF7SC1 DENSITY ALT 713FT VIS VRB 1 3/4-4 VIS HYR N SLP121
CYAW,2022-09-27 19:00,-63.4994,44.6397,CYAW 271900Z 18008KT 2 1/4SM SHRA BR BKN003 OVC033 17/17 A2989 RMK SF7SC1 DENSITY ALT 726FT VIS VRB 1 1/2-3 SLP121
CYAW,2022-09-27 19:41,-63.4994,44.6397,CYAW 271941Z 16008KT 2 1/4SM -SHRA BR OVC003 17/17 A2988 RMK SF8 DENSITY ALT 697FT VIS VRB 1 1/2-3 SLP119
CYAW,2022-09-27 20:00,-63.4994,44.6397,CYAW 272000Z 17006KT 2 1/4SM BR OVC002 17/17 A2988 RMK SF8 DENSITY ALT 697FT VIS VRB 1 1/2-3 VIS HYR NW QUAD SLP119
CYAW,2022-09-27 20:30,-63.4994,44.6397,CYAW 272030Z 19007KT 6SM BR BKN003 OVC025 18/18 A2987 RMK SF6SC2 DENSITY ALT 802FT CIG VRB 2-5 SLP117
CYAW,2022-09-27 21:00,-63.4994,44.6397,CYAW 272100Z 18007KT 2 1/4SM -SHRA BR OVC002 17/17 A2987 RMK SF8 DENSITY ALT 736FT VIS VRB 1 1/2-3 SLP117
CYAW,2022-09-27 21:10,-63.4994,44.6397,CYAW 272110Z 18008KT 1SM -SHRA BR OVC002 17/17 A2987 RMK SF8 DENSITY ALT 722FT VIS VRB 3/4-1 1/2 SLP117
CYAW,2022-09-27 21:27,-63.4994,44.6397,CYAW 272127Z 18007KT 3/4SM -DZ BR OVC002 17/17 A2987 RMK ST8 DENSITY ALT 682FT SLP117
CYAW,2022-09-27 22:00,-63.4994,44.6397,CYAW 272200Z 17007KT 3/4SM -DZ BR OVC002 17/17 A2987 RMK ST8 DENSITY ALT 669FT LAST OBS /NEXT 281000 UTC SLP115
CYAW,2022-09-28 10:00,-63.4994,44.6397,CYAW 281000Z 00000KT 1/8SM FG VV001 14/14 A2995 RMK FG8 DENSITY ALT 218FT VIS VRB 0-1/4 FST OBS SLP142
CYAW,2022-09-28 11:00,-63.4994,44.6397,CYAW 281100Z 00000KT 1/8SM FG VV001 14/14 A2996 RMK FG8 DENSITY ALT 219FT VIS VRB 0-1/4 SLP145
CYAW,2022-09-28 12:00,-63.4994,44.6397,CYAW 281200Z 16003KT 1/8SM FG VV001 14/14 A2995 RMK FG8 DENSITY ALT 231FT VIS VRB 0-1/4 SLP144
CYAW,2022-09-28 12:30,-63.4994,44.6397,CYAW 281230Z 18004KT 1SM BR OVC001 14/14 A2995 RMK ST8 DENSITY ALT 204FT VIS VRB 3/4-1 1/4 SLP144
CYAW,2022-09-28 12:50,-63.4994,44.6397,CYAW 281250Z 18004KT 1/4SM FG VV001 14/14 A2996 RMK FG8 DENSITY ALT 206FT SLP145
CYAW,2022-09-28 13:00,-63.4994,44.6397,CYAW 281300Z 20003KT 1/4SM FG VV001 14/14 A2996 RMK FG8 DENSITY ALT 206FT VIS VRB 1/8-3/8 SLP145
CYAW,2022-09-28 13:36,-63.4994,44.6397,CYAW 281336Z 00000KT 3/4SM BR OVC001 14/14 A2995 RMK ST8 DENSITY ALT 284FT VIS VRB 1/2-1 SLP143
CYAW,2022-09-28 14:00,-63.4994,44.6397,CYAW 281400Z 18002KT 3/4SM BR OVC002 14/14 A2995 RMK ST8 DENSITY ALT 284FT VIS VRB 1/2-1 SLP142
CYAW,2022-09-28 14:29,-63.4994,44.6397,CYAW 281429Z 17003KT 3SM BR OVC001 15/15 A2994 RMK ST8 DENSITY ALT 349FT SLP140
CYAW,2022-09-28 15:00,-63.4994,44.6397,CYAW 281500Z 21003KT 5SM BR OVC003 15/15 A2994 RMK SF8 DENSITY ALT 375FT CIG VRB 2-5 SLP139
CYAW,2022-09-28 15:36,-63.4994,44.6397,CYAW 281536Z 22004KT 12SM SCT006 OVC050 15/15 A2993 RMK SF4SC4 DENSITY ALT 427FT SLP137
CYAW,2022-09-28 16:00,-63.4994,44.6397,CYAW 281600Z 21005KT 12SM FEW006 BKN055 15/15 A2993 RMK SF2SC5 DENSITY ALT 427FT SLP137
CYAW,2022-09-28 17:00,-63.4994,44.6397,CYAW 281700Z 23004KT 15SM FEW006 FEW010 BKN065 16/16 A2992 RMK SF1CU1SC7 DENSITY ALT 531FT SLP133
CYAW,2022-09-28 18:00,-63.4994,44.6397,CYAW 281800Z 22004KT 15SM FEW010 SCT080 BKN250 17/15 A2991 RMK CU1AC3CI4 DENSITY ALT 696FT SLP128
CYAW,2022-09-28 19:00,-63.4994,44.6397,CYAW 281900Z 25004KT 15SM FEW015 FEW080 BKN220 18/14 A2991 RMK CU1AC1CC7 DENSITY ALT 707FT SLP128
CYAW,2022-09-28 20:00,-63.4994,44.6397,CYAW 282000Z 23008KT 15SM FEW030 BKN220 17/15 A2992 RMK SC1CC6 DENSITY ALT 631FT SLP132
CYAW,2022-09-28 21:00,-63.4994,44.6397,CYAW 282100Z 25008KT 15SM FEW030 BKN220 17/14 A2993 RMK SC1CC5 DENSITY ALT 588FT SLP135
CYAW,2022-09-28 22:00,-63.4994,44.6397,CYAW 282200Z 00000KT 15SM FEW040 BKN220 16/14 A2995 RMK SC1CC4 DENSITY ALT 495FT SLP143
CYAW,2022-09-28 23:00,-63.4994,44.6397,CYAW 282300Z 00000KT 15SM BKN220 15/14 A2998 RMK CC5 DENSITY ALT 367FT SLP151
CYAW,2022-09-29 00:00,-63.4994,44.6397,CYAW 290000Z 27006KT 15SM SCT220 16/13 A3001 RMK CC4 DENSITY ALT 358FT SLP163
CYAW,2022-09-29 01:00,-63.4994,44.6397,CYAW 290100Z 27007KT 15SM BKN220 15/11 A3003 RMK CC5 DENSITY ALT 248FT SLP169
CYAW,2022-09-29 01:11,-63.4994,44.6397,CYAW 290111Z 26007KT 15SM BKN220 15/11 A3003 RMK CC5 DENSITY ALT 235FT LAST OBS /NEXT 291000 UTC SLP170
CYAW,2022-09-29 10:00,-63.4994,44.6397,CYAW 291000Z 00000KT 12SM BKN230 11/11 A3014 RMK CS5 DENSITY ALT -400FT FST OBS SLP206
CYAW,2022-09-29 11:00,-63.4994,44.6397,CYAW 291100Z 00000KT 15SM BKN210 11/10 A3015 RMK CS5 DENSITY ALT -439FT SLP210
CYAW,2022-09-29 12:00,-63.4994,44.6397,CYAW 291200Z 00000KT 15SM SCT210 12/12 A3016 RMK CS4 DENSITY ALT -256FT SLP214
CYAW,2022-09-29 13:00,-63.4994,44.6397,CYAW 291300Z 32005KT 15SM SCT180 14/12 A3017 RMK AS4 DENSITY ALT -94FT SLP218
CYAW,2022-09-29 14:00,-63.4994,44.6397,CYAW 291400Z 33003KT 15SM FEW015 SCT180 15/12 A3019 RMK CF1AS4 DENSITY ALT 39FT SLP224
CYAW,2022-09-29 15:00,-63.4994,44.6397,CYAW 291500Z 00000KT 15SM FEW015 SCT180 16/12 A3018 RMK CF1AS3 DENSITY ALT 206FT SLP221
CYAW,2022-09-29 16:00,-63.4994,44.6397,CYAW 291600Z 29005KT 15SM FEW015 SCT180 18/10 A3017 RMK CU1AS3 DENSITY ALT 446FT SLP218
CYAW,2022-09-29 17:00,-63.4994,44.6397,CYAW 291700Z 25003KT 15SM SCT035 BKN180 20/10 A3017 RMK CU4AS2 DENSITY ALT 610FT SLP217
CYAW,2022-09-29 18:00,-63.4994,44.6397,CYAW 291800Z CCA 19003KT 15SM BKN045 BKN180 18/11 A3016 RMK CU6AS1 DENSITY ALT 468FT SLP213
CYAW,2022-09-29 19:00,-63.4994,44.6397,CYAW 291900Z 16004KT 15SM FEW055 BKN080 BKN180 17/13 A3017 RMK CU2AC3AS2 DENSITY ALT 365FT SLP216
CYAW,2022-09-29 20:00,-63.4994,44.6397,CYAW 292000Z 00000KT 15SM FEW060 BKN085 BKN180 17/12 A3019 RMK CU2AC3AS2 DENSITY ALT 293FT SLP223
CYAW,2022-09-29 21:00,-63.4994,44.6397,CYAW 292100Z 32003KT 15SM FEW060 SCT085 BKN200 17/10 A3020 RMK CU1AC3CI2 DENSITY ALT 261FT SLP227
CYAW,2022-09-29 22:00,-63.4994,44.6397,CYAW 292200Z 31006KT 15SM FEW090 FEW200 16/09 A3022 RMK AC1CI1 DENSITY ALT 117FT SLP233
CYAW,2022-09-29 23:00,-63.4994,44.6397,CYAW 292300Z 31004KT 15SM FEW100 FEW200 13/09 A3022 RMK AC1CI2 DENSITY ALT -265FT SLP236
CYAW,2022-09-30 00:00,-63.4994,44.6397,CYAW 300000Z 00000KT 15SM FEW200 12/09 A3023 RMK CI1 DENSITY ALT -385FT SLP239
CYAW,2022-09-30 01:00,-63.4994,44.6397,CYAW 300100Z 36005KT 15SM FEW200 12/09 A3025 RMK CI1 DENSITY ALT -456FT SLP246
CYAW,2022-09-30 01:26,-63.4994,44.6397,CYAW 300126Z 35005KT 15SM FEW200 11/09 A3025 RMK CI1 DENSITY ALT -479FT LAST OBS /NEXT 301000 UTC SLP246
CYAW,2022-09-30 10:00,-63.4994,44.6397,CYAW 301000Z 34005KT 15SM FEW020 FEW250 08/07 A3031 RMK SC1CI1 DENSITY ALT -1008FT FST OBS SLP265
CYAW,2022-09-30 11:00,-63.4994,44.6397,CYAW 301100Z 00000KT 15SM FEW020 FEW250 08/07 A3032 RMK SC1CI1 DENSITY ALT -968FT SLP268
CYAW,2022-09-30 11:45,-63.4994,44.6397,CYAW 301145Z 34005KT 15SM FEW020 SCT250 11/08 A3032 RMK SC1CI2 DENSITY ALT -654FT LAST OBS /NEXT 031000 UTC SLP268
CYAW,2022-10-01 08:00,-63.4994,44.6397,CYAW 010800Z 00000KT 15SM SCT250 08/07 A3015 RMK CI3 DENSITY ALT -841FT FST OBS SLP210
CYAW,2022-10-01 09:00,-63.4994,44.6397,CYAW 010900Z 00000KT 15SM SCT250 09/08 A3014 RMK CI3 DENSITY ALT -612FT SLP209
CYAW,2022-10-01 10:00,-63.4994,44.6397,CYAW 011000Z 00000KT 15SM BKN250 08/06 A3015 RMK CI5 DENSITY ALT -858FT SLP211
CYAW,2022-10-01 10:47,-63.4994,44.6397,CYAW 011047Z 00000KT 15SM BKN250 07/06 A3016 RMK CI5 DENSITY ALT -912FT LAST OBS /NEXT 031000 UTC SLP214
CYAW,2022-10-03 10:00,-63.4994,44.6397,CYAW 031000Z 01007KT 15SM FEW020 FEW180 FEW230 04/01 A3030 RMK SC1AC1CI1 DENSITY ALT -1475FT FST OBS SC TR CI TR SLP264
CYAW,2022-10-03 11:00,-63.4994,44.6397,CYAW 031100Z 02007KT 15SM FEW020 FEW180 FEW230 05/01 A3032 RMK SC1AC1CI1 DENSITY ALT -1399FT SC TR SLP268
CYAW,2022-10-03 12:00,-63.4994,44.6397,CYAW 031200Z 02008KT 15SM FEW020 FEW180 07/01 A3034 RMK SC1AC1 DENSITY ALT -1209FT SLP275
CYAW,2022-10-03 13:00,-63.4994,44.6397,CYAW 031300Z 02007KT 15SM FEW020 FEW180 09/01 A3034 RMK SC1AC1 DENSITY ALT -902FT SLP276
CYAW,2022-10-03 14:00,-63.4994,44.6397,CYAW 031400Z 04008KT 15SM FEW025 FEW180 11/01 A3033 RMK SC1AC1 DENSITY ALT -720FT SLP273
CYAW,2022-10-03 15:00,-63.4994,44.6397,CYAW 031500Z 03006KT 15SM FEW025 FEW250 12/M00 A3033 RMK SC1CI1 DENSITY ALT -583FT SC TR SLP272
CYAW,2022-10-03 16:00,-63.4994,44.6397,CYAW 031600Z 03003KT 15SM FEW030 FEW250 13/M01 A3031 RMK SC1CI1 DENSITY ALT -478FT SC TR SLP267
CYAW,2022-10-03 17:00,-63.4994,44.6397,CYAW 031700Z 04005KT 15SM FEW040 FEW250 13/M00 A3030 RMK SC1CI1 DENSITY ALT -382FT SC TR SLP263
CYAW,2022-10-03 18:00,-63.4994,44.6397,CYAW 031800Z 02004KT 15SM FEW040 FEW250 14/M01 A3028 RMK SC1CI1 DENSITY ALT -313FT SC TR SLP256
CYAW,2022-10-03 19:00,-63.4994,44.6397,CYAW 031900Z 17008KT 15SM FEW040 FEW250 13/04 A3028 RMK SC1CI1 DENSITY ALT -417FT SLP256
CYAW,2022-10-03 20:00,-63.4994,44.6397,CYAW 032000Z 17007KT 15SM FEW250 12/04 A3027 RMK CI1 DENSITY ALT -465FT SLP253
CYAW,2022-10-03 21:00,-63.4994,44.6397,CYAW 032100Z 18005KT 15SM FEW250 11/04 A3028 RMK CI1 DENSITY ALT -557FT SLP256
CYAW,2022-10-03 22:00,-63.4994,44.6397,CYAW 032200Z 00000KT 15SM FEW250 10/05 A3029 RMK CI1 DENSITY ALT -720FT SLP258
CYAW,2022-10-03 23:00,-63.4994,44.6397,CYAW 032300Z 23003KT 15SM SKC 10/05 A3030 RMK DENSITY ALT -792FT SLP262
CYAW,2022-10-04 00:00,-63.4994,44.6397,CYAW 040000Z 00000KT 15SM SKC 06/04 A3030 RMK DENSITY ALT -1232FT SLP263
CYAW,2022-10-04 01:00,-63.4994,44.6397,CYAW 040100Z 00000KT 15SM SKC 05/04 A3030 RMK DENSITY ALT -1316FT SLP264
CYAW,2022-10-04 01:25,-63.4994,44.6397,CYAW 040125Z 00000KT 15SM SKC 05/04 A3031 RMK DENSITY ALT -1328FT LAST OBS /NEXT 041000 UTC SLP265
CYAW,2022-10-04 10:00,-63.4994,44.6397,CYAW 041000Z 00000KT 12SM BCFG FEW060 FEW180 SCT230 03/03 A3027 RMK SC1AC1CI3 DENSITY ALT -1539FT AC TR FST OBS SLP254
CYAW,2022-10-04 11:00,-63.4994,44.6397,CYAW 041100Z 00000KT 15SM BCFG FEW050 SCT240 04/04 A3028 RMK SC1CI3 DENSITY ALT -1432FT SLP256
CYAW,2022-10-04 12:00,-63.4994,44.6397,CYAW 041200Z 00000KT 15SM FEW040 FEW230 SCT250 09/07 A3028 RMK SC1CI2CC1 DENSITY ALT -789FT SC TR SLP256
CYAW,2022-10-04 13:00,-63.4994,44.6397,CYAW 041300Z 00000KT 15SM FEW040 FEW210 SCT240 11/08 A3028 RMK SC1CC2CI1 DENSITY ALT -583FT SC TR SLP256
CYAW,2022-10-04 14:00,-63.4994,44.6397,CYAW 041400Z 11007KT 15SM FEW040 FEW210 SCT240 13/08 A3028 RMK CU1CC1CI2 DENSITY ALT -325FT CU TR SLP257
CYAW,2022-10-04 15:00,-63.4994,44.6397,CYAW 041500Z 10006KT 15SM FEW027 FEW210 FEW250 14/08 A3027 RMK CF1CC1CI1 DENSITY ALT -230FT CF TR SLP253
CYAW,2022-10-04 16:00,-63.4994,44.6397,CYAW 041600Z 13007KT 15SM FEW180 FEW210 SCT250 14/07 A3025 RMK AC1CC1CI2 DENSITY ALT -222FT AC TR SLP245
CYAW,2022-10-04 17:00,-63.4994,44.6397,CYAW 041700Z 13009KT 15SM FEW024 FEW180 FEW210 SCT250 14/09 A3025 RMK CU1AC1CC2CI2 DENSITY ALT -137FT SLP244
CYAW,2022-10-04 18:00,-63.4994,44.6397,CYAW 041800Z 12006KT 15SM FEW023 FEW210 SCT250 14/09 A3023 RMK CU1CC2CI1 DENSITY ALT -100FT SLP239
CYAW,2022-10-04 19:00,-63.4994,44.6397,CYAW 041900Z 11005KT 15SM FEW025 SCT210 SCT250 14/09 A3022 RMK SC1CC3CI1 DENSITY ALT -97FT SC TR SLP236
CYAW,2022-10-04 19:19,-63.4994,44.6397,CYAW 041919Z 10006KT 15SM FEW025 SCT210 SCT250 14/09 A3023 RMK SC1CC3CI1 DENSITY ALT -167FT LAST OBS /NEXT 051000 UTC SLP237
CYAW,2022-10-05 10:00,-63.4994,44.6397,CYAW 051000Z 03005KT 9SM OVC003 10/10 A3010 RMK SF8 DENSITY ALT -418FT VIS LWR W FST OBS SLP193
CYAW,2022-10-05 10:40,-63.4994,44.6397,CYAW 051040Z 05005KT 6SM BR BKN002 BKN150 BKN250 10/10 A3009 RMK SF5AC1CI1 DENSITY ALT -420FT AC TR VIS LWR W SLP192
CYAW,2022-10-05 11:00,-63.4994,44.6397,CYAW 051100Z 04005KT 6SM BR BKN002 BKN150 BKN250 10/10 A3010 RMK SF5AC1CI1 DENSITY ALT -431FT VIS HYR S SLP193
CYAW,2022-10-05 11:19,-63.4994,44.6397,CYAW 051119Z 04006KT 6SM BR BKN001 BKN250 11/11 A3009 RMK SF6CI1 DENSITY ALT -380FT VIS LWR E QUAD SLP192
CYAW,2022-10-05 11:37,-63.4994,44.6397,CYAW 051137Z 05005KT 1/4SM FG VV001 11/11 A3009 RMK FG8 DENSITY ALT -367FT VIS VRB 1/8-3/8 SLP192
CYAW,2022-10-05 12:00,-63.4994,44.6397,CYAW 051200Z 05004KT 1/8SM FG VV001 11/11 A3010 RMK FG8 DENSITY ALT -326FT SLP194
CYAW,2022-10-05 12:24,-63.4994,44.6397,CYAW 051224Z 06006KT 1SM BR BKN150 BKN250 12/12 A3010 RMK FG5AC1CI2 DENSITY ALT -259FT VIS VRB 1/2-1 1/2 VIS HYR S QUAD SLP195
CYAW,2022-10-05 12:38,-63.4994,44.6397,CYAW 051238Z 05005KT 12SM SCT001 BKN030 BKN250 12/12 A3010 RMK SF3SC3CI1 DENSITY ALT -206FT SLP195
CYAW,2022-10-05 13:00,-63.4994,44.6397,CYAW 051300Z 07003KT 15SM FEW002 BKN031 13/13 A3010 RMK SF1SC6 DENSITY ALT -87FT SLP195
CYAW,2022-10-05 14:00,-63.4994,44.6397,CYAW 051400Z 08005KT 15SM FEW010 BKN030 BKN250 15/13 A3009 RMK CF1SC5CI2 DENSITY ALT 224FT SLP190
CYAW,2022-10-05 15:00,-63.4994,44.6397,CYAW 051500Z 10012G17KT 15SM FEW010 BKN030 BKN250 16/12 A3007 RMK CF1SC6CI1 DENSITY ALT 310FT SLP183
CYAW,2022-10-05 16:00,-63.4994,44.6397,CYAW 051600Z 10011G17KT 15SM FEW010 BKN031 16/13 A3006 RMK CF1SC7 DENSITY ALT 325FT SLP179
CYAW,2022-10-05 17:00,-63.4994,44.6397,CYAW 051700Z 09008G15KT 15SM FEW010 BKN032 OVC120 15/13 A3006 RMK CF1SC7AC1 DENSITY ALT 259FT SLP179
CYAW,2022-10-05 18:00,-63.4994,44.6397,CYAW 051800Z 08010G16KT 15SM FEW020 BKN032 BKN150 16/13 A3003 RMK CF1SC4AS2 DENSITY ALT 314FT SLP170
CYAW,2022-10-05 19:00,-63.4994,44.6397,CYAW 051900Z 09011G18KT 15SM SCT025 BKN150 OVC250 15/13 A3001 RMK SC4AC2CS2 DENSITY ALT 311FT SLP164
CYAW,2022-10-05 20:00,-63.4994,44.6397,CYAW 052000Z 09010G16KT 15SM FEW022 BKN030 BKN180 15/13 A3001 RMK CF1SC6AC1 DENSITY ALT 252FT SLP161
CYAW,2022-10-05 21:00,-63.4994,44.6397,CYAW 052100Z 07007KT 15SM FEW020 BKN030 OVC180 15/13 A3000 RMK CF1SC6AC1 DENSITY ALT 217FT SLP160
CYAW,2022-10-05 22:00,-63.4994,44.6397,CYAW 052200Z 07009KT 12SM FEW010 BKN026 OVC180 14/13 A3001 RMK CF1SC5AC2 DENSITY ALT 160FT SLP165
CYAW,2022-10-05 23:00,-63.4994,44.6397,CYAW 052300Z 07006G16KT 12SM SCT006 BKN013 OVC140 14/13 A2999 RMK SF3SC3AC2 DENSITY ALT 160FT SLP158
CYAW,2022-10-06 00:00,-63.4994,44.6397,CYAW 060000Z 08007KT 12SM SCT006 BKN013 OVC025 14/13 A3000 RMK CF4SC3SC1 DENSITY ALT 147FT SLP160
CYAW,2022-10-06 01:00,-63.4994,44.6397,CYAW 060100Z 06006KT 15SM FEW006 SCT025 OVC070 14/13 A2998 RMK CF1SC2AC5 DENSITY ALT 156FT SLP151
CYAW,2022-10-06 01:32,-63.4994,44.6397,CYAW 060132Z 08007KT 15SM FEW006 SCT025 OVC070 14/13 A2998 RMK CF1SC2AC5 DENSITY ALT 155FT LAST OBS /NEXT 061000 UTC SLP153
CYAW,2022-10-06 10:00,-63.4994,44.6397,CYAW 061000Z 05007KT 15SM OVC004 13/13 A2985 RMK SF8 DENSITY ALT 253FT VIS LWR W FST OBS SLP109
CYAW,2022-10-06 10:18,-63.4994,44.6397,CYAW 061018Z 06007KT 3SM BR OVC003 13/13 A2985 RMK ST8 DENSITY ALT 266FT SLP110
CYAW,2022-10-06 10:30,-63.4994,44.6397,CYAW 061030Z 04006KT 2 1/4SM -DZ BR OVC003 13/13 A2985 RMK ST8 DENSITY ALT 266FT VIS VRB 1 1/2-3 SLP109
CYAW,2022-10-06 11:00,-63.4994,44.6397,CYAW 061100Z 05005KT 3SM -DZ BR OVC003 13/13 A2987 RMK ST8 DENSITY ALT 243FT PCPN VRY LGT SLP114
CYAW,2022-10-06 11:19,-63.4994,44.6397,CYAW 061119Z 06004KT 1SM -DZ BR OVC002 14/14 A2986 RMK ST8 DENSITY ALT 268FT VIS VRB 3/4-1 1/2 SLP113
CYAW,2022-10-06 12:00,-63.4994,44.6397,CYAW 061200Z 05005KT 3/4SM -DZ BR OVC002 14/14 A2985 RMK ST8 DENSITY ALT 293FT VIS LWR NE SLP109
CYAW,2022-10-06 12:09,-63.4994,44.6397,CYAW 061209Z 04006KT 3/4SM -RA BR OVC002 14/14 A2985 RMK ST8 DENSITY ALT 306FT VIS LWR NW SLP108
CYAW,2022-10-06 13:00,-63.4994,44.6397,CYAW 061300Z 06005KT 3/4SM -RA BR OVC003 14/14 A2986 RMK ST8 DENSITY ALT 295FT SLP111
CYAW,2022-10-06 13:15,-63.4994,44.6397,CYAW 061315Z 05003KT 1SM -RA BR OVC003 14/14 A2985 RMK SF8 DENSITY ALT 319FT VIS VRB 3/4-1 1/2 CIG VRB 2-5 SLP109
CYAW,2022-10-06 13:31,-63.4994,44.6397,CYAW 061331Z 05004KT 1 1/2SM -TSRA BR OVC003 14/14 A2985 RMK SF8 DENSITY ALT 319FT CB EMBD MOV E OCNL LTGCG SE SLP108
CYAW,2022-10-06 13:47,-63.4994,44.6397,CYAW 061347Z 04005KT 1 1/2SM SHRA BR OVC003 14/14 A2985 RMK SF8 DENSITY ALT 319FT CIG VRB 2-4 CVCTV CLD EMBD SLP108
CYAW,2022-10-06 14:00,-63.4994,44.6397,CYAW 061400Z 05006KT 2SM TSRA BR OVC003 14/14 A2985 RMK SF8 DENSITY ALT 333FT CB EMBD OCNL LTGCCCG SE QUAD CIG VRB 2-4 SLP108
CYAW,2022-10-06 14:23,-63.4994,44.6397,CYAW 061423Z 04006KT 4SM SHRA BR OVC003 14/14 A2983 RMK SF8 DENSITY ALT 356FT CIG VRB 2-5 CVCTV CLD EMBD SLP102
CYAW,2022-10-06 15:00,-63.4994,44.6397,CYAW 061500Z 04008KT 5SM RA BR OVC005 14/14 A2982 RMK SF8 DENSITY ALT 380FT CIG VRB 3-7 SLP097
CYAW,2022-10-06 16:00,-63.4994,44.6397,CYAW 061600Z CCA 03014KT 5SM +RA BR BKN005 OVC030 14/14 A2978 RMK SF6SC2 DENSITY ALT 453FT CIG VRB 3-7 /R10/ SLP084
CYAW,2022-10-06 17:00,-63.4994,44.6397,CYAW 061700Z 34002KT 5SM +RA BR OVC007 15/15 A2977 RMK SF8 DENSITY ALT 544FT SLP083
CYAW,2022-10-06 17:27,-63.4994,44.6397,CYAW 061727Z 02002KT 5SM RA BR OVC007 15/15 A2978 RMK SF8 DENSITY ALT 573FT SLP085
CYAW,2022-10-06 17:53,-63.4994,44.6397,CYAW 061753Z CCA 02006KT 12SM -RA BKN007 OVC011 15/15 A2977 RMK SF7SC1 DENSITY ALT 624FT VIS LWR N QUAD SLP083
CYAW,2022-10-06 18:00,-63.4994,44.6397,CYAW 061800Z 02007KT 12SM -RA BKN007 BKN012 16/15 A2977 RMK SF6SC1 DENSITY ALT 648FT VIS LWR N QUAD /R23/ SLP081
CYAW,2022-10-06 18:14,-63.4994,44.6397,CYAW 061814Z 36010KT 12SM BKN008 BKN020 16/15 A2976 RMK SF6SC1 DENSITY ALT 659FT SLP079
CYAW,2022-10-06 19:00,-63.4994,44.6397,CYAW 061900Z 02009G15KT 12SM -RA BKN008 BKN020 16/15 A2975 RMK SF5SC2 DENSITY ALT 657FT SLP075
CYAW,2022-10-06 20:00,-63.4994,44.6397,CYAW 062000Z 34008KT 4SM -RA BR BKN008 OVC020 15/15 A2976 RMK SF6SC2 DENSITY ALT 618FT SLP080
CYAW,2022-10-06 20:22,-63.4994,44.6397,CYAW 062022Z 22004KT 5SM TSRA BR BKN007 OVC020CB 15/15 A2978 RMK SF6CB2 DENSITY ALT 583FT CB OHD MOV N OCNL LTGCCCG SLP084
CYAW,2022-10-06 20:36,-63.4994,44.6397,CYAW 062036Z 00000KT 2SM +TSRA BR BKN006 OVC020CB 15/15 A2979 RMK SF6CB2 DENSITY ALT 546FT CB OHD MOV NW FRQ LTGCCCG SLP088
CYAW,2022-10-06 20:49,-63.4994,44.6397,CYAW 062049Z 36008KT 1 1/2SM +SHRA BR BKN006 OVC020CB 15/15 A2978 RMK SF6CB2 DENSITY ALT 570FT CB NW MOV NW VIS LWR W QUAD SLP084
CYAW,2022-10-06 21:00,-63.4994,44.6397,CYAW 062100Z 36009KT 1SM SHRA BR BKN005 OVC020 15/15 A2977 RMK SF6SC2 DENSITY ALT 569FT /R10/ SLP083
CYAW,2022-10-06 21:13,-63.4994,44.6397,CYAW 062113Z 35011KT 1SM +SHRA BR BKN006 OVC015 15/15 A2977 RMK SF6SC2 DENSITY ALT 556FT SLP081
CYAW,2022-10-06 21:27,-63.4994,44.6397,CYAW 062127Z 36014KT 1 1/2SM -SHRA BR BKN012 BKN030 15/15 A2976 RMK SF6SC1 DENSITY ALT 554FT SLP080
CYAW,2022-10-06 22:00,-63.4994,44.6397,CYAW 062200Z CCA 01013KT 3SM BR SCT015 BKN030 BKN050 15/15 A2977 RMK SF3SC3SC1 DENSITY ALT 541FT /R20/ SLP081
CYAW,2022-10-06 23:00,-63.4994,44.6397,CYAW 062300Z 01015G22KT 10SM FEW006 BKN030 BKN090 15/14 A2977 RMK SF1SC4AC2 DENSITY ALT 525FT SLP081
CYAW,2022-10-07 00:00,-63.4994,44.6397,CYAW 070000Z 02007KT 12SM FEW006 SCT011 BKN090 15/14 A2979 RMK SF2SC2AC2 DENSITY ALT 502FT SLP090
CYAW,2022-10-07 00:53,-63.4994,44.6397,CYAW 070053Z 02004KT 12SM FEW006 OVC011 15/14 A2981 RMK SF2SC6 DENSITY ALT 481FT SLP095
CYAW,2022-10-07 01:00,-63.4994,44.6397,CYAW 070100Z 36006KT 12SM SCT005 OVC010 15/14 A2981 RMK SF3SC5 DENSITY ALT 481FT SLP096
CYAW,2022-10-07 01:33,-63.4994,44.6397,CYAW 070133Z 36007KT 12SM OVC010 15/14 A2981 RMK SC8 DENSITY ALT 479FT LAST OBS /NEXT 071000 UTC SLP096
CYAW,2022-10-07 10:00,-63.4994,44.6397,CYAW 071000Z 36003KT 12SM OVC006 14/14 A2990 RMK SF8 DENSITY ALT 323FT VIS LWR W FST OBS SLP127
CYAW,2022-10-07 11:00,-63.4994,44.6397,CYAW 071100Z 01003KT 12SM OVC005 14/14 A2993 RMK SF8 DENSITY ALT 263FT SLP135
CYAW,2022-10-07 12:00,-63.4994,44.6397,CYAW 071200Z 00000KT 12SM OVC007 15/14 A2995 RMK SF8 DENSITY ALT 289FT SLP142
CYAW,2022-10-07 13:00,-63.4994,44.6397,CYAW 071300Z 33006KT 15SM OVC008 15/14 A2995 RMK SF8 DENSITY ALT 375FT SLP143
CYAW,2022-10-07 13:35,-63.4994,44.6397,CYAW 071335Z 31003KT 15SM OVC010 15/14 A2996 RMK SC8 DENSITY ALT 389FT SLP145
CYAW,2022-10-07 13:42,-63.4994,44.6397,CYAW 071342Z 33003KT 15SM BKN009 16/14 A2996 RMK SF7 DENSITY ALT 427FT SLP145
CYAW,2022-10-07 14:00,-63.4994,44.6397,CYAW 071400Z 00000KT 15SM OVC010 16/14 A2996 RMK SC8 DENSITY ALT 474FT SLP146
CYAW,2022-10-07 15:00,-63.4994,44.6397,CYAW 071500Z 00000KT 15SM OVC010 16/14 A2997 RMK SC8 DENSITY ALT 450FT SLP148
CYAW,2022-10-07 16:00,-63.4994,44.6397,CYAW 071600Z 05006KT 15SM BKN014 18/15 A2994 RMK SC7 DENSITY ALT 702FT SLP140
CYAW,2022-10-07 16:31,-63.4994,44.6397,CYAW 071631Z 00000KT 15SM BKN016 18/14 A2994 RMK SC6 DENSITY ALT 683FT SLP138
CYAW,2022-10-07 17:00,-63.4994,44.6397,CYAW 071700Z 23007KT 15SM BKN014 18/15 A2993 RMK SC6 DENSITY ALT 678FT SLP137
CYAW,2022-10-07 18:00,-63.4994,44.6397,CYAW 071800Z 18007KT 15SM BKN012 18/15 A2994 RMK SC6 DENSITY ALT 677FT SLP139
CYAW,2022-10-07 18:37,-63.4994,44.6397,CYAW 071837Z 16009KT 15SM BKN020 16/14 A2994 RMK SC6 DENSITY ALT 533FT SLP139
CYAW,2022-10-07 19:00,-63.4994,44.6397,CYAW 071900Z 17008KT 15SM FEW009 BKN020 16/14 A2994 RMK SF1SC6 DENSITY ALT 484FT SLP139
CYAW,2022-10-07 20:00,-63.4994,44.6397,CYAW 072000Z 18006KT 15SM FEW009 BKN019 16/14 A2994 RMK SF1SC6 DENSITY ALT 471FT SLP138
CYAW,2022-10-07 20:27,-63.4994,44.6397,CYAW 072027Z 18007KT 15SM BKN008 BKN020 15/14 A2994 RMK SC5SC2 DENSITY ALT 399FT SLP138
CYAW,2022-10-07 21:00,-63.4994,44.6397,CYAW 072100Z 16007KT 12SM BKN008 BKN016 15/14 A2994 RMK SF5SC2 DENSITY ALT 336FT SLP139
CYAW,2022-10-07 22:00,-63.4994,44.6397,CYAW 072200Z 18006KT 12SM OVC007 14/14 A2995 RMK SF8 DENSITY ALT 249FT SLP142
CYAW,2022-10-07 23:00,-63.4994,44.6397,CYAW 072300Z 20006KT 10SM -DZ OVC005 14/13 A2995 RMK SF8 DENSITY ALT 174FT SLP143
CYAW,2022-10-07 23:39,-63.4994,44.6397,CYAW 072339Z 18005KT 12SM OVC005 13/13 A2995 RMK SF8 DENSITY ALT 134FT SLP144
CYAW,2022-10-08 00:00,-63.4994,44.6397,CYAW 080000Z 16006KT 2SM -DZ BR SCT003 BKN005 OVC015 13/13 A2996 RMK SF3SF4SC1 DENSITY ALT 125FT SLP145
CYAW,2022-10-08 00:14,-63.4994,44.6397,CYAW 080014Z 16005KT 2SM DZ BR SCT003 OVC005 13/13 A2996 RMK SF3SF5 DENSITY ALT 137FT SLP145
CYAW,2022-10-08 01:00,-63.4994,44.6397,CYAW 080100Z 19007KT 2 1/4SM DZ BR SCT003 OVC007 13/13 A2996 RMK SF3SF5 DENSITY ALT 138FT SLP145
CYAW,2022-10-08 01:27,-63.4994,44.6397,CYAW 080127Z 17006G15KT 2 1/2SM -DZ BR SCT003 OVC005 13/13 A2995 RMK SF3SF5 DENSITY ALT 137FT SLP144
CYAW,2022-10-08 01:53,-63.4994,44.6397,CYAW 080153Z 18006KT 2 1/2SM -DZ BR SCT003 OVC005 13/13 A2996 RMK SF3SF5 DENSITY ALT 112FT LAST OBS /NEXT 111000 UTC SLP145
CYAW,2022-10-09 14:00,-63.4994,44.6397,CYAW 091400Z 20006KT 15SM FEW025 11/03 A2999 RMK CF1 DENSITY ALT -318FT FST OBS SLP157
CYAW,2022-10-09 15:00,-63.4994,44.6397,CYAW 091500Z 25012KT 15SM FEW030 13/02 A2998 RMK CF1 DENSITY ALT -85FT SLP155
CYAW,2022-10-09 16:00,-63.4994,44.6397,CYAW 091600Z 24012G18KT 15SM FEW035 13/03 A2998 RMK CF1 DENSITY ALT -42FT SLP152
CYAW,2022-10-09 17:00,-63.4994,44.6397,CYAW 091700Z 25012G24KT 15SM BKN044 13/03 A2996 RMK CU6 DENSITY ALT 19FT SLP146
CYAW,2022-10-09 18:00,-63.4994,44.6397,CYAW 091800Z 23012G18KT 15SM BKN045 BKN200 13/05 A2992 RMK SC6CI1 DENSITY ALT 99FT SLP135
CYAW,2022-10-09 19:00,-63.4994,44.6397,CYAW 091900Z CCA 23010G16KT 15SM BKN045 BKN200 14/06 A2992 RMK SC7CI1 DENSITY ALT 132FT LAST OBS /NEXT 111000 UTC SLP133
CYAW,2022-10-11 10:00,-63.4994,44.6397,CYAW 111000Z 00000KT 15SM BKN034 07/06 A3024 RMK SC5 DENSITY ALT -1100FT FST OBS SLP242
CYAW,2022-10-11 11:00,-63.4994,44.6397,CYAW 111100Z 00000KT 15SM BKN032 07/07 A3025 RMK SC7 DENSITY ALT -1018FT SLP246
CYAW,2022-10-11 12:00,-63.4994,44.6397,CYAW 111200Z 00000KT 15SM FEW032 BKN045 08/07 A3027 RMK SC2SC4 DENSITY ALT -924FT SLP250
CYAW,2022-10-11 13:00,-63.4994,44.6397,CYAW 111300Z 00000KT 15SM FEW032 SCT045 SCT180 10/06 A3027 RMK SC2SC2AC1 DENSITY ALT -682FT SLP250
CYAW,2022-10-11 14:00,-63.4994,44.6397,CYAW 111400Z 00000KT 15SM SCT040 12/04 A3026 RMK SC4 DENSITY ALT -473FT SLP248
CYAW,2022-10-11 15:00,-63.4994,44.6397,CYAW 111500Z 28008KT 15SM SCT038 13/05 A3025 RMK SC4 DENSITY ALT -376FT SLP244
CYAW,2022-10-11 16:00,-63.4994,44.6397,CYAW 111600Z 25009KT 15SM SCT038 13/04 A3024 RMK SC3 DENSITY ALT -333FT SLP240
CYAW,2022-10-11 17:00,-63.4994,44.6397,CYAW 111700Z 25008KT 15SM FEW040 14/04 A3020 RMK CU2 DENSITY ALT -155FT SLP229
CYAW,2022-10-11 18:00,-63.4994,44.6397,CYAW 111800Z 23010G15KT 15SM FEW040 14/04 A3018 RMK CU1 DENSITY ALT -94FT SLP222
CYAW,2022-10-11 19:00,-63.4994,44.6397,CYAW 111900Z 23011KT 15SM FEW040 14/05 A3017 RMK CU1 DENSITY ALT -92FT SLP218
CYAW,2022-10-11 20:00,-63.4994,44.6397,CYAW 112000Z 22010G15KT 15SM FEW040 FEW250 14/04 A3016 RMK CU1CI1 DENSITY ALT -119FT SLP215
CYAW,2022-10-11 21:00,-63.4994,44.6397,CYAW 112100Z 22008KT 15SM FEW250 13/04 A3016 RMK CI1 DENSITY ALT -232FT SLP213
CYAW,2022-10-11 22:00,-63.4994,44.6397,CYAW 112200Z CCA 25010KT 15SM FEW250 12/02 A3016 RMK CI1 DENSITY ALT -387FT LAST OBS /NEXT 121000 UTC SLP215
CYAW,2022-10-12 10:00,-63.4994,44.6397,CYAW 121000Z 00000KT 15SM MIFG FEW030 FEW230 05/05 A3020 RMK SC1CI1 DENSITY ALT -1286FT FST OBS SLP229
CYAW,2022-10-12 11:00,-63.4994,44.6397,CYAW 121100Z 00000KT 15SM FEW030 08/07 A3022 RMK SC1 DENSITY ALT -916FT SLP233
CYAW,2022-10-12 12:00,-63.4994,44.6397,CYAW 121200Z 25002KT 15SM FEW030 10/08 A3022 RMK SC1 DENSITY ALT -665FT SLP236
CYAW,2022-10-12 13:00,-63.4994,44.6397,CYAW 121300Z 24006KT 15SM FEW030 11/07 A3022 RMK SC1 DENSITY ALT -478FT SLP234
CYAW,2022-10-12 14:00,-63.4994,44.6397,CYAW 121400Z 25004KT 15SM FEW030 13/07 A3021 RMK SC1 DENSITY ALT -266FT SLP232
CYAW,2022-10-12 15:00,-63.4994,44.6397,CYAW 121500Z 26008KT 15SM FEW030 15/08 A3021 RMK SC1 DENSITY ALT -78FT SLP231
CYAW,2022-10-12 16:00,-63.4994,44.6397,CYAW 121600Z 24009KT 15SM FEW030 16/06 A3020 RMK SC1 DENSITY ALT 61FT SLP228
CYAW,2022-10-12 17:00,-63.4994,44.6397,CYAW 121700Z 24010KT 15SM FEW030 16/04 A3019 RMK SC1 DENSITY ALT 133FT SLP223
CYAW,2022-10-12 18:00,-63.4994,44.6397,CYAW 121800Z 23008KT 15SM FEW250 17/05 A3017 RMK CI1 DENSITY ALT 209FT SLP219
CYAW,2022-10-12 19:00,-63.4994,44.6397,CYAW 121900Z 21010KT 15SM FEW250 16/07 A3016 RMK CI1 DENSITY ALT 180FT SLP215
CYAW,2022-10-12 20:00,-63.4994,44.6397,CYAW 122000Z 22008KT 15SM FEW250 16/08 A3017 RMK CI1 DENSITY ALT 87FT SLP217
CYAW,2022-10-12 21:00,-63.4994,44.6397,CYAW 122100Z 22009KT 15SM FEW250 14/08 A3016 RMK CI2 DENSITY ALT -77FT SLP215
CYAW,2022-10-12 21:43,-63.4994,44.6397,CYAW 122143Z 20006KT 15SM FEW250 12/09 A3017 RMK CI2 DENSITY ALT -271FT LAST OBS /NEXT 131000 UTC SLP216
CYAW,2022-10-13 10:00,-63.4994,44.6397,CYAW 131000Z 00000KT 8SM MIFG SCT007 BKN250 08/08 A3023 RMK SF4CI3 DENSITY ALT -912FT FST OBS SLP237
CYAW,2022-10-13 10:22,-63.4994,44.6397,CYAW 131022Z 00000KT 15SM MIFG BKN007 OVC250 08/08 A3023 RMK SF7CI1 DENSITY ALT -871FT SLP239
CYAW,2022-10-13 11:00,-63.4994,44.6397,CYAW 131100Z 22003KT 15SM BKN007 OVC250 11/11 A3025 RMK SF7CI1 DENSITY ALT -563FT SLP243
CYAW,2022-10-13 12:00,-63.4994,44.6397,CYAW 131200Z 21003KT 15SM OVC005 11/11 A3026 RMK SF8 DENSITY ALT -512FT CIG VRB 3-7 SLP247
CYAW,2022-10-13 13:00,-63.4994,44.6397,CYAW 131300Z 25005KT 15SM OVC005 11/11 A3026 RMK SF8 DENSITY ALT -489FT CIG VRB 3-7 SLP249
CYAW,2022-10-13 14:00,-63.4994,44.6397,CYAW 131400Z 16005KT 15SM BKN005 13/11 A3026 RMK SF7 DENSITY ALT -264FT CIG VRB 3-7 SLP248
CYAW,2022-10-13 14:33,-63.4994,44.6397,CYAW 131433Z 19004KT 15SM SCT008 BKN250 13/11 A3026 RMK SF3CI4 DENSITY ALT -228FT SLP249
CYAW,2022-10-13 15:00,-63.4994,44.6397,CYAW 131500Z 14003KT 12SM FEW010 BKN250 14/12 A3027 RMK SF1CI6 DENSITY ALT -150FT SLP250
CYAW,2022-10-13 16:00,-63.4994,44.6397,CYAW 131600Z 16010KT 12SM FEW015 OVC250 15/12 A3026 RMK SC1CS7 DENSITY ALT -52FT HALO SLP248
CYAW,2022-10-13 17:00,-63.4994,44.6397,CYAW 131700Z 17011KT 12SM FEW015 BKN250 15/12 A3026 RMK SC1CI4 DENSITY ALT -28FT SLP249
CYAW,2022-10-13 18:00,-63.4994,44.6397,CYAW 131800Z 16008KT 15SM SCT012 SCT250 15/12 A3026 RMK SC3CI1 DENSITY ALT 4FT SLP249
CYAW,2022-10-13 19:00,-63.4994,44.6397,CYAW 131900Z 16010KT 15SM FEW013 SCT250 15/12 A3027 RMK SC2CI1 DENSITY ALT -51FT SLP251
CYAW,2022-10-13 20:00,-63.4994,44.6397,CYAW 132000Z 14007KT 15SM FEW013 FEW250 15/13 A3027 RMK SC1CI2 DENSITY ALT -45FT SLP251
CYAW,2022-10-13 21:00,-63.4994,44.6397,CYAW 132100Z 12003KT 15SM SCT250 13/12 A3028 RMK CI4 DENSITY ALT -239FT SLP256
CYAW,2022-10-13 22:00,-63.4994,44.6397,CYAW 132200Z 09004KT 15SM FEW005 BKN250 12/12 A3027 RMK SF2CI4 DENSITY ALT -404FT SLP253
CYAW,2022-10-13 22:17,-63.4994,44.6397,CYAW 132217Z 09004KT 8SM BKN003 BKN250 12/12 A3027 RMK SF5CI2 DENSITY ALT -415FT SLP252
CYAW,2022-10-13 22:48,-63.4994,44.6397,CYAW 132248Z 10003KT 10SM BKN005 BKN250 13/13 A3028 RMK SF5CI2 DENSITY ALT -294FT CIG VRB 3-7 SLP255
CYAW,2022-10-13 23:00,-63.4994,44.6397,CYAW 132300Z CCA 11005KT 10SM OVC005 13/13 A3029 RMK SF8 DENSITY ALT -279FT CIG VRB 3-7 SLP257
CYAW,2022-10-13 23:46,-63.4994,44.6397,CYAW 132346Z 10005KT 15SM FEW002 SCT250 13/13 A3029 RMK SF2CI2 DENSITY ALT -331FT SLP258
CYAW,2022-10-14 00:00,-63.4994,44.6397,CYAW 140000Z CCA 11003KT 15SM FEW005 SCT250 12/12 A3030 RMK SF1CI2 DENSITY ALT -382FT LAST OBS /NEXT 141000 UTC SLP260
CYAW,2022-10-14 00:19,-63.4994,44.6397,CYAW 140019Z CCA 11003KT 15SM FEW005 SCT250 12/12 A3030 RMK SF1CI2 DENSITY ALT -422FT LAST OBS /NEXT 141000 UTC SLP261
CYAW,2022-10-14 10:00,-63.4994,44.6397,CYAW 141000Z 08007KT 15SM BKN040 13/12 A3030 RMK SC7 DENSITY ALT -360FT FST OBS SLP263
CYAW,2022-10-14 11:00,-63.4994,44.6397,CYAW 141100Z 08009G16KT 15SM BKN005 BKN040 BKN250 13/13 A3030 RMK SF5SC1CI1 DENSITY ALT -293FT CIG VRB 3-7 SLP261
CYAW,2022-10-14 12:00,-63.4994,44.6397,CYAW 141200Z 08010G15KT 15SM SCT005 BKN040 BKN250 14/13 A3031 RMK SF4SC2CI1 DENSITY ALT -203FT SLP265
CYAW,2022-10-14 12:39,-63.4994,44.6397,CYAW 141239Z 09008G16KT 15SM BKN008 BKN040 OVC250 14/13 A3032 RMK SF5SC2CI1 DENSITY ALT -177FT CIG VRB 6-10 SLP269
CYAW,2022-10-14 13:00,-63.4994,44.6397,CYAW 141300Z 09009G17KT 15SM BKN008 BKN040 OVC250 14/14 A3032 RMK SF6SC1CI1 DENSITY ALT -161FT CIG VRB 6-10 SLP267
CYAW,2022-10-14 13:21,-63.4994,44.6397,CYAW 141321Z 08010G17KT 15SM BKN006 OVC030 14/14 A3033 RMK SF7SC1 DENSITY ALT -185FT CIG VRB 4-8 SLP270
CYAW,2022-10-14 14:00,-63.4994,44.6397,CYAW 141400Z 08013G19KT 15SM BKN005 OVC030 15/14 A3032 RMK SF6SC2 DENSITY ALT -107FT CIG VRB 3-7 SLP269
CYAW,2022-10-14 15:00,-63.4994,44.6397,CYAW 141500Z 09009G16KT 9SM BKN005 OVC020 16/15 A3033 RMK SF7SC1 DENSITY ALT -2FT VIS LWR W CIG VRB 3-7 SLP270
CYAW,2022-10-14 15:44,-63.4994,44.6397,CYAW 141544Z 11009G15KT 15SM SCT007 SCT042 BKN250 17/15 A3032 RMK SF3SC1CI3 DENSITY ALT 204FT SLP269
CYAW,2022-10-14 16:00,-63.4994,44.6397,CYAW 141600Z 10011G18KT 15SM FEW008 SCT050 BKN250 18/15 A3031 RMK SF2SC1CI4 DENSITY ALT 325FT SLP266
CYAW,2022-10-14 17:00,-63.4994,44.6397,CYAW 141700Z 12016G22KT 15SM FEW060 FEW160 BKN250 18/15 A3030 RMK SC1AC1CI5 DENSITY ALT 274FT SLP263
CYAW,2022-10-14 18:00,-63.4994,44.6397,CYAW 141800Z 13017G24KT 15SM FEW030 FEW080 BKN250 18/15 A3030 RMK SC1AC1CI6 DENSITY ALT 308FT SLP262
CYAW,2022-10-14 19:00,-63.4994,44.6397,CYAW 141900Z 11010G19KT 15SM FEW030 FEW150 BKN250 18/15 A3029 RMK SC1AC1CI4 DENSITY ALT 282FT SC TR SLP259
CYAW,2022-10-14 20:00,-63.4994,44.6397,CYAW 142000Z 10010G18KT 12SM FEW015 BKN070 BKN250 16/15 A3029 RMK SF1AC6CI1 DENSITY ALT 101FT SLP259
CYAW,2022-10-14 21:00,-63.4994,44.6397,CYAW 142100Z 10009G15KT 12SM FEW015 BKN065 16/14 A3029 RMK SC1SC7 DENSITY ALT 62FT SLP259
CYAW,2022-10-14 21:42,-63.4994,44.6397,CYAW 142142Z CCA 10011G16KT 10SM -SHRA FEW015 OVC050 15/14 A3030 RMK SF1SC8 DENSITY ALT 1FT SLP260
CYAW,2022-10-14 22:00,-63.4994,44.6397,CYAW 142200Z 11008KT 12SM FEW015 BKN050 15/14 A3030 RMK SF1SC7 DENSITY ALT -11FT SLP261
CYAW,2022-10-14 23:00,-63.4994,44.6397,CYAW 142300Z 11010G19KT 12SM FEW015 BKN050 15/14 A3029 RMK SF1SC6 DENSITY ALT -11FT SLP259
CYAW,2022-10-15 00:00,-63.4994,44.6397,CYAW 150000Z 11010G16KT 12SM FEW015 BKN060 15/14 A3030 RMK SF1SC7 DENSITY ALT -59FT SLP260
CYAW,2022-10-15 01:00,-63.4994,44.6397,CYAW 150100Z 09008KT 15SM FEW015 BKN060 15/14 A3029 RMK SF1SC6 DENSITY ALT -87FT LAST OBS /NEXT 170900 UTC SLP259
CYAW,2022-10-17 09:00,-63.4994,44.6397,CYAW 170900Z 00000KT 1/8SM FG VV001 09/09 A2980 RMK FG8 DENSITY ALT -245FT FST OBS SLP092
CYAW,2022-10-17 10:00,-63.4994,44.6397,CYAW 171000Z 00000KT 1/8SM FG VV001 09/09 A2981 RMK FG8 DENSITY ALT -269FT SLP096
CYAW,2022-10-17 11:00,-63.4994,44.6397,CYAW 171100Z 00000KT 1/8SM FG VV001 09/09 A2984 RMK FG8 DENSITY ALT -264FT SLP105
CYAW,2022-10-17 12:00,-63.4994,44.6397,CYAW 171200Z 00000KT 0SM FG VV000 10/10 A2986 RMK FG8 DENSITY ALT -195FT SLP112
CYAW,2022-10-17 13:00,-63.4994,44.6397,CYAW 171300Z 00000KT 1/8SM FG VV001 11/11 A2986 RMK FG8 DENSITY ALT -77FT SLP113
CYAW,2022-10-17 14:00,-63.4994,44.6397,CYAW 171400Z 00000KT 1 1/2SM BR OVC002 12/12 A2987 RMK ST8 DENSITY ALT 31FT VIS VRB 1-2 SLP117
CYAW,2022-10-17 14:15,-63.4994,44.6397,CYAW 171415Z 00000KT 6SM BR SCT002 BKN250 12/12 A2988 RMK SF3CI2 DENSITY ALT 73FT VIS LWR S QUAD SLP118
CYAW,2022-10-17 15:00,-63.4994,44.6397,CYAW 171500Z 04003KT 8SM FEW010 BKN220 14/14 A2987 RMK ST2CI3 DENSITY ALT 270FT FG OVR APPROACHES SLP117
CYAW,2022-10-17 16:00,-63.4994,44.6397,CYAW 171600Z 12005KT 12SM FEW010 FEW170 SCT220 16/13 A2988 RMK ST1AC1CI2 DENSITY ALT 515FT FG OVR APPROACHES SLP118
CYAW,2022-10-17 17:00,-63.4994,44.6397,CYAW 171700Z 15005KT 12SM FEW006 FEW015 FEW170 SCT220 17/13 A2988 RMK ST1CF1AC1CI2 DENSITY ALT 644FT CF TR FG OVR APPROACHES SLP118
CYAW,2022-10-17 18:00,-63.4994,44.6397,CYAW 171800Z 16007KT 12SM FEW006 FEW015 FEW170 SCT230 15/13 A2987 RMK ST2CF1AC1CI1 DENSITY ALT 427FT CF TR AC TR FG OVR APPROACHES SLP117
CYAW,2022-10-17 19:00,-63.4994,44.6397,CYAW 171900Z 17009KT 12SM FEW006 SCT170 SCT230 16/13 A2987 RMK ST2AC1CI1 DENSITY ALT 486FT SLP116
CYAW,2022-10-17 20:00,-63.4994,44.6397,CYAW 172000Z 16007KT 15SM FEW006 BKN130 BKN250 15/13 A2989 RMK SF1AC6CI1 DENSITY ALT 374FT SF TR SLP122
CYAW,2022-10-17 21:00,-63.4994,44.6397,CYAW 172100Z 18003KT 15SM FEW010 BKN120 BKN250 14/13 A2990 RMK SF1AC7CI1 DENSITY ALT 317FT SLP124
CYAW,2022-10-17 22:00,-63.4994,44.6397,CYAW 172200Z 16006KT 15SM BKN090 14/13 A2990 RMK AC7 DENSITY ALT 279FT SLP127
CYAW,2022-10-17 23:00,-63.4994,44.6397,CYAW 172300Z 15005KT 15SM FEW070 BKN110 14/13 A2991 RMK AC1AC7 DENSITY ALT 229FT SLP130
CYAW,2022-10-18 00:00,-63.4994,44.6397,CYAW 180000Z 00000KT 12SM BKN050 OVC080 13/13 A2992 RMK SC5AC3 DENSITY ALT 182FT LAST OBS /NEXT 180900 UTC SLP131
CYAW,2022-10-18 09:00,-63.4994,44.6397,CYAW 180900Z 00000KT 15SM SCT025 13/13 A2993 RMK SC4 DENSITY ALT 131FT FST OBS SLP136
CYAW,2022-10-18 10:00,-63.4994,44.6397,CYAW 181000Z 13010KT 15SM SCT006 BKN025 15/15 A2994 RMK SF3SC4 DENSITY ALT 371FT SLP138
CYAW,2022-10-18 11:00,-63.4994,44.6397,CYAW 181100Z 15009KT 15SM BKN007 BKN020 15/15 A2996 RMK SF5SC2 DENSITY ALT 398FT SLP146
CYAW,2022-10-18 11:30,-63.4994,44.6397,CYAW 181130Z 14012G17KT 15SM SCT006 BKN020 15/15 A2997 RMK SF3SC3 DENSITY ALT 390FT SLP150
CYAW,2022-10-18 12:00,-63.4994,44.6397,CYAW 181200Z 14011G17KT 15SM SCT006 BKN020 16/15 A2998 RMK SF4SC3 DENSITY ALT 403FT SLP153
CYAW,2022-10-18 12:45,-63.4994,44.6397,CYAW 181245Z 13011G16KT 15SM -RA FEW006 SCT020 BKN100 16/16 A2998 RMK SF1SC2AC3 DENSITY ALT 505FT SLP151
CYAW,2022-10-18 13:00,-63.4994,44.6397,CYAW 181300Z 13012G17KT 15SM FEW006 SCT020 BKN100 16/16 A2997 RMK SF2SC2AC3 DENSITY ALT 492FT SLP150
CYAW,2022-10-18 14:00,-63.4994,44.6397,CYAW 181400Z 13012G17KT 15SM FEW020 BKN100 BKN250 17/16 A2998 RMK SC2AC3CI2 DENSITY ALT 603FT SLP154
CYAW,2022-10-18 15:00,-63.4994,44.6397,CYAW 181500Z 13013G21KT 12SM FEW005 FEW020 BKN100 BKN250 18/16 A2999 RMK SF1SC2AC3CI2 DENSITY ALT 630FT SLP157
CYAW,2022-10-18 16:00,-63.4994,44.6397,CYAW 181600Z 14017KT 12SM SCT030 BKN100 BKN250 18/16 A3000 RMK SC4AC2CI1 DENSITY ALT 667FT SLP159
CYAW,2022-10-18 17:00,-63.4994,44.6397,CYAW 181700Z 15016G24KT 12SM FEW008 FEW030 BKN150 BKN250 19/16 A3000 RMK SF1SC1AC3CI2 DENSITY ALT 746FT SLP158
CYAW,2022-10-18 18:00,-63.4994,44.6397,CYAW 181800Z 13016G22KT 12SM FEW008 SCT030 BKN120 BKN250 18/16 A2999 RMK SF2SC1AC2CI2 DENSITY ALT 707FT SLP157
CYAW,2022-10-18 19:00,-63.4994,44.6397,CYAW 181900Z 11011G17KT 12SM FEW008 FEW030 BKN120 BKN250 17/15 A3000 RMK SF1SC1AC3CI2 DENSITY ALT 549FT CC ASOCTD SLP159
CYAW,2022-10-18 20:00,-63.4994,44.6397,CYAW 182000Z 10010G16KT 12SM FEW006 BKN024 BKN120 BKN250 16/15 A3001 RMK SF1SC4AC1CI2 DENSITY ALT 427FT AC TR SLP162
CYAW,2022-10-18 21:00,-63.4994,44.6397,CYAW 182100Z 09009G16KT 12SM FEW007 FEW026 SCT110 BKN250 15/15 A3001 RMK SF1SC1AC1CI4 DENSITY ALT 337FT SLP164
CYAW,2022-10-18 22:00,-63.4994,44.6397,CYAW 182200Z 09010G19KT 15SM FEW007 SCT023 BKN090 BKN250 15/14 A3002 RMK SF2SC1AC3CI1 DENSITY ALT 275FT SLP167
CYAW,2022-10-18 22:27,-63.4994,44.6397,CYAW 182227Z 09009G17KT 15SM BKN006 OVC100 15/14 A3003 RMK SF7AC1 DENSITY ALT 227FT CIG VRB 4-8 SLP169
CYAW,2022-10-18 22:46,-63.4994,44.6397,CYAW 182246Z 10012G19KT 12SM FEW005 SCT020 BKN100 15/14 A3003 RMK SF1SC3AC2 DENSITY ALT 225FT SLP169
CYAW,2022-10-18 23:00,-63.4994,44.6397,CYAW 182300Z 09011G19KT 12SM BKN005 OVC100 14/14 A3003 RMK SF5AC3 DENSITY ALT 188FT CIG VRB 3-7 SLP170
CYAW,2022-10-19 00:00,-63.4994,44.6397,CYAW 190000Z 09014G20KT 5SM BR OVC003 14/14 A3003 RMK SF8 DENSITY ALT 190FT CIG VRB 2-5 SLP170
CYAW,2022-10-19 00:17,-63.4994,44.6397,CYAW 190017Z CCA 09012G24KT 1/2SM FG OVC002 14/14 A3003 RMK ST8 DENSITY ALT 163FT VIS VRB 1/4-3/4 CIG VRB 1-3 LAST OBS /NEXT 190900 UTC SLP169
CYAW,2022-10-19 09:00,-63.4994,44.6397,CYAW 190900Z 10012G21KT 3/4SM -DZ BR OVC002 14/14 A2995 RMK ST8 DENSITY ALT 271FT FST OBS SLP142
CYAW,2022-10-19 09:43,-63.4994,44.6397,CYAW 190943Z 10012G20KT 1/2SM FG OVC002 14/14 A2994 RMK FG2ST6 DENSITY ALT 295FT VIS VRB 1/4-3/4 SLP138
CYAW,2022-10-19 10:00,-63.4994,44.6397,CYAW 191000Z 10011G20KT 1/2SM FG OVC003 15/15 A2993 RMK FG3ST5 DENSITY ALT 320FT VIS VRB 1/4-3/4 CIG VRB 2-4 SLP137
CYAW,2022-10-19 10:43,-63.4994,44.6397,CYAW 191043Z 11011G21KT 1/4SM FG OVC003 14/14 A2993 RMK FG4ST4 DENSITY ALT 307FT VIS VRB 1/8-1/2 CIG VRB 2-4 SLP135
CYAW,2022-10-19 11:00,-63.4994,44.6397,CYAW 191100Z 11013G22KT 1/4SM FG OVC004 15/15 A2992 RMK FG4ST4 DENSITY ALT 345FT CIG VRB 3-5 SLP133
CYAW,2022-10-19 11:43,-63.4994,44.6397,CYAW 191143Z 11012G20KT 1/8SM FG OVC005 15/15 A2991 RMK FG4ST4 DENSITY ALT 423FT VIS VRB 0-1/4 SLP130
CYAW,2022-10-19 12:00,-63.4994,44.6397,CYAW 191200Z 11012G24KT 1/8SM FG OVC003 15/15 A2992 RMK FG4ST4 DENSITY ALT 425FT CIG VRB 2-4 SLP133
CYAW,2022-10-19 13:00,-63.4994,44.6397,CYAW 191300Z 10009G17KT 1/8SM FG OVC003 15/15 A2992 RMK FG4ST4 DENSITY ALT 451FT CIG VRB 2-4 SLP133
CYAW,2022-10-19 13:31,-63.4994,44.6397,CYAW 191331Z 11010G18KT 1SM BR OVC002 16/16 A2993 RMK ST8 DENSITY ALT 493FT SLP135
CYAW,2022-10-19 14:00,-63.4994,44.6397,CYAW 191400Z 17010KT 1 1/2SM BR OVC003 16/16 A2993 RMK ST8 DENSITY ALT 507FT CIG VRB 2-4 SLP137
CYAW,2022-10-19 14:36,-63.4994,44.6397,CYAW 191436Z 13013G19KT 4SM BR OVC004 16/16 A2993 RMK SF8 DENSITY ALT 546FT CIG VRB 3-5 SLP136
CYAW,2022-10-19 15:00,-63.4994,44.6397,CYAW 191500Z 13016G22KT 5SM BR OVC005 17/17 A2993 RMK SF8 DENSITY ALT 600FT SLP135
CYAW,2022-10-19 15:35,-63.4994,44.6397,CYAW 191535Z 14018G28KT 4SM BR OVC004 18/17 A2992 RMK ST8 DENSITY ALT 742FT CIG VRB 3-5 SLP131
CYAW,2022-10-19 16:00,-63.4994,44.6397,CYAW 191600Z 13015G24KT 1SM BR OVC003 17/17 A2990 RMK ST8 DENSITY ALT 699FT VIS VRB 3/4-1 1/2 CIG VRB 2-4 SLP127
CYAW,2022-10-19 17:00,-63.4994,44.6397,CYAW 191700Z 14017G30KT 3SM BR BKN004 OVC025 17/17 A2989 RMK SF5SC3 DENSITY ALT 736FT CIG VRB 3-5 SLP123
CYAW,2022-10-19 17:17,-63.4994,44.6397,CYAW 191717Z 14015G22KT 3SM BR SCT004 OVC035 17/17 A2989 RMK SF4SC4 DENSITY ALT 749FT SLP121
CYAW,2022-10-19 18:00,-63.4994,44.6397,CYAW 191800Z 14018KT 4SM BR FEW004 SCT020 BKN070 BKN250 18/18 A2987 RMK SF2SC2AC3CI1 DENSITY ALT 896FT SLP117
CYAW,2022-10-19 19:00,-63.4994,44.6397,CYAW 191900Z 14017G22KT 6SM BR FEW004 OVC025 18/17 A2987 RMK SF2SC6 DENSITY ALT 818FT SLP115
CYAW,2022-10-19 20:00,-63.4994,44.6397,CYAW 192000Z CCA 14016G22KT 6SM -SHRA BR FEW010 OVC025 18/17 A2986 RMK SF2SC6 DENSITY ALT 804FT PCPN VRY LGT LAST OBS /NEXT 200900 UTC SLP111
CYAW,2022-10-20 09:00,-63.4994,44.6397,CYAW 200900Z 26008KT 15SM FEW009 OVC085 11/10 A2987 RMK SF1AC8 DENSITY ALT -110FT FST OBS SLP114
CYAW,2022-10-20 10:00,-63.4994,44.6397,CYAW 201000Z 26009KT 15SM FEW010 FEW090 BKN250 10/09 A2988 RMK SF1AC2CI5 DENSITY ALT -176FT SLP120
CYAW,2022-10-20 11:00,-63.4994,44.6397,CYAW 201100Z 26010KT 15SM FEW015 FEW090 BKN250 10/09 A2990 RMK CU1AC1CC7 DENSITY ALT -241FT SLP126
CYAW,2022-10-20 12:00,-63.4994,44.6397,CYAW 201200Z 26007KT 15SM FEW020 FEW180 BKN250 11/09 A2993 RMK SC1AC2CI5 DENSITY ALT -206FT SLP135
CYAW,2022-10-20 13:00,-63.4994,44.6397,CYAW 201300Z 25008KT 15SM FEW020 BKN250 11/08 A2996 RMK CF1CI7 DENSITY ALT -170FT CS ASOCTD HALO SLP145
CYAW,2022-10-20 14:00,-63.4994,44.6397,CYAW 201400Z 25013KT 15SM FEW020 BKN250 11/07 A2997 RMK CF1CI6 DENSITY ALT -179FT CS ASOCTD HALO SLP149
CYAW,2022-10-20 15:00,-63.4994,44.6397,CYAW 201500Z 25014KT 15SM FEW020 BKN250 13/06 A2998 RMK CF1CI6 DENSITY ALT -9FT SLP152
CYAW,2022-10-20 16:00,-63.4994,44.6397,CYAW 201600Z 24013G20KT 15SM FEW032 BKN250 14/06 A2998 RMK CU1CI4 DENSITY ALT 100FT SLP151
CYAW,2022-10-20 17:00,-63.4994,44.6397,CYAW 201700Z 24012KT 15SM FEW035 SCT240 14/06 A2997 RMK CU1CI3 DENSITY ALT 146FT SLP150
CYAW,2022-10-20 18:00,-63.4994,44.6397,CYAW 201800Z CCA 25014G19KT 15SM FEW035 SCT240 15/05 A2997 RMK CU1CI2 DENSITY ALT 172FT SLP148
CYAW,2022-10-20 19:00,-63.4994,44.6397,CYAW 201900Z 24014G19KT 15SM FEW040 SCT240 15/05 A2998 RMK CU1CI2 DENSITY ALT 172FT SLP153
CYAW,2022-10-20 20:00,-63.4994,44.6397,CYAW 202000Z 24008KT 15SM FEW045 FEW240 14/05 A2999 RMK CU1CI1 DENSITY ALT 129FT SLP155
CYAW,2022-10-20 21:00,-63.4994,44.6397,CYAW 202100Z 24006KT 15SM FEW045 FEW240 13/05 A2999 RMK CU1CI1 DENSITY ALT -17FT SLP157
CYAW,2022-10-20 22:00,-63.4994,44.6397,CYAW 202200Z 21004KT 15SM FEW045 11/05 A3001 RMK CU1 DENSITY ALT -253FT SLP163
CYAW,2022-10-20 23:00,-63.4994,44.6397,CYAW 202300Z 22007KT 15SM SKC 11/05 A3003 RMK DENSITY ALT -301FT SLP170
CYAW,2022-10-21 00:00,-63.4994,44.6397,CYAW 210000Z 20005KT 15SM SKC 10/05 A3005 RMK DENSITY ALT -456FT SLP176
CYAW,2022-10-21 00:43,-63.4994,44.6397,CYAW 210043Z 21007KT 15SM SKC 11/07 A3006 RMK DENSITY ALT -343FT LAST OBS /NEXT 210900 UTC SLP181
CYAW,2022-10-21 09:00,-63.4994,44.6397,CYAW 210900Z 22003KT 15SM BKN270 10/08 A3014 RMK CI6 DENSITY ALT -539FT FST OBS SLP206
CYAW,2022-10-21 10:00,-63.4994,44.6397,CYAW 211000Z 00000KT 15SM FEW043 BKN270 10/08 A3014 RMK SC1CI7 DENSITY ALT -528FT SLP209
CYAW,2022-10-21 11:00,-63.4994,44.6397,CYAW 211100Z 22002KT 15SM FEW045 BKN250 10/08 A3016 RMK SC1CI7 DENSITY ALT -573FT SLP213
CYAW,2022-10-21 12:00,-63.4994,44.6397,CYAW 211200Z 23003KT 15SM FEW045 BKN250 11/08 A3018 RMK SC1CI7 DENSITY ALT -511FT SLP221
CYAW,2022-10-21 13:00,-63.4994,44.6397,CYAW 211300Z 22004KT 15SM FEW050 OVC250 12/08 A3019 RMK SC1CI8 DENSITY ALT -389FT SLP224
CYAW,2022-10-21 14:00,-63.4994,44.6397,CYAW 211400Z 20007KT 15SM BKN250 13/08 A3019 RMK CI7 DENSITY ALT -256FT CS ASOCTD HALO SLP224
CYAW,2022-10-21 15:00,-63.4994,44.6397,CYAW 211500Z 19011KT 15SM FEW025 BKN250 14/07 A3020 RMK CF1CI7 DENSITY ALT -116FT CS ASOCTD HALO SLP227
CYAW,2022-10-21 16:00,-63.4994,44.6397,CYAW 211600Z 20009KT 15SM FEW030 BKN250 14/08 A3019 RMK CU1CS7 DENSITY ALT -71FT HALO SLP224
CYAW,2022-10-21 17:00,-63.4994,44.6397,CYAW 211700Z 22010KT 15SM FEW035 BKN250 16/07 A3017 RMK CU1CI6 DENSITY ALT 125FT SLP219
CYAW,2022-10-21 18:00,-63.4994,44.6397,CYAW 211800Z 21009KT 15SM FEW035 BKN250 16/08 A3016 RMK CU1CI6 DENSITY ALT 111FT SLP215
CYAW,2022-10-21 19:00,-63.4994,44.6397,CYAW 211900Z 20008KT 15SM FEW035 BKN250 15/08 A3016 RMK CU1CI6 DENSITY ALT 90FT SLP214
CYAW,2022-10-21 20:00,-63.4994,44.6397,CYAW 212000Z 21008KT 15SM FEW035 BKN250 15/06 A3016 RMK CU1CI5 DENSITY ALT 25FT SLP213
CYAW,2022-10-21 21:00,-63.4994,44.6397,CYAW 212100Z 18008KT 15SM FEW035 SCT250 13/10 A3016 RMK CU1CI3 DENSITY ALT -164FT SLP213
CYAW,2022-10-21 22:00,-63.4994,44.6397,CYAW 212200Z 20006KT 15SM FEW035 FEW250 12/11 A3018 RMK CU1CI1 DENSITY ALT -276FT SLP221
CYAW,2022-10-21 23:00,-63.4994,44.6397,CYAW 212300Z 19005KT 15SM SKC 12/10 A3020 RMK DENSITY ALT -387FT SLP228
CYAW,2022-10-22 00:00,-63.4994,44.6397,CYAW 220000Z 00000KT 15SM SKC 11/11 A3020 RMK DENSITY ALT -419FT SLP229
CYAW,2022-10-22 00:36,-63.4994,44.6397,CYAW 220036Z 19003KT 15SM SKC 12/11 A3021 RMK DENSITY ALT -391FT LAST OBS /NEXT 240900 UTC SLP230
CYAW,2022-10-24 09:00,-63.4994,44.6397,CYAW 240900Z 05003KT 15SM -SHRA OVC100 11/09 A3037 RMK AC8 DENSITY ALT -713FT FST OBS SLP286
CYAW,2022-10-24 10:00,-63.4994,44.6397,CYAW 241000Z CCA 19006KT 15SM -SHRA OVC130 11/09 A3038 RMK AC8 DENSITY ALT -736FT SLP290
CYAW,2022-10-24 10:09,-63.4994,44.6397,CYAW 241009Z 00000KT 12SM SHRA OVC130 11/10 A3038 RMK AC8 DENSITY ALT -683FT SLP287
CYAW,2022-10-24 10:17,-63.4994,44.6397,CYAW 241017Z 00000KT 12SM -SHRA BKN080 OVC120 11/10 A3038 RMK AC7AC1 DENSITY ALT -693FT SLP287
CYAW,2022-10-24 11:00,-63.4994,44.6397,CYAW 241100Z 00000KT 12SM -SHRA BKN070 OVC090 11/10 A3039 RMK AC6AC2 DENSITY ALT -701FT VIS LWR W SLP291
CYAW,2022-10-24 12:00,-63.4994,44.6397,CYAW 241200Z 00000KT 15SM -SHRA OVC068 12/11 A3041 RMK AC8 DENSITY ALT -616FT SLP297
CYAW,2022-10-24 13:00,-63.4994,44.6397,CYAW 241300Z 04005KT 15SM FEW008 OVC065 12/11 A3040 RMK SF1SC8 DENSITY ALT -560FT SLP295
CYAW,2022-10-24 14:00,-63.4994,44.6397,CYAW 241400Z 04004KT 15SM OVC060 13/11 A3039 RMK SC8 DENSITY ALT -380FT SLP292
CYAW,2022-10-24 15:00,-63.4994,44.6397,CYAW 241500Z 06007KT 15SM SCT012 OVC060 15/10 A3039 RMK SC4SC4 DENSITY ALT -226FT SLP292
CYAW,2022-10-24 16:00,-63.4994,44.6397,CYAW 241600Z 06004KT 15SM SCT012 OVC050 16/12 A3038 RMK SC4SC4 DENSITY ALT -3FT SLP287
CYAW,2022-10-24 17:00,-63.4994,44.6397,CYAW 241700Z 09005KT 15SM -DZ SCT010 OVC017 16/12 A3036 RMK SC4SC4 DENSITY ALT 0FT SLP281
CYAW,2022-10-24 17:47,-63.4994,44.6397,CYAW 241747Z 07009KT 15SM SCT012 OVC025 16/12 A3035 RMK SC4SC4 DENSITY ALT 16FT SLP278
CYAW,2022-10-24 18:00,-63.4994,44.6397,CYAW 241800Z 08003KT 15SM SCT012 OVC025 16/12 A3035 RMK SC4SC4 DENSITY ALT 39FT SLP279
CYAW,2022-10-24 19:00,-63.4994,44.6397,CYAW 241900Z 08006KT 6SM DZ BR OVC012 15/12 A3035 RMK SC8 DENSITY ALT -87FT SLP279
CYAW,2022-10-24 19:10,-63.4994,44.6397,CYAW 241910Z 08004KT 10SM -DZ OVC012 15/12 A3035 RMK SC8 DENSITY ALT -164FT VIS LWR E QUAD SLP278
CYAW,2022-10-24 19:27,-63.4994,44.6397,CYAW 241927Z 09007KT 12SM SCT009 OVC012 15/12 A3035 RMK SC4SC4 DENSITY ALT -113FT SLP279
CYAW,2022-10-24 20:00,-63.4994,44.6397,CYAW 242000Z 09004KT 3SM -DZ BR OVC009 14/11 A3035 RMK SF8 DENSITY ALT -294FT SLP278
CYAW,2022-10-24 21:00,-63.4994,44.6397,CYAW 242100Z 05004KT 3SM -DZ BR OVC006 12/12 A3034 RMK SF8 DENSITY ALT -445FT SLP275
CYAW,2022-10-24 21:35,-63.4994,44.6397,CYAW 242135Z 06005KT 2SM -RA BR OVC005 12/12 A3033 RMK ST8 DENSITY ALT -417FT SLP273
CYAW,2022-10-24 22:00,-63.4994,44.6397,CYAW 242200Z 06004KT 1 1/2SM -RA BR OVC003 13/13 A3033 RMK ST8 DENSITY ALT -391FT SLP273
CYAW,2022-10-24 23:00,-63.4994,44.6397,CYAW 242300Z 07006KT 2SM -DZ BR OVC003 13/13 A3033 RMK ST8 DENSITY ALT -283FT SLP272
CYAW,2022-10-25 00:00,-63.4994,44.6397,CYAW 250000Z 09005KT 1SM -DZ BR OVC002 14/14 A3033 RMK ST8 DENSITY ALT -203FT SLP270
CYAW,2022-10-25 00:33,-63.4994,44.6397,CYAW 250033Z 09002KT 1SM -DZ BR OVC002 14/14 A3033 RMK ST8 DENSITY ALT -164FT LAST OBS /NEXT 250900 UTC SLP270
CYAW,2022-10-25 09:00,-63.4994,44.6397,CYAW 250900Z 10002KT 1/8SM FG VV001 14/14 A3027 RMK FG8 DENSITY ALT -109FT FST OBS SLP250
CYAW,2022-10-25 10:00,-63.4994,44.6397,CYAW 251000Z 00000KT 1/8SM FG VV001 14/14 A3026 RMK FG8 DENSITY ALT -110FT SLP249
CYAW,2022-10-25 11:00,-63.4994,44.6397,CYAW 251100Z 00000KT 1/8SM FG VV001 14/14 A3027 RMK FG8 DENSITY ALT -122FT SLP251
CYAW,2022-10-25 12:00,-63.4994,44.6397,CYAW 251200Z 00000KT 1/8SM FG VV000 14/14 A3028 RMK FG8 DENSITY ALT -93FT SLP254
CYAW,2022-10-25 12:27,-63.4994,44.6397,CYAW 251227Z 00000KT 1/4SM FG VV001 15/15 A3027 RMK FG8 DENSITY ALT -42FT SLP252
CYAW,2022-10-25 13:00,-63.4994,44.6397,CYAW 251300Z 00000KT 3/4SM BR VV001 15/15 A3027 RMK FG8 DENSITY ALT -3FT SLP251
CYAW,2022-10-25 14:00,-63.4994,44.6397,CYAW 251400Z 00000KT 1SM BR VV002 15/15 A3026 RMK FG8 DENSITY ALT 48FT VIS VRB 3/4-1 1/2 CIG VRB 1-3 SLP249
CYAW,2022-10-25 15:00,-63.4994,44.6397,CYAW 251500Z 00000KT 1SM BR OVC002 16/16 A3027 RMK ST8 DENSITY ALT 65FT VIS VRB 3/4-1 1/2 CIG VRB 1-3 SLP252
CYAW,2022-10-25 16:00,-63.4994,44.6397,CYAW 251600Z 00000KT 1SM BR OVC002 17/17 A3025 RMK ST8 DENSITY ALT 234FT VIS VRB 3/4-1 1/2 VIS HYR S SLP245
CYAW,2022-10-25 16:40,-63.4994,44.6397,CYAW 251640Z 00000KT 3SM BR OVC002 17/17 A3025 RMK ST8 DENSITY ALT 248FT VIS LWR SW-N SLP243
CYAW,2022-10-25 17:00,-63.4994,44.6397,CYAW 251700Z 17003KT 3/4SM BR OVC002 17/17 A3024 RMK ST8 DENSITY ALT 286FT VIS HYR NE SLP242
CYAW,2022-10-25 17:16,-63.4994,44.6397,CYAW 251716Z 16004KT 1/2SM FG OVC002 16/16 A3024 RMK FG4ST4 DENSITY ALT 219FT VIS VRB 1/4-3/4 SLP240
CYAW,2022-10-25 18:00,-63.4994,44.6397,CYAW 251800Z 16003KT 1/2SM FG OVC001 16/16 A3023 RMK FG6ST2 DENSITY ALT 230FT SLP239
CYAW,2022-10-25 18:19,-63.4994,44.6397,CYAW 251819Z 00000KT 3/4SM BR OVC002 16/16 A3023 RMK ST8 DENSITY ALT 230FT SLP237
CYAW,2022-10-25 19:00,-63.4994,44.6397,CYAW 251900Z 16002KT 3/4SM BR OVC002 17/17 A3022 RMK ST8 DENSITY ALT 295FT SLP235
CYAW,2022-10-25 20:00,-63.4994,44.6397,CYAW 252000Z 17004KT 3/4SM BR OVC002 17/17 A3021 RMK ST8 DENSITY ALT 280FT SLP231
CYAW,2022-10-25 20:33,-63.4994,44.6397,CYAW 252033Z CCA 00000KT 1/2SM FG VV002 17/17 A3021 RMK FG8 DENSITY ALT 266FT LAST OBS /NEXT 260900 UTC SLP230
CYAW,2022-10-26 09:00,-63.4994,44.6397,CYAW 260900Z 00000KT 1/2SM FG VV002 15/15 A3013 RMK FG8 DENSITY ALT 118FT FST OBS SLP204
CYAW,2022-10-26 10:00,-63.4994,44.6397,CYAW 261000Z 00000KT 1/2SM FG VV001 14/14 A3013 RMK FG8 DENSITY ALT 78FT SLP204
CYAW,2022-10-26 10:31,-63.4994,44.6397,CYAW 261031Z 00000KT 1/8SM FG VV001 14/14 A3012 RMK FG8 DENSITY ALT 89FT SLP200
CYAW,2022-10-26 11:00,-63.4994,44.6397,CYAW 261100Z 00000KT 0SM FG VV001 15/15 A3013 RMK FG8 DENSITY ALT 91FT SLP202
CYAW,2022-10-26 11:32,-63.4994,44.6397,CYAW 261132Z 00000KT 1/4SM FG VV002 15/15 A3012 RMK FG8 DENSITY ALT 129FT SLP200
CYAW,2022-10-26 12:00,-63.4994,44.6397,CYAW 261200Z 00000KT 3/4SM BR OVC002 15/15 A3012 RMK SF8 DENSITY ALT 156FT SLP201
CYAW,2022-10-26 12:11,-63.4994,44.6397,CYAW 261211Z 08003KT 5/8SM BR OVC002 15/15 A3012 RMK ST8 DENSITY ALT 169FT VIS LWR NW SLP201
CYAW,2022-10-26 12:40,-63.4994,44.6397,CYAW 261240Z 07004KT 1SM BR OVC002 15/15 A3012 RMK SF8 DENSITY ALT 196FT VIS LWR W QUAD SLP199
CYAW,2022-10-26 13:00,-63.4994,44.6397,CYAW 261300Z 05003KT 3/4SM -DZ BR OVC002 15/15 A3011 RMK ST8 DENSITY ALT 207FT VIS VRB 1/2-1 SLP197
CYAW,2022-10-26 13:19,-63.4994,44.6397,CYAW 261319Z CCA 07003KT 3/4SM SHRA BR OVC003 15/15 A3011 RMK ST8 DENSITY ALT 232FT VIS VRB 1/2-1 SLP196
CYAW,2022-10-26 13:37,-63.4994,44.6397,CYAW 261337Z 07004KT 1 1/4SM -SHRA BR OVC005 16/16 A3011 RMK ST8 DENSITY ALT 247FT VIS VRB 3/4-1 3/4 SLP195
CYAW,2022-10-26 14:00,-63.4994,44.6397,CYAW 261400Z 08005KT 1 1/2SM -RA BR OVC007 15/15 A3011 RMK ST8 DENSITY ALT 234FT VIS VRB 1-2 SLP195
CYAW,2022-10-26 14:26,-63.4994,44.6397,CYAW 261426Z 07006KT 2SM BR OVC007 16/16 A3009 RMK ST8 DENSITY ALT 283FT VIS VRB 1 1/2-2 1/2 SLP191
CYAW,2022-10-26 14:47,-63.4994,44.6397,CYAW 261447Z 09008KT 3/4SM -DZ BR OVC002 16/16 A3009 RMK ST8 DENSITY ALT 283FT SLP189
CYAW,2022-10-26 15:00,-63.4994,44.6397,CYAW 261500Z 08006KT 3/4SM -DZ BR OVC002 16/16 A3009 RMK ST8 DENSITY ALT 297FT SLP188
CYAW,2022-10-26 15:49,-63.4994,44.6397,CYAW 261549Z 09009G15KT 1/4SM -DZ FG VV002 15/15 A3007 RMK FG8 DENSITY ALT 253FT SLP184
CYAW,2022-10-26 16:00,-63.4994,44.6397,CYAW 261600Z 08010G16KT 1/4SM -DZ FG VV002 15/15 A3007 RMK FG8 DENSITY ALT 279FT SLP182
CYAW,2022-10-26 16:15,-63.4994,44.6397,CYAW 261615Z 08008G16KT 1/8SM -DZ FG VV002 15/15 A3006 RMK FG8 DENSITY ALT 291FT SLP179
CYAW,2022-10-26 16:42,-63.4994,44.6397,CYAW 261642Z 09012KT 1/4SM FG VV002 15/15 A3006 RMK FG8 DENSITY ALT 264FT SLP178
CYAW,2022-10-26 17:00,-63.4994,44.6397,CYAW 261700Z 09009G15KT 1/4SM FG VV002 15/15 A3005 RMK FG8 DENSITY ALT 289FT SLP175
CYAW,2022-10-26 18:00,-63.4994,44.6397,CYAW 261800Z 09008G17KT 3/4SM BR OVC002 15/15 A3002 RMK ST8 DENSITY ALT 297FT SLP166
CYAW,2022-10-26 19:00,-63.4994,44.6397,CYAW 261900Z 08010KT 1/4SM FG VV002 15/15 A2999 RMK FG8 DENSITY ALT 331FT SLP156
CYAW,2022-10-26 19:33,-63.4994,44.6397,CYAW 261933Z 09010KT 1/4SM -DZ FG VV002 15/15 A2998 RMK FG8 DENSITY ALT 316FT SLP151
CYAW,2022-10-26 20:00,-63.4994,44.6397,CYAW 262000Z 09008KT 1/8SM FG VV002 15/15 A2997 RMK FG8 DENSITY ALT 341FT LAST OBS /NEXT 270900 UTC SLP148
CYAW,2022-10-27 09:00,-63.4994,44.6397,CYAW 270900Z 19010KT 1SM -DZ BR OVC002 17/17 A2973 RMK SF8 DENSITY ALT 897FT VIS VRB 3/4-1 1/2 FST OBS SLP068
CYAW,2022-10-27 09:16,-63.4994,44.6397,CYAW 270916Z 20008G15KT 1/2SM -DZ FG OVC001 17/17 A2973 RMK FG4ST4 DENSITY ALT 897FT SLP067
CYAW,2022-10-27 09:31,-63.4994,44.6397,CYAW 270931Z 19006KT 3/4SM -DZ BR OVC001 17/17 A2973 RMK ST8 DENSITY ALT 883FT SLP067
CYAW,2022-10-27 10:00,-63.4994,44.6397,CYAW 271000Z 22007KT 3/4SM -DZ BR OVC001 17/17 A2973 RMK ST8 DENSITY ALT 857FT SLP067
CYAW,2022-10-27 10:14,-63.4994,44.6397,CYAW 271014Z 24005KT 5/8SM -DZ BR OVC002 17/17 A2972 RMK ST8 DENSITY ALT 868FT SLP066
CYAW,2022-10-27 10:28,-63.4994,44.6397,CYAW 271028Z 25004KT 1SM BR OVC002 17/17 A2973 RMK ST8 DENSITY ALT 857FT VIS VRB 3/4-1 1/2 SLP069
CYAW,2022-10-27 11:00,-63.4994,44.6397,CYAW 271100Z 22003KT 1SM BR OVC001 17/17 A2975 RMK ST8 DENSITY ALT 820FT VIS VRB 3/4-1 1/2 SLP074
CYAW,2022-10-27 11:22,-63.4994,44.6397,CYAW 271122Z 21004KT 1SM BR OVC002 16/16 A2976 RMK ST8 DENSITY ALT 769FT VIS VRB 3/4-1 1/2 SLP078
CYAW,2022-10-27 11:42,-63.4994,44.6397,CYAW 271142Z 21003KT 5SM -DZ BR OVC002 17/17 A2978 RMK SF8 DENSITY ALT 759FT PCPN VRY LGT SLP084
CYAW,2022-10-27 12:00,-63.4994,44.6397,CYAW 271200Z 21003KT 6SM BR OVC003 17/17 A2978 RMK SF8 DENSITY ALT 772FT VIS LWR SE SLP086
CYAW,2022-10-27 12:09,-63.4994,44.6397,CYAW 271209Z 21002KT 8SM OVC005 17/17 A2979 RMK SF8 DENSITY ALT 774FT VIS LWR SE SLP088
CYAW,2022-10-27 13:00,-63.4994,44.6397,CYAW 271300Z 25005KT 9SM BKN006 BKN012 17/17 A2980 RMK SF7SC1 DENSITY ALT 856FT VIS LWR W SLP092
CYAW,2022-10-27 13:43,-63.4994,44.6397,CYAW 271343Z 24008KT 12SM SCT005 BKN250 18/18 A2982 RMK SF4CI3 DENSITY ALT 940FT SLP097
CYAW,2022-10-27 14:00,-63.4994,44.6397,CYAW 271400Z 24007KT 15SM BKN006 BKN020 BKN230 18/18 A2982 RMK SF5SC1CC2 DENSITY ALT 927FT SLP098
CYAW,2022-10-27 15:00,-63.4994,44.6397,CYAW 271500Z 22004KT 15SM BKN009 BKN020 OVC120 20/19 A2984 RMK SF5SC2AC1 DENSITY ALT 1103FT SLP105
CYAW,2022-10-27 15:34,-63.4994,44.6397,CYAW 271534Z CCA 24006KT 15SM BKN013 BKN120 BKN230 20/18 A2984 RMK SC5AC1CI1 DENSITY ALT 1082FT SLP106
CYAW,2022-10-27 16:00,-63.4994,44.6397,CYAW 271600Z 18008KT 15SM BKN010 OVC120 18/17 A2984 RMK SC7AC1 DENSITY ALT 830FT SLP107
CYAW,2022-10-27 17:00,-63.4994,44.6397,CYAW 271700Z 20009KT 15SM BKN010 BKN120 BKN230 18/17 A2986 RMK SC5AC1CC1 DENSITY ALT 831FT SLP111
CYAW,2022-10-27 17:43,-63.4994,44.6397,CYAW 271743Z 21007KT 15SM SCT010 BKN120 BKN230 19/18 A2986 RMK SF3AC2CC1 DENSITY ALT 993FT SLP113
CYAW,2022-10-27 18:00,-63.4994,44.6397,CYAW 271800Z 21005KT 15SM BKN012 BKN120 BKN230 19/18 A2987 RMK SF5AC1CC1 DENSITY ALT 1003FT SLP114
CYAW,2022-10-27 19:00,-63.4994,44.6397,CYAW 271900Z 22006KT 15SM BKN012 BKN035 BKN230 19/17 A2988 RMK SF5SC1CI1 DENSITY ALT 975FT CI TR SLP120
CYAW,2022-10-27 20:00,-63.4994,44.6397,CYAW 272000Z 25008KT 15SM SCT012 BKN035 BKN250 20/17 A2990 RMK SF3CU2CI1 DENSITY ALT 1013FT SLP124
CYAW,2022-10-27 21:00,-63.4994,44.6397,CYAW 272100Z 24008KT 15SM SCT020 SCT250 18/17 A2991 RMK SC3CI1 DENSITY ALT 811FT SLP129
CYAW,2022-10-27 21:40,-63.4994,44.6397,CYAW 272140Z 30011KT 15SM BKN030 BKN250 18/16 A2993 RMK SC6CI1 DENSITY ALT 809FT LAST OBS /NEXT 280700 UTC SLP137
CYAW,2022-10-28 07:00,-63.4994,44.6397,CYAW 280700Z 34013G24KT 15SM SKC 07/02 A3025 RMK DENSITY ALT -1139FT FST OBS SLP245
CYAW,2022-10-28 08:00,-63.4994,44.6397,CYAW 280800Z 33019G24KT 15SM SKC 06/01 A3029 RMK DENSITY ALT -1251FT SLP259
CYAW,2022-10-28 09:00,-63.4994,44.6397,CYAW 280900Z 33013G21KT 15SM SKC 05/02 A3032 RMK DENSITY ALT -1372FT SLP267
CYAW,2022-10-28 10:00,-63.4994,44.6397,CYAW 281000Z 33012KT 15SM FEW025 05/01 A3034 RMK SC1 DENSITY ALT -1482FT SLP276
CYAW,2022-10-28 11:00,-63.4994,44.6397,CYAW 281100Z 33014G19KT 15SM FEW025 04/01 A3037 RMK SC1 DENSITY ALT -1554FT SLP284
CYAW,2022-10-28 12:00,-63.4994,44.6397,CYAW 281200Z 33013G21KT 15SM FEW025 FEW230 05/01 A3041 RMK SC1CI1 DENSITY ALT -1500FT SLP297
CYAW,2022-10-28 13:00,-63.4994,44.6397,CYAW 281300Z 35009G16KT 15SM FEW025 07/02 A3042 RMK SC1 DENSITY ALT -1295FT SLP303
CYAW,2022-10-28 14:00,-63.4994,44.6397,CYAW 281400Z 36015G20KT 15SM FEW025 08/02 A3043 RMK SC1 DENSITY ALT -1159FT SLP306
CYAW,2022-10-28 15:00,-63.4994,44.6397,CYAW 281500Z 36009G17KT 15SM FEW025 FEW250 09/03 A3046 RMK SC1CI1 DENSITY ALT -1029FT SLP315
CYAW,2022-10-28 16:00,-63.4994,44.6397,CYAW 281600Z 34013KT 15SM FEW250 10/01 A3045 RMK CI1 DENSITY ALT -953FT SLP312
CYAW,2022-10-28 17:00,-63.4994,44.6397,CYAW 281700Z 35009G15KT 15SM FEW250 11/01 A3044 RMK CI1 DENSITY ALT -809FT SLP311
CYAW,2022-10-28 18:00,-63.4994,44.6397,CYAW 281800Z 35009KT 15SM FEW250 11/01 A3045 RMK CI2 DENSITY ALT -770FT SLP312
CYAW,2022-10-28 19:00,-63.4994,44.6397,CYAW 281900Z 34010KT 15SM SCT250 11/01 A3045 RMK CI4 DENSITY ALT -770FT SLP314
CYAW,2022-10-28 20:00,-63.4994,44.6397,CYAW 282000Z 34009KT 15SM BKN250 11/01 A3047 RMK CI5 DENSITY ALT -904FT SLP319
CYAW,2022-10-28 21:00,-63.4994,44.6397,CYAW 282100Z 33006KT 15SM SCT250 09/02 A3048 RMK CI4 DENSITY ALT -1132FT LAST OBS /NEXT 310900 UTC SLP322
CYAW,2022-10-31 09:00,-63.4994,44.6397,CYAW 310900Z 00000KT 15SM FEW240 01/01 A3008 RMK CI1 DENSITY ALT -1642FT FST OBS SLP187
CYAW,2022-10-31 10:00,-63.4994,44.6397,CYAW 311000Z 00000KT 15SM BCFG FEW120 FEW240 03/01 A3008 RMK AC1CI1 DENSITY ALT -1423FT SLP186
CYAW,2022-10-31 11:00,-63.4994,44.6397,CYAW 311100Z 00000KT 15SM BCFG FEW120 BKN240 05/04 A3008 RMK AC2CI3 DENSITY ALT -1156FT SLP187
CYAW,2022-10-31 12:00,-63.4994,44.6397,CYAW 311200Z 25006KT 15SM FEW120 BKN240 09/06 A3009 RMK AC1CI5 DENSITY ALT -607FT SLP190
CYAW,2022-10-31 13:00,-63.4994,44.6397,CYAW 311300Z 25006KT 15SM FEW120 BKN240 11/08 A3008 RMK AC1CI5 DENSITY ALT -336FT SLP187
CYAW,2022-10-31 14:00,-63.4994,44.6397,CYAW 311400Z 25008KT 15SM SCT120 BKN240 12/07 A3007 RMK AC3CS3 DENSITY ALT -175FT HALO SLP183
CYAW,2022-10-31 15:00,-63.4994,44.6397,CYAW 311500Z 24008KT 15SM BKN250 14/07 A3007 RMK CI6 DENSITY ALT -19FT SLP184
CYAW,2022-10-31 16:00,-63.4994,44.6397,CYAW 311600Z 24008KT 15SM FEW120 BKN250 16/07 A3004 RMK AC2CI4 DENSITY ALT 329FT SLP174
CYAW,2022-10-31 17:00,-63.4994,44.6397,CYAW 311700Z 22009KT 15SM FEW120 BKN250 16/05 A3003 RMK AC2CI3 DENSITY ALT 281FT SLP169
CYAW,2022-10-31 18:00,-63.4994,44.6397,CYAW 311800Z 25008KT 15SM FEW250 17/05 A3001 RMK CI2 DENSITY ALT 463FT SLP165
CYAW,2022-10-31 19:00,-63.4994,44.6397,CYAW 311900Z 22007KT 15SM FEW250 17/07 A3001 RMK CI2 DENSITY ALT 457FT SLP164
CYAW,2022-10-31 20:00,-63.4994,44.6397,CYAW 312000Z 20007KT 15SM FEW250 16/09 A3001 RMK CI2 DENSITY ALT 316FT SLP164
CYAW,2022-10-31 20:22,-63.4994,44.6397,CYAW 312022Z 20004KT 15SM SCT250 15/09 A3001 RMK CI3 DENSITY ALT 214FT LAST OBS /NEXT 010900 UTC SLP164
CYAW,2022-11-01 09:00,-63.4994,44.6397,CYAW 010900Z 00000KT 15SM SCT050 BKN160 12/11 A3004 RMK SC4AC3 DENSITY ALT -175FT FST OBS SLP175
CYAW,2022-11-01 10:00,-63.4994,44.6397,CYAW 011000Z 00000KT 15SM FEW030 SCT050 BKN160 12/11 A3004 RMK SC2SC2AC3 DENSITY ALT -188FT SLP173
CYAW,2022-11-01 11:00,-63.4994,44.6397,CYAW 011100Z 00000KT 15SM SCT060 BKN140 12/12 A3003 RMK SC4AC3 DENSITY ALT -131FT SLP172
CYAW,2022-11-01 12:00,-63.4994,44.6397,CYAW 011200Z 18005KT 15SM FEW030 BKN050 OVC120 13/12 A3004 RMK SC1SC6AC1 DENSITY ALT -49FT SLP174
CYAW,2022-11-01 13:00,-63.4994,44.6397,CYAW 011300Z 18005KT 15SM SCT025 BKN040 OVC120 14/13 A3004 RMK SC3SC4AC1 DENSITY ALT 63FT SLP173
CYAW,2022-11-01 13:44,-63.4994,44.6397,CYAW 011344Z 18008KT 5SM BR BKN009 OVC025 14/13 A3003 RMK ST5SC3 DENSITY ALT 105FT SLP169
CYAW,2022-11-01 13:51,-63.4994,44.6397,CYAW 011351Z 18007KT 3SM -DZ BR BKN008 OVC015 14/13 A3002 RMK ST7SC1 DENSITY ALT 106FT SLP168
CYAW,2022-11-01 14:00,-63.4994,44.6397,CYAW 011400Z 18006KT 4SM -DZ BR OVC007 14/13 A3002 RMK ST8 DENSITY ALT 107FT SLP167
CYAW,2022-11-01 14:11,-63.4994,44.6397,CYAW 011411Z 17007KT 3SM -DZ BR OVC005 14/14 A3002 RMK ST8 DENSITY ALT 109FT CIG VRB 3-7 SLP167
CYAW,2022-11-01 14:28,-63.4994,44.6397,CYAW 011428Z 17008KT 1SM -DZ BR OVC005 14/14 A3002 RMK ST8 DENSITY ALT 124FT CIG VRB 3-7 SLP166
CYAW,2022-11-01 15:00,-63.4994,44.6397,CYAW 011500Z 17006KT 1SM -DZ BR OVC005 14/14 A3001 RMK ST8 DENSITY ALT 162FT CIG VRB 3-7 SLP164
CYAW,2022-11-01 15:22,-63.4994,44.6397,CYAW 011522Z 16007KT 3/4SM -DZ BR OVC003 14/14 A3000 RMK ST8 DENSITY ALT 147FT CIG VRB 2-4 SLP161
CYAW,2022-11-01 15:39,-63.4994,44.6397,CYAW 011539Z 17007KT 1/2SM DZ FG OVC003 14/14 A3000 RMK ST8 DENSITY ALT 173FT VIS VRB 3/8-5/8 CIG VRB 2-4 SLP159
CYAW,2022-11-01 16:00,-63.4994,44.6397,CYAW 011600Z 18006KT 1/2SM DZ FG OVC003 14/14 A2998 RMK ST8 DENSITY ALT 210FT VIS VRB 3/8-5/8 CIG VRB 2-4 SLP155
CYAW,2022-11-01 17:00,-63.4994,44.6397,CYAW 011700Z 19011KT 3/4SM -DZ BR OVC003 14/14 A2996 RMK ST8 DENSITY ALT 273FT VIS VRB 1/2-1 CIG VRB 2-4 SLP147
CYAW,2022-11-01 18:00,-63.4994,44.6397,CYAW 011800Z 19011KT 1/2SM -DZ FG OVC003 15/15 A2994 RMK ST8 DENSITY ALT 322FT VIS VRB 3/8-5/8 CIG VRB 2-4 SLP140
CYAW,2022-11-01 19:00,-63.4994,44.6397,CYAW 011900Z 22008G17KT 3/4SM -DZ BR OVC005 15/15 A2993 RMK ST8 DENSITY ALT 360FT VIS VRB 1/2-1 CIG VRB 3-7 SLP135
CYAW,2022-11-01 19:13,-63.4994,44.6397,CYAW 011913Z 21007KT 6SM -DZ BR OVC005 15/15 A2992 RMK ST8 DENSITY ALT 358FT CIG VRB 3-7 SLP134
CYAW,2022-11-01 20:00,-63.4994,44.6397,CYAW 012000Z 20004KT 6SM BR OVC006 15/15 A2991 RMK SF8 DENSITY ALT 357FT CIG VRB 4-8 SLP128
CYAW,2022-11-01 20:17,-63.4994,44.6397,CYAW 012017Z CCA 22003KT 6SM -DZ BR OVC003 15/15 A2991 RMK SF8 DENSITY ALT 343FT VIS LWR S QUAD CIG VRB 2-4 LAST OBS /NEXT 020900 UTC SLP129
CYAW,2022-11-02 09:00,-63.4994,44.6397,CYAW 020900Z 28006KT 15SM SCT035 11/11 A2990 RMK SC3 DENSITY ALT -100FT FST OBS SLP127
CYAW,2022-11-02 10:00,-63.4994,44.6397,CYAW 021000Z 29008KT 15SM FEW035 11/10 A2992 RMK SC2 DENSITY ALT -176FT SLP132
CYAW,2022-11-02 11:00,-63.4994,44.6397,CYAW 021100Z 30007KT 15SM FEW035 10/10 A2994 RMK SC1 DENSITY ALT -305FT SLP138
CYAW,2022-11-02 12:00,-63.4994,44.6397,CYAW 021200Z 32013G18KT 15SM FEW035 12/10 A2998 RMK SC1 DENSITY ALT -137FT SLP152
CYAW,2022-11-02 13:00,-63.4994,44.6397,CYAW 021300Z 33009G15KT 15SM FEW018 FEW035 13/10 A3000 RMK CF1SC1 DENSITY ALT 21FT SLP160
CYAW,2022-11-02 14:00,-63.4994,44.6397,CYAW 021400Z 33012G20KT 15SM FEW025 FEW230 14/09 A3001 RMK SC2CI1 DENSITY ALT 77FT SLP162
CYAW,2022-11-02 15:00,-63.4994,44.6397,CYAW 021500Z 33017G24KT 15SM FEW037 FEW250 14/05 A3002 RMK SC1CI1 DENSITY ALT 61FT SLP167
CYAW,2022-11-02 16:00,-63.4994,44.6397,CYAW 021600Z 32014G21KT 15SM FEW040 15/06 A3003 RMK SC1 DENSITY ALT 111FT SLP169
CYAW,2022-11-02 17:00,-63.4994,44.6397,CYAW 021700Z 31013G18KT 15SM FEW045 15/03 A3001 RMK SC1 DENSITY ALT 175FT SLP164
CYAW,2022-11-02 18:00,-63.4994,44.6397,CYAW 021800Z 31017G22KT 15SM FEW045 FEW250 15/M01 A3002 RMK SC1CI1 DENSITY ALT 139FT SLP167
CYAW,2022-11-02 19:00,-63.4994,44.6397,CYAW 021900Z 32017G24KT 15SM FEW250 15/M02 A3003 RMK CI1 DENSITY ALT 63FT SLP171
CYAW,2022-11-02 20:00,-63.4994,44.6397,CYAW 022000Z 32017G22KT 15SM FEW250 14/M01 A3005 RMK CI1 DENSITY ALT -42FT SLP177
CYAW,2022-11-02 21:00,-63.4994,44.6397,CYAW 022100Z 32010KT 15SM FEW250 12/M01 A3008 RMK CI2 DENSITY ALT -305FT SLP188
CYAW,2022-11-02 22:00,-63.4994,44.6397,CYAW 022200Z 32009KT 15SM FEW045 FEW250 11/M03 A3012 RMK SC1CI2 DENSITY ALT -515FT SLP200
CYAW,2022-11-02 23:00,-63.4994,44.6397,CYAW 022300Z 31010KT 15SM FEW045 FEW250 10/M02 A3014 RMK SC1CI2 DENSITY ALT -570FT SLP207
CYAW,2022-11-03 00:00,-63.4994,44.6397,CYAW 030000Z 34005KT 15SM SKC 09/M02 A3017 RMK DENSITY ALT -787FT SLP216
CYAW,2022-11-03 00:30,-63.4994,44.6397,CYAW 030030Z 32009KT 15SM FEW250 08/M02 A3018 RMK CI1 DENSITY ALT -921FT LAST OBS /NEXT 030900 UTC SLP221
CYAW,2022-11-03 09:00,-63.4994,44.6397,CYAW 030900Z 33007G17KT 15SM SKC 03/M04 A3030 RMK DENSITY ALT -1668FT FST OBS SLP264
CYAW,2022-11-03 10:00,-63.4994,44.6397,CYAW 031000Z 31006KT 15SM FEW020 FEW120 FEW250 02/M04 A3033 RMK SC1AC1CI1 DENSITY ALT -1792FT SLP271
CYAW,2022-11-03 11:00,-63.4994,44.6397,CYAW 031100Z 32008KT 15SM FEW120 FEW250 02/M04 A3033 RMK AC1CI1 DENSITY ALT -1816FT SLP274
CYAW,2022-11-03 12:00,-63.4994,44.6397,CYAW 031200Z 32010G15KT 15SM SCT190 SCT250 04/M04 A3035 RMK AC3CI1 DENSITY ALT -1560FT SLP278
CYAW,2022-11-03 13:00,-63.4994,44.6397,CYAW 031300Z 32011KT 15SM SCT190 SCT250 06/M04 A3036 RMK AC3CI1 DENSITY ALT -1398FT SLP283
CYAW,2022-11-03 14:00,-63.4994,44.6397,CYAW 031400Z 30008KT 15SM FEW250 07/M04 A3035 RMK CI1 DENSITY ALT -1227FT SLP280
CYAW,2022-11-03 15:00,-63.4994,44.6397,CYAW 031500Z 32010KT 15SM FEW150 FEW240 09/M04 A3035 RMK AC1CI1 DENSITY ALT -933FT SLP281
CYAW,2022-11-03 16:00,-63.4994,44.6397,CYAW 031600Z 27008KT 15SM FEW170 FEW240 10/M05 A3033 RMK AC1CI2 DENSITY ALT -815FT SLP272
CYAW,2022-11-03 17:00,-63.4994,44.6397,CYAW 031700Z 27008KT 15SM FEW170 FEW250 11/M06 A3030 RMK AC1CI2 DENSITY ALT -638FT SLP264
CYAW,2022-11-03 18:00,-63.4994,44.6397,CYAW 031800Z 28009KT 15SM FEW250 12/M06 A3029 RMK CI2 DENSITY ALT -506FT SLP258
CYAW,2022-11-03 19:00,-63.4994,44.6397,CYAW 031900Z 25008KT 15SM FEW250 13/M02 A3027 RMK CI1 DENSITY ALT -380FT SLP253
CYAW,2022-11-03 20:00,-63.4994,44.6397,CYAW 032000Z 22006KT 15SM FEW250 11/01 A3029 RMK CI1 DENSITY ALT -591FT SLP257
CYAW,2022-11-03 21:00,-63.4994,44.6397,CYAW 032100Z 22004KT 15SM FEW250 10/02 A3027 RMK CI1 DENSITY ALT -729FT SLP254
CYAW,2022-11-03 22:00,-63.4994,44.6397,CYAW 032200Z 23006KT 15SM FEW250 10/04 A3027 RMK CI1 DENSITY ALT -776FT SLP253
CYAW,2022-11-03 22:44,-63.4994,44.6397,CYAW 032244Z 23006KT 15SM FEW250 09/04 A3027 RMK CI1 DENSITY ALT -867FT LAST OBS /NEXT 040900 UTC SLP253
CYAW,2022-11-04 09:00,-63.4994,44.6397,CYAW 040900Z 22003KT 15SM FEW240 08/07 A3027 RMK CI1 DENSITY ALT -899FT FST OBS SLP250
CYAW,2022-11-04 10:00,-63.4994,44.6397,CYAW 041000Z 23006KT 15SM FEW160 FEW240 09/08 A3026 RMK AC2CI1 DENSITY ALT -824FT SLP249
CYAW,2022-11-04 11:00,-63.4994,44.6397,CYAW 041100Z 27007KT 15SM FEW250 09/08 A3026 RMK CI2 DENSITY ALT -758FT SLP249
CYAW,2022-11-04 12:00,-63.4994,44.6397,CYAW 041200Z 27004KT 15SM BKN250 10/09 A3027 RMK CI6 DENSITY ALT -668FT SLP253
CYAW,2022-11-04 13:00,-63.4994,44.6397,CYAW 041300Z 24012KT 15SM BKN250 12/09 A3028 RMK CI6 DENSITY ALT -456FT SLP254
CYAW,2022-11-04 14:00,-63.4994,44.6397,CYAW 041400Z 25011KT 15SM BKN220 14/09 A3027 RMK CI6 DENSITY ALT -249FT SLP252
CYAW,2022-11-04 15:00,-63.4994,44.6397,CYAW 041500Z 26009G19KT 15SM BKN220 15/09 A3027 RMK CI6 DENSITY ALT -26FT SLP251
CYAW,2022-11-04 16:00,-63.4994,44.6397,CYAW 041600Z 24009KT 15SM BKN230 17/09 A3025 RMK CI6 DENSITY ALT 180FT SLP246
CYAW,2022-11-04 17:00,-63.4994,44.6397,CYAW 041700Z 23007KT 15SM BKN250 18/10 A3024 RMK CI5 DENSITY ALT 267FT SLP242
CYAW,2022-11-04 18:00,-63.4994,44.6397,CYAW 041800Z 20009KT 15SM BKN250 18/10 A3023 RMK CI7 DENSITY ALT 314FT SLP238
CYAW,2022-11-04 19:00,-63.4994,44.6397,CYAW 041900Z 23006KT 15SM BKN250 18/10 A3023 RMK CI7 DENSITY ALT 315FT SLP239
CYAW,2022-11-04 20:00,-63.4994,44.6397,CYAW 042000Z CCA 21003KT 15SM BKN250 17/11 A3023 RMK CI7 DENSITY ALT 204FT LAST OBS /NEXT 071000 UTC SLP238
CYAW,2022-11-07 10:00,-63.4994,44.6397,CYAW 071000Z 22011KT 15SM BKN006 BKN020 16/15 A3012 RMK SF5SC7 DENSITY ALT 230FT FST OBS SLP201
CYAW,2022-11-07 11:00,-63.4994,44.6397,CYAW 071100Z 22008KT 15SM SCT006 BKN015 15/15 A3011 RMK SF3SC2 DENSITY ALT 201FT SLP195
CYAW,2022-11-07 12:00,-63.4994,44.6397,CYAW 071200Z 21011G17KT 15SM FEW015 16/15 A3009 RMK SC1 DENSITY ALT 347FT SLP191
CYAW,2022-11-07 13:00,-63.4994,44.6397,CYAW 071300Z 21010G16KT 15SM FEW015 BKN060 17/15 A3008 RMK SC2SC3 DENSITY ALT 430FT VIS LWR SE-S SLP187
CYAW,2022-11-07 14:00,-63.4994,44.6397,CYAW 071400Z 22014G25KT 15SM SCT020 BKN080 18/15 A3006 RMK SC3AC4 DENSITY ALT 585FT SLP179
CYAW,2022-11-07 14:23,-63.4994,44.6397,CYAW 071423Z 21013G21KT 6SM -SHRA BR SCT020 BKN066 17/16 A3005 RMK SC4AC3 DENSITY ALT 447FT SLP175
CYAW,2022-11-07 15:00,-63.4994,44.6397,CYAW 071500Z 21011G20KT 4SM -SHRA BR FEW008 OVC035 16/15 A3003 RMK SF1SC7 DENSITY ALT 408FT VIS HYR SE-W SLP170
CYAW,2022-11-07 15:26,-63.4994,44.6397,CYAW 071526Z 20013G18KT 8SM FEW009 OVC037 16/15 A3001 RMK SF2SC6 DENSITY ALT 418FT SLP164
CYAW,2022-11-07 16:00,-63.4994,44.6397,CYAW 071600Z 21015KT 12SM FEW009 OVC025 17/16 A2998 RMK SF1SC8 DENSITY ALT 541FT SLP154
CYAW,2022-11-07 16:36,-63.4994,44.6397,CYAW 071636Z 21017G22KT 12SM -SHRA SCT010 OVC018 17/16 A2996 RMK SF3SC5 DENSITY ALT 576FT SLP147
CYAW,2022-11-07 16:50,-63.4994,44.6397,CYAW 071650Z 21016G22KT 10SM BKN009 OVC019 17/16 A2996 RMK SF6SC2 DENSITY ALT 576FT SLP145
CYAW,2022-11-07 17:00,-63.4994,44.6397,CYAW 071700Z 21012G20KT 12SM BKN009 OVC018 17/16 A2995 RMK SF5SC3 DENSITY ALT 587FT SLP143
CYAW,2022-11-07 18:00,-63.4994,44.6397,CYAW 071800Z 21015G26KT 12SM OVC009 17/16 A2992 RMK SF8 DENSITY ALT 619FT SLP133
CYAW,2022-11-07 19:00,-63.4994,44.6397,CYAW 071900Z 22014G25KT 10SM OVC008 17/16 A2990 RMK SF8 DENSITY ALT 631FT SLP124
CYAW,2022-11-07 19:09,-63.4994,44.6397,CYAW 071909Z 22017G24KT 4SM -SHRA BR OVC008 16/16 A2989 RMK SF8 DENSITY ALT 607FT VIS LWR NE SLP123
CYAW,2022-11-07 19:44,-63.4994,44.6397,CYAW 071944Z 22014G22KT 2 1/4SM SHRA BR OVC004 16/15 A2989 RMK SF8 DENSITY ALT 533FT VIS VRB 1 1/2-3 SLP123
CYAW,2022-11-07 20:00,-63.4994,44.6397,CYAW 072000Z 22009G17KT 5SM -SHRA BR OVC005 16/15 A2989 RMK SF8 DENSITY ALT 521FT CIG VRB 3-7 SLP122
CYAW,2022-11-07 21:00,-63.4994,44.6397,CYAW 072100Z 22012G20KT 5SM BR OVC005 16/15 A2988 RMK SF8 DENSITY ALT 533FT CIG VRB 3-7 SLP118
CYAW,2022-11-07 21:36,-63.4994,44.6397,CYAW 072136Z 23007KT 8SM SCT005 BKN018 BKN070 15/15 A2987 RMK SF4SC1AC2 DENSITY ALT 505FT SLP117
CYAW,2022-11-07 22:00,-63.4994,44.6397,CYAW 072200Z 23008KT 10SM FEW005 SCT018 BKN070 16/15 A2987 RMK SF2SC2AC2 DENSITY ALT 518FT SLP115
CYAW,2022-11-07 23:00,-63.4994,44.6397,CYAW 072300Z 22010G17KT 15SM FEW020 15/15 A2986 RMK SC1 DENSITY ALT 475FT SLP113
CYAW,2022-11-08 00:00,-63.4994,44.6397,CYAW 080000Z 23010KT 15SM FEW020 15/14 A2986 RMK SC1 DENSITY ALT 418FT SLP112
CYAW,2022-11-08 01:00,-63.4994,44.6397,CYAW 080100Z 29015G21KT 15SM FEW020 15/12 A2989 RMK SC1 DENSITY ALT 394FT LAST OBS /NEXT 081000 UTC SLP123
CYAW,2022-11-08 10:00,-63.4994,44.6397,CYAW 081000Z CCA 28013G18KT 15SM FEW020 07/00 A3001 RMK SC1 DENSITY ALT -789FT FST OBS SLP164
CYAW,2022-11-08 11:00,-63.4994,44.6397,CYAW 081100Z 29015G26KT 15SM FEW020 07/M00 A3001 RMK SC1 DENSITY ALT -842FT SLP163
CYAW,2022-11-08 12:00,-63.4994,44.6397,CYAW 081200Z 31020G26KT 15SM FEW020 07/M02 A3003 RMK SC1 DENSITY ALT -884FT SLP170
CYAW,2022-11-08 13:00,-63.4994,44.6397,CYAW 081300Z 30022G30KT 15SM FEW040 06/M04 A3006 RMK SC2 DENSITY ALT -966FT SLP181
CYAW,2022-11-08 14:00,-63.4994,44.6397,CYAW 081400Z 32025G33KT 15SM SCT040 06/M03 A3005 RMK CU3 DENSITY ALT -953FT SLP177
CYAW,2022-11-08 15:00,-63.4994,44.6397,CYAW 081500Z 31021G31KT 15SM SCT050 07/M03 A3007 RMK CU4 DENSITY ALT -863FT SLP185
CYAW,2022-11-08 16:00,-63.4994,44.6397,CYAW 081600Z 30020G31KT 15SM BKN050 07/M04 A3006 RMK SC5 DENSITY ALT -929FT SLP182
CYAW,2022-11-08 17:00,-63.4994,44.6397,CYAW 081700Z 30026G35KT 15SM SCT050 08/M04 A3005 RMK SC4 DENSITY ALT -823FT SLP178
CYAW,2022-11-08 18:00,-63.4994,44.6397,CYAW 081800Z 32028G38KT 15SM BKN055 07/M05 A3006 RMK SC5 DENSITY ALT -875FT SLP180
CYAW,2022-11-08 19:00,-63.4994,44.6397,CYAW 081900Z 30029G34KT 15SM BKN056 06/M05 A3008 RMK SC6 DENSITY ALT -995FT SLP186
CYAW,2022-11-08 20:00,-63.4994,44.6397,CYAW 082000Z 31025G33KT 15SM BKN060 06/M04 A3011 RMK SC7 DENSITY ALT -1077FT LAST OBS /NEXT 091000 UTC SLP197
CYAW,2022-11-09 10:00,-63.4994,44.6397,CYAW 091000Z 32013KT 15SM FEW048 02/M06 A3041 RMK SC2 DENSITY ALT -1953FT FST OBS SLP299
CYAW,2022-11-09 11:00,-63.4994,44.6397,CYAW 091100Z 32012G18KT 15SM FEW043 02/M06 A3044 RMK SC2 DENSITY ALT -2012FT SLP308
CYAW,2022-11-09 12:00,-63.4994,44.6397,CYAW 091200Z 32013G18KT 15SM FEW040 02/M05 A3047 RMK SC1 DENSITY ALT -1994FT SLP319
CYAW,2022-11-09 13:00,-63.4994,44.6397,CYAW 091300Z 32014KT 15SM FEW040 03/M05 A3049 RMK SC1 DENSITY ALT -1876FT SLP328
CYAW,2022-11-09 14:00,-63.4994,44.6397,CYAW 091400Z 32012G17KT 15SM FEW040 04/M04 A3049 RMK SC1 DENSITY ALT -1734FT SLP327
CYAW,2022-11-09 15:00,-63.4994,44.6397,CYAW 091500Z 36015KT 15SM FEW040 05/M04 A3049 RMK SC1 DENSITY ALT -1596FT SLP326
CYAW,2022-11-09 16:00,-63.4994,44.6397,CYAW 091600Z 32012G17KT 15SM FEW040 06/M04 A3047 RMK SC1 DENSITY ALT -1547FT SLP320
CYAW,2022-11-09 17:00,-63.4994,44.6397,CYAW 091700Z 33009KT 15SM FEW040 06/M03 A3046 RMK SC1 DENSITY ALT -1448FT SLP316
CYAW,2022-11-09 18:00,-63.4994,44.6397,CYAW 091800Z 33010G17KT 15SM FEW040 07/M03 A3046 RMK SC1 DENSITY ALT -1397FT SLP317
CYAW,2022-11-09 19:00,-63.4994,44.6397,CYAW 091900Z 32008KT 15SM FEW040 07/M04 A3047 RMK SC1 DENSITY ALT -1410FT SLP321
CYAW,2022-11-09 20:00,-63.4994,44.6397,CYAW 092000Z 32010KT 15SM FEW040 FEW230 06/M03 A3048 RMK SC1CI1 DENSITY ALT -1533FT SLP323
CYAW,2022-11-09 21:00,-63.4994,44.6397,CYAW 092100Z 32007KT 15SM FEW040 FEW230 04/M04 A3048 RMK SC1CI2 DENSITY ALT -1771FT SLP323
CYAW,2022-11-09 22:00,-63.4994,44.6397,CYAW 092200Z 32006KT 15SM FEW230 03/M04 A3049 RMK CI2 DENSITY ALT -1921FT SLP326
CYAW,2022-11-09 23:00,-63.4994,44.6397,CYAW 092300Z 00000KT 15SM SCT200 03/M04 A3049 RMK CI3 DENSITY ALT -1910FT SLP328
CYAW,2022-11-10 00:00,-63.4994,44.6397,CYAW 100000Z 00000KT 15SM BKN190 03/M04 A3046 RMK AC5 DENSITY ALT -1850FT SLP319
CYAW,2022-11-10 01:00,-63.4994,44.6397,CYAW 100100Z CCA 29004KT 15SM BKN160 03/M02 A3046 RMK AC5 DENSITY ALT -1788FT LAST OBS /NEXT 101000 UTC SLP317
CYAW,2022-11-10 10:00,-63.4994,44.6397,CYAW 101000Z 22008G16KT 15SM BKN110 06/03 A3028 RMK AC5 DENSITY ALT -1240FT SLP256
CYAW,2022-11-10 11:00,-63.4994,44.6397,CYAW 101100Z 22012G19KT 15SM FEW020 BKN100 BKN250 08/04 A3025 RMK SC1AC7CI1 DENSITY ALT -975FT SLP246
CYAW,2022-11-10 12:00,-63.4994,44.6397,CYAW 101200Z 22017G27KT 15SM FEW021 BKN100 BKN130 09/05 A3023 RMK SC1AC5AC2 DENSITY ALT -809FT SLP239
CYAW,2022-11-10 13:00,-63.4994,44.6397,CYAW 101300Z 23016G27KT 15SM FEW020 BKN100 BKN130 BKN250 09/06 A3021 RMK CF1AC5AC2CI1 DENSITY ALT -709FT SLP232
CYAW,2022-11-10 14:00,-63.4994,44.6397,CYAW 101400Z 23017G29KT 15SM FEW021 BKN090 BKN130 BKN250 10/06 A3019 RMK CF1AC5AC2CI1 DENSITY ALT -649FT SLP225
CYAW,2022-11-10 15:00,-63.4994,44.6397,CYAW 101500Z 23015G22KT 15SM FEW021 SCT085 BKN130 BKN250 11/06 A3015 RMK CF1AC3AC2CI2 DENSITY ALT -457FT SLP210
CYAW,2022-11-10 16:00,-63.4994,44.6397,CYAW 101600Z 24017G22KT 15SM FEW020 BKN080 BKN130 BKN250 12/06 A3013 RMK CF1AC5AC1CI1 DENSITY ALT -336FT CF TR SLP204
CYAW,2022-11-10 17:00,-63.4994,44.6397,CYAW 101700Z 23017G26KT 15SM SCT080 BKN250 14/06 A3008 RMK AC3CI4 DENSITY ALT -51FT SLP188
CYAW,2022-11-10 18:00,-63.4994,44.6397,CYAW 101800Z 24016KT 15SM BKN070 BKN250 15/06 A3007 RMK AC5CI1 DENSITY ALT 131FT SLP185
CYAW,2022-11-10 19:00,-63.4994,44.6397,CYAW 101900Z 24018G27KT 15SM SCT080 SCT250 15/07 A3006 RMK AC3CI1 DENSITY ALT 144FT SLP181
CYAW,2022-11-10 20:00,-63.4994,44.6397,CYAW 102000Z CCA 24014G20KT 15SM SCT080 BKN250 14/06 A3006 RMK AC4CI1 DENSITY ALT 59FT LAST OBS /NEXT 111100 UTC SLP179
CYAW,2022-11-11 11:00,-63.4994,44.6397,CYAW 111100Z 24004KT 15SM SCT120 BKN250 10/09 A3007 RMK AC3CI3 DENSITY ALT -402FT FST OBS SLP185
CYAW,2022-11-11 12:00,-63.4994,44.6397,CYAW 111200Z 26004KT 15SM FEW025 SCT120 BKN230 11/10 A3009 RMK SC1AC3CC2 DENSITY ALT -328FT VIS LWR S QUAD SLP191
CYAW,2022-11-11 13:00,-63.4994,44.6397,CYAW 111300Z 24003KT 15SM BKN050 BKN230 13/10 A3010 RMK SC6CI1 DENSITY ALT -105FT VIS LWR S QUAD SLP195
CYAW,2022-11-11 14:00,-63.4994,44.6397,CYAW 111400Z 24005KT 15SM SCT050 BKN230 15/11 A3010 RMK SC4CI3 DENSITY ALT 127FT SLP194
CYAW,2022-11-11 15:00,-63.4994,44.6397,CYAW 111500Z 22005KT 15SM FEW070 BKN250 16/10 A3010 RMK AC2CI4 DENSITY ALT 233FT SLP193
CYAW,2022-11-11 16:00,-63.4994,44.6397,CYAW 111600Z 17004KT 15SM FEW070 BKN250 17/10 A3008 RMK AC1CI5 DENSITY ALT 340FT SLP188
CYAW,2022-11-11 16:24,-63.4994,44.6397,CYAW 111624Z 18004KT 15SM FEW070 BKN250 17/10 A3008 RMK AC1CI5 DENSITY ALT 399FT LAST OBS /NEXT 141000 UTC SLP186
CYAW,2022-11-14 10:00,-63.4994,44.6397,CYAW 141000Z 24022G33KT 15SM BKN030 08/05 A2960 RMK SC6 DENSITY ALT -184FT FST OBS SLP023
CYAW,2022-11-14 10:30,-63.4994,44.6397,CYAW 141030Z 25018G28KT 12SM -DZ BKN020 07/05 A2962 RMK SC6 DENSITY ALT -280FT PCPN VRY LGT SLP030
CYAW,2022-11-14 11:00,-63.4994,44.6397,CYAW 141100Z 25021G32KT 15SM BKN020 06/04 A2965 RMK SC7 DENSITY ALT -461FT SLP040
CYAW,2022-11-14 12:00,-63.4994,44.6397,CYAW 141200Z 26019G29KT 15SM BKN025 06/03 A2970 RMK SC7 DENSITY ALT -612FT SLP060
CYAW,2022-11-14 13:00,-63.4994,44.6397,CYAW 141300Z 27019G29KT 15SM BKN030 06/02 A2973 RMK SC6 DENSITY ALT -625FT SLP069
CYAW,2022-11-14 14:00,-63.4994,44.6397,CYAW 141400Z 27023G35KT 15SM BKN027 06/01 A2975 RMK SC6 DENSITY ALT -619FT SLP077
CYAW,2022-11-14 15:00,-63.4994,44.6397,CYAW 141500Z 27017G30KT 15SM BKN030 06/01 A2980 RMK SC7 DENSITY ALT -700FT SLP092
CYAW,2022-11-14 16:00,-63.4994,44.6397,CYAW 141600Z 26021G33KT 15SM BKN028 06/01 A2983 RMK SC7 DENSITY ALT -726FT SLP102
CYAW,2022-11-14 17:00,-63.4994,44.6397,CYAW 141700Z 27021G27KT 15SM BKN025 06/01 A2984 RMK SC6 DENSITY ALT -722FT SLP108
CYAW,2022-11-14 18:00,-63.4994,44.6397,CYAW 141800Z 27016G28KT 15SM BKN028 05/01 A2987 RMK SC7 DENSITY ALT -857FT SLP116
CYAW,2022-11-14 19:00,-63.4994,44.6397,CYAW 141900Z 28022G31KT 15SM BKN028 05/M00 A2990 RMK SC7 DENSITY ALT -938FT SLP126
CYAW,2022-11-14 20:00,-63.4994,44.6397,CYAW 142000Z 28024G30KT 15SM BKN027 04/M00 A2993 RMK SC7 DENSITY ALT -1070FT SLP138
CYAW,2022-11-14 20:21,-63.4994,44.6397,CYAW 142021Z 29024G33KT 15SM -SHRA BKN027 04/M00 A2995 RMK SC6 DENSITY ALT -1133FT PRESRR LAST OBS /NEXT 151000 UTC SLP145
CYAW,2022-11-15 10:00,-63.4994,44.6397,CYAW 151000Z 30016KT 15SM OVC030 02/M03 A3029 RMK SC8 DENSITY ALT -1817FT FST OBS SLP260
CYAW,2022-11-15 11:00,-63.4994,44.6397,CYAW 151100Z 29011G19KT 15SM BKN030 02/M03 A3032 RMK SC7 DENSITY ALT -1878FT SLP270
CYAW,2022-11-15 12:00,-63.4994,44.6397,CYAW 151200Z 29012KT 15SM OVC030 02/M03 A3034 RMK SC8 DENSITY ALT -1901FT SLP277
CYAW,2022-11-15 13:00,-63.4994,44.6397,CYAW 151300Z 32015G21KT 15SM BKN030 02/M04 A3036 RMK SC7 DENSITY ALT -1911FT SLP284
CYAW,2022-11-15 14:00,-63.4994,44.6397,CYAW 151400Z 31014G20KT 15SM BKN027 02/M03 A3038 RMK SC7 DENSITY ALT -1871FT SLP288
CYAW,2022-11-15 15:00,-63.4994,44.6397,CYAW 151500Z 31011G17KT 15SM BKN030 02/M03 A3039 RMK SC6 DENSITY ALT -1842FT SLP292
CYAW,2022-11-15 16:00,-63.4994,44.6397,CYAW 151600Z 31012G19KT 15SM BKN030 BKN220 03/M04 A3038 RMK SC5CI1 DENSITY ALT -1758FT SLP288
CYAW,2022-11-15 17:00,-63.4994,44.6397,CYAW 151700Z 30012G18KT 15SM SCT030 SCT180 BKN240 03/M04 A3037 RMK SC3AC1CI1 DENSITY ALT -1698FT SLP285
CYAW,2022-11-15 18:00,-63.4994,44.6397,CYAW 151800Z 27010KT 15SM SCT033 SCT250 04/M04 A3036 RMK SC3CI1 DENSITY ALT -1609FT SLP284
CYAW,2022-11-15 19:00,-63.4994,44.6397,CYAW 151900Z 31009KT 15SM FEW036 SCT250 04/M04 A3036 RMK SC2CI2 DENSITY ALT -1623FT SLP283
CYAW,2022-11-15 20:00,-63.4994,44.6397,CYAW 152000Z CCA 31011KT 15SM SCT037 BKN250 03/M04 A3038 RMK SC3CI4 DENSITY ALT -1722FT LAST OBS /NEXT 161000 UTC SLP289
CYAW,2022-11-16 10:00,-63.4994,44.6397,CYAW 161000Z 00000KT 15SM BKN120 M00/M03 A3038 RMK AC7 DENSITY ALT -2161FT FST OBS SLP289
CYAW,2022-11-16 11:00,-63.4994,44.6397,CYAW 161100Z 06005KT 15SM FEW030 OVC100 M00/M02 A3034 RMK SC1AC8 DENSITY ALT -2135FT SLP277
CYAW,2022-11-16 12:00,-63.4994,44.6397,CYAW 161200Z 05005KT 15SM FEW030 BKN120 OVC250 00/M02 A3033 RMK SC1AC7CI1 DENSITY ALT -2034FT SLP274
CYAW,2022-11-16 13:00,-63.4994,44.6397,CYAW 161300Z 05005KT 15SM SCT110 BKN140 01/M02 A3030 RMK AC4AS3 DENSITY ALT -1912FT SLP264
CYAW,2022-11-16 14:00,-63.4994,44.6397,CYAW 161400Z 07006KT 15SM SCT027 BKN110 02/M02 A3027 RMK SC4AC2 DENSITY ALT -1699FT SLP252
CYAW,2022-11-16 15:00,-63.4994,44.6397,CYAW 161500Z 13010G16KT 15SM BKN025 OVC080 06/01 A3022 RMK SC7AC1 DENSITY ALT -1210FT SLP236
CYAW,2022-11-16 16:00,-63.4994,44.6397,CYAW 161600Z 12007KT 15SM OVC027 07/02 A3018 RMK SC8 DENSITY ALT -1060FT SLP222
CYAW,2022-11-16 17:00,-63.4994,44.6397,CYAW 161700Z 13010G18KT 15SM BKN030 OVC070 07/02 A3010 RMK SC7AC1 DENSITY ALT -854FT PRESFR SLP195
CYAW,2022-11-16 18:00,-63.4994,44.6397,CYAW 161800Z 13010G19KT 15SM OVC025 08/04 A3007 RMK SC8 DENSITY ALT -760FT SLP184
CYAW,2022-11-16 18:13,-63.4994,44.6397,CYAW 161813Z 12011G17KT 15SM -SHRA OVC024 08/04 A3005 RMK SC8 DENSITY ALT -737FT SLP178
CYAW,2022-11-16 19:00,-63.4994,44.6397,CYAW 161900Z 12010G18KT 15SM -SHRA OVC020 08/05 A3003 RMK SC8 DENSITY ALT -720FT PCPN VRY LGT SLP172
CYAW,2022-11-16 20:00,-63.4994,44.6397,CYAW 162000Z 10012G18KT 8SM -RA OVC019 08/07 A2996 RMK SC8 DENSITY ALT -635FT PRESFR SLP147
CYAW,2022-11-16 20:18,-63.4994,44.6397,CYAW 162018Z 10011G18KT 4SM -RA BR OVC013 08/07 A2994 RMK SC8 DENSITY ALT -597FT SLP142
CYAW,2022-11-16 20:33,-63.4994,44.6397,CYAW 162033Z 10009G18KT 3SM -RA BR OVC009 08/07 A2993 RMK SF8 DENSITY ALT -570FT LAST OBS /NEXT 171000 UTC SLP139
CYAW,2022-11-17 10:00,-63.4994,44.6397,CYAW 171000Z 27013G24KT 10SM BKN016 OVC180 05/02 A2955 RMK SC7AC1 DENSITY ALT -502FT FST OBS SLP006
CYAW,2022-11-17 11:00,-63.4994,44.6397,CYAW 171100Z 26019G24KT 15SM OVC016 04/02 A2958 RMK SC8 DENSITY ALT -624FT SLP018
CYAW,2022-11-17 12:00,-63.4994,44.6397,CYAW 171200Z 26018KT 12SM -DZ BKN015 BKN180 04/02 A2961 RMK SC6AC1 DENSITY ALT -711FT SLP028
CYAW,2022-11-17 12:19,-63.4994,44.6397,CYAW 171219Z 26018G25KT 15SM FEW005 BKN018 BKN180 03/02 A2962 RMK SF2SC4AC1 DENSITY ALT -810FT SLP032
CYAW,2022-11-17 12:31,-63.4994,44.6397,CYAW 171231Z 25015G25KT 12SM -DZ FEW005 BKN013 BKN180 03/03 A2963 RMK SF2SC4AC1 DENSITY ALT -805FT SLP033
CYAW,2022-11-17 12:50,-63.4994,44.6397,CYAW 171250Z 26021KT 15SM FEW005 BKN018 BKN180 04/01 A2963 RMK SF2SC4AC1 DENSITY ALT -791FT SLP033
CYAW,2022-11-17 13:00,-63.4994,44.6397,CYAW 171300Z 26017G24KT 15SM FEW005 BKN018 BKN180 04/02 A2963 RMK SF2SC4AC1 DENSITY ALT -785FT SLP036
CYAW,2022-11-17 14:00,-63.4994,44.6397,CYAW 171400Z 26016G22KT 15SM SCT020 BKN180 05/01 A2962 RMK SC3AC3 DENSITY ALT -633FT SLP030
CYAW,2022-11-17 15:00,-63.4994,44.6397,CYAW 171500Z 27018KT 15SM SCT026 SCT180 BKN250 05/00 A2960 RMK SC3AC1CI2 DENSITY ALT -538FT SLP024
CYAW,2022-11-17 16:00,-63.4994,44.6397,CYAW 171600Z 27015G22KT 15SM SCT026 SCT180 BKN250 05/M01 A2958 RMK SC3AC1CI2 DENSITY ALT -531FT SLP018
CYAW,2022-11-17 17:00,-63.4994,44.6397,CYAW 171700Z 25016G22KT 15SM SCT040 BKN180 BKN250 06/M01 A2956 RMK SC4AC1CI2 DENSITY ALT -373FT SLP012
CYAW,2022-11-17 18:00,-63.4994,44.6397,CYAW 171800Z 26012G18KT 15SM OVC038 06/00 A2956 RMK SC8 DENSITY ALT -378FT SLP011
CYAW,2022-11-17 19:00,-63.4994,44.6397,CYAW 171900Z 25012G19KT 15SM BKN038 BKN080 06/M00 A2955 RMK SC6AC1 DENSITY ALT -383FT SLP009
CYAW,2022-11-17 20:00,-63.4994,44.6397,CYAW 172000Z 26016G22KT 15SM BKN040 BKN080 05/M02 A2957 RMK SC5AC2 DENSITY ALT -550FT SLP014
CYAW,2022-11-17 21:00,-63.4994,44.6397,CYAW 172100Z 26024G29KT 15SM SCT040 BKN100 04/M02 A2958 RMK SC4AC3 DENSITY ALT -664FT SLP017
CYAW,2022-11-17 22:00,-63.4994,44.6397,CYAW 172200Z 25018G24KT 15SM FEW040 BKN110 05/M05 A2960 RMK SC2AC5 DENSITY ALT -679FT SLP025
CYAW,2022-11-17 23:00,-63.4994,44.6397,CYAW 172300Z 27019G28KT 15SM SCT040 BKN110 03/M04 A2963 RMK SC3AC2 DENSITY ALT -919FT SLP035
CYAW,2022-11-18 00:00,-63.4994,44.6397,CYAW 180000Z CCA 27013G24KT 15SM FEW040 SCT110 02/M05 A2964 RMK SC1AC2 DENSITY ALT -986FT LAST OBS /NEXT 181000 UTC SLP040
CYAW,2022-11-18 10:00,-63.4994,44.6397,CYAW 181000Z 25009G16KT 15SM FEW050 M00/M04 A2983 RMK SC1 DENSITY ALT -1544FT FST OBS SLP103
CYAW,2022-11-18 11:00,-63.4994,44.6397,CYAW 181100Z 24011KT 15SM FEW025 FEW045 FEW120 M00/M05 A2985 RMK CF1SC2AC1 DENSITY ALT -1572FT SLP111
CYAW,2022-11-18 12:00,-63.4994,44.6397,CYAW 181200Z 24016G21KT 15SM SCT041 00/M06 A2988 RMK SC4 DENSITY ALT -1521FT SLP121
CYAW,2022-11-18 13:00,-63.4994,44.6397,CYAW 181300Z 25017KT 15SM SCT043 01/M06 A2990 RMK SC3 DENSITY ALT -1469FT SLP126
CYAW,2022-11-18 14:00,-63.4994,44.6397,CYAW 181400Z 26020G25KT 15SM BKN039 02/M06 A2990 RMK SC5 DENSITY ALT -1382FT SLP129
CYAW,2022-11-18 15:00,-63.4994,44.6397,CYAW 181500Z 28020KT 15SM BKN038 02/M07 A2992 RMK SC6 DENSITY ALT -1418FT SLP136
CYAW,2022-11-18 16:00,-63.4994,44.6397,CYAW 181600Z 26014G22KT 15SM BKN038 02/M06 A2992 RMK SC6 DENSITY ALT -1365FT SLP136
CYAW,2022-11-18 17:00,-63.4994,44.6397,CYAW 181700Z 25015G21KT 15SM SCT038 02/M06 A2992 RMK SC4 DENSITY ALT -1365FT SLP134
CYAW,2022-11-18 18:00,-63.4994,44.6397,CYAW 181800Z 26014G25KT 15SM FEW038 03/M05 A2992 RMK SC2 DENSITY ALT -1186FT SLP134
CYAW,2022-11-18 19:00,-63.4994,44.6397,CYAW 181900Z 27014KT 15SM FEW038 03/M06 A2992 RMK SC1 DENSITY ALT -1214FT SLP136
CYAW,2022-11-18 20:00,-63.4994,44.6397,CYAW 182000Z 25011G16KT 15SM FEW038 03/M06 A2994 RMK SC1 DENSITY ALT -1263FT SLP142
CYAW,2022-11-18 21:00,-63.4994,44.6397,CYAW 182100Z 27010KT 15SM FEW038 02/M07 A2996 RMK SC1 DENSITY ALT -1415FT SLP147
CYAW,2022-11-18 22:00,-63.4994,44.6397,CYAW 182200Z CCA 26006KT 15SM SKC 01/M06 A2998 RMK DENSITY ALT -1512FT LAST OBS /NEXT 211000 UTC SLP154
CYAW,2022-11-21 10:00,-63.4994,44.6397,CYAW 211000Z 28022G27KT 15SM FEW022 M04/M07 A2995 RMK SC2 DENSITY ALT -2131FT FST OBS SLP146
CYAW,2022-11-21 11:00,-63.4994,44.6397,CYAW 211100Z 27018G27KT 15SM FEW025 M04/M07 A3001 RMK SC2 DENSITY ALT -2229FT SLP164
CYAW,2022-11-21 12:00,-63.4994,44.6397,CYAW 211200Z 27018G26KT 15SM FEW020 M04/M08 A3006 RMK SC2 DENSITY ALT -2288FT SLP182
CYAW,2022-11-21 13:00,-63.4994,44.6397,CYAW 211300Z 28018G26KT 15SM FEW024 M03/M08 A3011 RMK SC1 DENSITY ALT -2295FT SLP197
CYAW,2022-11-21 14:00,-63.4994,44.6397,CYAW 211400Z 28017G25KT 15SM FEW024 M03/M08 A3013 RMK SC1 DENSITY ALT -2203FT SLP206
CYAW,2022-11-21 15:00,-63.4994,44.6397,CYAW 211500Z 27022KT 15SM FEW027 M02/M08 A3017 RMK CU1 DENSITY ALT -2120FT SLP217
CYAW,2022-11-21 16:00,-63.4994,44.6397,CYAW 211600Z 27014G24KT 15SM FEW027 M01/M08 A3017 RMK CU1 DENSITY ALT -2003FT SLP220
CYAW,2022-11-21 17:00,-63.4994,44.6397,CYAW 211700Z 26013G19KT 15SM FEW030 M00/M08 A3017 RMK CF1 DENSITY ALT -1927FT SLP220
CYAW,2022-11-21 18:00,-63.4994,44.6397,CYAW 211800Z 26014G19KT 15SM FEW030 00/M09 A3019 RMK CF1 DENSITY ALT -1902FT SLP224
CYAW,2022-11-21 19:00,-63.4994,44.6397,CYAW 211900Z 26014KT 15SM FEW030 M00/M08 A3019 RMK CF1 DENSITY ALT -1952FT SLP227
CYAW,2022-11-21 20:00,-63.4994,44.6397,CYAW 212000Z CCA 28009G15KT 15SM FEW030 M00/M09 A3021 RMK CF1 DENSITY ALT -2014FT LAST OBS /NEXT 221000 UTC SLP232
CYAW,2022-11-22 10:00,-63.4994,44.6397,CYAW 221000Z 28021G29KT 10SM -DZ SCT023 BKN070 05/02 A2993 RMK SC4AC3 DENSITY ALT -1011FT FST OBS SLP139
CYAW,2022-11-22 10:44,-63.4994,44.6397,CYAW 221044Z 28015G21KT 15SM FEW030 BKN090 03/01 A2996 RMK SC2AC4 DENSITY ALT -1211FT SLP149
CYAW,2022-11-22 11:00,-63.4994,44.6397,CYAW 221100Z 27014G20KT 15SM FEW030 BKN090 03/01 A2997 RMK SC1AC4 DENSITY ALT -1274FT SLP152
CYAW,2022-11-22 12:00,-63.4994,44.6397,CYAW 221200Z 27015G20KT 15SM FEW030 03/M00 A3001 RMK SC1 DENSITY ALT -1327FT SLP165
CYAW,2022-11-22 13:00,-63.4994,44.6397,CYAW 221300Z 28021G26KT 15SM FEW030 03/M02 A3005 RMK SC2 DENSITY ALT -1322FT SLP179
CYAW,2022-11-22 14:00,-63.4994,44.6397,CYAW 221400Z 27026G33KT 15SM BKN040 03/M04 A3009 RMK SC5 DENSITY ALT -1390FT SLP191
CYAW,2022-11-22 15:00,-63.4994,44.6397,CYAW 221500Z 29027KT 15SM BKN040 04/M05 A3011 RMK SC5 DENSITY ALT -1354FT SLP198
CYAW,2022-11-22 16:00,-63.4994,44.6397,CYAW 221600Z 28020G28KT 15SM BKN043 04/M05 A3013 RMK SC5 DENSITY ALT -1328FT SLP205
CYAW,2022-11-22 17:00,-63.4994,44.6397,CYAW 221700Z 29016G22KT 15SM SCT045 04/M06 A3015 RMK SC3 DENSITY ALT -1390FT SLP211
CYAW,2022-11-22 18:00,-63.4994,44.6397,CYAW 221800Z 30018G26KT 15SM FEW045 04/M06 A3016 RMK SC1 DENSITY ALT -1417FT SLP214
CYAW,2022-11-22 19:00,-63.4994,44.6397,CYAW 221900Z 28013G19KT 15SM FEW045 04/M07 A3017 RMK CF1 DENSITY ALT -1455FT SLP220
CYAW,2022-11-22 20:00,-63.4994,44.6397,CYAW 222000Z CCA 28008KT 15SM FEW045 03/M06 A3019 RMK CF1 DENSITY ALT -1539FT LAST OBS /NEXT 231000 UTC SLP226
CYAW,2022-11-23 10:00,-63.4994,44.6397,CYAW 231000Z 28003KT 15SM OVC050 02/M01 A2999 RMK SC8 DENSITY ALT -1419FT FST OBS SLP157
CYAW,2022-11-23 11:00,-63.4994,44.6397,CYAW 231100Z 00000KT 15SM BKN040 OVC055 03/00 A2998 RMK SC6SC2 DENSITY ALT -1252FT SLP153
CYAW,2022-11-23 12:00,-63.4994,44.6397,CYAW 231200Z 24004KT 15SM FEW039 SCT047 BKN055 04/01 A2997 RMK SC1SC3SC4 DENSITY ALT -1187FT SLP150
CYAW,2022-11-23 12:37,-63.4994,44.6397,CYAW 231237Z 28014KT 6SM -DZ BR FEW027 BKN034 BKN055 04/01 A2998 RMK SC1SC5SC2 DENSITY ALT -1195FT VIS HYR S SLP155
CYAW,2022-11-23 13:00,-63.4994,44.6397,CYAW 231300Z 27009G16KT 6SM -SHRA BR FEW018 OVC030 03/02 A2999 RMK SC1SC8 DENSITY ALT -1304FT SLP157
CYAW,2022-11-23 13:14,-63.4994,44.6397,CYAW 231314Z 28010KT 15SM FEW018 OVC030 03/01 A2999 RMK SC1SC8 DENSITY ALT -1306FT SLP157
CYAW,2022-11-23 14:00,-63.4994,44.6397,CYAW 231400Z 30016G24KT 15SM FEW020 BKN051 BKN080 03/M01 A3000 RMK SC1SC4AC1 DENSITY ALT -1358FT SLP160
CYAW,2022-11-23 15:00,-63.4994,44.6397,CYAW 231500Z 29020KT 15SM SCT027 SCT240 04/M02 A2999 RMK CU3CI1 DENSITY ALT -1228FT SLP159
CYAW,2022-11-23 16:00,-63.4994,44.6397,CYAW 231600Z 30018G24KT 15SM FEW030 FEW240 04/M05 A2999 RMK CU1CI1 DENSITY ALT -1230FT SLP157
CYAW,2022-11-23 17:00,-63.4994,44.6397,CYAW 231700Z 31016G24KT 15SM FEW030 FEW240 04/M08 A2998 RMK CU1CI1 DENSITY ALT -1216FT SLP154
CYAW,2022-11-23 18:00,-63.4994,44.6397,CYAW 231800Z 32015KT 15SM FEW030 FEW240 04/M08 A2997 RMK SC1CI1 DENSITY ALT -1129FT SLP150
CYAW,2022-11-23 19:00,-63.4994,44.6397,CYAW 231900Z 30017G22KT 15SM FEW030 FEW240 04/M08 A2998 RMK CF1CI1 DENSITY ALT -1140FT SLP152
CYAW,2022-11-23 20:00,-63.4994,44.6397,CYAW 232000Z 32009G18KT 15SM BKN050 BKN240 03/M06 A3000 RMK SC5CI1 DENSITY ALT -1283FT SLP159
CYAW,2022-11-23 21:00,-63.4994,44.6397,CYAW 232100Z 30011G18KT 15SM BKN055 03/M05 A3001 RMK SC7 DENSITY ALT -1340FT SLP164
CYAW,2022-11-23 22:00,-63.4994,44.6397,CYAW 232200Z 30010G19KT 15SM BKN055 03/M05 A3002 RMK SC7 DENSITY ALT -1400FT SLP169
CYAW,2022-11-23 23:00,-63.4994,44.6397,CYAW 232300Z 32015G24KT 15SM SCT030 BKN055 02/M05 A3005 RMK SC4SC3 DENSITY ALT -1550FT SLP178
CYAW,2022-11-23 23:40,-63.4994,44.6397,CYAW 232340Z 32015G22KT 15SM BKN040 01/M06 A3007 RMK SC5 DENSITY ALT -1664FT LAST OBS /NEXT 241200 UTC SLP185
CYAW,2022-11-24 12:00,-63.4994,44.6397,CYAW 241200Z 30016KT 15SM SKC M06/M12 A3024 RMK DENSITY ALT -2745FT FST OBS SLP243
CYAW,2022-11-24 13:00,-63.4994,44.6397,CYAW 241300Z 29015G21KT 15SM SKC M04/M12 A3025 RMK DENSITY ALT -2573FT LAST OBS /NEXT 251000 UTC SLP247
CYAW,2022-11-25 10:00,-63.4994,44.6397,CYAW 251000Z 00000KT 15SM FEW300 M06/M09 A3017 RMK CI1 DENSITY ALT -2747FT FST OBS SLP220
CYAW,2022-11-25 11:00,-63.4994,44.6397,CYAW 251100Z 00000KT 15SM FEW034 SCT180 BKN230 M06/M08 A3016 RMK CF1AS4CI3 DENSITY ALT -2667FT SLP216
CYAW,2022-11-25 12:00,-63.4994,44.6397,CYAW 251200Z 00000KT 15SM SCT180 OVC230 M05/M08 A3014 RMK AC3CI5 DENSITY ALT -2538FT SLP209
CYAW,2022-11-25 13:00,-63.4994,44.6397,CYAW 251300Z 00000KT 15SM SCT030 BKN180 OVC230 M03/M07 A3011 RMK SC4AC1CI3 DENSITY ALT -2227FT SLP201
CYAW,2022-11-25 14:00,-63.4994,44.6397,CYAW 251400Z 00000KT 15SM OVC028 M00/M05 A3009 RMK SC8 DENSITY ALT -1824FT SLP194
CYAW,2022-11-25 15:00,-63.4994,44.6397,CYAW 251500Z 17010KT 15SM OVC023 04/M02 A3007 RMK SC8 DENSITY ALT -1307FT SLP185
CYAW,2022-11-25 16:00,-63.4994,44.6397,CYAW 251600Z 18010KT 15SM OVC024 05/00 A3003 RMK SC8 DENSITY ALT -1135FT SLP171
CYAW,2022-11-25 17:00,-63.4994,44.6397,CYAW 251700Z 17009KT 15SM BKN018 OVC045 05/02 A2998 RMK SC7SC1 DENSITY ALT -989FT SLP153
CYAW,2022-11-25 18:00,-63.4994,44.6397,CYAW 251800Z 17011G16KT 15SM -SHRA BKN015 OVC045 06/04 A2992 RMK SC7SC1 DENSITY ALT -809FT SLP136
CYAW,2022-11-25 18:35,-63.4994,44.6397,CYAW 251835Z 17013KT 15SM BKN016 OVC045 07/04 A2990 RMK SC5SC3 DENSITY ALT -683FT SLP127
CYAW,2022-11-25 19:00,-63.4994,44.6397,CYAW 251900Z 17011G16KT 15SM FEW017 BKN031 OVC053 07/05 A2987 RMK SC1SC4SC3 DENSITY ALT -620FT SLP118
CYAW,2022-11-25 20:00,-63.4994,44.6397,CYAW 252000Z 18013G19KT 15SM BKN019 OVC044 07/05 A2984 RMK SC5SC3 DENSITY ALT -534FT SLP109
CYAW,2022-11-25 20:30,-63.4994,44.6397,CYAW 252030Z 17014KT 15SM FEW017 OVC120 07/05 A2981 RMK SC2AC6 DENSITY ALT -498FT PRESFR LAST OBS /NEXT 260800 UTC SLP097
CYAW,2022-11-26 08:00,-63.4994,44.6397,CYAW 260800Z 29013G19KT 12SM BKN011 OVC019 07/06 A2925 RMK SC7SC1 DENSITY ALT 52FT FST OBS SLP908
CYAW,2022-11-26 09:00,-63.4994,44.6397,CYAW 260900Z 30016KT 15SM SCT015 OVC060 05/04 A2925 RMK CU4SC4 DENSITY ALT -102FT SLP907
CYAW,2022-11-26 10:00,-63.4994,44.6397,CYAW 261000Z 29016G21KT 15SM OVC013 05/04 A2924 RMK SC8 DENSITY ALT -152FT SLP904
CYAW,2022-11-26 11:00,-63.4994,44.6397,CYAW 261100Z 29016KT 15SM OVC014 05/03 A2924 RMK SC8 DENSITY ALT -181FT SLP903
CYAW,2022-11-26 11:46,-63.4994,44.6397,CYAW 261146Z 30018G30KT 15SM OVC013 05/03 A2925 RMK SC8 DENSITY ALT -220FT LAST OBS /NEXT 281000 UTC SLP905
CYAW,2022-11-28 10:00,-63.4994,44.6397,CYAW 281000Z 13018G25KT 6SM -RA OVC005 09/09 A2917 RMK SF8 DENSITY ALT 503FT CIG VRB 3-7 FST OBS SLP879
CYAW,2022-11-28 11:00,-63.4994,44.6397,CYAW 281100Z 14024G31KT 5SM -DZ BR OVC005 10/10 A2908 RMK SF8 DENSITY ALT 753FT PRESFR CIG VRB 3-7 SLP850
CYAW,2022-11-28 12:00,-63.4994,44.6397,CYAW 281200Z 22024G32KT 5SM BR OVC005 12/12 A2906 RMK SF8 DENSITY ALT 1040FT CIG VRB 3-7 SLP842
CYAW,2022-11-28 13:00,-63.4994,44.6397,CYAW 281300Z 23014G21KT 8SM BKN007 BKN025 12/12 A2908 RMK SF5SC1 DENSITY ALT 1001FT SLP848
CYAW,2022-11-28 14:00,-63.4994,44.6397,CYAW 281400Z 23015G20KT 15SM SCT010 OVC020 12/11 A2911 RMK SC4SC4 DENSITY ALT 901FT SLP858
CYAW,2022-11-28 15:00,-63.4994,44.6397,CYAW 281500Z 23014G20KT 15SM BKN011 BKN025 12/11 A2913 RMK SC5SC2 DENSITY ALT 857FT CIG VRB 8-14 SLP866
CYAW,2022-11-28 15:29,-63.4994,44.6397,CYAW 281529Z 23012G18KT 3SM -DZ BR BKN008 OVC020 11/11 A2915 RMK SF6SC2 DENSITY ALT 759FT CIG VRB 6-10 SLP870
CYAW,2022-11-28 16:00,-63.4994,44.6397,CYAW 281600Z 30016KT 8SM SCT008 BKN020 11/10 A2918 RMK SF3SC4 DENSITY ALT 665FT SLP882
CYAW,2022-11-28 17:00,-63.4994,44.6397,CYAW 281700Z 28019G24KT 15SM BKN016 BKN030 10/08 A2922 RMK SC6SC1 DENSITY ALT 531FT SLP894
CYAW,2022-11-28 17:12,-63.4994,44.6397,CYAW 281712Z 28015G22KT 15SM BKN012 BKN029 09/08 A2924 RMK SC6SC1 DENSITY ALT 435FT SLP901
CYAW,2022-11-28 17:37,-63.4994,44.6397,CYAW 281737Z 29014G20KT 15SM BKN009 OVC012 08/08 A2926 RMK SC7SC1 DENSITY ALT 283FT PRESRR SLP909
CYAW,2022-11-28 18:00,-63.4994,44.6397,CYAW 281800Z 30015G20KT 15SM BKN009 OVC030 08/07 A2928 RMK SC7SC1 DENSITY ALT 219FT PRESRR SLP915
CYAW,2022-11-28 19:00,-63.4994,44.6397,CYAW 281900Z 31011G16KT 15SM BKN009 OVC030 07/06 A2932 RMK SF7SC1 DENSITY ALT 43FT SLP930
CYAW,2022-11-28 19:18,-63.4994,44.6397,CYAW 281918Z 32016G24KT 15SM -DZ OVC010 07/06 A2933 RMK SC8 DENSITY ALT -9FT SLP934
CYAW,2022-11-28 20:00,-63.4994,44.6397,CYAW 282000Z 32018KT 12SM -DZ FEW009 OVC012 06/05 A2938 RMK SF2SC6 DENSITY ALT -197FT PRESRR SLP951
CYAW,2022-11-28 20:20,-63.4994,44.6397,CYAW 282020Z 32015G20KT 15SM OVC012 06/04 A2941 RMK SC8 DENSITY ALT -262FT PRESRR SLP959
CYAW,2022-11-28 21:00,-63.4994,44.6397,CYAW 282100Z 33015G24KT 15SM BKN016 OVC060 05/03 A2944 RMK SC6SC2 DENSITY ALT -380FT PRESRR SLP971
CYAW,2022-11-28 22:00,-63.4994,44.6397,CYAW 282200Z 32016KT 15SM BKN017 BKN110 05/03 A2948 RMK SC5AC2 DENSITY ALT -481FT SLP985
CYAW,2022-11-28 23:00,-63.4994,44.6397,CYAW 282300Z 32015KT 15SM BKN021 OVC110 04/02 A2953 RMK SC5AC3 DENSITY ALT -593FT SLP002
CYAW,2022-11-29 00:00,-63.4994,44.6397,CYAW 290000Z CCA 34017G25KT 15SM BKN020 04/01 A2959 RMK SC7 DENSITY ALT -720FT PRESRR LAST OBS /NEXT 291100 UTC SLP022
CYAW,2022-11-29 11:00,-63.4994,44.6397,CYAW 291100Z 34012KT 15SM BKN027 M02/M06 A3006 RMK SC6 DENSITY ALT -1986FT FST OBS SLP181
CYAW,2022-11-29 12:00,-63.4994,44.6397,CYAW 291200Z 34012KT 15SM BKN025 M02/M07 A3010 RMK SC7 DENSITY ALT -2085FT SLP196
CYAW,2022-11-29 13:00,-63.4994,44.6397,CYAW 291300Z 34010G15KT 15SM FEW025 M02/M07 A3013 RMK SC2 DENSITY ALT -2108FT SLP206
CYAW,2022-11-29 14:00,-63.4994,44.6397,CYAW 291400Z 32011G19KT 15SM SCT025 M02/M07 A3017 RMK SC3 DENSITY ALT -2116FT SLP220
CYAW,2022-11-29 15:00,-63.4994,44.6397,CYAW 291500Z 34012G17KT 15SM FEW025 M01/M07 A3020 RMK SC2 DENSITY ALT -2072FT SLP230
CYAW,2022-11-29 16:00,-63.4994,44.6397,CYAW 291600Z 33009G16KT 15SM FEW025 FEW200 M00/M07 A3019 RMK SC1CI1 DENSITY ALT -1972FT SLP227
CYAW,2022-11-29 17:00,-63.4994,44.6397,CYAW 291700Z 33014KT 15SM FEW025 SCT250 01/M07 A3020 RMK SC1CI3 DENSITY ALT -1868FT SLP229
CYAW,2022-11-29 18:00,-63.4994,44.6397,CYAW 291800Z 32009G16KT 15SM FEW025 FEW250 01/M07 A3022 RMK SC1CI1 DENSITY ALT -1854FT SLP234
CYAW,2022-11-29 19:00,-63.4994,44.6397,CYAW 291900Z 33010KT 15SM FEW025 FEW250 01/M07 A3023 RMK SC1CI1 DENSITY ALT -1842FT SLP239
CYAW,2022-11-29 20:00,-63.4994,44.6397,CYAW 292000Z 33009KT 15SM FEW025 FEW250 00/M08 A3027 RMK SC1CI1 DENSITY ALT -1978FT SLP251
CYAW,2022-11-29 21:00,-63.4994,44.6397,CYAW 292100Z 34005KT 15SM FEW025 FEW250 M01/M07 A3029 RMK SC1CI1 DENSITY ALT -2191FT SLP261
CYAW,2022-11-29 22:00,-63.4994,44.6397,CYAW 292200Z 34004KT 15SM FEW250 M02/M07 A3031 RMK CI1 DENSITY ALT -2314FT SLP268
CYAW,2022-11-29 23:00,-63.4994,44.6397,CYAW 292300Z 32003KT 15SM SKC M02/M07 A3034 RMK DENSITY ALT -2387FT SLP277
CYAW,2022-11-30 00:00,-63.4994,44.6397,CYAW 300000Z CCA 34004KT 15SM SKC M02/M07 A3035 RMK DENSITY ALT -2386FT LAST OBS /NEXT 301100 UTC SLP282
CYAW,2022-11-30 11:00,-63.4994,44.6397,CYAW 301100Z 05004KT 15SM FEW035 FEW220 M07/M08 A3048 RMK SC1CI1 DENSITY ALT -3205FT FST OBS SLP324
CYAW,2022-11-30 12:00,-63.4994,44.6397,CYAW 301200Z 05004KT 15SM FEW035 FEW220 M05/M07 A3047 RMK SC1CI1 DENSITY ALT -2953FT SC TR SLP321
CYAW,2022-11-30 13:00,-63.4994,44.6397,CYAW 301300Z 06005KT 15SM FEW035 FEW220 M03/M06 A3046 RMK SC1CI2 DENSITY ALT -2651FT SLP318
CYAW,2022-11-30 14:00,-63.4994,44.6397,CYAW 301400Z 00000KT 15SM FEW035 FEW220 00/M03 A3048 RMK SC1CI2 DENSITY ALT -2238FT SLP324
CYAW,2022-11-30 15:00,-63.4994,44.6397,CYAW 301500Z 14015KT 15SM SCT025 SCT180 BKN230 03/M03 A3047 RMK SC4AC1CI2 DENSITY ALT -1846FT SLP320
CYAW,2022-11-30 16:00,-63.4994,44.6397,CYAW 301600Z 14012G17KT 15SM BKN025 03/M02 A3044 RMK SC7 DENSITY ALT -1803FT SLP310
CYAW,2022-11-30 17:00,-63.4994,44.6397,CYAW 301700Z 14012G21KT 15SM SCT030 BKN180 BKN240 05/M01 A3041 RMK SC4AC1CI1 DENSITY ALT -1525FT SLP302
CYAW,2022-11-30 18:00,-63.4994,44.6397,CYAW 301800Z 13014G20KT 15SM FEW034 SCT120 BKN250 05/M01 A3039 RMK SC2AC1CI4 DENSITY ALT -1502FT SLP293
CYAW,2022-11-30 19:00,-63.4994,44.6397,CYAW 301900Z 13014G20KT 15SM SCT043 BKN250 05/01 A3035 RMK SC3CI4 DENSITY ALT -1436FT SLP280
CYAW,2022-11-30 20:00,-63.4994,44.6397,CYAW 302000Z 13013G19KT 15SM BKN050 OVC250 05/01 A3032 RMK SC7CI1 DENSITY ALT -1373FT SLP269
CYAW,2022-11-30 21:00,-63.4994,44.6397,CYAW 302100Z 13020KT 15SM OVC050 06/03 A3028 RMK SC8 DENSITY ALT -1232FT SLP256
CYAW,2022-11-30 22:00,-63.4994,44.6397,CYAW 302200Z CCA 13015G25KT 15SM OVC050 07/04 A3025 RMK SC8 DENSITY ALT -1088FT LAST OBS /NEXT 011100 UTC SLP247
CYAW,2022-12-01 11:00,-63.4994,44.6397,CYAW 011100Z 17026G40KT 5SM RA BR OVC003 11/11 A2953 RMK NS8 DENSITY ALT 346FT CIG VRB 2-4 FST OBS SLP001
CYAW,2022-12-01 11:48,-63.4994,44.6397,CYAW 011148Z 19014G22KT 3SM -RA BR BKN006 OVC015 11/11 A2952 RMK SF6NS2 DENSITY ALT 357FT CIG VRB 4-8 SLP997
CYAW,2022-12-01 12:00,-63.4994,44.6397,CYAW 011200Z 22015G22KT 3SM -RA BR OVC005 11/11 A2953 RMK SF8 DENSITY ALT 319FT SLP002
CYAW,2022-12-01 12:35,-63.4994,44.6397,CYAW 011235Z 27017KT 10SM -DZ SCT008 OVC020 10/10 A2954 RMK SF3SC5 DENSITY ALT 136FT SLP004
CYAW,2022-12-01 13:00,-63.4994,44.6397,CYAW 011300Z 29018G24KT 10SM FEW008 BKN015 BKN040 OVC160 08/08 A2956 RMK SF2SC4SC1AC1 DENSITY ALT -85FT SLP010
CYAW,2022-12-01 14:00,-63.4994,44.6397,CYAW 011400Z 29016G21KT 15SM FEW020 BKN050 06/05 A2961 RMK SC2SC4 DENSITY ALT -432FT SLP027
CYAW,2022-12-01 15:00,-63.4994,44.6397,CYAW 011500Z 29019KT 15SM BKN020 BKN045 06/03 A2964 RMK SC6SC1 DENSITY ALT -492FT SLP037
CYAW,2022-12-01 16:00,-63.4994,44.6397,CYAW 011600Z 29016G26KT 15SM SCT025 BKN050 07/00 A2966 RMK SC3SC2 DENSITY ALT -457FT SLP044
CYAW,2022-12-01 17:00,-63.4994,44.6397,CYAW 011700Z 28022KT 15SM SCT035 BKN050 05/M01 A2968 RMK SC3SC4 DENSITY ALT -637FT SLP052
CYAW,2022-12-01 18:00,-63.4994,44.6397,CYAW 011800Z 26021G28KT 15SM FEW040 BKN050 05/M02 A2971 RMK SC2SC5 DENSITY ALT -715FT SLP064
CYAW,2022-12-01 19:00,-63.4994,44.6397,CYAW 011900Z 27015G25KT 15SM BKN055 04/M04 A2975 RMK SC7 DENSITY ALT -872FT SLP075
CYAW,2022-12-01 20:00,-63.4994,44.6397,CYAW 012000Z 30021G29KT 15SM -SHSN BKN055 BKN070 03/M02 A2980 RMK SC7AC1 DENSITY ALT -1105FT VIRGA S SLP093
CYAW,2022-12-01 20:23,-63.4994,44.6397,CYAW 012023Z 29015G22KT 15SM FEW030 SCT055 BKN070 02/M02 A2982 RMK CF1SC4AC1 DENSITY ALT -1253FT SLP100
CYAW,2022-12-01 21:00,-63.4994,44.6397,CYAW 012100Z 28015G24KT 15SM BKN060 BKN075 02/M03 A2985 RMK SC5AC1 DENSITY ALT -1281FT SLP110
CYAW,2022-12-01 21:14,-63.4994,44.6397,CYAW 012114Z 27024G32KT 12SM -SHSN BKN060 BKN075 02/M03 A2987 RMK SC5AC1 DENSITY ALT -1333FT SLP115
CYAW,2022-12-01 21:33,-63.4994,44.6397,CYAW 012133Z 27016KT 15SM SCT060 BKN075 02/M04 A2987 RMK SC4AC2 DENSITY ALT -1310FT SLP117
CYAW,2022-12-01 22:00,-63.4994,44.6397,CYAW 012200Z 27012G21KT 15SM FEW060 SCT075 02/M04 A2989 RMK SC2AC2 DENSITY ALT -1384FT SLP122
CYAW,2022-12-01 23:00,-63.4994,44.6397,CYAW 012300Z 28012KT 15SM FEW040 FEW060 01/M04 A2991 RMK CF1SC1 DENSITY ALT -1469FT SLP130
CYAW,2022-12-01 23:35,-63.4994,44.6397,CYAW 012335Z 27007G18KT 15SM FEW040 FEW060 01/M03 A2993 RMK CF1SC1 DENSITY ALT -1529FT LAST OBS /NEXT 021100 UTC SLP136
CYAW,2022-12-02 11:00,-63.4994,44.6397,CYAW 021100Z 27009G16KT 15SM FEW030 M01/M08 A3029 RMK SC1 DENSITY ALT -2232FT FST OBS SLP261
CYAW,2022-12-02 12:00,-63.4994,44.6397,CYAW 021200Z 27009KT 15SM FEW030 M01/M08 A3035 RMK SC1 DENSITY ALT -2287FT PRESRR SLP281
CYAW,2022-12-02 13:00,-63.4994,44.6397,CYAW 021300Z 27007KT 15SM FEW035 M01/M07 A3038 RMK SC1 DENSITY ALT -2231FT SLP291
CYAW,2022-12-02 14:00,-63.4994,44.6397,CYAW 021400Z 30017G22KT 15SM FEW035 M00/M08 A3039 RMK SC1 DENSITY ALT -2180FT SLP295
CYAW,2022-12-02 15:00,-63.4994,44.6397,CYAW 021500Z 31013KT 15SM FEW035 01/M07 A3040 RMK SC1 DENSITY ALT -2075FT SLP298
CYAW,2022-12-02 16:00,-63.4994,44.6397,CYAW 021600Z 28009KT 15SM FEW035 01/M07 A3040 RMK SC1 DENSITY ALT -1998FT SLP298
CYAW,2022-12-02 17:00,-63.4994,44.6397,CYAW 021700Z 26009KT 15SM FEW035 FEW220 02/M07 A3042 RMK SC1CI1 DENSITY ALT -1906FT SLP303
CYAW,2022-12-02 18:00,-63.4994,44.6397,CYAW 021800Z 26009KT 15SM FEW035 FEW220 03/M07 A3040 RMK SC1CI2 DENSITY ALT -1806FT SLP296
CYAW,2022-12-02 19:00,-63.4994,44.6397,CYAW 021900Z 24010KT 15SM FEW035 FEW220 03/M06 A3043 RMK SC1CI1 DENSITY ALT -1827FT SLP306
CYAW,2022-12-02 20:00,-63.4994,44.6397,CYAW 022000Z 26009KT 15SM FEW035 FEW220 03/M07 A3046 RMK SC1CI1 DENSITY ALT -1900FT SLP316
CYAW,2022-12-02 20:53,-63.4994,44.6397,CYAW 022053Z 25005KT 15SM FEW220 02/M06 A3048 RMK CI1 DENSITY ALT -2036FT LAST OBS /NEXT 051000 UTC SLP324
CYAW,2022-12-05 10:00,-63.4994,44.6397,CYAW 051000Z 00000KT 15SM SKC M03/M06 A3027 RMK DENSITY ALT -2435FT FST OBS SLP253
CYAW,2022-12-05 11:00,-63.4994,44.6397,CYAW 051100Z 00000KT 15SM FEW035 M04/M07 A3030 RMK SC1 DENSITY ALT -2548FT SLP261
CYAW,2022-12-05 12:00,-63.4994,44.6397,CYAW 051200Z 01003KT 15SM FEW030 FEW240 M04/M07 A3033 RMK CF1CI1 DENSITY ALT -2584FT SLP275
CYAW,2022-12-05 13:00,-63.4994,44.6397,CYAW 051300Z 04004KT 15SM FEW030 FEW240 M02/M06 A3036 RMK CF1CI1 DENSITY ALT -2357FT CF TR SLP285
CYAW,2022-12-05 14:00,-63.4994,44.6397,CYAW 051400Z 07005KT 15SM FEW030 FEW240 00/M06 A3038 RMK CF1CI2 DENSITY ALT -2124FT SLP292
CYAW,2022-12-05 15:00,-63.4994,44.6397,CYAW 051500Z 00000KT 15SM FEW180 FEW240 01/M07 A3038 RMK AC1CI1 DENSITY ALT -1975FT SLP292
CYAW,2022-12-05 16:00,-63.4994,44.6397,CYAW 051600Z 00000KT 15SM FEW180 FEW250 02/M05 A3038 RMK AC1CI1 DENSITY ALT -1867FT SLP291
CYAW,2022-12-05 17:00,-63.4994,44.6397,CYAW 051700Z 12005KT 15SM FEW250 03/M03 A3038 RMK CI1 DENSITY ALT -1778FT SLP292
CYAW,2022-12-05 18:00,-63.4994,44.6397,CYAW 051800Z 14008KT 15SM FEW250 03/M05 A3038 RMK CI1 DENSITY ALT -1801FT SLP291
CYAW,2022-12-05 19:00,-63.4994,44.6397,CYAW 051900Z 17005KT 15SM FEW250 03/M04 A3040 RMK CI1 DENSITY ALT -1821FT SLP297
CYAW,2022-12-05 20:00,-63.4994,44.6397,CYAW 052000Z 16003KT 15SM FEW250 02/M04 A3042 RMK CI1 DENSITY ALT -1908FT LAST OBS /NEXT 061000 UTC SLP303
CYAW,2022-12-06 10:00,-63.4994,44.6397,CYAW 061000Z 03006KT 15SM SCT240 M01/M03 A3060 RMK CI3 DENSITY ALT -2577FT FST OBS SLP364
CYAW,2022-12-06 11:00,-63.4994,44.6397,CYAW 061100Z 05006KT 15SM FEW020 SCT240 M02/M02 A3060 RMK SC1CI2 DENSITY ALT -2587FT SLP366
CYAW,2022-12-06 12:00,-63.4994,44.6397,CYAW 061200Z 02005KT 15SM FEW020 BKN240 M01/M01 A3062 RMK SC1CI6 DENSITY ALT -2489FT SLP373
CYAW,2022-12-06 13:00,-63.4994,44.6397,CYAW 061300Z 04007KT 15SM FEW015 BKN240 01/M00 A3063 RMK SC1CI6 DENSITY ALT -2303FT SLP374
CYAW,2022-12-06 14:00,-63.4994,44.6397,CYAW 061400Z 05006KT 15SM BKN240 02/01 A3062 RMK CI7 DENSITY ALT -2084FT SLP373
CYAW,2022-12-06 15:00,-63.4994,44.6397,CYAW 061500Z 09006KT 15SM SCT013 OVC240 05/02 A3062 RMK SC3CI5 DENSITY ALT -1809FT SLP372
CYAW,2022-12-06 15:22,-63.4994,44.6397,CYAW 061522Z 09011KT 15SM OVC011 04/02 A3061 RMK SC8 DENSITY ALT -1810FT SLP369
CYAW,2022-12-06 16:00,-63.4994,44.6397,CYAW 061600Z 08009G16KT 15SM BKN015 05/03 A3061 RMK SC7 DENSITY ALT -1732FT SLP367
CYAW,2022-12-06 17:00,-63.4994,44.6397,CYAW 061700Z 06010G15KT 15SM SCT014 BKN220 06/03 A3059 RMK SC4CC3 DENSITY ALT -1533FT SLP360
CYAW,2022-12-06 18:00,-63.4994,44.6397,CYAW 061800Z CCA 08010G16KT 15SM BKN015 BKN220 06/03 A3060 RMK SC6CI1 DENSITY ALT -1607FT SLP364
CYAW,2022-12-06 19:00,-63.4994,44.6397,CYAW 061900Z 07010G16KT 15SM BKN015 OVC220 06/03 A3061 RMK SC7CI1 DENSITY ALT -1656FT SLP368
CYAW,2022-12-06 20:00,-63.4994,44.6397,CYAW 062000Z 08006G16KT 15SM OVC016 05/03 A3062 RMK SC8 DENSITY ALT -1731FT SLP370
CYAW,2022-12-06 20:29,-63.4994,44.6397,CYAW 062029Z 07010KT 15SM OVC014 05/03 A3061 RMK SC8 DENSITY ALT -1745FT LAST OBS /NEXT 071000 UTC SLP369
CYAW,2022-12-07 10:00,-63.4994,44.6397,CYAW 071000Z 09012G17KT 1/2SM FG VV002 07/07 A3055 RMK FG8 DENSITY ALT -1355FT FST OBS SLP348
CYAW,2022-12-07 10:15,-63.4994,44.6397,CYAW 071015Z 09009G18KT 1/2SM -DZ FG VV002 07/07 A3054 RMK FG8 DENSITY ALT -1344FT SLP345
CYAW,2022-12-07 11:00,-63.4994,44.6397,CYAW 071100Z 09010G17KT 1/2SM -DZ FG VV002 07/07 A3055 RMK FG8 DENSITY ALT -1355FT SLP348
CYAW,2022-12-07 11:27,-63.4994,44.6397,CYAW 071127Z 09009G15KT 3/4SM -DZ BR VV002 07/07 A3056 RMK FG8 DENSITY ALT -1367FT SLP349
CYAW,2022-12-07 12:00,-63.4994,44.6397,CYAW 071200Z 09009G15KT 5/8SM -DZ BR VV002 07/07 A3057 RMK FG8 DENSITY ALT -1378FT SLP352
CYAW,2022-12-07 12:24,-63.4994,44.6397,CYAW 071224Z 09010G15KT 1/4SM -DZ FG VV002 07/07 A3055 RMK FG8 DENSITY ALT -1355FT SLP347
CYAW,2022-12-07 13:00,-63.4994,44.6397,CYAW 071300Z 10008G15KT 3/8SM -DZ FG VV002 07/07 A3054 RMK FG8 DENSITY ALT -1317FT SLP345
CYAW,2022-12-07 14:00,-63.4994,44.6397,CYAW 071400Z 10008G17KT 1/4SM -DZ FG VV002 08/08 A3054 RMK FG8 DENSITY ALT -1304FT SLP345
CYAW,2022-12-07 14:28,-63.4994,44.6397,CYAW 071428Z 11009G17KT 1/2SM -DZ FG VV002 08/08 A3054 RMK FG8 DENSITY ALT -1291FT VIS VRB 3/8-5/8 SLP345
CYAW,2022-12-07 15:00,-63.4994,44.6397,CYAW 071500Z 11010G15KT 3/4SM -DZ BR OVC002 08/08 A3054 RMK ST8 DENSITY ALT -1278FT SLP342
CYAW,2022-12-07 15:29,-63.4994,44.6397,CYAW 071529Z 11009G15KT 3/8SM -DZ FG VV002 08/08 A3053 RMK FG8 DENSITY ALT -1253FT SLP340
CYAW,2022-12-07 16:00,-63.4994,44.6397,CYAW 071600Z 11007KT 3/4SM -DZ BR OVC002 08/08 A3052 RMK ST8 DENSITY ALT -1215FT SLP336
CYAW,2022-12-07 17:00,-63.4994,44.6397,CYAW 071700Z 10005KT 3/4SM -DZ BR OVC003 08/08 A3049 RMK ST8 DENSITY ALT -1208FT SLP327
CYAW,2022-12-07 18:00,-63.4994,44.6397,CYAW 071800Z 11012G18KT 3/4SM -DZ BR OVC002 08/08 A3046 RMK ST8 DENSITY ALT -1213FT SLP318
CYAW,2022-12-07 19:00,-63.4994,44.6397,CYAW 071900Z 10009G17KT 3/4SM -DZ BR OVC003 07/07 A3045 RMK ST8 DENSITY ALT -1241FT SLP314
CYAW,2022-12-07 20:00,-63.4994,44.6397,CYAW 072000Z 10007KT 3/4SM -DZ BR OVC003 07/07 A3044 RMK ST8 DENSITY ALT -1243FT LAST OBS /NEXT 081000 UTC SLP311
CYAW,2022-12-08 10:00,-63.4994,44.6397,CYAW 081000Z 11016G26KT 8SM -DZ BKN005 OVC060 08/08 A3003 RMK SF6SC2 DENSITY ALT -602FT CIG VRB 3-7 FST OBS SLP169
CYAW,2022-12-08 10:31,-63.4994,44.6397,CYAW 081031Z 12012G21KT 7SM -RA BKN005 OVC020 08/08 A3003 RMK SF6SC2 DENSITY ALT -602FT CIG VRB 3-7 SLP170
CYAW,2022-12-08 11:00,-63.4994,44.6397,CYAW 081100Z 12012G21KT 7SM -RA BKN005 OVC020 09/09 A3004 RMK SF6NS2 DENSITY ALT -587FT CIG VRB 3-7 SLP174
CYAW,2022-12-08 11:18,-63.4994,44.6397,CYAW 081118Z 11013G20KT 3SM RA BR BKN005 OVC020 09/09 A3004 RMK SF6NS2 DENSITY ALT -587FT CIG VRB 3-7 SLP173
CYAW,2022-12-08 11:42,-63.4994,44.6397,CYAW 081142Z 12014G21KT 3SM -RA BR BKN005 OVC020 09/09 A3003 RMK SF7NS1 DENSITY ALT -576FT CIG VRB 3-7 SLP170
CYAW,2022-12-08 12:00,-63.4994,44.6397,CYAW 081200Z 11016G22KT 3SM -RA BR BKN005 OVC020 09/09 A2997 RMK SF7NS1 DENSITY ALT -520FT PRESFR CIG VRB 3-7 SLP150
CYAW,2022-12-08 12:20,-63.4994,44.6397,CYAW 081220Z 11013G26KT 5SM -RA BR BKN005 OVC020 09/09 A2999 RMK SF7NS1 DENSITY ALT -543FT PRESRR CIG VRB 3-7 SLP158
CYAW,2022-12-08 13:00,-63.4994,44.6397,CYAW 081300Z 11014G25KT 6SM -RA BR BKN005 OVC020 09/09 A2998 RMK SF7NS1 DENSITY ALT -505FT PCPN VRY LGT CIG VRB 3-7 SLP153
CYAW,2022-12-08 14:00,-63.4994,44.6397,CYAW 081400Z 13013G20KT 4SM -RA BR BKN005 OVC020 09/09 A2998 RMK SF7NS1 DENSITY ALT -479FT CIG VRB 3-7 SLP153
CYAW,2022-12-08 15:00,-63.4994,44.6397,CYAW 081500Z 12013G20KT 3SM -RA BR BKN003 OVC020 09/09 A2995 RMK SF7NS1 DENSITY ALT -444FT SLP144
CYAW,2022-12-08 15:14,-63.4994,44.6397,CYAW 081514Z 11011G18KT 2 1/2SM -RA BR OVC003 09/09 A2994 RMK NS8 DENSITY ALT -433FT CIG VRB 2-4 SLP140
CYAW,2022-12-08 15:25,-63.4994,44.6397,CYAW 081525Z 11011G19KT 1SM -RA BR OVC003 09/09 A2993 RMK NS8 DENSITY ALT -421FT CIG VRB 2-4 SLP138
CYAW,2022-12-08 15:49,-63.4994,44.6397,CYAW 081549Z 11012KT 3/4SM RA BR OVC002 09/09 A2992 RMK NS8 DENSITY ALT -410FT SLP135
CYAW,2022-12-08 16:00,-63.4994,44.6397,CYAW 081600Z 10011G18KT 1SM -RA BR OVC002 09/09 A2991 RMK NS8 DENSITY ALT -385FT SLP130
CYAW,2022-12-08 17:00,-63.4994,44.6397,CYAW 081700Z 10011G18KT 3/4SM RA BR OVC003 09/09 A2988 RMK NS8 DENSITY ALT -363FT SLP120
CYAW,2022-12-08 17:10,-63.4994,44.6397,CYAW 081710Z 10008G17KT 1SM -RA BR OVC003 09/09 A2987 RMK NS8 DENSITY ALT -352FT SLP117
CYAW,2022-12-08 18:00,-63.4994,44.6397,CYAW 081800Z 10011G16KT 3/4SM -RA BR OVC003 09/09 A2986 RMK NS8 DENSITY ALT -354FT /R10/ SLP113
CYAW,2022-12-08 18:45,-63.4994,44.6397,CYAW 081845Z 11013G19KT 3/4SM -DZ BR OVC003 09/09 A2985 RMK NS8 DENSITY ALT -302FT SLP110
CYAW,2022-12-08 19:00,-63.4994,44.6397,CYAW 081900Z 11007G15KT 3/4SM -RA BR OVC002 09/09 A2985 RMK NS8 DENSITY ALT -329FT SLP111
CYAW,2022-12-08 20:00,-63.4994,44.6397,CYAW 082000Z 11008KT 3/4SM -RA BR OVC003 09/09 A2985 RMK NS8 DENSITY ALT -342FT LAST OBS /NEXT 091000 UTC SLP109
CYAW,2022-12-09 10:00,-63.4994,44.6397,CYAW 091000Z 35018G29KT 4SM -SHRA BR FEW009 OVC022 03/03 A2985 RMK SF2SC6 DENSITY ALT -1096FT FST OBS SLP109
CYAW,2022-12-09 11:00,-63.4994,44.6397,CYAW 091100Z 35022G29KT 4SM -SHRA BR FEW008 OVC019 03/03 A2986 RMK SF2SC6 DENSITY ALT -1107FT SLP112
CYAW,2022-12-09 11:36,-63.4994,44.6397,CYAW 091136Z 35016G25KT 5SM -RA BR SCT008 OVC017 03/03 A2986 RMK SF3SC5 DENSITY ALT -1107FT SLP114
CYAW,2022-12-09 12:00,-63.4994,44.6397,CYAW 091200Z 36016G27KT 4SM -DZRA BR BKN008 OVC017 03/03 A2987 RMK SF5SC3 DENSITY ALT -1106FT SLP115
CYAW,2022-12-09 13:00,-63.4994,44.6397,CYAW 091300Z 36017G25KT 4SM -DZRA BR BKN007 OVC016 04/04 A2989 RMK SF6SC2 DENSITY ALT -1076FT SLP122
CYAW,2022-12-09 14:00,-63.4994,44.6397,CYAW 091400Z 36016G21KT 5SM -RA BR BKN008 OVC015 04/04 A2991 RMK SF6SC2 DENSITY ALT -1006FT SLP129
CYAW,2022-12-09 14:08,-63.4994,44.6397,CYAW 091408Z 36015G20KT 3SM RA BR BKN007 OVC015 04/04 A2991 RMK SF7SC1 DENSITY ALT -1006FT SLP131
CYAW,2022-12-09 14:36,-63.4994,44.6397,CYAW 091436Z 36014G21KT 2 1/2SM RA BR BKN007 OVC014 05/05 A2991 RMK SF7SC1 DENSITY ALT -953FT SLP131
CYAW,2022-12-09 15:00,-63.4994,44.6397,CYAW 091500Z 36016G21KT 3SM -RA BR BKN007 OVC015 05/05 A2992 RMK SF7SC1 DENSITY ALT -912FT SLP132
CYAW,2022-12-09 16:00,-63.4994,44.6397,CYAW 091600Z 02013G19KT 3SM -RA BR BKN007 OVC015 06/06 A2992 RMK SF7SC1 DENSITY ALT -806FT SLP134
CYAW,2022-12-09 17:00,-63.4994,44.6397,CYAW 091700Z 01014G19KT 3SM RA BR BKN008 OVC015 06/06 A2993 RMK SF7SC1 DENSITY ALT -778FT SLP136
CYAW,2022-12-09 17:15,-63.4994,44.6397,CYAW 091715Z 01013G19KT 4SM -RA BR BKN008 OVC015 06/06 A2993 RMK SF6NS2 DENSITY ALT -764FT SLP137
CYAW,2022-12-09 18:00,-63.4994,44.6397,CYAW 091800Z CCA 01011G18KT 3SM RA BR BKN009 OVC015 06/06 A2995 RMK SF7NS1 DENSITY ALT -788FT SLP142
CYAW,2022-12-09 18:22,-63.4994,44.6397,CYAW 091822Z 36014KT 3SM -RA BR BKN009 OVC015 06/06 A2995 RMK SF6NS2 DENSITY ALT -814FT SLP145
CYAW,2022-12-09 19:00,-63.4994,44.6397,CYAW 091900Z 01008G15KT 3SM -RA BR BKN008 OVC013 06/06 A2997 RMK SF6SC2 DENSITY ALT -837FT SLP151
CYAW,2022-12-09 20:00,-63.4994,44.6397,CYAW 092000Z 01011G17KT 4SM -RA BR OVC009 06/06 A3000 RMK SF8 DENSITY ALT -832FT LAST OBS /NEXT 111400 UTC SLP160
CYAW,2022-12-11 14:00,-63.4994,44.6397,CYAW 111400Z 36011G16KT 15SM OVC019 M04/M07 A3034 RMK SC8 DENSITY ALT -2584FT FST OBS SLP277
CYAW,2022-12-11 15:00,-63.4994,44.6397,CYAW 111500Z 04009KT 15SM OVC019 M03/M07 A3032 RMK SC8 DENSITY ALT -2522FT SLP271
CYAW,2022-12-11 16:00,-63.4994,44.6397,CYAW 111600Z 03015KT 15SM OVC022 M03/M08 A3030 RMK SC8 DENSITY ALT -2501FT SLP265
CYAW,2022-12-11 17:00,-63.4994,44.6397,CYAW 111700Z 35009KT 15SM OVC021 M03/M07 A3028 RMK SC8 DENSITY ALT -2438FT SLP258
CYAW,2022-12-11 17:32,-63.4994,44.6397,CYAW 111732Z 03011KT 15SM -SHSN OVC021 M03/M08 A3026 RMK SC8 DENSITY ALT -2415FT LAST OBS /NEXT 121200 UTC SLP250
CYAW,2022-12-12 12:00,-63.4994,44.6397,CYAW 121200Z 01008KT 4SM -FZDZ BR FEW010 OVC018 M05/M06 A3009 RMK SF1SC7 DENSITY ALT -2513FT PCPN VRY LGT FST OBS SLP193
CYAW,2022-12-12 13:00,-63.4994,44.6397,CYAW 121300Z 01011KT 4SM -FZDZ BR FEW010 OVC022 M05/M06 A3008 RMK SF1SC7 DENSITY ALT -2461FT SLP190
CYAW,2022-12-12 13:13,-63.4994,44.6397,CYAW 121313Z 02008KT 6SM -SHSN BR SCT015 OVC022 M05/M06 A3009 RMK SC3SC5 DENSITY ALT -2473FT SLP191
CYAW,2022-12-12 13:24,-63.4994,44.6397,CYAW 121324Z 01008KT 5SM -FZDZ -SHSN BR FEW012 OVC017 M05/M06 A3008 RMK SC2SC6 DENSITY ALT -2448FT SLP188
CYAW,2022-12-12 14:00,-63.4994,44.6397,CYAW 121400Z 02012KT 12SM -SG FEW012 BKN020 OVC034 M05/M06 A3006 RMK SC1SC5SC2 DENSITY ALT -2400FT SLP182
CYAW,2022-12-12 15:00,-63.4994,44.6397,CYAW 121500Z 03011G17KT 12SM -SG BKN031 OVC038 M04/M07 A3004 RMK SC6SC2 DENSITY ALT -2262FT SLP176
CYAW,2022-12-12 15:31,-63.4994,44.6397,CYAW 121531Z 01009G17KT 12SM -SN OVC028 M04/M07 A3003 RMK SC8 DENSITY ALT -1294FT SLP171
CYAW,2022-12-12 16:00,-63.4994,44.6397,CYAW 121600Z 02012KT 12SM -SN FEW010 OVC030 M04/M07 A3001 RMK SF1SC7 DENSITY ALT -2191FT SLP167
CYAW,2022-12-12 17:00,-63.4994,44.6397,CYAW 121700Z 02010G16KT 12SM -SN DRSN OVC035 M03/M07 A2999 RMK SC8 DENSITY ALT -2099FT SLP160
CYAW,2022-12-12 18:00,-63.4994,44.6397,CYAW 121800Z 01010G17KT 12SM -SN DRSN OVC035 M03/M07 A2998 RMK SC8 DENSITY ALT -2075FT SLP153
CYAW,2022-12-12 19:00,-63.4994,44.6397,CYAW 121900Z 36012G18KT 12SM -SN OVC035 M03/M07 A2997 RMK SC8 DENSITY ALT -2065FT SLP152
CYAW,2022-12-12 20:00,-63.4994,44.6397,CYAW 122000Z 36014G19KT 15SM FEW019 OVC034 M03/M07 A2997 RMK CF1SC7 DENSITY ALT -2102FT SLP152
CYAW,2022-12-12 20:30,-63.4994,44.6397,CYAW 122030Z 01013G19KT 15SM -SN FEW020 OVC035 M04/M07 A2997 RMK CF1SC7 DENSITY ALT -2142FT PCPN VRY LGT SLP151
CYAW,2022-12-12 21:00,-63.4994,44.6397,CYAW 122100Z CCA 01013G20KT 12SM -SN FEW020 OVC035 M04/M07 A2996 RMK CF1SC7 DENSITY ALT -2143FT SLP147
CYAW,2022-12-12 21:42,-63.4994,44.6397,CYAW 122142Z 36015G27KT 15SM FEW025 OVC037 M04/M07 A2995 RMK CF1SC7 DENSITY ALT -2146FT SLP146
CYAW,2022-12-12 22:00,-63.4994,44.6397,CYAW 122200Z 36014G19KT 15SM FEW025 BKN037 OVC060 M04/M08 A2995 RMK CF1SC6SC1 DENSITY ALT -2147FT SLP143
CYAW,2022-12-12 23:00,-63.4994,44.6397,CYAW 122300Z 36018KT 15SM BKN049 OVC180 M04/M08 A2995 RMK SC6AC2 DENSITY ALT -2188FT SLP143
CYAW,2022-12-13 00:00,-63.4994,44.6397,CYAW 130000Z 01015G20KT 15SM BKN023 OVC180 M04/M08 A2994 RMK SC7AC1 DENSITY ALT -2175FT SLP142
CYAW,2022-12-13 01:00,-63.4994,44.6397,CYAW 130100Z 36019G24KT 15SM OVC023 M04/M07 A2994 RMK SC8 DENSITY ALT -2148FT LAST OBS /NEXT 131200 UTC SLP140
CYAW,2022-12-13 12:00,-63.4994,44.6397,CYAW 131200Z 32022G31KT 12SM OVC012 M03/M05 A2977 RMK SC8 DENSITY ALT -1822FT FST OBS SLP084
CYAW,2022-12-13 13:00,-63.4994,44.6397,CYAW 131300Z 32026G33KT 15SM OVC014 M03/M05 A2976 RMK SC8 DENSITY ALT -1852FT SLP081
CYAW,2022-12-13 14:00,-63.4994,44.6397,CYAW 131400Z 32021G37KT 15SM OVC017 M02/M04 A2975 RMK SC8 DENSITY ALT -1734FT SLP078
CYAW,2022-12-13 15:00,-63.4994,44.6397,CYAW 131500Z 32028G34KT 15SM OVC020 M02/M06 A2973 RMK SC8 DENSITY ALT -1690FT SLP070
CYAW,2022-12-13 16:00,-63.4994,44.6397,CYAW 131600Z 33024G40KT 15SM BKN018 BKN027 BKN240 M01/M05 A2971 RMK SC6SC1CI1 DENSITY ALT -1563FT CI TR SLP063
CYAW,2022-12-13 17:00,-63.4994,44.6397,CYAW 131700Z 33026G34KT 15SM BKN022 BKN240 M01/M06 A2968 RMK SC7CI1 DENSITY ALT -1503FT SLP052
CYAW,2022-12-13 18:00,-63.4994,44.6397,CYAW 131800Z 33027G37KT 15SM BKN025 BKN240 M02/M06 A2967 RMK SC5CI2 DENSITY ALT -1533FT CS ASOCTD HALO SLP051
CYAW,2022-12-13 19:00,-63.4994,44.6397,CYAW 131900Z 31030G39KT 15SM SCT025 BKN210 BKN240 M02/M07 A2967 RMK SC4CI1CS2 DENSITY ALT -1534FT SLP049
CYAW,2022-12-13 20:00,-63.4994,44.6397,CYAW 132000Z 32028G39KT 15SM SCT025 BKN210 BKN240 M02/M07 A2968 RMK SC4CI2CS1 DENSITY ALT -1613FT SLP054
CYAW,2022-12-13 21:00,-63.4994,44.6397,CYAW 132100Z 31028G40KT 15SM FEW025 BKN210 BKN240 M02/M08 A2968 RMK SC1CI5CS1 DENSITY ALT -1666FT SLP053
CYAW,2022-12-13 21:48,-63.4994,44.6397,CYAW 132148Z 31022G36KT 15SM FEW025 SCT210 BKN240 M03/M09 A2968 RMK SC1CI3CS3 DENSITY ALT -1734FT LAST OBS /NEXT 141100 UTC SLP054
CYAW,2022-12-14 11:00,-63.4994,44.6397,CYAW 141100Z 25015KT 15SM FEW020 M06/M10 A2957 RMK SC1 DENSITY ALT -1996FT FST OBS SLP015
CYAW,2022-12-14 12:00,-63.4994,44.6397,CYAW 141200Z 25009G15KT 15SM FEW020 M06/M09 A2958 RMK SC1 DENSITY ALT -1981FT SLP021
CYAW,2022-12-14 13:00,-63.4994,44.6397,CYAW 141300Z 21008KT 15SM FEW020 M05/M09 A2962 RMK SC1 DENSITY ALT -1909FT SLP034
CYAW,2022-12-14 14:00,-63.4994,44.6397,CYAW 141400Z 20011KT 15SM BKN023 M04/M08 A2965 RMK SC5 DENSITY ALT -1800FT SLP043
CYAW,2022-12-14 15:00,-63.4994,44.6397,CYAW 141500Z 18009G17KT 15SM BKN023 M03/M08 A2968 RMK SC6 DENSITY ALT -1771FT SLP053
CYAW,2022-12-14 16:00,-63.4994,44.6397,CYAW 141600Z 19007KT 15SM BKN025 M01/M08 A2968 RMK SC6 DENSITY ALT -1538FT SLP054
CYAW,2022-12-14 17:00,-63.4994,44.6397,CYAW 141700Z 17009KT 15SM SCT025 BKN220 M01/M08 A2971 RMK SC3CI2 DENSITY ALT -1486FT SLP063
CYAW,2022-12-14 18:00,-63.4994,44.6397,CYAW 141800Z 08006KT 15SM FEW025 SCT150 SCT210 M00/M08 A2974 RMK SC1AS2CI1 DENSITY ALT -1467FT SLP072
CYAW,2022-12-14 19:00,-63.4994,44.6397,CYAW 141900Z 07005KT 15SM FEW025 SCT150 SCT210 M00/M08 A2978 RMK CF1AS3CI1 DENSITY ALT -1527FT CF TR SLP088
CYAW,2022-12-14 20:00,-63.4994,44.6397,CYAW 142000Z CCA 05005KT 15SM FEW025 SCT150 BKN210 M01/M07 A2983 RMK CF1AS4CI1 DENSITY ALT -1622FT CF TR SLP104
CYAW,2022-12-14 21:00,-63.4994,44.6397,CYAW 142100Z 02003KT 15SM FEW025 SCT100 BKN150 BKN210 M01/M07 A2987 RMK CF1AS3AS2CI1 DENSITY ALT -1745FT CF TR SLP118
CYAW,2022-12-14 21:31,-63.4994,44.6397,CYAW 142131Z 35006KT 15SM FEW025 SCT100 BKN150 BKN210 M02/M08 A2987 RMK CF1AS3AS2CI1 DENSITY ALT -1822FT LAST OBS /NEXT 151000 UTC CF TR SLP116
CYAW,2022-12-15 10:00,-63.4994,44.6397,CYAW 151000Z 36015G24KT 12SM BKN015 BKN020 03/02 A2997 RMK SC5SC2 DENSITY ALT -1305FT FST OBS SLP152
CYAW,2022-12-15 11:00,-63.4994,44.6397,CYAW 151100Z 36014G19KT 15SM BKN015 OVC021 03/02 A3000 RMK SC6SC2 DENSITY ALT -1314FT SLP162
CYAW,2022-12-15 11:12,-63.4994,44.6397,CYAW 151112Z 36015G20KT 9SM -DZ BKN010 BKN013 OVC022 03/02 A3001 RMK SF5SC2SC1 DENSITY ALT -1336FT SLP166
CYAW,2022-12-15 12:00,-63.4994,44.6397,CYAW 151200Z 36014G21KT 15SM BKN010 BKN014 BKN024 03/02 A3002 RMK SF5SC1SC1 DENSITY ALT -1310FT SLP169
CYAW,2022-12-15 13:00,-63.4994,44.6397,CYAW 151300Z 36014G22KT 12SM -DZ BKN012 OVC017 04/02 A3006 RMK SF6SC2 DENSITY ALT -1280FT PCPN VRY LGT SLP180
CYAW,2022-12-15 13:23,-63.4994,44.6397,CYAW 151323Z 36019G26KT 15SM BKN012 BKN017 04/02 A3006 RMK SF5SC2 DENSITY ALT -1255FT SLP182
CYAW,2022-12-15 14:00,-63.4994,44.6397,CYAW 151400Z 36020G28KT 15SM BKN012 OVC016 04/02 A3008 RMK SF6SC2 DENSITY ALT -1219FT SLP188
CYAW,2022-12-15 14:46,-63.4994,44.6397,CYAW 151446Z 01014G25KT 12SM -DZ OVC020 04/02 A3010 RMK SC8 DENSITY ALT -1228FT SLP194
CYAW,2022-12-15 15:00,-63.4994,44.6397,CYAW 151500Z 01014G25KT 12SM -DZ BKN012 OVC020 04/02 A3010 RMK SF5SC3 DENSITY ALT -1240FT SLP196
CYAW,2022-12-15 16:00,-63.4994,44.6397,CYAW 151600Z 36018G28KT 12SM -DZ BKN013 OVC020 04/02 A3009 RMK SF5SC3 DENSITY ALT -1242FT SLP193
CYAW,2022-12-15 16:52,-63.4994,44.6397,CYAW 151652Z 01018G28KT 12SM SCT012 OVC020 04/02 A3009 RMK SF4SC4 DENSITY ALT -1244FT SLP191
CYAW,2022-12-15 17:00,-63.4994,44.6397,CYAW 151700Z 36016G24KT 12SM BKN012 OVC018 04/02 A3009 RMK SF5SC3 DENSITY ALT -1232FT SLP193
CYAW,2022-12-15 18:00,-63.4994,44.6397,CYAW 151800Z 01016G26KT 12SM SCT012 OVC018 04/01 A3011 RMK SF4SC4 DENSITY ALT -1284FT SLP198
CYAW,2022-12-15 19:00,-63.4994,44.6397,CYAW 151900Z 01018G26KT 12SM OVC017 03/01 A3012 RMK SC8 DENSITY ALT -1385FT SLP203
CYAW,2022-12-15 20:00,-63.4994,44.6397,CYAW 152000Z 36020G29KT 15SM OVC017 03/00 A3014 RMK SC8 DENSITY ALT -1460FT SLP207
CYAW,2022-12-15 20:21,-63.4994,44.6397,CYAW 152021Z 01018G27KT 15SM OVC017 03/00 A3015 RMK SC8 DENSITY ALT -1510FT LAST OBS /NEXT 191100 UTC SLP211
CYAW,2022-12-19 11:00,-63.4994,44.6397,CYAW 191100Z 30011KT 8SM OVC007 01/01 A2954 RMK ST8 DENSITY ALT -1052FT FST OBS SLP005
CYAW,2022-12-19 12:00,-63.4994,44.6397,CYAW 191200Z 29010KT 12SM OVC007 01/01 A2954 RMK ST8 DENSITY ALT -987FT SLP006
CYAW,2022-12-19 13:00,-63.4994,44.6397,CYAW 191300Z 29010KT 12SM BKN007 OVC012 02/01 A2955 RMK ST6SC2 DENSITY ALT -947FT SLP007
CYAW,2022-12-19 14:00,-63.4994,44.6397,CYAW 191400Z 29012KT 12SM OVC010 02/01 A2955 RMK SC8 DENSITY ALT -896FT SLP007
CYAW,2022-12-19 14:44,-63.4994,44.6397,CYAW 191444Z 29013KT 12SM -SHRA OVC012 02/01 A2955 RMK SC8 DENSITY ALT -859FT PCPN VRY LGT SLP008
CYAW,2022-12-19 15:00,-63.4994,44.6397,CYAW 191500Z CCA 28011G17KT 12SM -SHRA BKN012 OVC017 02/01 A2954 RMK SC6SC2 DENSITY ALT -846FT SLP006
CYAW,2022-12-19 15:28,-63.4994,44.6397,CYAW 191528Z 30011G18KT 10SM -SHRASN BKN009 OVC014 02/02 A2954 RMK SF6SC2 DENSITY ALT -857FT SLP004
CYAW,2022-12-19 16:00,-63.4994,44.6397,CYAW 191600Z 29013G18KT 10SM -RASN BKN009 OVC014 02/02 A2952 RMK SF6SC2 DENSITY ALT -847FT SLP000
CYAW,2022-12-19 16:41,-63.4994,44.6397,CYAW 191641Z 29011G16KT 10SM -RA SCT009 OVC014 02/02 A2952 RMK SF4SC4 DENSITY ALT -808FT SLP998
CYAW,2022-12-19 17:00,-63.4994,44.6397,CYAW 191700Z 29014G20KT 10SM -RA SCT009 OVC015 03/02 A2951 RMK SF4SC4 DENSITY ALT -772FT SLP995
CYAW,2022-12-19 18:00,-63.4994,44.6397,CYAW 191800Z 30014G19KT 10SM -RA SCT009 OVC014 02/01 A2951 RMK SF3SC5 DENSITY ALT -798FT PCPN VRY LGT SLP994
CYAW,2022-12-19 19:00,-63.4994,44.6397,CYAW 191900Z 30015KT 10SM -RA BKN014 OVC025 02/02 A2951 RMK SC5SC3 DENSITY ALT -809FT SLP996
CYAW,2022-12-19 20:00,-63.4994,44.6397,CYAW 192000Z 30012KT 12SM -RA BKN012 OVC022 02/01 A2952 RMK SC6SC2 DENSITY ALT -860FT LAST OBS/NXT 201100 UTC SLP999
CYAW,2022-12-20 11:00,-63.4994,44.6397,CYAW 201100Z 33017G25KT 8SM OVC009 02/02 A2970 RMK ST8 DENSITY ALT -1016FT FST OBS SLP059
CYAW,2022-12-20 12:00,-63.4994,44.6397,CYAW 201200Z 33015KT 10SM -DZ OVC010 02/02 A2974 RMK ST8 DENSITY ALT -1074FT PCPN VRY LGT SLP073
CYAW,2022-12-20 13:00,-63.4994,44.6397,CYAW 201300Z 33018G25KT 12SM -DZ BKN010 OVC020 02/02 A2978 RMK ST6SC2 DENSITY ALT -1161FT PCPN VRY LGT SLP085
CYAW,2022-12-20 14:00,-63.4994,44.6397,CYAW 201400Z 33018G24KT 15SM -DZ OVC015 03/02 A2981 RMK SC8 DENSITY ALT -1091FT PCPN VRY LGT SLP097
CYAW,2022-12-20 14:22,-63.4994,44.6397,CYAW 201422Z 34015G25KT 15SM OVC015 03/03 A2982 RMK SC8 DENSITY ALT -1051FT SLP100
CYAW,2022-12-20 15:00,-63.4994,44.6397,CYAW 201500Z 34018G26KT 15SM BKN015 BKN022 04/02 A2983 RMK SC5SC2 DENSITY ALT -1001FT SLP103
CYAW,2022-12-20 16:00,-63.4994,44.6397,CYAW 201600Z 34020G27KT 15SM BKN015 04/03 A2984 RMK SC7 DENSITY ALT -937FT SLP107
CYAW,2022-12-20 17:00,-63.4994,44.6397,CYAW 201700Z 36013G22KT 15SM OVC014 04/02 A2987 RMK SC8 DENSITY ALT -1025FT SLP115
CYAW,2022-12-20 17:21,-63.4994,44.6397,CYAW 201721Z 36017G25KT 15SM -SHRA OVC014 04/02 A2987 RMK SC8 DENSITY ALT -1051FT SLP117
CYAW,2022-12-20 18:00,-63.4994,44.6397,CYAW 201800Z 35011G21KT 15SM -SHRA BKN014 OVC020 04/02 A2990 RMK SC6SC2 DENSITY ALT -1058FT SLP127
CYAW,2022-12-20 18:45,-63.4994,44.6397,CYAW 201845Z 34017KT 15SM SCT014 OVC022 04/02 A2992 RMK SC4SC4 DENSITY ALT -1058FT SLP134
CYAW,2022-12-20 19:00,-63.4994,44.6397,CYAW 201900Z 35013G18KT 15SM OVC019 04/02 A2993 RMK SC8 DENSITY ALT -1058FT SLP138
CYAW,2022-12-20 20:00,-63.4994,44.6397,CYAW 202000Z 33016G21KT 15SM BKN017 04/02 A2997 RMK SC7 DENSITY ALT -1152FT LAST OBS/NXT 211100 UTC SLP149
CYAW,2022-12-21 11:00,-63.4994,44.6397,CYAW 211100Z 36006KT 8SM BKN009 OVC030 02/01 A3028 RMK ST5SC3 DENSITY ALT -1792FT FST OBS SLP257
CYAW,2022-12-21 12:00,-63.4994,44.6397,CYAW 211200Z 35006KT 10SM BKN020 BKN040 01/01 A3030 RMK SC5SC2 DENSITY ALT -1854FT SLP264
CYAW,2022-12-21 12:09,-63.4994,44.6397,CYAW 211209Z 01005KT 10SM -SHRA BKN020 BKN040 01/01 A3031 RMK SC5SC2 DENSITY ALT -1866FT SLP265
CYAW,2022-12-21 13:00,-63.4994,44.6397,CYAW 211300Z 36003KT 12SM -SHRA SCT020 BKN040 02/01 A3033 RMK SC4SC3 DENSITY ALT -1837FT PCPN VRY LGT SLP273
CYAW,2022-12-21 13:18,-63.4994,44.6397,CYAW 211318Z 36004KT 12SM FEW009 BKN028 OVC036 02/01 A3034 RMK SF2SC4SC2 DENSITY ALT -1837FT VIRGA SLP275
CYAW,2022-12-21 14:00,-63.4994,44.6397,CYAW 211400Z 35005KT 12SM FEW010 BKN024 OVC036 02/01 A3036 RMK SF2SC4SC2 DENSITY ALT -1811FT SLP282
CYAW,2022-12-21 15:00,-63.4994,44.6397,CYAW 211500Z 01003KT 15SM BKN019 BKN036 03/01 A3037 RMK SC5SC2 DENSITY ALT -1723FT SLP285
CYAW,2022-12-21 16:00,-63.4994,44.6397,CYAW 211600Z 03003KT 15SM SCT025 BKN050 03/M00 A3035 RMK SC4SC3 DENSITY ALT -1704FT SLP278
CYAW,2022-12-21 17:00,-63.4994,44.6397,CYAW 211700Z 00000KT 15SM BKN023 OVC050 03/M01 A3034 RMK SC6SC2 DENSITY ALT -1670FT SLP277
CYAW,2022-12-21 18:00,-63.4994,44.6397,CYAW 211800Z 00000KT 15SM OVC023 03/M00 A3035 RMK SC8 DENSITY ALT -1693FT SLP279
CYAW,2022-12-21 19:00,-63.4994,44.6397,CYAW 211900Z 36005KT 15SM OVC032 03/M00 A3035 RMK SC8 DENSITY ALT -1730FT LAST OBS/NXT 051000 UTC SLP281
