ts_utc,family,bucket,regime,season,station,nearest_clear,box3_mean_bcm,box5_mean_bcm,pix_km
2021-04-01T00:47:00+00:00,west,noaa-goes17,DAY,SPRING,CYEG,1,0.0000,0.0000,1.30
2023-01-31T07:14:00+00:00,west,noaa-goes18,NIGHT,WINTER,CYEG,0,1.0000,1.0000,1.30
2021-07-25T23:06:00+00:00,west,noaa-goes17,DAY,SUMMER,CYEG,0,1.0000,1.0000,1.30
2020-12-22T18:27:00+00:00,west,noaa-goes17,DAY,WINTER,CYEG,1,0.6667,0.8000,1.30
2020-05-10T00:05:00+00:00,west,noaa-goes17,DAY,SPRING,CYEG,0,1.0000,0.9200,1.30
2022-06-14T07:32:00+00:00,west,noaa-goes17,NIGHT,SUMMER,CYEG,0,1.0000,1.0000,1.30
2020-04-18T17:12:00+00:00,west,noaa-goes17,DAY,SPRING,CYEG,0,1.0000,1.0000,1.30
2024-09-14T07:28:00+00:00,west,noaa-goes18,NIGHT,AUTUMN,CYEG,0,1.0000,1.0000,1.30
2021-10-15T22:27:00+00:00,west,noaa-goes17,DAY,AUTUMN,CYEG,0,1.0000,1.0000,1.30
2023-10-25T08:09:00+00:00,west,noaa-goes18,NIGHT,AUTUMN,CYEG,1,0.0000,0.0000,1.30
2021-01-14T12:06:00+00:00,west,noaa-goes17,NIGHT,WINTER,CYEG,1,0.3333,0.4000,1.30
2024-01-10T11:38:00+00:00,west,noaa-goes18,NIGHT,WINTER,CYEG,0,1.0000,0.9600,1.30
2022-12-19T01:46:00+00:00,west,noaa-goes17,NIGHT,WINTER,CYEG,0,0.8889,0.8800,1.30
2025-02-24T17:07:00+00:00,west,noaa-goes18,DAY,WINTER,CYEG,0,0.8889,0.9200,1.30
2023-04-15T20:39:00+00:00,west,noaa-goes18,DAY,SPRING,CYEG,1,0.0000,0.0800,1.30
2024-01-21T18:12:00+00:00,west,noaa-goes18,DAY,WINTER,CYEG,0,1.0000,1.0000,1.30
2022-07-22T09:05:00+00:00,west,noaa-goes17,NIGHT,SUMMER,CYEG,0,1.0000,1.0000,1.30
2024-02-03T05:23:00+00:00,west,noaa-goes18,NIGHT,WINTER,CYEG,1,0.0000,0.1200,1.30
2023-12-26T06:42:00+00:00,west,noaa-goes18,NIGHT,WINTER,CYEG,1,0.0000,0.0000,1.30
2020-10-19T19:40:00+00:00,west,noaa-goes17,DAY,AUTUMN,CYEG,0,1.0000,1.0000,1.30
2021-12-01T17:46:00+00:00,west,noaa-goes17,DAY,WINTER,CYEG,0,1.0000,1.0000,1.30
2022-09-29T05:29:00+00:00,west,noaa-goes17,NIGHT,AUTUMN,CYEG,0,1.0000,1.0000,1.30
2024-04-03T08:59:00+00:00,west,noaa-goes18,NIGHT,SPRING,CYEG,0,1.0000,1.0000,1.30
2022-06-18T21:20:00+00:00,west,noaa-goes17,DAY,SUMMER,CYEG,1,0.1111,0.1600,1.30
2023-01-01T02:13:00+00:00,west,noaa-goes17,NIGHT,WINTER,CYEG,0,1.0000,1.0000,1.30
2023-07-12T06:41:00+00:00,west,noaa-goes18,NIGHT,SUMMER,CYEG,0,1.0000,0.8800,1.30
2025-08-06T12:56:00+00:00,west,noaa-goes18,DAY,SUMMER,CYEG,1,0.4444,0.5600,1.30
2021-07-25T07:47:00+00:00,west,noaa-goes17,NIGHT,SUMMER,CYEG,0,1.0000,1.0000,1.30
2024-10-20T18:25:00+00:00,west,noaa-goes18,DAY,AUTUMN,CYEG,0,1.0000,1.0000,1.30
2024-01-22T07:08:00+00:00,west,noaa-goes18,NIGHT,WINTER,CYEG,0,0.6667,0.6000,1.30
2025-09-18T15:05:00+00:00,west,noaa-goes18,DAY,AUTUMN,CYEG,1,0.0000,0.0000,1.30
2021-10-17T21:27:00+00:00,west,noaa-goes17,DAY,AUTUMN,CYEG,0,1.0000,1.0000,1.30
2025-04-01T16:16:00+00:00,west,noaa-goes18,DAY,SPRING,CYEG,0,1.0000,1.0000,1.30
2020-02-17T21:46:00+00:00,west,noaa-goes17,DAY,WINTER,CYEG,0,1.0000,1.0000,1.30
2021-04-14T21:56:00+00:00,west,noaa-goes17,DAY,SPRING,CYEG,1,0.2222,0.3600,1.30
2022-12-28T20:21:00+00:00,west,noaa-goes17,DAY,WINTER,CYEG,1,0.1111,0.2800,1.30
2021-04-01T09:27:00+00:00,west,noaa-goes17,NIGHT,SPRING,CYEG,0,1.0000,1.0000,1.30
2022-12-14T16:48:00+00:00,west,noaa-goes17,DAY,WINTER,CYEG,1,0.0000,0.0400,1.30
2022-01-01T16:58:00+00:00,west,noaa-goes17,DAY,WINTER,CYEG,0,0.8889,0.9600,1.30
2021-03-11T20:19:00+00:00,west,noaa-goes17,DAY,SPRING,CYEG,0,1.0000,1.0000,1.30
2025-09-10T19:12:00+00:00,west,noaa-goes18,DAY,AUTUMN,CYEG,1,0.0000,0.0400,1.30
2021-09-18T11:48:00+00:00,west,noaa-goes17,NIGHT,AUTUMN,CYEG,0,1.0000,1.0000,1.30
2021-10-23T17:49:00+00:00,west,noaa-goes17,DAY,AUTUMN,CYEG,0,1.0000,1.0000,1.30
2023-08-20T15:01:00+00:00,west,noaa-goes18,DAY,SUMMER,CYEG,1,0.0000,0.0000,1.30
2023-06-13T07:03:00+00:00,west,noaa-goes18,NIGHT,SUMMER,CYEG,1,0.3333,0.3600,1.30
2020-10-10T17:49:00+00:00,west,noaa-goes17,DAY,AUTUMN,CYEG,0,1.0000,1.0000,1.30
2025-04-30T17:10:00+00:00,west,noaa-goes18,DAY,SPRING,CYEG,0,1.0000,1.0000,1.30
2022-12-21T16:55:00+00:00,west,noaa-goes17,DAY,WINTER,CYEG,0,0.8889,0.8800,1.30
2024-09-29T06:59:00+00:00,west,noaa-goes18,NIGHT,AUTUMN,CYEG,0,1.0000,1.0000,1.30
2022-04-03T22:19:00+00:00,west,noaa-goes17,DAY,SPRING,CYEG,0,0.8889,0.8000,1.30
2024-06-22T21:41:00+00:00,west,noaa-goes18,DAY,SUMMER,CYEG,0,0.8889,0.6800,1.30
2024-03-09T14:57:00+00:00,west,noaa-goes18,DAY,SPRING,CYEG,0,1.0000,1.0000,1.30
2022-10-12T07:04:00+00:00,west,noaa-goes17,NIGHT,AUTUMN,CYEG,0,0.6667,0.5600,1.30
2022-07-31T18:14:00+00:00,west,noaa-goes17,DAY,SUMMER,CYEG,0,1.0000,1.0000,1.30
2020-01-30T02:45:00+00:00,west,noaa-goes17,NIGHT,WINTER,CYEG,0,1.0000,1.0000,1.30
2020-05-08T10:04:00+00:00,west,noaa-goes17,NIGHT,SPRING,CYEG,0,1.0000,1.0000,1.30
2025-10-06T07:17:00+00:00,west,noaa-goes18,NIGHT,AUTUMN,CYEG,0,1.0000,1.0000,1.30
2025-06-11T06:34:00+00:00,west,noaa-goes18,NIGHT,SUMMER,CYEG,0,1.0000,1.0000,1.30
2021-06-25T23:59:00+00:00,west,noaa-goes17,DAY,SUMMER,CYEG,1,0.2222,0.0800,1.30
2025-04-20T07:50:00+00:00,west,noaa-goes18,NIGHT,SPRING,CYEG,0,0.8889,0.9600,1.30
2025-04-21T13:12:00+00:00,west,noaa-goes18,DAY,SPRING,CYEG,0,1.0000,1.0000,1.30
2021-01-21T03:42:00+00:00,west,noaa-goes17,NIGHT,WINTER,CYEG,0,1.0000,1.0000,1.30
2024-10-31T11:27:00+00:00,west,noaa-goes18,NIGHT,AUTUMN,CYEG,0,1.0000,1.0000,1.30
2024-08-10T14:55:00+00:00,west,noaa-goes18,DAY,SUMMER,CYEG,1,0.0000,0.0000,1.30
2020-08-09T21:41:00+00:00,west,noaa-goes17,DAY,SUMMER,CYEG,1,0.4444,0.6000,1.30
2023-10-21T03:15:00+00:00,west,noaa-goes18,NIGHT,AUTUMN,CYEG,0,0.6667,0.5600,1.30
2025-01-11T04:27:00+00:00,west,noaa-goes18,NIGHT,WINTER,CYEG,0,1.0000,1.0000,1.30
2022-01-21T08:29:00+00:00,west,noaa-goes17,NIGHT,WINTER,CYEG,0,1.0000,1.0000,1.30
2022-10-20T02:28:00+00:00,west,noaa-goes17,NIGHT,AUTUMN,CYEG,0,1.0000,1.0000,1.30
2020-03-01T02:59:00+00:00,west,noaa-goes17,NIGHT,SPRING,CYEG,0,1.0000,1.0000,1.30
2022-08-26T05:26:00+00:00,west,noaa-goes17,NIGHT,SUMMER,CYEG,1,0.0000,0.0000,1.30
2025-06-12T15:13:00+00:00,west,noaa-goes18,DAY,SUMMER,CYEG,0,1.0000,1.0000,1.30
2024-04-01T00:24:00+00:00,west,noaa-goes18,DAY,SPRING,CYEG,0,0.8889,0.8800,1.30
2022-12-22T14:18:00+00:00,west,noaa-goes17,NIGHT,WINTER,CYEG,1,0.1111,0.1200,1.30
2024-09-28T22:46:00+00:00,west,noaa-goes18,DAY,AUTUMN,CYEG,0,1.0000,1.0000,1.30
2023-04-30T06:03:00+00:00,west,noaa-goes18,NIGHT,SPRING,CYEG,1,0.0000,0.0000,1.30
2020-09-06T23:20:00+00:00,west,noaa-goes17,DAY,AUTUMN,CYEG,0,1.0000,1.0000,1.30
2020-08-22T01:37:00+00:00,west,noaa-goes17,DAY,SUMMER,CYEG,1,0.1111,0.2000,1.30
2025-05-06T16:58:00+00:00,west,noaa-goes18,DAY,SPRING,CYEG,1,0.0000,0.0000,1.30
2025-12-15T05:03:00+00:00,west,noaa-goes18,NIGHT,WINTER,CYEG,0,1.0000,0.9600,1.30
2022-01-31T02:38:00+00:00,west,noaa-goes17,NIGHT,WINTER,CYEG,0,1.0000,1.0000,1.30
2020-10-05T21:55:00+00:00,west,noaa-goes17,DAY,AUTUMN,CYEG,0,1.0000,1.0000,1.30
2022-10-05T18:38:00+00:00,west,noaa-goes17,DAY,AUTUMN,CYEG,0,1.0000,1.0000,1.30
2020-06-11T19:05:00+00:00,west,noaa-goes17,DAY,SUMMER,CYEG,0,0.3333,0.3600,1.30
2024-09-13T21:37:00+00:00,west,noaa-goes18,DAY,AUTUMN,CYEG,0,0.7778,0.6400,1.30
2022-12-04T06:42:00+00:00,west,noaa-goes17,NIGHT,WINTER,CYEG,1,0.0000,0.0800,1.30
2023-07-10T07:16:00+00:00,west,noaa-goes18,NIGHT,SUMMER,CYEG,0,0.8889,0.8000,1.30
2023-05-13T14:20:00+00:00,west,noaa-goes18,DAY,SPRING,CYEG,1,0.0000,0.0000,1.30
2021-02-13T02:34:00+00:00,west,noaa-goes17,NIGHT,WINTER,CYEG,1,0.0000,0.0000,1.30
2022-05-23T16:16:00+00:00,west,noaa-goes17,DAY,SPRING,CYEG,1,0.0000,0.0000,1.30
2020-10-08T07:23:00+00:00,west,noaa-goes17,NIGHT,AUTUMN,CYEG,0,1.0000,1.0000,1.30
2023-03-13T05:28:00+00:00,west,noaa-goes18,NIGHT,SPRING,CYEG,1,0.0000,0.0000,1.30
2023-05-24T19:51:00+00:00,west,noaa-goes18,DAY,SPRING,CYEG,1,0.0000,0.0000,1.30
2023-05-11T21:06:00+00:00,west,noaa-goes18,DAY,SPRING,CYEG,0,1.0000,1.0000,1.30
2021-07-04T08:07:00+00:00,west,noaa-goes17,NIGHT,SUMMER,CYEG,0,1.0000,1.0000,1.30
2021-03-14T23:35:00+00:00,west,noaa-goes17,DAY,SPRING,CYEG,0,1.0000,1.0000,1.30
2021-09-28T08:18:00+00:00,west,noaa-goes17,NIGHT,AUTUMN,CYEG,0,0.5556,0.6000,1.30
2022-05-12T22:21:00+00:00,west,noaa-goes17,DAY,SPRING,CYEG,0,0.5556,0.5600,1.30
2022-04-13T21:40:00+00:00,west,noaa-goes17,DAY,SPRING,CYEG,0,1.0000,1.0000,1.30
2024-09-30T08:02:00+00:00,west,noaa-goes18,NIGHT,AUTUMN,CYEG,1,0.0000,0.0400,1.30
2020-01-15T10:49:00+00:00,west,noaa-goes17,NIGHT,WINTER,CYEG,1,0.0000,0.0000,1.30
2021-06-19T20:16:00+00:00,west,noaa-goes17,DAY,SUMMER,CYEG,0,1.0000,1.0000,1.30
2021-10-23T23:28:00+00:00,west,noaa-goes17,DAY,AUTUMN,CYEG,0,1.0000,1.0000,1.30
2024-10-17T17:00:00+00:00,west,noaa-goes18,DAY,AUTUMN,CYEG,1,0.0000,0.0000,1.30
2021-09-02T17:02:00+00:00,west,noaa-goes17,DAY,AUTUMN,CYEG,0,1.0000,1.0000,1.30
2024-02-21T18:35:00+00:00,west,noaa-goes18,DAY,WINTER,CYEG,0,1.0000,1.0000,1.30
2022-10-19T21:06:00+00:00,west,noaa-goes17,DAY,AUTUMN,CYEG,0,1.0000,1.0000,1.30
2023-12-19T17:56:00+00:00,west,noaa-goes18,DAY,WINTER,CYEG,0,1.0000,1.0000,1.30
2024-07-22T19:47:00+00:00,west,noaa-goes18,DAY,SUMMER,CYEG,1,0.0000,0.0000,1.30
2021-09-25T07:55:00+00:00,west,noaa-goes17,NIGHT,AUTUMN,CYEG,0,1.0000,1.0000,1.30
2021-10-27T05:56:00+00:00,west,noaa-goes17,NIGHT,AUTUMN,CYEG,1,0.0000,0.0000,1.30
2024-08-15T00:11:00+00:00,west,noaa-goes18,DAY,SUMMER,CYEG,1,0.0000,0.0000,1.30
2022-10-13T08:10:00+00:00,west,noaa-goes17,NIGHT,AUTUMN,CYEG,1,0.0000,0.0000,1.30
2020-06-07T15:14:00+00:00,west,noaa-goes17,DAY,SUMMER,CYEG,0,1.0000,1.0000,1.30
2022-03-28T14:22:00+00:00,west,noaa-goes17,DAY,SPRING,CYEG,0,1.0000,1.0000,1.30
2023-06-04T07:14:00+00:00,west,noaa-goes18,NIGHT,SUMMER,CYEG,0,1.0000,1.0000,1.30
2020-10-11T08:22:00+00:00,west,noaa-goes17,NIGHT,AUTUMN,CYEG,0,1.0000,1.0000,1.30
2023-09-18T00:07:00+00:00,west,noaa-goes18,DAY,AUTUMN,CYEG,1,0.0000,0.0000,1.30
2022-12-05T05:37:00+00:00,west,noaa-goes17,NIGHT,WINTER,CYEG,0,0.8889,0.9600,1.30
2022-12-23T01:06:00+00:00,west,noaa-goes17,NIGHT,WINTER,CYEG,1,0.0000,0.0400,1.30
2024-11-14T11:46:00+00:00,west,noaa-goes18,NIGHT,AUTUMN,CYEG,0,1.0000,1.0000,1.30
2023-07-08T13:38:00+00:00,west,noaa-goes18,DAY,SUMMER,CYEG,1,0.0000,0.0000,1.30
2025-09-25T03:24:00+00:00,west,noaa-goes18,NIGHT,AUTUMN,CYEG,1,0.0000,0.0400,1.30
2022-03-18T11:27:00+00:00,west,noaa-goes17,NIGHT,SPRING,CYEG,1,0.0000,0.0000,1.30
2020-10-13T21:58:00+00:00,west,noaa-goes17,DAY,AUTUMN,CYEG,0,1.0000,1.0000,1.30
2023-09-14T19:20:00+00:00,west,noaa-goes18,DAY,AUTUMN,CYEG,1,0.0000,0.0000,1.30
2021-05-25T23:57:00+00:00,west,noaa-goes17,DAY,SPRING,CYEG,0,1.0000,1.0000,1.30
2023-05-15T16:19:00+00:00,west,noaa-goes18,DAY,SPRING,CYEG,1,0.0000,0.0000,1.30
2023-04-26T17:08:00+00:00,west,noaa-goes18,DAY,SPRING,CYEG,1,0.0000,0.0400,1.30
2024-04-01T21:47:00+00:00,west,noaa-goes18,DAY,SPRING,CYEG,1,0.0000,0.0000,1.30
2021-12-13T19:36:00+00:00,west,noaa-goes17,DAY,WINTER,CYEG,1,0.3333,0.3600,1.30
2023-05-17T12:35:00+00:00,west,noaa-goes18,DAY,SPRING,CYEG,1,0.0000,0.0000,1.30
2020-01-02T09:18:00+00:00,west,noaa-goes17,NIGHT,WINTER,CYEG,0,1.0000,1.0000,1.30
2022-05-10T13:50:00+00:00,west,noaa-goes17,DAY,SPRING,CYEG,0,1.0000,1.0000,1.30
2023-08-12T14:28:00+00:00,west,noaa-goes18,DAY,SUMMER,CYEG,0,1.0000,1.0000,1.30
2024-12-16T21:13:00+00:00,west,noaa-goes18,DAY,WINTER,CYEG,1,0.0000,0.0000,1.30
2025-09-24T15:50:00+00:00,west,noaa-goes18,DAY,AUTUMN,CYEG,0,1.0000,1.0000,1.30
2021-11-26T21:05:00+00:00,west,noaa-goes17,DAY,AUTUMN,CYEG,0,1.0000,1.0000,1.30
2023-03-08T16:42:00+00:00,west,noaa-goes18,DAY,SPRING,CYEG,0,1.0000,1.0000,1.30
2023-10-04T02:52:00+00:00,west,noaa-goes18,NIGHT,AUTUMN,CYEG,0,1.0000,1.0000,1.30
2022-08-20T21:19:00+00:00,west,noaa-goes17,DAY,SUMMER,CYEG,0,1.0000,1.0000,1.30
2020-04-10T01:15:00+00:00,west,noaa-goes17,DAY,SPRING,CYEG,0,1.0000,1.0000,1.30
2025-04-30T19:54:00+00:00,west,noaa-goes18,DAY,SPRING,CYEG,0,1.0000,1.0000,1.30
2022-03-07T22:44:00+00:00,west,noaa-goes17,DAY,SPRING,CYEG,1,0.0000,0.1600,1.30
2024-04-21T15:25:00+00:00,west,noaa-goes18,DAY,SPRING,CYEG,0,1.0000,1.0000,1.30
2022-09-26T04:41:00+00:00,west,noaa-goes17,NIGHT,AUTUMN,CYEG,0,1.0000,1.0000,1.30
2020-01-23T03:49:00+00:00,west,noaa-goes17,NIGHT,WINTER,CYEG,0,1.0000,1.0000,1.30
2024-10-07T07:11:00+00:00,west,noaa-goes18,NIGHT,AUTUMN,CYEG,1,0.0000,0.0000,1.30
2022-10-17T03:29:00+00:00,west,noaa-goes17,NIGHT,AUTUMN,CYEG,1,0.0000,0.0800,1.30
2021-06-30T14:42:00+00:00,west,noaa-goes17,DAY,SUMMER,CYEG,1,0.0000,0.0000,1.30
2025-12-15T17:38:00+00:00,west,noaa-goes18,DAY,WINTER,CYEG,0,1.0000,1.0000,1.30
2023-07-23T14:39:00+00:00,west,noaa-goes18,DAY,SUMMER,CYEG,1,0.0000,0.0000,1.30
2025-08-29T13:53:00+00:00,west,noaa-goes18,DAY,SUMMER,CYEG,1,0.0000,0.0000,1.30
2024-12-31T05:47:00+00:00,west,noaa-goes18,NIGHT,WINTER,CYEG,0,1.0000,1.0000,1.30
2025-04-28T14:16:00+00:00,west,noaa-goes18,DAY,SPRING,CYEG,1,0.0000,0.0000,1.30
2022-10-09T20:17:00+00:00,west,noaa-goes17,DAY,AUTUMN,CYEG,0,1.0000,1.0000,1.30
2025-11-05T15:40:00+00:00,west,noaa-goes18,DAY,AUTUMN,CYEG,0,1.0000,1.0000,1.30
2022-09-06T08:28:00+00:00,west,noaa-goes17,NIGHT,AUTUMN,CYEG,1,0.0000,0.0000,1.30
2020-11-13T22:18:00+00:00,west,noaa-goes17,DAY,AUTUMN,CYEG,0,1.0000,1.0000,1.30
2023-08-02T17:05:00+00:00,west,noaa-goes18,DAY,SUMMER,CYEG,1,0.0000,0.0000,1.30
2024-04-17T22:09:00+00:00,west,noaa-goes18,DAY,SPRING,CYEG,1,0.0000,0.0000,1.30
2022-05-26T02:26:00+00:00,west,noaa-goes17,DAY,SPRING,CYEG,1,0.4444,0.5600,1.30
2022-04-27T13:24:00+00:00,west,noaa-goes17,DAY,SPRING,CYEG,0,1.0000,1.0000,1.30
2020-03-21T18:24:00+00:00,west,noaa-goes17,DAY,SPRING,CYEG,0,0.5556,0.6800,1.30
2025-05-07T00:22:00+00:00,west,noaa-goes18,DAY,SPRING,CYEG,1,0.0000,0.0000,1.30
2023-05-08T12:54:00+00:00,west,noaa-goes18,DAY,SPRING,CYEG,0,1.0000,1.0000,1.30
2024-09-12T17:47:00+00:00,west,noaa-goes18,DAY,AUTUMN,CYEG,0,1.0000,1.0000,1.30
2022-06-22T15:14:00+00:00,west,noaa-goes17,DAY,SUMMER,CYEG,0,1.0000,0.8400,1.30
2023-01-22T13:31:00+00:00,west,noaa-goes18,NIGHT,WINTER,CYEG,0,1.0000,1.0000,1.30
2024-07-14T23:10:00+00:00,west,noaa-goes18,DAY,SUMMER,CYEG,1,0.0000,0.0000,1.30
2025-03-29T04:39:00+00:00,west,noaa-goes18,NIGHT,SPRING,CYEG,0,1.0000,1.0000,1.30
2025-12-27T00:58:00+00:00,west,noaa-goes18,NIGHT,WINTER,CYEG,0,1.0000,1.0000,1.30
2024-06-01T18:36:00+00:00,west,noaa-goes18,DAY,SUMMER,CYEG,1,0.0000,0.0800,1.30
2024-10-21T04:55:00+00:00,west,noaa-goes18,NIGHT,AUTUMN,CYEG,0,1.0000,0.8800,1.30
2025-03-06T05:03:00+00:00,west,noaa-goes18,NIGHT,SPRING,CYEG,1,0.0000,0.0000,1.30
2022-12-01T12:20:00+00:00,west,noaa-goes17,NIGHT,WINTER,CYEG,1,0.0000,0.0400,1.30
2022-05-16T14:20:00+00:00,west,noaa-goes17,DAY,SPRING,CYEG,0,1.0000,1.0000,1.30
2023-10-14T12:17:00+00:00,west,noaa-goes18,NIGHT,AUTUMN,CYEG,1,0.0000,0.0000,1.30
2024-09-22T08:53:00+00:00,west,noaa-goes18,NIGHT,AUTUMN,CYEG,0,1.0000,1.0000,1.30
2020-10-08T20:02:00+00:00,west,noaa-goes17,DAY,AUTUMN,CYEG,0,1.0000,1.0000,1.30
2020-05-07T07:12:00+00:00,west,noaa-goes17,NIGHT,SPRING,CYEG,0,1.0000,0.7200,1.30
2020-03-24T19:09:00+00:00,west,noaa-goes17,DAY,SPRING,CYEG,0,1.0000,1.0000,1.30
2022-09-04T04:30:00+00:00,west,noaa-goes17,NIGHT,AUTUMN,CYEG,0,1.0000,0.9600,1.30
2021-04-13T18:13:00+00:00,west,noaa-goes17,DAY,SPRING,CYEG,1,0.0000,0.0000,1.30
2025-03-19T22:16:00+00:00,west,noaa-goes18,DAY,SPRING,CYEG,0,1.0000,1.0000,1.30
2024-02-19T05:38:00+00:00,west,noaa-goes18,NIGHT,WINTER,CYEG,1,0.0000,0.0000,1.30
2021-04-14T05:19:00+00:00,west,noaa-goes17,NIGHT,SPRING,CYEG,1,0.0000,0.0000,1.30
2021-03-18T18:01:00+00:00,west,noaa-goes17,DAY,SPRING,CYEG,1,0.0000,0.0000,1.30
2023-07-01T18:43:00+00:00,west,noaa-goes18,DAY,SUMMER,CYEG,0,1.0000,1.0000,1.30
2022-09-21T03:44:00+00:00,west,noaa-goes17,NIGHT,AUTUMN,CYEG,1,0.0000,0.0000,1.30
2023-05-20T21:38:00+00:00,west,noaa-goes18,DAY,SPRING,CYEG,1,0.4444,0.2800,1.30
2021-05-10T18:50:00+00:00,west,noaa-goes17,DAY,SPRING,CYEG,1,0.0000,0.1200,1.30
2024-10-20T21:23:00+00:00,west,noaa-goes18,DAY,AUTUMN,CYEG,0,1.0000,1.0000,1.30
2020-10-09T16:41:00+00:00,west,noaa-goes17,DAY,AUTUMN,CYEG,0,1.0000,1.0000,1.30
2024-09-16T15:06:00+00:00,west,noaa-goes18,DAY,AUTUMN,CYEG,1,0.0000,0.0000,1.30
2024-11-10T11:40:00+00:00,west,noaa-goes18,NIGHT,AUTUMN,CYEG,1,0.2222,0.3200,1.30
2025-02-26T22:09:00+00:00,west,noaa-goes18,DAY,WINTER,CYEG,0,1.0000,0.9600,1.30
2024-11-18T05:46:00+00:00,west,noaa-goes18,NIGHT,AUTUMN,CYEG,1,0.0000,0.2000,1.30
2025-11-07T20:17:00+00:00,west,noaa-goes18,DAY,AUTUMN,CYEG,0,1.0000,1.0000,1.30
2025-06-03T14:27:00+00:00,west,noaa-goes18,DAY,SUMMER,CYEG,0,1.0000,1.0000,1.30
2023-01-04T10:54:00+00:00,west,noaa-goes18,NIGHT,WINTER,CYEG,1,0.0000,0.0000,1.30
2025-01-20T07:48:00+00:00,west,noaa-goes18,NIGHT,WINTER,CYEG,1,0.0000,0.0000,1.30
2025-03-18T18:39:00+00:00,west,noaa-goes18,DAY,SPRING,CYEG,1,0.0000,0.0000,1.30
2024-04-01T10:01:00+00:00,west,noaa-goes18,NIGHT,SPRING,CYEG,1,0.0000,0.0000,1.30
2022-11-24T10:17:00+00:00,west,noaa-goes17,NIGHT,AUTUMN,CYEG,0,1.0000,1.0000,1.30
2023-02-05T17:00:00+00:00,west,noaa-goes18,DAY,WINTER,CYEG,0,1.0000,1.0000,1.30
2025-10-17T06:05:00+00:00,west,noaa-goes18,NIGHT,AUTUMN,CYEG,0,1.0000,1.0000,1.30
2022-09-15T23:26:00+00:00,west,noaa-goes17,DAY,AUTUMN,CYEG,1,0.0000,0.0000,1.30
2025-06-24T17:48:00+00:00,west,noaa-goes18,DAY,SUMMER,CYEG,0,1.0000,1.0000,1.30
2022-09-11T22:30:00+00:00,west,noaa-goes17,DAY,AUTUMN,CYEG,0,1.0000,1.0000,1.30
2025-07-03T14:50:00+00:00,west,noaa-goes18,DAY,SUMMER,CYEG,0,1.0000,1.0000,1.30
2022-06-26T12:44:00+00:00,west,noaa-goes17,DAY,SUMMER,CYEG,1,0.0000,0.0000,1.30
2022-09-23T09:42:00+00:00,west,noaa-goes17,NIGHT,AUTUMN,CYEG,1,0.1111,0.0400,1.30
2024-02-20T15:35:00+00:00,west,noaa-goes18,DAY,WINTER,CYEG,1,0.3333,0.3200,1.30
2025-12-14T11:27:00+00:00,west,noaa-goes18,NIGHT,WINTER,CYEG,0,1.0000,1.0000,1.30
2023-09-16T11:44:00+00:00,west,noaa-goes18,NIGHT,AUTUMN,CYEG,1,0.0000,0.0000,1.30
2025-02-01T08:19:00+00:00,west,noaa-goes18,NIGHT,WINTER,CYEG,0,1.0000,1.0000,1.30
2022-01-28T06:13:00+00:00,west,noaa-goes17,NIGHT,WINTER,CYEG,0,1.0000,1.0000,1.30
2025-06-06T08:46:00+00:00,west,noaa-goes18,NIGHT,SUMMER,CYEG,0,1.0000,1.0000,1.30
2025-11-18T19:18:00+00:00,west,noaa-goes18,DAY,AUTUMN,CYEG,0,1.0000,1.0000,1.30
2023-05-23T00:45:00+00:00,west,noaa-goes18,DAY,SPRING,CYEG,0,1.0000,1.0000,1.30
2025-12-27T04:17:00+00:00,west,noaa-goes18,NIGHT,WINTER,CYEG,0,0.6667,0.7200,1.30
2020-07-05T01:35:00+00:00,west,noaa-goes17,DAY,SUMMER,CYEG,0,1.0000,1.0000,1.30
2023-04-11T22:08:00+00:00,west,noaa-goes18,DAY,SPRING,CYEG,0,1.0000,1.0000,1.30
2025-04-06T15:28:00+00:00,west,noaa-goes18,DAY,SPRING,CYEG,1,0.0000,0.0000,1.30
2023-10-27T05:03:00+00:00,west,noaa-goes18,NIGHT,AUTUMN,CYEG,0,1.0000,1.0000,1.30
2020-10-30T18:40:00+00:00,west,noaa-goes17,DAY,AUTUMN,CYEG,0,1.0000,1.0000,1.30
2023-05-29T02:15:00+00:00,west,noaa-goes18,DAY,SPRING,CYEG,1,0.3333,0.3600,1.30
2021-04-30T17:48:00+00:00,west,noaa-goes17,DAY,SPRING,CYEG,1,0.1111,0.2000,1.30
2024-08-31T19:38:00+00:00,west,noaa-goes18,DAY,SUMMER,CYEG,1,0.0000,0.0000,1.30
2022-07-13T16:24:00+00:00,west,noaa-goes17,DAY,SUMMER,CYEG,1,0.0000,0.0000,1.30
2024-10-22T09:36:00+00:00,west,noaa-goes18,NIGHT,AUTUMN,CYEG,0,1.0000,1.0000,1.30
2020-09-03T19:47:00+00:00,west,noaa-goes17,DAY,AUTUMN,CYEG,0,1.0000,1.0000,1.30
2022-05-14T08:42:00+00:00,west,noaa-goes17,NIGHT,SPRING,CYEG,0,1.0000,1.0000,1.30
2020-11-28T05:15:00+00:00,west,noaa-goes17,NIGHT,AUTUMN,CYEG,0,1.0000,1.0000,1.30
2021-12-12T17:04:00+00:00,west,noaa-goes17,DAY,WINTER,CYEG,1,0.0000,0.0000,1.30
2025-01-19T22:38:00+00:00,west,noaa-goes18,DAY,WINTER,CYEG,1,0.0000,0.0000,1.30
2025-04-08T09:02:00+00:00,west,noaa-goes18,NIGHT,SPRING,CYEG,0,1.0000,1.0000,1.30
2023-03-04T22:55:00+00:00,west,noaa-goes18,DAY,SPRING,CYEG,0,1.0000,1.0000,1.30
2025-02-02T02:43:00+00:00,west,noaa-goes18,NIGHT,WINTER,CYEG,1,0.0000,0.0000,1.30
2022-07-09T20:09:00+00:00,west,noaa-goes17,DAY,SUMMER,CYEG,1,0.0000,0.0000,1.30
2022-12-24T04:04:00+00:00,west,noaa-goes17,NIGHT,WINTER,CYEG,1,0.0000,0.0800,1.30
2020-09-01T05:50:00+00:00,west,noaa-goes17,NIGHT,AUTUMN,CYEG,0,0.8889,0.7200,1.30
2023-06-13T19:47:00+00:00,west,noaa-goes18,DAY,SUMMER,CYEG,0,1.0000,1.0000,1.30
2023-03-28T14:07:00+00:00,west,noaa-goes18,DAY,SPRING,CYEG,1,0.0000,0.0000,1.30
2025-04-03T22:19:00+00:00,west,noaa-goes18,DAY,SPRING,CYEG,1,0.1111,0.2400,1.30
2024-07-06T08:32:00+00:00,west,noaa-goes18,NIGHT,SUMMER,CYEG,0,1.0000,0.8000,1.30
2025-07-15T14:05:00+00:00,west,noaa-goes18,DAY,SUMMER,CYEG,1,0.0000,0.0000,1.30
2020-06-12T13:47:00+00:00,west,noaa-goes17,DAY,SUMMER,CYEG,0,1.0000,1.0000,1.30
2023-08-13T19:16:00+00:00,west,noaa-goes18,DAY,SUMMER,CYEG,1,0.0000,0.0000,1.30
2020-03-25T21:52:00+00:00,west,noaa-goes17,DAY,SPRING,CYEG,1,0.8889,0.7200,1.30
2023-01-08T18:02:00+00:00,west,noaa-goes18,DAY,WINTER,CYEG,1,0.0000,0.0000,1.30
2024-12-16T08:11:00+00:00,west,noaa-goes18,NIGHT,WINTER,CYEG,0,1.0000,1.0000,1.30
2024-11-20T20:52:00+00:00,west,noaa-goes18,DAY,AUTUMN,CYEG,0,1.0000,1.0000,1.30
2025-07-07T02:30:00+00:00,west,noaa-goes18,DAY,SUMMER,CYEG,1,0.0000,0.0000,1.30
2023-11-26T13:21:00+00:00,west,noaa-goes18,NIGHT,AUTUMN,CYEG,0,1.0000,1.0000,1.30
2023-08-08T21:06:00+00:00,west,noaa-goes18,DAY,SUMMER,CYEG,0,1.0000,1.0000,1.30
2024-06-28T17:02:00+00:00,west,noaa-goes18,DAY,SUMMER,CYEG,1,0.0000,0.0000,1.30
2025-02-05T02:20:00+00:00,west,noaa-goes18,NIGHT,WINTER,CYEG,1,0.0000,0.0000,1.30
2024-07-13T16:52:00+00:00,west,noaa-goes18,DAY,SUMMER,CYEG,0,1.0000,1.0000,1.30
2020-01-05T21:55:00+00:00,west,noaa-goes17,DAY,WINTER,CYEG,0,1.0000,1.0000,1.30
2022-02-07T16:23:00+00:00,west,noaa-goes17,DAY,WINTER,CYEG,0,1.0000,0.9200,1.30
2025-08-03T20:28:00+00:00,west,noaa-goes18,DAY,SUMMER,CYEG,0,1.0000,1.0000,1.30
2020-07-30T06:17:00+00:00,west,noaa-goes17,NIGHT,SUMMER,CYEG,0,1.0000,1.0000,1.30
2025-06-08T03:01:00+00:00,west,noaa-goes18,DAY,SUMMER,CYEG,1,0.0000,0.0000,1.30
2022-09-07T22:10:00+00:00,west,noaa-goes17,DAY,AUTUMN,CYEG,0,1.0000,1.0000,1.30
2023-06-26T17:00:00+00:00,west,noaa-goes18,DAY,SUMMER,CYEG,1,0.0000,0.0000,1.30
2024-07-29T02:14:00+00:00,west,noaa-goes18,DAY,SUMMER,CYEG,1,0.0000,0.0000,1.30
2021-04-09T14:07:00+00:00,west,noaa-goes17,DAY,SPRING,CYEG,0,1.0000,1.0000,1.30
2021-09-22T15:59:00+00:00,west,noaa-goes17,DAY,AUTUMN,CYEG,0,1.0000,1.0000,1.30
2023-04-10T16:45:00+00:00,west,noaa-goes18,DAY,SPRING,CYEG,0,1.0000,1.0000,1.30
2023-01-24T13:53:00+00:00,west,noaa-goes18,NIGHT,WINTER,CYEG,0,1.0000,1.0000,1.30
2025-05-30T15:15:00+00:00,west,noaa-goes18,DAY,SPRING,CYEG,1,0.0000,0.0000,1.30
2025-02-13T17:09:00+00:00,west,noaa-goes18,DAY,WINTER,CYEG,1,0.1111,0.3200,1.30
2024-04-20T06:58:00+00:00,west,noaa-goes18,NIGHT,SPRING,CYEG,0,0.3333,0.4400,1.30
2025-09-12T23:56:00+00:00,west,noaa-goes18,DAY,AUTUMN,CYEG,1,0.0000,0.0000,1.30
2021-07-13T02:17:00+00:00,west,noaa-goes17,DAY,SUMMER,CYEG,1,0.0000,0.0000,1.30
2024-08-26T10:59:00+00:00,west,noaa-goes18,NIGHT,SUMMER,CYEG,1,0.0000,0.0000,1.30
2025-09-10T08:52:00+00:00,west,noaa-goes18,NIGHT,AUTUMN,CYEG,0,1.0000,0.8000,1.30
2020-01-11T09:46:00+00:00,west,noaa-goes17,NIGHT,WINTER,CYEG,1,0.0000,0.1200,1.30
2023-05-07T18:37:00+00:00,west,noaa-goes18,DAY,SPRING,CYEG,0,1.0000,1.0000,1.30
2024-03-25T14:59:00+00:00,west,noaa-goes18,DAY,SPRING,CYEG,1,0.1111,0.2400,1.30
2023-08-11T06:44:00+00:00,west,noaa-goes18,NIGHT,SUMMER,CYEG,0,1.0000,1.0000,1.30
2022-09-05T18:24:00+00:00,west,noaa-goes17,DAY,AUTUMN,CYEG,0,1.0000,1.0000,1.30
2022-08-14T13:02:00+00:00,west,noaa-goes17,DAY,SUMMER,CYEG,1,0.0000,0.0000,1.30
2023-07-27T23:30:00+00:00,west,noaa-goes18,DAY,SUMMER,CYEG,0,1.0000,1.0000,1.30
2021-09-15T15:02:00+00:00,west,noaa-goes17,DAY,AUTUMN,CYEG,1,0.0000,0.4400,1.30
2021-06-01T16:37:00+00:00,west,noaa-goes17,DAY,SUMMER,CYEG,0,1.0000,1.0000,1.30
2023-09-21T03:55:00+00:00,west,noaa-goes18,NIGHT,AUTUMN,CYEG,1,0.2222,0.4800,1.30
2024-12-08T03:33:00+00:00,west,noaa-goes18,NIGHT,WINTER,CYEG,0,1.0000,1.0000,1.30
2021-08-13T13:55:00+00:00,west,noaa-goes17,DAY,SUMMER,CYEG,0,1.0000,1.0000,1.30
2022-12-21T10:39:00+00:00,west,noaa-goes17,NIGHT,WINTER,CYEG,1,0.4444,0.3600,1.30
2024-06-16T20:05:00+00:00,west,noaa-goes18,DAY,SUMMER,CYEG,0,1.0000,1.0000,1.30
2023-09-07T21:54:00+00:00,west,noaa-goes18,DAY,AUTUMN,CYEG,1,0.7778,0.7600,1.30
2025-12-25T12:20:00+00:00,west,noaa-goes18,NIGHT,WINTER,CYEG,1,0.0000,0.0000,1.30
2025-06-21T17:02:00+00:00,west,noaa-goes18,DAY,SUMMER,CYEG,0,1.0000,1.0000,1.30
2020-10-07T07:40:00+00:00,west,noaa-goes17,NIGHT,AUTUMN,CYEG,0,1.0000,1.0000,1.30
2023-03-23T07:47:00+00:00,west,noaa-goes18,NIGHT,SPRING,CYEG,1,0.0000,0.0000,1.30
2021-01-05T13:06:00+00:00,west,noaa-goes17,NIGHT,WINTER,CYEG,0,1.0000,1.0000,1.30
2023-05-11T00:02:00+00:00,west,noaa-goes18,DAY,SPRING,CYEG,0,1.0000,1.0000,1.30
2023-08-21T01:18:00+00:00,west,noaa-goes18,DAY,SUMMER,CYEG,0,1.0000,1.0000,1.30
2024-01-08T11:27:00+00:00,west,noaa-goes18,NIGHT,WINTER,CYEG,0,0.6667,0.6800,1.30
2024-08-14T18:43:00+00:00,west,noaa-goes18,DAY,SUMMER,CYEG,1,0.0000,0.0000,1.30
2022-01-07T05:11:00+00:00,west,noaa-goes17,NIGHT,WINTER,CYEG,0,0.4444,0.4800,1.30
2020-11-19T19:55:00+00:00,west,noaa-goes17,DAY,AUTUMN,CYEG,0,1.0000,1.0000,1.30
2024-04-15T19:43:00+00:00,west,noaa-goes18,DAY,SPRING,CYEG,0,1.0000,1.0000,1.30
2023-03-24T21:34:00+00:00,west,noaa-goes18,DAY,SPRING,CYEG,1,0.0000,0.0000,1.30
2021-10-09T02:28:00+00:00,west,noaa-goes17,NIGHT,AUTUMN,CYEG,0,0.8889,0.7600,1.30
2023-11-16T18:19:00+00:00,west,noaa-goes18,DAY,AUTUMN,CYEG,1,0.0000,0.2800,1.30
2024-10-03T22:16:00+00:00,west,noaa-goes18,DAY,AUTUMN,CYEG,0,0.8889,0.7600,1.30
2025-02-14T09:12:00+00:00,west,noaa-goes18,NIGHT,WINTER,CYEG,0,1.0000,1.0000,1.30
2024-04-24T15:06:00+00:00,west,noaa-goes18,DAY,SPRING,CYEG,0,1.0000,0.9600,1.30
2024-01-10T18:18:00+00:00,west,noaa-goes18,DAY,WINTER,CYEG,1,0.8889,0.8800,1.30
2023-04-24T00:53:00+00:00,west,noaa-goes18,DAY,SPRING,CYEG,0,1.0000,1.0000,1.30
2024-06-09T08:00:00+00:00,west,noaa-goes18,NIGHT,SUMMER,CYEG,0,1.0000,1.0000,1.30
2020-07-19T19:47:00+00:00,west,noaa-goes17,DAY,SUMMER,CYEG,0,1.0000,1.0000,1.30
2025-07-27T09:49:00+00:00,west,noaa-goes18,NIGHT,SUMMER,CYEG,0,1.0000,0.9600,1.30
2022-07-31T19:51:00+00:00,west,noaa-goes17,DAY,SUMMER,CYEG,0,1.0000,1.0000,1.30
2023-12-14T07:40:00+00:00,west,noaa-goes18,NIGHT,WINTER,CYEG,0,1.0000,1.0000,1.30
2022-02-17T19:16:00+00:00,west,noaa-goes17,DAY,WINTER,CYEG,0,1.0000,0.9200,1.30
2021-07-14T20:06:00+00:00,west,noaa-goes17,DAY,SUMMER,CYEG,1,0.0000,0.0000,1.30
2024-12-10T01:37:00+00:00,west,noaa-goes18,NIGHT,WINTER,CYEG,1,0.0000,0.0800,1.30
2024-02-03T23:08:00+00:00,west,noaa-goes18,DAY,WINTER,CYEG,0,1.0000,1.0000,1.30
2021-01-04T09:20:00+00:00,west,noaa-goes17,NIGHT,WINTER,CYEG,1,0.3333,0.3200,1.30
2024-08-28T05:12:00+00:00,west,noaa-goes18,NIGHT,SUMMER,CYEG,0,1.0000,1.0000,1.30
2021-06-25T17:56:00+00:00,west,noaa-goes17,DAY,SUMMER,CYEG,1,0.1111,0.1200,1.30
2024-02-07T16:32:00+00:00,west,noaa-goes18,DAY,WINTER,CYEG,0,1.0000,1.0000,1.30
2023-01-21T05:16:00+00:00,west,noaa-goes18,NIGHT,WINTER,CYEG,0,1.0000,1.0000,1.30
2023-10-19T03:29:00+00:00,west,noaa-goes18,NIGHT,AUTUMN,CYEG,1,0.3333,0.2000,1.30
2020-11-04T04:48:00+00:00,west,noaa-goes17,NIGHT,AUTUMN,CYEG,0,1.0000,1.0000,1.30
2022-07-13T21:46:00+00:00,west,noaa-goes17,DAY,SUMMER,CYEG,0,0.8889,0.9600,1.30
2024-06-15T17:23:00+00:00,west,noaa-goes18,DAY,SUMMER,CYEG,0,1.0000,0.8800,1.30
2021-01-04T12:00:00+00:00,west,noaa-goes17,NIGHT,WINTER,CYEG,0,0.6667,0.6000,1.30
2022-12-19T17:07:00+00:00,west,noaa-goes17,DAY,WINTER,CYEG,0,0.5556,0.4800,1.30
2025-02-05T11:43:00+00:00,west,noaa-goes18,NIGHT,WINTER,CYEG,0,0.8889,0.7600,1.30
2022-12-09T18:24:00+00:00,west,noaa-goes17,DAY,WINTER,CYEG,1,0.0000,0.0000,1.30
2024-03-01T03:43:00+00:00,west,noaa-goes18,NIGHT,SPRING,CYEG,0,1.0000,1.0000,1.30
2022-08-15T15:01:00+00:00,west,noaa-goes17,DAY,SUMMER,CYEG,1,0.1111,0.1600,1.30
2023-09-05T19:14:00+00:00,west,noaa-goes18,DAY,AUTUMN,CYEG,0,0.6667,0.7200,1.30
2020-09-15T20:52:00+00:00,west,noaa-goes17,DAY,AUTUMN,CYEG,0,1.0000,1.0000,1.30
2025-03-16T22:19:00+00:00,west,noaa-goes18,DAY,SPRING,CYEG,0,1.0000,1.0000,1.30
2020-07-04T01:19:00+00:00,west,noaa-goes17,DAY,SUMMER,CYEG,0,1.0000,1.0000,1.30
2022-08-19T17:08:00+00:00,west,noaa-goes17,DAY,SUMMER,CYEG,1,0.0000,0.0000,1.30
2024-05-10T14:23:00+00:00,west,noaa-goes18,DAY,SPRING,CYEG,1,0.0000,0.0000,1.30
2024-09-12T18:47:00+00:00,west,noaa-goes18,DAY,AUTUMN,CYEG,0,1.0000,1.0000,1.30
2024-07-29T08:02:00+00:00,west,noaa-goes18,NIGHT,SUMMER,CYEG,0,1.0000,1.0000,1.30
2024-02-26T06:28:00+00:00,west,noaa-goes18,NIGHT,WINTER,CYEG,0,1.0000,1.0000,1.30
2024-12-26T07:54:00+00:00,west,noaa-goes18,NIGHT,WINTER,CYEG,0,1.0000,0.8400,1.30
2024-01-25T03:43:00+00:00,west,noaa-goes18,NIGHT,WINTER,CYEG,0,1.0000,1.0000,1.30
2024-02-13T17:57:00+00:00,west,noaa-goes18,DAY,WINTER,CYEG,0,1.0000,1.0000,1.30
2024-01-09T01:25:00+00:00,west,noaa-goes18,NIGHT,WINTER,CYEG,0,1.0000,1.0000,1.30
2023-02-04T06:07:00+00:00,west,noaa-goes18,NIGHT,WINTER,CYEG,0,1.0000,1.0000,1.30
2025-02-05T02:42:00+00:00,west,noaa-goes18,NIGHT,WINTER,CYEG,1,0.0000,0.0000,1.30
2022-05-18T20:40:00+00:00,west,noaa-goes17,DAY,SPRING,CYEG,0,1.0000,1.0000,1.30
2023-09-28T07:08:00+00:00,west,noaa-goes18,NIGHT,AUTUMN,CYEG,0,1.0000,1.0000,1.30
2022-04-28T18:13:00+00:00,west,noaa-goes17,DAY,SPRING,CYEG,0,1.0000,1.0000,1.30
2021-08-27T19:00:00+00:00,west,noaa-goes17,DAY,SUMMER,CYEG,0,1.0000,1.0000,1.30
2023-02-09T04:08:00+00:00,west,noaa-goes18,NIGHT,WINTER,CYEG,0,1.0000,0.9600,1.30
2022-10-23T05:07:00+00:00,west,noaa-goes17,NIGHT,AUTUMN,CYEG,0,1.0000,1.0000,1.30
2020-04-15T04:00:00+00:00,west,noaa-goes17,NIGHT,SPRING,CYEG,0,1.0000,1.0000,1.30
2024-01-07T07:37:00+00:00,west,noaa-goes18,NIGHT,WINTER,CYEG,0,1.0000,1.0000,1.30
2023-08-19T00:11:00+00:00,west,noaa-goes18,DAY,SUMMER,CYEG,0,1.0000,1.0000,1.30
2022-12-22T01:08:00+00:00,west,noaa-goes17,NIGHT,WINTER,CYEG,0,0.3333,0.2400,1.30
2024-09-20T16:07:00+00:00,west,noaa-goes18,DAY,AUTUMN,CYEG,0,1.0000,1.0000,1.30
2020-09-17T15:28:00+00:00,west,noaa-goes17,DAY,AUTUMN,CYEG,0,1.0000,0.8400,1.30
2021-03-22T14:32:00+00:00,west,noaa-goes17,DAY,SPRING,CYEG,0,1.0000,1.0000,1.30
2022-06-26T19:02:00+00:00,west,noaa-goes17,DAY,SUMMER,CYEG,1,0.0000,0.0000,1.30
2025-11-05T09:29:00+00:00,west,noaa-goes18,NIGHT,AUTUMN,CYEG,0,1.0000,1.0000,1.30
2020-05-07T01:30:00+00:00,west,noaa-goes17,DAY,SPRING,CYEG,0,1.0000,1.0000,1.30
2024-07-03T13:43:00+00:00,west,noaa-goes18,DAY,SUMMER,CYEG,0,1.0000,1.0000,1.30
2021-03-18T15:45:00+00:00,west,noaa-goes17,DAY,SPRING,CYEG,0,0.6667,0.6400,1.30
2024-12-21T02:57:00+00:00,west,noaa-goes18,NIGHT,WINTER,CYEG,0,1.0000,0.9600,1.30
2020-11-26T10:38:00+00:00,west,noaa-goes17,NIGHT,AUTUMN,CYEG,1,0.5556,0.7200,1.30
2023-01-31T19:40:00+00:00,west,noaa-goes18,DAY,WINTER,CYEG,0,1.0000,1.0000,1.30
2025-12-13T09:29:00+00:00,west,noaa-goes18,NIGHT,WINTER,CYEG,1,0.0000,0.0000,1.30
2025-09-01T19:27:00+00:00,west,noaa-goes18,DAY,AUTUMN,CYEG,0,1.0000,1.0000,1.30
2021-02-10T22:07:00+00:00,west,noaa-goes17,DAY,WINTER,CYEG,1,0.3333,0.3200,1.30
2022-05-30T13:28:00+00:00,west,noaa-goes17,DAY,SPRING,CYEG,0,1.0000,1.0000,1.30
2022-07-24T13:21:00+00:00,west,noaa-goes17,DAY,SUMMER,CYEG,0,1.0000,0.8400,1.30
2025-01-31T12:26:00+00:00,west,noaa-goes18,NIGHT,WINTER,CYEG,0,1.0000,1.0000,1.30
2021-01-24T10:27:00+00:00,west,noaa-goes17,NIGHT,WINTER,CYEG,1,0.1111,0.1200,1.30
2023-07-04T21:16:00+00:00,west,noaa-goes18,DAY,SUMMER,CYEG,0,1.0000,0.8800,1.30
2024-03-13T04:43:00+00:00,west,noaa-goes18,NIGHT,SPRING,CYEG,1,0.0000,0.0000,1.30
2025-04-26T02:05:00+00:00,west,noaa-goes18,DAY,SPRING,CYEG,1,0.1111,0.2000,1.30
2020-12-15T02:27:00+00:00,west,noaa-goes17,NIGHT,WINTER,CYEG,0,1.0000,0.8400,1.30
2024-03-06T04:35:00+00:00,west,noaa-goes18,NIGHT,SPRING,CYEG,1,0.0000,0.0000,1.30
2020-09-02T18:35:00+00:00,west,noaa-goes17,DAY,AUTUMN,CYEG,0,1.0000,1.0000,1.30
2023-09-12T21:07:00+00:00,west,noaa-goes18,DAY,AUTUMN,CYEG,1,0.0000,0.0000,1.30
2024-09-28T23:03:00+00:00,west,noaa-goes18,DAY,AUTUMN,CYEG,0,1.0000,1.0000,1.30
2023-03-24T19:19:00+00:00,west,noaa-goes18,DAY,SPRING,CYEG,1,0.0000,0.0000,1.30
2023-12-11T03:36:00+00:00,west,noaa-goes18,NIGHT,WINTER,CYEG,0,1.0000,1.0000,1.30
2025-09-09T06:09:00+00:00,west,noaa-goes18,NIGHT,AUTUMN,CYEG,1,0.3333,0.2000,1.30
2025-05-29T07:54:00+00:00,west,noaa-goes18,NIGHT,SPRING,CYEG,1,0.0000,0.0000,1.30
2021-03-19T11:54:00+00:00,west,noaa-goes17,NIGHT,SPRING,CYEG,0,1.0000,1.0000,1.30
2024-02-14T03:48:00+00:00,west,noaa-goes18,NIGHT,WINTER,CYEG,0,1.0000,1.0000,1.30
2023-02-15T18:14:00+00:00,west,noaa-goes18,DAY,WINTER,CYEG,1,0.0000,0.0000,1.30
2024-10-23T17:49:00+00:00,west,noaa-goes18,DAY,AUTUMN,CYEG,0,1.0000,1.0000,1.30
2020-04-17T19:59:00+00:00,west,noaa-goes17,DAY,SPRING,CYEG,0,1.0000,1.0000,1.30
2023-01-24T22:48:00+00:00,west,noaa-goes18,DAY,WINTER,CYEG,1,0.0000,0.1200,1.30
2020-01-26T05:55:00+00:00,west,noaa-goes17,NIGHT,WINTER,CYEG,0,1.0000,0.8800,1.30
2021-08-09T18:42:00+00:00,west,noaa-goes17,DAY,SUMMER,CYEG,1,0.2222,0.1200,1.30
2024-06-29T02:09:00+00:00,west,noaa-goes18,DAY,SUMMER,CYEG,1,0.0000,0.0000,1.30
2025-12-12T06:24:00+00:00,west,noaa-goes18,NIGHT,WINTER,CYEG,1,0.0000,0.0800,1.30
2024-09-15T14:21:00+00:00,west,noaa-goes18,DAY,AUTUMN,CYEG,1,0.0000,0.0000,1.30
2021-10-06T11:19:00+00:00,west,noaa-goes17,NIGHT,AUTUMN,CYEG,0,1.0000,1.0000,1.30
2023-08-21T18:38:00+00:00,west,noaa-goes18,DAY,SUMMER,CYEG,0,0.5556,0.4400,1.30
2020-12-13T01:09:00+00:00,west,noaa-goes17,NIGHT,WINTER,CYEG,1,0.0000,0.0000,1.30
2021-10-06T19:03:00+00:00,west,noaa-goes17,DAY,AUTUMN,CYEG,0,1.0000,1.0000,1.30
2020-11-30T08:28:00+00:00,west,noaa-goes17,NIGHT,AUTUMN,CYEG,0,1.0000,1.0000,1.30
2024-10-02T15:38:00+00:00,west,noaa-goes18,DAY,AUTUMN,CYEG,1,0.0000,0.2000,1.30
2024-12-15T13:17:00+00:00,west,noaa-goes18,NIGHT,WINTER,CYEG,0,1.0000,1.0000,1.30
2022-06-01T16:07:00+00:00,west,noaa-goes17,DAY,SUMMER,CYEG,0,1.0000,1.0000,1.30
2023-11-14T13:07:00+00:00,west,noaa-goes18,NIGHT,AUTUMN,CYEG,0,1.0000,1.0000,1.30
2023-03-06T21:43:00+00:00,west,noaa-goes18,DAY,SPRING,CYEG,0,1.0000,1.0000,1.30
2025-06-16T16:42:00+00:00,west,noaa-goes18,DAY,SUMMER,CYEG,1,0.0000,0.0000,1.30
2023-06-17T01:14:00+00:00,west,noaa-goes18,DAY,SUMMER,CYEG,0,1.0000,1.0000,1.30
2024-06-06T19:03:00+00:00,west,noaa-goes18,DAY,SUMMER,CYEG,1,0.0000,0.0000,1.30
2020-02-01T06:19:00+00:00,west,noaa-goes17,NIGHT,WINTER,CYEG,0,1.0000,1.0000,1.30
2021-05-06T00:31:00+00:00,west,noaa-goes17,DAY,SPRING,CYEG,0,1.0000,0.9200,1.30
2024-10-29T05:08:00+00:00,west,noaa-goes18,NIGHT,AUTUMN,CYEG,0,1.0000,1.0000,1.30
2024-04-06T17:45:00+00:00,west,noaa-goes18,DAY,SPRING,CYEG,0,1.0000,1.0000,1.30
2022-07-31T16:35:00+00:00,west,noaa-goes17,DAY,SUMMER,CYEG,0,1.0000,1.0000,1.30
2023-12-21T02:25:00+00:00,west,noaa-goes18,NIGHT,WINTER,CYEG,1,0.0000,0.0000,1.30
2020-06-22T13:01:00+00:00,west,noaa-goes17,DAY,SUMMER,CYEG,0,1.0000,1.0000,1.30
2025-02-26T02:55:00+00:00,west,noaa-goes18,NIGHT,WINTER,CYEG,0,0.8889,0.9200,1.30
2023-07-06T18:27:00+00:00,west,noaa-goes18,DAY,SUMMER,CYEG,0,1.0000,1.0000,1.30
2024-07-14T22:40:00+00:00,west,noaa-goes18,DAY,SUMMER,CYEG,0,0.4444,0.2400,1.30
2024-09-06T09:07:00+00:00,west,noaa-goes18,NIGHT,AUTUMN,CYEG,1,0.0000,0.0000,1.30
2024-07-17T00:20:00+00:00,west,noaa-goes18,DAY,SUMMER,CYEG,1,0.0000,0.1200,1.30
2021-12-04T19:29:00+00:00,west,noaa-goes17,DAY,WINTER,CYEG,0,1.0000,1.0000,1.30
2024-01-22T02:27:00+00:00,west,noaa-goes18,NIGHT,WINTER,CYEG,0,1.0000,0.9600,1.30
2021-03-09T07:27:00+00:00,west,noaa-goes17,NIGHT,SPRING,CYEG,0,1.0000,1.0000,1.30
2024-06-28T16:05:00+00:00,west,noaa-goes18,DAY,SUMMER,CYEG,1,0.0000,0.0000,1.30
2023-10-22T07:21:00+00:00,west,noaa-goes18,NIGHT,AUTUMN,CYEG,1,0.0000,0.0000,1.30
2021-11-19T02:32:00+00:00,west,noaa-goes17,NIGHT,AUTUMN,CYEG,0,1.0000,0.8000,1.30
2021-04-12T16:32:00+00:00,west,noaa-goes17,DAY,SPRING,CYEG,0,1.0000,1.0000,1.30
2022-03-05T11:22:00+00:00,west,noaa-goes17,NIGHT,SPRING,CYEG,1,0.0000,0.0800,1.30
2021-12-11T19:09:00+00:00,west,noaa-goes17,DAY,WINTER,CYEG,1,0.1111,0.2400,1.30
2020-11-04T05:49:00+00:00,west,noaa-goes17,NIGHT,AUTUMN,CYEG,0,0.7778,0.6800,1.30
2025-07-16T14:48:00+00:00,west,noaa-goes18,DAY,SUMMER,CYEG,0,1.0000,1.0000,1.30
2025-01-12T21:59:00+00:00,west,noaa-goes18,DAY,WINTER,CYEG,0,1.0000,1.0000,1.30
2023-08-16T20:20:00+00:00,west,noaa-goes18,DAY,SUMMER,CYEG,1,0.0000,0.0000,1.30
2021-09-10T14:04:00+00:00,west,noaa-goes17,DAY,AUTUMN,CYEG,1,0.3333,0.4400,1.30
2025-04-04T14:40:00+00:00,west,noaa-goes18,DAY,SPRING,CYEG,1,0.0000,0.0000,1.30
2023-05-25T08:37:00+00:00,west,noaa-goes18,NIGHT,SPRING,CYEG,0,1.0000,1.0000,1.30
2024-02-19T09:04:00+00:00,west,noaa-goes18,NIGHT,WINTER,CYEG,1,0.0000,0.0000,1.30
2021-01-04T19:38:00+00:00,west,noaa-goes17,DAY,WINTER,CYEG,0,1.0000,1.0000,1.30
2020-06-17T14:58:00+00:00,west,noaa-goes17,DAY,SUMMER,CYEG,0,1.0000,1.0000,1.30
2025-05-02T16:09:00+00:00,west,noaa-goes18,DAY,SPRING,CYEG,1,0.0000,0.0000,1.30
2020-09-10T14:06:00+00:00,west,noaa-goes17,DAY,AUTUMN,CYEG,1,0.0000,0.0000,1.30
2023-11-07T22:05:00+00:00,west,noaa-goes18,DAY,AUTUMN,CYEG,0,1.0000,1.0000,1.30
2025-08-28T20:11:00+00:00,west,noaa-goes18,DAY,SUMMER,CYEG,1,0.0000,0.0000,1.30
2020-06-09T07:45:00+00:00,west,noaa-goes17,NIGHT,SUMMER,CYEG,0,1.0000,1.0000,1.30
2024-01-30T11:58:00+00:00,west,noaa-goes18,NIGHT,WINTER,CYEG,0,1.0000,1.0000,1.30
2023-03-04T12:26:00+00:00,west,noaa-goes18,NIGHT,SPRING,CYEG,0,1.0000,0.9600,1.30
2023-10-17T21:38:00+00:00,west,noaa-goes18,DAY,AUTUMN,CYEG,0,1.0000,1.0000,1.30
2020-08-02T20:41:00+00:00,west,noaa-goes17,DAY,SUMMER,CYEG,0,0.8889,0.6400,1.30
2021-01-22T17:43:00+00:00,west,noaa-goes17,DAY,WINTER,CYEG,0,1.0000,1.0000,1.30
2024-05-02T09:16:00+00:00,west,noaa-goes18,NIGHT,SPRING,CYEG,0,1.0000,1.0000,1.30
2020-12-13T09:35:00+00:00,west,noaa-goes17,NIGHT,WINTER,CYEG,1,0.0000,0.0000,1.30
2024-03-22T20:50:00+00:00,west,noaa-goes18,DAY,SPRING,CYEG,0,1.0000,1.0000,1.30
2023-09-07T04:42:00+00:00,west,noaa-goes18,NIGHT,AUTUMN,CYEG,1,0.0000,0.1600,1.30
2025-11-26T02:41:00+00:00,west,noaa-goes18,NIGHT,AUTUMN,CYEG,1,0.0000,0.0000,1.30
2024-09-30T16:23:00+00:00,west,noaa-goes18,DAY,AUTUMN,CYEG,1,0.0000,0.0000,1.30
2020-03-15T11:19:00+00:00,west,noaa-goes17,NIGHT,SPRING,CYEG,0,1.0000,0.6800,1.30
2022-01-08T06:21:00+00:00,west,noaa-goes17,NIGHT,WINTER,CYEG,1,0.2222,0.1200,1.30
2025-11-26T01:42:00+00:00,west,noaa-goes18,NIGHT,AUTUMN,CYEG,1,0.0000,0.0000,1.30
2023-10-11T19:08:00+00:00,west,noaa-goes18,DAY,AUTUMN,CYEG,0,1.0000,1.0000,1.30
2024-03-23T04:10:00+00:00,west,noaa-goes18,NIGHT,SPRING,CYEG,0,1.0000,1.0000,1.30
2020-06-27T13:23:00+00:00,west,noaa-goes17,DAY,SUMMER,CYEG,0,1.0000,1.0000,1.30
2022-08-30T14:39:00+00:00,west,noaa-goes17,DAY,SUMMER,CYEG,1,0.0000,0.0000,1.30
2023-03-13T23:50:00+00:00,west,noaa-goes18,DAY,SPRING,CYEG,0,1.0000,1.0000,1.30
2025-01-12T07:34:00+00:00,west,noaa-goes18,NIGHT,WINTER,CYEG,0,0.8889,0.9600,1.30
2022-09-06T09:51:00+00:00,west,noaa-goes17,NIGHT,AUTUMN,CYEG,1,0.0000,0.0000,1.30
2025-04-05T06:23:00+00:00,west,noaa-goes18,NIGHT,SPRING,CYEG,1,0.0000,0.0000,1.30
2023-02-28T12:32:00+00:00,west,noaa-goes18,NIGHT,WINTER,CYEG,0,1.0000,1.0000,1.30
2025-11-30T13:10:00+00:00,west,noaa-goes18,NIGHT,AUTUMN,CYEG,1,0.0000,0.0000,1.30
2022-03-28T19:08:00+00:00,west,noaa-goes17,DAY,SPRING,CYEG,0,1.0000,1.0000,1.30
2025-10-14T03:18:00+00:00,west,noaa-goes18,NIGHT,AUTUMN,CYEG,1,0.0000,0.0000,1.30
2020-12-09T05:17:00+00:00,west,noaa-goes17,NIGHT,WINTER,CYEG,1,0.8889,0.9200,1.30
2024-11-26T02:58:00+00:00,west,noaa-goes18,NIGHT,AUTUMN,CYEG,1,0.0000,0.0000,1.30
2022-06-28T14:56:00+00:00,west,noaa-goes17,DAY,SUMMER,CYEG,1,0.1111,0.0800,1.30
2024-03-11T07:24:00+00:00,west,noaa-goes18,NIGHT,SPRING,CYEG,1,0.0000,0.0400,1.30
2020-11-30T11:14:00+00:00,west,noaa-goes17,NIGHT,AUTUMN,CYEG,0,1.0000,1.0000,1.30
2021-02-09T22:41:00+00:00,west,noaa-goes17,DAY,WINTER,CYEG,1,0.1111,0.3200,1.30
2023-10-05T04:08:00+00:00,west,noaa-goes18,NIGHT,AUTUMN,CYEG,1,0.0000,0.1600,1.30
2025-04-19T22:53:00+00:00,west,noaa-goes18,DAY,SPRING,CYEG,0,1.0000,1.0000,1.30
2025-01-11T19:00:00+00:00,west,noaa-goes18,DAY,WINTER,CYEG,0,1.0000,1.0000,1.30
2025-12-01T13:07:00+00:00,west,noaa-goes18,NIGHT,WINTER,CYEG,0,1.0000,1.0000,1.30
2023-03-26T07:19:00+00:00,west,noaa-goes18,NIGHT,SPRING,CYEG,0,1.0000,1.0000,1.30
2021-05-14T01:15:00+00:00,west,noaa-goes17,DAY,SPRING,CYEG,0,1.0000,1.0000,1.30
2024-09-15T20:50:00+00:00,west,noaa-goes18,DAY,AUTUMN,CYEG,1,0.0000,0.0000,1.30
2025-02-15T02:07:00+00:00,west,noaa-goes18,NIGHT,WINTER,CYEG,0,1.0000,1.0000,1.30
2025-08-09T19:34:00+00:00,west,noaa-goes18,DAY,SUMMER,CYEG,0,1.0000,1.0000,1.30
2020-03-08T20:32:00+00:00,west,noaa-goes17,DAY,SPRING,CYEG,1,0.1111,0.0800,1.30
2022-09-17T22:09:00+00:00,west,noaa-goes17,DAY,AUTUMN,CYEG,0,0.5556,0.4000,1.30
2023-12-16T07:36:00+00:00,west,noaa-goes18,NIGHT,WINTER,CYEG,0,1.0000,1.0000,1.30
2024-09-02T05:42:00+00:00,west,noaa-goes18,NIGHT,AUTUMN,CYEG,1,0.0000,0.0000,1.30
2020-10-04T16:34:00+00:00,west,noaa-goes17,DAY,AUTUMN,CYEG,0,1.0000,1.0000,1.30
2025-09-09T16:35:00+00:00,west,noaa-goes18,DAY,AUTUMN,CYEG,1,0.0000,0.0000,1.30
2020-03-07T11:50:00+00:00,west,noaa-goes17,NIGHT,SPRING,CYEG,0,1.0000,1.0000,1.30
2020-10-03T11:15:00+00:00,west,noaa-goes17,NIGHT,AUTUMN,CYEG,1,0.0000,0.0000,1.30
2021-02-28T18:47:00+00:00,west,noaa-goes17,DAY,WINTER,CYEG,0,1.0000,1.0000,1.30
2023-09-23T04:02:00+00:00,west,noaa-goes18,NIGHT,AUTUMN,CYEG,1,0.0000,0.0000,1.30
2023-12-14T17:21:00+00:00,west,noaa-goes18,DAY,WINTER,CYEG,0,1.0000,1.0000,1.30
2021-12-18T21:29:00+00:00,west,noaa-goes17,DAY,WINTER,CYEG,0,1.0000,1.0000,1.30
2025-05-14T20:11:00+00:00,west,noaa-goes18,DAY,SPRING,CYEG,0,1.0000,1.0000,1.30
2021-07-06T02:45:00+00:00,west,noaa-goes17,DAY,SUMMER,CYEG,0,1.0000,1.0000,1.30
2023-06-24T16:25:00+00:00,west,noaa-goes18,DAY,SUMMER,CYEG,1,0.0000,0.0000,1.30
2025-04-23T08:02:00+00:00,west,noaa-goes18,NIGHT,SPRING,CYEG,0,1.0000,1.0000,1.30
2020-07-14T20:21:00+00:00,west,noaa-goes17,DAY,SUMMER,CYEG,1,0.5556,0.5600,1.30
2023-01-24T03:51:00+00:00,west,noaa-goes18,NIGHT,WINTER,CYEG,0,1.0000,1.0000,1.30
2024-06-26T23:28:00+00:00,west,noaa-goes18,DAY,SUMMER,CYEG,0,1.0000,1.0000,1.30
2024-05-02T10:11:00+00:00,west,noaa-goes18,NIGHT,SPRING,CYEG,0,1.0000,1.0000,1.30
2025-07-25T22:31:00+00:00,west,noaa-goes18,DAY,SUMMER,CYEG,0,1.0000,1.0000,1.30
2024-02-13T16:17:00+00:00,west,noaa-goes18,DAY,WINTER,CYEG,0,1.0000,1.0000,1.30
2020-11-19T13:38:00+00:00,west,noaa-goes17,NIGHT,AUTUMN,CYEG,0,1.0000,1.0000,1.30
2022-01-09T17:18:00+00:00,west,noaa-goes17,DAY,WINTER,CYEG,1,0.0000,0.0800,1.30
2023-09-05T21:18:00+00:00,west,noaa-goes18,DAY,AUTUMN,CYEG,0,1.0000,1.0000,1.30
2023-06-09T14:38:00+00:00,west,noaa-goes18,DAY,SUMMER,CYEG,1,0.0000,0.0000,1.30
2024-10-11T05:44:00+00:00,west,noaa-goes18,NIGHT,AUTUMN,CYEG,0,0.8889,0.8800,1.30
2024-12-23T11:28:00+00:00,west,noaa-goes18,NIGHT,WINTER,CYEG,0,1.0000,1.0000,1.30
2020-06-22T23:55:00+00:00,west,noaa-goes17,DAY,SUMMER,CYEG,0,1.0000,1.0000,1.30
2023-12-15T19:27:00+00:00,west,noaa-goes18,DAY,WINTER,CYEG,0,1.0000,1.0000,1.30
2023-01-29T20:50:00+00:00,west,noaa-goes18,DAY,WINTER,CYEG,0,1.0000,1.0000,1.30
2024-11-29T01:08:00+00:00,west,noaa-goes18,NIGHT,AUTUMN,CYEG,1,0.0000,0.0000,1.30
2020-10-02T07:49:00+00:00,west,noaa-goes17,NIGHT,AUTUMN,CYEG,0,1.0000,1.0000,1.30
2024-02-09T11:24:00+00:00,west,noaa-goes18,NIGHT,WINTER,CYEG,0,1.0000,1.0000,1.30
2020-05-12T19:09:00+00:00,west,noaa-goes17,DAY,SPRING,CYEG,0,1.0000,1.0000,1.30
2025-01-16T11:23:00+00:00,west,noaa-goes18,NIGHT,WINTER,CYEG,0,1.0000,1.0000,1.30
2024-12-23T02:36:00+00:00,west,noaa-goes18,NIGHT,WINTER,CYEG,1,0.0000,0.0000,1.30
2021-07-17T16:23:00+00:00,west,noaa-goes17,DAY,SUMMER,CYEG,0,1.0000,1.0000,1.30
2023-02-15T07:07:00+00:00,west,noaa-goes18,NIGHT,WINTER,CYEG,0,1.0000,1.0000,1.30
2020-04-16T23:11:00+00:00,west,noaa-goes17,DAY,SPRING,CYEG,0,0.2222,0.2000,1.30
2025-08-06T16:24:00+00:00,west,noaa-goes18,DAY,SUMMER,CYEG,0,1.0000,1.0000,1.30
2022-05-28T19:18:00+00:00,west,noaa-goes17,DAY,SPRING,CYEG,1,0.0000,0.0000,1.30
2021-07-09T02:28:00+00:00,west,noaa-goes17,DAY,SUMMER,CYEG,1,0.1111,0.0400,1.30
2020-12-25T21:54:00+00:00,west,noaa-goes17,DAY,WINTER,CYEG,0,1.0000,1.0000,1.30
2023-08-02T21:22:00+00:00,west,noaa-goes18,DAY,SUMMER,CYEG,0,1.0000,0.9600,1.30
2020-09-22T17:34:00+00:00,west,noaa-goes17,DAY,AUTUMN,CYEG,1,0.0000,0.0000,1.30
2023-04-04T09:54:00+00:00,west,noaa-goes18,NIGHT,SPRING,CYEG,1,0.0000,0.0000,1.30
2021-10-07T22:45:00+00:00,west,noaa-goes17,DAY,AUTUMN,CYEG,1,0.0000,0.0000,1.30
2021-12-14T11:32:00+00:00,west,noaa-goes17,NIGHT,WINTER,CYEG,0,1.0000,1.0000,1.30
2025-07-16T00:23:00+00:00,west,noaa-goes18,DAY,SUMMER,CYEG,1,0.0000,0.0000,1.30
2021-06-15T19:56:00+00:00,west,noaa-goes17,DAY,SUMMER,CYEG,0,1.0000,0.9200,1.30
2020-12-19T02:19:00+00:00,west,noaa-goes17,NIGHT,WINTER,CYEG,0,1.0000,1.0000,1.30
2024-06-18T22:46:00+00:00,west,noaa-goes18,DAY,SUMMER,CYEG,0,1.0000,1.0000,1.30
2025-05-14T16:26:00+00:00,west,noaa-goes18,DAY,SPRING,CYEG,0,0.6667,0.6800,1.30
2024-08-04T18:04:00+00:00,west,noaa-goes18,DAY,SUMMER,CYEG,0,1.0000,0.8400,1.30
2025-10-20T11:08:00+00:00,west,noaa-goes18,NIGHT,AUTUMN,CYEG,0,1.0000,1.0000,1.30
2022-01-15T04:27:00+00:00,west,noaa-goes17,NIGHT,WINTER,CYEG,0,1.0000,0.9200,1.30
2025-08-21T01:53:00+00:00,west,noaa-goes18,DAY,SUMMER,CYEG,0,0.5556,0.6400,1.30
2021-05-23T16:09:00+00:00,west,noaa-goes17,DAY,SPRING,CYEG,0,1.0000,1.0000,1.30
2023-08-14T22:14:00+00:00,west,noaa-goes18,DAY,SUMMER,CYEG,0,0.6667,0.5600,1.30
2023-11-18T16:57:00+00:00,west,noaa-goes18,DAY,AUTUMN,CYEG,1,0.0000,0.0000,1.30
2022-03-15T20:35:00+00:00,west,noaa-goes17,DAY,SPRING,CYEG,0,1.0000,1.0000,1.30
2023-01-29T04:40:00+00:00,west,noaa-goes18,NIGHT,WINTER,CYEG,0,1.0000,0.8800,1.30
2023-05-25T19:34:00+00:00,west,noaa-goes18,DAY,SPRING,CYEG,0,0.8889,0.7600,1.30
2021-01-17T16:41:00+00:00,west,noaa-goes17,DAY,WINTER,CYEG,0,1.0000,1.0000,1.30
2021-11-21T18:37:00+00:00,west,noaa-goes17,DAY,AUTUMN,CYEG,0,1.0000,1.0000,1.30
2021-09-23T05:42:00+00:00,west,noaa-goes17,NIGHT,AUTUMN,CYEG,1,0.0000,0.0000,1.30
2023-10-14T18:02:00+00:00,west,noaa-goes18,DAY,AUTUMN,CYEG,1,0.2222,0.2400,1.30
2020-04-26T02:02:00+00:00,west,noaa-goes17,DAY,SPRING,CYEG,0,1.0000,1.0000,1.30
2022-12-20T20:13:00+00:00,west,noaa-goes17,DAY,WINTER,CYEG,1,0.5556,0.5200,1.30
2024-09-02T19:40:00+00:00,west,noaa-goes18,DAY,AUTUMN,CYEG,1,0.0000,0.1200,1.30
2020-05-04T15:56:00+00:00,west,noaa-goes17,DAY,SPRING,CYEG,0,1.0000,1.0000,1.30
2023-04-01T20:19:00+00:00,west,noaa-goes18,DAY,SPRING,CYEG,0,1.0000,0.8400,1.30
2025-06-01T07:51:00+00:00,west,noaa-goes18,NIGHT,SUMMER,CYEG,0,1.0000,1.0000,1.30
2024-07-21T09:29:00+00:00,west,noaa-goes18,NIGHT,SUMMER,CYEG,1,0.0000,0.0000,1.30
2020-10-25T22:03:00+00:00,west,noaa-goes17,DAY,AUTUMN,CYEG,0,1.0000,1.0000,1.30
2025-06-06T14:13:00+00:00,west,noaa-goes18,DAY,SUMMER,CYEG,0,1.0000,1.0000,1.30
2023-10-25T19:09:00+00:00,west,noaa-goes18,DAY,AUTUMN,CYEG,1,0.0000,0.0000,1.30
2023-07-04T22:20:00+00:00,west,noaa-goes18,DAY,SUMMER,CYEG,0,1.0000,0.9600,1.30
2023-11-15T12:08:00+00:00,west,noaa-goes18,NIGHT,AUTUMN,CYEG,0,0.2222,0.1200,1.30
2024-02-26T16:35:00+00:00,west,noaa-goes18,DAY,WINTER,CYEG,0,1.0000,1.0000,1.30
2021-03-10T10:15:00+00:00,west,noaa-goes17,NIGHT,SPRING,CYEG,0,1.0000,0.9200,1.30
2025-03-25T03:17:00+00:00,west,noaa-goes18,NIGHT,SPRING,CYEG,1,0.0000,0.0000,1.30
2025-01-15T07:09:00+00:00,west,noaa-goes18,NIGHT,WINTER,CYEG,0,1.0000,1.0000,1.30
2024-04-22T19:26:00+00:00,west,noaa-goes18,DAY,SPRING,CYEG,1,0.0000,0.0000,1.30
2022-10-13T05:52:00+00:00,west,noaa-goes17,NIGHT,AUTUMN,CYEG,1,0.0000,0.0000,1.30
2023-09-03T18:46:00+00:00,west,noaa-goes18,DAY,AUTUMN,CYEG,0,1.0000,1.0000,1.30
2023-07-04T06:48:00+00:00,west,noaa-goes18,NIGHT,SUMMER,CYEG,0,1.0000,1.0000,1.30
2021-10-14T15:32:00+00:00,west,noaa-goes17,DAY,AUTUMN,CYEG,1,0.0000,0.0000,1.30
2025-03-27T15:56:00+00:00,west,noaa-goes18,DAY,SPRING,CYEG,0,1.0000,1.0000,1.30
2023-06-17T15:01:00+00:00,west,noaa-goes18,DAY,SUMMER,CYEG,0,1.0000,1.0000,1.30
2021-01-03T12:32:00+00:00,west,noaa-goes17,NIGHT,WINTER,CYEG,0,1.0000,1.0000,1.30
2025-02-15T07:13:00+00:00,west,noaa-goes18,NIGHT,WINTER,CYEG,0,1.0000,0.8400,1.30
2023-12-16T01:03:00+00:00,west,noaa-goes18,NIGHT,WINTER,CYEG,0,1.0000,1.0000,1.30
2023-02-26T15:38:00+00:00,west,noaa-goes18,DAY,WINTER,CYEG,0,1.0000,1.0000,1.30
2020-02-03T03:27:00+00:00,west,noaa-goes17,NIGHT,WINTER,CYEG,0,1.0000,1.0000,1.30
2021-07-02T08:46:00+00:00,west,noaa-goes17,NIGHT,SUMMER,CYEG,0,1.0000,0.9600,1.30
2024-02-07T12:23:00+00:00,west,noaa-goes18,NIGHT,WINTER,CYEG,0,1.0000,1.0000,1.30
2022-03-08T11:35:00+00:00,west,noaa-goes17,NIGHT,SPRING,CYEG,0,1.0000,1.0000,1.30
2025-08-27T14:48:00+00:00,west,noaa-goes18,DAY,SUMMER,CYEG,1,0.0000,0.0000,1.30
2023-02-19T19:43:00+00:00,west,noaa-goes18,DAY,WINTER,CYEG,0,1.0000,1.0000,1.30
2023-10-20T17:23:00+00:00,west,noaa-goes18,DAY,AUTUMN,CYEG,1,0.0000,0.0000,1.30
2020-06-13T01:02:00+00:00,west,noaa-goes17,DAY,SUMMER,CYEG,0,1.0000,1.0000,1.30
2021-07-15T22:21:00+00:00,west,noaa-goes17,DAY,SUMMER,CYEG,1,0.6667,0.7200,1.30
2025-04-24T16:29:00+00:00,west,noaa-goes18,DAY,SPRING,CYEG,1,0.0000,0.0000,1.30
2021-09-02T19:57:00+00:00,west,noaa-goes17,DAY,AUTUMN,CYEG,0,1.0000,1.0000,1.30
2025-10-12T04:20:00+00:00,west,noaa-goes18,NIGHT,AUTUMN,CYEG,0,1.0000,1.0000,1.30
2023-05-10T18:21:00+00:00,west,noaa-goes18,DAY,SPRING,CYEG,0,0.5556,0.4400,1.30
2025-09-08T16:34:00+00:00,west,noaa-goes18,DAY,AUTUMN,CYEG,1,0.0000,0.0000,1.30
2025-06-29T22:36:00+00:00,west,noaa-goes18,DAY,SUMMER,CYEG,0,0.6667,0.6000,1.30
2023-05-12T15:52:00+00:00,west,noaa-goes18,DAY,SPRING,CYEG,1,0.0000,0.0000,1.30
2020-03-09T11:21:00+00:00,west,noaa-goes17,NIGHT,SPRING,CYEG,0,1.0000,1.0000,1.30
2023-06-14T23:55:00+00:00,west,noaa-goes18,DAY,SUMMER,CYEG,0,1.0000,1.0000,1.30
2020-04-19T19:30:00+00:00,west,noaa-goes17,DAY,SPRING,CYEG,1,0.0000,0.1200,1.30
2022-12-23T20:50:00+00:00,west,noaa-goes17,DAY,WINTER,CYEG,0,1.0000,1.0000,1.30
2022-07-21T23:03:00+00:00,west,noaa-goes17,DAY,SUMMER,CYEG,0,1.0000,0.9200,1.30
2025-05-21T05:33:00+00:00,west,noaa-goes18,NIGHT,SPRING,CYEG,0,1.0000,1.0000,1.30
2024-04-06T04:52:00+00:00,west,noaa-goes18,NIGHT,SPRING,CYEG,0,1.0000,1.0000,1.30
2021-03-26T06:01:00+00:00,west,noaa-goes17,NIGHT,SPRING,CYEG,0,1.0000,1.0000,1.30
2024-12-11T10:26:00+00:00,west,noaa-goes18,NIGHT,WINTER,CYEG,0,1.0000,1.0000,1.30
2022-04-15T13:32:00+00:00,west,noaa-goes17,DAY,SPRING,CYEG,0,1.0000,1.0000,1.30
2025-04-15T23:46:00+00:00,west,noaa-goes18,DAY,SPRING,CYEG,0,1.0000,1.0000,1.30
2020-09-12T22:08:00+00:00,west,noaa-goes17,DAY,AUTUMN,CYEG,0,1.0000,1.0000,1.30
2025-10-25T06:35:00+00:00,west,noaa-goes18,NIGHT,AUTUMN,CYEG,0,1.0000,1.0000,1.30
2023-08-24T21:30:00+00:00,west,noaa-goes18,DAY,SUMMER,CYEG,1,0.3333,0.3600,1.30
2025-11-22T12:20:00+00:00,west,noaa-goes18,NIGHT,AUTUMN,CYEG,0,0.7778,0.5600,1.30
2025-12-23T10:34:00+00:00,west,noaa-goes18,NIGHT,WINTER,CYEG,1,0.0000,0.0000,1.30
2023-12-22T21:49:00+00:00,west,noaa-goes18,DAY,WINTER,CYEG,0,1.0000,0.9600,1.30
2022-12-18T19:30:00+00:00,west,noaa-goes17,DAY,WINTER,CYEG,0,0.6667,0.4800,1.30
2023-05-07T07:19:00+00:00,west,noaa-goes18,NIGHT,SPRING,CYEG,0,1.0000,1.0000,1.30
2023-03-29T22:13:00+00:00,west,noaa-goes18,DAY,SPRING,CYEG,0,1.0000,1.0000,1.30
2023-11-29T17:59:00+00:00,west,noaa-goes18,DAY,AUTUMN,CYEG,1,0.0000,0.0000,1.30
2023-01-25T09:07:00+00:00,west,noaa-goes18,NIGHT,WINTER,CYEG,1,0.0000,0.0800,1.30
2023-11-14T04:18:00+00:00,west,noaa-goes18,NIGHT,AUTUMN,CYEG,0,1.0000,1.0000,1.30
2020-11-19T11:59:00+00:00,west,noaa-goes17,NIGHT,AUTUMN,CYEG,0,1.0000,1.0000,1.30
2024-12-16T20:16:00+00:00,west,noaa-goes18,DAY,WINTER,CYEG,1,0.0000,0.0000,1.30
2025-05-16T06:12:00+00:00,west,noaa-goes18,NIGHT,SPRING,CYEG,1,0.0000,0.0800,1.30
2023-01-15T17:44:00+00:00,west,noaa-goes18,DAY,WINTER,CYEG,0,1.0000,1.0000,1.30
2023-01-17T04:06:00+00:00,west,noaa-goes18,NIGHT,WINTER,CYEG,0,1.0000,1.0000,1.30
2022-09-07T07:03:00+00:00,west,noaa-goes17,NIGHT,AUTUMN,CYEG,0,1.0000,1.0000,1.30
2025-12-15T07:40:00+00:00,west,noaa-goes18,NIGHT,WINTER,CYEG,0,1.0000,1.0000,1.30
2022-08-11T01:06:00+00:00,west,noaa-goes17,DAY,SUMMER,CYEG,1,0.7778,0.7600,1.30
2024-08-19T10:45:00+00:00,west,noaa-goes18,NIGHT,SUMMER,CYEG,1,0.0000,0.0000,1.30
2021-07-17T00:35:00+00:00,west,noaa-goes17,DAY,SUMMER,CYEG,0,0.8889,0.8000,1.30
2025-05-02T15:41:00+00:00,west,noaa-goes18,DAY,SPRING,CYEG,1,0.0000,0.0000,1.30
2022-03-27T09:20:00+00:00,west,noaa-goes17,NIGHT,SPRING,CYEG,1,0.0000,0.0800,1.30
2023-03-15T20:03:00+00:00,west,noaa-goes18,DAY,SPRING,CYEG,0,1.0000,1.0000,1.30
2021-01-01T20:36:00+00:00,west,noaa-goes17,DAY,WINTER,CYEG,0,1.0000,1.0000,1.30
2022-08-09T17:47:00+00:00,west,noaa-goes17,DAY,SUMMER,CYEG,1,0.0000,0.0000,1.30
2021-12-21T01:53:00+00:00,west,noaa-goes17,NIGHT,WINTER,CYEG,1,0.0000,0.0000,1.30
2024-06-14T15:11:00+00:00,west,noaa-goes18,DAY,SUMMER,CYEG,0,1.0000,1.0000,1.30
2023-03-31T01:00:00+00:00,west,noaa-goes18,DAY,SPRING,CYEG,1,0.0000,0.0000,1.30
2023-05-07T18:38:00+00:00,west,noaa-goes18,DAY,SPRING,CYEG,0,1.0000,1.0000,1.30
2021-03-15T10:18:00+00:00,west,noaa-goes17,NIGHT,SPRING,CYEG,0,1.0000,1.0000,1.30
2025-02-04T20:34:00+00:00,west,noaa-goes18,DAY,WINTER,CYEG,0,1.0000,1.0000,1.30
2021-07-03T16:29:00+00:00,west,noaa-goes17,DAY,SUMMER,CYEG,1,0.1111,0.0800,1.30
2023-01-22T06:51:00+00:00,west,noaa-goes18,NIGHT,WINTER,CYEG,0,1.0000,1.0000,1.30
2021-04-06T10:10:00+00:00,west,noaa-goes17,NIGHT,SPRING,CYEG,0,1.0000,1.0000,1.30
2025-02-22T20:16:00+00:00,west,noaa-goes18,DAY,WINTER,CYEG,1,0.0000,0.0000,1.30
2023-10-12T09:36:00+00:00,west,noaa-goes18,NIGHT,AUTUMN,CYEG,0,0.7778,0.6800,1.30
2022-03-02T05:39:00+00:00,west,noaa-goes17,NIGHT,SPRING,CYEG,0,1.0000,1.0000,1.30
2024-07-18T13:32:00+00:00,west,noaa-goes18,DAY,SUMMER,CYEG,1,0.0000,0.0000,1.30
2021-01-25T05:08:00+00:00,west,noaa-goes17,NIGHT,WINTER,CYEG,0,0.6667,0.5200,1.30
2024-04-20T07:28:00+00:00,west,noaa-goes18,NIGHT,SPRING,CYEG,0,0.4444,0.5200,1.30
2022-12-29T10:19:00+00:00,west,noaa-goes17,NIGHT,WINTER,CYEG,1,0.1111,0.0800,1.30
2020-02-16T08:41:00+00:00,west,noaa-goes17,NIGHT,WINTER,CYEG,1,0.4444,0.6000,1.30
2024-01-12T22:15:00+00:00,west,noaa-goes18,DAY,WINTER,CYEG,1,0.5556,0.4000,1.30
2020-09-11T21:07:00+00:00,west,noaa-goes17,DAY,AUTUMN,CYEG,1,0.0000,0.0400,1.30
2025-03-21T09:10:00+00:00,west,noaa-goes18,NIGHT,SPRING,CYEG,0,0.5556,0.4800,1.30
2024-07-18T21:32:00+00:00,west,noaa-goes18,DAY,SUMMER,CYEG,1,0.0000,0.0000,1.30
2023-06-27T22:07:00+00:00,west,noaa-goes18,DAY,SUMMER,CYEG,0,1.0000,1.0000,1.30
2022-06-23T07:08:00+00:00,west,noaa-goes17,NIGHT,SUMMER,CYEG,1,0.0000,0.0800,1.30
2025-04-12T17:51:00+00:00,west,noaa-goes18,DAY,SPRING,CYEG,0,1.0000,1.0000,1.30
2022-06-13T07:43:00+00:00,west,noaa-goes17,NIGHT,SUMMER,CYEG,0,1.0000,1.0000,1.30
2020-11-15T18:07:00+00:00,west,noaa-goes17,DAY,AUTUMN,CYEG,0,1.0000,1.0000,1.30
2020-09-09T17:57:00+00:00,west,noaa-goes17,DAY,AUTUMN,CYEG,0,0.6667,0.5600,1.30
2025-09-01T06:36:00+00:00,west,noaa-goes18,NIGHT,AUTUMN,CYEG,0,0.4444,0.6000,1.30
2021-09-05T05:20:00+00:00,west,noaa-goes17,NIGHT,AUTUMN,CYEG,0,1.0000,1.0000,1.30
2022-04-21T22:37:00+00:00,west,noaa-goes17,DAY,SPRING,CYEG,0,1.0000,0.8000,1.30
2025-06-25T02:57:00+00:00,west,noaa-goes18,DAY,SUMMER,CYEG,1,0.0000,0.0000,1.30
2025-09-21T14:51:00+00:00,west,noaa-goes18,DAY,AUTUMN,CYEG,1,0.0000,0.2000,1.30
2020-08-15T14:08:00+00:00,west,noaa-goes17,DAY,SUMMER,CYEG,0,1.0000,1.0000,1.30
2020-08-24T17:29:00+00:00,west,noaa-goes17,DAY,SUMMER,CYEG,0,1.0000,1.0000,1.30
2023-06-16T23:01:00+00:00,west,noaa-goes18,DAY,SUMMER,CYEG,0,1.0000,1.0000,1.30
2023-11-12T22:04:00+00:00,west,noaa-goes18,DAY,AUTUMN,CYEG,1,0.0000,0.0000,1.30
2025-04-17T01:18:00+00:00,west,noaa-goes18,DAY,SPRING,CYEG,1,0.7778,0.6400,1.30
2024-08-01T05:49:00+00:00,west,noaa-goes18,NIGHT,SUMMER,CYEG,1,0.0000,0.0000,1.30
2021-07-08T20:46:00+00:00,west,noaa-goes17,DAY,SUMMER,CYEG,1,0.3333,0.3600,1.30
2024-04-15T14:55:00+00:00,west,noaa-goes18,DAY,SPRING,CYEG,0,1.0000,1.0000,1.30
2021-06-28T20:55:00+00:00,west,noaa-goes17,DAY,SUMMER,CYEG,1,0.3333,0.3200,1.30
2023-11-25T03:11:00+00:00,west,noaa-goes18,NIGHT,AUTUMN,CYEG,1,0.0000,0.0000,1.30
2024-05-28T16:08:00+00:00,west,noaa-goes18,DAY,SPRING,CYEG,0,1.0000,1.0000,1.30
2022-07-01T00:48:00+00:00,west,noaa-goes17,DAY,SUMMER,CYEG,1,0.0000,0.0000,1.30
2020-04-03T09:29:00+00:00,west,noaa-goes17,NIGHT,SPRING,CYEG,0,1.0000,0.8400,1.30
2024-10-03T17:24:00+00:00,west,noaa-goes18,DAY,AUTUMN,CYEG,0,1.0000,1.0000,1.30
2022-07-29T07:29:00+00:00,west,noaa-goes17,NIGHT,SUMMER,CYEG,1,0.3333,0.4000,1.30
2023-11-18T04:17:00+00:00,west,noaa-goes18,NIGHT,AUTUMN,CYEG,0,1.0000,1.0000,1.30
2024-09-13T19:49:00+00:00,west,noaa-goes18,DAY,AUTUMN,CYEG,0,1.0000,1.0000,1.30
2020-03-05T07:13:00+00:00,west,noaa-goes17,NIGHT,SPRING,CYEG,1,0.0000,0.0000,1.30
2020-10-02T03:38:00+00:00,west,noaa-goes17,NIGHT,AUTUMN,CYEG,0,1.0000,1.0000,1.30
2020-05-17T14:38:00+00:00,west,noaa-goes17,DAY,SPRING,CYEG,0,1.0000,1.0000,1.30
2020-07-18T07:47:00+00:00,west,noaa-goes17,NIGHT,SUMMER,CYEG,0,1.0000,1.0000,1.30
2020-06-30T12:28:00+00:00,west,noaa-goes17,DAY,SUMMER,CYEG,0,1.0000,1.0000,1.30
2022-08-17T17:13:00+00:00,west,noaa-goes17,DAY,SUMMER,CYEG,1,0.0000,0.0000,1.30
2020-08-19T04:32:00+00:00,west,noaa-goes17,NIGHT,SUMMER,CYEG,1,0.2222,0.0800,1.30
2023-03-30T07:52:00+00:00,west,noaa-goes18,NIGHT,SPRING,CYEG,0,1.0000,1.0000,1.30
2023-07-30T18:38:00+00:00,west,noaa-goes18,DAY,SUMMER,CYEG,1,0.0000,0.0000,1.30
2023-08-06T07:19:00+00:00,west,noaa-goes18,NIGHT,SUMMER,CYEG,1,0.0000,0.0000,1.30
2021-08-09T21:33:00+00:00,west,noaa-goes17,DAY,SUMMER,CYEG,1,0.0000,0.0000,1.30
2022-06-24T13:19:00+00:00,west,noaa-goes17,DAY,SUMMER,CYEG,0,1.0000,1.0000,1.30
2021-12-18T20:43:00+00:00,west,noaa-goes17,DAY,WINTER,CYEG,0,1.0000,1.0000,1.30
2024-10-15T17:31:00+00:00,west,noaa-goes18,DAY,AUTUMN,CYEG,0,0.5556,0.5200,1.30
2024-04-10T16:20:00+00:00,west,noaa-goes18,DAY,SPRING,CYEG,1,0.0000,0.0000,1.30
2025-04-23T07:54:00+00:00,west,noaa-goes18,NIGHT,SPRING,CYEG,0,1.0000,1.0000,1.30
2021-08-14T14:58:00+00:00,west,noaa-goes17,DAY,SUMMER,CYEG,0,1.0000,1.0000,1.30
2020-08-24T17:26:00+00:00,west,noaa-goes17,DAY,SUMMER,CYEG,0,1.0000,1.0000,1.30
2024-09-02T17:33:00+00:00,west,noaa-goes18,DAY,AUTUMN,CYEG,1,0.0000,0.0000,1.30
2021-07-03T12:15:00+00:00,west,noaa-goes17,DAY,SUMMER,CYEG,0,1.0000,1.0000,1.30
2024-02-28T02:34:00+00:00,west,noaa-goes18,NIGHT,WINTER,CYEG,0,0.8889,0.9200,1.30
2024-03-24T21:38:00+00:00,west,noaa-goes18,DAY,SPRING,CYEG,0,1.0000,1.0000,1.30
2020-06-10T02:12:00+00:00,west,noaa-goes17,DAY,SUMMER,CYEG,1,0.0000,0.0800,1.30
2022-06-07T15:13:00+00:00,west,noaa-goes17,DAY,SUMMER,CYEG,0,1.0000,1.0000,1.30
2023-09-25T09:58:00+00:00,west,noaa-goes18,NIGHT,AUTUMN,CYEG,1,0.0000,0.0400,1.30
2020-03-03T06:59:00+00:00,west,noaa-goes17,NIGHT,SPRING,CYEG,0,1.0000,1.0000,1.30
2022-02-17T23:07:00+00:00,west,noaa-goes17,DAY,WINTER,CYEG,1,0.3333,0.4800,1.30
2025-05-15T07:44:00+00:00,west,noaa-goes18,NIGHT,SPRING,CYEG,0,1.0000,1.0000,1.30
2022-09-07T17:20:00+00:00,west,noaa-goes17,DAY,AUTUMN,CYEG,0,1.0000,1.0000,1.30
2023-03-05T12:29:00+00:00,west,noaa-goes18,NIGHT,SPRING,CYEG,0,1.0000,1.0000,1.30
2025-12-25T20:22:00+00:00,west,noaa-goes18,DAY,WINTER,CYEG,1,0.0000,0.0000,1.30
2023-06-17T08:23:00+00:00,west,noaa-goes18,NIGHT,SUMMER,CYEG,1,0.0000,0.0000,1.30
2025-10-01T15:29:00+00:00,west,noaa-goes18,DAY,AUTUMN,CYEG,0,1.0000,1.0000,1.30
2021-02-07T23:30:00+00:00,west,noaa-goes17,DAY,WINTER,CYEG,0,1.0000,0.7600,1.30
2023-08-04T06:23:00+00:00,west,noaa-goes18,NIGHT,SUMMER,CYEG,0,0.3333,0.1600,1.30
2023-07-05T13:02:00+00:00,west,noaa-goes18,DAY,SUMMER,CYEG,1,0.0000,0.0000,1.30
2022-06-25T23:09:00+00:00,west,noaa-goes17,DAY,SUMMER,CYEG,1,0.0000,0.0000,1.30
2020-03-07T08:35:00+00:00,west,noaa-goes17,NIGHT,SPRING,CYEG,0,1.0000,1.0000,1.30
2024-09-06T09:09:00+00:00,west,noaa-goes18,NIGHT,AUTUMN,CYEG,1,0.0000,0.0000,1.30
2022-03-14T10:14:00+00:00,west,noaa-goes17,NIGHT,SPRING,CYEG,0,1.0000,1.0000,1.30
2024-04-04T18:53:00+00:00,west,noaa-goes18,DAY,SPRING,CYEG,0,1.0000,1.0000,1.30
2022-10-03T15:35:00+00:00,west,noaa-goes17,DAY,AUTUMN,CYEG,0,1.0000,1.0000,1.30
2023-10-14T08:48:00+00:00,west,noaa-goes18,NIGHT,AUTUMN,CYEG,1,0.0000,0.0000,1.30
2025-06-24T23:41:00+00:00,west,noaa-goes18,DAY,SUMMER,CYEG,0,0.5556,0.5600,1.30
2025-07-02T14:10:00+00:00,west,noaa-goes18,DAY,SUMMER,CYEG,1,0.0000,0.0000,1.30
2023-12-13T05:08:00+00:00,west,noaa-goes18,NIGHT,WINTER,CYEG,0,1.0000,1.0000,1.30
2020-08-28T16:02:00+00:00,west,noaa-goes17,DAY,SUMMER,CYEG,0,1.0000,0.8400,1.30
2020-10-31T21:03:00+00:00,west,noaa-goes17,DAY,AUTUMN,CYEG,0,1.0000,1.0000,1.30
2020-01-27T13:08:00+00:00,west,noaa-goes17,NIGHT,WINTER,CYEG,0,1.0000,1.0000,1.30
2021-09-10T00:13:00+00:00,west,noaa-goes17,DAY,AUTUMN,CYEG,0,1.0000,1.0000,1.30
2025-09-02T14:23:00+00:00,west,noaa-goes18,DAY,AUTUMN,CYEG,0,1.0000,1.0000,1.30
2020-09-04T19:40:00+00:00,west,noaa-goes17,DAY,AUTUMN,CYEG,0,0.7778,0.7200,1.30
2025-06-02T21:31:00+00:00,west,noaa-goes18,DAY,SUMMER,CYEG,1,0.4444,0.6400,1.30
2024-08-11T00:01:00+00:00,west,noaa-goes18,DAY,SUMMER,CYEG,1,0.0000,0.0000,1.30
2023-03-20T00:32:00+00:00,west,noaa-goes18,DAY,SPRING,CYEG,1,0.0000,0.0000,1.30
2024-10-29T05:06:00+00:00,west,noaa-goes18,NIGHT,AUTUMN,CYEG,0,1.0000,1.0000,1.30
2022-09-14T06:39:00+00:00,west,noaa-goes17,NIGHT,AUTUMN,CYEG,0,0.8889,0.9600,1.30
2025-11-26T08:52:00+00:00,west,noaa-goes18,NIGHT,AUTUMN,CYEG,1,0.0000,0.2000,1.30
2023-12-22T08:50:00+00:00,west,noaa-goes18,NIGHT,WINTER,CYEG,1,0.0000,0.0000,1.30
2024-06-13T02:23:00+00:00,west,noaa-goes18,DAY,SUMMER,CYEG,0,1.0000,1.0000,1.30
2024-07-21T14:36:00+00:00,west,noaa-goes18,DAY,SUMMER,CYEG,1,0.0000,0.0000,1.30
2022-09-23T22:14:00+00:00,west,noaa-goes17,DAY,AUTUMN,CYEG,1,0.0000,0.0000,1.30
2023-05-13T21:52:00+00:00,west,noaa-goes18,DAY,SPRING,CYEG,1,0.0000,0.0000,1.30
2020-11-26T20:54:00+00:00,west,noaa-goes17,DAY,AUTUMN,CYEG,0,1.0000,1.0000,1.30
2020-05-09T02:25:00+00:00,west,noaa-goes17,DAY,SPRING,CYEG,0,1.0000,0.8800,1.30
2025-05-03T01:40:00+00:00,west,noaa-goes18,DAY,SPRING,CYEG,1,0.0000,0.0000,1.30
2020-02-08T22:10:00+00:00,west,noaa-goes17,DAY,WINTER,CYEG,1,0.0000,0.2000,1.30
2024-11-12T20:50:00+00:00,west,noaa-goes18,DAY,AUTUMN,CYEG,0,1.0000,0.8800,1.30
2023-09-18T18:54:00+00:00,west,noaa-goes18,DAY,AUTUMN,CYEG,0,1.0000,1.0000,1.30
2021-01-25T16:58:00+00:00,west,noaa-goes17,DAY,WINTER,CYEG,0,1.0000,1.0000,1.30
2020-06-23T07:13:00+00:00,west,noaa-goes17,NIGHT,SUMMER,CYEG,0,1.0000,1.0000,1.30
2025-05-01T08:02:00+00:00,west,noaa-goes18,NIGHT,SPRING,CYEG,0,1.0000,1.0000,1.30
2020-10-31T21:59:00+00:00,west,noaa-goes17,DAY,AUTUMN,CYEG,0,1.0000,1.0000,1.30
2023-02-22T17:36:00+00:00,west,noaa-goes18,DAY,WINTER,CYEG,0,1.0000,1.0000,1.30
2020-05-14T05:59:00+00:00,west,noaa-goes17,NIGHT,SPRING,CYEG,1,0.0000,0.0000,1.30
2023-07-12T00:13:00+00:00,west,noaa-goes18,DAY,SUMMER,CYEG,1,0.0000,0.0000,1.30
2021-08-13T22:52:00+00:00,west,noaa-goes17,DAY,SUMMER,CYEG,1,0.0000,0.0000,1.30
2024-06-19T02:19:00+00:00,west,noaa-goes18,DAY,SUMMER,CYEG,0,1.0000,1.0000,1.30
2021-10-27T18:15:00+00:00,west,noaa-goes17,DAY,AUTUMN,CYEG,1,0.0000,0.1200,1.30
2024-05-12T21:57:00+00:00,west,noaa-goes18,DAY,SPRING,CYEG,1,0.1111,0.2800,1.30
2021-07-27T22:46:00+00:00,west,noaa-goes17,DAY,SUMMER,CYEG,1,0.0000,0.0000,1.30
2020-11-17T16:47:00+00:00,west,noaa-goes17,DAY,AUTUMN,CYEG,0,1.0000,1.0000,1.30
2023-11-17T01:06:00+00:00,west,noaa-goes18,NIGHT,AUTUMN,CYEG,0,1.0000,1.0000,1.30
2024-11-25T07:53:00+00:00,west,noaa-goes18,NIGHT,AUTUMN,CYEG,0,1.0000,1.0000,1.30
2020-11-07T10:38:00+00:00,west,noaa-goes17,NIGHT,AUTUMN,CYEG,0,1.0000,1.0000,1.30
2023-04-24T07:45:00+00:00,west,noaa-goes18,NIGHT,SPRING,CYEG,0,1.0000,1.0000,1.30
2020-10-28T02:17:00+00:00,west,noaa-goes17,NIGHT,AUTUMN,CYEG,0,1.0000,1.0000,1.30
2021-09-23T23:24:00+00:00,west,noaa-goes17,DAY,AUTUMN,CYEG,0,0.7778,0.6800,1.30
2024-12-26T11:48:00+00:00,west,noaa-goes18,NIGHT,WINTER,CYEG,1,0.0000,0.0000,1.30
2023-01-09T03:08:00+00:00,west,noaa-goes18,NIGHT,WINTER,CYEG,1,0.0000,0.0000,1.30
2020-12-23T05:27:00+00:00,west,noaa-goes17,NIGHT,WINTER,CYEG,1,0.1111,0.2800,1.30
2025-01-12T17:35:00+00:00,west,noaa-goes18,DAY,WINTER,CYEG,1,0.0000,0.0000,1.30
2021-01-16T19:38:00+00:00,west,noaa-goes17,DAY,WINTER,CYEG,1,0.2222,0.4800,1.30
2022-09-21T18:33:00+00:00,west,noaa-goes17,DAY,AUTUMN,CYEG,1,0.0000,0.0000,1.30
2021-11-25T21:24:00+00:00,west,noaa-goes17,DAY,AUTUMN,CYEG,0,1.0000,1.0000,1.30
2021-11-25T04:17:00+00:00,west,noaa-goes17,NIGHT,AUTUMN,CYEG,0,1.0000,1.0000,1.30
2023-05-18T08:31:00+00:00,west,noaa-goes18,NIGHT,SPRING,CYEG,1,0.0000,0.0000,1.30
2024-11-15T08:26:00+00:00,west,noaa-goes18,NIGHT,AUTUMN,CYEG,0,1.0000,1.0000,1.30
2023-05-12T15:50:00+00:00,west,noaa-goes18,DAY,SPRING,CYEG,1,0.0000,0.0000,1.30
2020-11-11T11:16:00+00:00,west,noaa-goes17,NIGHT,AUTUMN,CYEG,0,1.0000,1.0000,1.30
2022-10-07T23:40:00+00:00,west,noaa-goes17,DAY,AUTUMN,CYEG,1,0.0000,0.0000,1.30
2025-07-23T19:39:00+00:00,west,noaa-goes18,DAY,SUMMER,CYEG,0,1.0000,1.0000,1.30
2021-07-08T09:00:00+00:00,west,noaa-goes17,NIGHT,SUMMER,CYEG,1,0.0000,0.0000,1.30
2024-04-05T10:28:00+00:00,west,noaa-goes18,NIGHT,SPRING,CYEG,0,1.0000,1.0000,1.30
2022-04-02T15:20:00+00:00,west,noaa-goes17,DAY,SPRING,CYEG,0,1.0000,1.0000,1.30
2021-12-28T12:20:00+00:00,west,noaa-goes17,NIGHT,WINTER,CYEG,1,0.1111,0.2400,1.30
2023-04-08T23:44:00+00:00,west,noaa-goes18,DAY,SPRING,CYEG,0,1.0000,1.0000,1.30
2025-07-04T18:50:00+00:00,west,noaa-goes18,DAY,SUMMER,CYEG,0,0.5556,0.5600,1.30
2022-09-19T10:24:00+00:00,west,noaa-goes17,NIGHT,AUTUMN,CYEG,0,1.0000,1.0000,1.30
2023-02-22T12:23:00+00:00,west,noaa-goes18,NIGHT,WINTER,CYEG,0,1.0000,1.0000,1.30
2021-04-11T18:12:00+00:00,west,noaa-goes17,DAY,SPRING,CYEG,0,1.0000,1.0000,1.30
2022-01-06T21:49:00+00:00,west,noaa-goes17,DAY,WINTER,CYEG,1,0.6667,0.8400,1.30
2020-04-20T23:29:00+00:00,west,noaa-goes17,DAY,SPRING,CYEG,0,1.0000,1.0000,1.30
2022-05-08T14:51:00+00:00,west,noaa-goes17,DAY,SPRING,CYEG,0,1.0000,1.0000,1.30
2023-04-08T22:04:00+00:00,west,noaa-goes18,DAY,SPRING,CYEG,0,1.0000,0.7600,1.30
2024-08-02T21:31:00+00:00,west,noaa-goes18,DAY,SUMMER,CYEG,1,0.1111,0.2800,1.30
2021-07-24T20:19:00+00:00,west,noaa-goes17,DAY,SUMMER,CYEG,1,0.1111,0.0400,1.30
2022-09-18T08:42:00+00:00,west,noaa-goes17,NIGHT,AUTUMN,CYEG,0,0.6667,0.7600,1.30
2021-09-23T22:27:00+00:00,west,noaa-goes17,DAY,AUTUMN,CYEG,0,0.3333,0.4400,1.30
2025-05-16T18:25:00+00:00,west,noaa-goes18,DAY,SPRING,CYEG,1,0.3333,0.4000,1.30
2025-12-28T16:59:00+00:00,west,noaa-goes18,DAY,WINTER,CYEG,0,0.4444,0.5200,1.30
2024-09-09T17:02:00+00:00,west,noaa-goes18,DAY,AUTUMN,CYEG,0,1.0000,1.0000,1.30
2020-12-14T03:49:00+00:00,west,noaa-goes17,NIGHT,WINTER,CYEG,1,0.0000,0.0400,1.30
2022-10-13T21:42:00+00:00,west,noaa-goes17,DAY,AUTUMN,CYEG,0,0.6667,0.8400,1.30
2023-12-25T05:41:00+00:00,west,noaa-goes18,NIGHT,WINTER,CYEG,0,0.7778,0.6400,1.30
2020-06-30T18:41:00+00:00,west,noaa-goes17,DAY,SUMMER,CYEG,0,1.0000,1.0000,1.30
2024-10-29T03:00:00+00:00,west,noaa-goes18,NIGHT,AUTUMN,CYEG,0,1.0000,1.0000,1.30
2025-09-22T23:33:00+00:00,west,noaa-goes18,DAY,AUTUMN,CYEG,1,0.0000,0.0000,1.30
2022-06-24T14:23:00+00:00,west,noaa-goes17,DAY,SUMMER,CYEG,0,1.0000,1.0000,1.30
2024-05-21T14:49:00+00:00,west,noaa-goes18,DAY,SPRING,CYEG,0,1.0000,1.0000,1.30
2020-04-10T15:06:00+00:00,west,noaa-goes17,DAY,SPRING,CYEG,0,1.0000,1.0000,1.30
2023-04-25T13:58:00+00:00,west,noaa-goes18,DAY,SPRING,CYEG,0,1.0000,1.0000,1.30
2020-12-17T03:53:00+00:00,west,noaa-goes17,NIGHT,WINTER,CYEG,1,0.3333,0.4000,1.30
2022-04-27T16:30:00+00:00,west,noaa-goes17,DAY,SPRING,CYEG,0,1.0000,1.0000,1.30
2025-01-27T10:04:00+00:00,west,noaa-goes18,NIGHT,WINTER,CYEG,0,0.8889,0.6800,1.30
2023-05-14T01:51:00+00:00,west,noaa-goes18,DAY,SPRING,CYEG,0,1.0000,1.0000,1.30
2021-04-16T00:54:00+00:00,west,noaa-goes17,DAY,SPRING,CYEG,1,0.0000,0.0000,1.30
2023-11-06T20:06:00+00:00,west,noaa-goes18,DAY,AUTUMN,CYEG,0,1.0000,0.9600,1.30
2025-10-14T05:35:00+00:00,west,noaa-goes18,NIGHT,AUTUMN,CYEG,1,0.0000,0.0000,1.30
2024-07-17T20:11:00+00:00,west,noaa-goes18,DAY,SUMMER,CYEG,1,0.0000,0.0000,1.30
2022-02-02T20:42:00+00:00,west,noaa-goes17,DAY,WINTER,CYEG,0,1.0000,1.0000,1.30
2024-11-05T12:01:00+00:00,west,noaa-goes18,NIGHT,AUTUMN,CYEG,0,1.0000,1.0000,1.30
2022-03-19T14:37:00+00:00,west,noaa-goes17,DAY,SPRING,CYEG,1,0.0000,0.0800,1.30
2024-10-25T12:00:00+00:00,west,noaa-goes18,NIGHT,AUTUMN,CYEG,0,1.0000,1.0000,1.30
2022-05-29T06:17:00+00:00,west,noaa-goes17,NIGHT,SPRING,CYEG,1,0.1111,0.2000,1.30
2020-09-13T18:06:00+00:00,west,noaa-goes17,DAY,AUTUMN,CYEG,0,1.0000,1.0000,1.30
2022-12-10T21:55:00+00:00,west,noaa-goes17,DAY,WINTER,CYEG,0,1.0000,1.0000,1.30
2025-06-27T16:40:00+00:00,west,noaa-goes18,DAY,SUMMER,CYEG,0,1.0000,0.9600,1.30
2023-07-07T19:24:00+00:00,west,noaa-goes18,DAY,SUMMER,CYEG,1,0.0000,0.2400,1.30
2024-05-26T18:07:00+00:00,west,noaa-goes18,DAY,SPRING,CYEG,0,1.0000,1.0000,1.30
2023-11-26T11:54:00+00:00,west,noaa-goes18,NIGHT,AUTUMN,CYEG,0,1.0000,1.0000,1.30
2025-02-18T19:11:00+00:00,west,noaa-goes18,DAY,WINTER,CYEG,1,0.0000,0.0000,1.30
2023-05-03T19:37:00+00:00,west,noaa-goes18,DAY,SPRING,CYEG,0,1.0000,1.0000,1.30
2020-12-13T21:08:00+00:00,west,noaa-goes17,DAY,WINTER,CYEG,0,1.0000,1.0000,1.30
2024-03-09T22:09:00+00:00,west,noaa-goes18,DAY,SPRING,CYEG,0,1.0000,1.0000,1.30
2021-07-18T18:24:00+00:00,west,noaa-goes17,DAY,SUMMER,CYEG,0,1.0000,1.0000,1.30
2024-09-28T05:31:00+00:00,west,noaa-goes18,NIGHT,AUTUMN,CYEG,1,0.0000,0.0000,1.30
2021-12-10T17:10:00+00:00,west,noaa-goes17,DAY,WINTER,CYEG,0,1.0000,1.0000,1.30
2025-01-21T19:03:00+00:00,west,noaa-goes18,DAY,WINTER,CYEG,1,0.0000,0.2000,1.30
2021-07-13T06:52:00+00:00,west,noaa-goes17,NIGHT,SUMMER,CYEG,1,0.0000,0.0000,1.30
2024-04-21T17:32:00+00:00,west,noaa-goes18,DAY,SPRING,CYEG,0,1.0000,1.0000,1.30
2025-07-20T13:43:00+00:00,west,noaa-goes18,DAY,SUMMER,CYEG,0,1.0000,1.0000,1.30
2025-07-07T13:45:00+00:00,west,noaa-goes18,DAY,SUMMER,CYEG,0,1.0000,1.0000,1.30
2020-12-04T18:01:00+00:00,west,noaa-goes17,DAY,WINTER,CYEG,1,0.1111,0.0400,1.30
2023-01-30T07:34:00+00:00,west,noaa-goes18,NIGHT,WINTER,CYEG,0,1.0000,1.0000,1.30
2023-03-28T05:49:00+00:00,west,noaa-goes18,NIGHT,SPRING,CYEG,1,0.0000,0.0000,1.30
2025-02-16T18:47:00+00:00,west,noaa-goes18,DAY,WINTER,CYEG,1,0.0000,0.0000,1.30
2025-07-21T17:32:00+00:00,west,noaa-goes18,DAY,SUMMER,CYEG,0,1.0000,1.0000,1.30
2021-04-08T18:07:00+00:00,west,noaa-goes17,DAY,SPRING,CYEG,0,1.0000,1.0000,1.30
2023-01-02T17:52:00+00:00,west,noaa-goes17,DAY,WINTER,CYEG,1,0.0000,0.0000,1.30
2024-02-11T17:52:00+00:00,west,noaa-goes18,DAY,WINTER,CYEG,1,0.0000,0.0000,1.30
2020-06-19T23:28:00+00:00,west,noaa-goes17,DAY,SUMMER,CYEG,0,0.8889,0.8000,1.30
2022-06-14T13:06:00+00:00,west,noaa-goes17,DAY,SUMMER,CYEG,0,1.0000,1.0000,1.30
2022-10-10T09:55:00+00:00,west,noaa-goes17,NIGHT,AUTUMN,CYEG,1,0.3333,0.1600,1.30
2020-05-12T14:16:00+00:00,west,noaa-goes17,DAY,SPRING,CYEG,0,1.0000,1.0000,1.30
2023-11-28T02:28:00+00:00,west,noaa-goes18,NIGHT,AUTUMN,CYEG,1,0.0000,0.0000,1.30
2024-10-19T05:39:00+00:00,west,noaa-goes18,NIGHT,AUTUMN,CYEG,0,1.0000,0.9600,1.30
2021-07-24T06:52:00+00:00,west,noaa-goes17,NIGHT,SUMMER,CYEG,1,0.0000,0.0000,1.30
2022-04-27T01:36:00+00:00,west,noaa-goes17,DAY,SPRING,CYEG,0,1.0000,1.0000,1.30
2023-12-07T17:17:00+00:00,west,noaa-goes18,DAY,WINTER,CYEG,0,1.0000,1.0000,1.30
2021-11-20T10:45:00+00:00,west,noaa-goes17,NIGHT,AUTUMN,CYEG,0,1.0000,1.0000,1.30
2023-04-13T09:36:00+00:00,west,noaa-goes18,NIGHT,SPRING,CYEG,1,0.0000,0.0000,1.30
2022-12-31T16:57:00+00:00,west,noaa-goes17,DAY,WINTER,CYEG,1,0.8889,0.6400,1.30
2021-01-25T04:48:00+00:00,west,noaa-goes17,NIGHT,WINTER,CYEG,1,0.6667,0.7200,1.30
2024-08-12T01:17:00+00:00,west,noaa-goes18,DAY,SUMMER,CYEG,1,0.0000,0.0000,1.30
2021-06-03T22:55:00+00:00,west,noaa-goes17,DAY,SUMMER,CYEG,0,0.7778,0.7600,1.30
2021-06-27T07:09:00+00:00,west,noaa-goes17,NIGHT,SUMMER,CYEG,1,0.0000,0.0000,1.30
2023-08-12T07:48:00+00:00,west,noaa-goes18,NIGHT,SUMMER,CYEG,0,1.0000,1.0000,1.30
2024-05-27T15:09:00+00:00,west,noaa-goes18,DAY,SPRING,CYEG,0,1.0000,1.0000,1.30
2023-01-05T20:26:00+00:00,west,noaa-goes18,DAY,WINTER,CYEG,0,1.0000,0.9600,1.30
2021-01-16T12:32:00+00:00,west,noaa-goes17,NIGHT,WINTER,CYEG,1,0.2222,0.2400,1.30
2023-02-13T22:59:00+00:00,west,noaa-goes18,DAY,WINTER,CYEG,0,1.0000,1.0000,1.30
2023-09-02T18:00:00+00:00,west,noaa-goes18,DAY,AUTUMN,CYEG,1,0.0000,0.0000,1.30
2024-01-07T02:50:00+00:00,west,noaa-goes18,NIGHT,WINTER,CYEG,0,1.0000,1.0000,1.30
2025-12-29T12:13:00+00:00,west,noaa-goes18,NIGHT,WINTER,CYEG,0,1.0000,1.0000,1.30
2024-10-25T06:31:00+00:00,west,noaa-goes18,NIGHT,AUTUMN,CYEG,0,0.4444,0.4000,1.30
2023-01-04T10:53:00+00:00,west,noaa-goes18,NIGHT,WINTER,CYEG,1,0.0000,0.0000,1.30
2023-03-07T10:35:00+00:00,west,noaa-goes18,NIGHT,SPRING,CYEG,0,1.0000,1.0000,1.30
2021-06-18T18:54:00+00:00,west,noaa-goes17,DAY,SUMMER,CYEG,1,0.0000,0.0400,1.30
2020-07-17T01:06:00+00:00,west,noaa-goes17,DAY,SUMMER,CYEG,0,1.0000,1.0000,1.30
2025-02-25T00:07:00+00:00,west,noaa-goes18,DAY,WINTER,CYEG,1,0.0000,0.0000,1.30
2020-01-03T13:12:00+00:00,west,noaa-goes17,NIGHT,WINTER,CYEG,0,1.0000,1.0000,1.30
2021-06-24T20:19:00+00:00,west,noaa-goes17,DAY,SUMMER,CYEG,1,0.2222,0.2000,1.30
2024-01-16T08:05:00+00:00,west,noaa-goes18,NIGHT,WINTER,CYEG,0,1.0000,1.0000,1.30
2024-03-03T21:57:00+00:00,west,noaa-goes18,DAY,SPRING,CYEG,1,0.0000,0.0000,1.30
2021-11-08T01:25:00+00:00,west,noaa-goes17,NIGHT,AUTUMN,CYEG,0,1.0000,1.0000,1.30
2023-06-05T23:44:00+00:00,west,noaa-goes18,DAY,SUMMER,CYEG,0,0.7778,0.6400,1.30
2022-08-17T13:41:00+00:00,west,noaa-goes17,DAY,SUMMER,CYEG,1,0.0000,0.0000,1.30
2021-01-08T22:06:00+00:00,west,noaa-goes17,DAY,WINTER,CYEG,1,0.0000,0.0800,1.30
2020-01-05T06:30:00+00:00,west,noaa-goes17,NIGHT,WINTER,CYEG,1,0.0000,0.0000,1.30
2020-11-15T04:37:00+00:00,west,noaa-goes17,NIGHT,AUTUMN,CYEG,1,0.4444,0.3200,1.30
2022-07-15T16:43:00+00:00,west,noaa-goes17,DAY,SUMMER,CYEG,1,0.0000,0.0000,1.30
2023-11-08T03:55:00+00:00,west,noaa-goes18,NIGHT,AUTUMN,CYEG,1,0.1111,0.2400,1.30
2024-09-25T22:08:00+00:00,west,noaa-goes18,DAY,AUTUMN,CYEG,1,0.0000,0.0000,1.30
2025-05-10T02:14:00+00:00,west,noaa-goes18,DAY,SPRING,CYEG,0,1.0000,1.0000,1.30
2021-02-23T03:20:00+00:00,west,noaa-goes17,NIGHT,WINTER,CYEG,0,1.0000,1.0000,1.30
2024-02-14T09:08:00+00:00,west,noaa-goes18,NIGHT,WINTER,CYEG,0,1.0000,1.0000,1.30
2024-04-16T04:41:00+00:00,west,noaa-goes18,NIGHT,SPRING,CYEG,0,1.0000,1.0000,1.30
2020-02-04T19:41:00+00:00,west,noaa-goes17,DAY,WINTER,CYEG,0,1.0000,1.0000,1.30
2022-05-22T20:47:00+00:00,west,noaa-goes17,DAY,SPRING,CYEG,0,1.0000,0.9600,1.30
2024-12-17T06:05:00+00:00,west,noaa-goes18,NIGHT,WINTER,CYEG,0,0.7778,0.6800,1.30
2021-02-15T04:48:00+00:00,west,noaa-goes17,NIGHT,WINTER,CYEG,1,0.0000,0.0800,1.30
2021-05-19T18:46:00+00:00,west,noaa-goes17,DAY,SPRING,CYEG,0,1.0000,1.0000,1.30
2023-02-08T20:05:00+00:00,west,noaa-goes18,DAY,WINTER,CYEG,1,0.5556,0.6800,1.30
2022-10-13T17:38:00+00:00,west,noaa-goes17,DAY,AUTUMN,CYEG,0,1.0000,1.0000,1.30
2023-03-13T22:01:00+00:00,west,noaa-goes18,DAY,SPRING,CYEG,0,1.0000,1.0000,1.30
2023-05-20T06:33:00+00:00,west,noaa-goes18,NIGHT,SPRING,CYEG,1,0.0000,0.2000,1.30
2025-09-18T06:47:00+00:00,west,noaa-goes18,NIGHT,AUTUMN,CYEG,1,0.0000,0.0000,1.30
2025-08-08T20:38:00+00:00,west,noaa-goes18,DAY,SUMMER,CYEG,0,1.0000,1.0000,1.30
2020-10-17T16:56:00+00:00,west,noaa-goes17,DAY,AUTUMN,CYEG,0,1.0000,1.0000,1.30
2020-02-19T11:59:00+00:00,west,noaa-goes17,NIGHT,WINTER,CYEG,0,1.0000,1.0000,1.30
2024-09-19T11:34:00+00:00,west,noaa-goes18,NIGHT,AUTUMN,CYEG,1,0.0000,0.0400,1.30
2020-10-03T00:16:00+00:00,west,noaa-goes17,DAY,AUTUMN,CYEG,1,0.0000,0.0000,1.30
2022-06-02T01:59:00+00:00,west,noaa-goes17,DAY,SUMMER,CYEG,1,0.0000,0.0000,1.30
2023-03-19T20:45:00+00:00,west,noaa-goes18,DAY,SPRING,CYEG,1,0.0000,0.0000,1.30
2025-08-14T13:27:00+00:00,west,noaa-goes18,DAY,SUMMER,CYEG,0,1.0000,1.0000,1.30
2024-07-05T02:40:00+00:00,west,noaa-goes18,DAY,SUMMER,CYEG,1,0.0000,0.0000,1.30
2021-09-17T08:05:00+00:00,west,noaa-goes17,NIGHT,AUTUMN,CYEG,1,0.0000,0.0000,1.30
2023-06-23T02:32:00+00:00,west,noaa-goes18,DAY,SUMMER,CYEG,0,1.0000,1.0000,1.30
2022-04-12T04:34:00+00:00,west,noaa-goes17,NIGHT,SPRING,CYEG,0,1.0000,1.0000,1.30
2020-09-27T09:44:00+00:00,west,noaa-goes17,NIGHT,AUTUMN,CYEG,1,0.3333,0.2800,1.30
2022-09-04T01:15:00+00:00,west,noaa-goes17,DAY,AUTUMN,CYEG,0,1.0000,0.8400,1.30
2020-12-19T13:07:00+00:00,west,noaa-goes17,NIGHT,WINTER,CYEG,0,1.0000,1.0000,1.30
2025-01-31T19:38:00+00:00,west,noaa-goes18,DAY,WINTER,CYEG,0,1.0000,1.0000,1.30
2021-12-20T03:00:00+00:00,west,noaa-goes17,NIGHT,WINTER,CYEG,1,0.0000,0.1200,1.30
2021-07-16T22:00:00+00:00,west,noaa-goes17,DAY,SUMMER,CYEG,1,0.1111,0.1600,1.30
2025-11-12T16:50:00+00:00,west,noaa-goes18,DAY,AUTUMN,CYEG,0,1.0000,1.0000,1.30
2022-11-27T05:23:00+00:00,west,noaa-goes17,NIGHT,AUTUMN,CYEG,0,1.0000,1.0000,1.30
2021-04-28T00:21:00+00:00,west,noaa-goes17,DAY,SPRING,CYEG,0,1.0000,1.0000,1.30
2024-10-24T08:33:00+00:00,west,noaa-goes18,NIGHT,AUTUMN,CYEG,0,1.0000,1.0000,1.30
2025-09-23T11:03:00+00:00,west,noaa-goes18,NIGHT,AUTUMN,CYEG,0,1.0000,1.0000,1.30
2025-08-08T18:10:00+00:00,west,noaa-goes18,DAY,SUMMER,CYEG,0,1.0000,1.0000,1.30
2024-02-15T05:16:00+00:00,west,noaa-goes18,NIGHT,WINTER,CYEG,0,1.0000,1.0000,1.30
2021-02-25T18:43:00+00:00,west,noaa-goes17,DAY,WINTER,CYEG,0,0.5556,0.6000,1.30
2025-09-15T00:02:00+00:00,west,noaa-goes18,DAY,AUTUMN,CYEG,1,0.0000,0.0000,1.30
2020-02-20T07:02:00+00:00,west,noaa-goes17,NIGHT,WINTER,CYEG,0,1.0000,0.9200,1.30
2021-09-06T05:59:00+00:00,west,noaa-goes17,NIGHT,AUTUMN,CYEG,0,1.0000,1.0000,1.30
2020-05-24T17:51:00+00:00,west,noaa-goes17,DAY,SPRING,CYEG,1,0.0000,0.0000,1.30
2024-09-13T07:20:00+00:00,west,noaa-goes18,NIGHT,AUTUMN,CYEG,0,1.0000,1.0000,1.30
2023-08-03T08:52:00+00:00,west,noaa-goes18,NIGHT,SUMMER,CYEG,1,0.0000,0.0000,1.30
2020-11-15T18:23:00+00:00,west,noaa-goes17,DAY,AUTUMN,CYEG,0,1.0000,1.0000,1.30
2021-05-04T16:43:00+00:00,west,noaa-goes17,DAY,SPRING,CYEG,0,1.0000,1.0000,1.30
2020-08-03T05:14:00+00:00,west,noaa-goes17,NIGHT,SUMMER,CYEG,1,0.1111,0.1200,1.30
2020-10-09T14:55:00+00:00,west,noaa-goes17,DAY,AUTUMN,CYEG,0,1.0000,1.0000,1.30
2023-03-02T09:20:00+00:00,west,noaa-goes18,NIGHT,SPRING,CYEG,0,1.0000,0.9200,1.30
2020-12-19T17:29:00+00:00,west,noaa-goes17,DAY,WINTER,CYEG,0,0.6667,0.7600,1.30
2020-02-02T11:12:00+00:00,west,noaa-goes17,NIGHT,WINTER,CYEG,1,0.3333,0.4400,1.30
2023-04-09T18:50:00+00:00,west,noaa-goes18,DAY,SPRING,CYEG,0,1.0000,1.0000,1.30
2023-05-29T23:39:00+00:00,west,noaa-goes18,DAY,SPRING,CYEG,1,0.1111,0.1200,1.30
2022-09-20T14:23:00+00:00,west,noaa-goes17,DAY,AUTUMN,CYEG,1,0.0000,0.0000,1.30
2025-07-13T06:46:00+00:00,west,noaa-goes18,NIGHT,SUMMER,CYEG,0,0.8889,0.9200,1.30
2022-10-01T04:00:00+00:00,west,noaa-goes17,NIGHT,AUTUMN,CYEG,1,0.3333,0.3600,1.30
2024-08-06T00:14:00+00:00,west,noaa-goes18,DAY,SUMMER,CYEG,0,1.0000,1.0000,1.30
2023-11-19T20:53:00+00:00,west,noaa-goes18,DAY,AUTUMN,CYEG,0,1.0000,1.0000,1.30
2020-02-09T10:00:00+00:00,west,noaa-goes17,NIGHT,WINTER,CYEG,0,1.0000,1.0000,1.30
2024-03-21T23:46:00+00:00,west,noaa-goes18,DAY,SPRING,CYEG,1,0.0000,0.0000,1.30
2025-12-10T07:26:00+00:00,west,noaa-goes18,NIGHT,WINTER,CYEG,0,1.0000,1.0000,1.30
2025-07-08T01:09:00+00:00,west,noaa-goes18,DAY,SUMMER,CYEG,0,0.5556,0.3200,1.30
2022-08-06T16:26:00+00:00,west,noaa-goes17,DAY,SUMMER,CYEG,1,0.0000,0.0000,1.30
2020-12-13T18:06:00+00:00,west,noaa-goes17,DAY,WINTER,CYEG,0,0.8889,0.8000,1.30
2025-09-01T04:40:00+00:00,west,noaa-goes18,NIGHT,AUTUMN,CYEG,0,0.6667,0.6400,1.30
2024-06-03T02:37:00+00:00,west,noaa-goes18,DAY,SUMMER,CYEG,1,0.1111,0.2400,1.30
2021-06-19T07:18:00+00:00,west,noaa-goes17,NIGHT,SUMMER,CYEG,0,1.0000,1.0000,1.30
2022-12-05T10:59:00+00:00,west,noaa-goes17,NIGHT,WINTER,CYEG,1,0.1111,0.0800,1.30
2024-05-28T22:53:00+00:00,west,noaa-goes18,DAY,SPRING,CYEG,0,1.0000,1.0000,1.30
2023-08-29T10:28:00+00:00,west,noaa-goes18,NIGHT,SUMMER,CYEG,1,0.0000,0.0000,1.30
2023-01-18T07:04:00+00:00,west,noaa-goes18,NIGHT,WINTER,CYEG,1,0.0000,0.0000,1.30
2022-04-10T04:49:00+00:00,west,noaa-goes17,NIGHT,SPRING,CYEG,0,1.0000,1.0000,1.30
2021-03-22T04:06:00+00:00,west,noaa-goes17,NIGHT,SPRING,CYEG,0,1.0000,1.0000,1.30
2023-07-10T13:07:00+00:00,west,noaa-goes18,DAY,SUMMER,CYEG,0,0.6667,0.5200,1.30
2024-01-07T06:28:00+00:00,west,noaa-goes18,NIGHT,WINTER,CYEG,0,1.0000,1.0000,1.30
2023-06-16T14:16:00+00:00,west,noaa-goes18,DAY,SUMMER,CYEG,1,0.1111,0.2800,1.30
2021-05-06T02:10:00+00:00,west,noaa-goes17,DAY,SPRING,CYEG,1,0.1111,0.0400,1.30
2023-05-31T22:44:00+00:00,west,noaa-goes18,DAY,SPRING,CYEG,0,1.0000,1.0000,1.30
2020-06-14T06:53:00+00:00,west,noaa-goes17,NIGHT,SUMMER,CYEG,0,1.0000,1.0000,1.30
2023-09-04T04:05:00+00:00,west,noaa-goes18,NIGHT,AUTUMN,CYEG,0,1.0000,1.0000,1.30
2022-10-13T11:25:00+00:00,west,noaa-goes17,NIGHT,AUTUMN,CYEG,0,0.6667,0.6000,1.30
2023-05-09T08:52:00+00:00,west,noaa-goes18,NIGHT,SPRING,CYEG,0,1.0000,1.0000,1.30
2025-01-26T17:47:00+00:00,west,noaa-goes18,DAY,WINTER,CYEG,0,1.0000,1.0000,1.30
2022-10-20T03:29:00+00:00,west,noaa-goes17,NIGHT,AUTUMN,CYEG,0,1.0000,1.0000,1.30
2021-02-21T04:07:00+00:00,west,noaa-goes17,NIGHT,WINTER,CYEG,0,1.0000,1.0000,1.30
2020-12-10T18:37:00+00:00,west,noaa-goes17,DAY,WINTER,CYEG,0,0.8889,0.8000,1.30
2022-11-26T02:01:00+00:00,west,noaa-goes17,NIGHT,AUTUMN,CYEG,1,0.0000,0.0800,1.30
2020-09-21T06:57:00+00:00,west,noaa-goes17,NIGHT,AUTUMN,CYEG,1,0.0000,0.0000,1.30
2024-12-21T04:05:00+00:00,west,noaa-goes18,NIGHT,WINTER,CYEG,1,0.3333,0.4400,1.30
2023-09-20T03:02:00+00:00,west,noaa-goes18,NIGHT,AUTUMN,CYEG,0,1.0000,1.0000,1.30
2025-07-25T00:24:00+00:00,west,noaa-goes18,DAY,SUMMER,CYEG,0,1.0000,1.0000,1.30
2024-10-13T05:22:00+00:00,west,noaa-goes18,NIGHT,AUTUMN,CYEG,1,0.0000,0.0000,1.30
2021-08-31T01:39:00+00:00,west,noaa-goes17,DAY,SUMMER,CYEG,0,1.0000,1.0000,1.30
2022-10-03T20:18:00+00:00,west,noaa-goes17,DAY,AUTUMN,CYEG,0,0.7778,0.7600,1.30
2025-08-05T13:56:00+00:00,west,noaa-goes18,DAY,SUMMER,CYEG,1,0.0000,0.0000,1.30
2025-05-16T01:05:00+00:00,west,noaa-goes18,DAY,SPRING,CYEG,0,0.5556,0.5600,1.30
2023-02-19T12:08:00+00:00,west,noaa-goes18,NIGHT,WINTER,CYEG,0,1.0000,1.0000,1.30
2024-09-13T06:41:00+00:00,west,noaa-goes18,NIGHT,AUTUMN,CYEG,0,1.0000,1.0000,1.30
2025-11-23T07:40:00+00:00,west,noaa-goes18,NIGHT,AUTUMN,CYEG,0,1.0000,1.0000,1.30
2025-08-19T10:24:00+00:00,west,noaa-goes18,NIGHT,SUMMER,CYEG,1,0.0000,0.0000,1.30
2023-01-12T05:01:00+00:00,west,noaa-goes18,NIGHT,WINTER,CYEG,0,1.0000,1.0000,1.30
2023-07-30T19:14:00+00:00,west,noaa-goes18,DAY,SUMMER,CYEG,1,0.0000,0.0000,1.30
2025-04-16T16:22:00+00:00,west,noaa-goes18,DAY,SPRING,CYEG,0,1.0000,1.0000,1.30
2022-08-11T05:06:00+00:00,west,noaa-goes17,NIGHT,SUMMER,CYEG,0,1.0000,1.0000,1.30
2022-10-12T21:15:00+00:00,west,noaa-goes17,DAY,AUTUMN,CYEG,1,0.0000,0.0000,1.30
2022-12-27T17:52:00+00:00,west,noaa-goes17,DAY,WINTER,CYEG,0,1.0000,1.0000,1.30
2021-12-12T05:15:00+00:00,west,noaa-goes17,NIGHT,WINTER,CYEG,0,1.0000,1.0000,1.30
2023-07-26T23:44:00+00:00,west,noaa-goes18,DAY,SUMMER,CYEG,0,1.0000,1.0000,1.30
2024-01-09T18:01:00+00:00,west,noaa-goes18,DAY,WINTER,CYEG,0,0.7778,0.8400,1.30
2023-12-11T18:36:00+00:00,west,noaa-goes18,DAY,WINTER,CYEG,1,0.0000,0.0000,1.30
2021-08-05T18:12:00+00:00,west,noaa-goes17,DAY,SUMMER,CYEG,1,0.3333,0.2000,1.30
2025-07-09T17:19:00+00:00,west,noaa-goes18,DAY,SUMMER,CYEG,0,1.0000,1.0000,1.30
2021-01-04T01:14:00+00:00,west,noaa-goes17,NIGHT,WINTER,CYEG,1,0.0000,0.1600,1.30
2022-06-15T00:33:00+00:00,west,noaa-goes17,DAY,SUMMER,CYEG,0,1.0000,1.0000,1.30
2025-05-11T00:21:00+00:00,west,noaa-goes18,DAY,SPRING,CYEG,0,1.0000,1.0000,1.30
2022-04-05T04:21:00+00:00,west,noaa-goes17,NIGHT,SPRING,CYEG,0,1.0000,1.0000,1.30
2021-12-27T10:03:00+00:00,west,noaa-goes17,NIGHT,WINTER,CYEG,0,0.8889,0.7200,1.30
2020-03-30T04:37:00+00:00,west,noaa-goes17,NIGHT,SPRING,CYEG,0,1.0000,1.0000,1.30
2025-11-25T11:04:00+00:00,west,noaa-goes18,NIGHT,AUTUMN,CYEG,1,0.2222,0.4000,1.30
2024-03-10T22:42:00+00:00,west,noaa-goes18,DAY,SPRING,CYEG,0,1.0000,1.0000,1.30
2024-06-08T18:06:00+00:00,west,noaa-goes18,DAY,SUMMER,CYEG,0,1.0000,1.0000,1.30
2023-10-10T09:20:00+00:00,west,noaa-goes18,NIGHT,AUTUMN,CYEG,0,0.5556,0.2000,1.30
2024-11-24T20:31:00+00:00,west,noaa-goes18,DAY,AUTUMN,CYEG,0,0.8889,0.9200,1.30
2023-07-23T05:45:00+00:00,west,noaa-goes18,NIGHT,SUMMER,CYEG,1,0.0000,0.0400,1.30
2024-01-01T07:42:00+00:00,west,noaa-goes18,NIGHT,WINTER,CYEG,1,0.0000,0.0400,1.30
2021-12-19T12:19:00+00:00,west,noaa-goes17,NIGHT,WINTER,CYEG,1,0.3333,0.4000,1.30
2023-04-21T04:11:00+00:00,west,noaa-goes18,NIGHT,SPRING,CYEG,1,0.2222,0.1200,1.30
2024-05-22T18:02:00+00:00,west,noaa-goes18,DAY,SPRING,CYEG,0,1.0000,1.0000,1.30
2022-01-15T19:20:00+00:00,west,noaa-goes17,DAY,WINTER,CYEG,1,0.0000,0.0000,1.30
2022-06-23T20:36:00+00:00,west,noaa-goes17,DAY,SUMMER,CYEG,0,1.0000,1.0000,1.30
2021-03-02T15:09:00+00:00,west,noaa-goes17,DAY,SPRING,CYEG,0,1.0000,1.0000,1.30
2023-09-18T23:04:00+00:00,west,noaa-goes18,DAY,AUTUMN,CYEG,1,0.0000,0.0000,1.30
2021-11-18T20:56:00+00:00,west,noaa-goes17,DAY,AUTUMN,CYEG,0,1.0000,1.0000,1.30
2022-12-22T06:15:00+00:00,west,noaa-goes17,NIGHT,WINTER,CYEG,1,0.0000,0.0000,1.30
2020-10-04T11:16:00+00:00,west,noaa-goes17,NIGHT,AUTUMN,CYEG,0,1.0000,1.0000,1.30
2021-03-18T23:00:00+00:00,west,noaa-goes17,DAY,SPRING,CYEG,1,0.0000,0.0800,1.30
2020-07-16T12:28:00+00:00,west,noaa-goes17,DAY,SUMMER,CYEG,1,0.2222,0.4000,1.30
2024-09-14T05:56:00+00:00,west,noaa-goes18,NIGHT,AUTUMN,CYEG,1,0.5556,0.7200,1.30
2024-08-22T15:56:00+00:00,west,noaa-goes18,DAY,SUMMER,CYEG,0,1.0000,1.0000,1.30
2024-03-31T11:34:00+00:00,west,noaa-goes18,NIGHT,SPRING,CYEG,1,0.0000,0.0000,1.30
2024-03-17T03:53:00+00:00,west,noaa-goes18,NIGHT,SPRING,CYEG,1,0.0000,0.0400,1.30
2025-05-17T18:41:00+00:00,west,noaa-goes18,DAY,SPRING,CYEG,0,1.0000,1.0000,1.30
2020-03-23T10:16:00+00:00,west,noaa-goes17,NIGHT,SPRING,CYEG,1,0.3333,0.2800,1.30
2021-11-27T12:10:00+00:00,west,noaa-goes17,NIGHT,AUTUMN,CYEG,0,1.0000,0.8400,1.30
2020-11-03T17:57:00+00:00,west,noaa-goes17,DAY,AUTUMN,CYEG,0,1.0000,1.0000,1.30
2021-01-16T10:38:00+00:00,west,noaa-goes17,NIGHT,WINTER,CYEG,1,0.1111,0.0800,1.30
2025-05-31T22:01:00+00:00,west,noaa-goes18,DAY,SPRING,CYEG,0,1.0000,1.0000,1.30
2024-11-01T20:10:00+00:00,west,noaa-goes18,DAY,AUTUMN,CYEG,0,1.0000,1.0000,1.30
2024-11-13T05:03:00+00:00,west,noaa-goes18,NIGHT,AUTUMN,CYEG,1,0.2222,0.3200,1.30
2022-12-22T21:18:00+00:00,west,noaa-goes17,DAY,WINTER,CYEG,1,0.0000,0.0400,1.30
2023-05-03T07:06:00+00:00,west,noaa-goes18,NIGHT,SPRING,CYEG,0,1.0000,1.0000,1.30
2020-07-22T12:36:00+00:00,west,noaa-goes17,DAY,SUMMER,CYEG,0,1.0000,1.0000,1.30
2020-12-24T09:52:00+00:00,west,noaa-goes17,NIGHT,WINTER,CYEG,0,1.0000,1.0000,1.30
2025-05-21T06:06:00+00:00,west,noaa-goes18,NIGHT,SPRING,CYEG,0,1.0000,1.0000,1.30
2024-06-16T15:31:00+00:00,west,noaa-goes18,DAY,SUMMER,CYEG,0,1.0000,1.0000,1.30
2022-12-21T02:41:00+00:00,west,noaa-goes17,NIGHT,WINTER,CYEG,0,0.3333,0.2400,1.30
2024-05-06T05:23:00+00:00,west,noaa-goes18,NIGHT,SPRING,CYEG,0,1.0000,1.0000,1.30
2024-04-11T11:11:00+00:00,west,noaa-goes18,NIGHT,SPRING,CYEG,1,0.0000,0.0800,1.30
2024-12-30T01:16:00+00:00,west,noaa-goes18,NIGHT,WINTER,CYEG,1,0.0000,0.0000,1.30
2022-07-15T08:36:00+00:00,west,noaa-goes17,NIGHT,SUMMER,CYEG,1,0.3333,0.4000,1.30
2020-09-09T04:48:00+00:00,west,noaa-goes17,NIGHT,AUTUMN,CYEG,1,0.0000,0.0000,1.30
2021-01-31T02:42:00+00:00,west,noaa-goes17,NIGHT,WINTER,CYEG,1,0.0000,0.0000,1.30
2023-11-09T17:26:00+00:00,west,noaa-goes18,DAY,AUTUMN,CYEG,1,0.0000,0.0000,1.30
2022-07-20T17:03:00+00:00,west,noaa-goes17,DAY,SUMMER,CYEG,1,0.0000,0.0000,1.30
2024-05-04T16:26:00+00:00,west,noaa-goes18,DAY,SPRING,CYEG,1,0.0000,0.0000,1.30
2025-04-28T18:56:00+00:00,west,noaa-goes18,DAY,SPRING,CYEG,0,1.0000,1.0000,1.30
2022-08-23T15:19:00+00:00,west,noaa-goes17,DAY,SUMMER,CYEG,0,1.0000,1.0000,1.30
2020-11-19T12:57:00+00:00,west,noaa-goes17,NIGHT,AUTUMN,CYEG,0,1.0000,1.0000,1.30
2020-05-22T16:36:00+00:00,west,noaa-goes17,DAY,SPRING,CYEG,0,1.0000,1.0000,1.30
2025-10-17T18:43:00+00:00,west,noaa-goes18,DAY,AUTUMN,CYEG,0,0.8889,0.7600,1.30
2025-01-13T05:10:00+00:00,west,noaa-goes18,NIGHT,WINTER,CYEG,0,1.0000,1.0000,1.30
2022-05-17T06:08:00+00:00,west,noaa-goes17,NIGHT,SPRING,CYEG,0,1.0000,1.0000,1.30
2020-06-23T13:05:00+00:00,west,noaa-goes17,DAY,SUMMER,CYEG,0,1.0000,1.0000,1.30
2024-11-18T06:52:00+00:00,west,noaa-goes18,NIGHT,AUTUMN,CYEG,0,0.8889,0.8400,1.30
2021-08-28T19:16:00+00:00,west,noaa-goes17,DAY,SUMMER,CYEG,1,0.0000,0.0000,1.30
2023-08-02T23:58:00+00:00,west,noaa-goes18,DAY,SUMMER,CYEG,1,0.0000,0.0000,1.30
2024-06-15T17:20:00+00:00,west,noaa-goes18,DAY,SUMMER,CYEG,0,1.0000,0.8800,1.30
2023-02-05T16:29:00+00:00,west,noaa-goes18,DAY,WINTER,CYEG,0,1.0000,1.0000,1.30
2020-02-20T22:39:00+00:00,west,noaa-goes17,DAY,WINTER,CYEG,0,1.0000,1.0000,1.30
2024-08-24T04:09:00+00:00,west,noaa-goes18,NIGHT,SUMMER,CYEG,0,1.0000,1.0000,1.30
2021-02-14T03:36:00+00:00,west,noaa-goes17,NIGHT,WINTER,CYEG,1,0.0000,0.0000,1.30
2023-11-09T13:16:00+00:00,west,noaa-goes18,NIGHT,AUTUMN,CYEG,0,1.0000,1.0000,1.30
2024-04-17T20:31:00+00:00,west,noaa-goes18,DAY,SPRING,CYEG,1,0.2222,0.2800,1.30
2025-04-21T01:11:00+00:00,west,noaa-goes18,DAY,SPRING,CYEG,0,1.0000,1.0000,1.30
2023-02-02T12:09:00+00:00,west,noaa-goes18,NIGHT,WINTER,CYEG,0,1.0000,0.9600,1.30
2024-07-03T01:25:00+00:00,west,noaa-goes18,DAY,SUMMER,CYEG,0,0.8889,0.8800,1.30
2023-09-19T22:15:00+00:00,west,noaa-goes18,DAY,AUTUMN,CYEG,0,1.0000,1.0000,1.30
2020-07-20T23:30:00+00:00,west,noaa-goes17,DAY,SUMMER,CYEG,0,1.0000,1.0000,1.30
2023-01-05T11:01:00+00:00,west,noaa-goes18,NIGHT,WINTER,CYEG,1,0.0000,0.0000,1.30
2023-10-15T09:19:00+00:00,west,noaa-goes18,NIGHT,AUTUMN,CYEG,0,1.0000,1.0000,1.30
2023-02-22T15:54:00+00:00,west,noaa-goes18,DAY,WINTER,CYEG,0,1.0000,1.0000,1.30
2023-05-15T23:28:00+00:00,west,noaa-goes18,DAY,SPRING,CYEG,1,0.0000,0.0000,1.30
2023-08-07T08:46:00+00:00,west,noaa-goes18,NIGHT,SUMMER,CYEG,1,0.0000,0.0000,1.30
2024-09-03T19:41:00+00:00,west,noaa-goes18,DAY,AUTUMN,CYEG,1,0.3333,0.4800,1.30
2020-12-31T06:28:00+00:00,west,noaa-goes17,NIGHT,WINTER,CYEG,0,1.0000,1.0000,1.30
2022-05-15T13:47:00+00:00,west,noaa-goes17,DAY,SPRING,CYEG,1,0.3333,0.4000,1.30
2025-06-07T16:55:00+00:00,west,noaa-goes18,DAY,SUMMER,CYEG,1,0.1111,0.1200,1.30
2021-10-13T02:19:00+00:00,west,noaa-goes17,NIGHT,AUTUMN,CYEG,0,1.0000,1.0000,1.30
2025-11-17T18:01:00+00:00,west,noaa-goes18,DAY,AUTUMN,CYEG,0,1.0000,1.0000,1.30
2021-12-12T06:56:00+00:00,west,noaa-goes17,NIGHT,WINTER,CYEG,0,1.0000,1.0000,1.30
2022-04-02T01:15:00+00:00,west,noaa-goes17,DAY,SPRING,CYEG,0,1.0000,1.0000,1.30
2020-05-15T14:03:00+00:00,west,noaa-goes17,DAY,SPRING,CYEG,0,1.0000,1.0000,1.30
2024-01-16T22:12:00+00:00,west,noaa-goes18,DAY,WINTER,CYEG,0,1.0000,1.0000,1.30
2023-01-27T11:52:00+00:00,west,noaa-goes18,NIGHT,WINTER,CYEG,0,1.0000,1.0000,1.30
2025-03-16T16:25:00+00:00,west,noaa-goes18,DAY,SPRING,CYEG,0,1.0000,1.0000,1.30
2021-05-22T21:01:00+00:00,west,noaa-goes17,DAY,SPRING,CYEG,1,0.0000,0.0000,1.30
2022-09-17T11:31:00+00:00,west,noaa-goes17,NIGHT,AUTUMN,CYEG,0,1.0000,1.0000,1.30
2025-01-01T05:55:00+00:00,west,noaa-goes18,NIGHT,WINTER,CYEG,0,1.0000,1.0000,1.30
2025-04-27T18:35:00+00:00,west,noaa-goes18,DAY,SPRING,CYEG,0,1.0000,1.0000,1.30
2023-12-03T11:10:00+00:00,west,noaa-goes18,NIGHT,WINTER,CYEG,1,0.0000,0.0400,1.30
2021-01-05T09:01:00+00:00,west,noaa-goes17,NIGHT,WINTER,CYEG,0,1.0000,1.0000,1.30
2024-05-02T01:10:00+00:00,west,noaa-goes18,DAY,SPRING,CYEG,0,1.0000,1.0000,1.30
2022-05-27T07:41:00+00:00,west,noaa-goes17,NIGHT,SPRING,CYEG,0,1.0000,1.0000,1.30
2022-07-11T21:13:00+00:00,west,noaa-goes17,DAY,SUMMER,CYEG,1,0.0000,0.0000,1.30
2023-01-07T20:26:00+00:00,west,noaa-goes18,DAY,WINTER,CYEG,0,1.0000,1.0000,1.30
2021-06-25T20:11:00+00:00,west,noaa-goes17,DAY,SUMMER,CYEG,1,0.0000,0.0800,1.30
2020-02-04T07:16:00+00:00,west,noaa-goes17,NIGHT,WINTER,CYEG,0,1.0000,0.8400,1.30
2023-06-05T22:45:00+00:00,west,noaa-goes18,DAY,SUMMER,CYEG,0,1.0000,1.0000,1.30
2023-02-01T13:57:00+00:00,west,noaa-goes18,NIGHT,WINTER,CYEG,0,1.0000,1.0000,1.30
2024-03-22T11:29:00+00:00,west,noaa-goes18,NIGHT,SPRING,CYEG,0,1.0000,1.0000,1.30
2023-05-22T21:33:00+00:00,west,noaa-goes18,DAY,SPRING,CYEG,0,1.0000,1.0000,1.30
2024-06-14T18:06:00+00:00,west,noaa-goes18,DAY,SUMMER,CYEG,0,1.0000,1.0000,1.30
2020-01-31T16:42:00+00:00,west,noaa-goes17,DAY,WINTER,CYEG,0,1.0000,1.0000,1.30
2024-03-12T17:41:00+00:00,west,noaa-goes18,DAY,SPRING,CYEG,1,0.1111,0.2400,1.30
2023-03-03T09:43:00+00:00,west,noaa-goes18,NIGHT,SPRING,CYEG,0,0.8889,0.6400,1.30
2021-03-18T15:04:00+00:00,west,noaa-goes17,DAY,SPRING,CYEG,0,0.6667,0.6400,1.30
2023-10-09T08:40:00+00:00,west,noaa-goes18,NIGHT,AUTUMN,CYEG,1,0.2222,0.0800,1.30
2023-08-24T08:16:00+00:00,west,noaa-goes18,NIGHT,SUMMER,CYEG,0,1.0000,1.0000,1.30
2023-05-08T06:09:00+00:00,west,noaa-goes18,NIGHT,SPRING,CYEG,0,1.0000,1.0000,1.30
2025-10-19T07:57:00+00:00,west,noaa-goes18,NIGHT,AUTUMN,CYEG,0,1.0000,1.0000,1.30
2020-08-20T19:25:00+00:00,west,noaa-goes17,DAY,SUMMER,CYEG,0,1.0000,1.0000,1.30
2023-08-02T21:08:00+00:00,west,noaa-goes18,DAY,SUMMER,CYEG,0,1.0000,1.0000,1.30
2020-04-14T20:31:00+00:00,west,noaa-goes17,DAY,SPRING,CYEG,0,1.0000,1.0000,1.30
2023-04-25T08:58:00+00:00,west,noaa-goes18,NIGHT,SPRING,CYEG,0,1.0000,1.0000,1.30
2020-05-24T18:45:00+00:00,west,noaa-goes17,DAY,SPRING,CYEG,1,0.0000,0.0000,1.30
2022-06-29T21:34:00+00:00,west,noaa-goes17,DAY,SUMMER,CYEG,0,1.0000,1.0000,1.30
2025-05-02T21:22:00+00:00,west,noaa-goes18,DAY,SPRING,CYEG,1,0.0000,0.0000,1.30
2025-09-08T09:54:00+00:00,west,noaa-goes18,NIGHT,AUTUMN,CYEG,1,0.0000,0.0000,1.30
2021-11-27T21:56:00+00:00,west,noaa-goes17,DAY,AUTUMN,CYEG,0,1.0000,1.0000,1.30
2022-01-11T09:06:00+00:00,west,noaa-goes17,NIGHT,WINTER,CYEG,0,0.8889,0.8400,1.30
2025-04-12T04:47:00+00:00,west,noaa-goes18,NIGHT,SPRING,CYEG,0,1.0000,1.0000,1.30
2022-01-19T21:57:00+00:00,west,noaa-goes17,DAY,WINTER,CYEG,1,0.0000,0.0000,1.30
2023-10-06T20:05:00+00:00,west,noaa-goes18,DAY,AUTUMN,CYEG,0,0.8889,0.6800,1.30
2023-06-11T13:50:00+00:00,west,noaa-goes18,DAY,SUMMER,CYEG,1,0.0000,0.0000,1.30
2023-09-19T11:16:00+00:00,west,noaa-goes18,NIGHT,AUTUMN,CYEG,1,0.2222,0.1600,1.30
2023-04-19T14:54:00+00:00,west,noaa-goes18,DAY,SPRING,CYEG,0,1.0000,1.0000,1.30
2021-04-27T15:03:00+00:00,west,noaa-goes17,DAY,SPRING,CYEG,0,1.0000,1.0000,1.30
2020-10-18T15:56:00+00:00,west,noaa-goes17,DAY,AUTUMN,CYEG,0,1.0000,1.0000,1.30
2022-03-07T16:07:00+00:00,west,noaa-goes17,DAY,SPRING,CYEG,0,1.0000,1.0000,1.30
2024-04-12T16:19:00+00:00,west,noaa-goes18,DAY,SPRING,CYEG,0,0.8889,0.7200,1.30
2024-08-19T01:55:00+00:00,west,noaa-goes18,DAY,SUMMER,CYEG,0,1.0000,1.0000,1.30
2021-09-09T04:12:00+00:00,west,noaa-goes17,NIGHT,AUTUMN,CYEG,0,1.0000,1.0000,1.30
2025-02-17T04:20:00+00:00,west,noaa-goes18,NIGHT,WINTER,CYEG,1,0.0000,0.0000,1.30
2022-01-08T02:31:00+00:00,west,noaa-goes17,NIGHT,WINTER,CYEG,1,0.0000,0.0400,1.30
2023-09-24T20:11:00+00:00,west,noaa-goes18,DAY,AUTUMN,CYEG,0,1.0000,1.0000,1.30
2023-07-07T20:03:00+00:00,west,noaa-goes18,DAY,SUMMER,CYEG,1,0.1111,0.1600,1.30
2022-05-07T05:36:00+00:00,west,noaa-goes17,NIGHT,SPRING,CYEG,0,1.0000,1.0000,1.30
2021-10-10T15:50:00+00:00,west,noaa-goes17,DAY,AUTUMN,CYEG,0,1.0000,1.0000,1.30
2020-12-26T04:39:00+00:00,west,noaa-goes17,NIGHT,WINTER,CYEG,1,0.0000,0.2000,1.30
2024-11-11T20:27:00+00:00,west,noaa-goes18,DAY,AUTUMN,CYEG,0,1.0000,1.0000,1.30
2024-07-10T13:30:00+00:00,west,noaa-goes18,DAY,SUMMER,CYEG,1,0.0000,0.0000,1.30
2024-04-19T00:02:00+00:00,west,noaa-goes18,DAY,SPRING,CYEG,0,1.0000,1.0000,1.30
2025-12-26T06:46:00+00:00,west,noaa-goes18,NIGHT,WINTER,CYEG,0,1.0000,1.0000,1.30
2023-08-12T16:12:00+00:00,west,noaa-goes18,DAY,SUMMER,CYEG,1,0.0000,0.3600,1.30
2020-03-14T21:00:00+00:00,west,noaa-goes17,DAY,SPRING,CYEG,0,1.0000,1.0000,1.30
2023-11-11T09:08:00+00:00,west,noaa-goes18,NIGHT,AUTUMN,CYEG,0,1.0000,1.0000,1.30
2021-02-24T12:32:00+00:00,west,noaa-goes17,NIGHT,WINTER,CYEG,0,1.0000,1.0000,1.30
2025-02-10T23:33:00+00:00,west,noaa-goes18,DAY,WINTER,CYEG,1,0.0000,0.0000,1.30
2025-11-16T10:27:00+00:00,west,noaa-goes18,NIGHT,AUTUMN,CYEG,0,1.0000,1.0000,1.30
2022-02-10T05:58:00+00:00,west,noaa-goes17,NIGHT,WINTER,CYEG,1,0.3333,0.5200,1.30
2024-07-10T00:14:00+00:00,west,noaa-goes18,DAY,SUMMER,CYEG,1,0.0000,0.0000,1.30
2022-07-07T23:08:00+00:00,west,noaa-goes17,DAY,SUMMER,CYEG,0,1.0000,1.0000,1.30
2022-05-15T23:01:00+00:00,west,noaa-goes17,DAY,SPRING,CYEG,0,1.0000,0.9600,1.30
2025-08-28T05:07:00+00:00,west,noaa-goes18,NIGHT,SUMMER,CYEG,0,0.6667,0.6400,1.30
2024-02-10T22:41:00+00:00,west,noaa-goes18,DAY,WINTER,CYEG,0,1.0000,1.0000,1.30
2020-06-02T12:56:00+00:00,west,noaa-goes17,DAY,SUMMER,CYEG,1,0.0000,0.0000,1.30
2022-11-13T17:39:00+00:00,west,noaa-goes17,DAY,AUTUMN,CYEG,0,0.8889,0.7200,1.30
2020-07-18T19:03:00+00:00,west,noaa-goes17,DAY,SUMMER,CYEG,0,1.0000,0.9200,1.30
2021-03-18T20:53:00+00:00,west,noaa-goes17,DAY,SPRING,CYEG,1,0.0000,0.0800,1.30
2021-04-19T13:28:00+00:00,west,noaa-goes17,DAY,SPRING,CYEG,0,1.0000,1.0000,1.30
2022-11-01T15:44:00+00:00,west,noaa-goes17,DAY,AUTUMN,CYEG,0,1.0000,1.0000,1.30
2021-09-19T06:44:00+00:00,west,noaa-goes17,NIGHT,AUTUMN,CYEG,0,1.0000,1.0000,1.30
2020-02-08T09:26:00+00:00,west,noaa-goes17,NIGHT,WINTER,CYEG,0,1.0000,1.0000,1.30
2021-02-17T21:33:00+00:00,west,noaa-goes17,DAY,WINTER,CYEG,1,0.2222,0.2800,1.30
2023-01-10T19:38:00+00:00,west,noaa-goes18,DAY,WINTER,CYEG,0,1.0000,1.0000,1.30
2021-07-15T13:53:00+00:00,west,noaa-goes17,DAY,SUMMER,CYEG,1,0.0000,0.0800,1.30
2021-03-05T16:46:00+00:00,west,noaa-goes17,DAY,SPRING,CYEG,1,0.2222,0.2000,1.30
2021-03-11T15:12:00+00:00,west,noaa-goes17,DAY,SPRING,CYEG,1,0.1111,0.2400,1.30
2022-03-29T08:53:00+00:00,west,noaa-goes17,NIGHT,SPRING,CYEG,1,0.0000,0.0000,1.30
2024-08-05T09:10:00+00:00,west,noaa-goes18,NIGHT,SUMMER,CYEG,0,1.0000,1.0000,1.30
2020-06-10T17:31:00+00:00,west,noaa-goes17,DAY,SUMMER,CYEG,1,0.0000,0.0000,1.30
2022-04-30T22:59:00+00:00,west,noaa-goes17,DAY,SPRING,CYEG,0,1.0000,1.0000,1.30
2020-12-30T03:53:00+00:00,west,noaa-goes17,NIGHT,WINTER,CYEG,0,1.0000,1.0000,1.30
2025-09-26T02:46:00+00:00,west,noaa-goes18,NIGHT,AUTUMN,CYEG,0,1.0000,1.0000,1.30
2022-08-04T14:18:00+00:00,west,noaa-goes17,DAY,SUMMER,CYEG,0,1.0000,1.0000,1.30
2022-12-17T14:03:00+00:00,west,noaa-goes17,NIGHT,WINTER,CYEG,0,1.0000,0.9600,1.30
2021-02-12T05:55:00+00:00,west,noaa-goes17,NIGHT,WINTER,CYEG,1,0.0000,0.0000,1.30
2023-07-04T13:47:00+00:00,west,noaa-goes18,DAY,SUMMER,CYEG,0,1.0000,1.0000,1.30
2020-07-06T00:54:00+00:00,west,noaa-goes17,DAY,SUMMER,CYEG,0,1.0000,1.0000,1.30
2021-07-20T21:41:00+00:00,west,noaa-goes17,DAY,SUMMER,CYEG,0,1.0000,1.0000,1.30
2021-11-29T10:22:00+00:00,west,noaa-goes17,NIGHT,AUTUMN,CYEG,1,0.1111,0.1600,1.30
2024-11-27T19:17:00+00:00,west,noaa-goes18,DAY,AUTUMN,CYEG,1,0.1111,0.2800,1.30
2021-01-15T11:52:00+00:00,west,noaa-goes17,NIGHT,WINTER,CYEG,0,1.0000,1.0000,1.30
2023-11-04T05:07:00+00:00,west,noaa-goes18,NIGHT,AUTUMN,CYEG,0,1.0000,1.0000,1.30
2024-06-29T12:29:00+00:00,west,noaa-goes18,DAY,SUMMER,CYEG,1,0.0000,0.0000,1.30
2023-01-18T12:44:00+00:00,west,noaa-goes18,NIGHT,WINTER,CYEG,1,0.0000,0.0000,1.30
2025-05-12T13:41:00+00:00,west,noaa-goes18,DAY,SPRING,CYEG,0,1.0000,1.0000,1.30
2021-11-14T03:08:00+00:00,west,noaa-goes17,NIGHT,AUTUMN,CYEG,0,1.0000,1.0000,1.30
2020-08-28T05:06:00+00:00,west,noaa-goes17,NIGHT,SUMMER,CYEG,1,0.0000,0.0000,1.30
2024-08-31T18:30:00+00:00,west,noaa-goes18,DAY,SUMMER,CYEG,0,0.5556,0.4800,1.30
2024-11-29T05:39:00+00:00,west,noaa-goes18,NIGHT,AUTUMN,CYEG,0,1.0000,1.0000,1.30
2024-04-04T11:39:00+00:00,west,noaa-goes18,NIGHT,SPRING,CYEG,0,1.0000,1.0000,1.30
2020-04-28T21:56:00+00:00,west,noaa-goes17,DAY,SPRING,CYEG,0,1.0000,1.0000,1.30
2021-06-19T15:58:00+00:00,west,noaa-goes17,DAY,SUMMER,CYEG,0,1.0000,0.8000,1.30
2024-08-11T14:02:00+00:00,west,noaa-goes18,DAY,SUMMER,CYEG,1,0.0000,0.0000,1.30
2020-09-16T08:41:00+00:00,west,noaa-goes17,NIGHT,AUTUMN,CYEG,1,0.0000,0.0000,1.30
2023-07-11T00:45:00+00:00,west,noaa-goes18,DAY,SUMMER,CYEG,0,1.0000,1.0000,1.30
2022-07-06T21:55:00+00:00,west,noaa-goes17,DAY,SUMMER,CYEG,0,1.0000,1.0000,1.30
2023-10-17T16:33:00+00:00,west,noaa-goes18,DAY,AUTUMN,CYEG,0,1.0000,1.0000,1.30
2021-01-25T13:42:00+00:00,west,noaa-goes17,NIGHT,WINTER,CYEG,1,0.0000,0.0400,1.30
2022-10-15T15:22:00+00:00,west,noaa-goes17,DAY,AUTUMN,CYEG,0,0.2222,0.4800,1.30
2024-04-25T04:53:00+00:00,west,noaa-goes18,NIGHT,SPRING,CYEG,0,1.0000,1.0000,1.30
2020-08-11T00:41:00+00:00,west,noaa-goes17,DAY,SUMMER,CYEG,1,0.0000,0.0000,1.30
2021-10-04T16:54:00+00:00,west,noaa-goes17,DAY,AUTUMN,CYEG,1,0.0000,0.0000,1.30
2025-04-06T15:55:00+00:00,west,noaa-goes18,DAY,SPRING,CYEG,1,0.0000,0.0000,1.30
2021-11-08T02:48:00+00:00,west,noaa-goes17,NIGHT,AUTUMN,CYEG,0,0.7778,0.6000,1.30
2023-09-17T08:03:00+00:00,west,noaa-goes18,NIGHT,AUTUMN,CYEG,1,0.0000,0.0000,1.30
2025-09-07T07:35:00+00:00,west,noaa-goes18,NIGHT,AUTUMN,CYEG,1,0.4444,0.2800,1.30
2024-12-24T18:28:00+00:00,west,noaa-goes18,DAY,WINTER,CYEG,0,1.0000,1.0000,1.30
2020-03-13T03:25:00+00:00,west,noaa-goes17,NIGHT,SPRING,CYEG,0,1.0000,1.0000,1.30
2024-08-15T01:35:00+00:00,west,noaa-goes18,DAY,SUMMER,CYEG,1,0.0000,0.0000,1.30
2020-01-01T02:50:00+00:00,west,noaa-goes17,NIGHT,WINTER,CYEG,0,1.0000,1.0000,1.30
2023-06-01T16:35:00+00:00,west,noaa-goes18,DAY,SUMMER,CYEG,0,1.0000,1.0000,1.30
2022-04-27T20:42:00+00:00,west,noaa-goes17,DAY,SPRING,CYEG,0,1.0000,1.0000,1.30
2025-02-11T10:23:00+00:00,west,noaa-goes18,NIGHT,WINTER,CYEG,0,1.0000,0.9600,1.30
2020-08-10T07:54:00+00:00,west,noaa-goes17,NIGHT,SUMMER,CYEG,0,1.0000,1.0000,1.30
2025-02-04T10:35:00+00:00,west,noaa-goes18,NIGHT,WINTER,CYEG,0,1.0000,0.8800,1.30
2025-04-21T22:42:00+00:00,west,noaa-goes18,DAY,SPRING,CYEG,0,1.0000,1.0000,1.30
2024-01-28T22:28:00+00:00,west,noaa-goes18,DAY,WINTER,CYEG,1,0.0000,0.0000,1.30
2022-06-27T00:21:00+00:00,west,noaa-goes17,DAY,SUMMER,CYEG,0,1.0000,1.0000,1.30
2023-12-25T20:51:00+00:00,west,noaa-goes18,DAY,WINTER,CYEG,0,1.0000,1.0000,1.30
2023-04-10T17:33:00+00:00,west,noaa-goes18,DAY,SPRING,CYEG,0,1.0000,1.0000,1.30
2024-03-11T22:06:00+00:00,west,noaa-goes18,DAY,SPRING,CYEG,1,0.0000,0.0000,1.30
2021-07-29T22:47:00+00:00,west,noaa-goes17,DAY,SUMMER,CYEG,1,0.2222,0.1600,1.30
2022-03-13T06:07:00+00:00,west,noaa-goes17,NIGHT,SPRING,CYEG,0,1.0000,1.0000,1.30
2024-05-28T06:29:00+00:00,west,noaa-goes18,NIGHT,SPRING,CYEG,0,1.0000,1.0000,1.30
2022-02-19T22:21:00+00:00,west,noaa-goes17,DAY,WINTER,CYEG,0,1.0000,1.0000,1.30
2021-05-19T14:29:00+00:00,west,noaa-goes17,DAY,SPRING,CYEG,0,1.0000,1.0000,1.30
2025-08-27T04:31:00+00:00,west,noaa-goes18,NIGHT,SUMMER,CYEG,1,0.1111,0.2800,1.30
2020-01-18T16:47:00+00:00,west,noaa-goes17,DAY,WINTER,CYEG,0,1.0000,0.8800,1.30
2020-07-17T17:59:00+00:00,west,noaa-goes17,DAY,SUMMER,CYEG,1,0.0000,0.0800,1.30
2024-11-07T18:30:00+00:00,west,noaa-goes18,DAY,AUTUMN,CYEG,1,0.3333,0.4800,1.30
2025-09-13T05:44:00+00:00,west,noaa-goes18,NIGHT,AUTUMN,CYEG,0,1.0000,0.9600,1.30
2023-08-11T16:56:00+00:00,west,noaa-goes18,DAY,SUMMER,CYEG,0,1.0000,1.0000,1.30
2024-04-24T13:38:00+00:00,west,noaa-goes18,DAY,SPRING,CYEG,0,1.0000,1.0000,1.30
2022-10-13T08:25:00+00:00,west,noaa-goes17,NIGHT,AUTUMN,CYEG,1,0.1111,0.1200,1.30
2023-11-05T09:28:00+00:00,west,noaa-goes18,NIGHT,AUTUMN,CYEG,1,0.5556,0.5200,1.30
2025-09-29T09:53:00+00:00,west,noaa-goes18,NIGHT,AUTUMN,CYEG,0,1.0000,0.9600,1.30
2023-07-09T22:47:00+00:00,west,noaa-goes18,DAY,SUMMER,CYEG,1,0.0000,0.0000,1.30
2023-04-05T21:22:00+00:00,west,noaa-goes18,DAY,SPRING,CYEG,0,1.0000,0.8800,1.30
2021-06-27T22:41:00+00:00,west,noaa-goes17,DAY,SUMMER,CYEG,1,0.1111,0.1200,1.30
2023-08-13T22:07:00+00:00,west,noaa-goes18,DAY,SUMMER,CYEG,1,0.1111,0.0800,1.30
2023-12-13T17:30:00+00:00,west,noaa-goes18,DAY,WINTER,CYEG,0,1.0000,1.0000,1.30
2024-09-05T21:47:00+00:00,west,noaa-goes18,DAY,AUTUMN,CYEG,1,0.0000,0.0000,1.30
2025-12-26T09:56:00+00:00,west,noaa-goes18,NIGHT,WINTER,CYEG,0,1.0000,1.0000,1.30
2024-09-26T00:33:00+00:00,west,noaa-goes18,DAY,AUTUMN,CYEG,1,0.0000,0.0000,1.30
2021-03-12T00:24:00+00:00,west,noaa-goes17,DAY,SPRING,CYEG,0,1.0000,1.0000,1.30
2021-08-18T01:42:00+00:00,west,noaa-goes17,DAY,SUMMER,CYEG,0,1.0000,1.0000,1.30
2022-10-23T04:53:00+00:00,west,noaa-goes17,NIGHT,AUTUMN,CYEG,0,1.0000,1.0000,1.30
2020-09-11T22:50:00+00:00,west,noaa-goes17,DAY,AUTUMN,CYEG,1,0.0000,0.0000,1.30
2023-04-23T06:48:00+00:00,west,noaa-goes18,NIGHT,SPRING,CYEG,0,1.0000,1.0000,1.30
2025-01-27T03:39:00+00:00,west,noaa-goes18,NIGHT,WINTER,CYEG,1,0.0000,0.0000,1.30
2022-07-07T23:41:00+00:00,west,noaa-goes17,DAY,SUMMER,CYEG,0,1.0000,1.0000,1.30
2024-05-11T07:32:00+00:00,west,noaa-goes18,NIGHT,SPRING,CYEG,1,0.2222,0.3200,1.30
2023-03-24T22:42:00+00:00,west,noaa-goes18,DAY,SPRING,CYEG,1,0.0000,0.0000,1.30
2020-07-11T12:24:00+00:00,west,noaa-goes17,DAY,SUMMER,CYEG,0,1.0000,0.7600,1.30
2024-09-02T21:20:00+00:00,west,noaa-goes18,DAY,AUTUMN,CYEG,0,1.0000,0.9200,1.30
2020-08-08T00:47:00+00:00,west,noaa-goes17,DAY,SUMMER,CYEG,1,0.0000,0.1200,1.30
2024-12-19T07:58:00+00:00,west,noaa-goes18,NIGHT,WINTER,CYEG,1,0.0000,0.0000,1.30
2024-02-15T18:34:00+00:00,west,noaa-goes18,DAY,WINTER,CYEG,0,1.0000,1.0000,1.30
2022-03-15T23:12:00+00:00,west,noaa-goes17,DAY,SPRING,CYEG,0,1.0000,0.9200,1.30
2023-04-19T14:11:00+00:00,west,noaa-goes18,DAY,SPRING,CYEG,0,1.0000,1.0000,1.30
2020-11-01T05:11:00+00:00,west,noaa-goes17,NIGHT,AUTUMN,CYEG,0,1.0000,0.8400,1.30
2025-10-05T03:24:00+00:00,west,noaa-goes18,NIGHT,AUTUMN,CYEG,0,0.5556,0.5600,1.30
2020-06-15T13:17:00+00:00,west,noaa-goes17,DAY,SUMMER,CYEG,0,1.0000,1.0000,1.30
2022-12-18T04:10:00+00:00,west,noaa-goes17,NIGHT,WINTER,CYEG,0,0.7778,0.6800,1.30
2025-03-25T22:59:00+00:00,west,noaa-goes18,DAY,SPRING,CYEG,0,1.0000,1.0000,1.30
2023-08-14T19:03:00+00:00,west,noaa-goes18,DAY,SUMMER,CYEG,1,0.0000,0.0000,1.30
2023-05-18T15:50:00+00:00,west,noaa-goes18,DAY,SPRING,CYEG,1,0.0000,0.0000,1.30
2024-01-06T02:50:00+00:00,west,noaa-goes18,NIGHT,WINTER,CYEG,0,1.0000,1.0000,1.30
2023-07-25T16:14:00+00:00,west,noaa-goes18,DAY,SUMMER,CYEG,0,1.0000,1.0000,1.30
2025-08-31T05:26:00+00:00,west,noaa-goes18,NIGHT,SUMMER,CYEG,1,0.0000,0.0000,1.30
2024-07-10T02:22:00+00:00,west,noaa-goes18,DAY,SUMMER,CYEG,1,0.0000,0.0000,1.30
2022-06-25T06:42:00+00:00,west,noaa-goes17,NIGHT,SUMMER,CYEG,0,0.6667,0.6400,1.30
2023-09-21T10:23:00+00:00,west,noaa-goes18,NIGHT,AUTUMN,CYEG,1,0.0000,0.0000,1.30
2023-04-17T06:48:00+00:00,west,noaa-goes18,NIGHT,SPRING,CYEG,0,1.0000,1.0000,1.30
2020-02-06T03:42:00+00:00,west,noaa-goes17,NIGHT,WINTER,CYEG,0,1.0000,1.0000,1.30
2023-08-07T12:58:00+00:00,west,noaa-goes18,DAY,SUMMER,CYEG,1,0.0000,0.0000,1.30
2025-10-18T11:32:00+00:00,west,noaa-goes18,NIGHT,AUTUMN,CYEG,0,1.0000,1.0000,1.30
2025-09-14T14:31:00+00:00,west,noaa-goes18,DAY,AUTUMN,CYEG,0,1.0000,1.0000,1.30
2020-12-03T03:10:00+00:00,west,noaa-goes17,NIGHT,WINTER,CYEG,1,0.0000,0.0000,1.30
2020-09-25T06:42:00+00:00,west,noaa-goes17,NIGHT,AUTUMN,CYEG,1,0.0000,0.0400,1.30
2022-05-23T21:27:00+00:00,west,noaa-goes17,DAY,SPRING,CYEG,0,0.7778,0.8400,1.30
2021-03-01T06:34:00+00:00,west,noaa-goes17,NIGHT,SPRING,CYEG,0,1.0000,1.0000,1.30
2024-11-17T20:52:00+00:00,west,noaa-goes18,DAY,AUTUMN,CYEG,0,1.0000,1.0000,1.30
2021-09-21T00:29:00+00:00,west,noaa-goes17,DAY,AUTUMN,CYEG,1,0.0000,0.0000,1.30
2022-10-28T17:04:00+00:00,west,noaa-goes17,DAY,AUTUMN,CYEG,0,1.0000,1.0000,1.30
2022-07-21T08:26:00+00:00,west,noaa-goes17,NIGHT,SUMMER,CYEG,1,0.0000,0.0000,1.30
2024-05-08T14:40:00+00:00,west,noaa-goes18,DAY,SPRING,CYEG,0,1.0000,1.0000,1.30
2024-07-14T13:20:00+00:00,west,noaa-goes18,DAY,SUMMER,CYEG,0,1.0000,1.0000,1.30
2020-03-10T12:43:00+00:00,west,noaa-goes17,NIGHT,SPRING,CYEG,0,1.0000,0.8800,1.30
2021-04-29T17:00:00+00:00,west,noaa-goes17,DAY,SPRING,CYEG,0,1.0000,1.0000,1.30
2020-09-16T23:37:00+00:00,west,noaa-goes17,DAY,AUTUMN,CYEG,1,0.0000,0.0000,1.30
2020-07-05T22:54:00+00:00,west,noaa-goes17,DAY,SUMMER,CYEG,0,1.0000,1.0000,1.30
2023-05-19T19:05:00+00:00,west,noaa-goes18,DAY,SPRING,CYEG,1,0.0000,0.0000,1.30
2024-06-06T21:01:00+00:00,west,noaa-goes18,DAY,SUMMER,CYEG,1,0.0000,0.0800,1.30
2025-04-25T05:34:00+00:00,west,noaa-goes18,NIGHT,SPRING,CYEG,1,0.1111,0.2000,1.30
2024-05-20T17:18:00+00:00,west,noaa-goes18,DAY,SPRING,CYEG,0,1.0000,1.0000,1.30
2024-03-08T00:35:00+00:00,west,noaa-goes18,DAY,SPRING,CYEG,0,1.0000,1.0000,1.30
2020-01-21T18:38:00+00:00,west,noaa-goes17,DAY,WINTER,CYEG,1,0.1111,0.1200,1.30
2024-06-02T17:35:00+00:00,west,noaa-goes18,DAY,SUMMER,CYEG,0,1.0000,1.0000,1.30
2020-12-14T09:13:00+00:00,west,noaa-goes17,NIGHT,WINTER,CYEG,0,1.0000,1.0000,1.30
2023-11-09T06:26:00+00:00,west,noaa-goes18,NIGHT,AUTUMN,CYEG,0,1.0000,1.0000,1.30
2025-09-30T04:10:00+00:00,west,noaa-goes18,NIGHT,AUTUMN,CYEG,0,1.0000,1.0000,1.30
2022-01-23T07:39:00+00:00,west,noaa-goes17,NIGHT,WINTER,CYEG,0,0.7778,0.6800,1.30
2022-01-12T21:51:00+00:00,west,noaa-goes17,DAY,WINTER,CYEG,0,1.0000,1.0000,1.30
2020-08-10T17:29:00+00:00,west,noaa-goes17,DAY,SUMMER,CYEG,0,1.0000,1.0000,1.30
2020-10-02T08:06:00+00:00,west,noaa-goes17,NIGHT,AUTUMN,CYEG,0,1.0000,1.0000,1.30
2022-03-19T23:37:00+00:00,west,noaa-goes17,DAY,SPRING,CYEG,1,0.0000,0.0400,1.30
2021-06-09T21:41:00+00:00,west,noaa-goes17,DAY,SUMMER,CYEG,0,1.0000,1.0000,1.30
2020-10-12T06:20:00+00:00,west,noaa-goes17,NIGHT,AUTUMN,CYEG,0,1.0000,0.9600,1.30
2025-06-13T14:21:00+00:00,west,noaa-goes18,DAY,SUMMER,CYEG,0,1.0000,1.0000,1.30
2023-06-06T22:37:00+00:00,west,noaa-goes18,DAY,SUMMER,CYEG,1,0.0000,0.0000,1.30
2021-09-16T18:36:00+00:00,west,noaa-goes17,DAY,AUTUMN,CYEG,0,1.0000,1.0000,1.30
2024-02-01T10:27:00+00:00,west,noaa-goes18,NIGHT,WINTER,CYEG,1,0.0000,0.0000,1.30
2022-10-05T07:45:00+00:00,west,noaa-goes17,NIGHT,AUTUMN,CYEG,0,1.0000,1.0000,1.30
2024-11-21T08:53:00+00:00,west,noaa-goes18,NIGHT,AUTUMN,CYEG,0,1.0000,1.0000,1.30
2024-01-12T04:43:00+00:00,west,noaa-goes18,NIGHT,WINTER,CYEG,0,1.0000,0.9600,1.30
2023-09-20T15:29:00+00:00,west,noaa-goes18,DAY,AUTUMN,CYEG,0,1.0000,1.0000,1.30
2024-12-29T11:49:00+00:00,west,noaa-goes18,NIGHT,WINTER,CYEG,1,0.0000,0.0000,1.30
2023-06-05T15:35:00+00:00,west,noaa-goes18,DAY,SUMMER,CYEG,0,1.0000,1.0000,1.30
2021-03-21T05:41:00+00:00,west,noaa-goes17,NIGHT,SPRING,CYEG,1,0.0000,0.0000,1.30
2020-12-01T08:54:00+00:00,west,noaa-goes17,NIGHT,WINTER,CYEG,1,0.2222,0.2400,1.30
2021-07-27T17:12:00+00:00,west,noaa-goes17,DAY,SUMMER,CYEG,0,0.2222,0.3200,1.30
2020-03-17T16:40:00+00:00,west,noaa-goes17,DAY,SPRING,CYEG,0,1.0000,1.0000,1.30
2020-05-07T18:37:00+00:00,west,noaa-goes17,DAY,SPRING,CYEG,0,1.0000,1.0000,1.30
2024-07-17T18:13:00+00:00,west,noaa-goes18,DAY,SUMMER,CYEG,1,0.0000,0.0000,1.30
2020-05-30T17:16:00+00:00,west,noaa-goes17,DAY,SPRING,CYEG,1,0.4444,0.4800,1.30
2025-04-17T20:49:00+00:00,west,noaa-goes18,DAY,SPRING,CYEG,1,0.0000,0.0000,1.30
2022-07-03T18:46:00+00:00,west,noaa-goes17,DAY,SUMMER,CYEG,0,1.0000,0.9200,1.30
2023-04-06T04:29:00+00:00,west,noaa-goes18,NIGHT,SPRING,CYEG,1,0.0000,0.0400,1.30
2025-08-14T16:05:00+00:00,west,noaa-goes18,DAY,SUMMER,CYEG,1,0.1111,0.2000,1.30
2020-02-13T21:15:00+00:00,west,noaa-goes17,DAY,WINTER,CYEG,0,1.0000,1.0000,1.30
2021-11-10T16:08:00+00:00,west,noaa-goes17,DAY,AUTUMN,CYEG,1,0.0000,0.0000,1.30
2025-01-01T05:11:00+00:00,west,noaa-goes18,NIGHT,WINTER,CYEG,0,1.0000,1.0000,1.30
2021-08-21T23:46:00+00:00,west,noaa-goes17,DAY,SUMMER,CYEG,0,1.0000,1.0000,1.30
2022-06-15T15:14:00+00:00,west,noaa-goes17,DAY,SUMMER,CYEG,0,1.0000,1.0000,1.30
2020-09-14T08:23:00+00:00,west,noaa-goes17,NIGHT,AUTUMN,CYEG,0,1.0000,1.0000,1.30
2022-04-26T16:58:00+00:00,west,noaa-goes17,DAY,SPRING,CYEG,0,1.0000,1.0000,1.30
2024-01-19T12:30:00+00:00,west,noaa-goes18,NIGHT,WINTER,CYEG,1,0.2222,0.0800,1.30
2025-11-05T20:53:00+00:00,west,noaa-goes18,DAY,AUTUMN,CYEG,0,1.0000,1.0000,1.30
2021-12-13T12:41:00+00:00,west,noaa-goes17,NIGHT,WINTER,CYEG,1,0.0000,0.0000,1.30
2024-03-30T11:37:00+00:00,west,noaa-goes18,NIGHT,SPRING,CYEG,1,0.0000,0.0400,1.30
2020-11-14T16:16:00+00:00,west,noaa-goes17,DAY,AUTUMN,CYEG,0,1.0000,1.0000,1.30
2024-03-21T07:33:00+00:00,west,noaa-goes18,NIGHT,SPRING,CYEG,1,0.3333,0.4000,1.30
2025-05-28T19:00:00+00:00,west,noaa-goes18,DAY,SPRING,CYEG,1,0.0000,0.0000,1.30
2025-10-08T20:17:00+00:00,west,noaa-goes18,DAY,AUTUMN,CYEG,0,1.0000,1.0000,1.30
2021-10-06T11:38:00+00:00,west,noaa-goes17,NIGHT,AUTUMN,CYEG,0,1.0000,1.0000,1.30
2024-08-25T10:46:00+00:00,west,noaa-goes18,NIGHT,SUMMER,CYEG,0,1.0000,0.9600,1.30
2021-04-09T15:43:00+00:00,west,noaa-goes17,DAY,SPRING,CYEG,0,0.8889,0.8800,1.30
2025-05-15T15:13:00+00:00,west,noaa-goes18,DAY,SPRING,CYEG,0,1.0000,1.0000,1.30
2021-10-22T20:53:00+00:00,west,noaa-goes17,DAY,AUTUMN,CYEG,0,1.0000,1.0000,1.30
2024-08-10T00:15:00+00:00,west,noaa-goes18,DAY,SUMMER,CYEG,1,0.0000,0.0000,1.30
2021-10-21T04:40:00+00:00,west,noaa-goes17,NIGHT,AUTUMN,CYEG,0,1.0000,1.0000,1.30
2021-08-24T01:10:00+00:00,west,noaa-goes17,DAY,SUMMER,CYEG,0,1.0000,1.0000,1.30
2022-11-23T05:33:00+00:00,west,noaa-goes17,NIGHT,AUTUMN,CYEG,0,1.0000,1.0000,1.30
2024-07-18T19:36:00+00:00,west,noaa-goes18,DAY,SUMMER,CYEG,1,0.0000,0.0000,1.30
2020-03-17T23:46:00+00:00,west,noaa-goes17,DAY,SPRING,CYEG,1,0.3333,0.6000,1.30
2025-01-13T19:30:00+00:00,west,noaa-goes18,DAY,WINTER,CYEG,0,1.0000,1.0000,1.30
2024-08-09T19:09:00+00:00,west,noaa-goes18,DAY,SUMMER,CYEG,1,0.0000,0.0000,1.30
2022-01-14T19:42:00+00:00,west,noaa-goes17,DAY,WINTER,CYEG,0,1.0000,1.0000,1.30
2025-09-23T08:10:00+00:00,west,noaa-goes18,NIGHT,AUTUMN,CYEG,0,1.0000,1.0000,1.30
2020-10-08T07:24:00+00:00,west,noaa-goes17,NIGHT,AUTUMN,CYEG,0,1.0000,1.0000,1.30
2020-03-08T06:33:00+00:00,west,noaa-goes17,NIGHT,SPRING,CYEG,1,0.0000,0.0400,1.30
2025-08-27T21:26:00+00:00,west,noaa-goes18,DAY,SUMMER,CYEG,1,0.0000,0.0000,1.30
2021-09-04T19:06:00+00:00,west,noaa-goes17,DAY,AUTUMN,CYEG,1,0.0000,0.0000,1.30
2020-06-08T17:32:00+00:00,west,noaa-goes17,DAY,SUMMER,CYEG,0,1.0000,0.7600,1.30
2021-06-17T19:34:00+00:00,west,noaa-goes17,DAY,SUMMER,CYEG,0,1.0000,1.0000,1.30
2020-01-05T21:41:00+00:00,west,noaa-goes17,DAY,WINTER,CYEG,0,1.0000,0.9600,1.30
2024-11-02T16:26:00+00:00,west,noaa-goes18,DAY,AUTUMN,CYEG,0,1.0000,1.0000,1.30
2025-12-10T13:14:00+00:00,west,noaa-goes18,NIGHT,WINTER,CYEG,1,0.0000,0.0000,1.30
2025-05-28T12:22:00+00:00,west,noaa-goes18,DAY,SPRING,CYEG,0,0.5556,0.5600,1.30
2021-02-04T13:08:00+00:00,west,noaa-goes17,NIGHT,WINTER,CYEG,0,1.0000,1.0000,1.30
2022-11-08T15:49:00+00:00,west,noaa-goes17,DAY,AUTUMN,CYEG,0,1.0000,1.0000,1.30
2022-08-10T02:18:00+00:00,west,noaa-goes17,DAY,SUMMER,CYEG,0,1.0000,1.0000,1.30
2024-07-31T08:12:00+00:00,west,noaa-goes18,NIGHT,SUMMER,CYEG,0,1.0000,1.0000,1.30
2020-01-23T22:47:00+00:00,west,noaa-goes17,DAY,WINTER,CYEG,0,1.0000,1.0000,1.30
2020-01-30T18:33:00+00:00,west,noaa-goes17,DAY,WINTER,CYEG,0,1.0000,1.0000,1.30
2021-04-27T16:00:00+00:00,west,noaa-goes17,DAY,SPRING,CYEG,0,1.0000,1.0000,1.30
2024-03-16T20:13:00+00:00,west,noaa-goes18,DAY,SPRING,CYEG,0,1.0000,0.8800,1.30
2023-07-17T13:23:00+00:00,west,noaa-goes18,DAY,SUMMER,CYEG,0,1.0000,1.0000,1.30
2021-03-12T04:27:00+00:00,west,noaa-goes17,NIGHT,SPRING,CYEG,0,1.0000,1.0000,1.30
2024-09-30T18:23:00+00:00,west,noaa-goes18,DAY,AUTUMN,CYEG,1,0.0000,0.0000,1.30
2023-02-02T21:25:00+00:00,west,noaa-goes18,DAY,WINTER,CYEG,0,1.0000,1.0000,1.30
2022-04-14T13:35:00+00:00,west,noaa-goes17,DAY,SPRING,CYEG,0,1.0000,1.0000,1.30
2025-06-04T08:19:00+00:00,west,noaa-goes18,NIGHT,SUMMER,CYEG,1,0.4444,0.6000,1.30
2023-11-11T22:25:00+00:00,west,noaa-goes18,DAY,AUTUMN,CYEG,0,1.0000,1.0000,1.30
2021-07-19T21:07:00+00:00,west,noaa-goes17,DAY,SUMMER,CYEG,0,1.0000,1.0000,1.30
2022-07-30T14:50:00+00:00,west,noaa-goes17,DAY,SUMMER,CYEG,1,0.1111,0.2400,1.30
2021-10-24T03:13:00+00:00,west,noaa-goes17,NIGHT,AUTUMN,CYEG,0,1.0000,1.0000,1.30
2023-10-18T17:39:00+00:00,west,noaa-goes18,DAY,AUTUMN,CYEG,0,0.5556,0.5600,1.30
2020-08-01T05:24:00+00:00,west,noaa-goes17,NIGHT,SUMMER,CYEG,1,0.0000,0.0400,1.30
2020-01-22T02:52:00+00:00,west,noaa-goes17,NIGHT,WINTER,CYEG,0,1.0000,1.0000,1.30
2021-08-18T15:59:00+00:00,west,noaa-goes17,DAY,SUMMER,CYEG,1,0.4444,0.3600,1.30
2024-11-18T02:04:00+00:00,west,noaa-goes18,NIGHT,AUTUMN,CYEG,1,0.1111,0.2800,1.30
2022-12-13T07:23:00+00:00,west,noaa-goes17,NIGHT,WINTER,CYEG,1,0.0000,0.0000,1.30
2020-11-23T19:02:00+00:00,west,noaa-goes17,DAY,AUTUMN,CYEG,0,0.7778,0.6400,1.30
2025-11-04T09:45:00+00:00,west,noaa-goes18,NIGHT,AUTUMN,CYEG,1,0.0000,0.0000,1.30
2020-08-23T05:40:00+00:00,west,noaa-goes17,NIGHT,SUMMER,CYEG,1,0.0000,0.0000,1.30
2025-07-17T14:00:00+00:00,west,noaa-goes18,DAY,SUMMER,CYEG,1,0.2222,0.2800,1.30
2022-04-06T21:59:00+00:00,west,noaa-goes17,DAY,SPRING,CYEG,0,1.0000,1.0000,1.30
2025-10-23T09:12:00+00:00,west,noaa-goes18,NIGHT,AUTUMN,CYEG,0,1.0000,1.0000,1.30
2020-05-17T19:32:00+00:00,west,noaa-goes17,DAY,SPRING,CYEG,0,1.0000,1.0000,1.30
2025-10-13T22:14:00+00:00,west,noaa-goes18,DAY,AUTUMN,CYEG,0,0.8889,0.6800,1.30
2021-11-25T21:02:00+00:00,west,noaa-goes17,DAY,AUTUMN,CYEG,0,1.0000,1.0000,1.30
2024-01-13T07:41:00+00:00,west,noaa-goes18,NIGHT,WINTER,CYEG,1,0.4444,0.4400,1.30
2020-01-02T05:05:00+00:00,west,noaa-goes17,NIGHT,WINTER,CYEG,0,1.0000,1.0000,1.30
2023-02-04T12:22:00+00:00,west,noaa-goes18,NIGHT,WINTER,CYEG,0,1.0000,1.0000,1.30
2024-06-06T12:37:00+00:00,west,noaa-goes18,DAY,SUMMER,CYEG,1,0.0000,0.0000,1.30
2022-03-31T16:00:00+00:00,west,noaa-goes17,DAY,SPRING,CYEG,0,0.7778,0.6000,1.30
2020-10-08T02:35:00+00:00,west,noaa-goes17,NIGHT,AUTUMN,CYEG,0,1.0000,1.0000,1.30
2023-03-11T23:53:00+00:00,west,noaa-goes18,DAY,SPRING,CYEG,0,0.8889,0.7600,1.30
2023-11-26T11:52:00+00:00,west,noaa-goes18,NIGHT,AUTUMN,CYEG,0,1.0000,1.0000,1.30
2023-02-06T07:38:00+00:00,west,noaa-goes18,NIGHT,WINTER,CYEG,1,0.0000,0.0000,1.30
2022-03-07T14:59:00+00:00,west,noaa-goes17,DAY,SPRING,CYEG,0,1.0000,1.0000,1.30
2024-07-12T18:00:00+00:00,west,noaa-goes18,DAY,SUMMER,CYEG,1,0.0000,0.0000,1.30
2022-12-05T05:26:00+00:00,west,noaa-goes17,NIGHT,WINTER,CYEG,0,1.0000,1.0000,1.30
2020-10-23T16:18:00+00:00,west,noaa-goes17,DAY,AUTUMN,CYEG,0,1.0000,1.0000,1.30
2023-10-24T03:51:00+00:00,west,noaa-goes18,NIGHT,AUTUMN,CYEG,0,1.0000,1.0000,1.30
2025-10-03T08:56:00+00:00,west,noaa-goes18,NIGHT,AUTUMN,CYEG,0,1.0000,1.0000,1.30
2022-10-21T22:28:00+00:00,west,noaa-goes17,DAY,AUTUMN,CYEG,0,1.0000,1.0000,1.30
2024-03-24T18:30:00+00:00,west,noaa-goes18,DAY,SPRING,CYEG,1,0.1111,0.2400,1.30
2022-09-23T10:49:00+00:00,west,noaa-goes17,NIGHT,AUTUMN,CYEG,0,1.0000,1.0000,1.30
2025-02-22T21:29:00+00:00,west,noaa-goes18,DAY,WINTER,CYEG,0,0.8889,0.6400,1.30
2020-04-22T15:07:00+00:00,west,noaa-goes17,DAY,SPRING,CYEG,0,1.0000,1.0000,1.30
2022-11-22T02:24:00+00:00,west,noaa-goes17,NIGHT,AUTUMN,CYEG,0,1.0000,1.0000,1.30
2022-06-21T21:44:00+00:00,west,noaa-goes17,DAY,SUMMER,CYEG,0,0.1111,0.0400,1.30
2020-02-09T22:53:00+00:00,west,noaa-goes17,DAY,WINTER,CYEG,0,1.0000,1.0000,1.30
2022-12-14T07:18:00+00:00,west,noaa-goes17,NIGHT,WINTER,CYEG,0,1.0000,1.0000,1.30
2021-01-15T12:43:00+00:00,west,noaa-goes17,NIGHT,WINTER,CYEG,0,1.0000,1.0000,1.30
2023-11-01T02:35:00+00:00,west,noaa-goes18,NIGHT,AUTUMN,CYEG,0,1.0000,1.0000,1.30
2023-12-19T06:57:00+00:00,west,noaa-goes18,NIGHT,WINTER,CYEG,0,1.0000,1.0000,1.30
2023-01-07T05:47:00+00:00,west,noaa-goes18,NIGHT,WINTER,CYEG,0,1.0000,0.8800,1.30
2022-02-17T15:47:00+00:00,west,noaa-goes17,DAY,WINTER,CYEG,0,1.0000,1.0000,1.30
2022-03-28T07:47:00+00:00,west,noaa-goes17,NIGHT,SPRING,CYEG,0,1.0000,1.0000,1.30
2022-09-18T08:13:00+00:00,west,noaa-goes17,NIGHT,AUTUMN,CYEG,1,0.0000,0.0000,1.30
2022-07-27T06:53:00+00:00,west,noaa-goes17,NIGHT,SUMMER,CYEG,0,1.0000,1.0000,1.30
2022-10-19T19:22:00+00:00,west,noaa-goes17,DAY,AUTUMN,CYEG,0,0.4444,0.5600,1.30
2021-09-30T03:07:00+00:00,west,noaa-goes17,NIGHT,AUTUMN,CYEG,1,0.0000,0.0000,1.30
2020-11-17T21:42:00+00:00,west,noaa-goes17,DAY,AUTUMN,CYEG,0,1.0000,1.0000,1.30
2025-07-10T19:00:00+00:00,west,noaa-goes18,DAY,SUMMER,CYEG,0,0.5556,0.5600,1.30
2020-06-22T15:23:00+00:00,west,noaa-goes17,DAY,SUMMER,CYEG,1,0.1111,0.2800,1.30
2023-07-15T15:57:00+00:00,west,noaa-goes18,DAY,SUMMER,CYEG,1,0.0000,0.0000,1.30
2025-09-24T08:25:00+00:00,west,noaa-goes18,NIGHT,AUTUMN,CYEG,0,1.0000,1.0000,1.30
2022-06-28T18:08:00+00:00,west,noaa-goes17,DAY,SUMMER,CYEG,0,1.0000,1.0000,1.30
2020-08-09T16:51:00+00:00,west,noaa-goes17,DAY,SUMMER,CYEG,1,0.0000,0.0000,1.30
2024-09-29T15:34:00+00:00,west,noaa-goes18,DAY,AUTUMN,CYEG,1,0.1111,0.2000,1.30
2020-05-13T16:22:00+00:00,west,noaa-goes17,DAY,SPRING,CYEG,1,0.0000,0.0800,1.30
2024-05-31T21:49:00+00:00,west,noaa-goes18,DAY,SPRING,CYEG,0,1.0000,1.0000,1.30
2021-12-16T14:07:00+00:00,west,noaa-goes17,NIGHT,WINTER,CYEG,1,0.0000,0.0000,1.30
2022-05-13T12:37:00+00:00,west,noaa-goes17,DAY,SPRING,CYEG,0,1.0000,0.9600,1.30
2022-11-29T05:35:00+00:00,west,noaa-goes17,NIGHT,AUTUMN,CYEG,0,1.0000,1.0000,1.30
2022-12-12T07:17:00+00:00,west,noaa-goes17,NIGHT,WINTER,CYEG,1,0.0000,0.0000,1.30
2025-04-14T19:21:00+00:00,west,noaa-goes18,DAY,SPRING,CYEG,0,1.0000,1.0000,1.30
2024-02-07T05:31:00+00:00,west,noaa-goes18,NIGHT,WINTER,CYEG,0,1.0000,1.0000,1.30
2024-10-02T06:26:00+00:00,west,noaa-goes18,NIGHT,AUTUMN,CYEG,0,1.0000,1.0000,1.30
2024-03-04T11:54:00+00:00,west,noaa-goes18,NIGHT,SPRING,CYEG,1,0.0000,0.0000,1.30
2024-06-28T08:28:00+00:00,west,noaa-goes18,NIGHT,SUMMER,CYEG,0,1.0000,1.0000,1.30
2022-01-06T18:08:00+00:00,west,noaa-goes17,DAY,WINTER,CYEG,1,0.1111,0.1600,1.30
2023-01-10T07:35:00+00:00,west,noaa-goes18,NIGHT,WINTER,CYEG,0,1.0000,1.0000,1.30
2024-11-05T12:12:00+00:00,west,noaa-goes18,NIGHT,AUTUMN,CYEG,0,1.0000,1.0000,1.30
2021-08-20T23:09:00+00:00,west,noaa-goes17,DAY,SUMMER,CYEG,0,0.5556,0.4400,1.30
2025-04-21T00:11:00+00:00,west,noaa-goes18,DAY,SPRING,CYEG,0,1.0000,1.0000,1.30
2024-09-22T15:08:00+00:00,west,noaa-goes18,DAY,AUTUMN,CYEG,0,1.0000,1.0000,1.30
2025-10-18T17:46:00+00:00,west,noaa-goes18,DAY,AUTUMN,CYEG,1,0.0000,0.0000,1.30
2023-07-17T15:19:00+00:00,west,noaa-goes18,DAY,SUMMER,CYEG,0,1.0000,0.9600,1.30
2022-10-24T17:54:00+00:00,west,noaa-goes17,DAY,AUTUMN,CYEG,0,1.0000,1.0000,1.30
2022-11-07T15:53:00+00:00,west,noaa-goes17,DAY,AUTUMN,CYEG,0,1.0000,1.0000,1.30
2023-10-02T08:23:00+00:00,west,noaa-goes18,NIGHT,AUTUMN,CYEG,1,0.0000,0.0000,1.30
2024-01-15T17:35:00+00:00,west,noaa-goes18,DAY,WINTER,CYEG,1,0.0000,0.1200,1.30
2022-11-21T11:01:00+00:00,west,noaa-goes17,NIGHT,AUTUMN,CYEG,0,1.0000,1.0000,1.30
2022-03-25T18:36:00+00:00,west,noaa-goes17,DAY,SPRING,CYEG,0,1.0000,1.0000,1.30
2021-12-15T09:22:00+00:00,west,noaa-goes17,NIGHT,WINTER,CYEG,1,0.0000,0.0000,1.30
2023-08-24T21:32:00+00:00,west,noaa-goes18,DAY,SUMMER,CYEG,1,0.3333,0.3600,1.30
2025-06-19T23:28:00+00:00,west,noaa-goes18,DAY,SUMMER,CYEG,0,0.5556,0.4000,1.30
2020-11-17T12:39:00+00:00,west,noaa-goes17,NIGHT,AUTUMN,CYEG,0,1.0000,1.0000,1.30
2023-03-19T14:40:00+00:00,west,noaa-goes18,DAY,SPRING,CYEG,1,0.0000,0.0000,1.30
2021-08-16T05:40:00+00:00,west,noaa-goes17,NIGHT,SUMMER,CYEG,0,1.0000,1.0000,1.30
2024-07-15T02:05:00+00:00,west,noaa-goes18,DAY,SUMMER,CYEG,1,0.0000,0.0000,1.30
2023-04-08T22:17:00+00:00,west,noaa-goes18,DAY,SPRING,CYEG,0,1.0000,0.9200,1.30
2024-12-27T11:47:00+00:00,west,noaa-goes18,NIGHT,WINTER,CYEG,0,1.0000,1.0000,1.30
2021-11-16T05:54:00+00:00,west,noaa-goes17,NIGHT,AUTUMN,CYEG,0,1.0000,1.0000,1.30
2020-04-04T04:46:00+00:00,west,noaa-goes17,NIGHT,SPRING,CYEG,0,1.0000,1.0000,1.30
2022-08-19T21:16:00+00:00,west,noaa-goes17,DAY,SUMMER,CYEG,0,1.0000,1.0000,1.30
2020-11-23T06:10:00+00:00,west,noaa-goes17,NIGHT,AUTUMN,CYEG,0,1.0000,1.0000,1.30
2024-06-14T03:06:00+00:00,west,noaa-goes18,DAY,SUMMER,CYEG,0,1.0000,1.0000,1.30
2020-09-18T15:35:00+00:00,west,noaa-goes17,DAY,AUTUMN,CYEG,1,0.0000,0.0000,1.30
2020-08-08T00:49:00+00:00,west,noaa-goes17,DAY,SUMMER,CYEG,1,0.0000,0.1200,1.30
2024-06-14T16:48:00+00:00,west,noaa-goes18,DAY,SUMMER,CYEG,0,1.0000,1.0000,1.30
2020-12-06T03:16:00+00:00,west,noaa-goes17,NIGHT,WINTER,CYEG,0,1.0000,1.0000,1.30
2021-09-28T02:41:00+00:00,west,noaa-goes17,NIGHT,AUTUMN,CYEG,0,1.0000,1.0000,1.30
2024-05-15T09:14:00+00:00,west,noaa-goes18,NIGHT,SPRING,CYEG,0,1.0000,1.0000,1.30
2022-10-10T23:18:00+00:00,west,noaa-goes17,DAY,AUTUMN,CYEG,0,1.0000,1.0000,1.30
2024-12-20T20:08:00+00:00,west,noaa-goes18,DAY,WINTER,CYEG,1,0.0000,0.0000,1.30
2021-06-21T16:53:00+00:00,west,noaa-goes17,DAY,SUMMER,CYEG,1,0.0000,0.0000,1.30
2024-01-01T10:55:00+00:00,west,noaa-goes18,NIGHT,WINTER,CYEG,1,0.0000,0.0000,1.30
2025-05-04T14:55:00+00:00,west,noaa-goes18,DAY,SPRING,CYEG,0,1.0000,1.0000,1.30
2023-01-20T17:28:00+00:00,west,noaa-goes18,DAY,WINTER,CYEG,0,1.0000,1.0000,1.30
2021-07-07T22:34:00+00:00,west,noaa-goes17,DAY,SUMMER,CYEG,1,0.3333,0.2800,1.30
2021-12-26T18:38:00+00:00,west,noaa-goes17,DAY,WINTER,CYEG,0,1.0000,1.0000,1.30
2025-02-13T20:47:00+00:00,west,noaa-goes18,DAY,WINTER,CYEG,0,1.0000,1.0000,1.30
2024-11-16T16:40:00+00:00,west,noaa-goes18,DAY,AUTUMN,CYEG,1,0.0000,0.1600,1.30
2025-12-26T09:58:00+00:00,west,noaa-goes18,NIGHT,WINTER,CYEG,0,1.0000,1.0000,1.30
2022-07-19T02:28:00+00:00,west,noaa-goes17,DAY,SUMMER,CYEG,1,0.0000,0.0000,1.30
2022-11-30T04:19:00+00:00,west,noaa-goes17,NIGHT,AUTUMN,CYEG,0,1.0000,1.0000,1.30
2025-04-05T17:00:00+00:00,west,noaa-goes18,DAY,SPRING,CYEG,1,0.0000,0.0000,1.30
2025-07-07T15:19:00+00:00,west,noaa-goes18,DAY,SUMMER,CYEG,1,0.0000,0.0000,1.30
2023-04-14T19:14:00+00:00,west,noaa-goes18,DAY,SPRING,CYEG,0,1.0000,1.0000,1.30
2020-01-30T17:23:00+00:00,west,noaa-goes17,DAY,WINTER,CYEG,1,0.0000,0.0400,1.30
2024-11-25T12:15:00+00:00,west,noaa-goes18,NIGHT,AUTUMN,CYEG,0,1.0000,1.0000,1.30
2021-10-30T22:47:00+00:00,west,noaa-goes17,DAY,AUTUMN,CYEG,1,0.0000,0.0000,1.30
2022-12-13T02:27:00+00:00,west,noaa-goes17,NIGHT,WINTER,CYEG,1,0.0000,0.0000,1.30
2022-09-08T16:48:00+00:00,west,noaa-goes17,DAY,AUTUMN,CYEG,0,1.0000,1.0000,1.30
2023-01-18T09:41:00+00:00,west,noaa-goes18,NIGHT,WINTER,CYEG,1,0.0000,0.0000,1.30
2025-12-18T08:26:00+00:00,west,noaa-goes18,NIGHT,WINTER,CYEG,1,0.0000,0.0000,1.30
2022-02-09T02:11:00+00:00,west,noaa-goes17,NIGHT,WINTER,CYEG,0,1.0000,1.0000,1.30
2021-07-13T09:07:00+00:00,west,noaa-goes17,NIGHT,SUMMER,CYEG,1,0.0000,0.0000,1.30
2025-02-08T19:28:00+00:00,west,noaa-goes18,DAY,WINTER,CYEG,1,0.0000,0.0000,1.30
2023-01-19T22:39:00+00:00,west,noaa-goes18,DAY,WINTER,CYEG,1,0.0000,0.0000,1.30
2025-07-08T06:20:00+00:00,west,noaa-goes18,NIGHT,SUMMER,CYEG,1,0.1111,0.1200,1.30
2020-03-20T04:03:00+00:00,west,noaa-goes17,NIGHT,SPRING,CYEG,0,1.0000,1.0000,1.30
2021-05-27T22:28:00+00:00,west,noaa-goes17,DAY,SPRING,CYEG,0,1.0000,1.0000,1.30
2020-02-03T07:05:00+00:00,west,noaa-goes17,NIGHT,WINTER,CYEG,0,1.0000,1.0000,1.30
2021-09-09T00:31:00+00:00,west,noaa-goes17,DAY,AUTUMN,CYEG,0,1.0000,1.0000,1.30
2023-06-30T15:23:00+00:00,west,noaa-goes18,DAY,SUMMER,CYEG,1,0.0000,0.0000,1.30
2025-03-14T22:50:00+00:00,west,noaa-goes18,DAY,SPRING,CYEG,1,0.0000,0.0000,1.30
2021-08-21T01:17:00+00:00,west,noaa-goes17,DAY,SUMMER,CYEG,1,0.0000,0.0000,1.30
2024-05-26T02:34:00+00:00,west,noaa-goes18,DAY,SPRING,CYEG,0,1.0000,1.0000,1.30
2025-04-09T05:12:00+00:00,west,noaa-goes18,NIGHT,SPRING,CYEG,0,1.0000,1.0000,1.30
2022-10-21T12:53:00+00:00,west,noaa-goes17,NIGHT,AUTUMN,CYEG,0,1.0000,1.0000,1.30
2020-02-21T03:49:00+00:00,west,noaa-goes17,NIGHT,WINTER,CYEG,0,1.0000,1.0000,1.30
2024-12-19T07:47:00+00:00,west,noaa-goes18,NIGHT,WINTER,CYEG,1,0.0000,0.0000,1.30
2020-05-17T06:29:00+00:00,west,noaa-goes17,NIGHT,SPRING,CYEG,0,1.0000,1.0000,1.30
2021-01-19T16:42:00+00:00,west,noaa-goes17,DAY,WINTER,CYEG,0,1.0000,1.0000,1.30
2022-05-03T15:24:00+00:00,west,noaa-goes17,DAY,SPRING,CYEG,0,1.0000,1.0000,1.30
2020-06-21T23:59:00+00:00,west,noaa-goes17,DAY,SUMMER,CYEG,0,1.0000,1.0000,1.30
2025-11-03T03:16:00+00:00,west,noaa-goes18,NIGHT,AUTUMN,CYEG,1,0.0000,0.1200,1.30
2025-05-25T20:19:00+00:00,west,noaa-goes18,DAY,SPRING,CYEG,1,0.0000,0.0000,1.30
2022-03-24T11:56:00+00:00,west,noaa-goes17,NIGHT,SPRING,CYEG,1,0.0000,0.0000,1.30
2020-08-01T21:13:00+00:00,west,noaa-goes17,DAY,SUMMER,CYEG,0,0.8889,0.6400,1.30
2021-04-07T07:40:00+00:00,west,noaa-goes17,NIGHT,SPRING,CYEG,0,1.0000,0.8400,1.30
2024-11-13T10:00:00+00:00,west,noaa-goes18,NIGHT,AUTUMN,CYEG,0,1.0000,0.9600,1.30
2021-11-16T08:37:00+00:00,west,noaa-goes17,NIGHT,AUTUMN,CYEG,0,1.0000,1.0000,1.30
2021-05-05T12:50:00+00:00,west,noaa-goes17,DAY,SPRING,CYEG,0,1.0000,1.0000,1.30
2022-09-22T00:02:00+00:00,west,noaa-goes17,DAY,AUTUMN,CYEG,1,0.0000,0.0000,1.30
2025-04-30T22:38:00+00:00,west,noaa-goes18,DAY,SPRING,CYEG,0,1.0000,1.0000,1.30
2021-09-26T11:49:00+00:00,west,noaa-goes17,NIGHT,AUTUMN,CYEG,0,1.0000,1.0000,1.30
2021-01-01T07:10:00+00:00,west,noaa-goes17,NIGHT,WINTER,CYEG,1,0.0000,0.1200,1.30
2023-10-18T20:03:00+00:00,west,noaa-goes18,DAY,AUTUMN,CYEG,1,0.3333,0.3200,1.30
2021-09-22T22:34:00+00:00,west,noaa-goes17,DAY,AUTUMN,CYEG,1,0.1111,0.0800,1.30
2021-03-15T04:31:00+00:00,west,noaa-goes17,NIGHT,SPRING,CYEG,0,1.0000,1.0000,1.30
2024-03-27T11:46:00+00:00,west,noaa-goes18,NIGHT,SPRING,CYEG,1,0.0000,0.0000,1.30
2021-07-05T08:57:00+00:00,west,noaa-goes17,NIGHT,SUMMER,CYEG,0,1.0000,1.0000,1.30
2020-06-10T15:45:00+00:00,west,noaa-goes17,DAY,SUMMER,CYEG,1,0.0000,0.0000,1.30
2024-11-27T17:18:00+00:00,west,noaa-goes18,DAY,AUTUMN,CYEG,0,1.0000,0.8800,1.30
2025-06-30T06:36:00+00:00,west,noaa-goes18,NIGHT,SUMMER,CYEG,0,0.3333,0.2800,1.30
2022-02-03T17:22:00+00:00,west,noaa-goes17,DAY,WINTER,CYEG,0,0.7778,0.6800,1.30
2023-08-18T23:29:00+00:00,west,noaa-goes18,DAY,SUMMER,CYEG,0,1.0000,1.0000,1.30
2023-02-01T19:58:00+00:00,west,noaa-goes18,DAY,WINTER,CYEG,0,0.7778,0.6800,1.30
2021-10-18T02:33:00+00:00,west,noaa-goes17,NIGHT,AUTUMN,CYEG,1,0.5556,0.7200,1.30
2021-09-26T14:18:00+00:00,west,noaa-goes17,DAY,AUTUMN,CYEG,0,1.0000,1.0000,1.30
2022-12-14T17:23:00+00:00,west,noaa-goes17,DAY,WINTER,CYEG,1,0.1111,0.0400,1.30
2024-01-31T19:15:00+00:00,west,noaa-goes18,DAY,WINTER,CYEG,0,0.6667,0.7200,1.30
2023-08-06T23:04:00+00:00,west,noaa-goes18,DAY,SUMMER,CYEG,1,0.3333,0.2800,1.30
2024-05-06T06:33:00+00:00,west,noaa-goes18,NIGHT,SPRING,CYEG,0,1.0000,1.0000,1.30
2025-07-30T17:09:00+00:00,west,noaa-goes18,DAY,SUMMER,CYEG,1,0.0000,0.0000,1.30
2023-03-05T10:26:00+00:00,west,noaa-goes18,NIGHT,SPRING,CYEG,1,0.4444,0.4800,1.30
2020-05-08T06:06:00+00:00,west,noaa-goes17,NIGHT,SPRING,CYEG,0,1.0000,1.0000,1.30
2020-05-10T18:41:00+00:00,west,noaa-goes17,DAY,SPRING,CYEG,0,1.0000,1.0000,1.30
2024-05-10T21:31:00+00:00,west,noaa-goes18,DAY,SPRING,CYEG,0,1.0000,1.0000,1.30
2025-11-23T19:44:00+00:00,west,noaa-goes18,DAY,AUTUMN,CYEG,0,0.7778,0.6400,1.30
2022-11-14T01:23:00+00:00,west,noaa-goes17,NIGHT,AUTUMN,CYEG,1,0.0000,0.0000,1.30
2022-06-23T19:45:00+00:00,west,noaa-goes17,DAY,SUMMER,CYEG,0,1.0000,1.0000,1.30
2022-05-04T20:31:00+00:00,west,noaa-goes17,DAY,SPRING,CYEG,0,1.0000,1.0000,1.30
2020-08-26T19:17:00+00:00,west,noaa-goes17,DAY,SUMMER,CYEG,1,0.0000,0.0000,1.30
2025-12-06T01:46:00+00:00,west,noaa-goes18,NIGHT,WINTER,CYEG,0,1.0000,1.0000,1.30
2022-06-03T16:06:00+00:00,west,noaa-goes17,DAY,SUMMER,CYEG,1,0.0000,0.0400,1.30
2021-02-18T23:14:00+00:00,west,noaa-goes17,DAY,WINTER,CYEG,0,1.0000,1.0000,1.30
2025-12-17T12:12:00+00:00,west,noaa-goes18,NIGHT,WINTER,CYEG,0,1.0000,1.0000,1.30
2022-03-02T16:42:00+00:00,west,noaa-goes17,DAY,SPRING,CYEG,0,1.0000,1.0000,1.30
2022-10-15T18:40:00+00:00,west,noaa-goes17,DAY,AUTUMN,CYEG,1,0.0000,0.0400,1.30
2022-01-02T17:47:00+00:00,west,noaa-goes17,DAY,WINTER,CYEG,1,0.0000,0.0000,1.30
2024-08-27T23:06:00+00:00,west,noaa-goes18,DAY,SUMMER,CYEG,0,1.0000,1.0000,1.30
2024-01-06T21:29:00+00:00,west,noaa-goes18,DAY,WINTER,CYEG,0,1.0000,1.0000,1.30
2024-10-15T03:10:00+00:00,west,noaa-goes18,NIGHT,AUTUMN,CYEG,1,0.2222,0.2400,1.30
2022-01-08T17:25:00+00:00,west,noaa-goes17,DAY,WINTER,CYEG,1,0.3333,0.4400,1.30
2025-08-29T10:42:00+00:00,west,noaa-goes18,NIGHT,SUMMER,CYEG,1,0.2222,0.1200,1.30
2021-10-09T17:38:00+00:00,west,noaa-goes17,DAY,AUTUMN,CYEG,1,0.0000,0.0000,1.30
2024-12-19T11:57:00+00:00,west,noaa-goes18,NIGHT,WINTER,CYEG,1,0.5556,0.6800,1.30
2023-07-14T17:20:00+00:00,west,noaa-goes18,DAY,SUMMER,CYEG,1,0.0000,0.0000,1.30
2022-09-12T18:34:00+00:00,west,noaa-goes17,DAY,AUTUMN,CYEG,1,0.0000,0.0000,1.30
2022-05-26T12:49:00+00:00,west,noaa-goes17,DAY,SPRING,CYEG,1,0.0000,0.0000,1.30
2025-01-06T12:00:00+00:00,west,noaa-goes18,NIGHT,WINTER,CYEG,0,1.0000,1.0000,1.30
2020-03-07T16:08:00+00:00,west,noaa-goes17,DAY,SPRING,CYEG,0,1.0000,1.0000,1.30
2023-05-21T00:19:00+00:00,west,noaa-goes18,DAY,SPRING,CYEG,0,1.0000,1.0000,1.30
2022-06-27T06:54:00+00:00,west,noaa-goes17,NIGHT,SUMMER,CYEG,0,1.0000,1.0000,1.30
2023-07-13T00:49:00+00:00,west,noaa-goes18,DAY,SUMMER,CYEG,0,1.0000,1.0000,1.30
2023-02-04T17:32:00+00:00,west,noaa-goes18,DAY,WINTER,CYEG,1,0.0000,0.0000,1.30
2021-09-25T03:02:00+00:00,west,noaa-goes17,NIGHT,AUTUMN,CYEG,0,1.0000,1.0000,1.30
2025-02-28T11:09:00+00:00,west,noaa-goes18,NIGHT,WINTER,CYEG,0,0.8889,0.8800,1.30
2021-07-20T08:23:00+00:00,west,noaa-goes17,NIGHT,SUMMER,CYEG,1,0.0000,0.0400,1.30
2024-06-25T18:58:00+00:00,west,noaa-goes18,DAY,SUMMER,CYEG,0,0.7778,0.9200,1.30
2022-06-09T23:04:00+00:00,west,noaa-goes17,DAY,SUMMER,CYEG,0,1.0000,1.0000,1.30
2023-08-22T15:11:00+00:00,west,noaa-goes18,DAY,SUMMER,CYEG,0,1.0000,1.0000,1.30
2025-06-22T22:44:00+00:00,west,noaa-goes18,DAY,SUMMER,CYEG,1,0.0000,0.0400,1.30
2021-01-25T19:41:00+00:00,west,noaa-goes17,DAY,WINTER,CYEG,0,1.0000,1.0000,1.30
2023-05-15T01:46:00+00:00,west,noaa-goes18,DAY,SPRING,CYEG,1,0.0000,0.0000,1.30
2021-05-08T07:47:00+00:00,west,noaa-goes17,NIGHT,SPRING,CYEG,0,1.0000,1.0000,1.30
2020-02-16T20:49:00+00:00,west,noaa-goes17,DAY,WINTER,CYEG,0,0.8889,0.8000,1.30
2024-04-15T01:19:00+00:00,west,noaa-goes18,DAY,SPRING,CYEG,0,1.0000,1.0000,1.30
2025-11-17T01:20:00+00:00,west,noaa-goes18,NIGHT,AUTUMN,CYEG,0,1.0000,1.0000,1.30
2024-05-28T14:48:00+00:00,west,noaa-goes18,DAY,SPRING,CYEG,0,1.0000,1.0000,1.30
2024-11-04T09:50:00+00:00,west,noaa-goes18,NIGHT,AUTUMN,CYEG,0,0.8889,0.9200,1.30
2023-10-08T02:30:00+00:00,west,noaa-goes18,NIGHT,AUTUMN,CYEG,0,1.0000,1.0000,1.30
2020-07-20T17:25:00+00:00,west,noaa-goes17,DAY,SUMMER,CYEG,1,0.0000,0.0000,1.30
2022-12-11T02:25:00+00:00,west,noaa-goes17,NIGHT,WINTER,CYEG,0,1.0000,1.0000,1.30
2025-08-17T13:49:00+00:00,west,noaa-goes18,DAY,SUMMER,CYEG,1,0.0000,0.0000,1.30
2022-03-22T15:25:00+00:00,west,noaa-goes17,DAY,SPRING,CYEG,0,1.0000,1.0000,1.30
2022-03-14T17:39:00+00:00,west,noaa-goes17,DAY,SPRING,CYEG,0,1.0000,1.0000,1.30
2025-11-17T07:15:00+00:00,west,noaa-goes18,NIGHT,AUTUMN,CYEG,1,0.2222,0.2000,1.30
2024-10-27T10:43:00+00:00,west,noaa-goes18,NIGHT,AUTUMN,CYEG,0,1.0000,1.0000,1.30
2021-01-01T03:42:00+00:00,west,noaa-goes17,NIGHT,WINTER,CYEG,0,1.0000,1.0000,1.30
2024-08-21T13:23:00+00:00,west,noaa-goes18,DAY,SUMMER,CYEG,0,1.0000,1.0000,1.30
2023-11-27T06:20:00+00:00,west,noaa-goes18,NIGHT,AUTUMN,CYEG,0,1.0000,1.0000,1.30
2023-11-12T19:41:00+00:00,west,noaa-goes18,DAY,AUTUMN,CYEG,1,0.1111,0.2400,1.30
2023-12-03T19:52:00+00:00,west,noaa-goes18,DAY,WINTER,CYEG,0,1.0000,1.0000,1.30
2024-12-16T19:09:00+00:00,west,noaa-goes18,DAY,WINTER,CYEG,1,0.0000,0.0000,1.30
2024-12-09T01:59:00+00:00,west,noaa-goes18,NIGHT,WINTER,CYEG,0,1.0000,1.0000,1.30
2024-03-11T04:48:00+00:00,west,noaa-goes18,NIGHT,SPRING,CYEG,0,1.0000,1.0000,1.30
2020-12-17T03:47:00+00:00,west,noaa-goes17,NIGHT,WINTER,CYEG,1,0.3333,0.4000,1.30
2023-11-07T22:51:00+00:00,west,noaa-goes18,DAY,AUTUMN,CYEG,0,1.0000,1.0000,1.30
2021-03-31T09:28:00+00:00,west,noaa-goes17,NIGHT,SPRING,CYEG,0,1.0000,0.9600,1.30
2025-04-13T00:21:00+00:00,west,noaa-goes18,DAY,SPRING,CYEG,0,1.0000,1.0000,1.30
2022-05-06T23:34:00+00:00,west,noaa-goes17,DAY,SPRING,CYEG,0,1.0000,1.0000,1.30
2022-05-17T06:34:00+00:00,west,noaa-goes17,NIGHT,SPRING,CYEG,0,1.0000,1.0000,1.30
2025-06-01T19:46:00+00:00,west,noaa-goes18,DAY,SUMMER,CYEG,0,1.0000,1.0000,1.30
2021-08-01T22:44:00+00:00,west,noaa-goes17,DAY,SUMMER,CYEG,0,1.0000,1.0000,1.30
2025-11-27T01:16:00+00:00,west,noaa-goes18,NIGHT,AUTUMN,CYEG,0,1.0000,1.0000,1.30
2021-11-28T01:18:00+00:00,west,noaa-goes17,NIGHT,AUTUMN,CYEG,0,1.0000,1.0000,1.30
2022-04-02T22:39:00+00:00,west,noaa-goes17,DAY,SPRING,CYEG,0,1.0000,1.0000,1.30
2023-01-16T01:29:00+00:00,west,noaa-goes18,NIGHT,WINTER,CYEG,0,0.7778,0.9200,1.30
2020-02-04T02:24:00+00:00,west,noaa-goes17,NIGHT,WINTER,CYEG,0,1.0000,0.8800,1.30
2023-01-16T21:54:00+00:00,west,noaa-goes18,DAY,WINTER,CYEG,0,1.0000,1.0000,1.30
2024-01-15T03:01:00+00:00,west,noaa-goes18,NIGHT,WINTER,CYEG,1,0.0000,0.0000,1.30
2023-04-13T20:24:00+00:00,west,noaa-goes18,DAY,SPRING,CYEG,0,1.0000,1.0000,1.30
2025-12-17T02:11:00+00:00,west,noaa-goes18,NIGHT,WINTER,CYEG,0,1.0000,1.0000,1.30
2022-03-25T16:29:00+00:00,west,noaa-goes17,DAY,SPRING,CYEG,0,1.0000,1.0000,1.30
2020-03-29T01:15:00+00:00,west,noaa-goes17,DAY,SPRING,CYEG,0,1.0000,1.0000,1.30
2025-12-08T09:21:00+00:00,west,noaa-goes18,NIGHT,WINTER,CYEG,0,0.4444,0.2800,1.30
2025-06-29T12:47:00+00:00,west,noaa-goes18,DAY,SUMMER,CYEG,1,0.0000,0.0000,1.30
2023-12-12T11:40:00+00:00,west,noaa-goes18,NIGHT,WINTER,CYEG,1,0.0000,0.0000,1.30
2023-05-23T07:32:00+00:00,west,noaa-goes18,NIGHT,SPRING,CYEG,0,1.0000,1.0000,1.30
2023-02-03T01:40:00+00:00,west,noaa-goes18,NIGHT,WINTER,CYEG,0,1.0000,1.0000,1.30
2022-11-21T12:56:00+00:00,west,noaa-goes17,NIGHT,AUTUMN,CYEG,1,0.0000,0.0800,1.30
2020-04-30T17:17:00+00:00,west,noaa-goes17,DAY,SPRING,CYEG,0,1.0000,1.0000,1.30
2024-05-28T21:08:00+00:00,west,noaa-goes18,DAY,SPRING,CYEG,0,1.0000,1.0000,1.30
2025-11-02T21:39:00+00:00,west,noaa-goes18,DAY,AUTUMN,CYEG,0,1.0000,0.9200,1.30
2022-07-20T13:15:00+00:00,west,noaa-goes17,DAY,SUMMER,CYEG,1,0.0000,0.0000,1.30
2023-09-10T14:34:00+00:00,west,noaa-goes18,DAY,AUTUMN,CYEG,1,0.0000,0.0000,1.30
2021-06-23T06:41:00+00:00,west,noaa-goes17,NIGHT,SUMMER,CYEG,0,1.0000,1.0000,1.30
2021-07-21T18:34:00+00:00,west,noaa-goes17,DAY,SUMMER,CYEG,0,1.0000,1.0000,1.30
2022-04-08T04:19:00+00:00,west,noaa-goes17,NIGHT,SPRING,CYEG,0,1.0000,1.0000,1.30
2021-08-17T20:59:00+00:00,west,noaa-goes17,DAY,SUMMER,CYEG,0,1.0000,1.0000,1.30
2021-10-09T10:04:00+00:00,west,noaa-goes17,NIGHT,AUTUMN,CYEG,0,1.0000,0.7200,1.30
2022-01-24T10:53:00+00:00,west,noaa-goes17,NIGHT,WINTER,CYEG,0,1.0000,0.9600,1.30
2021-08-19T23:01:00+00:00,west,noaa-goes17,DAY,SUMMER,CYEG,0,1.0000,1.0000,1.30
2023-07-29T13:26:00+00:00,west,noaa-goes18,DAY,SUMMER,CYEG,0,1.0000,1.0000,1.30
2023-05-27T14:47:00+00:00,west,noaa-goes18,DAY,SPRING,CYEG,0,0.4444,0.5600,1.30
2023-01-26T04:49:00+00:00,west,noaa-goes18,NIGHT,WINTER,CYEG,0,1.0000,1.0000,1.30
2022-02-08T03:08:00+00:00,west,noaa-goes17,NIGHT,WINTER,CYEG,1,0.0000,0.0000,1.30
2022-12-29T19:36:00+00:00,west,noaa-goes17,DAY,WINTER,CYEG,1,0.3333,0.4000,1.30
2022-08-03T19:14:00+00:00,west,noaa-goes17,DAY,SUMMER,CYEG,0,1.0000,1.0000,1.30
2022-08-03T21:01:00+00:00,west,noaa-goes17,DAY,SUMMER,CYEG,0,1.0000,1.0000,1.30
2024-01-11T02:44:00+00:00,west,noaa-goes18,NIGHT,WINTER,CYEG,0,0.4444,0.2400,1.30
2025-04-04T22:41:00+00:00,west,noaa-goes18,DAY,SPRING,CYEG,1,0.0000,0.0000,1.30
2024-03-11T05:54:00+00:00,west,noaa-goes18,NIGHT,SPRING,CYEG,0,1.0000,0.9200,1.30
2024-05-06T15:30:00+00:00,west,noaa-goes18,DAY,SPRING,CYEG,0,1.0000,1.0000,1.30
2022-07-15T01:26:00+00:00,west,noaa-goes17,DAY,SUMMER,CYEG,0,0.1111,0.1200,1.30
2020-03-02T08:26:00+00:00,west,noaa-goes17,NIGHT,SPRING,CYEG,0,1.0000,1.0000,1.30
2022-06-30T23:42:00+00:00,west,noaa-goes17,DAY,SUMMER,CYEG,1,0.0000,0.0000,1.30
2025-06-29T22:20:00+00:00,west,noaa-goes18,DAY,SUMMER,CYEG,0,0.3333,0.3600,1.30
2025-02-17T07:27:00+00:00,west,noaa-goes18,NIGHT,WINTER,CYEG,1,0.0000,0.0000,1.30
2024-07-16T01:38:00+00:00,west,noaa-goes18,DAY,SUMMER,CYEG,0,1.0000,1.0000,1.30
2024-04-07T23:20:00+00:00,west,noaa-goes18,DAY,SPRING,CYEG,0,0.4444,0.2800,1.30
2024-06-02T19:47:00+00:00,west,noaa-goes18,DAY,SUMMER,CYEG,1,0.2222,0.2000,1.30
2025-11-21T20:56:00+00:00,west,noaa-goes18,DAY,AUTUMN,CYEG,0,1.0000,1.0000,1.30
2020-06-06T16:06:00+00:00,west,noaa-goes17,DAY,SUMMER,CYEG,0,1.0000,1.0000,1.30
2020-06-22T07:33:00+00:00,west,noaa-goes17,NIGHT,SUMMER,CYEG,0,1.0000,1.0000,1.30
2024-06-08T23:02:00+00:00,west,noaa-goes18,DAY,SUMMER,CYEG,0,1.0000,1.0000,1.30
2024-05-05T16:48:00+00:00,west,noaa-goes18,DAY,SPRING,CYEG,0,1.0000,1.0000,1.30
2020-07-20T06:18:00+00:00,west,noaa-goes17,NIGHT,SUMMER,CYEG,0,1.0000,0.9600,1.30
2024-12-05T12:56:00+00:00,west,noaa-goes18,NIGHT,WINTER,CYEG,1,0.0000,0.0000,1.30
2021-11-12T13:18:00+00:00,west,noaa-goes17,NIGHT,AUTUMN,CYEG,0,1.0000,1.0000,1.30
2020-08-11T22:33:00+00:00,west,noaa-goes17,DAY,SUMMER,CYEG,0,1.0000,1.0000,1.30
2021-08-05T14:53:00+00:00,west,noaa-goes17,DAY,SUMMER,CYEG,1,0.2222,0.2800,1.30
2025-01-24T02:46:00+00:00,west,noaa-goes18,NIGHT,WINTER,CYEG,0,1.0000,0.8400,1.30
2021-07-08T12:26:00+00:00,west,noaa-goes17,DAY,SUMMER,CYEG,1,0.0000,0.0000,1.30
2023-08-17T14:01:00+00:00,west,noaa-goes18,DAY,SUMMER,CYEG,1,0.0000,0.0000,1.30
2022-04-07T14:05:00+00:00,west,noaa-goes17,DAY,SPRING,CYEG,0,1.0000,0.8800,1.30
2021-11-02T22:46:00+00:00,west,noaa-goes17,DAY,AUTUMN,CYEG,0,0.6667,0.5200,1.30
2021-05-21T02:07:00+00:00,west,noaa-goes17,DAY,SPRING,CYEG,0,1.0000,1.0000,1.30
2025-01-14T20:23:00+00:00,west,noaa-goes18,DAY,WINTER,CYEG,0,1.0000,1.0000,1.30
2024-04-22T23:50:00+00:00,west,noaa-goes18,DAY,SPRING,CYEG,0,0.7778,0.7200,1.30
2025-09-26T19:10:00+00:00,west,noaa-goes18,DAY,AUTUMN,CYEG,0,0.4444,0.4000,1.30
2024-03-31T17:24:00+00:00,west,noaa-goes18,DAY,SPRING,CYEG,1,0.0000,0.0000,1.30
2023-10-04T18:55:00+00:00,west,noaa-goes18,DAY,AUTUMN,CYEG,0,0.6667,0.8800,1.30
2021-09-06T05:55:00+00:00,west,noaa-goes17,NIGHT,AUTUMN,CYEG,0,1.0000,1.0000,1.30
2021-08-15T05:49:00+00:00,west,noaa-goes17,NIGHT,SUMMER,CYEG,0,1.0000,1.0000,1.30
2020-07-29T13:19:00+00:00,west,noaa-goes17,DAY,SUMMER,CYEG,1,0.3333,0.4800,1.30
2023-06-21T23:49:00+00:00,west,noaa-goes18,DAY,SUMMER,CYEG,0,1.0000,0.8800,1.30
2025-01-01T09:40:00+00:00,west,noaa-goes18,NIGHT,WINTER,CYEG,0,1.0000,1.0000,1.30
2022-01-10T03:57:00+00:00,west,noaa-goes17,NIGHT,WINTER,CYEG,0,1.0000,1.0000,1.30
2025-07-31T15:34:00+00:00,west,noaa-goes18,DAY,SUMMER,CYEG,1,0.0000,0.0000,1.30
2020-01-24T19:56:00+00:00,west,noaa-goes17,DAY,WINTER,CYEG,0,1.0000,1.0000,1.30
2025-07-14T07:13:00+00:00,west,noaa-goes18,NIGHT,SUMMER,CYEG,0,1.0000,1.0000,1.30
2025-05-02T14:26:00+00:00,west,noaa-goes18,DAY,SPRING,CYEG,1,0.0000,0.0000,1.30
2024-12-14T02:38:00+00:00,west,noaa-goes18,NIGHT,WINTER,CYEG,1,0.1111,0.2800,1.30
2020-01-27T07:56:00+00:00,west,noaa-goes17,NIGHT,WINTER,CYEG,1,0.0000,0.0000,1.30
2023-02-13T19:40:00+00:00,west,noaa-goes18,DAY,WINTER,CYEG,1,0.2222,0.4400,1.30
2022-04-30T01:11:00+00:00,west,noaa-goes17,DAY,SPRING,CYEG,0,1.0000,1.0000,1.30
2021-08-30T01:41:00+00:00,west,noaa-goes17,DAY,SUMMER,CYEG,1,0.6667,0.8000,1.30
2023-11-30T01:09:00+00:00,west,noaa-goes18,NIGHT,AUTUMN,CYEG,0,0.7778,0.6400,1.30
2020-05-12T21:36:00+00:00,west,noaa-goes17,DAY,SPRING,CYEG,0,1.0000,1.0000,1.30
2020-12-25T01:06:00+00:00,west,noaa-goes17,NIGHT,WINTER,CYEG,0,1.0000,1.0000,1.30
2024-09-03T05:10:00+00:00,west,noaa-goes18,NIGHT,AUTUMN,CYEG,0,1.0000,1.0000,1.30
2023-03-10T19:42:00+00:00,west,noaa-goes18,DAY,SPRING,CYEG,0,1.0000,1.0000,1.30
2024-10-16T17:04:00+00:00,west,noaa-goes18,DAY,AUTUMN,CYEG,0,1.0000,1.0000,1.30
2023-04-14T15:08:00+00:00,west,noaa-goes18,DAY,SPRING,CYEG,0,1.0000,1.0000,1.30
2021-05-14T22:55:00+00:00,west,noaa-goes17,DAY,SPRING,CYEG,0,1.0000,1.0000,1.30
2023-01-29T10:33:00+00:00,west,noaa-goes18,NIGHT,WINTER,CYEG,0,1.0000,0.9200,1.30
2024-08-21T16:13:00+00:00,west,noaa-goes18,DAY,SUMMER,CYEG,0,1.0000,1.0000,1.30
2022-05-06T19:03:00+00:00,west,noaa-goes17,DAY,SPRING,CYEG,0,1.0000,1.0000,1.30
2025-12-06T02:30:00+00:00,west,noaa-goes18,NIGHT,WINTER,CYEG,0,1.0000,1.0000,1.30
2023-07-20T08:33:00+00:00,west,noaa-goes18,NIGHT,SUMMER,CYEG,1,0.0000,0.0000,1.30
2023-12-20T04:39:00+00:00,west,noaa-goes18,NIGHT,WINTER,CYEG,0,1.0000,1.0000,1.30
2025-07-26T16:46:00+00:00,west,noaa-goes18,DAY,SUMMER,CYEG,0,1.0000,1.0000,1.30
2025-07-31T15:51:00+00:00,west,noaa-goes18,DAY,SUMMER,CYEG,1,0.0000,0.0000,1.30
2022-01-06T19:14:00+00:00,west,noaa-goes17,DAY,WINTER,CYEG,1,0.1111,0.0800,1.30
2023-04-04T06:00:00+00:00,west,noaa-goes18,NIGHT,SPRING,CYEG,0,1.0000,1.0000,1.30
2021-04-29T00:29:00+00:00,west,noaa-goes17,DAY,SPRING,CYEG,0,1.0000,1.0000,1.30
2021-04-28T23:54:00+00:00,west,noaa-goes17,DAY,SPRING,CYEG,0,1.0000,1.0000,1.30
2022-04-29T19:26:00+00:00,west,noaa-goes17,DAY,SPRING,CYEG,0,1.0000,0.9600,1.30
2024-08-22T01:21:00+00:00,west,noaa-goes18,DAY,SUMMER,CYEG,0,1.0000,1.0000,1.30
2023-12-03T17:51:00+00:00,west,noaa-goes18,DAY,WINTER,CYEG,1,0.0000,0.0000,1.30
2022-05-19T00:40:00+00:00,west,noaa-goes17,DAY,SPRING,CYEG,0,1.0000,1.0000,1.30
2022-04-04T22:18:00+00:00,west,noaa-goes17,DAY,SPRING,CYEG,0,1.0000,1.0000,1.30
2022-11-08T02:19:00+00:00,west,noaa-goes17,NIGHT,AUTUMN,CYEG,0,1.0000,1.0000,1.30
2023-05-14T16:35:00+00:00,west,noaa-goes18,DAY,SPRING,CYEG,1,0.0000,0.0000,1.30
2023-08-19T00:07:00+00:00,west,noaa-goes18,DAY,SUMMER,CYEG,0,1.0000,1.0000,1.30
2023-09-27T10:25:00+00:00,west,noaa-goes18,NIGHT,AUTUMN,CYEG,0,1.0000,1.0000,1.30
2020-04-29T05:12:00+00:00,west,noaa-goes17,NIGHT,SPRING,CYEG,0,1.0000,1.0000,1.30
2023-09-15T10:59:00+00:00,west,noaa-goes18,NIGHT,AUTUMN,CYEG,0,1.0000,1.0000,1.30
2025-05-16T15:51:00+00:00,west,noaa-goes18,DAY,SPRING,CYEG,0,1.0000,1.0000,1.30
2020-05-25T20:08:00+00:00,west,noaa-goes17,DAY,SPRING,CYEG,0,1.0000,1.0000,1.30
2025-03-01T17:57:00+00:00,west,noaa-goes18,DAY,SPRING,CYEG,0,1.0000,1.0000,1.30
2023-10-04T14:50:00+00:00,west,noaa-goes18,DAY,AUTUMN,CYEG,1,0.0000,0.0000,1.30
2024-08-22T23:03:00+00:00,west,noaa-goes18,DAY,SUMMER,CYEG,0,1.0000,1.0000,1.30
2025-11-04T09:36:00+00:00,west,noaa-goes18,NIGHT,AUTUMN,CYEG,1,0.0000,0.0000,1.30
2023-07-16T17:34:00+00:00,west,noaa-goes18,DAY,SUMMER,CYEG,0,1.0000,1.0000,1.30
2020-03-17T06:36:00+00:00,west,noaa-goes17,NIGHT,SPRING,CYEG,0,1.0000,1.0000,1.30
2023-09-20T11:04:00+00:00,west,noaa-goes18,NIGHT,AUTUMN,CYEG,0,1.0000,1.0000,1.30
2025-12-28T05:36:00+00:00,west,noaa-goes18,NIGHT,WINTER,CYEG,1,0.0000,0.0000,1.30
2024-05-14T05:38:00+00:00,west,noaa-goes18,NIGHT,SPRING,CYEG,0,1.0000,1.0000,1.30
2023-07-12T22:02:00+00:00,west,noaa-goes18,DAY,SUMMER,CYEG,1,0.7778,0.9200,1.30
2023-01-17T13:05:00+00:00,west,noaa-goes18,NIGHT,WINTER,CYEG,0,1.0000,1.0000,1.30
2025-07-28T07:23:00+00:00,west,noaa-goes18,NIGHT,SUMMER,CYEG,0,1.0000,1.0000,1.30
2025-01-25T09:13:00+00:00,west,noaa-goes18,NIGHT,WINTER,CYEG,0,1.0000,1.0000,1.30
2025-11-20T09:11:00+00:00,west,noaa-goes18,NIGHT,AUTUMN,CYEG,1,0.0000,0.0000,1.30
2020-06-02T06:58:00+00:00,west,noaa-goes17,NIGHT,SUMMER,CYEG,0,1.0000,1.0000,1.30
2020-04-12T15:57:00+00:00,west,noaa-goes17,DAY,SPRING,CYEG,0,1.0000,1.0000,1.30
2023-10-25T15:46:00+00:00,west,noaa-goes18,DAY,AUTUMN,CYEG,1,0.0000,0.0000,1.30
2023-09-02T04:49:00+00:00,west,noaa-goes18,NIGHT,AUTUMN,CYEG,1,0.0000,0.0000,1.30
2021-02-06T16:43:00+00:00,west,noaa-goes17,DAY,WINTER,CYEG,0,1.0000,1.0000,1.30
2021-06-27T06:46:00+00:00,west,noaa-goes17,NIGHT,SUMMER,CYEG,1,0.1111,0.2400,1.30
2020-05-29T14:24:00+00:00,west,noaa-goes17,DAY,SPRING,CYEG,0,1.0000,1.0000,1.30
2023-06-27T01:43:00+00:00,west,noaa-goes18,DAY,SUMMER,CYEG,1,0.0000,0.0000,1.30
2020-12-22T10:29:00+00:00,west,noaa-goes17,NIGHT,WINTER,CYEG,0,1.0000,1.0000,1.30
2023-07-03T00:36:00+00:00,west,noaa-goes18,DAY,SUMMER,CYEG,0,1.0000,1.0000,1.30
2023-07-02T20:57:00+00:00,west,noaa-goes18,DAY,SUMMER,CYEG,0,1.0000,1.0000,1.30
2025-12-20T10:49:00+00:00,west,noaa-goes18,NIGHT,WINTER,CYEG,1,0.0000,0.1600,1.30
2024-12-11T21:07:00+00:00,west,noaa-goes18,DAY,WINTER,CYEG,0,1.0000,1.0000,1.30
2023-01-21T04:10:00+00:00,west,noaa-goes18,NIGHT,WINTER,CYEG,0,1.0000,1.0000,1.30
2023-01-25T03:00:00+00:00,west,noaa-goes18,NIGHT,WINTER,CYEG,1,0.0000,0.0000,1.30
2025-10-06T03:13:00+00:00,west,noaa-goes18,NIGHT,AUTUMN,CYEG,0,1.0000,1.0000,1.30
2023-12-05T17:20:00+00:00,west,noaa-goes18,DAY,WINTER,CYEG,0,1.0000,1.0000,1.30
2023-01-15T04:45:00+00:00,west,noaa-goes18,NIGHT,WINTER,CYEG,1,0.0000,0.0000,1.30
2023-03-06T18:15:00+00:00,west,noaa-goes18,DAY,SPRING,CYEG,1,0.0000,0.0000,1.30
2021-12-02T02:19:00+00:00,west,noaa-goes17,NIGHT,WINTER,CYEG,0,1.0000,1.0000,1.30
2023-10-19T17:28:00+00:00,west,noaa-goes18,DAY,AUTUMN,CYEG,1,0.0000,0.1200,1.30
2025-04-12T21:03:00+00:00,west,noaa-goes18,DAY,SPRING,CYEG,0,1.0000,1.0000,1.30
2021-03-09T12:03:00+00:00,west,noaa-goes17,NIGHT,SPRING,CYEG,0,1.0000,0.8000,1.30
2020-12-18T13:25:00+00:00,west,noaa-goes17,NIGHT,WINTER,CYEG,0,1.0000,1.0000,1.30
2024-12-31T19:22:00+00:00,west,noaa-goes18,DAY,WINTER,CYEG,0,1.0000,0.8800,1.30
2022-03-22T22:48:00+00:00,west,noaa-goes17,DAY,SPRING,CYEG,0,0.8889,0.8400,1.30
2025-12-25T02:59:00+00:00,west,noaa-goes18,NIGHT,WINTER,CYEG,0,1.0000,1.0000,1.30
2025-03-22T18:08:00+00:00,west,noaa-goes18,DAY,SPRING,CYEG,1,0.0000,0.0000,1.30
2021-01-15T22:29:00+00:00,west,noaa-goes17,DAY,WINTER,CYEG,1,0.3333,0.1600,1.30
2025-03-21T15:14:00+00:00,west,noaa-goes18,DAY,SPRING,CYEG,0,0.8889,0.7200,1.30
2022-11-22T11:25:00+00:00,west,noaa-goes17,NIGHT,AUTUMN,CYEG,0,1.0000,1.0000,1.30
2022-01-21T22:58:00+00:00,west,noaa-goes17,DAY,WINTER,CYEG,0,1.0000,1.0000,1.30
2023-09-15T10:29:00+00:00,west,noaa-goes18,NIGHT,AUTUMN,CYEG,0,1.0000,1.0000,1.30
2025-06-19T00:04:00+00:00,west,noaa-goes18,DAY,SUMMER,CYEG,1,0.6667,0.8000,1.30
2025-05-14T14:54:00+00:00,west,noaa-goes18,DAY,SPRING,CYEG,0,1.0000,1.0000,1.30
2021-11-30T09:49:00+00:00,west,noaa-goes17,NIGHT,AUTUMN,CYEG,0,1.0000,1.0000,1.30
2023-11-28T19:36:00+00:00,west,noaa-goes18,DAY,AUTUMN,CYEG,1,0.0000,0.0000,1.30
2021-06-05T16:06:00+00:00,west,noaa-goes17,DAY,SUMMER,CYEG,0,1.0000,1.0000,1.30
2024-07-19T22:50:00+00:00,west,noaa-goes18,DAY,SUMMER,CYEG,1,0.0000,0.0000,1.30
2021-03-14T10:35:00+00:00,west,noaa-goes17,NIGHT,SPRING,CYEG,0,1.0000,1.0000,1.30
2025-03-03T12:37:00+00:00,west,noaa-goes18,NIGHT,SPRING,CYEG,0,1.0000,1.0000,1.30
2024-08-20T07:39:00+00:00,west,noaa-goes18,NIGHT,SUMMER,CYEG,0,1.0000,1.0000,1.30
2022-09-25T17:10:00+00:00,west,noaa-goes17,DAY,AUTUMN,CYEG,1,0.0000,0.0000,1.30
2023-10-27T06:52:00+00:00,west,noaa-goes18,NIGHT,AUTUMN,CYEG,0,1.0000,1.0000,1.30
2023-11-02T17:44:00+00:00,west,noaa-goes18,DAY,AUTUMN,CYEG,0,1.0000,0.8800,1.30
2022-08-25T05:42:00+00:00,west,noaa-goes17,NIGHT,SUMMER,CYEG,1,0.0000,0.0400,1.30
2025-03-11T10:35:00+00:00,west,noaa-goes18,NIGHT,SPRING,CYEG,0,1.0000,1.0000,1.30
2023-06-15T12:04:00+00:00,west,noaa-goes18,DAY,SUMMER,CYEG,0,1.0000,1.0000,1.30
2021-03-21T21:52:00+00:00,west,noaa-goes17,DAY,SPRING,CYEG,0,1.0000,1.0000,1.30
2024-04-01T10:31:00+00:00,west,noaa-goes18,NIGHT,SPRING,CYEG,1,0.0000,0.0000,1.30
2021-07-23T18:57:00+00:00,west,noaa-goes17,DAY,SUMMER,CYEG,1,0.0000,0.0000,1.30
2020-01-01T04:42:00+00:00,west,noaa-goes17,NIGHT,WINTER,CYEG,0,1.0000,1.0000,1.30
2021-09-03T14:34:00+00:00,west,noaa-goes17,DAY,AUTUMN,CYEG,0,0.7778,0.8400,1.30
2025-01-05T06:13:00+00:00,west,noaa-goes18,NIGHT,WINTER,CYEG,0,0.5556,0.5200,1.30
2023-06-01T13:45:00+00:00,west,noaa-goes18,DAY,SUMMER,CYEG,0,1.0000,1.0000,1.30
2023-11-11T02:37:00+00:00,west,noaa-goes18,NIGHT,AUTUMN,CYEG,1,0.0000,0.0000,1.30
2020-02-03T19:32:00+00:00,west,noaa-goes17,DAY,WINTER,CYEG,0,0.8889,0.8000,1.30
2023-04-19T01:23:00+00:00,west,noaa-goes18,DAY,SPRING,CYEG,0,1.0000,1.0000,1.30
2020-08-05T00:45:00+00:00,west,noaa-goes17,DAY,SUMMER,CYEG,1,0.0000,0.0000,1.30
2024-01-11T03:55:00+00:00,west,noaa-goes18,NIGHT,WINTER,CYEG,1,0.5556,0.4000,1.30
2023-03-01T00:15:00+00:00,west,noaa-goes18,DAY,SPRING,CYEG,0,1.0000,1.0000,1.30
2024-11-03T22:37:00+00:00,west,noaa-goes18,DAY,AUTUMN,CYEG,1,0.0000,0.2000,1.30
2024-06-02T20:20:00+00:00,west,noaa-goes18,DAY,SUMMER,CYEG,1,0.0000,0.0000,1.30
2024-11-17T17:13:00+00:00,west,noaa-goes18,DAY,AUTUMN,CYEG,0,1.0000,1.0000,1.30
2022-02-09T17:24:00+00:00,west,noaa-goes17,DAY,WINTER,CYEG,0,1.0000,1.0000,1.30
2024-01-15T13:09:00+00:00,west,noaa-goes18,NIGHT,WINTER,CYEG,1,0.0000,0.0000,1.30
2023-03-27T21:08:00+00:00,west,noaa-goes18,DAY,SPRING,CYEG,1,0.0000,0.0000,1.30
2021-07-04T00:04:00+00:00,west,noaa-goes17,DAY,SUMMER,CYEG,1,0.0000,0.0000,1.30
2020-03-05T04:46:00+00:00,west,noaa-goes17,NIGHT,SPRING,CYEG,1,0.0000,0.0000,1.30
2025-06-16T21:27:00+00:00,west,noaa-goes18,DAY,SUMMER,CYEG,1,0.0000,0.0800,1.30
2021-07-10T02:08:00+00:00,west,noaa-goes17,DAY,SUMMER,CYEG,1,0.0000,0.0000,1.30
2024-08-30T14:57:00+00:00,west,noaa-goes18,DAY,SUMMER,CYEG,0,1.0000,1.0000,1.30
2024-10-09T19:11:00+00:00,west,noaa-goes18,DAY,AUTUMN,CYEG,0,1.0000,1.0000,1.30
2025-02-04T16:27:00+00:00,west,noaa-goes18,DAY,WINTER,CYEG,1,0.2222,0.3200,1.30
2025-01-17T12:22:00+00:00,west,noaa-goes18,NIGHT,WINTER,CYEG,1,0.0000,0.0000,1.30
2020-01-31T18:31:00+00:00,west,noaa-goes17,DAY,WINTER,CYEG,0,1.0000,1.0000,1.30
2022-08-27T22:32:00+00:00,west,noaa-goes17,DAY,SUMMER,CYEG,0,1.0000,1.0000,1.30
2023-01-07T13:59:00+00:00,west,noaa-goes18,NIGHT,WINTER,CYEG,1,0.0000,0.0000,1.30
2025-06-02T22:23:00+00:00,west,noaa-goes18,DAY,SUMMER,CYEG,0,1.0000,1.0000,1.30
2021-04-08T18:30:00+00:00,west,noaa-goes17,DAY,SPRING,CYEG,0,1.0000,1.0000,1.30
2020-11-23T04:46:00+00:00,west,noaa-goes17,NIGHT,AUTUMN,CYEG,0,1.0000,1.0000,1.30
2025-11-26T08:29:00+00:00,west,noaa-goes18,NIGHT,AUTUMN,CYEG,1,0.0000,0.0000,1.30
2025-10-18T02:33:00+00:00,west,noaa-goes18,NIGHT,AUTUMN,CYEG,0,1.0000,1.0000,1.30
2020-12-28T07:30:00+00:00,west,noaa-goes17,NIGHT,WINTER,CYEG,0,0.8889,0.8400,1.30
2020-11-15T21:40:00+00:00,west,noaa-goes17,DAY,AUTUMN,CYEG,0,1.0000,1.0000,1.30
2023-07-03T19:03:00+00:00,west,noaa-goes18,DAY,SUMMER,CYEG,0,1.0000,1.0000,1.30
2023-11-08T17:49:00+00:00,west,noaa-goes18,DAY,AUTUMN,CYEG,1,0.0000,0.0000,1.30
2025-09-30T15:36:00+00:00,west,noaa-goes18,DAY,AUTUMN,CYEG,0,1.0000,1.0000,1.30
2023-04-21T09:10:00+00:00,west,noaa-goes18,NIGHT,SPRING,CYEG,0,0.6667,0.6800,1.30
2020-05-24T22:59:00+00:00,west,noaa-goes17,DAY,SPRING,CYEG,1,0.0000,0.0800,1.30
2023-05-30T23:50:00+00:00,west,noaa-goes18,DAY,SPRING,CYEG,0,0.4444,0.5600,1.30
2022-12-02T01:40:00+00:00,west,noaa-goes17,NIGHT,WINTER,CYEG,1,0.4444,0.3200,1.30
2025-04-22T18:10:00+00:00,west,noaa-goes18,DAY,SPRING,CYEG,1,0.0000,0.0000,1.30
2020-07-30T21:18:00+00:00,west,noaa-goes17,DAY,SUMMER,CYEG,1,0.4444,0.5600,1.30
2020-12-03T04:32:00+00:00,west,noaa-goes17,NIGHT,WINTER,CYEG,1,0.0000,0.0000,1.30
2020-11-10T08:16:00+00:00,west,noaa-goes17,NIGHT,AUTUMN,CYEG,0,1.0000,1.0000,1.30
2021-06-26T19:17:00+00:00,west,noaa-goes17,DAY,SUMMER,CYEG,1,0.0000,0.0000,1.30
2023-02-01T08:00:00+00:00,west,noaa-goes18,NIGHT,WINTER,CYEG,0,1.0000,1.0000,1.30
2021-04-01T19:11:00+00:00,west,noaa-goes17,DAY,SPRING,CYEG,0,1.0000,1.0000,1.30
2021-09-11T21:28:00+00:00,west,noaa-goes17,DAY,AUTUMN,CYEG,0,1.0000,1.0000,1.30
2024-02-23T05:16:00+00:00,west,noaa-goes18,NIGHT,WINTER,CYEG,0,1.0000,1.0000,1.30
2022-08-25T15:11:00+00:00,west,noaa-goes17,DAY,SUMMER,CYEG,1,0.0000,0.0000,1.30
2025-11-30T01:21:00+00:00,west,noaa-goes18,NIGHT,AUTUMN,CYEG,1,0.0000,0.0000,1.30
2020-12-11T04:38:00+00:00,west,noaa-goes17,NIGHT,WINTER,CYEG,1,0.7778,0.6400,1.30
2021-09-23T15:48:00+00:00,west,noaa-goes17,DAY,AUTUMN,CYEG,0,1.0000,1.0000,1.30
2021-11-16T06:36:00+00:00,west,noaa-goes17,NIGHT,AUTUMN,CYEG,0,1.0000,1.0000,1.30
2023-11-14T01:41:00+00:00,west,noaa-goes18,NIGHT,AUTUMN,CYEG,0,1.0000,1.0000,1.30
2022-12-18T03:03:00+00:00,west,noaa-goes17,NIGHT,WINTER,CYEG,1,0.0000,0.0400,1.30
2025-05-04T09:30:00+00:00,west,noaa-goes18,NIGHT,SPRING,CYEG,0,1.0000,1.0000,1.30
2025-12-21T07:24:00+00:00,west,noaa-goes18,NIGHT,WINTER,CYEG,1,0.4444,0.7200,1.30
2024-05-16T15:16:00+00:00,west,noaa-goes18,DAY,SPRING,CYEG,0,1.0000,1.0000,1.30
2021-08-17T16:55:00+00:00,west,noaa-goes17,DAY,SUMMER,CYEG,1,0.0000,0.0000,1.30
2025-01-12T12:43:00+00:00,west,noaa-goes18,NIGHT,WINTER,CYEG,0,1.0000,1.0000,1.30
2023-07-17T16:43:00+00:00,west,noaa-goes18,DAY,SUMMER,CYEG,0,0.5556,0.5200,1.30
2025-12-16T20:22:00+00:00,west,noaa-goes18,DAY,WINTER,CYEG,0,1.0000,1.0000,1.30
2024-11-03T19:58:00+00:00,west,noaa-goes18,DAY,AUTUMN,CYEG,1,0.0000,0.0000,1.30
2023-01-21T10:17:00+00:00,west,noaa-goes18,NIGHT,WINTER,CYEG,0,1.0000,1.0000,1.30
2022-12-29T03:16:00+00:00,west,noaa-goes17,NIGHT,WINTER,CYEG,1,0.7778,0.8000,1.30
2024-05-21T14:49:00+00:00,west,noaa-goes18,DAY,SPRING,CYEG,0,1.0000,1.0000,1.30
2022-09-17T23:43:00+00:00,west,noaa-goes17,DAY,AUTUMN,CYEG,1,0.4444,0.5600,1.30
2022-03-09T16:21:00+00:00,west,noaa-goes17,DAY,SPRING,CYEG,1,0.0000,0.0000,1.30
2022-01-06T10:35:00+00:00,west,noaa-goes17,NIGHT,WINTER,CYEG,1,0.0000,0.0000,1.30
2020-02-13T21:00:00+00:00,west,noaa-goes17,DAY,WINTER,CYEG,0,1.0000,1.0000,1.30
2021-02-04T16:06:00+00:00,west,noaa-goes17,DAY,WINTER,CYEG,0,1.0000,1.0000,1.30
2024-12-31T11:14:00+00:00,west,noaa-goes18,NIGHT,WINTER,CYEG,0,1.0000,1.0000,1.30
2023-03-06T08:12:00+00:00,west,noaa-goes18,NIGHT,SPRING,CYEG,1,0.0000,0.0000,1.30
2020-05-19T00:39:00+00:00,west,noaa-goes17,DAY,SPRING,CYEG,0,1.0000,1.0000,1.30
2021-01-11T01:38:00+00:00,west,noaa-goes17,NIGHT,WINTER,CYEG,1,0.0000,0.0000,1.30
2022-06-07T19:40:00+00:00,west,noaa-goes17,DAY,SUMMER,CYEG,0,1.0000,1.0000,1.30
2021-05-13T22:07:00+00:00,west,noaa-goes17,DAY,SPRING,CYEG,0,1.0000,1.0000,1.30
2020-12-19T19:08:00+00:00,west,noaa-goes17,DAY,WINTER,CYEG,1,0.3333,0.4400,1.30
2024-03-19T21:48:00+00:00,west,noaa-goes18,DAY,SPRING,CYEG,0,1.0000,1.0000,1.30
2022-01-26T03:44:00+00:00,west,noaa-goes17,NIGHT,WINTER,CYEG,0,0.5556,0.5200,1.30
2022-01-24T08:18:00+00:00,west,noaa-goes17,NIGHT,WINTER,CYEG,0,1.0000,1.0000,1.30
2025-03-27T21:59:00+00:00,west,noaa-goes18,DAY,SPRING,CYEG,0,1.0000,1.0000,1.30
2020-11-06T20:29:00+00:00,west,noaa-goes17,DAY,AUTUMN,CYEG,0,1.0000,1.0000,1.30
2023-02-06T13:44:00+00:00,west,noaa-goes18,NIGHT,WINTER,CYEG,1,0.0000,0.0000,1.30
2023-08-17T08:10:00+00:00,west,noaa-goes18,NIGHT,SUMMER,CYEG,0,1.0000,0.8400,1.30
2022-12-20T05:28:00+00:00,west,noaa-goes17,NIGHT,WINTER,CYEG,1,0.5556,0.4000,1.30
2020-10-11T15:59:00+00:00,west,noaa-goes17,DAY,AUTUMN,CYEG,0,0.6667,0.6400,1.30
2022-04-01T19:25:00+00:00,west,noaa-goes17,DAY,SPRING,CYEG,1,0.1111,0.4800,1.30
2021-12-31T20:31:00+00:00,west,noaa-goes17,DAY,WINTER,CYEG,1,0.2222,0.3600,1.30
2021-03-20T04:34:00+00:00,west,noaa-goes17,NIGHT,SPRING,CYEG,0,1.0000,1.0000,1.30
2024-11-01T06:39:00+00:00,west,noaa-goes18,NIGHT,AUTUMN,CYEG,0,1.0000,1.0000,1.30
2021-03-11T14:45:00+00:00,west,noaa-goes17,DAY,SPRING,CYEG,1,0.1111,0.0800,1.30
2022-11-26T03:02:00+00:00,west,noaa-goes17,NIGHT,AUTUMN,CYEG,1,0.0000,0.0000,1.30
2020-10-25T02:36:00+00:00,west,noaa-goes17,NIGHT,AUTUMN,CYEG,1,0.4444,0.4800,1.30
2020-01-04T01:42:00+00:00,west,noaa-goes17,NIGHT,WINTER,CYEG,0,1.0000,1.0000,1.30
2024-05-18T08:09:00+00:00,west,noaa-goes18,NIGHT,SPRING,CYEG,1,0.0000,0.0000,1.30
2020-01-16T16:45:00+00:00,west,noaa-goes17,DAY,WINTER,CYEG,0,1.0000,1.0000,1.30
2025-07-02T15:27:00+00:00,west,noaa-goes18,DAY,SUMMER,CYEG,1,0.0000,0.0000,1.30
2024-07-12T23:49:00+00:00,west,noaa-goes18,DAY,SUMMER,CYEG,1,0.0000,0.0000,1.30
2020-10-14T17:14:00+00:00,west,noaa-goes17,DAY,AUTUMN,CYEG,0,1.0000,0.9600,1.30
2020-01-14T12:44:00+00:00,west,noaa-goes17,NIGHT,WINTER,CYEG,1,0.0000,0.0000,1.30
2024-01-10T10:43:00+00:00,west,noaa-goes18,NIGHT,WINTER,CYEG,0,1.0000,0.9200,1.30
2021-01-06T11:34:00+00:00,west,noaa-goes17,NIGHT,WINTER,CYEG,0,1.0000,1.0000,1.30
2023-10-24T02:53:00+00:00,west,noaa-goes18,NIGHT,AUTUMN,CYEG,0,1.0000,1.0000,1.30
2025-02-25T09:41:00+00:00,west,noaa-goes18,NIGHT,WINTER,CYEG,0,1.0000,1.0000,1.30
2022-04-11T05:35:00+00:00,west,noaa-goes17,NIGHT,SPRING,CYEG,1,0.0000,0.0000,1.30
2020-06-10T12:42:00+00:00,west,noaa-goes17,DAY,SUMMER,CYEG,1,0.0000,0.0000,1.30
2021-07-27T01:12:00+00:00,west,noaa-goes17,DAY,SUMMER,CYEG,0,1.0000,1.0000,1.30
2020-04-13T23:37:00+00:00,west,noaa-goes17,DAY,SPRING,CYEG,0,1.0000,1.0000,1.30
2022-09-03T15:24:00+00:00,west,noaa-goes17,DAY,AUTUMN,CYEG,1,0.0000,0.0800,1.30
2020-09-15T17:41:00+00:00,west,noaa-goes17,DAY,AUTUMN,CYEG,0,1.0000,1.0000,1.30
2023-06-14T15:34:00+00:00,west,noaa-goes18,DAY,SUMMER,CYEG,0,1.0000,1.0000,1.30
2020-06-24T12:07:00+00:00,west,noaa-goes17,DAY,SUMMER,CYEG,0,1.0000,1.0000,1.30
2022-05-17T20:42:00+00:00,west,noaa-goes17,DAY,SPRING,CYEG,0,1.0000,1.0000,1.30
2021-09-02T23:37:00+00:00,west,noaa-goes17,DAY,AUTUMN,CYEG,0,1.0000,1.0000,1.30
2022-08-12T02:02:00+00:00,west,noaa-goes17,DAY,SUMMER,CYEG,0,1.0000,1.0000,1.30
2021-08-02T15:41:00+00:00,west,noaa-goes17,DAY,SUMMER,CYEG,0,1.0000,1.0000,1.30
2020-03-19T15:58:00+00:00,west,noaa-goes17,DAY,SPRING,CYEG,0,1.0000,1.0000,1.30
2020-07-06T07:44:00+00:00,west,noaa-goes17,NIGHT,SUMMER,CYEG,1,0.0000,0.0000,1.30
2021-06-18T00:11:00+00:00,west,noaa-goes17,DAY,SUMMER,CYEG,0,1.0000,1.0000,1.30
2021-11-30T18:04:00+00:00,west,noaa-goes17,DAY,AUTUMN,CYEG,0,1.0000,1.0000,1.30
2021-03-11T03:31:00+00:00,west,noaa-goes17,NIGHT,SPRING,CYEG,0,1.0000,0.6800,1.30
2022-06-22T02:51:00+00:00,west,noaa-goes17,DAY,SUMMER,CYEG,0,1.0000,1.0000,1.30
2022-05-23T01:37:00+00:00,west,noaa-goes17,DAY,SPRING,CYEG,0,1.0000,1.0000,1.30
2021-12-11T10:04:00+00:00,west,noaa-goes17,NIGHT,WINTER,CYEG,0,1.0000,0.9200,1.30
2021-05-09T08:09:00+00:00,west,noaa-goes17,NIGHT,SPRING,CYEG,0,1.0000,1.0000,1.30
2024-08-27T05:44:00+00:00,west,noaa-goes18,NIGHT,SUMMER,CYEG,0,1.0000,1.0000,1.30
2024-02-24T17:10:00+00:00,west,noaa-goes18,DAY,WINTER,CYEG,0,1.0000,1.0000,1.30
2024-12-01T07:59:00+00:00,west,noaa-goes18,NIGHT,WINTER,CYEG,1,0.0000,0.0400,1.30
2024-03-20T05:01:00+00:00,west,noaa-goes18,NIGHT,SPRING,CYEG,0,1.0000,1.0000,1.30
2025-06-17T02:00:00+00:00,west,noaa-goes18,DAY,SUMMER,CYEG,0,1.0000,0.9200,1.30
2020-01-30T05:59:00+00:00,west,noaa-goes17,NIGHT,WINTER,CYEG,0,1.0000,1.0000,1.30
2025-05-03T22:08:00+00:00,west,noaa-goes18,DAY,SPRING,CYEG,0,1.0000,1.0000,1.30
2022-04-24T04:40:00+00:00,west,noaa-goes17,NIGHT,SPRING,CYEG,0,0.5556,0.5600,1.30
2024-08-14T07:11:00+00:00,west,noaa-goes18,NIGHT,SUMMER,CYEG,1,0.0000,0.0000,1.30
2025-08-09T19:05:00+00:00,west,noaa-goes18,DAY,SUMMER,CYEG,1,0.0000,0.2800,1.30
2020-01-19T17:15:00+00:00,west,noaa-goes17,DAY,WINTER,CYEG,1,0.0000,0.0000,1.30
2022-02-25T03:33:00+00:00,west,noaa-goes17,NIGHT,WINTER,CYEG,1,0.0000,0.0000,1.30
2021-01-26T19:23:00+00:00,west,noaa-goes17,DAY,WINTER,CYEG,0,1.0000,1.0000,1.30
2025-09-09T07:29:00+00:00,west,noaa-goes18,NIGHT,AUTUMN,CYEG,1,0.4444,0.2800,1.30
2022-03-04T03:50:00+00:00,west,noaa-goes17,NIGHT,SPRING,CYEG,0,1.0000,1.0000,1.30
2021-09-03T21:54:00+00:00,west,noaa-goes17,DAY,AUTUMN,CYEG,0,0.5556,0.6400,1.30
2025-04-27T15:11:00+00:00,west,noaa-goes18,DAY,SPRING,CYEG,0,1.0000,1.0000,1.30
2021-10-16T21:59:00+00:00,west,noaa-goes17,DAY,AUTUMN,CYEG,0,1.0000,1.0000,1.30
2020-06-25T01:41:00+00:00,west,noaa-goes17,DAY,SUMMER,CYEG,0,1.0000,1.0000,1.30
2024-01-31T09:13:00+00:00,west,noaa-goes18,NIGHT,WINTER,CYEG,1,0.0000,0.0000,1.30
2024-11-15T08:21:00+00:00,west,noaa-goes18,NIGHT,AUTUMN,CYEG,0,1.0000,1.0000,1.30
2020-08-02T17:11:00+00:00,west,noaa-goes17,DAY,SUMMER,CYEG,1,0.0000,0.0400,1.30
2025-10-10T03:04:00+00:00,west,noaa-goes18,NIGHT,AUTUMN,CYEG,1,0.0000,0.0000,1.30
2022-08-21T23:28:00+00:00,west,noaa-goes17,DAY,SUMMER,CYEG,0,0.6667,0.5200,1.30
2023-08-27T07:49:00+00:00,west,noaa-goes18,NIGHT,SUMMER,CYEG,1,0.0000,0.0000,1.30
2021-03-27T10:14:00+00:00,west,noaa-goes17,NIGHT,SPRING,CYEG,0,1.0000,0.9600,1.30
2021-02-05T07:47:00+00:00,west,noaa-goes17,NIGHT,WINTER,CYEG,1,0.0000,0.0000,1.30
2024-08-16T06:24:00+00:00,west,noaa-goes18,NIGHT,SUMMER,CYEG,0,1.0000,1.0000,1.30
2022-06-22T02:30:00+00:00,west,noaa-goes17,DAY,SUMMER,CYEG,0,1.0000,1.0000,1.30
2025-06-07T01:56:00+00:00,west,noaa-goes18,DAY,SUMMER,CYEG,0,1.0000,1.0000,1.30
2024-11-20T04:13:00+00:00,west,noaa-goes18,NIGHT,AUTUMN,CYEG,0,1.0000,1.0000,1.30
2025-02-06T05:24:00+00:00,west,noaa-goes18,NIGHT,WINTER,CYEG,1,0.0000,0.0000,1.30
2024-03-09T04:29:00+00:00,west,noaa-goes18,NIGHT,SPRING,CYEG,0,1.0000,1.0000,1.30
2022-03-06T20:22:00+00:00,west,noaa-goes17,DAY,SPRING,CYEG,1,0.0000,0.0000,1.30
2023-01-09T06:21:00+00:00,west,noaa-goes18,NIGHT,WINTER,CYEG,1,0.3333,0.4800,1.30
2021-06-05T01:44:00+00:00,west,noaa-goes17,DAY,SUMMER,CYEG,0,1.0000,1.0000,1.30
2021-03-31T14:29:00+00:00,west,noaa-goes17,DAY,SPRING,CYEG,0,1.0000,1.0000,1.30
2024-09-09T05:48:00+00:00,west,noaa-goes18,NIGHT,AUTUMN,CYEG,0,1.0000,1.0000,1.30
2023-11-08T07:56:00+00:00,west,noaa-goes18,NIGHT,AUTUMN,CYEG,1,0.2222,0.3200,1.30
2023-04-23T19:10:00+00:00,west,noaa-goes18,DAY,SPRING,CYEG,0,1.0000,1.0000,1.30
2021-11-27T18:35:00+00:00,west,noaa-goes17,DAY,AUTUMN,CYEG,1,0.5556,0.6400,1.30
2022-07-29T02:26:00+00:00,west,noaa-goes17,DAY,SUMMER,CYEG,1,0.0000,0.0000,1.30
2025-11-07T15:55:00+00:00,west,noaa-goes18,DAY,AUTUMN,CYEG,0,1.0000,1.0000,1.30
2022-06-05T18:30:00+00:00,west,noaa-goes17,DAY,SUMMER,CYEG,0,1.0000,1.0000,1.30
2025-03-10T08:00:00+00:00,west,noaa-goes18,NIGHT,SPRING,CYEG,0,1.0000,1.0000,1.30
2022-10-07T07:20:00+00:00,west,noaa-goes17,NIGHT,AUTUMN,CYEG,0,0.6667,0.5600,1.30
2024-11-13T18:14:00+00:00,west,noaa-goes18,DAY,AUTUMN,CYEG,0,1.0000,1.0000,1.30
2021-09-02T18:57:00+00:00,west,noaa-goes17,DAY,AUTUMN,CYEG,0,1.0000,1.0000,1.30
2020-01-21T13:02:00+00:00,west,noaa-goes17,NIGHT,WINTER,CYEG,0,1.0000,0.9600,1.30
2020-06-13T15:46:00+00:00,west,noaa-goes17,DAY,SUMMER,CYEG,0,1.0000,1.0000,1.30
2025-08-27T01:27:00+00:00,west,noaa-goes18,DAY,SUMMER,CYEG,1,0.0000,0.0000,1.30
2025-12-15T12:30:00+00:00,west,noaa-goes18,NIGHT,WINTER,CYEG,0,1.0000,1.0000,1.30
2020-02-20T22:46:00+00:00,west,noaa-goes17,DAY,WINTER,CYEG,0,1.0000,1.0000,1.30
2024-07-23T06:08:00+00:00,west,noaa-goes18,NIGHT,SUMMER,CYEG,0,1.0000,1.0000,1.30
2024-01-08T09:15:00+00:00,west,noaa-goes18,NIGHT,WINTER,CYEG,1,0.5556,0.6800,1.30
2025-02-24T18:47:00+00:00,west,noaa-goes18,DAY,WINTER,CYEG,0,1.0000,1.0000,1.30
2020-04-09T14:29:00+00:00,west,noaa-goes17,DAY,SPRING,CYEG,0,1.0000,1.0000,1.30
2021-07-21T22:25:00+00:00,west,noaa-goes17,DAY,SUMMER,CYEG,0,1.0000,1.0000,1.30
2022-01-27T11:40:00+00:00,west,noaa-goes17,NIGHT,WINTER,CYEG,0,1.0000,1.0000,1.30
2025-03-16T22:40:00+00:00,west,noaa-goes18,DAY,SPRING,CYEG,0,1.0000,1.0000,1.30
2020-01-06T20:04:00+00:00,west,noaa-goes17,DAY,WINTER,CYEG,0,1.0000,0.8000,1.30
2024-04-25T22:21:00+00:00,west,noaa-goes18,DAY,SPRING,CYEG,0,1.0000,1.0000,1.30
2025-12-14T01:18:00+00:00,west,noaa-goes18,NIGHT,WINTER,CYEG,0,1.0000,1.0000,1.30
2024-10-10T08:44:00+00:00,west,noaa-goes18,NIGHT,AUTUMN,CYEG,0,1.0000,1.0000,1.30
2022-04-28T21:05:00+00:00,west,noaa-goes17,DAY,SPRING,CYEG,0,1.0000,1.0000,1.30
2023-10-07T23:59:00+00:00,west,noaa-goes18,DAY,AUTUMN,CYEG,1,0.0000,0.0000,1.30
2020-08-12T16:58:00+00:00,west,noaa-goes17,DAY,SUMMER,CYEG,1,0.0000,0.0000,1.30
2021-12-18T20:35:00+00:00,west,noaa-goes17,DAY,WINTER,CYEG,0,1.0000,1.0000,1.30
2020-10-01T17:45:00+00:00,west,noaa-goes17,DAY,AUTUMN,CYEG,1,0.0000,0.0400,1.30
2022-04-18T04:21:00+00:00,west,noaa-goes17,NIGHT,SPRING,CYEG,0,0.7778,0.6800,1.30
2022-09-04T17:07:00+00:00,west,noaa-goes17,DAY,AUTUMN,CYEG,0,1.0000,1.0000,1.30
2025-05-13T23:48:00+00:00,west,noaa-goes18,DAY,SPRING,CYEG,0,1.0000,1.0000,1.30
2022-05-09T23:48:00+00:00,west,noaa-goes17,DAY,SPRING,CYEG,1,0.1111,0.2400,1.30
2024-09-28T08:03:00+00:00,west,noaa-goes18,NIGHT,AUTUMN,CYEG,0,1.0000,1.0000,1.30
2020-09-16T11:22:00+00:00,west,noaa-goes17,NIGHT,AUTUMN,CYEG,0,1.0000,1.0000,1.30
2025-11-27T03:30:00+00:00,west,noaa-goes18,NIGHT,AUTUMN,CYEG,0,1.0000,1.0000,1.30
2025-12-18T21:52:00+00:00,west,noaa-goes18,DAY,WINTER,CYEG,0,1.0000,1.0000,1.30
2025-12-22T09:28:00+00:00,west,noaa-goes18,NIGHT,WINTER,CYEG,1,0.3333,0.4400,1.30
2024-02-16T21:44:00+00:00,west,noaa-goes18,DAY,WINTER,CYEG,1,0.0000,0.0000,1.30
2020-09-25T06:57:00+00:00,west,noaa-goes17,NIGHT,AUTUMN,CYEG,1,0.0000,0.0000,1.30
2020-11-11T03:10:00+00:00,west,noaa-goes17,NIGHT,AUTUMN,CYEG,0,1.0000,1.0000,1.30
2023-02-04T03:44:00+00:00,west,noaa-goes18,NIGHT,WINTER,CYEG,0,1.0000,1.0000,1.30
2021-08-29T15:09:00+00:00,west,noaa-goes17,DAY,SUMMER,CYEG,0,1.0000,1.0000,1.30
2022-04-16T16:40:00+00:00,west,noaa-goes17,DAY,SPRING,CYEG,0,1.0000,1.0000,1.30
2020-04-02T09:26:00+00:00,west,noaa-goes17,NIGHT,SPRING,CYEG,1,0.5556,0.4400,1.30
2021-06-24T15:22:00+00:00,west,noaa-goes17,DAY,SUMMER,CYEG,1,0.1111,0.0400,1.30
2024-09-16T14:47:00+00:00,west,noaa-goes18,DAY,AUTUMN,CYEG,1,0.0000,0.0000,1.30
2020-03-28T09:12:00+00:00,west,noaa-goes17,NIGHT,SPRING,CYEG,0,1.0000,1.0000,1.30
2020-09-14T00:55:00+00:00,west,noaa-goes17,DAY,AUTUMN,CYEG,0,1.0000,1.0000,1.30
2022-08-09T16:41:00+00:00,west,noaa-goes17,DAY,SUMMER,CYEG,1,0.0000,0.0000,1.30
2023-11-05T20:41:00+00:00,west,noaa-goes18,DAY,AUTUMN,CYEG,0,1.0000,1.0000,1.30
2023-08-29T15:37:00+00:00,west,noaa-goes18,DAY,SUMMER,CYEG,1,0.0000,0.0000,1.30
2025-12-11T17:28:00+00:00,west,noaa-goes18,DAY,WINTER,CYEG,0,1.0000,0.9200,1.30
2025-02-18T09:36:00+00:00,west,noaa-goes18,NIGHT,WINTER,CYEG,1,0.0000,0.0000,1.30
2022-11-30T07:30:00+00:00,west,noaa-goes17,NIGHT,AUTUMN,CYEG,0,1.0000,1.0000,1.30
2024-03-03T09:49:00+00:00,west,noaa-goes18,NIGHT,SPRING,CYEG,0,1.0000,1.0000,1.30
2021-10-20T22:34:00+00:00,west,noaa-goes17,DAY,AUTUMN,CYEG,1,0.0000,0.0000,1.30
2023-03-14T05:11:00+00:00,west,noaa-goes18,NIGHT,SPRING,CYEG,0,1.0000,1.0000,1.30
2021-09-20T05:15:00+00:00,west,noaa-goes17,NIGHT,AUTUMN,CYEG,0,0.7778,0.7200,1.30
2021-04-23T01:20:00+00:00,west,noaa-goes17,DAY,SPRING,CYEG,0,1.0000,1.0000,1.30
2021-06-02T14:16:00+00:00,west,noaa-goes17,DAY,SUMMER,CYEG,1,0.0000,0.0000,1.30
2024-02-23T05:13:00+00:00,west,noaa-goes18,NIGHT,WINTER,CYEG,0,1.0000,1.0000,1.30
2020-05-22T21:20:00+00:00,west,noaa-goes17,DAY,SPRING,CYEG,0,1.0000,1.0000,1.30
2023-11-09T04:23:00+00:00,west,noaa-goes18,NIGHT,AUTUMN,CYEG,0,1.0000,0.8800,1.30
2025-01-10T17:10:00+00:00,west,noaa-goes18,DAY,WINTER,CYEG,0,1.0000,1.0000,1.30
2025-12-25T09:07:00+00:00,west,noaa-goes18,NIGHT,WINTER,CYEG,1,0.3333,0.3200,1.30
2025-09-09T10:41:00+00:00,west,noaa-goes18,NIGHT,AUTUMN,CYEG,1,0.4444,0.4800,1.30
2023-04-25T15:57:00+00:00,west,noaa-goes18,DAY,SPRING,CYEG,0,1.0000,1.0000,1.30
2023-04-02T18:42:00+00:00,west,noaa-goes18,DAY,SPRING,CYEG,0,1.0000,1.0000,1.30
2021-08-25T18:46:00+00:00,west,noaa-goes17,DAY,SUMMER,CYEG,1,0.0000,0.0000,1.30
2024-12-15T10:44:00+00:00,west,noaa-goes18,NIGHT,WINTER,CYEG,0,1.0000,1.0000,1.30
2021-04-05T23:30:00+00:00,west,noaa-goes17,DAY,SPRING,CYEG,0,1.0000,1.0000,1.30
2024-07-03T19:53:00+00:00,west,noaa-goes18,DAY,SUMMER,CYEG,0,1.0000,1.0000,1.30
2022-06-21T14:22:00+00:00,west,noaa-goes17,DAY,SUMMER,CYEG,1,0.2222,0.1200,1.30
2021-01-13T10:03:00+00:00,west,noaa-goes17,NIGHT,WINTER,CYEG,0,1.0000,1.0000,1.30
2022-03-10T18:33:00+00:00,west,noaa-goes17,DAY,SPRING,CYEG,1,0.0000,0.0000,1.30
2022-06-28T08:12:00+00:00,west,noaa-goes17,NIGHT,SUMMER,CYEG,0,1.0000,1.0000,1.30
2024-12-29T21:42:00+00:00,west,noaa-goes18,DAY,WINTER,CYEG,1,0.0000,0.0000,1.30
2022-03-07T15:20:00+00:00,west,noaa-goes17,DAY,SPRING,CYEG,0,1.0000,1.0000,1.30
2024-01-18T12:09:00+00:00,west,noaa-goes18,NIGHT,WINTER,CYEG,0,1.0000,1.0000,1.30
2024-10-17T11:24:00+00:00,west,noaa-goes18,NIGHT,AUTUMN,CYEG,1,0.0000,0.0000,1.30
2024-03-07T00:18:00+00:00,west,noaa-goes18,DAY,SPRING,CYEG,1,0.0000,0.0000,1.30
2023-11-13T11:19:00+00:00,west,noaa-goes18,NIGHT,AUTUMN,CYEG,0,1.0000,1.0000,1.30
2024-12-30T17:05:00+00:00,west,noaa-goes18,DAY,WINTER,CYEG,0,0.6667,0.7200,1.30
2022-06-02T23:56:00+00:00,west,noaa-goes17,DAY,SUMMER,CYEG,1,0.0000,0.0000,1.30
2024-12-17T09:10:00+00:00,west,noaa-goes18,NIGHT,WINTER,CYEG,0,1.0000,1.0000,1.30
2024-10-02T23:57:00+00:00,west,noaa-goes18,DAY,AUTUMN,CYEG,0,1.0000,0.8800,1.30
2024-08-23T04:53:00+00:00,west,noaa-goes18,NIGHT,SUMMER,CYEG,1,0.0000,0.0000,1.30
2020-12-18T04:13:00+00:00,west,noaa-goes17,NIGHT,WINTER,CYEG,1,0.0000,0.0000,1.30
2023-05-27T15:55:00+00:00,west,noaa-goes18,DAY,SPRING,CYEG,0,1.0000,1.0000,1.30
2025-11-21T10:04:00+00:00,west,noaa-goes18,NIGHT,AUTUMN,CYEG,0,1.0000,0.9600,1.30
2024-08-04T20:58:00+00:00,west,noaa-goes18,DAY,SUMMER,CYEG,0,0.7778,0.7200,1.30
2023-01-24T13:11:00+00:00,west,noaa-goes18,NIGHT,WINTER,CYEG,0,1.0000,1.0000,1.30
2025-03-07T22:36:00+00:00,west,noaa-goes18,DAY,SPRING,CYEG,0,1.0000,1.0000,1.30
2021-07-14T06:11:00+00:00,west,noaa-goes17,NIGHT,SUMMER,CYEG,1,0.0000,0.0000,1.30
2024-04-12T09:35:00+00:00,west,noaa-goes18,NIGHT,SPRING,CYEG,0,1.0000,1.0000,1.30
2025-07-02T01:52:00+00:00,west,noaa-goes18,DAY,SUMMER,CYEG,0,1.0000,1.0000,1.30
2023-05-21T18:19:00+00:00,west,noaa-goes18,DAY,SPRING,CYEG,1,0.2222,0.3600,1.30
2025-07-16T17:47:00+00:00,west,noaa-goes18,DAY,SUMMER,CYEG,0,1.0000,1.0000,1.30
2025-03-13T07:01:00+00:00,west,noaa-goes18,NIGHT,SPRING,CYEG,0,1.0000,1.0000,1.30
2020-01-11T04:16:00+00:00,west,noaa-goes17,NIGHT,WINTER,CYEG,0,1.0000,1.0000,1.30
2023-05-14T20:53:00+00:00,west,noaa-goes18,DAY,SPRING,CYEG,1,0.0000,0.0000,1.30
2025-07-07T22:41:00+00:00,west,noaa-goes18,DAY,SUMMER,CYEG,0,0.8889,0.5600,1.30
2022-09-29T00:07:00+00:00,west,noaa-goes17,DAY,AUTUMN,CYEG,0,0.6667,0.5200,1.30
2024-01-21T18:30:00+00:00,west,noaa-goes18,DAY,WINTER,CYEG,0,1.0000,1.0000,1.30
2024-11-21T08:40:00+00:00,west,noaa-goes18,NIGHT,AUTUMN,CYEG,0,1.0000,1.0000,1.30
2025-05-03T22:52:00+00:00,west,noaa-goes18,DAY,SPRING,CYEG,0,1.0000,1.0000,1.30
2020-03-12T08:10:00+00:00,west,noaa-goes17,NIGHT,SPRING,CYEG,1,0.7778,0.8400,1.30
2020-08-27T04:20:00+00:00,west,noaa-goes17,NIGHT,SUMMER,CYEG,0,1.0000,1.0000,1.30
2025-03-03T22:08:00+00:00,west,noaa-goes18,DAY,SPRING,CYEG,1,0.0000,0.0000,1.30
2024-01-03T05:03:00+00:00,west,noaa-goes18,NIGHT,WINTER,CYEG,1,0.1111,0.1200,1.30
2023-01-21T11:26:00+00:00,west,noaa-goes18,NIGHT,WINTER,CYEG,0,1.0000,1.0000,1.30
2023-12-29T01:18:00+00:00,west,noaa-goes18,NIGHT,WINTER,CYEG,1,0.0000,0.0000,1.30
2023-04-09T16:40:00+00:00,west,noaa-goes18,DAY,SPRING,CYEG,0,1.0000,1.0000,1.30
2020-11-10T16:12:00+00:00,west,noaa-goes17,DAY,AUTUMN,CYEG,0,1.0000,1.0000,1.30
2022-01-20T03:38:00+00:00,west,noaa-goes17,NIGHT,WINTER,CYEG,1,0.0000,0.2000,1.30
2021-11-15T17:20:00+00:00,west,noaa-goes17,DAY,AUTUMN,CYEG,0,1.0000,1.0000,1.30
2023-07-19T21:51:00+00:00,west,noaa-goes18,DAY,SUMMER,CYEG,1,0.0000,0.0000,1.30
2023-05-18T08:43:00+00:00,west,noaa-goes18,NIGHT,SPRING,CYEG,1,0.0000,0.0000,1.30
2024-01-24T03:34:00+00:00,west,noaa-goes18,NIGHT,WINTER,CYEG,1,0.0000,0.0000,1.30
2023-12-11T04:00:00+00:00,west,noaa-goes18,NIGHT,WINTER,CYEG,0,1.0000,1.0000,1.30
2021-07-14T16:18:00+00:00,west,noaa-goes17,DAY,SUMMER,CYEG,0,1.0000,1.0000,1.30
2024-03-07T15:26:00+00:00,west,noaa-goes18,DAY,SPRING,CYEG,1,0.0000,0.0000,1.30
2023-10-25T05:06:00+00:00,west,noaa-goes18,NIGHT,AUTUMN,CYEG,1,0.0000,0.0000,1.30
2022-06-24T06:50:00+00:00,west,noaa-goes17,NIGHT,SUMMER,CYEG,0,1.0000,1.0000,1.30
2025-11-23T17:45:00+00:00,west,noaa-goes18,DAY,AUTUMN,CYEG,0,1.0000,1.0000,1.30
2021-04-11T13:29:00+00:00,west,noaa-goes17,DAY,SPRING,CYEG,0,1.0000,1.0000,1.30
2020-11-08T03:52:00+00:00,west,noaa-goes17,NIGHT,AUTUMN,CYEG,0,1.0000,1.0000,1.30
2021-06-21T00:30:00+00:00,west,noaa-goes17,DAY,SUMMER,CYEG,1,0.0000,0.0000,1.30
2023-11-27T09:44:00+00:00,west,noaa-goes18,NIGHT,AUTUMN,CYEG,0,1.0000,1.0000,1.30
2024-01-25T04:52:00+00:00,west,noaa-goes18,NIGHT,WINTER,CYEG,0,1.0000,1.0000,1.30
2024-12-15T19:33:00+00:00,west,noaa-goes18,DAY,WINTER,CYEG,0,1.0000,1.0000,1.30
2023-11-02T05:45:00+00:00,west,noaa-goes18,NIGHT,AUTUMN,CYEG,0,1.0000,1.0000,1.30
2023-06-01T00:47:00+00:00,west,noaa-goes18,DAY,SUMMER,CYEG,0,1.0000,1.0000,1.30
2021-08-06T22:14:00+00:00,west,noaa-goes17,DAY,SUMMER,CYEG,0,1.0000,1.0000,1.30
2021-06-17T02:27:00+00:00,west,noaa-goes17,DAY,SUMMER,CYEG,0,1.0000,1.0000,1.30
2025-06-06T13:02:00+00:00,west,noaa-goes18,DAY,SUMMER,CYEG,0,1.0000,1.0000,1.30
2022-03-15T03:02:00+00:00,west,noaa-goes17,NIGHT,SPRING,CYEG,0,1.0000,1.0000,1.30
2025-10-04T18:03:00+00:00,west,noaa-goes18,DAY,AUTUMN,CYEG,0,1.0000,1.0000,1.30
2025-04-05T03:58:00+00:00,west,noaa-goes18,NIGHT,SPRING,CYEG,1,0.0000,0.0000,1.30
2023-05-20T21:00:00+00:00,west,noaa-goes18,DAY,SPRING,CYEG,0,1.0000,0.9200,1.30
2021-01-30T03:58:00+00:00,west,noaa-goes17,NIGHT,WINTER,CYEG,1,0.0000,0.0800,1.30
2022-04-21T18:57:00+00:00,west,noaa-goes17,DAY,SPRING,CYEG,0,0.7778,0.6800,1.30
2022-03-30T05:42:00+00:00,west,noaa-goes17,NIGHT,SPRING,CYEG,0,1.0000,1.0000,1.30
2021-08-19T23:17:00+00:00,west,noaa-goes17,DAY,SUMMER,CYEG,0,1.0000,0.8800,1.30
2023-11-25T11:10:00+00:00,west,noaa-goes18,NIGHT,AUTUMN,CYEG,0,1.0000,1.0000,1.30
2025-08-12T23:39:00+00:00,west,noaa-goes18,DAY,SUMMER,CYEG,0,0.8889,0.8000,1.30
2022-09-17T16:36:00+00:00,west,noaa-goes17,DAY,AUTUMN,CYEG,0,0.8889,0.6400,1.30
2020-10-06T03:52:00+00:00,west,noaa-goes17,NIGHT,AUTUMN,CYEG,0,0.6667,0.5200,1.30
2020-02-27T16:13:00+00:00,west,noaa-goes17,DAY,WINTER,CYEG,0,1.0000,1.0000,1.30
2022-05-26T16:54:00+00:00,west,noaa-goes17,DAY,SPRING,CYEG,1,0.0000,0.0000,1.30
2021-03-15T05:53:00+00:00,west,noaa-goes17,NIGHT,SPRING,CYEG,0,1.0000,1.0000,1.30
2023-12-24T12:27:00+00:00,west,noaa-goes18,NIGHT,WINTER,CYEG,1,0.3333,0.2000,1.30
2022-05-27T16:14:00+00:00,west,noaa-goes17,DAY,SPRING,CYEG,0,1.0000,1.0000,1.30
2021-03-27T16:08:00+00:00,west,noaa-goes17,DAY,SPRING,CYEG,0,1.0000,1.0000,1.30
2023-03-26T17:46:00+00:00,west,noaa-goes18,DAY,SPRING,CYEG,1,0.7778,0.8800,1.30
2020-06-15T02:20:00+00:00,west,noaa-goes17,DAY,SUMMER,CYEG,0,1.0000,1.0000,1.30
2023-07-01T21:53:00+00:00,west,noaa-goes18,DAY,SUMMER,CYEG,0,1.0000,1.0000,1.30
2024-12-23T07:35:00+00:00,west,noaa-goes18,NIGHT,WINTER,CYEG,0,1.0000,1.0000,1.30
2024-10-18T06:54:00+00:00,west,noaa-goes18,NIGHT,AUTUMN,CYEG,1,0.5556,0.7200,1.30
2020-10-12T15:43:00+00:00,west,noaa-goes17,DAY,AUTUMN,CYEG,0,1.0000,1.0000,1.30
2024-02-14T05:00:00+00:00,west,noaa-goes18,NIGHT,WINTER,CYEG,0,1.0000,1.0000,1.30
2025-07-06T21:06:00+00:00,west,noaa-goes18,DAY,SUMMER,CYEG,0,1.0000,1.0000,1.30
2024-06-11T14:33:00+00:00,west,noaa-goes18,DAY,SUMMER,CYEG,1,0.0000,0.0000,1.30
2020-12-14T03:09:00+00:00,west,noaa-goes17,NIGHT,WINTER,CYEG,0,0.8889,0.6800,1.30
2024-06-05T12:44:00+00:00,west,noaa-goes18,DAY,SUMMER,CYEG,1,0.0000,0.0000,1.30
2021-02-20T23:59:00+00:00,west,noaa-goes17,DAY,WINTER,CYEG,0,1.0000,1.0000,1.30
2021-11-22T02:23:00+00:00,west,noaa-goes17,NIGHT,AUTUMN,CYEG,0,1.0000,1.0000,1.30
2022-03-26T10:12:00+00:00,west,noaa-goes17,NIGHT,SPRING,CYEG,0,0.8889,0.8400,1.30
2024-10-05T23:31:00+00:00,west,noaa-goes18,DAY,AUTUMN,CYEG,1,0.0000,0.0000,1.30
2023-02-14T22:49:00+00:00,west,noaa-goes18,DAY,WINTER,CYEG,1,0.0000,0.0000,1.30
2023-01-23T20:25:00+00:00,west,noaa-goes18,DAY,WINTER,CYEG,0,1.0000,1.0000,1.30
2024-07-14T15:32:00+00:00,west,noaa-goes18,DAY,SUMMER,CYEG,0,1.0000,1.0000,1.30
2023-02-16T04:49:00+00:00,west,noaa-goes18,NIGHT,WINTER,CYEG,0,1.0000,1.0000,1.30
2025-02-05T03:07:00+00:00,west,noaa-goes18,NIGHT,WINTER,CYEG,0,0.6667,0.5600,1.30
2022-10-23T15:31:00+00:00,west,noaa-goes17,DAY,AUTUMN,CYEG,1,0.0000,0.0000,1.30
2022-08-03T20:08:00+00:00,west,noaa-goes17,DAY,SUMMER,CYEG,0,1.0000,1.0000,1.30
2020-08-04T02:31:00+00:00,west,noaa-goes17,DAY,SUMMER,CYEG,0,1.0000,1.0000,1.30
2020-04-19T05:24:00+00:00,west,noaa-goes17,NIGHT,SPRING,CYEG,1,0.0000,0.0000,1.30
2023-09-01T04:19:00+00:00,west,noaa-goes18,NIGHT,AUTUMN,CYEG,0,1.0000,1.0000,1.30
2021-01-29T02:42:00+00:00,west,noaa-goes17,NIGHT,WINTER,CYEG,1,0.7778,0.8400,1.30
2025-10-30T15:50:00+00:00,west,noaa-goes18,DAY,AUTUMN,CYEG,0,1.0000,1.0000,1.30
2025-03-23T06:18:00+00:00,west,noaa-goes18,NIGHT,SPRING,CYEG,0,1.0000,0.7600,1.30
2025-08-01T15:32:00+00:00,west,noaa-goes18,DAY,SUMMER,CYEG,1,0.0000,0.0000,1.30
2022-12-07T17:21:00+00:00,west,noaa-goes17,DAY,WINTER,CYEG,0,1.0000,1.0000,1.30
2023-07-12T12:28:00+00:00,west,noaa-goes18,DAY,SUMMER,CYEG,1,0.0000,0.0000,1.30
2021-12-25T17:42:00+00:00,west,noaa-goes17,DAY,WINTER,CYEG,0,1.0000,1.0000,1.30
2023-05-26T22:10:00+00:00,west,noaa-goes18,DAY,SPRING,CYEG,1,0.0000,0.0000,1.30
2025-07-06T13:08:00+00:00,west,noaa-goes18,DAY,SUMMER,CYEG,0,1.0000,1.0000,1.30
2023-07-03T22:24:00+00:00,west,noaa-goes18,DAY,SUMMER,CYEG,0,1.0000,1.0000,1.30
2025-07-02T21:35:00+00:00,west,noaa-goes18,DAY,SUMMER,CYEG,1,0.5556,0.7200,1.30
2025-04-08T15:35:00+00:00,west,noaa-goes18,DAY,SPRING,CYEG,0,1.0000,1.0000,1.30
2021-10-02T16:03:00+00:00,west,noaa-goes17,DAY,AUTUMN,CYEG,0,1.0000,1.0000,1.30
2024-05-22T08:31:00+00:00,west,noaa-goes18,NIGHT,SPRING,CYEG,0,1.0000,1.0000,1.30
2024-03-27T19:43:00+00:00,west,noaa-goes18,DAY,SPRING,CYEG,0,1.0000,1.0000,1.30
2023-12-15T09:20:00+00:00,west,noaa-goes18,NIGHT,WINTER,CYEG,0,1.0000,1.0000,1.30
2020-09-08T00:37:00+00:00,west,noaa-goes17,DAY,AUTUMN,CYEG,0,1.0000,1.0000,1.30
2024-02-09T11:51:00+00:00,west,noaa-goes18,NIGHT,WINTER,CYEG,0,1.0000,1.0000,1.30
2020-04-20T20:21:00+00:00,west,noaa-goes17,DAY,SPRING,CYEG,1,0.6667,0.7200,1.30
2023-11-14T11:26:00+00:00,west,noaa-goes18,NIGHT,AUTUMN,CYEG,0,0.4444,0.4000,1.30
2023-12-09T01:42:00+00:00,west,noaa-goes18,NIGHT,WINTER,CYEG,1,0.0000,0.0000,1.30
2022-09-27T07:15:00+00:00,west,noaa-goes17,NIGHT,AUTUMN,CYEG,0,1.0000,1.0000,1.30
2023-07-02T18:05:00+00:00,west,noaa-goes18,DAY,SUMMER,CYEG,0,1.0000,1.0000,1.30
2020-09-25T09:07:00+00:00,west,noaa-goes17,NIGHT,AUTUMN,CYEG,1,0.0000,0.0000,1.30
2023-10-14T05:01:00+00:00,west,noaa-goes18,NIGHT,AUTUMN,CYEG,0,1.0000,1.0000,1.30
2023-08-28T01:29:00+00:00,west,noaa-goes18,DAY,SUMMER,CYEG,1,0.0000,0.0000,1.30
2024-09-26T18:32:00+00:00,west,noaa-goes18,DAY,AUTUMN,CYEG,1,0.0000,0.0000,1.30
2024-09-21T08:01:00+00:00,west,noaa-goes18,NIGHT,AUTUMN,CYEG,1,0.0000,0.0800,1.30
2025-04-07T18:01:00+00:00,west,noaa-goes18,DAY,SPRING,CYEG,0,1.0000,1.0000,1.30
2023-07-20T12:36:00+00:00,west,noaa-goes18,DAY,SUMMER,CYEG,1,0.0000,0.0000,1.30
2025-08-21T21:21:00+00:00,west,noaa-goes18,DAY,SUMMER,CYEG,0,1.0000,1.0000,1.30
2021-11-13T19:19:00+00:00,west,noaa-goes17,DAY,AUTUMN,CYEG,0,1.0000,0.9600,1.30
2024-01-28T13:12:00+00:00,west,noaa-goes18,NIGHT,WINTER,CYEG,0,1.0000,1.0000,1.30
2025-07-28T20:54:00+00:00,west,noaa-goes18,DAY,SUMMER,CYEG,0,1.0000,1.0000,1.30
2020-11-04T17:13:00+00:00,west,noaa-goes17,DAY,AUTUMN,CYEG,0,0.6667,0.6800,1.30
2023-03-23T08:03:00+00:00,west,noaa-goes18,NIGHT,SPRING,CYEG,1,0.0000,0.0000,1.30
2023-05-02T18:25:00+00:00,west,noaa-goes18,DAY,SPRING,CYEG,1,0.4444,0.5200,1.30
2022-07-14T19:47:00+00:00,west,noaa-goes17,DAY,SUMMER,CYEG,0,1.0000,1.0000,1.30
2021-01-23T18:21:00+00:00,west,noaa-goes17,DAY,WINTER,CYEG,0,1.0000,1.0000,1.30
2023-01-24T02:36:00+00:00,west,noaa-goes18,NIGHT,WINTER,CYEG,0,1.0000,1.0000,1.30
2020-11-10T20:52:00+00:00,west,noaa-goes17,DAY,AUTUMN,CYEG,0,1.0000,1.0000,1.30
2023-05-21T16:51:00+00:00,west,noaa-goes18,DAY,SPRING,CYEG,1,0.0000,0.0000,1.30
2023-05-13T13:42:00+00:00,west,noaa-goes18,DAY,SPRING,CYEG,1,0.0000,0.0000,1.30
2023-07-07T06:26:00+00:00,west,noaa-goes18,NIGHT,SUMMER,CYEG,0,1.0000,1.0000,1.30
2024-07-05T08:39:00+00:00,west,noaa-goes18,NIGHT,SUMMER,CYEG,1,0.0000,0.0000,1.30
2025-10-11T14:42:00+00:00,west,noaa-goes18,DAY,AUTUMN,CYEG,0,1.0000,1.0000,1.30
2025-10-15T05:36:00+00:00,west,noaa-goes18,NIGHT,AUTUMN,CYEG,1,0.0000,0.0000,1.30
2025-08-06T06:42:00+00:00,west,noaa-goes18,NIGHT,SUMMER,CYEG,1,0.0000,0.0400,1.30
2025-03-29T08:59:00+00:00,west,noaa-goes18,NIGHT,SPRING,CYEG,0,1.0000,1.0000,1.30
2025-12-22T19:54:00+00:00,west,noaa-goes18,DAY,WINTER,CYEG,1,0.0000,0.0000,1.30
2024-11-11T18:46:00+00:00,west,noaa-goes18,DAY,AUTUMN,CYEG,0,1.0000,1.0000,1.30
2020-09-02T16:12:00+00:00,west,noaa-goes17,DAY,AUTUMN,CYEG,1,0.0000,0.0000,1.30
2022-09-11T04:47:00+00:00,west,noaa-goes17,NIGHT,AUTUMN,CYEG,1,0.0000,0.0000,1.30
2023-05-14T13:26:00+00:00,west,noaa-goes18,DAY,SPRING,CYEG,1,0.0000,0.0000,1.30
2023-07-29T02:40:00+00:00,west,noaa-goes18,DAY,SUMMER,CYEG,1,0.4444,0.4400,1.30
2023-03-21T20:10:00+00:00,west,noaa-goes18,DAY,SPRING,CYEG,1,0.0000,0.0000,1.30
2022-11-16T21:38:00+00:00,west,noaa-goes17,DAY,AUTUMN,CYEG,0,1.0000,1.0000,1.30
2021-04-10T04:12:00+00:00,west,noaa-goes17,NIGHT,SPRING,CYEG,1,0.5556,0.4800,1.30
2023-06-25T14:31:00+00:00,west,noaa-goes18,DAY,SUMMER,CYEG,1,0.3333,0.4000,1.30
2024-11-21T13:41:00+00:00,west,noaa-goes18,NIGHT,AUTUMN,CYEG,0,1.0000,1.0000,1.30
2020-05-31T06:10:00+00:00,west,noaa-goes17,NIGHT,SPRING,CYEG,0,1.0000,1.0000,1.30
2023-01-22T04:01:00+00:00,west,noaa-goes18,NIGHT,WINTER,CYEG,0,1.0000,1.0000,1.30
2022-11-24T08:42:00+00:00,west,noaa-goes17,NIGHT,AUTUMN,CYEG,0,1.0000,1.0000,1.30
2021-12-21T20:54:00+00:00,west,noaa-goes17,DAY,WINTER,CYEG,0,1.0000,1.0000,1.30
2020-06-21T23:31:00+00:00,west,noaa-goes17,DAY,SUMMER,CYEG,0,1.0000,0.9600,1.30
2020-12-09T10:38:00+00:00,west,noaa-goes17,NIGHT,WINTER,CYEG,0,1.0000,1.0000,1.30
2021-01-04T12:53:00+00:00,west,noaa-goes17,NIGHT,WINTER,CYEG,0,0.7778,0.6000,1.30
2021-07-29T07:07:00+00:00,west,noaa-goes17,NIGHT,SUMMER,CYEG,0,1.0000,1.0000,1.30
2025-11-21T08:31:00+00:00,west,noaa-goes18,NIGHT,AUTUMN,CYEG,0,1.0000,1.0000,1.30
2021-01-04T07:38:00+00:00,west,noaa-goes17,NIGHT,WINTER,CYEG,0,1.0000,0.9200,1.30
2024-05-16T23:47:00+00:00,west,noaa-goes18,DAY,SPRING,CYEG,0,1.0000,1.0000,1.30
2022-05-26T08:28:00+00:00,west,noaa-goes17,NIGHT,SPRING,CYEG,0,0.6667,0.5200,1.30
2024-07-30T08:55:00+00:00,west,noaa-goes18,NIGHT,SUMMER,CYEG,0,1.0000,1.0000,1.30
2020-08-17T15:34:00+00:00,west,noaa-goes17,DAY,SUMMER,CYEG,0,1.0000,1.0000,1.30
2024-03-14T22:07:00+00:00,west,noaa-goes18,DAY,SPRING,CYEG,0,1.0000,1.0000,1.30
2023-07-20T17:27:00+00:00,west,noaa-goes18,DAY,SUMMER,CYEG,1,0.0000,0.0000,1.30
2025-04-29T21:15:00+00:00,west,noaa-goes18,DAY,SPRING,CYEG,0,0.6667,0.6000,1.30
2023-02-11T04:23:00+00:00,west,noaa-goes18,NIGHT,WINTER,CYEG,1,0.0000,0.0000,1.30
2025-04-30T22:23:00+00:00,west,noaa-goes18,DAY,SPRING,CYEG,0,1.0000,1.0000,1.30
2023-06-16T00:41:00+00:00,west,noaa-goes18,DAY,SUMMER,CYEG,1,0.1111,0.1600,1.30
2020-05-22T23:42:00+00:00,west,noaa-goes17,DAY,SPRING,CYEG,0,1.0000,1.0000,1.30
2020-08-11T22:58:00+00:00,west,noaa-goes17,DAY,SUMMER,CYEG,0,1.0000,1.0000,1.30
2022-09-08T08:35:00+00:00,west,noaa-goes17,NIGHT,AUTUMN,CYEG,0,1.0000,0.9200,1.30
2024-04-24T09:40:00+00:00,west,noaa-goes18,NIGHT,SPRING,CYEG,0,1.0000,1.0000,1.30
2024-01-26T21:07:00+00:00,west,noaa-goes18,DAY,WINTER,CYEG,0,0.4444,0.4000,1.30
2025-12-30T07:54:00+00:00,west,noaa-goes18,NIGHT,WINTER,CYEG,1,0.0000,0.0000,1.30
2024-12-17T12:00:00+00:00,west,noaa-goes18,NIGHT,WINTER,CYEG,1,0.0000,0.0000,1.30
2024-05-28T08:19:00+00:00,west,noaa-goes18,NIGHT,SPRING,CYEG,0,1.0000,1.0000,1.30
2021-01-04T07:19:00+00:00,west,noaa-goes17,NIGHT,WINTER,CYEG,0,1.0000,0.8400,1.30
2022-05-11T05:58:00+00:00,west,noaa-goes17,NIGHT,SPRING,CYEG,0,1.0000,1.0000,1.30
2024-12-02T20:20:00+00:00,west,noaa-goes18,DAY,WINTER,CYEG,0,1.0000,1.0000,1.30
2024-07-22T01:17:00+00:00,west,noaa-goes18,DAY,SUMMER,CYEG,1,0.0000,0.0000,1.30
2024-08-18T10:45:00+00:00,west,noaa-goes18,NIGHT,SUMMER,CYEG,1,0.0000,0.0000,1.30
2024-09-26T03:52:00+00:00,west,noaa-goes18,NIGHT,AUTUMN,CYEG,0,1.0000,1.0000,1.30
2021-10-18T22:16:00+00:00,west,noaa-goes17,DAY,AUTUMN,CYEG,0,1.0000,1.0000,1.30
2024-09-19T19:46:00+00:00,west,noaa-goes18,DAY,AUTUMN,CYEG,1,0.0000,0.0400,1.30
2023-08-31T14:44:00+00:00,west,noaa-goes18,DAY,SUMMER,CYEG,0,1.0000,1.0000,1.30
2020-04-22T01:41:00+00:00,west,noaa-goes17,DAY,SPRING,CYEG,0,1.0000,1.0000,1.30
2022-01-22T20:28:00+00:00,west,noaa-goes17,DAY,WINTER,CYEG,0,1.0000,1.0000,1.30
2021-07-11T00:25:00+00:00,west,noaa-goes17,DAY,SUMMER,CYEG,0,1.0000,1.0000,1.30
2022-03-30T20:19:00+00:00,west,noaa-goes17,DAY,SPRING,CYEG,0,1.0000,0.7600,1.30
2023-07-09T18:05:00+00:00,west,noaa-goes18,DAY,SUMMER,CYEG,1,0.0000,0.0000,1.30
2021-03-29T05:15:00+00:00,west,noaa-goes17,NIGHT,SPRING,CYEG,0,1.0000,1.0000,1.30
2025-10-16T22:49:00+00:00,west,noaa-goes18,DAY,AUTUMN,CYEG,0,1.0000,1.0000,1.30
2021-06-16T19:43:00+00:00,west,noaa-goes17,DAY,SUMMER,CYEG,0,0.8889,0.9600,1.30
2025-05-13T23:08:00+00:00,west,noaa-goes18,DAY,SPRING,CYEG,0,1.0000,1.0000,1.30
2022-12-03T05:43:00+00:00,west,noaa-goes17,NIGHT,WINTER,CYEG,1,0.0000,0.0400,1.30
2020-12-11T13:23:00+00:00,west,noaa-goes17,NIGHT,WINTER,CYEG,1,0.5556,0.4400,1.30
2022-01-15T12:56:00+00:00,west,noaa-goes17,NIGHT,WINTER,CYEG,0,1.0000,1.0000,1.30
2024-03-25T18:14:00+00:00,west,noaa-goes18,DAY,SPRING,CYEG,0,0.7778,0.7600,1.30
2020-03-25T00:59:00+00:00,west,noaa-goes17,DAY,SPRING,CYEG,0,1.0000,1.0000,1.30
2022-07-25T02:29:00+00:00,west,noaa-goes17,DAY,SUMMER,CYEG,0,1.0000,1.0000,1.30
2022-03-23T08:44:00+00:00,west,noaa-goes17,NIGHT,SPRING,CYEG,0,1.0000,1.0000,1.30
2021-11-22T01:25:00+00:00,west,noaa-goes17,NIGHT,AUTUMN,CYEG,0,1.0000,1.0000,1.30
2024-10-22T19:16:00+00:00,west,noaa-goes18,DAY,AUTUMN,CYEG,0,0.4444,0.4400,1.30
2021-11-27T18:07:00+00:00,west,noaa-goes17,DAY,AUTUMN,CYEG,0,1.0000,1.0000,1.30
2020-02-27T22:33:00+00:00,west,noaa-goes17,DAY,WINTER,CYEG,1,0.0000,0.4400,1.30
2022-12-26T09:47:00+00:00,west,noaa-goes17,NIGHT,WINTER,CYEG,0,1.0000,1.0000,1.30
2024-11-01T06:38:00+00:00,west,noaa-goes18,NIGHT,AUTUMN,CYEG,0,1.0000,1.0000,1.30
2022-02-14T13:11:00+00:00,west,noaa-goes17,NIGHT,WINTER,CYEG,0,1.0000,1.0000,1.30
2023-04-03T08:15:00+00:00,west,noaa-goes18,NIGHT,SPRING,CYEG,0,1.0000,0.9200,1.30
2025-01-21T07:23:00+00:00,west,noaa-goes18,NIGHT,WINTER,CYEG,0,1.0000,1.0000,1.30
2025-04-04T04:55:00+00:00,west,noaa-goes18,NIGHT,SPRING,CYEG,1,0.0000,0.0000,1.30
2023-08-17T22:25:00+00:00,west,noaa-goes18,DAY,SUMMER,CYEG,0,1.0000,1.0000,1.30
2022-05-19T22:24:00+00:00,west,noaa-goes17,DAY,SPRING,CYEG,0,1.0000,1.0000,1.30
2024-09-29T23:38:00+00:00,west,noaa-goes18,DAY,AUTUMN,CYEG,0,1.0000,1.0000,1.30
2022-11-15T02:06:00+00:00,west,noaa-goes17,NIGHT,AUTUMN,CYEG,0,0.7778,0.8000,1.30
2020-08-28T01:21:00+00:00,west,noaa-goes17,DAY,SUMMER,CYEG,1,0.0000,0.0000,1.30
2022-08-19T15:58:00+00:00,west,noaa-goes17,DAY,SUMMER,CYEG,1,0.3333,0.4800,1.30
2023-12-22T19:42:00+00:00,west,noaa-goes18,DAY,WINTER,CYEG,0,1.0000,1.0000,1.30
2020-07-05T00:16:00+00:00,west,noaa-goes17,DAY,SUMMER,CYEG,0,1.0000,1.0000,1.30
2025-08-28T19:24:00+00:00,west,noaa-goes18,DAY,SUMMER,CYEG,1,0.0000,0.0000,1.30
2023-05-24T12:42:00+00:00,west,noaa-goes18,DAY,SPRING,CYEG,1,0.0000,0.0400,1.30
2024-02-28T04:57:00+00:00,west,noaa-goes18,NIGHT,WINTER,CYEG,0,1.0000,1.0000,1.30
2020-06-17T18:11:00+00:00,west,noaa-goes17,DAY,SUMMER,CYEG,0,1.0000,1.0000,1.30
2022-12-02T05:32:00+00:00,west,noaa-goes17,NIGHT,WINTER,CYEG,1,0.2222,0.2400,1.30
2025-04-01T04:05:00+00:00,west,noaa-goes18,NIGHT,SPRING,CYEG,0,1.0000,1.0000,1.30
2023-07-23T22:33:00+00:00,west,noaa-goes18,DAY,SUMMER,CYEG,0,1.0000,1.0000,1.30
2024-11-08T04:16:00+00:00,west,noaa-goes18,NIGHT,AUTUMN,CYEG,0,1.0000,1.0000,1.30
2021-06-07T15:55:00+00:00,west,noaa-goes17,DAY,SUMMER,CYEG,0,1.0000,1.0000,1.30
2023-02-24T23:23:00+00:00,west,noaa-goes18,DAY,WINTER,CYEG,1,0.0000,0.0000,1.30
2024-10-27T09:57:00+00:00,west,noaa-goes18,NIGHT,AUTUMN,CYEG,0,1.0000,1.0000,1.30
2022-12-14T19:53:00+00:00,west,noaa-goes17,DAY,WINTER,CYEG,1,0.0000,0.0000,1.30
2024-11-19T05:20:00+00:00,west,noaa-goes18,NIGHT,AUTUMN,CYEG,1,0.0000,0.0000,1.30
2024-12-07T01:12:00+00:00,west,noaa-goes18,NIGHT,WINTER,CYEG,0,1.0000,1.0000,1.30
2021-08-31T01:14:00+00:00,west,noaa-goes17,DAY,SUMMER,CYEG,0,1.0000,1.0000,1.30
2022-01-20T01:30:00+00:00,west,noaa-goes17,NIGHT,WINTER,CYEG,1,0.3333,0.4400,1.30
2022-12-01T05:45:00+00:00,west,noaa-goes17,NIGHT,WINTER,CYEG,1,0.4444,0.5200,1.30
2025-07-20T01:28:00+00:00,west,noaa-goes18,DAY,SUMMER,CYEG,0,1.0000,1.0000,1.30
2025-06-10T14:31:00+00:00,west,noaa-goes18,DAY,SUMMER,CYEG,1,0.0000,0.0000,1.30
2021-04-05T23:55:00+00:00,west,noaa-goes17,DAY,SPRING,CYEG,1,0.6667,0.5600,1.30
2021-01-18T06:55:00+00:00,west,noaa-goes17,NIGHT,WINTER,CYEG,0,1.0000,1.0000,1.30
2023-03-09T05:53:00+00:00,west,noaa-goes18,NIGHT,SPRING,CYEG,0,1.0000,1.0000,1.30
2023-01-22T18:57:00+00:00,west,noaa-goes18,DAY,WINTER,CYEG,0,1.0000,0.8400,1.30
2022-05-19T18:00:00+00:00,west,noaa-goes17,DAY,SPRING,CYEG,0,1.0000,1.0000,1.30
2025-11-24T18:11:00+00:00,west,noaa-goes18,DAY,AUTUMN,CYEG,0,1.0000,1.0000,1.30
2025-08-02T21:06:00+00:00,west,noaa-goes18,DAY,SUMMER,CYEG,1,0.0000,0.0800,1.30
2023-09-08T00:18:00+00:00,west,noaa-goes18,DAY,AUTUMN,CYEG,1,0.0000,0.0000,1.30
2021-03-10T10:09:00+00:00,west,noaa-goes17,NIGHT,SPRING,CYEG,0,1.0000,0.9200,1.30
2025-05-19T14:40:00+00:00,west,noaa-goes18,DAY,SPRING,CYEG,0,1.0000,1.0000,1.30
2023-01-08T19:42:00+00:00,west,noaa-goes18,DAY,WINTER,CYEG,0,0.5556,0.5600,1.30
2020-01-24T10:02:00+00:00,west,noaa-goes17,NIGHT,WINTER,CYEG,0,0.8889,0.7600,1.30
2025-01-29T10:46:00+00:00,west,noaa-goes18,NIGHT,WINTER,CYEG,0,1.0000,1.0000,1.30
2021-06-13T06:55:00+00:00,west,noaa-goes17,NIGHT,SUMMER,CYEG,1,0.5556,0.4800,1.30
2020-07-18T20:18:00+00:00,west,noaa-goes17,DAY,SUMMER,CYEG,0,0.8889,0.6800,1.30
2023-08-16T01:47:00+00:00,west,noaa-goes18,DAY,SUMMER,CYEG,0,1.0000,1.0000,1.30
2020-10-16T17:38:00+00:00,west,noaa-goes17,DAY,AUTUMN,CYEG,0,1.0000,1.0000,1.30
2022-11-11T05:15:00+00:00,west,noaa-goes17,NIGHT,AUTUMN,CYEG,1,0.0000,0.0000,1.30
2024-06-21T02:01:00+00:00,west,noaa-goes18,DAY,SUMMER,CYEG,1,0.0000,0.0000,1.30
2022-05-02T05:24:00+00:00,west,noaa-goes17,NIGHT,SPRING,CYEG,0,1.0000,1.0000,1.30
2021-09-23T03:19:00+00:00,west,noaa-goes17,NIGHT,AUTUMN,CYEG,0,1.0000,1.0000,1.30
2025-07-03T13:47:00+00:00,west,noaa-goes18,DAY,SUMMER,CYEG,0,0.6667,0.6400,1.30
2023-06-24T21:38:00+00:00,west,noaa-goes18,DAY,SUMMER,CYEG,0,1.0000,1.0000,1.30
2021-01-28T11:32:00+00:00,west,noaa-goes17,NIGHT,WINTER,CYEG,0,1.0000,1.0000,1.30
2022-03-29T15:28:00+00:00,west,noaa-goes17,DAY,SPRING,CYEG,1,0.0000,0.0400,1.30
2024-05-08T15:17:00+00:00,west,noaa-goes18,DAY,SPRING,CYEG,0,1.0000,1.0000,1.30
2024-09-28T02:48:00+00:00,west,noaa-goes18,NIGHT,AUTUMN,CYEG,1,0.0000,0.0400,1.30
2024-09-26T11:39:00+00:00,west,noaa-goes18,NIGHT,AUTUMN,CYEG,0,1.0000,1.0000,1.30
2022-02-02T13:40:00+00:00,west,noaa-goes17,NIGHT,WINTER,CYEG,0,0.6667,0.5600,1.30
2025-10-03T10:29:00+00:00,west,noaa-goes18,NIGHT,AUTUMN,CYEG,0,0.7778,0.6800,1.30
2022-07-07T20:43:00+00:00,west,noaa-goes17,DAY,SUMMER,CYEG,0,1.0000,1.0000,1.30
2021-09-27T15:33:00+00:00,west,noaa-goes17,DAY,AUTUMN,CYEG,0,1.0000,1.0000,1.30
2025-11-19T02:18:00+00:00,west,noaa-goes18,NIGHT,AUTUMN,CYEG,0,1.0000,1.0000,1.30
2025-05-10T09:09:00+00:00,west,noaa-goes18,NIGHT,SPRING,CYEG,0,1.0000,1.0000,1.30
2021-06-07T21:57:00+00:00,west,noaa-goes17,DAY,SUMMER,CYEG,0,1.0000,1.0000,1.30
2023-05-15T07:33:00+00:00,west,noaa-goes18,NIGHT,SPRING,CYEG,1,0.0000,0.0000,1.30
2024-10-17T09:36:00+00:00,west,noaa-goes18,NIGHT,AUTUMN,CYEG,0,1.0000,1.0000,1.30
2020-07-14T17:04:00+00:00,west,noaa-goes17,DAY,SUMMER,CYEG,0,1.0000,1.0000,1.30
2020-07-03T16:06:00+00:00,west,noaa-goes17,DAY,SUMMER,CYEG,1,0.0000,0.0000,1.30
2021-04-11T23:42:00+00:00,west,noaa-goes17,DAY,SPRING,CYEG,0,0.3333,0.3200,1.30
2025-03-10T05:50:00+00:00,west,noaa-goes18,NIGHT,SPRING,CYEG,0,1.0000,1.0000,1.30
2022-01-16T12:02:00+00:00,west,noaa-goes17,NIGHT,WINTER,CYEG,0,1.0000,1.0000,1.30
2020-12-07T13:56:00+00:00,west,noaa-goes17,NIGHT,WINTER,CYEG,0,1.0000,1.0000,1.30
2025-02-06T21:28:00+00:00,west,noaa-goes18,DAY,WINTER,CYEG,1,0.0000,0.1200,1.30
2022-12-21T10:58:00+00:00,west,noaa-goes17,NIGHT,WINTER,CYEG,0,0.5556,0.4800,1.30
2022-11-28T21:06:00+00:00,west,noaa-goes17,DAY,AUTUMN,CYEG,0,1.0000,1.0000,1.30
2024-11-11T17:01:00+00:00,west,noaa-goes18,DAY,AUTUMN,CYEG,0,0.8889,0.9600,1.30
2020-01-24T12:07:00+00:00,west,noaa-goes17,NIGHT,WINTER,CYEG,0,1.0000,1.0000,1.30
2020-02-24T05:41:00+00:00,west,noaa-goes17,NIGHT,WINTER,CYEG,0,1.0000,1.0000,1.30
2025-05-08T14:44:00+00:00,west,noaa-goes18,DAY,SPRING,CYEG,0,1.0000,1.0000,1.30
2024-07-17T21:47:00+00:00,west,noaa-goes18,DAY,SUMMER,CYEG,1,0.1111,0.3200,1.30
2024-01-17T22:43:00+00:00,west,noaa-goes18,DAY,WINTER,CYEG,1,0.0000,0.0400,1.30
2022-02-20T03:52:00+00:00,west,noaa-goes17,NIGHT,WINTER,CYEG,0,1.0000,1.0000,1.30
2020-03-06T22:12:00+00:00,west,noaa-goes17,DAY,SPRING,CYEG,0,1.0000,1.0000,1.30
2021-08-17T20:15:00+00:00,west,noaa-goes17,DAY,SUMMER,CYEG,0,1.0000,1.0000,1.30
2024-11-19T20:54:00+00:00,west,noaa-goes18,DAY,AUTUMN,CYEG,0,1.0000,1.0000,1.30
2022-02-20T02:19:00+00:00,west,noaa-goes17,NIGHT,WINTER,CYEG,0,1.0000,1.0000,1.30
2025-03-13T04:30:00+00:00,west,noaa-goes18,NIGHT,SPRING,CYEG,0,1.0000,1.0000,1.30
2024-09-24T00:07:00+00:00,west,noaa-goes18,DAY,AUTUMN,CYEG,0,1.0000,1.0000,1.30
2021-11-11T04:47:00+00:00,west,noaa-goes17,NIGHT,AUTUMN,CYEG,1,0.3333,0.2800,1.30
2020-03-21T14:37:00+00:00,west,noaa-goes17,DAY,SPRING,CYEG,0,1.0000,0.9600,1.30
2022-09-20T06:18:00+00:00,west,noaa-goes17,NIGHT,AUTUMN,CYEG,0,1.0000,1.0000,1.30
2024-05-23T01:21:00+00:00,west,noaa-goes18,DAY,SPRING,CYEG,0,1.0000,1.0000,1.30
2020-02-02T03:40:00+00:00,west,noaa-goes17,NIGHT,WINTER,CYEG,0,1.0000,1.0000,1.30
2025-07-23T23:37:00+00:00,west,noaa-goes18,DAY,SUMMER,CYEG,0,1.0000,1.0000,1.30
2023-04-06T01:31:00+00:00,west,noaa-goes18,DAY,SPRING,CYEG,0,1.0000,1.0000,1.30
2024-06-25T15:32:00+00:00,west,noaa-goes18,DAY,SUMMER,CYEG,0,1.0000,1.0000,1.30
2025-06-21T07:45:00+00:00,west,noaa-goes18,NIGHT,SUMMER,CYEG,0,1.0000,1.0000,1.30
2020-09-05T16:01:00+00:00,west,noaa-goes17,DAY,AUTUMN,CYEG,0,1.0000,1.0000,1.30
2024-09-24T18:20:00+00:00,west,noaa-goes18,DAY,AUTUMN,CYEG,1,0.0000,0.0000,1.30
2020-09-17T08:57:00+00:00,west,noaa-goes17,NIGHT,AUTUMN,CYEG,1,0.8889,0.7600,1.30
2024-09-04T15:07:00+00:00,west,noaa-goes18,DAY,AUTUMN,CYEG,0,1.0000,1.0000,1.30
2025-07-19T19:41:00+00:00,west,noaa-goes18,DAY,SUMMER,CYEG,0,1.0000,1.0000,1.30
2023-03-25T23:12:00+00:00,west,noaa-goes18,DAY,SPRING,CYEG,1,0.6667,0.8000,1.30
2025-04-06T11:28:00+00:00,west,noaa-goes18,NIGHT,SPRING,CYEG,1,0.0000,0.0000,1.30
2022-08-08T16:14:00+00:00,west,noaa-goes17,DAY,SUMMER,CYEG,0,0.8889,0.6800,1.30
2023-10-21T19:54:00+00:00,west,noaa-goes18,DAY,AUTUMN,CYEG,0,1.0000,1.0000,1.30
2025-04-02T04:56:00+00:00,west,noaa-goes18,NIGHT,SPRING,CYEG,0,1.0000,1.0000,1.30
2023-04-16T23:45:00+00:00,west,noaa-goes18,DAY,SPRING,CYEG,1,0.2222,0.3600,1.30
2024-05-17T13:53:00+00:00,west,noaa-goes18,DAY,SPRING,CYEG,0,1.0000,1.0000,1.30
2021-10-25T19:13:00+00:00,west,noaa-goes17,DAY,AUTUMN,CYEG,0,1.0000,1.0000,1.30
2023-03-02T22:47:00+00:00,west,noaa-goes18,DAY,SPRING,CYEG,0,1.0000,1.0000,1.30
2020-12-19T21:30:00+00:00,west,noaa-goes17,DAY,WINTER,CYEG,0,0.1111,0.5200,1.30
2021-10-02T19:31:00+00:00,west,noaa-goes17,DAY,AUTUMN,CYEG,0,1.0000,1.0000,1.30
2023-05-28T07:13:00+00:00,west,noaa-goes18,NIGHT,SPRING,CYEG,1,0.0000,0.0000,1.30
2020-07-11T00:22:00+00:00,west,noaa-goes17,DAY,SUMMER,CYEG,1,0.0000,0.0000,1.30
2022-12-04T11:43:00+00:00,west,noaa-goes17,NIGHT,WINTER,CYEG,1,0.4444,0.5600,1.30
2021-10-11T05:52:00+00:00,west,noaa-goes17,NIGHT,AUTUMN,CYEG,0,0.6667,0.6800,1.30
2025-08-24T01:51:00+00:00,west,noaa-goes18,DAY,SUMMER,CYEG,1,0.0000,0.0000,1.30
2020-09-17T10:27:00+00:00,west,noaa-goes17,NIGHT,AUTUMN,CYEG,1,0.1111,0.3200,1.30
2021-04-11T19:14:00+00:00,west,noaa-goes17,DAY,SPRING,CYEG,0,1.0000,1.0000,1.30
2021-05-09T17:14:00+00:00,west,noaa-goes17,DAY,SPRING,CYEG,1,0.3333,0.3600,1.30
2025-06-15T08:21:00+00:00,west,noaa-goes18,NIGHT,SUMMER,CYEG,1,0.0000,0.0000,1.30
2023-12-26T01:49:00+00:00,west,noaa-goes18,NIGHT,WINTER,CYEG,1,0.0000,0.0000,1.30
2022-12-31T04:54:00+00:00,west,noaa-goes17,NIGHT,WINTER,CYEG,1,0.3333,0.3600,1.30
2025-10-12T19:42:00+00:00,west,noaa-goes18,DAY,AUTUMN,CYEG,0,1.0000,1.0000,1.30
2021-03-02T22:03:00+00:00,west,noaa-goes17,DAY,SPRING,CYEG,0,1.0000,1.0000,1.30
2021-03-30T03:50:00+00:00,west,noaa-goes17,NIGHT,SPRING,CYEG,1,0.0000,0.0000,1.30
2021-02-21T17:02:00+00:00,west,noaa-goes17,DAY,WINTER,CYEG,0,1.0000,1.0000,1.30
2024-01-21T05:46:00+00:00,west,noaa-goes18,NIGHT,WINTER,CYEG,0,1.0000,0.8000,1.30
2023-04-11T22:28:00+00:00,west,noaa-goes18,DAY,SPRING,CYEG,0,1.0000,1.0000,1.30
2025-09-03T15:46:00+00:00,west,noaa-goes18,DAY,AUTUMN,CYEG,0,1.0000,1.0000,1.30
2021-02-10T04:41:00+00:00,west,noaa-goes17,NIGHT,WINTER,CYEG,1,0.0000,0.0000,1.30
2024-01-29T10:52:00+00:00,west,noaa-goes18,NIGHT,WINTER,CYEG,1,0.0000,0.0000,1.30
2022-04-06T14:26:00+00:00,west,noaa-goes17,DAY,SPRING,CYEG,1,0.0000,0.0400,1.30
2020-01-27T07:53:00+00:00,west,noaa-goes17,NIGHT,WINTER,CYEG,1,0.0000,0.0000,1.30
2025-04-24T10:18:00+00:00,west,noaa-goes18,NIGHT,SPRING,CYEG,1,0.3333,0.4400,1.30
2025-08-30T05:05:00+00:00,west,noaa-goes18,NIGHT,SUMMER,CYEG,1,0.3333,0.2000,1.30
2022-12-25T11:45:00+00:00,west,noaa-goes17,NIGHT,WINTER,CYEG,1,0.0000,0.0000,1.30
2022-10-02T04:48:00+00:00,west,noaa-goes17,NIGHT,AUTUMN,CYEG,0,1.0000,1.0000,1.30
2025-12-09T13:50:00+00:00,west,noaa-goes18,NIGHT,WINTER,CYEG,0,1.0000,0.9600,1.30
2024-08-03T14:54:00+00:00,west,noaa-goes18,DAY,SUMMER,CYEG,1,0.0000,0.0000,1.30
2025-10-15T21:23:00+00:00,west,noaa-goes18,DAY,AUTUMN,CYEG,0,1.0000,1.0000,1.30
2020-05-01T14:09:00+00:00,west,noaa-goes17,DAY,SPRING,CYEG,0,0.6667,0.4400,1.30
2020-02-10T22:51:00+00:00,west,noaa-goes17,DAY,WINTER,CYEG,0,1.0000,1.0000,1.30
2025-10-20T02:05:00+00:00,west,noaa-goes18,NIGHT,AUTUMN,CYEG,0,1.0000,0.9200,1.30
2023-10-17T10:25:00+00:00,west,noaa-goes18,NIGHT,AUTUMN,CYEG,0,1.0000,1.0000,1.30
2021-11-04T13:03:00+00:00,west,noaa-goes17,NIGHT,AUTUMN,CYEG,0,1.0000,1.0000,1.30
2024-05-29T01:42:00+00:00,west,noaa-goes18,DAY,SPRING,CYEG,0,1.0000,1.0000,1.30
2021-09-10T18:03:00+00:00,west,noaa-goes17,DAY,AUTUMN,CYEG,0,1.0000,0.9200,1.30
2025-10-30T09:26:00+00:00,west,noaa-goes18,NIGHT,AUTUMN,CYEG,1,0.3333,0.3600,1.30
2024-07-04T21:44:00+00:00,west,noaa-goes18,DAY,SUMMER,CYEG,0,0.6667,0.3600,1.30
2023-05-31T23:47:00+00:00,west,noaa-goes18,DAY,SPRING,CYEG,0,1.0000,1.0000,1.30
2023-02-19T16:39:00+00:00,west,noaa-goes18,DAY,WINTER,CYEG,0,1.0000,1.0000,1.30
2021-08-24T22:25:00+00:00,west,noaa-goes17,DAY,SUMMER,CYEG,0,0.8889,0.9200,1.30
2025-01-01T20:13:00+00:00,west,noaa-goes18,DAY,WINTER,CYEG,0,1.0000,1.0000,1.30
2024-07-14T06:56:00+00:00,west,noaa-goes18,NIGHT,SUMMER,CYEG,0,1.0000,1.0000,1.30
2023-05-20T02:02:00+00:00,west,noaa-goes18,DAY,SPRING,CYEG,0,1.0000,1.0000,1.30
2021-05-31T16:34:00+00:00,west,noaa-goes17,DAY,SPRING,CYEG,0,0.7778,0.6800,1.30
2023-03-08T06:05:00+00:00,west,noaa-goes18,NIGHT,SPRING,CYEG,1,0.0000,0.0000,1.30
2025-09-26T17:19:00+00:00,west,noaa-goes18,DAY,AUTUMN,CYEG,1,0.0000,0.0000,1.30
2025-11-05T10:48:00+00:00,west,noaa-goes18,NIGHT,AUTUMN,CYEG,0,1.0000,1.0000,1.30
2022-11-25T07:53:00+00:00,west,noaa-goes17,NIGHT,AUTUMN,CYEG,1,0.0000,0.0000,1.30
2023-05-29T23:27:00+00:00,west,noaa-goes18,DAY,SPRING,CYEG,1,0.0000,0.0000,1.30
2020-09-02T11:16:00+00:00,west,noaa-goes17,NIGHT,AUTUMN,CYEG,0,1.0000,1.0000,1.30
2025-09-09T11:07:00+00:00,west,noaa-goes18,NIGHT,AUTUMN,CYEG,1,0.3333,0.2400,1.30
2020-07-14T20:07:00+00:00,west,noaa-goes17,DAY,SUMMER,CYEG,1,0.3333,0.4800,1.30
2025-01-12T09:36:00+00:00,west,noaa-goes18,NIGHT,WINTER,CYEG,0,1.0000,1.0000,1.30
2022-08-25T23:37:00+00:00,west,noaa-goes17,DAY,SUMMER,CYEG,1,0.0000,0.0000,1.30
2025-12-24T19:14:00+00:00,west,noaa-goes18,DAY,WINTER,CYEG,0,1.0000,1.0000,1.30
2023-12-05T09:18:00+00:00,west,noaa-goes18,NIGHT,WINTER,CYEG,0,1.0000,1.0000,1.30
2021-07-27T22:24:00+00:00,west,noaa-goes17,DAY,SUMMER,CYEG,1,0.0000,0.1200,1.30
2025-10-29T23:15:00+00:00,west,noaa-goes18,DAY,AUTUMN,CYEG,0,1.0000,1.0000,1.30
2021-03-07T10:33:00+00:00,west,noaa-goes17,NIGHT,SPRING,CYEG,1,0.0000,0.0000,1.30
2021-02-05T04:45:00+00:00,west,noaa-goes17,NIGHT,WINTER,CYEG,0,1.0000,0.9600,1.30
2021-01-12T01:27:00+00:00,west,noaa-goes17,NIGHT,WINTER,CYEG,0,1.0000,1.0000,1.30
2021-06-16T15:13:00+00:00,west,noaa-goes17,DAY,SUMMER,CYEG,1,0.2222,0.1600,1.30
2025-01-01T02:23:00+00:00,west,noaa-goes18,NIGHT,WINTER,CYEG,0,1.0000,1.0000,1.30
2025-11-25T12:37:00+00:00,west,noaa-goes18,NIGHT,AUTUMN,CYEG,1,0.0000,0.0000,1.30
2025-10-26T12:55:00+00:00,west,noaa-goes18,NIGHT,AUTUMN,CYEG,0,1.0000,1.0000,1.30
2022-12-16T18:31:00+00:00,west,noaa-goes17,DAY,WINTER,CYEG,0,1.0000,1.0000,1.30
2024-09-30T14:44:00+00:00,west,noaa-goes18,DAY,AUTUMN,CYEG,1,0.0000,0.0000,1.30
2025-06-28T23:26:00+00:00,west,noaa-goes18,DAY,SUMMER,CYEG,1,0.5556,0.8000,1.30
2021-10-29T04:32:00+00:00,west,noaa-goes17,NIGHT,AUTUMN,CYEG,0,1.0000,1.0000,1.30
2021-06-04T15:45:00+00:00,west,noaa-goes17,DAY,SUMMER,CYEG,1,0.3333,0.4000,1.30
2025-02-17T04:45:00+00:00,west,noaa-goes18,NIGHT,WINTER,CYEG,1,0.0000,0.0000,1.30
2025-10-03T16:07:00+00:00,west,noaa-goes18,DAY,AUTUMN,CYEG,1,0.0000,0.0800,1.30
2022-05-20T14:30:00+00:00,west,noaa-goes17,DAY,SPRING,CYEG,1,0.0000,0.0000,1.30
2020-05-13T23:10:00+00:00,west,noaa-goes17,DAY,SPRING,CYEG,1,0.0000,0.0000,1.30
2024-02-21T03:38:00+00:00,west,noaa-goes18,NIGHT,WINTER,CYEG,0,1.0000,1.0000,1.30
2024-02-22T18:18:00+00:00,west,noaa-goes18,DAY,WINTER,CYEG,1,0.0000,0.0000,1.30
2020-06-13T16:09:00+00:00,west,noaa-goes17,DAY,SUMMER,CYEG,0,1.0000,1.0000,1.30
2024-03-13T09:18:00+00:00,west,noaa-goes18,NIGHT,SPRING,CYEG,1,0.0000,0.0400,1.30
2025-06-13T00:50:00+00:00,west,noaa-goes18,DAY,SUMMER,CYEG,0,1.0000,1.0000,1.30
2020-01-09T03:35:00+00:00,west,noaa-goes17,NIGHT,WINTER,CYEG,1,0.0000,0.0000,1.30
2023-11-29T02:55:00+00:00,west,noaa-goes18,NIGHT,AUTUMN,CYEG,0,1.0000,0.9600,1.30
2020-07-02T13:30:00+00:00,west,noaa-goes17,DAY,SUMMER,CYEG,0,1.0000,1.0000,1.30
2023-06-22T18:28:00+00:00,west,noaa-goes18,DAY,SUMMER,CYEG,1,0.4444,0.4400,1.30
2023-10-15T12:30:00+00:00,west,noaa-goes18,NIGHT,AUTUMN,CYEG,0,1.0000,1.0000,1.30
2025-01-13T04:55:00+00:00,west,noaa-goes18,NIGHT,WINTER,CYEG,1,0.1111,0.5200,1.30
2020-07-06T21:56:00+00:00,west,noaa-goes17,DAY,SUMMER,CYEG,0,1.0000,0.9600,1.30
2020-12-28T05:45:00+00:00,west,noaa-goes17,NIGHT,WINTER,CYEG,0,1.0000,0.9200,1.30
2020-04-11T18:40:00+00:00,west,noaa-goes17,DAY,SPRING,CYEG,0,1.0000,0.8400,1.30
2023-06-19T17:41:00+00:00,west,noaa-goes18,DAY,SUMMER,CYEG,0,1.0000,1.0000,1.30
2021-05-22T20:35:00+00:00,west,noaa-goes17,DAY,SPRING,CYEG,1,0.0000,0.0000,1.30
2020-12-14T06:39:00+00:00,west,noaa-goes17,NIGHT,WINTER,CYEG,1,0.0000,0.0000,1.30
2020-08-04T18:33:00+00:00,west,noaa-goes17,DAY,SUMMER,CYEG,1,0.0000,0.0000,1.30
2020-03-17T03:42:00+00:00,west,noaa-goes17,NIGHT,SPRING,CYEG,0,1.0000,1.0000,1.30
2025-12-18T05:01:00+00:00,west,noaa-goes18,NIGHT,WINTER,CYEG,1,0.4444,0.4000,1.30
2023-01-31T06:15:00+00:00,west,noaa-goes18,NIGHT,WINTER,CYEG,0,1.0000,1.0000,1.30
2024-12-24T02:51:00+00:00,west,noaa-goes18,NIGHT,WINTER,CYEG,1,0.0000,0.0000,1.30
2025-12-25T19:20:00+00:00,west,noaa-goes18,DAY,WINTER,CYEG,1,0.0000,0.0000,1.30
2024-07-03T18:02:00+00:00,west,noaa-goes18,DAY,SUMMER,CYEG,0,1.0000,0.9600,1.30
2025-07-06T00:21:00+00:00,west,noaa-goes18,DAY,SUMMER,CYEG,0,1.0000,1.0000,1.30
2024-11-25T05:26:00+00:00,west,noaa-goes18,NIGHT,AUTUMN,CYEG,0,1.0000,1.0000,1.30
2020-04-08T16:20:00+00:00,west,noaa-goes17,DAY,SPRING,CYEG,1,0.5556,0.4000,1.30
2024-04-13T08:05:00+00:00,west,noaa-goes18,NIGHT,SPRING,CYEG,0,1.0000,1.0000,1.30
2021-11-19T09:09:00+00:00,west,noaa-goes17,NIGHT,AUTUMN,CYEG,1,0.0000,0.0000,1.30
2022-01-18T08:49:00+00:00,west,noaa-goes17,NIGHT,WINTER,CYEG,0,1.0000,0.9600,1.30
2021-01-02T04:19:00+00:00,west,noaa-goes17,NIGHT,WINTER,CYEG,0,1.0000,1.0000,1.30
2024-07-26T21:10:00+00:00,west,noaa-goes18,DAY,SUMMER,CYEG,0,1.0000,1.0000,1.30
2020-08-29T19:20:00+00:00,west,noaa-goes17,DAY,SUMMER,CYEG,0,1.0000,1.0000,1.30
2024-08-17T10:16:00+00:00,west,noaa-goes18,NIGHT,SUMMER,CYEG,0,1.0000,1.0000,1.30
2024-03-18T03:03:00+00:00,west,noaa-goes18,NIGHT,SPRING,CYEG,1,0.0000,0.0000,1.30
2022-08-26T15:32:00+00:00,west,noaa-goes17,DAY,SUMMER,CYEG,1,0.0000,0.0000,1.30
2023-01-08T01:20:00+00:00,west,noaa-goes18,NIGHT,WINTER,CYEG,0,1.0000,1.0000,1.30
2025-03-18T17:26:00+00:00,west,noaa-goes18,DAY,SPRING,CYEG,1,0.0000,0.0000,1.30
2020-09-25T15:01:00+00:00,west,noaa-goes17,DAY,AUTUMN,CYEG,1,0.0000,0.0000,1.30
2024-07-27T20:14:00+00:00,west,noaa-goes18,DAY,SUMMER,CYEG,0,1.0000,1.0000,1.30
2020-03-17T08:35:00+00:00,west,noaa-goes17,NIGHT,SPRING,CYEG,0,1.0000,1.0000,1.30
2024-07-24T14:05:00+00:00,west,noaa-goes18,DAY,SUMMER,CYEG,0,1.0000,1.0000,1.30
2025-08-11T06:50:00+00:00,west,noaa-goes18,NIGHT,SUMMER,CYEG,0,1.0000,0.7600,1.30
2021-11-19T07:34:00+00:00,west,noaa-goes17,NIGHT,AUTUMN,CYEG,1,0.0000,0.0000,1.30
2024-10-01T17:28:00+00:00,west,noaa-goes18,DAY,AUTUMN,CYEG,0,1.0000,1.0000,1.30
2020-06-20T00:52:00+00:00,west,noaa-goes17,DAY,SUMMER,CYEG,1,0.2222,0.3200,1.30
2025-03-18T19:18:00+00:00,west,noaa-goes18,DAY,SPRING,CYEG,1,0.0000,0.0000,1.30
2025-05-29T08:38:00+00:00,west,noaa-goes18,NIGHT,SPRING,CYEG,1,0.0000,0.0000,1.30
2022-10-24T21:24:00+00:00,west,noaa-goes17,DAY,AUTUMN,CYEG,0,1.0000,1.0000,1.30
2023-12-10T20:13:00+00:00,west,noaa-goes18,DAY,WINTER,CYEG,0,0.6667,0.5600,1.30
2025-09-21T09:02:00+00:00,west,noaa-goes18,NIGHT,AUTUMN,CYEG,1,0.1111,0.1200,1.30
2020-10-13T09:05:00+00:00,west,noaa-goes17,NIGHT,AUTUMN,CYEG,1,0.0000,0.0000,1.30
2024-06-07T22:07:00+00:00,west,noaa-goes18,DAY,SUMMER,CYEG,0,0.7778,0.8000,1.30
2021-07-26T23:35:00+00:00,west,noaa-goes17,DAY,SUMMER,CYEG,1,0.0000,0.0400,1.30
2023-02-18T13:13:00+00:00,west,noaa-goes18,NIGHT,WINTER,CYEG,0,1.0000,1.0000,1.30
2025-08-29T10:56:00+00:00,west,noaa-goes18,NIGHT,SUMMER,CYEG,1,0.2222,0.1200,1.30
2023-11-04T20:16:00+00:00,west,noaa-goes18,DAY,AUTUMN,CYEG,0,1.0000,1.0000,1.30
2025-01-28T08:15:00+00:00,west,noaa-goes18,NIGHT,WINTER,CYEG,0,1.0000,1.0000,1.30
2023-08-10T10:13:00+00:00,west,noaa-goes18,NIGHT,SUMMER,CYEG,1,0.0000,0.0800,1.30
2025-02-26T19:21:00+00:00,west,noaa-goes18,DAY,WINTER,CYEG,0,1.0000,1.0000,1.30
2020-03-06T22:08:00+00:00,west,noaa-goes17,DAY,SPRING,CYEG,0,1.0000,1.0000,1.30
2020-01-09T19:30:00+00:00,west,noaa-goes17,DAY,WINTER,CYEG,0,1.0000,1.0000,1.30
2021-12-11T13:35:00+00:00,west,noaa-goes17,NIGHT,WINTER,CYEG,1,0.0000,0.0400,1.30
2025-06-25T12:34:00+00:00,west,noaa-goes18,DAY,SUMMER,CYEG,0,1.0000,1.0000,1.30
2020-11-28T20:41:00+00:00,west,noaa-goes17,DAY,AUTUMN,CYEG,1,0.0000,0.0800,1.30
2020-11-13T17:01:00+00:00,west,noaa-goes17,DAY,AUTUMN,CYEG,0,1.0000,1.0000,1.30
2024-12-28T21:07:00+00:00,west,noaa-goes18,DAY,WINTER,CYEG,1,0.0000,0.0000,1.30
2024-01-06T12:11:00+00:00,west,noaa-goes18,NIGHT,WINTER,CYEG,0,1.0000,1.0000,1.30
2020-02-04T03:29:00+00:00,west,noaa-goes17,NIGHT,WINTER,CYEG,0,1.0000,0.6400,1.30
2024-02-26T06:28:00+00:00,west,noaa-goes18,NIGHT,WINTER,CYEG,0,1.0000,1.0000,1.30
2020-02-08T07:47:00+00:00,west,noaa-goes17,NIGHT,WINTER,CYEG,0,1.0000,0.9600,1.30
2020-03-22T08:43:00+00:00,west,noaa-goes17,NIGHT,SPRING,CYEG,1,0.0000,0.0000,1.30
2024-01-05T06:05:00+00:00,west,noaa-goes18,NIGHT,WINTER,CYEG,0,1.0000,1.0000,1.30
2023-05-26T22:14:00+00:00,west,noaa-goes18,DAY,SPRING,CYEG,1,0.0000,0.0000,1.30
2022-08-17T15:23:00+00:00,west,noaa-goes17,DAY,SUMMER,CYEG,1,0.0000,0.0000,1.30
2020-05-30T08:31:00+00:00,west,noaa-goes17,NIGHT,SPRING,CYEG,0,1.0000,1.0000,1.30
2022-05-06T00:12:00+00:00,west,noaa-goes17,DAY,SPRING,CYEG,0,1.0000,1.0000,1.30
2023-02-10T18:32:00+00:00,west,noaa-goes18,DAY,WINTER,CYEG,1,0.0000,0.0000,1.30
2022-03-04T21:47:00+00:00,west,noaa-goes17,DAY,SPRING,CYEG,0,1.0000,1.0000,1.30
2021-12-19T02:37:00+00:00,west,noaa-goes17,NIGHT,WINTER,CYEG,0,1.0000,1.0000,1.30
2021-06-09T23:04:00+00:00,west,noaa-goes17,DAY,SUMMER,CYEG,0,1.0000,1.0000,1.30
2022-07-22T16:46:00+00:00,west,noaa-goes17,DAY,SUMMER,CYEG,0,1.0000,1.0000,1.30
2023-01-28T06:54:00+00:00,west,noaa-goes18,NIGHT,WINTER,CYEG,1,0.1111,0.4400,1.30
2020-04-04T22:43:00+00:00,west,noaa-goes17,DAY,SPRING,CYEG,1,0.1111,0.2400,1.30
2025-12-22T19:16:00+00:00,west,noaa-goes18,DAY,WINTER,CYEG,1,0.0000,0.0400,1.30
2024-07-24T08:07:00+00:00,west,noaa-goes18,NIGHT,SUMMER,CYEG,0,0.7778,0.8000,1.30
2024-01-20T16:48:00+00:00,west,noaa-goes18,DAY,WINTER,CYEG,0,1.0000,1.0000,1.30
2020-06-27T23:14:00+00:00,west,noaa-goes17,DAY,SUMMER,CYEG,0,1.0000,1.0000,1.30
2020-07-11T08:58:00+00:00,west,noaa-goes17,NIGHT,SUMMER,CYEG,0,0.8889,0.7200,1.30
2024-09-16T17:28:00+00:00,west,noaa-goes18,DAY,AUTUMN,CYEG,1,0.0000,0.0000,1.30
2023-07-19T00:25:00+00:00,west,noaa-goes18,DAY,SUMMER,CYEG,1,0.0000,0.0000,1.30
2022-03-08T10:05:00+00:00,west,noaa-goes17,NIGHT,SPRING,CYEG,0,0.8889,0.8000,1.30
2020-04-13T23:14:00+00:00,west,noaa-goes17,DAY,SPRING,CYEG,0,1.0000,1.0000,1.30
2024-10-01T02:58:00+00:00,west,noaa-goes18,NIGHT,AUTUMN,CYEG,0,1.0000,1.0000,1.30
2023-09-10T09:04:00+00:00,west,noaa-goes18,NIGHT,AUTUMN,CYEG,1,0.0000,0.0000,1.30
2023-10-01T08:15:00+00:00,west,noaa-goes18,NIGHT,AUTUMN,CYEG,1,0.0000,0.0000,1.30
2021-03-17T15:15:00+00:00,west,noaa-goes17,DAY,SPRING,CYEG,0,1.0000,0.9200,1.30
2023-10-27T01:52:00+00:00,west,noaa-goes18,NIGHT,AUTUMN,CYEG,0,1.0000,1.0000,1.30
2023-09-28T16:50:00+00:00,west,noaa-goes18,DAY,AUTUMN,CYEG,1,0.0000,0.0400,1.30
2024-12-01T03:40:00+00:00,west,noaa-goes18,NIGHT,WINTER,CYEG,0,1.0000,1.0000,1.30
2025-01-02T18:07:00+00:00,west,noaa-goes18,DAY,WINTER,CYEG,0,1.0000,0.9600,1.30
2020-12-16T01:58:00+00:00,west,noaa-goes17,NIGHT,WINTER,CYEG,0,1.0000,1.0000,1.30
2020-09-23T04:03:00+00:00,west,noaa-goes17,NIGHT,AUTUMN,CYEG,1,0.0000,0.0000,1.30
2024-12-15T01:19:00+00:00,west,noaa-goes18,NIGHT,WINTER,CYEG,0,1.0000,1.0000,1.30
2024-11-03T02:06:00+00:00,west,noaa-goes18,NIGHT,AUTUMN,CYEG,0,1.0000,1.0000,1.30
2020-08-16T17:03:00+00:00,west,noaa-goes17,DAY,SUMMER,CYEG,1,0.0000,0.0000,1.30
2021-01-27T19:48:00+00:00,west,noaa-goes17,DAY,WINTER,CYEG,0,1.0000,1.0000,1.30
2024-08-10T07:55:00+00:00,west,noaa-goes18,NIGHT,SUMMER,CYEG,1,0.0000,0.0000,1.30
2020-04-16T14:33:00+00:00,west,noaa-goes17,DAY,SPRING,CYEG,0,1.0000,1.0000,1.30
2023-09-06T18:12:00+00:00,west,noaa-goes18,DAY,AUTUMN,CYEG,0,1.0000,0.9600,1.30
2021-03-18T03:00:00+00:00,west,noaa-goes17,NIGHT,SPRING,CYEG,0,0.5556,0.4800,1.30
2020-10-03T18:50:00+00:00,west,noaa-goes17,DAY,AUTUMN,CYEG,1,0.0000,0.0000,1.30
2022-03-04T18:08:00+00:00,west,noaa-goes17,DAY,SPRING,CYEG,0,1.0000,1.0000,1.30
2025-09-15T08:22:00+00:00,west,noaa-goes18,NIGHT,AUTUMN,CYEG,0,1.0000,0.9600,1.30
2024-09-20T15:46:00+00:00,west,noaa-goes18,DAY,AUTUMN,CYEG,0,1.0000,1.0000,1.30
2024-12-26T05:15:00+00:00,west,noaa-goes18,NIGHT,WINTER,CYEG,0,1.0000,1.0000,1.30
2021-07-17T01:03:00+00:00,west,noaa-goes17,DAY,SUMMER,CYEG,0,1.0000,0.8800,1.30
2024-11-20T16:41:00+00:00,west,noaa-goes18,DAY,AUTUMN,CYEG,0,1.0000,1.0000,1.30
2024-01-05T09:37:00+00:00,west,noaa-goes18,NIGHT,WINTER,CYEG,0,1.0000,1.0000,1.30
2021-08-19T04:30:00+00:00,west,noaa-goes17,NIGHT,SUMMER,CYEG,0,1.0000,1.0000,1.30
2023-06-18T19:21:00+00:00,west,noaa-goes18,DAY,SUMMER,CYEG,0,1.0000,1.0000,1.30
2023-04-07T11:00:00+00:00,west,noaa-goes18,NIGHT,SPRING,CYEG,1,0.0000,0.0000,1.30
2025-10-21T18:42:00+00:00,west,noaa-goes18,DAY,AUTUMN,CYEG,1,0.0000,0.0000,1.30
2021-08-15T01:15:00+00:00,west,noaa-goes17,DAY,SUMMER,CYEG,0,1.0000,1.0000,1.30
2025-09-08T17:54:00+00:00,west,noaa-goes18,DAY,AUTUMN,CYEG,1,0.0000,0.0000,1.30
2020-08-11T13:22:00+00:00,west,noaa-goes17,DAY,SUMMER,CYEG,0,0.7778,0.7600,1.30
2022-03-11T06:40:00+00:00,west,noaa-goes17,NIGHT,SPRING,CYEG,1,0.4444,0.4000,1.30
2022-02-14T21:30:00+00:00,west,noaa-goes17,DAY,WINTER,CYEG,0,1.0000,1.0000,1.30
2025-03-29T19:44:00+00:00,west,noaa-goes18,DAY,SPRING,CYEG,0,1.0000,1.0000,1.30
2023-09-18T18:36:00+00:00,west,noaa-goes18,DAY,AUTUMN,CYEG,0,1.0000,1.0000,1.30
2023-10-06T19:19:00+00:00,west,noaa-goes18,DAY,AUTUMN,CYEG,1,0.0000,0.0000,1.30
2024-09-10T10:10:00+00:00,west,noaa-goes18,NIGHT,AUTUMN,CYEG,1,0.0000,0.0000,1.30
2020-06-21T15:14:00+00:00,west,noaa-goes17,DAY,SUMMER,CYEG,0,1.0000,1.0000,1.30
2020-01-16T20:14:00+00:00,west,noaa-goes17,DAY,WINTER,CYEG,0,1.0000,1.0000,1.30
2022-08-01T14:39:00+00:00,west,noaa-goes17,DAY,SUMMER,CYEG,0,1.0000,0.9200,1.30
2022-05-23T07:30:00+00:00,west,noaa-goes17,NIGHT,SPRING,CYEG,1,0.0000,0.1200,1.30
2023-09-19T23:24:00+00:00,west,noaa-goes18,DAY,AUTUMN,CYEG,0,1.0000,1.0000,1.30
2020-01-28T11:00:00+00:00,west,noaa-goes17,NIGHT,WINTER,CYEG,0,1.0000,0.9600,1.30
2021-04-16T04:18:00+00:00,west,noaa-goes17,NIGHT,SPRING,CYEG,1,0.0000,0.0000,1.30
2024-12-08T06:40:00+00:00,west,noaa-goes18,NIGHT,WINTER,CYEG,0,1.0000,1.0000,1.30
2022-03-26T06:18:00+00:00,west,noaa-goes17,NIGHT,SPRING,CYEG,0,1.0000,1.0000,1.30
2021-12-14T07:56:00+00:00,west,noaa-goes17,NIGHT,WINTER,CYEG,0,1.0000,1.0000,1.30
2023-10-23T17:15:00+00:00,west,noaa-goes18,DAY,AUTUMN,CYEG,0,1.0000,1.0000,1.30
2022-01-01T06:01:00+00:00,west,noaa-goes17,NIGHT,WINTER,CYEG,1,0.0000,0.0000,1.30
2021-12-22T08:58:00+00:00,west,noaa-goes17,NIGHT,WINTER,CYEG,0,1.0000,1.0000,1.30
2021-07-16T12:41:00+00:00,west,noaa-goes17,DAY,SUMMER,CYEG,0,1.0000,1.0000,1.30
2021-03-30T10:59:00+00:00,west,noaa-goes17,NIGHT,SPRING,CYEG,0,0.3333,0.2400,1.30
2024-03-05T21:10:00+00:00,west,noaa-goes18,DAY,SPRING,CYEG,0,0.8889,0.9600,1.30
2025-11-28T19:56:00+00:00,west,noaa-goes18,DAY,AUTUMN,CYEG,1,0.3333,0.4400,1.30
2024-11-11T22:04:00+00:00,west,noaa-goes18,DAY,AUTUMN,CYEG,0,1.0000,1.0000,1.30
2021-04-30T04:56:00+00:00,west,noaa-goes17,NIGHT,SPRING,CYEG,1,0.3333,0.4800,1.30
2025-12-21T12:44:00+00:00,west,noaa-goes18,NIGHT,WINTER,CYEG,0,1.0000,1.0000,1.30
2024-03-12T10:38:00+00:00,west,noaa-goes18,NIGHT,SPRING,CYEG,0,1.0000,1.0000,1.30
2024-10-25T20:15:00+00:00,west,noaa-goes18,DAY,AUTUMN,CYEG,1,0.0000,0.0000,1.30
2020-07-08T19:37:00+00:00,west,noaa-goes17,DAY,SUMMER,CYEG,0,1.0000,1.0000,1.30
2022-02-13T17:18:00+00:00,west,noaa-goes17,DAY,WINTER,CYEG,1,0.0000,0.0000,1.30
2020-08-06T20:50:00+00:00,west,noaa-goes17,DAY,SUMMER,CYEG,0,1.0000,1.0000,1.30
2023-02-21T04:54:00+00:00,west,noaa-goes18,NIGHT,WINTER,CYEG,0,1.0000,1.0000,1.30
2025-09-12T18:56:00+00:00,west,noaa-goes18,DAY,AUTUMN,CYEG,0,1.0000,0.9200,1.30
2025-06-25T06:46:00+00:00,west,noaa-goes18,NIGHT,SUMMER,CYEG,0,1.0000,1.0000,1.30
2020-09-22T05:32:00+00:00,west,noaa-goes17,NIGHT,AUTUMN,CYEG,0,1.0000,1.0000,1.30
2024-05-08T20:48:00+00:00,west,noaa-goes18,DAY,SPRING,CYEG,0,1.0000,1.0000,1.30
2025-09-16T11:31:00+00:00,west,noaa-goes18,NIGHT,AUTUMN,CYEG,1,0.0000,0.0800,1.30
2023-08-11T22:23:00+00:00,west,noaa-goes18,DAY,SUMMER,CYEG,0,1.0000,1.0000,1.30
2025-07-19T15:17:00+00:00,west,noaa-goes18,DAY,SUMMER,CYEG,0,1.0000,1.0000,1.30
2024-06-30T20:58:00+00:00,west,noaa-goes18,DAY,SUMMER,CYEG,0,1.0000,1.0000,1.30
2020-05-29T06:14:00+00:00,west,noaa-goes17,NIGHT,SPRING,CYEG,0,1.0000,1.0000,1.30
2022-04-11T14:55:00+00:00,west,noaa-goes17,DAY,SPRING,CYEG,0,1.0000,1.0000,1.30
2023-06-07T13:56:00+00:00,west,noaa-goes18,DAY,SUMMER,CYEG,1,0.0000,0.0000,1.30
2024-03-24T18:10:00+00:00,west,noaa-goes18,DAY,SPRING,CYEG,1,0.0000,0.0000,1.30
2024-03-12T08:35:00+00:00,west,noaa-goes18,NIGHT,SPRING,CYEG,0,1.0000,1.0000,1.30
2020-12-13T04:48:00+00:00,west,noaa-goes17,NIGHT,WINTER,CYEG,0,0.4444,0.2000,1.30
2020-12-10T09:28:00+00:00,west,noaa-goes17,NIGHT,WINTER,CYEG,0,1.0000,0.9600,1.30
2025-10-26T11:14:00+00:00,west,noaa-goes18,NIGHT,AUTUMN,CYEG,0,1.0000,1.0000,1.30
2020-06-17T14:32:00+00:00,west,noaa-goes17,DAY,SUMMER,CYEG,0,1.0000,1.0000,1.30
2023-01-23T12:01:00+00:00,west,noaa-goes18,NIGHT,WINTER,CYEG,0,1.0000,1.0000,1.30
2022-01-05T14:14:00+00:00,west,noaa-goes17,NIGHT,WINTER,CYEG,0,0.3333,0.6000,1.30
2022-12-23T20:04:00+00:00,west,noaa-goes17,DAY,WINTER,CYEG,0,1.0000,1.0000,1.30
2024-01-10T02:18:00+00:00,west,noaa-goes18,NIGHT,WINTER,CYEG,0,1.0000,1.0000,1.30
2025-08-17T16:34:00+00:00,west,noaa-goes18,DAY,SUMMER,CYEG,1,0.0000,0.0000,1.30
2020-11-16T08:59:00+00:00,west,noaa-goes17,NIGHT,AUTUMN,CYEG,0,1.0000,1.0000,1.30
2022-03-31T10:12:00+00:00,west,noaa-goes17,NIGHT,SPRING,CYEG,0,1.0000,1.0000,1.30
2023-09-10T08:19:00+00:00,west,noaa-goes18,NIGHT,AUTUMN,CYEG,1,0.0000,0.0000,1.30
2023-01-29T06:45:00+00:00,west,noaa-goes18,NIGHT,WINTER,CYEG,0,1.0000,1.0000,1.30
2021-07-18T22:47:00+00:00,west,noaa-goes17,DAY,SUMMER,CYEG,0,1.0000,1.0000,1.30
2022-12-05T00:49:00+00:00,west,noaa-goes17,NIGHT,WINTER,CYEG,0,1.0000,1.0000,1.30
2023-05-11T09:52:00+00:00,west,noaa-goes18,NIGHT,SPRING,CYEG,0,1.0000,1.0000,1.30
2023-11-20T12:25:00+00:00,west,noaa-goes18,NIGHT,AUTUMN,CYEG,1,0.2222,0.3200,1.30
2020-02-18T15:41:00+00:00,west,noaa-goes17,DAY,WINTER,CYEG,0,1.0000,1.0000,1.30
2025-09-30T04:55:00+00:00,west,noaa-goes18,NIGHT,AUTUMN,CYEG,0,1.0000,1.0000,1.30
2024-06-16T07:14:00+00:00,west,noaa-goes18,NIGHT,SUMMER,CYEG,0,1.0000,1.0000,1.30
2022-05-09T15:14:00+00:00,west,noaa-goes17,DAY,SPRING,CYEG,1,0.4444,0.6800,1.30
2025-10-13T18:50:00+00:00,west,noaa-goes18,DAY,AUTUMN,CYEG,0,0.7778,0.8400,1.30
2025-04-03T23:52:00+00:00,west,noaa-goes18,DAY,SPRING,CYEG,1,0.0000,0.0400,1.30
2025-03-04T10:50:00+00:00,west,noaa-goes18,NIGHT,SPRING,CYEG,1,0.0000,0.0000,1.30
2020-12-17T10:54:00+00:00,west,noaa-goes17,NIGHT,WINTER,CYEG,0,1.0000,1.0000,1.30
2024-09-06T06:28:00+00:00,west,noaa-goes18,NIGHT,AUTUMN,CYEG,1,0.0000,0.0000,1.30
2025-01-17T17:01:00+00:00,west,noaa-goes18,DAY,WINTER,CYEG,0,1.0000,0.9600,1.30
2024-03-14T04:36:00+00:00,west,noaa-goes18,NIGHT,SPRING,CYEG,1,0.0000,0.0000,1.30
2023-12-23T10:14:00+00:00,west,noaa-goes18,NIGHT,WINTER,CYEG,0,1.0000,1.0000,1.30
2024-07-10T22:34:00+00:00,west,noaa-goes18,DAY,SUMMER,CYEG,1,0.0000,0.0000,1.30
2020-04-05T18:50:00+00:00,west,noaa-goes17,DAY,SPRING,CYEG,0,1.0000,1.0000,1.30
2023-09-14T18:40:00+00:00,west,noaa-goes18,DAY,AUTUMN,CYEG,1,0.0000,0.0000,1.30
2024-05-19T02:34:00+00:00,west,noaa-goes18,DAY,SPRING,CYEG,0,1.0000,1.0000,1.30
2024-05-01T06:30:00+00:00,west,noaa-goes18,NIGHT,SPRING,CYEG,0,1.0000,1.0000,1.30
2021-03-20T10:36:00+00:00,west,noaa-goes17,NIGHT,SPRING,CYEG,1,0.0000,0.1600,1.30
2025-01-23T20:57:00+00:00,west,noaa-goes18,DAY,WINTER,CYEG,0,0.6667,0.8000,1.30
2023-06-01T02:10:00+00:00,west,noaa-goes18,DAY,SUMMER,CYEG,0,1.0000,1.0000,1.30
2021-03-03T21:35:00+00:00,west,noaa-goes17,DAY,SPRING,CYEG,0,1.0000,1.0000,1.30
2021-12-28T01:52:00+00:00,west,noaa-goes17,NIGHT,WINTER,CYEG,1,0.0000,0.0000,1.30
2025-06-24T00:11:00+00:00,west,noaa-goes18,DAY,SUMMER,CYEG,1,0.0000,0.0000,1.30
2024-04-29T09:13:00+00:00,west,noaa-goes18,NIGHT,SPRING,CYEG,0,1.0000,1.0000,1.30
2025-11-17T02:29:00+00:00,west,noaa-goes18,NIGHT,AUTUMN,CYEG,0,1.0000,1.0000,1.30
2020-02-15T05:20:00+00:00,west,noaa-goes17,NIGHT,WINTER,CYEG,0,1.0000,1.0000,1.30
2021-03-29T04:34:00+00:00,west,noaa-goes17,NIGHT,SPRING,CYEG,0,1.0000,1.0000,1.30
2024-09-09T15:47:00+00:00,west,noaa-goes18,DAY,AUTUMN,CYEG,0,1.0000,1.0000,1.30
2022-04-25T04:55:00+00:00,west,noaa-goes17,NIGHT,SPRING,CYEG,1,0.0000,0.0800,1.30
2025-04-28T05:38:00+00:00,west,noaa-goes18,NIGHT,SPRING,CYEG,0,0.4444,0.3600,1.30
2023-06-25T18:12:00+00:00,west,noaa-goes18,DAY,SUMMER,CYEG,0,1.0000,0.8000,1.30
2025-08-20T22:43:00+00:00,west,noaa-goes18,DAY,SUMMER,CYEG,0,1.0000,1.0000,1.30
2020-01-31T04:28:00+00:00,west,noaa-goes17,NIGHT,WINTER,CYEG,0,1.0000,1.0000,1.30
2022-10-08T16:21:00+00:00,west,noaa-goes17,DAY,AUTUMN,CYEG,1,0.0000,0.0400,1.30
2025-07-03T14:29:00+00:00,west,noaa-goes18,DAY,SUMMER,CYEG,0,1.0000,1.0000,1.30
2020-06-09T23:05:00+00:00,west,noaa-goes17,DAY,SUMMER,CYEG,0,1.0000,1.0000,1.30
2023-03-25T20:56:00+00:00,west,noaa-goes18,DAY,SPRING,CYEG,1,0.0000,0.0000,1.30
2025-02-12T11:44:00+00:00,west,noaa-goes18,NIGHT,WINTER,CYEG,1,0.0000,0.0000,1.30
2021-12-18T13:15:00+00:00,west,noaa-goes17,NIGHT,WINTER,CYEG,0,1.0000,1.0000,1.30
2022-01-05T19:46:00+00:00,west,noaa-goes17,DAY,WINTER,CYEG,0,1.0000,1.0000,1.30
2022-01-21T22:36:00+00:00,west,noaa-goes17,DAY,WINTER,CYEG,0,1.0000,1.0000,1.30
2021-01-26T12:44:00+00:00,west,noaa-goes17,NIGHT,WINTER,CYEG,0,0.8889,0.7200,1.30
2020-06-27T07:56:00+00:00,west,noaa-goes17,NIGHT,SUMMER,CYEG,0,1.0000,1.0000,1.30
2021-10-08T08:56:00+00:00,west,noaa-goes17,NIGHT,AUTUMN,CYEG,0,0.5556,0.5200,1.30
2023-04-10T21:58:00+00:00,west,noaa-goes18,DAY,SPRING,CYEG,0,1.0000,1.0000,1.30
2020-09-30T22:46:00+00:00,west,noaa-goes17,DAY,AUTUMN,CYEG,1,0.0000,0.0000,1.30
2022-06-08T15:26:00+00:00,west,noaa-goes17,DAY,SUMMER,CYEG,0,1.0000,1.0000,1.30
2021-03-06T16:49:00+00:00,west,noaa-goes17,DAY,SPRING,CYEG,0,1.0000,1.0000,1.30
2023-08-28T13:28:00+00:00,west,noaa-goes18,DAY,SUMMER,CYEG,1,0.0000,0.0000,1.30
2025-09-03T01:29:00+00:00,west,noaa-goes18,DAY,AUTUMN,CYEG,1,0.0000,0.0000,1.30
2025-03-06T12:21:00+00:00,west,noaa-goes18,NIGHT,SPRING,CYEG,1,0.0000,0.0000,1.30
2020-06-03T00:16:00+00:00,west,noaa-goes17,DAY,SUMMER,CYEG,1,0.6667,0.7200,1.30
2021-04-14T22:58:00+00:00,west,noaa-goes17,DAY,SPRING,CYEG,1,0.1111,0.2800,1.30
2025-03-16T15:29:00+00:00,west,noaa-goes18,DAY,SPRING,CYEG,0,1.0000,1.0000,1.30
2020-10-06T02:35:00+00:00,west,noaa-goes17,NIGHT,AUTUMN,CYEG,0,0.7778,0.6400,1.30
2022-09-19T22:28:00+00:00,west,noaa-goes17,DAY,AUTUMN,CYEG,0,1.0000,1.0000,1.30
2021-07-28T15:52:00+00:00,west,noaa-goes17,DAY,SUMMER,CYEG,1,0.0000,0.0400,1.30
2023-02-17T05:10:00+00:00,west,noaa-goes18,NIGHT,WINTER,CYEG,0,1.0000,1.0000,1.30
2020-03-14T19:06:00+00:00,west,noaa-goes17,DAY,SPRING,CYEG,0,1.0000,1.0000,1.30
2021-12-26T09:07:00+00:00,west,noaa-goes17,NIGHT,WINTER,CYEG,0,1.0000,1.0000,1.30
2021-11-20T02:42:00+00:00,west,noaa-goes17,NIGHT,AUTUMN,CYEG,0,1.0000,1.0000,1.30
2020-02-15T21:17:00+00:00,west,noaa-goes17,DAY,WINTER,CYEG,0,1.0000,1.0000,1.30
2021-09-20T14:22:00+00:00,west,noaa-goes17,DAY,AUTUMN,CYEG,0,0.4444,0.3600,1.30
2021-12-29T06:45:00+00:00,west,noaa-goes17,NIGHT,WINTER,CYEG,1,0.3333,0.4800,1.30
2020-05-21T21:34:00+00:00,west,noaa-goes17,DAY,SPRING,CYEG,0,1.0000,1.0000,1.30
2022-06-04T14:44:00+00:00,west,noaa-goes17,DAY,SUMMER,CYEG,0,1.0000,1.0000,1.30
2020-07-14T20:51:00+00:00,west,noaa-goes17,DAY,SUMMER,CYEG,0,1.0000,0.8800,1.30
2021-02-25T12:44:00+00:00,west,noaa-goes17,NIGHT,WINTER,CYEG,0,1.0000,1.0000,1.30
2023-06-16T14:03:00+00:00,west,noaa-goes18,DAY,SUMMER,CYEG,1,0.0000,0.0000,1.30
2020-01-20T01:49:00+00:00,west,noaa-goes17,NIGHT,WINTER,CYEG,0,1.0000,1.0000,1.30
2024-03-25T06:59:00+00:00,west,noaa-goes18,NIGHT,SPRING,CYEG,0,1.0000,1.0000,1.30
2022-02-26T21:42:00+00:00,west,noaa-goes17,DAY,WINTER,CYEG,0,0.5556,0.4800,1.30
2020-09-15T07:56:00+00:00,west,noaa-goes17,NIGHT,AUTUMN,CYEG,0,1.0000,1.0000,1.30
2021-01-30T21:10:00+00:00,west,noaa-goes17,DAY,WINTER,CYEG,1,0.1111,0.2400,1.30
2021-11-15T01:26:00+00:00,west,noaa-goes17,NIGHT,AUTUMN,CYEG,0,1.0000,1.0000,1.30
2025-09-30T03:52:00+00:00,west,noaa-goes18,NIGHT,AUTUMN,CYEG,0,1.0000,1.0000,1.30
2023-09-01T10:35:00+00:00,west,noaa-goes18,NIGHT,AUTUMN,CYEG,0,1.0000,1.0000,1.30
2024-06-06T13:07:00+00:00,west,noaa-goes18,DAY,SUMMER,CYEG,1,0.0000,0.0000,1.30
2023-12-31T10:11:00+00:00,west,noaa-goes18,NIGHT,WINTER,CYEG,1,0.4444,0.4800,1.30
2020-03-02T12:41:00+00:00,west,noaa-goes17,NIGHT,SPRING,CYEG,0,1.0000,1.0000,1.30
2023-07-19T00:24:00+00:00,west,noaa-goes18,DAY,SUMMER,CYEG,1,0.0000,0.0000,1.30
2022-05-21T14:14:00+00:00,west,noaa-goes17,DAY,SPRING,CYEG,0,1.0000,0.9600,1.30
2020-09-27T21:52:00+00:00,west,noaa-goes17,DAY,AUTUMN,CYEG,1,0.0000,0.0000,1.30
2023-02-14T20:39:00+00:00,west,noaa-goes18,DAY,WINTER,CYEG,1,0.3333,0.4800,1.30
2022-06-14T13:19:00+00:00,west,noaa-goes17,DAY,SUMMER,CYEG,0,1.0000,1.0000,1.30
2021-12-03T08:06:00+00:00,west,noaa-goes17,NIGHT,WINTER,CYEG,0,0.6667,0.5600,1.30
2023-08-21T20:44:00+00:00,west,noaa-goes18,DAY,SUMMER,CYEG,0,1.0000,1.0000,1.30
2024-05-10T21:59:00+00:00,west,noaa-goes18,DAY,SPRING,CYEG,0,1.0000,1.0000,1.30
2023-07-26T21:30:00+00:00,west,noaa-goes18,DAY,SUMMER,CYEG,0,1.0000,1.0000,1.30
2020-10-03T10:01:00+00:00,west,noaa-goes17,NIGHT,AUTUMN,CYEG,1,0.0000,0.0000,1.30
2025-01-12T12:32:00+00:00,west,noaa-goes18,NIGHT,WINTER,CYEG,0,1.0000,1.0000,1.30
2022-08-10T16:37:00+00:00,west,noaa-goes17,DAY,SUMMER,CYEG,0,1.0000,1.0000,1.30
2020-02-24T07:01:00+00:00,west,noaa-goes17,NIGHT,WINTER,CYEG,0,1.0000,1.0000,1.30
2021-05-23T09:15:00+00:00,west,noaa-goes17,NIGHT,SPRING,CYEG,1,0.0000,0.0000,1.30
2024-10-21T07:39:00+00:00,west,noaa-goes18,NIGHT,AUTUMN,CYEG,0,1.0000,1.0000,1.30
2020-11-21T01:08:00+00:00,west,noaa-goes17,NIGHT,AUTUMN,CYEG,0,0.7778,0.8000,1.30
2024-03-14T15:18:00+00:00,west,noaa-goes18,DAY,SPRING,CYEG,0,1.0000,1.0000,1.30
2022-04-07T04:24:00+00:00,west,noaa-goes17,NIGHT,SPRING,CYEG,1,0.1111,0.2400,1.30
2022-04-17T20:02:00+00:00,west,noaa-goes17,DAY,SPRING,CYEG,0,1.0000,1.0000,1.30
2022-09-02T23:38:00+00:00,west,noaa-goes17,DAY,AUTUMN,CYEG,1,0.0000,0.0000,1.30
2023-09-08T04:17:00+00:00,west,noaa-goes18,NIGHT,AUTUMN,CYEG,0,1.0000,1.0000,1.30
2023-07-24T20:50:00+00:00,west,noaa-goes18,DAY,SUMMER,CYEG,1,0.0000,0.0000,1.30
2020-06-11T16:50:00+00:00,west,noaa-goes17,DAY,SUMMER,CYEG,0,1.0000,0.8800,1.30
2024-08-26T20:52:00+00:00,west,noaa-goes18,DAY,SUMMER,CYEG,0,1.0000,1.0000,1.30
2023-03-27T00:14:00+00:00,west,noaa-goes18,DAY,SPRING,CYEG,0,0.6667,0.2800,1.30
2023-09-18T10:15:00+00:00,west,noaa-goes18,NIGHT,AUTUMN,CYEG,0,1.0000,0.9200,1.30
2022-04-23T17:03:00+00:00,west,noaa-goes17,DAY,SPRING,CYEG,0,1.0000,0.9200,1.30
2022-10-14T21:44:00+00:00,west,noaa-goes17,DAY,AUTUMN,CYEG,0,0.8889,0.7600,1.30
2022-06-30T19:55:00+00:00,west,noaa-goes17,DAY,SUMMER,CYEG,0,0.8889,0.9200,1.30
2024-04-11T16:20:00+00:00,west,noaa-goes18,DAY,SPRING,CYEG,0,1.0000,1.0000,1.30
2020-01-25T02:55:00+00:00,west,noaa-goes17,NIGHT,WINTER,CYEG,0,1.0000,1.0000,1.30
2025-07-06T02:12:00+00:00,west,noaa-goes18,DAY,SUMMER,CYEG,0,1.0000,1.0000,1.30
2020-08-01T20:09:00+00:00,west,noaa-goes17,DAY,SUMMER,CYEG,1,0.0000,0.0000,1.30
2022-04-16T04:05:00+00:00,west,noaa-goes17,NIGHT,SPRING,CYEG,0,1.0000,1.0000,1.30
2021-12-12T18:35:00+00:00,west,noaa-goes17,DAY,WINTER,CYEG,0,1.0000,1.0000,1.30
2025-03-28T09:10:00+00:00,west,noaa-goes18,NIGHT,SPRING,CYEG,0,1.0000,1.0000,1.30
2022-03-20T07:27:00+00:00,west,noaa-goes17,NIGHT,SPRING,CYEG,1,0.6667,0.8800,1.30
2021-12-23T19:15:00+00:00,west,noaa-goes17,DAY,WINTER,CYEG,1,0.5556,0.7200,1.30
2025-01-10T20:12:00+00:00,west,noaa-goes18,DAY,WINTER,CYEG,0,1.0000,1.0000,1.30
2024-01-12T12:24:00+00:00,west,noaa-goes18,NIGHT,WINTER,CYEG,0,0.7778,0.6800,1.30
2024-09-27T16:39:00+00:00,west,noaa-goes18,DAY,AUTUMN,CYEG,1,0.0000,0.0000,1.30
2024-11-10T04:52:00+00:00,west,noaa-goes18,NIGHT,AUTUMN,CYEG,0,1.0000,1.0000,1.30
2025-05-28T00:48:00+00:00,west,noaa-goes18,DAY,SPRING,CYEG,0,1.0000,1.0000,1.30
2024-04-11T13:54:00+00:00,west,noaa-goes18,DAY,SPRING,CYEG,0,1.0000,1.0000,1.30
2020-12-06T09:38:00+00:00,west,noaa-goes17,NIGHT,WINTER,CYEG,1,0.4444,0.2400,1.30
2021-09-17T17:46:00+00:00,west,noaa-goes17,DAY,AUTUMN,CYEG,0,1.0000,1.0000,1.30
2021-12-20T08:24:00+00:00,west,noaa-goes17,NIGHT,WINTER,CYEG,0,0.3333,0.2800,1.30
2025-03-14T09:29:00+00:00,west,noaa-goes18,NIGHT,SPRING,CYEG,0,1.0000,0.8800,1.30
2023-03-06T12:35:00+00:00,west,noaa-goes18,NIGHT,SPRING,CYEG,0,1.0000,1.0000,1.30
2025-05-23T02:21:00+00:00,west,noaa-goes18,DAY,SPRING,CYEG,0,1.0000,1.0000,1.30
2021-07-13T22:30:00+00:00,west,noaa-goes17,DAY,SUMMER,CYEG,1,0.1111,0.1600,1.30
2022-03-12T04:58:00+00:00,west,noaa-goes17,NIGHT,SPRING,CYEG,0,1.0000,1.0000,1.30
2025-08-12T23:46:00+00:00,west,noaa-goes18,DAY,SUMMER,CYEG,0,1.0000,1.0000,1.30
2024-03-08T12:31:00+00:00,west,noaa-goes18,NIGHT,SPRING,CYEG,1,0.0000,0.0000,1.30
2023-06-14T20:37:00+00:00,west,noaa-goes18,DAY,SUMMER,CYEG,0,1.0000,1.0000,1.30
2024-11-22T08:49:00+00:00,west,noaa-goes18,NIGHT,AUTUMN,CYEG,0,1.0000,0.9600,1.30
2023-11-28T16:45:00+00:00,west,noaa-goes18,DAY,AUTUMN,CYEG,1,0.0000,0.0000,1.30
2025-06-24T20:44:00+00:00,west,noaa-goes18,DAY,SUMMER,CYEG,0,1.0000,0.9200,1.30
2024-02-17T22:03:00+00:00,west,noaa-goes18,DAY,WINTER,CYEG,1,0.0000,0.0000,1.30
2024-04-27T13:47:00+00:00,west,noaa-goes18,DAY,SPRING,CYEG,0,1.0000,1.0000,1.30
2022-10-07T07:30:00+00:00,west,noaa-goes17,NIGHT,AUTUMN,CYEG,0,0.8889,0.8000,1.30
2020-04-25T22:42:00+00:00,west,noaa-goes17,DAY,SPRING,CYEG,0,1.0000,1.0000,1.30
2025-02-08T21:09:00+00:00,west,noaa-goes18,DAY,WINTER,CYEG,1,0.0000,0.0000,1.30
2021-01-13T20:45:00+00:00,west,noaa-goes17,DAY,WINTER,CYEG,0,1.0000,1.0000,1.30
2020-11-25T16:58:00+00:00,west,noaa-goes17,DAY,AUTUMN,CYEG,1,0.0000,0.0800,1.30
2022-02-12T13:10:00+00:00,west,noaa-goes17,NIGHT,WINTER,CYEG,0,1.0000,1.0000,1.30
2024-10-14T08:44:00+00:00,west,noaa-goes18,NIGHT,AUTUMN,CYEG,0,1.0000,1.0000,1.30
2023-05-22T16:34:00+00:00,west,noaa-goes18,DAY,SPRING,CYEG,0,1.0000,1.0000,1.30
2024-04-16T18:19:00+00:00,west,noaa-goes18,DAY,SPRING,CYEG,0,1.0000,1.0000,1.30
2024-08-12T23:55:00+00:00,west,noaa-goes18,DAY,SUMMER,CYEG,0,1.0000,1.0000,1.30
2020-12-30T03:40:00+00:00,west,noaa-goes17,NIGHT,WINTER,CYEG,0,1.0000,1.0000,1.30
2023-11-11T04:17:00+00:00,west,noaa-goes18,NIGHT,AUTUMN,CYEG,1,0.0000,0.0000,1.30
2022-05-08T23:25:00+00:00,west,noaa-goes17,DAY,SPRING,CYEG,0,1.0000,1.0000,1.30
2023-06-15T00:10:00+00:00,west,noaa-goes18,DAY,SUMMER,CYEG,0,1.0000,1.0000,1.30
2025-07-07T00:06:00+00:00,west,noaa-goes18,DAY,SUMMER,CYEG,1,0.3333,0.2800,1.30
2020-10-13T22:26:00+00:00,west,noaa-goes17,DAY,AUTUMN,CYEG,0,1.0000,1.0000,1.30
2025-11-20T13:41:00+00:00,west,noaa-goes18,NIGHT,AUTUMN,CYEG,1,0.0000,0.0000,1.30
2023-03-27T23:27:00+00:00,west,noaa-goes18,DAY,SPRING,CYEG,1,0.0000,0.0000,1.30
2021-11-29T05:23:00+00:00,west,noaa-goes17,NIGHT,AUTUMN,CYEG,1,0.1111,0.1600,1.30
2022-02-02T22:08:00+00:00,west,noaa-goes17,DAY,WINTER,CYEG,1,0.0000,0.0800,1.30
2022-03-22T15:11:00+00:00,west,noaa-goes17,DAY,SPRING,CYEG,0,1.0000,1.0000,1.30
2020-08-29T23:11:00+00:00,west,noaa-goes17,DAY,SUMMER,CYEG,1,0.0000,0.0800,1.30
2024-08-01T14:40:00+00:00,west,noaa-goes18,DAY,SUMMER,CYEG,1,0.0000,0.0000,1.30
2020-11-22T09:05:00+00:00,west,noaa-goes17,NIGHT,AUTUMN,CYEG,0,0.8889,0.8800,1.30
2020-09-20T10:01:00+00:00,west,noaa-goes17,NIGHT,AUTUMN,CYEG,0,1.0000,1.0000,1.30
2022-08-19T15:31:00+00:00,west,noaa-goes17,DAY,SUMMER,CYEG,1,0.0000,0.0800,1.30
2025-10-31T08:59:00+00:00,west,noaa-goes18,NIGHT,AUTUMN,CYEG,1,0.0000,0.0000,1.30
2025-06-13T15:48:00+00:00,west,noaa-goes18,DAY,SUMMER,CYEG,0,1.0000,1.0000,1.30
2023-10-12T19:27:00+00:00,west,noaa-goes18,DAY,AUTUMN,CYEG,0,1.0000,1.0000,1.30
2023-10-10T11:43:00+00:00,west,noaa-goes18,NIGHT,AUTUMN,CYEG,1,0.0000,0.0000,1.30
2023-11-06T10:52:00+00:00,west,noaa-goes18,NIGHT,AUTUMN,CYEG,1,0.0000,0.0000,1.30
2024-06-20T12:39:00+00:00,west,noaa-goes18,DAY,SUMMER,CYEG,1,0.2222,0.4400,1.30
2025-02-14T22:25:00+00:00,west,noaa-goes18,DAY,WINTER,CYEG,0,1.0000,1.0000,1.30
2021-07-22T00:38:00+00:00,west,noaa-goes17,DAY,SUMMER,CYEG,1,0.0000,0.0000,1.30
2021-05-18T16:17:00+00:00,west,noaa-goes17,DAY,SPRING,CYEG,0,1.0000,1.0000,1.30
2025-04-30T16:26:00+00:00,west,noaa-goes18,DAY,SPRING,CYEG,0,1.0000,1.0000,1.30
2023-08-12T00:40:00+00:00,west,noaa-goes18,DAY,SUMMER,CYEG,0,1.0000,1.0000,1.30
2024-01-15T01:51:00+00:00,west,noaa-goes18,NIGHT,WINTER,CYEG,1,0.0000,0.0000,1.30
2023-08-26T21:28:00+00:00,west,noaa-goes18,DAY,SUMMER,CYEG,1,0.0000,0.0000,1.30
2022-08-14T19:31:00+00:00,west,noaa-goes17,DAY,SUMMER,CYEG,1,0.0000,0.0000,1.30
2024-06-27T23:39:00+00:00,west,noaa-goes18,DAY,SUMMER,CYEG,0,1.0000,1.0000,1.30
2020-11-29T11:27:00+00:00,west,noaa-goes17,NIGHT,AUTUMN,CYEG,0,1.0000,1.0000,1.30
2025-05-04T21:54:00+00:00,west,noaa-goes18,DAY,SPRING,CYEG,0,0.5556,0.6400,1.30
2021-02-15T23:24:00+00:00,west,noaa-goes17,DAY,WINTER,CYEG,0,0.4444,0.2800,1.30
2023-04-18T19:12:00+00:00,west,noaa-goes18,DAY,SPRING,CYEG,1,0.0000,0.0000,1.30
2021-08-09T16:56:00+00:00,west,noaa-goes17,DAY,SUMMER,CYEG,1,0.3333,0.2000,1.30
2025-08-28T01:08:00+00:00,west,noaa-goes18,DAY,SUMMER,CYEG,1,0.0000,0.0000,1.30
2025-08-01T02:19:00+00:00,west,noaa-goes18,DAY,SUMMER,CYEG,0,0.6667,0.5600,1.30
2025-03-27T05:57:00+00:00,west,noaa-goes18,NIGHT,SPRING,CYEG,0,1.0000,1.0000,1.30
2025-01-01T03:30:00+00:00,west,noaa-goes18,NIGHT,WINTER,CYEG,0,1.0000,1.0000,1.30
2022-09-13T07:13:00+00:00,west,noaa-goes17,NIGHT,AUTUMN,CYEG,0,1.0000,0.9200,1.30
2021-11-29T21:44:00+00:00,west,noaa-goes17,DAY,AUTUMN,CYEG,1,0.0000,0.0000,1.30
2021-01-01T03:27:00+00:00,west,noaa-goes17,NIGHT,WINTER,CYEG,0,1.0000,1.0000,1.30
2020-04-29T05:59:00+00:00,west,noaa-goes17,NIGHT,SPRING,CYEG,0,1.0000,1.0000,1.30
2023-02-22T07:46:00+00:00,west,noaa-goes18,NIGHT,WINTER,CYEG,0,1.0000,1.0000,1.30
2022-11-21T21:30:00+00:00,west,noaa-goes17,DAY,AUTUMN,CYEG,0,1.0000,1.0000,1.30
2021-05-19T21:08:00+00:00,west,noaa-goes17,DAY,SPRING,CYEG,0,1.0000,1.0000,1.30
2025-12-29T20:46:00+00:00,west,noaa-goes18,DAY,WINTER,CYEG,0,1.0000,1.0000,1.30
2025-07-08T02:50:00+00:00,west,noaa-goes18,DAY,SUMMER,CYEG,0,1.0000,1.0000,1.30
2023-09-25T07:59:00+00:00,west,noaa-goes18,NIGHT,AUTUMN,CYEG,1,0.0000,0.0800,1.30
2020-09-21T20:21:00+00:00,west,noaa-goes17,DAY,AUTUMN,CYEG,0,1.0000,1.0000,1.30
2024-03-24T22:47:00+00:00,west,noaa-goes18,DAY,SPRING,CYEG,0,1.0000,0.9600,1.30
2024-04-12T20:41:00+00:00,west,noaa-goes18,DAY,SPRING,CYEG,0,1.0000,1.0000,1.30
2024-11-24T07:14:00+00:00,west,noaa-goes18,NIGHT,AUTUMN,CYEG,0,1.0000,1.0000,1.30
2022-11-27T03:18:00+00:00,west,noaa-goes17,NIGHT,AUTUMN,CYEG,0,1.0000,1.0000,1.30
2020-12-25T03:05:00+00:00,west,noaa-goes17,NIGHT,WINTER,CYEG,0,1.0000,1.0000,1.30
2022-02-09T23:07:00+00:00,west,noaa-goes17,DAY,WINTER,CYEG,0,1.0000,1.0000,1.30
2024-02-15T04:54:00+00:00,west,noaa-goes18,NIGHT,WINTER,CYEG,0,1.0000,1.0000,1.30
2023-07-07T12:36:00+00:00,west,noaa-goes18,DAY,SUMMER,CYEG,1,0.0000,0.0000,1.30
2020-01-07T09:03:00+00:00,west,noaa-goes17,NIGHT,WINTER,CYEG,0,1.0000,1.0000,1.30
2022-02-16T12:27:00+00:00,west,noaa-goes17,NIGHT,WINTER,CYEG,0,1.0000,1.0000,1.30
2021-06-01T16:42:00+00:00,west,noaa-goes17,DAY,SUMMER,CYEG,0,1.0000,1.0000,1.30
2020-02-07T17:54:00+00:00,west,noaa-goes17,DAY,WINTER,CYEG,0,0.4444,0.5600,1.30
2025-03-01T10:09:00+00:00,west,noaa-goes18,NIGHT,SPRING,CYEG,0,1.0000,1.0000,1.30
2023-04-30T07:31:00+00:00,west,noaa-goes18,NIGHT,SPRING,CYEG,0,1.0000,1.0000,1.30
2025-02-09T04:38:00+00:00,west,noaa-goes18,NIGHT,WINTER,CYEG,0,1.0000,1.0000,1.30
2023-03-06T04:47:00+00:00,west,noaa-goes18,NIGHT,SPRING,CYEG,0,1.0000,1.0000,1.30
2020-05-20T19:20:00+00:00,west,noaa-goes17,DAY,SPRING,CYEG,0,1.0000,1.0000,1.30
2023-06-19T16:44:00+00:00,west,noaa-goes18,DAY,SUMMER,CYEG,0,1.0000,1.0000,1.30
2021-05-20T08:54:00+00:00,west,noaa-goes17,NIGHT,SPRING,CYEG,1,0.3333,0.6000,1.30
2025-05-13T20:53:00+00:00,west,noaa-goes18,DAY,SPRING,CYEG,1,0.7778,0.7200,1.30
2022-06-02T15:18:00+00:00,west,noaa-goes17,DAY,SUMMER,CYEG,1,0.0000,0.0000,1.30
2023-09-26T04:52:00+00:00,west,noaa-goes18,NIGHT,AUTUMN,CYEG,0,1.0000,1.0000,1.30
2022-05-12T23:59:00+00:00,west,noaa-goes17,DAY,SPRING,CYEG,0,0.6667,0.8400,1.30
2022-07-10T22:47:00+00:00,west,noaa-goes17,DAY,SUMMER,CYEG,1,0.0000,0.0000,1.30
2020-08-03T05:54:00+00:00,west,noaa-goes17,NIGHT,SUMMER,CYEG,1,0.0000,0.0000,1.30
2025-06-19T23:25:00+00:00,west,noaa-goes18,DAY,SUMMER,CYEG,1,0.0000,0.3600,1.30
2023-05-10T21:58:00+00:00,west,noaa-goes18,DAY,SPRING,CYEG,0,0.8889,0.9200,1.30
2023-03-02T22:59:00+00:00,west,noaa-goes18,DAY,SPRING,CYEG,0,1.0000,1.0000,1.30
2022-03-10T22:54:00+00:00,west,noaa-goes17,DAY,SPRING,CYEG,0,1.0000,1.0000,1.30
2023-08-17T18:55:00+00:00,west,noaa-goes18,DAY,SUMMER,CYEG,1,0.0000,0.0000,1.30
2020-08-09T22:19:00+00:00,west,noaa-goes17,DAY,SUMMER,CYEG,1,0.1111,0.4400,1.30
2025-02-17T20:10:00+00:00,west,noaa-goes18,DAY,WINTER,CYEG,1,0.0000,0.0000,1.30
2021-07-17T14:44:00+00:00,west,noaa-goes17,DAY,SUMMER,CYEG,0,1.0000,1.0000,1.30
2022-03-12T23:41:00+00:00,west,noaa-goes17,DAY,SPRING,CYEG,1,0.0000,0.0400,1.30
2020-02-07T11:46:00+00:00,west,noaa-goes17,NIGHT,WINTER,CYEG,0,1.0000,1.0000,1.30
2021-02-21T21:50:00+00:00,west,noaa-goes17,DAY,WINTER,CYEG,0,1.0000,1.0000,1.30
2021-11-20T01:06:00+00:00,west,noaa-goes17,NIGHT,AUTUMN,CYEG,0,1.0000,1.0000,1.30
2023-10-18T18:27:00+00:00,west,noaa-goes18,DAY,AUTUMN,CYEG,0,1.0000,1.0000,1.30
2021-08-31T20:46:00+00:00,west,noaa-goes17,DAY,SUMMER,CYEG,0,1.0000,1.0000,1.30
2024-07-12T07:02:00+00:00,west,noaa-goes18,NIGHT,SUMMER,CYEG,0,1.0000,1.0000,1.30
2021-12-07T20:47:00+00:00,west,noaa-goes17,DAY,WINTER,CYEG,0,1.0000,1.0000,1.30
2024-03-17T22:50:00+00:00,west,noaa-goes18,DAY,SPRING,CYEG,1,0.0000,0.0000,1.30
2024-04-14T08:40:00+00:00,west,noaa-goes18,NIGHT,SPRING,CYEG,0,1.0000,1.0000,1.30
2024-12-28T11:00:00+00:00,west,noaa-goes18,NIGHT,WINTER,CYEG,1,0.0000,0.0000,1.30
2021-05-14T15:41:00+00:00,west,noaa-goes17,DAY,SPRING,CYEG,0,0.2222,0.2400,1.30
2025-09-18T07:01:00+00:00,west,noaa-goes18,NIGHT,AUTUMN,CYEG,1,0.0000,0.0000,1.30
2025-05-18T08:44:00+00:00,west,noaa-goes18,NIGHT,SPRING,CYEG,0,1.0000,1.0000,1.30
2021-01-22T18:11:00+00:00,west,noaa-goes17,DAY,WINTER,CYEG,0,1.0000,1.0000,1.30
2024-04-21T15:41:00+00:00,west,noaa-goes18,DAY,SPRING,CYEG,0,1.0000,1.0000,1.30
2024-11-11T09:36:00+00:00,west,noaa-goes18,NIGHT,AUTUMN,CYEG,0,1.0000,1.0000,1.30
2020-09-17T22:58:00+00:00,west,noaa-goes17,DAY,AUTUMN,CYEG,1,0.0000,0.0000,1.30
2022-01-27T12:52:00+00:00,west,noaa-goes17,NIGHT,WINTER,CYEG,0,1.0000,1.0000,1.30
2025-10-26T18:34:00+00:00,west,noaa-goes18,DAY,AUTUMN,CYEG,0,1.0000,1.0000,1.30
2021-05-23T06:42:00+00:00,west,noaa-goes17,NIGHT,SPRING,CYEG,1,0.0000,0.0000,1.30
2021-04-25T05:55:00+00:00,west,noaa-goes17,NIGHT,SPRING,CYEG,0,1.0000,0.9600,1.30
2025-01-05T10:07:00+00:00,west,noaa-goes18,NIGHT,WINTER,CYEG,0,1.0000,0.9600,1.30
2022-04-24T20:10:00+00:00,west,noaa-goes17,DAY,SPRING,CYEG,1,0.6667,0.7600,1.30
2020-12-25T17:16:00+00:00,west,noaa-goes17,DAY,WINTER,CYEG,0,1.0000,1.0000,1.30
2020-05-23T02:07:00+00:00,west,noaa-goes17,DAY,SPRING,CYEG,0,1.0000,1.0000,1.30
2021-12-03T13:42:00+00:00,west,noaa-goes17,NIGHT,WINTER,CYEG,0,1.0000,1.0000,1.30
2020-01-01T07:19:00+00:00,west,noaa-goes17,NIGHT,WINTER,CYEG,0,1.0000,1.0000,1.30
2020-07-08T16:57:00+00:00,west,noaa-goes17,DAY,SUMMER,CYEG,0,1.0000,1.0000,1.30
2023-04-16T21:34:00+00:00,west,noaa-goes18,DAY,SPRING,CYEG,1,0.0000,0.0000,1.30
2024-12-27T04:36:00+00:00,west,noaa-goes18,NIGHT,WINTER,CYEG,0,1.0000,1.0000,1.30
2025-07-01T22:20:00+00:00,west,noaa-goes18,DAY,SUMMER,CYEG,1,0.0000,0.0800,1.30
2025-09-22T06:44:00+00:00,west,noaa-goes18,NIGHT,AUTUMN,CYEG,0,1.0000,1.0000,1.30
2021-02-09T21:52:00+00:00,west,noaa-goes17,DAY,WINTER,CYEG,0,0.4444,0.4800,1.30
2020-07-02T07:02:00+00:00,west,noaa-goes17,NIGHT,SUMMER,CYEG,1,0.6667,0.4400,1.30
2022-02-09T04:19:00+00:00,west,noaa-goes17,NIGHT,WINTER,CYEG,0,1.0000,1.0000,1.30
2022-06-03T18:22:00+00:00,west,noaa-goes17,DAY,SUMMER,CYEG,1,0.0000,0.1600,1.30
2023-02-10T04:46:00+00:00,west,noaa-goes18,NIGHT,WINTER,CYEG,1,0.1111,0.2000,1.30
2021-10-30T12:29:00+00:00,west,noaa-goes17,NIGHT,AUTUMN,CYEG,0,1.0000,1.0000,1.30
2020-12-07T08:43:00+00:00,west,noaa-goes17,NIGHT,WINTER,CYEG,0,1.0000,1.0000,1.30
2024-10-08T22:09:00+00:00,west,noaa-goes18,DAY,AUTUMN,CYEG,0,1.0000,1.0000,1.30
2023-01-08T20:44:00+00:00,west,noaa-goes18,DAY,WINTER,CYEG,0,1.0000,1.0000,1.30
2022-02-28T22:23:00+00:00,west,noaa-goes17,DAY,WINTER,CYEG,0,1.0000,0.8800,1.30
2025-09-25T19:10:00+00:00,west,noaa-goes18,DAY,AUTUMN,CYEG,1,0.0000,0.0000,1.30
2024-09-15T04:20:00+00:00,west,noaa-goes18,NIGHT,AUTUMN,CYEG,0,1.0000,1.0000,1.30
2024-11-11T12:01:00+00:00,west,noaa-goes18,NIGHT,AUTUMN,CYEG,0,1.0000,1.0000,1.30
2022-10-10T02:17:00+00:00,west,noaa-goes17,NIGHT,AUTUMN,CYEG,0,1.0000,1.0000,1.30
2021-05-25T17:07:00+00:00,west,noaa-goes17,DAY,SPRING,CYEG,0,1.0000,1.0000,1.30
2024-07-24T02:21:00+00:00,west,noaa-goes18,DAY,SUMMER,CYEG,0,1.0000,1.0000,1.30
2020-12-30T11:58:00+00:00,west,noaa-goes17,NIGHT,WINTER,CYEG,0,0.8889,0.9600,1.30
2023-09-28T08:09:00+00:00,west,noaa-goes18,NIGHT,AUTUMN,CYEG,0,1.0000,1.0000,1.30
2022-07-13T08:00:00+00:00,west,noaa-goes17,NIGHT,SUMMER,CYEG,1,0.0000,0.0000,1.30
2021-02-05T12:14:00+00:00,west,noaa-goes17,NIGHT,WINTER,CYEG,0,1.0000,1.0000,1.30
2024-03-30T03:50:00+00:00,west,noaa-goes18,NIGHT,SPRING,CYEG,0,0.6667,0.6400,1.30
2021-05-20T05:33:00+00:00,west,noaa-goes17,NIGHT,SPRING,CYEG,0,1.0000,1.0000,1.30
2023-06-09T18:52:00+00:00,west,noaa-goes18,DAY,SUMMER,CYEG,0,1.0000,1.0000,1.30
2023-03-01T17:17:00+00:00,west,noaa-goes18,DAY,SPRING,CYEG,1,0.0000,0.0000,1.30
2025-12-17T17:38:00+00:00,west,noaa-goes18,DAY,WINTER,CYEG,0,1.0000,1.0000,1.30
2024-07-07T15:37:00+00:00,west,noaa-goes18,DAY,SUMMER,CYEG,1,0.0000,0.0000,1.30
2021-06-06T08:00:00+00:00,west,noaa-goes17,NIGHT,SUMMER,CYEG,0,1.0000,1.0000,1.30
2025-10-04T22:09:00+00:00,west,noaa-goes18,DAY,AUTUMN,CYEG,0,1.0000,1.0000,1.30
2022-12-31T01:58:00+00:00,west,noaa-goes17,NIGHT,WINTER,CYEG,0,0.7778,0.6400,1.30
2022-10-17T21:38:00+00:00,west,noaa-goes17,DAY,AUTUMN,CYEG,1,0.0000,0.0000,1.30
2024-09-09T22:29:00+00:00,west,noaa-goes18,DAY,AUTUMN,CYEG,0,1.0000,1.0000,1.30
2025-04-03T16:18:00+00:00,west,noaa-goes18,DAY,SPRING,CYEG,0,0.6667,0.5200,1.30
2023-02-03T13:33:00+00:00,west,noaa-goes18,NIGHT,WINTER,CYEG,0,1.0000,1.0000,1.30
2022-07-26T09:40:00+00:00,west,noaa-goes17,NIGHT,SUMMER,CYEG,0,1.0000,1.0000,1.30
2020-12-22T09:26:00+00:00,west,noaa-goes17,NIGHT,WINTER,CYEG,0,1.0000,1.0000,1.30
2023-07-04T02:40:00+00:00,west,noaa-goes18,DAY,SUMMER,CYEG,0,0.4444,0.4000,1.30
2020-11-21T02:46:00+00:00,west,noaa-goes17,NIGHT,AUTUMN,CYEG,0,1.0000,1.0000,1.30
2023-03-16T17:59:00+00:00,west,noaa-goes18,DAY,SPRING,CYEG,1,0.0000,0.0000,1.30
2025-07-11T00:27:00+00:00,west,noaa-goes18,DAY,SUMMER,CYEG,1,0.1111,0.1600,1.30
2025-09-14T23:08:00+00:00,west,noaa-goes18,DAY,AUTUMN,CYEG,1,0.0000,0.0000,1.30
2025-05-18T15:32:00+00:00,west,noaa-goes18,DAY,SPRING,CYEG,0,0.6667,0.6000,1.30
2025-12-20T22:07:00+00:00,west,noaa-goes18,DAY,WINTER,CYEG,1,0.0000,0.0000,1.30
2024-07-18T00:39:00+00:00,west,noaa-goes18,DAY,SUMMER,CYEG,1,0.3333,0.4400,1.30
2022-02-17T23:00:00+00:00,west,noaa-goes17,DAY,WINTER,CYEG,0,0.7778,0.7200,1.30
2024-10-06T22:34:00+00:00,west,noaa-goes18,DAY,AUTUMN,CYEG,0,1.0000,1.0000,1.30
2023-11-14T07:47:00+00:00,west,noaa-goes18,NIGHT,AUTUMN,CYEG,0,1.0000,1.0000,1.30
2025-12-03T21:38:00+00:00,west,noaa-goes18,DAY,WINTER,CYEG,0,1.0000,1.0000,1.30
2020-06-22T19:28:00+00:00,west,noaa-goes17,DAY,SUMMER,CYEG,0,1.0000,0.8000,1.30
2021-11-21T21:59:00+00:00,west,noaa-goes17,DAY,AUTUMN,CYEG,0,1.0000,1.0000,1.30
2020-11-03T11:53:00+00:00,west,noaa-goes17,NIGHT,AUTUMN,CYEG,0,1.0000,1.0000,1.30
2021-06-30T16:22:00+00:00,west,noaa-goes17,DAY,SUMMER,CYEG,1,0.0000,0.0000,1.30
2020-07-27T13:31:00+00:00,west,noaa-goes17,DAY,SUMMER,CYEG,1,0.0000,0.0000,1.30
2024-04-01T05:23:00+00:00,west,noaa-goes18,NIGHT,SPRING,CYEG,0,1.0000,1.0000,1.30
2022-10-20T17:54:00+00:00,west,noaa-goes17,DAY,AUTUMN,CYEG,1,0.0000,0.0000,1.30
2022-05-22T00:47:00+00:00,west,noaa-goes17,DAY,SPRING,CYEG,1,0.0000,0.0000,1.30
2024-05-31T06:59:00+00:00,west,noaa-goes18,NIGHT,SPRING,CYEG,1,0.0000,0.0000,1.30
2023-06-02T20:32:00+00:00,west,noaa-goes18,DAY,SUMMER,CYEG,0,1.0000,0.8400,1.30
2020-05-25T14:57:00+00:00,west,noaa-goes17,DAY,SPRING,CYEG,0,1.0000,1.0000,1.30
2025-06-22T01:22:00+00:00,west,noaa-goes18,DAY,SUMMER,CYEG,0,1.0000,1.0000,1.30
2020-01-25T19:29:00+00:00,west,noaa-goes17,DAY,WINTER,CYEG,1,0.0000,0.0000,1.30
2021-03-14T00:22:00+00:00,west,noaa-goes17,DAY,SPRING,CYEG,0,1.0000,1.0000,1.30
2022-02-01T12:22:00+00:00,west,noaa-goes17,NIGHT,WINTER,CYEG,0,1.0000,1.0000,1.30
2020-02-06T03:27:00+00:00,west,noaa-goes17,NIGHT,WINTER,CYEG,0,1.0000,1.0000,1.30
2025-12-07T16:57:00+00:00,west,noaa-goes18,DAY,WINTER,CYEG,0,1.0000,1.0000,1.30
2025-06-19T00:09:00+00:00,west,noaa-goes18,DAY,SUMMER,CYEG,0,1.0000,1.0000,1.30
2024-02-01T13:57:00+00:00,west,noaa-goes18,NIGHT,WINTER,CYEG,1,0.0000,0.0000,1.30
2022-01-16T17:51:00+00:00,west,noaa-goes17,DAY,WINTER,CYEG,0,1.0000,1.0000,1.30
2023-01-08T03:28:00+00:00,west,noaa-goes18,NIGHT,WINTER,CYEG,1,0.0000,0.0000,1.30
2024-12-04T05:08:00+00:00,west,noaa-goes18,NIGHT,WINTER,CYEG,1,0.0000,0.0000,1.30
2020-01-24T11:56:00+00:00,west,noaa-goes17,NIGHT,WINTER,CYEG,0,1.0000,1.0000,1.30
2022-03-23T03:12:00+00:00,west,noaa-goes17,NIGHT,SPRING,CYEG,0,1.0000,1.0000,1.30
2024-06-04T13:47:00+00:00,west,noaa-goes18,DAY,SUMMER,CYEG,0,0.8889,0.8000,1.30
2022-03-26T15:42:00+00:00,west,noaa-goes17,DAY,SPRING,CYEG,1,0.3333,0.6000,1.30
2022-12-24T03:26:00+00:00,west,noaa-goes17,NIGHT,WINTER,CYEG,0,0.4444,0.5200,1.30
2025-06-26T17:31:00+00:00,west,noaa-goes18,DAY,SUMMER,CYEG,0,1.0000,1.0000,1.30
2024-06-25T16:46:00+00:00,west,noaa-goes18,DAY,SUMMER,CYEG,0,1.0000,1.0000,1.30
2021-03-17T00:08:00+00:00,west,noaa-goes17,DAY,SPRING,CYEG,0,0.6667,0.6000,1.30
2021-09-29T11:32:00+00:00,west,noaa-goes17,NIGHT,AUTUMN,CYEG,1,0.0000,0.0000,1.30
2020-02-25T21:15:00+00:00,west,noaa-goes17,DAY,WINTER,CYEG,0,1.0000,1.0000,1.30
2020-08-01T21:53:00+00:00,west,noaa-goes17,DAY,SUMMER,CYEG,0,1.0000,1.0000,1.30
2020-02-02T13:30:00+00:00,west,noaa-goes17,NIGHT,WINTER,CYEG,0,1.0000,0.8800,1.30
2023-03-31T09:31:00+00:00,west,noaa-goes18,NIGHT,SPRING,CYEG,1,0.0000,0.0000,1.30
2020-12-04T13:15:00+00:00,west,noaa-goes17,NIGHT,WINTER,CYEG,1,0.0000,0.0000,1.30
2021-09-16T23:32:00+00:00,west,noaa-goes17,DAY,AUTUMN,CYEG,0,1.0000,0.8800,1.30
2022-10-10T21:52:00+00:00,west,noaa-goes17,DAY,AUTUMN,CYEG,0,0.8889,0.8400,1.30
2024-10-23T06:30:00+00:00,west,noaa-goes18,NIGHT,AUTUMN,CYEG,1,0.0000,0.0000,1.30
2021-02-26T22:46:00+00:00,west,noaa-goes17,DAY,WINTER,CYEG,0,1.0000,1.0000,1.30
2025-08-19T19:11:00+00:00,west,noaa-goes18,DAY,SUMMER,CYEG,0,1.0000,0.8800,1.30
2022-02-11T18:40:00+00:00,west,noaa-goes17,DAY,WINTER,CYEG,0,1.0000,1.0000,1.30
2023-01-26T06:59:00+00:00,west,noaa-goes18,NIGHT,WINTER,CYEG,0,1.0000,1.0000,1.30
2025-11-20T09:44:00+00:00,west,noaa-goes18,NIGHT,AUTUMN,CYEG,1,0.0000,0.0000,1.30
2022-08-05T07:21:00+00:00,west,noaa-goes17,NIGHT,SUMMER,CYEG,0,1.0000,1.0000,1.30
2024-10-11T15:03:00+00:00,west,noaa-goes18,DAY,AUTUMN,CYEG,0,1.0000,1.0000,1.30
2020-07-30T09:07:00+00:00,west,noaa-goes17,NIGHT,SUMMER,CYEG,0,0.8889,0.6800,1.30
2023-01-07T11:17:00+00:00,west,noaa-goes18,NIGHT,WINTER,CYEG,1,0.0000,0.0000,1.30
2020-01-03T01:42:00+00:00,west,noaa-goes17,NIGHT,WINTER,CYEG,0,1.0000,1.0000,1.30
2023-08-10T06:18:00+00:00,west,noaa-goes18,NIGHT,SUMMER,CYEG,0,1.0000,1.0000,1.30
2025-04-17T08:58:00+00:00,west,noaa-goes18,NIGHT,SPRING,CYEG,0,1.0000,1.0000,1.30
2021-02-16T13:11:00+00:00,west,noaa-goes17,NIGHT,WINTER,CYEG,0,1.0000,1.0000,1.30
2022-10-30T15:23:00+00:00,west,noaa-goes17,DAY,AUTUMN,CYEG,0,1.0000,1.0000,1.30
2023-10-01T09:07:00+00:00,west,noaa-goes18,NIGHT,AUTUMN,CYEG,1,0.0000,0.0400,1.30
2021-01-31T21:00:00+00:00,west,noaa-goes17,DAY,WINTER,CYEG,0,1.0000,1.0000,1.30
2025-12-06T19:23:00+00:00,west,noaa-goes18,DAY,WINTER,CYEG,0,1.0000,1.0000,1.30
2022-09-02T20:17:00+00:00,west,noaa-goes17,DAY,AUTUMN,CYEG,1,0.0000,0.0000,1.30
2022-05-10T18:24:00+00:00,west,noaa-goes17,DAY,SPRING,CYEG,0,1.0000,1.0000,1.30
2020-12-23T03:08:00+00:00,west,noaa-goes17,NIGHT,WINTER,CYEG,0,0.8889,0.8800,1.30
2021-05-07T01:37:00+00:00,west,noaa-goes17,DAY,SPRING,CYEG,0,1.0000,1.0000,1.30
2024-12-30T03:04:00+00:00,west,noaa-goes18,NIGHT,WINTER,CYEG,1,0.0000,0.0000,1.30
2023-11-05T09:46:00+00:00,west,noaa-goes18,NIGHT,AUTUMN,CYEG,1,0.4444,0.2400,1.30
2025-04-26T06:34:00+00:00,west,noaa-goes18,NIGHT,SPRING,CYEG,0,1.0000,1.0000,1.30
2022-10-31T17:22:00+00:00,west,noaa-goes17,DAY,AUTUMN,CYEG,0,1.0000,1.0000,1.30
2021-04-25T13:04:00+00:00,west,noaa-goes17,DAY,SPRING,CYEG,0,1.0000,1.0000,1.30
2025-05-31T13:33:00+00:00,west,noaa-goes18,DAY,SPRING,CYEG,0,1.0000,1.0000,1.30
2025-08-25T00:10:00+00:00,west,noaa-goes18,DAY,SUMMER,CYEG,1,0.0000,0.0000,1.30
2023-01-27T22:08:00+00:00,west,noaa-goes18,DAY,WINTER,CYEG,0,1.0000,1.0000,1.30
2020-09-06T22:12:00+00:00,west,noaa-goes17,DAY,AUTUMN,CYEG,0,1.0000,1.0000,1.30
2024-06-16T15:43:00+00:00,west,noaa-goes18,DAY,SUMMER,CYEG,0,1.0000,1.0000,1.30
2024-05-17T12:38:00+00:00,west,noaa-goes18,DAY,SPRING,CYEG,0,1.0000,1.0000,1.30
2023-01-17T06:11:00+00:00,west,noaa-goes18,NIGHT,WINTER,CYEG,0,1.0000,1.0000,1.30
2020-01-15T05:36:00+00:00,west,noaa-goes17,NIGHT,WINTER,CYEG,1,0.0000,0.0000,1.30
2022-06-11T18:44:00+00:00,west,noaa-goes17,DAY,SUMMER,CYEG,0,1.0000,1.0000,1.30
2020-02-06T16:29:00+00:00,west,noaa-goes17,DAY,WINTER,CYEG,0,0.7778,0.7600,1.30
2025-08-25T22:46:00+00:00,west,noaa-goes18,DAY,SUMMER,CYEG,1,0.0000,0.0000,1.30
2025-11-20T08:19:00+00:00,west,noaa-goes18,NIGHT,AUTUMN,CYEG,1,0.0000,0.0000,1.30
2023-01-04T17:07:00+00:00,west,noaa-goes18,DAY,WINTER,CYEG,0,0.6667,0.6400,1.30
2021-12-01T07:02:00+00:00,west,noaa-goes17,NIGHT,WINTER,CYEG,0,1.0000,1.0000,1.30
2025-12-25T07:18:00+00:00,west,noaa-goes18,NIGHT,WINTER,CYEG,0,1.0000,1.0000,1.30
2020-06-09T20:09:00+00:00,west,noaa-goes17,DAY,SUMMER,CYEG,0,1.0000,1.0000,1.30
2023-02-11T04:17:00+00:00,west,noaa-goes18,NIGHT,WINTER,CYEG,1,0.0000,0.0000,1.30
2020-07-30T20:15:00+00:00,west,noaa-goes17,DAY,SUMMER,CYEG,1,0.5556,0.6800,1.30
2022-05-10T17:07:00+00:00,west,noaa-goes17,DAY,SPRING,CYEG,0,1.0000,1.0000,1.30
2020-01-06T20:22:00+00:00,west,noaa-goes17,DAY,WINTER,CYEG,0,1.0000,0.8400,1.30
2024-02-20T10:05:00+00:00,west,noaa-goes18,NIGHT,WINTER,CYEG,1,0.0000,0.0000,1.30
2024-07-30T19:18:00+00:00,west,noaa-goes18,DAY,SUMMER,CYEG,0,1.0000,1.0000,1.30
2023-08-22T01:40:00+00:00,west,noaa-goes18,DAY,SUMMER,CYEG,0,1.0000,1.0000,1.30
2020-02-12T11:14:00+00:00,west,noaa-goes17,NIGHT,WINTER,CYEG,1,0.1111,0.4000,1.30
2023-02-19T05:16:00+00:00,west,noaa-goes18,NIGHT,WINTER,CYEG,0,1.0000,1.0000,1.30
2020-03-05T17:42:00+00:00,west,noaa-goes17,DAY,SPRING,CYEG,0,1.0000,1.0000,1.30
2021-03-11T23:47:00+00:00,west,noaa-goes17,DAY,SPRING,CYEG,0,1.0000,1.0000,1.30
2024-04-13T20:16:00+00:00,west,noaa-goes18,DAY,SPRING,CYEG,1,0.0000,0.0000,1.30
2022-04-24T14:14:00+00:00,west,noaa-goes17,DAY,SPRING,CYEG,1,0.0000,0.0000,1.30
2023-08-21T08:13:00+00:00,west,noaa-goes18,NIGHT,SUMMER,CYEG,1,0.0000,0.0000,1.30
2022-08-07T23:46:00+00:00,west,noaa-goes17,DAY,SUMMER,CYEG,1,0.0000,0.0000,1.30
2024-11-12T11:09:00+00:00,west,noaa-goes18,NIGHT,AUTUMN,CYEG,0,1.0000,1.0000,1.30
2025-05-16T02:31:00+00:00,west,noaa-goes18,DAY,SPRING,CYEG,1,0.0000,0.0000,1.30
2022-01-13T14:11:00+00:00,west,noaa-goes17,NIGHT,WINTER,CYEG,0,1.0000,1.0000,1.30
2021-12-22T06:36:00+00:00,west,noaa-goes17,NIGHT,WINTER,CYEG,0,1.0000,1.0000,1.30
2025-07-02T23:11:00+00:00,west,noaa-goes18,DAY,SUMMER,CYEG,0,1.0000,1.0000,1.30
2023-03-01T00:19:00+00:00,west,noaa-goes18,DAY,SPRING,CYEG,0,1.0000,1.0000,1.30
2021-10-29T05:52:00+00:00,west,noaa-goes17,NIGHT,AUTUMN,CYEG,0,1.0000,1.0000,1.30
2024-06-02T21:38:00+00:00,west,noaa-goes18,DAY,SUMMER,CYEG,1,0.4444,0.5600,1.30
2022-02-08T02:09:00+00:00,west,noaa-goes17,NIGHT,WINTER,CYEG,0,1.0000,1.0000,1.30
2025-02-06T20:25:00+00:00,west,noaa-goes18,DAY,WINTER,CYEG,1,0.0000,0.0000,1.30
2021-02-14T23:33:00+00:00,west,noaa-goes17,DAY,WINTER,CYEG,1,0.0000,0.0400,1.30
2021-07-16T23:48:00+00:00,west,noaa-goes17,DAY,SUMMER,CYEG,1,0.0000,0.0800,1.30
2020-02-18T19:06:00+00:00,west,noaa-goes17,DAY,WINTER,CYEG,1,0.1111,0.2000,1.30
2024-03-27T12:01:00+00:00,west,noaa-goes18,NIGHT,SPRING,CYEG,1,0.0000,0.0000,1.30
2021-03-26T00:48:00+00:00,west,noaa-goes17,DAY,SPRING,CYEG,0,1.0000,1.0000,1.30
2020-12-08T08:09:00+00:00,west,noaa-goes17,NIGHT,WINTER,CYEG,0,1.0000,1.0000,1.30
2021-03-11T17:47:00+00:00,west,noaa-goes17,DAY,SPRING,CYEG,0,0.5556,0.6000,1.30
2023-10-18T22:05:00+00:00,west,noaa-goes18,DAY,AUTUMN,CYEG,1,0.1111,0.0400,1.30
2022-04-08T04:30:00+00:00,west,noaa-goes17,NIGHT,SPRING,CYEG,0,1.0000,1.0000,1.30
2024-12-24T05:19:00+00:00,west,noaa-goes18,NIGHT,WINTER,CYEG,1,0.0000,0.0000,1.30
2023-09-20T15:09:00+00:00,west,noaa-goes18,DAY,AUTUMN,CYEG,0,1.0000,1.0000,1.30
2022-12-31T20:34:00+00:00,west,noaa-goes17,DAY,WINTER,CYEG,1,0.6667,0.8400,1.30
2021-05-19T00:52:00+00:00,west,noaa-goes17,DAY,SPRING,CYEG,0,1.0000,1.0000,1.30
2024-08-28T04:00:00+00:00,west,noaa-goes18,NIGHT,SUMMER,CYEG,0,1.0000,1.0000,1.30
2022-07-07T00:14:00+00:00,west,noaa-goes17,DAY,SUMMER,CYEG,0,1.0000,1.0000,1.30
2024-10-15T12:09:00+00:00,west,noaa-goes18,NIGHT,AUTUMN,CYEG,0,1.0000,1.0000,1.30
2023-12-18T20:18:00+00:00,west,noaa-goes18,DAY,WINTER,CYEG,1,0.3333,0.4000,1.30
2022-07-14T21:24:00+00:00,west,noaa-goes17,DAY,SUMMER,CYEG,1,0.2222,0.2800,1.30
2021-04-05T15:10:00+00:00,west,noaa-goes17,DAY,SPRING,CYEG,0,0.7778,0.7600,1.30
2021-03-27T07:06:00+00:00,west,noaa-goes17,NIGHT,SPRING,CYEG,0,1.0000,1.0000,1.30
2023-02-28T11:04:00+00:00,west,noaa-goes18,NIGHT,WINTER,CYEG,0,1.0000,1.0000,1.30
2023-09-28T03:23:00+00:00,west,noaa-goes18,NIGHT,AUTUMN,CYEG,0,1.0000,1.0000,1.30
2020-12-13T01:38:00+00:00,west,noaa-goes17,NIGHT,WINTER,CYEG,1,0.0000,0.0000,1.30
2021-09-10T05:27:00+00:00,west,noaa-goes17,NIGHT,AUTUMN,CYEG,0,1.0000,1.0000,1.30
2025-12-12T10:38:00+00:00,west,noaa-goes18,NIGHT,WINTER,CYEG,0,1.0000,1.0000,1.30
2022-01-12T21:27:00+00:00,west,noaa-goes17,DAY,WINTER,CYEG,0,1.0000,1.0000,1.30
2021-09-07T21:43:00+00:00,west,noaa-goes17,DAY,AUTUMN,CYEG,1,0.0000,0.0000,1.30
2023-05-20T19:52:00+00:00,west,noaa-goes18,DAY,SPRING,CYEG,0,1.0000,1.0000,1.30
2023-03-21T11:56:00+00:00,west,noaa-goes18,NIGHT,SPRING,CYEG,0,1.0000,1.0000,1.30
2021-03-01T08:58:00+00:00,west,noaa-goes17,NIGHT,SPRING,CYEG,0,1.0000,1.0000,1.30
2025-08-06T21:23:00+00:00,west,noaa-goes18,DAY,SUMMER,CYEG,1,0.0000,0.0000,1.30
2021-08-31T20:09:00+00:00,west,noaa-goes17,DAY,SUMMER,CYEG,0,1.0000,1.0000,1.30
2025-05-13T02:07:00+00:00,west,noaa-goes18,DAY,SPRING,CYEG,0,1.0000,1.0000,1.30
2024-10-16T23:17:00+00:00,west,noaa-goes18,DAY,AUTUMN,CYEG,1,0.0000,0.0000,1.30
2025-07-17T13:30:00+00:00,west,noaa-goes18,DAY,SUMMER,CYEG,1,0.5556,0.7200,1.30
2024-08-22T19:50:00+00:00,west,noaa-goes18,DAY,SUMMER,CYEG,0,1.0000,1.0000,1.30
2023-09-27T04:51:00+00:00,west,noaa-goes18,NIGHT,AUTUMN,CYEG,1,0.1111,0.1600,1.30
2022-10-04T12:26:00+00:00,west,noaa-goes17,NIGHT,AUTUMN,CYEG,1,0.3333,0.3600,1.30
2025-07-29T17:34:00+00:00,west,noaa-goes18,DAY,SUMMER,CYEG,1,0.0000,0.0000,1.30
2025-07-10T17:34:00+00:00,west,noaa-goes18,DAY,SUMMER,CYEG,0,1.0000,1.0000,1.30
2024-09-23T16:36:00+00:00,west,noaa-goes18,DAY,AUTUMN,CYEG,1,0.5556,0.7600,1.30
2022-06-17T22:05:00+00:00,west,noaa-goes17,DAY,SUMMER,CYEG,0,1.0000,1.0000,1.30
2022-04-12T00:23:00+00:00,west,noaa-goes17,DAY,SPRING,CYEG,0,1.0000,1.0000,1.30
2025-04-25T04:58:00+00:00,west,noaa-goes18,NIGHT,SPRING,CYEG,1,0.1111,0.2800,1.30
2023-12-01T11:54:00+00:00,west,noaa-goes18,NIGHT,WINTER,CYEG,0,1.0000,1.0000,1.30
2021-07-24T09:29:00+00:00,west,noaa-goes17,NIGHT,SUMMER,CYEG,1,0.0000,0.0800,1.30
2021-08-13T17:59:00+00:00,west,noaa-goes17,DAY,SUMMER,CYEG,1,0.0000,0.0000,1.30
2024-09-20T07:13:00+00:00,west,noaa-goes18,NIGHT,AUTUMN,CYEG,0,1.0000,1.0000,1.30
2022-07-08T01:47:00+00:00,west,noaa-goes17,DAY,SUMMER,CYEG,1,0.0000,0.0000,1.30
2020-04-17T22:27:00+00:00,west,noaa-goes17,DAY,SPRING,CYEG,0,1.0000,1.0000,1.30
2021-03-10T21:37:00+00:00,west,noaa-goes17,DAY,SPRING,CYEG,0,1.0000,1.0000,1.30
2020-10-29T15:53:00+00:00,west,noaa-goes17,DAY,AUTUMN,CYEG,0,1.0000,1.0000,1.30
2024-02-05T04:05:00+00:00,west,noaa-goes18,NIGHT,WINTER,CYEG,0,1.0000,1.0000,1.30
2024-09-01T04:48:00+00:00,west,noaa-goes18,NIGHT,AUTUMN,CYEG,1,0.0000,0.0000,1.30
2021-07-27T23:33:00+00:00,west,noaa-goes17,DAY,SUMMER,CYEG,1,0.0000,0.0000,1.30
2023-05-11T15:26:00+00:00,west,noaa-goes18,DAY,SPRING,CYEG,1,0.0000,0.0000,1.30
2023-10-13T14:50:00+00:00,west,noaa-goes18,DAY,AUTUMN,CYEG,1,0.4444,0.3600,1.30
2020-02-24T09:07:00+00:00,west,noaa-goes17,NIGHT,WINTER,CYEG,0,1.0000,1.0000,1.30
2020-05-11T19:48:00+00:00,west,noaa-goes17,DAY,SPRING,CYEG,0,1.0000,1.0000,1.30
2020-02-14T12:53:00+00:00,west,noaa-goes17,NIGHT,WINTER,CYEG,0,1.0000,1.0000,1.30
2024-10-01T21:56:00+00:00,west,noaa-goes18,DAY,AUTUMN,CYEG,0,1.0000,1.0000,1.30
2025-02-03T17:45:00+00:00,west,noaa-goes18,DAY,WINTER,CYEG,0,1.0000,0.9600,1.30
2022-11-22T18:32:00+00:00,west,noaa-goes17,DAY,AUTUMN,CYEG,0,1.0000,1.0000,1.30
2023-06-07T22:14:00+00:00,west,noaa-goes18,DAY,SUMMER,CYEG,1,0.0000,0.0000,1.30
2024-10-01T05:17:00+00:00,west,noaa-goes18,NIGHT,AUTUMN,CYEG,0,1.0000,1.0000,1.30
2021-05-27T23:13:00+00:00,west,noaa-goes17,DAY,SPRING,CYEG,0,1.0000,1.0000,1.30
2024-06-28T19:03:00+00:00,west,noaa-goes18,DAY,SUMMER,CYEG,1,0.0000,0.0000,1.30
2022-06-15T12:11:00+00:00,west,noaa-goes17,DAY,SUMMER,CYEG,0,1.0000,1.0000,1.30
2020-11-12T22:29:00+00:00,west,noaa-goes17,DAY,AUTUMN,CYEG,1,0.0000,0.0000,1.30
2024-10-03T06:17:00+00:00,west,noaa-goes18,NIGHT,AUTUMN,CYEG,0,1.0000,1.0000,1.30
2021-03-20T03:04:00+00:00,west,noaa-goes17,NIGHT,SPRING,CYEG,0,1.0000,1.0000,1.30
2024-01-25T19:49:00+00:00,west,noaa-goes18,DAY,WINTER,CYEG,0,1.0000,1.0000,1.30
2023-10-06T00:15:00+00:00,west,noaa-goes18,DAY,AUTUMN,CYEG,1,0.0000,0.0000,1.30
2023-03-01T05:34:00+00:00,west,noaa-goes18,NIGHT,SPRING,CYEG,0,1.0000,1.0000,1.30
2020-02-14T09:12:00+00:00,west,noaa-goes17,NIGHT,WINTER,CYEG,0,0.8889,0.8400,1.30
2022-04-06T20:59:00+00:00,west,noaa-goes17,DAY,SPRING,CYEG,0,1.0000,1.0000,1.30
2020-05-12T07:17:00+00:00,west,noaa-goes17,NIGHT,SPRING,CYEG,0,1.0000,1.0000,1.30
2020-12-14T18:36:00+00:00,west,noaa-goes17,DAY,WINTER,CYEG,0,1.0000,1.0000,1.30
2020-07-02T18:50:00+00:00,west,noaa-goes17,DAY,SUMMER,CYEG,0,1.0000,1.0000,1.30
2025-06-04T01:03:00+00:00,west,noaa-goes18,DAY,SUMMER,CYEG,0,0.5556,0.8400,1.30
2023-07-12T02:19:00+00:00,west,noaa-goes18,DAY,SUMMER,CYEG,0,0.5556,0.4800,1.30
2020-02-04T11:48:00+00:00,west,noaa-goes17,NIGHT,WINTER,CYEG,0,1.0000,1.0000,1.30
2023-03-02T12:32:00+00:00,west,noaa-goes18,NIGHT,SPRING,CYEG,0,1.0000,1.0000,1.30
2022-03-09T10:48:00+00:00,west,noaa-goes17,NIGHT,SPRING,CYEG,0,0.8889,0.9200,1.30
2024-05-19T23:22:00+00:00,west,noaa-goes18,DAY,SPRING,CYEG,0,1.0000,1.0000,1.30
2021-06-14T22:43:00+00:00,west,noaa-goes17,DAY,SUMMER,CYEG,0,1.0000,1.0000,1.30
2021-02-02T10:26:00+00:00,west,noaa-goes17,NIGHT,WINTER,CYEG,0,1.0000,1.0000,1.30
2021-09-07T00:37:00+00:00,west,noaa-goes17,DAY,AUTUMN,CYEG,0,1.0000,1.0000,1.30
2024-04-14T15:37:00+00:00,west,noaa-goes18,DAY,SPRING,CYEG,1,0.0000,0.0800,1.30
2021-09-12T21:29:00+00:00,west,noaa-goes17,DAY,AUTUMN,CYEG,0,1.0000,1.0000,1.30
2020-11-18T20:05:00+00:00,west,noaa-goes17,DAY,AUTUMN,CYEG,0,1.0000,1.0000,1.30
2021-07-30T22:10:00+00:00,west,noaa-goes17,DAY,SUMMER,CYEG,0,0.5556,0.5600,1.30
2025-08-16T16:46:00+00:00,west,noaa-goes18,DAY,SUMMER,CYEG,0,1.0000,1.0000,1.30
2024-01-15T19:54:00+00:00,west,noaa-goes18,DAY,WINTER,CYEG,0,0.6667,0.6400,1.30
2024-10-30T01:57:00+00:00,west,noaa-goes18,NIGHT,AUTUMN,CYEG,1,0.5556,0.6000,1.30
2024-05-06T07:13:00+00:00,west,noaa-goes18,NIGHT,SPRING,CYEG,0,1.0000,1.0000,1.30
2020-11-03T04:36:00+00:00,west,noaa-goes17,NIGHT,AUTUMN,CYEG,1,0.0000,0.0000,1.30
2020-03-02T04:49:00+00:00,west,noaa-goes17,NIGHT,SPRING,CYEG,0,1.0000,1.0000,1.30
2023-06-21T17:55:00+00:00,west,noaa-goes18,DAY,SUMMER,CYEG,0,1.0000,1.0000,1.30
2025-02-05T10:10:00+00:00,west,noaa-goes18,NIGHT,WINTER,CYEG,1,0.5556,0.6800,1.30
2023-04-25T05:04:00+00:00,west,noaa-goes18,NIGHT,SPRING,CYEG,0,1.0000,1.0000,1.30
2023-02-21T18:23:00+00:00,west,noaa-goes18,DAY,WINTER,CYEG,0,1.0000,1.0000,1.30
2025-03-02T08:30:00+00:00,west,noaa-goes18,NIGHT,SPRING,CYEG,1,0.0000,0.0000,1.30
2025-06-22T01:23:00+00:00,west,noaa-goes18,DAY,SUMMER,CYEG,0,1.0000,1.0000,1.30
2021-06-12T14:23:00+00:00,west,noaa-goes17,DAY,SUMMER,CYEG,0,1.0000,1.0000,1.30
2025-09-30T19:20:00+00:00,west,noaa-goes18,DAY,AUTUMN,CYEG,0,1.0000,1.0000,1.30
2024-08-19T16:28:00+00:00,west,noaa-goes18,DAY,SUMMER,CYEG,1,0.0000,0.0000,1.30
2022-12-12T21:02:00+00:00,west,noaa-goes17,DAY,WINTER,CYEG,0,0.8889,0.9600,1.30
2020-08-21T23:50:00+00:00,west,noaa-goes17,DAY,SUMMER,CYEG,0,1.0000,0.9200,1.30
2022-09-29T22:52:00+00:00,west,noaa-goes17,DAY,AUTUMN,CYEG,0,1.0000,1.0000,1.30
2020-02-02T04:54:00+00:00,west,noaa-goes17,NIGHT,WINTER,CYEG,0,1.0000,1.0000,1.30
2021-03-07T09:24:00+00:00,west,noaa-goes17,NIGHT,SPRING,CYEG,0,1.0000,0.8000,1.30
2021-10-10T18:25:00+00:00,west,noaa-goes17,DAY,AUTUMN,CYEG,0,1.0000,1.0000,1.30
2025-03-08T21:05:00+00:00,west,noaa-goes18,DAY,SPRING,CYEG,0,0.6667,0.4000,1.30
2025-12-31T14:06:00+00:00,west,noaa-goes18,NIGHT,WINTER,CYEG,0,1.0000,1.0000,1.30
2020-12-17T05:46:00+00:00,west,noaa-goes17,NIGHT,WINTER,CYEG,0,1.0000,1.0000,1.30
2024-11-09T06:25:00+00:00,west,noaa-goes18,NIGHT,AUTUMN,CYEG,0,1.0000,1.0000,1.30
2023-11-03T19:31:00+00:00,west,noaa-goes18,DAY,AUTUMN,CYEG,1,0.0000,0.0000,1.30
2022-05-20T22:47:00+00:00,west,noaa-goes17,DAY,SPRING,CYEG,0,1.0000,1.0000,1.30
2021-09-29T15:09:00+00:00,west,noaa-goes17,DAY,AUTUMN,CYEG,1,0.0000,0.0000,1.30
2020-05-08T19:49:00+00:00,west,noaa-goes17,DAY,SPRING,CYEG,0,1.0000,1.0000,1.30
2024-01-20T13:30:00+00:00,west,noaa-goes18,NIGHT,WINTER,CYEG,0,0.6667,0.6000,1.30
2022-05-24T01:13:00+00:00,west,noaa-goes17,DAY,SPRING,CYEG,0,1.0000,1.0000,1.30
2020-04-03T21:27:00+00:00,west,noaa-goes17,DAY,SPRING,CYEG,0,1.0000,1.0000,1.30
2023-01-10T08:40:00+00:00,west,noaa-goes18,NIGHT,WINTER,CYEG,0,1.0000,1.0000,1.30
2021-12-22T02:09:00+00:00,west,noaa-goes17,NIGHT,WINTER,CYEG,0,1.0000,1.0000,1.30
2020-10-10T08:25:00+00:00,west,noaa-goes17,NIGHT,AUTUMN,CYEG,0,1.0000,1.0000,1.30
2020-11-30T09:55:00+00:00,west,noaa-goes17,NIGHT,AUTUMN,CYEG,0,1.0000,1.0000,1.30
2025-01-23T13:33:00+00:00,west,noaa-goes18,NIGHT,WINTER,CYEG,0,1.0000,1.0000,1.30
2022-05-26T21:57:00+00:00,west,noaa-goes17,DAY,SPRING,CYEG,0,1.0000,1.0000,1.30
2022-11-28T05:53:00+00:00,west,noaa-goes17,NIGHT,AUTUMN,CYEG,0,1.0000,1.0000,1.30
2024-10-21T10:48:00+00:00,west,noaa-goes18,NIGHT,AUTUMN,CYEG,0,1.0000,1.0000,1.30
2023-05-01T05:12:00+00:00,west,noaa-goes18,NIGHT,SPRING,CYEG,0,1.0000,1.0000,1.30
2023-12-01T13:30:00+00:00,west,noaa-goes18,NIGHT,WINTER,CYEG,0,1.0000,1.0000,1.30
2025-05-01T17:44:00+00:00,west,noaa-goes18,DAY,SPRING,CYEG,1,0.0000,0.0000,1.30
2021-10-20T22:27:00+00:00,west,noaa-goes17,DAY,AUTUMN,CYEG,1,0.0000,0.0000,1.30
2024-05-12T00:35:00+00:00,west,noaa-goes18,DAY,SPRING,CYEG,0,1.0000,1.0000,1.30
2023-07-20T00:09:00+00:00,west,noaa-goes18,DAY,SUMMER,CYEG,1,0.0000,0.0000,1.30
2025-02-21T04:31:00+00:00,west,noaa-goes18,NIGHT,WINTER,CYEG,0,1.0000,1.0000,1.30
2024-07-22T08:33:00+00:00,west,noaa-goes18,NIGHT,SUMMER,CYEG,1,0.0000,0.0000,1.30
2021-05-29T20:28:00+00:00,west,noaa-goes17,DAY,SPRING,CYEG,0,1.0000,1.0000,1.30
2022-02-07T13:44:00+00:00,west,noaa-goes17,NIGHT,WINTER,CYEG,0,1.0000,1.0000,1.30
2021-11-11T19:24:00+00:00,west,noaa-goes17,DAY,AUTUMN,CYEG,1,0.0000,0.0000,1.30
2022-02-21T21:36:00+00:00,west,noaa-goes17,DAY,WINTER,CYEG,0,0.6667,0.4000,1.30
2023-06-11T16:52:00+00:00,west,noaa-goes18,DAY,SUMMER,CYEG,1,0.0000,0.0000,1.30
2021-05-25T22:31:00+00:00,west,noaa-goes17,DAY,SPRING,CYEG,0,1.0000,1.0000,1.30
2025-02-10T13:26:00+00:00,west,noaa-goes18,NIGHT,WINTER,CYEG,1,0.0000,0.0000,1.30
2023-12-11T11:53:00+00:00,west,noaa-goes18,NIGHT,WINTER,CYEG,1,0.0000,0.0000,1.30
2024-10-10T16:48:00+00:00,west,noaa-goes18,DAY,AUTUMN,CYEG,1,0.0000,0.0000,1.30
2023-10-07T03:59:00+00:00,west,noaa-goes18,NIGHT,AUTUMN,CYEG,0,1.0000,1.0000,1.30
2024-03-08T05:35:00+00:00,west,noaa-goes18,NIGHT,SPRING,CYEG,0,1.0000,1.0000,1.30
2021-10-28T17:27:00+00:00,west,noaa-goes17,DAY,AUTUMN,CYEG,0,1.0000,1.0000,1.30
2024-04-11T09:54:00+00:00,west,noaa-goes18,NIGHT,SPRING,CYEG,1,0.0000,0.1200,1.30
2024-11-26T20:18:00+00:00,west,noaa-goes18,DAY,AUTUMN,CYEG,1,0.0000,0.0800,1.30
2021-02-10T02:51:00+00:00,west,noaa-goes17,NIGHT,WINTER,CYEG,1,0.0000,0.0000,1.30
2021-03-01T02:41:00+00:00,west,noaa-goes17,NIGHT,SPRING,CYEG,0,1.0000,1.0000,1.30
2020-03-08T19:59:00+00:00,west,noaa-goes17,DAY,SPRING,CYEG,1,0.1111,0.0800,1.30
2021-02-12T20:28:00+00:00,west,noaa-goes17,DAY,WINTER,CYEG,0,1.0000,1.0000,1.30
2025-08-23T18:51:00+00:00,west,noaa-goes18,DAY,SUMMER,CYEG,1,0.0000,0.0000,1.30
2020-05-13T21:18:00+00:00,west,noaa-goes17,DAY,SPRING,CYEG,1,0.0000,0.0000,1.30
2024-09-18T06:14:00+00:00,west,noaa-goes18,NIGHT,AUTUMN,CYEG,0,1.0000,1.0000,1.30
2025-02-05T17:24:00+00:00,west,noaa-goes18,DAY,WINTER,CYEG,1,0.3333,0.4000,1.30
2024-06-09T00:23:00+00:00,west,noaa-goes18,DAY,SUMMER,CYEG,0,1.0000,1.0000,1.30
2022-07-06T16:18:00+00:00,west,noaa-goes17,DAY,SUMMER,CYEG,0,1.0000,1.0000,1.30
2023-01-01T21:16:00+00:00,west,noaa-goes17,DAY,WINTER,CYEG,1,0.0000,0.0000,1.30
2023-06-13T13:43:00+00:00,west,noaa-goes18,DAY,SUMMER,CYEG,0,1.0000,1.0000,1.30
2022-09-16T00:57:00+00:00,west,noaa-goes17,DAY,AUTUMN,CYEG,0,1.0000,1.0000,1.30
2024-08-25T01:00:00+00:00,west,noaa-goes18,DAY,SUMMER,CYEG,0,1.0000,1.0000,1.30
2020-04-17T04:50:00+00:00,west,noaa-goes17,NIGHT,SPRING,CYEG,0,1.0000,1.0000,1.30
2024-03-13T16:52:00+00:00,west,noaa-goes18,DAY,SPRING,CYEG,0,1.0000,1.0000,1.30
2024-10-27T07:35:00+00:00,west,noaa-goes18,NIGHT,AUTUMN,CYEG,0,1.0000,1.0000,1.30
2024-05-22T06:39:00+00:00,west,noaa-goes18,NIGHT,SPRING,CYEG,0,1.0000,1.0000,1.30
2024-05-30T01:51:00+00:00,west,noaa-goes18,DAY,SPRING,CYEG,0,1.0000,1.0000,1.30
2024-10-23T04:40:00+00:00,west,noaa-goes18,NIGHT,AUTUMN,CYEG,1,0.0000,0.0000,1.30
2024-05-18T23:11:00+00:00,west,noaa-goes18,DAY,SPRING,CYEG,0,1.0000,0.9600,1.30
2021-02-11T22:51:00+00:00,west,noaa-goes17,DAY,WINTER,CYEG,1,0.1111,0.1200,1.30
2021-06-01T16:07:00+00:00,west,noaa-goes17,DAY,SUMMER,CYEG,0,1.0000,1.0000,1.30
2024-05-24T20:58:00+00:00,west,noaa-goes18,DAY,SPRING,CYEG,0,1.0000,0.9600,1.30
2022-12-01T17:10:00+00:00,west,noaa-goes17,DAY,WINTER,CYEG,1,0.0000,0.0800,1.30
2023-08-13T06:05:00+00:00,west,noaa-goes18,NIGHT,SUMMER,CYEG,1,0.0000,0.0000,1.30
2020-02-17T20:49:00+00:00,west,noaa-goes17,DAY,WINTER,CYEG,0,1.0000,1.0000,1.30
2021-09-18T00:39:00+00:00,west,noaa-goes17,DAY,AUTUMN,CYEG,0,1.0000,1.0000,1.30
2020-11-18T18:24:00+00:00,west,noaa-goes17,DAY,AUTUMN,CYEG,0,1.0000,1.0000,1.30
2020-04-13T23:46:00+00:00,west,noaa-goes17,DAY,SPRING,CYEG,0,1.0000,1.0000,1.30
2021-06-18T14:40:00+00:00,west,noaa-goes17,DAY,SUMMER,CYEG,1,0.0000,0.0400,1.30
2024-01-06T05:15:00+00:00,west,noaa-goes18,NIGHT,WINTER,CYEG,0,1.0000,1.0000,1.30
2022-10-01T23:49:00+00:00,west,noaa-goes17,DAY,AUTUMN,CYEG,1,0.0000,0.0000,1.30
2024-03-28T08:42:00+00:00,west,noaa-goes18,NIGHT,SPRING,CYEG,0,1.0000,1.0000,1.30
2020-07-30T08:05:00+00:00,west,noaa-goes17,NIGHT,SUMMER,CYEG,0,1.0000,1.0000,1.30
2021-08-11T20:01:00+00:00,west,noaa-goes17,DAY,SUMMER,CYEG,0,0.7778,0.9200,1.30
2021-02-27T03:29:00+00:00,west,noaa-goes17,NIGHT,WINTER,CYEG,0,1.0000,0.9600,1.30
2023-03-02T08:57:00+00:00,west,noaa-goes18,NIGHT,SPRING,CYEG,0,1.0000,1.0000,1.30
2022-01-09T02:04:00+00:00,west,noaa-goes17,NIGHT,WINTER,CYEG,1,0.1111,0.1600,1.30
2025-07-04T00:26:00+00:00,west,noaa-goes18,DAY,SUMMER,CYEG,1,0.4444,0.5200,1.30
2020-10-28T15:40:00+00:00,west,noaa-goes17,DAY,AUTUMN,CYEG,0,0.8889,0.7600,1.30
2020-11-08T06:43:00+00:00,west,noaa-goes17,NIGHT,AUTUMN,CYEG,0,1.0000,1.0000,1.30
2023-07-08T20:58:00+00:00,west,noaa-goes18,DAY,SUMMER,CYEG,1,0.0000,0.0000,1.30
2025-01-20T05:11:00+00:00,west,noaa-goes18,NIGHT,WINTER,CYEG,1,0.0000,0.0000,1.30
2023-05-08T00:57:00+00:00,west,noaa-goes18,DAY,SPRING,CYEG,0,0.5556,0.5200,1.30
2022-01-01T21:36:00+00:00,west,noaa-goes17,DAY,WINTER,CYEG,0,1.0000,1.0000,1.30
2020-01-21T05:33:00+00:00,west,noaa-goes17,NIGHT,WINTER,CYEG,0,1.0000,1.0000,1.30
2022-11-08T03:12:00+00:00,west,noaa-goes17,NIGHT,AUTUMN,CYEG,0,1.0000,1.0000,1.30
2020-05-01T17:01:00+00:00,west,noaa-goes17,DAY,SPRING,CYEG,1,0.0000,0.0000,1.30
2025-10-22T16:48:00+00:00,west,noaa-goes18,DAY,AUTUMN,CYEG,1,0.0000,0.0000,1.30
2021-09-16T06:55:00+00:00,west,noaa-goes17,NIGHT,AUTUMN,CYEG,1,0.0000,0.0000,1.30
2024-02-03T03:57:00+00:00,west,noaa-goes18,NIGHT,WINTER,CYEG,0,1.0000,1.0000,1.30
2022-06-07T00:20:00+00:00,west,noaa-goes17,DAY,SUMMER,CYEG,0,1.0000,1.0000,1.30
2021-07-21T07:05:00+00:00,west,noaa-goes17,NIGHT,SUMMER,CYEG,0,1.0000,1.0000,1.30
2021-06-02T08:17:00+00:00,west,noaa-goes17,NIGHT,SUMMER,CYEG,0,1.0000,1.0000,1.30
2025-05-26T06:05:00+00:00,west,noaa-goes18,NIGHT,SPRING,CYEG,1,0.1111,0.2400,1.30
2023-04-20T14:47:00+00:00,west,noaa-goes18,DAY,SPRING,CYEG,0,1.0000,1.0000,1.30
2025-07-23T13:32:00+00:00,west,noaa-goes18,DAY,SUMMER,CYEG,0,0.5556,0.4800,1.30
2021-12-09T06:43:00+00:00,west,noaa-goes17,NIGHT,WINTER,CYEG,1,0.0000,0.0000,1.30
2023-02-25T12:06:00+00:00,west,noaa-goes18,NIGHT,WINTER,CYEG,1,0.0000,0.0000,1.30
2022-04-23T23:31:00+00:00,west,noaa-goes17,DAY,SPRING,CYEG,0,1.0000,1.0000,1.30
2023-01-17T10:39:00+00:00,west,noaa-goes18,NIGHT,WINTER,CYEG,0,1.0000,1.0000,1.30
2021-03-16T19:24:00+00:00,west,noaa-goes17,DAY,SPRING,CYEG,1,0.1111,0.2400,1.30
2024-10-24T06:36:00+00:00,west,noaa-goes18,NIGHT,AUTUMN,CYEG,0,1.0000,1.0000,1.30
2023-12-16T11:57:00+00:00,west,noaa-goes18,NIGHT,WINTER,CYEG,0,1.0000,1.0000,1.30
2020-09-20T14:10:00+00:00,west,noaa-goes17,DAY,AUTUMN,CYEG,0,1.0000,1.0000,1.30
2020-05-18T16:16:00+00:00,west,noaa-goes17,DAY,SPRING,CYEG,0,1.0000,1.0000,1.30
2024-08-05T09:38:00+00:00,west,noaa-goes18,NIGHT,SUMMER,CYEG,0,1.0000,1.0000,1.30
2025-12-12T11:25:00+00:00,west,noaa-goes18,NIGHT,WINTER,CYEG,0,1.0000,1.0000,1.30
2023-08-14T13:50:00+00:00,west,noaa-goes18,DAY,SUMMER,CYEG,0,1.0000,1.0000,1.30
2022-01-31T11:15:00+00:00,west,noaa-goes17,NIGHT,WINTER,CYEG,0,1.0000,1.0000,1.30
2024-03-02T11:09:00+00:00,west,noaa-goes18,NIGHT,SPRING,CYEG,0,1.0000,1.0000,1.30
2023-07-11T03:00:00+00:00,west,noaa-goes18,DAY,SUMMER,CYEG,0,1.0000,1.0000,1.30
2023-07-28T22:00:00+00:00,west,noaa-goes18,DAY,SUMMER,CYEG,0,1.0000,1.0000,1.30
2023-09-09T06:29:00+00:00,west,noaa-goes18,NIGHT,AUTUMN,CYEG,1,0.0000,0.0000,1.30
2023-08-10T07:35:00+00:00,west,noaa-goes18,NIGHT,SUMMER,CYEG,1,0.0000,0.0000,1.30
2022-05-19T16:13:00+00:00,west,noaa-goes17,DAY,SPRING,CYEG,0,1.0000,1.0000,1.30
2021-02-25T17:17:00+00:00,west,noaa-goes17,DAY,WINTER,CYEG,0,1.0000,1.0000,1.30
2020-11-02T18:57:00+00:00,west,noaa-goes17,DAY,AUTUMN,CYEG,0,1.0000,1.0000,1.30
2024-09-23T21:48:00+00:00,west,noaa-goes18,DAY,AUTUMN,CYEG,0,1.0000,1.0000,1.30
2024-11-17T10:52:00+00:00,west,noaa-goes18,NIGHT,AUTUMN,CYEG,1,0.0000,0.0000,1.30
2023-08-04T06:12:00+00:00,west,noaa-goes18,NIGHT,SUMMER,CYEG,1,0.0000,0.0000,1.30
2020-07-22T15:31:00+00:00,west,noaa-goes17,DAY,SUMMER,CYEG,0,0.8889,0.7200,1.30
2020-07-10T08:26:00+00:00,west,noaa-goes17,NIGHT,SUMMER,CYEG,1,0.0000,0.0400,1.30
2021-12-01T19:20:00+00:00,west,noaa-goes17,DAY,WINTER,CYEG,0,1.0000,1.0000,1.30
2024-04-17T07:36:00+00:00,west,noaa-goes18,NIGHT,SPRING,CYEG,0,1.0000,1.0000,1.30
2020-03-28T09:01:00+00:00,west,noaa-goes17,NIGHT,SPRING,CYEG,0,1.0000,1.0000,1.30
2023-10-13T20:01:00+00:00,west,noaa-goes18,DAY,AUTUMN,CYEG,0,0.7778,0.6400,1.30
2020-10-11T15:06:00+00:00,west,noaa-goes17,DAY,AUTUMN,CYEG,0,1.0000,1.0000,1.30
2024-08-27T23:19:00+00:00,west,noaa-goes18,DAY,SUMMER,CYEG,0,1.0000,1.0000,1.30
2023-01-30T10:48:00+00:00,west,noaa-goes18,NIGHT,WINTER,CYEG,0,1.0000,1.0000,1.30
2023-11-17T12:05:00+00:00,west,noaa-goes18,NIGHT,AUTUMN,CYEG,0,1.0000,1.0000,1.30
2023-07-06T15:39:00+00:00,west,noaa-goes18,DAY,SUMMER,CYEG,0,1.0000,1.0000,1.30
2020-07-11T12:19:00+00:00,west,noaa-goes17,DAY,SUMMER,CYEG,0,1.0000,0.7600,1.30
2021-02-24T00:14:00+00:00,west,noaa-goes17,DAY,WINTER,CYEG,0,1.0000,1.0000,1.30
2020-07-14T00:08:00+00:00,west,noaa-goes17,DAY,SUMMER,CYEG,0,1.0000,1.0000,1.30
2021-03-06T10:55:00+00:00,west,noaa-goes17,NIGHT,SPRING,CYEG,1,0.0000,0.1200,1.30
2024-11-19T07:10:00+00:00,west,noaa-goes18,NIGHT,AUTUMN,CYEG,0,0.6667,0.4400,1.30
2020-12-26T06:46:00+00:00,west,noaa-goes17,NIGHT,WINTER,CYEG,0,0.6667,0.6000,1.30
2024-02-19T17:00:00+00:00,west,noaa-goes18,DAY,WINTER,CYEG,1,0.0000,0.0000,1.30
2020-08-03T08:56:00+00:00,west,noaa-goes17,NIGHT,SUMMER,CYEG,0,1.0000,1.0000,1.30
2020-06-25T03:03:00+00:00,west,noaa-goes17,DAY,SUMMER,CYEG,1,0.0000,0.0000,1.30
2023-05-31T02:16:00+00:00,west,noaa-goes18,DAY,SPRING,CYEG,0,0.8889,0.9200,1.30
2023-09-10T22:39:00+00:00,west,noaa-goes18,DAY,AUTUMN,CYEG,1,0.0000,0.0000,1.30
2024-04-03T08:44:00+00:00,west,noaa-goes18,NIGHT,SPRING,CYEG,0,1.0000,1.0000,1.30
2021-11-28T04:37:00+00:00,west,noaa-goes17,NIGHT,AUTUMN,CYEG,0,1.0000,1.0000,1.30
2025-03-02T03:08:00+00:00,west,noaa-goes18,NIGHT,SPRING,CYEG,1,0.0000,0.0000,1.30
2024-08-19T20:28:00+00:00,west,noaa-goes18,DAY,SUMMER,CYEG,1,0.0000,0.0000,1.30
2021-05-16T16:33:00+00:00,west,noaa-goes17,DAY,SPRING,CYEG,0,1.0000,1.0000,1.30
2022-09-12T18:30:00+00:00,west,noaa-goes17,DAY,AUTUMN,CYEG,1,0.0000,0.0000,1.30
2025-06-30T08:20:00+00:00,west,noaa-goes18,NIGHT,SUMMER,CYEG,1,0.0000,0.0000,1.30
2025-05-31T07:05:00+00:00,west,noaa-goes18,NIGHT,SPRING,CYEG,1,0.0000,0.0000,1.30
2022-12-16T09:45:00+00:00,west,noaa-goes17,NIGHT,WINTER,CYEG,0,0.8889,0.8800,1.30
2020-12-05T11:35:00+00:00,west,noaa-goes17,NIGHT,WINTER,CYEG,1,0.0000,0.0000,1.30
2022-09-19T21:41:00+00:00,west,noaa-goes17,DAY,AUTUMN,CYEG,0,1.0000,1.0000,1.30
2022-04-23T22:04:00+00:00,west,noaa-goes17,DAY,SPRING,CYEG,0,1.0000,1.0000,1.30
2022-05-20T00:42:00+00:00,west,noaa-goes17,DAY,SPRING,CYEG,0,1.0000,1.0000,1.30
2022-06-04T14:52:00+00:00,west,noaa-goes17,DAY,SUMMER,CYEG,0,1.0000,1.0000,1.30
2024-04-26T06:31:00+00:00,west,noaa-goes18,NIGHT,SPRING,CYEG,0,1.0000,1.0000,1.30
2021-03-04T10:13:00+00:00,west,noaa-goes17,NIGHT,SPRING,CYEG,0,1.0000,1.0000,1.30
2025-12-01T16:54:00+00:00,west,noaa-goes18,DAY,WINTER,CYEG,0,1.0000,1.0000,1.30
2025-02-02T20:09:00+00:00,west,noaa-goes18,DAY,WINTER,CYEG,0,1.0000,1.0000,1.30
2025-08-28T03:58:00+00:00,west,noaa-goes18,NIGHT,SUMMER,CYEG,0,1.0000,1.0000,1.30
2021-06-16T07:58:00+00:00,west,noaa-goes17,NIGHT,SUMMER,CYEG,0,1.0000,1.0000,1.30
2024-01-29T12:28:00+00:00,west,noaa-goes18,NIGHT,WINTER,CYEG,0,1.0000,1.0000,1.30
2025-10-04T06:49:00+00:00,west,noaa-goes18,NIGHT,AUTUMN,CYEG,0,1.0000,1.0000,1.30
2023-02-12T13:10:00+00:00,west,noaa-goes18,NIGHT,WINTER,CYEG,0,1.0000,1.0000,1.30
2023-06-12T18:41:00+00:00,west,noaa-goes18,DAY,SUMMER,CYEG,1,0.0000,0.0000,1.30
2021-02-22T04:29:00+00:00,west,noaa-goes17,NIGHT,WINTER,CYEG,0,1.0000,1.0000,1.30
2021-03-14T23:07:00+00:00,west,noaa-goes17,DAY,SPRING,CYEG,0,1.0000,1.0000,1.30
2022-09-12T00:57:00+00:00,west,noaa-goes17,DAY,AUTUMN,CYEG,0,1.0000,1.0000,1.30
2025-03-02T05:17:00+00:00,west,noaa-goes18,NIGHT,SPRING,CYEG,1,0.0000,0.0000,1.30
2020-04-27T15:42:00+00:00,west,noaa-goes17,DAY,SPRING,CYEG,0,1.0000,1.0000,1.30
2022-12-23T03:59:00+00:00,west,noaa-goes17,NIGHT,WINTER,CYEG,1,0.0000,0.0800,1.30
2020-12-10T11:27:00+00:00,west,noaa-goes17,NIGHT,WINTER,CYEG,1,0.8889,0.9200,1.30
2025-08-18T13:32:00+00:00,west,noaa-goes18,DAY,SUMMER,CYEG,0,0.8889,0.7600,1.30
2023-01-21T11:06:00+00:00,west,noaa-goes18,NIGHT,WINTER,CYEG,0,1.0000,1.0000,1.30
2020-07-20T20:24:00+00:00,west,noaa-goes17,DAY,SUMMER,CYEG,1,0.0000,0.0800,1.30
2024-09-26T06:18:00+00:00,west,noaa-goes18,NIGHT,AUTUMN,CYEG,0,1.0000,1.0000,1.30
2022-02-14T12:11:00+00:00,west,noaa-goes17,NIGHT,WINTER,CYEG,0,1.0000,1.0000,1.30
2023-02-04T16:38:00+00:00,west,noaa-goes18,DAY,WINTER,CYEG,0,1.0000,1.0000,1.30
2025-07-14T16:27:00+00:00,west,noaa-goes18,DAY,SUMMER,CYEG,0,1.0000,1.0000,1.30
2022-10-16T03:14:00+00:00,west,noaa-goes17,NIGHT,AUTUMN,CYEG,0,1.0000,1.0000,1.30
2020-05-26T18:17:00+00:00,west,noaa-goes17,DAY,SPRING,CYEG,0,1.0000,1.0000,1.30
2024-07-15T12:25:00+00:00,west,noaa-goes18,DAY,SUMMER,CYEG,0,1.0000,1.0000,1.30
2021-12-01T06:22:00+00:00,west,noaa-goes17,NIGHT,WINTER,CYEG,0,1.0000,1.0000,1.30
2023-03-25T22:38:00+00:00,west,noaa-goes18,DAY,SPRING,CYEG,1,0.2222,0.2000,1.30
2023-03-25T23:00:00+00:00,west,noaa-goes18,DAY,SPRING,CYEG,1,0.3333,0.5600,1.30
2021-01-21T05:32:00+00:00,west,noaa-goes17,NIGHT,WINTER,CYEG,1,0.1111,0.2800,1.30
2025-05-06T23:19:00+00:00,west,noaa-goes18,DAY,SPRING,CYEG,1,0.0000,0.0000,1.30
2022-09-04T05:20:00+00:00,west,noaa-goes17,NIGHT,AUTUMN,CYEG,0,0.7778,0.6800,1.30
2020-10-11T05:11:00+00:00,west,noaa-goes17,NIGHT,AUTUMN,CYEG,0,1.0000,1.0000,1.30
2023-09-22T14:09:00+00:00,west,noaa-goes18,DAY,AUTUMN,CYEG,1,0.0000,0.0000,1.30
2020-02-22T21:30:00+00:00,west,noaa-goes17,DAY,WINTER,CYEG,0,1.0000,1.0000,1.30
2024-10-18T10:01:00+00:00,west,noaa-goes18,NIGHT,AUTUMN,CYEG,0,1.0000,1.0000,1.30
2021-12-28T08:56:00+00:00,west,noaa-goes17,NIGHT,WINTER,CYEG,1,0.0000,0.0800,1.30
2020-11-11T05:43:00+00:00,west,noaa-goes17,NIGHT,AUTUMN,CYEG,1,0.2222,0.2000,1.30
2020-02-09T19:22:00+00:00,west,noaa-goes17,DAY,WINTER,CYEG,0,1.0000,1.0000,1.30
2025-04-24T18:00:00+00:00,west,noaa-goes18,DAY,SPRING,CYEG,1,0.0000,0.0400,1.30
2025-06-23T07:30:00+00:00,west,noaa-goes18,NIGHT,SUMMER,CYEG,0,1.0000,1.0000,1.30
2020-03-12T18:43:00+00:00,west,noaa-goes17,DAY,SPRING,CYEG,0,1.0000,1.0000,1.30
2023-04-05T07:33:00+00:00,west,noaa-goes18,NIGHT,SPRING,CYEG,0,0.8889,0.9200,1.30
2025-08-22T05:48:00+00:00,west,noaa-goes18,NIGHT,SUMMER,CYEG,0,1.0000,1.0000,1.30
2023-06-01T23:21:00+00:00,west,noaa-goes18,DAY,SUMMER,CYEG,0,1.0000,1.0000,1.30
2023-12-07T17:16:00+00:00,west,noaa-goes18,DAY,WINTER,CYEG,0,1.0000,1.0000,1.30
2025-06-15T08:23:00+00:00,west,noaa-goes18,NIGHT,SUMMER,CYEG,1,0.0000,0.0000,1.30
2023-12-15T09:45:00+00:00,west,noaa-goes18,NIGHT,WINTER,CYEG,0,1.0000,1.0000,1.30
2023-09-28T16:49:00+00:00,west,noaa-goes18,DAY,AUTUMN,CYEG,1,0.0000,0.0400,1.30
2020-03-25T04:26:00+00:00,west,noaa-goes17,NIGHT,SPRING,CYEG,0,1.0000,1.0000,1.30
2022-06-21T21:09:00+00:00,west,noaa-goes17,DAY,SUMMER,CYEG,1,0.1111,0.0800,1.30
2022-09-27T18:47:00+00:00,west,noaa-goes17,DAY,AUTUMN,CYEG,1,0.0000,0.0000,1.30
2024-10-30T11:13:00+00:00,west,noaa-goes18,NIGHT,AUTUMN,CYEG,1,0.0000,0.0000,1.30
2020-12-31T06:58:00+00:00,west,noaa-goes17,NIGHT,WINTER,CYEG,0,1.0000,1.0000,1.30
2024-03-27T20:06:00+00:00,west,noaa-goes18,DAY,SPRING,CYEG,0,0.8889,0.9200,1.30
2023-01-26T20:43:00+00:00,west,noaa-goes18,DAY,WINTER,CYEG,0,1.0000,0.8800,1.30
2022-12-22T21:22:00+00:00,west,noaa-goes17,DAY,WINTER,CYEG,1,0.0000,0.0400,1.30
2024-09-05T08:19:00+00:00,west,noaa-goes18,NIGHT,AUTUMN,CYEG,1,0.0000,0.0000,1.30
2025-10-31T22:21:00+00:00,west,noaa-goes18,DAY,AUTUMN,CYEG,0,1.0000,1.0000,1.30
2021-05-18T13:50:00+00:00,west,noaa-goes17,DAY,SPRING,CYEG,0,1.0000,1.0000,1.30
2025-02-06T18:50:00+00:00,west,noaa-goes18,DAY,WINTER,CYEG,0,0.7778,0.5600,1.30
2023-11-22T09:07:00+00:00,west,noaa-goes18,NIGHT,AUTUMN,CYEG,0,1.0000,1.0000,1.30
2021-08-25T14:43:00+00:00,west,noaa-goes17,DAY,SUMMER,CYEG,0,1.0000,1.0000,1.30
2021-09-07T16:18:00+00:00,west,noaa-goes17,DAY,AUTUMN,CYEG,0,1.0000,1.0000,1.30
2023-04-22T00:29:00+00:00,west,noaa-goes18,DAY,SPRING,CYEG,0,1.0000,1.0000,1.30
2021-05-20T01:31:00+00:00,west,noaa-goes17,DAY,SPRING,CYEG,0,1.0000,1.0000,1.30
2023-06-06T00:27:00+00:00,west,noaa-goes18,DAY,SUMMER,CYEG,1,0.2222,0.3600,1.30
2023-12-13T21:53:00+00:00,west,noaa-goes18,DAY,WINTER,CYEG,0,1.0000,1.0000,1.30
2020-01-03T01:16:00+00:00,west,noaa-goes17,NIGHT,WINTER,CYEG,0,1.0000,1.0000,1.30
2023-03-06T16:42:00+00:00,west,noaa-goes18,DAY,SPRING,CYEG,0,0.6667,0.6000,1.30
2021-09-27T02:45:00+00:00,west,noaa-goes17,NIGHT,AUTUMN,CYEG,0,1.0000,1.0000,1.30
2023-01-13T04:46:00+00:00,west,noaa-goes18,NIGHT,WINTER,CYEG,0,1.0000,1.0000,1.30
2020-11-26T09:14:00+00:00,west,noaa-goes17,NIGHT,AUTUMN,CYEG,0,1.0000,1.0000,1.30
2020-05-11T15:59:00+00:00,west,noaa-goes17,DAY,SPRING,CYEG,0,1.0000,1.0000,1.30
2023-12-23T07:51:00+00:00,west,noaa-goes18,NIGHT,WINTER,CYEG,0,1.0000,1.0000,1.30
2024-05-01T13:25:00+00:00,west,noaa-goes18,DAY,SPRING,CYEG,0,1.0000,1.0000,1.30
2021-02-05T08:58:00+00:00,west,noaa-goes17,NIGHT,WINTER,CYEG,1,0.0000,0.0000,1.30
2023-05-22T19:19:00+00:00,west,noaa-goes18,DAY,SPRING,CYEG,0,1.0000,1.0000,1.30
2021-12-10T18:27:00+00:00,west,noaa-goes17,DAY,WINTER,CYEG,0,1.0000,1.0000,1.30
2023-08-13T18:08:00+00:00,west,noaa-goes18,DAY,SUMMER,CYEG,1,0.0000,0.0000,1.30
2022-03-28T08:08:00+00:00,west,noaa-goes17,NIGHT,SPRING,CYEG,0,1.0000,1.0000,1.30
2024-09-01T17:12:00+00:00,west,noaa-goes18,DAY,AUTUMN,CYEG,1,0.0000,0.0000,1.30
2023-05-18T09:05:00+00:00,west,noaa-goes18,NIGHT,SPRING,CYEG,1,0.0000,0.0000,1.30
2023-05-02T18:59:00+00:00,west,noaa-goes18,DAY,SPRING,CYEG,1,0.7778,0.8000,1.30
2025-03-03T17:11:00+00:00,west,noaa-goes18,DAY,SPRING,CYEG,0,1.0000,1.0000,1.30
2021-07-21T16:28:00+00:00,west,noaa-goes17,DAY,SUMMER,CYEG,0,1.0000,1.0000,1.30
2023-07-07T16:59:00+00:00,west,noaa-goes18,DAY,SUMMER,CYEG,1,0.0000,0.0400,1.30
2024-08-07T14:01:00+00:00,west,noaa-goes18,DAY,SUMMER,CYEG,0,1.0000,1.0000,1.30
2021-07-29T19:58:00+00:00,west,noaa-goes17,DAY,SUMMER,CYEG,1,0.2222,0.2400,1.30
2023-05-23T07:37:00+00:00,west,noaa-goes18,NIGHT,SPRING,CYEG,0,1.0000,1.0000,1.30
2025-09-28T11:08:00+00:00,west,noaa-goes18,NIGHT,AUTUMN,CYEG,0,1.0000,1.0000,1.30
2023-04-16T01:48:00+00:00,west,noaa-goes18,DAY,SPRING,CYEG,0,1.0000,1.0000,1.30
2020-08-10T02:03:00+00:00,west,noaa-goes17,DAY,SUMMER,CYEG,1,0.0000,0.0000,1.30
2023-01-11T20:06:00+00:00,west,noaa-goes18,DAY,WINTER,CYEG,0,0.8889,0.7600,1.30
2023-09-27T19:06:00+00:00,west,noaa-goes18,DAY,AUTUMN,CYEG,1,0.3333,0.4000,1.30
2023-04-05T18:30:00+00:00,west,noaa-goes18,DAY,SPRING,CYEG,1,0.0000,0.0000,1.30
2025-09-23T23:45:00+00:00,west,noaa-goes18,DAY,AUTUMN,CYEG,1,0.0000,0.0000,1.30
2020-08-05T22:13:00+00:00,west,noaa-goes17,DAY,SUMMER,CYEG,1,0.0000,0.0000,1.30
2025-10-15T04:35:00+00:00,west,noaa-goes18,NIGHT,AUTUMN,CYEG,1,0.0000,0.0000,1.30
2021-09-25T09:40:00+00:00,west,noaa-goes17,NIGHT,AUTUMN,CYEG,0,1.0000,1.0000,1.30
2023-06-27T23:59:00+00:00,west,noaa-goes18,DAY,SUMMER,CYEG,0,1.0000,1.0000,1.30
2020-01-01T04:38:00+00:00,west,noaa-goes17,NIGHT,WINTER,CYEG,0,1.0000,1.0000,1.30
2021-05-10T16:06:00+00:00,west,noaa-goes17,DAY,SPRING,CYEG,1,0.0000,0.0000,1.30
2022-10-09T06:06:00+00:00,west,noaa-goes17,NIGHT,AUTUMN,CYEG,0,1.0000,0.9600,1.30
2025-04-24T00:53:00+00:00,west,noaa-goes18,DAY,SPRING,CYEG,0,0.7778,0.8000,1.30
2025-09-02T14:25:00+00:00,west,noaa-goes18,DAY,AUTUMN,CYEG,0,1.0000,1.0000,1.30
2024-07-15T15:11:00+00:00,west,noaa-goes18,DAY,SUMMER,CYEG,0,1.0000,1.0000,1.30
2022-08-20T17:16:00+00:00,west,noaa-goes17,DAY,SUMMER,CYEG,0,1.0000,1.0000,1.30
2024-12-03T21:39:00+00:00,west,noaa-goes18,DAY,WINTER,CYEG,1,0.0000,0.0000,1.30
2021-05-19T13:09:00+00:00,west,noaa-goes17,DAY,SPRING,CYEG,0,1.0000,1.0000,1.30
2020-03-29T05:09:00+00:00,west,noaa-goes17,NIGHT,SPRING,CYEG,0,1.0000,1.0000,1.30
2022-09-12T05:32:00+00:00,west,noaa-goes17,NIGHT,AUTUMN,CYEG,0,1.0000,1.0000,1.30
2022-03-31T15:30:00+00:00,west,noaa-goes17,DAY,SPRING,CYEG,0,1.0000,1.0000,1.30
2023-04-02T09:42:00+00:00,west,noaa-goes18,NIGHT,SPRING,CYEG,0,1.0000,1.0000,1.30
2021-02-13T18:31:00+00:00,west,noaa-goes17,DAY,WINTER,CYEG,1,0.5556,0.5200,1.30
2024-02-13T21:17:00+00:00,west,noaa-goes18,DAY,WINTER,CYEG,1,0.0000,0.0000,1.30
2024-05-21T12:44:00+00:00,west,noaa-goes18,DAY,SPRING,CYEG,0,1.0000,1.0000,1.30
2024-10-06T04:01:00+00:00,west,noaa-goes18,NIGHT,AUTUMN,CYEG,1,0.0000,0.0000,1.30
2024-05-14T00:37:00+00:00,west,noaa-goes18,DAY,SPRING,CYEG,0,1.0000,1.0000,1.30
2023-05-25T01:41:00+00:00,west,noaa-goes18,DAY,SPRING,CYEG,0,1.0000,1.0000,1.30
2024-12-25T01:58:00+00:00,west,noaa-goes18,NIGHT,WINTER,CYEG,0,1.0000,1.0000,1.30
2023-12-23T04:29:00+00:00,west,noaa-goes18,NIGHT,WINTER,CYEG,0,1.0000,1.0000,1.30
2025-02-20T08:00:00+00:00,west,noaa-goes18,NIGHT,WINTER,CYEG,1,0.0000,0.0000,1.30
2025-08-23T06:22:00+00:00,west,noaa-goes18,NIGHT,SUMMER,CYEG,1,0.0000,0.0000,1.30
2025-11-20T12:32:00+00:00,west,noaa-goes18,NIGHT,AUTUMN,CYEG,1,0.0000,0.0000,1.30
2020-09-14T05:41:00+00:00,west,noaa-goes17,NIGHT,AUTUMN,CYEG,0,1.0000,1.0000,1.30
2021-09-12T11:41:00+00:00,west,noaa-goes17,NIGHT,AUTUMN,CYEG,0,1.0000,1.0000,1.30
2021-07-27T08:50:00+00:00,west,noaa-goes17,NIGHT,SUMMER,CYEG,0,0.6667,0.6400,1.30
2025-06-04T12:30:00+00:00,west,noaa-goes18,DAY,SUMMER,CYEG,1,0.0000,0.0800,1.30
2022-01-08T18:45:00+00:00,west,noaa-goes17,DAY,WINTER,CYEG,1,0.3333,0.2400,1.30
2025-09-07T21:33:00+00:00,west,noaa-goes18,DAY,AUTUMN,CYEG,0,1.0000,1.0000,1.30
2022-11-27T04:44:00+00:00,west,noaa-goes17,NIGHT,AUTUMN,CYEG,0,1.0000,1.0000,1.30
2023-08-20T18:37:00+00:00,west,noaa-goes18,DAY,SUMMER,CYEG,1,0.3333,0.2400,1.30
2023-11-26T18:39:00+00:00,west,noaa-goes18,DAY,AUTUMN,CYEG,0,1.0000,1.0000,1.30
2024-07-11T02:02:00+00:00,west,noaa-goes18,DAY,SUMMER,CYEG,1,0.5556,0.5600,1.30
2020-04-30T23:10:00+00:00,west,noaa-goes17,DAY,SPRING,CYEG,0,1.0000,1.0000,1.30
2021-03-11T15:59:00+00:00,west,noaa-goes17,DAY,SPRING,CYEG,0,0.8889,0.7200,1.30
2022-08-06T23:50:00+00:00,west,noaa-goes17,DAY,SUMMER,CYEG,0,1.0000,1.0000,1.30
2024-04-22T13:59:00+00:00,west,noaa-goes18,DAY,SPRING,CYEG,1,0.0000,0.2800,1.30
2022-10-22T03:02:00+00:00,west,noaa-goes17,NIGHT,AUTUMN,CYEG,0,1.0000,1.0000,1.30
2024-03-13T19:40:00+00:00,west,noaa-goes18,DAY,SPRING,CYEG,0,1.0000,1.0000,1.30
2020-04-30T05:20:00+00:00,west,noaa-goes17,NIGHT,SPRING,CYEG,0,1.0000,1.0000,1.30
2021-03-16T22:28:00+00:00,west,noaa-goes17,DAY,SPRING,CYEG,1,0.0000,0.0400,1.30
2024-03-26T04:40:00+00:00,west,noaa-goes18,NIGHT,SPRING,CYEG,1,0.0000,0.3600,1.30
2022-03-29T06:16:00+00:00,west,noaa-goes17,NIGHT,SPRING,CYEG,1,0.0000,0.1200,1.30
2025-07-04T14:43:00+00:00,west,noaa-goes18,DAY,SUMMER,CYEG,1,0.0000,0.0000,1.30
2023-03-17T07:12:00+00:00,west,noaa-goes18,NIGHT,SPRING,CYEG,1,0.0000,0.0000,1.30
2025-12-04T06:05:00+00:00,west,noaa-goes18,NIGHT,WINTER,CYEG,0,1.0000,1.0000,1.30
2020-04-09T20:42:00+00:00,west,noaa-goes17,DAY,SPRING,CYEG,0,1.0000,1.0000,1.30
2021-01-29T06:02:00+00:00,west,noaa-goes17,NIGHT,WINTER,CYEG,0,0.8889,0.8800,1.30
2021-07-29T00:23:00+00:00,west,noaa-goes17,DAY,SUMMER,CYEG,1,0.0000,0.0000,1.30
2024-07-29T18:34:00+00:00,west,noaa-goes18,DAY,SUMMER,CYEG,0,1.0000,1.0000,1.30
2022-04-29T18:52:00+00:00,west,noaa-goes17,DAY,SPRING,CYEG,0,0.6667,0.6000,1.30
2025-04-24T16:22:00+00:00,west,noaa-goes18,DAY,SPRING,CYEG,1,0.0000,0.0000,1.30
2023-12-31T19:57:00+00:00,west,noaa-goes18,DAY,WINTER,CYEG,0,1.0000,1.0000,1.30
2021-07-18T02:28:00+00:00,west,noaa-goes17,DAY,SUMMER,CYEG,0,1.0000,1.0000,1.30
2024-10-17T20:24:00+00:00,west,noaa-goes18,DAY,AUTUMN,CYEG,1,0.0000,0.0400,1.30
2020-10-17T18:05:00+00:00,west,noaa-goes17,DAY,AUTUMN,CYEG,0,1.0000,1.0000,1.30
2021-06-04T16:19:00+00:00,west,noaa-goes17,DAY,SUMMER,CYEG,1,0.2222,0.2800,1.30
2021-02-17T03:31:00+00:00,west,noaa-goes17,NIGHT,WINTER,CYEG,1,0.0000,0.0000,1.30
2022-08-02T01:38:00+00:00,west,noaa-goes17,DAY,SUMMER,CYEG,0,1.0000,1.0000,1.30
2023-09-17T00:14:00+00:00,west,noaa-goes18,DAY,AUTUMN,CYEG,1,0.0000,0.0000,1.30
2023-04-02T08:24:00+00:00,west,noaa-goes18,NIGHT,SPRING,CYEG,0,1.0000,1.0000,1.30
2024-01-05T02:55:00+00:00,west,noaa-goes18,NIGHT,WINTER,CYEG,0,1.0000,1.0000,1.30
2021-10-08T09:04:00+00:00,west,noaa-goes17,NIGHT,AUTUMN,CYEG,0,1.0000,0.8400,1.30
2025-12-28T18:15:00+00:00,west,noaa-goes18,DAY,WINTER,CYEG,0,1.0000,1.0000,1.30
2025-10-21T19:32:00+00:00,west,noaa-goes18,DAY,AUTUMN,CYEG,1,0.0000,0.1200,1.30
2023-07-02T12:39:00+00:00,west,noaa-goes18,DAY,SUMMER,CYEG,1,0.0000,0.0000,1.30
2020-08-20T17:44:00+00:00,west,noaa-goes17,DAY,SUMMER,CYEG,0,1.0000,1.0000,1.30
2021-03-30T18:30:00+00:00,west,noaa-goes17,DAY,SPRING,CYEG,0,1.0000,0.9600,1.30
2022-12-13T20:01:00+00:00,west,noaa-goes17,DAY,WINTER,CYEG,0,1.0000,1.0000,1.30
2022-12-04T06:21:00+00:00,west,noaa-goes17,NIGHT,WINTER,CYEG,1,0.0000,0.0000,1.30
2020-08-31T04:13:00+00:00,west,noaa-goes17,NIGHT,SUMMER,CYEG,0,1.0000,1.0000,1.30
2023-09-12T21:58:00+00:00,west,noaa-goes18,DAY,AUTUMN,CYEG,1,0.0000,0.0400,1.30
2020-09-12T07:31:00+00:00,west,noaa-goes17,NIGHT,AUTUMN,CYEG,0,1.0000,1.0000,1.30
2020-10-25T18:57:00+00:00,west,noaa-goes17,DAY,AUTUMN,CYEG,0,1.0000,1.0000,1.30
2024-08-31T19:47:00+00:00,west,noaa-goes18,DAY,SUMMER,CYEG,1,0.0000,0.0000,1.30
2020-11-26T17:30:00+00:00,west,noaa-goes17,DAY,AUTUMN,CYEG,1,0.1111,0.3200,1.30
2020-06-19T03:02:00+00:00,west,noaa-goes17,DAY,SUMMER,CYEG,0,1.0000,1.0000,1.30
2025-07-27T16:14:00+00:00,west,noaa-goes18,DAY,SUMMER,CYEG,0,1.0000,1.0000,1.30
2023-12-05T13:30:00+00:00,west,noaa-goes18,NIGHT,WINTER,CYEG,0,1.0000,1.0000,1.30
2023-05-27T07:01:00+00:00,west,noaa-goes18,NIGHT,SPRING,CYEG,1,0.0000,0.0000,1.30
2020-08-14T00:49:00+00:00,west,noaa-goes17,DAY,SUMMER,CYEG,1,0.0000,0.0000,1.30
2022-03-14T17:38:00+00:00,west,noaa-goes17,DAY,SPRING,CYEG,0,1.0000,1.0000,1.30
2024-04-02T21:43:00+00:00,west,noaa-goes18,DAY,SPRING,CYEG,0,1.0000,1.0000,1.30
2020-03-15T17:30:00+00:00,west,noaa-goes17,DAY,SPRING,CYEG,1,0.0000,0.0000,1.30
2020-08-01T12:49:00+00:00,west,noaa-goes17,DAY,SUMMER,CYEG,1,0.0000,0.0000,1.30
2024-03-25T22:08:00+00:00,west,noaa-goes18,DAY,SPRING,CYEG,0,1.0000,1.0000,1.30
2024-10-26T22:27:00+00:00,west,noaa-goes18,DAY,AUTUMN,CYEG,0,1.0000,1.0000,1.30
2021-04-28T19:57:00+00:00,west,noaa-goes17,DAY,SPRING,CYEG,0,1.0000,1.0000,1.30
2024-02-15T11:12:00+00:00,west,noaa-goes18,NIGHT,WINTER,CYEG,0,1.0000,1.0000,1.30
2021-01-11T18:00:00+00:00,west,noaa-goes17,DAY,WINTER,CYEG,1,0.4444,0.4800,1.30
2022-07-19T13:47:00+00:00,west,noaa-goes17,DAY,SUMMER,CYEG,0,0.6667,0.5600,1.30
2020-07-06T00:55:00+00:00,west,noaa-goes17,DAY,SUMMER,CYEG,0,1.0000,1.0000,1.30
2020-08-20T04:28:00+00:00,west,noaa-goes17,NIGHT,SUMMER,CYEG,0,1.0000,1.0000,1.30
2022-01-09T09:02:00+00:00,west,noaa-goes17,NIGHT,WINTER,CYEG,0,1.0000,1.0000,1.30
2022-09-27T09:08:00+00:00,west,noaa-goes17,NIGHT,AUTUMN,CYEG,0,1.0000,1.0000,1.30
2024-06-17T15:42:00+00:00,west,noaa-goes18,DAY,SUMMER,CYEG,0,0.6667,0.5200,1.30
2021-05-16T21:04:00+00:00,west,noaa-goes17,DAY,SPRING,CYEG,0,1.0000,1.0000,1.30
2020-11-08T08:34:00+00:00,west,noaa-goes17,NIGHT,AUTUMN,CYEG,0,1.0000,1.0000,1.30
2022-04-23T15:45:00+00:00,west,noaa-goes17,DAY,SPRING,CYEG,1,0.1111,0.0800,1.30
2024-01-02T07:28:00+00:00,west,noaa-goes18,NIGHT,WINTER,CYEG,0,1.0000,1.0000,1.30
2023-04-13T20:15:00+00:00,west,noaa-goes18,DAY,SPRING,CYEG,0,1.0000,0.9600,1.30
2025-11-27T08:20:00+00:00,west,noaa-goes18,NIGHT,AUTUMN,CYEG,0,1.0000,1.0000,1.30
2023-11-20T13:45:00+00:00,west,noaa-goes18,NIGHT,AUTUMN,CYEG,1,0.0000,0.0000,1.30
2025-06-14T08:05:00+00:00,west,noaa-goes18,NIGHT,SUMMER,CYEG,0,1.0000,1.0000,1.30
2022-04-13T04:53:00+00:00,west,noaa-goes17,NIGHT,SPRING,CYEG,0,1.0000,1.0000,1.30
2025-11-03T07:19:00+00:00,west,noaa-goes18,NIGHT,AUTUMN,CYEG,1,0.4444,0.3200,1.30
2021-08-04T01:15:00+00:00,west,noaa-goes17,DAY,SUMMER,CYEG,1,0.0000,0.0000,1.30
2024-12-08T20:48:00+00:00,west,noaa-goes18,DAY,WINTER,CYEG,0,1.0000,1.0000,1.30
2025-02-01T03:01:00+00:00,west,noaa-goes18,NIGHT,WINTER,CYEG,0,1.0000,1.0000,1.30
2025-08-05T01:17:00+00:00,west,noaa-goes18,DAY,SUMMER,CYEG,0,1.0000,1.0000,1.30
2023-02-12T18:24:00+00:00,west,noaa-goes18,DAY,WINTER,CYEG,0,0.3333,0.4000,1.30
2023-05-15T02:03:00+00:00,west,noaa-goes18,DAY,SPRING,CYEG,1,0.0000,0.0000,1.30
2023-02-17T19:24:00+00:00,west,noaa-goes18,DAY,WINTER,CYEG,1,0.0000,0.0400,1.30
2025-07-21T00:55:00+00:00,west,noaa-goes18,DAY,SUMMER,CYEG,0,0.7778,0.9200,1.30
2020-06-30T07:13:00+00:00,west,noaa-goes17,NIGHT,SUMMER,CYEG,0,1.0000,1.0000,1.30
2024-04-02T05:42:00+00:00,west,noaa-goes18,NIGHT,SPRING,CYEG,1,0.0000,0.0000,1.30
2024-10-31T17:03:00+00:00,west,noaa-goes18,DAY,AUTUMN,CYEG,0,1.0000,1.0000,1.30
2023-06-03T01:34:00+00:00,west,noaa-goes18,DAY,SUMMER,CYEG,0,1.0000,0.9600,1.30
2023-11-25T00:58:00+00:00,west,noaa-goes18,NIGHT,AUTUMN,CYEG,0,0.5556,0.3600,1.30
2023-10-09T08:51:00+00:00,west,noaa-goes18,NIGHT,AUTUMN,CYEG,1,0.2222,0.1600,1.30
2022-06-05T00:21:00+00:00,west,noaa-goes17,DAY,SUMMER,CYEG,0,1.0000,1.0000,1.30
2024-05-08T23:59:00+00:00,west,noaa-goes18,DAY,SPRING,CYEG,1,0.3333,0.4400,1.30
2023-03-23T17:29:00+00:00,west,noaa-goes18,DAY,SPRING,CYEG,1,0.0000,0.0000,1.30
2024-10-02T18:46:00+00:00,west,noaa-goes18,DAY,AUTUMN,CYEG,0,1.0000,1.0000,1.30
2025-10-26T08:10:00+00:00,west,noaa-goes18,NIGHT,AUTUMN,CYEG,0,1.0000,1.0000,1.30
2024-04-10T14:47:00+00:00,west,noaa-goes18,DAY,SPRING,CYEG,1,0.0000,0.0000,1.30
2022-09-02T04:58:00+00:00,west,noaa-goes17,NIGHT,AUTUMN,CYEG,1,0.0000,0.0400,1.30
2020-03-03T08:51:00+00:00,west,noaa-goes17,NIGHT,SPRING,CYEG,0,1.0000,1.0000,1.30
2023-01-28T02:15:00+00:00,west,noaa-goes18,NIGHT,WINTER,CYEG,0,1.0000,1.0000,1.30
2023-04-26T10:36:00+00:00,west,noaa-goes18,NIGHT,SPRING,CYEG,1,0.0000,0.0000,1.30
2024-06-04T01:39:00+00:00,west,noaa-goes18,DAY,SUMMER,CYEG,0,1.0000,1.0000,1.30
2023-01-28T11:17:00+00:00,west,noaa-goes18,NIGHT,WINTER,CYEG,0,1.0000,1.0000,1.30
2022-10-23T20:51:00+00:00,west,noaa-goes17,DAY,AUTUMN,CYEG,0,1.0000,1.0000,1.30
2020-02-20T03:19:00+00:00,west,noaa-goes17,NIGHT,WINTER,CYEG,1,0.0000,0.0000,1.30
2023-08-07T08:54:00+00:00,west,noaa-goes18,NIGHT,SUMMER,CYEG,1,0.0000,0.0000,1.30
2025-05-20T20:54:00+00:00,west,noaa-goes18,DAY,SPRING,CYEG,0,1.0000,1.0000,1.30
2022-06-11T13:03:00+00:00,west,noaa-goes17,DAY,SUMMER,CYEG,0,1.0000,1.0000,1.30
2020-11-21T08:57:00+00:00,west,noaa-goes17,NIGHT,AUTUMN,CYEG,0,0.8889,0.9600,1.30
2023-07-10T02:28:00+00:00,west,noaa-goes18,DAY,SUMMER,CYEG,0,1.0000,1.0000,1.30
2022-01-06T08:49:00+00:00,west,noaa-goes17,NIGHT,WINTER,CYEG,0,0.5556,0.3600,1.30
2023-02-05T08:55:00+00:00,west,noaa-goes18,NIGHT,WINTER,CYEG,0,1.0000,1.0000,1.30
2021-12-15T04:55:00+00:00,west,noaa-goes17,NIGHT,WINTER,CYEG,1,0.5556,0.5200,1.30
2020-07-22T07:07:00+00:00,west,noaa-goes17,NIGHT,SUMMER,CYEG,0,1.0000,1.0000,1.30
2025-09-06T14:37:00+00:00,west,noaa-goes18,DAY,AUTUMN,CYEG,1,0.0000,0.1200,1.30
2023-07-23T01:35:00+00:00,west,noaa-goes18,DAY,SUMMER,CYEG,1,0.0000,0.0000,1.30
2022-07-22T01:45:00+00:00,west,noaa-goes17,DAY,SUMMER,CYEG,0,0.5556,0.5200,1.30
2022-11-27T08:01:00+00:00,west,noaa-goes17,NIGHT,AUTUMN,CYEG,0,1.0000,1.0000,1.30
2020-07-02T19:15:00+00:00,west,noaa-goes17,DAY,SUMMER,CYEG,0,1.0000,1.0000,1.30
2023-12-03T03:04:00+00:00,west,noaa-goes18,NIGHT,WINTER,CYEG,0,1.0000,1.0000,1.30
2025-09-07T14:07:00+00:00,west,noaa-goes18,DAY,AUTUMN,CYEG,0,1.0000,1.0000,1.30
2024-03-01T21:26:00+00:00,west,noaa-goes18,DAY,SPRING,CYEG,0,1.0000,1.0000,1.30
2020-10-19T20:27:00+00:00,west,noaa-goes17,DAY,AUTUMN,CYEG,0,1.0000,1.0000,1.30
2023-03-05T04:01:00+00:00,west,noaa-goes18,NIGHT,SPRING,CYEG,0,1.0000,0.8800,1.30
2023-08-30T19:50:00+00:00,west,noaa-goes18,DAY,SUMMER,CYEG,0,1.0000,1.0000,1.30
2024-01-15T10:26:00+00:00,west,noaa-goes18,NIGHT,WINTER,CYEG,1,0.0000,0.0000,1.30
2024-03-14T15:18:00+00:00,west,noaa-goes18,DAY,SPRING,CYEG,0,1.0000,1.0000,1.30
2020-05-07T05:23:00+00:00,west,noaa-goes17,NIGHT,SPRING,CYEG,0,1.0000,0.8800,1.30
2021-09-06T18:01:00+00:00,west,noaa-goes17,DAY,AUTUMN,CYEG,1,0.0000,0.0000,1.30
2021-03-11T19:13:00+00:00,west,noaa-goes17,DAY,SPRING,CYEG,0,0.6667,0.8000,1.30
2023-07-06T16:45:00+00:00,west,noaa-goes18,DAY,SUMMER,CYEG,0,1.0000,1.0000,1.30
2025-09-12T18:45:00+00:00,west,noaa-goes18,DAY,AUTUMN,CYEG,0,1.0000,0.8000,1.30
2023-11-10T06:24:00+00:00,west,noaa-goes18,NIGHT,AUTUMN,CYEG,0,1.0000,1.0000,1.30
2020-05-13T21:46:00+00:00,west,noaa-goes17,DAY,SPRING,CYEG,1,0.1111,0.1200,1.30
2020-11-17T02:59:00+00:00,west,noaa-goes17,NIGHT,AUTUMN,CYEG,1,0.2222,0.1200,1.30
2022-07-08T18:32:00+00:00,west,noaa-goes17,DAY,SUMMER,CYEG,1,0.2222,0.2400,1.30
2024-09-08T17:46:00+00:00,west,noaa-goes18,DAY,AUTUMN,CYEG,1,0.0000,0.0000,1.30
2021-05-11T16:51:00+00:00,west,noaa-goes17,DAY,SPRING,CYEG,0,1.0000,1.0000,1.30
2020-07-29T19:30:00+00:00,west,noaa-goes17,DAY,SUMMER,CYEG,1,0.0000,0.0400,1.30
2025-11-18T16:28:00+00:00,west,noaa-goes18,DAY,AUTUMN,CYEG,0,1.0000,1.0000,1.30
2023-07-22T08:12:00+00:00,west,noaa-goes18,NIGHT,SUMMER,CYEG,0,1.0000,1.0000,1.30
2023-04-15T07:21:00+00:00,west,noaa-goes18,NIGHT,SPRING,CYEG,1,0.1111,0.2000,1.30
2022-09-22T11:14:00+00:00,west,noaa-goes17,NIGHT,AUTUMN,CYEG,1,0.0000,0.0000,1.30
2025-02-10T10:47:00+00:00,west,noaa-goes18,NIGHT,WINTER,CYEG,1,0.0000,0.0000,1.30
2021-04-17T22:15:00+00:00,west,noaa-goes17,DAY,SPRING,CYEG,0,1.0000,1.0000,1.30
2023-12-12T17:32:00+00:00,west,noaa-goes18,DAY,WINTER,CYEG,1,0.2222,0.2800,1.30
2020-11-09T11:41:00+00:00,west,noaa-goes17,NIGHT,AUTUMN,CYEG,0,1.0000,1.0000,1.30
2025-06-06T19:14:00+00:00,west,noaa-goes18,DAY,SUMMER,CYEG,0,1.0000,1.0000,1.30
2025-01-12T13:14:00+00:00,west,noaa-goes18,NIGHT,WINTER,CYEG,0,1.0000,1.0000,1.30
2021-05-28T17:15:00+00:00,west,noaa-goes17,DAY,SPRING,CYEG,0,1.0000,1.0000,1.30
2024-07-27T21:37:00+00:00,west,noaa-goes18,DAY,SUMMER,CYEG,1,0.4444,0.2400,1.30
2021-07-19T19:16:00+00:00,west,noaa-goes17,DAY,SUMMER,CYEG,0,1.0000,1.0000,1.30
2023-03-21T10:20:00+00:00,west,noaa-goes18,NIGHT,SPRING,CYEG,0,0.5556,0.5600,1.30
2024-09-20T16:09:00+00:00,west,noaa-goes18,DAY,AUTUMN,CYEG,0,1.0000,1.0000,1.30
2025-07-17T20:56:00+00:00,west,noaa-goes18,DAY,SUMMER,CYEG,0,0.5556,0.5200,1.30
2022-03-22T05:56:00+00:00,west,noaa-goes17,NIGHT,SPRING,CYEG,1,0.0000,0.0000,1.30
2021-05-09T13:16:00+00:00,west,noaa-goes17,DAY,SPRING,CYEG,0,1.0000,0.9600,1.30
2025-04-08T23:06:00+00:00,west,noaa-goes18,DAY,SPRING,CYEG,0,1.0000,1.0000,1.30
2021-06-01T01:53:00+00:00,west,noaa-goes17,DAY,SUMMER,CYEG,0,1.0000,0.8400,1.30
2021-11-14T02:08:00+00:00,west,noaa-goes17,NIGHT,AUTUMN,CYEG,0,1.0000,1.0000,1.30
2025-10-10T16:58:00+00:00,west,noaa-goes18,DAY,AUTUMN,CYEG,1,0.0000,0.0000,1.30
2024-05-08T13:22:00+00:00,west,noaa-goes18,DAY,SPRING,CYEG,0,1.0000,1.0000,1.30
2021-06-06T12:44:00+00:00,west,noaa-goes17,DAY,SUMMER,CYEG,0,1.0000,1.0000,1.30
2022-09-15T22:18:00+00:00,west,noaa-goes17,DAY,AUTUMN,CYEG,1,0.0000,0.0000,1.30
2023-10-10T18:38:00+00:00,west,noaa-goes18,DAY,AUTUMN,CYEG,0,1.0000,1.0000,1.30
2021-03-17T23:02:00+00:00,west,noaa-goes17,DAY,SPRING,CYEG,0,1.0000,1.0000,1.30
2024-08-01T20:28:00+00:00,west,noaa-goes18,DAY,SUMMER,CYEG,1,0.0000,0.0000,1.30
2024-11-19T09:48:00+00:00,west,noaa-goes18,NIGHT,AUTUMN,CYEG,1,0.0000,0.1600,1.30
2025-05-08T22:08:00+00:00,west,noaa-goes18,DAY,SPRING,CYEG,1,0.0000,0.1200,1.30
2020-02-01T18:37:00+00:00,west,noaa-goes17,DAY,WINTER,CYEG,0,1.0000,1.0000,1.30
2024-02-24T21:41:00+00:00,west,noaa-goes18,DAY,WINTER,CYEG,0,1.0000,1.0000,1.30
2025-01-31T12:20:00+00:00,west,noaa-goes18,NIGHT,WINTER,CYEG,0,1.0000,1.0000,1.30
2024-12-01T05:32:00+00:00,west,noaa-goes18,NIGHT,WINTER,CYEG,1,0.0000,0.0000,1.30
2023-02-18T03:14:00+00:00,west,noaa-goes18,NIGHT,WINTER,CYEG,0,0.7778,0.6800,1.30
2020-07-16T18:33:00+00:00,west,noaa-goes17,DAY,SUMMER,CYEG,0,1.0000,1.0000,1.30
2025-11-21T18:32:00+00:00,west,noaa-goes18,DAY,AUTUMN,CYEG,1,0.0000,0.1200,1.30
2024-10-13T09:20:00+00:00,west,noaa-goes18,NIGHT,AUTUMN,CYEG,0,0.8889,0.8400,1.30
2024-04-22T10:48:00+00:00,west,noaa-goes18,NIGHT,SPRING,CYEG,0,1.0000,1.0000,1.30
2021-12-31T04:02:00+00:00,west,noaa-goes17,NIGHT,WINTER,CYEG,1,0.0000,0.0000,1.30
2022-05-12T13:33:00+00:00,west,noaa-goes17,DAY,SPRING,CYEG,0,0.6667,0.6400,1.30
2023-02-13T18:56:00+00:00,west,noaa-goes18,DAY,WINTER,CYEG,0,1.0000,0.8000,1.30
2023-03-12T05:07:00+00:00,west,noaa-goes18,NIGHT,SPRING,CYEG,1,0.0000,0.0000,1.30
2023-03-25T08:31:00+00:00,west,noaa-goes18,NIGHT,SPRING,CYEG,1,0.1111,0.1200,1.30
2024-12-02T07:56:00+00:00,west,noaa-goes18,NIGHT,WINTER,CYEG,1,0.2222,0.3600,1.30
2021-11-24T09:58:00+00:00,west,noaa-goes17,NIGHT,AUTUMN,CYEG,0,1.0000,0.9200,1.30
2022-11-28T19:48:00+00:00,west,noaa-goes17,DAY,AUTUMN,CYEG,0,1.0000,1.0000,1.30
2021-03-10T07:42:00+00:00,west,noaa-goes17,NIGHT,SPRING,CYEG,0,1.0000,0.8000,1.30
2023-02-15T04:06:00+00:00,west,noaa-goes18,NIGHT,WINTER,CYEG,0,1.0000,1.0000,1.30
2022-04-27T17:53:00+00:00,west,noaa-goes17,DAY,SPRING,CYEG,0,1.0000,1.0000,1.30
2025-09-14T05:01:00+00:00,west,noaa-goes18,NIGHT,AUTUMN,CYEG,1,0.1111,0.1200,1.30
2020-06-11T17:34:00+00:00,west,noaa-goes17,DAY,SUMMER,CYEG,1,0.2222,0.3200,1.30
2022-03-10T00:31:00+00:00,west,noaa-goes17,DAY,SPRING,CYEG,0,1.0000,1.0000,1.30
2023-02-28T18:27:00+00:00,west,noaa-goes18,DAY,WINTER,CYEG,0,1.0000,1.0000,1.30
2025-02-01T09:58:00+00:00,west,noaa-goes18,NIGHT,WINTER,CYEG,0,1.0000,1.0000,1.30
2021-03-24T22:45:00+00:00,west,noaa-goes17,DAY,SPRING,CYEG,0,1.0000,1.0000,1.30
2021-05-06T14:56:00+00:00,west,noaa-goes17,DAY,SPRING,CYEG,0,1.0000,1.0000,1.30
2020-12-21T04:17:00+00:00,west,noaa-goes17,NIGHT,WINTER,CYEG,0,1.0000,1.0000,1.30
2022-06-30T23:04:00+00:00,west,noaa-goes17,DAY,SUMMER,CYEG,1,0.1111,0.1200,1.30
2023-09-01T05:32:00+00:00,west,noaa-goes18,NIGHT,AUTUMN,CYEG,0,1.0000,1.0000,1.30
2023-10-05T08:29:00+00:00,west,noaa-goes18,NIGHT,AUTUMN,CYEG,0,1.0000,1.0000,1.30
2025-10-01T21:49:00+00:00,west,noaa-goes18,DAY,AUTUMN,CYEG,1,0.1111,0.1600,1.30
2020-10-30T22:44:00+00:00,west,noaa-goes17,DAY,AUTUMN,CYEG,0,1.0000,1.0000,1.30
2023-07-13T01:27:00+00:00,west,noaa-goes18,DAY,SUMMER,CYEG,0,1.0000,1.0000,1.30
2021-02-15T22:50:00+00:00,west,noaa-goes17,DAY,WINTER,CYEG,1,0.4444,0.6000,1.30
2025-11-05T10:12:00+00:00,west,noaa-goes18,NIGHT,AUTUMN,CYEG,0,1.0000,1.0000,1.30
2020-05-25T20:40:00+00:00,west,noaa-goes17,DAY,SPRING,CYEG,0,1.0000,1.0000,1.30
2020-02-02T07:08:00+00:00,west,noaa-goes17,NIGHT,WINTER,CYEG,0,1.0000,1.0000,1.30
2024-03-20T07:43:00+00:00,west,noaa-goes18,NIGHT,SPRING,CYEG,0,1.0000,1.0000,1.30
2022-03-12T08:30:00+00:00,west,noaa-goes17,NIGHT,SPRING,CYEG,0,1.0000,1.0000,1.30
2021-09-12T15:52:00+00:00,west,noaa-goes17,DAY,AUTUMN,CYEG,0,1.0000,1.0000,1.30
2022-02-05T23:31:00+00:00,west,noaa-goes17,DAY,WINTER,CYEG,0,1.0000,1.0000,1.30
2023-03-03T04:12:00+00:00,west,noaa-goes18,NIGHT,SPRING,CYEG,0,1.0000,1.0000,1.30
2022-05-27T00:27:00+00:00,west,noaa-goes17,DAY,SPRING,CYEG,1,0.0000,0.1200,1.30
2020-10-02T15:35:00+00:00,west,noaa-goes17,DAY,AUTUMN,CYEG,1,0.0000,0.0000,1.30
2022-05-04T22:11:00+00:00,west,noaa-goes17,DAY,SPRING,CYEG,0,1.0000,1.0000,1.30
2020-06-07T13:44:00+00:00,west,noaa-goes17,DAY,SUMMER,CYEG,0,1.0000,1.0000,1.30
2022-12-13T19:24:00+00:00,west,noaa-goes17,DAY,WINTER,CYEG,0,1.0000,1.0000,1.30
2022-08-19T20:22:00+00:00,west,noaa-goes17,DAY,SUMMER,CYEG,1,0.0000,0.0000,1.30
2025-06-06T16:42:00+00:00,west,noaa-goes18,DAY,SUMMER,CYEG,0,1.0000,1.0000,1.30
2022-01-07T09:53:00+00:00,west,noaa-goes17,NIGHT,WINTER,CYEG,0,1.0000,1.0000,1.30
2025-06-09T15:50:00+00:00,west,noaa-goes18,DAY,SUMMER,CYEG,1,0.0000,0.0000,1.30
2024-05-25T19:22:00+00:00,west,noaa-goes18,DAY,SPRING,CYEG,1,0.0000,0.2800,1.30
2025-05-24T09:06:00+00:00,west,noaa-goes18,NIGHT,SPRING,CYEG,1,0.0000,0.0000,1.30
2023-08-25T07:42:00+00:00,west,noaa-goes18,NIGHT,SUMMER,CYEG,1,0.0000,0.0000,1.30
2024-10-06T03:11:00+00:00,west,noaa-goes18,NIGHT,AUTUMN,CYEG,1,0.0000,0.0000,1.30
2025-03-18T10:42:00+00:00,west,noaa-goes18,NIGHT,SPRING,CYEG,0,1.0000,1.0000,1.30
2024-06-18T22:08:00+00:00,west,noaa-goes18,DAY,SUMMER,CYEG,0,1.0000,1.0000,1.30
2025-06-04T15:38:00+00:00,west,noaa-goes18,DAY,SUMMER,CYEG,1,0.0000,0.0000,1.30
2024-08-14T21:15:00+00:00,west,noaa-goes18,DAY,SUMMER,CYEG,0,1.0000,0.9200,1.30
2025-09-09T06:56:00+00:00,west,noaa-goes18,NIGHT,AUTUMN,CYEG,1,0.4444,0.3200,1.30
2024-08-02T01:35:00+00:00,west,noaa-goes18,DAY,SUMMER,CYEG,1,0.0000,0.0000,1.30
2023-08-16T08:43:00+00:00,west,noaa-goes18,NIGHT,SUMMER,CYEG,1,0.0000,0.0400,1.30
2023-07-24T13:25:00+00:00,west,noaa-goes18,DAY,SUMMER,CYEG,1,0.3333,0.3200,1.30
2024-12-15T13:25:00+00:00,west,noaa-goes18,NIGHT,WINTER,CYEG,0,1.0000,1.0000,1.30
2022-12-03T01:17:00+00:00,west,noaa-goes17,NIGHT,WINTER,CYEG,0,1.0000,1.0000,1.30
2025-06-11T23:14:00+00:00,west,noaa-goes18,DAY,SUMMER,CYEG,1,0.0000,0.0000,1.30
2023-10-23T20:52:00+00:00,west,noaa-goes18,DAY,AUTUMN,CYEG,0,1.0000,1.0000,1.30
2024-08-05T07:36:00+00:00,west,noaa-goes18,NIGHT,SUMMER,CYEG,0,1.0000,1.0000,1.30
2021-11-13T17:13:00+00:00,west,noaa-goes17,DAY,AUTUMN,CYEG,0,1.0000,1.0000,1.30
2021-03-27T19:39:00+00:00,west,noaa-goes17,DAY,SPRING,CYEG,0,1.0000,1.0000,1.30
2023-09-12T04:38:00+00:00,west,noaa-goes18,NIGHT,AUTUMN,CYEG,0,1.0000,1.0000,1.30
2020-03-22T23:01:00+00:00,west,noaa-goes17,DAY,SPRING,CYEG,0,1.0000,1.0000,1.30
2023-09-27T11:49:00+00:00,west,noaa-goes18,NIGHT,AUTUMN,CYEG,0,1.0000,1.0000,1.30
2020-09-16T20:03:00+00:00,west,noaa-goes17,DAY,AUTUMN,CYEG,1,0.0000,0.0000,1.30
2025-10-25T06:23:00+00:00,west,noaa-goes18,NIGHT,AUTUMN,CYEG,0,1.0000,1.0000,1.30
2022-03-23T05:53:00+00:00,west,noaa-goes17,NIGHT,SPRING,CYEG,0,1.0000,1.0000,1.30
2024-06-08T22:14:00+00:00,west,noaa-goes18,DAY,SUMMER,CYEG,0,1.0000,1.0000,1.30
2023-04-03T05:58:00+00:00,west,noaa-goes18,NIGHT,SPRING,CYEG,0,1.0000,1.0000,1.30
2024-03-11T10:26:00+00:00,west,noaa-goes18,NIGHT,SPRING,CYEG,1,0.0000,0.0000,1.30
2022-06-02T17:46:00+00:00,west,noaa-goes17,DAY,SUMMER,CYEG,1,0.0000,0.0000,1.30
2020-03-23T16:06:00+00:00,west,noaa-goes17,DAY,SPRING,CYEG,0,1.0000,1.0000,1.30
2025-06-09T01:10:00+00:00,west,noaa-goes18,DAY,SUMMER,CYEG,0,1.0000,1.0000,1.30
2023-03-05T09:01:00+00:00,west,noaa-goes18,NIGHT,SPRING,CYEG,0,0.7778,0.9200,1.30
2022-07-31T20:49:00+00:00,west,noaa-goes17,DAY,SUMMER,CYEG,0,0.8889,0.8400,1.30
2021-05-21T12:41:00+00:00,west,noaa-goes17,DAY,SPRING,CYEG,0,1.0000,0.9200,1.30
2023-01-10T02:04:00+00:00,west,noaa-goes18,NIGHT,WINTER,CYEG,1,0.0000,0.0000,1.30
2020-10-29T16:46:00+00:00,west,noaa-goes17,DAY,AUTUMN,CYEG,0,1.0000,1.0000,1.30
2024-08-28T00:00:00+00:00,west,noaa-goes18,DAY,SUMMER,CYEG,0,1.0000,1.0000,1.30
2021-09-13T03:47:00+00:00,west,noaa-goes17,NIGHT,AUTUMN,CYEG,1,0.0000,0.0000,1.30
2024-05-21T06:53:00+00:00,west,noaa-goes18,NIGHT,SPRING,CYEG,0,1.0000,1.0000,1.30
2025-09-29T23:01:00+00:00,west,noaa-goes18,DAY,AUTUMN,CYEG,0,1.0000,1.0000,1.30
2023-05-22T08:29:00+00:00,west,noaa-goes18,NIGHT,SPRING,CYEG,0,1.0000,1.0000,1.30
2024-10-25T02:14:00+00:00,west,noaa-goes18,NIGHT,AUTUMN,CYEG,0,1.0000,1.0000,1.30
2024-07-22T17:17:00+00:00,west,noaa-goes18,DAY,SUMMER,CYEG,1,0.0000,0.0000,1.30
2024-04-15T00:31:00+00:00,west,noaa-goes18,DAY,SPRING,CYEG,0,1.0000,0.9600,1.30
2022-08-08T14:23:00+00:00,west,noaa-goes17,DAY,SUMMER,CYEG,1,0.0000,0.0000,1.30
2025-05-06T18:06:00+00:00,west,noaa-goes18,DAY,SPRING,CYEG,1,0.0000,0.0000,1.30
2020-12-08T03:35:00+00:00,west,noaa-goes17,NIGHT,WINTER,CYEG,0,1.0000,1.0000,1.30
2021-11-24T06:55:00+00:00,west,noaa-goes17,NIGHT,AUTUMN,CYEG,0,1.0000,0.9200,1.30
2025-06-29T18:15:00+00:00,west,noaa-goes18,DAY,SUMMER,CYEG,1,0.0000,0.0000,1.30
2020-12-09T04:25:00+00:00,west,noaa-goes17,NIGHT,WINTER,CYEG,0,1.0000,1.0000,1.30
2025-04-23T16:46:00+00:00,west,noaa-goes18,DAY,SPRING,CYEG,0,1.0000,1.0000,1.30
2022-08-10T01:49:00+00:00,west,noaa-goes17,DAY,SUMMER,CYEG,0,1.0000,1.0000,1.30
2025-07-14T08:26:00+00:00,west,noaa-goes18,NIGHT,SUMMER,CYEG,0,1.0000,1.0000,1.30
2023-06-29T23:21:00+00:00,west,noaa-goes18,DAY,SUMMER,CYEG,0,1.0000,1.0000,1.30
2021-09-08T01:20:00+00:00,west,noaa-goes17,DAY,AUTUMN,CYEG,1,0.0000,0.0000,1.30
2024-07-23T00:17:00+00:00,west,noaa-goes18,DAY,SUMMER,CYEG,0,1.0000,1.0000,1.30
2022-05-06T17:50:00+00:00,west,noaa-goes17,DAY,SPRING,CYEG,0,1.0000,1.0000,1.30
2025-06-24T17:31:00+00:00,west,noaa-goes18,DAY,SUMMER,CYEG,0,1.0000,1.0000,1.30
2023-07-06T20:15:00+00:00,west,noaa-goes18,DAY,SUMMER,CYEG,0,0.7778,0.6800,1.30
2023-08-11T14:45:00+00:00,west,noaa-goes18,DAY,SUMMER,CYEG,1,0.2222,0.3200,1.30
2025-06-01T16:35:00+00:00,west,noaa-goes18,DAY,SUMMER,CYEG,0,1.0000,0.8000,1.30
2020-11-29T03:27:00+00:00,west,noaa-goes17,NIGHT,AUTUMN,CYEG,1,0.0000,0.0000,1.30
2020-11-13T12:08:00+00:00,west,noaa-goes17,NIGHT,AUTUMN,CYEG,1,0.3333,0.2400,1.30
2020-02-25T05:33:00+00:00,west,noaa-goes17,NIGHT,WINTER,CYEG,0,1.0000,1.0000,1.30
2021-05-12T05:12:00+00:00,west,noaa-goes17,NIGHT,SPRING,CYEG,1,0.0000,0.0000,1.30
2024-11-27T03:02:00+00:00,west,noaa-goes18,NIGHT,AUTUMN,CYEG,0,0.7778,0.6000,1.30
2024-10-03T15:10:00+00:00,west,noaa-goes18,DAY,AUTUMN,CYEG,1,0.1111,0.3200,1.30
2023-04-20T23:59:00+00:00,west,noaa-goes18,DAY,SPRING,CYEG,0,1.0000,1.0000,1.30
2024-03-02T18:41:00+00:00,west,noaa-goes18,DAY,SPRING,CYEG,0,1.0000,1.0000,1.30
2021-11-10T04:18:00+00:00,west,noaa-goes17,NIGHT,AUTUMN,CYEG,0,1.0000,1.0000,1.30
2024-02-29T16:38:00+00:00,west,noaa-goes18,DAY,WINTER,CYEG,1,0.0000,0.0000,1.30
2022-10-26T15:29:00+00:00,west,noaa-goes17,DAY,AUTUMN,CYEG,0,1.0000,1.0000,1.30
2025-04-24T00:20:00+00:00,west,noaa-goes18,DAY,SPRING,CYEG,1,0.1111,0.3600,1.30
2024-09-01T05:09:00+00:00,west,noaa-goes18,NIGHT,AUTUMN,CYEG,1,0.0000,0.0000,1.30
2023-07-01T22:12:00+00:00,west,noaa-goes18,DAY,SUMMER,CYEG,0,1.0000,1.0000,1.30
2022-03-27T22:06:00+00:00,west,noaa-goes17,DAY,SPRING,CYEG,0,1.0000,1.0000,1.30
2025-02-21T10:06:00+00:00,west,noaa-goes18,NIGHT,WINTER,CYEG,1,0.4444,0.5600,1.30
2020-09-07T19:29:00+00:00,west,noaa-goes17,DAY,AUTUMN,CYEG,0,1.0000,1.0000,1.30
2024-07-09T08:35:00+00:00,west,noaa-goes18,NIGHT,SUMMER,CYEG,1,0.0000,0.0000,1.30
2021-09-16T03:46:00+00:00,west,noaa-goes17,NIGHT,AUTUMN,CYEG,1,0.1111,0.3200,1.30
2022-06-05T08:11:00+00:00,west,noaa-goes17,NIGHT,SUMMER,CYEG,0,1.0000,1.0000,1.30
2022-12-12T18:06:00+00:00,west,noaa-goes17,DAY,WINTER,CYEG,1,0.0000,0.0000,1.30
2021-06-02T16:37:00+00:00,west,noaa-goes17,DAY,SUMMER,CYEG,0,1.0000,1.0000,1.30
2024-04-17T10:36:00+00:00,west,noaa-goes18,NIGHT,SPRING,CYEG,0,1.0000,1.0000,1.30
2025-04-23T06:10:00+00:00,west,noaa-goes18,NIGHT,SPRING,CYEG,0,1.0000,1.0000,1.30
2020-01-11T07:13:00+00:00,west,noaa-goes17,NIGHT,WINTER,CYEG,0,1.0000,1.0000,1.30
2021-01-09T19:09:00+00:00,west,noaa-goes17,DAY,WINTER,CYEG,1,0.0000,0.0800,1.30
2021-08-10T05:30:00+00:00,west,noaa-goes17,NIGHT,SUMMER,CYEG,0,1.0000,1.0000,1.30
2020-01-02T10:04:00+00:00,west,noaa-goes17,NIGHT,WINTER,CYEG,0,1.0000,1.0000,1.30
2024-12-05T13:42:00+00:00,west,noaa-goes18,NIGHT,WINTER,CYEG,1,0.0000,0.0000,1.30
2025-04-16T10:19:00+00:00,west,noaa-goes18,NIGHT,SPRING,CYEG,0,1.0000,1.0000,1.30
2024-05-29T12:49:00+00:00,west,noaa-goes18,DAY,SPRING,CYEG,0,1.0000,1.0000,1.30
2024-04-28T22:30:00+00:00,west,noaa-goes18,DAY,SPRING,CYEG,0,1.0000,1.0000,1.30
2023-12-25T09:53:00+00:00,west,noaa-goes18,NIGHT,WINTER,CYEG,0,0.7778,0.6800,1.30
2020-11-16T19:53:00+00:00,west,noaa-goes17,DAY,AUTUMN,CYEG,0,1.0000,1.0000,1.30
2023-02-11T22:09:00+00:00,west,noaa-goes18,DAY,WINTER,CYEG,0,1.0000,1.0000,1.30
2024-11-25T17:28:00+00:00,west,noaa-goes18,DAY,AUTUMN,CYEG,0,1.0000,1.0000,1.30
2025-06-30T22:50:00+00:00,west,noaa-goes18,DAY,SUMMER,CYEG,1,0.2222,0.2400,1.30
2022-10-23T21:07:00+00:00,west,noaa-goes17,DAY,AUTUMN,CYEG,0,1.0000,1.0000,1.30
2024-11-18T20:22:00+00:00,west,noaa-goes18,DAY,AUTUMN,CYEG,0,1.0000,1.0000,1.30
2021-12-30T00:55:00+00:00,west,noaa-goes17,NIGHT,WINTER,CYEG,1,0.4444,0.6000,1.30
2022-05-25T19:35:00+00:00,west,noaa-goes17,DAY,SPRING,CYEG,0,1.0000,1.0000,1.30
2022-02-21T12:23:00+00:00,west,noaa-goes17,NIGHT,WINTER,CYEG,0,1.0000,1.0000,1.30
2025-11-24T06:00:00+00:00,west,noaa-goes18,NIGHT,AUTUMN,CYEG,1,0.0000,0.0400,1.30
2024-02-19T08:32:00+00:00,west,noaa-goes18,NIGHT,WINTER,CYEG,1,0.0000,0.0000,1.30
2020-02-23T19:17:00+00:00,west,noaa-goes17,DAY,WINTER,CYEG,0,0.4444,0.4800,1.30
2020-05-17T20:17:00+00:00,west,noaa-goes17,DAY,SPRING,CYEG,0,1.0000,1.0000,1.30
2020-08-22T18:52:00+00:00,west,noaa-goes17,DAY,SUMMER,CYEG,0,1.0000,1.0000,1.30
2020-05-04T22:59:00+00:00,west,noaa-goes17,DAY,SPRING,CYEG,0,1.0000,1.0000,1.30
2025-04-12T19:40:00+00:00,west,noaa-goes18,DAY,SPRING,CYEG,0,1.0000,1.0000,1.30
2025-04-23T23:55:00+00:00,west,noaa-goes18,DAY,SPRING,CYEG,0,1.0000,0.8800,1.30
2020-04-28T19:57:00+00:00,west,noaa-goes17,DAY,SPRING,CYEG,1,0.2222,0.3200,1.30
2021-09-19T22:47:00+00:00,west,noaa-goes17,DAY,AUTUMN,CYEG,1,0.2222,0.4400,1.30
2021-12-25T04:05:00+00:00,west,noaa-goes17,NIGHT,WINTER,CYEG,0,1.0000,0.9600,1.30
2024-12-21T20:45:00+00:00,west,noaa-goes18,DAY,WINTER,CYEG,1,0.0000,0.0000,1.30
2020-09-12T10:06:00+00:00,west,noaa-goes17,NIGHT,AUTUMN,CYEG,0,1.0000,1.0000,1.30
2023-02-10T06:41:00+00:00,west,noaa-goes18,NIGHT,WINTER,CYEG,0,1.0000,0.9600,1.30
2020-03-09T10:53:00+00:00,west,noaa-goes17,NIGHT,SPRING,CYEG,0,1.0000,1.0000,1.30
2023-07-20T22:10:00+00:00,west,noaa-goes18,DAY,SUMMER,CYEG,1,0.0000,0.0000,1.30
2024-02-09T16:00:00+00:00,west,noaa-goes18,DAY,WINTER,CYEG,1,0.2222,0.2400,1.30
2024-07-09T13:53:00+00:00,west,noaa-goes18,DAY,SUMMER,CYEG,1,0.0000,0.0000,1.30
2025-08-16T04:46:00+00:00,west,noaa-goes18,NIGHT,SUMMER,CYEG,0,1.0000,1.0000,1.30
2022-12-28T02:11:00+00:00,west,noaa-goes17,NIGHT,WINTER,CYEG,0,1.0000,1.0000,1.30
2024-12-21T01:17:00+00:00,west,noaa-goes18,NIGHT,WINTER,CYEG,1,0.1111,0.2400,1.30
2022-03-24T22:32:00+00:00,west,noaa-goes17,DAY,SPRING,CYEG,1,0.4444,0.4400,1.30
2024-08-03T05:40:00+00:00,west,noaa-goes18,NIGHT,SUMMER,CYEG,0,1.0000,1.0000,1.30
2020-01-14T09:17:00+00:00,west,noaa-goes17,NIGHT,WINTER,CYEG,1,0.0000,0.0000,1.30
2023-12-07T03:21:00+00:00,west,noaa-goes18,NIGHT,WINTER,CYEG,0,1.0000,1.0000,1.30
2025-03-24T18:53:00+00:00,west,noaa-goes18,DAY,SPRING,CYEG,1,0.1111,0.0800,1.30
2020-12-18T18:59:00+00:00,west,noaa-goes17,DAY,WINTER,CYEG,1,0.4444,0.7200,1.30
2021-01-05T05:46:00+00:00,west,noaa-goes17,NIGHT,WINTER,CYEG,0,1.0000,1.0000,1.30
2020-12-19T05:20:00+00:00,west,noaa-goes17,NIGHT,WINTER,CYEG,0,1.0000,1.0000,1.30
2020-03-23T05:50:00+00:00,west,noaa-goes17,NIGHT,SPRING,CYEG,0,1.0000,1.0000,1.30
2020-02-12T06:40:00+00:00,west,noaa-goes17,NIGHT,WINTER,CYEG,0,0.4444,0.4400,1.30
2022-10-07T09:53:00+00:00,west,noaa-goes17,NIGHT,AUTUMN,CYEG,1,0.6667,0.6000,1.30
2022-02-21T23:48:00+00:00,west,noaa-goes17,DAY,WINTER,CYEG,1,0.0000,0.0000,1.30
2024-04-02T22:18:00+00:00,west,noaa-goes18,DAY,SPRING,CYEG,0,1.0000,1.0000,1.30
2021-12-30T08:08:00+00:00,west,noaa-goes17,NIGHT,WINTER,CYEG,1,0.4444,0.5600,1.30
2023-07-16T13:14:00+00:00,west,noaa-goes18,DAY,SUMMER,CYEG,0,1.0000,1.0000,1.30
2022-03-27T05:18:00+00:00,west,noaa-goes17,NIGHT,SPRING,CYEG,0,1.0000,1.0000,1.30
2022-12-19T02:31:00+00:00,west,noaa-goes17,NIGHT,WINTER,CYEG,0,1.0000,0.9600,1.30
2023-12-25T18:23:00+00:00,west,noaa-goes18,DAY,WINTER,CYEG,1,0.0000,0.0000,1.30
2023-11-29T20:33:00+00:00,west,noaa-goes18,DAY,AUTUMN,CYEG,1,0.0000,0.0000,1.30
2025-01-15T20:43:00+00:00,west,noaa-goes18,DAY,WINTER,CYEG,0,1.0000,1.0000,1.30
2021-11-29T01:53:00+00:00,west,noaa-goes17,NIGHT,AUTUMN,CYEG,0,1.0000,1.0000,1.30
2024-04-28T04:34:00+00:00,west,noaa-goes18,NIGHT,SPRING,CYEG,0,1.0000,1.0000,1.30
2022-05-12T22:27:00+00:00,west,noaa-goes17,DAY,SPRING,CYEG,0,0.6667,0.6400,1.30
2023-11-21T20:51:00+00:00,west,noaa-goes18,DAY,AUTUMN,CYEG,0,1.0000,1.0000,1.30
2023-03-28T06:21:00+00:00,west,noaa-goes18,NIGHT,SPRING,CYEG,1,0.0000,0.0000,1.30
2025-08-25T17:53:00+00:00,west,noaa-goes18,DAY,SUMMER,CYEG,1,0.3333,0.3200,1.30
2023-01-06T02:32:00+00:00,west,noaa-goes18,NIGHT,WINTER,CYEG,0,1.0000,1.0000,1.30
2022-05-13T08:13:00+00:00,west,noaa-goes17,NIGHT,SPRING,CYEG,0,1.0000,0.9200,1.30
2025-03-30T08:02:00+00:00,west,noaa-goes18,NIGHT,SPRING,CYEG,1,0.0000,0.0000,1.30
2021-04-17T16:42:00+00:00,west,noaa-goes17,DAY,SPRING,CYEG,0,1.0000,1.0000,1.30
2025-03-28T18:20:00+00:00,west,noaa-goes18,DAY,SPRING,CYEG,0,1.0000,1.0000,1.30
2024-03-04T18:24:00+00:00,west,noaa-goes18,DAY,SPRING,CYEG,1,0.0000,0.0000,1.30
2021-03-04T20:22:00+00:00,west,noaa-goes17,DAY,SPRING,CYEG,0,1.0000,1.0000,1.30
2020-02-02T05:26:00+00:00,west,noaa-goes17,NIGHT,WINTER,CYEG,0,1.0000,1.0000,1.30
2025-05-01T10:21:00+00:00,west,noaa-goes18,NIGHT,SPRING,CYEG,1,0.0000,0.2400,1.30
2021-02-14T05:58:00+00:00,west,noaa-goes17,NIGHT,WINTER,CYEG,1,0.0000,0.0000,1.30
2024-01-06T09:10:00+00:00,west,noaa-goes18,NIGHT,WINTER,CYEG,0,1.0000,1.0000,1.30
2025-03-27T17:11:00+00:00,west,noaa-goes18,DAY,SPRING,CYEG,0,1.0000,1.0000,1.30
2020-03-30T14:51:00+00:00,west,noaa-goes17,DAY,SPRING,CYEG,0,1.0000,1.0000,1.30
2025-02-12T18:36:00+00:00,west,noaa-goes18,DAY,WINTER,CYEG,0,1.0000,1.0000,1.30
2025-04-23T07:16:00+00:00,west,noaa-goes18,NIGHT,SPRING,CYEG,0,1.0000,1.0000,1.30
2024-03-08T19:21:00+00:00,west,noaa-goes18,DAY,SPRING,CYEG,0,1.0000,1.0000,1.30
2025-05-30T21:25:00+00:00,west,noaa-goes18,DAY,SPRING,CYEG,1,0.0000,0.0000,1.30
2023-05-14T01:59:00+00:00,west,noaa-goes18,DAY,SPRING,CYEG,0,1.0000,1.0000,1.30
2022-08-17T16:06:00+00:00,west,noaa-goes17,DAY,SUMMER,CYEG,1,0.0000,0.0000,1.30
2023-01-08T18:25:00+00:00,west,noaa-goes18,DAY,WINTER,CYEG,1,0.0000,0.0000,1.30
2020-04-26T05:32:00+00:00,west,noaa-goes17,NIGHT,SPRING,CYEG,0,1.0000,1.0000,1.30
2021-11-12T09:56:00+00:00,west,noaa-goes17,NIGHT,AUTUMN,CYEG,0,1.0000,1.0000,1.30
2025-11-16T06:36:00+00:00,west,noaa-goes18,NIGHT,AUTUMN,CYEG,1,0.1111,0.3200,1.30
2021-12-05T09:19:00+00:00,west,noaa-goes17,NIGHT,WINTER,CYEG,0,1.0000,1.0000,1.30
2020-11-25T05:15:00+00:00,west,noaa-goes17,NIGHT,AUTUMN,CYEG,0,1.0000,1.0000,1.30
2022-09-29T04:43:00+00:00,west,noaa-goes17,NIGHT,AUTUMN,CYEG,0,1.0000,1.0000,1.30
2024-03-12T00:30:00+00:00,west,noaa-goes18,DAY,SPRING,CYEG,1,0.0000,0.0000,1.30
2025-04-12T17:43:00+00:00,west,noaa-goes18,DAY,SPRING,CYEG,0,1.0000,0.8400,1.30
2024-06-02T22:13:00+00:00,west,noaa-goes18,DAY,SUMMER,CYEG,0,0.7778,0.8800,1.30
2025-04-18T21:24:00+00:00,west,noaa-goes18,DAY,SPRING,CYEG,1,0.5556,0.4800,1.30
2025-03-13T22:15:00+00:00,west,noaa-goes18,DAY,SPRING,CYEG,0,1.0000,1.0000,1.30
2021-01-27T12:08:00+00:00,west,noaa-goes17,NIGHT,WINTER,CYEG,1,0.1111,0.1200,1.30
2023-09-01T09:52:00+00:00,west,noaa-goes18,NIGHT,AUTUMN,CYEG,0,1.0000,1.0000,1.30
2024-10-05T19:25:00+00:00,west,noaa-goes18,DAY,AUTUMN,CYEG,1,0.0000,0.0000,1.30
2025-12-27T02:22:00+00:00,west,noaa-goes18,NIGHT,WINTER,CYEG,0,1.0000,1.0000,1.30
2025-06-23T21:47:00+00:00,west,noaa-goes18,DAY,SUMMER,CYEG,0,1.0000,1.0000,1.30
2021-12-30T07:23:00+00:00,west,noaa-goes17,NIGHT,WINTER,CYEG,0,1.0000,0.9600,1.30
2024-01-23T10:32:00+00:00,west,noaa-goes18,NIGHT,WINTER,CYEG,1,0.3333,0.3200,1.30
2020-01-07T19:38:00+00:00,west,noaa-goes17,DAY,WINTER,CYEG,0,1.0000,1.0000,1.30
2024-06-18T02:41:00+00:00,west,noaa-goes18,DAY,SUMMER,CYEG,0,1.0000,1.0000,1.30
2023-05-21T13:05:00+00:00,west,noaa-goes18,DAY,SPRING,CYEG,0,1.0000,1.0000,1.30
2023-10-22T12:41:00+00:00,west,noaa-goes18,NIGHT,AUTUMN,CYEG,0,1.0000,1.0000,1.30
2022-01-06T13:09:00+00:00,west,noaa-goes17,NIGHT,WINTER,CYEG,1,0.0000,0.0000,1.30
2023-03-13T09:24:00+00:00,west,noaa-goes18,NIGHT,SPRING,CYEG,0,1.0000,1.0000,1.30
2025-05-22T01:16:00+00:00,west,noaa-goes18,DAY,SPRING,CYEG,0,1.0000,1.0000,1.30
2024-09-23T05:10:00+00:00,west,noaa-goes18,NIGHT,AUTUMN,CYEG,1,0.0000,0.0000,1.30
2024-06-19T21:33:00+00:00,west,noaa-goes18,DAY,SUMMER,CYEG,0,1.0000,0.9600,1.30
2021-03-11T14:51:00+00:00,west,noaa-goes17,DAY,SPRING,CYEG,1,0.0000,0.0000,1.30
2020-12-04T11:43:00+00:00,west,noaa-goes17,NIGHT,WINTER,CYEG,1,0.0000,0.0000,1.30
2021-02-19T20:55:00+00:00,west,noaa-goes17,DAY,WINTER,CYEG,0,1.0000,1.0000,1.30
2024-07-14T00:10:00+00:00,west,noaa-goes18,DAY,SUMMER,CYEG,0,1.0000,1.0000,1.30
2024-07-03T13:49:00+00:00,west,noaa-goes18,DAY,SUMMER,CYEG,0,1.0000,1.0000,1.30
2021-04-19T19:51:00+00:00,west,noaa-goes17,DAY,SPRING,CYEG,0,1.0000,1.0000,1.30
2025-04-23T22:21:00+00:00,west,noaa-goes18,DAY,SPRING,CYEG,0,1.0000,1.0000,1.30
2025-12-31T11:07:00+00:00,west,noaa-goes18,NIGHT,WINTER,CYEG,0,1.0000,1.0000,1.30
2022-01-02T13:34:00+00:00,west,noaa-goes17,NIGHT,WINTER,CYEG,0,1.0000,1.0000,1.30
2024-04-19T21:05:00+00:00,west,noaa-goes18,DAY,SPRING,CYEG,1,0.0000,0.0000,1.30
2021-09-07T00:21:00+00:00,west,noaa-goes17,DAY,AUTUMN,CYEG,0,1.0000,1.0000,1.30
2022-11-22T06:32:00+00:00,west,noaa-goes17,NIGHT,AUTUMN,CYEG,0,1.0000,1.0000,1.30
2025-02-06T13:03:00+00:00,west,noaa-goes18,NIGHT,WINTER,CYEG,1,0.0000,0.1200,1.30
2025-03-18T09:02:00+00:00,west,noaa-goes18,NIGHT,SPRING,CYEG,0,1.0000,1.0000,1.30
2021-05-12T15:29:00+00:00,west,noaa-goes17,DAY,SPRING,CYEG,0,0.7778,0.6400,1.30
2024-02-12T01:56:00+00:00,west,noaa-goes18,NIGHT,WINTER,CYEG,0,1.0000,1.0000,1.30
2024-02-21T08:27:00+00:00,west,noaa-goes18,NIGHT,WINTER,CYEG,1,0.0000,0.0000,1.30
2023-10-14T21:18:00+00:00,west,noaa-goes18,DAY,AUTUMN,CYEG,1,0.0000,0.0000,1.30
2020-04-06T17:17:00+00:00,west,noaa-goes17,DAY,SPRING,CYEG,1,0.1111,0.0800,1.30
2022-01-02T09:22:00+00:00,west,noaa-goes17,NIGHT,WINTER,CYEG,0,1.0000,1.0000,1.30
2024-09-04T00:28:00+00:00,west,noaa-goes18,DAY,AUTUMN,CYEG,0,1.0000,0.8800,1.30
2023-08-22T09:40:00+00:00,west,noaa-goes18,NIGHT,SUMMER,CYEG,0,1.0000,1.0000,1.30
2020-05-25T19:07:00+00:00,west,noaa-goes17,DAY,SPRING,CYEG,0,1.0000,1.0000,1.30
2022-10-15T05:05:00+00:00,west,noaa-goes17,NIGHT,AUTUMN,CYEG,1,0.0000,0.0400,1.30
2025-12-31T03:08:00+00:00,west,noaa-goes18,NIGHT,WINTER,CYEG,0,1.0000,1.0000,1.30
2021-08-15T20:31:00+00:00,west,noaa-goes17,DAY,SUMMER,CYEG,0,1.0000,1.0000,1.30
2024-10-31T08:22:00+00:00,west,noaa-goes18,NIGHT,AUTUMN,CYEG,1,0.0000,0.0400,1.30
2025-02-19T22:39:00+00:00,west,noaa-goes18,DAY,WINTER,CYEG,0,1.0000,1.0000,1.30
2022-09-26T23:52:00+00:00,west,noaa-goes17,DAY,AUTUMN,CYEG,1,0.0000,0.0400,1.30
2025-11-14T18:29:00+00:00,west,noaa-goes18,DAY,AUTUMN,CYEG,0,1.0000,1.0000,1.30
2020-06-15T02:20:00+00:00,west,noaa-goes17,DAY,SUMMER,CYEG,0,1.0000,1.0000,1.30
2021-02-18T12:32:00+00:00,west,noaa-goes17,NIGHT,WINTER,CYEG,0,1.0000,1.0000,1.30
2020-11-18T10:59:00+00:00,west,noaa-goes17,NIGHT,AUTUMN,CYEG,0,0.8889,0.8800,1.30
2023-05-21T13:25:00+00:00,west,noaa-goes18,DAY,SPRING,CYEG,0,1.0000,1.0000,1.30
2020-04-01T05:47:00+00:00,west,noaa-goes17,NIGHT,SPRING,CYEG,0,1.0000,1.0000,1.30
2020-11-20T13:07:00+00:00,west,noaa-goes17,NIGHT,AUTUMN,CYEG,0,1.0000,0.8400,1.30
2022-02-23T18:16:00+00:00,west,noaa-goes17,DAY,WINTER,CYEG,0,1.0000,1.0000,1.30
2023-05-26T19:32:00+00:00,west,noaa-goes18,DAY,SPRING,CYEG,1,0.0000,0.0000,1.30
2022-09-25T22:51:00+00:00,west,noaa-goes17,DAY,AUTUMN,CYEG,1,0.0000,0.0000,1.30
2025-04-21T06:48:00+00:00,west,noaa-goes18,NIGHT,SPRING,CYEG,0,1.0000,1.0000,1.30
2024-11-24T08:47:00+00:00,west,noaa-goes18,NIGHT,AUTUMN,CYEG,0,1.0000,1.0000,1.30
2022-01-30T08:32:00+00:00,west,noaa-goes17,NIGHT,WINTER,CYEG,0,1.0000,1.0000,1.30
2020-07-06T19:25:00+00:00,west,noaa-goes17,DAY,SUMMER,CYEG,1,0.5556,0.6400,1.30
2022-01-12T21:18:00+00:00,west,noaa-goes17,DAY,WINTER,CYEG,0,1.0000,1.0000,1.30
2022-04-28T00:50:00+00:00,west,noaa-goes17,DAY,SPRING,CYEG,1,0.0000,0.0000,1.30
2024-08-24T21:08:00+00:00,west,noaa-goes18,DAY,SUMMER,CYEG,0,0.6667,0.5200,1.30
2023-01-30T08:29:00+00:00,west,noaa-goes18,NIGHT,WINTER,CYEG,0,1.0000,1.0000,1.30
2022-07-09T00:45:00+00:00,west,noaa-goes17,DAY,SUMMER,CYEG,0,1.0000,0.8000,1.30
2023-08-22T07:04:00+00:00,west,noaa-goes18,NIGHT,SUMMER,CYEG,0,1.0000,1.0000,1.30
2023-03-24T23:45:00+00:00,west,noaa-goes18,DAY,SPRING,CYEG,1,0.0000,0.0000,1.30
2025-03-01T18:26:00+00:00,west,noaa-goes18,DAY,SPRING,CYEG,0,1.0000,1.0000,1.30
2023-09-08T17:24:00+00:00,west,noaa-goes18,DAY,AUTUMN,CYEG,0,0.5556,0.4800,1.30
2025-05-02T17:00:00+00:00,west,noaa-goes18,DAY,SPRING,CYEG,1,0.0000,0.0000,1.30
2023-11-05T10:20:00+00:00,west,noaa-goes18,NIGHT,AUTUMN,CYEG,0,1.0000,0.9600,1.30
2025-03-07T23:31:00+00:00,west,noaa-goes18,DAY,SPRING,CYEG,0,1.0000,1.0000,1.30
2022-05-12T17:44:00+00:00,west,noaa-goes17,DAY,SPRING,CYEG,1,0.1111,0.2800,1.30
2021-11-27T21:24:00+00:00,west,noaa-goes17,DAY,AUTUMN,CYEG,0,1.0000,1.0000,1.30
2022-11-13T12:02:00+00:00,west,noaa-goes17,NIGHT,AUTUMN,CYEG,1,0.0000,0.0400,1.30
2020-11-17T20:31:00+00:00,west,noaa-goes17,DAY,AUTUMN,CYEG,0,1.0000,1.0000,1.30
2023-11-15T02:13:00+00:00,west,noaa-goes18,NIGHT,AUTUMN,CYEG,0,1.0000,1.0000,1.30
2025-12-09T11:19:00+00:00,west,noaa-goes18,NIGHT,WINTER,CYEG,0,0.6667,0.7200,1.30
2023-04-10T10:28:00+00:00,west,noaa-goes18,NIGHT,SPRING,CYEG,1,0.0000,0.0000,1.30
2025-03-29T00:09:00+00:00,west,noaa-goes18,DAY,SPRING,CYEG,0,1.0000,1.0000,1.30
2021-11-13T19:22:00+00:00,west,noaa-goes17,DAY,AUTUMN,CYEG,0,1.0000,0.9600,1.30
2020-04-05T09:35:00+00:00,west,noaa-goes17,NIGHT,SPRING,CYEG,0,1.0000,1.0000,1.30
2025-07-03T07:24:00+00:00,west,noaa-goes18,NIGHT,SUMMER,CYEG,1,0.4444,0.4800,1.30
2021-06-23T12:38:00+00:00,west,noaa-goes17,DAY,SUMMER,CYEG,0,0.4444,0.2000,1.30
2023-03-31T05:55:00+00:00,west,noaa-goes18,NIGHT,SPRING,CYEG,1,0.0000,0.0000,1.30
2021-10-13T23:25:00+00:00,west,noaa-goes17,DAY,AUTUMN,CYEG,0,1.0000,1.0000,1.30
2022-06-10T13:57:00+00:00,west,noaa-goes17,DAY,SUMMER,CYEG,0,0.8889,0.8800,1.30
2023-02-16T10:49:00+00:00,west,noaa-goes18,NIGHT,WINTER,CYEG,0,1.0000,1.0000,1.30
2024-01-27T20:06:00+00:00,west,noaa-goes18,DAY,WINTER,CYEG,0,1.0000,1.0000,1.30
2023-07-25T16:34:00+00:00,west,noaa-goes18,DAY,SUMMER,CYEG,0,1.0000,1.0000,1.30
2025-12-21T12:14:00+00:00,west,noaa-goes18,NIGHT,WINTER,CYEG,0,1.0000,1.0000,1.30
2024-07-12T15:48:00+00:00,west,noaa-goes18,DAY,SUMMER,CYEG,1,0.0000,0.0000,1.30
2025-03-15T09:52:00+00:00,west,noaa-goes18,NIGHT,SPRING,CYEG,0,1.0000,1.0000,1.30
2025-01-14T05:59:00+00:00,west,noaa-goes18,NIGHT,WINTER,CYEG,1,0.0000,0.0000,1.30
2021-12-28T12:18:00+00:00,west,noaa-goes17,NIGHT,WINTER,CYEG,1,0.1111,0.2400,1.30
2020-01-14T17:53:00+00:00,west,noaa-goes17,DAY,WINTER,CYEG,0,1.0000,0.8800,1.30
2023-09-30T14:41:00+00:00,west,noaa-goes18,DAY,AUTUMN,CYEG,0,1.0000,1.0000,1.30
2021-12-06T21:58:00+00:00,west,noaa-goes17,DAY,WINTER,CYEG,1,0.0000,0.0000,1.30
2021-02-06T12:37:00+00:00,west,noaa-goes17,NIGHT,WINTER,CYEG,0,1.0000,1.0000,1.30
2022-02-12T20:01:00+00:00,west,noaa-goes17,DAY,WINTER,CYEG,0,1.0000,1.0000,1.30
2024-08-01T00:20:00+00:00,west,noaa-goes18,DAY,SUMMER,CYEG,0,1.0000,0.9600,1.30
2022-10-20T05:36:00+00:00,west,noaa-goes17,NIGHT,AUTUMN,CYEG,0,1.0000,1.0000,1.30
2025-04-16T21:05:00+00:00,west,noaa-goes18,DAY,SPRING,CYEG,0,1.0000,1.0000,1.30
2024-05-13T17:32:00+00:00,west,noaa-goes18,DAY,SPRING,CYEG,0,1.0000,1.0000,1.30
2022-03-01T05:29:00+00:00,west,noaa-goes17,NIGHT,SPRING,CYEG,0,1.0000,1.0000,1.30
2024-02-20T23:55:00+00:00,west,noaa-goes18,DAY,WINTER,CYEG,0,1.0000,1.0000,1.30
2022-09-07T05:30:00+00:00,west,noaa-goes17,NIGHT,AUTUMN,CYEG,1,0.0000,0.0000,1.30
2022-03-29T10:08:00+00:00,west,noaa-goes17,NIGHT,SPRING,CYEG,0,0.8889,0.8400,1.30
2020-05-06T06:36:00+00:00,west,noaa-goes17,NIGHT,SPRING,CYEG,0,1.0000,1.0000,1.30
2024-12-22T07:50:00+00:00,west,noaa-goes18,NIGHT,WINTER,CYEG,1,0.0000,0.0000,1.30
2021-03-31T19:53:00+00:00,west,noaa-goes17,DAY,SPRING,CYEG,0,1.0000,1.0000,1.30
2023-09-18T05:15:00+00:00,west,noaa-goes18,NIGHT,AUTUMN,CYEG,0,1.0000,1.0000,1.30
2025-03-08T23:04:00+00:00,west,noaa-goes18,DAY,SPRING,CYEG,1,0.0000,0.0000,1.30
2020-01-29T23:02:00+00:00,west,noaa-goes17,DAY,WINTER,CYEG,0,1.0000,1.0000,1.30
2024-07-22T16:30:00+00:00,west,noaa-goes18,DAY,SUMMER,CYEG,1,0.0000,0.0000,1.30
2024-09-04T08:56:00+00:00,west,noaa-goes18,NIGHT,AUTUMN,CYEG,0,1.0000,1.0000,1.30
2021-05-10T22:49:00+00:00,west,noaa-goes17,DAY,SPRING,CYEG,1,0.0000,0.0400,1.30
2025-12-27T22:01:00+00:00,west,noaa-goes18,DAY,WINTER,CYEG,1,0.0000,0.0000,1.30
2024-06-19T23:49:00+00:00,west,noaa-goes18,DAY,SUMMER,CYEG,1,0.1111,0.1600,1.30
2025-09-26T20:41:00+00:00,west,noaa-goes18,DAY,AUTUMN,CYEG,0,1.0000,0.9600,1.30
2024-12-07T13:50:00+00:00,west,noaa-goes18,NIGHT,WINTER,CYEG,0,1.0000,1.0000,1.30
2022-12-11T18:48:00+00:00,west,noaa-goes17,DAY,WINTER,CYEG,1,0.0000,0.0000,1.30
2021-04-02T23:10:00+00:00,west,noaa-goes17,DAY,SPRING,CYEG,0,1.0000,1.0000,1.30
2024-02-10T13:42:00+00:00,west,noaa-goes18,NIGHT,WINTER,CYEG,0,0.5556,0.4800,1.30
2023-10-23T04:58:00+00:00,west,noaa-goes18,NIGHT,AUTUMN,CYEG,0,1.0000,1.0000,1.30
2022-09-22T15:13:00+00:00,west,noaa-goes17,DAY,AUTUMN,CYEG,1,0.0000,0.0000,1.30
2022-12-19T03:21:00+00:00,west,noaa-goes17,NIGHT,WINTER,CYEG,0,1.0000,1.0000,1.30
2025-07-06T07:48:00+00:00,west,noaa-goes18,NIGHT,SUMMER,CYEG,0,1.0000,1.0000,1.30
2022-11-30T10:18:00+00:00,west,noaa-goes17,NIGHT,AUTUMN,CYEG,0,1.0000,1.0000,1.30
2024-12-26T10:50:00+00:00,west,noaa-goes18,NIGHT,WINTER,CYEG,1,0.0000,0.0000,1.30
2025-01-18T22:16:00+00:00,west,noaa-goes18,DAY,WINTER,CYEG,1,0.0000,0.0000,1.30
2023-02-01T19:02:00+00:00,west,noaa-goes18,DAY,WINTER,CYEG,0,1.0000,1.0000,1.30
2023-03-27T00:14:00+00:00,west,noaa-goes18,DAY,SPRING,CYEG,0,0.6667,0.2800,1.30
2024-02-28T18:23:00+00:00,west,noaa-goes18,DAY,WINTER,CYEG,0,1.0000,1.0000,1.30
2023-04-07T09:45:00+00:00,west,noaa-goes18,NIGHT,SPRING,CYEG,1,0.0000,0.0000,1.30
2021-10-10T18:40:00+00:00,west,noaa-goes17,DAY,AUTUMN,CYEG,0,1.0000,1.0000,1.30
2023-06-02T15:45:00+00:00,west,noaa-goes18,DAY,SUMMER,CYEG,1,0.0000,0.0000,1.30
2024-12-06T21:18:00+00:00,west,noaa-goes18,DAY,WINTER,CYEG,1,0.0000,0.0000,1.30
2021-09-24T23:51:00+00:00,west,noaa-goes17,DAY,AUTUMN,CYEG,0,1.0000,1.0000,1.30
2022-07-22T00:54:00+00:00,west,noaa-goes17,DAY,SUMMER,CYEG,0,1.0000,1.0000,1.30
2022-05-16T18:19:00+00:00,west,noaa-goes17,DAY,SPRING,CYEG,0,1.0000,1.0000,1.30
2021-08-30T18:00:00+00:00,west,noaa-goes17,DAY,SUMMER,CYEG,0,1.0000,1.0000,1.30
2022-11-28T11:46:00+00:00,west,noaa-goes17,NIGHT,AUTUMN,CYEG,0,1.0000,1.0000,1.30
2025-09-14T23:55:00+00:00,west,noaa-goes18,DAY,AUTUMN,CYEG,1,0.0000,0.0000,1.30
2025-10-17T12:30:00+00:00,west,noaa-goes18,NIGHT,AUTUMN,CYEG,0,0.8889,0.9200,1.30
2021-11-28T11:41:00+00:00,west,noaa-goes17,NIGHT,AUTUMN,CYEG,0,1.0000,1.0000,1.30
2021-09-30T18:54:00+00:00,west,noaa-goes17,DAY,AUTUMN,CYEG,0,1.0000,1.0000,1.30
2025-08-14T10:33:00+00:00,west,noaa-goes18,NIGHT,SUMMER,CYEG,1,0.3333,0.4400,1.30
2025-06-10T20:10:00+00:00,west,noaa-goes18,DAY,SUMMER,CYEG,1,0.1111,0.0800,1.30
2020-09-22T10:14:00+00:00,west,noaa-goes17,NIGHT,AUTUMN,CYEG,0,1.0000,1.0000,1.30
2021-05-04T20:12:00+00:00,west,noaa-goes17,DAY,SPRING,CYEG,0,1.0000,1.0000,1.30
2020-02-19T23:54:00+00:00,west,noaa-goes17,DAY,WINTER,CYEG,0,1.0000,0.8000,1.30
2025-11-16T07:47:00+00:00,west,noaa-goes18,NIGHT,AUTUMN,CYEG,0,1.0000,1.0000,1.30
2020-05-14T12:40:00+00:00,west,noaa-goes17,DAY,SPRING,CYEG,0,1.0000,1.0000,1.30
2020-10-02T08:35:00+00:00,west,noaa-goes17,NIGHT,AUTUMN,CYEG,0,1.0000,1.0000,1.30
2020-11-21T01:28:00+00:00,west,noaa-goes17,NIGHT,AUTUMN,CYEG,0,0.8889,0.8800,1.30
2022-09-30T07:44:00+00:00,west,noaa-goes17,NIGHT,AUTUMN,CYEG,0,1.0000,1.0000,1.30
2025-02-11T05:02:00+00:00,west,noaa-goes18,NIGHT,WINTER,CYEG,0,1.0000,1.0000,1.30
2022-12-24T17:17:00+00:00,west,noaa-goes17,DAY,WINTER,CYEG,0,1.0000,1.0000,1.30
2020-09-17T04:33:00+00:00,west,noaa-goes17,NIGHT,AUTUMN,CYEG,1,0.1111,0.1200,1.30
2023-05-25T01:13:00+00:00,west,noaa-goes18,DAY,SPRING,CYEG,1,0.4444,0.6800,1.30
2022-07-21T07:37:00+00:00,west,noaa-goes17,NIGHT,SUMMER,CYEG,1,0.0000,0.0000,1.30
2025-05-08T14:06:00+00:00,west,noaa-goes18,DAY,SPRING,CYEG,0,1.0000,1.0000,1.30
2021-04-21T14:05:00+00:00,west,noaa-goes17,DAY,SPRING,CYEG,0,1.0000,1.0000,1.30
2025-05-03T06:06:00+00:00,west,noaa-goes18,NIGHT,SPRING,CYEG,1,0.1111,0.2000,1.30
2022-05-30T19:31:00+00:00,west,noaa-goes17,DAY,SPRING,CYEG,1,0.0000,0.0000,1.30
2023-05-13T18:00:00+00:00,west,noaa-goes18,DAY,SPRING,CYEG,1,0.0000,0.0000,1.30
2024-10-26T03:46:00+00:00,west,noaa-goes18,NIGHT,AUTUMN,CYEG,0,1.0000,1.0000,1.30
2024-12-18T20:12:00+00:00,west,noaa-goes18,DAY,WINTER,CYEG,0,1.0000,0.9200,1.30
2024-07-25T19:17:00+00:00,west,noaa-goes18,DAY,SUMMER,CYEG,0,0.5556,0.6000,1.30
2025-07-10T20:11:00+00:00,west,noaa-goes18,DAY,SUMMER,CYEG,1,0.3333,0.4000,1.30
2023-09-08T16:30:00+00:00,west,noaa-goes18,DAY,AUTUMN,CYEG,1,0.4444,0.4400,1.30
2025-10-07T09:41:00+00:00,west,noaa-goes18,NIGHT,AUTUMN,CYEG,0,1.0000,1.0000,1.30
2023-05-12T08:55:00+00:00,west,noaa-goes18,NIGHT,SPRING,CYEG,1,0.0000,0.0000,1.30
2025-12-19T07:21:00+00:00,west,noaa-goes18,NIGHT,WINTER,CYEG,0,1.0000,1.0000,1.30
2023-02-01T21:35:00+00:00,west,noaa-goes18,DAY,WINTER,CYEG,0,0.8889,0.6000,1.30
2025-08-22T09:40:00+00:00,west,noaa-goes18,NIGHT,SUMMER,CYEG,1,0.0000,0.0000,1.30
2024-12-07T03:48:00+00:00,west,noaa-goes18,NIGHT,WINTER,CYEG,0,1.0000,1.0000,1.30
2023-07-31T16:30:00+00:00,west,noaa-goes18,DAY,SUMMER,CYEG,1,0.0000,0.0000,1.30
2024-12-20T10:40:00+00:00,west,noaa-goes18,NIGHT,WINTER,CYEG,0,1.0000,1.0000,1.30
2022-01-18T06:49:00+00:00,west,noaa-goes17,NIGHT,WINTER,CYEG,1,0.4444,0.4800,1.30
2021-03-21T07:13:00+00:00,west,noaa-goes17,NIGHT,SPRING,CYEG,1,0.0000,0.0000,1.30
2023-06-12T16:19:00+00:00,west,noaa-goes18,DAY,SUMMER,CYEG,1,0.0000,0.0000,1.30
2023-08-03T16:30:00+00:00,west,noaa-goes18,DAY,SUMMER,CYEG,0,1.0000,1.0000,1.30
2021-02-25T21:19:00+00:00,west,noaa-goes17,DAY,WINTER,CYEG,0,0.7778,0.7600,1.30
2022-05-11T18:43:00+00:00,west,noaa-goes17,DAY,SPRING,CYEG,0,1.0000,1.0000,1.30
2021-09-25T10:10:00+00:00,west,noaa-goes17,NIGHT,AUTUMN,CYEG,0,1.0000,1.0000,1.30
2022-02-25T12:50:00+00:00,west,noaa-goes17,NIGHT,WINTER,CYEG,1,0.2222,0.1200,1.30
2021-12-04T05:39:00+00:00,west,noaa-goes17,NIGHT,WINTER,CYEG,1,0.0000,0.0000,1.30
2021-10-05T10:33:00+00:00,west,noaa-goes17,NIGHT,AUTUMN,CYEG,0,1.0000,1.0000,1.30
2025-04-24T20:38:00+00:00,west,noaa-goes18,DAY,SPRING,CYEG,0,0.6667,0.5600,1.30
2024-09-03T23:17:00+00:00,west,noaa-goes18,DAY,AUTUMN,CYEG,0,1.0000,1.0000,1.30
2022-07-25T08:30:00+00:00,west,noaa-goes17,NIGHT,SUMMER,CYEG,0,1.0000,1.0000,1.30
2025-01-16T09:27:00+00:00,west,noaa-goes18,NIGHT,WINTER,CYEG,0,1.0000,1.0000,1.30
2024-05-30T13:00:00+00:00,west,noaa-goes18,DAY,SPRING,CYEG,0,1.0000,1.0000,1.30
2024-07-13T01:26:00+00:00,west,noaa-goes18,DAY,SUMMER,CYEG,1,0.0000,0.0000,1.30
2023-12-19T20:51:00+00:00,west,noaa-goes18,DAY,WINTER,CYEG,0,1.0000,1.0000,1.30
2021-07-27T14:49:00+00:00,west,noaa-goes17,DAY,SUMMER,CYEG,1,0.0000,0.2000,1.30
2024-03-09T00:20:00+00:00,west,noaa-goes18,DAY,SPRING,CYEG,0,1.0000,1.0000,1.30
2024-10-17T12:20:00+00:00,west,noaa-goes18,NIGHT,AUTUMN,CYEG,1,0.0000,0.0000,1.30
2022-03-27T06:39:00+00:00,west,noaa-goes17,NIGHT,SPRING,CYEG,1,0.0000,0.0000,1.30
2025-08-22T14:54:00+00:00,west,noaa-goes18,DAY,SUMMER,CYEG,1,0.0000,0.0000,1.30
2023-01-27T03:04:00+00:00,west,noaa-goes18,NIGHT,WINTER,CYEG,0,1.0000,1.0000,1.30
2022-09-22T05:20:00+00:00,west,noaa-goes17,NIGHT,AUTUMN,CYEG,1,0.0000,0.0000,1.30
2025-05-18T23:37:00+00:00,west,noaa-goes18,DAY,SPRING,CYEG,0,1.0000,1.0000,1.30
2024-05-16T22:58:00+00:00,west,noaa-goes18,DAY,SPRING,CYEG,1,0.2222,0.4800,1.30
2025-06-17T07:17:00+00:00,west,noaa-goes18,NIGHT,SUMMER,CYEG,0,1.0000,1.0000,1.30
2020-08-17T20:21:00+00:00,west,noaa-goes17,DAY,SUMMER,CYEG,0,1.0000,1.0000,1.30
2023-02-04T17:23:00+00:00,west,noaa-goes18,DAY,WINTER,CYEG,1,0.0000,0.0000,1.30
2024-11-29T09:07:00+00:00,west,noaa-goes18,NIGHT,AUTUMN,CYEG,0,1.0000,1.0000,1.30
2025-04-16T04:56:00+00:00,west,noaa-goes18,NIGHT,SPRING,CYEG,0,0.8889,0.7200,1.30
2024-08-21T04:55:00+00:00,west,noaa-goes18,NIGHT,SUMMER,CYEG,0,1.0000,1.0000,1.30
2021-09-08T18:19:00+00:00,west,noaa-goes17,DAY,AUTUMN,CYEG,0,1.0000,1.0000,1.30
2022-03-30T17:05:00+00:00,west,noaa-goes17,DAY,SPRING,CYEG,0,1.0000,1.0000,1.30
2024-11-30T07:20:00+00:00,west,noaa-goes18,NIGHT,AUTUMN,CYEG,0,0.8889,0.8400,1.30
2022-12-03T17:33:00+00:00,west,noaa-goes17,DAY,WINTER,CYEG,1,0.0000,0.0000,1.30
2023-04-08T22:01:00+00:00,west,noaa-goes18,DAY,SPRING,CYEG,0,1.0000,0.7600,1.30
2025-04-02T07:29:00+00:00,west,noaa-goes18,NIGHT,SPRING,CYEG,0,1.0000,0.8400,1.30
2024-01-23T10:12:00+00:00,west,noaa-goes18,NIGHT,WINTER,CYEG,1,0.3333,0.4000,1.30
2022-11-26T08:38:00+00:00,west,noaa-goes17,NIGHT,AUTUMN,CYEG,1,0.0000,0.0000,1.30
2020-04-04T04:07:00+00:00,west,noaa-goes17,NIGHT,SPRING,CYEG,0,1.0000,0.9200,1.30
2024-08-09T13:25:00+00:00,west,noaa-goes18,DAY,SUMMER,CYEG,1,0.0000,0.0000,1.30
2025-06-15T01:53:00+00:00,west,noaa-goes18,DAY,SUMMER,CYEG,0,1.0000,1.0000,1.30
2025-12-04T01:58:00+00:00,west,noaa-goes18,NIGHT,WINTER,CYEG,0,1.0000,1.0000,1.30
2025-09-29T11:01:00+00:00,west,noaa-goes18,NIGHT,AUTUMN,CYEG,1,0.0000,0.0000,1.30
2024-11-25T01:32:00+00:00,west,noaa-goes18,NIGHT,AUTUMN,CYEG,0,1.0000,1.0000,1.30
2023-09-01T17:31:00+00:00,west,noaa-goes18,DAY,AUTUMN,CYEG,1,0.0000,0.0000,1.30
2023-03-03T18:21:00+00:00,west,noaa-goes18,DAY,SPRING,CYEG,1,0.0000,0.0000,1.30
2020-10-01T23:04:00+00:00,west,noaa-goes17,DAY,AUTUMN,CYEG,1,0.0000,0.0800,1.30
2021-01-12T17:49:00+00:00,west,noaa-goes17,DAY,WINTER,CYEG,0,1.0000,1.0000,1.30
2021-04-05T17:10:00+00:00,west,noaa-goes17,DAY,SPRING,CYEG,0,0.8889,0.7200,1.30
2025-10-04T02:36:00+00:00,west,noaa-goes18,NIGHT,AUTUMN,CYEG,0,1.0000,1.0000,1.30
2025-04-02T19:41:00+00:00,west,noaa-goes18,DAY,SPRING,CYEG,1,0.3333,0.2000,1.30
2022-02-20T02:49:00+00:00,west,noaa-goes17,NIGHT,WINTER,CYEG,0,1.0000,1.0000,1.30
2024-10-31T08:29:00+00:00,west,noaa-goes18,NIGHT,AUTUMN,CYEG,1,0.0000,0.0400,1.30
2023-04-18T00:39:00+00:00,west,noaa-goes18,DAY,SPRING,CYEG,0,1.0000,1.0000,1.30
2024-05-16T00:00:00+00:00,west,noaa-goes18,DAY,SPRING,CYEG,0,1.0000,1.0000,1.30
2021-09-08T08:54:00+00:00,west,noaa-goes17,NIGHT,AUTUMN,CYEG,0,1.0000,1.0000,1.30
2022-07-01T18:43:00+00:00,west,noaa-goes17,DAY,SUMMER,CYEG,0,1.0000,0.9600,1.30
2023-08-30T17:29:00+00:00,west,noaa-goes18,DAY,SUMMER,CYEG,0,1.0000,1.0000,1.30
2022-03-31T18:59:00+00:00,west,noaa-goes17,DAY,SPRING,CYEG,1,0.0000,0.0000,1.30
2021-09-17T06:49:00+00:00,west,noaa-goes17,NIGHT,AUTUMN,CYEG,1,0.0000,0.0000,1.30
2022-01-13T03:01:00+00:00,west,noaa-goes17,NIGHT,WINTER,CYEG,0,1.0000,1.0000,1.30
2025-12-24T19:54:00+00:00,west,noaa-goes18,DAY,WINTER,CYEG,0,1.0000,1.0000,1.30
2023-11-28T02:20:00+00:00,west,noaa-goes18,NIGHT,AUTUMN,CYEG,1,0.2222,0.2400,1.30
2023-07-15T07:42:00+00:00,west,noaa-goes18,NIGHT,SUMMER,CYEG,1,0.0000,0.0000,1.30
2024-12-05T03:53:00+00:00,west,noaa-goes18,NIGHT,WINTER,CYEG,1,0.2222,0.2800,1.30
2024-03-16T00:28:00+00:00,west,noaa-goes18,DAY,SPRING,CYEG,0,0.6667,0.6000,1.30
2022-03-24T06:49:00+00:00,west,noaa-goes17,NIGHT,SPRING,CYEG,0,1.0000,1.0000,1.30
2024-04-07T18:52:00+00:00,west,noaa-goes18,DAY,SPRING,CYEG,0,1.0000,0.9600,1.30
2021-05-25T02:11:00+00:00,west,noaa-goes17,DAY,SPRING,CYEG,0,1.0000,1.0000,1.30
2025-09-06T18:46:00+00:00,west,noaa-goes18,DAY,AUTUMN,CYEG,1,0.0000,0.0000,1.30
2025-10-16T03:10:00+00:00,west,noaa-goes18,NIGHT,AUTUMN,CYEG,1,0.0000,0.0000,1.30
2024-08-27T06:13:00+00:00,west,noaa-goes18,NIGHT,SUMMER,CYEG,0,1.0000,1.0000,1.30
2025-05-11T08:32:00+00:00,west,noaa-goes18,NIGHT,SPRING,CYEG,0,1.0000,1.0000,1.30
2021-04-03T14:01:00+00:00,west,noaa-goes17,DAY,SPRING,CYEG,0,1.0000,1.0000,1.30
2020-01-30T12:51:00+00:00,west,noaa-goes17,NIGHT,WINTER,CYEG,0,0.8889,0.9200,1.30
2023-06-23T02:27:00+00:00,west,noaa-goes18,DAY,SUMMER,CYEG,0,1.0000,1.0000,1.30
2023-05-16T07:44:00+00:00,west,noaa-goes18,NIGHT,SPRING,CYEG,1,0.0000,0.0000,1.30
2020-12-11T20:41:00+00:00,west,noaa-goes17,DAY,WINTER,CYEG,0,1.0000,1.0000,1.30
2024-05-15T15:01:00+00:00,west,noaa-goes18,DAY,SPRING,CYEG,0,1.0000,1.0000,1.30
2023-08-17T01:09:00+00:00,west,noaa-goes18,DAY,SUMMER,CYEG,1,0.0000,0.0000,1.30
2022-10-16T05:36:00+00:00,west,noaa-goes17,NIGHT,AUTUMN,CYEG,0,1.0000,1.0000,1.30
2020-02-07T04:33:00+00:00,west,noaa-goes17,NIGHT,WINTER,CYEG,0,1.0000,1.0000,1.30
2021-09-29T04:44:00+00:00,west,noaa-goes17,NIGHT,AUTUMN,CYEG,0,1.0000,1.0000,1.30
2025-04-08T01:03:00+00:00,west,noaa-goes18,DAY,SPRING,CYEG,0,1.0000,1.0000,1.30
2022-05-09T23:42:00+00:00,west,noaa-goes17,DAY,SPRING,CYEG,1,0.0000,0.0000,1.30
2024-08-26T05:26:00+00:00,west,noaa-goes18,NIGHT,SUMMER,CYEG,1,0.0000,0.0000,1.30
2021-12-07T05:59:00+00:00,west,noaa-goes17,NIGHT,WINTER,CYEG,1,0.5556,0.6800,1.30
2025-10-25T04:47:00+00:00,west,noaa-goes18,NIGHT,AUTUMN,CYEG,0,1.0000,1.0000,1.30
2022-01-13T11:56:00+00:00,west,noaa-goes17,NIGHT,WINTER,CYEG,0,1.0000,1.0000,1.30
2021-03-24T05:01:00+00:00,west,noaa-goes17,NIGHT,SPRING,CYEG,0,1.0000,1.0000,1.30
2025-07-30T06:19:00+00:00,west,noaa-goes18,NIGHT,SUMMER,CYEG,1,0.0000,0.0000,1.30
2024-07-11T20:23:00+00:00,west,noaa-goes18,DAY,SUMMER,CYEG,1,0.0000,0.0000,1.30
2022-12-22T19:20:00+00:00,west,noaa-goes17,DAY,WINTER,CYEG,1,0.1111,0.1600,1.30
2020-04-26T00:21:00+00:00,west,noaa-goes17,DAY,SPRING,CYEG,0,1.0000,1.0000,1.30
2020-04-26T15:02:00+00:00,west,noaa-goes17,DAY,SPRING,CYEG,0,1.0000,0.9600,1.30
2021-08-14T13:02:00+00:00,west,noaa-goes17,DAY,SUMMER,CYEG,0,1.0000,1.0000,1.30
2024-03-24T19:46:00+00:00,west,noaa-goes18,DAY,SPRING,CYEG,1,0.6667,0.7200,1.30
2025-11-21T05:10:00+00:00,west,noaa-goes18,NIGHT,AUTUMN,CYEG,1,0.1111,0.2800,1.30
2022-07-01T02:26:00+00:00,west,noaa-goes17,DAY,SUMMER,CYEG,1,0.0000,0.0000,1.30
2020-09-28T03:30:00+00:00,west,noaa-goes17,NIGHT,AUTUMN,CYEG,0,1.0000,1.0000,1.30
2024-12-08T04:54:00+00:00,west,noaa-goes18,NIGHT,WINTER,CYEG,0,1.0000,1.0000,1.30
2020-01-03T09:30:00+00:00,west,noaa-goes17,NIGHT,WINTER,CYEG,0,1.0000,1.0000,1.30
2025-04-07T08:08:00+00:00,west,noaa-goes18,NIGHT,SPRING,CYEG,0,1.0000,1.0000,1.30
2023-08-15T21:34:00+00:00,west,noaa-goes18,DAY,SUMMER,CYEG,0,1.0000,1.0000,1.30
2024-02-06T19:42:00+00:00,west,noaa-goes18,DAY,WINTER,CYEG,0,1.0000,1.0000,1.30
2022-03-14T04:14:00+00:00,west,noaa-goes17,NIGHT,SPRING,CYEG,0,1.0000,1.0000,1.30
2025-10-09T04:51:00+00:00,west,noaa-goes18,NIGHT,AUTUMN,CYEG,0,0.4444,0.3600,1.30
2021-03-07T07:14:00+00:00,west,noaa-goes17,NIGHT,SPRING,CYEG,1,0.0000,0.0000,1.30
2022-10-23T05:46:00+00:00,west,noaa-goes17,NIGHT,AUTUMN,CYEG,0,1.0000,1.0000,1.30
2025-03-07T21:37:00+00:00,west,noaa-goes18,DAY,SPRING,CYEG,0,1.0000,1.0000,1.30
2025-10-30T16:36:00+00:00,west,noaa-goes18,DAY,AUTUMN,CYEG,0,1.0000,1.0000,1.30
2022-12-28T04:20:00+00:00,west,noaa-goes17,NIGHT,WINTER,CYEG,0,1.0000,1.0000,1.30
2024-09-24T11:42:00+00:00,west,noaa-goes18,NIGHT,AUTUMN,CYEG,1,0.0000,0.0000,1.30
2021-08-17T18:47:00+00:00,west,noaa-goes17,DAY,SUMMER,CYEG,0,1.0000,0.8800,1.30
2020-05-20T23:57:00+00:00,west,noaa-goes17,DAY,SPRING,CYEG,0,1.0000,1.0000,1.30
2024-04-26T20:03:00+00:00,west,noaa-goes18,DAY,SPRING,CYEG,0,1.0000,1.0000,1.30
2022-03-21T05:00:00+00:00,west,noaa-goes17,NIGHT,SPRING,CYEG,1,0.0000,0.0000,1.30
2021-08-08T20:02:00+00:00,west,noaa-goes17,DAY,SUMMER,CYEG,0,1.0000,1.0000,1.30
2022-09-01T05:25:00+00:00,west,noaa-goes17,NIGHT,AUTUMN,CYEG,0,1.0000,1.0000,1.30
2023-08-14T00:36:00+00:00,west,noaa-goes18,DAY,SUMMER,CYEG,0,1.0000,1.0000,1.30
2025-05-23T15:54:00+00:00,west,noaa-goes18,DAY,SPRING,CYEG,0,0.4444,0.2800,1.30
2023-11-09T06:40:00+00:00,west,noaa-goes18,NIGHT,AUTUMN,CYEG,0,1.0000,1.0000,1.30
2024-07-19T14:13:00+00:00,west,noaa-goes18,DAY,SUMMER,CYEG,1,0.0000,0.0000,1.30
2025-01-30T19:16:00+00:00,west,noaa-goes18,DAY,WINTER,CYEG,0,1.0000,1.0000,1.30
2024-12-06T03:47:00+00:00,west,noaa-goes18,NIGHT,WINTER,CYEG,0,1.0000,1.0000,1.30
2023-02-18T20:49:00+00:00,west,noaa-goes18,DAY,WINTER,CYEG,0,1.0000,1.0000,1.30
2025-10-08T10:21:00+00:00,west,noaa-goes18,NIGHT,AUTUMN,CYEG,0,0.8889,0.6400,1.30
2022-02-02T08:21:00+00:00,west,noaa-goes17,NIGHT,WINTER,CYEG,1,0.5556,0.4000,1.30
2025-06-19T17:29:00+00:00,west,noaa-goes18,DAY,SUMMER,CYEG,0,1.0000,1.0000,1.30
2021-01-30T21:54:00+00:00,west,noaa-goes17,DAY,WINTER,CYEG,1,0.0000,0.0800,1.30
2023-11-03T16:16:00+00:00,west,noaa-goes18,DAY,AUTUMN,CYEG,1,0.3333,0.4400,1.30
2020-09-15T11:27:00+00:00,west,noaa-goes17,NIGHT,AUTUMN,CYEG,0,1.0000,1.0000,1.30
2020-04-14T17:08:00+00:00,west,noaa-goes17,DAY,SPRING,CYEG,0,1.0000,1.0000,1.30
2021-01-22T07:29:00+00:00,west,noaa-goes17,NIGHT,WINTER,CYEG,1,0.2222,0.4400,1.30
2021-03-31T03:35:00+00:00,west,noaa-goes17,NIGHT,SPRING,CYEG,0,1.0000,1.0000,1.30
2023-04-26T04:55:00+00:00,west,noaa-goes18,NIGHT,SPRING,CYEG,0,1.0000,1.0000,1.30
2023-11-24T09:28:00+00:00,west,noaa-goes18,NIGHT,AUTUMN,CYEG,1,0.0000,0.0000,1.30
2024-11-21T17:05:00+00:00,west,noaa-goes18,DAY,AUTUMN,CYEG,0,1.0000,1.0000,1.30
2025-08-29T05:25:00+00:00,west,noaa-goes18,NIGHT,SUMMER,CYEG,1,0.2222,0.1200,1.30
2025-09-23T06:09:00+00:00,west,noaa-goes18,NIGHT,AUTUMN,CYEG,0,1.0000,0.9600,1.30
2022-06-27T00:12:00+00:00,west,noaa-goes17,DAY,SUMMER,CYEG,0,1.0000,1.0000,1.30
2021-09-13T18:55:00+00:00,west,noaa-goes17,DAY,AUTUMN,CYEG,1,0.0000,0.0000,1.30
2025-12-23T11:34:00+00:00,west,noaa-goes18,NIGHT,WINTER,CYEG,1,0.0000,0.0000,1.30
2022-08-01T22:33:00+00:00,west,noaa-goes17,DAY,SUMMER,CYEG,0,1.0000,1.0000,1.30
2021-11-14T11:10:00+00:00,west,noaa-goes17,NIGHT,AUTUMN,CYEG,0,1.0000,1.0000,1.30
2021-02-14T21:10:00+00:00,west,noaa-goes17,DAY,WINTER,CYEG,0,1.0000,1.0000,1.30
2022-07-15T22:09:00+00:00,west,noaa-goes17,DAY,SUMMER,CYEG,1,0.4444,0.3200,1.30
2024-10-02T06:17:00+00:00,west,noaa-goes18,NIGHT,AUTUMN,CYEG,0,1.0000,1.0000,1.30
2024-05-15T16:26:00+00:00,west,noaa-goes18,DAY,SPRING,CYEG,0,1.0000,1.0000,1.30
2025-05-05T14:20:00+00:00,west,noaa-goes18,DAY,SPRING,CYEG,1,0.0000,0.0000,1.30
2021-07-11T23:19:00+00:00,west,noaa-goes17,DAY,SUMMER,CYEG,0,1.0000,0.9600,1.30
2020-01-02T02:16:00+00:00,west,noaa-goes17,NIGHT,WINTER,CYEG,0,1.0000,1.0000,1.30
2023-06-30T06:59:00+00:00,west,noaa-goes18,NIGHT,SUMMER,CYEG,0,1.0000,1.0000,1.30
2025-05-23T05:48:00+00:00,west,noaa-goes18,NIGHT,SPRING,CYEG,0,1.0000,1.0000,1.30
2021-10-15T20:26:00+00:00,west,noaa-goes17,DAY,AUTUMN,CYEG,0,1.0000,0.8000,1.30
2024-05-20T18:12:00+00:00,west,noaa-goes18,DAY,SPRING,CYEG,0,1.0000,1.0000,1.30
2022-07-15T08:08:00+00:00,west,noaa-goes17,NIGHT,SUMMER,CYEG,1,0.0000,0.0000,1.30
2021-09-13T06:28:00+00:00,west,noaa-goes17,NIGHT,AUTUMN,CYEG,1,0.0000,0.0000,1.30
2021-08-06T21:17:00+00:00,west,noaa-goes17,DAY,SUMMER,CYEG,0,1.0000,1.0000,1.30
2023-09-03T00:40:00+00:00,west,noaa-goes18,DAY,AUTUMN,CYEG,1,0.0000,0.0000,1.30
2021-04-25T16:19:00+00:00,west,noaa-goes17,DAY,SPRING,CYEG,1,0.1111,0.3600,1.30
2025-11-17T03:49:00+00:00,west,noaa-goes18,NIGHT,AUTUMN,CYEG,0,1.0000,1.0000,1.30
2025-04-13T07:42:00+00:00,west,noaa-goes18,NIGHT,SPRING,CYEG,0,1.0000,1.0000,1.30
2024-11-30T09:52:00+00:00,west,noaa-goes18,NIGHT,AUTUMN,CYEG,1,0.3333,0.4000,1.30
2021-05-26T17:47:00+00:00,west,noaa-goes17,DAY,SPRING,CYEG,0,1.0000,1.0000,1.30
2025-02-04T04:04:00+00:00,west,noaa-goes18,NIGHT,WINTER,CYEG,0,1.0000,1.0000,1.30
2023-10-30T08:02:00+00:00,west,noaa-goes18,NIGHT,AUTUMN,CYEG,0,1.0000,1.0000,1.30
2024-04-11T08:07:00+00:00,west,noaa-goes18,NIGHT,SPRING,CYEG,1,0.3333,0.3600,1.30
2024-01-25T07:55:00+00:00,west,noaa-goes18,NIGHT,WINTER,CYEG,0,1.0000,1.0000,1.30
2025-07-18T22:27:00+00:00,west,noaa-goes18,DAY,SUMMER,CYEG,0,1.0000,1.0000,1.30
2021-03-06T08:53:00+00:00,west,noaa-goes17,NIGHT,SPRING,CYEG,0,1.0000,1.0000,1.30
2023-02-03T08:40:00+00:00,west,noaa-goes18,NIGHT,WINTER,CYEG,0,1.0000,1.0000,1.30
2025-09-11T10:26:00+00:00,west,noaa-goes18,NIGHT,AUTUMN,CYEG,0,0.5556,0.4000,1.30
2020-02-22T03:45:00+00:00,west,noaa-goes17,NIGHT,WINTER,CYEG,0,1.0000,1.0000,1.30
2025-06-11T07:37:00+00:00,west,noaa-goes18,NIGHT,SUMMER,CYEG,0,1.0000,1.0000,1.30
2025-07-20T07:37:00+00:00,west,noaa-goes18,NIGHT,SUMMER,CYEG,0,1.0000,1.0000,1.30
2024-11-11T21:17:00+00:00,west,noaa-goes18,DAY,AUTUMN,CYEG,0,1.0000,1.0000,1.30
2021-03-01T22:31:00+00:00,west,noaa-goes17,DAY,SPRING,CYEG,0,1.0000,1.0000,1.30
2024-03-19T19:33:00+00:00,west,noaa-goes18,DAY,SPRING,CYEG,0,1.0000,1.0000,1.30
2024-04-16T01:38:00+00:00,west,noaa-goes18,DAY,SPRING,CYEG,1,0.0000,0.1200,1.30
2021-03-17T18:53:00+00:00,west,noaa-goes17,DAY,SPRING,CYEG,0,1.0000,1.0000,1.30
2021-02-07T18:06:00+00:00,west,noaa-goes17,DAY,WINTER,CYEG,0,1.0000,1.0000,1.30
2024-11-03T21:58:00+00:00,west,noaa-goes18,DAY,AUTUMN,CYEG,1,0.0000,0.0000,1.30
2024-08-15T00:46:00+00:00,west,noaa-goes18,DAY,SUMMER,CYEG,1,0.0000,0.0000,1.30
2025-02-13T08:22:00+00:00,west,noaa-goes18,NIGHT,WINTER,CYEG,0,1.0000,1.0000,1.30
2023-11-10T11:15:00+00:00,west,noaa-goes18,NIGHT,AUTUMN,CYEG,0,1.0000,1.0000,1.30
2022-12-13T05:13:00+00:00,west,noaa-goes17,NIGHT,WINTER,CYEG,0,0.6667,0.4000,1.30
2023-08-11T23:25:00+00:00,west,noaa-goes18,DAY,SUMMER,CYEG,0,1.0000,1.0000,1.30
2023-11-28T05:54:00+00:00,west,noaa-goes18,NIGHT,AUTUMN,CYEG,1,0.0000,0.0000,1.30
2025-08-09T02:21:00+00:00,west,noaa-goes18,DAY,SUMMER,CYEG,0,0.8889,0.8000,1.30
2023-12-11T19:34:00+00:00,west,noaa-goes18,DAY,WINTER,CYEG,0,1.0000,1.0000,1.30
2021-01-05T20:25:00+00:00,west,noaa-goes17,DAY,WINTER,CYEG,0,1.0000,0.9600,1.30
2023-07-05T19:31:00+00:00,west,noaa-goes18,DAY,SUMMER,CYEG,1,0.0000,0.0000,1.30
2022-02-01T12:12:00+00:00,west,noaa-goes17,NIGHT,WINTER,CYEG,0,1.0000,1.0000,1.30
2023-12-07T10:51:00+00:00,west,noaa-goes18,NIGHT,WINTER,CYEG,0,1.0000,1.0000,1.30
2024-11-28T11:48:00+00:00,west,noaa-goes18,NIGHT,AUTUMN,CYEG,0,1.0000,1.0000,1.30
2021-10-14T05:20:00+00:00,west,noaa-goes17,NIGHT,AUTUMN,CYEG,0,1.0000,1.0000,1.30
2020-03-06T03:12:00+00:00,west,noaa-goes17,NIGHT,SPRING,CYEG,0,1.0000,1.0000,1.30
2023-06-25T16:44:00+00:00,west,noaa-goes18,DAY,SUMMER,CYEG,1,0.1111,0.3600,1.30
2023-04-28T17:34:00+00:00,west,noaa-goes18,DAY,SPRING,CYEG,1,0.0000,0.0000,1.30
2021-12-29T12:39:00+00:00,west,noaa-goes17,NIGHT,WINTER,CYEG,1,0.0000,0.0000,1.30
2020-11-07T06:05:00+00:00,west,noaa-goes17,NIGHT,AUTUMN,CYEG,0,1.0000,1.0000,1.30
2024-07-15T08:09:00+00:00,west,noaa-goes18,NIGHT,SUMMER,CYEG,0,1.0000,1.0000,1.30
2023-10-25T17:22:00+00:00,west,noaa-goes18,DAY,AUTUMN,CYEG,1,0.0000,0.0400,1.30
2023-04-18T19:36:00+00:00,west,noaa-goes18,DAY,SPRING,CYEG,1,0.0000,0.0000,1.30
2020-12-02T10:14:00+00:00,west,noaa-goes17,NIGHT,WINTER,CYEG,0,1.0000,0.9600,1.30
2024-12-17T01:15:00+00:00,west,noaa-goes18,NIGHT,WINTER,CYEG,0,1.0000,1.0000,1.30
2021-09-26T21:17:00+00:00,west,noaa-goes17,DAY,AUTUMN,CYEG,1,0.0000,0.0000,1.30
2020-04-17T15:14:00+00:00,west,noaa-goes17,DAY,SPRING,CYEG,0,1.0000,1.0000,1.30
2022-06-15T07:56:00+00:00,west,noaa-goes17,NIGHT,SUMMER,CYEG,0,1.0000,1.0000,1.30
2022-07-14T14:41:00+00:00,west,noaa-goes17,DAY,SUMMER,CYEG,1,0.0000,0.0000,1.30
2023-04-30T07:01:00+00:00,west,noaa-goes18,NIGHT,SPRING,CYEG,0,1.0000,1.0000,1.30
2025-06-02T14:26:00+00:00,west,noaa-goes18,DAY,SUMMER,CYEG,1,0.0000,0.0000,1.30
2022-02-26T13:11:00+00:00,west,noaa-goes17,NIGHT,WINTER,CYEG,1,0.0000,0.0000,1.30
2025-10-25T18:25:00+00:00,west,noaa-goes18,DAY,AUTUMN,CYEG,1,0.0000,0.0000,1.30
2024-05-04T23:16:00+00:00,west,noaa-goes18,DAY,SPRING,CYEG,0,1.0000,0.8800,1.30
2024-01-30T08:27:00+00:00,west,noaa-goes18,NIGHT,WINTER,CYEG,0,1.0000,1.0000,1.30
2024-02-25T11:57:00+00:00,west,noaa-goes18,NIGHT,WINTER,CYEG,0,1.0000,1.0000,1.30
2024-01-02T02:44:00+00:00,west,noaa-goes18,NIGHT,WINTER,CYEG,0,1.0000,1.0000,1.30
2022-10-08T17:37:00+00:00,west,noaa-goes17,DAY,AUTUMN,CYEG,1,0.0000,0.0000,1.30
2025-09-09T22:30:00+00:00,west,noaa-goes18,DAY,AUTUMN,CYEG,1,0.0000,0.0000,1.30
2022-07-22T23:22:00+00:00,west,noaa-goes17,DAY,SUMMER,CYEG,1,0.0000,0.1600,1.30
2022-07-06T14:17:00+00:00,west,noaa-goes17,DAY,SUMMER,CYEG,0,1.0000,1.0000,1.30
2020-08-05T14:39:00+00:00,west,noaa-goes17,DAY,SUMMER,CYEG,1,0.0000,0.0000,1.30
2024-11-21T02:10:00+00:00,west,noaa-goes18,NIGHT,AUTUMN,CYEG,0,1.0000,1.0000,1.30
2020-03-31T17:28:00+00:00,west,noaa-goes17,DAY,SPRING,CYEG,0,1.0000,1.0000,1.30
2023-12-22T02:46:00+00:00,west,noaa-goes18,NIGHT,WINTER,CYEG,0,1.0000,1.0000,1.30
2023-02-04T18:16:00+00:00,west,noaa-goes18,DAY,WINTER,CYEG,1,0.0000,0.0000,1.30
2020-04-22T22:38:00+00:00,west,noaa-goes17,DAY,SPRING,CYEG,0,0.8889,0.8400,1.30
2025-07-03T13:45:00+00:00,west,noaa-goes18,DAY,SUMMER,CYEG,1,0.3333,0.3600,1.30
2021-06-30T12:13:00+00:00,west,noaa-goes17,DAY,SUMMER,CYEG,1,0.0000,0.0000,1.30
2025-01-25T09:34:00+00:00,west,noaa-goes18,NIGHT,WINTER,CYEG,0,1.0000,1.0000,1.30
2023-07-12T00:39:00+00:00,west,noaa-goes18,DAY,SUMMER,CYEG,1,0.0000,0.0000,1.30
2020-08-04T22:48:00+00:00,west,noaa-goes17,DAY,SUMMER,CYEG,1,0.0000,0.0800,1.30
2024-01-07T18:07:00+00:00,west,noaa-goes18,DAY,WINTER,CYEG,0,0.7778,0.8000,1.30
2020-10-17T19:04:00+00:00,west,noaa-goes17,DAY,AUTUMN,CYEG,0,1.0000,1.0000,1.30
2025-12-09T13:46:00+00:00,west,noaa-goes18,NIGHT,WINTER,CYEG,0,1.0000,0.9600,1.30
2021-10-22T23:12:00+00:00,west,noaa-goes17,DAY,AUTUMN,CYEG,0,1.0000,1.0000,1.30
2022-10-16T19:49:00+00:00,west,noaa-goes17,DAY,AUTUMN,CYEG,1,0.0000,0.0000,1.30
2022-01-04T05:01:00+00:00,west,noaa-goes17,NIGHT,WINTER,CYEG,0,1.0000,1.0000,1.30
2025-07-20T23:07:00+00:00,west,noaa-goes18,DAY,SUMMER,CYEG,0,1.0000,1.0000,1.30
2024-07-10T18:44:00+00:00,west,noaa-goes18,DAY,SUMMER,CYEG,1,0.0000,0.0000,1.30
2024-05-05T13:24:00+00:00,west,noaa-goes18,DAY,SPRING,CYEG,0,1.0000,1.0000,1.30
2025-04-27T04:54:00+00:00,west,noaa-goes18,NIGHT,SPRING,CYEG,0,1.0000,1.0000,1.30
2023-11-07T05:06:00+00:00,west,noaa-goes18,NIGHT,AUTUMN,CYEG,0,1.0000,1.0000,1.30
2024-10-28T08:31:00+00:00,west,noaa-goes18,NIGHT,AUTUMN,CYEG,0,1.0000,1.0000,1.30
2021-01-06T05:16:00+00:00,west,noaa-goes17,NIGHT,WINTER,CYEG,0,1.0000,1.0000,1.30
2023-12-09T20:40:00+00:00,west,noaa-goes18,DAY,WINTER,CYEG,0,1.0000,1.0000,1.30
2020-11-30T10:28:00+00:00,west,noaa-goes17,NIGHT,AUTUMN,CYEG,0,1.0000,1.0000,1.30
2020-03-24T19:03:00+00:00,west,noaa-goes17,DAY,SPRING,CYEG,0,1.0000,1.0000,1.30
2020-08-30T21:23:00+00:00,west,noaa-goes17,DAY,SUMMER,CYEG,0,1.0000,0.8000,1.30
2021-01-26T05:00:00+00:00,west,noaa-goes17,NIGHT,WINTER,CYEG,1,0.0000,0.0000,1.30
2020-04-23T18:36:00+00:00,west,noaa-goes17,DAY,SPRING,CYEG,0,1.0000,1.0000,1.30
2022-02-11T20:39:00+00:00,west,noaa-goes17,DAY,WINTER,CYEG,0,1.0000,1.0000,1.30
2025-08-02T05:34:00+00:00,west,noaa-goes18,NIGHT,SUMMER,CYEG,0,1.0000,1.0000,1.30
2021-09-25T19:23:00+00:00,west,noaa-goes17,DAY,AUTUMN,CYEG,0,1.0000,1.0000,1.30
2020-06-07T17:56:00+00:00,west,noaa-goes17,DAY,SUMMER,CYEG,0,1.0000,1.0000,1.30
2021-05-07T09:59:00+00:00,west,noaa-goes17,NIGHT,SPRING,CYEG,0,1.0000,1.0000,1.30
2022-01-08T18:33:00+00:00,west,noaa-goes17,DAY,WINTER,CYEG,1,0.0000,0.0400,1.30
2021-11-16T03:31:00+00:00,west,noaa-goes17,NIGHT,AUTUMN,CYEG,0,1.0000,1.0000,1.30
2022-03-02T19:09:00+00:00,west,noaa-goes17,DAY,SPRING,CYEG,0,1.0000,1.0000,1.30
2023-10-13T14:59:00+00:00,west,noaa-goes18,DAY,AUTUMN,CYEG,1,0.4444,0.3600,1.30
2024-05-11T14:07:00+00:00,west,noaa-goes18,DAY,SPRING,CYEG,1,0.6667,0.7600,1.30
2020-09-25T10:15:00+00:00,west,noaa-goes17,NIGHT,AUTUMN,CYEG,0,1.0000,0.8800,1.30
2024-02-06T04:15:00+00:00,west,noaa-goes18,NIGHT,WINTER,CYEG,0,1.0000,1.0000,1.30
2025-07-03T06:50:00+00:00,west,noaa-goes18,NIGHT,SUMMER,CYEG,1,0.0000,0.0000,1.30
2024-07-13T01:22:00+00:00,west,noaa-goes18,DAY,SUMMER,CYEG,1,0.0000,0.0000,1.30
2020-08-28T15:51:00+00:00,west,noaa-goes17,DAY,SUMMER,CYEG,0,1.0000,0.9600,1.30
2021-02-08T16:05:00+00:00,west,noaa-goes17,DAY,WINTER,CYEG,1,0.2222,0.3600,1.30
2023-08-05T16:36:00+00:00,west,noaa-goes18,DAY,SUMMER,CYEG,1,0.0000,0.0000,1.30
2022-04-03T09:20:00+00:00,west,noaa-goes17,NIGHT,SPRING,CYEG,1,0.0000,0.0000,1.30
2021-07-08T14:48:00+00:00,west,noaa-goes17,DAY,SUMMER,CYEG,1,0.1111,0.0800,1.30
2022-03-22T09:40:00+00:00,west,noaa-goes17,NIGHT,SPRING,CYEG,1,0.0000,0.0000,1.30
2024-10-12T12:27:00+00:00,west,noaa-goes18,NIGHT,AUTUMN,CYEG,0,0.2222,0.1600,1.30
2020-04-07T15:06:00+00:00,west,noaa-goes17,DAY,SPRING,CYEG,1,0.5556,0.5600,1.30
2023-08-09T17:30:00+00:00,west,noaa-goes18,DAY,SUMMER,CYEG,0,1.0000,1.0000,1.30
2024-05-11T09:31:00+00:00,west,noaa-goes18,NIGHT,SPRING,CYEG,1,0.2222,0.2800,1.30
2023-03-22T21:44:00+00:00,west,noaa-goes18,DAY,SPRING,CYEG,1,0.0000,0.0000,1.30
2020-08-13T16:53:00+00:00,west,noaa-goes17,DAY,SUMMER,CYEG,1,0.0000,0.1200,1.30
2023-06-11T18:47:00+00:00,west,noaa-goes18,DAY,SUMMER,CYEG,0,0.7778,0.6800,1.30
2021-12-11T20:20:00+00:00,west,noaa-goes17,DAY,WINTER,CYEG,0,1.0000,1.0000,1.30
2020-07-15T17:01:00+00:00,west,noaa-goes17,DAY,SUMMER,CYEG,0,1.0000,1.0000,1.30
2020-08-02T21:55:00+00:00,west,noaa-goes17,DAY,SUMMER,CYEG,0,0.4444,0.4000,1.30
2025-11-16T05:32:00+00:00,west,noaa-goes18,NIGHT,AUTUMN,CYEG,0,1.0000,1.0000,1.30
2024-02-27T21:44:00+00:00,west,noaa-goes18,DAY,WINTER,CYEG,1,0.0000,0.0000,1.30
2025-02-15T05:57:00+00:00,west,noaa-goes18,NIGHT,WINTER,CYEG,0,1.0000,1.0000,1.30
2022-06-26T22:20:00+00:00,west,noaa-goes17,DAY,SUMMER,CYEG,1,0.1111,0.2000,1.30
2020-10-25T22:13:00+00:00,west,noaa-goes17,DAY,AUTUMN,CYEG,0,1.0000,1.0000,1.30
2025-07-21T06:36:00+00:00,west,noaa-goes18,NIGHT,SUMMER,CYEG,0,1.0000,1.0000,1.30
2024-04-11T06:57:00+00:00,west,noaa-goes18,NIGHT,SPRING,CYEG,0,0.7778,0.8400,1.30
2022-09-11T21:52:00+00:00,west,noaa-goes17,DAY,AUTUMN,CYEG,0,1.0000,1.0000,1.30
2023-09-16T05:24:00+00:00,west,noaa-goes18,NIGHT,AUTUMN,CYEG,1,0.0000,0.0000,1.30
2024-07-04T01:09:00+00:00,west,noaa-goes18,DAY,SUMMER,CYEG,1,0.4444,0.5600,1.30
2021-08-03T19:15:00+00:00,west,noaa-goes17,DAY,SUMMER,CYEG,1,0.0000,0.0000,1.30
2022-11-23T13:43:00+00:00,west,noaa-goes17,NIGHT,AUTUMN,CYEG,1,0.0000,0.0000,1.30
2023-06-22T06:56:00+00:00,west,noaa-goes18,NIGHT,SUMMER,CYEG,0,0.5556,0.5600,1.30
2023-01-21T13:44:00+00:00,west,noaa-goes18,NIGHT,WINTER,CYEG,0,1.0000,1.0000,1.30
2020-02-12T20:44:00+00:00,west,noaa-goes17,DAY,WINTER,CYEG,0,1.0000,1.0000,1.30
2024-06-07T01:44:00+00:00,west,noaa-goes18,DAY,SUMMER,CYEG,1,0.0000,0.0000,1.30
2025-01-13T04:42:00+00:00,west,noaa-goes18,NIGHT,WINTER,CYEG,0,1.0000,0.9200,1.30
2022-07-02T02:40:00+00:00,west,noaa-goes17,DAY,SUMMER,CYEG,0,1.0000,1.0000,1.30
2025-06-24T02:11:00+00:00,west,noaa-goes18,DAY,SUMMER,CYEG,1,0.3333,0.4000,1.30
2023-09-02T05:47:00+00:00,west,noaa-goes18,NIGHT,AUTUMN,CYEG,1,0.0000,0.0000,1.30
2022-11-16T21:45:00+00:00,west,noaa-goes17,DAY,AUTUMN,CYEG,0,1.0000,1.0000,1.30
2023-03-19T09:54:00+00:00,west,noaa-goes18,NIGHT,SPRING,CYEG,1,0.0000,0.0000,1.30
2022-12-07T03:48:00+00:00,west,noaa-goes17,NIGHT,WINTER,CYEG,0,1.0000,1.0000,1.30
2021-05-04T12:52:00+00:00,west,noaa-goes17,DAY,SPRING,CYEG,0,1.0000,1.0000,1.30
2025-08-01T06:08:00+00:00,west,noaa-goes18,NIGHT,SUMMER,CYEG,0,1.0000,1.0000,1.30
2022-07-25T01:53:00+00:00,west,noaa-goes17,DAY,SUMMER,CYEG,0,1.0000,1.0000,1.30
2024-05-08T05:05:00+00:00,west,noaa-goes18,NIGHT,SPRING,CYEG,0,1.0000,1.0000,1.30
2020-10-03T07:27:00+00:00,west,noaa-goes17,NIGHT,AUTUMN,CYEG,1,0.0000,0.0400,1.30
2021-08-07T14:38:00+00:00,west,noaa-goes17,DAY,SUMMER,CYEG,0,1.0000,1.0000,1.30
2020-06-17T21:59:00+00:00,west,noaa-goes17,DAY,SUMMER,CYEG,0,1.0000,1.0000,1.30
2025-08-24T06:49:00+00:00,west,noaa-goes18,NIGHT,SUMMER,CYEG,1,0.0000,0.0000,1.30
2022-05-11T23:20:00+00:00,west,noaa-goes17,DAY,SPRING,CYEG,0,1.0000,1.0000,1.30
2020-06-28T18:00:00+00:00,west,noaa-goes17,DAY,SUMMER,CYEG,0,1.0000,1.0000,1.30
2021-09-17T10:55:00+00:00,west,noaa-goes17,NIGHT,AUTUMN,CYEG,0,1.0000,1.0000,1.30
2022-10-24T05:22:00+00:00,west,noaa-goes17,NIGHT,AUTUMN,CYEG,1,0.1111,0.0800,1.30
2025-03-07T06:57:00+00:00,west,noaa-goes18,NIGHT,SPRING,CYEG,1,0.0000,0.0000,1.30
2021-09-19T09:32:00+00:00,west,noaa-goes17,NIGHT,AUTUMN,CYEG,1,0.7778,0.7600,1.30
2020-09-17T07:11:00+00:00,west,noaa-goes17,NIGHT,AUTUMN,CYEG,0,0.6667,0.4000,1.30
2022-03-07T10:42:00+00:00,west,noaa-goes17,NIGHT,SPRING,CYEG,0,1.0000,1.0000,1.30
2024-12-02T00:55:00+00:00,west,noaa-goes18,NIGHT,WINTER,CYEG,0,0.7778,0.6800,1.30
2024-12-09T02:53:00+00:00,west,noaa-goes18,NIGHT,WINTER,CYEG,0,1.0000,1.0000,1.30
2022-10-03T19:33:00+00:00,west,noaa-goes17,DAY,AUTUMN,CYEG,1,0.0000,0.1200,1.30
2023-03-24T17:10:00+00:00,west,noaa-goes18,DAY,SPRING,CYEG,1,0.0000,0.0000,1.30
2021-08-10T17:20:00+00:00,west,noaa-goes17,DAY,SUMMER,CYEG,0,0.6667,0.5600,1.30
2022-08-15T00:24:00+00:00,west,noaa-goes17,DAY,SUMMER,CYEG,0,1.0000,1.0000,1.30
2020-01-15T18:03:00+00:00,west,noaa-goes17,DAY,WINTER,CYEG,0,0.8889,0.7200,1.30
2024-05-06T18:07:00+00:00,west,noaa-goes18,DAY,SPRING,CYEG,0,1.0000,1.0000,1.30
2022-07-08T20:02:00+00:00,west,noaa-goes17,DAY,SUMMER,CYEG,1,0.5556,0.7600,1.30
2025-05-05T18:41:00+00:00,west,noaa-goes18,DAY,SPRING,CYEG,1,0.0000,0.0400,1.30
2024-04-30T09:43:00+00:00,west,noaa-goes18,NIGHT,SPRING,CYEG,0,1.0000,1.0000,1.30
2024-05-03T14:58:00+00:00,west,noaa-goes18,DAY,SPRING,CYEG,1,0.0000,0.0000,1.30
2022-08-31T21:31:00+00:00,west,noaa-goes17,DAY,SUMMER,CYEG,1,0.0000,0.0000,1.30
2021-09-19T14:34:00+00:00,west,noaa-goes17,DAY,AUTUMN,CYEG,0,1.0000,0.9600,1.30
2024-01-15T07:09:00+00:00,west,noaa-goes18,NIGHT,WINTER,CYEG,1,0.0000,0.0000,1.30
2023-03-20T20:46:00+00:00,west,noaa-goes18,DAY,SPRING,CYEG,1,0.0000,0.0000,1.30
2021-12-15T12:16:00+00:00,west,noaa-goes17,NIGHT,WINTER,CYEG,1,0.1111,0.0400,1.30
2023-12-16T06:25:00+00:00,west,noaa-goes18,NIGHT,WINTER,CYEG,0,1.0000,1.0000,1.30
2025-03-13T11:21:00+00:00,west,noaa-goes18,NIGHT,SPRING,CYEG,0,1.0000,1.0000,1.30
2023-08-28T21:25:00+00:00,west,noaa-goes18,DAY,SUMMER,CYEG,1,0.0000,0.0000,1.30
2021-06-29T23:33:00+00:00,west,noaa-goes17,DAY,SUMMER,CYEG,1,0.1111,0.0800,1.30
2022-02-21T18:12:00+00:00,west,noaa-goes17,DAY,WINTER,CYEG,1,0.0000,0.0000,1.30
2023-06-11T06:25:00+00:00,west,noaa-goes18,NIGHT,SUMMER,CYEG,1,0.0000,0.0000,1.30
2021-08-01T15:06:00+00:00,west,noaa-goes17,DAY,SUMMER,CYEG,0,1.0000,1.0000,1.30
2025-01-26T09:57:00+00:00,west,noaa-goes18,NIGHT,WINTER,CYEG,1,0.0000,0.0000,1.30
2024-08-15T01:12:00+00:00,west,noaa-goes18,DAY,SUMMER,CYEG,1,0.0000,0.0000,1.30
2021-10-03T21:24:00+00:00,west,noaa-goes17,DAY,AUTUMN,CYEG,1,0.1111,0.2000,1.30
2021-12-06T08:47:00+00:00,west,noaa-goes17,NIGHT,WINTER,CYEG,0,1.0000,1.0000,1.30
2021-09-30T20:25:00+00:00,west,noaa-goes17,DAY,AUTUMN,CYEG,0,1.0000,1.0000,1.30
2022-03-21T04:26:00+00:00,west,noaa-goes17,NIGHT,SPRING,CYEG,1,0.0000,0.0000,1.30
2023-07-20T14:15:00+00:00,west,noaa-goes18,DAY,SUMMER,CYEG,0,1.0000,0.9600,1.30
2021-06-18T15:20:00+00:00,west,noaa-goes17,DAY,SUMMER,CYEG,0,0.8889,0.8000,1.30
2020-05-24T21:06:00+00:00,west,noaa-goes17,DAY,SPRING,CYEG,1,0.3333,0.4800,1.30
2021-01-03T10:59:00+00:00,west,noaa-goes17,NIGHT,WINTER,CYEG,0,1.0000,1.0000,1.30
2024-01-01T06:47:00+00:00,west,noaa-goes18,NIGHT,WINTER,CYEG,1,0.0000,0.0400,1.30
2021-09-08T06:19:00+00:00,west,noaa-goes17,NIGHT,AUTUMN,CYEG,0,1.0000,1.0000,1.30
2020-09-27T11:39:00+00:00,west,noaa-goes17,NIGHT,AUTUMN,CYEG,0,1.0000,1.0000,1.30
2023-07-16T18:57:00+00:00,west,noaa-goes18,DAY,SUMMER,CYEG,1,0.1111,0.0400,1.30
2021-12-18T09:19:00+00:00,west,noaa-goes17,NIGHT,WINTER,CYEG,1,0.2222,0.3600,1.30
2021-02-19T17:10:00+00:00,west,noaa-goes17,DAY,WINTER,CYEG,0,1.0000,1.0000,1.30
2021-09-14T05:26:00+00:00,west,noaa-goes17,NIGHT,AUTUMN,CYEG,0,0.6667,0.5600,1.30
2021-04-30T17:58:00+00:00,west,noaa-goes17,DAY,SPRING,CYEG,1,0.1111,0.2000,1.30
2024-08-05T05:35:00+00:00,west,noaa-goes18,NIGHT,SUMMER,CYEG,0,1.0000,1.0000,1.30
2025-04-07T22:17:00+00:00,west,noaa-goes18,DAY,SPRING,CYEG,0,1.0000,1.0000,1.30
2022-10-18T03:42:00+00:00,west,noaa-goes17,NIGHT,AUTUMN,CYEG,1,0.6667,0.6000,1.30
2021-08-23T14:06:00+00:00,west,noaa-goes17,DAY,SUMMER,CYEG,0,1.0000,1.0000,1.30
2024-04-09T15:24:00+00:00,west,noaa-goes18,DAY,SPRING,CYEG,0,0.5556,0.5200,1.30
2025-05-07T05:49:00+00:00,west,noaa-goes18,NIGHT,SPRING,CYEG,0,1.0000,1.0000,1.30
2020-03-22T18:44:00+00:00,west,noaa-goes17,DAY,SPRING,CYEG,0,1.0000,1.0000,1.30
2020-03-22T15:42:00+00:00,west,noaa-goes17,DAY,SPRING,CYEG,1,0.0000,0.0400,1.30
2023-11-09T10:05:00+00:00,west,noaa-goes18,NIGHT,AUTUMN,CYEG,0,1.0000,1.0000,1.30
2021-07-06T19:19:00+00:00,west,noaa-goes17,DAY,SUMMER,CYEG,0,1.0000,1.0000,1.30
2022-03-18T20:20:00+00:00,west,noaa-goes17,DAY,SPRING,CYEG,1,0.0000,0.0000,1.30
2023-04-12T22:50:00+00:00,west,noaa-goes18,DAY,SPRING,CYEG,1,0.0000,0.1200,1.30
2020-12-06T11:38:00+00:00,west,noaa-goes17,NIGHT,WINTER,CYEG,1,0.0000,0.0000,1.30
2025-07-19T00:39:00+00:00,west,noaa-goes18,DAY,SUMMER,CYEG,0,1.0000,1.0000,1.30
2024-09-07T05:23:00+00:00,west,noaa-goes18,NIGHT,AUTUMN,CYEG,0,1.0000,0.9600,1.30
2023-02-21T16:57:00+00:00,west,noaa-goes18,DAY,WINTER,CYEG,0,1.0000,1.0000,1.30
2020-04-06T15:20:00+00:00,west,noaa-goes17,DAY,SPRING,CYEG,0,1.0000,1.0000,1.30
2021-11-14T01:41:00+00:00,west,noaa-goes17,NIGHT,AUTUMN,CYEG,0,1.0000,1.0000,1.30
2022-09-05T22:19:00+00:00,west,noaa-goes17,DAY,AUTUMN,CYEG,0,0.8889,0.7200,1.30
2025-02-19T21:05:00+00:00,west,noaa-goes18,DAY,WINTER,CYEG,0,1.0000,0.9200,1.30
2023-09-25T17:02:00+00:00,west,noaa-goes18,DAY,AUTUMN,CYEG,0,0.8889,0.6800,1.30
2021-06-19T19:00:00+00:00,west,noaa-goes17,DAY,SUMMER,CYEG,0,1.0000,1.0000,1.30
2020-03-19T09:24:00+00:00,west,noaa-goes17,NIGHT,SPRING,CYEG,1,0.0000,0.0000,1.30
2022-03-28T15:24:00+00:00,west,noaa-goes17,DAY,SPRING,CYEG,0,1.0000,1.0000,1.30
2024-05-09T01:44:00+00:00,west,noaa-goes18,DAY,SPRING,CYEG,0,1.0000,1.0000,1.30
2023-01-12T22:24:00+00:00,west,noaa-goes18,DAY,WINTER,CYEG,0,1.0000,1.0000,1.30
2023-10-06T11:51:00+00:00,west,noaa-goes18,NIGHT,AUTUMN,CYEG,1,0.0000,0.2000,1.30
2023-11-02T04:22:00+00:00,west,noaa-goes18,NIGHT,AUTUMN,CYEG,0,1.0000,1.0000,1.30
2022-12-07T17:12:00+00:00,west,noaa-goes17,DAY,WINTER,CYEG,0,1.0000,1.0000,1.30
2020-12-13T21:58:00+00:00,west,noaa-goes17,DAY,WINTER,CYEG,0,1.0000,1.0000,1.30
2023-07-29T16:57:00+00:00,west,noaa-goes18,DAY,SUMMER,CYEG,0,1.0000,1.0000,1.30
2021-04-09T00:51:00+00:00,west,noaa-goes17,DAY,SPRING,CYEG,1,0.0000,0.0000,1.30
2020-10-31T05:23:00+00:00,west,noaa-goes17,NIGHT,AUTUMN,CYEG,0,1.0000,1.0000,1.30
2020-09-23T04:36:00+00:00,west,noaa-goes17,NIGHT,AUTUMN,CYEG,1,0.0000,0.0000,1.30
2020-02-25T23:51:00+00:00,west,noaa-goes17,DAY,WINTER,CYEG,0,1.0000,1.0000,1.30
2023-10-29T19:04:00+00:00,west,noaa-goes18,DAY,AUTUMN,CYEG,1,0.0000,0.0000,1.30
2021-10-01T18:40:00+00:00,west,noaa-goes17,DAY,AUTUMN,CYEG,1,0.0000,0.0000,1.30
2025-03-02T20:55:00+00:00,west,noaa-goes18,DAY,SPRING,CYEG,1,0.0000,0.0000,1.30
2023-09-17T21:06:00+00:00,west,noaa-goes18,DAY,AUTUMN,CYEG,1,0.0000,0.0400,1.30
2021-05-14T01:45:00+00:00,west,noaa-goes17,DAY,SPRING,CYEG,0,1.0000,1.0000,1.30
2020-11-28T05:05:00+00:00,west,noaa-goes17,NIGHT,AUTUMN,CYEG,0,1.0000,1.0000,1.30
2020-11-21T12:20:00+00:00,west,noaa-goes17,NIGHT,AUTUMN,CYEG,0,0.7778,0.8800,1.30
2025-12-08T06:30:00+00:00,west,noaa-goes18,NIGHT,WINTER,CYEG,1,0.7778,0.7600,1.30
2022-03-19T22:31:00+00:00,west,noaa-goes17,DAY,SPRING,CYEG,0,1.0000,1.0000,1.30
2020-09-07T14:11:00+00:00,west,noaa-goes17,DAY,AUTUMN,CYEG,1,0.0000,0.0000,1.30
2025-09-10T00:05:00+00:00,west,noaa-goes18,DAY,AUTUMN,CYEG,1,0.0000,0.0000,1.30
2021-12-21T06:16:00+00:00,west,noaa-goes17,NIGHT,WINTER,CYEG,1,0.0000,0.0000,1.30
2021-08-12T17:36:00+00:00,west,noaa-goes17,DAY,SUMMER,CYEG,1,0.0000,0.0000,1.30
2022-02-14T22:07:00+00:00,west,noaa-goes17,DAY,WINTER,CYEG,0,1.0000,1.0000,1.30
2020-11-06T06:11:00+00:00,west,noaa-goes17,NIGHT,AUTUMN,CYEG,1,0.0000,0.0000,1.30
2023-08-09T07:10:00+00:00,west,noaa-goes18,NIGHT,SUMMER,CYEG,0,1.0000,1.0000,1.30
2024-06-04T20:53:00+00:00,west,noaa-goes18,DAY,SUMMER,CYEG,0,1.0000,1.0000,1.30
2023-04-30T19:26:00+00:00,west,noaa-goes18,DAY,SPRING,CYEG,0,0.8889,0.8000,1.30
2025-09-06T20:18:00+00:00,west,noaa-goes18,DAY,AUTUMN,CYEG,1,0.0000,0.0000,1.30
2022-06-12T13:16:00+00:00,west,noaa-goes17,DAY,SUMMER,CYEG,0,1.0000,1.0000,1.30
2021-10-22T02:03:00+00:00,west,noaa-goes17,NIGHT,AUTUMN,CYEG,1,0.0000,0.0000,1.30
2020-09-14T15:22:00+00:00,west,noaa-goes17,DAY,AUTUMN,CYEG,0,1.0000,1.0000,1.30
2020-09-04T19:48:00+00:00,west,noaa-goes17,DAY,AUTUMN,CYEG,0,0.6667,0.6800,1.30
2024-10-27T02:43:00+00:00,west,noaa-goes18,NIGHT,AUTUMN,CYEG,0,1.0000,1.0000,1.30
2020-12-27T10:37:00+00:00,west,noaa-goes17,NIGHT,WINTER,CYEG,1,0.0000,0.0000,1.30
2024-01-20T22:43:00+00:00,west,noaa-goes18,DAY,WINTER,CYEG,1,0.0000,0.0000,1.30
2020-09-26T18:16:00+00:00,west,noaa-goes17,DAY,AUTUMN,CYEG,1,0.0000,0.1200,1.30
2023-07-30T14:22:00+00:00,west,noaa-goes18,DAY,SUMMER,CYEG,1,0.0000,0.0000,1.30
2023-05-14T15:20:00+00:00,west,noaa-goes18,DAY,SPRING,CYEG,1,0.0000,0.0000,1.30
2021-11-29T01:44:00+00:00,west,noaa-goes17,NIGHT,AUTUMN,CYEG,0,1.0000,1.0000,1.30
2025-03-05T10:59:00+00:00,west,noaa-goes18,NIGHT,SPRING,CYEG,1,0.0000,0.0000,1.30
2024-07-09T14:55:00+00:00,west,noaa-goes18,DAY,SUMMER,CYEG,1,0.0000,0.0000,1.30
2021-08-04T23:48:00+00:00,west,noaa-goes17,DAY,SUMMER,CYEG,1,0.4444,0.3600,1.30
2024-04-28T13:01:00+00:00,west,noaa-goes18,DAY,SPRING,CYEG,0,1.0000,1.0000,1.30
2021-12-08T04:37:00+00:00,west,noaa-goes17,NIGHT,WINTER,CYEG,0,1.0000,1.0000,1.30
2022-01-23T06:06:00+00:00,west,noaa-goes17,NIGHT,WINTER,CYEG,0,1.0000,1.0000,1.30
2020-03-08T12:30:00+00:00,west,noaa-goes17,NIGHT,SPRING,CYEG,0,1.0000,1.0000,1.30
2022-03-21T00:31:00+00:00,west,noaa-goes17,DAY,SPRING,CYEG,1,0.0000,0.0000,1.30
2023-02-11T07:12:00+00:00,west,noaa-goes18,NIGHT,WINTER,CYEG,0,0.8889,0.7200,1.30
2025-06-15T19:46:00+00:00,west,noaa-goes18,DAY,SUMMER,CYEG,0,1.0000,1.0000,1.30
2025-08-06T13:27:00+00:00,west,noaa-goes18,DAY,SUMMER,CYEG,0,0.6667,0.3200,1.30
2021-10-16T15:42:00+00:00,west,noaa-goes17,DAY,AUTUMN,CYEG,0,1.0000,1.0000,1.30
2020-10-01T10:45:00+00:00,west,noaa-goes17,NIGHT,AUTUMN,CYEG,0,1.0000,1.0000,1.30
2025-05-06T19:18:00+00:00,west,noaa-goes18,DAY,SPRING,CYEG,1,0.0000,0.0000,1.30
2021-08-02T07:33:00+00:00,west,noaa-goes17,NIGHT,SUMMER,CYEG,0,1.0000,1.0000,1.30
2025-07-17T06:26:00+00:00,west,noaa-goes18,NIGHT,SUMMER,CYEG,0,1.0000,1.0000,1.30
2025-07-02T00:19:00+00:00,west,noaa-goes18,DAY,SUMMER,CYEG,0,0.5556,0.5200,1.30
2023-06-26T21:39:00+00:00,west,noaa-goes18,DAY,SUMMER,CYEG,1,0.0000,0.0000,1.30
2024-10-23T19:07:00+00:00,west,noaa-goes18,DAY,AUTUMN,CYEG,0,1.0000,1.0000,1.30
2021-06-14T16:18:00+00:00,west,noaa-goes17,DAY,SUMMER,CYEG,0,1.0000,1.0000,1.30
2025-04-23T02:01:00+00:00,west,noaa-goes18,DAY,SPRING,CYEG,0,0.6667,0.4800,1.30
2025-01-05T11:26:00+00:00,west,noaa-goes18,NIGHT,WINTER,CYEG,0,1.0000,0.9600,1.30
2022-10-05T06:20:00+00:00,west,noaa-goes17,NIGHT,AUTUMN,CYEG,0,1.0000,1.0000,1.30
2025-05-04T08:35:00+00:00,west,noaa-goes18,NIGHT,SPRING,CYEG,0,1.0000,1.0000,1.30
2023-10-27T18:50:00+00:00,west,noaa-goes18,DAY,AUTUMN,CYEG,1,0.2222,0.3200,1.30
2023-09-18T22:12:00+00:00,west,noaa-goes18,DAY,AUTUMN,CYEG,1,0.0000,0.0000,1.30
2022-07-26T22:37:00+00:00,west,noaa-goes17,DAY,SUMMER,CYEG,1,0.0000,0.1200,1.30
2025-04-08T00:20:00+00:00,west,noaa-goes18,DAY,SPRING,CYEG,0,1.0000,1.0000,1.30
2025-09-23T03:24:00+00:00,west,noaa-goes18,NIGHT,AUTUMN,CYEG,1,0.0000,0.0000,1.30
2021-08-30T19:20:00+00:00,west,noaa-goes17,DAY,SUMMER,CYEG,0,1.0000,1.0000,1.30
2020-11-29T16:31:00+00:00,west,noaa-goes17,DAY,AUTUMN,CYEG,0,1.0000,1.0000,1.30
2025-03-10T19:57:00+00:00,west,noaa-goes18,DAY,SPRING,CYEG,1,0.0000,0.0000,1.30
2022-12-25T02:28:00+00:00,west,noaa-goes17,NIGHT,WINTER,CYEG,0,1.0000,1.0000,1.30
2024-05-14T06:50:00+00:00,west,noaa-goes18,NIGHT,SPRING,CYEG,0,1.0000,1.0000,1.30
2023-02-05T22:09:00+00:00,west,noaa-goes18,DAY,WINTER,CYEG,0,1.0000,1.0000,1.30
2022-10-07T07:40:00+00:00,west,noaa-goes17,NIGHT,AUTUMN,CYEG,0,1.0000,0.9600,1.30
2020-01-13T10:22:00+00:00,west,noaa-goes17,NIGHT,WINTER,CYEG,0,1.0000,1.0000,1.30
2025-05-30T17:09:00+00:00,west,noaa-goes18,DAY,SPRING,CYEG,1,0.0000,0.0000,1.30
2023-01-22T10:31:00+00:00,west,noaa-goes18,NIGHT,WINTER,CYEG,0,1.0000,1.0000,1.30
2023-07-10T19:56:00+00:00,west,noaa-goes18,DAY,SUMMER,CYEG,0,1.0000,1.0000,1.30
2022-03-30T20:12:00+00:00,west,noaa-goes17,DAY,SPRING,CYEG,0,0.7778,0.6000,1.30
2021-05-08T09:46:00+00:00,west,noaa-goes17,NIGHT,SPRING,CYEG,0,1.0000,1.0000,1.30
2020-09-05T23:56:00+00:00,west,noaa-goes17,DAY,AUTUMN,CYEG,0,0.1111,0.0400,1.30
2022-03-09T16:51:00+00:00,west,noaa-goes17,DAY,SPRING,CYEG,1,0.0000,0.0000,1.30
2020-02-14T09:16:00+00:00,west,noaa-goes17,NIGHT,WINTER,CYEG,0,1.0000,1.0000,1.30
2022-04-16T04:18:00+00:00,west,noaa-goes17,NIGHT,SPRING,CYEG,0,1.0000,1.0000,1.30
2020-04-13T00:41:00+00:00,west,noaa-goes17,DAY,SPRING,CYEG,0,0.6667,0.6400,1.30
2025-03-19T04:28:00+00:00,west,noaa-goes18,NIGHT,SPRING,CYEG,1,0.0000,0.0800,1.30
2024-04-13T17:10:00+00:00,west,noaa-goes18,DAY,SPRING,CYEG,0,0.7778,0.6400,1.30
2024-12-24T10:06:00+00:00,west,noaa-goes18,NIGHT,WINTER,CYEG,0,1.0000,1.0000,1.30
2022-03-21T22:38:00+00:00,west,noaa-goes17,DAY,SPRING,CYEG,1,0.0000,0.0000,1.30
2025-01-30T09:10:00+00:00,west,noaa-goes18,NIGHT,WINTER,CYEG,0,1.0000,1.0000,1.30
2021-05-22T01:55:00+00:00,west,noaa-goes17,DAY,SPRING,CYEG,1,0.0000,0.0000,1.30
2023-08-30T17:30:00+00:00,west,noaa-goes18,DAY,SUMMER,CYEG,0,1.0000,1.0000,1.30
2024-02-19T04:20:00+00:00,west,noaa-goes18,NIGHT,WINTER,CYEG,1,0.0000,0.0000,1.30
2024-03-16T17:01:00+00:00,west,noaa-goes18,DAY,SPRING,CYEG,0,1.0000,1.0000,1.30
2024-11-13T20:20:00+00:00,west,noaa-goes18,DAY,AUTUMN,CYEG,0,1.0000,1.0000,1.30
2020-05-21T20:18:00+00:00,west,noaa-goes17,DAY,SPRING,CYEG,0,1.0000,1.0000,1.30
2023-08-20T18:48:00+00:00,west,noaa-goes18,DAY,SUMMER,CYEG,1,0.1111,0.1200,1.30
2020-06-10T16:03:00+00:00,west,noaa-goes17,DAY,SUMMER,CYEG,1,0.0000,0.0000,1.30
2021-06-24T15:04:00+00:00,west,noaa-goes17,DAY,SUMMER,CYEG,1,0.2222,0.3600,1.30
2020-10-05T04:09:00+00:00,west,noaa-goes17,NIGHT,AUTUMN,CYEG,0,1.0000,1.0000,1.30
2021-02-22T16:10:00+00:00,west,noaa-goes17,DAY,WINTER,CYEG,0,0.7778,0.8400,1.30
2024-01-15T11:21:00+00:00,west,noaa-goes18,NIGHT,WINTER,CYEG,1,0.0000,0.0000,1.30
2020-11-28T13:21:00+00:00,west,noaa-goes17,NIGHT,AUTUMN,CYEG,0,1.0000,1.0000,1.30
2020-10-11T15:25:00+00:00,west,noaa-goes17,DAY,AUTUMN,CYEG,0,1.0000,1.0000,1.30
2020-09-11T16:26:00+00:00,west,noaa-goes17,DAY,AUTUMN,CYEG,1,0.0000,0.0000,1.30
2024-06-09T22:09:00+00:00,west,noaa-goes18,DAY,SUMMER,CYEG,0,1.0000,1.0000,1.30
2021-01-01T06:28:00+00:00,west,noaa-goes17,NIGHT,WINTER,CYEG,1,0.5556,0.7200,1.30
2021-10-13T03:48:00+00:00,west,noaa-goes17,NIGHT,AUTUMN,CYEG,0,1.0000,0.8800,1.30
2022-12-04T07:15:00+00:00,west,noaa-goes17,NIGHT,WINTER,CYEG,1,0.0000,0.0000,1.30
2020-08-19T20:43:00+00:00,west,noaa-goes17,DAY,SUMMER,CYEG,1,0.2222,0.3600,1.30
2022-07-12T15:02:00+00:00,west,noaa-goes17,DAY,SUMMER,CYEG,1,0.0000,0.0000,1.30
2020-06-21T07:48:00+00:00,west,noaa-goes17,NIGHT,SUMMER,CYEG,0,1.0000,1.0000,1.30
2022-08-10T04:55:00+00:00,west,noaa-goes17,NIGHT,SUMMER,CYEG,1,0.0000,0.0800,1.30
2021-07-17T16:20:00+00:00,west,noaa-goes17,DAY,SUMMER,CYEG,0,1.0000,1.0000,1.30
2024-06-09T00:32:00+00:00,west,noaa-goes18,DAY,SUMMER,CYEG,0,1.0000,1.0000,1.30
2023-04-01T15:01:00+00:00,west,noaa-goes18,DAY,SPRING,CYEG,0,1.0000,1.0000,1.30
2024-08-26T17:04:00+00:00,west,noaa-goes18,DAY,SUMMER,CYEG,0,1.0000,1.0000,1.30
2020-06-13T06:37:00+00:00,west,noaa-goes17,NIGHT,SUMMER,CYEG,0,1.0000,1.0000,1.30
2020-05-27T06:14:00+00:00,west,noaa-goes17,NIGHT,SPRING,CYEG,0,1.0000,0.8000,1.30
2025-07-06T00:22:00+00:00,west,noaa-goes18,DAY,SUMMER,CYEG,0,1.0000,1.0000,1.30
2020-11-26T18:56:00+00:00,west,noaa-goes17,DAY,AUTUMN,CYEG,0,1.0000,1.0000,1.30
2024-02-16T16:57:00+00:00,west,noaa-goes18,DAY,WINTER,CYEG,1,0.0000,0.0000,1.30
2021-11-03T12:13:00+00:00,west,noaa-goes17,NIGHT,AUTUMN,CYEG,0,1.0000,1.0000,1.30
2021-09-15T17:00:00+00:00,west,noaa-goes17,DAY,AUTUMN,CYEG,1,0.0000,0.0000,1.30
2023-02-26T08:35:00+00:00,west,noaa-goes18,NIGHT,WINTER,CYEG,0,1.0000,1.0000,1.30
2024-03-13T16:24:00+00:00,west,noaa-goes18,DAY,SPRING,CYEG,0,1.0000,1.0000,1.30
2023-09-01T08:25:00+00:00,west,noaa-goes18,NIGHT,AUTUMN,CYEG,0,1.0000,1.0000,1.30
2021-05-03T20:18:00+00:00,west,noaa-goes17,DAY,SPRING,CYEG,1,0.0000,0.0000,1.30
2025-09-27T12:13:00+00:00,west,noaa-goes18,NIGHT,AUTUMN,CYEG,0,0.8889,0.7200,1.30
2022-01-27T03:02:00+00:00,west,noaa-goes17,NIGHT,WINTER,CYEG,0,0.7778,0.7200,1.30
2023-05-08T22:43:00+00:00,west,noaa-goes18,DAY,SPRING,CYEG,0,1.0000,1.0000,1.30
2022-05-27T18:52:00+00:00,west,noaa-goes17,DAY,SPRING,CYEG,0,1.0000,0.9600,1.30
2020-08-10T20:40:00+00:00,west,noaa-goes17,DAY,SUMMER,CYEG,1,0.0000,0.0000,1.30
2022-07-30T18:56:00+00:00,west,noaa-goes17,DAY,SUMMER,CYEG,1,0.3333,0.5200,1.30
2020-04-07T09:00:00+00:00,west,noaa-goes17,NIGHT,SPRING,CYEG,0,1.0000,1.0000,1.30
2023-09-29T06:31:00+00:00,west,noaa-goes18,NIGHT,AUTUMN,CYEG,0,1.0000,1.0000,1.30
2024-05-10T23:20:00+00:00,west,noaa-goes18,DAY,SPRING,CYEG,0,1.0000,1.0000,1.30
2025-02-18T12:38:00+00:00,west,noaa-goes18,NIGHT,WINTER,CYEG,1,0.0000,0.0000,1.30
2023-03-14T21:54:00+00:00,west,noaa-goes18,DAY,SPRING,CYEG,1,0.0000,0.0000,1.30
2022-10-14T02:39:00+00:00,west,noaa-goes17,NIGHT,AUTUMN,CYEG,1,0.0000,0.0800,1.30
2020-05-07T19:03:00+00:00,west,noaa-goes17,DAY,SPRING,CYEG,0,1.0000,1.0000,1.30
2020-02-15T08:59:00+00:00,west,noaa-goes17,NIGHT,WINTER,CYEG,1,0.2222,0.4400,1.30
2020-01-01T09:28:00+00:00,west,noaa-goes17,NIGHT,WINTER,CYEG,0,1.0000,1.0000,1.30
2024-04-11T23:36:00+00:00,west,noaa-goes18,DAY,SPRING,CYEG,0,1.0000,1.0000,1.30
2021-10-15T03:03:00+00:00,west,noaa-goes17,NIGHT,AUTUMN,CYEG,1,0.0000,0.0000,1.30
2024-02-16T06:41:00+00:00,west,noaa-goes18,NIGHT,WINTER,CYEG,1,0.0000,0.0000,1.30
2024-09-06T20:01:00+00:00,west,noaa-goes18,DAY,AUTUMN,CYEG,1,0.0000,0.0000,1.30
2023-05-03T01:57:00+00:00,west,noaa-goes18,DAY,SPRING,CYEG,0,1.0000,1.0000,1.30
2021-05-06T09:09:00+00:00,west,noaa-goes17,NIGHT,SPRING,CYEG,0,1.0000,1.0000,1.30
2020-05-04T15:11:00+00:00,west,noaa-goes17,DAY,SPRING,CYEG,0,1.0000,1.0000,1.30
2020-02-28T03:05:00+00:00,west,noaa-goes17,NIGHT,WINTER,CYEG,0,1.0000,1.0000,1.30
2022-08-19T14:55:00+00:00,west,noaa-goes17,DAY,SUMMER,CYEG,0,1.0000,1.0000,1.30
2023-01-23T08:01:00+00:00,west,noaa-goes18,NIGHT,WINTER,CYEG,0,1.0000,1.0000,1.30
2021-09-19T06:04:00+00:00,west,noaa-goes17,NIGHT,AUTUMN,CYEG,0,1.0000,1.0000,1.30
2024-06-16T21:24:00+00:00,west,noaa-goes18,DAY,SUMMER,CYEG,0,1.0000,1.0000,1.30
2020-05-02T01:31:00+00:00,west,noaa-goes17,DAY,SPRING,CYEG,1,0.0000,0.0000,1.30
2020-06-29T21:04:00+00:00,west,noaa-goes17,DAY,SUMMER,CYEG,0,0.8889,0.9200,1.30
2023-02-24T22:18:00+00:00,west,noaa-goes18,DAY,WINTER,CYEG,1,0.0000,0.0000,1.30
2025-05-16T06:51:00+00:00,west,noaa-goes18,NIGHT,SPRING,CYEG,1,0.0000,0.0400,1.30
2023-01-18T06:15:00+00:00,west,noaa-goes18,NIGHT,WINTER,CYEG,1,0.0000,0.0000,1.30
2020-06-29T18:53:00+00:00,west,noaa-goes17,DAY,SUMMER,CYEG,0,1.0000,1.0000,1.30
2024-11-18T17:44:00+00:00,west,noaa-goes18,DAY,AUTUMN,CYEG,0,1.0000,1.0000,1.30
2025-06-24T07:45:00+00:00,west,noaa-goes18,NIGHT,SUMMER,CYEG,1,0.0000,0.0000,1.30
2020-12-28T19:23:00+00:00,west,noaa-goes17,DAY,WINTER,CYEG,0,1.0000,0.9600,1.30
2024-02-29T23:35:00+00:00,west,noaa-goes18,DAY,WINTER,CYEG,0,1.0000,1.0000,1.30
2023-11-21T13:11:00+00:00,west,noaa-goes18,NIGHT,AUTUMN,CYEG,0,1.0000,1.0000,1.30
2023-11-24T09:09:00+00:00,west,noaa-goes18,NIGHT,AUTUMN,CYEG,1,0.0000,0.0000,1.30
2025-07-18T21:34:00+00:00,west,noaa-goes18,DAY,SUMMER,CYEG,0,1.0000,1.0000,1.30
2020-12-20T19:16:00+00:00,west,noaa-goes17,DAY,WINTER,CYEG,0,0.5556,0.6400,1.30
2024-01-09T20:29:00+00:00,west,noaa-goes18,DAY,WINTER,CYEG,0,1.0000,1.0000,1.30
2025-01-20T17:55:00+00:00,west,noaa-goes18,DAY,WINTER,CYEG,0,1.0000,1.0000,1.30
2021-11-03T01:21:00+00:00,west,noaa-goes17,NIGHT,AUTUMN,CYEG,0,1.0000,1.0000,1.30
2025-09-05T20:09:00+00:00,west,noaa-goes18,DAY,AUTUMN,CYEG,1,0.0000,0.0000,1.30
2023-10-31T17:40:00+00:00,west,noaa-goes18,DAY,AUTUMN,CYEG,0,1.0000,1.0000,1.30
2021-10-15T18:08:00+00:00,west,noaa-goes17,DAY,AUTUMN,CYEG,1,0.0000,0.0000,1.30
2022-04-23T22:25:00+00:00,west,noaa-goes17,DAY,SPRING,CYEG,0,1.0000,1.0000,1.30
2020-11-30T13:56:00+00:00,west,noaa-goes17,NIGHT,AUTUMN,CYEG,0,1.0000,1.0000,1.30
2021-04-03T16:34:00+00:00,west,noaa-goes17,DAY,SPRING,CYEG,0,1.0000,1.0000,1.30
2020-06-20T16:06:00+00:00,west,noaa-goes17,DAY,SUMMER,CYEG,1,0.0000,0.0000,1.30
2020-01-17T08:59:00+00:00,west,noaa-goes17,NIGHT,WINTER,CYEG,0,1.0000,1.0000,1.30
2023-10-03T15:07:00+00:00,west,noaa-goes18,DAY,AUTUMN,CYEG,1,0.0000,0.0000,1.30
2023-08-26T23:53:00+00:00,west,noaa-goes18,DAY,SUMMER,CYEG,1,0.0000,0.0000,1.30
2024-03-09T17:59:00+00:00,west,noaa-goes18,DAY,SPRING,CYEG,0,1.0000,1.0000,1.30
2024-06-05T16:42:00+00:00,west,noaa-goes18,DAY,SUMMER,CYEG,1,0.0000,0.0000,1.30
2024-05-27T07:36:00+00:00,west,noaa-goes18,NIGHT,SPRING,CYEG,1,0.0000,0.0000,1.30
2021-03-11T07:40:00+00:00,west,noaa-goes17,NIGHT,SPRING,CYEG,1,0.0000,0.0000,1.30
2025-02-01T04:53:00+00:00,west,noaa-goes18,NIGHT,WINTER,CYEG,0,1.0000,1.0000,1.30
2022-02-10T22:00:00+00:00,west,noaa-goes17,DAY,WINTER,CYEG,0,1.0000,1.0000,1.30
2023-06-09T07:48:00+00:00,west,noaa-goes18,NIGHT,SUMMER,CYEG,1,0.0000,0.0000,1.30
2022-05-07T17:40:00+00:00,west,noaa-goes17,DAY,SPRING,CYEG,0,1.0000,0.9600,1.30
2021-01-30T06:01:00+00:00,west,noaa-goes17,NIGHT,WINTER,CYEG,1,0.2222,0.3200,1.30
2020-03-07T00:18:00+00:00,west,noaa-goes17,DAY,SPRING,CYEG,0,1.0000,1.0000,1.30
2021-05-10T06:11:00+00:00,west,noaa-goes17,NIGHT,SPRING,CYEG,1,0.0000,0.0000,1.30
2020-10-19T02:16:00+00:00,west,noaa-goes17,NIGHT,AUTUMN,CYEG,0,1.0000,0.8000,1.30
2025-01-27T03:27:00+00:00,west,noaa-goes18,NIGHT,WINTER,CYEG,1,0.0000,0.0000,1.30
2024-01-04T21:25:00+00:00,west,noaa-goes18,DAY,WINTER,CYEG,0,0.5556,0.4800,1.30
2020-02-13T22:38:00+00:00,west,noaa-goes17,DAY,WINTER,CYEG,0,1.0000,1.0000,1.30
2024-03-15T06:19:00+00:00,west,noaa-goes18,NIGHT,SPRING,CYEG,0,1.0000,1.0000,1.30
2024-10-21T19:37:00+00:00,west,noaa-goes18,DAY,AUTUMN,CYEG,0,1.0000,1.0000,1.30
2025-05-13T20:39:00+00:00,west,noaa-goes18,DAY,SPRING,CYEG,0,0.7778,0.6400,1.30
2020-06-20T21:31:00+00:00,west,noaa-goes17,DAY,SUMMER,CYEG,1,0.0000,0.0000,1.30
2020-05-09T15:20:00+00:00,west,noaa-goes17,DAY,SPRING,CYEG,1,0.0000,0.0000,1.30
2021-02-05T13:44:00+00:00,west,noaa-goes17,NIGHT,WINTER,CYEG,0,1.0000,1.0000,1.30
2023-12-08T21:31:00+00:00,west,noaa-goes18,DAY,WINTER,CYEG,0,1.0000,1.0000,1.30
2025-06-19T02:30:00+00:00,west,noaa-goes18,DAY,SUMMER,CYEG,1,0.4444,0.5200,1.30
2022-10-29T17:05:00+00:00,west,noaa-goes17,DAY,AUTUMN,CYEG,0,0.7778,0.7600,1.30
2020-12-05T07:46:00+00:00,west,noaa-goes17,NIGHT,WINTER,CYEG,0,1.0000,1.0000,1.30
2023-10-13T07:38:00+00:00,west,noaa-goes18,NIGHT,AUTUMN,CYEG,1,0.0000,0.0000,1.30
2025-04-06T01:20:00+00:00,west,noaa-goes18,DAY,SPRING,CYEG,1,0.0000,0.0000,1.30
2023-06-22T17:49:00+00:00,west,noaa-goes18,DAY,SUMMER,CYEG,1,0.0000,0.0000,1.30
2025-01-22T06:39:00+00:00,west,noaa-goes18,NIGHT,WINTER,CYEG,0,1.0000,1.0000,1.30
2021-06-09T18:55:00+00:00,west,noaa-goes17,DAY,SUMMER,CYEG,0,1.0000,1.0000,1.30
2020-04-25T16:28:00+00:00,west,noaa-goes17,DAY,SPRING,CYEG,0,1.0000,1.0000,1.30
2020-10-10T16:11:00+00:00,west,noaa-goes17,DAY,AUTUMN,CYEG,0,1.0000,1.0000,1.30
2025-03-12T08:44:00+00:00,west,noaa-goes18,NIGHT,SPRING,CYEG,0,1.0000,1.0000,1.30
2024-05-08T17:41:00+00:00,west,noaa-goes18,DAY,SPRING,CYEG,0,1.0000,1.0000,1.30
2020-07-18T08:37:00+00:00,west,noaa-goes17,NIGHT,SUMMER,CYEG,0,1.0000,1.0000,1.30
2021-04-26T22:33:00+00:00,west,noaa-goes17,DAY,SPRING,CYEG,0,1.0000,1.0000,1.30
2025-01-24T09:54:00+00:00,west,noaa-goes18,NIGHT,WINTER,CYEG,1,0.2222,0.3200,1.30
2025-05-28T15:15:00+00:00,west,noaa-goes18,DAY,SPRING,CYEG,1,0.0000,0.0000,1.30
2020-01-24T12:49:00+00:00,west,noaa-goes17,NIGHT,WINTER,CYEG,0,1.0000,1.0000,1.30
2021-12-24T12:02:00+00:00,west,noaa-goes17,NIGHT,WINTER,CYEG,1,0.0000,0.0800,1.30
2023-10-24T21:37:00+00:00,west,noaa-goes18,DAY,AUTUMN,CYEG,0,1.0000,1.0000,1.30
2025-07-13T07:45:00+00:00,west,noaa-goes18,NIGHT,SUMMER,CYEG,0,0.8889,0.8400,1.30
2020-04-06T14:31:00+00:00,west,noaa-goes17,DAY,SPRING,CYEG,0,1.0000,1.0000,1.30
2024-02-10T22:27:00+00:00,west,noaa-goes18,DAY,WINTER,CYEG,0,1.0000,1.0000,1.30
2020-03-25T22:33:00+00:00,west,noaa-goes17,DAY,SPRING,CYEG,1,0.7778,0.6000,1.30
2024-02-17T20:34:00+00:00,west,noaa-goes18,DAY,WINTER,CYEG,1,0.0000,0.0000,1.30
2020-05-17T08:27:00+00:00,west,noaa-goes17,NIGHT,SPRING,CYEG,0,1.0000,1.0000,1.30
2020-12-23T08:56:00+00:00,west,noaa-goes17,NIGHT,WINTER,CYEG,0,0.6667,0.5600,1.30
2025-09-08T07:58:00+00:00,west,noaa-goes18,NIGHT,AUTUMN,CYEG,0,1.0000,0.9600,1.30
2021-10-25T02:36:00+00:00,west,noaa-goes17,NIGHT,AUTUMN,CYEG,0,1.0000,1.0000,1.30
2022-02-04T21:12:00+00:00,west,noaa-goes17,DAY,WINTER,CYEG,0,1.0000,1.0000,1.30
2025-01-01T21:34:00+00:00,west,noaa-goes18,DAY,WINTER,CYEG,0,1.0000,1.0000,1.30
2024-03-09T17:16:00+00:00,west,noaa-goes18,DAY,SPRING,CYEG,0,1.0000,1.0000,1.30
2022-01-29T18:26:00+00:00,west,noaa-goes17,DAY,WINTER,CYEG,1,0.0000,0.0800,1.30
2021-04-19T17:02:00+00:00,west,noaa-goes17,DAY,SPRING,CYEG,1,0.0000,0.0000,1.30
2024-05-19T00:23:00+00:00,west,noaa-goes18,DAY,SPRING,CYEG,0,1.0000,0.9600,1.30
2020-09-02T16:50:00+00:00,west,noaa-goes17,DAY,AUTUMN,CYEG,1,0.0000,0.0800,1.30
2020-02-19T03:33:00+00:00,west,noaa-goes17,NIGHT,WINTER,CYEG,0,1.0000,0.8400,1.30
2022-12-25T18:33:00+00:00,west,noaa-goes17,DAY,WINTER,CYEG,1,0.0000,0.0000,1.30
2020-02-06T09:56:00+00:00,west,noaa-goes17,NIGHT,WINTER,CYEG,0,1.0000,1.0000,1.30
2022-09-25T15:51:00+00:00,west,noaa-goes17,DAY,AUTUMN,CYEG,0,1.0000,1.0000,1.30
2022-05-24T06:42:00+00:00,west,noaa-goes17,NIGHT,SPRING,CYEG,0,1.0000,1.0000,1.30
2025-04-28T15:30:00+00:00,west,noaa-goes18,DAY,SPRING,CYEG,1,0.0000,0.0000,1.30
2024-05-07T17:40:00+00:00,west,noaa-goes18,DAY,SPRING,CYEG,0,1.0000,1.0000,1.30
2020-10-17T04:42:00+00:00,west,noaa-goes17,NIGHT,AUTUMN,CYEG,1,0.0000,0.0000,1.30
2021-06-04T16:09:00+00:00,west,noaa-goes17,DAY,SUMMER,CYEG,0,0.5556,0.2800,1.30
2020-10-05T15:32:00+00:00,west,noaa-goes17,DAY,AUTUMN,CYEG,0,1.0000,1.0000,1.30
2020-10-24T18:10:00+00:00,west,noaa-goes17,DAY,AUTUMN,CYEG,0,1.0000,1.0000,1.30
2022-10-08T20:48:00+00:00,west,noaa-goes17,DAY,AUTUMN,CYEG,1,0.0000,0.0000,1.30
2024-08-20T20:23:00+00:00,west,noaa-goes18,DAY,SUMMER,CYEG,0,0.7778,0.6400,1.30
2022-07-12T08:26:00+00:00,west,noaa-goes17,NIGHT,SUMMER,CYEG,1,0.0000,0.0000,1.30
2022-02-27T21:46:00+00:00,west,noaa-goes17,DAY,WINTER,CYEG,1,0.2222,0.3600,1.30
2024-03-10T12:28:00+00:00,west,noaa-goes18,NIGHT,SPRING,CYEG,1,0.1111,0.2400,1.30
2022-07-09T23:58:00+00:00,west,noaa-goes17,DAY,SUMMER,CYEG,0,1.0000,1.0000,1.30
2021-06-05T15:39:00+00:00,west,noaa-goes17,DAY,SUMMER,CYEG,0,1.0000,1.0000,1.30
2021-10-06T07:38:00+00:00,west,noaa-goes17,NIGHT,AUTUMN,CYEG,0,1.0000,1.0000,1.30
2025-11-05T09:31:00+00:00,west,noaa-goes18,NIGHT,AUTUMN,CYEG,0,1.0000,1.0000,1.30
2020-05-06T13:04:00+00:00,west,noaa-goes17,DAY,SPRING,CYEG,0,1.0000,1.0000,1.30
2021-08-19T20:02:00+00:00,west,noaa-goes17,DAY,SUMMER,CYEG,0,1.0000,1.0000,1.30
2024-02-22T08:25:00+00:00,west,noaa-goes18,NIGHT,WINTER,CYEG,0,0.5556,0.4800,1.30
2023-10-30T09:53:00+00:00,west,noaa-goes18,NIGHT,AUTUMN,CYEG,1,0.3333,0.4000,1.30
2023-09-01T09:54:00+00:00,west,noaa-goes18,NIGHT,AUTUMN,CYEG,0,1.0000,1.0000,1.30
2025-04-08T16:31:00+00:00,west,noaa-goes18,DAY,SPRING,CYEG,0,1.0000,1.0000,1.30
2024-04-30T22:37:00+00:00,west,noaa-goes18,DAY,SPRING,CYEG,0,1.0000,1.0000,1.30
2021-07-16T15:21:00+00:00,west,noaa-goes17,DAY,SUMMER,CYEG,0,1.0000,1.0000,1.30
2021-01-07T22:31:00+00:00,west,noaa-goes17,DAY,WINTER,CYEG,1,0.0000,0.0000,1.30
2023-11-03T17:33:00+00:00,west,noaa-goes18,DAY,AUTUMN,CYEG,0,1.0000,0.9600,1.30
2020-09-14T08:40:00+00:00,west,noaa-goes17,NIGHT,AUTUMN,CYEG,0,1.0000,1.0000,1.30
2023-01-03T08:55:00+00:00,west,noaa-goes17,NIGHT,WINTER,CYEG,1,0.1111,0.1200,1.30
2023-03-29T19:32:00+00:00,west,noaa-goes18,DAY,SPRING,CYEG,1,0.0000,0.0000,1.30
2023-08-20T07:36:00+00:00,west,noaa-goes18,NIGHT,SUMMER,CYEG,1,0.0000,0.0000,1.30
2024-08-12T08:16:00+00:00,west,noaa-goes18,NIGHT,SUMMER,CYEG,1,0.4444,0.5200,1.30
2024-10-02T21:42:00+00:00,west,noaa-goes18,DAY,AUTUMN,CYEG,0,1.0000,1.0000,1.30
2022-02-10T19:56:00+00:00,west,noaa-goes17,DAY,WINTER,CYEG,0,1.0000,0.9600,1.30
2021-07-24T22:18:00+00:00,west,noaa-goes17,DAY,SUMMER,CYEG,1,0.0000,0.0000,1.30
2022-02-17T21:43:00+00:00,west,noaa-goes17,DAY,WINTER,CYEG,0,1.0000,1.0000,1.30
2024-01-20T22:34:00+00:00,west,noaa-goes18,DAY,WINTER,CYEG,1,0.0000,0.0000,1.30
2023-08-08T06:51:00+00:00,west,noaa-goes18,NIGHT,SUMMER,CYEG,1,0.5556,0.6400,1.30
2025-03-10T18:33:00+00:00,west,noaa-goes18,DAY,SPRING,CYEG,0,1.0000,1.0000,1.30
2021-12-11T03:46:00+00:00,west,noaa-goes17,NIGHT,WINTER,CYEG,0,1.0000,1.0000,1.30
2023-04-08T20:15:00+00:00,west,noaa-goes18,DAY,SPRING,CYEG,1,0.0000,0.0000,1.30
2022-04-22T19:50:00+00:00,west,noaa-goes17,DAY,SPRING,CYEG,0,1.0000,1.0000,1.30
2023-10-13T05:56:00+00:00,west,noaa-goes18,NIGHT,AUTUMN,CYEG,1,0.0000,0.0000,1.30
2024-05-23T15:45:00+00:00,west,noaa-goes18,DAY,SPRING,CYEG,0,1.0000,1.0000,1.30
2023-01-13T18:29:00+00:00,west,noaa-goes18,DAY,WINTER,CYEG,0,1.0000,1.0000,1.30
2023-10-30T04:16:00+00:00,west,noaa-goes18,NIGHT,AUTUMN,CYEG,0,1.0000,1.0000,1.30
2024-03-22T17:25:00+00:00,west,noaa-goes18,DAY,SPRING,CYEG,0,1.0000,1.0000,1.30
2020-01-14T02:12:00+00:00,west,noaa-goes17,NIGHT,WINTER,CYEG,1,0.0000,0.0000,1.30
2023-02-08T16:36:00+00:00,west,noaa-goes18,DAY,WINTER,CYEG,0,1.0000,1.0000,1.30
2024-09-18T06:17:00+00:00,west,noaa-goes18,NIGHT,AUTUMN,CYEG,0,1.0000,0.9200,1.30
2020-07-27T13:40:00+00:00,west,noaa-goes17,DAY,SUMMER,CYEG,1,0.0000,0.0000,1.30
2025-06-28T19:06:00+00:00,west,noaa-goes18,DAY,SUMMER,CYEG,0,1.0000,1.0000,1.30
2025-05-05T13:24:00+00:00,west,noaa-goes18,DAY,SPRING,CYEG,1,0.4444,0.4800,1.30
2022-01-11T03:23:00+00:00,west,noaa-goes17,NIGHT,WINTER,CYEG,0,0.8889,0.8800,1.30
2020-08-11T01:54:00+00:00,west,noaa-goes17,DAY,SUMMER,CYEG,1,0.0000,0.0000,1.30
2023-01-04T04:50:00+00:00,west,noaa-goes18,NIGHT,WINTER,CYEG,1,0.0000,0.0000,1.30
2024-09-29T06:02:00+00:00,west,noaa-goes18,NIGHT,AUTUMN,CYEG,0,1.0000,1.0000,1.30
2020-09-02T00:07:00+00:00,west,noaa-goes17,DAY,AUTUMN,CYEG,1,0.0000,0.0000,1.30
2023-10-14T19:46:00+00:00,west,noaa-goes18,DAY,AUTUMN,CYEG,1,0.0000,0.0800,1.30
2023-02-09T09:27:00+00:00,west,noaa-goes18,NIGHT,WINTER,CYEG,0,1.0000,1.0000,1.30
2022-09-12T07:14:00+00:00,west,noaa-goes17,NIGHT,AUTUMN,CYEG,0,0.7778,0.7200,1.30
2022-12-28T17:22:00+00:00,west,noaa-goes17,DAY,WINTER,CYEG,1,0.4444,0.5200,1.30
2023-07-21T07:10:00+00:00,west,noaa-goes18,NIGHT,SUMMER,CYEG,1,0.0000,0.0000,1.30
2024-04-18T06:34:00+00:00,west,noaa-goes18,NIGHT,SPRING,CYEG,1,0.3333,0.3600,1.30
2020-03-12T05:05:00+00:00,west,noaa-goes17,NIGHT,SPRING,CYEG,0,0.7778,0.9200,1.30
2021-01-26T07:54:00+00:00,west,noaa-goes17,NIGHT,WINTER,CYEG,1,0.6667,0.5200,1.30
2024-07-22T07:15:00+00:00,west,noaa-goes18,NIGHT,SUMMER,CYEG,1,0.0000,0.0000,1.30
2025-02-25T19:10:00+00:00,west,noaa-goes18,DAY,WINTER,CYEG,1,0.1111,0.2800,1.30
2021-12-11T07:17:00+00:00,west,noaa-goes17,NIGHT,WINTER,CYEG,0,1.0000,1.0000,1.30
2021-03-15T00:15:00+00:00,west,noaa-goes17,DAY,SPRING,CYEG,0,1.0000,1.0000,1.30
2023-06-17T13:37:00+00:00,west,noaa-goes18,DAY,SUMMER,CYEG,0,1.0000,1.0000,1.30
2024-05-02T14:13:00+00:00,west,noaa-goes18,DAY,SPRING,CYEG,0,1.0000,1.0000,1.30
2020-12-01T13:45:00+00:00,west,noaa-goes17,NIGHT,WINTER,CYEG,1,0.1111,0.1600,1.30
2024-12-24T14:09:00+00:00,west,noaa-goes18,NIGHT,WINTER,CYEG,0,1.0000,1.0000,1.30
2024-04-23T19:48:00+00:00,west,noaa-goes18,DAY,SPRING,CYEG,1,0.4444,0.3600,1.30
2024-04-06T00:34:00+00:00,west,noaa-goes18,DAY,SPRING,CYEG,0,1.0000,1.0000,1.30
2023-01-17T06:56:00+00:00,west,noaa-goes18,NIGHT,WINTER,CYEG,0,1.0000,1.0000,1.30
2025-07-06T13:50:00+00:00,west,noaa-goes18,DAY,SUMMER,CYEG,0,1.0000,1.0000,1.30
2025-11-16T10:20:00+00:00,west,noaa-goes18,NIGHT,AUTUMN,CYEG,0,1.0000,1.0000,1.30
2020-03-25T15:32:00+00:00,west,noaa-goes17,DAY,SPRING,CYEG,0,0.5556,0.4800,1.30
2024-05-07T14:38:00+00:00,west,noaa-goes18,DAY,SPRING,CYEG,0,1.0000,1.0000,1.30
2020-11-12T19:53:00+00:00,west,noaa-goes17,DAY,AUTUMN,CYEG,1,0.0000,0.0000,1.30
2024-03-26T05:50:00+00:00,west,noaa-goes18,NIGHT,SPRING,CYEG,1,0.1111,0.3200,1.30
2024-07-12T06:13:00+00:00,west,noaa-goes18,NIGHT,SUMMER,CYEG,0,1.0000,1.0000,1.30
2023-01-27T07:45:00+00:00,west,noaa-goes18,NIGHT,WINTER,CYEG,0,1.0000,1.0000,1.30
2023-04-05T07:24:00+00:00,west,noaa-goes18,NIGHT,SPRING,CYEG,0,1.0000,1.0000,1.30
2025-04-07T00:43:00+00:00,west,noaa-goes18,DAY,SPRING,CYEG,1,0.3333,0.3200,1.30
2022-09-26T20:44:00+00:00,west,noaa-goes17,DAY,AUTUMN,CYEG,1,0.0000,0.0000,1.30
2020-09-21T14:45:00+00:00,west,noaa-goes17,DAY,AUTUMN,CYEG,0,1.0000,1.0000,1.30
2023-11-14T11:24:00+00:00,west,noaa-goes18,NIGHT,AUTUMN,CYEG,0,0.6667,0.6400,1.30
2020-03-24T15:27:00+00:00,west,noaa-goes17,DAY,SPRING,CYEG,0,1.0000,1.0000,1.30
2024-12-29T13:05:00+00:00,west,noaa-goes18,NIGHT,WINTER,CYEG,1,0.0000,0.0000,1.30
2024-11-26T08:22:00+00:00,west,noaa-goes18,NIGHT,AUTUMN,CYEG,1,0.0000,0.0000,1.30
2022-07-25T08:23:00+00:00,west,noaa-goes17,NIGHT,SUMMER,CYEG,0,1.0000,1.0000,1.30
2021-11-21T07:54:00+00:00,west,noaa-goes17,NIGHT,AUTUMN,CYEG,0,0.6667,0.5600,1.30
2025-10-19T19:33:00+00:00,west,noaa-goes18,DAY,AUTUMN,CYEG,0,1.0000,1.0000,1.30
2024-02-02T01:48:00+00:00,west,noaa-goes18,NIGHT,WINTER,CYEG,0,1.0000,1.0000,1.30
2022-07-25T02:45:00+00:00,west,noaa-goes17,DAY,SUMMER,CYEG,0,1.0000,1.0000,1.30
2021-10-12T02:39:00+00:00,west,noaa-goes17,NIGHT,AUTUMN,CYEG,1,0.0000,0.1200,1.30
2020-07-24T08:05:00+00:00,west,noaa-goes17,NIGHT,SUMMER,CYEG,1,0.0000,0.0000,1.30
2025-11-21T08:28:00+00:00,west,noaa-goes18,NIGHT,AUTUMN,CYEG,0,1.0000,1.0000,1.30
2024-11-20T08:55:00+00:00,west,noaa-goes18,NIGHT,AUTUMN,CYEG,0,1.0000,1.0000,1.30
2022-01-31T07:26:00+00:00,west,noaa-goes17,NIGHT,WINTER,CYEG,0,1.0000,1.0000,1.30
2020-09-30T07:55:00+00:00,west,noaa-goes17,NIGHT,AUTUMN,CYEG,1,0.0000,0.0000,1.30
2021-01-12T19:03:00+00:00,west,noaa-goes17,DAY,WINTER,CYEG,0,1.0000,1.0000,1.30
2021-12-21T09:35:00+00:00,west,noaa-goes17,NIGHT,WINTER,CYEG,0,1.0000,1.0000,1.30
2025-04-10T13:57:00+00:00,west,noaa-goes18,DAY,SPRING,CYEG,0,1.0000,1.0000,1.30
2021-11-18T07:01:00+00:00,west,noaa-goes17,NIGHT,AUTUMN,CYEG,0,1.0000,1.0000,1.30
2022-03-11T19:45:00+00:00,west,noaa-goes17,DAY,SPRING,CYEG,0,1.0000,1.0000,1.30
2020-11-11T02:49:00+00:00,west,noaa-goes17,NIGHT,AUTUMN,CYEG,0,1.0000,1.0000,1.30
2022-01-02T17:07:00+00:00,west,noaa-goes17,DAY,WINTER,CYEG,1,0.2222,0.2400,1.30
2025-03-09T17:48:00+00:00,west,noaa-goes18,DAY,SPRING,CYEG,0,1.0000,1.0000,1.30
2024-02-20T23:11:00+00:00,west,noaa-goes18,DAY,WINTER,CYEG,0,1.0000,1.0000,1.30
2021-09-17T17:59:00+00:00,west,noaa-goes17,DAY,AUTUMN,CYEG,0,1.0000,1.0000,1.30
2020-02-05T10:54:00+00:00,west,noaa-goes17,NIGHT,WINTER,CYEG,1,0.1111,0.2000,1.30
2021-12-04T08:32:00+00:00,west,noaa-goes17,NIGHT,WINTER,CYEG,1,0.0000,0.0000,1.30
2020-03-25T16:32:00+00:00,west,noaa-goes17,DAY,SPRING,CYEG,1,0.0000,0.1200,1.30
2021-11-15T01:30:00+00:00,west,noaa-goes17,NIGHT,AUTUMN,CYEG,0,1.0000,1.0000,1.30
2021-09-30T04:15:00+00:00,west,noaa-goes17,NIGHT,AUTUMN,CYEG,1,0.0000,0.0000,1.30
2024-02-13T18:50:00+00:00,west,noaa-goes18,DAY,WINTER,CYEG,0,1.0000,1.0000,1.30
2025-02-06T05:45:00+00:00,west,noaa-goes18,NIGHT,WINTER,CYEG,1,0.0000,0.0000,1.30
2021-03-26T22:15:00+00:00,west,noaa-goes17,DAY,SPRING,CYEG,0,0.8889,0.8800,1.30
2021-10-25T20:38:00+00:00,west,noaa-goes17,DAY,AUTUMN,CYEG,0,0.8889,0.8000,1.30
2020-06-22T02:24:00+00:00,west,noaa-goes17,DAY,SUMMER,CYEG,1,0.0000,0.0800,1.30
2021-07-10T00:18:00+00:00,west,noaa-goes17,DAY,SUMMER,CYEG,1,0.0000,0.1200,1.30
2025-03-02T16:51:00+00:00,west,noaa-goes18,DAY,SPRING,CYEG,0,1.0000,1.0000,1.30
2025-06-29T21:48:00+00:00,west,noaa-goes18,DAY,SUMMER,CYEG,1,0.0000,0.1200,1.30
2024-06-05T17:34:00+00:00,west,noaa-goes18,DAY,SUMMER,CYEG,1,0.0000,0.0000,1.30
2024-07-12T16:29:00+00:00,west,noaa-goes18,DAY,SUMMER,CYEG,1,0.0000,0.0000,1.30
2025-10-29T11:50:00+00:00,west,noaa-goes18,NIGHT,AUTUMN,CYEG,0,1.0000,1.0000,1.30
2024-07-17T08:33:00+00:00,west,noaa-goes18,NIGHT,SUMMER,CYEG,0,1.0000,1.0000,1.30
2024-07-27T05:32:00+00:00,west,noaa-goes18,NIGHT,SUMMER,CYEG,0,1.0000,1.0000,1.30
2020-05-29T06:04:00+00:00,west,noaa-goes17,NIGHT,SPRING,CYEG,0,1.0000,1.0000,1.30
2024-02-14T09:07:00+00:00,west,noaa-goes18,NIGHT,WINTER,CYEG,0,1.0000,1.0000,1.30
2023-07-12T15:12:00+00:00,west,noaa-goes18,DAY,SUMMER,CYEG,1,0.0000,0.0000,1.30
2020-03-06T06:27:00+00:00,west,noaa-goes17,NIGHT,SPRING,CYEG,0,1.0000,1.0000,1.30
2021-08-25T14:55:00+00:00,west,noaa-goes17,DAY,SUMMER,CYEG,0,1.0000,1.0000,1.30
2021-07-26T20:50:00+00:00,west,noaa-goes17,DAY,SUMMER,CYEG,0,0.5556,0.6000,1.30
2021-08-05T00:57:00+00:00,west,noaa-goes17,DAY,SUMMER,CYEG,0,0.5556,0.4000,1.30
2022-07-19T14:16:00+00:00,west,noaa-goes17,DAY,SUMMER,CYEG,1,0.3333,0.3200,1.30
2025-06-16T12:29:00+00:00,west,noaa-goes18,DAY,SUMMER,CYEG,1,0.0000,0.0000,1.30
2025-03-20T11:56:00+00:00,west,noaa-goes18,NIGHT,SPRING,CYEG,0,1.0000,1.0000,1.30
2022-04-18T14:08:00+00:00,west,noaa-goes17,DAY,SPRING,CYEG,1,0.0000,0.0000,1.30
2024-08-30T01:15:00+00:00,west,noaa-goes18,DAY,SUMMER,CYEG,1,0.0000,0.0000,1.30
2021-08-19T20:59:00+00:00,west,noaa-goes17,DAY,SUMMER,CYEG,0,1.0000,1.0000,1.30
2024-05-02T20:55:00+00:00,west,noaa-goes18,DAY,SPRING,CYEG,0,0.8889,0.7600,1.30
2024-11-10T02:38:00+00:00,west,noaa-goes18,NIGHT,AUTUMN,CYEG,0,1.0000,1.0000,1.30
2025-09-30T17:30:00+00:00,west,noaa-goes18,DAY,AUTUMN,CYEG,0,1.0000,1.0000,1.30
2020-06-14T15:04:00+00:00,west,noaa-goes17,DAY,SUMMER,CYEG,0,1.0000,1.0000,1.30
2023-12-14T10:12:00+00:00,west,noaa-goes18,NIGHT,WINTER,CYEG,0,1.0000,1.0000,1.30
2023-06-25T16:10:00+00:00,west,noaa-goes18,DAY,SUMMER,CYEG,1,0.5556,0.8400,1.30
2020-02-15T03:09:00+00:00,west,noaa-goes17,NIGHT,WINTER,CYEG,0,0.8889,0.9200,1.30
2025-09-17T06:40:00+00:00,west,noaa-goes18,NIGHT,AUTUMN,CYEG,1,0.0000,0.0000,1.30
2025-11-04T11:01:00+00:00,west,noaa-goes18,NIGHT,AUTUMN,CYEG,1,0.0000,0.0000,1.30
2025-01-10T12:21:00+00:00,west,noaa-goes18,NIGHT,WINTER,CYEG,0,1.0000,1.0000,1.30
2025-02-28T11:39:00+00:00,west,noaa-goes18,NIGHT,WINTER,CYEG,0,1.0000,1.0000,1.30
2020-07-27T16:37:00+00:00,west,noaa-goes17,DAY,SUMMER,CYEG,1,0.0000,0.0000,1.30
2021-05-20T14:48:00+00:00,west,noaa-goes17,DAY,SPRING,CYEG,0,1.0000,1.0000,1.30
2025-06-19T13:48:00+00:00,west,noaa-goes18,DAY,SUMMER,CYEG,0,1.0000,1.0000,1.30
2024-03-27T10:42:00+00:00,west,noaa-goes18,NIGHT,SPRING,CYEG,1,0.0000,0.0800,1.30
2022-12-30T04:09:00+00:00,west,noaa-goes17,NIGHT,WINTER,CYEG,1,0.2222,0.4000,1.30
2024-04-21T08:25:00+00:00,west,noaa-goes18,NIGHT,SPRING,CYEG,1,0.0000,0.0000,1.30
2022-06-21T01:02:00+00:00,west,noaa-goes17,DAY,SUMMER,CYEG,1,0.0000,0.0000,1.30
2023-05-25T00:08:00+00:00,west,noaa-goes18,DAY,SPRING,CYEG,0,1.0000,1.0000,1.30
2020-09-28T05:54:00+00:00,west,noaa-goes17,NIGHT,AUTUMN,CYEG,0,1.0000,1.0000,1.30
2020-06-02T08:46:00+00:00,west,noaa-goes17,NIGHT,SUMMER,CYEG,0,1.0000,1.0000,1.30
2025-05-30T02:14:00+00:00,west,noaa-goes18,DAY,SPRING,CYEG,0,1.0000,1.0000,1.30
2025-04-02T05:59:00+00:00,west,noaa-goes18,NIGHT,SPRING,CYEG,0,1.0000,1.0000,1.30
2025-02-25T10:39:00+00:00,west,noaa-goes18,NIGHT,WINTER,CYEG,0,1.0000,1.0000,1.30
2024-03-04T15:16:00+00:00,west,noaa-goes18,DAY,SPRING,CYEG,1,0.0000,0.0000,1.30
2023-09-16T20:42:00+00:00,west,noaa-goes18,DAY,AUTUMN,CYEG,1,0.0000,0.0000,1.30
2023-08-30T16:09:00+00:00,west,noaa-goes18,DAY,SUMMER,CYEG,0,1.0000,1.0000,1.30
2025-10-31T21:17:00+00:00,west,noaa-goes18,DAY,AUTUMN,CYEG,0,1.0000,1.0000,1.30
2022-10-01T07:52:00+00:00,west,noaa-goes17,NIGHT,AUTUMN,CYEG,0,0.7778,0.7200,1.30
2023-01-19T10:32:00+00:00,west,noaa-goes18,NIGHT,WINTER,CYEG,0,1.0000,1.0000,1.30
2023-05-16T15:46:00+00:00,west,noaa-goes18,DAY,SPRING,CYEG,1,0.0000,0.0000,1.30
2024-07-15T01:37:00+00:00,west,noaa-goes18,DAY,SUMMER,CYEG,1,0.0000,0.0000,1.30
2023-05-15T08:06:00+00:00,west,noaa-goes18,NIGHT,SPRING,CYEG,1,0.0000,0.0000,1.30
2021-08-29T17:14:00+00:00,west,noaa-goes17,DAY,SUMMER,CYEG,1,0.0000,0.0000,1.30
2022-06-15T07:29:00+00:00,west,noaa-goes17,NIGHT,SUMMER,CYEG,0,1.0000,1.0000,1.30
2021-09-19T03:44:00+00:00,west,noaa-goes17,NIGHT,AUTUMN,CYEG,0,1.0000,1.0000,1.30
2024-06-25T13:36:00+00:00,west,noaa-goes18,DAY,SUMMER,CYEG,0,1.0000,1.0000,1.30
2023-09-18T09:05:00+00:00,west,noaa-goes18,NIGHT,AUTUMN,CYEG,0,1.0000,1.0000,1.30
2022-09-20T05:39:00+00:00,west,noaa-goes17,NIGHT,AUTUMN,CYEG,0,1.0000,1.0000,1.30
2025-05-24T21:04:00+00:00,west,noaa-goes18,DAY,SPRING,CYEG,1,0.4444,0.6400,1.30
2023-07-09T01:27:00+00:00,west,noaa-goes18,DAY,SUMMER,CYEG,1,0.0000,0.0000,1.30
2024-07-20T13:09:00+00:00,west,noaa-goes18,DAY,SUMMER,CYEG,0,0.8889,0.8800,1.30
2024-08-23T15:01:00+00:00,west,noaa-goes18,DAY,SUMMER,CYEG,1,0.1111,0.2000,1.30
2023-09-29T11:07:00+00:00,west,noaa-goes18,NIGHT,AUTUMN,CYEG,0,1.0000,1.0000,1.30
2023-06-15T07:31:00+00:00,west,noaa-goes18,NIGHT,SUMMER,CYEG,0,1.0000,1.0000,1.30
2025-07-07T12:37:00+00:00,west,noaa-goes18,DAY,SUMMER,CYEG,0,1.0000,0.9200,1.30
2022-05-26T12:27:00+00:00,west,noaa-goes17,DAY,SPRING,CYEG,1,0.0000,0.0000,1.30
2023-09-01T18:24:00+00:00,west,noaa-goes18,DAY,AUTUMN,CYEG,1,0.0000,0.0000,1.30
2020-12-05T03:05:00+00:00,west,noaa-goes17,NIGHT,WINTER,CYEG,1,0.0000,0.0000,1.30
2021-09-06T17:27:00+00:00,west,noaa-goes17,DAY,AUTUMN,CYEG,1,0.0000,0.0000,1.30
2025-07-10T02:59:00+00:00,west,noaa-goes18,DAY,SUMMER,CYEG,1,0.0000,0.0000,1.30
2021-09-14T01:00:00+00:00,west,noaa-goes17,DAY,AUTUMN,CYEG,1,0.0000,0.0800,1.30
2025-04-14T05:02:00+00:00,west,noaa-goes18,NIGHT,SPRING,CYEG,0,1.0000,1.0000,1.30
2024-02-11T21:43:00+00:00,west,noaa-goes18,DAY,WINTER,CYEG,1,0.0000,0.0000,1.30
2024-01-03T21:36:00+00:00,west,noaa-goes18,DAY,WINTER,CYEG,0,1.0000,1.0000,1.30
2020-12-24T01:10:00+00:00,west,noaa-goes17,NIGHT,WINTER,CYEG,0,0.5556,0.6000,1.30
2020-06-08T18:05:00+00:00,west,noaa-goes17,DAY,SUMMER,CYEG,0,0.8889,0.8000,1.30
2020-06-10T19:00:00+00:00,west,noaa-goes17,DAY,SUMMER,CYEG,0,0.5556,0.6000,1.30
2022-02-26T05:57:00+00:00,west,noaa-goes17,NIGHT,WINTER,CYEG,1,0.0000,0.0000,1.30
2024-05-19T15:06:00+00:00,west,noaa-goes18,DAY,SPRING,CYEG,0,1.0000,1.0000,1.30
2022-12-30T18:18:00+00:00,west,noaa-goes17,DAY,WINTER,CYEG,1,0.0000,0.0000,1.30
2025-11-24T02:53:00+00:00,west,noaa-goes18,NIGHT,AUTUMN,CYEG,1,0.0000,0.0000,1.30
2023-03-11T04:04:00+00:00,west,noaa-goes18,NIGHT,SPRING,CYEG,0,1.0000,1.0000,1.30
2025-03-08T19:54:00+00:00,west,noaa-goes18,DAY,SPRING,CYEG,0,0.5556,0.5200,1.30
2022-11-30T05:41:00+00:00,west,noaa-goes17,NIGHT,AUTUMN,CYEG,0,1.0000,1.0000,1.30
2025-10-09T03:31:00+00:00,west,noaa-goes18,NIGHT,AUTUMN,CYEG,0,0.3333,0.3600,1.30
2022-07-05T22:18:00+00:00,west,noaa-goes17,DAY,SUMMER,CYEG,0,1.0000,1.0000,1.30
2020-05-11T12:54:00+00:00,west,noaa-goes17,DAY,SPRING,CYEG,0,1.0000,1.0000,1.30
2023-10-19T21:10:00+00:00,west,noaa-goes18,DAY,AUTUMN,CYEG,1,0.5556,0.6400,1.30
2025-04-20T14:22:00+00:00,west,noaa-goes18,DAY,SPRING,CYEG,1,0.0000,0.2400,1.30
2025-09-15T09:18:00+00:00,west,noaa-goes18,NIGHT,AUTUMN,CYEG,0,0.5556,0.5200,1.30
2024-06-30T13:51:00+00:00,west,noaa-goes18,DAY,SUMMER,CYEG,0,1.0000,1.0000,1.30
2023-08-30T06:15:00+00:00,west,noaa-goes18,NIGHT,SUMMER,CYEG,1,0.0000,0.0000,1.30
2025-03-04T04:45:00+00:00,west,noaa-goes18,NIGHT,SPRING,CYEG,1,0.2222,0.3200,1.30
2020-08-28T18:56:00+00:00,west,noaa-goes17,DAY,SUMMER,CYEG,0,1.0000,1.0000,1.30
2025-01-12T04:09:00+00:00,west,noaa-goes18,NIGHT,WINTER,CYEG,0,1.0000,1.0000,1.30
2023-09-24T22:20:00+00:00,west,noaa-goes18,DAY,AUTUMN,CYEG,0,1.0000,0.9600,1.30
2022-09-06T22:30:00+00:00,west,noaa-goes17,DAY,AUTUMN,CYEG,0,1.0000,1.0000,1.30
2024-11-18T13:07:00+00:00,west,noaa-goes18,NIGHT,AUTUMN,CYEG,0,1.0000,1.0000,1.30
2023-05-24T22:13:00+00:00,west,noaa-goes18,DAY,SPRING,CYEG,0,0.4444,0.5600,1.30
2025-04-22T20:02:00+00:00,west,noaa-goes18,DAY,SPRING,CYEG,0,1.0000,1.0000,1.30
2024-01-31T05:25:00+00:00,west,noaa-goes18,NIGHT,WINTER,CYEG,1,0.0000,0.0000,1.30
2020-07-19T01:53:00+00:00,west,noaa-goes17,DAY,SUMMER,CYEG,0,1.0000,1.0000,1.30
2022-10-29T12:11:00+00:00,west,noaa-goes17,NIGHT,AUTUMN,CYEG,0,0.8889,0.7200,1.30
2025-07-31T14:42:00+00:00,west,noaa-goes18,DAY,SUMMER,CYEG,1,0.0000,0.0000,1.30
2024-06-16T22:55:00+00:00,west,noaa-goes18,DAY,SUMMER,CYEG,0,1.0000,1.0000,1.30
2023-08-18T14:08:00+00:00,west,noaa-goes18,DAY,SUMMER,CYEG,0,1.0000,1.0000,1.30
2023-09-01T23:45:00+00:00,west,noaa-goes18,DAY,AUTUMN,CYEG,1,0.0000,0.0000,1.30
2024-09-25T21:20:00+00:00,west,noaa-goes18,DAY,AUTUMN,CYEG,1,0.0000,0.0000,1.30
2023-10-02T04:02:00+00:00,west,noaa-goes18,NIGHT,AUTUMN,CYEG,0,0.3333,0.3200,1.30
2021-07-28T07:32:00+00:00,west,noaa-goes17,NIGHT,SUMMER,CYEG,0,0.5556,0.5600,1.30
2025-07-21T08:58:00+00:00,west,noaa-goes18,NIGHT,SUMMER,CYEG,1,0.0000,0.0400,1.30
2022-04-08T23:11:00+00:00,west,noaa-goes17,DAY,SPRING,CYEG,1,0.0000,0.0000,1.30
2020-02-07T20:23:00+00:00,west,noaa-goes17,DAY,WINTER,CYEG,0,0.8889,0.9200,1.30
2023-11-05T19:23:00+00:00,west,noaa-goes18,DAY,AUTUMN,CYEG,0,1.0000,1.0000,1.30
2025-05-31T16:12:00+00:00,west,noaa-goes18,DAY,SPRING,CYEG,0,1.0000,1.0000,1.30
2025-08-30T08:33:00+00:00,west,noaa-goes18,NIGHT,SUMMER,CYEG,1,0.1111,0.0800,1.30
2024-05-19T16:37:00+00:00,west,noaa-goes18,DAY,SPRING,CYEG,0,1.0000,1.0000,1.30
2020-06-10T14:46:00+00:00,west,noaa-goes17,DAY,SUMMER,CYEG,1,0.0000,0.0000,1.30
2023-04-03T17:48:00+00:00,west,noaa-goes18,DAY,SPRING,CYEG,0,0.8889,0.9600,1.30
2023-09-24T00:26:00+00:00,west,noaa-goes18,DAY,AUTUMN,CYEG,0,1.0000,1.0000,1.30
2020-09-14T15:53:00+00:00,west,noaa-goes17,DAY,AUTUMN,CYEG,0,1.0000,1.0000,1.30
2024-09-05T14:58:00+00:00,west,noaa-goes18,DAY,AUTUMN,CYEG,1,0.0000,0.0000,1.30
2022-07-01T14:16:00+00:00,west,noaa-goes17,DAY,SUMMER,CYEG,1,0.0000,0.0000,1.30
2023-05-14T20:54:00+00:00,west,noaa-goes18,DAY,SPRING,CYEG,1,0.0000,0.0000,1.30
2020-06-07T07:42:00+00:00,west,noaa-goes17,NIGHT,SUMMER,CYEG,0,1.0000,1.0000,1.30
2022-11-06T12:16:00+00:00,west,noaa-goes17,NIGHT,AUTUMN,CYEG,0,1.0000,1.0000,1.30
2020-06-15T07:52:00+00:00,west,noaa-goes17,NIGHT,SUMMER,CYEG,0,1.0000,1.0000,1.30
2025-01-14T07:25:00+00:00,west,noaa-goes18,NIGHT,WINTER,CYEG,1,0.0000,0.0000,1.30
2020-01-10T13:03:00+00:00,west,noaa-goes17,NIGHT,WINTER,CYEG,0,0.3333,0.3200,1.30
2020-11-07T08:34:00+00:00,west,noaa-goes17,NIGHT,AUTUMN,CYEG,0,1.0000,1.0000,1.30
2024-09-03T00:32:00+00:00,west,noaa-goes18,DAY,AUTUMN,CYEG,0,1.0000,1.0000,1.30
2023-06-08T19:42:00+00:00,west,noaa-goes18,DAY,SUMMER,CYEG,1,0.0000,0.0000,1.30
2020-07-28T15:37:00+00:00,west,noaa-goes17,DAY,SUMMER,CYEG,1,0.0000,0.0000,1.30
2023-03-23T03:54:00+00:00,west,noaa-goes18,NIGHT,SPRING,CYEG,1,0.0000,0.0000,1.30
2023-09-07T05:34:00+00:00,west,noaa-goes18,NIGHT,AUTUMN,CYEG,0,0.4444,0.5200,1.30
2022-03-31T00:43:00+00:00,west,noaa-goes17,DAY,SPRING,CYEG,0,1.0000,1.0000,1.30
2024-10-25T02:21:00+00:00,west,noaa-goes18,NIGHT,AUTUMN,CYEG,0,1.0000,1.0000,1.30
2022-10-02T15:01:00+00:00,west,noaa-goes17,DAY,AUTUMN,CYEG,1,0.0000,0.0000,1.30
2021-02-11T04:59:00+00:00,west,noaa-goes17,NIGHT,WINTER,CYEG,1,0.0000,0.0000,1.30
2022-11-23T05:42:00+00:00,west,noaa-goes17,NIGHT,AUTUMN,CYEG,0,1.0000,1.0000,1.30
2023-04-12T21:16:00+00:00,west,noaa-goes18,DAY,SPRING,CYEG,1,0.0000,0.0000,1.30
2024-08-29T05:57:00+00:00,west,noaa-goes18,NIGHT,SUMMER,CYEG,1,0.0000,0.0000,1.30
2024-10-12T06:46:00+00:00,west,noaa-goes18,NIGHT,AUTUMN,CYEG,1,0.0000,0.0400,1.30
2023-03-28T09:34:00+00:00,west,noaa-goes18,NIGHT,SPRING,CYEG,1,0.0000,0.0000,1.30
2021-05-12T00:15:00+00:00,west,noaa-goes17,DAY,SPRING,CYEG,0,1.0000,1.0000,1.30
2020-09-27T08:11:00+00:00,west,noaa-goes17,NIGHT,AUTUMN,CYEG,1,0.0000,0.0000,1.30
2021-04-09T14:21:00+00:00,west,noaa-goes17,DAY,SPRING,CYEG,0,1.0000,1.0000,1.30
2021-05-12T16:49:00+00:00,west,noaa-goes17,DAY,SPRING,CYEG,1,0.2222,0.4000,1.30
2021-05-15T15:42:00+00:00,west,noaa-goes17,DAY,SPRING,CYEG,0,1.0000,1.0000,1.30
2023-02-13T02:22:00+00:00,west,noaa-goes18,NIGHT,WINTER,CYEG,0,1.0000,1.0000,1.30
2021-01-11T11:11:00+00:00,west,noaa-goes17,NIGHT,WINTER,CYEG,0,1.0000,1.0000,1.30
2024-05-07T06:34:00+00:00,west,noaa-goes18,NIGHT,SPRING,CYEG,0,1.0000,1.0000,1.30
2022-10-22T23:01:00+00:00,west,noaa-goes17,DAY,AUTUMN,CYEG,0,1.0000,1.0000,1.30
2020-12-19T02:10:00+00:00,west,noaa-goes17,NIGHT,WINTER,CYEG,0,1.0000,1.0000,1.30
2022-03-06T15:59:00+00:00,west,noaa-goes17,DAY,SPRING,CYEG,1,0.0000,0.0000,1.30
2024-05-13T13:06:00+00:00,west,noaa-goes18,DAY,SPRING,CYEG,0,1.0000,1.0000,1.30
2025-09-29T12:13:00+00:00,west,noaa-goes18,NIGHT,AUTUMN,CYEG,0,1.0000,1.0000,1.30
2021-11-17T06:39:00+00:00,west,noaa-goes17,NIGHT,AUTUMN,CYEG,0,1.0000,1.0000,1.30
2025-06-03T18:47:00+00:00,west,noaa-goes18,DAY,SUMMER,CYEG,1,0.1111,0.4400,1.30
2020-10-01T23:14:00+00:00,west,noaa-goes17,DAY,AUTUMN,CYEG,1,0.0000,0.0000,1.30
2025-07-17T17:49:00+00:00,west,noaa-goes18,DAY,SUMMER,CYEG,1,0.0000,0.0000,1.30
2025-02-18T12:20:00+00:00,west,noaa-goes18,NIGHT,WINTER,CYEG,1,0.0000,0.0000,1.30
2024-02-19T06:57:00+00:00,west,noaa-goes18,NIGHT,WINTER,CYEG,1,0.0000,0.0000,1.30
2020-06-20T01:28:00+00:00,west,noaa-goes17,DAY,SUMMER,CYEG,0,1.0000,1.0000,1.30
2024-03-05T20:21:00+00:00,west,noaa-goes18,DAY,SPRING,CYEG,0,0.7778,0.8400,1.30
2024-08-29T23:53:00+00:00,west,noaa-goes18,DAY,SUMMER,CYEG,1,0.2222,0.1200,1.30
2020-01-31T10:55:00+00:00,west,noaa-goes17,NIGHT,WINTER,CYEG,0,0.2222,0.1600,1.30
2021-01-28T19:33:00+00:00,west,noaa-goes17,DAY,WINTER,CYEG,0,1.0000,1.0000,1.30
2021-04-22T18:08:00+00:00,west,noaa-goes17,DAY,SPRING,CYEG,0,1.0000,1.0000,1.30
2025-04-23T15:35:00+00:00,west,noaa-goes18,DAY,SPRING,CYEG,1,0.0000,0.0000,1.30
2023-10-27T03:39:00+00:00,west,noaa-goes18,NIGHT,AUTUMN,CYEG,0,1.0000,1.0000,1.30
2020-05-13T20:20:00+00:00,west,noaa-goes17,DAY,SPRING,CYEG,1,0.1111,0.1600,1.30
2022-10-04T09:34:00+00:00,west,noaa-goes17,NIGHT,AUTUMN,CYEG,1,0.2222,0.2400,1.30
2024-10-09T09:02:00+00:00,west,noaa-goes18,NIGHT,AUTUMN,CYEG,0,1.0000,1.0000,1.30
2021-07-14T22:16:00+00:00,west,noaa-goes17,DAY,SUMMER,CYEG,1,0.2222,0.2400,1.30
2024-04-03T04:17:00+00:00,west,noaa-goes18,NIGHT,SPRING,CYEG,0,1.0000,1.0000,1.30
2025-12-14T11:04:00+00:00,west,noaa-goes18,NIGHT,WINTER,CYEG,0,1.0000,1.0000,1.30
2025-08-02T09:47:00+00:00,west,noaa-goes18,NIGHT,SUMMER,CYEG,0,1.0000,1.0000,1.30
2023-05-13T13:01:00+00:00,west,noaa-goes18,DAY,SPRING,CYEG,1,0.0000,0.0000,1.30
2022-01-26T22:05:00+00:00,west,noaa-goes17,DAY,WINTER,CYEG,0,1.0000,0.9200,1.30
2021-07-16T16:38:00+00:00,west,noaa-goes17,DAY,SUMMER,CYEG,0,1.0000,1.0000,1.30
2021-01-24T08:49:00+00:00,west,noaa-goes17,NIGHT,WINTER,CYEG,0,0.7778,0.8800,1.30
2023-09-29T10:56:00+00:00,west,noaa-goes18,NIGHT,AUTUMN,CYEG,0,1.0000,1.0000,1.30
2021-05-21T05:36:00+00:00,west,noaa-goes17,NIGHT,SPRING,CYEG,0,0.8889,0.6400,1.30
2022-05-19T18:51:00+00:00,west,noaa-goes17,DAY,SPRING,CYEG,0,1.0000,1.0000,1.30
2020-11-18T07:03:00+00:00,west,noaa-goes17,NIGHT,AUTUMN,CYEG,0,1.0000,1.0000,1.30
2023-02-06T09:53:00+00:00,west,noaa-goes18,NIGHT,WINTER,CYEG,1,0.0000,0.2400,1.30
2023-05-02T17:42:00+00:00,west,noaa-goes18,DAY,SPRING,CYEG,1,0.3333,0.3200,1.30
2024-07-11T01:19:00+00:00,west,noaa-goes18,DAY,SUMMER,CYEG,1,0.0000,0.0000,1.30
2023-09-27T08:47:00+00:00,west,noaa-goes18,NIGHT,AUTUMN,CYEG,0,1.0000,1.0000,1.30
2021-01-21T18:00:00+00:00,west,noaa-goes17,DAY,WINTER,CYEG,0,1.0000,1.0000,1.30
2021-03-13T15:02:00+00:00,west,noaa-goes17,DAY,SPRING,CYEG,0,1.0000,0.9600,1.30
2025-04-05T11:25:00+00:00,west,noaa-goes18,NIGHT,SPRING,CYEG,1,0.0000,0.0000,1.30
2021-03-13T08:10:00+00:00,west,noaa-goes17,NIGHT,SPRING,CYEG,0,1.0000,1.0000,1.30
2022-10-11T02:21:00+00:00,west,noaa-goes17,NIGHT,AUTUMN,CYEG,0,1.0000,1.0000,1.30
2021-11-20T05:41:00+00:00,west,noaa-goes17,NIGHT,AUTUMN,CYEG,0,1.0000,1.0000,1.30
2021-03-01T20:51:00+00:00,west,noaa-goes17,DAY,SPRING,CYEG,0,1.0000,1.0000,1.30
2020-03-09T15:13:00+00:00,west,noaa-goes17,DAY,SPRING,CYEG,1,0.3333,0.4400,1.30
2025-09-18T07:26:00+00:00,west,noaa-goes18,NIGHT,AUTUMN,CYEG,1,0.0000,0.0000,1.30
2020-01-22T21:33:00+00:00,west,noaa-goes17,DAY,WINTER,CYEG,0,1.0000,1.0000,1.30
2023-01-24T18:50:00+00:00,west,noaa-goes18,DAY,WINTER,CYEG,0,0.8889,0.8800,1.30
2022-09-01T01:27:00+00:00,west,noaa-goes17,DAY,AUTUMN,CYEG,1,0.0000,0.0000,1.30
2022-05-14T19:42:00+00:00,west,noaa-goes17,DAY,SPRING,CYEG,1,0.0000,0.0000,1.30
2024-05-10T06:52:00+00:00,west,noaa-goes18,NIGHT,SPRING,CYEG,1,0.2222,0.3200,1.30
2025-12-01T09:22:00+00:00,west,noaa-goes18,NIGHT,WINTER,CYEG,1,0.3333,0.3600,1.30
2021-07-11T12:37:00+00:00,west,noaa-goes17,DAY,SUMMER,CYEG,0,1.0000,1.0000,1.30
2024-08-12T18:18:00+00:00,west,noaa-goes18,DAY,SUMMER,CYEG,1,0.0000,0.0000,1.30
2023-01-08T07:39:00+00:00,west,noaa-goes18,NIGHT,WINTER,CYEG,0,1.0000,1.0000,1.30
2021-05-25T22:26:00+00:00,west,noaa-goes17,DAY,SPRING,CYEG,0,1.0000,1.0000,1.30
2022-11-10T20:38:00+00:00,west,noaa-goes17,DAY,AUTUMN,CYEG,1,0.0000,0.0000,1.30
2025-07-31T00:07:00+00:00,west,noaa-goes18,DAY,SUMMER,CYEG,1,0.0000,0.0000,1.30
2024-07-19T18:12:00+00:00,west,noaa-goes18,DAY,SUMMER,CYEG,1,0.0000,0.0000,1.30
2022-11-02T22:08:00+00:00,west,noaa-goes17,DAY,AUTUMN,CYEG,0,1.0000,1.0000,1.30
2022-01-25T20:37:00+00:00,west,noaa-goes17,DAY,WINTER,CYEG,0,1.0000,1.0000,1.30
2021-05-06T21:15:00+00:00,west,noaa-goes17,DAY,SPRING,CYEG,0,1.0000,1.0000,1.30
2021-06-26T22:02:00+00:00,west,noaa-goes17,DAY,SUMMER,CYEG,1,0.0000,0.0000,1.30
2022-08-03T07:47:00+00:00,west,noaa-goes17,NIGHT,SUMMER,CYEG,0,1.0000,1.0000,1.30
2020-07-09T23:04:00+00:00,west,noaa-goes17,DAY,SUMMER,CYEG,0,1.0000,1.0000,1.30
2023-02-06T03:36:00+00:00,west,noaa-goes18,NIGHT,WINTER,CYEG,0,1.0000,1.0000,1.30
2020-01-12T20:13:00+00:00,west,noaa-goes17,DAY,WINTER,CYEG,0,1.0000,1.0000,1.30
2021-03-29T22:00:00+00:00,west,noaa-goes17,DAY,SPRING,CYEG,0,1.0000,1.0000,1.30
2022-04-25T14:09:00+00:00,west,noaa-goes17,DAY,SPRING,CYEG,0,1.0000,1.0000,1.30
2021-08-25T23:41:00+00:00,west,noaa-goes17,DAY,SUMMER,CYEG,1,0.0000,0.0800,1.30
2025-10-26T21:17:00+00:00,west,noaa-goes18,DAY,AUTUMN,CYEG,0,0.5556,0.5600,1.30
2024-12-21T21:12:00+00:00,west,noaa-goes18,DAY,WINTER,CYEG,1,0.0000,0.0000,1.30
2022-09-21T15:31:00+00:00,west,noaa-goes17,DAY,AUTUMN,CYEG,1,0.0000,0.1200,1.30
2023-01-26T13:03:00+00:00,west,noaa-goes18,NIGHT,WINTER,CYEG,0,1.0000,1.0000,1.30
2025-03-13T05:03:00+00:00,west,noaa-goes18,NIGHT,SPRING,CYEG,0,1.0000,1.0000,1.30
2020-09-01T23:29:00+00:00,west,noaa-goes17,DAY,AUTUMN,CYEG,0,0.7778,0.8800,1.30
2025-11-17T09:13:00+00:00,west,noaa-goes18,NIGHT,AUTUMN,CYEG,1,0.0000,0.0000,1.30
2023-03-22T04:18:00+00:00,west,noaa-goes18,NIGHT,SPRING,CYEG,1,0.0000,0.0000,1.30
2023-02-18T05:27:00+00:00,west,noaa-goes18,NIGHT,WINTER,CYEG,0,1.0000,1.0000,1.30
2020-02-26T15:50:00+00:00,west,noaa-goes17,DAY,WINTER,CYEG,0,1.0000,1.0000,1.30
2025-12-09T02:37:00+00:00,west,noaa-goes18,NIGHT,WINTER,CYEG,0,1.0000,1.0000,1.30
2025-02-04T11:19:00+00:00,west,noaa-goes18,NIGHT,WINTER,CYEG,0,1.0000,1.0000,1.30
2022-07-07T14:12:00+00:00,west,noaa-goes17,DAY,SUMMER,CYEG,0,1.0000,1.0000,1.30
2023-01-09T05:30:00+00:00,west,noaa-goes18,NIGHT,WINTER,CYEG,0,0.8889,0.7600,1.30
2022-06-22T14:57:00+00:00,west,noaa-goes17,DAY,SUMMER,CYEG,1,0.7778,0.9200,1.30
2021-06-30T00:49:00+00:00,west,noaa-goes17,DAY,SUMMER,CYEG,1,0.0000,0.0000,1.30
2022-08-18T20:31:00+00:00,west,noaa-goes17,DAY,SUMMER,CYEG,1,0.0000,0.0000,1.30
2024-04-24T07:35:00+00:00,west,noaa-goes18,NIGHT,SPRING,CYEG,0,1.0000,1.0000,1.30
2025-09-18T20:59:00+00:00,west,noaa-goes18,DAY,AUTUMN,CYEG,1,0.0000,0.0000,1.30
2024-02-27T16:16:00+00:00,west,noaa-goes18,DAY,WINTER,CYEG,0,1.0000,0.9600,1.30
2025-10-16T09:47:00+00:00,west,noaa-goes18,NIGHT,AUTUMN,CYEG,1,0.0000,0.0000,1.30
2024-07-11T00:04:00+00:00,west,noaa-goes18,DAY,SUMMER,CYEG,1,0.0000,0.0000,1.30
2021-03-14T07:57:00+00:00,west,noaa-goes17,NIGHT,SPRING,CYEG,0,1.0000,1.0000,1.30
2023-03-04T08:51:00+00:00,west,noaa-goes18,NIGHT,SPRING,CYEG,0,1.0000,0.9600,1.30
2022-09-27T21:59:00+00:00,west,noaa-goes17,DAY,AUTUMN,CYEG,1,0.0000,0.0000,1.30
2025-12-10T05:40:00+00:00,west,noaa-goes18,NIGHT,WINTER,CYEG,0,1.0000,1.0000,1.30
2025-07-28T16:00:00+00:00,west,noaa-goes18,DAY,SUMMER,CYEG,0,0.5556,0.5200,1.30
2021-09-02T00:20:00+00:00,west,noaa-goes17,DAY,AUTUMN,CYEG,0,1.0000,1.0000,1.30
2024-09-15T18:21:00+00:00,west,noaa-goes18,DAY,AUTUMN,CYEG,1,0.0000,0.0000,1.30
2022-02-06T03:46:00+00:00,west,noaa-goes17,NIGHT,WINTER,CYEG,0,1.0000,1.0000,1.30
2023-06-08T23:48:00+00:00,west,noaa-goes18,DAY,SUMMER,CYEG,1,0.0000,0.0800,1.30
2024-10-06T08:44:00+00:00,west,noaa-goes18,NIGHT,AUTUMN,CYEG,0,1.0000,1.0000,1.30
2023-01-18T18:12:00+00:00,west,noaa-goes18,DAY,WINTER,CYEG,1,0.0000,0.0000,1.30
2024-07-04T21:53:00+00:00,west,noaa-goes18,DAY,SUMMER,CYEG,1,0.2222,0.1200,1.30
2024-01-01T03:24:00+00:00,west,noaa-goes18,NIGHT,WINTER,CYEG,0,1.0000,1.0000,1.30
2025-04-16T19:12:00+00:00,west,noaa-goes18,DAY,SPRING,CYEG,0,1.0000,1.0000,1.30
2022-09-30T10:02:00+00:00,west,noaa-goes17,NIGHT,AUTUMN,CYEG,0,1.0000,1.0000,1.30
2023-10-08T11:30:00+00:00,west,noaa-goes18,NIGHT,AUTUMN,CYEG,1,0.4444,0.4800,1.30
2022-09-14T17:21:00+00:00,west,noaa-goes17,DAY,AUTUMN,CYEG,1,0.0000,0.0000,1.30
2025-07-12T07:27:00+00:00,west,noaa-goes18,NIGHT,SUMMER,CYEG,0,1.0000,1.0000,1.30
2020-03-08T22:04:00+00:00,west,noaa-goes17,DAY,SPRING,CYEG,1,0.0000,0.0400,1.30
2021-02-26T18:57:00+00:00,west,noaa-goes17,DAY,WINTER,CYEG,0,1.0000,1.0000,1.30
2021-07-15T07:26:00+00:00,west,noaa-goes17,NIGHT,SUMMER,CYEG,0,1.0000,1.0000,1.30
2020-06-28T06:29:00+00:00,west,noaa-goes17,NIGHT,SUMMER,CYEG,0,1.0000,1.0000,1.30
2024-08-16T17:47:00+00:00,west,noaa-goes18,DAY,SUMMER,CYEG,0,1.0000,1.0000,1.30
2020-10-24T03:43:00+00:00,west,noaa-goes17,NIGHT,AUTUMN,CYEG,0,0.6667,0.7600,1.30
2024-12-12T22:08:00+00:00,west,noaa-goes18,DAY,WINTER,CYEG,0,1.0000,0.9600,1.30
2022-06-23T23:13:00+00:00,west,noaa-goes17,DAY,SUMMER,CYEG,0,1.0000,1.0000,1.30
2020-05-29T08:00:00+00:00,west,noaa-goes17,NIGHT,SPRING,CYEG,0,1.0000,1.0000,1.30
2025-01-16T06:05:00+00:00,west,noaa-goes18,NIGHT,WINTER,CYEG,0,1.0000,1.0000,1.30
2023-10-27T07:39:00+00:00,west,noaa-goes18,NIGHT,AUTUMN,CYEG,0,1.0000,1.0000,1.30
2022-10-22T19:34:00+00:00,west,noaa-goes17,DAY,AUTUMN,CYEG,0,1.0000,1.0000,1.30
2023-02-08T17:10:00+00:00,west,noaa-goes18,DAY,WINTER,CYEG,0,1.0000,1.0000,1.30
2022-06-05T13:56:00+00:00,west,noaa-goes17,DAY,SUMMER,CYEG,0,1.0000,1.0000,1.30
2025-08-25T18:14:00+00:00,west,noaa-goes18,DAY,SUMMER,CYEG,0,0.5556,0.3200,1.30
2023-11-30T11:48:00+00:00,west,noaa-goes18,NIGHT,AUTUMN,CYEG,0,0.6667,0.7200,1.30
2025-01-26T17:44:00+00:00,west,noaa-goes18,DAY,WINTER,CYEG,0,1.0000,1.0000,1.30
2021-02-03T20:36:00+00:00,west,noaa-goes17,DAY,WINTER,CYEG,1,0.3333,0.3600,1.30
2020-03-28T21:17:00+00:00,west,noaa-goes17,DAY,SPRING,CYEG,0,1.0000,1.0000,1.30
2022-02-27T05:52:00+00:00,west,noaa-goes17,NIGHT,WINTER,CYEG,0,1.0000,1.0000,1.30
2021-10-04T07:47:00+00:00,west,noaa-goes17,NIGHT,AUTUMN,CYEG,0,1.0000,1.0000,1.30
2020-07-04T23:11:00+00:00,west,noaa-goes17,DAY,SUMMER,CYEG,0,1.0000,1.0000,1.30
2022-03-13T06:12:00+00:00,west,noaa-goes17,NIGHT,SPRING,CYEG,0,1.0000,1.0000,1.30
2020-09-07T21:28:00+00:00,west,noaa-goes17,DAY,AUTUMN,CYEG,0,1.0000,1.0000,1.30
2022-07-13T19:08:00+00:00,west,noaa-goes17,DAY,SUMMER,CYEG,1,0.0000,0.0000,1.30
2023-05-12T21:27:00+00:00,west,noaa-goes18,DAY,SPRING,CYEG,1,0.0000,0.0000,1.30
2021-09-22T22:04:00+00:00,west,noaa-goes17,DAY,AUTUMN,CYEG,1,0.0000,0.1200,1.30
2021-10-13T15:24:00+00:00,west,noaa-goes17,DAY,AUTUMN,CYEG,1,0.0000,0.0000,1.30
2020-02-01T05:23:00+00:00,west,noaa-goes17,NIGHT,WINTER,CYEG,0,1.0000,1.0000,1.30
2020-05-23T17:11:00+00:00,west,noaa-goes17,DAY,SPRING,CYEG,0,1.0000,1.0000,1.30
2024-09-17T03:05:00+00:00,west,noaa-goes18,NIGHT,AUTUMN,CYEG,1,0.0000,0.0000,1.30
2021-10-07T06:04:00+00:00,west,noaa-goes17,NIGHT,AUTUMN,CYEG,0,1.0000,1.0000,1.30
2024-11-15T07:44:00+00:00,west,noaa-goes18,NIGHT,AUTUMN,CYEG,0,1.0000,1.0000,1.30
2025-10-31T22:35:00+00:00,west,noaa-goes18,DAY,AUTUMN,CYEG,0,1.0000,1.0000,1.30
2025-12-14T18:57:00+00:00,west,noaa-goes18,DAY,WINTER,CYEG,0,1.0000,1.0000,1.30
2023-09-13T14:10:00+00:00,west,noaa-goes18,DAY,AUTUMN,CYEG,0,1.0000,1.0000,1.30
2025-12-22T21:36:00+00:00,west,noaa-goes18,DAY,WINTER,CYEG,1,0.0000,0.0000,1.30
2022-06-02T14:27:00+00:00,west,noaa-goes17,DAY,SUMMER,CYEG,1,0.0000,0.0000,1.30
2021-12-06T19:53:00+00:00,west,noaa-goes17,DAY,WINTER,CYEG,1,0.0000,0.0000,1.30
2024-12-28T08:20:00+00:00,west,noaa-goes18,NIGHT,WINTER,CYEG,1,0.0000,0.0000,1.30
2022-12-01T19:13:00+00:00,west,noaa-goes17,DAY,WINTER,CYEG,1,0.4444,0.4000,1.30
2020-03-23T06:25:00+00:00,west,noaa-goes17,NIGHT,SPRING,CYEG,1,0.6667,0.5600,1.30
2021-04-17T22:08:00+00:00,west,noaa-goes17,DAY,SPRING,CYEG,0,1.0000,1.0000,1.30
2020-08-08T07:47:00+00:00,west,noaa-goes17,NIGHT,SUMMER,CYEG,1,0.0000,0.0000,1.30
2025-12-25T03:35:00+00:00,west,noaa-goes18,NIGHT,WINTER,CYEG,0,1.0000,1.0000,1.30
2025-05-17T12:58:00+00:00,west,noaa-goes18,DAY,SPRING,CYEG,0,1.0000,1.0000,1.30
2021-07-07T01:33:00+00:00,west,noaa-goes17,DAY,SUMMER,CYEG,0,0.8889,0.9200,1.30
2022-01-06T17:56:00+00:00,west,noaa-goes17,DAY,WINTER,CYEG,1,0.5556,0.5200,1.30
2020-07-26T16:54:00+00:00,west,noaa-goes17,DAY,SUMMER,CYEG,0,0.5556,0.4800,1.30
2020-12-08T10:33:00+00:00,west,noaa-goes17,NIGHT,WINTER,CYEG,0,1.0000,1.0000,1.30
2021-01-18T08:16:00+00:00,west,noaa-goes17,NIGHT,WINTER,CYEG,0,1.0000,1.0000,1.30
2023-09-22T17:08:00+00:00,west,noaa-goes18,DAY,AUTUMN,CYEG,1,0.0000,0.0000,1.30
2021-12-31T01:27:00+00:00,west,noaa-goes17,NIGHT,WINTER,CYEG,1,0.0000,0.0000,1.30
2022-06-22T22:40:00+00:00,west,noaa-goes17,DAY,SUMMER,CYEG,0,1.0000,1.0000,1.30
2024-12-16T02:27:00+00:00,west,noaa-goes18,NIGHT,WINTER,CYEG,0,1.0000,1.0000,1.30
2023-08-11T14:10:00+00:00,west,noaa-goes18,DAY,SUMMER,CYEG,0,1.0000,1.0000,1.30
2023-02-05T10:01:00+00:00,west,noaa-goes18,NIGHT,WINTER,CYEG,1,0.5556,0.5600,1.30
2020-05-15T00:49:00+00:00,west,noaa-goes17,DAY,SPRING,CYEG,1,0.0000,0.0000,1.30
2020-04-21T21:44:00+00:00,west,noaa-goes17,DAY,SPRING,CYEG,1,0.0000,0.3200,1.30
2020-04-09T23:01:00+00:00,west,noaa-goes17,DAY,SPRING,CYEG,0,1.0000,1.0000,1.30
2020-12-08T10:10:00+00:00,west,noaa-goes17,NIGHT,WINTER,CYEG,0,1.0000,1.0000,1.30
2020-11-28T02:44:00+00:00,west,noaa-goes17,NIGHT,AUTUMN,CYEG,0,1.0000,1.0000,1.30
2022-02-18T15:51:00+00:00,west,noaa-goes17,DAY,WINTER,CYEG,0,1.0000,1.0000,1.30
2020-04-15T23:09:00+00:00,west,noaa-goes17,DAY,SPRING,CYEG,0,1.0000,1.0000,1.30
2021-04-16T16:41:00+00:00,west,noaa-goes17,DAY,SPRING,CYEG,1,0.0000,0.0000,1.30
2023-04-02T09:16:00+00:00,west,noaa-goes18,NIGHT,SPRING,CYEG,0,1.0000,1.0000,1.30
2021-10-14T02:34:00+00:00,west,noaa-goes17,NIGHT,AUTUMN,CYEG,0,1.0000,1.0000,1.30
2021-08-28T19:42:00+00:00,west,noaa-goes17,DAY,SUMMER,CYEG,1,0.1111,0.0400,1.30
2025-05-06T09:31:00+00:00,west,noaa-goes18,NIGHT,SPRING,CYEG,1,0.2222,0.4000,1.30
2021-12-20T09:32:00+00:00,west,noaa-goes17,NIGHT,WINTER,CYEG,0,0.8889,0.9200,1.30
2020-06-29T19:03:00+00:00,west,noaa-goes17,DAY,SUMMER,CYEG,0,1.0000,1.0000,1.30
2020-01-12T21:16:00+00:00,west,noaa-goes17,DAY,WINTER,CYEG,0,1.0000,1.0000,1.30
2022-10-03T12:22:00+00:00,west,noaa-goes17,NIGHT,AUTUMN,CYEG,0,1.0000,1.0000,1.30
2023-10-30T02:23:00+00:00,west,noaa-goes18,NIGHT,AUTUMN,CYEG,0,1.0000,1.0000,1.30
2025-10-14T08:33:00+00:00,west,noaa-goes18,NIGHT,AUTUMN,CYEG,1,0.0000,0.0000,1.30
2021-05-18T07:26:00+00:00,west,noaa-goes17,NIGHT,SPRING,CYEG,0,1.0000,1.0000,1.30
2021-11-28T18:24:00+00:00,west,noaa-goes17,DAY,AUTUMN,CYEG,0,1.0000,1.0000,1.30
2020-06-20T17:45:00+00:00,west,noaa-goes17,DAY,SUMMER,CYEG,1,0.0000,0.0000,1.30
2020-06-10T20:30:00+00:00,west,noaa-goes17,DAY,SUMMER,CYEG,1,0.3333,0.3600,1.30
2020-08-05T13:13:00+00:00,west,noaa-goes17,DAY,SUMMER,CYEG,0,0.5556,0.4400,1.30
2025-02-27T19:22:00+00:00,west,noaa-goes18,DAY,WINTER,CYEG,1,0.0000,0.0000,1.30
2020-03-10T19:49:00+00:00,west,noaa-goes17,DAY,SPRING,CYEG,0,1.0000,1.0000,1.30
2025-11-23T05:08:00+00:00,west,noaa-goes18,NIGHT,AUTUMN,CYEG,0,1.0000,1.0000,1.30
2024-05-23T08:53:00+00:00,west,noaa-goes18,NIGHT,SPRING,CYEG,0,1.0000,1.0000,1.30
2025-12-05T03:56:00+00:00,west,noaa-goes18,NIGHT,WINTER,CYEG,0,1.0000,1.0000,1.30
2022-12-07T20:46:00+00:00,west,noaa-goes17,DAY,WINTER,CYEG,1,0.0000,0.0000,1.30
2022-11-25T20:11:00+00:00,west,noaa-goes17,DAY,AUTUMN,CYEG,0,1.0000,1.0000,1.30
2025-04-24T15:56:00+00:00,west,noaa-goes18,DAY,SPRING,CYEG,1,0.0000,0.0000,1.30
2022-10-16T16:12:00+00:00,west,noaa-goes17,DAY,AUTUMN,CYEG,1,0.0000,0.0400,1.30
2024-03-28T22:48:00+00:00,west,noaa-goes18,DAY,SPRING,CYEG,0,1.0000,1.0000,1.30
2022-02-07T16:41:00+00:00,west,noaa-goes17,DAY,WINTER,CYEG,0,1.0000,0.9200,1.30
2022-09-19T04:43:00+00:00,west,noaa-goes17,NIGHT,AUTUMN,CYEG,0,1.0000,1.0000,1.30
2020-09-25T04:44:00+00:00,west,noaa-goes17,NIGHT,AUTUMN,CYEG,1,0.0000,0.0000,1.30
2024-06-26T19:43:00+00:00,west,noaa-goes18,DAY,SUMMER,CYEG,0,1.0000,1.0000,1.30
2023-04-23T23:10:00+00:00,west,noaa-goes18,DAY,SPRING,CYEG,0,1.0000,1.0000,1.30
2025-11-06T18:41:00+00:00,west,noaa-goes18,DAY,AUTUMN,CYEG,0,1.0000,1.0000,1.30
2023-06-13T13:19:00+00:00,west,noaa-goes18,DAY,SUMMER,CYEG,0,1.0000,1.0000,1.30
2024-09-15T22:08:00+00:00,west,noaa-goes18,DAY,AUTUMN,CYEG,1,0.3333,0.2400,1.30
2024-02-17T23:46:00+00:00,west,noaa-goes18,DAY,WINTER,CYEG,1,0.0000,0.0000,1.30
2025-12-04T13:13:00+00:00,west,noaa-goes18,NIGHT,WINTER,CYEG,0,1.0000,1.0000,1.30
2021-03-02T09:49:00+00:00,west,noaa-goes17,NIGHT,SPRING,CYEG,1,0.0000,0.1200,1.30
2022-10-28T02:29:00+00:00,west,noaa-goes17,NIGHT,AUTUMN,CYEG,0,0.6667,0.6400,1.30
2020-06-16T12:18:00+00:00,west,noaa-goes17,DAY,SUMMER,CYEG,0,1.0000,1.0000,1.30
2024-05-15T05:22:00+00:00,west,noaa-goes18,NIGHT,SPRING,CYEG,0,1.0000,1.0000,1.30
2024-03-10T09:55:00+00:00,west,noaa-goes18,NIGHT,SPRING,CYEG,1,0.0000,0.0400,1.30
2022-07-27T23:43:00+00:00,west,noaa-goes17,DAY,SUMMER,CYEG,1,0.1111,0.2000,1.30
2024-02-20T10:34:00+00:00,west,noaa-goes18,NIGHT,WINTER,CYEG,1,0.0000,0.0000,1.30
2020-04-05T21:05:00+00:00,west,noaa-goes17,DAY,SPRING,CYEG,0,1.0000,1.0000,1.30
2024-08-11T08:55:00+00:00,west,noaa-goes18,NIGHT,SUMMER,CYEG,1,0.0000,0.0000,1.30
2023-04-05T16:36:00+00:00,west,noaa-goes18,DAY,SPRING,CYEG,1,0.0000,0.2000,1.30
2025-12-12T16:58:00+00:00,west,noaa-goes18,DAY,WINTER,CYEG,0,1.0000,1.0000,1.30
2020-04-02T07:46:00+00:00,west,noaa-goes17,NIGHT,SPRING,CYEG,1,0.1111,0.2400,1.30
2021-03-22T11:15:00+00:00,west,noaa-goes17,NIGHT,SPRING,CYEG,0,1.0000,1.0000,1.30
2025-08-13T16:11:00+00:00,west,noaa-goes18,DAY,SUMMER,CYEG,0,1.0000,1.0000,1.30
2023-02-02T10:46:00+00:00,west,noaa-goes18,NIGHT,WINTER,CYEG,0,0.7778,0.8400,1.30
2021-07-03T14:39:00+00:00,west,noaa-goes17,DAY,SUMMER,CYEG,0,1.0000,1.0000,1.30
2020-09-09T21:44:00+00:00,west,noaa-goes17,DAY,AUTUMN,CYEG,0,1.0000,0.9200,1.30
2023-12-25T06:53:00+00:00,west,noaa-goes18,NIGHT,WINTER,CYEG,1,0.5556,0.5600,1.30
2025-11-25T08:37:00+00:00,west,noaa-goes18,NIGHT,AUTUMN,CYEG,0,1.0000,1.0000,1.30
2023-07-14T22:07:00+00:00,west,noaa-goes18,DAY,SUMMER,CYEG,1,0.0000,0.0000,1.30
2024-06-04T23:14:00+00:00,west,noaa-goes18,DAY,SUMMER,CYEG,0,0.8889,0.6800,1.30
2021-01-22T22:38:00+00:00,west,noaa-goes17,DAY,WINTER,CYEG,0,1.0000,1.0000,1.30
2025-02-05T16:29:00+00:00,west,noaa-goes18,DAY,WINTER,CYEG,1,0.0000,0.0000,1.30
2021-05-21T17:03:00+00:00,west,noaa-goes17,DAY,SPRING,CYEG,0,0.6667,0.6400,1.30
2022-03-24T07:37:00+00:00,west,noaa-goes17,NIGHT,SPRING,CYEG,0,1.0000,1.0000,1.30
2021-01-09T20:43:00+00:00,west,noaa-goes17,DAY,WINTER,CYEG,1,0.1111,0.1600,1.30
2022-03-21T15:13:00+00:00,west,noaa-goes17,DAY,SPRING,CYEG,0,0.5556,0.4400,1.30
2021-07-05T12:41:00+00:00,west,noaa-goes17,DAY,SUMMER,CYEG,0,1.0000,1.0000,1.30
2023-08-16T07:02:00+00:00,west,noaa-goes18,NIGHT,SUMMER,CYEG,0,1.0000,1.0000,1.30
2024-07-23T01:46:00+00:00,west,noaa-goes18,DAY,SUMMER,CYEG,0,1.0000,1.0000,1.30
2020-11-10T02:58:00+00:00,west,noaa-goes17,NIGHT,AUTUMN,CYEG,1,0.3333,0.4800,1.30
2025-08-30T15:48:00+00:00,west,noaa-goes18,DAY,SUMMER,CYEG,1,0.0000,0.0000,1.30
2025-03-06T16:54:00+00:00,west,noaa-goes18,DAY,SPRING,CYEG,1,0.0000,0.0000,1.30
2024-07-25T17:46:00+00:00,west,noaa-goes18,DAY,SUMMER,CYEG,0,1.0000,1.0000,1.30
2022-01-27T06:52:00+00:00,west,noaa-goes17,NIGHT,WINTER,CYEG,0,1.0000,0.7600,1.30
2020-04-18T00:37:00+00:00,west,noaa-goes17,DAY,SPRING,CYEG,0,1.0000,1.0000,1.30
2021-03-13T10:49:00+00:00,west,noaa-goes17,NIGHT,SPRING,CYEG,1,0.0000,0.0000,1.30
2021-06-07T19:33:00+00:00,west,noaa-goes17,DAY,SUMMER,CYEG,0,1.0000,1.0000,1.30
2020-02-23T07:44:00+00:00,west,noaa-goes17,NIGHT,WINTER,CYEG,0,0.5556,0.4000,1.30
2024-03-25T10:30:00+00:00,west,noaa-goes18,NIGHT,SPRING,CYEG,0,0.7778,0.6800,1.30
2025-07-30T08:46:00+00:00,west,noaa-goes18,NIGHT,SUMMER,CYEG,1,0.0000,0.0000,1.30
2023-03-07T19:07:00+00:00,west,noaa-goes18,DAY,SPRING,CYEG,1,0.0000,0.0400,1.30
2024-08-28T00:56:00+00:00,west,noaa-goes18,DAY,SUMMER,CYEG,0,1.0000,1.0000,1.30
2022-05-25T12:23:00+00:00,west,noaa-goes17,DAY,SPRING,CYEG,1,0.1111,0.2800,1.30
2023-11-17T04:56:00+00:00,west,noaa-goes18,NIGHT,AUTUMN,CYEG,0,1.0000,1.0000,1.30
2020-10-17T03:55:00+00:00,west,noaa-goes17,NIGHT,AUTUMN,CYEG,1,0.0000,0.0000,1.30
2025-11-24T20:49:00+00:00,west,noaa-goes18,DAY,AUTUMN,CYEG,1,0.0000,0.0000,1.30
2023-03-20T03:34:00+00:00,west,noaa-goes18,NIGHT,SPRING,CYEG,1,0.0000,0.0000,1.30
2023-04-12T07:14:00+00:00,west,noaa-goes18,NIGHT,SPRING,CYEG,0,1.0000,1.0000,1.30
2024-06-14T16:30:00+00:00,west,noaa-goes18,DAY,SUMMER,CYEG,0,1.0000,1.0000,1.30
2021-07-24T13:12:00+00:00,west,noaa-goes17,DAY,SUMMER,CYEG,0,1.0000,1.0000,1.30
2022-06-02T19:38:00+00:00,west,noaa-goes17,DAY,SUMMER,CYEG,1,0.0000,0.0000,1.30
2025-09-02T04:04:00+00:00,west,noaa-goes18,NIGHT,AUTUMN,CYEG,0,1.0000,1.0000,1.30
2022-09-10T14:17:00+00:00,west,noaa-goes17,DAY,AUTUMN,CYEG,1,0.0000,0.0000,1.30
2023-10-04T10:26:00+00:00,west,noaa-goes18,NIGHT,AUTUMN,CYEG,0,1.0000,1.0000,1.30
2020-11-10T02:16:00+00:00,west,noaa-goes17,NIGHT,AUTUMN,CYEG,1,0.1111,0.4400,1.30
2020-05-29T22:47:00+00:00,west,noaa-goes17,DAY,SPRING,CYEG,0,1.0000,1.0000,1.30
2023-04-19T04:33:00+00:00,west,noaa-goes18,NIGHT,SPRING,CYEG,0,1.0000,1.0000,1.30
2024-07-26T23:02:00+00:00,west,noaa-goes18,DAY,SUMMER,CYEG,0,1.0000,1.0000,1.30
2024-02-11T20:01:00+00:00,west,noaa-goes18,DAY,WINTER,CYEG,1,0.0000,0.0000,1.30
2023-10-14T07:31:00+00:00,west,noaa-goes18,NIGHT,AUTUMN,CYEG,0,1.0000,1.0000,1.30
2024-06-07T13:27:00+00:00,west,noaa-goes18,DAY,SUMMER,CYEG,1,0.0000,0.0000,1.30
2020-07-08T16:44:00+00:00,west,noaa-goes17,DAY,SUMMER,CYEG,0,1.0000,1.0000,1.30
2021-01-28T03:47:00+00:00,west,noaa-goes17,NIGHT,WINTER,CYEG,1,0.0000,0.0000,1.30
2021-06-11T13:49:00+00:00,west,noaa-goes17,DAY,SUMMER,CYEG,1,0.0000,0.0000,1.30
2020-08-14T16:56:00+00:00,west,noaa-goes17,DAY,SUMMER,CYEG,0,1.0000,1.0000,1.30
2024-06-17T19:05:00+00:00,west,noaa-goes18,DAY,SUMMER,CYEG,0,1.0000,1.0000,1.30
2025-02-09T02:20:00+00:00,west,noaa-goes18,NIGHT,WINTER,CYEG,0,0.4444,0.4400,1.30
2023-10-26T11:03:00+00:00,west,noaa-goes18,NIGHT,AUTUMN,CYEG,0,1.0000,0.9600,1.30
2024-10-26T16:35:00+00:00,west,noaa-goes18,DAY,AUTUMN,CYEG,0,1.0000,1.0000,1.30
2022-01-21T13:36:00+00:00,west,noaa-goes17,NIGHT,WINTER,CYEG,0,1.0000,1.0000,1.30
2021-03-21T15:40:00+00:00,west,noaa-goes17,DAY,SPRING,CYEG,1,0.0000,0.0000,1.30
2025-06-10T13:48:00+00:00,west,noaa-goes18,DAY,SUMMER,CYEG,0,1.0000,0.7200,1.30
2021-08-07T19:13:00+00:00,west,noaa-goes17,DAY,SUMMER,CYEG,0,0.7778,0.6400,1.30
2025-11-18T08:18:00+00:00,west,noaa-goes18,NIGHT,AUTUMN,CYEG,0,1.0000,0.8000,1.30
2023-05-30T17:00:00+00:00,west,noaa-goes18,DAY,SPRING,CYEG,0,0.8889,0.7600,1.30
2022-03-05T10:19:00+00:00,west,noaa-goes17,NIGHT,SPRING,CYEG,1,0.0000,0.0400,1.30
2022-08-30T15:55:00+00:00,west,noaa-goes17,DAY,SUMMER,CYEG,1,0.0000,0.0000,1.30
2025-12-05T04:26:00+00:00,west,noaa-goes18,NIGHT,WINTER,CYEG,0,1.0000,1.0000,1.30
2024-03-13T19:46:00+00:00,west,noaa-goes18,DAY,SPRING,CYEG,0,1.0000,0.9600,1.30
2021-05-23T01:06:00+00:00,west,noaa-goes17,DAY,SPRING,CYEG,1,0.0000,0.0000,1.30
2020-03-14T19:52:00+00:00,west,noaa-goes17,DAY,SPRING,CYEG,0,1.0000,1.0000,1.30
2020-07-13T16:23:00+00:00,west,noaa-goes17,DAY,SUMMER,CYEG,0,1.0000,0.8400,1.30
2020-09-22T09:18:00+00:00,west,noaa-goes17,NIGHT,AUTUMN,CYEG,0,1.0000,1.0000,1.30
2025-01-29T08:37:00+00:00,west,noaa-goes18,NIGHT,WINTER,CYEG,0,1.0000,1.0000,1.30
2021-11-09T12:48:00+00:00,west,noaa-goes17,NIGHT,AUTUMN,CYEG,0,1.0000,1.0000,1.30
2024-09-19T19:36:00+00:00,west,noaa-goes18,DAY,AUTUMN,CYEG,1,0.3333,0.4800,1.30
2024-03-19T21:18:00+00:00,west,noaa-goes18,DAY,SPRING,CYEG,0,1.0000,1.0000,1.30
2025-02-11T02:56:00+00:00,west,noaa-goes18,NIGHT,WINTER,CYEG,1,0.0000,0.0000,1.30
2024-02-08T18:24:00+00:00,west,noaa-goes18,DAY,WINTER,CYEG,0,1.0000,1.0000,1.30
2022-10-13T04:21:00+00:00,west,noaa-goes17,NIGHT,AUTUMN,CYEG,1,0.0000,0.0000,1.30
2025-08-11T09:36:00+00:00,west,noaa-goes18,NIGHT,SUMMER,CYEG,0,0.5556,0.5600,1.30
2022-03-07T05:56:00+00:00,west,noaa-goes17,NIGHT,SPRING,CYEG,0,1.0000,1.0000,1.30
2022-02-18T03:11:00+00:00,west,noaa-goes17,NIGHT,WINTER,CYEG,0,1.0000,1.0000,1.30
2021-08-01T13:25:00+00:00,west,noaa-goes17,DAY,SUMMER,CYEG,0,1.0000,0.8800,1.30
2020-08-12T13:39:00+00:00,west,noaa-goes17,DAY,SUMMER,CYEG,0,1.0000,1.0000,1.30
2020-04-04T17:30:00+00:00,west,noaa-goes17,DAY,SPRING,CYEG,1,0.1111,0.0800,1.30
2021-04-27T14:48:00+00:00,west,noaa-goes17,DAY,SPRING,CYEG,0,1.0000,1.0000,1.30
2024-09-06T00:41:00+00:00,west,noaa-goes18,DAY,AUTUMN,CYEG,1,0.0000,0.0000,1.30
2024-12-15T05:47:00+00:00,west,noaa-goes18,NIGHT,WINTER,CYEG,1,0.0000,0.2000,1.30
2022-07-23T16:38:00+00:00,west,noaa-goes17,DAY,SUMMER,CYEG,1,0.0000,0.0000,1.30
2024-01-21T20:15:00+00:00,west,noaa-goes18,DAY,WINTER,CYEG,1,0.0000,0.0000,1.30
2025-10-31T04:42:00+00:00,west,noaa-goes18,NIGHT,AUTUMN,CYEG,1,0.0000,0.0000,1.30
2020-03-12T09:52:00+00:00,west,noaa-goes17,NIGHT,SPRING,CYEG,1,0.0000,0.1200,1.30
2020-01-13T11:26:00+00:00,west,noaa-goes17,NIGHT,WINTER,CYEG,0,0.8889,0.8800,1.30
2021-04-27T04:57:00+00:00,west,noaa-goes17,NIGHT,SPRING,CYEG,1,0.0000,0.0000,1.30
2024-11-13T10:01:00+00:00,west,noaa-goes18,NIGHT,AUTUMN,CYEG,0,1.0000,0.9600,1.30
2024-01-09T17:43:00+00:00,west,noaa-goes18,DAY,WINTER,CYEG,0,0.7778,0.6000,1.30
2021-08-23T13:42:00+00:00,west,noaa-goes17,DAY,SUMMER,CYEG,0,1.0000,1.0000,1.30
2022-12-25T02:50:00+00:00,west,noaa-goes17,NIGHT,WINTER,CYEG,0,1.0000,1.0000,1.30
2024-04-15T18:24:00+00:00,west,noaa-goes18,DAY,SPRING,CYEG,0,1.0000,1.0000,1.30
2025-05-27T13:06:00+00:00,west,noaa-goes18,DAY,SPRING,CYEG,0,0.8889,0.6800,1.30
2025-12-04T10:36:00+00:00,west,noaa-goes18,NIGHT,WINTER,CYEG,0,1.0000,1.0000,1.30
2023-10-11T03:16:00+00:00,west,noaa-goes18,NIGHT,AUTUMN,CYEG,0,1.0000,1.0000,1.30
2021-09-02T07:37:00+00:00,west,noaa-goes17,NIGHT,AUTUMN,CYEG,0,1.0000,1.0000,1.30
2023-06-26T16:17:00+00:00,west,noaa-goes18,DAY,SUMMER,CYEG,1,0.0000,0.0000,1.30
2020-06-15T00:53:00+00:00,west,noaa-goes17,DAY,SUMMER,CYEG,0,1.0000,1.0000,1.30
2021-11-03T15:48:00+00:00,west,noaa-goes17,DAY,AUTUMN,CYEG,0,1.0000,1.0000,1.30
2022-07-05T00:00:00+00:00,west,noaa-goes17,DAY,SUMMER,CYEG,0,1.0000,1.0000,1.30
2024-05-04T16:12:00+00:00,west,noaa-goes18,DAY,SPRING,CYEG,1,0.0000,0.0000,1.30
2020-11-03T02:42:00+00:00,west,noaa-goes17,NIGHT,AUTUMN,CYEG,0,1.0000,1.0000,1.30
2022-03-02T19:21:00+00:00,west,noaa-goes17,DAY,SPRING,CYEG,0,1.0000,1.0000,1.30
2020-04-14T01:04:00+00:00,west,noaa-goes17,DAY,SPRING,CYEG,0,1.0000,1.0000,1.30
2024-03-16T16:03:00+00:00,west,noaa-goes18,DAY,SPRING,CYEG,0,1.0000,1.0000,1.30
2023-02-17T02:18:00+00:00,west,noaa-goes18,NIGHT,WINTER,CYEG,0,1.0000,1.0000,1.30
2020-10-26T23:20:00+00:00,west,noaa-goes17,DAY,AUTUMN,CYEG,0,1.0000,1.0000,1.30
2020-08-10T14:26:00+00:00,west,noaa-goes17,DAY,SUMMER,CYEG,0,1.0000,1.0000,1.30
2021-12-26T20:33:00+00:00,west,noaa-goes17,DAY,WINTER,CYEG,0,0.7778,0.6400,1.30
2022-03-13T18:28:00+00:00,west,noaa-goes17,DAY,SPRING,CYEG,0,1.0000,1.0000,1.30
2024-08-11T20:09:00+00:00,west,noaa-goes18,DAY,SUMMER,CYEG,1,0.0000,0.0000,1.30
2020-07-25T23:23:00+00:00,west,noaa-goes17,DAY,SUMMER,CYEG,0,1.0000,1.0000,1.30
2022-06-22T20:17:00+00:00,west,noaa-goes17,DAY,SUMMER,CYEG,0,1.0000,1.0000,1.30
2025-07-21T14:28:00+00:00,west,noaa-goes18,DAY,SUMMER,CYEG,0,1.0000,1.0000,1.30
2023-02-27T12:10:00+00:00,west,noaa-goes18,NIGHT,WINTER,CYEG,0,0.5556,0.5200,1.30
2020-08-26T22:28:00+00:00,west,noaa-goes17,DAY,SUMMER,CYEG,1,0.0000,0.0000,1.30
2021-07-26T23:25:00+00:00,west,noaa-goes17,DAY,SUMMER,CYEG,1,0.0000,0.0400,1.30
2024-08-13T21:08:00+00:00,west,noaa-goes18,DAY,SUMMER,CYEG,1,0.0000,0.0000,1.30
2025-07-08T23:40:00+00:00,west,noaa-goes18,DAY,SUMMER,CYEG,0,1.0000,1.0000,1.30
2025-04-26T12:59:00+00:00,west,noaa-goes18,DAY,SPRING,CYEG,1,0.0000,0.0000,1.30
2020-09-30T08:01:00+00:00,west,noaa-goes17,NIGHT,AUTUMN,CYEG,1,0.0000,0.0000,1.30
2024-06-15T16:43:00+00:00,west,noaa-goes18,DAY,SUMMER,CYEG,0,1.0000,1.0000,1.30
2025-12-25T08:04:00+00:00,west,noaa-goes18,NIGHT,WINTER,CYEG,0,0.8889,0.8000,1.30
2022-03-10T06:12:00+00:00,west,noaa-goes17,NIGHT,SPRING,CYEG,0,1.0000,1.0000,1.30
2025-02-02T07:05:00+00:00,west,noaa-goes18,NIGHT,WINTER,CYEG,0,0.7778,0.6400,1.30
2021-12-02T06:22:00+00:00,west,noaa-goes17,NIGHT,WINTER,CYEG,0,1.0000,1.0000,1.30
2022-04-19T05:43:00+00:00,west,noaa-goes17,NIGHT,SPRING,CYEG,0,1.0000,1.0000,1.30
2021-02-20T02:38:00+00:00,west,noaa-goes17,NIGHT,WINTER,CYEG,0,1.0000,1.0000,1.30
2021-04-06T07:48:00+00:00,west,noaa-goes17,NIGHT,SPRING,CYEG,0,1.0000,1.0000,1.30
2024-09-24T07:52:00+00:00,west,noaa-goes18,NIGHT,AUTUMN,CYEG,1,0.0000,0.0000,1.30
2025-10-03T21:20:00+00:00,west,noaa-goes18,DAY,AUTUMN,CYEG,0,1.0000,1.0000,1.30
2021-06-26T14:31:00+00:00,west,noaa-goes17,DAY,SUMMER,CYEG,0,1.0000,1.0000,1.30
2023-11-13T12:07:00+00:00,west,noaa-goes18,NIGHT,AUTUMN,CYEG,0,1.0000,1.0000,1.30
2020-10-31T21:34:00+00:00,west,noaa-goes17,DAY,AUTUMN,CYEG,0,1.0000,1.0000,1.30
2023-04-30T09:16:00+00:00,west,noaa-goes18,NIGHT,SPRING,CYEG,0,1.0000,1.0000,1.30
2020-07-20T23:10:00+00:00,west,noaa-goes17,DAY,SUMMER,CYEG,0,1.0000,1.0000,1.30
2023-08-16T01:09:00+00:00,west,noaa-goes18,DAY,SUMMER,CYEG,0,1.0000,1.0000,1.30
2023-02-02T09:03:00+00:00,west,noaa-goes18,NIGHT,WINTER,CYEG,1,0.1111,0.2800,1.30
2022-08-26T14:13:00+00:00,west,noaa-goes17,DAY,SUMMER,CYEG,1,0.0000,0.0000,1.30
2022-10-21T03:25:00+00:00,west,noaa-goes17,NIGHT,AUTUMN,CYEG,0,1.0000,1.0000,1.30
2021-08-03T14:47:00+00:00,west,noaa-goes17,DAY,SUMMER,CYEG,0,0.6667,0.7600,1.30
2025-08-08T21:32:00+00:00,west,noaa-goes18,DAY,SUMMER,CYEG,0,1.0000,1.0000,1.30
2021-11-28T05:04:00+00:00,west,noaa-goes17,NIGHT,AUTUMN,CYEG,0,1.0000,1.0000,1.30
2020-02-27T05:40:00+00:00,west,noaa-goes17,NIGHT,WINTER,CYEG,1,0.0000,0.0800,1.30
2022-01-17T03:40:00+00:00,west,noaa-goes17,NIGHT,WINTER,CYEG,0,1.0000,1.0000,1.30
2022-03-03T08:33:00+00:00,west,noaa-goes17,NIGHT,SPRING,CYEG,0,1.0000,1.0000,1.30
2024-09-15T05:36:00+00:00,west,noaa-goes18,NIGHT,AUTUMN,CYEG,0,1.0000,1.0000,1.30
2025-07-05T23:43:00+00:00,west,noaa-goes18,DAY,SUMMER,CYEG,0,1.0000,1.0000,1.30
2024-11-28T07:48:00+00:00,west,noaa-goes18,NIGHT,AUTUMN,CYEG,1,0.0000,0.0000,1.30
2024-10-10T07:55:00+00:00,west,noaa-goes18,NIGHT,AUTUMN,CYEG,0,1.0000,1.0000,1.30
2022-09-22T03:54:00+00:00,west,noaa-goes17,NIGHT,AUTUMN,CYEG,1,0.0000,0.0000,1.30
2025-10-11T05:34:00+00:00,west,noaa-goes18,NIGHT,AUTUMN,CYEG,1,0.3333,0.4000,1.30
2023-07-28T13:01:00+00:00,west,noaa-goes18,DAY,SUMMER,CYEG,0,1.0000,1.0000,1.30
2023-10-18T07:36:00+00:00,west,noaa-goes18,NIGHT,AUTUMN,CYEG,0,1.0000,1.0000,1.30
2025-07-11T22:37:00+00:00,west,noaa-goes18,DAY,SUMMER,CYEG,1,0.1111,0.2000,1.30
2024-10-21T12:43:00+00:00,west,noaa-goes18,NIGHT,AUTUMN,CYEG,0,1.0000,1.0000,1.30
2021-05-02T14:30:00+00:00,west,noaa-goes17,DAY,SPRING,CYEG,0,1.0000,1.0000,1.30
2025-07-26T07:57:00+00:00,west,noaa-goes18,NIGHT,SUMMER,CYEG,0,0.8889,0.8800,1.30
2024-07-17T16:49:00+00:00,west,noaa-goes18,DAY,SUMMER,CYEG,1,0.0000,0.0000,1.30
2021-08-23T00:23:00+00:00,west,noaa-goes17,DAY,SUMMER,CYEG,0,1.0000,1.0000,1.30
2020-01-10T12:34:00+00:00,west,noaa-goes17,NIGHT,WINTER,CYEG,1,0.5556,0.4800,1.30
2021-12-01T05:14:00+00:00,west,noaa-goes17,NIGHT,WINTER,CYEG,0,1.0000,1.0000,1.30
2023-12-01T10:43:00+00:00,west,noaa-goes18,NIGHT,WINTER,CYEG,0,1.0000,1.0000,1.30
2021-10-14T02:25:00+00:00,west,noaa-goes17,NIGHT,AUTUMN,CYEG,0,1.0000,1.0000,1.30
2023-10-04T17:28:00+00:00,west,noaa-goes18,DAY,AUTUMN,CYEG,0,1.0000,0.8800,1.30
2021-03-05T21:16:00+00:00,west,noaa-goes17,DAY,SPRING,CYEG,0,1.0000,1.0000,1.30
2024-07-16T18:09:00+00:00,west,noaa-goes18,DAY,SUMMER,CYEG,1,0.4444,0.4800,1.30
2020-10-25T16:41:00+00:00,west,noaa-goes17,DAY,AUTUMN,CYEG,0,1.0000,1.0000,1.30
2021-12-14T02:36:00+00:00,west,noaa-goes17,NIGHT,WINTER,CYEG,0,1.0000,1.0000,1.30
2024-06-17T14:48:00+00:00,west,noaa-goes18,DAY,SUMMER,CYEG,0,0.8889,0.7600,1.30
2020-06-10T17:37:00+00:00,west,noaa-goes17,DAY,SUMMER,CYEG,1,0.0000,0.0000,1.30
2025-12-28T21:17:00+00:00,west,noaa-goes18,DAY,WINTER,CYEG,0,1.0000,1.0000,1.30
2022-08-21T13:39:00+00:00,west,noaa-goes17,DAY,SUMMER,CYEG,1,0.0000,0.0000,1.30
2023-03-28T17:55:00+00:00,west,noaa-goes18,DAY,SPRING,CYEG,1,0.0000,0.0000,1.30
2020-03-07T05:08:00+00:00,west,noaa-goes17,NIGHT,SPRING,CYEG,0,1.0000,0.9600,1.30
2020-05-18T19:44:00+00:00,west,noaa-goes17,DAY,SPRING,CYEG,0,1.0000,1.0000,1.30
2022-07-30T21:53:00+00:00,west,noaa-goes17,DAY,SUMMER,CYEG,0,1.0000,0.7600,1.30
2022-10-24T16:18:00+00:00,west,noaa-goes17,DAY,AUTUMN,CYEG,0,1.0000,1.0000,1.30
2023-10-15T23:39:00+00:00,west,noaa-goes18,DAY,AUTUMN,CYEG,1,0.0000,0.0000,1.30
2025-09-28T17:40:00+00:00,west,noaa-goes18,DAY,AUTUMN,CYEG,0,1.0000,1.0000,1.30
2020-09-27T20:05:00+00:00,west,noaa-goes17,DAY,AUTUMN,CYEG,1,0.0000,0.0400,1.30
2023-03-07T11:28:00+00:00,west,noaa-goes18,NIGHT,SPRING,CYEG,0,1.0000,1.0000,1.30
2025-09-09T14:51:00+00:00,west,noaa-goes18,DAY,AUTUMN,CYEG,1,0.0000,0.0000,1.30
2020-05-26T22:41:00+00:00,west,noaa-goes17,DAY,SPRING,CYEG,0,1.0000,1.0000,1.30
2024-12-12T02:22:00+00:00,west,noaa-goes18,NIGHT,WINTER,CYEG,0,1.0000,1.0000,1.30
2022-01-03T07:57:00+00:00,west,noaa-goes17,NIGHT,WINTER,CYEG,0,0.8889,0.7600,1.30
2024-07-03T14:24:00+00:00,west,noaa-goes18,DAY,SUMMER,CYEG,0,1.0000,1.0000,1.30
2025-05-10T06:34:00+00:00,west,noaa-goes18,NIGHT,SPRING,CYEG,0,1.0000,1.0000,1.30
2025-01-25T08:24:00+00:00,west,noaa-goes18,NIGHT,WINTER,CYEG,0,1.0000,1.0000,1.30
2020-11-15T19:04:00+00:00,west,noaa-goes17,DAY,AUTUMN,CYEG,0,1.0000,1.0000,1.30
2025-03-04T15:39:00+00:00,west,noaa-goes18,DAY,SPRING,CYEG,1,0.0000,0.0000,1.30
2021-09-06T19:36:00+00:00,west,noaa-goes17,DAY,AUTUMN,CYEG,1,0.2222,0.0800,1.30
2024-11-22T16:31:00+00:00,west,noaa-goes18,DAY,AUTUMN,CYEG,1,0.0000,0.0000,1.30
2021-09-22T04:20:00+00:00,west,noaa-goes17,NIGHT,AUTUMN,CYEG,0,1.0000,1.0000,1.30
2025-10-15T18:12:00+00:00,west,noaa-goes18,DAY,AUTUMN,CYEG,1,0.0000,0.0400,1.30
2025-07-16T23:02:00+00:00,west,noaa-goes18,DAY,SUMMER,CYEG,0,1.0000,1.0000,1.30
2025-12-19T10:43:00+00:00,west,noaa-goes18,NIGHT,WINTER,CYEG,0,1.0000,1.0000,1.30
2022-02-01T21:40:00+00:00,west,noaa-goes17,DAY,WINTER,CYEG,1,0.0000,0.0000,1.30
2024-01-16T12:24:00+00:00,west,noaa-goes18,NIGHT,WINTER,CYEG,0,1.0000,1.0000,1.30
2023-09-21T21:29:00+00:00,west,noaa-goes18,DAY,AUTUMN,CYEG,1,0.0000,0.0000,1.30
2020-06-05T00:43:00+00:00,west,noaa-goes17,DAY,SUMMER,CYEG,1,0.0000,0.2400,1.30
2024-03-14T08:16:00+00:00,west,noaa-goes18,NIGHT,SPRING,CYEG,0,1.0000,1.0000,1.30
2025-03-01T18:25:00+00:00,west,noaa-goes18,DAY,SPRING,CYEG,0,1.0000,0.9200,1.30
2022-03-14T04:22:00+00:00,west,noaa-goes17,NIGHT,SPRING,CYEG,0,1.0000,1.0000,1.30
2023-04-19T05:40:00+00:00,west,noaa-goes18,NIGHT,SPRING,CYEG,0,1.0000,1.0000,1.30
2022-10-07T20:08:00+00:00,west,noaa-goes17,DAY,AUTUMN,CYEG,1,0.0000,0.0000,1.30
2023-01-07T12:53:00+00:00,west,noaa-goes18,NIGHT,WINTER,CYEG,1,0.0000,0.0000,1.30
2022-06-29T06:34:00+00:00,west,noaa-goes17,NIGHT,SUMMER,CYEG,0,1.0000,1.0000,1.30
2023-09-04T05:34:00+00:00,west,noaa-goes18,NIGHT,AUTUMN,CYEG,1,0.0000,0.0000,1.30
2023-11-07T12:10:00+00:00,west,noaa-goes18,NIGHT,AUTUMN,CYEG,0,1.0000,1.0000,1.30
2021-12-04T12:37:00+00:00,west,noaa-goes17,NIGHT,WINTER,CYEG,0,1.0000,0.8800,1.30
2022-06-26T22:14:00+00:00,west,noaa-goes17,DAY,SUMMER,CYEG,1,0.0000,0.0400,1.30
2023-11-07T16:38:00+00:00,west,noaa-goes18,DAY,AUTUMN,CYEG,1,0.5556,0.8000,1.30
2024-02-24T03:14:00+00:00,west,noaa-goes18,NIGHT,WINTER,CYEG,0,1.0000,1.0000,1.30
2020-04-15T20:31:00+00:00,west,noaa-goes17,DAY,SPRING,CYEG,0,1.0000,1.0000,1.30
2025-10-26T08:24:00+00:00,west,noaa-goes18,NIGHT,AUTUMN,CYEG,0,1.0000,1.0000,1.30
2023-08-21T00:39:00+00:00,west,noaa-goes18,DAY,SUMMER,CYEG,0,1.0000,1.0000,1.30
2023-08-05T15:49:00+00:00,west,noaa-goes18,DAY,SUMMER,CYEG,1,0.0000,0.0000,1.30
2023-03-22T08:14:00+00:00,west,noaa-goes18,NIGHT,SPRING,CYEG,1,0.0000,0.0000,1.30
2020-02-01T06:19:00+00:00,west,noaa-goes17,NIGHT,WINTER,CYEG,0,1.0000,1.0000,1.30
2021-05-06T21:57:00+00:00,west,noaa-goes17,DAY,SPRING,CYEG,0,1.0000,1.0000,1.30
2025-09-29T18:04:00+00:00,west,noaa-goes18,DAY,AUTUMN,CYEG,0,1.0000,1.0000,1.30
2021-04-08T15:38:00+00:00,west,noaa-goes17,DAY,SPRING,CYEG,0,1.0000,1.0000,1.30
2022-03-26T16:53:00+00:00,west,noaa-goes17,DAY,SPRING,CYEG,0,1.0000,1.0000,1.30
2023-09-28T18:15:00+00:00,west,noaa-goes18,DAY,AUTUMN,CYEG,1,0.0000,0.0800,1.30
2023-01-07T01:05:00+00:00,west,noaa-goes18,NIGHT,WINTER,CYEG,1,0.0000,0.0000,1.30
2024-01-31T06:25:00+00:00,west,noaa-goes18,NIGHT,WINTER,CYEG,1,0.0000,0.0000,1.30
2023-06-13T02:20:00+00:00,west,noaa-goes18,DAY,SUMMER,CYEG,1,0.0000,0.0000,1.30
2023-04-17T14:06:00+00:00,west,noaa-goes18,DAY,SPRING,CYEG,1,0.1111,0.1200,1.30
2023-08-31T10:12:00+00:00,west,noaa-goes18,NIGHT,SUMMER,CYEG,0,1.0000,1.0000,1.30
2021-03-15T06:46:00+00:00,west,noaa-goes17,NIGHT,SPRING,CYEG,0,1.0000,1.0000,1.30
2021-12-11T11:39:00+00:00,west,noaa-goes17,NIGHT,WINTER,CYEG,0,1.0000,1.0000,1.30
2022-05-28T13:30:00+00:00,west,noaa-goes17,DAY,SPRING,CYEG,1,0.0000,0.0000,1.30
2025-11-18T03:15:00+00:00,west,noaa-goes18,NIGHT,AUTUMN,CYEG,0,1.0000,1.0000,1.30
2024-10-11T14:54:00+00:00,west,noaa-goes18,DAY,AUTUMN,CYEG,0,1.0000,1.0000,1.30
2023-07-23T01:01:00+00:00,west,noaa-goes18,DAY,SUMMER,CYEG,1,0.5556,0.5600,1.30
2022-12-24T04:44:00+00:00,west,noaa-goes17,NIGHT,WINTER,CYEG,1,0.0000,0.1600,1.30
2021-03-22T09:49:00+00:00,west,noaa-goes17,NIGHT,SPRING,CYEG,0,1.0000,1.0000,1.30
2020-12-22T01:49:00+00:00,west,noaa-goes17,NIGHT,WINTER,CYEG,0,1.0000,1.0000,1.30
2023-12-20T05:29:00+00:00,west,noaa-goes18,NIGHT,WINTER,CYEG,0,1.0000,1.0000,1.30
2024-04-17T19:33:00+00:00,west,noaa-goes18,DAY,SPRING,CYEG,1,0.3333,0.4000,1.30
2021-05-14T22:37:00+00:00,west,noaa-goes17,DAY,SPRING,CYEG,0,1.0000,1.0000,1.30
2020-09-03T19:46:00+00:00,west,noaa-goes17,DAY,AUTUMN,CYEG,0,1.0000,1.0000,1.30
2021-06-23T15:00:00+00:00,west,noaa-goes17,DAY,SUMMER,CYEG,1,0.0000,0.0000,1.30
2023-01-17T11:08:00+00:00,west,noaa-goes18,NIGHT,WINTER,CYEG,0,1.0000,1.0000,1.30
2022-08-20T16:33:00+00:00,west,noaa-goes17,DAY,SUMMER,CYEG,0,1.0000,1.0000,1.30
2023-11-27T12:10:00+00:00,west,noaa-goes18,NIGHT,AUTUMN,CYEG,0,1.0000,1.0000,1.30
2023-08-21T18:32:00+00:00,west,noaa-goes18,DAY,SUMMER,CYEG,1,0.1111,0.2400,1.30
2024-08-28T14:34:00+00:00,west,noaa-goes18,DAY,SUMMER,CYEG,0,1.0000,1.0000,1.30
2024-12-16T08:19:00+00:00,west,noaa-goes18,NIGHT,WINTER,CYEG,0,1.0000,1.0000,1.30
2021-11-17T04:31:00+00:00,west,noaa-goes17,NIGHT,AUTUMN,CYEG,0,0.8889,0.8000,1.30
2023-10-15T16:21:00+00:00,west,noaa-goes18,DAY,AUTUMN,CYEG,1,0.0000,0.0400,1.30
2023-02-19T17:40:00+00:00,west,noaa-goes18,DAY,WINTER,CYEG,0,1.0000,1.0000,1.30
2024-09-24T11:50:00+00:00,west,noaa-goes18,NIGHT,AUTUMN,CYEG,1,0.0000,0.0000,1.30
2023-07-23T22:53:00+00:00,west,noaa-goes18,DAY,SUMMER,CYEG,0,1.0000,1.0000,1.30
2023-03-25T05:32:00+00:00,west,noaa-goes18,NIGHT,SPRING,CYEG,1,0.0000,0.0000,1.30
2024-10-19T10:01:00+00:00,west,noaa-goes18,NIGHT,AUTUMN,CYEG,1,0.4444,0.4000,1.30
2021-07-11T00:56:00+00:00,west,noaa-goes17,DAY,SUMMER,CYEG,0,1.0000,0.9600,1.30
2020-06-10T01:09:00+00:00,west,noaa-goes17,DAY,SUMMER,CYEG,1,0.0000,0.0000,1.30
2022-07-29T18:41:00+00:00,west,noaa-goes17,DAY,SUMMER,CYEG,1,0.4444,0.4800,1.30
2022-08-08T02:15:00+00:00,west,noaa-goes17,DAY,SUMMER,CYEG,1,0.0000,0.0000,1.30
2021-06-21T20:56:00+00:00,west,noaa-goes17,DAY,SUMMER,CYEG,0,0.5556,0.4400,1.30
2023-07-23T02:13:00+00:00,west,noaa-goes18,DAY,SUMMER,CYEG,0,0.6667,0.6400,1.30
2020-01-23T10:21:00+00:00,west,noaa-goes17,NIGHT,WINTER,CYEG,0,1.0000,1.0000,1.30
2025-05-22T01:33:00+00:00,west,noaa-goes18,DAY,SPRING,CYEG,0,1.0000,1.0000,1.30
2022-04-15T20:40:00+00:00,west,noaa-goes17,DAY,SPRING,CYEG,0,1.0000,1.0000,1.30
2024-10-09T17:47:00+00:00,west,noaa-goes18,DAY,AUTUMN,CYEG,0,1.0000,1.0000,1.30
2022-01-16T21:06:00+00:00,west,noaa-goes17,DAY,WINTER,CYEG,0,1.0000,1.0000,1.30
2023-03-08T09:18:00+00:00,west,noaa-goes18,NIGHT,SPRING,CYEG,1,0.3333,0.3600,1.30
2025-10-30T16:39:00+00:00,west,noaa-goes18,DAY,AUTUMN,CYEG,0,1.0000,1.0000,1.30
2022-06-28T13:28:00+00:00,west,noaa-goes17,DAY,SUMMER,CYEG,0,0.7778,0.8400,1.30
2024-08-19T04:47:00+00:00,west,noaa-goes18,NIGHT,SUMMER,CYEG,1,0.0000,0.0000,1.30
2020-01-27T04:23:00+00:00,west,noaa-goes17,NIGHT,WINTER,CYEG,0,1.0000,1.0000,1.30
2025-10-11T23:45:00+00:00,west,noaa-goes18,DAY,AUTUMN,CYEG,0,1.0000,1.0000,1.30
2021-11-17T11:18:00+00:00,west,noaa-goes17,NIGHT,AUTUMN,CYEG,1,0.0000,0.0000,1.30
2021-03-09T23:08:00+00:00,west,noaa-goes17,DAY,SPRING,CYEG,0,1.0000,0.9600,1.30
2022-02-18T02:08:00+00:00,west,noaa-goes17,NIGHT,WINTER,CYEG,0,1.0000,1.0000,1.30
2022-03-30T19:09:00+00:00,west,noaa-goes17,DAY,SPRING,CYEG,0,1.0000,1.0000,1.30
2020-01-30T20:19:00+00:00,west,noaa-goes17,DAY,WINTER,CYEG,0,1.0000,1.0000,1.30
2021-01-14T01:24:00+00:00,west,noaa-goes17,NIGHT,WINTER,CYEG,1,0.0000,0.1200,1.30
2020-02-03T02:33:00+00:00,west,noaa-goes17,NIGHT,WINTER,CYEG,0,1.0000,1.0000,1.30
2025-03-12T11:01:00+00:00,west,noaa-goes18,NIGHT,SPRING,CYEG,0,1.0000,1.0000,1.30
2025-12-21T05:49:00+00:00,west,noaa-goes18,NIGHT,WINTER,CYEG,0,1.0000,1.0000,1.30
2020-12-22T21:29:00+00:00,west,noaa-goes17,DAY,WINTER,CYEG,1,0.0000,0.0000,1.30
2021-12-25T05:57:00+00:00,west,noaa-goes17,NIGHT,WINTER,CYEG,0,0.3333,0.5200,1.30
2023-08-07T08:47:00+00:00,west,noaa-goes18,NIGHT,SUMMER,CYEG,1,0.0000,0.0000,1.30
2024-01-27T17:40:00+00:00,west,noaa-goes18,DAY,WINTER,CYEG,1,0.0000,0.0000,1.30
2024-04-01T04:55:00+00:00,west,noaa-goes18,NIGHT,SPRING,CYEG,1,0.4444,0.4800,1.30
2025-01-31T12:57:00+00:00,west,noaa-goes18,NIGHT,WINTER,CYEG,0,1.0000,1.0000,1.30
2022-09-14T23:06:00+00:00,west,noaa-goes17,DAY,AUTUMN,CYEG,1,0.0000,0.0000,1.30
2024-05-26T01:35:00+00:00,west,noaa-goes18,DAY,SPRING,CYEG,0,1.0000,1.0000,1.30
2021-05-10T20:30:00+00:00,west,noaa-goes17,DAY,SPRING,CYEG,0,0.2222,0.2000,1.30
2021-12-20T02:29:00+00:00,west,noaa-goes17,NIGHT,WINTER,CYEG,1,0.0000,0.1600,1.30
2022-05-30T06:28:00+00:00,west,noaa-goes17,NIGHT,SPRING,CYEG,0,1.0000,1.0000,1.30
2022-06-08T18:41:00+00:00,west,noaa-goes17,DAY,SUMMER,CYEG,0,1.0000,1.0000,1.30
2022-01-14T05:09:00+00:00,west,noaa-goes17,NIGHT,WINTER,CYEG,1,0.0000,0.0000,1.30
2022-05-26T23:26:00+00:00,west,noaa-goes17,DAY,SPRING,CYEG,0,1.0000,1.0000,1.30
2021-12-02T03:46:00+00:00,west,noaa-goes17,NIGHT,WINTER,CYEG,1,0.0000,0.0000,1.30
2024-10-15T10:42:00+00:00,west,noaa-goes18,NIGHT,AUTUMN,CYEG,0,1.0000,1.0000,1.30
2020-11-04T20:19:00+00:00,west,noaa-goes17,DAY,AUTUMN,CYEG,0,1.0000,1.0000,1.30
2022-08-25T17:35:00+00:00,west,noaa-goes17,DAY,SUMMER,CYEG,1,0.0000,0.0000,1.30
2021-11-13T10:41:00+00:00,west,noaa-goes17,NIGHT,AUTUMN,CYEG,0,1.0000,1.0000,1.30
2024-01-29T22:15:00+00:00,west,noaa-goes18,DAY,WINTER,CYEG,0,1.0000,1.0000,1.30
2023-06-15T08:26:00+00:00,west,noaa-goes18,NIGHT,SUMMER,CYEG,0,1.0000,1.0000,1.30
2021-05-15T15:46:00+00:00,west,noaa-goes17,DAY,SPRING,CYEG,0,1.0000,1.0000,1.30
2025-03-11T23:47:00+00:00,west,noaa-goes18,DAY,SPRING,CYEG,0,0.8889,0.7200,1.30
2025-07-12T07:10:00+00:00,west,noaa-goes18,NIGHT,SUMMER,CYEG,0,1.0000,1.0000,1.30
2020-03-21T18:21:00+00:00,west,noaa-goes17,DAY,SPRING,CYEG,0,0.5556,0.6800,1.30
2022-12-05T08:36:00+00:00,west,noaa-goes17,NIGHT,WINTER,CYEG,1,0.0000,0.0400,1.30
2025-08-02T19:45:00+00:00,west,noaa-goes18,DAY,SUMMER,CYEG,0,0.5556,0.3200,1.30
2021-04-22T05:57:00+00:00,west,noaa-goes17,NIGHT,SPRING,CYEG,0,1.0000,1.0000,1.30
2025-01-04T19:52:00+00:00,west,noaa-goes18,DAY,WINTER,CYEG,0,1.0000,1.0000,1.30
2021-12-15T14:04:00+00:00,west,noaa-goes17,NIGHT,WINTER,CYEG,1,0.1111,0.0800,1.30
2022-10-06T21:57:00+00:00,west,noaa-goes17,DAY,AUTUMN,CYEG,1,0.0000,0.0000,1.30
2025-04-03T16:58:00+00:00,west,noaa-goes18,DAY,SPRING,CYEG,1,0.0000,0.2000,1.30
2025-07-31T23:07:00+00:00,west,noaa-goes18,DAY,SUMMER,CYEG,1,0.0000,0.0000,1.30
2022-05-27T15:45:00+00:00,west,noaa-goes17,DAY,SPRING,CYEG,0,1.0000,1.0000,1.30
2023-08-31T04:37:00+00:00,west,noaa-goes18,NIGHT,SUMMER,CYEG,1,0.0000,0.0000,1.30
2025-10-26T07:08:00+00:00,west,noaa-goes18,NIGHT,AUTUMN,CYEG,0,1.0000,1.0000,1.30
2021-09-03T00:51:00+00:00,west,noaa-goes17,DAY,AUTUMN,CYEG,0,1.0000,1.0000,1.30
2021-02-07T04:50:00+00:00,west,noaa-goes17,NIGHT,WINTER,CYEG,1,0.0000,0.0000,1.30
2024-02-01T12:46:00+00:00,west,noaa-goes18,NIGHT,WINTER,CYEG,1,0.0000,0.0000,1.30
2020-08-10T17:12:00+00:00,west,noaa-goes17,DAY,SUMMER,CYEG,0,1.0000,1.0000,1.30
2021-12-10T01:56:00+00:00,west,noaa-goes17,NIGHT,WINTER,CYEG,0,1.0000,1.0000,1.30
2020-07-01T08:48:00+00:00,west,noaa-goes17,NIGHT,SUMMER,CYEG,0,1.0000,1.0000,1.30
2025-06-25T19:51:00+00:00,west,noaa-goes18,DAY,SUMMER,CYEG,1,0.0000,0.0400,1.30
2025-03-22T16:32:00+00:00,west,noaa-goes18,DAY,SPRING,CYEG,1,0.0000,0.0000,1.30
2025-09-03T18:28:00+00:00,west,noaa-goes18,DAY,AUTUMN,CYEG,0,1.0000,1.0000,1.30
2023-12-01T21:13:00+00:00,west,noaa-goes18,DAY,WINTER,CYEG,0,1.0000,1.0000,1.30
2024-03-04T21:32:00+00:00,west,noaa-goes18,DAY,SPRING,CYEG,1,0.1111,0.2000,1.30
2024-01-03T05:15:00+00:00,west,noaa-goes18,NIGHT,WINTER,CYEG,1,0.2222,0.2000,1.30
2025-12-31T12:59:00+00:00,west,noaa-goes18,NIGHT,WINTER,CYEG,0,1.0000,1.0000,1.30
2020-09-06T01:12:00+00:00,west,noaa-goes17,DAY,AUTUMN,CYEG,0,0.3333,0.3200,1.30
2020-03-12T08:19:00+00:00,west,noaa-goes17,NIGHT,SPRING,CYEG,0,0.7778,0.6000,1.30
2020-12-01T18:54:00+00:00,west,noaa-goes17,DAY,WINTER,CYEG,1,0.1111,0.1600,1.30
2020-09-29T11:53:00+00:00,west,noaa-goes17,NIGHT,AUTUMN,CYEG,0,1.0000,1.0000,1.30
2021-09-03T20:36:00+00:00,west,noaa-goes17,DAY,AUTUMN,CYEG,1,0.0000,0.0000,1.30
2023-11-27T21:01:00+00:00,west,noaa-goes18,DAY,AUTUMN,CYEG,0,1.0000,1.0000,1.30
2021-01-13T09:12:00+00:00,west,noaa-goes17,NIGHT,WINTER,CYEG,0,1.0000,1.0000,1.30
2025-05-11T08:41:00+00:00,west,noaa-goes18,NIGHT,SPRING,CYEG,0,1.0000,1.0000,1.30
2025-09-25T06:03:00+00:00,west,noaa-goes18,NIGHT,AUTUMN,CYEG,1,0.0000,0.0400,1.30
2022-03-15T00:36:00+00:00,west,noaa-goes17,DAY,SPRING,CYEG,0,1.0000,1.0000,1.30
2024-08-29T15:05:00+00:00,west,noaa-goes18,DAY,SUMMER,CYEG,0,1.0000,1.0000,1.30
2022-05-11T21:37:00+00:00,west,noaa-goes17,DAY,SPRING,CYEG,0,1.0000,1.0000,1.30
2021-04-16T04:25:00+00:00,west,noaa-goes17,NIGHT,SPRING,CYEG,1,0.0000,0.0000,1.30
2020-07-17T20:09:00+00:00,west,noaa-goes17,DAY,SUMMER,CYEG,1,0.5556,0.6400,1.30
2021-10-06T03:55:00+00:00,west,noaa-goes17,NIGHT,AUTUMN,CYEG,0,1.0000,1.0000,1.30
2021-07-25T01:07:00+00:00,west,noaa-goes17,DAY,SUMMER,CYEG,0,0.8889,0.8000,1.30
2020-12-31T03:07:00+00:00,west,noaa-goes17,NIGHT,WINTER,CYEG,0,1.0000,1.0000,1.30
2021-05-10T19:46:00+00:00,west,noaa-goes17,DAY,SPRING,CYEG,1,0.2222,0.4000,1.30
2020-05-10T14:08:00+00:00,west,noaa-goes17,DAY,SPRING,CYEG,0,1.0000,1.0000,1.30
2023-11-05T21:47:00+00:00,west,noaa-goes18,DAY,AUTUMN,CYEG,0,1.0000,1.0000,1.30
2022-05-26T01:18:00+00:00,west,noaa-goes17,DAY,SPRING,CYEG,1,0.2222,0.3200,1.30
2023-10-13T06:34:00+00:00,west,noaa-goes18,NIGHT,AUTUMN,CYEG,1,0.0000,0.0000,1.30
2020-02-24T21:11:00+00:00,west,noaa-goes17,DAY,WINTER,CYEG,1,0.2222,0.2800,1.30
2025-02-08T20:56:00+00:00,west,noaa-goes18,DAY,WINTER,CYEG,1,0.0000,0.0000,1.30
2023-05-19T16:06:00+00:00,west,noaa-goes18,DAY,SPRING,CYEG,1,0.0000,0.0000,1.30
2021-02-15T02:18:00+00:00,west,noaa-goes17,NIGHT,WINTER,CYEG,0,1.0000,0.9600,1.30
2020-04-03T17:43:00+00:00,west,noaa-goes17,DAY,SPRING,CYEG,0,1.0000,1.0000,1.30
2024-06-05T20:33:00+00:00,west,noaa-goes18,DAY,SUMMER,CYEG,1,0.0000,0.0000,1.30
2020-02-05T18:42:00+00:00,west,noaa-goes17,DAY,WINTER,CYEG,0,1.0000,1.0000,1.30
2023-08-30T04:09:00+00:00,west,noaa-goes18,NIGHT,SUMMER,CYEG,1,0.0000,0.0000,1.30
2023-03-20T12:08:00+00:00,west,noaa-goes18,NIGHT,SPRING,CYEG,1,0.0000,0.0000,1.30
2020-03-11T18:12:00+00:00,west,noaa-goes17,DAY,SPRING,CYEG,0,1.0000,1.0000,1.30
2024-02-11T11:46:00+00:00,west,noaa-goes18,NIGHT,WINTER,CYEG,1,0.0000,0.0000,1.30
2020-01-06T06:45:00+00:00,west,noaa-goes17,NIGHT,WINTER,CYEG,0,1.0000,1.0000,1.30
2023-11-15T04:49:00+00:00,west,noaa-goes18,NIGHT,AUTUMN,CYEG,0,0.6667,0.7600,1.30
2025-07-26T00:49:00+00:00,west,noaa-goes18,DAY,SUMMER,CYEG,0,0.8889,0.9600,1.30
2021-02-02T07:29:00+00:00,west,noaa-goes17,NIGHT,WINTER,CYEG,0,1.0000,1.0000,1.30
2024-01-10T17:20:00+00:00,west,noaa-goes18,DAY,WINTER,CYEG,1,0.1111,0.4800,1.30
2024-02-10T12:19:00+00:00,west,noaa-goes18,NIGHT,WINTER,CYEG,1,0.1111,0.0800,1.30
2021-06-17T06:54:00+00:00,west,noaa-goes17,NIGHT,SUMMER,CYEG,0,1.0000,1.0000,1.30
2021-10-01T00:09:00+00:00,west,noaa-goes17,DAY,AUTUMN,CYEG,0,1.0000,1.0000,1.30
2025-05-27T01:27:00+00:00,west,noaa-goes18,DAY,SPRING,CYEG,0,1.0000,1.0000,1.30
2021-10-25T15:14:00+00:00,west,noaa-goes17,DAY,AUTUMN,CYEG,0,1.0000,1.0000,1.30
2025-07-19T08:03:00+00:00,west,noaa-goes18,NIGHT,SUMMER,CYEG,0,1.0000,1.0000,1.30
2021-11-12T19:39:00+00:00,west,noaa-goes17,DAY,AUTUMN,CYEG,0,1.0000,1.0000,1.30
2020-09-08T14:46:00+00:00,west,noaa-goes17,DAY,AUTUMN,CYEG,0,1.0000,1.0000,1.30
2020-12-15T13:27:00+00:00,west,noaa-goes17,NIGHT,WINTER,CYEG,0,1.0000,1.0000,1.30
2023-02-26T16:41:00+00:00,west,noaa-goes18,DAY,WINTER,CYEG,0,1.0000,1.0000,1.30
2021-03-14T10:20:00+00:00,west,noaa-goes17,NIGHT,SPRING,CYEG,0,1.0000,1.0000,1.30
2022-12-05T05:52:00+00:00,west,noaa-goes17,NIGHT,WINTER,CYEG,0,1.0000,0.7600,1.30
2020-02-01T07:44:00+00:00,west,noaa-goes17,NIGHT,WINTER,CYEG,0,1.0000,1.0000,1.30
2024-01-27T12:31:00+00:00,west,noaa-goes18,NIGHT,WINTER,CYEG,0,1.0000,1.0000,1.30
2025-01-23T11:27:00+00:00,west,noaa-goes18,NIGHT,WINTER,CYEG,0,1.0000,1.0000,1.30
2023-06-16T19:04:00+00:00,west,noaa-goes18,DAY,SUMMER,CYEG,0,1.0000,1.0000,1.30
2023-11-26T11:18:00+00:00,west,noaa-goes18,NIGHT,AUTUMN,CYEG,0,1.0000,1.0000,1.30
2024-10-07T05:15:00+00:00,west,noaa-goes18,NIGHT,AUTUMN,CYEG,1,0.0000,0.0000,1.30
2022-10-26T15:53:00+00:00,west,noaa-goes17,DAY,AUTUMN,CYEG,0,1.0000,1.0000,1.30
2021-03-11T04:53:00+00:00,west,noaa-goes17,NIGHT,SPRING,CYEG,1,0.0000,0.0000,1.30
2020-01-12T03:02:00+00:00,west,noaa-goes17,NIGHT,WINTER,CYEG,0,1.0000,1.0000,1.30
2020-08-31T03:51:00+00:00,west,noaa-goes17,NIGHT,SUMMER,CYEG,0,1.0000,1.0000,1.30
2025-10-07T03:02:00+00:00,west,noaa-goes18,NIGHT,AUTUMN,CYEG,0,1.0000,1.0000,1.30
2022-04-28T00:51:00+00:00,west,noaa-goes17,DAY,SPRING,CYEG,1,0.0000,0.0000,1.30
2024-08-16T17:14:00+00:00,west,noaa-goes18,DAY,SUMMER,CYEG,0,1.0000,1.0000,1.30
2023-02-05T02:31:00+00:00,west,noaa-goes18,NIGHT,WINTER,CYEG,1,0.0000,0.0800,1.30
2020-06-23T17:00:00+00:00,west,noaa-goes17,DAY,SUMMER,CYEG,1,0.0000,0.0800,1.30
2025-10-18T03:51:00+00:00,west,noaa-goes18,NIGHT,AUTUMN,CYEG,0,1.0000,1.0000,1.30
2021-08-29T18:01:00+00:00,west,noaa-goes17,DAY,SUMMER,CYEG,1,0.0000,0.0000,1.30
2021-03-19T10:45:00+00:00,west,noaa-goes17,NIGHT,SPRING,CYEG,0,1.0000,1.0000,1.30
2020-09-06T14:05:00+00:00,west,noaa-goes17,DAY,AUTUMN,CYEG,0,1.0000,1.0000,1.30
2022-03-11T16:02:00+00:00,west,noaa-goes17,DAY,SPRING,CYEG,0,1.0000,1.0000,1.30
2024-07-31T14:06:00+00:00,west,noaa-goes18,DAY,SUMMER,CYEG,1,0.0000,0.0000,1.30
2025-12-13T08:31:00+00:00,west,noaa-goes18,NIGHT,WINTER,CYEG,1,0.0000,0.0000,1.30
2023-05-14T06:51:00+00:00,west,noaa-goes18,NIGHT,SPRING,CYEG,0,1.0000,0.9600,1.30
2022-03-16T00:01:00+00:00,west,noaa-goes17,DAY,SPRING,CYEG,0,0.8889,0.8400,1.30
2024-11-17T05:22:00+00:00,west,noaa-goes18,NIGHT,AUTUMN,CYEG,0,1.0000,1.0000,1.30
2024-10-25T19:16:00+00:00,west,noaa-goes18,DAY,AUTUMN,CYEG,1,0.0000,0.0000,1.30
2025-07-25T00:13:00+00:00,west,noaa-goes18,DAY,SUMMER,CYEG,0,1.0000,1.0000,1.30
2021-05-08T17:00:00+00:00,west,noaa-goes17,DAY,SPRING,CYEG,0,1.0000,1.0000,1.30
2023-09-29T06:42:00+00:00,west,noaa-goes18,NIGHT,AUTUMN,CYEG,0,1.0000,1.0000,1.30
2022-03-31T19:25:00+00:00,west,noaa-goes17,DAY,SPRING,CYEG,1,0.0000,0.0000,1.30
2021-10-03T14:59:00+00:00,west,noaa-goes17,DAY,AUTUMN,CYEG,0,1.0000,1.0000,1.30
2024-05-31T13:52:00+00:00,west,noaa-goes18,DAY,SPRING,CYEG,1,0.1111,0.2400,1.30
2020-09-19T16:15:00+00:00,west,noaa-goes17,DAY,AUTUMN,CYEG,0,1.0000,1.0000,1.30
2021-07-20T22:54:00+00:00,west,noaa-goes17,DAY,SUMMER,CYEG,0,1.0000,1.0000,1.30
2025-04-29T00:02:00+00:00,west,noaa-goes18,DAY,SPRING,CYEG,0,1.0000,1.0000,1.30
2021-04-22T01:28:00+00:00,west,noaa-goes17,DAY,SPRING,CYEG,0,1.0000,1.0000,1.30
2025-06-12T21:29:00+00:00,west,noaa-goes18,DAY,SUMMER,CYEG,0,1.0000,1.0000,1.30
2021-05-24T08:02:00+00:00,west,noaa-goes17,NIGHT,SPRING,CYEG,0,1.0000,1.0000,1.30
2020-03-21T23:41:00+00:00,west,noaa-goes17,DAY,SPRING,CYEG,0,0.6667,0.6000,1.30
2022-12-11T18:15:00+00:00,west,noaa-goes17,DAY,WINTER,CYEG,1,0.0000,0.0000,1.30
2020-10-05T22:36:00+00:00,west,noaa-goes17,DAY,AUTUMN,CYEG,0,1.0000,1.0000,1.30
2023-01-09T18:00:00+00:00,west,noaa-goes18,DAY,WINTER,CYEG,1,0.0000,0.0000,1.30
2023-07-14T07:42:00+00:00,west,noaa-goes18,NIGHT,SUMMER,CYEG,1,0.0000,0.0000,1.30
2020-09-26T10:50:00+00:00,west,noaa-goes17,NIGHT,AUTUMN,CYEG,0,0.6667,0.6400,1.30
2021-12-06T01:16:00+00:00,west,noaa-goes17,NIGHT,WINTER,CYEG,1,0.0000,0.0000,1.30
2025-08-17T01:51:00+00:00,west,noaa-goes18,DAY,SUMMER,CYEG,1,0.0000,0.0000,1.30
2023-05-04T20:53:00+00:00,west,noaa-goes18,DAY,SPRING,CYEG,1,0.0000,0.0000,1.30
2025-07-28T12:50:00+00:00,west,noaa-goes18,DAY,SUMMER,CYEG,1,0.0000,0.1600,1.30
2022-07-05T20:04:00+00:00,west,noaa-goes17,DAY,SUMMER,CYEG,0,1.0000,1.0000,1.30
2022-03-24T14:37:00+00:00,west,noaa-goes17,DAY,SPRING,CYEG,1,0.0000,0.0000,1.30
2024-12-03T21:07:00+00:00,west,noaa-goes18,DAY,WINTER,CYEG,1,0.3333,0.2800,1.30
2022-06-04T15:18:00+00:00,west,noaa-goes17,DAY,SUMMER,CYEG,0,1.0000,1.0000,1.30
2020-07-20T15:30:00+00:00,west,noaa-goes17,DAY,SUMMER,CYEG,1,0.0000,0.0000,1.30
2022-12-26T07:14:00+00:00,west,noaa-goes17,NIGHT,WINTER,CYEG,0,1.0000,1.0000,1.30
2021-12-14T10:27:00+00:00,west,noaa-goes17,NIGHT,WINTER,CYEG,0,1.0000,1.0000,1.30
2022-01-19T06:47:00+00:00,west,noaa-goes17,NIGHT,WINTER,CYEG,1,0.0000,0.0800,1.30
2025-10-12T21:37:00+00:00,west,noaa-goes18,DAY,AUTUMN,CYEG,0,1.0000,1.0000,1.30
2023-03-30T18:36:00+00:00,west,noaa-goes18,DAY,SPRING,CYEG,0,0.7778,0.6400,1.30
2021-04-11T19:28:00+00:00,west,noaa-goes17,DAY,SPRING,CYEG,0,1.0000,1.0000,1.30
2020-03-01T02:45:00+00:00,west,noaa-goes17,NIGHT,SPRING,CYEG,0,1.0000,1.0000,1.30
2022-12-17T05:56:00+00:00,west,noaa-goes17,NIGHT,WINTER,CYEG,0,1.0000,1.0000,1.30
2024-10-30T21:08:00+00:00,west,noaa-goes18,DAY,AUTUMN,CYEG,1,0.0000,0.0000,1.30
2020-07-27T16:29:00+00:00,west,noaa-goes17,DAY,SUMMER,CYEG,1,0.0000,0.0000,1.30
2021-12-03T03:05:00+00:00,west,noaa-goes17,NIGHT,WINTER,CYEG,1,0.0000,0.0000,1.30
2024-08-09T01:53:00+00:00,west,noaa-goes18,DAY,SUMMER,CYEG,1,0.0000,0.0000,1.30
2021-10-10T21:42:00+00:00,west,noaa-goes17,DAY,AUTUMN,CYEG,0,1.0000,1.0000,1.30
2020-04-22T20:51:00+00:00,west,noaa-goes17,DAY,SPRING,CYEG,0,1.0000,1.0000,1.30
2022-11-28T03:54:00+00:00,west,noaa-goes17,NIGHT,AUTUMN,CYEG,0,1.0000,1.0000,1.30
2020-12-08T07:23:00+00:00,west,noaa-goes17,NIGHT,WINTER,CYEG,0,1.0000,1.0000,1.30
2025-10-02T19:32:00+00:00,west,noaa-goes18,DAY,AUTUMN,CYEG,1,0.0000,0.0000,1.30
2025-01-11T04:57:00+00:00,west,noaa-goes18,NIGHT,WINTER,CYEG,0,1.0000,1.0000,1.30
2020-04-01T23:53:00+00:00,west,noaa-goes17,DAY,SPRING,CYEG,0,1.0000,0.9200,1.30
2025-08-24T20:37:00+00:00,west,noaa-goes18,DAY,SUMMER,CYEG,1,0.0000,0.0000,1.30
2023-04-01T21:32:00+00:00,west,noaa-goes18,DAY,SPRING,CYEG,0,1.0000,1.0000,1.30
2024-06-22T08:19:00+00:00,west,noaa-goes18,NIGHT,SUMMER,CYEG,1,0.0000,0.0000,1.30
2025-12-31T04:10:00+00:00,west,noaa-goes18,NIGHT,WINTER,CYEG,0,1.0000,1.0000,1.30
2021-05-07T14:56:00+00:00,west,noaa-goes17,DAY,SPRING,CYEG,0,1.0000,1.0000,1.30
2022-08-12T18:28:00+00:00,west,noaa-goes17,DAY,SUMMER,CYEG,1,0.0000,0.0400,1.30
2025-09-07T11:28:00+00:00,west,noaa-goes18,NIGHT,AUTUMN,CYEG,0,0.6667,0.7200,1.30
2020-02-17T17:11:00+00:00,west,noaa-goes17,DAY,WINTER,CYEG,0,1.0000,1.0000,1.30
2020-09-09T00:16:00+00:00,west,noaa-goes17,DAY,AUTUMN,CYEG,1,0.0000,0.0000,1.30
2020-07-10T13:30:00+00:00,west,noaa-goes17,DAY,SUMMER,CYEG,1,0.0000,0.0000,1.30
2021-01-18T05:53:00+00:00,west,noaa-goes17,NIGHT,WINTER,CYEG,0,1.0000,1.0000,1.30
2022-02-12T12:36:00+00:00,west,noaa-goes17,NIGHT,WINTER,CYEG,0,1.0000,1.0000,1.30
2020-12-14T09:38:00+00:00,west,noaa-goes17,NIGHT,WINTER,CYEG,0,0.3333,0.2000,1.30
2024-07-09T02:48:00+00:00,west,noaa-goes18,DAY,SUMMER,CYEG,1,0.0000,0.0000,1.30
2020-12-10T05:32:00+00:00,west,noaa-goes17,NIGHT,WINTER,CYEG,0,1.0000,1.0000,1.30
2025-08-08T21:52:00+00:00,west,noaa-goes18,DAY,SUMMER,CYEG,0,0.7778,0.8400,1.30
2023-01-12T05:38:00+00:00,west,noaa-goes18,NIGHT,WINTER,CYEG,0,1.0000,1.0000,1.30
2024-09-30T17:57:00+00:00,west,noaa-goes18,DAY,AUTUMN,CYEG,1,0.0000,0.0000,1.30
2025-08-29T04:29:00+00:00,west,noaa-goes18,NIGHT,SUMMER,CYEG,1,0.0000,0.0400,1.30
2024-05-25T18:42:00+00:00,west,noaa-goes18,DAY,SPRING,CYEG,0,0.7778,0.5200,1.30
2025-05-08T21:40:00+00:00,west,noaa-goes18,DAY,SPRING,CYEG,0,1.0000,1.0000,1.30
2020-07-23T08:02:00+00:00,west,noaa-goes17,NIGHT,SUMMER,CYEG,0,1.0000,1.0000,1.30
2023-12-23T07:45:00+00:00,west,noaa-goes18,NIGHT,WINTER,CYEG,0,1.0000,1.0000,1.30
2020-12-28T18:27:00+00:00,west,noaa-goes17,DAY,WINTER,CYEG,0,1.0000,1.0000,1.30
2021-04-05T11:27:00+00:00,west,noaa-goes17,NIGHT,SPRING,CYEG,1,0.0000,0.0000,1.30
2020-06-29T15:57:00+00:00,west,noaa-goes17,DAY,SUMMER,CYEG,0,1.0000,1.0000,1.30
2022-10-13T05:31:00+00:00,west,noaa-goes17,NIGHT,AUTUMN,CYEG,1,0.0000,0.0000,1.30
2023-03-09T21:57:00+00:00,west,noaa-goes18,DAY,SPRING,CYEG,1,0.0000,0.0000,1.30
2024-03-25T11:06:00+00:00,west,noaa-goes18,NIGHT,SPRING,CYEG,1,0.1111,0.4000,1.30
2025-02-28T18:51:00+00:00,west,noaa-goes18,DAY,WINTER,CYEG,1,0.0000,0.0000,1.30
2020-07-04T19:59:00+00:00,west,noaa-goes17,DAY,SUMMER,CYEG,1,0.7778,0.6400,1.30
2024-09-23T22:40:00+00:00,west,noaa-goes18,DAY,AUTUMN,CYEG,0,1.0000,1.0000,1.30
2023-03-05T19:24:00+00:00,west,noaa-goes18,DAY,SPRING,CYEG,1,0.3333,0.3600,1.30
2024-04-20T17:15:00+00:00,west,noaa-goes18,DAY,SPRING,CYEG,1,0.0000,0.0000,1.30
2022-12-20T19:27:00+00:00,west,noaa-goes17,DAY,WINTER,CYEG,0,0.4444,0.4800,1.30
2025-09-26T09:09:00+00:00,west,noaa-goes18,NIGHT,AUTUMN,CYEG,0,1.0000,1.0000,1.30
2021-09-18T17:21:00+00:00,west,noaa-goes17,DAY,AUTUMN,CYEG,0,1.0000,1.0000,1.30
2021-02-22T12:09:00+00:00,west,noaa-goes17,NIGHT,WINTER,CYEG,0,1.0000,1.0000,1.30
2022-09-22T20:26:00+00:00,west,noaa-goes17,DAY,AUTUMN,CYEG,1,0.0000,0.0000,1.30
2023-02-01T17:34:00+00:00,west,noaa-goes18,DAY,WINTER,CYEG,0,1.0000,1.0000,1.30
2021-05-27T00:32:00+00:00,west,noaa-goes17,DAY,SPRING,CYEG,0,1.0000,1.0000,1.30
2022-06-28T08:34:00+00:00,west,noaa-goes17,NIGHT,SUMMER,CYEG,0,1.0000,1.0000,1.30
2024-06-26T17:44:00+00:00,west,noaa-goes18,DAY,SUMMER,CYEG,0,1.0000,1.0000,1.30
2025-08-17T07:39:00+00:00,west,noaa-goes18,NIGHT,SUMMER,CYEG,0,1.0000,1.0000,1.30
2020-06-17T13:08:00+00:00,west,noaa-goes17,DAY,SUMMER,CYEG,0,1.0000,1.0000,1.30
2022-11-24T12:30:00+00:00,west,noaa-goes17,NIGHT,AUTUMN,CYEG,0,1.0000,1.0000,1.30
2021-09-11T16:28:00+00:00,west,noaa-goes17,DAY,AUTUMN,CYEG,0,1.0000,0.8800,1.30
2021-04-07T18:57:00+00:00,west,noaa-goes17,DAY,SPRING,CYEG,0,1.0000,1.0000,1.30
2022-10-13T11:42:00+00:00,west,noaa-goes17,NIGHT,AUTUMN,CYEG,0,0.6667,0.6400,1.30
2022-05-23T15:46:00+00:00,west,noaa-goes17,DAY,SPRING,CYEG,1,0.0000,0.0000,1.30
2024-07-27T00:21:00+00:00,west,noaa-goes18,DAY,SUMMER,CYEG,0,1.0000,1.0000,1.30
2025-09-24T03:25:00+00:00,west,noaa-goes18,NIGHT,AUTUMN,CYEG,1,0.0000,0.0000,1.30
2023-09-23T22:01:00+00:00,west,noaa-goes18,DAY,AUTUMN,CYEG,0,1.0000,1.0000,1.30
2023-02-14T09:31:00+00:00,west,noaa-goes18,NIGHT,WINTER,CYEG,0,0.8889,0.7200,1.30
2021-02-02T13:20:00+00:00,west,noaa-goes17,NIGHT,WINTER,CYEG,0,1.0000,1.0000,1.30
2020-05-09T06:44:00+00:00,west,noaa-goes17,NIGHT,SPRING,CYEG,1,0.0000,0.0000,1.30
2023-03-30T08:01:00+00:00,west,noaa-goes18,NIGHT,SPRING,CYEG,0,1.0000,1.0000,1.30
2020-09-15T15:48:00+00:00,west,noaa-goes17,DAY,AUTUMN,CYEG,0,1.0000,1.0000,1.30
2025-06-06T23:04:00+00:00,west,noaa-goes18,DAY,SUMMER,CYEG,0,1.0000,1.0000,1.30
2025-10-13T04:44:00+00:00,west,noaa-goes18,NIGHT,AUTUMN,CYEG,0,1.0000,1.0000,1.30
2022-11-25T19:34:00+00:00,west,noaa-goes17,DAY,AUTUMN,CYEG,0,1.0000,1.0000,1.30
2020-06-20T17:34:00+00:00,west,noaa-goes17,DAY,SUMMER,CYEG,1,0.0000,0.0000,1.30
2020-01-12T12:29:00+00:00,west,noaa-goes17,NIGHT,WINTER,CYEG,1,0.0000,0.1200,1.30
2024-08-21T16:54:00+00:00,west,noaa-goes18,DAY,SUMMER,CYEG,0,1.0000,1.0000,1.30
2021-03-04T07:53:00+00:00,west,noaa-goes17,NIGHT,SPRING,CYEG,0,1.0000,1.0000,1.30
2023-08-30T19:11:00+00:00,west,noaa-goes18,DAY,SUMMER,CYEG,0,1.0000,1.0000,1.30
2024-06-03T20:24:00+00:00,west,noaa-goes18,DAY,SUMMER,CYEG,0,1.0000,1.0000,1.30
2022-12-21T17:27:00+00:00,west,noaa-goes17,DAY,WINTER,CYEG,1,0.6667,0.5200,1.30
2022-10-16T22:37:00+00:00,west,noaa-goes17,DAY,AUTUMN,CYEG,1,0.0000,0.0000,1.30
2024-06-09T22:39:00+00:00,west,noaa-goes18,DAY,SUMMER,CYEG,0,1.0000,1.0000,1.30
2024-12-08T09:59:00+00:00,west,noaa-goes18,NIGHT,WINTER,CYEG,0,1.0000,1.0000,1.30
2023-07-03T22:57:00+00:00,west,noaa-goes18,DAY,SUMMER,CYEG,0,1.0000,1.0000,1.30
2021-01-04T10:21:00+00:00,west,noaa-goes17,NIGHT,WINTER,CYEG,1,0.0000,0.0000,1.30
2022-12-05T10:51:00+00:00,west,noaa-goes17,NIGHT,WINTER,CYEG,1,0.1111,0.0800,1.30
2021-07-06T23:38:00+00:00,west,noaa-goes17,DAY,SUMMER,CYEG,0,1.0000,1.0000,1.30
2022-01-09T01:54:00+00:00,west,noaa-goes17,NIGHT,WINTER,CYEG,1,0.0000,0.0400,1.30
2024-04-11T22:02:00+00:00,west,noaa-goes18,DAY,SPRING,CYEG,0,1.0000,1.0000,1.30
2023-12-09T03:04:00+00:00,west,noaa-goes18,NIGHT,WINTER,CYEG,1,0.0000,0.0000,1.30
2020-09-10T07:53:00+00:00,west,noaa-goes17,NIGHT,AUTUMN,CYEG,0,1.0000,0.9600,1.30
2024-06-05T06:26:00+00:00,west,noaa-goes18,NIGHT,SUMMER,CYEG,0,0.8889,0.7600,1.30
2023-07-11T07:26:00+00:00,west,noaa-goes18,NIGHT,SUMMER,CYEG,0,1.0000,1.0000,1.30
2022-11-30T10:23:00+00:00,west,noaa-goes17,NIGHT,AUTUMN,CYEG,0,1.0000,1.0000,1.30
2025-12-12T18:16:00+00:00,west,noaa-goes18,DAY,WINTER,CYEG,0,1.0000,1.0000,1.30
2022-01-02T01:18:00+00:00,west,noaa-goes17,NIGHT,WINTER,CYEG,0,1.0000,1.0000,1.30
2024-11-16T13:31:00+00:00,west,noaa-goes18,NIGHT,AUTUMN,CYEG,1,0.2222,0.4000,1.30
2024-08-08T01:20:00+00:00,west,noaa-goes18,DAY,SUMMER,CYEG,0,0.5556,0.5200,1.30
2024-11-20T08:10:00+00:00,west,noaa-goes18,NIGHT,AUTUMN,CYEG,0,1.0000,1.0000,1.30
2024-10-01T11:31:00+00:00,west,noaa-goes18,NIGHT,AUTUMN,CYEG,0,1.0000,1.0000,1.30
2024-12-19T10:34:00+00:00,west,noaa-goes18,NIGHT,WINTER,CYEG,1,0.3333,0.3600,1.30
2020-04-29T18:28:00+00:00,west,noaa-goes17,DAY,SPRING,CYEG,0,1.0000,1.0000,1.30
2022-02-26T16:51:00+00:00,west,noaa-goes17,DAY,WINTER,CYEG,0,1.0000,1.0000,1.30
2020-04-28T13:08:00+00:00,west,noaa-goes17,DAY,SPRING,CYEG,0,1.0000,1.0000,1.30
2022-09-20T11:16:00+00:00,west,noaa-goes17,NIGHT,AUTUMN,CYEG,0,1.0000,1.0000,1.30
2024-07-14T12:50:00+00:00,west,noaa-goes18,DAY,SUMMER,CYEG,0,1.0000,1.0000,1.30
2021-06-19T20:11:00+00:00,west,noaa-goes17,DAY,SUMMER,CYEG,0,1.0000,1.0000,1.30
2024-09-11T10:44:00+00:00,west,noaa-goes18,NIGHT,AUTUMN,CYEG,0,1.0000,1.0000,1.30
2023-03-30T01:06:00+00:00,west,noaa-goes18,DAY,SPRING,CYEG,0,1.0000,1.0000,1.30
2024-06-12T20:21:00+00:00,west,noaa-goes18,DAY,SUMMER,CYEG,0,1.0000,1.0000,1.30
2023-11-22T07:59:00+00:00,west,noaa-goes18,NIGHT,AUTUMN,CYEG,0,1.0000,1.0000,1.30
2020-08-07T00:44:00+00:00,west,noaa-goes17,DAY,SUMMER,CYEG,0,1.0000,1.0000,1.30
2024-10-08T05:54:00+00:00,west,noaa-goes18,NIGHT,AUTUMN,CYEG,1,0.0000,0.0000,1.30
2022-02-03T03:11:00+00:00,west,noaa-goes17,NIGHT,WINTER,CYEG,0,1.0000,1.0000,1.30
2021-09-15T09:11:00+00:00,west,noaa-goes17,NIGHT,AUTUMN,CYEG,0,1.0000,1.0000,1.30
2025-01-25T13:56:00+00:00,west,noaa-goes18,NIGHT,WINTER,CYEG,1,0.0000,0.0000,1.30
2025-05-13T22:42:00+00:00,west,noaa-goes18,DAY,SPRING,CYEG,0,1.0000,1.0000,1.30
2025-04-25T09:25:00+00:00,west,noaa-goes18,NIGHT,SPRING,CYEG,1,0.0000,0.1600,1.30
2020-10-02T12:01:00+00:00,west,noaa-goes17,NIGHT,AUTUMN,CYEG,1,0.7778,0.4000,1.30
2023-02-24T22:06:00+00:00,west,noaa-goes18,DAY,WINTER,CYEG,1,0.0000,0.0000,1.30
2021-01-13T11:58:00+00:00,west,noaa-goes17,NIGHT,WINTER,CYEG,0,1.0000,1.0000,1.30
2025-08-23T08:34:00+00:00,west,noaa-goes18,NIGHT,SUMMER,CYEG,1,0.1111,0.0400,1.30
2025-10-18T20:24:00+00:00,west,noaa-goes18,DAY,AUTUMN,CYEG,1,0.0000,0.0000,1.30
2020-09-02T00:48:00+00:00,west,noaa-goes17,DAY,AUTUMN,CYEG,1,0.0000,0.0000,1.30
2020-03-02T03:30:00+00:00,west,noaa-goes17,NIGHT,SPRING,CYEG,0,1.0000,1.0000,1.30
2025-10-15T12:30:00+00:00,west,noaa-goes18,NIGHT,AUTUMN,CYEG,1,0.0000,0.0000,1.30
2025-07-18T17:08:00+00:00,west,noaa-goes18,DAY,SUMMER,CYEG,1,0.0000,0.0000,1.30
2020-02-25T08:28:00+00:00,west,noaa-goes17,NIGHT,WINTER,CYEG,0,1.0000,1.0000,1.30
2021-07-06T22:26:00+00:00,west,noaa-goes17,DAY,SUMMER,CYEG,0,1.0000,1.0000,1.30
2022-12-13T05:40:00+00:00,west,noaa-goes17,NIGHT,WINTER,CYEG,1,0.1111,0.1600,1.30
2021-03-30T05:03:00+00:00,west,noaa-goes17,NIGHT,SPRING,CYEG,1,0.0000,0.0000,1.30
2022-04-15T16:16:00+00:00,west,noaa-goes17,DAY,SPRING,CYEG,0,1.0000,1.0000,1.30
2022-07-26T23:48:00+00:00,west,noaa-goes17,DAY,SUMMER,CYEG,1,0.0000,0.0400,1.30
2024-10-27T11:44:00+00:00,west,noaa-goes18,NIGHT,AUTUMN,CYEG,0,1.0000,1.0000,1.30
2024-04-29T17:03:00+00:00,west,noaa-goes18,DAY,SPRING,CYEG,0,1.0000,1.0000,1.30
2025-03-04T17:22:00+00:00,west,noaa-goes18,DAY,SPRING,CYEG,1,0.0000,0.0000,1.30
2021-11-22T11:16:00+00:00,west,noaa-goes17,NIGHT,AUTUMN,CYEG,0,1.0000,1.0000,1.30
2025-10-06T05:19:00+00:00,west,noaa-goes18,NIGHT,AUTUMN,CYEG,0,1.0000,0.9600,1.30
2022-08-10T16:20:00+00:00,west,noaa-goes17,DAY,SUMMER,CYEG,0,0.7778,0.8400,1.30
2023-01-04T01:02:00+00:00,west,noaa-goes18,NIGHT,WINTER,CYEG,1,0.0000,0.0400,1.30
2024-10-24T08:19:00+00:00,west,noaa-goes18,NIGHT,AUTUMN,CYEG,0,1.0000,1.0000,1.30
2024-02-13T09:41:00+00:00,west,noaa-goes18,NIGHT,WINTER,CYEG,0,1.0000,1.0000,1.30
2025-03-28T10:47:00+00:00,west,noaa-goes18,NIGHT,SPRING,CYEG,0,1.0000,1.0000,1.30
2020-11-10T03:08:00+00:00,west,noaa-goes17,NIGHT,AUTUMN,CYEG,1,0.6667,0.7600,1.30
2022-03-03T04:59:00+00:00,west,noaa-goes17,NIGHT,SPRING,CYEG,0,1.0000,1.0000,1.30
2025-01-06T09:49:00+00:00,west,noaa-goes18,NIGHT,WINTER,CYEG,1,0.1111,0.0400,1.30
2025-07-05T21:39:00+00:00,west,noaa-goes18,DAY,SUMMER,CYEG,0,1.0000,1.0000,1.30
2023-04-17T20:41:00+00:00,west,noaa-goes18,DAY,SPRING,CYEG,0,1.0000,1.0000,1.30
2020-05-05T06:55:00+00:00,west,noaa-goes17,NIGHT,SPRING,CYEG,1,0.0000,0.2000,1.30
2024-04-03T21:10:00+00:00,west,noaa-goes18,DAY,SPRING,CYEG,1,0.0000,0.0000,1.30
2020-10-25T15:22:00+00:00,west,noaa-goes17,DAY,AUTUMN,CYEG,0,0.4444,0.4800,1.30
2020-02-21T20:34:00+00:00,west,noaa-goes17,DAY,WINTER,CYEG,0,1.0000,1.0000,1.30
2024-05-04T07:52:00+00:00,west,noaa-goes18,NIGHT,SPRING,CYEG,0,0.7778,0.7200,1.30
2020-06-19T08:21:00+00:00,west,noaa-goes17,NIGHT,SUMMER,CYEG,1,0.0000,0.0800,1.30
2025-08-22T04:17:00+00:00,west,noaa-goes18,NIGHT,SUMMER,CYEG,0,1.0000,1.0000,1.30
2022-07-29T09:00:00+00:00,west,noaa-goes17,NIGHT,SUMMER,CYEG,0,0.8889,0.7200,1.30
2020-05-26T22:50:00+00:00,west,noaa-goes17,DAY,SPRING,CYEG,0,1.0000,1.0000,1.30
2021-03-01T16:04:00+00:00,west,noaa-goes17,DAY,SPRING,CYEG,0,1.0000,1.0000,1.30
2024-06-11T14:30:00+00:00,west,noaa-goes18,DAY,SUMMER,CYEG,1,0.0000,0.0000,1.30
2021-12-06T08:16:00+00:00,west,noaa-goes17,NIGHT,WINTER,CYEG,0,1.0000,1.0000,1.30
2022-12-07T08:27:00+00:00,west,noaa-goes17,NIGHT,WINTER,CYEG,0,0.2222,0.3200,1.30
2020-08-07T17:13:00+00:00,west,noaa-goes17,DAY,SUMMER,CYEG,0,1.0000,1.0000,1.30
2025-12-31T11:44:00+00:00,west,noaa-goes18,NIGHT,WINTER,CYEG,0,1.0000,1.0000,1.30
2020-09-27T15:38:00+00:00,west,noaa-goes17,DAY,AUTUMN,CYEG,0,1.0000,0.8400,1.30
2022-06-09T14:45:00+00:00,west,noaa-goes17,DAY,SUMMER,CYEG,1,0.0000,0.0000,1.30
2021-03-14T00:41:00+00:00,west,noaa-goes17,DAY,SPRING,CYEG,0,1.0000,1.0000,1.30
2023-08-05T07:41:00+00:00,west,noaa-goes18,NIGHT,SUMMER,CYEG,0,1.0000,1.0000,1.30
2025-02-12T16:32:00+00:00,west,noaa-goes18,DAY,WINTER,CYEG,1,0.0000,0.0000,1.30
2022-11-12T17:47:00+00:00,west,noaa-goes17,DAY,AUTUMN,CYEG,0,1.0000,1.0000,1.30
2024-04-30T19:36:00+00:00,west,noaa-goes18,DAY,SPRING,CYEG,0,1.0000,1.0000,1.30
2024-10-09T18:33:00+00:00,west,noaa-goes18,DAY,AUTUMN,CYEG,0,1.0000,1.0000,1.30
2025-10-08T04:56:00+00:00,west,noaa-goes18,NIGHT,AUTUMN,CYEG,0,1.0000,1.0000,1.30
2025-05-25T18:44:00+00:00,west,noaa-goes18,DAY,SPRING,CYEG,1,0.0000,0.1200,1.30
2021-06-28T15:06:00+00:00,west,noaa-goes17,DAY,SUMMER,CYEG,1,0.0000,0.0000,1.30
2021-07-17T08:24:00+00:00,west,noaa-goes17,NIGHT,SUMMER,CYEG,0,1.0000,0.9600,1.30
2022-08-10T01:51:00+00:00,west,noaa-goes17,DAY,SUMMER,CYEG,0,1.0000,1.0000,1.30
2024-04-10T22:16:00+00:00,west,noaa-goes18,DAY,SPRING,CYEG,0,0.7778,0.6400,1.30
2021-12-17T08:08:00+00:00,west,noaa-goes17,NIGHT,WINTER,CYEG,1,0.0000,0.0400,1.30
2022-04-14T17:41:00+00:00,west,noaa-goes17,DAY,SPRING,CYEG,0,1.0000,1.0000,1.30
2022-07-16T18:28:00+00:00,west,noaa-goes17,DAY,SUMMER,CYEG,1,0.0000,0.0000,1.30
2021-10-28T16:15:00+00:00,west,noaa-goes17,DAY,AUTUMN,CYEG,0,1.0000,1.0000,1.30
2022-09-02T18:50:00+00:00,west,noaa-goes17,DAY,AUTUMN,CYEG,1,0.0000,0.0000,1.30
2021-02-26T04:07:00+00:00,west,noaa-goes17,NIGHT,WINTER,CYEG,0,1.0000,1.0000,1.30
2025-08-09T00:25:00+00:00,west,noaa-goes18,DAY,SUMMER,CYEG,0,0.7778,0.5600,1.30
2021-10-05T18:13:00+00:00,west,noaa-goes17,DAY,AUTUMN,CYEG,0,1.0000,1.0000,1.30
2021-12-07T16:55:00+00:00,west,noaa-goes17,DAY,WINTER,CYEG,0,1.0000,1.0000,1.30
2021-05-11T01:52:00+00:00,west,noaa-goes17,DAY,SPRING,CYEG,0,0.8889,0.9200,1.30
2021-04-24T00:11:00+00:00,west,noaa-goes17,DAY,SPRING,CYEG,0,0.8889,0.9600,1.30
2022-07-31T05:56:00+00:00,west,noaa-goes17,NIGHT,SUMMER,CYEG,0,1.0000,0.8000,1.30
2024-11-12T12:07:00+00:00,west,noaa-goes18,NIGHT,AUTUMN,CYEG,1,0.0000,0.0000,1.30
2020-07-04T00:32:00+00:00,west,noaa-goes17,DAY,SUMMER,CYEG,0,0.8889,0.9600,1.30
2025-05-23T22:24:00+00:00,west,noaa-goes18,DAY,SPRING,CYEG,0,1.0000,1.0000,1.30
2021-05-13T00:35:00+00:00,west,noaa-goes17,DAY,SPRING,CYEG,0,1.0000,1.0000,1.30
2020-12-08T09:12:00+00:00,west,noaa-goes17,NIGHT,WINTER,CYEG,0,1.0000,1.0000,1.30
2024-03-06T12:50:00+00:00,west,noaa-goes18,NIGHT,SPRING,CYEG,1,0.0000,0.0000,1.30
2021-01-15T09:03:00+00:00,west,noaa-goes17,NIGHT,WINTER,CYEG,0,1.0000,1.0000,1.30
2022-08-21T17:18:00+00:00,west,noaa-goes17,DAY,SUMMER,CYEG,0,1.0000,1.0000,1.30
2023-07-31T20:15:00+00:00,west,noaa-goes18,DAY,SUMMER,CYEG,1,0.0000,0.0000,1.30
2020-12-14T18:32:00+00:00,west,noaa-goes17,DAY,WINTER,CYEG,0,1.0000,1.0000,1.30
2020-07-13T15:17:00+00:00,west,noaa-goes17,DAY,SUMMER,CYEG,0,1.0000,1.0000,1.30
2024-09-20T17:41:00+00:00,west,noaa-goes18,DAY,AUTUMN,CYEG,0,1.0000,1.0000,1.30
2021-07-20T06:20:00+00:00,west,noaa-goes17,NIGHT,SUMMER,CYEG,0,1.0000,1.0000,1.30
2023-06-21T13:55:00+00:00,west,noaa-goes18,DAY,SUMMER,CYEG,0,1.0000,1.0000,1.30
2023-07-19T21:50:00+00:00,west,noaa-goes18,DAY,SUMMER,CYEG,1,0.0000,0.0000,1.30
2022-03-24T23:49:00+00:00,west,noaa-goes17,DAY,SPRING,CYEG,1,0.3333,0.4000,1.30
2020-03-10T14:53:00+00:00,west,noaa-goes17,DAY,SPRING,CYEG,0,1.0000,1.0000,1.30
2024-02-24T08:21:00+00:00,west,noaa-goes18,NIGHT,WINTER,CYEG,0,1.0000,1.0000,1.30
2024-04-02T14:53:00+00:00,west,noaa-goes18,DAY,SPRING,CYEG,0,1.0000,1.0000,1.30
2020-11-01T10:01:00+00:00,west,noaa-goes17,NIGHT,AUTUMN,CYEG,0,0.8889,0.8800,1.30
2020-07-07T13:27:00+00:00,west,noaa-goes17,DAY,SUMMER,CYEG,0,1.0000,1.0000,1.30
2024-05-16T13:17:00+00:00,west,noaa-goes18,DAY,SPRING,CYEG,0,1.0000,1.0000,1.30
2021-01-11T02:00:00+00:00,west,noaa-goes17,NIGHT,WINTER,CYEG,1,0.0000,0.0000,1.30
2020-12-20T22:05:00+00:00,west,noaa-goes17,DAY,WINTER,CYEG,0,0.7778,0.7200,1.30
2022-07-09T09:00:00+00:00,west,noaa-goes17,NIGHT,SUMMER,CYEG,0,1.0000,1.0000,1.30
2025-01-04T17:20:00+00:00,west,noaa-goes18,DAY,WINTER,CYEG,0,1.0000,1.0000,1.30
2021-02-15T12:39:00+00:00,west,noaa-goes17,NIGHT,WINTER,CYEG,0,1.0000,1.0000,1.30
2023-01-06T19:30:00+00:00,west,noaa-goes18,DAY,WINTER,CYEG,1,0.0000,0.0000,1.30
2020-06-20T16:39:00+00:00,west,noaa-goes17,DAY,SUMMER,CYEG,1,0.0000,0.0000,1.30
2020-03-02T11:49:00+00:00,west,noaa-goes17,NIGHT,SPRING,CYEG,0,1.0000,1.0000,1.30
2022-08-16T17:27:00+00:00,west,noaa-goes17,DAY,SUMMER,CYEG,0,1.0000,1.0000,1.30
2025-10-31T20:36:00+00:00,west,noaa-goes18,DAY,AUTUMN,CYEG,0,1.0000,1.0000,1.30
2021-04-29T15:33:00+00:00,west,noaa-goes17,DAY,SPRING,CYEG,0,1.0000,1.0000,1.30
2025-06-10T19:04:00+00:00,west,noaa-goes18,DAY,SUMMER,CYEG,1,0.0000,0.0000,1.30
2024-10-22T05:23:00+00:00,west,noaa-goes18,NIGHT,AUTUMN,CYEG,0,1.0000,1.0000,1.30
2025-01-31T02:36:00+00:00,west,noaa-goes18,NIGHT,WINTER,CYEG,0,1.0000,1.0000,1.30
2025-02-04T12:01:00+00:00,west,noaa-goes18,NIGHT,WINTER,CYEG,0,1.0000,1.0000,1.30
2020-12-22T04:27:00+00:00,west,noaa-goes17,NIGHT,WINTER,CYEG,0,1.0000,1.0000,1.30
2022-02-04T12:00:00+00:00,west,noaa-goes17,NIGHT,WINTER,CYEG,0,1.0000,1.0000,1.30
2023-05-24T02:35:00+00:00,west,noaa-goes18,DAY,SPRING,CYEG,1,0.5556,0.7600,1.30
2020-01-24T18:23:00+00:00,west,noaa-goes17,DAY,WINTER,CYEG,0,1.0000,1.0000,1.30
2021-07-24T02:50:00+00:00,west,noaa-goes17,DAY,SUMMER,CYEG,1,0.3333,0.4400,1.30
2025-03-03T11:21:00+00:00,west,noaa-goes18,NIGHT,SPRING,CYEG,0,1.0000,1.0000,1.30
2025-09-21T10:07:00+00:00,west,noaa-goes18,NIGHT,AUTUMN,CYEG,1,0.0000,0.0400,1.30
2025-03-01T15:29:00+00:00,west,noaa-goes18,DAY,SPRING,CYEG,0,1.0000,1.0000,1.30
2023-04-06T22:05:00+00:00,west,noaa-goes18,DAY,SPRING,CYEG,1,0.0000,0.0000,1.30
2021-07-19T15:18:00+00:00,west,noaa-goes17,DAY,SUMMER,CYEG,0,1.0000,1.0000,1.30
2024-04-26T19:11:00+00:00,west,noaa-goes18,DAY,SPRING,CYEG,0,1.0000,1.0000,1.30
2020-11-01T03:34:00+00:00,west,noaa-goes17,NIGHT,AUTUMN,CYEG,1,0.1111,0.2400,1.30
2022-12-26T05:10:00+00:00,west,noaa-goes17,NIGHT,WINTER,CYEG,0,1.0000,1.0000,1.30
2021-07-31T19:30:00+00:00,west,noaa-goes17,DAY,SUMMER,CYEG,1,0.0000,0.0400,1.30
2023-10-01T16:37:00+00:00,west,noaa-goes18,DAY,AUTUMN,CYEG,0,1.0000,1.0000,1.30
2024-02-09T08:58:00+00:00,west,noaa-goes18,NIGHT,WINTER,CYEG,0,1.0000,0.9200,1.30
2023-11-20T21:18:00+00:00,west,noaa-goes18,DAY,AUTUMN,CYEG,0,0.8889,0.6800,1.30
2024-03-07T15:53:00+00:00,west,noaa-goes18,DAY,SPRING,CYEG,1,0.0000,0.0000,1.30
2025-09-02T04:00:00+00:00,west,noaa-goes18,NIGHT,AUTUMN,CYEG,0,1.0000,1.0000,1.30
2024-02-12T15:53:00+00:00,west,noaa-goes18,DAY,WINTER,CYEG,0,1.0000,1.0000,1.30
2020-03-14T23:03:00+00:00,west,noaa-goes17,DAY,SPRING,CYEG,0,1.0000,1.0000,1.30
2020-09-16T20:25:00+00:00,west,noaa-goes17,DAY,AUTUMN,CYEG,1,0.0000,0.0000,1.30
2022-06-18T22:57:00+00:00,west,noaa-goes17,DAY,SUMMER,CYEG,1,0.3333,0.3600,1.30
2020-08-04T14:10:00+00:00,west,noaa-goes17,DAY,SUMMER,CYEG,1,0.0000,0.0800,1.30
2025-04-09T05:32:00+00:00,west,noaa-goes18,NIGHT,SPRING,CYEG,0,1.0000,1.0000,1.30
2021-10-29T17:39:00+00:00,west,noaa-goes17,DAY,AUTUMN,CYEG,0,1.0000,1.0000,1.30
2023-09-05T23:56:00+00:00,west,noaa-goes18,DAY,AUTUMN,CYEG,0,1.0000,1.0000,1.30
2023-02-20T00:03:00+00:00,west,noaa-goes18,DAY,WINTER,CYEG,0,0.8889,0.8800,1.30
2025-10-17T05:10:00+00:00,west,noaa-goes18,NIGHT,AUTUMN,CYEG,0,1.0000,1.0000,1.30
2024-03-08T00:30:00+00:00,west,noaa-goes18,DAY,SPRING,CYEG,0,1.0000,1.0000,1.30
2023-12-10T17:41:00+00:00,west,noaa-goes18,DAY,WINTER,CYEG,0,1.0000,1.0000,1.30
2020-06-27T23:23:00+00:00,west,noaa-goes17,DAY,SUMMER,CYEG,0,1.0000,1.0000,1.30
2022-07-20T14:03:00+00:00,west,noaa-goes17,DAY,SUMMER,CYEG,1,0.0000,0.0000,1.30
2020-05-14T14:04:00+00:00,west,noaa-goes17,DAY,SPRING,CYEG,0,1.0000,1.0000,1.30
2024-10-28T18:20:00+00:00,west,noaa-goes18,DAY,AUTUMN,CYEG,0,1.0000,1.0000,1.30
2023-07-03T17:45:00+00:00,west,noaa-goes18,DAY,SUMMER,CYEG,0,1.0000,1.0000,1.30
2023-09-02T22:18:00+00:00,west,noaa-goes18,DAY,AUTUMN,CYEG,1,0.0000,0.0000,1.30
2022-07-18T20:09:00+00:00,west,noaa-goes17,DAY,SUMMER,CYEG,0,1.0000,1.0000,1.30
2022-05-23T13:22:00+00:00,west,noaa-goes17,DAY,SPRING,CYEG,0,1.0000,1.0000,1.30
2021-06-22T19:16:00+00:00,west,noaa-goes17,DAY,SUMMER,CYEG,1,0.0000,0.0000,1.30
2023-02-16T15:49:00+00:00,west,noaa-goes18,DAY,WINTER,CYEG,0,1.0000,1.0000,1.30
2021-04-18T13:53:00+00:00,west,noaa-goes17,DAY,SPRING,CYEG,0,1.0000,1.0000,1.30
2020-12-26T19:50:00+00:00,west,noaa-goes17,DAY,WINTER,CYEG,0,1.0000,1.0000,1.30
2025-10-09T04:30:00+00:00,west,noaa-goes18,NIGHT,AUTUMN,CYEG,0,0.4444,0.4000,1.30
2020-12-04T06:57:00+00:00,west,noaa-goes17,NIGHT,WINTER,CYEG,0,1.0000,1.0000,1.30
2023-12-11T17:42:00+00:00,west,noaa-goes18,DAY,WINTER,CYEG,1,0.0000,0.0000,1.30
2024-07-09T07:43:00+00:00,west,noaa-goes18,NIGHT,SUMMER,CYEG,1,0.0000,0.0000,1.30
2022-01-20T02:29:00+00:00,west,noaa-goes17,NIGHT,WINTER,CYEG,1,0.0000,0.0000,1.30
2023-04-30T06:56:00+00:00,west,noaa-goes18,NIGHT,SPRING,CYEG,0,1.0000,1.0000,1.30
2024-01-14T14:16:00+00:00,west,noaa-goes18,NIGHT,WINTER,CYEG,1,0.1111,0.2000,1.30
2025-11-16T07:21:00+00:00,west,noaa-goes18,NIGHT,AUTUMN,CYEG,0,1.0000,1.0000,1.30
2023-01-23T17:27:00+00:00,west,noaa-goes18,DAY,WINTER,CYEG,0,1.0000,1.0000,1.30
2020-06-08T23:27:00+00:00,west,noaa-goes17,DAY,SUMMER,CYEG,0,1.0000,0.9600,1.30
2025-01-08T06:37:00+00:00,west,noaa-goes18,NIGHT,WINTER,CYEG,1,0.3333,0.3200,1.30
2022-06-16T22:16:00+00:00,west,noaa-goes17,DAY,SUMMER,CYEG,0,1.0000,1.0000,1.30
2023-05-12T17:32:00+00:00,west,noaa-goes18,DAY,SPRING,CYEG,1,0.0000,0.0000,1.30
2022-03-10T17:19:00+00:00,west,noaa-goes17,DAY,SPRING,CYEG,1,0.0000,0.0000,1.30
2021-12-25T10:51:00+00:00,west,noaa-goes17,NIGHT,WINTER,CYEG,0,1.0000,1.0000,1.30
2022-07-22T12:58:00+00:00,west,noaa-goes17,DAY,SUMMER,CYEG,0,1.0000,1.0000,1.30
2023-05-05T12:58:00+00:00,west,noaa-goes18,DAY,SPRING,CYEG,1,0.0000,0.0000,1.30
2021-07-18T17:03:00+00:00,west,noaa-goes17,DAY,SUMMER,CYEG,0,1.0000,1.0000,1.30
2023-09-17T10:03:00+00:00,west,noaa-goes18,NIGHT,AUTUMN,CYEG,1,0.0000,0.0000,1.30
2023-02-07T22:03:00+00:00,west,noaa-goes18,DAY,WINTER,CYEG,1,0.0000,0.0000,1.30
2023-10-06T11:05:00+00:00,west,noaa-goes18,NIGHT,AUTUMN,CYEG,0,1.0000,1.0000,1.30
2024-01-31T12:10:00+00:00,west,noaa-goes18,NIGHT,WINTER,CYEG,1,0.0000,0.0000,1.30
2022-04-23T18:11:00+00:00,west,noaa-goes17,DAY,SPRING,CYEG,1,0.0000,0.0000,1.30
2020-02-09T19:02:00+00:00,west,noaa-goes17,DAY,WINTER,CYEG,0,1.0000,1.0000,1.30
2023-09-27T10:06:00+00:00,west,noaa-goes18,NIGHT,AUTUMN,CYEG,0,1.0000,1.0000,1.30
2020-06-23T15:40:00+00:00,west,noaa-goes17,DAY,SUMMER,CYEG,0,1.0000,1.0000,1.30
2023-06-21T23:01:00+00:00,west,noaa-goes18,DAY,SUMMER,CYEG,0,0.8889,0.7600,1.30
2020-12-07T03:29:00+00:00,west,noaa-goes17,NIGHT,WINTER,CYEG,1,0.0000,0.0000,1.30
2020-03-19T04:21:00+00:00,west,noaa-goes17,NIGHT,SPRING,CYEG,0,1.0000,0.6800,1.30
2023-04-23T22:28:00+00:00,west,noaa-goes18,DAY,SPRING,CYEG,0,1.0000,1.0000,1.30
2024-05-12T01:43:00+00:00,west,noaa-goes18,DAY,SPRING,CYEG,0,0.7778,0.5600,1.30
2021-12-26T05:40:00+00:00,west,noaa-goes17,NIGHT,WINTER,CYEG,0,1.0000,1.0000,1.30
2024-02-28T07:20:00+00:00,west,noaa-goes18,NIGHT,WINTER,CYEG,0,1.0000,0.8800,1.30
2023-01-02T22:05:00+00:00,west,noaa-goes17,DAY,WINTER,CYEG,1,0.0000,0.0000,1.30
2021-12-26T00:57:00+00:00,west,noaa-goes17,NIGHT,WINTER,CYEG,0,1.0000,1.0000,1.30
2020-12-04T21:08:00+00:00,west,noaa-goes17,DAY,WINTER,CYEG,0,1.0000,1.0000,1.30
2023-07-09T18:22:00+00:00,west,noaa-goes18,DAY,SUMMER,CYEG,1,0.0000,0.0000,1.30
2020-08-31T00:10:00+00:00,west,noaa-goes17,DAY,SUMMER,CYEG,1,0.0000,0.0000,1.30
2024-09-06T22:58:00+00:00,west,noaa-goes18,DAY,AUTUMN,CYEG,1,0.0000,0.0000,1.30
2020-07-26T02:20:00+00:00,west,noaa-goes17,DAY,SUMMER,CYEG,1,0.3333,0.4000,1.30
2021-03-30T10:13:00+00:00,west,noaa-goes17,NIGHT,SPRING,CYEG,1,0.0000,0.0000,1.30
2022-01-19T11:51:00+00:00,west,noaa-goes17,NIGHT,WINTER,CYEG,1,0.1111,0.2400,1.30
2021-06-12T14:38:00+00:00,west,noaa-goes17,DAY,SUMMER,CYEG,0,1.0000,1.0000,1.30
2024-02-08T20:01:00+00:00,west,noaa-goes18,DAY,WINTER,CYEG,0,1.0000,1.0000,1.30
2022-08-02T21:48:00+00:00,west,noaa-goes17,DAY,SUMMER,CYEG,1,0.6667,0.7600,1.30
2020-02-19T06:44:00+00:00,west,noaa-goes17,NIGHT,WINTER,CYEG,1,0.1111,0.1600,1.30
2021-04-30T00:17:00+00:00,west,noaa-goes17,DAY,SPRING,CYEG,0,1.0000,1.0000,1.30
2023-11-27T04:02:00+00:00,west,noaa-goes18,NIGHT,AUTUMN,CYEG,0,0.3333,0.3600,1.30
2022-05-28T13:02:00+00:00,west,noaa-goes17,DAY,SPRING,CYEG,1,0.0000,0.0000,1.30
2025-09-05T19:44:00+00:00,west,noaa-goes18,DAY,AUTUMN,CYEG,1,0.0000,0.0000,1.30
2023-05-13T20:39:00+00:00,west,noaa-goes18,DAY,SPRING,CYEG,1,0.0000,0.0000,1.30
2021-01-19T07:41:00+00:00,west,noaa-goes17,NIGHT,WINTER,CYEG,0,1.0000,0.9600,1.30
2023-10-11T19:39:00+00:00,west,noaa-goes18,DAY,AUTUMN,CYEG,0,1.0000,1.0000,1.30
2021-12-14T17:22:00+00:00,west,noaa-goes17,DAY,WINTER,CYEG,0,1.0000,1.0000,1.30
2023-11-18T07:58:00+00:00,west,noaa-goes18,NIGHT,AUTUMN,CYEG,1,0.2222,0.2800,1.30
2024-03-11T21:36:00+00:00,west,noaa-goes18,DAY,SPRING,CYEG,1,0.0000,0.0000,1.30
2023-10-26T04:02:00+00:00,west,noaa-goes18,NIGHT,AUTUMN,CYEG,0,1.0000,1.0000,1.30
2024-01-20T12:04:00+00:00,west,noaa-goes18,NIGHT,WINTER,CYEG,1,0.0000,0.0000,1.30
2020-05-16T01:26:00+00:00,west,noaa-goes17,DAY,SPRING,CYEG,0,1.0000,1.0000,1.30
2025-06-17T18:36:00+00:00,west,noaa-goes18,DAY,SUMMER,CYEG,1,0.0000,0.0000,1.30
2020-02-23T20:01:00+00:00,west,noaa-goes17,DAY,WINTER,CYEG,1,0.6667,0.8000,1.30
2024-06-17T18:27:00+00:00,west,noaa-goes18,DAY,SUMMER,CYEG,0,1.0000,1.0000,1.30
2024-05-03T22:28:00+00:00,west,noaa-goes18,DAY,SPRING,CYEG,0,0.8889,0.8800,1.30
2025-05-09T08:02:00+00:00,west,noaa-goes18,NIGHT,SPRING,CYEG,0,1.0000,1.0000,1.30
2022-09-16T15:32:00+00:00,west,noaa-goes17,DAY,AUTUMN,CYEG,1,0.0000,0.0000,1.30
2021-05-28T22:56:00+00:00,west,noaa-goes17,DAY,SPRING,CYEG,0,1.0000,1.0000,1.30
2022-06-11T21:12:00+00:00,west,noaa-goes17,DAY,SUMMER,CYEG,1,0.0000,0.0000,1.30
2023-03-29T09:37:00+00:00,west,noaa-goes18,NIGHT,SPRING,CYEG,1,0.2222,0.3200,1.30
2024-03-15T07:01:00+00:00,west,noaa-goes18,NIGHT,SPRING,CYEG,0,1.0000,1.0000,1.30
2020-01-12T12:31:00+00:00,west,noaa-goes17,NIGHT,WINTER,CYEG,1,0.0000,0.1200,1.30
2025-02-20T12:48:00+00:00,west,noaa-goes18,NIGHT,WINTER,CYEG,0,1.0000,1.0000,1.30
2021-10-05T10:20:00+00:00,west,noaa-goes17,NIGHT,AUTUMN,CYEG,0,1.0000,1.0000,1.30
2020-02-02T06:10:00+00:00,west,noaa-goes17,NIGHT,WINTER,CYEG,0,1.0000,1.0000,1.30
2025-07-13T06:24:00+00:00,west,noaa-goes18,NIGHT,SUMMER,CYEG,0,1.0000,1.0000,1.30
2023-07-06T08:08:00+00:00,west,noaa-goes18,NIGHT,SUMMER,CYEG,0,1.0000,1.0000,1.30
2022-11-09T05:37:00+00:00,west,noaa-goes17,NIGHT,AUTUMN,CYEG,0,1.0000,1.0000,1.30
2020-09-07T20:11:00+00:00,west,noaa-goes17,DAY,AUTUMN,CYEG,0,0.6667,0.6800,1.30
2021-01-25T02:00:00+00:00,west,noaa-goes17,NIGHT,WINTER,CYEG,0,1.0000,0.8400,1.30
2020-05-10T18:02:00+00:00,west,noaa-goes17,DAY,SPRING,CYEG,0,1.0000,1.0000,1.30
2024-09-23T21:02:00+00:00,west,noaa-goes18,DAY,AUTUMN,CYEG,1,0.0000,0.0400,1.30
2023-12-29T07:00:00+00:00,west,noaa-goes18,NIGHT,WINTER,CYEG,1,0.1111,0.0800,1.30
2024-08-22T16:16:00+00:00,west,noaa-goes18,DAY,SUMMER,CYEG,0,1.0000,1.0000,1.30
2022-09-22T00:09:00+00:00,west,noaa-goes17,DAY,AUTUMN,CYEG,1,0.0000,0.0000,1.30
2024-05-27T14:14:00+00:00,west,noaa-goes18,DAY,SPRING,CYEG,0,1.0000,1.0000,1.30
2021-07-11T19:59:00+00:00,west,noaa-goes17,DAY,SUMMER,CYEG,0,0.5556,0.4800,1.30
2020-01-27T09:57:00+00:00,west,noaa-goes17,NIGHT,WINTER,CYEG,1,0.0000,0.0000,1.30
2025-01-21T10:54:00+00:00,west,noaa-goes18,NIGHT,WINTER,CYEG,0,1.0000,1.0000,1.30
2022-02-01T02:10:00+00:00,west,noaa-goes17,NIGHT,WINTER,CYEG,1,0.0000,0.0000,1.30
2024-09-30T09:10:00+00:00,west,noaa-goes18,NIGHT,AUTUMN,CYEG,1,0.0000,0.0000,1.30
2024-06-06T01:14:00+00:00,west,noaa-goes18,DAY,SUMMER,CYEG,1,0.0000,0.0000,1.30
2022-01-03T00:56:00+00:00,west,noaa-goes17,NIGHT,WINTER,CYEG,0,0.8889,0.8000,1.30
2021-08-02T14:23:00+00:00,west,noaa-goes17,DAY,SUMMER,CYEG,0,1.0000,1.0000,1.30
2020-11-14T08:29:00+00:00,west,noaa-goes17,NIGHT,AUTUMN,CYEG,0,1.0000,1.0000,1.30
2025-03-12T00:44:00+00:00,west,noaa-goes18,DAY,SPRING,CYEG,0,1.0000,1.0000,1.30
2021-05-31T00:58:00+00:00,west,noaa-goes17,DAY,SPRING,CYEG,0,1.0000,1.0000,1.30
2024-12-27T03:05:00+00:00,west,noaa-goes18,NIGHT,WINTER,CYEG,0,1.0000,1.0000,1.30
2023-11-11T05:14:00+00:00,west,noaa-goes18,NIGHT,AUTUMN,CYEG,1,0.0000,0.0000,1.30
2020-01-26T05:12:00+00:00,west,noaa-goes17,NIGHT,WINTER,CYEG,0,1.0000,0.9200,1.30
2024-11-02T22:10:00+00:00,west,noaa-goes18,DAY,AUTUMN,CYEG,0,1.0000,1.0000,1.30
2021-02-09T20:50:00+00:00,west,noaa-goes17,DAY,WINTER,CYEG,0,0.8889,0.8400,1.30
2021-12-01T02:22:00+00:00,west,noaa-goes17,NIGHT,WINTER,CYEG,0,1.0000,1.0000,1.30
2025-11-18T03:33:00+00:00,west,noaa-goes18,NIGHT,AUTUMN,CYEG,0,1.0000,1.0000,1.30
2025-06-25T23:00:00+00:00,west,noaa-goes18,DAY,SUMMER,CYEG,0,1.0000,1.0000,1.30
2024-02-08T18:06:00+00:00,west,noaa-goes18,DAY,WINTER,CYEG,0,1.0000,1.0000,1.30
2024-11-11T03:49:00+00:00,west,noaa-goes18,NIGHT,AUTUMN,CYEG,0,1.0000,1.0000,1.30
2021-04-04T16:27:00+00:00,west,noaa-goes17,DAY,SPRING,CYEG,0,1.0000,1.0000,1.30
2022-05-16T17:23:00+00:00,west,noaa-goes17,DAY,SPRING,CYEG,0,1.0000,1.0000,1.30
2023-09-23T17:35:00+00:00,west,noaa-goes18,DAY,AUTUMN,CYEG,1,0.0000,0.0000,1.30
2023-07-05T18:47:00+00:00,west,noaa-goes18,DAY,SUMMER,CYEG,1,0.0000,0.0000,1.30
2025-03-14T22:30:00+00:00,west,noaa-goes18,DAY,SPRING,CYEG,1,0.0000,0.0000,1.30
2021-01-20T12:35:00+00:00,west,noaa-goes17,NIGHT,WINTER,CYEG,0,0.4444,0.4400,1.30
2022-08-26T15:34:00+00:00,west,noaa-goes17,DAY,SUMMER,CYEG,1,0.0000,0.0000,1.30
2022-06-03T02:35:00+00:00,west,noaa-goes17,DAY,SUMMER,CYEG,1,0.0000,0.0000,1.30
2024-03-17T19:09:00+00:00,west,noaa-goes18,DAY,SPRING,CYEG,1,0.0000,0.0000,1.30
2025-09-13T18:30:00+00:00,west,noaa-goes18,DAY,AUTUMN,CYEG,1,0.0000,0.0000,1.30
2023-09-20T09:55:00+00:00,west,noaa-goes18,NIGHT,AUTUMN,CYEG,0,1.0000,1.0000,1.30
2020-08-06T21:06:00+00:00,west,noaa-goes17,DAY,SUMMER,CYEG,0,1.0000,1.0000,1.30
2025-10-05T04:10:00+00:00,west,noaa-goes18,NIGHT,AUTUMN,CYEG,0,0.3333,0.1600,1.30
2025-05-06T05:00:00+00:00,west,noaa-goes18,NIGHT,SPRING,CYEG,0,0.3333,0.4400,1.30
2020-08-09T05:35:00+00:00,west,noaa-goes17,NIGHT,SUMMER,CYEG,0,1.0000,0.9200,1.30
2022-05-25T19:18:00+00:00,west,noaa-goes17,DAY,SPRING,CYEG,0,1.0000,1.0000,1.30
2021-06-06T20:59:00+00:00,west,noaa-goes17,DAY,SUMMER,CYEG,1,0.2222,0.2800,1.30
2020-12-29T08:17:00+00:00,west,noaa-goes17,NIGHT,WINTER,CYEG,1,0.0000,0.0000,1.30
2022-05-15T23:08:00+00:00,west,noaa-goes17,DAY,SPRING,CYEG,0,1.0000,0.9200,1.30
2022-03-14T22:00:00+00:00,west,noaa-goes17,DAY,SPRING,CYEG,0,1.0000,1.0000,1.30
2021-06-02T23:40:00+00:00,west,noaa-goes17,DAY,SUMMER,CYEG,0,1.0000,1.0000,1.30
2020-02-23T04:02:00+00:00,west,noaa-goes17,NIGHT,WINTER,CYEG,0,1.0000,0.9200,1.30
2022-05-01T01:17:00+00:00,west,noaa-goes17,DAY,SPRING,CYEG,0,1.0000,1.0000,1.30
2021-06-04T22:56:00+00:00,west,noaa-goes17,DAY,SUMMER,CYEG,0,1.0000,1.0000,1.30
2021-06-19T16:05:00+00:00,west,noaa-goes17,DAY,SUMMER,CYEG,0,0.7778,0.6800,1.30
2024-09-07T10:56:00+00:00,west,noaa-goes18,NIGHT,AUTUMN,CYEG,0,1.0000,0.8800,1.30
2020-07-11T13:16:00+00:00,west,noaa-goes17,DAY,SUMMER,CYEG,0,1.0000,1.0000,1.30
2022-08-03T14:29:00+00:00,west,noaa-goes17,DAY,SUMMER,CYEG,0,1.0000,1.0000,1.30
2025-02-25T11:25:00+00:00,west,noaa-goes18,NIGHT,WINTER,CYEG,0,1.0000,1.0000,1.30
2021-01-28T19:34:00+00:00,west,noaa-goes17,DAY,WINTER,CYEG,0,1.0000,1.0000,1.30
2020-10-17T21:01:00+00:00,west,noaa-goes17,DAY,AUTUMN,CYEG,0,1.0000,1.0000,1.30
2021-10-25T19:05:00+00:00,west,noaa-goes17,DAY,AUTUMN,CYEG,0,1.0000,1.0000,1.30
2024-08-29T21:56:00+00:00,west,noaa-goes18,DAY,SUMMER,CYEG,1,0.0000,0.2400,1.30
2024-03-28T19:02:00+00:00,west,noaa-goes18,DAY,SPRING,CYEG,0,1.0000,1.0000,1.30
2021-10-13T18:47:00+00:00,west,noaa-goes17,DAY,AUTUMN,CYEG,0,0.6667,0.5600,1.30
2025-12-14T06:07:00+00:00,west,noaa-goes18,NIGHT,WINTER,CYEG,0,1.0000,1.0000,1.30
2023-02-04T02:39:00+00:00,west,noaa-goes18,NIGHT,WINTER,CYEG,0,1.0000,1.0000,1.30
2021-09-09T18:05:00+00:00,west,noaa-goes17,DAY,AUTUMN,CYEG,0,1.0000,0.9200,1.30
2025-06-17T00:32:00+00:00,west,noaa-goes18,DAY,SUMMER,CYEG,1,0.5556,0.4800,1.30
2024-05-29T14:48:00+00:00,west,noaa-goes18,DAY,SPRING,CYEG,0,1.0000,1.0000,1.30
2020-06-15T12:14:00+00:00,west,noaa-goes17,DAY,SUMMER,CYEG,0,1.0000,1.0000,1.30
2024-01-21T01:19:00+00:00,west,noaa-goes18,NIGHT,WINTER,CYEG,1,0.0000,0.0000,1.30
2023-03-21T08:19:00+00:00,west,noaa-goes18,NIGHT,SPRING,CYEG,1,0.0000,0.0000,1.30
2020-05-28T14:27:00+00:00,west,noaa-goes17,DAY,SPRING,CYEG,1,0.0000,0.0000,1.30
2024-05-22T06:43:00+00:00,west,noaa-goes18,NIGHT,SPRING,CYEG,0,1.0000,1.0000,1.30
2023-06-08T19:49:00+00:00,west,noaa-goes18,DAY,SUMMER,CYEG,1,0.0000,0.0000,1.30
2022-02-11T22:14:00+00:00,west,noaa-goes17,DAY,WINTER,CYEG,1,0.0000,0.0000,1.30
2024-09-03T11:00:00+00:00,west,noaa-goes18,NIGHT,AUTUMN,CYEG,0,1.0000,1.0000,1.30
2023-05-23T20:38:00+00:00,west,noaa-goes18,DAY,SPRING,CYEG,0,0.6667,0.5200,1.30
2024-03-23T05:29:00+00:00,west,noaa-goes18,NIGHT,SPRING,CYEG,0,1.0000,1.0000,1.30
2022-02-16T04:54:00+00:00,west,noaa-goes17,NIGHT,WINTER,CYEG,0,1.0000,1.0000,1.30
2021-11-22T12:08:00+00:00,west,noaa-goes17,NIGHT,AUTUMN,CYEG,0,1.0000,1.0000,1.30
2024-11-12T03:05:00+00:00,west,noaa-goes18,NIGHT,AUTUMN,CYEG,0,1.0000,1.0000,1.30
2022-06-05T13:42:00+00:00,west,noaa-goes17,DAY,SUMMER,CYEG,0,1.0000,1.0000,1.30
2021-07-16T23:21:00+00:00,west,noaa-goes17,DAY,SUMMER,CYEG,1,0.0000,0.0000,1.30
2023-08-06T08:43:00+00:00,west,noaa-goes18,NIGHT,SUMMER,CYEG,1,0.0000,0.0000,1.30
2021-09-11T03:43:00+00:00,west,noaa-goes17,NIGHT,AUTUMN,CYEG,0,1.0000,1.0000,1.30
2025-10-09T16:40:00+00:00,west,noaa-goes18,DAY,AUTUMN,CYEG,1,0.0000,0.0000,1.30
2020-06-09T17:47:00+00:00,west,noaa-goes17,DAY,SUMMER,CYEG,0,1.0000,0.9600,1.30
2025-07-12T19:43:00+00:00,west,noaa-goes18,DAY,SUMMER,CYEG,0,1.0000,1.0000,1.30
2022-09-10T23:19:00+00:00,west,noaa-goes17,DAY,AUTUMN,CYEG,1,0.0000,0.0000,1.30
2020-12-12T21:38:00+00:00,west,noaa-goes17,DAY,WINTER,CYEG,0,1.0000,0.7600,1.30
2024-04-06T08:14:00+00:00,west,noaa-goes18,NIGHT,SPRING,CYEG,0,1.0000,1.0000,1.30
2022-04-03T17:21:00+00:00,west,noaa-goes17,DAY,SPRING,CYEG,0,1.0000,1.0000,1.30
2022-09-07T04:46:00+00:00,west,noaa-goes17,NIGHT,AUTUMN,CYEG,1,0.0000,0.0000,1.30
2024-02-06T21:03:00+00:00,west,noaa-goes18,DAY,WINTER,CYEG,0,1.0000,1.0000,1.30
2024-02-02T17:15:00+00:00,west,noaa-goes18,DAY,WINTER,CYEG,1,0.0000,0.0000,1.30
2022-07-10T07:16:00+00:00,west,noaa-goes17,NIGHT,SUMMER,CYEG,0,1.0000,1.0000,1.30
2024-02-07T21:33:00+00:00,west,noaa-goes18,DAY,WINTER,CYEG,0,1.0000,1.0000,1.30
2024-03-11T23:17:00+00:00,west,noaa-goes18,DAY,SPRING,CYEG,1,0.0000,0.0000,1.30
2024-05-18T22:36:00+00:00,west,noaa-goes18,DAY,SPRING,CYEG,0,1.0000,0.9200,1.30
2025-01-31T12:37:00+00:00,west,noaa-goes18,NIGHT,WINTER,CYEG,0,1.0000,1.0000,1.30
2023-10-06T06:23:00+00:00,west,noaa-goes18,NIGHT,AUTUMN,CYEG,0,1.0000,1.0000,1.30
2025-04-18T08:25:00+00:00,west,noaa-goes18,NIGHT,SPRING,CYEG,0,0.8889,0.8800,1.30
2024-05-02T23:38:00+00:00,west,noaa-goes18,DAY,SPRING,CYEG,0,1.0000,1.0000,1.30
2023-02-22T04:05:00+00:00,west,noaa-goes18,NIGHT,WINTER,CYEG,0,1.0000,1.0000,1.30
2021-12-26T10:18:00+00:00,west,noaa-goes17,NIGHT,WINTER,CYEG,0,1.0000,1.0000,1.30
2020-02-02T18:21:00+00:00,west,noaa-goes17,DAY,WINTER,CYEG,1,0.1111,0.2400,1.30
2023-06-08T16:05:00+00:00,west,noaa-goes18,DAY,SUMMER,CYEG,1,0.0000,0.0000,1.30
2023-10-31T05:48:00+00:00,west,noaa-goes18,NIGHT,AUTUMN,CYEG,0,1.0000,1.0000,1.30
2024-06-22T19:09:00+00:00,west,noaa-goes18,DAY,SUMMER,CYEG,1,0.0000,0.0000,1.30
2025-01-03T05:07:00+00:00,west,noaa-goes18,NIGHT,WINTER,CYEG,1,0.0000,0.0000,1.30
2022-09-08T00:29:00+00:00,west,noaa-goes17,DAY,AUTUMN,CYEG,1,0.0000,0.0400,1.30
2023-02-05T04:15:00+00:00,west,noaa-goes18,NIGHT,WINTER,CYEG,1,0.0000,0.0000,1.30
2024-02-16T22:37:00+00:00,west,noaa-goes18,DAY,WINTER,CYEG,1,0.0000,0.0000,1.30
2022-12-20T20:34:00+00:00,west,noaa-goes17,DAY,WINTER,CYEG,1,0.6667,0.5600,1.30
2022-03-11T07:50:00+00:00,west,noaa-goes17,NIGHT,SPRING,CYEG,0,0.5556,0.7200,1.30
2023-07-21T09:13:00+00:00,west,noaa-goes18,NIGHT,SUMMER,CYEG,1,0.0000,0.0000,1.30
2020-08-16T14:36:00+00:00,west,noaa-goes17,DAY,SUMMER,CYEG,1,0.2222,0.3600,1.30
2024-08-17T07:42:00+00:00,west,noaa-goes18,NIGHT,SUMMER,CYEG,0,1.0000,1.0000,1.30
2025-02-18T07:06:00+00:00,west,noaa-goes18,NIGHT,WINTER,CYEG,1,0.0000,0.0000,1.30
2020-03-15T00:34:00+00:00,west,noaa-goes17,DAY,SPRING,CYEG,0,1.0000,0.9600,1.30
2021-05-14T15:33:00+00:00,west,noaa-goes17,DAY,SPRING,CYEG,0,0.1111,0.2000,1.30
2023-12-30T05:09:00+00:00,west,noaa-goes18,NIGHT,WINTER,CYEG,0,0.5556,0.8000,1.30
2021-05-07T02:23:00+00:00,west,noaa-goes17,DAY,SPRING,CYEG,0,1.0000,1.0000,1.30
2025-01-03T02:58:00+00:00,west,noaa-goes18,NIGHT,WINTER,CYEG,1,0.0000,0.0000,1.30
2023-02-24T10:10:00+00:00,west,noaa-goes18,NIGHT,WINTER,CYEG,1,0.3333,0.2400,1.30
2023-02-18T23:57:00+00:00,west,noaa-goes18,DAY,WINTER,CYEG,0,1.0000,1.0000,1.30
2021-12-22T13:56:00+00:00,west,noaa-goes17,NIGHT,WINTER,CYEG,0,1.0000,1.0000,1.30
2025-09-01T14:16:00+00:00,west,noaa-goes18,DAY,AUTUMN,CYEG,1,0.0000,0.0000,1.30
2022-12-29T21:41:00+00:00,west,noaa-goes17,DAY,WINTER,CYEG,1,0.0000,0.0400,1.30
2025-08-02T01:07:00+00:00,west,noaa-goes18,DAY,SUMMER,CYEG,0,1.0000,1.0000,1.30
2025-07-29T06:41:00+00:00,west,noaa-goes18,NIGHT,SUMMER,CYEG,1,0.0000,0.0000,1.30
2021-11-01T20:59:00+00:00,west,noaa-goes17,DAY,AUTUMN,CYEG,1,0.0000,0.0000,1.30
2020-04-13T22:33:00+00:00,west,noaa-goes17,DAY,SPRING,CYEG,0,1.0000,0.6800,1.30
2021-06-24T18:27:00+00:00,west,noaa-goes17,DAY,SUMMER,CYEG,0,0.7778,0.5200,1.30
2024-06-27T21:20:00+00:00,west,noaa-goes18,DAY,SUMMER,CYEG,0,1.0000,1.0000,1.30
2024-07-23T06:12:00+00:00,west,noaa-goes18,NIGHT,SUMMER,CYEG,0,1.0000,1.0000,1.30
2025-04-01T00:07:00+00:00,west,noaa-goes18,DAY,SPRING,CYEG,0,1.0000,1.0000,1.30
2020-07-10T20:44:00+00:00,west,noaa-goes17,DAY,SUMMER,CYEG,1,0.0000,0.0400,1.30
2024-01-02T04:52:00+00:00,west,noaa-goes18,NIGHT,WINTER,CYEG,0,1.0000,1.0000,1.30
2024-12-04T17:04:00+00:00,west,noaa-goes18,DAY,WINTER,CYEG,0,1.0000,1.0000,1.30
2025-10-27T21:02:00+00:00,west,noaa-goes18,DAY,AUTUMN,CYEG,0,1.0000,1.0000,1.30
2020-05-28T00:58:00+00:00,west,noaa-goes17,DAY,SPRING,CYEG,1,0.0000,0.2400,1.30
2021-09-14T15:54:00+00:00,west,noaa-goes17,DAY,AUTUMN,CYEG,0,1.0000,1.0000,1.30
2020-09-26T09:11:00+00:00,west,noaa-goes17,NIGHT,AUTUMN,CYEG,0,1.0000,1.0000,1.30
2023-08-02T14:42:00+00:00,west,noaa-goes18,DAY,SUMMER,CYEG,1,0.0000,0.0400,1.30
2022-03-09T03:27:00+00:00,west,noaa-goes17,NIGHT,SPRING,CYEG,1,0.4444,0.4400,1.30
2020-04-18T19:19:00+00:00,west,noaa-goes17,DAY,SPRING,CYEG,1,0.3333,0.3600,1.30
2022-07-17T18:44:00+00:00,west,noaa-goes17,DAY,SUMMER,CYEG,1,0.6667,0.8000,1.30
2021-05-20T06:48:00+00:00,west,noaa-goes17,NIGHT,SPRING,CYEG,0,1.0000,1.0000,1.30
2024-06-18T16:51:00+00:00,west,noaa-goes18,DAY,SUMMER,CYEG,0,1.0000,0.7200,1.30
2020-05-23T06:07:00+00:00,west,noaa-goes17,NIGHT,SPRING,CYEG,0,1.0000,1.0000,1.30
2023-11-17T11:45:00+00:00,west,noaa-goes18,NIGHT,AUTUMN,CYEG,0,1.0000,1.0000,1.30
2021-09-23T16:49:00+00:00,west,noaa-goes17,DAY,AUTUMN,CYEG,1,0.4444,0.6000,1.30
2024-05-19T05:58:00+00:00,west,noaa-goes18,NIGHT,SPRING,CYEG,0,1.0000,1.0000,1.30
2020-04-19T19:41:00+00:00,west,noaa-goes17,DAY,SPRING,CYEG,0,0.7778,0.8000,1.30
2022-02-02T18:46:00+00:00,west,noaa-goes17,DAY,WINTER,CYEG,0,1.0000,1.0000,1.30
2025-06-08T07:22:00+00:00,west,noaa-goes18,NIGHT,SUMMER,CYEG,1,0.0000,0.0400,1.30
2021-06-07T23:23:00+00:00,west,noaa-goes17,DAY,SUMMER,CYEG,0,1.0000,1.0000,1.30
2023-12-13T21:43:00+00:00,west,noaa-goes18,DAY,WINTER,CYEG,0,1.0000,1.0000,1.30
2022-05-23T07:09:00+00:00,west,noaa-goes17,NIGHT,SPRING,CYEG,1,0.0000,0.0000,1.30
2021-11-23T04:40:00+00:00,west,noaa-goes17,NIGHT,AUTUMN,CYEG,0,1.0000,0.9600,1.30
2024-12-18T07:44:00+00:00,west,noaa-goes18,NIGHT,WINTER,CYEG,0,1.0000,1.0000,1.30
2022-02-17T16:38:00+00:00,west,noaa-goes17,DAY,WINTER,CYEG,0,1.0000,1.0000,1.30
2021-06-13T07:27:00+00:00,west,noaa-goes17,NIGHT,SUMMER,CYEG,0,1.0000,1.0000,1.30
2024-10-14T02:32:00+00:00,west,noaa-goes18,NIGHT,AUTUMN,CYEG,1,0.0000,0.0000,1.30
2023-12-04T01:30:00+00:00,west,noaa-goes18,NIGHT,WINTER,CYEG,0,1.0000,1.0000,1.30
2024-06-14T02:58:00+00:00,west,noaa-goes18,DAY,SUMMER,CYEG,1,0.0000,0.0000,1.30
2020-07-19T17:29:00+00:00,west,noaa-goes17,DAY,SUMMER,CYEG,0,1.0000,1.0000,1.30
2020-07-05T16:11:00+00:00,west,noaa-goes17,DAY,SUMMER,CYEG,0,1.0000,1.0000,1.30
2024-05-12T19:31:00+00:00,west,noaa-goes18,DAY,SPRING,CYEG,0,1.0000,1.0000,1.30
2021-05-09T16:51:00+00:00,west,noaa-goes17,DAY,SPRING,CYEG,1,0.1111,0.2800,1.30
2020-06-07T03:00:00+00:00,west,noaa-goes17,DAY,SUMMER,CYEG,0,1.0000,1.0000,1.30
2022-06-29T17:43:00+00:00,west,noaa-goes17,DAY,SUMMER,CYEG,0,1.0000,1.0000,1.30
2022-01-19T22:05:00+00:00,west,noaa-goes17,DAY,WINTER,CYEG,1,0.0000,0.0000,1.30
2025-07-12T21:50:00+00:00,west,noaa-goes18,DAY,SUMMER,CYEG,1,0.0000,0.0000,1.30
2022-12-09T17:55:00+00:00,west,noaa-goes17,DAY,WINTER,CYEG,1,0.0000,0.0000,1.30
2022-11-23T12:30:00+00:00,west,noaa-goes17,NIGHT,AUTUMN,CYEG,0,1.0000,0.7600,1.30
2022-03-31T10:28:00+00:00,west,noaa-goes17,NIGHT,SPRING,CYEG,0,1.0000,1.0000,1.30
2022-12-11T04:09:00+00:00,west,noaa-goes17,NIGHT,WINTER,CYEG,0,1.0000,1.0000,1.30
2021-09-17T04:10:00+00:00,west,noaa-goes17,NIGHT,AUTUMN,CYEG,1,0.0000,0.0000,1.30
2025-09-13T00:40:00+00:00,west,noaa-goes18,DAY,AUTUMN,CYEG,1,0.0000,0.0000,1.30
2021-03-10T19:18:00+00:00,west,noaa-goes17,DAY,SPRING,CYEG,0,1.0000,1.0000,1.30
2022-11-05T04:22:00+00:00,west,noaa-goes17,NIGHT,AUTUMN,CYEG,0,0.7778,0.6400,1.30
2021-09-23T22:52:00+00:00,west,noaa-goes17,DAY,AUTUMN,CYEG,1,0.2222,0.3200,1.30
2022-01-24T05:46:00+00:00,west,noaa-goes17,NIGHT,WINTER,CYEG,0,1.0000,1.0000,1.30
2023-12-19T12:03:00+00:00,west,noaa-goes18,NIGHT,WINTER,CYEG,0,1.0000,1.0000,1.30
2024-03-24T05:52:00+00:00,west,noaa-goes18,NIGHT,SPRING,CYEG,0,1.0000,1.0000,1.30
2023-10-14T06:23:00+00:00,west,noaa-goes18,NIGHT,AUTUMN,CYEG,0,1.0000,1.0000,1.30
2025-05-15T07:04:00+00:00,west,noaa-goes18,NIGHT,SPRING,CYEG,0,1.0000,1.0000,1.30
2021-04-14T17:03:00+00:00,west,noaa-goes17,DAY,SPRING,CYEG,0,1.0000,1.0000,1.30
2023-01-17T12:43:00+00:00,west,noaa-goes18,NIGHT,WINTER,CYEG,0,0.6667,0.7200,1.30
2025-07-07T08:06:00+00:00,west,noaa-goes18,NIGHT,SUMMER,CYEG,1,0.0000,0.0400,1.30
2022-08-25T00:31:00+00:00,west,noaa-goes17,DAY,SUMMER,CYEG,1,0.0000,0.0000,1.30
2023-07-15T07:54:00+00:00,west,noaa-goes18,NIGHT,SUMMER,CYEG,1,0.0000,0.0000,1.30
2024-04-27T05:25:00+00:00,west,noaa-goes18,NIGHT,SPRING,CYEG,0,1.0000,1.0000,1.30
2020-08-22T16:50:00+00:00,west,noaa-goes17,DAY,SUMMER,CYEG,0,1.0000,1.0000,1.30
2023-03-20T21:25:00+00:00,west,noaa-goes18,DAY,SPRING,CYEG,1,0.0000,0.0000,1.30
2022-07-27T18:53:00+00:00,west,noaa-goes17,DAY,SUMMER,CYEG,1,0.2222,0.2800,1.30
2025-04-23T21:23:00+00:00,west,noaa-goes18,DAY,SPRING,CYEG,0,1.0000,0.9600,1.30
2024-01-20T10:16:00+00:00,west,noaa-goes18,NIGHT,WINTER,CYEG,0,1.0000,0.9200,1.30
2020-10-24T05:59:00+00:00,west,noaa-goes17,NIGHT,AUTUMN,CYEG,0,0.8889,0.7200,1.30
2020-10-02T11:05:00+00:00,west,noaa-goes17,NIGHT,AUTUMN,CYEG,1,0.0000,0.0000,1.30
2024-10-19T23:17:00+00:00,west,noaa-goes18,DAY,AUTUMN,CYEG,0,1.0000,1.0000,1.30
2020-10-21T02:36:00+00:00,west,noaa-goes17,NIGHT,AUTUMN,CYEG,0,1.0000,1.0000,1.30
2023-11-02T10:27:00+00:00,west,noaa-goes18,NIGHT,AUTUMN,CYEG,0,1.0000,1.0000,1.30
2021-01-09T18:46:00+00:00,west,noaa-goes17,DAY,WINTER,CYEG,1,0.1111,0.1200,1.30
2024-03-19T18:13:00+00:00,west,noaa-goes18,DAY,SPRING,CYEG,0,1.0000,1.0000,1.30
2023-08-07T14:35:00+00:00,west,noaa-goes18,DAY,SUMMER,CYEG,1,0.0000,0.0000,1.30
2022-01-27T01:30:00+00:00,west,noaa-goes17,NIGHT,WINTER,CYEG,1,0.0000,0.0000,1.30
2020-01-03T04:01:00+00:00,west,noaa-goes17,NIGHT,WINTER,CYEG,0,1.0000,1.0000,1.30
2022-11-04T05:27:00+00:00,west,noaa-goes17,NIGHT,AUTUMN,CYEG,0,1.0000,1.0000,1.30
2021-10-10T21:00:00+00:00,west,noaa-goes17,DAY,AUTUMN,CYEG,0,1.0000,1.0000,1.30
2020-10-18T19:55:00+00:00,west,noaa-goes17,DAY,AUTUMN,CYEG,0,1.0000,1.0000,1.30
2021-01-02T04:19:00+00:00,west,noaa-goes17,NIGHT,WINTER,CYEG,0,1.0000,1.0000,1.30
2022-09-24T22:27:00+00:00,west,noaa-goes17,DAY,AUTUMN,CYEG,1,0.0000,0.0000,1.30
2024-07-10T14:34:00+00:00,west,noaa-goes18,DAY,SUMMER,CYEG,1,0.0000,0.0000,1.30
2025-02-02T12:02:00+00:00,west,noaa-goes18,NIGHT,WINTER,CYEG,0,1.0000,1.0000,1.30
2020-10-30T05:27:00+00:00,west,noaa-goes17,NIGHT,AUTUMN,CYEG,0,1.0000,1.0000,1.30
2025-07-02T15:14:00+00:00,west,noaa-goes18,DAY,SUMMER,CYEG,1,0.0000,0.0000,1.30
2020-11-23T19:49:00+00:00,west,noaa-goes17,DAY,AUTUMN,CYEG,0,1.0000,1.0000,1.30
2022-01-29T04:28:00+00:00,west,noaa-goes17,NIGHT,WINTER,CYEG,0,1.0000,1.0000,1.30
2024-05-13T21:48:00+00:00,west,noaa-goes18,DAY,SPRING,CYEG,1,0.0000,0.0800,1.30
2020-04-25T14:21:00+00:00,west,noaa-goes17,DAY,SPRING,CYEG,0,1.0000,1.0000,1.30
2025-12-12T17:39:00+00:00,west,noaa-goes18,DAY,WINTER,CYEG,0,1.0000,1.0000,1.30
2025-04-30T20:34:00+00:00,west,noaa-goes18,DAY,SPRING,CYEG,0,1.0000,1.0000,1.30
2024-09-17T11:15:00+00:00,west,noaa-goes18,NIGHT,AUTUMN,CYEG,0,0.7778,0.8400,1.30
2022-05-01T20:43:00+00:00,west,noaa-goes17,DAY,SPRING,CYEG,0,1.0000,1.0000,1.30
2021-01-10T20:49:00+00:00,west,noaa-goes17,DAY,WINTER,CYEG,0,1.0000,1.0000,1.30
2024-04-14T10:19:00+00:00,west,noaa-goes18,NIGHT,SPRING,CYEG,0,1.0000,1.0000,1.30
2023-10-03T05:14:00+00:00,west,noaa-goes18,NIGHT,AUTUMN,CYEG,0,1.0000,0.9200,1.30
2021-10-11T03:37:00+00:00,west,noaa-goes17,NIGHT,AUTUMN,CYEG,0,1.0000,1.0000,1.30
2020-10-10T11:53:00+00:00,west,noaa-goes17,NIGHT,AUTUMN,CYEG,0,1.0000,1.0000,1.30
2020-04-06T11:31:00+00:00,west,noaa-goes17,NIGHT,SPRING,CYEG,0,1.0000,1.0000,1.30
2024-03-28T08:18:00+00:00,west,noaa-goes18,NIGHT,SPRING,CYEG,0,1.0000,1.0000,1.30
2025-02-11T09:30:00+00:00,west,noaa-goes18,NIGHT,WINTER,CYEG,0,1.0000,1.0000,1.30
2020-01-29T22:03:00+00:00,west,noaa-goes17,DAY,WINTER,CYEG,0,1.0000,1.0000,1.30
2020-01-05T04:26:00+00:00,west,noaa-goes17,NIGHT,WINTER,CYEG,0,0.4444,0.6000,1.30
2025-03-16T12:19:00+00:00,west,noaa-goes18,NIGHT,SPRING,CYEG,0,1.0000,1.0000,1.30
2023-06-20T17:42:00+00:00,west,noaa-goes18,DAY,SUMMER,CYEG,0,1.0000,1.0000,1.30
2023-05-04T18:28:00+00:00,west,noaa-goes18,DAY,SPRING,CYEG,1,0.0000,0.0000,1.30
2025-01-17T09:56:00+00:00,west,noaa-goes18,NIGHT,WINTER,CYEG,0,1.0000,1.0000,1.30
2020-12-30T13:52:00+00:00,west,noaa-goes17,NIGHT,WINTER,CYEG,0,1.0000,1.0000,1.30
2023-11-24T13:44:00+00:00,west,noaa-goes18,NIGHT,AUTUMN,CYEG,1,0.1111,0.1200,1.30
2020-05-18T08:54:00+00:00,west,noaa-goes17,NIGHT,SPRING,CYEG,0,1.0000,1.0000,1.30
2023-09-16T01:01:00+00:00,west,noaa-goes18,DAY,AUTUMN,CYEG,1,0.0000,0.0000,1.30
2024-07-23T07:22:00+00:00,west,noaa-goes18,NIGHT,SUMMER,CYEG,1,0.1111,0.2800,1.30
2023-07-13T22:14:00+00:00,west,noaa-goes18,DAY,SUMMER,CYEG,0,1.0000,0.9600,1.30
2025-04-10T06:02:00+00:00,west,noaa-goes18,NIGHT,SPRING,CYEG,0,1.0000,1.0000,1.30
2024-04-30T08:36:00+00:00,west,noaa-goes18,NIGHT,SPRING,CYEG,0,1.0000,1.0000,1.30
2024-10-13T19:11:00+00:00,west,noaa-goes18,DAY,AUTUMN,CYEG,1,0.0000,0.1600,1.30
2021-03-26T20:36:00+00:00,west,noaa-goes17,DAY,SPRING,CYEG,0,1.0000,1.0000,1.30
2024-01-06T04:36:00+00:00,west,noaa-goes18,NIGHT,WINTER,CYEG,0,1.0000,1.0000,1.30
2024-04-06T07:20:00+00:00,west,noaa-goes18,NIGHT,SPRING,CYEG,0,1.0000,1.0000,1.30
2022-04-23T01:44:00+00:00,west,noaa-goes17,DAY,SPRING,CYEG,0,1.0000,0.8800,1.30
2024-02-28T18:29:00+00:00,west,noaa-goes18,DAY,WINTER,CYEG,0,1.0000,1.0000,1.30
2020-02-02T05:23:00+00:00,west,noaa-goes17,NIGHT,WINTER,CYEG,0,1.0000,1.0000,1.30
2023-12-03T03:10:00+00:00,west,noaa-goes18,NIGHT,WINTER,CYEG,0,1.0000,1.0000,1.30
2025-12-06T05:29:00+00:00,west,noaa-goes18,NIGHT,WINTER,CYEG,0,1.0000,1.0000,1.30
2024-08-20T21:13:00+00:00,west,noaa-goes18,DAY,SUMMER,CYEG,0,1.0000,0.8800,1.30
2024-10-13T09:15:00+00:00,west,noaa-goes18,NIGHT,AUTUMN,CYEG,0,1.0000,1.0000,1.30
2020-11-16T10:39:00+00:00,west,noaa-goes17,NIGHT,AUTUMN,CYEG,0,1.0000,0.9200,1.30
2023-04-02T16:39:00+00:00,west,noaa-goes18,DAY,SPRING,CYEG,0,1.0000,1.0000,1.30
2023-10-05T19:25:00+00:00,west,noaa-goes18,DAY,AUTUMN,CYEG,0,0.4444,0.2800,1.30
2023-11-29T09:26:00+00:00,west,noaa-goes18,NIGHT,AUTUMN,CYEG,1,0.0000,0.0400,1.30
2024-11-15T07:19:00+00:00,west,noaa-goes18,NIGHT,AUTUMN,CYEG,0,1.0000,1.0000,1.30
2023-09-15T08:55:00+00:00,west,noaa-goes18,NIGHT,AUTUMN,CYEG,0,0.7778,0.7200,1.30
2023-04-11T23:14:00+00:00,west,noaa-goes18,DAY,SPRING,CYEG,0,1.0000,1.0000,1.30
2023-06-13T22:16:00+00:00,west,noaa-goes18,DAY,SUMMER,CYEG,0,1.0000,1.0000,1.30
2021-05-11T12:36:00+00:00,west,noaa-goes17,DAY,SPRING,CYEG,0,1.0000,1.0000,1.30
2022-09-28T19:15:00+00:00,west,noaa-goes17,DAY,AUTUMN,CYEG,1,0.0000,0.0000,1.30
2022-11-24T08:37:00+00:00,west,noaa-goes17,NIGHT,AUTUMN,CYEG,0,1.0000,1.0000,1.30
2025-01-20T09:14:00+00:00,west,noaa-goes18,NIGHT,WINTER,CYEG,1,0.0000,0.0000,1.30
2023-01-09T13:16:00+00:00,west,noaa-goes18,NIGHT,WINTER,CYEG,0,1.0000,1.0000,1.30
2020-03-11T16:48:00+00:00,west,noaa-goes17,DAY,SPRING,CYEG,0,1.0000,1.0000,1.30
2021-12-02T04:14:00+00:00,west,noaa-goes17,NIGHT,WINTER,CYEG,1,0.0000,0.0000,1.30
2020-07-14T18:21:00+00:00,west,noaa-goes17,DAY,SUMMER,CYEG,1,0.1111,0.2400,1.30
2025-08-12T13:08:00+00:00,west,noaa-goes18,DAY,SUMMER,CYEG,0,0.5556,0.5200,1.30
2025-05-07T23:59:00+00:00,west,noaa-goes18,DAY,SPRING,CYEG,0,1.0000,1.0000,1.30
2022-06-14T18:42:00+00:00,west,noaa-goes17,DAY,SUMMER,CYEG,0,1.0000,1.0000,1.30
2025-12-23T20:49:00+00:00,west,noaa-goes18,DAY,WINTER,CYEG,1,0.0000,0.0000,1.30
2023-01-09T03:15:00+00:00,west,noaa-goes18,NIGHT,WINTER,CYEG,1,0.0000,0.0000,1.30
2021-10-07T03:00:00+00:00,west,noaa-goes17,NIGHT,AUTUMN,CYEG,0,1.0000,1.0000,1.30
2024-12-29T04:03:00+00:00,west,noaa-goes18,NIGHT,WINTER,CYEG,1,0.0000,0.0000,1.30
2021-12-10T03:55:00+00:00,west,noaa-goes17,NIGHT,WINTER,CYEG,0,1.0000,1.0000,1.30
2025-05-14T01:30:00+00:00,west,noaa-goes18,DAY,SPRING,CYEG,0,1.0000,0.8800,1.30
2023-08-31T09:57:00+00:00,west,noaa-goes18,NIGHT,SUMMER,CYEG,0,1.0000,1.0000,1.30
2025-10-25T11:12:00+00:00,west,noaa-goes18,NIGHT,AUTUMN,CYEG,0,1.0000,1.0000,1.30
2023-03-21T20:45:00+00:00,west,noaa-goes18,DAY,SPRING,CYEG,1,0.0000,0.0000,1.30
2025-04-19T18:08:00+00:00,west,noaa-goes18,DAY,SPRING,CYEG,1,0.0000,0.0000,1.30
2021-05-29T01:15:00+00:00,west,noaa-goes17,DAY,SPRING,CYEG,0,1.0000,1.0000,1.30
2023-02-13T18:27:00+00:00,west,noaa-goes18,DAY,WINTER,CYEG,0,0.5556,0.5200,1.30
2023-05-31T12:59:00+00:00,west,noaa-goes18,DAY,SPRING,CYEG,0,1.0000,1.0000,1.30
2020-09-19T04:46:00+00:00,west,noaa-goes17,NIGHT,AUTUMN,CYEG,1,0.0000,0.0000,1.30
2022-07-04T18:03:00+00:00,west,noaa-goes17,DAY,SUMMER,CYEG,0,1.0000,1.0000,1.30
2020-04-22T04:57:00+00:00,west,noaa-goes17,NIGHT,SPRING,CYEG,0,0.8889,0.9600,1.30
2023-12-28T03:08:00+00:00,west,noaa-goes18,NIGHT,WINTER,CYEG,1,0.1111,0.2000,1.30
2025-03-05T10:54:00+00:00,west,noaa-goes18,NIGHT,SPRING,CYEG,1,0.0000,0.0000,1.30
2024-05-23T06:21:00+00:00,west,noaa-goes18,NIGHT,SPRING,CYEG,0,1.0000,1.0000,1.30
2023-10-13T20:43:00+00:00,west,noaa-goes18,DAY,AUTUMN,CYEG,0,1.0000,0.9600,1.30
2025-04-14T00:35:00+00:00,west,noaa-goes18,DAY,SPRING,CYEG,0,1.0000,1.0000,1.30
2024-10-28T02:59:00+00:00,west,noaa-goes18,NIGHT,AUTUMN,CYEG,1,0.1111,0.0400,1.30
2022-06-13T02:16:00+00:00,west,noaa-goes17,DAY,SUMMER,CYEG,0,1.0000,1.0000,1.30
2024-01-16T17:19:00+00:00,west,noaa-goes18,DAY,WINTER,CYEG,0,1.0000,1.0000,1.30
2022-06-25T02:04:00+00:00,west,noaa-goes17,DAY,SUMMER,CYEG,0,1.0000,1.0000,1.30
2022-07-01T17:35:00+00:00,west,noaa-goes17,DAY,SUMMER,CYEG,1,0.0000,0.0000,1.30
2022-01-21T06:53:00+00:00,west,noaa-goes17,NIGHT,WINTER,CYEG,1,0.1111,0.3200,1.30
2024-07-26T05:59:00+00:00,west,noaa-goes18,NIGHT,SUMMER,CYEG,0,1.0000,1.0000,1.30
2021-07-09T01:54:00+00:00,west,noaa-goes17,DAY,SUMMER,CYEG,1,0.0000,0.0000,1.30
2025-02-16T09:11:00+00:00,west,noaa-goes18,NIGHT,WINTER,CYEG,1,0.0000,0.0000,1.30
2022-12-21T13:13:00+00:00,west,noaa-goes17,NIGHT,WINTER,CYEG,1,0.5556,0.5200,1.30
2021-03-17T00:19:00+00:00,west,noaa-goes17,DAY,SPRING,CYEG,0,0.6667,0.6400,1.30
2022-08-08T21:28:00+00:00,west,noaa-goes17,DAY,SUMMER,CYEG,1,0.0000,0.0000,1.30
2024-08-29T16:47:00+00:00,west,noaa-goes18,DAY,SUMMER,CYEG,1,0.0000,0.0000,1.30
2024-06-11T17:53:00+00:00,west,noaa-goes18,DAY,SUMMER,CYEG,1,0.0000,0.0000,1.30
2020-04-24T01:35:00+00:00,west,noaa-goes17,DAY,SPRING,CYEG,0,1.0000,1.0000,1.30
2023-07-09T22:45:00+00:00,west,noaa-goes18,DAY,SUMMER,CYEG,1,0.0000,0.0000,1.30
2021-07-30T18:55:00+00:00,west,noaa-goes17,DAY,SUMMER,CYEG,0,0.6667,0.6000,1.30
2023-02-23T12:48:00+00:00,west,noaa-goes18,NIGHT,WINTER,CYEG,0,1.0000,1.0000,1.30
2021-01-02T20:42:00+00:00,west,noaa-goes17,DAY,WINTER,CYEG,0,1.0000,1.0000,1.30
2025-06-18T14:56:00+00:00,west,noaa-goes18,DAY,SUMMER,CYEG,0,0.7778,0.8000,1.30
2022-12-15T06:02:00+00:00,west,noaa-goes17,NIGHT,WINTER,CYEG,1,0.0000,0.0000,1.30
2023-05-22T06:53:00+00:00,west,noaa-goes18,NIGHT,SPRING,CYEG,1,0.0000,0.0000,1.30
2023-07-28T01:09:00+00:00,west,noaa-goes18,DAY,SUMMER,CYEG,0,0.8889,0.8400,1.30
2022-07-24T17:50:00+00:00,west,noaa-goes17,DAY,SUMMER,CYEG,0,1.0000,1.0000,1.30
2021-10-25T17:39:00+00:00,west,noaa-goes17,DAY,AUTUMN,CYEG,0,1.0000,1.0000,1.30
2023-10-17T05:28:00+00:00,west,noaa-goes18,NIGHT,AUTUMN,CYEG,0,1.0000,1.0000,1.30
2023-10-11T23:55:00+00:00,west,noaa-goes18,DAY,AUTUMN,CYEG,0,1.0000,1.0000,1.30
2021-06-30T16:09:00+00:00,west,noaa-goes17,DAY,SUMMER,CYEG,1,0.0000,0.0000,1.30
2022-08-15T00:08:00+00:00,west,noaa-goes17,DAY,SUMMER,CYEG,0,1.0000,1.0000,1.30
2020-03-07T04:21:00+00:00,west,noaa-goes17,NIGHT,SPRING,CYEG,0,1.0000,0.9200,1.30
2024-07-01T18:06:00+00:00,west,noaa-goes18,DAY,SUMMER,CYEG,0,0.8889,0.9600,1.30
2022-06-01T06:56:00+00:00,west,noaa-goes17,NIGHT,SUMMER,CYEG,1,0.0000,0.0000,1.30
2020-02-10T07:01:00+00:00,west,noaa-goes17,NIGHT,WINTER,CYEG,0,1.0000,1.0000,1.30
2024-07-30T14:28:00+00:00,west,noaa-goes18,DAY,SUMMER,CYEG,0,1.0000,1.0000,1.30
2020-10-04T23:44:00+00:00,west,noaa-goes17,DAY,AUTUMN,CYEG,0,1.0000,1.0000,1.30
2021-05-18T21:57:00+00:00,west,noaa-goes17,DAY,SPRING,CYEG,0,1.0000,1.0000,1.30
2024-10-14T04:49:00+00:00,west,noaa-goes18,NIGHT,AUTUMN,CYEG,0,1.0000,1.0000,1.30
2025-05-13T19:39:00+00:00,west,noaa-goes18,DAY,SPRING,CYEG,0,0.8889,0.8800,1.30
2023-11-23T10:15:00+00:00,west,noaa-goes18,NIGHT,AUTUMN,CYEG,0,0.6667,0.6000,1.30
2020-08-20T05:17:00+00:00,west,noaa-goes17,NIGHT,SUMMER,CYEG,0,1.0000,1.0000,1.30
2024-02-25T06:03:00+00:00,west,noaa-goes18,NIGHT,WINTER,CYEG,0,1.0000,0.9600,1.30
2020-11-16T05:58:00+00:00,west,noaa-goes17,NIGHT,AUTUMN,CYEG,0,1.0000,1.0000,1.30
2022-08-03T23:37:00+00:00,west,noaa-goes17,DAY,SUMMER,CYEG,0,1.0000,1.0000,1.30
2022-08-20T00:13:00+00:00,west,noaa-goes17,DAY,SUMMER,CYEG,0,1.0000,1.0000,1.30
2021-06-23T01:08:00+00:00,west,noaa-goes17,DAY,SUMMER,CYEG,1,0.0000,0.0000,1.30
2023-04-27T14:04:00+00:00,west,noaa-goes18,DAY,SPRING,CYEG,1,0.2222,0.2800,1.30
2021-10-29T05:42:00+00:00,west,noaa-goes17,NIGHT,AUTUMN,CYEG,0,1.0000,1.0000,1.30
2024-08-21T08:42:00+00:00,west,noaa-goes18,NIGHT,SUMMER,CYEG,0,1.0000,0.8800,1.30
2025-03-09T23:49:00+00:00,west,noaa-goes18,DAY,SPRING,CYEG,0,1.0000,1.0000,1.30
2021-02-20T15:41:00+00:00,west,noaa-goes17,DAY,WINTER,CYEG,0,1.0000,1.0000,1.30
2022-12-02T13:06:00+00:00,west,noaa-goes17,NIGHT,WINTER,CYEG,1,0.1111,0.0800,1.30
2022-01-19T08:03:00+00:00,west,noaa-goes17,NIGHT,WINTER,CYEG,1,0.2222,0.1200,1.30
2022-07-20T17:55:00+00:00,west,noaa-goes17,DAY,SUMMER,CYEG,1,0.0000,0.0000,1.30
2024-12-10T04:50:00+00:00,west,noaa-goes18,NIGHT,WINTER,CYEG,0,1.0000,1.0000,1.30
2025-04-05T20:09:00+00:00,west,noaa-goes18,DAY,SPRING,CYEG,1,0.0000,0.0000,1.30
2023-10-22T16:55:00+00:00,west,noaa-goes18,DAY,AUTUMN,CYEG,0,1.0000,1.0000,1.30
2020-09-19T05:09:00+00:00,west,noaa-goes17,NIGHT,AUTUMN,CYEG,1,0.0000,0.0000,1.30
2023-07-21T19:02:00+00:00,west,noaa-goes18,DAY,SUMMER,CYEG,1,0.0000,0.0000,1.30
2023-11-06T12:25:00+00:00,west,noaa-goes18,NIGHT,AUTUMN,CYEG,1,0.2222,0.1200,1.30
2025-12-26T09:45:00+00:00,west,noaa-goes18,NIGHT,WINTER,CYEG,0,1.0000,1.0000,1.30
2022-11-09T16:46:00+00:00,west,noaa-goes17,DAY,AUTUMN,CYEG,1,0.0000,0.0000,1.30
2022-10-17T20:12:00+00:00,west,noaa-goes17,DAY,AUTUMN,CYEG,1,0.0000,0.0000,1.30
2025-01-22T18:49:00+00:00,west,noaa-goes18,DAY,WINTER,CYEG,1,0.2222,0.3600,1.30
2020-11-08T05:06:00+00:00,west,noaa-goes17,NIGHT,AUTUMN,CYEG,0,1.0000,1.0000,1.30
2021-06-16T02:05:00+00:00,west,noaa-goes17,DAY,SUMMER,CYEG,1,0.1111,0.2000,1.30
2025-02-18T16:02:00+00:00,west,noaa-goes18,DAY,WINTER,CYEG,1,0.0000,0.0000,1.30
2022-08-23T22:22:00+00:00,west,noaa-goes17,DAY,SUMMER,CYEG,1,0.3333,0.6000,1.30
2024-08-30T23:39:00+00:00,west,noaa-goes18,DAY,SUMMER,CYEG,0,1.0000,1.0000,1.30
2020-07-23T21:58:00+00:00,west,noaa-goes17,DAY,SUMMER,CYEG,0,1.0000,1.0000,1.30
2020-07-21T15:18:00+00:00,west,noaa-goes17,DAY,SUMMER,CYEG,0,1.0000,1.0000,1.30
2020-05-27T20:59:00+00:00,west,noaa-goes17,DAY,SPRING,CYEG,1,0.3333,0.6400,1.30
2022-07-12T19:09:00+00:00,west,noaa-goes17,DAY,SUMMER,CYEG,1,0.0000,0.0000,1.30
2023-12-14T03:37:00+00:00,west,noaa-goes18,NIGHT,WINTER,CYEG,0,1.0000,1.0000,1.30
2022-10-28T22:22:00+00:00,west,noaa-goes17,DAY,AUTUMN,CYEG,1,0.0000,0.0000,1.30
2021-12-30T19:20:00+00:00,west,noaa-goes17,DAY,WINTER,CYEG,1,0.0000,0.0000,1.30
2021-03-24T15:06:00+00:00,west,noaa-goes17,DAY,SPRING,CYEG,0,1.0000,1.0000,1.30
2021-12-08T05:09:00+00:00,west,noaa-goes17,NIGHT,WINTER,CYEG,0,1.0000,1.0000,1.30
2025-07-09T12:47:00+00:00,west,noaa-goes18,DAY,SUMMER,CYEG,0,0.8889,0.9200,1.30
2025-02-04T05:10:00+00:00,west,noaa-goes18,NIGHT,WINTER,CYEG,0,1.0000,1.0000,1.30
2020-03-28T11:54:00+00:00,west,noaa-goes17,NIGHT,SPRING,CYEG,0,1.0000,1.0000,1.30
2023-03-30T04:09:00+00:00,west,noaa-goes18,NIGHT,SPRING,CYEG,0,1.0000,1.0000,1.30
2024-03-23T21:20:00+00:00,west,noaa-goes18,DAY,SPRING,CYEG,0,1.0000,1.0000,1.30
2022-12-03T18:56:00+00:00,west,noaa-goes17,DAY,WINTER,CYEG,1,0.0000,0.0000,1.30
2024-04-15T06:58:00+00:00,west,noaa-goes18,NIGHT,SPRING,CYEG,0,1.0000,1.0000,1.30
2022-03-10T23:47:00+00:00,west,noaa-goes17,DAY,SPRING,CYEG,0,1.0000,1.0000,1.30
2022-03-11T06:18:00+00:00,west,noaa-goes17,NIGHT,SPRING,CYEG,1,0.2222,0.2800,1.30
2023-04-20T09:28:00+00:00,west,noaa-goes18,NIGHT,SPRING,CYEG,0,1.0000,1.0000,1.30
2020-03-16T09:32:00+00:00,west,noaa-goes17,NIGHT,SPRING,CYEG,0,0.4444,0.2800,1.30
2025-10-25T15:32:00+00:00,west,noaa-goes18,DAY,AUTUMN,CYEG,0,1.0000,1.0000,1.30
2023-09-16T00:17:00+00:00,west,noaa-goes18,DAY,AUTUMN,CYEG,1,0.0000,0.0000,1.30
2025-03-18T00:51:00+00:00,west,noaa-goes18,DAY,SPRING,CYEG,0,1.0000,1.0000,1.30
2024-03-12T19:43:00+00:00,west,noaa-goes18,DAY,SPRING,CYEG,1,0.0000,0.0000,1.30
2024-03-26T16:43:00+00:00,west,noaa-goes18,DAY,SPRING,CYEG,0,1.0000,1.0000,1.30
2023-12-01T02:39:00+00:00,west,noaa-goes18,NIGHT,WINTER,CYEG,0,0.6667,0.6800,1.30
2023-07-06T06:50:00+00:00,west,noaa-goes18,NIGHT,SUMMER,CYEG,0,1.0000,1.0000,1.30
2022-01-14T12:27:00+00:00,west,noaa-goes17,NIGHT,WINTER,CYEG,1,0.0000,0.0000,1.30
2022-05-06T05:56:00+00:00,west,noaa-goes17,NIGHT,SPRING,CYEG,0,1.0000,1.0000,1.30
2023-07-20T13:14:00+00:00,west,noaa-goes18,DAY,SUMMER,CYEG,1,0.0000,0.0800,1.30
2023-01-02T05:28:00+00:00,west,noaa-goes17,NIGHT,WINTER,CYEG,1,0.0000,0.0000,1.30
2025-08-01T15:20:00+00:00,west,noaa-goes18,DAY,SUMMER,CYEG,1,0.0000,0.0000,1.30
2021-11-29T05:58:00+00:00,west,noaa-goes17,NIGHT,AUTUMN,CYEG,0,0.7778,0.6800,1.30
2024-01-09T18:09:00+00:00,west,noaa-goes18,DAY,WINTER,CYEG,0,1.0000,1.0000,1.30
2020-12-08T04:51:00+00:00,west,noaa-goes17,NIGHT,WINTER,CYEG,0,1.0000,1.0000,1.30
2021-07-02T00:41:00+00:00,west,noaa-goes17,DAY,SUMMER,CYEG,1,0.0000,0.0000,1.30
2024-02-19T18:46:00+00:00,west,noaa-goes18,DAY,WINTER,CYEG,1,0.0000,0.0000,1.30
2021-10-07T04:37:00+00:00,west,noaa-goes17,NIGHT,AUTUMN,CYEG,0,1.0000,1.0000,1.30
2023-03-16T03:04:00+00:00,west,noaa-goes18,NIGHT,SPRING,CYEG,1,0.3333,0.4400,1.30
2023-08-14T13:13:00+00:00,west,noaa-goes18,DAY,SUMMER,CYEG,1,0.0000,0.0000,1.30
2024-07-05T07:27:00+00:00,west,noaa-goes18,NIGHT,SUMMER,CYEG,1,0.0000,0.0000,1.30
2022-09-27T14:42:00+00:00,west,noaa-goes17,DAY,AUTUMN,CYEG,0,1.0000,1.0000,1.30
2021-09-23T20:26:00+00:00,west,noaa-goes17,DAY,AUTUMN,CYEG,1,0.1111,0.0400,1.30
2021-12-06T19:46:00+00:00,west,noaa-goes17,DAY,WINTER,CYEG,1,0.0000,0.0000,1.30
2023-04-30T21:48:00+00:00,west,noaa-goes18,DAY,SPRING,CYEG,0,1.0000,1.0000,1.30
2022-01-06T01:27:00+00:00,west,noaa-goes17,NIGHT,WINTER,CYEG,0,0.8889,0.9600,1.30
2022-11-27T19:32:00+00:00,west,noaa-goes17,DAY,AUTUMN,CYEG,0,1.0000,1.0000,1.30
2020-04-20T20:42:00+00:00,west,noaa-goes17,DAY,SPRING,CYEG,0,1.0000,1.0000,1.30
2023-10-23T03:12:00+00:00,west,noaa-goes18,NIGHT,AUTUMN,CYEG,0,1.0000,1.0000,1.30
2022-04-18T23:06:00+00:00,west,noaa-goes17,DAY,SPRING,CYEG,0,1.0000,1.0000,1.30
2022-07-02T20:34:00+00:00,west,noaa-goes17,DAY,SUMMER,CYEG,0,1.0000,1.0000,1.30
2020-06-14T01:17:00+00:00,west,noaa-goes17,DAY,SUMMER,CYEG,0,1.0000,1.0000,1.30
2025-12-29T07:45:00+00:00,west,noaa-goes18,NIGHT,WINTER,CYEG,0,1.0000,1.0000,1.30
2021-10-05T02:52:00+00:00,west,noaa-goes17,NIGHT,AUTUMN,CYEG,0,1.0000,1.0000,1.30
2020-12-08T05:54:00+00:00,west,noaa-goes17,NIGHT,WINTER,CYEG,0,1.0000,1.0000,1.30
2021-09-13T03:53:00+00:00,west,noaa-goes17,NIGHT,AUTUMN,CYEG,1,0.0000,0.0000,1.30
2021-12-09T02:23:00+00:00,west,noaa-goes17,NIGHT,WINTER,CYEG,1,0.1111,0.0800,1.30
2023-04-27T16:42:00+00:00,west,noaa-goes18,DAY,SPRING,CYEG,0,1.0000,1.0000,1.30
2021-04-06T22:23:00+00:00,west,noaa-goes17,DAY,SPRING,CYEG,0,1.0000,1.0000,1.30
2024-09-04T17:31:00+00:00,west,noaa-goes18,DAY,AUTUMN,CYEG,1,0.2222,0.0800,1.30
2020-02-04T03:48:00+00:00,west,noaa-goes17,NIGHT,WINTER,CYEG,0,1.0000,0.7600,1.30
2021-03-25T16:20:00+00:00,west,noaa-goes17,DAY,SPRING,CYEG,0,1.0000,1.0000,1.30
2022-12-09T17:34:00+00:00,west,noaa-goes17,DAY,WINTER,CYEG,1,0.0000,0.0000,1.30
2020-01-04T01:50:00+00:00,west,noaa-goes17,NIGHT,WINTER,CYEG,0,1.0000,1.0000,1.30
2024-05-09T05:36:00+00:00,west,noaa-goes18,NIGHT,SPRING,CYEG,1,0.0000,0.0000,1.30
2025-08-20T15:28:00+00:00,west,noaa-goes18,DAY,SUMMER,CYEG,0,1.0000,1.0000,1.30
2023-07-08T16:20:00+00:00,west,noaa-goes18,DAY,SUMMER,CYEG,1,0.0000,0.0000,1.30
2024-05-07T20:25:00+00:00,west,noaa-goes18,DAY,SPRING,CYEG,0,1.0000,1.0000,1.30
2023-02-28T12:47:00+00:00,west,noaa-goes18,NIGHT,WINTER,CYEG,0,1.0000,1.0000,1.30
2023-06-27T23:07:00+00:00,west,noaa-goes18,DAY,SUMMER,CYEG,0,1.0000,1.0000,1.30
2022-01-08T03:39:00+00:00,west,noaa-goes17,NIGHT,WINTER,CYEG,1,0.7778,0.6000,1.30
2021-07-31T22:59:00+00:00,west,noaa-goes17,DAY,SUMMER,CYEG,1,0.0000,0.0000,1.30
2024-11-21T04:11:00+00:00,west,noaa-goes18,NIGHT,AUTUMN,CYEG,0,1.0000,1.0000,1.30
2020-11-03T06:11:00+00:00,west,noaa-goes17,NIGHT,AUTUMN,CYEG,0,0.5556,0.4000,1.30
2020-03-11T09:44:00+00:00,west,noaa-goes17,NIGHT,SPRING,CYEG,0,1.0000,1.0000,1.30
2021-10-30T19:16:00+00:00,west,noaa-goes17,DAY,AUTUMN,CYEG,1,0.0000,0.0000,1.30
2025-12-18T06:50:00+00:00,west,noaa-goes18,NIGHT,WINTER,CYEG,0,0.1111,0.1200,1.30
2021-04-06T09:46:00+00:00,west,noaa-goes17,NIGHT,SPRING,CYEG,0,1.0000,1.0000,1.30
2025-06-12T16:58:00+00:00,west,noaa-goes18,DAY,SUMMER,CYEG,0,1.0000,1.0000,1.30
2025-01-02T04:52:00+00:00,west,noaa-goes18,NIGHT,WINTER,CYEG,0,1.0000,0.8400,1.30
2024-07-22T18:39:00+00:00,west,noaa-goes18,DAY,SUMMER,CYEG,1,0.0000,0.0000,1.30
2023-02-11T18:44:00+00:00,west,noaa-goes18,DAY,WINTER,CYEG,1,0.0000,0.0000,1.30
2025-11-27T03:41:00+00:00,west,noaa-goes18,NIGHT,AUTUMN,CYEG,0,1.0000,1.0000,1.30
2021-10-20T16:44:00+00:00,west,noaa-goes17,DAY,AUTUMN,CYEG,1,0.0000,0.0000,1.30
2022-03-26T03:47:00+00:00,west,noaa-goes17,NIGHT,SPRING,CYEG,0,1.0000,1.0000,1.30
2020-03-26T23:44:00+00:00,west,noaa-goes17,DAY,SPRING,CYEG,0,1.0000,1.0000,1.30
2021-11-19T22:00:00+00:00,west,noaa-goes17,DAY,AUTUMN,CYEG,1,0.0000,0.0400,1.30
2020-09-12T00:22:00+00:00,west,noaa-goes17,DAY,AUTUMN,CYEG,1,0.2222,0.2000,1.30
2022-03-16T23:10:00+00:00,west,noaa-goes17,DAY,SPRING,CYEG,1,0.0000,0.0000,1.30
2023-10-10T06:34:00+00:00,west,noaa-goes18,NIGHT,AUTUMN,CYEG,1,0.2222,0.2800,1.30
2024-06-10T06:55:00+00:00,west,noaa-goes18,NIGHT,SUMMER,CYEG,0,0.8889,0.8000,1.30
2022-01-05T08:15:00+00:00,west,noaa-goes17,NIGHT,WINTER,CYEG,0,1.0000,1.0000,1.30
2025-12-08T07:35:00+00:00,west,noaa-goes18,NIGHT,WINTER,CYEG,1,0.0000,0.1600,1.30
2020-01-08T11:35:00+00:00,west,noaa-goes17,NIGHT,WINTER,CYEG,0,0.7778,0.9200,1.30
2021-12-01T21:49:00+00:00,west,noaa-goes17,DAY,WINTER,CYEG,0,1.0000,1.0000,1.30
2024-06-18T17:44:00+00:00,west,noaa-goes18,DAY,SUMMER,CYEG,0,0.4444,0.5200,1.30
2024-11-05T05:52:00+00:00,west,noaa-goes18,NIGHT,AUTUMN,CYEG,0,1.0000,1.0000,1.30
2022-09-26T07:11:00+00:00,west,noaa-goes17,NIGHT,AUTUMN,CYEG,0,1.0000,1.0000,1.30
2022-04-27T16:39:00+00:00,west,noaa-goes17,DAY,SPRING,CYEG,0,1.0000,1.0000,1.30
2024-04-27T21:50:00+00:00,west,noaa-goes18,DAY,SPRING,CYEG,1,0.0000,0.2800,1.30
2025-06-04T13:57:00+00:00,west,noaa-goes18,DAY,SUMMER,CYEG,1,0.0000,0.0000,1.30
2021-04-12T20:34:00+00:00,west,noaa-goes17,DAY,SPRING,CYEG,0,1.0000,1.0000,1.30
2025-02-06T03:15:00+00:00,west,noaa-goes18,NIGHT,WINTER,CYEG,0,1.0000,1.0000,1.30
2024-11-12T17:19:00+00:00,west,noaa-goes18,DAY,AUTUMN,CYEG,1,0.0000,0.0000,1.30
2021-03-21T00:04:00+00:00,west,noaa-goes17,DAY,SPRING,CYEG,0,1.0000,1.0000,1.30
2022-02-16T04:42:00+00:00,west,noaa-goes17,NIGHT,WINTER,CYEG,0,1.0000,1.0000,1.30
2025-09-02T05:12:00+00:00,west,noaa-goes18,NIGHT,AUTUMN,CYEG,0,1.0000,1.0000,1.30
2022-07-13T22:38:00+00:00,west,noaa-goes17,DAY,SUMMER,CYEG,1,0.3333,0.4000,1.30
2021-09-16T03:43:00+00:00,west,noaa-goes17,NIGHT,AUTUMN,CYEG,1,0.0000,0.1200,1.30
2025-09-12T23:14:00+00:00,west,noaa-goes18,DAY,AUTUMN,CYEG,1,0.0000,0.0000,1.30
2023-12-01T05:29:00+00:00,west,noaa-goes18,NIGHT,WINTER,CYEG,1,0.6667,0.6000,1.30
2020-09-16T16:30:00+00:00,west,noaa-goes17,DAY,AUTUMN,CYEG,1,0.0000,0.0000,1.30
2023-08-25T22:48:00+00:00,west,noaa-goes18,DAY,SUMMER,CYEG,1,0.0000,0.0000,1.30
2025-05-29T15:24:00+00:00,west,noaa-goes18,DAY,SPRING,CYEG,1,0.0000,0.0000,1.30
2021-01-24T20:02:00+00:00,west,noaa-goes17,DAY,WINTER,CYEG,0,1.0000,1.0000,1.30
2024-09-26T20:46:00+00:00,west,noaa-goes18,DAY,AUTUMN,CYEG,1,0.0000,0.0000,1.30
2024-02-25T18:10:00+00:00,west,noaa-goes18,DAY,WINTER,CYEG,0,1.0000,1.0000,1.30
2020-01-26T20:57:00+00:00,west,noaa-goes17,DAY,WINTER,CYEG,1,0.1111,0.2400,1.30
2022-12-27T07:49:00+00:00,west,noaa-goes17,NIGHT,WINTER,CYEG,0,1.0000,1.0000,1.30
2020-11-03T19:08:00+00:00,west,noaa-goes17,DAY,AUTUMN,CYEG,0,1.0000,1.0000,1.30
2025-03-28T19:28:00+00:00,west,noaa-goes18,DAY,SPRING,CYEG,0,1.0000,1.0000,1.30
2025-08-22T22:07:00+00:00,west,noaa-goes18,DAY,SUMMER,CYEG,1,0.0000,0.0400,1.30
2023-12-14T18:26:00+00:00,west,noaa-goes18,DAY,WINTER,CYEG,0,1.0000,1.0000,1.30
2025-12-24T20:15:00+00:00,west,noaa-goes18,DAY,WINTER,CYEG,0,1.0000,1.0000,1.30
2025-07-30T05:47:00+00:00,west,noaa-goes18,NIGHT,SUMMER,CYEG,1,0.0000,0.0000,1.30
2020-03-09T22:52:00+00:00,west,noaa-goes17,DAY,SPRING,CYEG,1,0.1111,0.2800,1.30
2021-09-09T22:25:00+00:00,west,noaa-goes17,DAY,AUTUMN,CYEG,0,1.0000,1.0000,1.30
2024-03-23T11:44:00+00:00,west,noaa-goes18,NIGHT,SPRING,CYEG,0,1.0000,1.0000,1.30
2024-06-23T17:24:00+00:00,west,noaa-goes18,DAY,SUMMER,CYEG,1,0.0000,0.0000,1.30
2021-11-30T19:55:00+00:00,west,noaa-goes17,DAY,AUTUMN,CYEG,0,1.0000,1.0000,1.30
2023-12-20T18:53:00+00:00,west,noaa-goes18,DAY,WINTER,CYEG,0,1.0000,1.0000,1.30
2021-01-20T04:20:00+00:00,west,noaa-goes17,NIGHT,WINTER,CYEG,0,1.0000,1.0000,1.30
2025-01-09T06:19:00+00:00,west,noaa-goes18,NIGHT,WINTER,CYEG,1,0.0000,0.0000,1.30
2025-09-08T18:36:00+00:00,west,noaa-goes18,DAY,AUTUMN,CYEG,1,0.0000,0.0400,1.30
2022-07-04T19:17:00+00:00,west,noaa-goes17,DAY,SUMMER,CYEG,0,1.0000,1.0000,1.30
2024-11-17T20:40:00+00:00,west,noaa-goes18,DAY,AUTUMN,CYEG,0,1.0000,1.0000,1.30
2020-04-02T14:17:00+00:00,west,noaa-goes17,DAY,SPRING,CYEG,0,1.0000,1.0000,1.30
2025-04-30T04:48:00+00:00,west,noaa-goes18,NIGHT,SPRING,CYEG,0,1.0000,1.0000,1.30
2024-08-14T13:37:00+00:00,west,noaa-goes18,DAY,SUMMER,CYEG,0,1.0000,1.0000,1.30
2023-06-01T02:48:00+00:00,west,noaa-goes18,DAY,SUMMER,CYEG,0,1.0000,1.0000,1.30
2024-11-28T18:39:00+00:00,west,noaa-goes18,DAY,AUTUMN,CYEG,0,1.0000,0.7200,1.30
2024-06-11T15:01:00+00:00,west,noaa-goes18,DAY,SUMMER,CYEG,0,0.6667,0.5200,1.30
2020-01-16T17:50:00+00:00,west,noaa-goes17,DAY,WINTER,CYEG,0,1.0000,1.0000,1.30
2025-02-16T09:43:00+00:00,west,noaa-goes18,NIGHT,WINTER,CYEG,1,0.0000,0.0000,1.30
2025-08-01T08:35:00+00:00,west,noaa-goes18,NIGHT,SUMMER,CYEG,0,1.0000,1.0000,1.30
2023-12-12T21:39:00+00:00,west,noaa-goes18,DAY,WINTER,CYEG,1,0.0000,0.0000,1.30
2023-03-10T12:17:00+00:00,west,noaa-goes18,NIGHT,SPRING,CYEG,0,0.6667,0.7600,1.30
2020-11-04T16:12:00+00:00,west,noaa-goes17,DAY,AUTUMN,CYEG,1,0.0000,0.0000,1.30
2024-08-10T14:15:00+00:00,west,noaa-goes18,DAY,SUMMER,CYEG,1,0.0000,0.0000,1.30
2023-03-29T14:33:00+00:00,west,noaa-goes18,DAY,SPRING,CYEG,1,0.0000,0.0000,1.30
2023-11-07T06:25:00+00:00,west,noaa-goes18,NIGHT,AUTUMN,CYEG,0,1.0000,1.0000,1.30
2025-12-24T03:24:00+00:00,west,noaa-goes18,NIGHT,WINTER,CYEG,1,0.0000,0.0000,1.30
2023-04-14T18:34:00+00:00,west,noaa-goes18,DAY,SPRING,CYEG,0,1.0000,1.0000,1.30
2023-07-18T00:50:00+00:00,west,noaa-goes18,DAY,SUMMER,CYEG,0,1.0000,1.0000,1.30
2021-11-13T21:40:00+00:00,west,noaa-goes17,DAY,AUTUMN,CYEG,0,1.0000,1.0000,1.30
2020-02-10T10:10:00+00:00,west,noaa-goes17,NIGHT,WINTER,CYEG,0,0.8889,0.9600,1.30
2021-04-29T01:10:00+00:00,west,noaa-goes17,DAY,SPRING,CYEG,0,1.0000,1.0000,1.30
2020-06-09T12:25:00+00:00,west,noaa-goes17,DAY,SUMMER,CYEG,0,1.0000,1.0000,1.30
2023-04-02T17:38:00+00:00,west,noaa-goes18,DAY,SPRING,CYEG,0,1.0000,1.0000,1.30
2020-09-07T00:53:00+00:00,west,noaa-goes17,DAY,AUTUMN,CYEG,0,1.0000,1.0000,1.30
2022-01-03T08:34:00+00:00,west,noaa-goes17,NIGHT,WINTER,CYEG,1,0.2222,0.6000,1.30
2021-03-03T07:00:00+00:00,west,noaa-goes17,NIGHT,SPRING,CYEG,0,1.0000,1.0000,1.30
2022-02-17T21:51:00+00:00,west,noaa-goes17,DAY,WINTER,CYEG,0,1.0000,1.0000,1.30
2023-06-03T21:52:00+00:00,west,noaa-goes18,DAY,SUMMER,CYEG,0,1.0000,1.0000,1.30
2022-08-28T19:38:00+00:00,west,noaa-goes17,DAY,SUMMER,CYEG,1,0.1111,0.2400,1.30
2025-04-24T08:53:00+00:00,west,noaa-goes18,NIGHT,SPRING,CYEG,0,0.5556,0.6400,1.30
2021-03-10T17:22:00+00:00,west,noaa-goes17,DAY,SPRING,CYEG,0,1.0000,1.0000,1.30
2024-08-30T07:00:00+00:00,west,noaa-goes18,NIGHT,SUMMER,CYEG,1,0.0000,0.0000,1.30
2021-09-03T14:50:00+00:00,west,noaa-goes17,DAY,AUTUMN,CYEG,1,0.0000,0.0400,1.30
2024-02-26T00:03:00+00:00,west,noaa-goes18,DAY,WINTER,CYEG,0,1.0000,1.0000,1.30
2020-01-03T06:02:00+00:00,west,noaa-goes17,NIGHT,WINTER,CYEG,0,1.0000,1.0000,1.30
2023-12-28T20:13:00+00:00,west,noaa-goes18,DAY,WINTER,CYEG,1,0.0000,0.0000,1.30
2020-03-11T11:24:00+00:00,west,noaa-goes17,NIGHT,SPRING,CYEG,0,1.0000,1.0000,1.30
2022-12-05T18:12:00+00:00,west,noaa-goes17,DAY,WINTER,CYEG,1,0.4444,0.4400,1.30
2024-11-30T17:42:00+00:00,west,noaa-goes18,DAY,AUTUMN,CYEG,0,1.0000,1.0000,1.30
2023-04-20T13:28:00+00:00,west,noaa-goes18,DAY,SPRING,CYEG,0,1.0000,1.0000,1.30
2020-07-31T16:48:00+00:00,west,noaa-goes17,DAY,SUMMER,CYEG,1,0.0000,0.0400,1.30
2025-05-19T23:58:00+00:00,west,noaa-goes18,DAY,SPRING,CYEG,0,1.0000,1.0000,1.30
2020-03-20T20:07:00+00:00,west,noaa-goes17,DAY,SPRING,CYEG,1,0.0000,0.1600,1.30
2024-08-24T20:51:00+00:00,west,noaa-goes18,DAY,SUMMER,CYEG,0,0.5556,0.5200,1.30
2020-05-23T00:07:00+00:00,west,noaa-goes17,DAY,SPRING,CYEG,0,1.0000,1.0000,1.30
2022-04-15T13:23:00+00:00,west,noaa-goes17,DAY,SPRING,CYEG,0,1.0000,1.0000,1.30
2021-05-18T01:14:00+00:00,west,noaa-goes17,DAY,SPRING,CYEG,0,1.0000,1.0000,1.30
2023-01-16T09:19:00+00:00,west,noaa-goes18,NIGHT,WINTER,CYEG,0,1.0000,1.0000,1.30
2022-10-29T04:38:00+00:00,west,noaa-goes17,NIGHT,AUTUMN,CYEG,0,1.0000,1.0000,1.30
2020-06-26T12:30:00+00:00,west,noaa-goes17,DAY,SUMMER,CYEG,0,1.0000,1.0000,1.30
2023-01-28T21:21:00+00:00,west,noaa-goes18,DAY,WINTER,CYEG,1,0.0000,0.0400,1.30
2024-09-24T17:57:00+00:00,west,noaa-goes18,DAY,AUTUMN,CYEG,1,0.0000,0.0000,1.30
2023-05-17T01:24:00+00:00,west,noaa-goes18,DAY,SPRING,CYEG,1,0.0000,0.0000,1.30
2023-07-15T13:49:00+00:00,west,noaa-goes18,DAY,SUMMER,CYEG,1,0.0000,0.0000,1.30
2021-12-31T05:54:00+00:00,west,noaa-goes17,NIGHT,WINTER,CYEG,1,0.0000,0.0000,1.30
2022-01-10T03:38:00+00:00,west,noaa-goes17,NIGHT,WINTER,CYEG,0,1.0000,1.0000,1.30
2020-02-02T10:15:00+00:00,west,noaa-goes17,NIGHT,WINTER,CYEG,1,0.1111,0.1600,1.30
2022-06-01T20:41:00+00:00,west,noaa-goes17,DAY,SUMMER,CYEG,0,0.6667,0.6400,1.30
2023-04-22T14:50:00+00:00,west,noaa-goes18,DAY,SPRING,CYEG,0,1.0000,1.0000,1.30
2023-06-12T15:57:00+00:00,west,noaa-goes18,DAY,SUMMER,CYEG,1,0.0000,0.0000,1.30
2024-05-11T09:34:00+00:00,west,noaa-goes18,NIGHT,SPRING,CYEG,1,0.2222,0.2800,1.30
2023-03-27T21:50:00+00:00,west,noaa-goes18,DAY,SPRING,CYEG,1,0.0000,0.0400,1.30
2022-07-01T19:27:00+00:00,west,noaa-goes17,DAY,SUMMER,CYEG,1,0.4444,0.6400,1.30
2023-08-29T05:06:00+00:00,west,noaa-goes18,NIGHT,SUMMER,CYEG,1,0.1111,0.0800,1.30
2022-08-07T17:14:00+00:00,west,noaa-goes17,DAY,SUMMER,CYEG,1,0.0000,0.0000,1.30
2023-07-04T00:31:00+00:00,west,noaa-goes18,DAY,SUMMER,CYEG,1,0.0000,0.1600,1.30
2020-12-01T04:18:00+00:00,west,noaa-goes17,NIGHT,WINTER,CYEG,1,0.2222,0.2400,1.30
2023-09-26T23:22:00+00:00,west,noaa-goes18,DAY,AUTUMN,CYEG,1,0.0000,0.0000,1.30
2020-08-18T00:47:00+00:00,west,noaa-goes17,DAY,SUMMER,CYEG,0,1.0000,0.8400,1.30
2022-10-17T12:08:00+00:00,west,noaa-goes17,NIGHT,AUTUMN,CYEG,1,0.4444,0.4400,1.30
2022-01-27T02:59:00+00:00,west,noaa-goes17,NIGHT,WINTER,CYEG,1,0.5556,0.5600,1.30
2020-10-05T22:49:00+00:00,west,noaa-goes17,DAY,AUTUMN,CYEG,0,1.0000,1.0000,1.30
2025-04-18T07:59:00+00:00,west,noaa-goes18,NIGHT,SPRING,CYEG,0,1.0000,1.0000,1.30
2021-08-09T20:29:00+00:00,west,noaa-goes17,DAY,SUMMER,CYEG,1,0.0000,0.0000,1.30
2023-01-13T17:41:00+00:00,west,noaa-goes18,DAY,WINTER,CYEG,0,1.0000,1.0000,1.30
2022-10-06T19:22:00+00:00,west,noaa-goes17,DAY,AUTUMN,CYEG,1,0.0000,0.0000,1.30
2023-08-07T22:43:00+00:00,west,noaa-goes18,DAY,SUMMER,CYEG,1,0.0000,0.2000,1.30
2023-08-08T17:20:00+00:00,west,noaa-goes18,DAY,SUMMER,CYEG,0,1.0000,1.0000,1.30
2021-12-01T05:37:00+00:00,west,noaa-goes17,NIGHT,WINTER,CYEG,0,1.0000,1.0000,1.30
2023-11-19T04:45:00+00:00,west,noaa-goes18,NIGHT,AUTUMN,CYEG,0,1.0000,1.0000,1.30
2021-04-18T16:20:00+00:00,west,noaa-goes17,DAY,SPRING,CYEG,0,1.0000,1.0000,1.30
2020-12-10T14:04:00+00:00,west,noaa-goes17,NIGHT,WINTER,CYEG,0,0.8889,0.9600,1.30
2020-08-01T16:54:00+00:00,west,noaa-goes17,DAY,SUMMER,CYEG,1,0.0000,0.0000,1.30
2021-01-14T08:28:00+00:00,west,noaa-goes17,NIGHT,WINTER,CYEG,1,0.0000,0.0000,1.30
2025-02-03T09:17:00+00:00,west,noaa-goes18,NIGHT,WINTER,CYEG,0,0.8889,0.9200,1.30
2025-04-15T07:48:00+00:00,west,noaa-goes18,NIGHT,SPRING,CYEG,0,1.0000,1.0000,1.30
2024-02-08T20:13:00+00:00,west,noaa-goes18,DAY,WINTER,CYEG,0,1.0000,1.0000,1.30
2023-12-31T04:19:00+00:00,west,noaa-goes18,NIGHT,WINTER,CYEG,0,1.0000,1.0000,1.30
2024-11-30T16:46:00+00:00,west,noaa-goes18,DAY,AUTUMN,CYEG,0,1.0000,1.0000,1.30
2025-03-04T03:22:00+00:00,west,noaa-goes18,NIGHT,SPRING,CYEG,0,0.7778,0.6800,1.30
2023-05-14T22:51:00+00:00,west,noaa-goes18,DAY,SPRING,CYEG,1,0.0000,0.0000,1.30
2025-02-24T06:16:00+00:00,west,noaa-goes18,NIGHT,WINTER,CYEG,1,0.0000,0.0000,1.30
2023-03-31T19:13:00+00:00,west,noaa-goes18,DAY,SPRING,CYEG,1,0.0000,0.0000,1.30
2025-06-23T16:34:00+00:00,west,noaa-goes18,DAY,SUMMER,CYEG,0,1.0000,1.0000,1.30
2020-05-04T07:12:00+00:00,west,noaa-goes17,NIGHT,SPRING,CYEG,0,1.0000,1.0000,1.30
2021-05-26T16:13:00+00:00,west,noaa-goes17,DAY,SPRING,CYEG,0,0.8889,0.8000,1.30
2024-09-21T02:55:00+00:00,west,noaa-goes18,NIGHT,AUTUMN,CYEG,0,0.8889,0.7600,1.30
2020-10-08T22:12:00+00:00,west,noaa-goes17,DAY,AUTUMN,CYEG,0,1.0000,1.0000,1.30
2022-09-08T20:33:00+00:00,west,noaa-goes17,DAY,AUTUMN,CYEG,0,1.0000,1.0000,1.30
2022-01-16T13:59:00+00:00,west,noaa-goes17,NIGHT,WINTER,CYEG,0,1.0000,1.0000,1.30
2020-06-02T16:30:00+00:00,west,noaa-goes17,DAY,SUMMER,CYEG,1,0.0000,0.0800,1.30
2025-09-03T17:56:00+00:00,west,noaa-goes18,DAY,AUTUMN,CYEG,0,1.0000,1.0000,1.30
2021-12-18T17:04:00+00:00,west,noaa-goes17,DAY,WINTER,CYEG,0,1.0000,1.0000,1.30
2023-12-15T05:30:00+00:00,west,noaa-goes18,NIGHT,WINTER,CYEG,0,1.0000,1.0000,1.30
2025-04-30T06:00:00+00:00,west,noaa-goes18,NIGHT,SPRING,CYEG,0,1.0000,1.0000,1.30
2023-03-14T17:27:00+00:00,west,noaa-goes18,DAY,SPRING,CYEG,1,0.0000,0.0000,1.30
2022-01-23T10:43:00+00:00,west,noaa-goes17,NIGHT,WINTER,CYEG,0,1.0000,1.0000,1.30
2020-09-13T10:11:00+00:00,west,noaa-goes17,NIGHT,AUTUMN,CYEG,0,1.0000,1.0000,1.30
2021-05-15T14:44:00+00:00,west,noaa-goes17,DAY,SPRING,CYEG,0,1.0000,0.9600,1.30
2023-06-06T13:20:00+00:00,west,noaa-goes18,DAY,SUMMER,CYEG,1,0.0000,0.0000,1.30
2022-07-16T15:51:00+00:00,west,noaa-goes17,DAY,SUMMER,CYEG,1,0.0000,0.0000,1.30
2025-09-27T18:55:00+00:00,west,noaa-goes18,DAY,AUTUMN,CYEG,0,1.0000,1.0000,1.30
2021-03-15T11:27:00+00:00,west,noaa-goes17,NIGHT,SPRING,CYEG,0,1.0000,1.0000,1.30
2025-05-13T06:18:00+00:00,west,noaa-goes18,NIGHT,SPRING,CYEG,0,1.0000,1.0000,1.30
2023-02-17T12:31:00+00:00,west,noaa-goes18,NIGHT,WINTER,CYEG,0,0.6667,0.6400,1.30
2021-10-27T18:51:00+00:00,west,noaa-goes17,DAY,AUTUMN,CYEG,1,0.0000,0.0400,1.30
2024-06-16T18:59:00+00:00,west,noaa-goes18,DAY,SUMMER,CYEG,0,1.0000,1.0000,1.30
2020-09-24T09:14:00+00:00,west,noaa-goes17,NIGHT,AUTUMN,CYEG,0,1.0000,1.0000,1.30
2022-11-18T12:40:00+00:00,west,noaa-goes17,NIGHT,AUTUMN,CYEG,0,0.6667,0.4800,1.30
2024-10-27T08:57:00+00:00,west,noaa-goes18,NIGHT,AUTUMN,CYEG,0,1.0000,1.0000,1.30
2023-10-30T01:39:00+00:00,west,noaa-goes18,NIGHT,AUTUMN,CYEG,0,1.0000,1.0000,1.30
2020-04-28T22:02:00+00:00,west,noaa-goes17,DAY,SPRING,CYEG,0,1.0000,1.0000,1.30
2023-10-25T15:14:00+00:00,west,noaa-goes18,DAY,AUTUMN,CYEG,1,0.0000,0.0000,1.30
2020-03-10T17:57:00+00:00,west,noaa-goes17,DAY,SPRING,CYEG,0,1.0000,1.0000,1.30
2022-08-16T21:45:00+00:00,west,noaa-goes17,DAY,SUMMER,CYEG,0,1.0000,1.0000,1.30
2023-10-26T05:06:00+00:00,west,noaa-goes18,NIGHT,AUTUMN,CYEG,0,1.0000,1.0000,1.30
2020-12-14T17:38:00+00:00,west,noaa-goes17,DAY,WINTER,CYEG,0,1.0000,1.0000,1.30
2024-08-04T21:33:00+00:00,west,noaa-goes18,DAY,SUMMER,CYEG,0,1.0000,1.0000,1.30
2023-04-04T09:10:00+00:00,west,noaa-goes18,NIGHT,SPRING,CYEG,1,0.2222,0.5200,1.30
2025-10-08T16:19:00+00:00,west,noaa-goes18,DAY,AUTUMN,CYEG,0,1.0000,1.0000,1.30
2025-02-18T18:23:00+00:00,west,noaa-goes18,DAY,WINTER,CYEG,1,0.0000,0.0000,1.30
2024-11-29T05:35:00+00:00,west,noaa-goes18,NIGHT,AUTUMN,CYEG,0,1.0000,1.0000,1.30
2024-02-28T15:21:00+00:00,west,noaa-goes18,DAY,WINTER,CYEG,0,1.0000,1.0000,1.30
2025-10-24T23:07:00+00:00,west,noaa-goes18,DAY,AUTUMN,CYEG,0,1.0000,1.0000,1.30
2025-03-10T23:34:00+00:00,west,noaa-goes18,DAY,SPRING,CYEG,0,1.0000,1.0000,1.30
2020-10-30T04:19:00+00:00,west,noaa-goes17,NIGHT,AUTUMN,CYEG,0,1.0000,1.0000,1.30
2025-12-06T17:12:00+00:00,west,noaa-goes18,DAY,WINTER,CYEG,1,0.0000,0.0800,1.30
2025-01-24T02:29:00+00:00,west,noaa-goes18,NIGHT,WINTER,CYEG,0,0.5556,0.6000,1.30
2025-12-07T09:58:00+00:00,west,noaa-goes18,NIGHT,WINTER,CYEG,1,0.0000,0.0000,1.30
2022-12-11T10:51:00+00:00,west,noaa-goes17,NIGHT,WINTER,CYEG,0,1.0000,1.0000,1.30
2022-04-24T13:31:00+00:00,west,noaa-goes17,DAY,SPRING,CYEG,1,0.0000,0.0000,1.30
2021-10-16T16:25:00+00:00,west,noaa-goes17,DAY,AUTUMN,CYEG,0,1.0000,1.0000,1.30
2025-08-21T10:48:00+00:00,west,noaa-goes18,NIGHT,SUMMER,CYEG,0,0.7778,0.4800,1.30
2024-11-14T17:07:00+00:00,west,noaa-goes18,DAY,AUTUMN,CYEG,0,1.0000,1.0000,1.30
2020-12-01T18:15:00+00:00,west,noaa-goes17,DAY,WINTER,CYEG,1,0.0000,0.0400,1.30
2025-07-06T17:05:00+00:00,west,noaa-goes18,DAY,SUMMER,CYEG,0,1.0000,1.0000,1.30
2023-01-31T10:36:00+00:00,west,noaa-goes18,NIGHT,WINTER,CYEG,0,1.0000,1.0000,1.30
2021-11-14T03:28:00+00:00,west,noaa-goes17,NIGHT,AUTUMN,CYEG,0,1.0000,1.0000,1.30
2025-03-31T18:03:00+00:00,west,noaa-goes18,DAY,SPRING,CYEG,0,1.0000,1.0000,1.30
2024-02-26T10:09:00+00:00,west,noaa-goes18,NIGHT,WINTER,CYEG,0,1.0000,1.0000,1.30
2023-07-06T23:32:00+00:00,west,noaa-goes18,DAY,SUMMER,CYEG,1,0.0000,0.2000,1.30
2020-03-25T23:29:00+00:00,west,noaa-goes17,DAY,SPRING,CYEG,1,0.5556,0.4000,1.30
2020-02-18T21:20:00+00:00,west,noaa-goes17,DAY,WINTER,CYEG,1,0.1111,0.1200,1.30
2022-03-10T04:43:00+00:00,west,noaa-goes17,NIGHT,SPRING,CYEG,0,1.0000,1.0000,1.30
2024-06-04T00:47:00+00:00,west,noaa-goes18,DAY,SUMMER,CYEG,0,1.0000,1.0000,1.30
2022-09-14T18:05:00+00:00,west,noaa-goes17,DAY,AUTUMN,CYEG,1,0.0000,0.0000,1.30
2020-02-12T07:54:00+00:00,west,noaa-goes17,NIGHT,WINTER,CYEG,0,1.0000,1.0000,1.30
2025-12-21T04:54:00+00:00,west,noaa-goes18,NIGHT,WINTER,CYEG,0,1.0000,1.0000,1.30
2025-04-26T09:08:00+00:00,west,noaa-goes18,NIGHT,SPRING,CYEG,0,1.0000,1.0000,1.30
2022-09-23T23:27:00+00:00,west,noaa-goes17,DAY,AUTUMN,CYEG,1,0.0000,0.0000,1.30
2020-06-22T18:03:00+00:00,west,noaa-goes17,DAY,SUMMER,CYEG,0,1.0000,1.0000,1.30
2025-12-15T10:52:00+00:00,west,noaa-goes18,NIGHT,WINTER,CYEG,0,1.0000,1.0000,1.30
2025-12-31T03:54:00+00:00,west,noaa-goes18,NIGHT,WINTER,CYEG,0,1.0000,1.0000,1.30
2025-08-19T22:07:00+00:00,west,noaa-goes18,DAY,SUMMER,CYEG,1,0.2222,0.2800,1.30
2020-09-06T04:19:00+00:00,west,noaa-goes17,NIGHT,AUTUMN,CYEG,0,1.0000,1.0000,1.30
2022-05-19T22:29:00+00:00,west,noaa-goes17,DAY,SPRING,CYEG,0,1.0000,1.0000,1.30
2023-11-06T22:50:00+00:00,west,noaa-goes18,DAY,AUTUMN,CYEG,0,1.0000,1.0000,1.30
2024-12-06T02:13:00+00:00,west,noaa-goes18,NIGHT,WINTER,CYEG,0,1.0000,1.0000,1.30
2023-11-29T16:46:00+00:00,west,noaa-goes18,DAY,AUTUMN,CYEG,0,1.0000,1.0000,1.30
2024-06-30T18:15:00+00:00,west,noaa-goes18,DAY,SUMMER,CYEG,0,1.0000,1.0000,1.30
2020-09-04T22:00:00+00:00,west,noaa-goes17,DAY,AUTUMN,CYEG,1,0.1111,0.1200,1.30
2023-09-29T17:20:00+00:00,west,noaa-goes18,DAY,AUTUMN,CYEG,0,1.0000,1.0000,1.30
2024-10-28T02:23:00+00:00,west,noaa-goes18,NIGHT,AUTUMN,CYEG,0,0.8889,0.8400,1.30
2023-04-10T14:42:00+00:00,west,noaa-goes18,DAY,SPRING,CYEG,0,0.7778,0.8000,1.30
2022-10-05T02:41:00+00:00,west,noaa-goes17,NIGHT,AUTUMN,CYEG,0,1.0000,1.0000,1.30
2024-03-18T07:37:00+00:00,west,noaa-goes18,NIGHT,SPRING,CYEG,1,0.0000,0.0000,1.30
2025-06-19T18:11:00+00:00,west,noaa-goes18,DAY,SUMMER,CYEG,0,1.0000,1.0000,1.30
2024-01-02T11:50:00+00:00,west,noaa-goes18,NIGHT,WINTER,CYEG,0,1.0000,1.0000,1.30
2023-04-03T07:25:00+00:00,west,noaa-goes18,NIGHT,SPRING,CYEG,0,1.0000,1.0000,1.30
2020-06-23T21:08:00+00:00,west,noaa-goes17,DAY,SUMMER,CYEG,0,1.0000,1.0000,1.30
2025-09-12T07:30:00+00:00,west,noaa-goes18,NIGHT,AUTUMN,CYEG,1,0.2222,0.1600,1.30
2020-04-25T05:34:00+00:00,west,noaa-goes17,NIGHT,SPRING,CYEG,1,0.0000,0.0000,1.30
2024-09-23T20:24:00+00:00,west,noaa-goes18,DAY,AUTUMN,CYEG,0,1.0000,0.8800,1.30
2024-08-05T00:21:00+00:00,west,noaa-goes18,DAY,SUMMER,CYEG,0,1.0000,1.0000,1.30
2025-11-04T02:24:00+00:00,west,noaa-goes18,NIGHT,AUTUMN,CYEG,1,0.1111,0.2000,1.30
2024-08-15T02:02:00+00:00,west,noaa-goes18,DAY,SUMMER,CYEG,1,0.0000,0.0000,1.30
2021-03-05T19:44:00+00:00,west,noaa-goes17,DAY,SPRING,CYEG,0,1.0000,1.0000,1.30
2025-03-06T10:40:00+00:00,west,noaa-goes18,NIGHT,SPRING,CYEG,1,0.0000,0.0000,1.30
2023-05-12T13:53:00+00:00,west,noaa-goes18,DAY,SPRING,CYEG,1,0.0000,0.0000,1.30
2022-12-23T01:23:00+00:00,west,noaa-goes17,NIGHT,WINTER,CYEG,1,0.0000,0.0000,1.30
2021-05-24T01:12:00+00:00,west,noaa-goes17,DAY,SPRING,CYEG,0,1.0000,1.0000,1.30
2020-01-06T04:31:00+00:00,west,noaa-goes17,NIGHT,WINTER,CYEG,0,1.0000,1.0000,1.30
2022-05-26T00:16:00+00:00,west,noaa-goes17,DAY,SPRING,CYEG,1,0.0000,0.0000,1.30
2021-08-07T15:26:00+00:00,west,noaa-goes17,DAY,SUMMER,CYEG,0,1.0000,1.0000,1.30
2022-05-04T13:08:00+00:00,west,noaa-goes17,DAY,SPRING,CYEG,0,1.0000,1.0000,1.30
2025-09-16T03:16:00+00:00,west,noaa-goes18,NIGHT,AUTUMN,CYEG,1,0.0000,0.0800,1.30
2022-11-27T21:17:00+00:00,west,noaa-goes17,DAY,AUTUMN,CYEG,0,1.0000,1.0000,1.30
2025-01-30T03:33:00+00:00,west,noaa-goes18,NIGHT,WINTER,CYEG,0,1.0000,1.0000,1.30
2022-07-30T18:20:00+00:00,west,noaa-goes17,DAY,SUMMER,CYEG,0,1.0000,1.0000,1.30
2022-05-15T00:36:00+00:00,west,noaa-goes17,DAY,SPRING,CYEG,1,0.0000,0.0000,1.30
2024-08-13T18:51:00+00:00,west,noaa-goes18,DAY,SUMMER,CYEG,1,0.0000,0.0000,1.30
2020-07-02T13:31:00+00:00,west,noaa-goes17,DAY,SUMMER,CYEG,0,1.0000,1.0000,1.30
2024-07-05T08:44:00+00:00,west,noaa-goes18,NIGHT,SUMMER,CYEG,1,0.0000,0.0000,1.30
2020-01-15T18:11:00+00:00,west,noaa-goes17,DAY,WINTER,CYEG,0,0.8889,0.7200,1.30
2023-02-13T19:32:00+00:00,west,noaa-goes18,DAY,WINTER,CYEG,1,0.5556,0.6400,1.30
2025-02-03T08:55:00+00:00,west,noaa-goes18,NIGHT,WINTER,CYEG,0,0.8889,0.8400,1.30
2025-02-01T04:54:00+00:00,west,noaa-goes18,NIGHT,WINTER,CYEG,0,1.0000,1.0000,1.30
2022-12-25T06:01:00+00:00,west,noaa-goes17,NIGHT,WINTER,CYEG,0,1.0000,1.0000,1.30
2024-10-06T17:35:00+00:00,west,noaa-goes18,DAY,AUTUMN,CYEG,0,1.0000,1.0000,1.30
2024-04-20T08:49:00+00:00,west,noaa-goes18,NIGHT,SPRING,CYEG,0,0.4444,0.4400,1.30
2020-05-23T06:19:00+00:00,west,noaa-goes17,NIGHT,SPRING,CYEG,0,1.0000,1.0000,1.30
2022-05-03T18:32:00+00:00,west,noaa-goes17,DAY,SPRING,CYEG,0,1.0000,1.0000,1.30
2025-07-14T06:35:00+00:00,west,noaa-goes18,NIGHT,SUMMER,CYEG,0,1.0000,1.0000,1.30
2025-04-08T14:41:00+00:00,west,noaa-goes18,DAY,SPRING,CYEG,0,1.0000,1.0000,1.30
2023-03-09T15:28:00+00:00,west,noaa-goes18,DAY,SPRING,CYEG,0,1.0000,1.0000,1.30
2022-08-10T22:00:00+00:00,west,noaa-goes17,DAY,SUMMER,CYEG,0,1.0000,1.0000,1.30
2020-02-21T19:58:00+00:00,west,noaa-goes17,DAY,WINTER,CYEG,0,1.0000,1.0000,1.30
2021-04-06T11:12:00+00:00,west,noaa-goes17,NIGHT,SPRING,CYEG,0,1.0000,1.0000,1.30
2025-09-30T20:55:00+00:00,west,noaa-goes18,DAY,AUTUMN,CYEG,0,1.0000,1.0000,1.30
2024-09-12T00:11:00+00:00,west,noaa-goes18,DAY,AUTUMN,CYEG,0,1.0000,1.0000,1.30
2021-06-07T12:08:00+00:00,west,noaa-goes17,DAY,SUMMER,CYEG,0,1.0000,1.0000,1.30
2023-11-29T08:50:00+00:00,west,noaa-goes18,NIGHT,AUTUMN,CYEG,1,0.0000,0.0400,1.30
2021-11-14T01:59:00+00:00,west,noaa-goes17,NIGHT,AUTUMN,CYEG,0,1.0000,1.0000,1.30
2022-12-09T02:41:00+00:00,west,noaa-goes17,NIGHT,WINTER,CYEG,0,1.0000,1.0000,1.30
2021-11-28T07:57:00+00:00,west,noaa-goes17,NIGHT,AUTUMN,CYEG,0,1.0000,1.0000,1.30
2020-12-14T19:02:00+00:00,west,noaa-goes17,DAY,WINTER,CYEG,0,1.0000,1.0000,1.30
2021-07-02T00:17:00+00:00,west,noaa-goes17,DAY,SUMMER,CYEG,1,0.0000,0.0000,1.30
2020-08-19T22:44:00+00:00,west,noaa-goes17,DAY,SUMMER,CYEG,0,1.0000,0.8400,1.30
2025-07-19T22:37:00+00:00,west,noaa-goes18,DAY,SUMMER,CYEG,0,1.0000,1.0000,1.30
2023-01-19T03:36:00+00:00,west,noaa-goes18,NIGHT,WINTER,CYEG,0,1.0000,1.0000,1.30
2024-02-29T07:53:00+00:00,west,noaa-goes18,NIGHT,WINTER,CYEG,0,1.0000,1.0000,1.30
2020-11-04T01:39:00+00:00,west,noaa-goes17,NIGHT,AUTUMN,CYEG,0,1.0000,1.0000,1.30
2025-05-31T22:39:00+00:00,west,noaa-goes18,DAY,SPRING,CYEG,1,0.4444,0.4000,1.30
2021-08-14T04:48:00+00:00,west,noaa-goes17,NIGHT,SUMMER,CYEG,1,0.1111,0.0400,1.30
2023-02-08T17:29:00+00:00,west,noaa-goes18,DAY,WINTER,CYEG,0,1.0000,1.0000,1.30
2020-04-25T18:46:00+00:00,west,noaa-goes17,DAY,SPRING,CYEG,0,1.0000,1.0000,1.30
2025-04-28T04:47:00+00:00,west,noaa-goes18,NIGHT,SPRING,CYEG,1,0.1111,0.2800,1.30
2024-05-15T08:55:00+00:00,west,noaa-goes18,NIGHT,SPRING,CYEG,0,1.0000,1.0000,1.30
2024-07-24T06:11:00+00:00,west,noaa-goes18,NIGHT,SUMMER,CYEG,0,1.0000,0.9600,1.30
2021-12-27T11:05:00+00:00,west,noaa-goes17,NIGHT,WINTER,CYEG,0,0.7778,0.6000,1.30
2021-08-13T05:18:00+00:00,west,noaa-goes17,NIGHT,SUMMER,CYEG,1,0.2222,0.1600,1.30
2021-02-12T03:34:00+00:00,west,noaa-goes17,NIGHT,WINTER,CYEG,1,0.0000,0.0000,1.30
2020-07-30T01:12:00+00:00,west,noaa-goes17,DAY,SUMMER,CYEG,0,1.0000,1.0000,1.30
2023-06-05T12:33:00+00:00,west,noaa-goes18,DAY,SUMMER,CYEG,1,0.3333,0.2400,1.30
2024-11-02T03:44:00+00:00,west,noaa-goes18,NIGHT,AUTUMN,CYEG,0,1.0000,1.0000,1.30
2024-04-11T06:03:00+00:00,west,noaa-goes18,NIGHT,SPRING,CYEG,0,0.7778,0.8800,1.30
2025-04-29T00:09:00+00:00,west,noaa-goes18,DAY,SPRING,CYEG,0,1.0000,1.0000,1.30
2024-06-23T14:44:00+00:00,west,noaa-goes18,DAY,SUMMER,CYEG,1,0.0000,0.1200,1.30
2021-11-26T01:59:00+00:00,west,noaa-goes17,NIGHT,AUTUMN,CYEG,0,1.0000,1.0000,1.30
2021-09-12T01:02:00+00:00,west,noaa-goes17,DAY,AUTUMN,CYEG,0,1.0000,1.0000,1.30
2023-10-05T07:25:00+00:00,west,noaa-goes18,NIGHT,AUTUMN,CYEG,0,1.0000,1.0000,1.30
2024-08-23T23:08:00+00:00,west,noaa-goes18,DAY,SUMMER,CYEG,1,0.3333,0.6400,1.30
2020-10-14T18:23:00+00:00,west,noaa-goes17,DAY,AUTUMN,CYEG,0,1.0000,1.0000,1.30
2020-05-07T00:21:00+00:00,west,noaa-goes17,DAY,SPRING,CYEG,0,1.0000,1.0000,1.30
2025-03-19T15:38:00+00:00,west,noaa-goes18,DAY,SPRING,CYEG,1,0.5556,0.5200,1.30
2023-07-06T00:03:00+00:00,west,noaa-goes18,DAY,SUMMER,CYEG,1,0.0000,0.0000,1.30
2025-03-04T06:39:00+00:00,west,noaa-goes18,NIGHT,SPRING,CYEG,1,0.0000,0.0000,1.30
2020-05-21T20:28:00+00:00,west,noaa-goes17,DAY,SPRING,CYEG,0,1.0000,1.0000,1.30
2021-12-04T05:05:00+00:00,west,noaa-goes17,NIGHT,WINTER,CYEG,1,0.0000,0.0000,1.30
2021-03-23T06:34:00+00:00,west,noaa-goes17,NIGHT,SPRING,CYEG,0,1.0000,1.0000,1.30
2024-04-08T18:02:00+00:00,west,noaa-goes18,DAY,SPRING,CYEG,1,0.0000,0.0000,1.30
2025-09-17T15:56:00+00:00,west,noaa-goes18,DAY,AUTUMN,CYEG,1,0.0000,0.0000,1.30
2020-11-05T20:24:00+00:00,west,noaa-goes17,DAY,AUTUMN,CYEG,0,1.0000,1.0000,1.30
2021-05-06T00:51:00+00:00,west,noaa-goes17,DAY,SPRING,CYEG,0,1.0000,1.0000,1.30
2023-02-18T23:26:00+00:00,west,noaa-goes18,DAY,WINTER,CYEG,0,1.0000,1.0000,1.30
2021-04-03T15:07:00+00:00,west,noaa-goes17,DAY,SPRING,CYEG,0,1.0000,1.0000,1.30
2021-11-15T17:51:00+00:00,west,noaa-goes17,DAY,AUTUMN,CYEG,0,1.0000,1.0000,1.30
2020-10-07T15:53:00+00:00,west,noaa-goes17,DAY,AUTUMN,CYEG,0,1.0000,1.0000,1.30
2023-06-08T07:26:00+00:00,west,noaa-goes18,NIGHT,SUMMER,CYEG,1,0.0000,0.0000,1.30
2024-06-15T00:09:00+00:00,west,noaa-goes18,DAY,SUMMER,CYEG,0,0.6667,0.6000,1.30
2023-11-03T05:13:00+00:00,west,noaa-goes18,NIGHT,AUTUMN,CYEG,1,0.3333,0.4400,1.30
2023-01-10T02:09:00+00:00,west,noaa-goes18,NIGHT,WINTER,CYEG,1,0.0000,0.0000,1.30
2020-03-10T18:17:00+00:00,west,noaa-goes17,DAY,SPRING,CYEG,0,1.0000,1.0000,1.30
2023-06-03T23:52:00+00:00,west,noaa-goes18,DAY,SUMMER,CYEG,0,1.0000,1.0000,1.30
2022-01-08T12:39:00+00:00,west,noaa-goes17,NIGHT,WINTER,CYEG,0,0.3333,0.5200,1.30
2020-04-02T06:43:00+00:00,west,noaa-goes17,NIGHT,SPRING,CYEG,1,0.0000,0.0800,1.30
2022-01-18T13:41:00+00:00,west,noaa-goes17,NIGHT,WINTER,CYEG,1,0.0000,0.0000,1.30
2025-03-22T19:52:00+00:00,west,noaa-goes18,DAY,SPRING,CYEG,1,0.0000,0.0000,1.30
2023-05-14T23:35:00+00:00,west,noaa-goes18,DAY,SPRING,CYEG,1,0.0000,0.0000,1.30
2020-04-08T21:08:00+00:00,west,noaa-goes17,DAY,SPRING,CYEG,0,1.0000,1.0000,1.30
2023-01-12T11:52:00+00:00,west,noaa-goes18,NIGHT,WINTER,CYEG,0,1.0000,1.0000,1.30
2024-01-10T18:34:00+00:00,west,noaa-goes18,DAY,WINTER,CYEG,0,1.0000,1.0000,1.30
2023-12-07T03:24:00+00:00,west,noaa-goes18,NIGHT,WINTER,CYEG,0,1.0000,1.0000,1.30
2021-03-11T18:42:00+00:00,west,noaa-goes17,DAY,SPRING,CYEG,0,1.0000,1.0000,1.30
2021-03-28T10:59:00+00:00,west,noaa-goes17,NIGHT,SPRING,CYEG,0,1.0000,1.0000,1.30
2021-01-07T05:51:00+00:00,west,noaa-goes17,NIGHT,WINTER,CYEG,1,0.0000,0.0000,1.30
2024-10-26T17:56:00+00:00,west,noaa-goes18,DAY,AUTUMN,CYEG,0,1.0000,1.0000,1.30
2024-07-15T22:18:00+00:00,west,noaa-goes18,DAY,SUMMER,CYEG,0,1.0000,1.0000,1.30
2024-08-21T08:30:00+00:00,west,noaa-goes18,NIGHT,SUMMER,CYEG,0,1.0000,1.0000,1.30
2024-10-18T16:43:00+00:00,west,noaa-goes18,DAY,AUTUMN,CYEG,1,0.0000,0.0400,1.30
2024-09-21T04:13:00+00:00,west,noaa-goes18,NIGHT,AUTUMN,CYEG,1,0.0000,0.0000,1.30
2025-03-13T12:03:00+00:00,west,noaa-goes18,NIGHT,SPRING,CYEG,0,1.0000,1.0000,1.30
2020-02-09T16:33:00+00:00,west,noaa-goes17,DAY,WINTER,CYEG,0,1.0000,1.0000,1.30
2023-01-07T09:29:00+00:00,west,noaa-goes18,NIGHT,WINTER,CYEG,1,0.0000,0.0000,1.30
2022-08-03T14:52:00+00:00,west,noaa-goes17,DAY,SUMMER,CYEG,0,1.0000,1.0000,1.30
2020-12-28T18:07:00+00:00,west,noaa-goes17,DAY,WINTER,CYEG,0,1.0000,1.0000,1.30
2020-05-13T15:18:00+00:00,west,noaa-goes17,DAY,SPRING,CYEG,1,0.0000,0.0000,1.30
2021-06-19T02:27:00+00:00,west,noaa-goes17,DAY,SUMMER,CYEG,0,1.0000,1.0000,1.30
2023-05-16T01:03:00+00:00,west,noaa-goes18,DAY,SPRING,CYEG,1,0.0000,0.0000,1.30
2024-07-11T18:47:00+00:00,west,noaa-goes18,DAY,SUMMER,CYEG,1,0.0000,0.0000,1.30
2025-12-07T06:25:00+00:00,west,noaa-goes18,NIGHT,WINTER,CYEG,0,1.0000,0.9200,1.30
2021-06-07T06:50:00+00:00,west,noaa-goes17,NIGHT,SUMMER,CYEG,0,1.0000,1.0000,1.30
2023-08-28T07:17:00+00:00,west,noaa-goes18,NIGHT,SUMMER,CYEG,1,0.0000,0.0000,1.30
2023-01-12T14:02:00+00:00,west,noaa-goes18,NIGHT,WINTER,CYEG,0,1.0000,1.0000,1.30
2025-08-27T05:07:00+00:00,west,noaa-goes18,NIGHT,SUMMER,CYEG,1,0.2222,0.1200,1.30
2022-07-06T18:33:00+00:00,west,noaa-goes17,DAY,SUMMER,CYEG,0,1.0000,1.0000,1.30
2024-08-07T10:17:00+00:00,west,noaa-goes18,NIGHT,SUMMER,CYEG,1,0.2222,0.2800,1.30
2024-11-03T05:09:00+00:00,west,noaa-goes18,NIGHT,AUTUMN,CYEG,0,1.0000,1.0000,1.30
2020-02-09T05:04:00+00:00,west,noaa-goes17,NIGHT,WINTER,CYEG,1,0.4444,0.3600,1.30
2021-11-12T06:47:00+00:00,west,noaa-goes17,NIGHT,AUTUMN,CYEG,0,1.0000,1.0000,1.30
2025-07-06T21:47:00+00:00,west,noaa-goes18,DAY,SUMMER,CYEG,0,1.0000,1.0000,1.30
2021-08-30T00:22:00+00:00,west,noaa-goes17,DAY,SUMMER,CYEG,0,1.0000,0.9200,1.30
2023-09-08T00:56:00+00:00,west,noaa-goes18,DAY,AUTUMN,CYEG,1,0.0000,0.0000,1.30
2020-09-06T00:01:00+00:00,west,noaa-goes17,DAY,AUTUMN,CYEG,1,0.2222,0.2400,1.30
2025-10-26T12:15:00+00:00,west,noaa-goes18,NIGHT,AUTUMN,CYEG,0,1.0000,1.0000,1.30
2023-04-09T23:45:00+00:00,west,noaa-goes18,DAY,SPRING,CYEG,0,1.0000,1.0000,1.30
2024-07-09T14:15:00+00:00,west,noaa-goes18,DAY,SUMMER,CYEG,1,0.0000,0.0000,1.30
2021-03-31T19:00:00+00:00,west,noaa-goes17,DAY,SPRING,CYEG,0,1.0000,1.0000,1.30
2021-01-03T03:16:00+00:00,west,noaa-goes17,NIGHT,WINTER,CYEG,0,1.0000,1.0000,1.30
2021-05-02T12:51:00+00:00,west,noaa-goes17,DAY,SPRING,CYEG,0,1.0000,1.0000,1.30
2021-01-13T12:36:00+00:00,west,noaa-goes17,NIGHT,WINTER,CYEG,0,1.0000,1.0000,1.30
2021-09-15T07:08:00+00:00,west,noaa-goes17,NIGHT,AUTUMN,CYEG,0,1.0000,1.0000,1.30
2025-07-18T06:59:00+00:00,west,noaa-goes18,NIGHT,SUMMER,CYEG,1,0.0000,0.0000,1.30
2025-12-18T18:46:00+00:00,west,noaa-goes18,DAY,WINTER,CYEG,0,1.0000,1.0000,1.30
2025-02-26T23:45:00+00:00,west,noaa-goes18,DAY,WINTER,CYEG,1,0.0000,0.0000,1.30
2023-10-11T09:34:00+00:00,west,noaa-goes18,NIGHT,AUTUMN,CYEG,0,1.0000,1.0000,1.30
2020-12-02T17:27:00+00:00,west,noaa-goes17,DAY,WINTER,CYEG,0,1.0000,1.0000,1.30
2025-05-20T08:24:00+00:00,west,noaa-goes18,NIGHT,SPRING,CYEG,0,1.0000,1.0000,1.30
2020-04-04T19:52:00+00:00,west,noaa-goes17,DAY,SPRING,CYEG,0,0.6667,0.6400,1.30
2025-10-10T08:43:00+00:00,west,noaa-goes18,NIGHT,AUTUMN,CYEG,1,0.0000,0.0000,1.30
2022-06-16T07:27:00+00:00,west,noaa-goes17,NIGHT,SUMMER,CYEG,1,0.0000,0.0000,1.30
2021-01-28T16:56:00+00:00,west,noaa-goes17,DAY,WINTER,CYEG,0,1.0000,1.0000,1.30
2020-12-14T10:05:00+00:00,west,noaa-goes17,NIGHT,WINTER,CYEG,0,0.8889,0.6400,1.30
2024-02-21T22:16:00+00:00,west,noaa-goes18,DAY,WINTER,CYEG,1,0.0000,0.0000,1.30
2023-09-12T16:09:00+00:00,west,noaa-goes18,DAY,AUTUMN,CYEG,0,0.7778,0.6800,1.30
2022-02-13T20:16:00+00:00,west,noaa-goes17,DAY,WINTER,CYEG,1,0.0000,0.0000,1.30
2020-02-19T02:23:00+00:00,west,noaa-goes17,NIGHT,WINTER,CYEG,0,1.0000,0.9200,1.30
2022-09-06T08:26:00+00:00,west,noaa-goes17,NIGHT,AUTUMN,CYEG,1,0.0000,0.0000,1.30
2024-08-10T00:28:00+00:00,west,noaa-goes18,DAY,SUMMER,CYEG,1,0.0000,0.0000,1.30
2023-01-24T12:27:00+00:00,west,noaa-goes18,NIGHT,WINTER,CYEG,0,1.0000,1.0000,1.30
2024-12-13T04:45:00+00:00,west,noaa-goes18,NIGHT,WINTER,CYEG,0,1.0000,1.0000,1.30
2021-07-19T08:56:00+00:00,west,noaa-goes17,NIGHT,SUMMER,CYEG,0,1.0000,1.0000,1.30
2020-03-06T04:45:00+00:00,west,noaa-goes17,NIGHT,SPRING,CYEG,0,1.0000,1.0000,1.30
2021-01-10T22:32:00+00:00,west,noaa-goes17,DAY,WINTER,CYEG,0,1.0000,1.0000,1.30
2021-09-15T04:41:00+00:00,west,noaa-goes17,NIGHT,AUTUMN,CYEG,1,0.0000,0.0000,1.30
2022-06-30T16:28:00+00:00,west,noaa-goes17,DAY,SUMMER,CYEG,1,0.0000,0.0000,1.30
2023-03-29T00:09:00+00:00,west,noaa-goes18,DAY,SPRING,CYEG,1,0.0000,0.0000,1.30
2025-12-14T11:32:00+00:00,west,noaa-goes18,NIGHT,WINTER,CYEG,0,1.0000,1.0000,1.30
2020-10-13T15:16:00+00:00,west,noaa-goes17,DAY,AUTUMN,CYEG,0,1.0000,1.0000,1.30
2023-08-23T04:29:00+00:00,west,noaa-goes18,NIGHT,SUMMER,CYEG,0,1.0000,1.0000,1.30
2021-01-22T17:08:00+00:00,west,noaa-goes17,DAY,WINTER,CYEG,0,1.0000,1.0000,1.30
2023-09-21T03:35:00+00:00,west,noaa-goes18,NIGHT,AUTUMN,CYEG,1,0.3333,0.3600,1.30
2021-04-20T21:26:00+00:00,west,noaa-goes17,DAY,SPRING,CYEG,0,1.0000,1.0000,1.30
2020-10-11T20:11:00+00:00,west,noaa-goes17,DAY,AUTUMN,CYEG,0,0.8889,0.9600,1.30
2020-03-14T09:42:00+00:00,west,noaa-goes17,NIGHT,SPRING,CYEG,0,1.0000,1.0000,1.30
2020-05-09T01:29:00+00:00,west,noaa-goes17,DAY,SPRING,CYEG,1,0.4444,0.4800,1.30
2021-12-09T07:03:00+00:00,west,noaa-goes17,NIGHT,WINTER,CYEG,1,0.3333,0.4000,1.30
2022-12-19T13:26:00+00:00,west,noaa-goes17,NIGHT,WINTER,CYEG,1,0.8889,0.8000,1.30
2020-04-06T01:05:00+00:00,west,noaa-goes17,DAY,SPRING,CYEG,0,1.0000,1.0000,1.30
2021-06-07T17:15:00+00:00,west,noaa-goes17,DAY,SUMMER,CYEG,0,1.0000,1.0000,1.30
2021-12-20T06:57:00+00:00,west,noaa-goes17,NIGHT,WINTER,CYEG,1,0.0000,0.0000,1.30
2021-06-04T18:47:00+00:00,west,noaa-goes17,DAY,SUMMER,CYEG,0,1.0000,1.0000,1.30
2024-10-15T02:22:00+00:00,west,noaa-goes18,NIGHT,AUTUMN,CYEG,0,1.0000,1.0000,1.30
2021-01-01T04:01:00+00:00,west,noaa-goes17,NIGHT,WINTER,CYEG,0,1.0000,1.0000,1.30
2022-12-19T17:45:00+00:00,west,noaa-goes17,DAY,WINTER,CYEG,1,0.2222,0.1600,1.30
2024-03-12T00:31:00+00:00,west,noaa-goes18,DAY,SPRING,CYEG,1,0.0000,0.0000,1.30
2023-08-24T07:52:00+00:00,west,noaa-goes18,NIGHT,SUMMER,CYEG,0,1.0000,1.0000,1.30
2022-11-25T09:24:00+00:00,west,noaa-goes17,NIGHT,AUTUMN,CYEG,1,0.0000,0.0000,1.30
2021-12-28T04:28:00+00:00,west,noaa-goes17,NIGHT,WINTER,CYEG,1,0.0000,0.0000,1.30
2024-09-12T07:54:00+00:00,west,noaa-goes18,NIGHT,AUTUMN,CYEG,0,1.0000,1.0000,1.30
2023-05-13T12:52:00+00:00,west,noaa-goes18,DAY,SPRING,CYEG,1,0.0000,0.0000,1.30
2020-12-26T10:15:00+00:00,west,noaa-goes17,NIGHT,WINTER,CYEG,0,0.7778,0.6400,1.30
2020-01-29T11:31:00+00:00,west,noaa-goes17,NIGHT,WINTER,CYEG,0,1.0000,0.9200,1.30
2022-04-19T23:19:00+00:00,west,noaa-goes17,DAY,SPRING,CYEG,0,1.0000,1.0000,1.30
2024-08-05T17:10:00+00:00,west,noaa-goes18,DAY,SUMMER,CYEG,0,1.0000,1.0000,1.30
2021-02-19T23:43:00+00:00,west,noaa-goes17,DAY,WINTER,CYEG,0,1.0000,1.0000,1.30
2021-05-31T14:42:00+00:00,west,noaa-goes17,DAY,SPRING,CYEG,0,1.0000,1.0000,1.30
2022-01-20T12:28:00+00:00,west,noaa-goes17,NIGHT,WINTER,CYEG,0,1.0000,1.0000,1.30
2024-09-09T22:51:00+00:00,west,noaa-goes18,DAY,AUTUMN,CYEG,0,1.0000,1.0000,1.30
2021-06-16T08:04:00+00:00,west,noaa-goes17,NIGHT,SUMMER,CYEG,0,1.0000,1.0000,1.30
2024-12-15T13:54:00+00:00,west,noaa-goes18,NIGHT,WINTER,CYEG,0,1.0000,1.0000,1.30
2024-12-15T16:54:00+00:00,west,noaa-goes18,DAY,WINTER,CYEG,0,1.0000,1.0000,1.30
2023-01-09T19:18:00+00:00,west,noaa-goes18,DAY,WINTER,CYEG,0,1.0000,1.0000,1.30
2025-04-22T14:53:00+00:00,west,noaa-goes18,DAY,SPRING,CYEG,1,0.0000,0.0000,1.30
2020-11-25T21:10:00+00:00,west,noaa-goes17,DAY,AUTUMN,CYEG,1,0.2222,0.4000,1.30
2020-09-03T20:13:00+00:00,west,noaa-goes17,DAY,AUTUMN,CYEG,0,1.0000,1.0000,1.30
2025-09-21T09:32:00+00:00,west,noaa-goes18,NIGHT,AUTUMN,CYEG,1,0.0000,0.2000,1.30
2021-05-29T07:20:00+00:00,west,noaa-goes17,NIGHT,SPRING,CYEG,0,1.0000,1.0000,1.30
2023-01-18T06:19:00+00:00,west,noaa-goes18,NIGHT,WINTER,CYEG,1,0.0000,0.0000,1.30
2020-08-07T09:46:00+00:00,west,noaa-goes17,NIGHT,SUMMER,CYEG,0,1.0000,1.0000,1.30
2024-09-13T23:48:00+00:00,west,noaa-goes18,DAY,AUTUMN,CYEG,1,0.2222,0.2800,1.30
2024-03-29T17:09:00+00:00,west,noaa-goes18,DAY,SPRING,CYEG,0,1.0000,1.0000,1.30
2021-03-28T04:05:00+00:00,west,noaa-goes17,NIGHT,SPRING,CYEG,0,1.0000,1.0000,1.30
2023-10-09T20:27:00+00:00,west,noaa-goes18,DAY,AUTUMN,CYEG,1,0.0000,0.0000,1.30
2022-11-01T19:47:00+00:00,west,noaa-goes17,DAY,AUTUMN,CYEG,0,1.0000,1.0000,1.30
2023-12-30T05:22:00+00:00,west,noaa-goes18,NIGHT,WINTER,CYEG,1,0.0000,0.2400,1.30
2023-02-06T09:41:00+00:00,west,noaa-goes18,NIGHT,WINTER,CYEG,1,0.0000,0.0000,1.30
2020-12-26T03:06:00+00:00,west,noaa-goes17,NIGHT,WINTER,CYEG,1,0.2222,0.2000,1.30
2025-07-12T06:34:00+00:00,west,noaa-goes18,NIGHT,SUMMER,CYEG,0,1.0000,1.0000,1.30
2025-03-13T07:00:00+00:00,west,noaa-goes18,NIGHT,SPRING,CYEG,0,1.0000,1.0000,1.30
2024-10-23T07:19:00+00:00,west,noaa-goes18,NIGHT,AUTUMN,CYEG,1,0.0000,0.0000,1.30
2023-03-23T16:55:00+00:00,west,noaa-goes18,DAY,SPRING,CYEG,1,0.0000,0.0000,1.30
2025-08-21T05:46:00+00:00,west,noaa-goes18,NIGHT,SUMMER,CYEG,0,1.0000,1.0000,1.30
2020-09-22T16:33:00+00:00,west,noaa-goes17,DAY,AUTUMN,CYEG,1,0.0000,0.0000,1.30
2023-02-09T18:51:00+00:00,west,noaa-goes18,DAY,WINTER,CYEG,0,1.0000,1.0000,1.30
2024-09-15T17:01:00+00:00,west,noaa-goes18,DAY,AUTUMN,CYEG,1,0.0000,0.0000,1.30
2020-03-15T11:54:00+00:00,west,noaa-goes17,NIGHT,SPRING,CYEG,0,1.0000,0.6400,1.30
2021-02-06T03:02:00+00:00,west,noaa-goes17,NIGHT,WINTER,CYEG,1,0.3333,0.4000,1.30
2022-01-14T02:10:00+00:00,west,noaa-goes17,NIGHT,WINTER,CYEG,1,0.0000,0.1600,1.30
2024-02-28T09:12:00+00:00,west,noaa-goes18,NIGHT,WINTER,CYEG,0,1.0000,1.0000,1.30
2023-02-16T02:51:00+00:00,west,noaa-goes18,NIGHT,WINTER,CYEG,0,1.0000,1.0000,1.30
2022-02-02T07:55:00+00:00,west,noaa-goes17,NIGHT,WINTER,CYEG,1,0.2222,0.2000,1.30
2024-07-02T01:19:00+00:00,west,noaa-goes18,DAY,SUMMER,CYEG,0,1.0000,1.0000,1.30
2025-12-02T13:00:00+00:00,west,noaa-goes18,NIGHT,WINTER,CYEG,0,1.0000,1.0000,1.30
2022-09-08T15:09:00+00:00,west,noaa-goes17,DAY,AUTUMN,CYEG,0,0.5556,0.6000,1.30
2021-02-15T22:46:00+00:00,west,noaa-goes17,DAY,WINTER,CYEG,1,0.4444,0.6000,1.30
2020-09-12T22:12:00+00:00,west,noaa-goes17,DAY,AUTUMN,CYEG,0,1.0000,1.0000,1.30
2021-03-06T19:28:00+00:00,west,noaa-goes17,DAY,SPRING,CYEG,0,1.0000,1.0000,1.30
2020-07-21T02:05:00+00:00,west,noaa-goes17,DAY,SUMMER,CYEG,0,1.0000,1.0000,1.30
2021-03-14T22:31:00+00:00,west,noaa-goes17,DAY,SPRING,CYEG,0,1.0000,1.0000,1.30
2021-02-09T18:52:00+00:00,west,noaa-goes17,DAY,WINTER,CYEG,0,1.0000,0.8800,1.30
2025-03-26T20:35:00+00:00,west,noaa-goes18,DAY,SPRING,CYEG,0,1.0000,1.0000,1.30
2024-08-26T01:49:00+00:00,west,noaa-goes18,DAY,SUMMER,CYEG,1,0.0000,0.0000,1.30
2021-03-05T20:48:00+00:00,west,noaa-goes17,DAY,SPRING,CYEG,0,1.0000,1.0000,1.30
2023-12-24T21:45:00+00:00,west,noaa-goes18,DAY,WINTER,CYEG,1,0.0000,0.0000,1.30
2020-07-27T23:32:00+00:00,west,noaa-goes17,DAY,SUMMER,CYEG,1,0.0000,0.0000,1.30
2022-11-24T03:37:00+00:00,west,noaa-goes17,NIGHT,AUTUMN,CYEG,0,1.0000,1.0000,1.30
2023-03-12T20:29:00+00:00,west,noaa-goes18,DAY,SPRING,CYEG,1,0.1111,0.1200,1.30
2021-05-08T02:13:00+00:00,west,noaa-goes17,DAY,SPRING,CYEG,0,1.0000,1.0000,1.30
2024-11-27T10:14:00+00:00,west,noaa-goes18,NIGHT,AUTUMN,CYEG,0,1.0000,0.8000,1.30
2023-10-15T16:10:00+00:00,west,noaa-goes18,DAY,AUTUMN,CYEG,1,0.0000,0.0000,1.30
2021-05-03T00:30:00+00:00,west,noaa-goes17,DAY,SPRING,CYEG,1,0.2222,0.3600,1.30
2021-11-12T17:33:00+00:00,west,noaa-goes17,DAY,AUTUMN,CYEG,0,1.0000,1.0000,1.30
2025-03-31T19:48:00+00:00,west,noaa-goes18,DAY,SPRING,CYEG,0,1.0000,1.0000,1.30
2020-08-18T22:14:00+00:00,west,noaa-goes17,DAY,SUMMER,CYEG,0,1.0000,0.9200,1.30
2025-03-31T03:26:00+00:00,west,noaa-goes18,NIGHT,SPRING,CYEG,1,0.0000,0.1200,1.30
2025-09-28T03:49:00+00:00,west,noaa-goes18,NIGHT,AUTUMN,CYEG,0,1.0000,1.0000,1.30
2025-04-09T04:08:00+00:00,west,noaa-goes18,NIGHT,SPRING,CYEG,0,1.0000,1.0000,1.30
2022-04-10T21:38:00+00:00,west,noaa-goes17,DAY,SPRING,CYEG,0,1.0000,1.0000,1.30
2024-04-22T08:30:00+00:00,west,noaa-goes18,NIGHT,SPRING,CYEG,0,1.0000,1.0000,1.30
2022-03-21T15:21:00+00:00,west,noaa-goes17,DAY,SPRING,CYEG,1,0.0000,0.0000,1.30
2022-07-17T01:28:00+00:00,west,noaa-goes17,DAY,SUMMER,CYEG,0,1.0000,1.0000,1.30
2024-09-13T17:55:00+00:00,west,noaa-goes18,DAY,AUTUMN,CYEG,0,1.0000,1.0000,1.30
2021-03-10T00:11:00+00:00,west,noaa-goes17,DAY,SPRING,CYEG,0,1.0000,0.9200,1.30
2023-03-20T17:00:00+00:00,west,noaa-goes18,DAY,SPRING,CYEG,1,0.0000,0.0000,1.30
2024-02-09T11:29:00+00:00,west,noaa-goes18,NIGHT,WINTER,CYEG,0,1.0000,1.0000,1.30
2025-08-12T01:00:00+00:00,west,noaa-goes18,DAY,SUMMER,CYEG,0,0.6667,0.6800,1.30
2021-11-26T20:16:00+00:00,west,noaa-goes17,DAY,AUTUMN,CYEG,0,1.0000,1.0000,1.30
2023-04-15T06:51:00+00:00,west,noaa-goes18,NIGHT,SPRING,CYEG,0,0.6667,0.5200,1.30
2021-07-06T06:56:00+00:00,west,noaa-goes17,NIGHT,SUMMER,CYEG,0,1.0000,1.0000,1.30
2021-05-12T12:37:00+00:00,west,noaa-goes17,DAY,SPRING,CYEG,0,1.0000,1.0000,1.30
2020-06-04T12:38:00+00:00,west,noaa-goes17,DAY,SUMMER,CYEG,1,0.0000,0.0000,1.30
2024-04-15T17:22:00+00:00,west,noaa-goes18,DAY,SPRING,CYEG,0,1.0000,1.0000,1.30
2025-02-10T08:25:00+00:00,west,noaa-goes18,NIGHT,WINTER,CYEG,1,0.1111,0.0400,1.30
2025-04-17T00:24:00+00:00,west,noaa-goes18,DAY,SPRING,CYEG,1,0.1111,0.0400,1.30
2024-12-17T21:43:00+00:00,west,noaa-goes18,DAY,WINTER,CYEG,1,0.1111,0.2400,1.30
2023-12-31T02:27:00+00:00,west,noaa-goes18,NIGHT,WINTER,CYEG,0,0.7778,0.7600,1.30
2024-02-02T22:47:00+00:00,west,noaa-goes18,DAY,WINTER,CYEG,1,0.0000,0.0000,1.30
2021-08-04T02:20:00+00:00,west,noaa-goes17,DAY,SUMMER,CYEG,1,0.7778,0.6800,1.30
2020-08-12T23:07:00+00:00,west,noaa-goes17,DAY,SUMMER,CYEG,0,1.0000,0.7600,1.30
2020-02-09T06:12:00+00:00,west,noaa-goes17,NIGHT,WINTER,CYEG,0,0.4444,0.4400,1.30
2024-01-30T01:52:00+00:00,west,noaa-goes18,NIGHT,WINTER,CYEG,0,1.0000,1.0000,1.30
2021-10-03T09:54:00+00:00,west,noaa-goes17,NIGHT,AUTUMN,CYEG,1,0.0000,0.0000,1.30
2022-05-17T22:47:00+00:00,west,noaa-goes17,DAY,SPRING,CYEG,0,1.0000,1.0000,1.30
2021-04-05T19:34:00+00:00,west,noaa-goes17,DAY,SPRING,CYEG,0,1.0000,1.0000,1.30
2022-06-28T18:08:00+00:00,west,noaa-goes17,DAY,SUMMER,CYEG,0,1.0000,1.0000,1.30
2023-03-27T17:54:00+00:00,west,noaa-goes18,DAY,SPRING,CYEG,1,0.0000,0.0000,1.30
2023-04-14T16:04:00+00:00,west,noaa-goes18,DAY,SPRING,CYEG,0,1.0000,1.0000,1.30
2022-06-21T00:00:00+00:00,west,noaa-goes17,DAY,SUMMER,CYEG,1,0.0000,0.0000,1.30
2024-10-07T19:51:00+00:00,west,noaa-goes18,DAY,AUTUMN,CYEG,1,0.0000,0.1600,1.30
2022-07-25T01:09:00+00:00,west,noaa-goes17,DAY,SUMMER,CYEG,0,1.0000,1.0000,1.30
2020-10-18T12:30:00+00:00,west,noaa-goes17,NIGHT,AUTUMN,CYEG,0,1.0000,1.0000,1.30
2024-02-02T22:35:00+00:00,west,noaa-goes18,DAY,WINTER,CYEG,1,0.0000,0.0800,1.30
2024-07-13T22:50:00+00:00,west,noaa-goes18,DAY,SUMMER,CYEG,0,1.0000,1.0000,1.30
2022-09-30T07:42:00+00:00,west,noaa-goes17,NIGHT,AUTUMN,CYEG,0,1.0000,1.0000,1.30
2023-09-13T07:19:00+00:00,west,noaa-goes18,NIGHT,AUTUMN,CYEG,0,1.0000,1.0000,1.30
2021-01-06T02:00:00+00:00,west,noaa-goes17,NIGHT,WINTER,CYEG,0,0.8889,0.8400,1.30
2023-08-27T00:52:00+00:00,west,noaa-goes18,DAY,SUMMER,CYEG,1,0.0000,0.0000,1.30
2025-08-04T13:16:00+00:00,west,noaa-goes18,DAY,SUMMER,CYEG,0,1.0000,1.0000,1.30
2021-09-28T15:32:00+00:00,west,noaa-goes17,DAY,AUTUMN,CYEG,0,1.0000,1.0000,1.30
2024-10-04T03:20:00+00:00,west,noaa-goes18,NIGHT,AUTUMN,CYEG,0,1.0000,1.0000,1.30
2025-04-19T07:35:00+00:00,west,noaa-goes18,NIGHT,SPRING,CYEG,0,1.0000,1.0000,1.30
2023-10-12T10:47:00+00:00,west,noaa-goes18,NIGHT,AUTUMN,CYEG,0,1.0000,1.0000,1.30
2021-03-31T04:34:00+00:00,west,noaa-goes17,NIGHT,SPRING,CYEG,0,1.0000,1.0000,1.30
2021-02-07T04:14:00+00:00,west,noaa-goes17,NIGHT,WINTER,CYEG,1,0.0000,0.0000,1.30
2024-03-04T18:31:00+00:00,west,noaa-goes18,DAY,SPRING,CYEG,1,0.0000,0.0000,1.30
2024-01-23T08:09:00+00:00,west,noaa-goes18,NIGHT,WINTER,CYEG,0,1.0000,1.0000,1.30
2024-03-21T20:02:00+00:00,west,noaa-goes18,DAY,SPRING,CYEG,0,0.8889,0.7200,1.30
2025-03-06T05:14:00+00:00,west,noaa-goes18,NIGHT,SPRING,CYEG,1,0.0000,0.0000,1.30
2024-04-19T00:09:00+00:00,west,noaa-goes18,DAY,SPRING,CYEG,0,1.0000,1.0000,1.30
2023-04-25T09:27:00+00:00,west,noaa-goes18,NIGHT,SPRING,CYEG,0,1.0000,1.0000,1.30
2024-02-23T08:27:00+00:00,west,noaa-goes18,NIGHT,WINTER,CYEG,0,1.0000,1.0000,1.30
2024-12-13T03:01:00+00:00,west,noaa-goes18,NIGHT,WINTER,CYEG,0,1.0000,1.0000,1.30
2025-03-01T06:03:00+00:00,west,noaa-goes18,NIGHT,SPRING,CYEG,0,1.0000,1.0000,1.30
2025-08-10T14:07:00+00:00,west,noaa-goes18,DAY,SUMMER,CYEG,0,1.0000,1.0000,1.30
2024-01-21T12:51:00+00:00,west,noaa-goes18,NIGHT,WINTER,CYEG,0,1.0000,1.0000,1.30
2022-12-15T20:30:00+00:00,west,noaa-goes17,DAY,WINTER,CYEG,1,0.0000,0.0000,1.30
2025-12-17T20:48:00+00:00,west,noaa-goes18,DAY,WINTER,CYEG,0,1.0000,1.0000,1.30
2022-07-30T15:42:00+00:00,west,noaa-goes17,DAY,SUMMER,CYEG,0,0.6667,0.4800,1.30
2020-09-07T06:06:00+00:00,west,noaa-goes17,NIGHT,AUTUMN,CYEG,0,1.0000,1.0000,1.30
2022-07-23T16:01:00+00:00,west,noaa-goes17,DAY,SUMMER,CYEG,1,0.0000,0.0000,1.30
2023-08-21T22:29:00+00:00,west,noaa-goes18,DAY,SUMMER,CYEG,0,1.0000,1.0000,1.30
2022-01-11T12:03:00+00:00,west,noaa-goes17,NIGHT,WINTER,CYEG,0,1.0000,1.0000,1.30
2021-10-25T18:11:00+00:00,west,noaa-goes17,DAY,AUTUMN,CYEG,0,1.0000,1.0000,1.30
2023-09-23T08:49:00+00:00,west,noaa-goes18,NIGHT,AUTUMN,CYEG,1,0.0000,0.0000,1.30
2024-06-03T21:33:00+00:00,west,noaa-goes18,DAY,SUMMER,CYEG,0,1.0000,1.0000,1.30
2025-01-20T05:35:00+00:00,west,noaa-goes18,NIGHT,WINTER,CYEG,1,0.0000,0.0000,1.30
2025-10-15T09:02:00+00:00,west,noaa-goes18,NIGHT,AUTUMN,CYEG,1,0.0000,0.0000,1.30
2025-01-11T13:27:00+00:00,west,noaa-goes18,NIGHT,WINTER,CYEG,0,1.0000,1.0000,1.30
2022-10-23T04:00:00+00:00,west,noaa-goes17,NIGHT,AUTUMN,CYEG,0,1.0000,1.0000,1.30
2024-12-29T20:57:00+00:00,west,noaa-goes18,DAY,WINTER,CYEG,1,0.0000,0.0000,1.30
2024-03-25T21:13:00+00:00,west,noaa-goes18,DAY,SPRING,CYEG,0,1.0000,1.0000,1.30
2021-08-12T15:04:00+00:00,west,noaa-goes17,DAY,SUMMER,CYEG,1,0.3333,0.4000,1.30
2024-06-30T15:26:00+00:00,west,noaa-goes18,DAY,SUMMER,CYEG,0,1.0000,1.0000,1.30
2021-05-28T06:57:00+00:00,west,noaa-goes17,NIGHT,SPRING,CYEG,0,1.0000,1.0000,1.30
2025-12-06T13:46:00+00:00,west,noaa-goes18,NIGHT,WINTER,CYEG,0,1.0000,1.0000,1.30
2025-08-26T15:38:00+00:00,west,noaa-goes18,DAY,SUMMER,CYEG,1,0.0000,0.0000,1.30
2020-08-01T13:57:00+00:00,west,noaa-goes17,DAY,SUMMER,CYEG,1,0.0000,0.0800,1.30
2020-05-03T08:33:00+00:00,west,noaa-goes17,NIGHT,SPRING,CYEG,0,1.0000,0.8000,1.30
2022-08-15T05:03:00+00:00,west,noaa-goes17,NIGHT,SUMMER,CYEG,1,0.0000,0.0000,1.30
2023-10-02T11:49:00+00:00,west,noaa-goes18,NIGHT,AUTUMN,CYEG,0,1.0000,1.0000,1.30
2025-11-19T19:49:00+00:00,west,noaa-goes18,DAY,AUTUMN,CYEG,1,0.2222,0.4000,1.30
2021-08-16T15:12:00+00:00,west,noaa-goes17,DAY,SUMMER,CYEG,0,1.0000,1.0000,1.30
2024-09-08T23:05:00+00:00,west,noaa-goes18,DAY,AUTUMN,CYEG,1,0.0000,0.0000,1.30
2023-09-02T19:54:00+00:00,west,noaa-goes18,DAY,AUTUMN,CYEG,1,0.0000,0.0000,1.30
2025-01-14T13:16:00+00:00,west,noaa-goes18,NIGHT,WINTER,CYEG,0,1.0000,1.0000,1.30
2020-02-06T10:12:00+00:00,west,noaa-goes17,NIGHT,WINTER,CYEG,0,1.0000,1.0000,1.30
2023-08-10T13:28:00+00:00,west,noaa-goes18,DAY,SUMMER,CYEG,1,0.1111,0.2800,1.30
2020-08-24T23:30:00+00:00,west,noaa-goes17,DAY,SUMMER,CYEG,0,1.0000,1.0000,1.30
2025-08-10T19:56:00+00:00,west,noaa-goes18,DAY,SUMMER,CYEG,0,1.0000,1.0000,1.30
2025-03-12T15:45:00+00:00,west,noaa-goes18,DAY,SPRING,CYEG,0,1.0000,1.0000,1.30
2023-10-20T11:16:00+00:00,west,noaa-goes18,NIGHT,AUTUMN,CYEG,0,1.0000,1.0000,1.30
2020-11-11T18:45:00+00:00,west,noaa-goes17,DAY,AUTUMN,CYEG,0,0.6667,0.6400,1.30
2025-11-28T08:09:00+00:00,west,noaa-goes18,NIGHT,AUTUMN,CYEG,0,1.0000,1.0000,1.30
2024-07-06T23:53:00+00:00,west,noaa-goes18,DAY,SUMMER,CYEG,0,0.7778,0.7200,1.30
2021-06-17T14:46:00+00:00,west,noaa-goes17,DAY,SUMMER,CYEG,0,1.0000,1.0000,1.30
2022-04-24T05:03:00+00:00,west,noaa-goes17,NIGHT,SPRING,CYEG,0,0.7778,0.6800,1.30
2021-12-22T05:41:00+00:00,west,noaa-goes17,NIGHT,WINTER,CYEG,0,1.0000,1.0000,1.30
2021-08-26T15:06:00+00:00,west,noaa-goes17,DAY,SUMMER,CYEG,0,1.0000,1.0000,1.30
2021-03-11T02:53:00+00:00,west,noaa-goes17,NIGHT,SPRING,CYEG,0,0.8889,0.6000,1.30
2025-03-18T11:41:00+00:00,west,noaa-goes18,NIGHT,SPRING,CYEG,0,1.0000,1.0000,1.30
2025-06-30T13:38:00+00:00,west,noaa-goes18,DAY,SUMMER,CYEG,1,0.0000,0.1600,1.30
2021-05-09T15:06:00+00:00,west,noaa-goes17,DAY,SPRING,CYEG,1,0.2222,0.1600,1.30
2024-09-28T05:03:00+00:00,west,noaa-goes18,NIGHT,AUTUMN,CYEG,1,0.0000,0.0400,1.30
2023-04-21T05:39:00+00:00,west,noaa-goes18,NIGHT,SPRING,CYEG,0,0.8889,0.8400,1.30
2024-03-03T03:18:00+00:00,west,noaa-goes18,NIGHT,SPRING,CYEG,0,1.0000,1.0000,1.30
2023-01-03T17:25:00+00:00,west,noaa-goes17,DAY,WINTER,CYEG,1,0.0000,0.0000,1.30
2022-08-11T01:23:00+00:00,west,noaa-goes17,DAY,SUMMER,CYEG,0,0.8889,0.8000,1.30
2021-12-20T03:53:00+00:00,west,noaa-goes17,NIGHT,WINTER,CYEG,1,0.0000,0.0000,1.30
2024-10-06T18:00:00+00:00,west,noaa-goes18,DAY,AUTUMN,CYEG,0,1.0000,1.0000,1.30
2022-04-29T18:54:00+00:00,west,noaa-goes17,DAY,SPRING,CYEG,0,0.6667,0.6000,1.30
2022-01-03T05:01:00+00:00,west,noaa-goes17,NIGHT,WINTER,CYEG,0,1.0000,1.0000,1.30
2020-02-26T03:56:00+00:00,west,noaa-goes17,NIGHT,WINTER,CYEG,0,1.0000,1.0000,1.30
2022-12-26T05:43:00+00:00,west,noaa-goes17,NIGHT,WINTER,CYEG,0,1.0000,1.0000,1.30
2024-06-16T08:31:00+00:00,west,noaa-goes18,NIGHT,SUMMER,CYEG,0,1.0000,1.0000,1.30
2020-11-13T01:27:00+00:00,west,noaa-goes17,NIGHT,AUTUMN,CYEG,0,1.0000,1.0000,1.30
2022-06-03T02:25:00+00:00,west,noaa-goes17,DAY,SUMMER,CYEG,1,0.0000,0.0000,1.30
2022-03-23T06:11:00+00:00,west,noaa-goes17,NIGHT,SPRING,CYEG,0,1.0000,1.0000,1.30
2024-08-19T14:11:00+00:00,west,noaa-goes18,DAY,SUMMER,CYEG,1,0.0000,0.0000,1.30
2024-12-09T05:36:00+00:00,west,noaa-goes18,NIGHT,WINTER,CYEG,0,1.0000,1.0000,1.30
2022-09-16T17:00:00+00:00,west,noaa-goes17,DAY,AUTUMN,CYEG,1,0.1111,0.2400,1.30
2022-06-29T18:02:00+00:00,west,noaa-goes17,DAY,SUMMER,CYEG,0,1.0000,1.0000,1.30
2020-09-06T05:56:00+00:00,west,noaa-goes17,NIGHT,AUTUMN,CYEG,0,1.0000,1.0000,1.30
2023-12-03T19:46:00+00:00,west,noaa-goes18,DAY,WINTER,CYEG,0,1.0000,1.0000,1.30
2022-06-15T23:38:00+00:00,west,noaa-goes17,DAY,SUMMER,CYEG,0,1.0000,1.0000,1.30
2021-10-09T15:11:00+00:00,west,noaa-goes17,DAY,AUTUMN,CYEG,0,1.0000,1.0000,1.30
2020-12-22T05:57:00+00:00,west,noaa-goes17,NIGHT,WINTER,CYEG,0,1.0000,1.0000,1.30
2023-11-26T20:03:00+00:00,west,noaa-goes18,DAY,AUTUMN,CYEG,0,1.0000,1.0000,1.30
2023-05-07T18:52:00+00:00,west,noaa-goes18,DAY,SPRING,CYEG,0,1.0000,1.0000,1.30
2024-10-29T22:26:00+00:00,west,noaa-goes18,DAY,AUTUMN,CYEG,0,1.0000,0.9600,1.30
2025-01-27T12:41:00+00:00,west,noaa-goes18,NIGHT,WINTER,CYEG,1,0.0000,0.1600,1.30
2023-09-18T05:29:00+00:00,west,noaa-goes18,NIGHT,AUTUMN,CYEG,0,1.0000,1.0000,1.30
2021-11-11T17:41:00+00:00,west,noaa-goes17,DAY,AUTUMN,CYEG,1,0.0000,0.0000,1.30
2025-06-26T08:39:00+00:00,west,noaa-goes18,NIGHT,SUMMER,CYEG,0,1.0000,1.0000,1.30
2024-03-10T00:28:00+00:00,west,noaa-goes18,DAY,SPRING,CYEG,0,1.0000,1.0000,1.30
2020-01-03T16:54:00+00:00,west,noaa-goes17,DAY,WINTER,CYEG,0,1.0000,1.0000,1.30
2024-11-16T09:52:00+00:00,west,noaa-goes18,NIGHT,AUTUMN,CYEG,0,1.0000,1.0000,1.30
2020-01-12T13:47:00+00:00,west,noaa-goes17,NIGHT,WINTER,CYEG,0,0.6667,0.5600,1.30
2024-08-17T00:10:00+00:00,west,noaa-goes18,DAY,SUMMER,CYEG,0,1.0000,1.0000,1.30
2020-07-01T17:00:00+00:00,west,noaa-goes17,DAY,SUMMER,CYEG,0,1.0000,1.0000,1.30
2021-02-27T18:53:00+00:00,west,noaa-goes17,DAY,WINTER,CYEG,1,0.2222,0.2000,1.30
2021-12-04T19:02:00+00:00,west,noaa-goes17,DAY,WINTER,CYEG,0,1.0000,1.0000,1.30
2021-11-10T05:49:00+00:00,west,noaa-goes17,NIGHT,AUTUMN,CYEG,0,1.0000,1.0000,1.30
2020-11-14T11:49:00+00:00,west,noaa-goes17,NIGHT,AUTUMN,CYEG,0,1.0000,1.0000,1.30
2023-05-10T07:39:00+00:00,west,noaa-goes18,NIGHT,SPRING,CYEG,0,1.0000,1.0000,1.30
2020-05-13T08:16:00+00:00,west,noaa-goes17,NIGHT,SPRING,CYEG,1,0.0000,0.0000,1.30
2020-05-21T18:14:00+00:00,west,noaa-goes17,DAY,SPRING,CYEG,0,1.0000,1.0000,1.30
2021-12-11T05:22:00+00:00,west,noaa-goes17,NIGHT,WINTER,CYEG,0,0.7778,0.8400,1.30
2022-09-29T11:04:00+00:00,west,noaa-goes17,NIGHT,AUTUMN,CYEG,0,1.0000,1.0000,1.30
2024-03-12T20:51:00+00:00,west,noaa-goes18,DAY,SPRING,CYEG,1,0.0000,0.0800,1.30
2023-09-19T11:54:00+00:00,west,noaa-goes18,NIGHT,AUTUMN,CYEG,1,0.1111,0.0800,1.30
2023-09-07T22:43:00+00:00,west,noaa-goes18,DAY,AUTUMN,CYEG,1,0.0000,0.0800,1.30
2020-05-16T07:54:00+00:00,west,noaa-goes17,NIGHT,SPRING,CYEG,0,1.0000,1.0000,1.30
2024-07-16T18:32:00+00:00,west,noaa-goes18,DAY,SUMMER,CYEG,0,1.0000,0.9600,1.30
2023-03-12T22:50:00+00:00,west,noaa-goes18,DAY,SPRING,CYEG,1,0.0000,0.0000,1.30
2022-05-02T19:12:00+00:00,west,noaa-goes17,DAY,SPRING,CYEG,1,0.0000,0.0400,1.30
2022-10-02T06:56:00+00:00,west,noaa-goes17,NIGHT,AUTUMN,CYEG,1,0.0000,0.0000,1.30
2021-10-30T18:27:00+00:00,west,noaa-goes17,DAY,AUTUMN,CYEG,1,0.0000,0.0000,1.30
2021-06-25T00:51:00+00:00,west,noaa-goes17,DAY,SUMMER,CYEG,0,0.8889,0.6800,1.30
2023-01-08T08:05:00+00:00,west,noaa-goes18,NIGHT,WINTER,CYEG,0,0.8889,0.7600,1.30
2021-10-24T18:03:00+00:00,west,noaa-goes17,DAY,AUTUMN,CYEG,1,0.0000,0.0000,1.30
2024-12-24T10:48:00+00:00,west,noaa-goes18,NIGHT,WINTER,CYEG,0,1.0000,1.0000,1.30
2021-07-02T01:07:00+00:00,west,noaa-goes17,DAY,SUMMER,CYEG,1,0.0000,0.0000,1.30
2025-05-24T14:19:00+00:00,west,noaa-goes18,DAY,SPRING,CYEG,1,0.0000,0.0000,1.30
2024-03-02T08:10:00+00:00,west,noaa-goes18,NIGHT,SPRING,CYEG,0,1.0000,1.0000,1.30
2020-09-25T00:24:00+00:00,west,noaa-goes17,DAY,AUTUMN,CYEG,1,0.2222,0.3600,1.30
2022-01-16T19:49:00+00:00,west,noaa-goes17,DAY,WINTER,CYEG,0,1.0000,1.0000,1.30
2023-01-03T20:05:00+00:00,west,noaa-goes17,DAY,WINTER,CYEG,1,0.0000,0.0000,1.30
2022-04-12T14:21:00+00:00,west,noaa-goes17,DAY,SPRING,CYEG,0,1.0000,1.0000,1.30
2021-02-04T18:08:00+00:00,west,noaa-goes17,DAY,WINTER,CYEG,0,1.0000,1.0000,1.30
2022-01-10T12:28:00+00:00,west,noaa-goes17,NIGHT,WINTER,CYEG,0,1.0000,1.0000,1.30
2020-11-07T22:14:00+00:00,west,noaa-goes17,DAY,AUTUMN,CYEG,0,1.0000,1.0000,1.30
2022-08-08T23:25:00+00:00,west,noaa-goes17,DAY,SUMMER,CYEG,1,0.0000,0.0000,1.30
2021-06-08T13:54:00+00:00,west,noaa-goes17,DAY,SUMMER,CYEG,0,1.0000,1.0000,1.30
2021-09-11T21:54:00+00:00,west,noaa-goes17,DAY,AUTUMN,CYEG,0,1.0000,1.0000,1.30
2025-09-14T20:58:00+00:00,west,noaa-goes18,DAY,AUTUMN,CYEG,1,0.0000,0.0000,1.30
2024-06-20T08:24:00+00:00,west,noaa-goes18,NIGHT,SUMMER,CYEG,1,0.0000,0.0000,1.30
2021-02-25T04:44:00+00:00,west,noaa-goes17,NIGHT,WINTER,CYEG,0,1.0000,1.0000,1.30
2020-04-14T19:27:00+00:00,west,noaa-goes17,DAY,SPRING,CYEG,0,1.0000,1.0000,1.30
2021-05-08T14:51:00+00:00,west,noaa-goes17,DAY,SPRING,CYEG,0,1.0000,1.0000,1.30
2022-07-25T00:00:00+00:00,west,noaa-goes17,DAY,SUMMER,CYEG,0,1.0000,1.0000,1.30
2021-10-10T21:47:00+00:00,west,noaa-goes17,DAY,AUTUMN,CYEG,0,1.0000,1.0000,1.30
2025-12-23T08:20:00+00:00,west,noaa-goes18,NIGHT,WINTER,CYEG,0,1.0000,1.0000,1.30
2021-07-16T08:03:00+00:00,west,noaa-goes17,NIGHT,SUMMER,CYEG,0,1.0000,1.0000,1.30
2022-02-21T05:45:00+00:00,west,noaa-goes17,NIGHT,WINTER,CYEG,0,1.0000,1.0000,1.30
2020-02-10T10:06:00+00:00,west,noaa-goes17,NIGHT,WINTER,CYEG,0,0.8889,0.9600,1.30
2023-01-14T06:46:00+00:00,west,noaa-goes18,NIGHT,WINTER,CYEG,0,1.0000,1.0000,1.30
2021-03-06T09:15:00+00:00,west,noaa-goes17,NIGHT,SPRING,CYEG,0,1.0000,1.0000,1.30
2020-07-21T16:54:00+00:00,west,noaa-goes17,DAY,SUMMER,CYEG,0,1.0000,1.0000,1.30
2025-03-03T20:08:00+00:00,west,noaa-goes18,DAY,SPRING,CYEG,1,0.0000,0.0000,1.30
2022-10-26T04:09:00+00:00,west,noaa-goes17,NIGHT,AUTUMN,CYEG,0,1.0000,1.0000,1.30
2022-08-25T22:52:00+00:00,west,noaa-goes17,DAY,SUMMER,CYEG,1,0.0000,0.0000,1.30
2023-08-09T22:59:00+00:00,west,noaa-goes18,DAY,SUMMER,CYEG,0,1.0000,1.0000,1.30
2021-03-24T18:11:00+00:00,west,noaa-goes17,DAY,SPRING,CYEG,0,1.0000,1.0000,1.30
2020-01-31T09:49:00+00:00,west,noaa-goes17,NIGHT,WINTER,CYEG,1,0.0000,0.0000,1.30
2025-06-01T15:02:00+00:00,west,noaa-goes18,DAY,SUMMER,CYEG,1,0.0000,0.0000,1.30
2024-11-02T15:40:00+00:00,west,noaa-goes18,DAY,AUTUMN,CYEG,0,1.0000,1.0000,1.30
2024-04-14T18:12:00+00:00,west,noaa-goes18,DAY,SPRING,CYEG,0,0.4444,0.2000,1.30
2021-11-27T18:37:00+00:00,west,noaa-goes17,DAY,AUTUMN,CYEG,0,0.5556,0.6000,1.30
2024-10-27T11:06:00+00:00,west,noaa-goes18,NIGHT,AUTUMN,CYEG,0,1.0000,1.0000,1.30
2024-01-06T19:03:00+00:00,west,noaa-goes18,DAY,WINTER,CYEG,0,1.0000,1.0000,1.30
2020-08-22T16:21:00+00:00,west,noaa-goes17,DAY,SUMMER,CYEG,0,1.0000,1.0000,1.30
2021-12-04T10:44:00+00:00,west,noaa-goes17,NIGHT,WINTER,CYEG,0,0.6667,0.6400,1.30
2021-12-05T00:47:00+00:00,west,noaa-goes17,NIGHT,WINTER,CYEG,0,1.0000,1.0000,1.30
2025-09-11T08:25:00+00:00,west,noaa-goes18,NIGHT,AUTUMN,CYEG,1,0.5556,0.6000,1.30
2021-11-20T11:19:00+00:00,west,noaa-goes17,NIGHT,AUTUMN,CYEG,0,1.0000,1.0000,1.30
2022-06-06T20:55:00+00:00,west,noaa-goes17,DAY,SUMMER,CYEG,0,1.0000,1.0000,1.30
2023-07-30T23:23:00+00:00,west,noaa-goes18,DAY,SUMMER,CYEG,0,1.0000,1.0000,1.30
2020-11-24T18:25:00+00:00,west,noaa-goes17,DAY,AUTUMN,CYEG,0,1.0000,1.0000,1.30
2021-11-22T17:10:00+00:00,west,noaa-goes17,DAY,AUTUMN,CYEG,0,1.0000,1.0000,1.30
2021-12-08T05:55:00+00:00,west,noaa-goes17,NIGHT,WINTER,CYEG,0,1.0000,1.0000,1.30
2023-12-06T00:48:00+00:00,west,noaa-goes18,NIGHT,WINTER,CYEG,0,1.0000,1.0000,1.30
2021-03-11T17:11:00+00:00,west,noaa-goes17,DAY,SPRING,CYEG,0,0.5556,0.5600,1.30
2024-07-19T05:48:00+00:00,west,noaa-goes18,NIGHT,SUMMER,CYEG,0,1.0000,1.0000,1.30
2023-05-13T14:11:00+00:00,west,noaa-goes18,DAY,SPRING,CYEG,1,0.0000,0.0000,1.30
2024-08-11T06:37:00+00:00,west,noaa-goes18,NIGHT,SUMMER,CYEG,1,0.0000,0.0000,1.30
2022-10-28T05:41:00+00:00,west,noaa-goes17,NIGHT,AUTUMN,CYEG,0,1.0000,1.0000,1.30
2020-02-22T02:54:00+00:00,west,noaa-goes17,NIGHT,WINTER,CYEG,0,1.0000,1.0000,1.30
2021-11-25T05:15:00+00:00,west,noaa-goes17,NIGHT,AUTUMN,CYEG,0,1.0000,1.0000,1.30
2023-01-25T02:18:00+00:00,west,noaa-goes18,NIGHT,WINTER,CYEG,1,0.0000,0.0000,1.30
2021-12-17T19:00:00+00:00,west,noaa-goes17,DAY,WINTER,CYEG,1,0.0000,0.0000,1.30
2020-02-25T19:44:00+00:00,west,noaa-goes17,DAY,WINTER,CYEG,0,1.0000,1.0000,1.30
2024-12-21T01:08:00+00:00,west,noaa-goes18,NIGHT,WINTER,CYEG,1,0.1111,0.3200,1.30
2022-12-10T10:52:00+00:00,west,noaa-goes17,NIGHT,WINTER,CYEG,1,0.0000,0.0800,1.30
2020-08-03T18:23:00+00:00,west,noaa-goes17,DAY,SUMMER,CYEG,0,1.0000,0.9200,1.30
2024-10-28T06:11:00+00:00,west,noaa-goes18,NIGHT,AUTUMN,CYEG,0,1.0000,1.0000,1.30
2020-09-30T15:53:00+00:00,west,noaa-goes17,DAY,AUTUMN,CYEG,0,1.0000,1.0000,1.30
2023-03-13T20:02:00+00:00,west,noaa-goes18,DAY,SPRING,CYEG,1,0.1111,0.2000,1.30
2020-03-17T22:14:00+00:00,west,noaa-goes17,DAY,SPRING,CYEG,1,0.6667,0.7600,1.30
2020-11-02T01:47:00+00:00,west,noaa-goes17,NIGHT,AUTUMN,CYEG,0,0.7778,0.9200,1.30
2020-12-11T18:14:00+00:00,west,noaa-goes17,DAY,WINTER,CYEG,0,1.0000,1.0000,1.30
2022-10-03T11:48:00+00:00,west,noaa-goes17,NIGHT,AUTUMN,CYEG,0,1.0000,1.0000,1.30
2022-04-02T17:39:00+00:00,west,noaa-goes17,DAY,SPRING,CYEG,0,1.0000,1.0000,1.30
2021-12-28T04:10:00+00:00,west,noaa-goes17,NIGHT,WINTER,CYEG,1,0.0000,0.0000,1.30
2023-05-05T14:05:00+00:00,west,noaa-goes18,DAY,SPRING,CYEG,1,0.0000,0.0000,1.30
2020-12-21T18:14:00+00:00,west,noaa-goes17,DAY,WINTER,CYEG,0,1.0000,1.0000,1.30
2024-04-14T00:44:00+00:00,west,noaa-goes18,DAY,SPRING,CYEG,0,1.0000,1.0000,1.30
2020-07-10T13:01:00+00:00,west,noaa-goes17,DAY,SUMMER,CYEG,1,0.0000,0.0000,1.30
2025-12-06T04:29:00+00:00,west,noaa-goes18,NIGHT,WINTER,CYEG,0,1.0000,1.0000,1.30
2025-06-13T21:02:00+00:00,west,noaa-goes18,DAY,SUMMER,CYEG,0,1.0000,1.0000,1.30
2024-11-20T04:25:00+00:00,west,noaa-goes18,NIGHT,AUTUMN,CYEG,0,1.0000,1.0000,1.30
2023-02-26T06:45:00+00:00,west,noaa-goes18,NIGHT,WINTER,CYEG,0,0.6667,0.6000,1.30
2025-11-23T22:22:00+00:00,west,noaa-goes18,DAY,AUTUMN,CYEG,1,0.0000,0.0000,1.30
2023-08-26T07:29:00+00:00,west,noaa-goes18,NIGHT,SUMMER,CYEG,1,0.0000,0.0000,1.30
2021-12-11T06:17:00+00:00,west,noaa-goes17,NIGHT,WINTER,CYEG,0,1.0000,1.0000,1.30
2024-10-01T02:28:00+00:00,west,noaa-goes18,NIGHT,AUTUMN,CYEG,0,1.0000,1.0000,1.30
2024-10-09T21:09:00+00:00,west,noaa-goes18,DAY,AUTUMN,CYEG,0,1.0000,1.0000,1.30
2022-07-02T21:07:00+00:00,west,noaa-goes17,DAY,SUMMER,CYEG,0,1.0000,1.0000,1.30
2022-11-26T09:45:00+00:00,west,noaa-goes17,NIGHT,AUTUMN,CYEG,1,0.0000,0.0000,1.30
2021-01-16T13:19:00+00:00,west,noaa-goes17,NIGHT,WINTER,CYEG,1,0.2222,0.2000,1.30
2021-07-16T06:45:00+00:00,west,noaa-goes17,NIGHT,SUMMER,CYEG,0,1.0000,1.0000,1.30
2021-02-10T12:22:00+00:00,west,noaa-goes17,NIGHT,WINTER,CYEG,0,1.0000,1.0000,1.30
2023-02-04T09:07:00+00:00,west,noaa-goes18,NIGHT,WINTER,CYEG,0,1.0000,1.0000,1.30
2025-03-15T15:42:00+00:00,west,noaa-goes18,DAY,SPRING,CYEG,0,1.0000,1.0000,1.30
2024-05-09T16:23:00+00:00,west,noaa-goes18,DAY,SPRING,CYEG,0,1.0000,1.0000,1.30
2025-05-06T13:57:00+00:00,west,noaa-goes18,DAY,SPRING,CYEG,1,0.0000,0.0000,1.30
2020-05-09T13:54:00+00:00,west,noaa-goes17,DAY,SPRING,CYEG,1,0.0000,0.0000,1.30
2023-04-12T05:39:00+00:00,west,noaa-goes18,NIGHT,SPRING,CYEG,0,1.0000,1.0000,1.30
2024-10-21T02:30:00+00:00,west,noaa-goes18,NIGHT,AUTUMN,CYEG,0,1.0000,1.0000,1.30
2023-09-04T10:06:00+00:00,west,noaa-goes18,NIGHT,AUTUMN,CYEG,0,1.0000,1.0000,1.30
2025-09-26T17:28:00+00:00,west,noaa-goes18,DAY,AUTUMN,CYEG,1,0.0000,0.0000,1.30
2025-07-18T19:39:00+00:00,west,noaa-goes18,DAY,SUMMER,CYEG,0,0.2222,0.1200,1.30
2022-02-12T05:19:00+00:00,west,noaa-goes17,NIGHT,WINTER,CYEG,0,1.0000,1.0000,1.30
2022-01-18T01:56:00+00:00,west,noaa-goes17,NIGHT,WINTER,CYEG,0,1.0000,1.0000,1.30
2021-11-21T09:35:00+00:00,west,noaa-goes17,NIGHT,AUTUMN,CYEG,0,1.0000,1.0000,1.30
2022-06-16T14:19:00+00:00,west,noaa-goes17,DAY,SUMMER,CYEG,1,0.0000,0.0800,1.30
2022-12-28T08:04:00+00:00,west,noaa-goes17,NIGHT,WINTER,CYEG,0,1.0000,1.0000,1.30
2023-01-05T11:27:00+00:00,west,noaa-goes18,NIGHT,WINTER,CYEG,1,0.0000,0.0000,1.30
2023-10-05T06:32:00+00:00,west,noaa-goes18,NIGHT,AUTUMN,CYEG,0,1.0000,1.0000,1.30
2024-05-11T18:16:00+00:00,west,noaa-goes18,DAY,SPRING,CYEG,1,0.0000,0.0000,1.30
2025-01-11T18:48:00+00:00,west,noaa-goes18,DAY,WINTER,CYEG,0,1.0000,1.0000,1.30
2020-02-14T05:22:00+00:00,west,noaa-goes17,NIGHT,WINTER,CYEG,0,1.0000,1.0000,1.30
2023-04-16T17:23:00+00:00,west,noaa-goes18,DAY,SPRING,CYEG,1,0.0000,0.0000,1.30
2022-07-12T12:53:00+00:00,west,noaa-goes17,DAY,SUMMER,CYEG,1,0.0000,0.0000,1.30
2021-07-14T13:35:00+00:00,west,noaa-goes17,DAY,SUMMER,CYEG,1,0.0000,0.0000,1.30
2025-03-30T05:12:00+00:00,west,noaa-goes18,NIGHT,SPRING,CYEG,0,0.6667,0.5600,1.30
2022-12-26T02:41:00+00:00,west,noaa-goes17,NIGHT,WINTER,CYEG,1,0.0000,0.0000,1.30
2023-10-20T07:32:00+00:00,west,noaa-goes18,NIGHT,AUTUMN,CYEG,0,1.0000,0.9200,1.30
2023-10-13T20:56:00+00:00,west,noaa-goes18,DAY,AUTUMN,CYEG,0,1.0000,1.0000,1.30
2023-07-05T15:47:00+00:00,west,noaa-goes18,DAY,SUMMER,CYEG,1,0.0000,0.0000,1.30
2023-01-02T05:05:00+00:00,west,noaa-goes17,NIGHT,WINTER,CYEG,1,0.0000,0.0000,1.30
2024-05-19T23:17:00+00:00,west,noaa-goes18,DAY,SPRING,CYEG,0,1.0000,1.0000,1.30
2022-06-21T15:34:00+00:00,west,noaa-goes17,DAY,SUMMER,CYEG,1,0.0000,0.0400,1.30
2020-11-14T08:43:00+00:00,west,noaa-goes17,NIGHT,AUTUMN,CYEG,0,1.0000,1.0000,1.30
2025-06-24T20:40:00+00:00,west,noaa-goes18,DAY,SUMMER,CYEG,0,1.0000,0.9200,1.30
2024-08-08T23:06:00+00:00,west,noaa-goes18,DAY,SUMMER,CYEG,1,0.0000,0.0000,1.30
2023-04-17T07:29:00+00:00,west,noaa-goes18,NIGHT,SPRING,CYEG,0,1.0000,1.0000,1.30
2025-08-31T16:16:00+00:00,west,noaa-goes18,DAY,SUMMER,CYEG,1,0.0000,0.0000,1.30
2023-02-03T06:29:00+00:00,west,noaa-goes18,NIGHT,WINTER,CYEG,0,1.0000,1.0000,1.30
2020-07-28T12:46:00+00:00,west,noaa-goes17,DAY,SUMMER,CYEG,1,0.0000,0.0000,1.30
2025-01-22T20:54:00+00:00,west,noaa-goes18,DAY,WINTER,CYEG,1,0.0000,0.0000,1.30
2023-12-10T13:16:00+00:00,west,noaa-goes18,NIGHT,WINTER,CYEG,0,0.8889,0.7200,1.30
2024-08-23T14:08:00+00:00,west,noaa-goes18,DAY,SUMMER,CYEG,0,0.6667,0.4400,1.30
2024-05-07T07:25:00+00:00,west,noaa-goes18,NIGHT,SPRING,CYEG,0,1.0000,1.0000,1.30
2020-10-02T11:42:00+00:00,west,noaa-goes17,NIGHT,AUTUMN,CYEG,0,0.8889,0.4400,1.30
2023-05-01T22:05:00+00:00,west,noaa-goes18,DAY,SPRING,CYEG,1,0.2222,0.2400,1.30
2025-10-28T11:52:00+00:00,west,noaa-goes18,NIGHT,AUTUMN,CYEG,0,1.0000,1.0000,1.30
2020-05-17T01:09:00+00:00,west,noaa-goes17,DAY,SPRING,CYEG,0,1.0000,1.0000,1.30
2021-11-14T18:53:00+00:00,west,noaa-goes17,DAY,AUTUMN,CYEG,0,1.0000,1.0000,1.30
2021-03-26T00:49:00+00:00,west,noaa-goes17,DAY,SPRING,CYEG,0,1.0000,1.0000,1.30
2025-10-18T09:21:00+00:00,west,noaa-goes18,NIGHT,AUTUMN,CYEG,0,0.5556,0.6800,1.30
2020-06-16T22:29:00+00:00,west,noaa-goes17,DAY,SUMMER,CYEG,0,1.0000,1.0000,1.30
2024-04-26T00:18:00+00:00,west,noaa-goes18,DAY,SPRING,CYEG,0,1.0000,1.0000,1.30
2020-05-29T07:45:00+00:00,west,noaa-goes17,NIGHT,SPRING,CYEG,0,1.0000,1.0000,1.30
2024-10-06T18:32:00+00:00,west,noaa-goes18,DAY,AUTUMN,CYEG,0,1.0000,1.0000,1.30
2022-10-03T06:01:00+00:00,west,noaa-goes17,NIGHT,AUTUMN,CYEG,0,1.0000,0.9200,1.30
2024-06-11T15:41:00+00:00,west,noaa-goes18,DAY,SUMMER,CYEG,0,1.0000,1.0000,1.30
2024-12-07T21:13:00+00:00,west,noaa-goes18,DAY,WINTER,CYEG,0,1.0000,1.0000,1.30
2021-05-07T17:59:00+00:00,west,noaa-goes17,DAY,SPRING,CYEG,0,1.0000,1.0000,1.30
2022-01-21T13:26:00+00:00,west,noaa-goes17,NIGHT,WINTER,CYEG,0,1.0000,1.0000,1.30
2025-05-01T18:41:00+00:00,west,noaa-goes18,DAY,SPRING,CYEG,1,0.0000,0.0000,1.30
2023-02-25T02:39:00+00:00,west,noaa-goes18,NIGHT,WINTER,CYEG,0,0.4444,0.7600,1.30
2020-03-07T16:28:00+00:00,west,noaa-goes17,DAY,SPRING,CYEG,0,1.0000,1.0000,1.30
2025-09-12T20:32:00+00:00,west,noaa-goes18,DAY,AUTUMN,CYEG,0,0.8889,0.4800,1.30
2024-10-30T10:13:00+00:00,west,noaa-goes18,NIGHT,AUTUMN,CYEG,1,0.0000,0.0000,1.30
2025-08-19T10:43:00+00:00,west,noaa-goes18,NIGHT,SUMMER,CYEG,1,0.0000,0.0000,1.30
2020-07-10T12:30:00+00:00,west,noaa-goes17,DAY,SUMMER,CYEG,1,0.0000,0.0000,1.30
2022-04-20T18:26:00+00:00,west,noaa-goes17,DAY,SPRING,CYEG,1,0.0000,0.0000,1.30
2025-08-25T15:25:00+00:00,west,noaa-goes18,DAY,SUMMER,CYEG,1,0.0000,0.0000,1.30
2020-04-08T23:54:00+00:00,west,noaa-goes17,DAY,SPRING,CYEG,0,1.0000,1.0000,1.30
2023-07-13T20:20:00+00:00,west,noaa-goes18,DAY,SUMMER,CYEG,1,0.0000,0.0000,1.30
2020-03-30T21:40:00+00:00,west,noaa-goes17,DAY,SPRING,CYEG,0,1.0000,1.0000,1.30
2023-05-24T18:08:00+00:00,west,noaa-goes18,DAY,SPRING,CYEG,0,1.0000,1.0000,1.30
2024-09-26T22:48:00+00:00,west,noaa-goes18,DAY,AUTUMN,CYEG,1,0.1111,0.0800,1.30
2020-11-14T17:55:00+00:00,west,noaa-goes17,DAY,AUTUMN,CYEG,0,1.0000,1.0000,1.30
2024-07-02T21:46:00+00:00,west,noaa-goes18,DAY,SUMMER,CYEG,1,0.2222,0.2800,1.30
2024-05-19T06:11:00+00:00,west,noaa-goes18,NIGHT,SPRING,CYEG,0,1.0000,1.0000,1.30
2021-10-29T18:59:00+00:00,west,noaa-goes17,DAY,AUTUMN,CYEG,0,1.0000,1.0000,1.30
2020-03-01T15:12:00+00:00,west,noaa-goes17,DAY,SPRING,CYEG,1,0.0000,0.0000,1.30
2020-11-24T21:36:00+00:00,west,noaa-goes17,DAY,AUTUMN,CYEG,0,1.0000,1.0000,1.30
2021-10-16T15:07:00+00:00,west,noaa-goes17,DAY,AUTUMN,CYEG,0,1.0000,1.0000,1.30
2023-08-15T06:49:00+00:00,west,noaa-goes18,NIGHT,SUMMER,CYEG,0,0.6667,0.5600,1.30
2022-08-13T14:05:00+00:00,west,noaa-goes17,DAY,SUMMER,CYEG,1,0.2222,0.2000,1.30
2025-02-17T23:58:00+00:00,west,noaa-goes18,DAY,WINTER,CYEG,1,0.0000,0.0000,1.30
2020-01-25T17:27:00+00:00,west,noaa-goes17,DAY,WINTER,CYEG,0,0.5556,0.4000,1.30
2023-06-15T19:16:00+00:00,west,noaa-goes18,DAY,SUMMER,CYEG,0,1.0000,1.0000,1.30
2021-12-03T12:37:00+00:00,west,noaa-goes17,NIGHT,WINTER,CYEG,1,0.2222,0.3200,1.30
2023-04-10T05:01:00+00:00,west,noaa-goes18,NIGHT,SPRING,CYEG,1,0.0000,0.0000,1.30
2022-04-24T22:44:00+00:00,west,noaa-goes17,DAY,SPRING,CYEG,1,0.1111,0.0400,1.30
2020-03-19T03:18:00+00:00,west,noaa-goes17,NIGHT,SPRING,CYEG,0,1.0000,0.8800,1.30
2024-01-09T18:39:00+00:00,west,noaa-goes18,DAY,WINTER,CYEG,0,1.0000,1.0000,1.30
2024-09-10T14:01:00+00:00,west,noaa-goes18,DAY,AUTUMN,CYEG,1,0.0000,0.2000,1.30
2024-04-07T19:11:00+00:00,west,noaa-goes18,DAY,SPRING,CYEG,0,1.0000,1.0000,1.30
2020-09-17T19:21:00+00:00,west,noaa-goes17,DAY,AUTUMN,CYEG,0,0.7778,0.6800,1.30
2024-12-03T06:00:00+00:00,west,noaa-goes18,NIGHT,WINTER,CYEG,0,1.0000,1.0000,1.30
2024-02-15T08:38:00+00:00,west,noaa-goes18,NIGHT,WINTER,CYEG,0,1.0000,1.0000,1.30
2025-12-12T05:17:00+00:00,west,noaa-goes18,NIGHT,WINTER,CYEG,1,0.3333,0.2400,1.30
2022-08-08T17:58:00+00:00,west,noaa-goes17,DAY,SUMMER,CYEG,1,0.0000,0.1600,1.30
2025-09-30T23:49:00+00:00,west,noaa-goes18,DAY,AUTUMN,CYEG,0,1.0000,1.0000,1.30
2023-02-12T21:50:00+00:00,west,noaa-goes18,DAY,WINTER,CYEG,0,1.0000,1.0000,1.30
2021-08-23T22:43:00+00:00,west,noaa-goes17,DAY,SUMMER,CYEG,0,1.0000,1.0000,1.30
2025-08-18T00:24:00+00:00,west,noaa-goes18,DAY,SUMMER,CYEG,1,0.0000,0.0000,1.30
2024-03-23T20:17:00+00:00,west,noaa-goes18,DAY,SPRING,CYEG,0,1.0000,1.0000,1.30
2022-06-27T21:07:00+00:00,west,noaa-goes17,DAY,SUMMER,CYEG,1,0.0000,0.2000,1.30
2023-11-08T20:33:00+00:00,west,noaa-goes18,DAY,AUTUMN,CYEG,0,1.0000,1.0000,1.30
2022-10-31T18:58:00+00:00,west,noaa-goes17,DAY,AUTUMN,CYEG,0,1.0000,0.9200,1.30
2021-08-04T20:32:00+00:00,west,noaa-goes17,DAY,SUMMER,CYEG,1,0.7778,0.8400,1.30
2021-01-16T10:00:00+00:00,west,noaa-goes17,NIGHT,WINTER,CYEG,1,0.0000,0.0000,1.30
2022-03-29T14:49:00+00:00,west,noaa-goes17,DAY,SPRING,CYEG,1,0.0000,0.1200,1.30
2020-08-10T19:09:00+00:00,west,noaa-goes17,DAY,SUMMER,CYEG,1,0.1111,0.0400,1.30
2024-08-15T20:19:00+00:00,west,noaa-goes18,DAY,SUMMER,CYEG,1,0.0000,0.0000,1.30
2020-06-23T14:56:00+00:00,west,noaa-goes17,DAY,SUMMER,CYEG,0,1.0000,1.0000,1.30
2020-07-15T06:01:00+00:00,west,noaa-goes17,NIGHT,SUMMER,CYEG,0,1.0000,1.0000,1.30
2025-10-02T20:34:00+00:00,west,noaa-goes18,DAY,AUTUMN,CYEG,1,0.0000,0.0000,1.30
2020-05-08T16:40:00+00:00,west,noaa-goes17,DAY,SPRING,CYEG,0,1.0000,1.0000,1.30
2021-11-09T19:26:00+00:00,west,noaa-goes17,DAY,AUTUMN,CYEG,0,1.0000,1.0000,1.30
2021-12-13T20:55:00+00:00,west,noaa-goes17,DAY,WINTER,CYEG,0,1.0000,1.0000,1.30
2023-04-27T09:53:00+00:00,west,noaa-goes18,NIGHT,SPRING,CYEG,0,1.0000,1.0000,1.30
2025-11-26T10:48:00+00:00,west,noaa-goes18,NIGHT,AUTUMN,CYEG,1,0.0000,0.0000,1.30
2020-05-03T21:54:00+00:00,west,noaa-goes17,DAY,SPRING,CYEG,0,1.0000,1.0000,1.30
2025-10-15T16:42:00+00:00,west,noaa-goes18,DAY,AUTUMN,CYEG,1,0.0000,0.1600,1.30
2023-10-20T18:11:00+00:00,west,noaa-goes18,DAY,AUTUMN,CYEG,1,0.2222,0.3200,1.30
2025-03-27T20:17:00+00:00,west,noaa-goes18,DAY,SPRING,CYEG,0,1.0000,1.0000,1.30
2020-12-29T02:26:00+00:00,west,noaa-goes17,NIGHT,WINTER,CYEG,1,0.2222,0.2800,1.30
2020-01-09T13:59:00+00:00,west,noaa-goes17,NIGHT,WINTER,CYEG,0,1.0000,0.9600,1.30
2021-04-05T23:38:00+00:00,west,noaa-goes17,DAY,SPRING,CYEG,0,0.8889,0.9200,1.30
2021-06-26T00:35:00+00:00,west,noaa-goes17,DAY,SUMMER,CYEG,1,0.0000,0.0800,1.30
2020-05-15T16:08:00+00:00,west,noaa-goes17,DAY,SPRING,CYEG,0,1.0000,0.9200,1.30
2020-03-09T07:39:00+00:00,west,noaa-goes17,NIGHT,SPRING,CYEG,0,1.0000,1.0000,1.30
2021-05-06T14:03:00+00:00,west,noaa-goes17,DAY,SPRING,CYEG,0,1.0000,1.0000,1.30
2021-12-18T13:12:00+00:00,west,noaa-goes17,NIGHT,WINTER,CYEG,0,1.0000,1.0000,1.30
2022-12-19T08:17:00+00:00,west,noaa-goes17,NIGHT,WINTER,CYEG,0,1.0000,1.0000,1.30
2024-04-11T20:41:00+00:00,west,noaa-goes18,DAY,SPRING,CYEG,0,1.0000,1.0000,1.30
2022-01-23T20:16:00+00:00,west,noaa-goes17,DAY,WINTER,CYEG,0,1.0000,1.0000,1.30
2023-09-30T16:43:00+00:00,west,noaa-goes18,DAY,AUTUMN,CYEG,0,1.0000,1.0000,1.30
2025-06-07T00:05:00+00:00,west,noaa-goes18,DAY,SUMMER,CYEG,0,1.0000,1.0000,1.30
2023-04-24T21:59:00+00:00,west,noaa-goes18,DAY,SPRING,CYEG,0,0.5556,0.4800,1.30
2024-03-11T06:26:00+00:00,west,noaa-goes18,NIGHT,SPRING,CYEG,1,0.0000,0.0000,1.30
2020-03-17T18:05:00+00:00,west,noaa-goes17,DAY,SPRING,CYEG,0,1.0000,1.0000,1.30
2021-10-01T07:29:00+00:00,west,noaa-goes17,NIGHT,AUTUMN,CYEG,0,1.0000,1.0000,1.30
2024-01-31T07:00:00+00:00,west,noaa-goes18,NIGHT,WINTER,CYEG,1,0.0000,0.0000,1.30
2022-01-18T17:58:00+00:00,west,noaa-goes17,DAY,WINTER,CYEG,1,0.0000,0.0000,1.30
2022-12-26T18:28:00+00:00,west,noaa-goes17,DAY,WINTER,CYEG,0,1.0000,1.0000,1.30
2024-07-17T22:03:00+00:00,west,noaa-goes18,DAY,SUMMER,CYEG,1,0.2222,0.4000,1.30
2022-10-20T19:24:00+00:00,west,noaa-goes17,DAY,AUTUMN,CYEG,1,0.0000,0.0000,1.30
2023-04-17T07:24:00+00:00,west,noaa-goes18,NIGHT,SPRING,CYEG,0,1.0000,1.0000,1.30
2023-06-16T01:22:00+00:00,west,noaa-goes18,DAY,SUMMER,CYEG,1,0.0000,0.0000,1.30
2023-12-24T07:44:00+00:00,west,noaa-goes18,NIGHT,WINTER,CYEG,1,0.0000,0.0400,1.30
2024-10-06T08:32:00+00:00,west,noaa-goes18,NIGHT,AUTUMN,CYEG,0,1.0000,1.0000,1.30
2024-12-05T11:49:00+00:00,west,noaa-goes18,NIGHT,WINTER,CYEG,1,0.0000,0.0000,1.30
2023-02-14T21:01:00+00:00,west,noaa-goes18,DAY,WINTER,CYEG,0,1.0000,1.0000,1.30
2025-10-21T11:17:00+00:00,west,noaa-goes18,NIGHT,AUTUMN,CYEG,0,1.0000,1.0000,1.30
2024-06-26T13:09:00+00:00,west,noaa-goes18,DAY,SUMMER,CYEG,0,1.0000,1.0000,1.30
2022-03-20T04:14:00+00:00,west,noaa-goes17,NIGHT,SPRING,CYEG,0,1.0000,1.0000,1.30
2024-07-09T14:38:00+00:00,west,noaa-goes18,DAY,SUMMER,CYEG,1,0.0000,0.0000,1.30
2025-12-06T13:18:00+00:00,west,noaa-goes18,NIGHT,WINTER,CYEG,0,1.0000,1.0000,1.30
2020-10-28T04:23:00+00:00,west,noaa-goes17,NIGHT,AUTUMN,CYEG,0,1.0000,1.0000,1.30
2023-06-25T18:52:00+00:00,west,noaa-goes18,DAY,SUMMER,CYEG,0,1.0000,0.7600,1.30
2025-06-07T21:57:00+00:00,west,noaa-goes18,DAY,SUMMER,CYEG,0,1.0000,0.8400,1.30
2021-12-14T04:47:00+00:00,west,noaa-goes17,NIGHT,WINTER,CYEG,0,1.0000,1.0000,1.30
2020-07-25T08:11:00+00:00,west,noaa-goes17,NIGHT,SUMMER,CYEG,0,1.0000,1.0000,1.30
2025-11-18T12:11:00+00:00,west,noaa-goes18,NIGHT,AUTUMN,CYEG,0,0.7778,0.7200,1.30
2021-06-11T00:24:00+00:00,west,noaa-goes17,DAY,SUMMER,CYEG,0,1.0000,1.0000,1.30
2025-02-01T18:37:00+00:00,west,noaa-goes18,DAY,WINTER,CYEG,0,1.0000,0.6400,1.30
2023-11-13T12:39:00+00:00,west,noaa-goes18,NIGHT,AUTUMN,CYEG,0,1.0000,1.0000,1.30
2021-09-24T18:58:00+00:00,west,noaa-goes17,DAY,AUTUMN,CYEG,1,0.0000,0.0000,1.30
2022-10-12T06:20:00+00:00,west,noaa-goes17,NIGHT,AUTUMN,CYEG,0,0.7778,0.7600,1.30
2025-05-09T12:35:00+00:00,west,noaa-goes18,DAY,SPRING,CYEG,0,1.0000,1.0000,1.30
2025-10-09T14:45:00+00:00,west,noaa-goes18,DAY,AUTUMN,CYEG,1,0.0000,0.0400,1.30
2025-07-22T14:39:00+00:00,west,noaa-goes18,DAY,SUMMER,CYEG,0,1.0000,1.0000,1.30
2021-05-12T07:16:00+00:00,west,noaa-goes17,NIGHT,SPRING,CYEG,1,0.0000,0.0000,1.30
2025-11-21T05:03:00+00:00,west,noaa-goes18,NIGHT,AUTUMN,CYEG,0,1.0000,0.9200,1.30
2022-03-30T19:33:00+00:00,west,noaa-goes17,DAY,SPRING,CYEG,1,0.2222,0.3600,1.30
2021-09-25T04:25:00+00:00,west,noaa-goes17,NIGHT,AUTUMN,CYEG,0,1.0000,1.0000,1.30
2020-09-29T09:19:00+00:00,west,noaa-goes17,NIGHT,AUTUMN,CYEG,0,1.0000,1.0000,1.30
2020-07-22T20:42:00+00:00,west,noaa-goes17,DAY,SUMMER,CYEG,1,0.3333,0.3600,1.30
2020-10-02T09:47:00+00:00,west,noaa-goes17,NIGHT,AUTUMN,CYEG,1,0.2222,0.1200,1.30
2022-07-18T01:55:00+00:00,west,noaa-goes17,DAY,SUMMER,CYEG,1,0.0000,0.0000,1.30
2023-03-10T23:59:00+00:00,west,noaa-goes18,DAY,SPRING,CYEG,0,1.0000,1.0000,1.30
2021-04-29T00:13:00+00:00,west,noaa-goes17,DAY,SPRING,CYEG,0,1.0000,1.0000,1.30
2025-10-16T18:31:00+00:00,west,noaa-goes18,DAY,AUTUMN,CYEG,1,0.0000,0.0000,1.30
2023-08-09T04:57:00+00:00,west,noaa-goes18,NIGHT,SUMMER,CYEG,0,1.0000,1.0000,1.30
2025-04-09T04:02:00+00:00,west,noaa-goes18,NIGHT,SPRING,CYEG,0,1.0000,1.0000,1.30
2024-11-15T20:20:00+00:00,west,noaa-goes18,DAY,AUTUMN,CYEG,0,1.0000,1.0000,1.30
2024-04-20T09:10:00+00:00,west,noaa-goes18,NIGHT,SPRING,CYEG,1,0.7778,0.5200,1.30
2020-02-16T10:39:00+00:00,west,noaa-goes17,NIGHT,WINTER,CYEG,0,1.0000,1.0000,1.30
2022-01-18T07:21:00+00:00,west,noaa-goes17,NIGHT,WINTER,CYEG,1,0.0000,0.0800,1.30
2022-08-08T00:36:00+00:00,west,noaa-goes17,DAY,SUMMER,CYEG,1,0.0000,0.0000,1.30
2025-06-07T13:27:00+00:00,west,noaa-goes18,DAY,SUMMER,CYEG,1,0.0000,0.0000,1.30
2021-02-23T19:16:00+00:00,west,noaa-goes17,DAY,WINTER,CYEG,1,0.5556,0.6000,1.30
2020-05-19T20:54:00+00:00,west,noaa-goes17,DAY,SPRING,CYEG,0,1.0000,1.0000,1.30
2024-02-24T12:34:00+00:00,west,noaa-goes18,NIGHT,WINTER,CYEG,0,1.0000,1.0000,1.30
2021-06-23T00:05:00+00:00,west,noaa-goes17,DAY,SUMMER,CYEG,0,0.5556,0.4800,1.30
2025-04-24T21:23:00+00:00,west,noaa-goes18,DAY,SPRING,CYEG,0,1.0000,0.9600,1.30
2022-10-04T20:59:00+00:00,west,noaa-goes17,DAY,AUTUMN,CYEG,1,0.0000,0.0000,1.30
2024-07-31T13:06:00+00:00,west,noaa-goes18,DAY,SUMMER,CYEG,1,0.0000,0.0000,1.30
2025-11-25T13:36:00+00:00,west,noaa-goes18,NIGHT,AUTUMN,CYEG,1,0.0000,0.0000,1.30
2023-09-26T15:09:00+00:00,west,noaa-goes18,DAY,AUTUMN,CYEG,0,1.0000,1.0000,1.30
2023-04-04T00:19:00+00:00,west,noaa-goes18,DAY,SPRING,CYEG,1,0.0000,0.0000,1.30
2022-10-12T09:31:00+00:00,west,noaa-goes17,NIGHT,AUTUMN,CYEG,0,1.0000,1.0000,1.30
2022-11-21T03:45:00+00:00,west,noaa-goes17,NIGHT,AUTUMN,CYEG,0,1.0000,1.0000,1.30
2020-10-24T21:12:00+00:00,west,noaa-goes17,DAY,AUTUMN,CYEG,0,1.0000,1.0000,1.30
2025-05-28T21:39:00+00:00,west,noaa-goes18,DAY,SPRING,CYEG,1,0.0000,0.0000,1.30
2025-06-30T15:12:00+00:00,west,noaa-goes18,DAY,SUMMER,CYEG,1,0.0000,0.0000,1.30
2021-11-25T02:31:00+00:00,west,noaa-goes17,NIGHT,AUTUMN,CYEG,0,1.0000,1.0000,1.30
2023-12-03T01:14:00+00:00,west,noaa-goes18,NIGHT,WINTER,CYEG,0,1.0000,1.0000,1.30
2022-01-04T01:09:00+00:00,west,noaa-goes17,NIGHT,WINTER,CYEG,0,1.0000,1.0000,1.30
2023-09-28T19:47:00+00:00,west,noaa-goes18,DAY,AUTUMN,CYEG,0,1.0000,1.0000,1.30
2020-10-17T18:12:00+00:00,west,noaa-goes17,DAY,AUTUMN,CYEG,0,1.0000,1.0000,1.30
2025-10-13T15:12:00+00:00,west,noaa-goes18,DAY,AUTUMN,CYEG,0,0.2222,0.3200,1.30
2022-05-10T14:02:00+00:00,west,noaa-goes17,DAY,SPRING,CYEG,0,1.0000,1.0000,1.30
2022-01-23T09:54:00+00:00,west,noaa-goes17,NIGHT,WINTER,CYEG,1,0.0000,0.1200,1.30
2025-01-11T09:35:00+00:00,west,noaa-goes18,NIGHT,WINTER,CYEG,0,1.0000,1.0000,1.30
2020-01-01T08:31:00+00:00,west,noaa-goes17,NIGHT,WINTER,CYEG,0,1.0000,1.0000,1.30
2025-12-29T13:55:00+00:00,west,noaa-goes18,NIGHT,WINTER,CYEG,0,1.0000,1.0000,1.30
2021-06-11T07:20:00+00:00,west,noaa-goes17,NIGHT,SUMMER,CYEG,0,1.0000,1.0000,1.30
2020-11-08T19:04:00+00:00,west,noaa-goes17,DAY,AUTUMN,CYEG,0,1.0000,1.0000,1.30
2025-04-14T20:02:00+00:00,west,noaa-goes18,DAY,SPRING,CYEG,0,1.0000,1.0000,1.30
2024-01-03T02:30:00+00:00,west,noaa-goes18,NIGHT,WINTER,CYEG,0,1.0000,1.0000,1.30
2022-09-05T21:10:00+00:00,west,noaa-goes17,DAY,AUTUMN,CYEG,1,0.0000,0.0000,1.30
2023-11-22T02:17:00+00:00,west,noaa-goes18,NIGHT,AUTUMN,CYEG,0,1.0000,1.0000,1.30
2023-12-11T12:12:00+00:00,west,noaa-goes18,NIGHT,WINTER,CYEG,1,0.0000,0.0000,1.30
2022-11-13T01:38:00+00:00,west,noaa-goes17,NIGHT,AUTUMN,CYEG,1,0.0000,0.0000,1.30
2020-10-27T17:50:00+00:00,west,noaa-goes17,DAY,AUTUMN,CYEG,0,1.0000,1.0000,1.30
2023-11-11T11:34:00+00:00,west,noaa-goes18,NIGHT,AUTUMN,CYEG,0,1.0000,1.0000,1.30
2021-01-25T10:57:00+00:00,west,noaa-goes17,NIGHT,WINTER,CYEG,0,0.8889,0.6000,1.30
2025-01-24T08:17:00+00:00,west,noaa-goes18,NIGHT,WINTER,CYEG,0,0.8889,0.8400,1.30
2024-05-26T21:23:00+00:00,west,noaa-goes18,DAY,SPRING,CYEG,0,1.0000,1.0000,1.30
2022-10-16T19:42:00+00:00,west,noaa-goes17,DAY,AUTUMN,CYEG,1,0.0000,0.0000,1.30
2025-07-07T15:00:00+00:00,west,noaa-goes18,DAY,SUMMER,CYEG,1,0.0000,0.0000,1.30
2020-07-26T09:00:00+00:00,west,noaa-goes17,NIGHT,SUMMER,CYEG,1,0.1111,0.0400,1.30
2022-10-15T19:59:00+00:00,west,noaa-goes17,DAY,AUTUMN,CYEG,1,0.0000,0.0000,1.30
2021-09-04T05:05:00+00:00,west,noaa-goes17,NIGHT,AUTUMN,CYEG,1,0.0000,0.0000,1.30
2020-04-08T21:13:00+00:00,west,noaa-goes17,DAY,SPRING,CYEG,0,1.0000,1.0000,1.30
2020-06-12T07:32:00+00:00,west,noaa-goes17,NIGHT,SUMMER,CYEG,1,0.0000,0.0000,1.30
2024-03-02T17:35:00+00:00,west,noaa-goes18,DAY,SPRING,CYEG,0,1.0000,1.0000,1.30
2024-06-23T21:17:00+00:00,west,noaa-goes18,DAY,SUMMER,CYEG,0,1.0000,1.0000,1.30
2020-03-27T21:28:00+00:00,west,noaa-goes17,DAY,SPRING,CYEG,0,1.0000,1.0000,1.30
2025-12-27T17:00:00+00:00,west,noaa-goes18,DAY,WINTER,CYEG,0,1.0000,1.0000,1.30
2021-10-06T19:44:00+00:00,west,noaa-goes17,DAY,AUTUMN,CYEG,0,1.0000,1.0000,1.30
2023-10-16T02:57:00+00:00,west,noaa-goes18,NIGHT,AUTUMN,CYEG,1,0.4444,0.4000,1.30
2024-04-14T09:44:00+00:00,west,noaa-goes18,NIGHT,SPRING,CYEG,0,1.0000,1.0000,1.30
2024-09-06T04:12:00+00:00,west,noaa-goes18,NIGHT,AUTUMN,CYEG,1,0.0000,0.0000,1.30
2025-04-02T09:16:00+00:00,west,noaa-goes18,NIGHT,SPRING,CYEG,0,1.0000,1.0000,1.30
2020-03-25T16:58:00+00:00,west,noaa-goes17,DAY,SPRING,CYEG,1,0.0000,0.0800,1.30
2025-09-01T23:38:00+00:00,west,noaa-goes18,DAY,AUTUMN,CYEG,0,1.0000,1.0000,1.30
2025-06-01T01:38:00+00:00,west,noaa-goes18,DAY,SUMMER,CYEG,1,0.3333,0.3200,1.30
2021-11-19T01:43:00+00:00,west,noaa-goes17,NIGHT,AUTUMN,CYEG,1,0.3333,0.4400,1.30
2021-04-26T19:44:00+00:00,west,noaa-goes17,DAY,SPRING,CYEG,1,0.4444,0.5200,1.30
2021-01-14T17:53:00+00:00,west,noaa-goes17,DAY,WINTER,CYEG,1,0.2222,0.2800,1.30
2023-03-01T07:05:00+00:00,west,noaa-goes18,NIGHT,SPRING,CYEG,0,1.0000,1.0000,1.30
2021-01-11T06:43:00+00:00,west,noaa-goes17,NIGHT,WINTER,CYEG,1,0.0000,0.0000,1.30
2021-02-14T03:21:00+00:00,west,noaa-goes17,NIGHT,WINTER,CYEG,1,0.0000,0.0000,1.30
2023-02-03T17:21:00+00:00,west,noaa-goes18,DAY,WINTER,CYEG,0,1.0000,1.0000,1.30
2024-06-23T07:11:00+00:00,west,noaa-goes18,NIGHT,SUMMER,CYEG,0,1.0000,1.0000,1.30
2024-07-09T01:18:00+00:00,west,noaa-goes18,DAY,SUMMER,CYEG,1,0.0000,0.0000,1.30
2025-02-05T21:43:00+00:00,west,noaa-goes18,DAY,WINTER,CYEG,0,1.0000,1.0000,1.30
2021-10-12T04:01:00+00:00,west,noaa-goes17,NIGHT,AUTUMN,CYEG,1,0.0000,0.0000,1.30
2023-07-08T07:38:00+00:00,west,noaa-goes18,NIGHT,SUMMER,CYEG,1,0.0000,0.0800,1.30
2025-05-03T15:17:00+00:00,west,noaa-goes18,DAY,SPRING,CYEG,1,0.0000,0.0000,1.30
2024-01-28T22:17:00+00:00,west,noaa-goes18,DAY,WINTER,CYEG,1,0.0000,0.0000,1.30
2023-04-28T15:46:00+00:00,west,noaa-goes18,DAY,SPRING,CYEG,0,1.0000,1.0000,1.30
2020-08-20T17:43:00+00:00,west,noaa-goes17,DAY,SUMMER,CYEG,0,1.0000,1.0000,1.30
2021-07-17T20:57:00+00:00,west,noaa-goes17,DAY,SUMMER,CYEG,0,1.0000,1.0000,1.30
2020-09-17T09:24:00+00:00,west,noaa-goes17,NIGHT,AUTUMN,CYEG,1,0.4444,0.4800,1.30
2020-10-27T19:36:00+00:00,west,noaa-goes17,DAY,AUTUMN,CYEG,0,1.0000,1.0000,1.30
2023-10-20T23:15:00+00:00,west,noaa-goes18,DAY,AUTUMN,CYEG,1,0.0000,0.0000,1.30
2023-01-20T13:56:00+00:00,west,noaa-goes18,NIGHT,WINTER,CYEG,0,1.0000,0.9200,1.30
2025-06-13T12:26:00+00:00,west,noaa-goes18,DAY,SUMMER,CYEG,0,1.0000,1.0000,1.30
2021-06-25T13:11:00+00:00,west,noaa-goes17,DAY,SUMMER,CYEG,0,1.0000,0.8000,1.30
2022-10-13T10:44:00+00:00,west,noaa-goes17,NIGHT,AUTUMN,CYEG,1,0.2222,0.2000,1.30
2024-03-19T00:23:00+00:00,west,noaa-goes18,DAY,SPRING,CYEG,1,0.6667,0.8000,1.30
2022-08-08T00:08:00+00:00,west,noaa-goes17,DAY,SUMMER,CYEG,1,0.0000,0.0000,1.30
2025-12-29T09:01:00+00:00,west,noaa-goes18,NIGHT,WINTER,CYEG,0,1.0000,1.0000,1.30
2024-05-09T16:25:00+00:00,west,noaa-goes18,DAY,SPRING,CYEG,0,1.0000,1.0000,1.30
2020-06-19T12:25:00+00:00,west,noaa-goes17,DAY,SUMMER,CYEG,1,0.0000,0.0000,1.30
2022-09-04T13:53:00+00:00,west,noaa-goes17,DAY,AUTUMN,CYEG,0,1.0000,1.0000,1.30
2020-02-04T11:02:00+00:00,west,noaa-goes17,NIGHT,WINTER,CYEG,0,1.0000,0.9600,1.30
2021-06-13T23:33:00+00:00,west,noaa-goes17,DAY,SUMMER,CYEG,1,0.1111,0.2000,1.30
2020-12-25T20:40:00+00:00,west,noaa-goes17,DAY,WINTER,CYEG,0,1.0000,0.9200,1.30
2024-10-22T08:53:00+00:00,west,noaa-goes18,NIGHT,AUTUMN,CYEG,0,1.0000,1.0000,1.30
2020-02-02T19:34:00+00:00,west,noaa-goes17,DAY,WINTER,CYEG,1,0.6667,0.6400,1.30
2021-05-09T00:55:00+00:00,west,noaa-goes17,DAY,SPRING,CYEG,0,1.0000,1.0000,1.30
2022-06-05T18:02:00+00:00,west,noaa-goes17,DAY,SUMMER,CYEG,0,1.0000,1.0000,1.30
2021-04-29T05:03:00+00:00,west,noaa-goes17,NIGHT,SPRING,CYEG,0,1.0000,1.0000,1.30
2022-08-29T20:01:00+00:00,west,noaa-goes17,DAY,SUMMER,CYEG,1,0.3333,0.2800,1.30
2020-04-05T19:16:00+00:00,west,noaa-goes17,DAY,SPRING,CYEG,0,1.0000,1.0000,1.30
2023-10-20T05:44:00+00:00,west,noaa-goes18,NIGHT,AUTUMN,CYEG,0,1.0000,1.0000,1.30
2022-03-30T14:48:00+00:00,west,noaa-goes17,DAY,SPRING,CYEG,1,0.3333,0.2800,1.30
2024-02-28T18:29:00+00:00,west,noaa-goes18,DAY,WINTER,CYEG,0,1.0000,1.0000,1.30
2024-02-10T07:54:00+00:00,west,noaa-goes18,NIGHT,WINTER,CYEG,1,0.0000,0.0000,1.30
2021-04-04T18:41:00+00:00,west,noaa-goes17,DAY,SPRING,CYEG,0,1.0000,1.0000,1.30
2022-02-03T12:02:00+00:00,west,noaa-goes17,NIGHT,WINTER,CYEG,0,1.0000,1.0000,1.30
2020-07-21T19:45:00+00:00,west,noaa-goes17,DAY,SUMMER,CYEG,0,1.0000,1.0000,1.30
2025-12-24T13:02:00+00:00,west,noaa-goes18,NIGHT,WINTER,CYEG,0,1.0000,1.0000,1.30
2021-06-28T14:22:00+00:00,west,noaa-goes17,DAY,SUMMER,CYEG,1,0.0000,0.0000,1.30
2023-08-10T08:51:00+00:00,west,noaa-goes18,NIGHT,SUMMER,CYEG,1,0.0000,0.0000,1.30
2023-01-24T20:37:00+00:00,west,noaa-goes18,DAY,WINTER,CYEG,1,0.0000,0.0000,1.30
2021-07-15T01:20:00+00:00,west,noaa-goes17,DAY,SUMMER,CYEG,1,0.0000,0.0400,1.30
2023-03-16T23:35:00+00:00,west,noaa-goes18,DAY,SPRING,CYEG,1,0.0000,0.0000,1.30
2023-02-27T22:18:00+00:00,west,noaa-goes18,DAY,WINTER,CYEG,1,0.0000,0.0000,1.30
2023-09-11T07:32:00+00:00,west,noaa-goes18,NIGHT,AUTUMN,CYEG,1,0.0000,0.0000,1.30
2021-01-05T03:35:00+00:00,west,noaa-goes17,NIGHT,WINTER,CYEG,0,1.0000,1.0000,1.30
2020-03-07T20:35:00+00:00,west,noaa-goes17,DAY,SPRING,CYEG,0,1.0000,1.0000,1.30
2021-05-09T22:35:00+00:00,west,noaa-goes17,DAY,SPRING,CYEG,0,1.0000,1.0000,1.30
2023-03-06T09:48:00+00:00,west,noaa-goes18,NIGHT,SPRING,CYEG,1,0.0000,0.0000,1.30
2021-10-04T05:38:00+00:00,west,noaa-goes17,NIGHT,AUTUMN,CYEG,1,0.0000,0.0000,1.30
2024-02-28T04:07:00+00:00,west,noaa-goes18,NIGHT,WINTER,CYEG,0,1.0000,1.0000,1.30
2025-07-13T19:31:00+00:00,west,noaa-goes18,DAY,SUMMER,CYEG,0,1.0000,1.0000,1.30
2024-09-16T04:19:00+00:00,west,noaa-goes18,NIGHT,AUTUMN,CYEG,0,0.8889,0.8000,1.30
2024-09-28T00:28:00+00:00,west,noaa-goes18,DAY,AUTUMN,CYEG,1,0.0000,0.0000,1.30
2020-02-12T09:28:00+00:00,west,noaa-goes17,NIGHT,WINTER,CYEG,0,1.0000,0.9200,1.30
2024-07-21T00:08:00+00:00,west,noaa-goes18,DAY,SUMMER,CYEG,1,0.0000,0.0000,1.30
2022-03-16T11:51:00+00:00,west,noaa-goes17,NIGHT,SPRING,CYEG,0,0.6667,0.8400,1.30
2020-09-14T11:32:00+00:00,west,noaa-goes17,NIGHT,AUTUMN,CYEG,0,1.0000,1.0000,1.30
2024-03-13T06:43:00+00:00,west,noaa-goes18,NIGHT,SPRING,CYEG,1,0.0000,0.0000,1.30
2020-01-18T02:28:00+00:00,west,noaa-goes17,NIGHT,WINTER,CYEG,1,0.0000,0.0000,1.30
2022-08-01T21:46:00+00:00,west,noaa-goes17,DAY,SUMMER,CYEG,0,1.0000,1.0000,1.30
2021-01-04T13:31:00+00:00,west,noaa-goes17,NIGHT,WINTER,CYEG,0,0.8889,0.6000,1.30
2021-01-19T10:27:00+00:00,west,noaa-goes17,NIGHT,WINTER,CYEG,0,1.0000,1.0000,1.30
2024-12-07T18:03:00+00:00,west,noaa-goes18,DAY,WINTER,CYEG,0,1.0000,1.0000,1.30
2024-03-09T04:11:00+00:00,west,noaa-goes18,NIGHT,SPRING,CYEG,0,1.0000,1.0000,1.30
2023-08-29T09:28:00+00:00,west,noaa-goes18,NIGHT,SUMMER,CYEG,1,0.0000,0.0000,1.30
2022-12-22T01:45:00+00:00,west,noaa-goes17,NIGHT,WINTER,CYEG,1,0.0000,0.0400,1.30
2024-03-17T08:46:00+00:00,west,noaa-goes18,NIGHT,SPRING,CYEG,0,1.0000,1.0000,1.30
2024-02-05T06:06:00+00:00,west,noaa-goes18,NIGHT,WINTER,CYEG,0,1.0000,1.0000,1.30
2023-08-03T22:58:00+00:00,west,noaa-goes18,DAY,SUMMER,CYEG,1,0.0000,0.0000,1.30
2025-03-30T18:03:00+00:00,west,noaa-goes18,DAY,SPRING,CYEG,0,1.0000,1.0000,1.30
2023-07-31T23:29:00+00:00,west,noaa-goes18,DAY,SUMMER,CYEG,0,1.0000,1.0000,1.30
2021-05-19T18:59:00+00:00,west,noaa-goes17,DAY,SPRING,CYEG,0,1.0000,1.0000,1.30
2020-11-23T20:59:00+00:00,west,noaa-goes17,DAY,AUTUMN,CYEG,0,1.0000,1.0000,1.30
2025-11-19T20:36:00+00:00,west,noaa-goes18,DAY,AUTUMN,CYEG,0,0.5556,0.6000,1.30
2025-12-17T12:27:00+00:00,west,noaa-goes18,NIGHT,WINTER,CYEG,0,1.0000,1.0000,1.30
2023-05-15T22:25:00+00:00,west,noaa-goes18,DAY,SPRING,CYEG,1,0.0000,0.0000,1.30
2022-05-29T13:21:00+00:00,west,noaa-goes17,DAY,SPRING,CYEG,0,0.8889,0.6800,1.30
2023-08-13T22:38:00+00:00,west,noaa-goes18,DAY,SUMMER,CYEG,1,0.1111,0.2000,1.30
2025-07-20T08:40:00+00:00,west,noaa-goes18,NIGHT,SUMMER,CYEG,0,1.0000,1.0000,1.30
2025-02-27T12:35:00+00:00,west,noaa-goes18,NIGHT,WINTER,CYEG,0,1.0000,1.0000,1.30
2020-01-29T11:43:00+00:00,west,noaa-goes17,NIGHT,WINTER,CYEG,0,1.0000,0.8800,1.30
2022-01-30T07:47:00+00:00,west,noaa-goes17,NIGHT,WINTER,CYEG,0,1.0000,0.8800,1.30
2025-05-12T15:51:00+00:00,west,noaa-goes18,DAY,SPRING,CYEG,0,1.0000,1.0000,1.30
2020-12-29T17:16:00+00:00,west,noaa-goes17,DAY,WINTER,CYEG,1,0.0000,0.0000,1.30
2021-02-14T18:11:00+00:00,west,noaa-goes17,DAY,WINTER,CYEG,0,1.0000,1.0000,1.30
2024-01-14T13:31:00+00:00,west,noaa-goes18,NIGHT,WINTER,CYEG,1,0.0000,0.0000,1.30
2022-09-17T06:12:00+00:00,west,noaa-goes17,NIGHT,AUTUMN,CYEG,0,1.0000,1.0000,1.30
2021-08-11T22:45:00+00:00,west,noaa-goes17,DAY,SUMMER,CYEG,0,1.0000,0.8000,1.30
2025-05-16T06:50:00+00:00,west,noaa-goes18,NIGHT,SPRING,CYEG,1,0.0000,0.0400,1.30
2021-06-29T06:36:00+00:00,west,noaa-goes17,NIGHT,SUMMER,CYEG,1,0.0000,0.0000,1.30
2024-07-16T09:16:00+00:00,west,noaa-goes18,NIGHT,SUMMER,CYEG,0,1.0000,1.0000,1.30
2021-11-02T12:59:00+00:00,west,noaa-goes17,NIGHT,AUTUMN,CYEG,0,1.0000,1.0000,1.30
2025-02-27T12:39:00+00:00,west,noaa-goes18,NIGHT,WINTER,CYEG,0,1.0000,1.0000,1.30
2022-08-27T19:59:00+00:00,west,noaa-goes17,DAY,SUMMER,CYEG,0,1.0000,1.0000,1.30
2025-12-31T10:41:00+00:00,west,noaa-goes18,NIGHT,WINTER,CYEG,0,1.0000,1.0000,1.30
2021-07-30T01:08:00+00:00,west,noaa-goes17,DAY,SUMMER,CYEG,1,0.0000,0.0000,1.30
2022-09-03T21:11:00+00:00,west,noaa-goes17,DAY,AUTUMN,CYEG,1,0.0000,0.0000,1.30
2020-03-29T18:06:00+00:00,west,noaa-goes17,DAY,SPRING,CYEG,0,1.0000,1.0000,1.30
2022-10-26T22:00:00+00:00,west,noaa-goes17,DAY,AUTUMN,CYEG,1,0.0000,0.0000,1.30
2023-04-16T04:13:00+00:00,west,noaa-goes18,NIGHT,SPRING,CYEG,0,1.0000,1.0000,1.30
2023-05-01T15:42:00+00:00,west,noaa-goes18,DAY,SPRING,CYEG,1,0.0000,0.2000,1.30
2020-10-16T19:37:00+00:00,west,noaa-goes17,DAY,AUTUMN,CYEG,0,1.0000,1.0000,1.30
2025-11-21T04:56:00+00:00,west,noaa-goes18,NIGHT,AUTUMN,CYEG,0,0.7778,0.7200,1.30
2020-02-07T21:30:00+00:00,west,noaa-goes17,DAY,WINTER,CYEG,0,1.0000,1.0000,1.30
2023-09-19T10:55:00+00:00,west,noaa-goes18,NIGHT,AUTUMN,CYEG,1,0.0000,0.0000,1.30
2020-12-10T10:53:00+00:00,west,noaa-goes17,NIGHT,WINTER,CYEG,0,1.0000,0.8400,1.30
2023-01-05T22:21:00+00:00,west,noaa-goes18,DAY,WINTER,CYEG,0,1.0000,1.0000,1.30
2024-12-17T10:27:00+00:00,west,noaa-goes18,NIGHT,WINTER,CYEG,0,1.0000,1.0000,1.30
2020-10-11T06:35:00+00:00,west,noaa-goes17,NIGHT,AUTUMN,CYEG,0,1.0000,1.0000,1.30
2022-06-24T03:01:00+00:00,west,noaa-goes17,DAY,SUMMER,CYEG,0,1.0000,1.0000,1.30
2022-05-24T21:09:00+00:00,west,noaa-goes17,DAY,SPRING,CYEG,0,1.0000,1.0000,1.30
2022-01-24T13:40:00+00:00,west,noaa-goes17,NIGHT,WINTER,CYEG,0,1.0000,1.0000,1.30
2021-09-08T04:31:00+00:00,west,noaa-goes17,NIGHT,AUTUMN,CYEG,1,0.0000,0.0400,1.30
2024-08-23T23:32:00+00:00,west,noaa-goes18,DAY,SUMMER,CYEG,1,0.6667,0.6400,1.30
2020-05-18T12:25:00+00:00,west,noaa-goes17,DAY,SPRING,CYEG,0,1.0000,1.0000,1.30
2023-05-08T23:30:00+00:00,west,noaa-goes18,DAY,SPRING,CYEG,0,1.0000,1.0000,1.30
2020-04-25T14:00:00+00:00,west,noaa-goes17,DAY,SPRING,CYEG,0,1.0000,1.0000,1.30
2022-04-29T17:23:00+00:00,west,noaa-goes17,DAY,SPRING,CYEG,1,0.0000,0.0000,1.30
2020-08-02T07:24:00+00:00,west,noaa-goes17,NIGHT,SUMMER,CYEG,0,1.0000,1.0000,1.30
2025-08-24T09:08:00+00:00,west,noaa-goes18,NIGHT,SUMMER,CYEG,1,0.0000,0.0000,1.30
2020-06-02T20:30:00+00:00,west,noaa-goes17,DAY,SUMMER,CYEG,1,0.4444,0.6400,1.30
2023-05-03T23:03:00+00:00,west,noaa-goes18,DAY,SPRING,CYEG,0,1.0000,1.0000,1.30
2021-06-25T15:17:00+00:00,west,noaa-goes17,DAY,SUMMER,CYEG,1,0.0000,0.0000,1.30
2020-03-16T21:41:00+00:00,west,noaa-goes17,DAY,SPRING,CYEG,1,0.4444,0.3600,1.30
2024-02-11T16:10:00+00:00,west,noaa-goes18,DAY,WINTER,CYEG,1,0.0000,0.0000,1.30
2020-01-10T13:53:00+00:00,west,noaa-goes17,NIGHT,WINTER,CYEG,0,0.8889,0.8000,1.30
2020-06-12T07:45:00+00:00,west,noaa-goes17,NIGHT,SUMMER,CYEG,1,0.0000,0.0000,1.30
2024-07-16T06:51:00+00:00,west,noaa-goes18,NIGHT,SUMMER,CYEG,0,1.0000,1.0000,1.30
2025-09-13T21:22:00+00:00,west,noaa-goes18,DAY,AUTUMN,CYEG,1,0.0000,0.0000,1.30
2024-07-10T08:26:00+00:00,west,noaa-goes18,NIGHT,SUMMER,CYEG,1,0.0000,0.0000,1.30
2025-01-08T08:20:00+00:00,west,noaa-goes18,NIGHT,WINTER,CYEG,0,1.0000,1.0000,1.30
2025-06-12T20:37:00+00:00,west,noaa-goes18,DAY,SUMMER,CYEG,0,1.0000,1.0000,1.30
2022-06-10T18:44:00+00:00,west,noaa-goes17,DAY,SUMMER,CYEG,1,0.2222,0.1200,1.30
2025-06-07T23:36:00+00:00,west,noaa-goes18,DAY,SUMMER,CYEG,0,1.0000,1.0000,1.30
2023-02-11T19:50:00+00:00,west,noaa-goes18,DAY,WINTER,CYEG,0,1.0000,1.0000,1.30
2020-11-12T08:38:00+00:00,west,noaa-goes17,NIGHT,AUTUMN,CYEG,1,0.0000,0.0000,1.30
2023-03-01T19:44:00+00:00,west,noaa-goes18,DAY,SPRING,CYEG,0,0.8889,0.9200,1.30
2022-04-30T04:52:00+00:00,west,noaa-goes17,NIGHT,SPRING,CYEG,0,1.0000,1.0000,1.30
2022-06-30T18:16:00+00:00,west,noaa-goes17,DAY,SUMMER,CYEG,0,0.8889,0.6400,1.30
2021-02-17T05:45:00+00:00,west,noaa-goes17,NIGHT,WINTER,CYEG,0,0.3333,0.2400,1.30
2025-12-25T20:04:00+00:00,west,noaa-goes18,DAY,WINTER,CYEG,1,0.0000,0.0000,1.30
2021-03-03T10:39:00+00:00,west,noaa-goes17,NIGHT,SPRING,CYEG,1,0.2222,0.2800,1.30
2023-03-26T17:59:00+00:00,west,noaa-goes18,DAY,SPRING,CYEG,1,0.7778,0.8800,1.30
2023-10-22T07:16:00+00:00,west,noaa-goes18,NIGHT,AUTUMN,CYEG,1,0.0000,0.0000,1.30
2020-10-26T05:43:00+00:00,west,noaa-goes17,NIGHT,AUTUMN,CYEG,0,1.0000,1.0000,1.30
2025-01-18T13:47:00+00:00,west,noaa-goes18,NIGHT,WINTER,CYEG,0,1.0000,0.9200,1.30
2021-10-31T04:58:00+00:00,west,noaa-goes17,NIGHT,AUTUMN,CYEG,1,0.0000,0.0000,1.30
2022-03-01T18:33:00+00:00,west,noaa-goes17,DAY,SPRING,CYEG,0,1.0000,0.9600,1.30
2023-05-30T15:19:00+00:00,west,noaa-goes18,DAY,SPRING,CYEG,1,0.1111,0.2800,1.30
2021-12-08T20:10:00+00:00,west,noaa-goes17,DAY,WINTER,CYEG,0,1.0000,1.0000,1.30
2023-10-28T12:45:00+00:00,west,noaa-goes18,NIGHT,AUTUMN,CYEG,0,1.0000,1.0000,1.30
2025-03-03T23:32:00+00:00,west,noaa-goes18,DAY,SPRING,CYEG,1,0.3333,0.4000,1.30
2025-07-06T02:54:00+00:00,west,noaa-goes18,DAY,SUMMER,CYEG,0,1.0000,1.0000,1.30
2025-10-03T16:33:00+00:00,west,noaa-goes18,DAY,AUTUMN,CYEG,1,0.0000,0.0000,1.30
2025-01-18T16:41:00+00:00,west,noaa-goes18,DAY,WINTER,CYEG,1,0.0000,0.0000,1.30
2025-06-01T01:21:00+00:00,west,noaa-goes18,DAY,SUMMER,CYEG,0,1.0000,1.0000,1.30
2022-11-12T18:41:00+00:00,west,noaa-goes17,DAY,AUTUMN,CYEG,0,1.0000,1.0000,1.30
2024-02-24T12:19:00+00:00,west,noaa-goes18,NIGHT,WINTER,CYEG,0,1.0000,1.0000,1.30
2025-03-30T23:36:00+00:00,west,noaa-goes18,DAY,SPRING,CYEG,0,1.0000,1.0000,1.30
2023-01-15T12:01:00+00:00,west,noaa-goes18,NIGHT,WINTER,CYEG,0,0.6667,0.6000,1.30
2023-08-22T16:27:00+00:00,west,noaa-goes18,DAY,SUMMER,CYEG,0,1.0000,1.0000,1.30
2024-12-22T19:17:00+00:00,west,noaa-goes18,DAY,WINTER,CYEG,0,0.8889,0.7600,1.30
2024-05-03T06:56:00+00:00,west,noaa-goes18,NIGHT,SPRING,CYEG,1,0.0000,0.0000,1.30
2022-09-15T00:54:00+00:00,west,noaa-goes17,DAY,AUTUMN,CYEG,1,0.0000,0.0000,1.30
2024-12-26T04:12:00+00:00,west,noaa-goes18,NIGHT,WINTER,CYEG,0,1.0000,1.0000,1.30
2020-08-31T18:56:00+00:00,west,noaa-goes17,DAY,SUMMER,CYEG,0,1.0000,1.0000,1.30
2021-07-30T13:05:00+00:00,west,noaa-goes17,DAY,SUMMER,CYEG,1,0.3333,0.4000,1.30
2020-01-31T03:26:00+00:00,west,noaa-goes17,NIGHT,WINTER,CYEG,0,1.0000,1.0000,1.30
2023-07-29T23:28:00+00:00,west,noaa-goes18,DAY,SUMMER,CYEG,0,1.0000,0.8800,1.30
2023-09-15T15:42:00+00:00,west,noaa-goes18,DAY,AUTUMN,CYEG,0,1.0000,1.0000,1.30
2021-12-06T08:30:00+00:00,west,noaa-goes17,NIGHT,WINTER,CYEG,0,1.0000,1.0000,1.30
2024-10-31T08:00:00+00:00,west,noaa-goes18,NIGHT,AUTUMN,CYEG,1,0.0000,0.0400,1.30
2025-12-14T04:18:00+00:00,west,noaa-goes18,NIGHT,WINTER,CYEG,0,1.0000,1.0000,1.30
2021-09-22T05:57:00+00:00,west,noaa-goes17,NIGHT,AUTUMN,CYEG,0,1.0000,1.0000,1.30
2022-11-17T09:16:00+00:00,west,noaa-goes17,NIGHT,AUTUMN,CYEG,1,0.0000,0.0000,1.30
2020-10-08T16:37:00+00:00,west,noaa-goes17,DAY,AUTUMN,CYEG,0,1.0000,1.0000,1.30
2025-04-18T09:00:00+00:00,west,noaa-goes18,NIGHT,SPRING,CYEG,0,1.0000,0.9600,1.30
2025-12-07T13:58:00+00:00,west,noaa-goes18,NIGHT,WINTER,CYEG,1,0.0000,0.0000,1.30
2025-12-28T13:01:00+00:00,west,noaa-goes18,NIGHT,WINTER,CYEG,1,0.0000,0.0000,1.30
2025-09-30T07:53:00+00:00,west,noaa-goes18,NIGHT,AUTUMN,CYEG,0,1.0000,1.0000,1.30
2023-07-27T15:55:00+00:00,west,noaa-goes18,DAY,SUMMER,CYEG,0,1.0000,1.0000,1.30
2020-06-20T23:04:00+00:00,west,noaa-goes17,DAY,SUMMER,CYEG,0,1.0000,0.9200,1.30
2024-07-30T06:02:00+00:00,west,noaa-goes18,NIGHT,SUMMER,CYEG,0,0.6667,0.6000,1.30
2023-05-06T08:09:00+00:00,west,noaa-goes18,NIGHT,SPRING,CYEG,1,0.0000,0.0000,1.30
2022-05-19T16:41:00+00:00,west,noaa-goes17,DAY,SPRING,CYEG,0,1.0000,1.0000,1.30
2024-08-11T01:11:00+00:00,west,noaa-goes18,DAY,SUMMER,CYEG,1,0.0000,0.0000,1.30
2020-07-04T22:21:00+00:00,west,noaa-goes17,DAY,SUMMER,CYEG,0,1.0000,1.0000,1.30
2020-07-17T17:39:00+00:00,west,noaa-goes17,DAY,SUMMER,CYEG,1,0.0000,0.0000,1.30
2025-12-30T07:01:00+00:00,west,noaa-goes18,NIGHT,WINTER,CYEG,1,0.0000,0.0000,1.30
2023-02-12T23:04:00+00:00,west,noaa-goes18,DAY,WINTER,CYEG,0,1.0000,1.0000,1.30
2022-05-20T08:42:00+00:00,west,noaa-goes17,NIGHT,SPRING,CYEG,0,1.0000,1.0000,1.30
2024-11-09T20:04:00+00:00,west,noaa-goes18,DAY,AUTUMN,CYEG,0,1.0000,1.0000,1.30
2025-05-02T19:31:00+00:00,west,noaa-goes18,DAY,SPRING,CYEG,1,0.0000,0.0000,1.30
2023-01-22T10:09:00+00:00,west,noaa-goes18,NIGHT,WINTER,CYEG,0,1.0000,1.0000,1.30
2023-01-05T03:13:00+00:00,west,noaa-goes18,NIGHT,WINTER,CYEG,1,0.0000,0.0000,1.30
2024-01-25T12:39:00+00:00,west,noaa-goes18,NIGHT,WINTER,CYEG,0,1.0000,1.0000,1.30
2020-06-22T14:13:00+00:00,west,noaa-goes17,DAY,SUMMER,CYEG,0,1.0000,1.0000,1.30
2023-12-20T12:48:00+00:00,west,noaa-goes18,NIGHT,WINTER,CYEG,0,1.0000,1.0000,1.30
2020-02-28T18:20:00+00:00,west,noaa-goes17,DAY,WINTER,CYEG,0,1.0000,1.0000,1.30
2025-08-02T20:40:00+00:00,west,noaa-goes18,DAY,SUMMER,CYEG,1,0.1111,0.1200,1.30
2022-07-01T18:16:00+00:00,west,noaa-goes17,DAY,SUMMER,CYEG,0,1.0000,1.0000,1.30
2020-03-18T10:37:00+00:00,west,noaa-goes17,NIGHT,SPRING,CYEG,0,1.0000,0.9600,1.30
2020-06-30T07:05:00+00:00,west,noaa-goes17,NIGHT,SUMMER,CYEG,0,1.0000,1.0000,1.30
2023-02-22T19:53:00+00:00,west,noaa-goes18,DAY,WINTER,CYEG,0,1.0000,1.0000,1.30
2024-12-07T21:29:00+00:00,west,noaa-goes18,DAY,WINTER,CYEG,0,1.0000,1.0000,1.30
2025-04-13T09:34:00+00:00,west,noaa-goes18,NIGHT,SPRING,CYEG,0,1.0000,1.0000,1.30
2024-02-05T03:42:00+00:00,west,noaa-goes18,NIGHT,WINTER,CYEG,0,1.0000,1.0000,1.30
2023-06-18T02:32:00+00:00,west,noaa-goes18,DAY,SUMMER,CYEG,0,1.0000,1.0000,1.30
2024-10-08T23:17:00+00:00,west,noaa-goes18,DAY,AUTUMN,CYEG,0,1.0000,0.9600,1.30
2022-04-05T00:32:00+00:00,west,noaa-goes17,DAY,SPRING,CYEG,0,1.0000,1.0000,1.30
2023-08-03T20:33:00+00:00,west,noaa-goes18,DAY,SUMMER,CYEG,1,0.0000,0.0000,1.30
2024-06-11T22:32:00+00:00,west,noaa-goes18,DAY,SUMMER,CYEG,0,1.0000,1.0000,1.30
2023-02-06T03:36:00+00:00,west,noaa-goes18,NIGHT,WINTER,CYEG,0,1.0000,1.0000,1.30
2024-09-17T05:15:00+00:00,west,noaa-goes18,NIGHT,AUTUMN,CYEG,0,1.0000,1.0000,1.30
2024-03-23T22:39:00+00:00,west,noaa-goes18,DAY,SPRING,CYEG,0,1.0000,1.0000,1.30
2023-02-20T05:29:00+00:00,west,noaa-goes18,NIGHT,WINTER,CYEG,0,1.0000,1.0000,1.30
2024-09-16T15:18:00+00:00,west,noaa-goes18,DAY,AUTUMN,CYEG,1,0.0000,0.0000,1.30
2025-10-15T06:06:00+00:00,west,noaa-goes18,NIGHT,AUTUMN,CYEG,1,0.0000,0.0000,1.30
2024-12-21T06:44:00+00:00,west,noaa-goes18,NIGHT,WINTER,CYEG,0,1.0000,1.0000,1.30
2020-01-11T12:25:00+00:00,west,noaa-goes17,NIGHT,WINTER,CYEG,0,1.0000,1.0000,1.30
2022-01-14T18:13:00+00:00,west,noaa-goes17,DAY,WINTER,CYEG,0,1.0000,1.0000,1.30
2020-12-20T11:05:00+00:00,west,noaa-goes17,NIGHT,WINTER,CYEG,0,1.0000,1.0000,1.30
2025-12-09T02:29:00+00:00,west,noaa-goes18,NIGHT,WINTER,CYEG,0,1.0000,1.0000,1.30
2024-01-21T10:36:00+00:00,west,noaa-goes18,NIGHT,WINTER,CYEG,0,1.0000,1.0000,1.30
2023-07-03T13:39:00+00:00,west,noaa-goes18,DAY,SUMMER,CYEG,0,1.0000,1.0000,1.30
2020-04-05T13:59:00+00:00,west,noaa-goes17,DAY,SPRING,CYEG,0,1.0000,1.0000,1.30
2021-09-17T07:08:00+00:00,west,noaa-goes17,NIGHT,AUTUMN,CYEG,1,0.0000,0.0000,1.30
2025-02-27T23:09:00+00:00,west,noaa-goes18,DAY,WINTER,CYEG,1,0.0000,0.1200,1.30
2022-06-20T20:30:00+00:00,west,noaa-goes17,DAY,SUMMER,CYEG,1,0.1111,0.4400,1.30
2021-05-02T14:39:00+00:00,west,noaa-goes17,DAY,SPRING,CYEG,0,1.0000,1.0000,1.30
2025-08-20T18:01:00+00:00,west,noaa-goes18,DAY,SUMMER,CYEG,0,1.0000,1.0000,1.30
2021-09-12T05:14:00+00:00,west,noaa-goes17,NIGHT,AUTUMN,CYEG,0,1.0000,1.0000,1.30
2025-04-15T21:52:00+00:00,west,noaa-goes18,DAY,SPRING,CYEG,0,1.0000,1.0000,1.30
2020-08-19T01:45:00+00:00,west,noaa-goes17,DAY,SUMMER,CYEG,1,0.4444,0.5600,1.30
2024-10-20T10:52:00+00:00,west,noaa-goes18,NIGHT,AUTUMN,CYEG,0,1.0000,1.0000,1.30
2023-01-22T22:34:00+00:00,west,noaa-goes18,DAY,WINTER,CYEG,1,0.0000,0.0000,1.30
2025-01-09T01:42:00+00:00,west,noaa-goes18,NIGHT,WINTER,CYEG,1,0.0000,0.0000,1.30
2023-08-15T22:16:00+00:00,west,noaa-goes18,DAY,SUMMER,CYEG,0,1.0000,1.0000,1.30
2020-10-16T20:50:00+00:00,west,noaa-goes17,DAY,AUTUMN,CYEG,0,1.0000,1.0000,1.30
2024-12-28T13:31:00+00:00,west,noaa-goes18,NIGHT,WINTER,CYEG,1,0.0000,0.0000,1.30
2025-11-19T02:52:00+00:00,west,noaa-goes18,NIGHT,AUTUMN,CYEG,0,1.0000,1.0000,1.30
2020-06-11T14:47:00+00:00,west,noaa-goes17,DAY,SUMMER,CYEG,1,0.0000,0.0000,1.30
2022-05-10T14:32:00+00:00,west,noaa-goes17,DAY,SPRING,CYEG,0,1.0000,1.0000,1.30
2020-09-28T11:37:00+00:00,west,noaa-goes17,NIGHT,AUTUMN,CYEG,0,1.0000,1.0000,1.30
2020-09-22T10:31:00+00:00,west,noaa-goes17,NIGHT,AUTUMN,CYEG,0,1.0000,1.0000,1.30
2020-08-25T17:37:00+00:00,west,noaa-goes17,DAY,SUMMER,CYEG,1,0.0000,0.0000,1.30
2024-05-18T05:25:00+00:00,west,noaa-goes18,NIGHT,SPRING,CYEG,1,0.4444,0.5600,1.30
2022-05-10T16:16:00+00:00,west,noaa-goes17,DAY,SPRING,CYEG,0,1.0000,1.0000,1.30
2025-09-27T14:26:00+00:00,west,noaa-goes18,DAY,AUTUMN,CYEG,0,1.0000,1.0000,1.30
2022-04-21T16:01:00+00:00,west,noaa-goes17,DAY,SPRING,CYEG,1,0.0000,0.0000,1.30
2021-09-10T07:37:00+00:00,west,noaa-goes17,NIGHT,AUTUMN,CYEG,0,1.0000,1.0000,1.30
2024-06-22T21:06:00+00:00,west,noaa-goes18,DAY,SUMMER,CYEG,1,0.2222,0.2400,1.30
2022-01-08T03:59:00+00:00,west,noaa-goes17,NIGHT,WINTER,CYEG,0,1.0000,1.0000,1.30
2020-04-24T20:54:00+00:00,west,noaa-goes17,DAY,SPRING,CYEG,0,1.0000,1.0000,1.30
2023-09-28T23:05:00+00:00,west,noaa-goes18,DAY,AUTUMN,CYEG,0,1.0000,1.0000,1.30
2021-02-12T04:59:00+00:00,west,noaa-goes17,NIGHT,WINTER,CYEG,1,0.0000,0.0800,1.30
2021-02-06T16:49:00+00:00,west,noaa-goes17,DAY,WINTER,CYEG,0,1.0000,1.0000,1.30
2021-07-02T00:41:00+00:00,west,noaa-goes17,DAY,SUMMER,CYEG,1,0.0000,0.0000,1.30
2025-06-23T00:58:00+00:00,west,noaa-goes18,DAY,SUMMER,CYEG,0,1.0000,1.0000,1.30
2024-07-03T12:45:00+00:00,west,noaa-goes18,DAY,SUMMER,CYEG,0,1.0000,1.0000,1.30
2025-02-05T18:08:00+00:00,west,noaa-goes18,DAY,WINTER,CYEG,0,1.0000,0.9600,1.30
2022-06-17T15:49:00+00:00,west,noaa-goes17,DAY,SUMMER,CYEG,0,1.0000,1.0000,1.30
2021-08-24T18:35:00+00:00,west,noaa-goes17,DAY,SUMMER,CYEG,1,0.0000,0.0800,1.30
2022-08-04T07:17:00+00:00,west,noaa-goes17,NIGHT,SUMMER,CYEG,0,1.0000,1.0000,1.30
2025-09-25T21:59:00+00:00,west,noaa-goes18,DAY,AUTUMN,CYEG,1,0.0000,0.0800,1.30
2024-11-23T21:19:00+00:00,west,noaa-goes18,DAY,AUTUMN,CYEG,0,1.0000,1.0000,1.30
2023-07-19T01:26:00+00:00,west,noaa-goes18,DAY,SUMMER,CYEG,0,0.7778,0.6800,1.30
2025-09-24T19:26:00+00:00,west,noaa-goes18,DAY,AUTUMN,CYEG,0,1.0000,1.0000,1.30
2022-07-11T06:21:00+00:00,west,noaa-goes17,NIGHT,SUMMER,CYEG,1,0.0000,0.0000,1.30
2020-02-24T15:28:00+00:00,west,noaa-goes17,DAY,WINTER,CYEG,0,1.0000,1.0000,1.30
2022-08-25T23:06:00+00:00,west,noaa-goes17,DAY,SUMMER,CYEG,1,0.0000,0.0000,1.30
2021-11-30T21:57:00+00:00,west,noaa-goes17,DAY,AUTUMN,CYEG,0,1.0000,1.0000,1.30
2023-09-10T10:40:00+00:00,west,noaa-goes18,NIGHT,AUTUMN,CYEG,1,0.0000,0.0000,1.30
2020-06-23T21:54:00+00:00,west,noaa-goes17,DAY,SUMMER,CYEG,0,1.0000,1.0000,1.30
2023-07-27T14:43:00+00:00,west,noaa-goes18,DAY,SUMMER,CYEG,0,1.0000,1.0000,1.30
2022-06-30T16:17:00+00:00,west,noaa-goes17,DAY,SUMMER,CYEG,1,0.0000,0.1200,1.30
2023-02-21T08:02:00+00:00,west,noaa-goes18,NIGHT,WINTER,CYEG,0,1.0000,1.0000,1.30
2023-06-29T02:19:00+00:00,west,noaa-goes18,DAY,SUMMER,CYEG,1,0.0000,0.0000,1.30
2025-06-02T01:41:00+00:00,west,noaa-goes18,DAY,SUMMER,CYEG,0,0.5556,0.5600,1.30
2021-02-23T04:59:00+00:00,west,noaa-goes17,NIGHT,WINTER,CYEG,0,1.0000,1.0000,1.30
2022-07-18T20:50:00+00:00,west,noaa-goes17,DAY,SUMMER,CYEG,0,0.7778,0.9200,1.30
2023-08-14T01:12:00+00:00,west,noaa-goes18,DAY,SUMMER,CYEG,0,1.0000,0.9200,1.30
2024-06-28T17:28:00+00:00,west,noaa-goes18,DAY,SUMMER,CYEG,1,0.0000,0.0000,1.30
2024-05-30T17:38:00+00:00,west,noaa-goes18,DAY,SPRING,CYEG,0,1.0000,1.0000,1.30
2020-11-01T23:02:00+00:00,west,noaa-goes17,DAY,AUTUMN,CYEG,0,1.0000,0.7600,1.30
2025-01-02T17:03:00+00:00,west,noaa-goes18,DAY,WINTER,CYEG,1,0.0000,0.0400,1.30
2021-08-05T07:40:00+00:00,west,noaa-goes17,NIGHT,SUMMER,CYEG,1,0.4444,0.2400,1.30
2023-05-24T20:17:00+00:00,west,noaa-goes18,DAY,SPRING,CYEG,0,0.5556,0.5600,1.30
2024-01-02T13:32:00+00:00,west,noaa-goes18,NIGHT,WINTER,CYEG,0,1.0000,1.0000,1.30
2023-04-10T08:26:00+00:00,west,noaa-goes18,NIGHT,SPRING,CYEG,1,0.0000,0.0000,1.30
2025-04-21T18:51:00+00:00,west,noaa-goes18,DAY,SPRING,CYEG,0,1.0000,1.0000,1.30
2023-04-16T00:58:00+00:00,west,noaa-goes18,DAY,SPRING,CYEG,0,1.0000,1.0000,1.30
2022-08-07T13:46:00+00:00,west,noaa-goes17,DAY,SUMMER,CYEG,0,1.0000,1.0000,1.30
2024-10-16T09:52:00+00:00,west,noaa-goes18,NIGHT,AUTUMN,CYEG,0,1.0000,1.0000,1.30
2023-07-31T15:13:00+00:00,west,noaa-goes18,DAY,SUMMER,CYEG,1,0.0000,0.0400,1.30
2025-08-04T16:42:00+00:00,west,noaa-goes18,DAY,SUMMER,CYEG,0,1.0000,1.0000,1.30
2021-10-18T19:58:00+00:00,west,noaa-goes17,DAY,AUTUMN,CYEG,0,1.0000,1.0000,1.30
2021-08-26T21:28:00+00:00,west,noaa-goes17,DAY,SUMMER,CYEG,0,1.0000,1.0000,1.30
2024-05-30T17:49:00+00:00,west,noaa-goes18,DAY,SPRING,CYEG,0,1.0000,1.0000,1.30
2022-05-03T22:02:00+00:00,west,noaa-goes17,DAY,SPRING,CYEG,1,0.0000,0.0000,1.30
2021-07-13T18:53:00+00:00,west,noaa-goes17,DAY,SUMMER,CYEG,0,1.0000,1.0000,1.30
2020-12-29T10:35:00+00:00,west,noaa-goes17,NIGHT,WINTER,CYEG,1,0.0000,0.0000,1.30
2024-02-17T22:42:00+00:00,west,noaa-goes18,DAY,WINTER,CYEG,1,0.0000,0.0000,1.30
2023-05-31T20:10:00+00:00,west,noaa-goes18,DAY,SPRING,CYEG,1,0.1111,0.0800,1.30
2022-07-17T07:11:00+00:00,west,noaa-goes17,NIGHT,SUMMER,CYEG,0,1.0000,1.0000,1.30
2023-05-14T02:24:00+00:00,west,noaa-goes18,DAY,SPRING,CYEG,0,1.0000,0.9600,1.30
2023-11-22T20:47:00+00:00,west,noaa-goes18,DAY,AUTUMN,CYEG,0,1.0000,1.0000,1.30
2022-11-07T17:15:00+00:00,west,noaa-goes17,DAY,AUTUMN,CYEG,0,1.0000,1.0000,1.30
2024-11-07T12:01:00+00:00,west,noaa-goes18,NIGHT,AUTUMN,CYEG,1,0.0000,0.0000,1.30
2025-03-26T06:19:00+00:00,west,noaa-goes18,NIGHT,SPRING,CYEG,0,1.0000,1.0000,1.30
2025-04-12T22:16:00+00:00,west,noaa-goes18,DAY,SPRING,CYEG,0,1.0000,1.0000,1.30
2024-05-11T05:46:00+00:00,west,noaa-goes18,NIGHT,SPRING,CYEG,1,0.2222,0.1600,1.30
2024-01-01T17:18:00+00:00,west,noaa-goes18,DAY,WINTER,CYEG,1,0.0000,0.0000,1.30
2020-12-03T20:31:00+00:00,west,noaa-goes17,DAY,WINTER,CYEG,1,0.0000,0.0000,1.30
2020-02-23T05:57:00+00:00,west,noaa-goes17,NIGHT,WINTER,CYEG,0,0.8889,0.7200,1.30
2021-11-09T02:32:00+00:00,west,noaa-goes17,NIGHT,AUTUMN,CYEG,1,0.0000,0.0000,1.30
2021-01-20T12:36:00+00:00,west,noaa-goes17,NIGHT,WINTER,CYEG,1,0.1111,0.2400,1.30
2020-10-21T20:53:00+00:00,west,noaa-goes17,DAY,AUTUMN,CYEG,0,1.0000,1.0000,1.30
2023-03-20T03:14:00+00:00,west,noaa-goes18,NIGHT,SPRING,CYEG,1,0.0000,0.0000,1.30
2023-05-13T08:42:00+00:00,west,noaa-goes18,NIGHT,SPRING,CYEG,1,0.0000,0.0000,1.30
2025-05-18T12:44:00+00:00,west,noaa-goes18,DAY,SPRING,CYEG,0,0.8889,0.8400,1.30
2020-08-27T22:37:00+00:00,west,noaa-goes17,DAY,SUMMER,CYEG,1,0.0000,0.0800,1.30
2022-11-11T17:13:00+00:00,west,noaa-goes17,DAY,AUTUMN,CYEG,1,0.0000,0.0000,1.30
2025-06-17T14:18:00+00:00,west,noaa-goes18,DAY,SUMMER,CYEG,0,1.0000,1.0000,1.30
2020-04-15T23:08:00+00:00,west,noaa-goes17,DAY,SPRING,CYEG,0,1.0000,1.0000,1.30
2021-05-28T17:25:00+00:00,west,noaa-goes17,DAY,SPRING,CYEG,0,1.0000,1.0000,1.30
2023-03-28T21:40:00+00:00,west,noaa-goes18,DAY,SPRING,CYEG,1,0.2222,0.0800,1.30
2022-09-15T06:49:00+00:00,west,noaa-goes17,NIGHT,AUTUMN,CYEG,1,0.3333,0.2400,1.30
2022-02-05T03:35:00+00:00,west,noaa-goes17,NIGHT,WINTER,CYEG,0,1.0000,1.0000,1.30
2022-02-11T13:24:00+00:00,west,noaa-goes17,NIGHT,WINTER,CYEG,1,0.0000,0.0800,1.30
2024-11-18T02:00:00+00:00,west,noaa-goes18,NIGHT,AUTUMN,CYEG,1,0.1111,0.2800,1.30
2024-06-02T07:17:00+00:00,west,noaa-goes18,NIGHT,SUMMER,CYEG,0,1.0000,1.0000,1.30
2021-12-13T01:08:00+00:00,west,noaa-goes17,NIGHT,WINTER,CYEG,0,0.5556,0.4400,1.30
2022-06-20T08:39:00+00:00,west,noaa-goes17,NIGHT,SUMMER,CYEG,1,0.0000,0.0000,1.30
2020-06-11T02:57:00+00:00,west,noaa-goes17,DAY,SUMMER,CYEG,1,0.0000,0.0000,1.30
2022-05-05T23:28:00+00:00,west,noaa-goes17,DAY,SPRING,CYEG,0,1.0000,1.0000,1.30
2024-09-30T17:14:00+00:00,west,noaa-goes18,DAY,AUTUMN,CYEG,1,0.0000,0.0000,1.30
2024-09-20T15:22:00+00:00,west,noaa-goes18,DAY,AUTUMN,CYEG,0,1.0000,1.0000,1.30
2020-03-07T03:30:00+00:00,west,noaa-goes17,NIGHT,SPRING,CYEG,0,1.0000,1.0000,1.30
2025-01-26T19:04:00+00:00,west,noaa-goes18,DAY,WINTER,CYEG,0,1.0000,1.0000,1.30
2023-09-03T04:40:00+00:00,west,noaa-goes18,NIGHT,AUTUMN,CYEG,1,0.0000,0.0000,1.30
2023-05-31T08:52:00+00:00,west,noaa-goes18,NIGHT,SPRING,CYEG,0,1.0000,1.0000,1.30
2023-04-18T00:39:00+00:00,west,noaa-goes18,DAY,SPRING,CYEG,0,1.0000,1.0000,1.30
2023-12-06T02:29:00+00:00,west,noaa-goes18,NIGHT,WINTER,CYEG,0,1.0000,1.0000,1.30
2023-05-30T12:58:00+00:00,west,noaa-goes18,DAY,SPRING,CYEG,0,1.0000,0.9600,1.30
2024-01-16T13:56:00+00:00,west,noaa-goes18,NIGHT,WINTER,CYEG,0,1.0000,1.0000,1.30
2024-03-23T01:07:00+00:00,west,noaa-goes18,DAY,SPRING,CYEG,0,1.0000,1.0000,1.30
2024-04-20T07:31:00+00:00,west,noaa-goes18,NIGHT,SPRING,CYEG,0,0.4444,0.5200,1.30
2021-06-09T12:13:00+00:00,west,noaa-goes17,DAY,SUMMER,CYEG,0,1.0000,1.0000,1.30
2020-09-29T18:37:00+00:00,west,noaa-goes17,DAY,AUTUMN,CYEG,1,0.0000,0.0000,1.30
2024-04-11T19:40:00+00:00,west,noaa-goes18,DAY,SPRING,CYEG,0,1.0000,1.0000,1.30
2023-10-03T11:37:00+00:00,west,noaa-goes18,NIGHT,AUTUMN,CYEG,0,0.6667,0.6800,1.30
2021-10-08T20:11:00+00:00,west,noaa-goes17,DAY,AUTUMN,CYEG,1,0.0000,0.0000,1.30
2025-06-13T21:28:00+00:00,west,noaa-goes18,DAY,SUMMER,CYEG,0,1.0000,1.0000,1.30
2024-03-18T08:51:00+00:00,west,noaa-goes18,NIGHT,SPRING,CYEG,1,0.0000,0.0000,1.30
2021-01-14T09:38:00+00:00,west,noaa-goes17,NIGHT,WINTER,CYEG,1,0.1111,0.0400,1.30
2020-07-03T00:13:00+00:00,west,noaa-goes17,DAY,SUMMER,CYEG,0,0.6667,0.7200,1.30
2023-08-17T00:11:00+00:00,west,noaa-goes18,DAY,SUMMER,CYEG,1,0.0000,0.0000,1.30
2023-10-02T10:04:00+00:00,west,noaa-goes18,NIGHT,AUTUMN,CYEG,0,1.0000,1.0000,1.30
2023-03-27T21:16:00+00:00,west,noaa-goes18,DAY,SPRING,CYEG,1,0.0000,0.0000,1.30
2024-06-23T15:09:00+00:00,west,noaa-goes18,DAY,SUMMER,CYEG,0,0.6667,0.6000,1.30
2022-01-09T17:58:00+00:00,west,noaa-goes17,DAY,WINTER,CYEG,0,1.0000,1.0000,1.30
2022-07-25T18:00:00+00:00,west,noaa-goes17,DAY,SUMMER,CYEG,0,1.0000,1.0000,1.30
2023-05-16T15:48:00+00:00,west,noaa-goes18,DAY,SPRING,CYEG,1,0.0000,0.0000,1.30
2022-09-14T07:04:00+00:00,west,noaa-goes17,NIGHT,AUTUMN,CYEG,0,1.0000,1.0000,1.30
2024-03-28T23:47:00+00:00,west,noaa-goes18,DAY,SPRING,CYEG,0,1.0000,1.0000,1.30
2020-12-08T11:43:00+00:00,west,noaa-goes17,NIGHT,WINTER,CYEG,0,1.0000,1.0000,1.30
2022-03-21T04:22:00+00:00,west,noaa-goes17,NIGHT,SPRING,CYEG,1,0.0000,0.0000,1.30
2021-01-15T03:16:00+00:00,west,noaa-goes17,NIGHT,WINTER,CYEG,0,1.0000,1.0000,1.30
2025-02-18T16:33:00+00:00,west,noaa-goes18,DAY,WINTER,CYEG,1,0.0000,0.0000,1.30
2025-03-26T18:52:00+00:00,west,noaa-goes18,DAY,SPRING,CYEG,0,1.0000,1.0000,1.30
2023-07-21T06:04:00+00:00,west,noaa-goes18,NIGHT,SUMMER,CYEG,1,0.0000,0.0000,1.30
2021-07-02T22:00:00+00:00,west,noaa-goes17,DAY,SUMMER,CYEG,0,0.8889,0.9200,1.30
2023-03-31T00:37:00+00:00,west,noaa-goes18,DAY,SPRING,CYEG,1,0.0000,0.0000,1.30
2023-08-12T09:15:00+00:00,west,noaa-goes18,NIGHT,SUMMER,CYEG,0,1.0000,1.0000,1.30
2024-11-18T13:06:00+00:00,west,noaa-goes18,NIGHT,AUTUMN,CYEG,0,1.0000,1.0000,1.30
2025-10-05T06:03:00+00:00,west,noaa-goes18,NIGHT,AUTUMN,CYEG,1,0.2222,0.2800,1.30
2025-12-04T11:32:00+00:00,west,noaa-goes18,NIGHT,WINTER,CYEG,0,1.0000,1.0000,1.30
2020-07-30T01:06:00+00:00,west,noaa-goes17,DAY,SUMMER,CYEG,0,1.0000,1.0000,1.30
2025-05-21T07:05:00+00:00,west,noaa-goes18,NIGHT,SPRING,CYEG,0,1.0000,1.0000,1.30
2023-07-02T06:37:00+00:00,west,noaa-goes18,NIGHT,SUMMER,CYEG,0,1.0000,1.0000,1.30
2020-12-11T10:05:00+00:00,west,noaa-goes17,NIGHT,WINTER,CYEG,1,0.0000,0.0000,1.30
2020-09-22T08:14:00+00:00,west,noaa-goes17,NIGHT,AUTUMN,CYEG,0,1.0000,1.0000,1.30
2024-08-16T05:40:00+00:00,west,noaa-goes18,NIGHT,SUMMER,CYEG,0,1.0000,1.0000,1.30
2020-11-13T17:29:00+00:00,west,noaa-goes17,DAY,AUTUMN,CYEG,0,1.0000,1.0000,1.30
2021-02-02T01:39:00+00:00,west,noaa-goes17,NIGHT,WINTER,CYEG,0,1.0000,1.0000,1.30
2024-07-18T20:33:00+00:00,west,noaa-goes18,DAY,SUMMER,CYEG,1,0.0000,0.0000,1.30
2023-08-04T13:19:00+00:00,west,noaa-goes18,DAY,SUMMER,CYEG,1,0.0000,0.0000,1.30
2020-01-10T04:55:00+00:00,west,noaa-goes17,NIGHT,WINTER,CYEG,0,1.0000,0.8000,1.30
2024-10-18T18:42:00+00:00,west,noaa-goes18,DAY,AUTUMN,CYEG,0,1.0000,1.0000,1.30
2022-03-21T07:59:00+00:00,west,noaa-goes17,NIGHT,SPRING,CYEG,1,0.0000,0.0000,1.30
2022-03-14T00:25:00+00:00,west,noaa-goes17,DAY,SPRING,CYEG,0,1.0000,1.0000,1.30
2020-05-16T01:11:00+00:00,west,noaa-goes17,DAY,SPRING,CYEG,0,1.0000,1.0000,1.30
2025-08-19T13:55:00+00:00,west,noaa-goes18,DAY,SUMMER,CYEG,0,1.0000,0.9600,1.30
2023-10-05T20:44:00+00:00,west,noaa-goes18,DAY,AUTUMN,CYEG,1,0.0000,0.0000,1.30
2023-10-04T22:01:00+00:00,west,noaa-goes18,DAY,AUTUMN,CYEG,0,1.0000,1.0000,1.30
2023-08-30T04:10:00+00:00,west,noaa-goes18,NIGHT,SUMMER,CYEG,1,0.0000,0.0000,1.30
2023-03-26T23:06:00+00:00,west,noaa-goes18,DAY,SPRING,CYEG,1,0.0000,0.0800,1.30
2021-01-27T09:50:00+00:00,west,noaa-goes17,NIGHT,WINTER,CYEG,1,0.0000,0.0400,1.30
2021-09-20T00:25:00+00:00,west,noaa-goes17,DAY,AUTUMN,CYEG,1,0.3333,0.4000,1.30
2024-08-01T15:02:00+00:00,west,noaa-goes18,DAY,SUMMER,CYEG,1,0.0000,0.0000,1.30
2021-08-03T00:06:00+00:00,west,noaa-goes17,DAY,SUMMER,CYEG,0,1.0000,1.0000,1.30
2024-07-03T13:57:00+00:00,west,noaa-goes18,DAY,SUMMER,CYEG,0,1.0000,1.0000,1.30
2025-10-28T04:08:00+00:00,west,noaa-goes18,NIGHT,AUTUMN,CYEG,0,1.0000,1.0000,1.30
2020-06-02T01:20:00+00:00,west,noaa-goes17,DAY,SUMMER,CYEG,0,1.0000,1.0000,1.30
2022-08-08T18:08:00+00:00,west,noaa-goes17,DAY,SUMMER,CYEG,1,0.0000,0.0000,1.30
2022-01-24T21:11:00+00:00,west,noaa-goes17,DAY,WINTER,CYEG,0,1.0000,1.0000,1.30
2021-07-26T20:01:00+00:00,west,noaa-goes17,DAY,SUMMER,CYEG,1,0.3333,0.4400,1.30
2021-01-26T21:47:00+00:00,west,noaa-goes17,DAY,WINTER,CYEG,0,1.0000,1.0000,1.30
2020-07-08T02:07:00+00:00,west,noaa-goes17,DAY,SUMMER,CYEG,0,1.0000,1.0000,1.30
2021-12-14T11:11:00+00:00,west,noaa-goes17,NIGHT,WINTER,CYEG,0,1.0000,1.0000,1.30
2025-10-18T12:07:00+00:00,west,noaa-goes18,NIGHT,AUTUMN,CYEG,0,1.0000,1.0000,1.30
2024-08-13T21:18:00+00:00,west,noaa-goes18,DAY,SUMMER,CYEG,1,0.0000,0.0000,1.30
2023-09-27T04:13:00+00:00,west,noaa-goes18,NIGHT,AUTUMN,CYEG,0,0.7778,0.6000,1.30
2023-05-05T19:28:00+00:00,west,noaa-goes18,DAY,SPRING,CYEG,1,0.0000,0.0000,1.30
2022-12-16T18:32:00+00:00,west,noaa-goes17,DAY,WINTER,CYEG,0,1.0000,1.0000,1.30
2023-01-01T05:47:00+00:00,west,noaa-goes17,NIGHT,WINTER,CYEG,1,0.0000,0.0000,1.30
2020-08-11T23:51:00+00:00,west,noaa-goes17,DAY,SUMMER,CYEG,0,1.0000,1.0000,1.30
2023-12-31T07:27:00+00:00,west,noaa-goes18,NIGHT,WINTER,CYEG,0,1.0000,1.0000,1.30
2025-02-01T20:42:00+00:00,west,noaa-goes18,DAY,WINTER,CYEG,0,1.0000,1.0000,1.30
2025-04-23T20:57:00+00:00,west,noaa-goes18,DAY,SPRING,CYEG,0,1.0000,1.0000,1.30
2022-09-20T08:42:00+00:00,west,noaa-goes17,NIGHT,AUTUMN,CYEG,0,1.0000,1.0000,1.30
2024-01-16T05:39:00+00:00,west,noaa-goes18,NIGHT,WINTER,CYEG,0,1.0000,1.0000,1.30
2025-04-16T07:22:00+00:00,west,noaa-goes18,NIGHT,SPRING,CYEG,0,1.0000,1.0000,1.30
2024-07-15T02:21:00+00:00,west,noaa-goes18,DAY,SUMMER,CYEG,1,0.0000,0.0000,1.30
2021-12-28T12:25:00+00:00,west,noaa-goes17,NIGHT,WINTER,CYEG,1,0.1111,0.2400,1.30
2024-02-28T10:36:00+00:00,west,noaa-goes18,NIGHT,WINTER,CYEG,0,1.0000,1.0000,1.30
2020-09-28T08:31:00+00:00,west,noaa-goes17,NIGHT,AUTUMN,CYEG,0,1.0000,1.0000,1.30
2024-05-16T05:23:00+00:00,west,noaa-goes18,NIGHT,SPRING,CYEG,0,1.0000,1.0000,1.30
2022-10-05T20:32:00+00:00,west,noaa-goes17,DAY,AUTUMN,CYEG,0,1.0000,1.0000,1.30
2020-09-05T19:58:00+00:00,west,noaa-goes17,DAY,AUTUMN,CYEG,0,1.0000,1.0000,1.30
2021-03-07T08:30:00+00:00,west,noaa-goes17,NIGHT,SPRING,CYEG,1,0.0000,0.0000,1.30
2024-02-22T07:15:00+00:00,west,noaa-goes18,NIGHT,WINTER,CYEG,0,1.0000,1.0000,1.30
2024-07-14T18:44:00+00:00,west,noaa-goes18,DAY,SUMMER,CYEG,0,0.6667,0.5600,1.30
2024-02-28T05:18:00+00:00,west,noaa-goes18,NIGHT,WINTER,CYEG,0,1.0000,1.0000,1.30
2024-12-13T08:59:00+00:00,west,noaa-goes18,NIGHT,WINTER,CYEG,0,1.0000,1.0000,1.30
2024-06-01T13:46:00+00:00,west,noaa-goes18,DAY,SUMMER,CYEG,1,0.0000,0.0000,1.30
2023-07-25T21:14:00+00:00,west,noaa-goes18,DAY,SUMMER,CYEG,1,0.1111,0.2000,1.30
2023-10-16T06:35:00+00:00,west,noaa-goes18,NIGHT,AUTUMN,CYEG,0,0.5556,0.6000,1.30
2023-10-20T23:15:00+00:00,west,noaa-goes18,DAY,AUTUMN,CYEG,1,0.0000,0.0000,1.30
2021-09-23T09:12:00+00:00,west,noaa-goes17,NIGHT,AUTUMN,CYEG,0,0.7778,0.7600,1.30
2024-05-09T15:59:00+00:00,west,noaa-goes18,DAY,SPRING,CYEG,1,0.3333,0.4800,1.30
2021-09-09T09:06:00+00:00,west,noaa-goes17,NIGHT,AUTUMN,CYEG,1,0.6667,0.6000,1.30
2023-10-19T15:05:00+00:00,west,noaa-goes18,DAY,AUTUMN,CYEG,1,0.0000,0.0000,1.30
2021-10-03T20:29:00+00:00,west,noaa-goes17,DAY,AUTUMN,CYEG,1,0.0000,0.0800,1.30
2024-09-09T06:47:00+00:00,west,noaa-goes18,NIGHT,AUTUMN,CYEG,0,1.0000,0.8800,1.30
2022-05-20T21:18:00+00:00,west,noaa-goes17,DAY,SPRING,CYEG,0,1.0000,1.0000,1.30
2024-08-09T17:21:00+00:00,west,noaa-goes18,DAY,SUMMER,CYEG,1,0.0000,0.0000,1.30
2025-08-10T23:27:00+00:00,west,noaa-goes18,DAY,SUMMER,CYEG,0,1.0000,1.0000,1.30
2022-10-06T21:36:00+00:00,west,noaa-goes17,DAY,AUTUMN,CYEG,1,0.0000,0.0000,1.30
2020-04-17T13:50:00+00:00,west,noaa-goes17,DAY,SPRING,CYEG,0,1.0000,1.0000,1.30
2021-02-18T12:46:00+00:00,west,noaa-goes17,NIGHT,WINTER,CYEG,0,1.0000,1.0000,1.30
2025-04-10T18:40:00+00:00,west,noaa-goes18,DAY,SPRING,CYEG,1,0.0000,0.0000,1.30
2022-08-26T19:38:00+00:00,west,noaa-goes17,DAY,SUMMER,CYEG,1,0.0000,0.0000,1.30
2020-11-12T13:06:00+00:00,west,noaa-goes17,NIGHT,AUTUMN,CYEG,0,1.0000,1.0000,1.30
2023-12-22T07:43:00+00:00,west,noaa-goes18,NIGHT,WINTER,CYEG,0,1.0000,0.9200,1.30
2025-08-10T02:06:00+00:00,west,noaa-goes18,DAY,SUMMER,CYEG,0,1.0000,1.0000,1.30
2024-05-31T16:41:00+00:00,west,noaa-goes18,DAY,SPRING,CYEG,1,0.2222,0.3200,1.30
2022-03-16T22:29:00+00:00,west,noaa-goes17,DAY,SPRING,CYEG,1,0.0000,0.0000,1.30
2020-04-04T15:51:00+00:00,west,noaa-goes17,DAY,SPRING,CYEG,0,1.0000,0.9600,1.30
2022-05-02T15:08:00+00:00,west,noaa-goes17,DAY,SPRING,CYEG,0,1.0000,1.0000,1.30
2023-01-26T17:39:00+00:00,west,noaa-goes18,DAY,WINTER,CYEG,0,1.0000,1.0000,1.30
2024-10-01T15:35:00+00:00,west,noaa-goes18,DAY,AUTUMN,CYEG,0,1.0000,1.0000,1.30
2020-03-19T17:57:00+00:00,west,noaa-goes17,DAY,SPRING,CYEG,1,0.0000,0.1200,1.30
2021-07-27T12:46:00+00:00,west,noaa-goes17,DAY,SUMMER,CYEG,0,0.4444,0.3600,1.30
2023-01-31T18:13:00+00:00,west,noaa-goes18,DAY,WINTER,CYEG,0,1.0000,1.0000,1.30
2022-03-15T18:49:00+00:00,west,noaa-goes17,DAY,SPRING,CYEG,0,1.0000,1.0000,1.30
2023-05-04T14:25:00+00:00,west,noaa-goes18,DAY,SPRING,CYEG,1,0.0000,0.0000,1.30
2022-01-23T10:41:00+00:00,west,noaa-goes17,NIGHT,WINTER,CYEG,0,1.0000,1.0000,1.30
2023-02-12T04:47:00+00:00,west,noaa-goes18,NIGHT,WINTER,CYEG,0,0.5556,0.2800,1.30
2021-11-04T12:53:00+00:00,west,noaa-goes17,NIGHT,AUTUMN,CYEG,0,1.0000,0.8400,1.30
2024-07-18T06:58:00+00:00,west,noaa-goes18,NIGHT,SUMMER,CYEG,0,0.5556,0.4800,1.30
2022-02-22T19:06:00+00:00,west,noaa-goes17,DAY,WINTER,CYEG,1,0.0000,0.0000,1.30
2025-02-27T04:47:00+00:00,west,noaa-goes18,NIGHT,WINTER,CYEG,0,1.0000,1.0000,1.30
2023-05-16T00:13:00+00:00,west,noaa-goes18,DAY,SPRING,CYEG,1,0.0000,0.0000,1.30
2024-06-07T18:16:00+00:00,west,noaa-goes18,DAY,SUMMER,CYEG,1,0.1111,0.2800,1.30
2025-09-02T21:05:00+00:00,west,noaa-goes18,DAY,AUTUMN,CYEG,1,0.0000,0.0400,1.30
2021-03-25T05:41:00+00:00,west,noaa-goes17,NIGHT,SPRING,CYEG,0,1.0000,1.0000,1.30
2024-08-21T22:58:00+00:00,west,noaa-goes18,DAY,SUMMER,CYEG,1,0.8889,0.9200,1.30
2024-04-18T22:18:00+00:00,west,noaa-goes18,DAY,SPRING,CYEG,1,0.0000,0.0000,1.30
2025-02-27T02:39:00+00:00,west,noaa-goes18,NIGHT,WINTER,CYEG,0,1.0000,1.0000,1.30
2024-08-06T14:43:00+00:00,west,noaa-goes18,DAY,SUMMER,CYEG,0,1.0000,1.0000,1.30
2020-04-14T13:43:00+00:00,west,noaa-goes17,DAY,SPRING,CYEG,0,1.0000,1.0000,1.30
2022-07-07T06:21:00+00:00,west,noaa-goes17,NIGHT,SUMMER,CYEG,0,0.8889,0.9200,1.30
2022-06-22T19:07:00+00:00,west,noaa-goes17,DAY,SUMMER,CYEG,0,1.0000,1.0000,1.30
2021-03-16T05:22:00+00:00,west,noaa-goes17,NIGHT,SPRING,CYEG,1,0.0000,0.0000,1.30
2022-10-08T18:38:00+00:00,west,noaa-goes17,DAY,AUTUMN,CYEG,1,0.0000,0.0000,1.30
2020-05-18T02:12:00+00:00,west,noaa-goes17,DAY,SPRING,CYEG,0,1.0000,1.0000,1.30
2022-07-16T07:17:00+00:00,west,noaa-goes17,NIGHT,SUMMER,CYEG,1,0.0000,0.0000,1.30
2023-01-18T06:30:00+00:00,west,noaa-goes18,NIGHT,WINTER,CYEG,1,0.0000,0.0000,1.30
2024-09-13T15:42:00+00:00,west,noaa-goes18,DAY,AUTUMN,CYEG,0,1.0000,1.0000,1.30
2022-04-20T21:17:00+00:00,west,noaa-goes17,DAY,SPRING,CYEG,1,0.1111,0.0800,1.30
2025-12-25T03:18:00+00:00,west,noaa-goes18,NIGHT,WINTER,CYEG,0,1.0000,1.0000,1.30
2020-07-05T18:34:00+00:00,west,noaa-goes17,DAY,SUMMER,CYEG,0,1.0000,1.0000,1.30
2022-12-22T02:46:00+00:00,west,noaa-goes17,NIGHT,WINTER,CYEG,1,0.0000,0.0000,1.30
2022-06-05T01:04:00+00:00,west,noaa-goes17,DAY,SUMMER,CYEG,0,1.0000,1.0000,1.30
2022-10-25T17:05:00+00:00,west,noaa-goes17,DAY,AUTUMN,CYEG,1,0.0000,0.0000,1.30
2021-02-28T12:00:00+00:00,west,noaa-goes17,NIGHT,WINTER,CYEG,0,1.0000,1.0000,1.30
2023-03-04T18:41:00+00:00,west,noaa-goes18,DAY,SPRING,CYEG,0,0.8889,0.6800,1.30
2023-06-30T20:57:00+00:00,west,noaa-goes18,DAY,SUMMER,CYEG,1,0.0000,0.0000,1.30
2025-12-09T17:53:00+00:00,west,noaa-goes18,DAY,WINTER,CYEG,0,0.7778,0.7600,1.30
2024-09-04T13:59:00+00:00,west,noaa-goes18,DAY,AUTUMN,CYEG,0,1.0000,1.0000,1.30
2021-05-02T12:58:00+00:00,west,noaa-goes17,DAY,SPRING,CYEG,0,1.0000,1.0000,1.30
2020-05-15T23:04:00+00:00,west,noaa-goes17,DAY,SPRING,CYEG,1,0.5556,0.7600,1.30
2020-06-11T07:18:00+00:00,west,noaa-goes17,NIGHT,SUMMER,CYEG,0,1.0000,1.0000,1.30
2022-04-01T08:32:00+00:00,west,noaa-goes17,NIGHT,SPRING,CYEG,0,0.8889,0.8000,1.30
2023-09-10T09:35:00+00:00,west,noaa-goes18,NIGHT,AUTUMN,CYEG,1,0.0000,0.0000,1.30
2022-12-05T04:03:00+00:00,west,noaa-goes17,NIGHT,WINTER,CYEG,0,0.6667,0.7600,1.30
2020-11-01T13:03:00+00:00,west,noaa-goes17,NIGHT,AUTUMN,CYEG,0,1.0000,1.0000,1.30
2025-05-12T18:42:00+00:00,west,noaa-goes18,DAY,SPRING,CYEG,0,1.0000,1.0000,1.30
2024-04-14T01:05:00+00:00,west,noaa-goes18,DAY,SPRING,CYEG,0,1.0000,1.0000,1.30
2023-08-19T15:06:00+00:00,west,noaa-goes18,DAY,SUMMER,CYEG,1,0.3333,0.4800,1.30
2022-04-12T04:50:00+00:00,west,noaa-goes17,NIGHT,SPRING,CYEG,0,1.0000,1.0000,1.30
2021-02-04T18:43:00+00:00,west,noaa-goes17,DAY,WINTER,CYEG,0,1.0000,1.0000,1.30
2023-06-21T00:08:00+00:00,west,noaa-goes18,DAY,SUMMER,CYEG,0,1.0000,1.0000,1.30
2023-05-27T14:42:00+00:00,west,noaa-goes18,DAY,SPRING,CYEG,1,0.3333,0.5600,1.30
2020-01-18T05:59:00+00:00,west,noaa-goes17,NIGHT,WINTER,CYEG,1,0.0000,0.0000,1.30
2025-11-03T17:51:00+00:00,west,noaa-goes18,DAY,AUTUMN,CYEG,0,1.0000,1.0000,1.30
2020-12-27T09:05:00+00:00,west,noaa-goes17,NIGHT,WINTER,CYEG,1,0.0000,0.0000,1.30
2021-05-03T04:53:00+00:00,west,noaa-goes17,NIGHT,SPRING,CYEG,1,0.0000,0.0000,1.30
2025-06-07T22:04:00+00:00,west,noaa-goes18,DAY,SUMMER,CYEG,0,1.0000,1.0000,1.30
2022-05-22T13:30:00+00:00,west,noaa-goes17,DAY,SPRING,CYEG,0,1.0000,1.0000,1.30
2025-09-20T11:31:00+00:00,west,noaa-goes18,NIGHT,AUTUMN,CYEG,0,0.5556,0.4800,1.30
2024-04-07T09:55:00+00:00,west,noaa-goes18,NIGHT,SPRING,CYEG,0,1.0000,1.0000,1.30
2024-10-21T06:38:00+00:00,west,noaa-goes18,NIGHT,AUTUMN,CYEG,0,1.0000,1.0000,1.30
2020-11-22T01:58:00+00:00,west,noaa-goes17,NIGHT,AUTUMN,CYEG,1,0.0000,0.0000,1.30
2025-08-07T09:39:00+00:00,west,noaa-goes18,NIGHT,SUMMER,CYEG,0,1.0000,1.0000,1.30
2021-03-31T21:24:00+00:00,west,noaa-goes17,DAY,SPRING,CYEG,0,1.0000,1.0000,1.30
2021-05-15T18:18:00+00:00,west,noaa-goes17,DAY,SPRING,CYEG,0,1.0000,1.0000,1.30
2021-11-24T07:41:00+00:00,west,noaa-goes17,NIGHT,AUTUMN,CYEG,0,0.7778,0.7600,1.30
2021-09-13T03:22:00+00:00,west,noaa-goes17,NIGHT,AUTUMN,CYEG,0,1.0000,0.9200,1.30
2023-10-06T06:21:00+00:00,west,noaa-goes18,NIGHT,AUTUMN,CYEG,0,1.0000,1.0000,1.30
2020-07-29T13:38:00+00:00,west,noaa-goes17,DAY,SUMMER,CYEG,0,0.8889,0.8000,1.30
2024-11-09T21:11:00+00:00,west,noaa-goes18,DAY,AUTUMN,CYEG,0,1.0000,1.0000,1.30
2024-05-10T02:26:00+00:00,west,noaa-goes18,DAY,SPRING,CYEG,1,0.0000,0.0000,1.30
2021-11-15T10:11:00+00:00,west,noaa-goes17,NIGHT,AUTUMN,CYEG,0,1.0000,1.0000,1.30
2025-07-28T23:19:00+00:00,west,noaa-goes18,DAY,SUMMER,CYEG,0,1.0000,1.0000,1.30
2024-01-28T09:31:00+00:00,west,noaa-goes18,NIGHT,WINTER,CYEG,0,1.0000,1.0000,1.30
2020-09-23T22:29:00+00:00,west,noaa-goes17,DAY,AUTUMN,CYEG,0,1.0000,1.0000,1.30
2023-02-04T16:33:00+00:00,west,noaa-goes18,DAY,WINTER,CYEG,0,1.0000,1.0000,1.30
2024-01-10T13:24:00+00:00,west,noaa-goes18,NIGHT,WINTER,CYEG,0,1.0000,1.0000,1.30
2023-03-02T16:36:00+00:00,west,noaa-goes18,DAY,SPRING,CYEG,0,1.0000,1.0000,1.30
2022-06-23T01:01:00+00:00,west,noaa-goes17,DAY,SUMMER,CYEG,0,1.0000,1.0000,1.30
2024-02-21T03:37:00+00:00,west,noaa-goes18,NIGHT,WINTER,CYEG,0,1.0000,1.0000,1.30
2023-11-25T21:58:00+00:00,west,noaa-goes18,DAY,AUTUMN,CYEG,1,0.0000,0.0000,1.30
2024-07-04T06:23:00+00:00,west,noaa-goes18,NIGHT,SUMMER,CYEG,0,1.0000,1.0000,1.30
2024-01-31T16:18:00+00:00,west,noaa-goes18,DAY,WINTER,CYEG,1,0.2222,0.2000,1.30
2021-08-19T05:28:00+00:00,west,noaa-goes17,NIGHT,SUMMER,CYEG,0,1.0000,1.0000,1.30
2020-12-19T14:09:00+00:00,west,noaa-goes17,NIGHT,WINTER,CYEG,0,1.0000,1.0000,1.30
2024-01-21T12:23:00+00:00,west,noaa-goes18,NIGHT,WINTER,CYEG,0,1.0000,1.0000,1.30
2020-06-24T02:18:00+00:00,west,noaa-goes17,DAY,SUMMER,CYEG,0,1.0000,1.0000,1.30
2023-01-29T03:53:00+00:00,west,noaa-goes18,NIGHT,WINTER,CYEG,1,0.0000,0.0000,1.30
2022-06-30T00:52:00+00:00,west,noaa-goes17,DAY,SUMMER,CYEG,0,1.0000,1.0000,1.30
2024-03-28T16:41:00+00:00,west,noaa-goes18,DAY,SPRING,CYEG,0,1.0000,1.0000,1.30
2024-09-20T05:16:00+00:00,west,noaa-goes18,NIGHT,AUTUMN,CYEG,0,1.0000,1.0000,1.30
2020-06-14T22:32:00+00:00,west,noaa-goes17,DAY,SUMMER,CYEG,0,1.0000,1.0000,1.30
2024-12-28T03:56:00+00:00,west,noaa-goes18,NIGHT,WINTER,CYEG,1,0.0000,0.0000,1.30
2024-08-13T13:34:00+00:00,west,noaa-goes18,DAY,SUMMER,CYEG,0,1.0000,1.0000,1.30
2020-08-29T21:17:00+00:00,west,noaa-goes17,DAY,SUMMER,CYEG,1,0.0000,0.0000,1.30
2021-07-30T00:30:00+00:00,west,noaa-goes17,DAY,SUMMER,CYEG,1,0.0000,0.0000,1.30
2025-08-16T23:07:00+00:00,west,noaa-goes18,DAY,SUMMER,CYEG,1,0.1111,0.1600,1.30
2021-10-22T04:14:00+00:00,west,noaa-goes17,NIGHT,AUTUMN,CYEG,0,1.0000,1.0000,1.30
2021-08-08T17:09:00+00:00,west,noaa-goes17,DAY,SUMMER,CYEG,0,0.8889,0.9600,1.30
2022-01-11T05:35:00+00:00,west,noaa-goes17,NIGHT,WINTER,CYEG,0,1.0000,0.9600,1.30
2021-09-26T09:00:00+00:00,west,noaa-goes17,NIGHT,AUTUMN,CYEG,0,1.0000,1.0000,1.30
2021-09-29T16:12:00+00:00,west,noaa-goes17,DAY,AUTUMN,CYEG,1,0.0000,0.0000,1.30
2024-01-06T19:37:00+00:00,west,noaa-goes18,DAY,WINTER,CYEG,0,1.0000,1.0000,1.30
2023-05-02T01:00:00+00:00,west,noaa-goes18,DAY,SPRING,CYEG,0,1.0000,1.0000,1.30
2023-01-22T02:02:00+00:00,west,noaa-goes18,NIGHT,WINTER,CYEG,0,1.0000,1.0000,1.30
2021-02-20T22:07:00+00:00,west,noaa-goes17,DAY,WINTER,CYEG,0,1.0000,1.0000,1.30
2022-10-05T11:42:00+00:00,west,noaa-goes17,NIGHT,AUTUMN,CYEG,0,1.0000,1.0000,1.30
2023-07-29T14:59:00+00:00,west,noaa-goes18,DAY,SUMMER,CYEG,0,1.0000,1.0000,1.30
2021-08-19T05:49:00+00:00,west,noaa-goes17,NIGHT,SUMMER,CYEG,0,1.0000,1.0000,1.30
2025-12-13T18:08:00+00:00,west,noaa-goes18,DAY,WINTER,CYEG,0,1.0000,1.0000,1.30
2020-02-01T13:18:00+00:00,west,noaa-goes17,NIGHT,WINTER,CYEG,0,1.0000,1.0000,1.30
2021-04-26T20:44:00+00:00,west,noaa-goes17,DAY,SPRING,CYEG,0,1.0000,1.0000,1.30
2020-06-16T19:48:00+00:00,west,noaa-goes17,DAY,SUMMER,CYEG,1,0.3333,0.4000,1.30
2025-03-17T16:15:00+00:00,west,noaa-goes18,DAY,SPRING,CYEG,0,1.0000,1.0000,1.30
2020-04-29T04:59:00+00:00,west,noaa-goes17,NIGHT,SPRING,CYEG,0,1.0000,0.9600,1.30
2023-03-24T22:21:00+00:00,west,noaa-goes18,DAY,SPRING,CYEG,1,0.0000,0.0000,1.30
2022-09-20T09:04:00+00:00,west,noaa-goes17,NIGHT,AUTUMN,CYEG,0,1.0000,1.0000,1.30
2023-09-25T04:50:00+00:00,west,noaa-goes18,NIGHT,AUTUMN,CYEG,0,1.0000,1.0000,1.30
2025-09-22T03:59:00+00:00,west,noaa-goes18,NIGHT,AUTUMN,CYEG,0,1.0000,1.0000,1.30
2022-12-11T09:30:00+00:00,west,noaa-goes17,NIGHT,WINTER,CYEG,0,1.0000,0.9600,1.30
2024-08-06T14:18:00+00:00,west,noaa-goes18,DAY,SUMMER,CYEG,0,1.0000,1.0000,1.30
2021-06-11T17:02:00+00:00,west,noaa-goes17,DAY,SUMMER,CYEG,1,0.0000,0.0000,1.30
2021-12-18T02:41:00+00:00,west,noaa-goes17,NIGHT,WINTER,CYEG,1,0.0000,0.0000,1.30
2025-09-19T21:35:00+00:00,west,noaa-goes18,DAY,AUTUMN,CYEG,0,1.0000,1.0000,1.30
2022-07-03T00:24:00+00:00,west,noaa-goes17,DAY,SUMMER,CYEG,0,1.0000,1.0000,1.30
2020-04-12T21:14:00+00:00,west,noaa-goes17,DAY,SPRING,CYEG,0,0.7778,0.8400,1.30
2025-03-18T17:37:00+00:00,west,noaa-goes18,DAY,SPRING,CYEG,1,0.0000,0.0000,1.30
2021-04-17T21:09:00+00:00,west,noaa-goes17,DAY,SPRING,CYEG,0,1.0000,1.0000,1.30
2021-02-02T07:52:00+00:00,west,noaa-goes17,NIGHT,WINTER,CYEG,0,1.0000,1.0000,1.30
2024-12-26T08:59:00+00:00,west,noaa-goes18,NIGHT,WINTER,CYEG,1,0.0000,0.0000,1.30
2022-09-08T23:25:00+00:00,west,noaa-goes17,DAY,AUTUMN,CYEG,0,0.8889,0.6400,1.30
2023-09-21T17:20:00+00:00,west,noaa-goes18,DAY,AUTUMN,CYEG,1,0.0000,0.0000,1.30
2023-11-11T15:50:00+00:00,west,noaa-goes18,DAY,AUTUMN,CYEG,0,1.0000,1.0000,1.30
2024-03-04T18:36:00+00:00,west,noaa-goes18,DAY,SPRING,CYEG,1,0.0000,0.0000,1.30
2023-06-07T22:49:00+00:00,west,noaa-goes18,DAY,SUMMER,CYEG,1,0.0000,0.0000,1.30
2020-03-26T17:48:00+00:00,west,noaa-goes17,DAY,SPRING,CYEG,0,1.0000,1.0000,1.30
2023-02-13T05:36:00+00:00,west,noaa-goes18,NIGHT,WINTER,CYEG,1,0.1111,0.2800,1.30
2020-01-03T13:38:00+00:00,west,noaa-goes17,NIGHT,WINTER,CYEG,0,1.0000,1.0000,1.30
2024-10-26T18:40:00+00:00,west,noaa-goes18,DAY,AUTUMN,CYEG,1,0.2222,0.3200,1.30
2020-07-19T22:19:00+00:00,west,noaa-goes17,DAY,SUMMER,CYEG,0,1.0000,1.0000,1.30
2024-01-11T04:33:00+00:00,west,noaa-goes18,NIGHT,WINTER,CYEG,1,0.0000,0.3200,1.30
2020-09-30T23:03:00+00:00,west,noaa-goes17,DAY,AUTUMN,CYEG,1,0.0000,0.0000,1.30
2025-02-25T07:14:00+00:00,west,noaa-goes18,NIGHT,WINTER,CYEG,1,0.0000,0.0000,1.30
2025-01-26T08:23:00+00:00,west,noaa-goes18,NIGHT,WINTER,CYEG,0,1.0000,1.0000,1.30
2024-12-23T01:05:00+00:00,west,noaa-goes18,NIGHT,WINTER,CYEG,1,0.0000,0.0000,1.30
2024-12-24T13:05:00+00:00,west,noaa-goes18,NIGHT,WINTER,CYEG,0,1.0000,1.0000,1.30
2022-07-01T13:42:00+00:00,west,noaa-goes17,DAY,SUMMER,CYEG,1,0.0000,0.0000,1.30
2020-10-10T09:37:00+00:00,west,noaa-goes17,NIGHT,AUTUMN,CYEG,0,1.0000,1.0000,1.30
2020-08-27T04:22:00+00:00,west,noaa-goes17,NIGHT,SUMMER,CYEG,0,1.0000,1.0000,1.30
2022-06-19T20:01:00+00:00,west,noaa-goes17,DAY,SUMMER,CYEG,1,0.4444,0.4000,1.30
2025-09-28T08:12:00+00:00,west,noaa-goes18,NIGHT,AUTUMN,CYEG,0,1.0000,1.0000,1.30
2025-05-15T23:25:00+00:00,west,noaa-goes18,DAY,SPRING,CYEG,0,1.0000,0.9600,1.30
2021-10-20T20:39:00+00:00,west,noaa-goes17,DAY,AUTUMN,CYEG,1,0.0000,0.0000,1.30
2023-05-19T14:49:00+00:00,west,noaa-goes18,DAY,SPRING,CYEG,1,0.0000,0.0000,1.30
2025-08-05T05:20:00+00:00,west,noaa-goes18,NIGHT,SUMMER,CYEG,0,0.7778,0.6800,1.30
2020-02-07T17:18:00+00:00,west,noaa-goes17,DAY,WINTER,CYEG,0,1.0000,1.0000,1.30
2022-01-24T07:47:00+00:00,west,noaa-goes17,NIGHT,WINTER,CYEG,0,1.0000,1.0000,1.30
2021-07-30T08:11:00+00:00,west,noaa-goes17,NIGHT,SUMMER,CYEG,1,0.0000,0.0000,1.30
2022-05-20T09:32:00+00:00,west,noaa-goes17,NIGHT,SPRING,CYEG,0,1.0000,1.0000,1.30
2020-01-20T01:17:00+00:00,west,noaa-goes17,NIGHT,WINTER,CYEG,0,1.0000,1.0000,1.30
2023-09-17T10:15:00+00:00,west,noaa-goes18,NIGHT,AUTUMN,CYEG,1,0.0000,0.0000,1.30
2024-06-19T19:06:00+00:00,west,noaa-goes18,DAY,SUMMER,CYEG,0,0.6667,0.8400,1.30
2023-09-03T17:21:00+00:00,west,noaa-goes18,DAY,AUTUMN,CYEG,0,1.0000,1.0000,1.30
2023-07-15T14:18:00+00:00,west,noaa-goes18,DAY,SUMMER,CYEG,1,0.0000,0.0000,1.30
2025-08-05T18:51:00+00:00,west,noaa-goes18,DAY,SUMMER,CYEG,1,0.0000,0.0000,1.30
2024-03-31T00:10:00+00:00,west,noaa-goes18,DAY,SPRING,CYEG,0,1.0000,1.0000,1.30
2023-02-10T05:23:00+00:00,west,noaa-goes18,NIGHT,WINTER,CYEG,0,0.7778,0.6800,1.30
2022-05-22T07:42:00+00:00,west,noaa-goes17,NIGHT,SPRING,CYEG,1,0.0000,0.0000,1.30
2021-08-14T19:50:00+00:00,west,noaa-goes17,DAY,SUMMER,CYEG,0,1.0000,1.0000,1.30
2023-10-16T21:38:00+00:00,west,noaa-goes18,DAY,AUTUMN,CYEG,0,1.0000,1.0000,1.30
2023-04-07T11:11:00+00:00,west,noaa-goes18,NIGHT,SPRING,CYEG,1,0.0000,0.0000,1.30
2022-06-29T02:20:00+00:00,west,noaa-goes17,DAY,SUMMER,CYEG,0,1.0000,1.0000,1.30
2021-07-24T16:24:00+00:00,west,noaa-goes17,DAY,SUMMER,CYEG,1,0.3333,0.3200,1.30
2022-07-16T01:17:00+00:00,west,noaa-goes17,DAY,SUMMER,CYEG,1,0.0000,0.0000,1.30
2020-03-23T04:38:00+00:00,west,noaa-goes17,NIGHT,SPRING,CYEG,0,1.0000,1.0000,1.30
2024-11-17T12:11:00+00:00,west,noaa-goes18,NIGHT,AUTUMN,CYEG,1,0.0000,0.0000,1.30
2021-01-06T14:10:00+00:00,west,noaa-goes17,NIGHT,WINTER,CYEG,0,1.0000,1.0000,1.30
2021-10-04T19:08:00+00:00,west,noaa-goes17,DAY,AUTUMN,CYEG,1,0.1111,0.0400,1.30
2021-06-20T00:19:00+00:00,west,noaa-goes17,DAY,SUMMER,CYEG,0,1.0000,1.0000,1.30
2020-12-22T13:29:00+00:00,west,noaa-goes17,NIGHT,WINTER,CYEG,0,1.0000,1.0000,1.30
2021-12-25T03:22:00+00:00,west,noaa-goes17,NIGHT,WINTER,CYEG,0,0.8889,0.9600,1.30
2024-07-21T12:38:00+00:00,west,noaa-goes18,DAY,SUMMER,CYEG,1,0.0000,0.0000,1.30
2022-05-09T15:54:00+00:00,west,noaa-goes17,DAY,SPRING,CYEG,0,1.0000,1.0000,1.30
2020-01-21T12:14:00+00:00,west,noaa-goes17,NIGHT,WINTER,CYEG,0,1.0000,0.9600,1.30
2020-05-15T06:07:00+00:00,west,noaa-goes17,NIGHT,SPRING,CYEG,0,1.0000,1.0000,1.30
2022-08-02T18:10:00+00:00,west,noaa-goes17,DAY,SUMMER,CYEG,0,0.5556,0.4800,1.30
2025-08-10T01:19:00+00:00,west,noaa-goes18,DAY,SUMMER,CYEG,0,1.0000,1.0000,1.30
2025-12-17T11:00:00+00:00,west,noaa-goes18,NIGHT,WINTER,CYEG,0,1.0000,1.0000,1.30
2022-01-27T04:02:00+00:00,west,noaa-goes17,NIGHT,WINTER,CYEG,0,1.0000,0.9600,1.30
2024-09-08T03:42:00+00:00,west,noaa-goes18,NIGHT,AUTUMN,CYEG,1,0.0000,0.0800,1.30
2022-09-07T20:15:00+00:00,west,noaa-goes17,DAY,AUTUMN,CYEG,0,1.0000,1.0000,1.30
2022-07-13T15:38:00+00:00,west,noaa-goes17,DAY,SUMMER,CYEG,1,0.0000,0.0000,1.30
2025-06-18T02:38:00+00:00,west,noaa-goes18,DAY,SUMMER,CYEG,0,1.0000,1.0000,1.30
2020-09-10T00:03:00+00:00,west,noaa-goes17,DAY,AUTUMN,CYEG,0,0.4444,0.2400,1.30
2020-03-29T05:45:00+00:00,west,noaa-goes17,NIGHT,SPRING,CYEG,0,1.0000,1.0000,1.30
2023-10-31T13:06:00+00:00,west,noaa-goes18,NIGHT,AUTUMN,CYEG,0,1.0000,1.0000,1.30
2024-03-23T04:11:00+00:00,west,noaa-goes18,NIGHT,SPRING,CYEG,0,1.0000,1.0000,1.30
2023-10-26T12:45:00+00:00,west,noaa-goes18,NIGHT,AUTUMN,CYEG,0,1.0000,1.0000,1.30
2023-02-24T22:31:00+00:00,west,noaa-goes18,DAY,WINTER,CYEG,1,0.0000,0.0000,1.30
2020-09-19T16:47:00+00:00,west,noaa-goes17,DAY,AUTUMN,CYEG,0,1.0000,1.0000,1.30
2024-02-18T11:38:00+00:00,west,noaa-goes18,NIGHT,WINTER,CYEG,1,0.0000,0.0000,1.30
2023-06-20T00:46:00+00:00,west,noaa-goes18,DAY,SUMMER,CYEG,0,1.0000,1.0000,1.30
2025-01-15T18:39:00+00:00,west,noaa-goes18,DAY,WINTER,CYEG,0,1.0000,1.0000,1.30
2023-03-16T11:46:00+00:00,west,noaa-goes18,NIGHT,SPRING,CYEG,1,0.0000,0.0000,1.30
2025-04-03T14:58:00+00:00,west,noaa-goes18,DAY,SPRING,CYEG,1,0.4444,0.2400,1.30
2025-12-29T02:18:00+00:00,west,noaa-goes18,NIGHT,WINTER,CYEG,0,1.0000,1.0000,1.30
2021-04-29T19:18:00+00:00,west,noaa-goes17,DAY,SPRING,CYEG,0,1.0000,1.0000,1.30
2023-12-15T06:43:00+00:00,west,noaa-goes18,NIGHT,WINTER,CYEG,0,1.0000,1.0000,1.30
2021-03-03T02:42:00+00:00,west,noaa-goes17,NIGHT,SPRING,CYEG,0,1.0000,1.0000,1.30
2024-09-19T22:27:00+00:00,west,noaa-goes18,DAY,AUTUMN,CYEG,0,1.0000,0.8400,1.30
2021-12-25T21:30:00+00:00,west,noaa-goes17,DAY,WINTER,CYEG,0,1.0000,0.9600,1.30
2020-04-18T18:10:00+00:00,west,noaa-goes17,DAY,SPRING,CYEG,1,0.1111,0.0400,1.30
2023-08-08T15:35:00+00:00,west,noaa-goes18,DAY,SUMMER,CYEG,0,1.0000,1.0000,1.30
2020-08-13T13:42:00+00:00,west,noaa-goes17,DAY,SUMMER,CYEG,0,1.0000,1.0000,1.30
2020-09-02T04:08:00+00:00,west,noaa-goes17,NIGHT,AUTUMN,CYEG,0,1.0000,1.0000,1.30
2022-10-04T02:43:00+00:00,west,noaa-goes17,NIGHT,AUTUMN,CYEG,0,0.7778,0.7200,1.30
2025-05-11T20:27:00+00:00,west,noaa-goes18,DAY,SPRING,CYEG,0,1.0000,1.0000,1.30
2023-12-28T18:09:00+00:00,west,noaa-goes18,DAY,WINTER,CYEG,1,0.0000,0.0000,1.30
2020-10-20T04:24:00+00:00,west,noaa-goes17,NIGHT,AUTUMN,CYEG,0,1.0000,1.0000,1.30
2025-10-17T23:18:00+00:00,west,noaa-goes18,DAY,AUTUMN,CYEG,0,1.0000,0.8800,1.30
2025-09-30T11:26:00+00:00,west,noaa-goes18,NIGHT,AUTUMN,CYEG,0,0.8889,0.6400,1.30
2022-06-22T15:05:00+00:00,west,noaa-goes17,DAY,SUMMER,CYEG,0,1.0000,0.8400,1.30
2020-12-06T09:54:00+00:00,west,noaa-goes17,NIGHT,WINTER,CYEG,1,0.0000,0.0000,1.30
2021-09-15T19:19:00+00:00,west,noaa-goes17,DAY,AUTUMN,CYEG,0,0.7778,0.6400,1.30
2022-02-27T00:02:00+00:00,west,noaa-goes17,DAY,WINTER,CYEG,0,1.0000,0.9600,1.30
2020-04-28T23:15:00+00:00,west,noaa-goes17,DAY,SPRING,CYEG,0,1.0000,1.0000,1.30
2025-01-31T10:49:00+00:00,west,noaa-goes18,NIGHT,WINTER,CYEG,0,1.0000,1.0000,1.30
2022-10-03T18:48:00+00:00,west,noaa-goes17,DAY,AUTUMN,CYEG,1,0.0000,0.1200,1.30
2022-11-29T13:22:00+00:00,west,noaa-goes17,NIGHT,AUTUMN,CYEG,0,1.0000,1.0000,1.30
2022-11-22T03:31:00+00:00,west,noaa-goes17,NIGHT,AUTUMN,CYEG,1,0.0000,0.0000,1.30
2022-04-06T21:31:00+00:00,west,noaa-goes17,DAY,SPRING,CYEG,0,1.0000,1.0000,1.30
2024-08-17T10:36:00+00:00,west,noaa-goes18,NIGHT,SUMMER,CYEG,0,1.0000,1.0000,1.30
2022-05-11T16:08:00+00:00,west,noaa-goes17,DAY,SPRING,CYEG,0,1.0000,1.0000,1.30
2020-06-17T03:06:00+00:00,west,noaa-goes17,DAY,SUMMER,CYEG,1,0.0000,0.0800,1.30
2023-01-30T21:55:00+00:00,west,noaa-goes18,DAY,WINTER,CYEG,0,1.0000,1.0000,1.30
2020-05-04T12:51:00+00:00,west,noaa-goes17,DAY,SPRING,CYEG,0,1.0000,1.0000,1.30
2024-10-18T12:18:00+00:00,west,noaa-goes18,NIGHT,AUTUMN,CYEG,0,1.0000,1.0000,1.30
2022-01-23T13:28:00+00:00,west,noaa-goes17,NIGHT,WINTER,CYEG,0,1.0000,1.0000,1.30
2021-08-14T15:11:00+00:00,west,noaa-goes17,DAY,SUMMER,CYEG,0,1.0000,0.9600,1.30
2023-02-19T10:22:00+00:00,west,noaa-goes18,NIGHT,WINTER,CYEG,0,1.0000,1.0000,1.30
2022-06-22T07:31:00+00:00,west,noaa-goes17,NIGHT,SUMMER,CYEG,0,1.0000,1.0000,1.30
2024-02-05T21:25:00+00:00,west,noaa-goes18,DAY,WINTER,CYEG,0,1.0000,1.0000,1.30
2023-07-10T12:39:00+00:00,west,noaa-goes18,DAY,SUMMER,CYEG,1,0.1111,0.2400,1.30
2023-04-17T18:27:00+00:00,west,noaa-goes18,DAY,SPRING,CYEG,0,1.0000,1.0000,1.30
2021-10-16T05:17:00+00:00,west,noaa-goes17,NIGHT,AUTUMN,CYEG,0,1.0000,0.9600,1.30
2023-03-25T22:23:00+00:00,west,noaa-goes18,DAY,SPRING,CYEG,1,0.1111,0.1200,1.30
2021-05-07T00:19:00+00:00,west,noaa-goes17,DAY,SPRING,CYEG,0,1.0000,1.0000,1.30
2024-07-24T20:08:00+00:00,west,noaa-goes18,DAY,SUMMER,CYEG,0,1.0000,1.0000,1.30
2023-07-13T00:26:00+00:00,west,noaa-goes18,DAY,SUMMER,CYEG,0,1.0000,1.0000,1.30
2021-06-14T18:26:00+00:00,west,noaa-goes17,DAY,SUMMER,CYEG,0,1.0000,0.8800,1.30
2023-09-29T03:09:00+00:00,west,noaa-goes18,NIGHT,AUTUMN,CYEG,0,1.0000,1.0000,1.30
2020-08-10T13:49:00+00:00,west,noaa-goes17,DAY,SUMMER,CYEG,0,1.0000,1.0000,1.30
2021-06-01T14:56:00+00:00,west,noaa-goes17,DAY,SUMMER,CYEG,0,1.0000,1.0000,1.30
2024-09-07T22:31:00+00:00,west,noaa-goes18,DAY,AUTUMN,CYEG,1,0.0000,0.0000,1.30
2022-01-04T19:14:00+00:00,west,noaa-goes17,DAY,WINTER,CYEG,1,0.3333,0.1600,1.30
2023-08-01T22:01:00+00:00,west,noaa-goes18,DAY,SUMMER,CYEG,0,0.7778,0.6000,1.30
2024-12-10T18:49:00+00:00,west,noaa-goes18,DAY,WINTER,CYEG,0,1.0000,1.0000,1.30
2022-06-01T08:43:00+00:00,west,noaa-goes17,NIGHT,SUMMER,CYEG,0,1.0000,0.7200,1.30
2023-01-08T04:04:00+00:00,west,noaa-goes18,NIGHT,WINTER,CYEG,1,0.0000,0.0000,1.30
2021-06-20T18:07:00+00:00,west,noaa-goes17,DAY,SUMMER,CYEG,0,0.6667,0.5200,1.30
2023-05-18T13:55:00+00:00,west,noaa-goes18,DAY,SPRING,CYEG,1,0.0000,0.0000,1.30
2024-02-29T00:11:00+00:00,west,noaa-goes18,DAY,WINTER,CYEG,0,1.0000,1.0000,1.30
2025-07-14T14:35:00+00:00,west,noaa-goes18,DAY,SUMMER,CYEG,0,1.0000,1.0000,1.30
2020-01-26T09:58:00+00:00,west,noaa-goes17,NIGHT,WINTER,CYEG,0,0.8889,0.8800,1.30
2025-03-14T04:23:00+00:00,west,noaa-goes18,NIGHT,SPRING,CYEG,0,1.0000,1.0000,1.30
2021-04-21T16:18:00+00:00,west,noaa-goes17,DAY,SPRING,CYEG,1,0.1111,0.2400,1.30
2020-07-31T14:01:00+00:00,west,noaa-goes17,DAY,SUMMER,CYEG,0,1.0000,1.0000,1.30
2025-12-09T04:05:00+00:00,west,noaa-goes18,NIGHT,WINTER,CYEG,0,1.0000,1.0000,1.30
2023-04-13T14:35:00+00:00,west,noaa-goes18,DAY,SPRING,CYEG,1,0.0000,0.0000,1.30
2024-12-26T20:46:00+00:00,west,noaa-goes18,DAY,WINTER,CYEG,0,1.0000,1.0000,1.30
2021-10-01T22:03:00+00:00,west,noaa-goes17,DAY,AUTUMN,CYEG,1,0.0000,0.0000,1.30
2023-01-09T10:04:00+00:00,west,noaa-goes18,NIGHT,WINTER,CYEG,0,1.0000,1.0000,1.30
2024-06-04T15:25:00+00:00,west,noaa-goes18,DAY,SUMMER,CYEG,0,0.5556,0.5600,1.30
2022-06-18T21:08:00+00:00,west,noaa-goes17,DAY,SUMMER,CYEG,1,0.4444,0.4800,1.30
2025-10-31T13:12:00+00:00,west,noaa-goes18,NIGHT,AUTUMN,CYEG,1,0.1111,0.2800,1.30
2020-01-18T03:04:00+00:00,west,noaa-goes17,NIGHT,WINTER,CYEG,1,0.0000,0.0000,1.30
2020-07-19T23:43:00+00:00,west,noaa-goes17,DAY,SUMMER,CYEG,0,1.0000,1.0000,1.30
2025-10-22T09:32:00+00:00,west,noaa-goes18,NIGHT,AUTUMN,CYEG,1,0.0000,0.0400,1.30
2023-01-04T04:24:00+00:00,west,noaa-goes18,NIGHT,WINTER,CYEG,1,0.1111,0.0400,1.30
2022-11-02T17:13:00+00:00,west,noaa-goes17,DAY,AUTUMN,CYEG,0,1.0000,1.0000,1.30
2025-01-22T21:36:00+00:00,west,noaa-goes18,DAY,WINTER,CYEG,1,0.2222,0.1200,1.30
2024-04-09T00:50:00+00:00,west,noaa-goes18,DAY,SPRING,CYEG,0,1.0000,1.0000,1.30
2025-09-17T05:44:00+00:00,west,noaa-goes18,NIGHT,AUTUMN,CYEG,1,0.0000,0.0000,1.30
2024-07-18T15:46:00+00:00,west,noaa-goes18,DAY,SUMMER,CYEG,1,0.0000,0.0000,1.30
2024-04-10T00:54:00+00:00,west,noaa-goes18,DAY,SPRING,CYEG,0,1.0000,1.0000,1.30
2023-10-06T20:43:00+00:00,west,noaa-goes18,DAY,AUTUMN,CYEG,1,0.0000,0.0000,1.30
2022-11-03T19:58:00+00:00,west,noaa-goes17,DAY,AUTUMN,CYEG,1,0.1111,0.1600,1.30
2021-06-29T00:35:00+00:00,west,noaa-goes17,DAY,SUMMER,CYEG,1,0.0000,0.0400,1.30
2022-02-08T04:16:00+00:00,west,noaa-goes17,NIGHT,WINTER,CYEG,1,0.1111,0.1600,1.30
2024-02-22T02:58:00+00:00,west,noaa-goes18,NIGHT,WINTER,CYEG,1,0.0000,0.0000,1.30
2020-01-04T02:06:00+00:00,west,noaa-goes17,NIGHT,WINTER,CYEG,0,1.0000,1.0000,1.30
2023-09-21T09:25:00+00:00,west,noaa-goes18,NIGHT,AUTUMN,CYEG,1,0.0000,0.0000,1.30
2021-03-25T15:22:00+00:00,west,noaa-goes17,DAY,SPRING,CYEG,0,1.0000,1.0000,1.30
2020-09-02T17:56:00+00:00,west,noaa-goes17,DAY,AUTUMN,CYEG,0,1.0000,0.9200,1.30
2020-07-18T06:33:00+00:00,west,noaa-goes17,NIGHT,SUMMER,CYEG,0,1.0000,1.0000,1.30
2025-09-18T18:40:00+00:00,west,noaa-goes18,DAY,AUTUMN,CYEG,1,0.0000,0.0000,1.30
2020-05-26T09:16:00+00:00,west,noaa-goes17,NIGHT,SPRING,CYEG,0,1.0000,1.0000,1.30
2020-09-08T08:15:00+00:00,west,noaa-goes17,NIGHT,AUTUMN,CYEG,0,1.0000,1.0000,1.30
2020-09-18T11:25:00+00:00,west,noaa-goes17,NIGHT,AUTUMN,CYEG,1,0.0000,0.0000,1.30
2024-04-25T16:21:00+00:00,west,noaa-goes18,DAY,SPRING,CYEG,0,1.0000,1.0000,1.30
2020-11-06T21:13:00+00:00,west,noaa-goes17,DAY,AUTUMN,CYEG,0,1.0000,1.0000,1.30
2023-09-14T06:33:00+00:00,west,noaa-goes18,NIGHT,AUTUMN,CYEG,1,0.0000,0.0000,1.30
2022-06-08T15:19:00+00:00,west,noaa-goes17,DAY,SUMMER,CYEG,0,1.0000,1.0000,1.30
2025-02-19T10:22:00+00:00,west,noaa-goes18,NIGHT,WINTER,CYEG,1,0.0000,0.0000,1.30
2025-09-02T01:12:00+00:00,west,noaa-goes18,DAY,AUTUMN,CYEG,0,1.0000,1.0000,1.30
2020-06-21T19:40:00+00:00,west,noaa-goes17,DAY,SUMMER,CYEG,0,1.0000,1.0000,1.30
2020-02-19T03:59:00+00:00,west,noaa-goes17,NIGHT,WINTER,CYEG,0,0.8889,0.6800,1.30
2024-07-09T16:59:00+00:00,west,noaa-goes18,DAY,SUMMER,CYEG,1,0.0000,0.0000,1.30
2025-01-06T03:31:00+00:00,west,noaa-goes18,NIGHT,WINTER,CYEG,0,0.2222,0.2000,1.30
2025-01-20T17:16:00+00:00,west,noaa-goes18,DAY,WINTER,CYEG,0,1.0000,1.0000,1.30
2025-03-09T21:06:00+00:00,west,noaa-goes18,DAY,SPRING,CYEG,0,1.0000,1.0000,1.30
2024-07-16T19:33:00+00:00,west,noaa-goes18,DAY,SUMMER,CYEG,0,0.8889,0.9600,1.30
2022-04-16T15:44:00+00:00,west,noaa-goes17,DAY,SPRING,CYEG,0,1.0000,1.0000,1.30
2021-02-25T13:05:00+00:00,west,noaa-goes17,NIGHT,WINTER,CYEG,0,1.0000,1.0000,1.30
2021-03-13T11:33:00+00:00,west,noaa-goes17,NIGHT,SPRING,CYEG,0,0.8889,0.6000,1.30
2024-05-13T13:51:00+00:00,west,noaa-goes18,DAY,SPRING,CYEG,0,1.0000,1.0000,1.30
2020-12-14T18:36:00+00:00,west,noaa-goes17,DAY,WINTER,CYEG,0,1.0000,1.0000,1.30
2023-12-30T18:47:00+00:00,west,noaa-goes18,DAY,WINTER,CYEG,0,1.0000,1.0000,1.30
2025-11-05T06:42:00+00:00,west,noaa-goes18,NIGHT,AUTUMN,CYEG,1,0.0000,0.0000,1.30
2022-03-26T05:26:00+00:00,west,noaa-goes17,NIGHT,SPRING,CYEG,0,1.0000,1.0000,1.30
2020-09-25T15:55:00+00:00,west,noaa-goes17,DAY,AUTUMN,CYEG,1,0.0000,0.0000,1.30
2020-06-19T23:20:00+00:00,west,noaa-goes17,DAY,SUMMER,CYEG,0,0.7778,0.6800,1.30
2020-10-01T18:22:00+00:00,west,noaa-goes17,DAY,AUTUMN,CYEG,1,0.0000,0.1600,1.30
2024-09-24T10:28:00+00:00,west,noaa-goes18,NIGHT,AUTUMN,CYEG,1,0.0000,0.0000,1.30
2021-09-06T17:23:00+00:00,west,noaa-goes17,DAY,AUTUMN,CYEG,1,0.0000,0.0000,1.30
2022-10-08T11:15:00+00:00,west,noaa-goes17,NIGHT,AUTUMN,CYEG,0,0.7778,0.7600,1.30
2022-10-10T18:41:00+00:00,west,noaa-goes17,DAY,AUTUMN,CYEG,0,1.0000,1.0000,1.30
2025-09-16T05:18:00+00:00,west,noaa-goes18,NIGHT,AUTUMN,CYEG,1,0.0000,0.0800,1.30
2021-10-14T12:25:00+00:00,west,noaa-goes17,NIGHT,AUTUMN,CYEG,0,1.0000,1.0000,1.30
2020-06-26T02:43:00+00:00,west,noaa-goes17,DAY,SUMMER,CYEG,0,1.0000,1.0000,1.30
2023-09-14T17:52:00+00:00,west,noaa-goes18,DAY,AUTUMN,CYEG,1,0.0000,0.0000,1.30
2023-01-01T13:27:00+00:00,west,noaa-goes17,NIGHT,WINTER,CYEG,1,0.0000,0.0000,1.30
2025-06-09T19:55:00+00:00,west,noaa-goes18,DAY,SUMMER,CYEG,1,0.0000,0.0000,1.30
2022-05-02T00:52:00+00:00,west,noaa-goes17,DAY,SPRING,CYEG,0,1.0000,1.0000,1.30
2022-04-09T00:09:00+00:00,west,noaa-goes17,DAY,SPRING,CYEG,0,1.0000,1.0000,1.30
2025-10-12T10:13:00+00:00,west,noaa-goes18,NIGHT,AUTUMN,CYEG,0,1.0000,1.0000,1.30
2025-05-15T12:27:00+00:00,west,noaa-goes18,DAY,SPRING,CYEG,0,1.0000,1.0000,1.30
2022-06-28T08:20:00+00:00,west,noaa-goes17,NIGHT,SUMMER,CYEG,0,1.0000,1.0000,1.30
2020-10-12T20:23:00+00:00,west,noaa-goes17,DAY,AUTUMN,CYEG,0,1.0000,1.0000,1.30
2020-09-07T05:20:00+00:00,west,noaa-goes17,NIGHT,AUTUMN,CYEG,0,1.0000,1.0000,1.30
2021-05-30T16:23:00+00:00,west,noaa-goes17,DAY,SPRING,CYEG,1,0.0000,0.0400,1.30
2023-05-13T13:06:00+00:00,west,noaa-goes18,DAY,SPRING,CYEG,1,0.0000,0.0000,1.30
2022-09-04T00:51:00+00:00,west,noaa-goes17,DAY,AUTUMN,CYEG,0,0.5556,0.6000,1.30
2025-03-28T06:58:00+00:00,west,noaa-goes18,NIGHT,SPRING,CYEG,0,1.0000,1.0000,1.30
2020-02-01T17:58:00+00:00,west,noaa-goes17,DAY,WINTER,CYEG,0,1.0000,1.0000,1.30
2025-04-16T04:56:00+00:00,west,noaa-goes18,NIGHT,SPRING,CYEG,0,0.8889,0.7200,1.30
2020-02-02T20:29:00+00:00,west,noaa-goes17,DAY,WINTER,CYEG,1,0.7778,0.7600,1.30
2022-07-05T17:55:00+00:00,west,noaa-goes17,DAY,SUMMER,CYEG,0,1.0000,1.0000,1.30
2025-04-30T15:29:00+00:00,west,noaa-goes18,DAY,SPRING,CYEG,0,1.0000,1.0000,1.30
2025-08-15T09:08:00+00:00,west,noaa-goes18,NIGHT,SUMMER,CYEG,0,1.0000,1.0000,1.30
2025-05-23T20:32:00+00:00,west,noaa-goes18,DAY,SPRING,CYEG,0,1.0000,1.0000,1.30
2024-05-16T06:00:00+00:00,west,noaa-goes18,NIGHT,SPRING,CYEG,0,1.0000,1.0000,1.30
2020-09-08T00:28:00+00:00,west,noaa-goes17,DAY,AUTUMN,CYEG,0,1.0000,1.0000,1.30
2020-12-05T04:04:00+00:00,west,noaa-goes17,NIGHT,WINTER,CYEG,1,0.0000,0.0000,1.30
2023-02-15T04:12:00+00:00,west,noaa-goes18,NIGHT,WINTER,CYEG,0,1.0000,1.0000,1.30
2023-04-24T21:18:00+00:00,west,noaa-goes18,DAY,SPRING,CYEG,1,0.3333,0.2000,1.30
2025-06-25T06:56:00+00:00,west,noaa-goes18,NIGHT,SUMMER,CYEG,0,1.0000,1.0000,1.30
2025-06-03T22:42:00+00:00,west,noaa-goes18,DAY,SUMMER,CYEG,0,1.0000,1.0000,1.30
2024-10-15T03:43:00+00:00,west,noaa-goes18,NIGHT,AUTUMN,CYEG,1,0.3333,0.3200,1.30
2024-02-03T22:39:00+00:00,west,noaa-goes18,DAY,WINTER,CYEG,0,1.0000,1.0000,1.30
2024-11-14T11:49:00+00:00,west,noaa-goes18,NIGHT,AUTUMN,CYEG,0,1.0000,1.0000,1.30
2024-06-21T12:49:00+00:00,west,noaa-goes18,DAY,SUMMER,CYEG,1,0.0000,0.0000,1.30
2025-02-07T13:18:00+00:00,west,noaa-goes18,NIGHT,WINTER,CYEG,0,1.0000,1.0000,1.30
2020-06-15T19:39:00+00:00,west,noaa-goes17,DAY,SUMMER,CYEG,0,1.0000,1.0000,1.30
2024-03-26T16:54:00+00:00,west,noaa-goes18,DAY,SPRING,CYEG,0,1.0000,1.0000,1.30
2024-02-10T04:10:00+00:00,west,noaa-goes18,NIGHT,WINTER,CYEG,1,0.0000,0.0000,1.30
2023-02-27T04:43:00+00:00,west,noaa-goes18,NIGHT,WINTER,CYEG,0,1.0000,0.9600,1.30
2024-04-04T21:45:00+00:00,west,noaa-goes18,DAY,SPRING,CYEG,0,1.0000,1.0000,1.30
2024-02-02T06:49:00+00:00,west,noaa-goes18,NIGHT,WINTER,CYEG,0,1.0000,1.0000,1.30
2025-02-22T19:12:00+00:00,west,noaa-goes18,DAY,WINTER,CYEG,0,0.7778,0.6400,1.30
2022-01-16T04:53:00+00:00,west,noaa-goes17,NIGHT,WINTER,CYEG,1,0.0000,0.0000,1.30
2020-12-27T18:04:00+00:00,west,noaa-goes17,DAY,WINTER,CYEG,0,1.0000,1.0000,1.30
2022-11-24T07:39:00+00:00,west,noaa-goes17,NIGHT,AUTUMN,CYEG,0,1.0000,1.0000,1.30
2024-01-22T22:18:00+00:00,west,noaa-goes18,DAY,WINTER,CYEG,0,1.0000,0.9600,1.30
2025-05-12T21:15:00+00:00,west,noaa-goes18,DAY,SPRING,CYEG,0,1.0000,1.0000,1.30
2024-06-13T22:53:00+00:00,west,noaa-goes18,DAY,SUMMER,CYEG,1,0.0000,0.0000,1.30
2020-05-05T16:02:00+00:00,west,noaa-goes17,DAY,SPRING,CYEG,1,0.0000,0.0000,1.30
2021-07-05T12:22:00+00:00,west,noaa-goes17,DAY,SUMMER,CYEG,0,1.0000,1.0000,1.30
2022-05-05T21:16:00+00:00,west,noaa-goes17,DAY,SPRING,CYEG,0,1.0000,1.0000,1.30
2025-04-03T10:38:00+00:00,west,noaa-goes18,NIGHT,SPRING,CYEG,1,0.0000,0.0000,1.30
2025-02-09T17:58:00+00:00,west,noaa-goes18,DAY,WINTER,CYEG,1,0.2222,0.3600,1.30
2023-03-29T16:32:00+00:00,west,noaa-goes18,DAY,SPRING,CYEG,0,0.7778,0.8800,1.30
2020-12-31T19:11:00+00:00,west,noaa-goes17,DAY,WINTER,CYEG,0,1.0000,1.0000,1.30
2021-03-17T09:36:00+00:00,west,noaa-goes17,NIGHT,SPRING,CYEG,1,0.0000,0.0000,1.30
2024-07-08T15:36:00+00:00,west,noaa-goes18,DAY,SUMMER,CYEG,1,0.0000,0.0000,1.30
2021-01-08T08:24:00+00:00,west,noaa-goes17,NIGHT,WINTER,CYEG,0,0.8889,0.4400,1.30
2022-09-20T22:32:00+00:00,west,noaa-goes17,DAY,AUTUMN,CYEG,1,0.0000,0.0000,1.30
2024-08-19T20:24:00+00:00,west,noaa-goes18,DAY,SUMMER,CYEG,1,0.0000,0.0000,1.30
2023-03-07T21:53:00+00:00,west,noaa-goes18,DAY,SPRING,CYEG,1,0.0000,0.0000,1.30
2022-09-10T04:01:00+00:00,west,noaa-goes17,NIGHT,AUTUMN,CYEG,0,1.0000,1.0000,1.30
2024-09-29T11:09:00+00:00,west,noaa-goes18,NIGHT,AUTUMN,CYEG,0,1.0000,1.0000,1.30
2025-10-24T04:19:00+00:00,west,noaa-goes18,NIGHT,AUTUMN,CYEG,0,1.0000,1.0000,1.30
2024-05-28T17:21:00+00:00,west,noaa-goes18,DAY,SPRING,CYEG,0,1.0000,1.0000,1.30
2022-12-16T18:57:00+00:00,west,noaa-goes17,DAY,WINTER,CYEG,0,1.0000,1.0000,1.30
2020-06-10T01:44:00+00:00,west,noaa-goes17,DAY,SUMMER,CYEG,1,0.0000,0.0000,1.30
2021-08-01T00:34:00+00:00,west,noaa-goes17,DAY,SUMMER,CYEG,1,0.0000,0.0400,1.30
2024-05-21T21:03:00+00:00,west,noaa-goes18,DAY,SPRING,CYEG,0,1.0000,1.0000,1.30
2020-12-19T09:42:00+00:00,west,noaa-goes17,NIGHT,WINTER,CYEG,0,1.0000,1.0000,1.30
2024-03-24T00:20:00+00:00,west,noaa-goes18,DAY,SPRING,CYEG,0,1.0000,1.0000,1.30
2020-12-18T18:01:00+00:00,west,noaa-goes17,DAY,WINTER,CYEG,0,1.0000,1.0000,1.30
2023-10-16T08:13:00+00:00,west,noaa-goes18,NIGHT,AUTUMN,CYEG,0,0.7778,0.7200,1.30
2021-08-09T15:56:00+00:00,west,noaa-goes17,DAY,SUMMER,CYEG,1,0.1111,0.0800,1.30
2022-04-11T23:03:00+00:00,west,noaa-goes17,DAY,SPRING,CYEG,0,1.0000,1.0000,1.30
2022-03-22T07:20:00+00:00,west,noaa-goes17,NIGHT,SPRING,CYEG,1,0.0000,0.0000,1.30
2024-09-19T20:58:00+00:00,west,noaa-goes18,DAY,AUTUMN,CYEG,0,1.0000,1.0000,1.30
2022-06-08T12:38:00+00:00,west,noaa-goes17,DAY,SUMMER,CYEG,0,1.0000,1.0000,1.30
2022-04-02T00:05:00+00:00,west,noaa-goes17,DAY,SPRING,CYEG,0,1.0000,1.0000,1.30
2020-08-26T01:46:00+00:00,west,noaa-goes17,DAY,SUMMER,CYEG,0,0.1111,0.0800,1.30
2025-11-25T19:37:00+00:00,west,noaa-goes18,DAY,AUTUMN,CYEG,1,0.1111,0.2400,1.30
2020-01-15T09:54:00+00:00,west,noaa-goes17,NIGHT,WINTER,CYEG,1,0.0000,0.0400,1.30
2025-12-17T01:11:00+00:00,west,noaa-goes18,NIGHT,WINTER,CYEG,0,1.0000,1.0000,1.30
2025-11-27T20:14:00+00:00,west,noaa-goes18,DAY,AUTUMN,CYEG,0,1.0000,1.0000,1.30
2023-10-07T22:17:00+00:00,west,noaa-goes18,DAY,AUTUMN,CYEG,1,0.0000,0.0000,1.30
2020-09-21T10:34:00+00:00,west,noaa-goes17,NIGHT,AUTUMN,CYEG,0,1.0000,0.9600,1.30
2022-01-06T19:43:00+00:00,west,noaa-goes17,DAY,WINTER,CYEG,0,0.3333,0.3600,1.30
2020-07-26T19:47:00+00:00,west,noaa-goes17,DAY,SUMMER,CYEG,1,0.0000,0.0400,1.30
2022-07-31T01:59:00+00:00,west,noaa-goes17,DAY,SUMMER,CYEG,1,0.0000,0.0800,1.30
2024-12-21T13:27:00+00:00,west,noaa-goes18,NIGHT,WINTER,CYEG,0,1.0000,1.0000,1.30
2020-12-28T07:49:00+00:00,west,noaa-goes17,NIGHT,WINTER,CYEG,0,1.0000,0.9600,1.30
2025-12-26T20:01:00+00:00,west,noaa-goes18,DAY,WINTER,CYEG,0,1.0000,1.0000,1.30
2021-07-15T21:40:00+00:00,west,noaa-goes17,DAY,SUMMER,CYEG,0,1.0000,1.0000,1.30
2024-10-23T16:04:00+00:00,west,noaa-goes18,DAY,AUTUMN,CYEG,0,1.0000,1.0000,1.30
2023-11-29T18:19:00+00:00,west,noaa-goes18,DAY,AUTUMN,CYEG,1,0.0000,0.0000,1.30
2025-02-22T22:16:00+00:00,west,noaa-goes18,DAY,WINTER,CYEG,1,0.0000,0.0000,1.30
2023-11-24T22:14:00+00:00,west,noaa-goes18,DAY,AUTUMN,CYEG,0,1.0000,1.0000,1.30
2020-10-28T02:02:00+00:00,west,noaa-goes17,NIGHT,AUTUMN,CYEG,0,1.0000,1.0000,1.30
2023-11-29T21:35:00+00:00,west,noaa-goes18,DAY,AUTUMN,CYEG,1,0.0000,0.0000,1.30
2022-05-18T21:49:00+00:00,west,noaa-goes17,DAY,SPRING,CYEG,0,1.0000,1.0000,1.30
2024-11-07T15:59:00+00:00,west,noaa-goes18,DAY,AUTUMN,CYEG,0,0.8889,0.6800,1.30
2022-04-10T19:28:00+00:00,west,noaa-goes17,DAY,SPRING,CYEG,0,1.0000,1.0000,1.30
2021-01-22T17:37:00+00:00,west,noaa-goes17,DAY,WINTER,CYEG,0,1.0000,1.0000,1.30
2021-05-26T23:19:00+00:00,west,noaa-goes17,DAY,SPRING,CYEG,0,1.0000,1.0000,1.30
2021-07-27T21:27:00+00:00,west,noaa-goes17,DAY,SUMMER,CYEG,1,0.0000,0.0000,1.30
2022-08-11T15:26:00+00:00,west,noaa-goes17,DAY,SUMMER,CYEG,0,1.0000,1.0000,1.30
2023-12-29T20:01:00+00:00,west,noaa-goes18,DAY,WINTER,CYEG,0,1.0000,1.0000,1.30
2021-03-01T12:51:00+00:00,west,noaa-goes17,NIGHT,SPRING,CYEG,0,1.0000,1.0000,1.30
2025-06-12T13:30:00+00:00,west,noaa-goes18,DAY,SUMMER,CYEG,0,1.0000,1.0000,1.30
2021-02-06T16:31:00+00:00,west,noaa-goes17,DAY,WINTER,CYEG,0,1.0000,1.0000,1.30
2025-05-14T12:55:00+00:00,west,noaa-goes18,DAY,SPRING,CYEG,0,1.0000,1.0000,1.30
2021-05-28T21:33:00+00:00,west,noaa-goes17,DAY,SPRING,CYEG,0,1.0000,1.0000,1.30
2022-06-06T13:59:00+00:00,west,noaa-goes17,DAY,SUMMER,CYEG,0,1.0000,1.0000,1.30
2022-08-25T13:34:00+00:00,west,noaa-goes17,DAY,SUMMER,CYEG,1,0.0000,0.0000,1.30
2025-11-24T21:42:00+00:00,west,noaa-goes18,DAY,AUTUMN,CYEG,1,0.0000,0.0000,1.30
2024-06-12T20:10:00+00:00,west,noaa-goes18,DAY,SUMMER,CYEG,0,1.0000,1.0000,1.30
2025-02-26T12:11:00+00:00,west,noaa-goes18,NIGHT,WINTER,CYEG,1,0.0000,0.0400,1.30
2021-10-12T05:27:00+00:00,west,noaa-goes17,NIGHT,AUTUMN,CYEG,1,0.0000,0.0000,1.30
2025-10-09T22:32:00+00:00,west,noaa-goes18,DAY,AUTUMN,CYEG,1,0.0000,0.0000,1.30
2020-02-15T18:44:00+00:00,west,noaa-goes17,DAY,WINTER,CYEG,0,1.0000,1.0000,1.30
2024-06-14T02:25:00+00:00,west,noaa-goes18,DAY,SUMMER,CYEG,1,0.0000,0.0000,1.30
2023-08-23T05:11:00+00:00,west,noaa-goes18,NIGHT,SUMMER,CYEG,0,1.0000,1.0000,1.30
2020-01-03T14:18:00+00:00,west,noaa-goes17,NIGHT,WINTER,CYEG,0,1.0000,1.0000,1.30
2022-09-17T10:36:00+00:00,west,noaa-goes17,NIGHT,AUTUMN,CYEG,0,1.0000,1.0000,1.30
2021-03-10T04:20:00+00:00,west,noaa-goes17,NIGHT,SPRING,CYEG,1,0.0000,0.0000,1.30
2023-10-30T19:30:00+00:00,west,noaa-goes18,DAY,AUTUMN,CYEG,0,1.0000,1.0000,1.30
2025-05-21T14:09:00+00:00,west,noaa-goes18,DAY,SPRING,CYEG,0,1.0000,1.0000,1.30
2024-11-11T10:38:00+00:00,west,noaa-goes18,NIGHT,AUTUMN,CYEG,0,1.0000,1.0000,1.30
2020-04-12T17:53:00+00:00,west,noaa-goes17,DAY,SPRING,CYEG,0,1.0000,1.0000,1.30
2022-02-08T17:23:00+00:00,west,noaa-goes17,DAY,WINTER,CYEG,0,1.0000,1.0000,1.30
2023-04-06T03:49:00+00:00,west,noaa-goes18,NIGHT,SPRING,CYEG,1,0.4444,0.6400,1.30
2024-12-10T03:57:00+00:00,west,noaa-goes18,NIGHT,WINTER,CYEG,0,1.0000,1.0000,1.30
2022-02-10T18:04:00+00:00,west,noaa-goes17,DAY,WINTER,CYEG,1,0.6667,0.7600,1.30
2021-07-23T18:55:00+00:00,west,noaa-goes17,DAY,SUMMER,CYEG,1,0.0000,0.0000,1.30
2023-12-14T12:22:00+00:00,west,noaa-goes18,NIGHT,WINTER,CYEG,0,1.0000,1.0000,1.30
2021-01-15T17:34:00+00:00,west,noaa-goes17,DAY,WINTER,CYEG,0,1.0000,1.0000,1.30
2024-12-12T02:41:00+00:00,west,noaa-goes18,NIGHT,WINTER,CYEG,0,0.8889,0.9600,1.30
2022-01-22T08:17:00+00:00,west,noaa-goes17,NIGHT,WINTER,CYEG,0,1.0000,1.0000,1.30
2022-08-12T20:01:00+00:00,west,noaa-goes17,DAY,SUMMER,CYEG,1,0.0000,0.0800,1.30
2021-08-01T18:12:00+00:00,west,noaa-goes17,DAY,SUMMER,CYEG,0,1.0000,1.0000,1.30
2020-03-14T03:06:00+00:00,west,noaa-goes17,NIGHT,SPRING,CYEG,0,1.0000,1.0000,1.30
2020-02-24T02:41:00+00:00,west,noaa-goes17,NIGHT,WINTER,CYEG,0,1.0000,1.0000,1.30
2020-05-27T15:17:00+00:00,west,noaa-goes17,DAY,SPRING,CYEG,0,1.0000,0.8400,1.30
2021-12-01T18:48:00+00:00,west,noaa-goes17,DAY,WINTER,CYEG,0,1.0000,1.0000,1.30
2023-11-12T04:11:00+00:00,west,noaa-goes18,NIGHT,AUTUMN,CYEG,0,1.0000,1.0000,1.30
2022-02-13T13:38:00+00:00,west,noaa-goes17,NIGHT,WINTER,CYEG,1,0.1111,0.2400,1.30
2020-03-05T12:10:00+00:00,west,noaa-goes17,NIGHT,SPRING,CYEG,0,1.0000,1.0000,1.30
2020-06-20T00:50:00+00:00,west,noaa-goes17,DAY,SUMMER,CYEG,1,0.2222,0.3200,1.30
2025-08-03T20:12:00+00:00,west,noaa-goes18,DAY,SUMMER,CYEG,0,1.0000,1.0000,1.30
2020-03-22T04:51:00+00:00,west,noaa-goes17,NIGHT,SPRING,CYEG,0,1.0000,0.8400,1.30
2022-12-07T05:57:00+00:00,west,noaa-goes17,NIGHT,WINTER,CYEG,0,1.0000,0.9600,1.30
2024-04-25T20:45:00+00:00,west,noaa-goes18,DAY,SPRING,CYEG,0,1.0000,1.0000,1.30
2024-09-30T04:16:00+00:00,west,noaa-goes18,NIGHT,AUTUMN,CYEG,0,1.0000,1.0000,1.30
2025-01-22T11:15:00+00:00,west,noaa-goes18,NIGHT,WINTER,CYEG,0,1.0000,0.9200,1.30
2025-04-07T23:40:00+00:00,west,noaa-goes18,DAY,SPRING,CYEG,0,1.0000,1.0000,1.30
2023-03-26T00:44:00+00:00,west,noaa-goes18,DAY,SPRING,CYEG,1,0.1111,0.2000,1.30
2023-08-30T15:56:00+00:00,west,noaa-goes18,DAY,SUMMER,CYEG,0,1.0000,1.0000,1.30
2021-01-11T20:48:00+00:00,west,noaa-goes17,DAY,WINTER,CYEG,0,1.0000,1.0000,1.30
2023-02-08T09:25:00+00:00,west,noaa-goes18,NIGHT,WINTER,CYEG,0,1.0000,1.0000,1.30
2025-07-24T08:03:00+00:00,west,noaa-goes18,NIGHT,SUMMER,CYEG,0,1.0000,0.9600,1.30
2024-04-07T17:57:00+00:00,west,noaa-goes18,DAY,SPRING,CYEG,0,1.0000,1.0000,1.30
2025-07-12T06:23:00+00:00,west,noaa-goes18,NIGHT,SUMMER,CYEG,0,1.0000,1.0000,1.30
2023-05-29T08:23:00+00:00,west,noaa-goes18,NIGHT,SPRING,CYEG,1,0.1111,0.0400,1.30
2022-06-15T08:21:00+00:00,west,noaa-goes17,NIGHT,SUMMER,CYEG,0,1.0000,1.0000,1.30
2020-09-25T08:24:00+00:00,west,noaa-goes17,NIGHT,AUTUMN,CYEG,1,0.0000,0.0000,1.30
2024-10-23T17:34:00+00:00,west,noaa-goes18,DAY,AUTUMN,CYEG,0,1.0000,1.0000,1.30
2025-10-06T06:42:00+00:00,west,noaa-goes18,NIGHT,AUTUMN,CYEG,0,1.0000,1.0000,1.30
2023-04-30T17:47:00+00:00,west,noaa-goes18,DAY,SPRING,CYEG,1,0.0000,0.2800,1.30
2022-07-25T21:59:00+00:00,west,noaa-goes17,DAY,SUMMER,CYEG,0,1.0000,1.0000,1.30
2024-10-23T20:10:00+00:00,west,noaa-goes18,DAY,AUTUMN,CYEG,0,1.0000,1.0000,1.30
2024-09-01T15:13:00+00:00,west,noaa-goes18,DAY,AUTUMN,CYEG,1,0.0000,0.0000,1.30
2024-11-13T12:53:00+00:00,west,noaa-goes18,NIGHT,AUTUMN,CYEG,0,1.0000,1.0000,1.30
2023-05-12T16:20:00+00:00,west,noaa-goes18,DAY,SPRING,CYEG,1,0.0000,0.0000,1.30
2022-09-11T04:01:00+00:00,west,noaa-goes17,NIGHT,AUTUMN,CYEG,1,0.0000,0.0000,1.30
2025-03-02T15:23:00+00:00,west,noaa-goes18,DAY,SPRING,CYEG,0,1.0000,1.0000,1.30
2025-09-11T19:18:00+00:00,west,noaa-goes18,DAY,AUTUMN,CYEG,1,0.0000,0.0000,1.30
2022-09-25T05:49:00+00:00,west,noaa-goes17,NIGHT,AUTUMN,CYEG,1,0.3333,0.3200,1.30
2024-07-31T19:35:00+00:00,west,noaa-goes18,DAY,SUMMER,CYEG,1,0.0000,0.0000,1.30
2022-06-13T21:53:00+00:00,west,noaa-goes17,DAY,SUMMER,CYEG,0,1.0000,1.0000,1.30
2024-10-29T19:44:00+00:00,west,noaa-goes18,DAY,AUTUMN,CYEG,1,0.0000,0.0000,1.30
2023-10-13T17:02:00+00:00,west,noaa-goes18,DAY,AUTUMN,CYEG,0,1.0000,1.0000,1.30
2020-05-10T19:11:00+00:00,west,noaa-goes17,DAY,SPRING,CYEG,0,1.0000,1.0000,1.30
2025-12-19T08:25:00+00:00,west,noaa-goes18,NIGHT,WINTER,CYEG,1,0.6667,0.5600,1.30
2025-03-13T05:46:00+00:00,west,noaa-goes18,NIGHT,SPRING,CYEG,0,1.0000,1.0000,1.30
2022-03-18T08:11:00+00:00,west,noaa-goes17,NIGHT,SPRING,CYEG,1,0.0000,0.0000,1.30
2022-03-14T18:02:00+00:00,west,noaa-goes17,DAY,SPRING,CYEG,0,1.0000,1.0000,1.30
2025-03-29T14:14:00+00:00,west,noaa-goes18,DAY,SPRING,CYEG,0,1.0000,1.0000,1.30
2023-07-13T08:40:00+00:00,west,noaa-goes18,NIGHT,SUMMER,CYEG,0,1.0000,1.0000,1.30
2023-11-15T21:40:00+00:00,west,noaa-goes18,DAY,AUTUMN,CYEG,0,1.0000,1.0000,1.30
2020-01-20T07:35:00+00:00,west,noaa-goes17,NIGHT,WINTER,CYEG,0,1.0000,1.0000,1.30
2023-12-09T03:22:00+00:00,west,noaa-goes18,NIGHT,WINTER,CYEG,1,0.0000,0.0000,1.30
2020-06-06T21:08:00+00:00,west,noaa-goes17,DAY,SUMMER,CYEG,0,1.0000,1.0000,1.30
2020-01-20T09:21:00+00:00,west,noaa-goes17,NIGHT,WINTER,CYEG,0,1.0000,1.0000,1.30
2020-04-04T21:11:00+00:00,west,noaa-goes17,DAY,SPRING,CYEG,1,0.2222,0.3200,1.30
2021-01-20T09:13:00+00:00,west,noaa-goes17,NIGHT,WINTER,CYEG,1,0.0000,0.0800,1.30
2023-11-07T07:56:00+00:00,west,noaa-goes18,NIGHT,AUTUMN,CYEG,0,1.0000,1.0000,1.30
2020-09-22T04:58:00+00:00,west,noaa-goes17,NIGHT,AUTUMN,CYEG,0,1.0000,1.0000,1.30
2025-03-15T19:16:00+00:00,west,noaa-goes18,DAY,SPRING,CYEG,0,1.0000,1.0000,1.30
2025-07-06T19:54:00+00:00,west,noaa-goes18,DAY,SUMMER,CYEG,0,1.0000,1.0000,1.30
2023-09-16T06:05:00+00:00,west,noaa-goes18,NIGHT,AUTUMN,CYEG,1,0.0000,0.0000,1.30
2021-02-15T03:09:00+00:00,west,noaa-goes17,NIGHT,WINTER,CYEG,1,0.0000,0.0400,1.30
2022-09-05T21:22:00+00:00,west,noaa-goes17,DAY,AUTUMN,CYEG,1,0.0000,0.0000,1.30
2021-11-14T12:22:00+00:00,west,noaa-goes17,NIGHT,AUTUMN,CYEG,0,1.0000,1.0000,1.30
2022-12-18T04:35:00+00:00,west,noaa-goes17,NIGHT,WINTER,CYEG,0,0.8889,0.8400,1.30
2024-11-13T21:24:00+00:00,west,noaa-goes18,DAY,AUTUMN,CYEG,0,1.0000,1.0000,1.30
2022-01-20T21:22:00+00:00,west,noaa-goes17,DAY,WINTER,CYEG,0,1.0000,1.0000,1.30
2021-03-30T22:03:00+00:00,west,noaa-goes17,DAY,SPRING,CYEG,0,1.0000,0.9600,1.30
2022-07-04T16:12:00+00:00,west,noaa-goes17,DAY,SUMMER,CYEG,0,1.0000,1.0000,1.30
2023-12-04T11:18:00+00:00,west,noaa-goes18,NIGHT,WINTER,CYEG,0,1.0000,1.0000,1.30
2023-11-02T02:16:00+00:00,west,noaa-goes18,NIGHT,AUTUMN,CYEG,0,1.0000,1.0000,1.30
2024-11-01T01:51:00+00:00,west,noaa-goes18,NIGHT,AUTUMN,CYEG,0,1.0000,1.0000,1.30
2020-11-27T18:14:00+00:00,west,noaa-goes17,DAY,AUTUMN,CYEG,0,0.5556,0.6400,1.30
2025-05-06T21:57:00+00:00,west,noaa-goes18,DAY,SPRING,CYEG,1,0.0000,0.0000,1.30
2024-01-04T10:48:00+00:00,west,noaa-goes18,NIGHT,WINTER,CYEG,1,0.0000,0.0000,1.30
2022-06-19T22:29:00+00:00,west,noaa-goes17,DAY,SUMMER,CYEG,0,0.8889,0.8400,1.30
2020-05-08T13:08:00+00:00,west,noaa-goes17,DAY,SPRING,CYEG,0,1.0000,1.0000,1.30
2025-04-25T05:34:00+00:00,west,noaa-goes18,NIGHT,SPRING,CYEG,1,0.1111,0.2000,1.30
2022-03-29T07:28:00+00:00,west,noaa-goes17,NIGHT,SPRING,CYEG,1,0.0000,0.0000,1.30
2022-10-21T12:06:00+00:00,west,noaa-goes17,NIGHT,AUTUMN,CYEG,0,1.0000,1.0000,1.30
2021-07-29T02:42:00+00:00,west,noaa-goes17,DAY,SUMMER,CYEG,1,0.0000,0.0000,1.30
2023-07-24T15:23:00+00:00,west,noaa-goes18,DAY,SUMMER,CYEG,1,0.0000,0.0000,1.30
2024-09-29T23:46:00+00:00,west,noaa-goes18,DAY,AUTUMN,CYEG,0,1.0000,1.0000,1.30
2021-11-14T13:16:00+00:00,west,noaa-goes17,NIGHT,AUTUMN,CYEG,0,1.0000,1.0000,1.30
2021-02-19T05:48:00+00:00,west,noaa-goes17,NIGHT,WINTER,CYEG,0,1.0000,1.0000,1.30
2022-11-20T16:07:00+00:00,west,noaa-goes17,DAY,AUTUMN,CYEG,1,0.0000,0.0000,1.30
2025-09-24T20:28:00+00:00,west,noaa-goes18,DAY,AUTUMN,CYEG,0,1.0000,1.0000,1.30
2020-08-30T13:36:00+00:00,west,noaa-goes17,DAY,SUMMER,CYEG,0,1.0000,1.0000,1.30
2024-11-02T07:01:00+00:00,west,noaa-goes18,NIGHT,AUTUMN,CYEG,0,1.0000,1.0000,1.30
2022-08-20T19:38:00+00:00,west,noaa-goes17,DAY,SUMMER,CYEG,0,1.0000,1.0000,1.30
2023-10-08T02:27:00+00:00,west,noaa-goes18,NIGHT,AUTUMN,CYEG,0,1.0000,1.0000,1.30
2025-07-16T01:19:00+00:00,west,noaa-goes18,DAY,SUMMER,CYEG,1,0.0000,0.0000,1.30
2023-09-13T23:39:00+00:00,west,noaa-goes18,DAY,AUTUMN,CYEG,0,1.0000,1.0000,1.30
2021-08-08T04:58:00+00:00,west,noaa-goes17,NIGHT,SUMMER,CYEG,0,1.0000,1.0000,1.30
2024-09-11T14:14:00+00:00,west,noaa-goes18,DAY,AUTUMN,CYEG,0,1.0000,1.0000,1.30
2021-02-13T05:48:00+00:00,west,noaa-goes17,NIGHT,WINTER,CYEG,1,0.0000,0.0000,1.30
2022-05-31T08:50:00+00:00,west,noaa-goes17,NIGHT,SPRING,CYEG,1,0.0000,0.0000,1.30
2022-07-27T16:58:00+00:00,west,noaa-goes17,DAY,SUMMER,CYEG,1,0.4444,0.2800,1.30
2025-12-13T01:19:00+00:00,west,noaa-goes18,NIGHT,WINTER,CYEG,0,1.0000,1.0000,1.30
2021-01-05T21:18:00+00:00,west,noaa-goes17,DAY,WINTER,CYEG,0,1.0000,1.0000,1.30
2024-02-21T19:52:00+00:00,west,noaa-goes18,DAY,WINTER,CYEG,0,1.0000,1.0000,1.30
2024-02-09T01:54:00+00:00,west,noaa-goes18,NIGHT,WINTER,CYEG,0,1.0000,1.0000,1.30
2021-08-15T17:11:00+00:00,west,noaa-goes17,DAY,SUMMER,CYEG,0,1.0000,1.0000,1.30
2022-11-11T04:30:00+00:00,west,noaa-goes17,NIGHT,AUTUMN,CYEG,1,0.0000,0.0000,1.30
2024-01-21T11:28:00+00:00,west,noaa-goes18,NIGHT,WINTER,CYEG,0,0.8889,0.8800,1.30
2024-03-30T14:11:00+00:00,west,noaa-goes18,DAY,SPRING,CYEG,1,0.0000,0.0000,1.30
2020-09-18T03:45:00+00:00,west,noaa-goes17,NIGHT,AUTUMN,CYEG,1,0.0000,0.0000,1.30
2023-09-18T09:37:00+00:00,west,noaa-goes18,NIGHT,AUTUMN,CYEG,0,1.0000,1.0000,1.30
2020-04-09T23:18:00+00:00,west,noaa-goes17,DAY,SPRING,CYEG,0,1.0000,1.0000,1.30
2022-11-25T06:57:00+00:00,west,noaa-goes17,NIGHT,AUTUMN,CYEG,1,0.0000,0.0800,1.30
2020-12-14T16:54:00+00:00,west,noaa-goes17,DAY,WINTER,CYEG,0,1.0000,1.0000,1.30
2022-04-11T20:19:00+00:00,west,noaa-goes17,DAY,SPRING,CYEG,0,0.8889,0.9200,1.30
2024-03-05T07:58:00+00:00,west,noaa-goes18,NIGHT,SPRING,CYEG,0,0.7778,0.6000,1.30
2020-12-12T01:43:00+00:00,west,noaa-goes17,NIGHT,WINTER,CYEG,0,0.5556,0.4400,1.30
2021-10-04T21:37:00+00:00,west,noaa-goes17,DAY,AUTUMN,CYEG,1,0.0000,0.0000,1.30
2025-06-04T15:07:00+00:00,west,noaa-goes18,DAY,SUMMER,CYEG,1,0.0000,0.0000,1.30
2021-03-15T10:01:00+00:00,west,noaa-goes17,NIGHT,SPRING,CYEG,0,1.0000,1.0000,1.30
2021-04-14T21:59:00+00:00,west,noaa-goes17,DAY,SPRING,CYEG,1,0.2222,0.3600,1.30
2025-03-30T19:08:00+00:00,west,noaa-goes18,DAY,SPRING,CYEG,0,1.0000,1.0000,1.30
2020-09-20T14:13:00+00:00,west,noaa-goes17,DAY,AUTUMN,CYEG,0,1.0000,1.0000,1.30
2021-10-24T16:07:00+00:00,west,noaa-goes17,DAY,AUTUMN,CYEG,1,0.5556,0.5600,1.30
2024-10-16T04:43:00+00:00,west,noaa-goes18,NIGHT,AUTUMN,CYEG,0,1.0000,1.0000,1.30
2025-08-24T15:14:00+00:00,west,noaa-goes18,DAY,SUMMER,CYEG,1,0.0000,0.0000,1.30
2021-09-29T05:06:00+00:00,west,noaa-goes17,NIGHT,AUTUMN,CYEG,0,0.6667,0.6400,1.30
2020-11-05T10:28:00+00:00,west,noaa-goes17,NIGHT,AUTUMN,CYEG,0,1.0000,1.0000,1.30
2022-06-11T21:29:00+00:00,west,noaa-goes17,DAY,SUMMER,CYEG,0,0.6667,0.4000,1.30
2025-10-05T21:28:00+00:00,west,noaa-goes18,DAY,AUTUMN,CYEG,1,0.2222,0.2400,1.30
2025-06-19T00:28:00+00:00,west,noaa-goes18,DAY,SUMMER,CYEG,0,0.8889,0.9600,1.30
2020-11-27T11:55:00+00:00,west,noaa-goes17,NIGHT,AUTUMN,CYEG,1,0.1111,0.2000,1.30
2023-01-27T10:03:00+00:00,west,noaa-goes18,NIGHT,WINTER,CYEG,0,1.0000,1.0000,1.30
2020-02-12T05:00:00+00:00,west,noaa-goes17,NIGHT,WINTER,CYEG,0,1.0000,1.0000,1.30
2021-06-20T20:24:00+00:00,west,noaa-goes17,DAY,SUMMER,CYEG,0,0.5556,0.5600,1.30
2025-11-02T07:35:00+00:00,west,noaa-goes18,NIGHT,AUTUMN,CYEG,0,1.0000,1.0000,1.30
2025-07-17T17:39:00+00:00,west,noaa-goes18,DAY,SUMMER,CYEG,1,0.0000,0.0400,1.30
2020-05-20T06:47:00+00:00,west,noaa-goes17,NIGHT,SPRING,CYEG,1,0.0000,0.0800,1.30
2023-06-22T20:22:00+00:00,west,noaa-goes18,DAY,SUMMER,CYEG,0,1.0000,0.9200,1.30
2020-08-14T05:38:00+00:00,west,noaa-goes17,NIGHT,SUMMER,CYEG,0,1.0000,1.0000,1.30
2023-07-19T16:25:00+00:00,west,noaa-goes18,DAY,SUMMER,CYEG,1,0.0000,0.0000,1.30
2025-01-27T12:03:00+00:00,west,noaa-goes18,NIGHT,WINTER,CYEG,0,1.0000,1.0000,1.30
2022-08-31T20:49:00+00:00,west,noaa-goes17,DAY,SUMMER,CYEG,1,0.0000,0.0000,1.30
2020-07-13T08:00:00+00:00,west,noaa-goes17,NIGHT,SUMMER,CYEG,0,1.0000,1.0000,1.30
2025-02-24T21:22:00+00:00,west,noaa-goes18,DAY,WINTER,CYEG,0,0.7778,0.7600,1.30
2023-05-03T20:04:00+00:00,west,noaa-goes18,DAY,SPRING,CYEG,0,1.0000,1.0000,1.30
2024-10-02T17:32:00+00:00,west,noaa-goes18,DAY,AUTUMN,CYEG,1,0.0000,0.0000,1.30
2022-09-24T17:42:00+00:00,west,noaa-goes17,DAY,AUTUMN,CYEG,1,0.0000,0.0000,1.30
2021-06-25T14:11:00+00:00,west,noaa-goes17,DAY,SUMMER,CYEG,1,0.0000,0.0000,1.30
2020-10-20T01:55:00+00:00,west,noaa-goes17,NIGHT,AUTUMN,CYEG,0,1.0000,1.0000,1.30
2022-09-28T08:24:00+00:00,west,noaa-goes17,NIGHT,AUTUMN,CYEG,1,0.6667,0.3600,1.30
2020-01-12T03:15:00+00:00,west,noaa-goes17,NIGHT,WINTER,CYEG,0,1.0000,1.0000,1.30
2021-11-23T11:50:00+00:00,west,noaa-goes17,NIGHT,AUTUMN,CYEG,0,1.0000,0.9600,1.30
2022-08-24T05:02:00+00:00,west,noaa-goes17,NIGHT,SUMMER,CYEG,0,1.0000,1.0000,1.30
2022-03-17T21:46:00+00:00,west,noaa-goes17,DAY,SPRING,CYEG,0,1.0000,1.0000,1.30
2020-11-10T21:24:00+00:00,west,noaa-goes17,DAY,AUTUMN,CYEG,0,1.0000,1.0000,1.30
2024-08-10T07:26:00+00:00,west,noaa-goes18,NIGHT,SUMMER,CYEG,1,0.0000,0.0000,1.30
2020-02-07T07:34:00+00:00,west,noaa-goes17,NIGHT,WINTER,CYEG,0,1.0000,1.0000,1.30
2020-12-18T20:44:00+00:00,west,noaa-goes17,DAY,WINTER,CYEG,0,1.0000,1.0000,1.30
2025-05-15T07:47:00+00:00,west,noaa-goes18,NIGHT,SPRING,CYEG,0,1.0000,1.0000,1.30
2024-04-07T19:00:00+00:00,west,noaa-goes18,DAY,SPRING,CYEG,0,1.0000,0.9200,1.30
2025-03-23T23:32:00+00:00,west,noaa-goes18,DAY,SPRING,CYEG,0,1.0000,1.0000,1.30
2023-06-08T20:31:00+00:00,west,noaa-goes18,DAY,SUMMER,CYEG,1,0.0000,0.0000,1.30
2024-10-20T15:11:00+00:00,west,noaa-goes18,DAY,AUTUMN,CYEG,0,1.0000,1.0000,1.30
2020-07-08T01:01:00+00:00,west,noaa-goes17,DAY,SUMMER,CYEG,0,1.0000,1.0000,1.30
2023-12-19T04:05:00+00:00,west,noaa-goes18,NIGHT,WINTER,CYEG,0,1.0000,1.0000,1.30
2024-11-11T07:17:00+00:00,west,noaa-goes18,NIGHT,AUTUMN,CYEG,0,1.0000,1.0000,1.30
2025-12-23T19:20:00+00:00,west,noaa-goes18,DAY,WINTER,CYEG,1,0.0000,0.0000,1.30
2021-03-02T05:13:00+00:00,west,noaa-goes17,NIGHT,SPRING,CYEG,0,1.0000,1.0000,1.30
2024-02-29T02:48:00+00:00,west,noaa-goes18,NIGHT,WINTER,CYEG,0,1.0000,1.0000,1.30
2021-03-27T18:48:00+00:00,west,noaa-goes17,DAY,SPRING,CYEG,0,1.0000,1.0000,1.30
2020-11-25T19:16:00+00:00,west,noaa-goes17,DAY,AUTUMN,CYEG,0,1.0000,0.9600,1.30
2024-01-28T13:38:00+00:00,west,noaa-goes18,NIGHT,WINTER,CYEG,0,1.0000,0.9200,1.30
2025-04-19T04:39:00+00:00,west,noaa-goes18,NIGHT,SPRING,CYEG,0,1.0000,1.0000,1.30
2025-08-03T02:15:00+00:00,west,noaa-goes18,DAY,SUMMER,CYEG,0,1.0000,1.0000,1.30
2021-04-21T22:48:00+00:00,west,noaa-goes17,DAY,SPRING,CYEG,0,1.0000,1.0000,1.30
2025-08-14T16:26:00+00:00,west,noaa-goes18,DAY,SUMMER,CYEG,1,0.4444,0.5600,1.30
2021-08-02T13:15:00+00:00,west,noaa-goes17,DAY,SUMMER,CYEG,0,1.0000,1.0000,1.30
2023-12-22T12:06:00+00:00,west,noaa-goes18,NIGHT,WINTER,CYEG,0,1.0000,0.9600,1.30
2021-07-04T23:25:00+00:00,west,noaa-goes17,DAY,SUMMER,CYEG,0,1.0000,1.0000,1.30
2024-04-12T14:34:00+00:00,west,noaa-goes18,DAY,SPRING,CYEG,1,0.0000,0.2400,1.30
2022-06-15T00:23:00+00:00,west,noaa-goes17,DAY,SUMMER,CYEG,0,1.0000,1.0000,1.30
2021-07-26T06:43:00+00:00,west,noaa-goes17,NIGHT,SUMMER,CYEG,0,1.0000,1.0000,1.30
2023-03-28T21:24:00+00:00,west,noaa-goes18,DAY,SPRING,CYEG,1,0.0000,0.0000,1.30
2020-10-08T09:19:00+00:00,west,noaa-goes17,NIGHT,AUTUMN,CYEG,0,1.0000,1.0000,1.30
2025-07-17T13:13:00+00:00,west,noaa-goes18,DAY,SUMMER,CYEG,1,0.4444,0.7200,1.30
2022-06-13T00:18:00+00:00,west,noaa-goes17,DAY,SUMMER,CYEG,0,1.0000,1.0000,1.30
2021-01-31T21:19:00+00:00,west,noaa-goes17,DAY,WINTER,CYEG,0,1.0000,1.0000,1.30
2021-12-14T20:42:00+00:00,west,noaa-goes17,DAY,WINTER,CYEG,0,1.0000,1.0000,1.30
2023-04-25T16:14:00+00:00,west,noaa-goes18,DAY,SPRING,CYEG,0,1.0000,1.0000,1.30
2021-04-06T19:25:00+00:00,west,noaa-goes17,DAY,SPRING,CYEG,0,1.0000,1.0000,1.30
2022-04-28T13:16:00+00:00,west,noaa-goes17,DAY,SPRING,CYEG,1,0.0000,0.0000,1.30
2025-05-16T00:53:00+00:00,west,noaa-goes18,DAY,SPRING,CYEG,0,0.4444,0.5600,1.30
2022-10-22T12:20:00+00:00,west,noaa-goes17,NIGHT,AUTUMN,CYEG,0,1.0000,1.0000,1.30
2024-03-24T17:36:00+00:00,west,noaa-goes18,DAY,SPRING,CYEG,1,0.0000,0.0400,1.30
2024-05-06T18:32:00+00:00,west,noaa-goes18,DAY,SPRING,CYEG,0,1.0000,1.0000,1.30
2025-06-01T00:13:00+00:00,west,noaa-goes18,DAY,SUMMER,CYEG,0,1.0000,1.0000,1.30
2024-03-25T17:35:00+00:00,west,noaa-goes18,DAY,SPRING,CYEG,1,0.1111,0.2400,1.30
2022-08-05T00:01:00+00:00,west,noaa-goes17,DAY,SUMMER,CYEG,0,1.0000,1.0000,1.30
2023-02-13T17:14:00+00:00,west,noaa-goes18,DAY,WINTER,CYEG,0,1.0000,1.0000,1.30
2025-06-15T21:38:00+00:00,west,noaa-goes18,DAY,SUMMER,CYEG,0,1.0000,1.0000,1.30
2022-07-22T12:46:00+00:00,west,noaa-goes17,DAY,SUMMER,CYEG,0,1.0000,1.0000,1.30
2022-07-18T22:53:00+00:00,west,noaa-goes17,DAY,SUMMER,CYEG,1,0.0000,0.0000,1.30
2020-11-18T11:36:00+00:00,west,noaa-goes17,NIGHT,AUTUMN,CYEG,0,1.0000,1.0000,1.30
2021-04-10T21:41:00+00:00,west,noaa-goes17,DAY,SPRING,CYEG,0,1.0000,1.0000,1.30
2022-07-02T08:04:00+00:00,west,noaa-goes17,NIGHT,SUMMER,CYEG,0,1.0000,1.0000,1.30
2020-06-27T08:03:00+00:00,west,noaa-goes17,NIGHT,SUMMER,CYEG,0,1.0000,1.0000,1.30
2024-03-24T23:59:00+00:00,west,noaa-goes18,DAY,SPRING,CYEG,0,1.0000,1.0000,1.30
2021-08-17T18:06:00+00:00,west,noaa-goes17,DAY,SUMMER,CYEG,0,0.8889,0.9200,1.30
2020-12-01T17:28:00+00:00,west,noaa-goes17,DAY,WINTER,CYEG,1,0.0000,0.0000,1.30
2021-11-28T04:32:00+00:00,west,noaa-goes17,NIGHT,AUTUMN,CYEG,0,1.0000,1.0000,1.30
2021-10-04T08:30:00+00:00,west,noaa-goes17,NIGHT,AUTUMN,CYEG,0,1.0000,1.0000,1.30
2021-05-23T16:12:00+00:00,west,noaa-goes17,DAY,SPRING,CYEG,0,1.0000,1.0000,1.30
2021-04-12T14:44:00+00:00,west,noaa-goes17,DAY,SPRING,CYEG,0,1.0000,1.0000,1.30
2024-06-28T20:03:00+00:00,west,noaa-goes18,DAY,SUMMER,CYEG,1,0.1111,0.2000,1.30
2025-11-02T20:16:00+00:00,west,noaa-goes18,DAY,AUTUMN,CYEG,1,0.0000,0.0400,1.30
2025-05-08T09:37:00+00:00,west,noaa-goes18,NIGHT,SPRING,CYEG,0,1.0000,1.0000,1.30
2025-01-12T19:38:00+00:00,west,noaa-goes18,DAY,WINTER,CYEG,1,0.0000,0.0000,1.30
2021-01-23T17:39:00+00:00,west,noaa-goes17,DAY,WINTER,CYEG,0,1.0000,1.0000,1.30
2025-12-29T21:06:00+00:00,west,noaa-goes18,DAY,WINTER,CYEG,0,1.0000,1.0000,1.30
2020-02-08T13:04:00+00:00,west,noaa-goes17,NIGHT,WINTER,CYEG,0,1.0000,1.0000,1.30
2025-07-10T06:40:00+00:00,west,noaa-goes18,NIGHT,SUMMER,CYEG,1,0.0000,0.0000,1.30
2023-07-07T13:55:00+00:00,west,noaa-goes18,DAY,SUMMER,CYEG,0,1.0000,0.9600,1.30
2022-09-23T03:26:00+00:00,west,noaa-goes17,NIGHT,AUTUMN,CYEG,1,0.0000,0.0000,1.30
2025-03-03T11:53:00+00:00,west,noaa-goes18,NIGHT,SPRING,CYEG,0,1.0000,1.0000,1.30
2023-06-03T19:26:00+00:00,west,noaa-goes18,DAY,SUMMER,CYEG,0,1.0000,1.0000,1.30
2022-06-11T15:58:00+00:00,west,noaa-goes17,DAY,SUMMER,CYEG,0,1.0000,1.0000,1.30
2022-05-15T16:54:00+00:00,west,noaa-goes17,DAY,SPRING,CYEG,0,1.0000,1.0000,1.30
2021-11-13T22:03:00+00:00,west,noaa-goes17,DAY,AUTUMN,CYEG,0,1.0000,0.8400,1.30
2024-10-10T15:22:00+00:00,west,noaa-goes18,DAY,AUTUMN,CYEG,1,0.0000,0.0000,1.30
2022-02-11T21:44:00+00:00,west,noaa-goes17,DAY,WINTER,CYEG,1,0.0000,0.0000,1.30
2021-12-04T03:24:00+00:00,west,noaa-goes17,NIGHT,WINTER,CYEG,1,0.0000,0.0400,1.30
2022-06-27T22:12:00+00:00,west,noaa-goes17,DAY,SUMMER,CYEG,0,1.0000,1.0000,1.30
2024-09-22T03:51:00+00:00,west,noaa-goes18,NIGHT,AUTUMN,CYEG,0,1.0000,1.0000,1.30
2025-11-28T10:17:00+00:00,west,noaa-goes18,NIGHT,AUTUMN,CYEG,0,1.0000,1.0000,1.30
2020-05-30T01:19:00+00:00,west,noaa-goes17,DAY,SPRING,CYEG,0,1.0000,1.0000,1.30
2021-10-31T19:22:00+00:00,west,noaa-goes17,DAY,AUTUMN,CYEG,1,0.0000,0.0000,1.30
2023-09-25T16:14:00+00:00,west,noaa-goes18,DAY,AUTUMN,CYEG,0,1.0000,1.0000,1.30
2023-10-31T22:26:00+00:00,west,noaa-goes18,DAY,AUTUMN,CYEG,0,1.0000,1.0000,1.30
2022-08-18T21:38:00+00:00,west,noaa-goes17,DAY,SUMMER,CYEG,1,0.0000,0.0000,1.30
2023-02-14T23:13:00+00:00,west,noaa-goes18,DAY,WINTER,CYEG,1,0.0000,0.0000,1.30
2021-09-23T04:58:00+00:00,west,noaa-goes17,NIGHT,AUTUMN,CYEG,1,0.2222,0.4000,1.30
2023-08-12T10:06:00+00:00,west,noaa-goes18,NIGHT,SUMMER,CYEG,0,1.0000,1.0000,1.30
2024-11-28T08:04:00+00:00,west,noaa-goes18,NIGHT,AUTUMN,CYEG,1,0.0000,0.0400,1.30
2022-01-24T10:35:00+00:00,west,noaa-goes17,NIGHT,WINTER,CYEG,0,1.0000,1.0000,1.30
2020-09-30T20:47:00+00:00,west,noaa-goes17,DAY,AUTUMN,CYEG,1,0.0000,0.0000,1.30
2022-11-06T15:55:00+00:00,west,noaa-goes17,DAY,AUTUMN,CYEG,0,1.0000,1.0000,1.30
2024-09-20T05:57:00+00:00,west,noaa-goes18,NIGHT,AUTUMN,CYEG,0,1.0000,1.0000,1.30
2021-03-11T22:11:00+00:00,west,noaa-goes17,DAY,SPRING,CYEG,0,1.0000,1.0000,1.30
2022-02-08T12:51:00+00:00,west,noaa-goes17,NIGHT,WINTER,CYEG,0,1.0000,1.0000,1.30
2024-06-06T07:36:00+00:00,west,noaa-goes18,NIGHT,SUMMER,CYEG,1,0.2222,0.2400,1.30
2022-12-05T11:16:00+00:00,west,noaa-goes17,NIGHT,WINTER,CYEG,1,0.1111,0.1600,1.30
2021-02-04T06:46:00+00:00,west,noaa-goes17,NIGHT,WINTER,CYEG,0,0.8889,0.7600,1.30
2021-01-19T10:24:00+00:00,west,noaa-goes17,NIGHT,WINTER,CYEG,0,1.0000,1.0000,1.30
2022-06-10T01:38:00+00:00,west,noaa-goes17,DAY,SUMMER,CYEG,0,1.0000,1.0000,1.30
2022-09-19T00:57:00+00:00,west,noaa-goes17,DAY,AUTUMN,CYEG,1,0.0000,0.0000,1.30
2025-11-05T21:47:00+00:00,west,noaa-goes18,DAY,AUTUMN,CYEG,0,1.0000,1.0000,1.30
2023-10-15T19:02:00+00:00,west,noaa-goes18,DAY,AUTUMN,CYEG,1,0.0000,0.0000,1.30
2024-10-21T22:42:00+00:00,west,noaa-goes18,DAY,AUTUMN,CYEG,0,1.0000,1.0000,1.30
2025-03-18T04:40:00+00:00,west,noaa-goes18,NIGHT,SPRING,CYEG,1,0.8889,0.9600,1.30
2023-02-10T23:02:00+00:00,west,noaa-goes18,DAY,WINTER,CYEG,0,1.0000,1.0000,1.30
2021-12-21T22:06:00+00:00,west,noaa-goes17,DAY,WINTER,CYEG,0,1.0000,1.0000,1.30
2025-03-02T15:40:00+00:00,west,noaa-goes18,DAY,SPRING,CYEG,0,1.0000,1.0000,1.30
2021-01-15T13:25:00+00:00,west,noaa-goes17,NIGHT,WINTER,CYEG,0,1.0000,1.0000,1.30
2025-04-11T06:59:00+00:00,west,noaa-goes18,NIGHT,SPRING,CYEG,1,0.0000,0.0000,1.30
2025-05-12T22:08:00+00:00,west,noaa-goes18,DAY,SPRING,CYEG,0,1.0000,1.0000,1.30
2021-05-10T15:42:00+00:00,west,noaa-goes17,DAY,SPRING,CYEG,1,0.0000,0.0000,1.30
2022-07-16T22:18:00+00:00,west,noaa-goes17,DAY,SUMMER,CYEG,0,1.0000,1.0000,1.30
2020-02-15T22:58:00+00:00,west,noaa-goes17,DAY,WINTER,CYEG,0,1.0000,1.0000,1.30
2022-01-08T09:08:00+00:00,west,noaa-goes17,NIGHT,WINTER,CYEG,1,0.2222,0.1200,1.30
2021-12-04T20:10:00+00:00,west,noaa-goes17,DAY,WINTER,CYEG,0,1.0000,1.0000,1.30
2023-01-12T03:44:00+00:00,west,noaa-goes18,NIGHT,WINTER,CYEG,0,1.0000,1.0000,1.30
2020-09-08T13:43:00+00:00,west,noaa-goes17,DAY,AUTUMN,CYEG,0,1.0000,1.0000,1.30
2022-10-03T05:46:00+00:00,west,noaa-goes17,NIGHT,AUTUMN,CYEG,0,1.0000,0.8400,1.30
2022-08-19T13:20:00+00:00,west,noaa-goes17,DAY,SUMMER,CYEG,0,1.0000,1.0000,1.30
2023-06-17T00:06:00+00:00,west,noaa-goes18,DAY,SUMMER,CYEG,0,1.0000,1.0000,1.30
2021-02-13T20:50:00+00:00,west,noaa-goes17,DAY,WINTER,CYEG,1,0.3333,0.4400,1.30
2021-11-19T09:48:00+00:00,west,noaa-goes17,NIGHT,AUTUMN,CYEG,1,0.1111,0.0400,1.30
2023-01-13T04:42:00+00:00,west,noaa-goes18,NIGHT,WINTER,CYEG,0,1.0000,1.0000,1.30
2020-05-06T05:44:00+00:00,west,noaa-goes17,NIGHT,SPRING,CYEG,0,1.0000,1.0000,1.30
2023-02-18T07:51:00+00:00,west,noaa-goes18,NIGHT,WINTER,CYEG,0,1.0000,1.0000,1.30
2023-06-14T14:26:00+00:00,west,noaa-goes18,DAY,SUMMER,CYEG,0,1.0000,1.0000,1.30
2021-01-07T03:42:00+00:00,west,noaa-goes17,NIGHT,WINTER,CYEG,1,0.0000,0.0000,1.30
2020-09-23T10:26:00+00:00,west,noaa-goes17,NIGHT,AUTUMN,CYEG,1,0.0000,0.0000,1.30
2023-03-13T03:19:00+00:00,west,noaa-goes18,NIGHT,SPRING,CYEG,1,0.0000,0.0000,1.30
2020-09-23T06:29:00+00:00,west,noaa-goes17,NIGHT,AUTUMN,CYEG,1,0.0000,0.0000,1.30
2020-08-16T16:58:00+00:00,west,noaa-goes17,DAY,SUMMER,CYEG,1,0.0000,0.0000,1.30
2022-01-03T12:55:00+00:00,west,noaa-goes17,NIGHT,WINTER,CYEG,0,1.0000,1.0000,1.30
2020-11-07T21:57:00+00:00,west,noaa-goes17,DAY,AUTUMN,CYEG,0,1.0000,1.0000,1.30
2022-03-28T10:24:00+00:00,west,noaa-goes17,NIGHT,SPRING,CYEG,0,1.0000,1.0000,1.30
2023-08-01T19:17:00+00:00,west,noaa-goes18,DAY,SUMMER,CYEG,1,0.0000,0.0000,1.30
2021-12-19T01:40:00+00:00,west,noaa-goes17,NIGHT,WINTER,CYEG,0,1.0000,1.0000,1.30
2021-12-15T07:30:00+00:00,west,noaa-goes17,NIGHT,WINTER,CYEG,1,0.0000,0.0000,1.30
2024-04-14T22:24:00+00:00,west,noaa-goes18,DAY,SPRING,CYEG,0,1.0000,1.0000,1.30
2024-11-07T18:42:00+00:00,west,noaa-goes18,DAY,AUTUMN,CYEG,1,0.2222,0.3200,1.30
2024-09-30T19:11:00+00:00,west,noaa-goes18,DAY,AUTUMN,CYEG,1,0.0000,0.0000,1.30
2021-11-18T18:22:00+00:00,west,noaa-goes17,DAY,AUTUMN,CYEG,0,1.0000,1.0000,1.30
2022-10-21T02:53:00+00:00,west,noaa-goes17,NIGHT,AUTUMN,CYEG,0,1.0000,1.0000,1.30
2020-09-24T20:52:00+00:00,west,noaa-goes17,DAY,AUTUMN,CYEG,0,0.6667,0.6800,1.30
2022-02-24T19:43:00+00:00,west,noaa-goes17,DAY,WINTER,CYEG,0,1.0000,1.0000,1.30
2020-03-07T19:50:00+00:00,west,noaa-goes17,DAY,SPRING,CYEG,0,1.0000,1.0000,1.30
2022-08-02T09:08:00+00:00,west,noaa-goes17,NIGHT,SUMMER,CYEG,0,1.0000,1.0000,1.30
2023-02-22T20:40:00+00:00,west,noaa-goes18,DAY,WINTER,CYEG,0,1.0000,1.0000,1.30
2023-05-13T21:33:00+00:00,west,noaa-goes18,DAY,SPRING,CYEG,1,0.0000,0.0000,1.30
2022-07-31T07:16:00+00:00,west,noaa-goes17,NIGHT,SUMMER,CYEG,1,0.0000,0.0000,1.30
2022-05-04T15:23:00+00:00,west,noaa-goes17,DAY,SPRING,CYEG,0,1.0000,1.0000,1.30
2021-02-23T23:33:00+00:00,west,noaa-goes17,DAY,WINTER,CYEG,0,1.0000,1.0000,1.30
2024-04-10T13:57:00+00:00,west,noaa-goes18,DAY,SPRING,CYEG,1,0.0000,0.0000,1.30
2024-01-22T09:11:00+00:00,west,noaa-goes18,NIGHT,WINTER,CYEG,0,0.8889,0.7200,1.30
2023-03-10T07:46:00+00:00,west,noaa-goes18,NIGHT,SPRING,CYEG,0,1.0000,1.0000,1.30
2021-12-24T12:39:00+00:00,west,noaa-goes17,NIGHT,WINTER,CYEG,1,0.0000,0.0000,1.30
2023-01-06T06:21:00+00:00,west,noaa-goes18,NIGHT,WINTER,CYEG,0,1.0000,1.0000,1.30
2023-11-23T05:48:00+00:00,west,noaa-goes18,NIGHT,AUTUMN,CYEG,0,1.0000,1.0000,1.30
2020-02-03T07:36:00+00:00,west,noaa-goes17,NIGHT,WINTER,CYEG,0,1.0000,1.0000,1.30
2024-09-24T09:20:00+00:00,west,noaa-goes18,NIGHT,AUTUMN,CYEG,1,0.0000,0.0000,1.30
2025-02-18T03:51:00+00:00,west,noaa-goes18,NIGHT,WINTER,CYEG,1,0.0000,0.0400,1.30
2023-10-25T08:08:00+00:00,west,noaa-goes18,NIGHT,AUTUMN,CYEG,1,0.0000,0.0000,1.30
2023-01-30T09:47:00+00:00,west,noaa-goes18,NIGHT,WINTER,CYEG,0,1.0000,1.0000,1.30
2020-12-02T02:01:00+00:00,west,noaa-goes17,NIGHT,WINTER,CYEG,1,0.3333,0.2800,1.30
2025-01-09T03:21:00+00:00,west,noaa-goes18,NIGHT,WINTER,CYEG,1,0.0000,0.0000,1.30
2024-01-08T13:27:00+00:00,west,noaa-goes18,NIGHT,WINTER,CYEG,1,0.4444,0.4800,1.30
2023-10-19T02:34:00+00:00,west,noaa-goes18,NIGHT,AUTUMN,CYEG,0,0.5556,0.7200,1.30
2021-01-27T12:31:00+00:00,west,noaa-goes17,NIGHT,WINTER,CYEG,1,0.1111,0.4400,1.30
2023-04-13T08:36:00+00:00,west,noaa-goes18,NIGHT,SPRING,CYEG,1,0.0000,0.0000,1.30
2022-01-10T06:18:00+00:00,west,noaa-goes17,NIGHT,WINTER,CYEG,0,1.0000,1.0000,1.30
2023-02-13T10:48:00+00:00,west,noaa-goes18,NIGHT,WINTER,CYEG,0,1.0000,1.0000,1.30
2022-12-18T05:50:00+00:00,west,noaa-goes17,NIGHT,WINTER,CYEG,0,1.0000,1.0000,1.30
2024-11-15T02:30:00+00:00,west,noaa-goes18,NIGHT,AUTUMN,CYEG,0,1.0000,1.0000,1.30
2021-11-18T10:51:00+00:00,west,noaa-goes17,NIGHT,AUTUMN,CYEG,0,1.0000,1.0000,1.30
2024-12-30T03:19:00+00:00,west,noaa-goes18,NIGHT,WINTER,CYEG,1,0.0000,0.0000,1.30
2021-12-07T12:55:00+00:00,west,noaa-goes17,NIGHT,WINTER,CYEG,0,1.0000,1.0000,1.30
2022-03-13T10:32:00+00:00,west,noaa-goes17,NIGHT,SPRING,CYEG,0,1.0000,1.0000,1.30
2023-12-07T07:01:00+00:00,west,noaa-goes18,NIGHT,WINTER,CYEG,0,1.0000,1.0000,1.30
2020-12-12T00:49:00+00:00,west,noaa-goes17,NIGHT,WINTER,CYEG,0,1.0000,0.8800,1.30
2020-11-21T04:28:00+00:00,west,noaa-goes17,NIGHT,AUTUMN,CYEG,0,1.0000,0.8800,1.30
2025-11-17T12:48:00+00:00,west,noaa-goes18,NIGHT,AUTUMN,CYEG,0,1.0000,1.0000,1.30
2024-08-26T04:03:00+00:00,west,noaa-goes18,NIGHT,SUMMER,CYEG,1,0.0000,0.0000,1.30
2022-06-02T08:19:00+00:00,west,noaa-goes17,NIGHT,SUMMER,CYEG,1,0.1111,0.1600,1.30
2023-02-26T06:40:00+00:00,west,noaa-goes18,NIGHT,WINTER,CYEG,0,0.6667,0.6000,1.30
2022-11-23T12:32:00+00:00,west,noaa-goes17,NIGHT,AUTUMN,CYEG,0,1.0000,0.7600,1.30
2022-09-28T07:06:00+00:00,west,noaa-goes17,NIGHT,AUTUMN,CYEG,1,0.5556,0.4000,1.30
2022-03-14T07:23:00+00:00,west,noaa-goes17,NIGHT,SPRING,CYEG,0,1.0000,1.0000,1.30
2025-01-02T09:17:00+00:00,west,noaa-goes18,NIGHT,WINTER,CYEG,0,1.0000,0.8400,1.30
2024-10-19T05:43:00+00:00,west,noaa-goes18,NIGHT,AUTUMN,CYEG,0,1.0000,0.9600,1.30
2024-08-20T04:24:00+00:00,west,noaa-goes18,NIGHT,SUMMER,CYEG,0,0.8889,0.8000,1.30
2022-09-07T09:53:00+00:00,west,noaa-goes17,NIGHT,AUTUMN,CYEG,1,0.0000,0.0000,1.30
2025-02-25T08:56:00+00:00,west,noaa-goes18,NIGHT,WINTER,CYEG,0,1.0000,0.8800,1.30
2025-04-30T09:01:00+00:00,west,noaa-goes18,NIGHT,SPRING,CYEG,0,1.0000,1.0000,1.30
2022-12-22T04:01:00+00:00,west,noaa-goes17,NIGHT,WINTER,CYEG,1,0.0000,0.0000,1.30
2023-12-23T02:19:00+00:00,west,noaa-goes18,NIGHT,WINTER,CYEG,0,1.0000,1.0000,1.30
2024-12-28T11:12:00+00:00,west,noaa-goes18,NIGHT,WINTER,CYEG,1,0.0000,0.0000,1.30
2023-11-07T07:33:00+00:00,west,noaa-goes18,NIGHT,AUTUMN,CYEG,0,1.0000,1.0000,1.30
2024-09-27T11:15:00+00:00,west,noaa-goes18,NIGHT,AUTUMN,CYEG,0,0.7778,0.7200,1.30
2023-11-01T05:58:00+00:00,west,noaa-goes18,NIGHT,AUTUMN,CYEG,0,0.8889,0.9200,1.30
2020-11-18T02:03:00+00:00,west,noaa-goes17,NIGHT,AUTUMN,CYEG,0,1.0000,1.0000,1.30
2022-10-02T09:37:00+00:00,west,noaa-goes17,NIGHT,AUTUMN,CYEG,1,0.0000,0.0000,1.30
2024-01-21T13:04:00+00:00,west,noaa-goes18,NIGHT,WINTER,CYEG,0,1.0000,0.7600,1.30
2025-01-08T08:25:00+00:00,west,noaa-goes18,NIGHT,WINTER,CYEG,0,1.0000,1.0000,1.30
2024-10-12T02:19:00+00:00,west,noaa-goes18,NIGHT,AUTUMN,CYEG,0,1.0000,1.0000,1.30
2024-10-07T02:32:00+00:00,west,noaa-goes18,NIGHT,AUTUMN,CYEG,1,0.0000,0.0000,1.30
2020-01-01T08:46:00+00:00,west,noaa-goes17,NIGHT,WINTER,CYEG,0,1.0000,1.0000,1.30
2020-10-04T08:45:00+00:00,west,noaa-goes17,NIGHT,AUTUMN,CYEG,0,1.0000,1.0000,1.30
2024-09-25T05:58:00+00:00,west,noaa-goes18,NIGHT,AUTUMN,CYEG,0,1.0000,0.9600,1.30
2025-01-21T07:13:00+00:00,west,noaa-goes18,NIGHT,WINTER,CYEG,0,1.0000,1.0000,1.30
2021-01-04T08:29:00+00:00,west,noaa-goes17,NIGHT,WINTER,CYEG,0,0.8889,0.7200,1.30
2025-08-11T10:10:00+00:00,west,noaa-goes18,NIGHT,SUMMER,CYEG,0,1.0000,1.0000,1.30
2022-12-11T09:06:00+00:00,west,noaa-goes17,NIGHT,WINTER,CYEG,0,1.0000,1.0000,1.30
2021-01-26T06:05:00+00:00,west,noaa-goes17,NIGHT,WINTER,CYEG,0,1.0000,0.9600,1.30
2020-02-05T04:22:00+00:00,west,noaa-goes17,NIGHT,WINTER,CYEG,0,1.0000,1.0000,1.30
2025-10-06T11:12:00+00:00,west,noaa-goes18,NIGHT,AUTUMN,CYEG,0,1.0000,0.8400,1.30
2022-12-31T13:49:00+00:00,west,noaa-goes17,NIGHT,WINTER,CYEG,1,0.0000,0.0000,1.30
2020-11-17T11:13:00+00:00,west,noaa-goes17,NIGHT,AUTUMN,CYEG,0,1.0000,1.0000,1.30
2023-09-04T10:56:00+00:00,west,noaa-goes18,NIGHT,AUTUMN,CYEG,0,1.0000,1.0000,1.30
2020-11-07T05:35:00+00:00,west,noaa-goes17,NIGHT,AUTUMN,CYEG,0,1.0000,1.0000,1.30
2024-03-16T10:23:00+00:00,west,noaa-goes18,NIGHT,SPRING,CYEG,0,1.0000,1.0000,1.30
2025-10-26T03:24:00+00:00,west,noaa-goes18,NIGHT,AUTUMN,CYEG,0,1.0000,1.0000,1.30
2025-03-02T11:48:00+00:00,west,noaa-goes18,NIGHT,SPRING,CYEG,0,1.0000,1.0000,1.30
2021-12-29T06:34:00+00:00,west,noaa-goes17,NIGHT,WINTER,CYEG,0,0.4444,0.5600,1.30
2022-11-23T12:12:00+00:00,west,noaa-goes17,NIGHT,AUTUMN,CYEG,0,1.0000,1.0000,1.30
2022-11-27T04:45:00+00:00,west,noaa-goes17,NIGHT,AUTUMN,CYEG,0,1.0000,1.0000,1.30
2021-12-09T09:58:00+00:00,west,noaa-goes17,NIGHT,WINTER,CYEG,0,1.0000,1.0000,1.30
2021-10-05T03:44:00+00:00,west,noaa-goes17,NIGHT,AUTUMN,CYEG,0,1.0000,1.0000,1.30
2021-02-20T05:04:00+00:00,west,noaa-goes17,NIGHT,WINTER,CYEG,0,1.0000,0.8800,1.30
2025-10-10T10:09:00+00:00,west,noaa-goes18,NIGHT,AUTUMN,CYEG,1,0.0000,0.0000,1.30
2025-04-18T06:18:00+00:00,west,noaa-goes18,NIGHT,SPRING,CYEG,0,1.0000,1.0000,1.30
2021-01-06T02:18:00+00:00,west,noaa-goes17,NIGHT,WINTER,CYEG,0,0.7778,0.6800,1.30
2022-10-18T02:21:00+00:00,west,noaa-goes17,NIGHT,AUTUMN,CYEG,1,0.5556,0.5600,1.30
2023-12-30T11:12:00+00:00,west,noaa-goes18,NIGHT,WINTER,CYEG,0,1.0000,1.0000,1.30
2025-12-22T02:42:00+00:00,west,noaa-goes18,NIGHT,WINTER,CYEG,1,0.5556,0.6800,1.30
2024-11-05T07:47:00+00:00,west,noaa-goes18,NIGHT,AUTUMN,CYEG,0,1.0000,1.0000,1.30
2021-02-06T04:26:00+00:00,west,noaa-goes17,NIGHT,WINTER,CYEG,1,0.0000,0.0000,1.30
2022-12-29T10:09:00+00:00,west,noaa-goes17,NIGHT,WINTER,CYEG,1,0.2222,0.1200,1.30
2024-04-11T04:01:00+00:00,west,noaa-goes18,NIGHT,SPRING,CYEG,0,0.6667,0.8000,1.30
2025-12-07T06:40:00+00:00,west,noaa-goes18,NIGHT,WINTER,CYEG,1,0.2222,0.4800,1.30
2020-02-15T11:36:00+00:00,west,noaa-goes17,NIGHT,WINTER,CYEG,1,0.5556,0.8000,1.30
2022-04-04T05:09:00+00:00,west,noaa-goes17,NIGHT,SPRING,CYEG,0,1.0000,1.0000,1.30
2025-03-12T08:35:00+00:00,west,noaa-goes18,NIGHT,SPRING,CYEG,0,1.0000,1.0000,1.30
2023-12-03T02:18:00+00:00,west,noaa-goes18,NIGHT,WINTER,CYEG,0,1.0000,1.0000,1.30
2023-10-02T05:57:00+00:00,west,noaa-goes18,NIGHT,AUTUMN,CYEG,1,0.0000,0.0000,1.30
2020-04-27T05:50:00+00:00,west,noaa-goes17,NIGHT,SPRING,CYEG,0,1.0000,1.0000,1.30
2022-01-15T08:00:00+00:00,west,noaa-goes17,NIGHT,WINTER,CYEG,0,1.0000,1.0000,1.30
2025-01-21T12:44:00+00:00,west,noaa-goes18,NIGHT,WINTER,CYEG,0,1.0000,1.0000,1.30
2023-10-29T01:45:00+00:00,west,noaa-goes18,NIGHT,AUTUMN,CYEG,0,1.0000,1.0000,1.30
2020-04-05T08:55:00+00:00,west,noaa-goes17,NIGHT,SPRING,CYEG,0,1.0000,1.0000,1.30
2025-08-30T10:27:00+00:00,west,noaa-goes18,NIGHT,SUMMER,CYEG,1,0.3333,0.2400,1.30
2023-12-22T13:51:00+00:00,west,noaa-goes18,NIGHT,WINTER,CYEG,0,1.0000,1.0000,1.30
2021-07-05T07:32:00+00:00,west,noaa-goes17,NIGHT,SUMMER,CYEG,0,1.0000,1.0000,1.30
2020-12-27T03:51:00+00:00,west,noaa-goes17,NIGHT,WINTER,CYEG,0,1.0000,1.0000,1.30
2020-02-07T08:30:00+00:00,west,noaa-goes17,NIGHT,WINTER,CYEG,0,1.0000,1.0000,1.30
2025-01-05T02:48:00+00:00,west,noaa-goes18,NIGHT,WINTER,CYEG,0,1.0000,0.9600,1.30
2020-03-04T06:32:00+00:00,west,noaa-goes17,NIGHT,SPRING,CYEG,0,1.0000,1.0000,1.30
2020-03-09T06:21:00+00:00,west,noaa-goes17,NIGHT,SPRING,CYEG,0,1.0000,1.0000,1.30
2023-04-02T09:04:00+00:00,west,noaa-goes18,NIGHT,SPRING,CYEG,0,1.0000,1.0000,1.30
2021-05-14T08:29:00+00:00,west,noaa-goes17,NIGHT,SPRING,CYEG,0,1.0000,1.0000,1.30
2025-04-26T06:40:00+00:00,west,noaa-goes18,NIGHT,SPRING,CYEG,0,1.0000,1.0000,1.30
2024-08-22T10:24:00+00:00,west,noaa-goes18,NIGHT,SUMMER,CYEG,0,1.0000,1.0000,1.30
2021-11-14T11:49:00+00:00,west,noaa-goes17,NIGHT,AUTUMN,CYEG,0,1.0000,1.0000,1.30
2020-01-07T03:33:00+00:00,west,noaa-goes17,NIGHT,WINTER,CYEG,0,1.0000,1.0000,1.30
2024-03-09T06:02:00+00:00,west,noaa-goes18,NIGHT,SPRING,CYEG,0,1.0000,1.0000,1.30
2024-06-23T08:20:00+00:00,west,noaa-goes18,NIGHT,SUMMER,CYEG,0,1.0000,1.0000,1.30
2025-04-29T10:09:00+00:00,west,noaa-goes18,NIGHT,SPRING,CYEG,0,1.0000,1.0000,1.30
2020-11-21T07:22:00+00:00,west,noaa-goes17,NIGHT,AUTUMN,CYEG,0,1.0000,1.0000,1.30
2025-06-24T08:34:00+00:00,west,noaa-goes18,NIGHT,SUMMER,CYEG,1,0.0000,0.0000,1.30
2025-02-16T08:05:00+00:00,west,noaa-goes18,NIGHT,WINTER,CYEG,1,0.0000,0.0000,1.30
2023-10-02T07:17:00+00:00,west,noaa-goes18,NIGHT,AUTUMN,CYEG,1,0.0000,0.0000,1.30
2024-10-14T07:59:00+00:00,west,noaa-goes18,NIGHT,AUTUMN,CYEG,0,1.0000,1.0000,1.30
2025-08-27T05:03:00+00:00,west,noaa-goes18,NIGHT,SUMMER,CYEG,1,0.0000,0.0400,1.30
2021-09-27T05:59:00+00:00,west,noaa-goes17,NIGHT,AUTUMN,CYEG,0,1.0000,1.0000,1.30
2023-02-24T04:08:00+00:00,west,noaa-goes18,NIGHT,WINTER,CYEG,1,0.5556,0.3600,1.30
2025-11-17T08:48:00+00:00,west,noaa-goes18,NIGHT,AUTUMN,CYEG,1,0.0000,0.0000,1.30
2025-10-30T08:27:00+00:00,west,noaa-goes18,NIGHT,AUTUMN,CYEG,0,0.7778,0.5200,1.30
2020-02-03T06:12:00+00:00,west,noaa-goes17,NIGHT,WINTER,CYEG,0,1.0000,1.0000,1.30
2022-09-18T11:50:00+00:00,west,noaa-goes17,NIGHT,AUTUMN,CYEG,1,0.5556,0.7600,1.30
2025-11-28T12:25:00+00:00,west,noaa-goes18,NIGHT,AUTUMN,CYEG,0,1.0000,1.0000,1.30
2023-11-17T10:16:00+00:00,west,noaa-goes18,NIGHT,AUTUMN,CYEG,0,1.0000,1.0000,1.30
2023-01-21T13:56:00+00:00,west,noaa-goes18,NIGHT,WINTER,CYEG,0,1.0000,1.0000,1.30
2020-03-05T11:15:00+00:00,west,noaa-goes17,NIGHT,SPRING,CYEG,0,1.0000,1.0000,1.30
2021-09-23T12:02:00+00:00,west,noaa-goes17,NIGHT,AUTUMN,CYEG,0,1.0000,1.0000,1.30
2020-09-14T03:38:00+00:00,west,noaa-goes17,NIGHT,AUTUMN,CYEG,0,1.0000,1.0000,1.30
2023-11-30T13:28:00+00:00,west,noaa-goes18,NIGHT,AUTUMN,CYEG,1,0.7778,0.7600,1.30
2024-01-03T10:46:00+00:00,west,noaa-goes18,NIGHT,WINTER,CYEG,0,1.0000,1.0000,1.30
2025-02-02T10:55:00+00:00,west,noaa-goes18,NIGHT,WINTER,CYEG,0,0.8889,0.9600,1.30
2020-12-31T05:24:00+00:00,west,noaa-goes17,NIGHT,WINTER,CYEG,0,1.0000,1.0000,1.30
2022-01-17T13:16:00+00:00,west,noaa-goes17,NIGHT,WINTER,CYEG,0,1.0000,1.0000,1.30
2025-09-28T08:18:00+00:00,west,noaa-goes18,NIGHT,AUTUMN,CYEG,0,1.0000,1.0000,1.30
2023-11-07T02:42:00+00:00,west,noaa-goes18,NIGHT,AUTUMN,CYEG,0,1.0000,1.0000,1.30
2024-03-14T11:04:00+00:00,west,noaa-goes18,NIGHT,SPRING,CYEG,1,0.1111,0.2400,1.30
2023-02-09T09:06:00+00:00,west,noaa-goes18,NIGHT,WINTER,CYEG,1,0.3333,0.3200,1.30
2025-05-03T08:28:00+00:00,west,noaa-goes18,NIGHT,SPRING,CYEG,1,0.0000,0.0400,1.30
2024-12-27T13:22:00+00:00,west,noaa-goes18,NIGHT,WINTER,CYEG,0,1.0000,1.0000,1.30
2024-04-02T10:37:00+00:00,west,noaa-goes18,NIGHT,SPRING,CYEG,0,0.8889,0.7200,1.30
2024-01-21T10:19:00+00:00,west,noaa-goes18,NIGHT,WINTER,CYEG,0,1.0000,1.0000,1.30
2023-06-07T07:49:00+00:00,west,noaa-goes18,NIGHT,SUMMER,CYEG,1,0.0000,0.0000,1.30
2022-09-14T09:55:00+00:00,west,noaa-goes17,NIGHT,AUTUMN,CYEG,0,0.5556,0.5200,1.30
2021-04-06T11:13:00+00:00,west,noaa-goes17,NIGHT,SPRING,CYEG,0,1.0000,1.0000,1.30
2022-07-25T09:39:00+00:00,west,noaa-goes17,NIGHT,SUMMER,CYEG,0,1.0000,1.0000,1.30
2022-12-12T07:42:00+00:00,west,noaa-goes17,NIGHT,WINTER,CYEG,1,0.0000,0.0800,1.30
2023-12-14T11:29:00+00:00,west,noaa-goes18,NIGHT,WINTER,CYEG,0,1.0000,1.0000,1.30
2025-08-11T10:25:00+00:00,west,noaa-goes18,NIGHT,SUMMER,CYEG,0,0.6667,0.7600,1.30
2022-11-08T03:14:00+00:00,west,noaa-goes17,NIGHT,AUTUMN,CYEG,0,1.0000,1.0000,1.30
2023-11-04T08:41:00+00:00,west,noaa-goes18,NIGHT,AUTUMN,CYEG,0,1.0000,1.0000,1.30
2024-03-07T11:35:00+00:00,west,noaa-goes18,NIGHT,SPRING,CYEG,1,0.0000,0.0000,1.30
2021-11-17T07:13:00+00:00,west,noaa-goes17,NIGHT,AUTUMN,CYEG,0,1.0000,1.0000,1.30
2021-01-28T08:46:00+00:00,west,noaa-goes17,NIGHT,WINTER,CYEG,0,0.8889,0.7600,1.30
2022-10-02T09:07:00+00:00,west,noaa-goes17,NIGHT,AUTUMN,CYEG,1,0.0000,0.0000,1.30
2022-05-28T08:49:00+00:00,west,noaa-goes17,NIGHT,SPRING,CYEG,0,1.0000,1.0000,1.30
2020-12-15T06:14:00+00:00,west,noaa-goes17,NIGHT,WINTER,CYEG,0,0.8889,0.9600,1.30
2023-11-15T03:48:00+00:00,west,noaa-goes18,NIGHT,AUTUMN,CYEG,0,0.6667,0.6400,1.30
2024-11-05T12:54:00+00:00,west,noaa-goes18,NIGHT,AUTUMN,CYEG,0,1.0000,1.0000,1.30
2024-11-24T11:35:00+00:00,west,noaa-goes18,NIGHT,AUTUMN,CYEG,0,1.0000,1.0000,1.30
2023-11-04T05:42:00+00:00,west,noaa-goes18,NIGHT,AUTUMN,CYEG,0,1.0000,1.0000,1.30
2024-08-27T07:57:00+00:00,west,noaa-goes18,NIGHT,SUMMER,CYEG,0,1.0000,1.0000,1.30
2020-10-06T04:56:00+00:00,west,noaa-goes17,NIGHT,AUTUMN,CYEG,0,1.0000,1.0000,1.30
2020-12-28T04:43:00+00:00,west,noaa-goes17,NIGHT,WINTER,CYEG,0,0.7778,0.7200,1.30
2021-06-10T06:50:00+00:00,west,noaa-goes17,NIGHT,SUMMER,CYEG,1,0.0000,0.0800,1.30
2021-11-11T02:16:00+00:00,west,noaa-goes17,NIGHT,AUTUMN,CYEG,0,1.0000,0.8400,1.30
2021-11-12T10:55:00+00:00,west,noaa-goes17,NIGHT,AUTUMN,CYEG,0,1.0000,1.0000,1.30
2021-10-13T12:05:00+00:00,west,noaa-goes17,NIGHT,AUTUMN,CYEG,1,0.0000,0.2000,1.30
2023-01-22T12:58:00+00:00,west,noaa-goes18,NIGHT,WINTER,CYEG,0,1.0000,1.0000,1.30
2022-01-10T11:43:00+00:00,west,noaa-goes17,NIGHT,WINTER,CYEG,0,1.0000,1.0000,1.30
2023-07-22T08:18:00+00:00,west,noaa-goes18,NIGHT,SUMMER,CYEG,0,1.0000,1.0000,1.30
2020-11-08T03:33:00+00:00,west,noaa-goes17,NIGHT,AUTUMN,CYEG,0,1.0000,1.0000,1.30
2023-11-04T02:13:00+00:00,west,noaa-goes18,NIGHT,AUTUMN,CYEG,0,0.8889,0.8400,1.30
2023-10-16T04:03:00+00:00,west,noaa-goes18,NIGHT,AUTUMN,CYEG,0,1.0000,1.0000,1.30
2022-12-01T12:42:00+00:00,west,noaa-goes17,NIGHT,WINTER,CYEG,1,0.3333,0.2800,1.30
2020-11-01T08:42:00+00:00,west,noaa-goes17,NIGHT,AUTUMN,CYEG,0,1.0000,1.0000,1.30
2022-09-22T10:17:00+00:00,west,noaa-goes17,NIGHT,AUTUMN,CYEG,1,0.0000,0.0000,1.30
2022-01-29T03:31:00+00:00,west,noaa-goes17,NIGHT,WINTER,CYEG,0,1.0000,1.0000,1.30
2021-10-24T12:54:00+00:00,west,noaa-goes17,NIGHT,AUTUMN,CYEG,0,1.0000,1.0000,1.30
2024-06-28T08:39:00+00:00,west,noaa-goes18,NIGHT,SUMMER,CYEG,0,1.0000,1.0000,1.30
2020-12-07T12:02:00+00:00,west,noaa-goes17,NIGHT,WINTER,CYEG,0,0.7778,0.8000,1.30
2022-07-28T09:08:00+00:00,west,noaa-goes17,NIGHT,SUMMER,CYEG,1,0.0000,0.0000,1.30
2023-02-09T05:07:00+00:00,west,noaa-goes18,NIGHT,WINTER,CYEG,1,0.0000,0.0000,1.30
2023-09-22T07:04:00+00:00,west,noaa-goes18,NIGHT,AUTUMN,CYEG,1,0.0000,0.0000,1.30
2023-10-28T05:25:00+00:00,west,noaa-goes18,NIGHT,AUTUMN,CYEG,0,0.5556,0.4800,1.30
2020-01-15T04:11:00+00:00,west,noaa-goes17,NIGHT,WINTER,CYEG,1,0.0000,0.0000,1.30
2022-03-26T11:34:00+00:00,west,noaa-goes17,NIGHT,SPRING,CYEG,0,1.0000,1.0000,1.30
2023-05-05T06:43:00+00:00,west,noaa-goes18,NIGHT,SPRING,CYEG,1,0.0000,0.0000,1.30
2022-11-05T12:36:00+00:00,west,noaa-goes17,NIGHT,AUTUMN,CYEG,0,1.0000,1.0000,1.30
2023-11-14T03:01:00+00:00,west,noaa-goes18,NIGHT,AUTUMN,CYEG,0,1.0000,1.0000,1.30
2020-12-28T04:58:00+00:00,west,noaa-goes17,NIGHT,WINTER,CYEG,0,1.0000,0.7200,1.30
2022-09-28T06:05:00+00:00,west,noaa-goes17,NIGHT,AUTUMN,CYEG,1,0.2222,0.1600,1.30
2023-09-15T11:32:00+00:00,west,noaa-goes18,NIGHT,AUTUMN,CYEG,0,1.0000,1.0000,1.30
2020-02-18T07:21:00+00:00,west,noaa-goes17,NIGHT,WINTER,CYEG,1,0.0000,0.0000,1.30
2025-02-01T03:31:00+00:00,west,noaa-goes18,NIGHT,WINTER,CYEG,0,1.0000,1.0000,1.30
2020-10-28T04:16:00+00:00,west,noaa-goes17,NIGHT,AUTUMN,CYEG,0,1.0000,1.0000,1.30
2021-01-16T12:16:00+00:00,west,noaa-goes17,NIGHT,WINTER,CYEG,1,0.0000,0.0400,1.30
2023-08-06T06:15:00+00:00,west,noaa-goes18,NIGHT,SUMMER,CYEG,1,0.0000,0.0000,1.30
2025-01-09T12:35:00+00:00,west,noaa-goes18,NIGHT,WINTER,CYEG,1,0.0000,0.0000,1.30
2022-11-26T03:48:00+00:00,west,noaa-goes17,NIGHT,AUTUMN,CYEG,1,0.0000,0.3200,1.30
2025-01-31T12:29:00+00:00,west,noaa-goes18,NIGHT,WINTER,CYEG,0,1.0000,1.0000,1.30
2023-02-20T07:19:00+00:00,west,noaa-goes18,NIGHT,WINTER,CYEG,0,1.0000,1.0000,1.30
2025-04-19T07:02:00+00:00,west,noaa-goes18,NIGHT,SPRING,CYEG,0,1.0000,1.0000,1.30
2022-07-21T07:11:00+00:00,west,noaa-goes17,NIGHT,SUMMER,CYEG,1,0.0000,0.0000,1.30
2025-01-22T10:58:00+00:00,west,noaa-goes18,NIGHT,WINTER,CYEG,0,1.0000,0.8800,1.30
2025-08-09T08:55:00+00:00,west,noaa-goes18,NIGHT,SUMMER,CYEG,0,1.0000,1.0000,1.30
2023-10-25T03:49:00+00:00,west,noaa-goes18,NIGHT,AUTUMN,CYEG,1,0.3333,0.4800,1.30
2020-01-02T09:34:00+00:00,west,noaa-goes17,NIGHT,WINTER,CYEG,0,1.0000,1.0000,1.30
2021-01-14T11:24:00+00:00,west,noaa-goes17,NIGHT,WINTER,CYEG,1,0.1111,0.0800,1.30
2020-03-21T10:54:00+00:00,west,noaa-goes17,NIGHT,SPRING,CYEG,0,1.0000,0.8400,1.30
2023-03-31T05:30:00+00:00,west,noaa-goes18,NIGHT,SPRING,CYEG,1,0.0000,0.0000,1.30
2025-01-15T11:18:00+00:00,west,noaa-goes18,NIGHT,WINTER,CYEG,1,0.0000,0.0000,1.30
2023-12-09T13:21:00+00:00,west,noaa-goes18,NIGHT,WINTER,CYEG,1,0.0000,0.0000,1.30
2025-03-04T04:32:00+00:00,west,noaa-goes18,NIGHT,SPRING,CYEG,1,0.3333,0.4000,1.30
2025-02-10T04:10:00+00:00,west,noaa-goes18,NIGHT,WINTER,CYEG,1,0.4444,0.4400,1.30
2023-10-15T08:43:00+00:00,west,noaa-goes18,NIGHT,AUTUMN,CYEG,0,1.0000,1.0000,1.30
2025-12-04T11:47:00+00:00,west,noaa-goes18,NIGHT,WINTER,CYEG,0,1.0000,1.0000,1.30
2024-11-12T12:46:00+00:00,west,noaa-goes18,NIGHT,AUTUMN,CYEG,1,0.0000,0.0800,1.30
2025-10-28T04:59:00+00:00,west,noaa-goes18,NIGHT,AUTUMN,CYEG,0,1.0000,1.0000,1.30
2024-12-23T02:42:00+00:00,west,noaa-goes18,NIGHT,WINTER,CYEG,1,0.0000,0.0000,1.30
2020-12-15T01:28:00+00:00,west,noaa-goes17,NIGHT,WINTER,CYEG,1,0.0000,0.2000,1.30
2024-09-14T05:11:00+00:00,west,noaa-goes18,NIGHT,AUTUMN,CYEG,0,1.0000,1.0000,1.30
2021-11-18T09:12:00+00:00,west,noaa-goes17,NIGHT,AUTUMN,CYEG,0,1.0000,1.0000,1.30
2022-07-30T08:17:00+00:00,west,noaa-goes17,NIGHT,SUMMER,CYEG,0,1.0000,1.0000,1.30
2020-01-10T12:39:00+00:00,west,noaa-goes17,NIGHT,WINTER,CYEG,1,0.3333,0.5600,1.30
2021-01-05T04:32:00+00:00,west,noaa-goes17,NIGHT,WINTER,CYEG,0,1.0000,1.0000,1.30
2023-11-08T07:30:00+00:00,west,noaa-goes18,NIGHT,AUTUMN,CYEG,0,1.0000,1.0000,1.30
2024-04-15T08:16:00+00:00,west,noaa-goes18,NIGHT,SPRING,CYEG,0,1.0000,1.0000,1.30
2023-10-27T07:06:00+00:00,west,noaa-goes18,NIGHT,AUTUMN,CYEG,0,1.0000,1.0000,1.30
2021-11-13T11:22:00+00:00,west,noaa-goes17,NIGHT,AUTUMN,CYEG,0,1.0000,1.0000,1.30
2020-01-27T10:15:00+00:00,west,noaa-goes17,NIGHT,WINTER,CYEG,1,0.0000,0.0000,1.30
2024-12-23T13:48:00+00:00,west,noaa-goes18,NIGHT,WINTER,CYEG,1,0.2222,0.3600,1.30
2020-06-21T07:46:00+00:00,west,noaa-goes17,NIGHT,SUMMER,CYEG,0,1.0000,1.0000,1.30
2022-10-17T02:58:00+00:00,west,noaa-goes17,NIGHT,AUTUMN,CYEG,1,0.2222,0.4000,1.30
2024-08-25T06:37:00+00:00,west,noaa-goes18,NIGHT,SUMMER,CYEG,0,1.0000,1.0000,1.30
2020-11-08T08:51:00+00:00,west,noaa-goes17,NIGHT,AUTUMN,CYEG,0,1.0000,0.6400,1.30
2021-10-07T09:36:00+00:00,west,noaa-goes17,NIGHT,AUTUMN,CYEG,1,0.0000,0.0000,1.30
2024-01-23T13:11:00+00:00,west,noaa-goes18,NIGHT,WINTER,CYEG,1,0.0000,0.0800,1.30
2024-05-25T09:19:00+00:00,west,noaa-goes18,NIGHT,SPRING,CYEG,0,1.0000,0.9600,1.30
2020-11-20T04:01:00+00:00,west,noaa-goes17,NIGHT,AUTUMN,CYEG,0,1.0000,1.0000,1.30
2020-01-15T02:46:00+00:00,west,noaa-goes17,NIGHT,WINTER,CYEG,1,0.0000,0.0000,1.30
2024-02-10T08:04:00+00:00,west,noaa-goes18,NIGHT,WINTER,CYEG,1,0.0000,0.0000,1.30
2023-01-07T12:26:00+00:00,west,noaa-goes18,NIGHT,WINTER,CYEG,1,0.0000,0.0000,1.30
2020-03-14T03:22:00+00:00,west,noaa-goes17,NIGHT,SPRING,CYEG,0,1.0000,1.0000,1.30
2021-12-01T12:43:00+00:00,west,noaa-goes17,NIGHT,WINTER,CYEG,0,1.0000,1.0000,1.30
2025-01-06T08:17:00+00:00,west,noaa-goes18,NIGHT,WINTER,CYEG,0,1.0000,0.9600,1.30
2021-11-30T01:14:00+00:00,west,noaa-goes17,NIGHT,AUTUMN,CYEG,0,1.0000,1.0000,1.30
2025-12-29T10:18:00+00:00,west,noaa-goes18,NIGHT,WINTER,CYEG,0,1.0000,1.0000,1.30
2021-08-03T07:44:00+00:00,west,noaa-goes17,NIGHT,SUMMER,CYEG,0,1.0000,1.0000,1.30
2020-02-12T13:03:00+00:00,west,noaa-goes17,NIGHT,WINTER,CYEG,0,1.0000,1.0000,1.30
2020-12-26T08:21:00+00:00,west,noaa-goes17,NIGHT,WINTER,CYEG,1,0.0000,0.2800,1.30
2025-12-17T10:32:00+00:00,west,noaa-goes18,NIGHT,WINTER,CYEG,0,1.0000,1.0000,1.30
2024-02-03T01:46:00+00:00,west,noaa-goes18,NIGHT,WINTER,CYEG,1,0.0000,0.0000,1.30
2023-12-06T02:36:00+00:00,west,noaa-goes18,NIGHT,WINTER,CYEG,0,1.0000,1.0000,1.30
2023-12-16T04:15:00+00:00,west,noaa-goes18,NIGHT,WINTER,CYEG,0,1.0000,1.0000,1.30
2024-03-03T10:51:00+00:00,west,noaa-goes18,NIGHT,SPRING,CYEG,0,1.0000,1.0000,1.30
2024-12-22T02:18:00+00:00,west,noaa-goes18,NIGHT,WINTER,CYEG,0,1.0000,0.9200,1.30
2025-03-26T10:53:00+00:00,west,noaa-goes18,NIGHT,SPRING,CYEG,0,1.0000,1.0000,1.30
2025-02-25T09:44:00+00:00,west,noaa-goes18,NIGHT,WINTER,CYEG,0,1.0000,1.0000,1.30
2021-03-29T09:58:00+00:00,west,noaa-goes17,NIGHT,SPRING,CYEG,0,1.0000,1.0000,1.30
2022-01-21T09:35:00+00:00,west,noaa-goes17,NIGHT,WINTER,CYEG,0,1.0000,1.0000,1.30
2025-03-30T07:37:00+00:00,west,noaa-goes18,NIGHT,SPRING,CYEG,0,0.8889,0.6400,1.30
2024-08-14T05:24:00+00:00,west,noaa-goes18,NIGHT,SUMMER,CYEG,1,0.1111,0.1600,1.30
2021-12-29T09:41:00+00:00,west,noaa-goes17,NIGHT,WINTER,CYEG,1,0.0000,0.0800,1.30
2022-11-22T09:12:00+00:00,west,noaa-goes17,NIGHT,AUTUMN,CYEG,0,1.0000,1.0000,1.30
2023-06-06T06:40:00+00:00,west,noaa-goes18,NIGHT,SUMMER,CYEG,0,0.5556,0.5600,1.30
2023-11-04T09:39:00+00:00,west,noaa-goes18,NIGHT,AUTUMN,CYEG,0,1.0000,1.0000,1.30
2024-03-21T11:30:00+00:00,west,noaa-goes18,NIGHT,SPRING,CYEG,0,1.0000,1.0000,1.30
2021-03-27T10:57:00+00:00,west,noaa-goes17,NIGHT,SPRING,CYEG,0,1.0000,1.0000,1.30
2023-06-13T07:57:00+00:00,west,noaa-goes18,NIGHT,SUMMER,CYEG,0,1.0000,1.0000,1.30
2020-07-11T07:17:00+00:00,west,noaa-goes17,NIGHT,SUMMER,CYEG,1,0.0000,0.0000,1.30
2023-03-25T05:25:00+00:00,west,noaa-goes18,NIGHT,SPRING,CYEG,1,0.0000,0.0800,1.30
2020-05-15T07:26:00+00:00,west,noaa-goes17,NIGHT,SPRING,CYEG,0,1.0000,1.0000,1.30
2023-09-22T04:29:00+00:00,west,noaa-goes18,NIGHT,AUTUMN,CYEG,1,0.0000,0.0000,1.30
2022-09-17T03:45:00+00:00,west,noaa-goes17,NIGHT,AUTUMN,CYEG,1,0.4444,0.6000,1.30
2022-01-16T12:19:00+00:00,west,noaa-goes17,NIGHT,WINTER,CYEG,0,1.0000,1.0000,1.30
2020-09-26T08:31:00+00:00,west,noaa-goes17,NIGHT,AUTUMN,CYEG,0,1.0000,1.0000,1.30
2025-01-10T09:10:00+00:00,west,noaa-goes18,NIGHT,WINTER,CYEG,0,1.0000,1.0000,1.30
2021-11-22T05:27:00+00:00,west,noaa-goes17,NIGHT,AUTUMN,CYEG,0,1.0000,1.0000,1.30
2022-04-10T04:38:00+00:00,west,noaa-goes17,NIGHT,SPRING,CYEG,0,0.8889,0.9600,1.30
2025-01-30T13:04:00+00:00,west,noaa-goes18,NIGHT,WINTER,CYEG,0,1.0000,1.0000,1.30
2023-08-23T10:16:00+00:00,west,noaa-goes18,NIGHT,SUMMER,CYEG,0,1.0000,1.0000,1.30
2023-03-09T05:41:00+00:00,west,noaa-goes18,NIGHT,SPRING,CYEG,0,1.0000,1.0000,1.30
2022-10-15T03:25:00+00:00,west,noaa-goes17,NIGHT,AUTUMN,CYEG,1,0.0000,0.0400,1.30
2024-12-19T11:51:00+00:00,west,noaa-goes18,NIGHT,WINTER,CYEG,1,0.5556,0.6800,1.30
2022-03-15T09:14:00+00:00,west,noaa-goes17,NIGHT,SPRING,CYEG,0,1.0000,1.0000,1.30
2023-02-09T10:54:00+00:00,west,noaa-goes18,NIGHT,WINTER,CYEG,1,0.0000,0.0800,1.30
2022-03-22T07:52:00+00:00,west,noaa-goes17,NIGHT,SPRING,CYEG,1,0.0000,0.0000,1.30
2025-09-23T03:57:00+00:00,west,noaa-goes18,NIGHT,AUTUMN,CYEG,1,0.0000,0.0000,1.30
2022-06-25T07:01:00+00:00,west,noaa-goes17,NIGHT,SUMMER,CYEG,0,0.5556,0.5200,1.30
2025-05-25T07:17:00+00:00,west,noaa-goes18,NIGHT,SPRING,CYEG,0,1.0000,1.0000,1.30
2023-10-26T07:40:00+00:00,west,noaa-goes18,NIGHT,AUTUMN,CYEG,0,1.0000,1.0000,1.30
2021-02-19T05:09:00+00:00,west,noaa-goes17,NIGHT,WINTER,CYEG,0,1.0000,1.0000,1.30
2024-03-13T06:45:00+00:00,west,noaa-goes18,NIGHT,SPRING,CYEG,1,0.0000,0.0000,1.30
2025-02-21T05:03:00+00:00,west,noaa-goes18,NIGHT,WINTER,CYEG,0,1.0000,1.0000,1.30
2022-09-17T07:22:00+00:00,west,noaa-goes17,NIGHT,AUTUMN,CYEG,1,0.2222,0.3600,1.30
2020-10-24T12:03:00+00:00,west,noaa-goes17,NIGHT,AUTUMN,CYEG,0,1.0000,0.6800,1.30
2021-05-29T07:52:00+00:00,west,noaa-goes17,NIGHT,SPRING,CYEG,0,1.0000,0.9200,1.30
2021-01-02T11:22:00+00:00,west,noaa-goes17,NIGHT,WINTER,CYEG,0,1.0000,1.0000,1.30
2020-08-02T08:09:00+00:00,west,noaa-goes17,NIGHT,SUMMER,CYEG,0,1.0000,1.0000,1.30
2021-10-02T11:52:00+00:00,west,noaa-goes17,NIGHT,AUTUMN,CYEG,1,0.0000,0.0400,1.30
2023-08-06T07:32:00+00:00,west,noaa-goes18,NIGHT,SUMMER,CYEG,1,0.0000,0.0000,1.30
2025-10-18T02:37:00+00:00,west,noaa-goes18,NIGHT,AUTUMN,CYEG,0,1.0000,1.0000,1.30
2021-01-08T07:52:00+00:00,west,noaa-goes17,NIGHT,WINTER,CYEG,0,0.8889,0.6400,1.30
2022-08-02T05:32:00+00:00,west,noaa-goes17,NIGHT,SUMMER,CYEG,0,1.0000,1.0000,1.30
2021-06-22T08:26:00+00:00,west,noaa-goes17,NIGHT,SUMMER,CYEG,0,1.0000,1.0000,1.30
2024-10-29T03:47:00+00:00,west,noaa-goes18,NIGHT,AUTUMN,CYEG,0,1.0000,1.0000,1.30
2024-08-08T04:54:00+00:00,west,noaa-goes18,NIGHT,SUMMER,CYEG,0,1.0000,0.8800,1.30
2024-11-20T02:20:00+00:00,west,noaa-goes18,NIGHT,AUTUMN,CYEG,0,1.0000,1.0000,1.30
2020-11-18T09:48:00+00:00,west,noaa-goes17,NIGHT,AUTUMN,CYEG,1,0.0000,0.0000,1.30
2024-04-29T07:35:00+00:00,west,noaa-goes18,NIGHT,SPRING,CYEG,0,1.0000,1.0000,1.30
2023-12-14T02:33:00+00:00,west,noaa-goes18,NIGHT,WINTER,CYEG,0,1.0000,1.0000,1.30
2024-04-12T10:25:00+00:00,west,noaa-goes18,NIGHT,SPRING,CYEG,0,1.0000,1.0000,1.30
2021-10-18T12:30:00+00:00,west,noaa-goes17,NIGHT,AUTUMN,CYEG,0,1.0000,1.0000,1.30
2023-12-11T13:18:00+00:00,west,noaa-goes18,NIGHT,WINTER,CYEG,1,0.0000,0.0000,1.30
2024-02-29T03:41:00+00:00,west,noaa-goes18,NIGHT,WINTER,CYEG,0,1.0000,1.0000,1.30
2020-11-21T08:24:00+00:00,west,noaa-goes17,NIGHT,AUTUMN,CYEG,0,1.0000,1.0000,1.30
2025-05-23T08:36:00+00:00,west,noaa-goes18,NIGHT,SPRING,CYEG,0,1.0000,0.9600,1.30
2024-10-06T09:22:00+00:00,west,noaa-goes18,NIGHT,AUTUMN,CYEG,0,1.0000,1.0000,1.30
2024-02-05T12:13:00+00:00,west,noaa-goes18,NIGHT,WINTER,CYEG,0,1.0000,1.0000,1.30
2023-05-28T07:59:00+00:00,west,noaa-goes18,NIGHT,SPRING,CYEG,1,0.0000,0.0000,1.30
2024-12-02T06:37:00+00:00,west,noaa-goes18,NIGHT,WINTER,CYEG,0,1.0000,1.0000,1.30
2025-12-07T11:27:00+00:00,west,noaa-goes18,NIGHT,WINTER,CYEG,1,0.0000,0.0000,1.30
2023-09-18T06:15:00+00:00,west,noaa-goes18,NIGHT,AUTUMN,CYEG,0,1.0000,1.0000,1.30
2025-05-28T07:01:00+00:00,west,noaa-goes18,NIGHT,SPRING,CYEG,0,1.0000,1.0000,1.30
2022-03-30T03:24:00+00:00,west,noaa-goes17,NIGHT,SPRING,CYEG,0,1.0000,1.0000,1.30
2024-02-29T09:35:00+00:00,west,noaa-goes18,NIGHT,WINTER,CYEG,0,1.0000,1.0000,1.30
2020-02-21T03:09:00+00:00,west,noaa-goes17,NIGHT,WINTER,CYEG,0,0.8889,0.7600,1.30
2023-04-03T10:20:00+00:00,west,noaa-goes18,NIGHT,SPRING,CYEG,0,1.0000,1.0000,1.30
2023-11-02T09:37:00+00:00,west,noaa-goes18,NIGHT,AUTUMN,CYEG,0,1.0000,1.0000,1.30
2025-02-19T07:33:00+00:00,west,noaa-goes18,NIGHT,WINTER,CYEG,1,0.0000,0.0000,1.30
2024-05-23T06:00:00+00:00,west,noaa-goes18,NIGHT,SPRING,CYEG,0,1.0000,1.0000,1.30
2025-11-25T07:49:00+00:00,west,noaa-goes18,NIGHT,AUTUMN,CYEG,0,1.0000,1.0000,1.30
2020-11-21T09:14:00+00:00,west,noaa-goes17,NIGHT,AUTUMN,CYEG,0,1.0000,1.0000,1.30
2023-02-12T03:28:00+00:00,west,noaa-goes18,NIGHT,WINTER,CYEG,1,0.0000,0.0000,1.30
2024-08-17T10:17:00+00:00,west,noaa-goes18,NIGHT,SUMMER,CYEG,0,1.0000,1.0000,1.30
2022-03-08T11:06:00+00:00,west,noaa-goes17,NIGHT,SPRING,CYEG,0,0.8889,0.5600,1.30
2024-03-26T05:09:00+00:00,west,noaa-goes18,NIGHT,SPRING,CYEG,1,0.0000,0.4000,1.30
2023-10-11T04:28:00+00:00,west,noaa-goes18,NIGHT,AUTUMN,CYEG,0,1.0000,1.0000,1.30
2021-06-05T07:02:00+00:00,west,noaa-goes17,NIGHT,SUMMER,CYEG,1,0.0000,0.0400,1.30
2021-06-15T07:57:00+00:00,west,noaa-goes17,NIGHT,SUMMER,CYEG,1,0.0000,0.0000,1.30
2025-01-23T03:11:00+00:00,west,noaa-goes18,NIGHT,WINTER,CYEG,0,1.0000,1.0000,1.30
2024-01-12T02:42:00+00:00,west,noaa-goes18,NIGHT,WINTER,CYEG,0,1.0000,1.0000,1.30
2020-06-27T08:06:00+00:00,west,noaa-goes17,NIGHT,SUMMER,CYEG,0,1.0000,1.0000,1.30
2024-11-01T01:45:00+00:00,west,noaa-goes18,NIGHT,AUTUMN,CYEG,0,1.0000,1.0000,1.30
2021-04-15T05:13:00+00:00,west,noaa-goes17,NIGHT,SPRING,CYEG,1,0.0000,0.0000,1.30
2023-04-18T08:31:00+00:00,west,noaa-goes18,NIGHT,SPRING,CYEG,1,0.0000,0.0000,1.30
2024-04-12T06:26:00+00:00,west,noaa-goes18,NIGHT,SPRING,CYEG,0,1.0000,1.0000,1.30
2020-12-05T10:08:00+00:00,west,noaa-goes17,NIGHT,WINTER,CYEG,0,1.0000,1.0000,1.30
2023-02-28T09:19:00+00:00,west,noaa-goes18,NIGHT,WINTER,CYEG,0,1.0000,1.0000,1.30
2024-05-28T06:46:00+00:00,west,noaa-goes18,NIGHT,SPRING,CYEG,0,1.0000,1.0000,1.30
2025-03-05T07:29:00+00:00,west,noaa-goes18,NIGHT,SPRING,CYEG,1,0.0000,0.0000,1.30
2020-11-10T09:23:00+00:00,west,noaa-goes17,NIGHT,AUTUMN,CYEG,0,1.0000,1.0000,1.30
2020-06-19T07:04:00+00:00,west,noaa-goes17,NIGHT,SUMMER,CYEG,1,0.0000,0.0400,1.30
2021-05-13T08:50:00+00:00,west,noaa-goes17,NIGHT,SPRING,CYEG,0,1.0000,1.0000,1.30
2025-02-03T02:55:00+00:00,west,noaa-goes18,NIGHT,WINTER,CYEG,1,0.2222,0.5600,1.30
2022-05-15T09:04:00+00:00,west,noaa-goes17,NIGHT,SPRING,CYEG,0,1.0000,1.0000,1.30
2020-07-04T07:16:00+00:00,west,noaa-goes17,NIGHT,SUMMER,CYEG,0,1.0000,1.0000,1.30
2020-11-17T08:05:00+00:00,west,noaa-goes17,NIGHT,AUTUMN,CYEG,1,0.0000,0.0800,1.30
2021-02-28T03:54:00+00:00,west,noaa-goes17,NIGHT,WINTER,CYEG,0,1.0000,1.0000,1.30
2023-11-01T02:44:00+00:00,west,noaa-goes18,NIGHT,AUTUMN,CYEG,0,1.0000,1.0000,1.30
2022-08-06T05:20:00+00:00,west,noaa-goes17,NIGHT,SUMMER,CYEG,1,0.0000,0.0000,1.30
2020-01-10T09:19:00+00:00,west,noaa-goes17,NIGHT,WINTER,CYEG,0,1.0000,1.0000,1.30
2025-01-18T01:32:00+00:00,west,noaa-goes18,NIGHT,WINTER,CYEG,0,1.0000,1.0000,1.30
2024-01-19T13:00:00+00:00,west,noaa-goes18,NIGHT,WINTER,CYEG,1,0.3333,0.1600,1.30
2023-01-30T01:51:00+00:00,west,noaa-goes18,NIGHT,WINTER,CYEG,0,1.0000,1.0000,1.30
2022-03-21T03:16:00+00:00,west,noaa-goes17,NIGHT,SPRING,CYEG,1,0.3333,0.2800,1.30
2023-12-19T12:17:00+00:00,west,noaa-goes18,NIGHT,WINTER,CYEG,0,1.0000,1.0000,1.30
2022-07-29T07:38:00+00:00,west,noaa-goes17,NIGHT,SUMMER,CYEG,1,0.1111,0.2000,1.30
2024-07-14T09:04:00+00:00,west,noaa-goes18,NIGHT,SUMMER,CYEG,0,1.0000,1.0000,1.30
2020-01-18T12:01:00+00:00,west,noaa-goes17,NIGHT,WINTER,CYEG,1,0.1111,0.1600,1.30
2025-01-20T11:14:00+00:00,west,noaa-goes18,NIGHT,WINTER,CYEG,1,0.0000,0.0000,1.30
2024-06-12T07:05:00+00:00,west,noaa-goes18,NIGHT,SUMMER,CYEG,0,1.0000,1.0000,1.30
2023-09-23T09:26:00+00:00,west,noaa-goes18,NIGHT,AUTUMN,CYEG,1,0.0000,0.0000,1.30
2021-01-22T05:20:00+00:00,west,noaa-goes17,NIGHT,WINTER,CYEG,1,0.0000,0.0000,1.30
2024-05-10T09:01:00+00:00,west,noaa-goes18,NIGHT,SPRING,CYEG,0,0.8889,0.7200,1.30
2020-09-08T08:28:00+00:00,west,noaa-goes17,NIGHT,AUTUMN,CYEG,0,1.0000,1.0000,1.30
2025-09-14T08:33:00+00:00,west,noaa-goes18,NIGHT,AUTUMN,CYEG,1,0.1111,0.1200,1.30
2025-12-01T03:07:00+00:00,west,noaa-goes18,NIGHT,WINTER,CYEG,0,0.6667,0.6400,1.30
2021-11-28T02:17:00+00:00,west,noaa-goes17,NIGHT,AUTUMN,CYEG,0,1.0000,1.0000,1.30
2023-03-19T09:05:00+00:00,west,noaa-goes18,NIGHT,SPRING,CYEG,1,0.0000,0.0400,1.30
2023-12-31T10:54:00+00:00,west,noaa-goes18,NIGHT,WINTER,CYEG,1,0.0000,0.0000,1.30
2022-07-20T07:14:00+00:00,west,noaa-goes17,NIGHT,SUMMER,CYEG,1,0.0000,0.0000,1.30
2025-10-26T09:42:00+00:00,west,noaa-goes18,NIGHT,AUTUMN,CYEG,0,1.0000,1.0000,1.30
2023-11-03T11:10:00+00:00,west,noaa-goes18,NIGHT,AUTUMN,CYEG,0,1.0000,1.0000,1.30
2024-01-15T07:58:00+00:00,west,noaa-goes18,NIGHT,WINTER,CYEG,1,0.0000,0.0000,1.30
2020-01-06T01:19:00+00:00,west,noaa-goes17,NIGHT,WINTER,CYEG,0,1.0000,1.0000,1.30
2022-01-07T12:40:00+00:00,west,noaa-goes17,NIGHT,WINTER,CYEG,0,1.0000,1.0000,1.30
2025-02-12T07:06:00+00:00,west,noaa-goes18,NIGHT,WINTER,CYEG,0,1.0000,1.0000,1.30
2025-02-04T06:36:00+00:00,west,noaa-goes18,NIGHT,WINTER,CYEG,0,1.0000,0.7600,1.30
2021-09-25T08:32:00+00:00,west,noaa-goes17,NIGHT,AUTUMN,CYEG,0,1.0000,1.0000,1.30
2021-09-15T06:50:00+00:00,west,noaa-goes17,NIGHT,AUTUMN,CYEG,0,1.0000,1.0000,1.30
2021-01-13T08:44:00+00:00,west,noaa-goes17,NIGHT,WINTER,CYEG,0,1.0000,1.0000,1.30
2020-11-16T07:17:00+00:00,west,noaa-goes17,NIGHT,AUTUMN,CYEG,0,1.0000,1.0000,1.30
2022-04-02T03:57:00+00:00,west,noaa-goes17,NIGHT,SPRING,CYEG,0,1.0000,1.0000,1.30
2024-12-08T01:27:00+00:00,west,noaa-goes18,NIGHT,WINTER,CYEG,0,1.0000,1.0000,1.30
2020-01-25T11:23:00+00:00,west,noaa-goes17,NIGHT,WINTER,CYEG,0,0.5556,0.4400,1.30
2022-12-13T12:19:00+00:00,west,noaa-goes17,NIGHT,WINTER,CYEG,0,1.0000,0.9600,1.30
2024-06-29T06:52:00+00:00,west,noaa-goes18,NIGHT,SUMMER,CYEG,1,0.0000,0.0000,1.30
2020-01-21T07:38:00+00:00,west,noaa-goes17,NIGHT,WINTER,CYEG,0,1.0000,1.0000,1.30
2021-09-10T11:20:00+00:00,west,noaa-goes17,NIGHT,AUTUMN,CYEG,1,0.1111,0.0400,1.30
2021-12-12T12:03:00+00:00,west,noaa-goes17,NIGHT,WINTER,CYEG,0,1.0000,1.0000,1.30
2020-01-30T01:42:00+00:00,west,noaa-goes17,NIGHT,WINTER,CYEG,0,1.0000,1.0000,1.30
2020-11-24T03:42:00+00:00,west,noaa-goes17,NIGHT,AUTUMN,CYEG,1,0.0000,0.0000,1.30
2025-02-25T06:35:00+00:00,west,noaa-goes18,NIGHT,WINTER,CYEG,1,0.0000,0.0000,1.30
2022-11-22T08:49:00+00:00,west,noaa-goes17,NIGHT,AUTUMN,CYEG,0,1.0000,1.0000,1.30
2020-12-25T07:00:00+00:00,west,noaa-goes17,NIGHT,WINTER,CYEG,1,0.0000,0.0000,1.30
2025-09-28T04:41:00+00:00,west,noaa-goes18,NIGHT,AUTUMN,CYEG,0,1.0000,1.0000,1.30
2025-12-07T03:31:00+00:00,west,noaa-goes18,NIGHT,WINTER,CYEG,0,1.0000,1.0000,1.30
2022-02-15T13:16:00+00:00,west,noaa-goes17,NIGHT,WINTER,CYEG,0,1.0000,1.0000,1.30
2020-03-02T07:09:00+00:00,west,noaa-goes17,NIGHT,SPRING,CYEG,0,1.0000,1.0000,1.30
2023-11-07T04:50:00+00:00,west,noaa-goes18,NIGHT,AUTUMN,CYEG,0,1.0000,1.0000,1.30
2025-12-25T04:56:00+00:00,west,noaa-goes18,NIGHT,WINTER,CYEG,0,1.0000,1.0000,1.30
2021-02-20T05:24:00+00:00,west,noaa-goes17,NIGHT,WINTER,CYEG,1,0.2222,0.4800,1.30
2023-08-07T05:59:00+00:00,west,noaa-goes18,NIGHT,SUMMER,CYEG,1,0.0000,0.0000,1.30
2022-02-02T10:11:00+00:00,west,noaa-goes17,NIGHT,WINTER,CYEG,0,0.5556,0.5600,1.30
2024-08-24T08:16:00+00:00,west,noaa-goes18,NIGHT,SUMMER,CYEG,0,1.0000,1.0000,1.30
2023-02-14T07:51:00+00:00,west,noaa-goes18,NIGHT,WINTER,CYEG,0,1.0000,1.0000,1.30
2022-06-30T07:02:00+00:00,west,noaa-goes17,NIGHT,SUMMER,CYEG,1,0.0000,0.0000,1.30
2024-10-11T08:01:00+00:00,west,noaa-goes18,NIGHT,AUTUMN,CYEG,0,1.0000,1.0000,1.30
2023-09-29T10:44:00+00:00,west,noaa-goes18,NIGHT,AUTUMN,CYEG,0,1.0000,1.0000,1.30
2021-12-04T11:36:00+00:00,west,noaa-goes17,NIGHT,WINTER,CYEG,0,0.8889,0.7600,1.30
2022-12-27T12:15:00+00:00,west,noaa-goes17,NIGHT,WINTER,CYEG,0,1.0000,1.0000,1.30
2025-03-31T05:07:00+00:00,west,noaa-goes18,NIGHT,SPRING,CYEG,0,1.0000,1.0000,1.30
2024-08-16T05:56:00+00:00,west,noaa-goes18,NIGHT,SUMMER,CYEG,0,1.0000,1.0000,1.30
2020-04-02T06:09:00+00:00,west,noaa-goes17,NIGHT,SPRING,CYEG,1,0.0000,0.0400,1.30
2020-01-28T05:39:00+00:00,west,noaa-goes17,NIGHT,WINTER,CYEG,0,1.0000,0.8800,1.30
2025-01-23T08:43:00+00:00,west,noaa-goes18,NIGHT,WINTER,CYEG,0,1.0000,1.0000,1.30
2020-12-15T02:04:00+00:00,west,noaa-goes17,NIGHT,WINTER,CYEG,0,1.0000,0.9200,1.30
2024-10-09T04:22:00+00:00,west,noaa-goes18,NIGHT,AUTUMN,CYEG,0,1.0000,1.0000,1.30
2024-10-31T03:06:00+00:00,west,noaa-goes18,NIGHT,AUTUMN,CYEG,1,0.0000,0.0000,1.30
2020-12-06T05:40:00+00:00,west,noaa-goes17,NIGHT,WINTER,CYEG,1,0.0000,0.0000,1.30
2024-12-12T07:45:00+00:00,west,noaa-goes18,NIGHT,WINTER,CYEG,0,1.0000,1.0000,1.30
2024-10-14T11:48:00+00:00,west,noaa-goes18,NIGHT,AUTUMN,CYEG,0,0.8889,0.9600,1.30
2021-09-03T05:00:00+00:00,west,noaa-goes17,NIGHT,AUTUMN,CYEG,1,0.0000,0.0000,1.30
2024-10-26T06:40:00+00:00,west,noaa-goes18,NIGHT,AUTUMN,CYEG,0,1.0000,1.0000,1.30
2023-09-02T11:21:00+00:00,west,noaa-goes18,NIGHT,AUTUMN,CYEG,1,0.0000,0.0000,1.30
2020-11-26T01:32:00+00:00,west,noaa-goes17,NIGHT,AUTUMN,CYEG,1,0.4444,0.6000,1.30
2021-12-09T06:44:00+00:00,west,noaa-goes17,NIGHT,WINTER,CYEG,1,0.0000,0.0000,1.30
2025-12-06T07:00:00+00:00,west,noaa-goes18,NIGHT,WINTER,CYEG,0,1.0000,1.0000,1.30
2024-03-11T08:58:00+00:00,west,noaa-goes18,NIGHT,SPRING,CYEG,1,0.0000,0.0000,1.30
2022-11-01T02:01:00+00:00,west,noaa-goes17,NIGHT,AUTUMN,CYEG,0,1.0000,1.0000,1.30
2024-05-20T08:37:00+00:00,west,noaa-goes18,NIGHT,SPRING,CYEG,0,1.0000,1.0000,1.30
2023-03-23T09:50:00+00:00,west,noaa-goes18,NIGHT,SPRING,CYEG,1,0.0000,0.0000,1.30
2022-03-10T03:21:00+00:00,west,noaa-goes17,NIGHT,SPRING,CYEG,0,1.0000,1.0000,1.30
2024-03-05T05:44:00+00:00,west,noaa-goes18,NIGHT,SPRING,CYEG,0,1.0000,0.8800,1.30
2021-12-15T10:47:00+00:00,west,noaa-goes17,NIGHT,WINTER,CYEG,1,0.0000,0.0000,1.30
2021-12-26T12:02:00+00:00,west,noaa-goes17,NIGHT,WINTER,CYEG,0,1.0000,1.0000,1.30
2020-03-17T07:01:00+00:00,west,noaa-goes17,NIGHT,SPRING,CYEG,0,1.0000,1.0000,1.30
2025-04-12T03:53:00+00:00,west,noaa-goes18,NIGHT,SPRING,CYEG,0,1.0000,1.0000,1.30
2024-11-03T02:51:00+00:00,west,noaa-goes18,NIGHT,AUTUMN,CYEG,0,1.0000,1.0000,1.30
2022-01-11T01:20:00+00:00,west,noaa-goes17,NIGHT,WINTER,CYEG,0,1.0000,1.0000,1.30
2024-12-19T10:28:00+00:00,west,noaa-goes18,NIGHT,WINTER,CYEG,1,0.3333,0.3600,1.30
2020-12-27T03:43:00+00:00,west,noaa-goes17,NIGHT,WINTER,CYEG,0,1.0000,1.0000,1.30
2021-03-22T11:42:00+00:00,west,noaa-goes17,NIGHT,SPRING,CYEG,0,1.0000,1.0000,1.30
2021-11-18T05:07:00+00:00,west,noaa-goes17,NIGHT,AUTUMN,CYEG,0,1.0000,1.0000,1.30
2025-10-06T06:17:00+00:00,west,noaa-goes18,NIGHT,AUTUMN,CYEG,0,1.0000,1.0000,1.30
2020-10-15T04:42:00+00:00,west,noaa-goes17,NIGHT,AUTUMN,CYEG,0,1.0000,1.0000,1.30
2025-07-23T08:24:00+00:00,west,noaa-goes18,NIGHT,SUMMER,CYEG,1,0.0000,0.0000,1.30
2020-07-18T07:13:00+00:00,west,noaa-goes17,NIGHT,SUMMER,CYEG,1,0.0000,0.1600,1.30
2022-11-23T07:36:00+00:00,west,noaa-goes17,NIGHT,AUTUMN,CYEG,0,1.0000,1.0000,1.30
2025-04-10T07:31:00+00:00,west,noaa-goes18,NIGHT,SPRING,CYEG,1,0.0000,0.0400,1.30
2023-05-02T08:20:00+00:00,west,noaa-goes18,NIGHT,SPRING,CYEG,0,0.5556,0.6800,1.30
2023-11-07T09:41:00+00:00,west,noaa-goes18,NIGHT,AUTUMN,CYEG,0,1.0000,1.0000,1.30
2025-01-25T11:36:00+00:00,west,noaa-goes18,NIGHT,WINTER,CYEG,0,1.0000,1.0000,1.30
2025-10-12T06:58:00+00:00,west,noaa-goes18,NIGHT,AUTUMN,CYEG,0,1.0000,1.0000,1.30
2025-10-13T10:40:00+00:00,west,noaa-goes18,NIGHT,AUTUMN,CYEG,0,1.0000,1.0000,1.30
2024-10-23T11:32:00+00:00,west,noaa-goes18,NIGHT,AUTUMN,CYEG,0,1.0000,1.0000,1.30
2020-10-22T12:30:00+00:00,west,noaa-goes17,NIGHT,AUTUMN,CYEG,0,1.0000,1.0000,1.30
2025-11-25T09:52:00+00:00,west,noaa-goes18,NIGHT,AUTUMN,CYEG,0,0.7778,0.7200,1.30
2022-03-02T10:42:00+00:00,west,noaa-goes17,NIGHT,SPRING,CYEG,0,0.8889,0.9200,1.30
2025-12-29T06:24:00+00:00,west,noaa-goes18,NIGHT,WINTER,CYEG,0,1.0000,1.0000,1.30
2021-10-03T04:12:00+00:00,west,noaa-goes17,NIGHT,AUTUMN,CYEG,0,1.0000,0.9200,1.30
2025-08-14T10:18:00+00:00,west,noaa-goes18,NIGHT,SUMMER,CYEG,0,0.6667,0.6000,1.30
2020-02-25T07:57:00+00:00,west,noaa-goes17,NIGHT,WINTER,CYEG,0,1.0000,1.0000,1.30
2022-02-13T13:37:00+00:00,west,noaa-goes17,NIGHT,WINTER,CYEG,1,0.1111,0.2400,1.30
2023-10-24T04:35:00+00:00,west,noaa-goes18,NIGHT,AUTUMN,CYEG,0,1.0000,1.0000,1.30
2023-09-17T03:18:00+00:00,west,noaa-goes18,NIGHT,AUTUMN,CYEG,1,0.0000,0.0000,1.30
2025-01-19T04:16:00+00:00,west,noaa-goes18,NIGHT,WINTER,CYEG,1,0.0000,0.0000,1.30
2020-08-07T06:08:00+00:00,west,noaa-goes17,NIGHT,SUMMER,CYEG,0,1.0000,1.0000,1.30
2021-06-08T07:17:00+00:00,west,noaa-goes17,NIGHT,SUMMER,CYEG,0,1.0000,1.0000,1.30
2025-01-23T01:58:00+00:00,west,noaa-goes18,NIGHT,WINTER,CYEG,0,1.0000,1.0000,1.30
2022-10-27T02:12:00+00:00,west,noaa-goes17,NIGHT,AUTUMN,CYEG,0,1.0000,1.0000,1.30
2024-09-08T09:16:00+00:00,west,noaa-goes18,NIGHT,AUTUMN,CYEG,1,0.0000,0.0000,1.30
2021-10-17T03:35:00+00:00,west,noaa-goes17,NIGHT,AUTUMN,CYEG,1,0.0000,0.0000,1.30
2021-09-22T05:55:00+00:00,west,noaa-goes17,NIGHT,AUTUMN,CYEG,0,1.0000,1.0000,1.30
2023-04-27T09:26:00+00:00,west,noaa-goes18,NIGHT,SPRING,CYEG,0,1.0000,1.0000,1.30
2023-12-15T07:42:00+00:00,west,noaa-goes18,NIGHT,WINTER,CYEG,0,1.0000,1.0000,1.30
2020-01-18T08:23:00+00:00,west,noaa-goes17,NIGHT,WINTER,CYEG,1,0.0000,0.0000,1.30
2024-02-23T10:51:00+00:00,west,noaa-goes18,NIGHT,WINTER,CYEG,0,1.0000,1.0000,1.30
2020-09-09T08:43:00+00:00,west,noaa-goes17,NIGHT,AUTUMN,CYEG,1,0.0000,0.0000,1.30
2025-10-29T05:44:00+00:00,west,noaa-goes18,NIGHT,AUTUMN,CYEG,0,1.0000,1.0000,1.30
2020-03-12T05:43:00+00:00,west,noaa-goes17,NIGHT,SPRING,CYEG,0,1.0000,1.0000,1.30
2022-01-22T04:03:00+00:00,west,noaa-goes17,NIGHT,WINTER,CYEG,0,1.0000,1.0000,1.30
2024-12-24T11:21:00+00:00,west,noaa-goes18,NIGHT,WINTER,CYEG,0,1.0000,1.0000,1.30
2020-10-01T10:43:00+00:00,west,noaa-goes17,NIGHT,AUTUMN,CYEG,0,1.0000,1.0000,1.30
2021-03-17T05:02:00+00:00,west,noaa-goes17,NIGHT,SPRING,CYEG,1,0.0000,0.0000,1.30
2025-05-02T05:58:00+00:00,west,noaa-goes18,NIGHT,SPRING,CYEG,0,0.3333,0.4000,1.30
2023-10-13T07:01:00+00:00,west,noaa-goes18,NIGHT,AUTUMN,CYEG,1,0.0000,0.0000,1.30
2021-12-10T13:02:00+00:00,west,noaa-goes17,NIGHT,WINTER,CYEG,1,0.2222,0.2000,1.30
2023-02-19T05:29:00+00:00,west,noaa-goes18,NIGHT,WINTER,CYEG,0,1.0000,1.0000,1.30
2020-08-09T10:18:00+00:00,west,noaa-goes17,NIGHT,SUMMER,CYEG,0,1.0000,1.0000,1.30
2024-12-27T05:57:00+00:00,west,noaa-goes18,NIGHT,WINTER,CYEG,0,1.0000,1.0000,1.30
2022-03-03T04:10:00+00:00,west,noaa-goes17,NIGHT,SPRING,CYEG,0,1.0000,1.0000,1.30
2020-08-05T09:16:00+00:00,west,noaa-goes17,NIGHT,SUMMER,CYEG,1,0.0000,0.0000,1.30
2023-08-20T04:47:00+00:00,west,noaa-goes18,NIGHT,SUMMER,CYEG,1,0.0000,0.0000,1.30
2022-12-22T14:09:00+00:00,west,noaa-goes17,NIGHT,WINTER,CYEG,1,0.2222,0.2400,1.30
2022-11-18T10:11:00+00:00,west,noaa-goes17,NIGHT,AUTUMN,CYEG,1,0.0000,0.0000,1.30
2023-01-21T13:20:00+00:00,west,noaa-goes18,NIGHT,WINTER,CYEG,0,1.0000,1.0000,1.30
2025-09-30T04:57:00+00:00,west,noaa-goes18,NIGHT,AUTUMN,CYEG,0,1.0000,1.0000,1.30
2024-03-26T08:07:00+00:00,west,noaa-goes18,NIGHT,SPRING,CYEG,0,1.0000,0.8800,1.30
2023-10-31T06:55:00+00:00,west,noaa-goes18,NIGHT,AUTUMN,CYEG,0,1.0000,1.0000,1.30
2020-02-13T06:04:00+00:00,west,noaa-goes17,NIGHT,WINTER,CYEG,0,1.0000,1.0000,1.30
2021-05-19T05:48:00+00:00,west,noaa-goes17,NIGHT,SPRING,CYEG,0,1.0000,1.0000,1.30
2022-12-11T04:35:00+00:00,west,noaa-goes17,NIGHT,WINTER,CYEG,0,1.0000,1.0000,1.30
2024-01-18T07:23:00+00:00,west,noaa-goes18,NIGHT,WINTER,CYEG,0,1.0000,1.0000,1.30
2023-01-11T02:53:00+00:00,west,noaa-goes18,NIGHT,WINTER,CYEG,0,0.5556,0.4800,1.30
2025-04-14T09:03:00+00:00,west,noaa-goes18,NIGHT,SPRING,CYEG,0,1.0000,1.0000,1.30
2023-03-13T07:14:00+00:00,west,noaa-goes18,NIGHT,SPRING,CYEG,0,1.0000,1.0000,1.30
2020-08-07T10:04:00+00:00,west,noaa-goes17,NIGHT,SUMMER,CYEG,0,1.0000,1.0000,1.30
2021-01-10T01:59:00+00:00,west,noaa-goes17,NIGHT,WINTER,CYEG,1,0.0000,0.0000,1.30
2020-01-03T01:43:00+00:00,west,noaa-goes17,NIGHT,WINTER,CYEG,0,1.0000,1.0000,1.30
2021-12-20T01:05:00+00:00,west,noaa-goes17,NIGHT,WINTER,CYEG,1,0.2222,0.3600,1.30
2025-04-22T08:41:00+00:00,west,noaa-goes18,NIGHT,SPRING,CYEG,0,1.0000,1.0000,1.30
2024-09-25T10:38:00+00:00,west,noaa-goes18,NIGHT,AUTUMN,CYEG,0,1.0000,1.0000,1.30
2022-11-08T05:22:00+00:00,west,noaa-goes17,NIGHT,AUTUMN,CYEG,0,1.0000,1.0000,1.30
2021-11-09T01:18:00+00:00,west,noaa-goes17,NIGHT,AUTUMN,CYEG,1,0.0000,0.0000,1.30
2020-12-07T12:18:00+00:00,west,noaa-goes17,NIGHT,WINTER,CYEG,0,1.0000,0.9600,1.30
2024-02-09T02:57:00+00:00,west,noaa-goes18,NIGHT,WINTER,CYEG,0,1.0000,1.0000,1.30
2025-01-06T12:34:00+00:00,west,noaa-goes18,NIGHT,WINTER,CYEG,0,1.0000,1.0000,1.30
2025-12-11T10:21:00+00:00,west,noaa-goes18,NIGHT,WINTER,CYEG,0,1.0000,0.9200,1.30
2025-02-18T09:38:00+00:00,west,noaa-goes18,NIGHT,WINTER,CYEG,1,0.0000,0.0000,1.30
2020-11-18T08:17:00+00:00,west,noaa-goes17,NIGHT,AUTUMN,CYEG,0,1.0000,1.0000,1.30
2024-12-24T08:16:00+00:00,west,noaa-goes18,NIGHT,WINTER,CYEG,0,1.0000,1.0000,1.30
2024-11-23T06:11:00+00:00,west,noaa-goes18,NIGHT,AUTUMN,CYEG,0,1.0000,1.0000,1.30
2022-11-24T11:48:00+00:00,west,noaa-goes17,NIGHT,AUTUMN,CYEG,0,1.0000,1.0000,1.30
2022-09-24T10:09:00+00:00,west,noaa-goes17,NIGHT,AUTUMN,CYEG,0,1.0000,1.0000,1.30
2021-03-23T03:57:00+00:00,west,noaa-goes17,NIGHT,SPRING,CYEG,0,1.0000,1.0000,1.30
2021-11-10T02:15:00+00:00,west,noaa-goes17,NIGHT,AUTUMN,CYEG,0,1.0000,1.0000,1.30
2025-12-18T00:56:00+00:00,west,noaa-goes18,NIGHT,WINTER,CYEG,0,1.0000,1.0000,1.30
2024-09-10T08:09:00+00:00,west,noaa-goes18,NIGHT,AUTUMN,CYEG,1,0.0000,0.0000,1.30
2023-09-21T09:34:00+00:00,west,noaa-goes18,NIGHT,AUTUMN,CYEG,1,0.0000,0.0000,1.30
2025-02-09T03:30:00+00:00,west,noaa-goes18,NIGHT,WINTER,CYEG,0,1.0000,1.0000,1.30
2022-01-08T02:16:00+00:00,west,noaa-goes17,NIGHT,WINTER,CYEG,1,0.0000,0.0400,1.30
2024-10-26T02:29:00+00:00,west,noaa-goes18,NIGHT,AUTUMN,CYEG,0,1.0000,1.0000,1.30
2020-07-13T08:22:00+00:00,west,noaa-goes17,NIGHT,SUMMER,CYEG,0,1.0000,1.0000,1.30
2022-01-11T13:28:00+00:00,west,noaa-goes17,NIGHT,WINTER,CYEG,0,1.0000,1.0000,1.30
2023-09-16T09:17:00+00:00,west,noaa-goes18,NIGHT,AUTUMN,CYEG,1,0.0000,0.0000,1.30
2025-01-25T09:04:00+00:00,west,noaa-goes18,NIGHT,WINTER,CYEG,0,1.0000,1.0000,1.30
2024-11-16T05:44:00+00:00,west,noaa-goes18,NIGHT,AUTUMN,CYEG,0,1.0000,1.0000,1.30
2025-02-01T10:42:00+00:00,west,noaa-goes18,NIGHT,WINTER,CYEG,0,1.0000,1.0000,1.30
2023-12-02T13:07:00+00:00,west,noaa-goes18,NIGHT,WINTER,CYEG,1,0.0000,0.0000,1.30
2020-10-13T11:26:00+00:00,west,noaa-goes17,NIGHT,AUTUMN,CYEG,1,0.0000,0.0000,1.30
2024-09-11T10:39:00+00:00,west,noaa-goes18,NIGHT,AUTUMN,CYEG,0,1.0000,1.0000,1.30
2023-07-18T07:06:00+00:00,west,noaa-goes18,NIGHT,SUMMER,CYEG,0,1.0000,1.0000,1.30
2023-05-11T07:15:00+00:00,west,noaa-goes18,NIGHT,SPRING,CYEG,1,0.1111,0.0800,1.30
2020-08-04T06:53:00+00:00,west,noaa-goes17,NIGHT,SUMMER,CYEG,1,0.0000,0.0400,1.30
2025-02-13T11:26:00+00:00,west,noaa-goes18,NIGHT,WINTER,CYEG,1,0.0000,0.0000,1.30
2022-02-09T02:51:00+00:00,west,noaa-goes17,NIGHT,WINTER,CYEG,0,1.0000,1.0000,1.30
2021-03-06T04:40:00+00:00,west,noaa-goes17,NIGHT,SPRING,CYEG,0,1.0000,1.0000,1.30
2020-11-09T06:34:00+00:00,west,noaa-goes17,NIGHT,AUTUMN,CYEG,0,1.0000,0.8800,1.30
2020-11-13T10:44:00+00:00,west,noaa-goes17,NIGHT,AUTUMN,CYEG,1,0.1111,0.2000,1.30
2025-09-22T10:32:00+00:00,west,noaa-goes18,NIGHT,AUTUMN,CYEG,1,0.0000,0.0000,1.30
2023-12-19T13:20:00+00:00,west,noaa-goes18,NIGHT,WINTER,CYEG,0,1.0000,1.0000,1.30
2020-04-27T05:40:00+00:00,west,noaa-goes17,NIGHT,SPRING,CYEG,0,1.0000,1.0000,1.30
2023-01-21T12:37:00+00:00,west,noaa-goes18,NIGHT,WINTER,CYEG,0,1.0000,1.0000,1.30
2025-11-24T09:11:00+00:00,west,noaa-goes18,NIGHT,AUTUMN,CYEG,0,1.0000,1.0000,1.30
2025-08-16T05:44:00+00:00,west,noaa-goes18,NIGHT,SUMMER,CYEG,0,1.0000,1.0000,1.30
2025-12-21T09:28:00+00:00,west,noaa-goes18,NIGHT,WINTER,CYEG,1,0.0000,0.0000,1.30
2020-07-01T07:05:00+00:00,west,noaa-goes17,NIGHT,SUMMER,CYEG,0,1.0000,1.0000,1.30
2025-02-28T02:50:00+00:00,west,noaa-goes18,NIGHT,WINTER,CYEG,0,1.0000,1.0000,1.30
2021-11-17T06:47:00+00:00,west,noaa-goes17,NIGHT,AUTUMN,CYEG,0,1.0000,1.0000,1.30
2024-11-06T12:33:00+00:00,west,noaa-goes18,NIGHT,AUTUMN,CYEG,0,1.0000,1.0000,1.30
2024-11-22T09:08:00+00:00,west,noaa-goes18,NIGHT,AUTUMN,CYEG,0,1.0000,1.0000,1.30
2023-10-16T05:30:00+00:00,west,noaa-goes18,NIGHT,AUTUMN,CYEG,1,0.5556,0.5200,1.30
2022-09-23T04:00:00+00:00,west,noaa-goes17,NIGHT,AUTUMN,CYEG,1,0.0000,0.0000,1.30
2022-07-16T08:28:00+00:00,west,noaa-goes17,NIGHT,SUMMER,CYEG,1,0.0000,0.0000,1.30
2024-07-23T05:42:00+00:00,west,noaa-goes18,NIGHT,SUMMER,CYEG,0,1.0000,1.0000,1.30
2022-07-21T07:17:00+00:00,west,noaa-goes17,NIGHT,SUMMER,CYEG,1,0.0000,0.0000,1.30
2023-11-02T13:11:00+00:00,west,noaa-goes18,NIGHT,AUTUMN,CYEG,0,1.0000,1.0000,1.30
2023-09-16T06:21:00+00:00,west,noaa-goes18,NIGHT,AUTUMN,CYEG,1,0.0000,0.0000,1.30
2025-12-13T11:45:00+00:00,west,noaa-goes18,NIGHT,WINTER,CYEG,1,0.0000,0.0000,1.30
2025-04-08T06:03:00+00:00,west,noaa-goes18,NIGHT,SPRING,CYEG,0,1.0000,1.0000,1.30
2020-04-02T09:45:00+00:00,west,noaa-goes17,NIGHT,SPRING,CYEG,1,0.3333,0.4400,1.30
2021-09-16T10:21:00+00:00,west,noaa-goes17,NIGHT,AUTUMN,CYEG,0,1.0000,1.0000,1.30
2023-10-15T09:58:00+00:00,west,noaa-goes18,NIGHT,AUTUMN,CYEG,0,1.0000,1.0000,1.30
2020-10-10T11:50:00+00:00,west,noaa-goes17,NIGHT,AUTUMN,CYEG,0,1.0000,1.0000,1.30
2025-02-28T07:33:00+00:00,west,noaa-goes18,NIGHT,WINTER,CYEG,1,0.0000,0.0000,1.30
2020-02-11T09:17:00+00:00,west,noaa-goes17,NIGHT,WINTER,CYEG,0,1.0000,1.0000,1.30
2022-07-23T06:11:00+00:00,west,noaa-goes17,NIGHT,SUMMER,CYEG,1,0.1111,0.0800,1.30
2023-09-14T11:34:00+00:00,west,noaa-goes18,NIGHT,AUTUMN,CYEG,1,0.0000,0.0000,1.30
2024-09-29T05:15:00+00:00,west,noaa-goes18,NIGHT,AUTUMN,CYEG,0,1.0000,1.0000,1.30
2022-12-08T10:37:00+00:00,west,noaa-goes17,NIGHT,WINTER,CYEG,0,0.8889,0.9600,1.30
2023-02-16T05:26:00+00:00,west,noaa-goes18,NIGHT,WINTER,CYEG,0,1.0000,1.0000,1.30
2023-01-29T01:31:00+00:00,west,noaa-goes18,NIGHT,WINTER,CYEG,1,0.0000,0.0000,1.30
2023-08-16T06:03:00+00:00,west,noaa-goes18,NIGHT,SUMMER,CYEG,0,1.0000,1.0000,1.30
2020-12-14T04:45:00+00:00,west,noaa-goes17,NIGHT,WINTER,CYEG,1,0.0000,0.0000,1.30
2020-07-12T07:55:00+00:00,west,noaa-goes17,NIGHT,SUMMER,CYEG,0,1.0000,1.0000,1.30
2024-03-19T04:34:00+00:00,west,noaa-goes18,NIGHT,SPRING,CYEG,0,1.0000,1.0000,1.30
2022-07-05T07:22:00+00:00,west,noaa-goes17,NIGHT,SUMMER,CYEG,0,1.0000,1.0000,1.30
2020-11-06T01:34:00+00:00,west,noaa-goes17,NIGHT,AUTUMN,CYEG,0,1.0000,1.0000,1.30
2020-03-10T03:23:00+00:00,west,noaa-goes17,NIGHT,SPRING,CYEG,0,1.0000,0.8800,1.30
2022-06-13T06:29:00+00:00,west,noaa-goes17,NIGHT,SUMMER,CYEG,0,0.7778,0.8000,1.30
2023-02-21T06:20:00+00:00,west,noaa-goes18,NIGHT,WINTER,CYEG,0,1.0000,1.0000,1.30
2024-02-28T11:01:00+00:00,west,noaa-goes18,NIGHT,WINTER,CYEG,0,1.0000,1.0000,1.30
2023-11-04T10:57:00+00:00,west,noaa-goes18,NIGHT,AUTUMN,CYEG,0,1.0000,1.0000,1.30
2024-02-12T04:51:00+00:00,west,noaa-goes18,NIGHT,WINTER,CYEG,0,1.0000,1.0000,1.30
2021-11-02T02:25:00+00:00,west,noaa-goes17,NIGHT,AUTUMN,CYEG,1,0.0000,0.0000,1.30
2022-01-27T02:19:00+00:00,west,noaa-goes17,NIGHT,WINTER,CYEG,0,0.7778,0.6400,1.30
2023-04-26T10:09:00+00:00,west,noaa-goes18,NIGHT,SPRING,CYEG,1,0.0000,0.0400,1.30
2020-09-02T06:02:00+00:00,west,noaa-goes17,NIGHT,AUTUMN,CYEG,0,1.0000,1.0000,1.30
2021-08-02T09:03:00+00:00,west,noaa-goes17,NIGHT,SUMMER,CYEG,0,1.0000,1.0000,1.30
2022-09-18T05:46:00+00:00,west,noaa-goes17,NIGHT,AUTUMN,CYEG,0,1.0000,1.0000,1.30
2021-01-10T05:47:00+00:00,west,noaa-goes17,NIGHT,WINTER,CYEG,0,0.6667,0.4000,1.30
2023-03-11T09:00:00+00:00,west,noaa-goes18,NIGHT,SPRING,CYEG,1,0.0000,0.0000,1.30
2024-11-22T07:18:00+00:00,west,noaa-goes18,NIGHT,AUTUMN,CYEG,0,0.5556,0.5600,1.30
2021-01-04T05:51:00+00:00,west,noaa-goes17,NIGHT,WINTER,CYEG,1,0.8889,0.8400,1.30
2022-11-01T02:08:00+00:00,west,noaa-goes17,NIGHT,AUTUMN,CYEG,0,1.0000,1.0000,1.30
2022-08-27T04:20:00+00:00,west,noaa-goes17,NIGHT,SUMMER,CYEG,0,1.0000,1.0000,1.30
2020-12-22T03:13:00+00:00,west,noaa-goes17,NIGHT,WINTER,CYEG,0,1.0000,1.0000,1.30
2025-07-14T07:18:00+00:00,west,noaa-goes18,NIGHT,SUMMER,CYEG,0,1.0000,1.0000,1.30
2022-02-10T03:52:00+00:00,west,noaa-goes17,NIGHT,WINTER,CYEG,0,1.0000,1.0000,1.30
2021-09-12T07:48:00+00:00,west,noaa-goes17,NIGHT,AUTUMN,CYEG,0,1.0000,1.0000,1.30
2022-04-23T05:01:00+00:00,west,noaa-goes17,NIGHT,SPRING,CYEG,1,0.0000,0.0000,1.30
2020-11-09T08:57:00+00:00,west,noaa-goes17,NIGHT,AUTUMN,CYEG,0,1.0000,1.0000,1.30
2021-09-20T11:45:00+00:00,west,noaa-goes17,NIGHT,AUTUMN,CYEG,1,0.0000,0.0000,1.30
2025-02-24T04:14:00+00:00,west,noaa-goes18,NIGHT,WINTER,CYEG,0,1.0000,1.0000,1.30
2020-11-04T12:48:00+00:00,west,noaa-goes17,NIGHT,AUTUMN,CYEG,0,1.0000,1.0000,1.30
2020-11-10T02:41:00+00:00,west,noaa-goes17,NIGHT,AUTUMN,CYEG,0,0.5556,0.6800,1.30
2024-04-01T06:03:00+00:00,west,noaa-goes18,NIGHT,SPRING,CYEG,1,0.1111,0.2000,1.30
2023-02-24T12:58:00+00:00,west,noaa-goes18,NIGHT,WINTER,CYEG,1,0.2222,0.2000,1.30
2022-10-12T06:44:00+00:00,west,noaa-goes17,NIGHT,AUTUMN,CYEG,0,1.0000,1.0000,1.30
2022-03-21T07:11:00+00:00,west,noaa-goes17,NIGHT,SPRING,CYEG,1,0.0000,0.0000,1.30
2021-12-01T07:29:00+00:00,west,noaa-goes17,NIGHT,WINTER,CYEG,0,1.0000,1.0000,1.30
2022-02-02T04:33:00+00:00,west,noaa-goes17,NIGHT,WINTER,CYEG,1,0.0000,0.0400,1.30
2023-12-29T10:55:00+00:00,west,noaa-goes18,NIGHT,WINTER,CYEG,1,0.2222,0.3600,1.30
2021-04-06T06:39:00+00:00,west,noaa-goes17,NIGHT,SPRING,CYEG,0,1.0000,1.0000,1.30
2020-04-08T06:58:00+00:00,west,noaa-goes17,NIGHT,SPRING,CYEG,0,0.5556,0.5600,1.30
2022-02-27T04:15:00+00:00,west,noaa-goes17,NIGHT,WINTER,CYEG,0,1.0000,1.0000,1.30
2024-08-11T08:28:00+00:00,west,noaa-goes18,NIGHT,SUMMER,CYEG,1,0.0000,0.0000,1.30
2021-02-06T12:14:00+00:00,west,noaa-goes17,NIGHT,WINTER,CYEG,0,1.0000,1.0000,1.30
2023-11-14T05:36:00+00:00,west,noaa-goes18,NIGHT,AUTUMN,CYEG,1,0.0000,0.0000,1.30
2023-01-08T08:51:00+00:00,west,noaa-goes18,NIGHT,WINTER,CYEG,0,0.8889,0.8400,1.30
2020-11-21T11:28:00+00:00,west,noaa-goes17,NIGHT,AUTUMN,CYEG,0,1.0000,1.0000,1.30
2022-03-23T12:04:00+00:00,west,noaa-goes17,NIGHT,SPRING,CYEG,0,1.0000,1.0000,1.30
2021-11-12T12:47:00+00:00,west,noaa-goes17,NIGHT,AUTUMN,CYEG,0,1.0000,1.0000,1.30
2020-03-31T10:21:00+00:00,west,noaa-goes17,NIGHT,SPRING,CYEG,0,1.0000,1.0000,1.30
2023-01-09T12:22:00+00:00,west,noaa-goes18,NIGHT,WINTER,CYEG,0,1.0000,1.0000,1.30
2022-11-23T05:47:00+00:00,west,noaa-goes17,NIGHT,AUTUMN,CYEG,0,1.0000,1.0000,1.30
2025-01-25T02:17:00+00:00,west,noaa-goes18,NIGHT,WINTER,CYEG,0,0.5556,0.6400,1.30
2023-07-13T08:21:00+00:00,west,noaa-goes18,NIGHT,SUMMER,CYEG,0,1.0000,1.0000,1.30
2020-12-19T02:38:00+00:00,west,noaa-goes17,NIGHT,WINTER,CYEG,0,1.0000,1.0000,1.30
2025-12-12T07:34:00+00:00,west,noaa-goes18,NIGHT,WINTER,CYEG,0,0.4444,0.4800,1.30
2022-03-04T08:01:00+00:00,west,noaa-goes17,NIGHT,SPRING,CYEG,0,1.0000,1.0000,1.30
2020-12-14T13:43:00+00:00,west,noaa-goes17,NIGHT,WINTER,CYEG,0,0.4444,0.2400,1.30
2024-01-17T01:34:00+00:00,west,noaa-goes18,NIGHT,WINTER,CYEG,1,0.3333,0.4800,1.30
2024-09-16T05:51:00+00:00,west,noaa-goes18,NIGHT,AUTUMN,CYEG,1,0.0000,0.1200,1.30
2023-12-26T08:18:00+00:00,west,noaa-goes18,NIGHT,WINTER,CYEG,1,0.0000,0.0000,1.30
2023-09-10T09:08:00+00:00,west,noaa-goes18,NIGHT,AUTUMN,CYEG,1,0.0000,0.0000,1.30
2023-12-19T13:08:00+00:00,west,noaa-goes18,NIGHT,WINTER,CYEG,0,1.0000,1.0000,1.30
2025-04-28T10:10:00+00:00,west,noaa-goes18,NIGHT,SPRING,CYEG,1,0.0000,0.0000,1.30
2021-02-27T04:43:00+00:00,west,noaa-goes17,NIGHT,WINTER,CYEG,0,1.0000,0.8000,1.30
2023-02-28T02:44:00+00:00,west,noaa-goes18,NIGHT,WINTER,CYEG,1,0.0000,0.0000,1.30
2023-03-27T05:40:00+00:00,west,noaa-goes18,NIGHT,SPRING,CYEG,0,1.0000,1.0000,1.30
2022-10-01T10:45:00+00:00,west,noaa-goes17,NIGHT,AUTUMN,CYEG,0,0.8889,0.8000,1.30
2023-12-07T04:50:00+00:00,west,noaa-goes18,NIGHT,WINTER,CYEG,0,1.0000,1.0000,1.30
2024-01-11T12:42:00+00:00,west,noaa-goes18,NIGHT,WINTER,CYEG,0,1.0000,0.9600,1.30
2021-01-27T02:21:00+00:00,west,noaa-goes17,NIGHT,WINTER,CYEG,1,0.4444,0.3200,1.30
2024-07-01T08:16:00+00:00,west,noaa-goes18,NIGHT,SUMMER,CYEG,0,1.0000,1.0000,1.30
2020-11-30T03:37:00+00:00,west,noaa-goes17,NIGHT,AUTUMN,CYEG,0,1.0000,1.0000,1.30
2025-08-29T07:03:00+00:00,west,noaa-goes18,NIGHT,SUMMER,CYEG,1,0.4444,0.4000,1.30
2025-02-16T11:51:00+00:00,west,noaa-goes18,NIGHT,WINTER,CYEG,1,0.0000,0.0000,1.30
2023-05-27T05:46:00+00:00,west,noaa-goes18,NIGHT,SPRING,CYEG,1,0.0000,0.0000,1.30
2023-10-27T07:11:00+00:00,west,noaa-goes18,NIGHT,AUTUMN,CYEG,0,1.0000,1.0000,1.30
2023-10-01T03:10:00+00:00,west,noaa-goes18,NIGHT,AUTUMN,CYEG,0,1.0000,1.0000,1.30
2021-11-10T12:30:00+00:00,west,noaa-goes17,NIGHT,AUTUMN,CYEG,0,1.0000,1.0000,1.30
2020-03-20T04:34:00+00:00,west,noaa-goes17,NIGHT,SPRING,CYEG,0,1.0000,1.0000,1.30
2024-10-28T11:58:00+00:00,west,noaa-goes18,NIGHT,AUTUMN,CYEG,1,0.0000,0.0000,1.30
2024-01-18T14:04:00+00:00,west,noaa-goes18,NIGHT,WINTER,CYEG,1,0.4444,0.5200,1.30
2024-08-05T09:25:00+00:00,west,noaa-goes18,NIGHT,SUMMER,CYEG,0,1.0000,1.0000,1.30
2025-12-09T04:06:00+00:00,west,noaa-goes18,NIGHT,WINTER,CYEG,0,1.0000,1.0000,1.30
2021-11-03T01:31:00+00:00,west,noaa-goes17,NIGHT,AUTUMN,CYEG,0,1.0000,1.0000,1.30
2025-10-09T07:17:00+00:00,west,noaa-goes18,NIGHT,AUTUMN,CYEG,1,0.1111,0.1600,1.30
2025-08-28T08:38:00+00:00,west,noaa-goes18,NIGHT,SUMMER,CYEG,1,0.2222,0.1200,1.30
2025-04-28T09:43:00+00:00,west,noaa-goes18,NIGHT,SPRING,CYEG,1,0.0000,0.0000,1.30
2023-01-06T10:25:00+00:00,west,noaa-goes18,NIGHT,WINTER,CYEG,0,1.0000,1.0000,1.30
2023-12-04T00:54:00+00:00,west,noaa-goes18,NIGHT,WINTER,CYEG,0,1.0000,1.0000,1.30
2023-09-29T04:48:00+00:00,west,noaa-goes18,NIGHT,AUTUMN,CYEG,0,1.0000,1.0000,1.30
2024-11-26T05:25:00+00:00,west,noaa-goes18,NIGHT,AUTUMN,CYEG,1,0.0000,0.0000,1.30
2022-11-22T01:46:00+00:00,west,noaa-goes17,NIGHT,AUTUMN,CYEG,0,1.0000,1.0000,1.30
2024-04-09T07:21:00+00:00,west,noaa-goes18,NIGHT,SPRING,CYEG,0,1.0000,1.0000,1.30
2020-12-20T13:32:00+00:00,west,noaa-goes17,NIGHT,WINTER,CYEG,1,0.1111,0.0400,1.30
2023-11-05T04:41:00+00:00,west,noaa-goes18,NIGHT,AUTUMN,CYEG,0,0.6667,0.6400,1.30
2024-02-16T03:08:00+00:00,west,noaa-goes18,NIGHT,WINTER,CYEG,1,0.0000,0.0000,1.30
2024-01-07T06:25:00+00:00,west,noaa-goes18,NIGHT,WINTER,CYEG,0,1.0000,1.0000,1.30
2022-06-08T08:08:00+00:00,west,noaa-goes17,NIGHT,SUMMER,CYEG,1,0.0000,0.0000,1.30
2025-10-29T07:29:00+00:00,west,noaa-goes18,NIGHT,AUTUMN,CYEG,0,1.0000,1.0000,1.30
2021-07-26T07:31:00+00:00,west,noaa-goes17,NIGHT,SUMMER,CYEG,0,1.0000,1.0000,1.30
2021-12-24T05:21:00+00:00,west,noaa-goes17,NIGHT,WINTER,CYEG,0,0.6667,0.6800,1.30
2020-05-19T06:47:00+00:00,west,noaa-goes17,NIGHT,SPRING,CYEG,0,1.0000,1.0000,1.30
2022-03-20T06:14:00+00:00,west,noaa-goes17,NIGHT,SPRING,CYEG,0,1.0000,1.0000,1.30
2025-10-08T06:34:00+00:00,west,noaa-goes18,NIGHT,AUTUMN,CYEG,1,0.0000,0.0400,1.30
2023-02-24T11:25:00+00:00,west,noaa-goes18,NIGHT,WINTER,CYEG,1,0.1111,0.0800,1.30
2020-12-03T04:23:00+00:00,west,noaa-goes17,NIGHT,WINTER,CYEG,1,0.0000,0.0000,1.30
2020-02-21T08:29:00+00:00,west,noaa-goes17,NIGHT,WINTER,CYEG,0,1.0000,1.0000,1.30
2024-04-30T09:23:00+00:00,west,noaa-goes18,NIGHT,SPRING,CYEG,0,1.0000,1.0000,1.30
2023-12-31T09:19:00+00:00,west,noaa-goes18,NIGHT,WINTER,CYEG,0,1.0000,1.0000,1.30
2020-05-03T10:13:00+00:00,west,noaa-goes17,NIGHT,SPRING,CYEG,0,1.0000,1.0000,1.30
2025-01-18T06:41:00+00:00,west,noaa-goes18,NIGHT,WINTER,CYEG,0,1.0000,0.9600,1.30
2020-06-04T07:38:00+00:00,west,noaa-goes17,NIGHT,SUMMER,CYEG,1,0.0000,0.0000,1.30
2025-10-22T06:43:00+00:00,west,noaa-goes18,NIGHT,AUTUMN,CYEG,1,0.2222,0.1600,1.30
2021-11-06T03:38:00+00:00,west,noaa-goes17,NIGHT,AUTUMN,CYEG,0,1.0000,1.0000,1.30
2025-09-19T11:48:00+00:00,west,noaa-goes18,NIGHT,AUTUMN,CYEG,0,0.3333,0.2400,1.30
2024-09-18T11:51:00+00:00,west,noaa-goes18,NIGHT,AUTUMN,CYEG,1,0.1111,0.0400,1.30
2024-01-26T02:43:00+00:00,west,noaa-goes18,NIGHT,WINTER,CYEG,0,1.0000,1.0000,1.30
2020-02-17T12:27:00+00:00,west,noaa-goes17,NIGHT,WINTER,CYEG,0,1.0000,1.0000,1.30
2025-11-16T12:40:00+00:00,west,noaa-goes18,NIGHT,AUTUMN,CYEG,0,1.0000,1.0000,1.30
2025-02-17T07:19:00+00:00,west,noaa-goes18,NIGHT,WINTER,CYEG,1,0.0000,0.0000,1.30
2021-01-18T09:53:00+00:00,west,noaa-goes17,NIGHT,WINTER,CYEG,0,1.0000,1.0000,1.30
2025-12-18T13:15:00+00:00,west,noaa-goes18,NIGHT,WINTER,CYEG,1,0.0000,0.2400,1.30
2022-01-28T09:09:00+00:00,west,noaa-goes17,NIGHT,WINTER,CYEG,0,1.0000,1.0000,1.30
2021-09-17T03:20:00+00:00,west,noaa-goes17,NIGHT,AUTUMN,CYEG,1,0.0000,0.0000,1.30
2024-06-28T07:58:00+00:00,west,noaa-goes18,NIGHT,SUMMER,CYEG,0,1.0000,1.0000,1.30
2024-12-14T09:13:00+00:00,west,noaa-goes18,NIGHT,WINTER,CYEG,0,1.0000,1.0000,1.30
2024-08-25T07:38:00+00:00,west,noaa-goes18,NIGHT,SUMMER,CYEG,0,1.0000,1.0000,1.30
2023-11-25T10:50:00+00:00,west,noaa-goes18,NIGHT,AUTUMN,CYEG,0,1.0000,1.0000,1.30
2024-02-16T06:04:00+00:00,west,noaa-goes18,NIGHT,WINTER,CYEG,1,0.0000,0.0000,1.30
2025-03-30T06:24:00+00:00,west,noaa-goes18,NIGHT,SPRING,CYEG,1,0.0000,0.0400,1.30
2024-03-20T07:43:00+00:00,west,noaa-goes18,NIGHT,SPRING,CYEG,0,1.0000,1.0000,1.30
2021-11-18T11:47:00+00:00,west,noaa-goes17,NIGHT,AUTUMN,CYEG,0,1.0000,1.0000,1.30
2025-03-04T06:46:00+00:00,west,noaa-goes18,NIGHT,SPRING,CYEG,1,0.0000,0.0000,1.30
2022-01-31T05:46:00+00:00,west,noaa-goes17,NIGHT,WINTER,CYEG,0,1.0000,1.0000,1.30
2020-01-21T03:37:00+00:00,west,noaa-goes17,NIGHT,WINTER,CYEG,0,1.0000,1.0000,1.30
2020-02-12T09:35:00+00:00,west,noaa-goes17,NIGHT,WINTER,CYEG,0,1.0000,0.9200,1.30
2024-08-20T09:19:00+00:00,west,noaa-goes18,NIGHT,SUMMER,CYEG,0,1.0000,1.0000,1.30
2025-10-06T11:39:00+00:00,west,noaa-goes18,NIGHT,AUTUMN,CYEG,0,1.0000,1.0000,1.30
2024-08-26T09:58:00+00:00,west,noaa-goes18,NIGHT,SUMMER,CYEG,1,0.0000,0.0000,1.30
2023-05-14T08:58:00+00:00,west,noaa-goes18,NIGHT,SPRING,CYEG,1,0.0000,0.2000,1.30
2025-07-15T06:44:00+00:00,west,noaa-goes18,NIGHT,SUMMER,CYEG,1,0.0000,0.0000,1.30
2023-08-26T04:32:00+00:00,west,noaa-goes18,NIGHT,SUMMER,CYEG,1,0.0000,0.0000,1.30
2024-12-17T02:37:00+00:00,west,noaa-goes18,NIGHT,WINTER,CYEG,0,0.8889,0.6000,1.30
2022-10-02T08:22:00+00:00,west,noaa-goes17,NIGHT,AUTUMN,CYEG,1,0.0000,0.0000,1.30
2024-05-16T08:25:00+00:00,west,noaa-goes18,NIGHT,SPRING,CYEG,0,1.0000,1.0000,1.30
2025-12-04T12:38:00+00:00,west,noaa-goes18,NIGHT,WINTER,CYEG,0,1.0000,1.0000,1.30
2023-09-13T05:07:00+00:00,west,noaa-goes18,NIGHT,AUTUMN,CYEG,0,1.0000,1.0000,1.30
2022-02-03T03:43:00+00:00,west,noaa-goes17,NIGHT,WINTER,CYEG,0,0.3333,0.3600,1.30
2023-12-27T12:02:00+00:00,west,noaa-goes18,NIGHT,WINTER,CYEG,1,0.1111,0.0400,1.30
2020-01-03T09:37:00+00:00,west,noaa-goes17,NIGHT,WINTER,CYEG,0,1.0000,1.0000,1.30
2024-07-06T08:28:00+00:00,west,noaa-goes18,NIGHT,SUMMER,CYEG,0,1.0000,0.8000,1.30
2020-12-01T13:05:00+00:00,west,noaa-goes17,NIGHT,WINTER,CYEG,1,0.1111,0.1600,1.30
2022-02-01T05:07:00+00:00,west,noaa-goes17,NIGHT,WINTER,CYEG,1,0.1111,0.1200,1.30
2022-05-30T06:23:00+00:00,west,noaa-goes17,NIGHT,SPRING,CYEG,0,1.0000,1.0000,1.30
2020-04-16T05:37:00+00:00,west,noaa-goes17,NIGHT,SPRING,CYEG,1,0.0000,0.0000,1.30
2025-03-22T03:34:00+00:00,west,noaa-goes18,NIGHT,SPRING,CYEG,0,1.0000,0.9600,1.30
2021-01-14T11:35:00+00:00,west,noaa-goes17,NIGHT,WINTER,CYEG,1,0.2222,0.2000,1.30
2023-12-30T10:07:00+00:00,west,noaa-goes18,NIGHT,WINTER,CYEG,1,0.7778,0.8400,1.30
2025-12-20T14:05:00+00:00,west,noaa-goes18,NIGHT,WINTER,CYEG,0,0.7778,0.6400,1.30
2020-12-08T04:37:00+00:00,west,noaa-goes17,NIGHT,WINTER,CYEG,0,1.0000,1.0000,1.30
2022-06-20T06:52:00+00:00,west,noaa-goes17,NIGHT,SUMMER,CYEG,0,1.0000,1.0000,1.30
2022-03-08T08:36:00+00:00,west,noaa-goes17,NIGHT,SPRING,CYEG,0,0.8889,0.4400,1.30
2023-12-16T05:08:00+00:00,west,noaa-goes18,NIGHT,WINTER,CYEG,0,1.0000,1.0000,1.30
2022-12-22T01:42:00+00:00,west,noaa-goes17,NIGHT,WINTER,CYEG,1,0.0000,0.0400,1.30
2020-08-01T06:30:00+00:00,west,noaa-goes17,NIGHT,SUMMER,CYEG,1,0.0000,0.1200,1.30
2023-11-29T12:09:00+00:00,west,noaa-goes18,NIGHT,AUTUMN,CYEG,1,0.0000,0.0000,1.30
2025-01-12T08:34:00+00:00,west,noaa-goes18,NIGHT,WINTER,CYEG,0,1.0000,1.0000,1.30
2020-01-29T12:25:00+00:00,west,noaa-goes17,NIGHT,WINTER,CYEG,0,1.0000,0.8000,1.30
2022-01-12T13:50:00+00:00,west,noaa-goes17,NIGHT,WINTER,CYEG,0,1.0000,1.0000,1.30
2024-02-26T02:27:00+00:00,west,noaa-goes18,NIGHT,WINTER,CYEG,0,1.0000,1.0000,1.30
2021-01-17T05:07:00+00:00,west,noaa-goes17,NIGHT,WINTER,CYEG,0,1.0000,1.0000,1.30
2020-12-01T03:42:00+00:00,west,noaa-goes17,NIGHT,WINTER,CYEG,1,0.8889,0.9600,1.30
2022-01-15T10:22:00+00:00,west,noaa-goes17,NIGHT,WINTER,CYEG,0,1.0000,1.0000,1.30
2021-09-09T07:07:00+00:00,west,noaa-goes17,NIGHT,AUTUMN,CYEG,0,1.0000,0.9600,1.30
2023-03-26T11:01:00+00:00,west,noaa-goes18,NIGHT,SPRING,CYEG,1,0.5556,0.6400,1.30
2023-11-09T05:05:00+00:00,west,noaa-goes18,NIGHT,AUTUMN,CYEG,0,1.0000,1.0000,1.30
2020-09-23T04:48:00+00:00,west,noaa-goes17,NIGHT,AUTUMN,CYEG,1,0.0000,0.0000,1.30
2020-07-19T06:50:00+00:00,west,noaa-goes17,NIGHT,SUMMER,CYEG,0,1.0000,1.0000,1.30
2023-01-27T03:44:00+00:00,west,noaa-goes18,NIGHT,WINTER,CYEG,0,1.0000,1.0000,1.30
2020-02-24T08:16:00+00:00,west,noaa-goes17,NIGHT,WINTER,CYEG,0,1.0000,0.9600,1.30
2023-08-26T08:17:00+00:00,west,noaa-goes18,NIGHT,SUMMER,CYEG,1,0.0000,0.0400,1.30
2023-12-14T00:52:00+00:00,west,noaa-goes18,NIGHT,WINTER,CYEG,0,1.0000,1.0000,1.30
2024-08-22T04:44:00+00:00,west,noaa-goes18,NIGHT,SUMMER,CYEG,1,0.1111,0.2000,1.30
2025-02-13T08:21:00+00:00,west,noaa-goes18,NIGHT,WINTER,CYEG,0,1.0000,1.0000,1.30
2020-11-16T09:09:00+00:00,west,noaa-goes17,NIGHT,AUTUMN,CYEG,0,1.0000,1.0000,1.30
2020-03-06T09:39:00+00:00,west,noaa-goes17,NIGHT,SPRING,CYEG,0,1.0000,1.0000,1.30
2024-12-19T13:11:00+00:00,west,noaa-goes18,NIGHT,WINTER,CYEG,0,1.0000,0.8400,1.30
2023-07-19T06:43:00+00:00,west,noaa-goes18,NIGHT,SUMMER,CYEG,1,0.0000,0.0000,1.30
2025-12-25T09:29:00+00:00,west,noaa-goes18,NIGHT,WINTER,CYEG,1,0.1111,0.1600,1.30
2023-11-15T06:02:00+00:00,west,noaa-goes18,NIGHT,AUTUMN,CYEG,0,1.0000,1.0000,1.30
2021-01-27T12:54:00+00:00,west,noaa-goes17,NIGHT,WINTER,CYEG,0,0.7778,0.8400,1.30
2020-02-28T04:50:00+00:00,west,noaa-goes17,NIGHT,WINTER,CYEG,0,1.0000,1.0000,1.30
2024-12-31T12:05:00+00:00,west,noaa-goes18,NIGHT,WINTER,CYEG,0,1.0000,1.0000,1.30
2024-02-22T12:10:00+00:00,west,noaa-goes18,NIGHT,WINTER,CYEG,0,1.0000,1.0000,1.30
2022-01-04T06:21:00+00:00,west,noaa-goes17,NIGHT,WINTER,CYEG,1,0.4444,0.4400,1.30
2021-09-12T10:52:00+00:00,west,noaa-goes17,NIGHT,AUTUMN,CYEG,0,1.0000,1.0000,1.30
2025-11-04T10:47:00+00:00,west,noaa-goes18,NIGHT,AUTUMN,CYEG,1,0.0000,0.0000,1.30
2022-01-06T03:23:00+00:00,west,noaa-goes17,NIGHT,WINTER,CYEG,0,0.8889,0.9200,1.30
2020-12-25T06:46:00+00:00,west,noaa-goes17,NIGHT,WINTER,CYEG,1,0.2222,0.3600,1.30
2024-03-01T13:01:00+00:00,west,noaa-goes18,NIGHT,SPRING,CYEG,1,0.1111,0.2000,1.30
2022-07-30T09:42:00+00:00,west,noaa-goes17,NIGHT,SUMMER,CYEG,0,1.0000,1.0000,1.30
2020-12-14T04:58:00+00:00,west,noaa-goes17,NIGHT,WINTER,CYEG,1,0.0000,0.0000,1.30
2023-01-14T08:56:00+00:00,west,noaa-goes18,NIGHT,WINTER,CYEG,0,1.0000,1.0000,1.30
2020-11-03T08:55:00+00:00,west,noaa-goes17,NIGHT,AUTUMN,CYEG,0,1.0000,1.0000,1.30
2021-08-31T03:59:00+00:00,west,noaa-goes17,NIGHT,SUMMER,CYEG,0,1.0000,1.0000,1.30
2025-12-14T04:14:00+00:00,west,noaa-goes18,NIGHT,WINTER,CYEG,0,1.0000,1.0000,1.30
2021-01-14T06:31:00+00:00,west,noaa-goes17,NIGHT,WINTER,CYEG,1,0.1111,0.0400,1.30
2025-10-18T02:32:00+00:00,west,noaa-goes18,NIGHT,AUTUMN,CYEG,0,1.0000,1.0000,1.30
2024-04-17T04:55:00+00:00,west,noaa-goes18,NIGHT,SPRING,CYEG,0,1.0000,1.0000,1.30
2024-11-17T06:43:00+00:00,west,noaa-goes18,NIGHT,AUTUMN,CYEG,1,0.0000,0.0000,1.30
2023-09-23T11:32:00+00:00,west,noaa-goes18,NIGHT,AUTUMN,CYEG,1,0.0000,0.0000,1.30
2023-11-21T04:26:00+00:00,west,noaa-goes18,NIGHT,AUTUMN,CYEG,0,1.0000,1.0000,1.30
2022-01-30T04:40:00+00:00,west,noaa-goes17,NIGHT,WINTER,CYEG,1,0.0000,0.0000,1.30
2023-08-11T06:20:00+00:00,west,noaa-goes18,NIGHT,SUMMER,CYEG,0,1.0000,1.0000,1.30
2025-11-29T05:32:00+00:00,west,noaa-goes18,NIGHT,AUTUMN,CYEG,1,0.0000,0.0000,1.30
2025-04-16T05:00:00+00:00,west,noaa-goes18,NIGHT,SPRING,CYEG,0,1.0000,0.9600,1.30
2025-12-20T04:34:00+00:00,west,noaa-goes18,NIGHT,WINTER,CYEG,1,0.0000,0.0000,1.30
2025-07-21T09:20:00+00:00,west,noaa-goes18,NIGHT,SUMMER,CYEG,1,0.0000,0.0000,1.30
2025-04-19T10:13:00+00:00,west,noaa-goes18,NIGHT,SPRING,CYEG,0,1.0000,1.0000,1.30
2022-02-15T03:23:00+00:00,west,noaa-goes17,NIGHT,WINTER,CYEG,0,1.0000,1.0000,1.30
2020-12-02T08:50:00+00:00,west,noaa-goes17,NIGHT,WINTER,CYEG,0,1.0000,0.8800,1.30
2022-12-14T07:00:00+00:00,west,noaa-goes17,NIGHT,WINTER,CYEG,0,1.0000,1.0000,1.30
2023-03-18T11:09:00+00:00,west,noaa-goes18,NIGHT,SPRING,CYEG,1,0.0000,0.0000,1.30
2025-03-04T09:17:00+00:00,west,noaa-goes18,NIGHT,SPRING,CYEG,1,0.0000,0.0000,1.30
2024-01-24T07:14:00+00:00,west,noaa-goes18,NIGHT,WINTER,CYEG,1,0.0000,0.0000,1.30
2022-09-22T08:50:00+00:00,west,noaa-goes17,NIGHT,AUTUMN,CYEG,1,0.0000,0.0000,1.30
2025-01-20T05:39:00+00:00,west,noaa-goes18,NIGHT,WINTER,CYEG,1,0.0000,0.0000,1.30
2023-05-24T07:18:00+00:00,west,noaa-goes18,NIGHT,SPRING,CYEG,0,1.0000,1.0000,1.30
2024-11-25T07:32:00+00:00,west,noaa-goes18,NIGHT,AUTUMN,CYEG,0,1.0000,1.0000,1.30
2021-04-26T05:10:00+00:00,west,noaa-goes17,NIGHT,SPRING,CYEG,0,0.8889,0.8000,1.30
2022-02-01T07:55:00+00:00,west,noaa-goes17,NIGHT,WINTER,CYEG,1,0.3333,0.2000,1.30
2023-08-09T08:35:00+00:00,west,noaa-goes18,NIGHT,SUMMER,CYEG,0,1.0000,1.0000,1.30
2025-11-21T06:51:00+00:00,west,noaa-goes18,NIGHT,AUTUMN,CYEG,1,0.0000,0.1600,1.30
2025-07-26T08:00:00+00:00,west,noaa-goes18,NIGHT,SUMMER,CYEG,1,0.7778,0.9200,1.30
2021-09-25T03:55:00+00:00,west,noaa-goes17,NIGHT,AUTUMN,CYEG,0,1.0000,1.0000,1.30
2024-10-13T08:45:00+00:00,west,noaa-goes18,NIGHT,AUTUMN,CYEG,1,0.0000,0.1200,1.30
2022-12-19T06:21:00+00:00,west,noaa-goes17,NIGHT,WINTER,CYEG,0,1.0000,1.0000,1.30
2021-01-10T03:33:00+00:00,west,noaa-goes17,NIGHT,WINTER,CYEG,1,0.0000,0.0000,1.30
2021-02-05T04:16:00+00:00,west,noaa-goes17,NIGHT,WINTER,CYEG,0,1.0000,1.0000,1.30
2022-01-12T03:01:00+00:00,west,noaa-goes17,NIGHT,WINTER,CYEG,1,0.0000,0.0000,1.30
2020-03-18T09:35:00+00:00,west,noaa-goes17,NIGHT,SPRING,CYEG,0,0.4444,0.2000,1.30
2025-12-06T03:05:00+00:00,west,noaa-goes18,NIGHT,WINTER,CYEG,0,1.0000,1.0000,1.30
2023-12-03T11:47:00+00:00,west,noaa-goes18,NIGHT,WINTER,CYEG,1,0.0000,0.0400,1.30
2022-11-22T05:04:00+00:00,west,noaa-goes17,NIGHT,AUTUMN,CYEG,0,0.7778,0.7600,1.30
2022-03-19T03:13:00+00:00,west,noaa-goes17,NIGHT,SPRING,CYEG,1,0.0000,0.0000,1.30
2024-08-06T06:58:00+00:00,west,noaa-goes18,NIGHT,SUMMER,CYEG,0,1.0000,1.0000,1.30
2025-07-26T05:31:00+00:00,west,noaa-goes18,NIGHT,SUMMER,CYEG,0,1.0000,1.0000,1.30
2024-10-07T02:13:00+00:00,west,noaa-goes18,NIGHT,AUTUMN,CYEG,1,0.0000,0.0000,1.30
2023-11-18T07:49:00+00:00,west,noaa-goes18,NIGHT,AUTUMN,CYEG,1,0.2222,0.2800,1.30
2023-05-04T05:27:00+00:00,west,noaa-goes18,NIGHT,SPRING,CYEG,0,1.0000,1.0000,1.30
2021-01-19T02:05:00+00:00,west,noaa-goes17,NIGHT,WINTER,CYEG,0,0.5556,0.5200,1.30
2023-10-01T09:33:00+00:00,west,noaa-goes18,NIGHT,AUTUMN,CYEG,1,0.0000,0.0000,1.30
2020-01-01T09:18:00+00:00,west,noaa-goes17,NIGHT,WINTER,CYEG,0,1.0000,1.0000,1.30
2024-08-17T08:31:00+00:00,west,noaa-goes18,NIGHT,SUMMER,CYEG,0,1.0000,1.0000,1.30
2025-11-18T12:06:00+00:00,west,noaa-goes18,NIGHT,AUTUMN,CYEG,0,0.7778,0.7200,1.30
2024-04-23T08:52:00+00:00,west,noaa-goes18,NIGHT,SPRING,CYEG,0,1.0000,1.0000,1.30
2020-03-16T09:53:00+00:00,west,noaa-goes17,NIGHT,SPRING,CYEG,1,0.0000,0.0000,1.30
2021-01-01T10:57:00+00:00,west,noaa-goes17,NIGHT,WINTER,CYEG,1,0.0000,0.0000,1.30
2025-05-25T07:33:00+00:00,west,noaa-goes18,NIGHT,SPRING,CYEG,0,1.0000,1.0000,1.30
2022-01-13T01:37:00+00:00,west,noaa-goes17,NIGHT,WINTER,CYEG,0,1.0000,1.0000,1.30
2022-01-12T06:29:00+00:00,west,noaa-goes17,NIGHT,WINTER,CYEG,0,1.0000,1.0000,1.30
2022-01-12T13:19:00+00:00,west,noaa-goes17,NIGHT,WINTER,CYEG,0,1.0000,1.0000,1.30
2024-12-02T05:57:00+00:00,west,noaa-goes18,NIGHT,WINTER,CYEG,0,1.0000,1.0000,1.30
2022-12-29T11:39:00+00:00,west,noaa-goes17,NIGHT,WINTER,CYEG,0,0.8889,0.9200,1.30
2025-04-04T03:42:00+00:00,west,noaa-goes18,NIGHT,SPRING,CYEG,1,0.0000,0.0000,1.30
2024-01-31T11:58:00+00:00,west,noaa-goes18,NIGHT,WINTER,CYEG,1,0.0000,0.0000,1.30
2020-01-30T03:07:00+00:00,west,noaa-goes17,NIGHT,WINTER,CYEG,0,1.0000,1.0000,1.30
2023-10-06T09:43:00+00:00,west,noaa-goes18,NIGHT,AUTUMN,CYEG,0,1.0000,1.0000,1.30
2025-08-06T06:40:00+00:00,west,noaa-goes18,NIGHT,SUMMER,CYEG,1,0.0000,0.0400,1.30
2025-04-26T06:22:00+00:00,west,noaa-goes18,NIGHT,SPRING,CYEG,0,1.0000,1.0000,1.30
2023-04-16T06:44:00+00:00,west,noaa-goes18,NIGHT,SPRING,CYEG,0,1.0000,1.0000,1.30
2021-11-20T12:12:00+00:00,west,noaa-goes17,NIGHT,AUTUMN,CYEG,0,1.0000,1.0000,1.30
2020-11-16T11:22:00+00:00,west,noaa-goes17,NIGHT,AUTUMN,CYEG,0,0.4444,0.4400,1.30
2024-12-20T08:55:00+00:00,west,noaa-goes18,NIGHT,WINTER,CYEG,0,1.0000,1.0000,1.30
2021-06-15T08:01:00+00:00,west,noaa-goes17,NIGHT,SUMMER,CYEG,1,0.0000,0.0000,1.30
2024-02-02T07:28:00+00:00,west,noaa-goes18,NIGHT,WINTER,CYEG,1,0.0000,0.0000,1.30
2023-07-13T07:41:00+00:00,west,noaa-goes18,NIGHT,SUMMER,CYEG,0,1.0000,1.0000,1.30
2022-11-25T10:56:00+00:00,west,noaa-goes17,NIGHT,AUTUMN,CYEG,1,0.0000,0.0000,1.30
2023-12-02T08:35:00+00:00,west,noaa-goes18,NIGHT,WINTER,CYEG,0,1.0000,1.0000,1.30
2020-01-30T11:14:00+00:00,west,noaa-goes17,NIGHT,WINTER,CYEG,0,0.6667,0.6400,1.30
2025-12-19T06:12:00+00:00,west,noaa-goes18,NIGHT,WINTER,CYEG,0,0.5556,0.6000,1.30
2025-12-25T11:59:00+00:00,west,noaa-goes18,NIGHT,WINTER,CYEG,1,0.0000,0.0000,1.30
2021-05-10T07:26:00+00:00,west,noaa-goes17,NIGHT,SPRING,CYEG,1,0.0000,0.0000,1.30
2024-04-04T09:47:00+00:00,west,noaa-goes18,NIGHT,SPRING,CYEG,0,1.0000,1.0000,1.30
2025-11-19T01:44:00+00:00,west,noaa-goes18,NIGHT,AUTUMN,CYEG,0,1.0000,1.0000,1.30
2023-12-11T00:46:00+00:00,west,noaa-goes18,NIGHT,WINTER,CYEG,0,1.0000,1.0000,1.30
2024-05-01T06:11:00+00:00,west,noaa-goes18,NIGHT,SPRING,CYEG,0,1.0000,1.0000,1.30
2025-10-16T07:55:00+00:00,west,noaa-goes18,NIGHT,AUTUMN,CYEG,1,0.0000,0.0000,1.30
2024-11-03T06:12:00+00:00,west,noaa-goes18,NIGHT,AUTUMN,CYEG,0,1.0000,1.0000,1.30
2020-06-01T07:13:00+00:00,west,noaa-goes17,NIGHT,SUMMER,CYEG,0,1.0000,1.0000,1.30
2025-04-27T08:07:00+00:00,west,noaa-goes18,NIGHT,SPRING,CYEG,0,1.0000,1.0000,1.30
2025-04-06T06:33:00+00:00,west,noaa-goes18,NIGHT,SPRING,CYEG,1,0.0000,0.0000,1.30
2022-03-15T07:55:00+00:00,west,noaa-goes17,NIGHT,SPRING,CYEG,0,1.0000,1.0000,1.30
2022-12-15T08:13:00+00:00,west,noaa-goes17,NIGHT,WINTER,CYEG,1,0.0000,0.0000,1.30
2024-02-29T08:45:00+00:00,west,noaa-goes18,NIGHT,WINTER,CYEG,0,1.0000,1.0000,1.30
2022-01-21T13:02:00+00:00,west,noaa-goes17,NIGHT,WINTER,CYEG,0,1.0000,1.0000,1.30
2022-01-30T14:01:00+00:00,west,noaa-goes17,NIGHT,WINTER,CYEG,0,1.0000,1.0000,1.30
2021-05-05T05:38:00+00:00,west,noaa-goes17,NIGHT,SPRING,CYEG,0,1.0000,1.0000,1.30
2022-01-16T07:56:00+00:00,west,noaa-goes17,NIGHT,WINTER,CYEG,1,0.0000,0.0000,1.30
2021-06-05T06:31:00+00:00,west,noaa-goes17,NIGHT,SUMMER,CYEG,1,0.3333,0.2800,1.30
2025-03-06T08:23:00+00:00,west,noaa-goes18,NIGHT,SPRING,CYEG,1,0.0000,0.0000,1.30
2025-11-03T09:43:00+00:00,west,noaa-goes18,NIGHT,AUTUMN,CYEG,1,0.1111,0.2800,1.30
2020-02-06T10:58:00+00:00,west,noaa-goes17,NIGHT,WINTER,CYEG,0,1.0000,1.0000,1.30
2024-10-16T08:02:00+00:00,west,noaa-goes18,NIGHT,AUTUMN,CYEG,0,1.0000,1.0000,1.30
2025-12-01T06:48:00+00:00,west,noaa-goes18,NIGHT,WINTER,CYEG,1,0.4444,0.4800,1.30
2020-02-13T07:16:00+00:00,west,noaa-goes17,NIGHT,WINTER,CYEG,1,0.4444,0.6800,1.30
2025-10-20T11:29:00+00:00,west,noaa-goes18,NIGHT,AUTUMN,CYEG,0,1.0000,1.0000,1.30
2020-01-30T09:56:00+00:00,west,noaa-goes17,NIGHT,WINTER,CYEG,1,0.0000,0.0400,1.30
2025-05-16T05:32:00+00:00,west,noaa-goes18,NIGHT,SPRING,CYEG,1,0.0000,0.0400,1.30
2022-02-13T03:55:00+00:00,west,noaa-goes17,NIGHT,WINTER,CYEG,0,1.0000,1.0000,1.30
2025-09-03T07:50:00+00:00,west,noaa-goes18,NIGHT,AUTUMN,CYEG,0,1.0000,1.0000,1.30
2024-05-16T08:15:00+00:00,west,noaa-goes18,NIGHT,SPRING,CYEG,0,1.0000,1.0000,1.30
2020-12-04T13:31:00+00:00,west,noaa-goes17,NIGHT,WINTER,CYEG,1,0.0000,0.0000,1.30
2025-10-27T10:47:00+00:00,west,noaa-goes18,NIGHT,AUTUMN,CYEG,0,1.0000,1.0000,1.30
2025-08-20T08:16:00+00:00,west,noaa-goes18,NIGHT,SUMMER,CYEG,0,0.7778,0.8000,1.30
2022-12-30T01:35:00+00:00,west,noaa-goes17,NIGHT,WINTER,CYEG,0,1.0000,0.9600,1.30
2024-03-02T13:00:00+00:00,west,noaa-goes18,NIGHT,SPRING,CYEG,0,1.0000,1.0000,1.30
2023-11-02T04:27:00+00:00,west,noaa-goes18,NIGHT,AUTUMN,CYEG,0,1.0000,1.0000,1.30
2024-01-21T05:13:00+00:00,west,noaa-goes18,NIGHT,WINTER,CYEG,0,0.6667,0.6800,1.30
2020-01-14T07:01:00+00:00,west,noaa-goes17,NIGHT,WINTER,CYEG,1,0.0000,0.0000,1.30
2020-09-03T05:43:00+00:00,west,noaa-goes17,NIGHT,AUTUMN,CYEG,0,1.0000,1.0000,1.30
2025-03-11T06:59:00+00:00,west,noaa-goes18,NIGHT,SPRING,CYEG,0,1.0000,1.0000,1.30
2024-01-03T06:05:00+00:00,west,noaa-goes18,NIGHT,WINTER,CYEG,0,0.8889,0.9600,1.30
2023-04-11T04:12:00+00:00,west,noaa-goes18,NIGHT,SPRING,CYEG,0,1.0000,1.0000,1.30
2023-11-20T09:33:00+00:00,west,noaa-goes18,NIGHT,AUTUMN,CYEG,1,0.0000,0.0000,1.30
2025-01-05T06:37:00+00:00,west,noaa-goes18,NIGHT,WINTER,CYEG,1,0.0000,0.1200,1.30
2023-09-03T07:33:00+00:00,west,noaa-goes18,NIGHT,AUTUMN,CYEG,0,1.0000,1.0000,1.30
2021-03-05T11:54:00+00:00,west,noaa-goes17,NIGHT,SPRING,CYEG,0,1.0000,1.0000,1.30
2023-01-29T04:37:00+00:00,west,noaa-goes18,NIGHT,WINTER,CYEG,0,1.0000,0.8800,1.30
2023-12-25T03:32:00+00:00,west,noaa-goes18,NIGHT,WINTER,CYEG,1,0.1111,0.3200,1.30
2023-11-07T05:55:00+00:00,west,noaa-goes18,NIGHT,AUTUMN,CYEG,0,1.0000,1.0000,1.30
2024-01-24T11:41:00+00:00,west,noaa-goes18,NIGHT,WINTER,CYEG,0,1.0000,1.0000,1.30
2020-11-20T10:57:00+00:00,west,noaa-goes17,NIGHT,AUTUMN,CYEG,0,1.0000,0.8800,1.30
2025-10-03T03:36:00+00:00,west,noaa-goes18,NIGHT,AUTUMN,CYEG,0,1.0000,1.0000,1.30
2024-01-19T11:50:00+00:00,west,noaa-goes18,NIGHT,WINTER,CYEG,1,0.4444,0.3200,1.30
2020-11-14T01:32:00+00:00,west,noaa-goes17,NIGHT,AUTUMN,CYEG,0,1.0000,1.0000,1.30
2023-09-12T09:28:00+00:00,west,noaa-goes18,NIGHT,AUTUMN,CYEG,0,1.0000,1.0000,1.30
2025-07-12T08:23:00+00:00,west,noaa-goes18,NIGHT,SUMMER,CYEG,0,1.0000,1.0000,1.30
2022-01-06T11:18:00+00:00,west,noaa-goes17,NIGHT,WINTER,CYEG,1,0.0000,0.0000,1.30
2023-03-13T10:57:00+00:00,west,noaa-goes18,NIGHT,SPRING,CYEG,0,1.0000,1.0000,1.30
2021-06-27T06:43:00+00:00,west,noaa-goes17,NIGHT,SUMMER,CYEG,1,0.2222,0.1600,1.30
2023-09-13T11:37:00+00:00,west,noaa-goes18,NIGHT,AUTUMN,CYEG,0,1.0000,1.0000,1.30
2020-05-02T05:49:00+00:00,west,noaa-goes17,NIGHT,SPRING,CYEG,1,0.0000,0.0000,1.30
2025-01-18T13:28:00+00:00,west,noaa-goes18,NIGHT,WINTER,CYEG,0,1.0000,1.0000,1.30
2024-02-15T03:44:00+00:00,west,noaa-goes18,NIGHT,WINTER,CYEG,0,1.0000,1.0000,1.30
2022-04-07T08:06:00+00:00,west,noaa-goes17,NIGHT,SPRING,CYEG,0,0.5556,0.4000,1.30
2023-03-04T11:21:00+00:00,west,noaa-goes18,NIGHT,SPRING,CYEG,0,1.0000,0.8800,1.30
2022-09-12T09:22:00+00:00,west,noaa-goes17,NIGHT,AUTUMN,CYEG,1,0.0000,0.0400,1.30
2024-01-29T13:51:00+00:00,west,noaa-goes18,NIGHT,WINTER,CYEG,0,1.0000,1.0000,1.30
2022-02-06T03:27:00+00:00,west,noaa-goes17,NIGHT,WINTER,CYEG,0,1.0000,1.0000,1.30
2022-05-29T06:23:00+00:00,west,noaa-goes17,NIGHT,SPRING,CYEG,1,0.1111,0.2000,1.30
2023-04-18T06:05:00+00:00,west,noaa-goes18,NIGHT,SPRING,CYEG,0,1.0000,1.0000,1.30
2023-08-08T05:05:00+00:00,west,noaa-goes18,NIGHT,SUMMER,CYEG,0,1.0000,1.0000,1.30
2024-02-18T11:50:00+00:00,west,noaa-goes18,NIGHT,WINTER,CYEG,1,0.0000,0.0000,1.30
2021-01-15T03:23:00+00:00,west,noaa-goes17,NIGHT,WINTER,CYEG,0,1.0000,1.0000,1.30
2022-04-18T05:02:00+00:00,west,noaa-goes17,NIGHT,SPRING,CYEG,0,0.8889,0.9600,1.30
2021-10-24T12:18:00+00:00,west,noaa-goes17,NIGHT,AUTUMN,CYEG,0,1.0000,1.0000,1.30
2024-11-10T07:31:00+00:00,west,noaa-goes18,NIGHT,AUTUMN,CYEG,0,1.0000,1.0000,1.30
2025-01-28T13:25:00+00:00,west,noaa-goes18,NIGHT,WINTER,CYEG,0,1.0000,1.0000,1.30
2023-01-23T04:47:00+00:00,west,noaa-goes18,NIGHT,WINTER,CYEG,1,0.0000,0.0000,1.30
2021-01-14T05:18:00+00:00,west,noaa-goes17,NIGHT,WINTER,CYEG,1,0.0000,0.0000,1.30
2025-05-23T08:09:00+00:00,west,noaa-goes18,NIGHT,SPRING,CYEG,0,1.0000,1.0000,1.30
2024-08-18T09:17:00+00:00,west,noaa-goes18,NIGHT,SUMMER,CYEG,1,0.0000,0.0000,1.30
2020-05-02T08:29:00+00:00,west,noaa-goes17,NIGHT,SPRING,CYEG,1,0.0000,0.0000,1.30
2024-11-13T13:15:00+00:00,west,noaa-goes18,NIGHT,AUTUMN,CYEG,0,1.0000,1.0000,1.30
2023-05-23T08:39:00+00:00,west,noaa-goes18,NIGHT,SPRING,CYEG,0,1.0000,1.0000,1.30
2021-11-22T09:24:00+00:00,west,noaa-goes17,NIGHT,AUTUMN,CYEG,0,1.0000,1.0000,1.30
2020-12-27T09:59:00+00:00,west,noaa-goes17,NIGHT,WINTER,CYEG,1,0.0000,0.0000,1.30
2022-11-19T12:52:00+00:00,west,noaa-goes17,NIGHT,AUTUMN,CYEG,1,0.5556,0.7600,1.30
2023-10-03T07:05:00+00:00,west,noaa-goes18,NIGHT,AUTUMN,CYEG,0,1.0000,1.0000,1.30
2023-09-01T10:51:00+00:00,west,noaa-goes18,NIGHT,AUTUMN,CYEG,0,0.4444,0.5600,1.30
2024-11-25T12:19:00+00:00,west,noaa-goes18,NIGHT,AUTUMN,CYEG,0,1.0000,1.0000,1.30
2024-03-16T08:49:00+00:00,west,noaa-goes18,NIGHT,SPRING,CYEG,0,1.0000,1.0000,1.30
2025-10-28T02:57:00+00:00,west,noaa-goes18,NIGHT,AUTUMN,CYEG,0,1.0000,1.0000,1.30
2022-01-15T04:36:00+00:00,west,noaa-goes17,NIGHT,WINTER,CYEG,0,1.0000,1.0000,1.30
2021-07-12T08:24:00+00:00,west,noaa-goes17,NIGHT,SUMMER,CYEG,1,0.0000,0.0400,1.30
2020-08-02T07:29:00+00:00,west,noaa-goes17,NIGHT,SUMMER,CYEG,0,1.0000,1.0000,1.30
2023-01-10T01:24:00+00:00,west,noaa-goes18,NIGHT,WINTER,CYEG,1,0.0000,0.0400,1.30
2020-09-20T06:32:00+00:00,west,noaa-goes17,NIGHT,AUTUMN,CYEG,0,1.0000,1.0000,1.30
2025-11-03T10:31:00+00:00,west,noaa-goes18,NIGHT,AUTUMN,CYEG,1,0.3333,0.3200,1.30
2025-08-15T07:03:00+00:00,west,noaa-goes18,NIGHT,SUMMER,CYEG,0,1.0000,1.0000,1.30
2022-12-23T10:20:00+00:00,west,noaa-goes17,NIGHT,WINTER,CYEG,0,0.8889,0.8800,1.30
2020-01-09T01:56:00+00:00,west,noaa-goes17,NIGHT,WINTER,CYEG,1,0.0000,0.0000,1.30
2023-12-15T10:04:00+00:00,west,noaa-goes18,NIGHT,WINTER,CYEG,0,1.0000,1.0000,1.30
2022-12-17T06:26:00+00:00,west,noaa-goes17,NIGHT,WINTER,CYEG,0,1.0000,1.0000,1.30
2021-03-15T08:27:00+00:00,west,noaa-goes17,NIGHT,SPRING,CYEG,0,1.0000,1.0000,1.30
2023-12-25T06:56:00+00:00,west,noaa-goes18,NIGHT,WINTER,CYEG,1,0.5556,0.5600,1.30
2020-07-26T07:20:00+00:00,west,noaa-goes17,NIGHT,SUMMER,CYEG,0,1.0000,0.8000,1.30
2020-03-29T10:26:00+00:00,west,noaa-goes17,NIGHT,SPRING,CYEG,0,1.0000,1.0000,1.30
2022-02-07T05:53:00+00:00,west,noaa-goes17,NIGHT,WINTER,CYEG,0,1.0000,1.0000,1.30
2022-04-18T05:54:00+00:00,west,noaa-goes17,NIGHT,SPRING,CYEG,1,0.4444,0.5600,1.30
2020-07-14T08:08:00+00:00,west,noaa-goes17,NIGHT,SUMMER,CYEG,0,1.0000,1.0000,1.30
2024-01-29T04:08:00+00:00,west,noaa-goes18,NIGHT,WINTER,CYEG,1,0.0000,0.0000,1.30
2020-03-26T10:54:00+00:00,west,noaa-goes17,NIGHT,SPRING,CYEG,1,0.1111,0.0800,1.30
2022-01-08T11:39:00+00:00,west,noaa-goes17,NIGHT,WINTER,CYEG,1,0.3333,0.4800,1.30
2024-10-24T03:07:00+00:00,west,noaa-goes18,NIGHT,AUTUMN,CYEG,0,1.0000,1.0000,1.30
2023-04-02T06:20:00+00:00,west,noaa-goes18,NIGHT,SPRING,CYEG,0,1.0000,1.0000,1.30
2025-08-25T06:02:00+00:00,west,noaa-goes18,NIGHT,SUMMER,CYEG,1,0.0000,0.0000,1.30
2024-02-09T03:14:00+00:00,west,noaa-goes18,NIGHT,WINTER,CYEG,0,1.0000,1.0000,1.30
2021-09-19T04:06:00+00:00,west,noaa-goes17,NIGHT,AUTUMN,CYEG,0,1.0000,1.0000,1.30
2025-02-09T09:21:00+00:00,west,noaa-goes18,NIGHT,WINTER,CYEG,0,1.0000,1.0000,1.30
2022-10-03T02:39:00+00:00,west,noaa-goes17,NIGHT,AUTUMN,CYEG,0,1.0000,1.0000,1.30
2022-10-16T02:11:00+00:00,west,noaa-goes17,NIGHT,AUTUMN,CYEG,0,1.0000,1.0000,1.30
2023-12-10T12:54:00+00:00,west,noaa-goes18,NIGHT,WINTER,CYEG,1,0.0000,0.0000,1.30
2023-08-27T10:21:00+00:00,west,noaa-goes18,NIGHT,SUMMER,CYEG,1,0.0000,0.0000,1.30
2020-02-01T11:57:00+00:00,west,noaa-goes17,NIGHT,WINTER,CYEG,0,1.0000,1.0000,1.30
2020-01-12T10:29:00+00:00,west,noaa-goes17,NIGHT,WINTER,CYEG,0,1.0000,1.0000,1.30
2020-11-07T02:11:00+00:00,west,noaa-goes17,NIGHT,AUTUMN,CYEG,0,1.0000,1.0000,1.30
2021-01-09T12:29:00+00:00,west,noaa-goes17,NIGHT,WINTER,CYEG,1,0.6667,0.7600,1.30
2022-04-09T05:15:00+00:00,west,noaa-goes17,NIGHT,SPRING,CYEG,0,1.0000,1.0000,1.30
2024-02-03T06:36:00+00:00,west,noaa-goes18,NIGHT,WINTER,CYEG,1,0.3333,0.4000,1.30
2024-02-26T08:33:00+00:00,west,noaa-goes18,NIGHT,WINTER,CYEG,0,1.0000,1.0000,1.30
2024-09-10T10:30:00+00:00,west,noaa-goes18,NIGHT,AUTUMN,CYEG,1,0.0000,0.0000,1.30
2023-04-30T06:09:00+00:00,west,noaa-goes18,NIGHT,SPRING,CYEG,1,0.3333,0.2800,1.30
2023-01-16T05:25:00+00:00,west,noaa-goes18,NIGHT,WINTER,CYEG,0,1.0000,1.0000,1.30
2022-12-21T13:47:00+00:00,west,noaa-goes17,NIGHT,WINTER,CYEG,0,0.4444,0.3600,1.30
2025-12-04T10:40:00+00:00,west,noaa-goes18,NIGHT,WINTER,CYEG,0,1.0000,1.0000,1.30
2020-04-10T04:46:00+00:00,west,noaa-goes17,NIGHT,SPRING,CYEG,0,1.0000,1.0000,1.30
2020-05-21T09:04:00+00:00,west,noaa-goes17,NIGHT,SPRING,CYEG,0,1.0000,1.0000,1.30
2020-09-22T10:45:00+00:00,west,noaa-goes17,NIGHT,AUTUMN,CYEG,0,1.0000,1.0000,1.30
2023-02-28T03:25:00+00:00,west,noaa-goes18,NIGHT,WINTER,CYEG,1,0.0000,0.0000,1.30
2022-12-15T07:28:00+00:00,west,noaa-goes17,NIGHT,WINTER,CYEG,1,0.0000,0.0000,1.30
2025-01-12T01:40:00+00:00,west,noaa-goes18,NIGHT,WINTER,CYEG,0,1.0000,1.0000,1.30
2023-01-09T14:03:00+00:00,west,noaa-goes18,NIGHT,WINTER,CYEG,0,1.0000,1.0000,1.30
2021-03-31T05:21:00+00:00,west,noaa-goes17,NIGHT,SPRING,CYEG,0,1.0000,1.0000,1.30
2022-07-06T06:58:00+00:00,west,noaa-goes17,NIGHT,SUMMER,CYEG,0,1.0000,1.0000,1.30
2024-03-12T12:33:00+00:00,west,noaa-goes18,NIGHT,SPRING,CYEG,0,1.0000,1.0000,1.30
2024-12-25T11:02:00+00:00,west,noaa-goes18,NIGHT,WINTER,CYEG,1,0.0000,0.0400,1.30
2020-12-09T12:38:00+00:00,west,noaa-goes17,NIGHT,WINTER,CYEG,0,1.0000,1.0000,1.30
2024-04-14T11:00:00+00:00,west,noaa-goes18,NIGHT,SPRING,CYEG,0,1.0000,1.0000,1.30
2022-12-04T12:11:00+00:00,west,noaa-goes17,NIGHT,WINTER,CYEG,0,1.0000,0.8400,1.30
2022-01-16T14:07:00+00:00,west,noaa-goes17,NIGHT,WINTER,CYEG,0,1.0000,1.0000,1.30
2020-09-22T03:35:00+00:00,west,noaa-goes17,NIGHT,AUTUMN,CYEG,0,1.0000,1.0000,1.30
2022-03-15T04:31:00+00:00,west,noaa-goes17,NIGHT,SPRING,CYEG,0,1.0000,1.0000,1.30
2025-03-16T04:44:00+00:00,west,noaa-goes18,NIGHT,SPRING,CYEG,0,1.0000,1.0000,1.30
2021-02-15T03:36:00+00:00,west,noaa-goes17,NIGHT,WINTER,CYEG,0,1.0000,0.9600,1.30
2024-01-22T12:44:00+00:00,west,noaa-goes18,NIGHT,WINTER,CYEG,0,1.0000,1.0000,1.30
2021-11-16T04:02:00+00:00,west,noaa-goes17,NIGHT,AUTUMN,CYEG,0,0.8889,0.9600,1.30
2023-12-21T03:13:00+00:00,west,noaa-goes18,NIGHT,WINTER,CYEG,0,1.0000,1.0000,1.30
2024-02-17T12:15:00+00:00,west,noaa-goes18,NIGHT,WINTER,CYEG,1,0.0000,0.0000,1.30
2025-02-25T09:46:00+00:00,west,noaa-goes18,NIGHT,WINTER,CYEG,0,1.0000,1.0000,1.30
2021-12-16T11:02:00+00:00,west,noaa-goes17,NIGHT,WINTER,CYEG,0,1.0000,1.0000,1.30
2025-07-27T08:32:00+00:00,west,noaa-goes18,NIGHT,SUMMER,CYEG,0,1.0000,0.8400,1.30
2025-01-14T09:31:00+00:00,west,noaa-goes18,NIGHT,WINTER,CYEG,1,0.0000,0.0000,1.30
2023-06-11T06:34:00+00:00,west,noaa-goes18,NIGHT,SUMMER,CYEG,1,0.0000,0.0000,1.30
2023-12-07T04:49:00+00:00,west,noaa-goes18,NIGHT,WINTER,CYEG,0,1.0000,1.0000,1.30
2024-04-05T08:27:00+00:00,west,noaa-goes18,NIGHT,SPRING,CYEG,0,1.0000,1.0000,1.30
2023-09-19T05:27:00+00:00,west,noaa-goes18,NIGHT,AUTUMN,CYEG,1,0.0000,0.0400,1.30
2021-12-04T01:08:00+00:00,west,noaa-goes17,NIGHT,WINTER,CYEG,1,0.0000,0.0000,1.30
2022-03-17T09:47:00+00:00,west,noaa-goes17,NIGHT,SPRING,CYEG,1,0.0000,0.0000,1.30
2024-02-17T03:28:00+00:00,west,noaa-goes18,NIGHT,WINTER,CYEG,1,0.0000,0.0000,1.30
2024-12-04T11:53:00+00:00,west,noaa-goes18,NIGHT,WINTER,CYEG,0,1.0000,1.0000,1.30
2022-05-17T09:41:00+00:00,west,noaa-goes17,NIGHT,SPRING,CYEG,0,1.0000,1.0000,1.30
2023-07-31T06:22:00+00:00,west,noaa-goes18,NIGHT,SUMMER,CYEG,0,1.0000,0.8400,1.30
2020-11-09T02:44:00+00:00,west,noaa-goes17,NIGHT,AUTUMN,CYEG,1,0.0000,0.0000,1.30
2025-02-24T05:03:00+00:00,west,noaa-goes18,NIGHT,WINTER,CYEG,1,0.2222,0.2800,1.30
2022-02-09T12:37:00+00:00,west,noaa-goes17,NIGHT,WINTER,CYEG,0,1.0000,1.0000,1.30
2023-12-14T13:11:00+00:00,west,noaa-goes18,NIGHT,WINTER,CYEG,0,1.0000,1.0000,1.30
2022-11-16T06:12:00+00:00,west,noaa-goes17,NIGHT,AUTUMN,CYEG,0,1.0000,0.9600,1.30
2021-02-15T13:34:00+00:00,west,noaa-goes17,NIGHT,WINTER,CYEG,0,1.0000,0.9600,1.30
2023-01-20T07:49:00+00:00,west,noaa-goes18,NIGHT,WINTER,CYEG,0,1.0000,1.0000,1.30
2023-01-21T08:51:00+00:00,west,noaa-goes18,NIGHT,WINTER,CYEG,0,1.0000,1.0000,1.30
2025-04-25T08:39:00+00:00,west,noaa-goes18,NIGHT,SPRING,CYEG,1,0.0000,0.0800,1.30
2022-03-01T11:17:00+00:00,west,noaa-goes17,NIGHT,SPRING,CYEG,0,1.0000,1.0000,1.30
2021-09-07T03:58:00+00:00,west,noaa-goes17,NIGHT,AUTUMN,CYEG,0,1.0000,1.0000,1.30
2020-01-06T03:54:00+00:00,west,noaa-goes17,NIGHT,WINTER,CYEG,0,1.0000,1.0000,1.30
2025-11-18T02:32:00+00:00,west,noaa-goes18,NIGHT,AUTUMN,CYEG,0,1.0000,1.0000,1.30
2022-10-02T11:28:00+00:00,west,noaa-goes17,NIGHT,AUTUMN,CYEG,1,0.0000,0.0400,1.30
2023-08-07T06:33:00+00:00,west,noaa-goes18,NIGHT,SUMMER,CYEG,1,0.0000,0.0000,1.30
2020-11-13T03:05:00+00:00,west,noaa-goes17,NIGHT,AUTUMN,CYEG,0,1.0000,1.0000,1.30
2020-06-02T06:19:00+00:00,west,noaa-goes17,NIGHT,SUMMER,CYEG,0,1.0000,1.0000,1.30
2025-02-19T11:25:00+00:00,west,noaa-goes18,NIGHT,WINTER,CYEG,1,0.0000,0.0000,1.30
2024-08-14T09:53:00+00:00,west,noaa-goes18,NIGHT,SUMMER,CYEG,0,1.0000,1.0000,1.30
2021-10-22T12:11:00+00:00,west,noaa-goes17,NIGHT,AUTUMN,CYEG,0,1.0000,1.0000,1.30
2023-08-17T09:26:00+00:00,west,noaa-goes18,NIGHT,SUMMER,CYEG,0,1.0000,0.8000,1.30
2021-12-29T03:53:00+00:00,west,noaa-goes17,NIGHT,WINTER,CYEG,1,0.4444,0.6000,1.30
2022-10-23T12:39:00+00:00,west,noaa-goes17,NIGHT,AUTUMN,CYEG,0,1.0000,1.0000,1.30
2021-11-25T04:42:00+00:00,west,noaa-goes17,NIGHT,AUTUMN,CYEG,0,1.0000,1.0000,1.30
2023-04-23T07:17:00+00:00,west,noaa-goes18,NIGHT,SPRING,CYEG,0,1.0000,1.0000,1.30
2023-10-26T08:30:00+00:00,west,noaa-goes18,NIGHT,AUTUMN,CYEG,0,1.0000,1.0000,1.30
2020-11-11T01:28:00+00:00,west,noaa-goes17,NIGHT,AUTUMN,CYEG,0,1.0000,1.0000,1.30
2024-01-04T03:25:00+00:00,west,noaa-goes18,NIGHT,WINTER,CYEG,0,1.0000,1.0000,1.30
2020-11-01T08:40:00+00:00,west,noaa-goes17,NIGHT,AUTUMN,CYEG,0,1.0000,1.0000,1.30
2020-01-02T05:10:00+00:00,west,noaa-goes17,NIGHT,WINTER,CYEG,1,0.7778,0.8800,1.30
2024-11-21T08:42:00+00:00,west,noaa-goes18,NIGHT,AUTUMN,CYEG,0,1.0000,1.0000,1.30
2023-10-07T08:07:00+00:00,west,noaa-goes18,NIGHT,AUTUMN,CYEG,0,1.0000,1.0000,1.30
2020-02-20T04:33:00+00:00,west,noaa-goes17,NIGHT,WINTER,CYEG,1,0.0000,0.0000,1.30
2020-10-02T10:57:00+00:00,west,noaa-goes17,NIGHT,AUTUMN,CYEG,1,0.0000,0.0000,1.30
2021-11-28T02:52:00+00:00,west,noaa-goes17,NIGHT,AUTUMN,CYEG,0,1.0000,1.0000,1.30
2020-01-29T02:13:00+00:00,west,noaa-goes17,NIGHT,WINTER,CYEG,0,0.8889,0.6000,1.30
2025-10-03T11:44:00+00:00,west,noaa-goes18,NIGHT,AUTUMN,CYEG,0,0.2222,0.3200,1.30
2023-03-11T05:26:00+00:00,west,noaa-goes18,NIGHT,SPRING,CYEG,0,1.0000,1.0000,1.30
2021-05-09T05:52:00+00:00,west,noaa-goes17,NIGHT,SPRING,CYEG,0,1.0000,1.0000,1.30
2021-05-25T07:42:00+00:00,west,noaa-goes17,NIGHT,SPRING,CYEG,0,1.0000,1.0000,1.30
2025-12-25T05:56:00+00:00,west,noaa-goes18,NIGHT,WINTER,CYEG,0,1.0000,1.0000,1.30
2022-10-28T12:11:00+00:00,west,noaa-goes17,NIGHT,AUTUMN,CYEG,0,1.0000,1.0000,1.30
2023-07-06T07:59:00+00:00,west,noaa-goes18,NIGHT,SUMMER,CYEG,0,1.0000,0.9600,1.30
2022-11-02T05:15:00+00:00,west,noaa-goes17,NIGHT,AUTUMN,CYEG,0,1.0000,1.0000,1.30
2025-04-08T09:03:00+00:00,west,noaa-goes18,NIGHT,SPRING,CYEG,0,1.0000,1.0000,1.30
2022-01-01T09:53:00+00:00,west,noaa-goes17,NIGHT,WINTER,CYEG,1,0.0000,0.0400,1.30
2025-03-07T04:22:00+00:00,west,noaa-goes18,NIGHT,SPRING,CYEG,1,0.0000,0.0000,1.30
2023-02-06T05:27:00+00:00,west,noaa-goes18,NIGHT,WINTER,CYEG,1,0.0000,0.0000,1.30
2023-11-19T09:56:00+00:00,west,noaa-goes18,NIGHT,AUTUMN,CYEG,1,0.0000,0.1200,1.30
2020-06-11T08:11:00+00:00,west,noaa-goes17,NIGHT,SUMMER,CYEG,0,1.0000,1.0000,1.30
2020-10-16T02:46:00+00:00,west,noaa-goes17,NIGHT,AUTUMN,CYEG,0,1.0000,1.0000,1.30
2024-06-24T06:50:00+00:00,west,noaa-goes18,NIGHT,SUMMER,CYEG,0,0.5556,0.5200,1.30
2024-08-25T04:49:00+00:00,west,noaa-goes18,NIGHT,SUMMER,CYEG,0,1.0000,1.0000,1.30
2020-02-17T10:58:00+00:00,west,noaa-goes17,NIGHT,WINTER,CYEG,0,1.0000,0.9600,1.30
2024-01-08T02:39:00+00:00,west,noaa-goes18,NIGHT,WINTER,CYEG,0,0.5556,0.2800,1.30
2024-01-10T08:47:00+00:00,west,noaa-goes18,NIGHT,WINTER,CYEG,0,1.0000,1.0000,1.30
2021-12-02T05:57:00+00:00,west,noaa-goes17,NIGHT,WINTER,CYEG,0,0.8889,0.7600,1.30
2023-10-10T03:12:00+00:00,west,noaa-goes18,NIGHT,AUTUMN,CYEG,1,0.5556,0.3600,1.30
2023-12-08T09:06:00+00:00,west,noaa-goes18,NIGHT,WINTER,CYEG,0,1.0000,1.0000,1.30
2024-08-20T06:42:00+00:00,west,noaa-goes18,NIGHT,SUMMER,CYEG,0,1.0000,1.0000,1.30
2023-12-22T03:58:00+00:00,west,noaa-goes18,NIGHT,WINTER,CYEG,0,1.0000,1.0000,1.30
2023-11-04T03:43:00+00:00,west,noaa-goes18,NIGHT,AUTUMN,CYEG,0,1.0000,1.0000,1.30
2020-02-10T10:46:00+00:00,west,noaa-goes17,NIGHT,WINTER,CYEG,0,1.0000,1.0000,1.30
2020-05-04T08:04:00+00:00,west,noaa-goes17,NIGHT,SPRING,CYEG,0,1.0000,1.0000,1.30
2025-07-05T07:31:00+00:00,west,noaa-goes18,NIGHT,SUMMER,CYEG,1,0.0000,0.0000,1.30
2022-12-04T04:26:00+00:00,west,noaa-goes17,NIGHT,WINTER,CYEG,1,0.3333,0.4400,1.30
2021-04-03T04:33:00+00:00,west,noaa-goes17,NIGHT,SPRING,CYEG,0,1.0000,1.0000,1.30
2025-12-21T03:32:00+00:00,west,noaa-goes18,NIGHT,WINTER,CYEG,0,1.0000,1.0000,1.30
2020-03-17T07:45:00+00:00,west,noaa-goes17,NIGHT,SPRING,CYEG,0,1.0000,1.0000,1.30
2024-09-06T09:35:00+00:00,west,noaa-goes18,NIGHT,AUTUMN,CYEG,1,0.0000,0.0000,1.30
2020-12-23T14:02:00+00:00,west,noaa-goes17,NIGHT,WINTER,CYEG,0,1.0000,1.0000,1.30
2022-02-23T05:48:00+00:00,west,noaa-goes17,NIGHT,WINTER,CYEG,1,0.0000,0.0000,1.30
2020-09-20T09:36:00+00:00,west,noaa-goes17,NIGHT,AUTUMN,CYEG,0,1.0000,1.0000,1.30
2025-07-22T08:13:00+00:00,west,noaa-goes18,NIGHT,SUMMER,CYEG,0,1.0000,1.0000,1.30
2021-03-28T06:07:00+00:00,west,noaa-goes17,NIGHT,SPRING,CYEG,0,1.0000,1.0000,1.30
2025-04-18T04:43:00+00:00,west,noaa-goes18,NIGHT,SPRING,CYEG,0,1.0000,1.0000,1.30
2024-01-03T13:48:00+00:00,west,noaa-goes18,NIGHT,WINTER,CYEG,0,1.0000,1.0000,1.30
2025-03-16T04:42:00+00:00,west,noaa-goes18,NIGHT,SPRING,CYEG,0,1.0000,1.0000,1.30
2020-11-09T04:50:00+00:00,west,noaa-goes17,NIGHT,AUTUMN,CYEG,0,0.6667,0.5200,1.30
2020-06-08T08:23:00+00:00,west,noaa-goes17,NIGHT,SUMMER,CYEG,0,1.0000,1.0000,1.30
2023-02-23T03:34:00+00:00,west,noaa-goes18,NIGHT,WINTER,CYEG,0,1.0000,1.0000,1.30
2020-06-13T07:40:00+00:00,west,noaa-goes17,NIGHT,SUMMER,CYEG,0,1.0000,1.0000,1.30
2021-03-14T11:56:00+00:00,west,noaa-goes17,NIGHT,SPRING,CYEG,0,1.0000,1.0000,1.30
2023-08-25T07:42:00+00:00,west,noaa-goes18,NIGHT,SUMMER,CYEG,1,0.0000,0.0000,1.30
2023-02-16T09:38:00+00:00,west,noaa-goes18,NIGHT,WINTER,CYEG,0,1.0000,0.9600,1.30
2022-01-18T14:05:00+00:00,west,noaa-goes17,NIGHT,WINTER,CYEG,1,0.0000,0.0000,1.30
2023-07-19T08:01:00+00:00,west,noaa-goes18,NIGHT,SUMMER,CYEG,1,0.0000,0.0000,1.30
2020-11-01T11:12:00+00:00,west,noaa-goes17,NIGHT,AUTUMN,CYEG,0,1.0000,1.0000,1.30
2023-02-17T05:03:00+00:00,west,noaa-goes18,NIGHT,WINTER,CYEG,0,1.0000,1.0000,1.30
2023-11-19T11:43:00+00:00,west,noaa-goes18,NIGHT,AUTUMN,CYEG,0,0.4444,0.5600,1.30
2022-12-29T09:59:00+00:00,west,noaa-goes17,NIGHT,WINTER,CYEG,1,0.1111,0.2400,1.30
2025-02-08T04:43:00+00:00,west,noaa-goes18,NIGHT,WINTER,CYEG,1,0.1111,0.2000,1.30
2020-02-07T08:01:00+00:00,west,noaa-goes17,NIGHT,WINTER,CYEG,0,1.0000,1.0000,1.30
2020-10-05T03:50:00+00:00,west,noaa-goes17,NIGHT,AUTUMN,CYEG,0,1.0000,1.0000,1.30
2021-12-12T09:25:00+00:00,west,noaa-goes17,NIGHT,WINTER,CYEG,0,1.0000,1.0000,1.30
2020-03-04T08:06:00+00:00,west,noaa-goes17,NIGHT,SPRING,CYEG,0,1.0000,1.0000,1.30
2022-11-19T08:09:00+00:00,west,noaa-goes17,NIGHT,AUTUMN,CYEG,1,0.0000,0.0000,1.30
2024-11-10T04:49:00+00:00,west,noaa-goes18,NIGHT,AUTUMN,CYEG,0,1.0000,1.0000,1.30
2023-04-12T09:52:00+00:00,west,noaa-goes18,NIGHT,SPRING,CYEG,1,0.1111,0.2400,1.30
2021-10-05T10:29:00+00:00,west,noaa-goes17,NIGHT,AUTUMN,CYEG,0,1.0000,1.0000,1.30
2023-04-18T07:50:00+00:00,west,noaa-goes18,NIGHT,SPRING,CYEG,1,0.0000,0.0000,1.30
2020-09-02T06:40:00+00:00,west,noaa-goes17,NIGHT,AUTUMN,CYEG,0,1.0000,1.0000,1.30
2020-04-01T09:54:00+00:00,west,noaa-goes17,NIGHT,SPRING,CYEG,0,1.0000,1.0000,1.30
2025-11-30T03:06:00+00:00,west,noaa-goes18,NIGHT,AUTUMN,CYEG,1,0.0000,0.0000,1.30
2023-03-27T07:08:00+00:00,west,noaa-goes18,NIGHT,SPRING,CYEG,0,1.0000,1.0000,1.30
2022-10-10T02:52:00+00:00,west,noaa-goes17,NIGHT,AUTUMN,CYEG,0,1.0000,0.9600,1.30
2022-12-18T11:44:00+00:00,west,noaa-goes17,NIGHT,WINTER,CYEG,0,1.0000,1.0000,1.30
2024-04-01T11:06:00+00:00,west,noaa-goes18,NIGHT,SPRING,CYEG,1,0.0000,0.0000,1.30
2025-09-20T03:10:00+00:00,west,noaa-goes18,NIGHT,AUTUMN,CYEG,1,0.1111,0.1200,1.30
2025-03-14T11:38:00+00:00,west,noaa-goes18,NIGHT,SPRING,CYEG,0,1.0000,1.0000,1.30
2020-03-29T07:17:00+00:00,west,noaa-goes17,NIGHT,SPRING,CYEG,0,1.0000,1.0000,1.30
2021-09-25T11:56:00+00:00,west,noaa-goes17,NIGHT,AUTUMN,CYEG,0,1.0000,1.0000,1.30
2023-09-16T06:24:00+00:00,west,noaa-goes18,NIGHT,AUTUMN,CYEG,1,0.0000,0.0000,1.30
2021-09-26T06:07:00+00:00,west,noaa-goes17,NIGHT,AUTUMN,CYEG,0,1.0000,1.0000,1.30
2023-06-20T08:10:00+00:00,west,noaa-goes18,NIGHT,SUMMER,CYEG,0,1.0000,1.0000,1.30
2024-02-06T06:35:00+00:00,west,noaa-goes18,NIGHT,WINTER,CYEG,0,1.0000,1.0000,1.30
2023-09-11T10:13:00+00:00,west,noaa-goes18,NIGHT,AUTUMN,CYEG,1,0.0000,0.0000,1.30
2024-12-01T10:34:00+00:00,west,noaa-goes18,NIGHT,WINTER,CYEG,1,0.0000,0.0000,1.30
2021-03-12T08:54:00+00:00,west,noaa-goes17,NIGHT,SPRING,CYEG,0,1.0000,1.0000,1.30
2022-02-23T04:12:00+00:00,west,noaa-goes17,NIGHT,WINTER,CYEG,1,0.2222,0.0800,1.30
2025-01-21T06:23:00+00:00,west,noaa-goes18,NIGHT,WINTER,CYEG,0,1.0000,1.0000,1.30
2022-11-27T09:58:00+00:00,west,noaa-goes17,NIGHT,AUTUMN,CYEG,0,1.0000,1.0000,1.30
2025-05-30T08:18:00+00:00,west,noaa-goes18,NIGHT,SPRING,CYEG,0,1.0000,1.0000,1.30
2020-05-18T09:27:00+00:00,west,noaa-goes17,NIGHT,SPRING,CYEG,0,1.0000,1.0000,1.30
2024-11-14T04:47:00+00:00,west,noaa-goes18,NIGHT,AUTUMN,CYEG,0,1.0000,1.0000,1.30
2025-02-16T11:51:00+00:00,west,noaa-goes18,NIGHT,WINTER,CYEG,1,0.0000,0.0000,1.30
2024-02-04T06:31:00+00:00,west,noaa-goes18,NIGHT,WINTER,CYEG,0,1.0000,1.0000,1.30
2021-02-16T04:07:00+00:00,west,noaa-goes17,NIGHT,WINTER,CYEG,0,0.8889,0.9200,1.30
2020-03-31T08:01:00+00:00,west,noaa-goes17,NIGHT,SPRING,CYEG,0,1.0000,1.0000,1.30
2025-03-31T05:55:00+00:00,west,noaa-goes18,NIGHT,SPRING,CYEG,0,1.0000,1.0000,1.30
2024-01-16T08:51:00+00:00,west,noaa-goes18,NIGHT,WINTER,CYEG,0,1.0000,1.0000,1.30
2024-11-17T01:05:00+00:00,west,noaa-goes18,NIGHT,AUTUMN,CYEG,0,1.0000,1.0000,1.30
2024-11-13T01:36:00+00:00,west,noaa-goes18,NIGHT,AUTUMN,CYEG,0,1.0000,1.0000,1.30
2023-04-30T06:07:00+00:00,west,noaa-goes18,NIGHT,SPRING,CYEG,1,0.3333,0.2800,1.30
2023-05-02T07:43:00+00:00,west,noaa-goes18,NIGHT,SPRING,CYEG,0,0.8889,0.8800,1.30
2022-12-31T04:29:00+00:00,west,noaa-goes17,NIGHT,WINTER,CYEG,1,0.3333,0.4000,1.30
2024-01-04T04:43:00+00:00,west,noaa-goes18,NIGHT,WINTER,CYEG,0,1.0000,1.0000,1.30
2022-12-11T10:59:00+00:00,west,noaa-goes17,NIGHT,WINTER,CYEG,0,1.0000,1.0000,1.30
2024-02-10T03:05:00+00:00,west,noaa-goes18,NIGHT,WINTER,CYEG,1,0.0000,0.0000,1.30
2020-01-27T04:45:00+00:00,west,noaa-goes17,NIGHT,WINTER,CYEG,0,1.0000,1.0000,1.30
2023-01-22T05:13:00+00:00,west,noaa-goes18,NIGHT,WINTER,CYEG,0,1.0000,1.0000,1.30
2022-12-21T06:58:00+00:00,west,noaa-goes17,NIGHT,WINTER,CYEG,1,0.1111,0.1200,1.30
2025-02-14T06:46:00+00:00,west,noaa-goes18,NIGHT,WINTER,CYEG,0,1.0000,1.0000,1.30
2025-10-31T06:38:00+00:00,west,noaa-goes18,NIGHT,AUTUMN,CYEG,1,0.0000,0.0000,1.30
2022-02-05T02:52:00+00:00,west,noaa-goes17,NIGHT,WINTER,CYEG,0,1.0000,1.0000,1.30
2023-11-12T03:02:00+00:00,west,noaa-goes18,NIGHT,AUTUMN,CYEG,0,1.0000,1.0000,1.30
2020-02-18T04:24:00+00:00,west,noaa-goes17,NIGHT,WINTER,CYEG,1,0.0000,0.1600,1.30
2021-11-07T02:16:00+00:00,west,noaa-goes17,NIGHT,AUTUMN,CYEG,1,0.0000,0.0000,1.30
2024-04-16T10:13:00+00:00,west,noaa-goes18,NIGHT,SPRING,CYEG,0,0.7778,0.6400,1.30
2025-01-30T07:01:00+00:00,west,noaa-goes18,NIGHT,WINTER,CYEG,0,1.0000,1.0000,1.30
2024-01-20T01:30:00+00:00,west,noaa-goes18,NIGHT,WINTER,CYEG,0,1.0000,0.9600,1.30
2025-01-14T07:06:00+00:00,west,noaa-goes18,NIGHT,WINTER,CYEG,1,0.0000,0.0000,1.30
2022-02-28T08:05:00+00:00,west,noaa-goes17,NIGHT,WINTER,CYEG,0,0.8889,0.7600,1.30
2020-07-30T05:43:00+00:00,west,noaa-goes17,NIGHT,SUMMER,CYEG,0,1.0000,1.0000,1.30
2021-10-03T03:33:00+00:00,west,noaa-goes17,NIGHT,AUTUMN,CYEG,1,0.0000,0.0000,1.30
2023-02-17T11:11:00+00:00,west,noaa-goes18,NIGHT,WINTER,CYEG,1,0.0000,0.0000,1.30
2023-12-07T03:29:00+00:00,west,noaa-goes18,NIGHT,WINTER,CYEG,0,1.0000,1.0000,1.30
2023-02-19T03:14:00+00:00,west,noaa-goes18,NIGHT,WINTER,CYEG,0,1.0000,1.0000,1.30
2021-02-01T09:21:00+00:00,west,noaa-goes17,NIGHT,WINTER,CYEG,0,1.0000,0.9200,1.30
2024-11-27T05:57:00+00:00,west,noaa-goes18,NIGHT,AUTUMN,CYEG,0,1.0000,1.0000,1.30
2022-10-13T12:26:00+00:00,west,noaa-goes17,NIGHT,AUTUMN,CYEG,0,1.0000,1.0000,1.30
2022-11-27T12:09:00+00:00,west,noaa-goes17,NIGHT,AUTUMN,CYEG,0,1.0000,1.0000,1.30
2024-04-30T08:42:00+00:00,west,noaa-goes18,NIGHT,SPRING,CYEG,0,1.0000,1.0000,1.30
2022-03-03T09:38:00+00:00,west,noaa-goes17,NIGHT,SPRING,CYEG,0,1.0000,1.0000,1.30
2023-03-19T03:27:00+00:00,west,noaa-goes18,NIGHT,SPRING,CYEG,0,1.0000,1.0000,1.30
2025-01-02T08:39:00+00:00,west,noaa-goes18,NIGHT,WINTER,CYEG,0,0.8889,0.7600,1.30
2020-11-04T02:03:00+00:00,west,noaa-goes17,NIGHT,AUTUMN,CYEG,0,1.0000,1.0000,1.30
2023-07-22T06:29:00+00:00,west,noaa-goes18,NIGHT,SUMMER,CYEG,0,1.0000,1.0000,1.30
2022-12-25T11:43:00+00:00,west,noaa-goes17,NIGHT,WINTER,CYEG,1,0.0000,0.0000,1.30
2025-11-06T04:59:00+00:00,west,noaa-goes18,NIGHT,AUTUMN,CYEG,0,1.0000,1.0000,1.30
2022-11-25T07:59:00+00:00,west,noaa-goes17,NIGHT,AUTUMN,CYEG,1,0.0000,0.0000,1.30
2023-01-12T14:00:00+00:00,west,noaa-goes18,NIGHT,WINTER,CYEG,0,1.0000,1.0000,1.30
2025-01-05T11:25:00+00:00,west,noaa-goes18,NIGHT,WINTER,CYEG,0,0.8889,0.8800,1.30
2021-12-31T13:57:00+00:00,west,noaa-goes17,NIGHT,WINTER,CYEG,1,0.0000,0.0000,1.30
2021-09-24T07:00:00+00:00,west,noaa-goes17,NIGHT,AUTUMN,CYEG,1,0.0000,0.0000,1.30
2022-01-13T10:49:00+00:00,west,noaa-goes17,NIGHT,WINTER,CYEG,0,1.0000,1.0000,1.30
2020-01-04T10:58:00+00:00,west,noaa-goes17,NIGHT,WINTER,CYEG,0,0.4444,0.3600,1.30
2020-05-06T06:57:00+00:00,west,noaa-goes17,NIGHT,SPRING,CYEG,0,1.0000,1.0000,1.30
2023-01-05T02:52:00+00:00,west,noaa-goes18,NIGHT,WINTER,CYEG,1,0.0000,0.0000,1.30
2024-12-12T00:47:00+00:00,west,noaa-goes18,NIGHT,WINTER,CYEG,0,1.0000,1.0000,1.30
2023-01-20T12:06:00+00:00,west,noaa-goes18,NIGHT,WINTER,CYEG,0,1.0000,1.0000,1.30
2023-02-12T07:15:00+00:00,west,noaa-goes18,NIGHT,WINTER,CYEG,0,1.0000,0.9600,1.30
2024-12-28T01:03:00+00:00,west,noaa-goes18,NIGHT,WINTER,CYEG,1,0.4444,0.4400,1.30
2023-03-08T06:24:00+00:00,west,noaa-goes18,NIGHT,SPRING,CYEG,1,0.0000,0.0000,1.30
2024-11-27T02:42:00+00:00,west,noaa-goes18,NIGHT,AUTUMN,CYEG,1,0.0000,0.0000,1.30
2024-04-11T07:32:00+00:00,west,noaa-goes18,NIGHT,SPRING,CYEG,0,0.7778,0.6800,1.30
2025-02-20T13:11:00+00:00,west,noaa-goes18,NIGHT,WINTER,CYEG,0,1.0000,1.0000,1.30
2020-11-20T11:57:00+00:00,west,noaa-goes17,NIGHT,AUTUMN,CYEG,0,1.0000,0.9200,1.30
2023-08-24T08:23:00+00:00,west,noaa-goes18,NIGHT,SUMMER,CYEG,0,1.0000,1.0000,1.30
2025-08-07T09:04:00+00:00,west,noaa-goes18,NIGHT,SUMMER,CYEG,0,1.0000,1.0000,1.30
2023-01-27T05:31:00+00:00,west,noaa-goes18,NIGHT,WINTER,CYEG,0,1.0000,1.0000,1.30
2022-10-23T03:46:00+00:00,west,noaa-goes17,NIGHT,AUTUMN,CYEG,0,1.0000,1.0000,1.30
2021-12-10T13:13:00+00:00,west,noaa-goes17,NIGHT,WINTER,CYEG,1,0.2222,0.2400,1.30
2021-12-05T02:40:00+00:00,west,noaa-goes17,NIGHT,WINTER,CYEG,0,1.0000,1.0000,1.30
2021-10-21T04:13:00+00:00,west,noaa-goes17,NIGHT,AUTUMN,CYEG,0,0.8889,0.9600,1.30
2025-11-16T05:07:00+00:00,west,noaa-goes18,NIGHT,AUTUMN,CYEG,0,1.0000,1.0000,1.30
2021-05-18T06:55:00+00:00,west,noaa-goes17,NIGHT,SPRING,CYEG,0,1.0000,1.0000,1.30
2020-01-28T09:45:00+00:00,west,noaa-goes17,NIGHT,WINTER,CYEG,0,0.7778,0.8000,1.30
2023-12-09T13:29:00+00:00,west,noaa-goes18,NIGHT,WINTER,CYEG,1,0.0000,0.0000,1.30
2022-12-25T03:46:00+00:00,west,noaa-goes17,NIGHT,WINTER,CYEG,0,1.0000,1.0000,1.30
2023-04-30T10:26:00+00:00,west,noaa-goes18,NIGHT,SPRING,CYEG,0,1.0000,1.0000,1.30
2021-02-08T12:43:00+00:00,west,noaa-goes17,NIGHT,WINTER,CYEG,0,0.4444,0.3600,1.30
2025-01-17T12:59:00+00:00,west,noaa-goes18,NIGHT,WINTER,CYEG,0,0.6667,0.6400,1.30
2024-11-08T12:25:00+00:00,west,noaa-goes18,NIGHT,AUTUMN,CYEG,0,1.0000,1.0000,1.30
2024-11-19T09:21:00+00:00,west,noaa-goes18,NIGHT,AUTUMN,CYEG,1,0.1111,0.1600,1.30
2023-08-06T05:04:00+00:00,west,noaa-goes18,NIGHT,SUMMER,CYEG,1,0.0000,0.0000,1.30
2025-04-01T11:19:00+00:00,west,noaa-goes18,NIGHT,SPRING,CYEG,0,1.0000,1.0000,1.30
2025-07-19T14:05:00+00:00,west,noaa-goes18,DAY,SUMMER,CYEG,0,1.0000,1.0000,1.30
2022-09-10T22:35:00+00:00,west,noaa-goes17,DAY,AUTUMN,CYEG,1,0.0000,0.0000,1.30
2022-01-30T03:32:00+00:00,west,noaa-goes17,NIGHT,WINTER,CYEG,0,1.0000,1.0000,1.30
2023-07-22T01:50:00+00:00,west,noaa-goes18,DAY,SUMMER,CYEG,0,1.0000,1.0000,1.30
2024-02-25T19:15:00+00:00,west,noaa-goes18,DAY,WINTER,CYEG,0,1.0000,1.0000,1.30
2022-10-27T17:51:00+00:00,west,noaa-goes17,DAY,AUTUMN,CYEG,0,1.0000,1.0000,1.30
2023-02-25T12:17:00+00:00,west,noaa-goes18,NIGHT,WINTER,CYEG,1,0.0000,0.0000,1.30
2022-04-25T06:51:00+00:00,west,noaa-goes17,NIGHT,SPRING,CYEG,1,0.2222,0.1600,1.30
2023-12-04T02:54:00+00:00,west,noaa-goes18,NIGHT,WINTER,CYEG,0,1.0000,1.0000,1.30
2022-03-14T08:29:00+00:00,west,noaa-goes17,NIGHT,SPRING,CYEG,0,1.0000,1.0000,1.30
2025-03-13T00:20:00+00:00,west,noaa-goes18,DAY,SPRING,CYEG,0,1.0000,1.0000,1.30
2020-07-02T13:45:00+00:00,west,noaa-goes17,DAY,SUMMER,CYEG,0,1.0000,1.0000,1.30
2023-12-10T07:22:00+00:00,west,noaa-goes18,NIGHT,WINTER,CYEG,1,0.3333,0.3600,1.30
2025-10-16T02:57:00+00:00,west,noaa-goes18,NIGHT,AUTUMN,CYEG,1,0.0000,0.0000,1.30
2024-09-27T16:26:00+00:00,west,noaa-goes18,DAY,AUTUMN,CYEG,1,0.0000,0.0000,1.30
2024-11-14T04:37:00+00:00,west,noaa-goes18,NIGHT,AUTUMN,CYEG,0,1.0000,1.0000,1.30
2020-08-29T04:30:00+00:00,west,noaa-goes17,NIGHT,SUMMER,CYEG,0,1.0000,1.0000,1.30
2021-03-25T11:43:00+00:00,west,noaa-goes17,NIGHT,SPRING,CYEG,0,1.0000,1.0000,1.30
2021-07-20T06:21:00+00:00,west,noaa-goes17,NIGHT,SUMMER,CYEG,0,1.0000,1.0000,1.30
2023-02-12T01:55:00+00:00,west,noaa-goes18,NIGHT,WINTER,CYEG,0,1.0000,1.0000,1.30
2025-04-07T05:11:00+00:00,west,noaa-goes18,NIGHT,SPRING,CYEG,0,1.0000,0.9600,1.30
2024-03-23T05:49:00+00:00,west,noaa-goes18,NIGHT,SPRING,CYEG,0,1.0000,1.0000,1.30
2022-02-12T08:32:00+00:00,west,noaa-goes17,NIGHT,WINTER,CYEG,1,0.2222,0.2800,1.30
