ts_utc,platform,regime,season,moonlit,pixel_clear,box_clear,human_usable,metar_offset_s,granule
2021-04-01T06:36:00+00:00,SNPP,NIGHT,SPRING,1,0,0,0,1440,CLDMSK_L2_VIIRS_SNPP.A2021091.0636.002.2026032190337.nc
2021-04-01T08:12:00+00:00,SNPP,NIGHT,SPRING,1,0,1,1,720,CLDMSK_L2_VIIRS_SNPP.A2021091.0812.002.2026032190355.nc
2021-04-01T18:00:00+00:00,SNPP,DAY,SPRING,,0,0,0,0,CLDMSK_L2_VIIRS_SNPP.A2021091.1800.002.2026032190443.nc
2021-04-01T07:24:00+00:00,NOAA20,NIGHT,SPRING,1,1,1,0,1440,CLDMSK_L2_VIIRS_NOAA20.A2021091.0724.001.2021091193039.nc
2021-04-01T17:12:00+00:00,NOAA20,DAY,SPRING,,0,0,0,720,CLDMSK_L2_VIIRS_NOAA20.A2021091.1712.001.2021092013614.nc
2021-04-01T18:48:00+00:00,NOAA20,DAY,SPRING,,0,0,1,720,CLDMSK_L2_VIIRS_NOAA20.A2021091.1848.001.2021092073947.nc
2020-04-12T07:12:00+00:00,SNPP,NIGHT,SPRING,1,0,0,0,720,CLDMSK_L2_VIIRS_SNPP.A2020103.0712.002.2026032065208.nc
2020-04-12T16:54:00+00:00,SNPP,DAY,SPRING,,0,0,0,360,CLDMSK_L2_VIIRS_SNPP.A2020103.1654.002.2026032065326.nc
2020-04-12T18:36:00+00:00,SNPP,DAY,SPRING,,0,0,0,1440,CLDMSK_L2_VIIRS_SNPP.A2020103.1836.002.2026032065351.nc
2020-04-12T06:24:00+00:00,NOAA20,NIGHT,SPRING,1,0,0,0,1440,CLDMSK_L2_VIIRS_NOAA20.A2020103.0624.001.2020294210033.nc
2020-04-12T08:06:00+00:00,NOAA20,NIGHT,SPRING,1,0,0,0,360,CLDMSK_L2_VIIRS_NOAA20.A2020103.0806.001.2020294210101.nc
2020-04-12T17:48:00+00:00,NOAA20,DAY,SPRING,,0,0,0,720,CLDMSK_L2_VIIRS_NOAA20.A2020103.1748.001.2020294210108.nc
2023-01-31T07:12:00+00:00,SNPP,NIGHT,WINTER,1,0,0,0,720,CLDMSK_L2_VIIRS_SNPP.A2023031.0712.002.2026033150454.nc
2023-01-31T17:00:00+00:00,SNPP,DAY,WINTER,,0,0,0,0,CLDMSK_L2_VIIRS_SNPP.A2023031.1700.002.2026033150623.nc
2023-01-31T18:36:00+00:00,SNPP,DAY,WINTER,,1,0,0,1440,CLDMSK_L2_VIIRS_SNPP.A2023031.1836.002.2026033150556.nc
2023-01-31T06:24:00+00:00,NOAA20,NIGHT,WINTER,1,0,0,0,1440,CLDMSK_L2_VIIRS_NOAA20.A2023031.0624.001.2023233200048.nc
2023-01-31T08:00:00+00:00,NOAA20,NIGHT,WINTER,1,0,0,0,0,CLDMSK_L2_VIIRS_NOAA20.A2023031.0800.001.2023233200115.nc
2023-01-31T17:48:00+00:00,NOAA20,DAY,WINTER,,0,0,0,720,CLDMSK_L2_VIIRS_NOAA20.A2023031.1748.001.2023233200329.nc
2022-09-30T07:18:00+00:00,SNPP,NIGHT,AUTUMN,0,1,1,1,1080,CLDMSK_L2_VIIRS_SNPP.A2022273.0718.002.2026033111719.nc
2022-09-30T17:06:00+00:00,SNPP,DAY,AUTUMN,,1,1,1,360,CLDMSK_L2_VIIRS_SNPP.A2022273.1706.002.2026033111832.nc
2022-09-30T18:42:00+00:00,SNPP,DAY,AUTUMN,,1,1,1,1080,CLDMSK_L2_VIIRS_SNPP.A2022273.1842.002.2026033111840.nc
2022-09-30T06:30:00+00:00,NOAA20,NIGHT,AUTUMN,0,1,1,1,1800,CLDMSK_L2_VIIRS_NOAA20.A2022273.0630.001.2022273191151.nc
2022-09-30T08:12:00+00:00,NOAA20,NIGHT,AUTUMN,0,1,1,1,720,CLDMSK_L2_VIIRS_NOAA20.A2022273.0812.001.2022273203129.nc
2022-09-30T17:54:00+00:00,NOAA20,DAY,AUTUMN,,0,1,1,360,CLDMSK_L2_VIIRS_NOAA20.A2022273.1754.001.2022274061228.nc
2022-07-03T06:48:00+00:00,SNPP,NIGHT,SUMMER,0,1,0,0,720,CLDMSK_L2_VIIRS_SNPP.A2022184.0648.002.2026033090149.nc
2022-07-03T18:12:00+00:00,SNPP,DAY,SUMMER,,1,1,1,720,CLDMSK_L2_VIIRS_SNPP.A2022184.1812.002.2026033090303.nc
2022-07-03T07:36:00+00:00,NOAA20,NIGHT,SUMMER,0,1,1,1,1440,CLDMSK_L2_VIIRS_NOAA20.A2022184.0736.001.2022184200910.nc
2022-07-03T17:24:00+00:00,NOAA20,DAY,SUMMER,,1,1,1,1440,CLDMSK_L2_VIIRS_NOAA20.A2022184.1724.001.2022185055745.nc
2022-07-03T19:00:00+00:00,NOAA20,DAY,SUMMER,,0,1,1,0,CLDMSK_L2_VIIRS_NOAA20.A2022184.1900.001.2022185074045.nc
2021-07-25T07:18:00+00:00,SNPP,NIGHT,SUMMER,1,1,1,1,1080,CLDMSK_L2_VIIRS_SNPP.A2021206.0718.002.2026032223558.nc
2021-07-25T17:06:00+00:00,SNPP,DAY,SUMMER,,0,0,0,360,CLDMSK_L2_VIIRS_SNPP.A2021206.1706.002.2026032223652.nc
2021-07-25T18:42:00+00:00,SNPP,DAY,SUMMER,,0,0,0,1080,CLDMSK_L2_VIIRS_SNPP.A2021206.1842.002.2026032223723.nc
2021-07-25T06:30:00+00:00,NOAA20,NIGHT,SUMMER,1,1,1,1,1800,CLDMSK_L2_VIIRS_NOAA20.A2021206.0630.001.2021206193239.nc
2021-07-25T08:12:00+00:00,NOAA20,NIGHT,SUMMER,1,1,1,1,720,CLDMSK_L2_VIIRS_NOAA20.A2021206.0812.001.2021206193253.nc
2021-07-25T17:54:00+00:00,NOAA20,DAY,SUMMER,,1,0,0,360,CLDMSK_L2_VIIRS_NOAA20.A2021206.1754.001.2021207014346.nc
2021-02-23T06:30:00+00:00,SNPP,NIGHT,WINTER,1,0,0,0,1800,CLDMSK_L2_VIIRS_SNPP.A2021054.0630.002.2026032175624.nc
2021-02-23T08:06:00+00:00,SNPP,NIGHT,WINTER,1,0,0,0,360,CLDMSK_L2_VIIRS_SNPP.A2021054.0806.002.2026032175636.nc
2021-02-23T17:54:00+00:00,SNPP,DAY,WINTER,,0,0,0,360,CLDMSK_L2_VIIRS_SNPP.A2021054.1754.002.2026032175753.nc
2021-02-23T07:18:00+00:00,NOAA20,NIGHT,WINTER,1,0,0,0,1080,CLDMSK_L2_VIIRS_NOAA20.A2021054.0718.001.2021054190315.nc
2021-02-23T17:06:00+00:00,NOAA20,DAY,WINTER,,0,0,0,360,CLDMSK_L2_VIIRS_NOAA20.A2021054.1706.001.2021055011257.nc
2021-02-23T18:42:00+00:00,NOAA20,DAY,WINTER,,0,0,0,1080,CLDMSK_L2_VIIRS_NOAA20.A2021054.1842.001.2021055070401.nc
2020-12-22T06:12:00+00:00,SNPP,NIGHT,WINTER,0,0,0,0,720,CLDMSK_L2_VIIRS_SNPP.A2020357.0612.002.2026032151406.nc
2020-12-22T07:48:00+00:00,SNPP,NIGHT,WINTER,0,0,0,0,720,CLDMSK_L2_VIIRS_SNPP.A2020357.0748.002.2026032151408.nc
2020-12-22T17:36:00+00:00,SNPP,DAY,WINTER,,0,0,0,1440,CLDMSK_L2_VIIRS_SNPP.A2020357.1736.002.2026032151505.nc
2020-12-22T19:12:00+00:00,SNPP,DAY,WINTER,,0,0,0,720,CLDMSK_L2_VIIRS_SNPP.A2020357.1912.002.2026032151545.nc
2020-12-22T07:00:00+00:00,NOAA20,NIGHT,WINTER,0,0,0,0,0,CLDMSK_L2_VIIRS_NOAA20.A2020357.0700.001.2020357191913.nc
2020-12-22T18:24:00+00:00,NOAA20,DAY,WINTER,,0,0,0,1440,CLDMSK_L2_VIIRS_NOAA20.A2020357.1824.001.2020358171334.nc
2024-09-24T07:24:00+00:00,SNPP,NIGHT,AUTUMN,1,0,0,0,1440,CLDMSK_L2_VIIRS_SNPP.A2024268.0724.002.2026034103431.nc
2024-09-24T17:12:00+00:00,SNPP,DAY,AUTUMN,,0,0,0,420,CLDMSK_L2_VIIRS_SNPP.A2024268.1712.002.2026034103535.nc
2024-09-24T18:48:00+00:00,SNPP,DAY,AUTUMN,,0,0,0,720,CLDMSK_L2_VIIRS_SNPP.A2024268.1848.002.2026034103544.nc
2024-09-24T06:06:00+00:00,NOAA20,NIGHT,AUTUMN,1,0,0,0,360,CLDMSK_L2_VIIRS_NOAA20.A2024268.0606.002.2025236022744.nc
2024-09-24T07:48:00+00:00,NOAA20,NIGHT,AUTUMN,1,0,0,0,720,CLDMSK_L2_VIIRS_NOAA20.A2024268.0748.002.2025236022810.nc
2024-09-24T17:30:00+00:00,NOAA20,DAY,AUTUMN,,0,0,0,660,CLDMSK_L2_VIIRS_NOAA20.A2024268.1730.002.2025236022931.nc
2024-09-24T19:12:00+00:00,NOAA20,DAY,AUTUMN,,0,0,0,360,CLDMSK_L2_VIIRS_NOAA20.A2024268.1912.002.2025236022913.nc
2024-09-24T07:00:00+00:00,NOAA21,NIGHT,AUTUMN,1,0,0,0,0,CLDMSK_L2_VIIRS_NOAA21.A2024268.0700.001.2024268191901.nc
2024-09-24T18:24:00+00:00,NOAA21,DAY,AUTUMN,,0,0,0,240,CLDMSK_L2_VIIRS_NOAA21.A2024268.1824.001.2024269072954.nc
2020-05-10T06:48:00+00:00,SNPP,NIGHT,SPRING,1,0,0,0,720,CLDMSK_L2_VIIRS_SNPP.A2020131.0648.002.2026032080059.nc
2020-05-10T08:30:00+00:00,SNPP,NIGHT,SPRING,1,1,1,0,1800,CLDMSK_L2_VIIRS_SNPP.A2020131.0830.002.2026032080106.nc
2020-05-10T18:12:00+00:00,SNPP,DAY,SPRING,,0,0,0,720,CLDMSK_L2_VIIRS_SNPP.A2020131.1812.002.2026032080301.nc
2020-05-10T07:36:00+00:00,NOAA20,NIGHT,SPRING,1,0,0,0,1440,CLDMSK_L2_VIIRS_NOAA20.A2020131.0736.001.2020294201618.nc
2020-05-10T17:24:00+00:00,NOAA20,DAY,SPRING,,0,0,0,180,CLDMSK_L2_VIIRS_NOAA20.A2020131.1724.001.2020294201716.nc
2020-05-10T19:00:00+00:00,NOAA20,DAY,SPRING,,0,0,0,0,CLDMSK_L2_VIIRS_NOAA20.A2020131.1900.001.2020294201723.nc
2020-05-02T07:36:00+00:00,SNPP,NIGHT,SPRING,1,0,0,1,1440,CLDMSK_L2_VIIRS_SNPP.A2020123.0736.002.2026032074057.nc
2020-05-02T17:24:00+00:00,SNPP,DAY,SPRING,,0,0,0,1440,CLDMSK_L2_VIIRS_SNPP.A2020123.1724.002.2026032074220.nc
2020-05-02T19:00:00+00:00,SNPP,DAY,SPRING,,0,0,0,0,CLDMSK_L2_VIIRS_SNPP.A2020123.1900.002.2026032074223.nc
2020-05-02T06:48:00+00:00,NOAA20,NIGHT,SPRING,1,0,0,1,720,CLDMSK_L2_VIIRS_NOAA20.A2020123.0648.001.2020294203059.nc
2020-05-02T08:30:00+00:00,NOAA20,NIGHT,SPRING,0,0,0,1,1800,CLDMSK_L2_VIIRS_NOAA20.A2020123.0830.001.2020294203124.nc
2020-05-02T18:12:00+00:00,NOAA20,DAY,SPRING,,0,0,0,720,CLDMSK_L2_VIIRS_NOAA20.A2020123.1812.001.2020294203119.nc
2021-01-18T06:00:00+00:00,SNPP,NIGHT,WINTER,0,0,0,0,0,CLDMSK_L2_VIIRS_SNPP.A2021018.0600.002.2026032160636.nc
2021-01-18T07:42:00+00:00,SNPP,NIGHT,WINTER,0,0,0,1,1080,CLDMSK_L2_VIIRS_SNPP.A2021018.0742.002.2026032160646.nc
2021-01-18T17:30:00+00:00,SNPP,DAY,WINTER,,0,0,0,1800,CLDMSK_L2_VIIRS_SNPP.A2021018.1730.002.2026032160744.nc
2021-01-18T19:06:00+00:00,SNPP,DAY,WINTER,,0,0,0,360,CLDMSK_L2_VIIRS_SNPP.A2021018.1906.002.2026032160750.nc
2021-01-18T06:54:00+00:00,NOAA20,NIGHT,WINTER,0,0,0,0,360,CLDMSK_L2_VIIRS_NOAA20.A2021018.0654.001.2021018190355.nc
2021-01-18T18:18:00+00:00,NOAA20,DAY,WINTER,,0,0,0,1080,CLDMSK_L2_VIIRS_NOAA20.A2021018.1818.001.2021019071250.nc
2022-06-14T06:06:00+00:00,SNPP,NIGHT,SUMMER,1,0,0,0,360,CLDMSK_L2_VIIRS_SNPP.A2022165.0606.002.2026033082709.nc
2022-06-14T07:42:00+00:00,SNPP,NIGHT,SUMMER,1,0,0,0,1080,CLDMSK_L2_VIIRS_SNPP.A2022165.0742.002.2026033082743.nc
2022-06-14T17:30:00+00:00,SNPP,DAY,SUMMER,,1,1,1,1800,CLDMSK_L2_VIIRS_SNPP.A2022165.1730.002.2026033082814.nc
2022-06-14T19:06:00+00:00,SNPP,DAY,SUMMER,,0,0,1,360,CLDMSK_L2_VIIRS_SNPP.A2022165.1906.002.2026033082827.nc
2022-06-14T06:54:00+00:00,NOAA20,NIGHT,SUMMER,1,0,0,0,360,CLDMSK_L2_VIIRS_NOAA20.A2022165.0654.001.2022165192544.nc
2022-06-14T18:18:00+00:00,NOAA20,DAY,SUMMER,,1,1,1,1080,CLDMSK_L2_VIIRS_NOAA20.A2022165.1818.001.2022166072240.nc
2022-08-10T07:24:00+00:00,NOAA20,NIGHT,SUMMER,1,1,1,1,1440,CLDMSK_L2_VIIRS_NOAA20.A2022222.0724.001.2022222193322.nc
2022-08-10T17:12:00+00:00,NOAA20,DAY,SUMMER,,1,1,0,720,CLDMSK_L2_VIIRS_NOAA20.A2022222.1712.001.2022223053955.nc
2022-08-10T18:48:00+00:00,NOAA20,DAY,SUMMER,,1,1,1,720,CLDMSK_L2_VIIRS_NOAA20.A2022222.1848.001.2022223074404.nc
2025-08-31T07:36:00+00:00,SNPP,NIGHT,SUMMER,0,1,1,1,1440,CLDMSK_L2_VIIRS_SNPP.A2025243.0736.002.2026034210304.nc
2025-08-31T17:18:00+00:00,SNPP,DAY,SUMMER,,0,0,1,1080,CLDMSK_L2_VIIRS_SNPP.A2025243.1718.002.2026034210412.nc
2025-08-31T19:00:00+00:00,SNPP,DAY,SUMMER,,1,1,0,0,CLDMSK_L2_VIIRS_SNPP.A2025243.1900.002.2026034210417.nc
2025-08-31T06:18:00+00:00,NOAA20,NIGHT,SUMMER,0,1,0,1,1080,CLDMSK_L2_VIIRS_NOAA20.A2025243.0618.001.2025243191831.nc
2025-08-31T07:54:00+00:00,NOAA20,NIGHT,SUMMER,0,1,1,1,360,CLDMSK_L2_VIIRS_NOAA20.A2025243.0754.001.2025243200823.nc
2025-08-31T17:42:00+00:00,NOAA20,DAY,SUMMER,,0,0,0,1080,CLDMSK_L2_VIIRS_NOAA20.A2025243.1742.001.2025244054857.nc
2025-08-31T19:24:00+00:00,NOAA20,DAY,SUMMER,,1,0,0,1440,CLDMSK_L2_VIIRS_NOAA20.A2025243.1924.001.2025244073904.nc
2025-08-31T07:06:00+00:00,NOAA21,NIGHT,SUMMER,0,1,1,1,360,CLDMSK_L2_VIIRS_NOAA21.A2025243.0706.001.2025243192109.nc
2025-08-31T16:54:00+00:00,NOAA21,DAY,SUMMER,,1,0,1,360,CLDMSK_L2_VIIRS_NOAA21.A2025243.1654.001.2025244011427.nc
2025-08-31T18:30:00+00:00,NOAA21,DAY,SUMMER,,1,1,0,1800,CLDMSK_L2_VIIRS_NOAA21.A2025243.1830.001.2025244073205.nc
2020-04-18T07:00:00+00:00,SNPP,NIGHT,SPRING,0,0,0,0,0,CLDMSK_L2_VIIRS_SNPP.A2020109.0700.002.2026032070642.nc
2020-04-18T18:24:00+00:00,SNPP,DAY,SPRING,,0,0,0,1440,CLDMSK_L2_VIIRS_SNPP.A2020109.1824.002.2026032070829.nc
2020-04-18T06:12:00+00:00,NOAA20,NIGHT,SPRING,0,0,0,1,720,CLDMSK_L2_VIIRS_NOAA20.A2020109.0612.001.2020294205145.nc
2020-04-18T07:48:00+00:00,NOAA20,NIGHT,SPRING,0,1,0,0,720,CLDMSK_L2_VIIRS_NOAA20.A2020109.0748.001.2020294205200.nc
2020-04-18T17:36:00+00:00,NOAA20,DAY,SPRING,,0,0,0,1440,CLDMSK_L2_VIIRS_NOAA20.A2020109.1736.001.2020294205251.nc
2020-04-18T19:18:00+00:00,NOAA20,DAY,SPRING,,0,0,0,1080,CLDMSK_L2_VIIRS_NOAA20.A2020109.1918.001.2020294205346.nc
2022-03-25T06:24:00+00:00,SNPP,NIGHT,SPRING,0,1,1,1,1440,CLDMSK_L2_VIIRS_SNPP.A2022084.0624.002.2026033055920.nc
2022-03-25T08:06:00+00:00,SNPP,NIGHT,SPRING,1,0,0,0,120,CLDMSK_L2_VIIRS_SNPP.A2022084.0806.002.2026033055927.nc
2022-03-25T17:48:00+00:00,SNPP,DAY,SPRING,,0,0,0,720,CLDMSK_L2_VIIRS_SNPP.A2022084.1748.002.2026033060053.nc
2022-03-25T07:12:00+00:00,NOAA20,NIGHT,SPRING,0,0,0,1,720,CLDMSK_L2_VIIRS_NOAA20.A2022084.0712.001.2022084193319.nc
2022-03-25T17:00:00+00:00,NOAA20,DAY,SPRING,,0,0,0,0,CLDMSK_L2_VIIRS_NOAA20.A2022084.1700.001.2022085012720.nc
2022-03-25T18:36:00+00:00,NOAA20,DAY,SPRING,,0,0,0,1440,CLDMSK_L2_VIIRS_NOAA20.A2022084.1836.001.2022085073535.nc
2024-09-14T07:12:00+00:00,SNPP,NIGHT,AUTUMN,0,1,1,0,720,CLDMSK_L2_VIIRS_SNPP.A2024258.0712.002.2026034101626.nc
2024-09-14T17:00:00+00:00,SNPP,DAY,AUTUMN,,1,1,1,0,CLDMSK_L2_VIIRS_SNPP.A2024258.1700.002.2026034101734.nc
2024-09-14T18:36:00+00:00,SNPP,DAY,AUTUMN,,1,1,1,1440,CLDMSK_L2_VIIRS_SNPP.A2024258.1836.002.2026034101742.nc
2024-09-14T07:36:00+00:00,NOAA20,NIGHT,AUTUMN,0,1,1,0,1440,CLDMSK_L2_VIIRS_NOAA20.A2024258.0736.002.2025236015845.nc
2024-09-14T17:18:00+00:00,NOAA20,DAY,AUTUMN,,1,1,1,1080,CLDMSK_L2_VIIRS_NOAA20.A2024258.1718.002.2025236020105.nc
2024-09-14T19:00:00+00:00,NOAA20,DAY,AUTUMN,,1,1,1,0,CLDMSK_L2_VIIRS_NOAA20.A2024258.1900.002.2025236020112.nc
2024-09-14T06:48:00+00:00,NOAA21,NIGHT,AUTUMN,0,1,1,0,720,CLDMSK_L2_VIIRS_NOAA21.A2024258.0648.001.2024258191046.nc
2024-09-14T08:30:00+00:00,NOAA21,NIGHT,AUTUMN,0,1,1,0,1800,CLDMSK_L2_VIIRS_NOAA21.A2024258.0830.001.2024258191055.nc
2024-09-14T18:12:00+00:00,NOAA21,DAY,AUTUMN,,1,1,1,720,CLDMSK_L2_VIIRS_NOAA21.A2024258.1812.001.2024259073126.nc
2022-06-21T07:12:00+00:00,SNPP,NIGHT,SUMMER,1,0,0,0,720,CLDMSK_L2_VIIRS_SNPP.A2022172.0712.002.2026033083956.nc
2022-06-21T16:54:00+00:00,SNPP,DAY,SUMMER,,1,1,1,360,CLDMSK_L2_VIIRS_SNPP.A2022172.1654.002.2026033084059.nc
2022-06-21T17:00:00+00:00,SNPP,DAY,SUMMER,,1,1,1,0,CLDMSK_L2_VIIRS_SNPP.A2022172.1700.002.2026033084100.nc
2022-06-21T18:36:00+00:00,SNPP,DAY,SUMMER,,1,1,1,1440,CLDMSK_L2_VIIRS_SNPP.A2022172.1836.002.2026033084059.nc
2022-06-21T06:24:00+00:00,NOAA20,NIGHT,SUMMER,1,0,0,0,1440,CLDMSK_L2_VIIRS_NOAA20.A2022172.0624.001.2022172191652.nc
2022-06-21T08:06:00+00:00,NOAA20,NIGHT,SUMMER,1,0,0,0,360,CLDMSK_L2_VIIRS_NOAA20.A2022172.0806.001.2022172204252.nc
2022-06-21T17:48:00+00:00,NOAA20,DAY,SUMMER,,1,1,1,720,CLDMSK_L2_VIIRS_NOAA20.A2022172.1748.001.2022173062432.nc
2025-01-13T06:06:00+00:00,SNPP,NIGHT,WINTER,1,0,0,0,360,CLDMSK_L2_VIIRS_SNPP.A2025013.0606.002.2026034135857.nc
2025-01-13T07:42:00+00:00,SNPP,NIGHT,WINTER,1,0,0,0,1080,CLDMSK_L2_VIIRS_SNPP.A2025013.0742.002.2026034135906.nc
2025-01-13T17:30:00+00:00,SNPP,DAY,WINTER,,0,0,0,1800,CLDMSK_L2_VIIRS_SNPP.A2025013.1730.002.2026034140025.nc
2025-01-13T19:12:00+00:00,SNPP,DAY,WINTER,,0,0,0,720,CLDMSK_L2_VIIRS_SNPP.A2025013.1912.002.2026034140018.nc
2025-01-13T06:30:00+00:00,NOAA20,NIGHT,WINTER,1,0,0,0,1800,CLDMSK_L2_VIIRS_NOAA20.A2025013.0630.001.2025013190811.nc
2025-01-13T08:06:00+00:00,NOAA20,NIGHT,WINTER,1,0,0,0,360,CLDMSK_L2_VIIRS_NOAA20.A2025013.0806.001.2025013202804.nc
2025-01-13T17:54:00+00:00,NOAA20,DAY,WINTER,,0,0,0,360,CLDMSK_L2_VIIRS_NOAA20.A2025013.1754.001.2025014061859.nc
2025-01-13T07:18:00+00:00,NOAA21,NIGHT,WINTER,1,0,0,0,1080,CLDMSK_L2_VIIRS_NOAA21.A2025013.0718.001.2025013191208.nc
2025-01-13T17:06:00+00:00,NOAA21,DAY,WINTER,,0,0,0,360,CLDMSK_L2_VIIRS_NOAA21.A2025013.1706.001.2025014013258.nc
2025-01-13T18:42:00+00:00,NOAA21,DAY,WINTER,,0,0,0,1080,CLDMSK_L2_VIIRS_NOAA21.A2025013.1842.001.2025014073233.nc
2023-02-13T06:30:00+00:00,SNPP,NIGHT,WINTER,1,1,0,0,300,CLDMSK_L2_VIIRS_SNPP.A2023044.0630.002.2026033152922.nc
2023-02-13T08:12:00+00:00,SNPP,NIGHT,WINTER,1,0,0,0,720,CLDMSK_L2_VIIRS_SNPP.A2023044.0812.002.2026033152922.nc
2023-02-13T17:54:00+00:00,SNPP,DAY,WINTER,,0,1,1,360,CLDMSK_L2_VIIRS_SNPP.A2023044.1754.002.2026033153025.nc
2023-02-13T07:18:00+00:00,NOAA20,NIGHT,WINTER,1,1,0,0,240,CLDMSK_L2_VIIRS_NOAA20.A2023044.0718.001.2023233201118.nc
2023-02-13T17:06:00+00:00,NOAA20,DAY,WINTER,,1,1,1,360,CLDMSK_L2_VIIRS_NOAA20.A2023044.1706.001.2023233201213.nc
2023-02-13T18:42:00+00:00,NOAA20,DAY,WINTER,,0,1,1,1080,CLDMSK_L2_VIIRS_NOAA20.A2023044.1842.001.2023233201210.nc
2023-02-13T06:06:00+00:00,NOAA21,NIGHT,WINTER,0,1,1,0,360,CLDMSK_L2_VIIRS_NOAA21.A2023044.0606.001.2024130182953.nc
2023-02-13T07:42:00+00:00,NOAA21,NIGHT,WINTER,1,0,0,0,480,CLDMSK_L2_VIIRS_NOAA21.A2023044.0742.001.2024130182928.nc
2023-02-13T17:30:00+00:00,NOAA21,DAY,WINTER,,0,1,1,1800,CLDMSK_L2_VIIRS_NOAA21.A2023044.1730.001.2024130182959.nc
2023-02-13T19:06:00+00:00,NOAA21,DAY,WINTER,,1,1,1,360,CLDMSK_L2_VIIRS_NOAA21.A2023044.1906.001.2024130182928.nc
2020-01-27T07:36:00+00:00,SNPP,NIGHT,WINTER,0,0,0,0,1440,CLDMSK_L2_VIIRS_SNPP.A2020027.0736.002.2026032034142.nc
2020-01-27T17:24:00+00:00,SNPP,DAY,WINTER,,0,0,0,1440,CLDMSK_L2_VIIRS_SNPP.A2020027.1724.002.2026032034309.nc
2020-01-27T19:00:00+00:00,SNPP,DAY,WINTER,,0,0,0,0,CLDMSK_L2_VIIRS_SNPP.A2020027.1900.002.2026032034254.nc
2020-01-27T06:48:00+00:00,NOAA20,NIGHT,WINTER,0,0,0,0,720,CLDMSK_L2_VIIRS_NOAA20.A2020027.0648.001.2020294224916.nc
2020-01-27T08:30:00+00:00,NOAA20,NIGHT,WINTER,0,0,0,0,1800,CLDMSK_L2_VIIRS_NOAA20.A2020027.0830.001.2020294224903.nc
2020-01-27T18:12:00+00:00,NOAA20,DAY,WINTER,,0,0,0,720,CLDMSK_L2_VIIRS_NOAA20.A2020027.1812.001.2020294225012.nc
2021-10-15T06:42:00+00:00,SNPP,NIGHT,AUTUMN,0,1,1,0,1080,CLDMSK_L2_VIIRS_SNPP.A2021288.0642.002.2026033010357.nc
2021-10-15T08:24:00+00:00,SNPP,NIGHT,AUTUMN,0,0,0,0,1440,CLDMSK_L2_VIIRS_SNPP.A2021288.0824.002.2026033010358.nc
2021-10-15T18:06:00+00:00,SNPP,DAY,AUTUMN,,0,0,0,360,CLDMSK_L2_VIIRS_SNPP.A2021288.1806.002.2026033010513.nc
2021-10-15T07:30:00+00:00,NOAA20,NIGHT,AUTUMN,0,1,1,1,1200,CLDMSK_L2_VIIRS_NOAA20.A2021288.0730.001.2021288194453.nc
2021-10-15T17:18:00+00:00,NOAA20,DAY,AUTUMN,,0,0,0,1080,CLDMSK_L2_VIIRS_NOAA20.A2021288.1718.001.2021289014232.nc
2021-10-15T18:54:00+00:00,NOAA20,DAY,AUTUMN,,0,0,0,360,CLDMSK_L2_VIIRS_NOAA20.A2021288.1854.001.2021289073741.nc
2024-09-27T17:54:00+00:00,SNPP,DAY,AUTUMN,,0,0,0,360,CLDMSK_L2_VIIRS_SNPP.A2024271.1754.002.2026034104121.nc
2024-09-27T06:54:00+00:00,NOAA20,NIGHT,AUTUMN,1,0,0,1,360,CLDMSK_L2_VIIRS_NOAA20.A2024271.0654.002.2025236023524.nc
2024-09-27T08:30:00+00:00,NOAA20,NIGHT,AUTUMN,0,0,0,1,1800,CLDMSK_L2_VIIRS_NOAA20.A2024271.0830.002.2025236023546.nc
2024-09-27T18:18:00+00:00,NOAA20,DAY,AUTUMN,,0,0,0,1080,CLDMSK_L2_VIIRS_NOAA20.A2024271.1818.002.2025236023700.nc
2024-09-27T06:06:00+00:00,NOAA21,NIGHT,AUTUMN,1,0,0,1,360,CLDMSK_L2_VIIRS_NOAA21.A2024271.0606.001.2024271190154.nc
2024-09-27T07:42:00+00:00,NOAA21,NIGHT,AUTUMN,1,0,0,1,1080,CLDMSK_L2_VIIRS_NOAA21.A2024271.0742.001.2024271190146.nc
2024-09-27T17:30:00+00:00,NOAA21,DAY,AUTUMN,,0,0,0,1800,CLDMSK_L2_VIIRS_NOAA21.A2024271.1730.001.2024272013153.nc
2024-09-27T19:12:00+00:00,NOAA21,DAY,AUTUMN,,0,0,0,720,CLDMSK_L2_VIIRS_NOAA21.A2024271.1912.001.2024272073202.nc
2023-10-25T07:06:00+00:00,SNPP,NIGHT,AUTUMN,1,0,0,0,360,CLDMSK_L2_VIIRS_SNPP.A2023298.0706.002.2026034002229.nc
2023-10-25T16:54:00+00:00,SNPP,DAY,AUTUMN,,0,0,0,360,CLDMSK_L2_VIIRS_SNPP.A2023298.1654.002.2026034002329.nc
2023-10-25T18:30:00+00:00,SNPP,DAY,AUTUMN,,0,0,0,1800,CLDMSK_L2_VIIRS_SNPP.A2023298.1830.002.2026034002347.nc
2023-10-25T06:18:00+00:00,NOAA20,NIGHT,AUTUMN,1,0,0,0,1080,CLDMSK_L2_VIIRS_NOAA20.A2023298.0618.002.2025235090301.nc
2023-10-25T07:54:00+00:00,NOAA20,NIGHT,AUTUMN,0,0,0,0,360,CLDMSK_L2_VIIRS_NOAA20.A2023298.0754.002.2025235090314.nc
2023-10-25T17:42:00+00:00,NOAA20,DAY,AUTUMN,,0,0,0,1080,CLDMSK_L2_VIIRS_NOAA20.A2023298.1742.002.2025235090453.nc
2023-10-25T19:24:00+00:00,NOAA20,DAY,AUTUMN,,0,0,0,1440,CLDMSK_L2_VIIRS_NOAA20.A2023298.1924.002.2025235090522.nc
2023-10-25T06:42:00+00:00,NOAA21,NIGHT,AUTUMN,1,0,0,0,1080,CLDMSK_L2_VIIRS_NOAA21.A2023298.0642.001.2024130192728.nc
2023-10-25T08:18:00+00:00,NOAA21,NIGHT,AUTUMN,0,0,0,0,1080,CLDMSK_L2_VIIRS_NOAA21.A2023298.0818.001.2024130192655.nc
2023-10-25T18:06:00+00:00,NOAA21,DAY,AUTUMN,,0,0,0,360,CLDMSK_L2_VIIRS_NOAA21.A2023298.1806.001.2024130192749.nc
2023-02-12T06:48:00+00:00,SNPP,NIGHT,WINTER,1,1,1,1,720,CLDMSK_L2_VIIRS_SNPP.A2023043.0648.002.2026033152715.nc
2023-02-12T08:30:00+00:00,SNPP,NIGHT,WINTER,1,1,1,1,1800,CLDMSK_L2_VIIRS_SNPP.A2023043.0830.002.2026033152727.nc
2023-02-12T18:12:00+00:00,SNPP,DAY,WINTER,,0,0,1,720,CLDMSK_L2_VIIRS_SNPP.A2023043.1812.002.2026033152820.nc
2023-02-12T07:36:00+00:00,NOAA20,NIGHT,WINTER,1,1,1,1,1440,CLDMSK_L2_VIIRS_NOAA20.A2023043.0736.001.2023233201005.nc
2023-02-12T17:24:00+00:00,NOAA20,DAY,WINTER,,1,1,1,1440,CLDMSK_L2_VIIRS_NOAA20.A2023043.1724.001.2023233201056.nc
2023-02-12T19:00:00+00:00,NOAA20,DAY,WINTER,,1,1,1,0,CLDMSK_L2_VIIRS_NOAA20.A2023043.1900.001.2023233201127.nc
2023-02-12T06:24:00+00:00,NOAA21,NIGHT,WINTER,1,1,1,1,1440,CLDMSK_L2_VIIRS_NOAA21.A2023043.0624.001.2024130182951.nc
2023-02-12T08:00:00+00:00,NOAA21,NIGHT,WINTER,1,1,1,1,0,CLDMSK_L2_VIIRS_NOAA21.A2023043.0800.001.2024130182932.nc
2023-02-12T17:48:00+00:00,NOAA21,DAY,WINTER,,0,1,1,720,CLDMSK_L2_VIIRS_NOAA21.A2023043.1748.001.2024130182945.nc
2021-09-28T07:00:00+00:00,SNPP,NIGHT,AUTUMN,1,0,0,1,0,CLDMSK_L2_VIIRS_SNPP.A2021271.0700.002.2026033003248.nc
2021-09-28T18:24:00+00:00,SNPP,DAY,AUTUMN,,0,0,1,1440,CLDMSK_L2_VIIRS_SNPP.A2021271.1824.002.2026033003407.nc
2021-09-28T06:12:00+00:00,NOAA20,NIGHT,AUTUMN,1,0,0,0,720,CLDMSK_L2_VIIRS_NOAA20.A2021271.0612.001.2021271193034.nc
2021-09-28T07:48:00+00:00,NOAA20,NIGHT,AUTUMN,1,1,0,1,720,CLDMSK_L2_VIIRS_NOAA20.A2021271.0748.001.2021271193020.nc
2021-09-28T17:36:00+00:00,NOAA20,DAY,AUTUMN,,1,1,1,1440,CLDMSK_L2_VIIRS_NOAA20.A2021271.1736.001.2021272013940.nc
2021-09-28T19:18:00+00:00,NOAA20,DAY,AUTUMN,,1,1,1,1080,CLDMSK_L2_VIIRS_NOAA20.A2021271.1918.001.2021272122840.nc
2022-05-31T07:06:00+00:00,SNPP,NIGHT,SPRING,0,0,0,1,360,CLDMSK_L2_VIIRS_SNPP.A2022151.0706.002.2026033080127.nc
2022-05-31T16:48:00+00:00,SNPP,DAY,SPRING,,0,0,0,720,CLDMSK_L2_VIIRS_SNPP.A2022151.1648.002.2026033080221.nc
2022-05-31T18:30:00+00:00,SNPP,DAY,SPRING,,0,0,0,1800,CLDMSK_L2_VIIRS_SNPP.A2022151.1830.002.2026033080237.nc
2022-05-31T06:18:00+00:00,NOAA20,NIGHT,SPRING,0,1,1,1,1080,CLDMSK_L2_VIIRS_NOAA20.A2022151.0618.001.2022151200547.nc
2022-05-31T08:00:00+00:00,NOAA20,NIGHT,SPRING,0,0,0,1,0,CLDMSK_L2_VIIRS_NOAA20.A2022151.0800.001.2022151200544.nc
2022-05-31T17:42:00+00:00,NOAA20,DAY,SPRING,,1,0,0,1080,CLDMSK_L2_VIIRS_NOAA20.A2022151.1742.001.2022152171503.nc
2022-05-31T19:24:00+00:00,NOAA20,DAY,SPRING,,0,0,0,1440,CLDMSK_L2_VIIRS_NOAA20.A2022151.1924.001.2022152073554.nc
2023-10-10T06:48:00+00:00,SNPP,NIGHT,AUTUMN,0,0,0,0,720,CLDMSK_L2_VIIRS_SNPP.A2023283.0648.002.2026033235446.nc
2023-10-10T08:30:00+00:00,SNPP,NIGHT,AUTUMN,0,0,0,0,840,CLDMSK_L2_VIIRS_SNPP.A2023283.0830.002.2026033235452.nc
2023-10-10T18:12:00+00:00,SNPP,DAY,AUTUMN,,0,0,0,720,CLDMSK_L2_VIIRS_SNPP.A2023283.1812.002.2026033235552.nc
2023-10-10T07:36:00+00:00,NOAA20,NIGHT,AUTUMN,0,0,0,0,1440,CLDMSK_L2_VIIRS_NOAA20.A2023283.0736.002.2025235081145.nc
2023-10-10T17:24:00+00:00,NOAA20,DAY,AUTUMN,,0,0,0,1440,CLDMSK_L2_VIIRS_NOAA20.A2023283.1724.002.2025235081339.nc
2023-10-10T19:00:00+00:00,NOAA20,DAY,AUTUMN,,0,0,0,0,CLDMSK_L2_VIIRS_NOAA20.A2023283.1900.002.2025235081327.nc
2023-10-10T06:18:00+00:00,NOAA21,NIGHT,AUTUMN,0,0,0,0,1080,CLDMSK_L2_VIIRS_NOAA21.A2023283.0618.001.2024130192312.nc
2023-10-10T08:00:00+00:00,NOAA21,NIGHT,AUTUMN,0,0,0,0,0,CLDMSK_L2_VIIRS_NOAA21.A2023283.0800.001.2024130192317.nc
2023-10-10T17:48:00+00:00,NOAA21,DAY,AUTUMN,,0,0,0,720,CLDMSK_L2_VIIRS_NOAA21.A2023283.1748.001.2024130192321.nc
2021-02-22T06:48:00+00:00,SNPP,NIGHT,WINTER,1,1,1,0,720,CLDMSK_L2_VIIRS_SNPP.A2021053.0648.002.2026032175429.nc
2021-02-22T08:30:00+00:00,SNPP,NIGHT,WINTER,1,1,0,0,0,CLDMSK_L2_VIIRS_SNPP.A2021053.0830.002.2026032175446.nc
2021-02-22T18:12:00+00:00,SNPP,DAY,WINTER,,0,0,0,720,CLDMSK_L2_VIIRS_SNPP.A2021053.1812.002.2026032175558.nc
2021-02-22T07:36:00+00:00,NOAA20,NIGHT,WINTER,1,0,0,0,1440,CLDMSK_L2_VIIRS_NOAA20.A2021053.0736.001.2021053185512.nc
2021-02-22T17:24:00+00:00,NOAA20,DAY,WINTER,,0,0,0,1440,CLDMSK_L2_VIIRS_NOAA20.A2021053.1724.001.2021054010812.nc
2021-02-22T19:00:00+00:00,NOAA20,DAY,WINTER,,0,0,0,0,CLDMSK_L2_VIIRS_NOAA20.A2021053.1900.001.2021054070919.nc
2021-01-14T07:18:00+00:00,SNPP,NIGHT,WINTER,0,1,1,0,1080,CLDMSK_L2_VIIRS_SNPP.A2021014.0718.002.2026032155923.nc
2021-01-14T17:00:00+00:00,SNPP,DAY,WINTER,,0,0,0,0,CLDMSK_L2_VIIRS_SNPP.A2021014.1700.002.2026032160012.nc
2021-01-14T18:42:00+00:00,SNPP,DAY,WINTER,,0,0,0,1080,CLDMSK_L2_VIIRS_SNPP.A2021014.1842.002.2026032160020.nc
2021-01-14T06:30:00+00:00,NOAA20,NIGHT,WINTER,0,0,0,0,1800,CLDMSK_L2_VIIRS_NOAA20.A2021014.0630.001.2021014190112.nc
2021-01-14T08:06:00+00:00,NOAA20,NIGHT,WINTER,0,0,0,0,360,CLDMSK_L2_VIIRS_NOAA20.A2021014.0806.001.2021014190111.nc
2021-01-14T17:54:00+00:00,NOAA20,DAY,WINTER,,0,0,0,360,CLDMSK_L2_VIIRS_NOAA20.A2021014.1754.001.2021015011019.nc
2024-04-05T06:12:00+00:00,SNPP,NIGHT,SPRING,0,0,0,0,720,CLDMSK_L2_VIIRS_SNPP.A2024096.0612.002.2026034052104.nc
2024-04-05T07:54:00+00:00,SNPP,NIGHT,SPRING,0,0,0,0,360,CLDMSK_L2_VIIRS_SNPP.A2024096.0754.002.2026034052125.nc
2024-04-05T17:36:00+00:00,SNPP,DAY,SPRING,,0,0,0,480,CLDMSK_L2_VIIRS_SNPP.A2024096.1736.002.2026034052209.nc
2024-04-05T19:18:00+00:00,SNPP,DAY,SPRING,,0,0,0,1080,CLDMSK_L2_VIIRS_SNPP.A2024096.1918.002.2026034052214.nc
2024-04-05T06:36:00+00:00,NOAA20,NIGHT,SPRING,0,0,0,0,1440,CLDMSK_L2_VIIRS_NOAA20.A2024096.0636.002.2025235165113.nc
2024-04-05T08:18:00+00:00,NOAA20,NIGHT,SPRING,0,0,0,0,1080,CLDMSK_L2_VIIRS_NOAA20.A2024096.0818.002.2025235165110.nc
2024-04-05T18:00:00+00:00,NOAA20,DAY,SPRING,,0,0,0,0,CLDMSK_L2_VIIRS_NOAA20.A2024096.1800.002.2025235165402.nc
2024-04-05T07:24:00+00:00,NOAA21,NIGHT,SPRING,0,0,0,0,1440,CLDMSK_L2_VIIRS_NOAA21.A2024096.0724.001.2024130200739.nc
2024-04-05T17:06:00+00:00,NOAA21,DAY,SPRING,,0,0,0,360,CLDMSK_L2_VIIRS_NOAA21.A2024096.1706.001.2024130200752.nc
2024-04-05T18:48:00+00:00,NOAA21,DAY,SPRING,,0,0,0,420,CLDMSK_L2_VIIRS_NOAA21.A2024096.1848.001.2024130200830.nc
2021-01-31T07:00:00+00:00,SNPP,NIGHT,WINTER,1,0,0,0,0,CLDMSK_L2_VIIRS_SNPP.A2021031.0700.002.2026032163139.nc
2021-01-31T18:24:00+00:00,SNPP,DAY,WINTER,,0,0,0,1440,CLDMSK_L2_VIIRS_SNPP.A2021031.1824.002.2026032163322.nc
2021-01-31T06:12:00+00:00,NOAA20,NIGHT,WINTER,1,0,0,0,720,CLDMSK_L2_VIIRS_NOAA20.A2021031.0612.001.2021031190908.nc
2021-01-31T07:48:00+00:00,NOAA20,NIGHT,WINTER,1,0,0,1,720,CLDMSK_L2_VIIRS_NOAA20.A2021031.0748.001.2021031190907.nc
2021-01-31T17:36:00+00:00,NOAA20,DAY,WINTER,,0,0,0,1440,CLDMSK_L2_VIIRS_NOAA20.A2021031.1736.001.2021032011704.nc
2021-01-31T19:18:00+00:00,NOAA20,DAY,WINTER,,0,0,0,1080,CLDMSK_L2_VIIRS_NOAA20.A2021031.1918.001.2021032072013.nc
2024-01-10T06:24:00+00:00,SNPP,NIGHT,WINTER,0,0,0,0,60,CLDMSK_L2_VIIRS_SNPP.A2024010.0624.002.2026034024424.nc
2024-01-10T08:06:00+00:00,SNPP,NIGHT,WINTER,0,0,0,0,360,CLDMSK_L2_VIIRS_SNPP.A2024010.0806.002.2026034024417.nc
2024-01-10T17:48:00+00:00,SNPP,DAY,WINTER,,0,0,0,720,CLDMSK_L2_VIIRS_SNPP.A2024010.1748.002.2026034024528.nc
2024-01-10T07:12:00+00:00,NOAA20,NIGHT,WINTER,0,0,0,0,720,CLDMSK_L2_VIIRS_NOAA20.A2024010.0712.002.2025235130112.nc
2024-01-10T17:00:00+00:00,NOAA20,DAY,WINTER,,0,0,0,0,CLDMSK_L2_VIIRS_NOAA20.A2024010.1700.002.2025235130205.nc
2024-01-10T18:36:00+00:00,NOAA20,DAY,WINTER,,0,0,0,1440,CLDMSK_L2_VIIRS_NOAA20.A2024010.1836.002.2025235130224.nc
2024-01-10T07:36:00+00:00,NOAA21,NIGHT,WINTER,0,0,0,0,1440,CLDMSK_L2_VIIRS_NOAA21.A2024010.0736.001.2024130194542.nc
2024-01-10T17:18:00+00:00,NOAA21,DAY,WINTER,,0,0,0,780,CLDMSK_L2_VIIRS_NOAA21.A2024010.1718.001.2024130194611.nc
2024-01-10T19:00:00+00:00,NOAA21,DAY,WINTER,,0,0,0,0,CLDMSK_L2_VIIRS_NOAA21.A2024010.1900.001.2024130194617.nc
2023-11-09T07:24:00+00:00,SNPP,NIGHT,AUTUMN,0,0,0,0,960,CLDMSK_L2_VIIRS_SNPP.A2023313.0724.002.2026034004847.nc
2023-11-09T17:12:00+00:00,SNPP,DAY,AUTUMN,,0,0,0,720,CLDMSK_L2_VIIRS_SNPP.A2023313.1712.002.2026034004941.nc
2023-11-09T18:48:00+00:00,SNPP,DAY,AUTUMN,,0,0,0,720,CLDMSK_L2_VIIRS_SNPP.A2023313.1848.002.2026034004954.nc
2023-11-09T06:36:00+00:00,NOAA20,NIGHT,AUTUMN,0,0,0,0,240,CLDMSK_L2_VIIRS_NOAA20.A2023313.0636.002.2025235094322.nc
2023-11-09T08:18:00+00:00,NOAA20,NIGHT,AUTUMN,0,0,0,0,1080,CLDMSK_L2_VIIRS_NOAA20.A2023313.0818.002.2025235094334.nc
2023-11-09T18:00:00+00:00,NOAA20,DAY,AUTUMN,,0,0,0,0,CLDMSK_L2_VIIRS_NOAA20.A2023313.1800.002.2025235094503.nc
2023-11-09T07:00:00+00:00,NOAA21,NIGHT,AUTUMN,0,0,0,0,0,CLDMSK_L2_VIIRS_NOAA21.A2023313.0700.001.2024130193042.nc
2023-11-09T18:24:00+00:00,NOAA21,DAY,AUTUMN,,0,0,0,1440,CLDMSK_L2_VIIRS_NOAA21.A2023313.1824.001.2024130193105.nc
2022-12-19T07:18:00+00:00,SNPP,NIGHT,WINTER,0,1,1,0,1080,CLDMSK_L2_VIIRS_SNPP.A2022353.0718.002.2026033134530.nc
2022-12-19T17:06:00+00:00,SNPP,DAY,WINTER,,0,0,0,360,CLDMSK_L2_VIIRS_SNPP.A2022353.1706.002.2026033134640.nc
2022-12-19T18:42:00+00:00,SNPP,DAY,WINTER,,0,0,0,1080,CLDMSK_L2_VIIRS_SNPP.A2022353.1842.002.2026033134630.nc
2022-12-19T06:30:00+00:00,NOAA20,NIGHT,WINTER,0,0,0,0,1800,CLDMSK_L2_VIIRS_NOAA20.A2022353.0630.001.2022353190556.nc
2022-12-19T08:06:00+00:00,NOAA20,NIGHT,WINTER,0,0,0,0,360,CLDMSK_L2_VIIRS_NOAA20.A2022353.0806.001.2022353204604.nc
2022-12-19T17:54:00+00:00,NOAA20,DAY,WINTER,,0,0,0,360,CLDMSK_L2_VIIRS_NOAA20.A2022353.1754.001.2022354064657.nc
2020-06-26T07:06:00+00:00,SNPP,NIGHT,SUMMER,0,0,0,0,360,CLDMSK_L2_VIIRS_SNPP.A2020178.0706.002.2026032094337.nc
2020-06-26T16:48:00+00:00,SNPP,DAY,SUMMER,,0,0,0,720,CLDMSK_L2_VIIRS_SNPP.A2020178.1648.002.2026032094447.nc
2020-06-26T18:30:00+00:00,SNPP,DAY,SUMMER,,1,0,0,1800,CLDMSK_L2_VIIRS_SNPP.A2020178.1830.002.2026032094515.nc
2020-06-26T06:18:00+00:00,NOAA20,NIGHT,SUMMER,0,0,0,0,1080,CLDMSK_L2_VIIRS_NOAA20.A2020178.0618.001.2020294155415.nc
2020-06-26T07:54:00+00:00,NOAA20,NIGHT,SUMMER,0,0,0,0,360,CLDMSK_L2_VIIRS_NOAA20.A2020178.0754.001.2020294155248.nc
2020-06-26T17:42:00+00:00,NOAA20,DAY,SUMMER,,1,0,0,1080,CLDMSK_L2_VIIRS_NOAA20.A2020178.1742.001.2020294155328.nc
2020-06-26T19:24:00+00:00,NOAA20,DAY,SUMMER,,0,0,0,1440,CLDMSK_L2_VIIRS_NOAA20.A2020178.1924.001.2020294155454.nc
2025-02-24T06:18:00+00:00,SNPP,NIGHT,WINTER,0,0,0,0,1080,CLDMSK_L2_VIIRS_SNPP.A2025055.0618.002.2026034151540.nc
2025-02-24T08:00:00+00:00,SNPP,NIGHT,WINTER,0,0,0,0,0,CLDMSK_L2_VIIRS_SNPP.A2025055.0800.002.2026034151548.nc
2025-02-24T17:42:00+00:00,SNPP,DAY,WINTER,,0,0,0,1080,CLDMSK_L2_VIIRS_SNPP.A2025055.1742.002.2026034151651.nc
2025-02-24T19:24:00+00:00,SNPP,DAY,WINTER,,0,0,0,1440,CLDMSK_L2_VIIRS_SNPP.A2025055.1924.002.2026034151706.nc
2025-02-24T06:42:00+00:00,NOAA20,NIGHT,WINTER,0,0,0,0,1080,CLDMSK_L2_VIIRS_NOAA20.A2025055.0642.001.2025055190652.nc
2025-02-24T08:18:00+00:00,NOAA20,NIGHT,WINTER,0,0,0,0,1080,CLDMSK_L2_VIIRS_NOAA20.A2025055.0818.001.2025055203635.nc
2025-02-24T18:06:00+00:00,NOAA20,DAY,WINTER,,0,0,0,360,CLDMSK_L2_VIIRS_NOAA20.A2025055.1806.001.2025056072723.nc
2025-02-24T07:30:00+00:00,NOAA21,NIGHT,WINTER,0,0,0,0,1800,CLDMSK_L2_VIIRS_NOAA21.A2025055.0730.001.2025055190831.nc
2025-02-24T17:18:00+00:00,NOAA21,DAY,WINTER,,1,1,0,1080,CLDMSK_L2_VIIRS_NOAA21.A2025055.1718.001.2025056011937.nc
2025-02-24T18:54:00+00:00,NOAA21,DAY,WINTER,,0,0,0,360,CLDMSK_L2_VIIRS_NOAA21.A2025055.1854.001.2025056072840.nc
2021-05-26T06:00:00+00:00,SNPP,NIGHT,SPRING,1,0,0,0,0,CLDMSK_L2_VIIRS_SNPP.A2021146.0600.002.2026032204527.nc
2021-05-26T07:42:00+00:00,SNPP,NIGHT,SPRING,1,0,0,0,1080,CLDMSK_L2_VIIRS_SNPP.A2021146.0742.002.2026032204541.nc
2021-05-26T17:30:00+00:00,SNPP,DAY,SPRING,,0,0,0,1800,CLDMSK_L2_VIIRS_SNPP.A2021146.1730.002.2026032204624.nc
2021-05-26T19:06:00+00:00,SNPP,DAY,SPRING,,0,0,0,360,CLDMSK_L2_VIIRS_SNPP.A2021146.1906.002.2026032204632.nc
2021-05-26T06:54:00+00:00,NOAA20,NIGHT,SPRING,1,0,0,0,360,CLDMSK_L2_VIIRS_NOAA20.A2021146.0654.001.2021146193511.nc
2021-05-26T18:18:00+00:00,NOAA20,DAY,SPRING,,0,0,0,1080,CLDMSK_L2_VIIRS_NOAA20.A2021146.1818.001.2021147073231.nc
2024-03-30T06:24:00+00:00,SNPP,NIGHT,SPRING,1,1,1,1,1440,CLDMSK_L2_VIIRS_SNPP.A2024090.0624.002.2026034051006.nc
2024-03-30T08:06:00+00:00,SNPP,NIGHT,SPRING,1,1,1,1,360,CLDMSK_L2_VIIRS_SNPP.A2024090.0806.002.2026034051008.nc
2024-03-30T17:48:00+00:00,SNPP,DAY,SPRING,,0,0,0,720,CLDMSK_L2_VIIRS_SNPP.A2024090.1748.002.2026034051121.nc
2024-03-30T06:54:00+00:00,NOAA20,NIGHT,SPRING,1,1,1,1,360,CLDMSK_L2_VIIRS_NOAA20.A2024090.0654.002.2025235163229.nc
2024-03-30T18:18:00+00:00,NOAA20,DAY,SPRING,,0,0,0,1080,CLDMSK_L2_VIIRS_NOAA20.A2024090.1818.002.2025235163322.nc
2024-03-30T07:36:00+00:00,NOAA21,NIGHT,SPRING,1,1,1,1,1440,CLDMSK_L2_VIIRS_NOAA21.A2024090.0736.001.2024130200655.nc
2024-03-30T17:24:00+00:00,NOAA21,DAY,SPRING,,0,0,0,1440,CLDMSK_L2_VIIRS_NOAA21.A2024090.1724.001.2024130200622.nc
2024-03-30T19:00:00+00:00,NOAA21,DAY,SPRING,,0,0,0,0,CLDMSK_L2_VIIRS_NOAA21.A2024090.1900.001.2024130200740.nc
2020-11-18T06:48:00+00:00,SNPP,NIGHT,AUTUMN,0,0,0,0,720,CLDMSK_L2_VIIRS_SNPP.A2020323.0648.002.2026032141056.nc
2020-11-18T08:30:00+00:00,SNPP,NIGHT,AUTUMN,0,0,0,0,120,CLDMSK_L2_VIIRS_SNPP.A2020323.0830.002.2026032141111.nc
2020-11-18T18:12:00+00:00,SNPP,DAY,AUTUMN,,0,0,0,720,CLDMSK_L2_VIIRS_SNPP.A2020323.1812.002.2026032141214.nc
2020-11-18T07:36:00+00:00,NOAA20,NIGHT,AUTUMN,0,0,0,0,1440,CLDMSK_L2_VIIRS_NOAA20.A2020323.0736.001.2020323191109.nc
2020-11-18T17:24:00+00:00,NOAA20,DAY,AUTUMN,,0,0,0,1440,CLDMSK_L2_VIIRS_NOAA20.A2020323.1724.001.2020324011520.nc
2020-11-18T19:00:00+00:00,NOAA20,DAY,AUTUMN,,0,0,0,0,CLDMSK_L2_VIIRS_NOAA20.A2020323.1900.001.2020324070635.nc
2023-04-15T07:30:00+00:00,SNPP,NIGHT,SPRING,0,0,0,0,1800,CLDMSK_L2_VIIRS_SNPP.A2023105.0730.002.2026033182042.nc
2023-04-15T17:12:00+00:00,SNPP,DAY,SPRING,,0,0,0,720,CLDMSK_L2_VIIRS_SNPP.A2023105.1712.002.2026033182140.nc
2023-04-15T18:54:00+00:00,SNPP,DAY,SPRING,,0,0,0,360,CLDMSK_L2_VIIRS_SNPP.A2023105.1854.002.2026033182145.nc
2023-04-15T06:36:00+00:00,NOAA20,NIGHT,SPRING,0,0,0,0,1440,CLDMSK_L2_VIIRS_NOAA20.A2023105.0636.001.2023233204007.nc
2023-04-15T08:18:00+00:00,NOAA20,NIGHT,SPRING,0,0,0,0,1080,CLDMSK_L2_VIIRS_NOAA20.A2023105.0818.001.2023233204000.nc
2023-04-15T18:00:00+00:00,NOAA20,DAY,SPRING,,1,1,0,0,CLDMSK_L2_VIIRS_NOAA20.A2023105.1800.001.2023233204019.nc
2023-04-15T07:00:00+00:00,NOAA21,NIGHT,SPRING,0,0,0,0,0,CLDMSK_L2_VIIRS_NOAA21.A2023105.0700.001.2024130185051.nc
2023-04-15T18:24:00+00:00,NOAA21,DAY,SPRING,,1,1,0,1440,CLDMSK_L2_VIIRS_NOAA21.A2023105.1824.001.2024130184255.nc
2024-01-21T06:18:00+00:00,SNPP,NIGHT,WINTER,1,0,0,0,1080,CLDMSK_L2_VIIRS_SNPP.A2024021.0618.002.2026034030439.nc
2024-01-21T08:00:00+00:00,SNPP,NIGHT,WINTER,1,0,0,0,0,CLDMSK_L2_VIIRS_SNPP.A2024021.0800.002.2026034030448.nc
2024-01-21T17:42:00+00:00,SNPP,DAY,WINTER,,0,0,0,1080,CLDMSK_L2_VIIRS_SNPP.A2024021.1742.002.2026034030600.nc
2024-01-21T19:24:00+00:00,SNPP,DAY,WINTER,,0,0,0,1440,CLDMSK_L2_VIIRS_SNPP.A2024021.1924.002.2026034030603.nc
2024-01-21T07:06:00+00:00,NOAA20,NIGHT,WINTER,1,0,0,0,360,CLDMSK_L2_VIIRS_NOAA20.A2024021.0706.002.2025235132846.nc
2024-01-21T16:48:00+00:00,NOAA20,DAY,WINTER,,0,0,0,720,CLDMSK_L2_VIIRS_NOAA20.A2024021.1648.002.2025235132857.nc
2024-01-21T16:54:00+00:00,NOAA20,DAY,WINTER,,0,0,0,360,CLDMSK_L2_VIIRS_NOAA20.A2024021.1654.002.2025235132858.nc
2024-01-21T18:30:00+00:00,NOAA20,DAY,WINTER,,1,0,0,1800,CLDMSK_L2_VIIRS_NOAA20.A2024021.1830.002.2025235132921.nc
2024-01-21T07:30:00+00:00,NOAA21,NIGHT,WINTER,1,0,0,0,1800,CLDMSK_L2_VIIRS_NOAA21.A2024021.0730.001.2024130194915.nc
2024-01-21T17:12:00+00:00,NOAA21,DAY,WINTER,,0,0,0,720,CLDMSK_L2_VIIRS_NOAA21.A2024021.1712.001.2024130195817.nc
2024-01-21T18:54:00+00:00,NOAA21,DAY,WINTER,,0,0,0,360,CLDMSK_L2_VIIRS_NOAA21.A2024021.1854.001.2024130195825.nc
2022-02-26T06:30:00+00:00,SNPP,NIGHT,WINTER,0,1,1,1,1800,CLDMSK_L2_VIIRS_SNPP.A2022057.0630.002.2026033051011.nc
2022-02-26T08:12:00+00:00,SNPP,NIGHT,WINTER,0,1,1,1,720,CLDMSK_L2_VIIRS_SNPP.A2022057.0812.002.2026033051024.nc
2022-02-26T17:54:00+00:00,SNPP,DAY,WINTER,,0,0,0,360,CLDMSK_L2_VIIRS_SNPP.A2022057.1754.002.2026033051116.nc
2022-02-26T07:18:00+00:00,NOAA20,NIGHT,WINTER,0,0,0,1,1080,CLDMSK_L2_VIIRS_NOAA20.A2022057.0718.001.2022058002929.nc
2022-02-26T17:06:00+00:00,NOAA20,DAY,WINTER,,0,0,0,360,CLDMSK_L2_VIIRS_NOAA20.A2022057.1706.001.2022058013156.nc
2022-02-26T18:42:00+00:00,NOAA20,DAY,WINTER,,0,0,0,1080,CLDMSK_L2_VIIRS_NOAA20.A2022057.1842.001.2022058073127.nc
2020-10-11T07:00:00+00:00,SNPP,NIGHT,AUTUMN,1,1,1,1,0,CLDMSK_L2_VIIRS_SNPP.A2020285.0700.002.2026032130018.nc
2020-10-11T18:24:00+00:00,SNPP,DAY,AUTUMN,,0,0,0,1440,CLDMSK_L2_VIIRS_SNPP.A2020285.1824.002.2026032130132.nc
2020-10-11T06:12:00+00:00,NOAA20,NIGHT,AUTUMN,1,1,1,1,720,CLDMSK_L2_VIIRS_NOAA20.A2020285.0612.001.2020287005113.nc
2020-10-11T07:48:00+00:00,NOAA20,NIGHT,AUTUMN,1,1,1,1,720,CLDMSK_L2_VIIRS_NOAA20.A2020285.0748.001.2020287004519.nc
2020-10-11T17:36:00+00:00,NOAA20,DAY,AUTUMN,,1,0,0,1440,CLDMSK_L2_VIIRS_NOAA20.A2020285.1736.001.2020287005207.nc
2020-10-11T19:12:00+00:00,NOAA20,DAY,AUTUMN,,1,0,0,720,CLDMSK_L2_VIIRS_NOAA20.A2020285.1912.001.2020287004743.nc
2020-07-06T07:18:00+00:00,SNPP,NIGHT,SUMMER,1,1,1,0,1080,CLDMSK_L2_VIIRS_SNPP.A2020188.0718.002.2026032100221.nc
2020-07-06T17:00:00+00:00,SNPP,DAY,SUMMER,,1,0,1,0,CLDMSK_L2_VIIRS_SNPP.A2020188.1700.002.2026032100307.nc
2020-07-06T18:42:00+00:00,SNPP,DAY,SUMMER,,1,1,1,1080,CLDMSK_L2_VIIRS_SNPP.A2020188.1842.002.2026032100319.nc
2020-07-06T06:30:00+00:00,NOAA20,NIGHT,SUMMER,1,0,0,0,1800,CLDMSK_L2_VIIRS_NOAA20.A2020188.0630.001.2020294153704.nc
2020-07-06T08:12:00+00:00,NOAA20,NIGHT,SUMMER,1,0,0,0,720,CLDMSK_L2_VIIRS_NOAA20.A2020188.0812.001.2020294153701.nc
2020-07-06T17:54:00+00:00,NOAA20,DAY,SUMMER,,1,1,1,360,CLDMSK_L2_VIIRS_NOAA20.A2020188.1754.001.2020294153735.nc
2022-07-22T07:30:00+00:00,SNPP,NIGHT,SUMMER,1,0,0,1,1800,CLDMSK_L2_VIIRS_SNPP.A2022203.0730.002.2026033093703.nc
2022-07-22T17:18:00+00:00,SNPP,DAY,SUMMER,,0,0,0,1080,CLDMSK_L2_VIIRS_SNPP.A2022203.1718.002.2026033093814.nc
2022-07-22T18:54:00+00:00,SNPP,DAY,SUMMER,,0,0,0,360,CLDMSK_L2_VIIRS_SNPP.A2022203.1854.002.2026033093816.nc
2022-07-22T06:42:00+00:00,NOAA20,NIGHT,SUMMER,1,0,0,1,1080,CLDMSK_L2_VIIRS_NOAA20.A2022203.0642.001.2022215162900.nc
2022-07-22T08:24:00+00:00,NOAA20,NIGHT,SUMMER,1,0,0,1,1440,CLDMSK_L2_VIIRS_NOAA20.A2022203.0824.001.2022215162919.nc
2022-07-22T18:06:00+00:00,NOAA20,DAY,SUMMER,,0,0,0,360,CLDMSK_L2_VIIRS_NOAA20.A2022203.1806.001.2022215163023.nc
2023-03-31T07:06:00+00:00,SNPP,NIGHT,SPRING,1,0,0,0,360,CLDMSK_L2_VIIRS_SNPP.A2023090.0706.002.2026033175335.nc
2023-03-31T16:54:00+00:00,SNPP,DAY,SPRING,,0,0,0,240,CLDMSK_L2_VIIRS_SNPP.A2023090.1654.002.2026033175425.nc
2023-03-31T18:36:00+00:00,SNPP,DAY,SPRING,,0,0,0,0,CLDMSK_L2_VIIRS_SNPP.A2023090.1836.002.2026033175438.nc
2023-03-31T06:18:00+00:00,NOAA20,NIGHT,SPRING,1,0,0,0,1080,CLDMSK_L2_VIIRS_NOAA20.A2023090.0618.001.2023233203104.nc
2023-03-31T08:00:00+00:00,NOAA20,NIGHT,SPRING,1,0,0,0,0,CLDMSK_L2_VIIRS_NOAA20.A2023090.0800.001.2023233203058.nc
2023-03-31T17:42:00+00:00,NOAA20,DAY,SPRING,,0,0,0,360,CLDMSK_L2_VIIRS_NOAA20.A2023090.1742.001.2023233203223.nc
2023-03-31T19:24:00+00:00,NOAA20,DAY,SPRING,,0,0,0,780,CLDMSK_L2_VIIRS_NOAA20.A2023090.1924.001.2023233203109.nc
2023-03-31T06:42:00+00:00,NOAA21,NIGHT,SPRING,1,0,0,0,1080,CLDMSK_L2_VIIRS_NOAA21.A2023090.0642.001.2024130183846.nc
2023-03-31T08:18:00+00:00,NOAA21,NIGHT,SPRING,1,0,0,0,1080,CLDMSK_L2_VIIRS_NOAA21.A2023090.0818.001.2024130183809.nc
2023-03-31T18:06:00+00:00,NOAA21,DAY,SPRING,,0,0,0,360,CLDMSK_L2_VIIRS_NOAA21.A2023090.1806.001.2024130184001.nc
2020-11-22T07:12:00+00:00,SNPP,NIGHT,AUTUMN,0,0,0,1,720,CLDMSK_L2_VIIRS_SNPP.A2020327.0712.002.2026032141833.nc
2020-11-22T16:54:00+00:00,SNPP,DAY,AUTUMN,,0,0,0,360,CLDMSK_L2_VIIRS_SNPP.A2020327.1654.002.2026032141935.nc
2020-11-22T18:36:00+00:00,SNPP,DAY,AUTUMN,,0,0,0,1440,CLDMSK_L2_VIIRS_SNPP.A2020327.1836.002.2026032141941.nc
2020-11-22T06:24:00+00:00,NOAA20,NIGHT,AUTUMN,0,1,1,1,1440,CLDMSK_L2_VIIRS_NOAA20.A2020327.0624.001.2020327190318.nc
2020-11-22T08:00:00+00:00,NOAA20,NIGHT,AUTUMN,0,0,0,0,0,CLDMSK_L2_VIIRS_NOAA20.A2020327.0800.001.2020327190336.nc
2020-11-22T17:48:00+00:00,NOAA20,DAY,AUTUMN,,0,0,0,720,CLDMSK_L2_VIIRS_NOAA20.A2020327.1748.001.2020328010326.nc
2022-08-11T06:18:00+00:00,SNPP,NIGHT,SUMMER,1,0,0,0,1080,CLDMSK_L2_VIIRS_SNPP.A2022223.0618.002.2026033094607.nc
2022-08-11T08:00:00+00:00,SNPP,NIGHT,SUMMER,1,0,0,0,0,CLDMSK_L2_VIIRS_SNPP.A2022223.0800.002.2026033094613.nc
2022-08-11T17:42:00+00:00,SNPP,DAY,SUMMER,,1,1,0,1080,CLDMSK_L2_VIIRS_SNPP.A2022223.1742.002.2026033094721.nc
2022-08-11T19:24:00+00:00,SNPP,DAY,SUMMER,,0,0,0,1440,CLDMSK_L2_VIIRS_SNPP.A2022223.1924.002.2026033094725.nc
2022-08-11T07:06:00+00:00,NOAA20,NIGHT,SUMMER,1,0,0,0,360,CLDMSK_L2_VIIRS_NOAA20.A2022223.0706.001.2022223192813.nc
2022-08-11T16:48:00+00:00,NOAA20,DAY,SUMMER,,0,0,0,720,CLDMSK_L2_VIIRS_NOAA20.A2022223.1648.001.2022224051013.nc
2022-08-11T18:30:00+00:00,NOAA20,DAY,SUMMER,,1,0,0,1800,CLDMSK_L2_VIIRS_NOAA20.A2022223.1830.001.2022224075122.nc
2021-02-17T06:42:00+00:00,SNPP,NIGHT,WINTER,0,1,1,1,1080,CLDMSK_L2_VIIRS_SNPP.A2021048.0642.002.2026032174530.nc
2021-02-17T08:24:00+00:00,SNPP,NIGHT,WINTER,0,0,0,1,1440,CLDMSK_L2_VIIRS_SNPP.A2021048.0824.002.2026032174544.nc
2021-02-17T18:06:00+00:00,SNPP,DAY,WINTER,,0,0,0,360,CLDMSK_L2_VIIRS_SNPP.A2021048.1806.002.2026032174652.nc
2021-02-17T07:30:00+00:00,NOAA20,NIGHT,WINTER,0,0,0,1,1800,CLDMSK_L2_VIIRS_NOAA20.A2021048.0730.001.2021048191548.nc
2021-02-17T17:18:00+00:00,NOAA20,DAY,WINTER,,0,0,1,1080,CLDMSK_L2_VIIRS_NOAA20.A2021048.1718.001.2021049011629.nc
2021-02-17T18:54:00+00:00,NOAA20,DAY,WINTER,,0,0,0,360,CLDMSK_L2_VIIRS_NOAA20.A2021048.1854.001.2021049072537.nc
2025-01-31T07:06:00+00:00,SNPP,NIGHT,WINTER,0,0,0,1,360,CLDMSK_L2_VIIRS_SNPP.A2025031.0706.002.2026034143143.nc
2025-01-31T16:54:00+00:00,SNPP,DAY,WINTER,,0,0,0,360,CLDMSK_L2_VIIRS_SNPP.A2025031.1654.002.2026034143250.nc
2025-01-31T18:30:00+00:00,SNPP,DAY,WINTER,,0,0,0,1800,CLDMSK_L2_VIIRS_SNPP.A2025031.1830.002.2026034143253.nc
2025-01-31T07:30:00+00:00,NOAA20,NIGHT,WINTER,0,0,0,1,1800,CLDMSK_L2_VIIRS_NOAA20.A2025031.0730.001.2025031200146.nc
2025-01-31T17:12:00+00:00,NOAA20,DAY,WINTER,,0,0,0,720,CLDMSK_L2_VIIRS_NOAA20.A2025031.1712.001.2025032053145.nc
2025-01-31T18:54:00+00:00,NOAA20,DAY,WINTER,,0,0,0,360,CLDMSK_L2_VIIRS_NOAA20.A2025031.1854.001.2025032073216.nc
2025-01-31T06:42:00+00:00,NOAA21,NIGHT,WINTER,0,0,0,1,1080,CLDMSK_L2_VIIRS_NOAA21.A2025031.0642.001.2025031191335.nc
2025-01-31T08:24:00+00:00,NOAA21,NIGHT,WINTER,0,0,0,1,1440,CLDMSK_L2_VIIRS_NOAA21.A2025031.0824.001.2025031191345.nc
2025-01-31T18:06:00+00:00,NOAA21,DAY,WINTER,,0,0,0,360,CLDMSK_L2_VIIRS_NOAA21.A2025031.1806.001.2025032073337.nc
2024-02-03T07:12:00+00:00,SNPP,NIGHT,WINTER,1,1,1,1,720,CLDMSK_L2_VIIRS_SNPP.A2024034.0712.002.2026034032721.nc
2024-02-03T17:00:00+00:00,SNPP,DAY,WINTER,,1,1,1,0,CLDMSK_L2_VIIRS_SNPP.A2024034.1700.002.2026034032827.nc
2024-02-03T18:36:00+00:00,SNPP,DAY,WINTER,,0,0,1,1440,CLDMSK_L2_VIIRS_SNPP.A2024034.1836.002.2026034032831.nc
2024-02-03T06:24:00+00:00,NOAA20,NIGHT,WINTER,0,1,1,1,1440,CLDMSK_L2_VIIRS_NOAA20.A2024034.0624.002.2025235135943.nc
2024-02-03T08:06:00+00:00,NOAA20,NIGHT,WINTER,1,1,1,1,360,CLDMSK_L2_VIIRS_NOAA20.A2024034.0806.002.2025235135942.nc
2024-02-03T06:48:00+00:00,NOAA21,NIGHT,WINTER,1,1,0,1,720,CLDMSK_L2_VIIRS_NOAA21.A2024034.0648.001.2024130195207.nc
2024-02-03T08:24:00+00:00,NOAA21,NIGHT,WINTER,1,1,0,1,1440,CLDMSK_L2_VIIRS_NOAA21.A2024034.0824.001.2024130195227.nc
2024-02-03T18:12:00+00:00,NOAA21,DAY,WINTER,,0,1,1,720,CLDMSK_L2_VIIRS_NOAA21.A2024034.1812.001.2024130195321.nc
2021-10-28T06:00:00+00:00,SNPP,NIGHT,AUTUMN,1,1,1,1,0,CLDMSK_L2_VIIRS_SNPP.A2021301.0600.002.2026033012806.nc
2021-10-28T07:42:00+00:00,SNPP,NIGHT,AUTUMN,1,1,1,1,1080,CLDMSK_L2_VIIRS_SNPP.A2021301.0742.002.2026033012809.nc
2021-10-28T17:24:00+00:00,SNPP,DAY,AUTUMN,,0,0,0,1440,CLDMSK_L2_VIIRS_SNPP.A2021301.1724.002.2026033012908.nc
2021-10-28T19:06:00+00:00,SNPP,DAY,AUTUMN,,0,0,0,360,CLDMSK_L2_VIIRS_SNPP.A2021301.1906.002.2026033012923.nc
2021-10-28T06:48:00+00:00,NOAA20,NIGHT,AUTUMN,1,1,1,1,720,CLDMSK_L2_VIIRS_NOAA20.A2021301.0648.001.2021301194126.nc
2021-10-28T08:30:00+00:00,NOAA20,NIGHT,AUTUMN,1,1,1,1,1800,CLDMSK_L2_VIIRS_NOAA20.A2021301.0830.001.2021301194128.nc
2021-10-28T18:12:00+00:00,NOAA20,DAY,AUTUMN,,0,0,0,240,CLDMSK_L2_VIIRS_NOAA20.A2021301.1812.001.2021302072616.nc
2024-02-25T07:00:00+00:00,SNPP,NIGHT,WINTER,1,0,0,0,0,CLDMSK_L2_VIIRS_SNPP.A2024056.0700.002.2026034040733.nc
2024-02-25T18:24:00+00:00,SNPP,DAY,WINTER,,0,0,0,1440,CLDMSK_L2_VIIRS_SNPP.A2024056.1824.002.2026034040903.nc
2024-02-25T06:12:00+00:00,NOAA20,NIGHT,WINTER,1,1,1,1,720,CLDMSK_L2_VIIRS_NOAA20.A2024056.0612.002.2025235151244.nc
2024-02-25T07:48:00+00:00,NOAA20,NIGHT,WINTER,1,1,1,0,720,CLDMSK_L2_VIIRS_NOAA20.A2024056.0748.002.2025235151216.nc
2024-02-25T17:36:00+00:00,NOAA20,DAY,WINTER,,0,1,0,1440,CLDMSK_L2_VIIRS_NOAA20.A2024056.1736.002.2025235151334.nc
2024-02-25T19:18:00+00:00,NOAA20,DAY,WINTER,,0,0,0,1080,CLDMSK_L2_VIIRS_NOAA20.A2024056.1918.002.2025235151332.nc
2024-02-25T06:36:00+00:00,NOAA21,NIGHT,WINTER,1,0,0,0,1440,CLDMSK_L2_VIIRS_NOAA21.A2024056.0636.001.2024130195835.nc
2024-02-25T08:12:00+00:00,NOAA21,NIGHT,WINTER,1,0,0,0,720,CLDMSK_L2_VIIRS_NOAA21.A2024056.0812.001.2024130195819.nc
2024-02-25T18:00:00+00:00,NOAA21,DAY,WINTER,,0,0,0,0,CLDMSK_L2_VIIRS_NOAA21.A2024056.1800.001.2024130195835.nc
2023-12-26T06:06:00+00:00,SNPP,NIGHT,WINTER,1,0,0,0,360,CLDMSK_L2_VIIRS_SNPP.A2023360.0606.002.2026034021633.nc
2023-12-26T07:42:00+00:00,SNPP,NIGHT,WINTER,1,0,0,0,1080,CLDMSK_L2_VIIRS_SNPP.A2023360.0742.002.2026034021642.nc
2023-12-26T17:30:00+00:00,SNPP,DAY,WINTER,,0,0,0,180,CLDMSK_L2_VIIRS_SNPP.A2023360.1730.002.2026034021803.nc
2023-12-26T19:12:00+00:00,SNPP,DAY,WINTER,,0,0,0,720,CLDMSK_L2_VIIRS_SNPP.A2023360.1912.002.2026034021752.nc
2023-12-26T06:54:00+00:00,NOAA20,NIGHT,WINTER,1,0,0,0,360,CLDMSK_L2_VIIRS_NOAA20.A2023360.0654.002.2025235121753.nc
2023-12-26T18:18:00+00:00,NOAA20,DAY,WINTER,,0,0,0,1080,CLDMSK_L2_VIIRS_NOAA20.A2023360.1818.002.2025235122017.nc
2023-12-26T07:18:00+00:00,NOAA21,NIGHT,WINTER,1,0,0,0,1080,CLDMSK_L2_VIIRS_NOAA21.A2023360.0718.001.2024130194332.nc
2023-12-26T17:00:00+00:00,NOAA21,DAY,WINTER,,0,0,0,0,CLDMSK_L2_VIIRS_NOAA21.A2023360.1700.001.2024130194359.nc
2023-12-26T18:42:00+00:00,NOAA21,DAY,WINTER,,0,0,0,0,CLDMSK_L2_VIIRS_NOAA21.A2023360.1842.001.2024130194613.nc
2022-05-08T07:36:00+00:00,SNPP,NIGHT,SPRING,0,1,1,1,1440,CLDMSK_L2_VIIRS_SNPP.A2022128.0736.002.2026033071908.nc
2022-05-08T17:24:00+00:00,SNPP,DAY,SPRING,,1,1,1,1440,CLDMSK_L2_VIIRS_SNPP.A2022128.1724.002.2026033071949.nc
2022-05-08T19:00:00+00:00,SNPP,DAY,SPRING,,1,1,1,0,CLDMSK_L2_VIIRS_SNPP.A2022128.1900.002.2026033072009.nc
2022-05-08T06:48:00+00:00,NOAA20,NIGHT,SPRING,0,1,1,1,720,CLDMSK_L2_VIIRS_NOAA20.A2022128.0648.001.2022128195856.nc
2022-05-08T08:30:00+00:00,NOAA20,NIGHT,SPRING,0,1,1,1,1800,CLDMSK_L2_VIIRS_NOAA20.A2022128.0830.001.2022128195839.nc
2022-05-08T18:12:00+00:00,NOAA20,DAY,SPRING,,1,1,1,720,CLDMSK_L2_VIIRS_NOAA20.A2022128.1812.001.2022129073300.nc
2022-12-29T07:30:00+00:00,SNPP,NIGHT,WINTER,0,1,1,1,1800,CLDMSK_L2_VIIRS_SNPP.A2022363.0730.002.2026033140404.nc
2022-12-29T17:18:00+00:00,SNPP,DAY,WINTER,,0,0,0,1080,CLDMSK_L2_VIIRS_SNPP.A2022363.1718.002.2026033140511.nc
2022-12-29T19:00:00+00:00,SNPP,DAY,WINTER,,0,0,0,0,CLDMSK_L2_VIIRS_SNPP.A2022363.1900.002.2026033140515.nc
2022-12-29T06:42:00+00:00,NOAA20,NIGHT,WINTER,0,0,0,1,1080,CLDMSK_L2_VIIRS_NOAA20.A2022363.0642.001.2022363190709.nc
2022-12-29T08:24:00+00:00,NOAA20,NIGHT,WINTER,0,0,0,0,1440,CLDMSK_L2_VIIRS_NOAA20.A2022363.0824.001.2022363203722.nc
2022-12-29T18:06:00+00:00,NOAA20,DAY,WINTER,,0,0,0,360,CLDMSK_L2_VIIRS_NOAA20.A2022363.1806.001.2022364073737.nc
2020-10-19T06:12:00+00:00,SNPP,NIGHT,AUTUMN,0,0,0,0,720,CLDMSK_L2_VIIRS_SNPP.A2020293.0612.002.2026032131511.nc
2020-10-19T07:48:00+00:00,SNPP,NIGHT,AUTUMN,0,0,0,0,720,CLDMSK_L2_VIIRS_SNPP.A2020293.0748.002.2026032131527.nc
2020-10-19T17:36:00+00:00,SNPP,DAY,AUTUMN,,0,0,0,720,CLDMSK_L2_VIIRS_SNPP.A2020293.1736.002.2026032131619.nc
2020-10-19T19:18:00+00:00,SNPP,DAY,AUTUMN,,0,0,0,1080,CLDMSK_L2_VIIRS_SNPP.A2020293.1918.002.2026032131648.nc
2020-10-19T07:00:00+00:00,NOAA20,NIGHT,AUTUMN,0,0,0,0,0,CLDMSK_L2_VIIRS_NOAA20.A2020293.0700.001.2020293190458.nc
2020-10-19T18:24:00+00:00,NOAA20,DAY,AUTUMN,,0,0,0,1440,CLDMSK_L2_VIIRS_NOAA20.A2020293.1824.001.2020294070600.nc
2021-12-01T07:00:00+00:00,SNPP,NIGHT,WINTER,0,0,0,0,0,CLDMSK_L2_VIIRS_SNPP.A2021335.0700.002.2026033023047.nc
2021-12-01T18:24:00+00:00,SNPP,DAY,WINTER,,0,0,0,1440,CLDMSK_L2_VIIRS_SNPP.A2021335.1824.002.2026033023203.nc
2021-12-01T06:12:00+00:00,NOAA20,NIGHT,WINTER,0,0,0,0,720,CLDMSK_L2_VIIRS_NOAA20.A2021335.0612.001.2021335193524.nc
2021-12-01T07:48:00+00:00,NOAA20,NIGHT,WINTER,0,0,0,1,720,CLDMSK_L2_VIIRS_NOAA20.A2021335.0748.001.2021335193511.nc
2021-12-01T17:36:00+00:00,NOAA20,DAY,WINTER,,1,0,0,1440,CLDMSK_L2_VIIRS_NOAA20.A2021335.1736.001.2021336045235.nc
2021-12-01T19:12:00+00:00,NOAA20,DAY,WINTER,,0,0,0,720,CLDMSK_L2_VIIRS_NOAA20.A2021335.1912.001.2021336074119.nc
2025-12-27T07:24:00+00:00,SNPP,NIGHT,WINTER,0,0,0,0,1440,CLDMSK_L2_VIIRS_SNPP.A2025361.0724.002.2026063203534.nc
2025-12-27T17:06:00+00:00,SNPP,DAY,WINTER,,0,0,0,360,CLDMSK_L2_VIIRS_SNPP.A2025361.1706.002.2026063203646.nc
2025-12-27T18:48:00+00:00,SNPP,DAY,WINTER,,0,0,0,720,CLDMSK_L2_VIIRS_SNPP.A2025361.1848.002.2026063203715.nc
2025-12-27T06:06:00+00:00,NOAA20,NIGHT,WINTER,0,1,0,0,360,CLDMSK_L2_VIIRS_NOAA20.A2025361.0606.001.2025361191047.nc
2025-12-27T07:48:00+00:00,NOAA20,NIGHT,WINTER,0,1,1,0,720,CLDMSK_L2_VIIRS_NOAA20.A2025361.0748.001.2025361200033.nc
2025-12-27T17:30:00+00:00,NOAA20,DAY,WINTER,,0,0,0,1800,CLDMSK_L2_VIIRS_NOAA20.A2025361.1730.002.2025362093113.nc
2025-12-27T19:12:00+00:00,NOAA20,DAY,WINTER,,0,0,0,720,CLDMSK_L2_VIIRS_NOAA20.A2025361.1912.002.2025362093121.nc
2025-12-27T06:54:00+00:00,NOAA21,NIGHT,WINTER,0,1,0,0,360,CLDMSK_L2_VIIRS_NOAA21.A2025361.0654.001.2025361191348.nc
2025-12-27T18:18:00+00:00,NOAA21,DAY,WINTER,,0,0,0,1080,CLDMSK_L2_VIIRS_NOAA21.A2025361.1818.001.2025362073440.nc
2022-09-29T06:00:00+00:00,SNPP,NIGHT,AUTUMN,0,0,0,0,0,CLDMSK_L2_VIIRS_SNPP.A2022272.0600.002.2026033111520.nc
2022-09-29T07:36:00+00:00,SNPP,NIGHT,AUTUMN,0,0,0,0,1440,CLDMSK_L2_VIIRS_SNPP.A2022272.0736.002.2026033111532.nc
2022-09-29T17:24:00+00:00,SNPP,DAY,AUTUMN,,1,1,1,1440,CLDMSK_L2_VIIRS_SNPP.A2022272.1724.002.2026033111631.nc
2022-09-29T19:06:00+00:00,SNPP,DAY,AUTUMN,,1,1,1,360,CLDMSK_L2_VIIRS_SNPP.A2022272.1906.002.2026033111638.nc
2022-09-29T06:48:00+00:00,NOAA20,NIGHT,AUTUMN,0,0,0,0,720,CLDMSK_L2_VIIRS_NOAA20.A2022272.0648.001.2022272191055.nc
2022-09-29T08:30:00+00:00,NOAA20,NIGHT,AUTUMN,0,0,0,0,1800,CLDMSK_L2_VIIRS_NOAA20.A2022272.0830.001.2022272204121.nc
2022-09-29T18:12:00+00:00,NOAA20,DAY,AUTUMN,,0,1,1,720,CLDMSK_L2_VIIRS_NOAA20.A2022272.1812.001.2022273073118.nc
2021-10-31T06:42:00+00:00,SNPP,NIGHT,AUTUMN,1,0,0,0,1080,CLDMSK_L2_VIIRS_SNPP.A2021304.0642.002.2026033013352.nc
2021-10-31T08:24:00+00:00,SNPP,NIGHT,AUTUMN,1,0,0,0,1440,CLDMSK_L2_VIIRS_SNPP.A2021304.0824.002.2026033013408.nc
2021-10-31T18:06:00+00:00,SNPP,DAY,AUTUMN,,1,0,0,360,CLDMSK_L2_VIIRS_SNPP.A2021304.1806.002.2026033013500.nc
2021-10-31T07:30:00+00:00,NOAA20,NIGHT,AUTUMN,1,0,0,0,960,CLDMSK_L2_VIIRS_NOAA20.A2021304.0730.001.2021304193433.nc
2021-10-31T17:18:00+00:00,NOAA20,DAY,AUTUMN,,0,0,0,1080,CLDMSK_L2_VIIRS_NOAA20.A2021304.1718.001.2021305013926.nc
2021-10-31T18:54:00+00:00,NOAA20,DAY,AUTUMN,,0,0,0,360,CLDMSK_L2_VIIRS_NOAA20.A2021304.1854.001.2021305072225.nc
2025-03-08T07:30:00+00:00,SNPP,NIGHT,SPRING,1,0,0,0,1800,CLDMSK_L2_VIIRS_SNPP.A2025067.0730.002.2026034153908.nc
2025-03-08T17:18:00+00:00,SNPP,DAY,SPRING,,0,0,1,1080,CLDMSK_L2_VIIRS_SNPP.A2025067.1718.002.2026034153959.nc
2025-03-08T18:54:00+00:00,SNPP,DAY,SPRING,,0,0,1,360,CLDMSK_L2_VIIRS_SNPP.A2025067.1854.002.2026034154030.nc
2025-03-08T06:12:00+00:00,NOAA20,NIGHT,SPRING,1,0,0,0,600,CLDMSK_L2_VIIRS_NOAA20.A2025067.0612.001.2025067191448.nc
2025-03-08T07:54:00+00:00,NOAA20,NIGHT,SPRING,1,0,0,0,360,CLDMSK_L2_VIIRS_NOAA20.A2025067.0754.001.2025067201443.nc
2025-03-08T17:42:00+00:00,NOAA20,DAY,SPRING,,0,0,1,1080,CLDMSK_L2_VIIRS_NOAA20.A2025067.1742.001.2025068060523.nc
2025-03-08T19:18:00+00:00,NOAA20,DAY,SPRING,,0,0,1,1080,CLDMSK_L2_VIIRS_NOAA20.A2025067.1918.001.2025068073507.nc
2025-03-08T07:06:00+00:00,NOAA21,NIGHT,SPRING,1,0,0,0,360,CLDMSK_L2_VIIRS_NOAA21.A2025067.0706.001.2025067191733.nc
2025-03-08T16:54:00+00:00,NOAA21,DAY,SPRING,,0,0,1,360,CLDMSK_L2_VIIRS_NOAA21.A2025067.1654.001.2025068012729.nc
2025-03-08T18:30:00+00:00,NOAA21,DAY,SPRING,,1,0,1,1800,CLDMSK_L2_VIIRS_NOAA21.A2025067.1830.001.2025068072729.nc
2024-04-03T06:48:00+00:00,SNPP,NIGHT,SPRING,0,0,0,0,720,CLDMSK_L2_VIIRS_SNPP.A2024094.0648.002.2026034051758.nc
2024-04-03T08:30:00+00:00,SNPP,NIGHT,SPRING,0,0,0,0,1800,CLDMSK_L2_VIIRS_SNPP.A2024094.0830.002.2026034051751.nc
2024-04-03T18:12:00+00:00,SNPP,DAY,SPRING,,0,0,0,240,CLDMSK_L2_VIIRS_SNPP.A2024094.1812.002.2026034051853.nc
2024-04-03T07:12:00+00:00,NOAA20,NIGHT,SPRING,0,0,0,0,720,CLDMSK_L2_VIIRS_NOAA20.A2024094.0712.002.2025235164230.nc
2024-04-03T17:00:00+00:00,NOAA20,DAY,SPRING,,0,0,0,0,CLDMSK_L2_VIIRS_NOAA20.A2024094.1700.002.2025235164739.nc
2024-04-03T18:36:00+00:00,NOAA20,DAY,SPRING,,0,0,0,1200,CLDMSK_L2_VIIRS_NOAA20.A2024094.1836.002.2025235164730.nc
2024-04-03T06:24:00+00:00,NOAA21,NIGHT,SPRING,0,0,0,0,1440,CLDMSK_L2_VIIRS_NOAA21.A2024094.0624.001.2024130200727.nc
2024-04-03T08:00:00+00:00,NOAA21,NIGHT,SPRING,0,0,0,0,0,CLDMSK_L2_VIIRS_NOAA21.A2024094.0800.001.2024130200749.nc
2024-04-03T17:48:00+00:00,NOAA21,DAY,SPRING,,0,0,0,720,CLDMSK_L2_VIIRS_NOAA21.A2024094.1748.001.2024130200731.nc
2023-01-10T07:06:00+00:00,SNPP,NIGHT,WINTER,1,0,0,0,360,CLDMSK_L2_VIIRS_SNPP.A2023010.0706.002.2026033142619.nc
2023-01-10T16:54:00+00:00,SNPP,DAY,WINTER,,0,0,0,360,CLDMSK_L2_VIIRS_SNPP.A2023010.1654.002.2026033142717.nc
2023-01-10T18:30:00+00:00,SNPP,DAY,WINTER,,0,0,0,1800,CLDMSK_L2_VIIRS_SNPP.A2023010.1830.002.2026033142734.nc
2023-01-10T06:18:00+00:00,NOAA20,NIGHT,WINTER,1,0,0,0,1080,CLDMSK_L2_VIIRS_NOAA20.A2023010.0618.001.2023233195150.nc
2023-01-10T07:54:00+00:00,NOAA20,NIGHT,WINTER,1,0,0,0,360,CLDMSK_L2_VIIRS_NOAA20.A2023010.0754.001.2023233195210.nc
2023-01-10T17:42:00+00:00,NOAA20,DAY,WINTER,,0,0,0,1080,CLDMSK_L2_VIIRS_NOAA20.A2023010.1742.001.2023233195216.nc
2023-01-10T19:24:00+00:00,NOAA20,DAY,WINTER,,0,0,0,1440,CLDMSK_L2_VIIRS_NOAA20.A2023010.1924.001.2023233195216.nc
2022-06-18T06:30:00+00:00,SNPP,NIGHT,SUMMER,1,0,0,0,1800,CLDMSK_L2_VIIRS_SNPP.A2022169.0630.002.2026033083415.nc
2022-06-18T08:06:00+00:00,SNPP,NIGHT,SUMMER,1,0,0,0,360,CLDMSK_L2_VIIRS_SNPP.A2022169.0806.002.2026033083422.nc
2022-06-18T17:54:00+00:00,SNPP,DAY,SUMMER,,1,1,1,360,CLDMSK_L2_VIIRS_SNPP.A2022169.1754.002.2026033083524.nc
2022-06-18T07:18:00+00:00,NOAA20,NIGHT,SUMMER,1,0,0,0,1080,CLDMSK_L2_VIIRS_NOAA20.A2022169.0718.001.2022169193257.nc
2022-06-18T17:06:00+00:00,NOAA20,DAY,SUMMER,,1,1,1,360,CLDMSK_L2_VIIRS_NOAA20.A2022169.1706.001.2022170053519.nc
2022-06-18T18:42:00+00:00,NOAA20,DAY,SUMMER,,1,1,1,1080,CLDMSK_L2_VIIRS_NOAA20.A2022169.1842.001.2022170074415.nc
2023-08-21T07:24:00+00:00,SNPP,NIGHT,SUMMER,0,0,0,0,1440,CLDMSK_L2_VIIRS_SNPP.A2023233.0724.002.2026033222213.nc
2023-08-21T17:12:00+00:00,SNPP,DAY,SUMMER,,0,0,0,720,CLDMSK_L2_VIIRS_SNPP.A2023233.1712.002.2026033222309.nc
2023-08-21T18:54:00+00:00,SNPP,DAY,SUMMER,,0,0,0,360,CLDMSK_L2_VIIRS_SNPP.A2023233.1854.002.2026033222331.nc
2023-08-21T06:36:00+00:00,NOAA20,NIGHT,SUMMER,0,0,0,0,1440,CLDMSK_L2_VIIRS_NOAA20.A2023233.0636.002.2025235054947.nc
2023-08-21T08:18:00+00:00,NOAA20,NIGHT,SUMMER,0,0,0,0,1080,CLDMSK_L2_VIIRS_NOAA20.A2023233.0818.002.2025235054951.nc
2023-08-21T18:00:00+00:00,NOAA20,DAY,SUMMER,,0,0,0,0,CLDMSK_L2_VIIRS_NOAA20.A2023233.1800.002.2025235055140.nc
2023-08-21T07:00:00+00:00,NOAA21,NIGHT,SUMMER,0,0,0,0,0,CLDMSK_L2_VIIRS_NOAA21.A2023233.0700.001.2024130191122.nc
2023-08-21T18:24:00+00:00,NOAA21,DAY,SUMMER,,1,1,0,1440,CLDMSK_L2_VIIRS_NOAA21.A2023233.1824.001.2024130191150.nc
2020-08-17T07:30:00+00:00,SNPP,NIGHT,SUMMER,0,0,1,1,1800,CLDMSK_L2_VIIRS_SNPP.A2020230.0730.002.2026032111933.nc
2020-08-17T17:18:00+00:00,SNPP,DAY,SUMMER,,0,0,0,1080,CLDMSK_L2_VIIRS_SNPP.A2020230.1718.002.2026032112048.nc
2020-08-17T18:54:00+00:00,SNPP,DAY,SUMMER,,0,0,0,300,CLDMSK_L2_VIIRS_SNPP.A2020230.1854.002.2026032112043.nc
2020-08-17T06:42:00+00:00,NOAA20,NIGHT,SUMMER,0,0,1,1,1080,CLDMSK_L2_VIIRS_NOAA20.A2020230.0642.001.2020294142948.nc
2020-08-17T08:24:00+00:00,NOAA20,NIGHT,SUMMER,0,0,0,1,1440,CLDMSK_L2_VIIRS_NOAA20.A2020230.0824.001.2020294143003.nc
2020-08-17T18:06:00+00:00,NOAA20,DAY,SUMMER,,0,0,0,360,CLDMSK_L2_VIIRS_NOAA20.A2020230.1806.001.2020294143000.nc
2022-07-27T06:48:00+00:00,NOAA20,NIGHT,SUMMER,0,0,0,1,720,CLDMSK_L2_VIIRS_NOAA20.A2022208.0648.001.2022214202955.nc
2022-07-27T08:30:00+00:00,NOAA20,NIGHT,SUMMER,0,0,0,1,1800,CLDMSK_L2_VIIRS_NOAA20.A2022208.0830.001.2022214203001.nc
2022-07-27T18:12:00+00:00,NOAA20,DAY,SUMMER,,0,0,0,720,CLDMSK_L2_VIIRS_NOAA20.A2022208.1812.001.2022214203247.nc
2020-05-11T06:30:00+00:00,SNPP,NIGHT,SPRING,1,0,0,0,480,CLDMSK_L2_VIIRS_SNPP.A2020132.0630.002.2026032080349.nc
2020-05-11T08:06:00+00:00,SNPP,NIGHT,SPRING,1,0,0,0,360,CLDMSK_L2_VIIRS_SNPP.A2020132.0806.002.2026032080358.nc
2020-05-11T17:54:00+00:00,SNPP,DAY,SPRING,,0,0,0,360,CLDMSK_L2_VIIRS_SNPP.A2020132.1754.002.2026032080515.nc
2020-05-11T07:18:00+00:00,NOAA20,NIGHT,SPRING,1,0,0,0,1080,CLDMSK_L2_VIIRS_NOAA20.A2020132.0718.001.2020294201504.nc
2020-05-11T17:06:00+00:00,NOAA20,DAY,SPRING,,0,0,0,360,CLDMSK_L2_VIIRS_NOAA20.A2020132.1706.001.2020294201515.nc
2020-05-11T18:42:00+00:00,NOAA20,DAY,SPRING,,0,0,0,1080,CLDMSK_L2_VIIRS_NOAA20.A2020132.1842.001.2020294201533.nc
2023-07-16T07:00:00+00:00,SNPP,NIGHT,SUMMER,0,0,0,0,0,CLDMSK_L2_VIIRS_SNPP.A2023197.0700.002.2026033211206.nc
2023-07-16T18:24:00+00:00,SNPP,DAY,SUMMER,,1,0,0,1440,CLDMSK_L2_VIIRS_SNPP.A2023197.1824.002.2026033211319.nc
2023-07-16T06:12:00+00:00,NOAA20,NIGHT,SUMMER,0,0,0,0,720,CLDMSK_L2_VIIRS_NOAA20.A2023197.0612.001.2023233213251.nc
2023-07-16T07:54:00+00:00,NOAA20,NIGHT,SUMMER,0,0,0,0,360,CLDMSK_L2_VIIRS_NOAA20.A2023197.0754.001.2023233213312.nc
2023-07-16T17:36:00+00:00,NOAA20,DAY,SUMMER,,0,0,0,1440,CLDMSK_L2_VIIRS_NOAA20.A2023197.1736.001.2023233213445.nc
2023-07-16T19:18:00+00:00,NOAA20,DAY,SUMMER,,0,0,0,1080,CLDMSK_L2_VIIRS_NOAA20.A2023197.1918.001.2023233213447.nc
2023-07-16T06:36:00+00:00,NOAA21,NIGHT,SUMMER,0,0,0,0,1440,CLDMSK_L2_VIIRS_NOAA21.A2023197.0636.001.2024130190425.nc
2023-07-16T08:12:00+00:00,NOAA21,NIGHT,SUMMER,0,0,0,0,720,CLDMSK_L2_VIIRS_NOAA21.A2023197.0812.001.2024130190356.nc
2023-07-16T18:00:00+00:00,NOAA21,DAY,SUMMER,,1,1,0,0,CLDMSK_L2_VIIRS_NOAA21.A2023197.1800.001.2024130190455.nc
2024-07-01T07:18:00+00:00,SNPP,NIGHT,SUMMER,0,1,1,1,1080,CLDMSK_L2_VIIRS_SNPP.A2024183.0718.002.2026034080046.nc
2024-07-01T17:06:00+00:00,SNPP,DAY,SUMMER,,1,1,1,360,CLDMSK_L2_VIIRS_SNPP.A2024183.1706.002.2026034080143.nc
2024-07-01T18:42:00+00:00,SNPP,DAY,SUMMER,,1,1,1,1080,CLDMSK_L2_VIIRS_SNPP.A2024183.1842.002.2026034080158.nc
2024-07-01T06:00:00+00:00,NOAA20,NIGHT,SUMMER,0,0,1,1,0,CLDMSK_L2_VIIRS_NOAA20.A2024183.0600.002.2025235214806.nc
2024-07-01T07:42:00+00:00,NOAA20,NIGHT,SUMMER,0,1,1,1,1080,CLDMSK_L2_VIIRS_NOAA20.A2024183.0742.002.2025235214802.nc
2024-07-01T17:30:00+00:00,NOAA20,DAY,SUMMER,,1,1,1,1800,CLDMSK_L2_VIIRS_NOAA20.A2024183.1730.002.2025235215101.nc
2024-07-01T19:06:00+00:00,NOAA20,DAY,SUMMER,,1,1,1,360,CLDMSK_L2_VIIRS_NOAA20.A2024183.1906.002.2025235215039.nc
2024-07-01T06:54:00+00:00,NOAA21,NIGHT,SUMMER,0,1,1,1,360,CLDMSK_L2_VIIRS_NOAA21.A2024183.0654.001.2024183190958.nc
2024-07-01T18:18:00+00:00,NOAA21,DAY,SUMMER,,1,1,1,1080,CLDMSK_L2_VIIRS_NOAA21.A2024183.1818.001.2024184073831.nc
2023-01-01T06:36:00+00:00,SNPP,NIGHT,WINTER,1,1,0,0,1440,CLDMSK_L2_VIIRS_SNPP.A2023001.0636.002.2026033140934.nc
2023-01-01T08:18:00+00:00,SNPP,NIGHT,WINTER,0,1,0,0,1080,CLDMSK_L2_VIIRS_SNPP.A2023001.0818.002.2026033140939.nc
2023-01-01T18:00:00+00:00,SNPP,DAY,WINTER,,0,0,0,0,CLDMSK_L2_VIIRS_SNPP.A2023001.1800.002.2026033141050.nc
2023-01-01T07:24:00+00:00,NOAA20,NIGHT,WINTER,1,0,0,0,1440,CLDMSK_L2_VIIRS_NOAA20.A2023001.0724.001.2023233194734.nc
2023-01-01T17:12:00+00:00,NOAA20,DAY,WINTER,,0,0,0,720,CLDMSK_L2_VIIRS_NOAA20.A2023001.1712.001.2023233194812.nc
2023-01-01T18:48:00+00:00,NOAA20,DAY,WINTER,,0,0,0,720,CLDMSK_L2_VIIRS_NOAA20.A2023001.1848.001.2023233194811.nc
2020-09-28T06:06:00+00:00,SNPP,NIGHT,AUTUMN,1,0,0,,,CLDMSK_L2_VIIRS_SNPP.A2020272.0606.002.2026032123647.nc
2020-09-28T07:42:00+00:00,SNPP,NIGHT,AUTUMN,0,0,0,0,1080,CLDMSK_L2_VIIRS_SNPP.A2020272.0742.002.2026032123650.nc
2020-09-28T17:30:00+00:00,SNPP,DAY,AUTUMN,,0,0,0,1800,CLDMSK_L2_VIIRS_SNPP.A2020272.1730.002.2026032123804.nc
2020-09-28T19:06:00+00:00,SNPP,DAY,AUTUMN,,0,0,0,360,CLDMSK_L2_VIIRS_SNPP.A2020272.1906.002.2026032123809.nc
2020-09-28T19:12:00+00:00,SNPP,DAY,AUTUMN,,0,0,0,720,CLDMSK_L2_VIIRS_SNPP.A2020272.1912.002.2026032123803.nc
2020-09-28T06:54:00+00:00,NOAA20,NIGHT,AUTUMN,1,1,0,0,360,CLDMSK_L2_VIIRS_NOAA20.A2020272.0654.001.2020294132403.nc
2020-09-28T08:36:00+00:00,NOAA20,NIGHT,AUTUMN,0,0,0,0,1440,CLDMSK_L2_VIIRS_NOAA20.A2020272.0836.001.2020294132423.nc
2020-09-28T18:18:00+00:00,NOAA20,DAY,AUTUMN,,0,0,0,1080,CLDMSK_L2_VIIRS_NOAA20.A2020272.1818.001.2020294132515.nc
2022-05-14T07:24:00+00:00,SNPP,NIGHT,SPRING,1,1,1,1,1440,CLDMSK_L2_VIIRS_SNPP.A2022134.0724.002.2026033072942.nc
2022-05-14T17:12:00+00:00,SNPP,DAY,SPRING,,0,0,1,720,CLDMSK_L2_VIIRS_SNPP.A2022134.1712.002.2026033073043.nc
2022-05-14T18:48:00+00:00,SNPP,DAY,SPRING,,1,1,1,720,CLDMSK_L2_VIIRS_SNPP.A2022134.1848.002.2026033073046.nc
2022-05-14T06:36:00+00:00,NOAA20,NIGHT,SPRING,1,0,1,1,1440,CLDMSK_L2_VIIRS_NOAA20.A2022134.0636.001.2022134194004.nc
2022-05-14T08:18:00+00:00,NOAA20,NIGHT,SPRING,1,0,1,1,1080,CLDMSK_L2_VIIRS_NOAA20.A2022134.0818.001.2022136165701.nc
2022-05-14T18:00:00+00:00,NOAA20,DAY,SPRING,,1,1,1,0,CLDMSK_L2_VIIRS_NOAA20.A2022134.1800.001.2022135074632.nc
2023-07-12T06:36:00+00:00,SNPP,NIGHT,SUMMER,1,1,1,0,1440,CLDMSK_L2_VIIRS_SNPP.A2023193.0636.002.2026033210309.nc
2023-07-12T08:18:00+00:00,SNPP,NIGHT,SUMMER,1,0,0,1,1080,CLDMSK_L2_VIIRS_SNPP.A2023193.0818.002.2026033210316.nc
2023-07-12T18:00:00+00:00,SNPP,DAY,SUMMER,,1,0,0,0,CLDMSK_L2_VIIRS_SNPP.A2023193.1800.002.2026033210419.nc
2023-07-12T07:24:00+00:00,NOAA20,NIGHT,SUMMER,1,1,1,0,1440,CLDMSK_L2_VIIRS_NOAA20.A2023193.0724.001.2023233213002.nc
2023-07-12T17:12:00+00:00,NOAA20,DAY,SUMMER,,0,0,0,720,CLDMSK_L2_VIIRS_NOAA20.A2023193.1712.001.2023233213125.nc
2023-07-12T18:48:00+00:00,NOAA20,DAY,SUMMER,,0,0,0,720,CLDMSK_L2_VIIRS_NOAA20.A2023193.1848.001.2023233213033.nc
2023-07-12T06:06:00+00:00,NOAA21,NIGHT,SUMMER,1,0,0,1,360,CLDMSK_L2_VIIRS_NOAA21.A2023193.0606.001.2024130190233.nc
2023-07-12T07:48:00+00:00,NOAA21,NIGHT,SUMMER,1,1,1,1,720,CLDMSK_L2_VIIRS_NOAA21.A2023193.0748.001.2024130190308.nc
2023-07-12T17:36:00+00:00,NOAA21,DAY,SUMMER,,0,0,0,1440,CLDMSK_L2_VIIRS_NOAA21.A2023193.1736.001.2024130190345.nc
2023-07-12T19:12:00+00:00,NOAA21,DAY,SUMMER,,0,0,0,720,CLDMSK_L2_VIIRS_NOAA21.A2023193.1912.001.2024130190408.nc
2022-05-20T07:12:00+00:00,SNPP,NIGHT,SPRING,1,0,0,1,720,CLDMSK_L2_VIIRS_SNPP.A2022140.0712.002.2026033074111.nc
2022-05-20T16:54:00+00:00,SNPP,DAY,SPRING,,0,0,0,360,CLDMSK_L2_VIIRS_SNPP.A2022140.1654.002.2026033074219.nc
2022-05-20T18:36:00+00:00,SNPP,DAY,SPRING,,0,0,0,1440,CLDMSK_L2_VIIRS_SNPP.A2022140.1836.002.2026033074216.nc
2022-05-20T06:24:00+00:00,NOAA20,NIGHT,SPRING,1,1,1,0,1440,CLDMSK_L2_VIIRS_NOAA20.A2022140.0624.001.2022140193858.nc
2022-05-20T08:06:00+00:00,NOAA20,NIGHT,SPRING,1,0,0,0,360,CLDMSK_L2_VIIRS_NOAA20.A2022140.0806.001.2022140194156.nc
2022-05-20T17:48:00+00:00,NOAA20,DAY,SPRING,,0,0,0,720,CLDMSK_L2_VIIRS_NOAA20.A2022140.1748.001.2022141014703.nc
2025-08-06T07:00:00+00:00,SNPP,NIGHT,SUMMER,0,0,0,1,0,CLDMSK_L2_VIIRS_SNPP.A2025218.0700.002.2026034201751.nc
2025-08-06T18:24:00+00:00,SNPP,DAY,SUMMER,,0,0,0,1440,CLDMSK_L2_VIIRS_SNPP.A2025218.1824.002.2026034201857.nc
2025-08-06T07:24:00+00:00,NOAA20,NIGHT,SUMMER,0,0,0,1,1440,CLDMSK_L2_VIIRS_NOAA20.A2025218.0724.001.2025218193725.nc
2025-08-06T17:12:00+00:00,NOAA20,DAY,SUMMER,,0,0,0,720,CLDMSK_L2_VIIRS_NOAA20.A2025218.1712.001.2025219052824.nc
2025-08-06T18:48:00+00:00,NOAA20,DAY,SUMMER,,0,0,0,720,CLDMSK_L2_VIIRS_NOAA20.A2025218.1848.001.2025219073822.nc
2025-08-06T06:36:00+00:00,NOAA21,NIGHT,SUMMER,1,0,0,1,1440,CLDMSK_L2_VIIRS_NOAA21.A2025218.0636.001.2025218191809.nc
2025-08-06T08:18:00+00:00,NOAA21,NIGHT,SUMMER,0,0,0,1,1080,CLDMSK_L2_VIIRS_NOAA21.A2025218.0818.001.2025218191815.nc
2025-08-06T18:00:00+00:00,NOAA21,DAY,SUMMER,,0,0,0,0,CLDMSK_L2_VIIRS_NOAA21.A2025218.1800.001.2025219073909.nc
2024-06-08T06:12:00+00:00,SNPP,NIGHT,SUMMER,0,0,0,0,720,CLDMSK_L2_VIIRS_SNPP.A2024160.0612.002.2026034071804.nc
2024-06-08T07:48:00+00:00,SNPP,NIGHT,SUMMER,0,0,0,1,720,CLDMSK_L2_VIIRS_SNPP.A2024160.0748.002.2026034071818.nc
2024-06-08T17:36:00+00:00,SNPP,DAY,SUMMER,,0,0,0,1440,CLDMSK_L2_VIIRS_SNPP.A2024160.1736.002.2026034071912.nc
2024-06-08T19:18:00+00:00,SNPP,DAY,SUMMER,,0,0,0,1080,CLDMSK_L2_VIIRS_SNPP.A2024160.1918.002.2026034071919.nc
2024-06-08T06:36:00+00:00,NOAA20,NIGHT,SUMMER,0,0,0,1,1440,CLDMSK_L2_VIIRS_NOAA20.A2024160.0636.002.2025235204111.nc
2024-06-08T18:00:00+00:00,NOAA20,DAY,SUMMER,,0,0,0,0,CLDMSK_L2_VIIRS_NOAA20.A2024160.1800.002.2025235204337.nc
2024-06-08T07:24:00+00:00,NOAA21,NIGHT,SUMMER,0,0,0,1,1440,CLDMSK_L2_VIIRS_NOAA21.A2024160.0724.001.2024160191108.nc
2024-06-08T17:06:00+00:00,NOAA21,DAY,SUMMER,,0,0,0,360,CLDMSK_L2_VIIRS_NOAA21.A2024160.1706.001.2024161011144.nc
2024-06-08T17:12:00+00:00,NOAA21,DAY,SUMMER,,0,0,0,720,CLDMSK_L2_VIIRS_NOAA21.A2024160.1712.001.2024161011145.nc
2024-06-08T18:48:00+00:00,NOAA21,DAY,SUMMER,,0,0,0,720,CLDMSK_L2_VIIRS_NOAA21.A2024160.1848.001.2024161073138.nc
2025-02-22T06:54:00+00:00,SNPP,NIGHT,WINTER,0,0,0,0,360,CLDMSK_L2_VIIRS_SNPP.A2025053.0654.002.2026034151145.nc
2025-02-22T08:36:00+00:00,SNPP,NIGHT,WINTER,0,0,0,0,1440,CLDMSK_L2_VIIRS_SNPP.A2025053.0836.002.2026034151201.nc
2025-02-22T18:18:00+00:00,SNPP,DAY,WINTER,,0,0,0,1080,CLDMSK_L2_VIIRS_SNPP.A2025053.1818.002.2026034151302.nc
2025-02-22T07:18:00+00:00,NOAA20,NIGHT,WINTER,0,0,0,0,1080,CLDMSK_L2_VIIRS_NOAA20.A2025053.0718.001.2025053193523.nc
2025-02-22T17:00:00+00:00,NOAA20,DAY,WINTER,,1,0,0,0,CLDMSK_L2_VIIRS_NOAA20.A2025053.1700.001.2025054051530.nc
2025-02-22T18:42:00+00:00,NOAA20,DAY,WINTER,,0,0,0,1080,CLDMSK_L2_VIIRS_NOAA20.A2025053.1842.001.2025054072542.nc
2025-02-22T06:30:00+00:00,NOAA21,NIGHT,WINTER,0,0,0,0,1800,CLDMSK_L2_VIIRS_NOAA21.A2025053.0630.001.2025053190635.nc
2025-02-22T08:12:00+00:00,NOAA21,NIGHT,WINTER,0,0,0,0,720,CLDMSK_L2_VIIRS_NOAA21.A2025053.0812.001.2025053190634.nc
2025-02-22T17:54:00+00:00,NOAA21,DAY,WINTER,,0,0,0,360,CLDMSK_L2_VIIRS_NOAA21.A2025053.1754.001.2025054010704.nc
2021-08-08T06:18:00+00:00,SNPP,NIGHT,SUMMER,0,0,0,1,1080,CLDMSK_L2_VIIRS_SNPP.A2021220.0618.002.2026032225935.nc
2021-08-08T08:00:00+00:00,SNPP,NIGHT,SUMMER,0,1,1,1,0,CLDMSK_L2_VIIRS_SNPP.A2021220.0800.002.2026032225948.nc
2021-08-08T17:42:00+00:00,SNPP,DAY,SUMMER,,0,0,0,1080,CLDMSK_L2_VIIRS_SNPP.A2021220.1742.002.2026032230045.nc
2021-08-08T19:24:00+00:00,SNPP,DAY,SUMMER,,0,0,0,1320,CLDMSK_L2_VIIRS_SNPP.A2021220.1924.002.2026032230038.nc
2021-08-08T07:06:00+00:00,NOAA20,NIGHT,SUMMER,0,1,1,1,360,CLDMSK_L2_VIIRS_NOAA20.A2021220.0706.001.2021220192831.nc
2021-08-08T16:54:00+00:00,NOAA20,DAY,SUMMER,,0,0,0,360,CLDMSK_L2_VIIRS_NOAA20.A2021220.1654.001.2021221012349.nc
2021-08-08T18:30:00+00:00,NOAA20,DAY,SUMMER,,0,0,0,1800,CLDMSK_L2_VIIRS_NOAA20.A2021220.1830.001.2021221073457.nc
2022-12-20T07:00:00+00:00,SNPP,NIGHT,WINTER,0,1,1,0,0,CLDMSK_L2_VIIRS_SNPP.A2022354.0700.002.2026033134720.nc
2022-12-20T18:24:00+00:00,SNPP,DAY,WINTER,,0,0,0,1440,CLDMSK_L2_VIIRS_SNPP.A2022354.1824.002.2026033134825.nc
2022-12-20T06:12:00+00:00,NOAA20,NIGHT,WINTER,0,0,0,0,720,CLDMSK_L2_VIIRS_NOAA20.A2022354.0612.001.2022354201505.nc
2022-12-20T07:48:00+00:00,NOAA20,NIGHT,WINTER,0,0,0,0,720,CLDMSK_L2_VIIRS_NOAA20.A2022354.0748.001.2022354203014.nc
2022-12-20T17:36:00+00:00,NOAA20,DAY,WINTER,,0,0,0,1440,CLDMSK_L2_VIIRS_NOAA20.A2022354.1736.001.2022355055722.nc
2022-12-20T19:12:00+00:00,NOAA20,DAY,WINTER,,0,0,0,720,CLDMSK_L2_VIIRS_NOAA20.A2022354.1912.001.2022355073707.nc
2022-10-07T06:48:00+00:00,SNPP,NIGHT,AUTUMN,1,0,0,0,60,CLDMSK_L2_VIIRS_SNPP.A2022280.0648.002.2026033113013.nc
2022-10-07T08:30:00+00:00,SNPP,NIGHT,AUTUMN,0,1,0,0,1080,CLDMSK_L2_VIIRS_SNPP.A2022280.0830.002.2026033113025.nc
2022-10-07T18:12:00+00:00,SNPP,DAY,AUTUMN,,0,0,0,720,CLDMSK_L2_VIIRS_SNPP.A2022280.1812.002.2026033113123.nc
2022-10-07T07:36:00+00:00,NOAA20,NIGHT,AUTUMN,1,0,0,0,960,CLDMSK_L2_VIIRS_NOAA20.A2022280.0736.001.2022280195132.nc
2022-10-07T17:24:00+00:00,NOAA20,DAY,AUTUMN,,0,0,0,1440,CLDMSK_L2_VIIRS_NOAA20.A2022280.1724.001.2022281054205.nc
2022-10-07T19:00:00+00:00,NOAA20,DAY,AUTUMN,,0,0,0,0,CLDMSK_L2_VIIRS_NOAA20.A2022280.1900.001.2022281072205.nc
2022-12-12T06:12:00+00:00,SNPP,NIGHT,WINTER,1,0,0,0,720,CLDMSK_L2_VIIRS_SNPP.A2022346.0612.002.2026033133215.nc
2022-12-12T07:54:00+00:00,SNPP,NIGHT,WINTER,1,0,0,0,360,CLDMSK_L2_VIIRS_SNPP.A2022346.0754.002.2026033133232.nc
2022-12-12T17:36:00+00:00,SNPP,DAY,WINTER,,0,0,0,1440,CLDMSK_L2_VIIRS_SNPP.A2022346.1736.002.2026033133349.nc
2022-12-12T19:18:00+00:00,SNPP,DAY,WINTER,,0,0,0,1080,CLDMSK_L2_VIIRS_SNPP.A2022346.1918.002.2026033133403.nc
2022-12-12T07:00:00+00:00,NOAA20,NIGHT,WINTER,1,0,0,0,0,CLDMSK_L2_VIIRS_NOAA20.A2022346.0700.001.2022346191417.nc
2022-12-12T18:24:00+00:00,NOAA20,DAY,WINTER,,0,0,0,1440,CLDMSK_L2_VIIRS_NOAA20.A2022346.1824.001.2022347073511.nc
2024-10-20T07:36:00+00:00,SNPP,NIGHT,AUTUMN,1,1,1,1,1440,CLDMSK_L2_VIIRS_SNPP.A2024294.0736.002.2026034112252.nc
2024-10-20T17:24:00+00:00,SNPP,DAY,AUTUMN,,1,1,1,1440,CLDMSK_L2_VIIRS_SNPP.A2024294.1724.002.2026034112358.nc
2024-10-20T19:00:00+00:00,SNPP,DAY,AUTUMN,,0,0,1,0,CLDMSK_L2_VIIRS_SNPP.A2024294.1900.002.2026034112359.nc
2024-10-20T06:24:00+00:00,NOAA20,NIGHT,AUTUMN,1,1,1,1,1440,CLDMSK_L2_VIIRS_NOAA20.A2024294.0624.002.2025236032812.nc
2024-10-20T08:00:00+00:00,NOAA20,NIGHT,AUTUMN,1,1,1,1,0,CLDMSK_L2_VIIRS_NOAA20.A2024294.0800.002.2025236032815.nc
2024-10-20T17:48:00+00:00,NOAA20,DAY,AUTUMN,,1,1,1,720,CLDMSK_L2_VIIRS_NOAA20.A2024294.1748.002.2025236032910.nc
2024-10-20T07:12:00+00:00,NOAA21,NIGHT,AUTUMN,1,1,1,1,720,CLDMSK_L2_VIIRS_NOAA21.A2024294.0712.001.2024294191140.nc
2024-10-20T17:00:00+00:00,NOAA21,DAY,AUTUMN,,1,1,1,0,CLDMSK_L2_VIIRS_NOAA21.A2024294.1700.001.2024295011225.nc
2024-10-20T18:36:00+00:00,NOAA21,DAY,AUTUMN,,0,1,1,1440,CLDMSK_L2_VIIRS_NOAA21.A2024294.1836.001.2024295072236.nc
2024-06-23T06:30:00+00:00,SNPP,NIGHT,SUMMER,1,0,0,0,1800,CLDMSK_L2_VIIRS_SNPP.A2024175.0630.002.2026034074606.nc
2024-06-23T08:06:00+00:00,SNPP,NIGHT,SUMMER,1,0,0,0,360,CLDMSK_L2_VIIRS_SNPP.A2024175.0806.002.2026034074628.nc
2024-06-23T17:54:00+00:00,SNPP,DAY,SUMMER,,0,0,0,360,CLDMSK_L2_VIIRS_SNPP.A2024175.1754.002.2026034074726.nc
2024-06-23T06:54:00+00:00,NOAA20,NIGHT,SUMMER,1,0,0,0,360,CLDMSK_L2_VIIRS_NOAA20.A2024175.0654.002.2025235212211.nc
2024-06-23T18:18:00+00:00,NOAA20,DAY,SUMMER,,0,0,0,1080,CLDMSK_L2_VIIRS_NOAA20.A2024175.1818.002.2025235212245.nc
2024-06-23T06:06:00+00:00,NOAA21,NIGHT,SUMMER,1,0,0,0,360,CLDMSK_L2_VIIRS_NOAA21.A2024175.0606.001.2024175190102.nc
2024-06-23T07:42:00+00:00,NOAA21,NIGHT,SUMMER,1,0,0,0,1080,CLDMSK_L2_VIIRS_NOAA21.A2024175.0742.001.2024175190115.nc
2024-06-23T17:30:00+00:00,NOAA21,DAY,SUMMER,,0,0,0,1200,CLDMSK_L2_VIIRS_NOAA21.A2024175.1730.001.2024176010156.nc
2024-06-23T19:06:00+00:00,NOAA21,DAY,SUMMER,,0,0,0,360,CLDMSK_L2_VIIRS_NOAA21.A2024175.1906.001.2024176073155.nc
2024-01-22T06:00:00+00:00,SNPP,NIGHT,WINTER,1,1,1,1,0,CLDMSK_L2_VIIRS_SNPP.A2024022.0600.002.2026034030625.nc
2024-01-22T07:36:00+00:00,SNPP,NIGHT,WINTER,1,1,1,1,1440,CLDMSK_L2_VIIRS_SNPP.A2024022.0736.002.2026034030628.nc
2024-01-22T17:24:00+00:00,SNPP,DAY,WINTER,,0,0,0,1140,CLDMSK_L2_VIIRS_SNPP.A2024022.1724.002.2026034030724.nc
2024-01-22T19:06:00+00:00,SNPP,DAY,WINTER,,0,0,0,360,CLDMSK_L2_VIIRS_SNPP.A2024022.1906.002.2026034030735.nc
2024-01-22T06:48:00+00:00,NOAA20,NIGHT,WINTER,1,1,1,1,720,CLDMSK_L2_VIIRS_NOAA20.A2024022.0648.002.2025235132958.nc
2024-01-22T08:30:00+00:00,NOAA20,NIGHT,WINTER,1,0,0,1,1800,CLDMSK_L2_VIIRS_NOAA20.A2024022.0830.002.2025235133003.nc
2024-01-22T18:12:00+00:00,NOAA20,DAY,WINTER,,0,0,0,720,CLDMSK_L2_VIIRS_NOAA20.A2024022.1812.002.2025235133057.nc
2024-01-22T07:12:00+00:00,NOAA21,NIGHT,WINTER,1,0,0,1,720,CLDMSK_L2_VIIRS_NOAA21.A2024022.0712.001.2024130194954.nc
2024-01-22T16:54:00+00:00,NOAA21,DAY,WINTER,,0,0,0,360,CLDMSK_L2_VIIRS_NOAA21.A2024022.1654.001.2024130195000.nc
2024-01-22T18:36:00+00:00,NOAA21,DAY,WINTER,,0,0,0,1440,CLDMSK_L2_VIIRS_NOAA21.A2024022.1836.001.2024130194951.nc
2022-06-17T06:48:00+00:00,SNPP,NIGHT,SUMMER,1,0,0,0,720,CLDMSK_L2_VIIRS_SNPP.A2022168.0648.002.2026033083219.nc
2022-06-17T18:12:00+00:00,SNPP,DAY,SUMMER,,0,1,1,720,CLDMSK_L2_VIIRS_SNPP.A2022168.1812.002.2026033083343.nc
2022-06-17T07:36:00+00:00,NOAA20,NIGHT,SUMMER,1,0,0,1,1440,CLDMSK_L2_VIIRS_NOAA20.A2022168.0736.001.2022168200149.nc
2022-06-17T17:24:00+00:00,NOAA20,DAY,SUMMER,,1,1,1,1440,CLDMSK_L2_VIIRS_NOAA20.A2022168.1724.001.2022169054420.nc
2022-06-17T19:00:00+00:00,NOAA20,DAY,SUMMER,,0,0,0,0,CLDMSK_L2_VIIRS_NOAA20.A2022168.1900.001.2022169074837.nc
2021-07-20T07:12:00+00:00,SNPP,NIGHT,SUMMER,0,1,1,1,720,CLDMSK_L2_VIIRS_SNPP.A2021201.0712.002.2026032222655.nc
2021-07-20T17:00:00+00:00,SNPP,DAY,SUMMER,,0,0,0,0,CLDMSK_L2_VIIRS_SNPP.A2021201.1700.002.2026032222755.nc
2021-07-20T18:36:00+00:00,SNPP,DAY,SUMMER,,0,0,0,1440,CLDMSK_L2_VIIRS_SNPP.A2021201.1836.002.2026032222804.nc
2021-07-20T06:24:00+00:00,NOAA20,NIGHT,SUMMER,0,0,0,1,1440,CLDMSK_L2_VIIRS_NOAA20.A2021201.0624.001.2021201192654.nc
2021-07-20T08:06:00+00:00,NOAA20,NIGHT,SUMMER,0,0,0,1,360,CLDMSK_L2_VIIRS_NOAA20.A2021201.0806.001.2021201192650.nc
2021-07-20T17:48:00+00:00,NOAA20,DAY,SUMMER,,1,0,0,720,CLDMSK_L2_VIIRS_NOAA20.A2021201.1748.001.2021202012319.nc
2025-09-18T06:54:00+00:00,SNPP,NIGHT,AUTUMN,0,1,1,1,360,CLDMSK_L2_VIIRS_SNPP.A2025261.0654.002.2026034213610.nc
2025-09-18T08:36:00+00:00,SNPP,NIGHT,AUTUMN,0,1,1,1,1440,CLDMSK_L2_VIIRS_SNPP.A2025261.0836.002.2026034213618.nc
2025-09-18T18:24:00+00:00,SNPP,DAY,AUTUMN,,0,0,0,1440,CLDMSK_L2_VIIRS_SNPP.A2025261.1824.002.2026034213726.nc
2025-09-18T07:18:00+00:00,NOAA20,NIGHT,AUTUMN,0,1,1,1,1080,CLDMSK_L2_VIIRS_NOAA20.A2025261.0718.001.2025261192411.nc
2025-09-18T17:00:00+00:00,NOAA20,DAY,AUTUMN,,0,0,0,0,CLDMSK_L2_VIIRS_NOAA20.A2025261.1700.001.2025262051444.nc
2025-09-18T18:42:00+00:00,NOAA20,DAY,AUTUMN,,0,0,0,1080,CLDMSK_L2_VIIRS_NOAA20.A2025261.1842.001.2025262073447.nc
2025-09-18T08:12:00+00:00,NOAA21,NIGHT,AUTUMN,0,1,1,1,720,CLDMSK_L2_VIIRS_NOAA21.A2025261.0812.001.2025261185758.nc
2025-09-18T17:54:00+00:00,NOAA21,DAY,AUTUMN,,0,0,0,360,CLDMSK_L2_VIIRS_NOAA21.A2025261.1754.001.2025262012759.nc
2025-07-14T07:36:00+00:00,SNPP,NIGHT,SUMMER,1,0,0,0,1440,CLDMSK_L2_VIIRS_SNPP.A2025195.0736.002.2026034193511.nc
2025-07-14T17:18:00+00:00,SNPP,DAY,SUMMER,,0,0,0,1080,CLDMSK_L2_VIIRS_SNPP.A2025195.1718.002.2026034193635.nc
2025-07-14T19:00:00+00:00,SNPP,DAY,SUMMER,,0,0,0,0,CLDMSK_L2_VIIRS_SNPP.A2025195.1900.002.2026034193642.nc
2025-07-14T06:18:00+00:00,NOAA20,NIGHT,SUMMER,1,0,0,0,1080,CLDMSK_L2_VIIRS_NOAA20.A2025195.0618.001.2025195190638.nc
2025-07-14T07:54:00+00:00,NOAA20,NIGHT,SUMMER,1,0,0,0,360,CLDMSK_L2_VIIRS_NOAA20.A2025195.0754.001.2025195201630.nc
2025-07-14T17:42:00+00:00,NOAA20,DAY,SUMMER,,0,0,0,1080,CLDMSK_L2_VIIRS_NOAA20.A2025195.1742.001.2025196060658.nc
2025-07-14T19:24:00+00:00,NOAA20,DAY,SUMMER,,0,0,0,1440,CLDMSK_L2_VIIRS_NOAA20.A2025195.1924.001.2025196074714.nc
2025-07-14T07:06:00+00:00,NOAA21,NIGHT,SUMMER,1,0,0,0,360,CLDMSK_L2_VIIRS_NOAA21.A2025195.0706.001.2025195190754.nc
2025-07-14T16:54:00+00:00,NOAA21,DAY,SUMMER,,0,0,0,360,CLDMSK_L2_VIIRS_NOAA21.A2025195.1654.001.2025196010826.nc
2025-07-14T18:30:00+00:00,NOAA21,DAY,SUMMER,,0,0,0,1800,CLDMSK_L2_VIIRS_NOAA21.A2025195.1830.001.2025196073845.nc
2021-01-07T06:12:00+00:00,SNPP,NIGHT,WINTER,0,0,0,0,720,CLDMSK_L2_VIIRS_SNPP.A2021007.0612.002.2026032154515.nc
2021-01-07T07:48:00+00:00,SNPP,NIGHT,WINTER,1,0,0,0,720,CLDMSK_L2_VIIRS_SNPP.A2021007.0748.002.2026032154533.nc
2021-01-07T17:36:00+00:00,SNPP,DAY,WINTER,,1,1,1,1440,CLDMSK_L2_VIIRS_SNPP.A2021007.1736.002.2026032154651.nc
2021-01-07T19:12:00+00:00,SNPP,DAY,WINTER,,0,0,1,720,CLDMSK_L2_VIIRS_SNPP.A2021007.1912.002.2026032154709.nc
2021-01-07T07:00:00+00:00,NOAA20,NIGHT,WINTER,1,0,0,0,0,CLDMSK_L2_VIIRS_NOAA20.A2021007.0700.001.2021007191749.nc
2021-01-07T18:24:00+00:00,NOAA20,DAY,WINTER,,1,1,1,1440,CLDMSK_L2_VIIRS_NOAA20.A2021007.1824.001.2021008071956.nc
2020-07-11T07:24:00+00:00,SNPP,NIGHT,SUMMER,1,0,0,0,1440,CLDMSK_L2_VIIRS_SNPP.A2020193.0724.002.2026032101114.nc
2020-07-11T17:12:00+00:00,SNPP,DAY,SUMMER,,0,0,0,720,CLDMSK_L2_VIIRS_SNPP.A2020193.1712.002.2026032101209.nc
2020-07-11T18:48:00+00:00,SNPP,DAY,SUMMER,,0,0,0,240,CLDMSK_L2_VIIRS_SNPP.A2020193.1848.002.2026032101221.nc
2020-07-11T06:36:00+00:00,NOAA20,NIGHT,SUMMER,1,0,0,0,1440,CLDMSK_L2_VIIRS_NOAA20.A2020193.0636.001.2020294152826.nc
2020-07-11T08:18:00+00:00,NOAA20,NIGHT,SUMMER,1,0,0,0,1080,CLDMSK_L2_VIIRS_NOAA20.A2020193.0818.001.2020294152831.nc
2020-07-11T18:00:00+00:00,NOAA20,DAY,SUMMER,,0,0,0,0,CLDMSK_L2_VIIRS_NOAA20.A2020193.1800.001.2020294152908.nc
2021-03-25T07:06:00+00:00,SNPP,NIGHT,SPRING,1,1,1,1,360,CLDMSK_L2_VIIRS_SNPP.A2021084.0706.002.2026032185059.nc
2021-03-25T16:48:00+00:00,SNPP,DAY,SPRING,,0,0,0,720,CLDMSK_L2_VIIRS_SNPP.A2021084.1648.002.2026032185230.nc
2021-03-25T18:30:00+00:00,SNPP,DAY,SPRING,,0,0,0,1800,CLDMSK_L2_VIIRS_SNPP.A2021084.1830.002.2026032185213.nc
2021-03-25T06:18:00+00:00,NOAA20,NIGHT,SPRING,1,1,1,1,1080,CLDMSK_L2_VIIRS_NOAA20.A2021084.0618.001.2021084193315.nc
2021-03-25T07:54:00+00:00,NOAA20,NIGHT,SPRING,1,1,1,1,360,CLDMSK_L2_VIIRS_NOAA20.A2021084.0754.001.2021084193318.nc
2021-03-25T17:42:00+00:00,NOAA20,DAY,SPRING,,0,1,0,1080,CLDMSK_L2_VIIRS_NOAA20.A2021084.1742.001.2021085012446.nc
2021-03-25T19:24:00+00:00,NOAA20,DAY,SPRING,,0,0,0,1440,CLDMSK_L2_VIIRS_NOAA20.A2021084.1924.001.2021085073007.nc
2021-09-18T06:48:00+00:00,SNPP,NIGHT,AUTUMN,1,1,1,1,720,CLDMSK_L2_VIIRS_SNPP.A2021261.0648.002.2026033001427.nc
2021-09-18T08:30:00+00:00,SNPP,NIGHT,AUTUMN,0,0,0,0,1800,CLDMSK_L2_VIIRS_SNPP.A2021261.0830.002.2026033001431.nc
2021-09-18T18:12:00+00:00,SNPP,DAY,AUTUMN,,1,1,0,720,CLDMSK_L2_VIIRS_SNPP.A2021261.1812.002.2026033001601.nc
2021-09-18T06:00:00+00:00,NOAA20,NIGHT,AUTUMN,1,0,0,0,0,CLDMSK_L2_VIIRS_NOAA20.A2021261.0600.001.2021261193827.nc
2021-09-18T07:36:00+00:00,NOAA20,NIGHT,AUTUMN,1,0,0,0,1440,CLDMSK_L2_VIIRS_NOAA20.A2021261.0736.001.2021261194044.nc
2021-09-18T17:24:00+00:00,NOAA20,DAY,AUTUMN,,1,1,0,1440,CLDMSK_L2_VIIRS_NOAA20.A2021261.1724.001.2021262012136.nc
2021-09-18T19:00:00+00:00,NOAA20,DAY,AUTUMN,,1,1,1,0,CLDMSK_L2_VIIRS_NOAA20.A2021261.1900.001.2021262073128.nc
2021-10-17T06:06:00+00:00,SNPP,NIGHT,AUTUMN,1,0,0,1,360,CLDMSK_L2_VIIRS_SNPP.A2021290.0606.002.2026033010742.nc
2021-10-17T07:48:00+00:00,SNPP,NIGHT,AUTUMN,1,0,0,1,720,CLDMSK_L2_VIIRS_SNPP.A2021290.0748.002.2026033010742.nc
2021-10-17T17:30:00+00:00,SNPP,DAY,AUTUMN,,0,0,0,1800,CLDMSK_L2_VIIRS_SNPP.A2021290.1730.002.2026033010857.nc
2021-10-17T19:12:00+00:00,SNPP,DAY,AUTUMN,,0,0,0,720,CLDMSK_L2_VIIRS_SNPP.A2021290.1912.002.2026033010909.nc
2021-10-17T06:54:00+00:00,NOAA20,NIGHT,AUTUMN,1,0,0,1,360,CLDMSK_L2_VIIRS_NOAA20.A2021290.0654.001.2021290193515.nc
2021-10-17T18:18:00+00:00,NOAA20,DAY,AUTUMN,,0,0,0,1080,CLDMSK_L2_VIIRS_NOAA20.A2021290.1818.001.2021291072609.nc
2024-09-25T07:06:00+00:00,SNPP,NIGHT,AUTUMN,1,0,0,0,360,CLDMSK_L2_VIIRS_SNPP.A2024269.0706.002.2026034103634.nc
2024-09-25T16:48:00+00:00,SNPP,DAY,AUTUMN,,0,0,0,720,CLDMSK_L2_VIIRS_SNPP.A2024269.1648.002.2026034103730.nc
2024-09-25T18:30:00+00:00,SNPP,DAY,AUTUMN,,0,0,0,1800,CLDMSK_L2_VIIRS_SNPP.A2024269.1830.002.2026034103733.nc
2024-09-25T07:30:00+00:00,NOAA20,NIGHT,AUTUMN,1,0,0,0,720,CLDMSK_L2_VIIRS_NOAA20.A2024269.0730.002.2025236022859.nc
2024-09-25T17:12:00+00:00,NOAA20,DAY,AUTUMN,,0,0,0,720,CLDMSK_L2_VIIRS_NOAA20.A2024269.1712.002.2025236023236.nc
2024-09-25T18:54:00+00:00,NOAA20,DAY,AUTUMN,,0,0,0,360,CLDMSK_L2_VIIRS_NOAA20.A2024269.1854.002.2025236023250.nc
2024-09-25T06:42:00+00:00,NOAA21,NIGHT,AUTUMN,1,0,0,0,1080,CLDMSK_L2_VIIRS_NOAA21.A2024269.0642.001.2024269192040.nc
2024-09-25T08:24:00+00:00,NOAA21,NIGHT,AUTUMN,1,0,0,0,1440,CLDMSK_L2_VIIRS_NOAA21.A2024269.0824.001.2024269192713.nc
2024-09-25T18:06:00+00:00,NOAA21,DAY,AUTUMN,,0,0,0,360,CLDMSK_L2_VIIRS_NOAA21.A2024269.1806.001.2024270073043.nc
2020-09-17T06:12:00+00:00,SNPP,NIGHT,AUTUMN,0,1,0,0,720,CLDMSK_L2_VIIRS_SNPP.A2020261.0612.002.2026032121624.nc
2020-09-17T07:48:00+00:00,SNPP,NIGHT,AUTUMN,0,0,0,0,720,CLDMSK_L2_VIIRS_SNPP.A2020261.0748.002.2026032121636.nc
2020-09-17T17:36:00+00:00,SNPP,DAY,AUTUMN,,0,0,0,1440,CLDMSK_L2_VIIRS_SNPP.A2020261.1736.002.2026032121753.nc
2020-09-17T19:18:00+00:00,SNPP,DAY,AUTUMN,,0,0,0,1080,CLDMSK_L2_VIIRS_SNPP.A2020261.1918.002.2026032121746.nc
2020-09-17T07:00:00+00:00,NOAA20,NIGHT,AUTUMN,0,0,0,0,0,CLDMSK_L2_VIIRS_NOAA20.A2020261.0700.001.2020294134018.nc
2020-09-17T18:24:00+00:00,NOAA20,DAY,AUTUMN,,0,0,0,1440,CLDMSK_L2_VIIRS_NOAA20.A2020261.1824.001.2020294134123.nc
2024-04-25T06:36:00+00:00,SNPP,NIGHT,SPRING,1,1,1,1,1440,CLDMSK_L2_VIIRS_SNPP.A2024116.0636.002.2026034055800.nc
2024-04-25T08:18:00+00:00,SNPP,NIGHT,SPRING,1,1,1,1,1080,CLDMSK_L2_VIIRS_SNPP.A2024116.0818.002.2026034055826.nc
2024-04-25T18:00:00+00:00,SNPP,DAY,SPRING,,0,0,1,0,CLDMSK_L2_VIIRS_SNPP.A2024116.1800.002.2026034055851.nc
2024-04-25T07:00:00+00:00,NOAA20,NIGHT,SPRING,1,1,1,1,0,CLDMSK_L2_VIIRS_NOAA20.A2024116.0700.002.2025235180321.nc
2024-04-25T18:24:00+00:00,NOAA20,DAY,SPRING,,0,1,1,1440,CLDMSK_L2_VIIRS_NOAA20.A2024116.1824.002.2025235180405.nc
2024-04-25T06:12:00+00:00,NOAA21,NIGHT,SPRING,1,1,1,1,720,CLDMSK_L2_VIIRS_NOAA21.A2024116.0612.001.2024130201644.nc
2024-04-25T07:48:00+00:00,NOAA21,NIGHT,SPRING,1,1,1,1,720,CLDMSK_L2_VIIRS_NOAA21.A2024116.0748.001.2024130201701.nc
2024-04-25T17:36:00+00:00,NOAA21,DAY,SPRING,,0,1,1,1440,CLDMSK_L2_VIIRS_NOAA21.A2024116.1736.001.2024130201658.nc
2024-04-25T19:12:00+00:00,NOAA21,DAY,SPRING,,0,0,1,720,CLDMSK_L2_VIIRS_NOAA21.A2024116.1912.001.2024130201516.nc
2024-04-12T07:18:00+00:00,SNPP,NIGHT,SPRING,0,0,0,0,1080,CLDMSK_L2_VIIRS_SNPP.A2024103.0718.002.2026034053404.nc
2024-04-12T17:06:00+00:00,SNPP,DAY,SPRING,,0,0,0,360,CLDMSK_L2_VIIRS_SNPP.A2024103.1706.002.2026034053501.nc
2024-04-12T18:42:00+00:00,SNPP,DAY,SPRING,,0,0,0,1080,CLDMSK_L2_VIIRS_SNPP.A2024103.1842.002.2026034053508.nc
2024-04-12T06:06:00+00:00,NOAA20,NIGHT,SPRING,0,0,0,0,360,CLDMSK_L2_VIIRS_NOAA20.A2024103.0606.002.2025235172558.nc
2024-04-12T07:42:00+00:00,NOAA20,NIGHT,SPRING,0,0,0,0,180,CLDMSK_L2_VIIRS_NOAA20.A2024103.0742.002.2025235172609.nc
2024-04-12T17:30:00+00:00,NOAA20,DAY,SPRING,,0,0,0,1800,CLDMSK_L2_VIIRS_NOAA20.A2024103.1730.002.2025235172811.nc
2024-04-12T19:12:00+00:00,NOAA20,DAY,SPRING,,0,0,0,720,CLDMSK_L2_VIIRS_NOAA20.A2024103.1912.002.2025235172754.nc
2024-04-12T06:54:00+00:00,NOAA21,NIGHT,SPRING,0,0,0,0,360,CLDMSK_L2_VIIRS_NOAA21.A2024103.0654.001.2024130200917.nc
2024-04-12T18:18:00+00:00,NOAA21,DAY,SPRING,,0,0,0,1080,CLDMSK_L2_VIIRS_NOAA21.A2024103.1818.001.2024130200938.nc
2025-04-01T06:42:00+00:00,SNPP,NIGHT,SPRING,0,0,0,0,1080,CLDMSK_L2_VIIRS_SNPP.A2025091.0642.002.2026034162516.nc
2025-04-01T08:24:00+00:00,SNPP,NIGHT,SPRING,0,0,0,0,1440,CLDMSK_L2_VIIRS_SNPP.A2025091.0824.002.2026034162518.nc
2025-04-01T18:06:00+00:00,SNPP,DAY,SPRING,,0,0,1,360,CLDMSK_L2_VIIRS_SNPP.A2025091.1806.002.2026034162627.nc
2025-04-01T07:06:00+00:00,NOAA20,NIGHT,SPRING,0,0,0,0,360,CLDMSK_L2_VIIRS_NOAA20.A2025091.0706.001.2025091193046.nc
2025-04-01T16:48:00+00:00,NOAA20,DAY,SPRING,,0,0,1,720,CLDMSK_L2_VIIRS_NOAA20.A2025091.1648.001.2025092051126.nc
2025-04-01T18:30:00+00:00,NOAA20,DAY,SPRING,,0,0,1,1080,CLDMSK_L2_VIIRS_NOAA20.A2025091.1830.001.2025092074115.nc
2025-04-01T06:18:00+00:00,NOAA21,NIGHT,SPRING,0,0,0,0,1080,CLDMSK_L2_VIIRS_NOAA21.A2025091.0618.001.2025091192112.nc
2025-04-01T07:54:00+00:00,NOAA21,NIGHT,SPRING,0,0,0,0,360,CLDMSK_L2_VIIRS_NOAA21.A2025091.0754.001.2025091192108.nc
2025-04-01T17:42:00+00:00,NOAA21,DAY,SPRING,,0,0,1,1080,CLDMSK_L2_VIIRS_NOAA21.A2025091.1742.001.2025092013121.nc
2025-04-01T19:24:00+00:00,NOAA21,DAY,SPRING,,0,0,1,1440,CLDMSK_L2_VIIRS_NOAA21.A2025091.1924.001.2025092074138.nc
2025-12-07T07:00:00+00:00,SNPP,NIGHT,WINTER,1,0,0,0,0,CLDMSK_L2_VIIRS_SNPP.A2025341.0700.002.2026063194829.nc
2025-12-07T08:36:00+00:00,SNPP,NIGHT,WINTER,1,0,0,0,1440,CLDMSK_L2_VIIRS_SNPP.A2025341.0836.002.2026063194841.nc
2025-12-07T18:24:00+00:00,SNPP,DAY,WINTER,,0,0,0,1440,CLDMSK_L2_VIIRS_SNPP.A2025341.1824.002.2026063195000.nc
2025-12-07T07:18:00+00:00,NOAA20,NIGHT,WINTER,1,0,0,0,1080,CLDMSK_L2_VIIRS_NOAA20.A2025341.0718.001.2025341192330.nc
2025-12-07T17:06:00+00:00,NOAA20,DAY,WINTER,,0,0,0,360,CLDMSK_L2_VIIRS_NOAA20.A2025341.1706.001.2025342051419.nc
2025-12-07T18:42:00+00:00,NOAA20,DAY,WINTER,,0,0,0,1080,CLDMSK_L2_VIIRS_NOAA20.A2025341.1842.001.2025342074544.nc
2025-12-07T06:30:00+00:00,NOAA21,NIGHT,WINTER,1,0,0,0,1800,CLDMSK_L2_VIIRS_NOAA21.A2025341.0630.001.2025341190805.nc
2025-12-07T08:12:00+00:00,NOAA21,NIGHT,WINTER,1,0,0,0,720,CLDMSK_L2_VIIRS_NOAA21.A2025341.0812.001.2025341190834.nc
2025-12-07T17:54:00+00:00,NOAA21,DAY,WINTER,,0,0,0,360,CLDMSK_L2_VIIRS_NOAA21.A2025341.1754.001.2025342010833.nc
2022-10-26T07:30:00+00:00,SNPP,NIGHT,AUTUMN,0,1,1,1,1800,CLDMSK_L2_VIIRS_SNPP.A2022299.0730.002.2026033120454.nc
2022-10-26T17:18:00+00:00,SNPP,DAY,AUTUMN,,0,0,0,480,CLDMSK_L2_VIIRS_SNPP.A2022299.1718.002.2026033120634.nc
2022-10-26T19:00:00+00:00,SNPP,DAY,AUTUMN,,0,0,0,0,CLDMSK_L2_VIIRS_SNPP.A2022299.1900.002.2026033120625.nc
2022-10-26T06:42:00+00:00,NOAA20,NIGHT,AUTUMN,0,1,1,1,1080,CLDMSK_L2_VIIRS_NOAA20.A2022299.0642.001.2022299190914.nc
2022-10-26T08:24:00+00:00,NOAA20,NIGHT,AUTUMN,0,0,0,1,1440,CLDMSK_L2_VIIRS_NOAA20.A2022299.0824.001.2022299205439.nc
2022-10-26T18:06:00+00:00,NOAA20,DAY,AUTUMN,,0,0,0,360,CLDMSK_L2_VIIRS_NOAA20.A2022299.1806.001.2022300073825.nc
2020-02-17T06:00:00+00:00,SNPP,NIGHT,WINTER,0,0,0,0,0,CLDMSK_L2_VIIRS_SNPP.A2020048.0600.002.2026032043439.nc
2020-02-17T07:42:00+00:00,SNPP,NIGHT,WINTER,0,0,0,0,1080,CLDMSK_L2_VIIRS_SNPP.A2020048.0742.002.2026032043520.nc
2020-02-17T17:30:00+00:00,SNPP,DAY,WINTER,,0,0,0,1800,CLDMSK_L2_VIIRS_SNPP.A2020048.1730.002.2026032043605.nc
2020-02-17T19:06:00+00:00,SNPP,DAY,WINTER,,0,0,1,360,CLDMSK_L2_VIIRS_SNPP.A2020048.1906.002.2026032043619.nc
2020-02-17T06:54:00+00:00,NOAA20,NIGHT,WINTER,0,0,0,0,360,CLDMSK_L2_VIIRS_NOAA20.A2020048.0654.001.2020294221828.nc
2020-02-17T18:18:00+00:00,NOAA20,DAY,WINTER,,0,0,0,1080,CLDMSK_L2_VIIRS_NOAA20.A2020048.1818.001.2020294221953.nc
2021-04-14T07:30:00+00:00,SNPP,NIGHT,SPRING,0,0,0,0,1500,CLDMSK_L2_VIIRS_SNPP.A2021104.0730.002.2026032192743.nc
2021-04-14T17:18:00+00:00,SNPP,DAY,SPRING,,0,0,0,1080,CLDMSK_L2_VIIRS_SNPP.A2021104.1718.002.2026032192915.nc
2021-04-14T18:54:00+00:00,SNPP,DAY,SPRING,,1,1,1,360,CLDMSK_L2_VIIRS_SNPP.A2021104.1854.002.2026032192858.nc
2021-04-14T06:42:00+00:00,NOAA20,NIGHT,SPRING,0,1,1,0,1080,CLDMSK_L2_VIIRS_NOAA20.A2021104.0642.001.2021104192052.nc
2021-04-14T08:24:00+00:00,NOAA20,NIGHT,SPRING,0,0,0,0,540,CLDMSK_L2_VIIRS_NOAA20.A2021104.0824.001.2021104192050.nc
2021-04-14T18:06:00+00:00,NOAA20,DAY,SPRING,,0,0,0,360,CLDMSK_L2_VIIRS_NOAA20.A2021104.1806.001.2021105073624.nc
2022-12-28T06:12:00+00:00,SNPP,NIGHT,WINTER,0,0,0,0,720,CLDMSK_L2_VIIRS_SNPP.A2022362.0612.002.2026033140207.nc
2022-12-28T07:54:00+00:00,SNPP,NIGHT,WINTER,0,0,0,0,360,CLDMSK_L2_VIIRS_SNPP.A2022362.0754.002.2026033140208.nc
2022-12-28T17:36:00+00:00,SNPP,DAY,WINTER,,0,0,0,1440,CLDMSK_L2_VIIRS_SNPP.A2022362.1736.002.2026033140318.nc
2022-12-28T19:18:00+00:00,SNPP,DAY,WINTER,,0,0,0,1080,CLDMSK_L2_VIIRS_SNPP.A2022362.1918.002.2026033140331.nc
2022-12-28T07:00:00+00:00,NOAA20,NIGHT,WINTER,0,0,0,0,0,CLDMSK_L2_VIIRS_NOAA20.A2022362.0700.001.2022362191640.nc
2022-12-28T18:24:00+00:00,NOAA20,DAY,WINTER,,0,0,0,1440,CLDMSK_L2_VIIRS_NOAA20.A2022362.1824.001.2022363073710.nc
2023-04-17T06:48:00+00:00,SNPP,NIGHT,SPRING,0,0,0,0,720,CLDMSK_L2_VIIRS_SNPP.A2023107.0648.002.2026033182414.nc
2023-04-17T08:30:00+00:00,SNPP,NIGHT,SPRING,0,1,0,0,1800,CLDMSK_L2_VIIRS_SNPP.A2023107.0830.002.2026033182424.nc
2023-04-17T18:12:00+00:00,SNPP,DAY,SPRING,,0,0,0,720,CLDMSK_L2_VIIRS_SNPP.A2023107.1812.002.2026033182515.nc
2023-04-17T07:36:00+00:00,NOAA20,NIGHT,SPRING,0,0,0,0,1440,CLDMSK_L2_VIIRS_NOAA20.A2023107.0736.001.2023233204045.nc
2023-04-17T17:24:00+00:00,NOAA20,DAY,SPRING,,0,0,0,1080,CLDMSK_L2_VIIRS_NOAA20.A2023107.1724.001.2023233204115.nc
2023-04-17T19:06:00+00:00,NOAA20,DAY,SPRING,,0,0,0,300,CLDMSK_L2_VIIRS_NOAA20.A2023107.1906.001.2023233204123.nc
2023-04-17T06:24:00+00:00,NOAA21,NIGHT,SPRING,0,0,0,0,1440,CLDMSK_L2_VIIRS_NOAA21.A2023107.0624.001.2024130184216.nc
2023-04-17T08:00:00+00:00,NOAA21,NIGHT,SPRING,0,0,0,0,0,CLDMSK_L2_VIIRS_NOAA21.A2023107.0800.001.2024130184242.nc
2023-04-17T17:48:00+00:00,NOAA21,DAY,SPRING,,0,0,0,360,CLDMSK_L2_VIIRS_NOAA21.A2023107.1748.001.2024130184309.nc
2024-11-15T06:12:00+00:00,SNPP,NIGHT,AUTUMN,1,0,0,0,720,CLDMSK_L2_VIIRS_SNPP.A2024320.0612.002.2026034121017.nc
2024-11-15T07:48:00+00:00,SNPP,NIGHT,AUTUMN,1,0,0,0,120,CLDMSK_L2_VIIRS_SNPP.A2024320.0748.002.2026034121028.nc
2024-11-15T17:36:00+00:00,SNPP,DAY,AUTUMN,,0,0,0,1440,CLDMSK_L2_VIIRS_SNPP.A2024320.1736.002.2026034121142.nc
2024-11-15T19:12:00+00:00,SNPP,DAY,AUTUMN,,0,0,0,720,CLDMSK_L2_VIIRS_SNPP.A2024320.1912.002.2026034121138.nc
2024-11-15T06:36:00+00:00,NOAA20,NIGHT,AUTUMN,1,0,0,0,1440,CLDMSK_L2_VIIRS_NOAA20.A2024320.0636.002.2025236044247.nc
2024-11-15T08:12:00+00:00,NOAA20,NIGHT,AUTUMN,1,0,0,0,720,CLDMSK_L2_VIIRS_NOAA20.A2024320.0812.002.2025236044323.nc
2024-11-15T18:00:00+00:00,NOAA20,DAY,AUTUMN,,0,0,0,0,CLDMSK_L2_VIIRS_NOAA20.A2024320.1800.002.2025236044440.nc
2024-11-15T07:30:00+00:00,NOAA21,NIGHT,AUTUMN,1,0,0,0,780,CLDMSK_L2_VIIRS_NOAA21.A2024320.0730.001.2024320191959.nc
2024-11-15T17:12:00+00:00,NOAA21,DAY,AUTUMN,,0,0,0,720,CLDMSK_L2_VIIRS_NOAA21.A2024320.1712.001.2024321012952.nc
2024-11-15T18:54:00+00:00,NOAA21,DAY,AUTUMN,,0,0,0,360,CLDMSK_L2_VIIRS_NOAA21.A2024320.1854.001.2024321073009.nc
2021-10-09T06:54:00+00:00,SNPP,NIGHT,AUTUMN,0,0,0,0,360,CLDMSK_L2_VIIRS_SNPP.A2021282.0654.002.2026033005246.nc
2021-10-09T08:36:00+00:00,SNPP,NIGHT,AUTUMN,0,0,0,0,1440,CLDMSK_L2_VIIRS_SNPP.A2021282.0836.002.2026033005249.nc
2021-10-09T18:18:00+00:00,SNPP,DAY,AUTUMN,,0,0,0,120,CLDMSK_L2_VIIRS_SNPP.A2021282.1818.002.2026033005359.nc
2021-10-09T06:06:00+00:00,NOAA20,NIGHT,AUTUMN,0,0,0,0,360,CLDMSK_L2_VIIRS_NOAA20.A2021282.0606.001.2021282193435.nc
2021-10-09T07:42:00+00:00,NOAA20,NIGHT,AUTUMN,0,0,0,0,1080,CLDMSK_L2_VIIRS_NOAA20.A2021282.0742.001.2021282193441.nc
2021-10-09T17:30:00+00:00,NOAA20,DAY,AUTUMN,,0,0,0,480,CLDMSK_L2_VIIRS_NOAA20.A2021282.1730.001.2021283013211.nc
2021-10-09T19:06:00+00:00,NOAA20,DAY,AUTUMN,,0,0,0,360,CLDMSK_L2_VIIRS_NOAA20.A2021282.1906.001.2021283074340.nc
2025-02-01T06:48:00+00:00,SNPP,NIGHT,WINTER,0,1,1,1,720,CLDMSK_L2_VIIRS_SNPP.A2025032.0648.002.2026034143331.nc
2025-02-01T08:30:00+00:00,SNPP,NIGHT,WINTER,0,1,1,1,1800,CLDMSK_L2_VIIRS_SNPP.A2025032.0830.002.2026034143340.nc
2025-02-01T18:12:00+00:00,SNPP,DAY,WINTER,,0,0,1,720,CLDMSK_L2_VIIRS_SNPP.A2025032.1812.002.2026034143447.nc
2025-02-01T07:12:00+00:00,NOAA20,NIGHT,WINTER,0,0,0,1,720,CLDMSK_L2_VIIRS_NOAA20.A2025032.0712.001.2025032193155.nc
2025-02-01T16:54:00+00:00,NOAA20,DAY,WINTER,,0,0,1,360,CLDMSK_L2_VIIRS_NOAA20.A2025032.1654.001.2025033051228.nc
2025-02-01T18:36:00+00:00,NOAA20,DAY,WINTER,,0,0,1,1440,CLDMSK_L2_VIIRS_NOAA20.A2025032.1836.001.2025033073239.nc
2025-02-01T06:24:00+00:00,NOAA21,NIGHT,WINTER,0,0,0,1,1440,CLDMSK_L2_VIIRS_NOAA21.A2025032.0624.001.2025032191352.nc
2025-02-01T08:00:00+00:00,NOAA21,NIGHT,WINTER,0,0,0,1,0,CLDMSK_L2_VIIRS_NOAA21.A2025032.0800.001.2025032191356.nc
2025-02-01T17:48:00+00:00,NOAA21,DAY,WINTER,,0,0,1,720,CLDMSK_L2_VIIRS_NOAA21.A2025032.1748.001.2025033011443.nc
2020-01-14T06:42:00+00:00,SNPP,NIGHT,WINTER,1,0,0,0,1080,CLDMSK_L2_VIIRS_SNPP.A2020014.0642.002.2026032030858.nc
2020-01-14T08:18:00+00:00,SNPP,NIGHT,WINTER,1,1,0,0,1080,CLDMSK_L2_VIIRS_SNPP.A2020014.0818.002.2026032030908.nc
2020-01-14T18:06:00+00:00,SNPP,DAY,WINTER,,0,0,0,360,CLDMSK_L2_VIIRS_SNPP.A2020014.1806.002.2026032031021.nc
2020-01-14T07:30:00+00:00,NOAA20,NIGHT,WINTER,1,0,0,0,1800,CLDMSK_L2_VIIRS_NOAA20.A2020014.0730.001.2020294230624.nc
2020-01-14T17:18:00+00:00,NOAA20,DAY,WINTER,,0,0,0,1080,CLDMSK_L2_VIIRS_NOAA20.A2020014.1718.001.2020294230728.nc
2020-01-14T18:54:00+00:00,NOAA20,DAY,WINTER,,0,0,0,360,CLDMSK_L2_VIIRS_NOAA20.A2020014.1854.001.2020294230711.nc
2022-12-14T07:12:00+00:00,SNPP,NIGHT,WINTER,1,0,0,1,720,CLDMSK_L2_VIIRS_SNPP.A2022348.0712.002.2026033133611.nc
2022-12-14T17:00:00+00:00,SNPP,DAY,WINTER,,0,0,0,0,CLDMSK_L2_VIIRS_SNPP.A2022348.1700.002.2026033133701.nc
2022-12-14T18:36:00+00:00,SNPP,DAY,WINTER,,0,0,0,1440,CLDMSK_L2_VIIRS_SNPP.A2022348.1836.002.2026033133708.nc
2022-12-14T06:24:00+00:00,NOAA20,NIGHT,WINTER,1,0,0,1,1440,CLDMSK_L2_VIIRS_NOAA20.A2022348.0624.001.2022348191630.nc
2022-12-14T08:00:00+00:00,NOAA20,NIGHT,WINTER,1,0,0,1,0,CLDMSK_L2_VIIRS_NOAA20.A2022348.0800.001.2022348201642.nc
2022-12-14T17:48:00+00:00,NOAA20,DAY,WINTER,,0,0,0,720,CLDMSK_L2_VIIRS_NOAA20.A2022348.1748.001.2022349055714.nc
2025-08-12T06:48:00+00:00,SNPP,NIGHT,SUMMER,1,0,0,0,720,CLDMSK_L2_VIIRS_SNPP.A2025224.0648.002.2026034202825.nc
2025-08-12T08:30:00+00:00,SNPP,NIGHT,SUMMER,1,0,0,0,1800,CLDMSK_L2_VIIRS_SNPP.A2025224.0830.002.2026034202830.nc
2025-08-12T18:12:00+00:00,SNPP,DAY,SUMMER,,0,0,0,720,CLDMSK_L2_VIIRS_SNPP.A2025224.1812.002.2026034202937.nc
2025-08-12T07:12:00+00:00,NOAA20,NIGHT,SUMMER,1,0,0,0,720,CLDMSK_L2_VIIRS_NOAA20.A2025224.0712.001.2025224193725.nc
2025-08-12T16:54:00+00:00,NOAA20,DAY,SUMMER,,0,0,0,360,CLDMSK_L2_VIIRS_NOAA20.A2025224.1654.001.2025225051741.nc
2025-08-12T18:36:00+00:00,NOAA20,DAY,SUMMER,,0,0,0,1440,CLDMSK_L2_VIIRS_NOAA20.A2025224.1836.001.2025225072801.nc
2025-08-12T06:24:00+00:00,NOAA21,NIGHT,SUMMER,1,0,0,0,1440,CLDMSK_L2_VIIRS_NOAA21.A2025224.0624.001.2025224192821.nc
2025-08-12T08:06:00+00:00,NOAA21,NIGHT,SUMMER,1,0,0,0,360,CLDMSK_L2_VIIRS_NOAA21.A2025224.0806.001.2025224192831.nc
2025-08-12T17:48:00+00:00,NOAA21,DAY,SUMMER,,0,0,0,720,CLDMSK_L2_VIIRS_NOAA21.A2025224.1748.001.2025225011820.nc
2022-01-01T07:18:00+00:00,SNPP,NIGHT,WINTER,0,0,0,0,1080,CLDMSK_L2_VIIRS_SNPP.A2022001.0718.002.2026033032808.nc
2022-01-01T17:06:00+00:00,SNPP,DAY,WINTER,,0,0,0,360,CLDMSK_L2_VIIRS_SNPP.A2022001.1706.002.2026033032909.nc
2022-01-01T18:42:00+00:00,SNPP,DAY,WINTER,,0,0,0,1080,CLDMSK_L2_VIIRS_SNPP.A2022001.1842.002.2026033032919.nc
2022-01-01T06:30:00+00:00,NOAA20,NIGHT,WINTER,0,0,0,0,420,CLDMSK_L2_VIIRS_NOAA20.A2022001.0630.001.2022001194517.nc
2022-01-01T08:06:00+00:00,NOAA20,NIGHT,WINTER,0,0,0,0,360,CLDMSK_L2_VIIRS_NOAA20.A2022001.0806.001.2022001194513.nc
2022-01-01T17:54:00+00:00,NOAA20,DAY,WINTER,,0,0,0,360,CLDMSK_L2_VIIRS_NOAA20.A2022001.1754.001.2022002013032.nc
2025-09-10T06:06:00+00:00,SNPP,NIGHT,AUTUMN,1,1,1,1,360,CLDMSK_L2_VIIRS_SNPP.A2025253.0606.002.2026034212135.nc
2025-09-10T07:48:00+00:00,SNPP,NIGHT,AUTUMN,1,1,1,1,720,CLDMSK_L2_VIIRS_SNPP.A2025253.0748.002.2026034212138.nc
2025-09-10T17:30:00+00:00,SNPP,DAY,AUTUMN,,1,1,0,1800,CLDMSK_L2_VIIRS_SNPP.A2025253.1730.002.2026034212233.nc
2025-09-10T19:12:00+00:00,SNPP,DAY,AUTUMN,,0,0,0,720,CLDMSK_L2_VIIRS_SNPP.A2025253.1912.002.2026034212249.nc
2025-09-10T06:30:00+00:00,NOAA20,NIGHT,AUTUMN,1,1,1,1,1800,CLDMSK_L2_VIIRS_NOAA20.A2025253.0630.001.2025253191735.nc
2025-09-10T08:06:00+00:00,NOAA20,NIGHT,AUTUMN,1,0,0,1,360,CLDMSK_L2_VIIRS_NOAA20.A2025253.0806.001.2025253201748.nc
2025-09-10T17:54:00+00:00,NOAA20,DAY,AUTUMN,,0,0,0,360,CLDMSK_L2_VIIRS_NOAA20.A2025253.1754.001.2025254060745.nc
2025-09-10T07:18:00+00:00,NOAA21,NIGHT,AUTUMN,1,1,1,1,1080,CLDMSK_L2_VIIRS_NOAA21.A2025253.0718.001.2025253192438.nc
2025-09-10T17:06:00+00:00,NOAA21,DAY,AUTUMN,,0,0,0,360,CLDMSK_L2_VIIRS_NOAA21.A2025253.1706.001.2025254013229.nc
2025-09-10T18:42:00+00:00,NOAA21,DAY,AUTUMN,,0,0,0,1080,CLDMSK_L2_VIIRS_NOAA21.A2025253.1842.001.2025254073231.nc
2021-03-11T06:30:00+00:00,SNPP,NIGHT,SPRING,0,0,0,0,1800,CLDMSK_L2_VIIRS_SNPP.A2021070.0630.002.2026032182547.nc
2021-03-11T08:06:00+00:00,SNPP,NIGHT,SPRING,0,0,0,0,360,CLDMSK_L2_VIIRS_SNPP.A2021070.0806.002.2026032182542.nc
2021-03-11T17:54:00+00:00,SNPP,DAY,SPRING,,0,0,0,360,CLDMSK_L2_VIIRS_SNPP.A2021070.1754.002.2026032182651.nc
2021-03-11T07:18:00+00:00,NOAA20,NIGHT,SPRING,0,0,0,0,1080,CLDMSK_L2_VIIRS_NOAA20.A2021070.0718.001.2021070191654.nc
2021-03-11T17:06:00+00:00,NOAA20,DAY,SPRING,,0,0,0,360,CLDMSK_L2_VIIRS_NOAA20.A2021070.1706.001.2021071034841.nc
2021-03-11T18:42:00+00:00,NOAA20,DAY,SPRING,,0,0,0,1080,CLDMSK_L2_VIIRS_NOAA20.A2021070.1842.001.2021071071008.nc
2023-05-07T07:12:00+00:00,SNPP,NIGHT,SPRING,1,0,0,0,720,CLDMSK_L2_VIIRS_SNPP.A2023127.0712.002.2026033190024.nc
2023-05-07T17:00:00+00:00,SNPP,DAY,SPRING,,0,0,0,0,CLDMSK_L2_VIIRS_SNPP.A2023127.1700.002.2026033190131.nc
2023-05-07T18:42:00+00:00,SNPP,DAY,SPRING,,0,0,0,1080,CLDMSK_L2_VIIRS_SNPP.A2023127.1842.002.2026033190130.nc
2023-05-07T06:24:00+00:00,NOAA20,NIGHT,SPRING,1,0,0,0,1440,CLDMSK_L2_VIIRS_NOAA20.A2023127.0624.001.2023233205202.nc
2023-05-07T08:06:00+00:00,NOAA20,NIGHT,SPRING,1,0,0,0,360,CLDMSK_L2_VIIRS_NOAA20.A2023127.0806.001.2023233205131.nc
2023-05-07T17:48:00+00:00,NOAA20,DAY,SPRING,,0,0,0,720,CLDMSK_L2_VIIRS_NOAA20.A2023127.1748.001.2023233205234.nc
2023-05-07T06:48:00+00:00,NOAA21,NIGHT,SPRING,1,0,0,0,720,CLDMSK_L2_VIIRS_NOAA21.A2023127.0648.001.2024130184742.nc
2023-05-07T08:24:00+00:00,NOAA21,NIGHT,SPRING,1,0,0,0,1440,CLDMSK_L2_VIIRS_NOAA21.A2023127.0824.001.2024130184736.nc
2023-05-07T18:12:00+00:00,NOAA21,DAY,SPRING,,0,0,0,720,CLDMSK_L2_VIIRS_NOAA21.A2023127.1812.001.2024130184758.nc
2024-03-11T07:18:00+00:00,SNPP,NIGHT,SPRING,0,1,1,1,1080,CLDMSK_L2_VIIRS_SNPP.A2024071.0718.002.2026034043518.nc
2024-03-11T17:06:00+00:00,SNPP,DAY,SPRING,,0,0,0,360,CLDMSK_L2_VIIRS_SNPP.A2024071.1706.002.2026034043615.nc
2024-03-11T18:42:00+00:00,SNPP,DAY,SPRING,,0,0,0,1080,CLDMSK_L2_VIIRS_SNPP.A2024071.1842.002.2026034043632.nc
2024-03-11T06:30:00+00:00,NOAA20,NIGHT,SPRING,0,1,1,0,1800,CLDMSK_L2_VIIRS_NOAA20.A2024071.0630.002.2025235154727.nc
2024-03-11T08:12:00+00:00,NOAA20,NIGHT,SPRING,0,1,1,1,720,CLDMSK_L2_VIIRS_NOAA20.A2024071.0812.002.2025235154706.nc
2024-03-11T17:54:00+00:00,NOAA20,DAY,SPRING,,0,0,0,360,CLDMSK_L2_VIIRS_NOAA20.A2024071.1754.002.2025235154735.nc
2024-03-11T06:54:00+00:00,NOAA21,NIGHT,SPRING,0,1,1,1,360,CLDMSK_L2_VIIRS_NOAA21.A2024071.0654.001.2024130200240.nc
2024-03-11T18:18:00+00:00,NOAA21,DAY,SPRING,,0,0,0,1080,CLDMSK_L2_VIIRS_NOAA21.A2024071.1818.001.2024130200250.nc
2021-10-23T07:30:00+00:00,SNPP,NIGHT,AUTUMN,1,1,0,0,1800,CLDMSK_L2_VIIRS_SNPP.A2021296.0730.002.2026033011904.nc
2021-10-23T17:18:00+00:00,SNPP,DAY,AUTUMN,,0,0,0,1080,CLDMSK_L2_VIIRS_SNPP.A2021296.1718.002.2026033012010.nc
2021-10-23T19:00:00+00:00,SNPP,DAY,AUTUMN,,0,0,0,0,CLDMSK_L2_VIIRS_SNPP.A2021296.1900.002.2026033012022.nc
2021-10-23T06:42:00+00:00,NOAA20,NIGHT,AUTUMN,1,0,0,0,1080,CLDMSK_L2_VIIRS_NOAA20.A2021296.0642.001.2021296193942.nc
2021-10-23T08:24:00+00:00,NOAA20,NIGHT,AUTUMN,1,0,0,0,1440,CLDMSK_L2_VIIRS_NOAA20.A2021296.0824.001.2021296193926.nc
2021-10-23T18:06:00+00:00,NOAA20,DAY,AUTUMN,,0,0,0,360,CLDMSK_L2_VIIRS_NOAA20.A2021296.1806.001.2021297073055.nc
2025-12-12T07:06:00+00:00,SNPP,NIGHT,WINTER,1,1,1,1,360,CLDMSK_L2_VIIRS_SNPP.A2025346.0706.002.2026063200021.nc
2025-12-12T18:30:00+00:00,SNPP,DAY,WINTER,,0,0,0,1800,CLDMSK_L2_VIIRS_SNPP.A2025346.1830.002.2026063200153.nc
2025-12-12T07:24:00+00:00,NOAA20,NIGHT,WINTER,1,1,1,1,1440,CLDMSK_L2_VIIRS_NOAA20.A2025346.0724.002.2025346194830.nc
2025-12-12T17:12:00+00:00,NOAA20,DAY,WINTER,,1,0,1,720,CLDMSK_L2_VIIRS_NOAA20.A2025346.1712.002.2025347052923.nc
2025-12-12T18:48:00+00:00,NOAA20,DAY,WINTER,,0,0,0,720,CLDMSK_L2_VIIRS_NOAA20.A2025346.1848.001.2025347074000.nc
2025-12-12T06:36:00+00:00,NOAA21,NIGHT,WINTER,1,0,0,1,1440,CLDMSK_L2_VIIRS_NOAA21.A2025346.0636.001.2025346191135.nc
2025-12-12T08:18:00+00:00,NOAA21,NIGHT,WINTER,1,0,0,1,1080,CLDMSK_L2_VIIRS_NOAA21.A2025346.0818.001.2025346191140.nc
2025-12-12T18:00:00+00:00,NOAA21,DAY,WINTER,,0,0,0,0,CLDMSK_L2_VIIRS_NOAA21.A2025346.1800.001.2025347073408.nc
2020-01-03T06:48:00+00:00,SNPP,NIGHT,WINTER,0,0,0,0,720,CLDMSK_L2_VIIRS_SNPP.A2020003.0648.002.2026032024037.nc
2020-01-03T08:30:00+00:00,SNPP,NIGHT,WINTER,0,0,0,0,1800,CLDMSK_L2_VIIRS_SNPP.A2020003.0830.002.2026032024046.nc
2020-01-03T18:12:00+00:00,SNPP,DAY,WINTER,,0,0,0,720,CLDMSK_L2_VIIRS_SNPP.A2020003.1812.002.2026032024230.nc
2020-01-03T07:36:00+00:00,NOAA20,NIGHT,WINTER,0,0,0,0,1440,CLDMSK_L2_VIIRS_NOAA20.A2020003.0736.001.2020294232105.nc
2020-01-03T17:24:00+00:00,NOAA20,DAY,WINTER,,0,0,0,1440,CLDMSK_L2_VIIRS_NOAA20.A2020003.1724.001.2020294232220.nc
2020-01-03T19:00:00+00:00,NOAA20,DAY,WINTER,,0,0,0,0,CLDMSK_L2_VIIRS_NOAA20.A2020003.1900.001.2020294232259.nc
2023-08-20T06:06:00+00:00,SNPP,NIGHT,SUMMER,0,0,0,1,360,CLDMSK_L2_VIIRS_SNPP.A2023232.0606.002.2026033222015.nc
2023-08-20T07:48:00+00:00,SNPP,NIGHT,SUMMER,0,0,1,0,720,CLDMSK_L2_VIIRS_SNPP.A2023232.0748.002.2026033222024.nc
2023-08-20T17:30:00+00:00,SNPP,DAY,SUMMER,,0,0,0,1800,CLDMSK_L2_VIIRS_SNPP.A2023232.1730.002.2026033222136.nc
2023-08-20T19:12:00+00:00,SNPP,DAY,SUMMER,,0,0,0,720,CLDMSK_L2_VIIRS_SNPP.A2023232.1912.002.2026033222138.nc
2023-08-20T06:54:00+00:00,NOAA20,NIGHT,SUMMER,0,0,0,1,360,CLDMSK_L2_VIIRS_NOAA20.A2023232.0654.002.2025235054835.nc
2023-08-20T18:18:00+00:00,NOAA20,DAY,SUMMER,,1,0,0,1080,CLDMSK_L2_VIIRS_NOAA20.A2023232.1818.002.2025235054915.nc
2023-08-20T07:18:00+00:00,NOAA21,NIGHT,SUMMER,0,0,0,1,1080,CLDMSK_L2_VIIRS_NOAA21.A2023232.0718.001.2024130191148.nc
2023-08-20T17:00:00+00:00,NOAA21,DAY,SUMMER,,0,0,0,0,CLDMSK_L2_VIIRS_NOAA21.A2023232.1700.001.2024130191142.nc
2023-08-20T18:42:00+00:00,NOAA21,DAY,SUMMER,,0,0,0,1080,CLDMSK_L2_VIIRS_NOAA21.A2023232.1842.001.2024130191145.nc
2025-06-24T07:06:00+00:00,SNPP,NIGHT,SUMMER,0,1,1,1,360,CLDMSK_L2_VIIRS_SNPP.A2025175.0706.002.2026034185905.nc
2025-06-24T16:54:00+00:00,SNPP,DAY,SUMMER,,0,0,0,360,CLDMSK_L2_VIIRS_SNPP.A2025175.1654.002.2026034190016.nc
2025-06-24T18:30:00+00:00,SNPP,DAY,SUMMER,,1,1,0,1800,CLDMSK_L2_VIIRS_SNPP.A2025175.1830.002.2026034190018.nc
2025-06-24T07:30:00+00:00,NOAA20,NIGHT,SUMMER,0,1,1,1,1800,CLDMSK_L2_VIIRS_NOAA20.A2025175.0730.001.2025175195451.nc
2025-06-24T17:12:00+00:00,NOAA20,DAY,SUMMER,,0,0,0,720,CLDMSK_L2_VIIRS_NOAA20.A2025175.1712.001.2025176053524.nc
2025-06-24T18:54:00+00:00,NOAA20,DAY,SUMMER,,0,0,0,360,CLDMSK_L2_VIIRS_NOAA20.A2025175.1854.001.2025176072603.nc
2025-06-24T06:42:00+00:00,NOAA21,NIGHT,SUMMER,0,1,1,1,1080,CLDMSK_L2_VIIRS_NOAA21.A2025175.0642.001.2025175192628.nc
2025-06-24T18:06:00+00:00,NOAA21,DAY,SUMMER,,1,1,0,360,CLDMSK_L2_VIIRS_NOAA21.A2025175.1806.001.2025176072713.nc
2020-03-20T06:06:00+00:00,SNPP,NIGHT,SPRING,0,0,0,0,360,CLDMSK_L2_VIIRS_SNPP.A2020080.0606.002.2026032055506.nc
2020-03-20T07:42:00+00:00,SNPP,NIGHT,SPRING,0,0,0,0,1080,CLDMSK_L2_VIIRS_SNPP.A2020080.0742.002.2026032055521.nc
2020-03-20T17:30:00+00:00,SNPP,DAY,SPRING,,0,0,0,1800,CLDMSK_L2_VIIRS_SNPP.A2020080.1730.002.2026032055648.nc
2020-03-20T19:06:00+00:00,SNPP,DAY,SPRING,,0,0,0,360,CLDMSK_L2_VIIRS_SNPP.A2020080.1906.002.2026032055711.nc
2020-03-20T06:54:00+00:00,NOAA20,NIGHT,SPRING,0,0,0,0,360,CLDMSK_L2_VIIRS_NOAA20.A2020080.0654.001.2020294213304.nc
2020-03-20T18:18:00+00:00,NOAA20,DAY,SPRING,,0,0,0,1080,CLDMSK_L2_VIIRS_NOAA20.A2020080.1818.001.2020294213413.nc
2021-04-03T07:36:00+00:00,SNPP,NIGHT,SPRING,1,1,1,1,1440,CLDMSK_L2_VIIRS_SNPP.A2021093.0736.002.2026032190727.nc
2021-04-03T17:24:00+00:00,SNPP,DAY,SPRING,,0,0,0,1440,CLDMSK_L2_VIIRS_SNPP.A2021093.1724.002.2026032190835.nc
2021-04-03T19:00:00+00:00,SNPP,DAY,SPRING,,0,0,0,0,CLDMSK_L2_VIIRS_SNPP.A2021093.1900.002.2026032190836.nc
2021-04-03T06:48:00+00:00,NOAA20,NIGHT,SPRING,1,1,1,1,720,CLDMSK_L2_VIIRS_NOAA20.A2021093.0648.001.2021093193844.nc
2021-04-03T08:30:00+00:00,NOAA20,NIGHT,SPRING,1,0,0,1,1800,CLDMSK_L2_VIIRS_NOAA20.A2021093.0830.001.2021093193906.nc
2021-04-03T18:12:00+00:00,NOAA20,DAY,SPRING,,0,0,0,720,CLDMSK_L2_VIIRS_NOAA20.A2021093.1812.001.2021094072838.nc
2024-01-26T06:24:00+00:00,SNPP,NIGHT,WINTER,1,0,0,0,1440,CLDMSK_L2_VIIRS_SNPP.A2024026.0624.002.2026034031347.nc
2024-01-26T08:06:00+00:00,SNPP,NIGHT,WINTER,1,0,0,0,360,CLDMSK_L2_VIIRS_SNPP.A2024026.0806.002.2026034031409.nc
2024-01-26T17:48:00+00:00,SNPP,DAY,WINTER,,0,0,0,720,CLDMSK_L2_VIIRS_SNPP.A2024026.1748.002.2026034031458.nc
2024-01-26T07:12:00+00:00,NOAA20,NIGHT,WINTER,1,0,0,0,720,CLDMSK_L2_VIIRS_NOAA20.A2024026.0712.002.2025235133835.nc
2024-01-26T17:00:00+00:00,NOAA20,DAY,WINTER,,0,0,0,0,CLDMSK_L2_VIIRS_NOAA20.A2024026.1700.002.2025235134041.nc
2024-01-26T18:36:00+00:00,NOAA20,DAY,WINTER,,0,0,0,1440,CLDMSK_L2_VIIRS_NOAA20.A2024026.1836.002.2025235134105.nc
2024-01-26T07:36:00+00:00,NOAA21,NIGHT,WINTER,1,0,0,0,720,CLDMSK_L2_VIIRS_NOAA21.A2024026.0736.001.2024130194943.nc
2024-01-26T17:18:00+00:00,NOAA21,DAY,WINTER,,0,0,0,1080,CLDMSK_L2_VIIRS_NOAA21.A2024026.1718.001.2024130195048.nc
2024-01-26T19:00:00+00:00,NOAA21,DAY,WINTER,,0,0,0,0,CLDMSK_L2_VIIRS_NOAA21.A2024026.1900.001.2024130195054.nc
2023-06-13T07:18:00+00:00,SNPP,NIGHT,SUMMER,0,0,0,0,1080,CLDMSK_L2_VIIRS_SNPP.A2023164.0718.002.2026033200929.nc
2023-06-13T17:06:00+00:00,SNPP,DAY,SUMMER,,0,0,0,360,CLDMSK_L2_VIIRS_SNPP.A2023164.1706.002.2026033201036.nc
2023-06-13T18:42:00+00:00,SNPP,DAY,SUMMER,,0,0,0,1080,CLDMSK_L2_VIIRS_SNPP.A2023164.1842.002.2026033201057.nc
2023-06-13T06:30:00+00:00,NOAA20,NIGHT,SUMMER,0,0,0,0,1800,CLDMSK_L2_VIIRS_NOAA20.A2023164.0630.001.2023233211242.nc
2023-06-13T08:12:00+00:00,NOAA20,NIGHT,SUMMER,0,1,1,0,720,CLDMSK_L2_VIIRS_NOAA20.A2023164.0812.001.2023233211221.nc
2023-06-13T17:54:00+00:00,NOAA20,DAY,SUMMER,,0,0,0,360,CLDMSK_L2_VIIRS_NOAA20.A2023164.1754.001.2023233211246.nc
2023-06-13T06:54:00+00:00,NOAA21,NIGHT,SUMMER,0,0,0,0,360,CLDMSK_L2_VIIRS_NOAA21.A2023164.0654.001.2024130185735.nc
2023-06-13T18:18:00+00:00,NOAA21,DAY,SUMMER,,0,0,0,1080,CLDMSK_L2_VIIRS_NOAA21.A2023164.1818.001.2024130185709.nc
2022-09-07T06:12:00+00:00,SNPP,NIGHT,AUTUMN,1,0,0,0,720,CLDMSK_L2_VIIRS_SNPP.A2022250.0612.002.2026033103449.nc
2022-09-07T07:54:00+00:00,SNPP,NIGHT,AUTUMN,0,0,0,0,360,CLDMSK_L2_VIIRS_SNPP.A2022250.0754.002.2026033103511.nc
2022-09-07T17:36:00+00:00,SNPP,DAY,AUTUMN,,0,0,0,1440,CLDMSK_L2_VIIRS_SNPP.A2022250.1736.002.2026033103618.nc
2022-09-07T19:18:00+00:00,SNPP,DAY,AUTUMN,,0,0,0,1080,CLDMSK_L2_VIIRS_SNPP.A2022250.1918.002.2026033103602.nc
2022-09-07T07:00:00+00:00,NOAA20,NIGHT,AUTUMN,0,0,0,0,0,CLDMSK_L2_VIIRS_NOAA20.A2022250.0700.001.2022250193957.nc
2022-09-07T18:24:00+00:00,NOAA20,DAY,AUTUMN,,0,0,0,1440,CLDMSK_L2_VIIRS_NOAA20.A2022250.1824.001.2022251142620.nc
2020-08-25T06:42:00+00:00,SNPP,NIGHT,SUMMER,0,0,1,1,1080,CLDMSK_L2_VIIRS_SNPP.A2020238.0642.002.2026032113410.nc
2020-08-25T08:24:00+00:00,SNPP,NIGHT,SUMMER,0,0,0,1,1440,CLDMSK_L2_VIIRS_SNPP.A2020238.0824.002.2026032113418.nc
2020-08-25T18:06:00+00:00,SNPP,DAY,SUMMER,,1,1,1,360,CLDMSK_L2_VIIRS_SNPP.A2020238.1806.002.2026032113529.nc
2020-08-25T07:30:00+00:00,NOAA20,NIGHT,SUMMER,0,1,1,1,1800,CLDMSK_L2_VIIRS_NOAA20.A2020238.0730.001.2020294141703.nc
2020-08-25T17:18:00+00:00,NOAA20,DAY,SUMMER,,1,1,1,1080,CLDMSK_L2_VIIRS_NOAA20.A2020238.1718.001.2020294141728.nc
2020-08-25T18:54:00+00:00,NOAA20,DAY,SUMMER,,1,0,0,360,CLDMSK_L2_VIIRS_NOAA20.A2020238.1854.001.2020294141729.nc
2022-09-13T06:00:00+00:00,SNPP,NIGHT,AUTUMN,1,1,0,0,0,CLDMSK_L2_VIIRS_SNPP.A2022256.0600.002.2026033104609.nc
2022-09-13T07:36:00+00:00,SNPP,NIGHT,AUTUMN,1,1,1,0,1440,CLDMSK_L2_VIIRS_SNPP.A2022256.0736.002.2026033104606.nc
2022-09-13T17:24:00+00:00,SNPP,DAY,AUTUMN,,0,0,0,420,CLDMSK_L2_VIIRS_SNPP.A2022256.1724.002.2026033104710.nc
2022-09-13T19:06:00+00:00,SNPP,DAY,AUTUMN,,0,0,0,360,CLDMSK_L2_VIIRS_SNPP.A2022256.1906.002.2026033104719.nc
2022-09-13T06:48:00+00:00,NOAA20,NIGHT,AUTUMN,1,0,0,0,720,CLDMSK_L2_VIIRS_NOAA20.A2022256.0648.001.2022256193236.nc
2022-09-13T08:30:00+00:00,NOAA20,NIGHT,AUTUMN,1,0,0,0,1800,CLDMSK_L2_VIIRS_NOAA20.A2022256.0830.001.2022256211927.nc
2022-09-13T18:12:00+00:00,NOAA20,DAY,AUTUMN,,0,0,0,720,CLDMSK_L2_VIIRS_NOAA20.A2022256.1812.001.2022257075102.nc
2020-12-16T06:24:00+00:00,SNPP,NIGHT,WINTER,0,0,0,0,1440,CLDMSK_L2_VIIRS_SNPP.A2020351.0624.002.2026032150253.nc
2020-12-16T08:00:00+00:00,SNPP,NIGHT,WINTER,0,0,0,0,0,CLDMSK_L2_VIIRS_SNPP.A2020351.0800.002.2026032150256.nc
2020-12-16T17:48:00+00:00,SNPP,DAY,WINTER,,0,0,0,720,CLDMSK_L2_VIIRS_SNPP.A2020351.1748.002.2026032150405.nc
2020-12-16T07:12:00+00:00,NOAA20,NIGHT,WINTER,0,0,0,0,720,CLDMSK_L2_VIIRS_NOAA20.A2020351.0712.001.2020351185907.nc
2020-12-16T16:54:00+00:00,NOAA20,DAY,WINTER,,0,0,0,360,CLDMSK_L2_VIIRS_NOAA20.A2020351.1654.001.2020352010258.nc
2020-12-16T18:36:00+00:00,NOAA20,DAY,WINTER,,0,0,0,1440,CLDMSK_L2_VIIRS_NOAA20.A2020351.1836.001.2020352070714.nc
2025-06-13T07:12:00+00:00,SNPP,NIGHT,SUMMER,1,0,0,0,720,CLDMSK_L2_VIIRS_SNPP.A2025164.0712.002.2026034183858.nc
2025-06-13T17:00:00+00:00,SNPP,DAY,SUMMER,,0,0,0,0,CLDMSK_L2_VIIRS_SNPP.A2025164.1700.002.2026034184011.nc
2025-06-13T18:42:00+00:00,SNPP,DAY,SUMMER,,0,0,0,1080,CLDMSK_L2_VIIRS_SNPP.A2025164.1842.002.2026034183954.nc
2025-06-13T07:36:00+00:00,NOAA20,NIGHT,SUMMER,1,0,0,0,1440,CLDMSK_L2_VIIRS_NOAA20.A2025164.0736.001.2025164200255.nc
2025-06-13T17:18:00+00:00,NOAA20,DAY,SUMMER,,0,0,0,1080,CLDMSK_L2_VIIRS_NOAA20.A2025164.1718.001.2025165053432.nc
2025-06-13T19:00:00+00:00,NOAA20,DAY,SUMMER,,0,0,0,0,CLDMSK_L2_VIIRS_NOAA20.A2025164.1900.001.2025165072543.nc
2025-06-13T06:48:00+00:00,NOAA21,NIGHT,SUMMER,1,0,0,0,720,CLDMSK_L2_VIIRS_NOAA21.A2025164.0648.001.2025164192429.nc
2025-06-13T18:12:00+00:00,NOAA21,DAY,SUMMER,,0,0,0,720,CLDMSK_L2_VIIRS_NOAA21.A2025164.1812.001.2025165072607.nc
2020-10-10T07:18:00+00:00,SNPP,NIGHT,AUTUMN,1,1,1,0,1080,CLDMSK_L2_VIIRS_SNPP.A2020284.0718.002.2026032125838.nc
2020-10-10T17:06:00+00:00,SNPP,DAY,AUTUMN,,0,0,0,360,CLDMSK_L2_VIIRS_SNPP.A2020284.1706.002.2026032125939.nc
2020-10-10T18:42:00+00:00,SNPP,DAY,AUTUMN,,0,0,0,1080,CLDMSK_L2_VIIRS_SNPP.A2020284.1842.002.2026032125948.nc
2020-10-10T06:30:00+00:00,NOAA20,NIGHT,AUTUMN,1,1,1,0,1800,CLDMSK_L2_VIIRS_NOAA20.A2020284.0630.001.2020287004755.nc
2020-10-10T08:06:00+00:00,NOAA20,NIGHT,AUTUMN,1,0,0,0,360,CLDMSK_L2_VIIRS_NOAA20.A2020284.0806.001.2020287004420.nc
2020-10-10T17:54:00+00:00,NOAA20,DAY,AUTUMN,,0,0,0,360,CLDMSK_L2_VIIRS_NOAA20.A2020284.1754.001.2020287004829.nc
2025-12-21T07:36:00+00:00,SNPP,NIGHT,WINTER,0,0,0,0,1440,CLDMSK_L2_VIIRS_SNPP.A2025355.0736.002.2026063202158.nc
2025-12-21T17:24:00+00:00,SNPP,DAY,WINTER,,0,0,0,1440,CLDMSK_L2_VIIRS_SNPP.A2025355.1724.002.2026063202322.nc
2025-12-21T19:00:00+00:00,SNPP,DAY,WINTER,,0,0,0,0,CLDMSK_L2_VIIRS_SNPP.A2025355.1900.002.2026063202322.nc
2025-12-21T06:18:00+00:00,NOAA20,NIGHT,WINTER,0,0,0,0,540,CLDMSK_L2_VIIRS_NOAA20.A2025355.0618.001.2025355190503.nc
2025-12-21T08:00:00+00:00,NOAA20,NIGHT,WINTER,0,0,0,0,0,CLDMSK_L2_VIIRS_NOAA20.A2025355.0800.002.2025355200455.nc
2025-12-21T17:42:00+00:00,NOAA20,DAY,WINTER,,0,0,0,1080,CLDMSK_L2_VIIRS_NOAA20.A2025355.1742.002.2025356055536.nc
2025-12-21T19:24:00+00:00,NOAA20,DAY,WINTER,,0,0,0,1440,CLDMSK_L2_VIIRS_NOAA20.A2025355.1924.002.2025356073539.nc
2025-12-21T07:06:00+00:00,NOAA21,NIGHT,WINTER,0,0,0,0,360,CLDMSK_L2_VIIRS_NOAA21.A2025355.0706.001.2025355190901.nc
2025-12-21T16:54:00+00:00,NOAA21,DAY,WINTER,,0,0,0,360,CLDMSK_L2_VIIRS_NOAA21.A2025355.1654.001.2025356010931.nc
2025-12-21T18:30:00+00:00,NOAA21,DAY,WINTER,,0,0,0,1800,CLDMSK_L2_VIIRS_NOAA21.A2025355.1830.001.2025356073946.nc
2021-05-30T06:30:00+00:00,SNPP,NIGHT,SPRING,1,0,0,1,1800,CLDMSK_L2_VIIRS_SNPP.A2021150.0630.002.2026032205248.nc
2021-05-30T08:06:00+00:00,SNPP,NIGHT,SPRING,1,0,0,1,360,CLDMSK_L2_VIIRS_SNPP.A2021150.0806.002.2026032205302.nc
2021-05-30T17:54:00+00:00,SNPP,DAY,SPRING,,1,1,1,360,CLDMSK_L2_VIIRS_SNPP.A2021150.1754.002.2026032205419.nc
2021-05-30T07:18:00+00:00,NOAA20,NIGHT,SPRING,1,0,0,1,1080,CLDMSK_L2_VIIRS_NOAA20.A2021150.0718.001.2021150192431.nc
2021-05-30T17:06:00+00:00,NOAA20,DAY,SPRING,,1,1,1,360,CLDMSK_L2_VIIRS_NOAA20.A2021150.1706.001.2021151013357.nc
2021-05-30T18:42:00+00:00,NOAA20,DAY,SPRING,,1,1,1,1080,CLDMSK_L2_VIIRS_NOAA20.A2021150.1842.001.2021151072103.nc
2021-06-09T06:42:00+00:00,SNPP,NIGHT,SUMMER,0,0,0,1,1080,CLDMSK_L2_VIIRS_SNPP.A2021160.0642.002.2026032211137.nc
2021-06-09T18:06:00+00:00,SNPP,DAY,SUMMER,,0,0,0,360,CLDMSK_L2_VIIRS_SNPP.A2021160.1806.002.2026032211243.nc
2021-06-09T07:30:00+00:00,NOAA20,NIGHT,SUMMER,0,1,1,1,1800,CLDMSK_L2_VIIRS_NOAA20.A2021160.0730.001.2021160194158.nc
2021-06-09T17:18:00+00:00,NOAA20,DAY,SUMMER,,0,0,0,1080,CLDMSK_L2_VIIRS_NOAA20.A2021160.1718.001.2021161013647.nc
2021-06-09T18:54:00+00:00,NOAA20,DAY,SUMMER,,0,0,0,360,CLDMSK_L2_VIIRS_NOAA20.A2021160.1854.001.2021161072337.nc
2025-04-30T07:42:00+00:00,SNPP,NIGHT,SPRING,0,1,1,1,1080,CLDMSK_L2_VIIRS_SNPP.A2025120.0742.002.2026034171833.nc
2025-04-30T17:24:00+00:00,SNPP,DAY,SPRING,,0,0,0,1440,CLDMSK_L2_VIIRS_SNPP.A2025120.1724.002.2026034171938.nc
2025-04-30T19:06:00+00:00,SNPP,DAY,SPRING,,0,0,0,360,CLDMSK_L2_VIIRS_SNPP.A2025120.1906.002.2026034171946.nc
2025-04-30T06:18:00+00:00,NOAA20,NIGHT,SPRING,0,1,1,1,1080,CLDMSK_L2_VIIRS_NOAA20.A2025120.0618.001.2025120190341.nc
2025-04-30T08:00:00+00:00,NOAA20,NIGHT,SPRING,0,1,1,1,0,CLDMSK_L2_VIIRS_NOAA20.A2025120.0800.001.2025120201332.nc
2025-04-30T17:48:00+00:00,NOAA20,DAY,SPRING,,0,1,0,720,CLDMSK_L2_VIIRS_NOAA20.A2025120.1748.001.2025121060416.nc
2025-04-30T07:12:00+00:00,NOAA21,NIGHT,SPRING,0,1,1,1,720,CLDMSK_L2_VIIRS_NOAA21.A2025120.0712.001.2025120190516.nc
2025-04-30T16:54:00+00:00,NOAA21,DAY,SPRING,,0,0,0,360,CLDMSK_L2_VIIRS_NOAA21.A2025120.1654.001.2025121012540.nc
2025-04-30T18:36:00+00:00,NOAA21,DAY,SPRING,,1,1,0,1440,CLDMSK_L2_VIIRS_NOAA21.A2025120.1836.001.2025121072554.nc
2021-11-07T06:12:00+00:00,SNPP,NIGHT,AUTUMN,0,1,1,1,720,CLDMSK_L2_VIIRS_SNPP.A2021311.0612.002.2026033014643.nc
2021-11-07T07:54:00+00:00,SNPP,NIGHT,AUTUMN,0,1,1,1,360,CLDMSK_L2_VIIRS_SNPP.A2021311.0754.002.2026033014657.nc
2021-11-07T17:36:00+00:00,SNPP,DAY,AUTUMN,,1,1,1,1440,CLDMSK_L2_VIIRS_SNPP.A2021311.1736.002.2026033014749.nc
2021-11-07T19:18:00+00:00,SNPP,DAY,AUTUMN,,1,0,1,1080,CLDMSK_L2_VIIRS_SNPP.A2021311.1918.002.2026033014823.nc
2021-11-07T07:00:00+00:00,NOAA20,NIGHT,AUTUMN,0,1,1,1,0,CLDMSK_L2_VIIRS_NOAA20.A2021311.0700.001.2021311193820.nc
2021-11-07T18:24:00+00:00,NOAA20,DAY,AUTUMN,,0,0,1,1440,CLDMSK_L2_VIIRS_NOAA20.A2021311.1824.001.2021312072745.nc
2022-12-21T06:42:00+00:00,SNPP,NIGHT,WINTER,0,0,0,0,1080,CLDMSK_L2_VIIRS_SNPP.A2022355.0642.002.2026033134852.nc
2022-12-21T08:24:00+00:00,SNPP,NIGHT,WINTER,0,1,1,1,1440,CLDMSK_L2_VIIRS_SNPP.A2022355.0824.002.2026033134907.nc
2022-12-21T18:06:00+00:00,SNPP,DAY,WINTER,,0,0,1,360,CLDMSK_L2_VIIRS_SNPP.A2022355.1806.002.2026033135014.nc
2022-12-21T07:30:00+00:00,NOAA20,NIGHT,WINTER,0,1,0,0,1800,CLDMSK_L2_VIIRS_NOAA20.A2022355.0730.001.2022355194720.nc
2022-12-21T17:18:00+00:00,NOAA20,DAY,WINTER,,1,1,1,1080,CLDMSK_L2_VIIRS_NOAA20.A2022355.1718.001.2022356053755.nc
2022-12-21T18:54:00+00:00,NOAA20,DAY,WINTER,,0,0,1,360,CLDMSK_L2_VIIRS_NOAA20.A2022355.1854.001.2022356072756.nc
2025-12-01T07:12:00+00:00,SNPP,NIGHT,WINTER,1,1,0,1,720,CLDMSK_L2_VIIRS_SNPP.A2025335.0712.002.2026063193341.nc
2025-12-01T16:54:00+00:00,SNPP,DAY,WINTER,,0,0,0,360,CLDMSK_L2_VIIRS_SNPP.A2025335.1654.002.2026063193522.nc
2025-12-01T18:36:00+00:00,SNPP,DAY,WINTER,,0,0,0,60,CLDMSK_L2_VIIRS_SNPP.A2025335.1836.002.2026063193552.nc
2025-12-01T07:30:00+00:00,NOAA20,NIGHT,WINTER,1,1,0,1,1800,CLDMSK_L2_VIIRS_NOAA20.A2025335.0730.001.2025335193830.nc
2025-12-01T17:18:00+00:00,NOAA20,DAY,WINTER,,0,0,0,1080,CLDMSK_L2_VIIRS_NOAA20.A2025335.1718.001.2025336052902.nc
2025-12-01T18:54:00+00:00,NOAA20,DAY,WINTER,,0,0,0,360,CLDMSK_L2_VIIRS_NOAA20.A2025335.1854.001.2025336072915.nc
2025-12-01T06:42:00+00:00,NOAA21,NIGHT,WINTER,1,1,0,1,1080,CLDMSK_L2_VIIRS_NOAA21.A2025335.0642.001.2025335191258.nc
2025-12-01T08:24:00+00:00,NOAA21,NIGHT,WINTER,0,1,0,1,1440,CLDMSK_L2_VIIRS_NOAA21.A2025335.0824.001.2025335191304.nc
2025-12-01T18:06:00+00:00,NOAA21,DAY,WINTER,,0,0,0,360,CLDMSK_L2_VIIRS_NOAA21.A2025335.1806.001.2025336073420.nc
2024-09-29T07:30:00+00:00,SNPP,NIGHT,AUTUMN,0,0,0,0,1800,CLDMSK_L2_VIIRS_SNPP.A2024273.0730.002.2026034104352.nc
2024-09-29T17:18:00+00:00,SNPP,DAY,AUTUMN,,1,1,0,1080,CLDMSK_L2_VIIRS_SNPP.A2024273.1718.002.2026034104456.nc
2024-09-29T18:54:00+00:00,SNPP,DAY,AUTUMN,,0,0,0,360,CLDMSK_L2_VIIRS_SNPP.A2024273.1854.002.2026034104503.nc
2024-09-29T06:12:00+00:00,NOAA20,NIGHT,AUTUMN,0,0,0,0,720,CLDMSK_L2_VIIRS_NOAA20.A2024273.0612.002.2025236024321.nc
2024-09-29T07:54:00+00:00,NOAA20,NIGHT,AUTUMN,0,0,0,0,360,CLDMSK_L2_VIIRS_NOAA20.A2024273.0754.002.2025236024250.nc
2024-09-29T17:42:00+00:00,NOAA20,DAY,AUTUMN,,1,1,0,1080,CLDMSK_L2_VIIRS_NOAA20.A2024273.1742.002.2025236024354.nc
2024-09-29T19:18:00+00:00,NOAA20,DAY,AUTUMN,,0,0,0,1080,CLDMSK_L2_VIIRS_NOAA20.A2024273.1918.002.2025236024406.nc
2024-09-29T07:06:00+00:00,NOAA21,NIGHT,AUTUMN,0,0,0,0,360,CLDMSK_L2_VIIRS_NOAA21.A2024273.0706.001.2024273190248.nc
2024-09-29T16:54:00+00:00,NOAA21,DAY,AUTUMN,,0,0,0,360,CLDMSK_L2_VIIRS_NOAA21.A2024273.1654.001.2024274013313.nc
2024-09-29T18:30:00+00:00,NOAA21,DAY,AUTUMN,,0,1,0,1800,CLDMSK_L2_VIIRS_NOAA21.A2024273.1830.001.2024274073329.nc
2022-05-17T06:30:00+00:00,SNPP,NIGHT,SPRING,1,0,0,0,1800,CLDMSK_L2_VIIRS_SNPP.A2022137.0630.002.2026033073530.nc
2022-05-17T08:06:00+00:00,SNPP,NIGHT,SPRING,1,0,0,1,360,CLDMSK_L2_VIIRS_SNPP.A2022137.0806.002.2026033073545.nc
2022-05-17T17:54:00+00:00,SNPP,DAY,SPRING,,0,0,0,360,CLDMSK_L2_VIIRS_SNPP.A2022137.1754.002.2026033073625.nc
2022-05-17T07:18:00+00:00,NOAA20,NIGHT,SPRING,1,0,0,0,1080,CLDMSK_L2_VIIRS_NOAA20.A2022137.0718.001.2022137192113.nc
2022-05-17T17:06:00+00:00,NOAA20,DAY,SPRING,,0,0,0,360,CLDMSK_L2_VIIRS_NOAA20.A2022137.1706.001.2022138021424.nc
2022-05-17T18:42:00+00:00,NOAA20,DAY,SPRING,,0,0,0,1080,CLDMSK_L2_VIIRS_NOAA20.A2022137.1842.001.2022138073504.nc
2022-04-03T06:54:00+00:00,SNPP,NIGHT,SPRING,0,0,0,0,360,CLDMSK_L2_VIIRS_SNPP.A2022093.0654.002.2026033061542.nc
2022-04-03T08:36:00+00:00,SNPP,NIGHT,SPRING,0,0,0,0,1440,CLDMSK_L2_VIIRS_SNPP.A2022093.0836.002.2026033061548.nc
2022-04-03T18:18:00+00:00,SNPP,DAY,SPRING,,0,0,0,1080,CLDMSK_L2_VIIRS_SNPP.A2022093.1818.002.2026033061653.nc
2022-04-03T06:06:00+00:00,NOAA20,NIGHT,SPRING,0,0,0,0,360,CLDMSK_L2_VIIRS_NOAA20.A2022093.0606.001.2022093194537.nc
2022-04-03T07:42:00+00:00,NOAA20,NIGHT,SPRING,0,0,0,0,1080,CLDMSK_L2_VIIRS_NOAA20.A2022093.0742.001.2022093194545.nc
2022-04-03T17:30:00+00:00,NOAA20,DAY,SPRING,,0,0,0,1800,CLDMSK_L2_VIIRS_NOAA20.A2022093.1730.001.2022094013556.nc
2022-04-03T19:12:00+00:00,NOAA20,DAY,SPRING,,0,0,0,480,CLDMSK_L2_VIIRS_NOAA20.A2022093.1912.001.2022094074352.nc
2023-06-30T07:00:00+00:00,SNPP,NIGHT,SUMMER,0,0,0,0,0,CLDMSK_L2_VIIRS_SNPP.A2023181.0700.002.2026033204049.nc
2023-06-30T18:24:00+00:00,SNPP,DAY,SUMMER,,1,1,0,1440,CLDMSK_L2_VIIRS_SNPP.A2023181.1824.002.2026033204159.nc
2023-06-30T06:12:00+00:00,NOAA20,NIGHT,SUMMER,1,0,0,0,720,CLDMSK_L2_VIIRS_NOAA20.A2023181.0612.001.2023233212401.nc
2023-06-30T07:54:00+00:00,NOAA20,NIGHT,SUMMER,0,0,0,0,360,CLDMSK_L2_VIIRS_NOAA20.A2023181.0754.001.2023233212425.nc
2023-06-30T17:36:00+00:00,NOAA20,DAY,SUMMER,,0,0,0,1440,CLDMSK_L2_VIIRS_NOAA20.A2023181.1736.001.2023233212520.nc
2023-06-30T19:18:00+00:00,NOAA20,DAY,SUMMER,,0,0,1,1080,CLDMSK_L2_VIIRS_NOAA20.A2023181.1918.001.2023233212510.nc
2023-06-30T06:36:00+00:00,NOAA21,NIGHT,SUMMER,1,0,0,0,1440,CLDMSK_L2_VIIRS_NOAA21.A2023181.0636.001.2024130190039.nc
2023-06-30T08:12:00+00:00,NOAA21,NIGHT,SUMMER,0,0,0,0,720,CLDMSK_L2_VIIRS_NOAA21.A2023181.0812.001.2024130190117.nc
2023-06-30T18:00:00+00:00,NOAA21,DAY,SUMMER,,0,0,0,0,CLDMSK_L2_VIIRS_NOAA21.A2023181.1800.001.2024130190043.nc
2024-06-22T06:48:00+00:00,SNPP,NIGHT,SUMMER,1,0,0,0,720,CLDMSK_L2_VIIRS_SNPP.A2024174.0648.002.2026034074419.nc
2024-06-22T18:12:00+00:00,SNPP,DAY,SUMMER,,0,0,0,480,CLDMSK_L2_VIIRS_SNPP.A2024174.1812.002.2026034074517.nc
2024-06-22T07:12:00+00:00,NOAA20,NIGHT,SUMMER,1,0,0,0,720,CLDMSK_L2_VIIRS_NOAA20.A2024174.0712.002.2025235212038.nc
2024-06-22T16:54:00+00:00,NOAA20,DAY,SUMMER,,0,0,0,360,CLDMSK_L2_VIIRS_NOAA20.A2024174.1654.002.2025235212147.nc
2024-06-22T18:36:00+00:00,NOAA20,DAY,SUMMER,,0,0,0,780,CLDMSK_L2_VIIRS_NOAA20.A2024174.1836.002.2025235212138.nc
2024-06-22T17:48:00+00:00,NOAA21,DAY,SUMMER,,0,0,0,300,CLDMSK_L2_VIIRS_NOAA21.A2024174.1748.001.2024175012040.nc
2024-03-09T06:18:00+00:00,SNPP,NIGHT,SPRING,0,0,0,0,1080,CLDMSK_L2_VIIRS_SNPP.A2024069.0618.002.2026034043144.nc
2024-03-09T07:54:00+00:00,SNPP,NIGHT,SPRING,0,0,0,0,360,CLDMSK_L2_VIIRS_SNPP.A2024069.0754.002.2026034043156.nc
2024-03-09T17:42:00+00:00,SNPP,DAY,SPRING,,0,0,0,720,CLDMSK_L2_VIIRS_SNPP.A2024069.1742.002.2026034043303.nc
2024-03-09T19:24:00+00:00,SNPP,DAY,SPRING,,0,0,0,240,CLDMSK_L2_VIIRS_SNPP.A2024069.1924.002.2026034043259.nc
2024-03-09T07:06:00+00:00,NOAA20,NIGHT,SPRING,0,0,0,0,360,CLDMSK_L2_VIIRS_NOAA20.A2024069.0706.002.2025235153953.nc
2024-03-09T16:54:00+00:00,NOAA20,DAY,SPRING,,0,0,0,360,CLDMSK_L2_VIIRS_NOAA20.A2024069.1654.002.2025235154008.nc
2024-03-09T18:30:00+00:00,NOAA20,DAY,SPRING,,0,0,0,1020,CLDMSK_L2_VIIRS_NOAA20.A2024069.1830.002.2025235154058.nc
2024-03-09T07:30:00+00:00,NOAA21,NIGHT,SPRING,0,0,0,0,1800,CLDMSK_L2_VIIRS_NOAA21.A2024069.0730.001.2024130200217.nc
2024-03-09T17:12:00+00:00,NOAA21,DAY,SPRING,,0,0,0,660,CLDMSK_L2_VIIRS_NOAA21.A2024069.1712.001.2024130200223.nc
2024-03-09T18:54:00+00:00,NOAA21,DAY,SPRING,,0,0,0,60,CLDMSK_L2_VIIRS_NOAA21.A2024069.1854.001.2024130200253.nc
2024-11-29T06:48:00+00:00,SNPP,NIGHT,AUTUMN,0,0,0,0,720,CLDMSK_L2_VIIRS_SNPP.A2024334.0648.002.2026034123637.nc
2024-11-29T08:30:00+00:00,SNPP,NIGHT,AUTUMN,0,0,0,0,1800,CLDMSK_L2_VIIRS_SNPP.A2024334.0830.002.2026034123652.nc
2024-11-29T18:12:00+00:00,SNPP,DAY,AUTUMN,,0,0,0,720,CLDMSK_L2_VIIRS_SNPP.A2024334.1812.002.2026034123754.nc
2024-11-29T07:12:00+00:00,NOAA20,NIGHT,AUTUMN,0,0,0,0,720,CLDMSK_L2_VIIRS_NOAA20.A2024334.0712.002.2025236051116.nc
2024-11-29T16:54:00+00:00,NOAA20,DAY,AUTUMN,,0,0,0,360,CLDMSK_L2_VIIRS_NOAA20.A2024334.1654.002.2025236051205.nc
2024-11-29T18:36:00+00:00,NOAA20,DAY,AUTUMN,,0,0,0,1440,CLDMSK_L2_VIIRS_NOAA20.A2024334.1836.002.2025236051339.nc
2024-11-29T06:24:00+00:00,NOAA21,NIGHT,AUTUMN,0,0,0,0,1440,CLDMSK_L2_VIIRS_NOAA21.A2024334.0624.001.2024334191050.nc
2024-11-29T08:06:00+00:00,NOAA21,NIGHT,AUTUMN,0,0,0,0,360,CLDMSK_L2_VIIRS_NOAA21.A2024334.0806.001.2024334191024.nc
2024-11-29T17:48:00+00:00,NOAA21,DAY,AUTUMN,,0,0,0,720,CLDMSK_L2_VIIRS_NOAA21.A2024334.1748.001.2024335013003.nc
2025-10-20T07:00:00+00:00,SNPP,NIGHT,AUTUMN,0,0,0,0,0,CLDMSK_L2_VIIRS_SNPP.A2025293.0700.002.2026063174015.nc
2025-10-20T08:36:00+00:00,SNPP,NIGHT,AUTUMN,0,0,0,0,1440,CLDMSK_L2_VIIRS_SNPP.A2025293.0836.002.2026063174017.nc
2025-10-20T18:24:00+00:00,SNPP,DAY,AUTUMN,,0,0,0,1440,CLDMSK_L2_VIIRS_SNPP.A2025293.1824.002.2026063174148.nc
2025-10-20T07:18:00+00:00,NOAA20,NIGHT,AUTUMN,0,0,0,0,1080,CLDMSK_L2_VIIRS_NOAA20.A2025293.0718.001.2025293193131.nc
2025-10-20T17:00:00+00:00,NOAA20,DAY,AUTUMN,,0,0,0,0,CLDMSK_L2_VIIRS_NOAA20.A2025293.1700.001.2025294051443.nc
2025-10-20T18:42:00+00:00,NOAA20,DAY,AUTUMN,,1,0,0,1080,CLDMSK_L2_VIIRS_NOAA20.A2025293.1842.001.2025294072443.nc
2025-10-20T06:30:00+00:00,NOAA21,NIGHT,AUTUMN,0,0,0,0,1800,CLDMSK_L2_VIIRS_NOAA21.A2025293.0630.001.2025293191443.nc
2025-10-20T08:12:00+00:00,NOAA21,NIGHT,AUTUMN,0,0,0,0,720,CLDMSK_L2_VIIRS_NOAA21.A2025293.0812.001.2025293191452.nc
2025-10-20T17:54:00+00:00,NOAA21,DAY,AUTUMN,,0,1,0,360,CLDMSK_L2_VIIRS_NOAA21.A2025293.1754.001.2025294011739.nc
2025-01-23T06:18:00+00:00,SNPP,NIGHT,WINTER,0,0,0,0,1080,CLDMSK_L2_VIIRS_SNPP.A2025023.0618.002.2026034141711.nc
2025-01-23T08:00:00+00:00,SNPP,NIGHT,WINTER,1,0,0,0,0,CLDMSK_L2_VIIRS_SNPP.A2025023.0800.002.2026034141721.nc
2025-01-23T17:42:00+00:00,SNPP,DAY,WINTER,,0,0,0,1080,CLDMSK_L2_VIIRS_SNPP.A2025023.1742.002.2026034141821.nc
2025-01-23T19:24:00+00:00,SNPP,DAY,WINTER,,0,0,0,120,CLDMSK_L2_VIIRS_SNPP.A2025023.1924.002.2026034141837.nc
2025-01-23T06:42:00+00:00,NOAA20,NIGHT,WINTER,0,0,0,0,1080,CLDMSK_L2_VIIRS_NOAA20.A2025023.0642.001.2025023190524.nc
2025-01-23T08:18:00+00:00,NOAA20,NIGHT,WINTER,1,0,0,0,1080,CLDMSK_L2_VIIRS_NOAA20.A2025023.0818.001.2025023203527.nc
2025-01-23T18:06:00+00:00,NOAA20,DAY,WINTER,,1,0,0,360,CLDMSK_L2_VIIRS_NOAA20.A2025023.1806.001.2025024072559.nc
2025-01-23T07:30:00+00:00,NOAA21,NIGHT,WINTER,0,0,0,0,1800,CLDMSK_L2_VIIRS_NOAA21.A2025023.0730.001.2025023190743.nc
2025-01-23T17:18:00+00:00,NOAA21,DAY,WINTER,,0,0,0,1080,CLDMSK_L2_VIIRS_NOAA21.A2025023.1718.001.2025024010806.nc
2025-01-23T18:54:00+00:00,NOAA21,DAY,WINTER,,0,0,0,360,CLDMSK_L2_VIIRS_NOAA21.A2025023.1854.001.2025024072820.nc
2021-05-10T06:00:00+00:00,SNPP,NIGHT,SPRING,0,0,1,1,0,CLDMSK_L2_VIIRS_SNPP.A2021130.0600.002.2026032201618.nc
2021-05-10T07:42:00+00:00,SNPP,NIGHT,SPRING,0,1,1,1,1080,CLDMSK_L2_VIIRS_SNPP.A2021130.0742.002.2026032201617.nc
2021-05-10T17:30:00+00:00,SNPP,DAY,SPRING,,0,0,0,1800,CLDMSK_L2_VIIRS_SNPP.A2021130.1730.002.2026032201721.nc
2021-05-10T19:06:00+00:00,SNPP,DAY,SPRING,,0,0,0,360,CLDMSK_L2_VIIRS_SNPP.A2021130.1906.002.2026032201722.nc
2021-05-10T06:54:00+00:00,NOAA20,NIGHT,SPRING,0,1,1,1,360,CLDMSK_L2_VIIRS_NOAA20.A2021130.0654.001.2021130193344.nc
2021-05-10T18:18:00+00:00,NOAA20,DAY,SPRING,,1,0,0,1080,CLDMSK_L2_VIIRS_NOAA20.A2021130.1818.001.2021131073417.nc
2022-10-12T06:54:00+00:00,SNPP,NIGHT,AUTUMN,1,0,0,0,360,CLDMSK_L2_VIIRS_SNPP.A2022285.0654.002.2026033113925.nc
2022-10-12T08:36:00+00:00,SNPP,NIGHT,AUTUMN,1,0,0,0,1440,CLDMSK_L2_VIIRS_SNPP.A2022285.0836.002.2026033113939.nc
2022-10-12T18:18:00+00:00,SNPP,DAY,AUTUMN,,0,0,0,1080,CLDMSK_L2_VIIRS_SNPP.A2022285.1818.002.2026033114025.nc
2022-10-12T06:06:00+00:00,NOAA20,NIGHT,AUTUMN,1,0,0,0,360,CLDMSK_L2_VIIRS_NOAA20.A2022285.0606.001.2022285191058.nc
2022-10-12T07:42:00+00:00,NOAA20,NIGHT,AUTUMN,1,0,0,0,1080,CLDMSK_L2_VIIRS_NOAA20.A2022285.0742.001.2022285200100.nc
2022-10-12T17:30:00+00:00,NOAA20,DAY,AUTUMN,,0,0,0,1800,CLDMSK_L2_VIIRS_NOAA20.A2022285.1730.001.2022286055129.nc
2022-10-12T19:06:00+00:00,NOAA20,DAY,AUTUMN,,0,0,0,360,CLDMSK_L2_VIIRS_NOAA20.A2022285.1906.001.2022286073132.nc
2022-07-09T06:36:00+00:00,SNPP,NIGHT,SUMMER,0,1,1,1,1440,CLDMSK_L2_VIIRS_SNPP.A2022190.0636.002.2026033091304.nc
2022-07-09T08:18:00+00:00,SNPP,NIGHT,SUMMER,0,1,1,1,1080,CLDMSK_L2_VIIRS_SNPP.A2022190.0818.002.2026033091312.nc
2022-07-09T18:00:00+00:00,SNPP,DAY,SUMMER,,1,1,1,0,CLDMSK_L2_VIIRS_SNPP.A2022190.1800.002.2026033091409.nc
2022-07-09T07:24:00+00:00,NOAA20,NIGHT,SUMMER,0,1,1,1,1440,CLDMSK_L2_VIIRS_NOAA20.A2022190.0724.001.2022190194101.nc
2022-07-09T17:12:00+00:00,NOAA20,DAY,SUMMER,,1,1,1,720,CLDMSK_L2_VIIRS_NOAA20.A2022190.1712.001.2022191055040.nc
2022-07-09T18:48:00+00:00,NOAA20,DAY,SUMMER,,1,1,1,720,CLDMSK_L2_VIIRS_NOAA20.A2022190.1848.001.2022191073140.nc
2020-09-19T07:12:00+00:00,SNPP,NIGHT,AUTUMN,0,1,1,1,720,CLDMSK_L2_VIIRS_SNPP.A2020263.0712.002.2026032122009.nc
2020-09-19T17:00:00+00:00,SNPP,DAY,AUTUMN,,0,0,0,0,CLDMSK_L2_VIIRS_SNPP.A2020263.1700.002.2026032122100.nc
2020-09-19T18:36:00+00:00,SNPP,DAY,AUTUMN,,0,0,0,1440,CLDMSK_L2_VIIRS_SNPP.A2020263.1836.002.2026032122113.nc
2020-09-19T06:24:00+00:00,NOAA20,NIGHT,AUTUMN,0,1,1,1,1440,CLDMSK_L2_VIIRS_NOAA20.A2020263.0624.001.2020294133849.nc
2020-09-19T08:00:00+00:00,NOAA20,NIGHT,AUTUMN,0,1,1,1,0,CLDMSK_L2_VIIRS_NOAA20.A2020263.0800.001.2020294133709.nc
2020-09-19T17:48:00+00:00,NOAA20,DAY,AUTUMN,,0,0,0,720,CLDMSK_L2_VIIRS_NOAA20.A2020263.1748.001.2020294133835.nc
2023-10-16T06:36:00+00:00,SNPP,NIGHT,AUTUMN,0,1,0,1,1440,CLDMSK_L2_VIIRS_SNPP.A2023289.0636.002.2026034000554.nc
2023-10-16T08:18:00+00:00,SNPP,NIGHT,AUTUMN,0,0,0,1,1080,CLDMSK_L2_VIIRS_SNPP.A2023289.0818.002.2026034000606.nc
2023-10-16T18:00:00+00:00,SNPP,DAY,AUTUMN,,0,0,0,0,CLDMSK_L2_VIIRS_SNPP.A2023289.1800.002.2026034000707.nc
2023-10-16T07:24:00+00:00,NOAA20,NIGHT,AUTUMN,0,0,0,1,1440,CLDMSK_L2_VIIRS_NOAA20.A2023289.0724.002.2025235083728.nc
2023-10-16T17:12:00+00:00,NOAA20,DAY,AUTUMN,,0,0,0,720,CLDMSK_L2_VIIRS_NOAA20.A2023289.1712.002.2025235083843.nc
2023-10-16T18:48:00+00:00,NOAA20,DAY,AUTUMN,,0,0,0,720,CLDMSK_L2_VIIRS_NOAA20.A2023289.1848.002.2025235083843.nc
2023-10-16T06:06:00+00:00,NOAA21,NIGHT,AUTUMN,0,1,0,0,360,CLDMSK_L2_VIIRS_NOAA21.A2023289.0606.001.2024130192503.nc
2023-10-16T07:48:00+00:00,NOAA21,NIGHT,AUTUMN,0,0,1,1,720,CLDMSK_L2_VIIRS_NOAA21.A2023289.0748.001.2024130192441.nc
2023-10-16T17:30:00+00:00,NOAA21,DAY,AUTUMN,,0,0,0,1800,CLDMSK_L2_VIIRS_NOAA21.A2023289.1730.001.2024130192458.nc
2023-10-16T19:12:00+00:00,NOAA21,DAY,AUTUMN,,0,0,0,720,CLDMSK_L2_VIIRS_NOAA21.A2023289.1912.001.2024130192551.nc
2020-03-27T07:12:00+00:00,SNPP,NIGHT,SPRING,0,1,0,0,720,CLDMSK_L2_VIIRS_SNPP.A2020087.0712.002.2026032061244.nc
2020-03-27T16:54:00+00:00,SNPP,DAY,SPRING,,0,1,1,360,CLDMSK_L2_VIIRS_SNPP.A2020087.1654.002.2026032061408.nc
2020-03-27T18:36:00+00:00,SNPP,DAY,SPRING,,0,1,1,1440,CLDMSK_L2_VIIRS_SNPP.A2020087.1836.002.2026032061446.nc
2020-03-27T06:24:00+00:00,NOAA20,NIGHT,SPRING,0,1,1,0,1440,CLDMSK_L2_VIIRS_NOAA20.A2020087.0624.001.2020294212330.nc
2020-03-27T08:06:00+00:00,NOAA20,NIGHT,SPRING,0,0,0,0,360,CLDMSK_L2_VIIRS_NOAA20.A2020087.0806.001.2020294212315.nc
2020-03-27T17:48:00+00:00,NOAA20,DAY,SPRING,,0,1,1,720,CLDMSK_L2_VIIRS_NOAA20.A2020087.1748.001.2020294212401.nc
2022-07-31T07:12:00+00:00,NOAA20,NIGHT,SUMMER,0,0,0,1,720,CLDMSK_L2_VIIRS_NOAA20.A2022212.0712.001.2022214205556.nc
2022-07-31T16:54:00+00:00,NOAA20,DAY,SUMMER,,0,0,0,360,CLDMSK_L2_VIIRS_NOAA20.A2022212.1654.001.2022214210008.nc
2022-07-31T17:00:00+00:00,NOAA20,DAY,SUMMER,,0,0,0,0,CLDMSK_L2_VIIRS_NOAA20.A2022212.1700.001.2022214210005.nc
2022-07-31T18:36:00+00:00,NOAA20,DAY,SUMMER,,0,0,0,1440,CLDMSK_L2_VIIRS_NOAA20.A2022212.1836.001.2022214210056.nc
2020-01-30T06:42:00+00:00,SNPP,NIGHT,WINTER,0,0,0,0,1080,CLDMSK_L2_VIIRS_SNPP.A2020030.0642.002.2026032034909.nc
2020-01-30T08:18:00+00:00,SNPP,NIGHT,WINTER,0,0,0,0,1080,CLDMSK_L2_VIIRS_SNPP.A2020030.0818.002.2026032034926.nc
2020-01-30T18:06:00+00:00,SNPP,DAY,WINTER,,0,0,0,360,CLDMSK_L2_VIIRS_SNPP.A2020030.1806.002.2026032035042.nc
2020-01-30T07:30:00+00:00,NOAA20,NIGHT,WINTER,0,0,0,0,1800,CLDMSK_L2_VIIRS_NOAA20.A2020030.0730.001.2020294224426.nc
2020-01-30T17:18:00+00:00,NOAA20,DAY,WINTER,,0,0,0,1080,CLDMSK_L2_VIIRS_NOAA20.A2020030.1718.001.2020294224549.nc
2020-01-30T18:54:00+00:00,NOAA20,DAY,WINTER,,0,0,0,360,CLDMSK_L2_VIIRS_NOAA20.A2020030.1854.001.2020294224525.nc
2020-10-17T06:48:00+00:00,SNPP,NIGHT,AUTUMN,0,1,1,1,720,CLDMSK_L2_VIIRS_SNPP.A2020291.0648.002.2026032131136.nc
2020-10-17T08:30:00+00:00,SNPP,NIGHT,AUTUMN,0,1,1,0,1800,CLDMSK_L2_VIIRS_SNPP.A2020291.0830.002.2026032131134.nc
2020-10-17T18:12:00+00:00,SNPP,DAY,AUTUMN,,0,0,0,720,CLDMSK_L2_VIIRS_SNPP.A2020291.1812.002.2026032131251.nc
2020-10-17T07:36:00+00:00,NOAA20,NIGHT,AUTUMN,0,0,0,0,1440,CLDMSK_L2_VIIRS_NOAA20.A2020291.0736.001.2020291192045.nc
2020-10-17T17:24:00+00:00,NOAA20,DAY,AUTUMN,,0,0,0,1440,CLDMSK_L2_VIIRS_NOAA20.A2020291.1724.001.2020292011221.nc
2020-10-17T19:00:00+00:00,NOAA20,DAY,AUTUMN,,1,1,0,0,CLDMSK_L2_VIIRS_NOAA20.A2020291.1900.001.2020292070609.nc
2020-08-29T07:06:00+00:00,SNPP,NIGHT,SUMMER,0,0,0,0,360,CLDMSK_L2_VIIRS_SNPP.A2020242.0706.002.2026032114143.nc
2020-08-29T16:48:00+00:00,SNPP,DAY,SUMMER,,0,0,0,720,CLDMSK_L2_VIIRS_SNPP.A2020242.1648.002.2026032114241.nc
2020-08-29T18:30:00+00:00,SNPP,DAY,SUMMER,,0,0,0,1800,CLDMSK_L2_VIIRS_SNPP.A2020242.1830.002.2026032114253.nc
2020-08-29T06:18:00+00:00,NOAA20,NIGHT,SUMMER,1,0,0,0,1080,CLDMSK_L2_VIIRS_NOAA20.A2020242.0618.001.2020294140957.nc
2020-08-29T07:54:00+00:00,NOAA20,NIGHT,SUMMER,0,0,0,0,360,CLDMSK_L2_VIIRS_NOAA20.A2020242.0754.001.2020294141029.nc
2020-08-29T17:42:00+00:00,NOAA20,DAY,SUMMER,,0,0,0,1080,CLDMSK_L2_VIIRS_NOAA20.A2020242.1742.001.2020294141153.nc
2020-08-29T19:24:00+00:00,NOAA20,DAY,SUMMER,,0,0,0,1440,CLDMSK_L2_VIIRS_NOAA20.A2020242.1924.001.2020294141119.nc
2022-07-26T06:18:00+00:00,SNPP,NIGHT,SUMMER,0,0,0,1,1080,CLDMSK_L2_VIIRS_SNPP.A2022207.0618.002.2026033094416.nc
2022-07-26T08:00:00+00:00,SNPP,NIGHT,SUMMER,0,0,0,1,0,CLDMSK_L2_VIIRS_SNPP.A2022207.0800.002.2026033094427.nc
2022-07-26T07:06:00+00:00,NOAA20,NIGHT,SUMMER,0,0,0,1,360,CLDMSK_L2_VIIRS_NOAA20.A2022207.0706.001.2022215164059.nc
2022-07-26T16:48:00+00:00,NOAA20,DAY,SUMMER,,0,0,0,720,CLDMSK_L2_VIIRS_NOAA20.A2022207.1648.001.2022215164229.nc
2022-07-26T18:30:00+00:00,NOAA20,DAY,SUMMER,,0,0,0,1800,CLDMSK_L2_VIIRS_NOAA20.A2022207.1830.001.2022215164221.nc
2020-10-03T06:12:00+00:00,SNPP,NIGHT,AUTUMN,1,1,1,1,720,CLDMSK_L2_VIIRS_SNPP.A2020277.0612.002.2026032124536.nc
2020-10-03T07:48:00+00:00,SNPP,NIGHT,AUTUMN,1,0,0,1,720,CLDMSK_L2_VIIRS_SNPP.A2020277.0748.002.2026032124601.nc
2020-10-03T17:36:00+00:00,SNPP,DAY,AUTUMN,,0,0,0,1440,CLDMSK_L2_VIIRS_SNPP.A2020277.1736.002.2026032124700.nc
2020-10-03T19:18:00+00:00,SNPP,DAY,AUTUMN,,0,0,0,1080,CLDMSK_L2_VIIRS_SNPP.A2020277.1918.002.2026032124716.nc
2020-10-03T07:00:00+00:00,NOAA20,NIGHT,AUTUMN,1,1,1,1,0,CLDMSK_L2_VIIRS_NOAA20.A2020277.0700.001.2020287052123.nc
2020-10-03T18:24:00+00:00,NOAA20,DAY,AUTUMN,,0,0,0,1440,CLDMSK_L2_VIIRS_NOAA20.A2020277.1824.001.2020287052300.nc
2020-05-08T07:24:00+00:00,SNPP,NIGHT,SPRING,1,1,1,1,1440,CLDMSK_L2_VIIRS_SNPP.A2020129.0724.002.2026032075606.nc
2020-05-08T17:12:00+00:00,SNPP,DAY,SPRING,,0,0,0,720,CLDMSK_L2_VIIRS_SNPP.A2020129.1712.002.2026032075718.nc
2020-05-08T18:48:00+00:00,SNPP,DAY,SPRING,,0,0,0,720,CLDMSK_L2_VIIRS_SNPP.A2020129.1848.002.2026032075743.nc
2020-05-08T06:36:00+00:00,NOAA20,NIGHT,SPRING,1,1,1,1,1440,CLDMSK_L2_VIIRS_NOAA20.A2020129.0636.001.2020294201932.nc
2020-05-08T08:18:00+00:00,NOAA20,NIGHT,SPRING,1,1,1,1,1080,CLDMSK_L2_VIIRS_NOAA20.A2020129.0818.001.2020294202010.nc
2020-05-08T18:00:00+00:00,NOAA20,DAY,SPRING,,0,0,0,0,CLDMSK_L2_VIIRS_NOAA20.A2020129.1800.001.2020294202045.nc
2023-09-15T06:18:00+00:00,SNPP,NIGHT,AUTUMN,0,1,1,1,1080,CLDMSK_L2_VIIRS_SNPP.A2023258.0618.002.2026033230831.nc
2023-09-15T08:00:00+00:00,SNPP,NIGHT,AUTUMN,0,1,1,1,0,CLDMSK_L2_VIIRS_SNPP.A2023258.0800.002.2026033230848.nc
2023-09-15T17:42:00+00:00,SNPP,DAY,AUTUMN,,1,1,1,1080,CLDMSK_L2_VIIRS_SNPP.A2023258.1742.002.2026033230941.nc
2023-09-15T19:24:00+00:00,SNPP,DAY,AUTUMN,,1,1,1,1440,CLDMSK_L2_VIIRS_SNPP.A2023258.1924.002.2026033230953.nc
2023-09-15T07:06:00+00:00,NOAA20,NIGHT,AUTUMN,0,1,1,1,360,CLDMSK_L2_VIIRS_NOAA20.A2023258.0706.002.2025235070736.nc
2023-09-15T16:54:00+00:00,NOAA20,DAY,AUTUMN,,1,1,1,360,CLDMSK_L2_VIIRS_NOAA20.A2023258.1654.002.2025235070841.nc
2023-09-15T18:30:00+00:00,NOAA20,DAY,AUTUMN,,1,1,1,1800,CLDMSK_L2_VIIRS_NOAA20.A2023258.1830.002.2025235070856.nc
2023-09-15T07:30:00+00:00,NOAA21,NIGHT,AUTUMN,0,1,1,1,1800,CLDMSK_L2_VIIRS_NOAA21.A2023258.0730.001.2024130191801.nc
2023-09-15T17:12:00+00:00,NOAA21,DAY,AUTUMN,,1,1,1,720,CLDMSK_L2_VIIRS_NOAA21.A2023258.1712.001.2024130191907.nc
2023-09-15T18:54:00+00:00,NOAA21,DAY,AUTUMN,,1,1,1,360,CLDMSK_L2_VIIRS_NOAA21.A2023258.1854.001.2024130191810.nc
2025-10-06T06:18:00+00:00,SNPP,NIGHT,AUTUMN,1,1,1,1,1080,CLDMSK_L2_VIIRS_SNPP.A2025279.0618.002.2026063171506.nc
2025-10-06T08:00:00+00:00,SNPP,NIGHT,AUTUMN,1,1,1,1,0,CLDMSK_L2_VIIRS_SNPP.A2025279.0800.002.2026063171502.nc
2025-10-06T17:42:00+00:00,SNPP,DAY,AUTUMN,,0,1,0,1080,CLDMSK_L2_VIIRS_SNPP.A2025279.1742.002.2026063171606.nc
2025-10-06T19:24:00+00:00,SNPP,DAY,AUTUMN,,0,0,0,1440,CLDMSK_L2_VIIRS_SNPP.A2025279.1924.002.2026063171607.nc
2025-10-06T06:42:00+00:00,NOAA20,NIGHT,AUTUMN,1,1,1,1,1080,CLDMSK_L2_VIIRS_NOAA20.A2025279.0642.001.2025279191038.nc
2025-10-06T08:18:00+00:00,NOAA20,NIGHT,AUTUMN,1,1,1,1,1080,CLDMSK_L2_VIIRS_NOAA20.A2025279.0818.001.2025279203024.nc
2025-10-06T18:06:00+00:00,NOAA20,DAY,AUTUMN,,0,1,0,360,CLDMSK_L2_VIIRS_NOAA20.A2025279.1806.001.2025280073115.nc
2025-10-06T07:30:00+00:00,NOAA21,NIGHT,AUTUMN,1,1,1,1,1800,CLDMSK_L2_VIIRS_NOAA21.A2025279.0730.001.2025279191325.nc
2025-10-06T17:18:00+00:00,NOAA21,DAY,AUTUMN,,0,0,0,1080,CLDMSK_L2_VIIRS_NOAA21.A2025279.1718.001.2025280013345.nc
2025-10-06T18:54:00+00:00,NOAA21,DAY,AUTUMN,,1,0,0,360,CLDMSK_L2_VIIRS_NOAA21.A2025279.1854.001.2025280073408.nc
2022-09-01T06:24:00+00:00,SNPP,NIGHT,AUTUMN,0,1,1,1,1440,CLDMSK_L2_VIIRS_SNPP.A2022244.0624.002.2026033102403.nc
2022-09-01T08:06:00+00:00,SNPP,NIGHT,AUTUMN,0,1,1,1,360,CLDMSK_L2_VIIRS_SNPP.A2022244.0806.002.2026033102411.nc
2022-09-01T17:48:00+00:00,SNPP,DAY,AUTUMN,,1,1,1,720,CLDMSK_L2_VIIRS_SNPP.A2022244.1748.002.2026033102519.nc
2022-09-01T07:12:00+00:00,NOAA20,NIGHT,AUTUMN,0,1,1,1,720,CLDMSK_L2_VIIRS_NOAA20.A2022244.0712.001.2022244193123.nc
2022-09-01T16:54:00+00:00,NOAA20,DAY,AUTUMN,,1,1,1,360,CLDMSK_L2_VIIRS_NOAA20.A2022244.1654.001.2022245053215.nc
2022-09-01T18:36:00+00:00,NOAA20,DAY,AUTUMN,,1,1,1,1440,CLDMSK_L2_VIIRS_NOAA20.A2022244.1836.001.2022245075630.nc
2023-02-14T06:12:00+00:00,SNPP,NIGHT,WINTER,0,1,1,1,720,CLDMSK_L2_VIIRS_SNPP.A2023045.0612.002.2026033153105.nc
2023-02-14T07:54:00+00:00,SNPP,NIGHT,WINTER,1,1,1,1,360,CLDMSK_L2_VIIRS_SNPP.A2023045.0754.002.2026033153122.nc
2023-02-14T17:36:00+00:00,SNPP,DAY,WINTER,,0,1,1,1440,CLDMSK_L2_VIIRS_SNPP.A2023045.1736.002.2026033153217.nc
2023-02-14T19:18:00+00:00,SNPP,DAY,WINTER,,1,1,1,1080,CLDMSK_L2_VIIRS_SNPP.A2023045.1918.002.2026033153236.nc
2023-02-14T07:00:00+00:00,NOAA20,NIGHT,WINTER,0,1,1,1,0,CLDMSK_L2_VIIRS_NOAA20.A2023045.0700.001.2023233201136.nc
2023-02-14T18:24:00+00:00,NOAA20,DAY,WINTER,,0,1,1,1440,CLDMSK_L2_VIIRS_NOAA20.A2023045.1824.001.2023233201221.nc
2023-02-14T07:24:00+00:00,NOAA21,NIGHT,WINTER,0,1,1,1,1440,CLDMSK_L2_VIIRS_NOAA21.A2023045.0724.001.2024130182934.nc
2023-02-14T17:12:00+00:00,NOAA21,DAY,WINTER,,1,1,1,720,CLDMSK_L2_VIIRS_NOAA21.A2023045.1712.001.2024130183003.nc
2023-02-14T18:48:00+00:00,NOAA21,DAY,WINTER,,1,1,1,720,CLDMSK_L2_VIIRS_NOAA21.A2023045.1848.001.2024130183043.nc
2025-06-11T06:12:00+00:00,SNPP,NIGHT,SUMMER,1,0,0,0,720,CLDMSK_L2_VIIRS_SNPP.A2025162.0612.002.2026034183500.nc
2025-06-11T07:54:00+00:00,SNPP,NIGHT,SUMMER,1,0,0,1,360,CLDMSK_L2_VIIRS_SNPP.A2025162.0754.002.2026034183505.nc
2025-06-11T17:36:00+00:00,SNPP,DAY,SUMMER,,1,1,1,1440,CLDMSK_L2_VIIRS_SNPP.A2025162.1736.002.2026034183608.nc
2025-06-11T19:18:00+00:00,SNPP,DAY,SUMMER,,0,0,1,1080,CLDMSK_L2_VIIRS_SNPP.A2025162.1918.002.2026034183613.nc
2025-06-11T06:36:00+00:00,NOAA20,NIGHT,SUMMER,1,0,0,0,1440,CLDMSK_L2_VIIRS_NOAA20.A2025162.0636.001.2025162192621.nc
2025-06-11T08:12:00+00:00,NOAA20,NIGHT,SUMMER,1,0,0,1,720,CLDMSK_L2_VIIRS_NOAA20.A2025162.0812.001.2025162202630.nc
2025-06-11T18:00:00+00:00,NOAA20,DAY,SUMMER,,1,1,1,0,CLDMSK_L2_VIIRS_NOAA20.A2025162.1800.001.2025163073757.nc
2025-06-11T07:24:00+00:00,NOAA21,NIGHT,SUMMER,1,0,0,0,1440,CLDMSK_L2_VIIRS_NOAA21.A2025162.0724.001.2025162192843.nc
2025-06-11T17:12:00+00:00,NOAA21,DAY,SUMMER,,1,0,1,720,CLDMSK_L2_VIIRS_NOAA21.A2025162.1712.001.2025163013837.nc
2025-06-11T18:48:00+00:00,NOAA21,DAY,SUMMER,,1,1,1,720,CLDMSK_L2_VIIRS_NOAA21.A2025162.1848.001.2025163074032.nc
2022-05-27T06:42:00+00:00,SNPP,NIGHT,SPRING,0,0,0,0,1080,CLDMSK_L2_VIIRS_SNPP.A2022147.0642.002.2026033075405.nc
2022-05-27T18:06:00+00:00,SNPP,DAY,SPRING,,0,0,0,360,CLDMSK_L2_VIIRS_SNPP.A2022147.1806.002.2026033075519.nc
2022-05-27T07:30:00+00:00,NOAA20,NIGHT,SPRING,0,0,0,0,1800,CLDMSK_L2_VIIRS_NOAA20.A2022147.0730.001.2022147192820.nc
2022-05-27T17:18:00+00:00,NOAA20,DAY,SPRING,,0,0,0,1080,CLDMSK_L2_VIIRS_NOAA20.A2022147.1718.001.2022148015735.nc
2022-05-27T18:54:00+00:00,NOAA20,DAY,SPRING,,0,0,0,360,CLDMSK_L2_VIIRS_NOAA20.A2022147.1854.001.2022148075551.nc
2021-06-25T06:42:00+00:00,SNPP,NIGHT,SUMMER,1,0,0,0,1080,CLDMSK_L2_VIIRS_SNPP.A2021176.0642.002.2026032214103.nc
2021-06-25T18:06:00+00:00,SNPP,DAY,SUMMER,,0,0,0,360,CLDMSK_L2_VIIRS_SNPP.A2021176.1806.002.2026032214213.nc
2021-06-25T07:30:00+00:00,NOAA20,NIGHT,SUMMER,1,0,0,0,1800,CLDMSK_L2_VIIRS_NOAA20.A2021176.0730.001.2021176231858.nc
2021-06-25T17:18:00+00:00,NOAA20,DAY,SUMMER,,0,0,0,1080,CLDMSK_L2_VIIRS_NOAA20.A2021176.1718.001.2021177014441.nc
2021-06-25T18:54:00+00:00,NOAA20,DAY,SUMMER,,0,0,0,360,CLDMSK_L2_VIIRS_NOAA20.A2021176.1854.001.2021177073223.nc
2025-04-20T07:24:00+00:00,SNPP,NIGHT,SPRING,1,1,1,1,1440,CLDMSK_L2_VIIRS_SNPP.A2025110.0724.002.2026034170014.nc
2025-04-20T17:12:00+00:00,SNPP,DAY,SPRING,,0,0,0,720,CLDMSK_L2_VIIRS_SNPP.A2025110.1712.002.2026034170058.nc
2025-04-20T18:48:00+00:00,SNPP,DAY,SPRING,,0,0,0,720,CLDMSK_L2_VIIRS_SNPP.A2025110.1848.002.2026034170114.nc
2025-04-20T06:06:00+00:00,NOAA20,NIGHT,SPRING,0,1,1,1,360,CLDMSK_L2_VIIRS_NOAA20.A2025110.0606.001.2025110191431.nc
2025-04-20T07:48:00+00:00,NOAA20,NIGHT,SPRING,1,1,1,1,720,CLDMSK_L2_VIIRS_NOAA20.A2025110.0748.001.2025110200422.nc
2025-04-20T17:30:00+00:00,NOAA20,DAY,SPRING,,0,0,0,1800,CLDMSK_L2_VIIRS_NOAA20.A2025110.1730.001.2025111054454.nc
2025-04-20T19:12:00+00:00,NOAA20,DAY,SPRING,,0,0,0,720,CLDMSK_L2_VIIRS_NOAA20.A2025110.1912.001.2025111073456.nc
2025-04-20T07:00:00+00:00,NOAA21,NIGHT,SPRING,1,1,1,1,0,CLDMSK_L2_VIIRS_NOAA21.A2025110.0700.001.2025110191642.nc
2025-04-20T18:24:00+00:00,NOAA21,DAY,SPRING,,0,0,0,1440,CLDMSK_L2_VIIRS_NOAA21.A2025110.1824.001.2025111072651.nc
2022-09-22T06:30:00+00:00,SNPP,NIGHT,AUTUMN,0,0,0,0,1800,CLDMSK_L2_VIIRS_SNPP.A2022265.0630.002.2026033110245.nc
2022-09-22T08:12:00+00:00,SNPP,NIGHT,AUTUMN,0,0,0,0,720,CLDMSK_L2_VIIRS_SNPP.A2022265.0812.002.2026033110246.nc
2022-09-22T17:54:00+00:00,SNPP,DAY,AUTUMN,,0,0,0,300,CLDMSK_L2_VIIRS_SNPP.A2022265.1754.002.2026033110345.nc
2022-09-22T07:18:00+00:00,NOAA20,NIGHT,AUTUMN,0,0,0,0,1080,CLDMSK_L2_VIIRS_NOAA20.A2022265.0718.001.2022265192533.nc
2022-09-22T17:06:00+00:00,NOAA20,DAY,AUTUMN,,0,0,0,360,CLDMSK_L2_VIIRS_NOAA20.A2022265.1706.001.2022266052603.nc
2022-09-22T18:42:00+00:00,NOAA20,DAY,AUTUMN,,0,0,0,1080,CLDMSK_L2_VIIRS_NOAA20.A2022265.1842.001.2022266073636.nc
2025-04-21T07:06:00+00:00,SNPP,NIGHT,SPRING,0,0,0,0,360,CLDMSK_L2_VIIRS_SNPP.A2025111.0706.002.2026034170211.nc
2025-04-21T16:54:00+00:00,SNPP,DAY,SPRING,,0,0,0,360,CLDMSK_L2_VIIRS_SNPP.A2025111.1654.002.2026034170311.nc
2025-04-21T18:30:00+00:00,SNPP,DAY,SPRING,,0,0,0,60,CLDMSK_L2_VIIRS_SNPP.A2025111.1830.002.2026034170254.nc
2025-04-21T07:30:00+00:00,NOAA20,NIGHT,SPRING,0,0,0,0,1800,CLDMSK_L2_VIIRS_NOAA20.A2025111.0730.001.2025111194503.nc
2025-04-21T17:12:00+00:00,NOAA20,DAY,SPRING,,0,0,0,60,CLDMSK_L2_VIIRS_NOAA20.A2025111.1712.001.2025112052535.nc
2025-04-21T18:54:00+00:00,NOAA20,DAY,SPRING,,0,0,0,360,CLDMSK_L2_VIIRS_NOAA20.A2025111.1854.001.2025112073551.nc
2025-04-21T06:42:00+00:00,NOAA21,NIGHT,SPRING,0,0,0,0,1080,CLDMSK_L2_VIIRS_NOAA21.A2025111.0642.001.2025111191713.nc
2025-04-21T08:24:00+00:00,NOAA21,NIGHT,SPRING,1,0,0,0,1440,CLDMSK_L2_VIIRS_NOAA21.A2025111.0824.001.2025111191718.nc
2025-04-21T18:06:00+00:00,NOAA21,DAY,SPRING,,0,0,0,360,CLDMSK_L2_VIIRS_NOAA21.A2025111.1806.001.2025112072750.nc
2024-07-25T06:54:00+00:00,NOAA20,NIGHT,SUMMER,1,0,0,1,360,CLDMSK_L2_VIIRS_NOAA20.A2024207.0654.002.2025235230043.nc
2024-07-25T18:18:00+00:00,NOAA20,DAY,SUMMER,,0,0,0,1080,CLDMSK_L2_VIIRS_NOAA20.A2024207.1818.002.2025235230148.nc
2024-07-25T06:06:00+00:00,NOAA21,NIGHT,SUMMER,1,0,0,1,360,CLDMSK_L2_VIIRS_NOAA21.A2024207.0606.001.2024207193451.nc
2024-07-25T07:42:00+00:00,NOAA21,NIGHT,SUMMER,1,0,0,1,1080,CLDMSK_L2_VIIRS_NOAA21.A2024207.0742.001.2024207193514.nc
2024-07-25T17:30:00+00:00,NOAA21,DAY,SUMMER,,0,0,0,1800,CLDMSK_L2_VIIRS_NOAA21.A2024207.1730.001.2024208013504.nc
2024-07-25T19:12:00+00:00,NOAA21,DAY,SUMMER,,0,0,0,720,CLDMSK_L2_VIIRS_NOAA21.A2024207.1912.001.2024208073519.nc
2022-02-18T07:18:00+00:00,SNPP,NIGHT,WINTER,1,1,0,0,420,CLDMSK_L2_VIIRS_SNPP.A2022049.0718.002.2026033045549.nc
2022-02-18T17:06:00+00:00,SNPP,DAY,WINTER,,0,0,0,360,CLDMSK_L2_VIIRS_SNPP.A2022049.1706.002.2026033045646.nc
2022-02-18T18:42:00+00:00,SNPP,DAY,WINTER,,0,0,0,1080,CLDMSK_L2_VIIRS_SNPP.A2022049.1842.002.2026033045651.nc
2022-02-18T06:30:00+00:00,NOAA20,NIGHT,WINTER,1,0,0,0,780,CLDMSK_L2_VIIRS_NOAA20.A2022049.0630.001.2022049194121.nc
2022-02-18T08:06:00+00:00,NOAA20,NIGHT,WINTER,1,0,0,0,360,CLDMSK_L2_VIIRS_NOAA20.A2022049.0806.001.2022049194120.nc
2022-02-18T17:54:00+00:00,NOAA20,DAY,WINTER,,1,1,0,360,CLDMSK_L2_VIIRS_NOAA20.A2022049.1754.001.2022050012847.nc
2021-01-21T06:48:00+00:00,SNPP,NIGHT,WINTER,0,0,0,0,720,CLDMSK_L2_VIIRS_SNPP.A2021021.0648.002.2026032161219.nc
2021-01-21T08:30:00+00:00,SNPP,NIGHT,WINTER,0,0,0,0,1800,CLDMSK_L2_VIIRS_SNPP.A2021021.0830.002.2026032161223.nc
2021-01-21T18:12:00+00:00,SNPP,DAY,WINTER,,0,0,0,720,CLDMSK_L2_VIIRS_SNPP.A2021021.1812.002.2026032161334.nc
2021-01-21T07:36:00+00:00,NOAA20,NIGHT,WINTER,0,0,0,0,1440,CLDMSK_L2_VIIRS_NOAA20.A2021021.0736.001.2021021191846.nc
2021-01-21T17:24:00+00:00,NOAA20,DAY,WINTER,,0,0,0,1440,CLDMSK_L2_VIIRS_NOAA20.A2021021.1724.001.2021022011709.nc
2021-01-21T19:00:00+00:00,NOAA20,DAY,WINTER,,0,0,0,0,CLDMSK_L2_VIIRS_NOAA20.A2021021.1900.001.2021022071112.nc
2021-02-01T06:42:00+00:00,SNPP,NIGHT,WINTER,1,0,0,0,1080,CLDMSK_L2_VIIRS_SNPP.A2021032.0642.002.2026032163504.nc
2021-02-01T08:24:00+00:00,SNPP,NIGHT,WINTER,1,0,0,0,1440,CLDMSK_L2_VIIRS_SNPP.A2021032.0824.002.2026032163501.nc
2021-02-01T18:06:00+00:00,SNPP,DAY,WINTER,,1,1,0,360,CLDMSK_L2_VIIRS_SNPP.A2021032.1806.002.2026032163650.nc
2021-02-01T07:30:00+00:00,NOAA20,NIGHT,WINTER,1,0,0,0,1800,CLDMSK_L2_VIIRS_NOAA20.A2021032.0730.001.2021032191448.nc
2021-02-01T17:18:00+00:00,NOAA20,DAY,WINTER,,0,0,0,1080,CLDMSK_L2_VIIRS_NOAA20.A2021032.1718.001.2021033014204.nc
2021-02-01T18:54:00+00:00,NOAA20,DAY,WINTER,,1,0,0,360,CLDMSK_L2_VIIRS_NOAA20.A2021032.1854.001.2021033070828.nc
2024-10-31T07:30:00+00:00,SNPP,NIGHT,AUTUMN,0,0,0,1,1800,CLDMSK_L2_VIIRS_SNPP.A2024305.0730.002.2026034114253.nc
2024-10-31T17:18:00+00:00,SNPP,DAY,AUTUMN,,0,0,0,1080,CLDMSK_L2_VIIRS_SNPP.A2024305.1718.002.2026034114358.nc
2024-10-31T18:54:00+00:00,SNPP,DAY,AUTUMN,,0,0,0,360,CLDMSK_L2_VIIRS_SNPP.A2024305.1854.002.2026034114413.nc
2024-10-31T06:12:00+00:00,NOAA20,NIGHT,AUTUMN,0,0,0,1,720,CLDMSK_L2_VIIRS_NOAA20.A2024305.0612.002.2025236040126.nc
2024-10-31T07:54:00+00:00,NOAA20,NIGHT,AUTUMN,0,1,1,1,360,CLDMSK_L2_VIIRS_NOAA20.A2024305.0754.002.2025236040121.nc
2024-10-31T17:42:00+00:00,NOAA20,DAY,AUTUMN,,0,0,0,1080,CLDMSK_L2_VIIRS_NOAA20.A2024305.1742.002.2025236040208.nc
2024-10-31T19:18:00+00:00,NOAA20,DAY,AUTUMN,,0,0,0,1080,CLDMSK_L2_VIIRS_NOAA20.A2024305.1918.002.2025236040149.nc
2024-10-31T07:06:00+00:00,NOAA21,NIGHT,AUTUMN,0,1,1,1,360,CLDMSK_L2_VIIRS_NOAA21.A2024305.0706.001.2024305190948.nc
2024-10-31T16:54:00+00:00,NOAA21,DAY,AUTUMN,,0,0,0,360,CLDMSK_L2_VIIRS_NOAA21.A2024305.1654.001.2024306011011.nc
2024-10-31T18:30:00+00:00,NOAA21,DAY,AUTUMN,,0,0,0,1800,CLDMSK_L2_VIIRS_NOAA21.A2024305.1830.001.2024306074021.nc
2023-12-22T07:18:00+00:00,SNPP,NIGHT,WINTER,1,0,0,0,1080,CLDMSK_L2_VIIRS_SNPP.A2023356.0718.002.2026034020924.nc
2023-12-22T17:06:00+00:00,SNPP,DAY,WINTER,,0,0,0,360,CLDMSK_L2_VIIRS_SNPP.A2023356.1706.002.2026034021018.nc
2023-12-22T18:42:00+00:00,SNPP,DAY,WINTER,,0,0,0,1080,CLDMSK_L2_VIIRS_SNPP.A2023356.1842.002.2026034021032.nc
2023-12-22T06:30:00+00:00,NOAA20,NIGHT,WINTER,1,0,0,0,1800,CLDMSK_L2_VIIRS_NOAA20.A2023356.0630.002.2025235120633.nc
2023-12-22T08:12:00+00:00,NOAA20,NIGHT,WINTER,0,0,0,0,720,CLDMSK_L2_VIIRS_NOAA20.A2023356.0812.002.2025235120627.nc
2023-12-22T17:54:00+00:00,NOAA20,DAY,WINTER,,0,0,0,360,CLDMSK_L2_VIIRS_NOAA20.A2023356.1754.002.2025235120806.nc
2023-12-22T06:54:00+00:00,NOAA21,NIGHT,WINTER,1,0,0,0,360,CLDMSK_L2_VIIRS_NOAA21.A2023356.0654.001.2024130194018.nc
2023-12-22T18:18:00+00:00,NOAA21,DAY,WINTER,,0,0,0,1080,CLDMSK_L2_VIIRS_NOAA21.A2023356.1818.001.2024130194044.nc
2024-09-30T07:12:00+00:00,SNPP,NIGHT,AUTUMN,0,0,0,0,720,CLDMSK_L2_VIIRS_SNPP.A2024274.0712.002.2026034104545.nc
2024-09-30T16:54:00+00:00,SNPP,DAY,AUTUMN,,1,1,0,360,CLDMSK_L2_VIIRS_SNPP.A2024274.1654.002.2026034104651.nc
2024-09-30T18:36:00+00:00,SNPP,DAY,AUTUMN,,0,0,0,1440,CLDMSK_L2_VIIRS_SNPP.A2024274.1836.002.2026034104648.nc
2024-09-30T07:36:00+00:00,NOAA20,NIGHT,AUTUMN,0,0,0,0,420,CLDMSK_L2_VIIRS_NOAA20.A2024274.0736.002.2025236024512.nc
2024-09-30T17:18:00+00:00,NOAA20,DAY,AUTUMN,,0,1,0,1080,CLDMSK_L2_VIIRS_NOAA20.A2024274.1718.002.2025236024521.nc
2024-09-30T19:00:00+00:00,NOAA20,DAY,AUTUMN,,1,1,0,0,CLDMSK_L2_VIIRS_NOAA20.A2024274.1900.002.2025236024503.nc
2024-09-30T06:48:00+00:00,NOAA21,NIGHT,AUTUMN,0,0,0,0,720,CLDMSK_L2_VIIRS_NOAA21.A2024274.0648.001.2024274190333.nc
2024-09-30T08:30:00+00:00,NOAA21,NIGHT,AUTUMN,0,1,0,0,1800,CLDMSK_L2_VIIRS_NOAA21.A2024274.0830.001.2024274190339.nc
2024-09-30T18:12:00+00:00,NOAA21,DAY,AUTUMN,,1,1,1,720,CLDMSK_L2_VIIRS_NOAA21.A2024274.1812.001.2024275073418.nc
2024-08-10T06:30:00+00:00,SNPP,NIGHT,SUMMER,0,0,0,1,1800,CLDMSK_L2_VIIRS_SNPP.A2024223.0630.002.2026034091215.nc
2024-08-10T08:12:00+00:00,SNPP,NIGHT,SUMMER,0,1,1,1,720,CLDMSK_L2_VIIRS_SNPP.A2024223.0812.002.2026034091232.nc
2024-08-10T17:54:00+00:00,SNPP,DAY,SUMMER,,0,0,0,360,CLDMSK_L2_VIIRS_SNPP.A2024223.1754.002.2026034091342.nc
2024-08-10T06:54:00+00:00,NOAA20,NIGHT,SUMMER,0,0,1,1,360,CLDMSK_L2_VIIRS_NOAA20.A2024223.0654.002.2025235234500.nc
2024-08-10T18:18:00+00:00,NOAA20,DAY,SUMMER,,0,0,0,1080,CLDMSK_L2_VIIRS_NOAA20.A2024223.1818.002.2025235234804.nc
2024-08-10T06:06:00+00:00,NOAA21,NIGHT,SUMMER,0,1,0,1,360,CLDMSK_L2_VIIRS_NOAA21.A2024223.0606.001.2024223185947.nc
2024-08-10T07:42:00+00:00,NOAA21,NIGHT,SUMMER,0,1,0,1,1080,CLDMSK_L2_VIIRS_NOAA21.A2024223.0742.001.2024223185957.nc
2024-08-10T17:30:00+00:00,NOAA21,DAY,SUMMER,,0,0,0,1800,CLDMSK_L2_VIIRS_NOAA21.A2024223.1730.001.2024224013037.nc
2024-08-10T19:12:00+00:00,NOAA21,DAY,SUMMER,,0,0,0,720,CLDMSK_L2_VIIRS_NOAA21.A2024223.1912.001.2024224073020.nc
2025-03-27T06:36:00+00:00,SNPP,NIGHT,SPRING,0,1,1,1,1440,CLDMSK_L2_VIIRS_SNPP.A2025086.0636.002.2026034161611.nc
2025-03-27T08:18:00+00:00,SNPP,NIGHT,SPRING,0,1,1,1,1080,CLDMSK_L2_VIIRS_SNPP.A2025086.0818.002.2026034161610.nc
2025-03-27T18:00:00+00:00,SNPP,DAY,SPRING,,0,0,0,0,CLDMSK_L2_VIIRS_SNPP.A2025086.1800.002.2026034161718.nc
2025-03-27T07:00:00+00:00,NOAA20,NIGHT,SPRING,0,1,1,1,0,CLDMSK_L2_VIIRS_NOAA20.A2025086.0700.001.2025086192128.nc
2025-03-27T18:24:00+00:00,NOAA20,DAY,SPRING,,0,0,0,1440,CLDMSK_L2_VIIRS_NOAA20.A2025086.1824.001.2025087073108.nc
2025-03-27T06:12:00+00:00,NOAA21,NIGHT,SPRING,0,1,1,1,720,CLDMSK_L2_VIIRS_NOAA21.A2025086.0612.001.2025086190952.nc
2025-03-27T07:48:00+00:00,NOAA21,NIGHT,SPRING,0,1,1,1,720,CLDMSK_L2_VIIRS_NOAA21.A2025086.0748.001.2025086192114.nc
2025-03-27T17:36:00+00:00,NOAA21,DAY,SPRING,,0,0,0,1440,CLDMSK_L2_VIIRS_NOAA21.A2025086.1736.001.2025087014110.nc
2025-03-27T19:18:00+00:00,NOAA21,DAY,SPRING,,0,0,0,1080,CLDMSK_L2_VIIRS_NOAA21.A2025086.1918.001.2025087074104.nc
2020-08-09T06:42:00+00:00,SNPP,NIGHT,SUMMER,1,0,0,0,1080,CLDMSK_L2_VIIRS_SNPP.A2020222.0642.002.2026032110444.nc
2020-08-09T08:24:00+00:00,SNPP,NIGHT,SUMMER,1,0,0,0,1440,CLDMSK_L2_VIIRS_SNPP.A2020222.0824.002.2026032110450.nc
2020-08-09T18:06:00+00:00,SNPP,DAY,SUMMER,,0,0,0,360,CLDMSK_L2_VIIRS_SNPP.A2020222.1806.002.2026032110551.nc
2020-08-09T07:30:00+00:00,NOAA20,NIGHT,SUMMER,1,0,0,0,1800,CLDMSK_L2_VIIRS_NOAA20.A2020222.0730.001.2020294144202.nc
2020-08-09T17:18:00+00:00,NOAA20,DAY,SUMMER,,0,0,0,1080,CLDMSK_L2_VIIRS_NOAA20.A2020222.1718.001.2020294144222.nc
2020-08-09T18:54:00+00:00,NOAA20,DAY,SUMMER,,0,0,0,360,CLDMSK_L2_VIIRS_NOAA20.A2020222.1854.001.2020294144302.nc
2021-02-07T06:30:00+00:00,SNPP,NIGHT,WINTER,0,0,0,0,1800,CLDMSK_L2_VIIRS_SNPP.A2021038.0630.002.2026032172720.nc
2021-02-07T08:06:00+00:00,SNPP,NIGHT,WINTER,0,1,1,0,360,CLDMSK_L2_VIIRS_SNPP.A2021038.0806.002.2026032172734.nc
2021-02-07T17:54:00+00:00,SNPP,DAY,WINTER,,0,0,0,360,CLDMSK_L2_VIIRS_SNPP.A2021038.1754.002.2026032172824.nc
2021-02-07T07:18:00+00:00,NOAA20,NIGHT,WINTER,0,0,0,0,1080,CLDMSK_L2_VIIRS_NOAA20.A2021038.0718.001.2021038190302.nc
2021-02-07T17:06:00+00:00,NOAA20,DAY,WINTER,,0,0,0,360,CLDMSK_L2_VIIRS_NOAA20.A2021038.1706.001.2021039011113.nc
2021-02-07T18:42:00+00:00,NOAA20,DAY,WINTER,,1,0,0,1080,CLDMSK_L2_VIIRS_NOAA20.A2021038.1842.001.2021039070605.nc
2020-09-05T06:36:00+00:00,SNPP,NIGHT,AUTUMN,1,0,0,0,480,CLDMSK_L2_VIIRS_SNPP.A2020249.0636.002.2026032115422.nc
2020-09-05T08:18:00+00:00,SNPP,NIGHT,AUTUMN,1,0,0,1,1080,CLDMSK_L2_VIIRS_SNPP.A2020249.0818.002.2026032115434.nc
2020-09-05T18:00:00+00:00,SNPP,DAY,AUTUMN,,0,0,0,0,CLDMSK_L2_VIIRS_SNPP.A2020249.1800.002.2026032115527.nc
2020-09-05T07:24:00+00:00,NOAA20,NIGHT,AUTUMN,1,0,0,0,1440,CLDMSK_L2_VIIRS_NOAA20.A2020249.0724.001.2020294135902.nc
2020-09-05T17:12:00+00:00,NOAA20,DAY,AUTUMN,,0,0,0,720,CLDMSK_L2_VIIRS_NOAA20.A2020249.1712.001.2020294140052.nc
2020-09-05T18:48:00+00:00,NOAA20,DAY,AUTUMN,,0,0,0,720,CLDMSK_L2_VIIRS_NOAA20.A2020249.1848.001.2020294140019.nc
2024-07-07T07:06:00+00:00,SNPP,NIGHT,SUMMER,0,1,0,1,360,CLDMSK_L2_VIIRS_SNPP.A2024189.0706.002.2026034081133.nc
2024-07-07T16:48:00+00:00,SNPP,DAY,SUMMER,,0,0,0,720,CLDMSK_L2_VIIRS_SNPP.A2024189.1648.002.2026034081239.nc
2024-07-07T18:30:00+00:00,SNPP,DAY,SUMMER,,1,1,0,1800,CLDMSK_L2_VIIRS_SNPP.A2024189.1830.002.2026034081248.nc
2024-07-07T07:30:00+00:00,NOAA20,NIGHT,SUMMER,0,0,1,1,1800,CLDMSK_L2_VIIRS_NOAA20.A2024189.0730.002.2025235221328.nc
2024-07-07T17:18:00+00:00,NOAA20,DAY,SUMMER,,0,0,0,1080,CLDMSK_L2_VIIRS_NOAA20.A2024189.1718.002.2025235221457.nc
2024-07-07T18:54:00+00:00,NOAA20,DAY,SUMMER,,1,0,0,360,CLDMSK_L2_VIIRS_NOAA20.A2024189.1854.002.2025235221525.nc
2024-07-07T06:42:00+00:00,NOAA21,NIGHT,SUMMER,0,0,0,1,1080,CLDMSK_L2_VIIRS_NOAA21.A2024189.0642.001.2024189190218.nc
2024-07-07T18:06:00+00:00,NOAA21,DAY,SUMMER,,1,1,0,360,CLDMSK_L2_VIIRS_NOAA21.A2024189.1806.001.2024190073245.nc
2023-10-21T06:42:00+00:00,SNPP,NIGHT,AUTUMN,0,0,0,0,1080,CLDMSK_L2_VIIRS_SNPP.A2023294.0642.002.2026034001500.nc
2023-10-21T08:24:00+00:00,SNPP,NIGHT,AUTUMN,0,1,0,0,1440,CLDMSK_L2_VIIRS_SNPP.A2023294.0824.002.2026034001515.nc
2023-10-21T18:06:00+00:00,SNPP,DAY,AUTUMN,,0,0,0,360,CLDMSK_L2_VIIRS_SNPP.A2023294.1806.002.2026034001636.nc
2023-10-21T07:30:00+00:00,NOAA20,NIGHT,AUTUMN,0,0,0,0,1800,CLDMSK_L2_VIIRS_NOAA20.A2023294.0730.002.2025235085025.nc
2023-10-21T17:18:00+00:00,NOAA20,DAY,AUTUMN,,0,0,0,1080,CLDMSK_L2_VIIRS_NOAA20.A2023294.1718.002.2025235085152.nc
2023-10-21T18:54:00+00:00,NOAA20,DAY,AUTUMN,,0,0,0,360,CLDMSK_L2_VIIRS_NOAA20.A2023294.1854.002.2025235085151.nc
2023-10-21T06:12:00+00:00,NOAA21,NIGHT,AUTUMN,0,0,0,0,720,CLDMSK_L2_VIIRS_NOAA21.A2023294.0612.001.2024130192526.nc
2023-10-21T07:54:00+00:00,NOAA21,NIGHT,AUTUMN,0,1,1,0,360,CLDMSK_L2_VIIRS_NOAA21.A2023294.0754.001.2024130192515.nc
2023-10-21T17:36:00+00:00,NOAA21,DAY,AUTUMN,,0,0,0,1440,CLDMSK_L2_VIIRS_NOAA21.A2023294.1736.001.2024130192553.nc
2023-10-21T19:18:00+00:00,NOAA21,DAY,AUTUMN,,0,0,0,1080,CLDMSK_L2_VIIRS_NOAA21.A2023294.1918.001.2024130192623.nc
2021-03-23T06:00:00+00:00,SNPP,NIGHT,SPRING,1,0,0,0,0,CLDMSK_L2_VIIRS_SNPP.A2021082.0600.002.2026032184728.nc
2021-03-23T07:42:00+00:00,SNPP,NIGHT,SPRING,1,0,0,0,1080,CLDMSK_L2_VIIRS_SNPP.A2021082.0742.002.2026032184728.nc
2021-03-23T17:30:00+00:00,SNPP,DAY,SPRING,,0,0,0,1800,CLDMSK_L2_VIIRS_SNPP.A2021082.1730.002.2026032184834.nc
2021-03-23T19:06:00+00:00,SNPP,DAY,SPRING,,0,0,0,360,CLDMSK_L2_VIIRS_SNPP.A2021082.1906.002.2026032184845.nc
2021-03-23T06:54:00+00:00,NOAA20,NIGHT,SPRING,1,0,0,0,360,CLDMSK_L2_VIIRS_NOAA20.A2021082.0654.001.2021082193348.nc
2021-03-23T08:36:00+00:00,NOAA20,NIGHT,SPRING,1,0,0,0,1440,CLDMSK_L2_VIIRS_NOAA20.A2021082.0836.001.2021082193410.nc
2021-03-23T18:18:00+00:00,NOAA20,DAY,SPRING,,0,0,0,1080,CLDMSK_L2_VIIRS_NOAA20.A2021082.1818.001.2021083114540.nc
2022-10-15T06:00:00+00:00,SNPP,NIGHT,AUTUMN,1,0,0,0,0,CLDMSK_L2_VIIRS_SNPP.A2022288.0600.002.2026033114450.nc
2022-10-15T07:36:00+00:00,SNPP,NIGHT,AUTUMN,1,0,0,0,1440,CLDMSK_L2_VIIRS_SNPP.A2022288.0736.002.2026033114500.nc
2022-10-15T17:24:00+00:00,SNPP,DAY,AUTUMN,,0,0,0,1440,CLDMSK_L2_VIIRS_SNPP.A2022288.1724.002.2026033114556.nc
2022-10-15T19:06:00+00:00,SNPP,DAY,AUTUMN,,0,0,0,360,CLDMSK_L2_VIIRS_SNPP.A2022288.1906.002.2026033114607.nc
2022-10-15T08:30:00+00:00,NOAA20,NIGHT,AUTUMN,1,0,0,0,1800,CLDMSK_L2_VIIRS_NOAA20.A2022288.0830.001.2022288204739.nc
2022-10-15T18:12:00+00:00,NOAA20,DAY,AUTUMN,,0,0,0,720,CLDMSK_L2_VIIRS_NOAA20.A2022288.1812.001.2022289072815.nc
2022-02-23T07:24:00+00:00,SNPP,NIGHT,WINTER,1,1,0,0,1440,CLDMSK_L2_VIIRS_SNPP.A2022054.0724.002.2026033050455.nc
2022-02-23T17:12:00+00:00,SNPP,DAY,WINTER,,0,0,,,CLDMSK_L2_VIIRS_SNPP.A2022054.1712.002.2026033050559.nc
2022-02-23T18:48:00+00:00,SNPP,DAY,WINTER,,0,0,0,720,CLDMSK_L2_VIIRS_SNPP.A2022054.1848.002.2026033050559.nc
2022-02-23T06:36:00+00:00,NOAA20,NIGHT,WINTER,1,1,1,0,780,CLDMSK_L2_VIIRS_NOAA20.A2022054.0636.001.2022054192812.nc
2022-02-23T08:18:00+00:00,NOAA20,NIGHT,WINTER,1,0,0,0,960,CLDMSK_L2_VIIRS_NOAA20.A2022054.0818.001.2022054192808.nc
2022-02-23T18:00:00+00:00,NOAA20,DAY,WINTER,,0,0,0,0,CLDMSK_L2_VIIRS_NOAA20.A2022054.1800.001.2022055072443.nc
2025-01-11T06:42:00+00:00,SNPP,NIGHT,WINTER,1,0,0,0,1080,CLDMSK_L2_VIIRS_SNPP.A2025011.0642.002.2026034135530.nc
2025-01-11T08:24:00+00:00,SNPP,NIGHT,WINTER,1,0,0,0,1440,CLDMSK_L2_VIIRS_SNPP.A2025011.0824.002.2026034135545.nc
2025-01-11T18:06:00+00:00,SNPP,DAY,WINTER,,0,0,0,360,CLDMSK_L2_VIIRS_SNPP.A2025011.1806.002.2026034135633.nc
2025-01-11T07:06:00+00:00,NOAA20,NIGHT,WINTER,1,0,0,0,360,CLDMSK_L2_VIIRS_NOAA20.A2025011.0706.001.2025011192642.nc
2025-01-11T16:48:00+00:00,NOAA20,DAY,WINTER,,1,1,0,420,CLDMSK_L2_VIIRS_NOAA20.A2025011.1648.001.2025012050710.nc
2025-01-11T18:30:00+00:00,NOAA20,DAY,WINTER,,0,0,0,1800,CLDMSK_L2_VIIRS_NOAA20.A2025011.1830.001.2025012072721.nc
2025-01-11T06:18:00+00:00,NOAA21,NIGHT,WINTER,1,0,0,0,1080,CLDMSK_L2_VIIRS_NOAA21.A2025011.0618.001.2025011191015.nc
2025-01-11T08:00:00+00:00,NOAA21,NIGHT,WINTER,1,0,0,0,0,CLDMSK_L2_VIIRS_NOAA21.A2025011.0800.001.2025011191019.nc
2025-01-11T17:42:00+00:00,NOAA21,DAY,WINTER,,0,0,0,1080,CLDMSK_L2_VIIRS_NOAA21.A2025011.1742.001.2025012011049.nc
2025-01-11T19:24:00+00:00,NOAA21,DAY,WINTER,,0,0,0,1440,CLDMSK_L2_VIIRS_NOAA21.A2025011.1924.001.2025012073106.nc
2021-07-28T06:24:00+00:00,SNPP,NIGHT,SUMMER,1,0,0,1,1440,CLDMSK_L2_VIIRS_SNPP.A2021209.0624.002.2026032224134.nc
2021-07-28T08:06:00+00:00,SNPP,NIGHT,SUMMER,1,0,0,0,360,CLDMSK_L2_VIIRS_SNPP.A2021209.0806.002.2026032224140.nc
2021-07-28T17:48:00+00:00,SNPP,DAY,SUMMER,,1,1,0,720,CLDMSK_L2_VIIRS_SNPP.A2021209.1748.002.2026032224239.nc
2021-07-28T07:12:00+00:00,NOAA20,NIGHT,SUMMER,1,0,0,1,720,CLDMSK_L2_VIIRS_NOAA20.A2021209.0712.001.2021209194426.nc
2021-07-28T17:00:00+00:00,NOAA20,DAY,SUMMER,,0,0,0,0,CLDMSK_L2_VIIRS_NOAA20.A2021209.1700.001.2021210014220.nc
2021-07-28T18:36:00+00:00,NOAA20,DAY,SUMMER,,0,0,1,1440,CLDMSK_L2_VIIRS_NOAA20.A2021209.1836.001.2021210073556.nc
2022-01-21T06:06:00+00:00,SNPP,NIGHT,WINTER,1,1,1,1,360,CLDMSK_L2_VIIRS_SNPP.A2022021.0606.002.2026033040408.nc
2022-01-21T07:42:00+00:00,SNPP,NIGHT,WINTER,1,1,1,1,1080,CLDMSK_L2_VIIRS_SNPP.A2022021.0742.002.2026033040430.nc
2022-01-21T17:30:00+00:00,SNPP,DAY,WINTER,,0,0,1,1800,CLDMSK_L2_VIIRS_SNPP.A2022021.1730.002.2026033040515.nc
2022-01-21T19:12:00+00:00,SNPP,DAY,WINTER,,0,0,1,720,CLDMSK_L2_VIIRS_SNPP.A2022021.1912.002.2026033040531.nc
2022-01-21T06:54:00+00:00,NOAA20,NIGHT,WINTER,1,0,0,1,360,CLDMSK_L2_VIIRS_NOAA20.A2022021.0654.001.2022021192349.nc
2022-01-21T08:30:00+00:00,NOAA20,NIGHT,WINTER,1,0,0,1,1800,CLDMSK_L2_VIIRS_NOAA20.A2022021.0830.001.2022021192334.nc
2022-01-21T18:18:00+00:00,NOAA20,DAY,WINTER,,0,0,1,1080,CLDMSK_L2_VIIRS_NOAA20.A2022021.1818.001.2022022072045.nc
2025-03-09T07:12:00+00:00,SNPP,NIGHT,SPRING,1,0,0,0,720,CLDMSK_L2_VIIRS_SNPP.A2025068.0712.002.2026034154116.nc
2025-03-09T17:00:00+00:00,SNPP,DAY,SPRING,,0,0,1,0,CLDMSK_L2_VIIRS_SNPP.A2025068.1700.002.2026034154216.nc
2025-03-09T18:36:00+00:00,SNPP,DAY,SPRING,,0,0,0,1440,CLDMSK_L2_VIIRS_SNPP.A2025068.1836.002.2026034154205.nc
2025-03-09T07:36:00+00:00,NOAA20,NIGHT,SPRING,1,1,0,1,1440,CLDMSK_L2_VIIRS_NOAA20.A2025068.0736.001.2025068195523.nc
2025-03-09T17:18:00+00:00,NOAA20,DAY,SPRING,,0,0,1,1080,CLDMSK_L2_VIIRS_NOAA20.A2025068.1718.001.2025069053557.nc
2025-03-09T19:00:00+00:00,NOAA20,DAY,SPRING,,0,0,0,0,CLDMSK_L2_VIIRS_NOAA20.A2025068.1900.001.2025069072615.nc
2025-03-09T06:48:00+00:00,NOAA21,NIGHT,SPRING,1,0,0,0,720,CLDMSK_L2_VIIRS_NOAA21.A2025068.0648.001.2025068191740.nc
2025-03-09T08:30:00+00:00,NOAA21,NIGHT,SPRING,1,1,1,1,1800,CLDMSK_L2_VIIRS_NOAA21.A2025068.0830.001.2025068191749.nc
2025-03-09T18:12:00+00:00,NOAA21,DAY,SPRING,,0,0,1,720,CLDMSK_L2_VIIRS_NOAA21.A2025068.1812.001.2025069072823.nc
2022-10-20T06:06:00+00:00,SNPP,NIGHT,AUTUMN,0,0,0,0,360,CLDMSK_L2_VIIRS_SNPP.A2022293.0606.002.2026033115408.nc
2022-10-20T07:48:00+00:00,SNPP,NIGHT,AUTUMN,1,0,0,0,720,CLDMSK_L2_VIIRS_SNPP.A2022293.0748.002.2026033115412.nc
2022-10-20T17:30:00+00:00,SNPP,DAY,AUTUMN,,0,0,0,1800,CLDMSK_L2_VIIRS_SNPP.A2022293.1730.002.2026033115517.nc
2022-10-20T19:12:00+00:00,SNPP,DAY,AUTUMN,,0,0,0,720,CLDMSK_L2_VIIRS_SNPP.A2022293.1912.002.2026033115510.nc
2022-10-20T06:54:00+00:00,NOAA20,NIGHT,AUTUMN,1,0,0,0,360,CLDMSK_L2_VIIRS_NOAA20.A2022293.0654.001.2022293191252.nc
2022-10-20T18:18:00+00:00,NOAA20,DAY,AUTUMN,,0,0,0,840,CLDMSK_L2_VIIRS_NOAA20.A2022293.1818.001.2022294072222.nc
2020-11-04T06:12:00+00:00,SNPP,NIGHT,AUTUMN,1,1,1,1,720,CLDMSK_L2_VIIRS_SNPP.A2020309.0612.002.2026032134514.nc
2020-11-04T07:48:00+00:00,SNPP,NIGHT,AUTUMN,1,1,1,1,720,CLDMSK_L2_VIIRS_SNPP.A2020309.0748.002.2026032134525.nc
2020-11-04T17:36:00+00:00,SNPP,DAY,AUTUMN,,1,1,1,1440,CLDMSK_L2_VIIRS_SNPP.A2020309.1736.002.2026032134642.nc
2020-11-04T19:18:00+00:00,SNPP,DAY,AUTUMN,,1,0,1,1080,CLDMSK_L2_VIIRS_SNPP.A2020309.1918.002.2026032134658.nc
2020-11-04T07:00:00+00:00,NOAA20,NIGHT,AUTUMN,1,1,1,1,0,CLDMSK_L2_VIIRS_NOAA20.A2020309.0700.001.2020309191428.nc
2020-11-04T18:24:00+00:00,NOAA20,DAY,AUTUMN,,0,0,1,1440,CLDMSK_L2_VIIRS_NOAA20.A2020309.1824.001.2020310071517.nc
2024-12-20T06:54:00+00:00,SNPP,NIGHT,WINTER,1,0,0,0,360,CLDMSK_L2_VIIRS_SNPP.A2024355.0654.002.2026034131513.nc
2024-12-20T08:36:00+00:00,SNPP,NIGHT,WINTER,1,0,0,0,1440,CLDMSK_L2_VIIRS_SNPP.A2024355.0836.002.2026034131519.nc
2024-12-20T18:18:00+00:00,SNPP,DAY,WINTER,,0,0,0,1080,CLDMSK_L2_VIIRS_SNPP.A2024355.1818.002.2026034131625.nc
2024-12-20T07:18:00+00:00,NOAA20,NIGHT,WINTER,1,0,0,0,1080,CLDMSK_L2_VIIRS_NOAA20.A2024355.0718.002.2025236060324.nc
2024-12-20T17:00:00+00:00,NOAA20,DAY,WINTER,,0,0,0,0,CLDMSK_L2_VIIRS_NOAA20.A2024355.1700.001.2024356052125.nc
2024-12-20T18:42:00+00:00,NOAA20,DAY,WINTER,,0,0,0,1080,CLDMSK_L2_VIIRS_NOAA20.A2024355.1842.001.2024356072146.nc
2024-12-20T06:30:00+00:00,NOAA21,NIGHT,WINTER,1,0,0,0,1800,CLDMSK_L2_VIIRS_NOAA21.A2024355.0630.001.2024355191444.nc
2024-12-20T08:12:00+00:00,NOAA21,NIGHT,WINTER,1,0,0,0,720,CLDMSK_L2_VIIRS_NOAA21.A2024355.0812.001.2024355191450.nc
2024-12-20T17:54:00+00:00,NOAA21,DAY,WINTER,,0,0,0,360,CLDMSK_L2_VIIRS_NOAA21.A2024355.1754.001.2024356011516.nc
2021-02-05T07:06:00+00:00,SNPP,NIGHT,WINTER,1,1,0,0,360,CLDMSK_L2_VIIRS_SNPP.A2021036.0706.002.2026032172323.nc
2021-02-05T16:48:00+00:00,SNPP,DAY,WINTER,,0,0,0,720,CLDMSK_L2_VIIRS_SNPP.A2021036.1648.002.2026032172430.nc
2021-02-05T18:30:00+00:00,SNPP,DAY,WINTER,,0,0,0,1800,CLDMSK_L2_VIIRS_SNPP.A2021036.1830.002.2026032172435.nc
2021-02-05T06:18:00+00:00,NOAA20,NIGHT,WINTER,0,0,0,0,660,CLDMSK_L2_VIIRS_NOAA20.A2021036.0618.001.2021036213344.nc
2021-02-05T07:54:00+00:00,NOAA20,NIGHT,WINTER,1,0,0,0,360,CLDMSK_L2_VIIRS_NOAA20.A2021036.0754.001.2021036213504.nc
2021-02-05T17:42:00+00:00,NOAA20,DAY,WINTER,,0,0,0,1080,CLDMSK_L2_VIIRS_NOAA20.A2021036.1742.001.2021037012429.nc
2021-02-05T19:24:00+00:00,NOAA20,DAY,WINTER,,0,0,0,1440,CLDMSK_L2_VIIRS_NOAA20.A2021036.1924.001.2021037122621.nc
2020-07-26T06:06:00+00:00,SNPP,NIGHT,SUMMER,0,1,0,1,360,CLDMSK_L2_VIIRS_SNPP.A2020208.0606.002.2026032103836.nc
2020-07-26T07:42:00+00:00,SNPP,NIGHT,SUMMER,0,0,0,1,1080,CLDMSK_L2_VIIRS_SNPP.A2020208.0742.002.2026032103859.nc
2020-07-26T17:30:00+00:00,SNPP,DAY,SUMMER,,1,0,0,1800,CLDMSK_L2_VIIRS_SNPP.A2020208.1730.002.2026032103946.nc
2020-07-26T19:06:00+00:00,SNPP,DAY,SUMMER,,0,0,0,360,CLDMSK_L2_VIIRS_SNPP.A2020208.1906.002.2026032103953.nc
2020-07-26T06:54:00+00:00,NOAA20,NIGHT,SUMMER,0,1,1,1,360,CLDMSK_L2_VIIRS_NOAA20.A2020208.0654.001.2020294150404.nc
2020-07-26T18:18:00+00:00,NOAA20,DAY,SUMMER,,0,0,0,1080,CLDMSK_L2_VIIRS_NOAA20.A2020208.1818.001.2020294150603.nc
2020-03-01T07:00:00+00:00,SNPP,NIGHT,SPRING,0,1,1,1,0,CLDMSK_L2_VIIRS_SNPP.A2020061.0700.002.2026032050756.nc
2020-03-01T18:24:00+00:00,SNPP,DAY,SPRING,,1,0,1,1440,CLDMSK_L2_VIIRS_SNPP.A2020061.1824.002.2026032050924.nc
2020-03-01T06:12:00+00:00,NOAA20,NIGHT,SPRING,0,1,0,1,720,CLDMSK_L2_VIIRS_NOAA20.A2020061.0612.001.2020294220009.nc
2020-03-01T07:48:00+00:00,NOAA20,NIGHT,SPRING,0,0,0,1,720,CLDMSK_L2_VIIRS_NOAA20.A2020061.0748.001.2020294220005.nc
2020-03-01T17:36:00+00:00,NOAA20,DAY,SPRING,,0,0,1,1440,CLDMSK_L2_VIIRS_NOAA20.A2020061.1736.001.2020294220056.nc
2020-03-01T19:18:00+00:00,NOAA20,DAY,SPRING,,0,0,0,1080,CLDMSK_L2_VIIRS_NOAA20.A2020061.1918.001.2020294220203.nc
2021-01-17T06:24:00+00:00,SNPP,NIGHT,WINTER,0,0,0,0,1440,CLDMSK_L2_VIIRS_SNPP.A2021017.0624.002.2026032160441.nc
2021-01-17T08:00:00+00:00,SNPP,NIGHT,WINTER,0,0,0,0,0,CLDMSK_L2_VIIRS_SNPP.A2021017.0800.002.2026032160451.nc
2021-01-17T17:48:00+00:00,SNPP,DAY,WINTER,,0,0,0,720,CLDMSK_L2_VIIRS_SNPP.A2021017.1748.002.2026032160601.nc
2021-01-17T07:12:00+00:00,NOAA20,NIGHT,WINTER,0,0,0,0,720,CLDMSK_L2_VIIRS_NOAA20.A2021017.0712.001.2021017231252.nc
2021-01-17T16:54:00+00:00,NOAA20,DAY,WINTER,,0,0,0,360,CLDMSK_L2_VIIRS_NOAA20.A2021017.1654.001.2021018011526.nc
2021-01-17T17:00:00+00:00,NOAA20,DAY,WINTER,,0,0,0,0,CLDMSK_L2_VIIRS_NOAA20.A2021017.1700.001.2021018011525.nc
2021-01-17T18:36:00+00:00,NOAA20,DAY,WINTER,,0,0,0,1440,CLDMSK_L2_VIIRS_NOAA20.A2021017.1836.001.2021018070754.nc
2022-08-26T06:36:00+00:00,SNPP,NIGHT,SUMMER,0,0,0,0,1440,CLDMSK_L2_VIIRS_SNPP.A2022238.0636.002.2026033101318.nc
2022-08-26T08:18:00+00:00,SNPP,NIGHT,SUMMER,0,0,0,0,840,CLDMSK_L2_VIIRS_SNPP.A2022238.0818.002.2026033101335.nc
2022-08-26T18:00:00+00:00,SNPP,DAY,SUMMER,,0,0,0,0,CLDMSK_L2_VIIRS_SNPP.A2022238.1800.002.2026033101427.nc
2022-08-26T07:24:00+00:00,NOAA20,NIGHT,SUMMER,0,0,0,0,1440,CLDMSK_L2_VIIRS_NOAA20.A2022238.0724.001.2022238194332.nc
2022-08-26T17:12:00+00:00,NOAA20,DAY,SUMMER,,0,0,0,720,CLDMSK_L2_VIIRS_NOAA20.A2022238.1712.001.2022239053519.nc
2022-08-26T18:48:00+00:00,NOAA20,DAY,SUMMER,,0,0,0,720,CLDMSK_L2_VIIRS_NOAA20.A2022238.1848.001.2022239074839.nc
2021-11-12T06:18:00+00:00,SNPP,NIGHT,AUTUMN,0,0,0,0,1080,CLDMSK_L2_VIIRS_SNPP.A2021316.0618.002.2026033015601.nc
2021-11-12T08:00:00+00:00,SNPP,NIGHT,AUTUMN,0,0,0,0,0,CLDMSK_L2_VIIRS_SNPP.A2021316.0800.002.2026033015559.nc
2021-11-12T17:42:00+00:00,SNPP,DAY,AUTUMN,,0,0,0,1080,CLDMSK_L2_VIIRS_SNPP.A2021316.1742.002.2026033015719.nc
2021-11-12T19:24:00+00:00,SNPP,DAY,AUTUMN,,1,0,0,1440,CLDMSK_L2_VIIRS_SNPP.A2021316.1924.002.2026033015717.nc
2021-11-12T07:06:00+00:00,NOAA20,NIGHT,AUTUMN,0,0,0,0,360,CLDMSK_L2_VIIRS_NOAA20.A2021316.0706.001.2021316192643.nc
2021-11-12T16:48:00+00:00,NOAA20,DAY,AUTUMN,,0,0,0,720,CLDMSK_L2_VIIRS_NOAA20.A2021316.1648.001.2021317013248.nc
2021-11-12T18:30:00+00:00,NOAA20,DAY,AUTUMN,,0,0,0,420,CLDMSK_L2_VIIRS_NOAA20.A2021316.1830.001.2021317073023.nc
2024-07-22T07:24:00+00:00,SNPP,NIGHT,SUMMER,1,0,0,1,1440,CLDMSK_L2_VIIRS_SNPP.A2024204.0724.002.2026034083853.nc
2024-07-22T17:12:00+00:00,SNPP,DAY,SUMMER,,1,1,0,720,CLDMSK_L2_VIIRS_SNPP.A2024204.1712.002.2026034083953.nc
2024-07-22T18:48:00+00:00,SNPP,DAY,SUMMER,,0,0,0,720,CLDMSK_L2_VIIRS_SNPP.A2024204.1848.002.2026034084007.nc
2024-07-22T06:12:00+00:00,NOAA20,NIGHT,SUMMER,1,0,0,1,720,CLDMSK_L2_VIIRS_NOAA20.A2024204.0612.002.2025235225325.nc
2024-07-22T07:48:00+00:00,NOAA20,NIGHT,SUMMER,1,0,0,1,720,CLDMSK_L2_VIIRS_NOAA20.A2024204.0748.002.2025235225412.nc
2024-07-22T17:36:00+00:00,NOAA20,DAY,SUMMER,,1,1,0,1440,CLDMSK_L2_VIIRS_NOAA20.A2024204.1736.002.2025235225446.nc
2024-07-22T19:12:00+00:00,NOAA20,DAY,SUMMER,,0,0,0,720,CLDMSK_L2_VIIRS_NOAA20.A2024204.1912.002.2025235225600.nc
2024-07-22T07:00:00+00:00,NOAA21,NIGHT,SUMMER,1,1,1,1,0,CLDMSK_L2_VIIRS_NOAA21.A2024204.0700.001.2024204190812.nc
2024-07-22T18:24:00+00:00,NOAA21,DAY,SUMMER,,1,1,0,1440,CLDMSK_L2_VIIRS_NOAA21.A2024204.1824.001.2024205073808.nc
2025-06-12T07:36:00+00:00,SNPP,NIGHT,SUMMER,1,0,0,0,1440,CLDMSK_L2_VIIRS_SNPP.A2025163.0736.002.2026034183647.nc
2025-06-12T19:00:00+00:00,SNPP,DAY,SUMMER,,1,1,1,0,CLDMSK_L2_VIIRS_SNPP.A2025163.1900.002.2026034183814.nc
2025-06-12T06:12:00+00:00,NOAA20,NIGHT,SUMMER,1,0,0,0,720,CLDMSK_L2_VIIRS_NOAA20.A2025163.0612.001.2025163192842.nc
2025-06-12T07:54:00+00:00,NOAA20,NIGHT,SUMMER,1,0,0,0,360,CLDMSK_L2_VIIRS_NOAA20.A2025163.0754.001.2025163200856.nc
2025-06-12T17:42:00+00:00,NOAA20,DAY,SUMMER,,1,1,1,1080,CLDMSK_L2_VIIRS_NOAA20.A2025163.1742.001.2025164055950.nc
2025-06-12T19:18:00+00:00,NOAA20,DAY,SUMMER,,0,0,1,1080,CLDMSK_L2_VIIRS_NOAA20.A2025163.1918.001.2025164073956.nc
2025-06-12T07:06:00+00:00,NOAA21,NIGHT,SUMMER,1,0,0,1,360,CLDMSK_L2_VIIRS_NOAA21.A2025163.0706.001.2025163193051.nc
2025-06-12T16:54:00+00:00,NOAA21,DAY,SUMMER,,1,1,1,360,CLDMSK_L2_VIIRS_NOAA21.A2025163.1654.001.2025164013132.nc
2025-06-12T18:30:00+00:00,NOAA21,DAY,SUMMER,,1,1,1,1800,CLDMSK_L2_VIIRS_NOAA21.A2025163.1830.001.2025164073138.nc
2025-05-25T06:30:00+00:00,SNPP,NIGHT,SPRING,0,0,0,1,1800,CLDMSK_L2_VIIRS_SNPP.A2025145.0630.002.2026034180415.nc
2025-05-25T08:12:00+00:00,SNPP,NIGHT,SPRING,0,1,1,1,720,CLDMSK_L2_VIIRS_SNPP.A2025145.0812.002.2026034180416.nc
2025-05-25T17:54:00+00:00,SNPP,DAY,SPRING,,0,0,0,360,CLDMSK_L2_VIIRS_SNPP.A2025145.1754.002.2026034180502.nc
2025-05-25T06:54:00+00:00,NOAA20,NIGHT,SPRING,0,1,0,1,360,CLDMSK_L2_VIIRS_NOAA20.A2025145.0654.001.2025145191017.nc
2025-05-25T18:18:00+00:00,NOAA20,DAY,SPRING,,0,0,0,600,CLDMSK_L2_VIIRS_NOAA20.A2025145.1818.001.2025146074044.nc
2025-05-25T06:06:00+00:00,NOAA21,NIGHT,SPRING,0,0,0,1,360,CLDMSK_L2_VIIRS_NOAA21.A2025145.0606.001.2025145191130.nc
2025-05-25T07:42:00+00:00,NOAA21,NIGHT,SPRING,0,1,1,1,1080,CLDMSK_L2_VIIRS_NOAA21.A2025145.0742.001.2025145191131.nc
2025-05-25T17:30:00+00:00,NOAA21,DAY,SPRING,,0,0,0,1800,CLDMSK_L2_VIIRS_NOAA21.A2025145.1730.001.2025146015215.nc
2025-05-25T19:12:00+00:00,NOAA21,DAY,SPRING,,0,0,0,720,CLDMSK_L2_VIIRS_NOAA21.A2025145.1912.001.2025146074214.nc
2022-05-25T07:18:00+00:00,SNPP,NIGHT,SPRING,0,0,0,0,1080,CLDMSK_L2_VIIRS_SNPP.A2022145.0718.002.2026033075018.nc
2022-05-25T17:00:00+00:00,SNPP,DAY,SPRING,,0,0,0,0,CLDMSK_L2_VIIRS_SNPP.A2022145.1700.002.2026033075126.nc
2022-05-25T18:42:00+00:00,SNPP,DAY,SPRING,,0,0,0,1080,CLDMSK_L2_VIIRS_SNPP.A2022145.1842.002.2026033075137.nc
2022-05-25T06:30:00+00:00,NOAA20,NIGHT,SPRING,0,0,0,0,1800,CLDMSK_L2_VIIRS_NOAA20.A2022145.0630.001.2022145194844.nc
2022-05-25T08:12:00+00:00,NOAA20,NIGHT,SPRING,0,0,0,1,720,CLDMSK_L2_VIIRS_NOAA20.A2022145.0812.001.2022145194829.nc
2022-05-25T17:54:00+00:00,NOAA20,DAY,SPRING,,0,0,0,360,CLDMSK_L2_VIIRS_NOAA20.A2022145.1754.001.2022146015317.nc
2024-06-30T07:36:00+00:00,SNPP,NIGHT,SUMMER,1,1,1,1,1440,CLDMSK_L2_VIIRS_SNPP.A2024182.0736.002.2026034075904.nc
2024-06-30T17:24:00+00:00,SNPP,DAY,SUMMER,,0,0,0,1440,CLDMSK_L2_VIIRS_SNPP.A2024182.1724.002.2026034075948.nc
2024-06-30T19:00:00+00:00,SNPP,DAY,SUMMER,,0,0,0,0,CLDMSK_L2_VIIRS_SNPP.A2024182.1900.002.2026034080008.nc
2024-06-30T06:24:00+00:00,NOAA20,NIGHT,SUMMER,1,1,1,0,1440,CLDMSK_L2_VIIRS_NOAA20.A2024182.0624.002.2025235214309.nc
2024-06-30T08:00:00+00:00,NOAA20,NIGHT,SUMMER,1,1,0,1,0,CLDMSK_L2_VIIRS_NOAA20.A2024182.0800.002.2025235214329.nc
2024-06-30T17:48:00+00:00,NOAA20,DAY,SUMMER,,0,0,0,720,CLDMSK_L2_VIIRS_NOAA20.A2024182.1748.002.2025235214625.nc
2024-06-30T07:12:00+00:00,NOAA21,NIGHT,SUMMER,1,1,1,1,720,CLDMSK_L2_VIIRS_NOAA21.A2024182.0712.001.2024182190407.nc
2024-06-30T16:54:00+00:00,NOAA21,DAY,SUMMER,,0,0,0,360,CLDMSK_L2_VIIRS_NOAA21.A2024182.1654.001.2024183013435.nc
2024-06-30T17:00:00+00:00,NOAA21,DAY,SUMMER,,0,0,0,0,CLDMSK_L2_VIIRS_NOAA21.A2024182.1700.001.2024183013435.nc
2024-06-30T18:36:00+00:00,NOAA21,DAY,SUMMER,,0,0,0,540,CLDMSK_L2_VIIRS_NOAA21.A2024182.1836.001.2024183073433.nc
2020-08-28T07:24:00+00:00,SNPP,NIGHT,SUMMER,0,0,0,0,1440,CLDMSK_L2_VIIRS_SNPP.A2020241.0724.002.2026032113943.nc
2020-08-28T17:12:00+00:00,SNPP,DAY,SUMMER,,0,0,0,720,CLDMSK_L2_VIIRS_SNPP.A2020241.1712.002.2026032114055.nc
2020-08-28T18:48:00+00:00,SNPP,DAY,SUMMER,,0,0,0,720,CLDMSK_L2_VIIRS_SNPP.A2020241.1848.002.2026032114102.nc
2020-08-28T06:36:00+00:00,NOAA20,NIGHT,SUMMER,0,1,0,0,1440,CLDMSK_L2_VIIRS_NOAA20.A2020241.0636.001.2020294141132.nc
2020-08-28T08:12:00+00:00,NOAA20,NIGHT,SUMMER,0,0,0,0,720,CLDMSK_L2_VIIRS_NOAA20.A2020241.0812.001.2020294141321.nc
2020-08-28T18:00:00+00:00,NOAA20,DAY,SUMMER,,1,0,0,0,CLDMSK_L2_VIIRS_NOAA20.A2020241.1800.001.2020294141240.nc
2021-11-05T06:48:00+00:00,SNPP,NIGHT,AUTUMN,0,1,1,1,720,CLDMSK_L2_VIIRS_SNPP.A2021309.0648.002.2026033014259.nc
2021-11-05T08:30:00+00:00,SNPP,NIGHT,AUTUMN,0,1,1,1,1800,CLDMSK_L2_VIIRS_SNPP.A2021309.0830.002.2026033014314.nc
2021-11-05T18:12:00+00:00,SNPP,DAY,AUTUMN,,0,0,0,720,CLDMSK_L2_VIIRS_SNPP.A2021309.1812.002.2026033014404.nc
2021-11-05T07:36:00+00:00,NOAA20,NIGHT,AUTUMN,0,1,1,1,1440,CLDMSK_L2_VIIRS_NOAA20.A2021309.0736.001.2021309193101.nc
2021-11-05T17:24:00+00:00,NOAA20,DAY,AUTUMN,,0,0,0,1440,CLDMSK_L2_VIIRS_NOAA20.A2021309.1724.001.2021310013810.nc
2021-11-05T19:00:00+00:00,NOAA20,DAY,AUTUMN,,0,0,0,0,CLDMSK_L2_VIIRS_NOAA20.A2021309.1900.001.2021310073600.nc
2024-04-01T07:24:00+00:00,SNPP,NIGHT,SPRING,1,0,0,0,1440,CLDMSK_L2_VIIRS_SNPP.A2024092.0724.002.2026034051354.nc
2024-04-01T17:12:00+00:00,SNPP,DAY,SPRING,,0,0,1,720,CLDMSK_L2_VIIRS_SNPP.A2024092.1712.002.2026034051513.nc
2024-04-01T18:48:00+00:00,SNPP,DAY,SPRING,,0,0,0,720,CLDMSK_L2_VIIRS_SNPP.A2024092.1848.002.2026034051533.nc
2024-04-01T06:18:00+00:00,NOAA20,NIGHT,SPRING,0,0,0,0,1080,CLDMSK_L2_VIIRS_NOAA20.A2024092.0618.002.2025235163805.nc
2024-04-01T07:54:00+00:00,NOAA20,NIGHT,SPRING,1,0,0,0,360,CLDMSK_L2_VIIRS_NOAA20.A2024092.0754.002.2025235163805.nc
2024-04-01T17:42:00+00:00,NOAA20,DAY,SPRING,,1,1,0,1080,CLDMSK_L2_VIIRS_NOAA20.A2024092.1742.002.2025235164019.nc
2024-04-01T19:18:00+00:00,NOAA20,DAY,SPRING,,0,0,0,1080,CLDMSK_L2_VIIRS_NOAA20.A2024092.1918.002.2025235163931.nc
2024-04-01T07:00:00+00:00,NOAA21,NIGHT,SPRING,1,0,0,0,0,CLDMSK_L2_VIIRS_NOAA21.A2024092.0700.001.2024130200631.nc
2024-04-01T18:24:00+00:00,NOAA21,DAY,SPRING,,0,0,0,1440,CLDMSK_L2_VIIRS_NOAA21.A2024092.1824.001.2024130200752.nc
2020-01-09T06:36:00+00:00,SNPP,NIGHT,WINTER,1,0,0,1,1440,CLDMSK_L2_VIIRS_SNPP.A2020009.0636.002.2026032025551.nc
2020-01-09T08:12:00+00:00,SNPP,NIGHT,WINTER,1,0,0,1,720,CLDMSK_L2_VIIRS_SNPP.A2020009.0812.002.2026032025616.nc
2020-01-09T18:00:00+00:00,SNPP,DAY,WINTER,,0,0,0,0,CLDMSK_L2_VIIRS_SNPP.A2020009.1800.002.2026032025745.nc
2020-01-09T07:24:00+00:00,NOAA20,NIGHT,WINTER,1,0,0,1,1440,CLDMSK_L2_VIIRS_NOAA20.A2020009.0724.001.2020294231352.nc
2020-01-09T17:12:00+00:00,NOAA20,DAY,WINTER,,0,0,0,720,CLDMSK_L2_VIIRS_NOAA20.A2020009.1712.001.2020294231410.nc
2020-01-09T18:48:00+00:00,NOAA20,DAY,WINTER,,0,0,0,720,CLDMSK_L2_VIIRS_NOAA20.A2020009.1848.001.2020294231426.nc
2024-05-18T06:06:00+00:00,SNPP,NIGHT,SPRING,1,0,0,0,360,CLDMSK_L2_VIIRS_SNPP.A2024139.0606.002.2026034063950.nc
2024-05-18T07:42:00+00:00,SNPP,NIGHT,SPRING,0,1,1,0,240,CLDMSK_L2_VIIRS_SNPP.A2024139.0742.002.2026034064015.nc
2024-05-18T17:30:00+00:00,SNPP,DAY,SPRING,,0,0,0,1800,CLDMSK_L2_VIIRS_SNPP.A2024139.1730.002.2026034064121.nc
2024-05-18T19:12:00+00:00,SNPP,DAY,SPRING,,0,0,0,720,CLDMSK_L2_VIIRS_SNPP.A2024139.1912.002.2026034064100.nc
2024-05-18T06:30:00+00:00,NOAA20,NIGHT,SPRING,1,0,0,0,1800,CLDMSK_L2_VIIRS_NOAA20.A2024139.0630.002.2025235192415.nc
2024-05-18T08:12:00+00:00,NOAA20,NIGHT,SPRING,0,0,0,0,720,CLDMSK_L2_VIIRS_NOAA20.A2024139.0812.002.2025235192443.nc
2024-05-18T17:54:00+00:00,NOAA20,DAY,SPRING,,0,0,0,360,CLDMSK_L2_VIIRS_NOAA20.A2024139.1754.002.2025235192540.nc
2024-05-18T07:18:00+00:00,NOAA21,NIGHT,SPRING,1,1,1,0,1080,CLDMSK_L2_VIIRS_NOAA21.A2024139.0718.001.2024158133123.nc
2024-05-18T17:00:00+00:00,NOAA21,DAY,SPRING,,0,0,0,0,CLDMSK_L2_VIIRS_NOAA21.A2024139.1700.001.2024158133508.nc
2024-05-18T18:42:00+00:00,NOAA21,DAY,SPRING,,0,0,0,1080,CLDMSK_L2_VIIRS_NOAA21.A2024139.1842.001.2024158133127.nc
2022-12-22T06:24:00+00:00,SNPP,NIGHT,WINTER,0,0,0,0,1440,CLDMSK_L2_VIIRS_SNPP.A2022356.0624.002.2026033135059.nc
2022-12-22T08:06:00+00:00,SNPP,NIGHT,WINTER,0,1,1,0,360,CLDMSK_L2_VIIRS_SNPP.A2022356.0806.002.2026033135100.nc
2022-12-22T17:48:00+00:00,SNPP,DAY,WINTER,,0,0,0,720,CLDMSK_L2_VIIRS_SNPP.A2022356.1748.002.2026033135208.nc
2022-12-22T07:12:00+00:00,NOAA20,NIGHT,WINTER,0,0,0,0,720,CLDMSK_L2_VIIRS_NOAA20.A2022356.0712.001.2022356193042.nc
2022-12-22T16:54:00+00:00,NOAA20,DAY,WINTER,,0,0,0,360,CLDMSK_L2_VIIRS_NOAA20.A2022356.1654.001.2022357051122.nc
2022-12-22T18:36:00+00:00,NOAA20,DAY,WINTER,,0,0,0,1440,CLDMSK_L2_VIIRS_NOAA20.A2022356.1836.001.2022357123129.nc
2025-02-06T06:54:00+00:00,SNPP,NIGHT,WINTER,1,0,0,0,360,CLDMSK_L2_VIIRS_SNPP.A2025037.0654.002.2026034144246.nc
2025-02-06T08:36:00+00:00,SNPP,NIGHT,WINTER,0,0,0,0,1440,CLDMSK_L2_VIIRS_SNPP.A2025037.0836.002.2026034144247.nc
2025-02-06T18:18:00+00:00,SNPP,DAY,WINTER,,0,0,0,1080,CLDMSK_L2_VIIRS_SNPP.A2025037.1818.002.2026034144405.nc
2025-02-06T07:18:00+00:00,NOAA20,NIGHT,WINTER,1,0,0,0,1080,CLDMSK_L2_VIIRS_NOAA20.A2025037.0718.001.2025037193523.nc
2025-02-06T17:00:00+00:00,NOAA20,DAY,WINTER,,0,0,0,0,CLDMSK_L2_VIIRS_NOAA20.A2025037.1700.001.2025038051558.nc
2025-02-06T18:42:00+00:00,NOAA20,DAY,WINTER,,0,0,0,420,CLDMSK_L2_VIIRS_NOAA20.A2025037.1842.001.2025038073604.nc
2025-02-06T06:30:00+00:00,NOAA21,NIGHT,WINTER,1,0,0,0,1800,CLDMSK_L2_VIIRS_NOAA21.A2025037.0630.001.2025037185722.nc
2025-02-06T08:12:00+00:00,NOAA21,NIGHT,WINTER,0,0,0,0,720,CLDMSK_L2_VIIRS_NOAA21.A2025037.0812.001.2025037185727.nc
2025-02-06T17:54:00+00:00,NOAA21,DAY,WINTER,,0,0,0,360,CLDMSK_L2_VIIRS_NOAA21.A2025037.1754.001.2025038012754.nc
2023-03-14T07:30:00+00:00,SNPP,NIGHT,SPRING,1,0,0,0,1800,CLDMSK_L2_VIIRS_SNPP.A2023073.0730.002.2026033162951.nc
2023-03-14T17:12:00+00:00,SNPP,DAY,SPRING,,0,0,0,720,CLDMSK_L2_VIIRS_SNPP.A2023073.1712.002.2026033163227.nc
2023-03-14T18:54:00+00:00,SNPP,DAY,SPRING,,0,0,0,360,CLDMSK_L2_VIIRS_SNPP.A2023073.1854.002.2026033163136.nc
2023-03-14T06:36:00+00:00,NOAA20,NIGHT,SPRING,1,0,0,0,1440,CLDMSK_L2_VIIRS_NOAA20.A2023073.0636.001.2023233202417.nc
2023-03-14T08:18:00+00:00,NOAA20,NIGHT,SPRING,1,0,0,0,1080,CLDMSK_L2_VIIRS_NOAA20.A2023073.0818.001.2023233202425.nc
2023-03-14T18:00:00+00:00,NOAA20,DAY,SPRING,,0,0,0,0,CLDMSK_L2_VIIRS_NOAA20.A2023073.1800.001.2023233202502.nc
2023-03-14T07:00:00+00:00,NOAA21,NIGHT,SPRING,1,0,0,0,0,CLDMSK_L2_VIIRS_NOAA21.A2023073.0700.001.2024130183506.nc
2023-03-14T18:24:00+00:00,NOAA21,DAY,SPRING,,0,0,0,1440,CLDMSK_L2_VIIRS_NOAA21.A2023073.1824.001.2024130183554.nc
2024-09-28T06:12:00+00:00,SNPP,NIGHT,AUTUMN,0,1,0,0,720,CLDMSK_L2_VIIRS_SNPP.A2024272.0612.002.2026034104159.nc
2024-09-28T07:48:00+00:00,SNPP,NIGHT,AUTUMN,0,0,0,0,720,CLDMSK_L2_VIIRS_SNPP.A2024272.0748.002.2026034104216.nc
2024-09-28T17:36:00+00:00,SNPP,DAY,AUTUMN,,0,0,0,1440,CLDMSK_L2_VIIRS_SNPP.A2024272.1736.002.2026034104311.nc
2024-09-28T19:12:00+00:00,SNPP,DAY,AUTUMN,,0,0,0,720,CLDMSK_L2_VIIRS_SNPP.A2024272.1912.002.2026034104322.nc
2024-09-28T06:36:00+00:00,NOAA20,NIGHT,AUTUMN,0,1,0,0,1440,CLDMSK_L2_VIIRS_NOAA20.A2024272.0636.002.2025236023918.nc
2024-09-28T08:12:00+00:00,NOAA20,NIGHT,AUTUMN,0,0,0,0,720,CLDMSK_L2_VIIRS_NOAA20.A2024272.0812.002.2025236023941.nc
2024-09-28T18:00:00+00:00,NOAA20,DAY,AUTUMN,,0,0,0,0,CLDMSK_L2_VIIRS_NOAA20.A2024272.1800.002.2025236024227.nc
2024-09-28T07:24:00+00:00,NOAA21,NIGHT,AUTUMN,0,0,0,0,1440,CLDMSK_L2_VIIRS_NOAA21.A2024272.0724.001.2024272190206.nc
2024-09-28T17:12:00+00:00,NOAA21,DAY,AUTUMN,,0,0,0,720,CLDMSK_L2_VIIRS_NOAA21.A2024272.1712.001.2024273010249.nc
2024-09-28T18:48:00+00:00,NOAA21,DAY,AUTUMN,,0,0,0,720,CLDMSK_L2_VIIRS_NOAA21.A2024272.1848.001.2024273073246.nc
2025-06-16T06:18:00+00:00,SNPP,NIGHT,SUMMER,1,0,0,1,1080,CLDMSK_L2_VIIRS_SNPP.A2025167.0618.002.2026034184401.nc
2025-06-16T08:00:00+00:00,SNPP,NIGHT,SUMMER,1,0,0,1,0,CLDMSK_L2_VIIRS_SNPP.A2025167.0800.002.2026034184416.nc
2025-06-16T17:42:00+00:00,SNPP,DAY,SUMMER,,0,0,0,1080,CLDMSK_L2_VIIRS_SNPP.A2025167.1742.002.2026034184518.nc
2025-06-16T19:24:00+00:00,SNPP,DAY,SUMMER,,0,0,0,1440,CLDMSK_L2_VIIRS_SNPP.A2025167.1924.002.2026034184520.nc
2025-06-16T06:42:00+00:00,NOAA20,NIGHT,SUMMER,1,0,0,1,1080,CLDMSK_L2_VIIRS_NOAA20.A2025167.0642.001.2025167191846.nc
2025-06-16T18:06:00+00:00,NOAA20,DAY,SUMMER,,1,1,0,360,CLDMSK_L2_VIIRS_NOAA20.A2025167.1806.001.2025168144953.nc
2025-06-16T07:30:00+00:00,NOAA21,NIGHT,SUMMER,1,0,0,1,1800,CLDMSK_L2_VIIRS_NOAA21.A2025167.0730.001.2025167192103.nc
2025-06-16T17:18:00+00:00,NOAA21,DAY,SUMMER,,0,0,0,1080,CLDMSK_L2_VIIRS_NOAA21.A2025167.1718.001.2025168014128.nc
2025-06-16T18:54:00+00:00,NOAA21,DAY,SUMMER,,1,1,0,360,CLDMSK_L2_VIIRS_NOAA21.A2025167.1854.001.2025168145605.nc
2021-09-26T06:00:00+00:00,SNPP,NIGHT,AUTUMN,1,1,0,1,0,CLDMSK_L2_VIIRS_SNPP.A2021269.0600.002.2026033002903.nc
2021-09-26T07:36:00+00:00,SNPP,NIGHT,AUTUMN,1,1,1,1,1440,CLDMSK_L2_VIIRS_SNPP.A2021269.0736.002.2026033002919.nc
2021-09-26T17:24:00+00:00,SNPP,DAY,AUTUMN,,0,0,0,1440,CLDMSK_L2_VIIRS_SNPP.A2021269.1724.002.2026033003014.nc
2021-09-26T19:06:00+00:00,SNPP,DAY,AUTUMN,,0,0,0,360,CLDMSK_L2_VIIRS_SNPP.A2021269.1906.002.2026033003032.nc
2021-09-26T06:48:00+00:00,NOAA20,NIGHT,AUTUMN,1,1,1,1,720,CLDMSK_L2_VIIRS_NOAA20.A2021269.0648.001.2021269193214.nc
2021-09-26T08:30:00+00:00,NOAA20,NIGHT,AUTUMN,1,1,1,1,1800,CLDMSK_L2_VIIRS_NOAA20.A2021269.0830.001.2021269193212.nc
2021-09-26T18:12:00+00:00,NOAA20,DAY,AUTUMN,,0,0,0,720,CLDMSK_L2_VIIRS_NOAA20.A2021269.1812.001.2021270072514.nc
2022-02-16T06:18:00+00:00,SNPP,NIGHT,WINTER,1,0,0,0,1080,CLDMSK_L2_VIIRS_SNPP.A2022047.0618.002.2026033045154.nc
2022-02-16T07:54:00+00:00,SNPP,NIGHT,WINTER,1,0,0,0,360,CLDMSK_L2_VIIRS_SNPP.A2022047.0754.002.2026033045200.nc
2022-02-16T17:42:00+00:00,SNPP,DAY,WINTER,,0,0,0,1080,CLDMSK_L2_VIIRS_SNPP.A2022047.1742.002.2026033045303.nc
2022-02-16T19:24:00+00:00,SNPP,DAY,WINTER,,0,0,0,1440,CLDMSK_L2_VIIRS_SNPP.A2022047.1924.002.2026033045321.nc
2022-02-16T07:06:00+00:00,NOAA20,NIGHT,WINTER,1,0,0,0,360,CLDMSK_L2_VIIRS_NOAA20.A2022047.0706.001.2022047192537.nc
2022-02-16T16:48:00+00:00,NOAA20,DAY,WINTER,,0,0,0,720,CLDMSK_L2_VIIRS_NOAA20.A2022047.1648.001.2022048012824.nc
2022-02-16T18:30:00+00:00,NOAA20,DAY,WINTER,,0,0,0,1800,CLDMSK_L2_VIIRS_NOAA20.A2022047.1830.001.2022048073046.nc
2023-04-30T06:06:00+00:00,SNPP,NIGHT,SPRING,1,0,0,0,360,CLDMSK_L2_VIIRS_SNPP.A2023120.0606.002.2026033184745.nc
2023-04-30T07:48:00+00:00,SNPP,NIGHT,SPRING,1,0,0,0,60,CLDMSK_L2_VIIRS_SNPP.A2023120.0748.002.2026033184744.nc
2023-04-30T17:30:00+00:00,SNPP,DAY,SPRING,,0,0,0,1800,CLDMSK_L2_VIIRS_SNPP.A2023120.1730.002.2026033184847.nc
2023-04-30T19:12:00+00:00,SNPP,DAY,SPRING,,0,0,0,720,CLDMSK_L2_VIIRS_SNPP.A2023120.1912.002.2026033184904.nc
2023-04-30T06:54:00+00:00,NOAA20,NIGHT,SPRING,1,0,0,0,360,CLDMSK_L2_VIIRS_NOAA20.A2023120.0654.001.2023233204840.nc
2023-04-30T18:18:00+00:00,NOAA20,DAY,SPRING,,0,0,0,240,CLDMSK_L2_VIIRS_NOAA20.A2023120.1818.001.2023233205002.nc
2023-04-30T07:18:00+00:00,NOAA21,NIGHT,SPRING,1,0,0,0,600,CLDMSK_L2_VIIRS_NOAA21.A2023120.0718.001.2024130184541.nc
2023-04-30T17:00:00+00:00,NOAA21,DAY,SPRING,,0,0,0,0,CLDMSK_L2_VIIRS_NOAA21.A2023120.1700.001.2024130184608.nc
2023-04-30T18:42:00+00:00,NOAA21,DAY,SPRING,,0,0,0,1080,CLDMSK_L2_VIIRS_NOAA21.A2023120.1842.001.2024130184607.nc
2022-06-10T07:18:00+00:00,SNPP,NIGHT,SUMMER,0,1,1,1,1080,CLDMSK_L2_VIIRS_SNPP.A2022161.0718.002.2026033081939.nc
2022-06-10T17:00:00+00:00,SNPP,DAY,SUMMER,,0,0,0,0,CLDMSK_L2_VIIRS_SNPP.A2022161.1700.002.2026033082047.nc
2022-06-10T18:42:00+00:00,SNPP,DAY,SUMMER,,0,0,0,1080,CLDMSK_L2_VIIRS_SNPP.A2022161.1842.002.2026033082052.nc
2022-06-10T06:30:00+00:00,NOAA20,NIGHT,SUMMER,1,0,0,1,1800,CLDMSK_L2_VIIRS_NOAA20.A2022161.0630.001.2022161194410.nc
2022-06-10T08:12:00+00:00,NOAA20,NIGHT,SUMMER,0,1,1,1,720,CLDMSK_L2_VIIRS_NOAA20.A2022161.0812.001.2022161210409.nc
2022-06-10T17:54:00+00:00,NOAA20,DAY,SUMMER,,0,0,0,360,CLDMSK_L2_VIIRS_NOAA20.A2022161.1754.001.2022162062857.nc
2020-08-27T06:06:00+00:00,SNPP,NIGHT,SUMMER,0,0,0,0,360,CLDMSK_L2_VIIRS_SNPP.A2020240.0606.002.2026032113756.nc
2020-08-27T07:42:00+00:00,SNPP,NIGHT,SUMMER,0,0,0,0,1080,CLDMSK_L2_VIIRS_SNPP.A2020240.0742.002.2026032113813.nc
2020-08-27T17:30:00+00:00,SNPP,DAY,SUMMER,,0,0,0,1800,CLDMSK_L2_VIIRS_SNPP.A2020240.1730.002.2026032113908.nc
2020-08-27T19:06:00+00:00,SNPP,DAY,SUMMER,,0,0,0,360,CLDMSK_L2_VIIRS_SNPP.A2020240.1906.002.2026032113909.nc
2020-08-27T06:54:00+00:00,NOAA20,NIGHT,SUMMER,0,0,0,0,360,CLDMSK_L2_VIIRS_NOAA20.A2020240.0654.001.2020294141501.nc
2020-08-27T18:18:00+00:00,NOAA20,DAY,SUMMER,,0,0,0,1080,CLDMSK_L2_VIIRS_NOAA20.A2020240.1818.001.2020294141451.nc
2020-09-06T06:18:00+00:00,SNPP,NIGHT,AUTUMN,1,1,1,1,1080,CLDMSK_L2_VIIRS_SNPP.A2020250.0618.002.2026032115615.nc
2020-09-06T07:54:00+00:00,SNPP,NIGHT,AUTUMN,1,1,1,1,360,CLDMSK_L2_VIIRS_SNPP.A2020250.0754.002.2026032115636.nc
2020-09-06T17:42:00+00:00,SNPP,DAY,AUTUMN,,0,1,0,1080,CLDMSK_L2_VIIRS_SNPP.A2020250.1742.002.2026032115735.nc
2020-09-06T19:24:00+00:00,SNPP,DAY,AUTUMN,,0,0,0,1440,CLDMSK_L2_VIIRS_SNPP.A2020250.1924.002.2026032115739.nc
2020-09-06T07:06:00+00:00,NOAA20,NIGHT,AUTUMN,1,1,1,1,360,CLDMSK_L2_VIIRS_NOAA20.A2020250.0706.001.2020294135725.nc
2020-09-06T16:48:00+00:00,NOAA20,DAY,AUTUMN,,1,1,0,720,CLDMSK_L2_VIIRS_NOAA20.A2020250.1648.001.2020294135834.nc
2020-09-06T18:30:00+00:00,NOAA20,DAY,AUTUMN,,0,0,0,1800,CLDMSK_L2_VIIRS_NOAA20.A2020250.1830.001.2020294135900.nc
2023-07-08T06:12:00+00:00,SNPP,NIGHT,SUMMER,1,0,0,1,720,CLDMSK_L2_VIIRS_SNPP.A2023189.0612.002.2026033205538.nc
2023-07-08T07:54:00+00:00,SNPP,NIGHT,SUMMER,1,0,0,1,360,CLDMSK_L2_VIIRS_SNPP.A2023189.0754.002.2026033205540.nc
2023-07-08T17:36:00+00:00,SNPP,DAY,SUMMER,,0,0,0,1440,CLDMSK_L2_VIIRS_SNPP.A2023189.1736.002.2026033205653.nc
2023-07-08T19:18:00+00:00,SNPP,DAY,SUMMER,,0,0,0,1080,CLDMSK_L2_VIIRS_SNPP.A2023189.1918.002.2026033205643.nc
2023-07-08T07:00:00+00:00,NOAA20,NIGHT,SUMMER,1,1,1,1,0,CLDMSK_L2_VIIRS_NOAA20.A2023189.0700.001.2023233212844.nc
2023-07-08T18:24:00+00:00,NOAA20,DAY,SUMMER,,0,0,0,1440,CLDMSK_L2_VIIRS_NOAA20.A2023189.1824.001.2023233212824.nc
2023-07-08T07:24:00+00:00,NOAA21,NIGHT,SUMMER,1,0,0,1,1440,CLDMSK_L2_VIIRS_NOAA21.A2023189.0724.001.2024130190218.nc
2023-07-08T17:06:00+00:00,NOAA21,DAY,SUMMER,,0,0,0,360,CLDMSK_L2_VIIRS_NOAA21.A2023189.1706.001.2024130190258.nc
2023-07-08T18:48:00+00:00,NOAA21,DAY,SUMMER,,0,0,0,720,CLDMSK_L2_VIIRS_NOAA21.A2023189.1848.001.2024130190226.nc
2020-08-22T07:36:00+00:00,SNPP,NIGHT,SUMMER,0,0,0,0,1440,CLDMSK_L2_VIIRS_SNPP.A2020235.0736.002.2026032112845.nc
2020-08-22T17:24:00+00:00,SNPP,DAY,SUMMER,,0,0,0,1440,CLDMSK_L2_VIIRS_SNPP.A2020235.1724.002.2026032112942.nc
2020-08-22T19:00:00+00:00,SNPP,DAY,SUMMER,,0,0,0,0,CLDMSK_L2_VIIRS_SNPP.A2020235.1900.002.2026032112952.nc
2020-08-22T06:48:00+00:00,NOAA20,NIGHT,SUMMER,0,0,0,0,720,CLDMSK_L2_VIIRS_NOAA20.A2020235.0648.001.2020294142112.nc
2020-08-22T08:30:00+00:00,NOAA20,NIGHT,SUMMER,0,0,0,0,1800,CLDMSK_L2_VIIRS_NOAA20.A2020235.0830.001.2020294142155.nc
2020-08-22T18:12:00+00:00,NOAA20,DAY,SUMMER,,0,0,0,720,CLDMSK_L2_VIIRS_NOAA20.A2020235.1812.001.2020294142215.nc
2020-07-24T06:42:00+00:00,SNPP,NIGHT,SUMMER,0,0,0,0,1080,CLDMSK_L2_VIIRS_SNPP.A2020206.0642.002.2026032103452.nc
2020-07-24T08:24:00+00:00,SNPP,NIGHT,SUMMER,0,0,0,1,1440,CLDMSK_L2_VIIRS_SNPP.A2020206.0824.002.2026032103455.nc
2020-07-24T18:06:00+00:00,SNPP,DAY,SUMMER,,1,1,0,360,CLDMSK_L2_VIIRS_SNPP.A2020206.1806.002.2026032103603.nc
2020-07-24T07:30:00+00:00,NOAA20,NIGHT,SUMMER,0,1,1,0,1800,CLDMSK_L2_VIIRS_NOAA20.A2020206.0730.001.2020294150916.nc
2020-07-24T17:18:00+00:00,NOAA20,DAY,SUMMER,,1,1,0,1080,CLDMSK_L2_VIIRS_NOAA20.A2020206.1718.001.2020294150929.nc
2020-07-24T18:54:00+00:00,NOAA20,DAY,SUMMER,,1,0,0,360,CLDMSK_L2_VIIRS_NOAA20.A2020206.1854.001.2020294150829.nc
2025-05-06T07:24:00+00:00,SNPP,NIGHT,SPRING,1,0,0,0,60,CLDMSK_L2_VIIRS_SNPP.A2025126.0724.002.2026034172933.nc
2025-05-06T17:12:00+00:00,SNPP,DAY,SPRING,,0,0,0,720,CLDMSK_L2_VIIRS_SNPP.A2025126.1712.002.2026034173032.nc
2025-05-06T18:54:00+00:00,SNPP,DAY,SPRING,,0,0,0,360,CLDMSK_L2_VIIRS_SNPP.A2025126.1854.002.2026034173056.nc
2025-05-06T06:06:00+00:00,NOAA20,NIGHT,SPRING,1,0,0,0,360,CLDMSK_L2_VIIRS_NOAA20.A2025126.0606.001.2025126212919.nc
2025-05-06T07:48:00+00:00,NOAA20,NIGHT,SPRING,0,0,0,0,720,CLDMSK_L2_VIIRS_NOAA20.A2025126.0748.001.2025126212913.nc
2025-05-06T17:30:00+00:00,NOAA20,DAY,SPRING,,0,0,0,1800,CLDMSK_L2_VIIRS_NOAA20.A2025126.1730.001.2025127054919.nc
2025-05-06T19:12:00+00:00,NOAA20,DAY,SPRING,,0,0,0,720,CLDMSK_L2_VIIRS_NOAA20.A2025126.1912.001.2025129160038.nc
2025-05-06T07:00:00+00:00,NOAA21,NIGHT,SPRING,1,0,0,0,0,CLDMSK_L2_VIIRS_NOAA21.A2025126.0700.001.2025126213050.nc
2025-05-06T18:24:00+00:00,NOAA21,DAY,SPRING,,0,0,0,1440,CLDMSK_L2_VIIRS_NOAA21.A2025126.1824.001.2025127074144.nc
2025-08-21T07:24:00+00:00,SNPP,NIGHT,SUMMER,0,1,1,1,1440,CLDMSK_L2_VIIRS_SNPP.A2025233.0724.002.2026034204448.nc
2025-08-21T17:06:00+00:00,SNPP,DAY,SUMMER,,0,0,0,360,CLDMSK_L2_VIIRS_SNPP.A2025233.1706.002.2026034204554.nc
2025-08-21T18:48:00+00:00,SNPP,DAY,SUMMER,,1,0,0,720,CLDMSK_L2_VIIRS_SNPP.A2025233.1848.002.2026034204558.nc
2025-08-21T06:06:00+00:00,NOAA20,NIGHT,SUMMER,0,1,0,1,360,CLDMSK_L2_VIIRS_NOAA20.A2025233.0606.001.2025233193611.nc
2025-08-21T07:42:00+00:00,NOAA20,NIGHT,SUMMER,0,1,1,0,1080,CLDMSK_L2_VIIRS_NOAA20.A2025233.0742.001.2025233195605.nc
2025-08-21T17:30:00+00:00,NOAA20,DAY,SUMMER,,1,0,0,1800,CLDMSK_L2_VIIRS_NOAA20.A2025233.1730.001.2025234053632.nc
2025-08-21T19:06:00+00:00,NOAA20,DAY,SUMMER,,0,0,0,360,CLDMSK_L2_VIIRS_NOAA20.A2025233.1906.001.2025234073703.nc
2025-08-21T06:54:00+00:00,NOAA21,NIGHT,SUMMER,0,1,1,1,360,CLDMSK_L2_VIIRS_NOAA21.A2025233.0654.001.2025238184747.nc
2025-08-21T18:18:00+00:00,NOAA21,DAY,SUMMER,,1,0,0,1080,CLDMSK_L2_VIIRS_NOAA21.A2025233.1818.001.2025238185749.nc
2025-12-15T06:06:00+00:00,SNPP,NIGHT,WINTER,0,1,1,1,360,CLDMSK_L2_VIIRS_SNPP.A2025349.0606.002.2026063200739.nc
2025-12-15T07:48:00+00:00,SNPP,NIGHT,WINTER,0,0,0,0,720,CLDMSK_L2_VIIRS_SNPP.A2025349.0748.002.2026063200744.nc
2025-12-15T17:36:00+00:00,SNPP,DAY,WINTER,,0,0,0,120,CLDMSK_L2_VIIRS_SNPP.A2025349.1736.002.2026063200909.nc
2025-12-15T19:12:00+00:00,SNPP,DAY,WINTER,,0,0,0,720,CLDMSK_L2_VIIRS_SNPP.A2025349.1912.002.2026063200928.nc
2025-12-15T06:30:00+00:00,NOAA20,NIGHT,WINTER,0,0,0,1,1800,CLDMSK_L2_VIIRS_NOAA20.A2025349.0630.001.2025350170119.nc
2025-12-15T08:12:00+00:00,NOAA20,NIGHT,WINTER,0,0,0,0,720,CLDMSK_L2_VIIRS_NOAA20.A2025349.0812.001.2025350170131.nc
2025-12-15T17:54:00+00:00,NOAA20,DAY,WINTER,,0,0,0,360,CLDMSK_L2_VIIRS_NOAA20.A2025349.1754.002.2025350170128.nc
2025-12-15T07:18:00+00:00,NOAA21,NIGHT,WINTER,0,0,0,0,1080,CLDMSK_L2_VIIRS_NOAA21.A2025349.0718.001.2025350165541.nc
2025-12-15T17:06:00+00:00,NOAA21,DAY,WINTER,,0,0,0,360,CLDMSK_L2_VIIRS_NOAA21.A2025349.1706.001.2025350165615.nc
2025-12-15T18:42:00+00:00,NOAA21,DAY,WINTER,,0,0,0,600,CLDMSK_L2_VIIRS_NOAA21.A2025349.1842.001.2025350165601.nc
2021-10-06T06:12:00+00:00,SNPP,NIGHT,AUTUMN,0,1,1,0,720,CLDMSK_L2_VIIRS_SNPP.A2021279.0612.002.2026033004728.nc
2021-10-06T07:54:00+00:00,SNPP,NIGHT,AUTUMN,0,0,1,0,360,CLDMSK_L2_VIIRS_SNPP.A2021279.0754.002.2026033004735.nc
2021-10-06T17:36:00+00:00,SNPP,DAY,AUTUMN,,0,0,0,1440,CLDMSK_L2_VIIRS_SNPP.A2021279.1736.002.2026033004834.nc
2021-10-06T19:18:00+00:00,SNPP,DAY,AUTUMN,,0,0,0,1080,CLDMSK_L2_VIIRS_SNPP.A2021279.1918.002.2026033004845.nc
2021-10-06T07:00:00+00:00,NOAA20,NIGHT,AUTUMN,0,1,1,0,0,CLDMSK_L2_VIIRS_NOAA20.A2021279.0700.001.2021279193418.nc
2021-10-06T18:24:00+00:00,NOAA20,DAY,AUTUMN,,0,0,0,1440,CLDMSK_L2_VIIRS_NOAA20.A2021279.1824.001.2021280073743.nc
2020-08-20T06:36:00+00:00,SNPP,NIGHT,SUMMER,0,0,0,1,1440,CLDMSK_L2_VIIRS_SNPP.A2020233.0636.002.2026032112503.nc
2020-08-20T08:18:00+00:00,SNPP,NIGHT,SUMMER,0,0,0,1,1080,CLDMSK_L2_VIIRS_SNPP.A2020233.0818.002.2026032112517.nc
2020-08-20T18:00:00+00:00,SNPP,DAY,SUMMER,,1,1,0,0,CLDMSK_L2_VIIRS_SNPP.A2020233.1800.002.2026032112619.nc
2020-08-20T07:24:00+00:00,NOAA20,NIGHT,SUMMER,0,1,1,1,1440,CLDMSK_L2_VIIRS_NOAA20.A2020233.0724.001.2020294142439.nc
2020-08-20T17:12:00+00:00,NOAA20,DAY,SUMMER,,0,0,0,720,CLDMSK_L2_VIIRS_NOAA20.A2020233.1712.001.2020294142543.nc
2020-08-20T18:48:00+00:00,NOAA20,DAY,SUMMER,,1,0,1,720,CLDMSK_L2_VIIRS_NOAA20.A2020233.1848.001.2020294142539.nc
2025-09-11T07:30:00+00:00,SNPP,NIGHT,AUTUMN,1,0,0,0,1800,CLDMSK_L2_VIIRS_SNPP.A2025254.0730.002.2026034212334.nc
2025-09-11T17:12:00+00:00,SNPP,DAY,AUTUMN,,1,1,1,720,CLDMSK_L2_VIIRS_SNPP.A2025254.1712.002.2026034212421.nc
2025-09-11T18:54:00+00:00,SNPP,DAY,AUTUMN,,1,1,1,360,CLDMSK_L2_VIIRS_SNPP.A2025254.1854.002.2026034212426.nc
2025-09-11T06:12:00+00:00,NOAA20,NIGHT,AUTUMN,1,0,0,0,720,CLDMSK_L2_VIIRS_NOAA20.A2025254.0612.001.2025254190823.nc
2025-09-11T07:48:00+00:00,NOAA20,NIGHT,AUTUMN,1,0,0,0,720,CLDMSK_L2_VIIRS_NOAA20.A2025254.0748.001.2025254195809.nc
2025-09-11T17:36:00+00:00,NOAA20,DAY,AUTUMN,,1,1,1,1440,CLDMSK_L2_VIIRS_NOAA20.A2025254.1736.001.2025255054853.nc
2025-09-11T19:12:00+00:00,NOAA20,DAY,AUTUMN,,1,0,1,720,CLDMSK_L2_VIIRS_NOAA20.A2025254.1912.001.2025255072849.nc
2025-09-11T07:00:00+00:00,NOAA21,NIGHT,AUTUMN,1,0,0,0,0,CLDMSK_L2_VIIRS_NOAA21.A2025254.0700.001.2025254191238.nc
2025-09-11T18:24:00+00:00,NOAA21,DAY,AUTUMN,,1,1,1,1440,CLDMSK_L2_VIIRS_NOAA21.A2025254.1824.001.2025255073316.nc
2020-11-24T06:36:00+00:00,SNPP,NIGHT,AUTUMN,0,0,1,1,1440,CLDMSK_L2_VIIRS_SNPP.A2020329.0636.002.2026032142214.nc
2020-11-24T08:12:00+00:00,SNPP,NIGHT,AUTUMN,0,0,0,1,720,CLDMSK_L2_VIIRS_SNPP.A2020329.0812.002.2026032142225.nc
2020-11-24T18:00:00+00:00,SNPP,DAY,AUTUMN,,0,0,0,0,CLDMSK_L2_VIIRS_SNPP.A2020329.1800.002.2026032142335.nc
2020-11-24T07:24:00+00:00,NOAA20,NIGHT,AUTUMN,0,0,0,1,1440,CLDMSK_L2_VIIRS_NOAA20.A2020329.0724.001.2020329190856.nc
2020-11-24T17:12:00+00:00,NOAA20,DAY,AUTUMN,,0,0,0,720,CLDMSK_L2_VIIRS_NOAA20.A2020329.1712.001.2020330011717.nc
2020-11-24T18:48:00+00:00,NOAA20,DAY,AUTUMN,,0,0,0,720,CLDMSK_L2_VIIRS_NOAA20.A2020329.1848.001.2020330072104.nc
2022-01-31T06:18:00+00:00,SNPP,NIGHT,WINTER,0,0,0,0,1080,CLDMSK_L2_VIIRS_SNPP.A2022031.0618.002.2026033042243.nc
2022-01-31T07:54:00+00:00,SNPP,NIGHT,WINTER,0,0,0,0,360,CLDMSK_L2_VIIRS_SNPP.A2022031.0754.002.2026033042237.nc
2022-01-31T17:42:00+00:00,SNPP,DAY,WINTER,,0,0,0,1080,CLDMSK_L2_VIIRS_SNPP.A2022031.1742.002.2026033042347.nc
2022-01-31T19:24:00+00:00,SNPP,DAY,WINTER,,0,0,0,1440,CLDMSK_L2_VIIRS_SNPP.A2022031.1924.002.2026033042345.nc
2022-01-31T07:06:00+00:00,NOAA20,NIGHT,WINTER,0,0,0,0,360,CLDMSK_L2_VIIRS_NOAA20.A2022031.0706.001.2022031192436.nc
2022-01-31T16:48:00+00:00,NOAA20,DAY,WINTER,,0,0,0,720,CLDMSK_L2_VIIRS_NOAA20.A2022031.1648.001.2022032065528.nc
2022-01-31T18:30:00+00:00,NOAA20,DAY,WINTER,,0,0,0,1800,CLDMSK_L2_VIIRS_NOAA20.A2022031.1830.001.2022032073955.nc
2020-10-07T06:36:00+00:00,SNPP,NIGHT,AUTUMN,1,0,0,0,1440,CLDMSK_L2_VIIRS_SNPP.A2020281.0636.002.2026032125310.nc
2020-10-07T08:18:00+00:00,SNPP,NIGHT,AUTUMN,1,0,0,0,1080,CLDMSK_L2_VIIRS_SNPP.A2020281.0818.002.2026032125330.nc
2020-10-07T18:00:00+00:00,SNPP,DAY,AUTUMN,,0,1,0,0,CLDMSK_L2_VIIRS_SNPP.A2020281.1800.002.2026032125422.nc
2020-10-07T07:24:00+00:00,NOAA20,NIGHT,AUTUMN,1,0,0,0,1440,CLDMSK_L2_VIIRS_NOAA20.A2020281.0724.001.2020287004841.nc
2020-10-07T17:06:00+00:00,NOAA20,DAY,AUTUMN,,1,0,0,360,CLDMSK_L2_VIIRS_NOAA20.A2020281.1706.001.2020287005022.nc
2020-10-07T18:48:00+00:00,NOAA20,DAY,AUTUMN,,0,0,0,720,CLDMSK_L2_VIIRS_NOAA20.A2020281.1848.001.2020287004931.nc
2020-10-05T07:12:00+00:00,SNPP,NIGHT,AUTUMN,1,0,0,0,720,CLDMSK_L2_VIIRS_SNPP.A2020279.0712.002.2026032124932.nc
2020-10-05T17:00:00+00:00,SNPP,DAY,AUTUMN,,0,0,0,0,CLDMSK_L2_VIIRS_SNPP.A2020279.1700.002.2026032125057.nc
2020-10-05T18:36:00+00:00,SNPP,DAY,AUTUMN,,0,0,0,1440,CLDMSK_L2_VIIRS_SNPP.A2020279.1836.002.2026032125045.nc
2020-10-05T06:24:00+00:00,NOAA20,NIGHT,AUTUMN,1,0,0,0,1440,CLDMSK_L2_VIIRS_NOAA20.A2020279.0624.001.2020287052425.nc
2020-10-05T08:00:00+00:00,NOAA20,NIGHT,AUTUMN,1,0,0,0,0,CLDMSK_L2_VIIRS_NOAA20.A2020279.0800.001.2020287052515.nc
2020-10-05T17:48:00+00:00,NOAA20,DAY,AUTUMN,,0,0,0,720,CLDMSK_L2_VIIRS_NOAA20.A2020279.1748.001.2020287052459.nc
2022-08-21T06:30:00+00:00,SNPP,NIGHT,SUMMER,1,0,0,0,1320,CLDMSK_L2_VIIRS_SNPP.A2022233.0630.002.2026033100413.nc
2022-08-21T08:12:00+00:00,SNPP,NIGHT,SUMMER,1,0,0,0,720,CLDMSK_L2_VIIRS_SNPP.A2022233.0812.002.2026033100418.nc
2022-08-21T17:54:00+00:00,SNPP,DAY,SUMMER,,0,0,0,360,CLDMSK_L2_VIIRS_SNPP.A2022233.1754.002.2026033100535.nc
2022-08-21T07:18:00+00:00,NOAA20,NIGHT,SUMMER,1,0,0,0,1080,CLDMSK_L2_VIIRS_NOAA20.A2022233.0718.001.2022233193825.nc
2022-08-21T17:00:00+00:00,NOAA20,DAY,SUMMER,,0,0,0,0,CLDMSK_L2_VIIRS_NOAA20.A2022233.1700.001.2022234052956.nc
2022-08-21T18:42:00+00:00,NOAA20,DAY,SUMMER,,0,0,0,1080,CLDMSK_L2_VIIRS_NOAA20.A2022233.1842.001.2022234074602.nc
2024-07-11T07:30:00+00:00,SNPP,NIGHT,SUMMER,0,0,0,,,CLDMSK_L2_VIIRS_SNPP.A2024193.0730.001.2024193200706.nc
2024-07-11T17:18:00+00:00,SNPP,DAY,SUMMER,,1,1,,,CLDMSK_L2_VIIRS_SNPP.A2024193.1718.001.2024194054825.nc
2024-07-11T18:54:00+00:00,SNPP,DAY,SUMMER,,0,0,0,360,CLDMSK_L2_VIIRS_SNPP.A2024193.1854.001.2024194073831.nc
2024-07-11T06:18:00+00:00,NOAA20,NIGHT,SUMMER,0,0,0,0,1080,CLDMSK_L2_VIIRS_NOAA20.A2024193.0618.002.2025235222647.nc
2024-07-11T07:54:00+00:00,NOAA20,NIGHT,SUMMER,0,0,0,,,CLDMSK_L2_VIIRS_NOAA20.A2024193.0754.002.2025235222641.nc
2024-07-11T17:42:00+00:00,NOAA20,DAY,SUMMER,,0,0,,,CLDMSK_L2_VIIRS_NOAA20.A2024193.1742.002.2025235222904.nc
2024-07-11T19:18:00+00:00,NOAA20,DAY,SUMMER,,0,0,0,1080,CLDMSK_L2_VIIRS_NOAA20.A2024193.1918.002.2025235222931.nc
2024-07-11T07:06:00+00:00,NOAA21,NIGHT,SUMMER,0,0,0,,,CLDMSK_L2_VIIRS_NOAA21.A2024193.0706.001.2024193190748.nc
2024-07-11T16:48:00+00:00,NOAA21,DAY,SUMMER,,0,0,,,CLDMSK_L2_VIIRS_NOAA21.A2024193.1648.001.2024194010821.nc
2024-07-11T18:30:00+00:00,NOAA21,DAY,SUMMER,,0,0,0,1800,CLDMSK_L2_VIIRS_NOAA21.A2024193.1830.001.2024194073816.nc
2021-05-06T07:18:00+00:00,SNPP,NIGHT,SPRING,0,1,1,1,1080,CLDMSK_L2_VIIRS_SNPP.A2021126.0718.002.2026032200851.nc
2021-05-06T17:00:00+00:00,SNPP,DAY,SPRING,,0,0,0,0,CLDMSK_L2_VIIRS_SNPP.A2021126.1700.002.2026032200953.nc
2021-05-06T18:42:00+00:00,SNPP,DAY,SPRING,,0,1,0,1080,CLDMSK_L2_VIIRS_SNPP.A2021126.1842.002.2026032200948.nc
2021-05-06T06:30:00+00:00,NOAA20,NIGHT,SPRING,0,1,1,1,1800,CLDMSK_L2_VIIRS_NOAA20.A2021126.0630.001.2021126193125.nc
2021-05-06T08:12:00+00:00,NOAA20,NIGHT,SPRING,0,1,1,1,720,CLDMSK_L2_VIIRS_NOAA20.A2021126.0812.001.2021126193146.nc
2021-05-06T17:54:00+00:00,NOAA20,DAY,SPRING,,0,0,0,360,CLDMSK_L2_VIIRS_NOAA20.A2021126.1754.001.2021127013751.nc
2022-10-05T07:24:00+00:00,SNPP,NIGHT,AUTUMN,0,1,1,1,1440,CLDMSK_L2_VIIRS_SNPP.A2022278.0724.002.2026033112638.nc
2022-10-05T17:12:00+00:00,SNPP,DAY,AUTUMN,,1,1,1,720,CLDMSK_L2_VIIRS_SNPP.A2022278.1712.002.2026033112745.nc
2022-10-05T18:48:00+00:00,SNPP,DAY,AUTUMN,,1,1,1,720,CLDMSK_L2_VIIRS_SNPP.A2022278.1848.002.2026033112739.nc
2022-10-05T06:36:00+00:00,NOAA20,NIGHT,AUTUMN,0,1,1,1,1440,CLDMSK_L2_VIIRS_NOAA20.A2022278.0636.001.2022278185853.nc
2022-10-05T08:18:00+00:00,NOAA20,NIGHT,AUTUMN,0,1,1,1,1080,CLDMSK_L2_VIIRS_NOAA20.A2022278.0818.001.2022278202900.nc
2022-10-05T18:00:00+00:00,NOAA20,DAY,AUTUMN,,1,1,1,0,CLDMSK_L2_VIIRS_NOAA20.A2022278.1800.001.2022279072940.nc
2020-06-11T06:48:00+00:00,SNPP,NIGHT,SUMMER,1,0,0,1,720,CLDMSK_L2_VIIRS_SNPP.A2020163.0648.002.2026032091614.nc
2020-06-11T18:12:00+00:00,SNPP,DAY,SUMMER,,0,0,0,720,CLDMSK_L2_VIIRS_SNPP.A2020163.1812.002.2026032091718.nc
2020-06-11T07:36:00+00:00,NOAA20,NIGHT,SUMMER,1,1,1,1,1440,CLDMSK_L2_VIIRS_NOAA20.A2020163.0736.001.2020294161733.nc
2020-06-11T17:24:00+00:00,NOAA20,DAY,SUMMER,,0,0,0,1440,CLDMSK_L2_VIIRS_NOAA20.A2020163.1724.001.2020294161758.nc
2020-06-11T19:00:00+00:00,NOAA20,DAY,SUMMER,,1,0,0,0,CLDMSK_L2_VIIRS_NOAA20.A2020163.1900.001.2020294161853.nc
2020-12-01T06:00:00+00:00,SNPP,NIGHT,WINTER,1,0,0,0,0,CLDMSK_L2_VIIRS_SNPP.A2020336.0600.002.2026032143502.nc
2020-12-01T06:06:00+00:00,SNPP,NIGHT,WINTER,1,0,0,0,360,CLDMSK_L2_VIIRS_SNPP.A2020336.0606.002.2026032143459.nc
2020-12-01T07:42:00+00:00,SNPP,NIGHT,WINTER,1,0,0,0,1080,CLDMSK_L2_VIIRS_SNPP.A2020336.0742.002.2026032143516.nc
2020-12-01T17:30:00+00:00,SNPP,DAY,WINTER,,0,0,0,480,CLDMSK_L2_VIIRS_SNPP.A2020336.1730.002.2026032143609.nc
2020-12-01T19:06:00+00:00,SNPP,DAY,WINTER,,0,0,0,360,CLDMSK_L2_VIIRS_SNPP.A2020336.1906.002.2026032143624.nc
2020-12-01T06:54:00+00:00,NOAA20,NIGHT,WINTER,1,0,0,0,360,CLDMSK_L2_VIIRS_NOAA20.A2020336.0654.001.2020336190757.nc
2020-12-01T18:18:00+00:00,NOAA20,DAY,WINTER,,1,0,0,180,CLDMSK_L2_VIIRS_NOAA20.A2020336.1818.001.2020337065910.nc
2024-09-13T07:30:00+00:00,SNPP,NIGHT,AUTUMN,0,1,1,1,1800,CLDMSK_L2_VIIRS_SNPP.A2024257.0730.002.2026034101424.nc
2024-09-13T17:18:00+00:00,SNPP,DAY,AUTUMN,,1,1,1,1080,CLDMSK_L2_VIIRS_SNPP.A2024257.1718.002.2026034101535.nc
2024-09-13T18:54:00+00:00,SNPP,DAY,AUTUMN,,1,1,1,360,CLDMSK_L2_VIIRS_SNPP.A2024257.1854.002.2026034101535.nc
2024-09-13T06:12:00+00:00,NOAA20,NIGHT,AUTUMN,0,1,1,1,720,CLDMSK_L2_VIIRS_NOAA20.A2024257.0612.002.2025236015507.nc
2024-09-13T07:54:00+00:00,NOAA20,NIGHT,AUTUMN,0,1,1,1,360,CLDMSK_L2_VIIRS_NOAA20.A2024257.0754.002.2025236015551.nc
2024-09-13T17:42:00+00:00,NOAA20,DAY,AUTUMN,,1,1,1,1080,CLDMSK_L2_VIIRS_NOAA20.A2024257.1742.002.2025236015809.nc
2024-09-13T19:18:00+00:00,NOAA20,DAY,AUTUMN,,1,1,1,1080,CLDMSK_L2_VIIRS_NOAA20.A2024257.1918.002.2025236015715.nc
2024-09-13T07:06:00+00:00,NOAA21,NIGHT,AUTUMN,0,1,1,1,360,CLDMSK_L2_VIIRS_NOAA21.A2024257.0706.001.2024257190941.nc
2024-09-13T16:54:00+00:00,NOAA21,DAY,AUTUMN,,1,1,1,360,CLDMSK_L2_VIIRS_NOAA21.A2024257.1654.001.2024258014030.nc
2024-09-13T18:30:00+00:00,NOAA21,DAY,AUTUMN,,1,1,1,1800,CLDMSK_L2_VIIRS_NOAA21.A2024257.1830.001.2024258074041.nc
2025-11-11T06:48:00+00:00,SNPP,NIGHT,AUTUMN,1,0,0,0,720,CLDMSK_L2_VIIRS_SNPP.A2025315.0648.002.2026063183627.nc
2025-11-11T08:24:00+00:00,SNPP,NIGHT,AUTUMN,1,0,0,0,1440,CLDMSK_L2_VIIRS_SNPP.A2025315.0824.002.2026063183631.nc
2025-11-11T07:06:00+00:00,NOAA20,NIGHT,AUTUMN,1,0,0,0,360,CLDMSK_L2_VIIRS_NOAA20.A2025315.0706.001.2025315191541.nc
2025-11-11T16:48:00+00:00,NOAA20,DAY,AUTUMN,,0,0,0,720,CLDMSK_L2_VIIRS_NOAA20.A2025315.1648.001.2025316045609.nc
2025-11-11T18:30:00+00:00,NOAA20,DAY,AUTUMN,,0,0,0,1800,CLDMSK_L2_VIIRS_NOAA20.A2025315.1830.001.2025316073618.nc
2025-11-11T06:18:00+00:00,NOAA21,NIGHT,AUTUMN,1,0,0,0,0,CLDMSK_L2_VIIRS_NOAA21.A2025315.0618.001.2025315190841.nc
2025-11-11T07:54:00+00:00,NOAA21,NIGHT,AUTUMN,1,0,0,0,360,CLDMSK_L2_VIIRS_NOAA21.A2025315.0754.001.2025315190846.nc
2025-11-11T17:42:00+00:00,NOAA21,DAY,AUTUMN,,0,0,0,1080,CLDMSK_L2_VIIRS_NOAA21.A2025315.1742.001.2025316010909.nc
2025-11-11T19:24:00+00:00,NOAA21,DAY,AUTUMN,,0,0,0,240,CLDMSK_L2_VIIRS_NOAA21.A2025315.1924.001.2025316073928.nc
2023-07-19T06:06:00+00:00,SNPP,NIGHT,SUMMER,0,0,0,1,360,CLDMSK_L2_VIIRS_SNPP.A2023200.0606.002.2026033211958.nc
2023-07-19T07:48:00+00:00,SNPP,NIGHT,SUMMER,0,0,0,1,720,CLDMSK_L2_VIIRS_SNPP.A2023200.0748.002.2026033211952.nc
2023-07-19T17:30:00+00:00,SNPP,DAY,SUMMER,,0,0,0,1800,CLDMSK_L2_VIIRS_SNPP.A2023200.1730.002.2026033212107.nc
2023-07-19T19:12:00+00:00,SNPP,DAY,SUMMER,,0,0,0,720,CLDMSK_L2_VIIRS_SNPP.A2023200.1912.002.2026033212129.nc
2023-07-19T06:54:00+00:00,NOAA20,NIGHT,SUMMER,0,0,0,1,360,CLDMSK_L2_VIIRS_NOAA20.A2023200.0654.001.2023233213651.nc
2023-07-19T18:18:00+00:00,NOAA20,DAY,SUMMER,,0,0,0,1080,CLDMSK_L2_VIIRS_NOAA20.A2023200.1818.001.2023233213654.nc
2023-07-19T07:18:00+00:00,NOAA21,NIGHT,SUMMER,0,0,0,1,1080,CLDMSK_L2_VIIRS_NOAA21.A2023200.0718.001.2024130190454.nc
2023-07-19T17:00:00+00:00,NOAA21,DAY,SUMMER,,0,0,0,0,CLDMSK_L2_VIIRS_NOAA21.A2023200.1700.001.2024130190503.nc
2023-07-19T18:42:00+00:00,NOAA21,DAY,SUMMER,,0,0,0,1080,CLDMSK_L2_VIIRS_NOAA21.A2023200.1842.001.2024130190448.nc
2022-12-04T07:00:00+00:00,SNPP,NIGHT,WINTER,1,0,0,0,0,CLDMSK_L2_VIIRS_SNPP.A2022338.0700.002.2026033131731.nc
2022-12-04T18:24:00+00:00,SNPP,DAY,WINTER,,0,0,1,1440,CLDMSK_L2_VIIRS_SNPP.A2022338.1824.002.2026033131832.nc
2022-12-04T06:12:00+00:00,NOAA20,NIGHT,WINTER,1,0,0,0,720,CLDMSK_L2_VIIRS_NOAA20.A2022338.0612.001.2022338190736.nc
2022-12-04T07:48:00+00:00,NOAA20,NIGHT,WINTER,1,0,0,0,720,CLDMSK_L2_VIIRS_NOAA20.A2022338.0748.001.2022338200717.nc
2022-12-04T17:36:00+00:00,NOAA20,DAY,WINTER,,1,1,1,1440,CLDMSK_L2_VIIRS_NOAA20.A2022338.1736.001.2022339054759.nc
2022-12-04T19:12:00+00:00,NOAA20,DAY,WINTER,,0,0,1,720,CLDMSK_L2_VIIRS_NOAA20.A2022338.1912.001.2022339073803.nc
2022-04-16T06:12:00+00:00,SNPP,NIGHT,SPRING,1,0,0,0,720,CLDMSK_L2_VIIRS_SNPP.A2022106.0612.002.2026033063919.nc
2022-04-16T07:48:00+00:00,SNPP,NIGHT,SPRING,1,0,0,0,720,CLDMSK_L2_VIIRS_SNPP.A2022106.0748.002.2026033063912.nc
2022-04-16T17:36:00+00:00,SNPP,DAY,SPRING,,0,0,0,1440,CLDMSK_L2_VIIRS_SNPP.A2022106.1736.002.2026033064007.nc
2022-04-16T19:18:00+00:00,SNPP,DAY,SPRING,,0,0,0,1080,CLDMSK_L2_VIIRS_SNPP.A2022106.1918.002.2026033064028.nc
2022-04-16T07:00:00+00:00,NOAA20,NIGHT,SPRING,1,0,0,0,0,CLDMSK_L2_VIIRS_NOAA20.A2022106.0700.001.2022106193657.nc
2022-04-16T18:24:00+00:00,NOAA20,DAY,SPRING,,0,0,0,1440,CLDMSK_L2_VIIRS_NOAA20.A2022106.1824.001.2022107073413.nc
2023-07-10T07:12:00+00:00,SNPP,NIGHT,SUMMER,1,0,0,0,720,CLDMSK_L2_VIIRS_SNPP.A2023191.0712.002.2026033205923.nc
2023-07-10T17:00:00+00:00,SNPP,DAY,SUMMER,,1,0,0,0,CLDMSK_L2_VIIRS_SNPP.A2023191.1700.002.2026033210039.nc
2023-07-10T18:36:00+00:00,SNPP,DAY,SUMMER,,1,1,1,1440,CLDMSK_L2_VIIRS_SNPP.A2023191.1836.002.2026033210033.nc
2023-07-10T06:24:00+00:00,NOAA20,NIGHT,SUMMER,1,0,0,0,1440,CLDMSK_L2_VIIRS_NOAA20.A2023191.0624.001.2023233212935.nc
2023-07-10T08:06:00+00:00,NOAA20,NIGHT,SUMMER,1,0,0,1,360,CLDMSK_L2_VIIRS_NOAA20.A2023191.0806.001.2023233212812.nc
2023-07-10T17:48:00+00:00,NOAA20,DAY,SUMMER,,0,0,0,720,CLDMSK_L2_VIIRS_NOAA20.A2023191.1748.001.2023233212915.nc
2023-07-10T06:48:00+00:00,NOAA21,NIGHT,SUMMER,1,0,0,0,720,CLDMSK_L2_VIIRS_NOAA21.A2023191.0648.001.2024130190224.nc
2023-07-10T08:24:00+00:00,NOAA21,NIGHT,SUMMER,1,1,0,1,1440,CLDMSK_L2_VIIRS_NOAA21.A2023191.0824.001.2024130190309.nc
2023-07-10T18:12:00+00:00,NOAA21,DAY,SUMMER,,0,1,0,720,CLDMSK_L2_VIIRS_NOAA21.A2023191.1812.001.2024130190314.nc
2022-09-04T07:06:00+00:00,SNPP,NIGHT,AUTUMN,0,1,1,0,360,CLDMSK_L2_VIIRS_SNPP.A2022247.0706.002.2026033102929.nc
2022-09-04T16:54:00+00:00,SNPP,DAY,AUTUMN,,0,0,0,360,CLDMSK_L2_VIIRS_SNPP.A2022247.1654.002.2026033103030.nc
2022-09-04T18:30:00+00:00,SNPP,DAY,AUTUMN,,0,0,0,840,CLDMSK_L2_VIIRS_SNPP.A2022247.1830.002.2026033103040.nc
2022-09-04T06:18:00+00:00,NOAA20,NIGHT,AUTUMN,0,0,0,0,1080,CLDMSK_L2_VIIRS_NOAA20.A2022247.0618.001.2022249111517.nc
2022-09-04T07:54:00+00:00,NOAA20,NIGHT,AUTUMN,0,0,0,0,360,CLDMSK_L2_VIIRS_NOAA20.A2022247.0754.001.2022249111514.nc
2022-09-04T17:42:00+00:00,NOAA20,DAY,AUTUMN,,0,0,0,420,CLDMSK_L2_VIIRS_NOAA20.A2022247.1742.001.2022249111806.nc
2022-09-04T19:24:00+00:00,NOAA20,DAY,AUTUMN,,0,0,0,480,CLDMSK_L2_VIIRS_NOAA20.A2022247.1924.001.2022249111843.nc
2022-12-23T06:06:00+00:00,SNPP,NIGHT,WINTER,0,0,0,0,360,CLDMSK_L2_VIIRS_SNPP.A2022357.0606.002.2026033135233.nc
2022-12-23T07:48:00+00:00,SNPP,NIGHT,WINTER,0,0,0,0,720,CLDMSK_L2_VIIRS_SNPP.A2022357.0748.002.2026033135245.nc
2022-12-23T17:30:00+00:00,SNPP,DAY,WINTER,,0,0,0,1800,CLDMSK_L2_VIIRS_SNPP.A2022357.1730.002.2026033135355.nc
2022-12-23T19:12:00+00:00,SNPP,DAY,WINTER,,0,0,0,720,CLDMSK_L2_VIIRS_SNPP.A2022357.1912.002.2026033135405.nc
2022-12-23T06:54:00+00:00,NOAA20,NIGHT,WINTER,0,0,0,0,360,CLDMSK_L2_VIIRS_NOAA20.A2022357.0654.001.2022357191131.nc
2022-12-23T08:36:00+00:00,NOAA20,NIGHT,WINTER,0,0,0,0,420,CLDMSK_L2_VIIRS_NOAA20.A2022357.0836.001.2022357205129.nc
2022-12-23T18:18:00+00:00,NOAA20,DAY,WINTER,,0,0,0,420,CLDMSK_L2_VIIRS_NOAA20.A2022357.1818.001.2022358072213.nc
2024-06-09T07:30:00+00:00,SNPP,NIGHT,SUMMER,0,0,0,0,1800,CLDMSK_L2_VIIRS_SNPP.A2024161.0730.002.2026034072005.nc
2024-06-09T17:18:00+00:00,SNPP,DAY,SUMMER,,0,0,0,240,CLDMSK_L2_VIIRS_SNPP.A2024161.1718.002.2026034072116.nc
2024-06-09T18:54:00+00:00,SNPP,DAY,SUMMER,,0,0,0,360,CLDMSK_L2_VIIRS_SNPP.A2024161.1854.002.2026034072123.nc
2024-06-09T06:18:00+00:00,NOAA20,NIGHT,SUMMER,0,0,0,0,60,CLDMSK_L2_VIIRS_NOAA20.A2024161.0618.002.2025235204900.nc
2024-06-09T07:54:00+00:00,NOAA20,NIGHT,SUMMER,0,0,0,0,360,CLDMSK_L2_VIIRS_NOAA20.A2024161.0754.002.2025235204927.nc
2024-06-09T17:42:00+00:00,NOAA20,DAY,SUMMER,,0,0,0,1080,CLDMSK_L2_VIIRS_NOAA20.A2024161.1742.002.2025235204951.nc
2024-06-09T19:24:00+00:00,NOAA20,DAY,SUMMER,,0,0,0,1440,CLDMSK_L2_VIIRS_NOAA20.A2024161.1924.002.2025235204954.nc
2024-06-09T07:06:00+00:00,NOAA21,NIGHT,SUMMER,0,0,0,0,360,CLDMSK_L2_VIIRS_NOAA21.A2024161.0706.001.2024161191209.nc
2024-06-09T16:48:00+00:00,NOAA21,DAY,SUMMER,,0,0,0,0,CLDMSK_L2_VIIRS_NOAA21.A2024161.1648.001.2024162011227.nc
2024-06-09T18:30:00+00:00,NOAA21,DAY,SUMMER,,0,0,0,0,CLDMSK_L2_VIIRS_NOAA21.A2024161.1830.001.2024162073234.nc
2021-06-20T06:36:00+00:00,SNPP,NIGHT,SUMMER,1,0,0,1,1440,CLDMSK_L2_VIIRS_SNPP.A2021171.0636.002.2026032213152.nc
2021-06-20T18:00:00+00:00,SNPP,DAY,SUMMER,,0,0,0,0,CLDMSK_L2_VIIRS_SNPP.A2021171.1800.002.2026032213301.nc
2021-06-20T07:24:00+00:00,NOAA20,NIGHT,SUMMER,0,0,1,1,1440,CLDMSK_L2_VIIRS_NOAA20.A2021171.0724.001.2021171194219.nc
2021-06-20T17:12:00+00:00,NOAA20,DAY,SUMMER,,0,0,0,720,CLDMSK_L2_VIIRS_NOAA20.A2021171.1712.001.2021172014526.nc
2021-06-20T18:48:00+00:00,NOAA20,DAY,SUMMER,,0,0,0,720,CLDMSK_L2_VIIRS_NOAA20.A2021171.1848.001.2021172074641.nc
2023-05-13T07:00:00+00:00,SNPP,NIGHT,SPRING,0,0,0,0,0,CLDMSK_L2_VIIRS_SNPP.A2023133.0700.002.2026033191122.nc
2023-05-13T18:24:00+00:00,SNPP,DAY,SPRING,,0,0,0,1440,CLDMSK_L2_VIIRS_SNPP.A2023133.1824.002.2026033191225.nc
2023-05-13T06:12:00+00:00,NOAA20,NIGHT,SPRING,0,0,0,0,720,CLDMSK_L2_VIIRS_NOAA20.A2023133.0612.001.2023233205430.nc
2023-05-13T07:54:00+00:00,NOAA20,NIGHT,SPRING,1,0,0,0,360,CLDMSK_L2_VIIRS_NOAA20.A2023133.0754.001.2023233205359.nc
2023-05-13T17:36:00+00:00,NOAA20,DAY,SPRING,,0,0,0,1440,CLDMSK_L2_VIIRS_NOAA20.A2023133.1736.001.2023233205530.nc
2023-05-13T19:18:00+00:00,NOAA20,DAY,SPRING,,0,0,0,1080,CLDMSK_L2_VIIRS_NOAA20.A2023133.1918.001.2023233205447.nc
2023-05-13T06:36:00+00:00,NOAA21,NIGHT,SPRING,0,0,0,0,1440,CLDMSK_L2_VIIRS_NOAA21.A2023133.0636.001.2024130184841.nc
2023-05-13T08:12:00+00:00,NOAA21,NIGHT,SPRING,1,0,0,0,720,CLDMSK_L2_VIIRS_NOAA21.A2023133.0812.001.2024130184842.nc
2023-05-13T18:00:00+00:00,NOAA21,DAY,SPRING,,0,0,0,0,CLDMSK_L2_VIIRS_NOAA21.A2023133.1800.001.2024130185101.nc
2025-02-15T07:24:00+00:00,SNPP,NIGHT,WINTER,1,0,0,0,1440,CLDMSK_L2_VIIRS_SNPP.A2025046.0724.002.2026034145857.nc
2025-02-15T17:12:00+00:00,SNPP,DAY,WINTER,,0,0,0,360,CLDMSK_L2_VIIRS_SNPP.A2025046.1712.002.2026034145956.nc
2025-02-15T18:48:00+00:00,SNPP,DAY,WINTER,,0,0,0,720,CLDMSK_L2_VIIRS_SNPP.A2025046.1848.002.2026034150001.nc
2025-02-15T06:06:00+00:00,NOAA20,NIGHT,WINTER,1,0,0,0,360,CLDMSK_L2_VIIRS_NOAA20.A2025046.0606.001.2025046190301.nc
2025-02-15T07:48:00+00:00,NOAA20,NIGHT,WINTER,1,0,0,0,720,CLDMSK_L2_VIIRS_NOAA20.A2025046.0748.001.2025046200235.nc
2025-02-15T17:36:00+00:00,NOAA20,DAY,WINTER,,0,0,0,480,CLDMSK_L2_VIIRS_NOAA20.A2025046.1736.001.2025047060401.nc
2025-02-15T19:12:00+00:00,NOAA20,DAY,WINTER,,0,0,0,540,CLDMSK_L2_VIIRS_NOAA20.A2025046.1912.001.2025047073344.nc
2025-02-15T07:00:00+00:00,NOAA21,NIGHT,WINTER,1,0,0,0,0,CLDMSK_L2_VIIRS_NOAA21.A2025046.0700.001.2025046190758.nc
2025-02-15T18:24:00+00:00,NOAA21,DAY,WINTER,,0,0,0,360,CLDMSK_L2_VIIRS_NOAA21.A2025046.1824.001.2025047072746.nc
2020-10-24T06:18:00+00:00,SNPP,NIGHT,AUTUMN,0,0,0,0,1080,CLDMSK_L2_VIIRS_SNPP.A2020298.0618.002.2026032132452.nc
2020-10-24T07:54:00+00:00,SNPP,NIGHT,AUTUMN,0,0,0,0,360,CLDMSK_L2_VIIRS_SNPP.A2020298.0754.002.2026032132505.nc
2020-10-24T17:42:00+00:00,SNPP,DAY,AUTUMN,,0,0,0,1080,CLDMSK_L2_VIIRS_SNPP.A2020298.1742.002.2026032132612.nc
2020-10-24T19:24:00+00:00,SNPP,DAY,AUTUMN,,0,0,0,1440,CLDMSK_L2_VIIRS_SNPP.A2020298.1924.002.2026032132614.nc
2020-10-24T07:06:00+00:00,NOAA20,NIGHT,AUTUMN,0,0,0,0,360,CLDMSK_L2_VIIRS_NOAA20.A2020298.0706.001.2020298190638.nc
2020-10-24T16:48:00+00:00,NOAA20,DAY,AUTUMN,,0,0,0,720,CLDMSK_L2_VIIRS_NOAA20.A2020298.1648.001.2020299011120.nc
2020-10-24T18:30:00+00:00,NOAA20,DAY,AUTUMN,,0,0,0,1800,CLDMSK_L2_VIIRS_NOAA20.A2020298.1830.001.2020299070539.nc
2020-02-08T07:12:00+00:00,SNPP,NIGHT,WINTER,1,1,1,0,720,CLDMSK_L2_VIIRS_SNPP.A2020039.0712.002.2026032041152.nc
2020-02-08T16:54:00+00:00,SNPP,DAY,WINTER,,0,0,1,360,CLDMSK_L2_VIIRS_SNPP.A2020039.1654.002.2026032041320.nc
2020-02-08T18:36:00+00:00,SNPP,DAY,WINTER,,0,0,1,1440,CLDMSK_L2_VIIRS_SNPP.A2020039.1836.002.2026032041351.nc
2020-02-08T06:24:00+00:00,NOAA20,NIGHT,WINTER,1,0,0,0,1440,CLDMSK_L2_VIIRS_NOAA20.A2020039.0624.001.2020294223143.nc
2020-02-08T08:00:00+00:00,NOAA20,NIGHT,WINTER,1,0,0,0,0,CLDMSK_L2_VIIRS_NOAA20.A2020039.0800.001.2020294223223.nc
2020-02-08T08:06:00+00:00,NOAA20,NIGHT,WINTER,1,0,0,0,360,CLDMSK_L2_VIIRS_NOAA20.A2020039.0806.001.2020294223150.nc
2020-02-08T17:48:00+00:00,NOAA20,DAY,WINTER,,0,0,1,720,CLDMSK_L2_VIIRS_NOAA20.A2020039.1748.001.2020294223211.nc
2025-02-20T07:30:00+00:00,SNPP,NIGHT,WINTER,1,0,0,0,1080,CLDMSK_L2_VIIRS_SNPP.A2025051.0730.002.2026034150820.nc
2025-02-20T17:18:00+00:00,SNPP,DAY,WINTER,,0,0,0,480,CLDMSK_L2_VIIRS_SNPP.A2025051.1718.002.2026034150910.nc
2025-02-20T19:00:00+00:00,SNPP,DAY,WINTER,,0,0,0,0,CLDMSK_L2_VIIRS_SNPP.A2025051.1900.002.2026034150926.nc
2025-02-20T06:12:00+00:00,NOAA20,NIGHT,WINTER,0,0,0,0,720,CLDMSK_L2_VIIRS_NOAA20.A2025051.0612.001.2025051190314.nc
2025-02-20T07:54:00+00:00,NOAA20,NIGHT,WINTER,1,0,0,0,360,CLDMSK_L2_VIIRS_NOAA20.A2025051.0754.001.2025051201352.nc
2025-02-20T17:42:00+00:00,NOAA20,DAY,WINTER,,0,0,0,240,CLDMSK_L2_VIIRS_NOAA20.A2025051.1742.001.2025052060407.nc
2025-02-20T19:18:00+00:00,NOAA20,DAY,WINTER,,0,0,0,480,CLDMSK_L2_VIIRS_NOAA20.A2025051.1918.001.2025052074408.nc
2025-02-20T07:06:00+00:00,NOAA21,NIGHT,WINTER,1,0,0,0,360,CLDMSK_L2_VIIRS_NOAA21.A2025051.0706.001.2025051190439.nc
2025-02-20T16:54:00+00:00,NOAA21,DAY,WINTER,,0,0,0,360,CLDMSK_L2_VIIRS_NOAA21.A2025051.1654.001.2025052010515.nc
2025-02-20T18:30:00+00:00,NOAA21,DAY,WINTER,,0,0,0,180,CLDMSK_L2_VIIRS_NOAA21.A2025051.1830.001.2025052073537.nc
2021-02-13T06:18:00+00:00,SNPP,NIGHT,WINTER,0,1,1,1,1080,CLDMSK_L2_VIIRS_SNPP.A2021044.0618.002.2026032173814.nc
2021-02-13T07:54:00+00:00,SNPP,NIGHT,WINTER,0,0,0,0,360,CLDMSK_L2_VIIRS_SNPP.A2021044.0754.002.2026032173823.nc
2021-02-13T17:42:00+00:00,SNPP,DAY,WINTER,,0,0,0,1080,CLDMSK_L2_VIIRS_SNPP.A2021044.1742.002.2026032173928.nc
2021-02-13T19:24:00+00:00,SNPP,DAY,WINTER,,0,0,0,0,CLDMSK_L2_VIIRS_SNPP.A2021044.1924.002.2026032173931.nc
2021-02-13T07:06:00+00:00,NOAA20,NIGHT,WINTER,0,0,0,1,360,CLDMSK_L2_VIIRS_NOAA20.A2021044.0706.001.2021044190327.nc
2021-02-13T16:48:00+00:00,NOAA20,DAY,WINTER,,0,0,0,720,CLDMSK_L2_VIIRS_NOAA20.A2021044.1648.001.2021045010251.nc
2021-02-13T18:30:00+00:00,NOAA20,DAY,WINTER,,0,0,0,1800,CLDMSK_L2_VIIRS_NOAA20.A2021044.1830.001.2021045070727.nc
2020-10-27T07:00:00+00:00,SNPP,NIGHT,AUTUMN,1,0,0,0,0,CLDMSK_L2_VIIRS_SNPP.A2020301.0700.002.2026032133032.nc
2020-10-27T18:24:00+00:00,SNPP,DAY,AUTUMN,,0,0,0,1440,CLDMSK_L2_VIIRS_SNPP.A2020301.1824.002.2026032133139.nc
2020-10-27T06:12:00+00:00,NOAA20,NIGHT,AUTUMN,1,0,0,0,720,CLDMSK_L2_VIIRS_NOAA20.A2020301.0612.001.2020301190720.nc
2020-10-27T07:48:00+00:00,NOAA20,NIGHT,AUTUMN,0,0,0,0,720,CLDMSK_L2_VIIRS_NOAA20.A2020301.0748.001.2020301190725.nc
2020-10-27T17:36:00+00:00,NOAA20,DAY,AUTUMN,,0,0,0,900,CLDMSK_L2_VIIRS_NOAA20.A2020301.1736.001.2020302011003.nc
2020-10-27T19:12:00+00:00,NOAA20,DAY,AUTUMN,,0,0,0,720,CLDMSK_L2_VIIRS_NOAA20.A2020301.1912.001.2020302071304.nc
2022-05-23T06:18:00+00:00,SNPP,NIGHT,SPRING,0,0,0,0,1080,CLDMSK_L2_VIIRS_SNPP.A2022143.0618.002.2026033074634.nc
2022-05-23T07:54:00+00:00,SNPP,NIGHT,SPRING,1,0,0,0,360,CLDMSK_L2_VIIRS_SNPP.A2022143.0754.002.2026033074643.nc
2022-05-23T17:42:00+00:00,SNPP,DAY,SPRING,,0,0,0,1080,CLDMSK_L2_VIIRS_SNPP.A2022143.1742.002.2026033074750.nc
2022-05-23T19:24:00+00:00,SNPP,DAY,SPRING,,0,0,0,1440,CLDMSK_L2_VIIRS_SNPP.A2022143.1924.002.2026033074746.nc
2022-05-23T07:06:00+00:00,NOAA20,NIGHT,SPRING,1,0,0,0,360,CLDMSK_L2_VIIRS_NOAA20.A2022143.0706.001.2022143192047.nc
2022-05-23T16:54:00+00:00,NOAA20,DAY,SPRING,,0,0,0,360,CLDMSK_L2_VIIRS_NOAA20.A2022143.1654.001.2022144012107.nc
2022-05-23T18:30:00+00:00,NOAA20,DAY,SPRING,,0,0,0,1800,CLDMSK_L2_VIIRS_NOAA20.A2022143.1830.001.2022144075055.nc
2025-09-03T06:36:00+00:00,SNPP,NIGHT,AUTUMN,0,1,0,1,1440,CLDMSK_L2_VIIRS_SNPP.A2025246.0636.002.2026034210834.nc
2025-09-03T08:18:00+00:00,SNPP,NIGHT,AUTUMN,0,1,1,1,1080,CLDMSK_L2_VIIRS_SNPP.A2025246.0818.002.2026034210846.nc
2025-09-03T18:00:00+00:00,SNPP,DAY,AUTUMN,,1,1,0,0,CLDMSK_L2_VIIRS_SNPP.A2025246.1800.002.2026034210943.nc
2025-09-03T07:00:00+00:00,NOAA20,NIGHT,AUTUMN,0,1,1,1,0,CLDMSK_L2_VIIRS_NOAA20.A2025246.0700.001.2025246192152.nc
2025-09-03T18:24:00+00:00,NOAA20,DAY,AUTUMN,,1,1,0,1440,CLDMSK_L2_VIIRS_NOAA20.A2025246.1824.001.2025247073244.nc
2025-09-03T06:12:00+00:00,NOAA21,NIGHT,AUTUMN,0,0,0,1,720,CLDMSK_L2_VIIRS_NOAA21.A2025246.0612.001.2025246191326.nc
2025-09-03T07:54:00+00:00,NOAA21,NIGHT,AUTUMN,0,1,1,1,360,CLDMSK_L2_VIIRS_NOAA21.A2025246.0754.001.2025246191355.nc
2025-09-03T17:36:00+00:00,NOAA21,DAY,AUTUMN,,1,1,0,1440,CLDMSK_L2_VIIRS_NOAA21.A2025246.1736.001.2025247012801.nc
2025-09-03T19:18:00+00:00,NOAA21,DAY,AUTUMN,,0,0,0,1080,CLDMSK_L2_VIIRS_NOAA21.A2025246.1918.001.2025247072428.nc
2021-06-26T06:24:00+00:00,SNPP,NIGHT,SUMMER,1,0,0,0,0,CLDMSK_L2_VIIRS_SNPP.A2021177.0624.002.2026032214300.nc
2021-06-26T08:00:00+00:00,SNPP,NIGHT,SUMMER,1,0,0,0,0,CLDMSK_L2_VIIRS_SNPP.A2021177.0800.002.2026032214316.nc
2021-06-26T17:48:00+00:00,SNPP,DAY,SUMMER,,0,0,0,720,CLDMSK_L2_VIIRS_SNPP.A2021177.1748.002.2026032214423.nc
2021-06-26T07:12:00+00:00,NOAA20,NIGHT,SUMMER,1,0,0,0,720,CLDMSK_L2_VIIRS_NOAA20.A2021177.0712.001.2021177194024.nc
2021-06-26T17:00:00+00:00,NOAA20,DAY,SUMMER,,0,0,0,0,CLDMSK_L2_VIIRS_NOAA20.A2021177.1700.001.2021178013300.nc
2021-06-26T18:36:00+00:00,NOAA20,DAY,SUMMER,,0,0,0,1440,CLDMSK_L2_VIIRS_NOAA20.A2021177.1836.001.2021178073857.nc
2023-11-30T07:30:00+00:00,SNPP,NIGHT,AUTUMN,1,0,0,0,1800,CLDMSK_L2_VIIRS_SNPP.A2023334.0730.002.2026034012816.nc
2023-11-30T17:18:00+00:00,SNPP,DAY,AUTUMN,,1,1,1,1080,CLDMSK_L2_VIIRS_SNPP.A2023334.1718.002.2026034012917.nc
2023-11-30T18:54:00+00:00,SNPP,DAY,AUTUMN,,0,0,0,360,CLDMSK_L2_VIIRS_SNPP.A2023334.1854.002.2026034012925.nc
2023-11-30T06:42:00+00:00,NOAA20,NIGHT,AUTUMN,1,0,0,0,1080,CLDMSK_L2_VIIRS_NOAA20.A2023334.0642.002.2025235104301.nc
2023-11-30T08:24:00+00:00,NOAA20,NIGHT,AUTUMN,1,0,0,0,1440,CLDMSK_L2_VIIRS_NOAA20.A2023334.0824.002.2025235104317.nc
2023-11-30T18:06:00+00:00,NOAA20,DAY,AUTUMN,,0,1,1,360,CLDMSK_L2_VIIRS_NOAA20.A2023334.1806.002.2025235104347.nc
2023-11-30T07:06:00+00:00,NOAA21,NIGHT,AUTUMN,1,0,0,0,360,CLDMSK_L2_VIIRS_NOAA21.A2023334.0706.001.2024130195024.nc
2023-11-30T16:48:00+00:00,NOAA21,DAY,AUTUMN,,0,0,1,720,CLDMSK_L2_VIIRS_NOAA21.A2023334.1648.001.2024130195402.nc
2023-11-30T18:30:00+00:00,NOAA21,DAY,AUTUMN,,0,0,1,1800,CLDMSK_L2_VIIRS_NOAA21.A2023334.1830.001.2024130195703.nc
2020-10-08T06:18:00+00:00,SNPP,NIGHT,AUTUMN,1,1,1,0,1080,CLDMSK_L2_VIIRS_SNPP.A2020282.0618.002.2026032125515.nc
2020-10-08T07:54:00+00:00,SNPP,NIGHT,AUTUMN,1,1,1,0,360,CLDMSK_L2_VIIRS_SNPP.A2020282.0754.002.2026032125513.nc
2020-10-08T17:42:00+00:00,SNPP,DAY,AUTUMN,,0,0,0,600,CLDMSK_L2_VIIRS_SNPP.A2020282.1742.002.2026032125607.nc
2020-10-08T19:24:00+00:00,SNPP,DAY,AUTUMN,,1,0,0,60,CLDMSK_L2_VIIRS_SNPP.A2020282.1924.002.2026032125619.nc
2020-10-08T07:06:00+00:00,NOAA20,NIGHT,AUTUMN,1,1,1,0,360,CLDMSK_L2_VIIRS_NOAA20.A2020282.0706.001.2020287005100.nc
2020-10-08T16:48:00+00:00,NOAA20,DAY,AUTUMN,,0,0,0,720,CLDMSK_L2_VIIRS_NOAA20.A2020282.1648.001.2020287004445.nc
2020-10-08T18:30:00+00:00,NOAA20,DAY,AUTUMN,,0,0,0,60,CLDMSK_L2_VIIRS_NOAA20.A2020282.1830.001.2020287005052.nc
2022-09-27T06:36:00+00:00,SNPP,NIGHT,AUTUMN,0,0,0,0,1440,CLDMSK_L2_VIIRS_SNPP.A2022270.0636.002.2026033111201.nc
2022-09-27T08:18:00+00:00,SNPP,NIGHT,AUTUMN,0,0,0,0,1080,CLDMSK_L2_VIIRS_SNPP.A2022270.0818.002.2026033111210.nc
2022-09-27T18:00:00+00:00,SNPP,DAY,AUTUMN,,0,0,0,0,CLDMSK_L2_VIIRS_SNPP.A2022270.1800.002.2026033111316.nc
2022-09-27T07:24:00+00:00,NOAA20,NIGHT,AUTUMN,0,0,0,0,1440,CLDMSK_L2_VIIRS_NOAA20.A2022270.0724.001.2022270195109.nc
2022-09-27T17:12:00+00:00,NOAA20,DAY,AUTUMN,,0,0,0,720,CLDMSK_L2_VIIRS_NOAA20.A2022270.1712.001.2022271053155.nc
2022-09-27T18:48:00+00:00,NOAA20,DAY,AUTUMN,,0,0,0,720,CLDMSK_L2_VIIRS_NOAA20.A2022270.1848.001.2022271073035.nc
2024-02-22T06:18:00+00:00,SNPP,NIGHT,WINTER,1,0,0,0,1080,CLDMSK_L2_VIIRS_SNPP.A2024053.0618.002.2026034040208.nc
2024-02-22T08:00:00+00:00,SNPP,NIGHT,WINTER,1,0,0,0,0,CLDMSK_L2_VIIRS_SNPP.A2024053.0800.002.2026034040214.nc
2024-02-22T17:42:00+00:00,SNPP,DAY,WINTER,,0,0,0,1080,CLDMSK_L2_VIIRS_SNPP.A2024053.1742.002.2026034040322.nc
2024-02-22T19:24:00+00:00,SNPP,DAY,WINTER,,0,0,0,1440,CLDMSK_L2_VIIRS_SNPP.A2024053.1924.002.2026034040352.nc
2024-02-22T07:06:00+00:00,NOAA20,NIGHT,WINTER,1,0,0,0,360,CLDMSK_L2_VIIRS_NOAA20.A2024053.0706.002.2025235150610.nc
2024-02-22T16:54:00+00:00,NOAA20,DAY,WINTER,,0,0,0,360,CLDMSK_L2_VIIRS_NOAA20.A2024053.1654.002.2025235150708.nc
2024-02-22T18:30:00+00:00,NOAA20,DAY,WINTER,,0,0,0,1800,CLDMSK_L2_VIIRS_NOAA20.A2024053.1830.002.2025235150632.nc
2024-02-22T07:30:00+00:00,NOAA21,NIGHT,WINTER,1,0,0,0,1800,CLDMSK_L2_VIIRS_NOAA21.A2024053.0730.001.2024130195713.nc
2024-02-22T17:12:00+00:00,NOAA21,DAY,WINTER,,0,0,0,720,CLDMSK_L2_VIIRS_NOAA21.A2024053.1712.001.2024130195738.nc
2024-02-22T18:54:00+00:00,NOAA21,DAY,WINTER,,0,0,0,360,CLDMSK_L2_VIIRS_NOAA21.A2024053.1854.001.2024130195754.nc
2023-03-13T06:06:00+00:00,SNPP,NIGHT,SPRING,1,0,0,0,360,CLDMSK_L2_VIIRS_SNPP.A2023072.0606.002.2026033162658.nc
2023-03-13T07:48:00+00:00,SNPP,NIGHT,SPRING,1,0,0,0,720,CLDMSK_L2_VIIRS_SNPP.A2023072.0748.002.2026033162709.nc
2023-03-13T17:30:00+00:00,SNPP,DAY,SPRING,,0,0,0,840,CLDMSK_L2_VIIRS_SNPP.A2023072.1730.002.2026033162828.nc
2023-03-13T19:12:00+00:00,SNPP,DAY,SPRING,,0,0,0,720,CLDMSK_L2_VIIRS_SNPP.A2023072.1912.002.2026033162819.nc
2023-03-13T06:54:00+00:00,NOAA20,NIGHT,SPRING,1,0,0,0,360,CLDMSK_L2_VIIRS_NOAA20.A2023072.0654.001.2023233202422.nc
2023-03-13T08:36:00+00:00,NOAA20,NIGHT,SPRING,1,0,0,0,1440,CLDMSK_L2_VIIRS_NOAA20.A2023072.0836.001.2023233202444.nc
2023-03-13T18:18:00+00:00,NOAA20,DAY,SPRING,,0,0,0,780,CLDMSK_L2_VIIRS_NOAA20.A2023072.1818.001.2023233202438.nc
2023-03-13T07:18:00+00:00,NOAA21,NIGHT,SPRING,1,0,0,0,1080,CLDMSK_L2_VIIRS_NOAA21.A2023072.0718.001.2024130183426.nc
2023-03-13T17:00:00+00:00,NOAA21,DAY,SPRING,,0,0,0,0,CLDMSK_L2_VIIRS_NOAA21.A2023072.1700.001.2024130183521.nc
2023-03-13T17:06:00+00:00,NOAA21,DAY,SPRING,,0,0,0,360,CLDMSK_L2_VIIRS_NOAA21.A2023072.1706.001.2024130183533.nc
2023-03-13T18:42:00+00:00,NOAA21,DAY,SPRING,,0,0,0,660,CLDMSK_L2_VIIRS_NOAA21.A2023072.1842.001.2024130183500.nc
2021-10-08T07:12:00+00:00,SNPP,NIGHT,AUTUMN,0,1,1,0,720,CLDMSK_L2_VIIRS_SNPP.A2021281.0712.002.2026033005104.nc
2021-10-08T17:00:00+00:00,SNPP,DAY,AUTUMN,,0,0,0,0,CLDMSK_L2_VIIRS_SNPP.A2021281.1700.002.2026033005204.nc
2021-10-08T18:36:00+00:00,SNPP,DAY,AUTUMN,,0,0,0,1440,CLDMSK_L2_VIIRS_SNPP.A2021281.1836.002.2026033005218.nc
2021-10-08T06:24:00+00:00,NOAA20,NIGHT,AUTUMN,0,0,0,0,1440,CLDMSK_L2_VIIRS_NOAA20.A2021281.0624.001.2021281194224.nc
2021-10-08T08:00:00+00:00,NOAA20,NIGHT,AUTUMN,0,0,0,0,0,CLDMSK_L2_VIIRS_NOAA20.A2021281.0800.001.2021281194246.nc
2021-10-08T17:48:00+00:00,NOAA20,DAY,AUTUMN,,0,0,0,720,CLDMSK_L2_VIIRS_NOAA20.A2021281.1748.001.2021282013913.nc
2023-05-24T06:54:00+00:00,SNPP,NIGHT,SPRING,0,1,1,0,360,CLDMSK_L2_VIIRS_SNPP.A2023144.0654.002.2026033193211.nc
2023-05-24T18:18:00+00:00,SNPP,DAY,SPRING,,1,0,0,1080,CLDMSK_L2_VIIRS_SNPP.A2023144.1818.002.2026033193314.nc
2023-05-24T06:06:00+00:00,NOAA20,NIGHT,SPRING,0,0,0,0,360,CLDMSK_L2_VIIRS_NOAA20.A2023144.0606.001.2023233210100.nc
2023-05-24T07:42:00+00:00,NOAA20,NIGHT,SPRING,0,0,1,0,1080,CLDMSK_L2_VIIRS_NOAA20.A2023144.0742.001.2023233210120.nc
2023-05-24T17:30:00+00:00,NOAA20,DAY,SPRING,,0,0,0,1800,CLDMSK_L2_VIIRS_NOAA20.A2023144.1730.001.2023233210219.nc
2023-05-24T19:12:00+00:00,NOAA20,DAY,SPRING,,1,1,1,720,CLDMSK_L2_VIIRS_NOAA20.A2023144.1912.001.2023233210137.nc
2023-05-24T06:30:00+00:00,NOAA21,NIGHT,SPRING,0,0,0,0,1800,CLDMSK_L2_VIIRS_NOAA21.A2023144.0630.001.2024130185211.nc
2023-05-24T08:06:00+00:00,NOAA21,NIGHT,SPRING,0,1,1,0,360,CLDMSK_L2_VIIRS_NOAA21.A2023144.0806.001.2024130185307.nc
2023-05-24T17:54:00+00:00,NOAA21,DAY,SPRING,,0,0,0,360,CLDMSK_L2_VIIRS_NOAA21.A2023144.1754.001.2024130185311.nc
2025-12-06T07:18:00+00:00,SNPP,NIGHT,WINTER,1,0,0,0,720,CLDMSK_L2_VIIRS_SNPP.A2025340.0718.002.2026063194653.nc
2025-12-06T17:00:00+00:00,SNPP,DAY,WINTER,,0,0,0,0,CLDMSK_L2_VIIRS_SNPP.A2025340.1700.002.2026063194707.nc
2025-12-06T18:42:00+00:00,SNPP,DAY,WINTER,,0,0,0,1080,CLDMSK_L2_VIIRS_SNPP.A2025340.1842.002.2026063194748.nc
2025-12-06T07:36:00+00:00,NOAA20,NIGHT,WINTER,1,0,0,0,1020,CLDMSK_L2_VIIRS_NOAA20.A2025340.0736.001.2025340194235.nc
2025-12-06T17:24:00+00:00,NOAA20,DAY,WINTER,,0,0,0,1440,CLDMSK_L2_VIIRS_NOAA20.A2025340.1724.001.2025341053321.nc
2025-12-06T19:06:00+00:00,NOAA20,DAY,WINTER,,0,0,0,360,CLDMSK_L2_VIIRS_NOAA20.A2025340.1906.001.2025341073523.nc
2025-12-06T06:48:00+00:00,NOAA21,NIGHT,WINTER,1,0,0,0,720,CLDMSK_L2_VIIRS_NOAA21.A2025340.0648.001.2025340190635.nc
2025-12-06T08:30:00+00:00,NOAA21,NIGHT,WINTER,1,0,0,0,180,CLDMSK_L2_VIIRS_NOAA21.A2025340.0830.001.2025340190657.nc
2025-12-06T18:12:00+00:00,NOAA21,DAY,WINTER,,0,0,0,720,CLDMSK_L2_VIIRS_NOAA21.A2025340.1812.001.2025341072836.nc
2020-02-02T07:24:00+00:00,SNPP,NIGHT,WINTER,0,0,0,0,1440,CLDMSK_L2_VIIRS_SNPP.A2020033.0724.002.2026032035649.nc
2020-02-02T17:06:00+00:00,SNPP,DAY,WINTER,,0,0,0,360,CLDMSK_L2_VIIRS_SNPP.A2020033.1706.002.2026032035809.nc
2020-02-02T18:48:00+00:00,SNPP,DAY,WINTER,,0,0,0,720,CLDMSK_L2_VIIRS_SNPP.A2020033.1848.002.2026032035825.nc
2020-02-02T06:36:00+00:00,NOAA20,NIGHT,WINTER,0,0,0,0,1440,CLDMSK_L2_VIIRS_NOAA20.A2020033.0636.001.2020294223949.nc
2020-02-02T08:18:00+00:00,NOAA20,NIGHT,WINTER,0,0,0,0,1080,CLDMSK_L2_VIIRS_NOAA20.A2020033.0818.001.2020294223949.nc
2020-02-02T18:00:00+00:00,NOAA20,DAY,WINTER,,0,0,0,0,CLDMSK_L2_VIIRS_NOAA20.A2020033.1800.001.2020294224031.nc
2023-05-11T07:42:00+00:00,SNPP,NIGHT,SPRING,1,1,1,1,1080,CLDMSK_L2_VIIRS_SNPP.A2023131.0742.002.2026033190754.nc
2023-05-11T17:24:00+00:00,SNPP,DAY,SPRING,,1,0,0,1440,CLDMSK_L2_VIIRS_SNPP.A2023131.1724.002.2026033190857.nc
2023-05-11T19:06:00+00:00,SNPP,DAY,SPRING,,0,0,0,360,CLDMSK_L2_VIIRS_SNPP.A2023131.1906.002.2026033190912.nc
2023-05-11T06:48:00+00:00,NOAA20,NIGHT,SPRING,1,1,1,1,720,CLDMSK_L2_VIIRS_NOAA20.A2023131.0648.001.2023233205251.nc
2023-05-11T08:30:00+00:00,NOAA20,NIGHT,SPRING,1,1,0,1,1800,CLDMSK_L2_VIIRS_NOAA20.A2023131.0830.001.2023233205313.nc
2023-05-11T18:12:00+00:00,NOAA20,DAY,SPRING,,0,0,0,720,CLDMSK_L2_VIIRS_NOAA20.A2023131.1812.001.2023233205310.nc
2023-05-11T07:12:00+00:00,NOAA21,NIGHT,SPRING,1,1,1,1,720,CLDMSK_L2_VIIRS_NOAA21.A2023131.0712.001.2024130184859.nc
2023-05-11T16:54:00+00:00,NOAA21,DAY,SPRING,,0,0,0,360,CLDMSK_L2_VIIRS_NOAA21.A2023131.1654.001.2024130184821.nc
2023-05-11T18:36:00+00:00,NOAA21,DAY,SPRING,,0,0,0,1440,CLDMSK_L2_VIIRS_NOAA21.A2023131.1836.001.2024130184827.nc
2021-02-28T06:36:00+00:00,SNPP,NIGHT,WINTER,1,1,0,0,1440,CLDMSK_L2_VIIRS_SNPP.A2021059.0636.002.2026032180548.nc
2021-02-28T08:12:00+00:00,SNPP,NIGHT,WINTER,1,0,0,0,720,CLDMSK_L2_VIIRS_SNPP.A2021059.0812.002.2026032180544.nc
2021-02-28T18:00:00+00:00,SNPP,DAY,WINTER,,0,0,0,0,CLDMSK_L2_VIIRS_SNPP.A2021059.1800.002.2026032180700.nc
2021-02-28T07:24:00+00:00,NOAA20,NIGHT,WINTER,1,0,0,0,60,CLDMSK_L2_VIIRS_NOAA20.A2021059.0724.001.2021059190020.nc
2021-02-28T17:12:00+00:00,NOAA20,DAY,WINTER,,0,0,0,720,CLDMSK_L2_VIIRS_NOAA20.A2021059.1712.001.2021060005831.nc
2021-02-28T18:48:00+00:00,NOAA20,DAY,WINTER,,0,0,0,360,CLDMSK_L2_VIIRS_NOAA20.A2021059.1848.001.2021060070658.nc
2021-07-04T07:12:00+00:00,SNPP,NIGHT,SUMMER,1,0,0,0,720,CLDMSK_L2_VIIRS_SNPP.A2021185.0712.002.2026032215736.nc
2021-07-04T17:00:00+00:00,SNPP,DAY,SUMMER,,0,0,0,0,CLDMSK_L2_VIIRS_SNPP.A2021185.1700.002.2026032215856.nc
2021-07-04T18:36:00+00:00,SNPP,DAY,SUMMER,,1,1,1,1440,CLDMSK_L2_VIIRS_SNPP.A2021185.1836.002.2026032215911.nc
2021-07-04T06:24:00+00:00,NOAA20,NIGHT,SUMMER,1,0,0,1,1440,CLDMSK_L2_VIIRS_NOAA20.A2021185.0624.001.2021185193903.nc
2021-07-04T08:06:00+00:00,NOAA20,NIGHT,SUMMER,1,0,0,0,360,CLDMSK_L2_VIIRS_NOAA20.A2021185.0806.001.2021185193857.nc
2021-07-04T17:48:00+00:00,NOAA20,DAY,SUMMER,,1,1,0,720,CLDMSK_L2_VIIRS_NOAA20.A2021185.1748.001.2021186012521.nc
2021-04-17T06:36:00+00:00,SNPP,NIGHT,SPRING,0,0,0,0,1440,CLDMSK_L2_VIIRS_SNPP.A2021107.0636.002.2026032193346.nc
2021-04-17T08:12:00+00:00,SNPP,NIGHT,SPRING,0,0,0,0,720,CLDMSK_L2_VIIRS_SNPP.A2021107.0812.002.2026032193354.nc
2021-04-17T18:00:00+00:00,SNPP,DAY,SPRING,,0,0,0,0,CLDMSK_L2_VIIRS_SNPP.A2021107.1800.002.2026032193435.nc
2021-04-17T07:24:00+00:00,NOAA20,NIGHT,SPRING,0,0,0,0,1440,CLDMSK_L2_VIIRS_NOAA20.A2021107.0724.001.2021107192212.nc
2021-04-17T17:12:00+00:00,NOAA20,DAY,SPRING,,0,0,0,720,CLDMSK_L2_VIIRS_NOAA20.A2021107.1712.001.2021108012042.nc
2021-04-17T18:48:00+00:00,NOAA20,DAY,SPRING,,0,0,0,720,CLDMSK_L2_VIIRS_NOAA20.A2021107.1848.001.2021108073604.nc
2021-03-14T07:12:00+00:00,SNPP,NIGHT,SPRING,0,1,1,1,720,CLDMSK_L2_VIIRS_SNPP.A2021073.0712.002.2026032183101.nc
2021-03-14T16:54:00+00:00,SNPP,DAY,SPRING,,0,0,1,360,CLDMSK_L2_VIIRS_SNPP.A2021073.1654.002.2026032183225.nc
2021-03-14T18:36:00+00:00,SNPP,DAY,SPRING,,0,0,1,1440,CLDMSK_L2_VIIRS_SNPP.A2021073.1836.002.2026032183209.nc
2021-03-14T06:24:00+00:00,NOAA20,NIGHT,SPRING,0,1,1,1,1440,CLDMSK_L2_VIIRS_NOAA20.A2021073.0624.001.2021073191014.nc
2021-03-14T08:00:00+00:00,NOAA20,NIGHT,SPRING,0,1,1,1,0,CLDMSK_L2_VIIRS_NOAA20.A2021073.0800.001.2021073191016.nc
2021-03-14T17:48:00+00:00,NOAA20,DAY,SPRING,,0,0,1,720,CLDMSK_L2_VIIRS_NOAA20.A2021073.1748.001.2021074010309.nc
2023-01-20T07:18:00+00:00,SNPP,NIGHT,WINTER,0,0,0,0,0,CLDMSK_L2_VIIRS_SNPP.A2023020.0718.002.2026033144455.nc
2023-01-20T17:06:00+00:00,SNPP,DAY,WINTER,,0,0,0,360,CLDMSK_L2_VIIRS_SNPP.A2023020.1706.002.2026033144600.nc
2023-01-20T18:48:00+00:00,SNPP,DAY,WINTER,,0,0,0,0,CLDMSK_L2_VIIRS_SNPP.A2023020.1848.002.2026033144558.nc
2023-01-20T06:30:00+00:00,NOAA20,NIGHT,WINTER,0,0,0,0,120,CLDMSK_L2_VIIRS_NOAA20.A2023020.0630.001.2023233195639.nc
2023-01-20T08:06:00+00:00,NOAA20,NIGHT,WINTER,0,0,0,0,360,CLDMSK_L2_VIIRS_NOAA20.A2023020.0806.001.2023233195703.nc
2023-01-20T17:54:00+00:00,NOAA20,DAY,WINTER,,0,0,0,360,CLDMSK_L2_VIIRS_NOAA20.A2023020.1754.001.2023233195743.nc
2023-02-28T06:48:00+00:00,SNPP,NIGHT,WINTER,1,0,0,0,720,CLDMSK_L2_VIIRS_SNPP.A2023059.0648.002.2026033160044.nc
2023-02-28T08:30:00+00:00,SNPP,NIGHT,WINTER,0,1,0,0,1800,CLDMSK_L2_VIIRS_SNPP.A2023059.0830.002.2026033160046.nc
2023-02-28T18:12:00+00:00,SNPP,DAY,WINTER,,0,0,0,720,CLDMSK_L2_VIIRS_SNPP.A2023059.1812.002.2026033160145.nc
2023-02-28T07:36:00+00:00,NOAA20,NIGHT,WINTER,1,0,0,0,1440,CLDMSK_L2_VIIRS_NOAA20.A2023059.0736.001.2023233201827.nc
2023-02-28T17:24:00+00:00,NOAA20,DAY,WINTER,,0,0,0,1440,CLDMSK_L2_VIIRS_NOAA20.A2023059.1724.001.2023233201843.nc
2023-02-28T19:00:00+00:00,NOAA20,DAY,WINTER,,0,0,0,0,CLDMSK_L2_VIIRS_NOAA20.A2023059.1900.001.2023233202108.nc
2023-02-28T06:24:00+00:00,NOAA21,NIGHT,WINTER,1,0,0,0,1440,CLDMSK_L2_VIIRS_NOAA21.A2023059.0624.001.2024130183123.nc
2023-02-28T08:00:00+00:00,NOAA21,NIGHT,WINTER,0,0,0,0,0,CLDMSK_L2_VIIRS_NOAA21.A2023059.0800.001.2024130183042.nc
2023-02-28T17:48:00+00:00,NOAA21,DAY,WINTER,,0,0,0,720,CLDMSK_L2_VIIRS_NOAA21.A2023059.1748.001.2024130183143.nc
2022-05-12T06:24:00+00:00,SNPP,NIGHT,SPRING,1,1,1,1,1440,CLDMSK_L2_VIIRS_SNPP.A2022132.0624.002.2026033072557.nc
2022-05-12T08:00:00+00:00,SNPP,NIGHT,SPRING,1,1,1,1,0,CLDMSK_L2_VIIRS_SNPP.A2022132.0800.002.2026033072616.nc
2022-05-12T17:48:00+00:00,SNPP,DAY,SPRING,,1,0,0,720,CLDMSK_L2_VIIRS_SNPP.A2022132.1748.002.2026033072709.nc
2022-05-12T07:12:00+00:00,NOAA20,NIGHT,SPRING,1,1,1,1,720,CLDMSK_L2_VIIRS_NOAA20.A2022132.0712.001.2022132200139.nc
2022-05-12T17:00:00+00:00,NOAA20,DAY,SPRING,,0,0,0,0,CLDMSK_L2_VIIRS_NOAA20.A2022132.1700.001.2022133014252.nc
2022-05-12T18:36:00+00:00,NOAA20,DAY,SPRING,,0,0,0,1440,CLDMSK_L2_VIIRS_NOAA20.A2022132.1836.001.2022133075638.nc
2023-11-05T07:00:00+00:00,SNPP,NIGHT,AUTUMN,1,1,1,1,0,CLDMSK_L2_VIIRS_SNPP.A2023309.0700.002.2026034004111.nc
2023-11-05T18:24:00+00:00,SNPP,DAY,AUTUMN,,0,0,0,1440,CLDMSK_L2_VIIRS_SNPP.A2023309.1824.002.2026034004222.nc
2023-11-05T06:12:00+00:00,NOAA20,NIGHT,AUTUMN,1,1,0,0,720,CLDMSK_L2_VIIRS_NOAA20.A2023309.0612.002.2025235092953.nc
2023-11-05T07:48:00+00:00,NOAA20,NIGHT,AUTUMN,1,0,0,0,720,CLDMSK_L2_VIIRS_NOAA20.A2023309.0748.002.2025235093154.nc
2023-11-05T17:36:00+00:00,NOAA20,DAY,AUTUMN,,0,0,0,1440,CLDMSK_L2_VIIRS_NOAA20.A2023309.1736.002.2025235093658.nc
2023-11-05T19:18:00+00:00,NOAA20,DAY,AUTUMN,,0,0,0,1080,CLDMSK_L2_VIIRS_NOAA20.A2023309.1918.002.2025235093702.nc
2023-11-05T06:36:00+00:00,NOAA21,NIGHT,AUTUMN,1,1,1,1,1440,CLDMSK_L2_VIIRS_NOAA21.A2023309.0636.001.2024130192946.nc
2023-11-05T08:12:00+00:00,NOAA21,NIGHT,AUTUMN,1,1,1,0,720,CLDMSK_L2_VIIRS_NOAA21.A2023309.0812.001.2024130192944.nc
2023-11-05T18:00:00+00:00,NOAA21,DAY,AUTUMN,,0,0,0,0,CLDMSK_L2_VIIRS_NOAA21.A2023309.1800.001.2024130192957.nc
2022-04-13T07:06:00+00:00,SNPP,NIGHT,SPRING,1,0,0,0,360,CLDMSK_L2_VIIRS_SNPP.A2022103.0706.002.2026033063346.nc
2022-04-13T16:48:00+00:00,SNPP,DAY,SPRING,,0,0,0,720,CLDMSK_L2_VIIRS_SNPP.A2022103.1648.002.2026033063457.nc
2022-04-13T16:54:00+00:00,SNPP,DAY,SPRING,,0,0,0,360,CLDMSK_L2_VIIRS_SNPP.A2022103.1654.002.2026033063459.nc
2022-04-13T18:30:00+00:00,SNPP,DAY,SPRING,,0,0,0,1800,CLDMSK_L2_VIIRS_SNPP.A2022103.1830.002.2026033063507.nc
2022-04-13T06:18:00+00:00,NOAA20,NIGHT,SPRING,1,0,0,0,1080,CLDMSK_L2_VIIRS_NOAA20.A2022103.0618.001.2022103194233.nc
2022-04-13T08:00:00+00:00,NOAA20,NIGHT,SPRING,1,0,0,0,0,CLDMSK_L2_VIIRS_NOAA20.A2022103.0800.001.2022103194226.nc
2022-04-13T17:42:00+00:00,NOAA20,DAY,SPRING,,0,0,0,1080,CLDMSK_L2_VIIRS_NOAA20.A2022103.1742.001.2022104013249.nc
2022-04-13T19:24:00+00:00,NOAA20,DAY,SPRING,,0,0,0,1440,CLDMSK_L2_VIIRS_NOAA20.A2022103.1924.001.2022104074519.nc
2022-12-17T06:18:00+00:00,SNPP,NIGHT,WINTER,1,1,1,0,1080,CLDMSK_L2_VIIRS_SNPP.A2022351.0618.002.2026033134142.nc
2022-12-17T08:00:00+00:00,SNPP,NIGHT,WINTER,1,1,0,0,0,CLDMSK_L2_VIIRS_SNPP.A2022351.0800.002.2026033134149.nc
2022-12-17T17:42:00+00:00,SNPP,DAY,WINTER,,0,0,0,1080,CLDMSK_L2_VIIRS_SNPP.A2022351.1742.002.2026033134305.nc
2022-12-17T19:24:00+00:00,SNPP,DAY,WINTER,,0,0,0,1440,CLDMSK_L2_VIIRS_SNPP.A2022351.1924.002.2026033134257.nc
2022-12-17T07:06:00+00:00,NOAA20,NIGHT,WINTER,1,0,0,0,360,CLDMSK_L2_VIIRS_NOAA20.A2022351.0706.001.2022351192545.nc
2022-12-17T16:48:00+00:00,NOAA20,DAY,WINTER,,0,0,0,720,CLDMSK_L2_VIIRS_NOAA20.A2022351.1648.001.2022352051457.nc
2022-12-17T18:30:00+00:00,NOAA20,DAY,WINTER,,0,0,0,1800,CLDMSK_L2_VIIRS_NOAA20.A2022351.1830.001.2022352073455.nc
2025-09-01T07:18:00+00:00,SNPP,NIGHT,AUTUMN,0,1,1,1,1080,CLDMSK_L2_VIIRS_SNPP.A2025244.0718.002.2026034210452.nc
2025-09-01T17:00:00+00:00,SNPP,DAY,AUTUMN,,1,1,1,0,CLDMSK_L2_VIIRS_SNPP.A2025244.1700.002.2026034210548.nc
2025-09-01T18:42:00+00:00,SNPP,DAY,AUTUMN,,1,1,1,1080,CLDMSK_L2_VIIRS_SNPP.A2025244.1842.002.2026034210603.nc
2025-09-01T07:36:00+00:00,NOAA20,NIGHT,AUTUMN,0,1,1,1,1440,CLDMSK_L2_VIIRS_NOAA20.A2025244.0736.001.2025244194928.nc
2025-09-01T17:24:00+00:00,NOAA20,DAY,AUTUMN,,1,1,1,1440,CLDMSK_L2_VIIRS_NOAA20.A2025244.1724.001.2025245052958.nc
2025-09-01T19:00:00+00:00,NOAA20,DAY,AUTUMN,,1,1,1,0,CLDMSK_L2_VIIRS_NOAA20.A2025244.1900.001.2025245074034.nc
2025-09-01T06:48:00+00:00,NOAA21,NIGHT,AUTUMN,0,1,1,1,720,CLDMSK_L2_VIIRS_NOAA21.A2025244.0648.001.2025244191215.nc
2025-09-01T08:30:00+00:00,NOAA21,NIGHT,AUTUMN,0,1,1,1,1800,CLDMSK_L2_VIIRS_NOAA21.A2025244.0830.001.2025244191219.nc
2025-09-01T18:12:00+00:00,NOAA21,DAY,AUTUMN,,1,1,1,720,CLDMSK_L2_VIIRS_NOAA21.A2025244.1812.001.2025245074225.nc
2022-10-25T06:12:00+00:00,SNPP,NIGHT,AUTUMN,0,0,0,1,720,CLDMSK_L2_VIIRS_SNPP.A2022298.0612.002.2026033120312.nc
2022-10-25T07:54:00+00:00,SNPP,NIGHT,AUTUMN,0,0,0,1,360,CLDMSK_L2_VIIRS_SNPP.A2022298.0754.002.2026033120316.nc
2022-10-25T17:36:00+00:00,SNPP,DAY,AUTUMN,,0,0,0,1440,CLDMSK_L2_VIIRS_SNPP.A2022298.1736.002.2026033120425.nc
2022-10-25T19:18:00+00:00,SNPP,DAY,AUTUMN,,0,0,0,1080,CLDMSK_L2_VIIRS_SNPP.A2022298.1918.002.2026033120430.nc
2022-10-25T07:00:00+00:00,NOAA20,NIGHT,AUTUMN,0,0,0,1,0,CLDMSK_L2_VIIRS_NOAA20.A2022298.0700.001.2022298200853.nc
2022-10-25T18:24:00+00:00,NOAA20,DAY,AUTUMN,,0,0,0,1440,CLDMSK_L2_VIIRS_NOAA20.A2022298.1824.001.2022299073520.nc
2020-07-27T07:24:00+00:00,SNPP,NIGHT,SUMMER,0,1,1,1,1440,CLDMSK_L2_VIIRS_SNPP.A2020209.0724.002.2026032104029.nc
2020-07-27T17:12:00+00:00,SNPP,DAY,SUMMER,,0,0,0,0,CLDMSK_L2_VIIRS_SNPP.A2020209.1712.002.2026032104126.nc
2020-07-27T18:48:00+00:00,SNPP,DAY,SUMMER,,0,0,0,720,CLDMSK_L2_VIIRS_SNPP.A2020209.1848.002.2026032104134.nc
2020-07-27T06:36:00+00:00,NOAA20,NIGHT,SUMMER,0,1,1,1,1440,CLDMSK_L2_VIIRS_NOAA20.A2020209.0636.001.2020294150228.nc
2020-07-27T08:18:00+00:00,NOAA20,NIGHT,SUMMER,0,0,0,1,1080,CLDMSK_L2_VIIRS_NOAA20.A2020209.0818.001.2020294150315.nc
2020-07-27T18:00:00+00:00,NOAA20,DAY,SUMMER,,0,0,0,0,CLDMSK_L2_VIIRS_NOAA20.A2020209.1800.001.2020294150330.nc
2021-01-13T07:36:00+00:00,SNPP,NIGHT,WINTER,0,0,0,0,1440,CLDMSK_L2_VIIRS_SNPP.A2021013.0736.002.2026032155719.nc
2021-01-13T17:24:00+00:00,SNPP,DAY,WINTER,,0,0,0,1440,CLDMSK_L2_VIIRS_SNPP.A2021013.1724.002.2026032155815.nc
2021-01-13T19:00:00+00:00,SNPP,DAY,WINTER,,0,0,0,0,CLDMSK_L2_VIIRS_SNPP.A2021013.1900.002.2026032155847.nc
2021-01-13T06:48:00+00:00,NOAA20,NIGHT,WINTER,0,0,0,0,720,CLDMSK_L2_VIIRS_NOAA20.A2021013.0648.001.2021013191317.nc
2021-01-13T08:30:00+00:00,NOAA20,NIGHT,WINTER,0,1,0,0,1800,CLDMSK_L2_VIIRS_NOAA20.A2021013.0830.001.2021013191338.nc
2021-01-13T18:12:00+00:00,NOAA20,DAY,WINTER,,0,0,0,720,CLDMSK_L2_VIIRS_NOAA20.A2021013.1812.001.2021014065831.nc
2023-02-07T06:42:00+00:00,SNPP,NIGHT,WINTER,1,0,0,0,1080,CLDMSK_L2_VIIRS_SNPP.A2023038.0642.002.2026033151753.nc
2023-02-07T08:24:00+00:00,SNPP,NIGHT,WINTER,1,0,0,0,1440,CLDMSK_L2_VIIRS_SNPP.A2023038.0824.002.2026033151804.nc
2023-02-07T18:06:00+00:00,SNPP,DAY,WINTER,,0,0,0,360,CLDMSK_L2_VIIRS_SNPP.A2023038.1806.002.2026033151856.nc
2023-02-07T07:30:00+00:00,NOAA20,NIGHT,WINTER,1,0,0,0,1800,CLDMSK_L2_VIIRS_NOAA20.A2023038.0730.001.2023233200756.nc
2023-02-07T17:18:00+00:00,NOAA20,DAY,WINTER,,0,0,0,1080,CLDMSK_L2_VIIRS_NOAA20.A2023038.1718.001.2023233200729.nc
2023-02-07T18:54:00+00:00,NOAA20,DAY,WINTER,,0,0,0,360,CLDMSK_L2_VIIRS_NOAA20.A2023038.1854.001.2023233200750.nc
2020-06-29T06:12:00+00:00,SNPP,NIGHT,SUMMER,0,0,0,1,720,CLDMSK_L2_VIIRS_SNPP.A2020181.0612.002.2026032094912.nc
2020-06-29T07:48:00+00:00,SNPP,NIGHT,SUMMER,0,0,0,1,720,CLDMSK_L2_VIIRS_SNPP.A2020181.0748.002.2026032094931.nc
2020-06-29T17:36:00+00:00,SNPP,DAY,SUMMER,,0,0,0,1440,CLDMSK_L2_VIIRS_SNPP.A2020181.1736.002.2026032095025.nc
2020-06-29T19:12:00+00:00,SNPP,DAY,SUMMER,,1,0,0,720,CLDMSK_L2_VIIRS_SNPP.A2020181.1912.002.2026032095031.nc
2020-06-29T07:00:00+00:00,NOAA20,NIGHT,SUMMER,0,1,0,1,0,CLDMSK_L2_VIIRS_NOAA20.A2020181.0700.001.2020294154732.nc
2020-06-29T18:24:00+00:00,NOAA20,DAY,SUMMER,,0,0,0,1440,CLDMSK_L2_VIIRS_NOAA20.A2020181.1824.001.2020294154814.nc
2020-01-15T06:24:00+00:00,SNPP,NIGHT,WINTER,1,1,0,0,1440,CLDMSK_L2_VIIRS_SNPP.A2020015.0624.002.2026032031118.nc
2020-01-15T08:00:00+00:00,SNPP,NIGHT,WINTER,1,1,0,0,0,CLDMSK_L2_VIIRS_SNPP.A2020015.0800.002.2026032031123.nc
2020-01-15T17:48:00+00:00,SNPP,DAY,WINTER,,0,0,0,720,CLDMSK_L2_VIIRS_SNPP.A2020015.1748.002.2026032031255.nc
2020-01-15T07:12:00+00:00,NOAA20,NIGHT,WINTER,1,0,0,0,720,CLDMSK_L2_VIIRS_NOAA20.A2020015.0712.001.2020294230454.nc
2020-01-15T16:54:00+00:00,NOAA20,DAY,WINTER,,0,0,0,360,CLDMSK_L2_VIIRS_NOAA20.A2020015.1654.001.2020294230637.nc
2020-01-15T17:00:00+00:00,NOAA20,DAY,WINTER,,0,0,0,0,CLDMSK_L2_VIIRS_NOAA20.A2020015.1700.001.2020294230646.nc
2020-01-15T18:36:00+00:00,NOAA20,DAY,WINTER,,0,0,0,1440,CLDMSK_L2_VIIRS_NOAA20.A2020015.1836.001.2020294230617.nc
2023-09-28T07:12:00+00:00,SNPP,NIGHT,AUTUMN,1,0,0,0,720,CLDMSK_L2_VIIRS_SNPP.A2023271.0712.002.2026033233248.nc
2023-09-28T17:00:00+00:00,SNPP,DAY,AUTUMN,,0,0,0,0,CLDMSK_L2_VIIRS_SNPP.A2023271.1700.002.2026033233357.nc
2023-09-28T18:36:00+00:00,SNPP,DAY,AUTUMN,,0,0,0,1440,CLDMSK_L2_VIIRS_SNPP.A2023271.1836.002.2026033233358.nc
2023-09-28T06:24:00+00:00,NOAA20,NIGHT,AUTUMN,1,0,0,0,1440,CLDMSK_L2_VIIRS_NOAA20.A2023271.0624.002.2025235074020.nc
2023-09-28T08:06:00+00:00,NOAA20,NIGHT,AUTUMN,1,0,0,0,360,CLDMSK_L2_VIIRS_NOAA20.A2023271.0806.002.2025235073946.nc
2023-09-28T17:48:00+00:00,NOAA20,DAY,AUTUMN,,0,0,0,720,CLDMSK_L2_VIIRS_NOAA20.A2023271.1748.002.2025235074036.nc
2023-09-28T06:48:00+00:00,NOAA21,NIGHT,AUTUMN,1,0,0,0,720,CLDMSK_L2_VIIRS_NOAA21.A2023271.0648.001.2024130192025.nc
2023-09-28T08:24:00+00:00,NOAA21,NIGHT,AUTUMN,1,0,0,0,1440,CLDMSK_L2_VIIRS_NOAA21.A2023271.0824.001.2024130192020.nc
2023-09-28T18:12:00+00:00,NOAA21,DAY,AUTUMN,,0,0,0,720,CLDMSK_L2_VIIRS_NOAA21.A2023271.1812.001.2024130192039.nc
2021-06-19T06:54:00+00:00,SNPP,NIGHT,SUMMER,0,1,1,1,360,CLDMSK_L2_VIIRS_SNPP.A2021170.0654.002.2026032212957.nc
2021-06-19T18:18:00+00:00,SNPP,DAY,SUMMER,,0,0,0,1080,CLDMSK_L2_VIIRS_SNPP.A2021170.1818.002.2026032213108.nc
2021-06-19T06:06:00+00:00,NOAA20,NIGHT,SUMMER,1,0,0,0,360,CLDMSK_L2_VIIRS_NOAA20.A2021170.0606.001.2021170192536.nc
2021-06-19T07:42:00+00:00,NOAA20,NIGHT,SUMMER,0,1,1,1,1080,CLDMSK_L2_VIIRS_NOAA20.A2021170.0742.001.2021170192539.nc
2021-06-19T17:30:00+00:00,NOAA20,DAY,SUMMER,,1,0,0,1800,CLDMSK_L2_VIIRS_NOAA20.A2021170.1730.001.2021171013938.nc
2021-06-19T19:12:00+00:00,NOAA20,DAY,SUMMER,,0,0,0,720,CLDMSK_L2_VIIRS_NOAA20.A2021170.1912.001.2021171072207.nc
2022-12-08T07:24:00+00:00,SNPP,NIGHT,WINTER,1,0,0,0,1440,CLDMSK_L2_VIIRS_SNPP.A2022342.0724.002.2026033132507.nc
2022-12-08T17:12:00+00:00,SNPP,DAY,WINTER,,0,0,0,720,CLDMSK_L2_VIIRS_SNPP.A2022342.1712.002.2026033132612.nc
2022-12-08T18:48:00+00:00,SNPP,DAY,WINTER,,0,0,1,720,CLDMSK_L2_VIIRS_SNPP.A2022342.1848.002.2026033132628.nc
2022-12-08T06:36:00+00:00,NOAA20,NIGHT,WINTER,1,0,0,0,1440,CLDMSK_L2_VIIRS_NOAA20.A2022342.0636.001.2022342192047.nc
2022-12-08T08:12:00+00:00,NOAA20,NIGHT,WINTER,1,0,0,0,720,CLDMSK_L2_VIIRS_NOAA20.A2022342.0812.001.2022342203120.nc
2022-12-08T18:00:00+00:00,NOAA20,DAY,WINTER,,0,0,0,0,CLDMSK_L2_VIIRS_NOAA20.A2022342.1800.001.2022343073134.nc
2024-12-14T07:06:00+00:00,SNPP,NIGHT,WINTER,1,1,1,1,360,CLDMSK_L2_VIIRS_SNPP.A2024349.0706.002.2026034130401.nc
2024-12-14T16:54:00+00:00,SNPP,DAY,WINTER,,0,0,0,360,CLDMSK_L2_VIIRS_SNPP.A2024349.1654.002.2026034130524.nc
2024-12-14T18:30:00+00:00,SNPP,DAY,WINTER,,0,0,0,1800,CLDMSK_L2_VIIRS_SNPP.A2024349.1830.002.2026034130542.nc
2024-12-14T07:30:00+00:00,NOAA20,NIGHT,WINTER,1,1,1,1,1800,CLDMSK_L2_VIIRS_NOAA20.A2024349.0730.002.2025236054849.nc
2024-12-14T17:12:00+00:00,NOAA20,DAY,WINTER,,0,0,0,720,CLDMSK_L2_VIIRS_NOAA20.A2024349.1712.002.2025236055059.nc
2024-12-14T18:54:00+00:00,NOAA20,DAY,WINTER,,0,0,0,360,CLDMSK_L2_VIIRS_NOAA20.A2024349.1854.002.2025236055228.nc
2024-12-14T06:42:00+00:00,NOAA21,NIGHT,WINTER,1,1,1,1,1080,CLDMSK_L2_VIIRS_NOAA21.A2024349.0642.001.2024349191031.nc
2024-12-14T08:24:00+00:00,NOAA21,NIGHT,WINTER,1,1,1,1,1440,CLDMSK_L2_VIIRS_NOAA21.A2024349.0824.001.2024349191038.nc
2024-12-14T18:06:00+00:00,NOAA21,DAY,WINTER,,0,0,0,360,CLDMSK_L2_VIIRS_NOAA21.A2024349.1806.001.2024350073109.nc
2024-10-17T06:54:00+00:00,SNPP,NIGHT,AUTUMN,1,1,1,1,360,CLDMSK_L2_VIIRS_SNPP.A2024291.0654.002.2026034111718.nc
2024-10-17T08:36:00+00:00,SNPP,NIGHT,AUTUMN,1,1,1,1,1440,CLDMSK_L2_VIIRS_SNPP.A2024291.0836.002.2026034111723.nc
2024-10-17T18:18:00+00:00,SNPP,DAY,AUTUMN,,0,0,1,1080,CLDMSK_L2_VIIRS_SNPP.A2024291.1818.002.2026034111848.nc
2024-10-17T07:18:00+00:00,NOAA20,NIGHT,AUTUMN,1,1,1,1,1080,CLDMSK_L2_VIIRS_NOAA20.A2024291.0718.002.2025236032205.nc
2024-10-17T17:00:00+00:00,NOAA20,DAY,AUTUMN,,1,1,1,0,CLDMSK_L2_VIIRS_NOAA20.A2024291.1700.002.2025236032240.nc
2024-10-17T18:42:00+00:00,NOAA20,DAY,AUTUMN,,1,1,1,1080,CLDMSK_L2_VIIRS_NOAA20.A2024291.1842.002.2025236032259.nc
2024-10-17T06:30:00+00:00,NOAA21,NIGHT,AUTUMN,1,1,1,1,780,CLDMSK_L2_VIIRS_NOAA21.A2024291.0630.001.2024292002516.nc
2024-10-17T08:12:00+00:00,NOAA21,NIGHT,AUTUMN,1,1,1,1,720,CLDMSK_L2_VIIRS_NOAA21.A2024291.0812.001.2024292002537.nc
2024-10-17T17:54:00+00:00,NOAA21,DAY,AUTUMN,,0,1,1,360,CLDMSK_L2_VIIRS_NOAA21.A2024291.1754.001.2024292011535.nc
2020-02-09T06:54:00+00:00,SNPP,NIGHT,WINTER,1,0,0,0,360,CLDMSK_L2_VIIRS_SNPP.A2020040.0654.002.2026032041423.nc
2020-02-09T08:36:00+00:00,SNPP,NIGHT,WINTER,1,0,0,0,1440,CLDMSK_L2_VIIRS_SNPP.A2020040.0836.002.2026032041444.nc
2020-02-09T18:18:00+00:00,SNPP,DAY,WINTER,,0,0,0,1080,CLDMSK_L2_VIIRS_SNPP.A2020040.1818.002.2026032041607.nc
2020-02-09T06:06:00+00:00,NOAA20,NIGHT,WINTER,1,0,0,0,360,CLDMSK_L2_VIIRS_NOAA20.A2020040.0606.001.2020294223003.nc
2020-02-09T07:42:00+00:00,NOAA20,NIGHT,WINTER,1,0,0,0,1080,CLDMSK_L2_VIIRS_NOAA20.A2020040.0742.001.2020294223008.nc
2020-02-09T17:30:00+00:00,NOAA20,DAY,WINTER,,0,0,0,180,CLDMSK_L2_VIIRS_NOAA20.A2020040.1730.001.2020294223108.nc
2020-02-09T19:06:00+00:00,NOAA20,DAY,WINTER,,0,0,0,360,CLDMSK_L2_VIIRS_NOAA20.A2020040.1906.001.2020294223048.nc
2020-02-09T19:12:00+00:00,NOAA20,DAY,WINTER,,0,0,0,720,CLDMSK_L2_VIIRS_NOAA20.A2020040.1912.001.2020294223049.nc
2021-09-02T06:48:00+00:00,SNPP,NIGHT,AUTUMN,0,1,1,1,720,CLDMSK_L2_VIIRS_SNPP.A2021245.0648.002.2026032234519.nc
2021-09-02T08:30:00+00:00,SNPP,NIGHT,AUTUMN,0,1,1,1,1800,CLDMSK_L2_VIIRS_SNPP.A2021245.0830.002.2026032234521.nc
2021-09-02T18:12:00+00:00,SNPP,DAY,AUTUMN,,1,1,1,720,CLDMSK_L2_VIIRS_SNPP.A2021245.1812.002.2026032234614.nc
2021-09-02T06:00:00+00:00,NOAA20,NIGHT,AUTUMN,0,0,1,1,0,CLDMSK_L2_VIIRS_NOAA20.A2021245.0600.001.2021245193154.nc
2021-09-02T07:36:00+00:00,NOAA20,NIGHT,AUTUMN,0,1,1,1,1440,CLDMSK_L2_VIIRS_NOAA20.A2021245.0736.001.2021245193146.nc
2021-09-02T17:24:00+00:00,NOAA20,DAY,AUTUMN,,1,1,1,1440,CLDMSK_L2_VIIRS_NOAA20.A2021245.1724.001.2021246013730.nc
2021-09-02T19:00:00+00:00,NOAA20,DAY,AUTUMN,,1,1,1,0,CLDMSK_L2_VIIRS_NOAA20.A2021245.1900.001.2021246072400.nc
2020-05-27T06:30:00+00:00,SNPP,NIGHT,SPRING,0,1,1,1,1800,CLDMSK_L2_VIIRS_SNPP.A2020148.0630.002.2026032084349.nc
2020-05-27T08:06:00+00:00,SNPP,NIGHT,SPRING,0,1,1,1,360,CLDMSK_L2_VIIRS_SNPP.A2020148.0806.002.2026032084428.nc
2020-05-27T17:54:00+00:00,SNPP,DAY,SPRING,,0,0,0,360,CLDMSK_L2_VIIRS_SNPP.A2020148.1754.002.2026032084528.nc
2020-05-27T07:18:00+00:00,NOAA20,NIGHT,SPRING,0,1,1,1,1080,CLDMSK_L2_VIIRS_NOAA20.A2020148.0718.001.2020294194828.nc
2020-05-27T17:06:00+00:00,NOAA20,DAY,SPRING,,0,0,0,360,CLDMSK_L2_VIIRS_NOAA20.A2020148.1706.001.2020294195026.nc
2020-05-27T18:42:00+00:00,NOAA20,DAY,SPRING,,0,0,0,1080,CLDMSK_L2_VIIRS_NOAA20.A2020148.1842.001.2020294195030.nc
2024-02-21T06:36:00+00:00,SNPP,NIGHT,WINTER,1,0,0,0,1440,CLDMSK_L2_VIIRS_SNPP.A2024052.0636.002.2026034040023.nc
2024-02-21T08:18:00+00:00,SNPP,NIGHT,WINTER,1,0,0,0,1080,CLDMSK_L2_VIIRS_SNPP.A2024052.0818.002.2026034040021.nc
2024-02-21T18:00:00+00:00,SNPP,DAY,WINTER,,0,0,0,0,CLDMSK_L2_VIIRS_SNPP.A2024052.1800.002.2026034040137.nc
2024-02-21T07:24:00+00:00,NOAA20,NIGHT,WINTER,1,0,0,0,1440,CLDMSK_L2_VIIRS_NOAA20.A2024052.0724.002.2025235150405.nc
2024-02-21T17:12:00+00:00,NOAA20,DAY,WINTER,,0,0,0,720,CLDMSK_L2_VIIRS_NOAA20.A2024052.1712.002.2025235150625.nc
2024-02-21T18:48:00+00:00,NOAA20,DAY,WINTER,,0,0,0,720,CLDMSK_L2_VIIRS_NOAA20.A2024052.1848.002.2025235150447.nc
2024-02-21T06:06:00+00:00,NOAA21,NIGHT,WINTER,1,0,0,0,360,CLDMSK_L2_VIIRS_NOAA21.A2024052.0606.001.2024130195649.nc
2024-02-21T07:48:00+00:00,NOAA21,NIGHT,WINTER,1,0,0,0,720,CLDMSK_L2_VIIRS_NOAA21.A2024052.0748.001.2024130195637.nc
2024-02-21T17:30:00+00:00,NOAA21,DAY,WINTER,,0,0,0,1800,CLDMSK_L2_VIIRS_NOAA21.A2024052.1730.001.2024130195728.nc
2024-02-21T19:12:00+00:00,NOAA21,DAY,WINTER,,0,0,0,720,CLDMSK_L2_VIIRS_NOAA21.A2024052.1912.001.2024130195720.nc
2021-08-29T06:24:00+00:00,SNPP,NIGHT,SUMMER,1,0,0,0,1440,CLDMSK_L2_VIIRS_SNPP.A2021241.0624.002.2026032233744.nc
2021-08-29T08:06:00+00:00,SNPP,NIGHT,SUMMER,1,0,0,0,360,CLDMSK_L2_VIIRS_SNPP.A2021241.0806.002.2026032233755.nc
2021-08-29T17:48:00+00:00,SNPP,DAY,SUMMER,,0,0,0,720,CLDMSK_L2_VIIRS_SNPP.A2021241.1748.002.2026032233859.nc
2021-08-29T07:12:00+00:00,NOAA20,NIGHT,SUMMER,1,0,0,0,720,CLDMSK_L2_VIIRS_NOAA20.A2021241.0712.001.2021241193243.nc
2021-08-29T17:00:00+00:00,NOAA20,DAY,SUMMER,,0,0,0,0,CLDMSK_L2_VIIRS_NOAA20.A2021241.1700.001.2021242013327.nc
2021-08-29T18:36:00+00:00,NOAA20,DAY,SUMMER,,0,0,0,1440,CLDMSK_L2_VIIRS_NOAA20.A2021241.1836.001.2021242073036.nc
2024-10-26T07:24:00+00:00,SNPP,NIGHT,AUTUMN,1,1,1,1,1440,CLDMSK_L2_VIIRS_SNPP.A2024300.0724.002.2026034113335.nc
2024-10-26T17:06:00+00:00,SNPP,DAY,AUTUMN,,0,0,0,360,CLDMSK_L2_VIIRS_SNPP.A2024300.1706.002.2026034113450.nc
2024-10-26T18:48:00+00:00,SNPP,DAY,AUTUMN,,0,0,0,720,CLDMSK_L2_VIIRS_SNPP.A2024300.1848.002.2026034113505.nc
2024-10-26T06:06:00+00:00,NOAA20,NIGHT,AUTUMN,1,1,1,1,360,CLDMSK_L2_VIIRS_NOAA20.A2024300.0606.002.2025236034307.nc
2024-10-26T07:48:00+00:00,NOAA20,NIGHT,AUTUMN,1,1,1,1,720,CLDMSK_L2_VIIRS_NOAA20.A2024300.0748.002.2025236034312.nc
2024-10-26T17:36:00+00:00,NOAA20,DAY,AUTUMN,,0,0,0,60,CLDMSK_L2_VIIRS_NOAA20.A2024300.1736.002.2025236034512.nc
2024-10-26T19:12:00+00:00,NOAA20,DAY,AUTUMN,,1,0,0,720,CLDMSK_L2_VIIRS_NOAA20.A2024300.1912.002.2025236034529.nc
2024-10-26T07:00:00+00:00,NOAA21,NIGHT,AUTUMN,1,1,1,1,0,CLDMSK_L2_VIIRS_NOAA21.A2024300.0700.001.2024300190852.nc
2024-10-26T18:24:00+00:00,NOAA21,DAY,AUTUMN,,0,0,0,1440,CLDMSK_L2_VIIRS_NOAA21.A2024300.1824.001.2024301072640.nc
2021-06-06T07:36:00+00:00,SNPP,NIGHT,SUMMER,0,1,0,1,1440,CLDMSK_L2_VIIRS_SNPP.A2021157.0736.002.2026032210600.nc
2021-06-06T17:24:00+00:00,SNPP,DAY,SUMMER,,0,0,0,1440,CLDMSK_L2_VIIRS_SNPP.A2021157.1724.002.2026032210655.nc
2021-06-06T19:00:00+00:00,SNPP,DAY,SUMMER,,0,0,0,0,CLDMSK_L2_VIIRS_SNPP.A2021157.1900.002.2026032210708.nc
2021-06-06T06:48:00+00:00,NOAA20,NIGHT,SUMMER,0,1,1,1,720,CLDMSK_L2_VIIRS_NOAA20.A2021157.0648.001.2021157193704.nc
2021-06-06T18:12:00+00:00,NOAA20,DAY,SUMMER,,1,1,0,720,CLDMSK_L2_VIIRS_NOAA20.A2021157.1812.001.2021158072632.nc
2020-06-20T07:18:00+00:00,SNPP,NIGHT,SUMMER,0,0,0,1,1080,CLDMSK_L2_VIIRS_SNPP.A2020172.0718.002.2026032093244.nc
2020-06-20T17:00:00+00:00,SNPP,DAY,SUMMER,,1,1,1,0,CLDMSK_L2_VIIRS_SNPP.A2020172.1700.002.2026032093350.nc
2020-06-20T18:42:00+00:00,SNPP,DAY,SUMMER,,0,0,0,1080,CLDMSK_L2_VIIRS_SNPP.A2020172.1842.002.2026032093352.nc
2020-06-20T06:30:00+00:00,NOAA20,NIGHT,SUMMER,0,0,0,1,1800,CLDMSK_L2_VIIRS_NOAA20.A2020172.0630.001.2020294160239.nc
2020-06-20T08:12:00+00:00,NOAA20,NIGHT,SUMMER,0,0,0,1,720,CLDMSK_L2_VIIRS_NOAA20.A2020172.0812.001.2020294160246.nc
2020-06-20T17:54:00+00:00,NOAA20,DAY,SUMMER,,1,1,1,360,CLDMSK_L2_VIIRS_NOAA20.A2020172.1754.001.2020294160340.nc
2023-06-16T06:24:00+00:00,SNPP,NIGHT,SUMMER,0,0,0,0,1440,CLDMSK_L2_VIIRS_SNPP.A2023167.0624.002.2026033201511.nc
2023-06-16T08:06:00+00:00,SNPP,NIGHT,SUMMER,0,0,0,0,360,CLDMSK_L2_VIIRS_SNPP.A2023167.0806.002.2026033201519.nc
2023-06-16T17:48:00+00:00,SNPP,DAY,SUMMER,,0,0,0,720,CLDMSK_L2_VIIRS_SNPP.A2023167.1748.002.2026033201606.nc
2023-06-16T07:12:00+00:00,NOAA20,NIGHT,SUMMER,0,0,0,0,720,CLDMSK_L2_VIIRS_NOAA20.A2023167.0712.001.2023233211444.nc
2023-06-16T17:00:00+00:00,NOAA20,DAY,SUMMER,,0,0,0,0,CLDMSK_L2_VIIRS_NOAA20.A2023167.1700.001.2023233211403.nc
2023-06-16T18:36:00+00:00,NOAA20,DAY,SUMMER,,0,0,0,1440,CLDMSK_L2_VIIRS_NOAA20.A2023167.1836.001.2023233211503.nc
2023-06-16T07:36:00+00:00,NOAA21,NIGHT,SUMMER,0,0,0,0,1440,CLDMSK_L2_VIIRS_NOAA21.A2023167.0736.001.2024130185735.nc
2023-06-16T17:18:00+00:00,NOAA21,DAY,SUMMER,,0,0,0,1080,CLDMSK_L2_VIIRS_NOAA21.A2023167.1718.001.2024130185834.nc
2023-06-16T19:00:00+00:00,NOAA21,DAY,SUMMER,,0,0,0,0,CLDMSK_L2_VIIRS_NOAA21.A2023167.1900.001.2024130185823.nc
2024-02-02T07:30:00+00:00,SNPP,NIGHT,WINTER,1,0,0,0,840,CLDMSK_L2_VIIRS_SNPP.A2024033.0730.002.2026034032539.nc
2024-02-02T17:18:00+00:00,SNPP,DAY,WINTER,,1,1,1,1080,CLDMSK_L2_VIIRS_SNPP.A2024033.1718.002.2026034032643.nc
2024-02-02T18:54:00+00:00,SNPP,DAY,WINTER,,1,0,0,360,CLDMSK_L2_VIIRS_SNPP.A2024033.1854.002.2026034032636.nc
2024-02-02T06:42:00+00:00,NOAA20,NIGHT,WINTER,1,0,0,0,1080,CLDMSK_L2_VIIRS_NOAA20.A2024033.0642.002.2025235135748.nc
2024-02-02T08:24:00+00:00,NOAA20,NIGHT,WINTER,1,0,0,0,1440,CLDMSK_L2_VIIRS_NOAA20.A2024033.0824.002.2025235135737.nc
2024-02-02T18:06:00+00:00,NOAA20,DAY,WINTER,,0,1,1,360,CLDMSK_L2_VIIRS_NOAA20.A2024033.1806.002.2025235135840.nc
2024-02-02T07:06:00+00:00,NOAA21,NIGHT,WINTER,1,0,0,0,360,CLDMSK_L2_VIIRS_NOAA21.A2024033.0706.001.2024130195717.nc
2024-02-02T16:48:00+00:00,NOAA21,DAY,WINTER,,1,1,1,720,CLDMSK_L2_VIIRS_NOAA21.A2024033.1648.001.2024130195236.nc
2024-02-02T18:30:00+00:00,NOAA21,DAY,WINTER,,1,0,1,1800,CLDMSK_L2_VIIRS_NOAA21.A2024033.1830.001.2024130195227.nc
2020-06-12T06:30:00+00:00,SNPP,NIGHT,SUMMER,1,0,0,0,1800,CLDMSK_L2_VIIRS_SNPP.A2020164.0630.002.2026032091757.nc
2020-06-12T08:06:00+00:00,SNPP,NIGHT,SUMMER,1,0,0,1,360,CLDMSK_L2_VIIRS_SNPP.A2020164.0806.002.2026032091820.nc
2020-06-12T17:54:00+00:00,SNPP,DAY,SUMMER,,1,1,1,360,CLDMSK_L2_VIIRS_SNPP.A2020164.1754.002.2026032091911.nc
2020-06-12T07:18:00+00:00,NOAA20,NIGHT,SUMMER,1,0,0,0,1080,CLDMSK_L2_VIIRS_NOAA20.A2020164.0718.001.2020294161651.nc
2020-06-12T17:06:00+00:00,NOAA20,DAY,SUMMER,,0,1,1,360,CLDMSK_L2_VIIRS_NOAA20.A2020164.1706.001.2020294161628.nc
2020-06-12T18:42:00+00:00,NOAA20,DAY,SUMMER,,1,1,1,1080,CLDMSK_L2_VIIRS_NOAA20.A2020164.1842.001.2020294161652.nc
2024-01-05T06:18:00+00:00,SNPP,NIGHT,WINTER,0,0,0,0,1080,CLDMSK_L2_VIIRS_SNPP.A2024005.0618.002.2026034023457.nc
2024-01-05T08:00:00+00:00,SNPP,NIGHT,WINTER,1,1,0,0,0,CLDMSK_L2_VIIRS_SNPP.A2024005.0800.002.2026034023507.nc
2024-01-05T17:42:00+00:00,SNPP,DAY,WINTER,,0,0,0,1080,CLDMSK_L2_VIIRS_SNPP.A2024005.1742.002.2026034023629.nc
2024-01-05T19:24:00+00:00,SNPP,DAY,WINTER,,0,0,0,1440,CLDMSK_L2_VIIRS_SNPP.A2024005.1924.002.2026034023619.nc
2024-01-05T07:06:00+00:00,NOAA20,NIGHT,WINTER,1,0,0,0,360,CLDMSK_L2_VIIRS_NOAA20.A2024005.0706.002.2025235124942.nc
2024-01-05T16:54:00+00:00,NOAA20,DAY,WINTER,,0,0,0,360,CLDMSK_L2_VIIRS_NOAA20.A2024005.1654.002.2025235125202.nc
2024-01-05T18:30:00+00:00,NOAA20,DAY,WINTER,,0,0,0,1800,CLDMSK_L2_VIIRS_NOAA20.A2024005.1830.002.2025235125215.nc
2024-01-05T07:30:00+00:00,NOAA21,NIGHT,WINTER,1,0,0,0,1800,CLDMSK_L2_VIIRS_NOAA21.A2024005.0730.001.2024130194408.nc
2024-01-05T17:12:00+00:00,NOAA21,DAY,WINTER,,0,0,0,720,CLDMSK_L2_VIIRS_NOAA21.A2024005.1712.001.2024130194440.nc
2024-01-05T18:54:00+00:00,NOAA21,DAY,WINTER,,0,0,0,360,CLDMSK_L2_VIIRS_NOAA21.A2024005.1854.001.2024130194428.nc
2022-05-10T07:00:00+00:00,SNPP,NIGHT,SPRING,1,0,0,1,0,CLDMSK_L2_VIIRS_SNPP.A2022130.0700.002.2026033072232.nc
2022-05-10T18:24:00+00:00,SNPP,DAY,SPRING,,1,0,0,1440,CLDMSK_L2_VIIRS_SNPP.A2022130.1824.002.2026033072341.nc
2022-05-10T06:12:00+00:00,NOAA20,NIGHT,SPRING,1,0,0,1,720,CLDMSK_L2_VIIRS_NOAA20.A2022130.0612.001.2022130193949.nc
2022-05-10T07:48:00+00:00,NOAA20,NIGHT,SPRING,0,1,1,1,720,CLDMSK_L2_VIIRS_NOAA20.A2022130.0748.001.2022130193947.nc
2022-05-10T17:36:00+00:00,NOAA20,DAY,SPRING,,0,0,0,1440,CLDMSK_L2_VIIRS_NOAA20.A2022130.1736.001.2022131014731.nc
2022-05-10T19:18:00+00:00,NOAA20,DAY,SPRING,,0,0,0,1080,CLDMSK_L2_VIIRS_NOAA20.A2022130.1918.001.2022131074628.nc
2022-10-19T06:24:00+00:00,SNPP,NIGHT,AUTUMN,1,0,0,0,1440,CLDMSK_L2_VIIRS_SNPP.A2022292.0624.002.2026033115209.nc
2022-10-19T08:06:00+00:00,SNPP,NIGHT,AUTUMN,1,0,0,0,360,CLDMSK_L2_VIIRS_SNPP.A2022292.0806.002.2026033115221.nc
2022-10-19T17:48:00+00:00,SNPP,DAY,AUTUMN,,0,0,0,720,CLDMSK_L2_VIIRS_SNPP.A2022292.1748.002.2026033115318.nc
2022-10-19T07:12:00+00:00,NOAA20,NIGHT,AUTUMN,1,0,0,0,720,CLDMSK_L2_VIIRS_NOAA20.A2022292.0712.001.2022292195111.nc
2022-10-19T17:00:00+00:00,NOAA20,DAY,AUTUMN,,0,0,0,0,CLDMSK_L2_VIIRS_NOAA20.A2022292.1700.001.2022293052119.nc
2022-10-19T18:36:00+00:00,NOAA20,DAY,AUTUMN,,0,0,0,1440,CLDMSK_L2_VIIRS_NOAA20.A2022292.1836.001.2022293073114.nc
2021-02-25T07:30:00+00:00,SNPP,NIGHT,WINTER,1,0,0,1,1800,CLDMSK_L2_VIIRS_SNPP.A2021056.0730.002.2026032180016.nc
2021-02-25T17:18:00+00:00,SNPP,DAY,WINTER,,0,0,1,1080,CLDMSK_L2_VIIRS_SNPP.A2021056.1718.002.2026032180106.nc
2021-02-25T18:54:00+00:00,SNPP,DAY,WINTER,,0,0,1,360,CLDMSK_L2_VIIRS_SNPP.A2021056.1854.002.2026032180110.nc
2021-02-25T06:42:00+00:00,NOAA20,NIGHT,WINTER,1,1,0,1,1080,CLDMSK_L2_VIIRS_NOAA20.A2021056.0642.001.2021056190827.nc
2021-02-25T08:24:00+00:00,NOAA20,NIGHT,WINTER,1,0,0,0,1440,CLDMSK_L2_VIIRS_NOAA20.A2021056.0824.001.2021056190846.nc
2021-02-25T18:06:00+00:00,NOAA20,DAY,WINTER,,0,0,1,360,CLDMSK_L2_VIIRS_NOAA20.A2021056.1806.001.2021057071803.nc
2023-12-19T06:36:00+00:00,SNPP,NIGHT,WINTER,0,0,0,0,300,CLDMSK_L2_VIIRS_SNPP.A2023353.0636.002.2026034020352.nc
2023-12-19T08:18:00+00:00,SNPP,NIGHT,WINTER,0,0,0,0,1080,CLDMSK_L2_VIIRS_SNPP.A2023353.0818.002.2026034020347.nc
2023-12-19T18:00:00+00:00,SNPP,DAY,WINTER,,0,0,1,0,CLDMSK_L2_VIIRS_SNPP.A2023353.1800.002.2026034020506.nc
2023-12-19T07:24:00+00:00,NOAA20,NIGHT,WINTER,0,0,0,0,120,CLDMSK_L2_VIIRS_NOAA20.A2023353.0724.002.2025235115934.nc
2023-12-19T17:12:00+00:00,NOAA20,DAY,WINTER,,0,0,0,720,CLDMSK_L2_VIIRS_NOAA20.A2023353.1712.002.2025235120032.nc
2023-12-19T18:48:00+00:00,NOAA20,DAY,WINTER,,0,0,1,720,CLDMSK_L2_VIIRS_NOAA20.A2023353.1848.002.2025235120104.nc
2023-12-19T06:06:00+00:00,NOAA21,NIGHT,WINTER,0,0,0,0,360,CLDMSK_L2_VIIRS_NOAA21.A2023353.0606.001.2024130193923.nc
2023-12-19T07:48:00+00:00,NOAA21,NIGHT,WINTER,0,0,0,0,720,CLDMSK_L2_VIIRS_NOAA21.A2023353.0748.001.2024130193942.nc
2023-12-19T17:36:00+00:00,NOAA21,DAY,WINTER,,0,0,1,1440,CLDMSK_L2_VIIRS_NOAA21.A2023353.1736.001.2024130194028.nc
2023-12-19T19:12:00+00:00,NOAA21,DAY,WINTER,,0,0,1,720,CLDMSK_L2_VIIRS_NOAA21.A2023353.1912.001.2024130194023.nc
2021-09-25T06:18:00+00:00,SNPP,NIGHT,AUTUMN,1,1,1,1,1080,CLDMSK_L2_VIIRS_SNPP.A2021268.0618.002.2026033002722.nc
2021-09-25T08:00:00+00:00,SNPP,NIGHT,AUTUMN,1,1,1,1,0,CLDMSK_L2_VIIRS_SNPP.A2021268.0800.002.2026033002724.nc
2021-09-25T17:42:00+00:00,SNPP,DAY,AUTUMN,,0,0,0,1080,CLDMSK_L2_VIIRS_SNPP.A2021268.1742.002.2026033002829.nc
2021-09-25T19:24:00+00:00,SNPP,DAY,AUTUMN,,0,0,0,120,CLDMSK_L2_VIIRS_SNPP.A2021268.1924.002.2026033002835.nc
2021-09-25T07:06:00+00:00,NOAA20,NIGHT,AUTUMN,1,1,1,1,360,CLDMSK_L2_VIIRS_NOAA20.A2021268.0706.001.2021268194241.nc
2021-09-25T16:54:00+00:00,NOAA20,DAY,AUTUMN,,0,0,0,360,CLDMSK_L2_VIIRS_NOAA20.A2021268.1654.001.2021269012228.nc
2021-09-25T18:30:00+00:00,NOAA20,DAY,AUTUMN,,0,0,0,1800,CLDMSK_L2_VIIRS_NOAA20.A2021268.1830.001.2021269074107.nc
2022-08-27T06:18:00+00:00,SNPP,NIGHT,SUMMER,0,0,0,1,1080,CLDMSK_L2_VIIRS_SNPP.A2022239.0618.002.2026033101504.nc
2022-08-27T08:00:00+00:00,SNPP,NIGHT,SUMMER,0,1,1,1,0,CLDMSK_L2_VIIRS_SNPP.A2022239.0800.002.2026033101521.nc
2022-08-27T17:42:00+00:00,SNPP,DAY,SUMMER,,1,1,1,1080,CLDMSK_L2_VIIRS_SNPP.A2022239.1742.002.2026033101609.nc
2022-08-27T19:24:00+00:00,SNPP,DAY,SUMMER,,1,0,1,1440,CLDMSK_L2_VIIRS_SNPP.A2022239.1924.002.2026033101612.nc
2022-08-27T07:06:00+00:00,NOAA20,NIGHT,SUMMER,0,0,1,1,360,CLDMSK_L2_VIIRS_NOAA20.A2022239.0706.001.2022239194034.nc
2022-08-27T16:48:00+00:00,NOAA20,DAY,SUMMER,,1,1,1,720,CLDMSK_L2_VIIRS_NOAA20.A2022239.1648.001.2022240052411.nc
2022-08-27T18:30:00+00:00,NOAA20,DAY,SUMMER,,1,1,1,1800,CLDMSK_L2_VIIRS_NOAA20.A2022239.1830.001.2022240074119.nc
2021-10-27T06:18:00+00:00,SNPP,NIGHT,AUTUMN,1,0,0,0,1080,CLDMSK_L2_VIIRS_SNPP.A2021300.0618.002.2026033012616.nc
2021-10-27T08:00:00+00:00,SNPP,NIGHT,AUTUMN,1,0,0,0,0,CLDMSK_L2_VIIRS_SNPP.A2021300.0800.002.2026033012624.nc
2021-10-27T17:42:00+00:00,SNPP,DAY,AUTUMN,,1,1,1,1080,CLDMSK_L2_VIIRS_SNPP.A2021300.1742.002.2026033012739.nc
2021-10-27T19:24:00+00:00,SNPP,DAY,AUTUMN,,1,1,1,1440,CLDMSK_L2_VIIRS_SNPP.A2021300.1924.002.2026033012734.nc
2021-10-27T07:06:00+00:00,NOAA20,NIGHT,AUTUMN,1,0,0,0,360,CLDMSK_L2_VIIRS_NOAA20.A2021300.0706.001.2021300192739.nc
2021-10-27T16:48:00+00:00,NOAA20,DAY,AUTUMN,,1,1,1,720,CLDMSK_L2_VIIRS_NOAA20.A2021300.1648.001.2021301013831.nc
2021-10-27T18:30:00+00:00,NOAA20,DAY,AUTUMN,,1,1,1,1800,CLDMSK_L2_VIIRS_NOAA20.A2021300.1830.001.2021301072519.nc
2021-12-26T07:30:00+00:00,SNPP,NIGHT,WINTER,1,0,0,0,1800,CLDMSK_L2_VIIRS_SNPP.A2021360.0730.002.2026033031705.nc
2021-12-26T17:18:00+00:00,SNPP,DAY,WINTER,,0,0,0,1080,CLDMSK_L2_VIIRS_SNPP.A2021360.1718.002.2026033031828.nc
2021-12-26T19:00:00+00:00,SNPP,DAY,WINTER,,0,0,0,0,CLDMSK_L2_VIIRS_SNPP.A2021360.1900.002.2026033031818.nc
2021-12-26T06:42:00+00:00,NOAA20,NIGHT,WINTER,1,0,0,0,1080,CLDMSK_L2_VIIRS_NOAA20.A2021360.0642.001.2021360195239.nc
2021-12-26T08:18:00+00:00,NOAA20,NIGHT,WINTER,1,0,0,0,1080,CLDMSK_L2_VIIRS_NOAA20.A2021360.0818.001.2021360195232.nc
2021-12-26T18:06:00+00:00,NOAA20,DAY,WINTER,,0,0,0,360,CLDMSK_L2_VIIRS_NOAA20.A2021360.1806.001.2021361073428.nc
2024-08-15T06:36:00+00:00,SNPP,NIGHT,SUMMER,0,1,1,1,1440,CLDMSK_L2_VIIRS_SNPP.A2024228.0636.002.2026034092136.nc
2024-08-15T08:18:00+00:00,SNPP,NIGHT,SUMMER,0,1,1,1,1080,CLDMSK_L2_VIIRS_SNPP.A2024228.0818.002.2026034092149.nc
2024-08-15T18:00:00+00:00,SNPP,DAY,SUMMER,,1,1,1,0,CLDMSK_L2_VIIRS_SNPP.A2024228.1800.002.2026034092238.nc
2024-08-15T07:00:00+00:00,NOAA20,NIGHT,SUMMER,0,1,1,1,0,CLDMSK_L2_VIIRS_NOAA20.A2024228.0700.002.2025236000345.nc
2024-08-15T18:24:00+00:00,NOAA20,DAY,SUMMER,,1,1,1,1440,CLDMSK_L2_VIIRS_NOAA20.A2024228.1824.002.2025236000538.nc
2024-08-15T06:12:00+00:00,NOAA21,NIGHT,SUMMER,0,1,1,1,720,CLDMSK_L2_VIIRS_NOAA21.A2024228.0612.001.2024228191503.nc
2024-08-15T07:48:00+00:00,NOAA21,NIGHT,SUMMER,0,1,1,1,720,CLDMSK_L2_VIIRS_NOAA21.A2024228.0748.001.2024228191507.nc
2024-08-15T17:36:00+00:00,NOAA21,DAY,SUMMER,,1,1,1,1440,CLDMSK_L2_VIIRS_NOAA21.A2024228.1736.001.2024229013558.nc
2024-08-15T19:18:00+00:00,NOAA21,DAY,SUMMER,,1,1,1,1080,CLDMSK_L2_VIIRS_NOAA21.A2024228.1918.001.2024229072609.nc
2020-04-11T07:30:00+00:00,SNPP,NIGHT,SPRING,1,0,0,1,1800,CLDMSK_L2_VIIRS_SNPP.A2020102.0730.002.2026032064940.nc
2020-04-11T17:18:00+00:00,SNPP,DAY,SPRING,,0,0,0,1080,CLDMSK_L2_VIIRS_SNPP.A2020102.1718.002.2026032065120.nc
2020-04-11T18:54:00+00:00,SNPP,DAY,SPRING,,0,0,0,360,CLDMSK_L2_VIIRS_SNPP.A2020102.1854.002.2026032065102.nc
2020-04-11T06:42:00+00:00,NOAA20,NIGHT,SPRING,1,1,1,1,1080,CLDMSK_L2_VIIRS_NOAA20.A2020102.0642.001.2020294210156.nc
2020-04-11T08:24:00+00:00,NOAA20,NIGHT,SPRING,1,0,0,1,1440,CLDMSK_L2_VIIRS_NOAA20.A2020102.0824.001.2020294210205.nc
2020-04-11T18:06:00+00:00,NOAA20,DAY,SPRING,,0,0,0,360,CLDMSK_L2_VIIRS_NOAA20.A2020102.1806.001.2020294210341.nc
2022-01-04T06:24:00+00:00,SNPP,NIGHT,WINTER,0,1,1,1,1440,CLDMSK_L2_VIIRS_SNPP.A2022004.0624.002.2026033033317.nc
2022-01-04T08:06:00+00:00,SNPP,NIGHT,WINTER,0,1,1,1,360,CLDMSK_L2_VIIRS_SNPP.A2022004.0806.002.2026033033326.nc
2022-01-04T17:48:00+00:00,SNPP,DAY,WINTER,,1,0,0,720,CLDMSK_L2_VIIRS_SNPP.A2022004.1748.002.2026033033436.nc
2022-01-04T07:12:00+00:00,NOAA20,NIGHT,WINTER,0,0,0,1,720,CLDMSK_L2_VIIRS_NOAA20.A2022004.0712.001.2022004195318.nc
2022-01-04T16:54:00+00:00,NOAA20,DAY,WINTER,,0,0,0,360,CLDMSK_L2_VIIRS_NOAA20.A2022004.1654.001.2022005014322.nc
2022-01-04T18:36:00+00:00,NOAA20,DAY,WINTER,,0,0,0,1440,CLDMSK_L2_VIIRS_NOAA20.A2022004.1836.001.2022005072536.nc
2023-09-22T07:24:00+00:00,SNPP,NIGHT,AUTUMN,0,0,0,1,1440,CLDMSK_L2_VIIRS_SNPP.A2023265.0724.002.2026033232152.nc
2023-09-22T17:12:00+00:00,SNPP,DAY,AUTUMN,,1,1,0,720,CLDMSK_L2_VIIRS_SNPP.A2023265.1712.002.2026033232247.nc
2023-09-22T18:48:00+00:00,SNPP,DAY,AUTUMN,,1,1,0,720,CLDMSK_L2_VIIRS_SNPP.A2023265.1848.002.2026033232302.nc
2023-09-22T06:36:00+00:00,NOAA20,NIGHT,AUTUMN,0,0,0,1,1440,CLDMSK_L2_VIIRS_NOAA20.A2023265.0636.002.2025235072810.nc
2023-09-22T08:18:00+00:00,NOAA20,NIGHT,AUTUMN,0,0,0,1,1080,CLDMSK_L2_VIIRS_NOAA20.A2023265.0818.002.2025235072805.nc
2023-09-22T18:00:00+00:00,NOAA20,DAY,AUTUMN,,1,1,1,0,CLDMSK_L2_VIIRS_NOAA20.A2023265.1800.002.2025235072840.nc
2023-09-22T07:00:00+00:00,NOAA21,NIGHT,AUTUMN,0,0,0,1,0,CLDMSK_L2_VIIRS_NOAA21.A2023265.0700.001.2024130191900.nc
2023-09-22T18:24:00+00:00,NOAA21,DAY,AUTUMN,,1,1,1,1440,CLDMSK_L2_VIIRS_NOAA21.A2023265.1824.001.2024130191912.nc
2024-08-13T07:12:00+00:00,SNPP,NIGHT,SUMMER,0,0,0,0,720,CLDMSK_L2_VIIRS_SNPP.A2024226.0712.002.2026034091751.nc
2024-08-13T17:00:00+00:00,SNPP,DAY,SUMMER,,0,0,0,0,CLDMSK_L2_VIIRS_SNPP.A2024226.1700.002.2026034091851.nc
2024-08-13T18:36:00+00:00,SNPP,DAY,SUMMER,,0,0,0,1440,CLDMSK_L2_VIIRS_SNPP.A2024226.1836.002.2026034091850.nc
2024-08-13T07:36:00+00:00,NOAA20,NIGHT,SUMMER,0,0,0,1,1440,CLDMSK_L2_VIIRS_NOAA20.A2024226.0736.002.2025235235925.nc
2024-08-13T17:24:00+00:00,NOAA20,DAY,SUMMER,,0,0,0,1440,CLDMSK_L2_VIIRS_NOAA20.A2024226.1724.002.2025236000053.nc
2024-08-13T19:00:00+00:00,NOAA20,DAY,SUMMER,,0,0,0,0,CLDMSK_L2_VIIRS_NOAA20.A2024226.1900.002.2025236000118.nc
2024-08-13T06:48:00+00:00,NOAA21,NIGHT,SUMMER,0,0,0,0,720,CLDMSK_L2_VIIRS_NOAA21.A2024226.0648.001.2024226190320.nc
2024-08-13T08:30:00+00:00,NOAA21,NIGHT,SUMMER,0,0,0,1,1800,CLDMSK_L2_VIIRS_NOAA21.A2024226.0830.001.2024226190329.nc
2024-08-13T18:12:00+00:00,NOAA21,DAY,SUMMER,,0,0,0,720,CLDMSK_L2_VIIRS_NOAA21.A2024226.1812.001.2024227073355.nc
2022-10-13T06:36:00+00:00,SNPP,NIGHT,AUTUMN,1,0,0,0,540,CLDMSK_L2_VIIRS_SNPP.A2022286.0636.002.2026033114105.nc
2022-10-13T08:18:00+00:00,SNPP,NIGHT,AUTUMN,1,0,0,0,1080,CLDMSK_L2_VIIRS_SNPP.A2022286.0818.002.2026033114123.nc
2022-10-13T18:00:00+00:00,SNPP,DAY,AUTUMN,,0,0,0,0,CLDMSK_L2_VIIRS_SNPP.A2022286.1800.002.2026033114217.nc
2022-10-13T07:24:00+00:00,NOAA20,NIGHT,AUTUMN,1,0,0,0,1440,CLDMSK_L2_VIIRS_NOAA20.A2022286.0724.001.2022286194138.nc
2022-10-13T17:12:00+00:00,NOAA20,DAY,AUTUMN,,0,0,0,720,CLDMSK_L2_VIIRS_NOAA20.A2022286.1712.001.2022287053203.nc
2022-10-13T18:48:00+00:00,NOAA20,DAY,AUTUMN,,0,0,0,720,CLDMSK_L2_VIIRS_NOAA20.A2022286.1848.001.2022287073211.nc
2021-10-14T07:00:00+00:00,SNPP,NIGHT,AUTUMN,0,0,0,0,0,CLDMSK_L2_VIIRS_SNPP.A2021287.0700.002.2026033010207.nc
2021-10-14T18:24:00+00:00,SNPP,DAY,AUTUMN,,0,0,0,1440,CLDMSK_L2_VIIRS_SNPP.A2021287.1824.002.2026033010316.nc
2021-10-14T06:12:00+00:00,NOAA20,NIGHT,AUTUMN,0,1,0,0,720,CLDMSK_L2_VIIRS_NOAA20.A2021287.0612.001.2021287194600.nc
2021-10-14T07:48:00+00:00,NOAA20,NIGHT,AUTUMN,0,0,0,0,720,CLDMSK_L2_VIIRS_NOAA20.A2021287.0748.001.2021287194543.nc
2021-10-14T17:36:00+00:00,NOAA20,DAY,AUTUMN,,0,0,0,1440,CLDMSK_L2_VIIRS_NOAA20.A2021287.1736.001.2021288014605.nc
2021-10-14T19:18:00+00:00,NOAA20,DAY,AUTUMN,,0,0,0,1080,CLDMSK_L2_VIIRS_NOAA20.A2021287.1918.001.2021288073829.nc
2021-03-18T07:36:00+00:00,SNPP,NIGHT,SPRING,0,0,0,0,1440,CLDMSK_L2_VIIRS_SNPP.A2021077.0736.002.2026032183835.nc
2021-03-18T17:24:00+00:00,SNPP,DAY,SPRING,,0,0,0,1440,CLDMSK_L2_VIIRS_SNPP.A2021077.1724.002.2026032183927.nc
2021-03-18T19:00:00+00:00,SNPP,DAY,SPRING,,0,0,0,0,CLDMSK_L2_VIIRS_SNPP.A2021077.1900.002.2026032183940.nc
2021-03-18T06:48:00+00:00,NOAA20,NIGHT,SPRING,0,0,0,0,720,CLDMSK_L2_VIIRS_NOAA20.A2021077.0648.001.2021077191133.nc
2021-03-18T08:30:00+00:00,NOAA20,NIGHT,SPRING,0,0,0,0,600,CLDMSK_L2_VIIRS_NOAA20.A2021077.0830.001.2021077191123.nc
2021-03-18T18:12:00+00:00,NOAA20,DAY,SPRING,,0,0,0,720,CLDMSK_L2_VIIRS_NOAA20.A2021077.1812.001.2021078071840.nc
2024-04-15T06:24:00+00:00,SNPP,NIGHT,SPRING,1,1,1,1,1440,CLDMSK_L2_VIIRS_SNPP.A2024106.0624.002.2026034053947.nc
2024-04-15T08:06:00+00:00,SNPP,NIGHT,SPRING,0,0,0,0,360,CLDMSK_L2_VIIRS_SNPP.A2024106.0806.002.2026034053946.nc
2024-04-15T17:48:00+00:00,SNPP,DAY,SPRING,,1,0,0,720,CLDMSK_L2_VIIRS_SNPP.A2024106.1748.002.2026034054107.nc
2024-04-15T06:48:00+00:00,NOAA20,NIGHT,SPRING,1,1,1,1,720,CLDMSK_L2_VIIRS_NOAA20.A2024106.0648.002.2025235173659.nc
2024-04-15T08:30:00+00:00,NOAA20,NIGHT,SPRING,0,0,0,0,1800,CLDMSK_L2_VIIRS_NOAA20.A2024106.0830.002.2025235173818.nc
2024-04-15T18:12:00+00:00,NOAA20,DAY,SPRING,,0,0,0,720,CLDMSK_L2_VIIRS_NOAA20.A2024106.1812.002.2025235173902.nc
2024-04-15T07:36:00+00:00,NOAA21,NIGHT,SPRING,0,1,1,0,1440,CLDMSK_L2_VIIRS_NOAA21.A2024106.0736.001.2024130201113.nc
2024-04-15T17:24:00+00:00,NOAA21,DAY,SPRING,,0,0,0,1440,CLDMSK_L2_VIIRS_NOAA21.A2024106.1724.001.2024130201114.nc
2024-04-15T19:00:00+00:00,NOAA21,DAY,SPRING,,1,0,0,0,CLDMSK_L2_VIIRS_NOAA21.A2024106.1900.001.2024130201248.nc
2020-06-07T06:24:00+00:00,SNPP,NIGHT,SUMMER,1,1,0,1,1440,CLDMSK_L2_VIIRS_SNPP.A2020159.0624.002.2026032090829.nc
2020-06-07T08:00:00+00:00,SNPP,NIGHT,SUMMER,1,1,1,1,0,CLDMSK_L2_VIIRS_SNPP.A2020159.0800.002.2026032090855.nc
2020-06-07T17:48:00+00:00,SNPP,DAY,SUMMER,,1,1,1,720,CLDMSK_L2_VIIRS_SNPP.A2020159.1748.002.2026032090937.nc
2020-06-07T07:12:00+00:00,NOAA20,NIGHT,SUMMER,1,1,1,1,720,CLDMSK_L2_VIIRS_NOAA20.A2020159.0712.001.2020294162401.nc
2020-06-07T17:00:00+00:00,NOAA20,DAY,SUMMER,,1,1,1,0,CLDMSK_L2_VIIRS_NOAA20.A2020159.1700.001.2020294162506.nc
2020-06-07T18:36:00+00:00,NOAA20,DAY,SUMMER,,1,0,0,1440,CLDMSK_L2_VIIRS_NOAA20.A2020159.1836.001.2020294162508.nc
2025-04-11T06:54:00+00:00,SNPP,NIGHT,SPRING,1,0,0,0,360,CLDMSK_L2_VIIRS_SNPP.A2025101.0654.002.2026034164331.nc
2025-04-11T08:36:00+00:00,SNPP,NIGHT,SPRING,1,0,0,0,1440,CLDMSK_L2_VIIRS_SNPP.A2025101.0836.002.2026034164340.nc
2025-04-11T18:18:00+00:00,SNPP,DAY,SPRING,,0,0,0,1080,CLDMSK_L2_VIIRS_SNPP.A2025101.1818.002.2026034164451.nc
2025-04-11T07:18:00+00:00,NOAA20,NIGHT,SPRING,1,0,0,0,1080,CLDMSK_L2_VIIRS_NOAA20.A2025101.0718.001.2025101193758.nc
2025-04-11T17:00:00+00:00,NOAA20,DAY,SPRING,,0,0,0,0,CLDMSK_L2_VIIRS_NOAA20.A2025101.1700.001.2025102051819.nc
2025-04-11T18:42:00+00:00,NOAA20,DAY,SPRING,,0,0,0,1080,CLDMSK_L2_VIIRS_NOAA20.A2025101.1842.001.2025102072832.nc
2025-04-11T06:30:00+00:00,NOAA21,NIGHT,SPRING,1,0,0,0,1800,CLDMSK_L2_VIIRS_NOAA21.A2025101.0630.001.2025101190031.nc
2025-04-11T08:12:00+00:00,NOAA21,NIGHT,SPRING,1,0,0,0,720,CLDMSK_L2_VIIRS_NOAA21.A2025101.0812.001.2025101190002.nc
2025-04-11T17:54:00+00:00,NOAA21,DAY,SPRING,,0,0,0,360,CLDMSK_L2_VIIRS_NOAA21.A2025101.1754.001.2025102013148.nc
2022-06-30T06:06:00+00:00,SNPP,NIGHT,SUMMER,0,0,0,1,360,CLDMSK_L2_VIIRS_SNPP.A2022181.0606.002.2026033085622.nc
2022-06-30T07:42:00+00:00,SNPP,NIGHT,SUMMER,0,0,0,1,1080,CLDMSK_L2_VIIRS_SNPP.A2022181.0742.002.2026033085636.nc
2022-06-30T17:30:00+00:00,SNPP,DAY,SUMMER,,0,0,0,1800,CLDMSK_L2_VIIRS_SNPP.A2022181.1730.002.2026033085731.nc
2022-06-30T19:06:00+00:00,SNPP,DAY,SUMMER,,0,0,0,360,CLDMSK_L2_VIIRS_SNPP.A2022181.1906.002.2026033085804.nc
2022-06-30T06:54:00+00:00,NOAA20,NIGHT,SUMMER,0,0,0,1,360,CLDMSK_L2_VIIRS_NOAA20.A2022181.0654.001.2022181192300.nc
2022-06-30T18:18:00+00:00,NOAA20,DAY,SUMMER,,0,0,0,1080,CLDMSK_L2_VIIRS_NOAA20.A2022181.1818.001.2022182073920.nc
2022-03-28T07:06:00+00:00,SNPP,NIGHT,SPRING,0,1,1,1,360,CLDMSK_L2_VIIRS_SNPP.A2022087.0706.002.2026033060442.nc
2022-03-28T16:54:00+00:00,SNPP,DAY,SPRING,,0,0,0,360,CLDMSK_L2_VIIRS_SNPP.A2022087.1654.002.2026033060541.nc
2022-03-28T18:30:00+00:00,SNPP,DAY,SPRING,,0,0,0,1800,CLDMSK_L2_VIIRS_SNPP.A2022087.1830.002.2026033060558.nc
2022-03-28T06:18:00+00:00,NOAA20,NIGHT,SPRING,0,1,1,1,1080,CLDMSK_L2_VIIRS_NOAA20.A2022087.0618.001.2022087192152.nc
2022-03-28T07:54:00+00:00,NOAA20,NIGHT,SPRING,0,0,0,0,360,CLDMSK_L2_VIIRS_NOAA20.A2022087.0754.001.2022087192144.nc
2022-03-28T17:42:00+00:00,NOAA20,DAY,SPRING,,0,0,0,1080,CLDMSK_L2_VIIRS_NOAA20.A2022087.1742.001.2022088012355.nc
2022-03-28T19:24:00+00:00,NOAA20,DAY,SPRING,,0,0,0,1440,CLDMSK_L2_VIIRS_NOAA20.A2022087.1924.001.2022088073125.nc
2025-02-28T06:42:00+00:00,SNPP,NIGHT,WINTER,0,0,0,0,1080,CLDMSK_L2_VIIRS_SNPP.A2025059.0642.002.2026034152300.nc
2025-02-28T08:24:00+00:00,SNPP,NIGHT,WINTER,0,1,0,0,1440,CLDMSK_L2_VIIRS_SNPP.A2025059.0824.002.2026034152321.nc
2025-02-28T18:06:00+00:00,SNPP,DAY,WINTER,,0,0,0,360,CLDMSK_L2_VIIRS_SNPP.A2025059.1806.002.2026034152429.nc
2025-02-28T07:06:00+00:00,NOAA20,NIGHT,WINTER,0,0,0,0,360,CLDMSK_L2_VIIRS_NOAA20.A2025059.0706.001.2025059192953.nc
2025-02-28T16:48:00+00:00,NOAA20,DAY,WINTER,,0,0,0,720,CLDMSK_L2_VIIRS_NOAA20.A2025059.1648.001.2025060051004.nc
2025-02-28T18:30:00+00:00,NOAA20,DAY,WINTER,,0,0,0,1320,CLDMSK_L2_VIIRS_NOAA20.A2025059.1830.001.2025060073012.nc
2025-02-28T06:18:00+00:00,NOAA21,NIGHT,WINTER,0,0,0,0,1080,CLDMSK_L2_VIIRS_NOAA21.A2025059.0618.001.2025059191126.nc
2025-02-28T08:00:00+00:00,NOAA21,NIGHT,WINTER,0,0,0,0,0,CLDMSK_L2_VIIRS_NOAA21.A2025059.0800.001.2025059191145.nc
2025-02-28T17:42:00+00:00,NOAA21,DAY,WINTER,,0,0,0,1080,CLDMSK_L2_VIIRS_NOAA21.A2025059.1742.001.2025060013202.nc
2025-02-28T19:24:00+00:00,NOAA21,DAY,WINTER,,0,0,0,120,CLDMSK_L2_VIIRS_NOAA21.A2025059.1924.001.2025060073224.nc
2023-12-03T06:36:00+00:00,SNPP,NIGHT,WINTER,1,0,0,0,1440,CLDMSK_L2_VIIRS_SNPP.A2023337.0636.002.2026034013350.nc
2023-12-03T08:18:00+00:00,SNPP,NIGHT,WINTER,1,0,0,0,1080,CLDMSK_L2_VIIRS_SNPP.A2023337.0818.002.2026034013357.nc
2023-12-03T18:00:00+00:00,SNPP,DAY,WINTER,,0,0,0,0,CLDMSK_L2_VIIRS_SNPP.A2023337.1800.002.2026034013502.nc
2023-12-03T07:24:00+00:00,NOAA20,NIGHT,WINTER,1,0,0,0,60,CLDMSK_L2_VIIRS_NOAA20.A2023337.0724.002.2025235105249.nc
2023-12-03T17:12:00+00:00,NOAA20,DAY,WINTER,,0,0,0,720,CLDMSK_L2_VIIRS_NOAA20.A2023337.1712.002.2025235105425.nc
2023-12-03T18:48:00+00:00,NOAA20,DAY,WINTER,,0,0,0,720,CLDMSK_L2_VIIRS_NOAA20.A2023337.1848.002.2025235105454.nc
2023-12-03T06:06:00+00:00,NOAA21,NIGHT,WINTER,1,0,0,0,360,CLDMSK_L2_VIIRS_NOAA21.A2023337.0606.001.2024130193623.nc
2023-12-03T07:48:00+00:00,NOAA21,NIGHT,WINTER,1,0,0,0,720,CLDMSK_L2_VIIRS_NOAA21.A2023337.0748.001.2024130193644.nc
2023-12-03T17:36:00+00:00,NOAA21,DAY,WINTER,,0,0,0,540,CLDMSK_L2_VIIRS_NOAA21.A2023337.1736.001.2024130193732.nc
2023-12-03T19:12:00+00:00,NOAA21,DAY,WINTER,,0,0,0,720,CLDMSK_L2_VIIRS_NOAA21.A2023337.1912.001.2024130193750.nc
2023-06-04T06:48:00+00:00,SNPP,NIGHT,SUMMER,1,0,1,1,720,CLDMSK_L2_VIIRS_SNPP.A2023155.0648.002.2026033195245.nc
2023-06-04T18:12:00+00:00,SNPP,DAY,SUMMER,,1,1,0,720,CLDMSK_L2_VIIRS_SNPP.A2023155.1812.002.2026033195410.nc
2023-06-04T07:36:00+00:00,NOAA20,NIGHT,SUMMER,1,1,1,1,1440,CLDMSK_L2_VIIRS_NOAA20.A2023155.0736.001.2023233210705.nc
2023-06-04T17:24:00+00:00,NOAA20,DAY,SUMMER,,1,1,0,1440,CLDMSK_L2_VIIRS_NOAA20.A2023155.1724.001.2023233210739.nc
2023-06-04T19:06:00+00:00,NOAA20,DAY,SUMMER,,1,1,0,360,CLDMSK_L2_VIIRS_NOAA20.A2023155.1906.001.2023233210728.nc
2023-06-04T06:24:00+00:00,NOAA21,NIGHT,SUMMER,1,1,1,1,1440,CLDMSK_L2_VIIRS_NOAA21.A2023155.0624.001.2024130185515.nc
2023-06-04T08:00:00+00:00,NOAA21,NIGHT,SUMMER,1,1,1,1,0,CLDMSK_L2_VIIRS_NOAA21.A2023155.0800.001.2024130185559.nc
2023-06-04T17:48:00+00:00,NOAA21,DAY,SUMMER,,1,1,0,720,CLDMSK_L2_VIIRS_NOAA21.A2023155.1748.001.2024130185636.nc
2022-07-21T06:12:00+00:00,SNPP,NIGHT,SUMMER,1,0,0,0,720,CLDMSK_L2_VIIRS_SNPP.A2022202.0612.002.2026033093504.nc
2022-07-21T07:48:00+00:00,SNPP,NIGHT,SUMMER,1,0,0,0,720,CLDMSK_L2_VIIRS_SNPP.A2022202.0748.002.2026033093519.nc
2022-07-21T17:36:00+00:00,SNPP,DAY,SUMMER,,0,0,0,1440,CLDMSK_L2_VIIRS_SNPP.A2022202.1736.002.2026033093612.nc
2022-07-21T19:18:00+00:00,SNPP,DAY,SUMMER,,0,0,0,1080,CLDMSK_L2_VIIRS_SNPP.A2022202.1918.002.2026033093628.nc
2022-07-21T07:00:00+00:00,NOAA20,NIGHT,SUMMER,1,0,0,0,0,CLDMSK_L2_VIIRS_NOAA20.A2022202.0700.001.2022215162637.nc
2022-07-21T18:24:00+00:00,NOAA20,DAY,SUMMER,,1,0,0,1440,CLDMSK_L2_VIIRS_NOAA20.A2022202.1824.001.2022215162808.nc
2022-07-02T07:06:00+00:00,SNPP,NIGHT,SUMMER,0,1,0,0,360,CLDMSK_L2_VIIRS_SNPP.A2022183.0706.002.2026033090003.nc
2022-07-02T16:48:00+00:00,SNPP,DAY,SUMMER,,0,0,0,720,CLDMSK_L2_VIIRS_SNPP.A2022183.1648.002.2026033090102.nc
2022-07-02T18:30:00+00:00,SNPP,DAY,SUMMER,,0,0,0,1800,CLDMSK_L2_VIIRS_SNPP.A2022183.1830.002.2026033090136.nc
2022-07-02T06:18:00+00:00,NOAA20,NIGHT,SUMMER,0,0,0,0,1080,CLDMSK_L2_VIIRS_NOAA20.A2022183.0618.001.2022183192208.nc
2022-07-02T07:54:00+00:00,NOAA20,NIGHT,SUMMER,0,0,1,1,360,CLDMSK_L2_VIIRS_NOAA20.A2022183.0754.001.2022183201149.nc
2022-07-02T17:42:00+00:00,NOAA20,DAY,SUMMER,,0,0,0,1080,CLDMSK_L2_VIIRS_NOAA20.A2022183.1742.001.2022184060714.nc
2022-07-02T19:24:00+00:00,NOAA20,DAY,SUMMER,,0,0,0,1440,CLDMSK_L2_VIIRS_NOAA20.A2022183.1924.001.2022184074646.nc
2020-04-06T07:24:00+00:00,SNPP,NIGHT,SPRING,1,1,1,1,1440,CLDMSK_L2_VIIRS_SNPP.A2020097.0724.002.2026032063734.nc
2020-04-06T17:12:00+00:00,SNPP,DAY,SPRING,,0,0,1,720,CLDMSK_L2_VIIRS_SNPP.A2020097.1712.002.2026032063856.nc
2020-04-06T18:48:00+00:00,SNPP,DAY,SPRING,,0,0,0,720,CLDMSK_L2_VIIRS_SNPP.A2020097.1848.002.2026032063900.nc
2020-04-06T06:36:00+00:00,NOAA20,NIGHT,SPRING,1,1,1,1,1440,CLDMSK_L2_VIIRS_NOAA20.A2020097.0636.001.2020294210845.nc
2020-04-06T08:18:00+00:00,NOAA20,NIGHT,SPRING,1,1,1,1,1080,CLDMSK_L2_VIIRS_NOAA20.A2020097.0818.001.2020294210912.nc
2020-04-06T18:00:00+00:00,NOAA20,DAY,SPRING,,0,0,1,0,CLDMSK_L2_VIIRS_NOAA20.A2020097.1800.001.2020294211013.nc
2022-03-02T06:54:00+00:00,SNPP,NIGHT,SPRING,0,0,0,0,360,CLDMSK_L2_VIIRS_SNPP.A2022061.0654.002.2026033051739.nc
2022-03-02T08:36:00+00:00,SNPP,NIGHT,SPRING,0,0,0,0,1440,CLDMSK_L2_VIIRS_SNPP.A2022061.0836.002.2026033051747.nc
2022-03-02T18:18:00+00:00,SNPP,DAY,SPRING,,0,0,0,1080,CLDMSK_L2_VIIRS_SNPP.A2022061.1818.002.2026033051849.nc
2022-03-02T06:06:00+00:00,NOAA20,NIGHT,SPRING,0,1,0,0,360,CLDMSK_L2_VIIRS_NOAA20.A2022061.0606.001.2022061193526.nc
2022-03-02T07:42:00+00:00,NOAA20,NIGHT,SPRING,0,0,0,0,1080,CLDMSK_L2_VIIRS_NOAA20.A2022061.0742.001.2022061193537.nc
2022-03-02T17:30:00+00:00,NOAA20,DAY,SPRING,,0,0,1,1800,CLDMSK_L2_VIIRS_NOAA20.A2022061.1730.001.2022062013548.nc
2022-03-02T19:06:00+00:00,NOAA20,DAY,SPRING,,0,0,,,CLDMSK_L2_VIIRS_NOAA20.A2022061.1906.001.2022062073311.nc
2024-06-20T07:24:00+00:00,SNPP,NIGHT,SUMMER,1,0,0,0,480,CLDMSK_L2_VIIRS_SNPP.A2024172.0724.002.2026034074029.nc
2024-06-20T17:12:00+00:00,SNPP,DAY,SUMMER,,0,0,0,720,CLDMSK_L2_VIIRS_SNPP.A2024172.1712.002.2026034074128.nc
2024-06-20T18:48:00+00:00,SNPP,DAY,SUMMER,,0,0,0,720,CLDMSK_L2_VIIRS_SNPP.A2024172.1848.002.2026034074148.nc
2024-06-20T06:12:00+00:00,NOAA20,NIGHT,SUMMER,1,0,0,0,720,CLDMSK_L2_VIIRS_NOAA20.A2024172.0612.002.2025235211240.nc
2024-06-20T07:48:00+00:00,NOAA20,NIGHT,SUMMER,1,0,0,0,240,CLDMSK_L2_VIIRS_NOAA20.A2024172.0748.002.2025235211255.nc
2024-06-20T17:36:00+00:00,NOAA20,DAY,SUMMER,,0,0,0,1440,CLDMSK_L2_VIIRS_NOAA20.A2024172.1736.002.2025235211652.nc
2024-06-20T19:12:00+00:00,NOAA20,DAY,SUMMER,,0,0,0,720,CLDMSK_L2_VIIRS_NOAA20.A2024172.1912.002.2025235211728.nc
2024-06-20T07:00:00+00:00,NOAA21,NIGHT,SUMMER,1,0,0,0,0,CLDMSK_L2_VIIRS_NOAA21.A2024172.0700.001.2024172191744.nc
2024-06-20T18:24:00+00:00,NOAA21,DAY,SUMMER,,0,0,0,1440,CLDMSK_L2_VIIRS_NOAA21.A2024172.1824.001.2024173071837.nc
2023-09-06T07:24:00+00:00,SNPP,NIGHT,AUTUMN,1,1,1,1,1440,CLDMSK_L2_VIIRS_SNPP.A2023249.0724.002.2026033225139.nc
2023-09-06T17:12:00+00:00,SNPP,DAY,AUTUMN,,0,0,0,720,CLDMSK_L2_VIIRS_SNPP.A2023249.1712.002.2026033225245.nc
2023-09-06T18:54:00+00:00,SNPP,DAY,AUTUMN,,0,0,0,360,CLDMSK_L2_VIIRS_SNPP.A2023249.1854.002.2026033225256.nc
2023-09-06T06:36:00+00:00,NOAA20,NIGHT,AUTUMN,1,1,1,1,1440,CLDMSK_L2_VIIRS_NOAA20.A2023249.0636.002.2025235063753.nc
2023-09-06T08:18:00+00:00,NOAA20,NIGHT,AUTUMN,1,1,1,1,1080,CLDMSK_L2_VIIRS_NOAA20.A2023249.0818.002.2025235063753.nc
2023-09-06T18:00:00+00:00,NOAA20,DAY,AUTUMN,,1,0,0,0,CLDMSK_L2_VIIRS_NOAA20.A2023249.1800.002.2025235063942.nc
2023-09-06T07:00:00+00:00,NOAA21,NIGHT,AUTUMN,1,1,1,1,0,CLDMSK_L2_VIIRS_NOAA21.A2023249.0700.001.2024130191441.nc
2023-09-06T18:24:00+00:00,NOAA21,DAY,AUTUMN,,0,0,0,1440,CLDMSK_L2_VIIRS_NOAA21.A2023249.1824.001.2024130191429.nc
2023-02-15T07:36:00+00:00,SNPP,NIGHT,WINTER,0,0,0,0,1440,CLDMSK_L2_VIIRS_SNPP.A2023046.0736.002.2026033153247.nc
2023-02-15T17:18:00+00:00,SNPP,DAY,WINTER,,0,0,0,1080,CLDMSK_L2_VIIRS_SNPP.A2023046.1718.002.2026033153433.nc
2023-02-15T19:00:00+00:00,SNPP,DAY,WINTER,,0,0,0,0,CLDMSK_L2_VIIRS_SNPP.A2023046.1900.002.2026033153432.nc
2023-02-15T06:42:00+00:00,NOAA20,NIGHT,WINTER,0,0,0,0,300,CLDMSK_L2_VIIRS_NOAA20.A2023046.0642.001.2023233201148.nc
2023-02-15T08:24:00+00:00,NOAA20,NIGHT,WINTER,0,0,0,0,1440,CLDMSK_L2_VIIRS_NOAA20.A2023046.0824.001.2023233201202.nc
2023-02-15T18:06:00+00:00,NOAA20,DAY,WINTER,,0,0,0,360,CLDMSK_L2_VIIRS_NOAA20.A2023046.1806.001.2023233201250.nc
2023-02-15T07:06:00+00:00,NOAA21,NIGHT,WINTER,0,0,0,0,360,CLDMSK_L2_VIIRS_NOAA21.A2023046.0706.001.2024130183050.nc
2023-02-15T16:48:00+00:00,NOAA21,DAY,WINTER,,0,0,0,720,CLDMSK_L2_VIIRS_NOAA21.A2023046.1648.001.2024130183006.nc
2023-02-15T18:30:00+00:00,NOAA21,DAY,WINTER,,0,0,0,1800,CLDMSK_L2_VIIRS_NOAA21.A2023046.1830.001.2024130183052.nc
2023-02-17T06:54:00+00:00,SNPP,NIGHT,WINTER,0,0,0,0,360,CLDMSK_L2_VIIRS_SNPP.A2023048.0654.002.2026033153730.nc
2023-02-17T08:36:00+00:00,SNPP,NIGHT,WINTER,0,0,0,0,1440,CLDMSK_L2_VIIRS_SNPP.A2023048.0836.002.2026033153731.nc
2023-02-17T18:18:00+00:00,SNPP,DAY,WINTER,,1,0,0,1080,CLDMSK_L2_VIIRS_SNPP.A2023048.1818.002.2026033153845.nc
2023-02-17T06:06:00+00:00,NOAA20,NIGHT,WINTER,0,0,0,0,360,CLDMSK_L2_VIIRS_NOAA20.A2023048.0606.001.2023233201211.nc
2023-02-17T07:42:00+00:00,NOAA20,NIGHT,WINTER,0,0,0,0,1080,CLDMSK_L2_VIIRS_NOAA20.A2023048.0742.001.2023233201159.nc
2023-02-17T17:30:00+00:00,NOAA20,DAY,WINTER,,0,0,0,1800,CLDMSK_L2_VIIRS_NOAA20.A2023048.1730.001.2023233201238.nc
2023-02-17T19:06:00+00:00,NOAA20,DAY,WINTER,,0,0,0,360,CLDMSK_L2_VIIRS_NOAA20.A2023048.1906.001.2023233201311.nc
2023-02-17T06:30:00+00:00,NOAA21,NIGHT,WINTER,0,0,0,0,540,CLDMSK_L2_VIIRS_NOAA21.A2023048.0630.001.2024130182939.nc
2023-02-17T08:06:00+00:00,NOAA21,NIGHT,WINTER,0,0,0,0,360,CLDMSK_L2_VIIRS_NOAA21.A2023048.0806.001.2024130183008.nc
2023-02-17T17:54:00+00:00,NOAA21,DAY,WINTER,,1,1,0,360,CLDMSK_L2_VIIRS_NOAA21.A2023048.1754.001.2024130183116.nc
2023-12-09T06:24:00+00:00,SNPP,NIGHT,WINTER,0,0,0,0,1440,CLDMSK_L2_VIIRS_SNPP.A2023343.0624.002.2026034014505.nc
2023-12-09T08:06:00+00:00,SNPP,NIGHT,WINTER,0,0,0,0,360,CLDMSK_L2_VIIRS_SNPP.A2023343.0806.002.2026034014513.nc
2023-12-09T17:48:00+00:00,SNPP,DAY,WINTER,,0,0,0,600,CLDMSK_L2_VIIRS_SNPP.A2023343.1748.002.2026034014607.nc
2023-12-09T07:12:00+00:00,NOAA20,NIGHT,WINTER,0,0,0,0,720,CLDMSK_L2_VIIRS_NOAA20.A2023343.0712.002.2025235112413.nc
2023-12-09T17:00:00+00:00,NOAA20,DAY,WINTER,,0,0,0,0,CLDMSK_L2_VIIRS_NOAA20.A2023343.1700.002.2025235112538.nc
2023-12-09T18:36:00+00:00,NOAA20,DAY,WINTER,,0,0,0,480,CLDMSK_L2_VIIRS_NOAA20.A2023343.1836.002.2025235112715.nc
2023-12-09T07:36:00+00:00,NOAA21,NIGHT,WINTER,0,0,0,0,1440,CLDMSK_L2_VIIRS_NOAA21.A2023343.0736.001.2024130193740.nc
2023-12-09T17:18:00+00:00,NOAA21,DAY,WINTER,,0,0,0,1080,CLDMSK_L2_VIIRS_NOAA21.A2023343.1718.001.2024130193843.nc
2023-12-09T19:00:00+00:00,NOAA21,DAY,WINTER,,0,0,0,0,CLDMSK_L2_VIIRS_NOAA21.A2023343.1900.001.2024130193843.nc
2025-09-17T07:18:00+00:00,SNPP,NIGHT,AUTUMN,0,1,1,1,1080,CLDMSK_L2_VIIRS_SNPP.A2025260.0718.002.2026034213434.nc
2025-09-17T17:00:00+00:00,SNPP,DAY,AUTUMN,,0,0,0,0,CLDMSK_L2_VIIRS_SNPP.A2025260.1700.002.2026034213536.nc
2025-09-17T18:42:00+00:00,SNPP,DAY,AUTUMN,,0,0,0,1080,CLDMSK_L2_VIIRS_SNPP.A2025260.1842.002.2026034213531.nc
2025-09-17T07:36:00+00:00,NOAA20,NIGHT,AUTUMN,0,1,1,1,1440,CLDMSK_L2_VIIRS_NOAA20.A2025260.0736.001.2025260195300.nc
2025-09-17T17:24:00+00:00,NOAA20,DAY,AUTUMN,,0,0,0,1440,CLDMSK_L2_VIIRS_NOAA20.A2025260.1724.001.2025261053341.nc
2025-09-17T19:00:00+00:00,NOAA20,DAY,AUTUMN,,1,1,0,0,CLDMSK_L2_VIIRS_NOAA20.A2025260.1900.001.2025261072401.nc
2025-09-17T06:48:00+00:00,NOAA21,NIGHT,AUTUMN,0,1,1,1,720,CLDMSK_L2_VIIRS_NOAA21.A2025260.0648.001.2025260191103.nc
2025-09-17T08:30:00+00:00,NOAA21,NIGHT,AUTUMN,0,1,1,1,1800,CLDMSK_L2_VIIRS_NOAA21.A2025260.0830.001.2025260191117.nc
2025-09-17T18:12:00+00:00,NOAA21,DAY,AUTUMN,,0,0,0,720,CLDMSK_L2_VIIRS_NOAA21.A2025260.1812.001.2025261071733.nc
2024-06-25T07:30:00+00:00,SNPP,NIGHT,SUMMER,1,1,1,1,1800,CLDMSK_L2_VIIRS_SNPP.A2024177.0730.002.2026034074943.nc
2024-06-25T17:18:00+00:00,SNPP,DAY,SUMMER,,0,0,0,120,CLDMSK_L2_VIIRS_SNPP.A2024177.1718.002.2026034075038.nc
2024-06-25T18:54:00+00:00,SNPP,DAY,SUMMER,,0,0,0,360,CLDMSK_L2_VIIRS_SNPP.A2024177.1854.002.2026034075041.nc
2024-06-25T06:18:00+00:00,NOAA20,NIGHT,SUMMER,1,1,1,1,1080,CLDMSK_L2_VIIRS_NOAA20.A2024177.0618.002.2025235212430.nc
2024-06-25T07:54:00+00:00,NOAA20,NIGHT,SUMMER,1,0,1,1,360,CLDMSK_L2_VIIRS_NOAA20.A2024177.0754.002.2025235212512.nc
2024-06-25T17:42:00+00:00,NOAA20,DAY,SUMMER,,0,0,0,1080,CLDMSK_L2_VIIRS_NOAA20.A2024177.1742.002.2025235212659.nc
2024-06-25T19:18:00+00:00,NOAA20,DAY,SUMMER,,0,0,0,780,CLDMSK_L2_VIIRS_NOAA20.A2024177.1918.002.2025235212652.nc
2024-06-25T07:06:00+00:00,NOAA21,NIGHT,SUMMER,1,1,1,1,360,CLDMSK_L2_VIIRS_NOAA21.A2024177.0706.001.2024177190948.nc
2024-06-25T16:48:00+00:00,NOAA21,DAY,SUMMER,,0,0,0,720,CLDMSK_L2_VIIRS_NOAA21.A2024177.1648.001.2024178010024.nc
2024-06-25T18:30:00+00:00,NOAA21,DAY,SUMMER,,0,0,0,1800,CLDMSK_L2_VIIRS_NOAA21.A2024177.1830.001.2024178073025.nc
2023-09-18T07:00:00+00:00,SNPP,NIGHT,AUTUMN,0,0,0,0,0,CLDMSK_L2_VIIRS_SNPP.A2023261.0700.002.2026033231418.nc
2023-09-18T18:24:00+00:00,SNPP,DAY,AUTUMN,,0,0,0,1440,CLDMSK_L2_VIIRS_SNPP.A2023261.1824.002.2026033231524.nc
2023-09-18T06:12:00+00:00,NOAA20,NIGHT,AUTUMN,0,0,0,0,720,CLDMSK_L2_VIIRS_NOAA20.A2023261.0612.002.2025235071514.nc
2023-09-18T07:54:00+00:00,NOAA20,NIGHT,AUTUMN,0,0,0,0,360,CLDMSK_L2_VIIRS_NOAA20.A2023261.0754.002.2025235071530.nc
2023-09-18T17:36:00+00:00,NOAA20,DAY,AUTUMN,,1,0,0,1440,CLDMSK_L2_VIIRS_NOAA20.A2023261.1736.002.2025235071602.nc
2023-09-18T19:18:00+00:00,NOAA20,DAY,AUTUMN,,0,0,0,1080,CLDMSK_L2_VIIRS_NOAA20.A2023261.1918.002.2025235071645.nc
2023-09-18T06:36:00+00:00,NOAA21,NIGHT,AUTUMN,0,0,0,0,1440,CLDMSK_L2_VIIRS_NOAA21.A2023261.0636.001.2024130191845.nc
2023-09-18T08:12:00+00:00,NOAA21,NIGHT,AUTUMN,0,0,0,0,720,CLDMSK_L2_VIIRS_NOAA21.A2023261.0812.001.2024130191900.nc
2023-09-18T18:00:00+00:00,NOAA21,DAY,AUTUMN,,0,0,0,0,CLDMSK_L2_VIIRS_NOAA21.A2023261.1800.001.2024130191912.nc
2020-04-23T07:06:00+00:00,SNPP,NIGHT,SPRING,0,0,0,0,360,CLDMSK_L2_VIIRS_SNPP.A2020114.0706.002.2026032071837.nc
2020-04-23T16:48:00+00:00,SNPP,DAY,SPRING,,0,0,0,720,CLDMSK_L2_VIIRS_SNPP.A2020114.1648.002.2026032071950.nc
2020-04-23T18:30:00+00:00,SNPP,DAY,SPRING,,0,0,0,1800,CLDMSK_L2_VIIRS_SNPP.A2020114.1830.002.2026032072012.nc
2020-04-23T06:18:00+00:00,NOAA20,NIGHT,SPRING,0,1,0,1,1080,CLDMSK_L2_VIIRS_NOAA20.A2020114.0618.001.2020294204412.nc
2020-04-23T08:00:00+00:00,NOAA20,NIGHT,SPRING,0,0,0,0,0,CLDMSK_L2_VIIRS_NOAA20.A2020114.0800.001.2020294204504.nc
2020-04-23T17:42:00+00:00,NOAA20,DAY,SPRING,,0,0,0,1080,CLDMSK_L2_VIIRS_NOAA20.A2020114.1742.001.2020294204457.nc
2020-04-23T19:24:00+00:00,NOAA20,DAY,SPRING,,0,0,0,1440,CLDMSK_L2_VIIRS_NOAA20.A2020114.1924.001.2020294204501.nc
2022-12-05T06:42:00+00:00,SNPP,NIGHT,WINTER,1,1,1,1,1080,CLDMSK_L2_VIIRS_SNPP.A2022339.0642.002.2026033131908.nc
2022-12-05T08:24:00+00:00,SNPP,NIGHT,WINTER,1,1,1,1,1440,CLDMSK_L2_VIIRS_SNPP.A2022339.0824.002.2026033131917.nc
2022-12-05T18:06:00+00:00,SNPP,DAY,WINTER,,0,0,0,360,CLDMSK_L2_VIIRS_SNPP.A2022339.1806.002.2026033132037.nc
2022-12-05T07:30:00+00:00,NOAA20,NIGHT,WINTER,1,1,1,1,1800,CLDMSK_L2_VIIRS_NOAA20.A2022339.0730.001.2022339193855.nc
2022-12-05T17:18:00+00:00,NOAA20,DAY,WINTER,,0,0,0,1080,CLDMSK_L2_VIIRS_NOAA20.A2022339.1718.001.2022340052846.nc
2022-12-05T18:54:00+00:00,NOAA20,DAY,WINTER,,0,0,0,360,CLDMSK_L2_VIIRS_NOAA20.A2022339.1854.001.2022340071925.nc
2020-06-05T07:00:00+00:00,SNPP,NIGHT,SUMMER,1,1,1,1,0,CLDMSK_L2_VIIRS_SNPP.A2020157.0700.002.2026032090457.nc
2020-06-05T18:24:00+00:00,SNPP,DAY,SUMMER,,0,0,0,720,CLDMSK_L2_VIIRS_SNPP.A2020157.1824.002.2026032090613.nc
2020-06-05T06:12:00+00:00,NOAA20,NIGHT,SUMMER,1,0,0,1,720,CLDMSK_L2_VIIRS_NOAA20.A2020157.0612.001.2020294162749.nc
2020-06-05T07:48:00+00:00,NOAA20,NIGHT,SUMMER,1,1,1,1,720,CLDMSK_L2_VIIRS_NOAA20.A2020157.0748.001.2020294162937.nc
2020-06-05T17:36:00+00:00,NOAA20,DAY,SUMMER,,1,0,0,1440,CLDMSK_L2_VIIRS_NOAA20.A2020157.1736.001.2020294162938.nc
2020-06-05T19:18:00+00:00,NOAA20,DAY,SUMMER,,0,0,0,180,CLDMSK_L2_VIIRS_NOAA20.A2020157.1918.001.2020294163002.nc
2021-03-20T07:00:00+00:00,SNPP,NIGHT,SPRING,0,1,1,,,CLDMSK_L2_VIIRS_SNPP.A2021079.0700.002.2026032184207.nc
2021-03-20T18:24:00+00:00,SNPP,DAY,SPRING,,0,1,1,1440,CLDMSK_L2_VIIRS_SNPP.A2021079.1824.002.2026032184317.nc
2021-03-20T06:12:00+00:00,NOAA20,NIGHT,SPRING,0,1,1,1,720,CLDMSK_L2_VIIRS_NOAA20.A2021079.0612.001.2021079192156.nc
2021-03-20T07:48:00+00:00,NOAA20,NIGHT,SPRING,0,1,1,1,720,CLDMSK_L2_VIIRS_NOAA20.A2021079.0748.001.2021079192158.nc
2021-03-20T17:36:00+00:00,NOAA20,DAY,SPRING,,0,1,1,1440,CLDMSK_L2_VIIRS_NOAA20.A2021079.1736.001.2021080010834.nc
2021-03-20T19:12:00+00:00,NOAA20,DAY,SPRING,,0,1,1,720,CLDMSK_L2_VIIRS_NOAA20.A2021079.1912.001.2021080065835.nc
2024-11-14T06:30:00+00:00,SNPP,NIGHT,AUTUMN,1,0,0,0,1800,CLDMSK_L2_VIIRS_SNPP.A2024319.0630.002.2026034120819.nc
2024-11-14T08:06:00+00:00,SNPP,NIGHT,AUTUMN,1,0,0,0,360,CLDMSK_L2_VIIRS_SNPP.A2024319.0806.002.2026034120820.nc
2024-11-14T17:54:00+00:00,SNPP,DAY,AUTUMN,,0,0,0,360,CLDMSK_L2_VIIRS_SNPP.A2024319.1754.002.2026034120923.nc
2024-11-14T06:54:00+00:00,NOAA20,NIGHT,AUTUMN,1,0,0,0,360,CLDMSK_L2_VIIRS_NOAA20.A2024319.0654.002.2025236043947.nc
2024-11-14T18:18:00+00:00,NOAA20,DAY,AUTUMN,,0,0,0,1080,CLDMSK_L2_VIIRS_NOAA20.A2024319.1818.002.2025236044220.nc
2024-11-14T06:06:00+00:00,NOAA21,NIGHT,AUTUMN,1,0,0,0,360,CLDMSK_L2_VIIRS_NOAA21.A2024319.0606.001.2024319190923.nc
2024-11-14T07:48:00+00:00,NOAA21,NIGHT,AUTUMN,1,0,0,0,720,CLDMSK_L2_VIIRS_NOAA21.A2024319.0748.001.2024319191035.nc
2024-11-14T17:30:00+00:00,NOAA21,DAY,AUTUMN,,0,0,0,1800,CLDMSK_L2_VIIRS_NOAA21.A2024319.1730.001.2024320013001.nc
2024-11-14T19:12:00+00:00,NOAA21,DAY,AUTUMN,,0,0,0,720,CLDMSK_L2_VIIRS_NOAA21.A2024319.1912.001.2024320072949.nc
2023-11-16T06:54:00+00:00,SNPP,NIGHT,AUTUMN,0,1,1,1,360,CLDMSK_L2_VIIRS_SNPP.A2023320.0654.002.2026034010141.nc
2023-11-16T08:36:00+00:00,SNPP,NIGHT,AUTUMN,0,1,1,1,1440,CLDMSK_L2_VIIRS_SNPP.A2023320.0836.002.2026034010145.nc
2023-11-16T18:18:00+00:00,SNPP,DAY,AUTUMN,,0,0,0,1080,CLDMSK_L2_VIIRS_SNPP.A2023320.1818.002.2026034010301.nc
2023-11-16T06:06:00+00:00,NOAA20,NIGHT,AUTUMN,0,1,1,1,360,CLDMSK_L2_VIIRS_NOAA20.A2023320.0606.002.2025235100418.nc
2023-11-16T07:42:00+00:00,NOAA20,NIGHT,AUTUMN,0,1,1,1,1080,CLDMSK_L2_VIIRS_NOAA20.A2023320.0742.002.2025235100526.nc
2023-11-16T17:30:00+00:00,NOAA20,DAY,AUTUMN,,0,0,0,1800,CLDMSK_L2_VIIRS_NOAA20.A2023320.1730.002.2025235100736.nc
2023-11-16T19:12:00+00:00,NOAA20,DAY,AUTUMN,,1,0,0,720,CLDMSK_L2_VIIRS_NOAA20.A2023320.1912.002.2025235100819.nc
2023-11-16T06:30:00+00:00,NOAA21,NIGHT,AUTUMN,0,1,1,1,1800,CLDMSK_L2_VIIRS_NOAA21.A2023320.0630.001.2024130193213.nc
2023-11-16T08:06:00+00:00,NOAA21,NIGHT,AUTUMN,0,1,1,1,360,CLDMSK_L2_VIIRS_NOAA21.A2023320.0806.001.2024130193237.nc
2023-11-16T17:54:00+00:00,NOAA21,DAY,AUTUMN,,0,0,0,360,CLDMSK_L2_VIIRS_NOAA21.A2023320.1754.001.2024130193224.nc
2024-11-22T07:18:00+00:00,SNPP,NIGHT,AUTUMN,1,0,0,0,1080,CLDMSK_L2_VIIRS_SNPP.A2024327.0718.002.2026034122347.nc
2024-11-22T17:00:00+00:00,SNPP,DAY,AUTUMN,,0,0,0,0,CLDMSK_L2_VIIRS_SNPP.A2024327.1700.002.2026034122449.nc
2024-11-22T18:42:00+00:00,SNPP,DAY,AUTUMN,,0,0,0,900,CLDMSK_L2_VIIRS_SNPP.A2024327.1842.002.2026034122453.nc
2024-11-22T06:00:00+00:00,NOAA20,NIGHT,AUTUMN,1,0,0,0,0,CLDMSK_L2_VIIRS_NOAA20.A2024327.0600.002.2025236045530.nc
2024-11-22T07:42:00+00:00,NOAA20,NIGHT,AUTUMN,1,0,0,0,1080,CLDMSK_L2_VIIRS_NOAA20.A2024327.0742.002.2025236045516.nc
2024-11-22T17:24:00+00:00,NOAA20,DAY,AUTUMN,,0,0,0,480,CLDMSK_L2_VIIRS_NOAA20.A2024327.1724.002.2025236045554.nc
2024-11-22T19:06:00+00:00,NOAA20,DAY,AUTUMN,,0,0,0,360,CLDMSK_L2_VIIRS_NOAA20.A2024327.1906.002.2025236045633.nc
2024-11-22T06:54:00+00:00,NOAA21,NIGHT,AUTUMN,1,0,0,0,360,CLDMSK_L2_VIIRS_NOAA21.A2024327.0654.001.2024327190447.nc
2024-11-22T18:18:00+00:00,NOAA21,DAY,AUTUMN,,0,0,0,540,CLDMSK_L2_VIIRS_NOAA21.A2024327.1818.001.2024328073514.nc
2025-09-25T06:24:00+00:00,SNPP,NIGHT,AUTUMN,0,0,0,0,1440,CLDMSK_L2_VIIRS_SNPP.A2025268.0624.002.2026034214918.nc
2025-09-25T08:06:00+00:00,SNPP,NIGHT,AUTUMN,0,0,0,0,360,CLDMSK_L2_VIIRS_SNPP.A2025268.0806.002.2026034214922.nc
2025-09-25T17:48:00+00:00,SNPP,DAY,AUTUMN,,0,0,0,720,CLDMSK_L2_VIIRS_SNPP.A2025268.1748.002.2026034215009.nc
2025-09-25T06:48:00+00:00,NOAA20,NIGHT,AUTUMN,0,0,0,0,720,CLDMSK_L2_VIIRS_NOAA20.A2025268.0648.001.2025268191826.nc
2025-09-25T08:30:00+00:00,NOAA20,NIGHT,AUTUMN,0,0,0,0,1800,CLDMSK_L2_VIIRS_NOAA20.A2025268.0830.001.2025268204906.nc
2025-09-25T18:12:00+00:00,NOAA20,DAY,AUTUMN,,0,0,0,720,CLDMSK_L2_VIIRS_NOAA20.A2025268.1812.001.2025269071931.nc
2025-09-25T07:36:00+00:00,NOAA21,NIGHT,AUTUMN,0,0,0,0,420,CLDMSK_L2_VIIRS_NOAA21.A2025268.0736.001.2025268192435.nc
2025-09-25T17:24:00+00:00,NOAA21,DAY,AUTUMN,,0,0,0,0,CLDMSK_L2_VIIRS_NOAA21.A2025268.1724.001.2025269012523.nc
2025-09-25T19:00:00+00:00,NOAA21,DAY,AUTUMN,,0,0,0,0,CLDMSK_L2_VIIRS_NOAA21.A2025268.1900.001.2025269072506.nc
2025-09-25T19:06:00+00:00,NOAA21,DAY,AUTUMN,,0,0,0,360,CLDMSK_L2_VIIRS_NOAA21.A2025268.1906.001.2025269072527.nc
2021-04-18T06:18:00+00:00,SNPP,NIGHT,SPRING,0,1,1,1,1080,CLDMSK_L2_VIIRS_SNPP.A2021108.0618.002.2026032193516.nc
2021-04-18T07:54:00+00:00,SNPP,NIGHT,SPRING,0,1,1,1,360,CLDMSK_L2_VIIRS_SNPP.A2021108.0754.002.2026032193529.nc
2021-04-18T17:42:00+00:00,SNPP,DAY,SPRING,,0,0,0,240,CLDMSK_L2_VIIRS_SNPP.A2021108.1742.002.2026032193625.nc
2021-04-18T19:18:00+00:00,SNPP,DAY,SPRING,,0,0,0,1080,CLDMSK_L2_VIIRS_SNPP.A2021108.1918.002.2026032193634.nc
2021-04-18T07:06:00+00:00,NOAA20,NIGHT,SPRING,0,1,1,1,360,CLDMSK_L2_VIIRS_NOAA20.A2021108.0706.001.2021108192937.nc
2021-04-18T16:48:00+00:00,NOAA20,DAY,SPRING,,0,0,0,720,CLDMSK_L2_VIIRS_NOAA20.A2021108.1648.001.2021109014554.nc
2021-04-18T18:30:00+00:00,NOAA20,DAY,SPRING,,0,0,0,1800,CLDMSK_L2_VIIRS_NOAA20.A2021108.1830.001.2021109073939.nc
2024-04-26T06:18:00+00:00,SNPP,NIGHT,SPRING,1,1,1,1,420,CLDMSK_L2_VIIRS_SNPP.A2024117.0618.002.2026034055938.nc
2024-04-26T08:00:00+00:00,SNPP,NIGHT,SPRING,1,1,1,1,0,CLDMSK_L2_VIIRS_SNPP.A2024117.0800.002.2026034060000.nc
2024-04-26T17:42:00+00:00,SNPP,DAY,SPRING,,0,0,0,1080,CLDMSK_L2_VIIRS_SNPP.A2024117.1742.002.2026034060125.nc
2024-04-26T19:24:00+00:00,SNPP,DAY,SPRING,,0,0,0,1440,CLDMSK_L2_VIIRS_SNPP.A2024117.1924.002.2026034060118.nc
2024-04-26T06:42:00+00:00,NOAA20,NIGHT,SPRING,1,1,1,1,1080,CLDMSK_L2_VIIRS_NOAA20.A2024117.0642.002.2025235180525.nc
2024-04-26T08:24:00+00:00,NOAA20,NIGHT,SPRING,1,0,1,1,1440,CLDMSK_L2_VIIRS_NOAA20.A2024117.0824.002.2025235180553.nc
2024-04-26T18:06:00+00:00,NOAA20,DAY,SPRING,,0,0,0,360,CLDMSK_L2_VIIRS_NOAA20.A2024117.1806.002.2025235180632.nc
2024-04-26T07:30:00+00:00,NOAA21,NIGHT,SPRING,1,1,1,1,1800,CLDMSK_L2_VIIRS_NOAA21.A2024117.0730.001.2024130201405.nc
2024-04-26T17:18:00+00:00,NOAA21,DAY,SPRING,,1,0,0,1080,CLDMSK_L2_VIIRS_NOAA21.A2024117.1718.001.2024130201630.nc
2024-04-26T18:54:00+00:00,NOAA21,DAY,SPRING,,0,0,0,360,CLDMSK_L2_VIIRS_NOAA21.A2024117.1854.001.2024130201610.nc
2022-02-17T07:36:00+00:00,SNPP,NIGHT,WINTER,1,0,0,0,1440,CLDMSK_L2_VIIRS_SNPP.A2022048.0736.002.2026033045351.nc
2022-02-17T17:24:00+00:00,SNPP,DAY,WINTER,,0,0,0,120,CLDMSK_L2_VIIRS_SNPP.A2022048.1724.002.2026033045512.nc
2022-02-17T19:00:00+00:00,SNPP,DAY,WINTER,,0,0,0,0,CLDMSK_L2_VIIRS_SNPP.A2022048.1900.002.2026033045500.nc
2022-02-17T06:48:00+00:00,NOAA20,NIGHT,WINTER,1,0,0,0,720,CLDMSK_L2_VIIRS_NOAA20.A2022048.0648.001.2022048193127.nc
2022-02-17T08:30:00+00:00,NOAA20,NIGHT,WINTER,1,0,0,0,1800,CLDMSK_L2_VIIRS_NOAA20.A2022048.0830.001.2022048193129.nc
2022-02-17T18:12:00+00:00,NOAA20,DAY,WINTER,,0,0,0,720,CLDMSK_L2_VIIRS_NOAA20.A2022048.1812.001.2022049074400.nc
2022-11-09T06:30:00+00:00,SNPP,NIGHT,AUTUMN,1,0,0,1,1800,CLDMSK_L2_VIIRS_SNPP.A2022313.0630.002.2026033123144.nc
2022-11-09T08:12:00+00:00,SNPP,NIGHT,AUTUMN,1,1,1,0,720,CLDMSK_L2_VIIRS_SNPP.A2022313.0812.002.2026033123159.nc
2022-11-09T17:54:00+00:00,SNPP,DAY,AUTUMN,,1,1,1,360,CLDMSK_L2_VIIRS_SNPP.A2022313.1754.002.2026033123303.nc
2022-11-09T07:18:00+00:00,NOAA20,NIGHT,AUTUMN,1,0,0,0,1080,CLDMSK_L2_VIIRS_NOAA20.A2022313.0718.001.2022313193319.nc
2022-11-09T17:06:00+00:00,NOAA20,DAY,AUTUMN,,1,1,1,360,CLDMSK_L2_VIIRS_NOAA20.A2022313.1706.001.2022314052329.nc
2022-11-09T18:42:00+00:00,NOAA20,DAY,AUTUMN,,0,0,1,1080,CLDMSK_L2_VIIRS_NOAA20.A2022313.1842.001.2022314123405.nc
2020-06-30T07:30:00+00:00,SNPP,NIGHT,SUMMER,0,0,0,1,1800,CLDMSK_L2_VIIRS_SNPP.A2020182.0730.002.2026032095113.nc
2020-06-30T17:18:00+00:00,SNPP,DAY,SUMMER,,1,1,1,1080,CLDMSK_L2_VIIRS_SNPP.A2020182.1718.002.2026032095217.nc
2020-06-30T18:54:00+00:00,SNPP,DAY,SUMMER,,1,1,1,360,CLDMSK_L2_VIIRS_SNPP.A2020182.1854.002.2026032095216.nc
2020-06-30T06:42:00+00:00,NOAA20,NIGHT,SUMMER,0,0,0,1,1080,CLDMSK_L2_VIIRS_NOAA20.A2020182.0642.001.2020294154638.nc
2020-06-30T18:06:00+00:00,NOAA20,DAY,SUMMER,,0,0,0,360,CLDMSK_L2_VIIRS_NOAA20.A2020182.1806.001.2020294154640.nc
2024-11-21T07:36:00+00:00,SNPP,NIGHT,AUTUMN,1,0,0,0,1440,CLDMSK_L2_VIIRS_SNPP.A2024326.0736.002.2026034122202.nc
2024-11-21T17:24:00+00:00,SNPP,DAY,AUTUMN,,0,0,0,540,CLDMSK_L2_VIIRS_SNPP.A2024326.1724.002.2026034122255.nc
2024-11-21T19:00:00+00:00,SNPP,DAY,AUTUMN,,0,0,0,0,CLDMSK_L2_VIIRS_SNPP.A2024326.1900.002.2026034122301.nc
2024-11-21T06:18:00+00:00,NOAA20,NIGHT,AUTUMN,1,0,0,0,1080,CLDMSK_L2_VIIRS_NOAA20.A2024326.0618.002.2025236045403.nc
2024-11-21T08:00:00+00:00,NOAA20,NIGHT,AUTUMN,1,1,1,0,0,CLDMSK_L2_VIIRS_NOAA20.A2024326.0800.002.2025236045408.nc
2024-11-21T17:48:00+00:00,NOAA20,DAY,AUTUMN,,0,0,0,720,CLDMSK_L2_VIIRS_NOAA20.A2024326.1748.002.2025236045419.nc
2024-11-21T07:12:00+00:00,NOAA21,NIGHT,AUTUMN,1,0,0,0,720,CLDMSK_L2_VIIRS_NOAA21.A2024326.0712.001.2024326193357.nc
2024-11-21T17:00:00+00:00,NOAA21,DAY,AUTUMN,,0,0,0,0,CLDMSK_L2_VIIRS_NOAA21.A2024326.1700.001.2024327013435.nc
2024-11-21T18:42:00+00:00,NOAA21,DAY,AUTUMN,,0,0,0,1080,CLDMSK_L2_VIIRS_NOAA21.A2024326.1842.001.2024327073416.nc
2020-01-07T07:12:00+00:00,SNPP,NIGHT,WINTER,1,1,0,1,720,CLDMSK_L2_VIIRS_SNPP.A2020007.0712.002.2026032025049.nc
2020-01-07T16:54:00+00:00,SNPP,DAY,WINTER,,0,0,0,360,CLDMSK_L2_VIIRS_SNPP.A2020007.1654.002.2026032025215.nc
2020-01-07T18:36:00+00:00,SNPP,DAY,WINTER,,0,0,0,1440,CLDMSK_L2_VIIRS_SNPP.A2020007.1836.002.2026032025251.nc
2020-01-07T06:24:00+00:00,NOAA20,NIGHT,WINTER,1,1,0,1,1440,CLDMSK_L2_VIIRS_NOAA20.A2020007.0624.001.2020294231600.nc
2020-01-07T08:00:00+00:00,NOAA20,NIGHT,WINTER,1,1,0,1,0,CLDMSK_L2_VIIRS_NOAA20.A2020007.0800.001.2020294231611.nc
2020-01-07T17:48:00+00:00,NOAA20,DAY,WINTER,,0,1,0,720,CLDMSK_L2_VIIRS_NOAA20.A2020007.1748.001.2020294231726.nc
2025-10-30T07:12:00+00:00,SNPP,NIGHT,AUTUMN,0,0,0,0,720,CLDMSK_L2_VIIRS_SNPP.A2025303.0712.002.2026063181829.nc
2025-10-30T16:54:00+00:00,SNPP,DAY,AUTUMN,,0,0,0,360,CLDMSK_L2_VIIRS_SNPP.A2025303.1654.002.2026063181933.nc
2025-10-30T18:36:00+00:00,SNPP,DAY,AUTUMN,,0,0,0,360,CLDMSK_L2_VIIRS_SNPP.A2025303.1836.002.2026063181922.nc
2025-10-30T07:30:00+00:00,NOAA20,NIGHT,AUTUMN,0,0,0,0,1800,CLDMSK_L2_VIIRS_NOAA20.A2025303.0730.001.2025303193717.nc
2025-10-30T17:18:00+00:00,NOAA20,DAY,AUTUMN,,0,0,0,1080,CLDMSK_L2_VIIRS_NOAA20.A2025303.1718.001.2025304053339.nc
2025-10-30T18:54:00+00:00,NOAA20,DAY,AUTUMN,,0,0,0,360,CLDMSK_L2_VIIRS_NOAA20.A2025303.1854.001.2025304073405.nc
2025-10-30T06:42:00+00:00,NOAA21,NIGHT,AUTUMN,0,0,0,0,1080,CLDMSK_L2_VIIRS_NOAA21.A2025303.0642.001.2025303190049.nc
2025-10-30T08:24:00+00:00,NOAA21,NIGHT,AUTUMN,0,0,0,0,1440,CLDMSK_L2_VIIRS_NOAA21.A2025303.0824.001.2025303190055.nc
2025-10-30T18:06:00+00:00,NOAA21,DAY,AUTUMN,,0,0,0,360,CLDMSK_L2_VIIRS_NOAA21.A2025303.1806.001.2025304072927.nc
2022-03-18T06:54:00+00:00,SNPP,NIGHT,SPRING,1,0,0,0,360,CLDMSK_L2_VIIRS_SNPP.A2022077.0654.002.2026033054625.nc
2022-03-18T08:36:00+00:00,SNPP,NIGHT,SPRING,1,1,0,0,1440,CLDMSK_L2_VIIRS_SNPP.A2022077.0836.002.2026033054629.nc
2022-03-18T18:18:00+00:00,SNPP,DAY,SPRING,,1,0,0,1080,CLDMSK_L2_VIIRS_SNPP.A2022077.1818.002.2026033054732.nc
2022-03-18T06:06:00+00:00,NOAA20,NIGHT,SPRING,1,0,0,0,360,CLDMSK_L2_VIIRS_NOAA20.A2022077.0606.001.2022077192154.nc
2022-03-18T07:42:00+00:00,NOAA20,NIGHT,SPRING,1,1,1,0,1080,CLDMSK_L2_VIIRS_NOAA20.A2022077.0742.001.2022077192159.nc
2022-03-18T17:30:00+00:00,NOAA20,DAY,SPRING,,0,0,0,1800,CLDMSK_L2_VIIRS_NOAA20.A2022077.1730.001.2022078013225.nc
2022-03-18T19:06:00+00:00,NOAA20,DAY,SPRING,,0,0,0,360,CLDMSK_L2_VIIRS_NOAA20.A2022077.1906.001.2022078072750.nc
2024-01-31T17:54:00+00:00,SNPP,DAY,WINTER,,0,0,0,360,CLDMSK_L2_VIIRS_SNPP.A2024031.1754.002.2026034032253.nc
2024-01-31T07:18:00+00:00,NOAA20,NIGHT,WINTER,1,0,0,0,1080,CLDMSK_L2_VIIRS_NOAA20.A2024031.0718.002.2025235135435.nc
2024-01-31T17:06:00+00:00,NOAA20,DAY,WINTER,,0,0,0,360,CLDMSK_L2_VIIRS_NOAA20.A2024031.1706.002.2025235135524.nc
2024-01-31T18:42:00+00:00,NOAA20,DAY,WINTER,,0,0,0,1080,CLDMSK_L2_VIIRS_NOAA20.A2024031.1842.002.2025235135538.nc
2024-01-31T06:00:00+00:00,NOAA21,NIGHT,WINTER,1,1,0,0,0,CLDMSK_L2_VIIRS_NOAA21.A2024031.0600.001.2024130195130.nc
2024-01-31T07:42:00+00:00,NOAA21,NIGHT,WINTER,1,0,0,0,1080,CLDMSK_L2_VIIRS_NOAA21.A2024031.0742.001.2024130195215.nc
2024-01-31T17:24:00+00:00,NOAA21,DAY,WINTER,,0,0,0,1440,CLDMSK_L2_VIIRS_NOAA21.A2024031.1724.001.2024130195217.nc
2024-01-31T19:06:00+00:00,NOAA21,DAY,WINTER,,0,0,0,360,CLDMSK_L2_VIIRS_NOAA21.A2024031.1906.001.2024130195136.nc
2024-11-01T07:12:00+00:00,SNPP,NIGHT,AUTUMN,0,1,1,1,720,CLDMSK_L2_VIIRS_SNPP.A2024306.0712.002.2026034114450.nc
2024-11-01T16:54:00+00:00,SNPP,DAY,AUTUMN,,0,0,0,360,CLDMSK_L2_VIIRS_SNPP.A2024306.1654.002.2026034114545.nc
2024-11-01T18:36:00+00:00,SNPP,DAY,AUTUMN,,0,0,0,1440,CLDMSK_L2_VIIRS_SNPP.A2024306.1836.002.2026034114547.nc
2024-11-01T07:36:00+00:00,NOAA20,NIGHT,AUTUMN,0,1,0,0,1440,CLDMSK_L2_VIIRS_NOAA20.A2024306.0736.002.2025236040634.nc
2024-11-01T17:18:00+00:00,NOAA20,DAY,AUTUMN,,0,0,0,1080,CLDMSK_L2_VIIRS_NOAA20.A2024306.1718.002.2025236040740.nc
2024-11-01T19:00:00+00:00,NOAA20,DAY,AUTUMN,,0,0,0,0,CLDMSK_L2_VIIRS_NOAA20.A2024306.1900.002.2025236040804.nc
2024-11-01T06:48:00+00:00,NOAA21,NIGHT,AUTUMN,0,1,1,1,720,CLDMSK_L2_VIIRS_NOAA21.A2024306.0648.001.2024306191105.nc
2024-11-01T08:30:00+00:00,NOAA21,NIGHT,AUTUMN,0,1,0,0,1800,CLDMSK_L2_VIIRS_NOAA21.A2024306.0830.001.2024306191042.nc
2024-11-01T18:12:00+00:00,NOAA21,DAY,AUTUMN,,0,0,0,720,CLDMSK_L2_VIIRS_NOAA21.A2024306.1812.001.2024307073042.nc
2020-10-13T06:24:00+00:00,SNPP,NIGHT,AUTUMN,0,0,0,0,1080,CLDMSK_L2_VIIRS_SNPP.A2020287.0624.002.2026032130409.nc
2020-10-13T08:00:00+00:00,SNPP,NIGHT,AUTUMN,0,0,0,0,0,CLDMSK_L2_VIIRS_SNPP.A2020287.0800.002.2026032130413.nc
2020-10-13T17:48:00+00:00,SNPP,DAY,AUTUMN,,0,1,1,720,CLDMSK_L2_VIIRS_SNPP.A2020287.1748.002.2026032130524.nc
2020-10-13T07:12:00+00:00,NOAA20,NIGHT,AUTUMN,0,0,0,0,720,CLDMSK_L2_VIIRS_NOAA20.A2020287.0712.001.2020287214906.nc
2020-10-13T16:54:00+00:00,NOAA20,DAY,AUTUMN,,1,1,1,360,CLDMSK_L2_VIIRS_NOAA20.A2020287.1654.001.2020288010906.nc
2020-10-13T18:36:00+00:00,NOAA20,DAY,AUTUMN,,0,1,1,1440,CLDMSK_L2_VIIRS_NOAA20.A2020287.1836.001.2020288071904.nc
2023-09-14T06:36:00+00:00,SNPP,NIGHT,AUTUMN,0,0,0,1,1440,CLDMSK_L2_VIIRS_SNPP.A2023257.0636.002.2026033230637.nc
2023-09-14T08:18:00+00:00,SNPP,NIGHT,AUTUMN,0,1,0,1,1080,CLDMSK_L2_VIIRS_SNPP.A2023257.0818.002.2026033230644.nc
2023-09-14T18:00:00+00:00,SNPP,DAY,AUTUMN,,1,0,0,0,CLDMSK_L2_VIIRS_SNPP.A2023257.1800.002.2026033230809.nc
2023-09-14T07:24:00+00:00,NOAA20,NIGHT,AUTUMN,0,1,1,1,1440,CLDMSK_L2_VIIRS_NOAA20.A2023257.0724.002.2025235070519.nc
2023-09-14T17:12:00+00:00,NOAA20,DAY,AUTUMN,,1,1,0,720,CLDMSK_L2_VIIRS_NOAA20.A2023257.1712.002.2025235070756.nc
2023-09-14T18:48:00+00:00,NOAA20,DAY,AUTUMN,,0,0,0,720,CLDMSK_L2_VIIRS_NOAA20.A2023257.1848.002.2025235070730.nc
2023-09-14T06:06:00+00:00,NOAA21,NIGHT,AUTUMN,0,0,0,0,360,CLDMSK_L2_VIIRS_NOAA21.A2023257.0606.001.2024130192029.nc
2023-09-14T07:48:00+00:00,NOAA21,NIGHT,AUTUMN,0,1,1,1,720,CLDMSK_L2_VIIRS_NOAA21.A2023257.0748.001.2024130191740.nc
2023-09-14T17:30:00+00:00,NOAA21,DAY,AUTUMN,,0,0,0,1800,CLDMSK_L2_VIIRS_NOAA21.A2023257.1730.001.2024130191727.nc
2023-09-14T19:12:00+00:00,NOAA21,DAY,AUTUMN,,0,0,0,720,CLDMSK_L2_VIIRS_NOAA21.A2023257.1912.001.2024130191842.nc
2023-07-09T07:36:00+00:00,SNPP,NIGHT,SUMMER,1,0,0,1,1440,CLDMSK_L2_VIIRS_SNPP.A2023190.0736.002.2026033205715.nc
2023-07-09T17:18:00+00:00,SNPP,DAY,SUMMER,,0,0,0,1080,CLDMSK_L2_VIIRS_SNPP.A2023190.1718.002.2026033205830.nc
2023-07-09T19:00:00+00:00,SNPP,DAY,SUMMER,,0,0,0,0,CLDMSK_L2_VIIRS_SNPP.A2023190.1900.002.2026033205838.nc
2023-07-09T06:42:00+00:00,NOAA20,NIGHT,SUMMER,1,0,0,0,1080,CLDMSK_L2_VIIRS_NOAA20.A2023190.0642.001.2023233212817.nc
2023-07-09T08:24:00+00:00,NOAA20,NIGHT,SUMMER,1,0,0,1,1440,CLDMSK_L2_VIIRS_NOAA20.A2023190.0824.001.2023233212753.nc
2023-07-09T18:06:00+00:00,NOAA20,DAY,SUMMER,,0,0,0,360,CLDMSK_L2_VIIRS_NOAA20.A2023190.1806.001.2023233212933.nc
2023-07-09T07:06:00+00:00,NOAA21,NIGHT,SUMMER,1,0,0,0,360,CLDMSK_L2_VIIRS_NOAA21.A2023190.0706.001.2024130190203.nc
2023-07-09T16:48:00+00:00,NOAA21,DAY,SUMMER,,0,0,0,720,CLDMSK_L2_VIIRS_NOAA21.A2023190.1648.001.2024130190247.nc
2023-07-09T18:30:00+00:00,NOAA21,DAY,SUMMER,,0,0,0,1800,CLDMSK_L2_VIIRS_NOAA21.A2023190.1830.001.2024130190351.nc
2021-05-25T06:24:00+00:00,SNPP,NIGHT,SPRING,1,1,0,0,1440,CLDMSK_L2_VIIRS_SNPP.A2021145.0624.002.2026032204338.nc
2021-05-25T08:00:00+00:00,SNPP,NIGHT,SPRING,1,0,0,1,0,CLDMSK_L2_VIIRS_SNPP.A2021145.0800.002.2026032204400.nc
2021-05-25T17:48:00+00:00,SNPP,DAY,SPRING,,0,0,0,720,CLDMSK_L2_VIIRS_SNPP.A2021145.1748.002.2026032204436.nc
2021-05-25T07:12:00+00:00,NOAA20,NIGHT,SPRING,1,1,1,0,720,CLDMSK_L2_VIIRS_NOAA20.A2021145.0712.001.2021145193153.nc
2021-05-25T17:00:00+00:00,NOAA20,DAY,SPRING,,0,0,0,0,CLDMSK_L2_VIIRS_NOAA20.A2021145.1700.001.2021146013826.nc
2021-05-25T18:36:00+00:00,NOAA20,DAY,SPRING,,0,0,0,1440,CLDMSK_L2_VIIRS_NOAA20.A2021145.1836.001.2021146074048.nc
2023-05-15T06:24:00+00:00,SNPP,NIGHT,SPRING,0,1,1,1,1440,CLDMSK_L2_VIIRS_SNPP.A2023135.0624.002.2026033191505.nc
2023-05-15T08:06:00+00:00,SNPP,NIGHT,SPRING,0,1,1,1,360,CLDMSK_L2_VIIRS_SNPP.A2023135.0806.002.2026033191509.nc
2023-05-15T17:48:00+00:00,SNPP,DAY,SPRING,,1,1,0,720,CLDMSK_L2_VIIRS_SNPP.A2023135.1748.002.2026033191621.nc
2023-05-15T07:12:00+00:00,NOAA20,NIGHT,SPRING,0,1,1,1,720,CLDMSK_L2_VIIRS_NOAA20.A2023135.0712.001.2023233205624.nc
2023-05-15T17:00:00+00:00,NOAA20,DAY,SPRING,,1,1,0,0,CLDMSK_L2_VIIRS_NOAA20.A2023135.1700.001.2023233205635.nc
2023-05-15T18:36:00+00:00,NOAA20,DAY,SPRING,,1,1,0,1440,CLDMSK_L2_VIIRS_NOAA20.A2023135.1836.001.2023233205739.nc
2023-05-15T07:36:00+00:00,NOAA21,NIGHT,SPRING,0,1,1,1,1440,CLDMSK_L2_VIIRS_NOAA21.A2023135.0736.001.2024130185006.nc
2023-05-15T17:18:00+00:00,NOAA21,DAY,SPRING,,1,1,0,1080,CLDMSK_L2_VIIRS_NOAA21.A2023135.1718.001.2024130185101.nc
2023-05-15T19:00:00+00:00,NOAA21,DAY,SPRING,,1,1,0,0,CLDMSK_L2_VIIRS_NOAA21.A2023135.1900.001.2024130185031.nc
2025-09-08T06:42:00+00:00,SNPP,NIGHT,AUTUMN,1,1,1,1,1080,CLDMSK_L2_VIIRS_SNPP.A2025251.0642.002.2026034211756.nc
2025-09-08T08:24:00+00:00,SNPP,NIGHT,AUTUMN,1,1,1,1,1440,CLDMSK_L2_VIIRS_SNPP.A2025251.0824.002.2026034211807.nc
2025-09-08T18:06:00+00:00,SNPP,DAY,AUTUMN,,1,1,0,360,CLDMSK_L2_VIIRS_SNPP.A2025251.1806.002.2026034211916.nc
2025-09-08T07:06:00+00:00,NOAA20,NIGHT,AUTUMN,1,1,1,1,360,CLDMSK_L2_VIIRS_NOAA20.A2025251.0706.001.2025251191554.nc
2025-09-08T16:48:00+00:00,NOAA20,DAY,AUTUMN,,0,0,0,720,CLDMSK_L2_VIIRS_NOAA20.A2025251.1648.001.2025252045617.nc
2025-09-08T18:30:00+00:00,NOAA20,DAY,AUTUMN,,1,1,0,1800,CLDMSK_L2_VIIRS_NOAA20.A2025251.1830.001.2025252072631.nc
2025-09-08T06:18:00+00:00,NOAA21,NIGHT,AUTUMN,1,1,1,1,1080,CLDMSK_L2_VIIRS_NOAA21.A2025251.0618.001.2025251191018.nc
2025-09-08T08:00:00+00:00,NOAA21,NIGHT,AUTUMN,1,1,1,1,0,CLDMSK_L2_VIIRS_NOAA21.A2025251.0800.001.2025251191023.nc
2025-09-08T17:42:00+00:00,NOAA21,DAY,AUTUMN,,1,1,0,1080,CLDMSK_L2_VIIRS_NOAA21.A2025251.1742.001.2025252014117.nc
2025-09-08T19:24:00+00:00,NOAA21,DAY,AUTUMN,,0,0,0,1440,CLDMSK_L2_VIIRS_NOAA21.A2025251.1924.001.2025252073056.nc
2023-06-20T06:48:00+00:00,SNPP,NIGHT,SUMMER,0,0,0,0,720,CLDMSK_L2_VIIRS_SNPP.A2023171.0648.002.2026033202205.nc
2023-06-20T18:12:00+00:00,SNPP,DAY,SUMMER,,1,1,1,720,CLDMSK_L2_VIIRS_SNPP.A2023171.1812.002.2026033202345.nc
2023-06-20T07:36:00+00:00,NOAA20,NIGHT,SUMMER,0,0,0,0,1440,CLDMSK_L2_VIIRS_NOAA20.A2023171.0736.001.2023233211615.nc
2023-06-20T17:24:00+00:00,NOAA20,DAY,SUMMER,,1,1,0,1440,CLDMSK_L2_VIIRS_NOAA20.A2023171.1724.001.2023233211643.nc
2023-06-20T19:06:00+00:00,NOAA20,DAY,SUMMER,,1,1,1,360,CLDMSK_L2_VIIRS_NOAA20.A2023171.1906.001.2023233211553.nc
2023-06-20T06:24:00+00:00,NOAA21,NIGHT,SUMMER,0,0,0,0,1440,CLDMSK_L2_VIIRS_NOAA21.A2023171.0624.001.2024130185850.nc
2023-06-20T08:00:00+00:00,NOAA21,NIGHT,SUMMER,0,0,0,0,0,CLDMSK_L2_VIIRS_NOAA21.A2023171.0800.001.2024130185916.nc
2023-06-20T17:48:00+00:00,NOAA21,DAY,SUMMER,,1,1,1,720,CLDMSK_L2_VIIRS_NOAA21.A2023171.1748.001.2024130185914.nc
2024-07-30T06:36:00+00:00,SNPP,NIGHT,SUMMER,1,0,0,0,1440,CLDMSK_L2_VIIRS_SNPP.A2024212.0636.002.2026034085216.nc
2024-07-30T08:18:00+00:00,SNPP,NIGHT,SUMMER,1,0,0,0,1080,CLDMSK_L2_VIIRS_SNPP.A2024212.0818.002.2026034085228.nc
2024-07-30T18:00:00+00:00,SNPP,DAY,SUMMER,,1,0,0,0,CLDMSK_L2_VIIRS_SNPP.A2024212.1800.002.2026034085335.nc
2024-07-30T07:00:00+00:00,NOAA20,NIGHT,SUMMER,1,0,0,0,0,CLDMSK_L2_VIIRS_NOAA20.A2024212.0700.002.2025235231336.nc
2024-07-30T18:24:00+00:00,NOAA20,DAY,SUMMER,,0,0,0,1440,CLDMSK_L2_VIIRS_NOAA20.A2024212.1824.002.2025235231528.nc
2024-07-30T06:12:00+00:00,NOAA21,NIGHT,SUMMER,1,0,0,0,720,CLDMSK_L2_VIIRS_NOAA21.A2024212.0612.001.2024212190757.nc
2024-07-30T07:48:00+00:00,NOAA21,NIGHT,SUMMER,1,0,0,0,720,CLDMSK_L2_VIIRS_NOAA21.A2024212.0748.001.2024212190836.nc
2024-07-30T17:36:00+00:00,NOAA21,DAY,SUMMER,,1,0,0,1440,CLDMSK_L2_VIIRS_NOAA21.A2024212.1736.001.2024213010834.nc
2024-07-30T19:18:00+00:00,NOAA21,DAY,SUMMER,,0,0,0,1080,CLDMSK_L2_VIIRS_NOAA21.A2024212.1918.001.2024213071908.nc
2023-08-29T06:36:00+00:00,SNPP,NIGHT,SUMMER,1,1,1,1,1440,CLDMSK_L2_VIIRS_SNPP.A2023241.0636.002.2026033223658.nc
2023-08-29T08:18:00+00:00,SNPP,NIGHT,SUMMER,0,1,1,1,1080,CLDMSK_L2_VIIRS_SNPP.A2023241.0818.002.2026033223717.nc
2023-08-29T18:00:00+00:00,SNPP,DAY,SUMMER,,1,1,1,0,CLDMSK_L2_VIIRS_SNPP.A2023241.1800.002.2026033223754.nc
2023-08-29T07:24:00+00:00,NOAA20,NIGHT,SUMMER,1,1,1,1,1440,CLDMSK_L2_VIIRS_NOAA20.A2023241.0724.002.2025235060706.nc
2023-08-29T17:12:00+00:00,NOAA20,DAY,SUMMER,,1,1,1,720,CLDMSK_L2_VIIRS_NOAA20.A2023241.1712.002.2025235060823.nc
2023-08-29T18:48:00+00:00,NOAA20,DAY,SUMMER,,1,1,1,720,CLDMSK_L2_VIIRS_NOAA20.A2023241.1848.002.2025235060812.nc
2023-08-29T06:06:00+00:00,NOAA21,NIGHT,SUMMER,1,1,1,1,360,CLDMSK_L2_VIIRS_NOAA21.A2023241.0606.001.2024130191330.nc
2023-08-29T07:48:00+00:00,NOAA21,NIGHT,SUMMER,1,1,1,1,720,CLDMSK_L2_VIIRS_NOAA21.A2023241.0748.001.2024130191337.nc
2023-08-29T17:30:00+00:00,NOAA21,DAY,SUMMER,,1,1,1,1800,CLDMSK_L2_VIIRS_NOAA21.A2023241.1730.001.2024130191343.nc
2023-08-29T19:12:00+00:00,NOAA21,DAY,SUMMER,,0,0,1,720,CLDMSK_L2_VIIRS_NOAA21.A2023241.1912.001.2024130191453.nc
2024-07-06T07:24:00+00:00,SNPP,NIGHT,SUMMER,0,1,1,1,1440,CLDMSK_L2_VIIRS_SNPP.A2024188.0724.002.2026034080955.nc
2024-07-06T17:12:00+00:00,SNPP,DAY,SUMMER,,0,0,0,720,CLDMSK_L2_VIIRS_SNPP.A2024188.1712.002.2026034081057.nc
2024-07-06T18:48:00+00:00,SNPP,DAY,SUMMER,,1,0,0,720,CLDMSK_L2_VIIRS_SNPP.A2024188.1848.002.2026034081051.nc
2024-07-06T06:12:00+00:00,NOAA20,NIGHT,SUMMER,0,0,0,1,720,CLDMSK_L2_VIIRS_NOAA20.A2024188.0612.002.2025235221043.nc
2024-07-06T07:48:00+00:00,NOAA20,NIGHT,SUMMER,0,1,0,0,720,CLDMSK_L2_VIIRS_NOAA20.A2024188.0748.002.2025235221059.nc
2024-07-06T17:36:00+00:00,NOAA20,DAY,SUMMER,,0,0,0,1440,CLDMSK_L2_VIIRS_NOAA20.A2024188.1736.002.2025235221144.nc
2024-07-06T19:12:00+00:00,NOAA20,DAY,SUMMER,,0,0,0,720,CLDMSK_L2_VIIRS_NOAA20.A2024188.1912.002.2025235221157.nc
2024-07-06T07:00:00+00:00,NOAA21,NIGHT,SUMMER,0,1,1,1,0,CLDMSK_L2_VIIRS_NOAA21.A2024188.0700.001.2024188190142.nc
2024-07-06T18:24:00+00:00,NOAA21,DAY,SUMMER,,0,0,0,780,CLDMSK_L2_VIIRS_NOAA21.A2024188.1824.001.2024189073208.nc
2023-04-26T07:24:00+00:00,SNPP,NIGHT,SPRING,0,0,0,0,1440,CLDMSK_L2_VIIRS_SNPP.A2023116.0724.002.2026033184017.nc
2023-04-26T17:06:00+00:00,SNPP,DAY,SPRING,,0,0,0,360,CLDMSK_L2_VIIRS_SNPP.A2023116.1706.002.2026033184136.nc
2023-04-26T18:48:00+00:00,SNPP,DAY,SPRING,,0,0,0,180,CLDMSK_L2_VIIRS_SNPP.A2023116.1848.002.2026033184133.nc
2023-04-26T06:30:00+00:00,NOAA20,NIGHT,SPRING,0,0,0,0,1800,CLDMSK_L2_VIIRS_NOAA20.A2023116.0630.001.2023233204551.nc
2023-04-26T08:12:00+00:00,NOAA20,NIGHT,SPRING,0,0,0,0,720,CLDMSK_L2_VIIRS_NOAA20.A2023116.0812.001.2023233204551.nc
2023-04-26T17:54:00+00:00,NOAA20,DAY,SPRING,,0,0,0,360,CLDMSK_L2_VIIRS_NOAA20.A2023116.1754.001.2023233204536.nc
2023-04-26T06:54:00+00:00,NOAA21,NIGHT,SPRING,0,0,0,0,360,CLDMSK_L2_VIIRS_NOAA21.A2023116.0654.001.2024130184440.nc
2023-04-26T08:30:00+00:00,NOAA21,NIGHT,SPRING,0,0,0,0,1800,CLDMSK_L2_VIIRS_NOAA21.A2023116.0830.001.2024130184454.nc
2023-04-26T18:18:00+00:00,NOAA21,DAY,SPRING,,0,0,0,1080,CLDMSK_L2_VIIRS_NOAA21.A2023116.1818.001.2024130185053.nc
2021-06-05T06:18:00+00:00,SNPP,NIGHT,SUMMER,0,0,0,1,1080,CLDMSK_L2_VIIRS_SNPP.A2021156.0618.002.2026032210359.nc
2021-06-05T07:54:00+00:00,SNPP,NIGHT,SUMMER,0,0,0,1,360,CLDMSK_L2_VIIRS_SNPP.A2021156.0754.002.2026032210419.nc
2021-06-05T17:42:00+00:00,SNPP,DAY,SUMMER,,0,0,0,1080,CLDMSK_L2_VIIRS_SNPP.A2021156.1742.002.2026032210520.nc
2021-06-05T19:24:00+00:00,SNPP,DAY,SUMMER,,0,0,0,1440,CLDMSK_L2_VIIRS_SNPP.A2021156.1924.002.2026032210519.nc
2021-06-05T07:06:00+00:00,NOAA20,NIGHT,SUMMER,0,0,0,1,360,CLDMSK_L2_VIIRS_NOAA20.A2021156.0706.001.2021156191723.nc
2021-06-05T16:54:00+00:00,NOAA20,DAY,SUMMER,,0,0,0,360,CLDMSK_L2_VIIRS_NOAA20.A2021156.1654.001.2021157011935.nc
2021-06-05T18:30:00+00:00,NOAA20,DAY,SUMMER,,0,0,0,1800,CLDMSK_L2_VIIRS_NOAA20.A2021156.1830.001.2021157072659.nc
2022-02-24T07:06:00+00:00,SNPP,NIGHT,WINTER,0,0,0,0,360,CLDMSK_L2_VIIRS_SNPP.A2022055.0706.002.2026033050643.nc
2022-02-24T16:54:00+00:00,SNPP,DAY,WINTER,,0,0,1,360,CLDMSK_L2_VIIRS_SNPP.A2022055.1654.002.2026033050748.nc
2022-02-24T18:30:00+00:00,SNPP,DAY,WINTER,,0,0,1,1800,CLDMSK_L2_VIIRS_SNPP.A2022055.1830.002.2026033050751.nc
2022-02-24T06:18:00+00:00,NOAA20,NIGHT,WINTER,0,0,0,0,1080,CLDMSK_L2_VIIRS_NOAA20.A2022055.0618.001.2022055192825.nc
2022-02-24T07:54:00+00:00,NOAA20,NIGHT,WINTER,1,1,0,1,360,CLDMSK_L2_VIIRS_NOAA20.A2022055.0754.001.2022055192828.nc
2022-02-24T17:42:00+00:00,NOAA20,DAY,WINTER,,0,0,1,1080,CLDMSK_L2_VIIRS_NOAA20.A2022055.1742.001.2022056012935.nc
2022-02-24T19:24:00+00:00,NOAA20,DAY,WINTER,,0,0,1,1440,CLDMSK_L2_VIIRS_NOAA20.A2022055.1924.001.2022056072815.nc
2024-09-18T06:00:00+00:00,SNPP,NIGHT,AUTUMN,1,0,0,0,0,CLDMSK_L2_VIIRS_SNPP.A2024262.0600.002.2026034102318.nc
2024-09-18T07:36:00+00:00,SNPP,NIGHT,AUTUMN,1,0,0,0,1440,CLDMSK_L2_VIIRS_SNPP.A2024262.0736.002.2026034102324.nc
2024-09-18T17:24:00+00:00,SNPP,DAY,AUTUMN,,1,0,0,1440,CLDMSK_L2_VIIRS_SNPP.A2024262.1724.002.2026034102434.nc
2024-09-18T19:00:00+00:00,SNPP,DAY,AUTUMN,,0,0,0,0,CLDMSK_L2_VIIRS_SNPP.A2024262.1900.002.2026034102450.nc
2024-09-18T06:18:00+00:00,NOAA20,NIGHT,AUTUMN,1,0,0,0,1080,CLDMSK_L2_VIIRS_NOAA20.A2024262.0618.002.2025236020904.nc
2024-09-18T08:00:00+00:00,NOAA20,NIGHT,AUTUMN,1,0,0,0,0,CLDMSK_L2_VIIRS_NOAA20.A2024262.0800.002.2025236020837.nc
2024-09-18T17:48:00+00:00,NOAA20,DAY,AUTUMN,,0,0,0,720,CLDMSK_L2_VIIRS_NOAA20.A2024262.1748.002.2025236020906.nc
2024-09-18T07:12:00+00:00,NOAA21,NIGHT,AUTUMN,1,0,0,0,720,CLDMSK_L2_VIIRS_NOAA21.A2024262.0712.001.2024262191442.nc
2024-09-18T17:00:00+00:00,NOAA21,DAY,AUTUMN,,0,0,0,0,CLDMSK_L2_VIIRS_NOAA21.A2024262.1700.001.2024263012504.nc
2024-09-18T18:36:00+00:00,NOAA21,DAY,AUTUMN,,1,0,0,1440,CLDMSK_L2_VIIRS_NOAA21.A2024262.1836.001.2024263072459.nc
2021-12-13T06:36:00+00:00,SNPP,NIGHT,WINTER,1,0,0,0,1440,CLDMSK_L2_VIIRS_SNPP.A2021347.0636.002.2026033025253.nc
2021-12-13T08:18:00+00:00,SNPP,NIGHT,WINTER,0,0,0,0,1080,CLDMSK_L2_VIIRS_SNPP.A2021347.0818.002.2026033025309.nc
2021-12-13T18:00:00+00:00,SNPP,DAY,WINTER,,0,1,1,0,CLDMSK_L2_VIIRS_SNPP.A2021347.1800.002.2026033025403.nc
2021-12-13T07:24:00+00:00,NOAA20,NIGHT,WINTER,0,0,0,0,1440,CLDMSK_L2_VIIRS_NOAA20.A2021347.0724.001.2021347194310.nc
2021-12-13T17:06:00+00:00,NOAA20,DAY,WINTER,,1,1,1,360,CLDMSK_L2_VIIRS_NOAA20.A2021347.1706.001.2021348012711.nc
2021-12-13T18:48:00+00:00,NOAA20,DAY,WINTER,,1,0,1,720,CLDMSK_L2_VIIRS_NOAA20.A2021347.1848.001.2021348073215.nc
2023-05-17T07:30:00+00:00,SNPP,NIGHT,SPRING,0,1,1,1,1800,CLDMSK_L2_VIIRS_SNPP.A2023137.0730.002.2026033191856.nc
2023-05-17T17:12:00+00:00,SNPP,DAY,SPRING,,1,0,0,720,CLDMSK_L2_VIIRS_SNPP.A2023137.1712.002.2026033191959.nc
2023-05-17T18:54:00+00:00,SNPP,DAY,SPRING,,1,0,0,360,CLDMSK_L2_VIIRS_SNPP.A2023137.1854.002.2026033192001.nc
2023-05-17T06:36:00+00:00,NOAA20,NIGHT,SPRING,0,1,1,1,1440,CLDMSK_L2_VIIRS_NOAA20.A2023137.0636.001.2023233205745.nc
2023-05-17T08:18:00+00:00,NOAA20,NIGHT,SPRING,0,1,1,1,420,CLDMSK_L2_VIIRS_NOAA20.A2023137.0818.001.2023233205857.nc
2023-05-17T18:00:00+00:00,NOAA20,DAY,SPRING,,0,1,0,0,CLDMSK_L2_VIIRS_NOAA20.A2023137.1800.001.2023233205904.nc
2023-05-17T07:00:00+00:00,NOAA21,NIGHT,SPRING,0,1,1,1,0,CLDMSK_L2_VIIRS_NOAA21.A2023137.0700.001.2024130185059.nc
2023-05-17T18:24:00+00:00,NOAA21,DAY,SPRING,,1,0,0,1440,CLDMSK_L2_VIIRS_NOAA21.A2023137.1824.001.2024130185109.nc
2024-07-21T06:06:00+00:00,SNPP,NIGHT,SUMMER,1,0,0,1,360,CLDMSK_L2_VIIRS_SNPP.A2024203.0606.002.2026034083708.nc
2024-07-21T07:42:00+00:00,SNPP,NIGHT,SUMMER,1,0,0,0,1080,CLDMSK_L2_VIIRS_SNPP.A2024203.0742.002.2026034083710.nc
2024-07-21T17:30:00+00:00,SNPP,DAY,SUMMER,,0,0,0,1800,CLDMSK_L2_VIIRS_SNPP.A2024203.1730.002.2026034083807.nc
2024-07-21T19:12:00+00:00,SNPP,DAY,SUMMER,,0,0,0,720,CLDMSK_L2_VIIRS_SNPP.A2024203.1912.002.2026034083823.nc
2024-07-21T06:30:00+00:00,NOAA20,NIGHT,SUMMER,1,0,0,1,1800,CLDMSK_L2_VIIRS_NOAA20.A2024203.0630.002.2025235225115.nc
2024-07-21T08:06:00+00:00,NOAA20,NIGHT,SUMMER,1,0,0,0,360,CLDMSK_L2_VIIRS_NOAA20.A2024203.0806.002.2025235225122.nc
2024-07-21T17:54:00+00:00,NOAA20,DAY,SUMMER,,1,0,0,360,CLDMSK_L2_VIIRS_NOAA20.A2024203.1754.002.2025235225342.nc
2024-07-21T07:18:00+00:00,NOAA21,NIGHT,SUMMER,1,0,0,0,1080,CLDMSK_L2_VIIRS_NOAA21.A2024203.0718.001.2024203191707.nc
2024-07-21T17:06:00+00:00,NOAA21,DAY,SUMMER,,0,0,0,360,CLDMSK_L2_VIIRS_NOAA21.A2024203.1706.001.2024204012738.nc
2024-07-21T18:42:00+00:00,NOAA21,DAY,SUMMER,,0,0,0,1080,CLDMSK_L2_VIIRS_NOAA21.A2024203.1842.001.2024204072754.nc
2020-01-02T07:06:00+00:00,SNPP,NIGHT,WINTER,0,0,0,0,360,CLDMSK_L2_VIIRS_SNPP.A2020002.0706.002.2026032023818.nc
2020-01-02T16:48:00+00:00,SNPP,DAY,WINTER,,0,0,0,720,CLDMSK_L2_VIIRS_SNPP.A2020002.1648.002.2026032023927.nc
2020-01-02T18:30:00+00:00,SNPP,DAY,WINTER,,0,0,0,1800,CLDMSK_L2_VIIRS_SNPP.A2020002.1830.002.2026032023939.nc
2020-01-02T06:18:00+00:00,NOAA20,NIGHT,WINTER,0,0,0,0,1080,CLDMSK_L2_VIIRS_NOAA20.A2020002.0618.001.2020294232325.nc
2020-01-02T07:54:00+00:00,NOAA20,NIGHT,WINTER,0,0,0,0,360,CLDMSK_L2_VIIRS_NOAA20.A2020002.0754.001.2020294232228.nc
2020-01-02T17:42:00+00:00,NOAA20,DAY,WINTER,,0,0,0,1080,CLDMSK_L2_VIIRS_NOAA20.A2020002.1742.001.2020294232308.nc
2020-01-02T19:24:00+00:00,NOAA20,DAY,WINTER,,0,0,0,1440,CLDMSK_L2_VIIRS_NOAA20.A2020002.1924.001.2020294232316.nc
2023-05-29T07:00:00+00:00,SNPP,NIGHT,SPRING,0,1,1,1,0,CLDMSK_L2_VIIRS_SNPP.A2023149.0700.002.2026033194145.nc
2023-05-29T18:24:00+00:00,SNPP,DAY,SPRING,,1,1,1,1440,CLDMSK_L2_VIIRS_SNPP.A2023149.1824.002.2026033194233.nc
2023-05-29T06:12:00+00:00,NOAA20,NIGHT,SPRING,1,1,1,1,720,CLDMSK_L2_VIIRS_NOAA20.A2023149.0612.001.2023233210309.nc
2023-05-29T07:54:00+00:00,NOAA20,NIGHT,SPRING,0,1,1,1,360,CLDMSK_L2_VIIRS_NOAA20.A2023149.0754.001.2023233210309.nc
2023-05-29T17:36:00+00:00,NOAA20,DAY,SPRING,,1,1,1,1440,CLDMSK_L2_VIIRS_NOAA20.A2023149.1736.001.2023233210413.nc
2023-05-29T19:18:00+00:00,NOAA20,DAY,SPRING,,0,0,0,1080,CLDMSK_L2_VIIRS_NOAA20.A2023149.1918.001.2023233210414.nc
2023-05-29T06:36:00+00:00,NOAA21,NIGHT,SPRING,1,1,1,1,1440,CLDMSK_L2_VIIRS_NOAA21.A2023149.0636.001.2024130185340.nc
2023-05-29T08:12:00+00:00,NOAA21,NIGHT,SPRING,0,1,1,1,720,CLDMSK_L2_VIIRS_NOAA21.A2023149.0812.001.2024130185420.nc
2023-05-29T18:00:00+00:00,NOAA21,DAY,SPRING,,1,1,1,0,CLDMSK_L2_VIIRS_NOAA21.A2023149.1800.001.2024130185435.nc
2023-03-21T06:54:00+00:00,SNPP,NIGHT,SPRING,0,0,0,0,360,CLDMSK_L2_VIIRS_SNPP.A2023080.0654.002.2026033172601.nc
2023-03-21T08:36:00+00:00,SNPP,NIGHT,SPRING,0,0,0,0,1440,CLDMSK_L2_VIIRS_SNPP.A2023080.0836.002.2026033172703.nc
2023-03-21T18:18:00+00:00,SNPP,DAY,SPRING,,0,0,0,1080,CLDMSK_L2_VIIRS_SNPP.A2023080.1818.002.2026033173019.nc
2023-03-21T06:06:00+00:00,NOAA20,NIGHT,SPRING,0,0,0,0,360,CLDMSK_L2_VIIRS_NOAA20.A2023080.0606.001.2023233202728.nc
2023-03-21T07:42:00+00:00,NOAA20,NIGHT,SPRING,0,0,0,0,1080,CLDMSK_L2_VIIRS_NOAA20.A2023080.0742.001.2023233202649.nc
2023-03-21T17:30:00+00:00,NOAA20,DAY,SPRING,,0,0,0,1800,CLDMSK_L2_VIIRS_NOAA20.A2023080.1730.001.2023233202806.nc
2023-03-21T19:12:00+00:00,NOAA20,DAY,SPRING,,0,0,0,720,CLDMSK_L2_VIIRS_NOAA20.A2023080.1912.001.2023233202722.nc
2023-03-21T06:30:00+00:00,NOAA21,NIGHT,SPRING,0,0,0,0,1800,CLDMSK_L2_VIIRS_NOAA21.A2023080.0630.001.2024130183651.nc
2023-03-21T08:06:00+00:00,NOAA21,NIGHT,SPRING,0,0,0,0,360,CLDMSK_L2_VIIRS_NOAA21.A2023080.0806.001.2024130183658.nc
2023-03-21T17:54:00+00:00,NOAA21,DAY,SPRING,,0,0,0,360,CLDMSK_L2_VIIRS_NOAA21.A2023080.1754.001.2024130183755.nc
2023-08-12T06:54:00+00:00,SNPP,NIGHT,SUMMER,0,0,0,0,360,CLDMSK_L2_VIIRS_SNPP.A2023224.0654.002.2026033220607.nc
2023-08-12T08:36:00+00:00,SNPP,NIGHT,SUMMER,0,0,0,0,1440,CLDMSK_L2_VIIRS_SNPP.A2023224.0836.002.2026033220607.nc
2023-08-12T18:18:00+00:00,SNPP,DAY,SUMMER,,1,0,0,1080,CLDMSK_L2_VIIRS_SNPP.A2023224.1818.002.2026033220657.nc
2023-08-12T06:06:00+00:00,NOAA20,NIGHT,SUMMER,0,0,0,0,360,CLDMSK_L2_VIIRS_NOAA20.A2023224.0606.002.2025235051705.nc
2023-08-12T07:48:00+00:00,NOAA20,NIGHT,SUMMER,0,0,0,0,720,CLDMSK_L2_VIIRS_NOAA20.A2023224.0748.002.2025235051752.nc
2023-08-12T17:30:00+00:00,NOAA20,DAY,SUMMER,,0,0,0,1800,CLDMSK_L2_VIIRS_NOAA20.A2023224.1730.002.2025235052122.nc
2023-08-12T19:12:00+00:00,NOAA20,DAY,SUMMER,,0,0,0,720,CLDMSK_L2_VIIRS_NOAA20.A2023224.1912.002.2025235052138.nc
2023-08-12T06:24:00+00:00,NOAA21,NIGHT,SUMMER,0,0,0,0,1440,CLDMSK_L2_VIIRS_NOAA21.A2023224.0624.001.2024130190959.nc
2023-08-12T08:06:00+00:00,NOAA21,NIGHT,SUMMER,0,0,0,0,360,CLDMSK_L2_VIIRS_NOAA21.A2023224.0806.001.2024130190954.nc
2023-08-12T17:54:00+00:00,NOAA21,DAY,SUMMER,,0,0,0,360,CLDMSK_L2_VIIRS_NOAA21.A2023224.1754.001.2024130190931.nc
2025-03-19T07:24:00+00:00,SNPP,NIGHT,SPRING,1,1,1,1,1440,CLDMSK_L2_VIIRS_SNPP.A2025078.0724.002.2026034160115.nc
2025-03-19T17:12:00+00:00,SNPP,DAY,SPRING,,0,0,0,720,CLDMSK_L2_VIIRS_SNPP.A2025078.1712.001.2025079163114.nc
2025-03-19T18:48:00+00:00,SNPP,DAY,SPRING,,0,0,0,720,CLDMSK_L2_VIIRS_SNPP.A2025078.1848.001.2025079180612.nc
2025-03-19T06:06:00+00:00,NOAA20,NIGHT,SPRING,1,0,0,1,360,CLDMSK_L2_VIIRS_NOAA20.A2025078.0606.001.2025078193213.nc
2025-03-19T07:48:00+00:00,NOAA20,NIGHT,SPRING,1,1,1,1,720,CLDMSK_L2_VIIRS_NOAA20.A2025078.0748.001.2025078201103.nc
2025-03-19T17:30:00+00:00,NOAA20,DAY,SPRING,,1,0,0,1800,CLDMSK_L2_VIIRS_NOAA20.A2025078.1730.001.2025079060123.nc
2025-03-19T19:12:00+00:00,NOAA20,DAY,SPRING,,0,0,0,720,CLDMSK_L2_VIIRS_NOAA20.A2025078.1912.001.2025079183341.nc
2025-03-19T07:00:00+00:00,NOAA21,NIGHT,SPRING,1,1,1,1,0,CLDMSK_L2_VIIRS_NOAA21.A2025078.0700.001.2025078193110.nc
2025-03-19T18:24:00+00:00,NOAA21,DAY,SPRING,,0,0,0,1440,CLDMSK_L2_VIIRS_NOAA21.A2025078.1824.001.2025079074103.nc
2024-12-16T06:30:00+00:00,SNPP,NIGHT,WINTER,1,0,0,0,1800,CLDMSK_L2_VIIRS_SNPP.A2024351.0630.002.2026034130802.nc
2024-12-16T08:12:00+00:00,SNPP,NIGHT,WINTER,1,1,0,0,720,CLDMSK_L2_VIIRS_SNPP.A2024351.0812.002.2026034130805.nc
2024-12-16T17:54:00+00:00,SNPP,DAY,WINTER,,0,0,0,360,CLDMSK_L2_VIIRS_SNPP.A2024351.1754.002.2026034130923.nc
2024-12-16T06:54:00+00:00,NOAA20,NIGHT,WINTER,1,0,0,0,360,CLDMSK_L2_VIIRS_NOAA20.A2024351.0654.002.2025236055330.nc
2024-12-16T08:30:00+00:00,NOAA20,NIGHT,WINTER,1,0,0,0,1800,CLDMSK_L2_VIIRS_NOAA20.A2024351.0830.002.2025236055338.nc
2024-12-16T18:18:00+00:00,NOAA20,DAY,WINTER,,0,0,0,1080,CLDMSK_L2_VIIRS_NOAA20.A2024351.1818.002.2025236055436.nc
2024-12-16T06:06:00+00:00,NOAA21,NIGHT,WINTER,1,0,0,0,360,CLDMSK_L2_VIIRS_NOAA21.A2024351.0606.001.2024351191159.nc
2024-12-16T07:48:00+00:00,NOAA21,NIGHT,WINTER,1,0,0,0,720,CLDMSK_L2_VIIRS_NOAA21.A2024351.0748.001.2024351191204.nc
2024-12-16T17:30:00+00:00,NOAA21,DAY,WINTER,,0,0,0,1800,CLDMSK_L2_VIIRS_NOAA21.A2024351.1730.001.2024352011210.nc
2024-12-16T19:12:00+00:00,NOAA21,DAY,WINTER,,0,0,0,720,CLDMSK_L2_VIIRS_NOAA21.A2024351.1912.001.2024352073241.nc
2025-09-24T06:42:00+00:00,SNPP,NIGHT,AUTUMN,0,0,0,0,1080,CLDMSK_L2_VIIRS_SNPP.A2025267.0642.002.2026034214717.nc
2025-09-24T08:24:00+00:00,SNPP,NIGHT,AUTUMN,0,0,0,0,1440,CLDMSK_L2_VIIRS_SNPP.A2025267.0824.002.2026034214724.nc
2025-09-24T18:12:00+00:00,SNPP,DAY,AUTUMN,,0,0,0,720,CLDMSK_L2_VIIRS_SNPP.A2025267.1812.002.2026034214820.nc
2025-09-24T07:06:00+00:00,NOAA20,NIGHT,AUTUMN,0,0,0,0,360,CLDMSK_L2_VIIRS_NOAA20.A2025267.0706.001.2025267192716.nc
2025-09-24T16:48:00+00:00,NOAA20,DAY,AUTUMN,,0,0,0,60,CLDMSK_L2_VIIRS_NOAA20.A2025267.1648.001.2025268050810.nc
2025-09-24T18:30:00+00:00,NOAA20,DAY,AUTUMN,,0,0,0,360,CLDMSK_L2_VIIRS_NOAA20.A2025267.1830.001.2025268072809.nc
2025-09-24T06:18:00+00:00,NOAA21,NIGHT,AUTUMN,0,0,0,0,1080,CLDMSK_L2_VIIRS_NOAA21.A2025267.0618.001.2025267191340.nc
2025-09-24T08:00:00+00:00,NOAA21,NIGHT,AUTUMN,0,0,0,0,0,CLDMSK_L2_VIIRS_NOAA21.A2025267.0800.001.2025267191348.nc
2025-09-24T17:42:00+00:00,NOAA21,DAY,AUTUMN,,0,0,0,480,CLDMSK_L2_VIIRS_NOAA21.A2025267.1742.001.2025268013419.nc
2025-09-24T19:24:00+00:00,NOAA21,DAY,AUTUMN,,0,0,0,1440,CLDMSK_L2_VIIRS_NOAA21.A2025267.1924.001.2025268073444.nc
2025-04-22T06:48:00+00:00,SNPP,NIGHT,SPRING,0,1,0,0,720,CLDMSK_L2_VIIRS_SNPP.A2025112.0648.002.2026034170340.nc
2025-04-22T08:30:00+00:00,SNPP,NIGHT,SPRING,1,0,0,0,1800,CLDMSK_L2_VIIRS_SNPP.A2025112.0830.002.2026034170350.nc
2025-04-22T18:12:00+00:00,SNPP,DAY,SPRING,,0,0,1,720,CLDMSK_L2_VIIRS_SNPP.A2025112.1812.002.2026034170500.nc
2025-04-22T07:12:00+00:00,NOAA20,NIGHT,SPRING,0,0,0,0,720,CLDMSK_L2_VIIRS_NOAA20.A2025112.0712.001.2025112192541.nc
2025-04-22T16:54:00+00:00,NOAA20,DAY,SPRING,,1,0,1,360,CLDMSK_L2_VIIRS_NOAA20.A2025112.1654.001.2025113051608.nc
2025-04-22T18:36:00+00:00,NOAA20,DAY,SPRING,,0,1,1,1440,CLDMSK_L2_VIIRS_NOAA20.A2025112.1836.001.2025113073612.nc
2025-04-22T06:24:00+00:00,NOAA21,NIGHT,SPRING,0,0,0,0,1440,CLDMSK_L2_VIIRS_NOAA21.A2025112.0624.001.2025112185743.nc
2025-04-22T17:48:00+00:00,NOAA21,DAY,SPRING,,0,0,1,720,CLDMSK_L2_VIIRS_NOAA21.A2025112.1748.001.2025113012834.nc
2021-11-26T06:54:00+00:00,SNPP,NIGHT,AUTUMN,1,0,0,0,360,CLDMSK_L2_VIIRS_SNPP.A2021330.0654.002.2026033022153.nc
2021-11-26T08:36:00+00:00,SNPP,NIGHT,AUTUMN,1,1,0,0,1440,CLDMSK_L2_VIIRS_SNPP.A2021330.0836.002.2026033022158.nc
2021-11-26T18:18:00+00:00,SNPP,DAY,AUTUMN,,0,0,0,1080,CLDMSK_L2_VIIRS_SNPP.A2021330.1818.002.2026033022259.nc
2021-11-26T06:06:00+00:00,NOAA20,NIGHT,AUTUMN,1,0,0,0,360,CLDMSK_L2_VIIRS_NOAA20.A2021330.0606.001.2021330193142.nc
2021-11-26T07:42:00+00:00,NOAA20,NIGHT,AUTUMN,1,0,0,0,120,CLDMSK_L2_VIIRS_NOAA20.A2021330.0742.001.2021330193129.nc
2021-11-26T17:30:00+00:00,NOAA20,DAY,AUTUMN,,0,0,0,1800,CLDMSK_L2_VIIRS_NOAA20.A2021330.1730.001.2021331014249.nc
2021-11-26T19:06:00+00:00,NOAA20,DAY,AUTUMN,,0,0,0,360,CLDMSK_L2_VIIRS_NOAA20.A2021330.1906.001.2021331072543.nc
2020-12-13T07:18:00+00:00,SNPP,NIGHT,WINTER,0,0,0,0,1080,CLDMSK_L2_VIIRS_SNPP.A2020348.0718.002.2026032145731.nc
2020-12-13T17:00:00+00:00,SNPP,DAY,WINTER,,0,0,0,0,CLDMSK_L2_VIIRS_SNPP.A2020348.1700.002.2026032145841.nc
2020-12-13T18:42:00+00:00,SNPP,DAY,WINTER,,0,0,0,1080,CLDMSK_L2_VIIRS_SNPP.A2020348.1842.002.2026032145840.nc
2020-12-13T06:30:00+00:00,NOAA20,NIGHT,WINTER,0,0,0,0,1800,CLDMSK_L2_VIIRS_NOAA20.A2020348.0630.001.2020348191413.nc
2020-12-13T08:06:00+00:00,NOAA20,NIGHT,WINTER,0,0,0,0,360,CLDMSK_L2_VIIRS_NOAA20.A2020348.0806.001.2020348191412.nc
2020-12-13T17:54:00+00:00,NOAA20,DAY,WINTER,,0,0,0,360,CLDMSK_L2_VIIRS_NOAA20.A2020348.1754.001.2020349011520.nc
2023-03-08T07:42:00+00:00,SNPP,NIGHT,SPRING,1,1,1,1,1080,CLDMSK_L2_VIIRS_SNPP.A2023067.0742.002.2026033161702.nc
2023-03-08T17:24:00+00:00,SNPP,DAY,SPRING,,0,0,1,1440,CLDMSK_L2_VIIRS_SNPP.A2023067.1724.002.2026033161806.nc
2023-03-08T19:06:00+00:00,SNPP,DAY,SPRING,,0,0,1,360,CLDMSK_L2_VIIRS_SNPP.A2023067.1906.002.2026033161810.nc
2023-03-08T06:48:00+00:00,NOAA20,NIGHT,SPRING,1,0,0,1,720,CLDMSK_L2_VIIRS_NOAA20.A2023067.0648.001.2023233202042.nc
2023-03-08T08:30:00+00:00,NOAA20,NIGHT,SPRING,1,1,0,1,1800,CLDMSK_L2_VIIRS_NOAA20.A2023067.0830.001.2023233202004.nc
2023-03-08T18:12:00+00:00,NOAA20,DAY,SPRING,,0,0,1,720,CLDMSK_L2_VIIRS_NOAA20.A2023067.1812.001.2023233202043.nc
2023-03-08T07:12:00+00:00,NOAA21,NIGHT,SPRING,1,0,0,1,720,CLDMSK_L2_VIIRS_NOAA21.A2023067.0712.001.2024130183353.nc
2023-03-08T16:54:00+00:00,NOAA21,DAY,SPRING,,0,0,1,360,CLDMSK_L2_VIIRS_NOAA21.A2023067.1654.001.2024130183418.nc
2023-03-08T18:36:00+00:00,NOAA21,DAY,SPRING,,0,0,1,1440,CLDMSK_L2_VIIRS_NOAA21.A2023067.1836.001.2024130183438.nc
2025-10-12T06:06:00+00:00,SNPP,NIGHT,AUTUMN,1,1,1,1,360,CLDMSK_L2_VIIRS_SNPP.A2025285.0606.002.2026063172545.nc
2025-10-12T07:48:00+00:00,SNPP,NIGHT,AUTUMN,1,1,1,1,720,CLDMSK_L2_VIIRS_SNPP.A2025285.0748.002.2026063172555.nc
2025-10-12T17:30:00+00:00,SNPP,DAY,AUTUMN,,0,0,0,1800,CLDMSK_L2_VIIRS_SNPP.A2025285.1730.002.2026063172657.nc
2025-10-12T19:12:00+00:00,SNPP,DAY,AUTUMN,,0,0,0,720,CLDMSK_L2_VIIRS_SNPP.A2025285.1912.002.2026063172703.nc
2025-10-12T06:30:00+00:00,NOAA20,NIGHT,AUTUMN,1,1,1,1,1800,CLDMSK_L2_VIIRS_NOAA20.A2025285.0630.001.2025285190444.nc
2025-10-12T08:06:00+00:00,NOAA20,NIGHT,AUTUMN,1,1,1,1,360,CLDMSK_L2_VIIRS_NOAA20.A2025285.0806.001.2025285201457.nc
2025-10-12T17:54:00+00:00,NOAA20,DAY,AUTUMN,,0,0,0,360,CLDMSK_L2_VIIRS_NOAA20.A2025285.1754.001.2025286060516.nc
2025-10-12T07:18:00+00:00,NOAA21,NIGHT,AUTUMN,1,1,1,1,1080,CLDMSK_L2_VIIRS_NOAA21.A2025285.0718.001.2025285190908.nc
2025-10-12T17:06:00+00:00,NOAA21,DAY,AUTUMN,,0,0,0,360,CLDMSK_L2_VIIRS_NOAA21.A2025285.1706.001.2025286013920.nc
2025-10-12T18:42:00+00:00,NOAA21,DAY,AUTUMN,,0,0,0,1080,CLDMSK_L2_VIIRS_NOAA21.A2025285.1842.001.2025286073932.nc
2023-10-04T07:00:00+00:00,SNPP,NIGHT,AUTUMN,1,1,1,1,0,CLDMSK_L2_VIIRS_SNPP.A2023277.0700.002.2026033234346.nc
2023-10-04T18:24:00+00:00,SNPP,DAY,AUTUMN,,1,1,1,1440,CLDMSK_L2_VIIRS_SNPP.A2023277.1824.002.2026033234453.nc
2023-10-04T06:12:00+00:00,NOAA20,NIGHT,AUTUMN,1,0,1,1,720,CLDMSK_L2_VIIRS_NOAA20.A2023277.0612.002.2025235080037.nc
2023-10-04T07:48:00+00:00,NOAA20,NIGHT,AUTUMN,1,1,1,1,720,CLDMSK_L2_VIIRS_NOAA20.A2023277.0748.002.2025235080025.nc
2023-10-04T17:36:00+00:00,NOAA20,DAY,AUTUMN,,1,1,1,1440,CLDMSK_L2_VIIRS_NOAA20.A2023277.1736.002.2025235080241.nc
2023-10-04T19:18:00+00:00,NOAA20,DAY,AUTUMN,,1,1,1,1080,CLDMSK_L2_VIIRS_NOAA20.A2023277.1918.002.2025235080258.nc
2023-10-04T06:36:00+00:00,NOAA21,NIGHT,AUTUMN,1,1,1,1,1440,CLDMSK_L2_VIIRS_NOAA21.A2023277.0636.001.2024130192203.nc
2023-10-04T08:12:00+00:00,NOAA21,NIGHT,AUTUMN,1,0,1,1,720,CLDMSK_L2_VIIRS_NOAA21.A2023277.0812.001.2024130192155.nc
2023-10-04T18:00:00+00:00,NOAA21,DAY,AUTUMN,,1,1,1,0,CLDMSK_L2_VIIRS_NOAA21.A2023277.1800.001.2024130192223.nc
2022-08-20T06:48:00+00:00,SNPP,NIGHT,SUMMER,1,1,1,1,720,CLDMSK_L2_VIIRS_SNPP.A2022232.0648.002.2026033100214.nc
2022-08-20T08:30:00+00:00,SNPP,NIGHT,SUMMER,1,0,0,1,1800,CLDMSK_L2_VIIRS_SNPP.A2022232.0830.002.2026033100231.nc
2022-08-20T18:12:00+00:00,SNPP,DAY,SUMMER,,0,0,0,720,CLDMSK_L2_VIIRS_SNPP.A2022232.1812.002.2026033100333.nc
2022-08-20T07:36:00+00:00,NOAA20,NIGHT,SUMMER,1,1,1,1,1440,CLDMSK_L2_VIIRS_NOAA20.A2022232.0736.001.2022232195044.nc
2022-08-20T17:24:00+00:00,NOAA20,DAY,SUMMER,,0,0,0,1440,CLDMSK_L2_VIIRS_NOAA20.A2022232.1724.001.2022233163645.nc
2022-08-20T19:00:00+00:00,NOAA20,DAY,SUMMER,,0,0,0,0,CLDMSK_L2_VIIRS_NOAA20.A2022232.1900.001.2022233163646.nc
2023-06-25T06:54:00+00:00,SNPP,NIGHT,SUMMER,0,1,1,1,360,CLDMSK_L2_VIIRS_SNPP.A2023176.0654.002.2026033203140.nc
2023-06-25T18:18:00+00:00,SNPP,DAY,SUMMER,,0,0,0,1080,CLDMSK_L2_VIIRS_SNPP.A2023176.1818.002.2026033203242.nc
2023-06-25T06:06:00+00:00,NOAA20,NIGHT,SUMMER,0,0,0,1,360,CLDMSK_L2_VIIRS_NOAA20.A2023176.0606.001.2023233211937.nc
2023-06-25T07:48:00+00:00,NOAA20,NIGHT,SUMMER,0,0,0,1,720,CLDMSK_L2_VIIRS_NOAA20.A2023176.0748.001.2023233211941.nc
2023-06-25T17:30:00+00:00,NOAA20,DAY,SUMMER,,0,0,0,1800,CLDMSK_L2_VIIRS_NOAA20.A2023176.1730.001.2023233212007.nc
2023-06-25T19:12:00+00:00,NOAA20,DAY,SUMMER,,0,0,0,720,CLDMSK_L2_VIIRS_NOAA20.A2023176.1912.001.2023233212010.nc
2023-06-25T06:30:00+00:00,NOAA21,NIGHT,SUMMER,0,0,0,1,1800,CLDMSK_L2_VIIRS_NOAA21.A2023176.0630.001.2024130185910.nc
2023-06-25T08:06:00+00:00,NOAA21,NIGHT,SUMMER,0,0,0,1,360,CLDMSK_L2_VIIRS_NOAA21.A2023176.0806.001.2024130185954.nc
2023-06-25T17:54:00+00:00,NOAA21,DAY,SUMMER,,0,1,0,360,CLDMSK_L2_VIIRS_NOAA21.A2023176.1754.001.2024130190002.nc
2022-03-26T06:06:00+00:00,SNPP,NIGHT,SPRING,0,0,0,0,360,CLDMSK_L2_VIIRS_SNPP.A2022085.0606.002.2026033060104.nc
2022-03-26T07:42:00+00:00,SNPP,NIGHT,SPRING,0,0,0,0,1080,CLDMSK_L2_VIIRS_SNPP.A2022085.0742.002.2026033060112.nc
2022-03-26T17:30:00+00:00,SNPP,DAY,SPRING,,0,0,0,1800,CLDMSK_L2_VIIRS_SNPP.A2022085.1730.002.2026033060219.nc
2022-03-26T19:12:00+00:00,SNPP,DAY,SPRING,,0,0,0,720,CLDMSK_L2_VIIRS_SNPP.A2022085.1912.002.2026033060221.nc
2022-03-26T06:54:00+00:00,NOAA20,NIGHT,SPRING,0,0,0,0,360,CLDMSK_L2_VIIRS_NOAA20.A2022085.0654.001.2022085192700.nc
2022-03-26T08:36:00+00:00,NOAA20,NIGHT,SPRING,1,0,0,0,1440,CLDMSK_L2_VIIRS_NOAA20.A2022085.0836.001.2022085192657.nc
2022-03-26T18:18:00+00:00,NOAA20,DAY,SPRING,,0,0,0,1080,CLDMSK_L2_VIIRS_NOAA20.A2022085.1818.001.2022086072435.nc
2021-08-26T07:18:00+00:00,SNPP,NIGHT,SUMMER,1,1,1,1,1080,CLDMSK_L2_VIIRS_SNPP.A2021238.0718.002.2026032233241.nc
2021-08-26T17:06:00+00:00,SNPP,DAY,SUMMER,,0,0,0,360,CLDMSK_L2_VIIRS_SNPP.A2021238.1706.002.2026032233344.nc
2021-08-26T18:42:00+00:00,SNPP,DAY,SUMMER,,0,0,0,1080,CLDMSK_L2_VIIRS_SNPP.A2021238.1842.002.2026032233343.nc
2021-08-26T06:30:00+00:00,NOAA20,NIGHT,SUMMER,1,1,1,1,1800,CLDMSK_L2_VIIRS_NOAA20.A2021238.0630.001.2021238193349.nc
2021-08-26T08:12:00+00:00,NOAA20,NIGHT,SUMMER,1,1,1,1,720,CLDMSK_L2_VIIRS_NOAA20.A2021238.0812.001.2021238193403.nc
2021-08-26T17:54:00+00:00,NOAA20,DAY,SUMMER,,1,0,0,360,CLDMSK_L2_VIIRS_NOAA20.A2021238.1754.001.2021239013521.nc
2020-04-10T06:12:00+00:00,SNPP,NIGHT,SPRING,1,0,0,0,720,CLDMSK_L2_VIIRS_SNPP.A2020101.0612.002.2026032064730.nc
2020-04-10T07:48:00+00:00,SNPP,NIGHT,SPRING,1,0,0,0,720,CLDMSK_L2_VIIRS_SNPP.A2020101.0748.002.2026032064744.nc
2020-04-10T17:36:00+00:00,SNPP,DAY,SPRING,,0,0,0,1440,CLDMSK_L2_VIIRS_SNPP.A2020101.1736.002.2026032064840.nc
2020-04-10T19:12:00+00:00,SNPP,DAY,SPRING,,0,0,0,720,CLDMSK_L2_VIIRS_SNPP.A2020101.1912.002.2026032064851.nc
2020-04-10T07:00:00+00:00,NOAA20,NIGHT,SPRING,1,0,0,0,0,CLDMSK_L2_VIIRS_NOAA20.A2020101.0700.001.2020294210325.nc
2020-04-10T18:24:00+00:00,NOAA20,DAY,SPRING,,0,0,0,1440,CLDMSK_L2_VIIRS_NOAA20.A2020101.1824.001.2020294210415.nc
2020-07-08T06:42:00+00:00,SNPP,NIGHT,SUMMER,1,0,0,1,1080,CLDMSK_L2_VIIRS_SNPP.A2020190.0642.002.2026032100537.nc
2020-07-08T08:24:00+00:00,SNPP,NIGHT,SUMMER,1,0,0,1,360,CLDMSK_L2_VIIRS_SNPP.A2020190.0824.002.2026032100551.nc
2020-07-08T18:06:00+00:00,SNPP,DAY,SUMMER,,0,0,0,360,CLDMSK_L2_VIIRS_SNPP.A2020190.1806.002.2026032100649.nc
2020-07-08T07:30:00+00:00,NOAA20,NIGHT,SUMMER,1,0,0,1,1800,CLDMSK_L2_VIIRS_NOAA20.A2020190.0730.001.2020294153354.nc
2020-07-08T17:18:00+00:00,NOAA20,DAY,SUMMER,,0,0,0,1080,CLDMSK_L2_VIIRS_NOAA20.A2020190.1718.001.2020294153422.nc
2020-07-08T18:54:00+00:00,NOAA20,DAY,SUMMER,,0,0,0,360,CLDMSK_L2_VIIRS_NOAA20.A2020190.1854.001.2020294153542.nc
2020-10-25T07:36:00+00:00,SNPP,NIGHT,AUTUMN,0,0,0,0,1440,CLDMSK_L2_VIIRS_SNPP.A2020299.0736.002.2026032132658.nc
2020-10-25T17:24:00+00:00,SNPP,DAY,AUTUMN,,0,0,0,1440,CLDMSK_L2_VIIRS_SNPP.A2020299.1724.002.2026032132820.nc
2020-10-25T19:00:00+00:00,SNPP,DAY,AUTUMN,,0,0,0,0,CLDMSK_L2_VIIRS_SNPP.A2020299.1900.002.2026032132804.nc
2020-10-25T06:48:00+00:00,NOAA20,NIGHT,AUTUMN,0,0,0,0,720,CLDMSK_L2_VIIRS_NOAA20.A2020299.0648.001.2020299190703.nc
2020-10-25T08:30:00+00:00,NOAA20,NIGHT,AUTUMN,0,0,0,0,1800,CLDMSK_L2_VIIRS_NOAA20.A2020299.0830.001.2020299190645.nc
2020-10-25T18:12:00+00:00,NOAA20,DAY,AUTUMN,,0,0,0,720,CLDMSK_L2_VIIRS_NOAA20.A2020299.1812.001.2020300072015.nc
2025-02-08T06:18:00+00:00,SNPP,NIGHT,WINTER,1,0,0,0,1080,CLDMSK_L2_VIIRS_SNPP.A2025039.0618.002.2026034144616.nc
2025-02-08T08:00:00+00:00,SNPP,NIGHT,WINTER,1,0,0,0,0,CLDMSK_L2_VIIRS_SNPP.A2025039.0800.002.2026034144626.nc
2025-02-08T17:42:00+00:00,SNPP,DAY,WINTER,,0,0,0,1080,CLDMSK_L2_VIIRS_SNPP.A2025039.1742.002.2026034144731.nc
2025-02-08T19:24:00+00:00,SNPP,DAY,WINTER,,0,0,0,1440,CLDMSK_L2_VIIRS_SNPP.A2025039.1924.002.2026034144735.nc
2025-02-08T06:42:00+00:00,NOAA20,NIGHT,WINTER,1,0,0,0,1080,CLDMSK_L2_VIIRS_NOAA20.A2025039.0642.001.2025039191136.nc
2025-02-08T08:18:00+00:00,NOAA20,NIGHT,WINTER,1,0,0,0,1080,CLDMSK_L2_VIIRS_NOAA20.A2025039.0818.001.2025039203131.nc
2025-02-08T18:06:00+00:00,NOAA20,DAY,WINTER,,0,0,0,360,CLDMSK_L2_VIIRS_NOAA20.A2025039.1806.001.2025040072218.nc
2025-02-08T07:30:00+00:00,NOAA21,NIGHT,WINTER,1,0,0,0,1800,CLDMSK_L2_VIIRS_NOAA21.A2025039.0730.001.2025039191335.nc
2025-02-08T17:18:00+00:00,NOAA21,DAY,WINTER,,0,0,0,1080,CLDMSK_L2_VIIRS_NOAA21.A2025039.1718.001.2025040012351.nc
2025-02-08T18:54:00+00:00,NOAA21,DAY,WINTER,,0,0,0,360,CLDMSK_L2_VIIRS_NOAA21.A2025039.1854.001.2025040072358.nc
2024-08-24T07:06:00+00:00,SNPP,NIGHT,SUMMER,1,1,1,1,360,CLDMSK_L2_VIIRS_SNPP.A2024237.0706.002.2026034093811.nc
2024-08-24T16:54:00+00:00,SNPP,DAY,SUMMER,,0,0,0,360,CLDMSK_L2_VIIRS_SNPP.A2024237.1654.002.2026034093912.nc
2024-08-24T18:30:00+00:00,SNPP,DAY,SUMMER,,0,0,0,1800,CLDMSK_L2_VIIRS_SNPP.A2024237.1830.002.2026034093928.nc
2024-08-24T07:30:00+00:00,NOAA20,NIGHT,SUMMER,1,0,0,1,1800,CLDMSK_L2_VIIRS_NOAA20.A2024237.0730.002.2025236004152.nc
2024-08-24T17:12:00+00:00,NOAA20,DAY,SUMMER,,0,0,0,240,CLDMSK_L2_VIIRS_NOAA20.A2024237.1712.002.2025236004407.nc
2024-08-24T17:18:00+00:00,NOAA20,DAY,SUMMER,,0,0,0,120,CLDMSK_L2_VIIRS_NOAA20.A2024237.1718.002.2025236004330.nc
2024-08-24T18:54:00+00:00,NOAA20,DAY,SUMMER,,0,0,0,360,CLDMSK_L2_VIIRS_NOAA20.A2024237.1854.002.2025236004406.nc
2024-08-24T06:42:00+00:00,NOAA21,NIGHT,SUMMER,1,1,1,1,1080,CLDMSK_L2_VIIRS_NOAA21.A2024237.0642.001.2024237191135.nc
2024-08-24T08:24:00+00:00,NOAA21,NIGHT,SUMMER,1,1,1,0,1440,CLDMSK_L2_VIIRS_NOAA21.A2024237.0824.001.2024237191143.nc
2024-08-24T18:06:00+00:00,NOAA21,DAY,SUMMER,,0,0,0,360,CLDMSK_L2_VIIRS_NOAA21.A2024237.1806.001.2024238072217.nc
2022-03-07T07:00:00+00:00,SNPP,NIGHT,SPRING,0,0,0,0,0,CLDMSK_L2_VIIRS_SNPP.A2022066.0700.002.2026033052620.nc
2022-03-07T18:24:00+00:00,SNPP,DAY,SPRING,,0,0,0,1380,CLDMSK_L2_VIIRS_SNPP.A2022066.1824.002.2026033052740.nc
2022-03-07T06:12:00+00:00,NOAA20,NIGHT,SPRING,0,0,0,0,720,CLDMSK_L2_VIIRS_NOAA20.A2022066.0612.001.2022066193551.nc
2022-03-07T07:48:00+00:00,NOAA20,NIGHT,SPRING,0,0,0,0,720,CLDMSK_L2_VIIRS_NOAA20.A2022066.0748.001.2022066193550.nc
2022-03-07T17:36:00+00:00,NOAA20,DAY,SPRING,,0,0,0,480,CLDMSK_L2_VIIRS_NOAA20.A2022066.1736.001.2022067013443.nc
2022-03-07T19:18:00+00:00,NOAA20,DAY,SPRING,,0,0,,,CLDMSK_L2_VIIRS_NOAA20.A2022066.1918.001.2022067072738.nc
2024-04-21T06:12:00+00:00,SNPP,NIGHT,SPRING,1,0,0,0,720,CLDMSK_L2_VIIRS_SNPP.A2024112.0612.002.2026034055032.nc
2024-04-21T07:54:00+00:00,SNPP,NIGHT,SPRING,1,0,0,0,360,CLDMSK_L2_VIIRS_SNPP.A2024112.0754.002.2026034055045.nc
2024-04-21T17:36:00+00:00,SNPP,DAY,SPRING,,0,0,0,1440,CLDMSK_L2_VIIRS_SNPP.A2024112.1736.002.2026034055145.nc
2024-04-21T19:18:00+00:00,SNPP,DAY,SPRING,,0,0,0,1080,CLDMSK_L2_VIIRS_SNPP.A2024112.1918.002.2026034055203.nc
2024-04-21T06:36:00+00:00,NOAA20,NIGHT,SPRING,1,0,0,0,1440,CLDMSK_L2_VIIRS_NOAA20.A2024112.0636.002.2025235174859.nc
2024-04-21T08:18:00+00:00,NOAA20,NIGHT,SPRING,1,0,0,0,1080,CLDMSK_L2_VIIRS_NOAA20.A2024112.0818.002.2025235174929.nc
2024-04-21T18:00:00+00:00,NOAA20,DAY,SPRING,,0,0,0,0,CLDMSK_L2_VIIRS_NOAA20.A2024112.1800.002.2025235175328.nc
2024-04-21T07:24:00+00:00,NOAA21,NIGHT,SPRING,1,0,0,0,1440,CLDMSK_L2_VIIRS_NOAA21.A2024112.0724.001.2024130201450.nc
2024-04-21T17:06:00+00:00,NOAA21,DAY,SPRING,,0,0,0,360,CLDMSK_L2_VIIRS_NOAA21.A2024112.1706.001.2024130201401.nc
2024-04-21T18:48:00+00:00,NOAA21,DAY,SPRING,,0,0,0,720,CLDMSK_L2_VIIRS_NOAA21.A2024112.1848.001.2024130201603.nc
2025-07-17T06:36:00+00:00,SNPP,NIGHT,SUMMER,1,0,0,0,1440,CLDMSK_L2_VIIRS_SNPP.A2025198.0636.002.2026034194058.nc
2025-07-17T08:18:00+00:00,SNPP,NIGHT,SUMMER,1,0,0,0,1080,CLDMSK_L2_VIIRS_SNPP.A2025198.0818.002.2026034194058.nc
2025-07-17T18:00:00+00:00,SNPP,DAY,SUMMER,,1,1,0,0,CLDMSK_L2_VIIRS_SNPP.A2025198.1800.002.2026034194207.nc
2025-07-17T07:00:00+00:00,NOAA20,NIGHT,SUMMER,1,0,0,0,0,CLDMSK_L2_VIIRS_NOAA20.A2025198.0700.001.2025198211910.nc
2025-07-17T18:24:00+00:00,NOAA20,DAY,SUMMER,,0,0,0,1440,CLDMSK_L2_VIIRS_NOAA20.A2025198.1824.001.2025199122002.nc
2025-07-17T06:12:00+00:00,NOAA21,NIGHT,SUMMER,1,0,0,0,720,CLDMSK_L2_VIIRS_NOAA21.A2025198.0612.001.2025198212106.nc
2025-07-17T07:54:00+00:00,NOAA21,NIGHT,SUMMER,1,0,0,0,360,CLDMSK_L2_VIIRS_NOAA21.A2025198.0754.001.2025198212113.nc
2025-07-17T17:36:00+00:00,NOAA21,DAY,SUMMER,,1,1,0,1440,CLDMSK_L2_VIIRS_NOAA21.A2025198.1736.001.2025199012134.nc
2025-07-17T19:18:00+00:00,NOAA21,DAY,SUMMER,,0,0,0,1080,CLDMSK_L2_VIIRS_NOAA21.A2025198.1918.001.2025199122212.nc
2024-06-24T06:12:00+00:00,SNPP,NIGHT,SUMMER,1,0,0,1,720,CLDMSK_L2_VIIRS_SNPP.A2024176.0612.002.2026034074745.nc
2024-06-24T07:48:00+00:00,SNPP,NIGHT,SUMMER,1,0,0,1,720,CLDMSK_L2_VIIRS_SNPP.A2024176.0748.002.2026034074756.nc
2024-06-24T17:36:00+00:00,SNPP,DAY,SUMMER,,1,1,0,1440,CLDMSK_L2_VIIRS_SNPP.A2024176.1736.002.2026034074905.nc
2024-06-24T19:12:00+00:00,SNPP,DAY,SUMMER,,1,1,1,720,CLDMSK_L2_VIIRS_SNPP.A2024176.1912.002.2026034074905.nc
2024-06-24T06:36:00+00:00,NOAA20,NIGHT,SUMMER,1,0,0,1,1440,CLDMSK_L2_VIIRS_NOAA20.A2024176.0636.002.2025235212303.nc
2024-06-24T08:12:00+00:00,NOAA20,NIGHT,SUMMER,1,0,0,1,720,CLDMSK_L2_VIIRS_NOAA20.A2024176.0812.002.2025235212321.nc
2024-06-24T18:00:00+00:00,NOAA20,DAY,SUMMER,,1,1,0,0,CLDMSK_L2_VIIRS_NOAA20.A2024176.1800.002.2025235212410.nc
2024-06-24T07:24:00+00:00,NOAA21,NIGHT,SUMMER,1,0,0,1,1440,CLDMSK_L2_VIIRS_NOAA21.A2024176.0724.001.2024176190432.nc
2024-06-24T17:12:00+00:00,NOAA21,DAY,SUMMER,,1,1,1,720,CLDMSK_L2_VIIRS_NOAA21.A2024176.1712.001.2024177011400.nc
2024-06-24T18:48:00+00:00,NOAA21,DAY,SUMMER,,1,1,1,720,CLDMSK_L2_VIIRS_NOAA21.A2024176.1848.001.2024177072855.nc
2022-09-26T06:54:00+00:00,SNPP,NIGHT,AUTUMN,0,0,0,0,360,CLDMSK_L2_VIIRS_SNPP.A2022269.0654.002.2026033111008.nc
2022-09-26T08:36:00+00:00,SNPP,NIGHT,AUTUMN,0,0,0,0,1440,CLDMSK_L2_VIIRS_SNPP.A2022269.0836.002.2026033111021.nc
2022-09-26T18:18:00+00:00,SNPP,DAY,AUTUMN,,0,0,0,1080,CLDMSK_L2_VIIRS_SNPP.A2022269.1818.002.2026033111144.nc
2022-09-26T06:06:00+00:00,NOAA20,NIGHT,AUTUMN,0,0,0,0,360,CLDMSK_L2_VIIRS_NOAA20.A2022269.0606.001.2022269190911.nc
2022-09-26T07:42:00+00:00,NOAA20,NIGHT,AUTUMN,0,0,0,0,1080,CLDMSK_L2_VIIRS_NOAA20.A2022269.0742.001.2022269195921.nc
2022-09-26T17:30:00+00:00,NOAA20,DAY,AUTUMN,,0,0,0,1800,CLDMSK_L2_VIIRS_NOAA20.A2022269.1730.001.2022270054926.nc
2022-09-26T19:06:00+00:00,NOAA20,DAY,AUTUMN,,0,0,0,360,CLDMSK_L2_VIIRS_NOAA20.A2022269.1906.001.2022270072925.nc
2021-08-27T07:00:00+00:00,SNPP,NIGHT,SUMMER,1,0,0,0,0,CLDMSK_L2_VIIRS_SNPP.A2021239.0700.002.2026032233426.nc
2021-08-27T18:24:00+00:00,SNPP,DAY,SUMMER,,1,0,0,1440,CLDMSK_L2_VIIRS_SNPP.A2021239.1824.002.2026032233526.nc
2021-08-27T06:12:00+00:00,NOAA20,NIGHT,SUMMER,1,0,0,0,720,CLDMSK_L2_VIIRS_NOAA20.A2021239.0612.001.2021239193410.nc
2021-08-27T07:48:00+00:00,NOAA20,NIGHT,SUMMER,1,0,0,0,720,CLDMSK_L2_VIIRS_NOAA20.A2021239.0748.001.2021239193411.nc
2021-08-27T17:36:00+00:00,NOAA20,DAY,SUMMER,,1,0,0,1440,CLDMSK_L2_VIIRS_NOAA20.A2021239.1736.001.2021240013220.nc
2021-08-27T19:18:00+00:00,NOAA20,DAY,SUMMER,,0,0,0,1080,CLDMSK_L2_VIIRS_NOAA20.A2021239.1918.001.2021240072131.nc
2020-01-23T07:12:00+00:00,SNPP,NIGHT,WINTER,0,0,0,0,720,CLDMSK_L2_VIIRS_SNPP.A2020023.0712.002.2026032033130.nc
2020-01-23T16:54:00+00:00,SNPP,DAY,WINTER,,0,0,0,360,CLDMSK_L2_VIIRS_SNPP.A2020023.1654.002.2026032033247.nc
2020-01-23T18:36:00+00:00,SNPP,DAY,WINTER,,0,0,0,1440,CLDMSK_L2_VIIRS_SNPP.A2020023.1836.002.2026032033308.nc
2020-01-23T06:24:00+00:00,NOAA20,NIGHT,WINTER,0,0,0,0,1440,CLDMSK_L2_VIIRS_NOAA20.A2020023.0624.001.2020294225359.nc
2020-01-23T08:00:00+00:00,NOAA20,NIGHT,WINTER,0,0,0,0,0,CLDMSK_L2_VIIRS_NOAA20.A2020023.0800.001.2020294225404.nc
2020-01-23T17:48:00+00:00,NOAA20,DAY,WINTER,,0,0,0,720,CLDMSK_L2_VIIRS_NOAA20.A2020023.1748.001.2020294225444.nc
2021-03-12T06:12:00+00:00,SNPP,NIGHT,SPRING,0,0,1,1,720,CLDMSK_L2_VIIRS_SNPP.A2021071.0612.002.2026032182727.nc
2021-03-12T07:48:00+00:00,SNPP,NIGHT,SPRING,0,1,1,0,720,CLDMSK_L2_VIIRS_SNPP.A2021071.0748.002.2026032182749.nc
2021-03-12T17:36:00+00:00,SNPP,DAY,SPRING,,0,1,1,1440,CLDMSK_L2_VIIRS_SNPP.A2021071.1736.002.2026032182836.nc
2021-03-12T19:12:00+00:00,SNPP,DAY,SPRING,,0,0,0,720,CLDMSK_L2_VIIRS_SNPP.A2021071.1912.002.2026032182840.nc
2021-03-12T07:00:00+00:00,NOAA20,NIGHT,SPRING,0,0,0,0,0,CLDMSK_L2_VIIRS_NOAA20.A2021071.0700.001.2021071191440.nc
2021-03-12T18:24:00+00:00,NOAA20,DAY,SPRING,,0,0,1,1440,CLDMSK_L2_VIIRS_NOAA20.A2021071.1824.001.2021072071859.nc
2024-10-07T06:42:00+00:00,SNPP,NIGHT,AUTUMN,0,0,0,0,1080,CLDMSK_L2_VIIRS_SNPP.A2024281.0642.002.2026034105849.nc
2024-10-07T08:18:00+00:00,SNPP,NIGHT,AUTUMN,0,0,0,0,1080,CLDMSK_L2_VIIRS_SNPP.A2024281.0818.002.2026034105901.nc
2024-10-07T18:06:00+00:00,SNPP,DAY,AUTUMN,,1,0,0,360,CLDMSK_L2_VIIRS_SNPP.A2024281.1806.002.2026034105952.nc
2024-10-07T07:06:00+00:00,NOAA20,NIGHT,AUTUMN,0,0,0,0,360,CLDMSK_L2_VIIRS_NOAA20.A2024281.0706.002.2025236030029.nc
2024-10-07T16:48:00+00:00,NOAA20,DAY,AUTUMN,,0,0,0,720,CLDMSK_L2_VIIRS_NOAA20.A2024281.1648.002.2025236030127.nc
2024-10-07T18:30:00+00:00,NOAA20,DAY,AUTUMN,,0,0,0,1800,CLDMSK_L2_VIIRS_NOAA20.A2024281.1830.002.2025236030113.nc
2024-10-07T06:18:00+00:00,NOAA21,NIGHT,AUTUMN,0,0,0,0,1080,CLDMSK_L2_VIIRS_NOAA21.A2024281.0618.001.2024281190833.nc
2024-10-07T08:00:00+00:00,NOAA21,NIGHT,AUTUMN,0,0,0,0,0,CLDMSK_L2_VIIRS_NOAA21.A2024281.0800.001.2024281190839.nc
2024-10-07T17:42:00+00:00,NOAA21,DAY,AUTUMN,,1,0,0,1080,CLDMSK_L2_VIIRS_NOAA21.A2024281.1742.001.2024282010848.nc
2024-10-07T19:24:00+00:00,NOAA21,DAY,AUTUMN,,1,1,0,1440,CLDMSK_L2_VIIRS_NOAA21.A2024281.1924.001.2024282072916.nc
2022-06-15T07:24:00+00:00,SNPP,NIGHT,SUMMER,1,1,1,1,1440,CLDMSK_L2_VIIRS_SNPP.A2022166.0724.002.2026033082909.nc
2022-06-15T17:12:00+00:00,SNPP,DAY,SUMMER,,0,0,0,720,CLDMSK_L2_VIIRS_SNPP.A2022166.1712.002.2026033083012.nc
2022-06-15T18:48:00+00:00,SNPP,DAY,SUMMER,,0,0,0,720,CLDMSK_L2_VIIRS_SNPP.A2022166.1848.002.2026033083015.nc
2022-06-15T06:36:00+00:00,NOAA20,NIGHT,SUMMER,1,1,1,1,1440,CLDMSK_L2_VIIRS_NOAA20.A2022166.0636.001.2022166194418.nc
2022-06-15T18:00:00+00:00,NOAA20,DAY,SUMMER,,0,0,0,0,CLDMSK_L2_VIIRS_NOAA20.A2022166.1800.001.2022167194832.nc
2021-12-21T07:24:00+00:00,SNPP,NIGHT,WINTER,1,0,0,0,1440,CLDMSK_L2_VIIRS_SNPP.A2021355.0724.002.2026033030802.nc
2021-12-21T17:12:00+00:00,SNPP,DAY,WINTER,,0,0,0,720,CLDMSK_L2_VIIRS_SNPP.A2021355.1712.002.2026033030922.nc
2021-12-21T18:48:00+00:00,SNPP,DAY,WINTER,,0,0,0,720,CLDMSK_L2_VIIRS_SNPP.A2021355.1848.002.2026033030922.nc
2021-12-21T06:36:00+00:00,NOAA20,NIGHT,WINTER,1,0,0,0,1440,CLDMSK_L2_VIIRS_NOAA20.A2021355.0636.001.2021355194856.nc
2021-12-21T08:12:00+00:00,NOAA20,NIGHT,WINTER,1,0,0,0,720,CLDMSK_L2_VIIRS_NOAA20.A2021355.0812.001.2021355194901.nc
2021-12-21T18:00:00+00:00,NOAA20,DAY,WINTER,,0,0,0,0,CLDMSK_L2_VIIRS_NOAA20.A2021355.1800.001.2021356080352.nc
2025-10-22T06:18:00+00:00,SNPP,NIGHT,AUTUMN,0,0,0,0,1080,CLDMSK_L2_VIIRS_SNPP.A2025295.0618.002.2026063174329.nc
2025-10-22T08:00:00+00:00,SNPP,NIGHT,AUTUMN,0,0,0,0,0,CLDMSK_L2_VIIRS_SNPP.A2025295.0800.002.2026063174356.nc
2025-10-22T17:42:00+00:00,SNPP,DAY,AUTUMN,,0,0,0,1080,CLDMSK_L2_VIIRS_SNPP.A2025295.1742.002.2026063174423.nc
2025-10-22T19:24:00+00:00,SNPP,DAY,AUTUMN,,0,0,0,1440,CLDMSK_L2_VIIRS_SNPP.A2025295.1924.002.2026063174453.nc
2025-10-22T06:42:00+00:00,NOAA20,NIGHT,AUTUMN,0,0,0,0,180,CLDMSK_L2_VIIRS_NOAA20.A2025295.0642.001.2025295190921.nc
2025-10-22T08:18:00+00:00,NOAA20,NIGHT,AUTUMN,0,0,0,0,1080,CLDMSK_L2_VIIRS_NOAA20.A2025295.0818.001.2025295202923.nc
2025-10-22T18:06:00+00:00,NOAA20,DAY,AUTUMN,,0,0,0,360,CLDMSK_L2_VIIRS_NOAA20.A2025295.1806.001.2025296074009.nc
2025-10-22T07:30:00+00:00,NOAA21,NIGHT,AUTUMN,0,0,0,0,1800,CLDMSK_L2_VIIRS_NOAA21.A2025295.0730.001.2025295191345.nc
2025-10-22T17:18:00+00:00,NOAA21,DAY,AUTUMN,,0,0,0,1080,CLDMSK_L2_VIIRS_NOAA21.A2025295.1718.001.2025296014503.nc
2025-10-22T18:54:00+00:00,NOAA21,DAY,AUTUMN,,0,0,0,180,CLDMSK_L2_VIIRS_NOAA21.A2025295.1854.001.2025296074414.nc
2025-03-17T06:24:00+00:00,SNPP,NIGHT,SPRING,1,0,0,0,1440,CLDMSK_L2_VIIRS_SNPP.A2025076.0624.002.2026034155718.nc
2025-03-17T08:06:00+00:00,SNPP,NIGHT,SPRING,1,0,0,0,360,CLDMSK_L2_VIIRS_SNPP.A2025076.0806.002.2026034155726.nc
2025-03-17T17:48:00+00:00,SNPP,DAY,SPRING,,0,0,1,720,CLDMSK_L2_VIIRS_SNPP.A2025076.1748.002.2026034155830.nc
2025-03-17T06:48:00+00:00,NOAA20,NIGHT,SPRING,1,1,0,0,720,CLDMSK_L2_VIIRS_NOAA20.A2025076.0648.001.2025076191309.nc
2025-03-17T08:24:00+00:00,NOAA20,NIGHT,SPRING,1,0,0,0,1440,CLDMSK_L2_VIIRS_NOAA20.A2025076.0824.001.2025076204125.nc
2025-03-17T18:12:00+00:00,NOAA20,DAY,SPRING,,0,0,1,720,CLDMSK_L2_VIIRS_NOAA20.A2025076.1812.001.2025077073212.nc
2025-03-17T07:36:00+00:00,NOAA21,NIGHT,SPRING,1,0,0,0,1440,CLDMSK_L2_VIIRS_NOAA21.A2025076.0736.001.2025076190438.nc
2025-03-17T17:24:00+00:00,NOAA21,DAY,SPRING,,0,0,1,1440,CLDMSK_L2_VIIRS_NOAA21.A2025076.1724.001.2025077012436.nc
2025-03-17T19:00:00+00:00,NOAA21,DAY,SPRING,,0,0,1,0,CLDMSK_L2_VIIRS_NOAA21.A2025076.1900.001.2025077072501.nc
2022-10-17T07:00:00+00:00,SNPP,NIGHT,AUTUMN,1,0,0,0,0,CLDMSK_L2_VIIRS_SNPP.A2022290.0700.002.2026033114835.nc
2022-10-17T18:24:00+00:00,SNPP,DAY,AUTUMN,,0,0,0,120,CLDMSK_L2_VIIRS_SNPP.A2022290.1824.002.2026033114938.nc
2022-10-17T06:12:00+00:00,NOAA20,NIGHT,AUTUMN,1,0,0,0,720,CLDMSK_L2_VIIRS_NOAA20.A2022290.0612.001.2022290191917.nc
2022-10-17T07:48:00+00:00,NOAA20,NIGHT,AUTUMN,1,0,0,0,720,CLDMSK_L2_VIIRS_NOAA20.A2022290.0748.001.2022290200904.nc
2022-10-17T17:36:00+00:00,NOAA20,DAY,AUTUMN,,0,0,0,240,CLDMSK_L2_VIIRS_NOAA20.A2022290.1736.001.2022291055927.nc
2022-10-17T19:18:00+00:00,NOAA20,DAY,AUTUMN,,0,0,0,1080,CLDMSK_L2_VIIRS_NOAA20.A2022290.1918.001.2022291073941.nc
2021-05-12T07:06:00+00:00,SNPP,NIGHT,SPRING,0,1,1,1,360,CLDMSK_L2_VIIRS_SNPP.A2021132.0706.002.2026032201949.nc
2021-05-12T16:48:00+00:00,SNPP,DAY,SPRING,,1,1,1,720,CLDMSK_L2_VIIRS_SNPP.A2021132.1648.002.2026032202025.nc
2021-05-12T18:30:00+00:00,SNPP,DAY,SPRING,,1,1,1,1800,CLDMSK_L2_VIIRS_SNPP.A2021132.1830.002.2026032202044.nc
2021-05-12T06:18:00+00:00,NOAA20,NIGHT,SPRING,0,1,1,1,1080,CLDMSK_L2_VIIRS_NOAA20.A2021132.0618.001.2021132192646.nc
2021-05-12T07:54:00+00:00,NOAA20,NIGHT,SPRING,0,1,1,1,360,CLDMSK_L2_VIIRS_NOAA20.A2021132.0754.001.2021132192647.nc
2021-05-12T17:42:00+00:00,NOAA20,DAY,SPRING,,1,1,1,1080,CLDMSK_L2_VIIRS_NOAA20.A2021132.1742.001.2021133012543.nc
2021-05-12T19:24:00+00:00,NOAA20,DAY,SPRING,,1,1,1,1440,CLDMSK_L2_VIIRS_NOAA20.A2021132.1924.001.2021133071759.nc
2025-02-12T06:42:00+00:00,SNPP,NIGHT,WINTER,1,0,0,0,1080,CLDMSK_L2_VIIRS_SNPP.A2025043.0642.002.2026034145328.nc
2025-02-12T08:24:00+00:00,SNPP,NIGHT,WINTER,1,0,0,0,1440,CLDMSK_L2_VIIRS_SNPP.A2025043.0824.002.2026034145347.nc
2025-02-12T18:06:00+00:00,SNPP,DAY,WINTER,,0,0,0,360,CLDMSK_L2_VIIRS_SNPP.A2025043.1806.002.2026034145459.nc
2025-02-12T07:06:00+00:00,NOAA20,NIGHT,WINTER,1,0,0,0,360,CLDMSK_L2_VIIRS_NOAA20.A2025043.0706.001.2025043192052.nc
2025-02-12T16:48:00+00:00,NOAA20,DAY,WINTER,,0,0,0,720,CLDMSK_L2_VIIRS_NOAA20.A2025043.1648.001.2025044051041.nc
2025-02-12T18:30:00+00:00,NOAA20,DAY,WINTER,,0,0,0,1800,CLDMSK_L2_VIIRS_NOAA20.A2025043.1830.001.2025044073048.nc
2025-02-12T06:18:00+00:00,NOAA21,NIGHT,WINTER,1,0,0,0,1080,CLDMSK_L2_VIIRS_NOAA21.A2025043.0618.001.2025043190525.nc
2025-02-12T07:54:00+00:00,NOAA21,NIGHT,WINTER,1,0,0,0,360,CLDMSK_L2_VIIRS_NOAA21.A2025043.0754.001.2025043190532.nc
2025-02-12T17:42:00+00:00,NOAA21,DAY,WINTER,,0,0,0,480,CLDMSK_L2_VIIRS_NOAA21.A2025043.1742.001.2025044010552.nc
2025-02-12T19:24:00+00:00,NOAA21,DAY,WINTER,,0,0,0,1440,CLDMSK_L2_VIIRS_NOAA21.A2025043.1924.001.2025044073620.nc
2021-06-30T06:48:00+00:00,SNPP,NIGHT,SUMMER,1,0,0,0,720,CLDMSK_L2_VIIRS_SNPP.A2021181.0648.002.2026032215022.nc
2021-06-30T18:12:00+00:00,SNPP,DAY,SUMMER,,0,0,0,720,CLDMSK_L2_VIIRS_SNPP.A2021181.1812.002.2026032215126.nc
2021-06-30T06:00:00+00:00,NOAA20,NIGHT,SUMMER,1,0,0,0,0,CLDMSK_L2_VIIRS_NOAA20.A2021181.0600.001.2021181222124.nc
2021-06-30T07:36:00+00:00,NOAA20,NIGHT,SUMMER,1,0,0,0,1440,CLDMSK_L2_VIIRS_NOAA20.A2021181.0736.001.2021181222127.nc
2021-06-30T17:24:00+00:00,NOAA20,DAY,SUMMER,,0,0,0,1440,CLDMSK_L2_VIIRS_NOAA20.A2021181.1724.001.2021182124911.nc
2021-06-30T19:00:00+00:00,NOAA20,DAY,SUMMER,,0,0,0,0,CLDMSK_L2_VIIRS_NOAA20.A2021181.1900.001.2021182124932.nc
2025-03-18T06:06:00+00:00,SNPP,NIGHT,SPRING,1,0,0,0,360,CLDMSK_L2_VIIRS_SNPP.A2025077.0606.002.2026034155858.nc
2025-03-18T07:42:00+00:00,SNPP,NIGHT,SPRING,1,0,0,1,1080,CLDMSK_L2_VIIRS_SNPP.A2025077.0742.002.2026034155908.nc
2025-03-18T17:30:00+00:00,SNPP,DAY,SPRING,,1,1,0,120,CLDMSK_L2_VIIRS_SNPP.A2025077.1730.002.2026034160014.nc
2025-03-18T19:12:00+00:00,SNPP,DAY,SPRING,,0,1,0,720,CLDMSK_L2_VIIRS_SNPP.A2025077.1912.002.2026034160009.nc
2025-03-18T06:24:00+00:00,NOAA20,NIGHT,SPRING,1,0,0,0,1440,CLDMSK_L2_VIIRS_NOAA20.A2025077.0624.001.2025077192114.nc
2025-03-18T08:06:00+00:00,NOAA20,NIGHT,SPRING,1,1,0,1,360,CLDMSK_L2_VIIRS_NOAA20.A2025077.0806.001.2025077202135.nc
2025-03-18T17:54:00+00:00,NOAA20,DAY,SPRING,,0,1,1,360,CLDMSK_L2_VIIRS_NOAA20.A2025077.1754.001.2025078062125.nc
2025-03-18T07:18:00+00:00,NOAA21,NIGHT,SPRING,1,0,0,0,1080,CLDMSK_L2_VIIRS_NOAA21.A2025077.0718.001.2025077191147.nc
2025-03-18T17:06:00+00:00,NOAA21,DAY,SPRING,,0,1,0,360,CLDMSK_L2_VIIRS_NOAA21.A2025077.1706.001.2025078013157.nc
2025-03-18T18:42:00+00:00,NOAA21,DAY,SPRING,,1,1,0,1080,CLDMSK_L2_VIIRS_NOAA21.A2025077.1842.001.2025078073128.nc
2023-07-23T06:30:00+00:00,SNPP,NIGHT,SUMMER,0,1,1,1,1800,CLDMSK_L2_VIIRS_SNPP.A2023204.0630.002.2026033212847.nc
2023-07-23T08:12:00+00:00,SNPP,NIGHT,SUMMER,0,1,1,1,720,CLDMSK_L2_VIIRS_SNPP.A2023204.0812.002.2026033212851.nc
2023-07-23T17:54:00+00:00,SNPP,DAY,SUMMER,,0,0,0,360,CLDMSK_L2_VIIRS_SNPP.A2023204.1754.002.2026033212947.nc
2023-07-23T07:18:00+00:00,NOAA20,NIGHT,SUMMER,0,0,1,1,1080,CLDMSK_L2_VIIRS_NOAA20.A2023204.0718.001.2023233213806.nc
2023-07-23T17:06:00+00:00,NOAA20,DAY,SUMMER,,0,0,0,360,CLDMSK_L2_VIIRS_NOAA20.A2023204.1706.001.2023233213815.nc
2023-07-23T18:42:00+00:00,NOAA20,DAY,SUMMER,,0,0,0,60,CLDMSK_L2_VIIRS_NOAA20.A2023204.1842.001.2023233213756.nc
2023-07-23T06:00:00+00:00,NOAA21,NIGHT,SUMMER,0,0,0,1,0,CLDMSK_L2_VIIRS_NOAA21.A2023204.0600.001.2024130190447.nc
2023-07-23T07:42:00+00:00,NOAA21,NIGHT,SUMMER,0,0,0,1,1080,CLDMSK_L2_VIIRS_NOAA21.A2023204.0742.001.2024130190458.nc
2023-07-23T17:24:00+00:00,NOAA21,DAY,SUMMER,,0,0,0,1440,CLDMSK_L2_VIIRS_NOAA21.A2023204.1724.001.2024130190623.nc
2023-07-23T19:06:00+00:00,NOAA21,DAY,SUMMER,,0,0,0,360,CLDMSK_L2_VIIRS_NOAA21.A2023204.1906.001.2024130190605.nc
2024-12-17T06:12:00+00:00,SNPP,NIGHT,WINTER,1,1,1,0,720,CLDMSK_L2_VIIRS_SNPP.A2024352.0612.002.2026034130945.nc
2024-12-17T07:48:00+00:00,SNPP,NIGHT,WINTER,1,0,0,0,720,CLDMSK_L2_VIIRS_SNPP.A2024352.0748.002.2026034130952.nc
2024-12-17T17:36:00+00:00,SNPP,DAY,WINTER,,0,0,0,1440,CLDMSK_L2_VIIRS_SNPP.A2024352.1736.002.2026034131040.nc
2024-12-17T19:18:00+00:00,SNPP,DAY,WINTER,,0,0,0,1080,CLDMSK_L2_VIIRS_SNPP.A2024352.1918.002.2026034131103.nc
2024-12-17T06:36:00+00:00,NOAA20,NIGHT,WINTER,1,1,1,0,1440,CLDMSK_L2_VIIRS_NOAA20.A2024352.0636.002.2025236055531.nc
2024-12-17T08:12:00+00:00,NOAA20,NIGHT,WINTER,1,0,0,0,720,CLDMSK_L2_VIIRS_NOAA20.A2024352.0812.002.2025236055533.nc
2024-12-17T18:00:00+00:00,NOAA20,DAY,WINTER,,0,0,0,0,CLDMSK_L2_VIIRS_NOAA20.A2024352.1800.002.2025236055733.nc
2024-12-17T07:30:00+00:00,NOAA21,NIGHT,WINTER,1,0,0,0,1800,CLDMSK_L2_VIIRS_NOAA21.A2024352.0730.001.2024352191243.nc
2024-12-17T17:12:00+00:00,NOAA21,DAY,WINTER,,0,0,0,720,CLDMSK_L2_VIIRS_NOAA21.A2024352.1712.001.2024353011328.nc
2024-12-17T18:54:00+00:00,NOAA21,DAY,WINTER,,0,0,0,360,CLDMSK_L2_VIIRS_NOAA21.A2024352.1854.001.2024353073341.nc
2025-08-29T06:30:00+00:00,SNPP,NIGHT,SUMMER,0,1,1,1,1800,CLDMSK_L2_VIIRS_SNPP.A2025241.0630.002.2026034205923.nc
2025-08-29T08:12:00+00:00,SNPP,NIGHT,SUMMER,0,1,1,1,720,CLDMSK_L2_VIIRS_SNPP.A2025241.0812.002.2026034205948.nc
2025-08-29T17:54:00+00:00,SNPP,DAY,SUMMER,,0,0,0,360,CLDMSK_L2_VIIRS_SNPP.A2025241.1754.002.2026034210033.nc
2025-08-29T06:54:00+00:00,NOAA20,NIGHT,SUMMER,0,1,1,1,360,CLDMSK_L2_VIIRS_NOAA20.A2025241.0654.001.2025241191701.nc
2025-08-29T18:18:00+00:00,NOAA20,DAY,SUMMER,,0,0,0,1080,CLDMSK_L2_VIIRS_NOAA20.A2025241.1818.001.2025242072837.nc
2025-08-29T06:06:00+00:00,NOAA21,NIGHT,SUMMER,0,1,1,1,360,CLDMSK_L2_VIIRS_NOAA21.A2025241.0606.001.2025241191026.nc
2025-08-29T07:42:00+00:00,NOAA21,NIGHT,SUMMER,0,1,1,1,1080,CLDMSK_L2_VIIRS_NOAA21.A2025241.0742.001.2025241191137.nc
2025-08-29T17:30:00+00:00,NOAA21,DAY,SUMMER,,0,0,0,1800,CLDMSK_L2_VIIRS_NOAA21.A2025241.1730.001.2025242012004.nc
2025-08-29T19:12:00+00:00,NOAA21,DAY,SUMMER,,1,0,0,720,CLDMSK_L2_VIIRS_NOAA21.A2025241.1912.001.2025242073038.nc
2024-10-13T06:30:00+00:00,SNPP,NIGHT,AUTUMN,0,0,0,0,1800,CLDMSK_L2_VIIRS_SNPP.A2024287.0630.002.2026034110948.nc
2024-10-13T08:06:00+00:00,SNPP,NIGHT,AUTUMN,0,1,0,1,360,CLDMSK_L2_VIIRS_SNPP.A2024287.0806.002.2026034111000.nc
2024-10-13T17:54:00+00:00,SNPP,DAY,AUTUMN,,0,0,0,360,CLDMSK_L2_VIIRS_SNPP.A2024287.1754.002.2026034111103.nc
2024-10-13T06:54:00+00:00,NOAA20,NIGHT,AUTUMN,0,0,0,0,360,CLDMSK_L2_VIIRS_NOAA20.A2024287.0654.002.2025236031223.nc
2024-10-13T18:18:00+00:00,NOAA20,DAY,AUTUMN,,0,0,0,1080,CLDMSK_L2_VIIRS_NOAA20.A2024287.1818.002.2025236031245.nc
2024-10-13T06:06:00+00:00,NOAA21,NIGHT,AUTUMN,1,0,0,0,360,CLDMSK_L2_VIIRS_NOAA21.A2024287.0606.001.2024287191248.nc
2024-10-13T07:48:00+00:00,NOAA21,NIGHT,AUTUMN,0,0,0,1,720,CLDMSK_L2_VIIRS_NOAA21.A2024287.0748.001.2024287191247.nc
2024-10-13T17:30:00+00:00,NOAA21,DAY,AUTUMN,,0,0,0,1800,CLDMSK_L2_VIIRS_NOAA21.A2024287.1730.001.2024288011321.nc
2024-10-13T19:12:00+00:00,NOAA21,DAY,AUTUMN,,0,0,0,720,CLDMSK_L2_VIIRS_NOAA21.A2024287.1912.001.2024288072334.nc
2024-12-31T06:48:00+00:00,SNPP,NIGHT,WINTER,0,1,1,1,720,CLDMSK_L2_VIIRS_SNPP.A2024366.0648.002.2026034133527.nc
2024-12-31T08:30:00+00:00,SNPP,NIGHT,WINTER,0,1,0,0,1800,CLDMSK_L2_VIIRS_SNPP.A2024366.0830.002.2026034133531.nc
2024-12-31T18:12:00+00:00,SNPP,DAY,WINTER,,0,0,0,720,CLDMSK_L2_VIIRS_SNPP.A2024366.1812.002.2026034133629.nc
2024-12-31T07:12:00+00:00,NOAA20,NIGHT,WINTER,0,1,1,1,720,CLDMSK_L2_VIIRS_NOAA20.A2024366.0712.001.2024366192832.nc
2024-12-31T16:54:00+00:00,NOAA20,DAY,WINTER,,0,0,0,360,CLDMSK_L2_VIIRS_NOAA20.A2024366.1654.001.2025001050913.nc
2024-12-31T18:36:00+00:00,NOAA20,DAY,WINTER,,0,0,0,1440,CLDMSK_L2_VIIRS_NOAA20.A2024366.1836.001.2025001071915.nc
2024-12-31T06:24:00+00:00,NOAA21,NIGHT,WINTER,0,1,1,0,1440,CLDMSK_L2_VIIRS_NOAA21.A2024366.0624.001.2024366191233.nc
2024-12-31T08:06:00+00:00,NOAA21,NIGHT,WINTER,0,1,1,0,360,CLDMSK_L2_VIIRS_NOAA21.A2024366.0806.001.2024366191240.nc
2024-12-31T17:48:00+00:00,NOAA21,DAY,WINTER,,0,0,0,720,CLDMSK_L2_VIIRS_NOAA21.A2024366.1748.001.2025001011335.nc
2021-10-13T07:18:00+00:00,SNPP,NIGHT,AUTUMN,0,0,0,0,1080,CLDMSK_L2_VIIRS_SNPP.A2021286.0718.002.2026033010021.nc
2021-10-13T17:06:00+00:00,SNPP,DAY,AUTUMN,,0,0,0,360,CLDMSK_L2_VIIRS_SNPP.A2021286.1706.002.2026033010120.nc
2021-10-13T18:42:00+00:00,SNPP,DAY,AUTUMN,,0,0,0,1080,CLDMSK_L2_VIIRS_SNPP.A2021286.1842.002.2026033010126.nc
2021-10-13T06:30:00+00:00,NOAA20,NIGHT,AUTUMN,0,0,0,0,1800,CLDMSK_L2_VIIRS_NOAA20.A2021286.0630.001.2021286192442.nc
2021-10-13T08:12:00+00:00,NOAA20,NIGHT,AUTUMN,0,0,0,0,720,CLDMSK_L2_VIIRS_NOAA20.A2021286.0812.001.2021286192429.nc
2021-10-13T17:54:00+00:00,NOAA20,DAY,AUTUMN,,0,0,0,360,CLDMSK_L2_VIIRS_NOAA20.A2021286.1754.001.2021287014103.nc
2025-04-28T06:36:00+00:00,SNPP,NIGHT,SPRING,0,0,1,1,1440,CLDMSK_L2_VIIRS_SNPP.A2025118.0636.002.2026034171445.nc
2025-04-28T08:18:00+00:00,SNPP,NIGHT,SPRING,0,0,1,1,1080,CLDMSK_L2_VIIRS_SNPP.A2025118.0818.002.2026034171444.nc
2025-04-28T18:00:00+00:00,SNPP,DAY,SPRING,,0,0,1,0,CLDMSK_L2_VIIRS_SNPP.A2025118.1800.002.2026034171555.nc
2025-04-28T07:00:00+00:00,NOAA20,NIGHT,SPRING,0,0,0,1,0,CLDMSK_L2_VIIRS_NOAA20.A2025118.0700.001.2025118191955.nc
2025-04-28T18:24:00+00:00,NOAA20,DAY,SPRING,,1,1,1,1440,CLDMSK_L2_VIIRS_NOAA20.A2025118.1824.001.2025119073020.nc
2025-04-28T06:12:00+00:00,NOAA21,NIGHT,SPRING,0,1,1,1,720,CLDMSK_L2_VIIRS_NOAA21.A2025118.0612.001.2025118191211.nc
2025-04-28T07:48:00+00:00,NOAA21,NIGHT,SPRING,0,0,0,1,720,CLDMSK_L2_VIIRS_NOAA21.A2025118.0748.001.2025118191222.nc
2025-04-28T17:36:00+00:00,NOAA21,DAY,SPRING,,0,0,1,1440,CLDMSK_L2_VIIRS_NOAA21.A2025118.1736.001.2025119013218.nc
2025-04-28T19:12:00+00:00,NOAA21,DAY,SPRING,,0,0,1,720,CLDMSK_L2_VIIRS_NOAA21.A2025118.1912.001.2025119073230.nc
2025-01-17T06:30:00+00:00,SNPP,NIGHT,WINTER,1,0,0,0,1800,CLDMSK_L2_VIIRS_SNPP.A2025017.0630.002.2026034140630.nc
2025-01-17T08:12:00+00:00,SNPP,NIGHT,WINTER,1,0,0,0,720,CLDMSK_L2_VIIRS_SNPP.A2025017.0812.002.2026034140628.nc
2025-01-17T17:54:00+00:00,SNPP,DAY,WINTER,,1,0,0,360,CLDMSK_L2_VIIRS_SNPP.A2025017.1754.002.2026034140733.nc
2025-01-17T06:54:00+00:00,NOAA20,NIGHT,WINTER,1,0,0,0,360,CLDMSK_L2_VIIRS_NOAA20.A2025017.0654.001.2025017192019.nc
2025-01-17T18:18:00+00:00,NOAA20,DAY,WINTER,,0,0,0,1080,CLDMSK_L2_VIIRS_NOAA20.A2025017.1818.001.2025018073041.nc
2025-01-17T06:06:00+00:00,NOAA21,NIGHT,WINTER,1,1,0,0,360,CLDMSK_L2_VIIRS_NOAA21.A2025017.0606.001.2025017192210.nc
2025-01-17T07:42:00+00:00,NOAA21,NIGHT,WINTER,1,0,0,0,1080,CLDMSK_L2_VIIRS_NOAA21.A2025017.0742.001.2025017192216.nc
2025-01-17T17:30:00+00:00,NOAA21,DAY,WINTER,,0,0,0,1800,CLDMSK_L2_VIIRS_NOAA21.A2025017.1730.001.2025018012237.nc
2025-01-17T19:12:00+00:00,NOAA21,DAY,WINTER,,0,0,0,720,CLDMSK_L2_VIIRS_NOAA21.A2025017.1912.001.2025018073305.nc
2022-11-27T07:30:00+00:00,SNPP,NIGHT,AUTUMN,0,0,0,0,1800,CLDMSK_L2_VIIRS_SNPP.A2022331.0730.002.2026033130443.nc
2022-11-27T17:18:00+00:00,SNPP,DAY,AUTUMN,,0,0,0,1080,CLDMSK_L2_VIIRS_SNPP.A2022331.1718.002.2026033130553.nc
2022-11-27T18:54:00+00:00,SNPP,DAY,AUTUMN,,0,0,0,360,CLDMSK_L2_VIIRS_SNPP.A2022331.1854.002.2026033130601.nc
2022-11-27T06:42:00+00:00,NOAA20,NIGHT,AUTUMN,0,0,0,0,1080,CLDMSK_L2_VIIRS_NOAA20.A2022331.0642.001.2022331191041.nc
2022-11-27T08:24:00+00:00,NOAA20,NIGHT,AUTUMN,0,0,0,0,1440,CLDMSK_L2_VIIRS_NOAA20.A2022331.0824.001.2022331204038.nc
2022-11-27T18:06:00+00:00,NOAA20,DAY,AUTUMN,,0,0,0,360,CLDMSK_L2_VIIRS_NOAA20.A2022331.1806.001.2022332073107.nc
2022-10-09T06:12:00+00:00,SNPP,NIGHT,AUTUMN,1,0,0,0,720,CLDMSK_L2_VIIRS_SNPP.A2022282.0612.002.2026033113359.nc
2022-10-09T07:54:00+00:00,SNPP,NIGHT,AUTUMN,1,0,0,0,360,CLDMSK_L2_VIIRS_SNPP.A2022282.0754.002.2026033113409.nc
2022-10-09T17:36:00+00:00,SNPP,DAY,AUTUMN,,0,0,0,1440,CLDMSK_L2_VIIRS_SNPP.A2022282.1736.002.2026033113515.nc
2022-10-09T19:18:00+00:00,SNPP,DAY,AUTUMN,,0,0,0,1080,CLDMSK_L2_VIIRS_SNPP.A2022282.1918.002.2026033113521.nc
2022-10-09T07:00:00+00:00,NOAA20,NIGHT,AUTUMN,1,0,0,0,0,CLDMSK_L2_VIIRS_NOAA20.A2022282.0700.001.2022282191324.nc
2022-10-09T18:24:00+00:00,NOAA20,DAY,AUTUMN,,0,0,0,1440,CLDMSK_L2_VIIRS_NOAA20.A2022282.1824.001.2022283073343.nc
2023-02-09T06:06:00+00:00,SNPP,NIGHT,WINTER,1,0,0,0,360,CLDMSK_L2_VIIRS_SNPP.A2023040.0606.002.2026033152121.nc
2023-02-09T07:48:00+00:00,SNPP,NIGHT,WINTER,1,0,0,0,720,CLDMSK_L2_VIIRS_SNPP.A2023040.0748.002.2026033152133.nc
2023-02-09T17:30:00+00:00,SNPP,DAY,WINTER,,0,0,0,60,CLDMSK_L2_VIIRS_SNPP.A2023040.1730.002.2026033152239.nc
2023-02-09T19:12:00+00:00,SNPP,DAY,WINTER,,0,0,0,720,CLDMSK_L2_VIIRS_SNPP.A2023040.1912.002.2026033152242.nc
2023-02-09T06:54:00+00:00,NOAA20,NIGHT,WINTER,1,0,0,0,360,CLDMSK_L2_VIIRS_NOAA20.A2023040.0654.001.2023233200709.nc
2023-02-09T08:36:00+00:00,NOAA20,NIGHT,WINTER,1,0,0,0,1440,CLDMSK_L2_VIIRS_NOAA20.A2023040.0836.001.2023233200634.nc
2023-02-09T18:18:00+00:00,NOAA20,DAY,WINTER,,0,0,0,960,CLDMSK_L2_VIIRS_NOAA20.A2023040.1818.001.2023233200746.nc
2025-11-05T07:00:00+00:00,SNPP,NIGHT,AUTUMN,1,0,0,0,0,CLDMSK_L2_VIIRS_SNPP.A2025309.0700.002.2026063182634.nc
2025-11-05T08:36:00+00:00,SNPP,NIGHT,AUTUMN,1,0,0,0,1440,CLDMSK_L2_VIIRS_SNPP.A2025309.0836.002.2026063182648.nc
2025-11-05T18:24:00+00:00,SNPP,DAY,AUTUMN,,0,0,0,1440,CLDMSK_L2_VIIRS_SNPP.A2025309.1824.002.2026063182742.nc
2025-11-05T07:18:00+00:00,NOAA20,NIGHT,AUTUMN,1,0,0,0,1080,CLDMSK_L2_VIIRS_NOAA20.A2025309.0718.001.2025309192950.nc
2025-11-05T17:06:00+00:00,NOAA20,DAY,AUTUMN,,0,0,0,360,CLDMSK_L2_VIIRS_NOAA20.A2025309.1706.001.2025310052009.nc
2025-11-05T18:42:00+00:00,NOAA20,DAY,AUTUMN,,0,0,0,1080,CLDMSK_L2_VIIRS_NOAA20.A2025309.1842.001.2025310073021.nc
2025-11-05T06:30:00+00:00,NOAA21,NIGHT,AUTUMN,1,0,0,0,1800,CLDMSK_L2_VIIRS_NOAA21.A2025309.0630.001.2025309191245.nc
2025-11-05T08:06:00+00:00,NOAA21,NIGHT,AUTUMN,1,0,0,0,360,CLDMSK_L2_VIIRS_NOAA21.A2025309.0806.001.2025309191249.nc
2025-11-05T17:54:00+00:00,NOAA21,DAY,AUTUMN,,0,0,0,360,CLDMSK_L2_VIIRS_NOAA21.A2025309.1754.001.2025310011318.nc
2025-06-07T07:30:00+00:00,SNPP,NIGHT,SUMMER,0,0,0,0,1800,CLDMSK_L2_VIIRS_SNPP.A2025158.0730.002.2026034182755.nc
2025-06-07T17:12:00+00:00,SNPP,DAY,SUMMER,,1,1,0,720,CLDMSK_L2_VIIRS_SNPP.A2025158.1712.002.2026034182851.nc
2025-06-07T18:54:00+00:00,SNPP,DAY,SUMMER,,1,1,1,360,CLDMSK_L2_VIIRS_SNPP.A2025158.1854.002.2026034182905.nc
2025-06-07T06:06:00+00:00,NOAA20,NIGHT,SUMMER,1,0,0,0,360,CLDMSK_L2_VIIRS_NOAA20.A2025158.0606.001.2025161014002.nc
2025-06-07T07:48:00+00:00,NOAA20,NIGHT,SUMMER,0,0,0,0,720,CLDMSK_L2_VIIRS_NOAA20.A2025158.0748.001.2025161014039.nc
2025-06-07T17:36:00+00:00,NOAA20,DAY,SUMMER,,1,1,1,1440,CLDMSK_L2_VIIRS_NOAA20.A2025158.1736.001.2025161020502.nc
2025-06-07T19:12:00+00:00,NOAA20,DAY,SUMMER,,1,1,1,720,CLDMSK_L2_VIIRS_NOAA20.A2025158.1912.001.2025161022326.nc
2025-06-07T07:00:00+00:00,NOAA21,NIGHT,SUMMER,1,0,0,0,0,CLDMSK_L2_VIIRS_NOAA21.A2025158.0700.001.2025161014437.nc
2025-06-07T18:24:00+00:00,NOAA21,DAY,SUMMER,,1,1,1,1440,CLDMSK_L2_VIIRS_NOAA21.A2025158.1824.001.2025161020229.nc
2022-09-06T06:30:00+00:00,SNPP,NIGHT,AUTUMN,0,0,0,0,1800,CLDMSK_L2_VIIRS_SNPP.A2022249.0630.002.2026033103257.nc
2022-09-06T08:12:00+00:00,SNPP,NIGHT,AUTUMN,0,1,1,0,720,CLDMSK_L2_VIIRS_SNPP.A2022249.0812.002.2026033103307.nc
2022-09-06T17:54:00+00:00,SNPP,DAY,AUTUMN,,1,1,1,360,CLDMSK_L2_VIIRS_SNPP.A2022249.1754.002.2026033103411.nc
2022-09-06T07:18:00+00:00,NOAA20,NIGHT,AUTUMN,0,0,1,0,1080,CLDMSK_L2_VIIRS_NOAA20.A2022249.0718.001.2022249195734.nc
2022-09-06T17:06:00+00:00,NOAA20,DAY,AUTUMN,,1,1,1,360,CLDMSK_L2_VIIRS_NOAA20.A2022249.1706.001.2022250052128.nc
2022-09-06T18:42:00+00:00,NOAA20,DAY,AUTUMN,,1,1,1,1080,CLDMSK_L2_VIIRS_NOAA20.A2022249.1842.001.2022250074557.nc
2023-01-29T06:12:00+00:00,SNPP,NIGHT,WINTER,1,0,0,0,720,CLDMSK_L2_VIIRS_SNPP.A2023029.0612.002.2026033150122.nc
2023-01-29T07:54:00+00:00,SNPP,NIGHT,WINTER,0,1,0,0,360,CLDMSK_L2_VIIRS_SNPP.A2023029.0754.002.2026033150132.nc
2023-01-29T17:36:00+00:00,SNPP,DAY,WINTER,,0,0,0,1440,CLDMSK_L2_VIIRS_SNPP.A2023029.1736.002.2026033150236.nc
2023-01-29T19:18:00+00:00,SNPP,DAY,WINTER,,0,0,0,1080,CLDMSK_L2_VIIRS_SNPP.A2023029.1918.002.2026033150237.nc
2023-01-29T07:00:00+00:00,NOAA20,NIGHT,WINTER,0,0,0,0,0,CLDMSK_L2_VIIRS_NOAA20.A2023029.0700.001.2023233200026.nc
2023-01-29T18:24:00+00:00,NOAA20,DAY,WINTER,,0,0,0,420,CLDMSK_L2_VIIRS_NOAA20.A2023029.1824.001.2023233200128.nc
2024-12-06T06:18:00+00:00,SNPP,NIGHT,WINTER,0,1,1,0,960,CLDMSK_L2_VIIRS_SNPP.A2024341.0618.002.2026034124942.nc
2024-12-06T07:54:00+00:00,SNPP,NIGHT,WINTER,0,1,1,1,360,CLDMSK_L2_VIIRS_SNPP.A2024341.0754.002.2026034124935.nc
2024-12-06T17:42:00+00:00,SNPP,DAY,WINTER,,0,0,0,1080,CLDMSK_L2_VIIRS_SNPP.A2024341.1742.002.2026034125040.nc
2024-12-06T19:24:00+00:00,SNPP,DAY,WINTER,,0,0,0,1440,CLDMSK_L2_VIIRS_SNPP.A2024341.1924.002.2026034125044.nc
2024-12-06T06:42:00+00:00,NOAA20,NIGHT,WINTER,0,1,0,0,480,CLDMSK_L2_VIIRS_NOAA20.A2024341.0642.002.2025236052540.nc
2024-12-06T08:18:00+00:00,NOAA20,NIGHT,WINTER,0,0,1,1,1080,CLDMSK_L2_VIIRS_NOAA20.A2024341.0818.002.2025236052547.nc
2024-12-06T18:06:00+00:00,NOAA20,DAY,WINTER,,0,0,0,360,CLDMSK_L2_VIIRS_NOAA20.A2024341.1806.002.2025236052808.nc
2024-12-06T07:36:00+00:00,NOAA21,NIGHT,WINTER,0,0,0,1,660,CLDMSK_L2_VIIRS_NOAA21.A2024341.0736.001.2024341190442.nc
2024-12-06T17:18:00+00:00,NOAA21,DAY,WINTER,,0,0,0,360,CLDMSK_L2_VIIRS_NOAA21.A2024341.1718.001.2024342010537.nc
2024-12-06T19:00:00+00:00,NOAA21,DAY,WINTER,,0,0,0,0,CLDMSK_L2_VIIRS_NOAA21.A2024341.1900.001.2024342073514.nc
2020-11-13T06:42:00+00:00,SNPP,NIGHT,AUTUMN,0,0,0,0,1080,CLDMSK_L2_VIIRS_SNPP.A2020318.0642.002.2026032140149.nc
2020-11-13T08:24:00+00:00,SNPP,NIGHT,AUTUMN,0,0,0,0,1440,CLDMSK_L2_VIIRS_SNPP.A2020318.0824.002.2026032140205.nc
2020-11-13T18:06:00+00:00,SNPP,DAY,AUTUMN,,0,0,0,360,CLDMSK_L2_VIIRS_SNPP.A2020318.1806.002.2026032140305.nc
2020-11-13T07:30:00+00:00,NOAA20,NIGHT,AUTUMN,0,0,0,0,1800,CLDMSK_L2_VIIRS_NOAA20.A2020318.0730.001.2020318191553.nc
2020-11-13T17:18:00+00:00,NOAA20,DAY,AUTUMN,,0,0,0,480,CLDMSK_L2_VIIRS_NOAA20.A2020318.1718.001.2020319042033.nc
2020-11-13T18:54:00+00:00,NOAA20,DAY,AUTUMN,,0,0,0,360,CLDMSK_L2_VIIRS_NOAA20.A2020318.1854.001.2020319065729.nc
2023-03-16T06:48:00+00:00,SNPP,NIGHT,SPRING,0,0,0,0,720,CLDMSK_L2_VIIRS_SNPP.A2023075.0648.002.2026033163911.nc
2023-03-16T08:30:00+00:00,SNPP,NIGHT,SPRING,0,1,0,0,1800,CLDMSK_L2_VIIRS_SNPP.A2023075.0830.002.2026033163904.nc
2023-03-16T18:12:00+00:00,SNPP,DAY,SPRING,,0,0,0,720,CLDMSK_L2_VIIRS_SNPP.A2023075.1812.002.2026033164342.nc
2023-03-16T07:36:00+00:00,NOAA20,NIGHT,SPRING,0,0,0,0,1440,CLDMSK_L2_VIIRS_NOAA20.A2023075.0736.001.2023233202539.nc
2023-03-16T17:24:00+00:00,NOAA20,DAY,SPRING,,0,0,0,1440,CLDMSK_L2_VIIRS_NOAA20.A2023075.1724.001.2023233202617.nc
2023-03-16T19:00:00+00:00,NOAA20,DAY,SPRING,,0,0,0,0,CLDMSK_L2_VIIRS_NOAA20.A2023075.1900.001.2023233202605.nc
2023-03-16T06:24:00+00:00,NOAA21,NIGHT,SPRING,0,0,0,0,1440,CLDMSK_L2_VIIRS_NOAA21.A2023075.0624.001.2024130183623.nc
2023-03-16T08:00:00+00:00,NOAA21,NIGHT,SPRING,0,0,0,0,0,CLDMSK_L2_VIIRS_NOAA21.A2023075.0800.001.2024130183635.nc
2023-03-16T17:48:00+00:00,NOAA21,DAY,SPRING,,0,0,0,720,CLDMSK_L2_VIIRS_NOAA21.A2023075.1748.001.2024130183611.nc
2022-08-18T07:24:00+00:00,SNPP,NIGHT,SUMMER,1,0,1,1,1440,CLDMSK_L2_VIIRS_SNPP.A2022230.0724.002.2026033095857.nc
2022-08-18T17:12:00+00:00,SNPP,DAY,SUMMER,,1,0,0,720,CLDMSK_L2_VIIRS_SNPP.A2022230.1712.002.2026033095959.nc
2022-08-18T18:48:00+00:00,SNPP,DAY,SUMMER,,0,0,0,720,CLDMSK_L2_VIIRS_SNPP.A2022230.1848.002.2026033100004.nc
2022-08-18T06:36:00+00:00,NOAA20,NIGHT,SUMMER,1,0,1,1,1440,CLDMSK_L2_VIIRS_NOAA20.A2022230.0636.001.2022230190754.nc
2022-08-18T08:12:00+00:00,NOAA20,NIGHT,SUMMER,1,0,0,1,720,CLDMSK_L2_VIIRS_NOAA20.A2022230.0812.001.2022230203813.nc
2022-08-18T18:00:00+00:00,NOAA20,DAY,SUMMER,,0,0,0,0,CLDMSK_L2_VIIRS_NOAA20.A2022230.1800.001.2022231073543.nc
2023-01-17T06:36:00+00:00,SNPP,NIGHT,WINTER,0,0,0,0,120,CLDMSK_L2_VIIRS_SNPP.A2023017.0636.002.2026033143921.nc
2023-01-17T08:18:00+00:00,SNPP,NIGHT,WINTER,0,0,0,0,420,CLDMSK_L2_VIIRS_SNPP.A2023017.0818.002.2026033143918.nc
2023-01-17T18:00:00+00:00,SNPP,DAY,WINTER,,0,0,0,0,CLDMSK_L2_VIIRS_SNPP.A2023017.1800.002.2026033144035.nc
2023-01-17T07:24:00+00:00,NOAA20,NIGHT,WINTER,0,0,0,0,1440,CLDMSK_L2_VIIRS_NOAA20.A2023017.0724.001.2023233195440.nc
2023-01-17T17:12:00+00:00,NOAA20,DAY,WINTER,,0,0,0,720,CLDMSK_L2_VIIRS_NOAA20.A2023017.1712.001.2023233195500.nc
2023-01-17T18:48:00+00:00,NOAA20,DAY,WINTER,,0,0,0,720,CLDMSK_L2_VIIRS_NOAA20.A2023017.1848.001.2023233195524.nc
2023-10-07T06:06:00+00:00,SNPP,NIGHT,AUTUMN,1,1,0,1,360,CLDMSK_L2_VIIRS_SNPP.A2023280.0606.002.2026033234904.nc
2023-10-07T07:42:00+00:00,SNPP,NIGHT,AUTUMN,1,0,0,0,1080,CLDMSK_L2_VIIRS_SNPP.A2023280.0742.002.2026033234922.nc
2023-10-07T17:30:00+00:00,SNPP,DAY,AUTUMN,,0,0,0,1800,CLDMSK_L2_VIIRS_SNPP.A2023280.1730.002.2026033235026.nc
2023-10-07T19:12:00+00:00,SNPP,DAY,AUTUMN,,0,0,0,720,CLDMSK_L2_VIIRS_SNPP.A2023280.1912.002.2026033235026.nc
2023-10-07T06:54:00+00:00,NOAA20,NIGHT,AUTUMN,1,0,0,0,360,CLDMSK_L2_VIIRS_NOAA20.A2023280.0654.002.2025235080632.nc
2023-10-07T18:18:00+00:00,NOAA20,DAY,AUTUMN,,0,0,0,0,CLDMSK_L2_VIIRS_NOAA20.A2023280.1818.002.2025235080850.nc
2023-10-07T07:18:00+00:00,NOAA21,NIGHT,AUTUMN,1,0,0,0,1080,CLDMSK_L2_VIIRS_NOAA21.A2023280.0718.001.2024130192228.nc
2023-10-07T17:00:00+00:00,NOAA21,DAY,AUTUMN,,0,0,0,0,CLDMSK_L2_VIIRS_NOAA21.A2023280.1700.001.2024130192336.nc
2023-10-07T18:42:00+00:00,NOAA21,DAY,AUTUMN,,1,0,0,1080,CLDMSK_L2_VIIRS_NOAA21.A2023280.1842.001.2024130192240.nc
2023-08-02T06:42:00+00:00,SNPP,NIGHT,SUMMER,1,0,0,1,1080,CLDMSK_L2_VIIRS_SNPP.A2023214.0642.002.2026033214657.nc
2023-08-02T08:24:00+00:00,SNPP,NIGHT,SUMMER,1,0,0,1,1440,CLDMSK_L2_VIIRS_SNPP.A2023214.0824.002.2026033214700.nc
2023-08-02T18:06:00+00:00,SNPP,DAY,SUMMER,,1,0,0,360,CLDMSK_L2_VIIRS_SNPP.A2023214.1806.002.2026033214808.nc
2023-08-02T07:30:00+00:00,NOAA20,NIGHT,SUMMER,1,0,0,1,1800,CLDMSK_L2_VIIRS_NOAA20.A2023214.0730.001.2023233214332.nc
2023-08-02T17:18:00+00:00,NOAA20,DAY,SUMMER,,0,0,0,1080,CLDMSK_L2_VIIRS_NOAA20.A2023214.1718.001.2023233214514.nc
2023-08-02T19:00:00+00:00,NOAA20,DAY,SUMMER,,0,0,0,0,CLDMSK_L2_VIIRS_NOAA20.A2023214.1900.001.2023233214404.nc
2023-08-02T06:12:00+00:00,NOAA21,NIGHT,SUMMER,1,0,0,0,720,CLDMSK_L2_VIIRS_NOAA21.A2023214.0612.001.2024130190721.nc
2023-08-02T07:54:00+00:00,NOAA21,NIGHT,SUMMER,1,0,0,1,360,CLDMSK_L2_VIIRS_NOAA21.A2023214.0754.001.2024130190706.nc
2023-08-02T17:36:00+00:00,NOAA21,DAY,SUMMER,,0,1,0,1440,CLDMSK_L2_VIIRS_NOAA21.A2023214.1736.001.2024130190801.nc
2023-08-02T19:18:00+00:00,NOAA21,DAY,SUMMER,,0,0,0,1080,CLDMSK_L2_VIIRS_NOAA21.A2023214.1918.001.2024130190730.nc
2020-11-26T07:36:00+00:00,SNPP,NIGHT,AUTUMN,1,0,0,0,1440,CLDMSK_L2_VIIRS_SNPP.A2020331.0736.002.2026032142548.nc
2020-11-26T17:24:00+00:00,SNPP,DAY,AUTUMN,,0,0,0,1440,CLDMSK_L2_VIIRS_SNPP.A2020331.1724.002.2026032142702.nc
2020-11-26T19:00:00+00:00,SNPP,DAY,AUTUMN,,0,0,0,0,CLDMSK_L2_VIIRS_SNPP.A2020331.1900.002.2026032142708.nc
2020-11-26T06:48:00+00:00,NOAA20,NIGHT,AUTUMN,1,0,0,0,720,CLDMSK_L2_VIIRS_NOAA20.A2020331.0648.001.2020331191511.nc
2020-11-26T08:30:00+00:00,NOAA20,NIGHT,AUTUMN,1,0,0,0,1800,CLDMSK_L2_VIIRS_NOAA20.A2020331.0830.001.2020331191533.nc
2020-11-26T18:12:00+00:00,NOAA20,DAY,AUTUMN,,0,0,0,720,CLDMSK_L2_VIIRS_NOAA20.A2020331.1812.001.2020332071236.nc
2021-09-09T06:18:00+00:00,SNPP,NIGHT,AUTUMN,0,0,0,1,1080,CLDMSK_L2_VIIRS_SNPP.A2021252.0618.002.2026032235751.nc
2021-09-09T08:00:00+00:00,SNPP,NIGHT,AUTUMN,0,0,0,1,0,CLDMSK_L2_VIIRS_SNPP.A2021252.0800.002.2026032235806.nc
2021-09-09T17:42:00+00:00,SNPP,DAY,AUTUMN,,0,0,0,180,CLDMSK_L2_VIIRS_SNPP.A2021252.1742.002.2026032235923.nc
2021-09-09T19:24:00+00:00,SNPP,DAY,AUTUMN,,0,0,0,1440,CLDMSK_L2_VIIRS_SNPP.A2021252.1924.002.2026032235923.nc
2021-09-09T07:06:00+00:00,NOAA20,NIGHT,AUTUMN,0,0,0,1,360,CLDMSK_L2_VIIRS_NOAA20.A2021252.0706.001.2021252201912.nc
2021-09-09T16:54:00+00:00,NOAA20,DAY,AUTUMN,,0,0,0,360,CLDMSK_L2_VIIRS_NOAA20.A2021252.1654.001.2021253013617.nc
2021-09-09T18:30:00+00:00,NOAA20,DAY,AUTUMN,,0,0,0,1800,CLDMSK_L2_VIIRS_NOAA20.A2021252.1830.001.2021253073536.nc
2022-08-05T07:18:00+00:00,NOAA20,NIGHT,SUMMER,0,0,0,0,1080,CLDMSK_L2_VIIRS_NOAA20.A2022217.0718.001.2022217194237.nc
2022-08-05T17:06:00+00:00,NOAA20,DAY,SUMMER,,0,0,0,360,CLDMSK_L2_VIIRS_NOAA20.A2022217.1706.001.2022218054747.nc
2022-08-05T18:42:00+00:00,NOAA20,DAY,SUMMER,,0,0,0,1080,CLDMSK_L2_VIIRS_NOAA20.A2022217.1842.001.2022218073851.nc
2024-04-17T07:24:00+00:00,SNPP,NIGHT,SPRING,1,0,0,0,1440,CLDMSK_L2_VIIRS_SNPP.A2024108.0724.002.2026034054327.nc
2024-04-17T17:12:00+00:00,SNPP,DAY,SPRING,,0,0,0,720,CLDMSK_L2_VIIRS_SNPP.A2024108.1712.002.2026034054425.nc
2024-04-17T18:48:00+00:00,SNPP,DAY,SPRING,,0,0,0,120,CLDMSK_L2_VIIRS_SNPP.A2024108.1848.002.2026034054440.nc
2024-04-17T06:12:00+00:00,NOAA20,NIGHT,SPRING,1,0,0,0,720,CLDMSK_L2_VIIRS_NOAA20.A2024108.0612.002.2025235174159.nc
2024-04-17T07:54:00+00:00,NOAA20,NIGHT,SPRING,1,0,0,0,360,CLDMSK_L2_VIIRS_NOAA20.A2024108.0754.002.2025235174238.nc
2024-04-17T17:36:00+00:00,NOAA20,DAY,SPRING,,0,0,0,60,CLDMSK_L2_VIIRS_NOAA20.A2024108.1736.002.2025235174350.nc
2024-04-17T19:18:00+00:00,NOAA20,DAY,SPRING,,0,0,0,1080,CLDMSK_L2_VIIRS_NOAA20.A2024108.1918.002.2025235174403.nc
2024-04-17T07:00:00+00:00,NOAA21,NIGHT,SPRING,1,0,0,0,0,CLDMSK_L2_VIIRS_NOAA21.A2024108.0700.001.2024130201142.nc
2024-04-17T18:24:00+00:00,NOAA21,DAY,SPRING,,0,0,0,1320,CLDMSK_L2_VIIRS_NOAA21.A2024108.1824.001.2024130201327.nc
2021-09-17T07:06:00+00:00,SNPP,NIGHT,AUTUMN,0,1,1,1,360,CLDMSK_L2_VIIRS_SNPP.A2021260.0706.002.2026033001249.nc
2021-09-17T16:54:00+00:00,SNPP,DAY,AUTUMN,,0,0,0,360,CLDMSK_L2_VIIRS_SNPP.A2021260.1654.002.2026033001348.nc
2021-09-17T18:30:00+00:00,SNPP,DAY,AUTUMN,,0,0,0,1800,CLDMSK_L2_VIIRS_SNPP.A2021260.1830.002.2026033001350.nc
2021-09-17T06:18:00+00:00,NOAA20,NIGHT,AUTUMN,1,1,1,1,1080,CLDMSK_L2_VIIRS_NOAA20.A2021260.0618.001.2021260192734.nc
2021-09-17T07:54:00+00:00,NOAA20,NIGHT,AUTUMN,0,1,1,1,360,CLDMSK_L2_VIIRS_NOAA20.A2021260.0754.001.2021260192745.nc
2021-09-17T17:42:00+00:00,NOAA20,DAY,AUTUMN,,1,1,0,1080,CLDMSK_L2_VIIRS_NOAA20.A2021260.1742.001.2021261013910.nc
2021-09-17T19:24:00+00:00,NOAA20,DAY,AUTUMN,,0,0,0,1440,CLDMSK_L2_VIIRS_NOAA20.A2021260.1924.001.2021261072115.nc
2022-05-26T07:00:00+00:00,SNPP,NIGHT,SPRING,0,0,0,0,0,CLDMSK_L2_VIIRS_SNPP.A2022146.0700.002.2026033075204.nc
2022-05-26T18:24:00+00:00,SNPP,DAY,SPRING,,0,0,0,1440,CLDMSK_L2_VIIRS_SNPP.A2022146.1824.002.2026033075332.nc
2022-05-26T06:12:00+00:00,NOAA20,NIGHT,SPRING,0,0,0,0,720,CLDMSK_L2_VIIRS_NOAA20.A2022146.0612.001.2022146193527.nc
2022-05-26T07:48:00+00:00,NOAA20,NIGHT,SPRING,0,0,0,0,720,CLDMSK_L2_VIIRS_NOAA20.A2022146.0748.001.2022146193545.nc
2022-05-26T17:36:00+00:00,NOAA20,DAY,SPRING,,0,0,0,1440,CLDMSK_L2_VIIRS_NOAA20.A2022146.1736.001.2022147013349.nc
2022-05-26T19:18:00+00:00,NOAA20,DAY,SPRING,,0,0,0,1080,CLDMSK_L2_VIIRS_NOAA20.A2022146.1918.001.2022147074042.nc
2020-09-20T06:54:00+00:00,SNPP,NIGHT,AUTUMN,0,0,0,0,360,CLDMSK_L2_VIIRS_SNPP.A2020264.0654.002.2026032122145.nc
2020-09-20T08:36:00+00:00,SNPP,NIGHT,AUTUMN,0,0,0,0,1440,CLDMSK_L2_VIIRS_SNPP.A2020264.0836.002.2026032122148.nc
2020-09-20T18:18:00+00:00,SNPP,DAY,AUTUMN,,0,0,0,1080,CLDMSK_L2_VIIRS_SNPP.A2020264.1818.002.2026032122306.nc
2020-09-20T06:00:00+00:00,NOAA20,NIGHT,AUTUMN,0,0,0,0,0,CLDMSK_L2_VIIRS_NOAA20.A2020264.0600.001.2020294133604.nc
2020-09-20T07:42:00+00:00,NOAA20,NIGHT,AUTUMN,0,0,0,0,1080,CLDMSK_L2_VIIRS_NOAA20.A2020264.0742.001.2020294133714.nc
2020-09-20T17:30:00+00:00,NOAA20,DAY,AUTUMN,,0,0,0,1800,CLDMSK_L2_VIIRS_NOAA20.A2020264.1730.001.2020294133703.nc
2020-09-20T19:06:00+00:00,NOAA20,DAY,AUTUMN,,0,1,0,360,CLDMSK_L2_VIIRS_NOAA20.A2020264.1906.001.2020294133629.nc
2024-08-26T06:30:00+00:00,SNPP,NIGHT,SUMMER,1,0,1,1,1800,CLDMSK_L2_VIIRS_SNPP.A2024239.0630.002.2026034094149.nc
2024-08-26T08:12:00+00:00,SNPP,NIGHT,SUMMER,1,1,1,1,720,CLDMSK_L2_VIIRS_SNPP.A2024239.0812.002.2026034094144.nc
2024-08-26T17:54:00+00:00,SNPP,DAY,SUMMER,,1,1,1,360,CLDMSK_L2_VIIRS_SNPP.A2024239.1754.002.2026034094244.nc
2024-08-26T06:54:00+00:00,NOAA20,NIGHT,SUMMER,1,1,1,1,360,CLDMSK_L2_VIIRS_NOAA20.A2024239.0654.002.2025236004954.nc
2024-08-26T18:18:00+00:00,NOAA20,DAY,SUMMER,,1,1,1,1080,CLDMSK_L2_VIIRS_NOAA20.A2024239.1818.002.2025236005026.nc
2024-08-26T19:12:00+00:00,NOAA21,DAY,SUMMER,,0,0,1,720,CLDMSK_L2_VIIRS_NOAA21.A2024239.1912.001.2024240072333.nc
2024-07-27T06:18:00+00:00,NOAA20,NIGHT,SUMMER,1,0,0,1,1080,CLDMSK_L2_VIIRS_NOAA20.A2024209.0618.002.2025235230535.nc
2024-07-27T07:54:00+00:00,NOAA20,NIGHT,SUMMER,1,0,0,1,360,CLDMSK_L2_VIIRS_NOAA20.A2024209.0754.002.2025235230530.nc
2024-07-27T17:42:00+00:00,NOAA20,DAY,SUMMER,,1,1,1,1080,CLDMSK_L2_VIIRS_NOAA20.A2024209.1742.002.2025235230644.nc
2024-07-27T19:18:00+00:00,NOAA20,DAY,SUMMER,,0,0,0,1080,CLDMSK_L2_VIIRS_NOAA20.A2024209.1918.002.2025235230746.nc
2024-07-27T19:24:00+00:00,NOAA20,DAY,SUMMER,,1,0,0,1440,CLDMSK_L2_VIIRS_NOAA20.A2024209.1924.002.2025235230727.nc
2024-07-27T07:06:00+00:00,NOAA21,NIGHT,SUMMER,1,0,0,1,360,CLDMSK_L2_VIIRS_NOAA21.A2024209.0706.001.2024209191557.nc
2024-07-27T16:54:00+00:00,NOAA21,DAY,SUMMER,,1,0,1,360,CLDMSK_L2_VIIRS_NOAA21.A2024209.1654.001.2024210013706.nc
2024-07-27T18:30:00+00:00,NOAA21,DAY,SUMMER,,1,1,1,1800,CLDMSK_L2_VIIRS_NOAA21.A2024209.1830.001.2024210072635.nc
2023-09-17T07:18:00+00:00,SNPP,NIGHT,AUTUMN,0,0,0,0,1080,CLDMSK_L2_VIIRS_SNPP.A2023260.0718.002.2026033231215.nc
2023-09-17T17:06:00+00:00,SNPP,DAY,AUTUMN,,0,0,0,360,CLDMSK_L2_VIIRS_SNPP.A2023260.1706.002.2026033231326.nc
2023-09-17T18:42:00+00:00,SNPP,DAY,AUTUMN,,0,0,0,1080,CLDMSK_L2_VIIRS_SNPP.A2023260.1842.002.2026033231327.nc
2023-09-17T06:30:00+00:00,NOAA20,NIGHT,AUTUMN,0,0,0,0,1800,CLDMSK_L2_VIIRS_NOAA20.A2023260.0630.002.2025235071323.nc
2023-09-17T08:12:00+00:00,NOAA20,NIGHT,AUTUMN,0,0,0,0,720,CLDMSK_L2_VIIRS_NOAA20.A2023260.0812.002.2025235071340.nc
2023-09-17T17:54:00+00:00,NOAA20,DAY,AUTUMN,,0,0,0,360,CLDMSK_L2_VIIRS_NOAA20.A2023260.1754.002.2025235071436.nc
2023-09-17T06:54:00+00:00,NOAA21,NIGHT,AUTUMN,0,0,0,0,360,CLDMSK_L2_VIIRS_NOAA21.A2023260.0654.001.2024130191840.nc
2023-09-17T18:18:00+00:00,NOAA21,DAY,AUTUMN,,0,0,0,1080,CLDMSK_L2_VIIRS_NOAA21.A2023260.1818.001.2024130191902.nc
2025-03-23T06:12:00+00:00,SNPP,NIGHT,SPRING,0,1,1,1,720,CLDMSK_L2_VIIRS_SNPP.A2025082.0612.002.2026034160817.nc
2025-03-23T07:48:00+00:00,SNPP,NIGHT,SPRING,0,1,1,1,720,CLDMSK_L2_VIIRS_SNPP.A2025082.0748.002.2026034160831.nc
2025-03-23T17:36:00+00:00,SNPP,DAY,SPRING,,0,0,0,1440,CLDMSK_L2_VIIRS_SNPP.A2025082.1736.002.2026034160950.nc
2025-03-23T19:18:00+00:00,SNPP,DAY,SPRING,,0,0,0,1080,CLDMSK_L2_VIIRS_SNPP.A2025082.1918.002.2026034160941.nc
2025-03-23T06:36:00+00:00,NOAA20,NIGHT,SPRING,0,1,1,1,1440,CLDMSK_L2_VIIRS_NOAA20.A2025082.0636.001.2025082191102.nc
2025-03-23T08:12:00+00:00,NOAA20,NIGHT,SPRING,0,1,1,1,720,CLDMSK_L2_VIIRS_NOAA20.A2025082.0812.001.2025082204048.nc
2025-03-23T18:00:00+00:00,NOAA20,DAY,SPRING,,0,0,0,0,CLDMSK_L2_VIIRS_NOAA20.A2025082.1800.001.2025083074131.nc
2025-03-23T07:24:00+00:00,NOAA21,NIGHT,SPRING,0,1,1,1,1440,CLDMSK_L2_VIIRS_NOAA21.A2025082.0724.001.2025082191107.nc
2025-03-23T17:12:00+00:00,NOAA21,DAY,SPRING,,0,0,0,720,CLDMSK_L2_VIIRS_NOAA21.A2025082.1712.001.2025083014148.nc
2025-03-23T18:48:00+00:00,NOAA21,DAY,SPRING,,0,0,0,720,CLDMSK_L2_VIIRS_NOAA21.A2025082.1848.001.2025083074126.nc
2024-08-30T06:54:00+00:00,SNPP,NIGHT,SUMMER,0,1,1,1,360,CLDMSK_L2_VIIRS_SNPP.A2024243.0654.002.2026034094858.nc
2024-08-30T08:36:00+00:00,SNPP,NIGHT,SUMMER,0,1,0,0,1440,CLDMSK_L2_VIIRS_SNPP.A2024243.0836.002.2026034094914.nc
2024-08-30T18:18:00+00:00,SNPP,DAY,SUMMER,,0,0,1,1080,CLDMSK_L2_VIIRS_SNPP.A2024243.1818.002.2026034095019.nc
2024-08-30T07:18:00+00:00,NOAA20,NIGHT,SUMMER,0,1,1,1,1080,CLDMSK_L2_VIIRS_NOAA20.A2024243.0718.002.2025236005911.nc
2024-08-30T17:00:00+00:00,NOAA20,DAY,SUMMER,,0,0,1,0,CLDMSK_L2_VIIRS_NOAA20.A2024243.1700.002.2025236010104.nc
2024-08-30T18:42:00+00:00,NOAA20,DAY,SUMMER,,1,1,1,1080,CLDMSK_L2_VIIRS_NOAA20.A2024243.1842.002.2025236010056.nc
2024-08-30T06:30:00+00:00,NOAA21,NIGHT,SUMMER,0,1,1,1,1800,CLDMSK_L2_VIIRS_NOAA21.A2024243.0630.001.2024243191558.nc
2024-08-30T08:12:00+00:00,NOAA21,NIGHT,SUMMER,0,1,1,1,720,CLDMSK_L2_VIIRS_NOAA21.A2024243.0812.001.2024243191609.nc
2024-08-30T17:54:00+00:00,NOAA21,DAY,SUMMER,,1,0,1,360,CLDMSK_L2_VIIRS_NOAA21.A2024243.1754.001.2024244012605.nc
2020-09-12T06:06:00+00:00,SNPP,NIGHT,AUTUMN,1,0,0,0,360,CLDMSK_L2_VIIRS_SNPP.A2020256.0606.002.2026032120712.nc
2020-09-12T07:42:00+00:00,SNPP,NIGHT,AUTUMN,1,1,1,0,1080,CLDMSK_L2_VIIRS_SNPP.A2020256.0742.002.2026032120724.nc
2020-09-12T17:30:00+00:00,SNPP,DAY,AUTUMN,,0,0,0,1800,CLDMSK_L2_VIIRS_SNPP.A2020256.1730.002.2026032120836.nc
2020-09-12T19:06:00+00:00,SNPP,DAY,AUTUMN,,0,0,0,360,CLDMSK_L2_VIIRS_SNPP.A2020256.1906.002.2026032120843.nc
2020-09-12T06:54:00+00:00,NOAA20,NIGHT,AUTUMN,1,1,0,1,360,CLDMSK_L2_VIIRS_NOAA20.A2020256.0654.001.2020294134827.nc
2020-09-12T08:36:00+00:00,NOAA20,NIGHT,AUTUMN,1,1,0,0,1440,CLDMSK_L2_VIIRS_NOAA20.A2020256.0836.001.2020294134850.nc
2020-09-12T18:18:00+00:00,NOAA20,DAY,AUTUMN,,0,0,0,1080,CLDMSK_L2_VIIRS_NOAA20.A2020256.1818.001.2020294135003.nc
2022-04-27T06:06:00+00:00,SNPP,NIGHT,SPRING,0,0,0,0,360,CLDMSK_L2_VIIRS_SNPP.A2022117.0606.002.2026033065854.nc
2022-04-27T07:42:00+00:00,SNPP,NIGHT,SPRING,0,0,0,0,1080,CLDMSK_L2_VIIRS_SNPP.A2022117.0742.002.2026033065918.nc
2022-04-27T17:30:00+00:00,SNPP,DAY,SPRING,,0,0,0,1800,CLDMSK_L2_VIIRS_SNPP.A2022117.1730.002.2026033070012.nc
2022-04-27T19:06:00+00:00,SNPP,DAY,SPRING,,0,0,0,360,CLDMSK_L2_VIIRS_SNPP.A2022117.1906.002.2026033070003.nc
2022-04-27T06:54:00+00:00,NOAA20,NIGHT,SPRING,0,0,0,0,360,CLDMSK_L2_VIIRS_NOAA20.A2022117.0654.001.2022117192344.nc
2022-04-27T08:36:00+00:00,NOAA20,NIGHT,SPRING,0,0,0,0,720,CLDMSK_L2_VIIRS_NOAA20.A2022117.0836.001.2022117192323.nc
2022-04-27T18:18:00+00:00,NOAA20,DAY,SPRING,,0,0,0,1080,CLDMSK_L2_VIIRS_NOAA20.A2022117.1818.001.2022118072232.nc
2024-09-16T06:36:00+00:00,SNPP,NIGHT,AUTUMN,1,1,1,1,1440,CLDMSK_L2_VIIRS_SNPP.A2024260.0636.002.2026034102004.nc
2024-09-16T08:18:00+00:00,SNPP,NIGHT,AUTUMN,1,1,1,1,1080,CLDMSK_L2_VIIRS_SNPP.A2024260.0818.002.2026034102007.nc
2024-09-16T18:00:00+00:00,SNPP,DAY,AUTUMN,,1,1,1,0,CLDMSK_L2_VIIRS_SNPP.A2024260.1800.002.2026034102105.nc
2024-09-16T07:00:00+00:00,NOAA20,NIGHT,AUTUMN,1,1,1,1,0,CLDMSK_L2_VIIRS_NOAA20.A2024260.0700.002.2025236020405.nc
2024-09-16T18:24:00+00:00,NOAA20,DAY,AUTUMN,,1,1,1,1440,CLDMSK_L2_VIIRS_NOAA20.A2024260.1824.002.2025236020449.nc
2024-09-16T06:12:00+00:00,NOAA21,NIGHT,AUTUMN,1,0,1,1,720,CLDMSK_L2_VIIRS_NOAA21.A2024260.0612.001.2024260191225.nc
2024-09-16T07:48:00+00:00,NOAA21,NIGHT,AUTUMN,1,1,1,1,720,CLDMSK_L2_VIIRS_NOAA21.A2024260.0748.001.2024260191240.nc
2024-09-16T17:36:00+00:00,NOAA21,DAY,AUTUMN,,1,1,1,1440,CLDMSK_L2_VIIRS_NOAA21.A2024260.1736.001.2024261012235.nc
2024-09-16T19:18:00+00:00,NOAA21,DAY,AUTUMN,,1,1,1,1080,CLDMSK_L2_VIIRS_NOAA21.A2024260.1918.001.2024261072255.nc
2024-05-14T07:18:00+00:00,SNPP,NIGHT,SPRING,0,0,0,0,1080,CLDMSK_L2_VIIRS_SNPP.A2024135.0718.002.2026034063229.nc
2024-05-14T17:06:00+00:00,SNPP,DAY,SPRING,,0,0,0,360,CLDMSK_L2_VIIRS_SNPP.A2024135.1706.002.2026034063328.nc
2024-05-14T18:42:00+00:00,SNPP,DAY,SPRING,,0,0,0,1080,CLDMSK_L2_VIIRS_SNPP.A2024135.1842.002.2026034063334.nc
2024-05-14T06:06:00+00:00,NOAA20,NIGHT,SPRING,1,0,0,0,360,CLDMSK_L2_VIIRS_NOAA20.A2024135.0606.002.2025235191643.nc
2024-05-14T07:48:00+00:00,NOAA20,NIGHT,SPRING,0,0,0,0,720,CLDMSK_L2_VIIRS_NOAA20.A2024135.0748.002.2025235191811.nc
2024-05-14T17:30:00+00:00,NOAA20,DAY,SPRING,,0,0,0,1800,CLDMSK_L2_VIIRS_NOAA20.A2024135.1730.002.2025235191825.nc
2024-05-14T19:12:00+00:00,NOAA20,DAY,SPRING,,0,0,0,720,CLDMSK_L2_VIIRS_NOAA20.A2024135.1912.002.2025235191903.nc
2024-05-14T06:54:00+00:00,NOAA21,NIGHT,SPRING,0,0,0,0,360,CLDMSK_L2_VIIRS_NOAA21.A2024135.0654.001.2024158133226.nc
2024-05-14T18:18:00+00:00,NOAA21,DAY,SPRING,,0,0,0,1080,CLDMSK_L2_VIIRS_NOAA21.A2024135.1818.001.2024158133143.nc
2020-03-21T07:24:00+00:00,SNPP,NIGHT,SPRING,0,1,0,0,1440,CLDMSK_L2_VIIRS_SNPP.A2020081.0724.002.2026032055809.nc
2020-03-21T17:12:00+00:00,SNPP,DAY,SPRING,,0,0,1,720,CLDMSK_L2_VIIRS_SNPP.A2020081.1712.002.2026032055921.nc
2020-03-21T18:48:00+00:00,SNPP,DAY,SPRING,,0,0,1,720,CLDMSK_L2_VIIRS_SNPP.A2020081.1848.002.2026032055926.nc
2020-03-21T06:36:00+00:00,NOAA20,NIGHT,SPRING,0,0,0,0,1440,CLDMSK_L2_VIIRS_NOAA20.A2020081.0636.001.2020294213112.nc
2020-03-21T08:18:00+00:00,NOAA20,NIGHT,SPRING,0,1,1,0,1080,CLDMSK_L2_VIIRS_NOAA20.A2020081.0818.001.2020294213136.nc
2020-03-21T18:00:00+00:00,NOAA20,DAY,SPRING,,0,0,1,0,CLDMSK_L2_VIIRS_NOAA20.A2020081.1800.001.2020294213200.nc
2024-04-07T07:12:00+00:00,SNPP,NIGHT,SPRING,0,1,1,1,720,CLDMSK_L2_VIIRS_SNPP.A2024098.0712.002.2026034052445.nc
2024-04-07T17:00:00+00:00,SNPP,DAY,SPRING,,1,1,1,0,CLDMSK_L2_VIIRS_SNPP.A2024098.1700.002.2026034052556.nc
2024-04-07T18:36:00+00:00,SNPP,DAY,SPRING,,0,1,1,1440,CLDMSK_L2_VIIRS_SNPP.A2024098.1836.002.2026034052603.nc
2024-04-07T07:36:00+00:00,NOAA20,NIGHT,SPRING,0,1,1,1,1440,CLDMSK_L2_VIIRS_NOAA20.A2024098.0736.002.2025235170143.nc
2024-04-07T17:24:00+00:00,NOAA20,DAY,SPRING,,1,1,1,1440,CLDMSK_L2_VIIRS_NOAA20.A2024098.1724.002.2025235170420.nc
2024-04-07T19:00:00+00:00,NOAA20,DAY,SPRING,,1,1,1,0,CLDMSK_L2_VIIRS_NOAA20.A2024098.1900.002.2025235170436.nc
2024-04-07T06:48:00+00:00,NOAA21,NIGHT,SPRING,0,1,1,1,720,CLDMSK_L2_VIIRS_NOAA21.A2024098.0648.001.2024130200836.nc
2024-04-07T08:30:00+00:00,NOAA21,NIGHT,SPRING,0,1,1,1,1800,CLDMSK_L2_VIIRS_NOAA21.A2024098.0830.001.2024130200836.nc
2024-04-07T18:12:00+00:00,NOAA21,DAY,SPRING,,1,1,1,720,CLDMSK_L2_VIIRS_NOAA21.A2024098.1812.001.2024130200834.nc
2025-05-07T07:06:00+00:00,SNPP,NIGHT,SPRING,1,0,0,0,360,CLDMSK_L2_VIIRS_SNPP.A2025127.0706.002.2026034173121.nc
2025-05-07T16:54:00+00:00,SNPP,DAY,SPRING,,1,0,1,360,CLDMSK_L2_VIIRS_SNPP.A2025127.1654.002.2026034173224.nc
2025-05-07T18:30:00+00:00,SNPP,DAY,SPRING,,1,1,0,1800,CLDMSK_L2_VIIRS_SNPP.A2025127.1830.002.2026034173242.nc
2025-05-07T07:30:00+00:00,NOAA20,NIGHT,SPRING,1,0,0,0,1800,CLDMSK_L2_VIIRS_NOAA20.A2025127.0730.001.2025127194758.nc
2025-05-07T17:12:00+00:00,NOAA20,DAY,SPRING,,1,1,1,720,CLDMSK_L2_VIIRS_NOAA20.A2025127.1712.001.2025128052844.nc
2025-05-07T18:54:00+00:00,NOAA20,DAY,SPRING,,0,0,0,360,CLDMSK_L2_VIIRS_NOAA20.A2025127.1854.001.2025128072902.nc
2025-05-07T06:42:00+00:00,NOAA21,NIGHT,SPRING,1,0,0,0,1080,CLDMSK_L2_VIIRS_NOAA21.A2025127.0642.001.2025127191828.nc
2025-05-07T08:24:00+00:00,NOAA21,NIGHT,SPRING,0,0,0,0,1440,CLDMSK_L2_VIIRS_NOAA21.A2025127.0824.001.2025127191941.nc
2025-05-07T18:06:00+00:00,NOAA21,DAY,SPRING,,1,1,0,360,CLDMSK_L2_VIIRS_NOAA21.A2025127.1806.001.2025128073546.nc
2020-01-25T06:36:00+00:00,SNPP,NIGHT,WINTER,0,0,0,0,1440,CLDMSK_L2_VIIRS_SNPP.A2020025.0636.002.2026032033644.nc
2020-01-25T08:12:00+00:00,SNPP,NIGHT,WINTER,0,0,0,0,720,CLDMSK_L2_VIIRS_SNPP.A2020025.0812.002.2026032033652.nc
2020-01-25T18:00:00+00:00,SNPP,DAY,WINTER,,0,0,0,0,CLDMSK_L2_VIIRS_SNPP.A2020025.1800.002.2026032033807.nc
2020-01-25T07:24:00+00:00,NOAA20,NIGHT,WINTER,0,0,0,0,1440,CLDMSK_L2_VIIRS_NOAA20.A2020025.0724.001.2020294225120.nc
2020-01-25T17:12:00+00:00,NOAA20,DAY,WINTER,,0,0,0,720,CLDMSK_L2_VIIRS_NOAA20.A2020025.1712.001.2020294225200.nc
2020-01-25T18:48:00+00:00,NOAA20,DAY,WINTER,,0,0,0,660,CLDMSK_L2_VIIRS_NOAA20.A2020025.1848.001.2020294225206.nc
2023-12-11T07:24:00+00:00,SNPP,NIGHT,WINTER,0,0,0,0,1440,CLDMSK_L2_VIIRS_SNPP.A2023345.0724.002.2026034014844.nc
2023-12-11T17:12:00+00:00,SNPP,DAY,WINTER,,0,0,0,720,CLDMSK_L2_VIIRS_SNPP.A2023345.1712.002.2026034015007.nc
2023-12-11T18:48:00+00:00,SNPP,DAY,WINTER,,0,0,0,720,CLDMSK_L2_VIIRS_SNPP.A2023345.1848.002.2026034015005.nc
2023-12-11T06:36:00+00:00,NOAA20,NIGHT,WINTER,0,0,0,0,1440,CLDMSK_L2_VIIRS_NOAA20.A2023345.0636.002.2025235112832.nc
2023-12-11T08:18:00+00:00,NOAA20,NIGHT,WINTER,0,0,0,0,1080,CLDMSK_L2_VIIRS_NOAA20.A2023345.0818.002.2025235112833.nc
2023-12-11T18:00:00+00:00,NOAA20,DAY,WINTER,,0,0,0,0,CLDMSK_L2_VIIRS_NOAA20.A2023345.1800.002.2025235113130.nc
2023-12-11T07:00:00+00:00,NOAA21,NIGHT,WINTER,0,0,0,0,0,CLDMSK_L2_VIIRS_NOAA21.A2023345.0700.001.2024130193812.nc
2023-12-11T18:24:00+00:00,NOAA21,DAY,WINTER,,0,0,0,1440,CLDMSK_L2_VIIRS_NOAA21.A2023345.1824.001.2024130193849.nc
2023-05-08T06:54:00+00:00,SNPP,NIGHT,SPRING,1,1,1,1,360,CLDMSK_L2_VIIRS_SNPP.A2023128.0654.002.2026033190214.nc
2023-05-08T08:36:00+00:00,SNPP,NIGHT,SPRING,1,0,0,1,1440,CLDMSK_L2_VIIRS_SNPP.A2023128.0836.002.2026033190221.nc
2023-05-08T18:18:00+00:00,SNPP,DAY,SPRING,,0,0,0,1080,CLDMSK_L2_VIIRS_SNPP.A2023128.1818.002.2026033190307.nc
2023-05-08T06:06:00+00:00,NOAA20,NIGHT,SPRING,1,0,0,0,360,CLDMSK_L2_VIIRS_NOAA20.A2023128.0606.001.2023233205255.nc
2023-05-08T07:42:00+00:00,NOAA20,NIGHT,SPRING,1,1,1,1,1080,CLDMSK_L2_VIIRS_NOAA20.A2023128.0742.001.2023233205321.nc
2023-05-08T17:30:00+00:00,NOAA20,DAY,SPRING,,0,0,0,1800,CLDMSK_L2_VIIRS_NOAA20.A2023128.1730.001.2023233205243.nc
2023-05-08T19:12:00+00:00,NOAA20,DAY,SPRING,,0,0,0,720,CLDMSK_L2_VIIRS_NOAA20.A2023128.1912.001.2023233205232.nc
2023-05-08T06:30:00+00:00,NOAA21,NIGHT,SPRING,1,0,0,0,1800,CLDMSK_L2_VIIRS_NOAA21.A2023128.0630.001.2024130184737.nc
2023-05-08T08:06:00+00:00,NOAA21,NIGHT,SPRING,1,0,1,1,360,CLDMSK_L2_VIIRS_NOAA21.A2023128.0806.001.2024130184758.nc
2023-05-08T17:54:00+00:00,NOAA21,DAY,SPRING,,0,0,0,360,CLDMSK_L2_VIIRS_NOAA21.A2023128.1754.001.2024130184821.nc
2024-05-16T06:42:00+00:00,SNPP,NIGHT,SPRING,1,1,1,1,1080,CLDMSK_L2_VIIRS_SNPP.A2024137.0642.002.2026034063605.nc
2024-05-16T08:24:00+00:00,SNPP,NIGHT,SPRING,0,0,0,0,1440,CLDMSK_L2_VIIRS_SNPP.A2024137.0824.002.2026034063605.nc
2024-05-16T18:06:00+00:00,SNPP,DAY,SPRING,,1,1,0,360,CLDMSK_L2_VIIRS_SNPP.A2024137.1806.002.2026034063720.nc
2024-05-16T07:06:00+00:00,NOAA20,NIGHT,SPRING,0,1,1,1,360,CLDMSK_L2_VIIRS_NOAA20.A2024137.0706.002.2025235192049.nc
2024-05-16T16:54:00+00:00,NOAA20,DAY,SPRING,,1,0,1,360,CLDMSK_L2_VIIRS_NOAA20.A2024137.1654.002.2025235192152.nc
2024-05-16T18:30:00+00:00,NOAA20,DAY,SPRING,,0,0,0,1800,CLDMSK_L2_VIIRS_NOAA20.A2024137.1830.002.2025235192215.nc
2024-05-16T06:18:00+00:00,NOAA21,NIGHT,SPRING,1,0,1,1,1080,CLDMSK_L2_VIIRS_NOAA21.A2024137.0618.001.2024158133307.nc
2024-05-16T07:54:00+00:00,NOAA21,NIGHT,SPRING,0,1,1,0,360,CLDMSK_L2_VIIRS_NOAA21.A2024137.0754.001.2024158133109.nc
2024-05-16T17:42:00+00:00,NOAA21,DAY,SPRING,,1,1,0,1080,CLDMSK_L2_VIIRS_NOAA21.A2024137.1742.001.2024158133239.nc
2024-05-16T19:18:00+00:00,NOAA21,DAY,SPRING,,0,0,0,1080,CLDMSK_L2_VIIRS_NOAA21.A2024137.1918.001.2024158133147.nc
2024-09-12T06:12:00+00:00,SNPP,NIGHT,AUTUMN,0,0,0,0,720,CLDMSK_L2_VIIRS_SNPP.A2024256.0612.002.2026034101238.nc
2024-09-12T07:48:00+00:00,SNPP,NIGHT,AUTUMN,0,0,0,0,720,CLDMSK_L2_VIIRS_SNPP.A2024256.0748.002.2026034101235.nc
2024-09-12T17:36:00+00:00,SNPP,DAY,AUTUMN,,1,1,1,1440,CLDMSK_L2_VIIRS_SNPP.A2024256.1736.002.2026034101342.nc
2024-09-12T19:18:00+00:00,SNPP,DAY,AUTUMN,,1,1,1,1080,CLDMSK_L2_VIIRS_SNPP.A2024256.1918.002.2026034101351.nc
2024-09-12T06:36:00+00:00,NOAA20,NIGHT,AUTUMN,0,0,0,0,1440,CLDMSK_L2_VIIRS_NOAA20.A2024256.0636.002.2025236015316.nc
2024-09-12T08:12:00+00:00,NOAA20,NIGHT,AUTUMN,0,0,0,0,720,CLDMSK_L2_VIIRS_NOAA20.A2024256.0812.002.2025236015317.nc
2024-09-12T18:00:00+00:00,NOAA20,DAY,AUTUMN,,1,1,1,0,CLDMSK_L2_VIIRS_NOAA20.A2024256.1800.002.2025236015518.nc
2024-09-12T07:24:00+00:00,NOAA21,NIGHT,AUTUMN,0,0,0,0,1440,CLDMSK_L2_VIIRS_NOAA21.A2024256.0724.001.2024256190832.nc
2024-09-12T17:12:00+00:00,NOAA21,DAY,AUTUMN,,1,1,1,720,CLDMSK_L2_VIIRS_NOAA21.A2024256.1712.001.2024257012910.nc
2024-09-12T18:48:00+00:00,NOAA21,DAY,AUTUMN,,1,1,1,720,CLDMSK_L2_VIIRS_NOAA21.A2024256.1848.001.2024257072913.nc
2022-06-22T06:54:00+00:00,SNPP,NIGHT,SUMMER,1,1,1,1,360,CLDMSK_L2_VIIRS_SNPP.A2022173.0654.002.2026033084136.nc
2022-06-22T18:18:00+00:00,SNPP,DAY,SUMMER,,1,1,0,1080,CLDMSK_L2_VIIRS_SNPP.A2022173.1818.002.2026033084242.nc
2022-06-22T06:06:00+00:00,NOAA20,NIGHT,SUMMER,0,0,0,0,360,CLDMSK_L2_VIIRS_NOAA20.A2022173.0606.001.2022173191524.nc
2022-06-22T07:42:00+00:00,NOAA20,NIGHT,SUMMER,1,0,1,1,1080,CLDMSK_L2_VIIRS_NOAA20.A2022173.0742.001.2022173201540.nc
2022-06-22T17:30:00+00:00,NOAA20,DAY,SUMMER,,0,0,0,1800,CLDMSK_L2_VIIRS_NOAA20.A2022173.1730.001.2022174060326.nc
2022-06-22T19:12:00+00:00,NOAA20,DAY,SUMMER,,1,1,1,720,CLDMSK_L2_VIIRS_NOAA20.A2022173.1912.001.2022174074708.nc
2025-06-22T06:06:00+00:00,SNPP,NIGHT,SUMMER,0,0,0,1,360,CLDMSK_L2_VIIRS_SNPP.A2025173.0606.002.2026034185509.nc
2025-06-22T07:48:00+00:00,SNPP,NIGHT,SUMMER,0,0,0,0,720,CLDMSK_L2_VIIRS_SNPP.A2025173.0748.002.2026034185514.nc
2025-06-22T17:30:00+00:00,SNPP,DAY,SUMMER,,0,0,0,1800,CLDMSK_L2_VIIRS_SNPP.A2025173.1730.002.2026034185625.nc
2025-06-22T19:12:00+00:00,SNPP,DAY,SUMMER,,0,0,0,720,CLDMSK_L2_VIIRS_SNPP.A2025173.1912.002.2026034185633.nc
2025-06-22T06:30:00+00:00,NOAA20,NIGHT,SUMMER,0,1,1,1,1800,CLDMSK_L2_VIIRS_NOAA20.A2025173.0630.001.2025173193448.nc
2025-06-22T08:06:00+00:00,NOAA20,NIGHT,SUMMER,0,0,0,0,360,CLDMSK_L2_VIIRS_NOAA20.A2025173.0806.001.2025173202308.nc
2025-06-22T17:54:00+00:00,NOAA20,DAY,SUMMER,,0,0,0,360,CLDMSK_L2_VIIRS_NOAA20.A2025173.1754.001.2025174061350.nc
2025-06-22T07:18:00+00:00,NOAA21,NIGHT,SUMMER,0,0,0,0,1080,CLDMSK_L2_VIIRS_NOAA21.A2025173.0718.001.2025173193458.nc
2025-06-22T17:06:00+00:00,NOAA21,DAY,SUMMER,,0,0,0,360,CLDMSK_L2_VIIRS_NOAA21.A2025173.1706.001.2025174013524.nc
2025-06-22T18:42:00+00:00,NOAA21,DAY,SUMMER,,0,0,0,1080,CLDMSK_L2_VIIRS_NOAA21.A2025173.1842.001.2025174072545.nc
2023-01-22T06:42:00+00:00,SNPP,NIGHT,WINTER,0,0,0,0,1080,CLDMSK_L2_VIIRS_SNPP.A2023022.0642.002.2026033144824.nc
2023-01-22T08:24:00+00:00,SNPP,NIGHT,WINTER,0,0,0,0,1440,CLDMSK_L2_VIIRS_SNPP.A2023022.0824.002.2026033144833.nc
2023-01-22T18:06:00+00:00,SNPP,DAY,WINTER,,0,0,0,360,CLDMSK_L2_VIIRS_SNPP.A2023022.1806.002.2026033144942.nc
2023-01-22T07:30:00+00:00,NOAA20,NIGHT,WINTER,0,0,0,0,1800,CLDMSK_L2_VIIRS_NOAA20.A2023022.0730.001.2023233195728.nc
2023-01-22T17:18:00+00:00,NOAA20,DAY,WINTER,,0,0,0,1080,CLDMSK_L2_VIIRS_NOAA20.A2023022.1718.001.2023233195811.nc
2023-01-22T18:54:00+00:00,NOAA20,DAY,WINTER,,0,0,0,360,CLDMSK_L2_VIIRS_NOAA20.A2023022.1854.001.2023233195720.nc
2024-11-20T06:18:00+00:00,SNPP,NIGHT,AUTUMN,1,0,0,0,1080,CLDMSK_L2_VIIRS_SNPP.A2024325.0618.002.2026034121944.nc
2024-11-20T07:54:00+00:00,SNPP,NIGHT,AUTUMN,1,0,0,0,360,CLDMSK_L2_VIIRS_SNPP.A2024325.0754.002.2026034121957.nc
2024-11-20T17:42:00+00:00,SNPP,DAY,AUTUMN,,0,0,0,180,CLDMSK_L2_VIIRS_SNPP.A2024325.1742.002.2026034122103.nc
2024-11-20T19:18:00+00:00,SNPP,DAY,AUTUMN,,0,0,0,60,CLDMSK_L2_VIIRS_SNPP.A2024325.1918.002.2026034122119.nc
2024-11-20T06:42:00+00:00,NOAA20,NIGHT,AUTUMN,1,0,0,0,1080,CLDMSK_L2_VIIRS_NOAA20.A2024325.0642.002.2025236045047.nc
2024-11-20T08:18:00+00:00,NOAA20,NIGHT,AUTUMN,1,0,0,0,1080,CLDMSK_L2_VIIRS_NOAA20.A2024325.0818.002.2025236045058.nc
2024-11-20T18:06:00+00:00,NOAA20,DAY,AUTUMN,,0,0,0,360,CLDMSK_L2_VIIRS_NOAA20.A2024325.1806.002.2025236045124.nc
2024-11-20T07:36:00+00:00,NOAA21,NIGHT,AUTUMN,1,1,1,0,1080,CLDMSK_L2_VIIRS_NOAA21.A2024325.0736.001.2024325190318.nc
2024-11-20T17:18:00+00:00,NOAA21,DAY,AUTUMN,,0,0,0,300,CLDMSK_L2_VIIRS_NOAA21.A2024325.1718.001.2024326012410.nc
2024-11-20T19:00:00+00:00,NOAA21,DAY,AUTUMN,,0,0,0,0,CLDMSK_L2_VIIRS_NOAA21.A2024325.1900.001.2024326072346.nc
2020-04-28T07:12:00+00:00,SNPP,NIGHT,SPRING,0,0,0,0,720,CLDMSK_L2_VIIRS_SNPP.A2020119.0712.002.2026032073041.nc
2020-04-28T16:54:00+00:00,SNPP,DAY,SPRING,,0,0,0,360,CLDMSK_L2_VIIRS_SNPP.A2020119.1654.002.2026032073140.nc
2020-04-28T18:36:00+00:00,SNPP,DAY,SPRING,,1,1,1,1440,CLDMSK_L2_VIIRS_SNPP.A2020119.1836.002.2026032073151.nc
2020-04-28T06:24:00+00:00,NOAA20,NIGHT,SPRING,0,0,0,0,1440,CLDMSK_L2_VIIRS_NOAA20.A2020119.0624.001.2020294203656.nc
2020-04-28T08:06:00+00:00,NOAA20,NIGHT,SPRING,0,0,0,0,360,CLDMSK_L2_VIIRS_NOAA20.A2020119.0806.001.2020294203658.nc
2020-04-28T17:48:00+00:00,NOAA20,DAY,SPRING,,0,0,0,720,CLDMSK_L2_VIIRS_NOAA20.A2020119.1748.001.2020294203908.nc
2024-05-11T06:36:00+00:00,SNPP,NIGHT,SPRING,0,1,0,0,1440,CLDMSK_L2_VIIRS_SNPP.A2024132.0636.002.2026034062657.nc
2024-05-11T08:18:00+00:00,SNPP,NIGHT,SPRING,0,0,0,0,1080,CLDMSK_L2_VIIRS_SNPP.A2024132.0818.002.2026034062704.nc
2024-05-11T18:00:00+00:00,SNPP,DAY,SPRING,,0,0,0,0,CLDMSK_L2_VIIRS_SNPP.A2024132.1800.002.2026034062812.nc
2024-05-11T07:00:00+00:00,NOAA20,NIGHT,SPRING,0,0,0,0,0,CLDMSK_L2_VIIRS_NOAA20.A2024132.0700.002.2025235190931.nc
2024-05-11T18:24:00+00:00,NOAA20,DAY,SPRING,,0,0,0,1440,CLDMSK_L2_VIIRS_NOAA20.A2024132.1824.002.2025235191116.nc
2024-05-11T06:06:00+00:00,NOAA21,NIGHT,SPRING,0,0,0,0,360,CLDMSK_L2_VIIRS_NOAA21.A2024132.0606.001.2024158133411.nc
2024-05-11T07:48:00+00:00,NOAA21,NIGHT,SPRING,0,0,0,0,720,CLDMSK_L2_VIIRS_NOAA21.A2024132.0748.001.2024158133107.nc
2024-05-11T17:36:00+00:00,NOAA21,DAY,SPRING,,0,0,0,1440,CLDMSK_L2_VIIRS_NOAA21.A2024132.1736.001.2024158133137.nc
2024-05-11T19:12:00+00:00,NOAA21,DAY,SPRING,,0,0,0,720,CLDMSK_L2_VIIRS_NOAA21.A2024132.1912.001.2024158133420.nc
2023-10-08T07:24:00+00:00,SNPP,NIGHT,AUTUMN,1,1,1,1,1440,CLDMSK_L2_VIIRS_SNPP.A2023281.0724.002.2026033235107.nc
2023-10-08T17:12:00+00:00,SNPP,DAY,AUTUMN,,0,0,0,720,CLDMSK_L2_VIIRS_SNPP.A2023281.1712.002.2026033235223.nc
2023-10-08T18:48:00+00:00,SNPP,DAY,AUTUMN,,0,0,0,60,CLDMSK_L2_VIIRS_SNPP.A2023281.1848.002.2026033235223.nc
2023-10-08T06:36:00+00:00,NOAA20,NIGHT,AUTUMN,1,1,0,1,1440,CLDMSK_L2_VIIRS_NOAA20.A2023281.0636.002.2025235080822.nc
2023-10-08T08:18:00+00:00,NOAA20,NIGHT,AUTUMN,1,0,0,1,1080,CLDMSK_L2_VIIRS_NOAA20.A2023281.0818.002.2025235080812.nc
2023-10-08T18:00:00+00:00,NOAA20,DAY,AUTUMN,,0,0,0,0,CLDMSK_L2_VIIRS_NOAA20.A2023281.1800.002.2025235080926.nc
2023-10-08T07:00:00+00:00,NOAA21,NIGHT,AUTUMN,1,1,1,1,0,CLDMSK_L2_VIIRS_NOAA21.A2023281.0700.001.2024130192323.nc
2023-10-08T18:24:00+00:00,NOAA21,DAY,AUTUMN,,0,0,0,600,CLDMSK_L2_VIIRS_NOAA21.A2023281.1824.001.2024130192400.nc
2024-07-14T07:00:00+00:00,NOAA20,NIGHT,SUMMER,0,1,1,1,0,CLDMSK_L2_VIIRS_NOAA20.A2024196.0700.002.2025235223718.nc
2024-07-14T18:24:00+00:00,NOAA20,DAY,SUMMER,,0,0,0,300,CLDMSK_L2_VIIRS_NOAA20.A2024196.1824.002.2025235223828.nc
2024-07-14T06:12:00+00:00,NOAA21,NIGHT,SUMMER,0,1,0,1,720,CLDMSK_L2_VIIRS_NOAA21.A2024196.0612.001.2024196191503.nc
2024-07-14T07:48:00+00:00,NOAA21,NIGHT,SUMMER,0,1,1,1,720,CLDMSK_L2_VIIRS_NOAA21.A2024196.0748.001.2024196191521.nc
2024-07-14T17:36:00+00:00,NOAA21,DAY,SUMMER,,0,0,0,1020,CLDMSK_L2_VIIRS_NOAA21.A2024196.1736.001.2024197012532.nc
2024-07-14T19:18:00+00:00,NOAA21,DAY,SUMMER,,0,0,0,180,CLDMSK_L2_VIIRS_NOAA21.A2024196.1918.001.2024197072542.nc
2025-03-29T07:36:00+00:00,SNPP,NIGHT,SPRING,0,0,0,0,1440,CLDMSK_L2_VIIRS_SNPP.A2025088.0736.002.2026034161950.nc
2025-03-29T17:24:00+00:00,SNPP,DAY,SPRING,,0,0,0,1440,CLDMSK_L2_VIIRS_SNPP.A2025088.1724.002.2026034162052.nc
2025-03-29T19:00:00+00:00,SNPP,DAY,SPRING,,0,0,0,0,CLDMSK_L2_VIIRS_SNPP.A2025088.1900.002.2026034162054.nc
2025-03-29T06:18:00+00:00,NOAA20,NIGHT,SPRING,0,0,0,0,1080,CLDMSK_L2_VIIRS_NOAA20.A2025088.0618.001.2025088191116.nc
2025-03-29T08:00:00+00:00,NOAA20,NIGHT,SPRING,0,0,0,0,0,CLDMSK_L2_VIIRS_NOAA20.A2025088.0800.001.2025088202051.nc
2025-03-29T17:42:00+00:00,NOAA20,DAY,SPRING,,0,0,0,1080,CLDMSK_L2_VIIRS_NOAA20.A2025088.1742.001.2025089060119.nc
2025-03-29T07:12:00+00:00,NOAA21,NIGHT,SPRING,0,0,0,0,660,CLDMSK_L2_VIIRS_NOAA21.A2025088.0712.001.2025088192105.nc
2025-03-29T17:00:00+00:00,NOAA21,DAY,SPRING,,0,0,0,0,CLDMSK_L2_VIIRS_NOAA21.A2025088.1700.001.2025089014143.nc
2025-03-29T18:36:00+00:00,NOAA21,DAY,SPRING,,0,0,0,420,CLDMSK_L2_VIIRS_NOAA21.A2025088.1836.001.2025089074109.nc
2020-04-20T06:24:00+00:00,SNPP,NIGHT,SPRING,0,1,1,1,1440,CLDMSK_L2_VIIRS_SNPP.A2020111.0624.002.2026032071123.nc
2020-04-20T08:00:00+00:00,SNPP,NIGHT,SPRING,0,1,1,1,0,CLDMSK_L2_VIIRS_SNPP.A2020111.0800.002.2026032071141.nc
2020-04-20T17:48:00+00:00,SNPP,DAY,SPRING,,0,0,1,720,CLDMSK_L2_VIIRS_SNPP.A2020111.1748.002.2026032071248.nc
2020-04-20T07:12:00+00:00,NOAA20,NIGHT,SPRING,0,1,1,1,720,CLDMSK_L2_VIIRS_NOAA20.A2020111.0712.001.2020294204932.nc
2020-04-20T17:00:00+00:00,NOAA20,DAY,SPRING,,0,0,0,0,CLDMSK_L2_VIIRS_NOAA20.A2020111.1700.001.2020294205000.nc
2020-04-20T18:36:00+00:00,NOAA20,DAY,SPRING,,0,0,1,1440,CLDMSK_L2_VIIRS_NOAA20.A2020111.1836.001.2020294204934.nc
2024-06-01T07:06:00+00:00,NOAA20,NIGHT,SUMMER,1,0,0,1,360,CLDMSK_L2_VIIRS_NOAA20.A2024153.0706.002.2025235201509.nc
2024-06-01T16:54:00+00:00,NOAA20,DAY,SUMMER,,0,0,0,360,CLDMSK_L2_VIIRS_NOAA20.A2024153.1654.002.2025235201721.nc
2024-06-01T18:30:00+00:00,NOAA20,DAY,SUMMER,,0,0,0,1800,CLDMSK_L2_VIIRS_NOAA20.A2024153.1830.002.2025235201745.nc
2024-06-01T06:18:00+00:00,NOAA21,NIGHT,SUMMER,0,0,0,1,1080,CLDMSK_L2_VIIRS_NOAA21.A2024153.0618.001.2024158133551.nc
2024-06-01T07:54:00+00:00,NOAA21,NIGHT,SUMMER,1,0,0,1,360,CLDMSK_L2_VIIRS_NOAA21.A2024153.0754.001.2024158133447.nc
2024-06-01T17:42:00+00:00,NOAA21,DAY,SUMMER,,0,0,0,1080,CLDMSK_L2_VIIRS_NOAA21.A2024153.1742.001.2024158133645.nc
2024-06-01T19:18:00+00:00,NOAA21,DAY,SUMMER,,0,0,0,1080,CLDMSK_L2_VIIRS_NOAA21.A2024153.1918.001.2024158133543.nc
2020-04-21T06:06:00+00:00,SNPP,NIGHT,SPRING,0,0,0,0,360,CLDMSK_L2_VIIRS_SNPP.A2020112.0606.002.2026032071348.nc
2020-04-21T07:42:00+00:00,SNPP,NIGHT,SPRING,0,0,0,0,420,CLDMSK_L2_VIIRS_SNPP.A2020112.0742.002.2026032071359.nc
2020-04-21T17:30:00+00:00,SNPP,DAY,SPRING,,0,0,0,1800,CLDMSK_L2_VIIRS_SNPP.A2020112.1730.002.2026032071556.nc
2020-04-21T19:06:00+00:00,SNPP,DAY,SPRING,,0,0,0,360,CLDMSK_L2_VIIRS_SNPP.A2020112.1906.002.2026032071536.nc
2020-04-21T06:54:00+00:00,NOAA20,NIGHT,SPRING,0,0,0,0,360,CLDMSK_L2_VIIRS_NOAA20.A2020112.0654.001.2020294204709.nc
2020-04-21T18:18:00+00:00,NOAA20,DAY,SPRING,,0,0,0,240,CLDMSK_L2_VIIRS_NOAA20.A2020112.1818.001.2020294204814.nc
2020-12-09T06:54:00+00:00,SNPP,NIGHT,WINTER,1,0,0,0,360,CLDMSK_L2_VIIRS_SNPP.A2020344.0654.002.2026032145000.nc
2020-12-09T08:36:00+00:00,SNPP,NIGHT,WINTER,1,0,0,0,1440,CLDMSK_L2_VIIRS_SNPP.A2020344.0836.002.2026032145002.nc
2020-12-09T18:18:00+00:00,SNPP,DAY,WINTER,,0,0,0,120,CLDMSK_L2_VIIRS_SNPP.A2020344.1818.002.2026032145116.nc
2020-12-09T06:06:00+00:00,NOAA20,NIGHT,WINTER,0,0,0,0,360,CLDMSK_L2_VIIRS_NOAA20.A2020344.0606.001.2020344191311.nc
2020-12-09T07:42:00+00:00,NOAA20,NIGHT,WINTER,1,0,0,0,60,CLDMSK_L2_VIIRS_NOAA20.A2020344.0742.001.2020344191319.nc
2020-12-09T17:30:00+00:00,NOAA20,DAY,WINTER,,0,0,0,600,CLDMSK_L2_VIIRS_NOAA20.A2020344.1730.001.2020345010523.nc
2020-12-09T19:06:00+00:00,NOAA20,DAY,WINTER,,0,0,0,360,CLDMSK_L2_VIIRS_NOAA20.A2020344.1906.001.2020345070821.nc
2024-10-21T07:18:00+00:00,SNPP,NIGHT,AUTUMN,1,1,1,0,1080,CLDMSK_L2_VIIRS_SNPP.A2024295.0718.002.2026034112431.nc
2024-10-21T17:00:00+00:00,SNPP,DAY,AUTUMN,,1,1,1,0,CLDMSK_L2_VIIRS_SNPP.A2024295.1700.002.2026034112535.nc
2024-10-21T18:42:00+00:00,SNPP,DAY,AUTUMN,,0,0,1,1080,CLDMSK_L2_VIIRS_SNPP.A2024295.1842.002.2026034112555.nc
2024-10-21T06:00:00+00:00,NOAA20,NIGHT,AUTUMN,1,1,0,1,0,CLDMSK_L2_VIIRS_NOAA20.A2024295.0600.002.2025236033010.nc
2024-10-21T07:42:00+00:00,NOAA20,NIGHT,AUTUMN,1,1,1,1,1080,CLDMSK_L2_VIIRS_NOAA20.A2024295.0742.002.2025236033020.nc
2024-10-21T17:24:00+00:00,NOAA20,DAY,AUTUMN,,1,1,1,1440,CLDMSK_L2_VIIRS_NOAA20.A2024295.1724.002.2025236033058.nc
2024-10-21T19:06:00+00:00,NOAA20,DAY,AUTUMN,,1,1,1,360,CLDMSK_L2_VIIRS_NOAA20.A2024295.1906.002.2025236033156.nc
2024-10-21T06:54:00+00:00,NOAA21,NIGHT,AUTUMN,1,1,1,0,360,CLDMSK_L2_VIIRS_NOAA21.A2024295.0654.001.2024297010425.nc
2024-10-21T18:18:00+00:00,NOAA21,DAY,AUTUMN,,0,1,1,1080,CLDMSK_L2_VIIRS_NOAA21.A2024295.1818.001.2024297011731.nc
2021-07-09T07:18:00+00:00,SNPP,NIGHT,SUMMER,0,0,0,0,1080,CLDMSK_L2_VIIRS_SNPP.A2021190.0718.002.2026032220652.nc
2021-07-09T17:06:00+00:00,SNPP,DAY,SUMMER,,0,0,0,360,CLDMSK_L2_VIIRS_SNPP.A2021190.1706.002.2026032220800.nc
2021-07-09T18:42:00+00:00,SNPP,DAY,SUMMER,,0,0,0,1080,CLDMSK_L2_VIIRS_SNPP.A2021190.1842.002.2026032220802.nc
2021-07-09T06:30:00+00:00,NOAA20,NIGHT,SUMMER,0,0,0,0,1800,CLDMSK_L2_VIIRS_NOAA20.A2021190.0630.001.2021190193141.nc
2021-07-09T08:12:00+00:00,NOAA20,NIGHT,SUMMER,0,0,0,0,720,CLDMSK_L2_VIIRS_NOAA20.A2021190.0812.001.2021190193203.nc
2021-07-09T17:54:00+00:00,NOAA20,DAY,SUMMER,,0,0,0,360,CLDMSK_L2_VIIRS_NOAA20.A2021190.1754.001.2021191013913.nc
2025-03-06T06:30:00+00:00,SNPP,NIGHT,SPRING,1,0,0,0,1800,CLDMSK_L2_VIIRS_SNPP.A2025065.0630.002.2026034153456.nc
2025-03-06T08:12:00+00:00,SNPP,NIGHT,SPRING,0,0,0,0,0,CLDMSK_L2_VIIRS_SNPP.A2025065.0812.002.2026034153512.nc
2025-03-06T17:54:00+00:00,SNPP,DAY,SPRING,,0,0,0,360,CLDMSK_L2_VIIRS_SNPP.A2025065.1754.002.2026034153618.nc
2025-03-06T06:54:00+00:00,NOAA20,NIGHT,SPRING,0,0,0,0,360,CLDMSK_L2_VIIRS_NOAA20.A2025065.0654.001.2025065191343.nc
2025-03-06T18:18:00+00:00,NOAA20,DAY,SPRING,,0,0,0,1080,CLDMSK_L2_VIIRS_NOAA20.A2025065.1818.001.2025066073404.nc
2025-03-06T06:06:00+00:00,NOAA21,NIGHT,SPRING,1,0,0,0,360,CLDMSK_L2_VIIRS_NOAA21.A2025065.0606.001.2025065191547.nc
2025-03-06T07:42:00+00:00,NOAA21,NIGHT,SPRING,0,0,0,0,1080,CLDMSK_L2_VIIRS_NOAA21.A2025065.0742.001.2025065191537.nc
2025-03-06T17:30:00+00:00,NOAA21,DAY,SPRING,,0,0,0,1800,CLDMSK_L2_VIIRS_NOAA21.A2025065.1730.001.2025066013624.nc
2025-03-06T19:12:00+00:00,NOAA21,DAY,SPRING,,0,0,0,720,CLDMSK_L2_VIIRS_NOAA21.A2025065.1912.001.2025066073635.nc
2022-01-14T06:36:00+00:00,SNPP,NIGHT,WINTER,1,0,0,0,1440,CLDMSK_L2_VIIRS_SNPP.A2022014.0636.002.2026033035136.nc
2022-01-14T08:18:00+00:00,SNPP,NIGHT,WINTER,1,1,0,0,1080,CLDMSK_L2_VIIRS_SNPP.A2022014.0818.002.2026033035150.nc
2022-01-14T18:00:00+00:00,SNPP,DAY,WINTER,,0,0,1,0,CLDMSK_L2_VIIRS_SNPP.A2022014.1800.002.2026033035237.nc
2022-01-14T07:24:00+00:00,NOAA20,NIGHT,WINTER,1,0,0,0,1440,CLDMSK_L2_VIIRS_NOAA20.A2022014.0724.001.2022018155250.nc
2022-01-14T17:06:00+00:00,NOAA20,DAY,WINTER,,1,0,1,360,CLDMSK_L2_VIIRS_NOAA20.A2022014.1706.001.2022015013340.nc
2022-01-14T18:48:00+00:00,NOAA20,DAY,WINTER,,0,0,1,720,CLDMSK_L2_VIIRS_NOAA20.A2022014.1848.001.2022015072546.nc
2022-12-01T06:18:00+00:00,SNPP,NIGHT,WINTER,0,0,0,0,1080,CLDMSK_L2_VIIRS_SNPP.A2022335.0618.002.2026033131158.nc
2022-12-01T08:00:00+00:00,SNPP,NIGHT,WINTER,0,0,0,0,0,CLDMSK_L2_VIIRS_SNPP.A2022335.0800.002.2026033131213.nc
2022-12-01T17:42:00+00:00,SNPP,DAY,WINTER,,0,0,0,1080,CLDMSK_L2_VIIRS_SNPP.A2022335.1742.002.2026033131335.nc
2022-12-01T19:24:00+00:00,SNPP,DAY,WINTER,,0,0,0,1440,CLDMSK_L2_VIIRS_SNPP.A2022335.1924.002.2026033131338.nc
2022-12-01T07:06:00+00:00,NOAA20,NIGHT,WINTER,0,0,0,0,360,CLDMSK_L2_VIIRS_NOAA20.A2022335.0706.001.2022335192448.nc
2022-12-01T16:48:00+00:00,NOAA20,DAY,WINTER,,0,0,0,720,CLDMSK_L2_VIIRS_NOAA20.A2022335.1648.001.2022336050523.nc
2022-12-01T18:30:00+00:00,NOAA20,DAY,WINTER,,0,0,0,1800,CLDMSK_L2_VIIRS_NOAA20.A2022335.1830.001.2022336073514.nc
2023-09-02T07:00:00+00:00,SNPP,NIGHT,AUTUMN,1,0,0,1,0,CLDMSK_L2_VIIRS_SNPP.A2023245.0700.002.2026033224433.nc
2023-09-02T18:24:00+00:00,SNPP,DAY,AUTUMN,,0,0,0,1440,CLDMSK_L2_VIIRS_SNPP.A2023245.1824.002.2026033224530.nc
2023-09-02T06:12:00+00:00,NOAA20,NIGHT,AUTUMN,1,0,0,1,720,CLDMSK_L2_VIIRS_NOAA20.A2023245.0612.002.2025235061934.nc
2023-09-02T07:54:00+00:00,NOAA20,NIGHT,AUTUMN,1,0,0,0,360,CLDMSK_L2_VIIRS_NOAA20.A2023245.0754.002.2025235061921.nc
2023-09-02T17:36:00+00:00,NOAA20,DAY,AUTUMN,,0,0,0,1440,CLDMSK_L2_VIIRS_NOAA20.A2023245.1736.002.2025235062011.nc
2023-09-02T19:18:00+00:00,NOAA20,DAY,AUTUMN,,0,0,0,120,CLDMSK_L2_VIIRS_NOAA20.A2023245.1918.002.2025235061926.nc
2023-09-02T06:36:00+00:00,NOAA21,NIGHT,AUTUMN,1,0,0,1,1440,CLDMSK_L2_VIIRS_NOAA21.A2023245.0636.001.2024130191418.nc
2023-09-02T08:12:00+00:00,NOAA21,NIGHT,AUTUMN,1,0,0,0,720,CLDMSK_L2_VIIRS_NOAA21.A2023245.0812.001.2024130191456.nc
2023-09-02T18:00:00+00:00,NOAA21,DAY,AUTUMN,,0,0,0,0,CLDMSK_L2_VIIRS_NOAA21.A2023245.1800.001.2024130191521.nc
2022-05-16T06:48:00+00:00,SNPP,NIGHT,SPRING,1,0,0,0,720,CLDMSK_L2_VIIRS_SNPP.A2022136.0648.002.2026033073333.nc
2022-05-16T08:30:00+00:00,SNPP,NIGHT,SPRING,1,0,0,0,1800,CLDMSK_L2_VIIRS_SNPP.A2022136.0830.002.2026033073333.nc
2022-05-16T18:12:00+00:00,SNPP,DAY,SPRING,,0,0,0,120,CLDMSK_L2_VIIRS_SNPP.A2022136.1812.002.2026033073441.nc
2022-05-16T07:36:00+00:00,NOAA20,NIGHT,SPRING,1,0,0,0,1440,CLDMSK_L2_VIIRS_NOAA20.A2022136.0736.001.2022136203355.nc
2022-05-16T17:24:00+00:00,NOAA20,DAY,SPRING,,0,0,0,1440,CLDMSK_L2_VIIRS_NOAA20.A2022136.1724.001.2022137020223.nc
2022-05-16T19:06:00+00:00,NOAA20,DAY,SPRING,,0,0,0,360,CLDMSK_L2_VIIRS_NOAA20.A2022136.1906.001.2022137072046.nc
2025-02-05T07:12:00+00:00,SNPP,NIGHT,WINTER,0,0,0,0,720,CLDMSK_L2_VIIRS_SNPP.A2025036.0712.002.2026034144106.nc
2025-02-05T17:00:00+00:00,SNPP,DAY,WINTER,,0,0,0,0,CLDMSK_L2_VIIRS_SNPP.A2025036.1700.002.2026034144202.nc
2025-02-05T18:36:00+00:00,SNPP,DAY,WINTER,,0,0,0,1440,CLDMSK_L2_VIIRS_SNPP.A2025036.1836.002.2026034144156.nc
2025-02-05T07:36:00+00:00,NOAA20,NIGHT,WINTER,0,0,0,0,1440,CLDMSK_L2_VIIRS_NOAA20.A2025036.0736.001.2025036195445.nc
2025-02-05T17:18:00+00:00,NOAA20,DAY,WINTER,,0,0,0,1080,CLDMSK_L2_VIIRS_NOAA20.A2025036.1718.001.2025037053514.nc
2025-02-05T19:00:00+00:00,NOAA20,DAY,WINTER,,0,0,0,0,CLDMSK_L2_VIIRS_NOAA20.A2025036.1900.001.2025037073530.nc
2025-02-05T06:48:00+00:00,NOAA21,NIGHT,WINTER,0,0,0,0,720,CLDMSK_L2_VIIRS_NOAA21.A2025036.0648.001.2025036190655.nc
2025-02-05T08:30:00+00:00,NOAA21,NIGHT,WINTER,0,0,0,0,1800,CLDMSK_L2_VIIRS_NOAA21.A2025036.0830.001.2025036190643.nc
2025-02-05T18:12:00+00:00,NOAA21,DAY,WINTER,,0,0,0,720,CLDMSK_L2_VIIRS_NOAA21.A2025036.1812.001.2025037072717.nc
2023-08-31T06:00:00+00:00,SNPP,NIGHT,SUMMER,1,1,1,1,0,CLDMSK_L2_VIIRS_SNPP.A2023243.0600.002.2026033224027.nc
2023-08-31T07:42:00+00:00,SNPP,NIGHT,SUMMER,1,1,1,1,1080,CLDMSK_L2_VIIRS_SNPP.A2023243.0742.002.2026033224054.nc
2023-08-31T17:24:00+00:00,SNPP,DAY,SUMMER,,1,1,1,1440,CLDMSK_L2_VIIRS_SNPP.A2023243.1724.002.2026033224143.nc
2023-08-31T19:06:00+00:00,SNPP,DAY,SUMMER,,1,1,1,360,CLDMSK_L2_VIIRS_SNPP.A2023243.1906.002.2026033224155.nc
2023-08-31T06:48:00+00:00,NOAA20,NIGHT,SUMMER,1,1,1,1,720,CLDMSK_L2_VIIRS_NOAA20.A2023243.0648.002.2025235061113.nc
2023-08-31T08:30:00+00:00,NOAA20,NIGHT,SUMMER,1,1,1,1,1800,CLDMSK_L2_VIIRS_NOAA20.A2023243.0830.002.2025235061234.nc
2023-08-31T18:12:00+00:00,NOAA20,DAY,SUMMER,,1,1,1,720,CLDMSK_L2_VIIRS_NOAA20.A2023243.1812.002.2025235061542.nc
2023-08-31T07:12:00+00:00,NOAA21,NIGHT,SUMMER,1,1,1,1,720,CLDMSK_L2_VIIRS_NOAA21.A2023243.0712.001.2024130191348.nc
2023-08-31T16:54:00+00:00,NOAA21,DAY,SUMMER,,1,1,1,360,CLDMSK_L2_VIIRS_NOAA21.A2023243.1654.001.2024130191347.nc
2023-08-31T18:36:00+00:00,NOAA21,DAY,SUMMER,,1,1,1,1440,CLDMSK_L2_VIIRS_NOAA21.A2023243.1836.001.2024130191345.nc
2023-10-14T07:12:00+00:00,SNPP,NIGHT,AUTUMN,0,0,0,0,720,CLDMSK_L2_VIIRS_SNPP.A2023287.0712.002.2026034000210.nc
2023-10-14T17:00:00+00:00,SNPP,DAY,AUTUMN,,0,0,0,0,CLDMSK_L2_VIIRS_SNPP.A2023287.1700.002.2026034000313.nc
2023-10-14T18:36:00+00:00,SNPP,DAY,AUTUMN,,0,0,0,1440,CLDMSK_L2_VIIRS_SNPP.A2023287.1836.002.2026034000310.nc
2023-10-14T06:24:00+00:00,NOAA20,NIGHT,AUTUMN,0,0,0,0,1440,CLDMSK_L2_VIIRS_NOAA20.A2023287.0624.002.2025235083203.nc
2023-10-14T08:06:00+00:00,NOAA20,NIGHT,AUTUMN,0,0,0,0,360,CLDMSK_L2_VIIRS_NOAA20.A2023287.0806.002.2025235083151.nc
2023-10-14T17:48:00+00:00,NOAA20,DAY,AUTUMN,,0,0,0,720,CLDMSK_L2_VIIRS_NOAA20.A2023287.1748.002.2025235083323.nc
2023-10-14T06:48:00+00:00,NOAA21,NIGHT,AUTUMN,0,0,0,0,720,CLDMSK_L2_VIIRS_NOAA21.A2023287.0648.001.2024130192426.nc
2023-10-14T08:24:00+00:00,NOAA21,NIGHT,AUTUMN,0,0,0,0,1440,CLDMSK_L2_VIIRS_NOAA21.A2023287.0824.001.2024130192423.nc
2023-10-14T18:12:00+00:00,NOAA21,DAY,AUTUMN,,0,0,0,720,CLDMSK_L2_VIIRS_NOAA21.A2023287.1812.001.2024130192454.nc
2024-09-22T06:24:00+00:00,SNPP,NIGHT,AUTUMN,1,1,1,1,1440,CLDMSK_L2_VIIRS_SNPP.A2024266.0624.002.2026034103053.nc
2024-09-22T08:00:00+00:00,SNPP,NIGHT,AUTUMN,1,1,1,1,0,CLDMSK_L2_VIIRS_SNPP.A2024266.0800.002.2026034103109.nc
2024-09-22T17:48:00+00:00,SNPP,DAY,AUTUMN,,0,0,0,720,CLDMSK_L2_VIIRS_SNPP.A2024266.1748.002.2026034103204.nc
2024-09-22T06:48:00+00:00,NOAA20,NIGHT,AUTUMN,1,1,1,1,720,CLDMSK_L2_VIIRS_NOAA20.A2024266.0648.002.2025236022021.nc
2024-09-22T08:24:00+00:00,NOAA20,NIGHT,AUTUMN,1,1,1,1,1440,CLDMSK_L2_VIIRS_NOAA20.A2024266.0824.002.2025236022226.nc
2024-09-22T18:12:00+00:00,NOAA20,DAY,AUTUMN,,0,0,0,720,CLDMSK_L2_VIIRS_NOAA20.A2024266.1812.002.2025236022442.nc
2024-09-22T07:36:00+00:00,NOAA21,NIGHT,AUTUMN,1,1,1,1,1440,CLDMSK_L2_VIIRS_NOAA21.A2024266.0736.001.2024266191739.nc
2024-09-22T17:24:00+00:00,NOAA21,DAY,AUTUMN,,0,0,0,1440,CLDMSK_L2_VIIRS_NOAA21.A2024266.1724.001.2024267012809.nc
2024-09-22T19:00:00+00:00,NOAA21,DAY,AUTUMN,,0,0,0,0,CLDMSK_L2_VIIRS_NOAA21.A2024266.1900.001.2024267072816.nc
2022-10-30T06:18:00+00:00,SNPP,NIGHT,AUTUMN,0,1,1,1,1080,CLDMSK_L2_VIIRS_SNPP.A2022303.0618.002.2026033121259.nc
2022-10-30T08:00:00+00:00,SNPP,NIGHT,AUTUMN,0,1,1,1,0,CLDMSK_L2_VIIRS_SNPP.A2022303.0800.002.2026033121306.nc
2022-10-30T17:42:00+00:00,SNPP,DAY,AUTUMN,,0,0,0,1080,CLDMSK_L2_VIIRS_SNPP.A2022303.1742.002.2026033121415.nc
2022-10-30T19:24:00+00:00,SNPP,DAY,AUTUMN,,0,0,0,1440,CLDMSK_L2_VIIRS_SNPP.A2022303.1924.002.2026033121416.nc
2022-10-30T07:06:00+00:00,NOAA20,NIGHT,AUTUMN,0,1,1,1,360,CLDMSK_L2_VIIRS_NOAA20.A2022303.0706.001.2022303192449.nc
2022-10-30T16:48:00+00:00,NOAA20,DAY,AUTUMN,,0,0,0,720,CLDMSK_L2_VIIRS_NOAA20.A2022303.1648.001.2022304050504.nc
2022-10-30T18:30:00+00:00,NOAA20,DAY,AUTUMN,,0,0,0,1800,CLDMSK_L2_VIIRS_NOAA20.A2022303.1830.001.2022304073503.nc
2025-04-10T07:12:00+00:00,SNPP,NIGHT,SPRING,1,0,0,0,720,CLDMSK_L2_VIIRS_SNPP.A2025100.0712.002.2026034164144.nc
2025-04-10T17:00:00+00:00,SNPP,DAY,SPRING,,0,0,0,0,CLDMSK_L2_VIIRS_SNPP.A2025100.1700.002.2026034164238.nc
2025-04-10T18:36:00+00:00,SNPP,DAY,SPRING,,1,1,0,1440,CLDMSK_L2_VIIRS_SNPP.A2025100.1836.002.2026034164304.nc
2025-04-10T07:36:00+00:00,NOAA20,NIGHT,SPRING,1,0,0,0,1440,CLDMSK_L2_VIIRS_NOAA20.A2025100.0736.001.2025100195708.nc
2025-04-10T17:18:00+00:00,NOAA20,DAY,SPRING,,0,0,0,1080,CLDMSK_L2_VIIRS_NOAA20.A2025100.1718.001.2025101053750.nc
2025-04-10T19:00:00+00:00,NOAA20,DAY,SPRING,,1,1,0,0,CLDMSK_L2_VIIRS_NOAA20.A2025100.1900.001.2025101072739.nc
2025-04-10T06:48:00+00:00,NOAA21,NIGHT,SPRING,1,0,0,0,720,CLDMSK_L2_VIIRS_NOAA21.A2025100.0648.001.2025100185914.nc
2025-04-10T08:30:00+00:00,NOAA21,NIGHT,SPRING,1,0,0,0,1800,CLDMSK_L2_VIIRS_NOAA21.A2025100.0830.001.2025100185921.nc
2025-04-10T18:12:00+00:00,NOAA21,DAY,SPRING,,0,0,0,720,CLDMSK_L2_VIIRS_NOAA21.A2025100.1812.001.2025101073009.nc
2020-08-01T07:30:00+00:00,SNPP,NIGHT,SUMMER,1,0,0,1,1800,CLDMSK_L2_VIIRS_SNPP.A2020214.0730.002.2026032104941.nc
2020-08-01T17:18:00+00:00,SNPP,DAY,SUMMER,,1,1,0,1080,CLDMSK_L2_VIIRS_SNPP.A2020214.1718.002.2026032105046.nc
2020-08-01T18:54:00+00:00,SNPP,DAY,SUMMER,,0,0,0,360,CLDMSK_L2_VIIRS_SNPP.A2020214.1854.002.2026032105054.nc
2020-08-01T06:42:00+00:00,NOAA20,NIGHT,SUMMER,1,0,0,1,1080,CLDMSK_L2_VIIRS_NOAA20.A2020214.0642.001.2020294145449.nc
2020-08-01T08:24:00+00:00,NOAA20,NIGHT,SUMMER,0,0,0,1,1440,CLDMSK_L2_VIIRS_NOAA20.A2020214.0824.001.2020294145524.nc
2020-08-01T18:06:00+00:00,NOAA20,DAY,SUMMER,,1,1,0,360,CLDMSK_L2_VIIRS_NOAA20.A2020214.1806.001.2020294145509.nc
2023-12-04T06:18:00+00:00,SNPP,NIGHT,WINTER,1,0,0,0,180,CLDMSK_L2_VIIRS_SNPP.A2023338.0618.002.2026034013534.nc
2023-12-04T08:00:00+00:00,SNPP,NIGHT,WINTER,1,0,0,0,0,CLDMSK_L2_VIIRS_SNPP.A2023338.0800.002.2026034013547.nc
2023-12-04T17:42:00+00:00,SNPP,DAY,WINTER,,0,0,0,1080,CLDMSK_L2_VIIRS_SNPP.A2023338.1742.002.2026034013652.nc
2023-12-04T19:24:00+00:00,SNPP,DAY,WINTER,,0,0,0,600,CLDMSK_L2_VIIRS_SNPP.A2023338.1924.002.2026034013655.nc
2023-12-04T07:06:00+00:00,NOAA20,NIGHT,WINTER,1,0,0,0,360,CLDMSK_L2_VIIRS_NOAA20.A2023338.0706.002.2025235105553.nc
2023-12-04T16:54:00+00:00,NOAA20,DAY,WINTER,,0,0,0,360,CLDMSK_L2_VIIRS_NOAA20.A2023338.1654.002.2025235110050.nc
2023-12-04T18:30:00+00:00,NOAA20,DAY,WINTER,,0,0,0,1800,CLDMSK_L2_VIIRS_NOAA20.A2023338.1830.002.2025235110106.nc
2023-12-04T07:30:00+00:00,NOAA21,NIGHT,WINTER,1,0,0,0,1800,CLDMSK_L2_VIIRS_NOAA21.A2023338.0730.001.2024130193649.nc
2023-12-04T17:12:00+00:00,NOAA21,DAY,WINTER,,0,0,0,720,CLDMSK_L2_VIIRS_NOAA21.A2023338.1712.001.2024130193804.nc
2023-12-04T18:54:00+00:00,NOAA21,DAY,WINTER,,0,0,0,360,CLDMSK_L2_VIIRS_NOAA21.A2023338.1854.001.2024130193813.nc
2022-07-07T07:12:00+00:00,SNPP,NIGHT,SUMMER,0,1,1,1,720,CLDMSK_L2_VIIRS_SNPP.A2022188.0712.002.2026033090934.nc
2022-07-07T17:00:00+00:00,SNPP,DAY,SUMMER,,0,0,1,0,CLDMSK_L2_VIIRS_SNPP.A2022188.1700.002.2026033091041.nc
2022-07-07T18:36:00+00:00,SNPP,DAY,SUMMER,,0,1,0,1440,CLDMSK_L2_VIIRS_SNPP.A2022188.1836.002.2026033091040.nc
2022-07-07T06:24:00+00:00,NOAA20,NIGHT,SUMMER,0,0,0,1,1440,CLDMSK_L2_VIIRS_NOAA20.A2022188.0624.001.2022188192136.nc
2022-07-07T08:06:00+00:00,NOAA20,NIGHT,SUMMER,0,0,1,1,360,CLDMSK_L2_VIIRS_NOAA20.A2022188.0806.001.2022188203731.nc
2022-07-07T17:48:00+00:00,NOAA20,DAY,SUMMER,,1,1,1,720,CLDMSK_L2_VIIRS_NOAA20.A2022188.1748.001.2022189060710.nc
2020-06-13T06:12:00+00:00,SNPP,NIGHT,SUMMER,1,0,0,1,720,CLDMSK_L2_VIIRS_SNPP.A2020165.0612.002.2026032091934.nc
2020-06-13T07:48:00+00:00,SNPP,NIGHT,SUMMER,1,0,0,0,720,CLDMSK_L2_VIIRS_SNPP.A2020165.0748.002.2026032091948.nc
2020-06-13T17:36:00+00:00,SNPP,DAY,SUMMER,,1,1,1,1440,CLDMSK_L2_VIIRS_SNPP.A2020165.1736.002.2026032092039.nc
2020-06-13T19:12:00+00:00,SNPP,DAY,SUMMER,,1,1,1,720,CLDMSK_L2_VIIRS_SNPP.A2020165.1912.002.2026032092052.nc
2020-06-13T07:00:00+00:00,NOAA20,NIGHT,SUMMER,1,1,1,1,0,CLDMSK_L2_VIIRS_NOAA20.A2020165.0700.001.2020294161400.nc
2020-06-13T18:24:00+00:00,NOAA20,DAY,SUMMER,,1,1,1,1440,CLDMSK_L2_VIIRS_NOAA20.A2020165.1824.001.2020294161454.nc
2020-05-07T06:06:00+00:00,SNPP,NIGHT,SPRING,1,0,1,1,360,CLDMSK_L2_VIIRS_SNPP.A2020128.0606.002.2026032075332.nc
2020-05-07T07:42:00+00:00,SNPP,NIGHT,SPRING,1,0,0,1,1080,CLDMSK_L2_VIIRS_SNPP.A2020128.0742.002.2026032075339.nc
2020-05-07T17:30:00+00:00,SNPP,DAY,SPRING,,0,0,0,1800,CLDMSK_L2_VIIRS_SNPP.A2020128.1730.002.2026032075500.nc
2020-05-07T19:06:00+00:00,SNPP,DAY,SPRING,,0,0,0,360,CLDMSK_L2_VIIRS_SNPP.A2020128.1906.002.2026032075509.nc
2020-05-07T06:54:00+00:00,NOAA20,NIGHT,SPRING,1,1,1,1,360,CLDMSK_L2_VIIRS_NOAA20.A2020128.0654.001.2020294202133.nc
2020-05-07T18:18:00+00:00,NOAA20,DAY,SPRING,,0,0,0,1080,CLDMSK_L2_VIIRS_NOAA20.A2020128.1818.001.2020294202244.nc
2022-03-27T07:24:00+00:00,SNPP,NIGHT,SPRING,0,0,0,0,1440,CLDMSK_L2_VIIRS_SNPP.A2022086.0724.002.2026033060301.nc
2022-03-27T17:12:00+00:00,SNPP,DAY,SPRING,,0,0,0,720,CLDMSK_L2_VIIRS_SNPP.A2022086.1712.002.2026033060406.nc
2022-03-27T18:48:00+00:00,SNPP,DAY,SPRING,,0,0,0,720,CLDMSK_L2_VIIRS_SNPP.A2022086.1848.002.2026033060414.nc
2022-03-27T06:36:00+00:00,NOAA20,NIGHT,SPRING,0,0,0,0,1440,CLDMSK_L2_VIIRS_NOAA20.A2022086.0636.001.2022086193332.nc
2022-03-27T08:18:00+00:00,NOAA20,NIGHT,SPRING,0,0,0,0,1080,CLDMSK_L2_VIIRS_NOAA20.A2022086.0818.001.2022086193322.nc
2022-03-27T18:00:00+00:00,NOAA20,DAY,SPRING,,0,0,0,0,CLDMSK_L2_VIIRS_NOAA20.A2022086.1800.001.2022087073343.nc
2020-03-24T06:30:00+00:00,SNPP,NIGHT,SPRING,0,0,0,0,1800,CLDMSK_L2_VIIRS_SNPP.A2020084.0630.002.2026032060519.nc
2020-03-24T08:06:00+00:00,SNPP,NIGHT,SPRING,0,0,0,0,360,CLDMSK_L2_VIIRS_SNPP.A2020084.0806.002.2026032060533.nc
2020-03-24T17:54:00+00:00,SNPP,DAY,SPRING,,0,0,0,360,CLDMSK_L2_VIIRS_SNPP.A2020084.1754.002.2026032060644.nc
2020-03-24T07:18:00+00:00,NOAA20,NIGHT,SPRING,0,0,0,0,1080,CLDMSK_L2_VIIRS_NOAA20.A2020084.0718.001.2020294212712.nc
2020-03-24T17:06:00+00:00,NOAA20,DAY,SPRING,,0,0,0,360,CLDMSK_L2_VIIRS_NOAA20.A2020084.1706.001.2020294212818.nc
2020-03-24T18:42:00+00:00,NOAA20,DAY,SPRING,,0,0,0,1080,CLDMSK_L2_VIIRS_NOAA20.A2020084.1842.001.2020294212803.nc
2021-09-16T07:24:00+00:00,SNPP,NIGHT,AUTUMN,0,1,1,1,1440,CLDMSK_L2_VIIRS_SNPP.A2021259.0724.002.2026033001057.nc
2021-09-16T17:12:00+00:00,SNPP,DAY,AUTUMN,,1,1,0,720,CLDMSK_L2_VIIRS_SNPP.A2021259.1712.002.2026033001151.nc
2021-09-16T18:48:00+00:00,SNPP,DAY,AUTUMN,,1,1,1,720,CLDMSK_L2_VIIRS_SNPP.A2021259.1848.002.2026033001227.nc
2021-09-16T06:36:00+00:00,NOAA20,NIGHT,AUTUMN,0,1,1,1,1440,CLDMSK_L2_VIIRS_NOAA20.A2021259.0636.001.2021259193221.nc
2021-09-16T08:18:00+00:00,NOAA20,NIGHT,AUTUMN,0,1,1,1,1080,CLDMSK_L2_VIIRS_NOAA20.A2021259.0818.001.2021259193231.nc
2021-09-16T18:00:00+00:00,NOAA20,DAY,AUTUMN,,1,1,1,0,CLDMSK_L2_VIIRS_NOAA20.A2021259.1800.001.2021260072422.nc
2021-06-01T07:30:00+00:00,SNPP,NIGHT,SUMMER,1,0,0,0,1800,CLDMSK_L2_VIIRS_SNPP.A2021152.0730.002.2026032205635.nc
2021-06-01T17:18:00+00:00,SNPP,DAY,SUMMER,,0,0,0,1080,CLDMSK_L2_VIIRS_SNPP.A2021152.1718.002.2026032205802.nc
2021-06-01T18:54:00+00:00,SNPP,DAY,SUMMER,,0,0,0,360,CLDMSK_L2_VIIRS_SNPP.A2021152.1854.002.2026032205736.nc
2021-06-01T06:42:00+00:00,NOAA20,NIGHT,SUMMER,1,0,0,0,1080,CLDMSK_L2_VIIRS_NOAA20.A2021152.0642.001.2021152193715.nc
2021-06-01T18:06:00+00:00,NOAA20,DAY,SUMMER,,1,0,0,360,CLDMSK_L2_VIIRS_NOAA20.A2021152.1806.001.2021153072905.nc
2025-04-23T06:30:00+00:00,SNPP,NIGHT,SPRING,0,0,0,0,1800,CLDMSK_L2_VIIRS_SNPP.A2025113.0630.002.2026034170534.nc
2025-04-23T08:12:00+00:00,SNPP,NIGHT,SPRING,0,0,0,0,720,CLDMSK_L2_VIIRS_SNPP.A2025113.0812.002.2026034170543.nc
2025-04-23T17:54:00+00:00,SNPP,DAY,SPRING,,0,0,0,360,CLDMSK_L2_VIIRS_SNPP.A2025113.1754.002.2026034170637.nc
2025-04-23T06:54:00+00:00,NOAA20,NIGHT,SPRING,0,0,0,0,360,CLDMSK_L2_VIIRS_NOAA20.A2025113.0654.001.2025113191634.nc
2025-04-23T08:30:00+00:00,NOAA20,NIGHT,SPRING,1,0,0,0,1800,CLDMSK_L2_VIIRS_NOAA20.A2025113.0830.001.2025113204628.nc
2025-04-23T18:18:00+00:00,NOAA20,DAY,SPRING,,0,0,0,1080,CLDMSK_L2_VIIRS_NOAA20.A2025113.1818.001.2025114073652.nc
2025-04-23T06:06:00+00:00,NOAA21,NIGHT,SPRING,0,0,0,0,360,CLDMSK_L2_VIIRS_NOAA21.A2025113.0606.001.2025113185828.nc
2025-04-23T07:42:00+00:00,NOAA21,NIGHT,SPRING,0,0,0,0,1080,CLDMSK_L2_VIIRS_NOAA21.A2025113.0742.001.2025113185835.nc
2025-04-23T17:30:00+00:00,NOAA21,DAY,SPRING,,1,1,0,1800,CLDMSK_L2_VIIRS_NOAA21.A2025113.1730.001.2025114012908.nc
2025-04-23T19:06:00+00:00,NOAA21,DAY,SPRING,,0,0,0,360,CLDMSK_L2_VIIRS_NOAA21.A2025113.1906.001.2025114072910.nc
2021-04-13T06:12:00+00:00,SNPP,NIGHT,SPRING,0,0,0,0,720,CLDMSK_L2_VIIRS_SNPP.A2021103.0612.002.2026032192552.nc
2021-04-13T07:48:00+00:00,SNPP,NIGHT,SPRING,0,0,0,0,720,CLDMSK_L2_VIIRS_SNPP.A2021103.0748.002.2026032192604.nc
2021-04-13T17:36:00+00:00,SNPP,DAY,SPRING,,0,0,0,1440,CLDMSK_L2_VIIRS_SNPP.A2021103.1736.002.2026032192704.nc
2021-04-13T19:12:00+00:00,SNPP,DAY,SPRING,,1,0,0,720,CLDMSK_L2_VIIRS_SNPP.A2021103.1912.002.2026032192716.nc
2021-04-13T07:00:00+00:00,NOAA20,NIGHT,SPRING,0,0,0,0,0,CLDMSK_L2_VIIRS_NOAA20.A2021103.0700.001.2021103191733.nc
2021-04-13T18:24:00+00:00,NOAA20,DAY,SPRING,,0,0,0,1440,CLDMSK_L2_VIIRS_NOAA20.A2021103.1824.001.2021104072045.nc
2022-06-11T07:00:00+00:00,SNPP,NIGHT,SUMMER,1,0,0,0,0,CLDMSK_L2_VIIRS_SNPP.A2022162.0700.002.2026033082129.nc
2022-06-11T18:24:00+00:00,SNPP,DAY,SUMMER,,1,0,0,1440,CLDMSK_L2_VIIRS_SNPP.A2022162.1824.002.2026033082238.nc
2022-06-11T06:12:00+00:00,NOAA20,NIGHT,SUMMER,1,0,0,0,720,CLDMSK_L2_VIIRS_NOAA20.A2022162.0612.001.2022162193941.nc
2022-06-11T07:48:00+00:00,NOAA20,NIGHT,SUMMER,0,0,0,0,720,CLDMSK_L2_VIIRS_NOAA20.A2022162.0748.001.2022162205135.nc
2022-06-11T17:36:00+00:00,NOAA20,DAY,SUMMER,,0,0,0,1440,CLDMSK_L2_VIIRS_NOAA20.A2022162.1736.001.2022163062521.nc
2022-06-11T19:18:00+00:00,NOAA20,DAY,SUMMER,,0,0,0,1080,CLDMSK_L2_VIIRS_NOAA20.A2022162.1918.001.2022163074559.nc
2022-11-15T06:18:00+00:00,SNPP,NIGHT,AUTUMN,1,0,0,1,1080,CLDMSK_L2_VIIRS_SNPP.A2022319.0618.002.2026033124252.nc
2022-11-15T08:00:00+00:00,SNPP,NIGHT,AUTUMN,1,0,0,0,0,CLDMSK_L2_VIIRS_SNPP.A2022319.0800.002.2026033124259.nc
2022-11-15T17:42:00+00:00,SNPP,DAY,AUTUMN,,0,0,0,60,CLDMSK_L2_VIIRS_SNPP.A2022319.1742.002.2026033124349.nc
2022-11-15T19:24:00+00:00,SNPP,DAY,AUTUMN,,0,0,0,120,CLDMSK_L2_VIIRS_SNPP.A2022319.1924.002.2026033124410.nc
2022-11-15T07:06:00+00:00,NOAA20,NIGHT,AUTUMN,1,0,0,0,360,CLDMSK_L2_VIIRS_NOAA20.A2022319.0706.001.2022319192120.nc
2022-11-15T16:48:00+00:00,NOAA20,DAY,AUTUMN,,0,0,0,300,CLDMSK_L2_VIIRS_NOAA20.A2022319.1648.001.2022320051144.nc
2022-11-15T18:30:00+00:00,NOAA20,DAY,AUTUMN,,0,0,0,660,CLDMSK_L2_VIIRS_NOAA20.A2022319.1830.001.2022320074145.nc
2024-02-19T07:12:00+00:00,SNPP,NIGHT,WINTER,1,1,0,0,720,CLDMSK_L2_VIIRS_SNPP.A2024050.0712.002.2026034035656.nc
2024-02-19T17:00:00+00:00,SNPP,DAY,WINTER,,0,0,1,0,CLDMSK_L2_VIIRS_SNPP.A2024050.1700.002.2026034035754.nc
2024-02-19T18:36:00+00:00,SNPP,DAY,WINTER,,0,0,0,1440,CLDMSK_L2_VIIRS_SNPP.A2024050.1836.002.2026034035809.nc
2024-02-19T06:24:00+00:00,NOAA20,NIGHT,WINTER,1,1,0,0,1440,CLDMSK_L2_VIIRS_NOAA20.A2024050.0624.002.2025235145926.nc
2024-02-19T08:06:00+00:00,NOAA20,NIGHT,WINTER,1,1,0,0,360,CLDMSK_L2_VIIRS_NOAA20.A2024050.0806.002.2025235145904.nc
2024-02-19T17:48:00+00:00,NOAA20,DAY,WINTER,,0,0,0,720,CLDMSK_L2_VIIRS_NOAA20.A2024050.1748.002.2025235145937.nc
2024-02-19T06:48:00+00:00,NOAA21,NIGHT,WINTER,1,0,0,0,720,CLDMSK_L2_VIIRS_NOAA21.A2024050.0648.001.2024130195642.nc
2024-02-19T08:24:00+00:00,NOAA21,NIGHT,WINTER,1,0,0,0,1440,CLDMSK_L2_VIIRS_NOAA21.A2024050.0824.001.2024130195627.nc
2024-02-19T18:12:00+00:00,NOAA21,DAY,WINTER,,0,0,0,720,CLDMSK_L2_VIIRS_NOAA21.A2024050.1812.001.2024130195728.nc
2021-11-18T06:06:00+00:00,SNPP,NIGHT,AUTUMN,1,0,0,0,0,CLDMSK_L2_VIIRS_SNPP.A2021322.0606.002.2026033020657.nc
2021-11-18T07:48:00+00:00,SNPP,NIGHT,AUTUMN,1,0,0,0,720,CLDMSK_L2_VIIRS_SNPP.A2021322.0748.002.2026033020717.nc
2021-11-18T17:30:00+00:00,SNPP,DAY,AUTUMN,,0,0,0,1800,CLDMSK_L2_VIIRS_SNPP.A2021322.1730.002.2026033020810.nc
2021-11-18T06:54:00+00:00,NOAA20,NIGHT,AUTUMN,1,0,0,0,360,CLDMSK_L2_VIIRS_NOAA20.A2021322.0654.001.2021322194450.nc
2021-11-18T18:18:00+00:00,NOAA20,DAY,AUTUMN,,0,0,0,1080,CLDMSK_L2_VIIRS_NOAA20.A2021322.1818.001.2021323073742.nc
2021-11-01T06:24:00+00:00,SNPP,NIGHT,AUTUMN,0,1,1,1,1440,CLDMSK_L2_VIIRS_SNPP.A2021305.0624.002.2026033013554.nc
2021-11-01T08:06:00+00:00,SNPP,NIGHT,AUTUMN,0,1,1,1,360,CLDMSK_L2_VIIRS_SNPP.A2021305.0806.002.2026033013559.nc
2021-11-01T17:48:00+00:00,SNPP,DAY,AUTUMN,,1,1,0,720,CLDMSK_L2_VIIRS_SNPP.A2021305.1748.002.2026033013715.nc
2021-11-01T07:12:00+00:00,NOAA20,NIGHT,AUTUMN,0,1,1,1,720,CLDMSK_L2_VIIRS_NOAA20.A2021305.0712.001.2021305194031.nc
2021-11-01T17:00:00+00:00,NOAA20,DAY,AUTUMN,,1,1,0,0,CLDMSK_L2_VIIRS_NOAA20.A2021305.1700.001.2021306014322.nc
2021-11-01T18:36:00+00:00,NOAA20,DAY,AUTUMN,,1,0,0,1440,CLDMSK_L2_VIIRS_NOAA20.A2021305.1836.001.2021306072627.nc
2023-06-28T07:42:00+00:00,SNPP,NIGHT,SUMMER,0,0,0,0,1080,CLDMSK_L2_VIIRS_SNPP.A2023179.0742.002.2026033203711.nc
2023-06-28T17:24:00+00:00,SNPP,DAY,SUMMER,,0,0,0,1440,CLDMSK_L2_VIIRS_SNPP.A2023179.1724.002.2026033203814.nc
2023-06-28T19:06:00+00:00,SNPP,DAY,SUMMER,,0,0,1,360,CLDMSK_L2_VIIRS_SNPP.A2023179.1906.002.2026033203845.nc
2023-06-28T06:48:00+00:00,NOAA20,NIGHT,SUMMER,0,0,0,0,720,CLDMSK_L2_VIIRS_NOAA20.A2023179.0648.001.2023233212310.nc
2023-06-28T18:12:00+00:00,NOAA20,DAY,SUMMER,,1,0,0,720,CLDMSK_L2_VIIRS_NOAA20.A2023179.1812.001.2023233212427.nc
2023-06-28T07:12:00+00:00,NOAA21,NIGHT,SUMMER,0,0,0,0,720,CLDMSK_L2_VIIRS_NOAA21.A2023179.0712.001.2024130185955.nc
2023-06-28T16:54:00+00:00,NOAA21,DAY,SUMMER,,0,0,0,360,CLDMSK_L2_VIIRS_NOAA21.A2023179.1654.001.2024130190038.nc
2023-06-28T18:36:00+00:00,NOAA21,DAY,SUMMER,,1,0,1,1440,CLDMSK_L2_VIIRS_NOAA21.A2023179.1836.001.2024130190027.nc
2020-04-15T06:18:00+00:00,SNPP,NIGHT,SPRING,0,0,1,1,1080,CLDMSK_L2_VIIRS_SNPP.A2020106.0618.002.2026032065920.nc
2020-04-15T07:54:00+00:00,SNPP,NIGHT,SPRING,1,0,1,1,360,CLDMSK_L2_VIIRS_SNPP.A2020106.0754.002.2026032065920.nc
2020-04-15T17:42:00+00:00,SNPP,DAY,SPRING,,0,0,0,1080,CLDMSK_L2_VIIRS_SNPP.A2020106.1742.002.2026032070052.nc
2020-04-15T19:24:00+00:00,SNPP,DAY,SPRING,,0,0,0,1440,CLDMSK_L2_VIIRS_SNPP.A2020106.1924.002.2026032070050.nc
2020-04-15T07:06:00+00:00,NOAA20,NIGHT,SPRING,0,1,1,1,360,CLDMSK_L2_VIIRS_NOAA20.A2020106.0706.001.2020294205626.nc
2020-04-15T16:54:00+00:00,NOAA20,DAY,SPRING,,0,0,0,360,CLDMSK_L2_VIIRS_NOAA20.A2020106.1654.001.2020294205701.nc
2020-04-15T18:30:00+00:00,NOAA20,DAY,SPRING,,0,0,0,360,CLDMSK_L2_VIIRS_NOAA20.A2020106.1830.001.2020294205717.nc
2023-07-01T06:42:00+00:00,SNPP,NIGHT,SUMMER,1,1,1,0,1080,CLDMSK_L2_VIIRS_SNPP.A2023182.0642.002.2026033204245.nc
2023-07-01T18:06:00+00:00,SNPP,DAY,SUMMER,,0,0,0,360,CLDMSK_L2_VIIRS_SNPP.A2023182.1806.002.2026033204350.nc
2023-07-01T07:30:00+00:00,NOAA20,NIGHT,SUMMER,0,1,0,0,1800,CLDMSK_L2_VIIRS_NOAA20.A2023182.0730.001.2023233212459.nc
2023-07-01T17:18:00+00:00,NOAA20,DAY,SUMMER,,0,0,0,1080,CLDMSK_L2_VIIRS_NOAA20.A2023182.1718.001.2023233212437.nc
2023-07-01T19:00:00+00:00,NOAA20,DAY,SUMMER,,0,0,0,0,CLDMSK_L2_VIIRS_NOAA20.A2023182.1900.001.2023233212537.nc
2023-07-01T06:12:00+00:00,NOAA21,NIGHT,SUMMER,1,1,1,0,720,CLDMSK_L2_VIIRS_NOAA21.A2023182.0612.001.2024130190105.nc
2023-07-01T07:54:00+00:00,NOAA21,NIGHT,SUMMER,0,0,1,0,360,CLDMSK_L2_VIIRS_NOAA21.A2023182.0754.001.2024130190126.nc
2023-07-01T17:42:00+00:00,NOAA21,DAY,SUMMER,,0,0,0,1080,CLDMSK_L2_VIIRS_NOAA21.A2023182.1742.001.2024130190142.nc
2023-07-01T19:18:00+00:00,NOAA21,DAY,SUMMER,,0,0,0,1080,CLDMSK_L2_VIIRS_NOAA21.A2023182.1918.001.2024130190159.nc
2024-03-17T07:06:00+00:00,SNPP,NIGHT,SPRING,1,0,0,0,360,CLDMSK_L2_VIIRS_SNPP.A2024077.0706.002.2026034044616.nc
2024-03-17T16:54:00+00:00,SNPP,DAY,SPRING,,0,0,0,60,CLDMSK_L2_VIIRS_SNPP.A2024077.1654.002.2026034044724.nc
2024-03-17T18:30:00+00:00,SNPP,DAY,SPRING,,0,0,0,1140,CLDMSK_L2_VIIRS_SNPP.A2024077.1830.002.2026034044735.nc
2024-03-17T06:18:00+00:00,NOAA20,NIGHT,SPRING,1,0,0,0,1080,CLDMSK_L2_VIIRS_NOAA20.A2024077.0618.002.2025235155948.nc
2024-03-17T07:54:00+00:00,NOAA20,NIGHT,SPRING,0,0,0,0,360,CLDMSK_L2_VIIRS_NOAA20.A2024077.0754.002.2025235155938.nc
2024-03-17T17:42:00+00:00,NOAA20,DAY,SPRING,,0,0,0,300,CLDMSK_L2_VIIRS_NOAA20.A2024077.1742.002.2025235160045.nc
2024-03-17T19:24:00+00:00,NOAA20,DAY,SPRING,,0,0,0,1440,CLDMSK_L2_VIIRS_NOAA20.A2024077.1924.002.2025235160038.nc
2024-03-17T06:42:00+00:00,NOAA21,NIGHT,SPRING,1,0,0,0,1080,CLDMSK_L2_VIIRS_NOAA21.A2024077.0642.001.2024130200321.nc
2024-03-17T08:18:00+00:00,NOAA21,NIGHT,SPRING,0,0,0,0,240,CLDMSK_L2_VIIRS_NOAA21.A2024077.0818.001.2024130200331.nc
2024-03-17T18:06:00+00:00,NOAA21,DAY,SPRING,,0,0,0,360,CLDMSK_L2_VIIRS_NOAA21.A2024077.1806.001.2024130200353.nc
2024-06-12T06:36:00+00:00,SNPP,NIGHT,SUMMER,0,0,0,0,1440,CLDMSK_L2_VIIRS_SNPP.A2024164.0636.002.2026034072547.nc
2024-06-12T18:00:00+00:00,SNPP,DAY,SUMMER,,1,1,1,0,CLDMSK_L2_VIIRS_SNPP.A2024164.1800.002.2026034072651.nc
2024-06-12T07:00:00+00:00,NOAA20,NIGHT,SUMMER,0,0,0,0,0,CLDMSK_L2_VIIRS_NOAA20.A2024164.0700.002.2025235205539.nc
2024-06-12T18:24:00+00:00,NOAA20,DAY,SUMMER,,1,1,1,1440,CLDMSK_L2_VIIRS_NOAA20.A2024164.1824.002.2025235205712.nc
2024-06-12T06:12:00+00:00,NOAA21,NIGHT,SUMMER,0,0,0,0,720,CLDMSK_L2_VIIRS_NOAA21.A2024164.0612.001.2024164191417.nc
2024-06-12T07:48:00+00:00,NOAA21,NIGHT,SUMMER,0,0,0,0,720,CLDMSK_L2_VIIRS_NOAA21.A2024164.0748.001.2024164191434.nc
2024-06-12T17:36:00+00:00,NOAA21,DAY,SUMMER,,1,1,1,1440,CLDMSK_L2_VIIRS_NOAA21.A2024164.1736.001.2024165011540.nc
2024-06-12T19:12:00+00:00,NOAA21,DAY,SUMMER,,1,0,1,720,CLDMSK_L2_VIIRS_NOAA21.A2024164.1912.001.2024165072512.nc
2022-03-23T07:00:00+00:00,SNPP,NIGHT,SPRING,1,0,0,0,0,CLDMSK_L2_VIIRS_SNPP.A2022082.0700.002.2026033055528.nc
2022-03-23T18:24:00+00:00,SNPP,DAY,SPRING,,0,0,0,1440,CLDMSK_L2_VIIRS_SNPP.A2022082.1824.002.2026033055646.nc
2022-03-23T06:12:00+00:00,NOAA20,NIGHT,SPRING,1,0,0,0,720,CLDMSK_L2_VIIRS_NOAA20.A2022082.0612.001.2022082194900.nc
2022-03-23T07:48:00+00:00,NOAA20,NIGHT,SPRING,1,0,0,0,720,CLDMSK_L2_VIIRS_NOAA20.A2022082.0748.001.2022082194900.nc
2022-03-23T17:36:00+00:00,NOAA20,DAY,SPRING,,0,0,0,1440,CLDMSK_L2_VIIRS_NOAA20.A2022082.1736.001.2022083014826.nc
2022-03-23T19:18:00+00:00,NOAA20,DAY,SPRING,,0,0,0,840,CLDMSK_L2_VIIRS_NOAA20.A2022082.1918.001.2022083074409.nc
2020-11-07T06:54:00+00:00,SNPP,NIGHT,AUTUMN,1,0,0,1,360,CLDMSK_L2_VIIRS_SNPP.A2020312.0654.002.2026032135050.nc
2020-11-07T08:36:00+00:00,SNPP,NIGHT,AUTUMN,1,1,1,1,1440,CLDMSK_L2_VIIRS_SNPP.A2020312.0836.002.2026032135058.nc
2020-11-07T18:18:00+00:00,SNPP,DAY,AUTUMN,,0,0,0,1080,CLDMSK_L2_VIIRS_SNPP.A2020312.1818.002.2026032135201.nc
2020-11-07T06:00:00+00:00,NOAA20,NIGHT,AUTUMN,1,1,0,0,0,CLDMSK_L2_VIIRS_NOAA20.A2020312.0600.001.2020312190942.nc
2020-11-07T06:06:00+00:00,NOAA20,NIGHT,AUTUMN,1,1,1,0,360,CLDMSK_L2_VIIRS_NOAA20.A2020312.0606.001.2020312190941.nc
2020-11-07T07:42:00+00:00,NOAA20,NIGHT,AUTUMN,1,1,1,1,1080,CLDMSK_L2_VIIRS_NOAA20.A2020312.0742.001.2020312190940.nc
2020-11-07T17:30:00+00:00,NOAA20,DAY,AUTUMN,,0,0,0,1800,CLDMSK_L2_VIIRS_NOAA20.A2020312.1730.001.2020313011201.nc
2020-11-07T19:06:00+00:00,NOAA20,DAY,AUTUMN,,0,0,0,360,CLDMSK_L2_VIIRS_NOAA20.A2020312.1906.001.2020313071510.nc
2022-09-21T06:48:00+00:00,SNPP,NIGHT,AUTUMN,0,1,1,1,720,CLDMSK_L2_VIIRS_SNPP.A2022264.0648.002.2026033110058.nc
2022-09-21T08:30:00+00:00,SNPP,NIGHT,AUTUMN,0,1,1,1,1800,CLDMSK_L2_VIIRS_SNPP.A2022264.0830.002.2026033110102.nc
2022-09-21T18:12:00+00:00,SNPP,DAY,AUTUMN,,0,0,0,720,CLDMSK_L2_VIIRS_SNPP.A2022264.1812.002.2026033110157.nc
2022-09-21T07:36:00+00:00,NOAA20,NIGHT,AUTUMN,0,1,1,1,1440,CLDMSK_L2_VIIRS_NOAA20.A2022264.0736.001.2022264201706.nc
2022-09-21T17:24:00+00:00,NOAA20,DAY,AUTUMN,,0,0,0,60,CLDMSK_L2_VIIRS_NOAA20.A2022264.1724.001.2022265054951.nc
2022-09-21T19:00:00+00:00,NOAA20,DAY,AUTUMN,,0,0,0,0,CLDMSK_L2_VIIRS_NOAA20.A2022264.1900.001.2022265080331.nc
2021-02-21T07:06:00+00:00,SNPP,NIGHT,WINTER,1,1,1,0,360,CLDMSK_L2_VIIRS_SNPP.A2021052.0706.002.2026032175251.nc
2021-02-21T16:48:00+00:00,SNPP,DAY,WINTER,,0,0,1,720,CLDMSK_L2_VIIRS_SNPP.A2021052.1648.002.2026032175413.nc
2021-02-21T18:30:00+00:00,SNPP,DAY,WINTER,,0,0,1,1800,CLDMSK_L2_VIIRS_SNPP.A2021052.1830.002.2026032175358.nc
2021-02-21T06:18:00+00:00,NOAA20,NIGHT,WINTER,1,0,0,0,1080,CLDMSK_L2_VIIRS_NOAA20.A2021052.0618.001.2021052190509.nc
2021-02-21T07:54:00+00:00,NOAA20,NIGHT,WINTER,1,0,0,1,360,CLDMSK_L2_VIIRS_NOAA20.A2021052.0754.001.2021052190523.nc
2021-02-21T17:42:00+00:00,NOAA20,DAY,WINTER,,0,0,1,1080,CLDMSK_L2_VIIRS_NOAA20.A2021052.1742.001.2021053011615.nc
2021-02-21T19:24:00+00:00,NOAA20,DAY,WINTER,,0,0,1,1440,CLDMSK_L2_VIIRS_NOAA20.A2021052.1924.001.2021053070805.nc
2023-05-20T06:30:00+00:00,SNPP,NIGHT,SPRING,0,0,0,0,1800,CLDMSK_L2_VIIRS_SNPP.A2023140.0630.002.2026033192436.nc
2023-05-20T08:12:00+00:00,SNPP,NIGHT,SPRING,0,0,0,0,720,CLDMSK_L2_VIIRS_SNPP.A2023140.0812.002.2026033192435.nc
2023-05-20T17:54:00+00:00,SNPP,DAY,SPRING,,0,0,0,360,CLDMSK_L2_VIIRS_SNPP.A2023140.1754.002.2026033192557.nc
2023-05-20T07:18:00+00:00,NOAA20,NIGHT,SPRING,0,0,0,0,1080,CLDMSK_L2_VIIRS_NOAA20.A2023140.0718.001.2023233210019.nc
2023-05-20T17:06:00+00:00,NOAA20,DAY,SPRING,,0,0,0,360,CLDMSK_L2_VIIRS_NOAA20.A2023140.1706.001.2023233210120.nc
2023-05-20T18:42:00+00:00,NOAA20,DAY,SPRING,,1,0,0,1080,CLDMSK_L2_VIIRS_NOAA20.A2023140.1842.001.2023233210050.nc
2023-05-20T06:00:00+00:00,NOAA21,NIGHT,SPRING,0,0,0,0,0,CLDMSK_L2_VIIRS_NOAA21.A2023140.0600.001.2024130185116.nc
2023-05-20T07:42:00+00:00,NOAA21,NIGHT,SPRING,0,0,0,0,1080,CLDMSK_L2_VIIRS_NOAA21.A2023140.0742.001.2024130185059.nc
2023-05-20T17:30:00+00:00,NOAA21,DAY,SPRING,,0,0,0,180,CLDMSK_L2_VIIRS_NOAA21.A2023140.1730.001.2024130185157.nc
2023-05-20T19:06:00+00:00,NOAA21,DAY,SPRING,,0,0,0,360,CLDMSK_L2_VIIRS_NOAA21.A2023140.1906.001.2024130185132.nc
2020-06-17T06:36:00+00:00,SNPP,NIGHT,SUMMER,0,1,1,1,1440,CLDMSK_L2_VIIRS_SNPP.A2020169.0636.002.2026032092722.nc
2020-06-17T08:12:00+00:00,SNPP,NIGHT,SUMMER,0,1,1,1,720,CLDMSK_L2_VIIRS_SNPP.A2020169.0812.002.2026032092758.nc
2020-06-17T18:00:00+00:00,SNPP,DAY,SUMMER,,1,1,1,0,CLDMSK_L2_VIIRS_SNPP.A2020169.1800.002.2026032092833.nc
2020-06-17T07:24:00+00:00,NOAA20,NIGHT,SUMMER,0,1,1,1,1440,CLDMSK_L2_VIIRS_NOAA20.A2020169.0724.001.2020294160736.nc
2020-06-17T17:12:00+00:00,NOAA20,DAY,SUMMER,,1,1,1,720,CLDMSK_L2_VIIRS_NOAA20.A2020169.1712.001.2020294160822.nc
2020-06-17T18:48:00+00:00,NOAA20,DAY,SUMMER,,1,1,1,720,CLDMSK_L2_VIIRS_NOAA20.A2020169.1848.001.2020294160925.nc
2023-11-23T06:24:00+00:00,SNPP,NIGHT,AUTUMN,1,0,0,0,1440,CLDMSK_L2_VIIRS_SNPP.A2023327.0624.002.2026034011512.nc
2023-11-23T08:06:00+00:00,SNPP,NIGHT,AUTUMN,0,0,0,0,360,CLDMSK_L2_VIIRS_SNPP.A2023327.0806.002.2026034011527.nc
2023-11-23T17:48:00+00:00,SNPP,DAY,AUTUMN,,0,0,0,720,CLDMSK_L2_VIIRS_SNPP.A2023327.1748.002.2026034011617.nc
2023-11-23T07:12:00+00:00,NOAA20,NIGHT,AUTUMN,1,0,0,0,720,CLDMSK_L2_VIIRS_NOAA20.A2023327.0712.002.2025235102023.nc
2023-11-23T17:00:00+00:00,NOAA20,DAY,AUTUMN,,0,0,0,0,CLDMSK_L2_VIIRS_NOAA20.A2023327.1700.002.2025235102247.nc
2023-11-23T18:36:00+00:00,NOAA20,DAY,AUTUMN,,0,0,0,1440,CLDMSK_L2_VIIRS_NOAA20.A2023327.1836.002.2025235102257.nc
2023-11-23T07:36:00+00:00,NOAA21,NIGHT,AUTUMN,1,0,0,0,1440,CLDMSK_L2_VIIRS_NOAA21.A2023327.0736.001.2024130193313.nc
2023-11-23T17:18:00+00:00,NOAA21,DAY,AUTUMN,,0,0,0,1080,CLDMSK_L2_VIIRS_NOAA21.A2023327.1718.001.2024130193346.nc
2023-11-23T19:00:00+00:00,NOAA21,DAY,AUTUMN,,0,0,0,0,CLDMSK_L2_VIIRS_NOAA21.A2023327.1900.001.2024130193418.nc
2025-12-22T07:18:00+00:00,SNPP,NIGHT,WINTER,0,0,0,0,1080,CLDMSK_L2_VIIRS_SNPP.A2025356.0718.002.2026063202358.nc
2025-12-22T17:00:00+00:00,SNPP,DAY,WINTER,,0,0,0,0,CLDMSK_L2_VIIRS_SNPP.A2025356.1700.002.2026063202529.nc
2025-12-22T18:42:00+00:00,SNPP,DAY,WINTER,,0,0,0,1080,CLDMSK_L2_VIIRS_SNPP.A2025356.1842.002.2026063202557.nc
2025-12-22T07:42:00+00:00,NOAA20,NIGHT,WINTER,0,0,0,0,1080,CLDMSK_L2_VIIRS_NOAA20.A2025356.0742.001.2025356195554.nc
2025-12-22T17:24:00+00:00,NOAA20,DAY,WINTER,,0,0,0,1440,CLDMSK_L2_VIIRS_NOAA20.A2025356.1724.002.2025357053634.nc
2025-12-22T19:06:00+00:00,NOAA20,DAY,WINTER,,0,0,0,360,CLDMSK_L2_VIIRS_NOAA20.A2025356.1906.001.2025357073647.nc
2025-12-22T06:48:00+00:00,NOAA21,NIGHT,WINTER,0,1,0,0,720,CLDMSK_L2_VIIRS_NOAA21.A2025356.0648.001.2025356190951.nc
2025-12-22T08:30:00+00:00,NOAA21,NIGHT,WINTER,0,0,0,0,1800,CLDMSK_L2_VIIRS_NOAA21.A2025356.0830.001.2025356190958.nc
2025-12-22T18:12:00+00:00,NOAA21,DAY,WINTER,,0,0,0,720,CLDMSK_L2_VIIRS_NOAA21.A2025356.1812.001.2025357074048.nc
2024-02-26T06:42:00+00:00,SNPP,NIGHT,WINTER,1,0,0,0,120,CLDMSK_L2_VIIRS_SNPP.A2024057.0642.002.2026034040945.nc
2024-02-26T08:24:00+00:00,SNPP,NIGHT,WINTER,1,1,1,0,1440,CLDMSK_L2_VIIRS_SNPP.A2024057.0824.002.2026034040943.nc
2024-02-26T18:06:00+00:00,SNPP,DAY,WINTER,,0,0,1,360,CLDMSK_L2_VIIRS_SNPP.A2024057.1806.002.2026034041044.nc
2024-02-26T07:30:00+00:00,NOAA20,NIGHT,WINTER,1,0,0,0,1800,CLDMSK_L2_VIIRS_NOAA20.A2024057.0730.002.2025235151455.nc
2024-02-26T17:18:00+00:00,NOAA20,DAY,WINTER,,1,1,1,1080,CLDMSK_L2_VIIRS_NOAA20.A2024057.1718.002.2025235151533.nc
2024-02-26T18:54:00+00:00,NOAA20,DAY,WINTER,,0,0,1,360,CLDMSK_L2_VIIRS_NOAA20.A2024057.1854.002.2025235151520.nc
2024-02-26T06:12:00+00:00,NOAA21,NIGHT,WINTER,1,0,0,0,720,CLDMSK_L2_VIIRS_NOAA21.A2024057.0612.001.2024130195839.nc
2024-02-26T07:54:00+00:00,NOAA21,NIGHT,WINTER,1,0,0,0,360,CLDMSK_L2_VIIRS_NOAA21.A2024057.0754.001.2024130195825.nc
2020-10-09T06:00:00+00:00,SNPP,NIGHT,AUTUMN,1,1,1,1,0,CLDMSK_L2_VIIRS_SNPP.A2020283.0600.002.2026032125648.nc
2020-10-09T07:36:00+00:00,SNPP,NIGHT,AUTUMN,1,1,1,1,1440,CLDMSK_L2_VIIRS_SNPP.A2020283.0736.002.2026032125655.nc
2020-10-09T17:24:00+00:00,SNPP,DAY,AUTUMN,,0,0,1,1440,CLDMSK_L2_VIIRS_SNPP.A2020283.1724.002.2026032125817.nc
2020-10-09T19:00:00+00:00,SNPP,DAY,AUTUMN,,0,1,0,0,CLDMSK_L2_VIIRS_SNPP.A2020283.1900.002.2026032125800.nc
2020-10-09T06:48:00+00:00,NOAA20,NIGHT,AUTUMN,1,1,1,1,720,CLDMSK_L2_VIIRS_NOAA20.A2020283.0648.001.2020287004457.nc
2020-10-09T08:30:00+00:00,NOAA20,NIGHT,AUTUMN,1,1,1,1,1800,CLDMSK_L2_VIIRS_NOAA20.A2020283.0830.001.2020287005113.nc
2020-10-09T18:12:00+00:00,NOAA20,DAY,AUTUMN,,0,0,0,720,CLDMSK_L2_VIIRS_NOAA20.A2020283.1812.001.2020287004512.nc
2023-10-29T07:30:00+00:00,SNPP,NIGHT,AUTUMN,1,0,0,0,1800,CLDMSK_L2_VIIRS_SNPP.A2023302.0730.002.2026034002955.nc
2023-10-29T17:18:00+00:00,SNPP,DAY,AUTUMN,,0,0,0,1080,CLDMSK_L2_VIIRS_SNPP.A2023302.1718.002.2026034003058.nc
2023-10-29T18:54:00+00:00,SNPP,DAY,AUTUMN,,0,0,0,360,CLDMSK_L2_VIIRS_SNPP.A2023302.1854.002.2026034003100.nc
2023-10-29T06:42:00+00:00,NOAA20,NIGHT,AUTUMN,1,0,0,0,1080,CLDMSK_L2_VIIRS_NOAA20.A2023302.0642.002.2025235091128.nc
2023-10-29T08:24:00+00:00,NOAA20,NIGHT,AUTUMN,1,0,0,0,1440,CLDMSK_L2_VIIRS_NOAA20.A2023302.0824.002.2025235091115.nc
2023-10-29T18:06:00+00:00,NOAA20,DAY,AUTUMN,,0,0,0,360,CLDMSK_L2_VIIRS_NOAA20.A2023302.1806.002.2025235091252.nc
2023-10-29T07:06:00+00:00,NOAA21,NIGHT,AUTUMN,1,0,0,0,360,CLDMSK_L2_VIIRS_NOAA21.A2023302.0706.001.2024130192659.nc
2023-10-29T16:48:00+00:00,NOAA21,DAY,AUTUMN,,0,0,0,720,CLDMSK_L2_VIIRS_NOAA21.A2023302.1648.001.2024130192800.nc
2023-10-29T18:30:00+00:00,NOAA21,DAY,AUTUMN,,0,0,0,1800,CLDMSK_L2_VIIRS_NOAA21.A2023302.1830.001.2024130192728.nc
2020-02-21T06:30:00+00:00,SNPP,NIGHT,WINTER,0,1,0,1,1800,CLDMSK_L2_VIIRS_SNPP.A2020052.0630.002.2026032044502.nc
2020-02-21T08:06:00+00:00,SNPP,NIGHT,WINTER,0,1,0,1,360,CLDMSK_L2_VIIRS_SNPP.A2020052.0806.002.2026032044510.nc
2020-02-21T17:54:00+00:00,SNPP,DAY,WINTER,,0,0,1,360,CLDMSK_L2_VIIRS_SNPP.A2020052.1754.002.2026032044649.nc
2020-02-21T07:18:00+00:00,NOAA20,NIGHT,WINTER,0,1,0,1,1080,CLDMSK_L2_VIIRS_NOAA20.A2020052.0718.001.2020294221235.nc
2020-02-21T17:06:00+00:00,NOAA20,DAY,WINTER,,0,0,1,360,CLDMSK_L2_VIIRS_NOAA20.A2020052.1706.001.2020294221322.nc
2020-02-21T18:42:00+00:00,NOAA20,DAY,WINTER,,0,0,1,1080,CLDMSK_L2_VIIRS_NOAA20.A2020052.1842.001.2020294221358.nc
2025-06-30T06:54:00+00:00,SNPP,NIGHT,SUMMER,0,0,0,1,360,CLDMSK_L2_VIIRS_SNPP.A2025181.0654.002.2026034191011.nc
2025-06-30T18:18:00+00:00,SNPP,DAY,SUMMER,,0,0,0,60,CLDMSK_L2_VIIRS_SNPP.A2025181.1818.002.2026034191106.nc
2025-06-30T07:18:00+00:00,NOAA20,NIGHT,SUMMER,0,1,1,1,1080,CLDMSK_L2_VIIRS_NOAA20.A2025181.0718.001.2025181193857.nc
2025-06-30T17:00:00+00:00,NOAA20,DAY,SUMMER,,0,0,0,0,CLDMSK_L2_VIIRS_NOAA20.A2025181.1700.001.2025182051920.nc
2025-06-30T18:42:00+00:00,NOAA20,DAY,SUMMER,,0,0,0,1080,CLDMSK_L2_VIIRS_NOAA20.A2025181.1842.001.2025182072927.nc
2025-06-30T06:30:00+00:00,NOAA21,NIGHT,SUMMER,0,0,1,1,1800,CLDMSK_L2_VIIRS_NOAA21.A2025181.0630.001.2025181190052.nc
2025-06-30T08:12:00+00:00,NOAA21,NIGHT,SUMMER,0,0,1,1,720,CLDMSK_L2_VIIRS_NOAA21.A2025181.0812.001.2025181190100.nc
2025-06-30T17:54:00+00:00,NOAA21,DAY,SUMMER,,0,0,0,360,CLDMSK_L2_VIIRS_NOAA21.A2025181.1754.001.2025182013109.nc
2021-03-08T07:24:00+00:00,SNPP,NIGHT,SPRING,0,1,0,1,1440,CLDMSK_L2_VIIRS_SNPP.A2021067.0724.002.2026032182019.nc
2021-03-08T17:12:00+00:00,SNPP,DAY,SPRING,,0,0,0,720,CLDMSK_L2_VIIRS_SNPP.A2021067.1712.002.2026032182120.nc
2021-03-08T18:48:00+00:00,SNPP,DAY,SPRING,,0,0,0,720,CLDMSK_L2_VIIRS_SNPP.A2021067.1848.002.2026032182129.nc
2021-03-08T06:36:00+00:00,NOAA20,NIGHT,SPRING,0,0,0,1,1440,CLDMSK_L2_VIIRS_NOAA20.A2021067.0636.001.2021067194651.nc
2021-03-08T08:18:00+00:00,NOAA20,NIGHT,SPRING,0,0,0,1,1080,CLDMSK_L2_VIIRS_NOAA20.A2021067.0818.001.2021067194713.nc
2021-03-08T18:00:00+00:00,NOAA20,DAY,SPRING,,0,0,0,0,CLDMSK_L2_VIIRS_NOAA20.A2021067.1800.001.2021068070928.nc
2024-11-10T06:00:00+00:00,SNPP,NIGHT,AUTUMN,0,0,0,0,0,CLDMSK_L2_VIIRS_SNPP.A2024315.0600.002.2026034120103.nc
2024-11-10T07:42:00+00:00,SNPP,NIGHT,AUTUMN,0,0,0,0,1080,CLDMSK_L2_VIIRS_SNPP.A2024315.0742.002.2026034120120.nc
2024-11-10T17:30:00+00:00,SNPP,DAY,AUTUMN,,0,0,0,1800,CLDMSK_L2_VIIRS_SNPP.A2024315.1730.002.2026034120218.nc
2024-11-10T19:06:00+00:00,SNPP,DAY,AUTUMN,,0,0,0,360,CLDMSK_L2_VIIRS_SNPP.A2024315.1906.002.2026034120225.nc
2024-11-10T06:30:00+00:00,NOAA20,NIGHT,AUTUMN,0,0,0,0,1800,CLDMSK_L2_VIIRS_NOAA20.A2024315.0630.002.2025236043022.nc
2024-11-10T08:06:00+00:00,NOAA20,NIGHT,AUTUMN,0,0,0,0,360,CLDMSK_L2_VIIRS_NOAA20.A2024315.0806.002.2025236043052.nc
2024-11-10T17:54:00+00:00,NOAA20,DAY,AUTUMN,,0,0,0,360,CLDMSK_L2_VIIRS_NOAA20.A2024315.1754.002.2025236043316.nc
2024-11-10T07:18:00+00:00,NOAA21,NIGHT,AUTUMN,0,0,0,0,1080,CLDMSK_L2_VIIRS_NOAA21.A2024315.0718.001.2024316172709.nc
2024-11-10T17:06:00+00:00,NOAA21,DAY,AUTUMN,,0,0,0,360,CLDMSK_L2_VIIRS_NOAA21.A2024315.1706.001.2024316173751.nc
2024-11-10T18:48:00+00:00,NOAA21,DAY,AUTUMN,,0,0,0,120,CLDMSK_L2_VIIRS_NOAA21.A2024315.1848.001.2024316173724.nc
2024-01-23T07:18:00+00:00,SNPP,NIGHT,WINTER,1,0,0,0,1080,CLDMSK_L2_VIIRS_SNPP.A2024023.0718.002.2026034030826.nc
2024-01-23T17:06:00+00:00,SNPP,DAY,WINTER,,0,0,0,360,CLDMSK_L2_VIIRS_SNPP.A2024023.1706.002.2026034030927.nc
2024-01-23T18:42:00+00:00,SNPP,DAY,WINTER,,0,0,0,180,CLDMSK_L2_VIIRS_SNPP.A2024023.1842.002.2026034030950.nc
2024-01-23T06:30:00+00:00,NOAA20,NIGHT,WINTER,1,0,0,0,1800,CLDMSK_L2_VIIRS_NOAA20.A2024023.0630.002.2025235133115.nc
2024-01-23T08:12:00+00:00,NOAA20,NIGHT,WINTER,1,0,0,0,720,CLDMSK_L2_VIIRS_NOAA20.A2024023.0812.002.2025235133125.nc
2024-01-23T17:54:00+00:00,NOAA20,DAY,WINTER,,0,0,0,360,CLDMSK_L2_VIIRS_NOAA20.A2024023.1754.002.2025235133209.nc
2024-01-23T06:54:00+00:00,NOAA21,NIGHT,WINTER,1,0,0,0,360,CLDMSK_L2_VIIRS_NOAA21.A2024023.0654.001.2024130195613.nc
2024-01-23T18:18:00+00:00,NOAA21,DAY,WINTER,,0,0,0,300,CLDMSK_L2_VIIRS_NOAA21.A2024023.1818.001.2024130195938.nc
2025-02-26T07:18:00+00:00,SNPP,NIGHT,WINTER,0,1,1,1,1080,CLDMSK_L2_VIIRS_SNPP.A2025057.0718.002.2026034151919.nc
2025-02-26T17:06:00+00:00,SNPP,DAY,WINTER,,0,0,0,360,CLDMSK_L2_VIIRS_SNPP.A2025057.1706.002.2026034152028.nc
2025-02-26T18:42:00+00:00,SNPP,DAY,WINTER,,0,0,0,1080,CLDMSK_L2_VIIRS_SNPP.A2025057.1842.002.2026034152040.nc
2025-02-26T06:00:00+00:00,NOAA20,NIGHT,WINTER,0,0,0,1,0,CLDMSK_L2_VIIRS_NOAA20.A2025057.0600.001.2025057191819.nc
2025-02-26T07:42:00+00:00,NOAA20,NIGHT,WINTER,0,0,0,1,1080,CLDMSK_L2_VIIRS_NOAA20.A2025057.0742.001.2025057195902.nc
2025-02-26T17:24:00+00:00,NOAA20,DAY,WINTER,,0,0,0,1440,CLDMSK_L2_VIIRS_NOAA20.A2025057.1724.001.2025058053845.nc
2025-02-26T19:06:00+00:00,NOAA20,DAY,WINTER,,0,0,0,360,CLDMSK_L2_VIIRS_NOAA20.A2025057.1906.001.2025058072926.nc
2025-02-26T06:54:00+00:00,NOAA21,NIGHT,WINTER,0,0,0,1,360,CLDMSK_L2_VIIRS_NOAA21.A2025057.0654.001.2025057192029.nc
2025-02-26T18:18:00+00:00,NOAA21,DAY,WINTER,,0,0,0,1080,CLDMSK_L2_VIIRS_NOAA21.A2025057.1818.001.2025058073016.nc
2024-11-18T06:54:00+00:00,SNPP,NIGHT,AUTUMN,1,1,1,0,360,CLDMSK_L2_VIIRS_SNPP.A2024323.0654.002.2026034121615.nc
2024-11-18T08:36:00+00:00,SNPP,NIGHT,AUTUMN,1,1,1,1,1440,CLDMSK_L2_VIIRS_SNPP.A2024323.0836.002.2026034121625.nc
2024-11-18T18:18:00+00:00,SNPP,DAY,AUTUMN,,0,0,1,1080,CLDMSK_L2_VIIRS_SNPP.A2024323.1818.002.2026034121718.nc
2024-11-18T07:18:00+00:00,NOAA20,NIGHT,AUTUMN,1,1,1,0,1080,CLDMSK_L2_VIIRS_NOAA20.A2024323.0718.002.2025236044830.nc
2024-11-18T17:00:00+00:00,NOAA20,DAY,AUTUMN,,1,1,1,0,CLDMSK_L2_VIIRS_NOAA20.A2024323.1700.002.2025236044905.nc
2024-11-18T18:42:00+00:00,NOAA20,DAY,AUTUMN,,0,0,0,1080,CLDMSK_L2_VIIRS_NOAA20.A2024323.1842.002.2025236045000.nc
2024-11-18T06:30:00+00:00,NOAA21,NIGHT,AUTUMN,1,0,0,0,1800,CLDMSK_L2_VIIRS_NOAA21.A2024323.0630.001.2024323191137.nc
2024-11-18T08:12:00+00:00,NOAA21,NIGHT,AUTUMN,1,1,1,0,720,CLDMSK_L2_VIIRS_NOAA21.A2024323.0812.001.2024323191144.nc
2024-11-18T17:54:00+00:00,NOAA21,DAY,AUTUMN,,0,1,1,360,CLDMSK_L2_VIIRS_NOAA21.A2024323.1754.001.2024324013216.nc
2021-12-22T07:06:00+00:00,SNPP,NIGHT,WINTER,1,0,0,0,360,CLDMSK_L2_VIIRS_SNPP.A2021356.0706.002.2026033030950.nc
2021-12-22T16:54:00+00:00,SNPP,DAY,WINTER,,0,0,0,360,CLDMSK_L2_VIIRS_SNPP.A2021356.1654.002.2026033031059.nc
2021-12-22T18:30:00+00:00,SNPP,DAY,WINTER,,0,0,0,960,CLDMSK_L2_VIIRS_SNPP.A2021356.1830.002.2026033031105.nc
2021-12-22T06:18:00+00:00,NOAA20,NIGHT,WINTER,1,1,0,0,1080,CLDMSK_L2_VIIRS_NOAA20.A2021356.0618.001.2021356194912.nc
2021-12-22T07:54:00+00:00,NOAA20,NIGHT,WINTER,1,0,0,0,360,CLDMSK_L2_VIIRS_NOAA20.A2021356.0754.001.2021356194906.nc
2021-12-22T17:42:00+00:00,NOAA20,DAY,WINTER,,1,1,0,1080,CLDMSK_L2_VIIRS_NOAA20.A2021356.1742.001.2021357012834.nc
2021-12-22T19:18:00+00:00,NOAA20,DAY,WINTER,,1,0,0,420,CLDMSK_L2_VIIRS_NOAA20.A2021356.1918.001.2021357074950.nc
2025-11-07T06:18:00+00:00,SNPP,NIGHT,AUTUMN,1,0,0,0,1080,CLDMSK_L2_VIIRS_SNPP.A2025311.0618.002.2026063182956.nc
2025-11-07T08:00:00+00:00,SNPP,NIGHT,AUTUMN,1,0,0,0,0,CLDMSK_L2_VIIRS_SNPP.A2025311.0800.002.2026063183001.nc
2025-11-07T17:42:00+00:00,SNPP,DAY,AUTUMN,,0,0,0,1080,CLDMSK_L2_VIIRS_SNPP.A2025311.1742.002.2026063183055.nc
2025-11-07T19:24:00+00:00,SNPP,DAY,AUTUMN,,0,0,0,660,CLDMSK_L2_VIIRS_SNPP.A2025311.1924.002.2026063183108.nc
2025-11-07T06:42:00+00:00,NOAA20,NIGHT,AUTUMN,1,0,0,1,1080,CLDMSK_L2_VIIRS_NOAA20.A2025311.0642.001.2025311191156.nc
2025-11-07T08:24:00+00:00,NOAA20,NIGHT,AUTUMN,1,0,0,0,1440,CLDMSK_L2_VIIRS_NOAA20.A2025311.0824.001.2025311203203.nc
2025-11-07T18:06:00+00:00,NOAA20,DAY,AUTUMN,,0,0,0,360,CLDMSK_L2_VIIRS_NOAA20.A2025311.1806.001.2025312072311.nc
2025-11-07T07:30:00+00:00,NOAA21,NIGHT,AUTUMN,1,0,0,1,1800,CLDMSK_L2_VIIRS_NOAA21.A2025311.0730.001.2025311191436.nc
2025-11-07T17:18:00+00:00,NOAA21,DAY,AUTUMN,,0,0,0,60,CLDMSK_L2_VIIRS_NOAA21.A2025311.1718.001.2025312011539.nc
2025-11-07T18:54:00+00:00,NOAA21,DAY,AUTUMN,,0,0,0,360,CLDMSK_L2_VIIRS_NOAA21.A2025311.1854.001.2025312072556.nc
2023-01-11T06:48:00+00:00,SNPP,NIGHT,WINTER,1,0,0,0,720,CLDMSK_L2_VIIRS_SNPP.A2023011.0648.002.2026033142759.nc
2023-01-11T08:30:00+00:00,SNPP,NIGHT,WINTER,1,0,0,0,1800,CLDMSK_L2_VIIRS_SNPP.A2023011.0830.002.2026033142808.nc
2023-01-11T18:12:00+00:00,SNPP,DAY,WINTER,,0,0,0,720,CLDMSK_L2_VIIRS_SNPP.A2023011.1812.002.2026033142916.nc
2023-01-11T07:36:00+00:00,NOAA20,NIGHT,WINTER,1,0,0,0,1440,CLDMSK_L2_VIIRS_NOAA20.A2023011.0736.001.2023233195235.nc
2023-01-11T17:24:00+00:00,NOAA20,DAY,WINTER,,0,0,0,1440,CLDMSK_L2_VIIRS_NOAA20.A2023011.1724.001.2023233195209.nc
2023-01-11T19:00:00+00:00,NOAA20,DAY,WINTER,,0,0,0,0,CLDMSK_L2_VIIRS_NOAA20.A2023011.1900.001.2023233195252.nc
2025-06-03T07:00:00+00:00,SNPP,NIGHT,SUMMER,0,0,0,0,0,CLDMSK_L2_VIIRS_SNPP.A2025154.0700.002.2026034182042.nc
2025-06-03T18:24:00+00:00,SNPP,DAY,SUMMER,,1,1,1,1440,CLDMSK_L2_VIIRS_SNPP.A2025154.1824.002.2026034182150.nc
2025-06-03T07:24:00+00:00,NOAA20,NIGHT,SUMMER,0,1,1,0,1440,CLDMSK_L2_VIIRS_NOAA20.A2025154.0724.001.2025154194850.nc
2025-06-03T17:06:00+00:00,NOAA20,DAY,SUMMER,,1,1,1,360,CLDMSK_L2_VIIRS_NOAA20.A2025154.1706.001.2025155053916.nc
2025-06-03T18:48:00+00:00,NOAA20,DAY,SUMMER,,1,1,1,720,CLDMSK_L2_VIIRS_NOAA20.A2025154.1848.001.2025155073104.nc
2025-06-03T06:36:00+00:00,NOAA21,NIGHT,SUMMER,0,0,0,0,1440,CLDMSK_L2_VIIRS_NOAA21.A2025154.0636.001.2025154191955.nc
2025-06-03T18:00:00+00:00,NOAA21,DAY,SUMMER,,1,1,1,0,CLDMSK_L2_VIIRS_NOAA21.A2025154.1800.001.2025155073002.nc
2024-11-19T06:36:00+00:00,SNPP,NIGHT,AUTUMN,1,0,0,0,1320,CLDMSK_L2_VIIRS_SNPP.A2024324.0636.002.2026034121811.nc
2024-11-19T08:12:00+00:00,SNPP,NIGHT,AUTUMN,1,0,0,0,720,CLDMSK_L2_VIIRS_SNPP.A2024324.0812.002.2026034121806.nc
2024-11-19T18:00:00+00:00,SNPP,DAY,AUTUMN,,0,0,0,0,CLDMSK_L2_VIIRS_SNPP.A2024324.1800.002.2026034121915.nc
2024-11-19T07:00:00+00:00,NOAA20,NIGHT,AUTUMN,1,0,0,0,0,CLDMSK_L2_VIIRS_NOAA20.A2024324.0700.002.2025236044946.nc
2024-11-19T18:24:00+00:00,NOAA20,DAY,AUTUMN,,0,0,0,1440,CLDMSK_L2_VIIRS_NOAA20.A2024324.1824.002.2025236045059.nc
2024-11-19T06:12:00+00:00,NOAA21,NIGHT,AUTUMN,1,0,0,0,120,CLDMSK_L2_VIIRS_NOAA21.A2024324.0612.001.2024324193223.nc
2024-11-19T07:54:00+00:00,NOAA21,NIGHT,AUTUMN,1,0,0,0,360,CLDMSK_L2_VIIRS_NOAA21.A2024324.0754.001.2024324193227.nc
2024-11-19T17:36:00+00:00,NOAA21,DAY,AUTUMN,,0,0,0,1440,CLDMSK_L2_VIIRS_NOAA21.A2024324.1736.001.2024325012335.nc
2024-11-19T19:18:00+00:00,NOAA21,DAY,AUTUMN,,0,0,0,1080,CLDMSK_L2_VIIRS_NOAA21.A2024324.1918.001.2024325072312.nc
2023-01-04T07:18:00+00:00,SNPP,NIGHT,WINTER,1,0,0,0,1080,CLDMSK_L2_VIIRS_SNPP.A2023004.0718.002.2026033141509.nc
2023-01-04T17:06:00+00:00,SNPP,DAY,WINTER,,0,0,0,360,CLDMSK_L2_VIIRS_SNPP.A2023004.1706.002.2026033141603.nc
2023-01-04T18:42:00+00:00,SNPP,DAY,WINTER,,0,0,0,1080,CLDMSK_L2_VIIRS_SNPP.A2023004.1842.002.2026033141608.nc
2023-01-04T06:30:00+00:00,NOAA20,NIGHT,WINTER,1,0,0,0,1800,CLDMSK_L2_VIIRS_NOAA20.A2023004.0630.001.2023233194642.nc
2023-01-04T08:06:00+00:00,NOAA20,NIGHT,WINTER,1,0,0,0,360,CLDMSK_L2_VIIRS_NOAA20.A2023004.0806.001.2023233194750.nc
2023-01-04T17:54:00+00:00,NOAA20,DAY,WINTER,,0,0,0,360,CLDMSK_L2_VIIRS_NOAA20.A2023004.1754.001.2023233194826.nc
2023-08-13T06:36:00+00:00,SNPP,NIGHT,SUMMER,0,0,0,1,1440,CLDMSK_L2_VIIRS_SNPP.A2023225.0636.002.2026033220722.nc
2023-08-13T08:18:00+00:00,SNPP,NIGHT,SUMMER,0,0,0,1,1080,CLDMSK_L2_VIIRS_SNPP.A2023225.0818.002.2026033220732.nc
2023-08-13T18:00:00+00:00,SNPP,DAY,SUMMER,,1,1,0,0,CLDMSK_L2_VIIRS_SNPP.A2023225.1800.002.2026033220848.nc
2023-08-13T07:24:00+00:00,NOAA20,NIGHT,SUMMER,0,0,0,1,1440,CLDMSK_L2_VIIRS_NOAA20.A2023225.0724.002.2025235052418.nc
2023-08-13T17:12:00+00:00,NOAA20,DAY,SUMMER,,0,0,0,720,CLDMSK_L2_VIIRS_NOAA20.A2023225.1712.002.2025235052624.nc
2023-08-13T18:48:00+00:00,NOAA20,DAY,SUMMER,,1,0,0,720,CLDMSK_L2_VIIRS_NOAA20.A2023225.1848.002.2025235052630.nc
2023-08-13T06:06:00+00:00,NOAA21,NIGHT,SUMMER,0,0,0,1,360,CLDMSK_L2_VIIRS_NOAA21.A2023225.0606.001.2024130190948.nc
2023-08-13T07:48:00+00:00,NOAA21,NIGHT,SUMMER,0,0,0,1,720,CLDMSK_L2_VIIRS_NOAA21.A2023225.0748.001.2024130190923.nc
2023-08-13T17:30:00+00:00,NOAA21,DAY,SUMMER,,1,0,0,1800,CLDMSK_L2_VIIRS_NOAA21.A2023225.1730.001.2024130191034.nc
2023-08-13T19:12:00+00:00,NOAA21,DAY,SUMMER,,0,0,0,720,CLDMSK_L2_VIIRS_NOAA21.A2023225.1912.001.2024130190946.nc
2022-10-02T06:42:00+00:00,SNPP,NIGHT,AUTUMN,0,0,0,0,1080,CLDMSK_L2_VIIRS_SNPP.A2022275.0642.002.2026033112112.nc
2022-10-02T08:24:00+00:00,SNPP,NIGHT,AUTUMN,0,0,0,0,1440,CLDMSK_L2_VIIRS_SNPP.A2022275.0824.002.2026033112129.nc
2022-10-02T18:06:00+00:00,SNPP,DAY,AUTUMN,,0,0,1,360,CLDMSK_L2_VIIRS_SNPP.A2022275.1806.002.2026033112214.nc
2022-10-02T07:30:00+00:00,NOAA20,NIGHT,AUTUMN,0,1,0,0,1800,CLDMSK_L2_VIIRS_NOAA20.A2022275.0730.001.2022275194257.nc
2022-10-02T17:18:00+00:00,NOAA20,DAY,AUTUMN,,1,1,1,1080,CLDMSK_L2_VIIRS_NOAA20.A2022275.1718.001.2022276054331.nc
2022-10-02T18:54:00+00:00,NOAA20,DAY,AUTUMN,,1,1,1,360,CLDMSK_L2_VIIRS_NOAA20.A2022275.1854.001.2022276073332.nc
2020-12-20T06:48:00+00:00,SNPP,NIGHT,WINTER,0,0,0,0,720,CLDMSK_L2_VIIRS_SNPP.A2020355.0648.002.2026032151032.nc
2020-12-20T08:30:00+00:00,SNPP,NIGHT,WINTER,0,1,0,0,180,CLDMSK_L2_VIIRS_SNPP.A2020355.0830.002.2026032151042.nc
2020-12-20T18:12:00+00:00,SNPP,DAY,WINTER,,0,0,0,720,CLDMSK_L2_VIIRS_SNPP.A2020355.1812.002.2026032151149.nc
2020-12-20T07:36:00+00:00,NOAA20,NIGHT,WINTER,0,0,0,0,120,CLDMSK_L2_VIIRS_NOAA20.A2020355.0736.001.2020355190347.nc
2020-12-20T17:24:00+00:00,NOAA20,DAY,WINTER,,0,0,0,360,CLDMSK_L2_VIIRS_NOAA20.A2020355.1724.001.2020356010704.nc
2020-12-20T19:00:00+00:00,NOAA20,DAY,WINTER,,0,0,0,0,CLDMSK_L2_VIIRS_NOAA20.A2020355.1900.001.2020356070922.nc
2023-02-16T07:12:00+00:00,SNPP,NIGHT,WINTER,0,0,0,0,720,CLDMSK_L2_VIIRS_SNPP.A2023047.0712.002.2026033153540.nc
2023-02-16T17:00:00+00:00,SNPP,DAY,WINTER,,0,0,0,0,CLDMSK_L2_VIIRS_SNPP.A2023047.1700.002.2026033153647.nc
2023-02-16T18:36:00+00:00,SNPP,DAY,WINTER,,0,0,0,1440,CLDMSK_L2_VIIRS_SNPP.A2023047.1836.002.2026033153650.nc
2023-02-16T06:24:00+00:00,NOAA20,NIGHT,WINTER,0,0,0,0,1440,CLDMSK_L2_VIIRS_NOAA20.A2023047.0624.001.2023233201201.nc
2023-02-16T08:00:00+00:00,NOAA20,NIGHT,WINTER,0,0,0,0,0,CLDMSK_L2_VIIRS_NOAA20.A2023047.0800.001.2023233201208.nc
2023-02-16T17:48:00+00:00,NOAA20,DAY,WINTER,,0,0,0,720,CLDMSK_L2_VIIRS_NOAA20.A2023047.1748.001.2023233201213.nc
2023-02-16T06:48:00+00:00,NOAA21,NIGHT,WINTER,0,0,0,0,720,CLDMSK_L2_VIIRS_NOAA21.A2023047.0648.001.2024130182941.nc
2023-02-16T08:30:00+00:00,NOAA21,NIGHT,WINTER,0,0,0,0,1800,CLDMSK_L2_VIIRS_NOAA21.A2023047.0830.001.2024130182940.nc
2023-02-16T18:12:00+00:00,NOAA21,DAY,WINTER,,0,0,0,720,CLDMSK_L2_VIIRS_NOAA21.A2023047.1812.001.2024130182954.nc
2025-01-20T07:12:00+00:00,SNPP,NIGHT,WINTER,1,0,0,0,720,CLDMSK_L2_VIIRS_SNPP.A2025020.0712.002.2026034141158.nc
2025-01-20T17:00:00+00:00,SNPP,DAY,WINTER,,0,0,0,0,CLDMSK_L2_VIIRS_SNPP.A2025020.1700.002.2026034141301.nc
2025-01-20T07:36:00+00:00,NOAA20,NIGHT,WINTER,1,0,0,0,540,CLDMSK_L2_VIIRS_NOAA20.A2025020.0736.001.2025020195241.nc
2025-01-20T17:18:00+00:00,NOAA20,DAY,WINTER,,0,0,0,1080,CLDMSK_L2_VIIRS_NOAA20.A2025020.1718.001.2025021054254.nc
2025-01-20T19:00:00+00:00,NOAA20,DAY,WINTER,,0,0,0,0,CLDMSK_L2_VIIRS_NOAA20.A2025020.1900.001.2025021073337.nc
2025-01-20T06:48:00+00:00,NOAA21,NIGHT,WINTER,1,0,0,0,720,CLDMSK_L2_VIIRS_NOAA21.A2025020.0648.001.2025020190449.nc
2025-01-20T08:30:00+00:00,NOAA21,NIGHT,WINTER,1,0,0,0,1800,CLDMSK_L2_VIIRS_NOAA21.A2025020.0830.001.2025020190454.nc
2025-01-20T18:12:00+00:00,NOAA21,DAY,WINTER,,1,0,0,720,CLDMSK_L2_VIIRS_NOAA21.A2025020.1812.001.2025021072536.nc
2022-09-25T07:12:00+00:00,SNPP,NIGHT,AUTUMN,0,0,0,0,720,CLDMSK_L2_VIIRS_SNPP.A2022268.0712.002.2026033110808.nc
2022-09-25T17:00:00+00:00,SNPP,DAY,AUTUMN,,0,0,0,0,CLDMSK_L2_VIIRS_SNPP.A2022268.1700.002.2026033110923.nc
2022-09-25T18:36:00+00:00,SNPP,DAY,AUTUMN,,0,0,0,1440,CLDMSK_L2_VIIRS_SNPP.A2022268.1836.002.2026033110937.nc
2022-09-25T06:24:00+00:00,NOAA20,NIGHT,AUTUMN,0,0,0,0,1440,CLDMSK_L2_VIIRS_NOAA20.A2022268.0624.001.2022268190854.nc
2022-09-25T08:00:00+00:00,NOAA20,NIGHT,AUTUMN,0,0,0,0,0,CLDMSK_L2_VIIRS_NOAA20.A2022268.0800.001.2022268201833.nc
2022-09-25T17:48:00+00:00,NOAA20,DAY,AUTUMN,,0,0,0,720,CLDMSK_L2_VIIRS_NOAA20.A2022268.1748.001.2022269060854.nc
2023-10-09T07:06:00+00:00,SNPP,NIGHT,AUTUMN,1,0,0,0,360,CLDMSK_L2_VIIRS_SNPP.A2023282.0706.002.2026033235257.nc
2023-10-09T16:54:00+00:00,SNPP,DAY,AUTUMN,,0,0,0,360,CLDMSK_L2_VIIRS_SNPP.A2023282.1654.002.2026033235405.nc
2023-10-09T18:30:00+00:00,SNPP,DAY,AUTUMN,,0,0,0,1800,CLDMSK_L2_VIIRS_SNPP.A2023282.1830.002.2026033235417.nc
2023-10-09T06:18:00+00:00,NOAA20,NIGHT,AUTUMN,1,0,0,0,1080,CLDMSK_L2_VIIRS_NOAA20.A2023282.0618.002.2025235080945.nc
2023-10-09T07:54:00+00:00,NOAA20,NIGHT,AUTUMN,0,0,0,0,360,CLDMSK_L2_VIIRS_NOAA20.A2023282.0754.002.2025235080954.nc
2023-10-09T17:42:00+00:00,NOAA20,DAY,AUTUMN,,0,0,0,1080,CLDMSK_L2_VIIRS_NOAA20.A2023282.1742.002.2025235081148.nc
2023-10-09T19:24:00+00:00,NOAA20,DAY,AUTUMN,,0,0,0,1440,CLDMSK_L2_VIIRS_NOAA20.A2023282.1924.002.2025235081214.nc
2023-10-09T06:42:00+00:00,NOAA21,NIGHT,AUTUMN,1,0,0,0,1080,CLDMSK_L2_VIIRS_NOAA21.A2023282.0642.001.2024130192333.nc
2023-10-09T08:18:00+00:00,NOAA21,NIGHT,AUTUMN,0,0,0,0,1080,CLDMSK_L2_VIIRS_NOAA21.A2023282.0818.001.2024130192301.nc
2023-10-09T18:06:00+00:00,NOAA21,DAY,AUTUMN,,0,0,0,360,CLDMSK_L2_VIIRS_NOAA21.A2023282.1806.001.2024130192427.nc
2020-04-27T07:30:00+00:00,SNPP,NIGHT,SPRING,0,1,1,1,1800,CLDMSK_L2_VIIRS_SNPP.A2020118.0730.002.2026032072817.nc
2020-04-27T17:18:00+00:00,SNPP,DAY,SPRING,,0,0,0,1080,CLDMSK_L2_VIIRS_SNPP.A2020118.1718.002.2026032072932.nc
2020-04-27T18:54:00+00:00,SNPP,DAY,SPRING,,0,0,0,360,CLDMSK_L2_VIIRS_SNPP.A2020118.1854.002.2026032072940.nc
2020-04-27T06:42:00+00:00,NOAA20,NIGHT,SPRING,0,0,0,1,1080,CLDMSK_L2_VIIRS_NOAA20.A2020118.0642.001.2020294203849.nc
2020-04-27T08:24:00+00:00,NOAA20,NIGHT,SPRING,0,1,1,1,1440,CLDMSK_L2_VIIRS_NOAA20.A2020118.0824.001.2020294203828.nc
2020-04-27T18:06:00+00:00,NOAA20,DAY,SPRING,,0,0,0,360,CLDMSK_L2_VIIRS_NOAA20.A2020118.1806.001.2020294203906.nc
2023-08-24T06:30:00+00:00,SNPP,NIGHT,SUMMER,0,0,0,0,1800,CLDMSK_L2_VIIRS_SNPP.A2023236.0630.002.2026033222746.nc
2023-08-24T08:12:00+00:00,SNPP,NIGHT,SUMMER,0,0,0,0,720,CLDMSK_L2_VIIRS_SNPP.A2023236.0812.002.2026033222752.nc
2023-08-24T17:54:00+00:00,SNPP,DAY,SUMMER,,0,0,0,360,CLDMSK_L2_VIIRS_SNPP.A2023236.1754.002.2026033222858.nc
2023-08-24T07:18:00+00:00,NOAA20,NIGHT,SUMMER,0,0,0,0,1080,CLDMSK_L2_VIIRS_NOAA20.A2023236.0718.002.2025235055602.nc
2023-08-24T17:06:00+00:00,NOAA20,DAY,SUMMER,,0,0,0,360,CLDMSK_L2_VIIRS_NOAA20.A2023236.1706.002.2025235055621.nc
2023-08-24T18:42:00+00:00,NOAA20,DAY,SUMMER,,0,0,0,1080,CLDMSK_L2_VIIRS_NOAA20.A2023236.1842.002.2025235055703.nc
2023-08-24T06:00:00+00:00,NOAA21,NIGHT,SUMMER,0,0,0,0,0,CLDMSK_L2_VIIRS_NOAA21.A2023236.0600.001.2024130191152.nc
2023-08-24T07:42:00+00:00,NOAA21,NIGHT,SUMMER,0,0,0,0,1080,CLDMSK_L2_VIIRS_NOAA21.A2023236.0742.001.2024130191207.nc
2023-08-24T17:24:00+00:00,NOAA21,DAY,SUMMER,,0,0,0,720,CLDMSK_L2_VIIRS_NOAA21.A2023236.1724.001.2024130191223.nc
2023-08-24T19:06:00+00:00,NOAA21,DAY,SUMMER,,0,0,0,360,CLDMSK_L2_VIIRS_NOAA21.A2023236.1906.001.2024130191254.nc
2025-06-20T06:42:00+00:00,SNPP,NIGHT,SUMMER,1,0,0,1,1080,CLDMSK_L2_VIIRS_SNPP.A2025171.0642.002.2026034185140.nc
2025-06-20T18:06:00+00:00,SNPP,DAY,SUMMER,,1,0,0,300,CLDMSK_L2_VIIRS_SNPP.A2025171.1806.002.2026034185251.nc
2025-06-20T07:06:00+00:00,NOAA20,NIGHT,SUMMER,1,0,1,1,360,CLDMSK_L2_VIIRS_NOAA20.A2025171.0706.001.2025171192232.nc
2025-06-20T16:48:00+00:00,NOAA20,DAY,SUMMER,,0,0,0,720,CLDMSK_L2_VIIRS_NOAA20.A2025171.1648.001.2025172051155.nc
2025-06-20T18:30:00+00:00,NOAA20,DAY,SUMMER,,1,0,0,1140,CLDMSK_L2_VIIRS_NOAA20.A2025171.1830.001.2025172073226.nc
2025-06-20T06:18:00+00:00,NOAA21,NIGHT,SUMMER,1,0,0,1,1080,CLDMSK_L2_VIIRS_NOAA21.A2025171.0618.001.2025171191355.nc
2025-06-20T08:00:00+00:00,NOAA21,NIGHT,SUMMER,1,0,1,1,0,CLDMSK_L2_VIIRS_NOAA21.A2025171.0800.001.2025171191420.nc
2025-06-20T17:42:00+00:00,NOAA21,DAY,SUMMER,,1,1,0,1080,CLDMSK_L2_VIIRS_NOAA21.A2025171.1742.001.2025172013640.nc
2025-06-20T19:24:00+00:00,NOAA21,DAY,SUMMER,,0,0,0,1440,CLDMSK_L2_VIIRS_NOAA21.A2025171.1924.001.2025172073442.nc
2022-05-18T06:12:00+00:00,SNPP,NIGHT,SPRING,1,1,1,1,720,CLDMSK_L2_VIIRS_SNPP.A2022138.0612.002.2026033073714.nc
2022-05-18T07:48:00+00:00,SNPP,NIGHT,SPRING,1,1,1,1,720,CLDMSK_L2_VIIRS_SNPP.A2022138.0748.002.2026033073733.nc
2022-05-18T17:36:00+00:00,SNPP,DAY,SPRING,,0,0,0,1440,CLDMSK_L2_VIIRS_SNPP.A2022138.1736.002.2026033073802.nc
2022-05-18T19:12:00+00:00,SNPP,DAY,SPRING,,0,0,0,720,CLDMSK_L2_VIIRS_SNPP.A2022138.1912.002.2026033073826.nc
2022-05-18T07:00:00+00:00,NOAA20,NIGHT,SPRING,1,1,1,1,0,CLDMSK_L2_VIIRS_NOAA20.A2022138.0700.001.2022138193602.nc
2022-05-18T18:24:00+00:00,NOAA20,DAY,SPRING,,0,0,0,1440,CLDMSK_L2_VIIRS_NOAA20.A2022138.1824.001.2022139073903.nc
2023-12-24T06:42:00+00:00,SNPP,NIGHT,WINTER,1,1,0,0,1080,CLDMSK_L2_VIIRS_SNPP.A2023358.0642.002.2026034021255.nc
2023-12-24T08:24:00+00:00,SNPP,NIGHT,WINTER,1,1,0,0,1440,CLDMSK_L2_VIIRS_SNPP.A2023358.0824.002.2026034021314.nc
2023-12-24T18:06:00+00:00,SNPP,DAY,WINTER,,0,0,0,360,CLDMSK_L2_VIIRS_SNPP.A2023358.1806.002.2026034021424.nc
2023-12-24T07:30:00+00:00,NOAA20,NIGHT,WINTER,1,0,0,0,1800,CLDMSK_L2_VIIRS_NOAA20.A2023358.0730.002.2025235121231.nc
2023-12-24T17:18:00+00:00,NOAA20,DAY,WINTER,,0,0,0,1080,CLDMSK_L2_VIIRS_NOAA20.A2023358.1718.002.2025235121246.nc
2023-12-24T18:54:00+00:00,NOAA20,DAY,WINTER,,0,0,0,360,CLDMSK_L2_VIIRS_NOAA20.A2023358.1854.002.2025235121218.nc
2023-12-24T06:18:00+00:00,NOAA21,NIGHT,WINTER,1,1,0,0,1080,CLDMSK_L2_VIIRS_NOAA21.A2023358.0618.001.2024130195413.nc
2023-12-24T07:54:00+00:00,NOAA21,NIGHT,WINTER,1,1,0,0,360,CLDMSK_L2_VIIRS_NOAA21.A2023358.0754.001.2024130195411.nc
2023-12-24T17:42:00+00:00,NOAA21,DAY,WINTER,,0,0,0,1080,CLDMSK_L2_VIIRS_NOAA21.A2023358.1742.001.2024130194417.nc
2023-12-24T19:18:00+00:00,NOAA21,DAY,WINTER,,0,0,0,1080,CLDMSK_L2_VIIRS_NOAA21.A2023358.1918.001.2024130194547.nc
2022-11-24T06:48:00+00:00,SNPP,NIGHT,AUTUMN,0,1,1,1,720,CLDMSK_L2_VIIRS_SNPP.A2022328.0648.002.2026033125928.nc
2022-11-24T08:30:00+00:00,SNPP,NIGHT,AUTUMN,0,0,0,0,1800,CLDMSK_L2_VIIRS_SNPP.A2022328.0830.002.2026033125945.nc
2022-11-24T18:12:00+00:00,SNPP,DAY,AUTUMN,,0,0,0,720,CLDMSK_L2_VIIRS_SNPP.A2022328.1812.002.2026033130034.nc
2022-11-24T07:36:00+00:00,NOAA20,NIGHT,AUTUMN,0,0,0,0,1440,CLDMSK_L2_VIIRS_NOAA20.A2022328.0736.001.2022328194822.nc
2022-11-24T17:24:00+00:00,NOAA20,DAY,AUTUMN,,0,0,0,120,CLDMSK_L2_VIIRS_NOAA20.A2022328.1724.001.2022329053856.nc
2022-11-24T19:00:00+00:00,NOAA20,DAY,AUTUMN,,0,0,0,0,CLDMSK_L2_VIIRS_NOAA20.A2022328.1900.001.2022329072844.nc
2023-10-26T06:48:00+00:00,SNPP,NIGHT,AUTUMN,1,0,0,0,720,CLDMSK_L2_VIIRS_SNPP.A2023299.0648.002.2026034002422.nc
2023-10-26T08:30:00+00:00,SNPP,NIGHT,AUTUMN,1,0,0,0,1800,CLDMSK_L2_VIIRS_SNPP.A2023299.0830.002.2026034002439.nc
2023-10-26T18:12:00+00:00,SNPP,DAY,AUTUMN,,0,0,0,720,CLDMSK_L2_VIIRS_SNPP.A2023299.1812.002.2026034002530.nc
2023-10-26T07:36:00+00:00,NOAA20,NIGHT,AUTUMN,1,0,0,0,1440,CLDMSK_L2_VIIRS_NOAA20.A2023299.0736.002.2025235090450.nc
2023-10-26T17:24:00+00:00,NOAA20,DAY,AUTUMN,,0,0,0,720,CLDMSK_L2_VIIRS_NOAA20.A2023299.1724.002.2025235090527.nc
2023-10-26T19:00:00+00:00,NOAA20,DAY,AUTUMN,,0,0,0,0,CLDMSK_L2_VIIRS_NOAA20.A2023299.1900.002.2025235090627.nc
2023-10-26T06:18:00+00:00,NOAA21,NIGHT,AUTUMN,1,0,0,0,1080,CLDMSK_L2_VIIRS_NOAA21.A2023299.0618.001.2024130192718.nc
2023-10-26T08:00:00+00:00,NOAA21,NIGHT,AUTUMN,1,0,0,0,0,CLDMSK_L2_VIIRS_NOAA21.A2023299.0800.001.2024130192706.nc
2023-10-26T17:48:00+00:00,NOAA21,DAY,AUTUMN,,0,0,0,720,CLDMSK_L2_VIIRS_NOAA21.A2023299.1748.001.2024130192732.nc
2023-02-19T06:18:00+00:00,SNPP,NIGHT,WINTER,0,0,0,0,1080,CLDMSK_L2_VIIRS_SNPP.A2023050.0618.002.2026033154105.nc
2023-02-19T08:00:00+00:00,SNPP,NIGHT,WINTER,0,0,0,0,0,CLDMSK_L2_VIIRS_SNPP.A2023050.0800.002.2026033154111.nc
2023-02-19T17:42:00+00:00,SNPP,DAY,WINTER,,0,0,0,1080,CLDMSK_L2_VIIRS_SNPP.A2023050.1742.002.2026033154223.nc
2023-02-19T19:24:00+00:00,SNPP,DAY,WINTER,,0,0,0,1440,CLDMSK_L2_VIIRS_SNPP.A2023050.1924.002.2026033154216.nc
2023-02-19T07:06:00+00:00,NOAA20,NIGHT,WINTER,0,0,0,0,360,CLDMSK_L2_VIIRS_NOAA20.A2023050.0706.001.2023233201330.nc
2023-02-19T16:48:00+00:00,NOAA20,DAY,WINTER,,0,0,0,720,CLDMSK_L2_VIIRS_NOAA20.A2023050.1648.001.2023233201340.nc
2023-02-19T18:30:00+00:00,NOAA20,DAY,WINTER,,0,0,0,1800,CLDMSK_L2_VIIRS_NOAA20.A2023050.1830.001.2023233201328.nc
2023-02-19T07:30:00+00:00,NOAA21,NIGHT,WINTER,0,0,0,0,1800,CLDMSK_L2_VIIRS_NOAA21.A2023050.0730.001.2024130183055.nc
2023-02-19T17:18:00+00:00,NOAA21,DAY,WINTER,,0,0,0,1080,CLDMSK_L2_VIIRS_NOAA21.A2023050.1718.001.2024130183055.nc
2023-02-19T18:54:00+00:00,NOAA21,DAY,WINTER,,0,0,0,360,CLDMSK_L2_VIIRS_NOAA21.A2023050.1854.001.2024130183132.nc
2023-02-05T07:18:00+00:00,SNPP,NIGHT,WINTER,1,0,0,0,1080,CLDMSK_L2_VIIRS_SNPP.A2023036.0718.002.2026033151414.nc
2023-02-05T17:06:00+00:00,SNPP,DAY,WINTER,,0,0,0,360,CLDMSK_L2_VIIRS_SNPP.A2023036.1706.002.2026033151504.nc
2023-02-05T18:48:00+00:00,SNPP,DAY,WINTER,,0,0,0,720,CLDMSK_L2_VIIRS_SNPP.A2023036.1848.002.2026033151518.nc
2023-02-05T06:30:00+00:00,NOAA20,NIGHT,WINTER,1,0,0,0,1800,CLDMSK_L2_VIIRS_NOAA20.A2023036.0630.001.2023233200506.nc
2023-02-05T08:06:00+00:00,NOAA20,NIGHT,WINTER,1,0,0,0,360,CLDMSK_L2_VIIRS_NOAA20.A2023036.0806.001.2023233200459.nc
2023-02-05T17:54:00+00:00,NOAA20,DAY,WINTER,,0,0,0,360,CLDMSK_L2_VIIRS_NOAA20.A2023036.1754.001.2023233200629.nc
2020-02-11T06:18:00+00:00,SNPP,NIGHT,WINTER,1,0,0,0,1080,CLDMSK_L2_VIIRS_SNPP.A2020042.0618.002.2026032041932.nc
2020-02-11T07:54:00+00:00,SNPP,NIGHT,WINTER,1,1,0,0,360,CLDMSK_L2_VIIRS_SNPP.A2020042.0754.002.2026032041946.nc
2020-02-11T17:42:00+00:00,SNPP,DAY,WINTER,,1,1,0,1080,CLDMSK_L2_VIIRS_SNPP.A2020042.1742.002.2026032042050.nc
2020-02-11T19:18:00+00:00,SNPP,DAY,WINTER,,0,0,0,1080,CLDMSK_L2_VIIRS_SNPP.A2020042.1918.002.2026032042104.nc
2020-02-11T07:06:00+00:00,NOAA20,NIGHT,WINTER,1,0,0,0,360,CLDMSK_L2_VIIRS_NOAA20.A2020042.0706.001.2020294222721.nc
2020-02-11T16:54:00+00:00,NOAA20,DAY,WINTER,,0,0,0,360,CLDMSK_L2_VIIRS_NOAA20.A2020042.1654.001.2020294222801.nc
2020-02-11T18:30:00+00:00,NOAA20,DAY,WINTER,,0,0,0,1800,CLDMSK_L2_VIIRS_NOAA20.A2020042.1830.001.2020294222844.nc
2025-10-17T06:12:00+00:00,SNPP,NIGHT,AUTUMN,0,1,1,1,720,CLDMSK_L2_VIIRS_SNPP.A2025290.0612.002.2026063173503.nc
2025-10-17T07:54:00+00:00,SNPP,NIGHT,AUTUMN,0,1,1,1,360,CLDMSK_L2_VIIRS_SNPP.A2025290.0754.002.2026063173509.nc
2025-10-17T17:36:00+00:00,SNPP,DAY,AUTUMN,,0,0,0,1440,CLDMSK_L2_VIIRS_SNPP.A2025290.1736.002.2026063173659.nc
2025-10-17T19:18:00+00:00,SNPP,DAY,AUTUMN,,0,0,0,1080,CLDMSK_L2_VIIRS_SNPP.A2025290.1918.002.2026063173644.nc
2025-10-17T06:36:00+00:00,NOAA20,NIGHT,AUTUMN,0,1,1,1,1440,CLDMSK_L2_VIIRS_NOAA20.A2025290.0636.001.2025290191852.nc
2025-10-17T08:12:00+00:00,NOAA20,NIGHT,AUTUMN,0,1,1,1,720,CLDMSK_L2_VIIRS_NOAA20.A2025290.0812.001.2025290201903.nc
2025-10-17T18:00:00+00:00,NOAA20,DAY,AUTUMN,,0,0,0,0,CLDMSK_L2_VIIRS_NOAA20.A2025290.1800.001.2025291072957.nc
2025-10-17T07:24:00+00:00,NOAA21,NIGHT,AUTUMN,0,1,1,1,1440,CLDMSK_L2_VIIRS_NOAA21.A2025290.0724.001.2025290192253.nc
2025-10-17T17:12:00+00:00,NOAA21,DAY,AUTUMN,,0,0,0,480,CLDMSK_L2_VIIRS_NOAA21.A2025290.1712.001.2025291011436.nc
2025-10-17T18:48:00+00:00,NOAA21,DAY,AUTUMN,,0,0,0,720,CLDMSK_L2_VIIRS_NOAA21.A2025290.1848.001.2025291072453.nc
2022-02-21T06:24:00+00:00,SNPP,NIGHT,WINTER,1,0,0,0,1440,CLDMSK_L2_VIIRS_SNPP.A2022052.0624.002.2026033050111.nc
2022-02-21T08:00:00+00:00,SNPP,NIGHT,WINTER,1,0,0,0,0,CLDMSK_L2_VIIRS_SNPP.A2022052.0800.002.2026033050129.nc
2022-02-21T08:06:00+00:00,SNPP,NIGHT,WINTER,1,0,0,0,360,CLDMSK_L2_VIIRS_SNPP.A2022052.0806.002.2026033050117.nc
2022-02-21T17:48:00+00:00,SNPP,DAY,WINTER,,0,0,0,720,CLDMSK_L2_VIIRS_SNPP.A2022052.1748.002.2026033050223.nc
2022-02-21T07:12:00+00:00,NOAA20,NIGHT,WINTER,1,0,0,0,720,CLDMSK_L2_VIIRS_NOAA20.A2022052.0712.001.2022052193931.nc
2022-02-21T16:54:00+00:00,NOAA20,DAY,WINTER,,0,0,0,360,CLDMSK_L2_VIIRS_NOAA20.A2022052.1654.001.2022053012550.nc
2022-02-21T18:36:00+00:00,NOAA20,DAY,WINTER,,0,0,0,1440,CLDMSK_L2_VIIRS_NOAA20.A2022052.1836.001.2022053072538.nc
2022-09-15T07:00:00+00:00,SNPP,NIGHT,AUTUMN,1,1,1,1,0,CLDMSK_L2_VIIRS_SNPP.A2022258.0700.002.2026033104942.nc
2022-09-15T18:24:00+00:00,SNPP,DAY,AUTUMN,,1,1,1,1440,CLDMSK_L2_VIIRS_SNPP.A2022258.1824.002.2026033105050.nc
2022-09-15T06:12:00+00:00,NOAA20,NIGHT,AUTUMN,1,1,1,1,720,CLDMSK_L2_VIIRS_NOAA20.A2022258.0612.001.2022258191611.nc
2022-09-15T07:48:00+00:00,NOAA20,NIGHT,AUTUMN,1,1,1,1,720,CLDMSK_L2_VIIRS_NOAA20.A2022258.0748.001.2022258202249.nc
2022-09-15T17:36:00+00:00,NOAA20,DAY,AUTUMN,,1,1,1,1440,CLDMSK_L2_VIIRS_NOAA20.A2022258.1736.001.2022259055909.nc
2022-09-15T19:18:00+00:00,NOAA20,DAY,AUTUMN,,1,1,1,1080,CLDMSK_L2_VIIRS_NOAA20.A2022258.1918.001.2022259074125.nc
2022-09-11T06:36:00+00:00,SNPP,NIGHT,AUTUMN,1,0,0,0,1440,CLDMSK_L2_VIIRS_SNPP.A2022254.0636.002.2026033104210.nc
2022-09-11T08:18:00+00:00,SNPP,NIGHT,AUTUMN,1,0,0,0,1080,CLDMSK_L2_VIIRS_SNPP.A2022254.0818.002.2026033104214.nc
2022-09-11T18:00:00+00:00,SNPP,DAY,AUTUMN,,0,0,0,0,CLDMSK_L2_VIIRS_SNPP.A2022254.1800.002.2026033104329.nc
2022-09-11T07:24:00+00:00,NOAA20,NIGHT,AUTUMN,1,0,0,0,1440,CLDMSK_L2_VIIRS_NOAA20.A2022254.0724.001.2022254210836.nc
2022-09-11T17:12:00+00:00,NOAA20,DAY,AUTUMN,,0,0,0,720,CLDMSK_L2_VIIRS_NOAA20.A2022254.1712.001.2022255053419.nc
2022-09-11T18:48:00+00:00,NOAA20,DAY,AUTUMN,,0,0,0,720,CLDMSK_L2_VIIRS_NOAA20.A2022254.1848.001.2022255074856.nc
2025-05-04T06:24:00+00:00,SNPP,NIGHT,SPRING,1,0,0,1,1440,CLDMSK_L2_VIIRS_SNPP.A2025124.0624.002.2026034172540.nc
2025-05-04T08:06:00+00:00,SNPP,NIGHT,SPRING,0,0,0,0,360,CLDMSK_L2_VIIRS_SNPP.A2025124.0806.002.2026034172541.nc
2025-05-04T17:48:00+00:00,SNPP,DAY,SPRING,,0,0,0,720,CLDMSK_L2_VIIRS_SNPP.A2025124.1748.002.2026034172706.nc
2025-05-04T06:48:00+00:00,NOAA20,NIGHT,SPRING,1,0,0,0,720,CLDMSK_L2_VIIRS_NOAA20.A2025124.0648.001.2025124190715.nc
2025-05-04T08:24:00+00:00,NOAA20,NIGHT,SPRING,0,0,0,0,1440,CLDMSK_L2_VIIRS_NOAA20.A2025124.0824.001.2025124203713.nc
2025-05-04T18:12:00+00:00,NOAA20,DAY,SPRING,,0,0,0,720,CLDMSK_L2_VIIRS_NOAA20.A2025124.1812.001.2025125072804.nc
2025-05-04T07:36:00+00:00,NOAA21,NIGHT,SPRING,0,0,0,0,1440,CLDMSK_L2_VIIRS_NOAA21.A2025124.0736.001.2025124190903.nc
2025-05-04T17:24:00+00:00,NOAA21,DAY,SPRING,,0,0,0,1440,CLDMSK_L2_VIIRS_NOAA21.A2025124.1724.001.2025125012906.nc
2025-05-04T19:00:00+00:00,NOAA21,DAY,SPRING,,0,0,0,0,CLDMSK_L2_VIIRS_NOAA21.A2025124.1900.001.2025125072922.nc
2025-07-03T06:00:00+00:00,SNPP,NIGHT,SUMMER,0,0,0,0,0,CLDMSK_L2_VIIRS_SNPP.A2025184.0600.002.2026034191525.nc
2025-07-03T07:42:00+00:00,SNPP,NIGHT,SUMMER,0,0,0,0,1080,CLDMSK_L2_VIIRS_SNPP.A2025184.0742.002.2026034191536.nc
2025-07-03T19:06:00+00:00,SNPP,DAY,SUMMER,,1,1,1,360,CLDMSK_L2_VIIRS_SNPP.A2025184.1906.002.2026034191642.nc
2025-07-03T06:24:00+00:00,NOAA20,NIGHT,SUMMER,0,0,0,0,1440,CLDMSK_L2_VIIRS_NOAA20.A2025184.0624.001.2025184193048.nc
2025-07-03T08:00:00+00:00,NOAA20,NIGHT,SUMMER,0,0,0,0,0,CLDMSK_L2_VIIRS_NOAA20.A2025184.0800.001.2025184203106.nc
2025-07-03T17:48:00+00:00,NOAA20,DAY,SUMMER,,0,0,1,720,CLDMSK_L2_VIIRS_NOAA20.A2025184.1748.001.2025185062113.nc
2025-07-03T07:12:00+00:00,NOAA21,NIGHT,SUMMER,0,0,0,0,720,CLDMSK_L2_VIIRS_NOAA21.A2025184.0712.001.2025184193325.nc
2025-07-03T17:00:00+00:00,NOAA21,DAY,SUMMER,,0,0,0,0,CLDMSK_L2_VIIRS_NOAA21.A2025184.1700.001.2025185013339.nc
2025-07-03T18:36:00+00:00,NOAA21,DAY,SUMMER,,1,1,1,1440,CLDMSK_L2_VIIRS_NOAA21.A2025184.1836.001.2025185073327.nc
2025-01-09T07:18:00+00:00,SNPP,NIGHT,WINTER,1,0,0,0,1080,CLDMSK_L2_VIIRS_SNPP.A2025009.0718.002.2026034135202.nc
2025-01-09T17:06:00+00:00,SNPP,DAY,WINTER,,0,0,1,360,CLDMSK_L2_VIIRS_SNPP.A2025009.1706.002.2026034135310.nc
2025-01-09T18:42:00+00:00,SNPP,DAY,WINTER,,0,0,1,1080,CLDMSK_L2_VIIRS_SNPP.A2025009.1842.002.2026034135329.nc
2025-01-09T06:00:00+00:00,NOAA20,NIGHT,WINTER,1,1,0,1,0,CLDMSK_L2_VIIRS_NOAA20.A2025009.0600.001.2025009191621.nc
2025-01-09T07:42:00+00:00,NOAA20,NIGHT,WINTER,1,0,0,0,1080,CLDMSK_L2_VIIRS_NOAA20.A2025009.0742.001.2025009201619.nc
2025-01-09T17:24:00+00:00,NOAA20,DAY,WINTER,,0,1,1,1440,CLDMSK_L2_VIIRS_NOAA20.A2025009.1724.001.2025010054556.nc
2025-01-09T19:06:00+00:00,NOAA20,DAY,WINTER,,0,0,1,360,CLDMSK_L2_VIIRS_NOAA20.A2025009.1906.001.2025010072623.nc
2025-01-09T06:54:00+00:00,NOAA21,NIGHT,WINTER,1,0,0,0,360,CLDMSK_L2_VIIRS_NOAA21.A2025009.0654.001.2025009191900.nc
2025-01-09T18:18:00+00:00,NOAA21,DAY,WINTER,,0,0,1,1080,CLDMSK_L2_VIIRS_NOAA21.A2025009.1818.001.2025010072923.nc
2020-03-11T07:12:00+00:00,SNPP,NIGHT,SPRING,1,1,0,1,720,CLDMSK_L2_VIIRS_SNPP.A2020071.0712.002.2026032053306.nc
2020-03-11T16:54:00+00:00,SNPP,DAY,SPRING,,0,0,0,360,CLDMSK_L2_VIIRS_SNPP.A2020071.1654.002.2026032053415.nc
2020-03-11T18:36:00+00:00,SNPP,DAY,SPRING,,0,0,0,1440,CLDMSK_L2_VIIRS_SNPP.A2020071.1836.002.2026032053431.nc
2020-03-11T06:24:00+00:00,NOAA20,NIGHT,SPRING,1,1,0,1,1440,CLDMSK_L2_VIIRS_NOAA20.A2020071.0624.001.2020294214540.nc
2020-03-11T08:06:00+00:00,NOAA20,NIGHT,SPRING,1,1,0,1,360,CLDMSK_L2_VIIRS_NOAA20.A2020071.0806.001.2020294214627.nc
2020-03-11T17:48:00+00:00,NOAA20,DAY,SPRING,,0,0,0,720,CLDMSK_L2_VIIRS_NOAA20.A2020071.1748.001.2020294214655.nc
2021-01-16T06:42:00+00:00,SNPP,NIGHT,WINTER,0,0,0,0,1080,CLDMSK_L2_VIIRS_SNPP.A2021016.0642.002.2026032160306.nc
2021-01-16T08:24:00+00:00,SNPP,NIGHT,WINTER,0,0,0,0,1440,CLDMSK_L2_VIIRS_SNPP.A2021016.0824.002.2026032160322.nc
2021-01-16T18:06:00+00:00,SNPP,DAY,WINTER,,0,0,0,360,CLDMSK_L2_VIIRS_SNPP.A2021016.1806.002.2026032160414.nc
2021-01-16T07:30:00+00:00,NOAA20,NIGHT,WINTER,0,0,0,0,1800,CLDMSK_L2_VIIRS_NOAA20.A2021016.0730.001.2021016190725.nc
2021-01-16T17:18:00+00:00,NOAA20,DAY,WINTER,,0,0,0,240,CLDMSK_L2_VIIRS_NOAA20.A2021016.1718.001.2021017011333.nc
2021-01-16T18:54:00+00:00,NOAA20,DAY,WINTER,,0,0,0,360,CLDMSK_L2_VIIRS_NOAA20.A2021016.1854.001.2021017070859.nc
2023-04-20T07:36:00+00:00,SNPP,NIGHT,SPRING,0,0,0,0,780,CLDMSK_L2_VIIRS_SNPP.A2023110.0736.002.2026033182940.nc
2023-04-20T17:18:00+00:00,SNPP,DAY,SPRING,,0,0,0,1080,CLDMSK_L2_VIIRS_SNPP.A2023110.1718.002.2026033183028.nc
2023-04-20T19:00:00+00:00,SNPP,DAY,SPRING,,0,0,0,0,CLDMSK_L2_VIIRS_SNPP.A2023110.1900.002.2026033183053.nc
2023-04-20T06:42:00+00:00,NOAA20,NIGHT,SPRING,0,0,0,0,180,CLDMSK_L2_VIIRS_NOAA20.A2023110.0642.001.2023233204147.nc
2023-04-20T08:24:00+00:00,NOAA20,NIGHT,SPRING,0,0,0,0,1440,CLDMSK_L2_VIIRS_NOAA20.A2023110.0824.001.2023233204139.nc
2023-04-20T18:06:00+00:00,NOAA20,DAY,SPRING,,0,0,0,360,CLDMSK_L2_VIIRS_NOAA20.A2023110.1806.001.2023233204206.nc
2023-04-20T07:06:00+00:00,NOAA21,NIGHT,SPRING,0,0,0,0,360,CLDMSK_L2_VIIRS_NOAA21.A2023110.0706.001.2024130184558.nc
2023-04-20T16:48:00+00:00,NOAA21,DAY,SPRING,,0,0,0,720,CLDMSK_L2_VIIRS_NOAA21.A2023110.1648.001.2024130184539.nc
2023-04-20T18:30:00+00:00,NOAA21,DAY,SPRING,,0,0,0,1800,CLDMSK_L2_VIIRS_NOAA21.A2023110.1830.001.2024130184511.nc
2022-06-26T07:18:00+00:00,SNPP,NIGHT,SUMMER,0,0,0,1,1080,CLDMSK_L2_VIIRS_SNPP.A2022177.0718.002.2026033084923.nc
2022-06-26T17:06:00+00:00,SNPP,DAY,SUMMER,,0,0,0,360,CLDMSK_L2_VIIRS_SNPP.A2022177.1706.002.2026033085018.nc
2022-06-26T18:42:00+00:00,SNPP,DAY,SUMMER,,0,0,0,1080,CLDMSK_L2_VIIRS_SNPP.A2022177.1842.002.2026033085018.nc
2022-06-26T06:30:00+00:00,NOAA20,NIGHT,SUMMER,0,0,0,1,1800,CLDMSK_L2_VIIRS_NOAA20.A2022177.0630.001.2022177194717.nc
2022-06-26T08:12:00+00:00,NOAA20,NIGHT,SUMMER,0,0,0,1,720,CLDMSK_L2_VIIRS_NOAA20.A2022177.0812.001.2022177203935.nc
2022-06-26T17:54:00+00:00,NOAA20,DAY,SUMMER,,0,0,0,360,CLDMSK_L2_VIIRS_NOAA20.A2022177.1754.001.2022178062251.nc
2022-09-23T06:12:00+00:00,SNPP,NIGHT,AUTUMN,0,1,1,1,720,CLDMSK_L2_VIIRS_SNPP.A2022266.0612.002.2026033110429.nc
2022-09-23T07:54:00+00:00,SNPP,NIGHT,AUTUMN,0,1,1,1,360,CLDMSK_L2_VIIRS_SNPP.A2022266.0754.002.2026033110441.nc
2022-09-23T17:36:00+00:00,SNPP,DAY,AUTUMN,,1,1,1,1440,CLDMSK_L2_VIIRS_SNPP.A2022266.1736.002.2026033110536.nc
2022-09-23T19:18:00+00:00,SNPP,DAY,AUTUMN,,1,1,1,1080,CLDMSK_L2_VIIRS_SNPP.A2022266.1918.002.2026033110540.nc
2022-09-23T07:00:00+00:00,NOAA20,NIGHT,AUTUMN,0,1,1,1,0,CLDMSK_L2_VIIRS_NOAA20.A2022266.0700.001.2022266192711.nc
2022-09-23T18:24:00+00:00,NOAA20,DAY,AUTUMN,,0,1,1,1440,CLDMSK_L2_VIIRS_NOAA20.A2022266.1824.001.2022267073720.nc
2023-06-08T07:12:00+00:00,SNPP,NIGHT,SUMMER,1,0,0,0,720,CLDMSK_L2_VIIRS_SNPP.A2023159.0712.002.2026033200021.nc
2023-06-08T17:00:00+00:00,SNPP,DAY,SUMMER,,0,0,0,0,CLDMSK_L2_VIIRS_SNPP.A2023159.1700.002.2026033200121.nc
2023-06-08T18:36:00+00:00,SNPP,DAY,SUMMER,,0,0,0,1440,CLDMSK_L2_VIIRS_SNPP.A2023159.1836.002.2026033200116.nc
2023-06-08T06:24:00+00:00,NOAA20,NIGHT,SUMMER,1,0,0,0,1440,CLDMSK_L2_VIIRS_NOAA20.A2023159.0624.001.2023233210959.nc
2023-06-08T08:06:00+00:00,NOAA20,NIGHT,SUMMER,1,0,0,0,360,CLDMSK_L2_VIIRS_NOAA20.A2023159.0806.001.2023233210936.nc
2023-06-08T17:48:00+00:00,NOAA20,DAY,SUMMER,,0,0,0,720,CLDMSK_L2_VIIRS_NOAA20.A2023159.1748.001.2023233211149.nc
2023-06-08T06:48:00+00:00,NOAA21,NIGHT,SUMMER,1,0,0,0,720,CLDMSK_L2_VIIRS_NOAA21.A2023159.0648.001.2024130185548.nc
2023-06-08T18:12:00+00:00,NOAA21,DAY,SUMMER,,0,0,0,720,CLDMSK_L2_VIIRS_NOAA21.A2023159.1812.001.2024130185616.nc
2024-02-20T06:54:00+00:00,SNPP,NIGHT,WINTER,1,0,0,1,360,CLDMSK_L2_VIIRS_SNPP.A2024051.0654.002.2026034035850.nc
2024-02-20T08:36:00+00:00,SNPP,NIGHT,WINTER,1,0,0,0,1440,CLDMSK_L2_VIIRS_SNPP.A2024051.0836.002.2026034035851.nc
2024-02-20T18:18:00+00:00,SNPP,DAY,WINTER,,1,0,1,1080,CLDMSK_L2_VIIRS_SNPP.A2024051.1818.002.2026034040007.nc
2024-02-20T06:06:00+00:00,NOAA20,NIGHT,WINTER,1,0,0,1,360,CLDMSK_L2_VIIRS_NOAA20.A2024051.0606.002.2025235150139.nc
2024-02-20T07:42:00+00:00,NOAA20,NIGHT,WINTER,1,0,0,0,1080,CLDMSK_L2_VIIRS_NOAA20.A2024051.0742.002.2025235150146.nc
2024-02-20T06:30:00+00:00,NOAA21,NIGHT,WINTER,1,0,0,1,1800,CLDMSK_L2_VIIRS_NOAA21.A2024051.0630.001.2024130195613.nc
2024-02-20T08:06:00+00:00,NOAA21,NIGHT,WINTER,1,0,0,0,360,CLDMSK_L2_VIIRS_NOAA21.A2024051.0806.001.2024130195658.nc
2024-02-20T17:54:00+00:00,NOAA21,DAY,WINTER,,0,0,1,360,CLDMSK_L2_VIIRS_NOAA21.A2024051.1754.001.2024130195718.nc
2025-12-14T06:30:00+00:00,SNPP,NIGHT,WINTER,0,1,1,1,1800,CLDMSK_L2_VIIRS_SNPP.A2025348.0630.002.2026063200509.nc
2025-12-14T08:06:00+00:00,SNPP,NIGHT,WINTER,1,1,1,1,360,CLDMSK_L2_VIIRS_SNPP.A2025348.0806.002.2026063200521.nc
2025-12-14T17:54:00+00:00,SNPP,DAY,WINTER,,0,0,1,360,CLDMSK_L2_VIIRS_SNPP.A2025348.1754.002.2026063200638.nc
2025-12-14T06:48:00+00:00,NOAA20,NIGHT,WINTER,0,0,0,1,720,CLDMSK_L2_VIIRS_NOAA20.A2025348.0648.001.2025348190939.nc
2025-12-14T08:30:00+00:00,NOAA20,NIGHT,WINTER,1,0,0,1,1800,CLDMSK_L2_VIIRS_NOAA20.A2025348.0830.001.2025348203935.nc
2025-12-14T18:12:00+00:00,NOAA20,DAY,WINTER,,1,0,1,720,CLDMSK_L2_VIIRS_NOAA20.A2025348.1812.001.2025349081951.nc
2025-12-14T07:36:00+00:00,NOAA21,NIGHT,WINTER,0,0,0,1,1440,CLDMSK_L2_VIIRS_NOAA21.A2025348.0736.001.2025348191422.nc
2025-12-14T17:24:00+00:00,NOAA21,DAY,WINTER,,0,0,1,1440,CLDMSK_L2_VIIRS_NOAA21.A2025348.1724.001.2025349011432.nc
2025-12-14T19:06:00+00:00,NOAA21,DAY,WINTER,,0,0,1,360,CLDMSK_L2_VIIRS_NOAA21.A2025348.1906.001.2025349082451.nc
2024-10-08T06:24:00+00:00,SNPP,NIGHT,AUTUMN,0,0,0,0,900,CLDMSK_L2_VIIRS_SNPP.A2024282.0624.002.2026034110038.nc
2024-10-08T08:00:00+00:00,SNPP,NIGHT,AUTUMN,0,0,0,0,0,CLDMSK_L2_VIIRS_SNPP.A2024282.0800.002.2026034110043.nc
2024-10-08T17:48:00+00:00,SNPP,DAY,AUTUMN,,1,0,0,720,CLDMSK_L2_VIIRS_SNPP.A2024282.1748.002.2026034110216.nc
2024-10-08T06:48:00+00:00,NOAA20,NIGHT,AUTUMN,0,0,0,0,540,CLDMSK_L2_VIIRS_NOAA20.A2024282.0648.002.2025236030232.nc
2024-10-08T08:24:00+00:00,NOAA20,NIGHT,AUTUMN,0,1,1,0,1440,CLDMSK_L2_VIIRS_NOAA20.A2024282.0824.002.2025236030236.nc
2024-10-08T18:12:00+00:00,NOAA20,DAY,AUTUMN,,0,0,0,540,CLDMSK_L2_VIIRS_NOAA20.A2024282.1812.002.2025236030448.nc
2024-10-08T17:24:00+00:00,NOAA21,DAY,AUTUMN,,0,0,0,240,CLDMSK_L2_VIIRS_NOAA21.A2024282.1724.001.2024283012940.nc
2024-10-08T19:06:00+00:00,NOAA21,DAY,AUTUMN,,1,0,0,360,CLDMSK_L2_VIIRS_NOAA21.A2024282.1906.001.2024283073008.nc
2023-09-16T06:00:00+00:00,SNPP,NIGHT,AUTUMN,0,1,1,1,0,CLDMSK_L2_VIIRS_SNPP.A2023259.0600.002.2026033231023.nc
2023-09-16T07:36:00+00:00,SNPP,NIGHT,AUTUMN,0,1,1,1,1440,CLDMSK_L2_VIIRS_SNPP.A2023259.0736.002.2026033231028.nc
2023-09-16T17:24:00+00:00,SNPP,DAY,AUTUMN,,0,1,0,1440,CLDMSK_L2_VIIRS_SNPP.A2023259.1724.002.2026033231128.nc
2023-09-16T19:06:00+00:00,SNPP,DAY,AUTUMN,,0,0,0,360,CLDMSK_L2_VIIRS_SNPP.A2023259.1906.002.2026033231135.nc
2023-09-16T06:48:00+00:00,NOAA20,NIGHT,AUTUMN,0,1,1,1,720,CLDMSK_L2_VIIRS_NOAA20.A2023259.0648.002.2025235070944.nc
2023-09-16T08:30:00+00:00,NOAA20,NIGHT,AUTUMN,0,1,1,1,1800,CLDMSK_L2_VIIRS_NOAA20.A2023259.0830.002.2025235070926.nc
2023-09-16T18:12:00+00:00,NOAA20,DAY,AUTUMN,,0,0,0,720,CLDMSK_L2_VIIRS_NOAA20.A2023259.1812.002.2025235071100.nc
2023-09-16T07:12:00+00:00,NOAA21,NIGHT,AUTUMN,0,1,1,1,720,CLDMSK_L2_VIIRS_NOAA21.A2023259.0712.001.2024130191834.nc
2023-09-16T16:54:00+00:00,NOAA21,DAY,AUTUMN,,0,0,0,360,CLDMSK_L2_VIIRS_NOAA21.A2023259.1654.001.2024130191851.nc
2023-09-16T18:36:00+00:00,NOAA21,DAY,AUTUMN,,1,0,0,1440,CLDMSK_L2_VIIRS_NOAA21.A2023259.1836.001.2024130191856.nc
2023-12-12T07:06:00+00:00,SNPP,NIGHT,WINTER,0,0,0,0,360,CLDMSK_L2_VIIRS_SNPP.A2023346.0706.002.2026034015033.nc
2023-12-12T16:54:00+00:00,SNPP,DAY,WINTER,,0,0,0,360,CLDMSK_L2_VIIRS_SNPP.A2023346.1654.002.2026034015123.nc
2023-12-12T18:30:00+00:00,SNPP,DAY,WINTER,,0,0,0,1800,CLDMSK_L2_VIIRS_SNPP.A2023346.1830.002.2026034015150.nc
2023-12-12T06:18:00+00:00,NOAA20,NIGHT,WINTER,0,0,0,0,1080,CLDMSK_L2_VIIRS_NOAA20.A2023346.0618.002.2025235113232.nc
2023-12-12T07:54:00+00:00,NOAA20,NIGHT,WINTER,0,1,1,0,360,CLDMSK_L2_VIIRS_NOAA20.A2023346.0754.002.2025235113242.nc
2023-12-12T17:42:00+00:00,NOAA20,DAY,WINTER,,0,0,0,1080,CLDMSK_L2_VIIRS_NOAA20.A2023346.1742.002.2025235113400.nc
2023-12-12T19:24:00+00:00,NOAA20,DAY,WINTER,,0,0,0,1440,CLDMSK_L2_VIIRS_NOAA20.A2023346.1924.002.2025235113333.nc
2023-12-12T06:42:00+00:00,NOAA21,NIGHT,WINTER,0,0,0,0,1080,CLDMSK_L2_VIIRS_NOAA21.A2023346.0642.001.2024130193830.nc
2023-12-12T08:18:00+00:00,NOAA21,NIGHT,WINTER,0,0,0,0,1080,CLDMSK_L2_VIIRS_NOAA21.A2023346.0818.001.2024130193847.nc
2023-12-12T18:06:00+00:00,NOAA21,DAY,WINTER,,0,0,0,360,CLDMSK_L2_VIIRS_NOAA21.A2023346.1806.001.2024130193826.nc
2023-01-14T07:36:00+00:00,SNPP,NIGHT,WINTER,1,1,1,0,1440,CLDMSK_L2_VIIRS_SNPP.A2023014.0736.002.2026033143338.nc
2023-01-14T17:18:00+00:00,SNPP,DAY,WINTER,,0,0,1,1080,CLDMSK_L2_VIIRS_SNPP.A2023014.1718.002.2026033143439.nc
2023-01-14T19:00:00+00:00,SNPP,DAY,WINTER,,1,0,1,0,CLDMSK_L2_VIIRS_SNPP.A2023014.1900.002.2026033143445.nc
2023-01-14T06:42:00+00:00,NOAA20,NIGHT,WINTER,1,0,0,0,1080,CLDMSK_L2_VIIRS_NOAA20.A2023014.0642.001.2023233195145.nc
2023-01-14T08:24:00+00:00,NOAA20,NIGHT,WINTER,1,1,0,0,1440,CLDMSK_L2_VIIRS_NOAA20.A2023014.0824.001.2023233195228.nc
2023-01-14T18:06:00+00:00,NOAA20,DAY,WINTER,,1,1,1,360,CLDMSK_L2_VIIRS_NOAA20.A2023014.1806.001.2023233195347.nc
2023-06-09T06:54:00+00:00,SNPP,NIGHT,SUMMER,1,0,0,0,360,CLDMSK_L2_VIIRS_SNPP.A2023160.0654.002.2026033200212.nc
2023-06-09T18:18:00+00:00,SNPP,DAY,SUMMER,,0,0,0,1080,CLDMSK_L2_VIIRS_SNPP.A2023160.1818.002.2026033200317.nc
2023-06-09T06:06:00+00:00,NOAA20,NIGHT,SUMMER,1,0,0,0,360,CLDMSK_L2_VIIRS_NOAA20.A2023160.0606.001.2023233211149.nc
2023-06-09T07:42:00+00:00,NOAA20,NIGHT,SUMMER,1,0,0,0,1080,CLDMSK_L2_VIIRS_NOAA20.A2023160.0742.001.2023233211151.nc
2023-06-09T17:30:00+00:00,NOAA20,DAY,SUMMER,,0,0,0,1800,CLDMSK_L2_VIIRS_NOAA20.A2023160.1730.001.2023233211123.nc
2023-06-09T19:12:00+00:00,NOAA20,DAY,SUMMER,,0,0,0,720,CLDMSK_L2_VIIRS_NOAA20.A2023160.1912.001.2023233211214.nc
2023-06-09T06:30:00+00:00,NOAA21,NIGHT,SUMMER,1,0,0,0,1800,CLDMSK_L2_VIIRS_NOAA21.A2023160.0630.001.2024130185635.nc
2023-06-09T08:06:00+00:00,NOAA21,NIGHT,SUMMER,1,0,0,0,360,CLDMSK_L2_VIIRS_NOAA21.A2023160.0806.001.2024130185700.nc
2023-06-09T17:54:00+00:00,NOAA21,DAY,SUMMER,,0,0,0,360,CLDMSK_L2_VIIRS_NOAA21.A2023160.1754.001.2024130185707.nc
2022-08-02T06:36:00+00:00,NOAA20,NIGHT,SUMMER,0,0,0,0,1440,CLDMSK_L2_VIIRS_NOAA20.A2022214.0636.001.2022214193501.nc
2022-08-02T08:18:00+00:00,NOAA20,NIGHT,SUMMER,0,0,0,1,1080,CLDMSK_L2_VIIRS_NOAA20.A2022214.0818.001.2022214210714.nc
2022-08-02T18:00:00+00:00,NOAA20,DAY,SUMMER,,1,0,0,0,CLDMSK_L2_VIIRS_NOAA20.A2022214.1800.001.2022215073744.nc
2021-05-09T06:24:00+00:00,SNPP,NIGHT,SPRING,0,1,1,0,1440,CLDMSK_L2_VIIRS_SNPP.A2021129.0624.002.2026032201421.nc
2021-05-09T08:00:00+00:00,SNPP,NIGHT,SPRING,0,0,0,0,0,CLDMSK_L2_VIIRS_SNPP.A2021129.0800.002.2026032201437.nc
2021-05-09T17:48:00+00:00,SNPP,DAY,SPRING,,0,0,0,720,CLDMSK_L2_VIIRS_SNPP.A2021129.1748.002.2026032201535.nc
2021-05-09T07:12:00+00:00,NOAA20,NIGHT,SPRING,0,1,1,1,720,CLDMSK_L2_VIIRS_NOAA20.A2021129.0712.001.2021129192817.nc
2021-05-09T17:00:00+00:00,NOAA20,DAY,SPRING,,0,0,0,0,CLDMSK_L2_VIIRS_NOAA20.A2021129.1700.001.2021130013331.nc
2021-05-09T18:36:00+00:00,NOAA20,DAY,SPRING,,0,0,0,1440,CLDMSK_L2_VIIRS_NOAA20.A2021129.1836.001.2021130073505.nc
2022-02-27T06:12:00+00:00,SNPP,NIGHT,WINTER,0,1,1,1,720,CLDMSK_L2_VIIRS_SNPP.A2022058.0612.002.2026033051151.nc
2022-02-27T07:48:00+00:00,SNPP,NIGHT,WINTER,0,1,1,1,720,CLDMSK_L2_VIIRS_SNPP.A2022058.0748.002.2026033051204.nc
2022-02-27T17:36:00+00:00,SNPP,DAY,WINTER,,0,0,0,1440,CLDMSK_L2_VIIRS_SNPP.A2022058.1736.002.2026033051258.nc
2022-02-27T19:18:00+00:00,SNPP,DAY,WINTER,,0,0,0,1080,CLDMSK_L2_VIIRS_SNPP.A2022058.1918.002.2026033051313.nc
2022-02-27T07:00:00+00:00,NOAA20,NIGHT,WINTER,0,0,0,1,0,CLDMSK_L2_VIIRS_NOAA20.A2022058.0700.001.2022058192850.nc
2022-02-27T18:24:00+00:00,NOAA20,DAY,WINTER,,0,0,0,1200,CLDMSK_L2_VIIRS_NOAA20.A2022058.1824.001.2022059072542.nc
2021-05-04T06:18:00+00:00,SNPP,NIGHT,SPRING,0,0,0,0,1080,CLDMSK_L2_VIIRS_SNPP.A2021124.0618.002.2026032200456.nc
2021-05-04T07:54:00+00:00,SNPP,NIGHT,SPRING,1,0,0,0,360,CLDMSK_L2_VIIRS_SNPP.A2021124.0754.002.2026032200459.nc
2021-05-04T17:42:00+00:00,SNPP,DAY,SPRING,,0,0,0,180,CLDMSK_L2_VIIRS_SNPP.A2021124.1742.002.2026032200616.nc
2021-05-04T19:18:00+00:00,SNPP,DAY,SPRING,,0,0,0,1080,CLDMSK_L2_VIIRS_SNPP.A2021124.1918.002.2026032200618.nc
2021-05-04T07:06:00+00:00,NOAA20,NIGHT,SPRING,0,0,0,0,120,CLDMSK_L2_VIIRS_NOAA20.A2021124.0706.001.2021124193507.nc
2021-05-04T16:54:00+00:00,NOAA20,DAY,SPRING,,0,0,0,360,CLDMSK_L2_VIIRS_NOAA20.A2021124.1654.001.2021125013200.nc
2021-05-04T18:30:00+00:00,NOAA20,DAY,SPRING,,0,0,0,780,CLDMSK_L2_VIIRS_NOAA20.A2021124.1830.001.2021125072659.nc
2022-01-28T07:12:00+00:00,SNPP,NIGHT,WINTER,0,0,0,0,720,CLDMSK_L2_VIIRS_SNPP.A2022028.0712.002.2026033041713.nc
2022-01-28T17:00:00+00:00,SNPP,DAY,WINTER,,0,0,1,0,CLDMSK_L2_VIIRS_SNPP.A2022028.1700.002.2026033041818.nc
2022-01-28T18:36:00+00:00,SNPP,DAY,WINTER,,0,0,1,1440,CLDMSK_L2_VIIRS_SNPP.A2022028.1836.002.2026033041825.nc
2022-01-28T06:24:00+00:00,NOAA20,NIGHT,WINTER,0,0,0,0,1440,CLDMSK_L2_VIIRS_NOAA20.A2022028.0624.001.2022028192728.nc
2022-01-28T08:00:00+00:00,NOAA20,NIGHT,WINTER,0,0,0,0,0,CLDMSK_L2_VIIRS_NOAA20.A2022028.0800.001.2022028192714.nc
2022-01-28T17:48:00+00:00,NOAA20,DAY,WINTER,,0,0,1,720,CLDMSK_L2_VIIRS_NOAA20.A2022028.1748.001.2022029014328.nc
2022-06-05T07:12:00+00:00,SNPP,NIGHT,SUMMER,0,1,1,1,720,CLDMSK_L2_VIIRS_SNPP.A2022156.0712.002.2026033081038.nc
2022-06-05T16:54:00+00:00,SNPP,DAY,SUMMER,,0,0,0,360,CLDMSK_L2_VIIRS_SNPP.A2022156.1654.002.2026033081141.nc
2022-06-05T18:36:00+00:00,SNPP,DAY,SUMMER,,0,0,0,1440,CLDMSK_L2_VIIRS_SNPP.A2022156.1836.002.2026033081146.nc
2022-06-05T06:24:00+00:00,NOAA20,NIGHT,SUMMER,0,0,0,1,1440,CLDMSK_L2_VIIRS_NOAA20.A2022156.0624.001.2022156194650.nc
2022-06-05T08:06:00+00:00,NOAA20,NIGHT,SUMMER,0,0,1,1,360,CLDMSK_L2_VIIRS_NOAA20.A2022156.0806.001.2022156203959.nc
2022-06-05T17:48:00+00:00,NOAA20,DAY,SUMMER,,0,0,0,720,CLDMSK_L2_VIIRS_NOAA20.A2022156.1748.001.2022157063649.nc
2025-06-06T06:06:00+00:00,SNPP,NIGHT,SUMMER,1,0,0,0,360,CLDMSK_L2_VIIRS_SNPP.A2025157.0606.002.2026034182555.nc
2025-06-06T07:48:00+00:00,SNPP,NIGHT,SUMMER,0,0,0,0,720,CLDMSK_L2_VIIRS_SNPP.A2025157.0748.002.2026034182607.nc
2025-06-06T17:30:00+00:00,SNPP,DAY,SUMMER,,0,0,0,1800,CLDMSK_L2_VIIRS_SNPP.A2025157.1730.002.2026034182653.nc
2025-06-06T19:12:00+00:00,SNPP,DAY,SUMMER,,0,0,0,720,CLDMSK_L2_VIIRS_SNPP.A2025157.1912.002.2026034182704.nc
2025-06-06T06:30:00+00:00,NOAA20,NIGHT,SUMMER,1,0,0,0,1800,CLDMSK_L2_VIIRS_NOAA20.A2025157.0630.001.2025157192143.nc
2025-06-06T08:06:00+00:00,NOAA20,NIGHT,SUMMER,0,0,0,0,360,CLDMSK_L2_VIIRS_NOAA20.A2025157.0806.001.2025157202156.nc
2025-06-06T17:54:00+00:00,NOAA20,DAY,SUMMER,,0,0,0,360,CLDMSK_L2_VIIRS_NOAA20.A2025157.1754.001.2025158061254.nc
2025-06-06T07:18:00+00:00,NOAA21,NIGHT,SUMMER,0,0,0,0,1080,CLDMSK_L2_VIIRS_NOAA21.A2025157.0718.001.2025157191249.nc
2025-06-06T17:06:00+00:00,NOAA21,DAY,SUMMER,,0,0,0,360,CLDMSK_L2_VIIRS_NOAA21.A2025157.1706.001.2025158012317.nc
2025-06-06T18:42:00+00:00,NOAA21,DAY,SUMMER,,0,0,0,1080,CLDMSK_L2_VIIRS_NOAA21.A2025157.1842.001.2025158072401.nc
2023-02-06T07:00:00+00:00,SNPP,NIGHT,WINTER,1,0,0,0,0,CLDMSK_L2_VIIRS_SNPP.A2023037.0700.002.2026033151606.nc
2023-02-06T18:24:00+00:00,SNPP,DAY,WINTER,,1,0,0,1440,CLDMSK_L2_VIIRS_SNPP.A2023037.1824.002.2026033151708.nc
2023-02-06T06:12:00+00:00,NOAA20,NIGHT,WINTER,1,0,0,0,720,CLDMSK_L2_VIIRS_NOAA20.A2023037.0612.001.2023233200552.nc
2023-02-06T07:48:00+00:00,NOAA20,NIGHT,WINTER,1,0,0,0,720,CLDMSK_L2_VIIRS_NOAA20.A2023037.0748.001.2023233200529.nc
2023-02-06T17:36:00+00:00,NOAA20,DAY,WINTER,,0,0,0,1440,CLDMSK_L2_VIIRS_NOAA20.A2023037.1736.001.2023233200606.nc
2023-02-06T19:18:00+00:00,NOAA20,DAY,WINTER,,1,0,1,1080,CLDMSK_L2_VIIRS_NOAA20.A2023037.1918.001.2023233200623.nc
2025-11-18T06:12:00+00:00,SNPP,NIGHT,AUTUMN,0,0,0,0,720,CLDMSK_L2_VIIRS_SNPP.A2025322.0612.002.2026063190022.nc
2025-11-18T07:54:00+00:00,SNPP,NIGHT,AUTUMN,0,0,0,0,360,CLDMSK_L2_VIIRS_SNPP.A2025322.0754.002.2026063190045.nc
2025-11-18T17:36:00+00:00,SNPP,DAY,AUTUMN,,0,0,0,1440,CLDMSK_L2_VIIRS_SNPP.A2025322.1736.002.2026063190153.nc
2025-11-18T19:18:00+00:00,SNPP,DAY,AUTUMN,,0,0,0,1080,CLDMSK_L2_VIIRS_SNPP.A2025322.1918.002.2026063190217.nc
2025-11-18T06:36:00+00:00,NOAA20,NIGHT,AUTUMN,0,0,0,0,1440,CLDMSK_L2_VIIRS_NOAA20.A2025322.0636.001.2025322190531.nc
2025-11-18T08:18:00+00:00,NOAA20,NIGHT,AUTUMN,0,0,0,0,1080,CLDMSK_L2_VIIRS_NOAA20.A2025322.0818.001.2025322203519.nc
2025-11-18T18:00:00+00:00,NOAA20,DAY,AUTUMN,,1,0,0,0,CLDMSK_L2_VIIRS_NOAA20.A2025322.1800.001.2025323073614.nc
2025-11-18T07:24:00+00:00,NOAA21,NIGHT,AUTUMN,0,0,0,0,1440,CLDMSK_L2_VIIRS_NOAA21.A2025322.0724.001.2025322190754.nc
2025-11-18T17:12:00+00:00,NOAA21,DAY,AUTUMN,,0,0,0,720,CLDMSK_L2_VIIRS_NOAA21.A2025322.1712.001.2025323010843.nc
2025-11-18T18:48:00+00:00,NOAA21,DAY,AUTUMN,,0,0,0,720,CLDMSK_L2_VIIRS_NOAA21.A2025322.1848.001.2025323073907.nc
2023-03-05T06:54:00+00:00,SNPP,NIGHT,SPRING,1,0,0,0,360,CLDMSK_L2_VIIRS_SNPP.A2023064.0654.002.2026033161054.nc
2023-03-05T08:36:00+00:00,SNPP,NIGHT,SPRING,1,0,0,0,1440,CLDMSK_L2_VIIRS_SNPP.A2023064.0836.002.2026033161110.nc
2023-03-05T18:18:00+00:00,SNPP,DAY,SPRING,,0,0,0,1080,CLDMSK_L2_VIIRS_SNPP.A2023064.1818.002.2026033161201.nc
2023-03-05T06:06:00+00:00,NOAA20,NIGHT,SPRING,1,0,0,0,360,CLDMSK_L2_VIIRS_NOAA20.A2023064.0606.001.2023233201959.nc
2023-03-05T07:42:00+00:00,NOAA20,NIGHT,SPRING,1,0,0,0,1080,CLDMSK_L2_VIIRS_NOAA20.A2023064.0742.001.2023233202003.nc
2023-03-05T17:30:00+00:00,NOAA20,DAY,SPRING,,0,0,0,1800,CLDMSK_L2_VIIRS_NOAA20.A2023064.1730.001.2023233202015.nc
2023-03-05T19:06:00+00:00,NOAA20,DAY,SPRING,,0,0,0,360,CLDMSK_L2_VIIRS_NOAA20.A2023064.1906.001.2023233202010.nc
2023-03-05T06:30:00+00:00,NOAA21,NIGHT,SPRING,1,0,0,0,1800,CLDMSK_L2_VIIRS_NOAA21.A2023064.0630.001.2024130183347.nc
2023-03-05T08:06:00+00:00,NOAA21,NIGHT,SPRING,1,0,0,0,360,CLDMSK_L2_VIIRS_NOAA21.A2023064.0806.001.2024130183326.nc
2023-03-05T17:54:00+00:00,NOAA21,DAY,SPRING,,0,0,0,360,CLDMSK_L2_VIIRS_NOAA21.A2023064.1754.001.2024130183427.nc
2021-02-15T07:18:00+00:00,SNPP,NIGHT,WINTER,0,0,0,0,1080,CLDMSK_L2_VIIRS_SNPP.A2021046.0718.002.2026032174142.nc
2021-02-15T17:00:00+00:00,SNPP,DAY,WINTER,,0,0,0,0,CLDMSK_L2_VIIRS_SNPP.A2021046.1700.002.2026032174250.nc
2021-02-15T18:42:00+00:00,SNPP,DAY,WINTER,,0,0,0,1080,CLDMSK_L2_VIIRS_SNPP.A2021046.1842.002.2026032174257.nc
2021-02-15T06:30:00+00:00,NOAA20,NIGHT,WINTER,0,0,0,0,1800,CLDMSK_L2_VIIRS_NOAA20.A2021046.0630.001.2021046191329.nc
2021-02-15T08:06:00+00:00,NOAA20,NIGHT,WINTER,0,0,0,0,360,CLDMSK_L2_VIIRS_NOAA20.A2021046.0806.001.2021046191328.nc
2021-02-15T17:54:00+00:00,NOAA20,DAY,WINTER,,1,0,0,360,CLDMSK_L2_VIIRS_NOAA20.A2021046.1754.001.2021047012114.nc
2022-03-06T07:18:00+00:00,SNPP,NIGHT,SPRING,0,0,0,1,1080,CLDMSK_L2_VIIRS_SNPP.A2022065.0718.002.2026033052434.nc
2022-03-06T17:06:00+00:00,SNPP,DAY,SPRING,,0,0,0,360,CLDMSK_L2_VIIRS_SNPP.A2022065.1706.002.2026033052539.nc
2022-03-06T18:42:00+00:00,SNPP,DAY,SPRING,,0,1,1,1080,CLDMSK_L2_VIIRS_SNPP.A2022065.1842.002.2026033052605.nc
2022-03-06T06:30:00+00:00,NOAA20,NIGHT,SPRING,0,1,1,1,1800,CLDMSK_L2_VIIRS_NOAA20.A2022065.0630.001.2022065193729.nc
2022-03-06T08:12:00+00:00,NOAA20,NIGHT,SPRING,0,0,0,0,720,CLDMSK_L2_VIIRS_NOAA20.A2022065.0812.001.2022065193720.nc
2022-03-06T17:54:00+00:00,NOAA20,DAY,SPRING,,0,0,0,360,CLDMSK_L2_VIIRS_NOAA20.A2022065.1754.001.2022066020823.nc
2023-04-28T06:42:00+00:00,SNPP,NIGHT,SPRING,1,0,0,1,1080,CLDMSK_L2_VIIRS_SNPP.A2023118.0642.002.2026033184401.nc
2023-04-28T08:24:00+00:00,SNPP,NIGHT,SPRING,0,0,0,1,1440,CLDMSK_L2_VIIRS_SNPP.A2023118.0824.002.2026033184405.nc
2023-04-28T18:06:00+00:00,SNPP,DAY,SPRING,,0,0,0,360,CLDMSK_L2_VIIRS_SNPP.A2023118.1806.002.2026033184458.nc
2023-04-28T07:30:00+00:00,NOAA20,NIGHT,SPRING,0,0,0,1,1800,CLDMSK_L2_VIIRS_NOAA20.A2023118.0730.001.2023233204633.nc
2023-04-28T17:18:00+00:00,NOAA20,DAY,SPRING,,0,0,0,1080,CLDMSK_L2_VIIRS_NOAA20.A2023118.1718.001.2023233204806.nc
2023-04-28T18:54:00+00:00,NOAA20,DAY,SPRING,,0,0,0,360,CLDMSK_L2_VIIRS_NOAA20.A2023118.1854.001.2023233204810.nc
2023-04-28T06:12:00+00:00,NOAA21,NIGHT,SPRING,1,0,0,1,720,CLDMSK_L2_VIIRS_NOAA21.A2023118.0612.001.2024130184951.nc
2023-04-28T07:54:00+00:00,NOAA21,NIGHT,SPRING,0,0,0,1,360,CLDMSK_L2_VIIRS_NOAA21.A2023118.0754.001.2024130184949.nc
2023-04-28T17:42:00+00:00,NOAA21,DAY,SPRING,,0,0,0,1080,CLDMSK_L2_VIIRS_NOAA21.A2023118.1742.001.2024130184531.nc
2023-04-28T19:18:00+00:00,NOAA21,DAY,SPRING,,0,0,0,120,CLDMSK_L2_VIIRS_NOAA21.A2023118.1918.001.2024130184525.nc
2022-07-20T06:30:00+00:00,SNPP,NIGHT,SUMMER,1,0,0,0,1800,CLDMSK_L2_VIIRS_SNPP.A2022201.0630.002.2026033093333.nc
2022-07-20T08:12:00+00:00,SNPP,NIGHT,SUMMER,1,0,0,0,720,CLDMSK_L2_VIIRS_SNPP.A2022201.0812.002.2026033093335.nc
2022-07-20T17:54:00+00:00,SNPP,DAY,SUMMER,,0,0,0,360,CLDMSK_L2_VIIRS_SNPP.A2022201.1754.002.2026033093434.nc
2022-07-20T07:18:00+00:00,NOAA20,NIGHT,SUMMER,1,0,0,0,1080,CLDMSK_L2_VIIRS_NOAA20.A2022201.0718.001.2022215162407.nc
2022-07-20T17:06:00+00:00,NOAA20,DAY,SUMMER,,0,0,0,360,CLDMSK_L2_VIIRS_NOAA20.A2022201.1706.001.2022215162507.nc
2022-07-20T18:42:00+00:00,NOAA20,DAY,SUMMER,,0,0,0,1080,CLDMSK_L2_VIIRS_NOAA20.A2022201.1842.001.2022215162527.nc
2024-01-18T07:12:00+00:00,SNPP,NIGHT,WINTER,0,0,0,0,720,CLDMSK_L2_VIIRS_SNPP.A2024018.0712.002.2026034025906.nc
2024-01-18T17:00:00+00:00,SNPP,DAY,WINTER,,0,0,0,0,CLDMSK_L2_VIIRS_SNPP.A2024018.1700.002.2026034030014.nc
2024-01-18T18:36:00+00:00,SNPP,DAY,WINTER,,1,0,0,540,CLDMSK_L2_VIIRS_SNPP.A2024018.1836.002.2026034030015.nc
2024-01-18T06:24:00+00:00,NOAA20,NIGHT,WINTER,0,0,1,0,1440,CLDMSK_L2_VIIRS_NOAA20.A2024018.0624.002.2025235131942.nc
2024-01-18T08:00:00+00:00,NOAA20,NIGHT,WINTER,0,0,0,0,0,CLDMSK_L2_VIIRS_NOAA20.A2024018.0800.002.2025235131959.nc
2024-01-18T17:48:00+00:00,NOAA20,DAY,WINTER,,0,0,0,420,CLDMSK_L2_VIIRS_NOAA20.A2024018.1748.002.2025235132156.nc
2024-01-18T06:48:00+00:00,NOAA21,NIGHT,WINTER,0,0,0,0,720,CLDMSK_L2_VIIRS_NOAA21.A2024018.0648.001.2024130194839.nc
2024-01-18T08:24:00+00:00,NOAA21,NIGHT,WINTER,0,0,0,0,1440,CLDMSK_L2_VIIRS_NOAA21.A2024018.0824.001.2024130194903.nc
2024-01-18T18:12:00+00:00,NOAA21,DAY,WINTER,,0,0,0,720,CLDMSK_L2_VIIRS_NOAA21.A2024018.1812.001.2024130194949.nc
2023-05-23T07:12:00+00:00,SNPP,NIGHT,SPRING,0,1,1,1,720,CLDMSK_L2_VIIRS_SNPP.A2023143.0712.002.2026033193020.nc
2023-05-23T17:00:00+00:00,SNPP,DAY,SPRING,,1,0,0,0,CLDMSK_L2_VIIRS_SNPP.A2023143.1700.002.2026033193118.nc
2023-05-23T18:42:00+00:00,SNPP,DAY,SPRING,,1,1,0,1080,CLDMSK_L2_VIIRS_SNPP.A2023143.1842.002.2026033193114.nc
2023-05-23T06:24:00+00:00,NOAA20,NIGHT,SPRING,0,1,1,1,1440,CLDMSK_L2_VIIRS_NOAA20.A2023143.0624.001.2023233210049.nc
2023-05-23T08:06:00+00:00,NOAA20,NIGHT,SPRING,0,1,1,1,360,CLDMSK_L2_VIIRS_NOAA20.A2023143.0806.001.2023233210120.nc
2023-05-23T17:48:00+00:00,NOAA20,DAY,SPRING,,1,1,0,720,CLDMSK_L2_VIIRS_NOAA20.A2023143.1748.001.2023233210121.nc
2023-05-23T06:48:00+00:00,NOAA21,NIGHT,SPRING,0,1,1,1,720,CLDMSK_L2_VIIRS_NOAA21.A2023143.0648.001.2024130185152.nc
2023-05-23T08:24:00+00:00,NOAA21,NIGHT,SPRING,0,1,1,1,1440,CLDMSK_L2_VIIRS_NOAA21.A2023143.0824.001.2024130185211.nc
2023-05-23T18:12:00+00:00,NOAA21,DAY,SPRING,,1,1,0,720,CLDMSK_L2_VIIRS_NOAA21.A2023143.1812.001.2024130185256.nc
2020-02-27T06:18:00+00:00,SNPP,NIGHT,WINTER,0,1,1,0,900,CLDMSK_L2_VIIRS_SNPP.A2020058.0618.002.2026032050021.nc
2020-02-27T07:54:00+00:00,SNPP,NIGHT,WINTER,0,0,0,0,120,CLDMSK_L2_VIIRS_SNPP.A2020058.0754.002.2026032050039.nc
2020-02-27T17:42:00+00:00,SNPP,DAY,WINTER,,0,0,0,1080,CLDMSK_L2_VIIRS_SNPP.A2020058.1742.002.2026032050142.nc
2020-02-27T19:24:00+00:00,SNPP,DAY,WINTER,,0,0,0,1440,CLDMSK_L2_VIIRS_SNPP.A2020058.1924.002.2026032050200.nc
2020-02-27T07:06:00+00:00,NOAA20,NIGHT,WINTER,0,0,0,0,360,CLDMSK_L2_VIIRS_NOAA20.A2020058.0706.001.2020294220426.nc
2020-02-27T16:54:00+00:00,NOAA20,DAY,WINTER,,0,0,0,360,CLDMSK_L2_VIIRS_NOAA20.A2020058.1654.001.2020294220500.nc
2020-02-27T18:30:00+00:00,NOAA20,DAY,WINTER,,0,0,0,1800,CLDMSK_L2_VIIRS_NOAA20.A2020058.1830.001.2020294220602.nc
2021-06-02T07:12:00+00:00,SNPP,NIGHT,SUMMER,1,0,0,1,720,CLDMSK_L2_VIIRS_SNPP.A2021153.0712.002.2026032205817.nc
2021-06-02T16:54:00+00:00,SNPP,DAY,SUMMER,,0,0,0,360,CLDMSK_L2_VIIRS_SNPP.A2021153.1654.002.2026032205919.nc
2021-06-02T18:36:00+00:00,SNPP,DAY,SUMMER,,1,0,0,1440,CLDMSK_L2_VIIRS_SNPP.A2021153.1836.002.2026032205928.nc
2021-06-02T06:24:00+00:00,NOAA20,NIGHT,SUMMER,0,0,0,1,1440,CLDMSK_L2_VIIRS_NOAA20.A2021153.0624.001.2021153194008.nc
2021-06-02T08:06:00+00:00,NOAA20,NIGHT,SUMMER,1,0,0,1,360,CLDMSK_L2_VIIRS_NOAA20.A2021153.0806.001.2021153194040.nc
2021-06-02T17:48:00+00:00,NOAA20,DAY,SUMMER,,0,0,0,720,CLDMSK_L2_VIIRS_NOAA20.A2021153.1748.001.2021154013014.nc
2023-01-28T06:30:00+00:00,SNPP,NIGHT,WINTER,0,0,0,0,780,CLDMSK_L2_VIIRS_SNPP.A2023028.0630.002.2026033145939.nc
2023-01-28T08:12:00+00:00,SNPP,NIGHT,WINTER,0,0,0,0,720,CLDMSK_L2_VIIRS_SNPP.A2023028.0812.002.2026033145948.nc
2023-01-28T17:54:00+00:00,SNPP,DAY,WINTER,,0,0,0,360,CLDMSK_L2_VIIRS_SNPP.A2023028.1754.002.2026033150054.nc
2023-01-28T07:18:00+00:00,NOAA20,NIGHT,WINTER,0,0,0,0,1080,CLDMSK_L2_VIIRS_NOAA20.A2023028.0718.001.2023233200051.nc
2023-01-28T17:06:00+00:00,NOAA20,DAY,WINTER,,0,0,0,360,CLDMSK_L2_VIIRS_NOAA20.A2023028.1706.001.2023233200112.nc
2023-01-28T18:42:00+00:00,NOAA20,DAY,WINTER,,0,0,0,1080,CLDMSK_L2_VIIRS_NOAA20.A2023028.1842.001.2023233200124.nc
2020-07-05T07:36:00+00:00,SNPP,NIGHT,SUMMER,1,0,0,1,1440,CLDMSK_L2_VIIRS_SNPP.A2020187.0736.002.2026032100033.nc
2020-07-05T17:24:00+00:00,SNPP,DAY,SUMMER,,0,0,0,1440,CLDMSK_L2_VIIRS_SNPP.A2020187.1724.002.2026032100118.nc
2020-07-05T19:00:00+00:00,SNPP,DAY,SUMMER,,0,0,0,0,CLDMSK_L2_VIIRS_SNPP.A2020187.1900.002.2026032100132.nc
2020-07-05T06:48:00+00:00,NOAA20,NIGHT,SUMMER,1,0,0,1,720,CLDMSK_L2_VIIRS_NOAA20.A2020187.0648.001.2020294153828.nc
2020-07-05T18:12:00+00:00,NOAA20,DAY,SUMMER,,1,1,0,720,CLDMSK_L2_VIIRS_NOAA20.A2020187.1812.001.2020294153922.nc
2020-08-11T06:06:00+00:00,SNPP,NIGHT,SUMMER,1,0,0,0,360,CLDMSK_L2_VIIRS_SNPP.A2020224.0606.002.2026032110811.nc
2020-08-11T07:42:00+00:00,SNPP,NIGHT,SUMMER,1,1,1,0,1080,CLDMSK_L2_VIIRS_SNPP.A2020224.0742.002.2026032110821.nc
2020-08-11T17:30:00+00:00,SNPP,DAY,SUMMER,,0,0,0,1800,CLDMSK_L2_VIIRS_SNPP.A2020224.1730.002.2026032110930.nc
2020-08-11T19:06:00+00:00,SNPP,DAY,SUMMER,,0,0,0,360,CLDMSK_L2_VIIRS_SNPP.A2020224.1906.002.2026032110945.nc
2020-08-11T06:54:00+00:00,NOAA20,NIGHT,SUMMER,1,1,0,0,360,CLDMSK_L2_VIIRS_NOAA20.A2020224.0654.001.2020294143856.nc
2020-08-11T18:18:00+00:00,NOAA20,DAY,SUMMER,,1,0,0,1080,CLDMSK_L2_VIIRS_NOAA20.A2020224.1818.001.2020294144025.nc
2023-04-11T07:00:00+00:00,SNPP,NIGHT,SPRING,1,0,0,0,0,CLDMSK_L2_VIIRS_SNPP.A2023101.0700.002.2026033181331.nc
2023-04-11T18:30:00+00:00,SNPP,DAY,SPRING,,0,0,0,1800,CLDMSK_L2_VIIRS_SNPP.A2023101.1830.002.2026033181432.nc
2023-04-11T06:12:00+00:00,NOAA20,NIGHT,SPRING,1,0,0,1,720,CLDMSK_L2_VIIRS_NOAA20.A2023101.0612.001.2023233203929.nc
2023-04-11T07:54:00+00:00,NOAA20,NIGHT,SPRING,1,1,1,1,360,CLDMSK_L2_VIIRS_NOAA20.A2023101.0754.001.2023233203846.nc
2023-04-11T17:36:00+00:00,NOAA20,DAY,SPRING,,0,0,0,1440,CLDMSK_L2_VIIRS_NOAA20.A2023101.1736.001.2023233203959.nc
2023-04-11T19:18:00+00:00,NOAA20,DAY,SPRING,,0,0,0,1080,CLDMSK_L2_VIIRS_NOAA20.A2023101.1918.001.2023233203919.nc
2023-04-11T06:36:00+00:00,NOAA21,NIGHT,SPRING,1,0,0,0,1440,CLDMSK_L2_VIIRS_NOAA21.A2023101.0636.001.2024130184122.nc
2023-04-11T08:12:00+00:00,NOAA21,NIGHT,SPRING,1,0,0,1,720,CLDMSK_L2_VIIRS_NOAA21.A2023101.0812.001.2024130184104.nc
2023-04-11T18:00:00+00:00,NOAA21,DAY,SPRING,,0,0,0,0,CLDMSK_L2_VIIRS_NOAA21.A2023101.1800.001.2024130185047.nc
2021-02-24T06:12:00+00:00,SNPP,NIGHT,WINTER,1,0,0,0,720,CLDMSK_L2_VIIRS_SNPP.A2021055.0612.002.2026032175818.nc
2021-02-24T07:48:00+00:00,SNPP,NIGHT,WINTER,1,1,1,0,720,CLDMSK_L2_VIIRS_SNPP.A2021055.0748.002.2026032175826.nc
2021-02-24T17:36:00+00:00,SNPP,DAY,WINTER,,0,0,0,1440,CLDMSK_L2_VIIRS_SNPP.A2021055.1736.002.2026032175925.nc
2021-02-24T19:12:00+00:00,SNPP,DAY,WINTER,,0,0,0,720,CLDMSK_L2_VIIRS_SNPP.A2021055.1912.002.2026032175947.nc
2021-02-24T07:00:00+00:00,NOAA20,NIGHT,WINTER,1,0,0,0,0,CLDMSK_L2_VIIRS_NOAA20.A2021055.0700.001.2021055205638.nc
2021-02-24T18:24:00+00:00,NOAA20,DAY,WINTER,,0,0,0,300,CLDMSK_L2_VIIRS_NOAA20.A2021055.1824.001.2021056073304.nc
2020-02-20T06:48:00+00:00,SNPP,NIGHT,WINTER,0,0,0,0,720,CLDMSK_L2_VIIRS_SNPP.A2020051.0648.002.2026032044226.nc
2020-02-20T08:30:00+00:00,SNPP,NIGHT,WINTER,0,1,0,1,1800,CLDMSK_L2_VIIRS_SNPP.A2020051.0830.002.2026032044243.nc
2020-02-20T18:12:00+00:00,SNPP,DAY,WINTER,,0,0,0,720,CLDMSK_L2_VIIRS_SNPP.A2020051.1812.002.2026032044412.nc
2020-02-20T07:36:00+00:00,NOAA20,NIGHT,WINTER,0,1,0,1,1440,CLDMSK_L2_VIIRS_NOAA20.A2020051.0736.001.2020294221422.nc
2020-02-20T17:24:00+00:00,NOAA20,DAY,WINTER,,0,0,0,1440,CLDMSK_L2_VIIRS_NOAA20.A2020051.1724.001.2020294221509.nc
2020-02-20T19:00:00+00:00,NOAA20,DAY,WINTER,,0,0,0,0,CLDMSK_L2_VIIRS_NOAA20.A2020051.1900.001.2020294221448.nc
2023-03-10T07:00:00+00:00,SNPP,NIGHT,SPRING,1,0,0,0,0,CLDMSK_L2_VIIRS_SNPP.A2023069.0700.002.2026033162047.nc
2023-03-10T18:24:00+00:00,SNPP,DAY,SPRING,,0,0,0,780,CLDMSK_L2_VIIRS_SNPP.A2023069.1824.002.2026033162153.nc
2023-03-10T06:12:00+00:00,NOAA20,NIGHT,SPRING,1,0,0,0,720,CLDMSK_L2_VIIRS_NOAA20.A2023069.0612.001.2023233202203.nc
2023-03-10T07:48:00+00:00,NOAA20,NIGHT,SPRING,1,0,0,0,720,CLDMSK_L2_VIIRS_NOAA20.A2023069.0748.001.2023233202211.nc
2023-03-10T17:36:00+00:00,NOAA20,DAY,SPRING,,0,0,0,960,CLDMSK_L2_VIIRS_NOAA20.A2023069.1736.001.2023233202234.nc
2023-03-10T19:18:00+00:00,NOAA20,DAY,SPRING,,0,0,0,840,CLDMSK_L2_VIIRS_NOAA20.A2023069.1918.001.2023233202324.nc
2023-03-10T06:36:00+00:00,NOAA21,NIGHT,SPRING,1,0,0,0,1440,CLDMSK_L2_VIIRS_NOAA21.A2023069.0636.001.2024130183406.nc
2023-03-10T08:12:00+00:00,NOAA21,NIGHT,SPRING,1,0,0,0,720,CLDMSK_L2_VIIRS_NOAA21.A2023069.0812.001.2024130183354.nc
2023-03-10T08:18:00+00:00,NOAA21,NIGHT,SPRING,1,0,0,0,1080,CLDMSK_L2_VIIRS_NOAA21.A2023069.0818.001.2024130183411.nc
2023-03-10T18:00:00+00:00,NOAA21,DAY,SPRING,,0,0,0,0,CLDMSK_L2_VIIRS_NOAA21.A2023069.1800.001.2024130183459.nc
2025-04-06T06:48:00+00:00,SNPP,NIGHT,SPRING,1,0,0,0,720,CLDMSK_L2_VIIRS_SNPP.A2025096.0648.002.2026034163424.nc
2025-04-06T08:30:00+00:00,SNPP,NIGHT,SPRING,0,0,0,0,1800,CLDMSK_L2_VIIRS_SNPP.A2025096.0830.002.2026034163426.nc
2025-04-06T18:12:00+00:00,SNPP,DAY,SPRING,,0,0,1,720,CLDMSK_L2_VIIRS_SNPP.A2025096.1812.002.2026034163530.nc
2025-04-06T07:12:00+00:00,NOAA20,NIGHT,SPRING,1,0,0,0,720,CLDMSK_L2_VIIRS_NOAA20.A2025096.0712.001.2025096194104.nc
2025-04-06T16:54:00+00:00,NOAA20,DAY,SPRING,,0,0,0,360,CLDMSK_L2_VIIRS_NOAA20.A2025096.1654.001.2025097052103.nc
2025-04-06T18:36:00+00:00,NOAA20,DAY,SPRING,,0,0,0,1440,CLDMSK_L2_VIIRS_NOAA20.A2025096.1836.001.2025097073115.nc
2025-04-06T06:24:00+00:00,NOAA21,NIGHT,SPRING,1,0,0,0,1440,CLDMSK_L2_VIIRS_NOAA21.A2025096.0624.001.2025096192055.nc
2025-04-06T08:00:00+00:00,NOAA21,NIGHT,SPRING,1,0,0,0,0,CLDMSK_L2_VIIRS_NOAA21.A2025096.0800.001.2025096192105.nc
2025-04-06T17:48:00+00:00,NOAA21,DAY,SPRING,,0,0,1,720,CLDMSK_L2_VIIRS_NOAA21.A2025096.1748.001.2025097013134.nc
2025-05-14T06:36:00+00:00,SNPP,NIGHT,SPRING,1,0,0,0,1440,CLDMSK_L2_VIIRS_SNPP.A2025134.0636.002.2026034174349.nc
2025-05-14T08:18:00+00:00,SNPP,NIGHT,SPRING,1,0,0,0,1080,CLDMSK_L2_VIIRS_SNPP.A2025134.0818.002.2026034174410.nc
2025-05-14T18:00:00+00:00,SNPP,DAY,SPRING,,0,0,0,0,CLDMSK_L2_VIIRS_SNPP.A2025134.1800.002.2026034174504.nc
2025-05-14T07:00:00+00:00,NOAA20,NIGHT,SPRING,1,0,0,0,0,CLDMSK_L2_VIIRS_NOAA20.A2025134.0700.001.2025134193512.nc
2025-05-14T18:24:00+00:00,NOAA20,DAY,SPRING,,0,0,0,1440,CLDMSK_L2_VIIRS_NOAA20.A2025134.1824.001.2025135073545.nc
2025-05-14T06:12:00+00:00,NOAA21,NIGHT,SPRING,1,0,0,0,720,CLDMSK_L2_VIIRS_NOAA21.A2025134.0612.001.2025134193023.nc
2025-05-14T07:48:00+00:00,NOAA21,NIGHT,SPRING,1,0,0,0,720,CLDMSK_L2_VIIRS_NOAA21.A2025134.0748.001.2025134193043.nc
2025-05-14T17:36:00+00:00,NOAA21,DAY,SPRING,,0,0,0,1440,CLDMSK_L2_VIIRS_NOAA21.A2025134.1736.001.2025135013114.nc
2025-05-14T19:18:00+00:00,NOAA21,DAY,SPRING,,0,0,0,1080,CLDMSK_L2_VIIRS_NOAA21.A2025134.1918.001.2025135073111.nc
2024-12-09T07:00:00+00:00,SNPP,NIGHT,WINTER,0,0,0,0,0,CLDMSK_L2_VIIRS_SNPP.A2024344.0700.002.2026034125505.nc
2024-12-09T18:24:00+00:00,SNPP,DAY,WINTER,,0,0,0,1440,CLDMSK_L2_VIIRS_SNPP.A2024344.1824.002.2026034125607.nc
2024-12-09T07:24:00+00:00,NOAA20,NIGHT,WINTER,0,0,0,0,1440,CLDMSK_L2_VIIRS_NOAA20.A2024344.0724.002.2025236053549.nc
2024-12-09T17:06:00+00:00,NOAA20,DAY,WINTER,,0,0,0,360,CLDMSK_L2_VIIRS_NOAA20.A2024344.1706.002.2025236053747.nc
2024-12-09T18:48:00+00:00,NOAA20,DAY,WINTER,,0,0,0,720,CLDMSK_L2_VIIRS_NOAA20.A2024344.1848.002.2025236053713.nc
2024-12-09T06:36:00+00:00,NOAA21,NIGHT,WINTER,0,0,0,0,1440,CLDMSK_L2_VIIRS_NOAA21.A2024344.0636.001.2024344191637.nc
2024-12-09T08:18:00+00:00,NOAA21,NIGHT,WINTER,0,0,0,0,1080,CLDMSK_L2_VIIRS_NOAA21.A2024344.0818.001.2024344191645.nc
2024-12-09T18:00:00+00:00,NOAA21,DAY,WINTER,,0,0,0,0,CLDMSK_L2_VIIRS_NOAA21.A2024344.1800.001.2024345073716.nc
2023-10-27T06:30:00+00:00,SNPP,NIGHT,AUTUMN,1,0,0,0,1320,CLDMSK_L2_VIIRS_SNPP.A2023300.0630.002.2026034002621.nc
2023-10-27T08:12:00+00:00,SNPP,NIGHT,AUTUMN,1,0,0,0,720,CLDMSK_L2_VIIRS_SNPP.A2023300.0812.002.2026034002615.nc
2023-10-27T17:54:00+00:00,SNPP,DAY,AUTUMN,,0,0,0,360,CLDMSK_L2_VIIRS_SNPP.A2023300.1754.002.2026034002723.nc
2023-10-27T07:18:00+00:00,NOAA20,NIGHT,AUTUMN,1,0,0,0,1080,CLDMSK_L2_VIIRS_NOAA20.A2023300.0718.002.2025235090550.nc
2023-10-27T17:06:00+00:00,NOAA20,DAY,AUTUMN,,0,0,0,360,CLDMSK_L2_VIIRS_NOAA20.A2023300.1706.002.2025235090916.nc
2023-10-27T18:42:00+00:00,NOAA20,DAY,AUTUMN,,0,0,1,1080,CLDMSK_L2_VIIRS_NOAA20.A2023300.1842.002.2025235091040.nc
2023-10-27T06:00:00+00:00,NOAA21,NIGHT,AUTUMN,1,0,0,0,0,CLDMSK_L2_VIIRS_NOAA21.A2023300.0600.001.2024130192650.nc
2023-10-27T07:42:00+00:00,NOAA21,NIGHT,AUTUMN,1,0,0,0,1080,CLDMSK_L2_VIIRS_NOAA21.A2023300.0742.001.2024130192631.nc
2023-10-27T17:24:00+00:00,NOAA21,DAY,AUTUMN,,0,0,0,1440,CLDMSK_L2_VIIRS_NOAA21.A2023300.1724.001.2024130192705.nc
2023-10-27T19:06:00+00:00,NOAA21,DAY,AUTUMN,,1,0,1,360,CLDMSK_L2_VIIRS_NOAA21.A2023300.1906.001.2024130192749.nc
2022-01-25T06:30:00+00:00,SNPP,NIGHT,WINTER,1,0,0,0,1800,CLDMSK_L2_VIIRS_SNPP.A2022025.0630.002.2026033041139.nc
2022-01-25T08:12:00+00:00,SNPP,NIGHT,WINTER,1,1,1,0,720,CLDMSK_L2_VIIRS_SNPP.A2022025.0812.002.2026033041147.nc
2022-01-25T17:54:00+00:00,SNPP,DAY,WINTER,,1,1,1,360,CLDMSK_L2_VIIRS_SNPP.A2022025.1754.002.2026033041249.nc
2022-01-25T07:18:00+00:00,NOAA20,NIGHT,WINTER,1,0,0,0,1080,CLDMSK_L2_VIIRS_NOAA20.A2022025.0718.001.2022025193642.nc
2022-01-25T17:00:00+00:00,NOAA20,DAY,WINTER,,1,1,1,0,CLDMSK_L2_VIIRS_NOAA20.A2022025.1700.001.2022026013433.nc
2022-01-25T18:42:00+00:00,NOAA20,DAY,WINTER,,1,1,1,1080,CLDMSK_L2_VIIRS_NOAA20.A2022025.1842.001.2022026072808.nc
2020-07-29T06:48:00+00:00,SNPP,NIGHT,SUMMER,0,0,0,0,720,CLDMSK_L2_VIIRS_SNPP.A2020211.0648.002.2026032104352.nc
2020-07-29T08:30:00+00:00,SNPP,NIGHT,SUMMER,0,0,0,0,1800,CLDMSK_L2_VIIRS_SNPP.A2020211.0830.002.2026032104400.nc
2020-07-29T18:12:00+00:00,SNPP,DAY,SUMMER,,1,0,0,720,CLDMSK_L2_VIIRS_SNPP.A2020211.1812.002.2026032104502.nc
2020-07-29T07:36:00+00:00,NOAA20,NIGHT,SUMMER,0,0,0,0,1440,CLDMSK_L2_VIIRS_NOAA20.A2020211.0736.001.2020294145912.nc
2020-07-29T17:24:00+00:00,NOAA20,DAY,SUMMER,,1,0,0,1440,CLDMSK_L2_VIIRS_NOAA20.A2020211.1724.001.2020294150227.nc
2020-07-29T19:00:00+00:00,NOAA20,DAY,SUMMER,,0,0,0,0,CLDMSK_L2_VIIRS_NOAA20.A2020211.1900.001.2020294145958.nc
2022-10-31T06:00:00+00:00,SNPP,NIGHT,AUTUMN,0,0,0,0,0,CLDMSK_L2_VIIRS_SNPP.A2022304.0600.002.2026033121444.nc
2022-10-31T07:36:00+00:00,SNPP,NIGHT,AUTUMN,0,0,0,0,1440,CLDMSK_L2_VIIRS_SNPP.A2022304.0736.002.2026033121516.nc
2022-10-31T17:24:00+00:00,SNPP,DAY,AUTUMN,,0,0,0,1440,CLDMSK_L2_VIIRS_SNPP.A2022304.1724.002.2026033121611.nc
2022-10-31T19:06:00+00:00,SNPP,DAY,AUTUMN,,0,0,0,360,CLDMSK_L2_VIIRS_SNPP.A2022304.1906.002.2026033121615.nc
2022-10-31T06:48:00+00:00,NOAA20,NIGHT,AUTUMN,0,0,0,0,720,CLDMSK_L2_VIIRS_NOAA20.A2022304.0648.001.2022304190527.nc
2022-10-31T08:30:00+00:00,NOAA20,NIGHT,AUTUMN,0,0,0,0,1800,CLDMSK_L2_VIIRS_NOAA20.A2022304.0830.001.2022304204535.nc
2022-10-31T18:12:00+00:00,NOAA20,DAY,AUTUMN,,0,0,0,720,CLDMSK_L2_VIIRS_NOAA20.A2022304.1812.001.2022305142632.nc
2025-05-10T06:12:00+00:00,SNPP,NIGHT,SPRING,1,0,1,1,720,CLDMSK_L2_VIIRS_SNPP.A2025130.0612.002.2026034173628.nc
2025-05-10T07:54:00+00:00,SNPP,NIGHT,SPRING,1,1,1,1,360,CLDMSK_L2_VIIRS_SNPP.A2025130.0754.002.2026034173621.nc
2025-05-10T17:36:00+00:00,SNPP,DAY,SPRING,,1,1,1,1440,CLDMSK_L2_VIIRS_SNPP.A2025130.1736.002.2026034173727.nc
2025-05-10T19:18:00+00:00,SNPP,DAY,SPRING,,1,0,1,1080,CLDMSK_L2_VIIRS_SNPP.A2025130.1918.002.2026034173736.nc
2025-05-10T06:36:00+00:00,NOAA20,NIGHT,SPRING,1,1,1,1,1440,CLDMSK_L2_VIIRS_NOAA20.A2025130.0636.001.2025130215135.nc
2025-05-10T08:12:00+00:00,NOAA20,NIGHT,SPRING,1,0,1,1,720,CLDMSK_L2_VIIRS_NOAA20.A2025130.0812.001.2025130215145.nc
2025-05-10T18:00:00+00:00,NOAA20,DAY,SPRING,,1,1,1,0,CLDMSK_L2_VIIRS_NOAA20.A2025130.1800.001.2025131073211.nc
2025-05-10T07:24:00+00:00,NOAA21,NIGHT,SPRING,1,1,1,1,1440,CLDMSK_L2_VIIRS_NOAA21.A2025130.0724.001.2025130215755.nc
2025-05-10T17:12:00+00:00,NOAA21,DAY,SPRING,,1,1,1,720,CLDMSK_L2_VIIRS_NOAA21.A2025130.1712.001.2025131013753.nc
2025-05-10T18:48:00+00:00,NOAA21,DAY,SPRING,,1,1,1,720,CLDMSK_L2_VIIRS_NOAA21.A2025130.1848.001.2025131073824.nc
2021-04-12T06:30:00+00:00,SNPP,NIGHT,SPRING,0,0,0,0,1800,CLDMSK_L2_VIIRS_SNPP.A2021102.0630.002.2026032192410.nc
2021-04-12T08:06:00+00:00,SNPP,NIGHT,SPRING,0,0,0,0,360,CLDMSK_L2_VIIRS_SNPP.A2021102.0806.002.2026032192422.nc
2021-04-12T17:54:00+00:00,SNPP,DAY,SPRING,,0,0,0,360,CLDMSK_L2_VIIRS_SNPP.A2021102.1754.002.2026032192509.nc
2021-04-12T07:18:00+00:00,NOAA20,NIGHT,SPRING,0,0,0,0,1080,CLDMSK_L2_VIIRS_NOAA20.A2021102.0718.001.2021102193108.nc
2021-04-12T17:06:00+00:00,NOAA20,DAY,SPRING,,0,0,0,360,CLDMSK_L2_VIIRS_NOAA20.A2021102.1706.001.2021103011628.nc
2021-04-12T18:42:00+00:00,NOAA20,DAY,SPRING,,0,0,0,480,CLDMSK_L2_VIIRS_NOAA20.A2021102.1842.001.2021103074524.nc
2020-09-24T07:18:00+00:00,SNPP,NIGHT,AUTUMN,0,1,1,1,1080,CLDMSK_L2_VIIRS_SNPP.A2020268.0718.002.2026032122913.nc
2020-09-24T17:06:00+00:00,SNPP,DAY,AUTUMN,,0,0,0,360,CLDMSK_L2_VIIRS_SNPP.A2020268.1706.002.2026032123008.nc
2020-09-24T18:42:00+00:00,SNPP,DAY,AUTUMN,,0,0,0,660,CLDMSK_L2_VIIRS_SNPP.A2020268.1842.001.2020269071606.nc
2020-09-24T06:30:00+00:00,NOAA20,NIGHT,AUTUMN,0,1,1,1,1800,CLDMSK_L2_VIIRS_NOAA20.A2020268.0630.001.2020294133007.nc
2020-09-24T08:06:00+00:00,NOAA20,NIGHT,AUTUMN,0,0,0,1,360,CLDMSK_L2_VIIRS_NOAA20.A2020268.0806.001.2020294133008.nc
2020-09-24T17:54:00+00:00,NOAA20,DAY,AUTUMN,,0,0,0,360,CLDMSK_L2_VIIRS_NOAA20.A2020268.1754.001.2020294133101.nc
2024-06-29T06:18:00+00:00,SNPP,NIGHT,SUMMER,1,0,0,0,1080,CLDMSK_L2_VIIRS_SNPP.A2024181.0618.002.2026034075703.nc
2024-06-29T07:54:00+00:00,SNPP,NIGHT,SUMMER,1,0,0,0,360,CLDMSK_L2_VIIRS_SNPP.A2024181.0754.002.2026034075717.nc
2024-06-29T17:42:00+00:00,SNPP,DAY,SUMMER,,0,0,0,1080,CLDMSK_L2_VIIRS_SNPP.A2024181.1742.002.2026034075805.nc
2024-06-29T19:24:00+00:00,SNPP,DAY,SUMMER,,0,0,0,60,CLDMSK_L2_VIIRS_SNPP.A2024181.1924.002.2026034075817.nc
2024-06-29T06:42:00+00:00,NOAA20,NIGHT,SUMMER,1,0,0,0,120,CLDMSK_L2_VIIRS_NOAA20.A2024181.0642.002.2025235213601.nc
2024-06-29T18:06:00+00:00,NOAA20,DAY,SUMMER,,0,0,0,360,CLDMSK_L2_VIIRS_NOAA20.A2024181.1806.002.2025235214005.nc
2024-06-29T07:30:00+00:00,NOAA21,NIGHT,SUMMER,1,0,0,0,240,CLDMSK_L2_VIIRS_NOAA21.A2024181.0730.001.2024181190329.nc
2024-06-29T17:18:00+00:00,NOAA21,DAY,SUMMER,,0,0,0,1080,CLDMSK_L2_VIIRS_NOAA21.A2024181.1718.001.2024182013335.nc
2024-06-29T18:54:00+00:00,NOAA21,DAY,SUMMER,,0,0,0,360,CLDMSK_L2_VIIRS_NOAA21.A2024181.1854.001.2024182073403.nc
2025-07-07T06:48:00+00:00,NOAA20,NIGHT,SUMMER,0,0,0,0,720,CLDMSK_L2_VIIRS_NOAA20.A2025188.0648.001.2025188223327.nc
2025-07-07T18:12:00+00:00,NOAA20,DAY,SUMMER,,0,0,0,720,CLDMSK_L2_VIIRS_NOAA20.A2025188.1812.001.2025189072406.nc
2025-07-07T07:36:00+00:00,NOAA21,NIGHT,SUMMER,0,0,0,0,1440,CLDMSK_L2_VIIRS_NOAA21.A2025188.0736.001.2025188222557.nc
2025-07-07T17:24:00+00:00,NOAA21,DAY,SUMMER,,0,0,0,1440,CLDMSK_L2_VIIRS_NOAA21.A2025188.1724.001.2025189012610.nc
2025-07-07T19:06:00+00:00,NOAA21,DAY,SUMMER,,0,0,0,360,CLDMSK_L2_VIIRS_NOAA21.A2025188.1906.001.2025189072629.nc
2020-10-30T06:06:00+00:00,SNPP,NIGHT,AUTUMN,1,0,0,0,360,CLDMSK_L2_VIIRS_SNPP.A2020304.0606.002.2026032133600.nc
2020-10-30T07:42:00+00:00,SNPP,NIGHT,AUTUMN,1,0,0,0,1080,CLDMSK_L2_VIIRS_SNPP.A2020304.0742.002.2026032133609.nc
2020-10-30T17:30:00+00:00,SNPP,DAY,AUTUMN,,0,0,0,1800,CLDMSK_L2_VIIRS_SNPP.A2020304.1730.002.2026032133740.nc
2020-10-30T19:06:00+00:00,SNPP,DAY,AUTUMN,,0,0,0,360,CLDMSK_L2_VIIRS_SNPP.A2020304.1906.002.2026032133740.nc
2020-10-30T06:54:00+00:00,NOAA20,NIGHT,AUTUMN,1,0,0,0,360,CLDMSK_L2_VIIRS_NOAA20.A2020304.0654.001.2020304190330.nc
2020-10-30T18:18:00+00:00,NOAA20,DAY,AUTUMN,,0,0,0,1080,CLDMSK_L2_VIIRS_NOAA20.A2020304.1818.001.2020305070512.nc
2020-08-07T07:18:00+00:00,SNPP,NIGHT,SUMMER,1,0,0,0,1080,CLDMSK_L2_VIIRS_SNPP.A2020220.0718.002.2026032110108.nc
2020-08-07T17:06:00+00:00,SNPP,DAY,SUMMER,,0,0,0,360,CLDMSK_L2_VIIRS_SNPP.A2020220.1706.002.2026032110216.nc
2020-08-07T18:42:00+00:00,SNPP,DAY,SUMMER,,1,1,1,1080,CLDMSK_L2_VIIRS_SNPP.A2020220.1842.002.2026032110214.nc
2020-08-07T06:30:00+00:00,NOAA20,NIGHT,SUMMER,1,0,0,0,1800,CLDMSK_L2_VIIRS_NOAA20.A2020220.0630.001.2020294144444.nc
2020-08-07T08:06:00+00:00,NOAA20,NIGHT,SUMMER,1,0,0,0,360,CLDMSK_L2_VIIRS_NOAA20.A2020220.0806.001.2020294144448.nc
2020-08-07T17:54:00+00:00,NOAA20,DAY,SUMMER,,1,1,1,360,CLDMSK_L2_VIIRS_NOAA20.A2020220.1754.001.2020294144535.nc
2021-09-13T06:42:00+00:00,SNPP,NIGHT,AUTUMN,0,1,1,0,1080,CLDMSK_L2_VIIRS_SNPP.A2021256.0642.002.2026033000516.nc
2021-09-13T08:24:00+00:00,SNPP,NIGHT,AUTUMN,0,0,1,1,1440,CLDMSK_L2_VIIRS_SNPP.A2021256.0824.002.2026033000524.nc
2021-09-13T18:06:00+00:00,SNPP,DAY,AUTUMN,,1,1,0,300,CLDMSK_L2_VIIRS_SNPP.A2021256.1806.002.2026033000628.nc
2021-09-13T07:30:00+00:00,NOAA20,NIGHT,AUTUMN,0,1,1,0,1800,CLDMSK_L2_VIIRS_NOAA20.A2021256.0730.001.2021256192144.nc
2021-09-13T17:18:00+00:00,NOAA20,DAY,AUTUMN,,1,1,1,1080,CLDMSK_L2_VIIRS_NOAA20.A2021256.1718.001.2021257013105.nc
2021-09-13T18:54:00+00:00,NOAA20,DAY,AUTUMN,,0,0,0,360,CLDMSK_L2_VIIRS_NOAA20.A2021256.1854.001.2021257072054.nc
2021-09-03T06:30:00+00:00,SNPP,NIGHT,AUTUMN,0,0,0,1,1800,CLDMSK_L2_VIIRS_SNPP.A2021246.0630.002.2026032234659.nc
2021-09-03T08:12:00+00:00,SNPP,NIGHT,AUTUMN,0,0,0,1,720,CLDMSK_L2_VIIRS_SNPP.A2021246.0812.002.2026032234703.nc
2021-09-03T17:54:00+00:00,SNPP,DAY,AUTUMN,,1,1,0,360,CLDMSK_L2_VIIRS_SNPP.A2021246.1754.002.2026032234808.nc
2021-09-03T07:18:00+00:00,NOAA20,NIGHT,AUTUMN,0,0,0,0,1080,CLDMSK_L2_VIIRS_NOAA20.A2021246.0718.001.2021246193429.nc
2021-09-03T17:06:00+00:00,NOAA20,DAY,AUTUMN,,1,0,0,360,CLDMSK_L2_VIIRS_NOAA20.A2021246.1706.001.2021247013742.nc
2021-09-03T18:42:00+00:00,NOAA20,DAY,AUTUMN,,0,0,0,1080,CLDMSK_L2_VIIRS_NOAA20.A2021246.1842.001.2021247073449.nc
2020-12-14T07:00:00+00:00,SNPP,NIGHT,WINTER,0,0,0,0,0,CLDMSK_L2_VIIRS_SNPP.A2020349.0700.002.2026032145911.nc
2020-12-14T18:24:00+00:00,SNPP,DAY,WINTER,,0,0,0,1440,CLDMSK_L2_VIIRS_SNPP.A2020349.1824.002.2026032150029.nc
2020-12-14T06:12:00+00:00,NOAA20,NIGHT,WINTER,0,0,0,0,720,CLDMSK_L2_VIIRS_NOAA20.A2020349.0612.001.2020349185502.nc
2020-12-14T07:48:00+00:00,NOAA20,NIGHT,WINTER,0,0,0,0,720,CLDMSK_L2_VIIRS_NOAA20.A2020349.0748.001.2020349185441.nc
2020-12-14T17:36:00+00:00,NOAA20,DAY,WINTER,,0,0,0,60,CLDMSK_L2_VIIRS_NOAA20.A2020349.1736.001.2020350010309.nc
2020-12-14T19:12:00+00:00,NOAA20,DAY,WINTER,,0,0,0,720,CLDMSK_L2_VIIRS_NOAA20.A2020349.1912.001.2020350065334.nc
2021-04-30T07:30:00+00:00,SNPP,NIGHT,SPRING,1,0,0,0,1800,CLDMSK_L2_VIIRS_SNPP.A2021120.0730.002.2026032195801.nc
2021-04-30T17:12:00+00:00,SNPP,DAY,SPRING,,0,0,0,720,CLDMSK_L2_VIIRS_SNPP.A2021120.1712.002.2026032195856.nc
2021-04-30T18:54:00+00:00,SNPP,DAY,SPRING,,0,0,0,360,CLDMSK_L2_VIIRS_SNPP.A2021120.1854.002.2026032195905.nc
2021-04-30T06:42:00+00:00,NOAA20,NIGHT,SPRING,1,0,0,0,1080,CLDMSK_L2_VIIRS_NOAA20.A2021120.0642.001.2021120193536.nc
2021-04-30T08:24:00+00:00,NOAA20,NIGHT,SPRING,1,1,0,0,1440,CLDMSK_L2_VIIRS_NOAA20.A2021120.0824.001.2021120193557.nc
2021-04-30T18:06:00+00:00,NOAA20,DAY,SPRING,,0,0,0,360,CLDMSK_L2_VIIRS_NOAA20.A2021120.1806.001.2021121074135.nc
2024-08-31T06:36:00+00:00,SNPP,NIGHT,SUMMER,0,0,0,0,360,CLDMSK_L2_VIIRS_SNPP.A2024244.0636.002.2026034095052.nc
2024-08-31T08:18:00+00:00,SNPP,NIGHT,SUMMER,0,0,0,0,1080,CLDMSK_L2_VIIRS_SNPP.A2024244.0818.002.2026034095056.nc
2024-08-31T18:00:00+00:00,SNPP,DAY,SUMMER,,1,1,1,0,CLDMSK_L2_VIIRS_SNPP.A2024244.1800.002.2026034095208.nc
2024-08-31T07:00:00+00:00,NOAA20,NIGHT,SUMMER,0,0,0,0,0,CLDMSK_L2_VIIRS_NOAA20.A2024244.0700.002.2025236010209.nc
2024-08-31T18:24:00+00:00,NOAA20,DAY,SUMMER,,1,0,1,1440,CLDMSK_L2_VIIRS_NOAA20.A2024244.1824.002.2025236010256.nc
2024-08-31T06:12:00+00:00,NOAA21,NIGHT,SUMMER,0,0,0,0,480,CLDMSK_L2_VIIRS_NOAA21.A2024244.0612.001.2024244190619.nc
2024-08-31T07:48:00+00:00,NOAA21,NIGHT,SUMMER,0,0,0,0,720,CLDMSK_L2_VIIRS_NOAA21.A2024244.0748.001.2024244190625.nc
2024-08-31T17:36:00+00:00,NOAA21,DAY,SUMMER,,1,1,1,1440,CLDMSK_L2_VIIRS_NOAA21.A2024244.1736.001.2024247114837.nc
2024-08-31T19:18:00+00:00,NOAA21,DAY,SUMMER,,0,0,0,1080,CLDMSK_L2_VIIRS_NOAA21.A2024244.1918.001.2024247115849.nc
2022-07-13T07:00:00+00:00,SNPP,NIGHT,SUMMER,1,0,0,0,0,CLDMSK_L2_VIIRS_SNPP.A2022194.0700.002.2026033092034.nc
2022-07-13T18:24:00+00:00,SNPP,DAY,SUMMER,,0,0,0,840,CLDMSK_L2_VIIRS_SNPP.A2022194.1824.002.2026033092142.nc
2022-07-13T06:12:00+00:00,NOAA20,NIGHT,SUMMER,1,0,0,0,720,CLDMSK_L2_VIIRS_NOAA20.A2022194.0612.001.2022194191824.nc
2022-07-13T07:48:00+00:00,NOAA20,NIGHT,SUMMER,1,0,0,0,720,CLDMSK_L2_VIIRS_NOAA20.A2022194.0748.001.2022194201111.nc
2022-07-13T17:36:00+00:00,NOAA20,DAY,SUMMER,,0,0,0,540,CLDMSK_L2_VIIRS_NOAA20.A2022194.1736.001.2022195054951.nc
2022-07-13T19:18:00+00:00,NOAA20,DAY,SUMMER,,0,0,0,1080,CLDMSK_L2_VIIRS_NOAA20.A2022194.1918.001.2022195073458.nc
2025-11-10T07:06:00+00:00,SNPP,NIGHT,AUTUMN,1,1,1,0,360,CLDMSK_L2_VIIRS_SNPP.A2025314.0706.002.2026063183441.nc
2025-11-10T18:30:00+00:00,SNPP,DAY,AUTUMN,,0,0,0,1800,CLDMSK_L2_VIIRS_SNPP.A2025314.1830.002.2026063185333.nc
2025-11-10T07:24:00+00:00,NOAA20,NIGHT,AUTUMN,1,0,0,0,1440,CLDMSK_L2_VIIRS_NOAA20.A2025314.0724.001.2025314201303.nc
2025-11-10T17:12:00+00:00,NOAA20,DAY,AUTUMN,,0,0,0,720,CLDMSK_L2_VIIRS_NOAA20.A2025314.1712.001.2025315052534.nc
2025-11-10T18:48:00+00:00,NOAA20,DAY,AUTUMN,,0,0,0,720,CLDMSK_L2_VIIRS_NOAA20.A2025314.1848.001.2025315072532.nc
2025-11-10T06:36:00+00:00,NOAA21,NIGHT,AUTUMN,1,0,0,0,780,CLDMSK_L2_VIIRS_NOAA21.A2025314.0636.001.2025314190817.nc
2025-11-10T08:12:00+00:00,NOAA21,NIGHT,AUTUMN,1,0,0,0,720,CLDMSK_L2_VIIRS_NOAA21.A2025314.0812.001.2025314210839.nc
2025-11-10T08:18:00+00:00,NOAA21,NIGHT,AUTUMN,1,0,0,0,1080,CLDMSK_L2_VIIRS_NOAA21.A2025314.0818.001.2025314210808.nc
2025-11-10T18:00:00+00:00,NOAA21,DAY,AUTUMN,,0,0,0,0,CLDMSK_L2_VIIRS_NOAA21.A2025314.1800.001.2025315072834.nc
2025-01-19T07:30:00+00:00,SNPP,NIGHT,WINTER,1,1,1,1,1800,CLDMSK_L2_VIIRS_SNPP.A2025019.0730.002.2026034141005.nc
2025-01-19T17:18:00+00:00,SNPP,DAY,WINTER,,0,0,0,1080,CLDMSK_L2_VIIRS_SNPP.A2025019.1718.002.2026034141125.nc
2025-01-19T19:00:00+00:00,SNPP,DAY,WINTER,,0,0,0,0,CLDMSK_L2_VIIRS_SNPP.A2025019.1900.002.2026034141127.nc
2025-01-19T06:12:00+00:00,NOAA20,NIGHT,WINTER,1,0,0,0,720,CLDMSK_L2_VIIRS_NOAA20.A2025019.0612.001.2025019191134.nc
2025-01-19T07:54:00+00:00,NOAA20,NIGHT,WINTER,1,0,0,0,360,CLDMSK_L2_VIIRS_NOAA20.A2025019.0754.001.2025019201135.nc
2025-01-19T17:42:00+00:00,NOAA20,DAY,WINTER,,0,0,0,1080,CLDMSK_L2_VIIRS_NOAA20.A2025019.1742.001.2025020060205.nc
2025-01-19T19:18:00+00:00,NOAA20,DAY,WINTER,,0,0,0,1080,CLDMSK_L2_VIIRS_NOAA20.A2025019.1918.001.2025020074227.nc
2025-01-19T07:06:00+00:00,NOAA21,NIGHT,WINTER,1,0,0,1,360,CLDMSK_L2_VIIRS_NOAA21.A2025019.0706.001.2025019190416.nc
2025-01-19T16:54:00+00:00,NOAA21,DAY,WINTER,,0,0,0,360,CLDMSK_L2_VIIRS_NOAA21.A2025019.1654.001.2025020012455.nc
2025-01-19T18:30:00+00:00,NOAA21,DAY,WINTER,,0,0,0,1800,CLDMSK_L2_VIIRS_NOAA21.A2025019.1830.001.2025020072447.nc
2024-12-18T07:30:00+00:00,SNPP,NIGHT,WINTER,1,0,0,0,1800,CLDMSK_L2_VIIRS_SNPP.A2024353.0730.002.2026034131131.nc
2024-12-18T17:18:00+00:00,SNPP,DAY,WINTER,,0,0,0,1080,CLDMSK_L2_VIIRS_SNPP.A2024353.1718.002.2026034131229.nc
2024-12-18T18:54:00+00:00,SNPP,DAY,WINTER,,0,0,0,360,CLDMSK_L2_VIIRS_SNPP.A2024353.1854.002.2026034131247.nc
2024-12-18T06:12:00+00:00,NOAA20,NIGHT,WINTER,1,1,0,0,720,CLDMSK_L2_VIIRS_NOAA20.A2024353.0612.002.2025236055831.nc
2024-12-18T07:54:00+00:00,NOAA20,NIGHT,WINTER,1,0,0,0,360,CLDMSK_L2_VIIRS_NOAA20.A2024353.0754.002.2025236055833.nc
2024-12-18T17:36:00+00:00,NOAA20,DAY,WINTER,,0,0,0,1440,CLDMSK_L2_VIIRS_NOAA20.A2024353.1736.002.2025236055855.nc
2024-12-18T19:18:00+00:00,NOAA20,DAY,WINTER,,0,0,0,1080,CLDMSK_L2_VIIRS_NOAA20.A2024353.1918.002.2025236055911.nc
2024-12-18T07:06:00+00:00,NOAA21,NIGHT,WINTER,1,0,0,0,360,CLDMSK_L2_VIIRS_NOAA21.A2024353.0706.001.2024353191332.nc
2024-12-18T16:54:00+00:00,NOAA21,DAY,WINTER,,0,0,0,360,CLDMSK_L2_VIIRS_NOAA21.A2024353.1654.001.2024354011406.nc
2024-12-18T18:30:00+00:00,NOAA21,DAY,WINTER,,0,0,0,1800,CLDMSK_L2_VIIRS_NOAA21.A2024353.1830.001.2024354073353.nc
2023-05-02T07:06:00+00:00,SNPP,NIGHT,SPRING,1,0,0,0,360,CLDMSK_L2_VIIRS_SNPP.A2023122.0706.002.2026033185119.nc
2023-05-02T16:54:00+00:00,SNPP,DAY,SPRING,,0,0,0,360,CLDMSK_L2_VIIRS_SNPP.A2023122.1654.002.2026033185211.nc
2023-05-02T18:30:00+00:00,SNPP,DAY,SPRING,,0,0,0,1800,CLDMSK_L2_VIIRS_SNPP.A2023122.1830.002.2026033185233.nc
2023-05-02T06:18:00+00:00,NOAA20,NIGHT,SPRING,1,0,0,0,1080,CLDMSK_L2_VIIRS_NOAA20.A2023122.0618.001.2023233204923.nc
2023-05-02T08:00:00+00:00,NOAA20,NIGHT,SPRING,1,0,0,0,0,CLDMSK_L2_VIIRS_NOAA20.A2023122.0800.001.2023233204949.nc
2023-05-02T17:42:00+00:00,NOAA20,DAY,SPRING,,0,0,0,540,CLDMSK_L2_VIIRS_NOAA20.A2023122.1742.001.2023233205029.nc
2023-05-02T19:24:00+00:00,NOAA20,DAY,SPRING,,0,0,0,1440,CLDMSK_L2_VIIRS_NOAA20.A2023122.1924.001.2023233204953.nc
2023-05-02T06:42:00+00:00,NOAA21,NIGHT,SPRING,1,0,0,0,1080,CLDMSK_L2_VIIRS_NOAA21.A2023122.0642.001.2024130184538.nc
2023-05-02T08:18:00+00:00,NOAA21,NIGHT,SPRING,1,0,0,0,1080,CLDMSK_L2_VIIRS_NOAA21.A2023122.0818.001.2024130184550.nc
2023-05-02T18:06:00+00:00,NOAA21,DAY,SPRING,,0,0,0,360,CLDMSK_L2_VIIRS_NOAA21.A2023122.1806.001.2024130184638.nc
2024-10-22T07:00:00+00:00,SNPP,NIGHT,AUTUMN,1,1,1,1,0,CLDMSK_L2_VIIRS_SNPP.A2024296.0700.002.2026034112623.nc
2024-10-22T18:24:00+00:00,SNPP,DAY,AUTUMN,,0,0,0,1440,CLDMSK_L2_VIIRS_SNPP.A2024296.1824.002.2026034112733.nc
2024-10-22T07:24:00+00:00,NOAA20,NIGHT,AUTUMN,1,1,1,1,1440,CLDMSK_L2_VIIRS_NOAA20.A2024296.0724.002.2025236033215.nc
2024-10-22T17:06:00+00:00,NOAA20,DAY,AUTUMN,,0,0,0,360,CLDMSK_L2_VIIRS_NOAA20.A2024296.1706.002.2025236033336.nc
2024-10-22T18:48:00+00:00,NOAA20,DAY,AUTUMN,,0,0,0,720,CLDMSK_L2_VIIRS_NOAA20.A2024296.1848.002.2025236033325.nc
2024-10-22T06:36:00+00:00,NOAA21,NIGHT,AUTUMN,1,1,1,1,1440,CLDMSK_L2_VIIRS_NOAA21.A2024296.0636.001.2024296195408.nc
2024-10-22T08:18:00+00:00,NOAA21,NIGHT,AUTUMN,1,1,1,1,1080,CLDMSK_L2_VIIRS_NOAA21.A2024296.0818.001.2024296195443.nc
2024-10-22T18:00:00+00:00,NOAA21,DAY,AUTUMN,,0,0,0,0,CLDMSK_L2_VIIRS_NOAA21.A2024296.1800.001.2024297074522.nc
2020-09-03T07:12:00+00:00,SNPP,NIGHT,AUTUMN,1,1,1,1,720,CLDMSK_L2_VIIRS_SNPP.A2020247.0712.002.2026032115046.nc
2020-09-03T17:00:00+00:00,SNPP,DAY,AUTUMN,,1,0,0,0,CLDMSK_L2_VIIRS_SNPP.A2020247.1700.002.2026032115206.nc
2020-09-03T18:36:00+00:00,SNPP,DAY,AUTUMN,,1,1,0,1440,CLDMSK_L2_VIIRS_SNPP.A2020247.1836.002.2026032115157.nc
2020-09-03T06:24:00+00:00,NOAA20,NIGHT,AUTUMN,1,0,0,1,1440,CLDMSK_L2_VIIRS_NOAA20.A2020247.0624.001.2020294140150.nc
2020-09-03T08:00:00+00:00,NOAA20,NIGHT,AUTUMN,1,0,0,0,0,CLDMSK_L2_VIIRS_NOAA20.A2020247.0800.001.2020294140210.nc
2020-09-03T17:48:00+00:00,NOAA20,DAY,AUTUMN,,1,0,0,720,CLDMSK_L2_VIIRS_NOAA20.A2020247.1748.001.2020294140452.nc
2021-02-10T07:12:00+00:00,SNPP,NIGHT,WINTER,0,1,1,1,720,CLDMSK_L2_VIIRS_SNPP.A2021041.0712.002.2026032173254.nc
2021-02-10T16:54:00+00:00,SNPP,DAY,WINTER,,0,0,0,360,CLDMSK_L2_VIIRS_SNPP.A2021041.1654.002.2026032173355.nc
2021-02-10T18:36:00+00:00,SNPP,DAY,WINTER,,0,0,0,1440,CLDMSK_L2_VIIRS_SNPP.A2021041.1836.002.2026032173408.nc
2021-02-10T06:24:00+00:00,NOAA20,NIGHT,WINTER,0,0,0,1,1440,CLDMSK_L2_VIIRS_NOAA20.A2021041.0624.001.2021041190919.nc
2021-02-10T08:00:00+00:00,NOAA20,NIGHT,WINTER,0,0,0,1,0,CLDMSK_L2_VIIRS_NOAA20.A2021041.0800.001.2021041190917.nc
2021-02-10T17:48:00+00:00,NOAA20,DAY,WINTER,,0,0,0,720,CLDMSK_L2_VIIRS_NOAA20.A2021041.1748.001.2021042011344.nc
2022-05-01T06:30:00+00:00,SNPP,NIGHT,SPRING,0,0,0,0,1800,CLDMSK_L2_VIIRS_SNPP.A2022121.0630.002.2026033070610.nc
2022-05-01T08:06:00+00:00,SNPP,NIGHT,SPRING,0,0,0,0,360,CLDMSK_L2_VIIRS_SNPP.A2022121.0806.002.2026033070637.nc
2022-05-01T08:12:00+00:00,SNPP,NIGHT,SPRING,0,0,0,0,720,CLDMSK_L2_VIIRS_SNPP.A2022121.0812.002.2026033070635.nc
2022-05-01T17:54:00+00:00,SNPP,DAY,SPRING,,0,0,0,360,CLDMSK_L2_VIIRS_SNPP.A2022121.1754.002.2026033070725.nc
2022-05-01T07:18:00+00:00,NOAA20,NIGHT,SPRING,0,0,0,0,1080,CLDMSK_L2_VIIRS_NOAA20.A2022121.0718.001.2022121194423.nc
2022-05-01T17:06:00+00:00,NOAA20,DAY,SPRING,,0,0,0,360,CLDMSK_L2_VIIRS_NOAA20.A2022121.1706.001.2022122015236.nc
2022-05-01T18:42:00+00:00,NOAA20,DAY,SPRING,,0,0,0,1080,CLDMSK_L2_VIIRS_NOAA20.A2022121.1842.001.2022122072554.nc
2020-11-28T07:00:00+00:00,SNPP,NIGHT,AUTUMN,1,1,1,0,0,CLDMSK_L2_VIIRS_SNPP.A2020333.0700.002.2026032142953.nc
2020-11-28T18:24:00+00:00,SNPP,DAY,AUTUMN,,0,0,1,1440,CLDMSK_L2_VIIRS_SNPP.A2020333.1824.002.2026032143048.nc
2020-11-28T06:12:00+00:00,NOAA20,NIGHT,AUTUMN,1,0,0,0,720,CLDMSK_L2_VIIRS_NOAA20.A2020333.0612.001.2020333191848.nc
2020-11-28T07:48:00+00:00,NOAA20,NIGHT,AUTUMN,1,0,0,0,720,CLDMSK_L2_VIIRS_NOAA20.A2020333.0748.001.2020333191852.nc
2020-11-28T17:36:00+00:00,NOAA20,DAY,AUTUMN,,1,1,1,1440,CLDMSK_L2_VIIRS_NOAA20.A2020333.1736.001.2020334012220.nc
2020-11-28T19:12:00+00:00,NOAA20,DAY,AUTUMN,,0,0,1,720,CLDMSK_L2_VIIRS_NOAA20.A2020333.1912.001.2020334071234.nc
2021-10-05T06:30:00+00:00,SNPP,NIGHT,AUTUMN,0,1,0,0,300,CLDMSK_L2_VIIRS_SNPP.A2021278.0630.002.2026033004539.nc
2021-10-05T08:12:00+00:00,SNPP,NIGHT,AUTUMN,0,0,0,0,720,CLDMSK_L2_VIIRS_SNPP.A2021278.0812.002.2026033004545.nc
2021-10-05T17:54:00+00:00,SNPP,DAY,AUTUMN,,0,0,0,360,CLDMSK_L2_VIIRS_SNPP.A2021278.1754.002.2026033004653.nc
2021-10-05T07:18:00+00:00,NOAA20,NIGHT,AUTUMN,0,0,0,0,240,CLDMSK_L2_VIIRS_NOAA20.A2021278.0718.001.2021278193739.nc
2021-10-05T17:06:00+00:00,NOAA20,DAY,AUTUMN,,0,0,0,360,CLDMSK_L2_VIIRS_NOAA20.A2021278.1706.001.2021279013740.nc
2021-10-05T18:42:00+00:00,NOAA20,DAY,AUTUMN,,0,0,0,1080,CLDMSK_L2_VIIRS_NOAA20.A2021278.1842.001.2021279073851.nc
2022-09-09T07:12:00+00:00,SNPP,NIGHT,AUTUMN,1,1,1,1,720,CLDMSK_L2_VIIRS_SNPP.A2022252.0712.002.2026033103833.nc
2022-09-09T17:00:00+00:00,SNPP,DAY,AUTUMN,,1,1,1,0,CLDMSK_L2_VIIRS_SNPP.A2022252.1700.002.2026033103945.nc
2022-09-09T18:36:00+00:00,SNPP,DAY,AUTUMN,,1,1,1,1440,CLDMSK_L2_VIIRS_SNPP.A2022252.1836.002.2026033103946.nc
2022-09-09T06:24:00+00:00,NOAA20,NIGHT,AUTUMN,1,1,1,1,1440,CLDMSK_L2_VIIRS_NOAA20.A2022252.0624.001.2022252192256.nc
2022-09-09T08:00:00+00:00,NOAA20,NIGHT,AUTUMN,1,1,1,1,0,CLDMSK_L2_VIIRS_NOAA20.A2022252.0800.001.2022252203026.nc
2022-09-09T17:48:00+00:00,NOAA20,DAY,AUTUMN,,1,1,1,720,CLDMSK_L2_VIIRS_NOAA20.A2022252.1748.001.2022253060209.nc
2021-12-12T06:54:00+00:00,SNPP,NIGHT,WINTER,0,1,0,1,0,CLDMSK_L2_VIIRS_SNPP.A2021346.0654.002.2026033025115.nc
2021-12-12T08:36:00+00:00,SNPP,NIGHT,WINTER,0,1,0,1,1440,CLDMSK_L2_VIIRS_SNPP.A2021346.0836.002.2026033025126.nc
2021-12-12T18:18:00+00:00,SNPP,DAY,WINTER,,0,0,1,1080,CLDMSK_L2_VIIRS_SNPP.A2021346.1818.002.2026033025221.nc
2021-12-12T06:00:00+00:00,NOAA20,NIGHT,WINTER,1,0,0,0,0,CLDMSK_L2_VIIRS_NOAA20.A2021346.0600.001.2021346194008.nc
2021-12-12T07:42:00+00:00,NOAA20,NIGHT,WINTER,0,1,0,1,1080,CLDMSK_L2_VIIRS_NOAA20.A2021346.0742.001.2021346193958.nc
2021-12-12T17:30:00+00:00,NOAA20,DAY,WINTER,,1,1,1,1800,CLDMSK_L2_VIIRS_NOAA20.A2021346.1730.001.2021347012230.nc
2021-12-12T19:06:00+00:00,NOAA20,DAY,WINTER,,1,0,1,360,CLDMSK_L2_VIIRS_NOAA20.A2021346.1906.001.2021347072635.nc
2020-11-03T06:30:00+00:00,SNPP,NIGHT,AUTUMN,1,0,0,0,1800,CLDMSK_L2_VIIRS_SNPP.A2020308.0630.002.2026032134331.nc
2020-11-03T08:06:00+00:00,SNPP,NIGHT,AUTUMN,1,1,1,1,360,CLDMSK_L2_VIIRS_SNPP.A2020308.0806.002.2026032134343.nc
2020-11-03T17:54:00+00:00,SNPP,DAY,AUTUMN,,0,0,0,360,CLDMSK_L2_VIIRS_SNPP.A2020308.1754.002.2026032134429.nc
2020-11-03T07:18:00+00:00,NOAA20,NIGHT,AUTUMN,1,1,1,0,1080,CLDMSK_L2_VIIRS_NOAA20.A2020308.0718.001.2020308191742.nc
2020-11-03T17:00:00+00:00,NOAA20,DAY,AUTUMN,,0,0,0,0,CLDMSK_L2_VIIRS_NOAA20.A2020308.1700.001.2020309011205.nc
2020-11-03T18:42:00+00:00,NOAA20,DAY,AUTUMN,,0,0,0,1080,CLDMSK_L2_VIIRS_NOAA20.A2020308.1842.001.2020309071611.nc
2021-10-03T07:06:00+00:00,SNPP,NIGHT,AUTUMN,0,0,0,0,360,CLDMSK_L2_VIIRS_SNPP.A2021276.0706.002.2026033004154.nc
2021-10-03T16:54:00+00:00,SNPP,DAY,AUTUMN,,0,0,0,240,CLDMSK_L2_VIIRS_SNPP.A2021276.1654.002.2026033004255.nc
2021-10-03T18:30:00+00:00,SNPP,DAY,AUTUMN,,0,0,0,840,CLDMSK_L2_VIIRS_SNPP.A2021276.1830.002.2026033004300.nc
2021-10-03T06:18:00+00:00,NOAA20,NIGHT,AUTUMN,0,0,0,0,1080,CLDMSK_L2_VIIRS_NOAA20.A2021276.0618.001.2021276192428.nc
2021-10-03T07:54:00+00:00,NOAA20,NIGHT,AUTUMN,0,0,0,0,360,CLDMSK_L2_VIIRS_NOAA20.A2021276.0754.001.2021276192426.nc
2021-10-03T17:42:00+00:00,NOAA20,DAY,AUTUMN,,0,0,0,1080,CLDMSK_L2_VIIRS_NOAA20.A2021276.1742.001.2021277014423.nc
2021-10-03T19:24:00+00:00,NOAA20,DAY,AUTUMN,,0,0,0,1200,CLDMSK_L2_VIIRS_NOAA20.A2021276.1924.001.2021277074059.nc
2020-01-11T07:36:00+00:00,SNPP,NIGHT,WINTER,1,0,0,0,1380,CLDMSK_L2_VIIRS_SNPP.A2020011.0736.002.2026032030120.nc
2020-01-11T17:24:00+00:00,SNPP,DAY,WINTER,,0,0,0,180,CLDMSK_L2_VIIRS_SNPP.A2020011.1724.002.2026032030237.nc
2020-01-11T19:00:00+00:00,SNPP,DAY,WINTER,,0,0,0,0,CLDMSK_L2_VIIRS_SNPP.A2020011.1900.002.2026032030241.nc
2020-01-11T06:48:00+00:00,NOAA20,NIGHT,WINTER,1,0,0,0,720,CLDMSK_L2_VIIRS_NOAA20.A2020011.0648.001.2020294231017.nc
2020-01-11T08:30:00+00:00,NOAA20,NIGHT,WINTER,1,0,0,0,1800,CLDMSK_L2_VIIRS_NOAA20.A2020011.0830.001.2020294231047.nc
2020-01-11T18:12:00+00:00,NOAA20,DAY,WINTER,,0,0,0,720,CLDMSK_L2_VIIRS_NOAA20.A2020011.1812.001.2020294231109.nc
2024-07-31T06:18:00+00:00,SNPP,NIGHT,SUMMER,0,0,0,1,1080,CLDMSK_L2_VIIRS_SNPP.A2024213.0618.002.2026034085406.nc
2024-07-31T07:54:00+00:00,SNPP,NIGHT,SUMMER,0,0,0,1,360,CLDMSK_L2_VIIRS_SNPP.A2024213.0754.002.2026034085423.nc
2024-07-31T08:00:00+00:00,SNPP,NIGHT,SUMMER,0,0,0,1,0,CLDMSK_L2_VIIRS_SNPP.A2024213.0800.002.2026034085410.nc
2024-07-31T17:42:00+00:00,SNPP,DAY,SUMMER,,0,0,0,1080,CLDMSK_L2_VIIRS_SNPP.A2024213.1742.002.2026034085510.nc
2024-07-31T19:24:00+00:00,SNPP,DAY,SUMMER,,0,0,0,1440,CLDMSK_L2_VIIRS_SNPP.A2024213.1924.002.2026034085516.nc
2024-07-31T06:42:00+00:00,NOAA20,NIGHT,SUMMER,0,0,0,0,1080,CLDMSK_L2_VIIRS_NOAA20.A2024213.0642.002.2025235231708.nc
2024-07-31T08:18:00+00:00,NOAA20,NIGHT,SUMMER,0,0,0,1,1080,CLDMSK_L2_VIIRS_NOAA20.A2024213.0818.002.2025235231708.nc
2024-07-31T08:24:00+00:00,NOAA20,NIGHT,SUMMER,0,0,0,1,1440,CLDMSK_L2_VIIRS_NOAA20.A2024213.0824.002.2025235231704.nc
2024-07-31T18:06:00+00:00,NOAA20,DAY,SUMMER,,1,0,0,360,CLDMSK_L2_VIIRS_NOAA20.A2024213.1806.002.2025235231757.nc
2024-07-31T07:30:00+00:00,NOAA21,NIGHT,SUMMER,0,0,0,0,1800,CLDMSK_L2_VIIRS_NOAA21.A2024213.0730.001.2024213190050.nc
2024-07-31T17:18:00+00:00,NOAA21,DAY,SUMMER,,1,0,0,1080,CLDMSK_L2_VIIRS_NOAA21.A2024213.1718.001.2024214013117.nc
2024-07-31T18:54:00+00:00,NOAA21,DAY,SUMMER,,0,0,0,360,CLDMSK_L2_VIIRS_NOAA21.A2024213.1854.001.2024214073133.nc
2025-04-08T06:12:00+00:00,SNPP,NIGHT,SPRING,1,0,0,0,720,CLDMSK_L2_VIIRS_SNPP.A2025098.0612.002.2026034163804.nc
2025-04-08T07:48:00+00:00,SNPP,NIGHT,SPRING,1,1,1,0,720,CLDMSK_L2_VIIRS_SNPP.A2025098.0748.002.2026034163808.nc
2025-04-08T17:36:00+00:00,SNPP,DAY,SPRING,,0,0,0,1440,CLDMSK_L2_VIIRS_SNPP.A2025098.1736.002.2026034163910.nc
2025-04-08T19:18:00+00:00,SNPP,DAY,SPRING,,0,0,0,1080,CLDMSK_L2_VIIRS_SNPP.A2025098.1918.002.2026034163915.nc
2025-04-08T06:30:00+00:00,NOAA20,NIGHT,SPRING,1,1,0,0,1800,CLDMSK_L2_VIIRS_NOAA20.A2025098.0630.001.2025098190547.nc
2025-04-08T08:12:00+00:00,NOAA20,NIGHT,SPRING,1,1,1,0,720,CLDMSK_L2_VIIRS_NOAA20.A2025098.0812.001.2025098202549.nc
2025-04-08T18:00:00+00:00,NOAA20,DAY,SPRING,,0,0,0,0,CLDMSK_L2_VIIRS_NOAA20.A2025098.1800.001.2025099072630.nc
2025-04-08T07:24:00+00:00,NOAA21,NIGHT,SPRING,1,1,0,0,1440,CLDMSK_L2_VIIRS_NOAA21.A2025098.0724.001.2025098190824.nc
2025-04-08T17:12:00+00:00,NOAA21,DAY,SPRING,,0,0,0,720,CLDMSK_L2_VIIRS_NOAA21.A2025098.1712.001.2025099012827.nc
2025-04-08T18:48:00+00:00,NOAA21,DAY,SPRING,,0,0,0,720,CLDMSK_L2_VIIRS_NOAA21.A2025098.1848.001.2025099072839.nc
2023-04-07T06:36:00+00:00,SNPP,NIGHT,SPRING,1,1,1,1,1440,CLDMSK_L2_VIIRS_SNPP.A2023097.0636.002.2026033180606.nc
2023-04-07T08:18:00+00:00,SNPP,NIGHT,SPRING,1,1,1,1,1080,CLDMSK_L2_VIIRS_SNPP.A2023097.0818.002.2026033180613.nc
2023-04-07T18:00:00+00:00,SNPP,DAY,SPRING,,0,0,1,0,CLDMSK_L2_VIIRS_SNPP.A2023097.1800.002.2026033180711.nc
2023-04-07T07:24:00+00:00,NOAA20,NIGHT,SPRING,1,1,1,1,420,CLDMSK_L2_VIIRS_NOAA20.A2023097.0724.001.2023233203517.nc
2023-04-07T17:12:00+00:00,NOAA20,DAY,SPRING,,0,0,1,720,CLDMSK_L2_VIIRS_NOAA20.A2023097.1712.001.2023233203556.nc
2023-04-07T18:48:00+00:00,NOAA20,DAY,SPRING,,0,0,0,720,CLDMSK_L2_VIIRS_NOAA20.A2023097.1848.001.2023233203634.nc
2023-04-07T06:06:00+00:00,NOAA21,NIGHT,SPRING,1,1,1,1,360,CLDMSK_L2_VIIRS_NOAA21.A2023097.0606.001.2024130184108.nc
2023-04-07T07:48:00+00:00,NOAA21,NIGHT,SPRING,1,1,1,1,720,CLDMSK_L2_VIIRS_NOAA21.A2023097.0748.001.2024130184024.nc
2023-04-07T17:36:00+00:00,NOAA21,DAY,SPRING,,0,0,1,1440,CLDMSK_L2_VIIRS_NOAA21.A2023097.1736.001.2024130184048.nc
2023-04-07T19:12:00+00:00,NOAA21,DAY,SPRING,,0,0,0,720,CLDMSK_L2_VIIRS_NOAA21.A2023097.1912.001.2024130184105.nc
2020-05-13T07:30:00+00:00,SNPP,NIGHT,SPRING,1,1,1,1,1800,CLDMSK_L2_VIIRS_SNPP.A2020134.0730.002.2026032080852.nc
2020-05-13T17:18:00+00:00,SNPP,DAY,SPRING,,1,1,1,1080,CLDMSK_L2_VIIRS_SNPP.A2020134.1718.002.2026032081019.nc
2020-05-13T18:54:00+00:00,SNPP,DAY,SPRING,,0,0,1,360,CLDMSK_L2_VIIRS_SNPP.A2020134.1854.002.2026032081032.nc
2020-05-13T06:42:00+00:00,NOAA20,NIGHT,SPRING,1,1,1,1,1080,CLDMSK_L2_VIIRS_NOAA20.A2020134.0642.001.2020294201153.nc
2020-05-13T08:24:00+00:00,NOAA20,NIGHT,SPRING,1,0,1,1,1440,CLDMSK_L2_VIIRS_NOAA20.A2020134.0824.001.2020294201155.nc
2020-05-13T18:06:00+00:00,NOAA20,DAY,SPRING,,1,1,1,360,CLDMSK_L2_VIIRS_NOAA20.A2020134.1806.001.2020294201251.nc
2022-08-06T07:00:00+00:00,NOAA20,NIGHT,SUMMER,0,1,1,1,0,CLDMSK_L2_VIIRS_NOAA20.A2022218.0700.001.2022218193217.nc
2022-08-06T18:24:00+00:00,NOAA20,DAY,SUMMER,,1,1,0,1440,CLDMSK_L2_VIIRS_NOAA20.A2022218.1824.001.2022219072857.nc
2023-03-26T07:00:00+00:00,SNPP,NIGHT,SPRING,0,0,0,0,0,CLDMSK_L2_VIIRS_SNPP.A2023085.0700.002.2026033174327.nc
2023-03-26T18:24:00+00:00,SNPP,DAY,SPRING,,0,0,1,1440,CLDMSK_L2_VIIRS_SNPP.A2023085.1824.002.2026033174428.nc
2023-03-26T06:12:00+00:00,NOAA20,NIGHT,SPRING,0,0,0,0,720,CLDMSK_L2_VIIRS_NOAA20.A2023085.0612.001.2023233202821.nc
2023-03-26T07:48:00+00:00,NOAA20,NIGHT,SPRING,0,0,0,0,720,CLDMSK_L2_VIIRS_NOAA20.A2023085.0748.001.2023233202816.nc
2023-03-26T17:36:00+00:00,NOAA20,DAY,SPRING,,0,0,1,1440,CLDMSK_L2_VIIRS_NOAA20.A2023085.1736.001.2023233202924.nc
2023-03-26T19:18:00+00:00,NOAA20,DAY,SPRING,,0,0,1,1080,CLDMSK_L2_VIIRS_NOAA20.A2023085.1918.001.2023233202933.nc
2023-03-26T06:36:00+00:00,NOAA21,NIGHT,SPRING,0,0,0,0,1440,CLDMSK_L2_VIIRS_NOAA21.A2023085.0636.001.2024130183725.nc
2023-03-26T08:12:00+00:00,NOAA21,NIGHT,SPRING,0,0,0,0,720,CLDMSK_L2_VIIRS_NOAA21.A2023085.0812.001.2024130183753.nc
2023-03-26T18:00:00+00:00,NOAA21,DAY,SPRING,,0,0,1,0,CLDMSK_L2_VIIRS_NOAA21.A2023085.1800.001.2024130183725.nc
2023-03-04T07:12:00+00:00,SNPP,NIGHT,SPRING,1,0,0,0,720,CLDMSK_L2_VIIRS_SNPP.A2023063.0712.002.2026033160912.nc
2023-03-04T17:00:00+00:00,SNPP,DAY,SPRING,,1,1,1,0,CLDMSK_L2_VIIRS_SNPP.A2023063.1700.002.2026033161034.nc
2023-03-04T18:36:00+00:00,SNPP,DAY,SPRING,,1,1,1,1440,CLDMSK_L2_VIIRS_SNPP.A2023063.1836.002.2026033161019.nc
2023-03-04T06:24:00+00:00,NOAA20,NIGHT,SPRING,1,0,0,0,360,CLDMSK_L2_VIIRS_NOAA20.A2023063.0624.001.2023233202117.nc
2023-03-04T08:00:00+00:00,NOAA20,NIGHT,SPRING,1,0,0,0,0,CLDMSK_L2_VIIRS_NOAA20.A2023063.0800.001.2023233202114.nc
2023-03-04T17:48:00+00:00,NOAA20,DAY,SPRING,,1,1,1,720,CLDMSK_L2_VIIRS_NOAA20.A2023063.1748.001.2023233202240.nc
2023-03-04T06:48:00+00:00,NOAA21,NIGHT,SPRING,1,0,0,0,720,CLDMSK_L2_VIIRS_NOAA21.A2023063.0648.001.2024130183230.nc
2023-03-04T08:30:00+00:00,NOAA21,NIGHT,SPRING,1,0,0,0,1800,CLDMSK_L2_VIIRS_NOAA21.A2023063.0830.001.2024130183220.nc
2023-03-04T18:12:00+00:00,NOAA21,DAY,SPRING,,1,1,1,720,CLDMSK_L2_VIIRS_NOAA21.A2023063.1812.001.2024130183255.nc
2025-02-02T06:30:00+00:00,SNPP,NIGHT,WINTER,0,1,1,0,1800,CLDMSK_L2_VIIRS_SNPP.A2025033.0630.002.2026034143517.nc
2025-02-02T08:12:00+00:00,SNPP,NIGHT,WINTER,0,0,0,0,720,CLDMSK_L2_VIIRS_SNPP.A2025033.0812.002.2026034143533.nc
2025-02-02T17:54:00+00:00,SNPP,DAY,WINTER,,0,0,0,360,CLDMSK_L2_VIIRS_SNPP.A2025033.1754.002.2026034143631.nc
2025-02-02T06:54:00+00:00,NOAA20,NIGHT,WINTER,0,0,0,0,360,CLDMSK_L2_VIIRS_NOAA20.A2025033.0654.001.2025033191256.nc
2025-02-02T18:18:00+00:00,NOAA20,DAY,WINTER,,0,0,0,1080,CLDMSK_L2_VIIRS_NOAA20.A2025033.1818.001.2025034073310.nc
2025-02-02T06:06:00+00:00,NOAA21,NIGHT,WINTER,0,0,0,0,360,CLDMSK_L2_VIIRS_NOAA21.A2025033.0606.001.2025033191434.nc
2025-02-02T07:42:00+00:00,NOAA21,NIGHT,WINTER,0,0,0,0,1080,CLDMSK_L2_VIIRS_NOAA21.A2025033.0742.001.2025033191502.nc
2025-02-02T17:30:00+00:00,NOAA21,DAY,WINTER,,0,0,0,1800,CLDMSK_L2_VIIRS_NOAA21.A2025033.1730.001.2025034013512.nc
2025-02-02T19:06:00+00:00,NOAA21,DAY,WINTER,,0,0,0,360,CLDMSK_L2_VIIRS_NOAA21.A2025033.1906.001.2025034073541.nc
2020-10-18T06:30:00+00:00,SNPP,NIGHT,AUTUMN,0,0,0,0,1800,CLDMSK_L2_VIIRS_SNPP.A2020292.0630.002.2026032131344.nc
2020-10-18T08:12:00+00:00,SNPP,NIGHT,AUTUMN,0,0,0,0,720,CLDMSK_L2_VIIRS_SNPP.A2020292.0812.002.2026032131346.nc
2020-10-18T17:54:00+00:00,SNPP,DAY,AUTUMN,,0,0,0,360,CLDMSK_L2_VIIRS_SNPP.A2020292.1754.002.2026032131448.nc
2020-10-18T07:18:00+00:00,NOAA20,NIGHT,AUTUMN,0,0,0,0,1080,CLDMSK_L2_VIIRS_NOAA20.A2020292.0718.001.2020292190632.nc
2020-10-18T17:00:00+00:00,NOAA20,DAY,AUTUMN,,0,0,0,0,CLDMSK_L2_VIIRS_NOAA20.A2020292.1700.001.2020293010005.nc
2020-10-18T18:42:00+00:00,NOAA20,DAY,AUTUMN,,0,0,0,1080,CLDMSK_L2_VIIRS_NOAA20.A2020292.1842.001.2020293070449.nc
2022-08-14T07:00:00+00:00,SNPP,NIGHT,SUMMER,1,0,0,0,0,CLDMSK_L2_VIIRS_SNPP.A2022226.0700.002.2026033095138.nc
2022-08-14T18:24:00+00:00,SNPP,DAY,SUMMER,,0,0,0,1440,CLDMSK_L2_VIIRS_SNPP.A2022226.1824.002.2026033095231.nc
2022-08-14T06:12:00+00:00,NOAA20,NIGHT,SUMMER,1,0,0,0,720,CLDMSK_L2_VIIRS_NOAA20.A2022226.0612.001.2022227034040.nc
2022-08-14T07:48:00+00:00,NOAA20,NIGHT,SUMMER,1,0,0,0,720,CLDMSK_L2_VIIRS_NOAA20.A2022226.0748.001.2022227034040.nc
2022-08-14T17:36:00+00:00,NOAA20,DAY,SUMMER,,1,1,0,1440,CLDMSK_L2_VIIRS_NOAA20.A2022226.1736.001.2022227055844.nc
2022-08-14T19:12:00+00:00,NOAA20,DAY,SUMMER,,0,0,0,720,CLDMSK_L2_VIIRS_NOAA20.A2022226.1912.001.2022227075010.nc
2022-03-21T07:36:00+00:00,SNPP,NIGHT,SPRING,1,1,1,1,1440,CLDMSK_L2_VIIRS_SNPP.A2022080.0736.002.2026033055202.nc
2022-03-21T17:24:00+00:00,SNPP,DAY,SPRING,,0,0,1,1440,CLDMSK_L2_VIIRS_SNPP.A2022080.1724.002.2026033055254.nc
2022-03-21T19:00:00+00:00,SNPP,DAY,SPRING,,0,0,0,0,CLDMSK_L2_VIIRS_SNPP.A2022080.1900.002.2026033055310.nc
2022-03-21T06:48:00+00:00,NOAA20,NIGHT,SPRING,1,1,1,1,720,CLDMSK_L2_VIIRS_NOAA20.A2022080.0648.001.2022080193355.nc
2022-03-21T08:30:00+00:00,NOAA20,NIGHT,SPRING,1,1,1,1,1800,CLDMSK_L2_VIIRS_NOAA20.A2022080.0830.001.2022080193356.nc
2022-03-21T18:12:00+00:00,NOAA20,DAY,SPRING,,0,0,0,720,CLDMSK_L2_VIIRS_NOAA20.A2022080.1812.001.2022081072854.nc
2021-04-15T07:12:00+00:00,SNPP,NIGHT,SPRING,0,0,0,0,720,CLDMSK_L2_VIIRS_SNPP.A2021105.0712.002.2026032192944.nc
2021-04-15T16:54:00+00:00,SNPP,DAY,SPRING,,0,0,0,360,CLDMSK_L2_VIIRS_SNPP.A2021105.1654.002.2026032193037.nc
2021-04-15T18:36:00+00:00,SNPP,DAY,SPRING,,0,0,0,120,CLDMSK_L2_VIIRS_SNPP.A2021105.1836.002.2026032193049.nc
2021-04-15T06:24:00+00:00,NOAA20,NIGHT,SPRING,0,0,0,0,1440,CLDMSK_L2_VIIRS_NOAA20.A2021105.0624.001.2021105192428.nc
2021-04-15T08:00:00+00:00,NOAA20,NIGHT,SPRING,0,0,0,0,0,CLDMSK_L2_VIIRS_NOAA20.A2021105.0800.001.2021105192850.nc
2021-04-15T17:48:00+00:00,NOAA20,DAY,SPRING,,0,0,0,720,CLDMSK_L2_VIIRS_NOAA20.A2021105.1748.001.2021106011941.nc
2022-12-24T07:24:00+00:00,SNPP,NIGHT,WINTER,0,0,0,0,1440,CLDMSK_L2_VIIRS_SNPP.A2022358.0724.002.2026033135435.nc
2022-12-24T17:12:00+00:00,SNPP,DAY,WINTER,,0,0,0,720,CLDMSK_L2_VIIRS_SNPP.A2022358.1712.002.2026033135545.nc
2022-12-24T18:48:00+00:00,SNPP,DAY,WINTER,,0,0,0,720,CLDMSK_L2_VIIRS_SNPP.A2022358.1848.002.2026033135548.nc
2022-12-24T06:36:00+00:00,NOAA20,NIGHT,WINTER,0,0,0,0,1140,CLDMSK_L2_VIIRS_NOAA20.A2022358.0636.001.2022358191230.nc
2022-12-24T08:12:00+00:00,NOAA20,NIGHT,WINTER,0,0,0,0,720,CLDMSK_L2_VIIRS_NOAA20.A2022358.0812.001.2022358203233.nc
2022-12-24T08:18:00+00:00,NOAA20,NIGHT,WINTER,0,0,0,0,1080,CLDMSK_L2_VIIRS_NOAA20.A2022358.0818.001.2022358203235.nc
2022-12-24T18:00:00+00:00,NOAA20,DAY,WINTER,,0,0,0,0,CLDMSK_L2_VIIRS_NOAA20.A2022358.1800.001.2022359073313.nc
2021-08-05T07:12:00+00:00,SNPP,NIGHT,SUMMER,0,1,1,1,720,CLDMSK_L2_VIIRS_SNPP.A2021217.0712.002.2026032225403.nc
2021-08-05T17:00:00+00:00,SNPP,DAY,SUMMER,,1,1,1,0,CLDMSK_L2_VIIRS_SNPP.A2021217.1700.002.2026032225505.nc
2021-08-05T18:36:00+00:00,SNPP,DAY,SUMMER,,1,1,1,1440,CLDMSK_L2_VIIRS_SNPP.A2021217.1836.002.2026032225515.nc
2021-08-05T06:24:00+00:00,NOAA20,NIGHT,SUMMER,0,1,1,1,1440,CLDMSK_L2_VIIRS_NOAA20.A2021217.0624.001.2021217192539.nc
2021-08-05T08:06:00+00:00,NOAA20,NIGHT,SUMMER,0,1,1,1,360,CLDMSK_L2_VIIRS_NOAA20.A2021217.0806.001.2021217192555.nc
2021-08-05T17:48:00+00:00,NOAA20,DAY,SUMMER,,1,1,1,720,CLDMSK_L2_VIIRS_NOAA20.A2021217.1748.001.2021218012617.nc
2020-09-01T06:12:00+00:00,SNPP,NIGHT,AUTUMN,1,0,0,0,720,CLDMSK_L2_VIIRS_SNPP.A2020245.0612.002.2026032114710.nc
2020-09-01T07:48:00+00:00,SNPP,NIGHT,AUTUMN,1,0,0,0,720,CLDMSK_L2_VIIRS_SNPP.A2020245.0748.002.2026032114709.nc
2020-09-01T17:36:00+00:00,SNPP,DAY,AUTUMN,,1,1,0,1440,CLDMSK_L2_VIIRS_SNPP.A2020245.1736.002.2026032114812.nc
2020-09-01T19:18:00+00:00,SNPP,DAY,AUTUMN,,0,0,0,1080,CLDMSK_L2_VIIRS_SNPP.A2020245.1918.002.2026032114822.nc
2020-09-01T07:00:00+00:00,NOAA20,NIGHT,AUTUMN,1,0,0,0,0,CLDMSK_L2_VIIRS_NOAA20.A2020245.0700.001.2020294140617.nc
2020-09-01T18:24:00+00:00,NOAA20,DAY,AUTUMN,,1,1,0,1440,CLDMSK_L2_VIIRS_NOAA20.A2020245.1824.001.2020294140727.nc
2021-11-10T06:54:00+00:00,SNPP,NIGHT,AUTUMN,0,1,1,1,360,CLDMSK_L2_VIIRS_SNPP.A2021314.0654.002.2026033015218.nc
2021-11-10T08:36:00+00:00,SNPP,NIGHT,AUTUMN,0,0,1,1,1440,CLDMSK_L2_VIIRS_SNPP.A2021314.0836.002.2026033015226.nc
2021-11-10T18:18:00+00:00,SNPP,DAY,AUTUMN,,0,0,0,1080,CLDMSK_L2_VIIRS_SNPP.A2021314.1818.002.2026033015332.nc
2021-11-10T06:06:00+00:00,NOAA20,NIGHT,AUTUMN,0,0,0,0,360,CLDMSK_L2_VIIRS_NOAA20.A2021314.0606.001.2021314193139.nc
2021-11-10T07:42:00+00:00,NOAA20,NIGHT,AUTUMN,0,1,1,1,1080,CLDMSK_L2_VIIRS_NOAA20.A2021314.0742.001.2021314193135.nc
2021-11-10T17:30:00+00:00,NOAA20,DAY,AUTUMN,,0,0,1,1800,CLDMSK_L2_VIIRS_NOAA20.A2021314.1730.001.2021315062300.nc
2021-11-10T19:06:00+00:00,NOAA20,DAY,AUTUMN,,1,0,0,360,CLDMSK_L2_VIIRS_NOAA20.A2021314.1906.001.2021315072647.nc
2023-03-28T06:24:00+00:00,SNPP,NIGHT,SPRING,1,0,0,0,1440,CLDMSK_L2_VIIRS_SNPP.A2023087.0624.002.2026033174705.nc
2023-03-28T08:06:00+00:00,SNPP,NIGHT,SPRING,0,0,0,0,360,CLDMSK_L2_VIIRS_SNPP.A2023087.0806.002.2026033174721.nc
2023-03-28T17:48:00+00:00,SNPP,DAY,SPRING,,0,0,0,720,CLDMSK_L2_VIIRS_SNPP.A2023087.1748.002.2026033174842.nc
2023-03-28T07:12:00+00:00,NOAA20,NIGHT,SPRING,0,0,0,0,720,CLDMSK_L2_VIIRS_NOAA20.A2023087.0712.001.2023233203003.nc
2023-03-28T17:00:00+00:00,NOAA20,DAY,SPRING,,0,0,0,0,CLDMSK_L2_VIIRS_NOAA20.A2023087.1700.001.2023233203120.nc
2023-03-28T18:36:00+00:00,NOAA20,DAY,SPRING,,0,0,0,1440,CLDMSK_L2_VIIRS_NOAA20.A2023087.1836.001.2023233203012.nc
2023-03-28T07:36:00+00:00,NOAA21,NIGHT,SPRING,0,0,0,0,1440,CLDMSK_L2_VIIRS_NOAA21.A2023087.0736.001.2024130183755.nc
2023-03-28T17:24:00+00:00,NOAA21,DAY,SPRING,,0,0,0,1440,CLDMSK_L2_VIIRS_NOAA21.A2023087.1724.001.2024130183826.nc
2023-03-28T19:00:00+00:00,NOAA21,DAY,SPRING,,0,0,0,0,CLDMSK_L2_VIIRS_NOAA21.A2023087.1900.001.2024130183746.nc
2024-12-03T07:12:00+00:00,SNPP,NIGHT,WINTER,0,0,0,0,720,CLDMSK_L2_VIIRS_SNPP.A2024338.0712.002.2026034124356.nc
2024-12-03T16:54:00+00:00,SNPP,DAY,WINTER,,1,0,1,360,CLDMSK_L2_VIIRS_SNPP.A2024338.1654.002.2026034124510.nc
2024-12-03T18:36:00+00:00,SNPP,DAY,WINTER,,0,0,0,1440,CLDMSK_L2_VIIRS_SNPP.A2024338.1836.002.2026034124509.nc
2024-12-03T07:36:00+00:00,NOAA20,NIGHT,WINTER,0,0,0,0,1440,CLDMSK_L2_VIIRS_NOAA20.A2024338.0736.002.2025236051933.nc
2024-12-03T17:18:00+00:00,NOAA20,DAY,WINTER,,0,0,1,1080,CLDMSK_L2_VIIRS_NOAA20.A2024338.1718.002.2025236052036.nc
2024-12-03T19:00:00+00:00,NOAA20,DAY,WINTER,,0,0,0,0,CLDMSK_L2_VIIRS_NOAA20.A2024338.1900.002.2025236052120.nc
2024-12-03T06:48:00+00:00,NOAA21,NIGHT,WINTER,0,0,0,0,720,CLDMSK_L2_VIIRS_NOAA21.A2024338.0648.001.2024338191334.nc
2024-12-03T08:30:00+00:00,NOAA21,NIGHT,WINTER,0,1,0,0,1800,CLDMSK_L2_VIIRS_NOAA21.A2024338.0830.001.2024338191301.nc
2024-12-03T18:12:00+00:00,NOAA21,DAY,WINTER,,1,1,0,720,CLDMSK_L2_VIIRS_NOAA21.A2024338.1812.001.2024339072337.nc
2021-05-24T06:42:00+00:00,SNPP,NIGHT,SPRING,1,0,0,0,1080,CLDMSK_L2_VIIRS_SNPP.A2021144.0642.002.2026032204136.nc
2021-05-24T08:18:00+00:00,SNPP,NIGHT,SPRING,1,0,0,0,1080,CLDMSK_L2_VIIRS_SNPP.A2021144.0818.002.2026032204152.nc
2021-05-24T08:24:00+00:00,SNPP,NIGHT,SPRING,1,0,0,0,1440,CLDMSK_L2_VIIRS_SNPP.A2021144.0824.002.2026032204138.nc
2021-05-24T18:06:00+00:00,SNPP,DAY,SPRING,,1,1,1,360,CLDMSK_L2_VIIRS_SNPP.A2021144.1806.002.2026032204251.nc
2021-05-24T07:30:00+00:00,NOAA20,NIGHT,SPRING,1,0,0,0,1800,CLDMSK_L2_VIIRS_NOAA20.A2021144.0730.001.2021144192945.nc
2021-05-24T17:18:00+00:00,NOAA20,DAY,SPRING,,1,1,1,1080,CLDMSK_L2_VIIRS_NOAA20.A2021144.1718.001.2021145014141.nc
2021-05-24T18:54:00+00:00,NOAA20,DAY,SPRING,,1,1,1,360,CLDMSK_L2_VIIRS_NOAA20.A2021144.1854.001.2021145073452.nc
2025-04-03T06:06:00+00:00,SNPP,NIGHT,SPRING,0,0,0,0,360,CLDMSK_L2_VIIRS_SNPP.A2025093.0606.002.2026034162853.nc
2025-04-03T07:42:00+00:00,SNPP,NIGHT,SPRING,0,0,0,0,660,CLDMSK_L2_VIIRS_SNPP.A2025093.0742.002.2026034162859.nc
2025-04-03T17:30:00+00:00,SNPP,DAY,SPRING,,0,0,0,1800,CLDMSK_L2_VIIRS_SNPP.A2025093.1730.002.2026034162956.nc
2025-04-03T19:12:00+00:00,SNPP,DAY,SPRING,,0,0,0,120,CLDMSK_L2_VIIRS_SNPP.A2025093.1912.002.2026034163010.nc
2025-04-03T06:24:00+00:00,NOAA20,NIGHT,SPRING,0,0,0,0,240,CLDMSK_L2_VIIRS_NOAA20.A2025093.0624.001.2025093190217.nc
2025-04-03T08:06:00+00:00,NOAA20,NIGHT,SPRING,0,0,0,0,180,CLDMSK_L2_VIIRS_NOAA20.A2025093.0806.001.2025093202253.nc
2025-04-03T17:48:00+00:00,NOAA20,DAY,SPRING,,0,0,0,720,CLDMSK_L2_VIIRS_NOAA20.A2025093.1748.001.2025094060344.nc
2025-04-03T07:18:00+00:00,NOAA21,NIGHT,SPRING,0,0,0,0,360,CLDMSK_L2_VIIRS_NOAA21.A2025093.0718.001.2025093191118.nc
2025-04-03T17:06:00+00:00,NOAA21,DAY,SPRING,,0,0,0,360,CLDMSK_L2_VIIRS_NOAA21.A2025093.1706.001.2025094014240.nc
2025-04-03T18:42:00+00:00,NOAA21,DAY,SPRING,,0,0,0,1080,CLDMSK_L2_VIIRS_NOAA21.A2025093.1842.001.2025094074217.nc
2023-05-30T06:42:00+00:00,SNPP,NIGHT,SPRING,1,1,1,1,1080,CLDMSK_L2_VIIRS_SNPP.A2023150.0642.002.2026033194329.nc
2023-05-30T18:06:00+00:00,SNPP,DAY,SPRING,,1,1,1,360,CLDMSK_L2_VIIRS_SNPP.A2023150.1806.002.2026033194458.nc
2023-05-30T07:30:00+00:00,NOAA20,NIGHT,SPRING,0,1,1,1,1800,CLDMSK_L2_VIIRS_NOAA20.A2023150.0730.001.2023233210346.nc
2023-05-30T17:18:00+00:00,NOAA20,DAY,SPRING,,1,1,1,1080,CLDMSK_L2_VIIRS_NOAA20.A2023150.1718.001.2023233210450.nc
2023-05-30T18:54:00+00:00,NOAA20,DAY,SPRING,,1,1,1,360,CLDMSK_L2_VIIRS_NOAA20.A2023150.1854.001.2023233210457.nc
2023-05-30T06:12:00+00:00,NOAA21,NIGHT,SPRING,1,1,1,1,720,CLDMSK_L2_VIIRS_NOAA21.A2023150.0612.001.2024130185445.nc
2023-05-30T07:54:00+00:00,NOAA21,NIGHT,SPRING,0,1,1,1,360,CLDMSK_L2_VIIRS_NOAA21.A2023150.0754.001.2024130185415.nc
2023-05-30T17:42:00+00:00,NOAA21,DAY,SPRING,,1,1,1,1080,CLDMSK_L2_VIIRS_NOAA21.A2023150.1742.001.2024130185522.nc
2023-05-30T19:18:00+00:00,NOAA21,DAY,SPRING,,1,1,1,1080,CLDMSK_L2_VIIRS_NOAA21.A2023150.1918.001.2024130185526.nc
2025-08-11T07:06:00+00:00,SNPP,NIGHT,SUMMER,1,1,1,1,360,CLDMSK_L2_VIIRS_SNPP.A2025223.0706.002.2026034202654.nc
2025-08-11T18:30:00+00:00,SNPP,DAY,SUMMER,,1,1,1,1800,CLDMSK_L2_VIIRS_SNPP.A2025223.1830.002.2026034202802.nc
2025-08-11T07:30:00+00:00,NOAA20,NIGHT,SUMMER,1,1,1,1,1800,CLDMSK_L2_VIIRS_NOAA20.A2025223.0730.001.2025223194620.nc
2025-08-11T17:18:00+00:00,NOAA20,DAY,SUMMER,,1,1,1,1080,CLDMSK_L2_VIIRS_NOAA20.A2025223.1718.001.2025224053637.nc
2025-08-11T18:54:00+00:00,NOAA20,DAY,SUMMER,,1,1,1,360,CLDMSK_L2_VIIRS_NOAA20.A2025223.1854.001.2025224072637.nc
2025-08-11T06:42:00+00:00,NOAA21,NIGHT,SUMMER,1,1,1,1,1080,CLDMSK_L2_VIIRS_NOAA21.A2025223.0642.001.2025223191635.nc
2025-08-11T08:24:00+00:00,NOAA21,NIGHT,SUMMER,1,0,1,1,1440,CLDMSK_L2_VIIRS_NOAA21.A2025223.0824.001.2025223191643.nc
2025-08-11T18:06:00+00:00,NOAA21,DAY,SUMMER,,1,1,1,360,CLDMSK_L2_VIIRS_NOAA21.A2025223.1806.001.2025224072716.nc
2025-07-15T07:12:00+00:00,SNPP,NIGHT,SUMMER,1,1,1,1,720,CLDMSK_L2_VIIRS_SNPP.A2025196.0712.002.2026034193720.nc
2025-07-15T17:00:00+00:00,SNPP,DAY,SUMMER,,1,1,1,0,CLDMSK_L2_VIIRS_SNPP.A2025196.1700.002.2026034193804.nc
2025-07-15T18:42:00+00:00,SNPP,DAY,SUMMER,,1,1,1,1080,CLDMSK_L2_VIIRS_SNPP.A2025196.1842.002.2026034193835.nc
2025-07-15T07:36:00+00:00,NOAA20,NIGHT,SUMMER,1,1,1,1,1440,CLDMSK_L2_VIIRS_NOAA20.A2025196.0736.001.2025196194742.nc
2025-07-15T17:24:00+00:00,NOAA20,DAY,SUMMER,,1,1,1,1440,CLDMSK_L2_VIIRS_NOAA20.A2025196.1724.001.2025197054803.nc
2025-07-15T19:00:00+00:00,NOAA20,DAY,SUMMER,,1,1,1,0,CLDMSK_L2_VIIRS_NOAA20.A2025196.1900.001.2025197073816.nc
2025-07-15T06:48:00+00:00,NOAA21,NIGHT,SUMMER,1,1,1,1,720,CLDMSK_L2_VIIRS_NOAA21.A2025196.0648.001.2025196191828.nc
2025-07-15T08:30:00+00:00,NOAA21,NIGHT,SUMMER,1,0,0,1,1800,CLDMSK_L2_VIIRS_NOAA21.A2025196.0830.001.2025196191844.nc
2025-07-15T18:12:00+00:00,NOAA21,DAY,SUMMER,,1,1,1,720,CLDMSK_L2_VIIRS_NOAA21.A2025196.1812.001.2025199175201.nc
2024-11-28T07:06:00+00:00,SNPP,NIGHT,AUTUMN,0,0,0,0,360,CLDMSK_L2_VIIRS_SNPP.A2024333.0706.002.2026034123451.nc
2024-11-28T16:48:00+00:00,SNPP,DAY,AUTUMN,,0,0,0,720,CLDMSK_L2_VIIRS_SNPP.A2024333.1648.002.2026034123555.nc
2024-11-28T18:30:00+00:00,SNPP,DAY,AUTUMN,,0,0,0,1800,CLDMSK_L2_VIIRS_SNPP.A2024333.1830.002.2026034123623.nc
2024-11-28T07:30:00+00:00,NOAA20,NIGHT,AUTUMN,0,0,0,0,1800,CLDMSK_L2_VIIRS_NOAA20.A2024333.0730.002.2025236050755.nc
2024-11-28T17:12:00+00:00,NOAA20,DAY,AUTUMN,,0,0,0,720,CLDMSK_L2_VIIRS_NOAA20.A2024333.1712.002.2025236050836.nc
2024-11-28T18:54:00+00:00,NOAA20,DAY,AUTUMN,,0,0,0,360,CLDMSK_L2_VIIRS_NOAA20.A2024333.1854.002.2025236050837.nc
2024-11-28T06:42:00+00:00,NOAA21,NIGHT,AUTUMN,0,0,0,0,1080,CLDMSK_L2_VIIRS_NOAA21.A2024333.0642.001.2024333190850.nc
2024-11-28T08:24:00+00:00,NOAA21,NIGHT,AUTUMN,0,0,0,0,1440,CLDMSK_L2_VIIRS_NOAA21.A2024333.0824.001.2024333190856.nc
2024-11-28T18:06:00+00:00,NOAA21,DAY,AUTUMN,,0,0,0,360,CLDMSK_L2_VIIRS_NOAA21.A2024333.1806.001.2024334072916.nc
2020-11-25T06:18:00+00:00,SNPP,NIGHT,AUTUMN,1,1,1,0,1080,CLDMSK_L2_VIIRS_SNPP.A2020330.0618.002.2026032142408.nc
2020-11-25T07:54:00+00:00,SNPP,NIGHT,AUTUMN,0,0,0,0,240,CLDMSK_L2_VIIRS_SNPP.A2020330.0754.002.2026032142405.nc
2020-11-25T17:42:00+00:00,SNPP,DAY,AUTUMN,,0,0,0,60,CLDMSK_L2_VIIRS_SNPP.A2020330.1742.002.2026032142506.nc
2020-11-25T19:24:00+00:00,SNPP,DAY,AUTUMN,,0,0,0,840,CLDMSK_L2_VIIRS_SNPP.A2020330.1924.002.2026032142518.nc
2020-11-25T07:06:00+00:00,NOAA20,NIGHT,AUTUMN,1,0,0,0,360,CLDMSK_L2_VIIRS_NOAA20.A2020330.0706.001.2020330191558.nc
2020-11-25T16:48:00+00:00,NOAA20,DAY,AUTUMN,,0,0,0,720,CLDMSK_L2_VIIRS_NOAA20.A2020330.1648.001.2020331010914.nc
2020-11-25T18:30:00+00:00,NOAA20,DAY,AUTUMN,,0,0,0,1800,CLDMSK_L2_VIIRS_NOAA20.A2020330.1830.001.2020331071133.nc
2024-11-04T06:42:00+00:00,NOAA20,NIGHT,AUTUMN,0,0,0,0,1080,CLDMSK_L2_VIIRS_NOAA20.A2024309.0642.002.2025236041622.nc
2024-11-04T08:18:00+00:00,NOAA20,NIGHT,AUTUMN,0,0,0,0,1080,CLDMSK_L2_VIIRS_NOAA20.A2024309.0818.002.2025236041725.nc
2024-11-04T18:06:00+00:00,NOAA20,DAY,AUTUMN,,0,0,0,360,CLDMSK_L2_VIIRS_NOAA20.A2024309.1806.002.2025236041820.nc
2024-11-04T07:36:00+00:00,NOAA21,NIGHT,AUTUMN,0,0,0,0,1440,CLDMSK_L2_VIIRS_NOAA21.A2024309.0736.001.2024309191225.nc
2024-11-04T17:18:00+00:00,NOAA21,DAY,AUTUMN,,0,0,0,1080,CLDMSK_L2_VIIRS_NOAA21.A2024309.1718.001.2024310013308.nc
2024-11-04T19:00:00+00:00,NOAA21,DAY,AUTUMN,,0,0,0,0,CLDMSK_L2_VIIRS_NOAA21.A2024309.1900.001.2024310073300.nc
2022-10-22T07:06:00+00:00,SNPP,NIGHT,AUTUMN,0,0,0,0,360,CLDMSK_L2_VIIRS_SNPP.A2022295.0706.002.2026033115748.nc
2022-10-22T16:54:00+00:00,SNPP,DAY,AUTUMN,,1,1,1,360,CLDMSK_L2_VIIRS_SNPP.A2022295.1654.002.2026033115846.nc
2022-10-22T18:30:00+00:00,SNPP,DAY,AUTUMN,,0,0,1,1800,CLDMSK_L2_VIIRS_SNPP.A2022295.1830.002.2026033115904.nc
2022-10-22T06:18:00+00:00,NOAA20,NIGHT,AUTUMN,0,0,0,0,1080,CLDMSK_L2_VIIRS_NOAA20.A2022295.0618.001.2022295190324.nc
2022-10-22T07:54:00+00:00,NOAA20,NIGHT,AUTUMN,0,0,0,0,360,CLDMSK_L2_VIIRS_NOAA20.A2022295.0754.001.2022295201303.nc
2022-10-22T17:42:00+00:00,NOAA20,DAY,AUTUMN,,1,1,1,1080,CLDMSK_L2_VIIRS_NOAA20.A2022295.1742.001.2022296060336.nc
2022-10-22T19:24:00+00:00,NOAA20,DAY,AUTUMN,,1,1,1,1440,CLDMSK_L2_VIIRS_NOAA20.A2022295.1924.001.2022296074345.nc
2021-01-09T07:12:00+00:00,SNPP,NIGHT,WINTER,0,0,0,0,720,CLDMSK_L2_VIIRS_SNPP.A2021009.0712.002.2026032154930.nc
2021-01-09T16:54:00+00:00,SNPP,DAY,WINTER,,0,0,0,360,CLDMSK_L2_VIIRS_SNPP.A2021009.1654.002.2026032155034.nc
2021-01-09T18:36:00+00:00,SNPP,DAY,WINTER,,1,0,0,1440,CLDMSK_L2_VIIRS_SNPP.A2021009.1836.002.2026032155035.nc
2021-01-09T06:24:00+00:00,NOAA20,NIGHT,WINTER,0,0,0,0,1440,CLDMSK_L2_VIIRS_NOAA20.A2021009.0624.001.2021009191352.nc
2021-01-09T08:00:00+00:00,NOAA20,NIGHT,WINTER,0,0,0,0,0,CLDMSK_L2_VIIRS_NOAA20.A2021009.0800.001.2021009191351.nc
2021-01-09T17:48:00+00:00,NOAA20,DAY,WINTER,,0,0,0,720,CLDMSK_L2_VIIRS_NOAA20.A2021009.1748.001.2021010011200.nc
2020-03-25T06:12:00+00:00,SNPP,NIGHT,SPRING,0,0,0,0,720,CLDMSK_L2_VIIRS_SNPP.A2020085.0612.002.2026032060744.nc
2020-03-25T07:48:00+00:00,SNPP,NIGHT,SPRING,0,0,0,0,720,CLDMSK_L2_VIIRS_SNPP.A2020085.0748.002.2026032060758.nc
2020-03-25T17:36:00+00:00,SNPP,DAY,SPRING,,0,0,0,1440,CLDMSK_L2_VIIRS_SNPP.A2020085.1736.002.2026032060912.nc
2020-03-25T19:12:00+00:00,SNPP,DAY,SPRING,,0,0,0,720,CLDMSK_L2_VIIRS_SNPP.A2020085.1912.002.2026032060929.nc
2020-03-25T07:00:00+00:00,NOAA20,NIGHT,SPRING,0,0,0,0,0,CLDMSK_L2_VIIRS_NOAA20.A2020085.0700.001.2020294212610.nc
2020-03-25T18:24:00+00:00,NOAA20,DAY,SPRING,,0,0,0,1440,CLDMSK_L2_VIIRS_NOAA20.A2020085.1824.001.2020294212640.nc
2023-01-08T06:06:00+00:00,SNPP,NIGHT,WINTER,1,1,0,0,360,CLDMSK_L2_VIIRS_SNPP.A2023008.0606.002.2026033142219.nc
2023-01-08T07:48:00+00:00,SNPP,NIGHT,WINTER,1,0,0,0,720,CLDMSK_L2_VIIRS_SNPP.A2023008.0748.002.2026033142239.nc
2023-01-08T17:30:00+00:00,SNPP,DAY,WINTER,,0,0,0,1800,CLDMSK_L2_VIIRS_SNPP.A2023008.1730.002.2026033142341.nc
2023-01-08T19:12:00+00:00,SNPP,DAY,WINTER,,0,0,0,360,CLDMSK_L2_VIIRS_SNPP.A2023008.1912.002.2026033142353.nc
2023-01-08T06:54:00+00:00,NOAA20,NIGHT,WINTER,1,0,0,0,360,CLDMSK_L2_VIIRS_NOAA20.A2023008.0654.001.2023233195055.nc
2023-01-08T18:18:00+00:00,NOAA20,DAY,WINTER,,0,0,0,1080,CLDMSK_L2_VIIRS_NOAA20.A2023008.1818.001.2023233195105.nc
2021-12-18T06:42:00+00:00,SNPP,NIGHT,WINTER,1,0,0,0,1080,CLDMSK_L2_VIIRS_SNPP.A2021352.0642.002.2026033030234.nc
2021-12-18T08:24:00+00:00,SNPP,NIGHT,WINTER,1,0,0,0,180,CLDMSK_L2_VIIRS_SNPP.A2021352.0824.002.2026033030247.nc
2021-12-18T18:06:00+00:00,SNPP,DAY,WINTER,,0,0,0,240,CLDMSK_L2_VIIRS_SNPP.A2021352.1806.002.2026033030343.nc
2021-12-18T07:30:00+00:00,NOAA20,NIGHT,WINTER,1,0,0,0,1800,CLDMSK_L2_VIIRS_NOAA20.A2021352.0730.001.2021352192418.nc
2021-12-18T17:18:00+00:00,NOAA20,DAY,WINTER,,0,0,0,0,CLDMSK_L2_VIIRS_NOAA20.A2021352.1718.001.2021353014030.nc
2021-12-18T18:54:00+00:00,NOAA20,DAY,WINTER,,0,0,0,360,CLDMSK_L2_VIIRS_NOAA20.A2021352.1854.001.2021353072330.nc
2025-10-26T06:48:00+00:00,SNPP,NIGHT,AUTUMN,0,1,1,1,480,CLDMSK_L2_VIIRS_SNPP.A2025299.0648.002.2026063175111.nc
2025-10-26T08:24:00+00:00,SNPP,NIGHT,AUTUMN,0,1,1,1,1440,CLDMSK_L2_VIIRS_SNPP.A2025299.0824.002.2026063175121.nc
2025-10-26T18:12:00+00:00,SNPP,DAY,AUTUMN,,0,1,1,720,CLDMSK_L2_VIIRS_SNPP.A2025299.1812.002.2026063175226.nc
2025-10-26T07:06:00+00:00,NOAA20,NIGHT,AUTUMN,0,1,1,1,360,CLDMSK_L2_VIIRS_NOAA20.A2025299.0706.001.2025299191213.nc
2025-10-26T16:48:00+00:00,NOAA20,DAY,AUTUMN,,0,0,1,720,CLDMSK_L2_VIIRS_NOAA20.A2025299.1648.001.2025300050336.nc
2025-10-26T18:30:00+00:00,NOAA20,DAY,AUTUMN,,0,1,1,1800,CLDMSK_L2_VIIRS_NOAA20.A2025299.1830.001.2025300072244.nc
2025-10-26T06:18:00+00:00,NOAA21,NIGHT,AUTUMN,0,1,1,1,1080,CLDMSK_L2_VIIRS_NOAA21.A2025299.0618.001.2025299191556.nc
2025-10-26T07:54:00+00:00,NOAA21,NIGHT,AUTUMN,0,1,1,1,360,CLDMSK_L2_VIIRS_NOAA21.A2025299.0754.001.2025299191621.nc
2025-10-26T17:42:00+00:00,NOAA21,DAY,AUTUMN,,1,1,1,1080,CLDMSK_L2_VIIRS_NOAA21.A2025299.1742.001.2025300012623.nc
2025-10-26T19:24:00+00:00,NOAA21,DAY,AUTUMN,,1,1,1,1440,CLDMSK_L2_VIIRS_NOAA21.A2025299.1924.001.2025300072634.nc
2022-01-13T06:54:00+00:00,SNPP,NIGHT,WINTER,1,0,0,0,360,CLDMSK_L2_VIIRS_SNPP.A2022013.0654.002.2026033034946.nc
2022-01-13T08:36:00+00:00,SNPP,NIGHT,WINTER,1,1,0,0,1440,CLDMSK_L2_VIIRS_SNPP.A2022013.0836.002.2026033034953.nc
2022-01-13T18:18:00+00:00,SNPP,DAY,WINTER,,0,0,0,1080,CLDMSK_L2_VIIRS_SNPP.A2022013.1818.002.2026033035050.nc
2022-01-13T06:00:00+00:00,NOAA20,NIGHT,WINTER,1,0,0,0,0,CLDMSK_L2_VIIRS_NOAA20.A2022013.0600.001.2022013194227.nc
2022-01-13T07:42:00+00:00,NOAA20,NIGHT,WINTER,1,0,0,0,1080,CLDMSK_L2_VIIRS_NOAA20.A2022013.0742.001.2022013194221.nc
2022-01-13T17:30:00+00:00,NOAA20,DAY,WINTER,,0,0,0,1800,CLDMSK_L2_VIIRS_NOAA20.A2022013.1730.001.2022014013507.nc
2022-01-13T19:06:00+00:00,NOAA20,DAY,WINTER,,0,0,0,360,CLDMSK_L2_VIIRS_NOAA20.A2022013.1906.001.2022014073556.nc
2021-01-08T07:30:00+00:00,SNPP,NIGHT,WINTER,0,1,1,1,1800,CLDMSK_L2_VIIRS_SNPP.A2021008.0730.002.2026032154737.nc
2021-01-08T17:18:00+00:00,SNPP,DAY,WINTER,,0,0,1,1080,CLDMSK_L2_VIIRS_SNPP.A2021008.1718.002.2026032154847.nc
2021-01-08T18:54:00+00:00,SNPP,DAY,WINTER,,0,0,1,360,CLDMSK_L2_VIIRS_SNPP.A2021008.1854.002.2026032154910.nc
2021-01-08T06:42:00+00:00,NOAA20,NIGHT,WINTER,0,1,1,1,1080,CLDMSK_L2_VIIRS_NOAA20.A2021008.0642.001.2021008191956.nc
2021-01-08T08:24:00+00:00,NOAA20,NIGHT,WINTER,1,1,1,1,1440,CLDMSK_L2_VIIRS_NOAA20.A2021008.0824.001.2021008192027.nc
2021-01-08T18:06:00+00:00,NOAA20,DAY,WINTER,,0,0,1,360,CLDMSK_L2_VIIRS_NOAA20.A2021008.1806.001.2021009071803.nc
2025-04-09T07:30:00+00:00,SNPP,NIGHT,SPRING,1,1,1,1,1800,CLDMSK_L2_VIIRS_SNPP.A2025099.0730.002.2026034163953.nc
2025-04-09T17:18:00+00:00,SNPP,DAY,SPRING,,0,0,0,1080,CLDMSK_L2_VIIRS_SNPP.A2025099.1718.002.2026034164107.nc
2025-04-09T18:54:00+00:00,SNPP,DAY,SPRING,,0,0,0,360,CLDMSK_L2_VIIRS_SNPP.A2025099.1854.002.2026034164115.nc
2025-04-09T06:12:00+00:00,NOAA20,NIGHT,SPRING,1,1,1,1,720,CLDMSK_L2_VIIRS_NOAA20.A2025099.0612.001.2025099190628.nc
2025-04-09T07:54:00+00:00,NOAA20,NIGHT,SPRING,1,1,1,1,360,CLDMSK_L2_VIIRS_NOAA20.A2025099.0754.001.2025099201626.nc
2025-04-09T17:36:00+00:00,NOAA20,DAY,SPRING,,0,0,0,1440,CLDMSK_L2_VIIRS_NOAA20.A2025099.1736.001.2025100055705.nc
2025-04-09T19:18:00+00:00,NOAA20,DAY,SPRING,,0,0,0,1080,CLDMSK_L2_VIIRS_NOAA20.A2025099.1918.001.2025100073700.nc
2025-04-09T07:06:00+00:00,NOAA21,NIGHT,SPRING,1,1,1,1,360,CLDMSK_L2_VIIRS_NOAA21.A2025099.0706.001.2025099190840.nc
2025-04-09T16:48:00+00:00,NOAA21,DAY,SPRING,,0,0,0,720,CLDMSK_L2_VIIRS_NOAA21.A2025099.1648.001.2025100011858.nc
2025-04-09T18:30:00+00:00,NOAA21,DAY,SPRING,,0,0,0,1800,CLDMSK_L2_VIIRS_NOAA21.A2025099.1830.001.2025100072926.nc
2023-11-26T07:06:00+00:00,SNPP,NIGHT,AUTUMN,1,0,0,0,360,CLDMSK_L2_VIIRS_SNPP.A2023330.0706.002.2026034012037.nc
2023-11-26T16:54:00+00:00,SNPP,DAY,AUTUMN,,0,0,0,360,CLDMSK_L2_VIIRS_SNPP.A2023330.1654.002.2026034012127.nc
2023-11-26T18:30:00+00:00,SNPP,DAY,AUTUMN,,0,0,0,1800,CLDMSK_L2_VIIRS_SNPP.A2023330.1830.002.2026034012145.nc
2023-11-26T06:18:00+00:00,NOAA20,NIGHT,AUTUMN,1,0,0,0,1080,CLDMSK_L2_VIIRS_NOAA20.A2023330.0618.002.2025235102852.nc
2023-11-26T07:54:00+00:00,NOAA20,NIGHT,AUTUMN,1,0,0,0,360,CLDMSK_L2_VIIRS_NOAA20.A2023330.0754.002.2025235102839.nc
2023-11-26T17:42:00+00:00,NOAA20,DAY,AUTUMN,,0,0,0,1080,CLDMSK_L2_VIIRS_NOAA20.A2023330.1742.002.2025235103152.nc
2023-11-26T19:24:00+00:00,NOAA20,DAY,AUTUMN,,0,0,0,1440,CLDMSK_L2_VIIRS_NOAA20.A2023330.1924.002.2025235103136.nc
2023-11-26T06:42:00+00:00,NOAA21,NIGHT,AUTUMN,1,0,0,0,1080,CLDMSK_L2_VIIRS_NOAA21.A2023330.0642.001.2024130193326.nc
2023-11-26T08:18:00+00:00,NOAA21,NIGHT,AUTUMN,1,0,0,0,1080,CLDMSK_L2_VIIRS_NOAA21.A2023330.0818.001.2024130193354.nc
2023-11-26T18:06:00+00:00,NOAA21,DAY,AUTUMN,,0,0,0,360,CLDMSK_L2_VIIRS_NOAA21.A2023330.1806.001.2024130193412.nc
2023-09-27T07:30:00+00:00,SNPP,NIGHT,AUTUMN,1,0,0,0,1800,CLDMSK_L2_VIIRS_SNPP.A2023270.0730.002.2026033233108.nc
2023-09-27T17:18:00+00:00,SNPP,DAY,AUTUMN,,0,1,1,1080,CLDMSK_L2_VIIRS_SNPP.A2023270.1718.002.2026033233159.nc
2023-09-27T18:54:00+00:00,SNPP,DAY,AUTUMN,,0,0,0,360,CLDMSK_L2_VIIRS_SNPP.A2023270.1854.002.2026033233209.nc
2023-09-27T06:42:00+00:00,NOAA20,NIGHT,AUTUMN,1,0,0,0,1080,CLDMSK_L2_VIIRS_NOAA20.A2023270.0642.002.2025235073734.nc
2023-09-27T08:24:00+00:00,NOAA20,NIGHT,AUTUMN,1,0,0,0,1440,CLDMSK_L2_VIIRS_NOAA20.A2023270.0824.002.2025235073745.nc
2023-09-27T18:06:00+00:00,NOAA20,DAY,AUTUMN,,0,0,0,360,CLDMSK_L2_VIIRS_NOAA20.A2023270.1806.002.2025235073908.nc
2023-09-27T07:06:00+00:00,NOAA21,NIGHT,AUTUMN,1,0,0,0,360,CLDMSK_L2_VIIRS_NOAA21.A2023270.0706.001.2024130191959.nc
2023-09-27T16:48:00+00:00,NOAA21,DAY,AUTUMN,,1,1,1,720,CLDMSK_L2_VIIRS_NOAA21.A2023270.1648.001.2024130192048.nc
2023-09-27T18:30:00+00:00,NOAA21,DAY,AUTUMN,,0,0,0,1800,CLDMSK_L2_VIIRS_NOAA21.A2023270.1830.001.2024130192013.nc
2023-08-08T06:30:00+00:00,SNPP,NIGHT,SUMMER,1,0,0,0,420,CLDMSK_L2_VIIRS_SNPP.A2023220.0630.002.2026033215813.nc
2023-08-08T08:12:00+00:00,SNPP,NIGHT,SUMMER,1,0,0,0,720,CLDMSK_L2_VIIRS_SNPP.A2023220.0812.002.2026033215823.nc
2023-08-08T17:54:00+00:00,SNPP,DAY,SUMMER,,0,0,0,360,CLDMSK_L2_VIIRS_SNPP.A2023220.1754.002.2026033215925.nc
2023-08-08T07:18:00+00:00,NOAA20,NIGHT,SUMMER,1,0,0,0,1080,CLDMSK_L2_VIIRS_NOAA20.A2023220.0718.001.2023233214932.nc
2023-08-08T17:06:00+00:00,NOAA20,DAY,SUMMER,,0,0,0,360,CLDMSK_L2_VIIRS_NOAA20.A2023220.1706.001.2023233214928.nc
2023-08-08T18:42:00+00:00,NOAA20,DAY,SUMMER,,0,0,0,1080,CLDMSK_L2_VIIRS_NOAA20.A2023220.1842.001.2023233214952.nc
2023-08-08T06:00:00+00:00,NOAA21,NIGHT,SUMMER,1,0,0,0,0,CLDMSK_L2_VIIRS_NOAA21.A2023220.0600.001.2024130190807.nc
2023-08-08T07:42:00+00:00,NOAA21,NIGHT,SUMMER,1,0,0,0,1080,CLDMSK_L2_VIIRS_NOAA21.A2023220.0742.001.2024130190840.nc
2023-08-08T17:24:00+00:00,NOAA21,DAY,SUMMER,,1,0,0,1440,CLDMSK_L2_VIIRS_NOAA21.A2023220.1724.001.2024130190836.nc
2023-08-08T19:06:00+00:00,NOAA21,DAY,SUMMER,,0,0,0,360,CLDMSK_L2_VIIRS_NOAA21.A2023220.1906.001.2024130190913.nc
2021-03-04T07:00:00+00:00,SNPP,NIGHT,SPRING,1,0,0,0,0,CLDMSK_L2_VIIRS_SNPP.A2021063.0700.002.2026032181310.nc
2021-03-04T18:24:00+00:00,SNPP,DAY,SPRING,,0,0,1,1440,CLDMSK_L2_VIIRS_SNPP.A2021063.1824.002.2026032181433.nc
2021-03-04T06:12:00+00:00,NOAA20,NIGHT,SPRING,1,0,0,0,720,CLDMSK_L2_VIIRS_NOAA20.A2021063.0612.001.2021063190547.nc
2021-03-04T07:48:00+00:00,NOAA20,NIGHT,SPRING,1,0,0,0,720,CLDMSK_L2_VIIRS_NOAA20.A2021063.0748.001.2021063190550.nc
2021-03-04T17:36:00+00:00,NOAA20,DAY,SPRING,,0,1,1,1440,CLDMSK_L2_VIIRS_NOAA20.A2021063.1736.001.2021064010844.nc
2021-03-04T19:12:00+00:00,NOAA20,DAY,SPRING,,1,1,1,720,CLDMSK_L2_VIIRS_NOAA20.A2021063.1912.001.2021064071250.nc
2021-03-04T19:18:00+00:00,NOAA20,DAY,SPRING,,0,1,1,1080,CLDMSK_L2_VIIRS_NOAA20.A2021063.1918.001.2021064071256.nc
2021-10-20T06:48:00+00:00,SNPP,NIGHT,AUTUMN,1,0,0,1,720,CLDMSK_L2_VIIRS_SNPP.A2021293.0648.002.2026033011317.nc
2021-10-20T08:30:00+00:00,SNPP,NIGHT,AUTUMN,1,1,1,1,1800,CLDMSK_L2_VIIRS_SNPP.A2021293.0830.002.2026033011324.nc
2021-10-20T18:12:00+00:00,SNPP,DAY,AUTUMN,,0,0,0,720,CLDMSK_L2_VIIRS_SNPP.A2021293.1812.002.2026033011430.nc
2021-10-20T07:36:00+00:00,NOAA20,NIGHT,AUTUMN,1,1,1,1,1440,CLDMSK_L2_VIIRS_NOAA20.A2021293.0736.001.2021293191745.nc
2021-10-20T17:24:00+00:00,NOAA20,DAY,AUTUMN,,0,0,0,720,CLDMSK_L2_VIIRS_NOAA20.A2021293.1724.001.2021294012746.nc
2021-10-20T19:00:00+00:00,NOAA20,DAY,AUTUMN,,0,0,0,0,CLDMSK_L2_VIIRS_NOAA20.A2021293.1900.001.2021294073209.nc
2023-09-12T07:12:00+00:00,SNPP,NIGHT,AUTUMN,0,0,0,0,720,CLDMSK_L2_VIIRS_SNPP.A2023255.0712.002.2026033230257.nc
2023-09-12T17:00:00+00:00,SNPP,DAY,AUTUMN,,0,0,0,0,CLDMSK_L2_VIIRS_SNPP.A2023255.1700.002.2026033230422.nc
2023-09-12T18:36:00+00:00,SNPP,DAY,AUTUMN,,0,0,0,1440,CLDMSK_L2_VIIRS_SNPP.A2023255.1836.002.2026033230413.nc
2023-09-12T06:24:00+00:00,NOAA20,NIGHT,AUTUMN,0,0,0,0,1440,CLDMSK_L2_VIIRS_NOAA20.A2023255.0624.002.2025235065924.nc
2023-09-12T08:06:00+00:00,NOAA20,NIGHT,AUTUMN,0,0,0,0,360,CLDMSK_L2_VIIRS_NOAA20.A2023255.0806.002.2025235070036.nc
2023-09-12T17:48:00+00:00,NOAA20,DAY,AUTUMN,,0,0,0,720,CLDMSK_L2_VIIRS_NOAA20.A2023255.1748.002.2025235070136.nc
2023-09-12T06:48:00+00:00,NOAA21,NIGHT,AUTUMN,0,0,0,0,720,CLDMSK_L2_VIIRS_NOAA21.A2023255.0648.001.2024130191653.nc
2023-09-12T08:24:00+00:00,NOAA21,NIGHT,AUTUMN,0,0,0,0,1440,CLDMSK_L2_VIIRS_NOAA21.A2023255.0824.001.2024130191732.nc
2023-09-12T18:12:00+00:00,NOAA21,DAY,AUTUMN,,0,0,0,720,CLDMSK_L2_VIIRS_NOAA21.A2023255.1812.001.2024130191743.nc
2025-07-22T06:42:00+00:00,SNPP,NIGHT,SUMMER,0,0,0,1,1080,CLDMSK_L2_VIIRS_SNPP.A2025203.0642.002.2026034195005.nc
2025-07-22T08:24:00+00:00,SNPP,NIGHT,SUMMER,0,1,0,1,1440,CLDMSK_L2_VIIRS_SNPP.A2025203.0824.002.2026034195022.nc
2025-07-22T18:06:00+00:00,SNPP,DAY,SUMMER,,0,0,0,360,CLDMSK_L2_VIIRS_SNPP.A2025203.1806.002.2026034195117.nc
2025-07-22T07:06:00+00:00,NOAA20,NIGHT,SUMMER,0,0,0,1,360,CLDMSK_L2_VIIRS_NOAA20.A2025203.0706.001.2025203213511.nc
2025-07-22T16:48:00+00:00,NOAA20,DAY,SUMMER,,0,0,0,720,CLDMSK_L2_VIIRS_NOAA20.A2025203.1648.001.2025204050615.nc
2025-07-22T18:30:00+00:00,NOAA20,DAY,SUMMER,,0,0,0,1800,CLDMSK_L2_VIIRS_NOAA20.A2025203.1830.001.2025204072632.nc
2025-07-22T06:18:00+00:00,NOAA21,NIGHT,SUMMER,0,0,0,1,1080,CLDMSK_L2_VIIRS_NOAA21.A2025203.0618.001.2025203213705.nc
2025-07-22T08:00:00+00:00,NOAA21,NIGHT,SUMMER,0,0,0,1,0,CLDMSK_L2_VIIRS_NOAA21.A2025203.0800.001.2025203213714.nc
2025-07-22T17:42:00+00:00,NOAA21,DAY,SUMMER,,1,1,0,1080,CLDMSK_L2_VIIRS_NOAA21.A2025203.1742.001.2025204012808.nc
2025-07-22T19:24:00+00:00,NOAA21,DAY,SUMMER,,0,0,0,1440,CLDMSK_L2_VIIRS_NOAA21.A2025203.1924.001.2025204072811.nc
2024-06-28T06:36:00+00:00,SNPP,NIGHT,SUMMER,1,1,1,1,1440,CLDMSK_L2_VIIRS_SNPP.A2024180.0636.002.2026034075519.nc
2024-06-28T18:00:00+00:00,SNPP,DAY,SUMMER,,0,0,0,0,CLDMSK_L2_VIIRS_SNPP.A2024180.1800.002.2026034075638.nc
2024-06-28T07:00:00+00:00,NOAA20,NIGHT,SUMMER,1,1,0,1,0,CLDMSK_L2_VIIRS_NOAA20.A2024180.0700.002.2025235213308.nc
2024-06-28T18:24:00+00:00,NOAA20,DAY,SUMMER,,0,0,0,1440,CLDMSK_L2_VIIRS_NOAA20.A2024180.1824.002.2025235213521.nc
2024-06-28T06:12:00+00:00,NOAA21,NIGHT,SUMMER,1,0,0,1,720,CLDMSK_L2_VIIRS_NOAA21.A2024180.0612.001.2024180191223.nc
2024-06-28T07:48:00+00:00,NOAA21,NIGHT,SUMMER,1,1,0,1,720,CLDMSK_L2_VIIRS_NOAA21.A2024180.0748.001.2024180191240.nc
2024-06-28T17:36:00+00:00,NOAA21,DAY,SUMMER,,0,0,0,1440,CLDMSK_L2_VIIRS_NOAA21.A2024180.1736.001.2024181012255.nc
2024-06-28T19:18:00+00:00,NOAA21,DAY,SUMMER,,0,0,0,1080,CLDMSK_L2_VIIRS_NOAA21.A2024180.1918.001.2024181072313.nc
2020-05-30T07:12:00+00:00,SNPP,NIGHT,SPRING,0,0,0,1,720,CLDMSK_L2_VIIRS_SNPP.A2020151.0712.002.2026032085116.nc
2020-05-30T16:54:00+00:00,SNPP,DAY,SPRING,,0,0,0,360,CLDMSK_L2_VIIRS_SNPP.A2020151.1654.002.2026032085256.nc
2020-05-30T18:36:00+00:00,SNPP,DAY,SPRING,,0,0,0,1440,CLDMSK_L2_VIIRS_SNPP.A2020151.1836.002.2026032085259.nc
2020-05-30T06:24:00+00:00,NOAA20,NIGHT,SPRING,1,0,0,1,1440,CLDMSK_L2_VIIRS_NOAA20.A2020151.0624.001.2020294164710.nc
2020-05-30T08:06:00+00:00,NOAA20,NIGHT,SPRING,0,0,0,0,360,CLDMSK_L2_VIIRS_NOAA20.A2020151.0806.001.2020294164736.nc
2020-05-30T17:48:00+00:00,NOAA20,DAY,SPRING,,0,0,0,720,CLDMSK_L2_VIIRS_NOAA20.A2020151.1748.001.2020294164918.nc
2020-12-26T06:36:00+00:00,SNPP,NIGHT,WINTER,1,1,1,0,1440,CLDMSK_L2_VIIRS_SNPP.A2020361.0636.002.2026032152117.nc
2020-12-26T08:12:00+00:00,SNPP,NIGHT,WINTER,1,0,0,0,720,CLDMSK_L2_VIIRS_SNPP.A2020361.0812.002.2026032152121.nc
2020-12-26T18:00:00+00:00,SNPP,DAY,WINTER,,0,0,0,0,CLDMSK_L2_VIIRS_SNPP.A2020361.1800.002.2026032152259.nc
2020-12-26T07:24:00+00:00,NOAA20,NIGHT,WINTER,1,0,0,0,1440,CLDMSK_L2_VIIRS_NOAA20.A2020361.0724.001.2020361190208.nc
2020-12-26T17:12:00+00:00,NOAA20,DAY,WINTER,,0,0,0,720,CLDMSK_L2_VIIRS_NOAA20.A2020361.1712.001.2020362005928.nc
2020-12-26T18:48:00+00:00,NOAA20,DAY,WINTER,,0,0,0,720,CLDMSK_L2_VIIRS_NOAA20.A2020361.1848.001.2020362070815.nc
2023-08-17T07:00:00+00:00,SNPP,NIGHT,SUMMER,0,0,0,1,0,CLDMSK_L2_VIIRS_SNPP.A2023229.0700.002.2026033221504.nc
2023-08-17T18:24:00+00:00,SNPP,DAY,SUMMER,,0,0,0,1440,CLDMSK_L2_VIIRS_SNPP.A2023229.1824.002.2026033221614.nc
2023-08-17T06:12:00+00:00,NOAA20,NIGHT,SUMMER,0,0,0,1,720,CLDMSK_L2_VIIRS_NOAA20.A2023229.0612.002.2025235053608.nc
2023-08-17T07:54:00+00:00,NOAA20,NIGHT,SUMMER,0,0,1,1,360,CLDMSK_L2_VIIRS_NOAA20.A2023229.0754.002.2025235053617.nc
2023-08-17T17:36:00+00:00,NOAA20,DAY,SUMMER,,1,0,0,1440,CLDMSK_L2_VIIRS_NOAA20.A2023229.1736.002.2025235053952.nc
2023-08-17T19:18:00+00:00,NOAA20,DAY,SUMMER,,0,0,0,1080,CLDMSK_L2_VIIRS_NOAA20.A2023229.1918.002.2025235053917.nc
2023-08-17T06:30:00+00:00,NOAA21,NIGHT,SUMMER,0,0,1,1,1800,CLDMSK_L2_VIIRS_NOAA21.A2023229.0630.001.2024130191040.nc
2023-08-17T08:12:00+00:00,NOAA21,NIGHT,SUMMER,0,0,1,1,720,CLDMSK_L2_VIIRS_NOAA21.A2023229.0812.001.2024130191109.nc
2023-08-17T18:00:00+00:00,NOAA21,DAY,SUMMER,,0,0,0,0,CLDMSK_L2_VIIRS_NOAA21.A2023229.1800.001.2024130191045.nc
2021-04-19T07:36:00+00:00,SNPP,NIGHT,SPRING,0,1,1,1,1440,CLDMSK_L2_VIIRS_SNPP.A2021109.0736.002.2026032193726.nc
2021-04-19T17:24:00+00:00,SNPP,DAY,SPRING,,0,0,0,1440,CLDMSK_L2_VIIRS_SNPP.A2021109.1724.002.2026032193817.nc
2021-04-19T19:00:00+00:00,SNPP,DAY,SPRING,,0,0,0,0,CLDMSK_L2_VIIRS_SNPP.A2021109.1900.002.2026032193820.nc
2021-04-19T06:48:00+00:00,NOAA20,NIGHT,SPRING,0,1,1,1,720,CLDMSK_L2_VIIRS_NOAA20.A2021109.0648.001.2021109194146.nc
2021-04-19T08:30:00+00:00,NOAA20,NIGHT,SPRING,0,0,1,1,1800,CLDMSK_L2_VIIRS_NOAA20.A2021109.0830.001.2021109194145.nc
2021-04-19T18:12:00+00:00,NOAA20,DAY,SPRING,,1,0,0,720,CLDMSK_L2_VIIRS_NOAA20.A2021109.1812.001.2021110074234.nc
2024-07-13T07:18:00+00:00,NOAA20,NIGHT,SUMMER,0,1,1,1,1080,CLDMSK_L2_VIIRS_NOAA20.A2024195.0718.002.2025235223501.nc
2024-07-13T17:00:00+00:00,NOAA20,DAY,SUMMER,,1,1,1,0,CLDMSK_L2_VIIRS_NOAA20.A2024195.1700.002.2025235223658.nc
2024-07-13T18:42:00+00:00,NOAA20,DAY,SUMMER,,1,0,0,1080,CLDMSK_L2_VIIRS_NOAA20.A2024195.1842.002.2025235223628.nc
2024-07-13T06:30:00+00:00,NOAA21,NIGHT,SUMMER,0,1,1,1,1800,CLDMSK_L2_VIIRS_NOAA21.A2024195.0630.001.2024195191435.nc
2024-07-13T08:12:00+00:00,NOAA21,NIGHT,SUMMER,0,0,1,1,720,CLDMSK_L2_VIIRS_NOAA21.A2024195.0812.001.2024195191445.nc
2024-07-13T17:54:00+00:00,NOAA21,DAY,SUMMER,,1,1,0,360,CLDMSK_L2_VIIRS_NOAA21.A2024195.1754.001.2024196012456.nc
2025-10-08T07:24:00+00:00,SNPP,NIGHT,AUTUMN,1,1,1,1,1440,CLDMSK_L2_VIIRS_SNPP.A2025281.0724.002.2026063171914.nc
2025-10-08T17:06:00+00:00,SNPP,DAY,AUTUMN,,1,0,0,360,CLDMSK_L2_VIIRS_SNPP.A2025281.1706.002.2026063172028.nc
2025-10-08T18:48:00+00:00,SNPP,DAY,AUTUMN,,0,1,1,720,CLDMSK_L2_VIIRS_SNPP.A2025281.1848.002.2026063172045.nc
2025-10-08T06:00:00+00:00,NOAA20,NIGHT,AUTUMN,1,1,0,0,0,CLDMSK_L2_VIIRS_NOAA20.A2025281.0600.001.2025281190235.nc
2025-10-08T07:42:00+00:00,NOAA20,NIGHT,AUTUMN,1,1,1,1,1080,CLDMSK_L2_VIIRS_NOAA20.A2025281.0742.001.2025281195253.nc
2025-10-08T17:30:00+00:00,NOAA20,DAY,AUTUMN,,1,1,0,1800,CLDMSK_L2_VIIRS_NOAA20.A2025281.1730.001.2025282054303.nc
2025-10-08T19:06:00+00:00,NOAA20,DAY,AUTUMN,,1,1,1,360,CLDMSK_L2_VIIRS_NOAA20.A2025281.1906.001.2025282073317.nc
2025-10-08T06:54:00+00:00,NOAA21,NIGHT,AUTUMN,1,1,1,1,360,CLDMSK_L2_VIIRS_NOAA21.A2025281.0654.001.2025281190603.nc
2025-10-08T18:18:00+00:00,NOAA21,DAY,AUTUMN,,0,0,1,1080,CLDMSK_L2_VIIRS_NOAA21.A2025281.1818.001.2025282073642.nc
2020-01-05T06:12:00+00:00,SNPP,NIGHT,WINTER,1,0,0,0,720,CLDMSK_L2_VIIRS_SNPP.A2020005.0612.002.2026032024549.nc
2020-01-05T07:48:00+00:00,SNPP,NIGHT,WINTER,0,0,0,0,720,CLDMSK_L2_VIIRS_SNPP.A2020005.0748.002.2026032024553.nc
2020-01-05T17:36:00+00:00,SNPP,DAY,WINTER,,0,0,0,1440,CLDMSK_L2_VIIRS_SNPP.A2020005.1736.002.2026032024702.nc
2020-01-05T19:12:00+00:00,SNPP,DAY,WINTER,,0,0,0,720,CLDMSK_L2_VIIRS_SNPP.A2020005.1912.002.2026032024728.nc
2020-01-05T07:00:00+00:00,NOAA20,NIGHT,WINTER,1,0,0,0,0,CLDMSK_L2_VIIRS_NOAA20.A2020005.0700.001.2020294231817.nc
2020-01-05T18:24:00+00:00,NOAA20,DAY,WINTER,,0,0,0,1440,CLDMSK_L2_VIIRS_NOAA20.A2020005.1824.001.2020294231924.nc
2025-03-07T06:12:00+00:00,SNPP,NIGHT,SPRING,1,1,0,1,720,CLDMSK_L2_VIIRS_SNPP.A2025066.0612.002.2026034153708.nc
2025-03-07T07:54:00+00:00,SNPP,NIGHT,SPRING,1,0,0,0,360,CLDMSK_L2_VIIRS_SNPP.A2025066.0754.002.2026034153718.nc
2025-03-07T17:36:00+00:00,SNPP,DAY,SPRING,,0,0,0,1440,CLDMSK_L2_VIIRS_SNPP.A2025066.1736.002.2026034160119.nc
2025-03-07T19:18:00+00:00,SNPP,DAY,SPRING,,0,0,1,1080,CLDMSK_L2_VIIRS_SNPP.A2025066.1918.002.2026034153830.nc
2025-03-07T06:36:00+00:00,NOAA20,NIGHT,SPRING,1,1,0,1,1440,CLDMSK_L2_VIIRS_NOAA20.A2025066.0636.001.2025066191415.nc
2025-03-07T08:12:00+00:00,NOAA20,NIGHT,SPRING,0,0,0,0,720,CLDMSK_L2_VIIRS_NOAA20.A2025066.0812.001.2025066203357.nc
2025-03-07T18:00:00+00:00,NOAA20,DAY,SPRING,,0,0,0,0,CLDMSK_L2_VIIRS_NOAA20.A2025066.1800.001.2025067072435.nc
2025-03-07T07:24:00+00:00,NOAA21,NIGHT,SPRING,1,0,0,1,1440,CLDMSK_L2_VIIRS_NOAA21.A2025066.0724.001.2025066191646.nc
2025-03-07T17:12:00+00:00,NOAA21,DAY,SPRING,,0,0,0,720,CLDMSK_L2_VIIRS_NOAA21.A2025066.1712.001.2025067012735.nc
2025-03-07T18:48:00+00:00,NOAA21,DAY,SPRING,,0,0,1,720,CLDMSK_L2_VIIRS_NOAA21.A2025066.1848.001.2025067072657.nc
2024-08-19T07:00:00+00:00,SNPP,NIGHT,SUMMER,1,0,0,0,0,CLDMSK_L2_VIIRS_SNPP.A2024232.0700.002.2026034092902.nc
2024-08-19T18:24:00+00:00,SNPP,DAY,SUMMER,,0,0,0,1440,CLDMSK_L2_VIIRS_SNPP.A2024232.1824.002.2026034092958.nc
2024-08-19T07:24:00+00:00,NOAA20,NIGHT,SUMMER,1,0,0,0,1440,CLDMSK_L2_VIIRS_NOAA20.A2024232.0724.002.2025236001355.nc
2024-08-19T17:06:00+00:00,NOAA20,DAY,SUMMER,,0,0,0,360,CLDMSK_L2_VIIRS_NOAA20.A2024232.1706.002.2025236001717.nc
2024-08-19T18:48:00+00:00,NOAA20,DAY,SUMMER,,0,0,0,720,CLDMSK_L2_VIIRS_NOAA20.A2024232.1848.002.2025236001629.nc
2024-08-19T06:36:00+00:00,NOAA21,NIGHT,SUMMER,1,0,0,0,1440,CLDMSK_L2_VIIRS_NOAA21.A2024232.0636.001.2024232190832.nc
2024-08-19T08:18:00+00:00,NOAA21,NIGHT,SUMMER,1,0,0,0,1080,CLDMSK_L2_VIIRS_NOAA21.A2024232.0818.001.2024232190836.nc
2024-08-19T18:00:00+00:00,NOAA21,DAY,SUMMER,,0,0,0,0,CLDMSK_L2_VIIRS_NOAA21.A2024232.1800.001.2024233072839.nc
2020-08-10T06:24:00+00:00,SNPP,NIGHT,SUMMER,1,0,0,0,1440,CLDMSK_L2_VIIRS_SNPP.A2020223.0624.002.2026032110626.nc
2020-08-10T08:00:00+00:00,SNPP,NIGHT,SUMMER,1,0,0,1,0,CLDMSK_L2_VIIRS_SNPP.A2020223.0800.002.2026032110652.nc
2020-08-10T17:48:00+00:00,SNPP,DAY,SUMMER,,0,0,0,720,CLDMSK_L2_VIIRS_SNPP.A2020223.1748.002.2026032110743.nc
2020-08-10T07:12:00+00:00,NOAA20,NIGHT,SUMMER,1,1,1,0,720,CLDMSK_L2_VIIRS_NOAA20.A2020223.0712.001.2020294144025.nc
2020-08-10T16:54:00+00:00,NOAA20,DAY,SUMMER,,0,0,0,360,CLDMSK_L2_VIIRS_NOAA20.A2020223.1654.001.2020294144053.nc
2020-08-10T18:36:00+00:00,NOAA20,DAY,SUMMER,,1,1,1,1440,CLDMSK_L2_VIIRS_NOAA20.A2020223.1836.001.2020294144122.nc
2022-02-07T07:24:00+00:00,SNPP,NIGHT,WINTER,0,0,0,0,1440,CLDMSK_L2_VIIRS_SNPP.A2022038.0724.002.2026033043538.nc
2022-02-07T17:12:00+00:00,SNPP,DAY,WINTER,,1,0,0,720,CLDMSK_L2_VIIRS_SNPP.A2022038.1712.002.2026033043648.nc
2022-02-07T18:48:00+00:00,SNPP,DAY,WINTER,,1,0,0,720,CLDMSK_L2_VIIRS_SNPP.A2022038.1848.002.2026033043630.nc
2022-02-07T06:36:00+00:00,NOAA20,NIGHT,WINTER,0,0,0,0,1440,CLDMSK_L2_VIIRS_NOAA20.A2022038.0636.001.2022038192524.nc
2022-02-07T08:12:00+00:00,NOAA20,NIGHT,WINTER,0,0,0,0,720,CLDMSK_L2_VIIRS_NOAA20.A2022038.0812.001.2022038192516.nc
2022-02-07T18:00:00+00:00,NOAA20,DAY,WINTER,,1,1,0,0,CLDMSK_L2_VIIRS_NOAA20.A2022038.1800.001.2022039073624.nc
2025-10-24T07:24:00+00:00,SNPP,NIGHT,AUTUMN,0,0,0,0,1440,CLDMSK_L2_VIIRS_SNPP.A2025297.0724.002.2026063174732.nc
2025-10-24T17:06:00+00:00,SNPP,DAY,AUTUMN,,0,0,0,360,CLDMSK_L2_VIIRS_SNPP.A2025297.1706.002.2026063174847.nc
2025-10-24T18:48:00+00:00,SNPP,DAY,AUTUMN,,0,0,0,720,CLDMSK_L2_VIIRS_SNPP.A2025297.1848.002.2026063174903.nc
2025-10-24T06:00:00+00:00,NOAA20,NIGHT,AUTUMN,0,0,0,0,0,CLDMSK_L2_VIIRS_NOAA20.A2025297.0600.001.2025297191040.nc
2025-10-24T07:42:00+00:00,NOAA20,NIGHT,AUTUMN,0,0,0,0,1080,CLDMSK_L2_VIIRS_NOAA20.A2025297.0742.001.2025297195052.nc
2025-10-24T17:30:00+00:00,NOAA20,DAY,AUTUMN,,1,0,0,1800,CLDMSK_L2_VIIRS_NOAA20.A2025297.1730.001.2025298054123.nc
2025-10-24T19:06:00+00:00,NOAA20,DAY,AUTUMN,,0,0,0,360,CLDMSK_L2_VIIRS_NOAA20.A2025297.1906.001.2025298073128.nc
2025-10-24T06:54:00+00:00,NOAA21,NIGHT,AUTUMN,0,0,0,0,360,CLDMSK_L2_VIIRS_NOAA21.A2025297.0654.001.2025297191426.nc
2025-10-24T18:18:00+00:00,NOAA21,DAY,AUTUMN,,0,0,0,1080,CLDMSK_L2_VIIRS_NOAA21.A2025297.1818.001.2025298073506.nc
2025-08-03T06:18:00+00:00,SNPP,NIGHT,SUMMER,0,0,0,1,1080,CLDMSK_L2_VIIRS_SNPP.A2025215.0618.002.2026034201228.nc
2025-08-03T08:00:00+00:00,SNPP,NIGHT,SUMMER,0,1,1,1,0,CLDMSK_L2_VIIRS_SNPP.A2025215.0800.002.2026034201223.nc
2025-08-03T17:42:00+00:00,SNPP,DAY,SUMMER,,1,1,0,1080,CLDMSK_L2_VIIRS_SNPP.A2025215.1742.002.2026034201328.nc
2025-08-03T19:24:00+00:00,SNPP,DAY,SUMMER,,0,0,0,1440,CLDMSK_L2_VIIRS_SNPP.A2025215.1924.002.2026034201328.nc
2025-08-03T06:42:00+00:00,NOAA20,NIGHT,SUMMER,0,1,0,1,1080,CLDMSK_L2_VIIRS_NOAA20.A2025215.0642.001.2025215191607.nc
2025-08-03T08:24:00+00:00,NOAA20,NIGHT,SUMMER,0,1,1,1,1440,CLDMSK_L2_VIIRS_NOAA20.A2025215.0824.001.2025215204559.nc
2025-08-03T18:06:00+00:00,NOAA20,DAY,SUMMER,,1,1,0,360,CLDMSK_L2_VIIRS_NOAA20.A2025215.1806.001.2025216072633.nc
2025-08-03T07:30:00+00:00,NOAA21,NIGHT,SUMMER,0,1,1,1,1800,CLDMSK_L2_VIIRS_NOAA21.A2025215.0730.001.2025215191731.nc
2025-08-03T17:18:00+00:00,NOAA21,DAY,SUMMER,,1,1,1,1080,CLDMSK_L2_VIIRS_NOAA21.A2025215.1718.001.2025216012806.nc
2025-08-03T18:54:00+00:00,NOAA21,DAY,SUMMER,,1,0,0,360,CLDMSK_L2_VIIRS_NOAA21.A2025215.1854.001.2025216072820.nc
2024-12-15T06:48:00+00:00,SNPP,NIGHT,WINTER,1,0,0,0,720,CLDMSK_L2_VIIRS_SNPP.A2024350.0648.002.2026034130606.nc
2024-12-15T08:30:00+00:00,SNPP,NIGHT,WINTER,1,0,0,0,1800,CLDMSK_L2_VIIRS_SNPP.A2024350.0830.002.2026034130614.nc
2024-12-15T18:12:00+00:00,SNPP,DAY,WINTER,,0,0,0,720,CLDMSK_L2_VIIRS_SNPP.A2024350.1812.002.2026034130717.nc
2024-12-15T07:12:00+00:00,NOAA20,NIGHT,WINTER,1,0,0,0,720,CLDMSK_L2_VIIRS_NOAA20.A2024350.0712.002.2025236055215.nc
2024-12-15T16:54:00+00:00,NOAA20,DAY,WINTER,,0,0,0,360,CLDMSK_L2_VIIRS_NOAA20.A2024350.1654.002.2025236055234.nc
2024-12-15T18:36:00+00:00,NOAA20,DAY,WINTER,,0,0,0,1440,CLDMSK_L2_VIIRS_NOAA20.A2024350.1836.002.2025236055242.nc
2024-12-15T06:24:00+00:00,NOAA21,NIGHT,WINTER,1,0,0,0,1440,CLDMSK_L2_VIIRS_NOAA21.A2024350.0624.001.2024350191105.nc
2024-12-15T08:06:00+00:00,NOAA21,NIGHT,WINTER,1,0,0,0,360,CLDMSK_L2_VIIRS_NOAA21.A2024350.0806.001.2024350191112.nc
2024-12-15T17:48:00+00:00,NOAA21,DAY,WINTER,,0,0,0,720,CLDMSK_L2_VIIRS_NOAA21.A2024350.1748.001.2024351011149.nc
2020-07-30T06:30:00+00:00,SNPP,NIGHT,SUMMER,0,0,0,1,1800,CLDMSK_L2_VIIRS_SNPP.A2020212.0630.002.2026032104539.nc
2020-07-30T08:06:00+00:00,SNPP,NIGHT,SUMMER,0,0,0,1,360,CLDMSK_L2_VIIRS_SNPP.A2020212.0806.002.2026032104557.nc
2020-07-30T17:54:00+00:00,SNPP,DAY,SUMMER,,0,0,0,360,CLDMSK_L2_VIIRS_SNPP.A2020212.1754.002.2026032104705.nc
2020-07-30T07:18:00+00:00,NOAA20,NIGHT,SUMMER,0,0,0,1,1080,CLDMSK_L2_VIIRS_NOAA20.A2020212.0718.001.2020294145750.nc
2020-07-30T17:06:00+00:00,NOAA20,DAY,SUMMER,,0,0,0,360,CLDMSK_L2_VIIRS_NOAA20.A2020212.1706.001.2020294145904.nc
2020-07-30T18:42:00+00:00,NOAA20,DAY,SUMMER,,0,0,0,1080,CLDMSK_L2_VIIRS_NOAA20.A2020212.1842.001.2020294145821.nc
2023-03-25T07:24:00+00:00,SNPP,NIGHT,SPRING,0,0,0,0,1440,CLDMSK_L2_VIIRS_SNPP.A2023084.0724.002.2026033174316.nc
2023-03-25T17:06:00+00:00,SNPP,DAY,SPRING,,0,0,0,360,CLDMSK_L2_VIIRS_SNPP.A2023084.1706.002.2026033174317.nc
2023-03-25T18:48:00+00:00,SNPP,DAY,SPRING,,0,0,0,720,CLDMSK_L2_VIIRS_SNPP.A2023084.1848.002.2026033174332.nc
2023-03-25T06:30:00+00:00,NOAA20,NIGHT,SPRING,0,0,0,0,1800,CLDMSK_L2_VIIRS_NOAA20.A2023084.0630.001.2023233202800.nc
2023-03-25T08:12:00+00:00,NOAA20,NIGHT,SPRING,0,0,0,0,720,CLDMSK_L2_VIIRS_NOAA20.A2023084.0812.001.2023233202801.nc
2023-03-25T17:54:00+00:00,NOAA20,DAY,SPRING,,0,0,0,360,CLDMSK_L2_VIIRS_NOAA20.A2023084.1754.001.2023233202910.nc
2023-03-25T06:54:00+00:00,NOAA21,NIGHT,SPRING,0,0,0,0,360,CLDMSK_L2_VIIRS_NOAA21.A2023084.0654.001.2024130183709.nc
2023-03-25T18:18:00+00:00,NOAA21,DAY,SPRING,,0,0,0,1080,CLDMSK_L2_VIIRS_NOAA21.A2023084.1818.001.2024130183806.nc
2025-06-08T07:06:00+00:00,SNPP,NIGHT,SUMMER,1,0,0,1,360,CLDMSK_L2_VIIRS_SNPP.A2025159.0706.002.2026034182946.nc
2025-06-08T16:54:00+00:00,SNPP,DAY,SUMMER,,0,0,0,360,CLDMSK_L2_VIIRS_SNPP.A2025159.1654.002.2026034183044.nc
2025-06-08T18:30:00+00:00,SNPP,DAY,SUMMER,,0,0,0,1800,CLDMSK_L2_VIIRS_SNPP.A2025159.1830.002.2026034183055.nc
2025-06-08T07:30:00+00:00,NOAA20,NIGHT,SUMMER,1,1,0,1,1800,CLDMSK_L2_VIIRS_NOAA20.A2025159.0730.001.2025161023054.nc
2025-06-08T17:12:00+00:00,NOAA20,DAY,SUMMER,,0,0,0,720,CLDMSK_L2_VIIRS_NOAA20.A2025159.1712.001.2025161054913.nc
2025-06-08T18:54:00+00:00,NOAA20,DAY,SUMMER,,0,0,0,360,CLDMSK_L2_VIIRS_NOAA20.A2025159.1854.001.2025161055017.nc
2025-06-08T06:42:00+00:00,NOAA21,NIGHT,SUMMER,1,1,1,1,1080,CLDMSK_L2_VIIRS_NOAA21.A2025159.0642.001.2025161022819.nc
2025-06-08T18:06:00+00:00,NOAA21,DAY,SUMMER,,0,0,0,360,CLDMSK_L2_VIIRS_NOAA21.A2025159.1806.001.2025161033323.nc
2021-10-10T06:36:00+00:00,SNPP,NIGHT,AUTUMN,0,0,0,0,1440,CLDMSK_L2_VIIRS_SNPP.A2021283.0636.002.2026033005439.nc
2021-10-10T08:18:00+00:00,SNPP,NIGHT,AUTUMN,0,0,0,0,1080,CLDMSK_L2_VIIRS_SNPP.A2021283.0818.002.2026033005443.nc
2021-10-10T18:00:00+00:00,SNPP,DAY,AUTUMN,,0,0,0,0,CLDMSK_L2_VIIRS_SNPP.A2021283.1800.002.2026033005601.nc
2021-10-10T07:24:00+00:00,NOAA20,NIGHT,AUTUMN,0,0,0,0,1440,CLDMSK_L2_VIIRS_NOAA20.A2021283.0724.001.2021283193930.nc
2021-10-10T17:12:00+00:00,NOAA20,DAY,AUTUMN,,0,0,0,720,CLDMSK_L2_VIIRS_NOAA20.A2021283.1712.001.2021284014800.nc
2021-10-10T18:48:00+00:00,NOAA20,DAY,AUTUMN,,0,0,0,720,CLDMSK_L2_VIIRS_NOAA20.A2021283.1848.001.2021284072630.nc
2023-06-26T06:36:00+00:00,SNPP,NIGHT,SUMMER,0,0,0,0,900,CLDMSK_L2_VIIRS_SNPP.A2023177.0636.002.2026033203328.nc
2023-06-26T18:00:00+00:00,SNPP,DAY,SUMMER,,0,0,0,0,CLDMSK_L2_VIIRS_SNPP.A2023177.1800.002.2026033203439.nc
2023-06-26T07:24:00+00:00,NOAA20,NIGHT,SUMMER,0,0,0,0,1440,CLDMSK_L2_VIIRS_NOAA20.A2023177.0724.001.2023233212058.nc
2023-06-26T17:12:00+00:00,NOAA20,DAY,SUMMER,,0,0,0,360,CLDMSK_L2_VIIRS_NOAA20.A2023177.1712.001.2023233212312.nc
2023-06-26T18:48:00+00:00,NOAA20,DAY,SUMMER,,0,0,0,720,CLDMSK_L2_VIIRS_NOAA20.A2023177.1848.001.2023233212230.nc
2023-06-26T06:06:00+00:00,NOAA21,NIGHT,SUMMER,0,0,0,0,360,CLDMSK_L2_VIIRS_NOAA21.A2023177.0606.001.2024130185926.nc
2023-06-26T07:48:00+00:00,NOAA21,NIGHT,SUMMER,0,0,0,0,720,CLDMSK_L2_VIIRS_NOAA21.A2023177.0748.001.2024130185957.nc
2023-06-26T17:36:00+00:00,NOAA21,DAY,SUMMER,,0,0,0,1080,CLDMSK_L2_VIIRS_NOAA21.A2023177.1736.001.2024130185949.nc
2023-06-26T19:12:00+00:00,NOAA21,DAY,SUMMER,,0,0,0,720,CLDMSK_L2_VIIRS_NOAA21.A2023177.1912.001.2024130190029.nc
2020-02-26T06:36:00+00:00,SNPP,NIGHT,WINTER,0,0,0,0,1440,CLDMSK_L2_VIIRS_SNPP.A2020057.0636.002.2026032045739.nc
2020-02-26T08:12:00+00:00,SNPP,NIGHT,WINTER,0,0,0,0,720,CLDMSK_L2_VIIRS_SNPP.A2020057.0812.002.2026032045746.nc
2020-02-26T18:00:00+00:00,SNPP,DAY,WINTER,,0,0,0,0,CLDMSK_L2_VIIRS_SNPP.A2020057.1800.002.2026032045921.nc
2020-02-26T07:24:00+00:00,NOAA20,NIGHT,WINTER,0,0,0,0,1440,CLDMSK_L2_VIIRS_NOAA20.A2020057.0724.001.2020294220602.nc
2020-02-26T17:12:00+00:00,NOAA20,DAY,WINTER,,0,0,0,720,CLDMSK_L2_VIIRS_NOAA20.A2020057.1712.001.2020294220627.nc
2020-02-26T18:48:00+00:00,NOAA20,DAY,WINTER,,0,0,0,660,CLDMSK_L2_VIIRS_NOAA20.A2020057.1848.001.2020294220626.nc
2024-07-29T18:18:00+00:00,SNPP,DAY,SUMMER,,1,1,1,1080,CLDMSK_L2_VIIRS_SNPP.A2024211.1818.002.2026034085144.nc
2024-07-29T07:18:00+00:00,NOAA20,NIGHT,SUMMER,1,1,1,1,1080,CLDMSK_L2_VIIRS_NOAA20.A2024211.0718.002.2025235230857.nc
2024-07-29T17:00:00+00:00,NOAA20,DAY,SUMMER,,1,1,1,0,CLDMSK_L2_VIIRS_NOAA20.A2024211.1700.002.2025235230905.nc
2024-07-29T18:42:00+00:00,NOAA20,DAY,SUMMER,,1,1,1,1080,CLDMSK_L2_VIIRS_NOAA20.A2024211.1842.002.2025235231011.nc
2024-07-29T06:30:00+00:00,NOAA21,NIGHT,SUMMER,1,0,1,1,1800,CLDMSK_L2_VIIRS_NOAA21.A2024211.0630.001.2024211190750.nc
2024-07-29T08:12:00+00:00,NOAA21,NIGHT,SUMMER,1,1,1,1,720,CLDMSK_L2_VIIRS_NOAA21.A2024211.0812.001.2024211190752.nc
2024-07-29T17:54:00+00:00,NOAA21,DAY,SUMMER,,1,1,1,360,CLDMSK_L2_VIIRS_NOAA21.A2024211.1754.001.2024212010755.nc
2021-04-09T07:24:00+00:00,SNPP,NIGHT,SPRING,0,0,0,0,1440,CLDMSK_L2_VIIRS_SNPP.A2021099.0724.002.2026032191839.nc
2021-04-09T17:06:00+00:00,SNPP,DAY,SPRING,,0,0,0,360,CLDMSK_L2_VIIRS_SNPP.A2021099.1706.002.2026032191921.nc
2021-04-09T18:48:00+00:00,SNPP,DAY,SPRING,,0,0,0,720,CLDMSK_L2_VIIRS_SNPP.A2021099.1848.002.2026032191939.nc
2021-04-09T06:36:00+00:00,NOAA20,NIGHT,SPRING,0,0,0,0,1440,CLDMSK_L2_VIIRS_NOAA20.A2021099.0636.001.2021099193656.nc
2021-04-09T08:18:00+00:00,NOAA20,NIGHT,SPRING,0,0,0,0,1080,CLDMSK_L2_VIIRS_NOAA20.A2021099.0818.001.2021099193715.nc
2021-04-09T18:00:00+00:00,NOAA20,DAY,SPRING,,0,0,0,0,CLDMSK_L2_VIIRS_NOAA20.A2021099.1800.001.2021100073307.nc
2025-03-05T06:48:00+00:00,SNPP,NIGHT,SPRING,0,0,0,0,720,CLDMSK_L2_VIIRS_SNPP.A2025064.0648.002.2026034153257.nc
2025-03-05T08:30:00+00:00,SNPP,NIGHT,SPRING,0,0,0,0,1140,CLDMSK_L2_VIIRS_SNPP.A2025064.0830.002.2026034153255.nc
2025-03-05T18:12:00+00:00,SNPP,DAY,SPRING,,0,0,0,480,CLDMSK_L2_VIIRS_SNPP.A2025064.1812.002.2026034153349.nc
2025-03-05T07:12:00+00:00,NOAA20,NIGHT,SPRING,0,0,0,0,720,CLDMSK_L2_VIIRS_NOAA20.A2025064.0712.001.2025064193302.nc
2025-03-05T16:54:00+00:00,NOAA20,DAY,SPRING,,0,0,0,300,CLDMSK_L2_VIIRS_NOAA20.A2025064.1654.001.2025065051328.nc
2025-03-05T18:36:00+00:00,NOAA20,DAY,SPRING,,0,0,0,420,CLDMSK_L2_VIIRS_NOAA20.A2025064.1836.001.2025065073330.nc
2025-03-05T06:24:00+00:00,NOAA21,NIGHT,SPRING,0,0,0,0,420,CLDMSK_L2_VIIRS_NOAA21.A2025064.0624.001.2025064191504.nc
2025-03-05T08:06:00+00:00,NOAA21,NIGHT,SPRING,0,0,0,0,300,CLDMSK_L2_VIIRS_NOAA21.A2025064.0806.001.2025064191521.nc
2025-03-05T17:48:00+00:00,NOAA21,DAY,SPRING,,0,0,0,720,CLDMSK_L2_VIIRS_NOAA21.A2025064.1748.001.2025065013632.nc
2021-04-26T07:06:00+00:00,SNPP,NIGHT,SPRING,1,0,0,0,360,CLDMSK_L2_VIIRS_SNPP.A2021116.0706.002.2026032195024.nc
2021-04-26T16:48:00+00:00,SNPP,DAY,SPRING,,0,0,1,720,CLDMSK_L2_VIIRS_SNPP.A2021116.1648.002.2026032195120.nc
2021-04-26T18:30:00+00:00,SNPP,DAY,SPRING,,0,0,1,1800,CLDMSK_L2_VIIRS_SNPP.A2021116.1830.002.2026032195131.nc
2021-04-26T06:18:00+00:00,NOAA20,NIGHT,SPRING,1,0,0,0,1080,CLDMSK_L2_VIIRS_NOAA20.A2021116.0618.001.2021116194417.nc
2021-04-26T07:54:00+00:00,NOAA20,NIGHT,SPRING,1,1,0,1,360,CLDMSK_L2_VIIRS_NOAA20.A2021116.0754.001.2021116194415.nc
2021-04-26T17:42:00+00:00,NOAA20,DAY,SPRING,,1,1,1,1080,CLDMSK_L2_VIIRS_NOAA20.A2021116.1742.001.2021117014153.nc
2021-04-26T19:24:00+00:00,NOAA20,DAY,SPRING,,0,0,1,1440,CLDMSK_L2_VIIRS_NOAA20.A2021116.1924.001.2021117073328.nc
2021-09-22T07:12:00+00:00,SNPP,NIGHT,AUTUMN,1,0,0,0,720,CLDMSK_L2_VIIRS_SNPP.A2021265.0712.002.2026033002152.nc
2021-09-22T17:00:00+00:00,SNPP,DAY,AUTUMN,,0,0,0,0,CLDMSK_L2_VIIRS_SNPP.A2021265.1700.002.2026033002246.nc
2021-09-22T18:36:00+00:00,SNPP,DAY,AUTUMN,,0,0,0,1440,CLDMSK_L2_VIIRS_SNPP.A2021265.1836.002.2026033002314.nc
2021-09-22T06:24:00+00:00,NOAA20,NIGHT,AUTUMN,1,0,0,0,720,CLDMSK_L2_VIIRS_NOAA20.A2021265.0624.001.2021265192811.nc
2021-09-22T08:06:00+00:00,NOAA20,NIGHT,AUTUMN,1,0,0,0,360,CLDMSK_L2_VIIRS_NOAA20.A2021265.0806.001.2021265192941.nc
2021-09-22T17:48:00+00:00,NOAA20,DAY,AUTUMN,,0,0,0,720,CLDMSK_L2_VIIRS_NOAA20.A2021265.1748.001.2021266013316.nc
2023-04-10T07:24:00+00:00,SNPP,NIGHT,SPRING,1,1,1,1,1440,CLDMSK_L2_VIIRS_SNPP.A2023100.0724.002.2026033181135.nc
2023-04-10T17:06:00+00:00,SNPP,DAY,SPRING,,1,1,0,360,CLDMSK_L2_VIIRS_SNPP.A2023100.1706.002.2026033181233.nc
2023-04-10T18:48:00+00:00,SNPP,DAY,SPRING,,0,0,0,720,CLDMSK_L2_VIIRS_SNPP.A2023100.1848.002.2026033181236.nc
2023-04-10T06:30:00+00:00,NOAA20,NIGHT,SPRING,1,1,1,1,1800,CLDMSK_L2_VIIRS_NOAA20.A2023100.0630.001.2023233203907.nc
2023-04-10T08:12:00+00:00,NOAA20,NIGHT,SPRING,1,1,1,1,720,CLDMSK_L2_VIIRS_NOAA20.A2023100.0812.001.2023233203918.nc
2023-04-10T17:54:00+00:00,NOAA20,DAY,SPRING,,0,1,0,360,CLDMSK_L2_VIIRS_NOAA20.A2023100.1754.001.2023233203959.nc
2023-04-10T06:54:00+00:00,NOAA21,NIGHT,SPRING,1,1,1,1,360,CLDMSK_L2_VIIRS_NOAA21.A2023100.0654.001.2024130184107.nc
2023-04-10T18:18:00+00:00,NOAA21,DAY,SPRING,,0,1,0,1080,CLDMSK_L2_VIIRS_NOAA21.A2023100.1818.001.2024130184130.nc
2025-09-15T06:12:00+00:00,SNPP,NIGHT,AUTUMN,1,1,1,1,720,CLDMSK_L2_VIIRS_SNPP.A2025258.0612.002.2026034213048.nc
2025-09-15T07:54:00+00:00,SNPP,NIGHT,AUTUMN,1,1,1,1,360,CLDMSK_L2_VIIRS_SNPP.A2025258.0754.002.2026034213054.nc
2025-09-15T17:36:00+00:00,SNPP,DAY,AUTUMN,,0,0,0,1440,CLDMSK_L2_VIIRS_SNPP.A2025258.1736.002.2026034213202.nc
2025-09-15T19:18:00+00:00,SNPP,DAY,AUTUMN,,1,1,1,1080,CLDMSK_L2_VIIRS_SNPP.A2025258.1918.002.2026034213207.nc
2025-09-15T06:36:00+00:00,NOAA20,NIGHT,AUTUMN,1,1,1,1,1440,CLDMSK_L2_VIIRS_NOAA20.A2025258.0636.001.2025258190116.nc
2025-09-15T08:12:00+00:00,NOAA20,NIGHT,AUTUMN,1,1,1,1,720,CLDMSK_L2_VIIRS_NOAA20.A2025258.0812.001.2025258202121.nc
2025-09-15T18:00:00+00:00,NOAA20,DAY,AUTUMN,,0,0,0,0,CLDMSK_L2_VIIRS_NOAA20.A2025258.1800.001.2025259073208.nc
2025-09-15T07:24:00+00:00,NOAA21,NIGHT,AUTUMN,1,1,1,1,1440,CLDMSK_L2_VIIRS_NOAA21.A2025258.0724.001.2025258190539.nc
2025-09-15T17:12:00+00:00,NOAA21,DAY,AUTUMN,,0,0,1,720,CLDMSK_L2_VIIRS_NOAA21.A2025258.1712.001.2025259011557.nc
2025-09-15T18:48:00+00:00,NOAA21,DAY,AUTUMN,,1,1,1,720,CLDMSK_L2_VIIRS_NOAA21.A2025258.1848.001.2025259073608.nc
2023-01-24T06:06:00+00:00,SNPP,NIGHT,WINTER,0,0,0,1,360,CLDMSK_L2_VIIRS_SNPP.A2023024.0606.002.2026033145202.nc
2023-01-24T07:48:00+00:00,SNPP,NIGHT,WINTER,0,0,0,0,720,CLDMSK_L2_VIIRS_SNPP.A2023024.0748.002.2026033145208.nc
2023-01-24T17:30:00+00:00,SNPP,DAY,WINTER,,0,0,0,1800,CLDMSK_L2_VIIRS_SNPP.A2023024.1730.002.2026033145304.nc
2023-01-24T19:12:00+00:00,SNPP,DAY,WINTER,,0,0,0,720,CLDMSK_L2_VIIRS_SNPP.A2023024.1912.002.2026033145331.nc
2023-01-24T06:54:00+00:00,NOAA20,NIGHT,WINTER,0,0,0,0,360,CLDMSK_L2_VIIRS_NOAA20.A2023024.0654.001.2023233195643.nc
2023-01-24T18:18:00+00:00,NOAA20,DAY,WINTER,,0,0,0,180,CLDMSK_L2_VIIRS_NOAA20.A2023024.1818.001.2023233195721.nc
2024-08-28T07:30:00+00:00,SNPP,NIGHT,SUMMER,1,0,0,0,1800,CLDMSK_L2_VIIRS_SNPP.A2024241.0730.002.2026034094513.nc
2024-08-28T17:18:00+00:00,SNPP,DAY,SUMMER,,0,0,0,1080,CLDMSK_L2_VIIRS_SNPP.A2024241.1718.002.2026034094619.nc
2024-08-28T18:54:00+00:00,SNPP,DAY,SUMMER,,0,0,0,360,CLDMSK_L2_VIIRS_SNPP.A2024241.1854.002.2026034094620.nc
2024-08-28T06:18:00+00:00,NOAA20,NIGHT,SUMMER,1,0,0,0,1080,CLDMSK_L2_VIIRS_NOAA20.A2024241.0618.002.2025236005425.nc
2024-08-28T07:54:00+00:00,NOAA20,NIGHT,SUMMER,1,0,0,1,360,CLDMSK_L2_VIIRS_NOAA20.A2024241.0754.002.2025236005434.nc
2024-08-28T17:42:00+00:00,NOAA20,DAY,SUMMER,,0,0,0,1080,CLDMSK_L2_VIIRS_NOAA20.A2024241.1742.002.2025236005546.nc
2024-08-28T19:18:00+00:00,NOAA20,DAY,SUMMER,,0,0,0,0,CLDMSK_L2_VIIRS_NOAA20.A2024241.1918.002.2025236005630.nc
2024-08-28T07:06:00+00:00,NOAA21,NIGHT,SUMMER,1,0,0,0,360,CLDMSK_L2_VIIRS_NOAA21.A2024241.0706.001.2024241191418.nc
2024-08-28T16:54:00+00:00,NOAA21,DAY,SUMMER,,0,0,0,360,CLDMSK_L2_VIIRS_NOAA21.A2024241.1654.001.2024242012523.nc
2024-08-28T18:30:00+00:00,NOAA21,DAY,SUMMER,,0,0,0,540,CLDMSK_L2_VIIRS_NOAA21.A2024241.1830.001.2024242072527.nc
2025-05-30T06:36:00+00:00,SNPP,NIGHT,SPRING,0,0,0,0,1440,CLDMSK_L2_VIIRS_SNPP.A2025150.0636.002.2026034181325.nc
2025-05-30T08:18:00+00:00,SNPP,NIGHT,SPRING,0,0,0,0,1080,CLDMSK_L2_VIIRS_SNPP.A2025150.0818.002.2026034181332.nc
2025-05-30T18:00:00+00:00,SNPP,DAY,SPRING,,0,0,0,0,CLDMSK_L2_VIIRS_SNPP.A2025150.1800.002.2026034181418.nc
2025-05-30T07:00:00+00:00,NOAA20,NIGHT,SPRING,0,0,0,0,0,CLDMSK_L2_VIIRS_NOAA20.A2025150.0700.001.2025150193426.nc
2025-05-30T18:24:00+00:00,NOAA20,DAY,SPRING,,0,0,0,1440,CLDMSK_L2_VIIRS_NOAA20.A2025150.1824.001.2025151073505.nc
2025-05-30T06:12:00+00:00,NOAA21,NIGHT,SPRING,0,0,0,0,720,CLDMSK_L2_VIIRS_NOAA21.A2025150.0612.001.2025150193646.nc
2025-05-30T07:48:00+00:00,NOAA21,NIGHT,SPRING,0,0,0,0,720,CLDMSK_L2_VIIRS_NOAA21.A2025150.0748.001.2025150193657.nc
2025-05-30T17:36:00+00:00,NOAA21,DAY,SPRING,,0,0,0,1440,CLDMSK_L2_VIIRS_NOAA21.A2025150.1736.001.2025151013701.nc
2025-05-30T19:18:00+00:00,NOAA21,DAY,SPRING,,0,0,0,1080,CLDMSK_L2_VIIRS_NOAA21.A2025150.1918.001.2025151073717.nc
2025-04-18T06:24:00+00:00,SNPP,NIGHT,SPRING,1,0,0,0,1440,CLDMSK_L2_VIIRS_SNPP.A2025108.0624.002.2026034165626.nc
2025-04-18T08:06:00+00:00,SNPP,NIGHT,SPRING,1,0,0,0,360,CLDMSK_L2_VIIRS_SNPP.A2025108.0806.002.2026034165643.nc
2025-04-18T17:48:00+00:00,SNPP,DAY,SPRING,,0,0,0,720,CLDMSK_L2_VIIRS_SNPP.A2025108.1748.002.2026034165719.nc
2025-04-18T06:48:00+00:00,NOAA20,NIGHT,SPRING,1,0,0,0,720,CLDMSK_L2_VIIRS_NOAA20.A2025108.0648.001.2025108192300.nc
2025-04-18T08:24:00+00:00,NOAA20,NIGHT,SPRING,1,0,0,0,1440,CLDMSK_L2_VIIRS_NOAA20.A2025108.0824.001.2025108204253.nc
2025-04-18T18:12:00+00:00,NOAA20,DAY,SPRING,,0,0,0,720,CLDMSK_L2_VIIRS_NOAA20.A2025108.1812.001.2025109072326.nc
2025-04-18T07:36:00+00:00,NOAA21,NIGHT,SPRING,1,0,0,0,1440,CLDMSK_L2_VIIRS_NOAA21.A2025108.0736.001.2025108192512.nc
2025-04-18T17:24:00+00:00,NOAA21,DAY,SPRING,,0,0,0,120,CLDMSK_L2_VIIRS_NOAA21.A2025108.1724.001.2025109012521.nc
2025-04-18T19:00:00+00:00,NOAA21,DAY,SPRING,,0,0,0,0,CLDMSK_L2_VIIRS_NOAA21.A2025108.1900.001.2025109072546.nc
2025-02-13T06:24:00+00:00,SNPP,NIGHT,WINTER,1,0,0,0,360,CLDMSK_L2_VIIRS_SNPP.A2025044.0624.002.2026034145518.nc
2025-02-13T08:06:00+00:00,SNPP,NIGHT,WINTER,1,1,0,0,360,CLDMSK_L2_VIIRS_SNPP.A2025044.0806.002.2026034145522.nc
2025-02-13T17:48:00+00:00,SNPP,DAY,WINTER,,0,0,0,720,CLDMSK_L2_VIIRS_SNPP.A2025044.1748.002.2026034145628.nc
2025-02-13T06:48:00+00:00,NOAA20,NIGHT,WINTER,1,0,0,0,720,CLDMSK_L2_VIIRS_NOAA20.A2025044.0648.001.2025044225108.nc
2025-02-13T08:24:00+00:00,NOAA20,NIGHT,WINTER,1,0,0,0,1440,CLDMSK_L2_VIIRS_NOAA20.A2025044.0824.001.2025044225154.nc
2025-02-13T18:12:00+00:00,NOAA20,DAY,WINTER,,1,1,0,720,CLDMSK_L2_VIIRS_NOAA20.A2025044.1812.001.2025045072235.nc
2025-02-13T07:36:00+00:00,NOAA21,NIGHT,WINTER,1,0,0,0,420,CLDMSK_L2_VIIRS_NOAA21.A2025044.0736.001.2025044225625.nc
2025-02-13T17:24:00+00:00,NOAA21,DAY,WINTER,,0,0,0,1440,CLDMSK_L2_VIIRS_NOAA21.A2025044.1724.001.2025045012702.nc
2025-02-13T19:00:00+00:00,NOAA21,DAY,WINTER,,1,0,0,0,CLDMSK_L2_VIIRS_NOAA21.A2025044.1900.001.2025045072711.nc
2021-08-15T07:24:00+00:00,SNPP,NIGHT,SUMMER,0,0,0,1,1440,CLDMSK_L2_VIIRS_SNPP.A2021227.0724.002.2026032231234.nc
2021-08-15T17:12:00+00:00,SNPP,DAY,SUMMER,,1,1,1,720,CLDMSK_L2_VIIRS_SNPP.A2021227.1712.002.2026032231340.nc
2021-08-15T18:48:00+00:00,SNPP,DAY,SUMMER,,1,1,1,720,CLDMSK_L2_VIIRS_SNPP.A2021227.1848.002.2026032231332.nc
2021-08-15T06:36:00+00:00,NOAA20,NIGHT,SUMMER,0,0,0,1,1440,CLDMSK_L2_VIIRS_NOAA20.A2021227.0636.001.2021227192353.nc
2021-08-15T08:18:00+00:00,NOAA20,NIGHT,SUMMER,0,1,1,1,1080,CLDMSK_L2_VIIRS_NOAA20.A2021227.0818.001.2021227192406.nc
2021-08-15T18:00:00+00:00,NOAA20,DAY,SUMMER,,1,1,1,0,CLDMSK_L2_VIIRS_NOAA20.A2021227.1800.001.2021228072352.nc
2024-04-20T06:30:00+00:00,SNPP,NIGHT,SPRING,1,0,0,0,1800,CLDMSK_L2_VIIRS_SNPP.A2024111.0630.002.2026034054855.nc
2024-04-20T08:12:00+00:00,SNPP,NIGHT,SPRING,1,0,0,1,720,CLDMSK_L2_VIIRS_SNPP.A2024111.0812.002.2026034054903.nc
2024-04-20T17:54:00+00:00,SNPP,DAY,SPRING,,1,0,0,360,CLDMSK_L2_VIIRS_SNPP.A2024111.1754.002.2026034055006.nc
2024-04-20T06:54:00+00:00,NOAA20,NIGHT,SPRING,1,0,0,0,360,CLDMSK_L2_VIIRS_NOAA20.A2024111.0654.002.2025235174721.nc
2024-04-20T18:18:00+00:00,NOAA20,DAY,SPRING,,1,0,0,1080,CLDMSK_L2_VIIRS_NOAA20.A2024111.1818.002.2025235174840.nc
2024-04-20T06:00:00+00:00,NOAA21,NIGHT,SPRING,1,0,0,0,0,CLDMSK_L2_VIIRS_NOAA21.A2024111.0600.001.2024130201300.nc
2024-04-20T07:42:00+00:00,NOAA21,NIGHT,SPRING,1,1,1,1,1080,CLDMSK_L2_VIIRS_NOAA21.A2024111.0742.001.2024130201253.nc
2024-04-20T17:30:00+00:00,NOAA21,DAY,SPRING,,0,0,0,1800,CLDMSK_L2_VIIRS_NOAA21.A2024111.1730.001.2024130201358.nc
2024-04-20T19:06:00+00:00,NOAA21,DAY,SPRING,,0,0,0,60,CLDMSK_L2_VIIRS_NOAA21.A2024111.1906.001.2024130201624.nc
2022-02-19T07:00:00+00:00,SNPP,NIGHT,WINTER,1,0,0,0,0,CLDMSK_L2_VIIRS_SNPP.A2022050.0700.002.2026033045733.nc
2022-02-19T18:24:00+00:00,SNPP,DAY,WINTER,,1,0,0,240,CLDMSK_L2_VIIRS_SNPP.A2022050.1824.002.2026033045833.nc
2022-02-19T06:12:00+00:00,NOAA20,NIGHT,WINTER,1,0,0,0,720,CLDMSK_L2_VIIRS_NOAA20.A2022050.0612.001.2022050192549.nc
2022-02-19T07:48:00+00:00,NOAA20,NIGHT,WINTER,1,0,0,0,720,CLDMSK_L2_VIIRS_NOAA20.A2022050.0748.001.2022050192552.nc
2022-02-19T17:36:00+00:00,NOAA20,DAY,WINTER,,0,0,0,1440,CLDMSK_L2_VIIRS_NOAA20.A2022050.1736.001.2022051012524.nc
2022-02-19T19:12:00+00:00,NOAA20,DAY,WINTER,,1,0,0,300,CLDMSK_L2_VIIRS_NOAA20.A2022050.1912.001.2022051072157.nc
2025-09-12T07:12:00+00:00,SNPP,NIGHT,AUTUMN,1,1,1,1,720,CLDMSK_L2_VIIRS_SNPP.A2025255.0712.002.2026034212504.nc
2025-09-12T16:54:00+00:00,SNPP,DAY,AUTUMN,,0,0,0,360,CLDMSK_L2_VIIRS_SNPP.A2025255.1654.002.2026034212611.nc
2025-09-12T18:36:00+00:00,SNPP,DAY,AUTUMN,,1,0,0,1440,CLDMSK_L2_VIIRS_SNPP.A2025255.1836.002.2026034212628.nc
2025-09-12T07:30:00+00:00,NOAA20,NIGHT,AUTUMN,1,1,1,1,1800,CLDMSK_L2_VIIRS_NOAA20.A2025255.0730.001.2025255193841.nc
2025-09-12T17:18:00+00:00,NOAA20,DAY,AUTUMN,,0,0,0,1080,CLDMSK_L2_VIIRS_NOAA20.A2025255.1718.001.2025256052928.nc
2025-09-12T18:54:00+00:00,NOAA20,DAY,AUTUMN,,0,0,0,360,CLDMSK_L2_VIIRS_NOAA20.A2025255.1854.001.2025256071947.nc
2025-09-12T06:42:00+00:00,NOAA21,NIGHT,AUTUMN,1,1,1,1,1080,CLDMSK_L2_VIIRS_NOAA21.A2025255.0642.001.2025255191316.nc
2025-09-12T08:24:00+00:00,NOAA21,NIGHT,AUTUMN,1,0,0,0,1440,CLDMSK_L2_VIIRS_NOAA21.A2025255.0824.001.2025255191323.nc
2025-09-12T18:06:00+00:00,NOAA21,DAY,AUTUMN,,0,0,0,360,CLDMSK_L2_VIIRS_NOAA21.A2025255.1806.001.2025256072353.nc
2021-07-13T06:06:00+00:00,SNPP,NIGHT,SUMMER,0,0,0,0,360,CLDMSK_L2_VIIRS_SNPP.A2021194.0606.002.2026032221400.nc
2021-07-13T07:42:00+00:00,SNPP,NIGHT,SUMMER,0,0,0,0,1080,CLDMSK_L2_VIIRS_SNPP.A2021194.0742.002.2026032221412.nc
2021-07-13T17:30:00+00:00,SNPP,DAY,SUMMER,,0,0,0,1800,CLDMSK_L2_VIIRS_SNPP.A2021194.1730.002.2026032221502.nc
2021-07-13T19:06:00+00:00,SNPP,DAY,SUMMER,,0,0,0,360,CLDMSK_L2_VIIRS_SNPP.A2021194.1906.002.2026032221520.nc
2021-07-13T06:54:00+00:00,NOAA20,NIGHT,SUMMER,0,0,0,0,360,CLDMSK_L2_VIIRS_NOAA20.A2021194.0654.001.2021194193546.nc
2021-07-13T18:18:00+00:00,NOAA20,DAY,SUMMER,,0,0,0,1080,CLDMSK_L2_VIIRS_NOAA20.A2021194.1818.001.2021195073932.nc
2020-10-12T06:42:00+00:00,SNPP,NIGHT,AUTUMN,1,0,0,0,1080,CLDMSK_L2_VIIRS_SNPP.A2020286.0642.002.2026032130213.nc
2020-10-12T08:24:00+00:00,SNPP,NIGHT,AUTUMN,1,0,0,0,1440,CLDMSK_L2_VIIRS_SNPP.A2020286.0824.002.2026032130221.nc
2020-10-12T18:06:00+00:00,SNPP,DAY,AUTUMN,,0,0,0,360,CLDMSK_L2_VIIRS_SNPP.A2020286.1806.002.2026032130327.nc
2020-10-12T07:30:00+00:00,NOAA20,NIGHT,AUTUMN,1,0,0,0,1800,CLDMSK_L2_VIIRS_NOAA20.A2020286.0730.001.2020287004921.nc
2020-10-12T17:18:00+00:00,NOAA20,DAY,AUTUMN,,0,0,0,1080,CLDMSK_L2_VIIRS_NOAA20.A2020286.1718.001.2020287052853.nc
2020-10-12T18:54:00+00:00,NOAA20,DAY,AUTUMN,,0,0,0,360,CLDMSK_L2_VIIRS_NOAA20.A2020286.1854.001.2020287071709.nc
2023-10-24T07:24:00+00:00,SNPP,NIGHT,AUTUMN,0,0,0,0,1440,CLDMSK_L2_VIIRS_SNPP.A2023297.0724.002.2026034002044.nc
2023-10-24T17:12:00+00:00,SNPP,DAY,AUTUMN,,0,0,0,720,CLDMSK_L2_VIIRS_SNPP.A2023297.1712.002.2026034002149.nc
2023-10-24T18:48:00+00:00,SNPP,DAY,AUTUMN,,0,0,0,720,CLDMSK_L2_VIIRS_SNPP.A2023297.1848.002.2026034002150.nc
2023-10-24T06:36:00+00:00,NOAA20,NIGHT,AUTUMN,0,0,0,0,1440,CLDMSK_L2_VIIRS_NOAA20.A2023297.0636.002.2025235090159.nc
2023-10-24T08:18:00+00:00,NOAA20,NIGHT,AUTUMN,0,0,0,0,1080,CLDMSK_L2_VIIRS_NOAA20.A2023297.0818.002.2025235090203.nc
2023-10-24T18:00:00+00:00,NOAA20,DAY,AUTUMN,,0,0,0,0,CLDMSK_L2_VIIRS_NOAA20.A2023297.1800.002.2025235090352.nc
2023-10-24T07:00:00+00:00,NOAA21,NIGHT,AUTUMN,0,0,0,0,0,CLDMSK_L2_VIIRS_NOAA21.A2023297.0700.001.2024130192639.nc
2023-10-24T18:24:00+00:00,NOAA21,DAY,AUTUMN,,0,0,0,1440,CLDMSK_L2_VIIRS_NOAA21.A2023297.1824.001.2024130192735.nc
2022-12-30T07:12:00+00:00,SNPP,NIGHT,WINTER,0,0,0,0,720,CLDMSK_L2_VIIRS_SNPP.A2022364.0712.002.2026033140602.nc
2022-12-30T17:00:00+00:00,SNPP,DAY,WINTER,,0,0,0,0,CLDMSK_L2_VIIRS_SNPP.A2022364.1700.002.2026033140659.nc
2022-12-30T18:36:00+00:00,SNPP,DAY,WINTER,,0,0,0,1440,CLDMSK_L2_VIIRS_SNPP.A2022364.1836.002.2026033140655.nc
2022-12-30T06:24:00+00:00,NOAA20,NIGHT,WINTER,0,0,0,0,1440,CLDMSK_L2_VIIRS_NOAA20.A2022364.0624.001.2022364191805.nc
2022-12-30T08:00:00+00:00,NOAA20,NIGHT,WINTER,0,0,0,0,0,CLDMSK_L2_VIIRS_NOAA20.A2022364.0800.001.2022364200751.nc
2022-12-30T17:48:00+00:00,NOAA20,DAY,WINTER,,0,0,0,0,CLDMSK_L2_VIIRS_NOAA20.A2022364.1748.001.2022365055845.nc
2025-06-28T07:36:00+00:00,SNPP,NIGHT,SUMMER,0,0,0,0,1440,CLDMSK_L2_VIIRS_SNPP.A2025179.0736.002.2026034190627.nc
2025-06-28T17:18:00+00:00,SNPP,DAY,SUMMER,,0,0,0,1080,CLDMSK_L2_VIIRS_SNPP.A2025179.1718.002.2026034190731.nc
2025-06-28T19:00:00+00:00,SNPP,DAY,SUMMER,,1,0,0,0,CLDMSK_L2_VIIRS_SNPP.A2025179.1900.002.2026034190742.nc
2025-06-28T06:18:00+00:00,NOAA20,NIGHT,SUMMER,0,0,0,0,1080,CLDMSK_L2_VIIRS_NOAA20.A2025179.0618.001.2025181153909.nc
2025-06-28T07:54:00+00:00,NOAA20,NIGHT,SUMMER,0,0,0,0,360,CLDMSK_L2_VIIRS_NOAA20.A2025179.0754.001.2025181153926.nc
2025-06-28T17:42:00+00:00,NOAA20,DAY,SUMMER,,1,1,0,1080,CLDMSK_L2_VIIRS_NOAA20.A2025179.1742.001.2025181154047.nc
2025-06-28T19:18:00+00:00,NOAA20,DAY,SUMMER,,0,0,0,1080,CLDMSK_L2_VIIRS_NOAA20.A2025179.1918.001.2025181154104.nc
2025-06-28T07:06:00+00:00,NOAA21,NIGHT,SUMMER,0,0,0,0,360,CLDMSK_L2_VIIRS_NOAA21.A2025179.0706.001.2025181154528.nc
2025-06-28T16:54:00+00:00,NOAA21,DAY,SUMMER,,0,0,0,360,CLDMSK_L2_VIIRS_NOAA21.A2025179.1654.001.2025181154701.nc
2025-06-28T18:30:00+00:00,NOAA21,DAY,SUMMER,,1,0,0,1800,CLDMSK_L2_VIIRS_NOAA21.A2025179.1830.001.2025181154736.nc
2021-08-31T07:24:00+00:00,SNPP,NIGHT,SUMMER,1,0,0,1,1440,CLDMSK_L2_VIIRS_SNPP.A2021243.0724.002.2026032234140.nc
2021-08-31T17:12:00+00:00,SNPP,DAY,SUMMER,,0,0,0,720,CLDMSK_L2_VIIRS_SNPP.A2021243.1712.002.2026032234242.nc
2021-08-31T18:48:00+00:00,SNPP,DAY,SUMMER,,0,0,0,120,CLDMSK_L2_VIIRS_SNPP.A2021243.1848.002.2026032234245.nc
2021-08-31T06:36:00+00:00,NOAA20,NIGHT,SUMMER,1,0,0,1,1440,CLDMSK_L2_VIIRS_NOAA20.A2021243.0636.001.2021243194240.nc
2021-08-31T08:18:00+00:00,NOAA20,NIGHT,SUMMER,1,0,0,1,1080,CLDMSK_L2_VIIRS_NOAA20.A2021243.0818.001.2021243194252.nc
2021-08-31T18:00:00+00:00,NOAA20,DAY,SUMMER,,0,0,0,0,CLDMSK_L2_VIIRS_NOAA20.A2021243.1800.001.2021244073532.nc
2025-01-03T07:30:00+00:00,SNPP,NIGHT,WINTER,0,0,0,0,1800,CLDMSK_L2_VIIRS_SNPP.A2025003.0730.002.2026034134058.nc
2025-01-03T17:18:00+00:00,SNPP,DAY,WINTER,,0,0,0,1080,CLDMSK_L2_VIIRS_SNPP.A2025003.1718.002.2026034134217.nc
2025-01-03T18:54:00+00:00,SNPP,DAY,WINTER,,1,0,0,360,CLDMSK_L2_VIIRS_SNPP.A2025003.1854.002.2026034134212.nc
2025-01-03T06:12:00+00:00,NOAA20,NIGHT,WINTER,0,0,0,0,720,CLDMSK_L2_VIIRS_NOAA20.A2025003.0612.001.2025003190125.nc
2025-01-03T07:54:00+00:00,NOAA20,NIGHT,WINTER,0,0,0,0,360,CLDMSK_L2_VIIRS_NOAA20.A2025003.0754.001.2025003201121.nc
2025-01-03T17:42:00+00:00,NOAA20,DAY,WINTER,,0,0,0,300,CLDMSK_L2_VIIRS_NOAA20.A2025003.1742.001.2025004060137.nc
2025-01-03T19:18:00+00:00,NOAA20,DAY,WINTER,,0,0,0,1080,CLDMSK_L2_VIIRS_NOAA20.A2025003.1918.001.2025004074157.nc
2025-01-03T07:06:00+00:00,NOAA21,NIGHT,WINTER,0,0,0,0,360,CLDMSK_L2_VIIRS_NOAA21.A2025003.0706.001.2025003190504.nc
2025-01-03T16:54:00+00:00,NOAA21,DAY,WINTER,,0,0,0,360,CLDMSK_L2_VIIRS_NOAA21.A2025003.1654.001.2025004010528.nc
2025-01-03T18:30:00+00:00,NOAA21,DAY,WINTER,,0,0,0,720,CLDMSK_L2_VIIRS_NOAA21.A2025003.1830.001.2025004073532.nc
2023-11-14T07:30:00+00:00,SNPP,NIGHT,AUTUMN,0,0,0,0,1800,CLDMSK_L2_VIIRS_SNPP.A2023318.0730.002.2026034005802.nc
2023-11-14T17:18:00+00:00,SNPP,DAY,AUTUMN,,0,0,0,1080,CLDMSK_L2_VIIRS_SNPP.A2023318.1718.002.2026034005900.nc
2023-11-14T18:54:00+00:00,SNPP,DAY,AUTUMN,,0,0,0,360,CLDMSK_L2_VIIRS_SNPP.A2023318.1854.002.2026034005908.nc
2023-11-14T06:42:00+00:00,NOAA20,NIGHT,AUTUMN,0,0,0,0,1080,CLDMSK_L2_VIIRS_NOAA20.A2023318.0642.002.2025235095836.nc
2023-11-14T08:24:00+00:00,NOAA20,NIGHT,AUTUMN,0,0,0,0,1440,CLDMSK_L2_VIIRS_NOAA20.A2023318.0824.002.2025235095853.nc
2023-11-14T18:06:00+00:00,NOAA20,DAY,AUTUMN,,0,0,0,360,CLDMSK_L2_VIIRS_NOAA20.A2023318.1806.002.2025235100043.nc
2023-11-14T07:06:00+00:00,NOAA21,NIGHT,AUTUMN,0,0,0,0,360,CLDMSK_L2_VIIRS_NOAA21.A2023318.0706.001.2024130193147.nc
2023-11-14T16:48:00+00:00,NOAA21,DAY,AUTUMN,,1,0,0,600,CLDMSK_L2_VIIRS_NOAA21.A2023318.1648.001.2024130193156.nc
2023-11-14T18:30:00+00:00,NOAA21,DAY,AUTUMN,,0,0,0,1800,CLDMSK_L2_VIIRS_NOAA21.A2023318.1830.001.2024130193158.nc
2023-09-23T07:06:00+00:00,SNPP,NIGHT,AUTUMN,0,1,1,1,360,CLDMSK_L2_VIIRS_SNPP.A2023266.0706.002.2026033232328.nc
2023-09-23T16:54:00+00:00,SNPP,DAY,AUTUMN,,0,0,0,360,CLDMSK_L2_VIIRS_SNPP.A2023266.1654.002.2026033232431.nc
2023-09-23T18:30:00+00:00,SNPP,DAY,AUTUMN,,0,0,0,1800,CLDMSK_L2_VIIRS_SNPP.A2023266.1830.002.2026033232432.nc
2023-09-23T06:18:00+00:00,NOAA20,NIGHT,AUTUMN,0,1,1,1,1080,CLDMSK_L2_VIIRS_NOAA20.A2023266.0618.002.2025235072921.nc
2023-09-23T08:00:00+00:00,NOAA20,NIGHT,AUTUMN,0,1,1,1,0,CLDMSK_L2_VIIRS_NOAA20.A2023266.0800.002.2025235072935.nc
2023-09-23T17:42:00+00:00,NOAA20,DAY,AUTUMN,,0,0,0,1080,CLDMSK_L2_VIIRS_NOAA20.A2023266.1742.002.2025235073020.nc
2023-09-23T19:24:00+00:00,NOAA20,DAY,AUTUMN,,0,0,0,1440,CLDMSK_L2_VIIRS_NOAA20.A2023266.1924.002.2025235073148.nc
2023-09-23T06:42:00+00:00,NOAA21,NIGHT,AUTUMN,0,1,1,1,1080,CLDMSK_L2_VIIRS_NOAA21.A2023266.0642.001.2024130191915.nc
2023-09-23T08:18:00+00:00,NOAA21,NIGHT,AUTUMN,0,1,1,1,1080,CLDMSK_L2_VIIRS_NOAA21.A2023266.0818.001.2024130191835.nc
2023-09-23T18:06:00+00:00,NOAA21,DAY,AUTUMN,,0,0,0,360,CLDMSK_L2_VIIRS_NOAA21.A2023266.1806.001.2024130191902.nc
2024-03-25T06:18:00+00:00,SNPP,NIGHT,SPRING,1,0,0,0,1080,CLDMSK_L2_VIIRS_SNPP.A2024085.0618.002.2026034050045.nc
2024-03-25T08:00:00+00:00,SNPP,NIGHT,SPRING,1,1,1,0,0,CLDMSK_L2_VIIRS_SNPP.A2024085.0800.002.2026034050055.nc
2024-03-25T17:42:00+00:00,SNPP,DAY,SPRING,,0,1,1,1080,CLDMSK_L2_VIIRS_SNPP.A2024085.1742.002.2026034050153.nc
2024-03-25T19:24:00+00:00,SNPP,DAY,SPRING,,0,0,0,1440,CLDMSK_L2_VIIRS_SNPP.A2024085.1924.002.2026034050212.nc
2024-03-25T07:00:00+00:00,NOAA20,NIGHT,SPRING,1,0,0,0,0,CLDMSK_L2_VIIRS_NOAA20.A2024085.0700.002.2025235162155.nc
2024-03-25T18:24:00+00:00,NOAA20,DAY,SPRING,,0,0,1,1440,CLDMSK_L2_VIIRS_NOAA20.A2024085.1824.002.2025235162409.nc
2024-03-25T07:30:00+00:00,NOAA21,NIGHT,SPRING,1,0,0,0,1800,CLDMSK_L2_VIIRS_NOAA21.A2024085.0730.001.2024130200545.nc
2024-03-25T17:12:00+00:00,NOAA21,DAY,SPRING,,0,1,1,720,CLDMSK_L2_VIIRS_NOAA21.A2024085.1712.001.2024130200658.nc
2024-03-25T18:54:00+00:00,NOAA21,DAY,SPRING,,0,0,0,360,CLDMSK_L2_VIIRS_NOAA21.A2024085.1854.001.2024130200715.nc
2023-08-11T07:12:00+00:00,SNPP,NIGHT,SUMMER,0,0,0,1,720,CLDMSK_L2_VIIRS_SNPP.A2023223.0712.002.2026033220342.nc
2023-08-11T17:00:00+00:00,SNPP,DAY,SUMMER,,0,0,0,0,CLDMSK_L2_VIIRS_SNPP.A2023223.1700.002.2026033220454.nc
2023-08-11T18:36:00+00:00,SNPP,DAY,SUMMER,,1,0,0,1440,CLDMSK_L2_VIIRS_SNPP.A2023223.1836.002.2026033220522.nc
2023-08-11T06:24:00+00:00,NOAA20,NIGHT,SUMMER,0,0,0,0,1440,CLDMSK_L2_VIIRS_NOAA20.A2023223.0624.002.2025235051514.nc
2023-08-11T08:06:00+00:00,NOAA20,NIGHT,SUMMER,0,1,1,1,360,CLDMSK_L2_VIIRS_NOAA20.A2023223.0806.002.2025235051537.nc
2023-08-11T17:48:00+00:00,NOAA20,DAY,SUMMER,,0,0,0,720,CLDMSK_L2_VIIRS_NOAA20.A2023223.1748.002.2025235051724.nc
2023-08-11T06:48:00+00:00,NOAA21,NIGHT,SUMMER,0,0,0,1,720,CLDMSK_L2_VIIRS_NOAA21.A2023223.0648.001.2024130190849.nc
2023-08-11T08:24:00+00:00,NOAA21,NIGHT,SUMMER,0,0,0,1,1440,CLDMSK_L2_VIIRS_NOAA21.A2023223.0824.001.2024130190915.nc
2023-08-11T18:12:00+00:00,NOAA21,DAY,SUMMER,,1,0,0,720,CLDMSK_L2_VIIRS_NOAA21.A2023223.1812.001.2024130191020.nc
2022-02-11T06:12:00+00:00,SNPP,NIGHT,WINTER,1,0,0,0,720,CLDMSK_L2_VIIRS_SNPP.A2022042.0612.002.2026033044234.nc
2022-02-11T07:48:00+00:00,SNPP,NIGHT,WINTER,1,1,1,0,720,CLDMSK_L2_VIIRS_SNPP.A2022042.0748.002.2026033044244.nc
2022-02-11T17:36:00+00:00,SNPP,DAY,WINTER,,0,0,0,1440,CLDMSK_L2_VIIRS_SNPP.A2022042.1736.002.2026033044353.nc
2022-02-11T19:18:00+00:00,SNPP,DAY,WINTER,,0,0,0,120,CLDMSK_L2_VIIRS_SNPP.A2022042.1918.002.2026033044358.nc
2022-02-11T07:00:00+00:00,NOAA20,NIGHT,WINTER,1,0,0,0,0,CLDMSK_L2_VIIRS_NOAA20.A2022042.0700.001.2022042192754.nc
2022-02-11T18:24:00+00:00,NOAA20,DAY,WINTER,,0,0,0,1440,CLDMSK_L2_VIIRS_NOAA20.A2022042.1824.001.2022045140413.nc
2022-09-05T06:48:00+00:00,SNPP,NIGHT,AUTUMN,0,0,0,0,720,CLDMSK_L2_VIIRS_SNPP.A2022248.0648.002.2026033103116.nc
2022-09-05T08:30:00+00:00,SNPP,NIGHT,AUTUMN,0,0,0,0,1800,CLDMSK_L2_VIIRS_SNPP.A2022248.0830.002.2026033103129.nc
2022-09-05T18:12:00+00:00,SNPP,DAY,AUTUMN,,0,0,0,720,CLDMSK_L2_VIIRS_SNPP.A2022248.1812.002.2026033103223.nc
2022-09-05T07:36:00+00:00,NOAA20,NIGHT,AUTUMN,0,0,0,0,1440,CLDMSK_L2_VIIRS_NOAA20.A2022248.0736.001.2022249115057.nc
2022-09-05T17:24:00+00:00,NOAA20,DAY,AUTUMN,,0,0,0,1440,CLDMSK_L2_VIIRS_NOAA20.A2022248.1724.001.2022249115402.nc
2022-09-05T19:00:00+00:00,NOAA20,DAY,AUTUMN,,0,0,0,0,CLDMSK_L2_VIIRS_NOAA20.A2022248.1900.001.2022249115404.nc
2024-08-09T06:48:00+00:00,SNPP,NIGHT,SUMMER,0,0,0,0,720,CLDMSK_L2_VIIRS_SNPP.A2024222.0648.002.2026034091049.nc
2024-08-09T08:30:00+00:00,SNPP,NIGHT,SUMMER,0,0,0,0,780,CLDMSK_L2_VIIRS_SNPP.A2024222.0830.002.2026034091042.nc
2024-08-09T18:12:00+00:00,SNPP,DAY,SUMMER,,1,0,0,720,CLDMSK_L2_VIIRS_SNPP.A2024222.1812.002.2026034091149.nc
2024-08-09T07:12:00+00:00,NOAA20,NIGHT,SUMMER,0,0,0,0,720,CLDMSK_L2_VIIRS_NOAA20.A2024222.0712.002.2025235234256.nc
2024-08-09T16:54:00+00:00,NOAA20,DAY,SUMMER,,0,0,0,360,CLDMSK_L2_VIIRS_NOAA20.A2024222.1654.002.2025235234429.nc
2024-08-09T18:36:00+00:00,NOAA20,DAY,SUMMER,,1,1,1,1440,CLDMSK_L2_VIIRS_NOAA20.A2024222.1836.002.2025235234509.nc
2024-08-09T06:24:00+00:00,NOAA21,NIGHT,SUMMER,0,0,0,0,1440,CLDMSK_L2_VIIRS_NOAA21.A2024222.0624.001.2024222185907.nc
2024-08-09T08:06:00+00:00,NOAA21,NIGHT,SUMMER,0,0,0,0,360,CLDMSK_L2_VIIRS_NOAA21.A2024222.0806.001.2024222185913.nc
2024-08-09T17:48:00+00:00,NOAA21,DAY,SUMMER,,0,0,0,720,CLDMSK_L2_VIIRS_NOAA21.A2024222.1748.001.2024223013006.nc
2020-06-27T06:48:00+00:00,SNPP,NIGHT,SUMMER,0,0,0,0,720,CLDMSK_L2_VIIRS_SNPP.A2020179.0648.002.2026032094530.nc
2020-06-27T18:12:00+00:00,SNPP,DAY,SUMMER,,0,0,0,720,CLDMSK_L2_VIIRS_SNPP.A2020179.1812.002.2026032094647.nc
2020-06-27T07:36:00+00:00,NOAA20,NIGHT,SUMMER,0,0,0,0,1440,CLDMSK_L2_VIIRS_NOAA20.A2020179.0736.001.2020294155055.nc
2020-06-27T17:24:00+00:00,NOAA20,DAY,SUMMER,,0,0,0,1440,CLDMSK_L2_VIIRS_NOAA20.A2020179.1724.001.2020294155147.nc
2020-06-27T19:00:00+00:00,NOAA20,DAY,SUMMER,,0,0,0,0,CLDMSK_L2_VIIRS_NOAA20.A2020179.1900.001.2020294155131.nc
2023-07-27T06:06:00+00:00,NOAA20,NIGHT,SUMMER,0,0,0,0,360,CLDMSK_L2_VIIRS_NOAA20.A2023208.0606.001.2023233214045.nc
2023-07-27T07:48:00+00:00,NOAA20,NIGHT,SUMMER,0,0,0,0,720,CLDMSK_L2_VIIRS_NOAA20.A2023208.0748.001.2023233214008.nc
2023-07-27T17:30:00+00:00,NOAA20,DAY,SUMMER,,0,0,0,1800,CLDMSK_L2_VIIRS_NOAA20.A2023208.1730.001.2023233214001.nc
2023-07-27T19:12:00+00:00,NOAA20,DAY,SUMMER,,0,0,0,720,CLDMSK_L2_VIIRS_NOAA20.A2023208.1912.001.2023233214113.nc
2023-07-27T06:30:00+00:00,NOAA21,NIGHT,SUMMER,0,0,0,0,0,CLDMSK_L2_VIIRS_NOAA21.A2023208.0630.001.2024130190618.nc
2023-07-27T08:06:00+00:00,NOAA21,NIGHT,SUMMER,0,0,0,0,360,CLDMSK_L2_VIIRS_NOAA21.A2023208.0806.001.2024130190618.nc
2023-07-27T17:54:00+00:00,NOAA21,DAY,SUMMER,,0,0,0,360,CLDMSK_L2_VIIRS_NOAA21.A2023208.1754.001.2024130190714.nc
2024-04-10T06:18:00+00:00,SNPP,NIGHT,SPRING,0,0,0,0,1080,CLDMSK_L2_VIIRS_SNPP.A2024101.0618.002.2026034053030.nc
2024-04-10T08:00:00+00:00,SNPP,NIGHT,SPRING,0,0,0,0,0,CLDMSK_L2_VIIRS_SNPP.A2024101.0800.002.2026034053037.nc
2024-04-10T17:42:00+00:00,SNPP,DAY,SPRING,,0,0,0,1080,CLDMSK_L2_VIIRS_SNPP.A2024101.1742.002.2026034053204.nc
2024-04-10T19:24:00+00:00,SNPP,DAY,SPRING,,0,0,0,1440,CLDMSK_L2_VIIRS_SNPP.A2024101.1924.002.2026034053145.nc
2024-04-10T06:42:00+00:00,NOAA20,NIGHT,SPRING,0,0,0,0,1080,CLDMSK_L2_VIIRS_NOAA20.A2024101.0642.002.2025235171446.nc
2024-04-10T08:24:00+00:00,NOAA20,NIGHT,SPRING,0,0,0,0,1440,CLDMSK_L2_VIIRS_NOAA20.A2024101.0824.002.2025235171443.nc
2024-04-10T18:06:00+00:00,NOAA20,DAY,SPRING,,0,0,0,360,CLDMSK_L2_VIIRS_NOAA20.A2024101.1806.002.2025235171616.nc
2024-04-10T07:30:00+00:00,NOAA21,NIGHT,SPRING,0,0,0,0,1800,CLDMSK_L2_VIIRS_NOAA21.A2024101.0730.001.2024130200853.nc
2024-04-10T17:18:00+00:00,NOAA21,DAY,SPRING,,0,0,0,1080,CLDMSK_L2_VIIRS_NOAA21.A2024101.1718.001.2024130200854.nc
2024-04-10T18:54:00+00:00,NOAA21,DAY,SPRING,,0,0,0,360,CLDMSK_L2_VIIRS_NOAA21.A2024101.1854.001.2024130200934.nc
2024-04-30T06:42:00+00:00,SNPP,NIGHT,SPRING,1,0,0,0,1080,CLDMSK_L2_VIIRS_SNPP.A2024121.0642.002.2026034060650.nc
2024-04-30T08:24:00+00:00,SNPP,NIGHT,SPRING,1,0,0,0,360,CLDMSK_L2_VIIRS_SNPP.A2024121.0824.002.2026034060659.nc
2024-04-30T18:06:00+00:00,SNPP,DAY,SPRING,,0,0,0,360,CLDMSK_L2_VIIRS_SNPP.A2024121.1806.002.2026034060817.nc
2024-04-30T07:06:00+00:00,NOAA20,NIGHT,SPRING,1,0,0,0,360,CLDMSK_L2_VIIRS_NOAA20.A2024121.0706.002.2025235181521.nc
2024-04-30T16:54:00+00:00,NOAA20,DAY,SPRING,,0,0,0,360,CLDMSK_L2_VIIRS_NOAA20.A2024121.1654.002.2025235181732.nc
2024-04-30T18:30:00+00:00,NOAA20,DAY,SPRING,,0,0,0,1800,CLDMSK_L2_VIIRS_NOAA20.A2024121.1830.002.2025235181824.nc
2024-04-30T06:18:00+00:00,NOAA21,NIGHT,SPRING,0,0,0,0,1080,CLDMSK_L2_VIIRS_NOAA21.A2024121.0618.001.2024130201627.nc
2024-04-30T07:54:00+00:00,NOAA21,NIGHT,SPRING,1,0,0,0,360,CLDMSK_L2_VIIRS_NOAA21.A2024121.0754.001.2024130201729.nc
2024-04-30T17:42:00+00:00,NOAA21,DAY,SPRING,,0,0,0,1080,CLDMSK_L2_VIIRS_NOAA21.A2024121.1742.001.2024130201826.nc
2024-04-30T19:18:00+00:00,NOAA21,DAY,SPRING,,1,0,0,1080,CLDMSK_L2_VIIRS_NOAA21.A2024121.1918.001.2024130201916.nc
2021-09-15T06:06:00+00:00,SNPP,NIGHT,AUTUMN,0,0,0,0,360,CLDMSK_L2_VIIRS_SNPP.A2021258.0606.002.2026033000859.nc
2021-09-15T07:42:00+00:00,SNPP,NIGHT,AUTUMN,0,0,0,0,1080,CLDMSK_L2_VIIRS_SNPP.A2021258.0742.002.2026033000910.nc
2021-09-15T17:30:00+00:00,SNPP,DAY,AUTUMN,,0,0,0,1800,CLDMSK_L2_VIIRS_SNPP.A2021258.1730.002.2026033001006.nc
2021-09-15T19:12:00+00:00,SNPP,DAY,AUTUMN,,0,0,0,720,CLDMSK_L2_VIIRS_SNPP.A2021258.1912.002.2026033001016.nc
2021-09-15T06:54:00+00:00,NOAA20,NIGHT,AUTUMN,0,0,0,0,360,CLDMSK_L2_VIIRS_NOAA20.A2021258.0654.001.2021258192207.nc
2021-09-15T18:18:00+00:00,NOAA20,DAY,AUTUMN,,0,0,0,1080,CLDMSK_L2_VIIRS_NOAA20.A2021258.1818.001.2021259072221.nc
2025-07-21T07:00:00+00:00,SNPP,NIGHT,SUMMER,0,0,0,1,0,CLDMSK_L2_VIIRS_SNPP.A2025202.0700.002.2026034194820.nc
2025-07-21T18:24:00+00:00,SNPP,DAY,SUMMER,,1,1,1,1440,CLDMSK_L2_VIIRS_SNPP.A2025202.1824.002.2026034194941.nc
2025-07-21T07:24:00+00:00,NOAA20,NIGHT,SUMMER,0,0,0,1,1440,CLDMSK_L2_VIIRS_NOAA20.A2025202.0724.001.2025203025342.nc
2025-07-21T17:12:00+00:00,NOAA20,DAY,SUMMER,,1,1,1,720,CLDMSK_L2_VIIRS_NOAA20.A2025202.1712.001.2025203053406.nc
2025-07-21T18:48:00+00:00,NOAA20,DAY,SUMMER,,1,1,1,720,CLDMSK_L2_VIIRS_NOAA20.A2025202.1848.001.2025203072412.nc
2025-07-21T06:36:00+00:00,NOAA21,NIGHT,SUMMER,0,0,0,1,1440,CLDMSK_L2_VIIRS_NOAA21.A2025202.0636.001.2025203025832.nc
2025-07-21T08:18:00+00:00,NOAA21,NIGHT,SUMMER,0,0,0,1,1080,CLDMSK_L2_VIIRS_NOAA21.A2025202.0818.001.2025203025855.nc
2025-07-21T18:00:00+00:00,NOAA21,DAY,SUMMER,,1,1,1,0,CLDMSK_L2_VIIRS_NOAA21.A2025202.1800.001.2025203072617.nc
2020-05-31T06:54:00+00:00,SNPP,NIGHT,SPRING,1,1,1,1,360,CLDMSK_L2_VIIRS_SNPP.A2020152.0654.002.2026032085356.nc
2020-05-31T18:18:00+00:00,SNPP,DAY,SPRING,,1,1,0,1080,CLDMSK_L2_VIIRS_SNPP.A2020152.1818.002.2026032085537.nc
2020-05-31T06:06:00+00:00,NOAA20,NIGHT,SPRING,1,0,1,1,360,CLDMSK_L2_VIIRS_NOAA20.A2020152.0606.001.2020294164354.nc
2020-05-31T07:42:00+00:00,NOAA20,NIGHT,SPRING,0,1,1,1,1080,CLDMSK_L2_VIIRS_NOAA20.A2020152.0742.001.2020294164348.nc
2020-05-31T17:30:00+00:00,NOAA20,DAY,SPRING,,1,1,0,1800,CLDMSK_L2_VIIRS_NOAA20.A2020152.1730.001.2020294164527.nc
2020-05-31T19:12:00+00:00,NOAA20,DAY,SPRING,,1,0,0,720,CLDMSK_L2_VIIRS_NOAA20.A2020152.1912.001.2020294164608.nc
2025-08-19T06:18:00+00:00,SNPP,NIGHT,SUMMER,0,0,0,0,1080,CLDMSK_L2_VIIRS_SNPP.A2025231.0618.002.2026034204106.nc
2025-08-19T08:00:00+00:00,SNPP,NIGHT,SUMMER,0,0,0,0,0,CLDMSK_L2_VIIRS_SNPP.A2025231.0800.002.2026034204109.nc
2025-08-19T17:42:00+00:00,SNPP,DAY,SUMMER,,0,0,0,1080,CLDMSK_L2_VIIRS_SNPP.A2025231.1742.002.2026034204221.nc
2025-08-19T19:24:00+00:00,SNPP,DAY,SUMMER,,0,0,0,1440,CLDMSK_L2_VIIRS_SNPP.A2025231.1924.002.2026034204234.nc
2025-08-19T06:42:00+00:00,NOAA20,NIGHT,SUMMER,0,0,0,0,1080,CLDMSK_L2_VIIRS_NOAA20.A2025231.0642.001.2025231193404.nc
2025-08-19T08:24:00+00:00,NOAA20,NIGHT,SUMMER,0,0,0,0,1440,CLDMSK_L2_VIIRS_NOAA20.A2025231.0824.001.2025231204430.nc
2025-08-19T18:06:00+00:00,NOAA20,DAY,SUMMER,,0,0,0,360,CLDMSK_L2_VIIRS_NOAA20.A2025231.1806.001.2025232073452.nc
2025-08-19T07:30:00+00:00,NOAA21,NIGHT,SUMMER,0,0,0,0,1800,CLDMSK_L2_VIIRS_NOAA21.A2025231.0730.001.2025231193549.nc
2025-08-19T17:18:00+00:00,NOAA21,DAY,SUMMER,,0,0,0,1080,CLDMSK_L2_VIIRS_NOAA21.A2025231.1718.001.2025232013607.nc
2025-08-19T18:54:00+00:00,NOAA21,DAY,SUMMER,,0,0,0,360,CLDMSK_L2_VIIRS_NOAA21.A2025231.1854.001.2025232073623.nc
2023-09-21T06:06:00+00:00,SNPP,NIGHT,AUTUMN,0,1,0,0,360,CLDMSK_L2_VIIRS_SNPP.A2023264.0606.002.2026033232001.nc
2023-09-21T07:48:00+00:00,SNPP,NIGHT,AUTUMN,0,1,1,0,720,CLDMSK_L2_VIIRS_SNPP.A2023264.0748.002.2026033231953.nc
2023-09-21T17:30:00+00:00,SNPP,DAY,AUTUMN,,1,1,1,1800,CLDMSK_L2_VIIRS_SNPP.A2023264.1730.002.2026033232108.nc
2023-09-21T19:12:00+00:00,SNPP,DAY,AUTUMN,,1,0,0,720,CLDMSK_L2_VIIRS_SNPP.A2023264.1912.002.2026033232111.nc
2023-09-21T06:54:00+00:00,NOAA20,NIGHT,AUTUMN,0,0,0,0,360,CLDMSK_L2_VIIRS_NOAA20.A2023264.0654.002.2025235072541.nc
2023-09-21T18:18:00+00:00,NOAA20,DAY,AUTUMN,,0,1,1,1080,CLDMSK_L2_VIIRS_NOAA20.A2023264.1818.002.2025235072727.nc
2023-09-21T07:18:00+00:00,NOAA21,NIGHT,AUTUMN,0,1,0,0,1080,CLDMSK_L2_VIIRS_NOAA21.A2023264.0718.001.2024130191845.nc
2023-09-21T17:00:00+00:00,NOAA21,DAY,AUTUMN,,1,1,1,0,CLDMSK_L2_VIIRS_NOAA21.A2023264.1700.001.2024130191844.nc
2023-09-21T18:42:00+00:00,NOAA21,DAY,AUTUMN,,1,1,0,1080,CLDMSK_L2_VIIRS_NOAA21.A2023264.1842.001.2024130191904.nc
2024-12-08T07:18:00+00:00,SNPP,NIGHT,WINTER,0,1,0,0,1080,CLDMSK_L2_VIIRS_SNPP.A2024343.0718.002.2026034125304.nc
2024-12-08T17:06:00+00:00,SNPP,DAY,WINTER,,0,0,0,360,CLDMSK_L2_VIIRS_SNPP.A2024343.1706.002.2026034125419.nc
2024-12-08T18:42:00+00:00,SNPP,DAY,WINTER,,0,0,0,1080,CLDMSK_L2_VIIRS_SNPP.A2024343.1842.002.2026034125416.nc
2024-12-08T06:00:00+00:00,NOAA20,NIGHT,WINTER,0,0,0,0,0,CLDMSK_L2_VIIRS_NOAA20.A2024343.0600.002.2025236053350.nc
2024-12-08T07:42:00+00:00,NOAA20,NIGHT,WINTER,0,0,0,0,1080,CLDMSK_L2_VIIRS_NOAA20.A2024343.0742.002.2025236053336.nc
2024-12-08T17:24:00+00:00,NOAA20,DAY,WINTER,,0,0,0,1440,CLDMSK_L2_VIIRS_NOAA20.A2024343.1724.002.2025236053455.nc
2024-12-08T19:06:00+00:00,NOAA20,DAY,WINTER,,0,0,0,360,CLDMSK_L2_VIIRS_NOAA20.A2024343.1906.002.2025236053509.nc
2024-12-08T06:54:00+00:00,NOAA21,NIGHT,WINTER,0,0,0,0,360,CLDMSK_L2_VIIRS_NOAA21.A2024343.0654.001.2024343191555.nc
2024-12-08T18:18:00+00:00,NOAA21,DAY,WINTER,,0,0,0,1080,CLDMSK_L2_VIIRS_NOAA21.A2024343.1818.001.2024344073629.nc
2021-02-12T06:36:00+00:00,SNPP,NIGHT,WINTER,0,0,0,0,1440,CLDMSK_L2_VIIRS_SNPP.A2021043.0636.002.2026032173635.nc
2021-02-12T08:12:00+00:00,SNPP,NIGHT,WINTER,0,1,1,0,720,CLDMSK_L2_VIIRS_SNPP.A2021043.0812.002.2026032173637.nc
2021-02-12T18:00:00+00:00,SNPP,DAY,WINTER,,0,0,0,0,CLDMSK_L2_VIIRS_SNPP.A2021043.1800.002.2026032173749.nc
2021-02-12T07:24:00+00:00,NOAA20,NIGHT,WINTER,0,0,0,0,1440,CLDMSK_L2_VIIRS_NOAA20.A2021043.0724.001.2021043190946.nc
2021-02-12T17:12:00+00:00,NOAA20,DAY,WINTER,,0,0,0,720,CLDMSK_L2_VIIRS_NOAA20.A2021043.1712.001.2021044010552.nc
2021-02-12T18:48:00+00:00,NOAA20,DAY,WINTER,,0,0,0,720,CLDMSK_L2_VIIRS_NOAA20.A2021043.1848.001.2021044070828.nc
2025-11-24T07:42:00+00:00,SNPP,NIGHT,AUTUMN,0,1,1,1,1080,CLDMSK_L2_VIIRS_SNPP.A2025328.0742.002.2026063191511.nc
2025-11-24T17:24:00+00:00,SNPP,DAY,AUTUMN,,0,0,0,1440,CLDMSK_L2_VIIRS_SNPP.A2025328.1724.002.2026063191705.nc
2025-11-24T19:06:00+00:00,SNPP,DAY,AUTUMN,,0,0,0,360,CLDMSK_L2_VIIRS_SNPP.A2025328.1906.002.2026063191745.nc
2025-11-24T06:24:00+00:00,NOAA20,NIGHT,AUTUMN,0,1,1,1,1440,CLDMSK_L2_VIIRS_NOAA20.A2025328.0624.001.2025328190956.nc
2025-11-24T08:06:00+00:00,NOAA20,NIGHT,AUTUMN,0,1,1,1,360,CLDMSK_L2_VIIRS_NOAA20.A2025328.0806.001.2025328202008.nc
2025-11-24T17:48:00+00:00,NOAA20,DAY,AUTUMN,,0,0,0,720,CLDMSK_L2_VIIRS_NOAA20.A2025328.1748.001.2025329060037.nc
2025-11-24T07:12:00+00:00,NOAA21,NIGHT,AUTUMN,0,1,1,1,720,CLDMSK_L2_VIIRS_NOAA21.A2025328.0712.001.2025328190432.nc
2025-11-24T17:00:00+00:00,NOAA21,DAY,AUTUMN,,0,0,0,0,CLDMSK_L2_VIIRS_NOAA21.A2025328.1700.001.2025329012454.nc
2025-11-24T18:36:00+00:00,NOAA21,DAY,AUTUMN,,0,0,0,1440,CLDMSK_L2_VIIRS_NOAA21.A2025328.1836.001.2025329072517.nc
2025-02-14T06:06:00+00:00,SNPP,NIGHT,WINTER,1,0,0,0,360,CLDMSK_L2_VIIRS_SNPP.A2025045.0606.002.2026034145717.nc
2025-02-14T07:48:00+00:00,SNPP,NIGHT,WINTER,1,1,1,0,720,CLDMSK_L2_VIIRS_SNPP.A2025045.0748.002.2026034145710.nc
2025-02-14T17:30:00+00:00,SNPP,DAY,WINTER,,0,0,0,1800,CLDMSK_L2_VIIRS_SNPP.A2025045.1730.002.2026034145827.nc
2025-02-14T19:12:00+00:00,SNPP,DAY,WINTER,,0,0,0,720,CLDMSK_L2_VIIRS_SNPP.A2025045.1912.002.2026034145818.nc
2025-02-14T06:30:00+00:00,NOAA20,NIGHT,WINTER,1,0,0,0,1800,CLDMSK_L2_VIIRS_NOAA20.A2025045.0630.001.2025045192137.nc
2025-02-14T08:06:00+00:00,NOAA20,NIGHT,WINTER,1,0,0,0,360,CLDMSK_L2_VIIRS_NOAA20.A2025045.0806.001.2025045202144.nc
2025-02-14T17:54:00+00:00,NOAA20,DAY,WINTER,,1,0,0,360,CLDMSK_L2_VIIRS_NOAA20.A2025045.1754.001.2025046061201.nc
2025-02-14T07:18:00+00:00,NOAA21,NIGHT,WINTER,1,0,0,1,1080,CLDMSK_L2_VIIRS_NOAA21.A2025045.0718.001.2025045191652.nc
2025-02-14T17:06:00+00:00,NOAA21,DAY,WINTER,,0,0,0,360,CLDMSK_L2_VIIRS_NOAA21.A2025045.1706.001.2025046012808.nc
2025-02-14T18:42:00+00:00,NOAA21,DAY,WINTER,,0,0,0,1080,CLDMSK_L2_VIIRS_NOAA21.A2025045.1842.001.2025046072721.nc
2020-03-03T06:24:00+00:00,SNPP,NIGHT,SPRING,1,0,0,0,1440,CLDMSK_L2_VIIRS_SNPP.A2020063.0624.002.2026032051258.nc
2020-03-03T08:00:00+00:00,SNPP,NIGHT,SPRING,0,0,0,0,0,CLDMSK_L2_VIIRS_SNPP.A2020063.0800.002.2026032051309.nc
2020-03-03T17:48:00+00:00,SNPP,DAY,SPRING,,0,0,0,720,CLDMSK_L2_VIIRS_SNPP.A2020063.1748.002.2026032051439.nc
2020-03-03T07:12:00+00:00,NOAA20,NIGHT,SPRING,0,0,0,0,720,CLDMSK_L2_VIIRS_NOAA20.A2020063.0712.001.2020294215718.nc
2020-03-03T17:00:00+00:00,NOAA20,DAY,SPRING,,0,0,0,0,CLDMSK_L2_VIIRS_NOAA20.A2020063.1700.001.2020294215752.nc
2020-03-03T18:36:00+00:00,NOAA20,DAY,SPRING,,0,0,0,360,CLDMSK_L2_VIIRS_NOAA20.A2020063.1836.001.2020294215808.nc
2021-08-13T06:24:00+00:00,SNPP,NIGHT,SUMMER,0,1,1,1,1440,CLDMSK_L2_VIIRS_SNPP.A2021225.0624.002.2026032230837.nc
2021-08-13T08:06:00+00:00,SNPP,NIGHT,SUMMER,0,0,0,1,360,CLDMSK_L2_VIIRS_SNPP.A2021225.0806.002.2026032230841.nc
2021-08-13T17:48:00+00:00,SNPP,DAY,SUMMER,,0,0,0,720,CLDMSK_L2_VIIRS_SNPP.A2021225.1748.002.2026032230955.nc
2021-08-13T07:12:00+00:00,NOAA20,NIGHT,SUMMER,0,1,1,1,720,CLDMSK_L2_VIIRS_NOAA20.A2021225.0712.001.2021225193331.nc
2021-08-13T17:00:00+00:00,NOAA20,DAY,SUMMER,,0,0,0,0,CLDMSK_L2_VIIRS_NOAA20.A2021225.1700.001.2021226013332.nc
2021-08-13T18:36:00+00:00,NOAA20,DAY,SUMMER,,0,0,0,1440,CLDMSK_L2_VIIRS_NOAA20.A2021225.1836.001.2021226073150.nc
2024-08-06T06:06:00+00:00,SNPP,NIGHT,SUMMER,0,0,0,0,360,CLDMSK_L2_VIIRS_SNPP.A2024219.0606.002.2026034090454.nc
2024-08-06T07:42:00+00:00,SNPP,NIGHT,SUMMER,0,0,0,0,1080,CLDMSK_L2_VIIRS_SNPP.A2024219.0742.002.2026034090504.nc
2024-08-06T17:30:00+00:00,SNPP,DAY,SUMMER,,0,0,0,1800,CLDMSK_L2_VIIRS_SNPP.A2024219.1730.002.2026034090602.nc
2024-08-06T19:12:00+00:00,SNPP,DAY,SUMMER,,0,0,0,720,CLDMSK_L2_VIIRS_SNPP.A2024219.1912.002.2026034090611.nc
2024-08-06T06:30:00+00:00,NOAA20,NIGHT,SUMMER,0,0,0,0,1800,CLDMSK_L2_VIIRS_NOAA20.A2024219.0630.002.2025235233556.nc
2024-08-06T08:06:00+00:00,NOAA20,NIGHT,SUMMER,0,0,0,0,360,CLDMSK_L2_VIIRS_NOAA20.A2024219.0806.002.2025235233611.nc
2024-08-06T17:54:00+00:00,NOAA20,DAY,SUMMER,,0,0,0,360,CLDMSK_L2_VIIRS_NOAA20.A2024219.1754.002.2025235233749.nc
2024-08-06T07:18:00+00:00,NOAA21,NIGHT,SUMMER,0,0,0,0,1080,CLDMSK_L2_VIIRS_NOAA21.A2024219.0718.001.2024219191728.nc
2024-08-06T17:06:00+00:00,NOAA21,DAY,SUMMER,,0,0,0,360,CLDMSK_L2_VIIRS_NOAA21.A2024219.1706.001.2024220012823.nc
2024-08-06T18:42:00+00:00,NOAA21,DAY,SUMMER,,0,0,0,960,CLDMSK_L2_VIIRS_NOAA21.A2024219.1842.001.2024220072736.nc
2021-09-24T06:36:00+00:00,SNPP,NIGHT,AUTUMN,1,0,0,0,1440,CLDMSK_L2_VIIRS_SNPP.A2021267.0636.002.2026033002522.nc
2021-09-24T08:18:00+00:00,SNPP,NIGHT,AUTUMN,1,0,0,0,1080,CLDMSK_L2_VIIRS_SNPP.A2021267.0818.002.2026033002538.nc
2021-09-24T18:00:00+00:00,SNPP,DAY,AUTUMN,,0,0,0,0,CLDMSK_L2_VIIRS_SNPP.A2021267.1800.002.2026033002643.nc
2021-09-24T07:24:00+00:00,NOAA20,NIGHT,AUTUMN,1,0,0,0,1440,CLDMSK_L2_VIIRS_NOAA20.A2021267.0724.001.2021267192443.nc
2021-09-24T17:12:00+00:00,NOAA20,DAY,AUTUMN,,0,0,0,720,CLDMSK_L2_VIIRS_NOAA20.A2021267.1712.001.2021268012753.nc
2021-09-24T18:48:00+00:00,NOAA20,DAY,AUTUMN,,0,0,0,720,CLDMSK_L2_VIIRS_NOAA20.A2021267.1848.001.2021268072402.nc
2020-11-02T06:48:00+00:00,SNPP,NIGHT,AUTUMN,1,0,0,0,420,CLDMSK_L2_VIIRS_SNPP.A2020307.0648.002.2026032134143.nc
2020-11-02T08:30:00+00:00,SNPP,NIGHT,AUTUMN,1,0,0,0,1800,CLDMSK_L2_VIIRS_SNPP.A2020307.0830.002.2026032134155.nc
2020-11-02T18:12:00+00:00,SNPP,DAY,AUTUMN,,0,0,0,720,CLDMSK_L2_VIIRS_SNPP.A2020307.1812.002.2026032134258.nc
2020-11-02T07:36:00+00:00,NOAA20,NIGHT,AUTUMN,1,0,0,0,900,CLDMSK_L2_VIIRS_NOAA20.A2020307.0736.001.2020307190737.nc
2020-11-02T17:24:00+00:00,NOAA20,DAY,AUTUMN,,0,0,0,1440,CLDMSK_L2_VIIRS_NOAA20.A2020307.1724.001.2020308011342.nc
2020-11-02T19:00:00+00:00,NOAA20,DAY,AUTUMN,,0,0,0,0,CLDMSK_L2_VIIRS_NOAA20.A2020307.1900.001.2020308070548.nc
2025-04-07T06:30:00+00:00,SNPP,NIGHT,SPRING,1,0,0,0,1800,CLDMSK_L2_VIIRS_SNPP.A2025097.0630.002.2026034163610.nc
2025-04-07T08:12:00+00:00,SNPP,NIGHT,SPRING,1,0,0,0,720,CLDMSK_L2_VIIRS_SNPP.A2025097.0812.002.2026034163611.nc
2025-04-07T17:54:00+00:00,SNPP,DAY,SPRING,,0,0,0,360,CLDMSK_L2_VIIRS_SNPP.A2025097.1754.002.2026034163712.nc
2025-04-07T06:54:00+00:00,NOAA20,NIGHT,SPRING,1,0,0,0,360,CLDMSK_L2_VIIRS_NOAA20.A2025097.0654.001.2025097191533.nc
2025-04-07T08:30:00+00:00,NOAA20,NIGHT,SPRING,1,0,1,0,1800,CLDMSK_L2_VIIRS_NOAA20.A2025097.0830.001.2025097204516.nc
2025-04-07T18:18:00+00:00,NOAA20,DAY,SPRING,,0,0,0,1080,CLDMSK_L2_VIIRS_NOAA20.A2025097.1818.001.2025098072549.nc
2025-04-07T06:06:00+00:00,NOAA21,NIGHT,SPRING,1,0,0,0,360,CLDMSK_L2_VIIRS_NOAA21.A2025097.0606.001.2025097191729.nc
2025-04-07T07:42:00+00:00,NOAA21,NIGHT,SPRING,1,1,0,0,1080,CLDMSK_L2_VIIRS_NOAA21.A2025097.0742.001.2025097191742.nc
2025-04-07T17:30:00+00:00,NOAA21,DAY,SPRING,,0,0,0,1800,CLDMSK_L2_VIIRS_NOAA21.A2025097.1730.001.2025098012807.nc
2025-04-07T19:06:00+00:00,NOAA21,DAY,SPRING,,0,0,0,360,CLDMSK_L2_VIIRS_NOAA21.A2025097.1906.001.2025098072818.nc
2023-10-18T07:36:00+00:00,SNPP,NIGHT,AUTUMN,0,0,0,0,1440,CLDMSK_L2_VIIRS_SNPP.A2023291.0736.002.2026034000947.nc
2023-10-18T17:24:00+00:00,SNPP,DAY,AUTUMN,,0,0,1,1440,CLDMSK_L2_VIIRS_SNPP.A2023291.1724.002.2026034001110.nc
2023-10-18T19:06:00+00:00,SNPP,DAY,AUTUMN,,0,0,0,360,CLDMSK_L2_VIIRS_SNPP.A2023291.1906.002.2026034001056.nc
2023-10-18T06:48:00+00:00,NOAA20,NIGHT,AUTUMN,0,0,0,0,720,CLDMSK_L2_VIIRS_NOAA20.A2023291.0648.002.2025235084333.nc
2023-10-18T08:30:00+00:00,NOAA20,NIGHT,AUTUMN,0,0,0,0,1800,CLDMSK_L2_VIIRS_NOAA20.A2023291.0830.002.2025235084331.nc
2023-10-18T18:12:00+00:00,NOAA20,DAY,AUTUMN,,0,0,0,720,CLDMSK_L2_VIIRS_NOAA20.A2023291.1812.002.2025235084544.nc
2023-10-18T07:12:00+00:00,NOAA21,NIGHT,AUTUMN,0,0,0,0,720,CLDMSK_L2_VIIRS_NOAA21.A2023291.0712.001.2024130192444.nc
2023-10-18T16:54:00+00:00,NOAA21,DAY,AUTUMN,,1,1,1,360,CLDMSK_L2_VIIRS_NOAA21.A2023291.1654.001.2024130192520.nc
2023-10-18T18:36:00+00:00,NOAA21,DAY,AUTUMN,,0,0,0,1440,CLDMSK_L2_VIIRS_NOAA21.A2023291.1836.001.2024130192513.nc
2024-06-16T07:00:00+00:00,SNPP,NIGHT,SUMMER,0,1,1,1,0,CLDMSK_L2_VIIRS_SNPP.A2024168.0700.002.2026034073315.nc
2024-06-16T18:24:00+00:00,SNPP,DAY,SUMMER,,1,1,1,1440,CLDMSK_L2_VIIRS_SNPP.A2024168.1824.002.2026034073432.nc
2024-06-16T07:24:00+00:00,NOAA20,NIGHT,SUMMER,0,0,0,1,1440,CLDMSK_L2_VIIRS_NOAA20.A2024168.0724.002.2025235210415.nc
2024-06-16T17:12:00+00:00,NOAA20,DAY,SUMMER,,1,1,1,720,CLDMSK_L2_VIIRS_NOAA20.A2024168.1712.002.2025235210507.nc
2024-06-16T18:48:00+00:00,NOAA20,DAY,SUMMER,,0,0,0,720,CLDMSK_L2_VIIRS_NOAA20.A2024168.1848.002.2025235210518.nc
2024-06-16T06:36:00+00:00,NOAA21,NIGHT,SUMMER,0,0,0,1,1440,CLDMSK_L2_VIIRS_NOAA21.A2024168.0636.001.2024168190818.nc
2024-06-16T08:12:00+00:00,NOAA21,NIGHT,SUMMER,0,0,0,0,720,CLDMSK_L2_VIIRS_NOAA21.A2024168.0812.001.2024168190837.nc
2024-06-16T18:00:00+00:00,NOAA21,DAY,SUMMER,,1,1,1,0,CLDMSK_L2_VIIRS_NOAA21.A2024168.1800.001.2024169073858.nc
2023-09-07T07:06:00+00:00,SNPP,NIGHT,AUTUMN,1,0,0,0,360,CLDMSK_L2_VIIRS_SNPP.A2023250.0706.002.2026033225327.nc
2023-09-07T16:54:00+00:00,SNPP,DAY,AUTUMN,,0,0,0,360,CLDMSK_L2_VIIRS_SNPP.A2023250.1654.002.2026033225439.nc
2023-09-07T18:30:00+00:00,SNPP,DAY,AUTUMN,,0,0,0,360,CLDMSK_L2_VIIRS_SNPP.A2023250.1830.002.2026033225440.nc
2023-09-07T06:18:00+00:00,NOAA20,NIGHT,AUTUMN,1,0,0,0,900,CLDMSK_L2_VIIRS_NOAA20.A2023250.0618.002.2025235064013.nc
2023-09-07T08:00:00+00:00,NOAA20,NIGHT,AUTUMN,1,0,0,0,0,CLDMSK_L2_VIIRS_NOAA20.A2023250.0800.002.2025235064043.nc
2023-09-07T17:42:00+00:00,NOAA20,DAY,AUTUMN,,0,0,0,1080,CLDMSK_L2_VIIRS_NOAA20.A2023250.1742.002.2025235064339.nc
2023-09-07T19:24:00+00:00,NOAA20,DAY,AUTUMN,,0,0,0,1440,CLDMSK_L2_VIIRS_NOAA20.A2023250.1924.002.2025235064248.nc
2023-09-07T06:42:00+00:00,NOAA21,NIGHT,AUTUMN,1,0,0,0,540,CLDMSK_L2_VIIRS_NOAA21.A2023250.0642.001.2024130191547.nc
2023-09-07T08:18:00+00:00,NOAA21,NIGHT,AUTUMN,1,0,0,0,120,CLDMSK_L2_VIIRS_NOAA21.A2023250.0818.001.2024130191614.nc
2023-09-07T18:06:00+00:00,NOAA21,DAY,AUTUMN,,1,0,0,360,CLDMSK_L2_VIIRS_NOAA21.A2023250.1806.001.2024130191606.nc
2025-12-25T06:24:00+00:00,SNPP,NIGHT,WINTER,0,0,0,0,1440,CLDMSK_L2_VIIRS_SNPP.A2025359.0624.002.2026063203024.nc
2025-12-25T08:00:00+00:00,SNPP,NIGHT,WINTER,0,0,0,0,0,CLDMSK_L2_VIIRS_SNPP.A2025359.0800.002.2026063203039.nc
2025-12-25T17:48:00+00:00,SNPP,DAY,WINTER,,0,0,0,720,CLDMSK_L2_VIIRS_SNPP.A2025359.1748.002.2026063203224.nc
2025-12-25T19:24:00+00:00,SNPP,DAY,WINTER,,0,0,0,1440,CLDMSK_L2_VIIRS_SNPP.A2025359.1924.002.2026063203235.nc
2025-12-25T06:42:00+00:00,NOAA20,NIGHT,WINTER,0,0,0,0,1080,CLDMSK_L2_VIIRS_NOAA20.A2025359.0642.002.2025359184855.nc
2025-12-25T08:24:00+00:00,NOAA20,NIGHT,WINTER,0,0,0,0,1440,CLDMSK_L2_VIIRS_NOAA20.A2025359.0824.001.2025359203847.nc
2025-12-25T18:06:00+00:00,NOAA20,DAY,WINTER,,0,0,0,360,CLDMSK_L2_VIIRS_NOAA20.A2025359.1806.001.2025360072934.nc
2025-12-25T07:30:00+00:00,NOAA21,NIGHT,WINTER,0,0,0,0,1800,CLDMSK_L2_VIIRS_NOAA21.A2025359.0730.001.2025360064231.nc
2025-12-25T17:18:00+00:00,NOAA21,DAY,WINTER,,0,0,0,1080,CLDMSK_L2_VIIRS_NOAA21.A2025359.1718.001.2025360042252.nc
2025-12-25T19:00:00+00:00,NOAA21,DAY,WINTER,,0,0,0,0,CLDMSK_L2_VIIRS_NOAA21.A2025359.1900.001.2025360073303.nc
2023-07-21T07:06:00+00:00,SNPP,NIGHT,SUMMER,0,0,0,0,360,CLDMSK_L2_VIIRS_SNPP.A2023202.0706.002.2026033212310.nc
2023-07-21T16:54:00+00:00,SNPP,DAY,SUMMER,,0,0,0,360,CLDMSK_L2_VIIRS_SNPP.A2023202.1654.002.2026033212446.nc
2023-07-21T18:30:00+00:00,SNPP,DAY,SUMMER,,1,0,0,1800,CLDMSK_L2_VIIRS_SNPP.A2023202.1830.002.2026033212453.nc
2023-07-21T06:18:00+00:00,NOAA20,NIGHT,SUMMER,0,0,0,0,1080,CLDMSK_L2_VIIRS_NOAA20.A2023202.0618.001.2023233213704.nc
2023-07-21T08:00:00+00:00,NOAA20,NIGHT,SUMMER,0,0,0,0,0,CLDMSK_L2_VIIRS_NOAA20.A2023202.0800.001.2023233213619.nc
2023-07-21T17:42:00+00:00,NOAA20,DAY,SUMMER,,0,0,0,1080,CLDMSK_L2_VIIRS_NOAA20.A2023202.1742.001.2023233213737.nc
2023-07-21T19:24:00+00:00,NOAA20,DAY,SUMMER,,1,0,0,1440,CLDMSK_L2_VIIRS_NOAA20.A2023202.1924.001.2023233213726.nc
2023-07-21T06:42:00+00:00,NOAA21,NIGHT,SUMMER,0,0,0,0,1080,CLDMSK_L2_VIIRS_NOAA21.A2023202.0642.001.2024130190453.nc
2023-07-21T08:18:00+00:00,NOAA21,NIGHT,SUMMER,0,0,0,0,1080,CLDMSK_L2_VIIRS_NOAA21.A2023202.0818.001.2024130190502.nc
2023-07-21T18:06:00+00:00,NOAA21,DAY,SUMMER,,1,1,0,360,CLDMSK_L2_VIIRS_NOAA21.A2023202.1806.001.2024130190455.nc
2025-06-21T06:24:00+00:00,SNPP,NIGHT,SUMMER,0,0,0,0,1440,CLDMSK_L2_VIIRS_SNPP.A2025172.0624.002.2026034185317.nc
2025-06-21T08:06:00+00:00,SNPP,NIGHT,SUMMER,0,0,0,0,360,CLDMSK_L2_VIIRS_SNPP.A2025172.0806.002.2026034185329.nc
2025-06-21T17:48:00+00:00,SNPP,DAY,SUMMER,,0,0,0,0,CLDMSK_L2_VIIRS_SNPP.A2025172.1748.002.2026034185436.nc
2025-06-21T06:48:00+00:00,NOAA20,NIGHT,SUMMER,0,0,0,0,720,CLDMSK_L2_VIIRS_NOAA20.A2025172.0648.001.2025172191251.nc
2025-06-21T18:12:00+00:00,NOAA20,DAY,SUMMER,,0,0,0,720,CLDMSK_L2_VIIRS_NOAA20.A2025172.1812.001.2025173073251.nc
2025-06-21T07:36:00+00:00,NOAA21,NIGHT,SUMMER,0,0,0,0,1440,CLDMSK_L2_VIIRS_NOAA21.A2025172.0736.001.2025172191427.nc
2025-06-21T17:24:00+00:00,NOAA21,DAY,SUMMER,,0,0,0,1440,CLDMSK_L2_VIIRS_NOAA21.A2025172.1724.001.2025173013454.nc
2025-06-21T19:06:00+00:00,NOAA21,DAY,SUMMER,,0,0,0,360,CLDMSK_L2_VIIRS_NOAA21.A2025172.1906.001.2025173073557.nc
2022-08-19T07:06:00+00:00,SNPP,NIGHT,SUMMER,1,1,1,1,360,CLDMSK_L2_VIIRS_SNPP.A2022231.0706.002.2026033100029.nc
2022-08-19T16:54:00+00:00,SNPP,DAY,SUMMER,,0,0,0,360,CLDMSK_L2_VIIRS_SNPP.A2022231.1654.002.2026033100132.nc
2022-08-19T18:30:00+00:00,SNPP,DAY,SUMMER,,0,0,0,180,CLDMSK_L2_VIIRS_SNPP.A2022231.1830.002.2026033100205.nc
2022-08-19T06:18:00+00:00,NOAA20,NIGHT,SUMMER,1,0,1,1,1080,CLDMSK_L2_VIIRS_NOAA20.A2022231.0618.001.2022231191125.nc
2022-08-19T07:54:00+00:00,NOAA20,NIGHT,SUMMER,1,1,1,1,360,CLDMSK_L2_VIIRS_NOAA20.A2022231.0754.001.2022231202303.nc
2022-08-19T17:42:00+00:00,NOAA20,DAY,SUMMER,,0,0,0,1080,CLDMSK_L2_VIIRS_NOAA20.A2022231.1742.001.2022232061442.nc
2022-08-19T19:24:00+00:00,NOAA20,DAY,SUMMER,,0,0,0,300,CLDMSK_L2_VIIRS_NOAA20.A2022231.1924.001.2022232074937.nc
2023-03-23T06:18:00+00:00,SNPP,NIGHT,SPRING,0,0,0,0,1080,CLDMSK_L2_VIIRS_SNPP.A2023082.0618.002.2026033173902.nc
2023-03-23T08:00:00+00:00,SNPP,NIGHT,SPRING,0,0,0,0,0,CLDMSK_L2_VIIRS_SNPP.A2023082.0800.002.2026033173902.nc
2023-03-23T17:42:00+00:00,SNPP,DAY,SPRING,,0,0,0,1080,CLDMSK_L2_VIIRS_SNPP.A2023082.1742.002.2026033174112.nc
2023-03-23T19:24:00+00:00,SNPP,DAY,SPRING,,0,0,0,1440,CLDMSK_L2_VIIRS_SNPP.A2023082.1924.002.2026033174147.nc
2023-03-23T07:06:00+00:00,NOAA20,NIGHT,SPRING,0,0,0,0,0,CLDMSK_L2_VIIRS_NOAA20.A2023082.0706.001.2023233202748.nc
2023-03-23T16:54:00+00:00,NOAA20,DAY,SPRING,,0,0,0,360,CLDMSK_L2_VIIRS_NOAA20.A2023082.1654.001.2023233202807.nc
2023-03-23T18:30:00+00:00,NOAA20,DAY,SPRING,,0,0,0,1140,CLDMSK_L2_VIIRS_NOAA20.A2023082.1830.001.2023233202826.nc
2023-03-23T07:30:00+00:00,NOAA21,NIGHT,SPRING,0,0,0,0,0,CLDMSK_L2_VIIRS_NOAA21.A2023082.0730.001.2024130183700.nc
2023-03-23T17:18:00+00:00,NOAA21,DAY,SPRING,,0,0,0,1080,CLDMSK_L2_VIIRS_NOAA21.A2023082.1718.001.2024130183732.nc
2023-03-23T18:54:00+00:00,NOAA21,DAY,SPRING,,0,0,0,300,CLDMSK_L2_VIIRS_NOAA21.A2023082.1854.001.2024130183748.nc
2021-01-05T06:48:00+00:00,SNPP,NIGHT,WINTER,1,0,0,0,720,CLDMSK_L2_VIIRS_SNPP.A2021005.0648.002.2026032154051.nc
2021-01-05T08:30:00+00:00,SNPP,NIGHT,WINTER,1,0,0,0,1800,CLDMSK_L2_VIIRS_SNPP.A2021005.0830.002.2026032154051.nc
2021-01-05T18:12:00+00:00,SNPP,DAY,WINTER,,0,0,0,720,CLDMSK_L2_VIIRS_SNPP.A2021005.1812.002.2026032154150.nc
2021-01-05T07:36:00+00:00,NOAA20,NIGHT,WINTER,1,0,0,0,1440,CLDMSK_L2_VIIRS_NOAA20.A2021005.0736.001.2021005190259.nc
2021-01-05T17:24:00+00:00,NOAA20,DAY,WINTER,,0,0,0,1440,CLDMSK_L2_VIIRS_NOAA20.A2021005.1724.001.2021006010622.nc
2021-01-05T19:00:00+00:00,NOAA20,DAY,WINTER,,0,0,0,0,CLDMSK_L2_VIIRS_NOAA20.A2021005.1900.001.2021006071114.nc
2024-11-12T07:06:00+00:00,SNPP,NIGHT,AUTUMN,1,1,0,1,360,CLDMSK_L2_VIIRS_SNPP.A2024317.0706.002.2026034120457.nc
2024-11-12T16:48:00+00:00,SNPP,DAY,AUTUMN,,1,1,1,720,CLDMSK_L2_VIIRS_SNPP.A2024317.1648.002.2026034120553.nc
2024-11-12T18:30:00+00:00,SNPP,DAY,AUTUMN,,0,0,1,1800,CLDMSK_L2_VIIRS_SNPP.A2024317.1830.002.2026034120604.nc
2024-11-12T07:30:00+00:00,NOAA20,NIGHT,AUTUMN,1,1,0,1,1800,CLDMSK_L2_VIIRS_NOAA20.A2024317.0730.002.2025236043623.nc
2024-11-12T17:12:00+00:00,NOAA20,DAY,AUTUMN,,1,1,1,720,CLDMSK_L2_VIIRS_NOAA20.A2024317.1712.002.2025236043741.nc
2024-11-12T18:54:00+00:00,NOAA20,DAY,AUTUMN,,0,0,1,360,CLDMSK_L2_VIIRS_NOAA20.A2024317.1854.002.2025236043815.nc
2024-11-12T06:42:00+00:00,NOAA21,NIGHT,AUTUMN,1,1,1,1,1080,CLDMSK_L2_VIIRS_NOAA21.A2024317.0642.001.2024317190835.nc
2024-11-12T08:24:00+00:00,NOAA21,NIGHT,AUTUMN,0,1,0,1,1440,CLDMSK_L2_VIIRS_NOAA21.A2024317.0824.001.2024317190814.nc
2024-11-12T18:06:00+00:00,NOAA21,DAY,AUTUMN,,0,1,1,360,CLDMSK_L2_VIIRS_NOAA21.A2024317.1806.001.2024318073827.nc
2024-12-22T06:18:00+00:00,SNPP,NIGHT,WINTER,1,0,0,1,1080,CLDMSK_L2_VIIRS_SNPP.A2024357.0618.002.2026034131858.nc
2024-12-22T08:00:00+00:00,SNPP,NIGHT,WINTER,1,1,0,1,0,CLDMSK_L2_VIIRS_SNPP.A2024357.0800.002.2026034131916.nc
2024-12-22T17:42:00+00:00,SNPP,DAY,WINTER,,0,0,1,1080,CLDMSK_L2_VIIRS_SNPP.A2024357.1742.002.2026034132010.nc
2024-12-22T19:24:00+00:00,SNPP,DAY,WINTER,,0,0,1,1440,CLDMSK_L2_VIIRS_SNPP.A2024357.1924.002.2026034132013.nc
2024-12-22T06:42:00+00:00,NOAA20,NIGHT,WINTER,1,1,0,1,1080,CLDMSK_L2_VIIRS_NOAA20.A2024357.0642.001.2024357191208.nc
2024-12-22T08:18:00+00:00,NOAA20,NIGHT,WINTER,1,1,0,1,1080,CLDMSK_L2_VIIRS_NOAA20.A2024357.0818.001.2024357204219.nc
2024-12-22T18:06:00+00:00,NOAA20,DAY,WINTER,,0,0,1,360,CLDMSK_L2_VIIRS_NOAA20.A2024357.1806.001.2024358072240.nc
2024-12-22T07:36:00+00:00,NOAA21,NIGHT,WINTER,1,0,0,1,1440,CLDMSK_L2_VIIRS_NOAA21.A2024357.0736.001.2024357191632.nc
2024-12-22T17:18:00+00:00,NOAA21,DAY,WINTER,,0,0,1,1080,CLDMSK_L2_VIIRS_NOAA21.A2024357.1718.001.2024358012630.nc
2024-12-22T19:00:00+00:00,NOAA21,DAY,WINTER,,0,0,1,0,CLDMSK_L2_VIIRS_NOAA21.A2024357.1900.001.2024358072700.nc
2020-07-07T07:00:00+00:00,SNPP,NIGHT,SUMMER,1,0,0,1,0,CLDMSK_L2_VIIRS_SNPP.A2020189.0700.002.2026032100359.nc
2020-07-07T18:24:00+00:00,SNPP,DAY,SUMMER,,1,0,0,1440,CLDMSK_L2_VIIRS_SNPP.A2020189.1824.002.2026032100519.nc
2020-07-07T06:12:00+00:00,NOAA20,NIGHT,SUMMER,1,0,0,1,720,CLDMSK_L2_VIIRS_NOAA20.A2020189.0612.001.2020294153518.nc
2020-07-07T07:48:00+00:00,NOAA20,NIGHT,SUMMER,1,0,0,1,720,CLDMSK_L2_VIIRS_NOAA20.A2020189.0748.001.2020294153519.nc
2020-07-07T17:36:00+00:00,NOAA20,DAY,SUMMER,,0,0,0,1440,CLDMSK_L2_VIIRS_NOAA20.A2020189.1736.001.2020294153715.nc
2020-07-07T19:18:00+00:00,NOAA20,DAY,SUMMER,,0,0,0,1080,CLDMSK_L2_VIIRS_NOAA20.A2020189.1918.001.2020294153622.nc
2023-04-16T07:06:00+00:00,SNPP,NIGHT,SPRING,0,1,1,1,360,CLDMSK_L2_VIIRS_SNPP.A2023106.0706.002.2026033182217.nc
2023-04-16T16:54:00+00:00,SNPP,DAY,SPRING,,1,1,1,360,CLDMSK_L2_VIIRS_SNPP.A2023106.1654.002.2026033182325.nc
2023-04-16T18:36:00+00:00,SNPP,DAY,SPRING,,0,0,0,1440,CLDMSK_L2_VIIRS_SNPP.A2023106.1836.002.2026033182326.nc
2023-04-16T06:18:00+00:00,NOAA20,NIGHT,SPRING,0,1,1,1,1080,CLDMSK_L2_VIIRS_NOAA20.A2023106.0618.001.2023233204019.nc
2023-04-16T08:00:00+00:00,NOAA20,NIGHT,SPRING,0,1,1,1,0,CLDMSK_L2_VIIRS_NOAA20.A2023106.0800.001.2023233203949.nc
2023-04-16T17:42:00+00:00,NOAA20,DAY,SPRING,,0,0,0,1080,CLDMSK_L2_VIIRS_NOAA20.A2023106.1742.001.2023233204010.nc
2023-04-16T19:24:00+00:00,NOAA20,DAY,SPRING,,0,0,0,1440,CLDMSK_L2_VIIRS_NOAA20.A2023106.1924.001.2023233204110.nc
2023-04-16T06:42:00+00:00,NOAA21,NIGHT,SPRING,0,1,1,1,1080,CLDMSK_L2_VIIRS_NOAA21.A2023106.0642.001.2024130184952.nc
2023-04-16T08:18:00+00:00,NOAA21,NIGHT,SPRING,0,1,1,1,1080,CLDMSK_L2_VIIRS_NOAA21.A2023106.0818.001.2024130184953.nc
2023-04-16T18:06:00+00:00,NOAA21,DAY,SPRING,,0,0,0,360,CLDMSK_L2_VIIRS_NOAA21.A2023106.1806.001.2024130184300.nc
2024-01-08T07:00:00+00:00,SNPP,NIGHT,WINTER,0,0,0,0,0,CLDMSK_L2_VIIRS_SNPP.A2024008.0700.002.2026034024056.nc
2024-01-08T18:24:00+00:00,SNPP,DAY,WINTER,,0,0,0,1440,CLDMSK_L2_VIIRS_SNPP.A2024008.1824.002.2026034024144.nc
2024-01-08T06:12:00+00:00,NOAA20,NIGHT,WINTER,0,1,0,0,720,CLDMSK_L2_VIIRS_NOAA20.A2024008.0612.002.2025235125630.nc
2024-01-08T07:48:00+00:00,NOAA20,NIGHT,WINTER,0,0,0,0,720,CLDMSK_L2_VIIRS_NOAA20.A2024008.0748.002.2025235125605.nc
2024-01-08T17:36:00+00:00,NOAA20,DAY,WINTER,,0,0,0,1440,CLDMSK_L2_VIIRS_NOAA20.A2024008.1736.002.2025235125753.nc
2024-01-08T19:18:00+00:00,NOAA20,DAY,WINTER,,0,0,0,1080,CLDMSK_L2_VIIRS_NOAA20.A2024008.1918.002.2025235125741.nc
2024-01-08T06:36:00+00:00,NOAA21,NIGHT,WINTER,0,0,0,0,1440,CLDMSK_L2_VIIRS_NOAA21.A2024008.0636.001.2024130194455.nc
2024-01-08T08:12:00+00:00,NOAA21,NIGHT,WINTER,0,1,0,0,720,CLDMSK_L2_VIIRS_NOAA21.A2024008.0812.001.2024130194514.nc
2024-01-08T18:00:00+00:00,NOAA21,DAY,WINTER,,0,0,0,0,CLDMSK_L2_VIIRS_NOAA21.A2024008.1800.001.2024130194523.nc
2024-03-15T06:06:00+00:00,SNPP,NIGHT,SPRING,0,0,0,0,360,CLDMSK_L2_VIIRS_SNPP.A2024075.0606.002.2026034044236.nc
2024-03-15T07:42:00+00:00,SNPP,NIGHT,SPRING,0,0,0,0,1080,CLDMSK_L2_VIIRS_SNPP.A2024075.0742.002.2026034044238.nc
2024-03-15T17:30:00+00:00,SNPP,DAY,SPRING,,0,0,0,1800,CLDMSK_L2_VIIRS_SNPP.A2024075.1730.002.2026034044330.nc
2024-03-15T19:12:00+00:00,SNPP,DAY,SPRING,,0,0,0,720,CLDMSK_L2_VIIRS_SNPP.A2024075.1912.002.2026034044344.nc
2024-03-15T06:54:00+00:00,NOAA20,NIGHT,SPRING,0,0,0,0,360,CLDMSK_L2_VIIRS_NOAA20.A2024075.0654.002.2025235155710.nc
2024-03-15T08:36:00+00:00,NOAA20,NIGHT,SPRING,0,0,0,0,1440,CLDMSK_L2_VIIRS_NOAA20.A2024075.0836.002.2025235155731.nc
2024-03-15T18:18:00+00:00,NOAA20,DAY,SPRING,,0,0,0,1080,CLDMSK_L2_VIIRS_NOAA20.A2024075.1818.002.2025235155730.nc
2024-03-15T07:18:00+00:00,NOAA21,NIGHT,SPRING,0,0,0,0,1080,CLDMSK_L2_VIIRS_NOAA21.A2024075.0718.001.2024130200329.nc
2024-03-15T17:00:00+00:00,NOAA21,DAY,SPRING,,0,0,0,0,CLDMSK_L2_VIIRS_NOAA21.A2024075.1700.001.2024130200327.nc
2024-03-15T18:42:00+00:00,NOAA21,DAY,SPRING,,0,0,0,1080,CLDMSK_L2_VIIRS_NOAA21.A2024075.1842.001.2024130200332.nc
2024-10-30T06:12:00+00:00,SNPP,NIGHT,AUTUMN,0,0,0,0,720,CLDMSK_L2_VIIRS_SNPP.A2024304.0612.002.2026034114057.nc
2024-10-30T07:48:00+00:00,SNPP,NIGHT,AUTUMN,0,0,0,0,720,CLDMSK_L2_VIIRS_SNPP.A2024304.0748.002.2026034114110.nc
2024-10-30T17:36:00+00:00,SNPP,DAY,AUTUMN,,0,0,0,1440,CLDMSK_L2_VIIRS_SNPP.A2024304.1736.002.2026034114155.nc
2024-10-30T19:12:00+00:00,SNPP,DAY,AUTUMN,,0,0,0,720,CLDMSK_L2_VIIRS_SNPP.A2024304.1912.002.2026034114227.nc
2024-10-30T06:36:00+00:00,NOAA20,NIGHT,AUTUMN,0,0,0,0,1440,CLDMSK_L2_VIIRS_NOAA20.A2024304.0636.002.2025236035920.nc
2024-10-30T08:12:00+00:00,NOAA20,NIGHT,AUTUMN,0,0,0,0,720,CLDMSK_L2_VIIRS_NOAA20.A2024304.0812.002.2025236035923.nc
2024-10-30T18:00:00+00:00,NOAA20,DAY,AUTUMN,,0,0,0,0,CLDMSK_L2_VIIRS_NOAA20.A2024304.1800.002.2025236040045.nc
2024-10-30T07:24:00+00:00,NOAA21,NIGHT,AUTUMN,0,0,0,0,1440,CLDMSK_L2_VIIRS_NOAA21.A2024304.0724.001.2024304191041.nc
2024-10-30T17:12:00+00:00,NOAA21,DAY,AUTUMN,,0,0,0,720,CLDMSK_L2_VIIRS_NOAA21.A2024304.1712.001.2024306152148.nc
2024-10-30T18:48:00+00:00,NOAA21,DAY,AUTUMN,,0,0,0,720,CLDMSK_L2_VIIRS_NOAA21.A2024304.1848.001.2024306152144.nc
2021-08-19T06:12:00+00:00,SNPP,NIGHT,SUMMER,1,0,0,0,720,CLDMSK_L2_VIIRS_SNPP.A2021231.0612.002.2026032231928.nc
2021-08-19T07:48:00+00:00,SNPP,NIGHT,SUMMER,0,0,0,0,720,CLDMSK_L2_VIIRS_SNPP.A2021231.0748.002.2026032231940.nc
2021-08-19T17:36:00+00:00,SNPP,DAY,SUMMER,,1,0,0,1440,CLDMSK_L2_VIIRS_SNPP.A2021231.1736.002.2026032232038.nc
2021-08-19T19:18:00+00:00,SNPP,DAY,SUMMER,,0,0,0,1080,CLDMSK_L2_VIIRS_SNPP.A2021231.1918.002.2026032232048.nc
2021-08-19T07:00:00+00:00,NOAA20,NIGHT,SUMMER,0,0,0,0,0,CLDMSK_L2_VIIRS_NOAA20.A2021231.0700.001.2021231192814.nc
2021-08-19T18:24:00+00:00,NOAA20,DAY,SUMMER,,1,0,0,1440,CLDMSK_L2_VIIRS_NOAA20.A2021231.1824.001.2021232073603.nc
2024-08-14T06:54:00+00:00,SNPP,NIGHT,SUMMER,0,1,1,1,360,CLDMSK_L2_VIIRS_SNPP.A2024227.0654.002.2026034091937.nc
2024-08-14T08:36:00+00:00,SNPP,NIGHT,SUMMER,0,1,1,1,1440,CLDMSK_L2_VIIRS_SNPP.A2024227.0836.002.2026034091956.nc
2024-08-14T18:18:00+00:00,SNPP,DAY,SUMMER,,1,1,1,1080,CLDMSK_L2_VIIRS_SNPP.A2024227.1818.002.2026034092049.nc
2024-08-14T07:18:00+00:00,NOAA20,NIGHT,SUMMER,0,1,1,1,1080,CLDMSK_L2_VIIRS_NOAA20.A2024227.0718.002.2025236000127.nc
2024-08-14T17:00:00+00:00,NOAA20,DAY,SUMMER,,1,1,1,0,CLDMSK_L2_VIIRS_NOAA20.A2024227.1700.002.2025236000246.nc
2024-08-14T18:42:00+00:00,NOAA20,DAY,SUMMER,,1,1,1,1080,CLDMSK_L2_VIIRS_NOAA20.A2024227.1842.002.2025236000302.nc
2024-08-14T06:30:00+00:00,NOAA21,NIGHT,SUMMER,0,1,1,1,1800,CLDMSK_L2_VIIRS_NOAA21.A2024227.0630.001.2024227190420.nc
2024-08-14T08:12:00+00:00,NOAA21,NIGHT,SUMMER,0,1,1,1,720,CLDMSK_L2_VIIRS_NOAA21.A2024227.0812.001.2024227190429.nc
2024-08-14T17:54:00+00:00,NOAA21,DAY,SUMMER,,1,1,1,360,CLDMSK_L2_VIIRS_NOAA21.A2024227.1754.001.2024228013442.nc
2022-01-07T07:06:00+00:00,SNPP,NIGHT,WINTER,0,0,0,,,CLDMSK_L2_VIIRS_SNPP.A2022007.0706.002.2026033033853.nc
2022-01-07T16:54:00+00:00,SNPP,DAY,WINTER,,0,0,,,CLDMSK_L2_VIIRS_SNPP.A2022007.1654.002.2026033033949.nc
2022-01-07T18:30:00+00:00,SNPP,DAY,WINTER,,0,0,,,CLDMSK_L2_VIIRS_SNPP.A2022007.1830.002.2026033034009.nc
2022-01-07T06:18:00+00:00,NOAA20,NIGHT,WINTER,0,0,0,,,CLDMSK_L2_VIIRS_NOAA20.A2022007.0618.001.2022007193512.nc
2022-01-07T07:54:00+00:00,NOAA20,NIGHT,WINTER,0,0,0,,,CLDMSK_L2_VIIRS_NOAA20.A2022007.0754.001.2022007193459.nc
2022-01-07T17:42:00+00:00,NOAA20,DAY,WINTER,,1,1,,,CLDMSK_L2_VIIRS_NOAA20.A2022007.1742.001.2022008013016.nc
2022-01-07T19:18:00+00:00,NOAA20,DAY,WINTER,,0,0,,,CLDMSK_L2_VIIRS_NOAA20.A2022007.1918.001.2022008072620.nc
2021-11-27T06:36:00+00:00,SNPP,NIGHT,AUTUMN,1,1,0,0,1440,CLDMSK_L2_VIIRS_SNPP.A2021331.0636.002.2026033022342.nc
2021-11-27T08:18:00+00:00,SNPP,NIGHT,AUTUMN,1,0,0,0,1080,CLDMSK_L2_VIIRS_SNPP.A2021331.0818.002.2026033022345.nc
2021-11-27T18:00:00+00:00,SNPP,DAY,AUTUMN,,0,0,0,0,CLDMSK_L2_VIIRS_SNPP.A2021331.1800.002.2026033022453.nc
2021-11-27T07:24:00+00:00,NOAA20,NIGHT,AUTUMN,1,0,0,0,1440,CLDMSK_L2_VIIRS_NOAA20.A2021331.0724.001.2021331194138.nc
2021-11-27T17:12:00+00:00,NOAA20,DAY,AUTUMN,,0,0,0,720,CLDMSK_L2_VIIRS_NOAA20.A2021331.1712.001.2021332014318.nc
2021-11-27T18:48:00+00:00,NOAA20,DAY,AUTUMN,,0,0,0,720,CLDMSK_L2_VIIRS_NOAA20.A2021331.1848.001.2021332072345.nc
2020-11-19T06:30:00+00:00,SNPP,NIGHT,AUTUMN,0,0,0,1,1800,CLDMSK_L2_VIIRS_SNPP.A2020324.0630.002.2026032141254.nc
2020-11-19T08:06:00+00:00,SNPP,NIGHT,AUTUMN,0,0,0,0,360,CLDMSK_L2_VIIRS_SNPP.A2020324.0806.002.2026032141303.nc
2020-11-19T17:54:00+00:00,SNPP,DAY,AUTUMN,,0,0,0,360,CLDMSK_L2_VIIRS_SNPP.A2020324.1754.002.2026032141413.nc
2020-11-19T07:18:00+00:00,NOAA20,NIGHT,AUTUMN,0,0,0,0,1080,CLDMSK_L2_VIIRS_NOAA20.A2020324.0718.001.2020324185904.nc
2020-11-19T17:00:00+00:00,NOAA20,DAY,AUTUMN,,0,0,0,0,CLDMSK_L2_VIIRS_NOAA20.A2020324.1700.001.2020325010233.nc
2020-11-19T17:06:00+00:00,NOAA20,DAY,AUTUMN,,0,0,0,360,CLDMSK_L2_VIIRS_NOAA20.A2020324.1706.001.2020325010234.nc
2020-11-19T18:42:00+00:00,NOAA20,DAY,AUTUMN,,0,0,0,1080,CLDMSK_L2_VIIRS_NOAA20.A2020324.1842.001.2020325070651.nc
2025-07-31T07:12:00+00:00,SNPP,NIGHT,SUMMER,0,0,0,0,480,CLDMSK_L2_VIIRS_SNPP.A2025212.0712.002.2026034200700.nc
2025-07-31T17:00:00+00:00,SNPP,DAY,SUMMER,,0,0,0,0,CLDMSK_L2_VIIRS_SNPP.A2025212.1700.002.2026034200812.nc
2025-07-31T18:42:00+00:00,SNPP,DAY,SUMMER,,0,0,0,1080,CLDMSK_L2_VIIRS_SNPP.A2025212.1842.002.2026034200808.nc
2025-07-31T07:36:00+00:00,NOAA20,NIGHT,SUMMER,0,0,0,0,360,CLDMSK_L2_VIIRS_NOAA20.A2025212.0736.001.2025212195305.nc
2025-07-31T17:24:00+00:00,NOAA20,DAY,SUMMER,,0,0,0,1440,CLDMSK_L2_VIIRS_NOAA20.A2025212.1724.001.2025213054348.nc
2025-07-31T19:00:00+00:00,NOAA20,DAY,SUMMER,,0,0,0,0,CLDMSK_L2_VIIRS_NOAA20.A2025212.1900.001.2025213073354.nc
2025-07-31T06:48:00+00:00,NOAA21,NIGHT,SUMMER,0,0,0,0,300,CLDMSK_L2_VIIRS_NOAA21.A2025212.0648.001.2025212191351.nc
2025-07-31T08:30:00+00:00,NOAA21,NIGHT,SUMMER,0,0,0,0,1260,CLDMSK_L2_VIIRS_NOAA21.A2025212.0830.001.2025212191423.nc
2025-07-31T18:12:00+00:00,NOAA21,DAY,SUMMER,,0,0,0,720,CLDMSK_L2_VIIRS_NOAA21.A2025212.1812.001.2025213073455.nc
2021-08-09T06:00:00+00:00,SNPP,NIGHT,SUMMER,0,0,0,0,0,CLDMSK_L2_VIIRS_SNPP.A2021221.0600.002.2026032230123.nc
2021-08-09T07:36:00+00:00,SNPP,NIGHT,SUMMER,0,0,0,1,1440,CLDMSK_L2_VIIRS_SNPP.A2021221.0736.002.2026032230120.nc
2021-08-09T17:24:00+00:00,SNPP,DAY,SUMMER,,0,0,1,1440,CLDMSK_L2_VIIRS_SNPP.A2021221.1724.002.2026032230233.nc
2021-08-09T19:00:00+00:00,SNPP,DAY,SUMMER,,0,0,0,0,CLDMSK_L2_VIIRS_SNPP.A2021221.1900.002.2026032230250.nc
2021-08-09T06:48:00+00:00,NOAA20,NIGHT,SUMMER,0,0,0,0,720,CLDMSK_L2_VIIRS_NOAA20.A2021221.0648.001.2021221194650.nc
2021-08-09T08:30:00+00:00,NOAA20,NIGHT,SUMMER,0,0,0,1,1800,CLDMSK_L2_VIIRS_NOAA20.A2021221.0830.001.2021221194701.nc
2021-08-09T18:12:00+00:00,NOAA20,DAY,SUMMER,,1,1,0,720,CLDMSK_L2_VIIRS_NOAA20.A2021221.1812.001.2021222073332.nc
2022-08-09T06:06:00+00:00,NOAA20,NIGHT,SUMMER,1,0,0,0,360,CLDMSK_L2_VIIRS_NOAA20.A2022221.0606.001.2022221192436.nc
2022-08-09T07:42:00+00:00,NOAA20,NIGHT,SUMMER,0,0,0,1,1080,CLDMSK_L2_VIIRS_NOAA20.A2022221.0742.001.2022221200605.nc
2022-08-09T17:30:00+00:00,NOAA20,DAY,SUMMER,,0,0,0,1800,CLDMSK_L2_VIIRS_NOAA20.A2022221.1730.001.2022222054607.nc
2022-08-09T19:06:00+00:00,NOAA20,DAY,SUMMER,,0,0,0,360,CLDMSK_L2_VIIRS_NOAA20.A2022221.1906.001.2022222072822.nc
2025-03-03T07:24:00+00:00,SNPP,NIGHT,SPRING,0,0,0,0,1440,CLDMSK_L2_VIIRS_SNPP.A2025062.0724.002.2026034152917.nc
2025-03-03T17:12:00+00:00,SNPP,DAY,SPRING,,0,0,0,720,CLDMSK_L2_VIIRS_SNPP.A2025062.1712.002.2026034153001.nc
2025-03-03T18:48:00+00:00,SNPP,DAY,SPRING,,0,0,0,720,CLDMSK_L2_VIIRS_SNPP.A2025062.1848.002.2026034153031.nc
2025-03-03T06:06:00+00:00,NOAA20,NIGHT,SPRING,0,0,0,0,360,CLDMSK_L2_VIIRS_NOAA20.A2025062.0606.001.2025062191127.nc
2025-03-03T07:48:00+00:00,NOAA20,NIGHT,SPRING,0,0,0,0,720,CLDMSK_L2_VIIRS_NOAA20.A2025062.0748.001.2025062201140.nc
2025-03-03T17:30:00+00:00,NOAA20,DAY,SPRING,,0,0,0,1800,CLDMSK_L2_VIIRS_NOAA20.A2025062.1730.001.2025063055219.nc
2025-03-03T19:12:00+00:00,NOAA20,DAY,SPRING,,0,0,0,720,CLDMSK_L2_VIIRS_NOAA20.A2025062.1912.001.2025063073233.nc
2025-03-03T07:00:00+00:00,NOAA21,NIGHT,SPRING,0,0,0,0,0,CLDMSK_L2_VIIRS_NOAA21.A2025062.0700.001.2025062191332.nc
2025-03-03T18:24:00+00:00,NOAA21,DAY,SPRING,,0,0,0,1440,CLDMSK_L2_VIIRS_NOAA21.A2025062.1824.001.2025063073417.nc
2022-11-06T07:24:00+00:00,SNPP,NIGHT,AUTUMN,1,0,0,0,1440,CLDMSK_L2_VIIRS_SNPP.A2022310.0724.002.2026033122611.nc
2022-11-06T17:12:00+00:00,SNPP,DAY,AUTUMN,,1,1,0,720,CLDMSK_L2_VIIRS_SNPP.A2022310.1712.002.2026033122727.nc
2022-11-06T18:48:00+00:00,SNPP,DAY,AUTUMN,,0,0,0,720,CLDMSK_L2_VIIRS_SNPP.A2022310.1848.002.2026033122726.nc
2022-11-06T06:36:00+00:00,NOAA20,NIGHT,AUTUMN,1,0,0,0,1440,CLDMSK_L2_VIIRS_NOAA20.A2022310.0636.001.2022310191016.nc
2022-11-06T08:18:00+00:00,NOAA20,NIGHT,AUTUMN,1,1,0,0,1080,CLDMSK_L2_VIIRS_NOAA20.A2022310.0818.001.2022310203014.nc
2022-11-06T18:00:00+00:00,NOAA20,DAY,AUTUMN,,1,1,0,0,CLDMSK_L2_VIIRS_NOAA20.A2022310.1800.001.2022311073053.nc
2025-02-25T06:00:00+00:00,SNPP,NIGHT,WINTER,0,0,0,0,0,CLDMSK_L2_VIIRS_SNPP.A2025056.0600.002.2026034151724.nc
2025-02-25T07:36:00+00:00,SNPP,NIGHT,WINTER,0,0,0,0,1440,CLDMSK_L2_VIIRS_SNPP.A2025056.0736.002.2026034151728.nc
2025-02-25T17:24:00+00:00,SNPP,DAY,WINTER,,0,0,0,60,CLDMSK_L2_VIIRS_SNPP.A2025056.1724.002.2026034151834.nc
2025-02-25T19:06:00+00:00,SNPP,DAY,WINTER,,0,0,0,360,CLDMSK_L2_VIIRS_SNPP.A2025056.1906.002.2026034151839.nc
2025-02-25T06:18:00+00:00,NOAA20,NIGHT,WINTER,0,0,0,0,1080,CLDMSK_L2_VIIRS_NOAA20.A2025056.0618.001.2025056191727.nc
2025-02-25T08:00:00+00:00,NOAA20,NIGHT,WINTER,0,0,0,0,0,CLDMSK_L2_VIIRS_NOAA20.A2025056.0800.001.2025056202719.nc
2025-02-25T17:48:00+00:00,NOAA20,DAY,WINTER,,0,0,0,720,CLDMSK_L2_VIIRS_NOAA20.A2025056.1748.001.2025057060745.nc
2025-02-25T07:12:00+00:00,NOAA21,NIGHT,WINTER,0,0,0,0,720,CLDMSK_L2_VIIRS_NOAA21.A2025056.0712.001.2025056191850.nc
2025-02-25T17:00:00+00:00,NOAA21,DAY,WINTER,,0,0,0,0,CLDMSK_L2_VIIRS_NOAA21.A2025056.1700.001.2025057012944.nc
2025-02-25T18:36:00+00:00,NOAA21,DAY,WINTER,,0,0,0,1440,CLDMSK_L2_VIIRS_NOAA21.A2025056.1836.001.2025057072930.nc
2022-11-11T07:30:00+00:00,SNPP,NIGHT,AUTUMN,1,0,0,0,1800,CLDMSK_L2_VIIRS_SNPP.A2022315.0730.002.2026033123529.nc
2022-11-11T17:18:00+00:00,SNPP,DAY,AUTUMN,,0,0,0,480,CLDMSK_L2_VIIRS_SNPP.A2022315.1718.002.2026033123625.nc
2022-11-11T19:00:00+00:00,SNPP,DAY,AUTUMN,,0,0,0,0,CLDMSK_L2_VIIRS_SNPP.A2022315.1900.002.2026033123632.nc
2022-11-11T06:42:00+00:00,NOAA20,NIGHT,AUTUMN,1,0,0,0,1080,CLDMSK_L2_VIIRS_NOAA20.A2022315.0642.001.2022315191942.nc
2022-11-11T08:24:00+00:00,NOAA20,NIGHT,AUTUMN,1,0,0,0,1440,CLDMSK_L2_VIIRS_NOAA20.A2022315.0824.001.2022315203422.nc
2022-11-11T18:06:00+00:00,NOAA20,DAY,AUTUMN,,0,0,0,360,CLDMSK_L2_VIIRS_NOAA20.A2022315.1806.001.2022316072501.nc
2025-03-20T07:06:00+00:00,SNPP,NIGHT,SPRING,1,0,0,0,360,CLDMSK_L2_VIIRS_SNPP.A2025079.0706.002.2026034160236.nc
2025-03-20T16:54:00+00:00,SNPP,DAY,SPRING,,0,0,0,360,CLDMSK_L2_VIIRS_SNPP.A2025079.1654.002.2026034160335.nc
2025-03-20T18:30:00+00:00,SNPP,DAY,SPRING,,0,0,0,1800,CLDMSK_L2_VIIRS_SNPP.A2025079.1830.002.2026034160355.nc
2025-03-20T07:30:00+00:00,NOAA20,NIGHT,SPRING,1,0,0,0,1800,CLDMSK_L2_VIIRS_NOAA20.A2025079.0730.001.2025079200058.nc
2025-03-20T17:12:00+00:00,NOAA20,DAY,SPRING,,0,0,0,720,CLDMSK_L2_VIIRS_NOAA20.A2025079.1712.001.2025080054112.nc
2025-03-20T18:54:00+00:00,NOAA20,DAY,SPRING,,0,0,0,360,CLDMSK_L2_VIIRS_NOAA20.A2025079.1854.001.2025080073114.nc
2025-03-20T06:42:00+00:00,NOAA21,NIGHT,SPRING,1,0,0,0,1080,CLDMSK_L2_VIIRS_NOAA21.A2025079.0642.001.2025079230323.nc
2025-03-20T08:24:00+00:00,NOAA21,NIGHT,SPRING,1,0,0,0,1440,CLDMSK_L2_VIIRS_NOAA21.A2025079.0824.001.2025079230303.nc
2025-03-20T18:06:00+00:00,NOAA21,DAY,SPRING,,0,0,0,360,CLDMSK_L2_VIIRS_NOAA21.A2025079.1806.001.2025080073133.nc
2023-03-24T07:42:00+00:00,SNPP,NIGHT,SPRING,0,0,0,0,1080,CLDMSK_L2_VIIRS_SNPP.A2023083.0742.002.2026033174143.nc
2023-03-24T17:24:00+00:00,SNPP,DAY,SPRING,,0,0,0,1440,CLDMSK_L2_VIIRS_SNPP.A2023083.1724.002.2026033174231.nc
2023-03-24T19:06:00+00:00,SNPP,DAY,SPRING,,0,0,0,360,CLDMSK_L2_VIIRS_SNPP.A2023083.1906.002.2026033174236.nc
2023-03-24T06:48:00+00:00,NOAA20,NIGHT,SPRING,0,0,0,0,720,CLDMSK_L2_VIIRS_NOAA20.A2023083.0648.001.2023233202752.nc
2023-03-24T08:30:00+00:00,NOAA20,NIGHT,SPRING,0,0,0,0,1800,CLDMSK_L2_VIIRS_NOAA20.A2023083.0830.001.2023233202729.nc
2023-03-24T18:12:00+00:00,NOAA20,DAY,SPRING,,0,0,0,720,CLDMSK_L2_VIIRS_NOAA20.A2023083.1812.001.2023233202810.nc
2023-03-24T07:12:00+00:00,NOAA21,NIGHT,SPRING,0,0,0,0,720,CLDMSK_L2_VIIRS_NOAA21.A2023083.0712.001.2024130183700.nc
2023-03-24T16:54:00+00:00,NOAA21,DAY,SPRING,,1,0,0,360,CLDMSK_L2_VIIRS_NOAA21.A2023083.1654.001.2024130183721.nc
2023-03-24T18:36:00+00:00,NOAA21,DAY,SPRING,,0,0,0,1440,CLDMSK_L2_VIIRS_NOAA21.A2023083.1836.001.2024130183721.nc
2020-10-29T06:24:00+00:00,SNPP,NIGHT,AUTUMN,1,0,0,0,1440,CLDMSK_L2_VIIRS_SNPP.A2020303.0624.002.2026032133410.nc
2020-10-29T08:00:00+00:00,SNPP,NIGHT,AUTUMN,1,0,0,0,0,CLDMSK_L2_VIIRS_SNPP.A2020303.0800.002.2026032133413.nc
2020-10-29T17:48:00+00:00,SNPP,DAY,AUTUMN,,0,0,,,CLDMSK_L2_VIIRS_SNPP.A2020303.1748.002.2026032133516.nc
2020-10-29T07:12:00+00:00,NOAA20,NIGHT,AUTUMN,1,0,0,0,720,CLDMSK_L2_VIIRS_NOAA20.A2020303.0712.001.2020303190625.nc
2020-10-29T16:54:00+00:00,NOAA20,DAY,AUTUMN,,0,0,,,CLDMSK_L2_VIIRS_NOAA20.A2020303.1654.001.2020304010806.nc
2020-10-29T18:36:00+00:00,NOAA20,DAY,AUTUMN,,0,0,,,CLDMSK_L2_VIIRS_NOAA20.A2020303.1836.001.2020304071220.nc
2023-05-10T06:18:00+00:00,SNPP,NIGHT,SPRING,1,1,1,1,1080,CLDMSK_L2_VIIRS_SNPP.A2023130.0618.002.2026033190542.nc
2023-05-10T08:00:00+00:00,SNPP,NIGHT,SPRING,1,1,1,1,0,CLDMSK_L2_VIIRS_SNPP.A2023130.0800.002.2026033190559.nc
2023-05-10T17:42:00+00:00,SNPP,DAY,SPRING,,1,1,0,1080,CLDMSK_L2_VIIRS_SNPP.A2023130.1742.002.2026033190650.nc
2023-05-10T19:24:00+00:00,SNPP,DAY,SPRING,,0,0,0,1440,CLDMSK_L2_VIIRS_SNPP.A2023130.1924.002.2026033190712.nc
2023-05-10T07:06:00+00:00,NOAA20,NIGHT,SPRING,1,1,1,1,360,CLDMSK_L2_VIIRS_NOAA20.A2023130.0706.001.2023233205219.nc
2023-05-10T16:54:00+00:00,NOAA20,DAY,SPRING,,1,1,0,360,CLDMSK_L2_VIIRS_NOAA20.A2023130.1654.001.2023233205305.nc
2023-05-10T18:30:00+00:00,NOAA20,DAY,SPRING,,0,0,0,1800,CLDMSK_L2_VIIRS_NOAA20.A2023130.1830.001.2023233205332.nc
2023-05-10T07:30:00+00:00,NOAA21,NIGHT,SPRING,1,1,1,1,1800,CLDMSK_L2_VIIRS_NOAA21.A2023130.0730.001.2024130184751.nc
2023-05-10T17:12:00+00:00,NOAA21,DAY,SPRING,,1,1,0,720,CLDMSK_L2_VIIRS_NOAA21.A2023130.1712.001.2024130184831.nc
2023-05-10T18:54:00+00:00,NOAA21,DAY,SPRING,,0,0,0,360,CLDMSK_L2_VIIRS_NOAA21.A2023130.1854.001.2024130184822.nc
2024-10-03T06:18:00+00:00,SNPP,NIGHT,AUTUMN,0,1,1,1,1080,CLDMSK_L2_VIIRS_SNPP.A2024277.0618.002.2026034105117.nc
2024-10-03T07:54:00+00:00,SNPP,NIGHT,AUTUMN,0,1,1,1,360,CLDMSK_L2_VIIRS_SNPP.A2024277.0754.002.2026034105123.nc
2024-10-03T17:42:00+00:00,SNPP,DAY,AUTUMN,,0,0,0,1080,CLDMSK_L2_VIIRS_SNPP.A2024277.1742.002.2026034105237.nc
2024-10-03T19:18:00+00:00,SNPP,DAY,AUTUMN,,0,0,0,1080,CLDMSK_L2_VIIRS_SNPP.A2024277.1918.002.2026034105237.nc
2024-10-03T06:42:00+00:00,NOAA20,NIGHT,AUTUMN,0,1,1,1,1080,CLDMSK_L2_VIIRS_NOAA20.A2024277.0642.002.2025236025256.nc
2024-10-03T08:18:00+00:00,NOAA20,NIGHT,AUTUMN,0,1,1,1,1080,CLDMSK_L2_VIIRS_NOAA20.A2024277.0818.002.2025236025304.nc
2024-10-03T18:06:00+00:00,NOAA20,DAY,AUTUMN,,0,0,0,360,CLDMSK_L2_VIIRS_NOAA20.A2024277.1806.002.2025236025626.nc
2024-10-03T07:30:00+00:00,NOAA21,NIGHT,AUTUMN,0,1,1,1,1800,CLDMSK_L2_VIIRS_NOAA21.A2024277.0730.001.2024277221603.nc
2024-10-03T17:18:00+00:00,NOAA21,DAY,AUTUMN,,0,0,0,1080,CLDMSK_L2_VIIRS_NOAA21.A2024277.1718.001.2024278012613.nc
2024-10-03T18:54:00+00:00,NOAA21,DAY,AUTUMN,,0,0,0,360,CLDMSK_L2_VIIRS_NOAA21.A2024277.1854.001.2024278072651.nc
2022-10-21T07:24:00+00:00,SNPP,NIGHT,AUTUMN,0,1,0,1,1440,CLDMSK_L2_VIIRS_SNPP.A2022294.0724.002.2026033115601.nc
2022-10-21T17:12:00+00:00,SNPP,DAY,AUTUMN,,1,1,0,720,CLDMSK_L2_VIIRS_SNPP.A2022294.1712.002.2026033115703.nc
2022-10-21T18:48:00+00:00,SNPP,DAY,AUTUMN,,0,0,1,720,CLDMSK_L2_VIIRS_SNPP.A2022294.1848.002.2026033115711.nc
2022-10-21T06:36:00+00:00,NOAA20,NIGHT,AUTUMN,0,0,0,1,1440,CLDMSK_L2_VIIRS_NOAA20.A2022294.0636.001.2022294190326.nc
2022-10-21T08:18:00+00:00,NOAA20,NIGHT,AUTUMN,0,0,0,1,1080,CLDMSK_L2_VIIRS_NOAA20.A2022294.0818.001.2022294203315.nc
2022-10-21T18:00:00+00:00,NOAA20,DAY,AUTUMN,,0,0,0,0,CLDMSK_L2_VIIRS_NOAA20.A2022294.1800.001.2022295072325.nc
2023-05-22T07:36:00+00:00,SNPP,NIGHT,SPRING,0,1,1,1,1440,CLDMSK_L2_VIIRS_SNPP.A2023142.0736.002.2026033192814.nc
2023-05-22T17:18:00+00:00,SNPP,DAY,SPRING,,1,1,0,1080,CLDMSK_L2_VIIRS_SNPP.A2023142.1718.002.2026033192919.nc
2023-05-22T19:00:00+00:00,SNPP,DAY,SPRING,,1,1,0,0,CLDMSK_L2_VIIRS_SNPP.A2023142.1900.002.2026033192931.nc
2023-05-22T06:42:00+00:00,NOAA20,NIGHT,SPRING,0,1,1,1,1080,CLDMSK_L2_VIIRS_NOAA20.A2023142.0642.001.2023233210107.nc
2023-05-22T08:24:00+00:00,NOAA20,NIGHT,SPRING,0,1,0,1,1440,CLDMSK_L2_VIIRS_NOAA20.A2023142.0824.001.2023233210105.nc
2023-05-22T18:06:00+00:00,NOAA20,DAY,SPRING,,1,1,0,360,CLDMSK_L2_VIIRS_NOAA20.A2023142.1806.001.2023233210148.nc
2023-05-22T07:06:00+00:00,NOAA21,NIGHT,SPRING,0,1,1,1,360,CLDMSK_L2_VIIRS_NOAA21.A2023142.0706.001.2024130185153.nc
2023-05-22T16:48:00+00:00,NOAA21,DAY,SPRING,,1,0,0,720,CLDMSK_L2_VIIRS_NOAA21.A2023142.1648.001.2024130185210.nc
2023-05-22T18:30:00+00:00,NOAA21,DAY,SPRING,,1,1,0,1800,CLDMSK_L2_VIIRS_NOAA21.A2023142.1830.001.2024130185158.nc
2024-04-24T06:54:00+00:00,SNPP,NIGHT,SPRING,1,0,0,0,360,CLDMSK_L2_VIIRS_SNPP.A2024115.0654.002.2026034055614.nc
2024-04-24T08:36:00+00:00,SNPP,NIGHT,SPRING,1,0,0,0,1440,CLDMSK_L2_VIIRS_SNPP.A2024115.0836.002.2026034055631.nc
2024-04-24T07:18:00+00:00,NOAA20,NIGHT,SPRING,1,0,0,0,1080,CLDMSK_L2_VIIRS_NOAA20.A2024115.0718.002.2025235175951.nc
2024-04-24T17:06:00+00:00,NOAA20,DAY,SPRING,,0,0,0,360,CLDMSK_L2_VIIRS_NOAA20.A2024115.1706.002.2025235180352.nc
2024-04-24T18:48:00+00:00,NOAA20,DAY,SPRING,,0,0,0,720,CLDMSK_L2_VIIRS_NOAA20.A2024115.1848.002.2025235180336.nc
2024-04-24T06:30:00+00:00,NOAA21,NIGHT,SPRING,1,0,0,0,1800,CLDMSK_L2_VIIRS_NOAA21.A2024115.0630.001.2024130201334.nc
2024-04-24T08:06:00+00:00,NOAA21,NIGHT,SPRING,1,0,0,0,240,CLDMSK_L2_VIIRS_NOAA21.A2024115.0806.001.2024130201245.nc
2024-04-24T17:54:00+00:00,NOAA21,DAY,SPRING,,0,0,0,360,CLDMSK_L2_VIIRS_NOAA21.A2024115.1754.001.2024130201459.nc
2025-06-02T07:18:00+00:00,SNPP,NIGHT,SUMMER,0,1,1,1,1080,CLDMSK_L2_VIIRS_SNPP.A2025153.0718.002.2026034181848.nc
2025-06-02T17:06:00+00:00,SNPP,DAY,SUMMER,,1,1,1,360,CLDMSK_L2_VIIRS_SNPP.A2025153.1706.002.2026034181945.nc
2025-06-02T18:48:00+00:00,SNPP,DAY,SUMMER,,1,1,0,720,CLDMSK_L2_VIIRS_SNPP.A2025153.1848.002.2026034182009.nc
2025-06-02T06:00:00+00:00,NOAA20,NIGHT,SUMMER,0,0,1,1,0,CLDMSK_L2_VIIRS_NOAA20.A2025153.0600.001.2025153190725.nc
2025-06-02T07:42:00+00:00,NOAA20,NIGHT,SUMMER,0,1,1,1,1080,CLDMSK_L2_VIIRS_NOAA20.A2025153.0742.001.2025153221444.nc
2025-06-02T17:24:00+00:00,NOAA20,DAY,SUMMER,,1,1,1,1440,CLDMSK_L2_VIIRS_NOAA20.A2025153.1724.001.2025154053855.nc
2025-06-02T19:06:00+00:00,NOAA20,DAY,SUMMER,,1,1,0,360,CLDMSK_L2_VIIRS_NOAA20.A2025153.1906.001.2025154073813.nc
2025-06-02T06:54:00+00:00,NOAA21,NIGHT,SUMMER,0,1,1,1,360,CLDMSK_L2_VIIRS_NOAA21.A2025153.0654.001.2025153185837.nc
2025-06-02T18:18:00+00:00,NOAA21,DAY,SUMMER,,1,1,1,1080,CLDMSK_L2_VIIRS_NOAA21.A2025153.1818.001.2025154073003.nc
2022-08-29T07:18:00+00:00,SNPP,NIGHT,SUMMER,0,0,0,1,1080,CLDMSK_L2_VIIRS_SNPP.A2022241.0718.002.2026033101844.nc
2022-08-29T17:06:00+00:00,SNPP,DAY,SUMMER,,0,0,0,360,CLDMSK_L2_VIIRS_SNPP.A2022241.1706.002.2026033101945.nc
2022-08-29T18:42:00+00:00,SNPP,DAY,SUMMER,,0,0,0,60,CLDMSK_L2_VIIRS_SNPP.A2022241.1842.002.2026033101953.nc
2022-08-29T06:30:00+00:00,NOAA20,NIGHT,SUMMER,0,0,0,1,1800,CLDMSK_L2_VIIRS_NOAA20.A2022241.0630.001.2022241191155.nc
2022-08-29T08:06:00+00:00,NOAA20,NIGHT,SUMMER,0,0,0,0,360,CLDMSK_L2_VIIRS_NOAA20.A2022241.0806.001.2022242114915.nc
2022-08-29T17:54:00+00:00,NOAA20,DAY,SUMMER,,0,0,0,360,CLDMSK_L2_VIIRS_NOAA20.A2022241.1754.001.2022242114928.nc
2024-04-11T06:00:00+00:00,SNPP,NIGHT,SPRING,0,0,0,0,0,CLDMSK_L2_VIIRS_SNPP.A2024102.0600.002.2026034053202.nc
2024-04-11T07:36:00+00:00,SNPP,NIGHT,SPRING,0,0,0,0,1440,CLDMSK_L2_VIIRS_SNPP.A2024102.0736.002.2026034053202.nc
2024-04-11T17:24:00+00:00,SNPP,DAY,SPRING,,0,0,0,1200,CLDMSK_L2_VIIRS_SNPP.A2024102.1724.002.2026034053303.nc
2024-04-11T19:06:00+00:00,SNPP,DAY,SPRING,,0,0,0,180,CLDMSK_L2_VIIRS_SNPP.A2024102.1906.002.2026034053323.nc
2024-04-11T06:24:00+00:00,NOAA20,NIGHT,SPRING,0,0,0,0,1440,CLDMSK_L2_VIIRS_NOAA20.A2024102.0624.002.2025235172035.nc
2024-04-11T08:06:00+00:00,NOAA20,NIGHT,SPRING,0,0,0,0,360,CLDMSK_L2_VIIRS_NOAA20.A2024102.0806.002.2025235172131.nc
2024-04-11T17:48:00+00:00,NOAA20,DAY,SPRING,,0,0,0,240,CLDMSK_L2_VIIRS_NOAA20.A2024102.1748.002.2025235172305.nc
2024-04-11T07:12:00+00:00,NOAA21,NIGHT,SPRING,0,0,0,0,720,CLDMSK_L2_VIIRS_NOAA21.A2024102.0712.001.2024130200834.nc
2024-04-11T16:54:00+00:00,NOAA21,DAY,SPRING,,0,0,0,360,CLDMSK_L2_VIIRS_NOAA21.A2024102.1654.001.2024130200934.nc
2024-04-11T18:36:00+00:00,NOAA21,DAY,SPRING,,0,0,0,1440,CLDMSK_L2_VIIRS_NOAA21.A2024102.1836.001.2024130200917.nc
2023-04-24T06:18:00+00:00,SNPP,NIGHT,SPRING,0,0,0,0,0,CLDMSK_L2_VIIRS_SNPP.A2023114.0618.002.2026033183650.nc
2023-04-24T08:00:00+00:00,SNPP,NIGHT,SPRING,0,0,0,0,0,CLDMSK_L2_VIIRS_SNPP.A2023114.0800.002.2026033183650.nc
2023-04-24T17:42:00+00:00,SNPP,DAY,SPRING,,0,0,0,1080,CLDMSK_L2_VIIRS_SNPP.A2023114.1742.002.2026033183802.nc
2023-04-24T19:24:00+00:00,SNPP,DAY,SPRING,,0,0,0,1440,CLDMSK_L2_VIIRS_SNPP.A2023114.1924.002.2026033183802.nc
2023-04-24T07:06:00+00:00,NOAA20,NIGHT,SPRING,0,0,0,0,360,CLDMSK_L2_VIIRS_NOAA20.A2023114.0706.001.2023233204335.nc
2023-04-24T16:54:00+00:00,NOAA20,DAY,SPRING,,0,0,0,360,CLDMSK_L2_VIIRS_NOAA20.A2023114.1654.001.2023233204609.nc
2023-04-24T18:30:00+00:00,NOAA20,DAY,SPRING,,0,0,0,360,CLDMSK_L2_VIIRS_NOAA20.A2023114.1830.001.2023233204457.nc
2023-04-24T07:30:00+00:00,NOAA21,NIGHT,SPRING,0,0,0,0,1800,CLDMSK_L2_VIIRS_NOAA21.A2023114.0730.001.2024130184427.nc
2023-04-24T17:12:00+00:00,NOAA21,DAY,SPRING,,0,0,0,720,CLDMSK_L2_VIIRS_NOAA21.A2023114.1712.001.2024130184634.nc
2023-04-24T18:54:00+00:00,NOAA21,DAY,SPRING,,0,0,0,360,CLDMSK_L2_VIIRS_NOAA21.A2023114.1854.001.2024130184825.nc
2020-03-30T06:18:00+00:00,SNPP,NIGHT,SPRING,0,0,0,0,1080,CLDMSK_L2_VIIRS_SNPP.A2020090.0618.002.2026032062012.nc
2020-03-30T07:54:00+00:00,SNPP,NIGHT,SPRING,0,0,0,0,360,CLDMSK_L2_VIIRS_SNPP.A2020090.0754.002.2026032062030.nc
2020-03-30T17:42:00+00:00,SNPP,DAY,SPRING,,0,0,0,540,CLDMSK_L2_VIIRS_SNPP.A2020090.1742.002.2026032062148.nc
2020-03-30T19:24:00+00:00,SNPP,DAY,SPRING,,0,0,0,1440,CLDMSK_L2_VIIRS_SNPP.A2020090.1924.002.2026032062148.nc
2020-03-30T07:06:00+00:00,NOAA20,NIGHT,SPRING,0,0,0,0,360,CLDMSK_L2_VIIRS_NOAA20.A2020090.0706.001.2020294211923.nc
2020-03-30T16:54:00+00:00,NOAA20,DAY,SPRING,,0,0,0,360,CLDMSK_L2_VIIRS_NOAA20.A2020090.1654.001.2020294211952.nc
2020-03-30T18:30:00+00:00,NOAA20,DAY,SPRING,,0,0,0,1800,CLDMSK_L2_VIIRS_NOAA20.A2020090.1830.001.2020294212032.nc
2020-02-03T07:06:00+00:00,SNPP,NIGHT,WINTER,1,0,0,0,360,CLDMSK_L2_VIIRS_SNPP.A2020034.0706.002.2026032035918.nc
2020-02-03T16:48:00+00:00,SNPP,DAY,WINTER,,0,0,0,720,CLDMSK_L2_VIIRS_SNPP.A2020034.1648.002.2026032040040.nc
2020-02-03T18:30:00+00:00,SNPP,DAY,WINTER,,1,1,0,1800,CLDMSK_L2_VIIRS_SNPP.A2020034.1830.002.2026032040033.nc
2020-02-03T06:18:00+00:00,NOAA20,NIGHT,WINTER,1,0,0,0,1080,CLDMSK_L2_VIIRS_NOAA20.A2020034.0618.001.2020294223816.nc
2020-02-03T07:54:00+00:00,NOAA20,NIGHT,WINTER,0,0,0,0,360,CLDMSK_L2_VIIRS_NOAA20.A2020034.0754.001.2020294223910.nc
2020-02-03T17:42:00+00:00,NOAA20,DAY,WINTER,,0,0,0,1080,CLDMSK_L2_VIIRS_NOAA20.A2020034.1742.001.2020294223911.nc
2020-02-03T19:24:00+00:00,NOAA20,DAY,WINTER,,1,0,0,1440,CLDMSK_L2_VIIRS_NOAA20.A2020034.1924.001.2020294223919.nc
2020-07-19T06:36:00+00:00,SNPP,NIGHT,SUMMER,0,0,0,1,1440,CLDMSK_L2_VIIRS_SNPP.A2020201.0636.002.2026032102547.nc
2020-07-19T08:12:00+00:00,SNPP,NIGHT,SUMMER,0,1,0,1,720,CLDMSK_L2_VIIRS_SNPP.A2020201.0812.002.2026032102557.nc
2020-07-19T08:18:00+00:00,SNPP,NIGHT,SUMMER,0,1,1,1,1080,CLDMSK_L2_VIIRS_SNPP.A2020201.0818.002.2026032102549.nc
2020-07-19T18:00:00+00:00,SNPP,DAY,SUMMER,,0,0,0,0,CLDMSK_L2_VIIRS_SNPP.A2020201.1800.002.2026032102710.nc
2020-07-19T07:24:00+00:00,NOAA20,NIGHT,SUMMER,0,1,1,1,1440,CLDMSK_L2_VIIRS_NOAA20.A2020201.0724.001.2020294151607.nc
2020-07-19T17:12:00+00:00,NOAA20,DAY,SUMMER,,0,0,0,420,CLDMSK_L2_VIIRS_NOAA20.A2020201.1712.001.2020294151659.nc
2020-07-19T18:48:00+00:00,NOAA20,DAY,SUMMER,,0,0,0,420,CLDMSK_L2_VIIRS_NOAA20.A2020201.1848.001.2020294151709.nc
2025-07-27T06:48:00+00:00,SNPP,NIGHT,SUMMER,0,0,0,0,720,CLDMSK_L2_VIIRS_SNPP.A2025208.0648.002.2026034195924.nc
2025-07-27T08:30:00+00:00,SNPP,NIGHT,SUMMER,0,0,0,0,1800,CLDMSK_L2_VIIRS_SNPP.A2025208.0830.002.2026034195932.nc
2025-07-27T18:12:00+00:00,SNPP,DAY,SUMMER,,0,1,0,720,CLDMSK_L2_VIIRS_SNPP.A2025208.1812.002.2026034200039.nc
2025-07-27T07:12:00+00:00,NOAA20,NIGHT,SUMMER,0,0,0,0,720,CLDMSK_L2_VIIRS_NOAA20.A2025208.0712.001.2025208193823.nc
2025-07-27T16:54:00+00:00,NOAA20,DAY,SUMMER,,0,0,1,360,CLDMSK_L2_VIIRS_NOAA20.A2025208.1654.001.2025209051837.nc
2025-07-27T18:36:00+00:00,NOAA20,DAY,SUMMER,,1,0,1,1440,CLDMSK_L2_VIIRS_NOAA20.A2025208.1836.001.2025209072905.nc
2025-07-27T06:24:00+00:00,NOAA21,NIGHT,SUMMER,0,0,0,0,1440,CLDMSK_L2_VIIRS_NOAA21.A2025208.0624.001.2025208185912.nc
2025-07-27T08:06:00+00:00,NOAA21,NIGHT,SUMMER,0,0,0,0,360,CLDMSK_L2_VIIRS_NOAA21.A2025208.0806.001.2025208185923.nc
2025-07-27T17:48:00+00:00,NOAA21,DAY,SUMMER,,0,0,0,720,CLDMSK_L2_VIIRS_NOAA21.A2025208.1748.001.2025209013036.nc
2023-03-18T06:12:00+00:00,SNPP,NIGHT,SPRING,0,0,0,0,720,CLDMSK_L2_VIIRS_SNPP.A2023077.0612.002.2026033170747.nc
2023-03-18T07:54:00+00:00,SNPP,NIGHT,SPRING,0,0,0,0,360,CLDMSK_L2_VIIRS_SNPP.A2023077.0754.002.2026033170711.nc
2023-03-18T17:36:00+00:00,SNPP,DAY,SPRING,,0,0,0,720,CLDMSK_L2_VIIRS_SNPP.A2023077.1736.002.2026033171001.nc
2023-03-18T19:18:00+00:00,SNPP,DAY,SPRING,,0,0,0,1080,CLDMSK_L2_VIIRS_SNPP.A2023077.1918.002.2026033171253.nc
2023-03-18T07:00:00+00:00,NOAA20,NIGHT,SPRING,0,0,0,0,0,CLDMSK_L2_VIIRS_NOAA20.A2023077.0700.001.2023233202553.nc
2023-03-18T18:24:00+00:00,NOAA20,DAY,SPRING,,0,0,0,1440,CLDMSK_L2_VIIRS_NOAA20.A2023077.1824.001.2023233202642.nc
2023-03-18T07:24:00+00:00,NOAA21,NIGHT,SPRING,0,0,0,0,1440,CLDMSK_L2_VIIRS_NOAA21.A2023077.0724.001.2024130183615.nc
2023-03-18T17:12:00+00:00,NOAA21,DAY,SPRING,,0,0,0,180,CLDMSK_L2_VIIRS_NOAA21.A2023077.1712.001.2024130183703.nc
2023-03-18T18:48:00+00:00,NOAA21,DAY,SPRING,,0,0,0,720,CLDMSK_L2_VIIRS_NOAA21.A2023077.1848.001.2024130183634.nc
2023-12-14T06:30:00+00:00,SNPP,NIGHT,WINTER,0,0,0,0,1800,CLDMSK_L2_VIIRS_SNPP.A2023348.0630.002.2026034015416.nc
2023-12-14T08:12:00+00:00,SNPP,NIGHT,WINTER,0,0,0,0,720,CLDMSK_L2_VIIRS_SNPP.A2023348.0812.002.2026034015420.nc
2023-12-14T17:54:00+00:00,SNPP,DAY,WINTER,,0,0,0,360,CLDMSK_L2_VIIRS_SNPP.A2023348.1754.002.2026034015519.nc
2023-12-14T07:18:00+00:00,NOAA20,NIGHT,WINTER,0,0,0,0,1080,CLDMSK_L2_VIIRS_NOAA20.A2023348.0718.002.2025235113919.nc
2023-12-14T17:06:00+00:00,NOAA20,DAY,WINTER,,0,0,0,360,CLDMSK_L2_VIIRS_NOAA20.A2023348.1706.002.2025235114143.nc
2023-12-14T18:42:00+00:00,NOAA20,DAY,WINTER,,0,0,0,1080,CLDMSK_L2_VIIRS_NOAA20.A2023348.1842.002.2025235114533.nc
2023-12-14T06:00:00+00:00,NOAA21,NIGHT,WINTER,0,0,0,0,0,CLDMSK_L2_VIIRS_NOAA21.A2023348.0600.001.2024130193836.nc
2023-12-14T07:42:00+00:00,NOAA21,NIGHT,WINTER,0,0,0,0,1080,CLDMSK_L2_VIIRS_NOAA21.A2023348.0742.001.2024130193845.nc
2023-12-14T17:30:00+00:00,NOAA21,DAY,WINTER,,0,0,0,1800,CLDMSK_L2_VIIRS_NOAA21.A2023348.1730.001.2024130193905.nc
2023-12-14T19:06:00+00:00,NOAA21,DAY,WINTER,,0,0,0,360,CLDMSK_L2_VIIRS_NOAA21.A2023348.1906.001.2024130193901.nc
2022-06-16T07:06:00+00:00,SNPP,NIGHT,SUMMER,1,0,0,1,360,CLDMSK_L2_VIIRS_SNPP.A2022167.0706.002.2026033083033.nc
2022-06-16T16:48:00+00:00,SNPP,DAY,SUMMER,,0,0,0,720,CLDMSK_L2_VIIRS_SNPP.A2022167.1648.002.2026033083144.nc
2022-06-16T18:30:00+00:00,SNPP,DAY,SUMMER,,1,1,0,1800,CLDMSK_L2_VIIRS_SNPP.A2022167.1830.002.2026033083216.nc
2022-06-16T06:18:00+00:00,NOAA20,NIGHT,SUMMER,1,1,0,1,1080,CLDMSK_L2_VIIRS_NOAA20.A2022167.0618.001.2022167200114.nc
2022-06-16T08:00:00+00:00,NOAA20,NIGHT,SUMMER,1,1,1,1,0,CLDMSK_L2_VIIRS_NOAA20.A2022167.0800.001.2022167201834.nc
2022-06-16T17:42:00+00:00,NOAA20,DAY,SUMMER,,0,0,0,1080,CLDMSK_L2_VIIRS_NOAA20.A2022167.1742.001.2022168055439.nc
2022-06-16T19:24:00+00:00,NOAA20,DAY,SUMMER,,0,0,0,1440,CLDMSK_L2_VIIRS_NOAA20.A2022167.1924.001.2022168074858.nc
2022-10-23T06:48:00+00:00,SNPP,NIGHT,AUTUMN,0,1,1,1,720,CLDMSK_L2_VIIRS_SNPP.A2022296.0648.002.2026033115932.nc
2022-10-23T08:30:00+00:00,SNPP,NIGHT,AUTUMN,0,1,1,1,1800,CLDMSK_L2_VIIRS_SNPP.A2022296.0830.002.2026033115946.nc
2022-10-23T18:12:00+00:00,SNPP,DAY,AUTUMN,,0,0,1,720,CLDMSK_L2_VIIRS_SNPP.A2022296.1812.002.2026033120039.nc
2022-10-23T07:36:00+00:00,NOAA20,NIGHT,AUTUMN,0,1,1,1,1440,CLDMSK_L2_VIIRS_NOAA20.A2022296.0736.001.2022296195407.nc
2022-10-23T17:24:00+00:00,NOAA20,DAY,AUTUMN,,1,1,1,1440,CLDMSK_L2_VIIRS_NOAA20.A2022296.1724.001.2022297054429.nc
2022-10-23T19:00:00+00:00,NOAA20,DAY,AUTUMN,,1,1,1,0,CLDMSK_L2_VIIRS_NOAA20.A2022296.1900.001.2022297073431.nc
2021-07-14T07:24:00+00:00,SNPP,NIGHT,SUMMER,0,0,0,0,1440,CLDMSK_L2_VIIRS_SNPP.A2021195.0724.002.2026032221600.nc
2021-07-14T17:12:00+00:00,SNPP,DAY,SUMMER,,0,0,0,720,CLDMSK_L2_VIIRS_SNPP.A2021195.1712.002.2026032221654.nc
2021-07-14T18:48:00+00:00,SNPP,DAY,SUMMER,,0,0,0,720,CLDMSK_L2_VIIRS_SNPP.A2021195.1848.002.2026032221711.nc
2021-07-14T06:36:00+00:00,NOAA20,NIGHT,SUMMER,0,0,0,0,1440,CLDMSK_L2_VIIRS_NOAA20.A2021195.0636.001.2021195192012.nc
2021-07-14T08:18:00+00:00,NOAA20,NIGHT,SUMMER,0,0,0,0,1080,CLDMSK_L2_VIIRS_NOAA20.A2021195.0818.001.2021195192030.nc
2021-07-14T18:00:00+00:00,NOAA20,DAY,SUMMER,,0,0,0,0,CLDMSK_L2_VIIRS_NOAA20.A2021195.1800.001.2021196073625.nc
2020-06-10T07:06:00+00:00,SNPP,NIGHT,SUMMER,1,0,0,0,360,CLDMSK_L2_VIIRS_SNPP.A2020162.0706.002.2026032091411.nc
2020-06-10T16:48:00+00:00,SNPP,DAY,SUMMER,,0,0,1,720,CLDMSK_L2_VIIRS_SNPP.A2020162.1648.002.2026032091512.nc
2020-06-10T18:30:00+00:00,SNPP,DAY,SUMMER,,0,0,0,1800,CLDMSK_L2_VIIRS_SNPP.A2020162.1830.002.2026032091524.nc
2020-06-10T06:18:00+00:00,NOAA20,NIGHT,SUMMER,1,0,0,0,1080,CLDMSK_L2_VIIRS_NOAA20.A2020162.0618.001.2020294161834.nc
2020-06-10T07:54:00+00:00,NOAA20,NIGHT,SUMMER,1,0,0,0,360,CLDMSK_L2_VIIRS_NOAA20.A2020162.0754.001.2020294161845.nc
2020-06-10T17:42:00+00:00,NOAA20,DAY,SUMMER,,1,1,0,1080,CLDMSK_L2_VIIRS_NOAA20.A2020162.1742.001.2020294161920.nc
2020-06-10T19:24:00+00:00,NOAA20,DAY,SUMMER,,0,0,0,1440,CLDMSK_L2_VIIRS_NOAA20.A2020162.1924.001.2020294162004.nc
2023-06-19T07:06:00+00:00,SNPP,NIGHT,SUMMER,0,1,1,1,360,CLDMSK_L2_VIIRS_SNPP.A2023170.0706.002.2026033202032.nc
2023-06-19T16:54:00+00:00,SNPP,DAY,SUMMER,,1,0,1,360,CLDMSK_L2_VIIRS_SNPP.A2023170.1654.002.2026033202115.nc
2023-06-19T18:30:00+00:00,SNPP,DAY,SUMMER,,1,0,1,1800,CLDMSK_L2_VIIRS_SNPP.A2023170.1830.002.2026033202129.nc
2023-06-19T06:18:00+00:00,NOAA20,NIGHT,SUMMER,0,0,0,1,1080,CLDMSK_L2_VIIRS_NOAA20.A2023170.0618.001.2023233211519.nc
2023-06-19T08:00:00+00:00,NOAA20,NIGHT,SUMMER,0,1,0,1,0,CLDMSK_L2_VIIRS_NOAA20.A2023170.0800.001.2023233211519.nc
2023-06-19T17:42:00+00:00,NOAA20,DAY,SUMMER,,1,1,1,1080,CLDMSK_L2_VIIRS_NOAA20.A2023170.1742.001.2023233211625.nc
2023-06-19T19:24:00+00:00,NOAA20,DAY,SUMMER,,0,0,0,1440,CLDMSK_L2_VIIRS_NOAA20.A2023170.1924.001.2023233211627.nc
2023-06-19T06:42:00+00:00,NOAA21,NIGHT,SUMMER,0,0,0,1,1080,CLDMSK_L2_VIIRS_NOAA21.A2023170.0642.001.2024130185802.nc
2023-06-19T18:06:00+00:00,NOAA21,DAY,SUMMER,,1,1,1,360,CLDMSK_L2_VIIRS_NOAA21.A2023170.1806.001.2024130185853.nc
2024-12-10T06:42:00+00:00,SNPP,NIGHT,WINTER,1,0,0,0,1080,CLDMSK_L2_VIIRS_SNPP.A2024345.0642.002.2026034125651.nc
2024-12-10T08:24:00+00:00,SNPP,NIGHT,WINTER,0,0,0,0,240,CLDMSK_L2_VIIRS_SNPP.A2024345.0824.002.2026034125703.nc
2024-12-10T18:06:00+00:00,SNPP,DAY,WINTER,,0,0,0,360,CLDMSK_L2_VIIRS_SNPP.A2024345.1806.002.2026034125818.nc
2024-12-10T07:06:00+00:00,NOAA20,NIGHT,WINTER,0,0,0,0,360,CLDMSK_L2_VIIRS_NOAA20.A2024345.0706.002.2025236053910.nc
2024-12-10T16:48:00+00:00,NOAA20,DAY,WINTER,,0,0,0,240,CLDMSK_L2_VIIRS_NOAA20.A2024345.1648.002.2025236054146.nc
2024-12-10T18:30:00+00:00,NOAA20,DAY,WINTER,,0,0,0,840,CLDMSK_L2_VIIRS_NOAA20.A2024345.1830.002.2025236054109.nc
2024-12-10T06:18:00+00:00,NOAA21,NIGHT,WINTER,1,0,0,0,1080,CLDMSK_L2_VIIRS_NOAA21.A2024345.0618.001.2024345191716.nc
2024-12-10T08:00:00+00:00,NOAA21,NIGHT,WINTER,0,0,0,0,0,CLDMSK_L2_VIIRS_NOAA21.A2024345.0800.001.2024345191719.nc
2024-12-10T17:42:00+00:00,NOAA21,DAY,WINTER,,0,0,0,0,CLDMSK_L2_VIIRS_NOAA21.A2024345.1742.001.2024346011756.nc
2024-12-10T19:24:00+00:00,NOAA21,DAY,WINTER,,0,0,0,1440,CLDMSK_L2_VIIRS_NOAA21.A2024345.1924.001.2024346073811.nc
2020-05-16T06:36:00+00:00,SNPP,NIGHT,SPRING,0,1,1,1,1440,CLDMSK_L2_VIIRS_SNPP.A2020137.0636.002.2026032081623.nc
2020-05-16T08:12:00+00:00,SNPP,NIGHT,SPRING,1,0,0,0,600,CLDMSK_L2_VIIRS_SNPP.A2020137.0812.002.2026032081645.nc
2020-05-16T18:00:00+00:00,SNPP,DAY,SPRING,,0,0,0,0,CLDMSK_L2_VIIRS_SNPP.A2020137.1800.002.2026032081802.nc
2020-05-16T07:24:00+00:00,NOAA20,NIGHT,SPRING,0,1,1,0,0,CLDMSK_L2_VIIRS_NOAA20.A2020137.0724.001.2020294200728.nc
2020-05-16T17:12:00+00:00,NOAA20,DAY,SPRING,,0,0,0,720,CLDMSK_L2_VIIRS_NOAA20.A2020137.1712.001.2020294200800.nc
2020-05-16T18:48:00+00:00,NOAA20,DAY,SPRING,,0,0,0,720,CLDMSK_L2_VIIRS_NOAA20.A2020137.1848.001.2020294200803.nc
2021-06-22T05:54:00+00:00,SNPP,NIGHT,SUMMER,1,0,0,0,360,CLDMSK_L2_VIIRS_SNPP.A2021173.0554.002.2026032213539.nc
2021-06-22T07:36:00+00:00,SNPP,NIGHT,SUMMER,1,0,0,0,1440,CLDMSK_L2_VIIRS_SNPP.A2021173.0736.002.2026032213535.nc
2021-06-22T17:24:00+00:00,SNPP,DAY,SUMMER,,0,0,0,1440,CLDMSK_L2_VIIRS_SNPP.A2021173.1724.002.2026032213642.nc
2021-06-22T19:00:00+00:00,SNPP,DAY,SUMMER,,0,0,0,0,CLDMSK_L2_VIIRS_SNPP.A2021173.1900.002.2026032213647.nc
2021-06-22T06:48:00+00:00,NOAA20,NIGHT,SUMMER,1,0,0,0,720,CLDMSK_L2_VIIRS_NOAA20.A2021173.0648.001.2021173192941.nc
2021-06-22T18:12:00+00:00,NOAA20,DAY,SUMMER,,0,0,0,720,CLDMSK_L2_VIIRS_NOAA20.A2021173.1812.001.2021174073201.nc
2021-01-04T07:06:00+00:00,SNPP,NIGHT,WINTER,1,0,0,0,360,CLDMSK_L2_VIIRS_SNPP.A2021004.0706.002.2026032153922.nc
2021-01-04T16:48:00+00:00,SNPP,DAY,WINTER,,0,0,0,720,CLDMSK_L2_VIIRS_SNPP.A2021004.1648.002.2026032154007.nc
2021-01-04T18:30:00+00:00,SNPP,DAY,WINTER,,0,0,0,1800,CLDMSK_L2_VIIRS_SNPP.A2021004.1830.002.2026032154040.nc
2021-01-04T06:18:00+00:00,NOAA20,NIGHT,WINTER,1,1,0,0,1080,CLDMSK_L2_VIIRS_NOAA20.A2021004.0618.001.2021004185951.nc
2021-01-04T07:54:00+00:00,NOAA20,NIGHT,WINTER,1,1,0,0,360,CLDMSK_L2_VIIRS_NOAA20.A2021004.0754.001.2021004213450.nc
2021-01-04T17:42:00+00:00,NOAA20,DAY,WINTER,,0,0,0,1080,CLDMSK_L2_VIIRS_NOAA20.A2021004.1742.001.2021005011213.nc
2021-01-04T19:24:00+00:00,NOAA20,DAY,WINTER,,0,0,0,1440,CLDMSK_L2_VIIRS_NOAA20.A2021004.1924.001.2021005070503.nc
2023-04-23T06:36:00+00:00,SNPP,NIGHT,SPRING,0,0,0,0,1440,CLDMSK_L2_VIIRS_SNPP.A2023113.0636.002.2026033183458.nc
2023-04-23T08:18:00+00:00,SNPP,NIGHT,SPRING,0,0,0,0,1080,CLDMSK_L2_VIIRS_SNPP.A2023113.0818.002.2026033183503.nc
2023-04-23T18:00:00+00:00,SNPP,DAY,SPRING,,0,0,0,0,CLDMSK_L2_VIIRS_SNPP.A2023113.1800.002.2026033183605.nc
2023-04-23T07:24:00+00:00,NOAA20,NIGHT,SPRING,0,0,0,0,1440,CLDMSK_L2_VIIRS_NOAA20.A2023113.0724.001.2023233204358.nc
2023-04-23T17:12:00+00:00,NOAA20,DAY,SPRING,,0,0,0,720,CLDMSK_L2_VIIRS_NOAA20.A2023113.1712.001.2023233204320.nc
2023-04-23T18:48:00+00:00,NOAA20,DAY,SPRING,,0,0,0,720,CLDMSK_L2_VIIRS_NOAA20.A2023113.1848.001.2023233204321.nc
2023-04-23T06:06:00+00:00,NOAA21,NIGHT,SPRING,0,0,0,0,360,CLDMSK_L2_VIIRS_NOAA21.A2023113.0606.001.2024130184446.nc
2023-04-23T07:48:00+00:00,NOAA21,NIGHT,SPRING,0,0,0,0,720,CLDMSK_L2_VIIRS_NOAA21.A2023113.0748.001.2024130184435.nc
2023-04-23T17:36:00+00:00,NOAA21,DAY,SPRING,,0,0,0,1440,CLDMSK_L2_VIIRS_NOAA21.A2023113.1736.001.2024130184514.nc
2023-04-23T19:12:00+00:00,NOAA21,DAY,SPRING,,0,0,0,720,CLDMSK_L2_VIIRS_NOAA21.A2023113.1912.001.2024130184439.nc
2021-12-20T06:06:00+00:00,SNPP,NIGHT,WINTER,1,0,0,1,360,CLDMSK_L2_VIIRS_SNPP.A2021354.0606.002.2026033030558.nc
2021-12-20T07:48:00+00:00,SNPP,NIGHT,WINTER,1,0,0,0,720,CLDMSK_L2_VIIRS_SNPP.A2021354.0748.002.2026033030607.nc
2021-12-20T17:30:00+00:00,SNPP,DAY,WINTER,,0,0,0,1800,CLDMSK_L2_VIIRS_SNPP.A2021354.1730.002.2026033030735.nc
2021-12-20T19:12:00+00:00,SNPP,DAY,WINTER,,1,1,0,720,CLDMSK_L2_VIIRS_SNPP.A2021354.1912.002.2026033030732.nc
2021-12-20T06:54:00+00:00,NOAA20,NIGHT,WINTER,1,0,0,0,360,CLDMSK_L2_VIIRS_NOAA20.A2021354.0654.001.2021354193444.nc
2021-12-20T08:36:00+00:00,NOAA20,NIGHT,WINTER,1,0,0,0,1440,CLDMSK_L2_VIIRS_NOAA20.A2021354.0836.001.2021354193446.nc
2021-12-20T18:18:00+00:00,NOAA20,DAY,WINTER,,1,1,0,1080,CLDMSK_L2_VIIRS_NOAA20.A2021354.1818.001.2021355081311.nc
2022-04-02T07:12:00+00:00,SNPP,NIGHT,SPRING,0,1,1,1,720,CLDMSK_L2_VIIRS_SNPP.A2022092.0712.002.2026033061354.nc
2022-04-02T17:00:00+00:00,SNPP,DAY,SPRING,,0,0,0,0,CLDMSK_L2_VIIRS_SNPP.A2022092.1700.002.2026033061456.nc
2022-04-02T18:36:00+00:00,SNPP,DAY,SPRING,,0,0,0,1440,CLDMSK_L2_VIIRS_SNPP.A2022092.1836.002.2026033061450.nc
2022-04-02T06:24:00+00:00,NOAA20,NIGHT,SPRING,0,1,1,1,1440,CLDMSK_L2_VIIRS_NOAA20.A2022092.0624.001.2022093023834.nc
2022-04-02T08:06:00+00:00,NOAA20,NIGHT,SPRING,0,1,1,1,360,CLDMSK_L2_VIIRS_NOAA20.A2022092.0806.001.2022093023814.nc
2022-04-02T17:48:00+00:00,NOAA20,DAY,SPRING,,0,0,0,720,CLDMSK_L2_VIIRS_NOAA20.A2022092.1748.001.2022093030323.nc
2024-02-07T06:00:00+00:00,SNPP,NIGHT,WINTER,0,0,0,0,0,CLDMSK_L2_VIIRS_SNPP.A2024038.0600.002.2026034033423.nc
2024-02-07T07:36:00+00:00,SNPP,NIGHT,WINTER,0,0,0,0,1440,CLDMSK_L2_VIIRS_SNPP.A2024038.0736.002.2026034033435.nc
2024-02-07T17:24:00+00:00,SNPP,DAY,WINTER,,0,0,0,1440,CLDMSK_L2_VIIRS_SNPP.A2024038.1724.002.2026034033536.nc
2024-02-07T19:06:00+00:00,SNPP,DAY,WINTER,,0,0,0,360,CLDMSK_L2_VIIRS_SNPP.A2024038.1906.002.2026034033554.nc
2024-02-07T06:48:00+00:00,NOAA20,NIGHT,WINTER,0,0,0,0,720,CLDMSK_L2_VIIRS_NOAA20.A2024038.0648.002.2025235140819.nc
2024-02-07T08:30:00+00:00,NOAA20,NIGHT,WINTER,0,0,0,0,1800,CLDMSK_L2_VIIRS_NOAA20.A2024038.0830.002.2025235140831.nc
2024-02-07T18:12:00+00:00,NOAA20,DAY,WINTER,,0,0,0,720,CLDMSK_L2_VIIRS_NOAA20.A2024038.1812.002.2025235140923.nc
2024-02-07T07:12:00+00:00,NOAA21,NIGHT,WINTER,0,0,0,0,720,CLDMSK_L2_VIIRS_NOAA21.A2024038.0712.001.2024130195238.nc
2024-02-07T16:54:00+00:00,NOAA21,DAY,WINTER,,0,0,0,360,CLDMSK_L2_VIIRS_NOAA21.A2024038.1654.001.2024130195258.nc
2024-02-07T18:36:00+00:00,NOAA21,DAY,WINTER,,0,0,0,1440,CLDMSK_L2_VIIRS_NOAA21.A2024038.1836.001.2024130195315.nc
2025-08-17T06:54:00+00:00,SNPP,NIGHT,SUMMER,1,0,0,0,360,CLDMSK_L2_VIIRS_SNPP.A2025229.0654.002.2026034203727.nc
2025-08-17T08:36:00+00:00,SNPP,NIGHT,SUMMER,1,0,0,0,0,CLDMSK_L2_VIIRS_SNPP.A2025229.0836.002.2026034203734.nc
2025-08-17T18:18:00+00:00,SNPP,DAY,SUMMER,,0,0,0,1080,CLDMSK_L2_VIIRS_SNPP.A2025229.1818.002.2026034203833.nc
2025-08-17T07:18:00+00:00,NOAA20,NIGHT,SUMMER,1,0,0,0,1020,CLDMSK_L2_VIIRS_NOAA20.A2025229.0718.001.2025229194115.nc
2025-08-17T17:00:00+00:00,NOAA20,DAY,SUMMER,,0,0,0,0,CLDMSK_L2_VIIRS_NOAA20.A2025229.1700.001.2025230051144.nc
2025-08-17T17:06:00+00:00,NOAA20,DAY,SUMMER,,0,0,0,360,CLDMSK_L2_VIIRS_NOAA20.A2025229.1706.001.2025230053155.nc
2025-08-17T18:42:00+00:00,NOAA20,DAY,SUMMER,,0,0,0,1080,CLDMSK_L2_VIIRS_NOAA20.A2025229.1842.001.2025230072149.nc
2025-08-17T06:30:00+00:00,NOAA21,NIGHT,SUMMER,1,0,0,0,1800,CLDMSK_L2_VIIRS_NOAA21.A2025229.0630.001.2025229192243.nc
2025-08-17T08:12:00+00:00,NOAA21,NIGHT,SUMMER,1,0,0,0,420,CLDMSK_L2_VIIRS_NOAA21.A2025229.0812.001.2025229192254.nc
2025-08-17T17:54:00+00:00,NOAA21,DAY,SUMMER,,0,0,0,360,CLDMSK_L2_VIIRS_NOAA21.A2025229.1754.001.2025230012337.nc
2023-01-21T07:00:00+00:00,SNPP,NIGHT,WINTER,0,1,1,0,0,CLDMSK_L2_VIIRS_SNPP.A2023021.0700.002.2026033144646.nc
2023-01-21T18:24:00+00:00,SNPP,DAY,WINTER,,0,0,0,1440,CLDMSK_L2_VIIRS_SNPP.A2023021.1824.002.2026033144815.nc
2023-01-21T06:12:00+00:00,NOAA20,NIGHT,WINTER,0,1,0,0,720,CLDMSK_L2_VIIRS_NOAA20.A2023021.0612.001.2023233195707.nc
2023-01-21T07:48:00+00:00,NOAA20,NIGHT,WINTER,0,0,0,0,720,CLDMSK_L2_VIIRS_NOAA20.A2023021.0748.001.2023233195655.nc
2023-01-21T17:36:00+00:00,NOAA20,DAY,WINTER,,0,0,0,1440,CLDMSK_L2_VIIRS_NOAA20.A2023021.1736.001.2023233195658.nc
2023-01-21T19:18:00+00:00,NOAA20,DAY,WINTER,,0,0,0,1080,CLDMSK_L2_VIIRS_NOAA20.A2023021.1918.001.2023233195707.nc
2021-11-04T07:06:00+00:00,SNPP,NIGHT,AUTUMN,0,0,0,0,360,CLDMSK_L2_VIIRS_SNPP.A2021308.0706.002.2026033014117.nc
2021-11-04T16:54:00+00:00,SNPP,DAY,AUTUMN,,0,0,0,360,CLDMSK_L2_VIIRS_SNPP.A2021308.1654.002.2026033014227.nc
2021-11-04T18:30:00+00:00,SNPP,DAY,AUTUMN,,0,0,0,1800,CLDMSK_L2_VIIRS_SNPP.A2021308.1830.002.2026033014224.nc
2021-11-04T06:18:00+00:00,NOAA20,NIGHT,AUTUMN,0,0,0,0,1080,CLDMSK_L2_VIIRS_NOAA20.A2021308.0618.001.2021308194407.nc
2021-11-04T07:54:00+00:00,NOAA20,NIGHT,AUTUMN,0,0,0,0,360,CLDMSK_L2_VIIRS_NOAA20.A2021308.0754.001.2021308194352.nc
2021-11-04T17:42:00+00:00,NOAA20,DAY,AUTUMN,,0,0,0,1080,CLDMSK_L2_VIIRS_NOAA20.A2021308.1742.001.2021309014104.nc
2021-11-04T19:24:00+00:00,NOAA20,DAY,AUTUMN,,0,0,0,1440,CLDMSK_L2_VIIRS_NOAA20.A2021308.1924.001.2021309072747.nc
2022-11-18T07:00:00+00:00,SNPP,NIGHT,AUTUMN,1,0,0,1,0,CLDMSK_L2_VIIRS_SNPP.A2022322.0700.002.2026033124817.nc
2022-11-18T18:24:00+00:00,SNPP,DAY,AUTUMN,,0,0,0,1440,CLDMSK_L2_VIIRS_SNPP.A2022322.1824.002.2026033124933.nc
2022-11-18T06:12:00+00:00,NOAA20,NIGHT,AUTUMN,1,0,0,1,720,CLDMSK_L2_VIIRS_NOAA20.A2022322.0612.001.2022322190407.nc
2022-11-18T07:48:00+00:00,NOAA20,NIGHT,AUTUMN,1,0,0,1,720,CLDMSK_L2_VIIRS_NOAA20.A2022322.0748.001.2022322200405.nc
2022-11-18T17:36:00+00:00,NOAA20,DAY,AUTUMN,,0,0,0,1440,CLDMSK_L2_VIIRS_NOAA20.A2022322.1736.001.2022323055414.nc
2022-11-18T19:12:00+00:00,NOAA20,DAY,AUTUMN,,0,0,0,720,CLDMSK_L2_VIIRS_NOAA20.A2022322.1912.001.2022323073418.nc
2025-05-27T07:36:00+00:00,SNPP,NIGHT,SPRING,0,0,0,1,1440,CLDMSK_L2_VIIRS_SNPP.A2025147.0736.002.2026034180801.nc
2025-05-27T17:18:00+00:00,SNPP,DAY,SPRING,,0,0,0,1080,CLDMSK_L2_VIIRS_SNPP.A2025147.1718.002.2026034180853.nc
2025-05-27T19:00:00+00:00,SNPP,DAY,SPRING,,0,0,0,0,CLDMSK_L2_VIIRS_SNPP.A2025147.1900.002.2026034180918.nc
2025-05-27T06:12:00+00:00,NOAA20,NIGHT,SPRING,0,1,1,1,720,CLDMSK_L2_VIIRS_NOAA20.A2025147.0612.001.2025147190214.nc
2025-05-27T07:54:00+00:00,NOAA20,NIGHT,SPRING,0,0,0,1,360,CLDMSK_L2_VIIRS_NOAA20.A2025147.0754.001.2025147201208.nc
2025-05-27T17:42:00+00:00,NOAA20,DAY,SPRING,,0,0,0,1080,CLDMSK_L2_VIIRS_NOAA20.A2025147.1742.001.2025148060238.nc
2025-05-27T19:18:00+00:00,NOAA20,DAY,SPRING,,0,0,0,1080,CLDMSK_L2_VIIRS_NOAA20.A2025147.1918.001.2025148073245.nc
2025-05-27T07:06:00+00:00,NOAA21,NIGHT,SPRING,0,1,1,1,360,CLDMSK_L2_VIIRS_NOAA21.A2025147.0706.001.2025147190312.nc
2025-05-27T16:54:00+00:00,NOAA21,DAY,SPRING,,0,0,0,360,CLDMSK_L2_VIIRS_NOAA21.A2025147.1654.001.2025148013408.nc
2025-05-27T18:30:00+00:00,NOAA21,DAY,SPRING,,0,0,0,1800,CLDMSK_L2_VIIRS_NOAA21.A2025147.1830.001.2025148073427.nc
2023-10-19T07:18:00+00:00,SNPP,NIGHT,AUTUMN,0,0,0,0,1080,CLDMSK_L2_VIIRS_SNPP.A2023292.0718.002.2026034001129.nc
2023-10-19T17:06:00+00:00,SNPP,DAY,AUTUMN,,0,0,0,360,CLDMSK_L2_VIIRS_SNPP.A2023292.1706.002.2026034001231.nc
2023-10-19T18:42:00+00:00,SNPP,DAY,AUTUMN,,0,0,0,1080,CLDMSK_L2_VIIRS_SNPP.A2023292.1842.002.2026034001236.nc
2023-10-19T06:30:00+00:00,NOAA20,NIGHT,AUTUMN,0,0,0,0,1800,CLDMSK_L2_VIIRS_NOAA20.A2023292.0630.002.2025235084540.nc
2023-10-19T08:12:00+00:00,NOAA20,NIGHT,AUTUMN,0,0,0,0,720,CLDMSK_L2_VIIRS_NOAA20.A2023292.0812.002.2025235084527.nc
2023-10-19T17:54:00+00:00,NOAA20,DAY,AUTUMN,,0,0,0,360,CLDMSK_L2_VIIRS_NOAA20.A2023292.1754.002.2025235084647.nc
2023-10-19T06:54:00+00:00,NOAA21,NIGHT,AUTUMN,0,0,0,0,360,CLDMSK_L2_VIIRS_NOAA21.A2023292.0654.001.2024130192532.nc
2023-10-19T18:18:00+00:00,NOAA21,DAY,AUTUMN,,0,0,0,1080,CLDMSK_L2_VIIRS_NOAA21.A2023292.1818.001.2024130192607.nc
2021-04-16T06:54:00+00:00,SNPP,NIGHT,SPRING,0,0,0,0,360,CLDMSK_L2_VIIRS_SNPP.A2021106.0654.002.2026032193136.nc
2021-04-16T08:36:00+00:00,SNPP,NIGHT,SPRING,0,0,0,0,1440,CLDMSK_L2_VIIRS_SNPP.A2021106.0836.002.2026032193145.nc
2021-04-16T18:18:00+00:00,SNPP,DAY,SPRING,,0,0,0,1080,CLDMSK_L2_VIIRS_SNPP.A2021106.1818.002.2026032193246.nc
2021-04-16T06:06:00+00:00,NOAA20,NIGHT,SPRING,0,0,0,0,360,CLDMSK_L2_VIIRS_NOAA20.A2021106.0606.001.2021106192028.nc
2021-04-16T07:42:00+00:00,NOAA20,NIGHT,SPRING,0,0,0,0,1080,CLDMSK_L2_VIIRS_NOAA20.A2021106.0742.001.2021106192113.nc
2021-04-16T17:30:00+00:00,NOAA20,DAY,SPRING,,0,0,0,1800,CLDMSK_L2_VIIRS_NOAA20.A2021106.1730.001.2021107013226.nc
2021-04-16T19:06:00+00:00,NOAA20,DAY,SPRING,,0,0,0,360,CLDMSK_L2_VIIRS_NOAA20.A2021106.1906.001.2021107072144.nc
2025-04-02T06:24:00+00:00,SNPP,NIGHT,SPRING,0,0,0,0,1440,CLDMSK_L2_VIIRS_SNPP.A2025092.0624.002.2026034162703.nc
2025-04-02T08:06:00+00:00,SNPP,NIGHT,SPRING,0,0,0,0,360,CLDMSK_L2_VIIRS_SNPP.A2025092.0806.002.2026034162721.nc
2025-04-02T17:48:00+00:00,SNPP,DAY,SPRING,,0,0,0,240,CLDMSK_L2_VIIRS_SNPP.A2025092.1748.002.2026034162836.nc
2025-04-02T06:48:00+00:00,NOAA20,NIGHT,SPRING,0,0,0,0,720,CLDMSK_L2_VIIRS_NOAA20.A2025092.0648.001.2025092192224.nc
2025-04-02T08:24:00+00:00,NOAA20,NIGHT,SPRING,0,0,0,0,1440,CLDMSK_L2_VIIRS_NOAA20.A2025092.0824.001.2025092204244.nc
2025-04-02T18:12:00+00:00,NOAA20,DAY,SPRING,,0,0,0,0,CLDMSK_L2_VIIRS_NOAA20.A2025092.1812.001.2025093073121.nc
2025-04-02T07:36:00+00:00,NOAA21,NIGHT,SPRING,0,0,0,0,1440,CLDMSK_L2_VIIRS_NOAA21.A2025092.0736.001.2025092192131.nc
2025-04-02T17:24:00+00:00,NOAA21,DAY,SPRING,,0,0,0,180,CLDMSK_L2_VIIRS_NOAA21.A2025092.1724.001.2025093013302.nc
2025-04-02T19:00:00+00:00,NOAA21,DAY,SPRING,,0,0,0,0,CLDMSK_L2_VIIRS_NOAA21.A2025092.1900.001.2025093073310.nc
2021-07-30T07:24:00+00:00,SNPP,NIGHT,SUMMER,1,1,0,1,1440,CLDMSK_L2_VIIRS_SNPP.A2021211.0724.002.2026032224456.nc
2021-07-30T17:12:00+00:00,SNPP,DAY,SUMMER,,0,0,0,720,CLDMSK_L2_VIIRS_SNPP.A2021211.1712.002.2026032224603.nc
2021-07-30T18:48:00+00:00,SNPP,DAY,SUMMER,,1,1,0,720,CLDMSK_L2_VIIRS_SNPP.A2021211.1848.002.2026032224619.nc
2021-07-30T06:36:00+00:00,NOAA20,NIGHT,SUMMER,1,0,0,1,1440,CLDMSK_L2_VIIRS_NOAA20.A2021211.0636.001.2021211193423.nc
2021-07-30T08:18:00+00:00,NOAA20,NIGHT,SUMMER,1,0,0,1,1080,CLDMSK_L2_VIIRS_NOAA20.A2021211.0818.001.2021211193452.nc
2021-07-30T18:00:00+00:00,NOAA20,DAY,SUMMER,,1,0,0,0,CLDMSK_L2_VIIRS_NOAA20.A2021211.1800.001.2021212073314.nc
2024-06-15T07:18:00+00:00,SNPP,NIGHT,SUMMER,0,1,1,1,1080,CLDMSK_L2_VIIRS_SNPP.A2024167.0718.002.2026034073104.nc
2024-06-15T17:06:00+00:00,SNPP,DAY,SUMMER,,1,1,1,360,CLDMSK_L2_VIIRS_SNPP.A2024167.1706.002.2026034073211.nc
2024-06-15T18:42:00+00:00,SNPP,DAY,SUMMER,,1,1,1,1080,CLDMSK_L2_VIIRS_SNPP.A2024167.1842.002.2026034073228.nc
2024-06-15T06:06:00+00:00,NOAA20,NIGHT,SUMMER,0,0,1,1,360,CLDMSK_L2_VIIRS_NOAA20.A2024167.0606.002.2025235210251.nc
2024-06-15T07:42:00+00:00,NOAA20,NIGHT,SUMMER,0,1,1,1,1080,CLDMSK_L2_VIIRS_NOAA20.A2024167.0742.002.2025235210250.nc
2024-06-15T17:30:00+00:00,NOAA20,DAY,SUMMER,,1,1,1,1800,CLDMSK_L2_VIIRS_NOAA20.A2024167.1730.002.2025235210502.nc
2024-06-15T19:06:00+00:00,NOAA20,DAY,SUMMER,,1,1,1,360,CLDMSK_L2_VIIRS_NOAA20.A2024167.1906.002.2025235210519.nc
2024-06-15T06:54:00+00:00,NOAA21,NIGHT,SUMMER,0,1,1,1,360,CLDMSK_L2_VIIRS_NOAA21.A2024167.0654.001.2024167190744.nc
2024-06-15T18:18:00+00:00,NOAA21,DAY,SUMMER,,1,1,1,1080,CLDMSK_L2_VIIRS_NOAA21.A2024167.1818.001.2024168073814.nc
2024-06-04T07:24:00+00:00,SNPP,NIGHT,SUMMER,0,0,0,1,1440,CLDMSK_L2_VIIRS_SNPP.A2024156.0724.002.2026034071104.nc
2024-06-04T17:12:00+00:00,SNPP,DAY,SUMMER,,0,0,0,720,CLDMSK_L2_VIIRS_SNPP.A2024156.1712.002.2026034071217.nc
2024-06-04T18:48:00+00:00,SNPP,DAY,SUMMER,,0,0,0,720,CLDMSK_L2_VIIRS_SNPP.A2024156.1848.002.2026034071228.nc
2024-06-04T06:12:00+00:00,NOAA20,NIGHT,SUMMER,0,0,0,1,720,CLDMSK_L2_VIIRS_NOAA20.A2024156.0612.002.2025235202520.nc
2024-06-04T07:48:00+00:00,NOAA20,NIGHT,SUMMER,0,0,0,0,720,CLDMSK_L2_VIIRS_NOAA20.A2024156.0748.002.2025235202553.nc
2024-06-04T17:36:00+00:00,NOAA20,DAY,SUMMER,,0,0,0,1440,CLDMSK_L2_VIIRS_NOAA20.A2024156.1736.002.2025235202945.nc
2024-06-04T19:18:00+00:00,NOAA20,DAY,SUMMER,,0,0,0,1080,CLDMSK_L2_VIIRS_NOAA20.A2024156.1918.002.2025235202909.nc
2024-06-04T07:00:00+00:00,NOAA21,NIGHT,SUMMER,0,0,0,1,0,CLDMSK_L2_VIIRS_NOAA21.A2024156.0700.001.2024158133518.nc
2024-06-04T18:24:00+00:00,NOAA21,DAY,SUMMER,,0,0,0,1440,CLDMSK_L2_VIIRS_NOAA21.A2024156.1824.001.2024158133551.nc
2021-05-21T07:36:00+00:00,SNPP,NIGHT,SPRING,0,0,0,0,1440,CLDMSK_L2_VIIRS_SNPP.A2021141.0736.002.2026032203620.nc
2021-05-21T17:24:00+00:00,SNPP,DAY,SPRING,,0,0,0,1440,CLDMSK_L2_VIIRS_SNPP.A2021141.1724.002.2026032203725.nc
2021-05-21T19:00:00+00:00,SNPP,DAY,SPRING,,0,0,0,0,CLDMSK_L2_VIIRS_SNPP.A2021141.1900.002.2026032203728.nc
2021-05-21T06:48:00+00:00,NOAA20,NIGHT,SPRING,1,0,0,0,720,CLDMSK_L2_VIIRS_NOAA20.A2021141.0648.001.2021141192249.nc
2021-05-21T08:30:00+00:00,NOAA20,NIGHT,SPRING,0,0,0,0,1800,CLDMSK_L2_VIIRS_NOAA20.A2021141.0830.001.2021141192309.nc
2021-05-21T18:12:00+00:00,NOAA20,DAY,SPRING,,1,1,0,720,CLDMSK_L2_VIIRS_NOAA20.A2021141.1812.001.2021142073205.nc
2024-02-18T07:30:00+00:00,SNPP,NIGHT,WINTER,1,0,0,0,1800,CLDMSK_L2_VIIRS_SNPP.A2024049.0730.002.2026034035504.nc
2024-02-18T17:18:00+00:00,SNPP,DAY,WINTER,,0,0,0,1080,CLDMSK_L2_VIIRS_SNPP.A2024049.1718.002.2026034035604.nc
2024-02-18T18:54:00+00:00,SNPP,DAY,WINTER,,0,0,0,360,CLDMSK_L2_VIIRS_SNPP.A2024049.1854.002.2026034035617.nc
2024-02-18T06:42:00+00:00,NOAA20,NIGHT,WINTER,1,0,0,0,1080,CLDMSK_L2_VIIRS_NOAA20.A2024049.0642.002.2025235145737.nc
2024-02-18T08:24:00+00:00,NOAA20,NIGHT,WINTER,1,0,0,0,1440,CLDMSK_L2_VIIRS_NOAA20.A2024049.0824.002.2025235145743.nc
2024-02-18T18:06:00+00:00,NOAA20,DAY,WINTER,,0,0,0,360,CLDMSK_L2_VIIRS_NOAA20.A2024049.1806.002.2025235145831.nc
2024-02-18T07:06:00+00:00,NOAA21,NIGHT,WINTER,1,0,0,0,360,CLDMSK_L2_VIIRS_NOAA21.A2024049.0706.001.2024130195636.nc
2024-02-18T16:48:00+00:00,NOAA21,DAY,WINTER,,0,0,0,720,CLDMSK_L2_VIIRS_NOAA21.A2024049.1648.001.2024130195621.nc
2024-02-18T18:30:00+00:00,NOAA21,DAY,WINTER,,0,0,0,1800,CLDMSK_L2_VIIRS_NOAA21.A2024049.1830.001.2024130195657.nc
2022-12-09T07:06:00+00:00,SNPP,NIGHT,WINTER,1,0,0,0,360,CLDMSK_L2_VIIRS_SNPP.A2022343.0706.002.2026033132650.nc
2022-12-09T16:54:00+00:00,SNPP,DAY,WINTER,,0,0,0,360,CLDMSK_L2_VIIRS_SNPP.A2022343.1654.002.2026033132752.nc
2022-12-09T18:30:00+00:00,SNPP,DAY,WINTER,,0,0,0,1800,CLDMSK_L2_VIIRS_SNPP.A2022343.1830.002.2026033132757.nc
2022-12-09T06:18:00+00:00,NOAA20,NIGHT,WINTER,1,0,0,0,1080,CLDMSK_L2_VIIRS_NOAA20.A2022343.0618.001.2022343191153.nc
2022-12-09T07:54:00+00:00,NOAA20,NIGHT,WINTER,1,0,0,0,360,CLDMSK_L2_VIIRS_NOAA20.A2022343.0754.001.2022343201143.nc
2022-12-09T17:42:00+00:00,NOAA20,DAY,WINTER,,0,0,0,1080,CLDMSK_L2_VIIRS_NOAA20.A2022343.1742.001.2022344060226.nc
2022-12-09T19:24:00+00:00,NOAA20,DAY,WINTER,,0,0,0,1440,CLDMSK_L2_VIIRS_NOAA20.A2022343.1924.001.2022344074221.nc
2024-04-09T06:36:00+00:00,SNPP,NIGHT,SPRING,0,0,0,1,1440,CLDMSK_L2_VIIRS_SNPP.A2024100.0636.002.2026034052839.nc
2024-04-09T08:18:00+00:00,SNPP,NIGHT,SPRING,0,0,0,1,1080,CLDMSK_L2_VIIRS_SNPP.A2024100.0818.002.2026034052853.nc
2024-04-09T18:00:00+00:00,SNPP,DAY,SPRING,,0,0,0,0,CLDMSK_L2_VIIRS_SNPP.A2024100.1800.002.2026034052955.nc
2024-04-09T07:00:00+00:00,NOAA20,NIGHT,SPRING,0,1,1,1,0,CLDMSK_L2_VIIRS_NOAA20.A2024100.0700.002.2025235171029.nc
2024-04-09T18:24:00+00:00,NOAA20,DAY,SPRING,,0,1,0,1440,CLDMSK_L2_VIIRS_NOAA20.A2024100.1824.002.2025235171237.nc
2024-04-09T06:12:00+00:00,NOAA21,NIGHT,SPRING,0,0,0,1,720,CLDMSK_L2_VIIRS_NOAA21.A2024100.0612.001.2024130200909.nc
2024-04-09T07:48:00+00:00,NOAA21,NIGHT,SPRING,0,0,0,1,720,CLDMSK_L2_VIIRS_NOAA21.A2024100.0748.001.2024130200908.nc
2024-04-09T17:36:00+00:00,NOAA21,DAY,SPRING,,0,0,0,1440,CLDMSK_L2_VIIRS_NOAA21.A2024100.1736.001.2024130200936.nc
2024-04-09T19:12:00+00:00,NOAA21,DAY,SPRING,,0,0,0,720,CLDMSK_L2_VIIRS_NOAA21.A2024100.1912.001.2024130200931.nc
2024-03-01T07:06:00+00:00,SNPP,NIGHT,SPRING,1,0,0,0,360,CLDMSK_L2_VIIRS_SNPP.A2024061.0706.002.2026034041702.nc
2024-03-01T16:54:00+00:00,SNPP,DAY,SPRING,,1,1,1,360,CLDMSK_L2_VIIRS_SNPP.A2024061.1654.002.2026034041812.nc
2024-03-01T18:30:00+00:00,SNPP,DAY,SPRING,,0,1,1,1800,CLDMSK_L2_VIIRS_SNPP.A2024061.1830.002.2026034041813.nc
2024-03-01T06:18:00+00:00,NOAA20,NIGHT,SPRING,1,0,0,0,1080,CLDMSK_L2_VIIRS_NOAA20.A2024061.0618.002.2025235152406.nc
2024-03-01T07:54:00+00:00,NOAA20,NIGHT,SPRING,1,0,0,0,360,CLDMSK_L2_VIIRS_NOAA20.A2024061.0754.002.2025235152351.nc
2024-03-01T17:42:00+00:00,NOAA20,DAY,SPRING,,0,1,1,1080,CLDMSK_L2_VIIRS_NOAA20.A2024061.1742.002.2025235152510.nc
2024-03-01T19:24:00+00:00,NOAA20,DAY,SPRING,,0,0,0,1440,CLDMSK_L2_VIIRS_NOAA20.A2024061.1924.002.2025235152522.nc
2024-03-01T06:42:00+00:00,NOAA21,NIGHT,SPRING,1,0,0,0,1080,CLDMSK_L2_VIIRS_NOAA21.A2024061.0642.001.2024130195936.nc
2024-03-01T08:18:00+00:00,NOAA21,NIGHT,SPRING,1,0,0,0,1080,CLDMSK_L2_VIIRS_NOAA21.A2024061.0818.001.2024130195929.nc
2024-03-01T18:06:00+00:00,NOAA21,DAY,SPRING,,0,1,1,360,CLDMSK_L2_VIIRS_NOAA21.A2024061.1806.001.2024130200000.nc
2021-03-19T07:18:00+00:00,SNPP,NIGHT,SPRING,0,1,1,1,1080,CLDMSK_L2_VIIRS_SNPP.A2021078.0718.002.2026032184020.nc
2021-03-19T17:00:00+00:00,SNPP,DAY,SPRING,,0,0,1,0,CLDMSK_L2_VIIRS_SNPP.A2021078.1700.002.2026032184132.nc
2021-03-19T18:42:00+00:00,SNPP,DAY,SPRING,,0,0,1,540,CLDMSK_L2_VIIRS_SNPP.A2021078.1842.002.2026032184131.nc
2021-03-19T06:30:00+00:00,NOAA20,NIGHT,SPRING,0,1,1,1,1800,CLDMSK_L2_VIIRS_NOAA20.A2021078.0630.001.2021078192131.nc
2021-03-19T08:06:00+00:00,NOAA20,NIGHT,SPRING,0,1,1,1,360,CLDMSK_L2_VIIRS_NOAA20.A2021078.0806.001.2021078192134.nc
2021-03-19T17:54:00+00:00,NOAA20,DAY,SPRING,,0,0,1,360,CLDMSK_L2_VIIRS_NOAA20.A2021078.1754.001.2021079011454.nc
2022-08-15T06:42:00+00:00,SNPP,NIGHT,SUMMER,1,0,0,0,1080,CLDMSK_L2_VIIRS_SNPP.A2022227.0642.002.2026033095312.nc
2022-08-15T08:24:00+00:00,SNPP,NIGHT,SUMMER,1,0,0,0,1440,CLDMSK_L2_VIIRS_SNPP.A2022227.0824.002.2026033095322.nc
2022-08-15T18:06:00+00:00,SNPP,DAY,SUMMER,,1,1,1,360,CLDMSK_L2_VIIRS_SNPP.A2022227.1806.002.2026033095431.nc
2022-08-15T07:30:00+00:00,NOAA20,NIGHT,SUMMER,1,0,0,0,1800,CLDMSK_L2_VIIRS_NOAA20.A2022227.0730.001.2022228005550.nc
2022-08-15T17:18:00+00:00,NOAA20,DAY,SUMMER,,0,0,1,1080,CLDMSK_L2_VIIRS_NOAA20.A2022227.1718.001.2022228053705.nc
2022-08-15T18:54:00+00:00,NOAA20,DAY,SUMMER,,0,0,1,360,CLDMSK_L2_VIIRS_NOAA20.A2022227.1854.001.2022228072937.nc
2025-04-15T07:18:00+00:00,SNPP,NIGHT,SPRING,1,0,0,0,1080,CLDMSK_L2_VIIRS_SNPP.A2025105.0718.002.2026034165045.nc
2025-04-15T17:06:00+00:00,SNPP,DAY,SPRING,,0,0,0,360,CLDMSK_L2_VIIRS_SNPP.A2025105.1706.002.2026034165154.nc
2025-04-15T18:42:00+00:00,SNPP,DAY,SPRING,,0,0,0,1080,CLDMSK_L2_VIIRS_SNPP.A2025105.1842.002.2026034165157.nc
2025-04-15T06:00:00+00:00,NOAA20,NIGHT,SPRING,1,0,1,0,0,CLDMSK_L2_VIIRS_NOAA20.A2025105.0600.001.2025105191053.nc
2025-04-15T07:42:00+00:00,NOAA20,NIGHT,SPRING,1,0,0,0,1080,CLDMSK_L2_VIIRS_NOAA20.A2025105.0742.001.2025105200043.nc
2025-04-15T17:24:00+00:00,NOAA20,DAY,SPRING,,0,0,0,1440,CLDMSK_L2_VIIRS_NOAA20.A2025105.1724.001.2025106054114.nc
2025-04-15T19:06:00+00:00,NOAA20,DAY,SPRING,,0,0,0,360,CLDMSK_L2_VIIRS_NOAA20.A2025105.1906.001.2025106073121.nc
2025-04-15T06:54:00+00:00,NOAA21,NIGHT,SPRING,1,1,1,0,360,CLDMSK_L2_VIIRS_NOAA21.A2025105.0654.001.2025105191250.nc
2025-04-15T08:36:00+00:00,NOAA21,NIGHT,SPRING,1,0,0,0,1440,CLDMSK_L2_VIIRS_NOAA21.A2025105.0836.001.2025105191255.nc
2025-04-15T18:18:00+00:00,NOAA21,DAY,SPRING,,0,0,0,60,CLDMSK_L2_VIIRS_NOAA21.A2025105.1818.001.2025106073319.nc
2023-09-05T06:06:00+00:00,SNPP,NIGHT,AUTUMN,1,0,1,1,360,CLDMSK_L2_VIIRS_SNPP.A2023248.0606.002.2026033224939.nc
2023-09-05T07:48:00+00:00,SNPP,NIGHT,AUTUMN,1,1,1,1,720,CLDMSK_L2_VIIRS_SNPP.A2023248.0748.002.2026033224952.nc
2023-09-05T17:30:00+00:00,SNPP,DAY,AUTUMN,,0,0,0,1800,CLDMSK_L2_VIIRS_SNPP.A2023248.1730.002.2026033225049.nc
2023-09-05T19:12:00+00:00,SNPP,DAY,AUTUMN,,0,0,0,720,CLDMSK_L2_VIIRS_SNPP.A2023248.1912.002.2026033225106.nc
2023-09-05T06:54:00+00:00,NOAA20,NIGHT,AUTUMN,1,1,1,1,360,CLDMSK_L2_VIIRS_NOAA20.A2023248.0654.002.2025235063219.nc
2023-09-05T18:18:00+00:00,NOAA20,DAY,AUTUMN,,1,0,0,1080,CLDMSK_L2_VIIRS_NOAA20.A2023248.1818.002.2025235063728.nc
2023-09-05T07:18:00+00:00,NOAA21,NIGHT,AUTUMN,1,1,1,1,1080,CLDMSK_L2_VIIRS_NOAA21.A2023248.0718.001.2024130191416.nc
2023-09-05T17:00:00+00:00,NOAA21,DAY,AUTUMN,,1,0,0,0,CLDMSK_L2_VIIRS_NOAA21.A2023248.1700.001.2024130191420.nc
2023-09-05T18:42:00+00:00,NOAA21,DAY,AUTUMN,,0,0,0,1080,CLDMSK_L2_VIIRS_NOAA21.A2023248.1842.001.2024130191414.nc
2022-06-25T07:36:00+00:00,SNPP,NIGHT,SUMMER,0,1,0,1,1440,CLDMSK_L2_VIIRS_SNPP.A2022176.0736.002.2026033084721.nc
2022-06-25T17:24:00+00:00,SNPP,DAY,SUMMER,,1,0,0,1440,CLDMSK_L2_VIIRS_SNPP.A2022176.1724.002.2026033084825.nc
2022-06-25T19:00:00+00:00,SNPP,DAY,SUMMER,,0,0,0,0,CLDMSK_L2_VIIRS_SNPP.A2022176.1900.002.2026033084823.nc
2022-06-25T06:48:00+00:00,NOAA20,NIGHT,SUMMER,0,0,0,1,720,CLDMSK_L2_VIIRS_NOAA20.A2022176.0648.001.2022176193413.nc
2022-06-25T18:12:00+00:00,NOAA20,DAY,SUMMER,,1,1,0,720,CLDMSK_L2_VIIRS_NOAA20.A2022176.1812.001.2022177073405.nc
2020-09-15T06:48:00+00:00,SNPP,NIGHT,AUTUMN,0,1,1,1,720,CLDMSK_L2_VIIRS_SNPP.A2020259.0648.002.2026032121232.nc
2020-09-15T08:30:00+00:00,SNPP,NIGHT,AUTUMN,0,1,1,1,1800,CLDMSK_L2_VIIRS_SNPP.A2020259.0830.002.2026032121240.nc
2020-09-15T18:12:00+00:00,SNPP,DAY,AUTUMN,,0,0,0,720,CLDMSK_L2_VIIRS_SNPP.A2020259.1812.002.2026032121356.nc
2020-09-15T07:36:00+00:00,NOAA20,NIGHT,AUTUMN,0,1,1,1,1440,CLDMSK_L2_VIIRS_NOAA20.A2020259.0736.001.2020294134318.nc
2020-09-15T17:24:00+00:00,NOAA20,DAY,AUTUMN,,1,1,0,1440,CLDMSK_L2_VIIRS_NOAA20.A2020259.1724.001.2020294134415.nc
2020-09-15T19:00:00+00:00,NOAA20,DAY,AUTUMN,,1,1,0,0,CLDMSK_L2_VIIRS_NOAA20.A2020259.1900.001.2020294134434.nc
2025-03-16T06:42:00+00:00,SNPP,NIGHT,SPRING,1,0,0,0,480,CLDMSK_L2_VIIRS_SNPP.A2025075.0642.002.2026034155526.nc
2025-03-16T08:24:00+00:00,SNPP,NIGHT,SPRING,1,0,0,0,1440,CLDMSK_L2_VIIRS_SNPP.A2025075.0824.002.2026034155529.nc
2025-03-16T18:06:00+00:00,SNPP,DAY,SPRING,,0,0,0,360,CLDMSK_L2_VIIRS_SNPP.A2025075.1806.002.2026034155623.nc
2025-03-16T07:06:00+00:00,NOAA20,NIGHT,SPRING,1,0,0,0,360,CLDMSK_L2_VIIRS_NOAA20.A2025075.0706.001.2025075193022.nc
2025-03-16T16:48:00+00:00,NOAA20,DAY,SPRING,,0,0,0,720,CLDMSK_L2_VIIRS_NOAA20.A2025075.1648.001.2025076051123.nc
2025-03-16T18:30:00+00:00,NOAA20,DAY,SPRING,,0,0,0,1800,CLDMSK_L2_VIIRS_NOAA20.A2025075.1830.001.2025076073138.nc
2025-03-16T06:18:00+00:00,NOAA21,NIGHT,SPRING,1,0,0,0,120,CLDMSK_L2_VIIRS_NOAA21.A2025075.0618.001.2025075192310.nc
2025-03-16T08:00:00+00:00,NOAA21,NIGHT,SPRING,1,0,0,0,0,CLDMSK_L2_VIIRS_NOAA21.A2025075.0800.001.2025075192344.nc
2025-03-16T17:42:00+00:00,NOAA21,DAY,SPRING,,0,0,0,180,CLDMSK_L2_VIIRS_NOAA21.A2025075.1742.001.2025076012338.nc
2025-03-16T19:24:00+00:00,NOAA21,DAY,SPRING,,0,0,0,120,CLDMSK_L2_VIIRS_NOAA21.A2025075.1924.001.2025076072455.nc
2021-04-22T06:42:00+00:00,SNPP,NIGHT,SPRING,1,0,0,0,1080,CLDMSK_L2_VIIRS_SNPP.A2021112.0642.002.2026032194304.nc
2021-04-22T08:18:00+00:00,SNPP,NIGHT,SPRING,1,0,0,0,1080,CLDMSK_L2_VIIRS_SNPP.A2021112.0818.002.2026032194318.nc
2021-04-22T18:06:00+00:00,SNPP,DAY,SPRING,,0,0,0,360,CLDMSK_L2_VIIRS_SNPP.A2021112.1806.002.2026032194428.nc
2021-04-22T07:30:00+00:00,NOAA20,NIGHT,SPRING,1,0,0,0,1800,CLDMSK_L2_VIIRS_NOAA20.A2021112.0730.001.2021112192621.nc
2021-04-22T17:18:00+00:00,NOAA20,DAY,SPRING,,0,0,0,240,CLDMSK_L2_VIIRS_NOAA20.A2021112.1718.001.2021113013120.nc
2021-04-22T18:54:00+00:00,NOAA20,DAY,SPRING,,0,0,0,360,CLDMSK_L2_VIIRS_NOAA20.A2021112.1854.001.2021113072103.nc
2021-07-26T07:00:00+00:00,SNPP,NIGHT,SUMMER,1,0,0,1,0,CLDMSK_L2_VIIRS_SNPP.A2021207.0700.002.2026032223741.nc
2021-07-26T18:24:00+00:00,SNPP,DAY,SUMMER,,0,0,0,1440,CLDMSK_L2_VIIRS_SNPP.A2021207.1824.002.2026032223856.nc
2021-07-26T06:12:00+00:00,NOAA20,NIGHT,SUMMER,1,0,0,1,720,CLDMSK_L2_VIIRS_NOAA20.A2021207.0612.001.2021207194312.nc
2021-07-26T07:48:00+00:00,NOAA20,NIGHT,SUMMER,1,0,0,1,720,CLDMSK_L2_VIIRS_NOAA20.A2021207.0748.001.2021207194315.nc
2021-07-26T17:36:00+00:00,NOAA20,DAY,SUMMER,,0,0,0,1440,CLDMSK_L2_VIIRS_NOAA20.A2021207.1736.001.2021208015402.nc
2021-07-26T19:18:00+00:00,NOAA20,DAY,SUMMER,,0,0,0,1080,CLDMSK_L2_VIIRS_NOAA20.A2021207.1918.001.2021208074347.nc
2020-07-04T06:18:00+00:00,SNPP,NIGHT,SUMMER,1,0,0,1,1080,CLDMSK_L2_VIIRS_SNPP.A2020186.0618.002.2026032095812.nc
2020-07-04T07:54:00+00:00,SNPP,NIGHT,SUMMER,1,0,0,1,360,CLDMSK_L2_VIIRS_SNPP.A2020186.0754.002.2026032095835.nc
2020-07-04T17:42:00+00:00,SNPP,DAY,SUMMER,,1,1,1,1080,CLDMSK_L2_VIIRS_SNPP.A2020186.1742.002.2026032095927.nc
2020-07-04T19:24:00+00:00,SNPP,DAY,SUMMER,,1,1,1,1440,CLDMSK_L2_VIIRS_SNPP.A2020186.1924.002.2026032095922.nc
2020-07-04T07:06:00+00:00,NOAA20,NIGHT,SUMMER,1,1,1,1,360,CLDMSK_L2_VIIRS_NOAA20.A2020186.0706.001.2020294154006.nc
2020-07-04T16:48:00+00:00,NOAA20,DAY,SUMMER,,1,1,1,720,CLDMSK_L2_VIIRS_NOAA20.A2020186.1648.001.2020294154101.nc
2020-07-04T18:30:00+00:00,NOAA20,DAY,SUMMER,,1,1,1,1800,CLDMSK_L2_VIIRS_NOAA20.A2020186.1830.001.2020294154242.nc
2020-06-01T06:36:00+00:00,SNPP,NIGHT,SUMMER,1,0,0,1,1440,CLDMSK_L2_VIIRS_SNPP.A2020153.0636.002.2026032085616.nc
2020-06-01T08:12:00+00:00,SNPP,NIGHT,SUMMER,0,0,0,1,720,CLDMSK_L2_VIIRS_SNPP.A2020153.0812.002.2026032085632.nc
2020-06-01T18:00:00+00:00,SNPP,DAY,SUMMER,,1,1,1,0,CLDMSK_L2_VIIRS_SNPP.A2020153.1800.002.2026032085752.nc
2020-06-01T07:24:00+00:00,NOAA20,NIGHT,SUMMER,0,0,0,1,1440,CLDMSK_L2_VIIRS_NOAA20.A2020153.0724.001.2020294164119.nc
2020-06-01T17:12:00+00:00,NOAA20,DAY,SUMMER,,1,1,1,720,CLDMSK_L2_VIIRS_NOAA20.A2020153.1712.001.2020294164208.nc
2020-06-01T18:48:00+00:00,NOAA20,DAY,SUMMER,,1,1,1,720,CLDMSK_L2_VIIRS_NOAA20.A2020153.1848.001.2020294164320.nc
2023-05-31T06:24:00+00:00,SNPP,NIGHT,SPRING,1,0,0,1,1440,CLDMSK_L2_VIIRS_SNPP.A2023151.0624.002.2026033194513.nc
2023-05-31T08:06:00+00:00,SNPP,NIGHT,SPRING,0,0,0,1,360,CLDMSK_L2_VIIRS_SNPP.A2023151.0806.002.2026033194530.nc
2023-05-31T17:48:00+00:00,SNPP,DAY,SPRING,,1,1,1,720,CLDMSK_L2_VIIRS_SNPP.A2023151.1748.002.2026033194614.nc
2023-05-31T07:12:00+00:00,NOAA20,NIGHT,SPRING,1,0,0,0,720,CLDMSK_L2_VIIRS_NOAA20.A2023151.0712.001.2023233210447.nc
2023-05-31T17:00:00+00:00,NOAA20,DAY,SPRING,,0,0,1,0,CLDMSK_L2_VIIRS_NOAA20.A2023151.1700.001.2023233210440.nc
2023-05-31T18:36:00+00:00,NOAA20,DAY,SPRING,,1,1,1,1440,CLDMSK_L2_VIIRS_NOAA20.A2023151.1836.001.2023233210429.nc
2023-05-31T07:36:00+00:00,NOAA21,NIGHT,SPRING,0,1,0,1,1440,CLDMSK_L2_VIIRS_NOAA21.A2023151.0736.001.2024130185504.nc
2023-05-31T17:18:00+00:00,NOAA21,DAY,SPRING,,1,1,1,1080,CLDMSK_L2_VIIRS_NOAA21.A2023151.1718.001.2024130185427.nc
2023-05-31T19:00:00+00:00,NOAA21,DAY,SPRING,,1,1,1,0,CLDMSK_L2_VIIRS_NOAA21.A2023151.1900.001.2024130185439.nc
2025-07-10T07:06:00+00:00,SNPP,NIGHT,SUMMER,1,1,1,1,360,CLDMSK_L2_VIIRS_SNPP.A2025191.0706.002.2026034192739.nc
2025-07-10T16:54:00+00:00,SNPP,DAY,SUMMER,,0,0,0,360,CLDMSK_L2_VIIRS_SNPP.A2025191.1654.002.2026034192835.nc
2025-07-10T18:30:00+00:00,SNPP,DAY,SUMMER,,0,0,0,300,CLDMSK_L2_VIIRS_SNPP.A2025191.1830.002.2026034192844.nc
2025-07-10T07:30:00+00:00,NOAA20,NIGHT,SUMMER,1,0,0,1,1800,CLDMSK_L2_VIIRS_NOAA20.A2025191.0730.001.2025192001537.nc
2025-07-10T17:18:00+00:00,NOAA20,DAY,SUMMER,,0,0,0,1080,CLDMSK_L2_VIIRS_NOAA20.A2025191.1718.001.2025192053543.nc
2025-07-10T18:54:00+00:00,NOAA20,DAY,SUMMER,,0,0,0,360,CLDMSK_L2_VIIRS_NOAA20.A2025191.1854.001.2025192091604.nc
2025-07-10T06:42:00+00:00,NOAA21,NIGHT,SUMMER,1,0,0,1,1080,CLDMSK_L2_VIIRS_NOAA21.A2025191.0642.001.2025192001756.nc
2025-07-10T08:24:00+00:00,NOAA21,NIGHT,SUMMER,1,0,0,1,1440,CLDMSK_L2_VIIRS_NOAA21.A2025191.0824.001.2025192001800.nc
2025-07-10T18:06:00+00:00,NOAA21,DAY,SUMMER,,0,0,0,360,CLDMSK_L2_VIIRS_NOAA21.A2025191.1806.001.2025192091814.nc
2021-04-20T07:18:00+00:00,SNPP,NIGHT,SPRING,0,0,0,0,1080,CLDMSK_L2_VIIRS_SNPP.A2021110.0718.002.2026032193909.nc
2021-04-20T17:00:00+00:00,SNPP,DAY,SPRING,,0,0,0,0,CLDMSK_L2_VIIRS_SNPP.A2021110.1700.002.2026032194003.nc
2021-04-20T18:42:00+00:00,SNPP,DAY,SPRING,,0,0,0,1080,CLDMSK_L2_VIIRS_SNPP.A2021110.1842.002.2026032194020.nc
2021-04-20T06:30:00+00:00,NOAA20,NIGHT,SPRING,1,0,0,0,1800,CLDMSK_L2_VIIRS_NOAA20.A2021110.0630.001.2021110194548.nc
2021-04-20T08:12:00+00:00,NOAA20,NIGHT,SPRING,0,0,0,0,720,CLDMSK_L2_VIIRS_NOAA20.A2021110.0812.001.2021110194609.nc
2021-04-20T17:54:00+00:00,NOAA20,DAY,SPRING,,0,0,0,360,CLDMSK_L2_VIIRS_NOAA20.A2021110.1754.001.2021111013454.nc
2021-02-02T06:24:00+00:00,SNPP,NIGHT,WINTER,1,1,1,0,1440,CLDMSK_L2_VIIRS_SNPP.A2021033.0624.002.2026032163907.nc
2021-02-02T08:00:00+00:00,SNPP,NIGHT,WINTER,1,1,1,0,0,CLDMSK_L2_VIIRS_SNPP.A2021033.0800.002.2026032163942.nc
2021-02-02T17:48:00+00:00,SNPP,DAY,WINTER,,0,0,0,720,CLDMSK_L2_VIIRS_SNPP.A2021033.1748.002.2026032164221.nc
2021-02-02T07:12:00+00:00,NOAA20,NIGHT,WINTER,1,0,0,0,720,CLDMSK_L2_VIIRS_NOAA20.A2021033.0712.001.2021033190903.nc
2021-02-02T16:54:00+00:00,NOAA20,DAY,WINTER,,0,0,0,360,CLDMSK_L2_VIIRS_NOAA20.A2021033.1654.001.2021034010646.nc
2021-02-02T17:00:00+00:00,NOAA20,DAY,WINTER,,0,0,0,0,CLDMSK_L2_VIIRS_NOAA20.A2021033.1700.001.2021034010646.nc
2021-02-02T18:36:00+00:00,NOAA20,DAY,WINTER,,0,0,0,1440,CLDMSK_L2_VIIRS_NOAA20.A2021033.1836.001.2021034070303.nc
2024-05-10T06:54:00+00:00,SNPP,NIGHT,SPRING,0,0,0,0,360,CLDMSK_L2_VIIRS_SNPP.A2024131.0654.002.2026034062519.nc
2024-05-10T08:36:00+00:00,SNPP,NIGHT,SPRING,0,0,0,0,1440,CLDMSK_L2_VIIRS_SNPP.A2024131.0836.002.2026034062518.nc
2024-05-10T18:18:00+00:00,SNPP,DAY,SPRING,,0,0,0,1080,CLDMSK_L2_VIIRS_SNPP.A2024131.1818.002.2026034062629.nc
2024-05-10T07:18:00+00:00,NOAA20,NIGHT,SPRING,0,0,0,0,1080,CLDMSK_L2_VIIRS_NOAA20.A2024131.0718.002.2025235190336.nc
2024-05-10T17:06:00+00:00,NOAA20,DAY,SPRING,,0,0,0,360,CLDMSK_L2_VIIRS_NOAA20.A2024131.1706.002.2025235190644.nc
2024-05-10T18:42:00+00:00,NOAA20,DAY,SPRING,,0,0,0,1080,CLDMSK_L2_VIIRS_NOAA20.A2024131.1842.002.2025235190652.nc
2024-05-10T06:30:00+00:00,NOAA21,NIGHT,SPRING,0,0,0,0,1800,CLDMSK_L2_VIIRS_NOAA21.A2024131.0630.001.2024158132918.nc
2024-05-10T08:06:00+00:00,NOAA21,NIGHT,SPRING,0,0,0,0,360,CLDMSK_L2_VIIRS_NOAA21.A2024131.0806.001.2024158133116.nc
2024-05-10T17:54:00+00:00,NOAA21,DAY,SPRING,,0,0,0,360,CLDMSK_L2_VIIRS_NOAA21.A2024131.1754.001.2024158133042.nc
2024-02-28T06:06:00+00:00,SNPP,NIGHT,WINTER,1,0,0,0,360,CLDMSK_L2_VIIRS_SNPP.A2024059.0606.002.2026034041313.nc
2024-02-28T07:42:00+00:00,SNPP,NIGHT,WINTER,1,0,0,0,1080,CLDMSK_L2_VIIRS_SNPP.A2024059.0742.002.2026034041320.nc
2024-02-28T17:30:00+00:00,SNPP,DAY,WINTER,,0,0,0,780,CLDMSK_L2_VIIRS_SNPP.A2024059.1730.002.2026034041437.nc
2024-02-28T19:12:00+00:00,SNPP,DAY,WINTER,,0,0,0,720,CLDMSK_L2_VIIRS_SNPP.A2024059.1912.002.2026034041446.nc
2024-02-28T06:54:00+00:00,NOAA20,NIGHT,WINTER,1,0,0,0,360,CLDMSK_L2_VIIRS_NOAA20.A2024059.0654.002.2025235151740.nc
2024-02-28T18:18:00+00:00,NOAA20,DAY,WINTER,,0,0,0,1080,CLDMSK_L2_VIIRS_NOAA20.A2024059.1818.002.2025235152008.nc
2021-02-09T07:30:00+00:00,SNPP,NIGHT,WINTER,0,1,1,0,780,CLDMSK_L2_VIIRS_SNPP.A2021040.0730.002.2026032173056.nc
2021-02-09T17:18:00+00:00,SNPP,DAY,WINTER,,1,1,1,1080,CLDMSK_L2_VIIRS_SNPP.A2021040.1718.002.2026032173220.nc
2021-02-09T18:54:00+00:00,SNPP,DAY,WINTER,,0,0,0,360,CLDMSK_L2_VIIRS_SNPP.A2021040.1854.002.2026032173220.nc
2021-02-09T06:42:00+00:00,NOAA20,NIGHT,WINTER,0,0,0,0,1080,CLDMSK_L2_VIIRS_NOAA20.A2021040.0642.001.2021040191023.nc
2021-02-09T08:24:00+00:00,NOAA20,NIGHT,WINTER,0,0,0,0,1440,CLDMSK_L2_VIIRS_NOAA20.A2021040.0824.001.2021040191028.nc
2021-02-09T18:06:00+00:00,NOAA20,DAY,WINTER,,1,0,0,360,CLDMSK_L2_VIIRS_NOAA20.A2021040.1806.001.2021041070404.nc
2025-06-27T06:12:00+00:00,SNPP,NIGHT,SUMMER,0,0,0,0,720,CLDMSK_L2_VIIRS_SNPP.A2025178.0612.002.2026034190418.nc
2025-06-27T07:54:00+00:00,SNPP,NIGHT,SUMMER,0,0,0,0,360,CLDMSK_L2_VIIRS_SNPP.A2025178.0754.002.2026034190436.nc
2025-06-27T17:36:00+00:00,SNPP,DAY,SUMMER,,0,0,0,1440,CLDMSK_L2_VIIRS_SNPP.A2025178.1736.002.2026034190544.nc
2025-06-27T19:18:00+00:00,SNPP,DAY,SUMMER,,0,0,0,1080,CLDMSK_L2_VIIRS_SNPP.A2025178.1918.002.2026034190559.nc
2025-06-27T06:36:00+00:00,NOAA20,NIGHT,SUMMER,0,0,0,0,1440,CLDMSK_L2_VIIRS_NOAA20.A2025178.0636.001.2025181153855.nc
2025-06-27T08:12:00+00:00,NOAA20,NIGHT,SUMMER,0,0,0,0,720,CLDMSK_L2_VIIRS_NOAA20.A2025178.0812.001.2025181153855.nc
2025-06-27T18:00:00+00:00,NOAA20,DAY,SUMMER,,0,0,0,0,CLDMSK_L2_VIIRS_NOAA20.A2025178.1800.001.2025181153907.nc
2025-06-27T07:24:00+00:00,NOAA21,NIGHT,SUMMER,0,0,0,0,1440,CLDMSK_L2_VIIRS_NOAA21.A2025178.0724.001.2025181154237.nc
2025-06-27T17:12:00+00:00,NOAA21,DAY,SUMMER,,0,0,0,720,CLDMSK_L2_VIIRS_NOAA21.A2025178.1712.001.2025181154337.nc
2025-06-27T18:48:00+00:00,NOAA21,DAY,SUMMER,,0,0,0,720,CLDMSK_L2_VIIRS_NOAA21.A2025178.1848.001.2025181154410.nc
2020-05-14T07:12:00+00:00,SNPP,NIGHT,SPRING,1,0,0,0,720,CLDMSK_L2_VIIRS_SNPP.A2020135.0712.002.2026032081125.nc
2020-05-14T16:54:00+00:00,SNPP,DAY,SPRING,,0,0,0,360,CLDMSK_L2_VIIRS_SNPP.A2020135.1654.002.2026032081243.nc
2020-05-14T18:36:00+00:00,SNPP,DAY,SPRING,,0,0,0,1440,CLDMSK_L2_VIIRS_SNPP.A2020135.1836.002.2026032081300.nc
2020-05-14T06:24:00+00:00,NOAA20,NIGHT,SPRING,0,0,0,0,1440,CLDMSK_L2_VIIRS_NOAA20.A2020135.0624.001.2020294201053.nc
2020-05-14T08:06:00+00:00,NOAA20,NIGHT,SPRING,1,0,0,0,360,CLDMSK_L2_VIIRS_NOAA20.A2020135.0806.001.2020294201035.nc
2020-05-14T17:48:00+00:00,NOAA20,DAY,SPRING,,0,0,0,720,CLDMSK_L2_VIIRS_NOAA20.A2020135.1748.001.2020294201129.nc
2022-06-08T06:18:00+00:00,SNPP,NIGHT,SUMMER,1,0,0,1,1080,CLDMSK_L2_VIIRS_SNPP.A2022159.0618.002.2026033081604.nc
2022-06-08T07:54:00+00:00,SNPP,NIGHT,SUMMER,0,1,1,1,360,CLDMSK_L2_VIIRS_SNPP.A2022159.0754.002.2026033081616.nc
2022-06-08T17:42:00+00:00,SNPP,DAY,SUMMER,,0,0,0,1080,CLDMSK_L2_VIIRS_SNPP.A2022159.1742.002.2026033081709.nc
2022-06-08T19:24:00+00:00,SNPP,DAY,SUMMER,,0,0,0,1440,CLDMSK_L2_VIIRS_SNPP.A2022159.1924.002.2026033081728.nc
2022-06-08T07:06:00+00:00,NOAA20,NIGHT,SUMMER,0,1,1,1,360,CLDMSK_L2_VIIRS_NOAA20.A2022159.0706.001.2022161023303.nc
2022-06-08T16:54:00+00:00,NOAA20,DAY,SUMMER,,0,0,0,360,CLDMSK_L2_VIIRS_NOAA20.A2022159.1654.001.2022161023306.nc
2022-06-08T18:30:00+00:00,NOAA20,DAY,SUMMER,,0,0,0,1800,CLDMSK_L2_VIIRS_NOAA20.A2022159.1830.001.2022161023539.nc
2024-12-21T06:36:00+00:00,SNPP,NIGHT,WINTER,1,0,0,1,1440,CLDMSK_L2_VIIRS_SNPP.A2024356.0636.002.2026034131707.nc
2024-12-21T08:18:00+00:00,SNPP,NIGHT,WINTER,1,0,0,1,1080,CLDMSK_L2_VIIRS_SNPP.A2024356.0818.002.2026034131723.nc
2024-12-21T18:00:00+00:00,SNPP,DAY,WINTER,,1,1,1,0,CLDMSK_L2_VIIRS_SNPP.A2024356.1800.002.2026034131808.nc
2024-12-21T07:00:00+00:00,NOAA20,NIGHT,WINTER,1,0,0,1,0,CLDMSK_L2_VIIRS_NOAA20.A2024356.0700.001.2024356192133.nc
2024-12-21T18:24:00+00:00,NOAA20,DAY,WINTER,,1,1,1,1440,CLDMSK_L2_VIIRS_NOAA20.A2024356.1824.001.2024357072203.nc
2024-12-21T06:12:00+00:00,NOAA21,NIGHT,WINTER,1,0,0,0,720,CLDMSK_L2_VIIRS_NOAA21.A2024356.0612.001.2024356191525.nc
2024-12-21T07:54:00+00:00,NOAA21,NIGHT,WINTER,1,0,0,1,360,CLDMSK_L2_VIIRS_NOAA21.A2024356.0754.001.2024356191527.nc
2024-12-21T17:36:00+00:00,NOAA21,DAY,WINTER,,0,0,1,1440,CLDMSK_L2_VIIRS_NOAA21.A2024356.1736.001.2024357012556.nc
2024-12-21T19:18:00+00:00,NOAA21,DAY,WINTER,,0,0,1,1080,CLDMSK_L2_VIIRS_NOAA21.A2024356.1918.001.2024357072627.nc
2024-12-26T06:42:00+00:00,SNPP,NIGHT,WINTER,0,0,0,0,1080,CLDMSK_L2_VIIRS_SNPP.A2024361.0642.002.2026034132613.nc
2024-12-26T08:24:00+00:00,SNPP,NIGHT,WINTER,0,0,0,0,1440,CLDMSK_L2_VIIRS_SNPP.A2024361.0824.002.2026034132622.nc
2024-12-26T18:06:00+00:00,SNPP,DAY,WINTER,,0,0,0,360,CLDMSK_L2_VIIRS_SNPP.A2024361.1806.002.2026034132729.nc
2024-12-26T07:06:00+00:00,NOAA20,NIGHT,WINTER,0,0,0,0,360,CLDMSK_L2_VIIRS_NOAA20.A2024361.0706.001.2024361192454.nc
2024-12-26T16:48:00+00:00,NOAA20,DAY,WINTER,,0,0,0,720,CLDMSK_L2_VIIRS_NOAA20.A2024361.1648.001.2024362050527.nc
2024-12-26T18:30:00+00:00,NOAA20,DAY,WINTER,,0,0,0,1800,CLDMSK_L2_VIIRS_NOAA20.A2024361.1830.001.2024362073531.nc
2024-12-26T06:18:00+00:00,NOAA21,NIGHT,WINTER,0,1,0,0,1080,CLDMSK_L2_VIIRS_NOAA21.A2024361.0618.001.2024361190856.nc
2024-12-26T08:00:00+00:00,NOAA21,NIGHT,WINTER,0,0,0,0,0,CLDMSK_L2_VIIRS_NOAA21.A2024361.0800.001.2024361190901.nc
2024-12-26T17:42:00+00:00,NOAA21,DAY,WINTER,,0,0,0,1080,CLDMSK_L2_VIIRS_NOAA21.A2024361.1742.001.2024362010912.nc
2024-12-26T19:24:00+00:00,NOAA21,DAY,WINTER,,0,0,0,1440,CLDMSK_L2_VIIRS_NOAA21.A2024361.1924.001.2024362072932.nc
2022-08-25T06:54:00+00:00,SNPP,NIGHT,SUMMER,0,0,0,1,360,CLDMSK_L2_VIIRS_SNPP.A2022237.0654.002.2026033101121.nc
2022-08-25T08:36:00+00:00,SNPP,NIGHT,SUMMER,0,0,0,0,1440,CLDMSK_L2_VIIRS_SNPP.A2022237.0836.002.2026033101135.nc
2022-08-25T18:18:00+00:00,SNPP,DAY,SUMMER,,0,0,0,1080,CLDMSK_L2_VIIRS_SNPP.A2022237.1818.002.2026033101241.nc
2022-08-25T06:06:00+00:00,NOAA20,NIGHT,SUMMER,0,0,0,1,360,CLDMSK_L2_VIIRS_NOAA20.A2022237.0606.001.2022237192906.nc
2022-08-25T07:42:00+00:00,NOAA20,NIGHT,SUMMER,0,0,0,0,1080,CLDMSK_L2_VIIRS_NOAA20.A2022237.0742.001.2022237200556.nc
2022-08-25T17:30:00+00:00,NOAA20,DAY,SUMMER,,0,0,0,1800,CLDMSK_L2_VIIRS_NOAA20.A2022237.1730.001.2022238060052.nc
2022-08-25T19:06:00+00:00,NOAA20,DAY,SUMMER,,0,0,0,360,CLDMSK_L2_VIIRS_NOAA20.A2022237.1906.001.2022238074600.nc
2024-01-25T06:42:00+00:00,SNPP,NIGHT,WINTER,1,0,0,0,1080,CLDMSK_L2_VIIRS_SNPP.A2024025.0642.002.2026034031204.nc
2024-01-25T08:24:00+00:00,SNPP,NIGHT,WINTER,1,0,0,0,1440,CLDMSK_L2_VIIRS_SNPP.A2024025.0824.002.2026034031207.nc
2024-01-25T18:06:00+00:00,SNPP,DAY,WINTER,,0,0,0,300,CLDMSK_L2_VIIRS_SNPP.A2024025.1806.002.2026034031300.nc
2024-01-25T07:30:00+00:00,NOAA20,NIGHT,WINTER,1,0,0,0,780,CLDMSK_L2_VIIRS_NOAA20.A2024025.0730.002.2025235133537.nc
2024-01-25T17:18:00+00:00,NOAA20,DAY,WINTER,,0,0,0,1080,CLDMSK_L2_VIIRS_NOAA20.A2024025.1718.002.2025235133632.nc
2024-01-25T18:54:00+00:00,NOAA20,DAY,WINTER,,0,0,0,360,CLDMSK_L2_VIIRS_NOAA20.A2024025.1854.002.2025235133622.nc
2024-01-25T06:12:00+00:00,NOAA21,NIGHT,WINTER,1,0,0,0,720,CLDMSK_L2_VIIRS_NOAA21.A2024025.0612.001.2024130195008.nc
2024-01-25T07:54:00+00:00,NOAA21,NIGHT,WINTER,1,0,0,0,360,CLDMSK_L2_VIIRS_NOAA21.A2024025.0754.001.2024130194939.nc
2024-01-25T17:42:00+00:00,NOAA21,DAY,WINTER,,0,0,0,240,CLDMSK_L2_VIIRS_NOAA21.A2024025.1742.001.2024130195052.nc
2024-01-25T19:18:00+00:00,NOAA21,DAY,WINTER,,0,0,0,1080,CLDMSK_L2_VIIRS_NOAA21.A2024025.1918.001.2024130195307.nc
2024-02-13T07:24:00+00:00,SNPP,NIGHT,WINTER,0,0,0,1,1440,CLDMSK_L2_VIIRS_SNPP.A2024044.0724.002.2026034034552.nc
2024-02-13T17:12:00+00:00,SNPP,DAY,WINTER,,0,0,0,720,CLDMSK_L2_VIIRS_SNPP.A2024044.1712.002.2026034034638.nc
2024-02-13T18:48:00+00:00,SNPP,DAY,WINTER,,0,0,0,720,CLDMSK_L2_VIIRS_SNPP.A2024044.1848.002.2026034034654.nc
2024-02-13T06:36:00+00:00,NOAA20,NIGHT,WINTER,0,0,0,1,1440,CLDMSK_L2_VIIRS_NOAA20.A2024044.0636.002.2025235143507.nc
2024-02-13T08:18:00+00:00,NOAA20,NIGHT,WINTER,0,0,0,0,1080,CLDMSK_L2_VIIRS_NOAA20.A2024044.0818.002.2025235143621.nc
2024-02-13T18:00:00+00:00,NOAA20,DAY,WINTER,,0,0,0,0,CLDMSK_L2_VIIRS_NOAA20.A2024044.1800.002.2025235143736.nc
2024-02-13T07:00:00+00:00,NOAA21,NIGHT,WINTER,0,0,0,1,0,CLDMSK_L2_VIIRS_NOAA21.A2024044.0700.001.2024130195532.nc
2024-02-13T18:24:00+00:00,NOAA21,DAY,WINTER,,0,0,0,1440,CLDMSK_L2_VIIRS_NOAA21.A2024044.1824.001.2024130195531.nc
2024-01-09T06:42:00+00:00,SNPP,NIGHT,WINTER,0,0,0,0,1080,CLDMSK_L2_VIIRS_SNPP.A2024009.0642.002.2026034024235.nc
2024-01-09T08:24:00+00:00,SNPP,NIGHT,WINTER,0,0,0,0,1440,CLDMSK_L2_VIIRS_SNPP.A2024009.0824.002.2026034024244.nc
2024-01-09T07:30:00+00:00,NOAA20,NIGHT,WINTER,0,0,0,0,1800,CLDMSK_L2_VIIRS_NOAA20.A2024009.0730.002.2025235125915.nc
2024-01-09T17:18:00+00:00,NOAA20,DAY,WINTER,,0,0,0,420,CLDMSK_L2_VIIRS_NOAA20.A2024009.1718.002.2025235125933.nc
2024-01-09T18:54:00+00:00,NOAA20,DAY,WINTER,,0,0,0,360,CLDMSK_L2_VIIRS_NOAA20.A2024009.1854.002.2025235125956.nc
2024-01-09T06:12:00+00:00,NOAA21,NIGHT,WINTER,0,0,0,0,720,CLDMSK_L2_VIIRS_NOAA21.A2024009.0612.001.2024130194520.nc
2024-01-09T07:54:00+00:00,NOAA21,NIGHT,WINTER,0,0,0,0,360,CLDMSK_L2_VIIRS_NOAA21.A2024009.0754.001.2024130194524.nc
2024-01-09T17:42:00+00:00,NOAA21,DAY,WINTER,,0,0,0,840,CLDMSK_L2_VIIRS_NOAA21.A2024009.1742.001.2024130194546.nc
2024-01-09T19:18:00+00:00,NOAA21,DAY,WINTER,,0,0,0,1080,CLDMSK_L2_VIIRS_NOAA21.A2024009.1918.001.2024130194548.nc
2024-06-18T06:24:00+00:00,SNPP,NIGHT,SUMMER,1,0,0,1,1440,CLDMSK_L2_VIIRS_SNPP.A2024170.0624.002.2026034073636.nc
2024-06-18T08:00:00+00:00,SNPP,NIGHT,SUMMER,0,1,1,1,0,CLDMSK_L2_VIIRS_SNPP.A2024170.0800.002.2026034073652.nc
2024-06-18T17:48:00+00:00,SNPP,DAY,SUMMER,,1,1,1,720,CLDMSK_L2_VIIRS_SNPP.A2024170.1748.002.2026034073752.nc
2024-06-18T06:48:00+00:00,NOAA20,NIGHT,SUMMER,1,1,1,1,720,CLDMSK_L2_VIIRS_NOAA20.A2024170.0648.002.2025235210713.nc
2024-06-18T18:12:00+00:00,NOAA20,DAY,SUMMER,,1,1,1,720,CLDMSK_L2_VIIRS_NOAA20.A2024170.1812.002.2025235210951.nc
2024-06-18T07:36:00+00:00,NOAA21,NIGHT,SUMMER,0,1,1,1,1440,CLDMSK_L2_VIIRS_NOAA21.A2024170.0736.001.2024170191614.nc
2024-06-18T17:24:00+00:00,NOAA21,DAY,SUMMER,,1,0,1,1440,CLDMSK_L2_VIIRS_NOAA21.A2024170.1724.001.2024171013651.nc
2024-06-18T19:00:00+00:00,NOAA21,DAY,SUMMER,,0,0,0,0,CLDMSK_L2_VIIRS_NOAA21.A2024170.1900.001.2024171073656.nc
2023-02-04T07:42:00+00:00,SNPP,NIGHT,WINTER,1,1,1,1,1080,CLDMSK_L2_VIIRS_SNPP.A2023035.0742.002.2026033151226.nc
2023-02-04T17:24:00+00:00,SNPP,DAY,WINTER,,0,0,0,660,CLDMSK_L2_VIIRS_SNPP.A2023035.1724.002.2026033151325.nc
2023-02-04T19:06:00+00:00,SNPP,DAY,WINTER,,0,0,0,360,CLDMSK_L2_VIIRS_SNPP.A2023035.1906.002.2026033151326.nc
2023-02-04T06:48:00+00:00,NOAA20,NIGHT,WINTER,1,0,0,1,720,CLDMSK_L2_VIIRS_NOAA20.A2023035.0648.001.2023233200536.nc
2023-02-04T08:30:00+00:00,NOAA20,NIGHT,WINTER,1,0,0,1,1800,CLDMSK_L2_VIIRS_NOAA20.A2023035.0830.001.2023233200529.nc
2023-02-04T18:12:00+00:00,NOAA20,DAY,WINTER,,0,0,0,720,CLDMSK_L2_VIIRS_NOAA20.A2023035.1812.001.2023233200529.nc
2021-05-15T06:12:00+00:00,SNPP,NIGHT,SPRING,0,0,1,1,720,CLDMSK_L2_VIIRS_SNPP.A2021135.0612.002.2026032202523.nc
2021-05-15T07:48:00+00:00,SNPP,NIGHT,SPRING,0,0,1,1,720,CLDMSK_L2_VIIRS_SNPP.A2021135.0748.002.2026032202527.nc
2021-05-15T17:36:00+00:00,SNPP,DAY,SPRING,,0,0,0,1440,CLDMSK_L2_VIIRS_SNPP.A2021135.1736.002.2026032202630.nc
2021-05-15T19:12:00+00:00,SNPP,DAY,SPRING,,0,0,0,720,CLDMSK_L2_VIIRS_SNPP.A2021135.1912.002.2026032202634.nc
2021-05-15T07:00:00+00:00,NOAA20,NIGHT,SPRING,0,1,1,1,0,CLDMSK_L2_VIIRS_NOAA20.A2021135.0700.001.2021135194230.nc
2021-05-15T18:24:00+00:00,NOAA20,DAY,SPRING,,0,0,0,60,CLDMSK_L2_VIIRS_NOAA20.A2021135.1824.001.2021136073657.nc
2021-01-10T06:54:00+00:00,SNPP,NIGHT,WINTER,0,0,0,0,360,CLDMSK_L2_VIIRS_SNPP.A2021010.0654.002.2026032155112.nc
2021-01-10T08:36:00+00:00,SNPP,NIGHT,WINTER,0,0,0,0,1440,CLDMSK_L2_VIIRS_SNPP.A2021010.0836.002.2026032155118.nc
2021-01-10T18:18:00+00:00,SNPP,DAY,WINTER,,0,0,0,1080,CLDMSK_L2_VIIRS_SNPP.A2021010.1818.002.2026032155215.nc
2021-01-10T06:06:00+00:00,NOAA20,NIGHT,WINTER,0,0,0,0,360,CLDMSK_L2_VIIRS_NOAA20.A2021010.0606.001.2021010190024.nc
2021-01-10T07:42:00+00:00,NOAA20,NIGHT,WINTER,0,1,1,0,1080,CLDMSK_L2_VIIRS_NOAA20.A2021010.0742.001.2021010190026.nc
2021-01-10T17:30:00+00:00,NOAA20,DAY,WINTER,,0,0,0,1800,CLDMSK_L2_VIIRS_NOAA20.A2021010.1730.001.2021011010926.nc
2021-01-10T19:06:00+00:00,NOAA20,DAY,WINTER,,0,0,0,360,CLDMSK_L2_VIIRS_NOAA20.A2021010.1906.001.2021011070207.nc
2020-03-28T06:54:00+00:00,SNPP,NIGHT,SPRING,0,0,0,0,360,CLDMSK_L2_VIIRS_SNPP.A2020088.0654.002.2026032061521.nc
2020-03-28T08:36:00+00:00,SNPP,NIGHT,SPRING,0,0,0,0,1440,CLDMSK_L2_VIIRS_SNPP.A2020088.0836.002.2026032061547.nc
2020-03-28T18:18:00+00:00,SNPP,DAY,SPRING,,0,0,0,1080,CLDMSK_L2_VIIRS_SNPP.A2020088.1818.002.2026032061703.nc
2020-03-28T06:06:00+00:00,NOAA20,NIGHT,SPRING,0,0,0,0,360,CLDMSK_L2_VIIRS_NOAA20.A2020088.0606.001.2020294212150.nc
2020-03-28T07:42:00+00:00,NOAA20,NIGHT,SPRING,0,0,0,0,1080,CLDMSK_L2_VIIRS_NOAA20.A2020088.0742.001.2020294212215.nc
2020-03-28T17:30:00+00:00,NOAA20,DAY,SPRING,,0,0,0,420,CLDMSK_L2_VIIRS_NOAA20.A2020088.1730.001.2020294212239.nc
2020-03-28T19:12:00+00:00,NOAA20,DAY,SPRING,,0,0,0,720,CLDMSK_L2_VIIRS_NOAA20.A2020088.1912.001.2020294212241.nc
2022-09-24T07:30:00+00:00,SNPP,NIGHT,AUTUMN,0,0,0,0,1800,CLDMSK_L2_VIIRS_SNPP.A2022267.0730.002.2026033110628.nc
2022-09-24T17:18:00+00:00,SNPP,DAY,AUTUMN,,1,1,0,1080,CLDMSK_L2_VIIRS_SNPP.A2022267.1718.002.2026033110730.nc
2022-09-24T19:00:00+00:00,SNPP,DAY,AUTUMN,,0,0,0,0,CLDMSK_L2_VIIRS_SNPP.A2022267.1900.002.2026033110755.nc
2022-09-24T06:42:00+00:00,NOAA20,NIGHT,AUTUMN,0,0,0,0,1080,CLDMSK_L2_VIIRS_NOAA20.A2022267.0642.001.2022267190751.nc
2022-09-24T08:24:00+00:00,NOAA20,NIGHT,AUTUMN,0,0,0,0,1440,CLDMSK_L2_VIIRS_NOAA20.A2022267.0824.001.2022267204735.nc
2022-09-24T18:06:00+00:00,NOAA20,DAY,AUTUMN,,0,0,0,360,CLDMSK_L2_VIIRS_NOAA20.A2022267.1806.001.2022268073817.nc
2022-04-20T06:36:00+00:00,SNPP,NIGHT,SPRING,1,1,0,0,1440,CLDMSK_L2_VIIRS_SNPP.A2022110.0636.002.2026033064618.nc
2022-04-20T08:18:00+00:00,SNPP,NIGHT,SPRING,1,0,0,0,1080,CLDMSK_L2_VIIRS_SNPP.A2022110.0818.002.2026033064621.nc
2022-04-20T18:00:00+00:00,SNPP,DAY,SPRING,,0,0,1,0,CLDMSK_L2_VIIRS_SNPP.A2022110.1800.002.2026033064719.nc
2022-04-20T07:24:00+00:00,NOAA20,NIGHT,SPRING,1,0,0,0,1440,CLDMSK_L2_VIIRS_NOAA20.A2022110.0724.001.2022110194447.nc
2022-04-20T17:12:00+00:00,NOAA20,DAY,SPRING,,1,0,1,720,CLDMSK_L2_VIIRS_NOAA20.A2022110.1712.001.2022111013433.nc
2022-04-20T18:48:00+00:00,NOAA20,DAY,SPRING,,0,0,0,720,CLDMSK_L2_VIIRS_NOAA20.A2022110.1848.001.2022111072503.nc
2022-04-28T07:24:00+00:00,SNPP,NIGHT,SPRING,0,1,1,1,1440,CLDMSK_L2_VIIRS_SNPP.A2022118.0724.002.2026033070039.nc
2022-04-28T17:12:00+00:00,SNPP,DAY,SPRING,,0,0,1,720,CLDMSK_L2_VIIRS_SNPP.A2022118.1712.002.2026033070142.nc
2022-04-28T18:48:00+00:00,SNPP,DAY,SPRING,,0,0,1,720,CLDMSK_L2_VIIRS_SNPP.A2022118.1848.002.2026033070147.nc
2022-04-28T06:36:00+00:00,NOAA20,NIGHT,SPRING,0,1,1,1,1440,CLDMSK_L2_VIIRS_NOAA20.A2022118.0636.001.2022118193645.nc
2022-04-28T08:18:00+00:00,NOAA20,NIGHT,SPRING,0,1,1,1,1080,CLDMSK_L2_VIIRS_NOAA20.A2022118.0818.001.2022118193642.nc
2022-04-28T18:00:00+00:00,NOAA20,DAY,SPRING,,0,0,1,0,CLDMSK_L2_VIIRS_NOAA20.A2022118.1800.001.2022119073137.nc
2022-06-03T06:12:00+00:00,SNPP,NIGHT,SUMMER,0,1,1,1,720,CLDMSK_L2_VIIRS_SNPP.A2022154.0612.002.2026033080703.nc
2022-06-03T07:48:00+00:00,SNPP,NIGHT,SUMMER,0,1,1,1,720,CLDMSK_L2_VIIRS_SNPP.A2022154.0748.002.2026033080714.nc
2022-06-03T17:36:00+00:00,SNPP,DAY,SUMMER,,0,0,0,1440,CLDMSK_L2_VIIRS_SNPP.A2022154.1736.002.2026033080807.nc
2022-06-03T19:12:00+00:00,SNPP,DAY,SUMMER,,0,0,0,720,CLDMSK_L2_VIIRS_SNPP.A2022154.1912.002.2026033080823.nc
2022-06-03T07:00:00+00:00,NOAA20,NIGHT,SUMMER,0,1,1,1,0,CLDMSK_L2_VIIRS_NOAA20.A2022154.0700.001.2022154193548.nc
2022-06-03T18:24:00+00:00,NOAA20,DAY,SUMMER,,0,0,0,1440,CLDMSK_L2_VIIRS_NOAA20.A2022154.1824.001.2022155073652.nc
2022-08-12T06:00:00+00:00,SNPP,NIGHT,SUMMER,1,0,1,1,0,CLDMSK_L2_VIIRS_SNPP.A2022224.0600.002.2026033094805.nc
2022-08-12T07:36:00+00:00,SNPP,NIGHT,SUMMER,1,1,1,1,1440,CLDMSK_L2_VIIRS_SNPP.A2022224.0736.002.2026033094828.nc
2022-08-12T17:24:00+00:00,SNPP,DAY,SUMMER,,1,1,1,1440,CLDMSK_L2_VIIRS_SNPP.A2022224.1724.002.2026033094919.nc
2022-08-12T19:06:00+00:00,SNPP,DAY,SUMMER,,1,1,1,360,CLDMSK_L2_VIIRS_SNPP.A2022224.1906.002.2026033094930.nc
2022-08-12T06:48:00+00:00,NOAA20,NIGHT,SUMMER,1,1,1,1,720,CLDMSK_L2_VIIRS_NOAA20.A2022224.0648.001.2022224191801.nc
2022-08-12T08:30:00+00:00,NOAA20,NIGHT,SUMMER,1,1,1,1,1800,CLDMSK_L2_VIIRS_NOAA20.A2022224.0830.001.2022224205844.nc
2022-08-12T18:12:00+00:00,NOAA20,DAY,SUMMER,,1,1,1,720,CLDMSK_L2_VIIRS_NOAA20.A2022224.1812.001.2022225073437.nc
2020-01-12T07:18:00+00:00,SNPP,NIGHT,WINTER,1,1,1,0,420,CLDMSK_L2_VIIRS_SNPP.A2020012.0718.002.2026032030351.nc
2020-01-12T17:00:00+00:00,SNPP,DAY,WINTER,,0,0,0,0,CLDMSK_L2_VIIRS_SNPP.A2020012.1700.002.2026032030506.nc
2020-01-12T18:42:00+00:00,SNPP,DAY,WINTER,,0,0,0,1080,CLDMSK_L2_VIIRS_SNPP.A2020012.1842.002.2026032030516.nc
2020-01-12T06:30:00+00:00,NOAA20,NIGHT,WINTER,1,0,0,0,1020,CLDMSK_L2_VIIRS_NOAA20.A2020012.0630.001.2020294230905.nc
2020-01-12T08:06:00+00:00,NOAA20,NIGHT,WINTER,1,0,0,0,360,CLDMSK_L2_VIIRS_NOAA20.A2020012.0806.001.2020294230907.nc
2020-01-12T17:54:00+00:00,NOAA20,DAY,WINTER,,0,0,0,360,CLDMSK_L2_VIIRS_NOAA20.A2020012.1754.001.2020294230957.nc
2021-06-16T06:12:00+00:00,SNPP,NIGHT,SUMMER,0,1,1,1,720,CLDMSK_L2_VIIRS_SNPP.A2021167.0612.002.2026032212430.nc
2021-06-16T07:48:00+00:00,SNPP,NIGHT,SUMMER,0,1,1,1,720,CLDMSK_L2_VIIRS_SNPP.A2021167.0748.002.2026032212448.nc
2021-06-16T17:36:00+00:00,SNPP,DAY,SUMMER,,1,1,1,1440,CLDMSK_L2_VIIRS_SNPP.A2021167.1736.002.2026032212541.nc
2021-06-16T19:12:00+00:00,SNPP,DAY,SUMMER,,0,0,0,720,CLDMSK_L2_VIIRS_SNPP.A2021167.1912.002.2026032212545.nc
2021-06-16T07:00:00+00:00,NOAA20,NIGHT,SUMMER,0,1,1,1,0,CLDMSK_L2_VIIRS_NOAA20.A2021167.0700.001.2021167192608.nc
2021-06-16T18:24:00+00:00,NOAA20,DAY,SUMMER,,1,1,1,1440,CLDMSK_L2_VIIRS_NOAA20.A2021167.1824.001.2021168072631.nc
2021-12-15T06:00:00+00:00,SNPP,NIGHT,WINTER,1,0,0,0,0,CLDMSK_L2_VIIRS_SNPP.A2021349.0600.002.2026033025647.nc
2021-12-15T07:42:00+00:00,SNPP,NIGHT,WINTER,1,0,0,0,1080,CLDMSK_L2_VIIRS_SNPP.A2021349.0742.002.2026033025655.nc
2021-12-15T17:24:00+00:00,SNPP,DAY,WINTER,,0,0,0,1440,CLDMSK_L2_VIIRS_SNPP.A2021349.1724.002.2026033025816.nc
2021-12-15T19:06:00+00:00,SNPP,DAY,WINTER,,0,0,0,360,CLDMSK_L2_VIIRS_SNPP.A2021349.1906.002.2026033025816.nc
2021-12-15T06:48:00+00:00,NOAA20,NIGHT,WINTER,1,0,0,0,720,CLDMSK_L2_VIIRS_NOAA20.A2021349.0648.001.2021349193627.nc
2021-12-15T08:30:00+00:00,NOAA20,NIGHT,WINTER,1,0,0,0,1800,CLDMSK_L2_VIIRS_NOAA20.A2021349.0830.001.2021349193457.nc
2021-12-15T18:12:00+00:00,NOAA20,DAY,WINTER,,0,0,0,180,CLDMSK_L2_VIIRS_NOAA20.A2021349.1812.001.2021350074812.nc
2021-03-26T06:48:00+00:00,SNPP,NIGHT,SPRING,1,0,0,0,720,CLDMSK_L2_VIIRS_SNPP.A2021085.0648.002.2026032185256.nc
2021-03-26T08:30:00+00:00,SNPP,NIGHT,SPRING,1,0,0,0,1080,CLDMSK_L2_VIIRS_SNPP.A2021085.0830.002.2026032185308.nc
2021-03-26T18:12:00+00:00,SNPP,DAY,SPRING,,0,0,0,720,CLDMSK_L2_VIIRS_SNPP.A2021085.1812.002.2026032185405.nc
2021-03-26T07:36:00+00:00,NOAA20,NIGHT,SPRING,1,0,0,0,1440,CLDMSK_L2_VIIRS_NOAA20.A2021085.0736.001.2021085192916.nc
2021-03-26T17:24:00+00:00,NOAA20,DAY,SPRING,,0,0,0,1440,CLDMSK_L2_VIIRS_NOAA20.A2021085.1724.001.2021086012550.nc
2021-03-26T19:00:00+00:00,NOAA20,DAY,SPRING,,0,0,0,0,CLDMSK_L2_VIIRS_NOAA20.A2021085.1900.001.2021086073049.nc
2021-06-23T07:18:00+00:00,SNPP,NIGHT,SUMMER,1,1,1,1,1080,CLDMSK_L2_VIIRS_SNPP.A2021174.0718.002.2026032213722.nc
2021-06-23T17:06:00+00:00,SNPP,DAY,SUMMER,,0,0,0,360,CLDMSK_L2_VIIRS_SNPP.A2021174.1706.002.2026032213827.nc
2021-06-23T18:42:00+00:00,SNPP,DAY,SUMMER,,1,0,0,1080,CLDMSK_L2_VIIRS_SNPP.A2021174.1842.002.2026032213824.nc
2021-06-23T06:30:00+00:00,NOAA20,NIGHT,SUMMER,1,0,0,1,1800,CLDMSK_L2_VIIRS_NOAA20.A2021174.0630.001.2021174192632.nc
2021-06-23T08:12:00+00:00,NOAA20,NIGHT,SUMMER,1,0,0,1,720,CLDMSK_L2_VIIRS_NOAA20.A2021174.0812.001.2021174192700.nc
2021-06-23T17:54:00+00:00,NOAA20,DAY,SUMMER,,0,0,0,360,CLDMSK_L2_VIIRS_NOAA20.A2021174.1754.001.2021175012812.nc
2024-01-07T07:18:00+00:00,SNPP,NIGHT,WINTER,0,0,0,0,1080,CLDMSK_L2_VIIRS_SNPP.A2024007.0718.002.2026034023852.nc
2024-01-07T17:06:00+00:00,SNPP,DAY,WINTER,,0,0,0,360,CLDMSK_L2_VIIRS_SNPP.A2024007.1706.002.2026034023954.nc
2024-01-07T18:42:00+00:00,SNPP,DAY,WINTER,,0,0,0,1080,CLDMSK_L2_VIIRS_SNPP.A2024007.1842.002.2026034024012.nc
2024-01-07T06:30:00+00:00,NOAA20,NIGHT,WINTER,0,0,0,0,1800,CLDMSK_L2_VIIRS_NOAA20.A2024007.0630.002.2025235125318.nc
2024-01-07T08:12:00+00:00,NOAA20,NIGHT,WINTER,0,0,0,0,720,CLDMSK_L2_VIIRS_NOAA20.A2024007.0812.002.2025235125350.nc
2024-01-07T17:54:00+00:00,NOAA20,DAY,WINTER,,0,0,0,360,CLDMSK_L2_VIIRS_NOAA20.A2024007.1754.002.2025235125633.nc
2024-01-07T06:54:00+00:00,NOAA21,NIGHT,WINTER,0,0,0,0,360,CLDMSK_L2_VIIRS_NOAA21.A2024007.0654.001.2024130194405.nc
2024-01-07T18:18:00+00:00,NOAA21,DAY,WINTER,,0,0,0,1080,CLDMSK_L2_VIIRS_NOAA21.A2024007.1818.001.2024130194449.nc
2023-08-19T06:24:00+00:00,SNPP,NIGHT,SUMMER,0,1,1,1,1440,CLDMSK_L2_VIIRS_SNPP.A2023231.0624.002.2026033221821.nc
2023-08-19T08:06:00+00:00,SNPP,NIGHT,SUMMER,0,1,1,0,360,CLDMSK_L2_VIIRS_SNPP.A2023231.0806.002.2026033221831.nc
2023-08-19T17:48:00+00:00,SNPP,DAY,SUMMER,,1,1,0,720,CLDMSK_L2_VIIRS_SNPP.A2023231.1748.002.2026033221950.nc
2023-08-19T07:12:00+00:00,NOAA20,NIGHT,SUMMER,0,1,1,1,720,CLDMSK_L2_VIIRS_NOAA20.A2023231.0712.002.2025235054623.nc
2023-08-19T17:00:00+00:00,NOAA20,DAY,SUMMER,,1,1,0,0,CLDMSK_L2_VIIRS_NOAA20.A2023231.1700.002.2025235054810.nc
2023-08-19T18:36:00+00:00,NOAA20,DAY,SUMMER,,1,1,0,1440,CLDMSK_L2_VIIRS_NOAA20.A2023231.1836.002.2025235054801.nc
2023-08-19T07:36:00+00:00,NOAA21,NIGHT,SUMMER,0,1,1,0,1440,CLDMSK_L2_VIIRS_NOAA21.A2023231.0736.001.2024130191136.nc
2023-08-19T17:18:00+00:00,NOAA21,DAY,SUMMER,,1,1,0,1080,CLDMSK_L2_VIIRS_NOAA21.A2023231.1718.001.2024130191130.nc
2023-08-19T19:00:00+00:00,NOAA21,DAY,SUMMER,,1,1,0,0,CLDMSK_L2_VIIRS_NOAA21.A2023231.1900.001.2024130191111.nc
2020-03-05T07:24:00+00:00,SNPP,NIGHT,SPRING,1,0,0,0,1440,CLDMSK_L2_VIIRS_SNPP.A2020065.0724.002.2026032051818.nc
2020-03-05T17:12:00+00:00,SNPP,DAY,SPRING,,0,1,1,720,CLDMSK_L2_VIIRS_SNPP.A2020065.1712.002.2026032051933.nc
2020-03-05T18:48:00+00:00,SNPP,DAY,SPRING,,0,0,0,720,CLDMSK_L2_VIIRS_SNPP.A2020065.1848.002.2026032051938.nc
2020-03-05T06:36:00+00:00,NOAA20,NIGHT,SPRING,1,0,0,0,1440,CLDMSK_L2_VIIRS_NOAA20.A2020065.0636.001.2020294215354.nc
2020-03-05T08:18:00+00:00,NOAA20,NIGHT,SPRING,1,0,0,0,1080,CLDMSK_L2_VIIRS_NOAA20.A2020065.0818.001.2020294215359.nc
2020-03-05T18:00:00+00:00,NOAA20,DAY,SPRING,,0,0,1,0,CLDMSK_L2_VIIRS_NOAA20.A2020065.1800.001.2020294215447.nc
2021-12-14T06:18:00+00:00,SNPP,NIGHT,WINTER,1,1,1,1,360,CLDMSK_L2_VIIRS_SNPP.A2021348.0618.002.2026033025449.nc
2021-12-14T08:00:00+00:00,SNPP,NIGHT,WINTER,1,1,0,1,0,CLDMSK_L2_VIIRS_SNPP.A2021348.0800.002.2026033025459.nc
2021-12-14T17:42:00+00:00,SNPP,DAY,WINTER,,1,1,1,1080,CLDMSK_L2_VIIRS_SNPP.A2021348.1742.002.2026033025606.nc
2021-12-14T19:24:00+00:00,SNPP,DAY,WINTER,,1,0,0,1440,CLDMSK_L2_VIIRS_SNPP.A2021348.1924.002.2026033025614.nc
2021-12-14T07:06:00+00:00,NOAA20,NIGHT,WINTER,1,1,1,1,360,CLDMSK_L2_VIIRS_NOAA20.A2021348.0706.001.2021348193316.nc
2021-12-14T16:48:00+00:00,NOAA20,DAY,WINTER,,1,1,1,720,CLDMSK_L2_VIIRS_NOAA20.A2021348.1648.001.2021349013254.nc
2021-12-14T18:30:00+00:00,NOAA20,DAY,WINTER,,0,0,1,1800,CLDMSK_L2_VIIRS_NOAA20.A2021348.1830.001.2021349074250.nc
2020-08-02T07:12:00+00:00,SNPP,NIGHT,SUMMER,1,0,0,0,720,CLDMSK_L2_VIIRS_SNPP.A2020215.0712.002.2026032105130.nc
2020-08-02T16:54:00+00:00,SNPP,DAY,SUMMER,,0,0,0,360,CLDMSK_L2_VIIRS_SNPP.A2020215.1654.002.2026032105236.nc
2020-08-02T18:36:00+00:00,SNPP,DAY,SUMMER,,0,0,0,1440,CLDMSK_L2_VIIRS_SNPP.A2020215.1836.002.2026032105252.nc
2020-08-02T06:24:00+00:00,NOAA20,NIGHT,SUMMER,1,0,0,0,540,CLDMSK_L2_VIIRS_NOAA20.A2020215.0624.001.2020294145304.nc
2020-08-02T08:00:00+00:00,NOAA20,NIGHT,SUMMER,1,0,0,0,0,CLDMSK_L2_VIIRS_NOAA20.A2020215.0800.001.2020294145300.nc
2020-08-02T17:48:00+00:00,NOAA20,DAY,SUMMER,,0,0,0,720,CLDMSK_L2_VIIRS_NOAA20.A2020215.1748.001.2020294145432.nc
2021-06-03T06:54:00+00:00,SNPP,NIGHT,SUMMER,1,0,0,0,360,CLDMSK_L2_VIIRS_SNPP.A2021154.0654.002.2026032210005.nc
2021-06-03T18:18:00+00:00,SNPP,DAY,SUMMER,,0,0,0,1080,CLDMSK_L2_VIIRS_SNPP.A2021154.1818.002.2026032210122.nc
2021-06-03T06:06:00+00:00,NOAA20,NIGHT,SUMMER,0,0,0,0,0,CLDMSK_L2_VIIRS_NOAA20.A2021154.0606.001.2021154194006.nc
2021-06-03T07:42:00+00:00,NOAA20,NIGHT,SUMMER,1,0,0,0,1080,CLDMSK_L2_VIIRS_NOAA20.A2021154.0742.001.2021154194005.nc
2021-06-03T17:30:00+00:00,NOAA20,DAY,SUMMER,,0,0,0,1800,CLDMSK_L2_VIIRS_NOAA20.A2021154.1730.001.2021155013611.nc
2021-06-03T19:12:00+00:00,NOAA20,DAY,SUMMER,,0,0,0,720,CLDMSK_L2_VIIRS_NOAA20.A2021154.1912.001.2021155072342.nc
2024-09-20T07:00:00+00:00,SNPP,NIGHT,AUTUMN,1,1,1,1,0,CLDMSK_L2_VIIRS_SNPP.A2024264.0700.002.2026034102721.nc
2024-09-20T18:24:00+00:00,SNPP,DAY,AUTUMN,,0,0,0,1440,CLDMSK_L2_VIIRS_SNPP.A2024264.1824.002.2026034102848.nc
2024-09-20T07:24:00+00:00,NOAA20,NIGHT,AUTUMN,1,1,1,1,1440,CLDMSK_L2_VIIRS_NOAA20.A2024264.0724.002.2025236021131.nc
2024-09-20T17:06:00+00:00,NOAA20,DAY,AUTUMN,,0,0,0,360,CLDMSK_L2_VIIRS_NOAA20.A2024264.1706.002.2025236021435.nc
2024-09-20T18:48:00+00:00,NOAA20,DAY,AUTUMN,,0,0,0,720,CLDMSK_L2_VIIRS_NOAA20.A2024264.1848.002.2025236021523.nc
2024-09-20T06:36:00+00:00,NOAA21,NIGHT,AUTUMN,1,1,1,1,1440,CLDMSK_L2_VIIRS_NOAA21.A2024264.0636.001.2024264190601.nc
2024-09-20T08:18:00+00:00,NOAA21,NIGHT,AUTUMN,1,1,1,1,1080,CLDMSK_L2_VIIRS_NOAA21.A2024264.0818.001.2024264190611.nc
2024-09-20T18:00:00+00:00,NOAA21,DAY,AUTUMN,,0,0,0,0,CLDMSK_L2_VIIRS_NOAA21.A2024264.1800.001.2024265073636.nc
2021-04-10T07:06:00+00:00,SNPP,NIGHT,SPRING,0,1,1,0,360,CLDMSK_L2_VIIRS_SNPP.A2021100.0706.002.2026032192024.nc
2021-04-10T16:48:00+00:00,SNPP,DAY,SPRING,,0,0,0,720,CLDMSK_L2_VIIRS_SNPP.A2021100.1648.002.2026032192134.nc
2021-04-10T18:30:00+00:00,SNPP,DAY,SPRING,,0,0,0,1800,CLDMSK_L2_VIIRS_SNPP.A2021100.1830.002.2026032192127.nc
2021-04-10T06:18:00+00:00,NOAA20,NIGHT,SPRING,0,1,1,0,540,CLDMSK_L2_VIIRS_NOAA20.A2021100.0618.001.2021100193541.nc
2021-04-10T07:54:00+00:00,NOAA20,NIGHT,SPRING,0,0,0,0,360,CLDMSK_L2_VIIRS_NOAA20.A2021100.0754.001.2021100193553.nc
2021-04-10T17:42:00+00:00,NOAA20,DAY,SPRING,,0,0,0,1080,CLDMSK_L2_VIIRS_NOAA20.A2021100.1742.001.2021101013853.nc
2021-04-10T19:24:00+00:00,NOAA20,DAY,SPRING,,0,0,0,1440,CLDMSK_L2_VIIRS_NOAA20.A2021100.1924.001.2021101073538.nc
2025-01-10T07:00:00+00:00,SNPP,NIGHT,WINTER,1,1,1,1,0,CLDMSK_L2_VIIRS_SNPP.A2025010.0700.002.2026034135341.nc
2025-01-10T18:24:00+00:00,SNPP,DAY,WINTER,,0,0,0,1440,CLDMSK_L2_VIIRS_SNPP.A2025010.1824.002.2026034135503.nc
2025-01-10T07:24:00+00:00,NOAA20,NIGHT,WINTER,1,1,0,1,1440,CLDMSK_L2_VIIRS_NOAA20.A2025010.0724.001.2025010194604.nc
2025-01-10T17:06:00+00:00,NOAA20,DAY,WINTER,,0,0,0,360,CLDMSK_L2_VIIRS_NOAA20.A2025010.1706.001.2025011052627.nc
2025-01-10T18:48:00+00:00,NOAA20,DAY,WINTER,,0,0,0,720,CLDMSK_L2_VIIRS_NOAA20.A2025010.1848.001.2025011072657.nc
2025-01-10T06:36:00+00:00,NOAA21,NIGHT,WINTER,1,1,0,1,1440,CLDMSK_L2_VIIRS_NOAA21.A2025010.0636.001.2025010191944.nc
2025-01-10T08:18:00+00:00,NOAA21,NIGHT,WINTER,1,1,0,1,1080,CLDMSK_L2_VIIRS_NOAA21.A2025010.0818.001.2025010191936.nc
2025-01-10T18:00:00+00:00,NOAA21,DAY,WINTER,,0,0,0,0,CLDMSK_L2_VIIRS_NOAA21.A2025010.1800.001.2025011073009.nc
2025-10-03T07:18:00+00:00,SNPP,NIGHT,AUTUMN,0,1,1,1,1080,CLDMSK_L2_VIIRS_SNPP.A2025276.0718.002.2026063171231.nc
2025-10-03T17:00:00+00:00,SNPP,DAY,AUTUMN,,1,1,1,0,CLDMSK_L2_VIIRS_SNPP.A2025276.1700.002.2026063171328.nc
2025-10-03T18:42:00+00:00,SNPP,DAY,AUTUMN,,1,1,1,1080,CLDMSK_L2_VIIRS_SNPP.A2025276.1842.002.2026063171250.nc
2025-10-03T07:36:00+00:00,NOAA20,NIGHT,AUTUMN,0,1,1,1,1440,CLDMSK_L2_VIIRS_NOAA20.A2025276.0736.001.2025276194759.nc
2025-10-03T17:24:00+00:00,NOAA20,DAY,AUTUMN,,1,1,1,1440,CLDMSK_L2_VIIRS_NOAA20.A2025276.1724.001.2025277053844.nc
2025-10-03T19:00:00+00:00,NOAA20,DAY,AUTUMN,,1,1,1,0,CLDMSK_L2_VIIRS_NOAA20.A2025276.1900.001.2025277071845.nc
2025-10-03T06:48:00+00:00,NOAA21,NIGHT,AUTUMN,0,1,1,1,720,CLDMSK_L2_VIIRS_NOAA21.A2025276.0648.001.2025276191045.nc
2025-10-03T08:30:00+00:00,NOAA21,NIGHT,AUTUMN,0,1,1,1,1800,CLDMSK_L2_VIIRS_NOAA21.A2025276.0830.001.2025276191058.nc
2025-10-03T18:12:00+00:00,NOAA21,DAY,AUTUMN,,1,1,1,720,CLDMSK_L2_VIIRS_NOAA21.A2025276.1812.001.2025277072109.nc
2021-03-22T06:24:00+00:00,SNPP,NIGHT,SPRING,1,1,1,1,1440,CLDMSK_L2_VIIRS_SNPP.A2021081.0624.002.2026032184546.nc
2021-03-22T08:00:00+00:00,SNPP,NIGHT,SPRING,0,1,1,1,0,CLDMSK_L2_VIIRS_SNPP.A2021081.0800.002.2026032184540.nc
2021-03-22T17:48:00+00:00,SNPP,DAY,SPRING,,0,1,1,720,CLDMSK_L2_VIIRS_SNPP.A2021081.1748.002.2026032184703.nc
2021-03-22T07:12:00+00:00,NOAA20,NIGHT,SPRING,1,1,1,1,720,CLDMSK_L2_VIIRS_NOAA20.A2021081.0712.001.2021081192927.nc
2021-03-22T16:54:00+00:00,NOAA20,DAY,SPRING,,1,1,1,360,CLDMSK_L2_VIIRS_NOAA20.A2021081.1654.001.2021082015854.nc
2025-01-25T07:18:00+00:00,SNPP,NIGHT,WINTER,0,0,0,0,1080,CLDMSK_L2_VIIRS_SNPP.A2025025.0718.002.2026034142050.nc
2025-01-25T06:00:00+00:00,NOAA20,NIGHT,WINTER,0,0,0,0,0,CLDMSK_L2_VIIRS_NOAA20.A2025025.0600.001.2025025190651.nc
2025-01-25T07:42:00+00:00,NOAA20,NIGHT,WINTER,0,0,0,0,1080,CLDMSK_L2_VIIRS_NOAA20.A2025025.0742.001.2025025195657.nc
2025-01-25T06:54:00+00:00,NOAA21,NIGHT,WINTER,0,0,0,0,360,CLDMSK_L2_VIIRS_NOAA21.A2025025.0654.001.2025025190914.nc
2025-08-25T06:06:00+00:00,SNPP,NIGHT,SUMMER,0,0,0,0,360,CLDMSK_L2_VIIRS_SNPP.A2025237.0606.002.2026034205207.nc
2025-08-25T07:48:00+00:00,SNPP,NIGHT,SUMMER,0,0,0,1,720,CLDMSK_L2_VIIRS_SNPP.A2025237.0748.002.2026034205208.nc
2025-08-25T06:30:00+00:00,NOAA20,NIGHT,SUMMER,0,0,0,0,1800,CLDMSK_L2_VIIRS_NOAA20.A2025237.0630.001.2025237191939.nc
2025-08-25T08:06:00+00:00,NOAA20,NIGHT,SUMMER,0,0,0,1,360,CLDMSK_L2_VIIRS_NOAA20.A2025237.0806.001.2025237202012.nc
2025-08-25T07:18:00+00:00,NOAA21,NIGHT,SUMMER,0,0,1,0,1080,CLDMSK_L2_VIIRS_NOAA21.A2025237.0718.001.2025238184902.nc
2025-02-19T06:12:00+00:00,SNPP,NIGHT,WINTER,1,0,0,0,720,CLDMSK_L2_VIIRS_SNPP.A2025050.0612.002.2026034150622.nc
2025-02-19T07:54:00+00:00,SNPP,NIGHT,WINTER,1,1,0,0,360,CLDMSK_L2_VIIRS_SNPP.A2025050.0754.002.2026034150623.nc
2025-02-19T06:36:00+00:00,NOAA20,NIGHT,WINTER,1,0,0,0,180,CLDMSK_L2_VIIRS_NOAA20.A2025050.0636.001.2025050190255.nc
2025-02-19T08:12:00+00:00,NOAA20,NIGHT,WINTER,1,0,0,0,720,CLDMSK_L2_VIIRS_NOAA20.A2025050.0812.001.2025050205105.nc
2025-02-19T07:24:00+00:00,NOAA21,NIGHT,WINTER,1,0,0,0,1440,CLDMSK_L2_VIIRS_NOAA21.A2025050.0724.001.2025050190730.nc
2025-05-15T06:18:00+00:00,SNPP,NIGHT,SPRING,1,0,0,0,1080,CLDMSK_L2_VIIRS_SNPP.A2025135.0618.002.2026034174540.nc
2025-05-15T08:00:00+00:00,SNPP,NIGHT,SPRING,1,0,0,1,0,CLDMSK_L2_VIIRS_SNPP.A2025135.0800.002.2026034174556.nc
2025-05-15T06:42:00+00:00,NOAA20,NIGHT,SPRING,1,0,1,1,1080,CLDMSK_L2_VIIRS_NOAA20.A2025135.0642.001.2025135190610.nc
2025-05-15T08:18:00+00:00,NOAA20,NIGHT,SPRING,1,0,1,1,1080,CLDMSK_L2_VIIRS_NOAA20.A2025135.0818.001.2025135203619.nc
2025-05-15T07:30:00+00:00,NOAA21,NIGHT,SPRING,1,1,1,1,1800,CLDMSK_L2_VIIRS_NOAA21.A2025135.0730.001.2025135190119.nc
2024-07-03T06:42:00+00:00,SNPP,NIGHT,SUMMER,0,0,0,0,1080,CLDMSK_L2_VIIRS_SNPP.A2024185.0642.002.2026034080417.nc
2024-07-03T07:06:00+00:00,NOAA20,NIGHT,SUMMER,0,0,0,0,360,CLDMSK_L2_VIIRS_NOAA20.A2024185.0706.002.2025235215528.nc
2024-07-03T06:18:00+00:00,NOAA21,NIGHT,SUMMER,0,0,0,0,1080,CLDMSK_L2_VIIRS_NOAA21.A2024185.0618.001.2024185185928.nc
2024-07-03T07:54:00+00:00,NOAA21,NIGHT,SUMMER,0,1,1,0,360,CLDMSK_L2_VIIRS_NOAA21.A2024185.0754.001.2024185185944.nc
2024-10-12T06:48:00+00:00,SNPP,NIGHT,AUTUMN,0,1,1,1,720,CLDMSK_L2_VIIRS_SNPP.A2024286.0648.002.2026034110806.nc
2024-10-12T08:24:00+00:00,SNPP,NIGHT,AUTUMN,0,1,1,1,1440,CLDMSK_L2_VIIRS_SNPP.A2024286.0824.002.2026034110812.nc
2024-10-12T07:12:00+00:00,NOAA20,NIGHT,AUTUMN,0,0,1,1,720,CLDMSK_L2_VIIRS_NOAA20.A2024286.0712.002.2025236030854.nc
2024-10-12T06:24:00+00:00,NOAA21,NIGHT,AUTUMN,0,1,1,0,1440,CLDMSK_L2_VIIRS_NOAA21.A2024286.0624.001.2024286191155.nc
2024-10-12T08:06:00+00:00,NOAA21,NIGHT,AUTUMN,0,1,1,1,360,CLDMSK_L2_VIIRS_NOAA21.A2024286.0806.001.2024286191151.nc
2025-07-01T06:36:00+00:00,SNPP,NIGHT,SUMMER,0,1,1,0,1440,CLDMSK_L2_VIIRS_SNPP.A2025182.0636.002.2026034191142.nc
2025-07-01T08:18:00+00:00,SNPP,NIGHT,SUMMER,0,0,0,1,1080,CLDMSK_L2_VIIRS_SNPP.A2025182.0818.002.2026034191157.nc
2025-07-01T07:00:00+00:00,NOAA20,NIGHT,SUMMER,0,1,1,0,0,CLDMSK_L2_VIIRS_NOAA20.A2025182.0700.001.2025182192958.nc
2025-07-01T06:12:00+00:00,NOAA21,NIGHT,SUMMER,0,0,0,1,720,CLDMSK_L2_VIIRS_NOAA21.A2025182.0612.001.2025182193122.nc
2025-07-01T07:48:00+00:00,NOAA21,NIGHT,SUMMER,0,0,0,1,720,CLDMSK_L2_VIIRS_NOAA21.A2025182.0748.001.2025182193147.nc
2025-07-01T07:54:00+00:00,NOAA21,NIGHT,SUMMER,0,0,0,1,360,CLDMSK_L2_VIIRS_NOAA21.A2025182.0754.001.2025182193136.nc
2020-10-28T06:42:00+00:00,SNPP,NIGHT,AUTUMN,1,0,0,0,180,CLDMSK_L2_VIIRS_SNPP.A2020302.0642.002.2026032133248.nc
2020-10-28T08:24:00+00:00,SNPP,NIGHT,AUTUMN,1,0,0,0,1440,CLDMSK_L2_VIIRS_SNPP.A2020302.0824.002.2026032133234.nc
2020-10-28T07:30:00+00:00,NOAA20,NIGHT,AUTUMN,1,0,0,0,1800,CLDMSK_L2_VIIRS_NOAA20.A2020302.0730.001.2020302214111.nc
2021-08-30T06:06:00+00:00,SNPP,NIGHT,SUMMER,1,0,0,0,360,CLDMSK_L2_VIIRS_SNPP.A2021242.0606.002.2026032233940.nc
2021-08-30T07:42:00+00:00,SNPP,NIGHT,SUMMER,1,0,0,0,1080,CLDMSK_L2_VIIRS_SNPP.A2021242.0742.002.2026032233948.nc
2021-08-30T06:54:00+00:00,NOAA20,NIGHT,SUMMER,1,0,0,0,360,CLDMSK_L2_VIIRS_NOAA20.A2021242.0654.001.2021242193229.nc
2020-09-26T06:42:00+00:00,SNPP,NIGHT,AUTUMN,0,1,1,1,1080,CLDMSK_L2_VIIRS_SNPP.A2020270.0642.002.2026032123249.nc
2020-09-26T08:24:00+00:00,SNPP,NIGHT,AUTUMN,0,1,1,1,1440,CLDMSK_L2_VIIRS_SNPP.A2020270.0824.002.2026032123259.nc
2020-09-26T07:30:00+00:00,NOAA20,NIGHT,AUTUMN,0,1,1,1,1800,CLDMSK_L2_VIIRS_NOAA20.A2020270.0730.001.2020294132707.nc
2021-05-31T06:12:00+00:00,SNPP,NIGHT,SPRING,1,0,1,1,720,CLDMSK_L2_VIIRS_SNPP.A2021151.0612.002.2026032205434.nc
2021-05-31T07:48:00+00:00,SNPP,NIGHT,SPRING,1,1,1,1,720,CLDMSK_L2_VIIRS_SNPP.A2021151.0748.002.2026032205445.nc
2021-05-31T07:00:00+00:00,NOAA20,NIGHT,SPRING,1,1,1,1,0,CLDMSK_L2_VIIRS_NOAA20.A2021151.0700.001.2021151193024.nc
2025-12-13T06:48:00+00:00,SNPP,NIGHT,WINTER,1,0,0,0,720,CLDMSK_L2_VIIRS_SNPP.A2025347.0648.002.2026063200303.nc
2025-12-13T08:24:00+00:00,SNPP,NIGHT,WINTER,1,1,0,0,1440,CLDMSK_L2_VIIRS_SNPP.A2025347.0824.002.2026063200307.nc
2025-12-13T07:06:00+00:00,NOAA20,NIGHT,WINTER,1,0,0,0,360,CLDMSK_L2_VIIRS_NOAA20.A2025347.0706.001.2025347192022.nc
2025-12-13T06:18:00+00:00,NOAA21,NIGHT,WINTER,0,0,0,0,1080,CLDMSK_L2_VIIRS_NOAA21.A2025347.0618.001.2025347191404.nc
2025-12-13T08:00:00+00:00,NOAA21,NIGHT,WINTER,1,0,0,0,0,CLDMSK_L2_VIIRS_NOAA21.A2025347.0800.001.2025347191453.nc
2023-04-22T06:54:00+00:00,SNPP,NIGHT,SPRING,0,0,0,0,360,CLDMSK_L2_VIIRS_SNPP.A2023112.0654.002.2026033183303.nc
2023-04-22T08:36:00+00:00,SNPP,NIGHT,SPRING,0,0,0,0,1440,CLDMSK_L2_VIIRS_SNPP.A2023112.0836.002.2026033183315.nc
2023-04-22T06:06:00+00:00,NOAA20,NIGHT,SPRING,0,0,0,0,360,CLDMSK_L2_VIIRS_NOAA20.A2023112.0606.001.2023233204244.nc
2023-04-22T07:42:00+00:00,NOAA20,NIGHT,SPRING,0,0,0,0,1080,CLDMSK_L2_VIIRS_NOAA20.A2023112.0742.001.2023233204319.nc
2023-04-22T06:30:00+00:00,NOAA21,NIGHT,SPRING,0,0,0,0,1800,CLDMSK_L2_VIIRS_NOAA21.A2023112.0630.001.2024130184409.nc
2023-04-22T08:06:00+00:00,NOAA21,NIGHT,SPRING,0,0,0,0,360,CLDMSK_L2_VIIRS_NOAA21.A2023112.0806.001.2024130184408.nc
2024-10-28T06:48:00+00:00,SNPP,NIGHT,AUTUMN,0,0,0,0,720,CLDMSK_L2_VIIRS_SNPP.A2024302.0648.002.2026034113729.nc
2024-10-28T08:30:00+00:00,SNPP,NIGHT,AUTUMN,0,0,0,0,1500,CLDMSK_L2_VIIRS_SNPP.A2024302.0830.002.2026034113721.nc
2024-10-28T07:12:00+00:00,NOAA20,NIGHT,AUTUMN,0,0,0,0,720,CLDMSK_L2_VIIRS_NOAA20.A2024302.0712.002.2025236035307.nc
2024-10-28T06:24:00+00:00,NOAA21,NIGHT,AUTUMN,0,0,0,0,1440,CLDMSK_L2_VIIRS_NOAA21.A2024302.0624.001.2024302191717.nc
2024-10-28T08:06:00+00:00,NOAA21,NIGHT,AUTUMN,0,0,0,0,360,CLDMSK_L2_VIIRS_NOAA21.A2024302.0806.001.2024302191721.nc
2022-05-30T07:24:00+00:00,SNPP,NIGHT,SPRING,0,0,0,0,1440,CLDMSK_L2_VIIRS_SNPP.A2022150.0724.002.2026033075939.nc
2022-05-30T06:36:00+00:00,NOAA20,NIGHT,SPRING,0,0,0,0,1440,CLDMSK_L2_VIIRS_NOAA20.A2022150.0636.001.2022150194436.nc
2022-05-30T08:18:00+00:00,NOAA20,NIGHT,SPRING,0,0,0,0,120,CLDMSK_L2_VIIRS_NOAA20.A2022150.0818.001.2022150194424.nc
2024-10-27T07:06:00+00:00,SNPP,NIGHT,AUTUMN,0,1,1,1,360,CLDMSK_L2_VIIRS_SNPP.A2024301.0706.002.2026034113534.nc
2024-10-27T07:30:00+00:00,NOAA20,NIGHT,AUTUMN,0,1,1,1,1800,CLDMSK_L2_VIIRS_NOAA20.A2024301.0730.002.2025236034741.nc
2024-10-27T06:42:00+00:00,NOAA21,NIGHT,AUTUMN,0,1,1,1,1080,CLDMSK_L2_VIIRS_NOAA21.A2024301.0642.001.2024301191633.nc
2024-10-27T08:24:00+00:00,NOAA21,NIGHT,AUTUMN,0,1,1,1,1440,CLDMSK_L2_VIIRS_NOAA21.A2024301.0824.001.2024301191642.nc
2022-07-24T06:54:00+00:00,SNPP,NIGHT,SUMMER,0,0,0,0,360,CLDMSK_L2_VIIRS_SNPP.A2022205.0654.002.2026033094041.nc
2022-07-24T08:36:00+00:00,SNPP,NIGHT,SUMMER,0,0,0,0,1440,CLDMSK_L2_VIIRS_SNPP.A2022205.0836.002.2026033094052.nc
2022-07-24T06:06:00+00:00,NOAA20,NIGHT,SUMMER,0,0,0,1,360,CLDMSK_L2_VIIRS_NOAA20.A2022205.0606.001.2022215163414.nc
2022-07-24T07:42:00+00:00,NOAA20,NIGHT,SUMMER,0,0,0,0,1080,CLDMSK_L2_VIIRS_NOAA20.A2022205.0742.001.2022215163358.nc
2024-08-21T06:24:00+00:00,SNPP,NIGHT,SUMMER,1,1,0,1,1440,CLDMSK_L2_VIIRS_SNPP.A2024234.0624.002.2026034093218.nc
2024-08-21T08:06:00+00:00,SNPP,NIGHT,SUMMER,1,1,0,1,360,CLDMSK_L2_VIIRS_SNPP.A2024234.0806.002.2026034093225.nc
2024-08-21T06:48:00+00:00,NOAA20,NIGHT,SUMMER,1,1,1,1,720,CLDMSK_L2_VIIRS_NOAA20.A2024234.0648.002.2025236002447.nc
2024-08-21T08:30:00+00:00,NOAA20,NIGHT,SUMMER,1,0,0,1,1800,CLDMSK_L2_VIIRS_NOAA20.A2024234.0830.002.2025236002542.nc
